# B covariance for SGC
# Constant shot noise subtracted
# 
1.034328933535540707e+21 1.358186498897890509e+20 5.838081096427225907e+19 -8.027692207666592768e+18 3.299590637407982387e+19 1.958660561103082291e+19 -3.665936765638127616e+18 2.701278406700499763e+19 2.054802867912827136e+18 -6.488588253440855040e+17 4.631196424936242176e+18 -3.635268292106975232e+18 1.191787422086722765e+19 -2.368466253453836288e+18 -1.705699308484434176e+18 2.816366693872105882e+19 -4.586541264847658240e+17 2.489033145456733696e+18 -5.720126288461781120e+17 9.505741883773036544e+18 -2.667023214540362240e+18 -3.922580247358192640e+17 -1.394034248294147072e+18 1.095113340040194867e+19 -2.930932803473491200e+17 3.438615993545769600e+17 1.330981956389634048e+18 2.650184608972403917e+19 -2.744188606950084096e+18 -1.168786109861729536e+18 7.733160136559132160e+17 4.301980288118029440e+17 -3.677580297124184576e+18 1.711719264253605888e+18 8.930650118503311360e+18 -2.436939529760300544e+18 -1.452168029765139968e+18 1.982642716653259520e+17 1.216597030305758822e+19 -5.194441929538269440e+17 -1.770071350075756800e+18 -1.227512838133463296e+18 -1.664005974854566912e+18 2.886215138196770406e+19 3.123275114794242560e+17 -1.784587535076216320e+18 -3.660705309005186560e+17 -7.443769649655610880e+17 2.859680969030433920e+17 -3.280439851202646528e+18 5.318890154117325824e+18 -1.821580930708163584e+18 3.290095145638989440e+17 5.288779985774679040e+18 -2.634014116226672640e+18 -2.057085350449530624e+18 1.091031230793400800e+17 -4.406602160079283840e+17 1.144607310221418496e+19 5.588164440482956800e+17 3.574654810654353920e+17 4.305279172892544000e+17 -1.021985772043274400e+16 -3.951355788546449920e+17 2.955887944441593446e+19 2.195878910727324928e+18 4.231613897040696800e+16 -3.617736087217558400e+17 -1.935700548070036160e+17 1.877925162287724160e+17 1.660771871456353792e+18 -1.896006166612416768e+18 -8.047956240317049600e+16 -1.107808023749500109e+19 -9.025161514523307520e+17 8.330060682942148800e+16 -7.692287864092903680e+17 1.047676096297465037e+19 1.117615831246793216e+18 -2.943457601360415360e+17 -3.371628128987967360e+17 -1.092978285345285760e+18 -3.056229639750148480e+17 1.210460873314973286e+19 8.825638276860573440e+17 -6.293204907524697600e+17 2.788596501515443200e+17 -4.392432224683870720e+17 -2.895024779912618240e+17 8.010200729207205120e+17 2.486187108037455872e+19 1.240038632881058720e+17 -2.021493442416138560e+17 7.294447454959200000e+16 -2.537594558880656640e+17 1.297090460331917600e+17 3.680121690982232320e+17 8.942790360290896640e+17
1.358186498897890509e+20 2.701381408129614479e+20 3.789411903512442470e+19 3.649486748253661184e+18 1.070068002369809121e+20 1.635179344629538406e+19 -1.366655629687321856e+18 1.371108612717419725e+19 -3.401928510643811200e+17 -2.618267310324079616e+18 6.233184673212771840e+17 -1.262491960609779680e+17 1.019248509899721114e+19 9.236011341234624000e+17 1.438793444881227520e+18 1.010530951598701978e+19 5.576169609930132800e+16 5.660675435917687040e+17 1.135099033327872128e+18 1.368972668550944563e+19 1.007146976265889587e+19 -1.533567903077661440e+17 2.858653216910932800e+17 9.483240144707379200e+18 3.312114896844866560e+17 4.978800056905557760e+17 1.011129589465434368e+18 9.646984915945510912e+18 1.302338800393230592e+18 -3.587809219214503680e+17 6.555472074834501120e+17 1.628516742578763264e+18 6.943818202243003392e+18 1.186669597408971776e+18 9.430793433591355392e+18 4.806837132784515840e+17 3.427955099251701120e+17 6.742216088366178560e+17 8.669113187806557184e+18 8.237002581797240320e+17 -7.223783479355367680e+17 4.730484027273436800e+16 7.553089368884034560e+17 9.224992708433401856e+18 7.886082524964865280e+17 -4.410365244136295680e+17 1.184066538392182560e+17 -1.405246773082593120e+17 3.949005744188328320e+17 7.405698737334763520e+18 1.104181163873579008e+18 -6.662357511461615360e+17 4.283717775446865280e+17 1.719378117137203456e+18 6.900571280406176000e+17 -3.987201534202321280e+17 5.384347936071232000e+16 4.130303250811174400e+17 9.756999446862987264e+18 6.162584764702364160e+17 6.250307249873700000e+16 3.822660324411988480e+17 4.210004185375480320e+17 3.949015761272972800e+16 1.005244936004712858e+19 6.111551788449216000e+17 -4.562943968023473600e+16 6.878969724061564160e+17 6.460226861194094080e+17 1.438255858554103200e+17 1.039726974982772320e+17 2.965348123792031744e+18 2.402527162203224000e+17 9.854532770110728960e+17 3.360105141364325760e+17 7.273589900944682240e+17 3.149605492107373440e+17 1.410320947986592358e+19 2.500544976102305200e+16 6.003615615273911040e+17 2.708835747408418400e+16 -2.260924397273866560e+17 -2.830513880150924480e+17 1.007076513825317683e+19 4.946112194730664320e+17 5.120411840962963840e+17 4.454662916974425600e+17 1.160398481063251360e+17 -3.999131099399006400e+16 4.695423790925263360e+17 8.244862172544397312e+18 -1.509304780681992640e+17 -2.534959566429608960e+17 1.186967198001680800e+17 1.704835011510237200e+16 2.268247245137210880e+17 1.369244567065346720e+17 2.748459901263967680e+17
5.838081096427225907e+19 3.789411903512442470e+19 8.488901058486994534e+19 1.157944587933880115e+19 -4.885884489434086400e+18 1.656508659915661517e+19 5.568671318668987520e+17 1.495160536421909914e+19 8.226612340781075200e+16 6.869492592447008000e+17 -5.063787289223549952e+18 8.121951184244423680e+17 7.121981129117894656e+18 3.729768332561372160e+17 -1.202613100136554240e+18 1.316825431788937421e+19 -4.489293642159200000e+17 1.336338766726580320e+17 5.009048396708478080e+17 3.653626302321559552e+18 -2.637553459209313792e+18 4.772410480552247040e+17 -3.515899063717950080e+17 5.804635889988749312e+18 -1.574353665609696320e+17 -1.322837540952315680e+17 1.571407049075330240e+17 1.195325490638266982e+19 -1.244674752589518880e+17 -1.844076885139936320e+17 1.071063927502476960e+17 7.173615167401399040e+17 1.627766235783151616e+18 4.554186268373435520e+17 8.207638043666686720e+17 -4.928699925437986400e+16 -1.285754233917456960e+17 6.873472316453663200e+16 5.568592365665497088e+18 1.184553476881661440e+17 -3.523064420792151040e+17 -1.977668761633425600e+17 1.777905737089912320e+17 1.273462942105698918e+19 1.510528464955253440e+17 -3.463916278767326080e+17 -4.853254685378700800e+17 -2.615042288637997440e+17 -3.088493764304612480e+17 -4.053251640755401728e+18 -1.841313162862733056e+18 -2.467383949605741120e+17 1.449142575067916480e+17 1.574232465344536064e+18 4.205265561956942400e+16 -7.741457658887712000e+16 5.244330502585297600e+16 7.524873526113824000e+16 4.654724486989910016e+18 2.715719827463702080e+17 -2.275228055075408320e+17 5.365961303233204800e+16 1.726922670671458240e+17 7.850409690468204800e+16 1.241236445106370560e+19 -8.134675093481440000e+16 1.378135306856163360e+17 3.859925724351149440e+17 -6.593369437689111200e+16 1.626664964365891400e+16 -5.765487973676400800e+16 -1.924970276856286976e+18 3.981688873405512960e+17 -1.416259196269977856e+18 -5.546415566793549600e+16 1.455186489950747840e+17 -2.209723703536776960e+17 2.014165506586832896e+18 4.816043691190728960e+17 1.227071728882546720e+17 -2.145987118499606000e+16 -2.297221036300370880e+17 -1.561770637786790720e+17 5.002994829580982272e+18 3.388079171525754240e+17 -8.971196405959046400e+16 1.781961259364866560e+17 -1.086508731971311680e+17 -1.478973283579198720e+17 3.092091672374819600e+16 1.145092308719906202e+19 -2.787681515067086400e+16 -7.161266358939433600e+16 -2.296272359458163520e+17 -2.078216479290602560e+17 -1.482014281025319360e+17 3.676406414201745600e+16 -1.848638484081654000e+16
-8.027692207666592768e+18 3.649486748253661184e+18 1.157944587933880115e+19 8.709298111824481485e+19 -7.181106628447621120e+18 3.657027406583857152e+18 9.329377221765892096e+18 2.357582341250468352e+18 1.448799608426173184e+18 3.704062649110286720e+17 2.705255268145883136e+18 2.496270867538107392e+18 4.612839378143994880e+17 8.113474684956147200e+17 1.140752805144290400e+17 -4.985398276691552000e+17 6.426401111886232320e+17 -1.077920739917911040e+18 -5.309369772776601600e+17 -9.405276375811121152e+18 -2.595776062225978880e+18 1.652784615866992320e+17 -1.033026902953006400e+17 -1.859392012239914240e+17 8.023435131335784960e+17 -3.778396510513217600e+16 -3.745582278564833280e+17 -3.983670196010483200e+16 8.581919799052446720e+17 3.597942766067276160e+17 2.014538880687188800e+17 1.301632313686959200e+17 3.801688165961550848e+18 -3.445495733694933120e+17 -2.559477235611618304e+18 1.423534957097919232e+18 -3.839980533918860800e+16 -3.542177502435732480e+17 1.243228318310014500e+15 5.808657495006767360e+17 2.335942778862438080e+17 -4.085398593452390400e+16 -4.017485275531287680e+17 3.910340995369214720e+17 7.242140920790300160e+17 -1.022490128244465440e+17 1.588105127166353000e+16 -3.144860567818388400e+16 -9.732934680852747200e+16 -3.367005147520733696e+18 3.867027149895078912e+18 -1.302180585885742880e+17 5.640783260314359680e+17 -1.422545505799103488e+18 5.780917264523614720e+17 -3.332333658756286720e+17 -1.537197335723679040e+17 -2.354717606508317760e+17 8.287527715896998400e+17 1.141865786553780992e+18 -1.106785275465820640e+17 -2.019437075334943360e+17 2.649481775987784800e+16 -1.752916229022544640e+17 4.267594530064631680e+17 1.334518917617278976e+18 1.212407387629831200e+17 -3.222686490043703680e+17 -3.329506619130106880e+17 -1.818878463913667520e+17 -2.782561835156221120e+17 -1.050748209625305728e+18 -1.996487057906259520e+17 2.350191135122232320e+18 -3.002256534643844000e+15 -1.213495213088581280e+17 4.688685563151574400e+16 6.514970363206228480e+17 1.010983063307062272e+18 5.131787634363658400e+16 7.163408184020402400e+16 -1.650384601452373120e+17 -5.280658560426596000e+16 -1.678885116391791360e+17 8.757116296496907520e+17 2.503054697942199600e+16 -7.496344497080262400e+16 -1.275322798167328160e+17 8.500915318168684800e+16 -1.864636290641458560e+17 -7.251539355716491520e+17 9.436746976717660160e+17 1.590533825812837760e+17 -1.250340820267128480e+17 -1.554035264709453120e+17 2.054132601861451600e+16 1.180982766181726800e+16 5.148762668715284800e+16
3.299590637407982387e+19 1.070068002369809121e+20 -4.885884489434086400e+18 -7.181106628447621120e+18 2.391328723874800468e+21 3.664328722585851085e+19 4.031941692351693824e+18 1.149106986506241229e+19 5.055908481665298432e+18 -3.799060164283536896e+18 3.821237963918410547e+19 -5.335121070990393600e+17 -4.611279103836160512e+18 7.004280136822866944e+18 2.110863919930093824e+18 -2.332287916748532736e+18 3.813156590683044864e+18 -8.348693928871230720e+17 -2.188517285155890944e+18 7.718300266674593792e+19 4.675803030346033562e+19 7.242564262249466880e+18 -2.918308522063620096e+18 3.280290069553275904e+18 1.171895397384916224e+18 -1.979264812507948800e+18 -1.860009153113139712e+18 -8.399030197594563840e+17 -1.441492862799411456e+18 -4.197522414386443776e+18 -8.523012226242830080e+17 1.839811868242896128e+18 2.264903130629233869e+19 -1.566810785432509696e+18 1.253076935130282598e+19 7.152105080817300480e+17 -7.918945288414250240e+17 9.142551330495962880e+17 9.891774824526823680e+17 2.357222998212910080e+17 6.807230587370097920e+17 -2.474030112346364800e+17 1.412851107220032768e+18 -1.146190502515007872e+18 -6.451249110577056000e+16 6.549076293856787200e+16 4.312011249837482240e+17 5.716385545184588160e+17 -4.498965620384769920e+17 3.096892133656541184e+18 -1.765856465411260160e+18 5.791468703659215360e+17 6.151169974533737600e+16 -7.158365837612286976e+18 -7.447687606880776000e+16 1.332888858104269568e+18 -9.091502843544279040e+17 -5.571417031148289920e+17 2.162124749386838400e+17 1.168410967523213920e+17 1.058784454473013120e+18 4.234556510893494400e+17 5.663618855440263680e+17 3.123313875551957120e+17 3.925829715075294080e+17 -5.923046737718507520e+17 -3.178238825936043520e+17 -7.570073105258150400e+17 -1.300573684301530880e+18 -1.726141932365339904e+18 -1.642812530671830400e+17 1.778980984840414618e+19 2.850991877245008384e+18 -3.367798091470324736e+18 7.780616267471818240e+17 -4.907322978539114880e+17 -1.640217824867774720e+17 -4.371449173541680128e+18 2.263521720336250112e+18 2.030855722312279040e+18 -1.117352400282484224e+18 2.283272746119099200e+17 -8.638441341382540800e+17 3.527549836064312832e+18 -2.332788335853184000e+18 3.563328921531590400e+17 -9.078690031040552000e+16 -6.729423504650385920e+17 -1.415654372360706048e+18 4.539029329900287000e+15 2.327546817955759616e+18 -2.406888770863419904e+18 1.174089822574251840e+17 2.154728332397103872e+18 -1.173877314398245632e+18 -5.123671224735569920e+17 2.253872321686370240e+17 3.958117976853831040e+17
1.958660561103082291e+19 1.635179344629538406e+19 1.656508659915661517e+19 3.657027406583857152e+18 3.664328722585851085e+19 4.147263120475919974e+19 4.009505142994731520e+18 1.208146543458277581e+19 1.151457328355591040e+18 1.534770914119605400e+16 6.956379962477798400e+18 1.456872434701162240e+18 5.293959544115054592e+18 4.154081517726816000e+17 4.553849098135515520e+17 6.315776288347646976e+18 4.874136891106496800e+16 -1.396166201629763200e+17 -3.481981215836442880e+17 -8.609139581139658240e+17 3.379629416883229696e+18 -2.853824002670401600e+17 -5.543167956005741440e+17 3.823506640680306688e+18 9.436432380408987200e+16 -3.121775575323238400e+16 5.102248812389104800e+16 4.818226837002056704e+18 5.354865757785219840e+17 -6.015552776297580000e+16 6.807386314901897600e+16 3.657897598531876875e+14 -5.092472281203196160e+17 -4.066822270766233600e+17 2.413818246254457856e+18 2.521247353064933440e+17 -1.549948683938786200e+16 2.340340811894228800e+17 3.051491491840579072e+18 -7.923977195961361600e+16 -4.948832497109776000e+16 1.186601351059367000e+16 1.333784401735442400e+17 4.937948800134725632e+18 2.988812164590199680e+17 2.505712198071190080e+17 -4.651888116496733600e+16 -1.511890103076912000e+17 -5.912969437930122240e+17 1.075461562522952704e+18 1.921588915489358080e+18 -1.027523576280171200e+17 1.976621501999171200e+17 1.070314390614983936e+18 -1.307797525623800640e+17 1.364566351765214720e+17 3.399298571208920000e+16 1.086784611877052320e+17 3.379471218527144960e+18 2.985928983850277120e+17 9.735490953970280000e+16 1.878926431355766720e+17 1.128706765875913120e+17 -1.528208957813424000e+16 4.475521162499123712e+18 2.570233897200871360e+17 1.017547101202802080e+17 2.206815094479865280e+17 -1.781784103655228800e+17 -1.071060490024606880e+17 -2.455425035556566720e+17 3.806081735966700800e+17 4.383356983239147520e+17 1.610656958388840448e+18 3.408012083306278400e+17 2.778691670340228160e+17 6.497541420353045600e+16 2.403167872334688256e+18 3.428260475265570560e+17 2.828198468312590400e+17 1.756567018478833400e+16 -1.614145375159760640e+17 -8.225210261420676800e+16 3.349065491100509184e+18 4.047818124751768800e+16 -9.586857140369865600e+16 1.523835104027780480e+17 1.210536515886705440e+17 -1.814980395402841920e+17 -1.070664848497980640e+17 4.417870405396200960e+18 -8.692642579375539200e+16 1.808710654678232640e+17 5.685148346318924800e+16 5.843735538909240800e+16 -1.371488764766566400e+16 -1.350097525215479520e+17 -3.341000664894883600e+16
-3.665936765638127616e+18 -1.366655629687321856e+18 5.568671318668987520e+17 9.329377221765892096e+18 4.031941692351693824e+18 4.009505142994731520e+18 1.868803489534384947e+19 -3.899619432755691200e+16 3.150825813077189632e+18 4.376550885548807040e+17 3.816189708433486336e+18 3.492889276652856832e+18 2.812231049911496000e+17 1.186147451193967360e+18 -2.200384793921570800e+16 -2.016841780160115712e+18 6.108563529888529920e+17 -1.877653213390755840e+17 -3.528476459099419520e+17 -5.504156066967923712e+18 -4.445189277337937280e+17 4.122530645464022400e+17 2.837780100025042880e+17 -2.924635736931117440e+17 6.620061712713370880e+17 1.183197192112092000e+17 -1.733650873320547200e+17 -1.048280540734699776e+18 8.022293087427397120e+17 1.904729353045090560e+17 -1.600419967782117440e+17 -3.219386477489788160e+17 2.906896943928337280e+17 -9.709866578055260800e+16 -2.620234684101574144e+18 5.811766512077446400e+17 1.445779025409450240e+17 2.307474442378862000e+15 -4.489681758285880320e+17 5.736301504574291840e+17 2.864196530734981120e+17 -3.882059198134100800e+16 -4.437600588973356800e+16 -8.565753049546470400e+17 8.685979486227406080e+17 1.307231872185940640e+17 -3.806794920768580800e+16 -1.157936175260490400e+17 -2.359904536296077200e+16 1.435120224077668352e+18 1.891965263842783744e+18 2.542124265721246400e+17 1.332699956749396800e+16 2.053849979375700224e+18 6.635959740607714560e+17 2.405634167861384320e+17 2.892144807298134400e+16 -7.429951415080171200e+16 3.799800075838707200e+17 8.110598071283578880e+17 1.703631104359515200e+17 -4.220840277453646400e+16 -6.421932541570905600e+16 -5.724828270682640000e+16 -6.837099517866722560e+17 8.173453397788732160e+17 1.134599387704320800e+17 -1.684538273278584800e+16 -1.018989482227336480e+17 -4.080519587798120000e+16 1.713923448962713600e+16 -4.449519037729609600e+17 -1.615289959275781120e+17 -4.842675380779426560e+17 9.520695058501060800e+16 4.079234334517866400e+16 6.336528988783904000e+16 2.818577551076107840e+17 6.506239865931586560e+17 2.508002253556320320e+17 1.017279037160332400e+16 -7.204614744838614400e+16 -1.526126846666526800e+16 -4.136654516013102720e+17 6.477967385780440320e+17 3.962578441762679200e+16 6.807037204397370400e+16 -3.264306335708279200e+16 -4.328983726988171200e+16 -5.692776918082029600e+16 -5.074125237090911360e+17 6.960326486437849600e+17 1.278161952674851360e+17 -7.501968954907172800e+16 -9.504101987273001600e+16 -7.026056459652849600e+16 4.154618953114528500e+15 -1.826790017957247200e+16
2.701278406700499763e+19 1.371108612717419725e+19 1.495160536421909914e+19 2.357582341250468352e+18 1.149106986506241229e+19 1.208146543458277581e+19 -3.899619432755691200e+16 3.507359691070968627e+19 2.194864066640484864e+18 8.367608219866855680e+17 7.257164169355643904e+18 9.667593714552216320e+17 7.552051108966006784e+18 -1.537904881516652160e+17 5.022997276309696640e+17 1.232828700922783334e+19 -4.296548194294392320e+17 1.755114831184867200e+17 -4.704109689495031040e+17 5.793563214085917440e+17 -3.303561664452695552e+18 -2.401671116046787840e+17 -2.301910859888170560e+17 4.380136720443968512e+18 -5.316457596688446080e+17 1.388446900345028640e+17 1.964237581380618880e+17 1.025712276452052582e+19 -4.052677130099552640e+17 -3.525439031010604160e+17 -2.823148986268386880e+17 2.937186943003575680e+17 8.451190203677736000e+15 1.166228447596212992e+18 -3.228796537217499520e+17 -3.034532222171772800e+17 2.123704061601912000e+17 -1.991456447121258880e+17 3.362553618441454080e+18 -5.859065165238918400e+17 -2.706158112180085760e+17 -7.984839011443219200e+16 1.462681965367439040e+17 1.038542606869277491e+19 -4.922083830102215680e+17 -2.316373568405708800e+16 1.771352441472364200e+16 2.233611413784806800e+16 2.000494935415848320e+17 6.877337336903727360e+17 -3.785332144899408640e+17 9.844796935014865600e+16 8.831237502692067200e+16 1.062134535453060736e+18 -3.249112498982796160e+17 1.484654925729282400e+16 -1.577034201750223200e+16 -2.456578730966028000e+16 3.957729748359476736e+18 -1.654503977854484480e+17 2.523621598390626560e+17 6.556120561755525600e+16 1.228892271319349600e+17 1.394057814609929120e+17 9.931369832001931264e+18 -3.656254610098958720e+17 9.721270521248824000e+16 2.191807201100491200e+16 1.010634044748037920e+17 5.771380646829300800e+16 -9.837899896240520000e+16 4.002541749445267840e+17 3.081176705172330880e+17 8.894671343245136640e+17 -5.001881836908768000e+16 3.092650021842525600e+16 -1.083516972749114000e+16 1.092285168233828608e+18 -6.734099937419055200e+16 2.040195737751959680e+17 1.059332302471333440e+17 1.138217392126469120e+17 -3.375431603547526800e+16 3.957934896000255488e+18 -2.841303743038902080e+17 1.889765127624027200e+16 8.405828167906867200e+16 9.151503560785372800e+16 7.322426612166178000e+15 2.351487174214498000e+16 9.807114526766977024e+18 -1.827032679416824960e+17 -1.652729343928659000e+16 9.948147866939939200e+16 6.539325318471353600e+16 1.836231528566108000e+16 1.098259415342889120e+17 8.219307020928169600e+16
2.054802867912827136e+18 -3.401928510643811200e+17 8.226612340781075200e+16 1.448799608426173184e+18 5.055908481665298432e+18 1.151457328355591040e+18 3.150825813077189632e+18 2.194864066640484864e+18 1.132321956661345485e+19 2.311807305608614400e+18 -1.686950803467459584e+18 6.846460842487150080e+17 4.384399771647016960e+17 1.606935607038014720e+18 4.225979210948582400e+17 -3.800403834696919040e+17 3.765495861462976000e+17 -1.959200284941316800e+16 -4.030646331983223680e+17 2.108832649718278912e+18 -2.262172228673162752e+18 8.416609955394233600e+17 1.172773061668145760e+17 8.174885966182227200e+17 2.932374070857075200e+17 1.294745468927761920e+17 -5.049541547566748000e+16 -2.261638852436870400e+17 1.470393898143835840e+17 1.288930228076336000e+17 -1.809839858062144250e+15 4.408818930850585500e+15 -7.342284621204743680e+17 2.728108365617830080e+17 2.386550116376215552e+18 -2.026466971814871360e+17 2.995592029552051840e+17 1.082770422238217760e+17 -2.400892266184227840e+17 2.819791037567928000e+17 1.285208205136975840e+17 -4.237257071578571200e+16 -3.436334464594640800e+16 -2.257007431513932160e+17 2.372152846393802240e+17 1.860976550544003520e+17 -1.003617816214107600e+16 -3.367563229990419200e+16 -1.351991681612807520e+17 2.702927055562147520e+17 -4.668826266364603200e+16 1.414478054366430240e+17 1.449162609435301760e+17 1.708917296765090304e+18 1.867884520763488320e+17 2.305483973861408640e+17 6.477088867311600000e+14 -2.324448875114553600e+16 5.373930660299368320e+17 2.311107987975160000e+17 1.332365633396247360e+17 -2.020210124889347600e+16 -9.913792532415110400e+16 -1.101086142139159040e+17 -3.553085549817720320e+17 3.003385880946227200e+17 1.969104945881643200e+17 6.769042782507664800e+16 -1.282092097739940640e+17 -1.272259129974501600e+16 7.808491353672659200e+16 -4.444607116722635520e+17 -4.808731777649298400e+16 -5.658904355297948800e+17 -1.241656960626150400e+17 -6.040007646756962400e+16 5.910881501353448800e+16 1.414564079844352640e+17 1.910331420778310080e+17 2.018218330424701120e+17 -1.432371163081353250e+15 -3.846514830770839200e+16 -4.040537888686149600e+16 2.514968857648105920e+17 2.113938373418835200e+17 2.097155208042687680e+17 -5.010354483477759200e+16 -1.411535256557449440e+17 -2.393522588033898000e+16 -9.175613087411185600e+16 2.085055116824868800e+16 1.583287125290425920e+17 1.711745374051374080e+17 4.159058840313335200e+16 -4.552314398609029600e+16 4.855939344185909600e+16 -5.668267096134140000e+16 1.103814290521302400e+17
-6.488588253440855040e+17 -2.618267310324079616e+18 6.869492592447008000e+17 3.704062649110286720e+17 -3.799060164283536896e+18 1.534770914119605400e+16 4.376550885548807040e+17 8.367608219866855680e+17 2.311807305608614400e+18 1.962692971125644902e+19 1.370791023645547520e+18 -1.490264566472946944e+18 2.156943809154966080e+17 3.482540866881364480e+17 1.622204145620188160e+18 -9.112691724892766400e+16 -3.758367767456545920e+17 8.993273054438286080e+17 7.159953403907056640e+17 -2.220680953387767296e+18 -3.408178810880102912e+18 6.732510712807609600e+17 4.939531699683297280e+17 -4.521585017195011200e+17 6.916307518485307200e+16 2.644008093849714240e+17 -5.815790672466650000e+15 -8.844191572008339200e+17 -1.665789991938482560e+17 2.215260044294716480e+17 -1.373997034947590080e+17 3.968992849262825600e+17 -1.795259114640925440e+18 1.774860518066922240e+17 -3.075725020928761344e+18 3.658654746972779520e+17 2.760288663756705280e+17 1.002060145938951800e+16 1.548007833082368640e+17 -1.263627644670827200e+17 3.557720799185372800e+17 1.771234032653720960e+17 2.393554156355608320e+17 -3.341632805627078000e+16 -1.338808518030006080e+17 4.648377450551709440e+17 -9.134318297179388800e+16 1.689093499572496640e+17 -2.088703691790766800e+16 2.684353213899175936e+18 1.284493432024716480e+17 3.207264419747573760e+17 -1.224714317836938560e+17 2.009311626571385600e+17 5.980699008761447200e+16 5.042269049317736320e+17 1.425029999332551040e+17 5.682180856848740800e+16 3.672605277738906240e+17 -2.941331903212042240e+17 2.608374139440076160e+17 7.615164087879668800e+16 -6.335409460155506000e+15 1.204296815095711840e+17 1.401004480136427200e+17 -1.123651529085149440e+17 3.046175670833953920e+17 1.121913437337042080e+17 -7.782963941810660800e+16 1.039327367724410240e+17 3.707286755031492000e+16 -9.216081977366010880e+17 9.439675337425982400e+16 6.272052275182434560e+17 6.338754711175058400e+16 3.910795783159275200e+16 -2.452256990265544000e+16 6.056681937675070720e+17 -8.521291921191441600e+16 8.272051085226750400e+16 -2.834090883206988800e+16 5.545696200517426400e+16 2.160188918231810000e+16 8.787912088976793600e+16 -2.503127934262238720e+17 2.955719189020640000e+17 -1.061077032417811000e+16 -2.600245678982675600e+16 5.527655885403318400e+16 -7.539063982662206400e+16 -4.959967692416519200e+16 -2.003470991705728960e+17 6.049328377096356800e+16 -6.369008687910424800e+16 -7.142579704998034400e+16 7.318811452541854400e+16 -5.703327952663366400e+16 4.446611390670178400e+16
4.631196424936242176e+18 6.233184673212771840e+17 -5.063787289223549952e+18 2.705255268145883136e+18 3.821237963918410547e+19 6.956379962477798400e+18 3.816189708433486336e+18 7.257164169355643904e+18 -1.686950803467459584e+18 1.370791023645547520e+18 4.231633415167072010e+20 6.105457113273344000e+18 6.015273713809457152e+18 1.121762520098674304e+18 2.771164189399677440e+18 -1.113051248563557504e+18 1.290046314240044800e+18 4.302522014325130880e+17 -1.592265143356263040e+17 9.169648593880830976e+18 -3.117663288763971072e+18 -7.205854537998604800e+17 5.190559112967054720e+17 2.586161763633311232e+18 1.460762905781085120e+17 2.169153193953960960e+17 -3.774578078655584640e+17 -1.985143825484095680e+17 -1.408815326269213120e+17 -3.357658160352021120e+17 -3.332629906606538880e+17 -8.152464702180263680e+17 9.963869651288309760e+18 2.004281362364302400e+17 -5.130320904494031872e+18 6.196379554448076800e+17 6.197817015010886400e+17 6.621379562286801600e+16 2.285782845383672320e+18 -5.738163946286780800e+17 -5.271447361763930880e+17 5.171837331784067840e+17 1.335884004294489440e+17 -7.219983660497377280e+17 -1.053225901672963072e+18 8.714590785741935360e+17 4.756013580809992960e+17 -8.399031577420535040e+17 3.465629750777349760e+17 -4.086017196420816896e+18 3.822894132932899840e+18 -5.190863939399793280e+17 1.234958969440681760e+17 9.056214222230871040e+18 7.412156079386630400e+17 5.920817686725992960e+17 -2.678502299315142720e+17 -9.823468447863137280e+17 -4.873573017182710400e+17 9.533111872119473920e+17 1.191299384255208192e+18 -2.154423104048385280e+17 -8.515094633941863680e+17 -8.909267819469800960e+17 -1.439123970071878400e+18 1.296214374479365440e+17 5.357878985459909120e+17 2.388289665658302720e+17 -2.233269871025137200e+16 1.343398969038697440e+17 -1.342587492182788750e+15 1.620972742235081472e+18 -3.028994311416899200e+17 1.481271517845051136e+18 1.349468904691777280e+18 -2.970937435109184640e+17 -1.895281551775120640e+17 5.611460058774594560e+18 6.724084372874672640e+17 4.787836501810890240e+17 3.376755053247204480e+17 5.597889015870587520e+17 -2.541548341731914240e+17 1.368466039285286912e+18 -1.554943482925135680e+17 6.323448704473976320e+17 2.305101339785864640e+17 5.956120033928323840e+17 6.709874432642272000e+15 -3.504827600744424000e+16 -2.133036466238425856e+18 5.031086713330616320e+17 9.305423272629185280e+17 -1.015164159360541760e+17 9.924534909563141120e+17 2.602454533978483840e+17 3.606892798436200320e+17 -2.163649142801552320e+17
-3.635268292106975232e+18 -1.262491960609779680e+17 8.121951184244423680e+17 2.496270867538107392e+18 -5.335121070990393600e+17 1.456872434701162240e+18 3.492889276652856832e+18 9.667593714552216320e+17 6.846460842487150080e+17 -1.490264566472946944e+18 6.105457113273344000e+18 2.673976831282092442e+19 2.985919672641218560e+17 2.275250450035755264e+18 1.486815588526197440e+17 -2.702736291700262720e+17 8.407278173869007360e+17 -1.475078066076236250e+15 2.404943213560630720e+17 6.068339476950281216e+18 -5.218732504619717632e+18 5.832407212206702080e+17 -9.350766548583856000e+16 2.152843775993184640e+17 7.182798782048976640e+17 2.398573756236546880e+17 1.646426947292009920e+17 7.453687471363995200e+16 3.529723878185037440e+17 2.453107340241323840e+17 -1.210573126941972480e+17 4.117314958014737280e+17 2.004508241474178560e+17 -1.753771563324990720e+17 -2.890029931912775680e+18 9.576454183763198720e+17 8.965211808505336000e+16 7.125299433520426000e+15 6.523951970199581440e+17 4.377751357922880640e+17 -1.780850162002670800e+16 8.885142224110736000e+16 1.488881112800244800e+17 -2.397917636692456640e+17 8.101560357819820800e+17 1.098948130298688000e+17 -2.228392856690799680e+17 9.065693435772907200e+16 1.186607158334149440e+17 5.348964787119353600e+17 6.740727091345975040e+17 -3.379566849052816000e+17 8.267072870603667200e+16 2.763674963555271168e+18 7.157410503586717440e+17 1.072980507673680960e+17 9.788721522519097600e+16 1.866101414220123200e+17 6.731614902937210400e+16 7.010685460266909440e+17 6.372796245335434400e+16 -2.966112309043652800e+16 -1.951412511132854000e+16 1.332733881134144800e+17 8.089316389667652000e+15 6.254452558377286400e+17 7.242335507436921600e+16 -1.674886371675733760e+17 -1.835818682422413760e+17 -5.852022307400516800e+16 6.636347347120935200e+16 -4.869728502730468480e+17 -2.102370916617836800e+17 -3.574656909569427200e+17 -5.558798639478529600e+16 1.197278929357578240e+17 -3.138248735072627200e+16 -2.604519182150052000e+15 9.940359067279559680e+17 1.837889657029582800e+16 -9.276416017753796800e+16 4.743721619299437600e+16 1.968546776001451200e+17 -2.665518796027848000e+16 5.726017358428765440e+17 6.970043640923230400e+16 5.901843821531353000e+15 8.745387273582163000e+15 4.107971837199223200e+16 4.267616977955561600e+16 1.472051705730477440e+17 6.601618911323852800e+17 2.126135518897471040e+17 -4.439807897925215200e+16 1.322211673944311520e+17 3.738044140117579200e+16 5.907546965202168000e+16 -6.453858067193512800e+16
1.191787422086722765e+19 1.019248509899721114e+19 7.121981129117894656e+18 4.612839378143994880e+17 -4.611279103836160512e+18 5.293959544115054592e+18 2.812231049911496000e+17 7.552051108966006784e+18 4.384399771647016960e+17 2.156943809154966080e+17 6.015273713809457152e+18 2.985919672641218560e+17 1.809281200301759898e+19 6.849080799569009920e+17 6.526550644908133120e+17 6.792076489287717888e+18 5.330562881174693760e+17 2.556264927182065280e+17 -2.127095535206586240e+17 -1.926004400869145088e+18 4.161862374662812160e+18 3.634445100031092480e+17 5.467182344314884480e+17 3.445603992960966656e+18 -1.402754449163065600e+17 2.228247420993073600e+17 3.387968047194750080e+17 4.081404906104891904e+18 1.917851336871169600e+17 -2.437058539164340400e+16 1.273959501915464800e+17 -1.040428137933830560e+17 1.797662993302968832e+18 7.230710414101235200e+17 -1.259738343593393120e+17 -1.653831739752408000e+17 3.245754233911411200e+17 2.145818628226204800e+17 3.246191279108301312e+18 -4.155513286939511680e+17 -7.969921932590828800e+16 -4.393181899638380000e+16 -3.639168473212132800e+16 3.929762915696964608e+18 -3.390350270013740800e+17 2.007797185523179200e+17 1.532711408370856640e+17 4.742406088554415200e+16 6.179976042417989600e+16 6.431511692058239000e+15 -3.323069146458951040e+17 7.051258724256060800e+16 -7.377683807554201600e+16 2.358956053649454080e+18 -1.616122996969448960e+17 1.656843213200658240e+17 2.884315038735850880e+17 1.439877474410768160e+17 3.237629524550763520e+18 -1.915796438686162800e+16 2.547955505496580800e+17 2.286500247887977920e+17 4.818333609692101600e+16 -4.611948887782848000e+16 4.199349080616426496e+18 3.445531319441783200e+16 3.733250495882264000e+16 2.476065300084036800e+17 2.225490065582186800e+16 3.175002055403665600e+16 3.917950475312534400e+16 1.277525603915172000e+16 2.510703852645551040e+17 -2.169959393752150080e+17 1.753196326242461440e+17 1.203696552363791040e+17 -8.864524570494054400e+16 1.307443801958114560e+18 -2.856024793821020480e+17 2.152582181853434240e+17 1.162690595791944640e+17 -1.486722749508698600e+16 -1.386668722244154000e+16 3.072496176687400960e+18 -7.427690394399025600e+16 -1.500287236484160200e+16 7.337845649717635200e+16 5.157310263166188800e+16 6.037463833287260000e+16 -1.072457103844071400e+16 3.870538819756641792e+18 1.506474499585937600e+16 3.850389204713668800e+16 8.385665619711576000e+16 4.650054556405445600e+16 8.251482131350780800e+16 1.317433536450896320e+17 1.480331979574448320e+17
-2.368466253453836288e+18 9.236011341234624000e+17 3.729768332561372160e+17 8.113474684956147200e+17 7.004280136822866944e+18 4.154081517726816000e+17 1.186147451193967360e+18 -1.537904881516652160e+17 1.606935607038014720e+18 3.482540866881364480e+17 1.121762520098674304e+18 2.275250450035755264e+18 6.849080799569009920e+17 3.671029618990584320e+18 7.097250618159921920e+17 -1.428344494716928160e+17 1.068500899682245760e+18 2.797809421504304000e+17 1.778434446287522560e+17 7.666588317215147520e+17 1.425521815890593120e+17 9.254159805148101120e+17 1.830705367769939840e+17 1.524619631548862000e+16 3.727785750489663360e+17 1.779765470925852480e+17 5.053846405171384800e+16 -1.818558271558900800e+17 3.775686944237367680e+17 2.183846499351087040e+17 -6.341761659961012000e+15 -1.480812673388545600e+17 9.343383341115895040e+17 2.858971519602967360e+17 -2.889398751750090880e+17 4.375590510971232640e+17 9.295201290125884800e+16 6.810197113517244000e+15 -1.527439206958725760e+17 3.541696211433584000e+17 7.308104909020393600e+16 3.196366909050470400e+16 5.997458068349950400e+16 -4.606167727734836480e+17 2.797849329342454400e+17 9.206139631645928000e+16 -2.137955772338222400e+16 -1.569495111010877800e+16 1.035371091257366200e+16 2.636609466764106880e+17 2.850795422915445440e+17 1.232977983488305280e+17 1.561751789992112640e+17 4.115176062036576000e+17 2.414990387617429120e+17 6.902216756949736000e+16 1.132870672221751840e+17 2.517745619378561200e+16 -6.779499709898632800e+16 3.427641642413219840e+17 6.401313430579275200e+16 7.773310848797715200e+16 1.798154281114425000e+16 5.369690272964828800e+16 -3.482680830733636480e+17 2.818854086624881920e+17 6.472648914376969600e+16 5.429627655674766400e+16 1.782018716670421400e+16 4.847677406707150000e+15 2.936546295749651600e+16 -5.212451768148513920e+17 2.003862595159756000e+16 -4.775387343485217280e+17 2.397844317036661760e+17 4.033264109003270400e+16 4.294016053985387500e+15 9.409586598627123200e+16 2.439134688410885120e+17 1.204705555941149760e+17 3.678126142430565600e+16 2.708957663447953600e+16 -1.906543593730367200e+16 -3.580397017978014400e+16 2.662922939701515840e+17 1.098883752755281120e+17 2.862664220761167200e+16 -2.097289499312659600e+16 -1.630297692858380750e+15 -9.664967717070962000e+15 -3.082368732924974080e+17 2.613895537797772480e+17 8.615503589896115200e+16 -2.575966442574310400e+16 1.410794364697204200e+16 -4.538138425704025000e+15 1.167517186140560600e+16 5.631242094578304000e+16
-1.705699308484434176e+18 1.438793444881227520e+18 -1.202613100136554240e+18 1.140752805144290400e+17 2.110863919930093824e+18 4.553849098135515520e+17 -2.200384793921570800e+16 5.022997276309696640e+17 4.225979210948582400e+17 1.622204145620188160e+18 2.771164189399677440e+18 1.486815588526197440e+17 6.526550644908133120e+17 7.097250618159921920e+17 4.043402449934614016e+18 9.572447406458886400e+16 4.375435005658074880e+17 8.664544024120691200e+17 4.972875284387025280e+17 1.197626965059910656e+18 3.794885433762050560e+17 5.129808008123093120e+17 5.662362782879247360e+17 -1.876217279743318400e+17 2.856383986941333600e+16 3.449251901744380160e+17 4.224360300441131200e+16 -3.032918470553239040e+17 1.779216999387874880e+17 1.657250864964628160e+17 7.964586686555078400e+16 8.214504167678292800e+16 -3.985889656803604480e+17 3.853707568545461760e+17 1.553519799530827200e+17 1.861979236792892800e+17 2.790784050398933440e+17 1.213511090944700960e+17 -5.333295695638989600e+16 6.333358281414050400e+16 2.058140896838410240e+17 1.103713124416220000e+17 1.914538110452831680e+17 -1.828134627650940160e+17 1.216025963600580320e+17 1.928061061060612480e+17 1.938224650178840000e+16 8.164672269502704000e+16 9.247545418902217600e+16 1.344540838185890816e+18 5.990945725589081600e+17 2.430360787419658240e+17 5.758778743125066400e+16 5.773564549549642240e+17 1.926014071211047360e+17 1.906748281438237120e+17 5.314813391451192000e+16 -1.069724221037155000e+16 -6.758995837080290400e+16 3.989028718112922400e+16 1.870861073206893760e+17 8.044273811949155200e+16 3.027612527774566000e+16 3.327080613707588000e+16 -1.551651617740224000e+17 1.020738977806897200e+16 1.605326997603218560e+17 1.256035373510246000e+16 4.123687215729138400e+16 1.715564489573453200e+16 -6.258426976023008000e+15 1.645787702636301760e+17 1.506165734899973440e+17 5.982698023886785280e+17 1.682232868417731200e+17 5.094143170780661600e+16 -2.392068907286812400e+16 2.670492286959100800e+17 6.116414905394788800e+16 1.848673577819877760e+17 1.160475749666568000e+17 1.664800019412076200e+16 -3.885518515854936800e+16 1.084557057718779520e+17 5.679996710582953000e+15 1.736362996913846400e+17 4.356358972758959200e+16 1.891861094883152400e+16 2.345243922837203200e+16 -1.421300773514402000e+16 -3.052102833968291840e+17 -6.340783898508026000e+15 1.864593941950766400e+17 1.443056042792920640e+17 5.305225612730259000e+15 5.138554417621248000e+15 6.417025894002029600e+16 5.801972035787594400e+16
2.816366693872105882e+19 1.010530951598701978e+19 1.316825431788937421e+19 -4.985398276691552000e+17 -2.332287916748532736e+18 6.315776288347646976e+18 -2.016841780160115712e+18 1.232828700922783334e+19 -3.800403834696919040e+17 -9.112691724892766400e+16 -1.113051248563557504e+18 -2.702736291700262720e+17 6.792076489287717888e+18 -1.428344494716928160e+17 9.572447406458886400e+16 2.145455264388359373e+19 8.487213248675978240e+17 3.140984694244798720e+17 1.329171446219940160e+17 4.942098740356366336e+18 -1.390249775863968512e+18 -2.169448037776282880e+17 -6.333808698644072800e+16 5.606276401431599104e+18 -1.753889824248037440e+17 1.321734186816257440e+17 1.159186447122246560e+17 1.040786222405739315e+19 -4.289877660642408960e+17 -3.219097040984736000e+17 1.689863751711837760e+17 2.442595421370122560e+17 1.715534701308551680e+18 6.694497871490081280e+17 -1.984796838181219072e+18 -2.800569622141904960e+17 1.238967821813718880e+17 1.908315030841231680e+17 4.027782436438411776e+18 -5.049777231496364160e+17 -1.477545919524250240e+17 2.040242707220601000e+15 3.285928282280866000e+16 1.052582390106676838e+19 -4.425396685983198720e+17 -5.155749499006522400e+16 1.129787179599143520e+17 -7.341505222036368000e+16 1.356586351837667520e+17 -1.250686912755937536e+18 -9.492763000117579520e+17 4.422868907347481600e+16 2.673084834973993000e+15 -1.100257160770718848e+18 -4.819731845646144000e+17 -8.912113261777064000e+16 1.365998917942110240e+17 1.063929246903987200e+17 3.964032629018945536e+18 -2.919937376679486720e+17 7.772280621535790400e+16 1.921168004847555520e+17 1.394658788972457400e+16 -1.138054437330081280e+17 9.725663765213284352e+18 -2.276144183369717760e+17 -5.366734077948783200e+16 2.102661298609666560e+17 1.175515275436056500e+15 -6.192609785668082400e+16 5.193245151503631200e+16 1.081715158585867136e+18 1.451990466952119680e+17 5.815382686356641280e+17 -1.501174607714703000e+16 5.495961961059853600e+16 -3.741883115406336800e+16 4.660353118134692480e+17 -1.755153260677797760e+17 1.229101785524306400e+17 1.704343900387506560e+17 -2.121997846902572400e+16 -3.229937034156090800e+16 3.854047799821419520e+18 -4.530502515285319040e+17 -1.637803423237049600e+17 4.545942578925076800e+16 3.106016469643038400e+16 3.050521904284783600e+16 2.269296586708885600e+16 9.510697312074381312e+18 -5.333296598505508480e+17 -1.417881120453840000e+16 1.026896752614576000e+17 -7.676361626048036800e+16 -3.064665394224587200e+16 1.525271840517511800e+16 2.487972291366369200e+16
-4.586541264847658240e+17 5.576169609930132800e+16 -4.489293642159200000e+17 6.426401111886232320e+17 3.813156590683044864e+18 4.874136891106496800e+16 6.108563529888529920e+17 -4.296548194294392320e+17 3.765495861462976000e+17 -3.758367767456545920e+17 1.290046314240044800e+18 8.407278173869007360e+17 5.330562881174693760e+17 1.068500899682245760e+18 4.375435005658074880e+17 8.487213248675978240e+17 4.806748570719700992e+18 5.920054856359673600e+17 7.199704611721259520e+17 2.115116164879248896e+18 -4.565873868874430080e+17 6.201860805426842880e+17 -1.342247489497810720e+17 8.984217807587674000e+15 7.835882291602167040e+17 2.327292626884465280e+17 1.900934601935694400e+17 -9.785132202001203200e+16 4.639945885182337280e+17 2.001212007226643200e+17 1.194300513982297760e+17 -5.951253381120120000e+16 9.141436217081566720e+17 7.954556794590113600e+16 9.945893106808481280e+17 3.840963988011251200e+17 9.685998748626948000e+15 1.852600246079710400e+17 -2.965357039086376000e+16 2.532444046411358720e+17 3.035121761119976000e+15 4.915222011736697600e+16 1.881786652319684800e+16 -1.936611061583320000e+17 3.172117200032172160e+17 -1.258045100704139680e+17 7.404737110795972800e+16 -1.910770514723999200e+16 7.483577867442574400e+16 3.828492339674166400e+17 4.370437325477522560e+17 -4.197065650801759200e+16 1.257559032171009920e+17 -5.121092957008129920e+17 1.931460586044588480e+17 -8.959963710915785600e+16 6.996965125260480800e+16 -1.641970193147589800e+16 3.474944662001096000e+15 3.212194986659677440e+17 2.497530408797902500e+15 1.050234137966431680e+17 -4.936142213747515200e+16 -3.872465604984363200e+16 -3.674304470502549120e+17 3.302507454087914880e+17 7.770059507462145000e+14 1.006974891959292000e+16 -2.467194172296252800e+16 -6.850242242384011200e+16 -4.934065367060232800e+16 2.721814270948048000e+17 5.360174326342864000e+16 -4.855483837009157120e+17 5.664150922597215000e+15 4.213638119894948800e+16 8.129179616570695000e+15 9.908858487123280000e+16 1.691964175326380160e+17 7.543281373729172800e+16 4.203697053230916000e+16 -1.164339136333040750e+15 -4.017642353631006400e+16 -2.429535541451489920e+17 3.267793478236155520e+17 8.180254523468382400e+16 6.692053635407549600e+16 2.148471093560639600e+16 -6.512471909567843750e+14 -2.280238479378847200e+16 -3.878949610808766080e+17 3.429520447094407680e+17 -2.006314097277546000e+16 7.036036086867022400e+16 1.280869586091953000e+16 -3.104492851102570000e+16 -2.478708681171899600e+16 -3.566992089209703200e+16
2.489033145456733696e+18 5.660675435917687040e+17 1.336338766726580320e+17 -1.077920739917911040e+18 -8.348693928871230720e+17 -1.396166201629763200e+17 -1.877653213390755840e+17 1.755114831184867200e+17 -1.959200284941316800e+16 8.993273054438286080e+17 4.302522014325130880e+17 -1.475078066076236250e+15 2.556264927182065280e+17 2.797809421504304000e+17 8.664544024120691200e+17 3.140984694244798720e+17 5.920054856359673600e+17 2.803854462646272000e+18 9.852181170858745600e+17 2.507101091491184128e+18 4.372310282163410400e+16 3.999056217516972800e+17 2.851816913973170880e+17 1.383980737849906880e+17 7.831096204465204800e+16 3.292115497895427200e+17 1.937295237264978240e+17 9.479291864729987200e+16 5.448916771848680000e+16 1.334043165432471360e+17 2.006877828059549440e+17 8.591510826749513600e+16 1.701245760310981120e+17 1.778997571615597120e+17 -1.103408875697142144e+18 2.173140797667833600e+17 1.286809783232999360e+17 2.084229284465128640e+17 2.041175779150592960e+17 -5.520553710426475200e+16 3.825709939033819200e+16 1.025391590239872640e+17 4.868484916455957600e+16 -1.117374621246957280e+17 -1.379949109575244160e+17 1.058603179475666240e+17 8.862580757710374400e+16 4.261117633556877600e+16 9.675497677955772800e+16 4.739074540100216320e+17 4.603095858433384960e+17 1.582779543883080640e+17 1.807106557557069760e+17 3.965932800828433600e+16 4.199095959473978000e+15 4.914944009192900000e+16 6.468984897867255200e+16 2.049190274074290000e+16 1.428287885881450500e+15 -3.470902428291890000e+15 1.237040618556128000e+17 1.031367051213635840e+17 1.658459777863452800e+16 2.800945926519840400e+16 1.068779352328639200e+17 -9.273336593364963200e+16 6.176011800724192000e+16 4.630447366832072800e+16 -2.685239763645777600e+16 1.336184249631395600e+16 -6.142148860853889000e+15 -4.882975701243173600e+16 1.790415207355734400e+17 1.248394272626786560e+17 -2.322160576423418800e+16 4.282268888672845600e+16 -2.808303396443575600e+16 2.679494875979120000e+17 -2.613327947078375200e+16 5.401002274985828000e+16 8.946929143396857600e+16 -7.152445854960218000e+15 -4.138422567689510400e+16 6.606224613957924000e+16 -1.822891026921866400e+16 6.326993396544315200e+16 6.665638011944292800e+16 -8.596447447011824000e+15 -7.190134985891157000e+15 -9.156755130520394000e+15 1.135506413448045440e+17 1.060478812313726200e+16 2.583683766484338800e+16 6.910381792642328000e+16 6.105120426266484800e+16 -2.007184462731845600e+16 -1.102409447058347400e+16 9.838188486293526000e+15
-5.720126288461781120e+17 1.135099033327872128e+18 5.009048396708478080e+17 -5.309369772776601600e+17 -2.188517285155890944e+18 -3.481981215836442880e+17 -3.528476459099419520e+17 -4.704109689495031040e+17 -4.030646331983223680e+17 7.159953403907056640e+17 -1.592265143356263040e+17 2.404943213560630720e+17 -2.127095535206586240e+17 1.778434446287522560e+17 4.972875284387025280e+17 1.329171446219940160e+17 7.199704611721259520e+17 9.852181170858745600e+17 6.472630494455676928e+18 1.759382120941959680e+18 1.412461178120224000e+18 4.222504486662194560e+17 1.504446060156663680e+17 3.098976921669382000e+16 2.042453380765215680e+17 1.136572046727381280e+17 5.381050710249120640e+17 3.110263710742666800e+16 -3.910217750160563200e+16 4.518433522916828000e+16 1.901584772616938240e+17 7.423458143307153600e+16 8.321370786466387200e+17 1.135401017096047520e+17 -2.135870193701708800e+18 2.249495530411209920e+17 2.010108399241530880e+17 3.946728057577481600e+17 -2.589037199397567360e+17 -7.458290929216780800e+16 1.209301300256193120e+17 1.587734176668322560e+17 7.053095895850030400e+16 -7.293365348293128000e+16 -1.421648324476779680e+17 1.872739508597066560e+17 2.303018780206199360e+17 1.209315198492255040e+17 1.772854563415705920e+17 2.713704639811099200e+16 -7.013492501024381440e+17 1.740380453645252480e+17 4.128236575362412800e+17 -3.931608231252955520e+17 1.165366264879400480e+17 7.010247184209418400e+16 1.543516798265305280e+17 8.180921274478083200e+16 -3.748573347533178880e+17 7.414006150363302400e+16 4.343702586902397600e+16 1.606385327978452480e+17 9.543091251593294400e+16 7.434325509016785600e+16 -1.388315660067245600e+17 -3.190349595917164400e+16 -5.145192165168794400e+16 1.247171443915681920e+17 3.747685291557419200e+16 6.657730077448750400e+16 4.346079464012233600e+16 3.120178640337912320e+17 2.809067540966414080e+17 5.282118368386834400e+16 1.599929828426645120e+17 1.868669974716123200e+17 6.146510182598310400e+16 -4.159811340774310400e+17 -7.611333797077465600e+16 7.535040001194001600e+16 1.196114442576683840e+17 4.867421265650400000e+16 6.457867053272560000e+16 -1.864573769480033920e+17 -6.411681324803986400e+16 4.352261503606825600e+16 1.406822653677012960e+17 5.558634922408552000e+16 1.071609028847793200e+16 -3.073852600873656000e+16 -3.929679820565566080e+17 -5.097289011704204000e+16 1.104499365343850400e+17 1.285678442440483520e+17 -4.953373677742763000e+15 -2.614537957114484000e+16 -2.483025091722725200e+16 6.570799875041246400e+16
9.505741883773036544e+18 1.368972668550944563e+19 3.653626302321559552e+18 -9.405276375811121152e+18 7.718300266674593792e+19 -8.609139581139658240e+17 -5.504156066967923712e+18 5.793563214085917440e+17 2.108832649718278912e+18 -2.220680953387767296e+18 9.169648593880830976e+18 6.068339476950281216e+18 -1.926004400869145088e+18 7.666588317215147520e+17 1.197626965059910656e+18 4.942098740356366336e+18 2.115116164879248896e+18 2.507101091491184128e+18 1.759382120941959680e+18 3.753015427496032338e+20 -6.084032691622232064e+18 4.321509124164866560e+18 -4.482048958570819200e+17 4.488230548037108224e+18 1.977660622648576640e+17 8.962528628262269440e+17 1.515018016820204480e+17 1.794906945439662592e+18 -1.935484953408958720e+18 -3.114493914649680640e+17 1.521927811612708352e+18 1.271932531475795840e+17 -2.866471192029490176e+18 -1.726998089068835328e+18 -1.111483833019407360e+19 -1.263654233708304200e+16 8.638166438264963840e+17 -1.809589267532171200e+17 2.239598257629193472e+18 7.917037469701135360e+17 2.440768382509819520e+17 1.880017371901100160e+17 -1.725306501960973440e+17 1.422017290208779008e+18 -6.641151617412494080e+17 3.611642142630736000e+16 1.381455589288930048e+18 -5.468368321799309440e+17 1.714464147327042800e+16 -3.948512358597041664e+18 -7.641800541074220800e+17 -2.446853055124353600e+17 1.156218218390588672e+18 -1.139098632780408192e+18 -8.716254801240168000e+16 -4.522950111029091200e+17 1.082810422547995840e+17 3.161367130821367040e+17 5.481507014619472640e+17 -1.078283968681007104e+18 -3.344225442141788160e+17 5.017686232444771200e+17 -2.251880587792986240e+17 -1.004414905329946240e+17 3.825046578775713280e+17 -1.420037312264091392e+18 1.903288121423863040e+17 6.504294960652528800e+16 -2.748102587858251520e+17 1.144005648878060320e+17 4.048095736198247680e+17 2.157488477623170048e+18 8.041630294938276800e+16 -2.136501333196919552e+18 1.796171049852561280e+17 1.122549958459211040e+17 -5.019746229199187840e+17 -6.561874024203346944e+18 4.441219262148324480e+17 1.381756459973369600e+17 2.848471749693551360e+17 -4.620104446618755840e+17 4.566508639856465280e+17 1.695535823933639168e+18 8.899018506147739200e+16 5.256186247299516800e+17 5.982322273930620160e+17 9.222910433562250000e+15 2.342364023005211840e+17 5.544383383564738560e+17 1.508093596418123264e+18 2.780330525211914560e+17 7.133176378337743200e+16 1.496611506212820800e+17 4.081899029695666400e+16 1.127551250245095840e+17 4.918026056966629120e+17 3.385780846856289280e+17
-2.667023214540362240e+18 1.007146976265889587e+19 -2.637553459209313792e+18 -2.595776062225978880e+18 4.675803030346033562e+19 3.379629416883229696e+18 -4.445189277337937280e+17 -3.303561664452695552e+18 -2.262172228673162752e+18 -3.408178810880102912e+18 -3.117663288763971072e+18 -5.218732504619717632e+18 4.161862374662812160e+18 1.425521815890593120e+17 3.794885433762050560e+17 -1.390249775863968512e+18 -4.565873868874430080e+17 4.372310282163410400e+16 1.412461178120224000e+18 -6.084032691622232064e+18 2.042707556519359939e+20 3.195117771344615936e+18 6.188521038220062720e+17 4.897176887317406720e+18 9.484659253911302400e+17 -4.036967680864605440e+17 -5.588975238518974720e+17 -1.009636296808257024e+18 2.262414881709274624e+18 1.053612022683249792e+18 -6.781341005153527200e+16 -1.368062380574175232e+18 8.456189305185193984e+18 -3.622129005635485440e+17 4.679913897199510528e+18 -6.939453247000392960e+17 -2.703905803742161280e+17 -3.980481088083550720e+17 -3.551037242350533760e+17 4.644972491444542720e+17 -2.376374569731994560e+17 -5.019036570860100480e+17 7.890555536314326400e+16 -3.208202987290455040e+18 -6.809376477585602560e+17 3.886244154079987200e+17 3.094605013661937280e+17 2.520091147650462720e+17 4.278869749636449920e+17 -1.791123474362421248e+18 -2.132265361714888704e+18 -3.787368930733414400e+17 -9.567724827147131200e+16 2.712152874998578176e+18 8.099561392235193600e+17 -4.539236040243359360e+17 -5.003130428628787200e+16 -5.886514765369044800e+16 -1.154643766571409664e+18 -3.225137115699340800e+17 1.459728302103997440e+17 -6.401949437011430400e+16 -2.781917038906107520e+17 -5.883466323374668800e+17 -3.017317670157931008e+18 3.679736029517584000e+16 1.708509317958335360e+17 4.821027950772975360e+17 2.759380439196640960e+17 -3.519342549003383040e+17 -8.608661258654945280e+17 1.713793067801795840e+17 4.768195156426450560e+17 -1.210469983138306560e+18 7.538563564690117120e+17 1.231745693393905600e+17 -3.928166282445070720e+17 2.418633871335467008e+18 1.279198858462466560e+17 3.038080639104458880e+17 -8.127926567214376000e+16 -2.683357944201233200e+16 -2.617782879129139520e+17 -7.357854453255887360e+17 -4.233492867028659840e+17 1.257779145010408640e+17 4.120273418166920000e+16 -2.492195649065044800e+17 -6.925359645346052800e+16 -2.554920459430819520e+17 -2.583638769509583360e+18 -1.667803782010495680e+17 1.347829797304905120e+17 1.074328804908361920e+17 -7.242274197421006400e+16 4.349352191219290400e+16 1.880196275322678720e+17 1.448456764326015360e+17
-3.922580247358192640e+17 -1.533567903077661440e+17 4.772410480552247040e+17 1.652784615866992320e+17 7.242564262249466880e+18 -2.853824002670401600e+17 4.122530645464022400e+17 -2.401671116046787840e+17 8.416609955394233600e+17 6.732510712807609600e+17 -7.205854537998604800e+17 5.832407212206702080e+17 3.634445100031092480e+17 9.254159805148101120e+17 5.129808008123093120e+17 -2.169448037776282880e+17 6.201860805426842880e+17 3.999056217516972800e+17 4.222504486662194560e+17 4.321509124164866560e+18 3.195117771344615936e+18 5.848416160384048128e+18 1.044808492639961216e+18 3.991576813474083200e+17 6.015692406488623360e+17 3.120885044743793280e+17 3.203903248215976960e+17 -6.937453278426942400e+16 2.508473576849860480e+17 3.672143301670241280e+17 2.212281366419454400e+17 1.375392953273790240e+17 2.483504197895618560e+18 5.432356600387502720e+17 -3.174197326358074240e+17 3.275248207744485120e+17 2.370052794770864640e+17 2.031500321791716480e+17 1.890094924168743040e+17 1.704083386167511040e+17 2.325324174941848960e+17 9.754816629196731200e+16 1.158763093543404960e+17 -5.453246211562517760e+17 1.587135257895452800e+17 2.461812762355069440e+17 3.956027809286409600e+16 3.226590287497168800e+16 9.479524887669516000e+15 6.947799570184977920e+17 4.307663150527258880e+17 4.061851412221636000e+16 1.431198943529273120e+17 7.526636864932590080e+17 2.252061240293859840e+17 1.442863633923718400e+17 1.416620454468775520e+17 1.079384991165665760e+17 -2.306433925065090880e+17 3.983854906301542400e+16 1.630320636288146560e+17 2.571253439381298000e+16 1.709523513839210500e+15 -1.766946783122052200e+16 -3.078297403132944640e+17 9.863089723809038400e+16 1.766754894238003500e+15 5.480971682052510400e+16 9.110171498840974000e+15 7.045334644299995200e+16 -5.824107183699013600e+16 -1.146213929718190469e+14 6.750410376956980800e+16 -1.717672574974265280e+17 1.983400932635550080e+17 1.649717120988620480e+17 9.650641122115448000e+16 -2.006447113526095040e+17 -1.135472073818063800e+16 9.579603469872510400e+16 3.479229630035015600e+16 4.108663444587468800e+16 5.018019042029827200e+16 1.260405176533632400e+16 1.187420100267181600e+17 1.196181274378490080e+17 4.979116778516921600e+16 9.516949237400594000e+15 1.435733803011402000e+16 -4.331307290134051200e+16 -3.344606221728164480e+17 3.964917404616818400e+16 1.470516902410426240e+17 6.399446430158152800e+16 -2.561051393749369062e+14 -3.246122313848949600e+16 -1.478261156683630500e+15 -8.209908550806032000e+16
-1.394034248294147072e+18 2.858653216910932800e+17 -3.515899063717950080e+17 -1.033026902953006400e+17 -2.918308522063620096e+18 -5.543167956005741440e+17 2.837780100025042880e+17 -2.301910859888170560e+17 1.172773061668145760e+17 4.939531699683297280e+17 5.190559112967054720e+17 -9.350766548583856000e+16 5.467182344314884480e+17 1.830705367769939840e+17 5.662362782879247360e+17 -6.333808698644072800e+16 -1.342247489497810720e+17 2.851816913973170880e+17 1.504446060156663680e+17 -4.482048958570819200e+17 6.188521038220062720e+17 1.044808492639961216e+18 3.630144536093279744e+18 -3.274389385146715520e+17 5.156279021885924800e+16 5.506141811250419200e+17 1.297346241705769120e+17 -1.566982859817115840e+17 7.661339340925555200e+16 2.528920409588913280e+17 5.189297343701982400e+16 9.025247968270214400e+16 -1.199661199497308000e+17 8.504268502561230080e+17 -1.539290447935129088e+18 7.459401690666190400e+16 3.433542682787927040e+17 1.803469399029061440e+17 -1.780442627617024960e+17 3.993221975421115200e+16 1.779955160808527360e+17 -3.807461324934610400e+16 7.666531908263134400e+16 -2.336007301611102400e+17 -3.822328513629768000e+16 2.029474211736074880e+17 5.882498699917059200e+16 5.658982371468278400e+16 2.330738951462704000e+16 4.583596003184444160e+17 -2.835270411475495040e+17 2.541671181744984640e+17 8.451097677075523200e+16 1.966319074122104000e+17 1.678348981189821760e+17 3.121447157173529600e+17 1.076338072675108320e+17 -2.137542359359918500e+15 -2.125985531403139520e+17 9.427409863880974000e+15 2.265360049967029440e+17 -1.335433952698903800e+16 2.016713795964005600e+16 7.266733068468297000e+15 -2.790659869075672000e+17 -2.818281277216142000e+16 1.350247485380997600e+17 -3.168899649330393200e+16 7.086489750851940000e+16 6.072181892445876000e+16 -1.025173480895714080e+17 -5.276821005836554880e+17 5.150836310842567200e+16 2.903822232784520625e+14 2.631581450048300160e+17 1.005406059308183840e+17 4.793466031127012800e+16 7.649663827196977600e+16 -1.531020611654378600e+16 1.363731371144933440e+17 2.149228418522249200e+16 4.515538426259823200e+16 4.826701197933467200e+16 -2.046039860346514400e+16 -4.889659622056275200e+16 1.872346915318423680e+17 -3.870962822187226400e+16 7.064055819885795200e+16 2.504659166983449600e+16 -2.672369044014452400e+16 -3.233826550745539200e+17 -1.209316883042615040e+17 7.668861934558224000e+16 -1.819675514959385200e+16 1.025235595841765625e+15 -8.928542767313994000e+15 8.341860714917541016e+12 1.768917459639411000e+16
1.095113340040194867e+19 9.483240144707379200e+18 5.804635889988749312e+18 -1.859392012239914240e+17 3.280290069553275904e+18 3.823506640680306688e+18 -2.924635736931117440e+17 4.380136720443968512e+18 8.174885966182227200e+17 -4.521585017195011200e+17 2.586161763633311232e+18 2.152843775993184640e+17 3.445603992960966656e+18 1.524619631548862000e+16 -1.876217279743318400e+17 5.606276401431599104e+18 8.984217807587674000e+15 1.383980737849906880e+17 3.098976921669382000e+16 4.488230548037108224e+18 4.897176887317406720e+18 3.991576813474083200e+17 -3.274389385146715520e+17 1.044134778285411328e+19 4.025056666521932160e+17 -8.592549133825004000e+15 6.961657790958019200e+16 5.083414757112527872e+18 1.158222092510068000e+17 1.278337857288154880e+17 1.462137851097279680e+17 3.156419764380280400e+16 1.374014761875913216e+18 -7.112193659317294400e+16 4.576154290814864896e+18 -6.731777061011905600e+16 1.686572092134137400e+16 -1.043049079011731000e+16 3.183621897867910144e+18 -1.741329711164989760e+17 1.062764252350390400e+17 7.297121013926331200e+16 6.917963511452685000e+14 4.108612852349513728e+18 -2.629965272448614080e+17 -5.906682618383870400e+16 -4.216216472706601600e+16 -1.366043942112920160e+17 -2.012556904572278400e+17 -3.454112973948188800e+16 5.526036501092951040e+17 -1.202669717796867000e+15 -1.073713438170859200e+17 1.638752096642949888e+18 -1.214593506579907840e+17 -4.362555542606514400e+16 5.033262468451316800e+16 2.906210260900563200e+16 3.144325981237088768e+18 -8.806454323688636800e+16 2.382608205626836800e+16 1.144376674229814800e+16 2.263417296998401200e+16 -1.765012006854200000e+17 3.575058507429420544e+18 5.313410253440550400e+16 -1.826519065483840320e+17 -5.326884813814616800e+16 -1.114843273457669280e+17 -1.592694651704739520e+17 6.519380921270452000e+15 9.138029547264409600e+16 -8.625225285217808000e+16 3.135127308448943200e+16 -1.307915627749142240e+17 3.508169457112130000e+16 -1.138775619680152000e+16 2.828972182774472192e+18 8.102543358581726000e+15 -2.881787082080782000e+16 -2.498663288972793500e+15 -4.053575017318248000e+16 3.281337898456634800e+16 3.034821867633938944e+18 -2.886922268032027200e+16 -7.547921212913841600e+16 2.186268982995959200e+16 -3.931157423280295200e+16 -9.267468125562070000e+14 -1.346803801017327400e+16 3.737382242922006016e+18 5.229457474836498400e+16 -2.615977410747256000e+16 -2.328801275839072800e+16 8.823376199711764800e+16 -8.390883271617326000e+15 1.423446215329758200e+16 6.804841615365187200e+16
-2.930932803473491200e+17 3.312114896844866560e+17 -1.574353665609696320e+17 8.023435131335784960e+17 1.171895397384916224e+18 9.436432380408987200e+16 6.620061712713370880e+17 -5.316457596688446080e+17 2.932374070857075200e+17 6.916307518485307200e+16 1.460762905781085120e+17 7.182798782048976640e+17 -1.402754449163065600e+17 3.727785750489663360e+17 2.856383986941333600e+16 -1.753889824248037440e+17 7.835882291602167040e+17 7.831096204465204800e+16 2.042453380765215680e+17 1.977660622648576640e+17 9.484659253911302400e+17 6.015692406488623360e+17 5.156279021885924800e+16 4.025056666521932160e+17 1.879553712341332224e+18 2.029851338421908480e+17 3.233409844210668800e+16 1.491018492588462800e+16 5.846181064600628480e+17 1.352292444060061600e+17 1.062575717540568480e+17 5.494350115873888800e+16 7.320442970602387200e+17 1.270724941784867680e+17 4.517321392107740160e+17 4.984063069530629760e+17 1.508514651970482880e+17 3.432333813189731500e+15 -6.671908016401275200e+16 3.779994024567834240e+17 6.907107475927308000e+16 4.270640849000420800e+16 7.865162504705142400e+16 -4.353109650038659840e+17 2.524431917141549760e+17 -1.909165523408222800e+16 2.993670595029911600e+16 8.462604154689814000e+15 -5.235576849855993600e+16 5.777591576767139840e+17 1.785294886372863040e+17 7.493539781188446400e+16 5.338338464422542400e+16 1.472799407777083840e+17 2.807537955657456640e+17 1.820906858456364400e+16 5.286055897006729600e+16 4.415121893139190400e+16 -1.373521975092767040e+17 2.709359106368223040e+17 4.955192332750051200e+16 7.609871769393716000e+15 3.497292005522889200e+16 2.003505326757305200e+16 -2.745845532194609600e+17 2.970694892165301760e+17 2.316687881147144800e+16 4.443235984147598400e+16 -2.332348407235917000e+15 7.031973500185328750e+14 -4.761997707413762000e+15 1.258921208080794720e+17 3.202776723855964844e+13 -1.682428054737948000e+16 2.772970602961909600e+16 1.266631097611329400e+16 5.451319582212863200e+16 2.331107376750012800e+17 2.073949436732649920e+17 6.343540726111728000e+16 2.854265836154404400e+16 2.251975194070052800e+16 -1.017939072560634200e+16 -9.325176278304790400e+16 2.325928040773040960e+17 2.217462652847842400e+16 6.386120386644872000e+15 2.096733497812910800e+16 2.220943019384112800e+16 4.967817444642222000e+15 -2.575528293660654720e+17 2.585677166092084800e+17 4.068492541019621600e+16 6.846353401165030400e+16 5.001970484125520000e+16 1.191180372781874400e+16 -1.430320249610972200e+16 -2.875854886610352800e+16
3.438615993545769600e+17 4.978800056905557760e+17 -1.322837540952315680e+17 -3.778396510513217600e+16 -1.979264812507948800e+18 -3.121775575323238400e+16 1.183197192112092000e+17 1.388446900345028640e+17 1.294745468927761920e+17 2.644008093849714240e+17 2.169153193953960960e+17 2.398573756236546880e+17 2.228247420993073600e+17 1.779765470925852480e+17 3.449251901744380160e+17 1.321734186816257440e+17 2.327292626884465280e+17 3.292115497895427200e+17 1.136572046727381280e+17 8.962528628262269440e+17 -4.036967680864605440e+17 3.120885044743793280e+17 5.506141811250419200e+17 -8.592549133825004000e+15 2.029851338421908480e+17 1.097082593264808320e+18 2.786747760757435840e+17 -2.599118942532595000e+15 1.154662140711581600e+17 2.955247919862679040e+17 7.909518040003048000e+16 6.817290091689585600e+16 5.406928900868537600e+17 2.746565584973372160e+17 -4.713513052065059200e+17 1.861792466409742720e+17 2.639902788633054080e+17 1.686235402214583360e+17 1.422234644024175500e+15 5.556514076521704000e+16 1.276504383439487200e+17 6.853446568135705600e+16 2.861742326552576400e+16 -3.036815893563322240e+17 2.179957345437116400e+16 1.237881308437250240e+17 3.601645852227240000e+16 8.658096858377561000e+15 -1.768869518572172600e+16 9.026277574629270400e+16 -9.273104037155292800e+16 1.673515397766758400e+17 1.182522633935791520e+17 1.965452425036492480e+17 7.342039627211881600e+16 1.285140941860478240e+17 1.004678559193895840e+17 2.488566559373011200e+16 -6.887298504313534400e+16 4.366165731033678400e+16 1.221455697682495040e+17 3.254296567727400400e+16 8.487864939065757000e+15 8.509244719804575000e+15 -2.085101794912612400e+16 4.175777467465493600e+16 8.932861672205976000e+16 4.526166949577586400e+16 3.089019561224163600e+16 2.069734238279856000e+16 -3.745041797693005500e+15 1.432794693504129600e+17 1.080085855835784320e+17 1.267294560729219200e+17 1.738212548389632000e+17 7.375705266706404800e+16 3.910883568623775200e+16 -8.163599786002876800e+16 4.777650108083458000e+15 1.021793365730545760e+17 6.437285881700832800e+16 1.269147414057145000e+16 -1.181798101790161000e+16 -1.497095616345976200e+16 2.599347490374251600e+16 8.397133161023008000e+16 3.264466780019526000e+16 3.487322253742480000e+16 1.979275270695342800e+16 7.769433736797076000e+15 -2.351339528755568960e+17 -2.012317190922975600e+16 7.182786490379931200e+16 3.930186488237734400e+16 3.251430756447880400e+16 1.747023493091420200e+16 -1.418601596121442400e+16 -2.891127076101417600e+16
1.330981956389634048e+18 1.011129589465434368e+18 1.571407049075330240e+17 -3.745582278564833280e+17 -1.860009153113139712e+18 5.102248812389104800e+16 -1.733650873320547200e+17 1.964237581380618880e+17 -5.049541547566748000e+16 -5.815790672466650000e+15 -3.774578078655584640e+17 1.646426947292009920e+17 3.387968047194750080e+17 5.053846405171384800e+16 4.224360300441131200e+16 1.159186447122246560e+17 1.900934601935694400e+17 1.937295237264978240e+17 5.381050710249120640e+17 1.515018016820204480e+17 -5.588975238518974720e+17 3.203903248215976960e+17 1.297346241705769120e+17 6.961657790958019200e+16 3.233409844210668800e+16 2.786747760757435840e+17 1.425950510114626816e+18 -6.774393778335552000e+16 5.235496430172076000e+15 1.092930459384651200e+17 3.875173664683769600e+17 2.649129972750402880e+17 8.423046943481754880e+17 2.068204576551395520e+17 2.541008757973188800e+17 4.907129278317503200e+16 1.246445623083606400e+17 2.697080615273658240e+17 -1.400185772636696600e+16 -5.045717860155834400e+16 8.889017585976496000e+16 1.434148996972434880e+17 8.388992854471574400e+16 -2.254642461407544000e+16 9.836643546360700800e+16 4.314683099347817600e+16 8.433259104372865600e+16 7.712627825935368000e+16 1.260143750509263200e+17 -7.661202667697347200e+16 5.567634814293122560e+17 1.347367062665796480e+17 1.673313365153992960e+17 2.940205896400559360e+17 -3.868683974245079200e+16 5.624906816030477600e+16 8.796505656382600000e+16 6.478867686761896000e+16 -4.701483002283620800e+16 4.233588535921610400e+16 1.939298495165553750e+15 8.078322523687993600e+16 2.580179664109393200e+16 1.001138673534099600e+16 -9.310772149839084800e+16 5.201334075606828800e+16 -1.349390329549543800e+16 6.356521642190672800e+16 5.887486314145787200e+16 -2.542817360562456641e+13 1.028988473953301000e+16 1.745793053145979200e+17 2.640984328933305280e+17 -3.483656284522743680e+17 6.620567911627816000e+16 1.247550077045886880e+17 6.822702095189469600e+16 2.132884469568869120e+17 -1.176832266970976640e+17 1.939421040197501600e+16 6.234813440983644800e+16 2.783652976237736000e+16 3.262760652088097600e+16 7.229871120394428800e+16 -3.271272554232968000e+15 -1.357531197876343000e+16 7.382045854164976000e+16 4.294280822727725600e+16 1.399688437020905400e+16 2.409430096239112000e+16 -1.359166307367132320e+17 -2.796511556897654800e+16 -5.619051631943561000e+15 5.365102502456424000e+16 2.248974754431325250e+15 -3.239637248147452800e+16 -3.603429570867927200e+16 -4.424148355159988000e+15
2.650184608972403917e+19 9.646984915945510912e+18 1.195325490638266982e+19 -3.983670196010483200e+16 -8.399030197594563840e+17 4.818226837002056704e+18 -1.048280540734699776e+18 1.025712276452052582e+19 -2.261638852436870400e+17 -8.844191572008339200e+17 -1.985143825484095680e+17 7.453687471363995200e+16 4.081404906104891904e+18 -1.818558271558900800e+17 -3.032918470553239040e+17 1.040786222405739315e+19 -9.785132202001203200e+16 9.479291864729987200e+16 3.110263710742666800e+16 1.794906945439662592e+18 -1.009636296808257024e+18 -6.937453278426942400e+16 -1.566982859817115840e+17 5.083414757112527872e+18 1.491018492588462800e+16 -2.599118942532595000e+15 -6.774393778335552000e+16 1.502453713141999821e+19 1.628885820485972800e+17 8.249568785128004800e+16 1.449260815249924600e+16 3.587119709437856640e+17 1.072569280513438720e+18 4.210590999728117760e+17 6.083661813649221600e+16 -3.481371587286966400e+17 3.836574778777456000e+16 1.584971996893154400e+16 5.059065408733851648e+18 -1.288699824499128000e+17 -1.055668045292460000e+17 -6.013934237514222000e+15 1.210502194459656160e+17 9.524919853023457280e+18 -2.986099329009359360e+17 -1.492345567604262080e+17 2.305395526091845200e+16 -8.232444227775092800e+16 -2.577908648050423200e+16 1.079598445210145664e+18 -7.863329094188012800e+17 -3.932881219327508800e+16 -5.684417738182520800e+16 2.273478649679710400e+17 -2.128059487577051840e+17 -2.750422053485824800e+16 -5.075994037153491200e+16 7.128483506789260800e+16 3.712327650655838208e+18 -2.301447501961922560e+17 1.048806549011639600e+16 1.026697124998440960e+17 1.134645653669661600e+17 -2.470012449224644400e+16 9.067057398032441344e+18 -1.467043618775948800e+17 -1.580375189316069440e+17 -4.277736080659086400e+16 1.133738464448416160e+17 -1.199870016183786000e+16 -9.328401173807310400e+16 -5.214263965532641920e+17 2.379205171462176640e+17 2.428823343263239360e+17 8.209612804873260800e+16 4.421978783408916800e+16 -5.175870410348788000e+15 6.005994580221515520e+17 -3.230587031432730240e+17 5.367621460658001600e+16 3.214505103611711600e+16 7.750020978737206400e+16 -6.523908263849041000e+15 3.728504420105216000e+18 -3.240049338818255360e+17 -1.612089340565881600e+17 3.063641161206446800e+16 1.820414586265223600e+16 1.725634337247252600e+16 1.591210672057516800e+16 8.738637120346884096e+18 -1.955207532476410560e+17 -1.278895224793231680e+17 4.963714511445839200e+16 5.405157182637052000e+16 -4.973680596088179200e+16 7.243356144639328000e+16 -5.869931172004299200e+16
-2.744188606950084096e+18 1.302338800393230592e+18 -1.244674752589518880e+17 8.581919799052446720e+17 -1.441492862799411456e+18 5.354865757785219840e+17 8.022293087427397120e+17 -4.052677130099552640e+17 1.470393898143835840e+17 -1.665789991938482560e+17 -1.408815326269213120e+17 3.529723878185037440e+17 1.917851336871169600e+17 3.775686944237367680e+17 1.779216999387874880e+17 -4.289877660642408960e+17 4.639945885182337280e+17 5.448916771848680000e+16 -3.910217750160563200e+16 -1.935484953408958720e+18 2.262414881709274624e+18 2.508473576849860480e+17 7.661339340925555200e+16 1.158222092510068000e+17 5.846181064600628480e+17 1.154662140711581600e+17 5.235496430172076000e+15 1.628885820485972800e+17 2.751812387009144832e+18 4.896959245291357440e+17 1.042013499220276480e+17 7.745337157002494400e+16 6.749117880444552960e+17 -2.605356423090339200e+16 2.939754849989313280e+17 3.275041125012569600e+17 4.410064238099275200e+16 -6.500851562626216000e+16 -8.181767168477520000e+16 4.715252643466901760e+17 8.792610044891964800e+16 2.441329558335087200e+16 1.095864520568576640e+17 -4.347390807265377280e+17 2.633928597430923840e+17 5.379235270479084000e+16 2.598163487597220000e+16 3.897310134181126000e+15 8.985697204411648000e+16 5.965460634178744320e+17 4.686537565510145280e+17 -3.783072140866632800e+16 1.805118676731511200e+16 4.152783398317552640e+17 2.213582013802429760e+17 6.650476604963282400e+16 9.187689502816387200e+16 8.432348680940628800e+16 -3.039636171496155600e+16 2.408499509201548800e+17 3.455163054012444000e+16 -2.439737820579551200e+16 6.124840420460063200e+16 1.824492130411666000e+16 -3.211791076802080000e+17 3.084151415593055360e+17 7.193986766645106000e+15 1.321057330171522600e+16 5.923970638238585600e+16 2.911142896742765000e+15 -4.414044365536858500e+15 -4.602421356654688640e+17 -3.124307164751230800e+16 2.375493322756806080e+17 9.635708920439616000e+16 3.099762484254945600e+16 7.968254797115686400e+16 9.703632616310835200e+16 1.481480899691488320e+17 2.644448835384092000e+16 3.309408853269162000e+16 8.461941719968582400e+16 1.537524905171810000e+16 -1.349126608267067200e+17 2.261683537979594880e+17 -8.510768666432300000e+15 1.743020000711589000e+16 2.370779243651140400e+16 -8.021606975234417000e+15 2.536151159036445200e+16 -3.680728312391201920e+17 3.134196820475123200e+17 7.187081035484169600e+16 3.733921900028210400e+16 4.836988308245023200e+16 -2.813891347849658800e+16 1.251732569661394400e+16 1.448394900934245000e+16
-1.168786109861729536e+18 -3.587809219214503680e+17 -1.844076885139936320e+17 3.597942766067276160e+17 -4.197522414386443776e+18 -6.015552776297580000e+16 1.904729353045090560e+17 -3.525439031010604160e+17 1.288930228076336000e+17 2.215260044294716480e+17 -3.357658160352021120e+17 2.453107340241323840e+17 -2.437058539164340400e+16 2.183846499351087040e+17 1.657250864964628160e+17 -3.219097040984736000e+17 2.001212007226643200e+17 1.334043165432471360e+17 4.518433522916828000e+16 -3.114493914649680640e+17 1.053612022683249792e+18 3.672143301670241280e+17 2.528920409588913280e+17 1.278337857288154880e+17 1.352292444060061600e+17 2.955247919862679040e+17 1.092930459384651200e+17 8.249568785128004800e+16 4.896959245291357440e+17 1.634120345920142080e+18 2.509249423747872000e+17 4.472693535543668000e+16 7.424027733305672000e+16 -1.804511200161147600e+16 4.064838129180981760e+17 2.084406332626364480e+17 9.876348375918684800e+16 4.069198536299698400e+16 1.510621486868557760e+17 1.873974511154176640e+17 2.079666114960682880e+17 9.344362737543091200e+16 1.128950376252255520e+17 -1.783440448892374720e+17 1.539597775466248000e+17 1.255185994285676160e+17 3.759846618737120800e+16 3.352416099388163200e+16 -1.402838935600754800e+16 -1.444533749318632000e+17 1.577700194552888960e+17 1.279334646985303520e+17 6.979209797976654400e+16 -1.342011940163602400e+17 1.328988200470811840e+17 1.298436032733765280e+17 7.517950528359872000e+16 6.789769006370401600e+16 -1.923318841030967040e+17 7.714073174726488000e+16 6.538433576881171200e+16 -2.178669665668726400e+16 -4.998182586572595312e+13 1.492101650373494400e+16 -1.565256151653642240e+17 5.857636311742370400e+16 7.209069484670915200e+16 4.199783015843688000e+16 5.220029494575600000e+16 2.833417956850867200e+16 -1.377305453479539400e+16 -4.601477896042620000e+16 1.624621397334126400e+17 1.395439948566979360e+17 1.188244187702840480e+17 6.655910984374564800e+16 5.392578869805532000e+16 -4.628245276695889920e+17 7.490374376363516800e+16 4.977488350657738400e+16 -6.509246535150503000e+15 4.091179848910950400e+16 -1.862585692762639600e+16 7.426298480766780800e+16 9.113286788330819200e+16 9.709865522450382400e+16 2.668534348997557600e+16 3.455569050818398400e+16 -4.322392526636528500e+15 -2.505168924796934000e+16 -2.650303619003104000e+17 9.225476900989243200e+16 1.129815933425655680e+17 -8.463485396559417000e+15 3.443477027647593200e+16 1.102431425841897000e+16 -1.952018271737288000e+16 8.264706820264052000e+15
7.733160136559132160e+17 6.555472074834501120e+17 1.071063927502476960e+17 2.014538880687188800e+17 -8.523012226242830080e+17 6.807386314901897600e+16 -1.600419967782117440e+17 -2.823148986268386880e+17 -1.809839858062144250e+15 -1.373997034947590080e+17 -3.332629906606538880e+17 -1.210573126941972480e+17 1.273959501915464800e+17 -6.341761659961012000e+15 7.964586686555078400e+16 1.689863751711837760e+17 1.194300513982297760e+17 2.006877828059549440e+17 1.901584772616938240e+17 1.521927811612708352e+18 -6.781341005153527200e+16 2.212281366419454400e+17 5.189297343701982400e+16 1.462137851097279680e+17 1.062575717540568480e+17 7.909518040003048000e+16 3.875173664683769600e+17 1.449260815249924600e+16 1.042013499220276480e+17 2.509249423747872000e+17 1.096074259277204864e+18 3.052813534429123200e+17 2.443155727317955200e+17 6.514048424116628800e+16 2.173682603720948160e+17 9.007918590746043200e+16 8.484424671842956800e+16 5.803418637589476800e+16 -4.842403475960551200e+16 5.655667015072320000e+16 4.242521099134921600e+16 1.831609024659859520e+17 1.495287233241413760e+17 -1.120963315370756640e+17 -3.479929722860356800e+16 5.869317385973819000e+15 4.952859023718306400e+16 3.126433976815630800e+16 3.543775623300100400e+16 -1.650140476781163200e+17 6.396096520214680000e+16 9.159419136304785600e+16 1.289152424506084000e+17 1.117836119370395840e+17 -2.944083734746480000e+16 5.072488823578476000e+16 8.593539144255620800e+16 7.275677793268456000e+16 -4.038256424710976000e+16 1.963520897868080400e+16 5.351415564592089000e+15 6.795300832787822400e+16 4.271916302227142400e+16 -3.245214763539884500e+15 -1.088007798051035840e+17 -3.628662755756211200e+16 1.321409652611353600e+16 8.945120466090995200e+16 1.431473772900994200e+16 -2.508885653689776000e+15 4.606901167518524000e+16 -1.386303148463281250e+15 1.335209546791443520e+17 -4.234921897839276000e+16 -1.343226504216494000e+16 8.038107119261814400e+16 9.169056009509065600e+16 5.588863364750577600e+16 -1.596741258927522600e+16 2.186939559572528400e+16 6.415417384401892000e+16 3.944062552115936800e+16 2.237307445835419200e+16 5.431478072746336800e+16 -2.152974522352665600e+16 1.336686064291959400e+16 6.298707675425192800e+16 3.708308445870328000e+16 -5.912087852598806000e+15 9.451595090920670000e+15 -3.019288149338797200e+16 1.729186646640808500e+15 2.066722484677110250e+15 8.563332837695398400e+16 3.559738417502973200e+16 -5.946284744840772000e+15 -3.539895736346107500e+14 3.435818167583088400e+16
4.301980288118029440e+17 1.628516742578763264e+18 7.173615167401399040e+17 1.301632313686959200e+17 1.839811868242896128e+18 3.657897598531876875e+14 -3.219386477489788160e+17 2.937186943003575680e+17 4.408818930850585500e+15 3.968992849262825600e+17 -8.152464702180263680e+17 4.117314958014737280e+17 -1.040428137933830560e+17 -1.480812673388545600e+17 8.214504167678292800e+16 2.442595421370122560e+17 -5.951253381120120000e+16 8.591510826749513600e+16 7.423458143307153600e+16 1.271932531475795840e+17 -1.368062380574175232e+18 1.375392953273790240e+17 9.025247968270214400e+16 3.156419764380280400e+16 5.494350115873888800e+16 6.817290091689585600e+16 2.649129972750402880e+17 3.587119709437856640e+17 7.745337157002494400e+16 4.472693535543668000e+16 3.052813534429123200e+17 2.553858958884536832e+18 6.428589407875825920e+17 4.811106828923889000e+15 -7.621708538969292800e+17 2.409685717508526400e+16 -1.696395054470892400e+16 8.351673535749076800e+16 2.017559334929669120e+17 4.799876157523834400e+16 6.505937204803756000e+16 1.009152323167776480e+17 3.708737665282663040e+17 1.803105771400603200e+17 7.467263759323430400e+16 -5.490566007086986400e+16 2.070893665146749200e+16 1.144906809263924640e+17 -5.215361382241071200e+16 -6.604145068295943680e+17 -1.497272427720296640e+17 -5.076932777512752800e+16 3.270080149541205600e+16 -1.408511542802214720e+17 -1.682362741009963000e+16 7.432413029237184000e+16 4.044556152383319200e+16 8.870554264283259200e+16 1.399632254435661120e+17 -3.123693701814723200e+16 3.304210223578824500e+15 4.510874039436618400e+16 4.304495271671902400e+16 -1.118726520348106000e+16 1.261378519239107680e+17 3.314092998139417600e+16 4.185189100939595200e+16 6.595800366223955000e+14 5.656718769692743200e+16 -8.838029181200529000e+15 -2.829368379001195600e+16 3.070143351511045120e+17 7.494078620030075200e+16 5.953274788326455040e+17 5.808260485140521600e+16 1.111048714659023040e+17 8.269395253056297600e+16 1.136072849104549280e+17 -3.421960404002983600e+16 1.685964349804326200e+16 6.039773012889763200e+16 4.156430840402607200e+16 -1.006710236392873200e+16 1.112337422384581760e+17 -6.024890939125511200e+16 -4.686278072059538400e+16 -1.169163540582836200e+16 4.418857859639160000e+16 -9.906857368097410000e+15 2.818602533217492400e+16 1.430269177946867680e+17 -5.830524316239298400e+16 -3.976606934304380000e+16 3.158329196819299200e+16 1.084548400478570000e+16 -2.772492673633900000e+15 2.864504600006785000e+15 1.616427380467597800e+16
-3.677580297124184576e+18 6.943818202243003392e+18 1.627766235783151616e+18 3.801688165961550848e+18 2.264903130629233869e+19 -5.092472281203196160e+17 2.906896943928337280e+17 8.451190203677736000e+15 -7.342284621204743680e+17 -1.795259114640925440e+18 9.963869651288309760e+18 2.004508241474178560e+17 1.797662993302968832e+18 9.343383341115895040e+17 -3.985889656803604480e+17 1.715534701308551680e+18 9.141436217081566720e+17 1.701245760310981120e+17 8.321370786466387200e+17 -2.866471192029490176e+18 8.456189305185193984e+18 2.483504197895618560e+18 -1.199661199497308000e+17 1.374014761875913216e+18 7.320442970602387200e+17 5.406928900868537600e+17 8.423046943481754880e+17 1.072569280513438720e+18 6.749117880444552960e+17 7.424027733305672000e+16 2.443155727317955200e+17 6.428589407875825920e+17 9.649440089975717888e+19 3.794206020570176512e+18 5.949360537690796032e+18 1.370180292660865792e+18 6.939520085327424000e+17 1.431323812130513800e+16 7.866953554342760000e+16 4.551380887701973760e+17 -1.566870263985153800e+16 6.351070622281261600e+16 -9.268537533712401600e+16 -8.319046220995859200e+16 7.753955512234528000e+17 4.361731111319771500e+15 5.576816875006962400e+16 1.560736857526491000e+16 2.977088094018724400e+16 -5.837056818087193600e+18 1.468097290270313728e+18 -4.813646742566346240e+17 5.349525672014636800e+17 4.196978490550009856e+18 -8.211164156634275200e+16 2.725442367545150720e+17 2.932947408294396160e+17 8.333786860065027200e+16 -4.135536421714314240e+17 1.486200898791142400e+17 1.575993229241761600e+17 2.280793872894905920e+17 5.936096292584608000e+16 -3.021846071729792640e+17 3.074600801412674560e+17 1.979170561363354880e+17 -3.780767346190171520e+17 7.562636720762619200e+16 -8.463766840587260800e+16 -2.090670879042015680e+17 -4.889430734274334720e+17 1.350116096394859520e+18 2.870110942668723520e+17 1.170367330791133696e+18 6.792399003887048960e+17 1.856924622409296640e+17 9.147166411783833600e+16 9.137911577561760000e+17 4.222177039512347520e+17 6.638850681426180000e+16 3.029562737396058880e+17 2.525652300935635200e+16 2.640226099212125120e+17 -7.756134940646328320e+17 6.314595258440373600e+16 -1.093630251283596320e+17 2.433637491994963200e+17 3.006137728248511360e+17 1.637035305507398080e+17 -2.461605663464041600e+17 -7.197457815268322400e+16 2.334562592262174080e+17 -1.650023510658695680e+17 1.536264555967835840e+17 1.558290343093607680e+17 8.632375412773462400e+16 -8.390337834018856000e+16 -3.324568540366562560e+17
1.711719264253605888e+18 1.186669597408971776e+18 4.554186268373435520e+17 -3.445495733694933120e+17 -1.566810785432509696e+18 -4.066822270766233600e+17 -9.709866578055260800e+16 1.166228447596212992e+18 2.728108365617830080e+17 1.774860518066922240e+17 2.004281362364302400e+17 -1.753771563324990720e+17 7.230710414101235200e+17 2.858971519602967360e+17 3.853707568545461760e+17 6.694497871490081280e+17 7.954556794590113600e+16 1.778997571615597120e+17 1.135401017096047520e+17 -1.726998089068835328e+18 -3.622129005635485440e+17 5.432356600387502720e+17 8.504268502561230080e+17 -7.112193659317294400e+16 1.270724941784867680e+17 2.746565584973372160e+17 2.068204576551395520e+17 4.210590999728117760e+17 -2.605356423090339200e+16 -1.804511200161147600e+16 6.514048424116628800e+16 4.811106828923889000e+15 3.794206020570176512e+18 6.632579271475294208e+18 -3.001756031755109120e+17 1.797472738706975680e+17 6.909091580374022400e+17 1.962070698530712320e+17 3.067476428017449200e+16 4.943912424301818400e+16 2.163342258021603840e+17 1.195297857388991600e+16 3.363603675319536800e+16 1.514797622542679680e+17 -1.104767185788030720e+17 8.861464812274236800e+16 5.407794822606604800e+16 5.332721290800242400e+16 1.688265914217420800e+17 4.072288942865354240e+18 1.570157777837057600e+17 4.089395969470423680e+17 1.910256957934292480e+17 -2.016532753537406400e+17 -1.005882746079631040e+17 2.115064814873963840e+17 9.092143869926230400e+16 4.566105892567099200e+16 3.772919137642817600e+16 -1.989376744275136000e+16 1.460532456074207040e+17 5.193881860697594400e+16 3.589009907203159600e+16 1.803173363240307600e+16 2.454802383529424960e+17 4.604618145278045600e+16 1.168843801222706240e+17 -7.502180771941710400e+16 1.134122142503207040e+17 -4.235471359444691500e+15 -7.174780120153716000e+16 2.932615470420431360e+17 4.806481156527116000e+16 -1.672925042865132480e+17 1.827642411255029440e+17 5.838784884413005600e+16 -4.936666223893003000e+15 9.306877086401986560e+17 -7.865838732263190400e+16 1.783906871691045760e+17 3.676942089513400800e+16 6.117882641376563200e+16 6.210556270637925000e+15 -1.483402786628916160e+17 -7.764391135591361600e+16 1.789489483665646080e+17 -2.476507353209566000e+15 -1.846427956646150000e+16 2.096813364910903600e+16 -1.457804070913396800e+16 2.305665833898779520e+17 -1.316899392029756160e+17 6.879568328129148000e+16 7.666723010564470400e+16 1.302794665496261400e+16 2.588742885545006800e+16 -1.780385008945819800e+16 -3.643747502726821600e+16
8.930650118503311360e+18 9.430793433591355392e+18 8.207638043666686720e+17 -2.559477235611618304e+18 1.253076935130282598e+19 2.413818246254457856e+18 -2.620234684101574144e+18 -3.228796537217499520e+17 2.386550116376215552e+18 -3.075725020928761344e+18 -5.130320904494031872e+18 -2.890029931912775680e+18 -1.259738343593393120e+17 -2.889398751750090880e+17 1.553519799530827200e+17 -1.984796838181219072e+18 9.945893106808481280e+17 -1.103408875697142144e+18 -2.135870193701708800e+18 -1.111483833019407360e+19 4.679913897199510528e+18 -3.174197326358074240e+17 -1.539290447935129088e+18 4.576154290814864896e+18 4.517321392107740160e+17 -4.713513052065059200e+17 2.541008757973188800e+17 6.083661813649221600e+16 2.939754849989313280e+17 4.064838129180981760e+17 2.173682603720948160e+17 -7.621708538969292800e+17 5.949360537690796032e+18 -3.001756031755109120e+17 1.301437376718727741e+20 2.996974027508728832e+18 -1.363027763911210560e+17 -4.184625026997466880e+17 4.842043269902564352e+18 5.903542572866755840e+17 -2.076876774505397760e+17 -4.414749779760734400e+16 -4.384797117835482880e+17 1.781060875699114880e+17 -2.058669151512819840e+17 1.836064896379792960e+17 9.254001645768830400e+16 -5.704318773343638400e+17 -1.737387517255388480e+17 -7.186372057697256448e+18 -2.611437585349974400e+17 -5.544736093149734400e+16 -1.290654738075606240e+17 4.730040051723344896e+18 -4.207821834411024000e+17 -2.187807477105309120e+17 8.026584629438097600e+16 -1.319392927348564160e+17 1.803918368368643584e+18 2.936354056752865600e+16 5.454649442338347200e+16 -1.355511306130930720e+17 -2.771800016590684800e+16 -2.390961738159483840e+17 -7.008362762405566720e+17 -2.243857959656529000e+15 -2.121160675271015040e+17 -6.842073454582222400e+16 -1.114366399187411840e+17 -2.496077630366560320e+17 4.386187746533036800e+16 3.461202066382653952e+18 6.139538744899507200e+17 -1.771199808687694080e+18 -1.044027003723301440e+17 1.764383363536677760e+17 5.721985195833982000e+15 5.771886053375805440e+18 -1.965249738117448960e+17 -1.057188978417674400e+17 -9.504747522054140800e+16 2.539456547560788000e+16 -3.271476640519104640e+17 2.417465748000247296e+18 -1.470944943744756160e+17 -9.940683303620553600e+16 1.104097125369233120e+17 6.074599753620299000e+15 7.880407264600972800e+16 -9.347727871158056000e+16 7.906669637504529600e+16 3.243134131639313280e+17 1.229057188132833920e+17 1.592857247111276480e+17 3.214336450848087040e+17 -1.087257106072792160e+17 -2.535091884947906560e+17 4.111010841095949440e+17
-2.436939529760300544e+18 4.806837132784515840e+17 -4.928699925437986400e+16 1.423534957097919232e+18 7.152105080817300480e+17 2.521247353064933440e+17 5.811766512077446400e+17 -3.034532222171772800e+17 -2.026466971814871360e+17 3.658654746972779520e+17 6.196379554448076800e+17 9.576454183763198720e+17 -1.653831739752408000e+17 4.375590510971232640e+17 1.861979236792892800e+17 -2.800569622141904960e+17 3.840963988011251200e+17 2.173140797667833600e+17 2.249495530411209920e+17 -1.263654233708304200e+16 -6.939453247000392960e+17 3.275248207744485120e+17 7.459401690666190400e+16 -6.731777061011905600e+16 4.984063069530629760e+17 1.861792466409742720e+17 4.907129278317503200e+16 -3.481371587286966400e+17 3.275041125012569600e+17 2.084406332626364480e+17 9.007918590746043200e+16 2.409685717508526400e+16 1.370180292660865792e+18 1.797472738706975680e+17 2.996974027508728832e+18 3.508454154876660224e+18 2.987140022433716480e+17 8.646363726710752000e+16 5.893077032972652000e+16 5.602976613821826560e+17 1.679448710679920640e+17 7.873796695356476800e+16 6.865226201080365600e+16 -3.825885041417063040e+17 2.664513045065983040e+17 6.103183799306756800e+16 6.347499808587708800e+16 4.248805112650646400e+16 -1.223360070919757800e+16 3.316232941653949440e+17 9.245906550549226240e+17 1.109459798248920480e+17 1.236978912070456320e+17 -1.632309004754829760e+17 3.159105924751504640e+17 3.193044474080885200e+16 7.560374181725694400e+16 2.833490910075690000e+14 5.568851871250156800e+16 3.149877250090467200e+17 6.559481537830904000e+16 6.240720257719405600e+16 3.763917025627917600e+16 -1.237808610423858250e+15 -2.327735985217712320e+17 2.066171130507836480e+17 1.364797152748252160e+17 9.175454224460006400e+16 3.234457938354456400e+16 4.671149789480388000e+16 -3.838370650922689600e+16 4.835204517550025600e+16 1.682893684304400640e+17 6.215690575277951200e+16 8.720340321003195200e+16 3.151036709345546400e+16 -3.283616069790751500e+15 -8.537447255872249600e+16 3.132653005448498560e+17 1.018303235653972960e+17 7.462300134942860800e+16 3.573462128859906800e+16 2.656307802781316000e+16 -1.578832799630324160e+17 2.096802344140911360e+17 7.735674280448969600e+16 1.366373362016902000e+16 1.387231233322466800e+16 3.135263021201291200e+16 -1.532482021310894400e+16 -3.937069904160403200e+17 1.675191670786895040e+17 5.772391250000189600e+16 7.713625794626212800e+16 1.225776230508282400e+16 -2.545015798466984500e+15 1.224210652401418000e+16 -3.377679054437468400e+16
-1.452168029765139968e+18 3.427955099251701120e+17 -1.285754233917456960e+17 -3.839980533918860800e+16 -7.918945288414250240e+17 -1.549948683938786200e+16 1.445779025409450240e+17 2.123704061601912000e+17 2.995592029552051840e+17 2.760288663756705280e+17 6.197817015010886400e+17 8.965211808505336000e+16 3.245754233911411200e+17 9.295201290125884800e+16 2.790784050398933440e+17 1.238967821813718880e+17 9.685998748626948000e+15 1.286809783232999360e+17 2.010108399241530880e+17 8.638166438264963840e+17 -2.703905803742161280e+17 2.370052794770864640e+17 3.433542682787927040e+17 1.686572092134137400e+16 1.508514651970482880e+17 2.639902788633054080e+17 1.246445623083606400e+17 3.836574778777456000e+16 4.410064238099275200e+16 9.876348375918684800e+16 8.484424671842956800e+16 -1.696395054470892400e+16 6.939520085327424000e+17 6.909091580374022400e+17 -1.363027763911210560e+17 2.987140022433716480e+17 1.003856115774295424e+18 3.075034686612797440e+17 -1.106059444360432200e+16 1.127466792024532320e+17 1.995752595555742720e+17 1.110879244252989760e+17 4.233154863169472000e+16 8.994263000513688000e+16 1.347000814882989000e+16 1.017068175549687680e+17 1.066358909668636800e+17 5.722086656902960000e+16 4.296117581091373600e+16 9.736200631308865600e+16 -1.266496553541055520e+17 2.571557858823612480e+17 1.270270317571028160e+17 -1.994073365874304960e+17 9.900673563701049600e+16 1.172364333963647040e+17 1.000080504463816960e+17 1.579926598878828200e+16 2.050449580450314000e+16 7.534236822781981000e+15 1.004182429229783840e+17 7.927351783595745600e+16 3.999775835095420800e+16 2.848738280568006800e+16 9.207765300414412800e+16 -1.542326856490540400e+16 7.771135790784033600e+16 8.893174515945340800e+16 5.807693918159083200e+16 2.260943157119444800e+16 4.299143894570665500e+15 -1.326404351300664160e+17 6.567118535183133600e+16 2.398202055592975040e+17 9.199860210168787200e+16 7.559730257550828800e+16 3.712357789903177600e+16 4.197235369412266240e+17 8.016232085029969000e+15 9.072674021066012800e+16 8.183433343687899200e+16 2.545548956721300500e+15 3.138523983646831600e+16 -6.187707185609005000e+15 -1.693707178005790400e+16 5.792967973080571200e+16 4.919488170866397600e+16 1.042111493045818200e+16 3.551345640320554800e+16 1.631622678814736800e+16 2.379204352988082800e+16 -2.133566461827421200e+16 6.801307286912016000e+16 2.838724811454692800e+16 4.146328832807977000e+15 9.794810062306058000e+15 -1.792332072954887750e+15 1.634400356714037600e+16
1.982642716653259520e+17 6.742216088366178560e+17 6.873472316453663200e+16 -3.542177502435732480e+17 9.142551330495962880e+17 2.340340811894228800e+17 2.307474442378862000e+15 -1.991456447121258880e+17 1.082770422238217760e+17 1.002060145938951800e+16 6.621379562286801600e+16 7.125299433520426000e+15 2.145818628226204800e+17 6.810197113517244000e+15 1.213511090944700960e+17 1.908315030841231680e+17 1.852600246079710400e+17 2.084229284465128640e+17 3.946728057577481600e+17 -1.809589267532171200e+17 -3.980481088083550720e+17 2.031500321791716480e+17 1.803469399029061440e+17 -1.043049079011731000e+16 3.432333813189731500e+15 1.686235402214583360e+17 2.697080615273658240e+17 1.584971996893154400e+16 -6.500851562626216000e+16 4.069198536299698400e+16 5.803418637589476800e+16 8.351673535749076800e+16 1.431323812130513800e+16 1.962070698530712320e+17 -4.184625026997466880e+17 8.646363726710752000e+16 3.075034686612797440e+17 1.233451406374320128e+18 -1.594985410252332800e+16 4.360798784290876000e+16 1.261892083325056480e+17 1.814621352074222400e+17 6.339874889179400000e+16 7.392903454567446400e+16 5.016827444805267200e+16 2.679662688570121000e+15 8.947809050129072000e+16 1.724358612046723800e+16 1.291764101929016960e+17 3.599492433873168000e+17 9.523607367760502400e+16 8.337551693371561600e+16 2.195602442454474560e+17 -2.981454917633568000e+17 -2.353703451530738400e+16 5.362695151357098400e+16 1.397213190156883840e+17 2.628091325447362400e+16 -2.423332463679350800e+16 -1.206598598172109600e+16 2.793350954265943200e+16 8.350147301440636800e+16 2.514972342025996000e+16 9.899931142204916000e+15 5.801329904829900800e+16 2.063903485950498000e+16 8.436993867502748000e+15 5.579155222182282400e+16 1.535048930885726600e+16 1.287560783245365200e+16 1.188742828742947000e+16 -6.240507930279796800e+16 1.972298348358540160e+17 8.649198872468987000e+15 3.577218644256908800e+16 8.806710888126865600e+16 -7.169911459194257000e+15 8.401320693908886400e+16 -4.686045750205248800e+16 2.141821656588137200e+16 7.432299349973612800e+16 2.858256402131127200e+16 5.689481492444885600e+16 2.339833585092733600e+16 -1.119922098657367400e+16 2.543697614496186000e+16 6.251653851730806400e+16 1.328968996857355750e+15 2.833276322723669500e+15 -4.150690461941559500e+15 -8.723393730126086250e+14 -1.002662974598423200e+17 6.678688763826877000e+15 4.656845853790828800e+16 -3.825711956529768000e+16 -4.282328274848690500e+15 -7.547994629221459000e+15 3.616479708744517600e+16
1.216597030305758822e+19 8.669113187806557184e+18 5.568592365665497088e+18 1.243228318310014500e+15 9.891774824526823680e+17 3.051491491840579072e+18 -4.489681758285880320e+17 3.362553618441454080e+18 -2.400892266184227840e+17 1.548007833082368640e+17 2.285782845383672320e+18 6.523951970199581440e+17 3.246191279108301312e+18 -1.527439206958725760e+17 -5.333295695638989600e+16 4.027782436438411776e+18 -2.965357039086376000e+16 2.041175779150592960e+17 -2.589037199397567360e+17 2.239598257629193472e+18 -3.551037242350533760e+17 1.890094924168743040e+17 -1.780442627617024960e+17 3.183621897867910144e+18 -6.671908016401275200e+16 1.422234644024175500e+15 -1.400185772636696600e+16 5.059065408733851648e+18 -8.181767168477520000e+16 1.510621486868557760e+17 -4.842403475960551200e+16 2.017559334929669120e+17 7.866953554342760000e+16 3.067476428017449200e+16 4.842043269902564352e+18 5.893077032972652000e+16 -1.106059444360432200e+16 -1.594985410252332800e+16 7.878263543350693888e+18 2.260170902271669440e+17 4.924233938439208800e+16 3.763735325338356800e+16 3.929438057185078400e+16 4.805255662155269120e+18 9.473934658972736000e+16 5.580459121174441600e+16 -2.978004751467355200e+16 -4.270569086989124500e+15 4.358000878002103200e+16 -3.954889011936686720e+17 1.757529629769492480e+17 -1.468818277831156800e+17 -1.372326722468670720e+17 4.268650123174812160e+18 6.337932039351446400e+16 5.020826976655044000e+16 2.340922728672009000e+15 5.781357022904799200e+16 3.411107365865564160e+18 -1.386591998049598880e+17 -8.232466605847254000e+15 3.902770597445205600e+16 7.362869193417680000e+16 -2.381399395076026000e+16 4.049037286229952000e+18 -8.317609294707014400e+16 -3.290627454639159600e+16 3.686258636516930400e+16 1.013172357177639250e+15 3.690115496303642400e+16 6.545029302614080800e+16 9.151614092172545600e+16 5.844309603438768800e+16 -4.114612509067082240e+17 7.657085367384550400e+16 4.958173735768661600e+16 -7.877275905380987000e+15 2.514629092450670592e+18 -8.807766284867500800e+16 -4.050028592296816000e+16 1.022204793912993440e+17 4.710942475913317600e+16 -4.941737995978913600e+16 3.422538156992613888e+18 -2.491309524173660800e+16 -5.805674396309511200e+16 3.438528438387201200e+16 1.026315086322793600e+16 1.534477919256019600e+16 7.163680628544939000e+15 3.912729039300363264e+18 1.634566443860339000e+16 -3.882945660739440800e+16 2.666122585074185600e+16 7.337121748260993600e+16 9.594338932784052800e+16 3.450356355389124800e+16 7.858291813224848000e+16
-5.194441929538269440e+17 8.237002581797240320e+17 1.184553476881661440e+17 5.808657495006767360e+17 2.357222998212910080e+17 -7.923977195961361600e+16 5.736301504574291840e+17 -5.859065165238918400e+17 2.819791037567928000e+17 -1.263627644670827200e+17 -5.738163946286780800e+17 4.377751357922880640e+17 -4.155513286939511680e+17 3.541696211433584000e+17 6.333358281414050400e+16 -5.049777231496364160e+17 2.532444046411358720e+17 -5.520553710426475200e+16 -7.458290929216780800e+16 7.917037469701135360e+17 4.644972491444542720e+17 1.704083386167511040e+17 3.993221975421115200e+16 -1.741329711164989760e+17 3.779994024567834240e+17 5.556514076521704000e+16 -5.045717860155834400e+16 -1.288699824499128000e+17 4.715252643466901760e+17 1.873974511154176640e+17 5.655667015072320000e+16 4.799876157523834400e+16 4.551380887701973760e+17 4.943912424301818400e+16 5.903542572866755840e+17 5.602976613821826560e+17 1.127466792024532320e+17 4.360798784290876000e+16 2.260170902271669440e+17 1.338378862644293376e+18 1.736216445364889600e+17 8.665455750879280000e+16 8.398560124391603200e+16 -2.727724085446721600e+17 4.575808175342017920e+17 5.140687128773952000e+16 4.228154652619980800e+16 5.461303056949215200e+16 5.087981879635564000e+16 5.826893681370679040e+17 8.967707277166584000e+16 -3.715079462896371200e+16 1.771547173942256000e+16 1.897178306537041280e+17 3.983971297321933440e+17 4.747163676401199200e+16 4.095702785652316000e+16 9.955360976206113600e+16 -5.885474662804118400e+16 2.977266859194098560e+17 5.660315446727484800e+16 1.496888866848053000e+16 4.738820857856962400e+16 4.196528368046687200e+16 -2.743580194187414720e+17 2.756578335348855040e+17 5.979282723673488000e+16 1.743291751753724800e+16 4.174069535266002400e+16 4.438108271043941600e+16 -3.977832729189916800e+16 1.442896435240902500e+15 4.664024053998914400e+16 -1.374524191581850560e+17 7.886301637612086000e+15 4.471126494557020000e+16 4.883647725311947200e+16 6.436634900667034400e+16 2.719037073680234560e+17 5.588489516253696800e+16 4.378574994244821600e+16 6.345047347828609600e+16 9.330418693433498000e+15 -1.393403349992753120e+17 2.351444202928541760e+17 3.095928274941774400e+16 8.413759187940697000e+15 2.887908082275246800e+16 1.517079305372144600e+16 -8.865348794849751000e+15 -3.182575064052702080e+17 2.317240847365769920e+17 3.195031192701031600e+16 1.371900634384057000e+16 4.480932148054682000e+15 6.843245519976938000e+15 1.251450042893022800e+16 -7.166013589990403000e+15
-1.770071350075756800e+18 -7.223783479355367680e+17 -3.523064420792151040e+17 2.335942778862438080e+17 6.807230587370097920e+17 -4.948832497109776000e+16 2.864196530734981120e+17 -2.706158112180085760e+17 1.285208205136975840e+17 3.557720799185372800e+17 -5.271447361763930880e+17 -1.780850162002670800e+16 -7.969921932590828800e+16 7.308104909020393600e+16 2.058140896838410240e+17 -1.477545919524250240e+17 3.035121761119976000e+15 3.825709939033819200e+16 1.209301300256193120e+17 2.440768382509819520e+17 -2.376374569731994560e+17 2.325324174941848960e+17 1.779955160808527360e+17 1.062764252350390400e+17 6.907107475927308000e+16 1.276504383439487200e+17 8.889017585976496000e+16 -1.055668045292460000e+17 8.792610044891964800e+16 2.079666114960682880e+17 4.242521099134921600e+16 6.505937204803756000e+16 -1.566870263985153800e+16 2.163342258021603840e+17 -2.076876774505397760e+17 1.679448710679920640e+17 1.995752595555742720e+17 1.261892083325056480e+17 4.924233938439208800e+16 1.736216445364889600e+17 7.269784966015379200e+17 1.362921275456347680e+17 6.620220808492218400e+16 -1.483769793293491840e+17 4.395263359961693600e+16 2.056466818741319360e+17 5.413640827167941600e+16 7.432738568422576000e+16 6.407487921795463200e+16 4.001949528856085760e+17 1.718056295243653760e+17 1.077035682370490400e+17 6.242210782754168800e+16 3.790073934004604800e+16 1.057851700889769600e+17 1.447958930198133760e+17 6.594173170960971200e+16 4.830001954773870400e+16 -3.715693586273554400e+16 3.699897205657303200e+16 1.061867290567879200e+17 6.240764547351668800e+16 3.311038646667753200e+16 5.817590371711770400e+16 -1.174572612670582080e+17 4.948424399122316800e+16 6.913410777753788800e+16 2.385847726068083000e+15 2.374100667504484000e+16 4.063461040478346400e+16 4.398500194889717500e+15 -3.095268453205378500e+15 1.369960761703921920e+17 1.266923281216011040e+17 1.069007316151053440e+17 5.944780271274794400e+16 5.453785452528910400e+16 -2.116364710970804480e+17 3.875770705994879200e+16 1.022111183958857440e+17 3.739577812886668000e+16 3.791380711200597600e+16 4.187885061503707200e+16 -1.018465131253777760e+17 -6.804424293058039000e+15 7.380277691308084800e+16 3.645061932080258000e+15 3.161745977689132000e+16 4.660421596828112800e+16 2.448545044045732800e+16 -1.763231668494480640e+17 2.681567916013139375e+14 8.711422753966019200e+16 1.643306454501400800e+16 2.931498536838641200e+16 3.828014422169940800e+16 5.856349944061548000e+15 -1.205213434529658000e+16
-1.227512838133463296e+18 4.730484027273436800e+16 -1.977668761633425600e+17 -4.085398593452390400e+16 -2.474030112346364800e+17 1.186601351059367000e+16 -3.882059198134100800e+16 -7.984839011443219200e+16 -4.237257071578571200e+16 1.771234032653720960e+17 5.171837331784067840e+17 8.885142224110736000e+16 -4.393181899638380000e+16 3.196366909050470400e+16 1.103713124416220000e+17 2.040242707220601000e+15 4.915222011736697600e+16 1.025391590239872640e+17 1.587734176668322560e+17 1.880017371901100160e+17 -5.019036570860100480e+17 9.754816629196731200e+16 -3.807461324934610400e+16 7.297121013926331200e+16 4.270640849000420800e+16 6.853446568135705600e+16 1.434148996972434880e+17 -6.013934237514222000e+15 2.441329558335087200e+16 9.344362737543091200e+16 1.831609024659859520e+17 1.009152323167776480e+17 6.351070622281261600e+16 1.195297857388991600e+16 -4.414749779760734400e+16 7.873796695356476800e+16 1.110879244252989760e+17 1.814621352074222400e+17 3.763735325338356800e+16 8.665455750879280000e+16 1.362921275456347680e+17 4.761856320526790400e+17 1.355068541045034400e+17 -3.596683905233843600e+16 3.802712957339937600e+16 6.041819913319492800e+16 1.002519937189537280e+17 6.367071895444090400e+16 5.746421425239191000e+15 -1.646789282061055040e+17 -6.562479514067175200e+16 3.915481864988495200e+16 7.046828639165152000e+16 -7.658152489698214400e+16 1.266810779498868200e+16 3.961462296048604000e+16 9.181420966084161600e+16 3.602131404981544400e+16 6.827311452425521600e+16 1.519405055339212000e+16 2.800994531137372000e+15 7.133104154585980000e+16 3.633381632932850400e+16 4.024264012811191200e+16 3.456590285006853600e+16 2.302526251320754400e+16 4.029871631412193000e+15 4.810890180584052000e+16 2.993915659483784000e+16 2.638739410916851600e+16 4.075853871046601500e+15 -1.541398586912717440e+17 8.732181762213732800e+16 -1.256892722227634400e+17 2.073850304633435750e+15 4.807746199626072000e+16 3.666967378536799200e+16 2.036527537027430400e+17 2.519871266793481600e+16 2.236176846322379600e+16 6.408425961953019200e+16 1.837857058310044800e+16 2.610527632052195200e+16 4.325303232597564000e+16 -3.675985281907762400e+16 1.360622625249906600e+16 3.271622245621986000e+16 3.023144612397766000e+16 6.639477618562507000e+15 2.019062035430709600e+16 -2.405639407460068400e+16 -2.555750478014822000e+16 -1.955175142740398400e+16 3.387902288406172800e+16 1.221001252406327400e+16 6.851179475467645000e+15 1.045979599492826800e+16 1.583749247740025000e+16
-1.664005974854566912e+18 7.553089368884034560e+17 1.777905737089912320e+17 -4.017485275531287680e+17 1.412851107220032768e+18 1.333784401735442400e+17 -4.437600588973356800e+16 1.462681965367439040e+17 -3.436334464594640800e+16 2.393554156355608320e+17 1.335884004294489440e+17 1.488881112800244800e+17 -3.639168473212132800e+16 5.997458068349950400e+16 1.914538110452831680e+17 3.285928282280866000e+16 1.881786652319684800e+16 4.868484916455957600e+16 7.053095895850030400e+16 -1.725306501960973440e+17 7.890555536314326400e+16 1.158763093543404960e+17 7.666531908263134400e+16 6.917963511452685000e+14 7.865162504705142400e+16 2.861742326552576400e+16 8.388992854471574400e+16 1.210502194459656160e+17 1.095864520568576640e+17 1.128950376252255520e+17 1.495287233241413760e+17 3.708737665282663040e+17 -9.268537533712401600e+16 3.363603675319536800e+16 -4.384797117835482880e+17 6.865226201080365600e+16 4.233154863169472000e+16 6.339874889179400000e+16 3.929438057185078400e+16 8.398560124391603200e+16 6.620220808492218400e+16 1.355068541045034400e+17 7.250858686111083520e+17 -9.064360146679350400e+16 5.680868837384153000e+15 2.376627236934400400e+16 2.480139054750302000e+16 1.806862646849410240e+17 5.132406342528036000e+16 -5.835453948282712000e+16 2.610528656479155200e+17 9.269567454482202000e+15 -3.481028077534541000e+15 8.704197404933707200e+16 3.704878559770708800e+16 8.243464079060219200e+16 5.532839356930676000e+16 9.788123222590334400e+16 -7.330205489424953600e+16 3.949899711511134400e+16 2.081872777532342400e+16 3.401199771578526800e+16 3.986959671561444800e+16 4.252343695060325600e+16 -1.976296497969574000e+16 3.976493365066736500e+15 4.206350160896412000e+16 1.278558640246789600e+16 4.632386083607337600e+16 2.320691231548009600e+16 -1.134110326439595600e+16 -2.214654579757755520e+17 9.408545295275737600e+16 1.222071451381642560e+17 3.050297769257401600e+16 5.171574146439208800e+16 4.544554285812651200e+16 1.683776558385267520e+17 5.893446857278817600e+16 5.491883653075646400e+16 2.891761137310141600e+16 5.510585030723732000e+16 2.456970112062252800e+16 -3.702030728568989600e+16 -2.683563053482725200e+16 7.758352049995066000e+15 4.482113054373480000e+14 3.466344886574695600e+16 1.516054459134397800e+16 1.959220374065388000e+16 -3.636374290558026400e+16 -2.550701647496075200e+16 3.290977554046899600e+16 1.445443462699016000e+16 1.537220114981076800e+16 3.157960296899626250e+14 1.446159107775473000e+16 2.845755245975432000e+15
2.886215138196770406e+19 9.224992708433401856e+18 1.273462942105698918e+19 3.910340995369214720e+17 -1.146190502515007872e+18 4.937948800134725632e+18 -8.565753049546470400e+17 1.038542606869277491e+19 -2.257007431513932160e+17 -3.341632805627078000e+16 -7.219983660497377280e+17 -2.397917636692456640e+17 3.929762915696964608e+18 -4.606167727734836480e+17 -1.828134627650940160e+17 1.052582390106676838e+19 -1.936611061583320000e+17 -1.117374621246957280e+17 -7.293365348293128000e+16 1.422017290208779008e+18 -3.208202987290455040e+18 -5.453246211562517760e+17 -2.336007301611102400e+17 4.108612852349513728e+18 -4.353109650038659840e+17 -3.036815893563322240e+17 -2.254642461407544000e+16 9.524919853023457280e+18 -4.347390807265377280e+17 -1.783440448892374720e+17 -1.120963315370756640e+17 1.803105771400603200e+17 -8.319046220995859200e+16 1.514797622542679680e+17 1.781060875699114880e+17 -3.825885041417063040e+17 8.994263000513688000e+16 7.392903454567446400e+16 4.805255662155269120e+18 -2.727724085446721600e+17 -1.483769793293491840e+17 -3.596683905233843600e+16 -9.064360146679350400e+16 1.331933261387267072e+19 9.894174982790035200e+16 -1.427351587392649440e+17 9.986425024093662000e+15 -7.082415757350761600e+16 4.999293750575793600e+16 -9.305370522555274240e+17 2.156129088677554240e+17 7.031077534008321600e+16 -1.983122629745067840e+17 -1.588301175771647040e+17 -3.289239691759222400e+17 -2.296680797928837200e+16 -4.451423971764792800e+16 4.696019027295408800e+16 4.508957575866773504e+18 -1.047989221372157600e+17 3.410684946858593200e+16 5.191630604177828000e+16 1.083980407433606080e+17 2.998184023062178800e+16 9.235197775832295424e+18 -1.682236715547615360e+17 -4.881817782955164000e+16 3.886769501717289600e+16 2.353197876180629200e+16 7.919226732256864000e+16 5.577806605245948800e+16 -1.080899188707700160e+17 5.063734079505223200e+16 -2.080961399231054720e+17 -6.603678670411561600e+16 8.582284393634245000e+15 -4.391192160368586400e+16 -1.448511707416364800e+16 -1.404113991935351200e+17 1.284315521398135000e+16 1.142501051412081600e+17 4.482602765780252000e+15 1.275193774948819400e+16 3.941104860970936320e+18 -2.588450406999303680e+17 -1.657463331413543040e+17 5.498088601025636000e+16 1.205562905697575400e+16 2.142995552399666000e+16 7.191461433741525600e+16 8.788961001786771456e+18 -2.652958581248605120e+17 -1.242501542496650880e+17 8.458706971912846000e+15 -6.061736663227015200e+16 4.055194052645256800e+16 7.247890577229452800e+16 1.054003512987744800e+16
3.123275114794242560e+17 7.886082524964865280e+17 1.510528464955253440e+17 7.242140920790300160e+17 -6.451249110577056000e+16 2.988812164590199680e+17 8.685979486227406080e+17 -4.922083830102215680e+17 2.372152846393802240e+17 -1.338808518030006080e+17 -1.053225901672963072e+18 8.101560357819820800e+17 -3.390350270013740800e+17 2.797849329342454400e+17 1.216025963600580320e+17 -4.425396685983198720e+17 3.172117200032172160e+17 -1.379949109575244160e+17 -1.421648324476779680e+17 -6.641151617412494080e+17 -6.809376477585602560e+17 1.587135257895452800e+17 -3.822328513629768000e+16 -2.629965272448614080e+17 2.524431917141549760e+17 2.179957345437116400e+16 9.836643546360700800e+16 -2.986099329009359360e+17 2.633928597430923840e+17 1.539597775466248000e+17 -3.479929722860356800e+16 7.467263759323430400e+16 7.753955512234528000e+17 -1.104767185788030720e+17 -2.058669151512819840e+17 2.664513045065983040e+17 1.347000814882989000e+16 5.016827444805267200e+16 9.473934658972736000e+16 4.575808175342017920e+17 4.395263359961693600e+16 3.802712957339937600e+16 5.680868837384153000e+15 9.894174982790035200e+16 1.853569274625413120e+18 4.204601221637093600e+16 2.506282444983154400e+16 4.518873260161118400e+16 9.262652340259395200e+16 1.423072817417823200e+17 8.217323127354871040e+17 5.569540131883205600e+16 3.947219316312328800e+16 -1.144531204624083040e+17 3.181431816738798080e+17 1.740075166417520200e+16 4.706085772971032000e+16 -1.470567027254552400e+16 6.853138381427353600e+16 4.363749801078292480e+17 2.614948206511581600e+16 4.196084760065394000e+15 1.871402742503146800e+16 1.675460878458670200e+16 -2.869677367631312960e+17 3.155679078931607040e+17 -1.382684681547505800e+16 4.549196153820972800e+16 -2.159860522890670800e+16 5.645785978236316000e+16 6.863370555815482000e+15 5.805323568952710400e+16 1.443963261358215680e+17 -8.133574710272576000e+16 9.396344770950042000e+15 1.431555425852264600e+16 2.036340446959028400e+16 -4.903778596244316000e+16 2.365831136924909760e+17 1.211561855817974000e+16 -3.265956604696151500e+15 1.247215605627938200e+16 -3.538172929123906875e+14 -7.225935525369238400e+16 2.748199013945597120e+17 2.665329305478475000e+15 2.459033268067743600e+16 1.147038239748143000e+16 7.093936093124403000e+15 8.484430334457011000e+15 -2.781294247030956480e+17 2.684157991058894720e+17 1.807649125676377600e+16 -4.106669207414925500e+15 2.493583093534902500e+15 3.804650319599713600e+16 2.311037699430756800e+16 -2.067166881001828800e+16
-1.784587535076216320e+18 -4.410365244136295680e+17 -3.463916278767326080e+17 -1.022490128244465440e+17 6.549076293856787200e+16 2.505712198071190080e+17 1.307231872185940640e+17 -2.316373568405708800e+16 1.860976550544003520e+17 4.648377450551709440e+17 8.714590785741935360e+17 1.098948130298688000e+17 2.007797185523179200e+17 9.206139631645928000e+16 1.928061061060612480e+17 -5.155749499006522400e+16 -1.258045100704139680e+17 1.058603179475666240e+17 1.872739508597066560e+17 3.611642142630736000e+16 3.886244154079987200e+17 2.461812762355069440e+17 2.029474211736074880e+17 -5.906682618383870400e+16 -1.909165523408222800e+16 1.237881308437250240e+17 4.314683099347817600e+16 -1.492345567604262080e+17 5.379235270479084000e+16 1.255185994285676160e+17 5.869317385973819000e+15 -5.490566007086986400e+16 4.361731111319771500e+15 8.861464812274236800e+16 1.836064896379792960e+17 6.103183799306756800e+16 1.017068175549687680e+17 2.679662688570121000e+15 5.580459121174441600e+16 5.140687128773952000e+16 2.056466818741319360e+17 6.041819913319492800e+16 2.376627236934400400e+16 -1.427351587392649440e+17 4.204601221637093600e+16 1.029740983500100224e+18 1.344710570787464480e+17 5.620689481229647200e+16 6.765396740260310400e+16 8.546789959457049600e+16 -4.957617178475803520e+17 6.426101402172872800e+16 -8.969125856679689000e+15 3.315958050280685440e+17 6.325862615953839200e+16 9.119285117342003200e+16 2.366345298387928800e+16 4.450988002603408500e+15 5.345384568908604800e+16 3.808624979947043200e+16 1.993590369956753280e+17 8.596944165266214400e+16 3.084345524699852000e+16 5.258258595581782400e+16 -4.197265006803131200e+16 7.981496115045713750e+14 8.408503445588944000e+16 6.453430599726136000e+16 -1.178919715153706250e+15 2.791043939196622800e+16 -3.971468845172163200e+16 2.265522877998460480e+17 8.169932153052081600e+16 1.475388010392081280e+17 9.231395838906894400e+16 3.849471083156964000e+15 -1.671178835508903500e+15 -2.705516391261457200e+16 1.210606413080857600e+16 8.559916949279065600e+16 4.979415347110075200e+16 5.714751891365240000e+15 3.700923912399920800e+16 4.257264528362225600e+16 -3.149752212032200800e+16 6.045259757209400000e+16 1.462065211065963800e+16 1.885271754808344800e+16 4.265390710177492500e+15 1.954862318781852000e+16 -1.380534629163869760e+17 -2.221538375865918000e+16 8.721046883656796800e+16 1.125350203230560625e+15 -2.621722772160637000e+15 7.784618961815159000e+15 -6.487871076415322000e+15 -7.715810317492210000e+14
-3.660705309005186560e+17 1.184066538392182560e+17 -4.853254685378700800e+17 1.588105127166353000e+16 4.312011249837482240e+17 -4.651888116496733600e+16 -3.806794920768580800e+16 1.771352441472364200e+16 -1.003617816214107600e+16 -9.134318297179388800e+16 4.756013580809992960e+17 -2.228392856690799680e+17 1.532711408370856640e+17 -2.137955772338222400e+16 1.938224650178840000e+16 1.129787179599143520e+17 7.404737110795972800e+16 8.862580757710374400e+16 2.303018780206199360e+17 1.381455589288930048e+18 3.094605013661937280e+17 3.956027809286409600e+16 5.882498699917059200e+16 -4.216216472706601600e+16 2.993670595029911600e+16 3.601645852227240000e+16 8.433259104372865600e+16 2.305395526091845200e+16 2.598163487597220000e+16 3.759846618737120800e+16 4.952859023718306400e+16 2.070893665146749200e+16 5.576816875006962400e+16 5.407794822606604800e+16 9.254001645768830400e+16 6.347499808587708800e+16 1.066358909668636800e+17 8.947809050129072000e+16 -2.978004751467355200e+16 4.228154652619980800e+16 5.413640827167941600e+16 1.002519937189537280e+17 2.480139054750302000e+16 9.986425024093662000e+15 2.506282444983154400e+16 1.344710570787464480e+17 6.718929874400547840e+17 1.195391653163056960e+17 1.365449059169943520e+17 -1.954780943285138560e+17 -1.154091107773923520e+17 1.000235811301630080e+17 7.944576809257035200e+16 -5.470467912922208800e+16 1.088025067164342400e+16 6.122054414675004000e+15 2.698548849307156800e+16 -2.668162246710943000e+15 -2.687073576374803200e+16 9.327224032974058750e+14 3.275648728902553200e+16 1.223295922115358080e+17 3.499971426124451200e+16 9.044649453296777600e+16 -4.091480271061738000e+15 -1.632161078077245000e+16 -1.552884329630760400e+16 8.671179146669772800e+16 4.340083909062744000e+15 4.759229783057616800e+16 2.157816162564126750e+15 -8.997613218034168000e+16 6.134687836849253600e+16 3.644383621451174400e+17 -8.104113582719253000e+15 3.859755485796901600e+16 3.259445550710222400e+16 3.990509071346730880e+17 1.205748341212520750e+15 4.068690455197807200e+16 7.409659136196478400e+16 2.689783122430242000e+16 4.910921697768363200e+16 -5.237613733910596000e+16 -7.205660199750259200e+16 1.542475734335105800e+16 4.617248681741139200e+16 2.135330827696388800e+16 1.975513534858988400e+16 3.073901219082973600e+16 -1.087596399173798080e+17 -4.109696249288808000e+16 -1.248612330224011200e+16 4.024084379459217600e+16 -2.710339870888416500e+15 1.947424009719012400e+16 1.354949529719345000e+16 3.366814135940351200e+16
-7.443769649655610880e+17 -1.405246773082593120e+17 -2.615042288637997440e+17 -3.144860567818388400e+16 5.716385545184588160e+17 -1.511890103076912000e+17 -1.157936175260490400e+17 2.233611413784806800e+16 -3.367563229990419200e+16 1.689093499572496640e+17 -8.399031577420535040e+17 9.065693435772907200e+16 4.742406088554415200e+16 -1.569495111010877800e+16 8.164672269502704000e+16 -7.341505222036368000e+16 -1.910770514723999200e+16 4.261117633556877600e+16 1.209315198492255040e+17 -5.468368321799309440e+17 2.520091147650462720e+17 3.226590287497168800e+16 5.658982371468278400e+16 -1.366043942112920160e+17 8.462604154689814000e+15 8.658096858377561000e+15 7.712627825935368000e+16 -8.232444227775092800e+16 3.897310134181126000e+15 3.352416099388163200e+16 3.126433976815630800e+16 1.144906809263924640e+17 1.560736857526491000e+16 5.332721290800242400e+16 -5.704318773343638400e+17 4.248805112650646400e+16 5.722086656902960000e+16 1.724358612046723800e+16 -4.270569086989124500e+15 5.461303056949215200e+16 7.432738568422576000e+16 6.367071895444090400e+16 1.806862646849410240e+17 -7.082415757350761600e+16 4.518873260161118400e+16 5.620689481229647200e+16 1.195391653163056960e+17 5.604983099764640640e+17 2.307166169500914240e+17 -2.009486812849404800e+17 1.387015324781797400e+16 3.323320827416256000e+16 9.278156005848700000e+14 3.884601052027902080e+17 7.265922743406548800e+16 5.590894268254904000e+16 2.562534953123551600e+16 5.548172983168736800e+16 -7.344225670031371200e+16 1.749675788086106600e+16 3.257564450862088800e+16 3.928324124346696000e+16 9.086371489321848000e+16 7.405702671536948800e+16 -1.107282582404939200e+17 -9.596287868684664000e+15 3.131825218420816000e+16 2.075919171952214000e+16 3.565402278346685600e+16 3.413086044869883600e+16 2.631923340945238800e+16 -1.161158596225320000e+17 9.914631173102454000e+15 1.373937798559703200e+17 3.214847368157465600e+16 4.584227029130619200e+16 5.965556058277996800e+16 2.352771644204166080e+17 4.709007968758256800e+16 5.021718634665320800e+16 4.666714574618951200e+16 6.712756469761915200e+16 6.702671638535500800e+16 -4.284880667778994400e+16 -3.566267364872592800e+16 3.766763859273875200e+16 1.712722597158213200e+16 3.245602319880739600e+16 2.976743771009813600e+16 2.713920715831187200e+16 -1.276415675576695360e+17 -2.700423332408572000e+16 5.946786136827182500e+14 2.136435699199011200e+16 1.455981042007364200e+16 2.348384508775061200e+16 2.530966962879432500e+15 2.677369142643992000e+16
2.859680969030433920e+17 3.949005744188328320e+17 -3.088493764304612480e+17 -9.732934680852747200e+16 -4.498965620384769920e+17 -5.912969437930122240e+17 -2.359904536296077200e+16 2.000494935415848320e+17 -1.351991681612807520e+17 -2.088703691790766800e+16 3.465629750777349760e+17 1.186607158334149440e+17 6.179976042417989600e+16 1.035371091257366200e+16 9.247545418902217600e+16 1.356586351837667520e+17 7.483577867442574400e+16 9.675497677955772800e+16 1.772854563415705920e+17 1.714464147327042800e+16 4.278869749636449920e+17 9.479524887669516000e+15 2.330738951462704000e+16 -2.012556904572278400e+17 -5.235576849855993600e+16 -1.768869518572172600e+16 1.260143750509263200e+17 -2.577908648050423200e+16 8.985697204411648000e+16 -1.402838935600754800e+16 3.543775623300100400e+16 -5.215361382241071200e+16 2.977088094018724400e+16 1.688265914217420800e+17 -1.737387517255388480e+17 -1.223360070919757800e+16 4.296117581091373600e+16 1.291764101929016960e+17 4.358000878002103200e+16 5.087981879635564000e+16 6.407487921795463200e+16 5.746421425239191000e+15 5.132406342528036000e+16 4.999293750575793600e+16 9.262652340259395200e+16 6.765396740260310400e+16 1.365449059169943520e+17 2.307166169500914240e+17 1.328264443769173760e+18 7.744099741212595200e+16 -1.312885280151415360e+17 -4.124723231228750625e+14 7.327310499751448000e+16 9.084220274892593600e+16 6.897444608306524800e+16 2.392005373758650800e+16 2.326431813398409200e+16 5.129928317064054000e+15 -6.506132804405789600e+16 -3.480734147055320800e+16 5.865257416123118400e+16 1.653517823614985800e+16 6.411124700521410400e+16 1.810071165611404160e+17 -1.030656086551019200e+16 -1.362662544402385600e+16 -2.682031856414982400e+16 1.227094252301378800e+16 3.309453132797880400e+16 9.066080301138884800e+16 -9.039837948489470000e+15 -7.090965500201299200e+16 -5.037177951868184000e+15 3.739588538506343200e+16 5.358647355580301600e+16 2.880597783894940000e+16 4.927493870375768800e+16 2.641189926460436000e+16 -1.149451653952290400e+16 4.480073095827411200e+16 4.161657754721321600e+16 4.981591138746404800e+16 6.863204887573933600e+16 -5.836194297374256000e+16 -4.768905883994225600e+16 2.142828451532093600e+16 1.086229370129538600e+16 1.778662279194670500e+15 4.593907308226626400e+16 -2.030792171251013200e+16 -7.719623944386424000e+16 -2.160177235268856800e+16 -2.050500674253329200e+16 -3.045930577494508000e+15 -5.832212446576013000e+15 2.883742722807572400e+16 -7.372785555062600000e+15 -1.468869820652480200e+16
-3.280439851202646528e+18 7.405698737334763520e+18 -4.053251640755401728e+18 -3.367005147520733696e+18 3.096892133656541184e+18 1.075461562522952704e+18 1.435120224077668352e+18 6.877337336903727360e+17 2.702927055562147520e+17 2.684353213899175936e+18 -4.086017196420816896e+18 5.348964787119353600e+17 6.431511692058239000e+15 2.636609466764106880e+17 1.344540838185890816e+18 -1.250686912755937536e+18 3.828492339674166400e+17 4.739074540100216320e+17 2.713704639811099200e+16 -3.948512358597041664e+18 -1.791123474362421248e+18 6.947799570184977920e+17 4.583596003184444160e+17 -3.454112973948188800e+16 5.777591576767139840e+17 9.026277574629270400e+16 -7.661202667697347200e+16 1.079598445210145664e+18 5.965460634178744320e+17 -1.444533749318632000e+17 -1.650140476781163200e+17 -6.604145068295943680e+17 -5.837056818087193600e+18 4.072288942865354240e+18 -7.186372057697256448e+18 3.316232941653949440e+17 9.736200631308865600e+16 3.599492433873168000e+17 -3.954889011936686720e+17 5.826893681370679040e+17 4.001949528856085760e+17 -1.646789282061055040e+17 -5.835453948282712000e+16 -9.305370522555274240e+17 1.423072817417823200e+17 8.546789959457049600e+16 -1.954780943285138560e+17 -2.009486812849404800e+17 7.744099741212595200e+16 1.100383990316227789e+20 4.860516026547453952e+18 2.616312399018799104e+18 -7.326944461551977600e+16 7.266929479857245440e+17 5.571131111653541600e+16 3.171808589946490240e+17 -2.179965759906312640e+17 -8.818567493918736000e+16 8.112007463627272960e+17 3.494309268040854000e+16 4.369967815084090880e+17 -8.600788004057609000e+15 -6.739741005897903200e+16 -6.204403641172198000e+15 2.369238568908298560e+17 2.767972956916026560e+17 1.456250644996170880e+17 2.223382174820789760e+17 4.168965836465786880e+17 2.463618324639678720e+17 2.937404899490200960e+17 -1.369624273158012160e+18 -9.640579019595948800e+16 -2.301821363502912768e+18 3.658977752034206720e+17 -3.453759940366960000e+16 -4.043171794577086720e+17 1.086466354553675904e+18 -1.435058782591117920e+17 1.242089948364248640e+17 1.761157367136525000e+16 -1.008817116260308800e+17 -1.845127750395431360e+17 1.780677013095830400e+17 -8.675962670817763200e+16 4.490506488213585280e+17 -1.681575596746212000e+16 -6.409961952442178400e+16 -6.742615316896559200e+16 1.718136122501770880e+17 -5.947679182653611520e+17 2.604552342536165440e+17 6.079567377028238080e+17 1.856120084517799360e+17 1.285551271087675360e+17 3.588883794252667200e+16 -6.770527630210805600e+16 -2.788740918732860800e+17
5.318890154117325824e+18 1.104181163873579008e+18 -1.841313162862733056e+18 3.867027149895078912e+18 -1.765856465411260160e+18 1.921588915489358080e+18 1.891965263842783744e+18 -3.785332144899408640e+17 -4.668826266364603200e+16 1.284493432024716480e+17 3.822894132932899840e+18 6.740727091345975040e+17 -3.323069146458951040e+17 2.850795422915445440e+17 5.990945725589081600e+17 -9.492763000117579520e+17 4.370437325477522560e+17 4.603095858433384960e+17 -7.013492501024381440e+17 -7.641800541074220800e+17 -2.132265361714888704e+18 4.307663150527258880e+17 -2.835270411475495040e+17 5.526036501092951040e+17 1.785294886372863040e+17 -9.273104037155292800e+16 5.567634814293122560e+17 -7.863329094188012800e+17 4.686537565510145280e+17 1.577700194552888960e+17 6.396096520214680000e+16 -1.497272427720296640e+17 1.468097290270313728e+18 1.570157777837057600e+17 -2.611437585349974400e+17 9.245906550549226240e+17 -1.266496553541055520e+17 9.523607367760502400e+16 1.757529629769492480e+17 8.967707277166584000e+16 1.718056295243653760e+17 -6.562479514067175200e+16 2.610528656479155200e+17 2.156129088677554240e+17 8.217323127354871040e+17 -4.957617178475803520e+17 -1.154091107773923520e+17 1.387015324781797400e+16 -1.312885280151415360e+17 4.860516026547453952e+18 5.606186823345899110e+19 1.339271597112139520e+18 3.248964563429480400e+16 3.544907371125197312e+18 1.090662529302674816e+18 2.459355655825000640e+17 4.621825714397339200e+16 3.643109318375190400e+16 3.219773818397136000e+17 6.994196829052907520e+17 -1.524312931997040320e+17 5.383082221428354400e+16 -3.911459857819486400e+16 1.230405593420663040e+17 2.254787071814018880e+17 3.611717787797806720e+17 7.020067975265129600e+16 2.863241387571686720e+17 4.254058881632180000e+16 1.453886660848371840e+17 1.486491403685692800e+17 1.827061361213279488e+18 1.983440065176478720e+17 3.267798205145270400e+17 2.919391521790214400e+17 2.759674749084176000e+16 -1.132838818919990720e+17 9.688171365837676800e+17 6.392590969026900480e+17 1.685264920211093440e+17 1.497049547851438600e+16 -7.957332311550633600e+16 1.245475013888449440e+17 4.555745854539094400e+17 6.068784051493739520e+17 5.175530729435528800e+16 -2.046753890721138000e+16 2.561220414359839200e+16 1.124252533352519520e+17 1.635735171527533760e+17 3.515744830765914880e+17 7.389325313027914240e+17 2.121454320194907200e+17 5.890942098596568000e+16 6.212093071946649600e+16 -4.146251510208767200e+16 1.278261084370992000e+17 1.167191743821975840e+17
-1.821580930708163584e+18 -6.662357511461615360e+17 -2.467383949605741120e+17 -1.302180585885742880e+17 5.791468703659215360e+17 -1.027523576280171200e+17 2.542124265721246400e+17 9.844796935014865600e+16 1.414478054366430240e+17 3.207264419747573760e+17 -5.190863939399793280e+17 -3.379566849052816000e+17 7.051258724256060800e+16 1.232977983488305280e+17 2.430360787419658240e+17 4.422868907347481600e+16 -4.197065650801759200e+16 1.582779543883080640e+17 1.740380453645252480e+17 -2.446853055124353600e+17 -3.787368930733414400e+17 4.061851412221636000e+16 2.541671181744984640e+17 -1.202669717796867000e+15 7.493539781188446400e+16 1.673515397766758400e+17 1.347367062665796480e+17 -3.932881219327508800e+16 -3.783072140866632800e+16 1.279334646985303520e+17 9.159419136304785600e+16 -5.076932777512752800e+16 -4.813646742566346240e+17 4.089395969470423680e+17 -5.544736093149734400e+16 1.109459798248920480e+17 2.571557858823612480e+17 8.337551693371561600e+16 -1.468818277831156800e+17 -3.715079462896371200e+16 1.077035682370490400e+17 3.915481864988495200e+16 9.269567454482202000e+15 7.031077534008321600e+16 5.569540131883205600e+16 6.426101402172872800e+16 1.000235811301630080e+17 3.323320827416256000e+16 -4.124723231228750625e+14 2.616312399018799104e+18 1.339271597112139520e+18 1.865882286564595456e+18 3.340650531036154880e+17 -1.161943241867375200e+17 1.301889040082252160e+17 2.606304694762981120e+17 8.907875829925646400e+16 5.593212926521480000e+16 2.975464496437043200e+16 5.321011507498007200e+16 1.187479002282183680e+17 6.823273381814433600e+16 2.103500093824574800e+16 2.374460240561584400e+16 1.742165451903212160e+17 9.938542254179870000e+15 4.875288422400313600e+16 8.792593611939803200e+16 5.638234116600740800e+16 3.915222111484354400e+16 5.805599067576603200e+16 6.566804420675948800e+17 1.965685791373219520e+17 2.324500446409902400e+17 1.449155855562211520e+17 6.397410712365379200e+16 6.278378416031065600e+16 9.026293360250374400e+16 5.401875518430424000e+16 9.279169341298523200e+16 8.082421840827889600e+16 1.890960947660652000e+16 2.287273618260672400e+16 7.254151394925080000e+16 -2.383602739108726800e+16 6.754796521343855200e+16 8.120161679929264000e+16 4.088474441434749600e+16 1.724499678370951400e+16 6.274146554483763200e+16 4.996588032398979200e+16 3.865569495648213000e+15 9.042694665530867200e+16 4.404004561148688800e+16 5.991933897818285000e+15 -2.358528920958629600e+16 -1.005192126481724750e+15 5.889576805970425600e+16
3.290095145638989440e+17 4.283717775446865280e+17 1.449142575067916480e+17 5.640783260314359680e+17 6.151169974533737600e+16 1.976621501999171200e+17 1.332699956749396800e+16 8.831237502692067200e+16 1.449162609435301760e+17 -1.224714317836938560e+17 1.234958969440681760e+17 8.267072870603667200e+16 -7.377683807554201600e+16 1.561751789992112640e+17 5.758778743125066400e+16 2.673084834973993000e+15 1.257559032171009920e+17 1.807106557557069760e+17 4.128236575362412800e+17 1.156218218390588672e+18 -9.567724827147131200e+16 1.431198943529273120e+17 8.451097677075523200e+16 -1.073713438170859200e+17 5.338338464422542400e+16 1.182522633935791520e+17 1.673313365153992960e+17 -5.684417738182520800e+16 1.805118676731511200e+16 6.979209797976654400e+16 1.289152424506084000e+17 3.270080149541205600e+16 5.349525672014636800e+17 1.910256957934292480e+17 -1.290654738075606240e+17 1.236978912070456320e+17 1.270270317571028160e+17 2.195602442454474560e+17 -1.372326722468670720e+17 1.771547173942256000e+16 6.242210782754168800e+16 7.046828639165152000e+16 -3.481028077534541000e+15 -1.983122629745067840e+17 3.947219316312328800e+16 -8.969125856679689000e+15 7.944576809257035200e+16 9.278156005848700000e+14 7.327310499751448000e+16 -7.326944461551977600e+16 3.248964563429480400e+16 3.340650531036154880e+17 1.135407355019041664e+18 -5.610612474295418240e+17 2.851845375081677200e+16 1.920018980819090000e+16 1.774921813061528960e+17 4.637985861057044000e+16 -7.221636468399456000e+16 4.242860763075680000e+16 7.273868015741236800e+16 5.787307304304387200e+16 1.151381391665091800e+16 2.591058873407938400e+16 3.112832865915085000e+15 -6.526310737048942000e+15 8.048931998255048750e+14 9.472285736349284800e+16 -1.870564394096500400e+16 -8.464879958321010000e+15 1.418806412113083600e+16 -2.347542945951226880e+17 2.856176733841001280e+17 9.541093460082753600e+16 8.537932668026929600e+16 1.104409653077822240e+17 2.394489141210941600e+16 -1.570916023749523840e+17 -6.773205572019808000e+15 4.552221468588619200e+16 6.982279406414211200e+16 -1.744847402832936600e+16 2.232463967385800800e+16 -3.489303567182285000e+15 -1.477240460342631000e+16 2.598659733294475200e+16 6.796109201485783200e+16 2.245109213847668400e+16 1.216944728730170600e+16 2.008009757783699200e+16 -6.702827466464980800e+16 3.351084339512348800e+16 2.938566241595660000e+16 9.047375047158396800e+16 2.104362298590279600e+16 9.197058522898572000e+15 4.014335004436704500e+15 1.976205640747581600e+16
5.288779985774679040e+18 1.719378117137203456e+18 1.574232465344536064e+18 -1.422545505799103488e+18 -7.158365837612286976e+18 1.070314390614983936e+18 2.053849979375700224e+18 1.062134535453060736e+18 1.708917296765090304e+18 2.009311626571385600e+17 9.056214222230871040e+18 2.763674963555271168e+18 2.358956053649454080e+18 4.115176062036576000e+17 5.773564549549642240e+17 -1.100257160770718848e+18 -5.121092957008129920e+17 3.965932800828433600e+16 -3.931608231252955520e+17 -1.139098632780408192e+18 2.712152874998578176e+18 7.526636864932590080e+17 1.966319074122104000e+17 1.638752096642949888e+18 1.472799407777083840e+17 1.965452425036492480e+17 2.940205896400559360e+17 2.273478649679710400e+17 4.152783398317552640e+17 -1.342011940163602400e+17 1.117836119370395840e+17 -1.408511542802214720e+17 4.196978490550009856e+18 -2.016532753537406400e+17 4.730040051723344896e+18 -1.632309004754829760e+17 -1.994073365874304960e+17 -2.981454917633568000e+17 4.268650123174812160e+18 1.897178306537041280e+17 3.790073934004604800e+16 -7.658152489698214400e+16 8.704197404933707200e+16 -1.588301175771647040e+17 -1.144531204624083040e+17 3.315958050280685440e+17 -5.470467912922208800e+16 3.884601052027902080e+17 9.084220274892593600e+16 7.266929479857245440e+17 3.544907371125197312e+18 -1.161943241867375200e+17 -5.610612474295418240e+17 7.461637603644309504e+19 6.194590350487192320e+17 1.154516104894182240e+17 2.059451372156411840e+17 -1.584128301668297280e+17 3.227807795053030400e+18 4.329530335925200000e+17 1.303509896755705760e+17 -3.198644447907143600e+16 1.163639372349944800e+17 1.288522827956367040e+17 2.496031407375046000e+16 4.046609490012104500e+15 1.059037027141084000e+17 2.714194775937638080e+17 9.756553499984659200e+16 1.066535939186036960e+17 4.246594602990982400e+17 -8.281822696195911680e+17 2.567416369952271040e+17 -2.536876812044829696e+18 2.044345838188549120e+17 -3.720583591007164160e+17 -2.466135510354404160e+17 4.743093449290448896e+18 -1.687812259518035520e+17 4.006200160561780000e+16 5.041028285510349600e+16 -1.290344152406977440e+17 9.744167685840512000e+16 2.504531777100576256e+18 -9.837951553779156800e+16 8.012428947782902400e+16 6.633615121600065600e+16 8.113257932844051200e+16 5.839123156940797600e+16 1.190469767685981600e+17 1.509145886804755520e+17 1.292862976762390400e+17 3.100169423602741120e+17 -4.443257440197368800e+16 -3.013239271478246000e+16 -8.123832501578327000e+15 -1.588933793374024960e+17 -8.130933457541420800e+16
-2.634014116226672640e+18 6.900571280406176000e+17 4.205265561956942400e+16 5.780917264523614720e+17 -7.447687606880776000e+16 -1.307797525623800640e+17 6.635959740607714560e+17 -3.249112498982796160e+17 1.867884520763488320e+17 5.980699008761447200e+16 7.412156079386630400e+17 7.157410503586717440e+17 -1.616122996969448960e+17 2.414990387617429120e+17 1.926014071211047360e+17 -4.819731845646144000e+17 1.931460586044588480e+17 4.199095959473978000e+15 1.165366264879400480e+17 -8.716254801240168000e+16 8.099561392235193600e+17 2.252061240293859840e+17 1.678348981189821760e+17 -1.214593506579907840e+17 2.807537955657456640e+17 7.342039627211881600e+16 -3.868683974245079200e+16 -2.128059487577051840e+17 2.213582013802429760e+17 1.328988200470811840e+17 -2.944083734746480000e+16 -1.682362741009963000e+16 -8.211164156634275200e+16 -1.005882746079631040e+17 -4.207821834411024000e+17 3.159105924751504640e+17 9.900673563701049600e+16 -2.353703451530738400e+16 6.337932039351446400e+16 3.983971297321933440e+17 1.057851700889769600e+17 1.266810779498868200e+16 3.704878559770708800e+16 -3.289239691759222400e+17 3.181431816738798080e+17 6.325862615953839200e+16 1.088025067164342400e+16 7.265922743406548800e+16 6.897444608306524800e+16 5.571131111653541600e+16 1.090662529302674816e+18 1.301889040082252160e+17 2.851845375081677200e+16 6.194590350487192320e+17 2.397846599557613568e+18 1.872972747907449280e+17 8.457910511996588800e+16 2.174165754871356000e+16 1.656971578719203000e+16 3.636223654314837760e+17 4.548552345257843200e+16 8.691519018000056000e+15 1.155852230478549750e+15 -7.263645247115598000e+15 -2.199026161425790080e+17 1.588712005917197440e+17 -8.610338696961500000e+15 -1.390667617884686400e+16 -6.026829414035440800e+16 -2.350513715907703000e+15 1.567516164524550200e+16 -1.439765626952619040e+17 -4.946839126231909600e+16 5.492784731696166400e+17 1.218781413134857920e+17 4.413979603883949600e+16 2.787469464177653600e+16 9.595515614830550000e+15 3.494407092416121600e+17 6.417738721929601600e+16 3.860913414434352000e+16 3.789700898669927200e+16 -8.348819892542627000e+15 -6.666951812573621000e+15 2.346488562946714560e+17 6.796838052207303200e+16 -2.561054290497300400e+16 2.602083709202617200e+16 4.293497959194578400e+16 3.161283075646942400e+16 -1.591755250101701120e+17 2.454954900027519680e+17 6.651456459887071200e+16 -1.645743458392193600e+16 3.001659634318523500e+15 2.462320284209404000e+16 3.856597067136572800e+16 2.008430885813829200e+16
-2.057085350449530624e+18 -3.987201534202321280e+17 -7.741457658887712000e+16 -3.332333658756286720e+17 1.332888858104269568e+18 1.364566351765214720e+17 2.405634167861384320e+17 1.484654925729282400e+16 2.305483973861408640e+17 5.042269049317736320e+17 5.920817686725992960e+17 1.072980507673680960e+17 1.656843213200658240e+17 6.902216756949736000e+16 1.906748281438237120e+17 -8.912113261777064000e+16 -8.959963710915785600e+16 4.914944009192900000e+16 7.010247184209418400e+16 -4.522950111029091200e+17 -4.539236040243359360e+17 1.442863633923718400e+17 3.121447157173529600e+17 -4.362555542606514400e+16 1.820906858456364400e+16 1.285140941860478240e+17 5.624906816030477600e+16 -2.750422053485824800e+16 6.650476604963282400e+16 1.298436032733765280e+17 5.072488823578476000e+16 7.432413029237184000e+16 2.725442367545150720e+17 2.115064814873963840e+17 -2.187807477105309120e+17 3.193044474080885200e+16 1.172364333963647040e+17 5.362695151357098400e+16 5.020826976655044000e+16 4.747163676401199200e+16 1.447958930198133760e+17 3.961462296048604000e+16 8.243464079060219200e+16 -2.296680797928837200e+16 1.740075166417520200e+16 9.119285117342003200e+16 6.122054414675004000e+15 5.590894268254904000e+16 2.392005373758650800e+16 3.171808589946490240e+17 2.459355655825000640e+17 2.606304694762981120e+17 1.920018980819090000e+16 1.154516104894182240e+17 1.872972747907449280e+17 6.608841630435669760e+17 1.163267028638230560e+17 6.940159572279575200e+16 4.380812342628748800e+16 2.965460847040327200e+16 1.040701567455804160e+17 4.051810338100810400e+16 3.267277531871957200e+16 2.566535180607675600e+16 4.968430375968796000e+16 5.880952529995928800e+16 9.494374552308484800e+16 2.030796940978074800e+16 4.818018103195352800e+16 3.217573797798748000e+16 3.021993382940922800e+16 6.543200018352206400e+16 4.787331777918354400e+16 1.332067110960983040e+17 2.040492477459886400e+17 6.446630389638325600e+16 6.986632944486672800e+16 -2.895926730754906800e+16 4.517712365546026400e+16 8.992143133681003200e+16 5.026359794352704800e+16 4.240853800812562400e+16 1.580244649304061800e+16 7.344209254372795200e+16 5.736868825831836000e+16 8.449020551302265600e+16 3.410413519429940800e+16 3.897973151485586400e+16 1.577221790604025200e+16 2.276007258104302800e+16 -3.010676563140185600e+16 1.101451813116310800e+16 6.953961519854820800e+16 2.056055179614134250e+15 3.829348870695278400e+16 1.424336161553968400e+16 1.849832355250532000e+16 2.276648939398556000e+16
1.091031230793400800e+17 5.384347936071232000e+16 5.244330502585297600e+16 -1.537197335723679040e+17 -9.091502843544279040e+17 3.399298571208920000e+16 2.892144807298134400e+16 -1.577034201750223200e+16 6.477088867311600000e+14 1.425029999332551040e+17 -2.678502299315142720e+17 9.788721522519097600e+16 2.884315038735850880e+17 1.132870672221751840e+17 5.314813391451192000e+16 1.365998917942110240e+17 6.996965125260480800e+16 6.468984897867255200e+16 1.543516798265305280e+17 1.082810422547995840e+17 -5.003130428628787200e+16 1.416620454468775520e+17 1.076338072675108320e+17 5.033262468451316800e+16 5.286055897006729600e+16 1.004678559193895840e+17 8.796505656382600000e+16 -5.075994037153491200e+16 9.187689502816387200e+16 7.517950528359872000e+16 8.593539144255620800e+16 4.044556152383319200e+16 2.932947408294396160e+17 9.092143869926230400e+16 8.026584629438097600e+16 7.560374181725694400e+16 1.000080504463816960e+17 1.397213190156883840e+17 2.340922728672009000e+15 4.095702785652316000e+16 6.594173170960971200e+16 9.181420966084161600e+16 5.532839356930676000e+16 -4.451423971764792800e+16 4.706085772971032000e+16 2.366345298387928800e+16 2.698548849307156800e+16 2.562534953123551600e+16 2.326431813398409200e+16 -2.179965759906312640e+17 4.621825714397339200e+16 8.907875829925646400e+16 1.774921813061528960e+17 2.059451372156411840e+17 8.457910511996588800e+16 1.163267028638230560e+17 3.902398809491998720e+17 9.887911649283672000e+16 5.414495473832120800e+16 4.440684483958738400e+16 3.367895050052011600e+16 6.734243271107597600e+16 3.253021962850388000e+16 1.690402773929038800e+16 -2.402975637571754800e+16 4.758169906867705600e+16 1.305167996502344400e+16 6.220624443031460000e+16 3.054012765476587200e+16 1.258533996896187000e+16 7.504480752334221000e+15 -3.205117901658156800e+16 1.194844361120415040e+17 9.958947426022889600e+16 4.921025798089937600e+16 9.797994940965280000e+16 6.091421524505844800e+16 -3.405823478666146400e+16 3.093330238596157600e+16 3.777112550885224800e+16 4.824720561574152800e+16 1.107121401044034400e+16 9.950645334265238000e+15 -4.177417736727205600e+16 8.128872018478294000e+15 3.441519003407177600e+16 4.168635669104063200e+16 2.583249693535692400e+16 1.360948583137044400e+16 1.443511204740717200e+16 -5.218211457811178400e+16 4.985996664677428000e+16 7.725300729473354000e+15 4.487867601885035200e+16 1.792031023526014800e+16 6.745544543676209000e+15 1.021881027779969200e+16 1.396290488860024200e+16
-4.406602160079283840e+17 4.130303250811174400e+17 7.524873526113824000e+16 -2.354717606508317760e+17 -5.571417031148289920e+17 1.086784611877052320e+17 -7.429951415080171200e+16 -2.456578730966028000e+16 -2.324448875114553600e+16 5.682180856848740800e+16 -9.823468447863137280e+17 1.866101414220123200e+17 1.439877474410768160e+17 2.517745619378561200e+16 -1.069724221037155000e+16 1.063929246903987200e+17 -1.641970193147589800e+16 2.049190274074290000e+16 8.180921274478083200e+16 3.161367130821367040e+17 -5.886514765369044800e+16 1.079384991165665760e+17 -2.137542359359918500e+15 2.906210260900563200e+16 4.415121893139190400e+16 2.488566559373011200e+16 6.478867686761896000e+16 7.128483506789260800e+16 8.432348680940628800e+16 6.789769006370401600e+16 7.275677793268456000e+16 8.870554264283259200e+16 8.333786860065027200e+16 4.566105892567099200e+16 -1.319392927348564160e+17 2.833490910075690000e+14 1.579926598878828200e+16 2.628091325447362400e+16 5.781357022904799200e+16 9.955360976206113600e+16 4.830001954773870400e+16 3.602131404981544400e+16 9.788123222590334400e+16 4.696019027295408800e+16 -1.470567027254552400e+16 4.450988002603408500e+15 -2.668162246710943000e+15 5.548172983168736800e+16 5.129928317064054000e+15 -8.818567493918736000e+16 3.643109318375190400e+16 5.593212926521480000e+16 4.637985861057044000e+16 -1.584128301668297280e+17 2.174165754871356000e+16 6.940159572279575200e+16 9.887911649283672000e+16 5.284422733642505600e+17 1.693003938489220400e+16 5.194538716651284000e+15 3.510846909049402400e+16 3.988321114926641600e+16 5.166425226748343200e+16 2.702711605634438400e+16 7.243063518193852800e+16 4.489867976362264800e+16 3.224311011760595200e+16 4.692688749889290400e+16 5.496233808920992800e+16 3.407509239361391200e+16 3.027045926358922000e+15 -1.573365109122117760e+17 8.567110213693537600e+16 6.796734316947764800e+16 5.913113698283256800e+16 5.011382931057794400e+16 1.245594650352876640e+17 6.842098301783079200e+16 -7.444869948434680000e+15 2.926643398084936400e+16 5.354045504244609000e+15 4.973278292827026400e+16 6.972725404817129000e+15 -4.245729093475458125e+14 -1.910362921742250800e+16 1.628426651515942400e+16 1.935231792034817200e+16 4.641718064005670400e+16 1.589229443456282200e+16 1.668577046206777200e+16 7.132000571739800800e+16 2.354796375807456000e+16 -5.950532408161329000e+15 1.427594183781046200e+16 2.357926380154717600e+16 1.406704020549943200e+16 5.111077633115194000e+15 -1.584458556150955400e+16
1.144607310221418496e+19 9.756999446862987264e+18 4.654724486989910016e+18 8.287527715896998400e+17 2.162124749386838400e+17 3.379471218527144960e+18 3.799800075838707200e+17 3.957729748359476736e+18 5.373930660299368320e+17 3.672605277738906240e+17 -4.873573017182710400e+17 6.731614902937210400e+16 3.237629524550763520e+18 -6.779499709898632800e+16 -6.758995837080290400e+16 3.964032629018945536e+18 3.474944662001096000e+15 1.428287885881450500e+15 -3.748573347533178880e+17 5.481507014619472640e+17 -1.154643766571409664e+18 -2.306433925065090880e+17 -2.125985531403139520e+17 3.144325981237088768e+18 -1.373521975092767040e+17 -6.887298504313534400e+16 -4.701483002283620800e+16 3.712327650655838208e+18 -3.039636171496155600e+16 -1.923318841030967040e+17 -4.038256424710976000e+16 1.399632254435661120e+17 -4.135536421714314240e+17 3.772919137642817600e+16 1.803918368368643584e+18 5.568851871250156800e+16 2.050449580450314000e+16 -2.423332463679350800e+16 3.411107365865564160e+18 -5.885474662804118400e+16 -3.715693586273554400e+16 6.827311452425521600e+16 -7.330205489424953600e+16 4.508957575866773504e+18 6.853138381427353600e+16 5.345384568908604800e+16 -2.687073576374803200e+16 -7.344225670031371200e+16 -6.506132804405789600e+16 8.112007463627272960e+17 3.219773818397136000e+17 2.975464496437043200e+16 -7.221636468399456000e+16 3.227807795053030400e+18 1.656971578719203000e+16 4.380812342628748800e+16 5.414495473832120800e+16 1.693003938489220400e+16 6.256640701642850304e+18 1.219297000568996160e+17 6.157733959644624000e+16 3.548840067127899200e+16 5.473052735993648000e+16 7.711345626063722000e+15 4.089810213506587648e+18 3.463418266642129600e+16 2.090905487148103600e+16 1.689994486753168000e+16 -2.247456035076972800e+16 2.783384116607774000e+16 8.289601953662836800e+16 2.264785338259502720e+17 -1.149240392294439680e+17 -7.545049756536641280e+17 3.399910817163012000e+16 1.094446332248759000e+16 -4.129873138730716000e+16 2.882155540717054976e+18 1.583083539774902400e+16 -5.051567626216428000e+16 4.989012082202404800e+16 -3.824332475491266400e+16 -1.463330200404496400e+16 3.255092617001539072e+18 1.189199624662898400e+16 -6.545632809012284800e+16 -7.530330609188507000e+15 -3.231418962944218800e+16 2.116407124545038000e+16 6.754890778783318400e+16 3.407679934363384320e+18 -7.174343248105991200e+16 -1.000049049153489280e+17 -3.881965063157079200e+16 -2.024174446346077200e+16 8.386935392447588800e+16 5.080629690882332000e+16 2.709881291771682000e+16
5.588164440482956800e+17 6.162584764702364160e+17 2.715719827463702080e+17 1.141865786553780992e+18 1.168410967523213920e+17 2.985928983850277120e+17 8.110598071283578880e+17 -1.654503977854484480e+17 2.311107987975160000e+17 -2.941331903212042240e+17 9.533111872119473920e+17 7.010685460266909440e+17 -1.915796438686162800e+16 3.427641642413219840e+17 3.989028718112922400e+16 -2.919937376679486720e+17 3.212194986659677440e+17 -3.470902428291890000e+15 7.414006150363302400e+16 -1.078283968681007104e+18 -3.225137115699340800e+17 3.983854906301542400e+16 9.427409863880974000e+15 -8.806454323688636800e+16 2.709359106368223040e+17 4.366165731033678400e+16 4.233588535921610400e+16 -2.301447501961922560e+17 2.408499509201548800e+17 7.714073174726488000e+16 1.963520897868080400e+16 -3.123693701814723200e+16 1.486200898791142400e+17 -1.989376744275136000e+16 2.936354056752865600e+16 3.149877250090467200e+17 7.534236822781981000e+15 -1.206598598172109600e+16 -1.386591998049598880e+17 2.977266859194098560e+17 3.699897205657303200e+16 1.519405055339212000e+16 3.949899711511134400e+16 -1.047989221372157600e+17 4.363749801078292480e+17 3.808624979947043200e+16 9.327224032974058750e+14 1.749675788086106600e+16 -3.480734147055320800e+16 3.494309268040854000e+16 6.994196829052907520e+17 5.321011507498007200e+16 4.242860763075680000e+16 4.329530335925200000e+17 3.636223654314837760e+17 2.965460847040327200e+16 4.440684483958738400e+16 5.194538716651284000e+15 1.219297000568996160e+17 9.180012714890859520e+17 5.883179895382481600e+16 -4.723018628736458000e+15 2.921995932198878000e+15 4.305885596323511875e+14 -1.712417500208624960e+17 3.522962388868697600e+17 4.424790440070642400e+16 2.433439296013666000e+16 -5.784581609574980000e+15 6.857788342800043000e+15 8.742143314236339000e+15 1.172967907731680000e+16 -2.864553657896306400e+16 -1.259810900281506080e+17 -1.883456503413664400e+16 5.025126473777041000e+15 1.320786277259799800e+16 4.282082629237261440e+17 3.330713098445156480e+17 4.759594991889135200e+16 1.832493689793565200e+16 6.416352514310415000e+15 1.950739570671750400e+16 -9.982234225840587200e+16 2.341789701475337920e+17 2.620913651999519600e+16 3.234846229705903500e+15 1.040099358604072200e+16 1.007674256447715400e+16 3.203849017818828800e+16 -2.126157563769834560e+17 2.395055927061769920e+17 1.056833429160566800e+16 -9.812745135869402000e+15 3.361445083461822000e+15 2.615866284230210500e+15 1.583184335723882400e+16 -1.614358422872313600e+16
3.574654810654353920e+17 6.250307249873700000e+16 -2.275228055075408320e+17 -1.106785275465820640e+17 1.058784454473013120e+18 9.735490953970280000e+16 1.703631104359515200e+17 2.523621598390626560e+17 1.332365633396247360e+17 2.608374139440076160e+17 1.191299384255208192e+18 6.372796245335434400e+16 2.547955505496580800e+17 6.401313430579275200e+16 1.870861073206893760e+17 7.772280621535790400e+16 2.497530408797902500e+15 1.237040618556128000e+17 4.343702586902397600e+16 -3.344225442141788160e+17 1.459728302103997440e+17 1.630320636288146560e+17 2.265360049967029440e+17 2.382608205626836800e+16 4.955192332750051200e+16 1.221455697682495040e+17 1.939298495165553750e+15 1.048806549011639600e+16 3.455163054012444000e+16 6.538433576881171200e+16 5.351415564592089000e+15 3.304210223578824500e+15 1.575993229241761600e+17 1.460532456074207040e+17 5.454649442338347200e+16 6.559481537830904000e+16 1.004182429229783840e+17 2.793350954265943200e+16 -8.232466605847254000e+15 5.660315446727484800e+16 1.061867290567879200e+17 2.800994531137372000e+15 2.081872777532342400e+16 3.410684946858593200e+16 2.614948206511581600e+16 1.993590369956753280e+17 3.275648728902553200e+16 3.257564450862088800e+16 5.865257416123118400e+16 4.369967815084090880e+17 -1.524312931997040320e+17 1.187479002282183680e+17 7.273868015741236800e+16 1.303509896755705760e+17 4.548552345257843200e+16 1.040701567455804160e+17 3.367895050052011600e+16 3.510846909049402400e+16 6.157733959644624000e+16 5.883179895382481600e+16 4.745601267361953920e+17 7.042974989260253600e+16 2.724773251891809600e+16 4.898448569523318400e+16 8.404177800775600000e+16 1.191742189570142200e+16 1.721390828735866560e+17 6.453053584592499200e+16 3.751460263045598400e+16 3.434171432462284000e+16 1.992507709190983600e+16 -4.349194212472694400e+16 5.038993745343820800e+16 1.196957348991978880e+17 8.500429247204604800e+16 2.838485622225095600e+16 3.479916608600260400e+16 -1.805738204721803840e+17 8.399742753832460800e+16 1.280985731384677920e+17 4.246959470176174400e+16 1.687867346165036200e+16 1.771831711601469800e+16 6.153135105395198400e+16 -1.293181550806798500e+15 9.933931794575406400e+16 2.905656004738145600e+16 3.725831287162746400e+16 2.305476202466651600e+16 1.959635093239555600e+16 5.655185505318487000e+15 6.924088122130448000e+15 7.398333760147267200e+16 2.978108223378788000e+16 1.175843815506884800e+16 1.702219749880603800e+16 1.528054432238496600e+16 9.688931533405202000e+15
4.305279172892544000e+17 3.822660324411988480e+17 5.365961303233204800e+16 -2.019437075334943360e+17 4.234556510893494400e+17 1.878926431355766720e+17 -4.220840277453646400e+16 6.556120561755525600e+16 -2.020210124889347600e+16 7.615164087879668800e+16 -2.154423104048385280e+17 -2.966112309043652800e+16 2.286500247887977920e+17 7.773310848797715200e+16 8.044273811949155200e+16 1.921168004847555520e+17 1.050234137966431680e+17 1.031367051213635840e+17 1.606385327978452480e+17 5.017686232444771200e+17 -6.401949437011430400e+16 2.571253439381298000e+16 -1.335433952698903800e+16 1.144376674229814800e+16 7.609871769393716000e+15 3.254296567727400400e+16 8.078322523687993600e+16 1.026697124998440960e+17 -2.439737820579551200e+16 -2.178669665668726400e+16 6.795300832787822400e+16 4.510874039436618400e+16 2.280793872894905920e+17 5.193881860697594400e+16 -1.355511306130930720e+17 6.240720257719405600e+16 7.927351783595745600e+16 8.350147301440636800e+16 3.902770597445205600e+16 1.496888866848053000e+16 6.240764547351668800e+16 7.133104154585980000e+16 3.401199771578526800e+16 5.191630604177828000e+16 4.196084760065394000e+15 8.596944165266214400e+16 1.223295922115358080e+17 3.928324124346696000e+16 1.653517823614985800e+16 -8.600788004057609000e+15 5.383082221428354400e+16 6.823273381814433600e+16 5.787307304304387200e+16 -3.198644447907143600e+16 8.691519018000056000e+15 4.051810338100810400e+16 6.734243271107597600e+16 3.988321114926641600e+16 3.548840067127899200e+16 -4.723018628736458000e+15 7.042974989260253600e+16 3.183693590268555520e+17 4.678250418112288000e+16 3.820429317567296000e+16 1.381345170338716800e+17 1.896041019013154400e+16 3.423063322807074400e+16 9.729012431142331200e+16 3.211665524385118400e+16 4.468620409059475200e+16 2.786285806966102000e+16 6.925134506502669600e+16 7.489466306965072000e+16 5.608310431052637600e+16 3.088311175260284800e+16 2.290004650187864800e+16 9.802282895550008000e+15 -6.866933056718896800e+16 -2.431094839645591200e+16 3.709106335863538400e+16 7.363837757686155200e+16 2.125018624498448400e+16 2.427178490665389600e+16 2.360654610950702800e+16 -1.358155821969630200e+16 3.051582437492905200e+16 4.677352641687774400e+16 3.921925786686290400e+16 2.678921002500958800e+16 3.433817746209466400e+16 4.180596556476656000e+16 -1.619674577927413800e+16 2.510571643490493600e+16 5.512434273136923200e+16 4.277359069295332000e+15 4.517699558925602000e+15 1.090144402865919400e+16 9.622809269910302000e+15
-1.021985772043274400e+16 4.210004185375480320e+17 1.726922670671458240e+17 2.649481775987784800e+16 5.663618855440263680e+17 1.128706765875913120e+17 -6.421932541570905600e+16 1.228892271319349600e+17 -9.913792532415110400e+16 -6.335409460155506000e+15 -8.515094633941863680e+17 -1.951412511132854000e+16 4.818333609692101600e+16 1.798154281114425000e+16 3.027612527774566000e+16 1.394658788972457400e+16 -4.936142213747515200e+16 1.658459777863452800e+16 9.543091251593294400e+16 -2.251880587792986240e+17 -2.781917038906107520e+17 1.709523513839210500e+15 2.016713795964005600e+16 2.263417296998401200e+16 3.497292005522889200e+16 8.487864939065757000e+15 2.580179664109393200e+16 1.134645653669661600e+17 6.124840420460063200e+16 -4.998182586572595312e+13 4.271916302227142400e+16 4.304495271671902400e+16 5.936096292584608000e+16 3.589009907203159600e+16 -2.771800016590684800e+16 3.763917025627917600e+16 3.999775835095420800e+16 2.514972342025996000e+16 7.362869193417680000e+16 4.738820857856962400e+16 3.311038646667753200e+16 3.633381632932850400e+16 3.986959671561444800e+16 1.083980407433606080e+17 1.871402742503146800e+16 3.084345524699852000e+16 3.499971426124451200e+16 9.086371489321848000e+16 6.411124700521410400e+16 -6.739741005897903200e+16 -3.911459857819486400e+16 2.103500093824574800e+16 1.151381391665091800e+16 1.163639372349944800e+17 1.155852230478549750e+15 3.267277531871957200e+16 3.253021962850388000e+16 5.166425226748343200e+16 5.473052735993648000e+16 2.921995932198878000e+15 2.724773251891809600e+16 4.678250418112288000e+16 2.220741701581010240e+17 7.762123728037334400e+16 1.307203336271813600e+17 3.754552661360268000e+16 4.588286393954964000e+16 3.597504098521762800e+16 6.910624141427508000e+16 4.504684881671533600e+16 5.696432806974122000e+15 6.001051249774170400e+16 1.444382730840762800e+16 1.685216037512978560e+17 2.638025653789484800e+16 2.064701101810808400e+16 2.981965662693628800e+16 1.870087863779357440e+17 2.123366342228701600e+16 1.198740422205972800e+16 2.492981736642815600e+16 4.735863650373696800e+16 3.338166850827660400e+16 3.819317716483383200e+16 9.742815343523194000e+15 2.035471658009041600e+16 3.198395497496719600e+16 3.627188540107815200e+16 1.837132969501712000e+16 2.610436766343821200e+16 4.737630554034550400e+16 -9.292732710511928000e+15 1.855065075787937750e+15 2.139026932584683600e+16 5.967235494744799000e+15 1.677221551746190000e+16 1.978112557726762400e+16 9.959961663389640000e+15
-3.951355788546449920e+17 3.949015761272972800e+16 7.850409690468204800e+16 -1.752916229022544640e+17 3.123313875551957120e+17 -1.528208957813424000e+16 -5.724828270682640000e+16 1.394057814609929120e+17 -1.101086142139159040e+17 1.204296815095711840e+17 -8.909267819469800960e+17 1.332733881134144800e+17 -4.611948887782848000e+16 5.369690272964828800e+16 3.327080613707588000e+16 -1.138054437330081280e+17 -3.872465604984363200e+16 2.800945926519840400e+16 7.434325509016785600e+16 -1.004414905329946240e+17 -5.883466323374668800e+17 -1.766946783122052200e+16 7.266733068468297000e+15 -1.765012006854200000e+17 2.003505326757305200e+16 8.509244719804575000e+15 1.001138673534099600e+16 -2.470012449224644400e+16 1.824492130411666000e+16 1.492101650373494400e+16 -3.245214763539884500e+15 -1.118726520348106000e+16 -3.021846071729792640e+17 1.803173363240307600e+16 -2.390961738159483840e+17 -1.237808610423858250e+15 2.848738280568006800e+16 9.899931142204916000e+15 -2.381399395076026000e+16 4.196528368046687200e+16 5.817590371711770400e+16 4.024264012811191200e+16 4.252343695060325600e+16 2.998184023062178800e+16 1.675460878458670200e+16 5.258258595581782400e+16 9.044649453296777600e+16 7.405702671536948800e+16 1.810071165611404160e+17 -6.204403641172198000e+15 1.230405593420663040e+17 2.374460240561584400e+16 2.591058873407938400e+16 1.288522827956367040e+17 -7.263645247115598000e+15 2.566535180607675600e+16 1.690402773929038800e+16 2.702711605634438400e+16 7.711345626063722000e+15 4.305885596323511875e+14 4.898448569523318400e+16 3.820429317567296000e+16 7.762123728037334400e+16 3.592705889259131520e+17 2.819680042923638000e+16 1.654777113917545600e+16 3.994318054261449600e+16 2.268002243379813200e+16 2.966807206368155600e+16 9.211183194903756800e+16 4.746342418237431200e+16 -3.703051462226225600e+16 3.730008468214272800e+16 1.396325804222004000e+17 6.282060539637112000e+15 2.355826679780782800e+16 3.191937739306912800e+16 -4.079228913614014400e+16 3.228554282010082000e+16 3.023444712016718800e+16 2.396150089152477200e+16 3.425033574238371600e+16 7.399646491837492800e+16 2.288334263451254400e+16 1.300077123829412400e+16 -5.283447684939491875e+14 4.545500596340671000e+15 2.453232241326037600e+16 4.429093610054399200e+16 2.850423159350948400e+16 -1.486369487535608000e+16 5.229082348894903000e+15 -9.537020639001716000e+15 -5.179722919609529000e+15 9.193479310395646000e+15 1.352577412737252400e+16 1.606610316130341800e+16 3.978501526267707000e+15
2.955887944441593446e+19 1.005244936004712858e+19 1.241236445106370560e+19 4.267594530064631680e+17 3.925829715075294080e+17 4.475521162499123712e+18 -6.837099517866722560e+17 9.931369832001931264e+18 -3.553085549817720320e+17 1.401004480136427200e+17 -1.439123970071878400e+18 8.089316389667652000e+15 4.199349080616426496e+18 -3.482680830733636480e+17 -1.551651617740224000e+17 9.725663765213284352e+18 -3.674304470502549120e+17 1.068779352328639200e+17 -1.388315660067245600e+17 3.825046578775713280e+17 -3.017317670157931008e+18 -3.078297403132944640e+17 -2.790659869075672000e+17 3.575058507429420544e+18 -2.745845532194609600e+17 -2.085101794912612400e+16 -9.310772149839084800e+16 9.067057398032441344e+18 -3.211791076802080000e+17 -1.565256151653642240e+17 -1.088007798051035840e+17 1.261378519239107680e+17 3.074600801412674560e+17 2.454802383529424960e+17 -7.008362762405566720e+17 -2.327735985217712320e+17 9.207765300414412800e+16 5.801329904829900800e+16 4.049037286229952000e+18 -2.743580194187414720e+17 -1.174572612670582080e+17 3.456590285006853600e+16 -1.976296497969574000e+16 9.235197775832295424e+18 -2.869677367631312960e+17 -4.197265006803131200e+16 -4.091480271061738000e+15 -1.107282582404939200e+17 -1.030656086551019200e+16 2.369238568908298560e+17 2.254787071814018880e+17 1.742165451903212160e+17 3.112832865915085000e+15 2.496031407375046000e+16 -2.199026161425790080e+17 4.968430375968796000e+16 -2.402975637571754800e+16 7.243063518193852800e+16 4.089810213506587648e+18 -1.712417500208624960e+17 8.404177800775600000e+16 1.381345170338716800e+17 1.307203336271813600e+17 2.819680042923638000e+16 1.134281174090877133e+19 4.489325235559800000e+16 9.680393344212478000e+15 1.369998029640138560e+17 1.429281324598619360e+17 1.172572614461687680e+17 1.760613942086808320e+17 -5.751829652347211200e+16 -1.009325542815410600e+16 -1.000509482596855040e+18 4.002578843277666400e+16 1.081195935703971600e+16 -8.531600950513123200e+16 9.594803143258147840e+17 -1.387845931657258080e+17 -4.489680392858512800e+16 8.550433361337470400e+16 -1.482841339528576200e+16 -6.904037607296364000e+16 4.204007457479539200e+18 -2.250687829947295040e+17 -9.506272324405086400e+16 8.780884865934713600e+16 5.089631354591548000e+16 4.793208574618141600e+16 1.036470759765477600e+17 8.624725321028785152e+18 -3.078383933010785920e+17 -4.722125880467245600e+16 -1.220996114981058000e+16 4.143765913527138000e+15 -3.051112828204426000e+16 8.364542703579611200e+16 1.666427252370985400e+16
2.195878910727324928e+18 6.111551788449216000e+17 -8.134675093481440000e+16 1.334518917617278976e+18 -5.923046737718507520e+17 2.570233897200871360e+17 8.173453397788732160e+17 -3.656254610098958720e+17 3.003385880946227200e+17 -1.123651529085149440e+17 1.296214374479365440e+17 6.254452558377286400e+17 3.445531319441783200e+16 2.818854086624881920e+17 1.020738977806897200e+16 -2.276144183369717760e+17 3.302507454087914880e+17 -9.273336593364963200e+16 -3.190349595917164400e+16 -1.420037312264091392e+18 3.679736029517584000e+16 9.863089723809038400e+16 -2.818281277216142000e+16 5.313410253440550400e+16 2.970694892165301760e+17 4.175777467465493600e+16 5.201334075606828800e+16 -1.467043618775948800e+17 3.084151415593055360e+17 5.857636311742370400e+16 -3.628662755756211200e+16 3.314092998139417600e+16 1.979170561363354880e+17 4.604618145278045600e+16 -2.243857959656529000e+15 2.066171130507836480e+17 -1.542326856490540400e+16 2.063903485950498000e+16 -8.317609294707014400e+16 2.756578335348855040e+17 4.948424399122316800e+16 2.302526251320754400e+16 3.976493365066736500e+15 -1.682236715547615360e+17 3.155679078931607040e+17 7.981496115045713750e+14 -1.632161078077245000e+16 -9.596287868684664000e+15 -1.362662544402385600e+16 2.767972956916026560e+17 3.611717787797806720e+17 9.938542254179870000e+15 -6.526310737048942000e+15 4.046609490012104500e+15 1.588712005917197440e+17 5.880952529995928800e+16 4.758169906867705600e+16 4.489867976362264800e+16 3.463418266642129600e+16 3.522962388868697600e+17 1.191742189570142200e+16 1.896041019013154400e+16 3.754552661360268000e+16 1.654777113917545600e+16 4.489325235559800000e+16 1.266421490132747264e+18 1.511595770504805120e+17 4.556976506755939200e+16 3.705343857113522400e+16 2.347569916302950800e+16 4.785181119215240000e+16 -1.512873587649542400e+17 -1.014241745060625280e+17 -2.003435270072120960e+17 -1.316902602000060400e+16 1.943532580063306800e+16 1.340325319340584400e+16 1.132747039799406880e+17 2.237788334272850240e+17 2.315812737055590400e+16 2.221843637417465250e+15 1.132162083410326500e+15 -1.068259029029947200e+16 -4.533794939114144800e+16 3.419130890792092800e+17 4.409493665011462400e+16 1.961911064865821200e+16 2.613961697669644800e+16 2.515194166599583200e+16 2.206706021032961600e+16 -1.348972271934630400e+17 3.280157253259747200e+17 4.791558583804459200e+16 2.398805009306668800e+16 -1.198977617261011400e+16 1.419666334728869800e+16 -4.102248349539169000e+15 -1.229386367454145000e+16
4.231613897040696800e+16 -4.562943968023473600e+16 1.378135306856163360e+17 1.212407387629831200e+17 -3.178238825936043520e+17 1.017547101202802080e+17 1.134599387704320800e+17 9.721270521248824000e+16 1.969104945881643200e+17 3.046175670833953920e+17 5.357878985459909120e+17 7.242335507436921600e+16 3.733250495882264000e+16 6.472648914376969600e+16 1.605326997603218560e+17 -5.366734077948783200e+16 7.770059507462145000e+14 6.176011800724192000e+16 -5.145192165168794400e+16 1.903288121423863040e+17 1.708509317958335360e+17 1.766754894238003500e+15 1.350247485380997600e+17 -1.826519065483840320e+17 2.316687881147144800e+16 8.932861672205976000e+16 -1.349390329549543800e+16 -1.580375189316069440e+17 7.193986766645106000e+15 7.209069484670915200e+16 1.321409652611353600e+16 4.185189100939595200e+16 -3.780767346190171520e+17 1.168843801222706240e+17 -2.121160675271015040e+17 1.364797152748252160e+17 7.771135790784033600e+16 8.436993867502748000e+15 -3.290627454639159600e+16 5.979282723673488000e+16 6.913410777753788800e+16 4.029871631412193000e+15 4.206350160896412000e+16 -4.881817782955164000e+16 -1.382684681547505800e+16 8.408503445588944000e+16 -1.552884329630760400e+16 3.131825218420816000e+16 -2.682031856414982400e+16 1.456250644996170880e+17 7.020067975265129600e+16 4.875288422400313600e+16 8.048931998255048750e+14 1.059037027141084000e+17 -8.610338696961500000e+15 9.494374552308484800e+16 1.305167996502344400e+16 3.224311011760595200e+16 2.090905487148103600e+16 4.424790440070642400e+16 1.721390828735866560e+17 3.423063322807074400e+16 4.588286393954964000e+16 3.994318054261449600e+16 9.680393344212478000e+15 1.511595770504805120e+17 7.783751173279432960e+17 6.887585133789340000e+16 6.695578697714218400e+16 2.984603889145684800e+16 3.265259096091908400e+16 -2.372613628565805440e+17 -5.804599836229193000e+15 8.221389010970524800e+16 5.893864917434050400e+16 1.873790132399703500e+15 -6.470694931353610000e+14 -5.236515457821572800e+16 1.084820980608640640e+17 6.935032499093808800e+16 3.498285564567782400e+16 -4.404722005573841000e+15 -1.527941031171347800e+16 4.728723983904488800e+16 6.386140157125831200e+16 1.411281051278400160e+17 4.275818271950140000e+16 2.497291642723651600e+16 3.360400304654172800e+16 4.440393858085269600e+16 -8.898797124844739200e+16 2.910251914946034400e+16 1.000667102644818080e+17 1.807125414106973200e+16 9.834606494973116000e+15 -1.307273955072038200e+16 9.765242814309742000e+15 2.345844210700779200e+16
-3.617736087217558400e+17 6.878969724061564160e+17 3.859925724351149440e+17 -3.222686490043703680e+17 -7.570073105258150400e+17 2.206815094479865280e+17 -1.684538273278584800e+16 2.191807201100491200e+16 6.769042782507664800e+16 1.121913437337042080e+17 2.388289665658302720e+17 -1.674886371675733760e+17 2.476065300084036800e+17 5.429627655674766400e+16 1.256035373510246000e+16 2.102661298609666560e+17 1.006974891959292000e+16 4.630447366832072800e+16 1.247171443915681920e+17 6.504294960652528800e+16 4.821027950772975360e+17 5.480971682052510400e+16 -3.168899649330393200e+16 -5.326884813814616800e+16 4.443235984147598400e+16 4.526166949577586400e+16 6.356521642190672800e+16 -4.277736080659086400e+16 1.321057330171522600e+16 4.199783015843688000e+16 8.945120466090995200e+16 6.595800366223955000e+14 7.562636720762619200e+16 -7.502180771941710400e+16 -6.842073454582222400e+16 9.175454224460006400e+16 8.893174515945340800e+16 5.579155222182282400e+16 3.686258636516930400e+16 1.743291751753724800e+16 2.385847726068083000e+15 4.810890180584052000e+16 1.278558640246789600e+16 3.886769501717289600e+16 4.549196153820972800e+16 6.453430599726136000e+16 8.671179146669772800e+16 2.075919171952214000e+16 1.227094252301378800e+16 2.223382174820789760e+17 2.863241387571686720e+17 8.792593611939803200e+16 9.472285736349284800e+16 2.714194775937638080e+17 -1.390667617884686400e+16 2.030796940978074800e+16 6.220624443031460000e+16 4.692688749889290400e+16 1.689994486753168000e+16 2.433439296013666000e+16 6.453053584592499200e+16 9.729012431142331200e+16 3.597504098521762800e+16 2.268002243379813200e+16 1.369998029640138560e+17 4.556976506755939200e+16 6.887585133789340000e+16 5.187273056107066240e+17 8.542682738138684800e+16 3.838865619748752000e+16 5.451214248848388000e+16 9.595230963288340800e+16 6.517248304785104000e+16 -9.121712640728465600e+16 -4.308143327637546000e+15 5.303728664529253600e+16 3.176019327942706400e+16 -2.221646440236591360e+17 5.819565339496560000e+16 3.564934487187186000e+16 5.308009514502918400e+16 -1.934426392831846250e+15 1.143272667286184500e+15 7.166222251697257600e+16 3.200749068313832400e+16 4.475348097499849600e+16 9.740783228031348800e+16 4.005119940372952800e+16 1.715066578463744800e+16 4.666538106717911200e+16 -4.129786414141207200e+16 1.231340913235036200e+16 3.075413445153009200e+16 5.868173619246327200e+16 -7.366643018042821000e+15 -6.367493651761413000e+15 7.979035614108253000e+15 2.074417699393824800e+16
-1.935700548070036160e+17 6.460226861194094080e+17 -6.593369437689111200e+16 -3.329506619130106880e+17 -1.300573684301530880e+18 -1.781784103655228800e+17 -1.018989482227336480e+17 1.010634044748037920e+17 -1.282092097739940640e+17 -7.782963941810660800e+16 -2.233269871025137200e+16 -1.835818682422413760e+17 2.225490065582186800e+16 1.782018716670421400e+16 4.123687215729138400e+16 1.175515275436056500e+15 -2.467194172296252800e+16 -2.685239763645777600e+16 3.747685291557419200e+16 -2.748102587858251520e+17 2.759380439196640960e+17 9.110171498840974000e+15 7.086489750851940000e+16 -1.114843273457669280e+17 -2.332348407235917000e+15 3.089019561224163600e+16 5.887486314145787200e+16 1.133738464448416160e+17 5.923970638238585600e+16 5.220029494575600000e+16 1.431473772900994200e+16 5.656718769692743200e+16 -8.463766840587260800e+16 1.134122142503207040e+17 -1.114366399187411840e+17 3.234457938354456400e+16 5.807693918159083200e+16 1.535048930885726600e+16 1.013172357177639250e+15 4.174069535266002400e+16 2.374100667504484000e+16 2.993915659483784000e+16 4.632386083607337600e+16 2.353197876180629200e+16 -2.159860522890670800e+16 -1.178919715153706250e+15 4.340083909062744000e+15 3.565402278346685600e+16 3.309453132797880400e+16 4.168965836465786880e+17 4.254058881632180000e+16 5.638234116600740800e+16 -1.870564394096500400e+16 9.756553499984659200e+16 -6.026829414035440800e+16 4.818018103195352800e+16 3.054012765476587200e+16 5.496233808920992800e+16 -2.247456035076972800e+16 -5.784581609574980000e+15 3.751460263045598400e+16 3.211665524385118400e+16 6.910624141427508000e+16 2.966807206368155600e+16 1.429281324598619360e+17 3.705343857113522400e+16 6.695578697714218400e+16 8.542682738138684800e+16 3.705958419982878720e+17 6.074210183238082400e+16 -6.946539316013701250e+14 -3.130218598170667600e+16 3.342239924887666800e+16 -1.983163197057688320e+17 2.386149518264182000e+16 3.402690035624834400e+16 2.868721532970241600e+16 3.216759415919883200e+16 -4.019819568691776000e+15 2.753369744330332800e+16 1.753579950576572400e+16 2.973774991102686400e+16 -1.306501165359632400e+16 3.439567075076680000e+16 2.636267485403979000e+15 1.718586334067785200e+16 3.511538103426389200e+16 6.008999495194520800e+16 2.919013561662675600e+16 2.954891296876501600e+16 1.511302016447060200e+16 -1.813423931141521200e+16 1.313195831715539000e+16 1.328082427615086000e+16 1.321120080254825200e+16 -6.007624737170150000e+14 1.826789821459648000e+16 1.321270242260595000e+16
1.877925162287724160e+17 1.438255858554103200e+17 1.626664964365891400e+16 -1.818878463913667520e+17 -1.726141932365339904e+18 -1.071060490024606880e+17 -4.080519587798120000e+16 5.771380646829300800e+16 -1.272259129974501600e+16 1.039327367724410240e+17 1.343398969038697440e+17 -5.852022307400516800e+16 3.175002055403665600e+16 4.847677406707150000e+15 1.715564489573453200e+16 -6.192609785668082400e+16 -6.850242242384011200e+16 1.336184249631395600e+16 6.657730077448750400e+16 1.144005648878060320e+17 -3.519342549003383040e+17 7.045334644299995200e+16 6.072181892445876000e+16 -1.592694651704739520e+17 7.031973500185328750e+14 2.069734238279856000e+16 -2.542817360562456641e+13 -1.199870016183786000e+16 2.911142896742765000e+15 2.833417956850867200e+16 -2.508885653689776000e+15 -8.838029181200529000e+15 -2.090670879042015680e+17 -4.235471359444691500e+15 -2.496077630366560320e+17 4.671149789480388000e+16 2.260943157119444800e+16 1.287560783245365200e+16 3.690115496303642400e+16 4.438108271043941600e+16 4.063461040478346400e+16 2.638739410916851600e+16 2.320691231548009600e+16 7.919226732256864000e+16 5.645785978236316000e+16 2.791043939196622800e+16 4.759229783057616800e+16 3.413086044869883600e+16 9.066080301138884800e+16 2.463618324639678720e+17 1.453886660848371840e+17 3.915222111484354400e+16 -8.464879958321010000e+15 1.066535939186036960e+17 -2.350513715907703000e+15 3.217573797798748000e+16 1.258533996896187000e+16 3.407509239361391200e+16 2.783384116607774000e+16 6.857788342800043000e+15 3.434171432462284000e+16 4.468620409059475200e+16 4.504684881671533600e+16 9.211183194903756800e+16 1.172572614461687680e+17 2.347569916302950800e+16 2.984603889145684800e+16 3.838865619748752000e+16 6.074210183238082400e+16 2.984548744236477440e+17 1.061115272682720640e+17 -2.273582564814851600e+16 2.866532187589912000e+16 1.912726231545688400e+16 2.594876224813516000e+16 1.934860831122446750e+15 -3.758772643066509500e+15 -2.125543704430185600e+16 1.721335614375076000e+16 6.041710141542376000e+15 2.165907027100011600e+16 2.130142892200404800e+16 2.896072573308884000e+16 2.770753235093042400e+16 8.405666551460383000e+15 2.300522907165323200e+16 2.679975552633074800e+16 3.414692852989944000e+16 4.095998654627210400e+16 5.205928828367719200e+16 5.394298767590786400e+16 -2.111915847350505750e+15 -1.581599247999820625e+14 -7.236423837034749000e+15 9.450791676378138000e+15 2.439934808651401600e+16 3.128897861151160400e+16 1.203134222766910400e+16
1.660771871456353792e+18 1.039726974982772320e+17 -5.765487973676400800e+16 -2.782561835156221120e+17 -1.642812530671830400e+17 -2.455425035556566720e+17 1.713923448962713600e+16 -9.837899896240520000e+16 7.808491353672659200e+16 3.707286755031492000e+16 -1.342587492182788750e+15 6.636347347120935200e+16 3.917950475312534400e+16 2.936546295749651600e+16 -6.258426976023008000e+15 5.193245151503631200e+16 -4.934065367060232800e+16 -6.142148860853889000e+15 4.346079464012233600e+16 4.048095736198247680e+17 -8.608661258654945280e+17 -5.824107183699013600e+16 -1.025173480895714080e+17 6.519380921270452000e+15 -4.761997707413762000e+15 -3.745041797693005500e+15 1.028988473953301000e+16 -9.328401173807310400e+16 -4.414044365536858500e+15 -1.377305453479539400e+16 4.606901167518524000e+16 -2.829368379001195600e+16 -4.889430734274334720e+17 -7.174780120153716000e+16 4.386187746533036800e+16 -3.838370650922689600e+16 4.299143894570665500e+15 1.188742828742947000e+16 6.545029302614080800e+16 -3.977832729189916800e+16 4.398500194889717500e+15 4.075853871046601500e+15 -1.134110326439595600e+16 5.577806605245948800e+16 6.863370555815482000e+15 -3.971468845172163200e+16 2.157816162564126750e+15 2.631923340945238800e+16 -9.039837948489470000e+15 2.937404899490200960e+17 1.486491403685692800e+17 5.805599067576603200e+16 1.418806412113083600e+16 4.246594602990982400e+17 1.567516164524550200e+16 3.021993382940922800e+16 7.504480752334221000e+15 3.027045926358922000e+15 8.289601953662836800e+16 8.742143314236339000e+15 1.992507709190983600e+16 2.786285806966102000e+16 5.696432806974122000e+15 4.746342418237431200e+16 1.760613942086808320e+17 4.785181119215240000e+16 3.265259096091908400e+16 5.451214248848388000e+16 -6.946539316013701250e+14 1.061115272682720640e+17 7.594271938121297920e+17 -2.552774372625097600e+17 -3.361377765450220000e+16 4.774696569724424800e+16 -2.524985509862537200e+16 -5.625289459600441250e+14 -2.616239003657264800e+16 -1.326736328518571040e+17 2.730210909958647600e+16 -1.846386604512056000e+16 2.648859440034601200e+16 -1.610238679239679000e+16 -1.038393668906704800e+16 8.564160688776721600e+16 1.603517063354216600e+16 4.271174248063889600e+16 4.914745376515233600e+16 1.887351302655216400e+16 1.905081715390778400e+16 1.291030369452633760e+17 3.924762555448278400e+16 -4.566413725205154400e+16 9.976662100002622000e+15 2.256456807897765600e+16 6.294656214813483000e+15 7.390918591954718000e+15 4.578984240585125600e+16 2.206595809418615200e+16
-1.896006166612416768e+18 2.965348123792031744e+18 -1.924970276856286976e+18 -1.050748209625305728e+18 1.778980984840414618e+19 3.806081735966700800e+17 -4.449519037729609600e+17 4.002541749445267840e+17 -4.444607116722635520e+17 -9.216081977366010880e+17 1.620972742235081472e+18 -4.869728502730468480e+17 1.277525603915172000e+16 -5.212451768148513920e+17 1.645787702636301760e+17 1.081715158585867136e+18 2.721814270948048000e+17 -4.882975701243173600e+16 3.120178640337912320e+17 2.157488477623170048e+18 1.713793067801795840e+17 -1.146213929718190469e+14 -5.276821005836554880e+17 9.138029547264409600e+16 1.258921208080794720e+17 1.432794693504129600e+17 1.745793053145979200e+17 -5.214263965532641920e+17 -4.602421356654688640e+17 -4.601477896042620000e+16 -1.386303148463281250e+15 3.070143351511045120e+17 1.350116096394859520e+18 2.932615470420431360e+17 3.461202066382653952e+18 4.835204517550025600e+16 -1.326404351300664160e+17 -6.240507930279796800e+16 9.151614092172545600e+16 1.442896435240902500e+15 -3.095268453205378500e+15 -1.541398586912717440e+17 -2.214654579757755520e+17 -1.080899188707700160e+17 5.805323568952710400e+16 2.265522877998460480e+17 -8.997613218034168000e+16 -1.161158596225320000e+17 -7.090965500201299200e+16 -1.369624273158012160e+18 1.827061361213279488e+18 6.566804420675948800e+17 -2.347542945951226880e+17 -8.281822696195911680e+17 -1.439765626952619040e+17 6.543200018352206400e+16 -3.205117901658156800e+16 -1.573365109122117760e+17 2.264785338259502720e+17 1.172967907731680000e+16 -4.349194212472694400e+16 6.925134506502669600e+16 6.001051249774170400e+16 -3.703051462226225600e+16 -5.751829652347211200e+16 -1.512873587649542400e+17 -2.372613628565805440e+17 9.595230963288340800e+16 -3.130218598170667600e+16 -2.273582564814851600e+16 -2.552774372625097600e+17 3.205063138227564954e+19 5.516221663569453440e+17 1.015186399940620416e+18 6.640945919787914240e+17 1.736492906357123600e+16 -2.017062895821151680e+17 4.227030031938753280e+17 -2.513798840954618560e+17 -4.345540430474372800e+16 -3.022314606895004000e+16 -6.679628105765147200e+16 -4.924225857711164800e+16 8.490322393971539200e+16 5.042225265414680800e+16 5.970677588212295200e+16 5.309332790942597600e+16 -6.828778407128067000e+15 1.184423865380170800e+16 -1.232388774528787040e+17 -1.026587528541042240e+17 -5.808684963918200000e+16 3.313730094232451200e+17 1.728309121733091520e+17 7.359221805059240000e+16 -9.972983196962275200e+16 -5.252267414247133600e+16 -6.611500481283582400e+16
-8.047956240317049600e+16 2.402527162203224000e+17 3.981688873405512960e+17 -1.996487057906259520e+17 2.850991877245008384e+18 4.383356983239147520e+17 -1.615289959275781120e+17 3.081176705172330880e+17 -4.808731777649298400e+16 9.439675337425982400e+16 -3.028994311416899200e+17 -2.102370916617836800e+17 2.510703852645551040e+17 2.003862595159756000e+16 1.506165734899973440e+17 1.451990466952119680e+17 5.360174326342864000e+16 1.790415207355734400e+17 2.809067540966414080e+17 8.041630294938276800e+16 4.768195156426450560e+17 6.750410376956980800e+16 5.150836310842567200e+16 -8.625225285217808000e+16 3.202776723855964844e+13 1.080085855835784320e+17 2.640984328933305280e+17 2.379205171462176640e+17 -3.124307164751230800e+16 1.624621397334126400e+17 1.335209546791443520e+17 7.494078620030075200e+16 2.870110942668723520e+17 4.806481156527116000e+16 6.139538744899507200e+17 1.682893684304400640e+17 6.567118535183133600e+16 1.972298348358540160e+17 5.844309603438768800e+16 4.664024053998914400e+16 1.369960761703921920e+17 8.732181762213732800e+16 9.408545295275737600e+16 5.063734079505223200e+16 1.443963261358215680e+17 8.169932153052081600e+16 6.134687836849253600e+16 9.914631173102454000e+15 -5.037177951868184000e+15 -9.640579019595948800e+16 1.983440065176478720e+17 1.965685791373219520e+17 2.856176733841001280e+17 2.567416369952271040e+17 -4.946839126231909600e+16 4.787331777918354400e+16 1.194844361120415040e+17 8.567110213693537600e+16 -1.149240392294439680e+17 -2.864553657896306400e+16 5.038993745343820800e+16 7.489466306965072000e+16 1.444382730840762800e+16 3.730008468214272800e+16 -1.009325542815410600e+16 -1.014241745060625280e+17 -5.804599836229193000e+15 6.517248304785104000e+16 3.342239924887666800e+16 2.866532187589912000e+16 -3.361377765450220000e+16 5.516221663569453440e+17 2.317149547405170176e+18 -1.646003030452360960e+17 1.165946432885914240e+17 2.443610262434283520e+17 1.874673994688697600e+16 -1.912295997545969920e+17 2.341521851545915200e+16 6.569993454898889600e+16 5.124988234743541600e+16 1.123469274964092969e+14 -2.322632227173628000e+16 -8.645337444923488000e+16 -2.434871789092229600e+16 1.886006881860183200e+16 7.007932027833780000e+16 2.777062775614778400e+16 -3.165439665543961500e+15 -1.228929679648224400e+16 6.048014994358177600e+16 3.164029521901389500e+15 2.210905682075788800e+16 8.733361373559625600e+16 1.680698638310138800e+16 1.968632784469046800e+16 2.397116382239795600e+16 -2.783680354459880000e+16
-1.107808023749500109e+19 9.854532770110728960e+17 -1.416259196269977856e+18 2.350191135122232320e+18 -3.367798091470324736e+18 1.610656958388840448e+18 -4.842675380779426560e+17 8.894671343245136640e+17 -5.658904355297948800e+17 6.272052275182434560e+17 1.481271517845051136e+18 -3.574656909569427200e+17 -2.169959393752150080e+17 -4.775387343485217280e+17 5.982698023886785280e+17 5.815382686356641280e+17 -4.855483837009157120e+17 1.248394272626786560e+17 5.282118368386834400e+16 -2.136501333196919552e+18 -1.210469983138306560e+18 -1.717672574974265280e+17 2.903822232784520625e+14 3.135127308448943200e+16 -1.682428054737948000e+16 1.267294560729219200e+17 -3.483656284522743680e+17 2.428823343263239360e+17 2.375493322756806080e+17 1.395439948566979360e+17 -4.234921897839276000e+16 5.953274788326455040e+17 1.170367330791133696e+18 -1.672925042865132480e+17 -1.771199808687694080e+18 6.215690575277951200e+16 2.398202055592975040e+17 8.649198872468987000e+15 -4.114612509067082240e+17 -1.374524191581850560e+17 1.266923281216011040e+17 -1.256892722227634400e+17 1.222071451381642560e+17 -2.080961399231054720e+17 -8.133574710272576000e+16 1.475388010392081280e+17 3.644383621451174400e+17 1.373937798559703200e+17 3.739588538506343200e+16 -2.301821363502912768e+18 3.267798205145270400e+17 2.324500446409902400e+17 9.541093460082753600e+16 -2.536876812044829696e+18 5.492784731696166400e+17 1.332067110960983040e+17 9.958947426022889600e+16 6.796734316947764800e+16 -7.545049756536641280e+17 -1.259810900281506080e+17 1.196957348991978880e+17 5.608310431052637600e+16 1.685216037512978560e+17 1.396325804222004000e+17 -1.000509482596855040e+18 -2.003435270072120960e+17 8.221389010970524800e+16 -9.121712640728465600e+16 -1.983163197057688320e+17 1.912726231545688400e+16 4.774696569724424800e+16 1.015186399940620416e+18 -1.646003030452360960e+17 3.440157858858848666e+19 4.318149387238712320e+17 -5.507180634814492000e+16 2.856039175378509440e+17 -4.557824721048478720e+17 7.607700727876741120e+17 2.574082865692054720e+17 2.028534695171211200e+17 1.114429682329751200e+17 1.761638530096215040e+17 -9.494035577589067520e+17 -8.959113800921430400e+16 1.974551983077654080e+17 1.197084412777336400e+16 1.852147687450336000e+15 3.269507380268099200e+16 8.274433860940230400e+16 -5.605969282588910720e+17 -2.258443524772710080e+17 4.192180078247053600e+16 2.637556962513345200e+16 -3.099981306789167600e+16 4.811186288240848000e+16 4.535117030002523200e+16 1.799494562859556800e+17
-9.025161514523307520e+17 3.360105141364325760e+17 -5.546415566793549600e+16 -3.002256534643844000e+15 7.780616267471818240e+17 3.408012083306278400e+17 9.520695058501060800e+16 -5.001881836908768000e+16 -1.241656960626150400e+17 6.338754711175058400e+16 1.349468904691777280e+18 -5.558798639478529600e+16 1.753196326242461440e+17 2.397844317036661760e+17 1.682232868417731200e+17 -1.501174607714703000e+16 5.664150922597215000e+15 -2.322160576423418800e+16 1.599929828426645120e+17 1.796171049852561280e+17 7.538563564690117120e+17 1.983400932635550080e+17 2.631581450048300160e+17 -1.307915627749142240e+17 2.772970602961909600e+16 1.738212548389632000e+17 6.620567911627816000e+16 8.209612804873260800e+16 9.635708920439616000e+16 1.188244187702840480e+17 -1.343226504216494000e+16 5.808260485140521600e+16 6.792399003887048960e+17 1.827642411255029440e+17 -1.044027003723301440e+17 8.720340321003195200e+16 9.199860210168787200e+16 3.577218644256908800e+16 7.657085367384550400e+16 7.886301637612086000e+15 1.069007316151053440e+17 2.073850304633435750e+15 3.050297769257401600e+16 -6.603678670411561600e+16 9.396344770950042000e+15 9.231395838906894400e+16 -8.104113582719253000e+15 3.214847368157465600e+16 5.358647355580301600e+16 3.658977752034206720e+17 2.919391521790214400e+17 1.449155855562211520e+17 8.537932668026929600e+16 2.044345838188549120e+17 1.218781413134857920e+17 2.040492477459886400e+17 4.921025798089937600e+16 5.913113698283256800e+16 3.399910817163012000e+16 -1.883456503413664400e+16 8.500429247204604800e+16 3.088311175260284800e+16 2.638025653789484800e+16 6.282060539637112000e+15 4.002578843277666400e+16 -1.316902602000060400e+16 5.893864917434050400e+16 -4.308143327637546000e+15 2.386149518264182000e+16 2.594876224813516000e+16 -2.524985509862537200e+16 6.640945919787914240e+17 1.165946432885914240e+17 4.318149387238712320e+17 1.095639642751276416e+18 1.094408526741240640e+17 7.152760289922864800e+16 2.249466624127903600e+16 6.099319850706941600e+16 1.493493591618033280e+17 6.867677958601928800e+16 4.094977019916495200e+16 4.592264848797338400e+16 7.825193319881446400e+16 1.766229455827406400e+16 8.581508321004924800e+16 5.173565764058345600e+16 4.682252618639739200e+16 3.155574201123950800e+16 2.979351929947312800e+16 -4.809272358684510400e+16 1.219452456753518200e+16 8.806357230614371200e+16 2.091232399033690400e+16 3.014407843196416000e+16 1.998325151555611200e+16 2.731057482003174000e+16 5.840248199925585000e+15
8.330060682942148800e+16 7.273589900944682240e+17 1.455186489950747840e+17 -1.213495213088581280e+17 -4.907322978539114880e+17 2.778691670340228160e+17 4.079234334517866400e+16 3.092650021842525600e+16 -6.040007646756962400e+16 3.910795783159275200e+16 -2.970937435109184640e+17 1.197278929357578240e+17 1.203696552363791040e+17 4.033264109003270400e+16 5.094143170780661600e+16 5.495961961059853600e+16 4.213638119894948800e+16 4.282268888672845600e+16 1.868669974716123200e+17 1.122549958459211040e+17 1.231745693393905600e+17 1.649717120988620480e+17 1.005406059308183840e+17 3.508169457112130000e+16 1.266631097611329400e+16 7.375705266706404800e+16 1.247550077045886880e+17 4.421978783408916800e+16 3.099762484254945600e+16 6.655910984374564800e+16 8.038107119261814400e+16 1.111048714659023040e+17 1.856924622409296640e+17 5.838784884413005600e+16 1.764383363536677760e+17 3.151036709345546400e+16 7.559730257550828800e+16 8.806710888126865600e+16 4.958173735768661600e+16 4.471126494557020000e+16 5.944780271274794400e+16 4.807746199626072000e+16 5.171574146439208800e+16 8.582284393634245000e+15 1.431555425852264600e+16 3.849471083156964000e+15 3.859755485796901600e+16 4.584227029130619200e+16 2.880597783894940000e+16 -3.453759940366960000e+16 2.759674749084176000e+16 6.397410712365379200e+16 1.104409653077822240e+17 -3.720583591007164160e+17 4.413979603883949600e+16 6.446630389638325600e+16 9.797994940965280000e+16 5.011382931057794400e+16 1.094446332248759000e+16 5.025126473777041000e+15 2.838485622225095600e+16 2.290004650187864800e+16 2.064701101810808400e+16 2.355826679780782800e+16 1.081195935703971600e+16 1.943532580063306800e+16 1.873790132399703500e+15 5.303728664529253600e+16 3.402690035624834400e+16 1.934860831122446750e+15 -5.625289459600441250e+14 1.736492906357123600e+16 2.443610262434283520e+17 -5.507180634814492000e+16 1.094408526741240640e+17 3.617869238467313280e+17 1.059460282987241600e+17 -7.068061207270127200e+16 -7.527639544808523000e+15 4.654055961490771200e+16 5.580536290112596000e+16 3.983242864729316800e+16 1.767874094720200600e+16 2.752381484530407200e+16 1.098174362214840200e+16 2.770237106412210400e+16 5.170428081649727200e+16 3.281348037643364000e+16 1.198383972847484000e+16 5.529996040316772000e+15 -2.819727321315634000e+16 1.661048232463314200e+16 -5.081612856936794000e+15 5.022882184482268800e+16 3.970532958722795200e+16 1.162144982798091800e+16 7.007955935668484000e+15 2.675705987182953600e+16
-7.692287864092903680e+17 3.149605492107373440e+17 -2.209723703536776960e+17 4.688685563151574400e+16 -1.640217824867774720e+17 6.497541420353045600e+16 6.336528988783904000e+16 -1.083516972749114000e+16 5.910881501353448800e+16 -2.452256990265544000e+16 -1.895281551775120640e+17 -3.138248735072627200e+16 -8.864524570494054400e+16 4.294016053985387500e+15 -2.392068907286812400e+16 -3.741883115406336800e+16 8.129179616570695000e+15 -2.808303396443575600e+16 6.146510182598310400e+16 -5.019746229199187840e+17 -3.928166282445070720e+17 9.650641122115448000e+16 4.793466031127012800e+16 -1.138775619680152000e+16 5.451319582212863200e+16 3.910883568623775200e+16 6.822702095189469600e+16 -5.175870410348788000e+15 7.968254797115686400e+16 5.392578869805532000e+16 9.169056009509065600e+16 8.269395253056297600e+16 9.147166411783833600e+16 -4.936666223893003000e+15 5.721985195833982000e+15 -3.283616069790751500e+15 3.712357789903177600e+16 -7.169911459194257000e+15 -7.877275905380987000e+15 4.883647725311947200e+16 5.453785452528910400e+16 3.666967378536799200e+16 4.544554285812651200e+16 -4.391192160368586400e+16 2.036340446959028400e+16 -1.671178835508903500e+15 3.259445550710222400e+16 5.965556058277996800e+16 4.927493870375768800e+16 -4.043171794577086720e+17 -1.132838818919990720e+17 6.278378416031065600e+16 2.394489141210941600e+16 -2.466135510354404160e+17 2.787469464177653600e+16 6.986632944486672800e+16 6.091421524505844800e+16 1.245594650352876640e+17 -4.129873138730716000e+16 1.320786277259799800e+16 3.479916608600260400e+16 9.802282895550008000e+15 2.981965662693628800e+16 3.191937739306912800e+16 -8.531600950513123200e+16 1.340325319340584400e+16 -6.470694931353610000e+14 3.176019327942706400e+16 2.868721532970241600e+16 -3.758772643066509500e+15 -2.616239003657264800e+16 -2.017062895821151680e+17 1.874673994688697600e+16 2.856039175378509440e+17 7.152760289922864800e+16 1.059460282987241600e+17 4.664601110942574720e+17 -7.741771141250251200e+16 -1.528404090616154400e+16 4.296590714032482400e+16 3.010005847047843600e+16 8.202170291091612800e+16 3.326048470433544800e+16 -5.116213389009371200e+16 -2.234850255794549200e+16 2.721049597923538000e+15 1.515494100607535600e+16 4.535654825813397600e+16 1.215696422963172400e+16 -2.556436394857617500e+15 -9.862010513403166400e+16 3.014292335290781200e+16 -6.286189714134644000e+15 1.531810783270335600e+16 4.007618857354764000e+16 2.650996496420095600e+16 1.134696901525225200e+16 1.993237990007986000e+16
1.047676096297465037e+19 1.410320947986592358e+19 2.014165506586832896e+18 6.514970363206228480e+17 -4.371449173541680128e+18 2.403167872334688256e+18 2.818577551076107840e+17 1.092285168233828608e+18 1.414564079844352640e+17 6.056681937675070720e+17 5.611460058774594560e+18 -2.604519182150052000e+15 1.307443801958114560e+18 9.409586598627123200e+16 2.670492286959100800e+17 4.660353118134692480e+17 9.908858487123280000e+16 2.679494875979120000e+17 -4.159811340774310400e+17 -6.561874024203346944e+18 2.418633871335467008e+18 -2.006447113526095040e+17 7.649663827196977600e+16 2.828972182774472192e+18 2.331107376750012800e+17 -8.163599786002876800e+16 2.132884469568869120e+17 6.005994580221515520e+17 9.703632616310835200e+16 -4.628245276695889920e+17 5.588863364750577600e+16 1.136072849104549280e+17 9.137911577561760000e+17 9.306877086401986560e+17 5.771886053375805440e+18 -8.537447255872249600e+16 4.197235369412266240e+17 8.401320693908886400e+16 2.514629092450670592e+18 6.436634900667034400e+16 -2.116364710970804480e+17 2.036527537027430400e+17 1.683776558385267520e+17 -1.448511707416364800e+16 -4.903778596244316000e+16 -2.705516391261457200e+16 3.990509071346730880e+17 2.352771644204166080e+17 2.641189926460436000e+16 1.086466354553675904e+18 9.688171365837676800e+17 9.026293360250374400e+16 -1.570916023749523840e+17 4.743093449290448896e+18 9.595515614830550000e+15 -2.895926730754906800e+16 -3.405823478666146400e+16 6.842098301783079200e+16 2.882155540717054976e+18 4.282082629237261440e+17 -1.805738204721803840e+17 -6.866933056718896800e+16 1.870087863779357440e+17 -4.079228913614014400e+16 9.594803143258147840e+17 1.132747039799406880e+17 -5.236515457821572800e+16 -2.221646440236591360e+17 3.216759415919883200e+16 -2.125543704430185600e+16 -1.326736328518571040e+17 4.227030031938753280e+17 -1.912295997545969920e+17 -4.557824721048478720e+17 2.249466624127903600e+16 -7.068061207270127200e+16 -7.741771141250251200e+16 5.196717017683048038e+19 1.068792638669032832e+18 -5.914548572411007200e+16 1.474329538647415680e+17 2.627224275674967600e+16 7.614191305928728000e+16 3.235552698374403072e+18 -3.139184592616325600e+16 -2.515057299929923200e+16 -1.665207284175906240e+17 6.173167241516626400e+16 -1.657372812077092480e+17 -1.249501759636544960e+17 6.118212463118784000e+17 -1.246241585943204000e+17 -3.163878526837584000e+16 -1.850035092607935360e+17 1.899108431568752400e+16 1.384455373761969760e+17 -1.335984377478896000e+16 -1.752887501604872000e+16
1.117615831246793216e+18 2.500544976102305200e+16 4.816043691190728960e+17 1.010983063307062272e+18 2.263521720336250112e+18 3.428260475265570560e+17 6.506239865931586560e+17 -6.734099937419055200e+16 1.910331420778310080e+17 -8.521291921191441600e+16 6.724084372874672640e+17 9.940359067279559680e+17 -2.856024793821020480e+17 2.439134688410885120e+17 6.116414905394788800e+16 -1.755153260677797760e+17 1.691964175326380160e+17 -2.613327947078375200e+16 -7.611333797077465600e+16 4.441219262148324480e+17 1.279198858462466560e+17 -1.135472073818063800e+16 -1.531020611654378600e+16 8.102543358581726000e+15 2.073949436732649920e+17 4.777650108083458000e+15 -1.176832266970976640e+17 -3.230587031432730240e+17 1.481480899691488320e+17 7.490374376363516800e+16 -1.596741258927522600e+16 -3.421960404002983600e+16 4.222177039512347520e+17 -7.865838732263190400e+16 -1.965249738117448960e+17 3.132653005448498560e+17 8.016232085029969000e+15 -4.686045750205248800e+16 -8.807766284867500800e+16 2.719037073680234560e+17 3.875770705994879200e+16 2.519871266793481600e+16 5.893446857278817600e+16 -1.404113991935351200e+17 2.365831136924909760e+17 1.210606413080857600e+16 1.205748341212520750e+15 4.709007968758256800e+16 -1.149451653952290400e+16 -1.435058782591117920e+17 6.392590969026900480e+17 5.401875518430424000e+16 -6.773205572019808000e+15 -1.687812259518035520e+17 3.494407092416121600e+17 4.517712365546026400e+16 3.093330238596157600e+16 -7.444869948434680000e+15 1.583083539774902400e+16 3.330713098445156480e+17 8.399742753832460800e+16 -2.431094839645591200e+16 2.123366342228701600e+16 3.228554282010082000e+16 -1.387845931657258080e+17 2.237788334272850240e+17 1.084820980608640640e+17 5.819565339496560000e+16 -4.019819568691776000e+15 1.721335614375076000e+16 2.730210909958647600e+16 -2.513798840954618560e+17 2.341521851545915200e+16 7.607700727876741120e+17 6.099319850706941600e+16 -7.527639544808523000e+15 -1.528404090616154400e+16 1.068792638669032832e+18 1.696522895497965312e+18 1.680697279904158400e+17 4.153491400210392800e+16 5.318139175148904000e+15 3.038569809211392400e+16 1.243838832111095200e+16 3.036634798072315520e+17 9.012907150230219200e+16 2.913423004657681600e+16 2.312054744111117600e+16 3.005253560057480800e+16 3.084205208738924800e+16 -1.641906617182170240e+17 1.849526244867089280e+17 8.146016521749067200e+16 2.952784918327193500e+15 1.023561523690399600e+16 2.561935394636346400e+16 2.479278193698996000e+16 2.041180312331564800e+16
-2.943457601360415360e+17 6.003615615273911040e+17 1.227071728882546720e+17 5.131787634363658400e+16 2.030855722312279040e+18 2.828198468312590400e+17 2.508002253556320320e+17 2.040195737751959680e+17 2.018218330424701120e+17 8.272051085226750400e+16 4.787836501810890240e+17 1.837889657029582800e+16 2.152582181853434240e+17 1.204705555941149760e+17 1.848673577819877760e+17 1.229101785524306400e+17 7.543281373729172800e+16 5.401002274985828000e+16 7.535040001194001600e+16 1.381756459973369600e+17 3.038080639104458880e+17 9.579603469872510400e+16 1.363731371144933440e+17 -2.881787082080782000e+16 6.343540726111728000e+16 1.021793365730545760e+17 1.939421040197501600e+16 5.367621460658001600e+16 2.644448835384092000e+16 4.977488350657738400e+16 2.186939559572528400e+16 1.685964349804326200e+16 6.638850681426180000e+16 1.783906871691045760e+17 -1.057188978417674400e+17 1.018303235653972960e+17 9.072674021066012800e+16 2.141821656588137200e+16 -4.050028592296816000e+16 5.588489516253696800e+16 1.022111183958857440e+17 2.236176846322379600e+16 5.491883653075646400e+16 1.284315521398135000e+16 1.211561855817974000e+16 8.559916949279065600e+16 4.068690455197807200e+16 5.021718634665320800e+16 4.480073095827411200e+16 1.242089948364248640e+17 1.685264920211093440e+17 9.279169341298523200e+16 4.552221468588619200e+16 4.006200160561780000e+16 6.417738721929601600e+16 8.992143133681003200e+16 3.777112550885224800e+16 2.926643398084936400e+16 -5.051567626216428000e+16 4.759594991889135200e+16 1.280985731384677920e+17 3.709106335863538400e+16 1.198740422205972800e+16 3.023444712016718800e+16 -4.489680392858512800e+16 2.315812737055590400e+16 6.935032499093808800e+16 3.564934487187186000e+16 2.753369744330332800e+16 6.041710141542376000e+15 -1.846386604512056000e+16 -4.345540430474372800e+16 6.569993454898889600e+16 2.574082865692054720e+17 1.493493591618033280e+17 4.654055961490771200e+16 4.296590714032482400e+16 -5.914548572411007200e+16 1.680697279904158400e+17 4.326014167696027520e+17 6.851140222583719200e+16 3.149119112409289600e+16 2.196666678857134800e+16 2.732077679559214500e+15 1.953492690980863200e+16 1.125945479145651520e+17 2.713543265908530000e+16 2.636379076158926400e+16 1.684572926958031600e+16 1.153319470285073200e+16 -1.940693014167255750e+15 1.709625192326591600e+16 8.744308760757585600e+16 2.893633711997227600e+16 1.915821138079797200e+16 9.818992586918908000e+15 3.727867769892563500e+15 1.401660674937855200e+16
-3.371628128987967360e+17 2.708835747408418400e+16 -2.145987118499606000e+16 7.163408184020402400e+16 -1.117352400282484224e+18 1.756567018478833400e+16 1.017279037160332400e+16 1.059332302471333440e+17 -1.432371163081353250e+15 -2.834090883206988800e+16 3.376755053247204480e+17 -9.276416017753796800e+16 1.162690595791944640e+17 3.678126142430565600e+16 1.160475749666568000e+17 1.704343900387506560e+17 4.203697053230916000e+16 8.946929143396857600e+16 1.196114442576683840e+17 2.848471749693551360e+17 -8.127926567214376000e+16 3.479229630035015600e+16 2.149228418522249200e+16 -2.498663288972793500e+15 2.854265836154404400e+16 6.437285881700832800e+16 6.234813440983644800e+16 3.214505103611711600e+16 3.309408853269162000e+16 -6.509246535150503000e+15 6.415417384401892000e+16 6.039773012889763200e+16 3.029562737396058880e+17 3.676942089513400800e+16 -9.504747522054140800e+16 7.462300134942860800e+16 8.183433343687899200e+16 7.432299349973612800e+16 1.022204793912993440e+17 4.378574994244821600e+16 3.739577812886668000e+16 6.408425961953019200e+16 2.891761137310141600e+16 1.142501051412081600e+17 -3.265956604696151500e+15 4.979415347110075200e+16 7.409659136196478400e+16 4.666714574618951200e+16 4.161657754721321600e+16 1.761157367136525000e+16 1.497049547851438600e+16 8.082421840827889600e+16 6.982279406414211200e+16 5.041028285510349600e+16 3.860913414434352000e+16 5.026359794352704800e+16 4.824720561574152800e+16 5.354045504244609000e+15 4.989012082202404800e+16 1.832493689793565200e+16 4.246959470176174400e+16 7.363837757686155200e+16 2.492981736642815600e+16 2.396150089152477200e+16 8.550433361337470400e+16 2.221843637417465250e+15 3.498285564567782400e+16 5.308009514502918400e+16 1.753579950576572400e+16 2.165907027100011600e+16 2.648859440034601200e+16 -3.022314606895004000e+16 5.124988234743541600e+16 2.028534695171211200e+17 6.867677958601928800e+16 5.580536290112596000e+16 3.010005847047843600e+16 1.474329538647415680e+17 4.153491400210392800e+16 6.851140222583719200e+16 2.485353584511663360e+17 5.365838423790920800e+16 2.189063011068720000e+16 3.398665562828751600e+16 -8.185821685039711000e+15 3.859229153347365600e+16 6.453768514650902400e+16 3.758011933906724800e+16 2.741312462145808000e+16 3.318520434551603200e+16 4.542928935316760000e+16 -2.843328433937037000e+15 1.665158012647523250e+15 3.918252896100041600e+16 2.175557698118325200e+16 1.175026251796942400e+16 2.744426765216988400e+16 5.440125905614885600e+16
-1.092978285345285760e+18 -2.260924397273866560e+17 -2.297221036300370880e+17 -1.650384601452373120e+17 2.283272746119099200e+17 -1.614145375159760640e+17 -7.204614744838614400e+16 1.138217392126469120e+17 -3.846514830770839200e+16 5.545696200517426400e+16 5.597889015870587520e+17 4.743721619299437600e+16 -1.486722749508698600e+16 2.708957663447953600e+16 1.664800019412076200e+16 -2.121997846902572400e+16 -1.164339136333040750e+15 -7.152445854960218000e+15 4.867421265650400000e+16 -4.620104446618755840e+17 -2.683357944201233200e+16 4.108663444587468800e+16 4.515538426259823200e+16 -4.053575017318248000e+16 2.251975194070052800e+16 1.269147414057145000e+16 2.783652976237736000e+16 7.750020978737206400e+16 8.461941719968582400e+16 4.091179848910950400e+16 3.944062552115936800e+16 4.156430840402607200e+16 2.525652300935635200e+16 6.117882641376563200e+16 2.539456547560788000e+16 3.573462128859906800e+16 2.545548956721300500e+15 2.858256402131127200e+16 4.710942475913317600e+16 6.345047347828609600e+16 3.791380711200597600e+16 1.837857058310044800e+16 5.510585030723732000e+16 4.482602765780252000e+15 1.247215605627938200e+16 5.714751891365240000e+15 2.689783122430242000e+16 6.712756469761915200e+16 4.981591138746404800e+16 -1.008817116260308800e+17 -7.957332311550633600e+16 1.890960947660652000e+16 -1.744847402832936600e+16 -1.290344152406977440e+17 3.789700898669927200e+16 4.240853800812562400e+16 1.107121401044034400e+16 4.973278292827026400e+16 -3.824332475491266400e+16 6.416352514310415000e+15 1.687867346165036200e+16 2.125018624498448400e+16 4.735863650373696800e+16 3.425033574238371600e+16 -1.482841339528576200e+16 1.132162083410326500e+15 -4.404722005573841000e+15 -1.934426392831846250e+15 2.973774991102686400e+16 2.130142892200404800e+16 -1.610238679239679000e+16 -6.679628105765147200e+16 1.123469274964092969e+14 1.114429682329751200e+17 4.094977019916495200e+16 3.983242864729316800e+16 8.202170291091612800e+16 2.627224275674967600e+16 5.318139175148904000e+15 3.149119112409289600e+16 5.365838423790920800e+16 2.157935658900950400e+17 6.875784663576372000e+16 -3.258070096432879200e+16 -1.116303696278402400e+16 1.090500520881274200e+16 2.083749717669498000e+16 5.364617921714962400e+16 2.208764339989165200e+16 9.945209480567794000e+15 -8.350415814815381250e+14 -7.171324187665030000e+15 1.221640998180572800e+16 1.221357827640804200e+16 2.100752306635044400e+16 2.837346159208647600e+16 1.558089099675146600e+16 3.139121110235355200e+16
-3.056229639750148480e+17 -2.830513880150924480e+17 -1.561770637786790720e+17 -5.280658560426596000e+16 -8.638441341382540800e+17 -8.225210261420676800e+16 -1.526126846666526800e+16 -3.375431603547526800e+16 -4.040537888686149600e+16 2.160188918231810000e+16 -2.541548341731914240e+17 1.968546776001451200e+17 -1.386668722244154000e+16 -1.906543593730367200e+16 -3.885518515854936800e+16 -3.229937034156090800e+16 -4.017642353631006400e+16 -4.138422567689510400e+16 6.457867053272560000e+16 4.566508639856465280e+17 -2.617782879129139520e+17 5.018019042029827200e+16 4.826701197933467200e+16 3.281337898456634800e+16 -1.017939072560634200e+16 -1.181798101790161000e+16 3.262760652088097600e+16 -6.523908263849041000e+15 1.537524905171810000e+16 -1.862585692762639600e+16 2.237307445835419200e+16 -1.006710236392873200e+16 2.640226099212125120e+17 6.210556270637925000e+15 -3.271476640519104640e+17 2.656307802781316000e+16 3.138523983646831600e+16 5.689481492444885600e+16 -4.941737995978913600e+16 9.330418693433498000e+15 4.187885061503707200e+16 2.610527632052195200e+16 2.456970112062252800e+16 1.275193774948819400e+16 -3.538172929123906875e+14 3.700923912399920800e+16 4.910921697768363200e+16 6.702671638535500800e+16 6.863204887573933600e+16 -1.845127750395431360e+17 1.245475013888449440e+17 2.287273618260672400e+16 2.232463967385800800e+16 9.744167685840512000e+16 -8.348819892542627000e+15 1.580244649304061800e+16 9.950645334265238000e+15 6.972725404817129000e+15 -1.463330200404496400e+16 1.950739570671750400e+16 1.771831711601469800e+16 2.427178490665389600e+16 3.338166850827660400e+16 7.399646491837492800e+16 -6.904037607296364000e+16 -1.068259029029947200e+16 -1.527941031171347800e+16 1.143272667286184500e+15 -1.306501165359632400e+16 2.896072573308884000e+16 -1.038393668906704800e+16 -4.924225857711164800e+16 -2.322632227173628000e+16 1.761638530096215040e+17 4.592264848797338400e+16 1.767874094720200600e+16 3.326048470433544800e+16 7.614191305928728000e+16 3.038569809211392400e+16 2.196666678857134800e+16 2.189063011068720000e+16 6.875784663576372000e+16 3.032541961704510080e+17 -6.666191008355097600e+16 -7.760263757652872000e+15 3.287026958967345500e+15 1.164538771594855600e+16 1.830106647556536000e+16 4.988481170754594400e+16 9.949163758093574000e+15 -3.107561960614463200e+16 -7.064485343511882000e+15 2.729083580030774000e+15 2.209076996475035200e+16 8.072309085550842000e+15 3.700795247372234400e+16 1.482555129810402800e+16 1.821178405073809200e+16
1.210460873314973286e+19 1.007076513825317683e+19 5.002994829580982272e+18 -1.678885116391791360e+17 3.527549836064312832e+18 3.349065491100509184e+18 -4.136654516013102720e+17 3.957934896000255488e+18 2.514968857648105920e+17 8.787912088976793600e+16 1.368466039285286912e+18 -2.665518796027848000e+16 3.072496176687400960e+18 -3.580397017978014400e+16 1.084557057718779520e+17 3.854047799821419520e+18 -2.429535541451489920e+17 6.606224613957924000e+16 -1.864573769480033920e+17 1.695535823933639168e+18 -7.357854453255887360e+17 1.260405176533632400e+16 -2.046039860346514400e+16 3.034821867633938944e+18 -9.325176278304790400e+16 -1.497095616345976200e+16 7.229871120394428800e+16 3.728504420105216000e+18 -1.349126608267067200e+17 7.426298480766780800e+16 5.431478072746336800e+16 1.112337422384581760e+17 -7.756134940646328320e+17 -1.483402786628916160e+17 2.417465748000247296e+18 -1.578832799630324160e+17 -6.187707185609005000e+15 2.339833585092733600e+16 3.422538156992613888e+18 -1.393403349992753120e+17 -1.018465131253777760e+17 4.325303232597564000e+16 -3.702030728568989600e+16 3.941104860970936320e+18 -7.225935525369238400e+16 4.257264528362225600e+16 -5.237613733910596000e+16 -4.284880667778994400e+16 -5.836194297374256000e+16 1.780677013095830400e+17 4.555745854539094400e+17 7.254151394925080000e+16 -3.489303567182285000e+15 2.504531777100576256e+18 -6.666951812573621000e+15 7.344209254372795200e+16 -4.177417736727205600e+16 -4.245729093475458125e+14 3.255092617001539072e+18 -9.982234225840587200e+16 6.153135105395198400e+16 2.360654610950702800e+16 3.819317716483383200e+16 2.288334263451254400e+16 4.204007457479539200e+18 -4.533794939114144800e+16 4.728723983904488800e+16 7.166222251697257600e+16 3.439567075076680000e+16 2.770753235093042400e+16 8.564160688776721600e+16 8.490322393971539200e+16 -8.645337444923488000e+16 -9.494035577589067520e+17 7.825193319881446400e+16 2.752381484530407200e+16 -5.116213389009371200e+16 3.235552698374403072e+18 1.243838832111095200e+16 2.732077679559214500e+15 3.398665562828751600e+16 -3.258070096432879200e+16 -6.666191008355097600e+16 5.198601221587222528e+18 1.364265530946878080e+17 1.745414055352599400e+16 2.389118868296010400e+16 1.242173183473832600e+16 1.458462992184919750e+15 7.390081574348678400e+16 3.854765339502256128e+18 3.076705269352237000e+15 8.532806924793538000e+15 -2.195283276079472400e+16 3.623221671873486400e+16 7.720693878806993000e+15 3.230450109243698000e+16 5.779344967103951200e+16
8.825638276860573440e+17 4.946112194730664320e+17 3.388079171525754240e+17 8.757116296496907520e+17 -2.332788335853184000e+18 4.047818124751768800e+16 6.477967385780440320e+17 -2.841303743038902080e+17 2.113938373418835200e+17 -2.503127934262238720e+17 -1.554943482925135680e+17 5.726017358428765440e+17 -7.427690394399025600e+16 2.662922939701515840e+17 5.679996710582953000e+15 -4.530502515285319040e+17 3.267793478236155520e+17 -1.822891026921866400e+16 -6.411681324803986400e+16 8.899018506147739200e+16 -4.233492867028659840e+17 1.187420100267181600e+17 -4.889659622056275200e+16 -2.886922268032027200e+16 2.325928040773040960e+17 2.599347490374251600e+16 -3.271272554232968000e+15 -3.240049338818255360e+17 2.261683537979594880e+17 9.113286788330819200e+16 -2.152974522352665600e+16 -6.024890939125511200e+16 6.314595258440373600e+16 -7.764391135591361600e+16 -1.470944943744756160e+17 2.096802344140911360e+17 -1.693707178005790400e+16 -1.119922098657367400e+16 -2.491309524173660800e+16 2.351444202928541760e+17 -6.804424293058039000e+15 -3.675985281907762400e+16 -2.683563053482725200e+16 -2.588450406999303680e+17 2.748199013945597120e+17 -3.149752212032200800e+16 -7.205660199750259200e+16 -3.566267364872592800e+16 -4.768905883994225600e+16 -8.675962670817763200e+16 6.068784051493739520e+17 -2.383602739108726800e+16 -1.477240460342631000e+16 -9.837951553779156800e+16 2.346488562946714560e+17 5.736868825831836000e+16 8.128872018478294000e+15 -1.910362921742250800e+16 1.189199624662898400e+16 2.341789701475337920e+17 -1.293181550806798500e+15 -1.358155821969630200e+16 9.742815343523194000e+15 1.300077123829412400e+16 -2.250687829947295040e+17 3.419130890792092800e+17 6.386140157125831200e+16 3.200749068313832400e+16 2.636267485403979000e+15 8.405666551460383000e+15 1.603517063354216600e+16 5.042225265414680800e+16 -2.434871789092229600e+16 -8.959113800921430400e+16 1.766229455827406400e+16 1.098174362214840200e+16 -2.234850255794549200e+16 -3.139184592616325600e+16 3.036634798072315520e+17 1.953492690980863200e+16 -8.185821685039711000e+15 -1.116303696278402400e+16 -7.760263757652872000e+15 1.364265530946878080e+17 7.262268862959985920e+17 7.694327192182480000e+16 2.861781891416266000e+16 9.847513975025848000e+15 1.040949188801794200e+16 1.455448181917237400e+16 -2.409204492970367680e+17 3.562572624543238400e+17 5.248684890789071200e+16 6.042063235967542000e+15 1.486419597764830600e+16 -1.240721793302510000e+16 1.971125301183109200e+16 2.182228725734700800e+16
-6.293204907524697600e+17 5.120411840962963840e+17 -8.971196405959046400e+16 2.503054697942199600e+16 3.563328921531590400e+17 -9.586857140369865600e+16 3.962578441762679200e+16 1.889765127624027200e+16 2.097155208042687680e+17 2.955719189020640000e+17 6.323448704473976320e+17 6.970043640923230400e+16 -1.500287236484160200e+16 1.098883752755281120e+17 1.736362996913846400e+17 -1.637803423237049600e+17 8.180254523468382400e+16 6.326993396544315200e+16 4.352261503606825600e+16 5.256186247299516800e+17 1.257779145010408640e+17 1.196181274378490080e+17 1.872346915318423680e+17 -7.547921212913841600e+16 2.217462652847842400e+16 8.397133161023008000e+16 -1.357531197876343000e+16 -1.612089340565881600e+17 -8.510768666432300000e+15 9.709865522450382400e+16 1.336686064291959400e+16 -4.686278072059538400e+16 -1.093630251283596320e+17 1.789489483665646080e+17 -9.940683303620553600e+16 7.735674280448969600e+16 5.792967973080571200e+16 2.543697614496186000e+16 -5.805674396309511200e+16 3.095928274941774400e+16 7.380277691308084800e+16 1.360622625249906600e+16 7.758352049995066000e+15 -1.657463331413543040e+17 2.665329305478475000e+15 6.045259757209400000e+16 1.542475734335105800e+16 3.766763859273875200e+16 2.142828451532093600e+16 4.490506488213585280e+17 5.175530729435528800e+16 6.754796521343855200e+16 2.598659733294475200e+16 8.012428947782902400e+16 6.796838052207303200e+16 8.449020551302265600e+16 3.441519003407177600e+16 1.628426651515942400e+16 -6.545632809012284800e+16 2.620913651999519600e+16 9.933931794575406400e+16 3.051582437492905200e+16 2.035471658009041600e+16 -5.283447684939491875e+14 -9.506272324405086400e+16 4.409493665011462400e+16 1.411281051278400160e+17 4.475348097499849600e+16 1.718586334067785200e+16 2.300522907165323200e+16 4.271174248063889600e+16 5.970677588212295200e+16 1.886006881860183200e+16 1.974551983077654080e+17 8.581508321004924800e+16 2.770237106412210400e+16 2.721049597923538000e+15 -2.515057299929923200e+16 9.012907150230219200e+16 1.125945479145651520e+17 3.859229153347365600e+16 1.090500520881274200e+16 3.287026958967345500e+15 1.745414055352599400e+16 7.694327192182480000e+16 3.335646084702280320e+17 4.800069135551746400e+16 2.043353921463765600e+16 7.607519981974400000e+15 1.316009538150410000e+16 -1.574825030099570560e+17 2.690927530456576800e+16 1.274581605895618720e+17 1.719820293161295000e+16 3.348314986431309500e+15 5.466487819779344000e+15 8.525044095265391000e+15 1.398671822088368000e+16
2.788596501515443200e+17 4.454662916974425600e+17 1.781961259364866560e+17 -7.496344497080262400e+16 -9.078690031040552000e+16 1.523835104027780480e+17 6.807037204397370400e+16 8.405828167906867200e+16 -5.010354483477759200e+16 -1.061077032417811000e+16 2.305101339785864640e+17 5.901843821531353000e+15 7.337845649717635200e+16 2.862664220761167200e+16 4.356358972758959200e+16 4.545942578925076800e+16 6.692053635407549600e+16 6.665638011944292800e+16 1.406822653677012960e+17 5.982322273930620160e+17 4.120273418166920000e+16 4.979116778516921600e+16 -3.870962822187226400e+16 2.186268982995959200e+16 6.386120386644872000e+15 3.264466780019526000e+16 7.382045854164976000e+16 3.063641161206446800e+16 1.743020000711589000e+16 2.668534348997557600e+16 6.298707675425192800e+16 -1.169163540582836200e+16 2.433637491994963200e+17 -2.476507353209566000e+15 1.104097125369233120e+17 1.366373362016902000e+16 4.919488170866397600e+16 6.251653851730806400e+16 3.438528438387201200e+16 8.413759187940697000e+15 3.645061932080258000e+15 3.271622245621986000e+16 4.482113054373480000e+14 5.498088601025636000e+16 2.459033268067743600e+16 1.462065211065963800e+16 4.617248681741139200e+16 1.712722597158213200e+16 1.086229370129538600e+16 -1.681575596746212000e+16 -2.046753890721138000e+16 8.120161679929264000e+16 6.796109201485783200e+16 6.633615121600065600e+16 -2.561054290497300400e+16 3.410413519429940800e+16 4.168635669104063200e+16 1.935231792034817200e+16 -7.530330609188507000e+15 3.234846229705903500e+15 2.905656004738145600e+16 4.677352641687774400e+16 3.198395497496719600e+16 4.545500596340671000e+15 8.780884865934713600e+16 1.961911064865821200e+16 4.275818271950140000e+16 9.740783228031348800e+16 3.511538103426389200e+16 2.679975552633074800e+16 4.914745376515233600e+16 5.309332790942597600e+16 7.007932027833780000e+16 1.197084412777336400e+16 5.173565764058345600e+16 5.170428081649727200e+16 1.515494100607535600e+16 -1.665207284175906240e+17 2.913423004657681600e+16 2.713543265908530000e+16 6.453768514650902400e+16 2.083749717669498000e+16 1.164538771594855600e+16 2.389118868296010400e+16 2.861781891416266000e+16 4.800069135551746400e+16 2.129304518617987200e+17 4.531306331751461600e+16 6.352150938170526000e+15 2.712767504710920000e+16 7.466287398923234000e+15 1.466725229908907500e+15 3.347645214206291200e+16 6.823122188376031200e+16 2.495216888588702400e+16 4.313571814137620000e+15 2.291104148168069200e+16 3.162675630025837600e+16
-4.392432224683870720e+17 1.160398481063251360e+17 -1.086508731971311680e+17 -1.275322798167328160e+17 -6.729423504650385920e+17 1.210536515886705440e+17 -3.264306335708279200e+16 9.151503560785372800e+16 -1.411535256557449440e+17 -2.600245678982675600e+16 5.956120033928323840e+17 8.745387273582163000e+15 5.157310263166188800e+16 -2.097289499312659600e+16 1.891861094883152400e+16 3.106016469643038400e+16 2.148471093560639600e+16 -8.596447447011824000e+15 5.558634922408552000e+16 9.222910433562250000e+15 -2.492195649065044800e+17 9.516949237400594000e+15 7.064055819885795200e+16 -3.931157423280295200e+16 2.096733497812910800e+16 3.487322253742480000e+16 4.294280822727725600e+16 1.820414586265223600e+16 2.370779243651140400e+16 3.455569050818398400e+16 3.708308445870328000e+16 4.418857859639160000e+16 3.006137728248511360e+17 -1.846427956646150000e+16 6.074599753620299000e+15 1.387231233322466800e+16 1.042111493045818200e+16 1.328968996857355750e+15 1.026315086322793600e+16 2.887908082275246800e+16 3.161745977689132000e+16 3.023144612397766000e+16 3.466344886574695600e+16 1.205562905697575400e+16 1.147038239748143000e+16 1.885271754808344800e+16 2.135330827696388800e+16 3.245602319880739600e+16 1.778662279194670500e+15 -6.409961952442178400e+16 2.561220414359839200e+16 4.088474441434749600e+16 2.245109213847668400e+16 8.113257932844051200e+16 2.602083709202617200e+16 3.897973151485586400e+16 2.583249693535692400e+16 4.641718064005670400e+16 -3.231418962944218800e+16 1.040099358604072200e+16 3.725831287162746400e+16 3.921925786686290400e+16 3.627188540107815200e+16 2.453232241326037600e+16 5.089631354591548000e+16 2.613961697669644800e+16 2.497291642723651600e+16 4.005119940372952800e+16 6.008999495194520800e+16 3.414692852989944000e+16 1.887351302655216400e+16 -6.828778407128067000e+15 2.777062775614778400e+16 1.852147687450336000e+15 4.682252618639739200e+16 3.281348037643364000e+16 4.535654825813397600e+16 6.173167241516626400e+16 2.312054744111117600e+16 2.636379076158926400e+16 3.758011933906724800e+16 5.364617921714962400e+16 1.830106647556536000e+16 1.242173183473832600e+16 9.847513975025848000e+15 2.043353921463765600e+16 4.531306331751461600e+16 1.703516578830135360e+17 3.611182416606816000e+16 3.440234540964514400e+16 3.250264132691548400e+16 1.916556054419225600e+16 2.412738924010216400e+16 3.123952152132882400e+16 5.691597721014112000e+16 1.149409808620032600e+16 2.015763533779308000e+16 3.880417779019394400e+16
-2.895024779912618240e+17 -3.999131099399006400e+16 -1.478973283579198720e+17 8.500915318168684800e+16 -1.415654372360706048e+18 -1.814980395402841920e+17 -4.328983726988171200e+16 7.322426612166178000e+15 -2.393522588033898000e+16 5.527655885403318400e+16 6.709874432642272000e+15 4.107971837199223200e+16 6.037463833287260000e+16 -1.630297692858380750e+15 2.345243922837203200e+16 3.050521904284783600e+16 -6.512471909567843750e+14 -7.190134985891157000e+15 1.071609028847793200e+16 2.342364023005211840e+17 -6.925359645346052800e+16 1.435733803011402000e+16 2.504659166983449600e+16 -9.267468125562070000e+14 2.220943019384112800e+16 1.979275270695342800e+16 1.399688437020905400e+16 1.725634337247252600e+16 -8.021606975234417000e+15 -4.322392526636528500e+15 -5.912087852598806000e+15 -9.906857368097410000e+15 1.637035305507398080e+17 2.096813364910903600e+16 7.880407264600972800e+16 3.135263021201291200e+16 3.551345640320554800e+16 2.833276322723669500e+15 1.534477919256019600e+16 1.517079305372144600e+16 4.660421596828112800e+16 6.639477618562507000e+15 1.516054459134397800e+16 2.142995552399666000e+16 7.093936093124403000e+15 4.265390710177492500e+15 1.975513534858988400e+16 2.976743771009813600e+16 4.593907308226626400e+16 -6.742615316896559200e+16 1.124252533352519520e+17 1.724499678370951400e+16 1.216944728730170600e+16 5.839123156940797600e+16 4.293497959194578400e+16 1.577221790604025200e+16 1.360948583137044400e+16 1.589229443456282200e+16 2.116407124545038000e+16 1.007674256447715400e+16 2.305476202466651600e+16 2.678921002500958800e+16 1.837132969501712000e+16 4.429093610054399200e+16 4.793208574618141600e+16 2.515194166599583200e+16 3.360400304654172800e+16 1.715066578463744800e+16 2.919013561662675600e+16 4.095998654627210400e+16 1.905081715390778400e+16 1.184423865380170800e+16 -3.165439665543961500e+15 3.269507380268099200e+16 3.155574201123950800e+16 1.198383972847484000e+16 1.215696422963172400e+16 -1.657372812077092480e+17 3.005253560057480800e+16 1.684572926958031600e+16 2.741312462145808000e+16 2.208764339989165200e+16 4.988481170754594400e+16 1.458462992184919750e+15 1.040949188801794200e+16 7.607519981974400000e+15 6.352150938170526000e+15 3.611182416606816000e+16 1.422658874861100480e+17 5.130814259550082400e+16 3.739781203511687500e+15 1.733376081080635800e+16 2.607950717968109600e+16 1.857617967829256400e+16 1.799121366928568800e+16 4.624026646313646400e+16 2.912608003238666400e+16 3.234298395641716400e+16
8.010200729207205120e+17 4.695423790925263360e+17 3.092091672374819600e+16 -1.864636290641458560e+17 4.539029329900287000e+15 -1.070664848497980640e+17 -5.692776918082029600e+16 2.351487174214498000e+16 -9.175613087411185600e+16 -7.539063982662206400e+16 -3.504827600744424000e+16 4.267616977955561600e+16 -1.072457103844071400e+16 -9.664967717070962000e+15 -1.421300773514402000e+16 2.269296586708885600e+16 -2.280238479378847200e+16 -9.156755130520394000e+15 -3.073852600873656000e+16 5.544383383564738560e+17 -2.554920459430819520e+17 -4.331307290134051200e+16 -2.672369044014452400e+16 -1.346803801017327400e+16 4.967817444642222000e+15 7.769433736797076000e+15 2.409430096239112000e+16 1.591210672057516800e+16 2.536151159036445200e+16 -2.505168924796934000e+16 9.451595090920670000e+15 2.818602533217492400e+16 -2.461605663464041600e+17 -1.457804070913396800e+16 -9.347727871158056000e+16 -1.532482021310894400e+16 1.631622678814736800e+16 -4.150690461941559500e+15 7.163680628544939000e+15 -8.865348794849751000e+15 2.448545044045732800e+16 2.019062035430709600e+16 1.959220374065388000e+16 7.191461433741525600e+16 8.484430334457011000e+15 1.954862318781852000e+16 3.073901219082973600e+16 2.713920715831187200e+16 -2.030792171251013200e+16 1.718136122501770880e+17 1.635735171527533760e+17 6.274146554483763200e+16 2.008009757783699200e+16 1.190469767685981600e+17 3.161283075646942400e+16 2.276007258104302800e+16 1.443511204740717200e+16 1.668577046206777200e+16 6.754890778783318400e+16 3.203849017818828800e+16 1.959635093239555600e+16 3.433817746209466400e+16 2.610436766343821200e+16 2.850423159350948400e+16 1.036470759765477600e+17 2.206706021032961600e+16 4.440393858085269600e+16 4.666538106717911200e+16 2.954891296876501600e+16 5.205928828367719200e+16 1.291030369452633760e+17 -1.232388774528787040e+17 -1.228929679648224400e+16 8.274433860940230400e+16 2.979351929947312800e+16 5.529996040316772000e+15 -2.556436394857617500e+15 -1.249501759636544960e+17 3.084205208738924800e+16 1.153319470285073200e+16 3.318520434551603200e+16 9.945209480567794000e+15 9.949163758093574000e+15 7.390081574348678400e+16 1.455448181917237400e+16 1.316009538150410000e+16 2.712767504710920000e+16 3.440234540964514400e+16 5.130814259550082400e+16 2.353320912794112320e+17 4.831019953124584000e+16 1.820129628978379600e+16 1.133692768439693200e+16 9.829187858093538000e+15 2.451999260024166000e+16 5.174268271701832000e+15 5.316965421474804000e+16 2.855064703017403200e+16
2.486187108037455872e+19 8.244862172544397312e+18 1.145092308719906202e+19 -7.251539355716491520e+17 2.327546817955759616e+18 4.417870405396200960e+18 -5.074125237090911360e+17 9.807114526766977024e+18 2.085055116824868800e+16 -4.959967692416519200e+16 -2.133036466238425856e+18 1.472051705730477440e+17 3.870538819756641792e+18 -3.082368732924974080e+17 -3.052102833968291840e+17 9.510697312074381312e+18 -3.878949610808766080e+17 1.135506413448045440e+17 -3.929679820565566080e+17 1.508093596418123264e+18 -2.583638769509583360e+18 -3.344606221728164480e+17 -3.233826550745539200e+17 3.737382242922006016e+18 -2.575528293660654720e+17 -2.351339528755568960e+17 -1.359166307367132320e+17 8.738637120346884096e+18 -3.680728312391201920e+17 -2.650303619003104000e+17 -3.019288149338797200e+16 1.430269177946867680e+17 -7.197457815268322400e+16 2.305665833898779520e+17 7.906669637504529600e+16 -3.937069904160403200e+17 2.379204352988082800e+16 -8.723393730126086250e+14 3.912729039300363264e+18 -3.182575064052702080e+17 -1.763231668494480640e+17 -2.405639407460068400e+16 -3.636374290558026400e+16 8.788961001786771456e+18 -2.781294247030956480e+17 -1.380534629163869760e+17 -1.087596399173798080e+17 -1.276415675576695360e+17 -7.719623944386424000e+16 -5.947679182653611520e+17 3.515744830765914880e+17 4.996588032398979200e+16 -6.702827466464980800e+16 1.509145886804755520e+17 -1.591755250101701120e+17 -3.010676563140185600e+16 -5.218211457811178400e+16 7.132000571739800800e+16 3.407679934363384320e+18 -2.126157563769834560e+17 5.655185505318487000e+15 4.180596556476656000e+16 4.737630554034550400e+16 -1.486369487535608000e+16 8.624725321028785152e+18 -1.348972271934630400e+17 -8.898797124844739200e+16 -4.129786414141207200e+16 1.511302016447060200e+16 5.394298767590786400e+16 3.924762555448278400e+16 -1.026587528541042240e+17 6.048014994358177600e+16 -5.605969282588910720e+17 -4.809272358684510400e+16 -2.819727321315634000e+16 -9.862010513403166400e+16 6.118212463118784000e+17 -1.641906617182170240e+17 -1.940693014167255750e+15 4.542928935316760000e+16 -8.350415814815381250e+14 -3.107561960614463200e+16 3.854765339502256128e+18 -2.409204492970367680e+17 -1.574825030099570560e+17 7.466287398923234000e+15 3.250264132691548400e+16 3.739781203511687500e+15 4.831019953124584000e+16 1.000760072674057216e+19 -1.257850788211312480e+17 -1.148930426094631000e+16 -3.967056988466714000e+15 8.600554175738137000e+15 -2.080400191538233600e+16 7.420429977386574400e+16 3.640927769791364000e+16
1.240038632881058720e+17 -1.509304780681992640e+17 -2.787681515067086400e+16 9.436746976717660160e+17 -2.406888770863419904e+18 -8.692642579375539200e+16 6.960326486437849600e+17 -1.827032679416824960e+17 1.583287125290425920e+17 -2.003470991705728960e+17 5.031086713330616320e+17 6.601618911323852800e+17 1.506474499585937600e+16 2.613895537797772480e+17 -6.340783898508026000e+15 -5.333296598505508480e+17 3.429520447094407680e+17 1.060478812313726200e+16 -5.097289011704204000e+16 2.780330525211914560e+17 -1.667803782010495680e+17 3.964917404616818400e+16 -1.209316883042615040e+17 5.229457474836498400e+16 2.585677166092084800e+17 -2.012317190922975600e+16 -2.796511556897654800e+16 -1.955207532476410560e+17 3.134196820475123200e+17 9.225476900989243200e+16 1.729186646640808500e+15 -5.830524316239298400e+16 2.334562592262174080e+17 -1.316899392029756160e+17 3.243134131639313280e+17 1.675191670786895040e+17 -2.133566461827421200e+16 -1.002662974598423200e+17 1.634566443860339000e+16 2.317240847365769920e+17 2.681567916013139375e+14 -2.555750478014822000e+16 -2.550701647496075200e+16 -2.652958581248605120e+17 2.684157991058894720e+17 -2.221538375865918000e+16 -4.109696249288808000e+16 -2.700423332408572000e+16 -2.160177235268856800e+16 2.604552342536165440e+17 7.389325313027914240e+17 3.865569495648213000e+15 3.351084339512348800e+16 1.292862976762390400e+17 2.454954900027519680e+17 1.101451813116310800e+16 4.985996664677428000e+16 2.354796375807456000e+16 -7.174343248105991200e+16 2.395055927061769920e+17 6.924088122130448000e+15 -1.619674577927413800e+16 -9.292732710511928000e+15 5.229082348894903000e+15 -3.078383933010785920e+17 3.280157253259747200e+17 2.910251914946034400e+16 1.231340913235036200e+16 -1.813423931141521200e+16 -2.111915847350505750e+15 -4.566413725205154400e+16 -5.808684963918200000e+16 3.164029521901389500e+15 -2.258443524772710080e+17 1.219452456753518200e+16 1.661048232463314200e+16 3.014292335290781200e+16 -1.246241585943204000e+17 1.849526244867089280e+17 1.709625192326591600e+16 -2.843328433937037000e+15 -7.171324187665030000e+15 -7.064485343511882000e+15 3.076705269352237000e+15 3.562572624543238400e+17 2.690927530456576800e+16 1.466725229908907500e+15 1.916556054419225600e+16 1.733376081080635800e+16 1.820129628978379600e+16 -1.257850788211312480e+17 9.940298666050758400e+17 1.077106303190088800e+17 4.363026845406261600e+16 3.275562404391751600e+16 3.249749413953896000e+16 3.024244324473989200e+16 5.828613438677826400e+16
-2.021493442416138560e+17 -2.534959566429608960e+17 -7.161266358939433600e+16 1.590533825812837760e+17 1.174089822574251840e+17 1.808710654678232640e+17 1.278161952674851360e+17 -1.652729343928659000e+16 1.711745374051374080e+17 6.049328377096356800e+16 9.305423272629185280e+17 2.126135518897471040e+17 3.850389204713668800e+16 8.615503589896115200e+16 1.864593941950766400e+17 -1.417881120453840000e+16 -2.006314097277546000e+16 2.583683766484338800e+16 1.104499365343850400e+17 7.133176378337743200e+16 1.347829797304905120e+17 1.470516902410426240e+17 7.668861934558224000e+16 -2.615977410747256000e+16 4.068492541019621600e+16 7.182786490379931200e+16 -5.619051631943561000e+15 -1.278895224793231680e+17 7.187081035484169600e+16 1.129815933425655680e+17 2.066722484677110250e+15 -3.976606934304380000e+16 -1.650023510658695680e+17 6.879568328129148000e+16 1.229057188132833920e+17 5.772391250000189600e+16 6.801307286912016000e+16 6.678688763826877000e+15 -3.882945660739440800e+16 3.195031192701031600e+16 8.711422753966019200e+16 -1.955175142740398400e+16 3.290977554046899600e+16 -1.242501542496650880e+17 1.807649125676377600e+16 8.721046883656796800e+16 -1.248612330224011200e+16 5.946786136827182500e+14 -2.050500674253329200e+16 6.079567377028238080e+17 2.121454320194907200e+17 9.042694665530867200e+16 2.938566241595660000e+16 3.100169423602741120e+17 6.651456459887071200e+16 6.953961519854820800e+16 7.725300729473354000e+15 -5.950532408161329000e+15 -1.000049049153489280e+17 1.056833429160566800e+16 7.398333760147267200e+16 2.510571643490493600e+16 1.855065075787937750e+15 -9.537020639001716000e+15 -4.722125880467245600e+16 4.791558583804459200e+16 1.000667102644818080e+17 3.075413445153009200e+16 1.313195831715539000e+16 -1.581599247999820625e+14 9.976662100002622000e+15 3.313730094232451200e+17 2.210905682075788800e+16 4.192180078247053600e+16 8.806357230614371200e+16 -5.081612856936794000e+15 -6.286189714134644000e+15 -3.163878526837584000e+16 8.146016521749067200e+16 8.744308760757585600e+16 1.665158012647523250e+15 1.221640998180572800e+16 2.729083580030774000e+15 8.532806924793538000e+15 5.248684890789071200e+16 1.274581605895618720e+17 3.347645214206291200e+16 2.412738924010216400e+16 2.607950717968109600e+16 1.133692768439693200e+16 -1.148930426094631000e+16 1.077106303190088800e+17 5.501144831330702080e+17 8.512343042314771200e+16 1.566691269898974400e+16 4.011736435138398400e+16 9.347346641336488000e+15 4.750183680995056800e+16
7.294447454959200000e+16 1.186967198001680800e+17 -2.296272359458163520e+17 -1.250340820267128480e+17 2.154728332397103872e+18 5.685148346318924800e+16 -7.501968954907172800e+16 9.948147866939939200e+16 4.159058840313335200e+16 -6.369008687910424800e+16 -1.015164159360541760e+17 -4.439807897925215200e+16 8.385665619711576000e+16 -2.575966442574310400e+16 1.443056042792920640e+17 1.026896752614576000e+17 7.036036086867022400e+16 6.910381792642328000e+16 1.285678442440483520e+17 1.496611506212820800e+17 1.074328804908361920e+17 6.399446430158152800e+16 -1.819675514959385200e+16 -2.328801275839072800e+16 6.846353401165030400e+16 3.930186488237734400e+16 5.365102502456424000e+16 4.963714511445839200e+16 3.733921900028210400e+16 -8.463485396559417000e+15 8.563332837695398400e+16 3.158329196819299200e+16 1.536264555967835840e+17 7.666723010564470400e+16 1.592857247111276480e+17 7.713625794626212800e+16 2.838724811454692800e+16 4.656845853790828800e+16 2.666122585074185600e+16 1.371900634384057000e+16 1.643306454501400800e+16 3.387902288406172800e+16 1.445443462699016000e+16 8.458706971912846000e+15 -4.106669207414925500e+15 1.125350203230560625e+15 4.024084379459217600e+16 2.136435699199011200e+16 -3.045930577494508000e+15 1.856120084517799360e+17 5.890942098596568000e+16 4.404004561148688800e+16 9.047375047158396800e+16 -4.443257440197368800e+16 -1.645743458392193600e+16 2.056055179614134250e+15 4.487867601885035200e+16 1.427594183781046200e+16 -3.881965063157079200e+16 -9.812745135869402000e+15 2.978108223378788000e+16 5.512434273136923200e+16 2.139026932584683600e+16 -5.179722919609529000e+15 -1.220996114981058000e+16 2.398805009306668800e+16 1.807125414106973200e+16 5.868173619246327200e+16 1.328082427615086000e+16 -7.236423837034749000e+15 2.256456807897765600e+16 1.728309121733091520e+17 8.733361373559625600e+16 2.637556962513345200e+16 2.091232399033690400e+16 5.022882184482268800e+16 1.531810783270335600e+16 -1.850035092607935360e+17 2.952784918327193500e+15 2.893633711997227600e+16 3.918252896100041600e+16 1.221357827640804200e+16 2.209076996475035200e+16 -2.195283276079472400e+16 6.042063235967542000e+15 1.719820293161295000e+16 6.823122188376031200e+16 3.123952152132882400e+16 1.857617967829256400e+16 9.829187858093538000e+15 -3.967056988466714000e+15 4.363026845406261600e+16 8.512343042314771200e+16 3.707112233019578880e+17 5.621422977881151200e+16 3.275260933252836000e+16 2.576091652895993200e+16 3.238334946268941200e+16
-2.537594558880656640e+17 1.704835011510237200e+16 -2.078216479290602560e+17 -1.554035264709453120e+17 -1.173877314398245632e+18 5.843735538909240800e+16 -9.504101987273001600e+16 6.539325318471353600e+16 -4.552314398609029600e+16 -7.142579704998034400e+16 9.924534909563141120e+17 1.322211673944311520e+17 4.650054556405445600e+16 1.410794364697204200e+16 5.305225612730259000e+15 -7.676361626048036800e+16 1.280869586091953000e+16 6.105120426266484800e+16 -4.953373677742763000e+15 4.081899029695666400e+16 -7.242274197421006400e+16 -2.561051393749369062e+14 1.025235595841765625e+15 8.823376199711764800e+16 5.001970484125520000e+16 3.251430756447880400e+16 2.248974754431325250e+15 5.405157182637052000e+16 4.836988308245023200e+16 3.443477027647593200e+16 3.559738417502973200e+16 1.084548400478570000e+16 1.558290343093607680e+17 1.302794665496261400e+16 3.214336450848087040e+17 1.225776230508282400e+16 4.146328832807977000e+15 -3.825711956529768000e+16 7.337121748260993600e+16 4.480932148054682000e+15 2.931498536838641200e+16 1.221001252406327400e+16 1.537220114981076800e+16 -6.061736663227015200e+16 2.493583093534902500e+15 -2.621722772160637000e+15 -2.710339870888416500e+15 1.455981042007364200e+16 -5.832212446576013000e+15 1.285551271087675360e+17 6.212093071946649600e+16 5.991933897818285000e+15 2.104362298590279600e+16 -3.013239271478246000e+16 3.001659634318523500e+15 3.829348870695278400e+16 1.792031023526014800e+16 2.357926380154717600e+16 -2.024174446346077200e+16 3.361445083461822000e+15 1.175843815506884800e+16 4.277359069295332000e+15 5.967235494744799000e+15 9.193479310395646000e+15 4.143765913527138000e+15 -1.198977617261011400e+16 9.834606494973116000e+15 -7.366643018042821000e+15 1.321120080254825200e+16 9.450791676378138000e+15 6.294656214813483000e+15 7.359221805059240000e+16 1.680698638310138800e+16 -3.099981306789167600e+16 3.014407843196416000e+16 3.970532958722795200e+16 4.007618857354764000e+16 1.899108431568752400e+16 1.023561523690399600e+16 1.915821138079797200e+16 2.175557698118325200e+16 2.100752306635044400e+16 8.072309085550842000e+15 3.623221671873486400e+16 1.486419597764830600e+16 3.348314986431309500e+15 2.495216888588702400e+16 5.691597721014112000e+16 1.799121366928568800e+16 2.451999260024166000e+16 8.600554175738137000e+15 3.275562404391751600e+16 1.566691269898974400e+16 5.621422977881151200e+16 2.729114755173568000e+17 4.002491122805254400e+16 2.217409850590944800e+16 4.695354885202132800e+16
1.297090460331917600e+17 2.268247245137210880e+17 -1.482014281025319360e+17 2.054132601861451600e+16 -5.123671224735569920e+17 -1.371488764766566400e+16 -7.026056459652849600e+16 1.836231528566108000e+16 4.855939344185909600e+16 7.318811452541854400e+16 2.602454533978483840e+17 3.738044140117579200e+16 8.251482131350780800e+16 -4.538138425704025000e+15 5.138554417621248000e+15 -3.064665394224587200e+16 -3.104492851102570000e+16 -2.007184462731845600e+16 -2.614537957114484000e+16 1.127551250245095840e+17 4.349352191219290400e+16 -3.246122313848949600e+16 -8.928542767313994000e+15 -8.390883271617326000e+15 1.191180372781874400e+16 1.747023493091420200e+16 -3.239637248147452800e+16 -4.973680596088179200e+16 -2.813891347849658800e+16 1.102431425841897000e+16 -5.946284744840772000e+15 -2.772492673633900000e+15 8.632375412773462400e+16 2.588742885545006800e+16 -1.087257106072792160e+17 -2.545015798466984500e+15 9.794810062306058000e+15 -4.282328274848690500e+15 9.594338932784052800e+16 6.843245519976938000e+15 3.828014422169940800e+16 6.851179475467645000e+15 3.157960296899626250e+14 4.055194052645256800e+16 3.804650319599713600e+16 7.784618961815159000e+15 1.947424009719012400e+16 2.348384508775061200e+16 2.883742722807572400e+16 3.588883794252667200e+16 -4.146251510208767200e+16 -2.358528920958629600e+16 9.197058522898572000e+15 -8.123832501578327000e+15 2.462320284209404000e+16 1.424336161553968400e+16 6.745544543676209000e+15 1.406704020549943200e+16 8.386935392447588800e+16 2.615866284230210500e+15 1.702219749880603800e+16 4.517699558925602000e+15 1.677221551746190000e+16 1.352577412737252400e+16 -3.051112828204426000e+16 1.419666334728869800e+16 -1.307273955072038200e+16 -6.367493651761413000e+15 -6.007624737170150000e+14 2.439934808651401600e+16 7.390918591954718000e+15 -9.972983196962275200e+16 1.968632784469046800e+16 4.811186288240848000e+16 1.998325151555611200e+16 1.162144982798091800e+16 2.650996496420095600e+16 1.384455373761969760e+17 2.561935394636346400e+16 9.818992586918908000e+15 1.175026251796942400e+16 2.837346159208647600e+16 3.700795247372234400e+16 7.720693878806993000e+15 -1.240721793302510000e+16 5.466487819779344000e+15 4.313571814137620000e+15 1.149409808620032600e+16 4.624026646313646400e+16 5.174268271701832000e+15 -2.080400191538233600e+16 3.249749413953896000e+16 4.011736435138398400e+16 3.275260933252836000e+16 4.002491122805254400e+16 2.280863911407945920e+17 4.236092713599284800e+16 4.668153253657246400e+16
3.680121690982232320e+17 1.369244567065346720e+17 3.676406414201745600e+16 1.180982766181726800e+16 2.253872321686370240e+17 -1.350097525215479520e+17 4.154618953114528500e+15 1.098259415342889120e+17 -5.668267096134140000e+16 -5.703327952663366400e+16 3.606892798436200320e+17 5.907546965202168000e+16 1.317433536450896320e+17 1.167517186140560600e+16 6.417025894002029600e+16 1.525271840517511800e+16 -2.478708681171899600e+16 -1.102409447058347400e+16 -2.483025091722725200e+16 4.918026056966629120e+17 1.880196275322678720e+17 -1.478261156683630500e+15 8.341860714917541016e+12 1.423446215329758200e+16 -1.430320249610972200e+16 -1.418601596121442400e+16 -3.603429570867927200e+16 7.243356144639328000e+16 1.251732569661394400e+16 -1.952018271737288000e+16 -3.539895736346107500e+14 2.864504600006785000e+15 -8.390337834018856000e+16 -1.780385008945819800e+16 -2.535091884947906560e+17 1.224210652401418000e+16 -1.792332072954887750e+15 -7.547994629221459000e+15 3.450356355389124800e+16 1.251450042893022800e+16 5.856349944061548000e+15 1.045979599492826800e+16 1.446159107775473000e+16 7.247890577229452800e+16 2.311037699430756800e+16 -6.487871076415322000e+15 1.354949529719345000e+16 2.530966962879432500e+15 -7.372785555062600000e+15 -6.770527630210805600e+16 1.278261084370992000e+17 -1.005192126481724750e+15 4.014335004436704500e+15 -1.588933793374024960e+17 3.856597067136572800e+16 1.849832355250532000e+16 1.021881027779969200e+16 5.111077633115194000e+15 5.080629690882332000e+16 1.583184335723882400e+16 1.528054432238496600e+16 1.090144402865919400e+16 1.978112557726762400e+16 1.606610316130341800e+16 8.364542703579611200e+16 -4.102248349539169000e+15 9.765242814309742000e+15 7.979035614108253000e+15 1.826789821459648000e+16 3.128897861151160400e+16 4.578984240585125600e+16 -5.252267414247133600e+16 2.397116382239795600e+16 4.535117030002523200e+16 2.731057482003174000e+16 7.007955935668484000e+15 1.134696901525225200e+16 -1.335984377478896000e+16 2.479278193698996000e+16 3.727867769892563500e+15 2.744426765216988400e+16 1.558089099675146600e+16 1.482555129810402800e+16 3.230450109243698000e+16 1.971125301183109200e+16 8.525044095265391000e+15 2.291104148168069200e+16 2.015763533779308000e+16 2.912608003238666400e+16 5.316965421474804000e+16 7.420429977386574400e+16 3.024244324473989200e+16 9.347346641336488000e+15 2.576091652895993200e+16 2.217409850590944800e+16 4.236092713599284800e+16 1.961779143416584320e+17 8.672134555519416000e+16
8.942790360290896640e+17 2.748459901263967680e+17 -1.848638484081654000e+16 5.148762668715284800e+16 3.958117976853831040e+17 -3.341000664894883600e+16 -1.826790017957247200e+16 8.219307020928169600e+16 1.103814290521302400e+17 4.446611390670178400e+16 -2.163649142801552320e+17 -6.453858067193512800e+16 1.480331979574448320e+17 5.631242094578304000e+16 5.801972035787594400e+16 2.487972291366369200e+16 -3.566992089209703200e+16 9.838188486293526000e+15 6.570799875041246400e+16 3.385780846856289280e+17 1.448456764326015360e+17 -8.209908550806032000e+16 1.768917459639411000e+16 6.804841615365187200e+16 -2.875854886610352800e+16 -2.891127076101417600e+16 -4.424148355159988000e+15 -5.869931172004299200e+16 1.448394900934245000e+16 8.264706820264052000e+15 3.435818167583088400e+16 1.616427380467597800e+16 -3.324568540366562560e+17 -3.643747502726821600e+16 4.111010841095949440e+17 -3.377679054437468400e+16 1.634400356714037600e+16 3.616479708744517600e+16 7.858291813224848000e+16 -7.166013589990403000e+15 -1.205213434529658000e+16 1.583749247740025000e+16 2.845755245975432000e+15 1.054003512987744800e+16 -2.067166881001828800e+16 -7.715810317492210000e+14 3.366814135940351200e+16 2.677369142643992000e+16 -1.468869820652480200e+16 -2.788740918732860800e+17 1.167191743821975840e+17 5.889576805970425600e+16 1.976205640747581600e+16 -8.130933457541420800e+16 2.008430885813829200e+16 2.276648939398556000e+16 1.396290488860024200e+16 -1.584458556150955400e+16 2.709881291771682000e+16 -1.614358422872313600e+16 9.688931533405202000e+15 9.622809269910302000e+15 9.959961663389640000e+15 3.978501526267707000e+15 1.666427252370985400e+16 -1.229386367454145000e+16 2.345844210700779200e+16 2.074417699393824800e+16 1.321270242260595000e+16 1.203134222766910400e+16 2.206595809418615200e+16 -6.611500481283582400e+16 -2.783680354459880000e+16 1.799494562859556800e+17 5.840248199925585000e+15 2.675705987182953600e+16 1.993237990007986000e+16 -1.752887501604872000e+16 2.041180312331564800e+16 1.401660674937855200e+16 5.440125905614885600e+16 3.139121110235355200e+16 1.821178405073809200e+16 5.779344967103951200e+16 2.182228725734700800e+16 1.398671822088368000e+16 3.162675630025837600e+16 3.880417779019394400e+16 3.234298395641716400e+16 2.855064703017403200e+16 3.640927769791364000e+16 5.828613438677826400e+16 4.750183680995056800e+16 3.238334946268941200e+16 4.695354885202132800e+16 4.668153253657246400e+16 8.672134555519416000e+16 4.926743026946961920e+17
