# P+B covariance for SGC and p = 1.6
# 
9.567293071952370405e+08 1.031376021011159271e+08 9.138647678885364905e+06 8.655608920996997505e+06 5.445988710366776213e+06 -2.677946469867772888e+06 1.284635108498343965e+06 1.683137596020051511e+06 5.378577424182344694e+05 -9.952362113715052838e+05 -2.258004183076479472e+06 -2.842054365447260905e+06 -8.475835399703313597e+05 1.153580544240175746e+06 -2.785606057321485598e+06 -2.619660546328992932e+05 -8.704376611873065121e+05 -1.942435765423235018e+06 1.822413214782865543e+05 -9.924344297082297271e+05 3.355573033926563221e+04 -1.538295029562251642e+06 6.154866142261975911e+05 5.920805186359407380e+05 -5.039313616051866848e+04 -3.913884423330705031e+05 -4.736252491210513399e+05 -2.629417464234135114e+05 -6.244333557467075298e+05 -9.814845729318405502e+05 -9.735402516947152326e+05 -9.907075666106009157e+05 -3.639126237661122577e+05 3.880081648738197400e+05 -4.052987582417014055e+05 -1.974376373997788178e+05 -8.020834990918121766e+05 -6.343705504147796455e+04 -4.924030885310134618e+05 -8.314673973073794041e+05 -4.353761939639890334e+05 1.320980072577338251e+04 -1.418847348879736674e+05 -2.508698590877018287e+05 -5.682654202192893717e+05 -3.590129709926877986e+05 -6.651452402594925370e+05 -6.632115572629690869e+05 -4.151850634732535109e+05 -3.350137263184508774e+05 -9.350135084831234417e+04 -6.919706788117587566e+05 -9.681686959263851168e+05 -4.689585282683913829e+05 -1.395229936756443349e+05 5.029675209027877344e+13 3.232417649903693750e+13 1.595071595165785156e+13 -1.097242778331046289e+13 5.820778110237709375e+13 1.197621639764643555e+13 2.005923434193014893e+12 1.345630746997923633e+13 4.510054736954707031e+12 4.676446090990401367e+12 4.256603822450327637e+12 8.799627107353230469e+12 3.285481901990874512e+12 2.627000898424272461e+12 3.616144188786072754e+12 9.927712272426785156e+12 2.861912185964392090e+12 2.981012668233579590e+12 3.015065012598593750e+12 1.302314982525460156e+13 -2.877864626982023438e+13 1.127033097774407227e+12 -1.934047079087971924e+12 2.614386808510685547e+12 -4.151227384331861572e+11 5.607664893626826477e+10 1.600767893852712646e+12 1.048087949512657227e+13 7.766168337967780762e+11 4.883886641085609741e+11 5.756766091492239990e+11 1.700375478310601074e+12 1.335992698481937500e+13 6.519569657187872314e+11 1.048335150905710547e+13 -1.936949907956804199e+11 -1.746850423902226807e+12 1.444554563985293884e+11 5.670632106091611328e+12 -9.800541810625061035e+11 -3.929277295191771240e+11 1.216489530173049072e+12 2.960496606993131104e+11 1.074596010172925977e+13 7.113795314959160156e+11 -3.567370051081649170e+11 -3.860949795302117310e+11 -1.800103724837321777e+12 -1.319188520140211914e+12 1.422365748168011133e+13 1.036315682330377539e+13 1.841008216202770264e+12 -7.487238758022268066e+11 1.563188971340197070e+13 -1.251735928682725098e+12 2.636610312045271606e+11 7.178139685506831360e+10 -1.383223078619602051e+12 4.376241250291056152e+12 -4.237320936823884583e+10 -4.856495461518513489e+10 1.532618964715349731e+11 -5.004311404184923096e+11 -8.044836321013037109e+11 8.955818539007935547e+12 1.204816033468634033e+12 7.253315166833526611e+11 9.369278219762462158e+11 1.012896798427044830e+11 -1.639288271215546875e+11 -1.807703629016661072e+11 4.430849194324495117e+12 3.708129833040863037e+11 -6.594649699519096680e+12 -9.896551382080072021e+11 -3.013251205205731812e+11 -4.984402468436726685e+11 -5.158412508532561523e+12 1.466873699296103516e+12 2.211025630912166443e+11 2.192202815153353577e+11 -7.994586392561907959e+11 -5.632139176171016846e+11 3.559735289690260742e+12 -4.922374636748735352e+11 3.410178133701827393e+11 4.213140568970651855e+11 -2.921988391089952393e+11 -4.667922778136818848e+11 2.502699970182695007e+10 1.202022536407462109e+13 5.880619869372259521e+11 2.350484148527596436e+11 7.614178283985501099e+10 -4.873006063582246704e+11 -4.969883544585697021e+11 1.936487341377347717e+11 2.022848172018818970e+11
1.031376021011159271e+08 1.962684900726870298e+08 3.162213607334728539e+07 5.691088725085542537e+05 7.792073875040246639e+04 -2.055637240440495545e+06 2.630191320567328949e+05 1.223722930943640880e+06 1.087856365064781625e+06 -4.091327942285386234e+04 3.663311202557393699e+03 1.233168518201868719e+05 4.390316247782469145e+05 5.892051577857244993e+05 -5.727767899447408272e+05 -6.059674695534743369e+05 -9.899001912807455519e+05 -5.864854598500016145e+05 2.786346104939392171e+04 -3.666638468375005323e+04 7.831791222656044411e+05 1.356820701519846916e+05 4.228691470035163220e+05 9.321613220231374726e+03 3.106314885272394749e+05 -4.023677027727211243e+05 1.828766187348155072e+05 -1.952250091939114209e+05 -3.241712330420630751e+05 -6.568259782433157670e+04 1.847753368698702834e+05 -2.328919146366029745e+05 2.405648382264353568e+05 4.689160777251013787e+05 5.209888067755359771e+03 -1.391476314265298715e+05 -2.259723830073301215e+05 -1.913101363436379179e+05 -2.227546971378668968e+05 -1.119098894133907015e+05 -2.184313643281813420e+05 1.929157964127115556e+05 1.786259412788674235e+05 1.487031993426322006e+05 -2.383928522904248966e+05 -3.739571924132678396e+04 -1.893617223061294644e+05 1.303941798042629234e+05 1.847370165998506709e+05 2.530072052508747147e+05 2.129188542826058110e+05 -4.592336075071135565e+04 3.367033904036529566e+04 1.555337239785556449e+05 5.363822278463623661e+04 5.453375774695990625e+13 2.346735103217989844e+13 8.334111625278303711e+12 -3.817501944176939453e+12 2.356971963500549609e+13 8.191061421897899414e+12 8.466136330535588379e+11 1.209691527958421094e+13 2.509569727617568848e+12 1.067000363523012207e+12 -1.103914993714337891e+12 6.229005978356098633e+11 8.149699657531813477e+12 8.042379416299508057e+11 4.269244547990034790e+11 9.471187695159732422e+12 2.496956817997173340e+12 1.313059403957339844e+12 9.016653020093825684e+11 1.406315243024619336e+13 -4.983994927662867188e+12 1.173895550598788086e+12 -7.388498409782962646e+11 6.176953742021916992e+12 4.636554135002158203e+11 -2.798566835251126709e+11 1.146878880990697998e+12 8.488166389361176758e+12 9.849093871800433350e+10 3.884089397750150757e+11 5.047269412437995605e+11 -1.110656508484027863e+10 -2.474644562942704102e+12 -4.934317960200500488e+10 6.471592554110040283e+11 3.714701846274304810e+11 1.656661105749967957e+10 2.891654770322781982e+11 5.836809899580597656e+12 -3.036062752398186646e+11 3.839948921222287598e+11 4.567482018880506592e+11 3.437078128665512085e+10 7.964127543325116211e+12 3.522803467290278931e+11 1.694060102483973999e+11 5.887746395142239380e+10 2.433789866867513123e+11 3.510583030084330444e+11 4.258280963866901855e+12 2.965301586731451660e+12 5.116970403029129028e+11 4.168837305673393250e+10 8.650719285659054688e+12 -5.821445359924468994e+11 -3.468055663719458008e+11 -2.653982313159333191e+11 3.717754507033505249e+10 6.999064843963994141e+12 3.118245945987689209e+11 4.451262971127901611e+11 5.868099336684000244e+11 -4.791684210818019867e+10 8.939912283050396729e+10 6.812165763323489258e+12 1.184064620341547852e+11 4.304325236871231079e+11 4.464133365765092163e+11 3.657713876568733978e+10 1.688594925043251038e+11 7.494497587502091064e+11 8.235025779091496582e+11 5.133839385691644287e+11 -3.955190785711396484e+11 -2.287571171666071472e+11 4.970822939826626587e+11 -6.212018811281361084e+11 -2.041204454369947021e+12 3.411950492811045456e+10 3.000943950337528687e+11 1.052877892872186737e+11 -3.089853099705785522e+11 -4.133074315592753906e+11 6.862037318912131836e+12 1.271800678934945526e+11 2.545717797306797485e+11 8.037440118299647522e+10 -9.104383469975851440e+10 -9.108275013736033630e+10 1.398994074066298218e+11 7.181612265981569336e+12 3.107275444726883545e+11 -1.056284420207221527e+11 -8.443839292908079529e+10 -3.760723836344748535e+11 5.905077438050902367e+09 -1.506596201957427673e+11 -1.236075897570865173e+11
9.138647678885364905e+06 3.162213607334728539e+07 8.966466508520020545e+07 1.445334546207193658e+07 3.293028115134132560e+06 9.577847151534883596e+04 9.783976410296452232e+05 -1.356282699141866527e+06 1.306762739689913811e+06 3.827528128084857017e+05 5.017854196987785981e+05 -4.610621540374333854e+05 -4.199603767275787541e+05 1.787479070011342992e+05 -1.091951709423684981e+06 -6.199800979030685266e+05 -1.828943575773140765e+05 -6.359341315088160336e+05 -1.599383291959043709e+05 6.483348659314333054e+04 2.781633080288190977e+05 5.561834362637808954e+04 3.692013945563552552e+05 1.309829340162537992e+05 -6.102362962281173532e+04 1.693767545570366492e+05 1.422906264580317365e+05 -2.637893583421721123e+05 -1.940216568405074067e+05 4.378568361863296741e+04 5.789685025117018813e+04 -4.444020876026391488e+04 1.300581761003720167e+05 8.332857027440714592e+04 1.902215317966281727e+05 1.879106515730929677e+05 2.341492312812767341e+05 1.582597954415505228e+05 4.041123185206227936e+04 2.123545497072312864e+05 2.467442267914043041e+05 2.312363386308090412e+05 1.775473621427555336e+05 1.946500873680977675e+05 1.086290084258645802e+05 2.822164844175888575e+05 1.716288181727190677e+05 1.349354699869849428e+05 -3.211056864956888603e+04 8.082726763686277263e+04 2.656914394378436846e+05 1.519216909014417324e+05 1.830130266697112238e+05 1.487417255077836162e+05 1.089209714599303406e+05 2.117219539544590234e+13 2.049846669130073828e+13 5.928286088336933594e+12 6.356064319599106445e+12 1.368876465926798438e+13 5.040092662984366211e+12 4.967927212478368164e+12 3.588312725644228027e+12 1.941755236363860596e+12 -2.410216781869260254e+12 3.094981311214419556e+11 -1.676818604490380249e+11 4.312081215783790527e+12 9.947508156782480469e+11 -3.751856768710821533e+11 7.512773485199151611e+11 2.058643978536414307e+12 -2.042622699276114197e+11 -5.679247874937805176e+11 -7.594536394870538330e+11 -1.570116514900402344e+12 1.060150569168944336e+12 -8.195417505814639893e+11 3.938721653495834961e+12 1.402517821001786377e+12 -2.456214901123005371e+11 7.817655107864321289e+11 2.199254743723013184e+12 1.910346813507603516e+12 -1.112826147227751770e+11 5.108952283790396881e+10 9.420890985375550537e+11 5.246623569280980469e+12 -7.245478543525119629e+11 1.055155411571361719e+13 6.997467914482197266e+11 -7.210027782878144836e+10 -2.305656211670497437e+11 5.436335476114100586e+12 1.402406270213201660e+12 1.215249587698868561e+11 -1.246132485374450073e+11 8.157974380278443909e+10 2.042897397599562012e+12 1.728306191698868408e+12 1.686257040766277466e+11 -3.339080415056876831e+11 1.168953744563741875e+10 -1.482147496970116272e+11 -1.401467022808928955e+12 2.967873965824774902e+12 2.843892943287933960e+11 -2.507927793366343021e+09 9.086963409378132812e+12 8.208754432625003662e+11 -2.508069430519006348e+11 -2.265427292482656479e+10 2.877566166069560547e+11 4.422077110839669922e+12 1.175420784291600586e+12 -1.458970755010440369e+11 -7.908827786191426086e+10 8.405807123574354553e+10 -2.537376524107338562e+11 9.254992509293726807e+11 1.233175978536245850e+12 -3.512241337767819824e+11 2.407849465786832275e+11 7.356455738478462219e+10 2.960091796033978653e+10 -3.544030406851188354e+11 1.821877448621165283e+12 3.506338235055904541e+11 -4.506102336185375366e+11 -1.097796053480853119e+11 3.022647451355249023e+11 5.752537968319068909e+09 5.030417293622394531e+12 2.929266451918169556e+11 2.712270660024548035e+11 -6.210142303965906525e+10 -2.740749505892399292e+11 -3.290934529396185913e+11 3.922727795771248047e+12 1.395539387107246338e+12 -2.070529802411351776e+10 1.079250103106506538e+10 -4.431150109297882080e+10 -1.066474261053862610e+11 1.596862904414747620e+10 1.770976345520030518e+12 1.548633836032315918e+12 1.670694711009574318e+10 -4.778338571647608185e+10 6.245211468540499115e+10 -4.008676059267482758e+10 -1.751585799933158875e+11 -5.677453823070712891e+11
8.655608920996997505e+06 5.691088725085542537e+05 1.445334546207193658e+07 4.514930280138649791e+07 8.378744243093076162e+06 1.153922642642385326e+06 2.926429621625880827e+05 1.585666316496132058e+05 2.476238547704487573e+05 -3.342861752575297141e+05 -1.619300964261259651e+05 -6.583887754862726433e+05 -2.983906775882248767e+05 1.015087153486351308e+05 2.686526368570225313e+05 7.162341376922710333e+04 5.857640512275412038e+04 -7.196701999587398859e+03 -3.930293486955408007e+05 -7.532155037166307739e+04 1.744144320487329969e+05 1.114062578421637008e+05 1.608400350818553998e+05 1.261332208102016593e+05 1.283447655054868519e+05 1.192607608305297908e+05 2.238268057667025423e+05 -1.430920925190155322e+04 9.546747008748244843e+04 3.639536752541003516e+05 5.326044226473843446e+04 4.378675417385777837e+04 3.424287287210146314e+04 1.066836078112518771e+04 2.200870565548448940e+04 4.349735872356058826e+04 -2.394462818834574136e+04 5.813608284398676187e+04 1.195481923738669720e+05 8.867609475882851984e+04 5.768753506932158052e+04 1.062216376767797774e+05 1.873562612687503861e+05 1.648790838816671458e+05 -5.805329965875676135e+04 9.019288175650866469e+04 4.364287612159182754e+04 5.058197075353113178e+04 -2.269951240452558341e+04 -7.099365332598220266e+04 1.084499620470287482e+05 5.846291610435541952e+04 8.328409224748163251e+04 9.562765062412539555e+04 1.237614024647542246e+05 1.522189492351413672e+13 3.925742483350260254e+12 3.690369426832236328e+12 5.554180627804785156e+12 1.956671212079572266e+13 2.193535052042791504e+12 4.980438610501235352e+12 -1.532221673077292786e+11 2.636480867791375000e+12 -7.404326179470009766e+11 -7.010010553263212891e+11 5.839544675671907227e+12 -7.684354172598576660e+11 2.045474678513937256e+12 -6.076827031283629150e+11 -4.061894797976476288e+10 1.951762117852639404e+12 -3.850726021967123413e+11 -9.998285550717242432e+11 -2.379607821245348511e+11 -3.633734468963109375e+12 1.364700883530196777e+12 -4.025052068298566284e+11 8.184074217726664543e+09 2.030164706480661621e+12 -1.231231243803720856e+11 -4.142781124006019897e+11 6.777801732116395264e+11 1.360590124767900879e+12 2.374072376292820435e+11 -2.361894203515426025e+11 -5.483879538065999756e+11 3.624344938774526855e+12 -9.043293913471689453e+11 -2.030662550786425293e+12 1.101132382245747559e+12 -1.928391618008927917e+11 -1.761392723003916931e+11 -1.660198946609822388e+11 1.960125362933608643e+12 -1.107145276619862823e+11 -1.152423262025115051e+11 -5.040453984954236603e+10 9.116699278088806152e+11 1.920093477202161133e+12 -1.911108618129348755e+11 -3.609557899144035034e+11 -2.652830957175877991e+11 -2.691568034357601929e+11 3.264838405765778809e+12 2.422581344129321777e+12 -2.871980238138927612e+11 3.458019860147946777e+11 -2.589393181369899902e+12 1.973797574015562500e+12 8.975360449801774597e+10 8.934357938429864502e+10 7.646375847955087280e+10 6.803749452267930908e+11 1.576131774341382812e+12 1.831221107756956482e+10 -8.709994486401945496e+10 -2.098631077620159607e+11 -2.948466591286652374e+10 5.431437242060969238e+11 1.563830165492914795e+12 -2.778641142002378845e+10 -1.443933798863176918e+10 -4.210633252663390503e+11 8.311875774974626160e+10 -1.059602493201690063e+11 -2.339446805678421631e+11 3.258546306089186096e+10 -6.714804806546552734e+11 -3.375960318810257568e+11 -1.387852568580297470e+10 1.310897048268521271e+11 -1.860438598036779785e+11 1.411510988299522217e+12 1.364980499114587250e+11 -1.107820087784782410e+10 -8.416019061505264282e+10 -2.156236794733826828e+10 3.061546492343546753e+11 1.656760360528738525e+12 4.770706867243963623e+10 -1.152234480360431824e+11 1.889075124290216064e+10 -2.648414020825765610e+10 5.463124361319491386e+09 8.179663192134694824e+11 1.799134342325839844e+12 2.569305012275451660e+11 5.834058605563388824e+10 -4.340206542437456512e+10 1.232473364949428406e+11 9.799462761172816467e+10 3.953916980551197815e+10
5.445988710366776213e+06 7.792073875040246639e+04 3.293028115134132560e+06 8.378744243093076162e+06 2.552408828686779365e+07 5.230409890492256731e+06 1.358681675893837586e+06 2.147527378857309523e+05 -3.920350164493476041e+05 9.984587942970232689e+03 8.092401941057186923e+04 2.869877715254445793e+05 1.941219743447693472e+05 -6.157976761503318994e+04 6.838825531441696512e+04 6.539443864342814777e+04 -1.330322435984686308e+05 1.637638484128887940e+05 2.848987945957971169e+04 2.088259535176460340e+05 3.106593411121467361e+05 3.265266509385959944e+05 1.437551314668492996e+05 2.646938394086949484e+04 3.318864420831021562e+04 6.783691736745485105e+04 1.449357756371835712e+05 1.678588407190276193e+05 4.085037937303767103e+04 2.409989575602056284e+05 1.326471500554181403e+05 1.436155753555444535e+05 -2.918507141176873847e+04 5.216180323956326174e+04 3.585536449223879026e+04 1.673019688820851443e+05 1.752713778981959695e+04 1.236739030023133673e+05 1.690091052171834453e+05 1.030748422447193152e+05 1.756232258837845438e+04 8.451400346244139655e+04 1.884416617532840173e+05 1.324441462706935708e+05 1.864999846068224997e+03 1.364100250126541941e+05 1.365509203687252011e+05 4.418265029112510092e+04 1.192541918808520422e+05 1.105959945646085544e+05 1.464866385127021640e+05 2.082701714094372583e+05 9.541466637470274873e+04 7.344786715465177258e+04 8.608782053021040338e+04 -1.484207365739268799e+12 3.764645975386650879e+12 1.466508717343263916e+12 2.497039642408529785e+12 1.203989960308984961e+13 3.256122434113681641e+12 3.363044780410207520e+12 1.397664176697151611e+12 1.220141104758009521e+12 1.295167265608003906e+12 5.585310620501488281e+12 3.201891600855846191e+12 1.010479360844091431e+12 1.203394803021999512e+12 1.251506485470302246e+12 1.081936841302001709e+12 5.396309498776108398e+11 5.602558340509349365e+11 -4.881115565208080292e+10 5.715262392109543945e+12 1.344118326537619385e+12 1.232656378251582275e+12 9.659336137981654053e+11 6.597666987662496338e+11 7.154639344284483643e+11 5.604412857671618652e+11 -2.490654408764346619e+11 3.185180728162091064e+11 6.822043941916564941e+11 6.040989165231831055e+11 -1.110073472006645966e+11 1.778412166324156494e+11 3.646734111764930664e+12 4.594559280195040283e+11 -1.269479061228989502e+12 1.637046232875954346e+12 5.091775443313918457e+11 -3.029757438218882446e+11 -2.032673769811452637e+11 5.972922635324417725e+11 4.671906130434614868e+11 -1.825319466721906433e+11 1.089723098640240631e+11 2.226333850312866211e+11 5.896500593976860352e+11 4.126765360805845947e+11 1.383488044284235840e+11 -5.998761692145741272e+10 -3.767303473694710083e+11 1.733567683201230957e+12 3.254266480407084961e+12 8.082424916499870300e+10 -2.006146304681666946e+10 -5.313943374303209229e+11 1.383870422746168701e+12 5.933695950427265625e+11 9.655209198851483154e+10 2.568117859667103589e+08 3.833692385606077881e+11 9.007754003020374756e+11 5.446910288156241455e+11 -3.880240661480926514e+10 -1.082814377956078186e+11 -9.628931908237586975e+10 3.939510951761489868e+11 5.927442416573164062e+11 4.208171382450004883e+11 5.166706974774684906e+10 -7.258434090885813904e+10 3.947845049718728638e+10 -1.908929394255524902e+11 2.480765689961649780e+11 -2.561657891578607559e+10 2.451561976950057617e+12 1.802145706242462769e+11 8.402654464768283081e+10 -7.459700047960585022e+10 4.042308666316241455e+11 1.201662839571676514e+12 4.572175533391610107e+11 2.084393791062106705e+10 -3.500889987224752045e+10 6.984956972387284851e+10 6.777499370426684570e+11 7.845156555257503662e+11 5.595211470074844971e+11 -2.372786233725892639e+10 -5.728132001072661591e+10 3.031334680706345749e+10 1.376978749821031189e+10 8.909146431815784912e+11 6.534942006655991211e+11 5.607130884828264160e+11 1.154401220028850098e+11 -3.241403427088684464e+10 -1.452321847575194740e+10 -5.568711674763040924e+10 -7.349563761760374451e+10
-2.677946469867772888e+06 -2.055637240440495545e+06 9.577847151534883596e+04 1.153922642642385326e+06 5.230409890492256731e+06 1.603648427995689213e+07 3.110259077035136055e+06 8.341080584035490174e+05 2.804344314320379053e+05 2.638856683395743603e+05 1.150190545770554105e+06 5.497290211799611570e+05 4.735585542120098835e+05 3.039241659217361012e+05 2.318887170142079704e+05 3.691733979795914493e+05 1.147676283783093386e+05 2.520139535509376146e+05 1.581358676912258961e+05 1.486988264584238059e+05 3.054735217509433860e+05 1.468784988588431152e+05 1.330706040718414297e+05 2.993523500206019889e+04 1.118963989586406533e+05 1.807485516972959158e+05 2.296498348359580559e+05 1.981883060797902872e+05 1.631923768735043122e+05 1.447108950237160898e+05 1.514262719262216124e+05 1.565880259468906734e+05 1.644850744383133424e+05 6.841148117979748349e+04 1.571458312926574145e+05 1.052060077312591457e+05 1.341874413147219457e+05 9.585807200599086354e+04 1.533912671239540214e+05 1.490391800162037252e+05 1.188899043942096760e+05 1.171355581978223345e+05 1.708898774548327783e+05 2.078249470265980053e+05 1.057005411655757489e+05 2.136027165408621076e+05 1.686992909835646860e+05 1.368897067822592217e+05 1.834314995108472649e+05 1.955781400725310377e+05 1.758785845452679205e+05 1.804769720542217256e+05 1.247451651903876336e+05 9.691598524156285566e+04 1.784310042669989634e+05 4.012381794816680298e+11 1.296306113636126709e+12 1.027794322007464966e+12 3.590048960938886108e+11 3.795073516062840332e+12 4.281472699017146606e+11 7.515159724239631348e+11 6.088910951475405273e+11 2.160089877137759277e+12 2.457148407929568848e+12 2.194399544187308350e+12 -1.481716195093140564e+11 1.375269281385332031e+12 8.825846388078585205e+11 1.423054587203564453e+12 -5.680909441210722656e+11 3.740019543508445435e+11 5.001084979800702515e+11 7.286376442068284912e+11 -1.607018409020104004e+12 -6.767070980109276123e+11 6.720789856841169434e+11 1.626476368128152100e+12 -7.233365853807293701e+11 1.035022599229367828e+11 9.236464556192022705e+11 1.057398710186180878e+11 -8.193459830107337646e+11 1.432546816462408447e+11 8.383371440924980469e+11 -5.228974053098651886e+09 -1.189425380801450195e+11 1.584173210296461914e+12 1.537877341246589844e+12 -1.187017384839470459e+12 4.799336270759295654e+11 7.795553219468833008e+11 2.678923390844945068e+11 -7.113569422569682617e+11 1.585038836841715088e+11 6.392267230372023926e+11 8.288215840439056396e+10 2.908705706427336426e+11 -4.180576187945823364e+11 -3.034886164507945538e+09 6.829993768822316895e+11 1.222579416056683655e+11 8.332566656948175049e+10 1.425671464373711548e+11 1.039561795476340088e+12 -4.849220018338933716e+11 5.852491374156271973e+11 2.159342619581221619e+11 -3.127675247537283325e+11 3.417369173462734985e+11 7.205418356857817383e+11 1.917316789810747681e+11 -1.537687858897471619e+10 -6.932863526524310303e+10 2.664406549845652771e+11 7.732300283096688232e+11 1.022259689362417450e+11 2.360565131437166977e+10 1.398028250915242615e+11 -1.594361581994290161e+11 3.004266506993283081e+11 6.067150644331115723e+11 6.477322746827021027e+10 -8.639613647297808838e+10 6.087719088550001526e+10 -5.613000380959663391e+10 -4.363767810756137695e+11 -7.004729169578987122e+10 1.529186893143782471e+12 5.862719114112629395e+11 3.442326716790971375e+10 9.479867666408747864e+10 5.604530377046314697e+11 3.496342658245201416e+11 6.918835916038149414e+11 1.170837097859977417e+11 4.779970053615802002e+10 6.993263780288264465e+10 1.044742217431104736e+11 1.178392352039137268e+11 6.465776531386263428e+11 1.556652164753196526e+10 6.667157915545242310e+10 6.137842966949909973e+10 -6.976808940440025330e+10 -5.821867622778941650e+11 1.100587456098795624e+11 6.032172240662180176e+11 9.909143065647291565e+10 8.156261412226406860e+10 1.853462774407932434e+11 -1.394283125755060577e+10 1.386321181706997681e+11
1.284635108498343965e+06 2.630191320567328949e+05 9.783976410296452232e+05 2.926429621625880827e+05 1.358681675893837586e+06 3.110259077035136055e+06 1.165125710577191785e+07 2.477320436812828295e+06 2.546425724124715198e+05 8.600952630983880954e+05 7.006777959709698334e+05 4.131140469894970302e+05 3.140459482777824742e+05 5.759215153089346131e+04 1.912408581192966667e+05 4.291908087527532480e+05 2.224041931346474739e+05 2.166663998491434613e+05 2.035350388056165248e+05 6.630592180862864188e+04 1.330854408133663528e+05 2.774708931030295789e+05 6.821615712901455117e+04 6.967035409475732013e+04 3.033559595098195714e+05 2.877278942173746182e+05 5.900122139261220582e+04 1.868331676748417085e+05 1.850095272518246493e+05 2.170788134586889064e+05 1.465982274800415616e+05 9.185548758804383397e+04 1.797180277248794737e+05 1.982734291617535637e+05 1.641020580664282315e+05 2.382891502942252555e+05 1.406911316173807427e+05 1.580025973735450534e+05 2.785656218095216900e+04 1.631785592046210659e+05 1.180576642704471014e+05 2.044355931733213074e+05 2.002568675826663675e+05 1.170675072441705997e+05 8.406982922113231325e+04 7.656610612724475504e+04 9.917965987329275231e+04 7.354406515852634038e+04 1.031258907368151995e+05 1.503926478835830640e+05 1.158234548641591973e+05 1.431784370955795166e+05 7.804175456667154504e+04 8.851984301318984944e+04 1.195096469989078469e+05 1.254570672395049805e+12 3.036965563377461426e+12 2.235683161340506592e+11 -1.273598297906793213e+12 5.184186843664822388e+11 5.874439564280041504e+11 1.074555651322319214e+12 6.994514783894029541e+11 1.087724436098318115e+12 1.109917602756730225e+12 7.479735855770250244e+11 3.869236122227175903e+11 1.078215683182951172e+12 6.156380955176584473e+11 9.988352233546306152e+11 1.059215556306805420e+12 6.271851814575440674e+11 9.418374483542132568e+11 1.008526326963770996e+12 -7.392749799794566650e+11 1.102289461183851562e+12 9.159658219265557861e+11 1.041359199034645142e+12 -4.724613842788092804e+10 3.306305571994759521e+11 7.377501706537684326e+11 2.865665182308922729e+11 -2.382833327389480209e+10 1.157788308889847717e+11 3.747186683577193604e+11 3.152154852188073120e+11 -1.152155590045237350e+10 2.377692709071566406e+12 1.305852483678484375e+12 -1.283824011175839355e+12 4.739363961174292603e+11 7.328139252499382324e+11 5.824660825748353271e+11 4.277637937773438110e+11 1.174877396922034607e+11 2.664826973139288635e+11 2.534450301265874329e+11 2.260494542715890808e+11 8.844829276920460510e+10 1.098396522147550659e+11 3.473843722028107910e+11 3.206494510906018677e+11 2.086604720152979126e+11 2.329128571011150513e+11 3.068848171638421387e+12 4.746194093891672363e+11 6.840582689191673584e+11 5.866065468592264404e+11 2.544319401388334656e+11 2.960175208881256104e+11 4.484426960651596680e+11 3.664431511144237671e+11 7.092548763253720093e+10 1.226021994987308807e+11 1.332865891828551331e+11 3.716935583064561768e+11 3.296586802621201172e+11 1.185791416003843689e+10 1.451335818672005615e+11 5.579662666855023193e+11 1.353505921644546051e+11 2.374534275036888428e+11 3.013536553266439209e+11 1.093691210329088440e+11 5.755916074440285492e+10 -1.435251345822841644e+10 3.867276816063817749e+11 1.900805454082877197e+11 1.516475609031140442e+11 6.159336434128515625e+11 2.897054218100027466e+11 2.880429206854254150e+10 5.512188416113769531e+11 3.976502706611093140e+11 4.556271526469640503e+11 3.317014005237020264e+11 8.521178473096690178e+09 1.839567145769508362e+11 3.505276778149457397e+11 6.560127763600202942e+10 3.805042819565979614e+11 2.461960246529057312e+11 7.013103282867607117e+10 6.908312062869859314e+10 8.168984439610319519e+10 7.229549293966867065e+10 1.051387996729559326e+10 3.286684212254600220e+11 2.718457287711135864e+11 1.074499284384761200e+11 6.889155495016957092e+10 -5.567308844373015594e+10 6.985727843269688416e+10
1.683137596020051511e+06 1.223722930943640880e+06 -1.356282699141866527e+06 1.585666316496132058e+05 2.147527378857309523e+05 8.341080584035490174e+05 2.477320436812828295e+06 7.810056007282488048e+06 1.428589907929429784e+06 4.944551922707443009e+05 2.357989456311783579e+05 1.271000804167113529e+05 -3.544015600159851601e+04 1.047978887313263549e+05 5.017753549137624941e+04 1.031500707012281491e+05 2.985770832307191449e+05 1.967400449106916494e+05 1.113393970459857082e+05 1.118181305803533323e+05 1.377015233703974809e+05 4.028803168907164945e+04 5.598239326684620755e+04 5.348780220148248191e+04 2.244397119958147232e+05 9.028717279463863815e+04 3.581264050180892082e+04 1.509863025608218741e+05 1.437380489886982541e+05 1.208054696498111443e+05 8.711165443547692848e+04 9.461963184292668302e+04 1.663811651960463787e+05 1.509210047977033828e+05 7.017538240810389107e+04 8.291058951975777745e+04 1.016767355678943713e+05 9.778053180836309912e+04 6.223570865607036831e+04 1.317201190243688470e+05 6.987298775197469513e+04 8.793630622974484868e+04 1.140734796904961549e+05 1.184599244127894926e+05 9.314330824863704038e+04 6.276277863514883211e+04 9.074045094799580693e+04 5.922865560832707706e+04 9.621127224675995240e+04 1.205455565348429518e+05 5.233149426809136639e+04 8.533878535433555953e+04 9.251621691943942278e+04 1.459806334097471554e+05 1.084989050113284611e+05 4.699842226287863159e+11 -4.345864622380205078e+11 2.128939602974335098e+10 -3.471153596052152100e+11 -2.659845003181737793e+12 -5.212302525400487671e+11 -1.119848869722885437e+11 1.381272189967276306e+11 1.093023814956753387e+11 1.876759013319333191e+11 1.684201345986106201e+12 1.802373092608144531e+11 5.134675919290695801e+11 3.969691647310072021e+11 6.953186451026140137e+11 9.459325359521296387e+11 8.606971063198309326e+11 7.461293848467357178e+11 1.509533310130724121e+12 1.435612398613812256e+12 -4.575356400326589203e+10 4.204197396876008301e+11 2.332465480603417587e+10 2.391897801311640625e+11 3.276848962017322388e+11 3.388601273116886597e+11 6.309823856202489014e+11 1.738856375563564758e+11 -1.146256013316887817e+11 1.980024977757672882e+10 4.279997212710511475e+11 6.142041458497230530e+10 9.394399573342886963e+11 1.087418679670755463e+11 1.870889417808759766e+12 3.478388412505776978e+11 5.848807720019602051e+11 6.511433985464123535e+11 3.669313075429112549e+11 5.744948017692965698e+10 9.731516074541833496e+10 2.433524390973268433e+11 1.814246122576007462e+10 -2.234721966491619873e+10 -7.966488140288018799e+10 1.064630381529085236e+11 2.205185414845119324e+11 -5.687784261934264183e+09 6.895276492180004883e+10 1.426299813739226723e+10 -1.209116048759216553e+12 6.016742181256816406e+11 6.955867174038183594e+11 -9.670379618757363281e+11 -3.106606589229290390e+10 1.336251978530342865e+11 2.887371595923580933e+11 3.660672759625177002e+10 -2.901645730705577469e+10 4.417109845115550232e+10 6.502557572631919098e+10 2.928242907331029663e+11 6.238560202605932617e+10 -6.103490621921817780e+10 1.862200927586013489e+11 4.059982495163410187e+10 -8.703472861264631271e+09 2.626313751037821655e+11 7.486086629133363342e+10 -3.664363285087119293e+10 2.955606931778110886e+10 -3.587982834600691528e+11 7.977409463287847900e+11 1.077579872043148193e+11 1.031704253025265808e+11 3.798684713016029663e+11 2.189487273564928818e+10 4.120235843067358398e+11 -1.731608255960670090e+10 4.364171565480133057e+10 3.537107527373986206e+11 3.342725585361698532e+10 4.658727902297275543e+10 2.771494782481364746e+11 -7.390263161950042725e+10 4.323771710882851410e+10 3.254368512026760254e+11 1.013577473277999115e+11 1.338421443234048653e+10 -5.670525132125696182e+09 8.041591161503605652e+10 -2.534924005705164337e+10 2.205268547538228989e+10 3.111886937890005493e+11 3.070803052966640472e+10 5.421666882075541496e+09 -5.726232999793436050e+09 7.889702635090863037e+10
5.378577424182344694e+05 1.087856365064781625e+06 1.306762739689913811e+06 2.476238547704487573e+05 -3.920350164493476041e+05 2.804344314320379053e+05 2.546425724124715198e+05 1.428589907929429784e+06 6.155612057192596607e+06 1.217773508961502928e+06 1.537342461855062866e+05 8.323795780193936662e+04 1.202096957453274517e+05 3.010683557776420494e+05 2.443213165177342598e+05 1.360185732354488573e+05 -8.572098989119454927e+04 2.370708817283217795e+05 1.042980206091394648e+05 1.176996298503496218e+05 4.046307570362467231e+04 1.846296091665311906e+04 4.361440625999065378e+04 6.679502239246480167e+04 1.266866942959240841e+05 5.201094907533014339e+04 5.566290593855340558e+04 1.486600481947383378e+05 8.615985550830369175e+04 8.776602178323364933e+04 1.014433526643323275e+05 7.608731887164976797e+04 7.374856380590969638e+04 3.747168879219100199e+04 9.484490759485070885e+04 5.635827141294829198e+04 6.824269867906215950e+04 1.040225082229747932e+05 1.117942407115854294e+05 7.218420109355896420e+04 7.462881234124125331e+04 3.124706491527808612e+04 7.237729921855633438e+04 6.620661412684981769e+04 1.122524525111795956e+05 6.098335492013556359e+04 7.105151051758936956e+04 7.260381179675999738e+04 8.650423947064418462e+04 2.886909101842930249e+04 4.451899508605222945e+04 1.165332485578322085e+05 9.321027527721972729e+04 1.158532479247358424e+05 7.460006917995421099e+04 7.297467839954987793e+11 1.851697215838040039e+12 2.366663696802987976e+11 -2.431282152602500305e+11 -3.947877092753321289e+12 1.371468228427224159e+10 2.755014269979360352e+11 -1.531007418222532654e+10 -2.587524466817422485e+11 -2.012206037052751160e+10 1.571573496629585693e+12 -2.692092770509525757e+11 9.352193996493258057e+11 1.278612040192315674e+11 1.943442458517797852e+11 1.507470858031072388e+11 3.783148460580501709e+11 3.634356543332915649e+11 4.737762133696529541e+11 2.693239976174185486e+11 4.741582599143771362e+11 4.250719561107133179e+11 4.096335388329280396e+11 6.664330303341157227e+11 1.827066072839688110e+11 1.581607129405025330e+11 4.934105838906088257e+11 1.415709521719331055e+11 4.628557088445191650e+11 2.764146732137058105e+11 5.360975705392954102e+11 3.084305865675867310e+11 1.157652266525453613e+12 9.274102680570690918e+10 1.434195919750424561e+12 3.436600813248137817e+11 1.906108236026135559e+11 3.646010249456932373e+11 2.290309281175685120e+11 2.184870000726558228e+11 6.416616153599615479e+10 2.636192270814082336e+11 2.090775413960936279e+11 -3.419985273268674316e+11 1.344700269085531921e+11 6.151900329805813599e+10 1.152349397461079254e+11 1.133343358042885590e+11 1.257591559629520569e+11 -8.283561434172598267e+10 6.794930688320239258e+11 3.520373479766397095e+11 3.079243684728085327e+11 7.163176526322362061e+11 1.505635621480863037e+11 1.913781216263999939e+11 3.417046657465054932e+11 2.377491893241686401e+11 -1.152861296479756927e+11 3.069382109398286819e+10 2.084547011855298996e+10 2.232087422071604614e+11 1.551134953850020142e+11 -5.593420389426284027e+10 -1.396890171707933655e+11 5.876891289615647125e+10 -1.530138006303612061e+11 1.713880818064949646e+11 5.071572195499538422e+09 3.094998672386515427e+10 -2.221138521740530014e+10 5.997909411485612793e+11 5.960525794383360596e+11 4.224692229685706787e+11 8.750023035721560669e+10 3.173083476231626587e+11 1.978258366323821716e+11 2.671420336742631226e+11 1.651437932668323059e+11 6.029071220143750000e+10 1.580120504693257141e+11 1.498762996582955322e+11 2.585947699000714111e+10 7.837033922970912170e+10 -2.457556272956679344e+09 1.304839408520194435e+10 1.823213467318165894e+11 1.328145162714292450e+11 2.234251600423220062e+10 -4.269099239608179474e+10 -2.204139925488101959e+10 -4.364521293485214996e+10 -1.206769956574104614e+11 1.758098994248154907e+11 1.133002218650066681e+11 -5.410946673292150116e+10 4.529311962664769745e+10 7.387679755875039673e+10
-9.952362113715052838e+05 -4.091327942285386234e+04 3.827528128084857017e+05 -3.342861752575297141e+05 9.984587942970232689e+03 2.638856683395743603e+05 8.600952630983880954e+05 4.944551922707443009e+05 1.217773508961502928e+06 4.450809860880916007e+06 1.101604448110403027e+06 1.879431546248233062e+05 2.211228612572817292e+04 2.077890976861951640e+05 1.838550702599344659e+05 1.666362220327759569e+05 8.138992796855892811e+04 2.029573222477344098e+05 2.581160024610424880e+05 1.965148423648953903e+05 1.044850735071289964e+05 1.314041634333901748e+05 1.050290378058216993e+04 -2.174594472151991795e+04 7.787787053853194811e+04 1.153039240914352995e+05 6.030335759211346158e+04 1.625428283150771458e+05 7.823583853308872494e+04 6.003773179969328339e+03 1.256219746513647551e+05 5.556092755056343594e+04 4.945521175632976519e+04 6.670285089552408317e+04 4.120994127043306071e+04 5.083635694442514796e+04 1.019992016374261439e+05 7.048583661607324029e+04 6.092391663665391388e+04 7.692976708747855446e+04 8.554903892934328178e+04 1.125571835725359560e+05 6.272172391385344235e+04 8.695269681308424333e+04 7.050226374517931254e+04 4.556250877847515949e+04 4.323042578344068897e+04 6.204949076649906056e+04 8.917411512571483036e+04 8.578938682562566828e+04 7.423868243547565362e+04 9.685785307465234655e+04 7.667147658648963261e+04 7.555220242609835987e+04 7.708200117128083366e+04 -3.910217181482387207e+12 -5.747748933428542480e+11 -9.959930695936103516e+11 -3.005537362477015991e+11 2.184703457871469727e+11 2.517548930754585876e+11 -2.667641851733690491e+11 6.211911898198001099e+10 8.202632544977279663e+10 -7.525976728957746887e+10 1.976364612875568237e+11 1.432222409951478882e+11 2.949514618781159668e+11 2.178529252794805298e+11 2.390788899959099426e+11 -1.912890083126312866e+11 5.167307792979920959e+10 1.118425244763416443e+11 2.661941838197836304e+11 -8.427189299349876709e+11 1.366585234524758453e+11 4.387110092994931030e+11 4.069587256299963379e+11 1.268290691010564270e+11 2.125672791343962708e+11 8.365541390703051758e+10 2.407207454703572388e+11 2.506119749277828064e+11 5.104838813181110840e+11 3.614425154280981445e+11 3.480158418759692383e+11 3.848890402549125977e+11 -1.402172791419387207e+11 1.268946933791466675e+11 -1.110521041488264465e+11 4.522496114923770905e+10 1.449269703075825806e+11 8.909247704805775452e+10 3.064455000308624878e+11 2.541315380002456055e+11 2.716545406764362183e+11 1.238183463234585876e+11 3.749091405179485474e+11 -2.589612794195572205e+11 -1.968443595539043579e+11 2.130532946381014252e+10 -2.673638624524823380e+10 1.954536549212265625e+11 9.820644573410688782e+10 -4.369037385779583130e+11 -5.723566099452316895e+11 6.480774938630878448e+10 3.957000447828969479e+09 1.034803661670305176e+11 1.943978561599198608e+11 3.001863373950421753e+11 2.296990040401235046e+11 3.034485430331669312e+11 -2.011777515379796753e+11 -1.167005567763973389e+11 1.358969732935423088e+10 1.570772975321227074e+10 1.554962302020243530e+11 2.929980298262632370e+10 -1.003537263602972717e+11 -8.052303851650013733e+10 6.514594423930218506e+10 -2.564830706449202728e+10 2.161820894106064453e+11 -2.257672288232046509e+10 -1.177248320472328949e+11 -1.501603602474564209e+11 5.587543344392208862e+10 -2.072681862493403320e+11 2.149586748060536804e+11 2.687180122807992859e+11 3.681421946170545044e+11 3.147705865470929565e+11 -3.042285019575847244e+10 5.006415596207410431e+10 5.949993510228566742e+10 2.165101818241565247e+11 9.734236368422323227e+09 3.481173504107117462e+10 -4.917857297389582062e+10 2.318429756314665222e+10 5.005135793053166199e+10 1.205521845535246124e+11 -3.685042609988341331e+08 8.695052155221771240e+09 -2.517570050209512024e+11 -1.017666919877773132e+11 1.221566151494321632e+10 3.449125898696515656e+10 1.815828429025147705e+11 -1.606786892216228485e+10 1.239493017407647324e+10 2.360311062966679001e+10
-2.258004183076479472e+06 3.663311202557393699e+03 5.017854196987785981e+05 -1.619300964261259651e+05 8.092401941057186923e+04 1.150190545770554105e+06 7.006777959709698334e+05 2.357989456311783579e+05 1.537342461855062866e+05 1.101604448110403027e+06 3.812941567543482874e+06 9.582751062474795617e+05 2.529468453917837469e+05 1.586201104507234704e+05 2.916174990438219538e+04 1.629910300821699493e+05 2.807305955020473921e+05 1.621598616665096779e+05 1.277726353947995231e+05 1.137095979645307234e+05 1.764673889937357162e+05 1.505405783133565856e+05 1.535244404129728500e+05 7.762820673772253213e+04 6.236107066934199975e+04 1.135102651415449072e+05 1.217823450801860599e+05 1.881687598700577510e+05 4.976343319765073102e+04 5.059156703618782194e+04 1.512340254214013403e+05 1.536419327960809460e+05 9.970421624749033072e+04 4.640898093319890904e+04 7.464646041787635477e+04 9.199150143265853694e+04 4.293144253297601244e+04 4.639885557259761117e+04 6.181899576445456478e+04 1.047255195642682665e+05 1.265488308373831678e+05 1.356337131637673010e+05 9.059160646099041332e+04 1.262221203369220166e+05 5.979968191918241791e+04 9.317473690323811024e+04 9.324730947700185061e+04 7.965838257886948122e+04 7.720554748331068549e+04 8.242284518508374458e+04 6.807633536243332492e+04 1.095786914635080029e+05 8.380626251042920921e+04 5.546826678906677989e+04 9.972315012066967029e+04 -8.349759887776569824e+11 7.558395633331231689e+11 5.176270165863426514e+11 1.553905635430902710e+11 -3.080819144364185059e+12 2.599824388479960632e+11 -1.942476555505018005e+11 8.322187789626226807e+11 1.353722879332811890e+11 5.525638310936806641e+11 1.877568701859250488e+11 -3.293649405673989868e+11 -1.804560206390979614e+11 -1.457128083821611404e+10 2.955326739089542847e+11 2.641010070021398621e+11 -3.659033935128418732e+10 7.274624107009901428e+10 4.937337422439168091e+11 4.464719063965886841e+11 -1.767245807082017822e+11 -3.523133899107951164e+09 2.613171977453613586e+11 -1.617462634211837769e+11 5.340508764659992981e+10 1.074975732114030457e+11 9.908208053656782532e+10 7.131142042351259766e+11 2.685704560678772888e+11 2.312113512054064026e+11 1.207438878618011017e+11 3.788351833330604858e+11 -8.204664448211061096e+10 3.058788186113209839e+11 6.791053643627260742e+11 1.785186497357932129e+11 2.543315468018621216e+11 1.038414428188700104e+11 4.873057843090020752e+11 2.496189058680644836e+11 2.718886798654391174e+11 1.018768855312408905e+11 3.480332803606309814e+11 5.868418081483369141e+11 -2.603144171843262100e+10 1.950165509081180115e+11 1.283314077501076813e+11 2.342366728104291382e+11 2.434530700063645630e+11 -2.578929396497159424e+11 -6.486819821098453369e+11 2.037937864626695251e+10 2.178148167164334106e+10 -6.440517562196793213e+11 2.175944784075535583e+11 1.402820862332374878e+11 6.428489510159196472e+10 2.288979950897720032e+11 7.483434445538557434e+10 9.392843192737421036e+09 1.323826143558157196e+11 1.449932094908235474e+11 1.339702942050659485e+11 1.840198060993423157e+11 5.174650625601542969e+11 -6.661702654121227264e+10 3.426824461746049118e+10 1.179596216930810547e+10 1.084326232519714050e+11 1.189809192721944122e+11 -6.916384902370640564e+10 -6.076073178509014893e+11 1.309040682986396027e+11 2.933057470416228638e+11 2.298147250645737000e+11 1.133098683226656647e+11 2.447905156178350830e+11 7.950047656120080566e+11 -6.940016502616543770e+09 1.512201052461445618e+11 1.380094069462057495e+11 2.219488258899707642e+11 1.335575588265398712e+11 1.194071223450050659e+11 -1.447798599743771973e+11 3.889718634470502472e+10 2.493503898151947021e+10 1.238261044161873932e+11 9.177770293653753662e+10 4.765717385430367470e+09 3.336614959521169434e+11 -4.908464626666823578e+10 8.661497916953381348e+10 1.312888741584031296e+10 8.095838292130732727e+10 9.058596271346943665e+10 4.266153524917551994e+09 -1.936100926918743515e+10
-2.842054365447260905e+06 1.233168518201868719e+05 -4.610621540374333854e+05 -6.583887754862726433e+05 2.869877715254445793e+05 5.497290211799611570e+05 4.131140469894970302e+05 1.271000804167113529e+05 8.323795780193936662e+04 1.879431546248233062e+05 9.582751062474795617e+05 2.902445609578708187e+06 9.067536495676445775e+05 2.151109236106772441e+05 2.065801714772858832e+05 3.047838032591283991e+04 1.042844178755172907e+05 1.097843284404484148e+05 8.402336918154078012e+04 5.461817228341866576e+04 1.100329998397730524e+05 6.189436567139270483e+04 1.063762448677927168e+05 4.772979637627799821e+04 3.325749933223167318e+04 6.992851740236725891e+04 7.758311625400961202e+04 1.614461699593852391e+05 4.672039590674659121e+04 5.371500245783639548e+04 9.763951778988655133e+04 9.870165538785597892e+04 1.052381073082021030e+05 6.503244564046248706e+04 7.761644802132449695e+04 9.242846177013250417e+04 5.882776310452776670e+04 4.247128231814310129e+04 1.963077856486110977e+04 4.899765360383710504e+04 8.311644374132751545e+04 6.799801993368221156e+04 9.342749475438696390e+04 6.494408752635825658e+04 5.547989111510207294e+04 8.185311444386650692e+04 9.183458824482049386e+04 6.827929249873728259e+04 5.960115566270323325e+04 6.794958529389985779e+04 7.561638646018208237e+04 1.146421520282045822e+05 8.942047794417489786e+04 7.309895621952982037e+04 6.958250828513754823e+04 -2.815852354257184082e+12 -1.275080140309096191e+12 4.598389946339299011e+10 1.121735621688983887e+12 -3.992529436843508301e+12 -2.180825308284593201e+11 3.347285420893342896e+11 2.302086658259681702e+11 -2.944207880673726196e+11 2.435975252812118835e+11 -1.933320631348670166e+12 1.162574627782684937e+11 1.635304797240188599e+11 6.932964707954835510e+10 2.541715957891221619e+11 2.059746707307227783e+11 9.544403226234594345e+09 1.719071716934747219e+09 3.629883490897507324e+11 8.663703096215638428e+11 6.800237822557606201e+11 2.249922155987120056e+10 1.658348979332438354e+11 8.934722724438452148e+10 1.213227211929065857e+11 5.009303217280684662e+10 4.390898023480716705e+10 2.599594135123413391e+11 1.559279118780761108e+11 6.360762465229996490e+10 3.379078858414486313e+10 1.230482498270743713e+11 5.457334832608665161e+11 1.621428889247125854e+11 -1.473181866686948486e+12 3.122164164528952637e+11 1.715801569325621948e+11 1.488001707295718689e+11 3.796117751117835083e+11 3.051731442917116089e+11 2.572792942079098511e+11 9.672418231749423218e+10 1.657104314324305115e+11 5.039988946009891357e+11 1.589146866710968933e+11 2.926912118111458740e+11 2.848689151676896362e+11 2.546533435443256226e+11 3.683841933795417480e+11 -1.261658420326602478e+11 -1.403850760545705872e+11 2.138526951073620224e+10 6.599454765834455490e+09 6.768727496050085449e+11 6.468672184407783508e+10 6.185234548160554886e+09 -1.839835214312021017e+09 5.018628048058209991e+10 2.915019357774712524e+11 1.485460153469745483e+11 1.588538129894358215e+11 1.371503564509679260e+11 1.539315721850682678e+11 2.834501489390908203e+11 1.232008164596014099e+11 9.610954273324250793e+10 1.264525319653382721e+11 7.343854527967019653e+10 5.456766249914282227e+10 1.308413654556885223e+11 -1.735873649583716202e+10 -3.035869649446929321e+11 1.191556585448139038e+11 1.986206026762441101e+11 6.117425840985334015e+10 3.232915528653182220e+10 6.943666709402537346e+08 -8.385017490439106941e+09 2.063897833717259216e+11 1.056161531748330231e+11 2.001994696792722168e+11 1.788605618687958374e+11 2.095567737047538147e+11 -4.927197962089490509e+10 -1.734197843667329025e+10 8.408612375926704407e+10 4.049506451636966705e+10 3.661687415520492554e+10 1.298543160014913940e+11 5.033788549064960480e+09 -3.077884281560990906e+10 -2.474888170823113632e+10 1.260300166877542114e+10 5.707172363082646942e+10 -3.127777625642861366e+09 1.006296804310662537e+11 2.509681054028656769e+10 4.331224907092162323e+10
-8.475835399703313597e+05 4.390316247782469145e+05 -4.199603767275787541e+05 -2.983906775882248767e+05 1.941219743447693472e+05 4.735585542120098835e+05 3.140459482777824742e+05 -3.544015600159851601e+04 1.202096957453274517e+05 2.211228612572817292e+04 2.529468453917837469e+05 9.067536495676445775e+05 2.669295125199049246e+06 7.471744563635666855e+05 2.123331598813988094e+05 2.752487437855829558e+04 1.774485894118159194e+05 1.811966663812136976e+05 9.471341156756393320e+04 1.355256078189823020e+05 1.699662236740192166e+05 4.383612262933192687e+04 1.393293524678936519e+05 9.753582914750225609e+04 1.041563878364216071e+05 9.324925630836861092e+04 1.375169067587905738e+05 1.232255546707532631e+05 9.033395114853623090e+04 3.487788915421372076e+04 3.742895151390162209e+04 8.379035181761748390e+04 5.738399890137358307e+04 5.550552325048864441e+04 9.984530372107947187e+04 6.366133468051639647e+04 8.617760967897002411e+04 5.629335204589538625e+04 3.569799498150890577e+04 9.001362755984040268e+04 1.032805098071710672e+05 7.661191851588407008e+04 8.780886460015617195e+04 8.044358156477921875e+04 7.166239216778025730e+04 5.774369648927799426e+04 5.852599890623534884e+04 4.588289344277811324e+04 7.228763139520505501e+04 7.650124823862561607e+04 5.999331322500173701e+04 8.278336937572306488e+04 7.722591052871536522e+04 3.505572292935819132e+04 5.360598705643050926e+04 1.884889370795628174e+12 1.159979640301888184e+12 7.750584126410289307e+11 2.374498379054137268e+11 2.815008294057796631e+11 -8.754439865117474365e+10 2.806149042479352417e+11 1.827372813275113220e+11 -1.646571584710122375e+11 3.468876280907343140e+11 -1.570683411021938965e+12 3.558742014340209961e+11 3.003375050927254028e+11 1.720288063885094833e+10 -6.420434290539491272e+10 4.297388868444240112e+11 -2.053961797362246704e+10 -1.860681417975131273e+09 1.489088900358447571e+11 -1.279641677464968506e+12 -5.115512442977404785e+11 3.439881059445613098e+10 1.235362412714801331e+11 -3.268769361535642700e+11 2.831610311650424194e+10 5.250673359656217957e+10 1.988838538529785156e+10 1.923228589796718140e+11 -9.113687875131500244e+10 6.039604657139129639e+10 5.943631779746653748e+10 5.400009178394916534e+10 -4.531941148300452881e+11 1.232204312910728149e+11 -1.405918616156957520e+12 1.697260754386545105e+11 6.965458896008155823e+10 6.956219273281204224e+10 2.014533095802038574e+11 1.691216396873100281e+11 1.443150137689641418e+11 6.359682928356509399e+10 1.203593408648759308e+11 6.809997210177644043e+11 1.788834208699219666e+11 1.779065768092604370e+11 1.452508108104989929e+11 1.477918612801266174e+11 1.547101370008799744e+11 1.937786545923484375e+12 7.686235580466475830e+11 1.986294052755864563e+11 1.871830100635682678e+10 8.568091989240246582e+11 -1.227973987037389040e+09 1.508750331463951111e+11 4.853898408165446472e+10 1.197262205621696167e+11 5.312062692539143677e+11 1.525428466144077759e+11 1.563830917773085632e+11 1.444263487527798157e+11 1.737982711898997498e+11 2.155917522990871277e+11 5.241010912697493896e+11 1.699097616006971741e+10 1.420919656699008789e+11 1.813430914162716980e+11 1.323842474039776001e+11 1.969597330634602966e+11 1.863023078637213745e+11 -1.051912037770896149e+11 -1.491652152999769211e+10 2.747667108681476440e+11 6.560246269678820801e+10 -6.252431383763067245e+09 1.039670407876000595e+10 -6.826581811008006287e+10 1.773587040414261169e+11 7.557207055737660217e+10 1.022306642082817688e+11 1.083082272691250000e+11 1.229744993304838257e+11 1.164477360452536316e+11 4.987141297628405571e+09 6.771751146450801086e+10 8.102188807877812195e+10 1.183504829039994659e+11 9.999922027262341309e+10 1.283321016896394806e+11 1.741486277103139343e+11 -6.036006289818715668e+10 4.116407554531203270e+09 2.171262186687213135e+10 -1.611351267631658173e+10 8.147408920582650757e+10 7.492925929126329041e+10 2.891348441227550125e+10
1.153580544240175746e+06 5.892051577857244993e+05 1.787479070011342992e+05 1.015087153486351308e+05 -6.157976761503318994e+04 3.039241659217361012e+05 5.759215153089346131e+04 1.047978887313263549e+05 3.010683557776420494e+05 2.077890976861951640e+05 1.586201104507234704e+05 2.151109236106772441e+05 7.471744563635666855e+05 2.300475398147082422e+06 4.789668392096512252e+05 2.418108350675964612e+05 2.168259137268369377e+05 2.014983555688519555e+05 1.626466356870574818e+05 1.914002513448862010e+05 1.220906757461664965e+05 7.536956925437589234e+04 1.255699432539838890e+05 1.427785280377084273e+05 1.013657480003433739e+05 9.045574265616122284e+04 1.163243354388022126e+05 1.157449273723200022e+05 7.092298505189761636e+04 1.103234241959268547e+05 8.207476409386585874e+04 5.670283180410153000e+04 6.915631549969020125e+04 1.141735690162524697e+05 1.076801166124620358e+05 8.014242868209363951e+04 8.627597879731298599e+04 8.973315268075829954e+04 5.685988878790663148e+04 7.038693187329107604e+04 7.937388956740392314e+04 4.988425936410481518e+04 4.878940083092064742e+04 8.317797857055591885e+04 8.929004575169032614e+04 7.227889930606694543e+04 5.296309778313663992e+04 5.301982930168291205e+04 7.340102750170361833e+04 9.267604758909910743e+04 7.685879683370319253e+04 5.409485899653092201e+04 9.706594187456123473e+04 6.946105368649667071e+04 7.007480960073994356e+04 1.065647898455073853e+12 1.740992667839672241e+11 4.528409276398842773e+11 -2.370308703943410339e+11 -1.867035080109776367e+12 -5.607112645985537109e+11 -3.843575729068240967e+11 2.529446763098486633e+11 -3.803556492781059570e+11 1.075062870348891449e+11 -4.240627577621604004e+11 -2.886973761725183716e+11 4.304138695465833130e+11 -1.288950378137040138e+10 -9.715371336420756578e+08 2.312635391824049988e+11 -9.663419554336429596e+09 1.169462365075895233e+11 -1.637074644425679207e+10 7.838889514711523438e+11 -8.870574587151408691e+11 -8.761253078089324951e+10 -4.162823328142066002e+09 -1.723096937305643921e+11 -1.330222335076253319e+10 3.261823995147373199e+10 1.273300243675346069e+11 1.261179185809859314e+11 5.162891113997618103e+10 -1.667288612981703568e+10 2.844708891290384293e+10 -4.498639566784486389e+10 -4.939414213991099243e+11 4.878877152448561859e+10 -2.333664332830866394e+11 5.047960126653242493e+10 1.937318936473085022e+10 -2.511567859963208008e+10 3.003132068287238159e+11 9.438285933558374023e+10 2.368007175910684204e+10 1.538908440898279190e+10 4.021107405703187561e+10 4.936292309288921509e+11 4.601533822885942841e+10 2.599548500244934845e+10 1.569278095242461014e+10 2.933911295964165878e+10 2.325379981222032166e+10 9.577573985984071045e+11 1.825515856329360657e+11 1.853648129687518616e+11 9.695288466022358704e+10 3.113616641032665405e+11 2.758470007246235657e+10 1.692908105036038513e+11 9.050354578227255249e+10 1.905469024902295227e+11 2.653827133211340637e+11 1.168246178695486298e+11 1.275836880384241943e+11 1.336105196722458191e+11 1.228163459950803223e+11 9.368424558073779297e+10 5.805441021974056396e+11 1.690460715839140320e+11 2.376220034272783203e+11 2.388324077391540527e+11 1.788277965835225220e+11 1.820945782221956482e+11 3.005500161803786011e+11 -1.297360587965460815e+11 5.305366361353183746e+10 -3.068898059481293945e+11 8.755471450021537781e+10 3.527278481121815491e+10 2.098860706305525589e+10 -3.944592192517457275e+11 2.806961158316011429e+10 2.822392180628493500e+10 7.041677887262303162e+10 1.678014161254751778e+10 -4.178924428746904850e+09 2.290347136360115662e+11 1.443260233400229187e+11 9.554809427536830139e+10 1.459689754005478516e+11 1.373393184769663696e+11 1.089044515839512482e+11 1.958986755865972900e+11 2.166547840040483704e+11 5.702732283969145203e+10 -2.927718856232566357e+09 3.613168525179196167e+10 2.588621102300130463e+10 2.402064205968910980e+10 9.130731648748562622e+10 1.878135788811685944e+10
-2.785606057321485598e+06 -5.727767899447408272e+05 -1.091951709423684981e+06 2.686526368570225313e+05 6.838825531441696512e+04 2.318887170142079704e+05 1.912408581192966667e+05 5.017753549137624941e+04 2.443213165177342598e+05 1.838550702599344659e+05 2.916174990438219538e+04 2.065801714772858832e+05 2.123331598813988094e+05 4.789668392096512252e+05 1.816377764699090738e+06 5.589589645075396402e+05 2.113139319184276392e+05 2.341629697651994938e+05 1.473881119826459035e+05 1.178320966227629688e+05 1.472679536176051770e+05 8.562880615112157830e+04 5.970011065004723787e+04 6.938961998977861367e+04 1.383355026613043447e+05 8.832005141655160696e+04 1.122572794988650567e+05 1.019337975695341447e+05 9.466657589670974994e+04 1.027948503702142334e+05 7.842287890152994078e+04 8.876054005448534735e+04 7.991952578322537011e+04 7.266595522019139025e+04 9.555293730455306650e+04 7.447041980571999738e+04 9.283502335883711930e+04 5.405391077261049213e+04 7.177417722318728920e+04 6.585839752634250908e+04 8.609335618374629121e+04 8.814006944341509370e+04 9.546626498779299436e+04 6.221781319221588637e+04 8.252327065292124462e+04 6.185213084482918930e+04 6.341028585661543184e+04 6.260977623588577262e+04 7.192977172553315177e+04 8.721270673032652121e+04 7.429124767321767285e+04 7.585213616108222050e+04 8.845151656406211259e+04 7.722138259636540897e+04 6.806688870455541473e+04 -6.165780547525229492e+11 2.169739939036297607e+11 2.278878800859810638e+10 7.420099818984637451e+10 -1.353685249661253662e+12 4.499454309287662506e+10 -1.633496471132905884e+11 1.000783228556846771e+11 -2.948871910411964722e+11 -9.348909586968391418e+10 1.771262158932865967e+12 1.507249359974614868e+11 7.625828915783836365e+10 3.676426250635797119e+10 2.216187067867935944e+10 -4.517899722625844574e+10 7.832702547869844055e+10 -9.235145441971376419e+09 1.939813684487427368e+11 -2.327979761152353516e+11 -2.030746684297151489e+11 3.735015673441996002e+10 -2.693499980316852951e+10 -2.493267861279620361e+11 5.033035829414942932e+10 6.420022823200356293e+10 -4.965266735769243622e+10 -8.650696325171118164e+10 -6.498042080556314468e+09 -1.771602571789684296e+09 -1.823569044899871063e+10 -1.066849039713272705e+11 -4.187105137152559814e+11 -1.359176342479483032e+11 -7.451992087969990234e+11 4.762080861016922760e+10 -1.421718086057285786e+09 -2.799672641290407562e+10 -2.538216279170646286e+10 5.245499478052394867e+10 4.596264495817129135e+09 4.272489586830877781e+09 8.292582235873063660e+10 -1.115086715937386780e+11 -3.729925056927782440e+10 1.095137532562101173e+10 3.081080508965958405e+10 4.755157314686808777e+10 -9.022877503083180189e+08 1.202327382608532257e+11 -1.647603391900398827e+10 8.503968248558300781e+10 7.587191814130192566e+10 -4.604785182290663452e+11 2.995436412363682556e+10 1.263050107733117065e+11 8.218894934812590027e+10 4.292360463154170990e+10 -1.291711715263912048e+11 5.962877768719996643e+10 8.409762485473628235e+10 8.785847862584559631e+10 5.891401196316567993e+10 4.328558121952019501e+10 2.939395432577155113e+09 1.798188239832503891e+10 1.076140149934369659e+11 8.688828475957965088e+10 8.303867671127420044e+10 9.114926770381951904e+10 1.317279151986800537e+11 1.625849932475188293e+11 8.339993551486329651e+10 1.866454955679674683e+11 1.425952613912629700e+11 6.313660784703429413e+10 5.185871065746958923e+10 -3.437883968176476440e+11 2.028382394718942871e+11 6.352514745300749969e+10 1.184504853783798828e+11 6.852313856139894104e+10 4.904523946568450165e+10 1.357516277421401672e+11 1.128715679821390076e+11 8.119117277003433228e+10 1.133664737268045197e+11 1.083246779880899963e+11 8.744168873140342712e+10 1.123822280679271088e+11 -4.989301771506131172e+09 1.375817931336532593e+11 7.966400670200404358e+10 1.314890310608311768e+11 8.106534112620582581e+10 6.724537206008786011e+10 1.114052452873971710e+11 1.525158600321400146e+11
-2.619660546328992932e+05 -6.059674695534743369e+05 -6.199800979030685266e+05 7.162341376922710333e+04 6.539443864342814777e+04 3.691733979795914493e+05 4.291908087527532480e+05 1.031500707012281491e+05 1.360185732354488573e+05 1.666362220327759569e+05 1.629910300821699493e+05 3.047838032591283991e+04 2.752487437855829558e+04 2.418108350675964612e+05 5.589589645075396402e+05 1.586996791115352651e+06 4.080701624998226762e+05 1.757864023060238105e+05 1.273702775981093437e+05 1.636241737297697400e+05 1.113416262129796087e+05 9.468101509576664830e+04 1.046317612072429183e+05 1.360698643034904671e+05 1.313599286572935234e+05 7.296939624474229640e+04 9.782700033614620042e+04 1.294403509807717637e+05 6.932033873102840153e+04 9.915636178121042030e+04 8.694736171465457301e+04 7.989131960173015250e+04 7.471535153562402411e+04 5.530626334774323914e+04 5.757659696653440915e+04 8.145367332255597285e+04 7.555676672768181015e+04 6.465039291600824799e+04 8.438133616926691320e+04 6.319083390982097626e+04 9.279967838043411030e+04 6.860802149634642410e+04 7.375644136010279180e+04 7.785850301262736320e+04 6.283411686381499021e+04 8.187887090937614266e+04 6.923358871795772575e+04 6.761208285318323760e+04 6.143631539243397128e+04 8.230582957659805834e+04 7.296590816540661035e+04 7.267404788682579238e+04 6.082522458701229334e+04 4.603610434080464620e+04 9.443927946066182631e+04 -5.247639945654365234e+11 8.933199080935385742e+11 -3.788560759544232788e+11 -4.905414099475640869e+11 -6.130391308433931885e+11 -2.166677323265568542e+11 -1.739860170988060303e+11 6.123490611836197853e+09 -3.259656022227039795e+11 1.265555954942590790e+11 1.300282218261148926e+12 -1.745256764340818024e+10 -3.087039885338421249e+10 -2.141303545020689392e+10 4.668614058627558136e+10 -1.987690100578381042e+11 -7.846032356116363525e+10 6.539633828012612343e+09 7.802251196651304626e+10 1.235420266819573975e+12 6.500734485013472900e+11 -1.304207935916286163e+11 5.603014993421566772e+10 -1.883871060205321960e+11 -7.634886614961029053e+10 7.387144042932032776e+10 5.820422555371144295e+09 -2.543152487634942627e+11 8.057254156877168274e+10 2.707133690413780212e+10 -1.270460780047928810e+09 -5.125513605266078186e+10 3.686744883076678467e+11 6.879367910156190491e+10 -4.002403982592985229e+11 -7.558781575563156128e+10 -4.586799934407884479e+08 -5.333581222752091217e+10 -5.231807000846562195e+10 3.390482757577676010e+10 9.273741488534128189e+09 -2.096527374657742691e+10 1.041176563080578613e+10 -2.740638839809927368e+11 -4.795178920349862671e+10 3.243528083102577209e+10 6.906824843835158348e+09 4.079146364503895569e+10 -3.837813248628575897e+10 1.915615155837644043e+11 -6.559464087890364838e+10 8.616673215346028137e+10 2.068853762579938889e+10 -8.679301156037500000e+11 8.220431172915473938e+09 6.229930689019288635e+10 3.706063049718393707e+10 3.053318550978840637e+10 -2.051063159530921021e+11 -1.012650066694720459e+10 6.928578842172390747e+10 2.330989543859054947e+10 2.523969042392367554e+10 -1.948056682755738831e+10 -2.979074896764862061e+11 -6.806316774110926819e+10 4.380745934899225616e+10 1.872168003169343185e+10 5.025419568856175995e+10 2.657270864876337433e+10 8.841148989090722656e+10 -7.957722880486605835e+10 -3.118998327629562378e+10 2.710959682845790710e+11 8.386517241172969055e+10 1.196128546649228973e+11 1.092010560091396484e+11 -2.181104801414104004e+11 1.182421247607549133e+11 5.378009530339437866e+10 8.763678749652432251e+10 9.892431543380227661e+10 8.732398850533815002e+10 -1.450726120631994629e+11 6.739293509356723022e+10 8.559722916961862183e+10 8.765800771517323303e+10 1.150361177503306427e+11 7.803769216964668274e+10 8.313733258092230225e+10 -1.367732466103012695e+11 1.280469040702927246e+11 1.275695575846931152e+11 1.483455643416805420e+11 1.580288284884964905e+11 1.217624037238464355e+11 1.265211764935942383e+11 2.118753201027805481e+11
-8.704376611873065121e+05 -9.899001912807455519e+05 -1.828943575773140765e+05 5.857640512275412038e+04 -1.330322435984686308e+05 1.147676283783093386e+05 2.224041931346474739e+05 2.985770832307191449e+05 -8.572098989119454927e+04 8.138992796855892811e+04 2.807305955020473921e+05 1.042844178755172907e+05 1.774485894118159194e+05 2.168259137268369377e+05 2.113139319184276392e+05 4.080701624998226762e+05 1.360471309444809100e+06 3.764906032325806445e+05 1.866978932760882599e+05 1.617234227781761147e+05 1.050507326376771089e+05 1.216074218531298538e+05 1.760623544274195738e+05 8.365070972862569033e+04 9.355970552791707451e+04 6.923082011460719514e+04 8.156159035320651310e+04 1.129644614397878031e+05 1.060905380843246094e+05 1.003074258036614483e+05 7.606356667558869231e+04 8.322055391926704033e+04 7.525162646576910629e+04 8.246493971997899644e+04 8.389122667742203339e+04 7.677119296265929006e+04 6.572363300709020405e+04 5.784114761955291760e+04 6.434816134651363973e+04 8.205977825045031204e+04 7.824295356202468975e+04 8.197226927269410226e+04 6.782577796850928280e+04 7.428305754972025170e+04 5.015039033489678695e+04 6.475947529464643594e+04 5.965284883372972399e+04 6.116368887053630169e+04 4.699049509334480535e+04 5.716556505179495434e+04 7.254491763472821913e+04 7.975811299370502820e+04 6.730823202331508219e+04 5.244222051844787347e+04 6.783410009175741288e+04 -8.980633177441954346e+11 -1.743276070938552856e+11 1.166461133687240295e+11 -9.309844511949673462e+10 -2.970241468056236816e+12 -1.721744209653002930e+11 -1.915379283905831604e+11 2.241980461115185852e+11 -1.427429862806270752e+11 8.611940747431581116e+10 -2.826126264725471878e+10 -1.002507194941028900e+11 -7.752824670934492493e+10 -7.693677332284259033e+10 1.161664029001936340e+11 -3.630817446446199036e+10 2.207438535079632568e+10 -8.807211911773384094e+09 5.100084443063325500e+10 1.882124582485315430e+12 -3.009231014925546265e+11 -1.775883459303980637e+10 1.690625647678896904e+10 -3.539352621730670776e+11 -1.330907463605799866e+10 -1.303562075321451950e+10 -4.116066328296838379e+10 -1.455321750345654907e+11 -1.592918930009302711e+10 -5.549790685913817596e+10 5.526820616994273376e+10 -3.754768083111764526e+10 1.239279784560883026e+11 1.552858299582987366e+11 -7.943086978493081055e+11 -2.540744012975997925e+10 6.022677280590556335e+10 -3.672686319809403229e+10 2.081089647608174515e+10 -2.969916114305564117e+10 -4.558057743260713959e+10 5.620524350759244919e+09 1.989489139674829483e+10 8.168153449962126160e+10 -2.379094584406175995e+10 -2.642362447237563324e+10 -6.628818289078471184e+09 7.063786641251486206e+10 -2.988058423589559174e+10 -1.970901849498377991e+11 -1.471046296451612854e+11 -4.586722667769556999e+09 -5.333785894397093201e+10 -3.247880212791646729e+11 2.595352317135708237e+10 4.854744719634828186e+10 1.179801142047458649e+10 3.697559103339941406e+10 -5.127012339373776245e+10 2.629593333605094528e+10 5.241701493305248260e+10 3.137348281194539642e+10 2.565142484855025101e+10 2.984857404350915909e+10 -6.986041581060763359e+09 -4.417959114081787872e+10 4.080220302545518494e+10 4.346966148737374878e+10 3.987695644633544922e+10 4.415077097674604797e+10 2.826985828326937866e+10 5.288836524386245728e+09 1.747381848798328781e+10 3.292908371609694214e+11 1.896444333797779465e+10 5.840093416598519135e+10 6.137106859542242432e+10 1.475763400360323792e+11 5.978340850354326630e+10 2.898751478415393066e+10 9.467774898273504639e+10 2.288729059839486313e+10 4.039589290122476959e+10 -6.645552577612519073e+10 5.343409852312979889e+10 5.640612655383820343e+10 4.703881838854895020e+10 6.342468921705283356e+10 5.874071039397385406e+10 5.356898253756731415e+10 1.983225988083566284e+10 9.595942879824354553e+10 5.270540863908047485e+10 4.127900468520011139e+10 4.440405727927503967e+10 8.654220112362884521e+10 7.709136873048724365e+10 1.269391879825929108e+11
-1.942435765423235018e+06 -5.864854598500016145e+05 -6.359341315088160336e+05 -7.196701999587398859e+03 1.637638484128887940e+05 2.520139535509376146e+05 2.166663998491434613e+05 1.967400449106916494e+05 2.370708817283217795e+05 2.029573222477344098e+05 1.621598616665096779e+05 1.097843284404484148e+05 1.811966663812136976e+05 2.014983555688519555e+05 2.341629697651994938e+05 1.757864023060238105e+05 3.764906032325806445e+05 1.134402673285267083e+06 3.737116648247546982e+05 1.532960184463015175e+05 1.425120292649661133e+05 1.093594565316849475e+05 1.026378085398092662e+05 1.160036553454115929e+05 1.032683654819876101e+05 9.222477642778445443e+04 1.066512107177847502e+05 1.097795955742279621e+05 7.221403683194912446e+04 1.024770627379918442e+05 9.546250158764135267e+04 1.142202726868470345e+05 9.302668476157658733e+04 7.723676817188024870e+04 8.069946078402623243e+04 5.092312248408658343e+04 6.552680463552179572e+04 6.359461444900603237e+04 8.402731934955227189e+04 8.823454076943818654e+04 9.299426011086736980e+04 7.130341719273179478e+04 7.621655551497478154e+04 7.416637487496096583e+04 8.615172264355536026e+04 8.773821388294854842e+04 7.199187078350271622e+04 6.323454349101384287e+04 8.936565764662636502e+04 8.199529293790244265e+04 7.794371646589641750e+04 8.808873719561863982e+04 7.619249615036041359e+04 8.697613813768124965e+04 9.245709140036185272e+04 -1.648566208801130981e+11 -2.214321622289598389e+11 2.071018836669484558e+11 -5.489516479687103271e+11 -6.709422706407264404e+11 6.231579573892758179e+10 -2.003456331262166748e+11 2.757512115262232056e+11 -2.205080363678250122e+11 5.820573239626271057e+10 4.843725352743037109e+11 -1.775291319173713074e+11 -6.301929473540188599e+10 -4.839814759998175812e+10 -8.847254918252386475e+10 9.566913930010264587e+10 3.118169217155626297e+10 2.322618710777966309e+10 1.290218875876354065e+11 6.950246384255321045e+11 5.150582360336798096e+11 5.769052818745099640e+10 8.252088068925233459e+10 -1.916912989413530884e+11 4.248316136460829163e+10 4.751786041253820801e+10 7.439245599562174988e+10 2.052609981149414062e+10 3.662597393191875458e+10 -4.616400202204566193e+10 1.996484075604136276e+10 -3.400533227964813232e+10 -2.567023539125109863e+11 -6.866694143995910645e+10 -6.209576541648786621e+11 -7.493908873181599617e+09 -6.754921225097239494e+09 2.445005418591849899e+10 3.026551765436323166e+10 6.436910867711943626e+09 -2.552464141214693451e+10 8.383780115684977531e+09 1.632336821187392807e+10 1.583005344537962341e+11 2.873127882970921993e+09 -9.615288988641630173e+09 -2.038570061655173492e+10 1.696731161936028481e+10 4.913281042869697571e+10 -2.253216391739600754e+10 1.706353887002983398e+11 2.141703741484678268e+10 -2.035236481691771317e+10 1.754378342238610535e+11 -9.443472253781303406e+09 4.612854100431582642e+10 3.021394750146479416e+10 6.779177901981778145e+09 -8.333071325236854553e+10 -2.416134766327206194e+08 2.371789055073731995e+10 1.933950992406261826e+10 2.467026472548698425e+10 2.830735402498830032e+10 6.830109977363798523e+10 -5.335194529672143555e+10 -2.958682954357292652e+09 -2.193382638062870789e+10 -1.510565279969679832e+10 4.907080085917677307e+10 -2.300987480266009331e+09 1.671364537139802246e+11 -3.988440332245933533e+09 7.301216347172752380e+10 4.623660218493025970e+10 3.370443593455945587e+10 1.018646927232477379e+10 1.311641830790765762e+10 8.752240149943072510e+10 -4.273186450579161167e+09 5.458682144009387970e+10 1.923856391517397690e+10 5.897298233196149445e+10 -5.970777746473434448e+10 -1.430625249630167580e+10 -1.323731513625491714e+10 1.903468064543149948e+10 2.781437629805270004e+10 1.577369700883026886e+10 7.024355573657759666e+09 8.684707214787911987e+10 -4.751148290500872803e+10 -4.582439510531853676e+09 3.026218339531969547e+09 6.481029752187582016e+09 1.015508046802081871e+10 9.701142864500574112e+09 -4.637286292920733094e+08
1.822413214782865543e+05 2.786346104939392171e+04 -1.599383291959043709e+05 -3.930293486955408007e+05 2.848987945957971169e+04 1.581358676912258961e+05 2.035350388056165248e+05 1.113393970459857082e+05 1.042980206091394648e+05 2.581160024610424880e+05 1.277726353947995231e+05 8.402336918154078012e+04 9.471341156756393320e+04 1.626466356870574818e+05 1.473881119826459035e+05 1.273702775981093437e+05 1.866978932760882599e+05 3.737116648247546982e+05 1.030368064038340002e+06 2.799092570917927660e+05 1.658615457992355514e+05 8.206330366261604649e+04 1.539621285068025172e+05 1.053218371295083343e+05 5.891707849036560947e+04 8.793037349034831277e+04 9.153531746288023714e+04 1.142279813148150570e+05 9.198819210907685920e+04 9.170424568771144550e+04 7.484709547382785240e+04 7.350088618069746008e+04 6.468101907060447411e+04 6.850827426709876454e+04 6.368458336198746110e+04 6.893897689319477649e+04 4.431826325322411139e+04 6.595309418097698654e+04 4.807853549328642839e+04 7.305191914128285134e+04 6.296166366476470284e+04 5.984621929511397320e+04 3.421106954346741259e+04 5.938103870424788329e+04 5.767343904886924429e+04 6.490931889256869908e+04 6.056825723064957856e+04 5.143970986987241486e+04 7.145806613052092143e+04 7.617987640199402813e+04 7.251553355340260896e+04 7.167551983661450504e+04 4.730112212141425698e+04 6.946311953517761140e+04 6.403403055069689435e+04 -6.753060759502293701e+11 -1.915753090488225708e+11 1.935470780571213531e+10 9.269754773356155396e+10 9.201552892998698425e+10 1.854053221475842285e+11 3.299196538725741386e+09 3.809300033806812744e+11 -1.959416821216329346e+11 5.076624870454607391e+10 3.038502472199893570e+10 8.968274887913203430e+10 1.860927272068256531e+11 1.719148808042366028e+10 -1.559760199399063110e+09 1.770481839188124695e+11 5.594272150206166840e+10 -1.852072179209499359e+10 1.107396373469736633e+11 -1.493723905501017761e+11 2.943681657771730957e+11 6.242486501897009277e+10 6.372744265941630554e+10 -1.317884668106294098e+11 8.825481731479504395e+10 4.474669157770975494e+10 2.658531217375610352e+10 -3.119599374454663086e+10 1.268550870632796478e+11 -1.848007473427668381e+10 5.980564709117122650e+10 1.261376471427719307e+10 5.764824303204957275e+11 -2.402173960507523727e+10 -1.949422622910682678e+11 -2.833719119452733994e+09 -1.786067369232373810e+10 2.471884823504685211e+10 -1.845185574295700378e+11 5.581831366923223877e+10 1.503604811656475639e+10 -4.116729343220075220e+07 4.136177079836034298e+09 1.751564219886453629e+10 -3.753577957442682648e+10 6.936936325509847641e+09 1.929424544841541290e+10 3.068545092022367001e+09 1.584309118980382538e+10 -2.595267598363621521e+10 6.199337796540191650e+10 4.087758162444108582e+10 3.292291521524615097e+10 2.909472127426740112e+11 -6.086720990132813263e+10 3.863045632230915070e+10 5.786958493785869598e+10 2.765695984010536957e+10 -5.523694572698932648e+10 -8.462866460988179207e+09 2.422283946149089813e+10 2.207567738572544098e+10 1.753949625446715164e+10 4.397072046590585327e+10 6.245666433312873077e+10 7.131977200572809219e+09 2.130324081971920013e+10 -2.569064338195125198e+10 1.056069154672807121e+10 1.796160021827568817e+10 5.521853043713610077e+10 4.166892732446620178e+10 2.791506367437434387e+10 -1.036862410465803833e+11 2.632750284103410721e+10 7.079311518406091309e+10 4.607650610484062195e+09 -1.192870352506434479e+11 -5.066676379639402771e+10 -7.586456842477052689e+09 3.113142795242921829e+10 1.020560268022551918e+10 4.390050677351617432e+10 9.381553807742004395e+09 -1.417038963659773111e+09 3.074499869516735458e+10 3.215597622030940247e+10 2.966752309052752304e+10 1.297899886304109955e+10 3.162750858296186447e+10 1.067804218397119598e+11 4.590737218708919525e+10 3.366213060501099396e+10 3.804739886938201904e+10 1.342511624569159698e+10 2.603946675127492905e+09 -3.021093875628106594e+09 1.229821435610682011e+09
-9.924344297082297271e+05 -3.666638468375005323e+04 6.483348659314333054e+04 -7.532155037166307739e+04 2.088259535176460340e+05 1.486988264584238059e+05 6.630592180862864188e+04 1.118181305803533323e+05 1.176996298503496218e+05 1.965148423648953903e+05 1.137095979645307234e+05 5.461817228341866576e+04 1.355256078189823020e+05 1.914002513448862010e+05 1.178320966227629688e+05 1.636241737297697400e+05 1.617234227781761147e+05 1.532960184463015175e+05 2.799092570917927660e+05 8.437320278254572768e+05 1.976868486227841931e+05 8.529486418834484357e+04 1.105384285809503490e+05 8.883037135989134549e+04 9.851159169411358016e+04 8.946928645954671083e+04 7.095670264401852910e+04 5.310449400171289017e+04 7.749022839783139352e+04 7.193483425616900786e+04 7.361664279335002357e+04 5.388982008254469110e+04 5.457983991502856952e+04 5.407236031829192507e+04 4.929149445924195606e+04 3.989617782883590553e+04 4.371603674324836902e+04 5.313500446300548356e+04 6.183516006750037923e+04 6.118198217129601835e+04 3.522188262547946215e+04 4.656450488719677378e+04 3.735595523539897113e+04 4.325488537851940055e+04 4.261151213520771125e+04 4.770234675236760086e+04 3.683653675547862804e+04 2.630999356042564614e+04 4.397926721496399114e+04 4.348826530290055962e+04 5.209120987360651634e+04 4.545495169971851283e+04 4.527033574755420705e+04 3.941359181886723673e+04 3.900525667504052399e+04 -1.457748773725038086e+12 -6.394239587429493408e+11 1.195479595783639832e+11 1.358556036578298187e+11 1.344502803600186768e+12 1.081038129191392059e+11 2.408038140945845032e+10 1.321264738891845856e+11 -1.017637959599627380e+11 -6.542577575470970154e+10 -1.170877613460587158e+11 -2.402492506319617462e+10 2.646746329075724792e+11 6.024883965757866669e+10 6.829657117101429749e+10 1.737053636134857559e+10 7.610708111659264565e+09 -6.580010666819198608e+10 1.885610783488057327e+10 -2.152689989261410828e+11 -2.756311264745841064e+11 5.589006976312411499e+10 6.325976289367024994e+10 -2.071895465351859131e+11 1.326209943980655289e+10 -3.492374225834643364e+09 4.984612973415149689e+09 -1.133641521487986145e+11 8.538044962467576599e+10 -3.686924247562145233e+10 5.262456450864445496e+10 3.351497846419927597e+10 1.730243181428630066e+11 1.238887526550836182e+11 4.056418017736918640e+10 6.386436084156166840e+10 3.644116435373219299e+10 -1.321356958110888290e+10 2.516664605023767090e+10 7.578959753421510315e+10 5.756046281593703461e+10 -3.727108256196454048e+09 2.998516124547564697e+10 -1.137448567239202423e+11 1.490714483820696640e+10 1.806098409134185028e+10 2.367501215854864120e+10 -4.783804400873875618e+09 -4.150722996067630291e+09 2.152534379136983337e+11 4.710234014163181763e+11 7.624776133694627762e+09 1.432426351680713081e+10 8.605479460659677124e+10 3.978830942204958916e+09 3.175293732263252258e+10 3.780139995932794952e+10 3.983178563384527206e+09 -1.334501946827739143e+10 3.463219391715080261e+10 3.948187832005151749e+09 2.311208845988305283e+10 2.881498310416863251e+10 3.620449705200474548e+10 4.675088254083509827e+10 -4.090920003296083832e+10 2.394356087007486725e+10 3.313551421339424515e+10 3.108794080094693756e+10 2.300423036302046204e+10 2.313492430878350067e+10 -6.872402801571357727e+10 3.155843510990572453e+09 -7.390484769008665085e+09 7.128650188477886200e+09 2.718283278624206543e+10 -1.982271367759726524e+09 -1.390359707981165504e+10 -1.080117932657000780e+09 1.297427388179447365e+10 2.470513825077201843e+10 2.680374193714344788e+10 1.234276177071144342e+09 -1.977403187700362778e+10 3.805281705160946655e+10 5.778964133859213829e+09 1.037781589780827332e+10 3.884678718544706726e+10 1.843359879115200806e+10 -7.044151667094386816e+08 -1.545974444440343933e+11 1.370879285063417625e+10 2.442982338499481583e+10 2.834080268246397018e+10 1.556111032874504280e+10 -4.951332591288235664e+09 1.287091471327799606e+10 3.823645543213169098e+10
3.355573033926563221e+04 7.831791222656044411e+05 2.781633080288190977e+05 1.744144320487329969e+05 3.106593411121467361e+05 3.054735217509433860e+05 1.330854408133663528e+05 1.377015233703974809e+05 4.046307570362467231e+04 1.044850735071289964e+05 1.764673889937357162e+05 1.100329998397730524e+05 1.699662236740192166e+05 1.220906757461664965e+05 1.472679536176051770e+05 1.113416262129796087e+05 1.050507326376771089e+05 1.425120292649661133e+05 1.658615457992355514e+05 1.976868486227841931e+05 7.711845877937775804e+05 2.439747381964439701e+05 1.265415606167436199e+05 1.059941042458819138e+05 9.231367157384406892e+04 7.253349789099028567e+04 6.587911315172606555e+04 7.080752690713122138e+04 8.907531496220343979e+04 7.214882469488916104e+04 6.450099397623503319e+04 6.623427013539767358e+04 6.315487064903091959e+04 6.061808407382028963e+04 4.699202968996827985e+04 4.771766501934156258e+04 5.220046743117244478e+04 4.337964039308927750e+04 5.137557721675149514e+04 5.441043960145528399e+04 5.818873522711296391e+04 5.438190964420376258e+04 5.419929270237214223e+04 7.731718424039959791e+04 5.193978900808049366e+04 6.329820447732218599e+04 6.005450263025135064e+04 5.459415273360507126e+04 4.981730559631335200e+04 5.890225391777885670e+04 5.694643785858549381e+04 7.176886252966658503e+04 6.015805460407587816e+04 6.195065600880139391e+04 6.363357452663998265e+04 -4.640626754187006226e+11 8.526889720185995483e+10 5.957419989016516685e+09 -7.893376409031666565e+10 8.191763117064871216e+10 -2.842749712750897598e+10 1.174950905750013885e+11 6.541542520359212494e+10 -6.612734099081737518e+10 -2.181871520790739822e+10 7.194134982836160889e+11 8.861335358512947083e+10 1.869382216062082825e+11 7.629385521701571655e+10 6.851656595703108215e+10 -1.275506187387976227e+11 -2.216220828693725204e+10 1.261731327796849251e+10 7.568881684894497681e+10 5.248246608253592529e+11 6.632321558937367249e+10 8.539083595468984985e+10 6.414626104147843361e+09 -7.426980734907135010e+10 -4.996875986475305939e+10 -1.436475999063864899e+10 -1.907003947365144730e+10 -1.696838446475525513e+11 -2.487350701305314255e+10 1.171452585169692802e+10 3.840436046117905426e+10 2.418837397271184921e+10 3.815040401669886475e+11 -3.341717304336598969e+10 -2.032262881834613953e+11 1.047344204693818808e+09 8.521903011541189575e+10 1.278628408778506088e+10 -6.941860803143867493e+10 6.405941172331932068e+10 7.320827102711149597e+10 1.582584906334903717e+10 7.148435909587237358e+09 -1.231308657999625549e+11 -1.127217595264554024e+10 3.844896568262403870e+10 4.814664139738133240e+10 7.177699044513376236e+09 1.518057492223417091e+10 -2.801690795066141968e+11 -2.806421005405475464e+11 3.981827749923637390e+10 9.370434311888774872e+09 -1.344851829100274467e+10 4.685222922819301605e+09 8.131066386416320801e+10 2.265881134121572113e+10 4.429572461774463654e+10 -3.092772322497203445e+10 3.510075957903372955e+10 4.188528695765221405e+10 2.667700718226391220e+10 1.367178697180669785e+10 5.027959902505738831e+10 1.050712779687659454e+10 1.476885842002135658e+10 2.392422353659389114e+10 2.822973030306163788e+10 2.335956670932121658e+10 4.122155616071361542e+10 6.037703035818196869e+10 1.165230475882624817e+11 1.208264817765587463e+11 7.507572997410131836e+10 1.799841623607733536e+10 5.660665268586890411e+10 1.148140209395893478e+10 -5.414459464406697083e+10 8.106159039834558105e+10 4.298127564799795532e+10 2.465492765390520477e+10 1.052387775956533813e+10 3.996852099494335938e+10 3.491122112415756989e+10 2.212741184547061920e+10 1.652625767873257065e+10 1.022975305926192665e+10 3.624903384796365356e+10 3.228614804680755615e+10 3.826598416119123077e+10 -1.018052506442628937e+11 -1.243098339255777168e+10 2.643259387103353119e+10 1.397018471821987534e+10 3.020720206297606277e+10 2.439138034384275055e+10 8.495274288089951515e+09 2.589485175734750271e+09
-1.538295029562251642e+06 1.356820701519846916e+05 5.561834362637808954e+04 1.114062578421637008e+05 3.265266509385959944e+05 1.468784988588431152e+05 2.774708931030295789e+05 4.028803168907164945e+04 1.846296091665311906e+04 1.314041634333901748e+05 1.505405783133565856e+05 6.189436567139270483e+04 4.383612262933192687e+04 7.536956925437589234e+04 8.562880615112157830e+04 9.468101509576664830e+04 1.216074218531298538e+05 1.093594565316849475e+05 8.206330366261604649e+04 8.529486418834484357e+04 2.439747381964439701e+05 7.176670062560061924e+05 2.475779918929256382e+05 6.943259436634177109e+04 6.852666277004714357e+04 8.137373423038679175e+04 7.157549197808558529e+04 8.192890333693455614e+04 8.049035370216406591e+04 8.881090828656777740e+04 5.517677812518966675e+04 7.495250993469062087e+04 7.849624723159056157e+04 6.709568182520642586e+04 5.661065966393639974e+04 6.135820191672966030e+04 4.661585731360274076e+04 3.967951204577270255e+04 3.981935631282164104e+04 7.470141570958832745e+04 6.948042750637562131e+04 6.186839698839659104e+04 4.934820740752900747e+04 6.054204642672512273e+04 5.848653018537454773e+04 5.395851609421739704e+04 6.370792661779163609e+04 6.066360602360254416e+04 4.725936415638319158e+04 6.745322027124166198e+04 6.515637495330232196e+04 7.598822586909434176e+04 5.053500549147645506e+04 4.518578131040719018e+04 4.706279284362639009e+04 -1.372555113703950439e+12 -6.419369179429422607e+11 -2.374596649284931335e+11 3.429981156632236938e+11 -1.230033040590921387e+12 -3.166591053919977417e+11 3.111688180725434875e+10 3.345917029814392567e+09 -8.320998258246101379e+10 -2.335620961967717648e+09 1.477325224966929932e+11 4.119249987839015198e+10 -2.283030376951872253e+10 7.614162970624833679e+10 4.029299976223255920e+10 -2.045197662648661194e+11 1.308228088121067238e+10 2.269796726256634140e+10 6.977299767977184296e+09 3.713833983740396118e+11 -4.699418687867997742e+10 -7.608597815729333496e+10 2.945263076417300797e+10 -1.004694973605514679e+11 -7.244736897074523926e+09 9.450461886034528732e+09 -4.354082547890702820e+10 -1.805158504678150940e+10 5.693487428864354706e+10 1.269636986125619965e+11 2.884764009545146465e+09 5.397007739169091034e+10 4.011741753489873657e+11 -3.505450092896480560e+10 -7.602797885627683105e+11 -1.180765504718339443e+09 1.261707674131992149e+10 1.837319790618382263e+10 -5.656591916195950317e+10 7.292883859428774834e+09 -4.464778642516892433e+09 -2.920751091193537235e+09 7.509347569676850319e+09 -1.508499327709864197e+11 6.534010994088307953e+10 -9.355349839838987350e+09 -4.165999066984166622e+09 -2.365524328433752441e+10 -2.168873420833299637e+10 3.666049292221119995e+11 1.483249169891428528e+11 -4.128835698697850227e+09 4.440514327121264648e+10 -2.081340398267665710e+11 5.553482745543694305e+10 5.347354551038274384e+10 2.031063653952207565e+10 1.468306709753491974e+10 -9.470005252713960266e+10 2.341677541660804367e+10 2.664092536626887512e+10 6.708964806001333237e+09 -1.451753459380978394e+10 -8.320979986001135111e+08 -5.330581539699009705e+10 2.902357177945993805e+10 -3.726319120985354424e+09 -1.567481568914033175e+09 2.621518596436985779e+10 3.532941729847724152e+10 3.107811479444588470e+10 -1.412961452494205017e+11 8.185624641439677429e+10 1.639675585930499878e+11 1.248449605847235298e+10 1.886893414056315231e+10 -1.312489628408998299e+10 -1.372297129715129547e+11 5.907335977041186523e+10 9.771010808697084427e+09 -4.958179761246874809e+09 -1.475285913316186142e+10 2.701254056622810364e+10 -6.610687420785302734e+10 1.669975917916329193e+10 2.105817573348995209e+10 4.879495504488534927e+09 -8.098821297987440601e+06 2.898672827927140808e+10 7.166144373661405563e+09 -1.151543706045300293e+11 3.089374023285261917e+10 2.498315654263703156e+10 -7.470758925330165863e+09 1.435786601198760033e+10 2.571481374629558182e+10 8.453206615399068832e+09 -6.125428164577125549e+09
6.154866142261975911e+05 4.228691470035163220e+05 3.692013945563552552e+05 1.608400350818553998e+05 1.437551314668492996e+05 1.330706040718414297e+05 6.821615712901455117e+04 5.598239326684620755e+04 4.361440625999065378e+04 1.050290378058216993e+04 1.535244404129728500e+05 1.063762448677927168e+05 1.393293524678936519e+05 1.255699432539838890e+05 5.970011065004723787e+04 1.046317612072429183e+05 1.760623544274195738e+05 1.026378085398092662e+05 1.539621285068025172e+05 1.105384285809503490e+05 1.265415606167436199e+05 2.475779918929256382e+05 6.956026770664067008e+05 2.179375115206029150e+05 8.773267174633200921e+04 9.180649879698320001e+04 8.468840895942294446e+04 9.933059248824797396e+04 1.080774532980735094e+05 9.243977386742888484e+04 8.146934108273408492e+04 8.822665857146997587e+04 8.861276165551983286e+04 7.167200564238446532e+04 8.271445441382544232e+04 8.183961427203906351e+04 7.776178670940773736e+04 5.721460287955669628e+04 6.626812192465223779e+04 7.924698844256003213e+04 7.249647391171850904e+04 7.189038954662231845e+04 5.841455048321698996e+04 7.771820102587703150e+04 6.978762155220714340e+04 6.387386476522481098e+04 6.550859965035640198e+04 5.945777747334775631e+04 5.234240122409251489e+04 6.982489188394325902e+04 6.445352488850116060e+04 8.101796578241982206e+04 6.930066674290025549e+04 6.400591565889240883e+04 6.658427207922188973e+04 2.259805276409226074e+11 1.894936758038724060e+11 2.340226290942824707e+11 -2.529345325454084167e+11 6.330953234390117188e+11 -8.656769278755528259e+10 -2.767259649689310455e+10 4.961752819795519257e+10 -1.623532576181856079e+11 2.520471259676031494e+10 6.284500239737253418e+11 2.213458503272954102e+11 -8.179446990487968445e+10 2.004731869165410233e+10 3.728303797028042603e+10 -1.516726078487536621e+11 -4.683272392494313812e+10 2.631294766914457703e+10 -2.883088255589019394e+10 -3.607194692032376099e+11 -4.191319882364976807e+11 -4.631173867200843811e+10 4.343422120214728546e+10 -3.292085875436478806e+10 1.184366131374857712e+10 1.607173706791341400e+10 -5.380807720933889771e+10 -1.875472138979315281e+09 4.469826365423824310e+10 3.828874070957736206e+10 1.327533024051443100e+10 -4.128552376045071411e+10 1.874901107573605042e+11 3.920870861748927307e+10 -7.216278204565231323e+10 3.200054729318939972e+10 4.529489044346858215e+10 -1.138325870274598503e+10 1.763643582162218094e+10 3.557970186732286835e+10 -8.516541913035452843e+09 -2.983051641626829147e+10 1.243261002743799591e+10 -1.374161295138282623e+11 7.020845421345906067e+10 -5.170143085709934998e+10 -1.342777288416062164e+10 -3.305801335996689320e+09 1.758622070428483963e+10 5.948937874383100128e+10 6.885993430222599792e+10 -1.229980809987878227e+10 1.650273006774399948e+10 -8.913919062126153564e+10 1.204306026564003754e+11 4.011788635989088440e+10 6.215463437060279846e+09 -1.719027414354273605e+10 -3.955610304649654388e+10 5.041047374261764526e+10 4.518301392993923187e+09 2.697354648268058300e+09 -3.560277234688137531e+09 2.434651880326420593e+10 -7.005051352910058594e+10 -3.055683116869114685e+10 2.517556908424592972e+10 7.951478811608798027e+09 1.265687499875478554e+10 2.077063161313196945e+10 8.745402271074300766e+09 -7.182873784153926086e+10 1.436461611724137497e+10 3.391800183347659912e+11 -5.308470899682847023e+09 -6.962830739384311438e+08 3.477855270706184864e+09 5.934122581167253113e+10 3.624756826845683289e+10 -6.852676037274065971e+09 -8.436377286349439621e+09 -2.712301781817196369e+09 1.615611873495563889e+10 -3.130171868378894424e+10 1.630035363506004333e+10 6.433317453474329948e+09 2.142986893918289423e+09 -1.539298972776361275e+10 2.997123499921413422e+10 3.085624948538769913e+10 -3.634949752260186768e+10 7.129000599262126923e+09 2.048678830979023743e+10 1.784444585595160675e+10 2.143632922927439499e+10 2.697058895726152039e+10 1.799187659828245544e+10 7.185302127103207588e+09
5.920805186359407380e+05 9.321613220231374726e+03 1.309829340162537992e+05 1.261332208102016593e+05 2.646938394086949484e+04 2.993523500206019889e+04 6.967035409475732013e+04 5.348780220148248191e+04 6.679502239246480167e+04 -2.174594472151991795e+04 7.762820673772253213e+04 4.772979637627799821e+04 9.753582914750225609e+04 1.427785280377084273e+05 6.938961998977861367e+04 1.360698643034904671e+05 8.365070972862569033e+04 1.160036553454115929e+05 1.053218371295083343e+05 8.883037135989134549e+04 1.059941042458819138e+05 6.943259436634177109e+04 2.179375115206029150e+05 6.223919507895208662e+05 2.189140259697356960e+05 8.575249412443846813e+04 8.183052604641199287e+04 5.672567463505284104e+04 8.027848044345616654e+04 8.876312758184243285e+04 7.181782217348451377e+04 8.894609589072683593e+04 6.977689417179104930e+04 4.962302989097556565e+04 5.297377243668228039e+04 4.333653044728845271e+04 4.622303760501195939e+04 3.925923690684641042e+04 5.586474776701720111e+04 4.956782401846763969e+04 5.018708354982364835e+04 4.455359238535651821e+04 5.954760715525401611e+04 5.985929509760950168e+04 4.265950211492651579e+04 5.896922455586386059e+04 6.303695415570845944e+04 5.510021809262447641e+04 6.372597505337247276e+04 5.663197563698342128e+04 6.091068648022106936e+04 6.428942390429889201e+04 6.015344570552669757e+04 5.572590524042048492e+04 6.397752068382318976e+04 5.394238088187072754e+10 6.399002708008774414e+11 -3.114010668707348022e+11 -3.039277541164746094e+10 -1.740954547368907471e+12 -4.430196436096694946e+10 4.165782331960163116e+09 7.705423004802949524e+10 9.375577198331769705e+08 9.789499130278175354e+10 -5.694996644453328857e+11 -3.466943535829216003e+10 1.781371009136054993e+10 2.299106041081151581e+10 4.381986231009470367e+10 -4.327819641312861633e+10 -1.138921672976494408e+10 1.754623114357752609e+10 2.534964388277407837e+10 -2.270834117491799622e+11 -1.721791676640292053e+11 1.231704502940831375e+10 3.308540263932682514e+09 -5.234979090237335205e+10 -5.755378851707430840e+09 2.409044478394489670e+10 -3.528452259060291290e+10 -1.084743047004262085e+11 1.671093658788918686e+10 -4.600406034097219467e+09 -7.932493116532895088e+09 -5.083305846796096039e+10 1.137807963554277229e+10 -1.162842596450412560e+10 3.839977175254653320e+11 -3.610835910846868134e+10 4.343524504888764191e+10 1.237711771104394150e+10 2.178330580282016754e+10 -6.032601101683879852e+09 1.918369816434660339e+10 2.363045021171679497e+08 2.034568072179315186e+10 -6.428989133299372864e+10 5.107353437260507202e+10 1.102618157146482468e+08 1.174106281501966095e+10 2.782994834009534454e+10 2.031959429301147079e+10 1.334207534309346466e+11 3.518258457360043945e+11 4.496138096749741364e+10 3.438890736315061092e+09 1.159531373000927277e+11 4.630325420253874207e+10 2.399932507660264587e+10 -5.227744223858966231e+08 6.800788564492280960e+09 -2.277648316192977905e+09 3.919024547888340759e+10 1.445140869877292061e+10 3.071770535131299591e+10 1.248445511634111595e+10 5.021201775289427948e+10 -4.158605142527299500e+10 1.788046530540014505e+09 6.357727841463534355e+09 2.406994656816673660e+10 7.859847696366451263e+09 5.251388685068875885e+10 3.690549537210499573e+10 -2.646868559534323502e+10 6.363922818097226143e+09 3.040501508698845215e+11 1.152330461725958443e+10 3.213966263600218773e+09 1.764747785906489944e+10 1.446294317025098267e+11 3.717855638522156525e+10 1.151120621089373779e+10 -9.492881124335136414e+09 -7.941837089335599542e+07 -3.268026179819862843e+09 -1.054684107404211044e+10 3.122370336320535660e+10 2.546227198596889019e+09 1.824306557454549789e+10 2.017132337926200485e+10 2.316081916889369583e+10 2.726981080632127762e+10 -3.287857248410130310e+10 2.085182529519459152e+10 -1.275388150844827175e+09 2.184038447895871353e+10 2.291644447803456497e+10 2.260908494473754120e+10 3.590931093816814423e+10 1.505158676455693054e+10
-5.039313616051866848e+04 3.106314885272394749e+05 -6.102362962281173532e+04 1.283447655054868519e+05 3.318864420831021562e+04 1.118963989586406533e+05 3.033559595098195714e+05 2.244397119958147232e+05 1.266866942959240841e+05 7.787787053853194811e+04 6.236107066934199975e+04 3.325749933223167318e+04 1.041563878364216071e+05 1.013657480003433739e+05 1.383355026613043447e+05 1.313599286572935234e+05 9.355970552791707451e+04 1.032683654819876101e+05 5.891707849036560947e+04 9.851159169411358016e+04 9.231367157384406892e+04 6.852666277004714357e+04 8.773267174633200921e+04 2.189140259697356960e+05 5.877580392056696583e+05 1.825413167397497746e+05 6.740919103930151323e+04 7.247175124206994951e+04 8.377765733455626469e+04 7.726931704052271380e+04 7.257262441214358842e+04 7.576590947334954399e+04 7.310210659106839739e+04 6.043661172988080216e+04 5.306519541721899441e+04 4.158664809219986637e+04 4.746614951354356890e+04 6.452978857530234382e+04 5.047255012929604709e+04 5.541530014852082968e+04 4.956924233540865680e+04 5.323721715967283671e+04 5.310223737622631597e+04 4.812668270131286408e+04 5.006029923703073291e+04 6.480023566172127903e+04 4.663956830781074677e+04 4.029739947687384847e+04 6.270772727806613693e+04 5.792266488630961976e+04 5.984905589880406478e+04 5.537112252875701233e+04 5.437648359506626730e+04 5.286561357845003658e+04 5.681186473367288272e+04 1.269163860458597168e+12 -1.888200564895872803e+11 -4.504788323575357819e+10 -2.967665616384898682e+11 -6.340512705544844971e+11 -1.481916500844019775e+11 6.320188756807171631e+10 3.854976357938598633e+10 -3.234188809423684311e+10 1.331076310159209595e+11 1.795483765704425049e+11 6.988313671333651733e+10 4.173198887530296326e+10 1.093141349299177170e+09 7.677320238569929123e+09 1.986073281245292053e+11 1.898438678073503113e+10 3.559012194434107208e+10 1.354740402118899231e+11 -5.239662807825585327e+11 -4.724154526857897339e+11 1.656955131230723763e+10 6.080865553081907654e+10 1.946126815164472580e+10 3.295259657588020706e+10 -1.576933364762899637e+09 -3.102057783177259445e+10 8.466240470654685974e+10 5.420735012711617470e+09 2.175841324183366013e+10 -3.456734910198456287e+09 8.981485663481750488e+09 2.018798642368891296e+11 2.438247035002085114e+10 -3.256995304962868652e+11 -2.294437433536642075e+10 3.549917554797717285e+10 4.159234360187749481e+10 6.641670731575291443e+10 1.721000404255150986e+10 1.502881521551011848e+10 -1.623065164025243044e+09 4.690325567020368958e+10 1.868768433527595520e+11 1.381944478365706253e+10 -1.111144265176257515e+10 1.504811164505810356e+10 1.444594143098192406e+10 -2.303509271600357437e+10 1.783530743460248718e+11 1.702055375311080322e+11 2.409423728053343964e+10 1.689025728524045181e+10 -3.483072822575335083e+11 3.153408503250957966e+09 1.551229150835647964e+10 1.454436857691909409e+10 1.506017354041048050e+10 -1.529044714239365959e+10 4.197007612029183388e+09 2.048164924924759293e+10 2.413029340473188019e+10 2.328139775370988846e+10 2.652419620448226929e+10 7.078777710923396301e+10 2.062277374160005188e+10 4.022813832057660580e+09 2.033590035806174088e+10 -1.587785380047592735e+10 1.703369986997123909e+10 5.963614234661011505e+10 -6.907836377708578110e+09 -1.204030132736856461e+10 1.974085813635442505e+11 3.481589798696356964e+10 2.902496765897093582e+10 -1.059663848135495186e+10 9.742362427882749557e+09 6.807202307069355774e+10 1.026005421448022842e+10 3.159085963586083889e+09 -1.907653348645443678e+09 1.910120833904553604e+10 8.406758862679136276e+09 9.919334143166975975e+08 -1.028821762666329193e+10 1.827204835465576553e+10 7.818606815103883743e+09 9.126340820888139725e+09 1.720166134298411560e+10 3.849550758781220245e+10 -1.861946228329483414e+10 -2.247218987695953751e+10 1.676521209172747612e+10 8.065112405308922529e+08 2.694556198256379700e+10 2.128609943954516983e+10 -8.980314445463045120e+09
-3.913884423330705031e+05 -4.023677027727211243e+05 1.693767545570366492e+05 1.192607608305297908e+05 6.783691736745485105e+04 1.807485516972959158e+05 2.877278942173746182e+05 9.028717279463863815e+04 5.201094907533014339e+04 1.153039240914352995e+05 1.135102651415449072e+05 6.992851740236725891e+04 9.324925630836861092e+04 9.045574265616122284e+04 8.832005141655160696e+04 7.296939624474229640e+04 6.923082011460719514e+04 9.222477642778445443e+04 8.793037349034831277e+04 8.946928645954671083e+04 7.253349789099028567e+04 8.137373423038679175e+04 9.180649879698320001e+04 8.575249412443846813e+04 1.825413167397497746e+05 5.225432970740660676e+05 1.756827193445033045e+05 1.022099027484448889e+05 7.660912941728346050e+04 6.432796162838638702e+04 7.955845109334970766e+04 9.163034920843428699e+04 1.019955485064355307e+05 9.072034138953442744e+04 6.076650198972164799e+04 8.184873029827406572e+04 8.327282003610282845e+04 6.724960568004367815e+04 5.130762861978415458e+04 7.487622543110208062e+04 5.525032569278617302e+04 7.662092621498598601e+04 5.747478847860495443e+04 7.677068481231552141e+04 8.225686830282324809e+04 7.726257592231449962e+04 7.310166223334809183e+04 6.662849957681057276e+04 6.445862165299503977e+04 7.083433953904463851e+04 7.088648884120876028e+04 6.752307280734539381e+04 7.786684968375030439e+04 6.411171109967108350e+04 6.434130637570705585e+04 -4.407201837663899536e+11 -1.988622513413236694e+11 5.288515772975050354e+10 -2.159384846494016113e+11 -8.021862375069932861e+11 -1.575667465223944092e+11 7.045106788660586357e+09 1.475709246365453186e+11 7.801088639588174438e+10 1.360664058051701050e+11 -2.524042727246863708e+11 1.907026390581877136e+10 2.818424623467702103e+10 4.025254511369412994e+10 3.508764006502394104e+10 1.283821804044667816e+11 -6.195451344934320068e+10 -2.444523037860207367e+10 1.493722425778614235e+10 2.479923582688688660e+10 -2.998320786202379150e+11 -1.426320975311841202e+10 5.851636614557997131e+10 -2.378298208036597443e+10 -1.450856059244976807e+10 1.377886203576531649e+09 -3.441673245659010315e+10 4.152261792349011230e+10 1.831691332007687330e+09 -1.217282866981324196e+10 3.157743522771497726e+10 4.543248901110350800e+10 -3.587279997443149414e+11 1.047376711960373993e+11 -1.243271787004029694e+11 -8.228681951922899485e+08 5.065530430753633118e+10 1.758882987618019485e+10 6.994985069234291077e+10 4.005411097960839844e+10 1.774837681002519608e+10 -1.252659002195826292e+09 4.066958728346408081e+10 1.089886251505093689e+11 1.897079533339702225e+10 -3.496132380750041199e+10 -8.616103739577524185e+09 3.657224315231546783e+10 1.801634317297080231e+10 2.414544556257322083e+11 -1.326921241104745293e+10 -2.547189154764777374e+10 2.915946263341709518e+10 1.568259075657160950e+11 2.436716848863104630e+10 2.902383527714458847e+10 4.013751893785122681e+10 -1.296155237017613411e+09 2.437543500252018738e+10 1.228683254512188721e+10 1.485045227880242157e+10 2.298564686282405472e+10 1.808218567812427521e+10 2.078369333270154190e+10 7.904321415322027588e+10 -2.779191872924228287e+10 -1.072807432171277761e+09 2.338020455017062187e+09 7.462613188711925507e+09 1.795937024688362503e+10 5.680001869253047943e+10 -6.889660725069921875e+10 -3.032903913330134201e+10 -3.559584495979154205e+10 2.211812817046747589e+10 -6.494108859706018448e+09 5.528389060095343590e+09 2.601223483095073853e+11 4.058531783340505981e+10 -4.382643643673847198e+09 1.969881536671978712e+09 8.919717006481054306e+09 1.724950024889889526e+10 9.710932112045443726e+10 -1.698050914313702202e+10 -2.529127313393710136e+09 3.155016899426638603e+09 -2.366570686204027176e+09 8.240933777851620674e+09 3.974591284014330292e+10 6.688603598506031036e+10 -4.309447273747132111e+10 -1.823448180420226288e+10 1.563526110642551804e+10 -1.376486890721264267e+10 2.362972283582670212e+10 1.107852081827181435e+10 9.304306361913015366e+09
-4.736252491210513399e+05 1.828766187348155072e+05 1.422906264580317365e+05 2.238268057667025423e+05 1.449357756371835712e+05 2.296498348359580559e+05 5.900122139261220582e+04 3.581264050180892082e+04 5.566290593855340558e+04 6.030335759211346158e+04 1.217823450801860599e+05 7.758311625400961202e+04 1.375169067587905738e+05 1.163243354388022126e+05 1.122572794988650567e+05 9.782700033614620042e+04 8.156159035320651310e+04 1.066512107177847502e+05 9.153531746288023714e+04 7.095670264401852910e+04 6.587911315172606555e+04 7.157549197808558529e+04 8.468840895942294446e+04 8.183052604641199287e+04 6.740919103930151323e+04 1.756827193445033045e+05 4.997068424316794844e+05 1.691842886776387459e+05 7.674075652545853518e+04 8.882265427366047516e+04 7.959044244444054493e+04 5.860634456398085604e+04 7.240241039850043308e+04 7.805900323007996485e+04 8.204523127405969717e+04 7.991517117528723611e+04 7.577042565817559080e+04 6.464865141151480930e+04 7.481866377193634980e+04 6.482910957502510428e+04 6.145525631489913940e+04 6.207809597322127956e+04 6.965907545249961549e+04 8.150801499053581210e+04 6.609487641067545337e+04 7.285794925560445699e+04 7.504763024092158594e+04 7.615316897865662759e+04 7.623084544375573751e+04 7.481206866330442426e+04 7.679997567357518710e+04 7.636385913994914154e+04 7.161592010751151247e+04 6.913530433510729927e+04 7.254492328755449853e+04 -8.054879511538431396e+11 -1.034947034713100586e+11 1.520266647740116882e+11 -4.344460712479251709e+11 -2.563478311051240234e+12 -1.947276520926790161e+11 -9.588400493400128174e+10 -1.055595409642305946e+10 -2.672816092981158447e+10 -1.968169507522925186e+10 9.327128107956242371e+10 -6.052626702106012726e+10 -3.793568288116437531e+10 6.206973048436242676e+10 1.654140889192002487e+10 -2.067256756837999878e+11 -5.005395525880593109e+10 -2.578450051359840393e+09 -1.303224109700641632e+10 -1.071476794131771484e+12 -1.069900335248361969e+11 -3.408617196612725067e+10 4.301051026795993805e+10 -3.830796942681018829e+10 -3.224047741738454437e+10 2.982353986819146347e+10 1.040092030647392654e+10 -2.082711317942531128e+11 2.014646061476475525e+10 4.081326295473487854e+10 -3.048983054984298325e+10 -5.645805675513750458e+10 -4.432676706567687378e+11 9.448451874873333740e+10 -8.245921977565065002e+10 2.503887743715178299e+10 1.437666176538138008e+10 3.254797631640127182e+10 4.965245976393400574e+10 3.794200841104467773e+10 1.094667146536438751e+10 1.324176966550190353e+10 1.658078668223436546e+10 -6.256914187696086884e+10 2.694475453752914047e+10 1.725811286134428024e+10 -8.633888072547966003e+09 1.535945830351700592e+10 5.938569142080750465e+09 3.531935298128261719e+11 -7.809514794347762108e+09 4.041891568709410858e+10 2.723033721896541977e+10 -5.234880981764029503e+09 5.507688161552352905e+10 3.923317687869622803e+10 3.127265935516908264e+10 4.665543339965804100e+09 8.618837837739015579e+09 4.612661394873874664e+10 1.578284556395637131e+10 -2.927777756430100918e+09 9.672548650577369690e+09 1.450843598537765694e+10 -5.282090366304302216e+10 1.377446988569635582e+10 1.535575219996924973e+10 5.506782592861171722e+09 1.579294337786696243e+10 3.086444322222166824e+10 1.708259786002651215e+10 9.174024639537624359e+09 2.216838087102492332e+09 -2.434197631861386719e+11 -5.462927494063819885e+09 -5.597713728960636139e+09 1.974390762323077440e+09 7.487814815972792053e+10 7.179361454734696960e+10 1.852268581133330345e+09 2.157718989795877075e+10 9.876152260694649220e+08 1.991666236489301682e+09 -1.515892042878900909e+10 3.185616747596842194e+10 2.200102584422035217e+10 2.747912096290933990e+10 1.730022745213236237e+10 1.323031778748808098e+10 2.649625911634757233e+10 -1.169871513945228882e+11 1.700564418626730919e+10 1.408422624128654861e+10 5.271311296300874710e+09 -7.336890953394412041e+09 2.008917987001351166e+10 -4.481074248138140678e+09 -1.038902427221619415e+10
-2.629417464234135114e+05 -1.952250091939114209e+05 -2.637893583421721123e+05 -1.430920925190155322e+04 1.678588407190276193e+05 1.981883060797902872e+05 1.868331676748417085e+05 1.509863025608218741e+05 1.486600481947383378e+05 1.625428283150771458e+05 1.881687598700577510e+05 1.614461699593852391e+05 1.232255546707532631e+05 1.157449273723200022e+05 1.019337975695341447e+05 1.294403509807717637e+05 1.129644614397878031e+05 1.097795955742279621e+05 1.142279813148150570e+05 5.310449400171289017e+04 7.080752690713122138e+04 8.192890333693455614e+04 9.933059248824797396e+04 5.672567463505284104e+04 7.247175124206994951e+04 1.022099027484448889e+05 1.691842886776387459e+05 4.524087081669731415e+05 1.510864722125445260e+05 8.836322070929862093e+04 8.577746053945986205e+04 8.520969986011605943e+04 8.045296450028648542e+04 7.284912047614107723e+04 7.450704987781969248e+04 8.842031337797363813e+04 6.932512244157934038e+04 6.763554477562317334e+04 6.045847468663445761e+04 5.839686472813128057e+04 5.880323872538323485e+04 6.322840963209643087e+04 6.273867681879083830e+04 6.533350352932872192e+04 6.479856159708459018e+04 6.455093265873358177e+04 6.237189314456888678e+04 6.811623324998962926e+04 7.381214058216250851e+04 7.974040071200963575e+04 6.548821687105254387e+04 6.893212712644890416e+04 6.593787018894348876e+04 6.204572570048234047e+04 6.757708848954086716e+04 -1.560898865652100098e+12 -7.619264911368245850e+11 -2.810283476957161255e+11 -1.733418286334155884e+11 -3.414662032683861084e+11 -6.592210281132295990e+10 -4.713527675675083160e+09 -1.343960295078296967e+11 -8.691444360087431335e+10 -2.046337231326784515e+10 -6.523149403922500610e+10 6.504229612590026093e+10 -7.272273863165644836e+10 1.198608550208420563e+10 3.932103953601213074e+10 -1.923146167026308594e+11 -2.315298369988333511e+10 5.737129916072496033e+10 8.174807787875650024e+10 -1.916008903747486267e+11 1.545479493591208496e+11 2.672559615903683186e+09 3.480385985333091736e+10 6.081480253344359398e+09 3.194775254671349335e+10 2.334309310909053802e+10 -3.279553093717831802e+10 -1.020638860333433075e+11 4.082880688772451782e+10 3.416789461620907211e+10 1.692787080400637054e+10 -1.576615179720210457e+10 2.372195563680050354e+11 8.094195813875035095e+10 -1.261305217012057953e+11 9.335237950539050293e+10 2.021592429712017822e+10 3.584701946379708099e+10 -4.989158612419854736e+10 2.326556753003775024e+10 1.774278120221136510e+08 5.218668513946166992e+09 2.219747598717296600e+10 -1.251945126039657135e+11 -9.287607825467472076e+09 -9.870931004921630859e+09 1.028383560680598640e+10 4.637520462531623840e+10 5.560652069720990658e+08 2.925954904415722046e+11 3.562010754922562408e+10 3.400830655161479568e+10 1.867430563685802078e+10 1.653173252729055786e+11 5.094164804673751068e+10 3.408194531823734283e+10 2.212769383806063843e+10 2.589804140504880524e+10 -7.816880601206484985e+10 7.359568987550409317e+09 4.393949594718201637e+09 -4.204581722909016609e+09 2.105186025007204819e+10 1.074351401711612320e+10 -8.019795898294116211e+10 -1.489790857761322403e+10 -5.304091925986803055e+09 -7.886617521728277206e+09 1.597343367646755028e+10 2.212376339638391876e+10 1.622058470724653053e+10 -3.583987979147366047e+09 -2.418277490630300140e+10 -1.006495020369594574e+10 1.258053413825214386e+10 1.492403224267605543e+09 7.000756402296114922e+09 -1.004174748939056549e+11 4.689914549180125427e+10 -3.208884065302000999e+09 2.775826437058926010e+10 1.405423177250014877e+10 1.305529867206786346e+10 -2.671133244056393051e+10 1.436925443345790863e+10 1.719806662612648392e+10 1.466561277725528145e+10 2.092921447818050385e+10 1.322870710040392685e+10 7.036790542182084084e+09 -7.344044958997357178e+10 -2.527053941855180264e+09 1.804673581947144699e+10 1.864468504126663971e+10 1.957914542890512085e+10 1.475356887483099937e+10 1.129428344426173782e+10 3.695385320704957581e+10
-6.244333557467075298e+05 -3.241712330420630751e+05 -1.940216568405074067e+05 9.546747008748244843e+04 4.085037937303767103e+04 1.631923768735043122e+05 1.850095272518246493e+05 1.437380489886982541e+05 8.615985550830369175e+04 7.823583853308872494e+04 4.976343319765073102e+04 4.672039590674659121e+04 9.033395114853623090e+04 7.092298505189761636e+04 9.466657589670974994e+04 6.932033873102840153e+04 1.060905380843246094e+05 7.221403683194912446e+04 9.198819210907685920e+04 7.749022839783139352e+04 8.907531496220343979e+04 8.049035370216406591e+04 1.080774532980735094e+05 8.027848044345616654e+04 8.377765733455626469e+04 7.660912941728346050e+04 7.674075652545853518e+04 1.510864722125445260e+05 4.331744809222063632e+05 1.387071630266007851e+05 7.947910163568108692e+04 7.524601640942701488e+04 7.651430315217559109e+04 7.370951925922505325e+04 6.590136658264711150e+04 6.947058690007148834e+04 8.551207792449429689e+04 7.680976330226710706e+04 7.008804527490134933e+04 6.972166647860017838e+04 6.007125243479562778e+04 8.097332836678231251e+04 7.017657943704204808e+04 7.160012154530017870e+04 7.902867477589896589e+04 6.840868318788761098e+04 5.426248437398576789e+04 7.281090085347797140e+04 6.874206385907391086e+04 6.768490065963179222e+04 6.095159965403636306e+04 6.409816892799783091e+04 7.015957372635084903e+04 6.682788707099431485e+04 6.717792855666947435e+04 -4.875861305047684326e+11 -3.311260790146287537e+10 -1.265999759253625183e+11 2.497397814863421249e+10 -2.813906951321517334e+11 -1.388805889681900024e+11 -7.782524300935072327e+10 -9.105929595401495361e+10 -8.125857173410195923e+10 -6.206135423855043793e+10 -3.569161174172799683e+11 1.446822148215078354e+10 -6.176844537927192688e+10 1.953073356106737137e+10 5.435099205039301300e+10 -3.646617172918014526e+10 -2.968283053195362854e+10 8.034911811012954712e+09 4.551550671132678223e+10 5.868705326211399078e+09 -8.632860131776529541e+11 1.204404128354256630e+09 4.046906655750906372e+10 -1.043345448570420990e+11 -1.234133974003520203e+10 -6.314248408643328667e+09 -4.880569219738481140e+10 -1.535597468512051392e+11 -1.259915209688203049e+10 3.195549412863853073e+10 1.894127210786653757e+09 -1.184503168745740700e+10 -3.186140539446997070e+10 4.225150936882398129e+09 -4.540042266131906128e+11 5.684080770766839600e+10 1.495160738722678185e+10 2.080203243152772903e+10 -5.603497785653763580e+10 -2.151405306067089081e+09 2.105099291221603632e+09 -3.250219078685606003e+10 2.238283044603894043e+10 -3.281494989609981918e+10 4.802286136299285126e+10 -2.103591617582323456e+10 1.501131203927884817e+09 7.837341576454372406e+09 2.226779819654023361e+10 3.838331593272269897e+11 -5.776605175548991394e+10 6.529626940576799393e+09 -2.344606890508380127e+10 -1.548514735381598511e+11 4.039981505346031952e+10 2.472375495139744949e+10 -3.790961697802426338e+09 1.103340200560781479e+09 -6.253606768018640900e+10 6.926084177781478882e+10 -6.624514713754268646e+09 -5.689237956094002724e+09 5.585523163485339165e+09 4.104322061610033989e+09 -6.794223357064733124e+10 8.271179110288412869e+07 1.554860360398195982e+09 -2.417172670548405647e+09 -6.763189705159772873e+09 2.021693764371009445e+10 2.567623360730026245e+10 -5.124948475746572113e+10 -1.831014073117639065e+09 -9.797584317570790100e+10 7.875200221913988113e+09 2.711184432868834496e+09 1.010622853563590431e+10 -1.695802509506220627e+10 1.853186285118788719e+09 -1.716619202118452644e+10 6.547965444776003838e+09 4.316296189085825920e+09 1.831247724799231720e+10 -3.603477197850746918e+10 1.330259734352729225e+10 2.429829482136432266e+10 -5.363591828889544010e+08 -7.037804456002743721e+09 5.314965143342844963e+09 4.302242499558206558e+09 -7.684444080504708862e+10 1.019788771076705575e+09 1.245070703688095474e+10 1.461053147000032616e+10 2.262547247629446983e+09 1.355056208524179649e+10 1.664697187674401474e+10 2.084086150114641571e+10
-9.814845729318405502e+05 -6.568259782433157670e+04 4.378568361863296741e+04 3.639536752541003516e+05 2.409989575602056284e+05 1.447108950237160898e+05 2.170788134586889064e+05 1.208054696498111443e+05 8.776602178323364933e+04 6.003773179969328339e+03 5.059156703618782194e+04 5.371500245783639548e+04 3.487788915421372076e+04 1.103234241959268547e+05 1.027948503702142334e+05 9.915636178121042030e+04 1.003074258036614483e+05 1.024770627379918442e+05 9.170424568771144550e+04 7.193483425616900786e+04 7.214882469488916104e+04 8.881090828656777740e+04 9.243977386742888484e+04 8.876312758184243285e+04 7.726931704052271380e+04 6.432796162838638702e+04 8.882265427366047516e+04 8.836322070929862093e+04 1.387071630266007851e+05 3.840315774468602613e+05 1.304880713406629220e+05 6.341433435570391157e+04 7.483421561216692498e+04 7.440216070764992037e+04 6.387561089562461711e+04 7.589130534878473554e+04 6.524984294370839052e+04 5.715124345573343453e+04 6.465360112183280580e+04 6.999180045773443999e+04 6.492040486959042028e+04 6.297297109819827892e+04 6.253782430639320228e+04 6.544868814957054565e+04 6.181033542837337882e+04 6.542764436738560471e+04 6.210102586699541280e+04 6.351308299357501528e+04 6.252420579110823746e+04 5.026684011061230558e+04 6.825697467299025448e+04 6.186082402772078058e+04 6.082196849567353638e+04 6.518753846636052185e+04 5.657322701065478032e+04 5.368026017540526733e+11 -4.064940308689721069e+11 -3.732272212674900818e+10 1.788555378212914429e+11 -2.885664696518226318e+11 -1.545984595465973816e+11 2.969773144953966141e+10 8.651860418678796387e+10 -1.394373458854316711e+10 3.594558010699948120e+10 -1.288385778579925232e+11 6.297052062265496254e+09 -1.156235421319470215e+11 3.822433589971742249e+10 -1.136231836512792778e+10 -2.197096966159403229e+10 -2.176698532428244019e+10 4.481679553271699524e+10 -5.442369519137841225e+09 9.914497122591479492e+10 -6.000591606000604248e+11 1.437089347803449440e+10 1.083511418155017090e+10 -1.205898532339884186e+11 3.294780573379243088e+10 -4.841555618027310371e+09 -1.498508345742064095e+10 -8.028994097170884705e+10 -2.525377150776203156e+10 6.203143638660097122e+09 -3.353984998301998138e+09 -8.568493774986968994e+09 -1.590155363081769104e+11 1.133005569600277100e+11 -2.713922426785325928e+11 2.273274294577064514e+10 1.619987021325491142e+10 3.223141293561886978e+10 -6.509079517576802063e+10 5.875944711560621643e+10 3.419665328772135544e+10 -1.120216230797360611e+10 -6.763272621958589554e+08 -3.642907874705611420e+10 5.513958108457109070e+10 -2.723353241436696625e+10 2.819834691439256287e+10 1.067581519420027161e+10 2.416181608809378147e+08 1.475368124487919998e+10 3.536452366181198730e+11 4.743978143079605865e+10 1.836152488057715607e+10 -2.681747627550206604e+11 2.673824608850726700e+10 1.751075508183908844e+10 1.773506529040451431e+10 3.892683451246990204e+10 -6.103601423455037689e+10 3.957929129397801971e+10 1.174784194932356644e+10 1.947518571784071732e+10 2.808932761693208218e+09 2.389745824770876312e+10 -8.241214569394144058e+09 -1.007722626522259903e+10 -1.206284127679610825e+10 6.086015806733088493e+09 1.379414715154094458e+09 3.703543607190106964e+10 3.970219873451217651e+10 -7.791239849998641968e+10 3.029887769322266769e+10 2.510149002807400208e+11 -5.245688039384736061e+09 8.979164168509611130e+09 2.426205926350623322e+10 -7.080665187184385681e+10 4.918155586807441711e+10 2.061519270540673065e+10 5.693688178032344818e+09 7.053835815727635384e+09 1.154911723536994743e+10 -3.067359101512168503e+10 3.470735406960475922e+10 2.934397575899254227e+10 2.608615294468909740e+09 -1.385006741019989848e+08 1.804885867889897537e+10 1.418778375542388916e+10 2.447334425444446564e+09 2.117577483937126160e+10 1.264105622882757759e+10 1.328243469615457916e+10 9.659591068293390274e+09 1.029863462398592758e+10 1.660646424168918419e+10 1.122567830501307106e+10
-9.735402516947152326e+05 1.847753368698702834e+05 5.789685025117018813e+04 5.326044226473843446e+04 1.326471500554181403e+05 1.514262719262216124e+05 1.465982274800415616e+05 8.711165443547692848e+04 1.014433526643323275e+05 1.256219746513647551e+05 1.512340254214013403e+05 9.763951778988655133e+04 3.742895151390162209e+04 8.207476409386585874e+04 7.842287890152994078e+04 8.694736171465457301e+04 7.606356667558869231e+04 9.546250158764135267e+04 7.484709547382785240e+04 7.361664279335002357e+04 6.450099397623503319e+04 5.517677812518966675e+04 8.146934108273408492e+04 7.181782217348451377e+04 7.257262441214358842e+04 7.955845109334970766e+04 7.959044244444054493e+04 8.577746053945986205e+04 7.947910163568108692e+04 1.304880713406629220e+05 3.566550516559929820e+05 1.423895222824670782e+05 7.912704790607061295e+04 6.968427198689852958e+04 5.703856308976213768e+04 7.029466343703813618e+04 6.220393604559297091e+04 5.819342025101566833e+04 4.359581429679336725e+04 6.334619495418125734e+04 6.314960406576109381e+04 6.750159136605160893e+04 6.551617515083197213e+04 5.773443088265122060e+04 5.838994575114762119e+04 6.487418667905454640e+04 5.962489340892944165e+04 5.126796588674222585e+04 5.813965178960794583e+04 6.051616511582381645e+04 6.059934197600187326e+04 7.206230001764409826e+04 6.052636160429177835e+04 5.376678116954894358e+04 5.928730810458897031e+04 -1.970909436969222412e+11 -1.362047379619627075e+11 9.516918379727790833e+10 2.951344145135011673e+10 -1.011548989371735840e+12 -2.307632281230450058e+10 2.453709953484086227e+10 8.323155752966212463e+10 -2.499214940728462982e+10 -1.507509474844841194e+10 3.165645483239927292e+09 1.293368339421242981e+11 1.837157416158369303e+09 6.116856510144367981e+10 8.747819135484130859e+10 -1.163709876562721405e+11 -2.769706191434614182e+10 3.111091851140998077e+10 3.831193114562533569e+10 4.009556169429785767e+11 -4.054912319125120239e+11 1.823467362163329697e+10 3.845204420320613384e+08 -7.724927026191769409e+10 2.247477460802358246e+10 1.767978129100302887e+10 8.418773994164844513e+09 -8.827556882019970703e+10 -1.659621461072815704e+10 -2.011729996252891922e+10 -1.972644237992809296e+09 -1.009501167161291695e+10 -1.263690569147736053e+11 7.464318171977963257e+10 1.751742242913798141e+10 -1.556749185530159175e+08 2.251069552495106125e+10 1.604254654168565369e+10 8.065664900769082642e+10 1.391658963206640816e+10 3.686911283646144867e+10 -2.518815364669564247e+09 2.645705893820450592e+10 3.545243559286325455e+09 2.974620748000076675e+10 3.813199329960449982e+10 3.336564559237581253e+10 1.853057945300091553e+10 1.186327357719843864e+10 -2.992647413805356445e+11 1.941363118285114441e+11 4.348906202637509918e+10 2.225558759499552155e+10 -2.860978463162854004e+11 4.218534640958496094e+10 7.917734364847476006e+09 2.459610758649805069e+10 2.004425446999936295e+10 2.849423372085225677e+10 3.812369410245456696e+10 8.147643338023662567e+09 2.159558727410568237e+10 5.782122445661140442e+09 2.509001731503169632e+10 1.547750020924354172e+10 -4.178527455562681580e+10 -5.534913768288115501e+09 1.339624008529303551e+10 5.730317921790014267e+09 1.011718905056867409e+10 1.300867316141945076e+10 -1.724534781813180542e+10 2.504286378800466156e+10 1.767275615075581665e+11 -1.084880417634988070e+09 1.764574044345928192e+10 2.728794890550531006e+10 8.598036621516000366e+10 -5.523557072186224937e+09 5.937856044983242989e+09 1.168144080132262611e+10 1.853631669907167435e+10 2.180409623099556732e+10 5.761609522497402191e+10 1.107155061172067642e+09 1.198006192539641142e+09 -7.815991799473301172e+08 7.898736639174111366e+09 1.709038066292213631e+10 1.553737449496198082e+10 -4.827547433505738831e+10 -1.561076869868969536e+10 -8.545821975753682852e+08 1.226041110070142365e+10 3.350217436664946079e+08 -7.838753220833581924e+09 1.521183943698010826e+10 1.672424615146117973e+10
-9.907075666106009157e+05 -2.328919146366029745e+05 -4.444020876026391488e+04 4.378675417385777837e+04 1.436155753555444535e+05 1.565880259468906734e+05 9.185548758804383397e+04 9.461963184292668302e+04 7.608731887164976797e+04 5.556092755056343594e+04 1.536419327960809460e+05 9.870165538785597892e+04 8.379035181761748390e+04 5.670283180410153000e+04 8.876054005448534735e+04 7.989131960173015250e+04 8.322055391926704033e+04 1.142202726868470345e+05 7.350088618069746008e+04 5.388982008254469110e+04 6.623427013539767358e+04 7.495250993469062087e+04 8.822665857146997587e+04 8.894609589072683593e+04 7.576590947334954399e+04 9.163034920843428699e+04 5.860634456398085604e+04 8.520969986011605943e+04 7.524601640942701488e+04 6.341433435570391157e+04 1.423895222824670782e+05 3.470466183839839650e+05 1.328887959566724021e+05 6.597502436456098803e+04 6.879327410326585232e+04 6.661328480662943912e+04 6.155579296293552034e+04 5.981114369261607499e+04 6.873973524925259699e+04 8.211154039741760062e+04 6.921586821134205093e+04 6.214656115601149941e+04 6.313787840519291785e+04 6.755063875272481528e+04 5.656437347956043959e+04 6.864173344690333761e+04 6.681637729624593339e+04 6.584930000502664188e+04 7.025897969747112074e+04 6.409567684371994255e+04 6.013686937950950960e+04 7.090477713741405751e+04 5.959414467988487013e+04 5.200400141348026227e+04 6.164263590267361724e+04 -7.618024686386712646e+11 -8.251451504614321899e+10 -3.118745248501826859e+10 3.726758302038997803e+11 -1.635257668492010010e+12 -1.080861406783970795e+11 -7.079033758316281319e+09 -3.819460446480950928e+10 -5.418252675348412323e+10 1.141963202539396820e+11 -3.178581725548784180e+11 -5.315344632704087067e+10 -2.256925855762839127e+10 9.538367439277742386e+09 3.148835099721704006e+09 -1.083524932094438477e+11 -4.753922862287600708e+10 1.826572512187321472e+10 1.096549124612378082e+11 -3.910140556608354492e+11 -9.410714692799850464e+09 4.595437550878532410e+10 1.103189711580742836e+10 -2.611589327595636368e+10 5.719084116870922089e+09 -1.260684772222871971e+10 -2.843485818816917801e+10 -4.047010220693370056e+10 3.095864701296887207e+10 -1.539387582336965752e+10 1.890695944406684875e+10 -2.899978264695947647e+10 1.110888378831285553e+11 3.499487766198596191e+10 -5.867286234002310944e+10 1.971596682996645737e+10 2.530139298252473450e+10 4.770976321835511208e+09 3.018622834791640091e+10 -3.487654714532743454e+09 2.892807209136388397e+10 -9.037492966563140869e+09 1.774482346615605164e+10 -5.430779795692192078e+10 3.169655254784361649e+10 -3.553975867158172131e+09 6.778016702958198547e+09 1.103216605330073929e+10 -1.447566839962477303e+10 5.180342022576503754e+10 2.042258022098287659e+11 5.193122529472139740e+10 2.916354753841647720e+10 -1.652366666922991638e+11 -5.873331028080634117e+09 2.949232266157616425e+10 2.272512990495581436e+10 1.426240152466996384e+10 -2.311442524950649738e+09 1.234316910835756874e+10 2.866120160074171066e+10 1.816894586112738419e+10 5.015399048477004051e+09 1.845984018405581665e+10 -3.546797741087407684e+10 -4.616399835336651611e+10 6.975082447452496529e+09 3.858744479808548927e+09 4.471081917348797798e+09 9.618327008831722736e+08 -2.831877716354711533e+09 2.060427484598493958e+10 -3.977846894288018346e+08 1.349230214651773224e+11 3.345009891821109390e+10 1.107037257606071281e+10 1.299772032371399689e+10 1.213447803096948385e+09 1.738404538852850342e+10 2.606469840828159332e+09 3.553585696130480289e+09 9.889434332028638840e+09 1.295745677181818771e+10 4.132746233598393250e+10 3.584918119707598209e+09 6.582248149253660202e+09 3.857179068930847168e+09 6.514392479386353493e+09 9.476326999125097275e+09 2.903581493953355789e+09 -8.367990115146815491e+10 -4.325147503129830360e+09 2.894351857131576061e+09 1.484952208816677094e+10 8.529177976471796036e+09 7.120621635516806602e+09 8.543051515734816551e+09 1.425092303100991821e+10
-3.639126237661122577e+05 2.405648382264353568e+05 1.300581761003720167e+05 3.424287287210146314e+04 -2.918507141176873847e+04 1.644850744383133424e+05 1.797180277248794737e+05 1.663811651960463787e+05 7.374856380590969638e+04 4.945521175632976519e+04 9.970421624749033072e+04 1.052381073082021030e+05 5.738399890137358307e+04 6.915631549969020125e+04 7.991952578322537011e+04 7.471535153562402411e+04 7.525162646576910629e+04 9.302668476157658733e+04 6.468101907060447411e+04 5.457983991502856952e+04 6.315487064903091959e+04 7.849624723159056157e+04 8.861276165551983286e+04 6.977689417179104930e+04 7.310210659106839739e+04 1.019955485064355307e+05 7.240241039850043308e+04 8.045296450028648542e+04 7.651430315217559109e+04 7.483421561216692498e+04 7.912704790607061295e+04 1.328887959566724021e+05 3.427126060515030986e+05 1.375552629565713869e+05 8.307663263843677123e+04 7.588324076485329715e+04 8.120005180290443241e+04 6.749358586035949702e+04 6.449452297086190811e+04 7.430741089143358113e+04 6.483964747357209126e+04 7.201752740403637290e+04 5.982925567907564982e+04 6.934477739106920490e+04 5.909974260080226668e+04 6.796193905159983842e+04 6.707083612184351659e+04 5.437322839391746675e+04 6.780534776392283675e+04 6.199213295666882186e+04 5.800572150726714608e+04 6.014987768692160171e+04 6.115590635893008584e+04 5.548338260433122923e+04 5.342717501034818997e+04 3.448143250580526123e+11 -2.805387934879503632e+10 -1.270880353511101837e+11 -1.554154322926176758e+11 -1.478710510924922852e+12 -2.123815234972081482e+08 -6.912644039880773926e+10 6.451392159451471710e+10 -5.937996097431140900e+10 -3.954453655693240166e+09 -7.529206448152059326e+11 1.216191854579837227e+10 -9.039181401265687561e+10 4.350645070561154938e+10 3.706923448573101044e+10 7.251718704418548584e+10 5.443755033881075287e+10 2.362865077224831772e+10 3.315781241075050735e+10 -1.714008855670614624e+11 2.527988999422390137e+11 7.861773004124896240e+10 3.145600643392975616e+10 8.492756866739630699e+08 2.203048522043527985e+10 1.061311539973606491e+10 -6.426302167888042450e+09 8.792462844665987015e+09 2.669118601667876816e+10 4.106360640776136017e+10 2.337124615890955353e+10 -4.721519442310690308e+10 -8.809883179790675354e+10 2.672028662243770218e+10 1.477462870939608459e+11 7.608088699365631104e+09 -3.538076490233499050e+09 -6.845294683404205322e+09 7.967516390136418152e+10 8.459947911058601379e+09 1.164889525666172791e+10 -7.056078611019599915e+09 -1.371463404341106987e+10 -5.108071671482635140e+08 1.711260977145878410e+10 -1.715808338412092209e+10 -3.833875893393671989e+09 3.643738201330302715e+09 1.060287222256572008e+09 2.785310525029132690e+11 1.800207522568704529e+11 2.089922432936048889e+10 4.267549370551087379e+09 2.490612370313535461e+11 3.383373752992596054e+10 6.535350624899608612e+09 2.283126663063370514e+10 6.455277186993898392e+09 3.684720807201244354e+10 4.997902575801296234e+09 1.412187411192972946e+10 9.689800112068693161e+09 4.228828365237909794e+09 2.139294745419576645e+10 -8.129281753650035858e+09 -4.288965847965773773e+10 -1.346939847954935837e+10 1.171945593538832855e+10 -7.677251915906436920e+09 1.433458604870385933e+10 4.700190966061038971e+10 -5.846716113123945236e+09 -4.044287885545639515e+09 2.549060879262483120e+09 4.732478034808190346e+09 2.251598667965910339e+10 6.298834319989316940e+09 1.491040535217642517e+11 1.997134435178908539e+10 1.974225355128400421e+10 1.536848145114144707e+10 3.946795232015458107e+09 1.565356355761267090e+10 1.066260240538073921e+10 -1.046471897605118179e+10 1.757251611986561584e+10 1.075581922132503128e+10 -3.251319084746212006e+09 1.279883188041626930e+10 8.531349519819551468e+09 3.818501326225618362e+09 8.541409500151893616e+09 -6.259556860895723343e+09 1.818447669636479568e+10 2.416998738694305038e+10 2.110142890806459808e+10 3.538877356458496571e+09 2.447037364691951752e+10
3.880081648738197400e+05 4.689160777251013787e+05 8.332857027440714592e+04 1.066836078112518771e+04 5.216180323956326174e+04 6.841148117979748349e+04 1.982734291617535637e+05 1.509210047977033828e+05 3.747168879219100199e+04 6.670285089552408317e+04 4.640898093319890904e+04 6.503244564046248706e+04 5.550552325048864441e+04 1.141735690162524697e+05 7.266595522019139025e+04 5.530626334774323914e+04 8.246493971997899644e+04 7.723676817188024870e+04 6.850827426709876454e+04 5.407236031829192507e+04 6.061808407382028963e+04 6.709568182520642586e+04 7.167200564238446532e+04 4.962302989097556565e+04 6.043661172988080216e+04 9.072034138953442744e+04 7.805900323007996485e+04 7.284912047614107723e+04 7.370951925922505325e+04 7.440216070764992037e+04 6.968427198689852958e+04 6.597502436456098803e+04 1.375552629565713869e+05 3.083623950471543358e+05 1.381261232147674891e+05 8.949083044055469509e+04 8.201472209005255718e+04 5.415825429345338489e+04 5.956046329187450465e+04 7.714356322355082375e+04 6.676827933930832660e+04 5.880476864397944883e+04 5.810155077829420043e+04 6.859108934642664099e+04 5.203315028793332021e+04 5.704759443609012669e+04 4.823277447101494909e+04 4.844836740758652741e+04 5.937144112039481843e+04 5.000923260252441833e+04 5.728279248396714684e+04 5.763565464092840557e+04 5.393242968525680772e+04 4.946707288498924026e+04 4.635973652860928996e+04 2.538332759540392151e+11 1.173930209000702820e+11 -2.305820067634655151e+11 -1.944377008532309875e+11 -7.557301234827822266e+11 -8.219726827194761658e+10 -7.409140621408093262e+10 -9.323367987853425598e+10 -6.311985746862627411e+10 -1.658206645998407288e+11 4.133814088675275269e+11 8.391026769216857910e+10 -4.467809591931736755e+10 5.210474562509727478e+10 1.067208227389806557e+10 8.158742249396417236e+10 3.128866157828684235e+10 -8.113020401985925674e+09 5.119091865581344604e+10 -1.208726597651796875e+11 4.695055788104725342e+11 5.342434607950438690e+10 2.721194156339787292e+10 6.543208327685864258e+10 4.227071058680325985e+09 4.908792177073609161e+10 1.000199762545109177e+10 1.129434197684292412e+10 -7.115405268272789955e+09 4.567705045461082458e+10 1.274508125940561867e+10 -1.822034849761999130e+10 -1.073343793968100739e+11 7.898432101263287354e+10 -4.467223118746401215e+10 -3.944979132430091095e+10 5.196385820599465370e+09 -1.582359324056982756e+09 1.143928439513511353e+11 -4.924886837595173836e+09 2.701346067209503174e+10 -2.510239110670981407e+09 -1.507915710302816391e+10 2.669489230680727005e+10 7.774276410269400597e+09 2.871856985572073746e+10 1.539950900487987900e+10 -8.968387750346769333e+09 6.357466740619873047e+09 1.369644533890349579e+11 2.251012495576181641e+11 1.452093386043403244e+10 -9.722124134721212387e+09 9.966883585473670959e+10 1.207184653584869194e+10 1.226893711510364342e+10 1.108682577746746635e+10 9.746619461604108810e+09 1.054505439174310112e+10 1.481042537879276466e+10 3.491674371421562195e+10 1.152696252929773903e+10 7.618660910753690720e+09 7.884760953761966705e+09 3.460023371214638519e+10 -3.224593929922751427e+09 1.167368517982478714e+10 2.396265955270159531e+10 9.796593539849018097e+09 2.647096624710208511e+10 1.795267416934920120e+10 8.680897698100726318e+10 -1.226504977059135246e+10 1.109465496569849396e+11 -4.900932085564879417e+09 1.929562919281188011e+09 1.822278275406565857e+10 2.140620973446618958e+11 3.123723307749871826e+10 -4.972264507868516922e+09 2.545453747880554199e+09 8.092545285914633751e+09 1.136474586599443817e+10 7.785224322431913757e+10 8.493294532477007866e+09 1.029960832366958427e+10 3.715923257402096272e+09 6.453559823824707031e+09 1.242585795770439720e+10 2.973000805839101315e+09 -1.670137567031252480e+10 -1.104725505769043732e+10 4.522705509034134865e+09 1.318848319873701096e+10 7.564122507012820244e+09 9.467628402005033493e+09 5.887682917369409800e+08 2.477090228606465816e+09
-4.052987582417014055e+05 5.209888067755359771e+03 1.902215317966281727e+05 2.200870565548448940e+04 3.585536449223879026e+04 1.571458312926574145e+05 1.641020580664282315e+05 7.017538240810389107e+04 9.484490759485070885e+04 4.120994127043306071e+04 7.464646041787635477e+04 7.761644802132449695e+04 9.984530372107947187e+04 1.076801166124620358e+05 9.555293730455306650e+04 5.757659696653440915e+04 8.389122667742203339e+04 8.069946078402623243e+04 6.368458336198746110e+04 4.929149445924195606e+04 4.699202968996827985e+04 5.661065966393639974e+04 8.271445441382544232e+04 5.297377243668228039e+04 5.306519541721899441e+04 6.076650198972164799e+04 8.204523127405969717e+04 7.450704987781969248e+04 6.590136658264711150e+04 6.387561089562461711e+04 5.703856308976213768e+04 6.879327410326585232e+04 8.307663263843677123e+04 1.381261232147674891e+05 3.090518632895590854e+05 1.257263117040380312e+05 8.141160652608172677e+04 6.090610168041573343e+04 7.111247365596798772e+04 6.645315019749973726e+04 6.527608698603388621e+04 6.205916277208603424e+04 6.080403619506957330e+04 6.105135667692840070e+04 5.412764780472611892e+04 6.301973027110364637e+04 6.073156447664707230e+04 6.113290017428316787e+04 6.028265793234639568e+04 6.073880746108658059e+04 6.064138759517573635e+04 6.593807772310884320e+04 6.224830731237831060e+04 6.335960271850218851e+04 6.260061890870361094e+04 1.017494332629752502e+11 -3.233324884443890762e+10 -5.999422538697833252e+10 -3.304740979099322128e+10 -1.196729361650466309e+12 -9.271404795386868286e+10 -6.813525380025263977e+10 4.334152109186985016e+10 -3.389348642278783417e+10 -6.675436580396955872e+10 3.494184528577055664e+11 1.360665517814745331e+11 -1.196315357543790741e+11 6.423913544859045410e+10 2.187643560407220459e+10 1.195053389459878922e+09 -2.845934701887778282e+09 -7.610939885824466705e+09 -3.324381589405092621e+10 -3.469188188735491333e+11 1.092000349094500427e+11 8.597878442997143555e+10 2.128844726763675308e+10 -2.478003458490164566e+10 2.485683833383026886e+10 2.092821295708466339e+10 -1.146421248745545197e+10 -1.749306659782013321e+10 -4.096175340543217182e+09 2.308490714769137192e+10 1.246013106765060806e+10 -1.686739903493306160e+10 1.336392102243451691e+11 5.002095323491025543e+10 1.587870557651604614e+11 4.903008292940087128e+10 1.508772155994685364e+10 -7.545584695958898067e+08 6.271928893707526398e+10 1.307804336072074318e+10 9.859568294289461136e+09 4.188300569018774629e+08 1.750347753122651291e+10 -4.404320721044334412e+10 1.513119707852754211e+10 4.492379376298548889e+10 4.777010457625763893e+09 8.731776711650499344e+09 1.570539164256780815e+10 4.021615671128009033e+10 1.950673169148140564e+11 -1.444903546000369453e+10 2.101961190102039576e+09 4.014880730600144196e+10 2.172583851467871857e+10 1.501342474449871254e+10 1.807766432752360153e+10 1.711549226681923485e+10 -2.087408698207313156e+10 9.006500396051649094e+09 2.532870990082494736e+10 1.260247002429318428e+10 1.260722204696659851e+10 1.513458762880659485e+10 8.209286177757741928e+09 1.938909169472026062e+10 1.894433192203794861e+10 3.312346844596846008e+10 1.274685093428300476e+10 2.306383663980123138e+10 1.973271642858426285e+10 3.927426881116249084e+10 1.349196985234903336e+09 1.727254038130146179e+11 -1.908924417558026612e+08 5.017574843649803162e+09 2.675534078860794067e+10 2.796832556476984863e+11 5.812188428341931152e+10 -2.562845557742115021e+09 1.829471696571524811e+10 7.981046667035051346e+09 8.900048506825117111e+09 -3.731855088908893108e+09 2.364489218206216049e+10 7.915821110458031654e+09 8.210551544259991646e+09 8.722033669384260178e+09 1.200349886340738106e+10 -2.605564013581367970e+09 -2.371434227560440063e+10 2.687366802366331100e+09 2.409112761855297565e+09 -2.399152279679282665e+09 1.195600885500121689e+10 7.049056471294834137e+09 1.213582079282883644e+10 1.903065901200831652e+09
-1.974376373997788178e+05 -1.391476314265298715e+05 1.879106515730929677e+05 4.349735872356058826e+04 1.673019688820851443e+05 1.052060077312591457e+05 2.382891502942252555e+05 8.291058951975777745e+04 5.635827141294829198e+04 5.083635694442514796e+04 9.199150143265853694e+04 9.242846177013250417e+04 6.366133468051639647e+04 8.014242868209363951e+04 7.447041980571999738e+04 8.145367332255597285e+04 7.677119296265929006e+04 5.092312248408658343e+04 6.893897689319477649e+04 3.989617782883590553e+04 4.771766501934156258e+04 6.135820191672966030e+04 8.183961427203906351e+04 4.333653044728845271e+04 4.158664809219986637e+04 8.184873029827406572e+04 7.991517117528723611e+04 8.842031337797363813e+04 6.947058690007148834e+04 7.589130534878473554e+04 7.029466343703813618e+04 6.661328480662943912e+04 7.588324076485329715e+04 8.949083044055469509e+04 1.257263117040380312e+05 2.965287762868321151e+05 1.210608009395714180e+05 8.109304159244633047e+04 8.291588607842125930e+04 7.713462120093754493e+04 7.545985891071309743e+04 6.931646564804794616e+04 6.489547992356066970e+04 6.291128375445178244e+04 5.673872659135911817e+04 6.208792964251180820e+04 6.952501534424070269e+04 6.771586116961871448e+04 6.546862871031310351e+04 6.396661756272263301e+04 6.916481217314425157e+04 6.056243193856909784e+04 6.342887701519939583e+04 6.246871711271147069e+04 5.828090615619436721e+04 -3.750594292042406616e+11 -1.808538339958493958e+11 -2.730811745925462341e+11 -2.620111067505522537e+10 -1.345462873212286133e+12 -1.159710066394534149e+11 3.017114522362850952e+10 9.061911903839717865e+09 -6.556877750325070953e+10 -5.504879606784856415e+10 7.398126283080242920e+11 1.358441819782499237e+11 -1.330977657867044525e+11 3.044863521498544693e+10 5.621468358547725677e+10 -4.104413207212419128e+10 1.709764425518530083e+10 -1.155722459505472374e+10 1.014783317472422791e+10 -1.153474766517514801e+11 -3.400274909762280884e+11 7.952019073523327637e+10 -9.315913195180223465e+09 -3.951999833467537689e+10 2.900594066426467133e+10 1.054396381443114090e+10 -2.052138200921612024e+09 -1.059450063839292297e+11 -1.909925282805611420e+10 8.925403875819178298e+06 -1.026396177265351295e+10 -1.930311165124925995e+10 1.704297173884922028e+10 1.418417897608148003e+10 -6.828861103430504608e+10 5.128593585563775063e+09 4.579409337517639160e+10 4.722908752229351807e+10 5.877729613910931396e+10 2.329846472257122040e+10 3.228205994601538467e+10 1.452569523670923615e+10 7.960282777592897415e+09 -1.169420882660003752e+08 4.456971752080383301e+10 -3.422326494516445160e+09 -3.494939219304977894e+09 -2.187876426662052631e+09 1.504949779203761101e+10 1.361813168092347565e+11 2.524387937024177246e+11 -8.905512821163702011e+09 5.155478888294262886e+09 -1.391753026651554565e+11 3.869543154713890076e+10 1.615188050864948654e+10 2.768053764013762283e+10 1.152588021093847752e+08 9.369720793293064117e+09 2.863122264687229156e+10 1.156884108735470200e+10 2.783293384704018021e+10 -4.511505009850887299e+09 1.284923151256351662e+10 -6.297254363934334755e+09 -3.486099666023909450e+08 5.955528601173893929e+09 1.991315120693895721e+10 1.875002521126518631e+10 2.482170423825137711e+10 2.952789472021939850e+10 -1.360152817328128510e+11 -2.696534516970974350e+10 1.277901485554232941e+11 -2.519222534261780739e+09 -8.400285866365447044e+09 1.100634511081813812e+10 5.758374379219448853e+10 3.225435754875828934e+10 -1.342824123885520220e+09 1.980304530791290665e+10 7.764615558685657978e+08 7.081962847073548317e+09 -1.335357619953016281e+10 2.494181230751898575e+10 1.619910193981341553e+10 7.265377246748488426e+09 -4.763414719507579803e+08 1.287770621103158951e+10 -1.032616379512191892e+09 -4.943251313631106567e+10 -7.125292023841528893e+09 1.765456301940041733e+10 9.343031661906393766e+08 7.343006406429813385e+09 6.753039221458411217e+09 8.363576737531989098e+09 3.214671527317156792e+09
-8.020834990918121766e+05 -2.259723830073301215e+05 2.341492312812767341e+05 -2.394462818834574136e+04 1.752713778981959695e+04 1.341874413147219457e+05 1.406911316173807427e+05 1.016767355678943713e+05 6.824269867906215950e+04 1.019992016374261439e+05 4.293144253297601244e+04 5.882776310452776670e+04 8.617760967897002411e+04 8.627597879731298599e+04 9.283502335883711930e+04 7.555676672768181015e+04 6.572363300709020405e+04 6.552680463552179572e+04 4.431826325322411139e+04 4.371603674324836902e+04 5.220046743117244478e+04 4.661585731360274076e+04 7.776178670940773736e+04 4.622303760501195939e+04 4.746614951354356890e+04 8.327282003610282845e+04 7.577042565817559080e+04 6.932512244157934038e+04 8.551207792449429689e+04 6.524984294370839052e+04 6.220393604559297091e+04 6.155579296293552034e+04 8.120005180290443241e+04 8.201472209005255718e+04 8.141160652608172677e+04 1.210608009395714180e+05 2.519130960761586321e+05 9.831748088550232933e+04 7.177034054276878305e+04 7.477037396420950245e+04 6.728541427605670469e+04 6.357568583144863806e+04 5.610063984324227931e+04 6.451204354638321820e+04 6.023093836234851187e+04 6.604284792978220503e+04 6.531074739400975523e+04 6.030740963164297864e+04 6.098507831015610282e+04 5.915600553899237275e+04 5.970091343576059444e+04 5.893896819771999435e+04 5.837030154858947208e+04 6.072033837203793519e+04 5.313144336137742357e+04 -4.784155134896136475e+11 -4.969980493128049316e+11 -1.148538487519517975e+11 -1.558624188543170776e+11 -1.859289115996630859e+12 -1.816189791995329590e+11 -1.079045874320798035e+11 -1.005284046031659088e+11 -1.110520279252710876e+11 -4.507295073836446381e+10 -6.498779024874640465e+09 7.891782662166462708e+10 -9.373989780022634888e+10 1.122748450099720001e+10 -5.034986854745012665e+10 -5.800258609933853912e+10 -2.387743624189724731e+10 -8.798169027588356018e+09 2.173026138966722870e+10 -4.000504357535136108e+11 -3.009828289213821411e+11 5.228364158588059235e+10 1.987662159896419525e+10 -7.285516198777331543e+10 2.785458100876711273e+10 2.723883933055623245e+10 3.110303768489180374e+10 -7.458725205077200317e+10 1.841917425214205933e+10 2.068855108733184052e+10 1.039239699164871979e+10 1.171017018622462273e+10 -2.460449287257739563e+11 3.499550971418701649e+09 3.128033548477795792e+10 1.033097192435448647e+10 2.092428565438277435e+10 1.667327743965201187e+10 -7.044872993855998039e+09 6.692552392784332037e+08 8.572245651687430382e+09 -2.123727423690157175e+09 7.763111814547476768e+08 7.234658186693509817e+08 2.450182938851171494e+09 -5.349811977183329582e+09 2.245833234551979065e+10 6.169423503476725578e+09 9.783168771130592346e+09 2.030594654526314087e+11 3.942850151159527588e+10 1.310475476504107285e+10 2.600371250446345901e+10 1.536020074665555382e+10 3.885033036101959991e+10 3.173811397767204666e+10 1.536603130660629654e+10 -1.246768000059365988e+09 -1.728165979378030014e+10 3.719842623657344818e+09 2.783515217548137188e+09 1.707906414820703316e+10 -6.488122092932372093e+09 1.548279021718888092e+10 -6.700158734111727142e+10 -4.473793343185719299e+10 1.744048323196395874e+10 1.246025636370510101e+10 1.988186232846380615e+10 2.068088851705214691e+10 1.499834735362753296e+10 -3.089126022875452423e+10 8.983844335916908264e+09 -1.282056272894822884e+10 2.519605952989232540e+09 -1.221914672024210691e+09 5.958729385727876663e+09 -8.420316971891789246e+10 2.517443490458847523e+09 3.017893316183884144e+09 1.522281096891717529e+10 2.557577965352559462e+06 9.734407403027196884e+09 -5.352623045997297668e+10 -4.544847340956401825e+09 1.044195480359839630e+10 8.878233273707748413e+09 5.874601333307366371e+09 1.492295120037543678e+10 3.280598362024281502e+09 -7.914542466860920715e+10 -1.555649050664699173e+10 1.508611258105705261e+10 -6.593099787710517645e+08 2.696876567036180115e+10 1.488413300627670860e+10 7.621953432595350266e+09 1.793567484428433228e+10
-6.343705504147796455e+04 -1.913101363436379179e+05 1.582597954415505228e+05 5.813608284398676187e+04 1.236739030023133673e+05 9.585807200599086354e+04 1.580025973735450534e+05 9.778053180836309912e+04 1.040225082229747932e+05 7.048583661607324029e+04 4.639885557259761117e+04 4.247128231814310129e+04 5.629335204589538625e+04 8.973315268075829954e+04 5.405391077261049213e+04 6.465039291600824799e+04 5.784114761955291760e+04 6.359461444900603237e+04 6.595309418097698654e+04 5.313500446300548356e+04 4.337964039308927750e+04 3.967951204577270255e+04 5.721460287955669628e+04 3.925923690684641042e+04 6.452978857530234382e+04 6.724960568004367815e+04 6.464865141151480930e+04 6.763554477562317334e+04 7.680976330226710706e+04 5.715124345573343453e+04 5.819342025101566833e+04 5.981114369261607499e+04 6.749358586035949702e+04 5.415825429345338489e+04 6.090610168041573343e+04 8.109304159244633047e+04 9.831748088550232933e+04 2.498597362281888782e+05 1.053436751718418964e+05 6.879162677602273470e+04 6.159680979217914137e+04 6.046991722547645622e+04 5.903952900831615989e+04 6.783115776445744268e+04 6.490033338137198007e+04 6.550122849021747243e+04 6.479626805254375358e+04 5.077157798469050613e+04 5.511224572715586692e+04 5.706346038367470464e+04 5.439758948850828892e+04 5.505897140766777738e+04 6.068804846070654457e+04 5.974137930013534060e+04 5.493274615038926277e+04 -4.510230977755681152e+11 -2.519120990392276611e+11 9.924215419028911591e+08 -6.208766329615576935e+10 -9.217770382952282715e+11 -2.022102648381180954e+10 -1.526550508953158140e+09 -7.563070343581115723e+10 -9.854427391958641052e+10 8.520603986619479179e+09 4.323166919200640869e+11 -2.983275290490869904e+10 -1.243171625052930260e+10 2.199494679458842468e+10 1.604098618804711914e+10 -1.032086866480150452e+11 -4.137718480315830231e+10 2.609503613574011803e+09 1.284388783888419533e+10 -3.332506748400716553e+11 -2.140043111283733215e+11 5.753881395470087051e+09 -5.164120736326664734e+10 -5.846235173848856354e+10 -2.597107090166007042e+09 8.792785051475461960e+09 -6.963954435512679100e+09 -7.412500991834860229e+10 3.016682051138123703e+10 1.043404762547697639e+10 -3.153870698028063297e+09 -1.544914688176504135e+10 2.117137347459212646e+11 -3.731673832621746826e+10 2.506901596224489746e+11 3.098938690233883667e+10 -3.490587600083349705e+09 -1.327792037571842384e+10 -4.347721686568074036e+10 4.934219844854884338e+10 -8.953631142918210983e+09 -5.213408648828500748e+09 7.352239420007482529e+09 -5.703817545621891785e+10 1.346698557169522667e+10 2.452399518442958355e+09 -5.920877635868040085e+09 3.349339554136958599e+09 -3.503928418054615498e+09 -1.682458732889803467e+11 1.437090602511030273e+11 -4.458825870584648132e+09 2.205149695537886429e+10 2.380205389901674500e+11 2.807286700142832565e+10 1.360750208403299332e+10 1.947205227162765265e+09 -3.461024756826463699e+09 -7.800129792795289612e+10 2.280943004629222107e+10 1.203547770671597290e+10 3.198623395939985752e+09 4.951079337322488785e+09 -3.277399046122704506e+09 -2.950820074175349426e+10 -3.709651316891855717e+09 7.823133634317100525e+09 2.455305684487173843e+10 -1.409762744313929558e+09 1.836448285979067230e+10 2.507000944888615799e+10 -1.099976643734261475e+11 -2.745348430536472702e+10 7.578466748671823120e+10 -5.601996484010013580e+09 -2.848216062075624466e+09 -2.248243660911750793e+09 -2.969316496861198044e+10 4.130977048128021240e+10 6.871856563596346855e+09 6.458631800169342995e+09 9.129425702030876160e+09 7.871574057896725655e+09 -3.080560044682545853e+10 1.485065006769750977e+10 1.891040423476641464e+10 1.409046141247299576e+10 1.274500156713995552e+10 1.774677633052402115e+10 1.164435392263157654e+10 -5.176690169671412659e+10 -2.231182023243251801e+09 1.269427564058512878e+10 5.695149192342368126e+09 7.879318152761865616e+09 3.465728153271078587e+09 9.521855948739107132e+09 -7.442639941953026772e+09
-4.924030885310134618e+05 -2.227546971378668968e+05 4.041123185206227936e+04 1.195481923738669720e+05 1.690091052171834453e+05 1.533912671239540214e+05 2.785656218095216900e+04 6.223570865607036831e+04 1.117942407115854294e+05 6.092391663665391388e+04 6.181899576445456478e+04 1.963077856486110977e+04 3.569799498150890577e+04 5.685988878790663148e+04 7.177417722318728920e+04 8.438133616926691320e+04 6.434816134651363973e+04 8.402731934955227189e+04 4.807853549328642839e+04 6.183516006750037923e+04 5.137557721675149514e+04 3.981935631282164104e+04 6.626812192465223779e+04 5.586474776701720111e+04 5.047255012929604709e+04 5.130762861978415458e+04 7.481866377193634980e+04 6.045847468663445761e+04 7.008804527490134933e+04 6.465360112183280580e+04 4.359581429679336725e+04 6.873973524925259699e+04 6.449452297086190811e+04 5.956046329187450465e+04 7.111247365596798772e+04 8.291588607842125930e+04 7.177034054276878305e+04 1.053436751718418964e+05 2.455698145955325163e+05 9.648027489751587564e+04 7.243818488513011835e+04 6.999752675575917237e+04 6.434290525819337199e+04 6.501284707246790640e+04 5.358177020984540286e+04 5.815737827152531099e+04 5.793353739813739230e+04 5.527643711538895150e+04 5.865087704953268258e+04 6.204070686428004410e+04 5.939244618946153787e+04 5.376715920823736815e+04 5.539900252634949720e+04 5.934713489122557803e+04 5.517002583594183670e+04 -2.039000847399477539e+11 3.126838253626710815e+11 9.514187650994732666e+10 -2.855379506003436661e+10 -1.063169972410641968e+12 4.323760845684568787e+10 3.811764317847186279e+10 -9.326579075358064270e+10 -5.668524577837583160e+10 -1.272310166972652130e+11 5.568623236630007324e+11 6.715852122241981506e+10 2.307163179301996231e+10 3.498008945729886055e+09 -8.833071865516036987e+09 -6.356379065304378510e+10 -1.202699156450561142e+10 -2.822148912469051743e+10 2.477841530564216614e+10 -2.215381228651772461e+11 -1.943758876265581665e+11 2.540329058526938629e+10 -2.891618157023582077e+10 -5.140159041938174438e+10 -1.316582287674586177e+08 2.179659801109145355e+10 -8.558987402156631470e+09 -1.752048156328926086e+10 3.440336593443021393e+10 2.346690608543013382e+10 6.743948012106047630e+09 1.159908491597043991e+10 8.136852198238932800e+10 -1.186499597202216530e+10 -3.317768870887905121e+10 1.453103063717469215e+10 1.673955964280871010e+10 5.825342208820852041e+08 1.244858216084621811e+10 1.634635882895048523e+10 6.358783004204160690e+09 -7.306832020486221313e+09 8.800251845973154068e+09 -4.053823231375826263e+10 1.073721883220376968e+10 1.550420263997169304e+10 -1.836151392496099091e+10 9.122952402759384155e+09 -1.001276061977641678e+10 1.464930208067792053e+11 1.890963473656615906e+11 -4.750133608507722855e+09 2.450370267084923935e+10 -1.190198718583330841e+11 1.130842024192428780e+10 9.974696428294504166e+09 2.231342639105895996e+09 -5.803889403501585960e+09 -7.263302541186166763e+09 1.371498752505172920e+10 4.751840309933893204e+09 -2.461835443862997532e+09 6.741945082826700211e+08 -2.882759600513483047e+09 -4.051972073499039459e+10 -9.086263824767780304e+09 -2.667755192864731979e+10 1.322142486166494370e+10 -1.209506169401993752e+10 9.051498046690053940e+09 3.150816266695005035e+10 4.845923298287561417e+09 -9.913865958111557007e+09 1.931434073442377319e+11 1.159295689653393745e+10 1.790841097203600693e+10 1.734223020350569534e+10 -4.075910454702072144e+10 4.619704026001174164e+10 6.725579633174356461e+09 9.006914422121236801e+09 3.237936337544609070e+09 -5.188016201737171173e+09 -1.526548996188383102e+10 5.054247792255751610e+09 1.096999265966074181e+10 7.814773119583731651e+09 6.639661773493960381e+09 9.056295971072790146e+09 5.813761653604433060e+09 -4.824839120553504944e+10 1.247067099684904665e+08 1.233884584281038475e+10 1.120132956895798492e+10 6.556221689947278023e+09 1.323210307833483124e+10 6.597116453854303360e+09 -9.230320165446304321e+09
-8.314673973073794041e+05 -1.119098894133907015e+05 2.123545497072312864e+05 8.867609475882851984e+04 1.030748422447193152e+05 1.490391800162037252e+05 1.631785592046210659e+05 1.317201190243688470e+05 7.218420109355896420e+04 7.692976708747855446e+04 1.047255195642682665e+05 4.899765360383710504e+04 9.001362755984040268e+04 7.038693187329107604e+04 6.585839752634250908e+04 6.319083390982097626e+04 8.205977825045031204e+04 8.823454076943818654e+04 7.305191914128285134e+04 6.118198217129601835e+04 5.441043960145528399e+04 7.470141570958832745e+04 7.924698844256003213e+04 4.956782401846763969e+04 5.541530014852082968e+04 7.487622543110208062e+04 6.482910957502510428e+04 5.839686472813128057e+04 6.972166647860017838e+04 6.999180045773443999e+04 6.334619495418125734e+04 8.211154039741760062e+04 7.430741089143358113e+04 7.714356322355082375e+04 6.645315019749973726e+04 7.713462120093754493e+04 7.477037396420950245e+04 6.879162677602273470e+04 9.648027489751587564e+04 2.333620715248128399e+05 1.099853787324975128e+05 7.939808973666095699e+04 6.442677122343351948e+04 6.580604215615584690e+04 6.366383850795137550e+04 7.059979269561496039e+04 6.637561239155709336e+04 5.478666766950459714e+04 5.709647870999881707e+04 6.688270774509246985e+04 6.552348252957118530e+04 6.500226986815043347e+04 5.698578476449974551e+04 6.143826774967826350e+04 5.616628699197701644e+04 -2.828818768843143311e+11 -2.330712494441780090e+11 -1.333998759316260376e+11 1.096758169213478088e+11 -1.170429710541616455e+12 -2.114523604234898682e+11 -2.254158219015171814e+10 -4.090152263683570099e+10 1.316274768526187134e+10 -7.600505954614355469e+10 3.889753771125751953e+11 3.463457145596541882e+09 1.784568778063261795e+10 -6.355575085090850830e+09 2.584777422832951736e+10 -6.226416466220008087e+10 2.044868903707769394e+10 3.515621596388507080e+10 4.620005388290119934e+10 1.508875804182410431e+10 -2.996247807937684326e+11 3.347235595163703156e+10 3.041701713508810806e+10 -1.175348130465798035e+11 -3.076372810746837997e+10 1.931168434557822800e+10 9.566512138000921249e+09 -9.204704331523974609e+10 -1.018817081034918022e+10 7.107473979100622177e+09 6.755255252285134315e+09 4.658929164347280121e+10 5.957952783591658783e+10 3.812783051900690460e+10 -2.105087026459315796e+11 -5.417236246329083443e+08 2.512163608838647842e+10 6.161484033865068436e+09 -2.894235166572779083e+10 -6.821987853337908745e+09 -3.710017437388709068e+09 1.113215848574787331e+10 2.482239077817758942e+10 -3.848628758256513977e+10 2.277292687065063477e+10 -2.190397707751923370e+10 1.207407807487516785e+10 6.139253375952489853e+09 -6.304939412701550484e+09 -7.897953515035429382e+10 1.563364267973195496e+11 4.700122321350153351e+10 3.902053931835999298e+10 -2.230204784520538940e+11 2.192539820098780060e+10 2.701755377319343567e+10 7.119300563866293907e+09 -1.506577281813946724e+09 -5.672206844867399597e+10 2.629803452514673233e+10 1.756322013417844009e+10 1.505923494915052032e+10 -1.495568362898166656e+09 1.148226029095439720e+10 -4.723276884350283813e+10 -2.294308430334513092e+10 -6.325376579169638634e+09 -1.933171952639795065e+09 2.194295976853092194e+09 9.022447400441987991e+09 8.429611465606843948e+09 4.448193836020603180e+10 -2.108532106076578522e+10 7.887375837593037415e+10 1.548739741295202827e+10 7.490505351939873695e+09 1.636196464766440964e+10 -1.341058766531624146e+11 1.620588327094614983e+10 9.268372823464241028e+09 1.708982047275647354e+10 5.347084664608768463e+09 1.375794144332131577e+10 -3.938311489177726746e+10 2.705810010113755703e+09 3.048318204280577660e+09 1.282724521546253586e+10 1.454657848745028687e+10 2.023648244392969131e+10 1.452046167463740349e+10 -1.043975191686024933e+11 -1.301764438060029745e+09 -5.230983506767187119e+09 2.342342505710053253e+10 1.230740357841914749e+10 1.105921512470639992e+10 6.226841671865813255e+09 6.839144324355187416e+09
-4.353761939639890334e+05 -2.184313643281813420e+05 2.467442267914043041e+05 5.768753506932158052e+04 1.756232258837845438e+04 1.188899043942096760e+05 1.180576642704471014e+05 6.987298775197469513e+04 7.462881234124125331e+04 8.554903892934328178e+04 1.265488308373831678e+05 8.311644374132751545e+04 1.032805098071710672e+05 7.937388956740392314e+04 8.609335618374629121e+04 9.279967838043411030e+04 7.824295356202468975e+04 9.299426011086736980e+04 6.296166366476470284e+04 3.522188262547946215e+04 5.818873522711296391e+04 6.948042750637562131e+04 7.249647391171850904e+04 5.018708354982364835e+04 4.956924233540865680e+04 5.525032569278617302e+04 6.145525631489913940e+04 5.880323872538323485e+04 6.007125243479562778e+04 6.492040486959042028e+04 6.314960406576109381e+04 6.921586821134205093e+04 6.483964747357209126e+04 6.676827933930832660e+04 6.527608698603388621e+04 7.545985891071309743e+04 6.728541427605670469e+04 6.159680979217914137e+04 7.243818488513011835e+04 1.099853787324975128e+05 2.290609901491137571e+05 1.060135150758136151e+05 6.346916780389153428e+04 5.354378537275594135e+04 6.094019857298860734e+04 6.772634275898094347e+04 6.427815712724248442e+04 5.737527914872612746e+04 5.738706137482549821e+04 5.345130045746431279e+04 5.653858864511361026e+04 7.001055066086362058e+04 6.483931090975082770e+04 5.684133043639270909e+04 5.303190278965184552e+04 -5.653622313012800293e+11 -1.038614393922239380e+11 -2.035678906048498535e+11 -8.891498392933973694e+10 -1.097821509686680908e+12 -1.928212281663743591e+11 -1.204240942958325386e+09 -8.616886216997550964e+10 -4.762507919968128204e+09 -3.436656300701589203e+10 2.708627099575075073e+11 4.289547585944067383e+10 -5.523233055193653107e+10 5.339180267930239868e+10 1.436549037658019304e+09 -1.323588820856792450e+11 -1.204031455942953873e+10 -1.560096532472985077e+10 2.637946272940412140e+10 4.197483544135898438e+11 -6.226569854810876465e+10 -1.244781902946759224e+09 1.755349824050425291e+09 -1.237016381592207184e+11 1.468256100698725510e+10 2.243558843992775726e+10 -1.031715946383347893e+10 -1.190718458282467499e+11 -2.054668254200803375e+10 -1.341596562938296127e+10 1.401583340526437950e+10 9.893877436193939209e+09 -1.551434056749212646e+11 1.867404998294244003e+10 -9.591623665207318115e+10 -1.096405782091462135e+10 2.727290757281335449e+10 -1.040972487208169556e+10 1.396427970864064980e+10 2.826677196973180389e+10 1.396831062039177513e+10 1.979494758995569611e+10 2.864454527741909790e+10 -4.398335720510452271e+10 2.768379399198349380e+10 1.068647274645181847e+10 6.351396104205367088e+09 2.022943815627719116e+10 1.505029583385198784e+10 -8.020691238977513123e+10 1.379993893198081970e+11 1.328330071303135109e+10 5.915737884898541451e+09 -1.049931591128157806e+11 -1.869950381986174774e+10 1.410066136460250664e+10 1.237441375990196991e+10 1.582395139221051216e+10 -3.640196498510028839e+10 3.892777504713587189e+10 2.050048523377477646e+10 2.417610094642040634e+10 2.184308911643342590e+10 1.410713207418405342e+10 -7.538679024107328796e+10 -7.130287710546763420e+09 5.857091356360000610e+09 1.472768677641408920e+10 1.050023151975805283e+10 2.674814869234964371e+10 1.032639130413659859e+10 1.189137492966227112e+11 -1.960323897896142197e+10 8.317480331454203796e+10 3.298607974427277756e+10 5.979805786716296196e+09 1.073613529264561081e+10 1.018469172264991302e+11 3.026672861877090836e+10 2.807399621756128311e+09 1.141618253321176338e+10 4.541735967635733604e+09 9.613092746093700409e+09 -4.564286448367771149e+10 -5.241867336335730553e+09 1.053601032579213333e+10 8.283083313428690910e+09 1.014902487772390366e+10 1.829513830009638214e+10 1.320671743477243423e+10 -1.012275710150778656e+11 9.554703736082967758e+09 3.258781595044220448e+09 1.012691237941237640e+10 2.497220595401758194e+10 1.464560373186876678e+10 2.012582236398981094e+09 1.718468871504882812e+09
1.320980072577338251e+04 1.929157964127115556e+05 2.312363386308090412e+05 1.062216376767797774e+05 8.451400346244139655e+04 1.171355581978223345e+05 2.044355931733213074e+05 8.793630622974484868e+04 3.124706491527808612e+04 1.125571835725359560e+05 1.356337131637673010e+05 6.799801993368221156e+04 7.661191851588407008e+04 4.988425936410481518e+04 8.814006944341509370e+04 6.860802149634642410e+04 8.197226927269410226e+04 7.130341719273179478e+04 5.984621929511397320e+04 4.656450488719677378e+04 5.438190964420376258e+04 6.186839698839659104e+04 7.189038954662231845e+04 4.455359238535651821e+04 5.323721715967283671e+04 7.662092621498598601e+04 6.207809597322127956e+04 6.322840963209643087e+04 8.097332836678231251e+04 6.297297109819827892e+04 6.750159136605160893e+04 6.214656115601149941e+04 7.201752740403637290e+04 5.880476864397944883e+04 6.205916277208603424e+04 6.931646564804794616e+04 6.357568583144863806e+04 6.046991722547645622e+04 6.999752675575917237e+04 7.939808973666095699e+04 1.060135150758136151e+05 2.192966542627823364e+05 9.691827391597407404e+04 6.126508253364497068e+04 6.486879526283655287e+04 7.667956295178482833e+04 6.447434006844395481e+04 5.069151679463693290e+04 5.322006028379014606e+04 6.045268212494720501e+04 5.178927050671520556e+04 6.067643879996546457e+04 6.186460463112868456e+04 5.991238226563137869e+04 6.192091957654678845e+04 7.613983075329051514e+11 -1.833712420880971680e+11 1.212913745756070709e+10 -9.446846667817185974e+10 -1.146129162021973389e+12 -1.154209312169464111e+11 -6.276110416951439857e+09 8.279755101845407104e+10 -4.555309964442239380e+10 -2.985800272900739670e+10 2.026914356335444946e+11 7.623369587101187134e+10 1.422466226875861168e+10 1.886256848900248718e+10 2.023454577106704712e+10 3.811656366547753906e+10 5.358506574189380646e+09 -1.315492046534057999e+10 5.798121660660810089e+10 -3.954664881092274170e+11 6.080184103419925690e+10 3.415490691919681549e+09 -3.497474436605873108e+10 -5.527191071684751892e+10 8.523211840108819962e+09 2.470118256398244858e+10 -6.643265707656524658e+09 2.473244842182589722e+10 -5.091607879633715630e+09 1.054304422979680824e+10 1.310346529180229378e+10 3.837574702902883911e+10 -1.022323504724047089e+10 3.555600864029274750e+10 1.466802757237502136e+11 6.394307413760815620e+09 2.178796887071936798e+10 -2.963387512252563000e+09 -2.531034188541729355e+10 2.179479654618277550e+09 -4.253873416061817646e+09 5.550547740967547417e+09 3.981408175280575562e+10 7.374375964854954529e+10 5.474309481265598297e+10 -7.312421417110321045e+09 1.087319451663737535e+09 -8.202876861640040398e+09 -2.023623718058209991e+10 -1.713762098242524109e+11 8.088094794391052246e+10 -6.390639919475360870e+09 4.061216442220521450e+09 -3.564935964520017242e+10 4.734733358188838196e+10 3.384861134861345887e+08 1.836279924920374680e+10 9.057693740363195419e+09 -3.004263923211491394e+10 4.405637964974304962e+10 1.691845242216808558e+09 1.018312418161139297e+10 2.427894829357855320e+09 6.247457507738218307e+09 2.857941550264185333e+10 8.063474867465523720e+09 -9.799232547177293777e+09 7.964012856556136131e+09 3.462383546695631027e+09 1.175382412088346481e+10 2.359496311920624161e+10 -9.130980891979627991e+10 -3.806197371250688171e+10 4.154059932549685669e+10 -1.500109819644495583e+10 4.691426422936511040e+07 1.010909753536011124e+10 8.280788325791381836e+10 2.236587844498339844e+10 -2.321457343375879765e+09 5.551702393417563438e+09 3.582201870231098175e+09 3.949397922318121433e+09 2.250365251303561020e+10 8.611450230251735687e+09 -8.070271710542234182e+08 9.446709260121703148e+08 8.056654489419476509e+09 1.081181935935424423e+10 1.941613718675017548e+10 4.062687452948213196e+10 1.315325840275770187e+10 -4.899400968237240791e+09 1.366942075864465714e+10 1.860115033318717957e+10 1.276270627466290283e+10 1.828493238941207886e+09 1.919710162799950027e+10
-1.418847348879736674e+05 1.786259412788674235e+05 1.775473621427555336e+05 1.873562612687503861e+05 1.884416617532840173e+05 1.708898774548327783e+05 2.002568675826663675e+05 1.140734796904961549e+05 7.237729921855633438e+04 6.272172391385344235e+04 9.059160646099041332e+04 9.342749475438696390e+04 8.780886460015617195e+04 4.878940083092064742e+04 9.546626498779299436e+04 7.375644136010279180e+04 6.782577796850928280e+04 7.621655551497478154e+04 3.421106954346741259e+04 3.735595523539897113e+04 5.419929270237214223e+04 4.934820740752900747e+04 5.841455048321698996e+04 5.954760715525401611e+04 5.310223737622631597e+04 5.747478847860495443e+04 6.965907545249961549e+04 6.273867681879083830e+04 7.017657943704204808e+04 6.253782430639320228e+04 6.551617515083197213e+04 6.313787840519291785e+04 5.982925567907564982e+04 5.810155077829420043e+04 6.080403619506957330e+04 6.489547992356066970e+04 5.610063984324227931e+04 5.903952900831615989e+04 6.434290525819337199e+04 6.442677122343351948e+04 6.346916780389153428e+04 9.691827391597407404e+04 2.042380008637238061e+05 9.653254655730011291e+04 5.990025405434179993e+04 5.969126149692782201e+04 5.688122288193223358e+04 6.097281890749755257e+04 6.712079770616319729e+04 5.447690275786043640e+04 5.771639797355336486e+04 6.398383285902295756e+04 6.633472786454789457e+04 6.051952881174507638e+04 6.861310320337735175e+04 -5.776167589989562988e+11 -4.420420991851799316e+11 -1.641346442424092712e+11 4.333189774446054840e+10 -6.510484924445853271e+11 -5.668232970752165985e+10 -2.390119120029479599e+10 -5.664168278271104431e+10 -6.425105764845520782e+10 -3.896983168642708588e+10 -1.456383055508241272e+11 6.906059935562139893e+10 -1.333235789911711884e+11 4.340577962353681946e+10 3.135687687158918762e+10 -3.351744551099208450e+10 3.818219470953813171e+10 2.343873581808353806e+10 5.572408986519583893e+10 -2.804009600799473877e+11 -2.346242951548067322e+11 5.980942615424002075e+10 9.283917651049243927e+09 -7.865803334780224609e+10 2.786590613478006363e+10 1.170699479843491936e+10 -3.696680114852189636e+10 -2.713009618047536469e+10 3.311245547525664902e+10 2.874410086340522003e+10 -5.185109981041668892e+09 -3.605255596305705261e+10 -1.449978213482382507e+11 -3.331006501830140591e+09 2.597584926578103256e+10 4.937749641876227570e+10 1.286986351580832863e+10 1.155280591623271942e+10 -1.417848138927360535e+10 4.448850791037647247e+10 4.223181383948991394e+10 2.191008527678226948e+09 9.339539055750822067e+09 2.058265780194132614e+10 4.892503326376367950e+10 2.385458624701742172e+10 5.204705209587110519e+09 3.237636286654240608e+09 2.326940008987440586e+09 7.359361207061608315e+09 4.072407379437896729e+10 2.671135373986034393e+10 1.566017359367553520e+10 -6.570329572868612671e+10 6.134127455092104340e+10 1.902018825385860443e+10 1.057250394098655701e+10 1.945547810624256134e+10 -5.475503433432614899e+10 4.236337750824998474e+10 1.613580411388796616e+10 7.902575894788904190e+09 8.668081162557419538e+08 1.243381881524879837e+10 -5.657515958495420074e+10 -2.944987942744446754e+09 4.963632321433459282e+09 1.418779276921625137e+10 -6.054190226014167786e+09 2.147202168361853409e+10 2.971919726926626205e+09 -5.574416985645946503e+09 1.316964638658094978e+10 1.663082043907825928e+11 1.668791196889634132e+10 6.480861280307001114e+09 2.187235391375685501e+10 -3.341622343594062924e+08 5.916491451379334259e+10 9.861912322123130798e+09 2.031913921326317215e+10 2.266310059501042938e+10 1.506083690057291031e+10 -4.677013015832177734e+10 1.990329096733211136e+10 1.689340184685173798e+10 9.792177051976726532e+09 1.105689038363725090e+10 2.303999583786107635e+10 1.699788076808501244e+10 -2.298372655067531204e+10 1.970730800607482433e+09 1.237078163161915779e+10 1.206150393291185379e+10 1.195890250599490166e+10 1.257878537188912582e+10 9.056279398059461594e+09 1.818792943525834274e+10
-2.508698590877018287e+05 1.487031993426322006e+05 1.946500873680977675e+05 1.648790838816671458e+05 1.324441462706935708e+05 2.078249470265980053e+05 1.170675072441705997e+05 1.184599244127894926e+05 6.620661412684981769e+04 8.695269681308424333e+04 1.262221203369220166e+05 6.494408752635825658e+04 8.044358156477921875e+04 8.317797857055591885e+04 6.221781319221588637e+04 7.785850301262736320e+04 7.428305754972025170e+04 7.416637487496096583e+04 5.938103870424788329e+04 4.325488537851940055e+04 7.731718424039959791e+04 6.054204642672512273e+04 7.771820102587703150e+04 5.985929509760950168e+04 4.812668270131286408e+04 7.677068481231552141e+04 8.150801499053581210e+04 6.533350352932872192e+04 7.160012154530017870e+04 6.544868814957054565e+04 5.773443088265122060e+04 6.755063875272481528e+04 6.934477739106920490e+04 6.859108934642664099e+04 6.105135667692840070e+04 6.291128375445178244e+04 6.451204354638321820e+04 6.783115776445744268e+04 6.501284707246790640e+04 6.580604215615584690e+04 5.354378537275594135e+04 6.126508253364497068e+04 9.653254655730011291e+04 2.010417348921718949e+05 9.047207696815842064e+04 6.898067175509429944e+04 6.386216517937908066e+04 6.554706265870765492e+04 7.165545033632488048e+04 6.639779315673703968e+04 6.137556000652322837e+04 6.048346777673406905e+04 5.562770539070452651e+04 6.001156618304816948e+04 6.113639223134113854e+04 4.154737362225795288e+11 -1.289603997942353249e+10 1.197650294663864136e+10 -1.502345359016963196e+11 -8.944609214385926514e+11 4.180240855650799561e+10 -1.085561141238910065e+11 9.699826551795980835e+10 -5.516877160521780396e+10 3.672115353989074707e+10 3.513007616735778198e+11 -4.781797474360442162e+09 -9.601646791700137329e+10 8.398167538742334366e+09 5.146323374884905243e+10 8.423514220072940063e+10 -3.913051464907466888e+10 1.109550068224287605e+10 4.287159359346282196e+10 -3.332340339318556213e+10 -7.289357052572828674e+10 7.422698706714894104e+10 3.352007212475627899e+10 -8.507602011794604492e+10 -7.686594077422984123e+09 -4.989393273234268188e+09 9.764459407336262465e+08 6.320154370666938019e+10 1.604751412242699623e+10 2.312957706255818558e+10 9.699549377459356308e+09 1.195782598145798874e+10 -1.768263297527438965e+11 1.252900241582266998e+10 -1.759043423738495483e+11 1.767222836360933685e+10 2.538290522068205643e+10 1.294906476999465942e+10 -1.511944450497036934e+10 3.291971867747470474e+10 3.237137753562882614e+10 1.003646817025389194e+09 1.792542851419891739e+10 4.240980075466155243e+10 -3.681775967683850527e+08 1.946631771002006531e+10 1.480849629563033104e+10 6.032598351823304176e+09 1.383726616847086716e+10 -6.650074840507467651e+10 1.596636779238688049e+11 9.432679093373689651e+09 4.407904641073069572e+09 -1.201963229528710327e+11 2.028378772198396301e+10 2.946578719727324677e+10 6.122216728595228195e+09 1.569723994454764175e+10 -1.846061891853344727e+10 2.849850083807119370e+10 1.425583468544730568e+10 1.198102466704631042e+10 -2.987842084810658455e+09 3.706932486422265768e+08 5.327679589263825989e+10 -2.036128526869670105e+10 2.174324368520177460e+10 1.964240210698416519e+10 1.598904768493700027e+10 2.110535321489178467e+10 2.188148048111189365e+09 6.220394028483598709e+09 1.782897933563245773e+10 3.258143894162600040e+08 -9.147225116600118637e+09 6.459329206152701378e+09 1.212500298400560570e+10 9.285465403084529114e+10 2.467143206718452835e+10 1.038839223006173706e+10 5.774934074016496658e+09 9.147085663445442200e+09 6.768500719560396194e+09 7.620131438775589943e+09 7.525488526518424988e+09 2.122425513242080307e+10 6.598209035992589951e+09 1.440700255772248459e+10 1.723509911017923737e+10 9.499033083562328339e+09 4.690856959920958710e+10 -9.964196638080633163e+09 1.869802884764073563e+10 1.963250050201819611e+10 3.326818549429461956e+09 6.199471172480729103e+09 -1.465460921030637026e+09 -8.522007037197975159e+09
-5.682654202192893717e+05 -2.383928522904248966e+05 1.086290084258645802e+05 -5.805329965875676135e+04 1.864999846068224997e+03 1.057005411655757489e+05 8.406982922113231325e+04 9.314330824863704038e+04 1.122524525111795956e+05 7.050226374517931254e+04 5.979968191918241791e+04 5.547989111510207294e+04 7.166239216778025730e+04 8.929004575169032614e+04 8.252327065292124462e+04 6.283411686381499021e+04 5.015039033489678695e+04 8.615172264355536026e+04 5.767343904886924429e+04 4.261151213520771125e+04 5.193978900808049366e+04 5.848653018537454773e+04 6.978762155220714340e+04 4.265950211492651579e+04 5.006029923703073291e+04 8.225686830282324809e+04 6.609487641067545337e+04 6.479856159708459018e+04 7.902867477589896589e+04 6.181033542837337882e+04 5.838994575114762119e+04 5.656437347956043959e+04 5.909974260080226668e+04 5.203315028793332021e+04 5.412764780472611892e+04 5.673872659135911817e+04 6.023093836234851187e+04 6.490033338137198007e+04 5.358177020984540286e+04 6.366383850795137550e+04 6.094019857298860734e+04 6.486879526283655287e+04 5.990025405434179993e+04 9.047207696815842064e+04 1.876398054847297899e+05 9.246235506711117341e+04 6.871245670126719051e+04 6.396516101206223539e+04 6.445628818236423831e+04 6.222978202408341167e+04 5.633129170658878866e+04 6.108383741579024354e+04 5.485824341990685934e+04 5.447472632784995221e+04 5.569755158764265070e+04 -3.178051273399264526e+11 -1.351184901823190918e+11 3.536522175497647858e+10 -1.287105818158285675e+11 -2.105821112749662781e+11 -1.566192264080251465e+11 -8.775402449746589661e+10 -2.066388549528335190e+10 -6.528221227389214325e+10 -1.100418937262639313e+11 9.556690418472944641e+10 1.003771065360104942e+10 -1.979010928266793442e+10 1.466072680697310638e+10 -2.574937162339664078e+10 4.434309673570496368e+10 -5.962800024939842987e+10 -8.292391877659849167e+09 4.155399108014498138e+10 4.312812591758113098e+10 -1.442429535318788757e+11 2.842809765890184784e+10 -2.602153427058377838e+10 -8.243372622828506470e+10 -2.612750211745355225e+10 -5.303725691472015381e+09 -1.863275036689484024e+10 -6.384833595213659668e+10 -1.009877744648850441e+10 -4.443195094149549484e+09 -1.356467101146181870e+10 2.461585283165017319e+10 -8.512152159641984558e+10 -2.152430069741279602e+10 3.599912820846565247e+10 1.035533528117734337e+10 1.116719271692095757e+10 -4.639967886868774414e+09 -1.485460279296558571e+10 1.515691368159831238e+10 4.997535555801418304e+09 -2.337778724798068047e+09 2.320489805210042953e+10 -4.302809239049280548e+10 1.131397848145943642e+10 -6.846711916445870399e+09 -3.227633933951484680e+09 -1.902813500730799139e+08 1.429113686070008850e+10 -1.833823843032445984e+11 -4.818234573546098328e+10 -1.845414011384871244e+09 1.856590985625975418e+10 5.834374579221837616e+10 5.838802571157526970e+09 1.495396021989995003e+10 1.579309737524016762e+10 5.749876928351408958e+09 -5.867821586051056862e+09 1.773861888049403381e+10 1.352171121276398849e+10 6.029715099139047623e+09 -3.257835974828807354e+09 3.321845254667122841e+09 9.807655637811326981e+08 -1.549699993271478844e+10 1.837878113776541901e+10 1.400809700954618645e+10 1.642356525182281017e+09 4.166243358712867260e+09 -1.156030731633359909e+09 -3.658909909996174622e+10 4.409095923171796799e+09 -1.570247354871443176e+11 -2.580071723558675766e+09 8.057004583328732491e+09 1.023747997155085373e+10 -2.593544557792005157e+10 3.251266462986671066e+10 -1.382025047447480202e+09 3.209054507122389793e+09 1.126008507156957054e+10 3.524019437574502468e+09 -4.307867192359014511e+09 2.414396625996363640e+09 6.903011233025683403e+09 7.916247012329974174e+09 6.255544965683818817e+09 6.930290078259353638e+09 6.619140730543266296e+09 5.753090500319505692e+09 -9.274709742685749054e+09 -2.071827085823176861e+09 2.273158159463934898e+09 1.594997067982658195e+10 8.970137321291200638e+09 -1.196602939009686947e+09 6.865607090306519270e+08
-3.590129709926877986e+05 -3.739571924132678396e+04 2.822164844175888575e+05 9.019288175650866469e+04 1.364100250126541941e+05 2.136027165408621076e+05 7.656610612724475504e+04 6.276277863514883211e+04 6.098335492013556359e+04 4.556250877847515949e+04 9.317473690323811024e+04 8.185311444386650692e+04 5.774369648927799426e+04 7.227889930606694543e+04 6.185213084482918930e+04 8.187887090937614266e+04 6.475947529464643594e+04 8.773821388294854842e+04 6.490931889256869908e+04 4.770234675236760086e+04 6.329820447732218599e+04 5.395851609421739704e+04 6.387386476522481098e+04 5.896922455586386059e+04 6.480023566172127903e+04 7.726257592231449962e+04 7.285794925560445699e+04 6.455093265873358177e+04 6.840868318788761098e+04 6.542764436738560471e+04 6.487418667905454640e+04 6.864173344690333761e+04 6.796193905159983842e+04 5.704759443609012669e+04 6.301973027110364637e+04 6.208792964251180820e+04 6.604284792978220503e+04 6.550122849021747243e+04 5.815737827152531099e+04 7.059979269561496039e+04 6.772634275898094347e+04 7.667956295178482833e+04 5.969126149692782201e+04 6.898067175509429944e+04 9.246235506711117341e+04 1.923277928739224735e+05 1.012575227566946996e+05 7.874037444779863290e+04 7.407783626417430060e+04 6.829813161819045490e+04 6.731163858254616207e+04 7.057238557287816366e+04 6.717614717586603365e+04 6.155145881513472705e+04 6.966246052875083114e+04 -7.031344326439846191e+11 3.160446762612573504e+08 4.446481998715044403e+10 -2.223535535560738754e+10 -8.569340378979234619e+11 -5.551615587365624237e+10 -5.947515785989908600e+10 1.089823217882466736e+11 -8.191994093938900757e+10 -5.431171839525248718e+10 1.043937906451260567e+10 -5.681324319526964569e+10 8.929643699963441849e+09 -7.616964938202936172e+09 -1.480360274041031456e+10 5.507849621193674469e+10 5.760606182948110580e+09 -4.500742243123021698e+10 6.760775074302897644e+10 2.636235397688043213e+11 -1.147551324210321808e+11 4.878694614995179749e+10 8.394109621038163185e+09 -1.171727175704252243e+10 -1.332546441493808746e+10 -1.120771419936061859e+10 -1.182857700908745384e+10 9.342713693527238846e+09 -1.605779794117224312e+10 5.306956292768037796e+09 -1.417326510306376648e+10 -1.290695019190048599e+10 5.351700052315733910e+09 2.113685844940541458e+10 7.512799109481861877e+10 -1.807424993937433624e+10 1.900943210241250610e+10 1.154599090611700535e+09 1.488576891568109035e+09 8.711088770447172165e+09 1.079623693377557564e+10 -1.475367492372245789e+10 1.742609801142058945e+10 4.535208968579085541e+10 2.040408536726465607e+10 -1.422591841166529655e+10 2.241885984629277706e+09 4.533989832139918327e+09 1.284790013558127975e+10 5.413152978082985687e+10 9.213218783868739319e+10 -1.821297664835217285e+10 7.142023444208429337e+09 1.173546825593392334e+11 9.342578837417652130e+09 2.867710487260811806e+09 9.266444401059419632e+09 4.116073720192991734e+09 4.957979700268054199e+10 1.159222311388954353e+10 1.475182234420717049e+10 1.356143222404998207e+10 2.929068402458899021e+09 1.637072260022130966e+10 4.974158298791510773e+10 -1.807587693347182465e+10 7.037900098049538612e+09 9.798886992211467743e+09 4.690178757898867607e+09 8.724720686072443008e+09 3.195641284863146305e+09 -9.533343282631346130e+10 -1.251541934146842957e+10 -7.113424516544462585e+10 2.722676935780467987e+08 -4.436419174847644806e+09 4.627487706650473595e+09 8.558951293247346878e+09 1.854406635908301544e+10 -4.468477799983720779e+09 -1.137000569717275381e+09 -2.888644900562988758e+09 8.443047629440325737e+09 1.108717648850984192e+10 6.704566488196346283e+09 1.958364948232083559e+09 4.449309737834779739e+09 2.828958130818143368e+09 1.409238252884140396e+10 5.478036784914632797e+09 2.327160337640174866e+10 -2.956507161272150040e+09 -1.697687594136165380e+09 6.138628420777732849e+09 1.290291979915753365e+10 5.951720388486906052e+09 3.499164941665582657e+09 1.364282961422770977e+09
-6.651452402594925370e+05 -1.893617223061294644e+05 1.716288181727190677e+05 4.364287612159182754e+04 1.365509203687252011e+05 1.686992909835646860e+05 9.917965987329275231e+04 9.074045094799580693e+04 7.105151051758936956e+04 4.323042578344068897e+04 9.324730947700185061e+04 9.183458824482049386e+04 5.852599890623534884e+04 5.296309778313663992e+04 6.341028585661543184e+04 6.923358871795772575e+04 5.965284883372972399e+04 7.199187078350271622e+04 6.056825723064957856e+04 3.683653675547862804e+04 6.005450263025135064e+04 6.370792661779163609e+04 6.550859965035640198e+04 6.303695415570845944e+04 4.663956830781074677e+04 7.310166223334809183e+04 7.504763024092158594e+04 6.237189314456888678e+04 5.426248437398576789e+04 6.210102586699541280e+04 5.962489340892944165e+04 6.681637729624593339e+04 6.707083612184351659e+04 4.823277447101494909e+04 6.073156447664707230e+04 6.952501534424070269e+04 6.531074739400975523e+04 6.479626805254375358e+04 5.793353739813739230e+04 6.637561239155709336e+04 6.427815712724248442e+04 6.447434006844395481e+04 5.688122288193223358e+04 6.386216517937908066e+04 6.871245670126719051e+04 1.012575227566946996e+05 1.866471253536876466e+05 9.657081227917419164e+04 7.203218394231438288e+04 6.942337384706483863e+04 6.084220088986936753e+04 6.626374696297958144e+04 6.735126016977768450e+04 6.461049868809141481e+04 6.244271542897880136e+04 -4.003021134276378784e+11 2.864242590007074585e+11 8.479189044965768433e+10 -1.550084693408255005e+11 -1.044443214926608643e+12 2.269866285803989029e+10 -3.515983261860431671e+10 1.345807754893369751e+11 -1.033218339604604542e+08 -7.961899242159445190e+10 -2.402691711662824097e+11 -3.940285433892256165e+10 -1.159413509635702896e+10 -8.873185237725177765e+09 -9.673451816281484604e+09 1.990385818265044022e+10 -2.023624540515329838e+09 -1.739353156455610275e+10 4.234831717830296326e+10 -2.560750443427660522e+11 7.182780633901534081e+09 3.475134457146764374e+10 1.283224851431281853e+10 -1.900312853438332748e+10 1.702869847633865547e+10 -2.232850620324223518e+09 1.689812527767425537e+09 -1.393699915391525841e+10 1.895567232307546616e+10 1.970144094835170031e+09 1.594142723715873957e+09 -1.172580527273038673e+10 -4.643530546460721588e+10 5.419499659927144051e+09 2.239436110927966919e+11 2.643581014932868576e+10 2.439782342295215607e+10 2.666103114111878967e+10 3.635909896845546722e+10 1.155109169142943001e+10 3.407976423349719048e+08 4.771061045819043159e+09 1.497013470707760048e+10 1.552710306639152718e+10 7.145090514861104012e+09 -1.732306865406076050e+10 -1.567444565895174265e+09 3.728933438744097710e+09 1.186918474157935905e+10 5.785220888538167572e+10 1.049938134593954315e+11 8.869327224869297028e+09 1.568753064617299652e+10 1.896631056541324768e+11 5.702726572199565125e+10 5.027796789456789017e+09 3.960427667902616501e+09 1.272927692434661865e+10 3.629490981567486572e+10 1.687639187410194588e+10 9.378454631305240631e+09 9.045413587109022141e+09 2.989265790888002872e+09 1.186364348608602524e+10 -3.046246086240380764e+09 -1.387963835405038071e+10 1.192733534515331078e+10 -3.805162798167368412e+09 3.337452187075151205e+08 1.918468100958814240e+10 5.172287901366518021e+09 -8.139038557640707397e+10 -1.602432793019449043e+10 1.101815825261730385e+10 6.488499618229845047e+09 5.849961778400212288e+09 9.376071998710321426e+09 1.028308522403095856e+11 1.530489946897845650e+10 2.792347647796698213e+08 1.061576245293917847e+10 1.688918217827020645e+09 1.366747770947515869e+10 1.148919284431292534e+10 3.404794579662878513e+09 5.511719100674987793e+09 1.382519474691073990e+10 5.165846610714715958e+09 1.638235272060039902e+10 2.215568460206599712e+09 -1.170552419315932274e+10 -1.092264419336396027e+10 -1.424206184933762932e+10 1.455796292854374313e+10 1.045513353687488174e+10 8.924107006051773071e+09 -4.758411914267929792e+08 6.966041547277342796e+09
-6.632115572629690869e+05 1.303941798042629234e+05 1.349354699869849428e+05 5.058197075353113178e+04 4.418265029112510092e+04 1.368897067822592217e+05 7.354406515852634038e+04 5.922865560832707706e+04 7.260381179675999738e+04 6.204949076649906056e+04 7.965838257886948122e+04 6.827929249873728259e+04 4.588289344277811324e+04 5.301982930168291205e+04 6.260977623588577262e+04 6.761208285318323760e+04 6.116368887053630169e+04 6.323454349101384287e+04 5.143970986987241486e+04 2.630999356042564614e+04 5.459415273360507126e+04 6.066360602360254416e+04 5.945777747334775631e+04 5.510021809262447641e+04 4.029739947687384847e+04 6.662849957681057276e+04 7.615316897865662759e+04 6.811623324998962926e+04 7.281090085347797140e+04 6.351308299357501528e+04 5.126796588674222585e+04 6.584930000502664188e+04 5.437322839391746675e+04 4.844836740758652741e+04 6.113290017428316787e+04 6.771586116961871448e+04 6.030740963164297864e+04 5.077157798469050613e+04 5.527643711538895150e+04 5.478666766950459714e+04 5.737527914872612746e+04 5.069151679463693290e+04 6.097281890749755257e+04 6.554706265870765492e+04 6.396516101206223539e+04 7.874037444779863290e+04 9.657081227917419164e+04 1.783210477438031521e+05 9.033156812331473338e+04 6.857365403907324071e+04 6.134070998443390272e+04 5.846744056441829889e+04 5.694994226621471171e+04 6.008722906835229514e+04 6.156434165774967551e+04 -2.896239579824119873e+11 -1.846010385143999329e+11 6.918236904619924927e+10 3.422077735958841324e+10 -1.310625471124039551e+12 -7.579074683786737061e+10 -7.388450519982606506e+10 4.376936319191302299e+09 -5.274220401107772064e+10 4.520135131349650383e+09 -4.279967460836373291e+11 -4.549516062307730103e+10 -2.340711557384951782e+10 1.246564153653366661e+10 1.049270485371603966e+09 7.309235429097291565e+10 -1.815464614342442322e+10 -7.239115607878349304e+09 2.773942356036314774e+10 -2.294669421013717651e+10 -1.720431974871381531e+11 6.121814544805439758e+10 3.398028520203427505e+10 2.756995585690782166e+10 1.846689873074730682e+10 1.554538573554578781e+10 7.928927498279376984e+09 -2.018390446813216019e+10 9.217033493079153061e+09 4.255090998816615582e+09 2.201804744092584610e+10 -1.464023121698733807e+09 -7.130473752032661438e+10 2.871762614548900604e+10 7.020892398544473267e+10 -2.668683775402095413e+10 7.241883980275969505e+09 6.702588317000068665e+09 -1.564710487038199997e+10 -1.083888352040088463e+10 -2.397209916199794114e+08 -9.223853065943906784e+09 1.880737281323423386e+10 -1.145410801695672989e+10 3.878731038695219517e+09 -9.542290896332870722e+08 5.022346646844490767e+08 8.131102308984811783e+09 3.098853989183233643e+10 -9.898497845112413025e+10 8.546136996048580933e+10 7.282971905484900475e+09 -1.733874502493048859e+10 5.951867283797882080e+10 1.604937010924305344e+10 1.420655873062978935e+10 4.912945785821319371e+07 4.873181368758686066e+09 3.689240668264482117e+10 1.503886299800353050e+09 7.626433041922040939e+09 1.267445050336409760e+10 -4.082706194304479957e+08 1.237374896668075562e+10 -1.423586108422504425e+09 3.212912844004642963e+09 2.229031052531531143e+10 5.678162792853071690e+08 -4.891175336818488121e+09 1.802876186361907578e+10 7.011039643776385307e+09 -2.973441787348404694e+10 -3.274198787884201431e+10 1.315645515429080582e+10 -6.080948523363924980e+09 -3.082479383503814697e+09 5.872969114755472183e+09 5.031758619014344788e+10 3.190110918357693863e+10 -3.601393239111862183e+09 3.703284313713420868e+09 5.528384201661695480e+09 1.013150492563645554e+10 3.827106546348329926e+10 1.119580556069670105e+10 8.473558212399865150e+09 3.135711978051785946e+09 4.850710669383193016e+09 1.997994250514552307e+10 5.243345718225504875e+09 -2.974159826297645092e+09 -9.300231183851785660e+09 -4.830078287580901384e+08 9.095568271843290329e+09 8.509272218684143066e+09 7.379218015734051704e+09 -9.029409067817944288e+08 1.271065369115383911e+10
-4.151850634732535109e+05 1.847370165998506709e+05 -3.211056864956888603e+04 -2.269951240452558341e+04 1.192541918808520422e+05 1.834314995108472649e+05 1.031258907368151995e+05 9.621127224675995240e+04 8.650423947064418462e+04 8.917411512571483036e+04 7.720554748331068549e+04 5.960115566270323325e+04 7.228763139520505501e+04 7.340102750170361833e+04 7.192977172553315177e+04 6.143631539243397128e+04 4.699049509334480535e+04 8.936565764662636502e+04 7.145806613052092143e+04 4.397926721496399114e+04 4.981730559631335200e+04 4.725936415638319158e+04 5.234240122409251489e+04 6.372597505337247276e+04 6.270772727806613693e+04 6.445862165299503977e+04 7.623084544375573751e+04 7.381214058216250851e+04 6.874206385907391086e+04 6.252420579110823746e+04 5.813965178960794583e+04 7.025897969747112074e+04 6.780534776392283675e+04 5.937144112039481843e+04 6.028265793234639568e+04 6.546862871031310351e+04 6.098507831015610282e+04 5.511224572715586692e+04 5.865087704953268258e+04 5.709647870999881707e+04 5.738706137482549821e+04 5.322006028379014606e+04 6.712079770616319729e+04 7.165545033632488048e+04 6.445628818236423831e+04 7.407783626417430060e+04 7.203218394231438288e+04 9.033156812331473338e+04 1.717719844036037975e+05 9.046853663944706204e+04 7.095518729103125224e+04 6.984418287660293572e+04 6.611962572088152228e+04 6.510638323970258352e+04 7.210109049828026036e+04 -1.976816559468829346e+11 -4.346188386423483276e+11 -1.914126105366744690e+11 -1.282865265124962311e+11 -7.088777197926165771e+11 -1.807265407423422852e+11 -4.363291967308592987e+10 1.086446796705695343e+11 -3.252636712336685181e+10 -2.785442261114165878e+10 -2.464648456424205627e+11 -4.951679659494451904e+10 -7.390469348863529968e+10 1.339998702779371452e+10 1.502607823416743279e+10 7.336566431855755615e+10 2.255684240648639297e+10 -1.836386732909390259e+10 5.053106667272018433e+10 -1.274073735796484222e+11 -1.871456217306065063e+11 5.981786588694509888e+10 2.138183901803444290e+10 4.346249096426144600e+09 -1.417753274949364424e+09 1.501545134950514555e+09 -3.573982229362255096e+10 5.295715388144443512e+10 5.803671609726341248e+09 -3.455349506995725155e+09 -4.868789542647619247e+09 -7.789708359844950676e+09 -2.178119382278364563e+11 4.976599764518013763e+10 -7.172682013095445251e+10 6.167026959191309214e+08 1.563697609435390663e+10 -1.129742495157128143e+10 6.153930798413364410e+09 1.822901998339877701e+10 6.646104610897500038e+09 -9.193545310015478134e+09 1.183370134841397524e+09 8.232997068349690247e+10 -1.279179682217189217e+10 -6.107988202129889488e+09 1.087829617173948765e+09 -1.379792285041415787e+10 -1.181252568872708511e+10 8.746690863488862610e+10 4.297446940806875610e+10 5.873373996402812958e+09 -1.672244532794922256e+10 -4.286632011062773895e+10 4.008326185871221161e+10 1.431751899552906036e+10 5.979291895985764503e+09 3.968958486162775517e+09 4.324291391455270386e+10 8.043408672614773750e+09 8.640370716523101807e+09 1.453415086503794098e+10 1.652592009567598104e+09 5.418781222649720192e+09 8.830669023100030518e+10 -2.730082302341909409e+09 1.085033176928549767e+10 2.331543694875603199e+09 -3.965075249842273593e+08 8.292135702598862648e+09 -6.512049811615979195e+09 8.627543229779501343e+10 -2.759947350182861328e+10 -9.629673430760577393e+10 -4.534438373207737923e+09 -1.969150432250825167e+08 2.321108553743189812e+09 7.179708587548938751e+09 2.226431874620698929e+10 -1.093479702294230080e+10 5.961927123259133339e+09 5.208232385397814751e+09 -2.502891920429017544e+09 2.542091710581054688e+10 1.244123084102333641e+10 9.706495250118860245e+09 2.062579638660077572e+09 -5.912558619965709686e+09 9.339581469719970703e+09 5.793676844821653366e+09 5.788184407676031494e+10 7.220016115992367744e+09 1.957938006557312250e+09 7.738363449324195862e+09 1.289765210462395906e+09 1.997701882516412973e+09 4.590825271939105034e+09 -1.123721998181749105e+09
-3.350137263184508774e+05 2.530072052508747147e+05 8.082726763686277263e+04 -7.099365332598220266e+04 1.105959945646085544e+05 1.955781400725310377e+05 1.503926478835830640e+05 1.205455565348429518e+05 2.886909101842930249e+04 8.578938682562566828e+04 8.242284518508374458e+04 6.794958529389985779e+04 7.650124823862561607e+04 9.267604758909910743e+04 8.721270673032652121e+04 8.230582957659805834e+04 5.716556505179495434e+04 8.199529293790244265e+04 7.617987640199402813e+04 4.348826530290055962e+04 5.890225391777885670e+04 6.745322027124166198e+04 6.982489188394325902e+04 5.663197563698342128e+04 5.792266488630961976e+04 7.083433953904463851e+04 7.481206866330442426e+04 7.974040071200963575e+04 6.768490065963179222e+04 5.026684011061230558e+04 6.051616511582381645e+04 6.409567684371994255e+04 6.199213295666882186e+04 5.000923260252441833e+04 6.073880746108658059e+04 6.396661756272263301e+04 5.915600553899237275e+04 5.706346038367470464e+04 6.204070686428004410e+04 6.688270774509246985e+04 5.345130045746431279e+04 6.045268212494720501e+04 5.447690275786043640e+04 6.639779315673703968e+04 6.222978202408341167e+04 6.829813161819045490e+04 6.942337384706483863e+04 6.857365403907324071e+04 9.046853663944706204e+04 1.675551305844418530e+05 8.712583531260752352e+04 7.491988861476833699e+04 6.577209853394654056e+04 6.477754459428910923e+04 6.007973899592342059e+04 -2.414180282867631836e+11 -1.123336381287768860e+11 5.127431729700671387e+10 -1.695030052828704834e+11 -6.733730691248535156e+11 -2.270463212067401123e+10 -3.817592740885957336e+10 1.366227654321062317e+11 -3.343701748445441437e+10 -6.707624684504572296e+10 -1.803143931655001831e+10 -5.755468017597524261e+10 5.045716401488315582e+10 2.987379664294020462e+10 2.659398470025421143e+10 1.119352855149827271e+11 1.188572320817025375e+10 2.517955586868835449e+10 6.296284040949198914e+10 2.285866622204606247e+10 -1.333835739175946198e+11 4.928122288299468994e+10 1.525867670758378220e+10 4.018494300173034191e+09 4.349746956262465477e+09 3.849418249826007485e+08 -1.576609379027840233e+10 1.034147144412289124e+11 -9.440778663132291794e+09 -1.530822696483337784e+10 -3.690904425683067799e+09 -4.696326305381102562e+09 -1.046039143411198616e+10 4.557177264773567200e+10 8.016180086098316956e+10 -7.799855534990776777e+08 2.197246176875857925e+10 -1.342763008054616356e+10 2.271411824712958908e+10 1.053986274085934067e+10 -2.709363019159361839e+09 -7.943993694564440727e+09 1.118750514864132690e+10 8.949219489538243103e+10 6.121125841886155128e+09 6.027440164422217369e+09 3.944005531908118248e+09 6.571742340208872795e+09 -6.413735114936027527e+09 6.692080354675050354e+10 8.586982689300708008e+10 2.782541999923282623e+10 5.703339433823846817e+09 5.000784259381102753e+10 4.252540159503601074e+10 2.021411656985065842e+10 4.942216843929849625e+09 9.552908236673669815e+09 3.071325676282601166e+10 1.917271800532173538e+10 2.039096642870897293e+10 1.380738890322469711e+10 5.701198949274469376e+09 -3.264233076657149315e+09 1.291544230755998230e+11 -5.639107351028762758e+06 1.305458355090568513e+08 1.236086120644091415e+10 1.300493497477828979e+10 1.161248977268412399e+10 1.771946661918993759e+10 8.814430644552780151e+10 -4.547810797145872116e+09 7.408917869455616760e+10 1.317814810697683716e+10 -8.084608541475400925e+08 6.339380557293142319e+09 1.341419087527918625e+10 3.908264087244722748e+10 5.637249061186531067e+09 8.237505565166129112e+09 2.062047933713166416e+08 -4.720748102899237275e+08 4.768913588144851685e+10 1.111776903898872566e+10 2.028378160409766006e+10 7.454976877244235039e+09 9.223388050695571899e+09 9.768046902478544235e+09 1.388245077703568649e+10 6.306930983728044128e+10 8.834855845730434418e+09 1.400259364814569473e+10 5.349032180260162354e+09 4.640432429736645699e+09 6.338562185225722313e+09 9.046480738764312744e+09 4.250422324911085129e+09
-9.350135084831234417e+04 2.129188542826058110e+05 2.656914394378436846e+05 1.084499620470287482e+05 1.464866385127021640e+05 1.758785845452679205e+05 1.158234548641591973e+05 5.233149426809136639e+04 4.451899508605222945e+04 7.423868243547565362e+04 6.807633536243332492e+04 7.561638646018208237e+04 5.999331322500173701e+04 7.685879683370319253e+04 7.429124767321767285e+04 7.296590816540661035e+04 7.254491763472821913e+04 7.794371646589641750e+04 7.251553355340260896e+04 5.209120987360651634e+04 5.694643785858549381e+04 6.515637495330232196e+04 6.445352488850116060e+04 6.091068648022106936e+04 5.984905589880406478e+04 7.088648884120876028e+04 7.679997567357518710e+04 6.548821687105254387e+04 6.095159965403636306e+04 6.825697467299025448e+04 6.059934197600187326e+04 6.013686937950950960e+04 5.800572150726714608e+04 5.728279248396714684e+04 6.064138759517573635e+04 6.916481217314425157e+04 5.970091343576059444e+04 5.439758948850828892e+04 5.939244618946153787e+04 6.552348252957118530e+04 5.653858864511361026e+04 5.178927050671520556e+04 5.771639797355336486e+04 6.137556000652322837e+04 5.633129170658878866e+04 6.731163858254616207e+04 6.084220088986936753e+04 6.134070998443390272e+04 7.095518729103125224e+04 8.712583531260752352e+04 1.581286383530686435e+05 8.966336736076349916e+04 6.488442402715582284e+04 6.196307184011038044e+04 6.652220727125134727e+04 -3.553458106170761108e+11 -1.877979008795572510e+11 -1.199396821465951080e+11 -5.885577777375682068e+10 -1.080936519357859619e+12 -3.161093848206044769e+10 5.118547769038697052e+10 -2.823369284382311249e+10 -1.240972821793042755e+10 -4.837853365519966888e+10 -6.151888514086019135e+10 3.692867715198413086e+10 -2.838732015702147293e+10 2.684478875601813507e+10 2.390402108682154846e+10 5.498207852482656860e+10 4.218026176973423767e+10 1.605575089630186272e+10 9.396912640415713501e+10 -2.752224321858469772e+10 -2.098617669898183289e+11 3.929514927380133820e+10 3.210812443365692139e+10 -3.088052931650171757e+09 3.384232395307234955e+10 1.194931552177195930e+10 -3.278444246335212708e+10 -3.305652582582934499e+08 -1.333423852422122240e+09 -1.858764001226455688e+10 -7.228703285190324783e+09 -9.601843905179552078e+09 -1.007391990526518402e+11 3.105026099223592377e+10 -1.459141742808464966e+11 8.992894968954872131e+09 1.564132990417288589e+10 -1.907833831238802338e+10 2.195110549911822891e+10 1.709170986961999512e+10 9.686343951160139084e+09 -1.341869685155403709e+10 8.880559005615556717e+09 6.177062832488904953e+09 2.578746960357758045e+09 -5.458522337539271355e+09 6.741775780274134636e+09 4.234147504612691402e+09 -1.127440231331565475e+10 2.115452376706340027e+11 9.036881546636160278e+10 1.994478949338514328e+10 -6.414951676512580872e+09 6.528094720161956024e+10 2.015248917682468414e+10 -1.488812147529320717e+09 -1.118818685041568279e+09 3.448535716993624687e+09 -6.692749031231208801e+09 3.782791942131488800e+10 1.593652649272394753e+10 1.066383670744007301e+10 -3.076023506487090588e+09 7.745078863085460663e+09 -2.679144654506488800e+09 2.462114444314955139e+10 1.929807093810045242e+10 1.219248120102357674e+10 1.313113915209410667e+09 -1.113639901712331533e+09 2.371577623428615952e+10 -4.578666131361963654e+10 -7.722076597092612267e+09 8.621423582957250977e+10 7.077452159794661522e+09 4.353299899659820557e+09 1.097054408808722496e+10 -6.376244368026510620e+10 5.259529743808528900e+10 7.728277579551448822e+09 9.155191470462694168e+09 2.600986294343463421e+09 2.362368323452253819e+09 -1.845260252654122925e+10 2.858127592064926147e+10 2.636014929563476181e+10 3.234973416492242813e+09 4.456347126670996666e+09 1.475663802419583321e+10 8.573007996552746773e+09 -2.829072250121334839e+10 7.307905037900263786e+09 5.774124280838019371e+09 9.257297840710672379e+09 1.598859670530400515e+09 3.291089740750864506e+09 4.716014641537496567e+09 -9.622737868121284485e+09
-6.919706788117587566e+05 -4.592336075071135565e+04 1.519216909014417324e+05 5.846291610435541952e+04 2.082701714094372583e+05 1.804769720542217256e+05 1.431784370955795166e+05 8.533878535433555953e+04 1.165332485578322085e+05 9.685785307465234655e+04 1.095786914635080029e+05 1.146421520282045822e+05 8.278336937572306488e+04 5.409485899653092201e+04 7.585213616108222050e+04 7.267404788682579238e+04 7.975811299370502820e+04 8.808873719561863982e+04 7.167551983661450504e+04 4.545495169971851283e+04 7.176886252966658503e+04 7.598822586909434176e+04 8.101796578241982206e+04 6.428942390429889201e+04 5.537112252875701233e+04 6.752307280734539381e+04 7.636385913994914154e+04 6.893212712644890416e+04 6.409816892799783091e+04 6.186082402772078058e+04 7.206230001764409826e+04 7.090477713741405751e+04 6.014987768692160171e+04 5.763565464092840557e+04 6.593807772310884320e+04 6.056243193856909784e+04 5.893896819771999435e+04 5.505897140766777738e+04 5.376715920823736815e+04 6.500226986815043347e+04 7.001055066086362058e+04 6.067643879996546457e+04 6.398383285902295756e+04 6.048346777673406905e+04 6.108383741579024354e+04 7.057238557287816366e+04 6.626374696297958144e+04 5.846744056441829889e+04 6.984418287660293572e+04 7.491988861476833699e+04 8.966336736076349916e+04 1.712424518925858720e+05 8.718704191932371759e+04 6.445240142125195416e+04 6.682990147186523245e+04 -2.750688158920067749e+11 -2.618538174659810486e+11 -1.309768698082863617e+11 6.602772553733110046e+10 -5.620204217517982178e+11 -1.172075817342724304e+11 5.370429480371055603e+10 2.387060093405941010e+10 5.047709039404557228e+09 -1.327323357550744934e+11 -1.455542879467858276e+11 9.976701760964143753e+09 -1.023779669117738495e+11 3.873765847736467743e+10 1.793776336089388657e+10 -1.690668709888560534e+09 -2.761238640037769318e+09 1.346261969013586044e+10 4.622953193117629242e+10 1.595757388552627258e+11 -1.793115866227065125e+11 4.612001664725100708e+10 7.991884078783164024e+09 -2.847490879627295685e+10 5.412286192406970978e+10 1.132523827657260132e+10 -2.205456308211890793e+10 -3.683099938129708099e+10 3.988651624515153885e+09 9.684177132123331070e+09 2.326759794542355537e+09 -1.731194929046725464e+10 1.207336580155066376e+11 5.477597831473381805e+10 -1.362025119195948601e+10 2.037365203579858780e+10 4.099997759507847595e+10 -2.035620764474563837e+09 -1.750320805700836182e+10 2.958388616776420975e+10 1.825170581107497787e+10 8.042699186866906881e+08 2.046676212475892258e+10 -4.898425653512396240e+10 2.073508878527137375e+10 -2.370392655495051861e+09 2.766482618822856903e+09 -3.757395559574999809e+08 9.438418710462139130e+09 -4.448954793993898010e+10 1.062276664303421173e+11 2.280982099665068817e+10 8.220836012298089027e+09 -9.662682448542369080e+10 5.061478352778613281e+10 1.153072497894647980e+10 1.734927672399065399e+10 1.278563051714670944e+10 -3.993978126665344238e+10 3.682586684961866760e+10 2.085203254451094055e+10 1.533126490282981110e+10 2.883427397618156910e+09 7.575095726160209656e+09 -4.044829046503908539e+10 1.457945718241562271e+10 1.366533386374623537e+09 4.372231801384174347e+09 2.000033734231510639e+09 5.720860940904672623e+09 2.005166999452284276e+08 4.481188266554143524e+10 -3.927085744533154488e+09 -2.734758846714178085e+10 3.646004918645397186e+09 7.844477376023917198e+09 1.314277380192776871e+10 -3.723769469724868774e+10 5.498585799879698944e+10 1.069025623560780144e+10 8.487420395364864349e+09 1.142417429466904259e+10 1.253263104227249527e+10 -4.721102203878887177e+10 1.559528182174193192e+10 7.560533375460980415e+09 3.469872642413794041e+09 1.275652236831917763e+10 1.473741441404830360e+10 7.138717611627789736e+08 -2.625302700333882523e+10 8.424766446688076019e+09 4.622702806614886284e+09 1.154930021355759811e+10 6.783659451550229073e+09 1.300406668768732834e+10 -1.698665838197988510e+09 6.824129622021785736e+09
-9.681686959263851168e+05 3.367033904036529566e+04 1.830130266697112238e+05 8.328409224748163251e+04 9.541466637470274873e+04 1.247451651903876336e+05 7.804175456667154504e+04 9.251621691943942278e+04 9.321027527721972729e+04 7.667147658648963261e+04 8.380626251042920921e+04 8.942047794417489786e+04 7.722591052871536522e+04 9.706594187456123473e+04 8.845151656406211259e+04 6.082522458701229334e+04 6.730823202331508219e+04 7.619249615036041359e+04 4.730112212141425698e+04 4.527033574755420705e+04 6.015805460407587816e+04 5.053500549147645506e+04 6.930066674290025549e+04 6.015344570552669757e+04 5.437648359506626730e+04 7.786684968375030439e+04 7.161592010751151247e+04 6.593787018894348876e+04 7.015957372635084903e+04 6.082196849567353638e+04 6.052636160429177835e+04 5.959414467988487013e+04 6.115590635893008584e+04 5.393242968525680772e+04 6.224830731237831060e+04 6.342887701519939583e+04 5.837030154858947208e+04 6.068804846070654457e+04 5.539900252634949720e+04 5.698578476449974551e+04 6.483931090975082770e+04 6.186460463112868456e+04 6.633472786454789457e+04 5.562770539070452651e+04 5.485824341990685934e+04 6.717614717586603365e+04 6.735126016977768450e+04 5.694994226621471171e+04 6.611962572088152228e+04 6.577209853394654056e+04 6.488442402715582284e+04 8.718704191932371759e+04 1.584289789129243873e+05 8.154169213365929318e+04 6.653477443006665271e+04 -3.197899892838581543e+11 -2.213985860762021484e+11 1.129338523850679169e+11 -5.836339023063516235e+10 -6.597565809919609375e+11 -1.242138611309371185e+11 3.553038151872403717e+10 -1.482489746455439925e+08 -2.338633951392587280e+10 -1.516241074277610779e+10 -6.414053413175749969e+10 -5.052753520617434692e+10 -4.327684235193260193e+10 -1.514930696447482109e+10 -1.538537013847527695e+10 -5.061553020437194824e+10 -1.200665913067408562e+10 8.658211480293164253e+08 3.415178993847316360e+10 -2.067256245956950378e+11 -2.587852651333597412e+11 2.337558255890749359e+10 7.950974165293603897e+09 -4.947586276911100769e+10 3.593747564021012878e+10 1.570305719622811890e+10 -3.279672444652408123e+09 -4.797669621816115570e+10 2.334988718997700500e+10 1.458973816141429329e+10 7.737525248870360374e+09 -2.208346420608266354e+09 -5.751891914423049927e+10 3.359704853976579666e+10 -1.182232520597822113e+11 1.523540720250619698e+10 2.086027464763322449e+10 7.226141461817715645e+09 -1.367129792703618240e+10 2.160159138541129303e+10 1.666737348472298241e+10 2.912754275380109787e+09 9.670368001782590866e+09 -1.352938315713562584e+10 3.015511557568629456e+10 -1.132231827899576569e+10 -5.075695031018071175e+09 3.842692723720859528e+09 1.685749283576348114e+10 8.602114962721702576e+10 1.225440337423111877e+11 2.166489784103370667e+10 1.101155745018980980e+10 -2.430625020840496540e+09 3.123299223451216125e+10 1.288992384736128616e+10 9.929675747767038345e+09 2.163435277801919937e+10 -3.027429045421055222e+10 3.144154889681290817e+10 1.127095426699504852e+10 1.481588812969898701e+09 6.517720918974336624e+09 1.078133345248672295e+10 -1.388562958678996849e+10 -1.455041768090425873e+10 9.878994323132495880e+09 -3.881734290682738781e+09 1.488648955384459734e+09 1.785732420652833939e+10 1.858723611270104599e+10 -2.739621464210143661e+10 2.453918520107854080e+10 9.003326431800402832e+10 1.391243909450000000e+10 5.443327828630727768e+09 2.460220120487355042e+10 2.872093641286536026e+10 3.012595477758736420e+10 3.466994097325645685e+08 -1.423441603162361145e+09 6.814237238605821609e+09 1.249869975837890244e+10 -1.368836499374830437e+10 7.741533630377395630e+09 3.839898831246171951e+09 3.218685562559452057e+09 7.375072868403231621e+09 1.256291414772723389e+10 8.062747937975778580e+09 -2.099756775500962830e+10 -5.489607595399479866e+09 -6.244129614339578629e+09 2.025168668115660667e+09 7.864977319036128044e+09 8.367498359015825272e+09 2.173259673538571358e+09 -4.746896770776756287e+09
-4.689585282683913829e+05 1.555337239785556449e+05 1.487417255077836162e+05 9.562765062412539555e+04 7.344786715465177258e+04 9.691598524156285566e+04 8.851984301318984944e+04 1.459806334097471554e+05 1.158532479247358424e+05 7.555220242609835987e+04 5.546826678906677989e+04 7.309895621952982037e+04 3.505572292935819132e+04 6.946105368649667071e+04 7.722138259636540897e+04 4.603610434080464620e+04 5.244222051844787347e+04 8.697613813768124965e+04 6.946311953517761140e+04 3.941359181886723673e+04 6.195065600880139391e+04 4.518578131040719018e+04 6.400591565889240883e+04 5.572590524042048492e+04 5.286561357845003658e+04 6.411171109967108350e+04 6.913530433510729927e+04 6.204572570048234047e+04 6.682788707099431485e+04 6.518753846636052185e+04 5.376678116954894358e+04 5.200400141348026227e+04 5.548338260433122923e+04 4.946707288498924026e+04 6.335960271850218851e+04 6.246871711271147069e+04 6.072033837203793519e+04 5.974137930013534060e+04 5.934713489122557803e+04 6.143826774967826350e+04 5.684133043639270909e+04 5.991238226563137869e+04 6.051952881174507638e+04 6.001156618304816948e+04 5.447472632784995221e+04 6.155145881513472705e+04 6.461049868809141481e+04 6.008722906835229514e+04 6.510638323970258352e+04 6.477754459428910923e+04 6.196307184011038044e+04 6.445240142125195416e+04 8.154169213365929318e+04 1.491758452326376573e+05 8.593385786314572033e+04 4.790745173135829468e+11 -1.751125328342279053e+11 -3.181939142591425705e+10 2.423132644379522324e+10 -6.163955362418813477e+11 -2.328959085129508972e+10 -3.047652274006404877e+10 5.310771791578179932e+10 -1.408531204437764740e+10 -7.624054641094706726e+10 1.207775572075600433e+11 5.089244548219490051e+10 -5.562484497656369019e+10 2.157082180192832947e+10 -3.199203762226448059e+09 -6.448911816600381470e+10 7.921793674545980453e+09 1.961589772586031342e+10 6.525958179158627319e+10 -1.646239472875957947e+11 1.645850234364417458e+10 3.816353629069132996e+10 -2.810552683147737885e+10 -1.834052462764462662e+10 2.385344609358339310e+10 1.431235228786543274e+10 -5.781366262198390961e+09 -2.085717756467361832e+10 -5.400256802327680588e+09 -1.649560801572885275e+09 1.397920965094074440e+10 1.381542187128247452e+10 -6.845473685096724701e+10 -2.546975158500387192e+10 3.226713253085367966e+10 3.647783637530176544e+10 9.898294426890336990e+09 7.860491777122802734e+09 1.502937195845170212e+10 -1.550786536712955236e+09 2.267062462844664001e+10 9.457111066606697083e+09 3.056013545788878918e+09 -4.688156661281666565e+10 1.485714582211411095e+10 1.168933426037776947e+10 7.157991998215964317e+09 -2.916498279680652142e+09 -8.852348874242820740e+09 -4.074658359208974457e+10 2.168678808732073975e+10 1.324260670078983307e+10 6.799530619374711037e+09 6.458272640266340637e+10 3.842356634600257111e+10 7.764832395653485298e+09 1.516739211906803131e+10 1.095097687525036430e+10 -3.513089280847515106e+10 2.323989870519307709e+10 2.489919604824238420e+08 1.609279386126340103e+10 -1.399978018613006592e+09 1.095465085985116959e+09 -4.876246177850392914e+10 4.232366882262213230e+08 -5.307157811442467690e+09 1.562967016130384684e+09 -4.521368543209715843e+09 5.836331175337281227e+09 1.143214883244515610e+10 6.023372840442771149e+10 1.649328773497858047e+08 1.275796600724331512e+11 -8.107968541009158134e+09 8.461646954878530502e+08 1.363520673190372086e+10 -2.798129704998703384e+10 1.890370325114816666e+10 -8.768722374792133331e+09 3.209634782341139913e+08 5.470290274416309357e+09 9.545944973496723175e+09 -1.554011684129014969e+10 1.516116468994326019e+10 8.521239194017318726e+09 6.702196910222552299e+09 -2.995502256442595959e+09 8.629195508668123245e+09 5.892439486449014664e+09 -4.036289904986428833e+10 7.430440956940808296e+08 4.993277456048037529e+09 9.696464240998125076e+09 5.341595146717791557e+09 6.312242773903186798e+09 6.198080567999609947e+09 -3.999646836714833736e+09
-1.395229936756443349e+05 5.363822278463623661e+04 1.089209714599303406e+05 1.237614024647542246e+05 8.608782053021040338e+04 1.784310042669989634e+05 1.195096469989078469e+05 1.084989050113284611e+05 7.460006917995421099e+04 7.708200117128083366e+04 9.972315012066967029e+04 6.958250828513754823e+04 5.360598705643050926e+04 7.007480960073994356e+04 6.806688870455541473e+04 9.443927946066182631e+04 6.783410009175741288e+04 9.245709140036185272e+04 6.403403055069689435e+04 3.900525667504052399e+04 6.363357452663998265e+04 4.706279284362639009e+04 6.658427207922188973e+04 6.397752068382318976e+04 5.681186473367288272e+04 6.434130637570705585e+04 7.254492328755449853e+04 6.757708848954086716e+04 6.717792855666947435e+04 5.657322701065478032e+04 5.928730810458897031e+04 6.164263590267361724e+04 5.342717501034818997e+04 4.635973652860928996e+04 6.260061890870361094e+04 5.828090615619436721e+04 5.313144336137742357e+04 5.493274615038926277e+04 5.517002583594183670e+04 5.616628699197701644e+04 5.303190278965184552e+04 6.192091957654678845e+04 6.861310320337735175e+04 6.113639223134113854e+04 5.569755158764265070e+04 6.966246052875083114e+04 6.244271542897880136e+04 6.156434165774967551e+04 7.210109049828026036e+04 6.007973899592342059e+04 6.652220727125134727e+04 6.682990147186523245e+04 6.653477443006665271e+04 8.593385786314572033e+04 1.479878748068365676e+05 1.675455550768099670e+11 2.119581543129608154e+11 8.551043744092117310e+10 -1.908037168503976822e+10 -6.341973761140314941e+11 -6.492307476627621460e+10 -4.013697594123519135e+10 -8.877651738166360855e+09 -7.618982714179251099e+10 2.447244348597269058e+10 6.998979704841618347e+10 1.863454169863800049e+10 -1.122167249906904449e+11 -4.430919309955623627e+09 1.650364407351830864e+10 -6.548954831372789001e+10 -3.178865778797326565e+09 -2.718831515169400406e+10 4.097396624920885468e+10 -1.561037461638730431e+10 -1.501640180111173706e+11 5.030648347678010559e+10 -4.219787133342950439e+10 -4.175305570810458374e+10 -9.180906562486314774e+09 3.827835480014169693e+09 -1.822351517221137619e+10 -1.639265625142872238e+10 -1.316499823709568405e+10 2.334228971045637608e+09 -1.840870298263081312e+09 2.220671434141740322e+09 4.834081488936692810e+10 3.994349223567126465e+10 -2.597726159575304413e+10 -3.378863525680799961e+09 2.230197595177550125e+10 3.804067703330879688e+09 5.082131619880318451e+10 1.618654856696916008e+10 1.635781176571370697e+10 -2.288095650412340164e+09 1.097234428185595322e+10 -8.172809642645782471e+09 1.649681949189032173e+10 6.763395483382730484e+09 5.274994576765404701e+09 -6.572944995762517929e+09 -3.587357468815554619e+09 1.377685410768507690e+11 1.597365139559204407e+11 1.276484494929722786e+10 8.433770124167180061e+09 5.761639299582638550e+10 4.229251156667134094e+10 4.315174254958908081e+09 1.155966049700831175e+09 1.927721831164125824e+10 -3.659969564596620941e+10 6.918769507812924385e+09 6.350306391423425674e+09 1.972091023653769302e+10 7.410438137374166250e+08 4.044725973964857578e+09 -3.332832124712311172e+10 9.368581095041916370e+08 3.981100676260609150e+09 8.953418715161979675e+09 -6.929209425070821762e+09 7.124236975200052261e+09 5.006775801991179466e+09 8.293672605981600952e+10 -3.902525690003685474e+09 1.054107399251483002e+11 9.873977751645698547e+09 -1.342333464308361113e+08 1.031758465136194229e+10 -2.795314541357919312e+10 3.259011364038233948e+10 -5.156414754697349548e+09 8.242684997947443008e+09 1.089364958732458305e+10 9.350824156624385834e+09 -2.547534671693166256e+09 6.283906025265253067e+09 2.400501818062254715e+10 8.617909001998121262e+09 6.137161110340408325e+09 1.093934704357948875e+10 7.470621624186767578e+09 -1.571893652322687912e+10 1.140859326569521141e+10 1.755841129851941681e+10 1.074834616414935303e+10 6.762360537459432602e+09 1.166366003512080193e+10 7.511063329783190727e+09 2.780337778697479725e+09
5.029675209027877344e+13 5.453375774695990625e+13 2.117219539544590234e+13 1.522189492351413672e+13 -1.484207365739268799e+12 4.012381794816680298e+11 1.254570672395049805e+12 4.699842226287863159e+11 7.297467839954987793e+11 -3.910217181482387207e+12 -8.349759887776569824e+11 -2.815852354257184082e+12 1.884889370795628174e+12 1.065647898455073853e+12 -6.165780547525229492e+11 -5.247639945654365234e+11 -8.980633177441954346e+11 -1.648566208801130981e+11 -6.753060759502293701e+11 -1.457748773725038086e+12 -4.640626754187006226e+11 -1.372555113703950439e+12 2.259805276409226074e+11 5.394238088187072754e+10 1.269163860458597168e+12 -4.407201837663899536e+11 -8.054879511538431396e+11 -1.560898865652100098e+12 -4.875861305047684326e+11 5.368026017540526733e+11 -1.970909436969222412e+11 -7.618024686386712646e+11 3.448143250580526123e+11 2.538332759540392151e+11 1.017494332629752502e+11 -3.750594292042406616e+11 -4.784155134896136475e+11 -4.510230977755681152e+11 -2.039000847399477539e+11 -2.828818768843143311e+11 -5.653622313012800293e+11 7.613983075329051514e+11 -5.776167589989562988e+11 4.154737362225795288e+11 -3.178051273399264526e+11 -7.031344326439846191e+11 -4.003021134276378784e+11 -2.896239579824119873e+11 -1.976816559468829346e+11 -2.414180282867631836e+11 -3.553458106170761108e+11 -2.750688158920067749e+11 -3.197899892838581543e+11 4.790745173135829468e+11 1.675455550768099670e+11 1.034297216684692865e+21 1.357849537856932905e+20 5.836205299873424179e+19 -8.046954130107150336e+18 3.290499754520499814e+19 1.956586603595004314e+19 -3.683931628110781440e+18 2.700147117943101440e+19 2.037239944937388800e+18 -6.687001150645036800e+17 4.610368025165382144e+18 -3.651458656880150016e+18 1.190051394665516442e+19 -2.383676648102261248e+18 -1.721379339593648384e+18 2.814746418769125786e+19 -4.753955385243936640e+17 2.473049461875245056e+18 -5.851928966356797440e+17 9.485878962093684736e+18 -2.686214491580200960e+18 -4.060831484068667520e+17 -1.410089719820256256e+18 1.093221736598326477e+19 -3.086945747308909440e+17 3.280935467037025920e+17 1.313794659978559744e+18 2.648597808508202598e+19 -2.760859783965960704e+18 -1.184347606092811264e+18 7.575250448073114880e+17 4.142792906168279040e+17 -3.696038135777526272e+18 1.695914608031407872e+18 8.919498598240240640e+18 -2.452074418535499264e+18 -1.466780787935939584e+18 1.831991464967650880e+17 1.215198086725710234e+19 -5.338713091247032320e+17 -1.785551473957552384e+18 -1.243233511463604224e+18 -1.679333437101624064e+18 2.884587020967370752e+19 2.983554663280274560e+17 -1.800646984991664128e+18 -3.816992762691735040e+17 -7.603640875808601600e+17 2.699127977157687680e+17 -3.296310704798039040e+18 5.306010918807400448e+18 -1.835492067886455552e+18 3.142511280245862400e+17 5.275111554907403264e+18 -2.647213227740737536e+18 -2.072099197710432256e+18 9.439509868817436800e+16 -4.560654399092094720e+17 1.142935977237384397e+19 5.439960767583612800e+17 3.421081789757362560e+17 4.154985545806200960e+17 -2.585676786971525200e+16 -4.105525565832031360e+17 2.954341701649086874e+19 2.179138486725768960e+18 2.711208989337466000e+16 -3.766700680527296000e+17 -2.092658420490348480e+17 1.724692045053803200e+17 1.645683976886124032e+18 -1.912726505608703232e+18 -9.535588844586891200e+16 -1.108923610716631859e+19 -9.182909675119367680e+17 6.800544873464598400e+16 -7.845863301850141440e+17 1.045906648408968602e+19 1.103467122077339392e+18 -3.103262329800851840e+17 -3.526373329208499200e+17 -1.108564708031891712e+18 -3.207306091199086720e+17 1.208804088627055821e+19 8.674198778620099840e+17 -6.447511108099877120e+17 2.637172445158546240e+17 -4.547367750969209600e+17 -3.045357446391864960e+17 7.858245441092099840e+17 2.484566696566743450e+19 1.074262564422871840e+17 -2.176010094941584320e+17 5.770308636129196000e+16 -2.690952434081228160e+17 1.141553665200862240e+17 3.523570715975648000e+17 8.790242842091333120e+17
3.232417649903693750e+13 2.346735103217989844e+13 2.049846669130073828e+13 3.925742483350260254e+12 3.764645975386650879e+12 1.296306113636126709e+12 3.036965563377461426e+12 -4.345864622380205078e+11 1.851697215838040039e+12 -5.747748933428542480e+11 7.558395633331231689e+11 -1.275080140309096191e+12 1.159979640301888184e+12 1.740992667839672241e+11 2.169739939036297607e+11 8.933199080935385742e+11 -1.743276070938552856e+11 -2.214321622289598389e+11 -1.915753090488225708e+11 -6.394239587429493408e+11 8.526889720185995483e+10 -6.419369179429422607e+11 1.894936758038724060e+11 6.399002708008774414e+11 -1.888200564895872803e+11 -1.988622513413236694e+11 -1.034947034713100586e+11 -7.619264911368245850e+11 -3.311260790146287537e+10 -4.064940308689721069e+11 -1.362047379619627075e+11 -8.251451504614321899e+10 -2.805387934879503632e+10 1.173930209000702820e+11 -3.233324884443890762e+10 -1.808538339958493958e+11 -4.969980493128049316e+11 -2.519120990392276611e+11 3.126838253626710815e+11 -2.330712494441780090e+11 -1.038614393922239380e+11 -1.833712420880971680e+11 -4.420420991851799316e+11 -1.289603997942353249e+10 -1.351184901823190918e+11 3.160446762612573504e+08 2.864242590007074585e+11 -1.846010385143999329e+11 -4.346188386423483276e+11 -1.123336381287768860e+11 -1.877979008795572510e+11 -2.618538174659810486e+11 -2.213985860762021484e+11 -1.751125328342279053e+11 2.119581543129608154e+11 1.357849537856932905e+20 2.701024654556177367e+20 3.787338181633835008e+19 3.628245572565069824e+18 1.069139121548580454e+20 1.632907461796657562e+19 -1.386629745408018688e+18 1.369779398635216896e+19 -3.597350272878574080e+17 -2.640087853292548608e+18 6.005108143023749120e+17 -1.444188140821972800e+17 1.017314557153711514e+19 9.064114862269950720e+17 1.421134160523970816e+18 1.008712751170917171e+19 3.704103081163012000e+16 5.481046067622359680e+17 1.119939512290326656e+18 1.366788451058205696e+19 1.005029923237101773e+19 -1.691611672268580480e+17 2.678305969169401600e+17 9.462344857040662528e+18 3.136309420529036160e+17 4.801326997916403840e+17 9.919630398063184640e+17 9.629137658055481344e+18 1.283688370129314048e+18 -3.763216714005739520e+17 6.377769853868065280e+17 1.610618751135747072e+18 6.923381110341607424e+18 1.168885687938731008e+18 9.417662660080224256e+18 4.635695712552115200e+17 3.262034985063288320e+17 6.571772304200129280e+17 8.653144498758025216e+18 8.072938887608053760e+17 -7.398377250653752320e+17 2.960491369455102800e+16 7.380022213933047040e+17 9.206732282891368448e+18 7.726569540970487040e+17 -4.590752275771187840e+17 1.007986552225205600e+17 -1.584910531715998720e+17 3.768660219835159680e+17 7.387848630491324416e+18 1.089322675315610368e+18 -6.821261415724942080e+17 4.116341377573327360e+17 1.703730433021882880e+18 6.748787632785118720e+17 -4.157132539291767040e+17 3.715620172150424000e+16 3.956458479317947520e+17 9.738306863774595072e+18 5.994588559322590720e+17 4.516651716099626400e+16 3.652574164845223040e+17 4.033842551402237440e+17 2.209392663612922400e+16 1.003500767887402803e+19 5.924355015953231360e+17 -6.281274200531008000e+16 6.710212598271408640e+17 6.283476456293361920e+17 1.265230208839760160e+17 8.690554968000508800e+16 2.946648531547699200e+18 2.233971369295824000e+17 9.723181540917159680e+17 3.182564448287853440e+17 7.100845787516515840e+17 2.976237521869713920e+17 1.408353574773291827e+19 8.877487343526733000e+15 5.824018354353047040e+17 9.634584203988044000e+15 -2.436581156620348800e+17 -3.001382864080282240e+17 1.005221803812595712e+19 4.774880164009772800e+17 4.946313107907363200e+17 4.283446328137100800e+17 9.856704222974896000e+16 -5.700383088995565600e+16 4.523675970329742080e+17 8.226678804589235200e+18 -1.694873381620596480e+17 -2.709268751435476800e+17 1.014760783638271200e+17 -2.666906529963917188e+14 2.092917917525736320e+17 1.192901059578343200e+17 2.576119850583979840e+17
1.595071595165785156e+13 8.334111625278303711e+12 5.928286088336933594e+12 3.690369426832236328e+12 1.466508717343263916e+12 1.027794322007464966e+12 2.235683161340506592e+11 2.128939602974335098e+10 2.366663696802987976e+11 -9.959930695936103516e+11 5.176270165863426514e+11 4.598389946339299011e+10 7.750584126410289307e+11 4.528409276398842773e+11 2.278878800859810638e+10 -3.788560759544232788e+11 1.166461133687240295e+11 2.071018836669484558e+11 1.935470780571213531e+10 1.195479595783639832e+11 5.957419989016516685e+09 -2.374596649284931335e+11 2.340226290942824707e+11 -3.114010668707348022e+11 -4.504788323575357819e+10 5.288515772975050354e+10 1.520266647740116882e+11 -2.810283476957161255e+11 -1.265999759253625183e+11 -3.732272212674900818e+10 9.516918379727790833e+10 -3.118745248501826859e+10 -1.270880353511101837e+11 -2.305820067634655151e+11 -5.999422538697833252e+10 -2.730811745925462341e+11 -1.148538487519517975e+11 9.924215419028911591e+08 9.514187650994732666e+10 -1.333998759316260376e+11 -2.035678906048498535e+11 1.212913745756070709e+10 -1.641346442424092712e+11 1.197650294663864136e+10 3.536522175497647858e+10 4.446481998715044403e+10 8.479189044965768433e+10 6.918236904619924927e+10 -1.914126105366744690e+11 5.127431729700671387e+10 -1.199396821465951080e+11 -1.309768698082863617e+11 1.129338523850679169e+11 -3.181939142591425705e+10 8.551043744092117310e+10 5.836205299873424179e+19 3.787338181633835008e+19 8.488321150464158925e+19 1.157314284220793037e+19 -4.963834432999206912e+18 1.655730590938552525e+19 5.518311547039252480e+17 1.495325136195478323e+19 7.766208574205609600e+16 6.800668548339577600e+17 -5.071656803684714496e+18 8.089636389609450240e+17 7.117579740215513088e+18 3.707253239173928960e+17 -1.205334245936087808e+18 1.316501045216924467e+19 -4.527118909458680960e+17 1.306090784008476480e+17 5.006834571910273920e+17 3.646722265951891968e+18 -2.643785850939472384e+18 4.763748096938552960e+17 -3.546864925882247040e+17 5.798678740879742976e+18 -1.600777756348303040e+17 -1.350929214364241600e+17 1.529122938061397760e+17 1.195034578705036083e+19 -1.281797669651464480e+17 -1.870102994353936000e+17 1.042743092113274400e+17 7.144016638548459520e+17 1.622267282439480832e+18 4.525728559248269440e+17 8.225711694132518400e+17 -5.146300271989724000e+16 -1.302292962528649120e+17 6.662848330565492800e+16 5.567561815174687744e+18 1.169871168269706080e+17 -3.548276806513307520e+17 -2.005286641838030400e+17 1.754219967716144000e+17 1.273130713407268045e+19 1.500396866538104320e+17 -3.494921924824997760e+17 -4.879953285968446080e+17 -2.645324661694182080e+17 -3.119457903080555520e+17 -4.056163609041118720e+18 -1.841233512862978048e+18 -2.476906468291837440e+17 1.431147562771606880e+17 1.573522919786931456e+18 4.181242941518593600e+16 -7.946953854009804800e+16 5.069416594436828800e+16 7.280239666953865600e+16 4.650970042459240448e+18 2.697105007661154240e+17 -2.299212222875587840e+17 5.158913563337837600e+16 1.700142422275445120e+17 7.604600448580449600e+16 1.240986090844832973e+19 -8.512828962668982400e+16 1.355683669182643520e+17 3.840549984138229760e+17 -6.867059630924115200e+16 1.390222322994756200e+16 -5.978388899731317600e+16 -1.928731730542896128e+18 3.962514466075348480e+17 -1.414456180631611392e+18 -5.828008641785992000e+16 1.431823762099811680e+17 -2.233710288197201280e+17 2.009429913011552512e+18 4.804145452592991360e+17 1.196855853538910240e+17 -2.397550589736890400e+16 -2.323496410069624320e+17 -1.583258236138918720e+17 4.999385868011490304e+18 3.366228526382091520e+17 -9.218369880742731200e+16 1.760126056104774080e+17 -1.111855405159845600e+17 -1.499717096961626560e+17 2.868427322191904400e+16 1.144767785780161536e+19 -3.149553668680844800e+16 -7.410544353225795200e+16 -2.319097388244342720e+17 -2.101985501394360640e+17 -1.507962223059566720e+17 3.406785195103994000e+16 -2.078225135109293200e+16
-1.097242778331046289e+13 -3.817501944176939453e+12 6.356064319599106445e+12 5.554180627804785156e+12 2.497039642408529785e+12 3.590048960938886108e+11 -1.273598297906793213e+12 -3.471153596052152100e+11 -2.431282152602500305e+11 -3.005537362477015991e+11 1.553905635430902710e+11 1.121735621688983887e+12 2.374498379054137268e+11 -2.370308703943410339e+11 7.420099818984637451e+10 -4.905414099475640869e+11 -9.309844511949673462e+10 -5.489516479687103271e+11 9.269754773356155396e+10 1.358556036578298187e+11 -7.893376409031666565e+10 3.429981156632236938e+11 -2.529345325454084167e+11 -3.039277541164746094e+10 -2.967665616384898682e+11 -2.159384846494016113e+11 -4.344460712479251709e+11 -1.733418286334155884e+11 2.497397814863421249e+10 1.788555378212914429e+11 2.951344145135011673e+10 3.726758302038997803e+11 -1.554154322926176758e+11 -1.944377008532309875e+11 -3.304740979099322128e+10 -2.620111067505522537e+10 -1.558624188543170776e+11 -6.208766329615576935e+10 -2.855379506003436661e+10 1.096758169213478088e+11 -8.891498392933973694e+10 -9.446846667817185974e+10 4.333189774446054840e+10 -1.502345359016963196e+11 -1.287105818158285675e+11 -2.223535535560738754e+10 -1.550084693408255005e+11 3.422077735958841324e+10 -1.282865265124962311e+11 -1.695030052828704834e+11 -5.885577777375682068e+10 6.602772553733110046e+10 -5.836339023063516235e+10 2.423132644379522324e+10 -1.908037168503976822e+10 -8.046954130107150336e+18 3.628245572565069824e+18 1.157314284220793037e+19 8.708617412421137203e+19 -7.259560528915290112e+18 3.648742759910247936e+18 9.323837287700400128e+18 2.358724382083646464e+18 1.443691613857898496e+18 3.630199035977667200e+17 2.696881796782181376e+18 2.492535431172090880e+18 4.563785920095024000e+17 8.085920022543509760e+17 1.108501778123762080e+17 -5.022876502917997440e+17 6.383536275561550080e+17 -1.081449495092239744e+18 -5.316623166600003840e+17 -9.412684369083303936e+18 -2.602512410858653696e+18 1.639082663228111360e+17 -1.069032334142498240e+17 -1.924003072355144320e+17 7.991971471571979520e+17 -4.109708934884400800e+16 -3.792905958603956480e+17 -4.324977819493042400e+16 8.539757312965313280e+17 3.566877087828083200e+17 1.981178476272789440e+17 1.266994215808832640e+17 3.795685255715365888e+18 -3.478993011845297920e+17 -2.558173827467551744e+18 1.420854996729883136e+18 -4.055763510282708000e+16 -3.568279470049740800e+17 -2.912790750149327500e+14 5.788935617369612800e+17 2.305690824116091200e+17 -4.411973085750385600e+16 -4.046210613930248320e+17 3.872078556500931200e+17 7.226969753347950080e+17 -1.058535343327321280e+17 1.270723431016860800e+16 -3.498079988632138000e+16 -1.009297175886412000e+17 -3.370421072708969984e+18 3.866602842992317440e+18 -1.316742673597036000e+17 5.617748678992858880e+17 -1.423759008259227136e+18 5.773475433454589440e+17 -3.357922847293695360e+17 -1.559728295563717440e+17 -2.384220561449509440e+17 8.244943701565105920e+17 1.139500347671006720e+18 -1.135809012291192960e+17 -2.045181418349670720e+17 2.331283601775702800e+16 -1.782536722236512320e+17 4.237519534885653120e+17 1.330233422022884352e+18 1.184916180931117600e+17 -3.247101799281822720e+17 -3.361915207478805120e+17 -1.847562297075976640e+17 -2.808891496786905600e+17 -1.055013620214434944e+18 -2.020701034261603520e+17 2.351490193858079744e+18 -6.322144187087584000e+15 -1.241897509964709280e+17 4.398424026295387200e+16 6.462574858428218880e+17 1.009289282544769536e+18 4.779233190675343200e+16 6.861449022531184000e+16 -1.681699544246822080e+17 -5.545930234199811200e+16 -1.720014301111882560e+17 8.730226082328057600e+17 2.205485532906579200e+16 -7.765092219933120000e+16 -1.305709040381054240e+17 8.243081494092473600e+16 -1.892042294684943680e+17 -7.289031218716081920e+17 9.395520192331096320e+17 1.560566457359002880e+17 -1.278205418078501600e+17 -1.582843855838405760e+17 1.744257491267037000e+16 8.609658568320272000e+15 4.868780327435715200e+16
5.820778110237709375e+13 2.356971963500549609e+13 1.368876465926798438e+13 1.956671212079572266e+13 1.203989960308984961e+13 3.795073516062840332e+12 5.184186843664822388e+11 -2.659845003181737793e+12 -3.947877092753321289e+12 2.184703457871469727e+11 -3.080819144364185059e+12 -3.992529436843508301e+12 2.815008294057796631e+11 -1.867035080109776367e+12 -1.353685249661253662e+12 -6.130391308433931885e+11 -2.970241468056236816e+12 -6.709422706407264404e+11 9.201552892998698425e+10 1.344502803600186768e+12 8.191763117064871216e+10 -1.230033040590921387e+12 6.330953234390117188e+11 -1.740954547368907471e+12 -6.340512705544844971e+11 -8.021862375069932861e+11 -2.563478311051240234e+12 -3.414662032683861084e+11 -2.813906951321517334e+11 -2.885664696518226318e+11 -1.011548989371735840e+12 -1.635257668492010010e+12 -1.478710510924922852e+12 -7.557301234827822266e+11 -1.196729361650466309e+12 -1.345462873212286133e+12 -1.859289115996630859e+12 -9.217770382952282715e+11 -1.063169972410641968e+12 -1.170429710541616455e+12 -1.097821509686680908e+12 -1.146129162021973389e+12 -6.510484924445853271e+11 -8.944609214385926514e+11 -2.105821112749662781e+11 -8.569340378979234619e+11 -1.044443214926608643e+12 -1.310625471124039551e+12 -7.088777197926165771e+11 -6.733730691248535156e+11 -1.080936519357859619e+12 -5.620204217517982178e+11 -6.597565809919609375e+11 -6.163955362418813477e+11 -6.341973761140314941e+11 3.290499754520499814e+19 1.069139121548580454e+20 -4.963834432999206912e+18 -7.259560528915290112e+18 2.391178623067898249e+21 3.656335567275064934e+19 3.954754851851932672e+18 1.142056499946133914e+19 4.979153580662754304e+18 -3.878093432031061504e+18 3.813235926138618675e+19 -6.088944498993053440e+17 -4.687831356075322368e+18 6.929877764147333120e+18 2.035991910793774336e+18 -2.407682645805445632e+18 3.737223200616311296e+18 -9.100450544957199360e+17 -2.260889530972501248e+18 7.710394776703949210e+19 4.667964704839336755e+19 7.169547160551314432e+18 -2.993555971616837120e+18 3.202182057107488768e+18 1.097102124974269056e+18 -2.054224843185924352e+18 -1.936388427551319552e+18 -9.149630024285450240e+17 -1.517356017842395136e+18 -4.272275888644628992e+18 -9.272841694999906560e+17 1.764701152020815872e+18 2.257138148961187840e+19 -1.641807419681811456e+18 1.246042585301263770e+19 6.408836412794272000e+17 -8.656992650393304320e+17 8.399980298539265280e+17 9.159960686250917120e+17 1.621032056233098560e+17 6.060509568281084160e+17 -3.223156625918834560e+17 1.338331666945869056e+18 -1.221663652836103168e+18 -1.376765142842720960e+17 -9.760665003982028000e+15 3.563804015879864960e+17 4.964594538760517760e+17 -5.251438392528589440e+17 3.021829302034034688e+18 -1.837927678748289280e+18 5.060437551605279360e+17 -1.243866482107862000e+16 -7.231226246506701824e+18 -1.468679656099784320e+17 1.258683032816262144e+18 -9.830502867726993920e+17 -6.317389050432152320e+17 1.403071670712228000e+17 4.282875143528115200e+16 9.842351743562082560e+17 3.492343103536096640e+17 4.915329973676385920e+17 2.377224317995324160e+17 3.179285655553662080e+17 -6.682370758005123840e+17 -3.922199096977431680e+17 -8.310957478838954240e+17 -1.375461449570667520e+18 -1.800657222115837696e+18 -2.385611256645187200e+17 1.771389753138074829e+19 2.776923573175204352e+18 -3.438145939168750592e+18 7.030948326604718080e+17 -5.652194339757914880e+17 -2.385713042896064000e+17 -4.448335630453752832e+18 2.190181033139689472e+18 1.955683271441127936e+18 -1.192018898331643648e+18 1.535488738981974400e+17 -9.381437573102545920e+17 3.451790011158033920e+18 -2.407124263704335872e+18 2.817102940685359360e+17 -1.651212839732011520e+17 -7.476278811206785280e+17 -1.489879617035734528e+18 -6.984847750871543200e+16 2.252150725221535488e+18 -2.482658355736345600e+18 4.276533897777540000e+16 2.080294966181698816e+18 -1.248405079945408256e+18 -5.871127800137679360e+17 1.505401566408733440e+17 3.213650678383204480e+17
1.197621639764643555e+13 8.191061421897899414e+12 5.040092662984366211e+12 2.193535052042791504e+12 3.256122434113681641e+12 4.281472699017146606e+11 5.874439564280041504e+11 -5.212302525400487671e+11 1.371468228427224159e+10 2.517548930754585876e+11 2.599824388479960632e+11 -2.180825308284593201e+11 -8.754439865117474365e+10 -5.607112645985537109e+11 4.499454309287662506e+10 -2.166677323265568542e+11 -1.721744209653002930e+11 6.231579573892758179e+10 1.854053221475842285e+11 1.081038129191392059e+11 -2.842749712750897598e+10 -3.166591053919977417e+11 -8.656769278755528259e+10 -4.430196436096694946e+10 -1.481916500844019775e+11 -1.575667465223944092e+11 -1.947276520926790161e+11 -6.592210281132295990e+10 -1.388805889681900024e+11 -1.545984595465973816e+11 -2.307632281230450058e+10 -1.080861406783970795e+11 -2.123815234972081482e+08 -8.219726827194761658e+10 -9.271404795386868286e+10 -1.159710066394534149e+11 -1.816189791995329590e+11 -2.022102648381180954e+10 4.323760845684568787e+10 -2.114523604234898682e+11 -1.928212281663743591e+11 -1.154209312169464111e+11 -5.668232970752165985e+10 4.180240855650799561e+10 -1.566192264080251465e+11 -5.551615587365624237e+10 2.269866285803989029e+10 -7.579074683786737061e+10 -1.807265407423422852e+11 -2.270463212067401123e+10 -3.161093848206044769e+10 -1.172075817342724304e+11 -1.242138611309371185e+11 -2.328959085129508972e+10 -6.492307476627621460e+10 1.956586603595004314e+19 1.632907461796657562e+19 1.655730590938552525e+19 3.648742759910247936e+18 3.656335567275064934e+19 4.146286890544537600e+19 4.002487556289014784e+18 1.208112982277573222e+19 1.144871681147095808e+18 6.483695187712629000e+15 6.946528838473878528e+18 1.451659345694924288e+18 5.287576545669934080e+18 4.111750328911963520e+17 4.506821544712771200e+17 6.310550813084781568e+18 4.297723263837568800e+16 -1.446230279775277120e+17 -3.504011136062061440e+17 -8.697996040263772160e+17 3.371415415610331648e+18 -2.882302481711505600e+17 -5.593949913597457280e+17 3.815567882028563456e+18 8.974030518748777600e+16 -3.600853263716624800e+16 4.481246747975647200e+16 4.813336108127007744e+18 5.297926745295866240e+17 -6.473974822711682400e+16 6.326017006735731200e+16 -4.575672668182469000e+15 -5.167277910067297920e+17 -4.115096075318814720e+17 2.413644001758302720e+18 2.479671222982350080e+17 -1.913496924324810800e+16 2.299462317877997440e+17 3.048479331807031808e+18 -8.268961236355060800e+16 -5.399117308595448800e+16 7.122615947391710000e+15 1.290282536934264960e+17 4.932644903607674880e+18 2.958864470745634560e+17 2.454890456586111680e+17 -5.117035076668366400e+16 -1.561988571560505280e+17 -5.963749672133475840e+17 1.070567984694495232e+18 1.919686955946370304e+18 -1.056862190393684000e+17 1.938810394275449920e+17 1.067623235514638592e+18 -1.330015883095049280e+17 1.324200636825586240e+17 3.026223708786290400e+16 1.042505130533644000e+17 3.373735164453732864e+18 2.947498068620314240e+17 9.297488321694358400e+16 1.838405561938816960e+17 1.082110422052484800e+17 -1.972179153975322000e+16 4.471036010341005312e+18 2.512602414854707200e+17 9.752793681018710400e+16 2.167623258839527040e+17 -1.828969218406152000e+17 -1.114520849589136160e+17 -2.496531223589469120e+17 3.748651103673200640e+17 4.344366480481571840e+17 1.610478364484467712e+18 3.360036680379618560e+17 2.735512847061878080e+17 6.059514619474665600e+16 2.396450669216662528e+18 3.396546141240418560e+17 2.778166497541539200e+17 1.306842592967421000e+16 -1.660236844356428480e+17 -8.638247199216086400e+16 3.343474919988276736e+18 3.631150719040986400e+16 -1.003219156942769280e+17 1.482183805340274560e+17 1.165373747270759840e+17 -1.855540304212682240e+17 -1.112847378943684480e+17 4.412643566456020992e+18 -9.252675687263417600e+16 1.763966759822183360e+17 5.258737104183000000e+16 5.407884363597521600e+16 -1.829129139383180000e+16 -1.396875742552668800e+17 -3.768748270196628800e+16
2.005923434193014893e+12 8.466136330535588379e+11 4.967927212478368164e+12 4.980438610501235352e+12 3.363044780410207520e+12 7.515159724239631348e+11 1.074555651322319214e+12 -1.119848869722885437e+11 2.755014269979360352e+11 -2.667641851733690491e+11 -1.942476555505018005e+11 3.347285420893342896e+11 2.806149042479352417e+11 -3.843575729068240967e+11 -1.633496471132905884e+11 -1.739860170988060303e+11 -1.915379283905831604e+11 -2.003456331262166748e+11 3.299196538725741386e+09 2.408038140945845032e+10 1.174950905750013885e+11 3.111688180725434875e+10 -2.767259649689310455e+10 4.165782331960163116e+09 6.320188756807171631e+10 7.045106788660586357e+09 -9.588400493400128174e+10 -4.713527675675083160e+09 -7.782524300935072327e+10 2.969773144953966141e+10 2.453709953484086227e+10 -7.079033758316281319e+09 -6.912644039880773926e+10 -7.409140621408093262e+10 -6.813525380025263977e+10 3.017114522362850952e+10 -1.079045874320798035e+11 -1.526550508953158140e+09 3.811764317847186279e+10 -2.254158219015171814e+10 -1.204240942958325386e+09 -6.276110416951439857e+09 -2.390119120029479599e+10 -1.085561141238910065e+11 -8.775402449746589661e+10 -5.947515785989908600e+10 -3.515983261860431671e+10 -7.388450519982606506e+10 -4.363291967308592987e+10 -3.817592740885957336e+10 5.118547769038697052e+10 5.370429480371055603e+10 3.553038151872403717e+10 -3.047652274006404877e+10 -4.013697594123519135e+10 -3.683931628110781440e+18 -1.386629745408018688e+18 5.518311547039252480e+17 9.323837287700400128e+18 3.954754851851932672e+18 4.002487556289014784e+18 1.868376202124624691e+19 -3.658709352648614400e+16 3.146984878476808704e+18 4.315357872095117440e+17 3.809083297037678592e+18 3.490420900254733312e+18 2.775848191541448960e+17 1.184659044920596480e+18 -2.396189067337552400e+16 -2.019322542814869760e+18 6.078369293242781440e+17 -1.900270165455122560e+17 -3.523059253243905280e+17 -5.510297000272218112e+18 -4.499882163985776000e+17 4.121499292504057600e+17 2.814445268514480000e+17 -2.976576197367424000e+17 6.601268652628495360e+17 1.162736549353896640e+17 -1.768303953680748800e+17 -1.050426557001632512e+18 7.992801201019179520e+17 1.886334274484822080e+17 -1.621109772517588160e+17 -3.241353975688997760e+17 2.859538441145400000e+17 -9.918133362769648000e+16 -2.617664215989617664e+18 5.797637508076007680e+17 1.436871327451991200e+17 9.643376488703518750e+14 -4.492356232540206080e+17 5.729250226616065920e+17 2.846615175667555520e+17 -4.081927693642839200e+16 -4.598147976173691200e+16 -8.591344888735824640e+17 8.683478918463991040e+17 1.283857256782005280e+17 -3.997470620128777600e+16 -1.180587517662939200e+17 -2.593235617518175600e+16 1.432971358857327360e+18 1.892808016907911168e+18 2.540232777688881280e+17 1.229060140323641800e+16 2.053903536883467776e+18 6.641188509217611520e+17 2.392715579002900480e+17 2.793541205686968800e+16 -7.598274967702801600e+16 3.769886661185736320e+17 8.099614282134759680e+17 1.687277967213067520e+17 -4.351577710811699200e+16 -6.613424718993736800e+16 -5.894327206033088000e+16 -6.854503913366771200e+17 8.143269041523712000e+17 1.119778780684530240e+17 -1.801985368870526400e+16 -1.038727470897113280e+17 -4.240651922631966400e+16 1.577332829445087800e+16 -4.479502543941966080e+17 -1.626833335952221120e+17 -4.817014193742026880e+17 9.315412290045920000e+16 3.921917362545780000e+16 6.172973448716945600e+16 2.778852645977009280e+17 6.501972657987580160e+17 2.485417408866413760e+17 8.420258724603612000e+15 -7.391058175993844800e+16 -1.664692523650493000e+16 -4.165113101054272000e+17 6.463747771290508800e+17 3.791715273516285600e+16 6.664995478333753600e+16 -3.441462761056313600e+16 -4.460111554275140000e+16 -5.840130961727640000e+16 -5.098946500411581440e+17 6.931770301730206720e+17 1.260865183899945120e+17 -7.653908936231670400e+16 -9.665481901773268800e+16 -7.209225573458012800e+16 2.221509827510065000e+15 -1.980066362447554800e+16
1.345630746997923633e+13 1.209691527958421094e+13 3.588312725644228027e+12 -1.532221673077292786e+11 1.397664176697151611e+12 6.088910951475405273e+11 6.994514783894029541e+11 1.381272189967276306e+11 -1.531007418222532654e+10 6.211911898198001099e+10 8.322187789626226807e+11 2.302086658259681702e+11 1.827372813275113220e+11 2.529446763098486633e+11 1.000783228556846771e+11 6.123490611836197853e+09 2.241980461115185852e+11 2.757512115262232056e+11 3.809300033806812744e+11 1.321264738891845856e+11 6.541542520359212494e+10 3.345917029814392567e+09 4.961752819795519257e+10 7.705423004802949524e+10 3.854976357938598633e+10 1.475709246365453186e+11 -1.055595409642305946e+10 -1.343960295078296967e+11 -9.105929595401495361e+10 8.651860418678796387e+10 8.323155752966212463e+10 -3.819460446480950928e+10 6.451392159451471710e+10 -9.323367987853425598e+10 4.334152109186985016e+10 9.061911903839717865e+09 -1.005284046031659088e+11 -7.563070343581115723e+10 -9.326579075358064270e+10 -4.090152263683570099e+10 -8.616886216997550964e+10 8.279755101845407104e+10 -5.664168278271104431e+10 9.699826551795980835e+10 -2.066388549528335190e+10 1.089823217882466736e+11 1.345807754893369751e+11 4.376936319191302299e+09 1.086446796705695343e+11 1.366227654321062317e+11 -2.823369284382311249e+10 2.387060093405941010e+10 -1.482489746455439925e+08 5.310771791578179932e+10 -8.877651738166360855e+09 2.700147117943101440e+19 1.369779398635216896e+19 1.495325136195478323e+19 2.358724382083646464e+18 1.142056499946133914e+19 1.208112982277573222e+19 -3.658709352648614400e+16 3.508268798640943514e+19 2.197705106938776320e+18 8.373234955399897600e+17 7.256739732858508288e+18 9.709729699557707520e+17 7.555094798027671552e+18 -1.485969195263633280e+17 5.070236597954823040e+17 1.233248822147176038e+19 -4.259922681953416960e+17 1.799317628107227520e+17 -4.631872734652777600e+17 5.798973630029683200e+17 -3.302348978218806784e+18 -2.335882720020016000e+17 -2.258425942412006080e+17 4.381624649299009024e+18 -5.268430907786591360e+17 1.434806006573561760e+17 1.996404250007143680e+17 1.026165872315226931e+19 -4.015349267521030400e+17 -3.477014360584145280e+17 -2.777019042017130880e+17 2.982039193791096960e+17 1.039731482405546600e+16 1.170827754647741440e+18 -3.136272107111197440e+17 -2.981841477186485120e+17 2.181616112631179200e+17 -1.938068066069619200e+17 3.368968145914695168e+18 -5.799296694210417920e+17 -2.656919718260783040e+17 -7.516510017084715200e+16 1.513446975634129600e+17 1.038954885967251661e+19 -4.857764648878910720e+17 -1.881922232577789600e+16 2.248874231979417600e+16 2.675295479627596000e+16 2.043981576280365440e+17 6.922668433687025920e+17 -3.710084865261404160e+17 1.049407954455846720e+17 9.395795176133582400e+16 1.068870067859502080e+18 -3.177063981386174080e+17 2.023666527011732800e+16 -1.007440313494123600e+16 -1.956704793721407200e+16 3.961420381792852992e+18 -1.598668018016574400e+17 2.574088210230905600e+17 7.093580618264734400e+16 1.276562802563792480e+17 1.443927670061611200e+17 9.936311367350603776e+18 -3.619619217377254400e+17 1.024126194091820800e+17 2.742557595375819600e+16 1.057715805064988960e+17 6.279445801862716800e+16 -9.306293025890852800e+16 4.039377992219644800e+17 3.136453077482625920e+17 8.987152279269273600e+17 -4.538967115496608000e+16 3.603530539737732000e+16 -5.788750229488110000e+15 1.094994652622589952e+18 -6.108574526991844000e+16 2.084430642048778240e+17 1.108626734988062240e+17 1.186392797997672000e+17 -2.845799790664220400e+16 3.961771012394812416e+18 -2.788703608542108160e+17 2.387099449244908400e+16 8.931983931710516800e+16 9.642544625304617600e+16 1.269312323796921400e+16 2.872330620436152800e+16 9.811314375333580800e+18 -1.788769115137735680e+17 -1.157499541810431600e+16 1.046440537548272320e+17 7.046142893838346400e+16 2.321259904628207600e+16 1.145748073073571680e+17 8.734228166305121600e+16
4.510054736954707031e+12 2.509569727617568848e+12 1.941755236363860596e+12 2.636480867791375000e+12 1.220141104758009521e+12 2.160089877137759277e+12 1.087724436098318115e+12 1.093023814956753387e+11 -2.587524466817422485e+11 8.202632544977279663e+10 1.353722879332811890e+11 -2.944207880673726196e+11 -1.646571584710122375e+11 -3.803556492781059570e+11 -2.948871910411964722e+11 -3.259656022227039795e+11 -1.427429862806270752e+11 -2.205080363678250122e+11 -1.959416821216329346e+11 -1.017637959599627380e+11 -6.612734099081737518e+10 -8.320998258246101379e+10 -1.623532576181856079e+11 9.375577198331769705e+08 -3.234188809423684311e+10 7.801088639588174438e+10 -2.672816092981158447e+10 -8.691444360087431335e+10 -8.125857173410195923e+10 -1.394373458854316711e+10 -2.499214940728462982e+10 -5.418252675348412323e+10 -5.937996097431140900e+10 -6.311985746862627411e+10 -3.389348642278783417e+10 -6.556877750325070953e+10 -1.110520279252710876e+11 -9.854427391958641052e+10 -5.668524577837583160e+10 1.316274768526187134e+10 -4.762507919968128204e+09 -4.555309964442239380e+10 -6.425105764845520782e+10 -5.516877160521780396e+10 -6.528221227389214325e+10 -8.191994093938900757e+10 -1.033218339604604542e+08 -5.274220401107772064e+10 -3.252636712336685181e+10 -3.343701748445441437e+10 -1.240972821793042755e+10 5.047709039404557228e+09 -2.338633951392587280e+10 -1.408531204437764740e+10 -7.618982714179251099e+10 2.037239944937388800e+18 -3.597350272878574080e+17 7.766208574205609600e+16 1.443691613857898496e+18 4.979153580662754304e+18 1.144871681147095808e+18 3.146984878476808704e+18 2.197705106938776320e+18 1.131981057151029248e+19 2.306119943760465920e+18 -1.693625275366046464e+18 6.826096473478124800e+17 4.352336308249179520e+17 1.605879140261865216e+18 4.210718178579185280e+17 -3.820892066272231040e+17 3.739621019789430400e+17 -2.142175855862925200e+16 -4.020909731155493120e+17 2.103123655911205376e+18 -2.267209577840725504e+18 8.419897997406484480e+17 1.153757625129791040e+17 8.127264900718129920e+17 2.917900405744406400e+17 1.278604221141772960e+17 -5.352878401446690400e+16 -2.278779620133987840e+17 1.445221406707823680e+17 1.274854544488275680e+17 -3.446880834388542000e+15 2.644008608149893500e+15 -7.385323729015476480e+17 2.711601082118594560e+17 2.389552523985394176e+18 -2.036276580844105920e+17 2.991003726566798080e+17 1.073658449275338080e+17 -2.399247345466345920e+17 2.817059154581907520e+17 1.271946245041756640e+17 -4.393931617365262400e+16 -3.553687902072917600e+16 -2.278279875731087360e+17 2.373971673602588160e+17 1.841921330112274240e+17 -1.151099565852248000e+16 -3.550882704292840000e+16 -1.371005394762812960e+17 2.685757798330932800e+17 -4.541357010129860800e+16 1.416905961306268640e+17 1.443118022764930560e+17 1.709402793770079232e+18 1.877432684345590720e+17 2.296884779975130560e+17 9.361236784003971875e+13 -2.449578478015141600e+16 5.348336640618602240e+17 2.304443593798545280e+17 1.320331891222005280e+17 -2.107753608525348800e+16 -1.006209076011589280e+17 -1.113716640701997440e+17 -3.566170550345559040e+17 2.977520919653409920e+17 1.958603733834059520e+17 6.694789636637786400e+16 -1.297510691437510560e+17 -1.389197515086288200e+16 7.715094683877104000e+16 -4.470271227962783360e+17 -4.880971594691569600e+16 -5.628923773288336640e+17 -1.257865842499459040e+17 -6.154130669006965600e+16 5.790519911008537600e+16 1.379158569717456000e+17 1.910383607806507200e+17 1.999952880706999040e+17 -2.752963312860544000e+15 -3.989764312204018400e+16 -4.135909615948064800e+16 2.490829667579145600e+17 2.104038153901109120e+17 2.084388286190254400e+17 -5.109202259819323200e+16 -1.424931504120047200e+17 -2.481456465598805200e+16 -9.279773181334731200e+16 1.880036433340268800e+16 1.559050335554988480e+17 1.698768000248673600e+17 4.050312808710892800e+16 -4.670500363387251200e+16 4.715964180102792000e+16 -5.818384058972535200e+16 1.092806051044477760e+17
4.676446090990401367e+12 1.067000363523012207e+12 -2.410216781869260254e+12 -7.404326179470009766e+11 1.295167265608003906e+12 2.457148407929568848e+12 1.109917602756730225e+12 1.876759013319333191e+11 -2.012206037052751160e+10 -7.525976728957746887e+10 5.525638310936806641e+11 2.435975252812118835e+11 3.468876280907343140e+11 1.075062870348891449e+11 -9.348909586968391418e+10 1.265555954942590790e+11 8.611940747431581116e+10 5.820573239626271057e+10 5.076624870454607391e+10 -6.542577575470970154e+10 -2.181871520790739822e+10 -2.335620961967717648e+09 2.520471259676031494e+10 9.789499130278175354e+10 1.331076310159209595e+11 1.360664058051701050e+11 -1.968169507522925186e+10 -2.046337231326784515e+10 -6.206135423855043793e+10 3.594558010699948120e+10 -1.507509474844841194e+10 1.141963202539396820e+11 -3.954453655693240166e+09 -1.658206645998407288e+11 -6.675436580396955872e+10 -5.504879606784856415e+10 -4.507295073836446381e+10 8.520603986619479179e+09 -1.272310166972652130e+11 -7.600505954614355469e+10 -3.436656300701589203e+10 -2.985800272900739670e+10 -3.896983168642708588e+10 3.672115353989074707e+10 -1.100418937262639313e+11 -5.431171839525248718e+10 -7.961899242159445190e+10 4.520135131349650383e+09 -2.785442261114165878e+10 -6.707624684504572296e+10 -4.837853365519966888e+10 -1.327323357550744934e+11 -1.516241074277610779e+10 -7.624054641094706726e+10 2.447244348597269058e+10 -6.687001150645036800e+17 -2.640087853292548608e+18 6.800668548339577600e+17 3.630199035977667200e+17 -3.878093432031061504e+18 6.483695187712629000e+15 4.315357872095117440e+17 8.373234955399897600e+17 2.306119943760465920e+18 1.961896398266331136e+19 1.361838185001975552e+18 -1.494579370118835200e+18 2.102096678307251840e+17 3.449192531669990400e+17 1.618399675638262016e+18 -9.545410715144590400e+16 -3.807026276579963520e+17 8.952191829896247040e+17 7.146906337284912640e+17 -2.228668313939826944e+18 -3.415494526792651776e+18 6.713015087369986560e+17 4.897732595695068160e+17 -4.591989750108983680e+17 6.543734192859902400e+16 2.605083178613852480e+17 -1.112752595625320600e+16 -8.884116007155330560e+17 -1.713746150824359040e+17 2.178400693256781440e+17 -1.413151112160727680e+17 3.928561078585950080e+17 -1.801841392166986496e+18 1.735569567117814080e+17 -3.075000980064568320e+18 3.626061470493669120e+17 2.732916693321580800e+17 6.831037418114059000e+15 1.526869086350375680e+17 -1.289143195106718880e+17 3.521675171640282880e+17 1.732782910625179840e+17 2.359035145157908480e+17 -3.782193922297343200e+16 -1.359773358271091840e+17 4.606538562670110720e+17 -9.509636721316264000e+16 1.647977884692381440e+17 -2.506677497789512800e+16 2.680357921431065088e+18 1.274456690198318080e+17 3.186908659237535360e+17 -1.253542571957183040e+17 1.991382929171418240e+17 5.848343970083735200e+16 5.010886187981585920e+17 1.396705366693766880e+17 5.329214579449426400e+16 3.624227590608264320e+17 -2.970779964838529280e+17 2.573556729815961280e+17 7.299783929744945600e+16 -1.009675848215062800e+16 1.168882649083001600e+17 1.365135812158718720e+17 -1.172300157827841120e+17 3.012890791336497920e+17 1.091704455300180640e+17 -8.164986553285075200e+16 1.004849861763358240e+17 3.386053410737205200e+16 -9.264529756056040960e+17 9.139598845884972800e+16 6.279249189742170880e+17 5.948829217943239200e+16 3.568836086410537600e+16 -2.800455255109174000e+16 5.998492760098288640e+17 -8.748606725408176000e+16 7.861559913551014400e+16 -3.193986772683634000e+16 5.174610044585520000e+16 1.836980516471164400e+16 8.318683513788419200e+16 -2.535811821229838400e+17 2.920168599718333440e+17 -1.387761483258099000e+16 -2.962044829107377200e+16 5.211885333339683200e+16 -7.871060751084481600e+16 -5.392823050399844000e+16 -2.050491448891036160e+17 5.691717964570640800e+16 -6.705591394011575200e+16 -7.488602344274984000e+16 6.950999613960003200e+16 -6.081281590000486400e+16 4.108692321403204800e+16
4.256603822450327637e+12 -1.103914993714337891e+12 3.094981311214419556e+11 -7.010010553263212891e+11 5.585310620501488281e+12 2.194399544187308350e+12 7.479735855770250244e+11 1.684201345986106201e+12 1.571573496629585693e+12 1.976364612875568237e+11 1.877568701859250488e+11 -1.933320631348670166e+12 -1.570683411021938965e+12 -4.240627577621604004e+11 1.771262158932865967e+12 1.300282218261148926e+12 -2.826126264725471878e+10 4.843725352743037109e+11 3.038502472199893570e+10 -1.170877613460587158e+11 7.194134982836160889e+11 1.477325224966929932e+11 6.284500239737253418e+11 -5.694996644453328857e+11 1.795483765704425049e+11 -2.524042727246863708e+11 9.327128107956242371e+10 -6.523149403922500610e+10 -3.569161174172799683e+11 -1.288385778579925232e+11 3.165645483239927292e+09 -3.178581725548784180e+11 -7.529206448152059326e+11 4.133814088675275269e+11 3.494184528577055664e+11 7.398126283080242920e+11 -6.498779024874640465e+09 4.323166919200640869e+11 5.568623236630007324e+11 3.889753771125751953e+11 2.708627099575075073e+11 2.026914356335444946e+11 -1.456383055508241272e+11 3.513007616735778198e+11 9.556690418472944641e+10 1.043937906451260567e+10 -2.402691711662824097e+11 -4.279967460836373291e+11 -2.464648456424205627e+11 -1.803143931655001831e+10 -6.151888514086019135e+10 -1.455542879467858276e+11 -6.414053413175749969e+10 1.207775572075600433e+11 6.998979704841618347e+10 4.610368025165382144e+18 6.005108143023749120e+17 -5.071656803684714496e+18 2.696881796782181376e+18 3.813235926138618675e+19 6.946528838473878528e+18 3.809083297037678592e+18 7.256739732858508288e+18 -1.693625275366046464e+18 1.361838185001975552e+18 4.231534015680133202e+20 6.100155199577015296e+18 6.008801890674249728e+18 1.117440576527099648e+18 2.766372609367312384e+18 -1.118365548516516096e+18 1.284193353277264640e+18 4.251569689278711680e+17 -1.615183310482775680e+17 9.160674123278334976e+18 -3.125966114726948864e+18 -7.235221263940591360e+17 5.138888908474449280e+17 2.578134180291477504e+18 1.413634472714166880e+17 2.120357178213732160e+17 -3.837566531997822080e+17 -2.034939361135460480e+17 -1.466642585659467200e+17 -3.404388611894328320e+17 -3.381655084324048640e+17 -8.202767573361506560e+17 9.956300263711805440e+18 1.955119310910818240e+17 -5.130583973680276480e+18 6.153915177464586240e+17 6.160573944071389440e+17 6.203712153115417600e+16 2.282681860660035840e+18 -5.773550597227046400e+17 -5.317364089813390720e+17 5.123515109251148160e+17 1.291493892592412160e+17 -7.273910872668747520e+17 -1.056309495747508608e+18 8.662880797355964160e+17 4.708610637891937280e+17 -8.450018292805024000e+17 3.413961269673104640e+17 -4.090999598939364352e+18 3.820903348699826176e+18 -5.221090800414208000e+17 1.196259614816053920e+17 9.053434242440431616e+18 7.389049475014481920e+17 5.879563724885475840e+17 -2.716698032458296320e+17 -9.868636176107449600e+17 -4.931821804817704960e+17 9.493792709988622080e+17 1.186830533242358272e+18 -2.195832220366226560e+17 -8.562579224666182400e+17 -8.954553085986882560e+17 -1.443697946920088320e+18 1.237694645232315040e+17 5.314723005458081280e+17 2.348209583117064000e+17 -2.714003487543314400e+16 1.299050362573270560e+17 -5.542030985563032000e+15 1.615140854315640576e+18 -3.068873061075369600e+17 1.481004099250582016e+18 1.344582539709022208e+18 -3.015004505288430080e+17 -1.939972478763856640e+17 5.604654030966481920e+18 6.691481791948629760e+17 4.736916284138946560e+17 3.330894363795169280e+17 5.550909299773020160e+17 -2.583740282412351040e+17 1.362786643482965504e+18 -1.597498470397108800e+17 6.278027014667297280e+17 2.262561794197463360e+17 5.910069018411479040e+17 2.565058861568742000e+15 -3.935535374210413600e+16 -2.138352129868694528e+18 4.974195155640933120e+17 9.259791130872241920e+17 -1.058693530475034560e+17 9.880061545131068160e+17 2.555802249615925120e+17 3.559226334198116480e+17 -2.207312150232627520e+17
8.799627107353230469e+12 6.229005978356098633e+11 -1.676818604490380249e+11 5.839544675671907227e+12 3.201891600855846191e+12 -1.481716195093140564e+11 3.869236122227175903e+11 1.802373092608144531e+11 -2.692092770509525757e+11 1.432222409951478882e+11 -3.293649405673989868e+11 1.162574627782684937e+11 3.558742014340209961e+11 -2.886973761725183716e+11 1.507249359974614868e+11 -1.745256764340818024e+10 -1.002507194941028900e+11 -1.775291319173713074e+11 8.968274887913203430e+10 -2.402492506319617462e+10 8.861335358512947083e+10 4.119249987839015198e+10 2.213458503272954102e+11 -3.466943535829216003e+10 6.988313671333651733e+10 1.907026390581877136e+10 -6.052626702106012726e+10 6.504229612590026093e+10 1.446822148215078354e+10 6.297052062265496254e+09 1.293368339421242981e+11 -5.315344632704087067e+10 1.216191854579837227e+10 8.391026769216857910e+10 1.360665517814745331e+11 1.358441819782499237e+11 7.891782662166462708e+10 -2.983275290490869904e+10 6.715852122241981506e+10 3.463457145596541882e+09 4.289547585944067383e+10 7.623369587101187134e+10 6.906059935562139893e+10 -4.781797474360442162e+09 1.003771065360104942e+10 -5.681324319526964569e+10 -3.940285433892256165e+10 -4.549516062307730103e+10 -4.951679659494451904e+10 -5.755468017597524261e+10 3.692867715198413086e+10 9.976701760964143753e+09 -5.052753520617434692e+10 5.089244548219490051e+10 1.863454169863800049e+10 -3.651458656880150016e+18 -1.444188140821972800e+17 8.089636389609450240e+17 2.492535431172090880e+18 -6.088944498993053440e+17 1.451659345694924288e+18 3.490420900254733312e+18 9.709729699557707520e+17 6.826096473478124800e+17 -1.494579370118835200e+18 6.100155199577015296e+18 2.673910443412227686e+19 2.967581791265968640e+17 2.275566541461862144e+18 1.485280138179387520e+17 -2.709498941252979520e+17 8.395128914218049280e+17 -1.932275573033650750e+15 2.428405396410946880e+17 6.064003041345465344e+18 -5.222397295585024000e+18 5.849420836241544960e+17 -9.403665093741560000e+16 2.118948292551674560e+17 7.182050698958896640e+17 2.396158090473144000e+17 1.629818843926600960e+17 7.419535614618600000e+16 3.518276968771618560e+17 2.452757238675849600e+17 -1.213217954682647680e+17 4.113392436810317440e+17 1.975194715686027840e+17 -1.756553264801637440e+17 -2.885654966101339136e+18 9.580370156756555520e+17 9.056584598878665600e+16 7.586660339491087000e+15 6.539322472940048640e+17 4.388745056959444480e+17 -1.776213942728999600e+16 8.865723498549889600e+16 1.490871351075003520e+17 -2.405464498887023680e+17 8.117104767051193600e+17 1.093618491889545920e+17 -2.229415449632027520e+17 9.019629781696355200e+16 1.181319027206734880e+17 5.345521111910711680e+17 6.767199598992055040e+17 -3.363413360090389760e+17 8.343882824125832000e+16 2.765533018762519552e+18 7.180684249191407360e+17 1.078106895809989120e+17 9.870567690855838400e+16 1.867314035952649600e+17 6.612930526355418400e+16 7.017746648112880640e+17 6.389714643818869600e+16 -2.916399972453789600e+16 -1.962454918607771600e+16 1.333828964593893440e+17 8.153374539142813000e+15 6.242313179107052800e+17 7.274579207186947200e+16 -1.668586104240135040e+17 -1.837511694097396480e+17 -5.831704872286443200e+16 6.680206497551270400e+16 -4.881667031948028160e+17 -2.095869316299480640e+17 -3.530950745537231360e+17 -5.583631637985769600e+16 1.199592209155162880e+17 -3.121354505191677200e+16 -4.772511992580442000e+15 9.954136836330339840e+17 1.792490980078424000e+16 -9.271219412505851200e+16 4.737727958092126400e+16 1.972735185297845120e+17 -2.769654876491612800e+16 5.729842720933623040e+17 6.979630242624769600e+16 6.285924260374399000e+15 8.778320719581100000e+15 4.157293779860176000e+16 4.300712704257872000e+16 1.465275419404616320e+17 6.591107703611004160e+17 2.126883727117359360e+17 -4.411298109301785600e+16 1.324118659489075040e+17 3.735324796260332000e+16 5.894685822589636800e+16 -6.426684641735900000e+16
3.285481901990874512e+12 8.149699657531813477e+12 4.312081215783790527e+12 -7.684354172598576660e+11 1.010479360844091431e+12 1.375269281385332031e+12 1.078215683182951172e+12 5.134675919290695801e+11 9.352193996493258057e+11 2.949514618781159668e+11 -1.804560206390979614e+11 1.635304797240188599e+11 3.003375050927254028e+11 4.304138695465833130e+11 7.625828915783836365e+10 -3.087039885338421249e+10 -7.752824670934492493e+10 -6.301929473540188599e+10 1.860927272068256531e+11 2.646746329075724792e+11 1.869382216062082825e+11 -2.283030376951872253e+10 -8.179446990487968445e+10 1.781371009136054993e+10 4.173198887530296326e+10 2.818424623467702103e+10 -3.793568288116437531e+10 -7.272273863165644836e+10 -6.176844537927192688e+10 -1.156235421319470215e+11 1.837157416158369303e+09 -2.256925855762839127e+10 -9.039181401265687561e+10 -4.467809591931736755e+10 -1.196315357543790741e+11 -1.330977657867044525e+11 -9.373989780022634888e+10 -1.243171625052930260e+10 2.307163179301996231e+10 1.784568778063261795e+10 -5.523233055193653107e+10 1.422466226875861168e+10 -1.333235789911711884e+11 -9.601646791700137329e+10 -1.979010928266793442e+10 8.929643699963441849e+09 -1.159413509635702896e+10 -2.340711557384951782e+10 -7.390469348863529968e+10 5.045716401488315582e+10 -2.838732015702147293e+10 -1.023779669117738495e+11 -4.327684235193260193e+10 -5.562484497656369019e+10 -1.122167249906904449e+11 1.190051394665516442e+19 1.017314557153711514e+19 7.117579740215513088e+18 4.563785920095024000e+17 -4.687831356075322368e+18 5.287576545669934080e+18 2.775848191541448960e+17 7.555094798027671552e+18 4.352336308249179520e+17 2.102096678307251840e+17 6.008801890674249728e+18 2.967581791265968640e+17 1.808980830544119398e+19 6.840542619441277440e+17 6.513316100172504320e+17 6.790230314893561856e+18 5.306714527134917760e+17 2.539993857723674240e+17 -2.115332446745088960e+17 -1.931510745912843520e+18 4.157027674258627072e+18 3.639759629677105280e+17 5.450193395410297600e+17 3.441044535177933312e+18 -1.415201626641969760e+17 2.214132660840853120e+17 3.359660849440526720e+17 4.079893478098555904e+18 1.894705333068932160e+17 -2.557550498707231200e+16 1.259615579785969920e+17 -1.056049753527066400e+17 1.793561731285271040e+18 7.216229618235772160e+17 -1.227687779867841760e+17 -1.661614861147872640e+17 3.243192418559923840e+17 2.138733142897094080e+17 3.246558419943465472e+18 -4.156218682291763200e+17 -8.082276657205340800e+16 -4.529591569087393600e+16 -3.736257034352720000e+16 3.927838320038624256e+18 -3.386504955171189760e+17 1.990768452725218880e+17 1.519989721040811520e+17 4.579351490589671200e+16 6.010103787255634400e+16 4.917234732313324000e+15 -3.308295733201701120e+17 7.095802669992120000e+16 -7.417864797920240000e+16 2.359644199417821696e+18 -1.604548345753577600e+17 1.650270506948149120e+17 2.880800561180707840e+17 1.429391001754478880e+17 3.235272771346065408e+18 -1.962175504114602000e+16 2.537948250956106880e+17 2.279772387158146560e+17 4.690300258329008800e+16 -4.717988997073545600e+16 4.198243229327018496e+18 3.207146582851296800e+16 3.648503251744105600e+16 2.470666473130815360e+17 2.091569004944180400e+16 3.078328546629570000e+16 3.844818681854678400e+16 1.041149367851443800e+16 2.505506358575093120e+17 -2.137952324108771520e+17 1.739013932002921920e+17 1.194310737772558080e+17 -8.964621284501265600e+16 1.304105899708801792e+18 -2.853946119159053440e+17 2.136343219769502400e+17 1.151511161927921600e+17 -1.609707354604191000e+16 -1.461775573168377600e+16 3.070284906443881984e+18 -7.506427713238611200e+16 -1.607691578670809600e+16 7.259262749713766400e+16 5.043612663877906400e+16 5.969794832060044800e+16 -1.156352321429928800e+16 3.868691281685173760e+18 1.284371478569227400e+16 3.740880343024357600e+16 8.297184464446840000e+16 4.552133467964915200e+16 8.131771843605356800e+16 1.304448327800827200e+17 1.471350227731391680e+17
2.627000898424272461e+12 8.042379416299508057e+11 9.947508156782480469e+11 2.045474678513937256e+12 1.203394803021999512e+12 8.825846388078585205e+11 6.156380955176584473e+11 3.969691647310072021e+11 1.278612040192315674e+11 2.178529252794805298e+11 -1.457128083821611404e+10 6.932964707954835510e+10 1.720288063885094833e+10 -1.288950378137040138e+10 3.676426250635797119e+10 -2.141303545020689392e+10 -7.693677332284259033e+10 -4.839814759998175812e+10 1.719148808042366028e+10 6.024883965757866669e+10 7.629385521701571655e+10 7.614162970624833679e+10 2.004731869165410233e+10 2.299106041081151581e+10 1.093141349299177170e+09 4.025254511369412994e+10 6.206973048436242676e+10 1.198608550208420563e+10 1.953073356106737137e+10 3.822433589971742249e+10 6.116856510144367981e+10 9.538367439277742386e+09 4.350645070561154938e+10 5.210474562509727478e+10 6.423913544859045410e+10 3.044863521498544693e+10 1.122748450099720001e+10 2.199494679458842468e+10 3.498008945729886055e+09 -6.355575085090850830e+09 5.339180267930239868e+10 1.886256848900248718e+10 4.340577962353681946e+10 8.398167538742334366e+09 1.466072680697310638e+10 -7.616964938202936172e+09 -8.873185237725177765e+09 1.246564153653366661e+10 1.339998702779371452e+10 2.987379664294020462e+10 2.684478875601813507e+10 3.873765847736467743e+10 -1.514930696447482109e+10 2.157082180192832947e+10 -4.430919309955623627e+09 -2.383676648102261248e+18 9.064114862269950720e+17 3.707253239173928960e+17 8.085920022543509760e+17 6.929877764147333120e+18 4.111750328911963520e+17 1.184659044920596480e+18 -1.485969195263633280e+17 1.605879140261865216e+18 3.449192531669990400e+17 1.117440576527099648e+18 2.275566541461862144e+18 6.840542619441277440e+17 3.672325680541445632e+18 7.105514869060636160e+17 -1.425307443022133600e+17 1.068265943841902592e+18 2.803037147682250880e+17 1.811696330385357760e+17 7.633023662414512640e+17 1.398673607485071680e+17 9.280973130430458880e+17 1.835215214501694400e+17 1.283661809608980400e+16 3.736837368647102720e+17 1.787149506409971840e+17 4.985762383992528800e+16 -1.812173755985911040e+17 3.774039736071468800e+17 2.193296099033134400e+17 -5.626274309276714000e+15 -1.474935493345439040e+17 9.323869516575257600e+17 2.865989519373841600e+17 -2.835849392388201280e+17 4.389306185212106880e+17 9.484571092974440000e+16 8.251528144240058000e+15 -1.502269002970737600e+17 3.562489611717674240e+17 7.410738140769289600e+16 3.274945195964856400e+16 6.115357463572744800e+16 -4.603914888681885440e+17 2.823193439821346880e+17 9.250840260029707200e+16 -2.050184689275284400e+16 -1.517561752612220600e+16 1.080486792458405600e+16 2.642965492803000640e+17 2.887067631809039360e+17 1.258931173698252960e+17 1.579232486591850240e+17 4.143556315356587520e+17 2.448063834469640320e+17 7.051477650788050400e+16 1.150854990302948800e+17 2.627868849179063200e+16 -6.800187074005235200e+16 3.444502531506716800e+17 6.516228841537935200e+16 7.921020197862798400e+16 1.885108886114727200e+16 5.478638120037519200e+16 -3.472240547991370880e+17 2.816514408602174080e+17 6.602889626602206400e+16 5.590627342505954400e+16 1.863085612395811600e+16 6.030821882600107000e+15 3.078402458655180800e+16 -5.214590596118552960e+17 2.166875610818562800e+16 -4.721881478205502720e+17 2.405160718433460800e+17 4.154393919454338400e+16 5.442928477547205000e+15 9.290784330059344000e+16 2.462712158709191680e+17 1.209965389493556160e+17 3.781319760153730400e+16 2.800961014715858800e+16 -1.766662488291198600e+16 -3.586536085966555200e+16 2.676548003453898880e+17 1.109642114172956640e+17 2.999069277120685600e+16 -1.995999142237547600e+16 -1.571081414966203438e+14 -8.354040329295630000e+15 -3.079345318003328640e+17 2.613184031332443520e+17 8.720982684570209600e+16 -2.449459641475666800e+16 1.527861232620066000e+16 -3.585361739524321500e+15 1.252653056003253600e+16 5.756412532511135200e+16
3.616144188786072754e+12 4.269244547990034790e+11 -3.751856768710821533e+11 -6.076827031283629150e+11 1.251506485470302246e+12 1.423054587203564453e+12 9.988352233546306152e+11 6.953186451026140137e+11 1.943442458517797852e+11 2.390788899959099426e+11 2.955326739089542847e+11 2.541715957891221619e+11 -6.420434290539491272e+10 -9.715371336420756578e+08 2.216187067867935944e+10 4.668614058627558136e+10 1.161664029001936340e+11 -8.847254918252386475e+10 -1.559760199399063110e+09 6.829657117101429749e+10 6.851656595703108215e+10 4.029299976223255920e+10 3.728303797028042603e+10 4.381986231009470367e+10 7.677320238569929123e+09 3.508764006502394104e+10 1.654140889192002487e+10 3.932103953601213074e+10 5.435099205039301300e+10 -1.136231836512792778e+10 8.747819135484130859e+10 3.148835099721704006e+09 3.706923448573101044e+10 1.067208227389806557e+10 2.187643560407220459e+10 5.621468358547725677e+10 -5.034986854745012665e+10 1.604098618804711914e+10 -8.833071865516036987e+09 2.584777422832951736e+10 1.436549037658019304e+09 2.023454577106704712e+10 3.135687687158918762e+10 5.146323374884905243e+10 -2.574937162339664078e+10 -1.480360274041031456e+10 -9.673451816281484604e+09 1.049270485371603966e+09 1.502607823416743279e+10 2.659398470025421143e+10 2.390402108682154846e+10 1.793776336089388657e+10 -1.538537013847527695e+10 -3.199203762226448059e+09 1.650364407351830864e+10 -1.721379339593648384e+18 1.421134160523970816e+18 -1.205334245936087808e+18 1.108501778123762080e+17 2.035991910793774336e+18 4.506821544712771200e+17 -2.396189067337552400e+16 5.070236597954823040e+17 4.210718178579185280e+17 1.618399675638262016e+18 2.766372609367312384e+18 1.485280138179387520e+17 6.513316100172504320e+17 7.105514869060636160e+17 4.043759238563897856e+18 9.555854277327876800e+16 4.368389082646743040e+17 8.665075385690741760e+17 5.001440803876967680e+17 1.193800863119058176e+18 3.763340860748633600e+17 5.151924968797553920e+17 5.662176265003104640e+17 -1.905009426545200000e+17 2.899936522436765600e+16 3.451939572620606080e+17 4.109312633183326400e+16 -3.031230319588145920e+17 1.772873426614079680e+17 1.662004100038781440e+17 7.989171775544558400e+16 8.226312322030385600e+16 -4.010099845952146560e+17 3.856029203708440960e+17 1.602372794284825600e+17 1.870998546425871040e+17 2.805024666075895040e+17 1.223228036644034080e+17 -5.128557301838052800e+16 6.494328638175989600e+16 2.063707855405404800e+17 1.106874588499764000e+17 1.921631685367218240e+17 -1.830578153205885120e+17 1.236673709471579200e+17 1.927834759291096640e+17 1.979032087162835600e+16 8.169641981822424000e+16 9.245697474024316800e+16 1.344706804328989952e+18 6.022521569874772480e+17 2.451617613021711360e+17 5.886622063043488800e+16 5.797248438261749760e+17 1.954391153455364480e+17 1.916978006214176960e+17 5.447692926184219200e+16 -1.006564637315600000e+16 -6.826646847265797600e+16 4.110673962968929600e+16 1.877656249694864640e+17 8.145019514935296000e+16 3.067603486695925600e+16 3.389064814701338400e+16 -1.545907699605850560e+17 9.503785515008550000e+15 1.613654704217848640e+17 1.370071414262497800e+16 4.157790465375584000e+16 1.786915291083806600e+16 -5.309501807757166000e+15 1.638952510058366400e+17 1.517770671857959680e+17 6.031507524558608640e+17 1.684852905206637120e+17 5.168309335152791200e+16 -2.324141311009579600e+16 2.653915695494423360e+17 6.305225962298914400e+16 1.849237046764390080e+17 1.166098746830989600e+17 1.709839724601034800e+16 -3.792601056494710400e+16 1.079246786312031520e+17 6.572866625031714000e+15 1.742424993723628480e+17 4.445800383039538400e+16 1.946187805879322000e+16 2.445599231894434000e+16 -1.337171680815810400e+16 -3.053775783654540160e+17 -6.881571005830319000e+15 1.870445486810281600e+17 1.451010358294891200e+17 6.006257831169425000e+15 5.621694643011531000e+15 6.455198117785776800e+16 5.880178827641484000e+16
9.927712272426785156e+12 9.471187695159732422e+12 7.512773485199151611e+11 -4.061894797976476288e+10 1.081936841302001709e+12 -5.680909441210722656e+11 1.059215556306805420e+12 9.459325359521296387e+11 1.507470858031072388e+11 -1.912890083126312866e+11 2.641010070021398621e+11 2.059746707307227783e+11 4.297388868444240112e+11 2.312635391824049988e+11 -4.517899722625844574e+10 -1.987690100578381042e+11 -3.630817446446199036e+10 9.566913930010264587e+10 1.770481839188124695e+11 1.737053636134857559e+10 -1.275506187387976227e+11 -2.045197662648661194e+11 -1.516726078487536621e+11 -4.327819641312861633e+10 1.986073281245292053e+11 1.283821804044667816e+11 -2.067256756837999878e+11 -1.923146167026308594e+11 -3.646617172918014526e+10 -2.197096966159403229e+10 -1.163709876562721405e+11 -1.083524932094438477e+11 7.251718704418548584e+10 8.158742249396417236e+10 1.195053389459878922e+09 -4.104413207212419128e+10 -5.800258609933853912e+10 -1.032086866480150452e+11 -6.356379065304378510e+10 -6.226416466220008087e+10 -1.323588820856792450e+11 3.811656366547753906e+10 -3.351744551099208450e+10 8.423514220072940063e+10 4.434309673570496368e+10 5.507849621193674469e+10 1.990385818265044022e+10 7.309235429097291565e+10 7.336566431855755615e+10 1.119352855149827271e+11 5.498207852482656860e+10 -1.690668709888560534e+09 -5.061553020437194824e+10 -6.448911816600381470e+10 -6.548954831372789001e+10 2.814746418769125786e+19 1.008712751170917171e+19 1.316501045216924467e+19 -5.022876502917997440e+17 -2.407682645805445632e+18 6.310550813084781568e+18 -2.019322542814869760e+18 1.233248822147176038e+19 -3.820892066272231040e+17 -9.545410715144590400e+16 -1.118365548516516096e+18 -2.709498941252979520e+17 6.790230314893561856e+18 -1.425307443022133600e+17 9.555854277327876800e+16 2.145386399267168256e+19 8.474940126458728960e+17 3.136288856608931840e+17 1.352509766503966560e+17 4.937749918494923776e+18 -1.393926953085902080e+18 -2.152558276307733440e+17 -6.387945869464560000e+16 5.602874466830821376e+18 -1.754761769904412160e+17 1.319194658486566080e+17 1.142454481190552480e+17 1.040750831923331277e+19 -4.301448432622120960e+17 -3.219571005116496640e+17 1.687095061404872640e+17 2.438549037599416000e+17 1.712590962473106432e+18 6.691592307447139840e+17 -1.980434258626409216e+18 -2.796777511714843840e+17 1.247981238284763840e+17 1.912804777334647040e+17 4.029307100455834112e+18 -5.038907395026083840e+17 -1.477206160163171840e+17 1.833669194983557250e+15 3.304592039365580800e+16 1.052505682859068211e+19 -4.409976139318117760e+17 -5.210284508760845600e+16 1.128640724091627200e+17 -7.388807501775822400e+16 1.351174358143961120e+17 -1.251043666533429504e+18 -9.466414355037798400e+17 4.583165171308845600e+16 3.428798113566625500e+15 -1.098411491820098816e+18 -4.796581962607744640e+17 -8.862088006076848000e+16 1.374059672209496960e+17 1.065018006070229120e+17 3.962833398996498944e+18 -2.913000051399801600e+17 7.787960394356348800e+16 1.926015375940252800e+17 1.382377755834662800e+16 -1.137083216436621440e+17 9.725715437106130944e+18 -2.288407425206237760e+17 -5.335729003861636800e+16 2.108837703478976960e+17 9.938278513089698750e+14 -6.173530976216881600e+16 5.235865676271052000e+16 1.080508919407481088e+18 1.458368204704190080e+17 5.858964987822549760e+17 -1.527246231884791200e+16 5.517856133372828800e+16 -3.726227511188264800e+16 4.638549327464083200e+17 -1.741499354193299840e+17 1.224438055262902240e+17 1.704739698346013120e+17 -2.129230133772778400e+16 -3.189291566855024800e+16 3.852994052760153088e+18 -4.526801015346750080e+17 -1.636968625633185920e+17 4.583111997146488800e+16 3.108071188580044000e+16 3.098605221282855600e+16 2.301153687348321200e+16 9.510007297185167360e+18 -5.343931668784648960e+17 -1.411637663917873400e+16 1.029623868910631200e+17 -7.658530396263280000e+16 -3.068623363744730000e+16 1.511172072242102200e+16 2.513907091161110800e+16
2.861912185964392090e+12 2.496956817997173340e+12 2.058643978536414307e+12 1.951762117852639404e+12 5.396309498776108398e+11 3.740019543508445435e+11 6.271851814575440674e+11 8.606971063198309326e+11 3.783148460580501709e+11 5.167307792979920959e+10 -3.659033935128418732e+10 9.544403226234594345e+09 -2.053961797362246704e+10 -9.663419554336429596e+09 7.832702547869844055e+10 -7.846032356116363525e+10 2.207438535079632568e+10 3.118169217155626297e+10 5.594272150206166840e+10 7.610708111659264565e+09 -2.216220828693725204e+10 1.308228088121067238e+10 -4.683272392494313812e+10 -1.138921672976494408e+10 1.898438678073503113e+10 -6.195451344934320068e+10 -5.005395525880593109e+10 -2.315298369988333511e+10 -2.968283053195362854e+10 -2.176698532428244019e+10 -2.769706191434614182e+10 -4.753922862287600708e+10 5.443755033881075287e+10 3.128866157828684235e+10 -2.845934701887778282e+09 1.709764425518530083e+10 -2.387743624189724731e+10 -4.137718480315830231e+10 -1.202699156450561142e+10 2.044868903707769394e+10 -1.204031455942953873e+10 5.358506574189380646e+09 3.818219470953813171e+10 -3.913051464907466888e+10 -5.962800024939842987e+10 5.760606182948110580e+09 -2.023624540515329838e+09 -1.815464614342442322e+10 2.255684240648639297e+10 1.188572320817025375e+10 4.218026176973423767e+10 -2.761238640037769318e+09 -1.200665913067408562e+10 7.921793674545980453e+09 -3.178865778797326565e+09 -4.753955385243936640e+17 3.704103081163012000e+16 -4.527118909458680960e+17 6.383536275561550080e+17 3.737223200616311296e+18 4.297723263837568800e+16 6.078369293242781440e+17 -4.259922681953416960e+17 3.739621019789430400e+17 -3.807026276579963520e+17 1.284193353277264640e+18 8.395128914218049280e+17 5.306714527134917760e+17 1.068265943841902592e+18 4.368389082646743040e+17 8.474940126458728960e+17 4.804982597488151552e+18 5.909972408625576960e+17 7.217656321907052800e+17 2.110228682007979520e+18 -4.608032251191996800e+17 6.213363956797155840e+17 -1.353047816678100960e+17 5.043622196984331000e+15 7.829623735847559680e+17 2.319366488456544640e+17 1.878816025905765760e+17 -9.874388785391744000e+16 4.622988503104392960e+17 1.995351432996648000e+17 1.186145213577097600e+17 -6.045583319809514400e+16 9.106612218628885760e+17 7.871635053178411200e+16 9.984132292258334720e+17 3.839369488340078720e+17 1.004867938590807800e+16 1.851703382474895040e+17 -2.866756738326917600e+16 2.537927272783404480e+17 2.530436687404561000e+15 4.840698559530653600e+16 1.846584308422058400e+16 -1.949668396442413760e+17 3.182151136599022720e+17 -1.268885211777803040e+17 7.339406454738484800e+16 -2.011938895445775200e+16 7.375591829523176000e+16 3.819538191801015040e+17 4.391399360459075840e+17 -4.090635487822719200e+16 1.259729554858703680e+17 -5.108022877600162560e+17 1.949223858984752960e+17 -8.963804556197896000e+16 7.023706566952016800e+16 -1.684948702467522400e+16 1.737053629731033250e+15 3.213745701841128320e+17 2.115667127180192750e+15 1.049694898960896640e+17 -5.002289347867644800e+16 -3.916619497032096800e+16 -3.679174361672321920e+17 3.284857602153164160e+17 5.483956817943257500e+14 1.014872839670053200e+16 -2.539229015691298400e+16 -6.885029533915152000e+16 -4.945310943275131200e+16 2.704365269065964480e+17 5.370085602881239200e+16 -4.817288145641486720e+17 4.864773671072818000e+15 4.181666191225588800e+16 7.747074648928137000e+15 9.636954479434985600e+16 1.700231471712644160e+17 7.442777970132806400e+16 4.153788931833649600e+16 -1.775323014858360500e+15 -4.030862987312272800e+16 -2.445459622162386560e+17 3.266108368076492160e+17 8.134736398524702400e+16 6.675356952646637600e+16 2.096659711515317600e+16 -7.090750307993938750e+14 -2.302247479721743200e+16 -3.891236369799164160e+17 3.413498766717036160e+17 -2.053936741723893600e+16 7.009441148845236000e+16 1.244834714894385400e+16 -3.162316921605032400e+16 -2.546674550429638800e+16 -3.594923390397308800e+16
2.981012668233579590e+12 1.313059403957339844e+12 -2.042622699276114197e+11 -3.850726021967123413e+11 5.602558340509349365e+11 5.001084979800702515e+11 9.418374483542132568e+11 7.461293848467357178e+11 3.634356543332915649e+11 1.118425244763416443e+11 7.274624107009901428e+10 1.719071716934747219e+09 -1.860681417975131273e+09 1.169462365075895233e+11 -9.235145441971376419e+09 6.539633828012612343e+09 -8.807211911773384094e+09 2.322618710777966309e+10 -1.852072179209499359e+10 -6.580010666819198608e+10 1.261731327796849251e+10 2.269796726256634140e+10 2.631294766914457703e+10 1.754623114357752609e+10 3.559012194434107208e+10 -2.444523037860207367e+10 -2.578450051359840393e+09 5.737129916072496033e+10 8.034911811012954712e+09 4.481679553271699524e+10 3.111091851140998077e+10 1.826572512187321472e+10 2.362865077224831772e+10 -8.113020401985925674e+09 -7.610939885824466705e+09 -1.155722459505472374e+10 -8.798169027588356018e+09 2.609503613574011803e+09 -2.822148912469051743e+10 3.515621596388507080e+10 -1.560096532472985077e+10 -1.315492046534057999e+10 2.343873581808353806e+10 1.109550068224287605e+10 -8.292391877659849167e+09 -4.500742243123021698e+10 -1.739353156455610275e+10 -7.239115607878349304e+09 -1.836386732909390259e+10 2.517955586868835449e+10 1.605575089630186272e+10 1.346261969013586044e+10 8.658211480293164253e+08 1.961589772586031342e+10 -2.718831515169400406e+10 2.473049461875245056e+18 5.481046067622359680e+17 1.306090784008476480e+17 -1.081449495092239744e+18 -9.100450544957199360e+17 -1.446230279775277120e+17 -1.900270165455122560e+17 1.799317628107227520e+17 -2.142175855862925200e+16 8.952191829896247040e+17 4.251569689278711680e+17 -1.932275573033650750e+15 2.539993857723674240e+17 2.803037147682250880e+17 8.665075385690741760e+17 3.136288856608931840e+17 5.909972408625576960e+17 2.803603946331001344e+18 9.877710165625920000e+17 2.502971337078054912e+18 4.026499304801591200e+16 4.018136653468668160e+17 2.848593871374263040e+17 1.352152066325260000e+17 7.844283492732995200e+16 3.291766644048887680e+17 1.922753945816434880e+17 9.465808127153299200e+16 5.355115796883100800e+16 1.335759875783860000e+17 2.006299812235733760e+17 8.572953733873966400e+16 1.673999046439696000e+17 1.778282682055812800e+17 -1.098827228694017792e+18 2.179123582578049280e+17 1.298013874187194400e+17 2.090909705441697600e+17 2.058613093807920640e+17 -5.389948600892182400e+16 3.851014277476122400e+16 1.025516529600653280e+17 4.909055418372174400e+16 -1.122854671524662720e+17 -1.362337888427008320e+17 1.055340352983387360e+17 8.873022947466724800e+16 4.235722098648942400e+16 9.643284485850232000e+16 4.737697676808448640e+17 4.631635177996322560e+17 1.600999844762368000e+17 1.816854364826148480e+17 4.172406440721848000e+16 6.733151711629134000e+15 4.986876009724628800e+16 6.571499185372636800e+16 2.081984610568201200e+16 4.481253117498446875e+14 -2.558102452008226000e+15 1.240799270321335680e+17 1.038405096789485760e+17 1.668085489557167600e+16 2.832564880285946800e+16 1.071486745740249280e+17 -9.374062266898654400e+16 6.228923619642849600e+16 4.714118160356678400e+16 -2.681501761226979600e+16 1.377169803914102200e+16 -5.496876164864443000e+15 -4.981692874250196800e+16 1.798983619590956800e+17 1.294167248575842720e+17 -2.326325455762006400e+16 4.326069805817332000e+16 -2.770741047393986000e+16 2.659881759791679040e+17 -2.454882137401885600e+16 5.376271717203312000e+16 8.972793867813436800e+16 -7.005701275347050000e+15 -4.075870355556925600e+16 6.522756652662799200e+16 -1.763969282704633800e+16 6.357248117414477600e+16 6.724714174997232000e+16 -8.356832809326584000e+15 -6.490234367595275000e+15 -8.619116675810922000e+15 1.130796939039034080e+17 9.760348543538496000e+15 2.611833967851830400e+16 6.959559700434392000e+16 6.144858400882760000e+16 -1.989235687420464800e+16 -1.094602470502239600e+16 1.031660393255594600e+16
3.015065012598593750e+12 9.016653020093825684e+11 -5.679247874937805176e+11 -9.998285550717242432e+11 -4.881115565208080292e+10 7.286376442068284912e+11 1.008526326963770996e+12 1.509533310130724121e+12 4.737762133696529541e+11 2.661941838197836304e+11 4.937337422439168091e+11 3.629883490897507324e+11 1.489088900358447571e+11 -1.637074644425679207e+10 1.939813684487427368e+11 7.802251196651304626e+10 5.100084443063325500e+10 1.290218875876354065e+11 1.107396373469736633e+11 1.885610783488057327e+10 7.568881684894497681e+10 6.977299767977184296e+09 -2.883088255589019394e+10 2.534964388277407837e+10 1.354740402118899231e+11 1.493722425778614235e+10 -1.303224109700641632e+10 8.174807787875650024e+10 4.551550671132678223e+10 -5.442369519137841225e+09 3.831193114562533569e+10 1.096549124612378082e+11 3.315781241075050735e+10 5.119091865581344604e+10 -3.324381589405092621e+10 1.014783317472422791e+10 2.173026138966722870e+10 1.284388783888419533e+10 2.477841530564216614e+10 4.620005388290119934e+10 2.637946272940412140e+10 5.798121660660810089e+10 5.572408986519583893e+10 4.287159359346282196e+10 4.155399108014498138e+10 6.760775074302897644e+10 4.234831717830296326e+10 2.773942356036314774e+10 5.053106667272018433e+10 6.296284040949198914e+10 9.396912640415713501e+10 4.622953193117629242e+10 3.415178993847316360e+10 6.525958179158627319e+10 4.097396624920885468e+10 -5.851928966356797440e+17 1.119939512290326656e+18 5.006834571910273920e+17 -5.316623166600003840e+17 -2.260889530972501248e+18 -3.504011136062061440e+17 -3.523059253243905280e+17 -4.631872734652777600e+17 -4.020909731155493120e+17 7.146906337284912640e+17 -1.615183310482775680e+17 2.428405396410946880e+17 -2.115332446745088960e+17 1.811696330385357760e+17 5.001440803876967680e+17 1.352509766503966560e+17 7.217656321907052800e+17 9.877710165625920000e+17 6.477986809724384256e+18 1.758055782320818176e+18 1.411806484138594304e+18 4.269619080533778560e+17 1.529257175477646080e+17 3.061031785621796400e+16 2.071806267511883200e+17 1.164257350800729920e+17 5.394543576720464000e+17 3.377121552364856800e+16 -3.723677145927264000e+16 4.815942205629600000e+16 1.929040914713010240e+17 7.685242629630504000e+16 8.322158230514982400e+17 1.162720285456148960e+17 -2.128485130906594304e+18 2.283512473241312640e+17 2.049346648115615040e+17 3.981442636473941120e+17 -2.543565726820344320e+17 -7.047344240483609600e+16 1.239865892020312640e+17 1.615893273948991680e+17 7.374007976965136000e+16 -7.067824271871332000e+16 -1.376002945408656480e+17 1.897510840024676800e+17 2.332097157101723200e+17 1.234809802921351200e+17 1.797667402125040640e+17 2.980277586092351600e+16 -6.956919023541561600e+17 1.786634912444426880e+17 4.166018540551379840e+17 -3.882926709343715840e+17 1.218740980320840320e+17 7.362520763940032000e+16 1.581802384935732480e+17 8.494057190170873600e+16 -3.730340815354610560e+17 7.785627727190553600e+16 4.661630683753359200e+16 1.641457531474191680e+17 9.833058542485894400e+16 7.746286041981782400e+16 -1.357574108735747520e+17 -3.010733690251954800e+16 -4.811938767051256800e+16 1.283572681188031360e+17 4.031764873175105600e+16 6.979057210930338400e+16 4.690948312810059200e+16 3.138341080957096320e+17 2.845670111121523840e+17 6.020189707076302400e+16 1.627547498412675520e+17 1.901084224350460160e+17 6.464414110846791200e+16 -4.151390299041864960e+17 -7.172546408202096000e+16 7.790651022610366400e+16 1.226735072938230080e+17 5.162437302810612000e+16 6.800760844604032000e+16 -1.844886407689654720e+17 -6.072418001387872000e+16 4.662857803675870400e+16 1.440764427902195360e+17 5.862937965375967200e+16 1.421940669876268800e+16 -2.739747176203824000e+16 -3.906355137054688000e+17 -4.901391390465191200e+16 1.135348543400487520e+17 1.318630391139578240e+17 -1.752578139591160250e+15 -2.316247602604218000e+16 -2.194876535967729200e+16 6.898982998866378400e+16
1.302314982525460156e+13 1.406315243024619336e+13 -7.594536394870538330e+11 -2.379607821245348511e+11 5.715262392109543945e+12 -1.607018409020104004e+12 -7.392749799794566650e+11 1.435612398613812256e+12 2.693239976174185486e+11 -8.427189299349876709e+11 4.464719063965886841e+11 8.663703096215638428e+11 -1.279641677464968506e+12 7.838889514711523438e+11 -2.327979761152353516e+11 1.235420266819573975e+12 1.882124582485315430e+12 6.950246384255321045e+11 -1.493723905501017761e+11 -2.152689989261410828e+11 5.248246608253592529e+11 3.713833983740396118e+11 -3.607194692032376099e+11 -2.270834117491799622e+11 -5.239662807825585327e+11 2.479923582688688660e+10 -1.071476794131771484e+12 -1.916008903747486267e+11 5.868705326211399078e+09 9.914497122591479492e+10 4.009556169429785767e+11 -3.910140556608354492e+11 -1.714008855670614624e+11 -1.208726597651796875e+11 -3.469188188735491333e+11 -1.153474766517514801e+11 -4.000504357535136108e+11 -3.332506748400716553e+11 -2.215381228651772461e+11 1.508875804182410431e+10 4.197483544135898438e+11 -3.954664881092274170e+11 -2.804009600799473877e+11 -3.332340339318556213e+10 4.312812591758113098e+10 2.636235397688043213e+11 -2.560750443427660522e+11 -2.294669421013717651e+10 -1.274073735796484222e+11 2.285866622204606247e+10 -2.752224321858469772e+10 1.595757388552627258e+11 -2.067256245956950378e+11 -1.646239472875957947e+11 -1.561037461638730431e+10 9.485878962093684736e+18 1.366788451058205696e+19 3.646722265951891968e+18 -9.412684369083303936e+18 7.710394776703949210e+19 -8.697996040263772160e+17 -5.510297000272218112e+18 5.798973630029683200e+17 2.103123655911205376e+18 -2.228668313939826944e+18 9.160674123278334976e+18 6.064003041345465344e+18 -1.931510745912843520e+18 7.633023662414512640e+17 1.193800863119058176e+18 4.937749918494923776e+18 2.110228682007979520e+18 2.502971337078054912e+18 1.758055782320818176e+18 3.752935337570922660e+20 -6.091370039493709824e+18 4.319537929662178304e+18 -4.524064382148307200e+17 4.481168442786786304e+18 1.940186970496765440e+17 8.923387393437149440e+17 1.461684344393079360e+17 1.790892869966037248e+18 -1.940302201256471552e+18 -3.151569585276872960e+17 1.517990771932469248e+18 1.231284441209662720e+17 -2.873075101514467328e+18 -1.730948816122673664e+18 -1.111413592128881050e+19 -1.591750194391994800e+16 8.610578148240570880e+17 -1.841701227534183040e+17 2.237462750997068032e+18 7.891305599675970560e+17 2.404506435375464640e+17 1.841349930283301120e+17 -1.760041832747942080e+17 1.417590047083151104e+18 -6.662332777242840320e+17 3.191090067922142800e+16 1.377680773088635648e+18 -5.509700256268682880e+17 1.294327145435628800e+16 -3.952529283024075264e+18 -7.652053602489863680e+17 -2.467425135223648640e+17 1.153313761019638016e+18 -1.140913134479330688e+18 -8.850773035810582400e+16 -4.554549291954500480e+17 1.054269470319951520e+17 3.125854183492178560e+17 5.432913007899582720e+17 -1.081250406802583296e+18 -3.379259171355162880e+17 4.985931897042039680e+17 -2.289710397602196160e+17 -1.040045390931916960e+17 3.788961591208740480e+17 -1.424923807097286656e+18 1.869786922337145920e+17 6.200041944391317600e+16 -2.786521168594952640e+17 1.109311823327749760e+17 4.015756082179556480e+17 2.152622067795239680e+18 7.739390607504628800e+16 -2.135803273699872256e+18 1.756962180940116480e+17 1.088137669195075360e+17 -5.054782375272806400e+17 -6.567714573919948800e+18 4.418271462137389440e+17 1.340491023216532160e+17 2.812265841156627200e+17 -4.657429381801206400e+17 4.533971480091143680e+17 1.690821906222831872e+18 8.570016440579116800e+16 5.220419338407952000e+17 5.949437509257329920e+17 5.583286973389397000e+15 2.310570648209591680e+17 5.510967387133252480e+17 1.503743410879363840e+18 2.733093748437344640e+17 6.773402769919397600e+16 1.462736916013445120e+17 3.733713194526124800e+16 1.090553746797650880e+17 4.880014373643663360e+17 3.351772620340332800e+17
-2.877864626982023438e+13 -4.983994927662867188e+12 -1.570116514900402344e+12 -3.633734468963109375e+12 1.344118326537619385e+12 -6.767070980109276123e+11 1.102289461183851562e+12 -4.575356400326589203e+10 4.741582599143771362e+11 1.366585234524758453e+11 -1.767245807082017822e+11 6.800237822557606201e+11 -5.115512442977404785e+11 -8.870574587151408691e+11 -2.030746684297151489e+11 6.500734485013472900e+11 -3.009231014925546265e+11 5.150582360336798096e+11 2.943681657771730957e+11 -2.756311264745841064e+11 6.632321558937367249e+10 -4.699418687867997742e+10 -4.191319882364976807e+11 -1.721791676640292053e+11 -4.724154526857897339e+11 -2.998320786202379150e+11 -1.069900335248361969e+11 1.545479493591208496e+11 -8.632860131776529541e+11 -6.000591606000604248e+11 -4.054912319125120239e+11 -9.410714692799850464e+09 2.527988999422390137e+11 4.695055788104725342e+11 1.092000349094500427e+11 -3.400274909762280884e+11 -3.009828289213821411e+11 -2.140043111283733215e+11 -1.943758876265581665e+11 -2.996247807937684326e+11 -6.226569854810876465e+10 6.080184103419925690e+10 -2.346242951548067322e+11 -7.289357052572828674e+10 -1.442429535318788757e+11 -1.147551324210321808e+11 7.182780633901534081e+09 -1.720431974871381531e+11 -1.871456217306065063e+11 -1.333835739175946198e+11 -2.098617669898183289e+11 -1.793115866227065125e+11 -2.587852651333597412e+11 1.645850234364417458e+10 -1.501640180111173706e+11 -2.686214491580200960e+18 1.005029923237101773e+19 -2.643785850939472384e+18 -2.602512410858653696e+18 4.667964704839336755e+19 3.371415415610331648e+18 -4.499882163985776000e+17 -3.302348978218806784e+18 -2.267209577840725504e+18 -3.415494526792651776e+18 -3.125966114726948864e+18 -5.222397295585024000e+18 4.157027674258627072e+18 1.398673607485071680e+17 3.763340860748633600e+17 -1.393926953085902080e+18 -4.608032251191996800e+17 4.026499304801591200e+16 1.411806484138594304e+18 -6.091370039493709824e+18 2.042640899487040799e+20 3.193818221481438208e+18 6.153222061037687040e+17 4.890786426706594816e+18 9.453902048154613760e+17 -4.069392469294623360e+17 -5.635592464550983680e+17 -1.012978727642372608e+18 2.258269278501273088e+18 1.050576100260041600e+18 -7.107880509226399200e+16 -1.371455544961279232e+18 8.450257040339718144e+18 -3.654919829778737280e+17 4.681287950744292352e+18 -6.965546396673651200e+17 -2.724777647371432320e+17 -4.005876601690454400e+17 -3.565675862276675840e+17 4.625957067814501120e+17 -2.405920070471236160e+17 -5.050987566082792960e+17 7.610366692395835200e+16 -3.211958585776573440e+18 -6.823841191020838400e+17 3.850905393004234880e+17 3.063573298054097920e+17 2.485475659576197760e+17 4.243572495842426240e+17 -1.794468754149949696e+18 -2.132619023216939776e+18 -3.801224564437594240e+17 -9.791006100291052800e+16 2.711010017939170304e+18 8.092826015173269760e+17 -4.564118774773658240e+17 -5.221375486958145600e+16 -6.174479774709863200e+16 -1.158831522603888384e+18 -3.248085050519984640e+17 1.431411019285724000e+17 -6.652328327087667200e+16 -2.813030402320208000e+17 -5.912380362581534720e+17 -3.020254524275116544e+18 3.258251010149187200e+16 1.681724565266734080e+17 4.797319095541964160e+17 2.727678304855050880e+17 -3.547319928158586240e+17 -8.634284466278519040e+17 1.671845415917637760e+17 4.744687634078204160e+17 -1.209100279001749248e+18 7.506071142172784640e+17 1.204049850524881600e+17 -3.956485982123586560e+17 2.413464966258373120e+18 1.262967504846643360e+17 3.003531648742734720e+17 -8.422821188632532800e+16 -2.989442832074644800e+16 -2.643603592499354240e+17 -7.398277183968870400e+17 -4.259676627190407680e+17 1.228728682513952800e+17 3.858590235385123200e+16 -2.521875437271666240e+17 -7.176128929351192000e+16 -2.581620009467195520e+17 -2.587317310408832000e+18 -1.708324112389968320e+17 1.318568882858181920e+17 1.047170661104097280e+17 -7.523295568639456000e+16 4.046541620695973600e+16 1.848901038394816320e+17 1.421164984205165440e+17
1.127033097774407227e+12 1.173895550598788086e+12 1.060150569168944336e+12 1.364700883530196777e+12 1.232656378251582275e+12 6.720789856841169434e+11 9.159658219265557861e+11 4.204197396876008301e+11 4.250719561107133179e+11 4.387110092994931030e+11 -3.523133899107951164e+09 2.249922155987120056e+10 3.439881059445613098e+10 -8.761253078089324951e+10 3.735015673441996002e+10 -1.304207935916286163e+11 -1.775883459303980637e+10 5.769052818745099640e+10 6.242486501897009277e+10 5.589006976312411499e+10 8.539083595468984985e+10 -7.608597815729333496e+10 -4.631173867200843811e+10 1.231704502940831375e+10 1.656955131230723763e+10 -1.426320975311841202e+10 -3.408617196612725067e+10 2.672559615903683186e+09 1.204404128354256630e+09 1.437089347803449440e+10 1.823467362163329697e+10 4.595437550878532410e+10 7.861773004124896240e+10 5.342434607950438690e+10 8.597878442997143555e+10 7.952019073523327637e+10 5.228364158588059235e+10 5.753881395470087051e+09 2.540329058526938629e+10 3.347235595163703156e+10 -1.244781902946759224e+09 3.415490691919681549e+09 5.980942615424002075e+10 7.422698706714894104e+10 2.842809765890184784e+10 4.878694614995179749e+10 3.475134457146764374e+10 6.121814544805439758e+10 5.981786588694509888e+10 4.928122288299468994e+10 3.929514927380133820e+10 4.612001664725100708e+10 2.337558255890749359e+10 3.816353629069132996e+10 5.030648347678010559e+10 -4.060831484068667520e+17 -1.691611672268580480e+17 4.763748096938552960e+17 1.639082663228111360e+17 7.169547160551314432e+18 -2.882302481711505600e+17 4.121499292504057600e+17 -2.335882720020016000e+17 8.419897997406484480e+17 6.713015087369986560e+17 -7.235221263940591360e+17 5.849420836241544960e+17 3.639759629677105280e+17 9.280973130430458880e+17 5.151924968797553920e+17 -2.152558276307733440e+17 6.213363956797155840e+17 4.018136653468668160e+17 4.269619080533778560e+17 4.319537929662178304e+18 3.193818221481438208e+18 5.852482763889658880e+18 1.046644748290510848e+18 3.981333741053844480e+17 6.038596734419809280e+17 3.142121790001661440e+17 3.210947555871841280e+17 -6.735081024959548800e+16 2.520679078457709760e+17 3.695445611126037760e+17 2.233288949700046080e+17 1.395122843090643200e+17 2.482938086418929152e+18 5.453227309932128000e+17 -3.106795257222422400e+17 3.302816591759107200e+17 2.402842484829468480e+17 2.059766341872692480e+17 1.929117837930482560e+17 1.738729496225348160e+17 2.349440207890486080e+17 9.971922013848612800e+16 1.184405742839434240e+17 -5.437140662735816320e+17 1.626332078148095040e+17 2.480135534967197440e+17 4.182325990086849600e+16 3.417050743633314400e+16 1.131595287705479000e+16 6.968008305997611520e+17 4.357788069194604160e+17 4.459910412058589600e+16 1.462532349902759040e+17 7.568869828026333440e+17 2.298987396919819200e+17 1.471642433081298880e+17 1.448457482323720960e+17 1.104250023919465120e+17 -2.294649951701997120e+17 4.290990894973980800e+16 1.655664887157760960e+17 2.857489886183870800e+16 3.964340541217149000e+15 -1.519471838311869000e+16 -3.054004410616924800e+17 9.978220041319425600e+16 4.454432993865295500e+15 5.780498466621194400e+16 1.130611143346963800e+16 7.302176189626780800e+16 -5.543723923055988800e+16 1.056766787398626250e+15 7.051950490353275200e+16 -1.650313999920800320e+17 2.004570043806097280e+17 1.675682811807475840e+17 9.904059462209112000e+16 -2.004474630609134720e+17 -7.611702730975066000e+15 9.770728903134073600e+16 3.720950345495673600e+16 4.339193893592863200e+16 5.296427245206477600e+16 1.392793206282575400e+16 1.214897873793312480e+17 1.220792345569912960e+17 5.254048932613928800e+16 1.191512378552662000e+16 1.721579855885065000e+16 -4.061687453619024800e+16 -3.327730097032768640e+17 4.096329437701016800e+16 1.494917521651583040e+17 6.664480328994290400e+16 2.299834517228576000e+15 -3.012317547493492000e+16 7.583685193182071250e+14 -7.946211015135712000e+16
-1.934047079087971924e+12 -7.388498409782962646e+11 -8.195417505814639893e+11 -4.025052068298566284e+11 9.659336137981654053e+11 1.626476368128152100e+12 1.041359199034645142e+12 2.332465480603417587e+10 4.096335388329280396e+11 4.069587256299963379e+11 2.613171977453613586e+11 1.658348979332438354e+11 1.235362412714801331e+11 -4.162823328142066002e+09 -2.693499980316852951e+10 5.603014993421566772e+10 1.690625647678896904e+10 8.252088068925233459e+10 6.372744265941630554e+10 6.325976289367024994e+10 6.414626104147843361e+09 2.945263076417300797e+10 4.343422120214728546e+10 3.308540263932682514e+09 6.080865553081907654e+10 5.851636614557997131e+10 4.301051026795993805e+10 3.480385985333091736e+10 4.046906655750906372e+10 1.083511418155017090e+10 3.845204420320613384e+08 1.103189711580742836e+10 3.145600643392975616e+10 2.721194156339787292e+10 2.128844726763675308e+10 -9.315913195180223465e+09 1.987662159896419525e+10 -5.164120736326664734e+10 -2.891618157023582077e+10 3.041701713508810806e+10 1.755349824050425291e+09 -3.497474436605873108e+10 9.283917651049243927e+09 3.352007212475627899e+10 -2.602153427058377838e+10 8.394109621038163185e+09 1.283224851431281853e+10 3.398028520203427505e+10 2.138183901803444290e+10 1.525867670758378220e+10 3.210812443365692139e+10 7.991884078783164024e+09 7.950974165293603897e+09 -2.810552683147737885e+10 -4.219787133342950439e+10 -1.410089719820256256e+18 2.678305969169401600e+17 -3.546864925882247040e+17 -1.069032334142498240e+17 -2.993555971616837120e+18 -5.593949913597457280e+17 2.814445268514480000e+17 -2.258425942412006080e+17 1.153757625129791040e+17 4.897732595695068160e+17 5.138888908474449280e+17 -9.403665093741560000e+16 5.450193395410297600e+17 1.835215214501694400e+17 5.662176265003104640e+17 -6.387945869464560000e+16 -1.353047816678100960e+17 2.848593871374263040e+17 1.529257175477646080e+17 -4.524064382148307200e+17 6.153222061037687040e+17 1.046644748290510848e+18 3.629750443888768512e+18 -3.306935936117559680e+17 5.162287515691765600e+16 5.505075077957683200e+17 1.282087070811029760e+17 -1.569049113020978560e+17 7.560359571498019200e+16 2.529919240494107200e+17 5.176338391001884000e+16 8.999512080932716800e+16 -1.227625792814792320e+17 8.502835733555251200e+17 -1.534780588876624896e+18 7.512050745306385600e+16 3.444028894295929600e+17 1.809431940559436800e+17 -1.763723192405891520e+17 4.116648290493458400e+16 1.781767715206564160e+17 -3.813390725788757600e+16 7.699923615717398400e+16 -2.342205231335003520e+17 -3.653395096609366400e+16 2.025493505797601600e+17 5.885762095211467200e+16 5.626408042098403200e+16 2.291346964895212800e+16 4.581501260446468480e+17 -2.807448971358762560e+17 2.559173603178077440e+17 8.541396955304361600e+16 1.986248558665248320e+17 1.702971659265178240e+17 3.127922477780509440e+17 1.085871621979451840e+17 -1.881386939040289250e+15 -2.136505036590651520e+17 1.026842189554518400e+16 2.268400822286040640e+17 -1.272232291402348800e+16 2.019160713195776000e+16 7.511134661509977000e+15 -2.788670355110255360e+17 -2.926185745211770800e+16 1.354820787826668800e+17 -3.092407650267730000e+16 7.083048958808797600e+16 6.105988652266636000e+16 -1.019438633382013920e+17 -5.287410602583447680e+17 5.229341638732842400e+16 4.795891873564736000e+15 2.630447082668247040e+17 1.009068271576438080e+17 4.823849585714656800e+16 7.446353870860579200e+16 -1.379753596439838800e+16 1.360540435920487040e+17 2.167914348476882000e+16 4.523034089759196000e+16 4.882074615604098400e+16 -2.136686616103584800e+16 -4.837916672300989600e+16 1.874654507959244800e+17 -3.819065453596241600e+16 7.080838489192374400e+16 2.567470434351090800e+16 -2.625783993005449600e+16 -3.239253904600743680e+17 -1.218479158284797440e+17 7.689833341463772800e+16 -1.777676401629265800e+16 1.350827397385053000e+15 -8.820842958819601000e+15 1.462368165652628711e+13 1.809580209803706000e+16
2.614386808510685547e+12 6.176953742021916992e+12 3.938721653495834961e+12 8.184074217726664543e+09 6.597666987662496338e+11 -7.233365853807293701e+11 -4.724613842788092804e+10 2.391897801311640625e+11 6.664330303341157227e+11 1.268290691010564270e+11 -1.617462634211837769e+11 8.934722724438452148e+10 -3.268769361535642700e+11 -1.723096937305643921e+11 -2.493267861279620361e+11 -1.883871060205321960e+11 -3.539352621730670776e+11 -1.916912989413530884e+11 -1.317884668106294098e+11 -2.071895465351859131e+11 -7.426980734907135010e+10 -1.004694973605514679e+11 -3.292085875436478806e+10 -5.234979090237335205e+10 1.946126815164472580e+10 -2.378298208036597443e+10 -3.830796942681018829e+10 6.081480253344359398e+09 -1.043345448570420990e+11 -1.205898532339884186e+11 -7.724927026191769409e+10 -2.611589327595636368e+10 8.492756866739630699e+08 6.543208327685864258e+10 -2.478003458490164566e+10 -3.951999833467537689e+10 -7.285516198777331543e+10 -5.846235173848856354e+10 -5.140159041938174438e+10 -1.175348130465798035e+11 -1.237016381592207184e+11 -5.527191071684751892e+10 -7.865803334780224609e+10 -8.507602011794604492e+10 -8.243372622828506470e+10 -1.171727175704252243e+10 -1.900312853438332748e+10 2.756995585690782166e+10 4.346249096426144600e+09 4.018494300173034191e+09 -3.088052931650171757e+09 -2.847490879627295685e+10 -4.947586276911100769e+10 -1.834052462764462662e+10 -4.175305570810458374e+10 1.093221736598326477e+19 9.462344857040662528e+18 5.798678740879742976e+18 -1.924003072355144320e+17 3.202182057107488768e+18 3.815567882028563456e+18 -2.976576197367424000e+17 4.381624649299009024e+18 8.127264900718129920e+17 -4.591989750108983680e+17 2.578134180291477504e+18 2.118948292551674560e+17 3.441044535177933312e+18 1.283661809608980400e+16 -1.905009426545200000e+17 5.602874466830821376e+18 5.043622196984331000e+15 1.352152066325260000e+17 3.061031785621796400e+16 4.481168442786786304e+18 4.890786426706594816e+18 3.981333741053844480e+17 -3.306935936117559680e+17 1.043523256486445670e+19 3.997051886976775040e+17 -1.155978535567250200e+16 6.523009792753217600e+16 5.080347568899567616e+18 1.119518486641572480e+17 1.250731059267606720e+17 1.432236326901527040e+17 2.844627587785362400e+16 1.368357739651589632e+18 -7.412577638634505600e+16 4.577803586980795392e+18 -6.965184295629119200e+16 1.505377917956743400e+16 -1.269479952965399200e+16 3.182433278496450048e+18 -1.757592708583498240e+17 1.035971177822686240e+17 7.005135323814768000e+16 -1.834849466886236250e+15 4.105132496484549632e+18 -2.641677559672316160e+17 -6.232545967026044000e+16 -4.499009366669612800e+16 -1.397907003975649600e+17 -2.045101732154768960e+17 -3.761116690585324000e+16 5.525252312283946880e+17 -2.312990467061672000e+15 -1.093289139273717120e+17 1.637884482204691456e+18 -1.218576457430291360e+17 -4.583858625794148800e+16 4.842541672237340800e+16 2.645769513675116800e+16 3.140413467825762816e+18 -9.008409409779644800e+16 2.126959639559547600e+16 9.215220462689604000e+15 1.979807924972751600e+16 -1.791173619849524480e+17 3.572396895933388288e+18 4.919449496187484000e+16 -1.850551391963912320e+17 -5.536449104009372800e+16 -1.143792981587726080e+17 -1.617919604648404800e+17 4.232302780066343500e+15 8.746077290538064000e+16 -8.832776246584955200e+16 3.299621984220126400e+16 -1.337655624054937440e+17 3.258735290537254400e+16 -1.394448354349931000e+16 2.824078520318534656e+18 6.754650618153110000e+15 -3.199752723582658800e+16 -5.172366882000601000e+15 -4.332135643076292800e+16 3.050655026869855600e+16 3.031054837183794176e+18 -3.121235607534153200e+16 -7.810901575763044800e+16 1.952110062329531600e+16 -4.200431043231128000e+16 -3.159197031453939000e+15 -1.586275039265740800e+16 3.733978944643913216e+18 4.851778433157252000e+16 -2.881062293099128000e+16 -2.572858451766372000e+16 8.569879090608673600e+16 -1.114374635569712000e+16 1.138018108166504400e+16 6.559448076272062400e+16
-4.151227384331861572e+11 4.636554135002158203e+11 1.402517821001786377e+12 2.030164706480661621e+12 7.154639344284483643e+11 1.035022599229367828e+11 3.306305571994759521e+11 3.276848962017322388e+11 1.827066072839688110e+11 2.125672791343962708e+11 5.340508764659992981e+10 1.213227211929065857e+11 2.831610311650424194e+10 -1.330222335076253319e+10 5.033035829414942932e+10 -7.634886614961029053e+10 -1.330907463605799866e+10 4.248316136460829163e+10 8.825481731479504395e+10 1.326209943980655289e+10 -4.996875986475305939e+10 -7.244736897074523926e+09 1.184366131374857712e+10 -5.755378851707430840e+09 3.295259657588020706e+10 -1.450856059244976807e+10 -3.224047741738454437e+10 3.194775254671349335e+10 -1.234133974003520203e+10 3.294780573379243088e+10 2.247477460802358246e+10 5.719084116870922089e+09 2.203048522043527985e+10 4.227071058680325985e+09 2.485683833383026886e+10 2.900594066426467133e+10 2.785458100876711273e+10 -2.597107090166007042e+09 -1.316582287674586177e+08 -3.076372810746837997e+10 1.468256100698725510e+10 8.523211840108819962e+09 2.786590613478006363e+10 -7.686594077422984123e+09 -2.612750211745355225e+10 -1.332546441493808746e+10 1.702869847633865547e+10 1.846689873074730682e+10 -1.417753274949364424e+09 4.349746956262465477e+09 3.384232395307234955e+10 5.412286192406970978e+10 3.593747564021012878e+10 2.385344609358339310e+10 -9.180906562486314774e+09 -3.086945747308909440e+17 3.136309420529036160e+17 -1.600777756348303040e+17 7.991971471571979520e+17 1.097102124974269056e+18 8.974030518748777600e+16 6.601268652628495360e+17 -5.268430907786591360e+17 2.917900405744406400e+17 6.543734192859902400e+16 1.413634472714166880e+17 7.182050698958896640e+17 -1.415201626641969760e+17 3.736837368647102720e+17 2.899936522436765600e+16 -1.754761769904412160e+17 7.829623735847559680e+17 7.844283492732995200e+16 2.071806267511883200e+17 1.940186970496765440e+17 9.453902048154613760e+17 6.038596734419809280e+17 5.162287515691765600e+16 3.997051886976775040e+17 1.880067974421958912e+18 2.033326376554860480e+17 3.126235849520136000e+16 1.515773674806654400e+16 5.840624859083559680e+17 1.357833046390941440e+17 1.065821593696243840e+17 5.514031942793259200e+16 7.297020148710581760e+17 1.273833944204573280e+17 4.566961754118472960e+17 4.993869746420337920e+17 1.523542634904169600e+17 4.482765108795718000e+15 -6.459295950033077600e+16 3.796878427500753280e+17 6.970650734164528800e+16 4.310129162403133600e+16 7.943971926416268800e+16 -4.354765808336874240e+17 2.545867030269277760e+17 -1.903554868536103200e+16 3.042351704581171600e+16 8.591038003559624000e+15 -5.229551122166624800e+16 5.780038605454856960e+17 1.817658097915285760e+17 7.713981709776235200e+16 5.474055456908236800e+16 1.497270663745921920e+17 2.836702405158499520e+17 1.931077778783002000e+16 5.426809104307023200e+16 4.486155149428019200e+16 -1.379499708854592320e+17 2.722310998110550400e+17 5.031017770197032800e+16 8.696065524927837000e+15 3.545156637011516800e+16 2.073363200318323600e+16 -2.739314246803508480e+17 2.964446216791424000e+17 2.407838619860714800e+16 4.565145697467116800e+16 -1.912579185098811500e+15 1.495442090794712750e+15 -3.734335813475198000e+15 1.252873382759586080e+17 1.271258188709761000e+15 -1.186459375452514200e+16 2.807044643418232000e+16 1.348670934550728800e+16 5.527120851057364800e+16 2.315318152542060800e+17 2.093617909679790080e+17 6.357049088124120800e+16 2.918369480365892800e+16 2.304888571826278400e+16 -9.171479406331444000e+15 -9.370405319804985600e+16 2.335644107174254400e+17 2.285956293512912000e+16 7.359271215123307000e+15 2.158933881376345600e+16 2.329172001008610400e+16 5.887845097300801000e+15 -2.576413876090174720e+17 2.581056662275588160e+17 4.134881662182028800e+16 6.933770228752000000e+16 5.079947378536703200e+16 1.247368067888169600e+16 -1.384274353259954800e+16 -2.789774422189199600e+16
5.607664893626826477e+10 -2.798566835251126709e+11 -2.456214901123005371e+11 -1.231231243803720856e+11 5.604412857671618652e+11 9.236464556192022705e+11 7.377501706537684326e+11 3.388601273116886597e+11 1.581607129405025330e+11 8.365541390703051758e+10 1.074975732114030457e+11 5.009303217280684662e+10 5.250673359656217957e+10 3.261823995147373199e+10 6.420022823200356293e+10 7.387144042932032776e+10 -1.303562075321451950e+10 4.751786041253820801e+10 4.474669157770975494e+10 -3.492374225834643364e+09 -1.436475999063864899e+10 9.450461886034528732e+09 1.607173706791341400e+10 2.409044478394489670e+10 -1.576933364762899637e+09 1.377886203576531649e+09 2.982353986819146347e+10 2.334309310909053802e+10 -6.314248408643328667e+09 -4.841555618027310371e+09 1.767978129100302887e+10 -1.260684772222871971e+10 1.061311539973606491e+10 4.908792177073609161e+10 2.092821295708466339e+10 1.054396381443114090e+10 2.723883933055623245e+10 8.792785051475461960e+09 2.179659801109145355e+10 1.931168434557822800e+10 2.243558843992775726e+10 2.470118256398244858e+10 1.170699479843491936e+10 -4.989393273234268188e+09 -5.303725691472015381e+09 -1.120771419936061859e+10 -2.232850620324223518e+09 1.554538573554578781e+10 1.501545134950514555e+09 3.849418249826007485e+08 1.194931552177195930e+10 1.132523827657260132e+10 1.570305719622811890e+10 1.431235228786543274e+10 3.827835480014169693e+09 3.280935467037025920e+17 4.801326997916403840e+17 -1.350929214364241600e+17 -4.109708934884400800e+16 -2.054224843185924352e+18 -3.600853263716624800e+16 1.162736549353896640e+17 1.434806006573561760e+17 1.278604221141772960e+17 2.605083178613852480e+17 2.120357178213732160e+17 2.396158090473144000e+17 2.214132660840853120e+17 1.787149506409971840e+17 3.451939572620606080e+17 1.319194658486566080e+17 2.319366488456544640e+17 3.291766644048887680e+17 1.164257350800729920e+17 8.923387393437149440e+17 -4.069392469294623360e+17 3.142121790001661440e+17 5.505075077957683200e+17 -1.155978535567250200e+16 2.033326376554860480e+17 1.097263338810771840e+18 2.774362778615064960e+17 -2.518325387682456000e+15 1.147438352521195040e+17 2.959120939520236800e+17 7.925300974826620800e+16 6.820296091875765600e+16 5.381838496303413760e+17 2.748007004719756800e+17 -4.665540272727648640e+17 1.869931560626131200e+17 2.653263188893421760e+17 1.695072132497325440e+17 3.381597040374461000e+15 5.708682279117726400e+16 1.281191126589890560e+17 6.876259054805234400e+16 2.923875921530522400e+16 -3.040139634534856960e+17 2.377632649981192400e+16 1.236774791251143680e+17 3.633651135045319200e+16 8.619772439915521000e+15 -1.779519617615991800e+16 9.034072034773260800e+16 -8.966147748464257600e+16 1.693892007952218560e+17 1.194426750511042400e+17 1.988256098332015680e+17 7.617008295489120000e+16 1.294490451219823200e+17 1.017086297250607360e+17 2.542923988928650000e+16 -6.963751668664969600e+16 4.479008821723768800e+16 1.227370658753874240e+17 3.346240116547624800e+16 8.799752986620175000e+15 9.041065188082904000e+15 -2.036464767734768800e+16 4.096614886993538400e+16 9.007336584186356800e+16 4.631400836163914400e+16 3.114320656704690000e+16 2.132282885624289600e+16 -2.884138171086288500e+15 1.425079285509600800e+17 1.090810577377177760e+17 1.315223845984447040e+17 1.739952369761945920e+17 7.441069276912612800e+16 3.970009010735093600e+16 -8.338167854815585600e+16 6.577739135465540000e+15 1.021476619258465920e+17 6.484713699179135200e+16 1.305384965080188800e+16 -1.097682796595854000e+16 -1.559000484579378000e+16 2.679832327653206800e+16 8.448950974954896000e+16 3.345106036134184000e+16 3.532846810572730000e+16 2.070828425586656000e+16 8.522703122123825000e+15 -2.353892693858408320e+17 -2.075198055821128400e+16 7.232499784809152000e+16 4.000927489091522400e+16 3.312731824125880400e+16 1.786535361464528600e+16 -1.389231526503610200e+16 -2.821722438413446800e+16
1.600767893852712646e+12 1.146878880990697998e+12 7.817655107864321289e+11 -4.142781124006019897e+11 -2.490654408764346619e+11 1.057398710186180878e+11 2.865665182308922729e+11 6.309823856202489014e+11 4.934105838906088257e+11 2.407207454703572388e+11 9.908208053656782532e+10 4.390898023480716705e+10 1.988838538529785156e+10 1.273300243675346069e+11 -4.965266735769243622e+10 5.820422555371144295e+09 -4.116066328296838379e+10 7.439245599562174988e+10 2.658531217375610352e+10 4.984612973415149689e+09 -1.907003947365144730e+10 -4.354082547890702820e+10 -5.380807720933889771e+10 -3.528452259060291290e+10 -3.102057783177259445e+10 -3.441673245659010315e+10 1.040092030647392654e+10 -3.279553093717831802e+10 -4.880569219738481140e+10 -1.498508345742064095e+10 8.418773994164844513e+09 -2.843485818816917801e+10 -6.426302167888042450e+09 1.000199762545109177e+10 -1.146421248745545197e+10 -2.052138200921612024e+09 3.110303768489180374e+10 -6.963954435512679100e+09 -8.558987402156631470e+09 9.566512138000921249e+09 -1.031715946383347893e+10 -6.643265707656524658e+09 -3.696680114852189636e+10 9.764459407336262465e+08 -1.863275036689484024e+10 -1.182857700908745384e+10 1.689812527767425537e+09 7.928927498279376984e+09 -3.573982229362255096e+10 -1.576609379027840233e+10 -3.278444246335212708e+10 -2.205456308211890793e+10 -3.279672444652408123e+09 -5.781366262198390961e+09 -1.822351517221137619e+10 1.313794659978559744e+18 9.919630398063184640e+17 1.529122938061397760e+17 -3.792905958603956480e+17 -1.936388427551319552e+18 4.481246747975647200e+16 -1.768303953680748800e+17 1.996404250007143680e+17 -5.352878401446690400e+16 -1.112752595625320600e+16 -3.837566531997822080e+17 1.629818843926600960e+17 3.359660849440526720e+17 4.985762383992528800e+16 4.109312633183326400e+16 1.142454481190552480e+17 1.878816025905765760e+17 1.922753945816434880e+17 5.394543576720464000e+17 1.461684344393079360e+17 -5.635592464550983680e+17 3.210947555871841280e+17 1.282087070811029760e+17 6.523009792753217600e+16 3.126235849520136000e+16 2.774362778615064960e+17 1.423292768140188928e+18 -6.908238798870573600e+16 3.093873850932928000e+15 1.082611041440208000e+17 3.862559520564122880e+17 2.635238135167017280e+17 8.383764101314617600e+17 2.055453558695778880e+17 2.574789099708600640e+17 4.846595844461312800e+16 1.245613585741970560e+17 2.691724907954395840e+17 -1.346173909021721600e+16 -5.035474033579861600e+16 8.793960641460476800e+16 1.422237808037383520e+17 8.309202073429464000e+16 -2.429804247142929600e+16 9.892394474884720000e+16 4.161693551466701600e+16 8.323340011170892800e+16 7.566871008069112000e+16 1.244886303002876000e+17 -7.795332583573448000e+16 5.584138005560224000e+17 1.353551235249251040e+17 1.671025044127239680e+17 2.948817132094074240e+17 -3.735639681987891200e+16 5.576477533603884800e+16 8.778658660929659200e+16 6.391300740297488800e+16 -4.919860542655116800e+16 4.204507250591650400e+16 1.111550842103033125e+15 8.028341696488169600e+16 2.469444092844783600e+16 9.123963443418866000e+15 -9.404059498681297600e+16 4.980247119114824800e+16 -1.416839793589209200e+16 6.319831152756951200e+16 5.770863033606267200e+16 -8.191854603617810000e+14 9.731544605939248000e+15 1.723885207549446080e+17 2.637516612872695680e+17 -3.449919436869520640e+17 6.496041749330901600e+16 1.239894040464503840e+17 6.739903161280736800e+16 2.101235225085590400e+17 -1.173023814299160960e+17 1.794329199456658800e+16 6.140316882441895200e+16 2.677966151240728800e+16 3.204951581262352800e+16 7.026041876140984000e+16 -3.885667941643916000e+15 -1.447637759964503800e+16 7.320760734259587200e+16 4.197881003537928800e+16 1.349317215892171400e+16 2.342832658751735200e+16 -1.375911910071975520e+17 -3.001316797815854000e+16 -6.541162447851852000e+15 5.293919127290160000e+16 1.442741671010846750e+15 -3.342049755794394400e+16 -3.715983877270145600e+16 -5.149345738480825000e+15
1.048087949512657227e+13 8.488166389361176758e+12 2.199254743723013184e+12 6.777801732116395264e+11 3.185180728162091064e+11 -8.193459830107337646e+11 -2.382833327389480209e+10 1.738856375563564758e+11 1.415709521719331055e+11 2.506119749277828064e+11 7.131142042351259766e+11 2.599594135123413391e+11 1.923228589796718140e+11 1.261179185809859314e+11 -8.650696325171118164e+10 -2.543152487634942627e+11 -1.455321750345654907e+11 2.052609981149414062e+10 -3.119599374454663086e+10 -1.133641521487986145e+11 -1.696838446475525513e+11 -1.805158504678150940e+10 -1.875472138979315281e+09 -1.084743047004262085e+11 8.466240470654685974e+10 4.152261792349011230e+10 -2.082711317942531128e+11 -1.020638860333433075e+11 -1.535597468512051392e+11 -8.028994097170884705e+10 -8.827556882019970703e+10 -4.047010220693370056e+10 8.792462844665987015e+09 1.129434197684292412e+10 -1.749306659782013321e+10 -1.059450063839292297e+11 -7.458725205077200317e+10 -7.412500991834860229e+10 -1.752048156328926086e+10 -9.204704331523974609e+10 -1.190718458282467499e+11 2.473244842182589722e+10 -2.713009618047536469e+10 6.320154370666938019e+10 -6.384833595213659668e+10 9.342713693527238846e+09 -1.393699915391525841e+10 -2.018390446813216019e+10 5.295715388144443512e+10 1.034147144412289124e+11 -3.305652582582934499e+08 -3.683099938129708099e+10 -4.797669621816115570e+10 -2.085717756467361832e+10 -1.639265625142872238e+10 2.648597808508202598e+19 9.629137658055481344e+18 1.195034578705036083e+19 -4.324977819493042400e+16 -9.149630024285450240e+17 4.813336108127007744e+18 -1.050426557001632512e+18 1.026165872315226931e+19 -2.278779620133987840e+17 -8.884116007155330560e+17 -2.034939361135460480e+17 7.419535614618600000e+16 4.079893478098555904e+18 -1.812173755985911040e+17 -3.031230319588145920e+17 1.040750831923331277e+19 -9.874388785391744000e+16 9.465808127153299200e+16 3.377121552364856800e+16 1.790892869966037248e+18 -1.012978727642372608e+18 -6.735081024959548800e+16 -1.569049113020978560e+17 5.080347568899567616e+18 1.515773674806654400e+16 -2.518325387682456000e+15 -6.908238798870573600e+16 1.502451797298373222e+19 1.620662512384457280e+17 8.278303782592307200e+16 1.455048550962194200e+16 3.586420789545344640e+17 1.069960288065813376e+18 4.211032899563369600e+17 6.553394407912132000e+16 -3.474232012981706880e+17 3.960183582269832800e+16 1.663344100609252600e+16 5.060924819139088384e+18 -1.274482524150656480e+17 -1.051980822053188000e+17 -5.885761361932026000e+15 1.215716034046319520e+17 9.524487526935185408e+18 -2.967331318466083200e+17 -1.494451604701499520e+17 2.327405609798604400e+16 -8.246271868732609600e+16 -2.598553946205542400e+16 1.079576437820473984e+18 -7.833632985230044160e+17 -3.739110316584228000e+16 -5.575371771541344800e+16 2.295282803064099200e+17 -2.101562140660457600e+17 -2.666922159003674400e+16 -4.961911855697688000e+16 7.172845737233601600e+16 3.711463167021212160e+18 -2.291162712804044160e+17 1.097960960614124400e+16 1.034891959969332320e+17 1.136765014234075200e+17 -2.426825601508122400e+16 9.067443816313106432e+18 -1.475959396734275520e+17 -1.573927218029162880e+17 -4.182497393184072000e+16 1.135269054085336960e+17 -1.147316567950666200e+16 -9.252306010257956800e+16 -5.222978893438297600e+17 2.388930373092439360e+17 2.475753108607339520e+17 8.217015819485065600e+16 4.477347594503816800e+16 -4.684567980348733000e+15 5.987538253429112320e+17 -3.213585661070040320e+17 5.354458796825894400e+16 3.251937721978699600e+16 7.776263330648937600e+16 -5.782707203019080000e+15 3.727785419431768576e+18 -3.233000375001492480e+17 -1.607907079083824320e+17 3.134285218209792800e+16 1.855943943984159200e+16 1.807192293027251200e+16 1.656542411478874800e+16 8.738281851845490688e+18 -1.962495138877357440e+17 -1.274923415261441920e+17 5.024460313188315200e+16 5.456463051203741600e+16 -4.944163926826375200e+16 7.262731015145840000e+16 -5.810521733427651200e+16
7.766168337967780762e+11 9.849093871800433350e+10 1.910346813507603516e+12 1.360590124767900879e+12 6.822043941916564941e+11 1.432546816462408447e+11 1.157788308889847717e+11 -1.146256013316887817e+11 4.628557088445191650e+11 5.104838813181110840e+11 2.685704560678772888e+11 1.559279118780761108e+11 -9.113687875131500244e+10 5.162891113997618103e+10 -6.498042080556314468e+09 8.057254156877168274e+10 -1.592918930009302711e+10 3.662597393191875458e+10 1.268550870632796478e+11 8.538044962467576599e+10 -2.487350701305314255e+10 5.693487428864354706e+10 4.469826365423824310e+10 1.671093658788918686e+10 5.420735012711617470e+09 1.831691332007687330e+09 2.014646061476475525e+10 4.082880688772451782e+10 -1.259915209688203049e+10 -2.525377150776203156e+10 -1.659621461072815704e+10 3.095864701296887207e+10 2.669118601667876816e+10 -7.115405268272789955e+09 -4.096175340543217182e+09 -1.909925282805611420e+10 1.841917425214205933e+10 3.016682051138123703e+10 3.440336593443021393e+10 -1.018817081034918022e+10 -2.054668254200803375e+10 -5.091607879633715630e+09 3.311245547525664902e+10 1.604751412242699623e+10 -1.009877744648850441e+10 -1.605779794117224312e+10 1.895567232307546616e+10 9.217033493079153061e+09 5.803671609726341248e+09 -9.440778663132291794e+09 -1.333423852422122240e+09 3.988651624515153885e+09 2.334988718997700500e+10 -5.400256802327680588e+09 -1.316499823709568405e+10 -2.760859783965960704e+18 1.283688370129314048e+18 -1.281797669651464480e+17 8.539757312965313280e+17 -1.517356017842395136e+18 5.297926745295866240e+17 7.992801201019179520e+17 -4.015349267521030400e+17 1.445221406707823680e+17 -1.713746150824359040e+17 -1.466642585659467200e+17 3.518276968771618560e+17 1.894705333068932160e+17 3.774039736071468800e+17 1.772873426614079680e+17 -4.301448432622120960e+17 4.622988503104392960e+17 5.355115796883100800e+16 -3.723677145927264000e+16 -1.940302201256471552e+18 2.258269278501273088e+18 2.520679078457709760e+17 7.560359571498019200e+16 1.119518486641572480e+17 5.840624859083559680e+17 1.147438352521195040e+17 3.093873850932928000e+15 1.620662512384457280e+17 2.750186883825104384e+18 4.891801021298898560e+17 1.034560549052613600e+17 7.658030720688475200e+16 6.714996232229405440e+17 -2.681254662126659200e+16 2.978696385676718080e+17 3.274148975578940160e+17 4.453355804202767200e+16 -6.502796696298993600e+16 -8.076143365342696000e+16 4.721438220076485760e+17 8.749165039895806400e+16 2.373829608504420000e+16 1.093046636416351040e+17 -4.359745791886929920e+17 2.644664884235310400e+17 5.277857662117820800e+16 2.539856333915106000e+16 2.955861350717127000e+15 8.884734668867643200e+16 5.957208836543120640e+17 4.708201950729236480e+17 -3.669618475512220800e+16 1.833847405983824400e+16 4.166555827963056640e+17 2.232047636980134720e+17 6.653659262056542400e+16 9.221454446883305600e+16 8.396393673996072000e+16 -3.206401772347799600e+16 2.410752574620538880e+17 3.424000228226044800e+16 -2.438106708259521600e+16 6.065716788715307200e+16 1.787361740739307800e+16 -3.215958617734314880e+17 3.067203913895841280e+17 7.035611521446929000e+15 1.335978780257659800e+16 5.858959297218919200e+16 2.633505005185146000e+15 -4.456265103932152500e+15 -4.619168008299240320e+17 -3.107372385837476400e+16 2.414391364362015040e+17 9.562794697662553600e+16 3.074814057960964000e+16 7.937067802726804800e+16 9.438752110997897600e+16 1.490450546315290560e+17 2.550968934163106400e+16 3.266524234247268400e+16 8.407866834491425600e+16 1.531327773865924800e+16 -1.364348338740424480e+17 2.260700778057470720e+17 -8.895714892115338000e+15 1.733346820326054200e+16 2.325991363981196400e+16 -8.009199791323204000e+15 2.521165661068926000e+16 -3.692312721144063360e+17 3.118877490335290240e+17 7.146481893413196000e+16 3.714350464381805600e+16 4.807976939422831200e+16 -2.864691915976748400e+16 1.190790202779030600e+16 1.427487102122025600e+16
4.883886641085609741e+11 3.884089397750150757e+11 -1.112826147227751770e+11 2.374072376292820435e+11 6.040989165231831055e+11 8.383371440924980469e+11 3.747186683577193604e+11 1.980024977757672882e+10 2.764146732137058105e+11 3.614425154280981445e+11 2.312113512054064026e+11 6.360762465229996490e+10 6.039604657139129639e+10 -1.667288612981703568e+10 -1.771602571789684296e+09 2.707133690413780212e+10 -5.549790685913817596e+10 -4.616400202204566193e+10 -1.848007473427668381e+10 -3.686924247562145233e+10 1.171452585169692802e+10 1.269636986125619965e+11 3.828874070957736206e+10 -4.600406034097219467e+09 2.175841324183366013e+10 -1.217282866981324196e+10 4.081326295473487854e+10 3.416789461620907211e+10 3.195549412863853073e+10 6.203143638660097122e+09 -2.011729996252891922e+10 -1.539387582336965752e+10 4.106360640776136017e+10 4.567705045461082458e+10 2.308490714769137192e+10 8.925403875819178298e+06 2.068855108733184052e+10 1.043404762547697639e+10 2.346690608543013382e+10 7.107473979100622177e+09 -1.341596562938296127e+10 1.054304422979680824e+10 2.874410086340522003e+10 2.312957706255818558e+10 -4.443195094149549484e+09 5.306956292768037796e+09 1.970144094835170031e+09 4.255090998816615582e+09 -3.455349506995725155e+09 -1.530822696483337784e+10 -1.858764001226455688e+10 9.684177132123331070e+09 1.458973816141429329e+10 -1.649560801572885275e+09 2.334228971045637608e+09 -1.184347606092811264e+18 -3.763216714005739520e+17 -1.870102994353936000e+17 3.566877087828083200e+17 -4.272275888644628992e+18 -6.473974822711682400e+16 1.886334274484822080e+17 -3.477014360584145280e+17 1.274854544488275680e+17 2.178400693256781440e+17 -3.404388611894328320e+17 2.452757238675849600e+17 -2.557550498707231200e+16 2.193296099033134400e+17 1.662004100038781440e+17 -3.219571005116496640e+17 1.995351432996648000e+17 1.335759875783860000e+17 4.815942205629600000e+16 -3.151569585276872960e+17 1.050576100260041600e+18 3.695445611126037760e+17 2.529919240494107200e+17 1.250731059267606720e+17 1.357833046390941440e+17 2.959120939520236800e+17 1.082611041440208000e+17 8.278303782592307200e+16 4.891801021298898560e+17 1.634714204305691648e+18 2.512893281428157440e+17 4.496355177709134400e+16 7.193779329633760800e+16 -1.769441360717997000e+16 4.114876472716327680e+17 2.094610991040680320e+17 1.003060802050164480e+17 4.178221481106388800e+16 1.532280675029987200e+17 1.891256895611705920e+17 2.086418422309015040e+17 9.387830866191900800e+16 1.137229299947977280e+17 -1.784698625665979840e+17 1.561430870118584320e+17 1.256145041297496640e+17 3.812507543534480800e+16 3.369239299521246800e+16 -1.392833392665288800e+16 -1.441688739106304640e+17 1.610461387619921920e+17 1.301776821368692640e+17 7.118906605708441600e+16 -1.317142702670152160e+17 1.358550631496463840e+17 1.309851106291039040e+17 7.662683550906259200e+16 6.864782077905319200e+16 -1.928898593268183360e+17 7.847571907395859200e+16 6.618238829574247200e+16 -2.066070474869222000e+16 4.684626414814799375e+14 1.565939339180609200e+16 -1.558326884737932480e+17 5.799129373249694400e+16 7.304200038630580800e+16 4.325672544409301600e+16 5.265986232035408800e+16 2.916622246174581200e+16 -1.270559448839586200e+16 -4.657976334008617600e+16 1.637411683073449280e+17 1.445434798020134720e+17 1.192049573273081760e+17 6.741930636560055200e+16 5.472359953896129600e+16 -4.643636519379235840e+17 7.691038921081006400e+16 4.994976527916229600e+16 -5.828411940574676000e+15 4.148073041913272800e+16 -1.757814745589053600e+16 7.385049254512676800e+16 9.214427267589059200e+16 9.782338978361547200e+16 2.769829247091498000e+16 3.521749249627930800e+16 -3.200304557930594000e+15 -2.409186344284978000e+16 -2.650791219908013760e+17 9.183251678070374400e+16 1.136852827066505920e+17 -7.549518968228744000e+15 3.525433737304878400e+16 1.162598936194284800e+16 -1.901992560140177200e+16 9.165309616936566000e+15
5.756766091492239990e+11 5.047269412437995605e+11 5.108952283790396881e+10 -2.361894203515426025e+11 -1.110073472006645966e+11 -5.228974053098651886e+09 3.152154852188073120e+11 4.279997212710511475e+11 5.360975705392954102e+11 3.480158418759692383e+11 1.207438878618011017e+11 3.379078858414486313e+10 5.943631779746653748e+10 2.844708891290384293e+10 -1.823569044899871063e+10 -1.270460780047928810e+09 5.526820616994273376e+10 1.996484075604136276e+10 5.980564709117122650e+10 5.262456450864445496e+10 3.840436046117905426e+10 2.884764009545146465e+09 1.327533024051443100e+10 -7.932493116532895088e+09 -3.456734910198456287e+09 3.157743522771497726e+10 -3.048983054984298325e+10 1.692787080400637054e+10 1.894127210786653757e+09 -3.353984998301998138e+09 -1.972644237992809296e+09 1.890695944406684875e+10 2.337124615890955353e+10 1.274508125940561867e+10 1.246013106765060806e+10 -1.026396177265351295e+10 1.039239699164871979e+10 -3.153870698028063297e+09 6.743948012106047630e+09 6.755255252285134315e+09 1.401583340526437950e+10 1.310346529180229378e+10 -5.185109981041668892e+09 9.699549377459356308e+09 -1.356467101146181870e+10 -1.417326510306376648e+10 1.594142723715873957e+09 2.201804744092584610e+10 -4.868789542647619247e+09 -3.690904425683067799e+09 -7.228703285190324783e+09 2.326759794542355537e+09 7.737525248870360374e+09 1.397920965094074440e+10 -1.840870298263081312e+09 7.575250448073114880e+17 6.377769853868065280e+17 1.042743092113274400e+17 1.981178476272789440e+17 -9.272841694999906560e+17 6.326017006735731200e+16 -1.621109772517588160e+17 -2.777019042017130880e+17 -3.446880834388542000e+15 -1.413151112160727680e+17 -3.381655084324048640e+17 -1.213217954682647680e+17 1.259615579785969920e+17 -5.626274309276714000e+15 7.989171775544558400e+16 1.687095061404872640e+17 1.186145213577097600e+17 2.006299812235733760e+17 1.929040914713010240e+17 1.517990771932469248e+18 -7.107880509226399200e+16 2.233288949700046080e+17 5.176338391001884000e+16 1.432236326901527040e+17 1.065821593696243840e+17 7.925300974826620800e+16 3.862559520564122880e+17 1.455048550962194200e+16 1.034560549052613600e+17 2.512893281428157440e+17 1.096209172427713408e+18 3.052884972470464000e+17 2.417836160775558080e+17 6.526171001807730400e+16 2.221426221081085120e+17 9.087017913137156800e+16 8.615737054673876800e+16 5.889494320644132000e+16 -4.648758856098294400e+16 5.805543597895582400e+16 4.287096910866192800e+16 1.833661111349536000e+17 1.501271430761930880e+17 -1.124516218319568480e+17 -3.284546038089046000e+16 5.735749469635518000e+15 4.982572686763620800e+16 3.120309915196666000e+16 3.530833904483519600e+16 -1.649590192744040320e+17 6.700761189132992000e+16 9.360893618386627200e+16 1.300827379104058080e+17 1.140410630688637600e+17 -2.671406686241997600e+16 5.163692297399168000e+16 8.715324905049968000e+16 7.327743603051337600e+16 -4.117001208835180000e+16 2.074072368785406800e+16 5.919995474002449000e+15 6.884952761835283200e+16 4.300813487209819200e+16 -2.736310492989162000e+15 -1.083373257310529600e+17 -3.710116956000934400e+16 1.393592944818970400e+16 9.048062732904566400e+16 1.454483248608756400e+16 -1.906315377973075500e+15 4.690699910406429600e+16 -2.180760145643497500e+15 1.345705106355560320e+17 -3.757920665059751200e+16 -1.328119910266125400e+16 8.101179509695264000e+16 9.225889831847617600e+16 5.412003676165113600e+16 -1.419023975962080000e+16 2.181480475078973600e+16 6.460553582107430400e+16 3.978008483366213600e+16 2.319131131256961600e+16 5.367281584740181600e+16 -2.074781304846473200e+16 1.386212258451084200e+16 6.377055311767086400e+16 3.751541382927816800e+16 -5.019472501413289000e+15 1.018194827851978400e+16 -3.047111420139949600e+16 1.077461799931655875e+15 2.540939231241707000e+15 8.631782218776425600e+16 3.618747865408208800e+16 -5.574082258837317000e+15 -8.320507518393478125e+13 3.502931185498295200e+16
1.700375478310601074e+12 -1.110656508484027863e+10 9.420890985375550537e+11 -5.483879538065999756e+11 1.778412166324156494e+11 -1.189425380801450195e+11 -1.152155590045237350e+10 6.142041458497230530e+10 3.084305865675867310e+11 3.848890402549125977e+11 3.788351833330604858e+11 1.230482498270743713e+11 5.400009178394916534e+10 -4.498639566784486389e+10 -1.066849039713272705e+11 -5.125513605266078186e+10 -3.754768083111764526e+10 -3.400533227964813232e+10 1.261376471427719307e+10 3.351497846419927597e+10 2.418837397271184921e+10 5.397007739169091034e+10 -4.128552376045071411e+10 -5.083305846796096039e+10 8.981485663481750488e+09 4.543248901110350800e+10 -5.645805675513750458e+10 -1.576615179720210457e+10 -1.184503168745740700e+10 -8.568493774986968994e+09 -1.009501167161291695e+10 -2.899978264695947647e+10 -4.721519442310690308e+10 -1.822034849761999130e+10 -1.686739903493306160e+10 -1.930311165124925995e+10 1.171017018622462273e+10 -1.544914688176504135e+10 1.159908491597043991e+10 4.658929164347280121e+10 9.893877436193939209e+09 3.837574702902883911e+10 -3.605255596305705261e+10 1.195782598145798874e+10 2.461585283165017319e+10 -1.290695019190048599e+10 -1.172580527273038673e+10 -1.464023121698733807e+09 -7.789708359844950676e+09 -4.696326305381102562e+09 -9.601843905179552078e+09 -1.731194929046725464e+10 -2.208346420608266354e+09 1.381542187128247452e+10 2.220671434141740322e+09 4.142792906168279040e+17 1.610618751135747072e+18 7.144016638548459520e+17 1.266994215808832640e+17 1.764701152020815872e+18 -4.575672668182469000e+15 -3.241353975688997760e+17 2.982039193791096960e+17 2.644008608149893500e+15 3.928561078585950080e+17 -8.202767573361506560e+17 4.113392436810317440e+17 -1.056049753527066400e+17 -1.474935493345439040e+17 8.226312322030385600e+16 2.438549037599416000e+17 -6.045583319809514400e+16 8.572953733873966400e+16 7.685242629630504000e+16 1.231284441209662720e+17 -1.371455544961279232e+18 1.395122843090643200e+17 8.999512080932716800e+16 2.844627587785362400e+16 5.514031942793259200e+16 6.820296091875765600e+16 2.635238135167017280e+17 3.586420789545344640e+17 7.658030720688475200e+16 4.496355177709134400e+16 3.052884972470464000e+17 2.553738333342298624e+18 6.401992147869690880e+17 4.804563259460984000e+15 -7.575242615072893440e+17 2.476008105262242000e+16 -1.577859606277363200e+16 8.424972284166340800e+16 2.035646103452155520e+17 4.936975805709703200e+16 6.537736081897629600e+16 1.009926716393714080e+17 3.713444169339441280e+17 1.798275174988054720e+17 7.649870509457348800e+16 -5.516699733358198400e+16 2.087830393554678800e+16 1.143016709638289280e+17 -5.241080035695045600e+16 -6.604872477722554880e+17 -1.468083654292207360e+17 -4.888235230068308000e+16 3.374052760883556400e+16 -1.387214724947708640e+17 -1.422462627142878000e+16 7.510839568420488000e+16 4.153564978540274400e+16 8.909843139428737600e+16 1.390480082559504800e+17 -3.025919165534790400e+16 3.745020786615284500e+15 4.587749033846691200e+16 4.320615522017189600e+16 -1.080613027930424800e+16 1.264735366515874880e+17 3.219861863257308000e+16 4.244595458509823200e+16 1.561233358384186500e+15 5.666951310763116000e+16 -8.363228251857760000e+15 -2.758346570750679600e+16 3.060921088075500800e+17 7.586257281033864000e+16 5.999697218140666880e+17 5.810590144453502400e+16 1.116078260238628480e+17 8.313452140757457600e+16 1.117109186782263520e+17 -3.257020055674925600e+16 1.667728330673381000e+16 6.072132275957912000e+16 4.177599837015497600e+16 -9.376634856087210000e+15 1.104640080120225120e+17 -5.959474656256707200e+16 -4.649528812537804800e+16 -1.103592838878332000e+16 4.449313862059255200e+16 -9.142011363285784000e+15 2.878860917340010000e+16 1.426209157403015040e+17 -5.908473735547600800e+16 -3.941962194285308800e+16 3.214001643262931600e+16 1.130780913746414400e+16 -2.528059534004358500e+15 3.007519752083594500e+15 1.670763463745410200e+16
1.335992698481937500e+13 -2.474644562942704102e+12 5.246623569280980469e+12 3.624344938774526855e+12 3.646734111764930664e+12 1.584173210296461914e+12 2.377692709071566406e+12 9.394399573342886963e+11 1.157652266525453613e+12 -1.402172791419387207e+11 -8.204664448211061096e+10 5.457334832608665161e+11 -4.531941148300452881e+11 -4.939414213991099243e+11 -4.187105137152559814e+11 3.686744883076678467e+11 1.239279784560883026e+11 -2.567023539125109863e+11 5.764824303204957275e+11 1.730243181428630066e+11 3.815040401669886475e+11 4.011741753489873657e+11 1.874901107573605042e+11 1.137807963554277229e+10 2.018798642368891296e+11 -3.587279997443149414e+11 -4.432676706567687378e+11 2.372195563680050354e+11 -3.186140539446997070e+10 -1.590155363081769104e+11 -1.263690569147736053e+11 1.110888378831285553e+11 -8.809883179790675354e+10 -1.073343793968100739e+11 1.336392102243451691e+11 1.704297173884922028e+10 -2.460449287257739563e+11 2.117137347459212646e+11 8.136852198238932800e+10 5.957952783591658783e+10 -1.551434056749212646e+11 -1.022323504724047089e+10 -1.449978213482382507e+11 -1.768263297527438965e+11 -8.512152159641984558e+10 5.351700052315733910e+09 -4.643530546460721588e+10 -7.130473752032661438e+10 -2.178119382278364563e+11 -1.046039143411198616e+10 -1.007391990526518402e+11 1.207336580155066376e+11 -5.751891914423049927e+10 -6.845473685096724701e+10 4.834081488936692810e+10 -3.696038135777526272e+18 6.923381110341607424e+18 1.622267282439480832e+18 3.795685255715365888e+18 2.257138148961187840e+19 -5.167277910067297920e+17 2.859538441145400000e+17 1.039731482405546600e+16 -7.385323729015476480e+17 -1.801841392166986496e+18 9.956300263711805440e+18 1.975194715686027840e+17 1.793561731285271040e+18 9.323869516575257600e+17 -4.010099845952146560e+17 1.712590962473106432e+18 9.106612218628885760e+17 1.673999046439696000e+17 8.322158230514982400e+17 -2.873075101514467328e+18 8.450257040339718144e+18 2.482938086418929152e+18 -1.227625792814792320e+17 1.368357739651589632e+18 7.297020148710581760e+17 5.381838496303413760e+17 8.383764101314617600e+17 1.069960288065813376e+18 6.714996232229405440e+17 7.193779329633760800e+16 2.417836160775558080e+17 6.401992147869690880e+17 9.648920207329822310e+19 3.791660376542340096e+18 5.951468029622064128e+18 1.368304416080029440e+18 6.925982625563040000e+17 1.250712514710401600e+16 7.793911193730281600e+16 4.539699847936818560e+17 -1.788981432728675000e+16 6.104904508703210400e+16 -9.475382538982020800e+16 -8.621262230958734400e+16 7.746825182664183040e+17 1.561293390233542500e+15 5.339843557577482400e+16 1.287925815432748200e+16 2.697459394727356400e+16 -5.839668659488222208e+18 1.468477067154746624e+18 -4.820167992405642880e+17 5.334531928565134080e+17 4.196569071877087232e+18 -8.205174088604612800e+16 2.707894016879741440e+17 2.918457286326350720e+17 8.119165689373113600e+16 -4.170079598174206080e+17 1.470587347835394560e+17 1.555010330288386880e+17 2.263090367752172160e+17 5.698306497092505600e+16 -3.043425727071762560e+17 3.052566644105705600e+17 1.944356443291405120e+17 -3.800217715016888320e+17 7.398892007101392000e+16 -8.707444345354297600e+16 -2.111313874332328320e+17 -4.907719558033021440e+17 1.346654769592930560e+18 2.853937804185362880e+17 1.172470473314181888e+18 6.767240965234612480e+17 1.836563163405162880e+17 8.937313253647568000e+16 9.093556910655735040e+17 4.213280069761416960e+17 6.366704616457844800e+16 3.007407659119132160e+17 2.292911251711122000e+16 2.621739769706799040e+17 -7.789223287494424320e+17 6.126101495471803200e+16 -1.115346329915163520e+17 2.414803557581672960e+17 2.983792323906784640e+17 1.619292760971773440e+17 -2.480970829635528000e+17 -7.491968066544244800e+16 2.301376645747604480e+17 -1.671950041240526080e+17 1.516440796028461120e+17 1.537522589836652160e+17 8.402908680899008000e+16 -8.629946364648584000e+16 -3.344525936622521600e+17
6.519569657187872314e+11 -4.934317960200500488e+10 -7.245478543525119629e+11 -9.043293913471689453e+11 4.594559280195040283e+11 1.537877341246589844e+12 1.305852483678484375e+12 1.087418679670755463e+11 9.274102680570690918e+10 1.268946933791466675e+11 3.058788186113209839e+11 1.621428889247125854e+11 1.232204312910728149e+11 4.878877152448561859e+10 -1.359176342479483032e+11 6.879367910156190491e+10 1.552858299582987366e+11 -6.866694143995910645e+10 -2.402173960507523727e+10 1.238887526550836182e+11 -3.341717304336598969e+10 -3.505450092896480560e+10 3.920870861748927307e+10 -1.162842596450412560e+10 2.438247035002085114e+10 1.047376711960373993e+11 9.448451874873333740e+10 8.094195813875035095e+10 4.225150936882398129e+09 1.133005569600277100e+11 7.464318171977963257e+10 3.499487766198596191e+10 2.672028662243770218e+10 7.898432101263287354e+10 5.002095323491025543e+10 1.418417897608148003e+10 3.499550971418701649e+09 -3.731673832621746826e+10 -1.186499597202216530e+10 3.812783051900690460e+10 1.867404998294244003e+10 3.555600864029274750e+10 -3.331006501830140591e+09 1.252900241582266998e+10 -2.152430069741279602e+10 2.113685844940541458e+10 5.419499659927144051e+09 2.871762614548900604e+10 4.976599764518013763e+10 4.557177264773567200e+10 3.105026099223592377e+10 5.477597831473381805e+10 3.359704853976579666e+10 -2.546975158500387192e+10 3.994349223567126465e+10 1.695914608031407872e+18 1.168885687938731008e+18 4.525728559248269440e+17 -3.478993011845297920e+17 -1.641807419681811456e+18 -4.115096075318814720e+17 -9.918133362769648000e+16 1.170827754647741440e+18 2.711601082118594560e+17 1.735569567117814080e+17 1.955119310910818240e+17 -1.756553264801637440e+17 7.216229618235772160e+17 2.865989519373841600e+17 3.856029203708440960e+17 6.691592307447139840e+17 7.871635053178411200e+16 1.778282682055812800e+17 1.162720285456148960e+17 -1.730948816122673664e+18 -3.654919829778737280e+17 5.453227309932128000e+17 8.502835733555251200e+17 -7.412577638634505600e+16 1.273833944204573280e+17 2.748007004719756800e+17 2.055453558695778880e+17 4.211032899563369600e+17 -2.681254662126659200e+16 -1.769441360717997000e+16 6.526171001807730400e+16 4.804563259460984000e+15 3.791660376542340096e+18 6.632686809878608896e+18 -2.954149288130939520e+17 1.805245797210117440e+17 6.922085944921143040e+17 1.970541393100207360e+17 3.259752310520024800e+16 5.092420269765377600e+16 2.167662965458760320e+17 1.214449986926057600e+16 3.422076913165021200e+16 1.511107845857901760e+17 -1.085365691046868640e+17 8.846739283280710400e+16 5.436139748292225600e+16 5.325228491821564800e+16 1.686834868599792320e+17 4.072330283895470080e+18 1.600487370992917120e+17 4.109406543942637440e+17 1.921795038796295040e+17 -1.994095115955127040e+17 -9.787519149651536000e+16 2.124048288520063680e+17 9.212560893360865600e+16 4.616802964990265600e+16 3.692805616158916000e+16 -1.880194010717502800e+16 1.466081381432340480e+17 5.282165052385355200e+16 3.616538354826137600e+16 1.852695052935680800e+16 2.459300050533959680e+17 4.521795207673616000e+16 1.175925256707498240e+17 -7.400607242487846400e+16 1.136286216338013600e+17 -3.646588457324967500e+15 -7.092350114625512000e+16 2.924534026712660480e+17 4.910068014808585600e+16 -1.625361793323149760e+17 1.829016196914097600e+17 5.900488537486760000e+16 -4.382015374104418000e+15 9.289054243807470080e+17 -7.689490186657452800e+16 1.783224089505719360e+17 3.720709549859242400e+16 6.150459835267142400e+16 7.015105751256440000e+15 -1.489959309165500800e+17 -7.687566655444868800e+16 1.794305229345588160e+17 -1.706718363387569750e+15 -1.804563756948365200e+16 2.184706162669756800e+16 -1.386137489513187200e+16 2.302746633082694720e+17 -1.323553514232817120e+17 6.925621265425900000e+16 7.733803654285800000e+16 1.360435376041796400e+16 2.624594396785652400e+16 -1.754675296460454600e+16 -3.578003222171312400e+16
1.048335150905710547e+13 6.471592554110040283e+11 1.055155411571361719e+13 -2.030662550786425293e+12 -1.269479061228989502e+12 -1.187017384839470459e+12 -1.283824011175839355e+12 1.870889417808759766e+12 1.434195919750424561e+12 -1.110521041488264465e+11 6.791053643627260742e+11 -1.473181866686948486e+12 -1.405918616156957520e+12 -2.333664332830866394e+11 -7.451992087969990234e+11 -4.002403982592985229e+11 -7.943086978493081055e+11 -6.209576541648786621e+11 -1.949422622910682678e+11 4.056418017736918640e+10 -2.032262881834613953e+11 -7.602797885627683105e+11 -7.216278204565231323e+10 3.839977175254653320e+11 -3.256995304962868652e+11 -1.243271787004029694e+11 -8.245921977565065002e+10 -1.261305217012057953e+11 -4.540042266131906128e+11 -2.713922426785325928e+11 1.751742242913798141e+10 -5.867286234002310944e+10 1.477462870939608459e+11 -4.467223118746401215e+10 1.587870557651604614e+11 -6.828861103430504608e+10 3.128033548477795792e+10 2.506901596224489746e+11 -3.317768870887905121e+10 -2.105087026459315796e+11 -9.591623665207318115e+10 1.466802757237502136e+11 2.597584926578103256e+10 -1.759043423738495483e+11 3.599912820846565247e+10 7.512799109481861877e+10 2.239436110927966919e+11 7.020892398544473267e+10 -7.172682013095445251e+10 8.016180086098316956e+10 -1.459141742808464966e+11 -1.362025119195948601e+10 -1.182232520597822113e+11 3.226713253085367966e+10 -2.597726159575304413e+10 8.919498598240240640e+18 9.417662660080224256e+18 8.225711694132518400e+17 -2.558173827467551744e+18 1.246042585301263770e+19 2.413644001758302720e+18 -2.617664215989617664e+18 -3.136272107111197440e+17 2.389552523985394176e+18 -3.075000980064568320e+18 -5.130583973680276480e+18 -2.885654966101339136e+18 -1.227687779867841760e+17 -2.835849392388201280e+17 1.602372794284825600e+17 -1.980434258626409216e+18 9.984132292258334720e+17 -1.098827228694017792e+18 -2.128485130906594304e+18 -1.111413592128881050e+19 4.681287950744292352e+18 -3.106795257222422400e+17 -1.534780588876624896e+18 4.577803586980795392e+18 4.566961754118472960e+17 -4.665540272727648640e+17 2.574789099708600640e+17 6.553394407912132000e+16 2.978696385676718080e+17 4.114876472716327680e+17 2.221426221081085120e+17 -7.575242615072893440e+17 5.951468029622064128e+18 -2.954149288130939520e+17 1.301531514821943296e+20 3.002404469318146048e+18 -1.303502039773060480e+17 -4.129622972836941440e+17 4.848619164686696448e+18 5.964924717004136960e+17 -2.026024707477216960e+17 -3.930284054313405600e+16 -4.332418434459905920e+17 1.823902458605370880e+17 -1.992736297180634560e+17 1.881123703071471360e+17 9.747660167364715200e+16 -5.658536693650478720e+17 -1.692287203281996800e+17 -7.181677580708037632e+18 -2.534576632603087360e+17 -4.879316752517371200e+16 -1.232585297622572480e+17 4.736936951440674816e+18 -4.134159643705512960e+17 -2.132292643868181440e+17 8.612315248783017600e+16 -1.267791860515220960e+17 1.807770369112908800e+18 3.510850386220786400e+16 5.975452291829939200e+16 -1.300151627371126080e+17 -2.278957973057428400e+16 -2.339478209598915840e+17 -6.957333735810008320e+17 1.581048623403045000e+15 -2.067547860195191680e+17 -6.275186329218082400e+16 -1.065670965761578240e+17 -2.443657441754336640e+17 4.933931347971516000e+16 3.465047057970978304e+18 6.196428790318686720e+17 -1.761790347774392064e+18 -9.961218584732086400e+16 1.817085088435078720e+17 1.092977200472561000e+16 5.774756905075457024e+18 -1.901083523965848640e+17 -1.011340401011972160e+17 -8.995666465798027200e+16 3.037347337361643600e+16 -3.216899786121893120e+17 2.421463231705692160e+18 -1.416731136139077440e+17 -9.427212250910867200e+16 1.158326374858478400e+17 1.114637770970083000e+16 8.433613658270102400e+16 -8.810747693847568000e+16 8.342791225254099200e+16 3.283011369027275520e+17 1.280193841453537440e+17 1.646096671074436160e+17 3.266631881493669760e+17 -1.037140595357700320e+17 -2.485989554108343680e+17 4.164116628742527360e+17
-1.936949907956804199e+11 3.714701846274304810e+11 6.997467914482197266e+11 1.101132382245747559e+12 1.637046232875954346e+12 4.799336270759295654e+11 4.739363961174292603e+11 3.478388412505776978e+11 3.436600813248137817e+11 4.522496114923770905e+10 1.785186497357932129e+11 3.122164164528952637e+11 1.697260754386545105e+11 5.047960126653242493e+10 4.762080861016922760e+10 -7.558781575563156128e+10 -2.540744012975997925e+10 -7.493908873181599617e+09 -2.833719119452733994e+09 6.386436084156166840e+10 1.047344204693818808e+09 -1.180765504718339443e+09 3.200054729318939972e+10 -3.610835910846868134e+10 -2.294437433536642075e+10 -8.228681951922899485e+08 2.503887743715178299e+10 9.335237950539050293e+10 5.684080770766839600e+10 2.273274294577064514e+10 -1.556749185530159175e+08 1.971596682996645737e+10 7.608088699365631104e+09 -3.944979132430091095e+10 4.903008292940087128e+10 5.128593585563775063e+09 1.033097192435448647e+10 3.098938690233883667e+10 1.453103063717469215e+10 -5.417236246329083443e+08 -1.096405782091462135e+10 6.394307413760815620e+09 4.937749641876227570e+10 1.767222836360933685e+10 1.035533528117734337e+10 -1.807424993937433624e+10 2.643581014932868576e+10 -2.668683775402095413e+10 6.167026959191309214e+08 -7.799855534990776777e+08 8.992894968954872131e+09 2.037365203579858780e+10 1.523540720250619698e+10 3.647783637530176544e+10 -3.378863525680799961e+09 -2.452074418535499264e+18 4.635695712552115200e+17 -5.146300271989724000e+16 1.420854996729883136e+18 6.408836412794272000e+17 2.479671222982350080e+17 5.797637508076007680e+17 -2.981841477186485120e+17 -2.036276580844105920e+17 3.626061470493669120e+17 6.153915177464586240e+17 9.580370156756555520e+17 -1.661614861147872640e+17 4.389306185212106880e+17 1.870998546425871040e+17 -2.796777511714843840e+17 3.839369488340078720e+17 2.179123582578049280e+17 2.283512473241312640e+17 -1.591750194391994800e+16 -6.965546396673651200e+17 3.302816591759107200e+17 7.512050745306385600e+16 -6.965184295629119200e+16 4.993869746420337920e+17 1.869931560626131200e+17 4.846595844461312800e+16 -3.474232012981706880e+17 3.274148975578940160e+17 2.094610991040680320e+17 9.087017913137156800e+16 2.476008105262242000e+16 1.368304416080029440e+18 1.805245797210117440e+17 3.002404469318146048e+18 3.509901228173975040e+18 3.006832061450839680e+17 8.798047417105715200e+16 6.152329660175211200e+16 5.624525072838186240e+17 1.690467092587078080e+17 7.959925569593552000e+16 6.990676183625847200e+16 -3.822877143631840640e+17 2.690612214277144640e+17 6.155435015013228000e+16 6.442821478973335200e+16 4.308289058371983200e+16 -1.170693782396034200e+16 3.323344026425106560e+17 9.282933818175091200e+17 1.136168047191135360e+17 1.255214667402459840e+17 -1.603173692702553920e+17 3.192934430335984000e+17 3.349855955241887200e+16 7.747767949860347200e+16 1.460087262239345250e+15 5.555715094466268000e+16 3.167493197916231040e+17 6.681947536112244000e+16 6.395980194107169600e+16 3.858422217950897600e+16 -7.282426647010171875e+13 -2.316540643743172480e+17 2.064586511217395520e+17 1.378576282703044480e+17 9.344004498613884800e+16 3.323075421402521600e+16 4.797014824392358400e+16 -3.688963900694477600e+16 4.821366825172294400e+16 1.699950044602549760e+17 6.758299815397804800e+16 8.801054922293870400e+16 3.279717107119298400e+16 -2.059197773002182000e+15 -8.648698937117382400e+16 3.156985534479073920e+17 1.024318127938647520e+17 7.573044339988705600e+16 3.673016067450489600e+16 2.803739495543162000e+16 -1.578691647696910080e+17 2.111182466625562240e+17 7.850808481948406400e+16 1.510329005699101400e+16 1.496072177720256600e+16 3.290132563660148800e+16 -1.393838695210679200e+16 -3.933291430506487680e+17 1.675235223053833600e+17 5.885420931996952000e+16 7.847683183047539200e+16 1.350393685753822800e+16 -1.516733239060480000e+15 1.316897109586791000e+16 -3.244958029181958000e+16
-1.746850423902226807e+12 1.656661105749967957e+10 -7.210027782878144836e+10 -1.928391618008927917e+11 5.091775443313918457e+11 7.795553219468833008e+11 7.328139252499382324e+11 5.848807720019602051e+11 1.906108236026135559e+11 1.449269703075825806e+11 2.543315468018621216e+11 1.715801569325621948e+11 6.965458896008155823e+10 1.937318936473085022e+10 -1.421718086057285786e+09 -4.586799934407884479e+08 6.022677280590556335e+10 -6.754921225097239494e+09 -1.786067369232373810e+10 3.644116435373219299e+10 8.521903011541189575e+10 1.261707674131992149e+10 4.529489044346858215e+10 4.343524504888764191e+10 3.549917554797717285e+10 5.065530430753633118e+10 1.437666176538138008e+10 2.021592429712017822e+10 1.495160738722678185e+10 1.619987021325491142e+10 2.251069552495106125e+10 2.530139298252473450e+10 -3.538076490233499050e+09 5.196385820599465370e+09 1.508772155994685364e+10 4.579409337517639160e+10 2.092428565438277435e+10 -3.490587600083349705e+09 1.673955964280871010e+10 2.512163608838647842e+10 2.727290757281335449e+10 2.178796887071936798e+10 1.286986351580832863e+10 2.538290522068205643e+10 1.116719271692095757e+10 1.900943210241250610e+10 2.439782342295215607e+10 7.241883980275969505e+09 1.563697609435390663e+10 2.197246176875857925e+10 1.564132990417288589e+10 4.099997759507847595e+10 2.086027464763322449e+10 9.898294426890336990e+09 2.230197595177550125e+10 -1.466780787935939584e+18 3.262034985063288320e+17 -1.302292962528649120e+17 -4.055763510282708000e+16 -8.656992650393304320e+17 -1.913496924324810800e+16 1.436871327451991200e+17 2.181616112631179200e+17 2.991003726566798080e+17 2.732916693321580800e+17 6.160573944071389440e+17 9.056584598878665600e+16 3.243192418559923840e+17 9.484571092974440000e+16 2.805024666075895040e+17 1.247981238284763840e+17 1.004867938590807800e+16 1.298013874187194400e+17 2.049346648115615040e+17 8.610578148240570880e+17 -2.724777647371432320e+17 2.402842484829468480e+17 3.444028894295929600e+17 1.505377917956743400e+16 1.523542634904169600e+17 2.653263188893421760e+17 1.245613585741970560e+17 3.960183582269832800e+16 4.453355804202767200e+16 1.003060802050164480e+17 8.615737054673876800e+16 -1.577859606277363200e+16 6.925982625563040000e+17 6.922085944921143040e+17 -1.303502039773060480e+17 3.006832061450839680e+17 1.006347450280405760e+18 3.095424361696273920e+17 -7.945937567180581000e+15 1.154236557084870240e+17 2.011992283506881280e+17 1.124713437720678080e+17 4.410817906154769600e+16 9.076555038805705600e+16 1.660205567434424800e+16 1.027514603164315520e+17 1.081112382751179520e+17 5.833783663064110400e+16 4.400996930054907200e+16 9.859524539460252800e+16 -1.224247979871215680e+17 2.603487413809808640e+17 1.293727378947013280e+17 -1.959716747778050560e+17 1.029117167998563680e+17 1.193266788123727040e+17 1.024041187321263200e+17 1.749813476441823400e+16 2.089525864106228400e+16 9.817962209756430000e+15 1.021650335101899040e+17 8.134824780423320000e+16 4.146494087858212800e+16 3.017449775403194000e+16 9.371931775599595200e+16 -1.505959988955143000e+16 7.961140150771766400e+16 9.113937850539028800e+16 5.948524461646960000e+16 2.439021252471232000e+16 6.315342001250925000e+15 -1.322566814494457280e+17 6.789895198604428000e+16 2.457684285648938560e+17 9.332787871899273600e+16 7.740623715764393600e+16 3.887012680021844800e+16 4.191331507331732480e+17 1.097161559248557600e+16 9.185036004352576000e+16 8.346390609173556800e+16 4.063218947025233500e+15 3.338168736848490800e+16 -5.651461387869470000e+15 -1.497692892719485200e+16 5.960315235019810400e+16 5.115656874988406400e+16 1.203165497883420800e+16 3.758428243219220000e+16 1.822479065354764000e+16 2.469202149967048000e+16 -2.080917878718218000e+16 6.966550029348594400e+16 3.024995260315836000e+16 5.914633989661499000e+15 1.134522322611066600e+16 -3.433368967030472500e+14 1.819334442409357200e+16
1.444554563985293884e+11 2.891654770322781982e+11 -2.305656211670497437e+11 -1.761392723003916931e+11 -3.029757438218882446e+11 2.678923390844945068e+11 5.824660825748353271e+11 6.511433985464123535e+11 3.646010249456932373e+11 8.909247704805775452e+10 1.038414428188700104e+11 1.488001707295718689e+11 6.956219273281204224e+10 -2.511567859963208008e+10 -2.799672641290407562e+10 -5.333581222752091217e+10 -3.672686319809403229e+10 2.445005418591849899e+10 2.471884823504685211e+10 -1.321356958110888290e+10 1.278628408778506088e+10 1.837319790618382263e+10 -1.138325870274598503e+10 1.237711771104394150e+10 4.159234360187749481e+10 1.758882987618019485e+10 3.254797631640127182e+10 3.584701946379708099e+10 2.080203243152772903e+10 3.223141293561886978e+10 1.604254654168565369e+10 4.770976321835511208e+09 -6.845294683404205322e+09 -1.582359324056982756e+09 -7.545584695958898067e+08 4.722908752229351807e+10 1.667327743965201187e+10 -1.327792037571842384e+10 5.825342208820852041e+08 6.161484033865068436e+09 -1.040972487208169556e+10 -2.963387512252563000e+09 1.155280591623271942e+10 1.294906476999465942e+10 -4.639967886868774414e+09 1.154599090611700535e+09 2.666103114111878967e+10 6.702588317000068665e+09 -1.129742495157128143e+10 -1.342763008054616356e+10 -1.907833831238802338e+10 -2.035620764474563837e+09 7.226141461817715645e+09 7.860491777122802734e+09 3.804067703330879688e+09 1.831991464967650880e+17 6.571772304200129280e+17 6.662848330565492800e+16 -3.568279470049740800e+17 8.399980298539265280e+17 2.299462317877997440e+17 9.643376488703518750e+14 -1.938068066069619200e+17 1.073658449275338080e+17 6.831037418114059000e+15 6.203712153115417600e+16 7.586660339491087000e+15 2.138733142897094080e+17 8.251528144240058000e+15 1.223228036644034080e+17 1.912804777334647040e+17 1.851703382474895040e+17 2.090909705441697600e+17 3.981442636473941120e+17 -1.841701227534183040e+17 -4.005876601690454400e+17 2.059766341872692480e+17 1.809431940559436800e+17 -1.269479952965399200e+16 4.482765108795718000e+15 1.695072132497325440e+17 2.691724907954395840e+17 1.663344100609252600e+16 -6.502796696298993600e+16 4.178221481106388800e+16 5.889494320644132000e+16 8.424972284166340800e+16 1.250712514710401600e+16 1.970541393100207360e+17 -4.129622972836941440e+17 8.798047417105715200e+16 3.095424361696273920e+17 1.235038006884905216e+18 -1.328756422386225800e+16 4.583259735117976000e+16 1.273608101298568000e+17 1.823931875564283840e+17 6.472301232388424800e+16 7.429958793083201600e+16 5.284795497580421600e+16 3.271938452270282000e+15 9.050107081178233600e+16 1.790818918431602800e+16 1.297728366847743520e+17 3.607301154710677760e+17 9.900856404682608000e+16 8.611610543457243200e+16 2.214535833852832320e+17 -2.951621969514940160e+17 -2.008442035022419600e+16 5.526482993181632000e+16 1.416650203036702880e+17 2.752741503234080800e+16 -2.429492879799708400e+16 -1.023462759250936400e+16 2.922793313210821600e+16 8.512383598491945600e+16 2.616453895012519200e+16 1.113467909279409800e+16 5.920259680238826400e+16 2.055033653709626800e+16 9.884670469617374000e+15 5.754681856999697600e+16 1.630642774597334400e+16 1.420402178820880000e+16 1.345125939634697400e+16 -6.247369261993980000e+16 1.990052344723042560e+17 1.414505488030258200e+16 3.664909606211124800e+16 8.942367646564153600e+16 -5.875729555770285000e+15 8.297045373327252800e+16 -4.435744099235962400e+16 2.208946940098425600e+16 7.550019915683000000e+16 2.964786701385252000e+16 5.843889545870276000e+16 2.348221465090418800e+16 -9.691445131473302000e+15 2.665808176659153200e+16 6.402585856076552000e+16 2.487142047470673000e+15 4.451735353947643500e+15 -2.694493594303984500e+15 -4.247284009856323125e+14 -1.001921786265130560e+17 7.878749190429882000e+15 4.797879602875696800e+16 -3.694118140620684000e+16 -3.184282108806786500e+15 -6.551366450732321000e+15 3.756177094663572800e+16
5.670632106091611328e+12 5.836809899580597656e+12 5.436335476114100586e+12 -1.660198946609822388e+11 -2.032673769811452637e+11 -7.113569422569682617e+11 4.277637937773438110e+11 3.669313075429112549e+11 2.290309281175685120e+11 3.064455000308624878e+11 4.873057843090020752e+11 3.796117751117835083e+11 2.014533095802038574e+11 3.003132068287238159e+11 -2.538216279170646286e+10 -5.231807000846562195e+10 2.081089647608174515e+10 3.026551765436323166e+10 -1.845185574295700378e+11 2.516664605023767090e+10 -6.941860803143867493e+10 -5.656591916195950317e+10 1.763643582162218094e+10 2.178330580282016754e+10 6.641670731575291443e+10 6.994985069234291077e+10 4.965245976393400574e+10 -4.989158612419854736e+10 -5.603497785653763580e+10 -6.509079517576802063e+10 8.065664900769082642e+10 3.018622834791640091e+10 7.967516390136418152e+10 1.143928439513511353e+11 6.271928893707526398e+10 5.877729613910931396e+10 -7.044872993855998039e+09 -4.347721686568074036e+10 1.244858216084621811e+10 -2.894235166572779083e+10 1.396427970864064980e+10 -2.531034188541729355e+10 -1.417848138927360535e+10 -1.511944450497036934e+10 -1.485460279296558571e+10 1.488576891568109035e+09 3.635909896845546722e+10 -1.564710487038199997e+10 6.153930798413364410e+09 2.271411824712958908e+10 2.195110549911822891e+10 -1.750320805700836182e+10 -1.367129792703618240e+10 1.502937195845170212e+10 5.082131619880318451e+10 1.215198086725710234e+19 8.653144498758025216e+18 5.567561815174687744e+18 -2.912790750149327500e+14 9.159960686250917120e+17 3.048479331807031808e+18 -4.492356232540206080e+17 3.368968145914695168e+18 -2.399247345466345920e+17 1.526869086350375680e+17 2.282681860660035840e+18 6.539322472940048640e+17 3.246558419943465472e+18 -1.502269002970737600e+17 -5.128557301838052800e+16 4.029307100455834112e+18 -2.866756738326917600e+16 2.058613093807920640e+17 -2.543565726820344320e+17 2.237462750997068032e+18 -3.565675862276675840e+17 1.929117837930482560e+17 -1.763723192405891520e+17 3.182433278496450048e+18 -6.459295950033077600e+16 3.381597040374461000e+15 -1.346173909021721600e+16 5.060924819139088384e+18 -8.076143365342696000e+16 1.532280675029987200e+17 -4.648758856098294400e+16 2.035646103452155520e+17 7.793911193730281600e+16 3.259752310520024800e+16 4.848619164686696448e+18 6.152329660175211200e+16 -7.945937567180581000e+15 -1.328756422386225800e+16 7.882001522597432320e+18 2.293173891035140160e+17 5.148963054981933600e+16 3.964409497046572000e+16 4.169433337201712800e+16 4.806701904908503040e+18 9.849471648555504000e+16 5.747255634352060000e+16 -2.768137783610575600e+16 -2.530276655064221000e+15 4.525212463996981600e+16 -3.936323397418417280e+17 1.806011427142466880e+17 -1.430655499141828640e+17 -1.342636437389551040e+17 4.272709107354749440e+18 6.790762392667384800e+16 5.292183755287188000e+16 5.360313384730001000e+15 6.013576137499130400e+16 3.412121451072437248e+18 -1.357521520476720480e+17 -5.862353648322295000e+15 4.172575831304111200e+16 7.571919683211804800e+16 -2.150355663209500800e+16 4.051302273352117760e+18 -8.218910190140276800e+16 -3.038290857620084000e+16 3.969354208141950400e+16 3.044800162369810500e+15 3.930525828686772000e+16 6.808981350313448000e+16 9.252321697265964800e+16 6.129418503891400800e+16 -4.048897055307983360e+17 7.852345266146380800e+16 5.201399431013564000e+16 -5.507404633880850000e+15 2.514662028612930048e+18 -8.449895697090612800e+16 -3.875334371978916800e+16 1.044733744164692800e+17 4.925041711975051200e+16 -4.679761005745913600e+16 3.423697725160667648e+18 -2.232963001856008000e+16 -5.575994897338931200e+16 3.697029379540552800e+16 1.249701328191739000e+16 1.803892759186026000e+16 9.695566864258590000e+15 3.914252339640465920e+18 1.749547264000882400e+16 -3.655370681271522400e+16 2.914725270966669600e+16 7.576284500977684800e+16 9.811712486195857600e+16 3.657588110045649600e+16 8.105558135951513600e+16
-9.800541810625061035e+11 -3.036062752398186646e+11 1.402406270213201660e+12 1.960125362933608643e+12 5.972922635324417725e+11 1.585038836841715088e+11 1.174877396922034607e+11 5.744948017692965698e+10 2.184870000726558228e+11 2.541315380002456055e+11 2.496189058680644836e+11 3.051731442917116089e+11 1.691216396873100281e+11 9.438285933558374023e+10 5.245499478052394867e+10 3.390482757577676010e+10 -2.969916114305564117e+10 6.436910867711943626e+09 5.581831366923223877e+10 7.578959753421510315e+10 6.405941172331932068e+10 7.292883859428774834e+09 3.557970186732286835e+10 -6.032601101683879852e+09 1.721000404255150986e+10 4.005411097960839844e+10 3.794200841104467773e+10 2.326556753003775024e+10 -2.151405306067089081e+09 5.875944711560621643e+10 1.391658963206640816e+10 -3.487654714532743454e+09 8.459947911058601379e+09 -4.924886837595173836e+09 1.307804336072074318e+10 2.329846472257122040e+10 6.692552392784332037e+08 4.934219844854884338e+10 1.634635882895048523e+10 -6.821987853337908745e+09 2.826677196973180389e+10 2.179479654618277550e+09 4.448850791037647247e+10 3.291971867747470474e+10 1.515691368159831238e+10 8.711088770447172165e+09 1.155109169142943001e+10 -1.083888352040088463e+10 1.822901998339877701e+10 1.053986274085934067e+10 1.709170986961999512e+10 2.958388616776420975e+10 2.160159138541129303e+10 -1.550786536712955236e+09 1.618654856696916008e+10 -5.338713091247032320e+17 8.072938887608053760e+17 1.169871168269706080e+17 5.788935617369612800e+17 1.621032056233098560e+17 -8.268961236355060800e+16 5.729250226616065920e+17 -5.799296694210417920e+17 2.817059154581907520e+17 -1.289143195106718880e+17 -5.773550597227046400e+17 4.388745056959444480e+17 -4.156218682291763200e+17 3.562489611717674240e+17 6.494328638175989600e+16 -5.038907395026083840e+17 2.537927272783404480e+17 -5.389948600892182400e+16 -7.047344240483609600e+16 7.891305599675970560e+17 4.625957067814501120e+17 1.738729496225348160e+17 4.116648290493458400e+16 -1.757592708583498240e+17 3.796878427500753280e+17 5.708682279117726400e+16 -5.035474033579861600e+16 -1.274482524150656480e+17 4.721438220076485760e+17 1.891256895611705920e+17 5.805543597895582400e+16 4.936975805709703200e+16 4.539699847936818560e+17 5.092420269765377600e+16 5.964924717004136960e+17 5.624525072838186240e+17 1.154236557084870240e+17 4.583259735117976000e+16 2.293173891035140160e+17 1.341241481150251008e+18 1.754312553315262080e+17 8.822361885548496000e+16 8.594787367369233600e+16 -2.717638461618286720e+17 4.608985070596395520e+17 5.263715604912568800e+16 4.394253583437751200e+16 5.591564263102701600e+16 5.211425428591432800e+16 5.841082492185044480e+17 9.408757213857326400e+16 -3.377219713042083200e+16 2.024681987694456000e+16 1.933391344632527680e+17 4.024877528949626240e+17 4.974752417994341600e+16 4.353873814219112000e+16 1.014381205376143840e+17 -5.827834179155868000e+16 3.001960533063077760e+17 5.853558705440970400e+16 1.722926063667969400e+16 4.904103310612094400e+16 4.383804062874212800e+16 -2.725307126669662720e+17 2.762071442101630080e+17 6.187851283653555200e+16 1.982619286339749600e+16 4.333464278746216800e+16 4.634750566388066400e+16 -3.757648718529558400e+16 2.012292115784942750e+15 4.905364917412543200e+16 -1.313185541526653280e+17 9.401220254840342000e+15 4.670584152762917600e+16 5.076866815422952000e+16 6.396160479854014400e+16 2.750447328754024640e+17 5.719415699532591200e+16 4.560096459722812000e+16 6.515378546851343200e+16 1.151250822537344000e+16 -1.386184472016123520e+17 2.372902051456405760e+17 3.281839736873348800e+16 1.056108822908417200e+16 3.067526287105187600e+16 1.742726108263146200e+16 -6.771142929526119000e+15 -3.171718864355572480e+17 2.324362125675922880e+17 3.378838135129938400e+16 1.576735283237532800e+16 6.434879304831568000e+15 8.579300683704909000e+15 1.414913760510541800e+16 -5.131030733113827000e+15
-3.929277295191771240e+11 3.839948921222287598e+11 1.215249587698868561e+11 -1.107145276619862823e+11 4.671906130434614868e+11 6.392267230372023926e+11 2.664826973139288635e+11 9.731516074541833496e+10 6.416616153599615479e+10 2.716545406764362183e+11 2.718886798654391174e+11 2.572792942079098511e+11 1.443150137689641418e+11 2.368007175910684204e+10 4.596264495817129135e+09 9.273741488534128189e+09 -4.558057743260713959e+10 -2.552464141214693451e+10 1.503604811656475639e+10 5.756046281593703461e+10 7.320827102711149597e+10 -4.464778642516892433e+09 -8.516541913035452843e+09 1.918369816434660339e+10 1.502881521551011848e+10 1.774837681002519608e+10 1.094667146536438751e+10 1.774278120221136510e+08 2.105099291221603632e+09 3.419665328772135544e+10 3.686911283646144867e+10 2.892807209136388397e+10 1.164889525666172791e+10 2.701346067209503174e+10 9.859568294289461136e+09 3.228205994601538467e+10 8.572245651687430382e+09 -8.953631142918210983e+09 6.358783004204160690e+09 -3.710017437388709068e+09 1.396831062039177513e+10 -4.253873416061817646e+09 4.223181383948991394e+10 3.237137753562882614e+10 4.997535555801418304e+09 1.079623693377557564e+10 3.407976423349719048e+08 -2.397209916199794114e+08 6.646104610897500038e+09 -2.709363019159361839e+09 9.686343951160139084e+09 1.825170581107497787e+10 1.666737348472298241e+10 2.267062462844664001e+10 1.635781176571370697e+10 -1.785551473957552384e+18 -7.398377250653752320e+17 -3.548276806513307520e+17 2.305690824116091200e+17 6.060509568281084160e+17 -5.399117308595448800e+16 2.846615175667555520e+17 -2.656919718260783040e+17 1.271946245041756640e+17 3.521675171640282880e+17 -5.317364089813390720e+17 -1.776213942728999600e+16 -8.082276657205340800e+16 7.410738140769289600e+16 2.063707855405404800e+17 -1.477206160163171840e+17 2.530436687404561000e+15 3.851014277476122400e+16 1.239865892020312640e+17 2.404506435375464640e+17 -2.405920070471236160e+17 2.349440207890486080e+17 1.781767715206564160e+17 1.035971177822686240e+17 6.970650734164528800e+16 1.281191126589890560e+17 8.793960641460476800e+16 -1.051980822053188000e+17 8.749165039895806400e+16 2.086418422309015040e+17 4.287096910866192800e+16 6.537736081897629600e+16 -1.788981432728675000e+16 2.167662965458760320e+17 -2.026024707477216960e+17 1.690467092587078080e+17 2.011992283506881280e+17 1.273608101298568000e+17 5.148963054981933600e+16 1.754312553315262080e+17 7.277350996856552960e+17 1.368081811814070400e+17 6.711147280377861600e+16 -1.484214246574256320e+17 4.621731541413465600e+16 2.058239589245981760e+17 5.474438986893725600e+16 7.457699003484073600e+16 6.425630699659344000e+16 4.005608262561257600e+17 1.751631211803526400e+17 1.100291580246720480e+17 6.390044825414371200e+16 4.046903543867504000e+16 1.088227855408263040e+17 1.460187727248249280e+17 6.747043428435779200e+16 4.913152261237208800e+16 -3.763353873717296000e+16 3.841533173255092800e+16 1.070661539330028960e+17 6.361500973079592000e+16 3.371020328330893600e+16 5.899565295447307200e+16 -1.166829622262028160e+17 4.898054695558059200e+16 7.016678566641870400e+16 3.726115361008418500e+15 2.428194639892708800e+16 4.154802564730477600e+16 5.547332590573435000e+15 -3.578880483581197500e+15 1.383564770936085280e+17 1.317731854162009760e+17 1.073626425214136800e+17 6.038937158388704000e+16 5.541703771547926400e+16 -2.130942230161305920e+17 4.084572485640790400e+16 1.024673725177548000e+17 3.815798507272671200e+16 3.856411139131339200e+16 4.300793243605716000e+16 -1.021776330386348000e+17 -5.711647151191478000e+15 7.460888382147670400e+16 4.739383262303850000e+15 3.236063411427081200e+16 4.780767628627124800e+16 2.552664859486108400e+16 -1.762905545906549120e+17 -7.272308830319523438e+13 8.789928925302940800e+16 1.742840332262887600e+16 3.021592481424341600e+16 3.896319167450748000e+16 6.437979409316865000e+15 -1.107015919933991200e+16
1.216489530173049072e+12 4.567482018880506592e+11 -1.246132485374450073e+11 -1.152423262025115051e+11 -1.825319466721906433e+11 8.288215840439056396e+10 2.534450301265874329e+11 2.433524390973268433e+11 2.636192270814082336e+11 1.238183463234585876e+11 1.018768855312408905e+11 9.672418231749423218e+10 6.359682928356509399e+10 1.538908440898279190e+10 4.272489586830877781e+09 -2.096527374657742691e+10 5.620524350759244919e+09 8.383780115684977531e+09 -4.116729343220075220e+07 -3.727108256196454048e+09 1.582584906334903717e+10 -2.920751091193537235e+09 -2.983051641626829147e+10 2.363045021171679497e+08 -1.623065164025243044e+09 -1.252659002195826292e+09 1.324176966550190353e+10 5.218668513946166992e+09 -3.250219078685606003e+10 -1.120216230797360611e+10 -2.518815364669564247e+09 -9.037492966563140869e+09 -7.056078611019599915e+09 -2.510239110670981407e+09 4.188300569018774629e+08 1.452569523670923615e+10 -2.123727423690157175e+09 -5.213408648828500748e+09 -7.306832020486221313e+09 1.113215848574787331e+10 1.979494758995569611e+10 5.550547740967547417e+09 2.191008527678226948e+09 1.003646817025389194e+09 -2.337778724798068047e+09 -1.475367492372245789e+10 4.771061045819043159e+09 -9.223853065943906784e+09 -9.193545310015478134e+09 -7.943993694564440727e+09 -1.341869685155403709e+10 8.042699186866906881e+08 2.912754275380109787e+09 9.457111066606697083e+09 -2.288095650412340164e+09 -1.243233511463604224e+18 2.960491369455102800e+16 -2.005286641838030400e+17 -4.411973085750385600e+16 -3.223156625918834560e+17 7.122615947391710000e+15 -4.081927693642839200e+16 -7.516510017084715200e+16 -4.393931617365262400e+16 1.732782910625179840e+17 5.123515109251148160e+17 8.865723498549889600e+16 -4.529591569087393600e+16 3.274945195964856400e+16 1.106874588499764000e+17 1.833669194983557250e+15 4.840698559530653600e+16 1.025516529600653280e+17 1.615893273948991680e+17 1.841349930283301120e+17 -5.050987566082792960e+17 9.971922013848612800e+16 -3.813390725788757600e+16 7.005135323814768000e+16 4.310129162403133600e+16 6.876259054805234400e+16 1.422237808037383520e+17 -5.885761361932026000e+15 2.373829608504420000e+16 9.387830866191900800e+16 1.833661111349536000e+17 1.009926716393714080e+17 6.104904508703210400e+16 1.214449986926057600e+16 -3.930284054313405600e+16 7.959925569593552000e+16 1.124713437720678080e+17 1.823931875564283840e+17 3.964409497046572000e+16 8.822361885548496000e+16 1.368081811814070400e+17 4.764611362401063040e+17 1.361755693750148480e+17 -3.625183382875984800e+16 4.005126193957205600e+16 6.035492673531620800e+16 1.006194258678664480e+17 6.367977385671080800e+16 5.687299755532948000e+15 -1.645536042839335680e+17 -6.250785293302920000e+16 4.123985898916291200e+16 7.170607736990855200e+16 -7.425377824669832000e+16 1.546517379849302000e+16 4.059695321715252800e+16 9.310236278724460800e+16 3.661226766610377600e+16 6.755596220147277600e+16 1.636986078102498200e+16 3.439869959007310000e+15 7.229785635479401600e+16 3.669308369761484000e+16 4.082183991712222400e+16 3.509965244257879600e+16 2.228101602921992400e+16 4.822000071947960000e+15 4.920861999243582400e+16 3.023954687037505600e+16 2.706025990334481600e+16 4.984136818385262000e+15 -1.548640201699925120e+17 8.844166909700868800e+16 -1.208489643765085760e+17 2.295211762596748000e+15 4.877848141905480000e+16 3.730830752721306400e+16 2.019544523353477440e+17 2.704618101604887200e+16 2.237747313674780800e+16 6.460591711504519200e+16 1.878832541406282000e+16 2.699380869319696800e+16 4.268136296437365600e+16 -3.590762512555610400e+16 1.417178371254989000e+16 3.356999433809840800e+16 3.073407101301211600e+16 7.602388488207589000e+15 2.099126906036580400e+16 -2.426433126415258400e+16 -2.613893410839778000e+16 -1.900723916237981200e+16 3.463381221333153200e+16 1.287040252157522000e+16 7.293677479930685000e+15 1.080087601183854800e+16 1.657891817501190800e+16
2.960496606993131104e+11 3.437078128665512085e+10 8.157974380278443909e+10 -5.040453984954236603e+10 1.089723098640240631e+11 2.908705706427336426e+11 2.260494542715890808e+11 1.814246122576007462e+10 2.090775413960936279e+11 3.749091405179485474e+11 3.480332803606309814e+11 1.657104314324305115e+11 1.203593408648759308e+11 4.021107405703187561e+10 8.292582235873063660e+10 1.041176563080578613e+10 1.989489139674829483e+10 1.632336821187392807e+10 4.136177079836034298e+09 2.998516124547564697e+10 7.148435909587237358e+09 7.509347569676850319e+09 1.243261002743799591e+10 2.034568072179315186e+10 4.690325567020368958e+10 4.066958728346408081e+10 1.658078668223436546e+10 2.219747598717296600e+10 2.238283044603894043e+10 -6.763272621958589554e+08 2.645705893820450592e+10 1.774482346615605164e+10 -1.371463404341106987e+10 -1.507915710302816391e+10 1.750347753122651291e+10 7.960282777592897415e+09 7.763111814547476768e+08 7.352239420007482529e+09 8.800251845973154068e+09 2.482239077817758942e+10 2.864454527741909790e+10 3.981408175280575562e+10 9.339539055750822067e+09 1.792542851419891739e+10 2.320489805210042953e+10 1.742609801142058945e+10 1.497013470707760048e+10 1.880737281323423386e+10 1.183370134841397524e+09 1.118750514864132690e+10 8.880559005615556717e+09 2.046676212475892258e+10 9.670368001782590866e+09 3.056013545788878918e+09 1.097234428185595322e+10 -1.679333437101624064e+18 7.380022213933047040e+17 1.754219967716144000e+17 -4.046210613930248320e+17 1.338331666945869056e+18 1.290282536934264960e+17 -4.598147976173691200e+16 1.513446975634129600e+17 -3.553687902072917600e+16 2.359035145157908480e+17 1.291493892592412160e+17 1.490871351075003520e+17 -3.736257034352720000e+16 6.115357463572744800e+16 1.921631685367218240e+17 3.304592039365580800e+16 1.846584308422058400e+16 4.909055418372174400e+16 7.374007976965136000e+16 -1.760041832747942080e+17 7.610366692395835200e+16 1.184405742839434240e+17 7.699923615717398400e+16 -1.834849466886236250e+15 7.943971926416268800e+16 2.923875921530522400e+16 8.309202073429464000e+16 1.215716034046319520e+17 1.093046636416351040e+17 1.137229299947977280e+17 1.501271430761930880e+17 3.713444169339441280e+17 -9.475382538982020800e+16 3.422076913165021200e+16 -4.332418434459905920e+17 6.990676183625847200e+16 4.410817906154769600e+16 6.472301232388424800e+16 4.169433337201712800e+16 8.594787367369233600e+16 6.711147280377861600e+16 1.361755693750148480e+17 7.261477949647038720e+17 -9.053538516013072000e+16 8.098212286640999000e+15 2.409621105454940800e+16 2.556203377949994400e+16 1.810885306702950400e+17 5.165815283865832800e+16 -5.783600447757099200e+16 2.645630189386419840e+17 1.174781887684429200e+16 -1.850026016193352500e+15 8.976293178270510400e+16 4.023906268429552000e+16 8.381018213035288000e+16 5.700975777879389600e+16 9.886539692527576000e+16 -7.362599613394790400e+16 4.106801842582837600e+16 2.185081428627749600e+16 3.537202360780360400e+16 4.062207516698492800e+16 4.349584782269768800e+16 -1.883600430410126000e+16 3.625457964163237000e+15 4.324884113258396800e+16 1.427851567214732400e+16 4.701746219469473600e+16 2.427298919274055600e+16 -1.003960923397314800e+16 -2.217964083714122240e+17 9.559851551071286400e+16 1.274406640675030880e+17 3.111755023362145200e+16 5.280997197027031200e+16 4.647738768305577600e+16 1.670725655542158720e+17 6.117514800398636000e+16 5.532775228736465600e+16 2.983247995170053200e+16 5.590881622128385600e+16 2.585144457638170800e+16 -3.719876556420768800e+16 -2.559019175822159200e+16 8.717120593130050000e+15 1.695194270400039500e+15 3.555928483786552800e+16 1.651666654407319000e+16 2.078606352979671600e+16 -3.617846901204799200e+16 -2.569523472012612000e+16 3.384749888857730400e+16 1.560243503934413600e+16 1.642580223040685200e+16 1.151505117237160750e+15 1.519588217774912400e+16 3.980392026671199000e+15
1.074596010172925977e+13 7.964127543325116211e+12 2.042897397599562012e+12 9.116699278088806152e+11 2.226333850312866211e+11 -4.180576187945823364e+11 8.844829276920460510e+10 -2.234721966491619873e+10 -3.419985273268674316e+11 -2.589612794195572205e+11 5.868418081483369141e+11 5.039988946009891357e+11 6.809997210177644043e+11 4.936292309288921509e+11 -1.115086715937386780e+11 -2.740638839809927368e+11 8.168153449962126160e+10 1.583005344537962341e+11 1.751564219886453629e+10 -1.137448567239202423e+11 -1.231308657999625549e+11 -1.508499327709864197e+11 -1.374161295138282623e+11 -6.428989133299372864e+10 1.868768433527595520e+11 1.089886251505093689e+11 -6.256914187696086884e+10 -1.251945126039657135e+11 -3.281494989609981918e+10 -3.642907874705611420e+10 3.545243559286325455e+09 -5.430779795692192078e+10 -5.108071671482635140e+08 2.669489230680727005e+10 -4.404320721044334412e+10 -1.169420882660003752e+08 7.234658186693509817e+08 -5.703817545621891785e+10 -4.053823231375826263e+10 -3.848628758256513977e+10 -4.398335720510452271e+10 7.374375964854954529e+10 2.058265780194132614e+10 4.240980075466155243e+10 -4.302809239049280548e+10 4.535208968579085541e+10 1.552710306639152718e+10 -1.145410801695672989e+10 8.232997068349690247e+10 8.949219489538243103e+10 6.177062832488904953e+09 -4.898425653512396240e+10 -1.352938315713562584e+10 -4.688156661281666565e+10 -8.172809642645782471e+09 2.884587020967370752e+19 9.206732282891368448e+18 1.273130713407268045e+19 3.872078556500931200e+17 -1.221663652836103168e+18 4.932644903607674880e+18 -8.591344888735824640e+17 1.038954885967251661e+19 -2.278279875731087360e+17 -3.782193922297343200e+16 -7.273910872668747520e+17 -2.405464498887023680e+17 3.927838320038624256e+18 -4.603914888681885440e+17 -1.830578153205885120e+17 1.052505682859068211e+19 -1.949668396442413760e+17 -1.122854671524662720e+17 -7.067824271871332000e+16 1.417590047083151104e+18 -3.211958585776573440e+18 -5.437140662735816320e+17 -2.342205231335003520e+17 4.105132496484549632e+18 -4.354765808336874240e+17 -3.040139634534856960e+17 -2.429804247142929600e+16 9.524487526935185408e+18 -4.359745791886929920e+17 -1.784698625665979840e+17 -1.124516218319568480e+17 1.798275174988054720e+17 -8.621262230958734400e+16 1.511107845857901760e+17 1.823902458605370880e+17 -3.822877143631840640e+17 9.076555038805705600e+16 7.429958793083201600e+16 4.806701904908503040e+18 -2.717638461618286720e+17 -1.484214246574256320e+17 -3.625183382875984800e+16 -9.053538516013072000e+16 1.331848712013239706e+19 1.004053832302245280e+17 -1.433589301009923520e+17 9.793358209157828000e+15 -7.137560163508617600e+16 4.937331687220302400e+16 -9.309722272972040960e+17 2.181693521115489920e+17 7.183531671551249600e+16 -1.976349709600986240e+17 -1.570628698907290880e+17 -3.266874021362666240e+17 -2.254497668647049200e+16 -4.378658555509348800e+16 4.699064492539382400e+16 4.507679924580142592e+18 -1.041836108734315200e+17 3.418522593260726800e+16 5.232262188686388000e+16 1.081968091477983360e+17 3.000054105578347600e+16 9.235171026460958720e+18 -1.695284170025979200e+17 -4.858654835286448000e+16 3.940691423991956800e+16 2.327187007349490400e+16 7.930463415289635200e+16 5.612585003594965600e+16 -1.093745793133396640e+17 5.119669330607498400e+16 -2.038163310406989440e+17 -6.637592421000097600e+16 8.722804852579729000e+15 -4.383378682568940000e+16 -1.674391740540721800e+16 -1.391244298092698400e+17 1.229836092365675000e+16 1.142112636728746080e+17 4.331858632893998500e+15 1.307997115831457800e+16 3.939972692645486080e+18 -2.585533119702575360e+17 -1.657412746451520640e+17 5.527415892828630400e+16 1.199775498216152600e+16 2.183236742979312800e+16 7.215476407962539200e+16 8.788192565633367040e+18 -2.664377864169586240e+17 -1.242661409484896960e+17 8.652997337334043000e+15 -6.051747559860689600e+16 4.043393956706704800e+16 7.225948682535619200e+16 1.072096186364041800e+16
7.113795314959160156e+11 3.522803467290278931e+11 1.728306191698868408e+12 1.920093477202161133e+12 5.896500593976860352e+11 -3.034886164507945538e+09 1.098396522147550659e+11 -7.966488140288018799e+10 1.344700269085531921e+11 -1.968443595539043579e+11 -2.603144171843262100e+10 1.589146866710968933e+11 1.788834208699219666e+11 4.601533822885942841e+10 -3.729925056927782440e+10 -4.795178920349862671e+10 -2.379094584406175995e+10 2.873127882970921993e+09 -3.753577957442682648e+10 1.490714483820696640e+10 -1.127217595264554024e+10 6.534010994088307953e+10 7.020845421345906067e+10 5.107353437260507202e+10 1.381944478365706253e+10 1.897079533339702225e+10 2.694475453752914047e+10 -9.287607825467472076e+09 4.802286136299285126e+10 5.513958108457109070e+10 2.974620748000076675e+10 3.169655254784361649e+10 1.711260977145878410e+10 7.774276410269400597e+09 1.513119707852754211e+10 4.456971752080383301e+10 2.450182938851171494e+09 1.346698557169522667e+10 1.073721883220376968e+10 2.277292687065063477e+10 2.768379399198349380e+10 5.474309481265598297e+10 4.892503326376367950e+10 -3.681775967683850527e+08 1.131397848145943642e+10 2.040408536726465607e+10 7.145090514861104012e+09 3.878731038695219517e+09 -1.279179682217189217e+10 6.121125841886155128e+09 2.578746960357758045e+09 2.073508878527137375e+10 3.015511557568629456e+10 1.485714582211411095e+10 1.649681949189032173e+10 2.983554663280274560e+17 7.726569540970487040e+17 1.500396866538104320e+17 7.226969753347950080e+17 -1.376765142842720960e+17 2.958864470745634560e+17 8.683478918463991040e+17 -4.857764648878910720e+17 2.373971673602588160e+17 -1.359773358271091840e+17 -1.056309495747508608e+18 8.117104767051193600e+17 -3.386504955171189760e+17 2.823193439821346880e+17 1.236673709471579200e+17 -4.409976139318117760e+17 3.182151136599022720e+17 -1.362337888427008320e+17 -1.376002945408656480e+17 -6.662332777242840320e+17 -6.823841191020838400e+17 1.626332078148095040e+17 -3.653395096609366400e+16 -2.641677559672316160e+17 2.545867030269277760e+17 2.377632649981192400e+16 9.892394474884720000e+16 -2.967331318466083200e+17 2.644664884235310400e+17 1.561430870118584320e+17 -3.284546038089046000e+16 7.649870509457348800e+16 7.746825182664183040e+17 -1.085365691046868640e+17 -1.992736297180634560e+17 2.690612214277144640e+17 1.660205567434424800e+16 5.284795497580421600e+16 9.849471648555504000e+16 4.608985070596395520e+17 4.621731541413465600e+16 4.005126193957205600e+16 8.098212286640999000e+15 1.004053832302245280e+17 1.857342035170330880e+18 4.373136799723768800e+16 2.717888477748979600e+16 4.694641568262653600e+16 9.431602991163321600e+16 1.441812338427004800e+17 8.265978831218758400e+17 5.952906983685550400e+16 4.245861232012578400e+16 -1.103767456333784960e+17 3.226888758561296000e+17 2.013171009958718800e+16 5.009763903485875200e+16 -1.236608847751171200e+16 6.956285967023649600e+16 4.392994185142077440e+17 2.853698567173119600e+16 6.911527747745045000e+15 2.082192297206328400e+16 1.908243675234247600e+16 -2.846853589918755840e+17 3.165722895879184640e+17 -1.128609019619384200e+16 4.834030790355045600e+16 -1.954958677462407600e+16 5.887935375528492000e+16 9.520281681899624000e+15 5.907770238955169600e+16 1.472648057894383680e+17 -7.474681107772539200e+16 1.136633440765877200e+16 1.676520186006219800e+16 2.275066639018077600e+16 -4.898745915109255200e+16 2.401792102193504640e+17 1.387995141044921200e+16 -9.956709304357228750e+14 1.463053906598723600e+16 2.283343258508098500e+15 -7.108239643654894400e+16 2.774207572668268480e+17 4.979514944274758000e+15 2.719273274130143600e+16 1.372163546526133000e+16 9.805475141514940000e+15 1.103370721926114600e+16 -2.765887337139022400e+17 2.695829979563852480e+17 2.036963170053340000e+16 -1.603251699399651250e+15 4.902601269792348000e+15 4.023762937920563200e+16 2.520008518996329600e+16 -1.818161493366118000e+16
-3.567370051081649170e+11 1.694060102483973999e+11 1.686257040766277466e+11 -1.911108618129348755e+11 4.126765360805845947e+11 6.829993768822316895e+11 3.473843722028107910e+11 1.064630381529085236e+11 6.151900329805813599e+10 2.130532946381014252e+10 1.950165509081180115e+11 2.926912118111458740e+11 1.779065768092604370e+11 2.599548500244934845e+10 1.095137532562101173e+10 3.243528083102577209e+10 -2.642362447237563324e+10 -9.615288988641630173e+09 6.936936325509847641e+09 1.806098409134185028e+10 3.844896568262403870e+10 -9.355349839838987350e+09 -5.170143085709934998e+10 1.102618157146482468e+08 -1.111144265176257515e+10 -3.496132380750041199e+10 1.725811286134428024e+10 -9.870931004921630859e+09 -2.103591617582323456e+10 -2.723353241436696625e+10 3.813199329960449982e+10 -3.553975867158172131e+09 -1.715808338412092209e+10 2.871856985572073746e+10 4.492379376298548889e+10 -3.422326494516445160e+09 -5.349811977183329582e+09 2.452399518442958355e+09 1.550420263997169304e+10 -2.190397707751923370e+10 1.068647274645181847e+10 -7.312421417110321045e+09 2.385458624701742172e+10 1.946631771002006531e+10 -6.846711916445870399e+09 -1.422591841166529655e+10 -1.732306865406076050e+10 -9.542290896332870722e+08 -6.107988202129889488e+09 6.027440164422217369e+09 -5.458522337539271355e+09 -2.370392655495051861e+09 -1.132231827899576569e+10 1.168933426037776947e+10 6.763395483382730484e+09 -1.800646984991664128e+18 -4.590752275771187840e+17 -3.494921924824997760e+17 -1.058535343327321280e+17 -9.760665003982028000e+15 2.454890456586111680e+17 1.283857256782005280e+17 -1.881922232577789600e+16 1.841921330112274240e+17 4.606538562670110720e+17 8.662880797355964160e+17 1.093618491889545920e+17 1.990768452725218880e+17 9.250840260029707200e+16 1.927834759291096640e+17 -5.210284508760845600e+16 -1.268885211777803040e+17 1.055340352983387360e+17 1.897510840024676800e+17 3.191090067922142800e+16 3.850905393004234880e+17 2.480135534967197440e+17 2.025493505797601600e+17 -6.232545967026044000e+16 -1.903554868536103200e+16 1.236774791251143680e+17 4.161693551466701600e+16 -1.494451604701499520e+17 5.277857662117820800e+16 1.256145041297496640e+17 5.735749469635518000e+15 -5.516699733358198400e+16 1.561293390233542500e+15 8.846739283280710400e+16 1.881123703071471360e+17 6.155435015013228000e+16 1.027514603164315520e+17 3.271938452270282000e+15 5.747255634352060000e+16 5.263715604912568800e+16 2.058239589245981760e+17 6.035492673531620800e+16 2.409621105454940800e+16 -1.433589301009923520e+17 4.373136799723768800e+16 1.029338934516915584e+18 1.344997126423532320e+17 5.587717312926044000e+16 6.725606914759084800e+16 8.525444693143611200e+16 -4.929835522252440960e+17 6.600727777570070400e+16 -8.070111463728637000e+15 3.335847750930464640e+17 6.571691557773680000e+16 9.183640484478056000e+16 2.461282952497632400e+16 4.703165033585778000e+15 5.239791678099769600e+16 3.892328344179728800e+16 1.996591358382392960e+17 8.659747987629036800e+16 3.086394602997892400e+16 5.282300915952214400e+16 -4.177767706082694400e+16 -2.848734577890120625e+14 8.453838631111924800e+16 6.529524759855072000e+16 -1.217306024922478000e+15 2.824452860083654800e+16 -3.914518208968889600e+16 2.254893497358190720e+17 8.248039642008624000e+16 1.520403323001574080e+17 9.219654326172627200e+16 4.211713920645068500e+15 -1.371321678969756500e+15 -2.909224186531558800e+16 1.361475589361671600e+16 8.527609758100867200e+16 4.997703438130976000e+16 5.785730137021634000e+15 3.755899491136828800e+16 4.166219933671432000e+16 -3.098407101210646000e+16 6.067937844683885600e+16 1.513564740723220800e+16 1.901656585181192000e+16 4.889524994516602000e+15 2.001049530857126800e+16 -1.386001766912448480e+17 -2.313558967221469600e+16 8.741620451628612800e+16 1.541362947194446000e+15 -2.300109359954616000e+15 7.888340380972230000e+15 -6.485567644811020000e+15 -3.689319194435518125e+14
-3.860949795302117310e+11 5.887746395142239380e+10 -3.339080415056876831e+11 -3.609557899144035034e+11 1.383488044284235840e+11 1.222579416056683655e+11 3.206494510906018677e+11 2.205185414845119324e+11 1.152349397461079254e+11 -2.673638624524823380e+10 1.283314077501076813e+11 2.848689151676896362e+11 1.452508108104989929e+11 1.569278095242461014e+10 3.081080508965958405e+10 6.906824843835158348e+09 -6.628818289078471184e+09 -2.038570061655173492e+10 1.929424544841541290e+10 2.367501215854864120e+10 4.814664139738133240e+10 -4.165999066984166622e+09 -1.342777288416062164e+10 1.174106281501966095e+10 1.504811164505810356e+10 -8.616103739577524185e+09 -8.633888072547966003e+09 1.028383560680598640e+10 1.501131203927884817e+09 2.819834691439256287e+10 3.336564559237581253e+10 6.778016702958198547e+09 -3.833875893393671989e+09 1.539950900487987900e+10 4.777010457625763893e+09 -3.494939219304977894e+09 2.245833234551979065e+10 -5.920877635868040085e+09 -1.836151392496099091e+10 1.207407807487516785e+10 6.351396104205367088e+09 1.087319451663737535e+09 5.204705209587110519e+09 1.480849629563033104e+10 -3.227633933951484680e+09 2.241885984629277706e+09 -1.567444565895174265e+09 5.022346646844490767e+08 1.087829617173948765e+09 3.944005531908118248e+09 6.741775780274134636e+09 2.766482618822856903e+09 -5.075695031018071175e+09 7.157991998215964317e+09 5.274994576765404701e+09 -3.816992762691735040e+17 1.007986552225205600e+17 -4.879953285968446080e+17 1.270723431016860800e+16 3.563804015879864960e+17 -5.117035076668366400e+16 -3.997470620128777600e+16 2.248874231979417600e+16 -1.151099565852248000e+16 -9.509636721316264000e+16 4.708610637891937280e+17 -2.229415449632027520e+17 1.519989721040811520e+17 -2.050184689275284400e+16 1.979032087162835600e+16 1.128640724091627200e+17 7.339406454738484800e+16 8.873022947466724800e+16 2.332097157101723200e+17 1.377680773088635648e+18 3.063573298054097920e+17 4.182325990086849600e+16 5.885762095211467200e+16 -4.499009366669612800e+16 3.042351704581171600e+16 3.633651135045319200e+16 8.323340011170892800e+16 2.327405609798604400e+16 2.539856333915106000e+16 3.812507543534480800e+16 4.982572686763620800e+16 2.087830393554678800e+16 5.339843557577482400e+16 5.436139748292225600e+16 9.747660167364715200e+16 6.442821478973335200e+16 1.081112382751179520e+17 9.050107081178233600e+16 -2.768137783610575600e+16 4.394253583437751200e+16 5.474438986893725600e+16 1.006194258678664480e+17 2.556203377949994400e+16 9.793358209157828000e+15 2.717888477748979600e+16 1.344997126423532320e+17 6.723523475504531200e+17 1.196401481800611520e+17 1.365777122087736800e+17 -1.952608424448564480e+17 -1.122002406082643680e+17 1.022005494309265440e+17 8.077548703231288000e+16 -5.228500451745259200e+16 1.376924463663328600e+16 7.196312632827045000e+15 2.836556958096014000e+16 -1.985280668937083750e+15 -2.749596012504487200e+16 2.200460592415809000e+15 3.348729067838100800e+16 1.233883349819555680e+17 3.545090959101639600e+16 9.111762228346363200e+16 -3.465802717065900500e+15 -1.697392930327446600e+16 -1.464478689428631600e+16 8.790343761477851200e+16 4.732402146085441000e+15 4.835709158623795200e+16 3.158027071388299000e+15 -9.060836569757697600e+16 6.255865780484946400e+16 3.693705979528577280e+17 -7.790824163270373000e+15 3.939050224224860000e+16 3.332501721043286000e+16 3.974445337287633920e+17 3.145144650812113500e+15 4.079453718698760800e+16 7.471017681896528000e+16 2.739951401675030800e+16 5.008967731184423200e+16 -5.285587873922241600e+16 -7.111244634249548800e+16 1.608224276488740200e+16 4.711818666077546400e+16 2.194786112748386800e+16 2.080997417972050000e+16 3.163158885837396400e+16 -1.088756491454461120e+17 -4.158646385965211200e+16 -1.184968307573042200e+16 4.108756108534750400e+16 -1.958021911890926500e+15 2.000866606313869600e+16 1.398250327558923400e+16 3.450149501850068800e+16
-1.800103724837321777e+12 2.433789866867513123e+11 1.168953744563741875e+10 -2.652830957175877991e+11 -5.998761692145741272e+10 8.332566656948175049e+10 2.086604720152979126e+11 -5.687784261934264183e+09 1.133343358042885590e+11 1.954536549212265625e+11 2.342366728104291382e+11 2.546533435443256226e+11 1.477918612801266174e+11 2.933911295964165878e+10 4.755157314686808777e+10 4.079146364503895569e+10 7.063786641251486206e+10 1.696731161936028481e+10 3.068545092022367001e+09 -4.783804400873875618e+09 7.177699044513376236e+09 -2.365524328433752441e+10 -3.305801335996689320e+09 2.782994834009534454e+10 1.444594143098192406e+10 3.657224315231546783e+10 1.535945830351700592e+10 4.637520462531623840e+10 7.837341576454372406e+09 1.067581519420027161e+10 1.853057945300091553e+10 1.103216605330073929e+10 3.643738201330302715e+09 -8.968387750346769333e+09 8.731776711650499344e+09 -2.187876426662052631e+09 6.169423503476725578e+09 3.349339554136958599e+09 9.122952402759384155e+09 6.139253375952489853e+09 2.022943815627719116e+10 -8.202876861640040398e+09 3.237636286654240608e+09 6.032598351823304176e+09 -1.902813500730799139e+08 4.533989832139918327e+09 3.728933438744097710e+09 8.131102308984811783e+09 -1.379792285041415787e+10 6.571742340208872795e+09 4.234147504612691402e+09 -3.757395559574999809e+08 3.842692723720859528e+09 -2.916498279680652142e+09 -6.572944995762517929e+09 -7.603640875808601600e+17 -1.584910531715998720e+17 -2.645324661694182080e+17 -3.498079988632138000e+16 4.964594538760517760e+17 -1.561988571560505280e+17 -1.180587517662939200e+17 2.675295479627596000e+16 -3.550882704292840000e+16 1.647977884692381440e+17 -8.450018292805024000e+17 9.019629781696355200e+16 4.579351490589671200e+16 -1.517561752612220600e+16 8.169641981822424000e+16 -7.388807501775822400e+16 -2.011938895445775200e+16 4.235722098648942400e+16 1.234809802921351200e+17 -5.509700256268682880e+17 2.485475659576197760e+17 3.417050743633314400e+16 5.626408042098403200e+16 -1.397907003975649600e+17 8.591038003559624000e+15 8.619772439915521000e+15 7.566871008069112000e+16 -8.246271868732609600e+16 2.955861350717127000e+15 3.369239299521246800e+16 3.120309915196666000e+16 1.143016709638289280e+17 1.287925815432748200e+16 5.325228491821564800e+16 -5.658536693650478720e+17 4.308289058371983200e+16 5.833783663064110400e+16 1.790818918431602800e+16 -2.530276655064221000e+15 5.591564263102701600e+16 7.457699003484073600e+16 6.367977385671080800e+16 1.810885306702950400e+17 -7.137560163508617600e+16 4.694641568262653600e+16 5.587717312926044000e+16 1.196401481800611520e+17 5.602409155935767040e+17 2.303910459952278080e+17 -2.010898066479259840e+17 1.672064617030324200e+16 3.505179932828317600e+16 1.899157293684572000e+15 3.905214025679168640e+17 7.518984415241248000e+16 5.662482365405820000e+16 2.664705337248123200e+16 5.580623416281840000e+16 -7.442585830825352000e+16 1.840611882333657200e+16 3.294807065133351200e+16 3.998360676724384800e+16 9.095653297634750400e+16 7.436977721922248000e+16 -1.104609579331409920e+17 -1.060698363782960200e+16 3.184393133958660000e+16 2.159246062096010400e+16 3.568796377384676000e+16 3.453727695771783600e+16 2.696106707163372400e+16 -1.171064703864102720e+17 1.076803336281652600e+16 1.419676384170677760e+17 3.210338585438066400e+16 4.627684042894296000e+16 6.002774503946772800e+16 2.333124137678642880e+17 4.867109875053931200e+16 4.996644173501989600e+16 4.692235395654716000e+16 6.727087024342422400e+16 6.764879947287269600e+16 -4.368692532454929600e+16 -3.507689524036173600e+16 3.796674676763226400e+16 1.771454856830337000e+16 3.269219880268451200e+16 3.046389929458589200e+16 2.767340657921322400e+16 -1.281159540323788000e+17 -2.785211193749261600e+16 8.727415935495462500e+14 2.185269703610261200e+16 1.495375113242828400e+16 2.365989380705631600e+16 2.605597694632381000e+15 2.724866783889422400e+16
-1.319188520140211914e+12 3.510583030084330444e+11 -1.482147496970116272e+11 -2.691568034357601929e+11 -3.767303473694710083e+11 1.425671464373711548e+11 2.329128571011150513e+11 6.895276492180004883e+10 1.257591559629520569e+11 9.820644573410688782e+10 2.434530700063645630e+11 3.683841933795417480e+11 1.547101370008799744e+11 2.325379981222032166e+10 -9.022877503083180189e+08 -3.837813248628575897e+10 -2.988058423589559174e+10 4.913281042869697571e+10 1.584309118980382538e+10 -4.150722996067630291e+09 1.518057492223417091e+10 -2.168873420833299637e+10 1.758622070428483963e+10 2.031959429301147079e+10 -2.303509271600357437e+10 1.801634317297080231e+10 5.938569142080750465e+09 5.560652069720990658e+08 2.226779819654023361e+10 2.416181608809378147e+08 1.186327357719843864e+10 -1.447566839962477303e+10 1.060287222256572008e+09 6.357466740619873047e+09 1.570539164256780815e+10 1.504949779203761101e+10 9.783168771130592346e+09 -3.503928418054615498e+09 -1.001276061977641678e+10 -6.304939412701550484e+09 1.505029583385198784e+10 -2.023623718058209991e+10 2.326940008987440586e+09 1.383726616847086716e+10 1.429113686070008850e+10 1.284790013558127975e+10 1.186918474157935905e+10 3.098853989183233643e+10 -1.181252568872708511e+10 -6.413735114936027527e+09 -1.127440231331565475e+10 9.438418710462139130e+09 1.685749283576348114e+10 -8.852348874242820740e+09 -3.587357468815554619e+09 2.699127977157687680e+17 3.768660219835159680e+17 -3.119457903080555520e+17 -1.009297175886412000e+17 -5.251438392528589440e+17 -5.963749672133475840e+17 -2.593235617518175600e+16 2.043981576280365440e+17 -1.371005394762812960e+17 -2.506677497789512800e+16 3.413961269673104640e+17 1.181319027206734880e+17 6.010103787255634400e+16 1.080486792458405600e+16 9.245697474024316800e+16 1.351174358143961120e+17 7.375591829523176000e+16 9.643284485850232000e+16 1.797667402125040640e+17 1.294327145435628800e+16 4.243572495842426240e+17 1.131595287705479000e+16 2.291346964895212800e+16 -2.045101732154768960e+17 -5.229551122166624800e+16 -1.779519617615991800e+16 1.244886303002876000e+17 -2.598553946205542400e+16 8.884734668867643200e+16 -1.392833392665288800e+16 3.530833904483519600e+16 -5.241080035695045600e+16 2.697459394727356400e+16 1.686834868599792320e+17 -1.692287203281996800e+17 -1.170693782396034200e+16 4.400996930054907200e+16 1.297728366847743520e+17 4.525212463996981600e+16 5.211425428591432800e+16 6.425630699659344000e+16 5.687299755532948000e+15 5.165815283865832800e+16 4.937331687220302400e+16 9.431602991163321600e+16 6.725606914759084800e+16 1.365777122087736800e+17 2.303910459952278080e+17 1.327870696242334720e+18 7.723169547716412800e+16 -1.285062116646325440e+17 1.337942159021612500e+15 7.417627011863808000e+16 9.283532354207633600e+16 7.143688622943606400e+16 2.456775813711952400e+16 2.421784540325366400e+16 5.386256076218930000e+15 -6.611310622397388000e+16 -3.396615710005381200e+16 5.895682373196766400e+16 1.716736718795057800e+16 6.413588851636697600e+16 1.812516904930172480e+17 -1.010743713013344600e+16 -1.470549778514492800e+16 -2.636281598074753200e+16 1.303603485247557800e+16 3.306029574638256000e+16 9.099904294843164800e+16 -8.466180858284284000e+15 -7.196844233786725600e+16 -4.251952334130240500e+15 4.190156737418474400e+16 5.347320915663281600e+16 2.917237140460998800e+16 4.957894658846932000e+16 2.437897204007559600e+16 -9.981674048542340000e+15 4.448180977466467200e+16 4.180360918559473600e+16 4.989104036129297600e+16 6.918595539128091200e+16 -5.926823819247809600e+16 -4.717145700355418400e+16 2.165921611823828400e+16 1.138143972604047600e+16 1.946661311095631750e+15 4.656735809477788000e+16 -1.984189886358490400e+16 -7.773880249054964800e+16 -2.251782753807160400e+16 -2.029512033464262800e+16 -2.625767105358164500e+15 -5.506448306197542000e+15 2.894529937540529200e+16 -7.366331395285817000e+15 -1.428189836604659400e+16
1.422365748168011133e+13 4.258280963866901855e+12 -1.401467022808928955e+12 3.264838405765778809e+12 1.733567683201230957e+12 1.039561795476340088e+12 3.068848171638421387e+12 1.426299813739226723e+10 -8.283561434172598267e+10 -4.369037385779583130e+11 -2.578929396497159424e+11 -1.261658420326602478e+11 1.937786545923484375e+12 9.577573985984071045e+11 1.202327382608532257e+11 1.915615155837644043e+11 -1.970901849498377991e+11 -2.253216391739600754e+10 -2.595267598363621521e+10 2.152534379136983337e+11 -2.801690795066141968e+11 3.666049292221119995e+11 5.948937874383100128e+10 1.334207534309346466e+11 1.783530743460248718e+11 2.414544556257322083e+11 3.531935298128261719e+11 2.925954904415722046e+11 3.838331593272269897e+11 1.475368124487919998e+10 -2.992647413805356445e+11 5.180342022576503754e+10 2.785310525029132690e+11 1.369644533890349579e+11 4.021615671128009033e+10 1.361813168092347565e+11 2.030594654526314087e+11 -1.682458732889803467e+11 1.464930208067792053e+11 -7.897953515035429382e+10 -8.020691238977513123e+10 -1.713762098242524109e+11 7.359361207061608315e+09 -6.650074840507467651e+10 -1.833823843032445984e+11 5.413152978082985687e+10 5.785220888538167572e+10 -9.898497845112413025e+10 8.746690863488862610e+10 6.692080354675050354e+10 2.115452376706340027e+11 -4.448954793993898010e+10 8.602114962721702576e+10 -4.074658359208974457e+10 1.377685410768507690e+11 -3.296310704798039040e+18 7.387848630491324416e+18 -4.056163609041118720e+18 -3.370421072708969984e+18 3.021829302034034688e+18 1.070567984694495232e+18 1.432971358857327360e+18 6.922668433687025920e+17 2.685757798330932800e+17 2.680357921431065088e+18 -4.090999598939364352e+18 5.345521111910711680e+17 4.917234732313324000e+15 2.642965492803000640e+17 1.344706804328989952e+18 -1.251043666533429504e+18 3.819538191801015040e+17 4.737697676808448640e+17 2.980277586092351600e+16 -3.952529283024075264e+18 -1.794468754149949696e+18 6.968008305997611520e+17 4.581501260446468480e+17 -3.761116690585324000e+16 5.780038605454856960e+17 9.034072034773260800e+16 -7.795332583573448000e+16 1.079576437820473984e+18 5.957208836543120640e+17 -1.441688739106304640e+17 -1.649590192744040320e+17 -6.604872477722554880e+17 -5.839668659488222208e+18 4.072330283895470080e+18 -7.181677580708037632e+18 3.323344026425106560e+17 9.859524539460252800e+16 3.607301154710677760e+17 -3.936323397418417280e+17 5.841082492185044480e+17 4.005608262561257600e+17 -1.645536042839335680e+17 -5.783600447757099200e+16 -9.309722272972040960e+17 1.441812338427004800e+17 8.525444693143611200e+16 -1.952608424448564480e+17 -2.010898066479259840e+17 7.723169547716412800e+16 1.100383741752797102e+20 4.863482788489843712e+18 2.618247259092822016e+18 -7.218183390251816000e+16 7.288705143707517440e+17 5.835819685478472800e+16 3.180130089860602240e+17 -2.168586031294835840e+17 -8.774490158815432000e+16 8.103334137746899200e+17 3.596872264278599600e+16 4.374854766710234880e+17 -7.784153460378881000e+15 -6.718832295594792800e+16 -5.775384117417318000e+15 2.373074262180845120e+17 2.759028689423595200e+17 1.462670126748976960e+17 2.232877554034190400e+17 4.170467936568605440e+17 2.468845179928888640e+17 2.944985926311033600e+17 -1.370498614901989376e+18 -9.543611898634329600e+16 -2.297131235921913088e+18 3.659689563961285120e+17 -3.398676024613122800e+16 -4.038287259811189120e+17 1.084617872921029120e+18 -1.418085901762532320e+17 1.240745192446934560e+17 1.798305090162483800e+16 -1.006221370603239520e+17 -1.837744229321234560e+17 1.773458516827257600e+17 -8.605757927991126400e+16 4.494660260161542400e+17 -1.611216435083900200e+16 -6.374717490064275200e+16 -6.661342256457602400e+16 1.724640806909802880e+17 -5.951260357201678080e+17 2.597236246601116800e+17 6.083510697025925120e+17 1.862166175157941120e+17 1.290653368410240160e+17 3.618115568173407200e+16 -6.751437655045310400e+16 -2.782828464409298240e+17
1.036315682330377539e+13 2.965301586731451660e+12 2.967873965824774902e+12 2.422581344129321777e+12 3.254266480407084961e+12 -4.849220018338933716e+11 4.746194093891672363e+11 -1.209116048759216553e+12 6.794930688320239258e+11 -5.723566099452316895e+11 -6.486819821098453369e+11 -1.403850760545705872e+11 7.686235580466475830e+11 1.825515856329360657e+11 -1.647603391900398827e+10 -6.559464087890364838e+10 -1.471046296451612854e+11 1.706353887002983398e+11 6.199337796540191650e+10 4.710234014163181763e+11 -2.806421005405475464e+11 1.483249169891428528e+11 6.885993430222599792e+10 3.518258457360043945e+11 1.702055375311080322e+11 -1.326921241104745293e+10 -7.809514794347762108e+09 3.562010754922562408e+10 -5.776605175548991394e+10 3.536452366181198730e+11 1.941363118285114441e+11 2.042258022098287659e+11 1.800207522568704529e+11 2.251012495576181641e+11 1.950673169148140564e+11 2.524387937024177246e+11 3.942850151159527588e+10 1.437090602511030273e+11 1.890963473656615906e+11 1.563364267973195496e+11 1.379993893198081970e+11 8.088094794391052246e+10 4.072407379437896729e+10 1.596636779238688049e+11 -4.818234573546098328e+10 9.213218783868739319e+10 1.049938134593954315e+11 8.546136996048580933e+10 4.297446940806875610e+10 8.586982689300708008e+10 9.036881546636160278e+10 1.062276664303421173e+11 1.225440337423111877e+11 2.168678808732073975e+10 1.597365139559204407e+11 5.306010918807400448e+18 1.089322675315610368e+18 -1.841233512862978048e+18 3.866602842992317440e+18 -1.837927678748289280e+18 1.919686955946370304e+18 1.892808016907911168e+18 -3.710084865261404160e+17 -4.541357010129860800e+16 1.274456690198318080e+17 3.820903348699826176e+18 6.767199598992055040e+17 -3.308295733201701120e+17 2.887067631809039360e+17 6.022521569874772480e+17 -9.466414355037798400e+17 4.391399360459075840e+17 4.631635177996322560e+17 -6.956919023541561600e+17 -7.652053602489863680e+17 -2.132619023216939776e+18 4.357788069194604160e+17 -2.807448971358762560e+17 5.525252312283946880e+17 1.817658097915285760e+17 -8.966147748464257600e+16 5.584138005560224000e+17 -7.833632985230044160e+17 4.708201950729236480e+17 1.610461387619921920e+17 6.700761189132992000e+16 -1.468083654292207360e+17 1.468477067154746624e+18 1.600487370992917120e+17 -2.534576632603087360e+17 9.282933818175091200e+17 -1.224247979871215680e+17 9.900856404682608000e+16 1.806011427142466880e+17 9.408757213857326400e+16 1.751631211803526400e+17 -6.250785293302920000e+16 2.645630189386419840e+17 2.181693521115489920e+17 8.265978831218758400e+17 -4.929835522252440960e+17 -1.122002406082643680e+17 1.672064617030324200e+16 -1.285062116646325440e+17 4.863482788489843712e+18 5.606782661368687002e+19 1.344198075471632896e+18 3.656887463276701600e+16 3.550076555795694592e+18 1.096301033326394240e+18 2.497593338593816320e+17 5.034784829059160000e+16 3.986348482025541600e+16 3.241016675371461120e+17 7.034369311531388160e+17 -1.489509797516188480e+17 5.763907504343291200e+16 -3.591389318969333600e+16 1.264611971512917280e+17 2.288538947941268800e+17 3.632689703160080000e+17 7.383424621340265600e+16 2.902652949639792640e+17 4.568241711207408800e+16 1.489029698992287360e+17 1.523988613361232320e+17 1.829178637754774272e+18 2.023052960127343040e+17 3.344615663809982720e+17 2.950019516572001280e+17 3.113920493385099600e+16 -1.098038101299387040e+17 9.699602732365871360e+17 6.439480032710193920e+17 1.713836347148483520e+17 1.833359099424464400e+16 -7.632213026432875200e+16 1.282774717817352640e+17 4.578443541125219200e+17 6.105720708631105280e+17 5.516230277462133600e+16 -1.677232900511761200e+16 2.895626705284808400e+16 1.162296022251123040e+17 1.672156038790272320e+17 3.542079839072539520e+17 7.411925399947569920e+17 2.155313823047299840e+17 6.250564833545061600e+16 6.562275873719367200e+16 -3.817857907740945600e+16 1.310086264742246080e+17 1.203020381000242400e+17
1.841008216202770264e+12 5.116970403029129028e+11 2.843892943287933960e+11 -2.871980238138927612e+11 8.082424916499870300e+10 5.852491374156271973e+11 6.840582689191673584e+11 6.016742181256816406e+11 3.520373479766397095e+11 6.480774938630878448e+10 2.037937864626695251e+10 2.138526951073620224e+10 1.986294052755864563e+11 1.853648129687518616e+11 8.503968248558300781e+10 8.616673215346028137e+10 -4.586722667769556999e+09 2.141703741484678268e+10 4.087758162444108582e+10 7.624776133694627762e+09 3.981827749923637390e+10 -4.128835698697850227e+09 -1.229980809987878227e+10 4.496138096749741364e+10 2.409423728053343964e+10 -2.547189154764777374e+10 4.041891568709410858e+10 3.400830655161479568e+10 6.529626940576799393e+09 4.743978143079605865e+10 4.348906202637509918e+10 5.193122529472139740e+10 2.089922432936048889e+10 1.452093386043403244e+10 -1.444903546000369453e+10 -8.905512821163702011e+09 1.310475476504107285e+10 -4.458825870584648132e+09 -4.750133608507722855e+09 4.700122321350153351e+10 1.328330071303135109e+10 -6.390639919475360870e+09 2.671135373986034393e+10 9.432679093373689651e+09 -1.845414011384871244e+09 -1.821297664835217285e+10 8.869327224869297028e+09 7.282971905484900475e+09 5.873373996402812958e+09 2.782541999923282623e+10 1.994478949338514328e+10 2.280982099665068817e+10 2.166489784103370667e+10 1.324260670078983307e+10 1.276484494929722786e+10 -1.835492067886455552e+18 -6.821261415724942080e+17 -2.476906468291837440e+17 -1.316742673597036000e+17 5.060437551605279360e+17 -1.056862190393684000e+17 2.540232777688881280e+17 1.049407954455846720e+17 1.416905961306268640e+17 3.186908659237535360e+17 -5.221090800414208000e+17 -3.363413360090389760e+17 7.095802669992120000e+16 1.258931173698252960e+17 2.451617613021711360e+17 4.583165171308845600e+16 -4.090635487822719200e+16 1.600999844762368000e+17 1.786634912444426880e+17 -2.467425135223648640e+17 -3.801224564437594240e+17 4.459910412058589600e+16 2.559173603178077440e+17 -2.312990467061672000e+15 7.713981709776235200e+16 1.693892007952218560e+17 1.353551235249251040e+17 -3.739110316584228000e+16 -3.669618475512220800e+16 1.301776821368692640e+17 9.360893618386627200e+16 -4.888235230068308000e+16 -4.820167992405642880e+17 4.109406543942637440e+17 -4.879316752517371200e+16 1.136168047191135360e+17 2.603487413809808640e+17 8.611610543457243200e+16 -1.430655499141828640e+17 -3.377219713042083200e+16 1.100291580246720480e+17 4.123985898916291200e+16 1.174781887684429200e+16 7.183531671551249600e+16 5.952906983685550400e+16 6.600727777570070400e+16 1.022005494309265440e+17 3.505179932828317600e+16 1.337942159021612500e+15 2.618247259092822016e+18 1.344198075471632896e+18 1.869776863055723520e+18 3.371123802337230720e+17 -1.120570413846024000e+17 1.347955061635802240e+17 2.634223358848150720e+17 9.217644757751019200e+16 5.833261903335384000e+16 3.084702879343864800e+16 5.619546145446372000e+16 1.211963118079390400e+17 7.100908477892928000e+16 2.320380445838282400e+16 2.613333834647685600e+16 1.765598309346820160e+17 1.100383192204302200e+16 5.135454881638960800e+16 9.083519045784401600e+16 5.849226759339532800e+16 4.163462306087056000e+16 6.077380977495541600e+16 6.577658167407247360e+17 1.994979667640440960e+17 2.390998886390961280e+17 1.469464831660352640e+17 6.648466269829856800e+16 6.523195405400653600e+16 9.037416838695950400e+16 5.767575968426910400e+16 9.461693423835993600e+16 8.315541205564464000e+16 2.112890045941964800e+16 2.557080470713251600e+16 7.377938073949953600e+16 -2.117426354571504800e+16 6.992305882534014400e+16 8.386492483302190400e+16 4.319690545523268000e+16 2.001744380520534800e+16 6.535165040274707200e+16 5.156747928628852800e+16 5.093676319249374000e+15 9.278099507218355200e+16 4.660437109260744000e+16 8.461860047180978000e+15 -2.133325505327251600e+16 1.145424042279263000e+15 6.144672990916664800e+16
-7.487238758022268066e+11 4.168837305673393250e+10 -2.507927793366343021e+09 3.458019860147946777e+11 -2.006146304681666946e+10 2.159342619581221619e+11 5.866065468592264404e+11 6.955867174038183594e+11 3.079243684728085327e+11 3.957000447828969479e+09 2.178148167164334106e+10 6.599454765834455490e+09 1.871830100635682678e+10 9.695288466022358704e+10 7.587191814130192566e+10 2.068853762579938889e+10 -5.333785894397093201e+10 -2.035236481691771317e+10 3.292291521524615097e+10 1.432426351680713081e+10 9.370434311888774872e+09 4.440514327121264648e+10 1.650273006774399948e+10 3.438890736315061092e+09 1.689025728524045181e+10 2.915946263341709518e+10 2.723033721896541977e+10 1.867430563685802078e+10 -2.344606890508380127e+10 1.836152488057715607e+10 2.225558759499552155e+10 2.916354753841647720e+10 4.267549370551087379e+09 -9.722124134721212387e+09 2.101961190102039576e+09 5.155478888294262886e+09 2.600371250446345901e+10 2.205149695537886429e+10 2.450370267084923935e+10 3.902053931835999298e+10 5.915737884898541451e+09 4.061216442220521450e+09 1.566017359367553520e+10 4.407904641073069572e+09 1.856590985625975418e+10 7.142023444208429337e+09 1.568753064617299652e+10 -1.733874502493048859e+10 -1.672244532794922256e+10 5.703339433823846817e+09 -6.414951676512580872e+09 8.220836012298089027e+09 1.101155745018980980e+10 6.799530619374711037e+09 8.433770124167180061e+09 3.142511280245862400e+17 4.116341377573327360e+17 1.431147562771606880e+17 5.617748678992858880e+17 -1.243866482107862000e+16 1.938810394275449920e+17 1.229060140323641800e+16 9.395795176133582400e+16 1.443118022764930560e+17 -1.253542571957183040e+17 1.196259614816053920e+17 8.343882824125832000e+16 -7.417864797920240000e+16 1.579232486591850240e+17 5.886622063043488800e+16 3.428798113566625500e+15 1.259729554858703680e+17 1.816854364826148480e+17 4.166018540551379840e+17 1.153313761019638016e+18 -9.791006100291052800e+16 1.462532349902759040e+17 8.541396955304361600e+16 -1.093289139273717120e+17 5.474055456908236800e+16 1.194426750511042400e+17 1.671025044127239680e+17 -5.575371771541344800e+16 1.833847405983824400e+16 7.118906605708441600e+16 1.300827379104058080e+17 3.374052760883556400e+16 5.334531928565134080e+17 1.921795038796295040e+17 -1.232585297622572480e+17 1.255214667402459840e+17 1.293727378947013280e+17 2.214535833852832320e+17 -1.342636437389551040e+17 2.024681987694456000e+16 6.390044825414371200e+16 7.170607736990855200e+16 -1.850026016193352500e+15 -1.976349709600986240e+17 4.245861232012578400e+16 -8.070111463728637000e+15 8.077548703231288000e+16 1.899157293684572000e+15 7.417627011863808000e+16 -7.218183390251816000e+16 3.656887463276701600e+16 3.371123802337230720e+17 1.137607432788127872e+18 -5.577712139884282240e+17 3.227780654515092800e+16 2.114480685568716400e+16 1.797426212233857920e+17 4.793309901768856800e+16 -7.197123021594724000e+16 4.456670464921944800e+16 7.433984237611208000e+16 5.980217464280788000e+16 1.283536807576706600e+16 2.745207531391948800e+16 4.608869249255217000e+15 -6.308270430206741000e+15 2.559308431191078000e+15 9.678486234091793600e+16 -1.744296687459801400e+16 -6.829727373314925000e+15 1.605863385929929800e+16 -2.345161692830136000e+17 2.876998116498012160e+17 1.012135292379121280e+17 8.656297492906243200e+16 1.121042715214061280e+17 2.554581194478431600e+16 -1.578276169515180480e+17 -3.963450433075964500e+15 4.650020615024000000e+16 7.130673835048691200e+16 -1.607643240653722000e+16 2.417545883736280000e+16 -3.098686137954439500e+15 -1.295789011907501600e+16 2.751444158382537200e+16 6.977715068756614400e+16 2.391600381834091200e+16 1.409464494777659000e+16 2.184303307472546800e+16 -6.627392506337195200e+16 3.389170085770370000e+16 3.089246147181055600e+16 9.219082659168364800e+16 2.266629977424456400e+16 1.060184331819140200e+16 5.317701812176781000e+15 2.146576889591724800e+16
1.563188971340197070e+13 8.650719285659054688e+12 9.086963409378132812e+12 -2.589393181369899902e+12 -5.313943374303209229e+11 -3.127675247537283325e+11 2.544319401388334656e+11 -9.670379618757363281e+11 7.163176526322362061e+11 1.034803661670305176e+11 -6.440517562196793213e+11 6.768727496050085449e+11 8.568091989240246582e+11 3.113616641032665405e+11 -4.604785182290663452e+11 -8.679301156037500000e+11 -3.247880212791646729e+11 1.754378342238610535e+11 2.909472127426740112e+11 8.605479460659677124e+10 -1.344851829100274467e+10 -2.081340398267665710e+11 -8.913919062126153564e+10 1.159531373000927277e+11 -3.483072822575335083e+11 1.568259075657160950e+11 -5.234880981764029503e+09 1.653173252729055786e+11 -1.548514735381598511e+11 -2.681747627550206604e+11 -2.860978463162854004e+11 -1.652366666922991638e+11 2.490612370313535461e+11 9.966883585473670959e+10 4.014880730600144196e+10 -1.391753026651554565e+11 1.536020074665555382e+10 2.380205389901674500e+11 -1.190198718583330841e+11 -2.230204784520538940e+11 -1.049931591128157806e+11 -3.564935964520017242e+10 -6.570329572868612671e+10 -1.201963229528710327e+11 5.834374579221837616e+10 1.173546825593392334e+11 1.896631056541324768e+11 5.951867283797882080e+10 -4.286632011062773895e+10 5.000784259381102753e+10 6.528094720161956024e+10 -9.662682448542369080e+10 -2.430625020840496540e+09 6.458272640266340637e+10 5.761639299582638550e+10 5.275111554907403264e+18 1.703730433021882880e+18 1.573522919786931456e+18 -1.423759008259227136e+18 -7.231226246506701824e+18 1.067623235514638592e+18 2.053903536883467776e+18 1.068870067859502080e+18 1.709402793770079232e+18 1.991382929171418240e+17 9.053434242440431616e+18 2.765533018762519552e+18 2.359644199417821696e+18 4.143556315356587520e+17 5.797248438261749760e+17 -1.098411491820098816e+18 -5.108022877600162560e+17 4.172406440721848000e+16 -3.882926709343715840e+17 -1.140913134479330688e+18 2.711010017939170304e+18 7.568869828026333440e+17 1.986248558665248320e+17 1.637884482204691456e+18 1.497270663745921920e+17 1.988256098332015680e+17 2.948817132094074240e+17 2.295282803064099200e+17 4.166555827963056640e+17 -1.317142702670152160e+17 1.140410630688637600e+17 -1.387214724947708640e+17 4.196569071877087232e+18 -1.994095115955127040e+17 4.736936951440674816e+18 -1.603173692702553920e+17 -1.959716747778050560e+17 -2.951621969514940160e+17 4.272709107354749440e+18 1.933391344632527680e+17 4.046903543867504000e+16 -7.425377824669832000e+16 8.976293178270510400e+16 -1.570628698907290880e+17 -1.103767456333784960e+17 3.335847750930464640e+17 -5.228500451745259200e+16 3.905214025679168640e+17 9.283532354207633600e+16 7.288705143707517440e+17 3.550076555795694592e+18 -1.120570413846024000e+17 -5.577712139884282240e+17 7.462075602555620557e+19 6.243083435150800640e+17 1.184861832089412480e+17 2.092855328049010240e+17 -1.557696340876845120e+17 3.229142885193105408e+18 4.361810862830094720e+17 1.330421075662974560e+17 -2.896738720728029600e+16 1.187754470661375040e+17 1.314837250475036640e+17 2.754630612911670000e+16 5.354605468881359000e+15 1.087480736175011040e+17 2.745714382432161280e+17 9.991816773824060800e+16 1.093787021756366560e+17 4.276199857092935040e+17 -8.268541886354544640e+17 2.599137309329552320e+17 -2.529984261735716864e+18 2.067081877396749440e+17 -3.693050972150657280e+17 -2.439226748307387200e+17 4.743447390385909760e+18 -1.648815151408328640e+17 4.212994874199855200e+16 5.298418281347511200e+16 -1.265724179468787680e+17 1.003824516939369120e+17 2.506012350201831424e+18 -9.547504538141348800e+16 8.274208940073643200e+16 6.924216556073588800e+16 8.368744668033161600e+16 6.140638490190970400e+16 1.218998679375136480e+17 1.527588939537803200e+17 1.307571108108461280e+17 3.126136970881551360e+17 -4.162554260984717600e+16 -2.741976025441382800e+16 -5.629092034258548000e+15 -1.565000568576355200e+17 -7.851566641494582400e+16
-1.251735928682725098e+12 -5.821445359924468994e+11 8.208754432625003662e+11 1.973797574015562500e+12 1.383870422746168701e+12 3.417369173462734985e+11 2.960175208881256104e+11 -3.106606589229290390e+10 1.505635621480863037e+11 1.943978561599198608e+11 2.175944784075535583e+11 6.468672184407783508e+10 -1.227973987037389040e+09 2.758470007246235657e+10 2.995436412363682556e+10 8.220431172915473938e+09 2.595352317135708237e+10 -9.443472253781303406e+09 -6.086720990132813263e+10 3.978830942204958916e+09 4.685222922819301605e+09 5.553482745543694305e+10 1.204306026564003754e+11 4.630325420253874207e+10 3.153408503250957966e+09 2.436716848863104630e+10 5.507688161552352905e+10 5.094164804673751068e+10 4.039981505346031952e+10 2.673824608850726700e+10 4.218534640958496094e+10 -5.873331028080634117e+09 3.383373752992596054e+10 1.207184653584869194e+10 2.172583851467871857e+10 3.869543154713890076e+10 3.885033036101959991e+10 2.807286700142832565e+10 1.130842024192428780e+10 2.192539820098780060e+10 -1.869950381986174774e+10 4.734733358188838196e+10 6.134127455092104340e+10 2.028378772198396301e+10 5.838802571157526970e+09 9.342578837417652130e+09 5.702726572199565125e+10 1.604937010924305344e+10 4.008326185871221161e+10 4.252540159503601074e+10 2.015248917682468414e+10 5.061478352778613281e+10 3.123299223451216125e+10 3.842356634600257111e+10 4.229251156667134094e+10 -2.647213227740737536e+18 6.748787632785118720e+17 4.181242941518593600e+16 5.773475433454589440e+17 -1.468679656099784320e+17 -1.330015883095049280e+17 6.641188509217611520e+17 -3.177063981386174080e+17 1.877432684345590720e+17 5.848343970083735200e+16 7.389049475014481920e+17 7.180684249191407360e+17 -1.604548345753577600e+17 2.448063834469640320e+17 1.954391153455364480e+17 -4.796581962607744640e+17 1.949223858984752960e+17 6.733151711629134000e+15 1.218740980320840320e+17 -8.850773035810582400e+16 8.092826015173269760e+17 2.298987396919819200e+17 1.702971659265178240e+17 -1.218576457430291360e+17 2.836702405158499520e+17 7.617008295489120000e+16 -3.735639681987891200e+16 -2.101562140660457600e+17 2.232047636980134720e+17 1.358550631496463840e+17 -2.671406686241997600e+16 -1.422462627142878000e+16 -8.205174088604612800e+16 -9.787519149651536000e+16 -4.134159643705512960e+17 3.192934430335984000e+17 1.029117167998563680e+17 -2.008442035022419600e+16 6.790762392667384800e+16 4.024877528949626240e+17 1.088227855408263040e+17 1.546517379849302000e+16 4.023906268429552000e+16 -3.266874021362666240e+17 3.226888758561296000e+17 6.571691557773680000e+16 1.376924463663328600e+16 7.518984415241248000e+16 7.143688622943606400e+16 5.835819685478472800e+16 1.096301033326394240e+18 1.347955061635802240e+17 3.227780654515092800e+16 6.243083435150800640e+17 2.403165227377195520e+18 1.908011668634885760e+17 8.838882006244604800e+16 2.485417298107900400e+16 1.837412528048675200e+16 3.673197374751939200e+17 4.864596069652544800e+16 1.217989564301135600e+16 4.036681414842013500e+15 -4.162883642028175500e+15 -2.168473047339914560e+17 1.606485159238091520e+17 -5.296648440348642000e+15 -1.028539617617444600e+16 -5.744634204874008000e+16 8.439138943456860000e+14 1.910500640866127600e+16 -1.421791623579048480e+17 -4.582697797137062400e+16 5.566403428319488000e+17 1.246210645875262880e+17 4.736237727771069600e+16 3.103489019969875600e+16 1.041877606351325200e+16 3.538097394058033280e+17 6.671465370889716000e+16 4.165235345593562400e+16 4.082832563373876000e+16 -4.938725703790526000e+15 -4.717059358098523000e+15 2.380226458042700160e+17 7.105549979820094400e+16 -2.223520920701736000e+16 2.904502379713774000e+16 4.641945227766799200e+16 3.493504127860522000e+16 -1.568619003836449920e+17 2.474356224905796160e+17 6.958063867997193600e+16 -1.318108343857497800e+16 6.183611447907585000e+15 2.758726266263422800e+16 4.142861250435309600e+16 2.334729637182701200e+16
2.636610312045271606e+11 -3.468055663719458008e+11 -2.508069430519006348e+11 8.975360449801774597e+10 5.933695950427265625e+11 7.205418356857817383e+11 4.484426960651596680e+11 1.336251978530342865e+11 1.913781216263999939e+11 3.001863373950421753e+11 1.402820862332374878e+11 6.185234548160554886e+09 1.508750331463951111e+11 1.692908105036038513e+11 1.263050107733117065e+11 6.229930689019288635e+10 4.854744719634828186e+10 4.612854100431582642e+10 3.863045632230915070e+10 3.175293732263252258e+10 8.131066386416320801e+10 5.347354551038274384e+10 4.011788635989088440e+10 2.399932507660264587e+10 1.551229150835647964e+10 2.902383527714458847e+10 3.923317687869622803e+10 3.408194531823734283e+10 2.472375495139744949e+10 1.751075508183908844e+10 7.917734364847476006e+09 2.949232266157616425e+10 6.535350624899608612e+09 1.226893711510364342e+10 1.501342474449871254e+10 1.615188050864948654e+10 3.173811397767204666e+10 1.360750208403299332e+10 9.974696428294504166e+09 2.701755377319343567e+10 1.410066136460250664e+10 3.384861134861345887e+08 1.902018825385860443e+10 2.946578719727324677e+10 1.495396021989995003e+10 2.867710487260811806e+09 5.027796789456789017e+09 1.420655873062978935e+10 1.431751899552906036e+10 2.021411656985065842e+10 -1.488812147529320717e+09 1.153072497894647980e+10 1.288992384736128616e+10 7.764832395653485298e+09 4.315174254958908081e+09 -2.072099197710432256e+18 -4.157132539291767040e+17 -7.946953854009804800e+16 -3.357922847293695360e+17 1.258683032816262144e+18 1.324200636825586240e+17 2.392715579002900480e+17 2.023666527011732800e+16 2.296884779975130560e+17 5.010886187981585920e+17 5.879563724885475840e+17 1.078106895809989120e+17 1.650270506948149120e+17 7.051477650788050400e+16 1.916978006214176960e+17 -8.862088006076848000e+16 -8.963804556197896000e+16 4.986876009724628800e+16 7.362520763940032000e+16 -4.554549291954500480e+17 -4.564118774773658240e+17 1.471642433081298880e+17 3.127922477780509440e+17 -4.583858625794148800e+16 1.931077778783002000e+16 1.294490451219823200e+17 5.576477533603884800e+16 -2.666922159003674400e+16 6.653659262056542400e+16 1.309851106291039040e+17 5.163692297399168000e+16 7.510839568420488000e+16 2.707894016879741440e+17 2.124048288520063680e+17 -2.132292643868181440e+17 3.349855955241887200e+16 1.193266788123727040e+17 5.526482993181632000e+16 5.292183755287188000e+16 4.974752417994341600e+16 1.460187727248249280e+17 4.059695321715252800e+16 8.381018213035288000e+16 -2.254497668647049200e+16 2.013171009958718800e+16 9.183640484478056000e+16 7.196312632827045000e+15 5.662482365405820000e+16 2.456775813711952400e+16 3.180130089860602240e+17 2.497593338593816320e+17 2.634223358848150720e+17 2.114480685568716400e+16 1.184861832089412480e+17 1.908011668634885760e+17 6.625733193694726400e+17 1.183216820594653280e+17 7.069937540832335200e+16 4.379779717274428800e+16 3.153724476727539600e+16 1.054158582426896640e+17 4.219174425918155200e+16 3.373886875624519600e+16 2.695137766432633200e+16 5.092487942143757600e+16 5.877210488521092000e+16 9.644270003285984000e+16 2.211451366561529600e+16 4.918739737673001600e+16 3.355542984140303200e+16 3.183504284598711600e+16 6.541466477404036800e+16 4.969999532329417600e+16 1.387538450115924000e+17 2.049774352731911040e+17 6.587414938841661600e+16 7.121178925595104800e+16 -2.995074260570472800e+16 4.773141807281360800e+16 9.064396207957336000e+16 5.149208150828127200e+16 4.352511890832723200e+16 1.739780493495490800e+16 7.357724925136507200e+16 5.892774202107911200e+16 8.576258904231273600e+16 3.566473314541723600e+16 4.018918247312955200e+16 1.744195484492460400e+16 2.426754735634098000e+16 -2.960787675171448800e+16 1.113991487215279800e+16 7.079095353281162400e+16 3.517670578123238000e+15 3.966070477370402400e+16 1.539268568924196800e+16 1.954622963865485600e+16 2.421474116083644000e+16
7.178139685506831360e+10 -2.653982313159333191e+11 -2.265427292482656479e+10 8.934357938429864502e+10 9.655209198851483154e+10 1.917316789810747681e+11 3.664431511144237671e+11 2.887371595923580933e+11 3.417046657465054932e+11 2.296990040401235046e+11 6.428489510159196472e+10 -1.839835214312021017e+09 4.853898408165446472e+10 9.050354578227255249e+10 8.218894934812590027e+10 3.706063049718393707e+10 1.179801142047458649e+10 3.021394750146479416e+10 5.786958493785869598e+10 3.780139995932794952e+10 2.265881134121572113e+10 2.031063653952207565e+10 6.215463437060279846e+09 -5.227744223858966231e+08 1.454436857691909409e+10 4.013751893785122681e+10 3.127265935516908264e+10 2.212769383806063843e+10 -3.790961697802426338e+09 1.773506529040451431e+10 2.459610758649805069e+10 2.272512990495581436e+10 2.283126663063370514e+10 1.108682577746746635e+10 1.807766432752360153e+10 2.768053764013762283e+10 1.536603130660629654e+10 1.947205227162765265e+09 2.231342639105895996e+09 7.119300563866293907e+09 1.237441375990196991e+10 1.836279924920374680e+10 1.057250394098655701e+10 6.122216728595228195e+09 1.579309737524016762e+10 9.266444401059419632e+09 3.960427667902616501e+09 4.912945785821319371e+07 5.979291895985764503e+09 4.942216843929849625e+09 -1.118818685041568279e+09 1.734927672399065399e+10 9.929675747767038345e+09 1.516739211906803131e+10 1.155966049700831175e+09 9.439509868817436800e+16 3.715620172150424000e+16 5.069416594436828800e+16 -1.559728295563717440e+17 -9.830502867726993920e+17 3.026223708786290400e+16 2.793541205686968800e+16 -1.007440313494123600e+16 9.361236784003971875e+13 1.396705366693766880e+17 -2.716698032458296320e+17 9.870567690855838400e+16 2.880800561180707840e+17 1.150854990302948800e+17 5.447692926184219200e+16 1.374059672209496960e+17 7.023706566952016800e+16 6.571499185372636800e+16 1.581802384935732480e+17 1.054269470319951520e+17 -5.221375486958145600e+16 1.448457482323720960e+17 1.085871621979451840e+17 4.842541672237340800e+16 5.426809104307023200e+16 1.017086297250607360e+17 8.778658660929659200e+16 -4.961911855697688000e+16 9.221454446883305600e+16 7.662683550906259200e+16 8.715324905049968000e+16 4.153564978540274400e+16 2.918457286326350720e+17 9.212560893360865600e+16 8.612315248783017600e+16 7.747767949860347200e+16 1.024041187321263200e+17 1.416650203036702880e+17 5.360313384730001000e+15 4.353873814219112000e+16 6.747043428435779200e+16 9.310236278724460800e+16 5.700975777879389600e+16 -4.378658555509348800e+16 5.009763903485875200e+16 2.461282952497632400e+16 2.836556958096014000e+16 2.664705337248123200e+16 2.421784540325366400e+16 -2.168586031294835840e+17 5.034784829059160000e+16 9.217644757751019200e+16 1.797426212233857920e+17 2.092855328049010240e+17 8.838882006244604800e+16 1.183216820594653280e+17 3.925406830145786240e+17 1.004827190481008480e+17 5.444045135451452800e+16 4.659530400619605600e+16 3.533047486736582000e+16 6.932189645898599200e+16 3.390213593576602400e+16 1.849587646727648800e+16 -2.248335784423148400e+16 4.785010152366528000e+16 1.485645734453499800e+16 6.431861155588568000e+16 3.185316686927890400e+16 1.427085470211394000e+16 9.425412638648668000e+15 -3.176269155632665200e+16 1.216169365258886880e+17 1.054424310454595040e+17 5.044426837783849600e+16 9.969361777142267200e+16 6.256549792587934400e+16 -3.474388721508070000e+16 3.379341967305141600e+16 3.879947912135207200e+16 4.978151205023229600e+16 1.249361778037849800e+16 1.185182664591605000e+16 -4.133319778989828800e+16 9.993748650975606000e+15 3.599339643309842800e+16 4.355277751189499200e+16 2.734777076336716800e+16 1.558504563999133200e+16 1.624840969244165200e+16 -5.137740282868787200e+16 5.029118625750054400e+16 9.282461933473324000e+15 4.664611428709597600e+16 1.959334917174790400e+16 8.200691487115031000e+15 1.157253923368575000e+16 1.571697952518767400e+16
-1.383223078619602051e+12 3.717754507033505249e+10 2.877566166069560547e+11 7.646375847955087280e+10 2.568117859667103589e+08 -1.537687858897471619e+10 7.092548763253720093e+10 3.660672759625177002e+10 2.377491893241686401e+11 3.034485430331669312e+11 2.288979950897720032e+11 5.018628048058209991e+10 1.197262205621696167e+11 1.905469024902295227e+11 4.292360463154170990e+10 3.053318550978840637e+10 3.697559103339941406e+10 6.779177901981778145e+09 2.765695984010536957e+10 3.983178563384527206e+09 4.429572461774463654e+10 1.468306709753491974e+10 -1.719027414354273605e+10 6.800788564492280960e+09 1.506017354041048050e+10 -1.296155237017613411e+09 4.665543339965804100e+09 2.589804140504880524e+10 1.103340200560781479e+09 3.892683451246990204e+10 2.004425446999936295e+10 1.426240152466996384e+10 6.455277186993898392e+09 9.746619461604108810e+09 1.711549226681923485e+10 1.152588021093847752e+08 -1.246768000059365988e+09 -3.461024756826463699e+09 -5.803889403501585960e+09 -1.506577281813946724e+09 1.582395139221051216e+10 9.057693740363195419e+09 1.945547810624256134e+10 1.569723994454764175e+10 5.749876928351408958e+09 4.116073720192991734e+09 1.272927692434661865e+10 4.873181368758686066e+09 3.968958486162775517e+09 9.552908236673669815e+09 3.448535716993624687e+09 1.278563051714670944e+10 2.163435277801919937e+10 1.095097687525036430e+10 1.927721831164125824e+10 -4.560654399092094720e+17 3.956458479317947520e+17 7.280239666953865600e+16 -2.384220561449509440e+17 -6.317389050432152320e+17 1.042505130533644000e+17 -7.598274967702801600e+16 -1.956704793721407200e+16 -2.449578478015141600e+16 5.329214579449426400e+16 -9.868636176107449600e+17 1.867314035952649600e+17 1.429391001754478880e+17 2.627868849179063200e+16 -1.006564637315600000e+16 1.065018006070229120e+17 -1.684948702467522400e+16 2.081984610568201200e+16 8.494057190170873600e+16 3.125854183492178560e+17 -6.174479774709863200e+16 1.104250023919465120e+17 -1.881386939040289250e+15 2.645769513675116800e+16 4.486155149428019200e+16 2.542923988928650000e+16 6.391300740297488800e+16 7.172845737233601600e+16 8.396393673996072000e+16 6.864782077905319200e+16 7.327743603051337600e+16 8.909843139428737600e+16 8.119165689373113600e+16 4.616802964990265600e+16 -1.267791860515220960e+17 1.460087262239345250e+15 1.749813476441823400e+16 2.752741503234080800e+16 6.013576137499130400e+16 1.014381205376143840e+17 4.913152261237208800e+16 3.661226766610377600e+16 9.886539692527576000e+16 4.699064492539382400e+16 -1.236608847751171200e+16 4.703165033585778000e+15 -1.985280668937083750e+15 5.580623416281840000e+16 5.386256076218930000e+15 -8.774490158815432000e+16 3.986348482025541600e+16 5.833261903335384000e+16 4.793309901768856800e+16 -1.557696340876845120e+17 2.485417298107900400e+16 7.069937540832335200e+16 1.004827190481008480e+17 5.293486764093998720e+17 1.652833649097086200e+16 6.685798373145267000e+15 3.606279394722504800e+16 4.116547538706169600e+16 5.233896906463089600e+16 2.792176527421582000e+16 7.327983420330982400e+16 4.446988270849612000e+16 3.335068798700283600e+16 4.834205511434930400e+16 5.557817779360819200e+16 3.506340761665129200e+16 4.250778302558677000e+15 -1.577452229620716160e+17 8.710640304066782400e+16 7.312310044459340800e+16 5.966794786965699200e+16 5.113029816223310400e+16 1.255135482059937920e+17 6.703813107929691200e+16 -5.281952171459515000e+15 2.959758808323445600e+16 6.191152428620680000e+15 5.045798718809374400e+16 8.176707206353248000e+15 -6.807928420884233750e+14 -1.793595209503990200e+16 1.716527340407134600e+16 2.052153923108781200e+16 4.723525495795224000e+16 1.717065473306901600e+16 1.780186859698756600e+16 7.142751795670720000e+16 2.328198385868613200e+16 -5.090570714276074000e+15 1.534618059594138800e+16 2.455510322792021600e+16 1.482498763882355800e+16 5.767607078886536000e+15 -1.478771043503680200e+16
4.376241250291056152e+12 6.999064843963994141e+12 4.422077110839669922e+12 6.803749452267930908e+11 3.833692385606077881e+11 -6.932863526524310303e+10 1.226021994987308807e+11 -2.901645730705577469e+10 -1.152861296479756927e+11 -2.011777515379796753e+11 7.483434445538557434e+10 2.915019357774712524e+11 5.312062692539143677e+11 2.653827133211340637e+11 -1.291711715263912048e+11 -2.051063159530921021e+11 -5.127012339373776245e+10 -8.333071325236854553e+10 -5.523694572698932648e+10 -1.334501946827739143e+10 -3.092772322497203445e+10 -9.470005252713960266e+10 -3.955610304649654388e+10 -2.277648316192977905e+09 -1.529044714239365959e+10 2.437543500252018738e+10 8.618837837739015579e+09 -7.816880601206484985e+10 -6.253606768018640900e+10 -6.103601423455037689e+10 2.849423372085225677e+10 -2.311442524950649738e+09 3.684720807201244354e+10 1.054505439174310112e+10 -2.087408698207313156e+10 9.369720793293064117e+09 -1.728165979378030014e+10 -7.800129792795289612e+10 -7.263302541186166763e+09 -5.672206844867399597e+10 -3.640196498510028839e+10 -3.004263923211491394e+10 -5.475503433432614899e+10 -1.846061891853344727e+10 -5.867821586051056862e+09 4.957979700268054199e+10 3.629490981567486572e+10 3.689240668264482117e+10 4.324291391455270386e+10 3.071325676282601166e+10 -6.692749031231208801e+09 -3.993978126665344238e+10 -3.027429045421055222e+10 -3.513089280847515106e+10 -3.659969564596620941e+10 1.142935977237384397e+19 9.738306863774595072e+18 4.650970042459240448e+18 8.244943701565105920e+17 1.403071670712228000e+17 3.373735164453732864e+18 3.769886661185736320e+17 3.961420381792852992e+18 5.348336640618602240e+17 3.624227590608264320e+17 -4.931821804817704960e+17 6.612930526355418400e+16 3.235272771346065408e+18 -6.800187074005235200e+16 -6.826646847265797600e+16 3.962833398996498944e+18 1.737053629731033250e+15 4.481253117498446875e+14 -3.730340815354610560e+17 5.432913007899582720e+17 -1.158831522603888384e+18 -2.294649951701997120e+17 -2.136505036590651520e+17 3.140413467825762816e+18 -1.379499708854592320e+17 -6.963751668664969600e+16 -4.919860542655116800e+16 3.711463167021212160e+18 -3.206401772347799600e+16 -1.928898593268183360e+17 -4.117001208835180000e+16 1.390480082559504800e+17 -4.170079598174206080e+17 3.692805616158916000e+16 1.807770369112908800e+18 5.555715094466268000e+16 2.089525864106228400e+16 -2.429492879799708400e+16 3.412121451072437248e+18 -5.827834179155868000e+16 -3.763353873717296000e+16 6.755596220147277600e+16 -7.362599613394790400e+16 4.507679924580142592e+18 6.956285967023649600e+16 5.239791678099769600e+16 -2.749596012504487200e+16 -7.442585830825352000e+16 -6.611310622397388000e+16 8.103334137746899200e+17 3.241016675371461120e+17 3.084702879343864800e+16 -7.197123021594724000e+16 3.229142885193105408e+18 1.837412528048675200e+16 4.379779717274428800e+16 5.444045135451452800e+16 1.652833649097086200e+16 6.254930892809858048e+18 1.221128537743228160e+17 6.122355851410647200e+16 3.546255897000351200e+16 5.409713821801317600e+16 7.297888904864304000e+15 4.089351306588887040e+18 3.289727967222402400e+16 2.070852680180718000e+16 1.700700654391729400e+16 -2.316682658544221600e+16 2.751405045004434400e+16 8.281164597375732800e+16 2.247617158370199040e+17 -1.147968442647822560e+17 -7.506573243176189440e+17 3.322781311938379600e+16 1.065282623507197800e+16 -4.165275415567175200e+16 2.879464582839450624e+18 1.668564723565346000e+16 -5.149262809884998400e+16 4.941912180732926400e+16 -3.882622643415999200e+16 -1.473742614157962400e+16 3.253528291129728512e+18 1.175156742994083200e+16 -6.588342714028168000e+16 -7.669215237519634000e+15 -3.280422125061744400e+16 2.113432560488576800e+16 6.735689998368217600e+16 3.406479340663623168e+18 -7.331751831951913600e+16 -1.004530491605345120e+17 -3.905751781251065600e+16 -2.057401097615849200e+16 8.331919541872923200e+16 5.015472041552393600e+16 2.684758210511884400e+16
-4.237320936823884583e+10 3.118245945987689209e+11 1.175420784291600586e+12 1.576131774341382812e+12 9.007754003020374756e+11 2.664406549845652771e+11 1.332865891828551331e+11 4.417109845115550232e+10 3.069382109398286819e+10 -1.167005567763973389e+11 9.392843192737421036e+09 1.485460153469745483e+11 1.525428466144077759e+11 1.168246178695486298e+11 5.962877768719996643e+10 -1.012650066694720459e+10 2.629593333605094528e+10 -2.416134766327206194e+08 -8.462866460988179207e+09 3.463219391715080261e+10 3.510075957903372955e+10 2.341677541660804367e+10 5.041047374261764526e+10 3.919024547888340759e+10 4.197007612029183388e+09 1.228683254512188721e+10 4.612661394873874664e+10 7.359568987550409317e+09 6.926084177781478882e+10 3.957929129397801971e+10 3.812369410245456696e+10 1.234316910835756874e+10 4.997902575801296234e+09 1.481042537879276466e+10 9.006500396051649094e+09 2.863122264687229156e+10 3.719842623657344818e+09 2.280943004629222107e+10 1.371498752505172920e+10 2.629803452514673233e+10 3.892777504713587189e+10 4.405637964974304962e+10 4.236337750824998474e+10 2.849850083807119370e+10 1.773861888049403381e+10 1.159222311388954353e+10 1.687639187410194588e+10 1.503886299800353050e+09 8.043408672614773750e+09 1.917271800532173538e+10 3.782791942131488800e+10 3.682586684961866760e+10 3.144154889681290817e+10 2.323989870519307709e+10 6.918769507812924385e+09 5.439960767583612800e+17 5.994588559322590720e+17 2.697105007661154240e+17 1.139500347671006720e+18 4.282875143528115200e+16 2.947498068620314240e+17 8.099614282134759680e+17 -1.598668018016574400e+17 2.304443593798545280e+17 -2.970779964838529280e+17 9.493792709988622080e+17 7.017746648112880640e+17 -1.962175504114602000e+16 3.444502531506716800e+17 4.110673962968929600e+16 -2.913000051399801600e+17 3.213745701841128320e+17 -2.558102452008226000e+15 7.785627727190553600e+16 -1.081250406802583296e+18 -3.248085050519984640e+17 4.290990894973980800e+16 1.026842189554518400e+16 -9.008409409779644800e+16 2.722310998110550400e+17 4.479008821723768800e+16 4.204507250591650400e+16 -2.291162712804044160e+17 2.410752574620538880e+17 7.847571907395859200e+16 2.074072368785406800e+16 -3.025919165534790400e+16 1.470587347835394560e+17 -1.880194010717502800e+16 3.510850386220786400e+16 3.167493197916231040e+17 9.817962209756430000e+15 -1.023462759250936400e+16 -1.357521520476720480e+17 3.001960533063077760e+17 3.841533173255092800e+16 1.636986078102498200e+16 4.106801842582837600e+16 -1.041836108734315200e+17 4.392994185142077440e+17 3.892328344179728800e+16 2.200460592415809000e+15 1.840611882333657200e+16 -3.396615710005381200e+16 3.596872264278599600e+16 7.034369311531388160e+17 5.619546145446372000e+16 4.456670464921944800e+16 4.361810862830094720e+17 3.673197374751939200e+17 3.153724476727539600e+16 4.659530400619605600e+16 6.685798373145267000e+15 1.221128537743228160e+17 9.200773877569245440e+17 6.037098042190039200e+16 -2.855897779596616000e+15 4.181569340690877000e+15 1.910094388848306750e+15 -1.698076943881465280e+17 3.524522984430878080e+17 4.594033888144783200e+16 2.633441718693757200e+16 -4.583885293832139000e+15 8.430960177181966000e+15 1.055073230178065000e+16 1.190582363880157000e+16 -2.662537906388603600e+16 -1.202404761416903360e+17 -1.771289753596770000e+16 6.626451936776739000e+15 1.474680255464871200e+16 4.274102675965365760e+17 3.358190842328355200e+17 4.851196063262098400e+16 1.974690043365628000e+16 7.726413385478420000e+15 2.129623411959815200e+16 -9.949370557980220800e+16 2.359315038812610240e+17 2.767500002025166400e+16 4.988924151790070000e+15 1.180392451528079800e+16 1.193995947432788800e+16 3.373944492445260400e+16 -2.119233875263297600e+17 2.398244694181331200e+17 1.201315259683547800e+16 -8.157649766393950000e+15 4.922141121179414000e+15 3.958670328898875500e+15 1.707322941435473200e+16 -1.450185249090586000e+16
-4.856495461518513489e+10 4.451262971127901611e+11 -1.458970755010440369e+11 1.831221107756956482e+10 5.446910288156241455e+11 7.732300283096688232e+11 3.716935583064561768e+11 6.502557572631919098e+10 2.084547011855298996e+10 1.358969732935423088e+10 1.323826143558157196e+11 1.588538129894358215e+11 1.563830917773085632e+11 1.275836880384241943e+11 8.409762485473628235e+10 6.928578842172390747e+10 5.241701493305248260e+10 2.371789055073731995e+10 2.422283946149089813e+10 3.948187832005151749e+09 4.188528695765221405e+10 2.664092536626887512e+10 4.518301392993923187e+09 1.445140869877292061e+10 2.048164924924759293e+10 1.485045227880242157e+10 1.578284556395637131e+10 4.393949594718201637e+09 -6.624514713754268646e+09 1.174784194932356644e+10 8.147643338023662567e+09 2.866120160074171066e+10 1.412187411192972946e+10 3.491674371421562195e+10 2.532870990082494736e+10 1.156884108735470200e+10 2.783515217548137188e+09 1.203547770671597290e+10 4.751840309933893204e+09 1.756322013417844009e+10 2.050048523377477646e+10 1.691845242216808558e+09 1.613580411388796616e+10 1.425583468544730568e+10 1.352171121276398849e+10 1.475182234420717049e+10 9.378454631305240631e+09 7.626433041922040939e+09 8.640370716523101807e+09 2.039096642870897293e+10 1.593652649272394753e+10 2.085203254451094055e+10 1.127095426699504852e+10 2.489919604824238420e+08 6.350306391423425674e+09 3.421081789757362560e+17 4.516651716099626400e+16 -2.299212222875587840e+17 -1.135809012291192960e+17 9.842351743562082560e+17 9.297488321694358400e+16 1.687277967213067520e+17 2.574088210230905600e+17 1.320331891222005280e+17 2.573556729815961280e+17 1.186830533242358272e+18 6.389714643818869600e+16 2.537948250956106880e+17 6.516228841537935200e+16 1.877656249694864640e+17 7.787960394356348800e+16 2.115667127180192750e+15 1.240799270321335680e+17 4.661630683753359200e+16 -3.379259171355162880e+17 1.431411019285724000e+17 1.655664887157760960e+17 2.268400822286040640e+17 2.126959639559547600e+16 5.031017770197032800e+16 1.227370658753874240e+17 1.111550842103033125e+15 1.097960960614124400e+16 3.424000228226044800e+16 6.618238829574247200e+16 5.919995474002449000e+15 3.745020786615284500e+15 1.555010330288386880e+17 1.466081381432340480e+17 5.975452291829939200e+16 6.681947536112244000e+16 1.021650335101899040e+17 2.922793313210821600e+16 -5.862353648322295000e+15 5.853558705440970400e+16 1.070661539330028960e+17 3.439869959007310000e+15 2.185081428627749600e+16 3.418522593260726800e+16 2.853698567173119600e+16 1.996591358382392960e+17 3.348729067838100800e+16 3.294807065133351200e+16 5.895682373196766400e+16 4.374854766710234880e+17 -1.489509797516188480e+17 1.211963118079390400e+17 7.433984237611208000e+16 1.330421075662974560e+17 4.864596069652544800e+16 1.054158582426896640e+17 3.533047486736582000e+16 3.606279394722504800e+16 6.122355851410647200e+16 6.037098042190039200e+16 4.755623734045080320e+17 7.175993594197942400e+16 2.797037112764714000e+16 4.992705672468618400e+16 8.493889884070899200e+16 1.153654665215649400e+16 1.732945825545650880e+17 6.599362527296296800e+16 3.817836414643591200e+16 3.537795135924181600e+16 2.119673127969118800e+16 -4.385273236300503200e+16 5.187316016875230400e+16 1.248994139858954560e+17 8.558902517045201600e+16 2.944924688548774800e+16 3.580117106829040400e+16 -1.819087505991329600e+17 8.620826712688136000e+16 1.284776490524344160e+17 4.335462343771944000e+16 1.765179953305543800e+16 1.897022072913243200e+16 6.132305293279265600e+16 -7.758261684259007812e+13 1.002682466462475520e+17 3.027370316970270000e+16 3.812430900110460800e+16 2.438104413475430000e+16 2.076037087889693600e+16 5.810619556209325000e+15 6.706030034323595000e+15 7.489122110693950400e+16 3.089924280350039200e+16 1.278219939302350600e+16 1.782806674371177000e+16 1.598499557973795400e+16 1.079372847145954400e+16
1.532618964715349731e+11 5.868099336684000244e+11 -7.908827786191426086e+10 -8.709994486401945496e+10 -3.880240661480926514e+10 1.022259689362417450e+11 3.296586802621201172e+11 2.928242907331029663e+11 2.232087422071604614e+11 1.570772975321227074e+10 1.449932094908235474e+11 1.371503564509679260e+11 1.444263487527798157e+11 1.336105196722458191e+11 8.785847862584559631e+10 2.330989543859054947e+10 3.137348281194539642e+10 1.933950992406261826e+10 2.207567738572544098e+10 2.311208845988305283e+10 2.667700718226391220e+10 6.708964806001333237e+09 2.697354648268058300e+09 3.071770535131299591e+10 2.413029340473188019e+10 2.298564686282405472e+10 -2.927777756430100918e+09 -4.204581722909016609e+09 -5.689237956094002724e+09 1.947518571784071732e+10 2.159558727410568237e+10 1.816894586112738419e+10 9.689800112068693161e+09 1.152696252929773903e+10 1.260247002429318428e+10 2.783293384704018021e+10 1.707906414820703316e+10 3.198623395939985752e+09 -2.461835443862997532e+09 1.505923494915052032e+10 2.417610094642040634e+10 1.018312418161139297e+10 7.902575894788904190e+09 1.198102466704631042e+10 6.029715099139047623e+09 1.356143222404998207e+10 9.045413587109022141e+09 1.267445050336409760e+10 1.453415086503794098e+10 1.380738890322469711e+10 1.066383670744007301e+10 1.533126490282981110e+10 1.481588812969898701e+09 1.609279386126340103e+10 1.972091023653769302e+10 4.154985545806200960e+17 3.652574164845223040e+17 5.158913563337837600e+16 -2.045181418349670720e+17 3.492343103536096640e+17 1.838405561938816960e+17 -4.351577710811699200e+16 7.093580618264734400e+16 -2.107753608525348800e+16 7.299783929744945600e+16 -2.195832220366226560e+17 -2.916399972453789600e+16 2.279772387158146560e+17 7.921020197862798400e+16 8.145019514935296000e+16 1.926015375940252800e+17 1.049694898960896640e+17 1.038405096789485760e+17 1.641457531474191680e+17 4.985931897042039680e+17 -6.652328327087667200e+16 2.857489886183870800e+16 -1.272232291402348800e+16 9.215220462689604000e+15 8.696065524927837000e+15 3.346240116547624800e+16 8.028341696488169600e+16 1.034891959969332320e+17 -2.438106708259521600e+16 -2.066070474869222000e+16 6.884952761835283200e+16 4.587749033846691200e+16 2.263090367752172160e+17 5.282165052385355200e+16 -1.300151627371126080e+17 6.395980194107169600e+16 8.134824780423320000e+16 8.512383598491945600e+16 4.172575831304111200e+16 1.722926063667969400e+16 6.361500973079592000e+16 7.229785635479401600e+16 3.537202360780360400e+16 5.232262188686388000e+16 6.911527747745045000e+15 8.659747987629036800e+16 1.233883349819555680e+17 3.998360676724384800e+16 1.716736718795057800e+16 -7.784153460378881000e+15 5.763907504343291200e+16 7.100908477892928000e+16 5.980217464280788000e+16 -2.896738720728029600e+16 1.217989564301135600e+16 4.219174425918155200e+16 6.932189645898599200e+16 4.116547538706169600e+16 3.546255897000351200e+16 -2.855897779596616000e+15 7.175993594197942400e+16 3.200274844572967040e+17 4.783308217091619200e+16 3.947480358619023200e+16 1.393595772478889600e+17 1.890747432765087600e+16 3.571407229011346800e+16 9.908115311952555200e+16 3.310835614089535600e+16 4.605038050627799200e+16 2.946245163850666000e+16 6.921849420781293600e+16 7.670582516602910400e+16 6.161472277828823200e+16 3.179578383207314000e+16 2.429237654617968400e+16 1.113222725890207000e+16 -6.967632131307703200e+16 -2.177216942683490800e+16 3.779807865366639200e+16 7.485134569388348800e+16 2.235125169745382800e+16 2.585162790083588800e+16 2.372618736941196400e+16 -1.203801990466781800e+16 3.177269245648683600e+16 4.831860892026325600e+16 4.041319337740432800e+16 2.844343151616163600e+16 3.583013678966030800e+16 4.228933899672166400e+16 -1.608686448601671200e+16 2.634153932143608000e+16 5.657044268214602400e+16 5.629059688314257000e+15 5.651508184895610000e+15 1.193383466707641800e+16 1.105554558902889800e+16
-5.004311404184923096e+11 -4.791684210818019867e+10 8.405807123574354553e+10 -2.098631077620159607e+11 -1.082814377956078186e+11 2.360565131437166977e+10 1.185791416003843689e+10 6.238560202605932617e+10 1.551134953850020142e+11 1.554962302020243530e+11 1.339702942050659485e+11 1.539315721850682678e+11 1.737982711898997498e+11 1.228163459950803223e+11 5.891401196316567993e+10 2.523969042392367554e+10 2.565142484855025101e+10 2.467026472548698425e+10 1.753949625446715164e+10 2.881498310416863251e+10 1.367178697180669785e+10 -1.451753459380978394e+10 -3.560277234688137531e+09 1.248445511634111595e+10 2.328139775370988846e+10 1.808218567812427521e+10 9.672548650577369690e+09 2.105186025007204819e+10 5.585523163485339165e+09 2.808932761693208218e+09 5.782122445661140442e+09 5.015399048477004051e+09 4.228828365237909794e+09 7.618660910753690720e+09 1.260722204696659851e+10 -4.511505009850887299e+09 -6.488122092932372093e+09 4.951079337322488785e+09 6.741945082826700211e+08 -1.495568362898166656e+09 2.184308911643342590e+10 2.427894829357855320e+09 8.668081162557419538e+08 -2.987842084810658455e+09 -3.257835974828807354e+09 2.929068402458899021e+09 2.989265790888002872e+09 -4.082706194304479957e+08 1.652592009567598104e+09 5.701198949274469376e+09 -3.076023506487090588e+09 2.883427397618156910e+09 6.517720918974336624e+09 -1.399978018613006592e+09 7.410438137374166250e+08 -2.585676786971525200e+16 4.033842551402237440e+17 1.700142422275445120e+17 2.331283601775702800e+16 4.915329973676385920e+17 1.082110422052484800e+17 -6.613424718993736800e+16 1.276562802563792480e+17 -1.006209076011589280e+17 -1.009675848215062800e+16 -8.562579224666182400e+17 -1.962454918607771600e+16 4.690300258329008800e+16 1.885108886114727200e+16 3.067603486695925600e+16 1.382377755834662800e+16 -5.002289347867644800e+16 1.668085489557167600e+16 9.833058542485894400e+16 -2.289710397602196160e+17 -2.813030402320208000e+17 3.964340541217149000e+15 2.019160713195776000e+16 1.979807924972751600e+16 3.545156637011516800e+16 8.799752986620175000e+15 2.469444092844783600e+16 1.136765014234075200e+17 6.065716788715307200e+16 4.684626414814799375e+14 4.300813487209819200e+16 4.320615522017189600e+16 5.698306497092505600e+16 3.616538354826137600e+16 -2.278957973057428400e+16 3.858422217950897600e+16 4.146494087858212800e+16 2.616453895012519200e+16 7.571919683211804800e+16 4.904103310612094400e+16 3.371020328330893600e+16 3.669308369761484000e+16 4.062207516698492800e+16 1.081968091477983360e+17 2.082192297206328400e+16 3.086394602997892400e+16 3.545090959101639600e+16 9.095653297634750400e+16 6.413588851636697600e+16 -6.718832295594792800e+16 -3.591389318969333600e+16 2.320380445838282400e+16 1.283536807576706600e+16 1.187754470661375040e+17 4.036681414842013500e+15 3.373886875624519600e+16 3.390213593576602400e+16 5.233896906463089600e+16 5.409713821801317600e+16 4.181569340690877000e+15 2.797037112764714000e+16 4.783308217091619200e+16 2.225172007072464000e+17 7.828420025024273600e+16 1.313378464005507840e+17 3.688504331047417600e+16 4.675875556094452800e+16 3.715852235267203200e+16 6.949039487067143200e+16 4.580347779175075200e+16 6.688478935171897000e+15 5.937011419987992800e+16 1.564744196413813600e+16 1.734456747784117760e+17 2.668538117671728000e+16 2.143179362176127600e+16 3.054205354964051200e+16 1.853942481913997120e+17 2.316489495126018800e+16 1.208687207644287600e+16 2.553523804280224800e+16 4.785215451555848800e+16 3.435396406181074400e+16 3.770527098409091200e+16 1.067880621790383400e+16 2.100403722100036800e+16 3.292149003770486800e+16 3.685827347097171200e+16 1.941800374552132800e+16 2.698877955035601600e+16 4.725213153165270400e+16 -9.790398857902360000e+15 2.483340521671216500e+15 2.222882183597579200e+16 6.711388673115875000e+15 1.729847670278407200e+16 2.020596877503700800e+16 1.078515054186039600e+16
-8.044836321013037109e+11 8.939912283050396729e+10 -2.537376524107338562e+11 -2.948466591286652374e+10 -9.628931908237586975e+10 1.398028250915242615e+11 1.451335818672005615e+11 -6.103490621921817780e+10 -5.593420389426284027e+10 2.929980298262632370e+10 1.840198060993423157e+11 2.834501489390908203e+11 2.155917522990871277e+11 9.368424558073779297e+10 4.328558121952019501e+10 -1.948056682755738831e+10 2.984857404350915909e+10 2.830735402498830032e+10 4.397072046590585327e+10 3.620449705200474548e+10 5.027959902505738831e+10 -8.320979986001135111e+08 2.434651880326420593e+10 5.021201775289427948e+10 2.652419620448226929e+10 2.078369333270154190e+10 1.450843598537765694e+10 1.074351401711612320e+10 4.104322061610033989e+09 2.389745824770876312e+10 2.509001731503169632e+10 1.845984018405581665e+10 2.139294745419576645e+10 7.884760953761966705e+09 1.513458762880659485e+10 1.284923151256351662e+10 1.548279021718888092e+10 -3.277399046122704506e+09 -2.882759600513483047e+09 1.148226029095439720e+10 1.410713207418405342e+10 6.247457507738218307e+09 1.243381881524879837e+10 3.706932486422265768e+08 3.321845254667122841e+09 1.637072260022130966e+10 1.186364348608602524e+10 1.237374896668075562e+10 5.418781222649720192e+09 -3.264233076657149315e+09 7.745078863085460663e+09 7.575095726160209656e+09 1.078133345248672295e+10 1.095465085985116959e+09 4.044725973964857578e+09 -4.105525565832031360e+17 2.209392663612922400e+16 7.604600448580449600e+16 -1.782536722236512320e+17 2.377224317995324160e+17 -1.972179153975322000e+16 -5.894327206033088000e+16 1.443927670061611200e+17 -1.113716640701997440e+17 1.168882649083001600e+17 -8.954553085986882560e+17 1.333828964593893440e+17 -4.717988997073545600e+16 5.478638120037519200e+16 3.389064814701338400e+16 -1.137083216436621440e+17 -3.916619497032096800e+16 2.832564880285946800e+16 7.746286041981782400e+16 -1.040045390931916960e+17 -5.912380362581534720e+17 -1.519471838311869000e+16 7.511134661509977000e+15 -1.791173619849524480e+17 2.073363200318323600e+16 9.041065188082904000e+15 9.123963443418866000e+15 -2.426825601508122400e+16 1.787361740739307800e+16 1.565939339180609200e+16 -2.736310492989162000e+15 -1.080613027930424800e+16 -3.043425727071762560e+17 1.852695052935680800e+16 -2.339478209598915840e+17 -7.282426647010171875e+13 3.017449775403194000e+16 1.113467909279409800e+16 -2.150355663209500800e+16 4.383804062874212800e+16 5.899565295447307200e+16 4.082183991712222400e+16 4.349584782269768800e+16 3.000054105578347600e+16 1.908243675234247600e+16 5.282300915952214400e+16 9.111762228346363200e+16 7.436977721922248000e+16 1.812516904930172480e+17 -5.775384117417318000e+15 1.264611971512917280e+17 2.613333834647685600e+16 2.745207531391948800e+16 1.314837250475036640e+17 -4.162883642028175500e+15 2.695137766432633200e+16 1.849587646727648800e+16 2.792176527421582000e+16 7.297888904864304000e+15 1.910094388848306750e+15 4.992705672468618400e+16 3.947480358619023200e+16 7.828420025024273600e+16 3.601534843165066880e+17 2.903424562332973600e+16 1.610722025677092600e+16 4.103900458473332000e+16 2.408343622197649200e+16 3.027215794080183600e+16 9.308839334479696000e+16 4.867540273129605600e+16 -3.745098049940013600e+16 3.872363175859713600e+16 1.447765838700382400e+17 6.807117599183495000e+15 2.456298182218496400e+16 3.286170673649729200e+16 -4.218689490195226400e+16 3.443670676979794800e+16 3.055384739527426000e+16 2.478685398862282400e+16 3.496378617492916400e+16 7.518869289263305600e+16 2.261536887449364800e+16 1.415669453339870800e+16 3.409082931399487500e+14 5.702968079802290000e+15 2.533864290387790800e+16 4.555754257177216800e+16 2.960857590115124800e+16 -1.476793646332494600e+16 4.951348622228435000e+15 -8.688812772394481000e+15 -4.121237988756627500e+15 1.015756490949065600e+16 1.427196773341863600e+16 1.671087877979675800e+16 5.023622825462429000e+15
8.955818539007935547e+12 6.812165763323489258e+12 9.254992509293726807e+11 5.431437242060969238e+11 3.939510951761489868e+11 -1.594361581994290161e+11 5.579662666855023193e+11 1.862200927586013489e+11 -1.396890171707933655e+11 -1.003537263602972717e+11 5.174650625601542969e+11 1.232008164596014099e+11 5.241010912697493896e+11 5.805441021974056396e+11 2.939395432577155113e+09 -2.979074896764862061e+11 -6.986041581060763359e+09 6.830109977363798523e+10 6.245666433312873077e+10 4.675088254083509827e+10 1.050712779687659454e+10 -5.330581539699009705e+10 -7.005051352910058594e+10 -4.158605142527299500e+10 7.078777710923396301e+10 7.904321415322027588e+10 -5.282090366304302216e+10 -8.019795898294116211e+10 -6.794223357064733124e+10 -8.241214569394144058e+09 1.547750020924354172e+10 -3.546797741087407684e+10 -8.129281753650035858e+09 3.460023371214638519e+10 8.209286177757741928e+09 -6.297254363934334755e+09 -6.700158734111727142e+10 -2.950820074175349426e+10 -4.051972073499039459e+10 -4.723276884350283813e+10 -7.538679024107328796e+10 2.857941550264185333e+10 -5.657515958495420074e+10 5.327679589263825989e+10 9.807655637811326981e+08 4.974158298791510773e+10 -3.046246086240380764e+09 -1.423586108422504425e+09 8.830669023100030518e+10 1.291544230755998230e+11 -2.679144654506488800e+09 -4.044829046503908539e+10 -1.388562958678996849e+10 -4.876246177850392914e+10 -3.332832124712311172e+10 2.954341701649086874e+19 1.003500767887402803e+19 1.240986090844832973e+19 4.237519534885653120e+17 3.179285655553662080e+17 4.471036010341005312e+18 -6.854503913366771200e+17 9.936311367350603776e+18 -3.566170550345559040e+17 1.365135812158718720e+17 -1.443697946920088320e+18 8.153374539142813000e+15 4.198243229327018496e+18 -3.472240547991370880e+17 -1.545907699605850560e+17 9.725715437106130944e+18 -3.679174361672321920e+17 1.071486745740249280e+17 -1.357574108735747520e+17 3.788961591208740480e+17 -3.020254524275116544e+18 -3.054004410616924800e+17 -2.788670355110255360e+17 3.572396895933388288e+18 -2.739314246803508480e+17 -2.036464767734768800e+16 -9.404059498681297600e+16 9.067443816313106432e+18 -3.215958617734314880e+17 -1.558326884737932480e+17 -1.083373257310529600e+17 1.264735366515874880e+17 3.052566644105705600e+17 2.459300050533959680e+17 -6.957333735810008320e+17 -2.316540643743172480e+17 9.371931775599595200e+16 5.920259680238826400e+16 4.051302273352117760e+18 -2.725307126669662720e+17 -1.166829622262028160e+17 3.509965244257879600e+16 -1.883600430410126000e+16 9.235171026460958720e+18 -2.846853589918755840e+17 -4.177767706082694400e+16 -3.465802717065900500e+15 -1.104609579331409920e+17 -1.010743713013344600e+16 2.373074262180845120e+17 2.288538947941268800e+17 1.765598309346820160e+17 4.608869249255217000e+15 2.754630612911670000e+16 -2.168473047339914560e+17 5.092487942143757600e+16 -2.248335784423148400e+16 7.327983420330982400e+16 4.089351306588887040e+18 -1.698076943881465280e+17 8.493889884070899200e+16 1.393595772478889600e+17 1.313378464005507840e+17 2.903424562332973600e+16 1.134360373590636339e+19 4.440725127669358400e+16 1.073076718983133600e+16 1.383577665556922400e+17 1.434867681404821920e+17 1.181883726454281120e+17 1.772279225611025600e+17 -5.798421259711050400e+16 -8.715158548199569000e+15 -9.954109293455173120e+17 4.050539529582296800e+16 1.177122418491682200e+16 -8.441913035820315200e+16 9.580402583635020800e+17 -1.366788794125287680e+17 -4.462285384997802400e+16 8.628423651397276800e+16 -1.416041315924032200e+16 -6.789359829520564800e+16 4.203694033523019776e+18 -2.239583098961248640e+17 -9.423892037891699200e+16 8.892086594630875200e+16 5.165718384003301600e+16 4.915324202090956800e+16 1.047059700876894880e+17 8.624775629244315648e+18 -3.081615772242449280e+17 -4.641850113456513600e+16 -1.119692641545766400e+16 5.062401316122126000e+15 -2.981038487249823600e+16 8.424475245778942400e+16 1.766394362640454600e+16
1.204816033468634033e+12 1.184064620341547852e+11 1.233175978536245850e+12 1.563830165492914795e+12 5.927442416573164062e+11 3.004266506993283081e+11 1.353505921644546051e+11 4.059982495163410187e+10 5.876891289615647125e+10 -8.052303851650013733e+10 -6.661702654121227264e+10 9.610954273324250793e+10 1.699097616006971741e+10 1.690460715839140320e+11 1.798188239832503891e+10 -6.806316774110926819e+10 -4.417959114081787872e+10 -5.335194529672143555e+10 7.131977200572809219e+09 -4.090920003296083832e+10 1.476885842002135658e+10 2.902357177945993805e+10 -3.055683116869114685e+10 1.788046530540014505e+09 2.062277374160005188e+10 -2.779191872924228287e+10 1.377446988569635582e+10 -1.489790857761322403e+10 8.271179110288412869e+07 -1.007722626522259903e+10 -4.178527455562681580e+10 -4.616399835336651611e+10 -4.288965847965773773e+10 -3.224593929922751427e+09 1.938909169472026062e+10 -3.486099666023909450e+08 -4.473793343185719299e+10 -3.709651316891855717e+09 -9.086263824767780304e+09 -2.294308430334513092e+10 -7.130287710546763420e+09 8.063474867465523720e+09 -2.944987942744446754e+09 -2.036128526869670105e+10 -1.549699993271478844e+10 -1.807587693347182465e+10 -1.387963835405038071e+10 3.212912844004642963e+09 -2.730082302341909409e+09 -5.639107351028762758e+06 2.462114444314955139e+10 1.457945718241562271e+10 -1.455041768090425873e+10 4.232366882262213230e+08 9.368581095041916370e+08 2.179138486725768960e+18 5.924355015953231360e+17 -8.512828962668982400e+16 1.330233422022884352e+18 -6.682370758005123840e+17 2.512602414854707200e+17 8.143269041523712000e+17 -3.619619217377254400e+17 2.977520919653409920e+17 -1.172300157827841120e+17 1.237694645232315040e+17 6.242313179107052800e+17 3.207146582851296800e+16 2.816514408602174080e+17 9.503785515008550000e+15 -2.288407425206237760e+17 3.284857602153164160e+17 -9.374062266898654400e+16 -3.010733690251954800e+16 -1.424923807097286656e+18 3.258251010149187200e+16 9.978220041319425600e+16 -2.926185745211770800e+16 4.919449496187484000e+16 2.964446216791424000e+17 4.096614886993538400e+16 4.980247119114824800e+16 -1.475959396734275520e+17 3.067203913895841280e+17 5.799129373249694400e+16 -3.710116956000934400e+16 3.219861863257308000e+16 1.944356443291405120e+17 4.521795207673616000e+16 1.581048623403045000e+15 2.064586511217395520e+17 -1.505959988955143000e+16 2.055033653709626800e+16 -8.218910190140276800e+16 2.762071442101630080e+17 4.898054695558059200e+16 2.228101602921992400e+16 3.625457964163237000e+15 -1.695284170025979200e+17 3.165722895879184640e+17 -2.848734577890120625e+14 -1.697392930327446600e+16 -1.060698363782960200e+16 -1.470549778514492800e+16 2.759028689423595200e+17 3.632689703160080000e+17 1.100383192204302200e+16 -6.308270430206741000e+15 5.354605468881359000e+15 1.606485159238091520e+17 5.877210488521092000e+16 4.785010152366528000e+16 4.446988270849612000e+16 3.289727967222402400e+16 3.524522984430878080e+17 1.153654665215649400e+16 1.890747432765087600e+16 3.688504331047417600e+16 1.610722025677092600e+16 4.440725127669358400e+16 1.264657492977345024e+18 1.509319548196014080e+17 4.564973258273979200e+16 3.633407817525756000e+16 2.312881428579095200e+16 4.774034346807616000e+16 -1.530312709150898560e+17 -1.013240737026059520e+17 -1.965229698323723200e+17 -1.396741523345208800e+16 1.911659455201227200e+16 1.302213626383608800e+16 1.105566519411306720e+17 2.246065511039843200e+17 2.215408137266509600e+16 1.723750461517575500e+15 5.221662429578598750e+14 -1.081380858903931400e+16 -4.692936942415833600e+16 3.417455661013160320e+17 4.364074343875056800e+16 1.945313185912191200e+16 2.562249119431604400e+16 2.509510186422607200e+16 2.184795824497344400e+16 -1.361249150544298080e+17 3.264145453263101440e+17 4.744034743165390400e+16 2.372308875092165600e+16 -1.234913684651298600e+16 1.361941068033688200e+16 -4.780919004043752000e+15 -1.257218864834465200e+16
7.253315166833526611e+11 4.304325236871231079e+11 -3.512241337767819824e+11 -2.778641142002378845e+10 4.208171382450004883e+11 6.067150644331115723e+11 2.374534275036888428e+11 -8.703472861264631271e+09 -1.530138006303612061e+11 6.514594423930218506e+10 3.426824461746049118e+10 1.264525319653382721e+11 1.420919656699008789e+11 2.376220034272783203e+11 1.076140149934369659e+11 4.380745934899225616e+10 4.080220302545518494e+10 -2.958682954357292652e+09 2.130324081971920013e+10 2.394356087007486725e+10 2.392422353659389114e+10 -3.726319120985354424e+09 2.517556908424592972e+10 6.357727841463534355e+09 4.022813832057660580e+09 -1.072807432171277761e+09 1.535575219996924973e+10 -5.304091925986803055e+09 1.554860360398195982e+09 -1.206284127679610825e+10 -5.534913768288115501e+09 6.975082447452496529e+09 -1.346939847954935837e+10 1.167368517982478714e+10 1.894433192203794861e+10 5.955528601173893929e+09 1.744048323196395874e+10 7.823133634317100525e+09 -2.667755192864731979e+10 -6.325376579169638634e+09 5.857091356360000610e+09 -9.799232547177293777e+09 4.963632321433459282e+09 2.174324368520177460e+10 1.837878113776541901e+10 7.037900098049538612e+09 1.192733534515331078e+10 2.229031052531531143e+10 1.085033176928549767e+10 1.305458355090568513e+08 1.929807093810045242e+10 1.366533386374623537e+09 9.878994323132495880e+09 -5.307157811442467690e+09 3.981100676260609150e+09 2.711208989337466000e+16 -6.281274200531008000e+16 1.355683669182643520e+17 1.184916180931117600e+17 -3.922199096977431680e+17 9.752793681018710400e+16 1.119778780684530240e+17 1.024126194091820800e+17 1.958603733834059520e+17 3.012890791336497920e+17 5.314723005458081280e+17 7.274579207186947200e+16 3.648503251744105600e+16 6.602889626602206400e+16 1.613654704217848640e+17 -5.335729003861636800e+16 5.483956817943257500e+14 6.228923619642849600e+16 -4.811938767051256800e+16 1.869786922337145920e+17 1.681724565266734080e+17 4.454432993865295500e+15 1.354820787826668800e+17 -1.850551391963912320e+17 2.407838619860714800e+16 9.007336584186356800e+16 -1.416839793589209200e+16 -1.573927218029162880e+17 7.035611521446929000e+15 7.304200038630580800e+16 1.393592944818970400e+16 4.244595458509823200e+16 -3.800217715016888320e+17 1.175925256707498240e+17 -2.067547860195191680e+17 1.378576282703044480e+17 7.961140150771766400e+16 9.884670469617374000e+15 -3.038290857620084000e+16 6.187851283653555200e+16 7.016678566641870400e+16 4.822000071947960000e+15 4.324884113258396800e+16 -4.858654835286448000e+16 -1.128609019619384200e+16 8.453838631111924800e+16 -1.464478689428631600e+16 3.184393133958660000e+16 -2.636281598074753200e+16 1.462670126748976960e+17 7.383424621340265600e+16 5.135454881638960800e+16 2.559308431191078000e+15 1.087480736175011040e+17 -5.296648440348642000e+15 9.644270003285984000e+16 1.485645734453499800e+16 3.335068798700283600e+16 2.070852680180718000e+16 4.594033888144783200e+16 1.732945825545650880e+17 3.571407229011346800e+16 4.675875556094452800e+16 4.103900458473332000e+16 1.073076718983133600e+16 1.509319548196014080e+17 7.796838700215877120e+17 7.049219377759720000e+16 6.777280150578789600e+16 3.103552893874166000e+16 3.407749816136628000e+16 -2.374689000821930240e+17 -4.168124108249223500e+15 8.757082220906865600e+16 5.967663488541239200e+16 3.091433808302311500e+15 5.081885018182521875e+14 -5.354683169250221600e+16 1.108461906620866720e+17 6.988265391757068800e+16 3.602113739430134400e+16 -3.478342921502946000e+15 -1.387425368592992400e+16 4.723219473055136800e+16 6.523025351788839200e+16 1.422102868409994080e+17 4.412857885448847200e+16 2.599216556937949600e+16 3.508353816929535200e+16 4.572121154001992800e+16 -8.867928418489070400e+16 2.903771407431930000e+16 1.011278467826144800e+17 1.934266772344808400e+16 1.101162074559360000e+16 -1.211361729314883000e+16 1.062294708432852800e+16 2.471649205772798800e+16
9.369278219762462158e+11 4.464133365765092163e+11 2.407849465786832275e+11 -1.443933798863176918e+10 5.166706974774684906e+10 6.477322746827021027e+10 3.013536553266439209e+11 2.626313751037821655e+11 1.713880818064949646e+11 -2.564830706449202728e+10 1.179596216930810547e+10 7.343854527967019653e+10 1.813430914162716980e+11 2.388324077391540527e+11 8.688828475957965088e+10 1.872168003169343185e+10 4.346966148737374878e+10 -2.193382638062870789e+10 -2.569064338195125198e+10 3.313551421339424515e+10 2.822973030306163788e+10 -1.567481568914033175e+09 7.951478811608798027e+09 2.406994656816673660e+10 2.033590035806174088e+10 2.338020455017062187e+09 5.506782592861171722e+09 -7.886617521728277206e+09 -2.417172670548405647e+09 6.086015806733088493e+09 1.339624008529303551e+10 3.858744479808548927e+09 1.171945593538832855e+10 2.396265955270159531e+10 3.312346844596846008e+10 1.991315120693895721e+10 1.246025636370510101e+10 2.455305684487173843e+10 1.322142486166494370e+10 -1.933171952639795065e+09 1.472768677641408920e+10 7.964012856556136131e+09 1.418779276921625137e+10 1.964240210698416519e+10 1.400809700954618645e+10 9.798886992211467743e+09 -3.805162798167368412e+09 5.678162792853071690e+08 2.331543694875603199e+09 1.236086120644091415e+10 1.219248120102357674e+10 4.372231801384174347e+09 -3.881734290682738781e+09 1.562967016130384684e+09 8.953418715161979675e+09 -3.766700680527296000e+17 6.710212598271408640e+17 3.840549984138229760e+17 -3.247101799281822720e+17 -8.310957478838954240e+17 2.167623258839527040e+17 -1.801985368870526400e+16 2.742557595375819600e+16 6.694789636637786400e+16 1.091704455300180640e+17 2.348209583117064000e+17 -1.668586104240135040e+17 2.470666473130815360e+17 5.590627342505954400e+16 1.370071414262497800e+16 2.108837703478976960e+17 1.014872839670053200e+16 4.714118160356678400e+16 1.283572681188031360e+17 6.200041944391317600e+16 4.797319095541964160e+17 5.780498466621194400e+16 -3.092407650267730000e+16 -5.536449104009372800e+16 4.565145697467116800e+16 4.631400836163914400e+16 6.319831152756951200e+16 -4.182497393184072000e+16 1.335978780257659800e+16 4.325672544409301600e+16 9.048062732904566400e+16 1.561233358384186500e+15 7.398892007101392000e+16 -7.400607242487846400e+16 -6.275186329218082400e+16 9.344004498613884800e+16 9.113937850539028800e+16 5.754681856999697600e+16 3.969354208141950400e+16 1.982619286339749600e+16 3.726115361008418500e+15 4.920861999243582400e+16 1.427851567214732400e+16 3.940691423991956800e+16 4.834030790355045600e+16 6.529524759855072000e+16 8.790343761477851200e+16 2.159246062096010400e+16 1.303603485247557800e+16 2.232877554034190400e+17 2.902652949639792640e+17 9.083519045784401600e+16 9.678486234091793600e+16 2.745714382432161280e+17 -1.028539617617444600e+16 2.211451366561529600e+16 6.431861155588568000e+16 4.834205511434930400e+16 1.700700654391729400e+16 2.633441718693757200e+16 6.599362527296296800e+16 9.908115311952555200e+16 3.715852235267203200e+16 2.408343622197649200e+16 1.383577665556922400e+17 4.564973258273979200e+16 7.049219377759720000e+16 5.206512377964700160e+17 8.655143165609214400e+16 3.988573599083184800e+16 5.624463943499058400e+16 9.605236215333049600e+16 6.711654852189043200e+16 -8.555260456186176000e+16 -3.262567870506207500e+15 5.456252006725463200e+16 3.322304102044021200e+16 -2.230387313918863360e+17 6.086733574224770400e+16 3.648926354456397600e+16 5.442596663971221600e+16 -7.004575627014262500e+14 2.856019039129270500e+15 7.191476715453861600e+16 3.368393237582790800e+16 4.614325243421736000e+16 9.908581816136012800e+16 4.137803829193204800e+16 1.893779065345060400e+16 4.829024377240584800e+16 -4.068158733179587200e+16 1.255619380326885200e+16 3.212286071572230800e+16 6.026073952090112000e+16 -5.882039021362803000e+15 -5.100781648130333000e+15 9.144329630186560000e+15 2.230981669071794800e+16
1.012896798427044830e+11 3.657713876568733978e+10 7.356455738478462219e+10 -4.210633252663390503e+11 -7.258434090885813904e+10 -8.639613647297808838e+10 1.093691210329088440e+11 7.486086629133363342e+10 5.071572195499538422e+09 2.161820894106064453e+11 1.084326232519714050e+11 5.456766249914282227e+10 1.323842474039776001e+11 1.788277965835225220e+11 8.303867671127420044e+10 5.025419568856175995e+10 3.987695644633544922e+10 -1.510565279969679832e+10 1.056069154672807121e+10 3.108794080094693756e+10 2.335956670932121658e+10 2.621518596436985779e+10 1.265687499875478554e+10 7.859847696366451263e+09 -1.587785380047592735e+10 7.462613188711925507e+09 1.579294337786696243e+10 1.597343367646755028e+10 -6.763189705159772873e+09 1.379414715154094458e+09 5.730317921790014267e+09 4.471081917348797798e+09 -7.677251915906436920e+09 9.796593539849018097e+09 1.274685093428300476e+10 1.875002521126518631e+10 1.988186232846380615e+10 -1.409762744313929558e+09 -1.209506169401993752e+10 2.194295976853092194e+09 1.050023151975805283e+10 3.462383546695631027e+09 -6.054190226014167786e+09 1.598904768493700027e+10 1.642356525182281017e+09 4.690178757898867607e+09 3.337452187075151205e+08 -4.891175336818488121e+09 -3.965075249842273593e+08 1.300493497477828979e+10 1.313113915209410667e+09 2.000033734231510639e+09 1.488648955384459734e+09 -4.521368543209715843e+09 -6.929209425070821762e+09 -2.092658420490348480e+17 6.283476456293361920e+17 -6.867059630924115200e+16 -3.361915207478805120e+17 -1.375461449570667520e+18 -1.828969218406152000e+17 -1.038727470897113280e+17 1.057715805064988960e+17 -1.297510691437510560e+17 -8.164986553285075200e+16 -2.714003487543314400e+16 -1.837511694097396480e+17 2.091569004944180400e+16 1.863085612395811600e+16 4.157790465375584000e+16 9.938278513089698750e+14 -2.539229015691298400e+16 -2.681501761226979600e+16 4.031764873175105600e+16 -2.786521168594952640e+17 2.727678304855050880e+17 1.130611143346963800e+16 7.083048958808797600e+16 -1.143792981587726080e+17 -1.912579185098811500e+15 3.114320656704690000e+16 5.770863033606267200e+16 1.135269054085336960e+17 5.858959297218919200e+16 5.265986232035408800e+16 1.454483248608756400e+16 5.666951310763116000e+16 -8.707444345354297600e+16 1.136286216338013600e+17 -1.065670965761578240e+17 3.323075421402521600e+16 5.948524461646960000e+16 1.630642774597334400e+16 3.044800162369810500e+15 4.333464278746216800e+16 2.428194639892708800e+16 3.023954687037505600e+16 4.701746219469473600e+16 2.327187007349490400e+16 -1.954958677462407600e+16 -1.217306024922478000e+15 4.732402146085441000e+15 3.568796377384676000e+16 3.306029574638256000e+16 4.170467936568605440e+17 4.568241711207408800e+16 5.849226759339532800e+16 -1.744296687459801400e+16 9.991816773824060800e+16 -5.744634204874008000e+16 4.918739737673001600e+16 3.185316686927890400e+16 5.557817779360819200e+16 -2.316682658544221600e+16 -4.583885293832139000e+15 3.817836414643591200e+16 3.310835614089535600e+16 6.949039487067143200e+16 3.027215794080183600e+16 1.434867681404821920e+17 3.633407817525756000e+16 6.777280150578789600e+16 8.655143165609214400e+16 3.709211183619351680e+17 6.143985371466704800e+16 2.385151038472610312e+14 -3.200146137231755200e+16 3.456713681185803200e+16 -1.934511257714041280e+17 2.410774272871508400e+16 3.475280586715239200e+16 2.935073515965753200e+16 3.049417887991373200e+16 -2.147465132467753500e+15 2.757428820493732000e+16 1.808234308939066400e+16 3.017239083009921200e+16 -1.215159319281132000e+16 3.384888747727478800e+16 3.513381267035491500e+15 1.777630688883863800e+16 3.599403900425241600e+16 6.061750592908966400e+16 3.017793257438182400e+16 3.037444776293368400e+16 1.492996906302872200e+16 -1.869078255155478000e+16 1.370135667028951600e+16 1.406049969353066800e+16 1.389647688817017000e+16 -1.333783811439963438e+14 1.863386431961672000e+16 1.397901420832756800e+16
-1.639288271215546875e+11 1.688594925043251038e+11 2.960091796033978653e+10 8.311875774974626160e+10 3.947845049718728638e+10 6.087719088550001526e+10 5.755916074440285492e+10 -3.664363285087119293e+10 3.094998672386515427e+10 -2.257672288232046509e+10 1.189809192721944122e+11 1.308413654556885223e+11 1.969597330634602966e+11 1.820945782221956482e+11 9.114926770381951904e+10 2.657270864876337433e+10 4.415077097674604797e+10 4.907080085917677307e+10 1.796160021827568817e+10 2.300423036302046204e+10 4.122155616071361542e+10 3.532941729847724152e+10 2.077063161313196945e+10 5.251388685068875885e+10 1.703369986997123909e+10 1.795937024688362503e+10 3.086444322222166824e+10 2.212376339638391876e+10 2.021693764371009445e+10 3.703543607190106964e+10 1.011718905056867409e+10 9.618327008831722736e+08 1.433458604870385933e+10 2.647096624710208511e+10 2.306383663980123138e+10 2.482170423825137711e+10 2.068088851705214691e+10 1.836448285979067230e+10 9.051498046690053940e+09 9.022447400441987991e+09 2.674814869234964371e+10 1.175382412088346481e+10 2.147202168361853409e+10 2.110535321489178467e+10 4.166243358712867260e+09 8.724720686072443008e+09 1.918468100958814240e+10 1.802876186361907578e+10 8.292135702598862648e+09 1.161248977268412399e+10 -1.113639901712331533e+09 5.720860940904672623e+09 1.785732420652833939e+10 5.836331175337281227e+09 7.124236975200052261e+09 1.724692045053803200e+17 1.265230208839760160e+17 1.390222322994756200e+16 -1.847562297075976640e+17 -1.800657222115837696e+18 -1.114520849589136160e+17 -4.240651922631966400e+16 6.279445801862716800e+16 -1.389197515086288200e+16 1.004849861763358240e+17 1.299050362573270560e+17 -5.831704872286443200e+16 3.078328546629570000e+16 6.030821882600107000e+15 1.786915291083806600e+16 -6.173530976216881600e+16 -6.885029533915152000e+16 1.377169803914102200e+16 6.979057210930338400e+16 1.109311823327749760e+17 -3.547319928158586240e+17 7.302176189626780800e+16 6.105988652266636000e+16 -1.617919604648404800e+17 1.495442090794712750e+15 2.132282885624289600e+16 -8.191854603617810000e+14 -1.147316567950666200e+16 2.633505005185146000e+15 2.916622246174581200e+16 -1.906315377973075500e+15 -8.363228251857760000e+15 -2.111313874332328320e+17 -3.646588457324967500e+15 -2.443657441754336640e+17 4.797014824392358400e+16 2.439021252471232000e+16 1.420402178820880000e+16 3.930525828686772000e+16 4.634750566388066400e+16 4.154802564730477600e+16 2.706025990334481600e+16 2.427298919274055600e+16 7.930463415289635200e+16 5.887935375528492000e+16 2.824452860083654800e+16 4.835709158623795200e+16 3.453727695771783600e+16 9.099904294843164800e+16 2.468845179928888640e+17 1.489029698992287360e+17 4.163462306087056000e+16 -6.829727373314925000e+15 1.093787021756366560e+17 8.439138943456860000e+14 3.355542984140303200e+16 1.427085470211394000e+16 3.506340761665129200e+16 2.751405045004434400e+16 8.430960177181966000e+15 3.537795135924181600e+16 4.605038050627799200e+16 4.580347779175075200e+16 9.308839334479696000e+16 1.181883726454281120e+17 2.312881428579095200e+16 3.103552893874166000e+16 3.988573599083184800e+16 6.143985371466704800e+16 2.995251018245731840e+17 1.074171718223597920e+17 -2.306262552012037600e+16 3.018253495751955600e+16 2.436493176846069600e+16 2.656748531284751200e+16 3.033241860665571500e+15 -2.722777294472360500e+15 -2.255637680494787600e+16 1.945818609861389200e+16 6.454776421815448000e+15 2.257808937326413600e+16 2.210854535971546800e+16 3.024661971251292400e+16 2.753322459607743600e+16 9.655255851730954000e+15 2.396814813845309200e+16 2.805088901495833600e+16 3.504691502568292000e+16 4.232025902266624000e+16 5.325729859648493600e+16 5.413241209310500000e+16 -2.295983568851001500e+15 7.837139469732516250e+14 -6.084272901015882000e+15 1.050854328063916000e+16 2.523920769772610800e+16 3.202742023517091200e+16 1.317012953202981000e+16
-1.807703629016661072e+11 7.494497587502091064e+11 -3.544030406851188354e+11 -1.059602493201690063e+11 -1.908929394255524902e+11 -5.613000380959663391e+10 -1.435251345822841644e+10 2.955606931778110886e+10 -2.221138521740530014e+10 -1.177248320472328949e+11 -6.916384902370640564e+10 -1.735873649583716202e+10 1.863023078637213745e+11 3.005500161803786011e+11 1.317279151986800537e+11 8.841148989090722656e+10 2.826985828326937866e+10 -2.300987480266009331e+09 5.521853043713610077e+10 2.313492430878350067e+10 6.037703035818196869e+10 3.107811479444588470e+10 8.745402271074300766e+09 3.690549537210499573e+10 5.963614234661011505e+10 5.680001869253047943e+10 1.708259786002651215e+10 1.622058470724653053e+10 2.567623360730026245e+10 3.970219873451217651e+10 1.300867316141945076e+10 -2.831877716354711533e+09 4.700190966061038971e+10 1.795267416934920120e+10 1.973271642858426285e+10 2.952789472021939850e+10 1.499834735362753296e+10 2.507000944888615799e+10 3.150816266695005035e+10 8.429611465606843948e+09 1.032639130413659859e+10 2.359496311920624161e+10 2.971919726926626205e+09 2.188148048111189365e+09 -1.156030731633359909e+09 3.195641284863146305e+09 5.172287901366518021e+09 7.011039643776385307e+09 -6.512049811615979195e+09 1.771946661918993759e+10 2.371577623428615952e+10 2.005166999452284276e+08 1.858723611270104599e+10 1.143214883244515610e+10 5.006775801991179466e+09 1.645683976886124032e+18 8.690554968000508800e+16 -5.978388899731317600e+16 -2.808891496786905600e+17 -2.385611256645187200e+17 -2.496531223589469120e+17 1.577332829445087800e+16 -9.306293025890852800e+16 7.715094683877104000e+16 3.386053410737205200e+16 -5.542030985563032000e+15 6.680206497551270400e+16 3.844818681854678400e+16 3.078402458655180800e+16 -5.309501807757166000e+15 5.235865676271052000e+16 -4.945310943275131200e+16 -5.496876164864443000e+15 4.690948312810059200e+16 4.015756082179556480e+17 -8.634284466278519040e+17 -5.543723923055988800e+16 -1.019438633382013920e+17 4.232302780066343500e+15 -3.734335813475198000e+15 -2.884138171086288500e+15 9.731544605939248000e+15 -9.252306010257956800e+16 -4.456265103932152500e+15 -1.270559448839586200e+16 4.690699910406429600e+16 -2.758346570750679600e+16 -4.907719558033021440e+17 -7.092350114625512000e+16 4.933931347971516000e+16 -3.688963900694477600e+16 6.315342001250925000e+15 1.345125939634697400e+16 6.808981350313448000e+16 -3.757648718529558400e+16 5.547332590573435000e+15 4.984136818385262000e+15 -1.003960923397314800e+16 5.612585003594965600e+16 9.520281681899624000e+15 -3.914518208968889600e+16 3.158027071388299000e+15 2.696106707163372400e+16 -8.466180858284284000e+15 2.944985926311033600e+17 1.523988613361232320e+17 6.077380977495541600e+16 1.605863385929929800e+16 4.276199857092935040e+17 1.910500640866127600e+16 3.183504284598711600e+16 9.425412638648668000e+15 4.250778302558677000e+15 8.281164597375732800e+16 1.055073230178065000e+16 2.119673127969118800e+16 2.946245163850666000e+16 6.688478935171897000e+15 4.867540273129605600e+16 1.772279225611025600e+17 4.774034346807616000e+16 3.407749816136628000e+16 5.624463943499058400e+16 2.385151038472610312e+14 1.074171718223597920e+17 7.609682555193794560e+17 -2.553688199813190080e+17 -3.186114741971938400e+16 5.322005230341056800e+16 -2.439571488075064400e+16 7.712692367454648750e+14 -2.489097753481612000e+16 -1.337391554593409440e+17 2.978235620761200000e+16 -1.781538261168509000e+16 2.764303065577238800e+16 -1.505985320152300200e+16 -8.862625556480615000e+15 8.570271628607668800e+16 1.752017708697511400e+16 4.391007870060115200e+16 5.063400440694233600e+16 2.000891667549804800e+16 2.064650678346428400e+16 1.305364644112335040e+17 3.967246712484232000e+16 -4.561278782038968800e+16 1.115395312493820600e+16 2.395213616815890000e+16 7.587824972236867000e+15 8.466195356329193000e+15 4.676370118267292800e+16 2.344016255170922400e+16
4.430849194324495117e+12 8.235025779091496582e+11 1.821877448621165283e+12 -2.339446805678421631e+11 2.480765689961649780e+11 -4.363767810756137695e+11 3.867276816063817749e+11 -3.587982834600691528e+11 5.997909411485612793e+11 -1.501603602474564209e+11 -6.076073178509014893e+11 -3.035869649446929321e+11 -1.051912037770896149e+11 -1.297360587965460815e+11 1.625849932475188293e+11 -7.957722880486605835e+10 5.288836524386245728e+09 1.671364537139802246e+11 4.166892732446620178e+10 -6.872402801571357727e+10 1.165230475882624817e+11 -1.412961452494205017e+11 -7.182873784153926086e+10 -2.646868559534323502e+10 -6.907836377708578110e+09 -6.889660725069921875e+10 9.174024639537624359e+09 -3.583987979147366047e+09 -5.124948475746572113e+10 -7.791239849998641968e+10 -1.724534781813180542e+10 2.060427484598493958e+10 -5.846716113123945236e+09 8.680897698100726318e+10 3.927426881116249084e+10 -1.360152817328128510e+11 -3.089126022875452423e+10 -1.099976643734261475e+11 4.845923298287561417e+09 4.448193836020603180e+10 1.189137492966227112e+11 -9.130980891979627991e+10 -5.574416985645946503e+09 6.220394028483598709e+09 -3.658909909996174622e+10 -9.533343282631346130e+10 -8.139038557640707397e+10 -2.973441787348404694e+10 8.627543229779501343e+10 8.814430644552780151e+10 -4.578666131361963654e+10 4.481188266554143524e+10 -2.739621464210143661e+10 6.023372840442771149e+10 8.293672605981600952e+10 -1.912726505608703232e+18 2.946648531547699200e+18 -1.928731730542896128e+18 -1.055013620214434944e+18 1.771389753138074829e+19 3.748651103673200640e+17 -4.479502543941966080e+17 4.039377992219644800e+17 -4.470271227962783360e+17 -9.264529756056040960e+17 1.615140854315640576e+18 -4.881667031948028160e+17 1.041149367851443800e+16 -5.214590596118552960e+17 1.638952510058366400e+17 1.080508919407481088e+18 2.704365269065964480e+17 -4.981692874250196800e+16 3.138341080957096320e+17 2.152622067795239680e+18 1.671845415917637760e+17 1.056766787398626250e+15 -5.287410602583447680e+17 8.746077290538064000e+16 1.252873382759586080e+17 1.425079285509600800e+17 1.723885207549446080e+17 -5.222978893438297600e+17 -4.619168008299240320e+17 -4.657976334008617600e+16 -2.180760145643497500e+15 3.060921088075500800e+17 1.346654769592930560e+18 2.924534026712660480e+17 3.465047057970978304e+18 4.821366825172294400e+16 -1.322566814494457280e+17 -6.247369261993980000e+16 9.252321697265964800e+16 2.012292115784942750e+15 -3.578880483581197500e+15 -1.548640201699925120e+17 -2.217964083714122240e+17 -1.093745793133396640e+17 5.907770238955169600e+16 2.254893497358190720e+17 -9.060836569757697600e+16 -1.171064703864102720e+17 -7.196844233786725600e+16 -1.370498614901989376e+18 1.829178637754774272e+18 6.577658167407247360e+17 -2.345161692830136000e+17 -8.268541886354544640e+17 -1.421791623579048480e+17 6.541466477404036800e+16 -3.176269155632665200e+16 -1.577452229620716160e+17 2.247617158370199040e+17 1.190582363880157000e+16 -4.385273236300503200e+16 6.921849420781293600e+16 5.937011419987992800e+16 -3.745098049940013600e+16 -5.798421259711050400e+16 -1.530312709150898560e+17 -2.374689000821930240e+17 9.605236215333049600e+16 -3.200146137231755200e+16 -2.306262552012037600e+16 -2.553688199813190080e+17 3.204890755513076941e+19 5.517423521656684800e+17 1.019027042120726912e+18 6.633162877706065920e+17 1.706628282021708800e+16 -2.020673215064182400e+17 4.200050361603319040e+17 -2.505320814134962880e+17 -4.443936529736767200e+16 -3.070115423958326800e+16 -6.738619189283714400e+16 -4.935339187058476800e+16 8.333188891196542400e+16 5.027481468152012000e+16 5.927266767602572000e+16 5.294743412515644000e+16 -7.325819184241794000e+15 1.180748385729872000e+16 -1.234378944129679360e+17 -1.038663557098039200e+17 -5.966794463357966400e+16 3.309178560221212160e+17 1.725860358364309120e+17 7.325294238195632000e+16 -1.002869996313078080e+17 -5.318125979170912000e+16 -6.637324478137232800e+16
3.708129833040863037e+11 5.133839385691644287e+11 3.506338235055904541e+11 3.258546306089186096e+10 -2.561657891578607559e+10 -7.004729169578987122e+10 1.900805454082877197e+11 7.977409463287847900e+11 5.960525794383360596e+11 5.587543344392208862e+10 1.309040682986396027e+11 1.191556585448139038e+11 -1.491652152999769211e+10 5.305366361353183746e+10 8.339993551486329651e+10 -3.118998327629562378e+10 1.747381848798328781e+10 -3.988440332245933533e+09 2.791506367437434387e+10 3.155843510990572453e+09 1.208264817765587463e+11 8.185624641439677429e+10 1.436461611724137497e+10 6.363922818097226143e+09 -1.204030132736856461e+10 -3.032903913330134201e+10 2.216838087102492332e+09 -2.418277490630300140e+10 -1.831014073117639065e+09 3.029887769322266769e+10 2.504286378800466156e+10 -3.977846894288018346e+08 -4.044287885545639515e+09 -1.226504977059135246e+10 1.349196985234903336e+09 -2.696534516970974350e+10 8.983844335916908264e+09 -2.745348430536472702e+10 -9.913865958111557007e+09 -2.108532106076578522e+10 -1.960323897896142197e+10 -3.806197371250688171e+10 1.316964638658094978e+10 1.782897933563245773e+10 4.409095923171796799e+09 -1.251541934146842957e+10 -1.602432793019449043e+10 -3.274198787884201431e+10 -2.759947350182861328e+10 -4.547810797145872116e+09 -7.722076597092612267e+09 -3.927085744533154488e+09 2.453918520107854080e+10 1.649328773497858047e+08 -3.902525690003685474e+09 -9.535588844586891200e+16 2.233971369295824000e+17 3.962514466075348480e+17 -2.020701034261603520e+17 2.776923573175204352e+18 4.344366480481571840e+17 -1.626833335952221120e+17 3.136453077482625920e+17 -4.880971594691569600e+16 9.139598845884972800e+16 -3.068873061075369600e+17 -2.095869316299480640e+17 2.505506358575093120e+17 2.166875610818562800e+16 1.517770671857959680e+17 1.458368204704190080e+17 5.370085602881239200e+16 1.798983619590956800e+17 2.845670111121523840e+17 7.739390607504628800e+16 4.744687634078204160e+17 7.051950490353275200e+16 5.229341638732842400e+16 -8.832776246584955200e+16 1.271258188709761000e+15 1.090810577377177760e+17 2.637516612872695680e+17 2.388930373092439360e+17 -3.107372385837476400e+16 1.637411683073449280e+17 1.345705106355560320e+17 7.586257281033864000e+16 2.853937804185362880e+17 4.910068014808585600e+16 6.196428790318686720e+17 1.699950044602549760e+17 6.789895198604428000e+16 1.990052344723042560e+17 6.129418503891400800e+16 4.905364917412543200e+16 1.383564770936085280e+17 8.844166909700868800e+16 9.559851551071286400e+16 5.119669330607498400e+16 1.472648057894383680e+17 8.248039642008624000e+16 6.255865780484946400e+16 1.076803336281652600e+16 -4.251952334130240500e+15 -9.543611898634329600e+16 2.023052960127343040e+17 1.994979667640440960e+17 2.876998116498012160e+17 2.599137309329552320e+17 -4.582697797137062400e+16 4.969999532329417600e+16 1.216169365258886880e+17 8.710640304066782400e+16 -1.147968442647822560e+17 -2.662537906388603600e+16 5.187316016875230400e+16 7.670582516602910400e+16 1.564744196413813600e+16 3.872363175859713600e+16 -8.715158548199569000e+15 -1.013240737026059520e+17 -4.168124108249223500e+15 6.711654852189043200e+16 3.456713681185803200e+16 3.018253495751955600e+16 -3.186114741971938400e+16 5.517423521656684800e+17 2.319113746167485440e+18 -1.589156479115373760e+17 1.176603520339988800e+17 2.459063929536665600e+17 2.022972097617620400e+16 -1.920835538345480640e+17 2.610703415101737200e+16 6.655998650995706400e+16 5.261588713039452000e+16 1.366449045902921250e+15 -2.149344261161712800e+16 -8.618069652339280000e+16 -2.265214290995664400e+16 2.026997356609680800e+16 7.177743944766046400e+16 2.911759993262638800e+16 -1.358181508454728000e+15 -1.064430080297938800e+16 6.111656004147392800e+16 3.426947481095974500e+15 2.349791637322621200e+16 8.893275035231016000e+16 1.831172366805752000e+16 2.097317313659762400e+16 2.515659112675236400e+16 -2.625103055954301200e+16
-6.594649699519096680e+12 -3.955190785711396484e+11 -4.506102336185375366e+11 -6.714804806546552734e+11 2.451561976950057617e+12 1.529186893143782471e+12 1.516475609031140442e+11 1.077579872043148193e+11 4.224692229685706787e+11 -2.072681862493403320e+11 2.933057470416228638e+11 1.986206026762441101e+11 2.747667108681476440e+11 -3.068898059481293945e+11 1.866454955679674683e+11 2.710959682845790710e+11 3.292908371609694214e+11 7.301216347172752380e+10 -1.036862410465803833e+11 -7.390484769008665085e+09 7.507572997410131836e+10 1.639675585930499878e+11 3.391800183347659912e+11 3.040501508698845215e+11 1.974085813635442505e+11 -3.559584495979154205e+10 -2.434197631861386719e+11 -1.006495020369594574e+10 -9.797584317570790100e+10 2.510149002807400208e+11 1.767275615075581665e+11 1.349230214651773224e+11 2.549060879262483120e+09 1.109465496569849396e+11 1.727254038130146179e+11 1.277901485554232941e+11 -1.282056272894822884e+10 7.578466748671823120e+10 1.931434073442377319e+11 7.887375837593037415e+10 8.317480331454203796e+10 4.154059932549685669e+10 1.663082043907825928e+11 3.258143894162600040e+08 -1.570247354871443176e+11 -7.113424516544462585e+10 1.101815825261730385e+10 1.315645515429080582e+10 -9.629673430760577393e+10 7.408917869455616760e+10 8.621423582957250977e+10 -2.734758846714178085e+10 9.003326431800402832e+10 1.275796600724331512e+11 1.054107399251483002e+11 -1.108923610716631859e+19 9.723181540917159680e+17 -1.414456180631611392e+18 2.351490193858079744e+18 -3.438145939168750592e+18 1.610478364484467712e+18 -4.817014193742026880e+17 8.987152279269273600e+17 -5.628923773288336640e+17 6.279249189742170880e+17 1.481004099250582016e+18 -3.530950745537231360e+17 -2.137952324108771520e+17 -4.721881478205502720e+17 6.031507524558608640e+17 5.858964987822549760e+17 -4.817288145641486720e+17 1.294167248575842720e+17 6.020189707076302400e+16 -2.135803273699872256e+18 -1.209100279001749248e+18 -1.650313999920800320e+17 4.795891873564736000e+15 3.299621984220126400e+16 -1.186459375452514200e+16 1.315223845984447040e+17 -3.449919436869520640e+17 2.475753108607339520e+17 2.414391364362015040e+17 1.445434798020134720e+17 -3.757920665059751200e+16 5.999697218140666880e+17 1.172470473314181888e+18 -1.625361793323149760e+17 -1.761790347774392064e+18 6.758299815397804800e+16 2.457684285648938560e+17 1.414505488030258200e+16 -4.048897055307983360e+17 -1.313185541526653280e+17 1.317731854162009760e+17 -1.208489643765085760e+17 1.274406640675030880e+17 -2.038163310406989440e+17 -7.474681107772539200e+16 1.520403323001574080e+17 3.693705979528577280e+17 1.419676384170677760e+17 4.190156737418474400e+16 -2.297131235921913088e+18 3.344615663809982720e+17 2.390998886390961280e+17 1.012135292379121280e+17 -2.529984261735716864e+18 5.566403428319488000e+17 1.387538450115924000e+17 1.054424310454595040e+17 7.312310044459340800e+16 -7.506573243176189440e+17 -1.202404761416903360e+17 1.248994139858954560e+17 6.161472277828823200e+16 1.734456747784117760e+17 1.447765838700382400e+17 -9.954109293455173120e+17 -1.965229698323723200e+17 8.757082220906865600e+16 -8.555260456186176000e+16 -1.934511257714041280e+17 2.436493176846069600e+16 5.322005230341056800e+16 1.019027042120726912e+18 -1.589156479115373760e+17 3.441098370009356288e+19 4.366011038406622720e+17 -4.980598326652330400e+16 2.908073549385235840e+17 -4.529159698134161280e+17 7.671823447946158080e+17 2.619887949015569920e+17 2.079399306714635840e+17 1.164175267227650080e+17 1.816171890411241920e+17 -9.454104234616817920e+17 -8.417410665686529600e+16 2.025855594266438400e+17 1.738941966847947000e+16 6.919576235312359000e+15 3.822278833115362400e+16 8.810979097428860800e+16 -5.562400617896161280e+17 -2.218609781466930880e+17 4.703111670632230400e+16 3.169516261323098000e+16 -2.577461941155194000e+16 5.311916454569910400e+16 5.025705397576315200e+16 1.852556856423946560e+17
-9.896551382080072021e+11 -2.287571171666071472e+11 -1.097796053480853119e+11 -3.375960318810257568e+11 1.802145706242462769e+11 5.862719114112629395e+11 6.159336434128515625e+11 1.031704253025265808e+11 8.750023035721560669e+10 2.149586748060536804e+11 2.298147250645737000e+11 6.117425840985334015e+10 6.560246269678820801e+10 8.755471450021537781e+10 1.425952613912629700e+11 8.386517241172969055e+10 1.896444333797779465e+10 4.623660218493025970e+10 2.632750284103410721e+10 7.128650188477886200e+09 1.799841623607733536e+10 1.248449605847235298e+10 -5.308470899682847023e+09 1.152330461725958443e+10 3.481589798696356964e+10 2.211812817046747589e+10 -5.462927494063819885e+09 1.258053413825214386e+10 7.875200221913988113e+09 -5.245688039384736061e+09 -1.084880417634988070e+09 3.345009891821109390e+10 4.732478034808190346e+09 -4.900932085564879417e+09 -1.908924417558026612e+08 -2.519222534261780739e+09 2.519605952989232540e+09 -5.601996484010013580e+09 1.159295689653393745e+10 1.548739741295202827e+10 3.298607974427277756e+10 -1.500109819644495583e+10 1.668791196889634132e+10 -9.147225116600118637e+09 -2.580071723558675766e+09 2.722676935780467987e+08 6.488499618229845047e+09 -6.080948523363924980e+09 -4.534438373207737923e+09 1.317814810697683716e+10 7.077452159794661522e+09 3.646004918645397186e+09 1.391243909450000000e+10 -8.107968541009158134e+09 9.873977751645698547e+09 -9.182909675119367680e+17 3.182564448287853440e+17 -5.828008641785992000e+16 -6.322144187087584000e+15 7.030948326604718080e+17 3.360036680379618560e+17 9.315412290045920000e+16 -4.538967115496608000e+16 -1.257865842499459040e+17 5.948829217943239200e+16 1.344582539709022208e+18 -5.583631637985769600e+16 1.739013932002921920e+17 2.405160718433460800e+17 1.684852905206637120e+17 -1.527246231884791200e+16 4.864773671072818000e+15 -2.326325455762006400e+16 1.627547498412675520e+17 1.756962180940116480e+17 7.506071142172784640e+17 2.004570043806097280e+17 2.630447082668247040e+17 -1.337655624054937440e+17 2.807044643418232000e+16 1.739952369761945920e+17 6.496041749330901600e+16 8.217015819485065600e+16 9.562794697662553600e+16 1.192049573273081760e+17 -1.328119910266125400e+16 5.810590144453502400e+16 6.767240965234612480e+17 1.829016196914097600e+17 -9.961218584732086400e+16 8.801054922293870400e+16 9.332787871899273600e+16 3.664909606211124800e+16 7.852345266146380800e+16 9.401220254840342000e+15 1.073626425214136800e+17 2.295211762596748000e+15 3.111755023362145200e+16 -6.637592421000097600e+16 1.136633440765877200e+16 9.219654326172627200e+16 -7.790824163270373000e+15 3.210338585438066400e+16 5.347320915663281600e+16 3.659689563961285120e+17 2.950019516572001280e+17 1.469464831660352640e+17 8.656297492906243200e+16 2.067081877396749440e+17 1.246210645875262880e+17 2.049774352731911040e+17 5.044426837783849600e+16 5.966794786965699200e+16 3.322781311938379600e+16 -1.771289753596770000e+16 8.558902517045201600e+16 3.179578383207314000e+16 2.668538117671728000e+16 6.807117599183495000e+15 4.050539529582296800e+16 -1.396741523345208800e+16 5.967663488541239200e+16 -3.262567870506207500e+15 2.410774272871508400e+16 2.656748531284751200e+16 -2.439571488075064400e+16 6.633162877706065920e+17 1.176603520339988800e+17 4.366011038406622720e+17 1.095806861479775744e+18 1.100877293674541760e+17 7.211209391160980800e+16 2.074222214441987200e+16 6.278652412571957600e+16 1.493109211058633600e+17 6.914429435207038400e+16 4.130538230066339200e+16 4.675703813118448000e+16 7.762612110774838400e+16 1.846037952233166000e+16 8.632649794063617600e+16 5.253528679299808000e+16 4.727100834596790400e+16 3.246451015142064400e+16 3.054002527606791200e+16 -4.835480350586105600e+16 1.155895250982169600e+16 8.855394184170396800e+16 2.161297059014278000e+16 3.075032570001219200e+16 2.037160679055521200e+16 2.759751210747806800e+16 6.527531168073340000e+15
-3.013251205205731812e+11 4.970822939826626587e+11 3.022647451355249023e+11 -1.387852568580297470e+10 8.402654464768283081e+10 3.442326716790971375e+10 2.897054218100027466e+11 3.798684713016029663e+11 3.173083476231626587e+11 2.687180122807992859e+11 1.133098683226656647e+11 3.232915528653182220e+10 -6.252431383763067245e+09 3.527278481121815491e+10 6.313660784703429413e+10 1.196128546649228973e+11 5.840093416598519135e+10 3.370443593455945587e+10 7.079311518406091309e+10 2.718283278624206543e+10 5.660665268586890411e+10 1.886893414056315231e+10 -6.962830739384311438e+08 3.213966263600218773e+09 2.902496765897093582e+10 -6.494108859706018448e+09 -5.597713728960636139e+09 1.492403224267605543e+09 2.711184432868834496e+09 8.979164168509611130e+09 1.764574044345928192e+10 1.107037257606071281e+10 2.251598667965910339e+10 1.929562919281188011e+09 5.017574843649803162e+09 -8.400285866365447044e+09 -1.221914672024210691e+09 -2.848216062075624466e+09 1.790841097203600693e+10 7.490505351939873695e+09 5.979805786716296196e+09 4.691426422936511040e+07 6.480861280307001114e+09 6.459329206152701378e+09 8.057004583328732491e+09 -4.436419174847644806e+09 5.849961778400212288e+09 -3.082479383503814697e+09 -1.969150432250825167e+08 -8.084608541475400925e+08 4.353299899659820557e+09 7.844477376023917198e+09 5.443327828630727768e+09 8.461646954878530502e+08 -1.342333464308361113e+08 6.800544873464598400e+16 7.100845787516515840e+17 1.431823762099811680e+17 -1.241897509964709280e+17 -5.652194339757914880e+17 2.735512847061878080e+17 3.921917362545780000e+16 3.603530539737732000e+16 -6.154130669006965600e+16 3.568836086410537600e+16 -3.015004505288430080e+17 1.199592209155162880e+17 1.194310737772558080e+17 4.154393919454338400e+16 5.168309335152791200e+16 5.517856133372828800e+16 4.181666191225588800e+16 4.326069805817332000e+16 1.901084224350460160e+17 1.088137669195075360e+17 1.204049850524881600e+17 1.675682811807475840e+17 1.009068271576438080e+17 3.258735290537254400e+16 1.348670934550728800e+16 7.441069276912612800e+16 1.239894040464503840e+17 4.477347594503816800e+16 3.074814057960964000e+16 6.741930636560055200e+16 8.101179509695264000e+16 1.116078260238628480e+17 1.836563163405162880e+17 5.900488537486760000e+16 1.817085088435078720e+17 3.279717107119298400e+16 7.740623715764393600e+16 8.942367646564153600e+16 5.201399431013564000e+16 4.670584152762917600e+16 6.038937158388704000e+16 4.877848141905480000e+16 5.280997197027031200e+16 8.722804852579729000e+15 1.676520186006219800e+16 4.211713920645068500e+15 3.939050224224860000e+16 4.627684042894296000e+16 2.917237140460998800e+16 -3.398676024613122800e+16 3.113920493385099600e+16 6.648466269829856800e+16 1.121042715214061280e+17 -3.693050972150657280e+17 4.736237727771069600e+16 6.587414938841661600e+16 9.969361777142267200e+16 5.113029816223310400e+16 1.065282623507197800e+16 6.626451936776739000e+15 2.944924688548774800e+16 2.429237654617968400e+16 2.143179362176127600e+16 2.456298182218496400e+16 1.177122418491682200e+16 1.911659455201227200e+16 3.091433808302311500e+15 5.456252006725463200e+16 3.475280586715239200e+16 3.033241860665571500e+15 7.712692367454648750e+14 1.706628282021708800e+16 2.459063929536665600e+17 -4.980598326652330400e+16 1.100877293674541760e+17 3.629134585048922240e+17 1.070101772759360960e+17 -7.195339820472952000e+16 -5.254655961327630000e+15 4.698177952379856800e+16 5.675253563200777600e+16 4.066769871362236000e+16 1.899278855524388000e+16 2.737766071906888800e+16 1.225948655103675600e+16 2.869344375953975600e+16 5.298356793374264800e+16 3.374162050083494000e+16 1.337226583348676000e+16 6.756159981742302000e+15 -2.797969516734140800e+16 1.645456823175043400e+16 -4.111585356545775000e+15 5.140912640945936000e+16 4.079123482010676800e+16 1.248946306781079400e+16 7.774551187945576000e+15 2.792400080480799600e+16
-4.984402468436726685e+11 -6.212018811281361084e+11 5.752537968319068909e+09 1.310897048268521271e+11 -7.459700047960585022e+10 9.479867666408747864e+10 2.880429206854254150e+10 2.189487273564928818e+10 1.978258366323821716e+11 3.681421946170545044e+11 2.447905156178350830e+11 6.943666709402537346e+08 1.039670407876000595e+10 2.098860706305525589e+10 5.185871065746958923e+10 1.092010560091396484e+11 6.137106859542242432e+10 1.018646927232477379e+10 4.607650610484062195e+09 -1.982271367759726524e+09 1.148140209395893478e+10 -1.312489628408998299e+10 3.477855270706184864e+09 1.764747785906489944e+10 -1.059663848135495186e+10 5.528389060095343590e+09 1.974390762323077440e+09 7.000756402296114922e+09 1.010622853563590431e+10 2.426205926350623322e+10 2.728794890550531006e+10 1.299772032371399689e+10 6.298834319989316940e+09 1.822278275406565857e+10 2.675534078860794067e+10 1.100634511081813812e+10 5.958729385727876663e+09 -2.248243660911750793e+09 1.734223020350569534e+10 1.636196464766440964e+10 1.073613529264561081e+10 1.010909753536011124e+10 2.187235391375685501e+10 1.212500298400560570e+10 1.023747997155085373e+10 4.627487706650473595e+09 9.376071998710321426e+09 5.872969114755472183e+09 2.321108553743189812e+09 6.339380557293142319e+09 1.097054408808722496e+10 1.314277380192776871e+10 2.460220120487355042e+10 1.363520673190372086e+10 1.031758465136194229e+10 -7.845863301850141440e+17 2.976237521869713920e+17 -2.233710288197201280e+17 4.398424026295387200e+16 -2.385713042896064000e+17 6.059514619474665600e+16 6.172973448716945600e+16 -5.788750229488110000e+15 5.790519911008537600e+16 -2.800455255109174000e+16 -1.939972478763856640e+17 -3.121354505191677200e+16 -8.964621284501265600e+16 5.442928477547205000e+15 -2.324141311009579600e+16 -3.726227511188264800e+16 7.747074648928137000e+15 -2.770741047393986000e+16 6.464414110846791200e+16 -5.054782375272806400e+17 -3.956485982123586560e+17 9.904059462209112000e+16 4.823849585714656800e+16 -1.394448354349931000e+16 5.527120851057364800e+16 3.970009010735093600e+16 6.739903161280736800e+16 -4.684567980348733000e+15 7.937067802726804800e+16 5.472359953896129600e+16 9.225889831847617600e+16 8.313452140757457600e+16 8.937313253647568000e+16 -4.382015374104418000e+15 1.092977200472561000e+16 -2.059197773002182000e+15 3.887012680021844800e+16 -5.875729555770285000e+15 -5.507404633880850000e+15 5.076866815422952000e+16 5.541703771547926400e+16 3.730830752721306400e+16 4.647738768305577600e+16 -4.383378682568940000e+16 2.275066639018077600e+16 -1.371321678969756500e+15 3.332501721043286000e+16 6.002774503946772800e+16 4.957894658846932000e+16 -4.038287259811189120e+17 -1.098038101299387040e+17 6.523195405400653600e+16 2.554581194478431600e+16 -2.439226748307387200e+17 3.103489019969875600e+16 7.121178925595104800e+16 6.256549792587934400e+16 1.255135482059937920e+17 -4.165275415567175200e+16 1.474680255464871200e+16 3.580117106829040400e+16 1.113222725890207000e+16 3.054205354964051200e+16 3.286170673649729200e+16 -8.441913035820315200e+16 1.302213626383608800e+16 5.081885018182521875e+14 3.322304102044021200e+16 2.935073515965753200e+16 -2.722777294472360500e+15 -2.489097753481612000e+16 -2.020673215064182400e+17 2.022972097617620400e+16 2.908073549385235840e+17 7.211209391160980800e+16 1.070101772759360960e+17 4.674618743905203840e+17 -7.875288322547992000e+16 -1.307344300362960800e+16 4.334474136826670400e+16 3.098484552041126800e+16 8.279458729629633600e+16 3.451214663142832400e+16 -5.137067369727780800e+16 -2.113314531000609600e+16 3.649736612392222000e+15 1.637184244237176800e+16 4.622230270158632000e+16 1.348300465369466200e+16 -1.392658134381070750e+15 -9.846491276916563200e+16 2.992462357907614000e+16 -5.378547894692604000e+15 1.643602671639107000e+16 4.109970812547749600e+16 2.731559252308185600e+16 1.205117858658037000e+16 2.103693515210936000e+16
-5.158412508532561523e+12 -2.041204454369947021e+12 5.030417293622394531e+12 -1.860438598036779785e+11 4.042308666316241455e+11 5.604530377046314697e+11 5.512188416113769531e+11 4.120235843067358398e+11 2.671420336742631226e+11 3.147705865470929565e+11 7.950047656120080566e+11 -8.385017490439106941e+09 -6.826581811008006287e+10 -3.944592192517457275e+11 -3.437883968176476440e+11 -2.181104801414104004e+11 1.475763400360323792e+11 1.311641830790765762e+10 -1.192870352506434479e+11 -1.390359707981165504e+10 -5.414459464406697083e+10 -1.372297129715129547e+11 5.934122581167253113e+10 1.446294317025098267e+11 9.742362427882749557e+09 2.601223483095073853e+11 7.487814815972792053e+10 -1.004174748939056549e+11 -1.695802509506220627e+10 -7.080665187184385681e+10 8.598036621516000366e+10 1.213447803096948385e+09 1.491040535217642517e+11 2.140620973446618958e+11 2.796832556476984863e+11 5.758374379219448853e+10 -8.420316971891789246e+10 -2.969316496861198044e+10 -4.075910454702072144e+10 -1.341058766531624146e+11 1.018469172264991302e+11 8.280788325791381836e+10 -3.341622343594062924e+08 9.285465403084529114e+10 -2.593544557792005157e+10 8.558951293247346878e+09 1.028308522403095856e+11 5.031758619014344788e+10 7.179708587548938751e+09 1.341419087527918625e+10 -6.376244368026510620e+10 -3.723769469724868774e+10 2.872093641286536026e+10 -2.798129704998703384e+10 -2.795314541357919312e+10 1.045906648408968602e+19 1.408353574773291827e+19 2.009429913011552512e+18 6.462574858428218880e+17 -4.448335630453752832e+18 2.396450669216662528e+18 2.778852645977009280e+17 1.094994652622589952e+18 1.379158569717456000e+17 5.998492760098288640e+17 5.604654030966481920e+18 -4.772511992580442000e+15 1.304105899708801792e+18 9.290784330059344000e+16 2.653915695494423360e+17 4.638549327464083200e+17 9.636954479434985600e+16 2.659881759791679040e+17 -4.151390299041864960e+17 -6.567714573919948800e+18 2.413464966258373120e+18 -2.004474630609134720e+17 7.446353870860579200e+16 2.824078520318534656e+18 2.315318152542060800e+17 -8.338167854815585600e+16 2.101235225085590400e+17 5.987538253429112320e+17 9.438752110997897600e+16 -4.643636519379235840e+17 5.412003676165113600e+16 1.117109186782263520e+17 9.093556910655735040e+17 9.289054243807470080e+17 5.774756905075457024e+18 -8.648698937117382400e+16 4.191331507331732480e+17 8.297045373327252800e+16 2.514662028612930048e+18 6.396160479854014400e+16 -2.130942230161305920e+17 2.019544523353477440e+17 1.670725655542158720e+17 -1.674391740540721800e+16 -4.898745915109255200e+16 -2.909224186531558800e+16 3.974445337287633920e+17 2.333124137678642880e+17 2.437897204007559600e+16 1.084617872921029120e+18 9.699602732365871360e+17 9.037416838695950400e+16 -1.578276169515180480e+17 4.743447390385909760e+18 1.041877606351325200e+16 -2.995074260570472800e+16 -3.474388721508070000e+16 6.703813107929691200e+16 2.879464582839450624e+18 4.274102675965365760e+17 -1.819087505991329600e+17 -6.967632131307703200e+16 1.853942481913997120e+17 -4.218689490195226400e+16 9.580402583635020800e+17 1.105566519411306720e+17 -5.354683169250221600e+16 -2.230387313918863360e+17 3.049417887991373200e+16 -2.255637680494787600e+16 -1.337391554593409440e+17 4.200050361603319040e+17 -1.920835538345480640e+17 -4.529159698134161280e+17 2.074222214441987200e+16 -7.195339820472952000e+16 -7.875288322547992000e+16 5.196349806990826701e+19 1.068666301462323968e+18 -6.110358660540840000e+16 1.459808058054342400e+17 2.470819203288962800e+16 7.505663987713996800e+16 3.233007223457978880e+18 -3.251342378746401200e+16 -2.655882109407072000e+16 -1.676407620905344640e+17 6.026049174937834400e+16 -1.667481758928864640e+17 -1.261233328124182560e+17 6.096395035675040000e+17 -1.271793934773924160e+17 -3.306807855817424800e+16 -1.862225254863458560e+17 1.767766875837714800e+16 1.369142298258378560e+17 -1.499256931270108200e+16 -1.876125487325934000e+16
1.466873699296103516e+12 3.411950492811045456e+10 2.929266451918169556e+11 1.411510988299522217e+12 1.201662839571676514e+12 3.496342658245201416e+11 3.976502706611093140e+11 -1.731608255960670090e+10 1.651437932668323059e+11 -3.042285019575847244e+10 -6.940016502616543770e+09 2.063897833717259216e+11 1.773587040414261169e+11 2.806961158316011429e+10 2.028382394718942871e+11 1.182421247607549133e+11 5.978340850354326630e+10 8.752240149943072510e+10 -5.066676379639402771e+10 -1.080117932657000780e+09 8.106159039834558105e+10 5.907335977041186523e+10 3.624756826845683289e+10 3.717855638522156525e+10 6.807202307069355774e+10 4.058531783340505981e+10 7.179361454734696960e+10 4.689914549180125427e+10 1.853186285118788719e+09 4.918155586807441711e+10 -5.523557072186224937e+09 1.738404538852850342e+10 1.997134435178908539e+10 3.123723307749871826e+10 5.812188428341931152e+10 3.225435754875828934e+10 2.517443490458847523e+09 4.130977048128021240e+10 4.619704026001174164e+10 1.620588327094614983e+10 3.026672861877090836e+10 2.236587844498339844e+10 5.916491451379334259e+10 2.467143206718452835e+10 3.251266462986671066e+10 1.854406635908301544e+10 1.530489946897845650e+10 3.190110918357693863e+10 2.226431874620698929e+10 3.908264087244722748e+10 5.259529743808528900e+10 5.498585799879698944e+10 3.012595477758736420e+10 1.890370325114816666e+10 3.259011364038233948e+10 1.103467122077339392e+18 8.877487343526733000e+15 4.804145452592991360e+17 1.009289282544769536e+18 2.190181033139689472e+18 3.396546141240418560e+17 6.501972657987580160e+17 -6.108574526991844000e+16 1.910383607806507200e+17 -8.748606725408176000e+16 6.691481791948629760e+17 9.954136836330339840e+17 -2.853946119159053440e+17 2.462712158709191680e+17 6.305225962298914400e+16 -1.741499354193299840e+17 1.700231471712644160e+17 -2.454882137401885600e+16 -7.172546408202096000e+16 4.418271462137389440e+17 1.262967504846643360e+17 -7.611702730975066000e+15 -1.379753596439838800e+16 6.754650618153110000e+15 2.093617909679790080e+17 6.577739135465540000e+15 -1.173023814299160960e+17 -3.213585661070040320e+17 1.490450546315290560e+17 7.691038921081006400e+16 -1.419023975962080000e+16 -3.257020055674925600e+16 4.213280069761416960e+17 -7.689490186657452800e+16 -1.901083523965848640e+17 3.156985534479073920e+17 1.097161559248557600e+16 -4.435744099235962400e+16 -8.449895697090612800e+16 2.750447328754024640e+17 4.084572485640790400e+16 2.704618101604887200e+16 6.117514800398636000e+16 -1.391244298092698400e+17 2.401792102193504640e+17 1.361475589361671600e+16 3.145144650812113500e+15 4.867109875053931200e+16 -9.981674048542340000e+15 -1.418085901762532320e+17 6.439480032710193920e+17 5.767575968426910400e+16 -3.963450433075964500e+15 -1.648815151408328640e+17 3.538097394058033280e+17 4.773141807281360800e+16 3.379341967305141600e+16 -5.281952171459515000e+15 1.668564723565346000e+16 3.358190842328355200e+17 8.620826712688136000e+16 -2.177216942683490800e+16 2.316489495126018800e+16 3.443670676979794800e+16 -1.366788794125287680e+17 2.246065511039843200e+17 1.108461906620866720e+17 6.086733574224770400e+16 -2.147465132467753500e+15 1.945818609861389200e+16 2.978235620761200000e+16 -2.505320814134962880e+17 2.610703415101737200e+16 7.671823447946158080e+17 6.278652412571957600e+16 -5.254655961327630000e+15 -1.307344300362960800e+16 1.068666301462323968e+18 1.699942328006766080e+18 1.696573968246267200e+17 4.362853565830571200e+16 7.299858166798090000e+15 3.284619462547578000e+16 1.343868312019569600e+16 3.060876716614399360e+17 9.226659312303985600e+16 3.155996608914219200e+16 2.519513649083244000e+16 3.258741063090672000e+16 3.321466495413473200e+16 -1.628266347470821440e+17 1.859431593191461120e+17 8.357664164320166400e+16 5.279538408283806000e+15 1.246796939510280000e+16 2.763381611151329600e+16 2.670582611458702800e+16 2.272519298161411200e+16
2.211025630912166443e+11 3.000943950337528687e+11 2.712270660024548035e+11 1.364980499114587250e+11 4.572175533391610107e+11 6.918835916038149414e+11 4.556271526469640503e+11 4.364171565480133057e+10 6.029071220143750000e+10 5.006415596207410431e+10 1.512201052461445618e+11 1.056161531748330231e+11 7.557207055737660217e+10 2.822392180628493500e+10 6.352514745300749969e+10 5.378009530339437866e+10 2.898751478415393066e+10 -4.273186450579161167e+09 -7.586456842477052689e+09 1.297427388179447365e+10 4.298127564799795532e+10 9.771010808697084427e+09 -6.852676037274065971e+09 1.151120621089373779e+10 1.026005421448022842e+10 -4.382643643673847198e+09 1.852268581133330345e+09 -3.208884065302000999e+09 -1.716619202118452644e+10 2.061519270540673065e+10 5.937856044983242989e+09 2.606469840828159332e+09 1.974225355128400421e+10 -4.972264507868516922e+09 -2.562845557742115021e+09 -1.342824123885520220e+09 3.017893316183884144e+09 6.871856563596346855e+09 6.725579633174356461e+09 9.268372823464241028e+09 2.807399621756128311e+09 -2.321457343375879765e+09 9.861912322123130798e+09 1.038839223006173706e+10 -1.382025047447480202e+09 -4.468477799983720779e+09 2.792347647796698213e+08 -3.601393239111862183e+09 -1.093479702294230080e+10 5.637249061186531067e+09 7.728277579551448822e+09 1.069025623560780144e+10 3.466994097325645685e+08 -8.768722374792133331e+09 -5.156414754697349548e+09 -3.103262329800851840e+17 5.824018354353047040e+17 1.196855853538910240e+17 4.779233190675343200e+16 1.955683271441127936e+18 2.778166497541539200e+17 2.485417408866413760e+17 2.084430642048778240e+17 1.999952880706999040e+17 7.861559913551014400e+16 4.736916284138946560e+17 1.792490980078424000e+16 2.136343219769502400e+17 1.209965389493556160e+17 1.849237046764390080e+17 1.224438055262902240e+17 7.442777970132806400e+16 5.376271717203312000e+16 7.790651022610366400e+16 1.340491023216532160e+17 3.003531648742734720e+17 9.770728903134073600e+16 1.360540435920487040e+17 -3.199752723582658800e+16 6.357049088124120800e+16 1.021476619258465920e+17 1.794329199456658800e+16 5.354458796825894400e+16 2.550968934163106400e+16 4.994976527916229600e+16 2.181480475078973600e+16 1.667728330673381000e+16 6.366704616457844800e+16 1.783224089505719360e+17 -1.011340401011972160e+17 1.024318127938647520e+17 9.185036004352576000e+16 2.208946940098425600e+16 -3.875334371978916800e+16 5.719415699532591200e+16 1.024673725177548000e+17 2.237747313674780800e+16 5.532775228736465600e+16 1.229836092365675000e+16 1.387995141044921200e+16 8.527609758100867200e+16 4.079453718698760800e+16 4.996644173501989600e+16 4.448180977466467200e+16 1.240745192446934560e+17 1.713836347148483520e+17 9.461693423835993600e+16 4.650020615024000000e+16 4.212994874199855200e+16 6.671465370889716000e+16 9.064396207957336000e+16 3.879947912135207200e+16 2.959758808323445600e+16 -5.149262809884998400e+16 4.851196063262098400e+16 1.284776490524344160e+17 3.779807865366639200e+16 1.208687207644287600e+16 3.055384739527426000e+16 -4.462285384997802400e+16 2.215408137266509600e+16 6.988265391757068800e+16 3.648926354456397600e+16 2.757428820493732000e+16 6.454776421815448000e+15 -1.781538261168509000e+16 -4.443936529736767200e+16 6.655998650995706400e+16 2.619887949015569920e+17 1.493109211058633600e+17 4.698177952379856800e+16 4.334474136826670400e+16 -6.110358660540840000e+16 1.696573968246267200e+17 4.323573219292238080e+17 6.877326020744896000e+16 3.164114644115207200e+16 2.259539964734315200e+16 1.900608804054002750e+15 2.012735508942692000e+16 1.129003058607128160e+17 2.772940502706063200e+16 2.660661613672049600e+16 1.754884062532220000e+16 1.207404389500620800e+16 -2.408429717622361000e+15 1.625502308111315200e+16 8.772780035869680000e+16 2.943132693533888000e+16 1.955880186440670000e+16 1.000169107747873800e+16 3.809148272899610500e+15 1.449823293308698400e+16
2.192202815153353577e+11 1.052877892872186737e+11 -6.210142303965906525e+10 -1.107820087784782410e+10 2.084393791062106705e+10 1.170837097859977417e+11 3.317014005237020264e+11 3.537107527373986206e+11 1.580120504693257141e+11 5.949993510228566742e+10 1.380094069462057495e+11 2.001994696792722168e+11 1.022306642082817688e+11 7.041677887262303162e+10 1.184504853783798828e+11 8.763678749652432251e+10 9.467774898273504639e+10 5.458682144009387970e+10 3.113142795242921829e+10 2.470513825077201843e+10 2.465492765390520477e+10 -4.958179761246874809e+09 -8.436377286349439621e+09 -9.492881124335136414e+09 3.159085963586083889e+09 1.969881536671978712e+09 2.157718989795877075e+10 2.775826437058926010e+10 6.547965444776003838e+09 5.693688178032344818e+09 1.168144080132262611e+10 3.553585696130480289e+09 1.536848145114144707e+10 2.545453747880554199e+09 1.829471696571524811e+10 1.980304530791290665e+10 1.522281096891717529e+10 6.458631800169342995e+09 9.006914422121236801e+09 1.708982047275647354e+10 1.141618253321176338e+10 5.551702393417563438e+09 2.031913921326317215e+10 5.774934074016496658e+09 3.209054507122389793e+09 -1.137000569717275381e+09 1.061576245293917847e+10 3.703284313713420868e+09 5.961927123259133339e+09 8.237505565166129112e+09 9.155191470462694168e+09 8.487420395364864349e+09 -1.423441603162361145e+09 3.209634782341139913e+08 8.242684997947443008e+09 -3.526373329208499200e+17 9.634584203988044000e+15 -2.397550589736890400e+16 6.861449022531184000e+16 -1.192018898331643648e+18 1.306842592967421000e+16 8.420258724603612000e+15 1.108626734988062240e+17 -2.752963312860544000e+15 -3.193986772683634000e+16 3.330894363795169280e+17 -9.271219412505851200e+16 1.151511161927921600e+17 3.781319760153730400e+16 1.166098746830989600e+17 1.704739698346013120e+17 4.153788931833649600e+16 8.972793867813436800e+16 1.226735072938230080e+17 2.812265841156627200e+17 -8.422821188632532800e+16 3.720950345495673600e+16 2.167914348476882000e+16 -5.172366882000601000e+15 2.918369480365892800e+16 6.484713699179135200e+16 6.140316882441895200e+16 3.251937721978699600e+16 3.266524234247268400e+16 -5.828411940574676000e+15 6.460553582107430400e+16 6.072132275957912000e+16 3.007407659119132160e+17 3.720709549859242400e+16 -8.995666465798027200e+16 7.573044339988705600e+16 8.346390609173556800e+16 7.550019915683000000e+16 1.044733744164692800e+17 4.560096459722812000e+16 3.815798507272671200e+16 6.460591711504519200e+16 2.983247995170053200e+16 1.142112636728746080e+17 -9.956709304357228750e+14 4.997703438130976000e+16 7.471017681896528000e+16 4.692235395654716000e+16 4.180360918559473600e+16 1.798305090162483800e+16 1.833359099424464400e+16 8.315541205564464000e+16 7.130673835048691200e+16 5.298418281347511200e+16 4.165235345593562400e+16 5.149208150828127200e+16 4.978151205023229600e+16 6.191152428620680000e+15 4.941912180732926400e+16 1.974690043365628000e+16 4.335462343771944000e+16 7.485134569388348800e+16 2.553523804280224800e+16 2.478685398862282400e+16 8.628423651397276800e+16 1.723750461517575500e+15 3.602113739430134400e+16 5.442596663971221600e+16 1.808234308939066400e+16 2.257808937326413600e+16 2.764303065577238800e+16 -3.070115423958326800e+16 5.261588713039452000e+16 2.079399306714635840e+17 6.914429435207038400e+16 5.675253563200777600e+16 3.098484552041126800e+16 1.459808058054342400e+17 4.362853565830571200e+16 6.877326020744896000e+16 2.493031692547690240e+17 5.431429237695932000e+16 2.302531579144996000e+16 3.366113957477315600e+16 -7.087440683430462000e+15 3.940400230161221600e+16 6.563761033647531200e+16 3.832889753618940800e+16 2.862218879919089600e+16 3.423200635966246000e+16 4.546750547170343200e+16 -3.178604454098859500e+15 2.455823585759426000e+15 4.018347159835797600e+16 2.266212028678294800e+16 1.243891383052018600e+16 2.803150097716786000e+16 5.538883806184820800e+16
-7.994586392561907959e+11 -3.089853099705785522e+11 -2.740749505892399292e+11 -8.416019061505264282e+10 -3.500889987224752045e+10 4.779970053615802002e+10 8.521178473096690178e+09 3.342725585361698532e+10 1.498762996582955322e+11 2.165101818241565247e+11 2.219488258899707642e+11 1.788605618687958374e+11 1.083082272691250000e+11 1.678014161254751778e+10 6.852313856139894104e+10 9.892431543380227661e+10 2.288729059839486313e+10 1.923856391517397690e+10 1.020560268022551918e+10 2.680374193714344788e+10 1.052387775956533813e+10 -1.475285913316186142e+10 -2.712301781817196369e+09 -7.941837089335599542e+07 -1.907653348645443678e+09 8.919717006481054306e+09 9.876152260694649220e+08 1.405423177250014877e+10 4.316296189085825920e+09 7.053835815727635384e+09 1.853631669907167435e+10 9.889434332028638840e+09 3.946795232015458107e+09 8.092545285914633751e+09 7.981046667035051346e+09 7.764615558685657978e+08 2.557577965352559462e+06 9.129425702030876160e+09 3.237936337544609070e+09 5.347084664608768463e+09 4.541735967635733604e+09 3.582201870231098175e+09 2.266310059501042938e+10 9.147085663445442200e+09 1.126008507156957054e+10 -2.888644900562988758e+09 1.688918217827020645e+09 5.528384201661695480e+09 5.208232385397814751e+09 2.062047933713166416e+08 2.600986294343463421e+09 1.142417429466904259e+10 6.814237238605821609e+09 5.470290274416309357e+09 1.089364958732458305e+10 -1.108564708031891712e+18 -2.436581156620348800e+17 -2.323496410069624320e+17 -1.681699544246822080e+17 1.535488738981974400e+17 -1.660236844356428480e+17 -7.391058175993844800e+16 1.186392797997672000e+17 -3.989764312204018400e+16 5.174610044585520000e+16 5.550909299773020160e+17 4.737727958092126400e+16 -1.609707354604191000e+16 2.800961014715858800e+16 1.709839724601034800e+16 -2.129230133772778400e+16 -1.775323014858360500e+15 -7.005701275347050000e+15 5.162437302810612000e+16 -4.657429381801206400e+17 -2.989442832074644800e+16 4.339193893592863200e+16 4.523034089759196000e+16 -4.332135643076292800e+16 2.304888571826278400e+16 1.305384965080188800e+16 2.677966151240728800e+16 7.776263330648937600e+16 8.407866834491425600e+16 4.148073041913272800e+16 3.978008483366213600e+16 4.177599837015497600e+16 2.292911251711122000e+16 6.150459835267142400e+16 3.037347337361643600e+16 3.673016067450489600e+16 4.063218947025233500e+15 2.964786701385252000e+16 4.925041711975051200e+16 6.515378546851343200e+16 3.856411139131339200e+16 1.878832541406282000e+16 5.590881622128385600e+16 4.331858632893998500e+15 1.463053906598723600e+16 5.785730137021634000e+15 2.739951401675030800e+16 6.727087024342422400e+16 4.989104036129297600e+16 -1.006221370603239520e+17 -7.632213026432875200e+16 2.112890045941964800e+16 -1.607643240653722000e+16 -1.265724179468787680e+17 4.082832563373876000e+16 4.352511890832723200e+16 1.249361778037849800e+16 5.045798718809374400e+16 -3.882622643415999200e+16 7.726413385478420000e+15 1.765179953305543800e+16 2.235125169745382800e+16 4.785215451555848800e+16 3.496378617492916400e+16 -1.416041315924032200e+16 5.221662429578598750e+14 -3.478342921502946000e+15 -7.004575627014262500e+14 3.017239083009921200e+16 2.210854535971546800e+16 -1.505985320152300200e+16 -6.738619189283714400e+16 1.366449045902921250e+15 1.164175267227650080e+17 4.130538230066339200e+16 4.066769871362236000e+16 8.279458729629633600e+16 2.470819203288962800e+16 7.299858166798090000e+15 3.164114644115207200e+16 5.431429237695932000e+16 2.163375713645925760e+17 6.978062965197386400e+16 -3.301811968239569200e+16 -1.017655862572736200e+16 1.160481331239869200e+16 2.182551970210867200e+16 5.428305474971922400e+16 2.318480491307188400e+16 1.088010883016162000e+16 -9.087281274983496250e+14 -7.618502872379447000e+15 1.289517289036503400e+16 1.310261824921300600e+16 2.180216370739755200e+16 2.895021024008464800e+16 1.605622165719686600e+16 3.226688744350034800e+16
-5.632139176171016846e+11 -4.133074315592753906e+11 -3.290934529396185913e+11 -2.156236794733826828e+10 6.984956972387284851e+10 6.993263780288264465e+10 1.839567145769508362e+11 4.658727902297275543e+10 2.585947699000714111e+10 9.734236368422323227e+09 1.335575588265398712e+11 2.095567737047538147e+11 1.229744993304838257e+11 -4.178924428746904850e+09 4.904523946568450165e+10 8.732398850533815002e+10 4.039589290122476959e+10 5.897298233196149445e+10 4.390050677351617432e+10 1.234276177071144342e+09 3.996852099494335938e+10 2.701254056622810364e+10 1.615611873495563889e+10 -3.268026179819862843e+09 1.910120833904553604e+10 1.724950024889889526e+10 1.991666236489301682e+09 1.305529867206786346e+10 1.831247724799231720e+10 1.154911723536994743e+10 2.180409623099556732e+10 1.295745677181818771e+10 1.565356355761267090e+10 1.136474586599443817e+10 8.900048506825117111e+09 7.081962847073548317e+09 9.734407403027196884e+09 7.871574057896725655e+09 -5.188016201737171173e+09 1.375794144332131577e+10 9.613092746093700409e+09 3.949397922318121433e+09 1.506083690057291031e+10 6.768500719560396194e+09 3.524019437574502468e+09 8.443047629440325737e+09 1.366747770947515869e+10 1.013150492563645554e+10 -2.502891920429017544e+09 -4.720748102899237275e+08 2.362368323452253819e+09 1.253263104227249527e+10 1.249869975837890244e+10 9.545944973496723175e+09 9.350824156624385834e+09 -3.207306091199086720e+17 -3.001382864080282240e+17 -1.583258236138918720e+17 -5.545930234199811200e+16 -9.381437573102545920e+17 -8.638247199216086400e+16 -1.664692523650493000e+16 -2.845799790664220400e+16 -4.135909615948064800e+16 1.836980516471164400e+16 -2.583740282412351040e+17 1.972735185297845120e+17 -1.461775573168377600e+16 -1.766662488291198600e+16 -3.792601056494710400e+16 -3.189291566855024800e+16 -4.030862987312272800e+16 -4.075870355556925600e+16 6.800760844604032000e+16 4.533971480091143680e+17 -2.643603592499354240e+17 5.296427245206477600e+16 4.882074615604098400e+16 3.050655026869855600e+16 -9.171479406331444000e+15 -1.097682796595854000e+16 3.204951581262352800e+16 -5.782707203019080000e+15 1.531327773865924800e+16 -1.757814745589053600e+16 2.319131131256961600e+16 -9.376634856087210000e+15 2.621739769706799040e+17 7.015105751256440000e+15 -3.216899786121893120e+17 2.803739495543162000e+16 3.338168736848490800e+16 5.843889545870276000e+16 -4.679761005745913600e+16 1.151250822537344000e+16 4.300793243605716000e+16 2.699380869319696800e+16 2.585144457638170800e+16 1.307997115831457800e+16 2.283343258508098500e+15 3.755899491136828800e+16 5.008967731184423200e+16 6.764879947287269600e+16 6.918595539128091200e+16 -1.837744229321234560e+17 1.282774717817352640e+17 2.557080470713251600e+16 2.417545883736280000e+16 1.003824516939369120e+17 -4.938725703790526000e+15 1.739780493495490800e+16 1.185182664591605000e+16 8.176707206353248000e+15 -1.473742614157962400e+16 2.129623411959815200e+16 1.897022072913243200e+16 2.585162790083588800e+16 3.435396406181074400e+16 7.518869289263305600e+16 -6.789359829520564800e+16 -1.081380858903931400e+16 -1.387425368592992400e+16 2.856019039129270500e+15 -1.215159319281132000e+16 3.024661971251292400e+16 -8.862625556480615000e+15 -4.935339187058476800e+16 -2.149344261161712800e+16 1.816171890411241920e+17 4.675703813118448000e+16 1.899278855524388000e+16 3.451214663142832400e+16 7.505663987713996800e+16 3.284619462547578000e+16 2.259539964734315200e+16 2.302531579144996000e+16 6.978062965197386400e+16 3.047557567283738880e+17 -6.662055125990527200e+16 -6.295007878883566000e+15 4.465612604265957500e+15 1.311218778307488800e+16 1.941671954984760400e+16 5.146075076243880800e+16 1.136284064940006400e+16 -3.067052861044878400e+16 -7.032886486513658000e+15 3.886624030302724500e+15 2.345858747926797600e+16 9.345727268310576000e+15 3.806347866343316800e+16 1.577965950026208200e+16 1.956623793359752000e+16
3.559735289690260742e+12 6.862037318912131836e+12 3.922727795771248047e+12 3.061546492343546753e+11 6.777499370426684570e+11 1.044742217431104736e+11 3.505276778149457397e+11 2.771494782481364746e+11 7.837033922970912170e+10 3.481173504107117462e+10 1.194071223450050659e+11 -4.927197962089490509e+10 1.164477360452536316e+11 2.290347136360115662e+11 1.357516277421401672e+11 -1.450726120631994629e+11 -6.645552577612519073e+10 -5.970777746473434448e+10 9.381553807742004395e+09 -1.977403187700362778e+10 3.491122112415756989e+10 -6.610687420785302734e+10 -3.130171868378894424e+10 -1.054684107404211044e+10 8.406758862679136276e+09 9.710932112045443726e+10 -1.515892042878900909e+10 -2.671133244056393051e+10 -3.603477197850746918e+10 -3.067359101512168503e+10 5.761609522497402191e+10 4.132746233598393250e+10 1.066260240538073921e+10 7.785224322431913757e+10 -3.731855088908893108e+09 -1.335357619953016281e+10 -5.352623045997297668e+10 -3.080560044682545853e+10 -1.526548996188383102e+10 -3.938311489177726746e+10 -4.564286448367771149e+10 2.250365251303561020e+10 -4.677013015832177734e+10 7.620131438775589943e+09 -4.307867192359014511e+09 1.108717648850984192e+10 1.148919284431292534e+10 3.827106546348329926e+10 2.542091710581054688e+10 4.768913588144851685e+10 -1.845260252654122925e+10 -4.721102203878887177e+10 -1.368836499374830437e+10 -1.554011684129014969e+10 -2.547534671693166256e+09 1.208804088627055821e+19 1.005221803812595712e+19 4.999385868011490304e+18 -1.720014301111882560e+17 3.451790011158033920e+18 3.343474919988276736e+18 -4.165113101054272000e+17 3.961771012394812416e+18 2.490829667579145600e+17 8.318683513788419200e+16 1.362786643482965504e+18 -2.769654876491612800e+16 3.070284906443881984e+18 -3.586536085966555200e+16 1.079246786312031520e+17 3.852994052760153088e+18 -2.445459622162386560e+17 6.522756652662799200e+16 -1.844886407689654720e+17 1.690821906222831872e+18 -7.398277183968870400e+17 1.392793206282575400e+16 -2.136686616103584800e+16 3.031054837183794176e+18 -9.370405319804985600e+16 -1.559000484579378000e+16 7.026041876140984000e+16 3.727785419431768576e+18 -1.364348338740424480e+17 7.385049254512676800e+16 5.367281584740181600e+16 1.104640080120225120e+17 -7.789223287494424320e+17 -1.489959309165500800e+17 2.421463231705692160e+18 -1.578691647696910080e+17 -5.651461387869470000e+15 2.348221465090418800e+16 3.423697725160667648e+18 -1.386184472016123520e+17 -1.021776330386348000e+17 4.268136296437365600e+16 -3.719876556420768800e+16 3.939972692645486080e+18 -7.108239643654894400e+16 4.166219933671432000e+16 -5.285587873922241600e+16 -4.368692532454929600e+16 -5.926823819247809600e+16 1.773458516827257600e+17 4.578443541125219200e+17 7.377938073949953600e+16 -3.098686137954439500e+15 2.506012350201831424e+18 -4.717059358098523000e+15 7.357724925136507200e+16 -4.133319778989828800e+16 -6.807928420884233750e+14 3.253528291129728512e+18 -9.949370557980220800e+16 6.132305293279265600e+16 2.372618736941196400e+16 3.770527098409091200e+16 2.261536887449364800e+16 4.203694033523019776e+18 -4.692936942415833600e+16 4.723219473055136800e+16 7.191476715453861600e+16 3.384888747727478800e+16 2.753322459607743600e+16 8.570271628607668800e+16 8.333188891196542400e+16 -8.618069652339280000e+16 -9.454104234616817920e+17 7.762612110774838400e+16 2.737766071906888800e+16 -5.137067369727780800e+16 3.233007223457978880e+18 1.343868312019569600e+16 1.900608804054002750e+15 3.366113957477315600e+16 -3.301811968239569200e+16 -6.662055125990527200e+16 5.197182378676592640e+18 1.364316072391801920e+17 1.717252446454753200e+16 2.389778701580940800e+16 1.207718317474354000e+16 1.574200312800726500e+15 7.385429090051622400e+16 3.853710228763674624e+18 1.648102392073395250e+15 8.230145640788403000e+15 -2.204521698055406800e+16 3.604543316721760000e+16 7.316018334240764000e+15 3.179840756031799200e+16 5.768770181962188000e+16
-4.922374636748735352e+11 1.271800678934945526e+11 1.395539387107246338e+12 1.656760360528738525e+12 7.845156555257503662e+11 1.178392352039137268e+11 6.560127763600202942e+10 -7.390263161950042725e+10 -2.457556272956679344e+09 -4.917857297389582062e+10 -1.447798599743771973e+11 -1.734197843667329025e+10 4.987141297628405571e+09 1.443260233400229187e+11 1.128715679821390076e+11 6.739293509356723022e+10 5.343409852312979889e+10 -1.430625249630167580e+10 -1.417038963659773111e+09 3.805281705160946655e+10 2.212741184547061920e+10 1.669975917916329193e+10 1.630035363506004333e+10 3.122370336320535660e+10 9.919334143166975975e+08 -1.698050914313702202e+10 3.185616747596842194e+10 1.436925443345790863e+10 1.330259734352729225e+10 3.470735406960475922e+10 1.107155061172067642e+09 3.584918119707598209e+09 -1.046471897605118179e+10 8.493294532477007866e+09 2.364489218206216049e+10 2.494181230751898575e+10 -4.544847340956401825e+09 1.485065006769750977e+10 5.054247792255751610e+09 2.705810010113755703e+09 -5.241867336335730553e+09 8.611450230251735687e+09 1.990329096733211136e+10 7.525488526518424988e+09 2.414396625996363640e+09 6.704566488196346283e+09 3.404794579662878513e+09 1.119580556069670105e+10 1.244123084102333641e+10 1.111776903898872566e+10 2.858127592064926147e+10 1.559528182174193192e+10 7.741533630377395630e+09 1.516116468994326019e+10 6.283906025265253067e+09 8.674198778620099840e+17 4.774880164009772800e+17 3.366228526382091520e+17 8.730226082328057600e+17 -2.407124263704335872e+18 3.631150719040986400e+16 6.463747771290508800e+17 -2.788703608542108160e+17 2.104038153901109120e+17 -2.535811821229838400e+17 -1.597498470397108800e+17 5.729842720933623040e+17 -7.506427713238611200e+16 2.676548003453898880e+17 6.572866625031714000e+15 -4.526801015346750080e+17 3.266108368076492160e+17 -1.763969282704633800e+16 -6.072418001387872000e+16 8.570016440579116800e+16 -4.259676627190407680e+17 1.214897873793312480e+17 -4.837916672300989600e+16 -3.121235607534153200e+16 2.335644107174254400e+17 2.679832327653206800e+16 -3.885667941643916000e+15 -3.233000375001492480e+17 2.260700778057470720e+17 9.214427267589059200e+16 -2.074781304846473200e+16 -5.959474656256707200e+16 6.126101495471803200e+16 -7.687566655444868800e+16 -1.416731136139077440e+17 2.111182466625562240e+17 -1.497692892719485200e+16 -9.691445131473302000e+15 -2.232963001856008000e+16 2.372902051456405760e+17 -5.711647151191478000e+15 -3.590762512555610400e+16 -2.559019175822159200e+16 -2.585533119702575360e+17 2.774207572668268480e+17 -3.098407101210646000e+16 -7.111244634249548800e+16 -3.507689524036173600e+16 -4.717145700355418400e+16 -8.605757927991126400e+16 6.105720708631105280e+17 -2.117426354571504800e+16 -1.295789011907501600e+16 -9.547504538141348800e+16 2.380226458042700160e+17 5.892774202107911200e+16 9.993748650975606000e+15 -1.793595209503990200e+16 1.175156742994083200e+16 2.359315038812610240e+17 -7.758261684259007812e+13 -1.203801990466781800e+16 1.067880621790383400e+16 1.415669453339870800e+16 -2.239583098961248640e+17 3.417455661013160320e+17 6.523025351788839200e+16 3.368393237582790800e+16 3.513381267035491500e+15 9.655255851730954000e+15 1.752017708697511400e+16 5.027481468152012000e+16 -2.265214290995664400e+16 -8.417410665686529600e+16 1.846037952233166000e+16 1.225948655103675600e+16 -2.113314531000609600e+16 -3.251342378746401200e+16 3.060876716614399360e+17 2.012735508942692000e+16 -7.087440683430462000e+15 -1.017655862572736200e+16 -6.295007878883566000e+15 1.364316072391801920e+17 7.276558374956145920e+17 7.808555288796990400e+16 3.004831430213548800e+16 1.092686237015459200e+16 1.194912626375730400e+16 1.593185403132537400e+16 -2.405516629804944000e+17 3.562525566321683840e+17 5.360808467900914400e+16 7.373576071331646000e+15 1.610130948125455400e+16 -1.138799642246778000e+16 2.062905653483563200e+16 2.314043646105295200e+16
3.410178133701827393e+11 2.545717797306797485e+11 -2.070529802411351776e+10 4.770706867243963623e+10 5.595211470074844971e+11 6.465776531386263428e+11 3.805042819565979614e+11 4.323771710882851410e+10 1.304839408520194435e+10 2.318429756314665222e+10 3.889718634470502472e+10 8.408612375926704407e+10 6.771751146450801086e+10 9.554809427536830139e+10 8.119117277003433228e+10 8.559722916961862183e+10 5.640612655383820343e+10 -1.323731513625491714e+10 3.074499869516735458e+10 5.778964133859213829e+09 1.652625767873257065e+10 2.105817573348995209e+10 6.433317453474329948e+09 2.546227198596889019e+09 -1.028821762666329193e+10 -2.529127313393710136e+09 2.200102584422035217e+10 1.719806662612648392e+10 2.429829482136432266e+10 2.934397575899254227e+10 1.198006192539641142e+09 6.582248149253660202e+09 1.757251611986561584e+10 1.029960832366958427e+10 7.915821110458031654e+09 1.619910193981341553e+10 1.044195480359839630e+10 1.891040423476641464e+10 1.096999265966074181e+10 3.048318204280577660e+09 1.053601032579213333e+10 -8.070271710542234182e+08 1.689340184685173798e+10 2.122425513242080307e+10 6.903011233025683403e+09 1.958364948232083559e+09 5.511719100674987793e+09 8.473558212399865150e+09 9.706495250118860245e+09 2.028378160409766006e+10 2.636014929563476181e+10 7.560533375460980415e+09 3.839898831246171951e+09 8.521239194017318726e+09 2.400501818062254715e+10 -6.447511108099877120e+17 4.946313107907363200e+17 -9.218369880742731200e+16 2.205485532906579200e+16 2.817102940685359360e+17 -1.003219156942769280e+17 3.791715273516285600e+16 2.387099449244908400e+16 2.084388286190254400e+17 2.920168599718333440e+17 6.278027014667297280e+17 6.979630242624769600e+16 -1.607691578670809600e+16 1.109642114172956640e+17 1.742424993723628480e+17 -1.636968625633185920e+17 8.134736398524702400e+16 6.357248117414477600e+16 4.662857803675870400e+16 5.220419338407952000e+17 1.228728682513952800e+17 1.220792345569912960e+17 1.874654507959244800e+17 -7.810901575763044800e+16 2.285956293512912000e+16 8.448950974954896000e+16 -1.447637759964503800e+16 -1.607907079083824320e+17 -8.895714892115338000e+15 9.782338978361547200e+16 1.386212258451084200e+16 -4.649528812537804800e+16 -1.115346329915163520e+17 1.794305229345588160e+17 -9.427212250910867200e+16 7.850808481948406400e+16 5.960315235019810400e+16 2.665808176659153200e+16 -5.575994897338931200e+16 3.281839736873348800e+16 7.460888382147670400e+16 1.417178371254989000e+16 8.717120593130050000e+15 -1.657412746451520640e+17 4.979514944274758000e+15 6.067937844683885600e+16 1.608224276488740200e+16 3.796674676763226400e+16 2.165921611823828400e+16 4.494660260161542400e+17 5.516230277462133600e+16 6.992305882534014400e+16 2.751444158382537200e+16 8.274208940073643200e+16 7.105549979820094400e+16 8.576258904231273600e+16 3.599339643309842800e+16 1.716527340407134600e+16 -6.588342714028168000e+16 2.767500002025166400e+16 1.002682466462475520e+17 3.177269245648683600e+16 2.100403722100036800e+16 3.409082931399487500e+14 -9.423892037891699200e+16 4.364074343875056800e+16 1.422102868409994080e+17 4.614325243421736000e+16 1.777630688883863800e+16 2.396814813845309200e+16 4.391007870060115200e+16 5.927266767602572000e+16 2.026997356609680800e+16 2.025855594266438400e+17 8.632649794063617600e+16 2.869344375953975600e+16 3.649736612392222000e+15 -2.655882109407072000e+16 9.226659312303985600e+16 1.129003058607128160e+17 3.940400230161221600e+16 1.160481331239869200e+16 4.465612604265957500e+15 1.717252446454753200e+16 7.808555288796990400e+16 3.344202192029024640e+17 4.914451651001957600e+16 2.122621737629570400e+16 8.860484124243078000e+15 1.425079736018638400e+16 -1.574003869268854080e+17 2.661789924893979200e+16 1.282927261272096480e+17 1.824304553350634800e+16 4.298758256566874500e+15 6.199039096865985000e+15 9.156177384799220000e+15 1.501819719111890200e+16
4.213140568970651855e+11 8.037440118299647522e+10 1.079250103106506538e+10 -1.152234480360431824e+11 -2.372786233725892639e+10 1.556652164753196526e+10 2.461960246529057312e+11 3.254368512026760254e+11 1.823213467318165894e+11 5.005135793053166199e+10 2.493503898151947021e+10 4.049506451636966705e+10 8.102188807877812195e+10 1.459689754005478516e+11 1.133664737268045197e+11 8.765800771517323303e+10 4.703881838854895020e+10 1.903468064543149948e+10 3.215597622030940247e+10 1.037781589780827332e+10 1.022975305926192665e+10 4.879495504488534927e+09 2.142986893918289423e+09 1.824306557454549789e+10 1.827204835465576553e+10 3.155016899426638603e+09 2.747912096290933990e+10 1.466561277725528145e+10 -5.363591828889544010e+08 2.608615294468909740e+09 -7.815991799473301172e+08 3.857179068930847168e+09 1.075581922132503128e+10 3.715923257402096272e+09 8.210551544259991646e+09 7.265377246748488426e+09 8.878233273707748413e+09 1.409046141247299576e+10 7.814773119583731651e+09 1.282724521546253586e+10 8.283083313428690910e+09 9.446709260121703148e+08 9.792177051976726532e+09 6.598209035992589951e+09 7.916247012329974174e+09 4.449309737834779739e+09 1.382519474691073990e+10 3.135711978051785946e+09 2.062579638660077572e+09 7.454976877244235039e+09 3.234973416492242813e+09 3.469872642413794041e+09 3.218685562559452057e+09 6.702196910222552299e+09 8.617909001998121262e+09 2.637172445158546240e+17 4.283446328137100800e+17 1.760126056104774080e+17 -7.765092219933120000e+16 -1.651212839732011520e+17 1.482183805340274560e+17 6.664995478333753600e+16 8.931983931710516800e+16 -5.109202259819323200e+16 -1.387761483258099000e+16 2.262561794197463360e+17 6.285924260374399000e+15 7.259262749713766400e+16 2.999069277120685600e+16 4.445800383039538400e+16 4.583111997146488800e+16 6.675356952646637600e+16 6.724714174997232000e+16 1.440764427902195360e+17 5.949437509257329920e+17 3.858590235385123200e+16 5.254048932613928800e+16 -3.819065453596241600e+16 1.952110062329531600e+16 7.359271215123307000e+15 3.345106036134184000e+16 7.320760734259587200e+16 3.134285218209792800e+16 1.733346820326054200e+16 2.769829247091498000e+16 6.377055311767086400e+16 -1.103592838878332000e+16 2.414803557581672960e+17 -1.706718363387569750e+15 1.158326374858478400e+17 1.510329005699101400e+16 5.115656874988406400e+16 6.402585856076552000e+16 3.697029379540552800e+16 1.056108822908417200e+16 4.739383262303850000e+15 3.356999433809840800e+16 1.695194270400039500e+15 5.527415892828630400e+16 2.719273274130143600e+16 1.513564740723220800e+16 4.711818666077546400e+16 1.771454856830337000e+16 1.138143972604047600e+16 -1.611216435083900200e+16 -1.677232900511761200e+16 8.386492483302190400e+16 6.977715068756614400e+16 6.924216556073588800e+16 -2.223520920701736000e+16 3.566473314541723600e+16 4.355277751189499200e+16 2.052153923108781200e+16 -7.669215237519634000e+15 4.988924151790070000e+15 3.027370316970270000e+16 4.831860892026325600e+16 3.292149003770486800e+16 5.702968079802290000e+15 8.892086594630875200e+16 1.945313185912191200e+16 4.412857885448847200e+16 9.908581816136012800e+16 3.599403900425241600e+16 2.805088901495833600e+16 5.063400440694233600e+16 5.294743412515644000e+16 7.177743944766046400e+16 1.738941966847947000e+16 5.253528679299808000e+16 5.298356793374264800e+16 1.637184244237176800e+16 -1.676407620905344640e+17 3.155996608914219200e+16 2.772940502706063200e+16 6.563761033647531200e+16 2.182551970210867200e+16 1.311218778307488800e+16 2.389778701580940800e+16 3.004831430213548800e+16 4.914451651001957600e+16 2.143624914381285760e+17 4.639395590100037600e+16 7.893329502266931000e+15 2.850659144761921600e+16 7.836617903822624000e+15 1.463563596110666000e+15 3.459923210153840400e+16 6.956427890748139200e+16 2.619082657785028400e+16 5.334337513051973000e+15 2.383038919304224000e+16 3.294644969232126400e+16
-2.921988391089952393e+11 -9.104383469975851440e+10 -4.431150109297882080e+10 1.889075124290216064e+10 -5.728132001072661591e+10 6.667157915545242310e+10 7.013103282867607117e+10 1.013577473277999115e+11 1.328145162714292450e+11 1.205521845535246124e+11 1.238261044161873932e+11 3.661687415520492554e+10 1.183504829039994659e+11 1.373393184769663696e+11 1.083246779880899963e+11 1.150361177503306427e+11 6.342468921705283356e+10 2.781437629805270004e+10 2.966752309052752304e+10 3.884678718544706726e+10 3.624903384796365356e+10 -8.098821297987440601e+06 -1.539298972776361275e+10 2.017132337926200485e+10 7.818606815103883743e+09 -2.366570686204027176e+09 1.730022745213236237e+10 2.092921447818050385e+10 -7.037804456002743721e+09 -1.385006741019989848e+08 7.898736639174111366e+09 6.514392479386353493e+09 -3.251319084746212006e+09 6.453559823824707031e+09 8.722033669384260178e+09 -4.763414719507579803e+08 5.874601333307366371e+09 1.274500156713995552e+10 6.639661773493960381e+09 1.454657848745028687e+10 1.014902487772390366e+10 8.056654489419476509e+09 1.105689038363725090e+10 1.440700255772248459e+10 6.255544965683818817e+09 2.828958130818143368e+09 5.165846610714715958e+09 4.850710669383193016e+09 -5.912558619965709686e+09 9.223388050695571899e+09 4.456347126670996666e+09 1.275652236831917763e+10 7.375072868403231621e+09 -2.995502256442595959e+09 6.137161110340408325e+09 -4.547367750969209600e+17 9.856704222974896000e+16 -1.111855405159845600e+17 -1.305709040381054240e+17 -7.476278811206785280e+17 1.165373747270759840e+17 -3.441462761056313600e+16 9.642544625304617600e+16 -1.424931504120047200e+17 -2.962044829107377200e+16 5.910069018411479040e+17 8.778320719581100000e+15 5.043612663877906400e+16 -1.995999142237547600e+16 1.946187805879322000e+16 3.108071188580044000e+16 2.096659711515317600e+16 -8.356832809326584000e+15 5.862937965375967200e+16 5.583286973389397000e+15 -2.521875437271666240e+17 1.191512378552662000e+16 7.080838489192374400e+16 -4.200431043231128000e+16 2.158933881376345600e+16 3.532846810572730000e+16 4.197881003537928800e+16 1.855943943984159200e+16 2.325991363981196400e+16 3.521749249627930800e+16 3.751541382927816800e+16 4.449313862059255200e+16 2.983792323906784640e+17 -1.804563756948365200e+16 1.114637770970083000e+16 1.496072177720256600e+16 1.203165497883420800e+16 2.487142047470673000e+15 1.249701328191739000e+16 3.067526287105187600e+16 3.236063411427081200e+16 3.073407101301211600e+16 3.555928483786552800e+16 1.199775498216152600e+16 1.372163546526133000e+16 1.901656585181192000e+16 2.194786112748386800e+16 3.269219880268451200e+16 1.946661311095631750e+15 -6.374717490064275200e+16 2.895626705284808400e+16 4.319690545523268000e+16 2.391600381834091200e+16 8.368744668033161600e+16 2.904502379713774000e+16 4.018918247312955200e+16 2.734777076336716800e+16 4.723525495795224000e+16 -3.280422125061744400e+16 1.180392451528079800e+16 3.812430900110460800e+16 4.041319337740432800e+16 3.685827347097171200e+16 2.533864290387790800e+16 5.165718384003301600e+16 2.562249119431604400e+16 2.599216556937949600e+16 4.137803829193204800e+16 6.061750592908966400e+16 3.504691502568292000e+16 2.000891667549804800e+16 -7.325819184241794000e+15 2.911759993262638800e+16 6.919576235312359000e+15 4.727100834596790400e+16 3.374162050083494000e+16 4.622230270158632000e+16 6.026049174937834400e+16 2.519513649083244000e+16 2.660661613672049600e+16 3.832889753618940800e+16 5.428305474971922400e+16 1.941671954984760400e+16 1.207718317474354000e+16 1.092686237015459200e+16 2.122621737629570400e+16 4.639395590100037600e+16 1.710814034736552640e+17 3.730185573732046400e+16 3.543011481731106400e+16 3.252182483897078800e+16 1.881125191754991600e+16 2.489902220673355200e+16 3.222143155220589200e+16 5.780348790926023200e+16 1.216371679227056800e+16 2.072583605631059200e+16 3.977272418941277600e+16
-4.667922778136818848e+11 -9.108275013736033630e+10 -1.066474261053862610e+11 -2.648414020825765610e+10 3.031334680706345749e+10 6.137842966949909973e+10 6.908312062869859314e+10 1.338421443234048653e+10 2.234251600423220062e+10 -3.685042609988341331e+08 9.177770293653753662e+10 1.298543160014913940e+11 9.999922027262341309e+10 1.089044515839512482e+11 8.744168873140342712e+10 7.803769216964668274e+10 5.874071039397385406e+10 1.577369700883026886e+10 1.297899886304109955e+10 1.843359879115200806e+10 3.228614804680755615e+10 2.898672827927140808e+10 2.997123499921413422e+10 2.316081916889369583e+10 9.126340820888139725e+09 8.240933777851620674e+09 1.323031778748808098e+10 1.322870710040392685e+10 5.314965143342844963e+09 1.804885867889897537e+10 1.709038066292213631e+10 9.476326999125097275e+09 1.279883188041626930e+10 1.242585795770439720e+10 1.200349886340738106e+10 1.287770621103158951e+10 1.492295120037543678e+10 1.774677633052402115e+10 9.056295971072790146e+09 2.023648244392969131e+10 1.829513830009638214e+10 1.081181935935424423e+10 2.303999583786107635e+10 1.723509911017923737e+10 6.930290078259353638e+09 1.409238252884140396e+10 1.638235272060039902e+10 1.997994250514552307e+10 9.339581469719970703e+09 9.768046902478544235e+09 1.475663802419583321e+10 1.473741441404830360e+10 1.256291414772723389e+10 8.629195508668123245e+09 1.093934704357948875e+10 -3.045357446391864960e+17 -5.700383088995565600e+16 -1.499717096961626560e+17 8.243081494092473600e+16 -1.489879617035734528e+18 -1.855540304212682240e+17 -4.460111554275140000e+16 1.269312323796921400e+16 -2.481456465598805200e+16 5.211885333339683200e+16 2.565058861568742000e+15 4.157293779860176000e+16 5.969794832060044800e+16 -1.571081414966203438e+14 2.445599231894434000e+16 3.098605221282855600e+16 -7.090750307993938750e+14 -6.490234367595275000e+15 1.421940669876268800e+16 2.310570648209591680e+17 -7.176128929351192000e+16 1.721579855885065000e+16 2.567470434351090800e+16 -3.159197031453939000e+15 2.329172001008610400e+16 2.070828425586656000e+16 1.349317215892171400e+16 1.807192293027251200e+16 -8.009199791323204000e+15 -3.200304557930594000e+15 -5.019472501413289000e+15 -9.142011363285784000e+15 1.619292760971773440e+17 2.184706162669756800e+16 8.433613658270102400e+16 3.290132563660148800e+16 3.758428243219220000e+16 4.451735353947643500e+15 1.803892759186026000e+16 1.742726108263146200e+16 4.780767628627124800e+16 7.602388488207589000e+15 1.651666654407319000e+16 2.183236742979312800e+16 9.805475141514940000e+15 4.889524994516602000e+15 2.080997417972050000e+16 3.046389929458589200e+16 4.656735809477788000e+16 -6.661342256457602400e+16 1.162296022251123040e+17 2.001744380520534800e+16 1.409464494777659000e+16 6.140638490190970400e+16 4.641945227766799200e+16 1.744195484492460400e+16 1.558504563999133200e+16 1.717065473306901600e+16 2.113432560488576800e+16 1.193995947432788800e+16 2.438104413475430000e+16 2.844343151616163600e+16 1.941800374552132800e+16 4.555754257177216800e+16 4.915324202090956800e+16 2.509510186422607200e+16 3.508353816929535200e+16 1.893779065345060400e+16 3.017793257438182400e+16 4.232025902266624000e+16 2.064650678346428400e+16 1.180748385729872000e+16 -1.358181508454728000e+15 3.822278833115362400e+16 3.246451015142064400e+16 1.337226583348676000e+16 1.348300465369466200e+16 -1.667481758928864640e+17 3.258741063090672000e+16 1.754884062532220000e+16 2.862218879919089600e+16 2.318480491307188400e+16 5.146075076243880800e+16 1.574200312800726500e+15 1.194912626375730400e+16 8.860484124243078000e+15 7.893329502266931000e+15 3.730185573732046400e+16 1.439162050379730080e+17 5.279619798377736000e+16 4.219250696177647500e+15 1.743973816477466000e+16 2.731142612692308800e+16 2.001837568978024000e+16 1.933901034901553200e+16 4.737017114981740000e+16 3.015456673151482000e+16 3.377181633624664000e+16
2.502699970182695007e+10 1.398994074066298218e+11 1.596862904414747620e+10 5.463124361319491386e+09 1.376978749821031189e+10 -6.976808940440025330e+10 8.168984439610319519e+10 -5.670525132125696182e+09 -4.269099239608179474e+10 8.695052155221771240e+09 4.765717385430367470e+09 5.033788549064960480e+09 1.283321016896394806e+11 1.958986755865972900e+11 1.123822280679271088e+11 8.313733258092230225e+10 5.356898253756731415e+10 7.024355573657759666e+09 3.162750858296186447e+10 -7.044151667094386816e+08 3.826598416119123077e+10 7.166144373661405563e+09 3.085624948538769913e+10 2.726981080632127762e+10 1.720166134298411560e+10 3.974591284014330292e+10 2.649625911634757233e+10 7.036790542182084084e+09 4.302242499558206558e+09 1.418778375542388916e+10 1.553737449496198082e+10 2.903581493953355789e+09 8.531349519819551468e+09 2.973000805839101315e+09 -2.605564013581367970e+09 -1.032616379512191892e+09 3.280598362024281502e+09 1.164435392263157654e+10 5.813761653604433060e+09 1.452046167463740349e+10 1.320671743477243423e+10 1.941613718675017548e+10 1.699788076808501244e+10 9.499033083562328339e+09 6.619140730543266296e+09 5.478036784914632797e+09 2.215568460206599712e+09 5.243345718225504875e+09 5.793676844821653366e+09 1.388245077703568649e+10 8.573007996552746773e+09 7.138717611627789736e+08 8.062747937975778580e+09 5.892439486449014664e+09 7.470621624186767578e+09 7.858245441092099840e+17 4.523675970329742080e+17 2.868427322191904400e+16 -1.892042294684943680e+17 -6.984847750871543200e+16 -1.112847378943684480e+17 -5.840130961727640000e+16 2.872330620436152800e+16 -9.279773181334731200e+16 -7.871060751084481600e+16 -3.935535374210413600e+16 4.300712704257872000e+16 -1.156352321429928800e+16 -8.354040329295630000e+15 -1.337171680815810400e+16 2.301153687348321200e+16 -2.302247479721743200e+16 -8.619116675810922000e+15 -2.739747176203824000e+16 5.510967387133252480e+17 -2.581620009467195520e+17 -4.061687453619024800e+16 -2.625783993005449600e+16 -1.586275039265740800e+16 5.887845097300801000e+15 8.522703122123825000e+15 2.342832658751735200e+16 1.656542411478874800e+16 2.521165661068926000e+16 -2.409186344284978000e+16 1.018194827851978400e+16 2.878860917340010000e+16 -2.480970829635528000e+17 -1.386137489513187200e+16 -8.810747693847568000e+16 -1.393838695210679200e+16 1.822479065354764000e+16 -2.694493594303984500e+15 9.695566864258590000e+15 -6.771142929526119000e+15 2.552664859486108400e+16 2.099126906036580400e+16 2.078606352979671600e+16 7.215476407962539200e+16 1.103370721926114600e+16 2.001049530857126800e+16 3.163158885837396400e+16 2.767340657921322400e+16 -1.984189886358490400e+16 1.724640806909802880e+17 1.672156038790272320e+17 6.535165040274707200e+16 2.184303307472546800e+16 1.218998679375136480e+17 3.493504127860522000e+16 2.426754735634098000e+16 1.624840969244165200e+16 1.780186859698756600e+16 6.735689998368217600e+16 3.373944492445260400e+16 2.076037087889693600e+16 3.583013678966030800e+16 2.698877955035601600e+16 2.960857590115124800e+16 1.047059700876894880e+17 2.184795824497344400e+16 4.572121154001992800e+16 4.829024377240584800e+16 3.037444776293368400e+16 5.325729859648493600e+16 1.305364644112335040e+17 -1.234378944129679360e+17 -1.064430080297938800e+16 8.810979097428860800e+16 3.054002527606791200e+16 6.756159981742302000e+15 -1.392658134381070750e+15 -1.261233328124182560e+17 3.321466495413473200e+16 1.207404389500620800e+16 3.423200635966246000e+16 1.088010883016162000e+16 1.136284064940006400e+16 7.385429090051622400e+16 1.593185403132537400e+16 1.425079736018638400e+16 2.850659144761921600e+16 3.543011481731106400e+16 5.279619798377736000e+16 2.366578845041013760e+17 4.862740686032539200e+16 1.814501148016571200e+16 1.240658446805255600e+16 1.110912170599479600e+16 2.570552711638508800e+16 6.141910794796324000e+15 5.403587875028973600e+16 2.981721724641712000e+16
1.202022536407462109e+13 7.181612265981569336e+12 1.770976345520030518e+12 8.179663192134694824e+11 8.909146431815784912e+11 -5.821867622778941650e+11 7.229549293966867065e+10 8.041591161503605652e+10 -2.204139925488101959e+10 -2.517570050209512024e+11 3.336614959521169434e+11 -3.077884281560990906e+10 1.741486277103139343e+11 2.166547840040483704e+11 -4.989301771506131172e+09 -1.367732466103012695e+11 1.983225988083566284e+10 8.684707214787911987e+10 1.067804218397119598e+11 -1.545974444440343933e+11 -1.018052506442628937e+11 -1.151543706045300293e+11 -3.634949752260186768e+10 -3.287857248410130310e+10 3.849550758781220245e+10 6.688603598506031036e+10 -1.169871513945228882e+11 -7.344044958997357178e+10 -7.684444080504708862e+10 2.447334425444446564e+09 -4.827547433505738831e+10 -8.367990115146815491e+10 3.818501326225618362e+09 -1.670137567031252480e+10 -2.371434227560440063e+10 -4.943251313631106567e+10 -7.914542466860920715e+10 -5.176690169671412659e+10 -4.824839120553504944e+10 -1.043975191686024933e+11 -1.012275710150778656e+11 4.062687452948213196e+10 -2.298372655067531204e+10 4.690856959920958710e+10 5.753090500319505692e+09 2.327160337640174866e+10 -1.170552419315932274e+10 -2.974159826297645092e+09 5.788184407676031494e+10 6.306930983728044128e+10 -2.829072250121334839e+10 -2.625302700333882523e+10 -2.099756775500962830e+10 -4.036289904986428833e+10 -1.571893652322687912e+10 2.484566696566743450e+19 8.226678804589235200e+18 1.144767785780161536e+19 -7.289031218716081920e+17 2.252150725221535488e+18 4.412643566456020992e+18 -5.098946500411581440e+17 9.811314375333580800e+18 1.880036433340268800e+16 -5.392823050399844000e+16 -2.138352129868694528e+18 1.465275419404616320e+17 3.868691281685173760e+18 -3.079345318003328640e+17 -3.053775783654540160e+17 9.510007297185167360e+18 -3.891236369799164160e+17 1.130796939039034080e+17 -3.906355137054688000e+17 1.503743410879363840e+18 -2.587317310408832000e+18 -3.327730097032768640e+17 -3.239253904600743680e+17 3.733978944643913216e+18 -2.576413876090174720e+17 -2.353892693858408320e+17 -1.375911910071975520e+17 8.738281851845490688e+18 -3.692312721144063360e+17 -2.650791219908013760e+17 -3.047111420139949600e+16 1.426209157403015040e+17 -7.491968066544244800e+16 2.302746633082694720e+17 8.342791225254099200e+16 -3.933291430506487680e+17 2.469202149967048000e+16 -4.247284009856323125e+14 3.914252339640465920e+18 -3.171718864355572480e+17 -1.762905545906549120e+17 -2.426433126415258400e+16 -3.617846901204799200e+16 8.788192565633367040e+18 -2.765887337139022400e+17 -1.386001766912448480e+17 -1.088756491454461120e+17 -1.281159540323788000e+17 -7.773880249054964800e+16 -5.951260357201678080e+17 3.542079839072539520e+17 5.156747928628852800e+16 -6.627392506337195200e+16 1.527588939537803200e+17 -1.568619003836449920e+17 -2.960787675171448800e+16 -5.137740282868787200e+16 7.142751795670720000e+16 3.406479340663623168e+18 -2.119233875263297600e+17 5.810619556209325000e+15 4.228933899672166400e+16 4.725213153165270400e+16 -1.476793646332494600e+16 8.624775629244315648e+18 -1.361249150544298080e+17 -8.867928418489070400e+16 -4.068158733179587200e+16 1.492996906302872200e+16 5.413241209310500000e+16 3.967246712484232000e+16 -1.038663557098039200e+17 6.111656004147392800e+16 -5.562400617896161280e+17 -4.835480350586105600e+16 -2.797969516734140800e+16 -9.846491276916563200e+16 6.096395035675040000e+17 -1.628266347470821440e+17 -2.408429717622361000e+15 4.546750547170343200e+16 -9.087281274983496250e+14 -3.067052861044878400e+16 3.853710228763674624e+18 -2.405516629804944000e+17 -1.574003869268854080e+17 7.836617903822624000e+15 3.252182483897078800e+16 4.219250696177647500e+15 4.862740686032539200e+16 1.000690934817404109e+19 -1.268499495263599040e+17 -1.142823337290128800e+16 -3.695709036176107500e+15 8.777502796270905000e+15 -2.084494528789850000e+16 7.406193841379681600e+16 3.666726201854621600e+16
5.880619869372259521e+11 3.107275444726883545e+11 1.548633836032315918e+12 1.799134342325839844e+12 6.534942006655991211e+11 1.100587456098795624e+11 1.051387996729559326e+10 -2.534924005705164337e+10 -4.364521293485214996e+10 -1.017666919877773132e+11 -4.908464626666823578e+10 -2.474888170823113632e+10 -6.036006289818715668e+10 5.702732283969145203e+10 1.375817931336532593e+11 1.280469040702927246e+11 9.595942879824354553e+10 -4.751148290500872803e+10 4.590737218708919525e+10 1.370879285063417625e+10 -1.243098339255777168e+10 3.089374023285261917e+10 7.129000599262126923e+09 2.085182529519459152e+10 -1.861946228329483414e+10 -4.309447273747132111e+10 1.700564418626730919e+10 -2.527053941855180264e+09 1.019788771076705575e+09 2.117577483937126160e+10 -1.561076869868969536e+10 -4.325147503129830360e+09 8.541409500151893616e+09 -1.104725505769043732e+10 2.687366802366331100e+09 -7.125292023841528893e+09 -1.555649050664699173e+10 -2.231182023243251801e+09 1.247067099684904665e+08 -1.301764438060029745e+09 9.554703736082967758e+09 1.315325840275770187e+10 1.970730800607482433e+09 -9.964196638080633163e+09 -9.274709742685749054e+09 -2.956507161272150040e+09 -1.092264419336396027e+10 -9.300231183851785660e+09 7.220016115992367744e+09 8.834855845730434418e+09 7.307905037900263786e+09 8.424766446688076019e+09 -5.489607595399479866e+09 7.430440956940808296e+08 1.140859326569521141e+10 1.074262564422871840e+17 -1.694873381620596480e+17 -3.149553668680844800e+16 9.395520192331096320e+17 -2.482658355736345600e+18 -9.252675687263417600e+16 6.931770301730206720e+17 -1.788769115137735680e+17 1.559050335554988480e+17 -2.050491448891036160e+17 4.974195155640933120e+17 6.591107703611004160e+17 1.284371478569227400e+16 2.613184031332443520e+17 -6.881571005830319000e+15 -5.343931668784648960e+17 3.413498766717036160e+17 9.760348543538496000e+15 -4.901391390465191200e+16 2.733093748437344640e+17 -1.708324112389968320e+17 4.096329437701016800e+16 -1.218479158284797440e+17 4.851778433157252000e+16 2.581056662275588160e+17 -2.075198055821128400e+16 -3.001316797815854000e+16 -1.962495138877357440e+17 3.118877490335290240e+17 9.183251678070374400e+16 1.077461799931655875e+15 -5.908473735547600800e+16 2.301376645747604480e+17 -1.323553514232817120e+17 3.283011369027275520e+17 1.675235223053833600e+17 -2.080917878718218000e+16 -1.001921786265130560e+17 1.749547264000882400e+16 2.324362125675922880e+17 -7.272308830319523438e+13 -2.613893410839778000e+16 -2.569523472012612000e+16 -2.664377864169586240e+17 2.695829979563852480e+17 -2.313558967221469600e+16 -4.158646385965211200e+16 -2.785211193749261600e+16 -2.251782753807160400e+16 2.597236246601116800e+17 7.411925399947569920e+17 5.093676319249374000e+15 3.389170085770370000e+16 1.307571108108461280e+17 2.474356224905796160e+17 1.113991487215279800e+16 5.029118625750054400e+16 2.328198385868613200e+16 -7.331751831951913600e+16 2.398244694181331200e+17 6.706030034323595000e+15 -1.608686448601671200e+16 -9.790398857902360000e+15 4.951348622228435000e+15 -3.081615772242449280e+17 3.264145453263101440e+17 2.903771407431930000e+16 1.255619380326885200e+16 -1.869078255155478000e+16 -2.295983568851001500e+15 -4.561278782038968800e+16 -5.966794463357966400e+16 3.426947481095974500e+15 -2.218609781466930880e+17 1.155895250982169600e+16 1.645456823175043400e+16 2.992462357907614000e+16 -1.271793934773924160e+17 1.859431593191461120e+17 1.625502308111315200e+16 -3.178604454098859500e+15 -7.618502872379447000e+15 -7.032886486513658000e+15 1.648102392073395250e+15 3.562525566321683840e+17 2.661789924893979200e+16 1.463563596110666000e+15 1.881125191754991600e+16 1.743973816477466000e+16 1.814501148016571200e+16 -1.268499495263599040e+17 9.925915037611496960e+17 1.073982090683562880e+17 4.352812426765556800e+16 3.255908052575271600e+16 3.208305862832514400e+16 2.972658974597336400e+16 5.817062656871315200e+16
2.350484148527596436e+11 -1.056284420207221527e+11 1.670694711009574318e+10 2.569305012275451660e+11 5.607130884828264160e+11 6.032172240662180176e+11 3.286684212254600220e+11 2.205268547538228989e+10 -1.206769956574104614e+11 1.221566151494321632e+10 8.661497916953381348e+10 1.260300166877542114e+10 4.116407554531203270e+09 -2.927718856232566357e+09 7.966400670200404358e+10 1.275695575846931152e+11 5.270540863908047485e+10 -4.582439510531853676e+09 3.366213060501099396e+10 2.442982338499481583e+10 2.643259387103353119e+10 2.498315654263703156e+10 2.048678830979023743e+10 -1.275388150844827175e+09 -2.247218987695953751e+10 -1.823448180420226288e+10 1.408422624128654861e+10 1.804673581947144699e+10 1.245070703688095474e+10 1.264105622882757759e+10 -8.545821975753682852e+08 2.894351857131576061e+09 -6.259556860895723343e+09 4.522705509034134865e+09 2.409112761855297565e+09 1.765456301940041733e+10 1.508611258105705261e+10 1.269427564058512878e+10 1.233884584281038475e+10 -5.230983506767187119e+09 3.258781595044220448e+09 -4.899400968237240791e+09 1.237078163161915779e+10 1.869802884764073563e+10 -2.071827085823176861e+09 -1.697687594136165380e+09 -1.424206184933762932e+10 -4.830078287580901384e+08 1.957938006557312250e+09 1.400259364814569473e+10 5.774124280838019371e+09 4.622702806614886284e+09 -6.244129614339578629e+09 4.993277456048037529e+09 1.755841129851941681e+10 -2.176010094941584320e+17 -2.709268751435476800e+17 -7.410544353225795200e+16 1.560566457359002880e+17 4.276533897777540000e+16 1.763966759822183360e+17 1.260865183899945120e+17 -1.157499541810431600e+16 1.698768000248673600e+17 5.691717964570640800e+16 9.259791130872241920e+17 2.126883727117359360e+17 3.740880343024357600e+16 8.720982684570209600e+16 1.870445486810281600e+17 -1.411637663917873400e+16 -2.053936741723893600e+16 2.611833967851830400e+16 1.135348543400487520e+17 6.773402769919397600e+16 1.318568882858181920e+17 1.494917521651583040e+17 7.689833341463772800e+16 -2.881062293099128000e+16 4.134881662182028800e+16 7.232499784809152000e+16 -6.541162447851852000e+15 -1.274923415261441920e+17 7.146481893413196000e+16 1.136852827066505920e+17 2.540939231241707000e+15 -3.941962194285308800e+16 -1.671950041240526080e+17 6.925621265425900000e+16 1.280193841453537440e+17 5.885420931996952000e+16 6.966550029348594400e+16 7.878749190429882000e+15 -3.655370681271522400e+16 3.378838135129938400e+16 8.789928925302940800e+16 -1.900723916237981200e+16 3.384749888857730400e+16 -1.242661409484896960e+17 2.036963170053340000e+16 8.741620451628612800e+16 -1.184968307573042200e+16 8.727415935495462500e+14 -2.029512033464262800e+16 6.083510697025925120e+17 2.155313823047299840e+17 9.278099507218355200e+16 3.089246147181055600e+16 3.126136970881551360e+17 6.958063867997193600e+16 7.079095353281162400e+16 9.282461933473324000e+15 -5.090570714276074000e+15 -1.004530491605345120e+17 1.201315259683547800e+16 7.489122110693950400e+16 2.634153932143608000e+16 2.483340521671216500e+15 -8.688812772394481000e+15 -4.641850113456513600e+16 4.744034743165390400e+16 1.011278467826144800e+17 3.212286071572230800e+16 1.370135667028951600e+16 7.837139469732516250e+14 1.115395312493820600e+16 3.309178560221212160e+17 2.349791637322621200e+16 4.703111670632230400e+16 8.855394184170396800e+16 -4.111585356545775000e+15 -5.378547894692604000e+15 -3.306807855817424800e+16 8.357664164320166400e+16 8.772780035869680000e+16 2.455823585759426000e+15 1.289517289036503400e+16 3.886624030302724500e+15 8.230145640788403000e+15 5.360808467900914400e+16 1.282927261272096480e+17 3.459923210153840400e+16 2.489902220673355200e+16 2.731142612692308800e+16 1.240658446805255600e+16 -1.142823337290128800e+16 1.073982090683562880e+17 5.509280034756913280e+17 8.614722783001433600e+16 1.659631077409863000e+16 4.082887043344389600e+16 9.957434735843682000e+15 4.851227058515916800e+16
7.614178283985501099e+10 -8.443839292908079529e+10 -4.778338571647608185e+10 5.834058605563388824e+10 1.154401220028850098e+11 9.909143065647291565e+10 2.718457287711135864e+11 3.111886937890005493e+11 1.758098994248154907e+11 3.449125898696515656e+10 1.312888741584031296e+10 5.707172363082646942e+10 2.171262186687213135e+10 3.613168525179196167e+10 1.314890310608311768e+11 1.483455643416805420e+11 4.127900468520011139e+10 3.026218339531969547e+09 3.804739886938201904e+10 2.834080268246397018e+10 1.397018471821987534e+10 -7.470758925330165863e+09 1.784444585595160675e+10 2.184038447895871353e+10 1.676521209172747612e+10 1.563526110642551804e+10 5.271311296300874710e+09 1.864468504126663971e+10 1.461053147000032616e+10 1.328243469615457916e+10 1.226041110070142365e+10 1.484952208816677094e+10 1.818447669636479568e+10 1.318848319873701096e+10 -2.399152279679282665e+09 9.343031661906393766e+08 -6.593099787710517645e+08 5.695149192342368126e+09 1.120132956895798492e+10 2.342342505710053253e+10 1.012691237941237640e+10 1.366942075864465714e+10 1.206150393291185379e+10 1.963250050201819611e+10 2.273158159463934898e+09 6.138628420777732849e+09 1.455796292854374313e+10 9.095568271843290329e+09 7.738363449324195862e+09 5.349032180260162354e+09 9.257297840710672379e+09 1.154930021355759811e+10 2.025168668115660667e+09 9.696464240998125076e+09 1.074834616414935303e+10 5.770308636129196000e+16 1.014760783638271200e+17 -2.319097388244342720e+17 -1.278205418078501600e+17 2.080294966181698816e+18 5.258737104183000000e+16 -7.653908936231670400e+16 1.046440537548272320e+17 4.050312808710892800e+16 -6.705591394011575200e+16 -1.058693530475034560e+17 -4.411298109301785600e+16 8.297184464446840000e+16 -2.449459641475666800e+16 1.451010358294891200e+17 1.029623868910631200e+17 7.009441148845236000e+16 6.959559700434392000e+16 1.318630391139578240e+17 1.462736916013445120e+17 1.047170661104097280e+17 6.664480328994290400e+16 -1.777676401629265800e+16 -2.572858451766372000e+16 6.933770228752000000e+16 4.000927489091522400e+16 5.293919127290160000e+16 5.024460313188315200e+16 3.714350464381805600e+16 -7.549518968228744000e+15 8.631782218776425600e+16 3.214001643262931600e+16 1.516440796028461120e+17 7.733803654285800000e+16 1.646096671074436160e+17 7.847683183047539200e+16 3.024995260315836000e+16 4.797879602875696800e+16 2.914725270966669600e+16 1.576735283237532800e+16 1.742840332262887600e+16 3.463381221333153200e+16 1.560243503934413600e+16 8.652997337334043000e+15 -1.603251699399651250e+15 1.541362947194446000e+15 4.108756108534750400e+16 2.185269703610261200e+16 -2.625767105358164500e+15 1.862166175157941120e+17 6.250564833545061600e+16 4.660437109260744000e+16 9.219082659168364800e+16 -4.162554260984717600e+16 -1.318108343857497800e+16 3.517670578123238000e+15 4.664611428709597600e+16 1.534618059594138800e+16 -3.905751781251065600e+16 -8.157649766393950000e+15 3.089924280350039200e+16 5.657044268214602400e+16 2.222882183597579200e+16 -4.121237988756627500e+15 -1.119692641545766400e+16 2.372308875092165600e+16 1.934266772344808400e+16 6.026073952090112000e+16 1.406049969353066800e+16 -6.084272901015882000e+15 2.395213616815890000e+16 1.725860358364309120e+17 8.893275035231016000e+16 3.169516261323098000e+16 2.161297059014278000e+16 5.140912640945936000e+16 1.643602671639107000e+16 -1.862225254863458560e+17 5.279538408283806000e+15 2.943132693533888000e+16 4.018347159835797600e+16 1.310261824921300600e+16 2.345858747926797600e+16 -2.204521698055406800e+16 7.373576071331646000e+15 1.824304553350634800e+16 6.956427890748139200e+16 3.222143155220589200e+16 2.001837568978024000e+16 1.110912170599479600e+16 -3.695709036176107500e+15 4.352812426765556800e+16 8.614722783001433600e+16 3.719452977730702720e+17 5.735390491816606400e+16 3.367439247883399600e+16 2.658128168771279200e+16 3.360406030214364800e+16
-4.873006063582246704e+11 -3.760723836344748535e+11 6.245211468540499115e+10 -4.340206542437456512e+10 -3.241403427088684464e+10 8.156261412226406860e+10 1.074499284384761200e+11 3.070803052966640472e+10 1.133002218650066681e+11 1.815828429025147705e+11 8.095838292130732727e+10 -3.127777625642861366e+09 -1.611351267631658173e+10 2.588621102300130463e+10 8.106534112620582581e+10 1.580288284884964905e+11 4.440405727927503967e+10 6.481029752187582016e+09 1.342511624569159698e+10 1.556111032874504280e+10 3.020720206297606277e+10 1.435786601198760033e+10 2.143632922927439499e+10 2.291644447803456497e+10 8.065112405308922529e+08 -1.376486890721264267e+10 -7.336890953394412041e+09 1.957914542890512085e+10 2.262547247629446983e+09 9.659591068293390274e+09 3.350217436664946079e+08 8.529177976471796036e+09 2.416998738694305038e+10 7.564122507012820244e+09 1.195600885500121689e+10 7.343006406429813385e+09 2.696876567036180115e+10 7.879318152761865616e+09 6.556221689947278023e+09 1.230740357841914749e+10 2.497220595401758194e+10 1.860115033318717957e+10 1.195890250599490166e+10 3.326818549429461956e+09 1.594997067982658195e+10 1.290291979915753365e+10 1.045513353687488174e+10 8.509272218684143066e+09 1.289765210462395906e+09 4.640432429736645699e+09 1.598859670530400515e+09 6.783659451550229073e+09 7.864977319036128044e+09 5.341595146717791557e+09 6.762360537459432602e+09 -2.690952434081228160e+17 -2.666906529963917188e+14 -2.101985501394360640e+17 -1.582843855838405760e+17 -1.248405079945408256e+18 5.407884363597521600e+16 -9.665481901773268800e+16 7.046142893838346400e+16 -4.670500363387251200e+16 -7.488602344274984000e+16 9.880061545131068160e+17 1.324118659489075040e+17 4.552133467964915200e+16 1.527861232620066000e+16 6.006257831169425000e+15 -7.658530396263280000e+16 1.244834714894385400e+16 6.144858400882760000e+16 -1.752578139591160250e+15 3.733713194526124800e+16 -7.523295568639456000e+16 2.299834517228576000e+15 1.350827397385053000e+15 8.569879090608673600e+16 5.079947378536703200e+16 3.312731824125880400e+16 1.442741671010846750e+15 5.456463051203741600e+16 4.807976939422831200e+16 3.525433737304878400e+16 3.618747865408208800e+16 1.130780913746414400e+16 1.537522589836652160e+17 1.360435376041796400e+16 3.266631881493669760e+17 1.350393685753822800e+16 5.914633989661499000e+15 -3.694118140620684000e+16 7.576284500977684800e+16 6.434879304831568000e+15 3.021592481424341600e+16 1.287040252157522000e+16 1.642580223040685200e+16 -6.051747559860689600e+16 4.902601269792348000e+15 -2.300109359954616000e+15 -1.958021911890926500e+15 1.495375113242828400e+16 -5.506448306197542000e+15 1.290653368410240160e+17 6.562275873719367200e+16 8.461860047180978000e+15 2.266629977424456400e+16 -2.741976025441382800e+16 6.183611447907585000e+15 3.966070477370402400e+16 1.959334917174790400e+16 2.455510322792021600e+16 -2.057401097615849200e+16 4.922141121179414000e+15 1.278219939302350600e+16 5.629059688314257000e+15 6.711388673115875000e+15 1.015756490949065600e+16 5.062401316122126000e+15 -1.234913684651298600e+16 1.101162074559360000e+16 -5.882039021362803000e+15 1.389647688817017000e+16 1.050854328063916000e+16 7.587824972236867000e+15 7.325294238195632000e+16 1.831172366805752000e+16 -2.577461941155194000e+16 3.075032570001219200e+16 4.079123482010676800e+16 4.109970812547749600e+16 1.767766875837714800e+16 1.246796939510280000e+16 1.955880186440670000e+16 2.266212028678294800e+16 2.180216370739755200e+16 9.345727268310576000e+15 3.604543316721760000e+16 1.610130948125455400e+16 4.298758256566874500e+15 2.619082657785028400e+16 5.780348790926023200e+16 1.933901034901553200e+16 2.570552711638508800e+16 8.777502796270905000e+15 3.255908052575271600e+16 1.659631077409863000e+16 5.735390491816606400e+16 2.739567513249535360e+17 4.085229504260030400e+16 2.290006433290444400e+16 4.807986035971768800e+16
-4.969883544585697021e+11 5.905077438050902367e+09 -4.008676059267482758e+10 1.232473364949428406e+11 -1.452321847575194740e+10 1.853462774407932434e+11 6.889155495016957092e+10 5.421666882075541496e+09 -5.410946673292150116e+10 -1.606786892216228485e+10 9.058596271346943665e+10 1.006296804310662537e+11 8.147408920582650757e+10 2.402064205968910980e+10 6.724537206008786011e+10 1.217624037238464355e+11 8.654220112362884521e+10 1.015508046802081871e+10 2.603946675127492905e+09 -4.951332591288235664e+09 2.439138034384275055e+10 2.571481374629558182e+10 2.697058895726152039e+10 2.260908494473754120e+10 2.694556198256379700e+10 2.362972283582670212e+10 2.008917987001351166e+10 1.475356887483099937e+10 1.355056208524179649e+10 1.029863462398592758e+10 -7.838753220833581924e+09 7.120621635516806602e+09 2.110142890806459808e+10 9.467628402005033493e+09 7.049056471294834137e+09 6.753039221458411217e+09 1.488413300627670860e+10 3.465728153271078587e+09 1.323210307833483124e+10 1.105921512470639992e+10 1.464560373186876678e+10 1.276270627466290283e+10 1.257878537188912582e+10 6.199471172480729103e+09 8.970137321291200638e+09 5.951720388486906052e+09 8.924107006051773071e+09 7.379218015734051704e+09 1.997701882516412973e+09 6.338562185225722313e+09 3.291089740750864506e+09 1.300406668768732834e+10 8.367498359015825272e+09 6.312242773903186798e+09 1.166366003512080193e+10 1.141553665200862240e+17 2.092917917525736320e+17 -1.507962223059566720e+17 1.744257491267037000e+16 -5.871127800137679360e+17 -1.829129139383180000e+16 -7.209225573458012800e+16 2.321259904628207600e+16 4.715964180102792000e+16 6.950999613960003200e+16 2.555802249615925120e+17 3.735324796260332000e+16 8.131771843605356800e+16 -3.585361739524321500e+15 5.621694643011531000e+15 -3.068623363744730000e+16 -3.162316921605032400e+16 -1.989235687420464800e+16 -2.316247602604218000e+16 1.090553746797650880e+17 4.046541620695973600e+16 -3.012317547493492000e+16 -8.820842958819601000e+15 -1.114374635569712000e+16 1.247368067888169600e+16 1.786535361464528600e+16 -3.342049755794394400e+16 -4.944163926826375200e+16 -2.864691915976748400e+16 1.162598936194284800e+16 -5.574082258837317000e+15 -2.528059534004358500e+15 8.402908680899008000e+16 2.624594396785652400e+16 -1.037140595357700320e+17 -1.516733239060480000e+15 1.134522322611066600e+16 -3.184282108806786500e+15 9.811712486195857600e+16 8.579300683704909000e+15 3.896319167450748000e+16 7.293677479930685000e+15 1.151505117237160750e+15 4.043393956706704800e+16 4.023762937920563200e+16 7.888340380972230000e+15 2.000866606313869600e+16 2.365989380705631600e+16 2.894529937540529200e+16 3.618115568173407200e+16 -3.817857907740945600e+16 -2.133325505327251600e+16 1.060184331819140200e+16 -5.629092034258548000e+15 2.758726266263422800e+16 1.539268568924196800e+16 8.200691487115031000e+15 1.482498763882355800e+16 8.331919541872923200e+16 3.958670328898875500e+15 1.782806674371177000e+16 5.651508184895610000e+15 1.729847670278407200e+16 1.427196773341863600e+16 -2.981038487249823600e+16 1.361941068033688200e+16 -1.211361729314883000e+16 -5.100781648130333000e+15 -1.333783811439963438e+14 2.523920769772610800e+16 8.466195356329193000e+15 -1.002869996313078080e+17 2.097317313659762400e+16 5.311916454569910400e+16 2.037160679055521200e+16 1.248946306781079400e+16 2.731559252308185600e+16 1.369142298258378560e+17 2.763381611151329600e+16 1.000169107747873800e+16 1.243891383052018600e+16 2.895021024008464800e+16 3.806347866343316800e+16 7.316018334240764000e+15 -1.138799642246778000e+16 6.199039096865985000e+15 5.334337513051973000e+15 1.216371679227056800e+16 4.737017114981740000e+16 6.141910794796324000e+15 -2.084494528789850000e+16 3.208305862832514400e+16 4.082887043344389600e+16 3.367439247883399600e+16 4.085229504260030400e+16 2.286958829622934080e+17 4.286900096993891200e+16 4.758995205121992000e+16
1.936487341377347717e+11 -1.506596201957427673e+11 -1.751585799933158875e+11 9.799462761172816467e+10 -5.568711674763040924e+10 -1.394283125755060577e+10 -5.567308844373015594e+10 -5.726232999793436050e+09 4.529311962664769745e+10 1.239493017407647324e+10 4.266153524917551994e+09 2.509681054028656769e+10 7.492925929126329041e+10 9.130731648748562622e+10 1.114052452873971710e+11 1.265211764935942383e+11 7.709136873048724365e+10 9.701142864500574112e+09 -3.021093875628106594e+09 1.287091471327799606e+10 8.495274288089951515e+09 8.453206615399068832e+09 1.799187659828245544e+10 3.590931093816814423e+10 2.128609943954516983e+10 1.107852081827181435e+10 -4.481074248138140678e+09 1.129428344426173782e+10 1.664697187674401474e+10 1.660646424168918419e+10 1.521183943698010826e+10 8.543051515734816551e+09 3.538877356458496571e+09 5.887682917369409800e+08 1.213582079282883644e+10 8.363576737531989098e+09 7.621953432595350266e+09 9.521855948739107132e+09 6.597116453854303360e+09 6.226841671865813255e+09 2.012582236398981094e+09 1.828493238941207886e+09 9.056279398059461594e+09 -1.465460921030637026e+09 -1.196602939009686947e+09 3.499164941665582657e+09 -4.758411914267929792e+08 -9.029409067817944288e+08 4.590825271939105034e+09 9.046480738764312744e+09 4.716014641537496567e+09 -1.698665838197988510e+09 2.173259673538571358e+09 6.198080567999609947e+09 7.511063329783190727e+09 3.523570715975648000e+17 1.192901059578343200e+17 3.406785195103994000e+16 8.609658568320272000e+15 1.505401566408733440e+17 -1.396875742552668800e+17 2.221509827510065000e+15 1.145748073073571680e+17 -5.818384058972535200e+16 -6.081281590000486400e+16 3.559226334198116480e+17 5.894685822589636800e+16 1.304448327800827200e+17 1.252653056003253600e+16 6.455198117785776800e+16 1.511172072242102200e+16 -2.546674550429638800e+16 -1.094602470502239600e+16 -2.194876535967729200e+16 4.880014373643663360e+17 1.848901038394816320e+17 7.583685193182071250e+14 1.462368165652628711e+13 1.138018108166504400e+16 -1.384274353259954800e+16 -1.389231526503610200e+16 -3.715983877270145600e+16 7.262731015145840000e+16 1.190790202779030600e+16 -1.901992560140177200e+16 -8.320507518393478125e+13 3.007519752083594500e+15 -8.629946364648584000e+16 -1.754675296460454600e+16 -2.485989554108343680e+17 1.316897109586791000e+16 -3.433368967030472500e+14 -6.551366450732321000e+15 3.657588110045649600e+16 1.414913760510541800e+16 6.437979409316865000e+15 1.080087601183854800e+16 1.519588217774912400e+16 7.225948682535619200e+16 2.520008518996329600e+16 -6.485567644811020000e+15 1.398250327558923400e+16 2.605597694632381000e+15 -7.366331395285817000e+15 -6.751437655045310400e+16 1.310086264742246080e+17 1.145424042279263000e+15 5.317701812176781000e+15 -1.565000568576355200e+17 4.142861250435309600e+16 1.954622963865485600e+16 1.157253923368575000e+16 5.767607078886536000e+15 5.015472041552393600e+16 1.707322941435473200e+16 1.598499557973795400e+16 1.193383466707641800e+16 2.020596877503700800e+16 1.671087877979675800e+16 8.424475245778942400e+16 -4.780919004043752000e+15 1.062294708432852800e+16 9.144329630186560000e+15 1.863386431961672000e+16 3.202742023517091200e+16 4.676370118267292800e+16 -5.318125979170912000e+16 2.515659112675236400e+16 5.025705397576315200e+16 2.759751210747806800e+16 7.774551187945576000e+15 1.205117858658037000e+16 -1.499256931270108200e+16 2.670582611458702800e+16 3.809148272899610500e+15 2.803150097716786000e+16 1.605622165719686600e+16 1.577965950026208200e+16 3.179840756031799200e+16 2.062905653483563200e+16 9.156177384799220000e+15 2.383038919304224000e+16 2.072583605631059200e+16 3.015456673151482000e+16 5.403587875028973600e+16 7.406193841379681600e+16 2.972658974597336400e+16 9.957434735843682000e+15 2.658128168771279200e+16 2.290006433290444400e+16 4.286900096993891200e+16 1.965845701880517440e+17 8.752834708228883200e+16
2.022848172018818970e+11 -1.236075897570865173e+11 -5.677453823070712891e+11 3.953916980551197815e+10 -7.349563761760374451e+10 1.386321181706997681e+11 6.985727843269688416e+10 7.889702635090863037e+10 7.387679755875039673e+10 2.360311062966679001e+10 -1.936100926918743515e+10 4.331224907092162323e+10 2.891348441227550125e+10 1.878135788811685944e+10 1.525158600321400146e+11 2.118753201027805481e+11 1.269391879825929108e+11 -4.637286292920733094e+08 1.229821435610682011e+09 3.823645543213169098e+10 2.589485175734750271e+09 -6.125428164577125549e+09 7.185302127103207588e+09 1.505158676455693054e+10 -8.980314445463045120e+09 9.304306361913015366e+09 -1.038902427221619415e+10 3.695385320704957581e+10 2.084086150114641571e+10 1.122567830501307106e+10 1.672424615146117973e+10 1.425092303100991821e+10 2.447037364691951752e+10 2.477090228606465816e+09 1.903065901200831652e+09 3.214671527317156792e+09 1.793567484428433228e+10 -7.442639941953026772e+09 -9.230320165446304321e+09 6.839144324355187416e+09 1.718468871504882812e+09 1.919710162799950027e+10 1.818792943525834274e+10 -8.522007037197975159e+09 6.865607090306519270e+08 1.364282961422770977e+09 6.966041547277342796e+09 1.271065369115383911e+10 -1.123721998181749105e+09 4.250422324911085129e+09 -9.622737868121284485e+09 6.824129622021785736e+09 -4.746896770776756287e+09 -3.999646836714833736e+09 2.780337778697479725e+09 8.790242842091333120e+17 2.576119850583979840e+17 -2.078225135109293200e+16 4.868780327435715200e+16 3.213650678383204480e+17 -3.768748270196628800e+16 -1.980066362447554800e+16 8.734228166305121600e+16 1.092806051044477760e+17 4.108692321403204800e+16 -2.207312150232627520e+17 -6.426684641735900000e+16 1.471350227731391680e+17 5.756412532511135200e+16 5.880178827641484000e+16 2.513907091161110800e+16 -3.594923390397308800e+16 1.031660393255594600e+16 6.898982998866378400e+16 3.351772620340332800e+17 1.421164984205165440e+17 -7.946211015135712000e+16 1.809580209803706000e+16 6.559448076272062400e+16 -2.789774422189199600e+16 -2.821722438413446800e+16 -5.149345738480825000e+15 -5.810521733427651200e+16 1.427487102122025600e+16 9.165309616936566000e+15 3.502931185498295200e+16 1.670763463745410200e+16 -3.344525936622521600e+17 -3.578003222171312400e+16 4.164116628742527360e+17 -3.244958029181958000e+16 1.819334442409357200e+16 3.756177094663572800e+16 8.105558135951513600e+16 -5.131030733113827000e+15 -1.107015919933991200e+16 1.657891817501190800e+16 3.980392026671199000e+15 1.072096186364041800e+16 -1.818161493366118000e+16 -3.689319194435518125e+14 3.450149501850068800e+16 2.724866783889422400e+16 -1.428189836604659400e+16 -2.782828464409298240e+17 1.203020381000242400e+17 6.144672990916664800e+16 2.146576889591724800e+16 -7.851566641494582400e+16 2.334729637182701200e+16 2.421474116083644000e+16 1.571697952518767400e+16 -1.478771043503680200e+16 2.684758210511884400e+16 -1.450185249090586000e+16 1.079372847145954400e+16 1.105554558902889800e+16 1.078515054186039600e+16 5.023622825462429000e+15 1.766394362640454600e+16 -1.257218864834465200e+16 2.471649205772798800e+16 2.230981669071794800e+16 1.397901420832756800e+16 1.317012953202981000e+16 2.344016255170922400e+16 -6.637324478137232800e+16 -2.625103055954301200e+16 1.852556856423946560e+17 6.527531168073340000e+15 2.792400080480799600e+16 2.103693515210936000e+16 -1.876125487325934000e+16 2.272519298161411200e+16 1.449823293308698400e+16 5.538883806184820800e+16 3.226688744350034800e+16 1.956623793359752000e+16 5.768770181962188000e+16 2.314043646105295200e+16 1.501819719111890200e+16 3.294644969232126400e+16 3.977272418941277600e+16 3.377181633624664000e+16 2.981721724641712000e+16 3.666726201854621600e+16 5.817062656871315200e+16 4.851227058515916800e+16 3.360406030214364800e+16 4.807986035971768800e+16 4.758995205121992000e+16 8.752834708228883200e+16 4.938816499024922880e+17
