# P+B covariance for SGC and p = 0.0
# 
5.490648670827010870e+08 5.641282162158167362e+07 9.462515815586313605e+06 4.074467378680905793e+06 1.005010687820067746e+06 -6.604762241072927136e+05 1.316398660815162119e+06 4.140834626501469174e+05 -5.835228187048388645e+05 -1.314165217666069046e+06 -5.845282068941062316e+05 -1.637399650489293505e+06 -4.996642192558699171e+05 1.231223453879528824e+05 -4.382017921867388650e+05 -5.203178280566224130e+05 -1.355380933181613684e+06 -1.578411666425118223e+06 -3.461682222201472032e+05 -5.056758881156356074e+05 -1.573932858612975979e+05 -1.234245304955667350e+06 -3.112975842551503592e+04 -1.834048572377271485e+05 -9.370748197003986570e+04 -3.951365479822047055e+05 -7.124837542876495281e+05 -6.748921103940864559e+05 -6.357468611555674579e+05 -6.516137903518753592e+05 -9.478339844445697963e+05 -8.358946558066024445e+05 -5.842120296303608920e+05 -8.628624059753476467e+04 -8.580219163317467319e+05 -6.121870295726555632e+05 -5.690821342767607421e+05 -4.643981304974351660e+05 -6.002937862763105659e+05 -7.317606441933219321e+05 -3.686506999566509621e+05 -5.865299443990545115e+05 -4.122018017954933457e+05 -4.794228575318825897e+05 -4.121321669912107754e+05 -4.175015617321078316e+05 -6.519197851300413022e+05 -4.740369466502537834e+05 -4.320275798612792278e+05 -4.725230822771955864e+05 -4.940477843956501456e+05 -9.472430408846914070e+05 -8.587566179478423437e+05 -6.577627621098798700e+05 -6.993011382823305903e+05 3.253334121447380469e+13 2.615355862907499609e+13 1.489352437124722656e+13 -2.793733169019807129e+12 4.634510701438475000e+13 1.070053257195480078e+13 -1.817912698000737000e+11 1.275200869162266992e+13 2.538263702905672363e+12 5.040101561096226562e+12 4.393207693302672852e+12 6.221233633952024414e+12 4.931235719340599609e+12 2.991185510534681641e+12 3.474138692590863770e+12 9.398627758041541016e+12 3.177125533433541016e+12 3.586272175503792480e+12 2.625171955380982910e+12 1.039378216294780859e+13 -1.831907635944215234e+13 7.751711204922624512e+11 -1.176232475207923828e+12 3.968458798153499512e+12 8.772566337647584534e+10 5.752841634541829834e+11 5.961481259019705811e+11 9.409828664443552734e+12 9.353564358954671631e+11 -1.153394331745345306e+11 -6.354934865183198547e+10 3.769873481930626831e+11 9.316744794670306641e+12 5.213877938638544922e+11 1.376450285265266797e+13 -9.592593712000097656e+11 -6.411594106398466797e+11 1.035660802504842834e+11 8.105472891605106445e+12 5.174924851497219086e+10 -4.002601822354678955e+11 7.098397517647142334e+11 -3.293298567030520020e+11 1.158121297604688281e+13 6.070284920939611816e+11 -6.348981837540559387e+10 -5.478799671544450760e+09 -1.194409204400609131e+12 -1.470313876237107910e+12 1.245868265677441406e+13 3.156371680298729492e+12 1.508905600366053223e+12 -7.680301331079737854e+10 1.472608492996565234e+13 -1.020224508424346313e+12 6.248478763815931396e+11 1.012927620900097656e+11 -1.447536955061512939e+12 5.688264252684874023e+12 -2.693294858066325989e+11 3.517799664486626587e+11 2.382985391680877075e+11 -4.117144546494024048e+11 -6.603967405591116943e+11 9.526436680339771484e+12 6.256688150857408447e+11 6.670530108657465820e+11 1.010062302655352173e+12 -1.060167040361008911e+11 9.298468498133168030e+10 -2.722588373911856079e+11 5.072454920427837891e+12 5.335239895707827148e+11 -7.005415077956543945e+12 -7.192780017053093262e+11 -4.672720936237364502e+11 -2.658244471449660339e+11 -1.168564998732070160e+11 1.112613459312289551e+12 -1.458331699964858704e+11 -3.083662439008239136e+11 -4.335127134989232178e+11 -2.756708256241767578e+11 5.032395715564576172e+12 -6.114138778383254395e+11 3.165542713087252808e+10 3.748721517864577637e+11 -3.197387403846632690e+11 -1.048608557362394409e+11 1.410897677607959290e+11 1.011678564934131641e+13 3.712498012550906982e+11 5.153723726332071533e+11 1.210067162509450150e+10 -4.545255351676603394e+11 -2.368305661291433716e+11 2.553598568069934082e+11 -1.024321701121923218e+11
5.641282162158167362e+07 1.120803080394097567e+08 1.473653295413388684e+07 1.224348508017767454e+06 4.034084592915122048e+05 -1.782178463527596090e+06 3.906978281146567315e+05 3.051663308174257400e+05 -3.369858445578218088e+05 2.997891677970632445e+05 -1.286245506063430803e+05 -3.683854696357538342e+05 -3.218345796436792007e+05 -7.044749895948609628e+04 -2.491535090206367313e+05 -3.975653837102398975e+05 -6.689210914079684298e+05 -3.220518076452618116e+05 -3.215731771588426782e+05 -3.884790081364508369e+05 -1.022787282129496743e+05 -4.231100123828029609e+05 -6.106604367411712155e+04 -1.570120572744761303e+05 -1.338694261854900979e+05 -4.389718288673527422e+05 -2.395667542202041368e+05 -4.366683889051824226e+05 -3.864841460968693718e+05 -1.322867230328003643e+05 -3.044074467389651691e+05 -5.560507489508159924e+05 -1.559343204697313777e+05 5.418579955874870939e+04 -2.382695252870942059e+05 -3.101438864348541247e+05 -3.143726287513967254e+05 -3.915667721562534571e+05 -3.637386034134834190e+05 -3.317954574451267254e+05 -3.484077811553194188e+05 -2.000410553788955731e+05 -2.623003509379946045e+05 -2.253851572396493284e+05 -2.322060674267240684e+05 -2.343419319414712372e+05 -3.462286009440197377e+05 -1.552596960333838651e+05 4.991921807474530397e+03 -2.079149363696810324e+05 -1.829669354636565840e+05 -3.586606170312440954e+05 -2.464380645228541980e+05 -1.708331318894480937e+05 -3.202719895048629842e+05 4.644638008820372656e+13 1.499310882379704297e+13 9.018348217536400391e+12 -4.801222328121383667e+11 1.289735044935416211e+13 8.412914919666456055e+12 8.193502898690974121e+11 1.062817627231943945e+13 1.576198476650101074e+12 -3.257590129886959229e+11 -8.362962650529649658e+11 3.320952076771729126e+11 6.497225796352458984e+12 4.820801830868722534e+11 2.876593933334124146e+11 9.714160687327585938e+12 2.022140514827547607e+12 1.117821614011898682e+12 4.423841114116000977e+11 1.084144845631350000e+13 -4.481102965828822266e+12 5.456522708176581421e+11 -3.097553989264068604e+11 5.971548091097439453e+12 2.752496239181630249e+11 4.738173434601812744e+10 6.674371467770994873e+11 7.228145198011008789e+12 -6.585404790629132080e+10 2.426334927249729004e+11 4.994159821284832764e+11 1.098652362434062042e+11 -4.176619322212678223e+12 -2.356074976488263321e+10 2.201479190139663086e+12 3.015938021501906586e+10 4.675309569016100311e+10 1.100378436969813585e+09 5.112275804059519531e+12 -4.945271315394688416e+10 2.569847365873241882e+11 3.075727738919059448e+11 -4.317558155559413910e+10 8.276111720533595703e+12 -1.422834992410964775e+10 -3.329510393698204422e+10 3.400834205657889175e+10 1.459729398936875305e+11 6.708499655828919983e+10 1.373571064099588867e+12 1.357350889233010986e+12 1.282832651237243042e+11 1.239098380258280945e+11 5.450948081539765625e+12 -3.983691830817785034e+11 -1.679829829099403076e+11 -1.629209708024246216e+11 -6.645072315017182922e+10 6.451194064634944336e+12 1.321363209998993073e+11 2.738563723622109985e+11 3.127193848080429077e+11 -9.445810590386273193e+10 -2.010862154432214355e+11 7.217761773522685547e+12 3.828489531718902588e+10 5.314540877908863525e+11 3.647943348897828369e+11 -7.430818970077110291e+10 2.706833438218739700e+10 5.083093591016033325e+11 -6.753851437648341064e+11 -9.043892730961523056e+09 -6.135758633208633423e+10 3.351539563128292847e+10 3.260910940242734375e+11 -8.245980221830139160e+10 2.210623531711311340e+10 3.505908469155568848e+11 1.045496478625079346e+11 -2.370122721289585114e+10 -1.642774748601284790e+11 -2.757665508157998047e+11 6.300775223590644531e+12 2.642568003976648331e+10 4.501039865493180847e+10 1.332769248199646187e+10 -2.079878384859916306e+10 -7.994312854941247559e+10 1.422667679337832947e+11 7.309691308059630859e+12 9.073527461003491211e+10 -4.954943980776020813e+10 4.365138205893535614e+10 -3.269331274570377197e+11 3.583514241679366302e+10 -2.731454054826135635e+10 1.086878325544544601e+10
9.462515815586313605e+06 1.473653295413388684e+07 4.834052574032346159e+07 8.157349674837648869e+06 1.672821096727269702e+06 2.053134219056412694e+05 4.601009028333054739e+05 -3.284771144110012101e+05 5.924393278775417712e+05 4.080170553457098431e+05 2.127947290580624540e+05 8.633958130707044620e+04 -2.583346372547904029e+05 1.369921882627630257e+05 -4.319634730307263089e+05 -2.951398079381599673e+05 -7.316471070925284585e+04 -3.700461620335241896e+05 1.959049249966558818e+03 1.415934011682488490e+05 1.396583990247518523e+05 5.128124019244135707e+04 1.870740740059536765e+05 4.316050742045666993e+04 -2.627559563153531053e+05 -1.455881091265611467e+05 7.623714847838311107e+04 -7.194544513075206487e+04 -1.432771391391683719e+05 -1.228744322438228482e+04 -7.150867608275491511e+04 -3.506706963401421672e+04 9.897481128688696117e+03 -6.446689839558583481e+04 -1.306727538446175458e+05 -9.014317954134412867e+04 -8.919002619116689311e+04 -4.188300956507807132e+04 -1.386376485224675853e+05 -3.389287985642435524e+04 -4.213635408120229113e+04 -3.816698493731443887e+04 -1.150979261230174598e+05 -7.938748763622487604e+04 -4.090644384457977594e+03 4.245000048431350297e+04 -5.253179549615536234e+04 -1.219289594704919873e+05 -9.263794594722846523e+04 -1.041752513636916774e+04 4.975918292346565431e+04 -7.117751799835156999e+04 -1.835815916108539386e+04 -1.076261004931809002e+05 -1.230747242602290062e+05 1.597853358885325391e+13 1.547173818155608984e+13 4.556610383594331055e+12 5.548243893485744141e+12 -6.348105653333768311e+11 5.116415410987460938e+12 4.485032815119084961e+12 3.407626260465394531e+12 1.478073653721603027e+12 -1.880196520658114014e+12 3.547734194431196289e+11 1.027316126126824829e+12 4.162356300340474609e+12 9.957925996670485840e+11 -2.845766346504568481e+11 7.732860732808879395e+11 2.056674011694931641e+12 2.824043661994938660e+10 -6.457702960103629150e+11 -1.116810310128513672e+12 -8.083693566360080566e+11 9.090635618914759521e+11 -6.177174623079537354e+11 3.529596158797474609e+12 1.213126624283012939e+12 1.255796527007588005e+10 4.876829187101887817e+11 2.598332841052947754e+12 1.923925413306168457e+12 3.448774054185556793e+10 -6.702614280116022491e+10 4.852857050436130981e+11 2.829868398782509277e+12 -7.803411453672364502e+11 1.082872524479789258e+13 7.791355038965032959e+11 -6.580612092695575714e+10 -1.782628859930573120e+11 5.120113446329367188e+12 1.183734122417717285e+12 1.248291264506562195e+11 -7.917098017244679260e+10 5.934846018365873718e+10 1.903693999087240967e+12 1.635873478487075195e+12 8.643073273568463135e+10 -1.354608253522622681e+11 8.235428004010197449e+10 9.834324552143232727e+10 -2.745749697158206055e+12 2.620213404755732422e+12 1.109595855839526367e+11 7.838247368152015686e+10 7.129294323982472656e+12 9.421414049831143799e+11 -3.071739466352518845e+10 -4.633732881958238220e+10 2.073766545462273254e+11 3.636094186399637695e+12 1.169417474254756836e+12 -4.231433288210044098e+10 -9.501134369251611328e+10 8.536587573107591248e+10 -2.046099534873570557e+11 1.432764471523187256e+12 1.149075449216269531e+12 -2.323560056282019043e+11 1.608840291462706604e+11 9.953999689431304932e+10 -7.939712104423915100e+10 -2.223322633440880737e+11 6.103471013039261475e+11 3.183195209714322510e+11 -1.073943385798771729e+12 -1.918408228588800964e+11 2.293209539546397400e+11 1.292068307989260559e+11 6.322138580264848633e+12 4.171832241373267212e+11 6.376006031030407715e+10 -1.864243107448448420e+09 -7.636905628793830872e+10 -2.760023501177836304e+11 3.360483212285078125e+12 1.397074608678480469e+12 -2.568527798201362610e+10 -1.958189623784024429e+10 -4.267883594631858063e+10 -1.083837145835113373e+11 -2.978583842879100418e+10 1.701276519455104980e+12 1.449923042600163086e+12 1.057901022361554146e+10 -8.525016955292048645e+10 1.201052334154296875e+11 -1.856532026707987595e+10 -1.562412712518930664e+11 -4.159207653038592529e+11
4.074467378680905793e+06 1.224348508017767454e+06 8.157349674837648869e+06 2.553992822569631413e+07 4.291481208762340248e+06 2.734551387547453633e+05 4.571551575971029815e+05 5.098433936134339456e+04 -8.672887466182987555e+04 3.407920929754156532e+04 5.682733416246726119e+04 -1.007617290238767600e+05 -2.961525734487426816e+05 -8.654040072985576990e+04 5.365648564031835849e+04 -1.321699180394415162e+05 -2.590339268453487966e+04 2.777863050534914510e+04 -9.987736456447963428e+04 1.900590630992712977e+04 5.217220765183357435e+04 7.050008225750380370e+04 1.081363309780923009e+05 5.107783037035531015e+04 -2.746104647033398942e+04 -9.607978675617276167e+04 -6.894588680484711404e+03 -1.816954510947786039e+05 -3.401857315610009391e+04 1.150468100732926832e+05 -8.666842611704643059e+04 -5.746590476909497374e+04 1.445706002057288060e+04 -6.285942714328943839e+04 -5.913410605367527023e+04 -6.100838947819347959e+04 -1.399648977194948238e+05 -4.804048756805704033e+04 -6.245403250876188395e+04 -3.555983905574180244e+04 4.433959337724340730e+04 3.300934352659764409e+04 1.554491132631202890e+04 -3.694951140660467354e+04 -1.165617284416283655e+05 -9.638972608066134853e+04 -9.626340653960498457e+04 -5.135857958315779979e+04 -8.444098161338294449e+04 -9.052929518588619248e+04 -2.154241767676544259e+04 -4.653421368937916122e+04 -5.168690244985958998e+04 -3.283888639308765414e+04 -3.230280910091095575e+04 1.063972253542490430e+13 1.651908800915938965e+12 3.307932229326254395e+12 4.509693307600916016e+12 3.459271880969490234e+12 2.023463503448682129e+12 4.367942043225109863e+12 6.389082971294498291e+11 2.651340893725408203e+12 -7.920877302125181885e+11 -2.887462164144860840e+12 4.793789186625793945e+12 7.475950829789727783e+10 2.197184663639186523e+12 -2.014722483582200623e+11 1.341447791098037415e+11 1.984854225502659668e+12 -1.653804188559091492e+11 -5.824596898129862061e+11 6.217984897165415192e+10 -3.721703261722887695e+12 1.408340362045771729e+12 -3.231914936219301758e+11 -1.228189063007337952e+11 1.847087084026716064e+12 1.939203002977505188e+11 -2.084013098001496582e+11 8.765942710190368652e+11 1.313341659847601562e+12 4.234914142948847046e+11 -1.695517923898488770e+11 -3.038017452449835815e+11 2.742894538587068359e+12 -3.215071451345232544e+11 4.823437308769179077e+11 1.278307538284062744e+12 1.358752236715668869e+10 7.083067343901364326e+09 -2.058979773195174255e+11 1.685962138103528809e+12 -6.293443768944057465e+09 1.878247905430396652e+10 -1.542547406929933739e+10 5.063180368017521973e+11 1.724928386537562744e+12 -1.552472446283290405e+11 -1.489919277049506226e+11 -2.013497282023135986e+11 -1.557827108352294006e+11 2.675157464242902832e+12 1.498703896459613037e+12 -1.087999787868739929e+11 3.595473329522169800e+11 -1.322920234106365967e+12 1.773021153122531006e+12 1.248486886241295013e+11 1.563146413633078003e+11 1.959992512328370667e+10 6.642832517226431885e+11 1.494078360852199951e+12 6.008426267963490295e+10 -3.538883899599330902e+10 -8.495976752507594299e+10 3.101640325104847717e+10 6.169310633919346924e+11 1.458054983735620117e+12 8.239492444197108459e+10 6.864857245301839447e+10 -2.282923042872019043e+11 4.044969721884231567e+10 -3.574535825974547577e+10 -8.261747006937565918e+11 1.674392768617685242e+11 -1.053927639344966187e+12 -2.040078665438728027e+11 1.653133665255690765e+10 3.304386952334874725e+10 7.292823837711656494e+11 1.292337371155678711e+12 1.245899463272445831e+11 -8.605483094127685547e+09 -1.033742435675530243e+10 -1.231316405928158569e+10 1.587231116598932495e+11 1.446377442395217041e+12 6.009689706017993164e+10 -5.070489900920054626e+10 2.688704971429024696e+09 1.376247071205826044e+09 1.825084845488328171e+10 6.797224366888897705e+11 1.518091970302988037e+12 2.474421374445596924e+11 5.718675753816949463e+10 3.508417242501843452e+09 1.845079720519531631e+10 4.496702272328828430e+10 2.807989200772725677e+10
1.005010687820067746e+06 4.034084592915122048e+05 1.672821096727269702e+06 4.291481208762340248e+06 1.461607547871980444e+07 2.145698678128199186e+06 6.205585943969311193e+05 3.071495527961853077e+05 -4.579063183621452190e+05 1.156490368378003332e+05 4.049656755999882444e+04 -3.169541272388729703e+04 -1.276040204945514124e+05 1.632229599054290447e+05 1.346835083658396034e+05 2.634830242063165497e+04 2.339892948886318118e+04 7.733413867417591973e+04 8.320563246106152633e+01 8.560504948825282918e+04 1.106727870831823966e+05 1.573672826212169020e+05 4.992679868674041791e+04 3.912894635869761260e+04 -4.234831710212779581e+04 -1.144518125659404177e+04 -9.094135967294192233e+04 -9.342186598179052817e+04 -4.082226024934971065e+04 1.112178468181627395e+05 -7.009674230402521789e+04 -4.096480395043176395e+04 -6.936460244711449195e+04 3.381683186641423617e+02 -5.093103424997011462e+04 7.032956608702027006e+04 1.145931239123767045e+04 4.039220364227997197e+04 -2.366602613027456300e+03 2.652516019601134303e+03 -3.934840153986263613e+04 -2.617944101338399196e+04 6.444361208968847495e+04 4.181419239414597541e+03 -2.023411608018910192e+04 2.540307962865391528e+04 9.327976382853166797e+03 -1.179387776482781919e+04 2.756725153281394159e+04 1.506895175798235141e+04 2.610170425437401354e+04 3.201096701433302951e+04 2.365016864248707498e+04 7.974914889834751648e+02 -2.709480770858745018e+02 -3.592213461094768555e+12 9.173280827753258057e+11 3.343029733535914917e+11 2.604440948510169922e+12 3.843671545101992676e+12 2.377313490417247070e+12 2.957061392924289551e+12 1.354626064470239746e+12 1.266044874340579590e+12 7.111209221754395752e+11 5.849134750259073242e+12 3.060522081210252441e+12 2.309467721014928894e+11 1.045334381888610962e+12 9.621567727354243164e+11 4.991714950031430054e+11 6.019979261130642090e+11 5.012750692315770874e+11 -2.594065814447415161e+11 4.769712183195608398e+12 -1.612592863410967041e+12 1.019519482472215820e+12 6.870330755043571777e+11 1.462884732992713928e+11 5.538166649409622803e+11 4.696734073750165405e+11 -1.891749928335812683e+11 -3.871650612071286774e+10 7.132575655904304199e+11 6.369169727151040039e+11 -8.562872030598170471e+10 7.971686824703826904e+10 3.064288859862695801e+12 1.623436072464586792e+11 2.653120461380878296e+11 1.219236377605289795e+12 4.194977950002966919e+11 -1.823750337026468201e+11 -1.753223260265660095e+11 5.762704123784659424e+11 3.240128698466520996e+11 -9.581936636735664368e+10 1.141573979645444183e+11 -2.816153030623841095e+10 5.556207271307745361e+11 2.362435584668496094e+11 8.993878030209812927e+10 6.982226861453484297e+08 -1.056246047309662476e+11 2.840114925368554199e+12 2.072528528313696045e+12 1.583037238010054932e+11 -3.667569386307801819e+10 9.351125241906419373e+10 1.190525727065200684e+12 4.074785904390335083e+11 4.324429992601225281e+10 3.684582727708963776e+10 1.154208654348436279e+11 7.819400910035725098e+11 4.567141817355352173e+11 -3.494016008675505066e+10 -8.967446114053941345e+10 -9.558594220543220520e+10 2.704956771167063599e+11 5.488901481147210693e+11 3.746757218974978638e+11 8.327246818597708130e+10 2.167082360468104553e+10 4.893320728214182281e+10 -1.189656842867672424e+11 6.315332038138575554e+09 -2.749025317150558853e+10 1.506446259112964844e+12 2.452337423934237061e+11 6.008023869361994743e+09 -1.675880286461449623e+09 2.652696773267774658e+11 1.115660386970891846e+12 3.695077778516546021e+11 4.099326014200486755e+10 3.510319490284359741e+10 3.928212931253839874e+10 3.138194692933498535e+11 6.936882681097320557e+11 5.147481073702401123e+11 4.103973962399036407e+10 5.051279498079681396e+10 5.052929676166735077e+10 2.464558300801378632e+10 5.724728695159315186e+11 6.484977115087165527e+11 5.365517726199495850e+11 9.405240979239860535e+10 1.889875762728172064e+09 -2.913267098031309891e+10 -8.093112332315869141e+10 -8.841301285905850220e+10
-6.604762241072927136e+05 -1.782178463527596090e+06 2.053134219056412694e+05 2.734551387547453633e+05 2.145698678128199186e+06 8.630333463966915384e+06 1.168817676051868126e+06 3.683177191551186261e+05 2.818887781065226591e+04 2.045940596892638423e+05 4.523334073044050601e+05 1.898223881840623508e+05 1.640547804799375881e+05 1.262327267763196141e+05 1.359277413042040280e+04 9.922403915410718764e+04 1.282144556848461252e+04 3.182499463295554597e+04 3.319271325721033645e+04 -5.641051062430981983e+04 -1.040085633136377965e+03 -9.506107397017092808e+03 -8.479491749731836535e+03 -3.926019370232001529e+04 -2.056714339141009623e+04 6.425222302289230720e+04 7.069556024633764173e+04 1.638851306970401492e+04 4.768085874956644147e+03 -7.576004959254097230e+03 1.012013349861751158e+04 6.142135227489545650e+04 3.353419500097333366e+04 2.650251410451329866e+04 2.769333308703672810e+04 9.936032262196955344e+03 3.997454059567418153e+04 2.026089231001094231e+04 2.799004182242979732e+04 2.499161923378111169e+04 1.787231178409709901e+04 -1.087575904601357797e+04 2.513105036524769457e+04 6.072152933679680427e+04 1.128417614413316005e+04 7.667850001283688471e+04 3.078573612539315218e+04 3.362614351049585093e+04 2.917344676282318687e+04 4.095721109517685545e+04 2.459445824814243315e+04 1.031616848110566389e+04 4.395887618768066750e+04 2.424644035310855179e+04 4.108223065041699010e+04 -9.019250768498316650e+11 2.816235596381715088e+11 2.191530666215277100e+11 -2.860613431765116577e+11 -1.814731448387674561e+12 -5.568685316360762939e+11 7.399693859753338623e+11 5.683710516342537842e+11 1.747296279246343018e+12 2.375144198922307129e+12 5.824347878444902344e+11 -8.196413075262443542e+10 8.039368286220416260e+11 7.304065210423636475e+11 1.177333672932183105e+12 -8.118208444479208984e+11 2.628398572381054688e+11 4.256047214602737427e+11 2.984565217253752441e+11 -1.755319386809588379e+12 -8.048675769281120605e+11 7.428607837522722168e+11 1.248095653488929688e+12 -6.972413610403063965e+11 9.383016980599555969e+10 7.138426720332933350e+11 7.808219151616122437e+10 -7.548443394197814941e+11 1.544941528357992249e+11 7.198852821513406982e+11 -1.483967309803507423e+10 -9.965690020580058289e+10 7.763753629993601074e+11 1.268660889368998535e+12 -1.265621145021896935e+10 3.552706945900020142e+11 6.805893891521052246e+11 1.517139550088790894e+11 -7.340637964732412109e+11 1.048864856436533813e+11 5.296221858881843872e+11 4.035125274113282776e+10 1.734867159483985291e+11 -6.862549653753057861e+11 -7.059895569110789490e+10 6.076252260799421387e+11 1.950450367196277237e+10 1.003167277452882080e+11 1.400070175154327393e+11 1.636508375209284912e+12 -5.662503658765550537e+11 4.570171365883865356e+11 1.730355623010242004e+11 1.441446411571457214e+11 1.602963812771538391e+11 5.846188037266220703e+11 1.223405716334434509e+11 3.212181826150615215e+09 -2.836260853456026001e+11 8.913738838667797852e+10 6.629504799618741455e+11 5.655119076566487122e+10 3.438832757147132111e+10 9.555173949103587341e+10 -2.453451631838764343e+11 1.803002873798932800e+11 4.912134862682474976e+11 2.349960489739915085e+10 -9.410631313007112503e+09 1.105949223490629768e+10 -7.607313406142355347e+10 -8.431986047633468628e+09 7.826551166171757507e+10 1.116149229729570618e+11 5.461072779432022095e+11 3.637590693164343262e+10 5.314016164805171967e+10 2.783812546697255249e+11 1.374831074194228821e+11 5.484342334029475708e+11 3.334391373087865448e+10 4.263572968048808289e+10 5.128295007097880554e+10 -1.437103592796389160e+11 7.752090563507388306e+10 5.255505019892094727e+11 3.565990671855302429e+10 6.196305701727335358e+10 3.099498722082265472e+10 -6.976189220782652283e+10 -6.295978681875766602e+11 7.395490572065538025e+10 5.560612248333048096e+11 5.259516868974848175e+10 7.174277285848805237e+10 5.095183371531700134e+10 -4.025586894835937500e+10 7.259952753757547140e+08
1.316398660815162119e+06 3.906978281146567315e+05 4.601009028333054739e+05 4.571551575971029815e+05 6.205585943969311193e+05 1.168817676051868126e+06 6.474952914498101920e+06 1.190343539689027704e+06 9.728280996524651709e+04 3.504970140421778779e+05 2.422754788839434332e+05 3.040476741438042955e+05 1.666457925801802776e+05 5.051365511945529761e+03 1.069930913318762759e+05 4.767264339470184495e+04 1.214184517948754074e+05 -1.614834600547270838e+03 1.462965177206826338e+05 7.284334577190568962e+04 1.143265869174003310e+05 8.716551154286855308e+04 -1.790859259134038803e+04 -3.342052966510162514e+04 8.695511116875613516e+04 1.503647843508996884e+05 4.180604369719575334e+04 7.287929753912074375e+04 7.582670764060349029e+04 6.334837201107409055e+04 2.884918223770694385e+04 2.344380301913484072e+04 5.952133285315192916e+04 4.339464604791608872e+04 4.397711475345656072e+04 7.548875202673234162e+04 5.199282637636757136e+04 4.702574847063326888e+04 2.159816068629029905e+04 6.175837679191298230e+04 3.152986182146351348e+04 7.721058887998248974e+04 5.580935777900602261e+04 1.302778644145858198e+04 9.999730540527809353e+03 2.550738101661131441e+04 3.400176204843077721e+04 1.708380130306581805e+03 1.295594058398046036e+04 3.180604349730247850e+04 2.979548807873595433e+04 3.263161287782022191e+04 1.892325112672340038e+04 3.085853405737034336e+04 3.967178730811230344e+04 4.110788265060565796e+11 1.918740745680406982e+12 5.235671447542899323e+10 -9.756546739742309570e+11 -5.161934339372340088e+11 4.719265248436544800e+11 8.747909684139562988e+11 5.625917651597445068e+11 5.410332586628010254e+11 7.907084735061680908e+11 -6.116021948290887451e+11 2.518076346452088928e+11 1.011936054422177734e+12 5.540204993728835449e+11 8.196373878559368896e+11 7.733947602108719482e+11 5.535227278949199219e+11 6.527420542615858154e+11 8.139046025035034180e+11 -3.341253790404348755e+11 3.698203689605637207e+11 8.023668016210430908e+11 8.159276253269404297e+11 -5.750746971638184547e+09 2.858353553457127075e+11 6.224205694980672607e+11 2.807641391130876465e+11 6.381381434504452515e+10 7.840324834355328369e+10 3.285156471149426880e+11 2.373242914065140991e+11 2.927248241598707581e+10 2.518228126182913086e+12 1.170071042801404541e+12 -2.420220492029319153e+11 3.903060683006065674e+11 6.084947525718623047e+11 5.012078435288727417e+11 1.963066121532020264e+11 1.224285925785685120e+11 2.600693657116159363e+11 2.562877779359768066e+11 1.365291897681537018e+11 -8.242062920344573975e+10 1.465877797672346802e+11 2.750113019485695190e+11 3.178527961724233398e+11 1.486728741080816345e+11 2.002211809870702515e+11 2.848752573645495605e+12 4.958051604376586304e+11 5.557660579899295654e+11 5.527657403582590332e+11 4.175166270879859619e+11 1.317053071050393524e+11 3.445276980757278442e+11 3.367234654640936890e+11 7.450289702829086304e+10 2.094337670719484253e+11 1.254119419347191315e+11 2.990534824777971802e+11 3.145117003363007202e+11 2.212333631166278839e+10 1.066265564308614349e+11 3.317246191016034546e+11 1.009247908403554993e+11 1.862186213003079529e+11 2.175318558110613098e+11 5.580471897090782928e+10 1.432760130484801102e+10 -4.143149430518514252e+10 5.765657528386834717e+11 2.917687113686607666e+11 -2.555646857985708923e+11 4.858162442401355591e+11 1.913115794116903687e+11 -1.519664160261147118e+10 5.823325353219019775e+11 1.693233266556570435e+11 2.876354789395049438e+11 2.721495406563581543e+11 -1.851510146042393875e+10 8.892986794496662903e+10 2.248099713389406128e+11 -2.255323097607604218e+10 2.473667659720362244e+11 2.082358030930466614e+11 4.932872367881900787e+10 3.015573667801799393e+10 4.953734635129559326e+10 -6.055241212844500732e+10 -6.526748914691555786e+10 2.611350167060664978e+11 2.369479092026054993e+11 5.579739631930915070e+10 -8.950430380430452347e+09 -3.000476682202280426e+10 1.963524522540366364e+10
4.140834626501469174e+05 3.051663308174257400e+05 -3.284771144110012101e+05 5.098433936134339456e+04 3.071495527961853077e+05 3.683177191551186261e+05 1.190343539689027704e+06 4.604732564373592846e+06 6.908257056116546737e+05 2.492558201527349302e+05 1.248396385717938392e+04 6.740960008993306838e+04 -9.792698751776348217e+04 6.258997193034625525e+04 6.948189195708373154e+04 4.831449733846810886e+03 1.622130819502723461e+05 6.131577046735493786e+04 1.056045968639694329e+05 8.967254143136982748e+04 1.267382294125203480e+05 7.304737580895134306e+04 4.319177971549532231e+04 -2.579843079336565643e+04 1.127421902815397625e+05 7.261820755744128837e+04 5.994464868755715725e+04 6.929441332009920734e+04 6.293488228801179503e+04 7.473290607835260744e+04 7.945731204793151119e+04 4.807247526625472528e+04 8.206484220186540915e+04 7.533168682056480611e+04 9.725586612139630597e+04 7.460613675761496415e+04 8.602686806759532192e+04 8.287358360892166093e+04 4.892016300187317393e+04 7.593237639363533526e+04 5.307377176668559696e+04 3.493849373452724103e+04 3.557513806646112062e+04 4.700598846965406119e+04 6.601928665546429693e+04 4.121180938076705206e+04 5.228136423894297332e+04 3.761697288092389499e+04 5.895073163037554332e+04 5.988432656724949629e+04 4.548074495312914223e+04 3.990016749256315961e+04 3.917191311534784472e+04 6.868742152070556767e+04 5.664074154286807607e+04 1.237287556768164062e+12 3.640689313408928223e+11 3.722588550272392578e+11 5.404553584511963501e+11 -2.688929319883661621e+12 4.062266063853446960e+09 4.475178606444239044e+10 2.301482287255408936e+11 -5.117316778798133850e+10 2.523943493729092102e+11 3.127903524928208008e+11 2.178539377121743774e+11 7.104921184122932129e+11 2.351177508992524719e+11 5.105943971720405273e+11 8.245692637529779053e+11 7.073682238349052734e+11 6.414740566847045898e+11 1.352227886590261719e+12 2.010484413341617920e+12 7.762008104359802246e+11 3.661451867795759277e+11 9.108191639322525024e+09 2.195002525071300049e+11 2.925379493569734497e+11 2.727006269577984924e+11 5.905136253506311035e+11 1.709660604950555420e+11 -1.175271863371217957e+11 -1.983090467244144058e+10 4.174435751003994141e+11 1.173789242289498291e+11 1.182293775940693604e+12 2.101504126370709229e+11 1.339163726112858398e+12 3.438889793748683472e+11 4.974233536900257568e+11 5.987682431319035645e+11 1.357977533692023010e+11 -2.826217356761486053e+09 1.040079404227275391e+11 2.286318234859245911e+11 4.793948712960218048e+10 -7.266567048393424988e+10 -5.775877793728332520e+10 7.388926457957171631e+10 2.277189217867910156e+11 6.984267014981954575e+09 1.203689572755163879e+11 -4.339129010856290283e+11 -2.714729024768131714e+11 4.477361656322183838e+11 6.572024678627468262e+11 -7.671797343665192871e+11 -1.356958762773826027e+10 9.053616212024406433e+10 2.807444715190607910e+11 5.150769227999611664e+10 2.974622972391652679e+10 5.147934530324898529e+10 6.648809929574720001e+10 2.590405285208425903e+11 4.010020802029357910e+10 -5.113868756561865234e+10 1.925711061782095337e+11 5.175306092616279602e+10 -5.444676020775981903e+09 2.741961594479790039e+11 5.977691767153651428e+10 -4.550897770147086334e+10 4.753019830769259644e+10 1.835886369285425949e+10 7.221012176665650635e+11 -6.205458790663003540e+10 1.086882347956633911e+11 3.383697971215333862e+11 1.927551174407057190e+10 3.090240617162114258e+11 -6.369950997190176392e+10 9.430759005252561569e+09 2.820563175856065063e+11 -5.873978054361484528e+09 8.253903375136355400e+09 1.410035841116225891e+11 -1.713748390974109650e+10 1.296838764862495232e+10 2.815187255941965332e+11 6.060023143460175323e+10 1.852322786132772064e+10 1.178938557829436684e+10 3.758714147424229431e+10 -1.924376641184401703e+10 1.090740226448340797e+10 2.471440394071671143e+11 1.659466096674540520e+10 -3.417686486206826401e+10 -3.024094615419248199e+10 2.890536564384148026e+10
-5.835228187048388645e+05 -3.369858445578218088e+05 5.924393278775417712e+05 -8.672887466182987555e+04 -4.579063183621452190e+05 2.818887781065226591e+04 9.728280996524651709e+04 6.908257056116546737e+05 3.420738457208812702e+06 5.170663284682069789e+05 4.869949749977568717e+04 1.140075390329453367e+05 2.682126153551443713e+04 1.659706519242268114e+05 1.328131230058788205e+05 9.376270118121043197e+04 -3.091140756784947371e+04 7.676213421020409442e+04 2.224021128265618609e+04 1.030268003320170683e+05 2.154088440963217727e+04 4.539912143326005753e+04 6.481600500088332046e+04 8.021113985356349440e+04 9.762819424732567859e+04 7.596216638517057618e+03 5.566262871311009803e+04 7.417823914045061974e+04 3.805958476394436730e+04 3.687012641412619269e+04 8.793350958232549601e+04 5.453477941358535463e+04 5.124012992999579728e+04 5.008055171544373297e+04 7.475833559824078111e+04 3.660365623258009873e+04 5.059639229130670719e+04 6.018459588313507993e+04 7.594030327495696838e+04 5.344193089563145622e+04 5.197140644472160056e+04 2.699474805368550005e+04 3.654653913812815154e+04 5.900557673803261423e+04 6.127271493937152263e+04 5.186464806396985659e+04 4.759660630964305165e+04 4.150711824428578257e+04 5.238086900229537423e+04 2.504191590352145431e+04 5.018925396077133337e+04 8.102008074459334603e+04 5.712134459284589684e+04 6.864462763796083163e+04 3.755017903843589011e+04 -2.525910175159728622e+10 1.871584603157271729e+12 2.517662593289210510e+11 -1.278812418437471161e+11 -4.009229803979515625e+12 1.856756579804198914e+11 1.336086905766019745e+11 -6.287790847175962830e+10 -4.526078259061521606e+11 8.087817508098254204e+09 6.781716556837590332e+11 -4.922334000588323975e+10 6.473404814110946045e+11 3.000335421519814682e+10 1.511677724581925659e+11 5.217659840546202660e+09 2.228853383235828247e+11 3.283330021629078369e+11 5.239775542377547607e+11 1.458159731730913086e+11 4.762217067809598999e+11 4.138526225313395996e+11 3.519517951244406128e+11 4.511329776408722534e+11 1.105672814091641998e+11 1.029485890291549377e+11 3.820110926418581543e+11 1.185310830350899353e+11 3.452232912943817749e+11 2.351725170821932373e+11 4.249818678723123169e+11 2.450254338308456421e+11 1.023518971622505005e+12 3.547024692051441193e+10 1.282566237830760498e+12 3.254976627946580200e+11 1.522776783410833435e+11 3.203537389353203125e+11 1.790137640485095520e+11 1.792629512005220947e+11 5.719264254266472626e+10 2.595302190934535828e+11 1.951153880354040222e+11 -2.640232429228905640e+11 1.252696676403232117e+11 3.216708169977910995e+10 7.453862919298242188e+10 8.646819146235281372e+10 5.258243293277291107e+10 -5.913403512632331543e+11 1.051372291218621094e+12 2.804927170407715454e+11 2.317833549617446594e+11 3.506590241039153442e+11 1.878577193294029236e+10 1.422487079672189636e+11 2.686302321234784851e+11 2.003122983158113098e+11 -8.378188225567922974e+10 2.038873453716023254e+10 2.987052982224816513e+10 1.889568945240899048e+11 1.303751191317635651e+11 -6.109926465287391663e+10 -7.010702492986912537e+10 5.946390112665756226e+10 -1.182362574009600220e+11 1.527699183476755371e+11 5.308535563426551819e+10 8.789759102812917709e+09 -4.995778537514412689e+10 5.667985081594376221e+11 5.030725358633840332e+11 2.338825365064691467e+11 8.278382843902339172e+10 2.445651669400099487e+11 1.885651271432270508e+11 2.596281236723497620e+11 1.671575242222182989e+09 7.914974317038206482e+10 1.297975862829953461e+11 1.274540305088071899e+11 1.810387181773207474e+10 -1.336765850131242943e+10 1.549580044795065308e+10 -1.404833557311491203e+10 1.574509849949258118e+11 1.026639354229183044e+11 7.494763565207344055e+09 -4.042984398973554993e+10 -5.454500462525550842e+10 2.648743739419394302e+10 -6.630728320989357758e+10 1.448587755178035583e+11 1.046560632364276123e+11 -3.465201514519702911e+10 2.098695075258946991e+10 4.553025574344557190e+10
-1.314165217666069046e+06 2.997891677970632445e+05 4.080170553457098431e+05 3.407920929754156532e+04 1.156490368378003332e+05 2.045940596892638423e+05 3.504970140421778779e+05 2.492558201527349302e+05 5.170663284682069789e+05 2.378515441418685950e+06 4.643360668298116652e+05 6.051846380833157309e+04 3.043080823468219023e+04 1.285463627944665932e+05 1.436461689759494620e+05 1.082099654429815128e+05 4.944805148923687375e+04 5.468241485755030590e+04 1.123128918643941433e+05 1.401843330532055406e+05 1.099183625256669475e+05 4.419791820970537083e+04 3.167367350124911536e+04 3.684814805666308530e+04 8.832135363443660026e+04 8.801097253690831712e+04 5.362200120401897584e+04 9.558117271581249952e+04 6.862585609741295048e+04 4.296566393655819411e+04 7.780883466259887791e+04 5.209770725982420845e+04 5.480573193112859735e+04 6.476113736111956678e+04 7.542724859044302138e+04 4.165481140404631151e+04 8.567097394507579156e+04 6.157519076295608102e+04 6.149865712423063087e+04 7.966497040999401361e+04 5.497304074185124045e+04 7.132231804379593814e+04 5.171774392693681148e+04 5.433802083036560362e+04 4.774721082592189487e+04 4.750719053657590121e+04 4.498972359918284928e+04 5.092051779755143798e+04 5.783223678470545565e+04 5.925778145340125047e+04 4.494300697141405544e+04 7.544576948784968408e+04 5.909882634392820910e+04 5.969154343256741413e+04 6.573643095879424072e+04 -2.569349572244174805e+12 -4.290535275761514893e+11 -8.843679200109975586e+11 -2.392407508776875000e+11 -8.444259794225996094e+11 -1.295950439200420074e+11 -1.305815157917965698e+11 -1.182948179649694366e+11 -3.777634379743754578e+10 -4.127574467276355743e+10 6.660547069687556152e+11 4.656451252370822906e+10 2.048669925801573792e+11 9.991131217823744202e+10 1.901416059265845337e+11 -3.934282978980194092e+11 1.404128837607082748e+10 6.412631210079066467e+10 1.982156439268766174e+11 -5.483927983234713135e+11 -3.875675180328722534e+11 4.859881403487686768e+11 3.903547275803759766e+11 8.325598498493388367e+10 1.341680425806001587e+11 7.963354344079457092e+10 1.927785440055767517e+11 1.999269588336979370e+11 4.236595100112399902e+11 3.299205420355111084e+11 2.881627751868322144e+11 3.809704136115186768e+11 3.470926626726243896e+11 1.334973604800753021e+11 1.308359193928727570e+11 9.761840915211018372e+10 1.516357485458403015e+11 6.182237672818482208e+10 1.902776804509246826e+11 2.550632333884053345e+11 2.203499664197835693e+11 1.370565049216089478e+11 3.603792938546144409e+11 -2.292235897527743225e+11 -9.217670654452084351e+10 1.269976959624906540e+10 1.620590161940230370e+10 1.979427742056618042e+11 4.527016878962646484e+10 7.179588336997560120e+10 7.130447351708543396e+10 1.341253955331264648e+11 2.600928100251485825e+09 1.826833256130068665e+11 2.017585219711101379e+11 2.781271210796536255e+11 1.977953142945532227e+11 2.427697435239501953e+11 -8.967540578832038879e+10 -4.198810966073493958e+10 5.244074776242640686e+10 2.910314158504994965e+10 1.219601132576327515e+11 2.670235589977609634e+10 -1.361348518874425354e+11 -9.147969888857199097e+10 7.550881789622222900e+10 -1.975323278765566254e+10 1.482363342832388611e+11 1.969513814933663607e+09 -4.351831974670420074e+10 -2.707312694097569275e+11 9.189929383391484070e+10 1.998798717836694031e+11 2.028604048632872314e+11 2.332620768747615051e+11 3.194845373205236206e+11 -4.122913006554792786e+10 -2.798887031701572037e+10 6.813002249417194366e+10 6.367731287462283325e+10 1.739703497264865723e+11 1.501149184104922104e+10 -6.868336611676027298e+09 -2.404139223669400406e+10 2.896279202259454727e+10 5.076920118080930328e+10 1.207797138209130707e+11 2.384747775642683983e+09 4.557149885282797241e+10 -2.544113250837410889e+11 -4.313634659801207483e+07 3.009417589253091431e+10 3.347620541917876434e+10 1.608114334012684937e+11 -1.972780894508937597e+09 2.355169826329884338e+10 1.739770326545310974e+10
-5.845282068941062316e+05 -1.286245506063430803e+05 2.127947290580624540e+05 5.682733416246726119e+04 4.049656755999882444e+04 4.523334073044050601e+05 2.422754788839434332e+05 1.248396385717938392e+04 4.869949749977568717e+04 4.643360668298116652e+05 2.211674254319603555e+06 4.549103686229759478e+05 1.457009948063199699e+05 1.131445974701586238e+05 4.029691790494597080e+04 7.477819848259731953e+04 9.259688930178171722e+04 5.338641775209584011e+04 5.890791229440426105e+04 2.109841438890648351e+04 4.630433324545687356e+04 5.865984756454698072e+04 8.206774316361134697e+04 4.155261287390711368e+04 4.530169168760752655e+04 6.750387061501544667e+04 4.915273764489094901e+04 8.786639224123486201e+04 3.859120499630148697e+04 5.260061413434724091e+04 7.261812163204266108e+04 5.358097966555667517e+04 5.231942184269817517e+04 3.977393720337572449e+04 4.020169836414489691e+04 4.312432433296918316e+04 2.846868961267027407e+04 2.199662073465993672e+04 4.673253792956872348e+04 7.059201602493754763e+04 6.149747452051025903e+04 6.807867328575550346e+04 5.388135862619600812e+04 6.076796369977154973e+04 2.547741593460355216e+04 5.333061811812203086e+04 5.283928581959938310e+04 2.362729897379360773e+04 3.422600396424060455e+04 3.457142237952206051e+04 2.776895365846119239e+04 5.420050604176786146e+04 4.118510628484294284e+04 2.312933235299264561e+04 4.382126610186700418e+04 -1.240222334118321777e+12 6.662200900430600586e+11 7.445507612663525391e+11 -4.811477412783173218e+11 -3.901203344923607422e+12 4.746232318631108856e+10 -2.813116672224143677e+11 7.324370120571206055e+11 1.395434968439559326e+11 3.640561675251925659e+11 4.550395687742164917e+11 4.144714447151294708e+10 -1.040454388018380890e+11 2.462029548675948715e+10 1.884706505327005005e+11 7.419803611264936447e+09 -3.501535087599842072e+10 3.759539277718210602e+10 2.775249685301602783e+11 6.170046616099639893e+11 -8.557455847707492676e+11 3.222611580720909882e+10 1.532260389787546387e+11 -2.055882296063468628e+11 6.661473906049866676e+09 6.542628005257845306e+10 1.067496744240067902e+11 5.803904529431158447e+11 2.732307736294041443e+11 2.236367014098929749e+11 1.001072040446638184e+11 3.011638101539426880e+11 1.878744679672883911e+11 2.857501634532365112e+11 7.115209372599890137e+11 1.939751727289323730e+11 1.864646977281983032e+11 9.181506183116619873e+10 3.504768151142009277e+11 1.917470646454197998e+11 1.835725059559865723e+11 1.118899090766199036e+11 2.967960274252307129e+11 4.156885711461459351e+11 1.130413787938229828e+11 1.433857644498040771e+11 1.216135501914371643e+11 2.460581269733768921e+11 2.707520929228042297e+11 -4.359037229028986206e+11 -4.291771440607447510e+11 2.092060324822443771e+10 1.798254910213489151e+10 -2.626565830617262573e+11 2.080304112387896423e+11 1.342407443368924713e+11 8.500991529147457886e+10 1.934367721365535583e+11 -1.046794026889935303e+10 3.736535330161090851e+10 1.224438656522314453e+11 1.211272476100327454e+11 1.183648535691333923e+11 1.557129656987052917e+11 3.095166707098739624e+11 -7.338821695071514893e+10 3.322260388569052505e+10 1.933785879823717880e+10 6.701032175296514893e+10 1.254265586552574310e+11 -9.104418172629722595e+09 -5.905280156470191650e+11 1.500779036568463745e+11 5.192022641952567749e+11 1.897867853623463135e+11 9.426872045730766296e+10 1.877571136162154541e+11 6.168032230281468506e+11 4.853755746056903839e+10 1.146428028697671814e+11 1.078393721887355194e+11 1.822639037910329895e+11 1.346984191044090576e+11 7.010229256296296692e+10 -8.866718800558128357e+10 2.746104374930554581e+10 2.404092851471999359e+10 9.311222995102044678e+10 8.579048121810110474e+10 2.254111807209976196e+10 2.179429377286921692e+11 -3.375743834629298210e+09 6.588449195054113770e+10 9.451730764667535782e+09 6.128442611346588135e+10 7.840981338692076111e+10 2.466608553214294815e+10 2.729684854562901020e+09
-1.637399650489293505e+06 -3.683854696357538342e+05 8.633958130707044620e+04 -1.007617290238767600e+05 -3.169541272388729703e+04 1.898223881840623508e+05 3.040476741438042955e+05 6.740960008993306838e+04 1.140075390329453367e+05 6.051846380833157309e+04 4.549103686229759478e+05 1.568486030729820952e+06 4.099546224136459641e+05 1.359213704362357385e+05 1.131242028186847165e+05 3.026781491033699058e+04 1.196780723213996680e+04 5.347497064094492816e+04 2.133858631542674993e+04 2.960461090246251479e+04 5.304479461548889958e+04 3.820090353885682998e+04 4.884278716329673625e+04 5.407801693028234149e+04 4.459089247343900206e+04 4.151832272997909604e+04 2.945275458566474481e+04 7.100217113930883352e+04 2.698796468205143537e+04 1.937495841554505387e+04 6.627866162423163769e+04 5.336145396700105630e+04 5.940881986501088249e+04 3.375520035989723692e+04 4.343683916423991468e+04 5.373113658187422698e+04 3.928640958176315326e+04 3.134444200921135052e+04 3.206291608448475381e+04 2.900569932594215425e+04 4.364504092623628094e+04 2.446130137120030849e+04 4.937930807276880660e+04 4.915159753297303541e+04 4.266007248657591117e+04 5.214217037291989254e+04 4.408890336587256752e+04 3.895567959841922129e+04 2.967847604407447579e+04 3.526797312009151938e+04 4.685534816034053074e+04 6.195933584762558894e+04 4.940704152200111275e+04 5.196210666540868988e+04 4.902405689054042159e+04 -1.082553033260345581e+12 -6.302800173077447510e+11 1.040625010122823029e+11 4.664677520173818970e+11 -3.540830949503840820e+12 3.290727409012609482e+10 1.659415972429339600e+11 9.535400631899183655e+10 -2.117087090285439148e+11 1.790190187938480530e+11 -1.421378423256893799e+12 3.260661142591815186e+11 1.456145228346565552e+11 2.570309269811866760e+10 1.645356276658855591e+11 1.704419758333543701e+11 -1.063480103127571297e+10 -2.981243077920908737e+10 1.898418837533480530e+11 -1.454246106442016296e+11 1.789173843116824341e+11 7.247353561148196411e+10 7.510997222912322998e+10 1.329165356211277466e+11 1.043185690394814453e+11 -1.510860807893925190e+09 8.040856715302552795e+10 1.576509521041110535e+11 1.300736812317429962e+11 3.638397899589679718e+10 4.759474949567854881e+09 2.078313407282744598e+10 1.834521179815165100e+11 7.904574331717835999e+10 -6.273858330635937500e+11 2.243074936087761230e+11 1.333687707904858551e+11 1.505277082715984497e+11 2.506091479857504578e+11 2.160914891358406677e+11 2.054880774887157288e+11 8.956803524528985596e+10 1.077504981521393890e+11 3.124702424143410645e+11 1.988293746864154663e+11 2.509297059735215149e+11 2.388644504919459229e+11 2.014532946431266174e+11 3.251273281347860107e+11 -3.415315620591259766e+11 -6.950324403989456177e+10 1.671084177698645973e+10 1.207900611901137352e+09 3.489104549156929321e+11 5.692469384367445374e+10 -9.880997301697093964e+09 1.498877876749821854e+10 3.320967139928506088e+10 1.831351615922217712e+11 1.160751581465481720e+11 1.419366619337262573e+11 1.265917376959349213e+11 1.140186553834645233e+11 2.147894627314325562e+11 8.262713874139990234e+10 4.125859446920709229e+10 6.848655203905122375e+10 6.685251471399420929e+10 2.219957720888431549e+10 9.584187381691873169e+10 -1.367769320113150597e+10 -1.186068582331589966e+11 1.123666076076540833e+11 2.439483249723610840e+11 6.238142872068745422e+10 4.758252464198268890e+10 3.868220678579345703e+10 -4.406973633929531097e+10 1.742283864765691528e+11 1.156431890628032532e+11 1.578221740565634155e+11 1.372069682894158020e+11 1.809217706899565735e+11 -1.134758049961423874e+10 -1.168025159767685318e+10 3.744198195309315491e+10 2.312869821041284180e+10 3.376878903977730179e+10 1.107688390477423553e+11 1.841692642692710876e+10 -1.713757717657115746e+10 -1.676215932945509148e+10 1.043525473174913216e+10 4.028143540632003021e+10 -8.552025138067549706e+09 9.193892296493099976e+10 2.429380361436813354e+10 4.300454202293421173e+10
-4.996642192558699171e+05 -3.218345796436792007e+05 -2.583346372547904029e+05 -2.961525734487426816e+05 -1.276040204945514124e+05 1.640547804799375881e+05 1.666457925801802776e+05 -9.792698751776348217e+04 2.682126153551443713e+04 3.043080823468219023e+04 1.457009948063199699e+05 4.099546224136459641e+05 1.438960512943240348e+06 3.359487039853248862e+05 1.128053488326628722e+05 5.133120294296462816e+04 6.857024102535183192e+04 7.121358258672915690e+04 3.808932509561073675e+04 6.130313684302222828e+04 7.844977817078889348e+04 5.746936513257183105e+04 4.433832708388719038e+04 3.758712806747909781e+04 7.114444222538154281e+04 6.308086528105651814e+04 7.912538293620769400e+04 6.548379931011363078e+04 4.110243949765257275e+04 2.895022625246371535e+04 2.503640613806065812e+04 4.620913986126475356e+04 3.516364322754242312e+04 3.946958243965218571e+04 5.365402756427570421e+04 4.404715053147722210e+04 4.878586633056335268e+04 3.938233567502927326e+04 3.586705742355607799e+04 4.517137772695549211e+04 5.538904629978125013e+04 2.904848577535422373e+04 5.042651323764010158e+04 4.524568228593123786e+04 2.398315965842429432e+04 3.816739718893606914e+04 2.716516746903734384e+04 3.144583675206699991e+04 4.064219162295504066e+04 4.466907156827298604e+04 4.448513194454342010e+04 4.292482204047095001e+04 4.773215960147557780e+04 2.641567957364866015e+04 3.635961385538616014e+04 7.945759306184764404e+11 1.164290513921421631e+12 4.783988128511288452e+11 -2.974799884499515152e+10 2.662702483238981018e+11 2.351179898711884155e+11 1.818236152649752197e+11 3.647866608273989258e+11 -1.815184804548777466e+11 2.764124932156875000e+11 -1.239301887766418457e+12 2.249178297816517639e+11 1.252294380820952148e+11 -3.065916179518519592e+10 -1.884079199131800842e+10 3.309870364149140625e+11 -8.805910258609800720e+10 -6.997864996234654236e+10 1.176496073333528137e+11 -8.716812727438090820e+11 -4.544832579812882080e+11 -3.684700600741800690e+10 1.094935808540117035e+11 -2.549796609073432312e+11 4.461894049788821936e+08 3.181854640970971680e+10 1.339046165986464500e+10 1.699203050786869812e+11 -7.804292959632067871e+10 3.308156589536231613e+10 -9.761286135613676071e+09 3.461951802341196442e+10 -1.915519050133244629e+11 7.575549686768267822e+10 -6.989217447139993896e+11 7.864673015902896118e+10 5.634747781110250092e+10 6.603926027610471344e+10 1.550991795299541931e+11 1.061924710668987427e+11 1.159368830837705536e+11 5.600054562882598114e+10 9.669399587575880432e+10 5.043942997421388550e+11 1.467280027171298218e+11 1.569075779257621155e+11 1.201236414744585419e+11 1.090235445687913513e+11 1.153972587504603729e+11 1.261308921603177979e+12 5.033900011422570801e+11 1.909936463926409607e+11 1.811943353089673233e+10 4.924302831035480347e+11 1.806536531519436264e+10 1.324527901977250061e+11 5.389590362529808807e+10 9.408420496628434753e+10 3.594850323658223267e+11 9.348840295744879150e+10 1.391109684048723755e+11 1.065620449941884613e+11 1.412625683370055542e+11 1.932823114478677063e+11 4.677670320147593994e+11 3.086114150257358170e+10 1.324688082719720306e+11 1.409393313806602173e+11 9.416627377485758972e+10 1.623496108620432739e+11 9.673934336015092468e+10 -1.074103081149996948e+10 5.400235949417536163e+10 3.522040077500961914e+11 8.833547425844700623e+10 2.708618478323350525e+10 4.833655590710328674e+10 2.465534585519316101e+10 1.804150688928669128e+11 9.148988790463412476e+10 7.540932905717999268e+10 9.565236185668946838e+10 1.112266084689691162e+11 1.300541614368660278e+11 -1.041021127652363396e+10 4.069866693941406250e+10 6.250991573420556641e+10 9.433310242501414490e+10 8.402153146975457764e+10 1.106709954036364441e+11 1.476988077620081482e+11 -4.815461731707550049e+10 -2.412239401184476376e+09 1.927540345930385971e+10 1.445898614237471819e+09 5.198931792227951050e+10 6.206139726879010773e+10 5.824477190575104713e+09
1.231223453879528824e+05 -7.044749895948609628e+04 1.369921882627630257e+05 -8.654040072985576990e+04 1.632229599054290447e+05 1.262327267763196141e+05 5.051365511945529761e+03 6.258997193034625525e+04 1.659706519242268114e+05 1.285463627944665932e+05 1.131445974701586238e+05 1.359213704362357385e+05 3.359487039853248862e+05 1.246540731256898725e+06 2.465871118538086594e+05 9.046616291929366707e+04 9.327976539681928989e+04 1.082153016075892810e+05 8.587290958637498261e+04 1.305411655281482963e+05 9.873836623436948867e+04 8.624766149221544038e+04 7.182243294670271280e+04 7.197618438981853251e+04 7.001724767083466577e+04 8.014949803120370780e+04 8.135204781512224872e+04 8.964672990397296962e+04 4.985946785904877470e+04 6.423461641134507227e+04 7.347697158597469388e+04 5.370618230736044643e+04 6.211184170476129657e+04 7.634100461807292595e+04 6.980120326562007540e+04 7.304536403162917122e+04 7.075805105225511943e+04 7.377094353642073111e+04 4.398619038648500282e+04 5.617838971264913562e+04 6.819737048762434279e+04 5.530855911449976702e+04 4.032389470245465054e+04 6.093989903390019754e+04 4.863690466640808881e+04 6.498104283528900851e+04 4.610795577058590425e+04 4.915759132433115155e+04 6.047104974616914114e+04 6.270900952489914926e+04 6.024807005464351823e+04 4.181754677725441434e+04 6.448367057074275363e+04 5.918522785123561334e+04 5.691737003028465551e+04 -5.436593110447255249e+11 -1.497864475316077576e+11 2.325542533462476196e+11 -3.987273784465806580e+10 -2.860125101639700684e+12 -3.938001633351849976e+11 -3.461946063171154785e+11 1.177695249145020294e+11 -2.159278704962197876e+11 1.605669617229004517e+11 1.263754084562580414e+11 -1.633757014683403931e+11 2.767039579947091675e+11 2.418013702993376541e+10 -1.458910521681961775e+09 -4.294723266420114136e+10 3.714453106375792694e+10 5.155556609834066772e+10 8.137170891098141479e+10 4.228472860025181274e+11 -6.518008735569656982e+11 -4.919070947548483276e+10 -1.887737546647189331e+10 -1.347954073189617157e+11 -4.247530399169024658e+10 3.619706056614070892e+10 9.752257731346708679e+10 5.121086170337203217e+10 1.158743273927662468e+10 4.842507399467026520e+10 3.043885477493922424e+10 -1.978574242932711411e+10 -1.322061081449665833e+11 3.276890830063708115e+10 -2.560106144572076111e+11 5.787133737607240295e+10 3.672483778111737823e+10 -1.841229137393680954e+10 1.520122639770211792e+11 7.423748137529888916e+10 3.313604039000695801e+10 3.977495426130961609e+10 3.359503090761529541e+10 2.220884789818731079e+11 8.240353022575888062e+10 4.296728541145257568e+10 1.614375286829881859e+10 1.864068065081279373e+10 -1.305906432156648064e+10 3.303271064453843384e+11 3.044239925630082397e+11 1.707733551472503357e+11 7.096024040049095154e+10 4.423252181958492432e+11 1.191770965251348114e+11 1.314370122978176880e+11 6.578271056486054993e+10 1.567068901026200562e+11 1.117137253488054657e+11 9.574743731768743896e+10 1.225270905434571686e+11 1.005364009385738525e+11 1.016041530136708069e+11 6.593893937115184784e+10 3.893520122597791748e+11 1.779795176004430542e+11 2.075130434382930603e+11 1.939671499737637024e+11 1.704463797575365906e+11 1.501797169201680603e+11 2.447710319292412415e+11 -1.504146093315511780e+11 5.734727328459257507e+10 -1.067951914322729797e+11 5.819249981815593719e+10 2.733717035419600296e+10 1.940482881003965759e+10 -4.358893657596238403e+11 2.477620594774874496e+10 1.758131912601891327e+10 4.929807354095597076e+10 8.179337782705730438e+09 3.954217878149252415e+09 1.692708058075140686e+11 1.189998726541023865e+11 8.508906615132948303e+10 1.223499492053557281e+11 1.094298298875036163e+11 9.324618829934121704e+10 1.671776606640201111e+11 1.021620596001968231e+11 4.517749707715579224e+10 2.252465294094630432e+10 3.755855776804773712e+10 3.093659493489607239e+10 1.071451833984483910e+10 7.338602163231347656e+10 1.003958514272169876e+10
-4.382017921867388650e+05 -2.491535090206367313e+05 -4.319634730307263089e+05 5.365648564031835849e+04 1.346835083658396034e+05 1.359277413042040280e+04 1.069930913318762759e+05 6.948189195708373154e+04 1.328131230058788205e+05 1.436461689759494620e+05 4.029691790494597080e+04 1.131242028186847165e+05 1.128053488326628722e+05 2.465871118538086594e+05 9.655928552062667441e+05 2.441377226872047177e+05 1.032883759634381713e+05 8.758633995537224109e+04 6.793120759988746431e+04 6.324552881690769573e+04 1.081221862719308119e+05 6.215004451270270511e+04 3.688839982864976628e+04 4.265043606024485052e+04 6.867118918458920962e+04 6.527949757753388258e+04 5.910027810028046224e+04 6.630011481075707707e+04 6.525113911606736656e+04 7.483893448186128808e+04 6.407849722849924729e+04 6.918427274836941797e+04 7.118823575986604556e+04 5.881720212515314779e+04 5.334233783135918929e+04 5.011284597542825213e+04 7.353110276213893667e+04 4.705020054248949600e+04 5.366807508057709492e+04 4.849093609860591096e+04 5.444036520419832232e+04 5.773453291972514853e+04 4.341542895788671740e+04 4.108387272090361512e+04 5.576367755060113996e+04 4.994109544528934202e+04 4.684412816936290619e+04 4.231868563436727709e+04 4.560649231621546642e+04 5.248995546588885190e+04 4.668557080699718790e+04 5.534845128575262788e+04 5.734698733225441538e+04 5.626225096650756313e+04 4.944417950356850633e+04 -1.597353253834592773e+12 6.931654754478086853e+10 -3.736664626522292480e+11 1.077509705002385712e+11 -5.010081135629019165e+11 -2.127213660737948608e+11 -2.259190882909088440e+11 -1.607139067505946541e+10 -1.005044228162135010e+11 -8.230196003699824524e+10 6.370573769406148682e+11 7.756342870680860901e+10 -1.300110298507500458e+10 6.797408177477794647e+10 1.358117790082340050e+10 -3.626920104838670044e+11 5.607406984553838348e+10 -3.106056382644161606e+10 1.380247718392259216e+11 -5.095285240290169525e+10 -1.032146958957085876e+11 4.383964762571197510e+10 -3.707994528606300354e+10 -2.121336555288337708e+11 5.212469643495337677e+10 2.760081022932775116e+10 -3.232454140035270309e+10 -2.061854556255886230e+11 8.016508586209178925e+09 3.913274661242644787e+09 4.986215781590364456e+09 -2.422960694983990860e+10 -3.304244350592546387e+11 -1.054603484362830963e+11 -3.955370622277576904e+11 6.864975565894616699e+10 3.564574727948520660e+10 1.941679347703818130e+10 -6.320033496073063660e+10 4.231766778632036591e+10 2.336478843358412170e+10 2.727146792786279678e+10 6.838091056990406036e+10 -1.946197415075941467e+11 1.692075395254033470e+10 2.621979722937155962e+08 2.240207715572801590e+10 5.319049799460519409e+10 9.058441539522174835e+09 -1.852006864620426559e+10 1.049140930565571289e+11 7.971549629373870850e+10 6.059965491283811951e+10 -2.509326606581968994e+11 7.578297934359184265e+10 8.018619225927362061e+10 5.785800931733564758e+10 4.953496460387307739e+10 -1.114546983153858032e+11 7.191319870960366821e+10 6.273257786569211578e+10 5.254653140616429901e+10 4.132715817367594147e+10 3.928688766965230560e+10 -9.976605277442054749e+10 5.761294459673749542e+10 8.907661172274169922e+10 8.043957324437091064e+10 6.278129034252610016e+10 8.360423977127600098e+10 1.368117445334555511e+11 9.485555956477493286e+10 6.214217017895499420e+10 1.738727322736233215e+11 1.138538913202272034e+11 4.061501070174184418e+10 3.347152210300082779e+10 -3.117228870932092896e+11 1.247107596183519592e+11 4.507096686820298004e+10 9.070614358011674500e+10 5.823376476341415405e+10 5.320869958401447296e+10 7.602595937229855347e+10 1.005867526604476776e+11 6.449196936220265198e+10 9.379211870988334656e+10 7.150285313141677856e+10 8.218986521402653503e+10 1.108621741312605896e+11 -9.787515567569656372e+10 1.251551592483421936e+11 6.727160792257714081e+10 9.024559876858808899e+10 7.815818657505299377e+10 6.285413243800634766e+10 9.710268926830860901e+10 1.344181550607562866e+11
-5.203178280566224130e+05 -3.975653837102398975e+05 -2.951398079381599673e+05 -1.321699180394415162e+05 2.634830242063165497e+04 9.922403915410718764e+04 4.767264339470184495e+04 4.831449733846810886e+03 9.376270118121043197e+04 1.082099654429815128e+05 7.477819848259731953e+04 3.026781491033699058e+04 5.133120294296462816e+04 9.046616291929366707e+04 2.441377226872047177e+05 8.072603006052946439e+05 1.871239322661367769e+05 5.148327324904239504e+04 6.244484512529180211e+04 7.711710616979381302e+04 6.124542532418813062e+04 6.686250981587455317e+04 5.634519549664781516e+04 7.257621350391698070e+04 6.857215783251158427e+04 6.321303835185898060e+04 6.878840027776315401e+04 8.063123609997796302e+04 4.948719844196455961e+04 7.164714951188696432e+04 7.597625869371740555e+04 6.366725849731658673e+04 5.680874029126114328e+04 3.909611237620541215e+04 5.288485386871197989e+04 5.695952825953952561e+04 5.904933287777807709e+04 4.986353117998933885e+04 6.597505839581713371e+04 5.203904967666057928e+04 5.499250339905431611e+04 5.077829034724934172e+04 5.802946356148589257e+04 6.060468737911647622e+04 5.431822364783068770e+04 6.687995245590248669e+04 6.537477672119644558e+04 5.392523551054763811e+04 4.873737417346864095e+04 5.467487060984045092e+04 5.488011845645377616e+04 6.082961089578845713e+04 5.486280494988038117e+04 5.218231944572657085e+04 6.046621112626885588e+04 -6.649678585810446777e+11 9.795736054039567871e+11 -3.868296378152398071e+11 -1.509195856133661804e+11 -9.835578649420455322e+11 -1.099524242303366852e+11 -1.166423081977893066e+11 1.462075687249169006e+11 -1.654696138658493958e+11 -2.227134620113681030e+10 8.277105712308431396e+11 7.611788600120356750e+10 -5.326290427767376900e+09 -2.659103234632024002e+10 2.105142378762793350e+10 -1.274821859186380310e+11 -2.489139116162155914e+10 3.283518197593489838e+10 4.636083008250614929e+10 5.517201505934605713e+11 7.020120122750959778e+10 -6.966902954707135010e+10 2.944586388704901886e+10 -1.156213586178808289e+11 -5.412838035780825043e+10 2.163435350080445099e+10 -2.269015844537960815e+10 -1.071154594172705536e+11 5.634858847098989868e+10 -4.819877078076140404e+09 -4.267182351798083782e+09 -2.340875672815964222e+09 2.080952032352437134e+11 6.862177923601869202e+10 -1.691240796808685913e+11 2.816328782904038239e+10 3.107934891488170624e+09 -7.620080538824010849e+09 -7.345243984377110291e+10 1.729510719285705185e+10 7.828257796771223068e+09 -1.006083437894552803e+10 3.444829390292847633e+09 -2.122235065743368225e+11 -3.930914683986009598e+09 -1.045804797721597481e+10 -9.290510566223665237e+09 1.250369325875403023e+10 -1.033490745261623383e+10 2.182686803153810425e+11 -3.758647661608654785e+10 5.103974560878081512e+10 1.609258687727624130e+10 -7.167064246365180664e+11 3.036186290194654846e+10 1.399001092468083572e+10 1.039386029547685814e+10 5.023115004030612946e+09 -1.294974721963774261e+11 -6.190193093706995964e+09 2.096144934501548004e+10 1.591235989880420303e+10 7.412876392672954559e+09 -7.141741521741023064e+09 -1.459889747209107361e+11 -3.025205552899872208e+10 4.984016282326658249e+09 2.293131488342425156e+10 2.435049410778289032e+10 2.556639144970741272e+10 7.121957370313627625e+10 -6.275142843405016327e+10 -4.836852212772170258e+10 2.803002690279201050e+11 4.578759808999337006e+10 8.085723711206750488e+10 7.219697110146903992e+10 -2.103408852567080688e+11 1.001954083115519257e+11 2.646051146368579483e+10 6.934970560774868774e+10 7.151871884705302429e+10 5.853713923140007019e+10 -4.871828898985925293e+10 5.037532783094441223e+10 5.209486813611878967e+10 6.189715161381211090e+10 7.234998412711367798e+10 6.997621781840768433e+10 7.072184431645712280e+10 -4.421511311377541351e+10 8.291849921816464233e+10 9.711278762339581299e+10 1.081557337612703705e+11 1.224688628226616211e+11 9.403845479333139038e+10 1.063899661615562439e+11 1.724935938178808289e+11
-1.355380933181613684e+06 -6.689210914079684298e+05 -7.316471070925284585e+04 -2.590339268453487966e+04 2.339892948886318118e+04 1.282144556848461252e+04 1.214184517948754074e+05 1.622130819502723461e+05 -3.091140756784947371e+04 4.944805148923687375e+04 9.259688930178171722e+04 1.196780723213996680e+04 6.857024102535183192e+04 9.327976539681928989e+04 1.032883759634381713e+05 1.871239322661367769e+05 7.206853091744574485e+05 1.720746058850689151e+05 9.470694652752704860e+04 8.605808890561900625e+04 6.563039363959596085e+04 9.012427540492489061e+04 9.242127664071213803e+04 3.408700438169223344e+04 4.094273227848417446e+04 5.893924788550922676e+04 6.762730691760120681e+04 6.415407131851571467e+04 7.982575228792008420e+04 7.558981492295706994e+04 7.136079959408601280e+04 6.693350966527470155e+04 5.617272537288001331e+04 5.053202858681471116e+04 6.806726458121843461e+04 6.021585013578990038e+04 5.547043037942985393e+04 5.872558686213580222e+04 4.800805488604427228e+04 5.564160210538959655e+04 5.339416917094289965e+04 6.391489308405498014e+04 5.140257794261778326e+04 6.080914719687796605e+04 4.119156771752979694e+04 5.041535626485634566e+04 5.450666438286070479e+04 5.050919480815141287e+04 3.974473773489867017e+04 4.858940861981108901e+04 5.182490401812919299e+04 5.993237548453527415e+04 4.997039219437373686e+04 5.548878548470926762e+04 5.230056568877173413e+04 -1.014865080088703308e+11 2.331261319990053101e+11 -1.140711041843358307e+11 -3.607454034034196472e+10 -1.764419297708174805e+12 -2.295479993284539490e+11 -2.124894310026533203e+11 1.742076055319084778e+11 -7.405152074407865906e+10 5.032724855177219391e+10 -2.981367605726361084e+11 -8.165377645120021057e+10 -2.930358556490995789e+10 -3.156447788632570648e+10 2.938198946412514877e+10 -5.716543403365522003e+10 -3.087612343832877350e+10 -5.641577784633045197e+09 4.639598964568439484e+10 6.833952618599301758e+11 -2.690843488924725952e+11 -1.656017405299656677e+10 2.914803576172378922e+10 -1.693710362090905151e+11 1.324594379562931633e+10 -4.468261452732689857e+09 -2.159125106172127151e+10 7.234115535269371033e+09 -1.647982830665575409e+10 -4.557231114374256134e+10 3.827315111194808960e+10 -4.526970693907696533e+10 3.356865859230599213e+10 1.130351588932823792e+11 -6.201632126276641846e+11 1.134322612617851067e+10 4.666698990637534332e+10 -2.961578982375536346e+10 1.287024688478153229e+10 -1.551744060824338722e+10 -3.150934050732107925e+10 1.285929190322793579e+10 2.222515661810309982e+10 -8.718160266078691483e+09 -1.638842707885407925e+09 -7.622681602664017677e+09 7.358964833137708664e+09 2.393295188097337341e+10 -3.443009785859432983e+10 1.669942878355346680e+11 -2.250203042408335266e+11 1.368042285839237571e+08 -3.432330496704578018e+10 -2.847164519501234741e+11 2.788236939547251511e+10 4.438737118771955872e+10 4.872697722951375961e+09 2.442871899655509186e+10 -3.416316650748180389e+10 7.836568419178877831e+09 2.878546288893678284e+10 2.102324724819275665e+10 8.125402762140587807e+09 1.284624981377362061e+10 2.170923967519968987e+09 -1.134319166276135445e+10 2.127898061375762558e+10 4.283093600389234161e+10 2.423732980751409149e+10 3.156393378893003082e+10 1.413585272053309631e+10 -1.276157951215114899e+11 -2.955891664162580490e+09 2.564030604182586365e+11 1.213639094562727165e+10 4.154421714953637695e+10 4.643906074669914246e+10 1.085429547005704498e+11 3.938835407084933472e+10 1.411580027449861717e+10 6.041170813513398743e+10 2.479357287730962372e+10 3.035097494349615479e+10 3.528320022723251343e+09 4.675966148185369110e+10 4.297278539486009979e+10 2.886683941310788345e+10 4.089472572811368561e+10 4.381113688788237000e+10 5.645736789040995789e+10 1.759147941243581390e+10 6.939959643591551208e+10 6.428191416182268524e+10 3.469904569880792236e+10 4.556568969444572449e+10 5.986582513717438507e+10 5.488865014278667450e+10 1.050012221727886810e+11
-1.578411666425118223e+06 -3.220518076452618116e+05 -3.700461620335241896e+05 2.777863050534914510e+04 7.733413867417591973e+04 3.182499463295554597e+04 -1.614834600547270838e+03 6.131577046735493786e+04 7.676213421020409442e+04 5.468241485755030590e+04 5.338641775209584011e+04 5.347497064094492816e+04 7.121358258672915690e+04 1.082153016075892810e+05 8.758633995537224109e+04 5.148327324904239504e+04 1.720746058850689151e+05 6.076355822813709965e+05 1.665940425250192056e+05 7.455414006198143761e+04 8.562080164737770974e+04 8.812667067922229762e+04 6.652427723250217969e+04 6.834831408637788263e+04 5.696350426994595182e+04 6.914328132524968532e+04 7.786906447046168614e+04 6.881511033813758695e+04 5.200343133325538656e+04 5.759636830340310553e+04 7.462261958874303673e+04 7.307736086490972957e+04 5.877874285283072822e+04 4.921838734512859082e+04 5.241854798917176231e+04 4.139681565662819048e+04 5.398837473405215133e+04 4.943380605260634184e+04 5.402797404903916322e+04 5.916799368170856906e+04 6.004692932689331792e+04 5.289905226973017125e+04 4.939649765013132128e+04 5.088472701538514957e+04 5.103037502610618685e+04 5.714590723002065351e+04 4.811891441290005605e+04 4.516208868590661586e+04 6.103297667734104471e+04 4.763391300025195960e+04 4.269352050379139837e+04 5.829644854541420500e+04 5.440584115902875055e+04 6.417014092920615076e+04 6.107307362849714991e+04 -4.148666208148109131e+11 1.001626037431088562e+11 -2.518201162381913452e+11 -2.461002111181598206e+11 -8.775112837973376465e+11 -2.215127101036912842e+11 -2.381272137632196350e+11 1.639602751755655518e+11 -1.373877522479619598e+11 2.527388861314303970e+10 1.888134320153080444e+11 -2.362504087123201904e+11 -6.801966843862773132e+10 -6.189253524919134521e+10 -7.967007736710169983e+10 -5.706185633803060532e+09 1.934655005272403717e+10 -2.848313146292851448e+09 5.134108974250542450e+10 1.307779355610564575e+11 1.246766315941766205e+11 6.993653738135527039e+10 6.022642390664547729e+10 -1.082879889287279968e+11 3.028426991794318771e+10 7.072800586714861870e+09 5.372070212679328918e+10 -2.877543254902228165e+10 2.861794541245100498e+09 -5.179711204659684753e+10 4.753899774173548222e+08 -3.852611168522853851e+10 -2.590336077966161194e+11 -2.517130429845296478e+10 -5.170176864282579956e+11 5.540968701748594666e+10 -1.467757631090316772e+09 2.183923012004135513e+10 -2.985254777383586121e+10 4.099312454832685947e+09 -1.947792058737794495e+10 1.168082132959856796e+10 3.949106926441045284e+09 2.608724632947724819e+09 1.838652543349952316e+10 3.443666298308528423e+09 -1.726393268444295120e+10 -2.378828151154127598e+09 3.916244019897306061e+10 1.098612456832226753e+09 6.612849438783069611e+10 6.958659736082263947e+09 -2.904852389472856903e+10 7.065559139496446228e+10 1.136406519375471878e+10 1.832597912203113174e+10 1.186544890434026337e+10 -8.830841500799596786e+09 -4.742514928353043365e+10 8.166929308312280655e+09 7.829779913775207520e+09 5.005459819122022629e+09 6.344278230938663483e+09 6.426024569703332901e+09 -3.555773050675018311e+10 -2.430329082347438049e+10 -9.794096540012267828e+08 6.425888249108559608e+09 -1.170821201979438782e+10 3.205344346457333755e+10 1.264308112257503700e+10 1.463607430459312134e+11 -8.861303052155054092e+09 -3.304728103775017166e+10 2.179065239344773483e+10 2.012581757854975128e+10 -2.837423230786899924e+08 -6.998368032192662048e+10 3.725856532496389008e+10 -2.684240582686012268e+10 3.118289553547863388e+10 6.902016854758976936e+09 3.238381340095721436e+10 -6.057088200189820862e+10 -1.660360930360978508e+10 -1.215534312320156097e+10 9.233974276722631454e+09 1.188203015115294647e+10 1.198055597529398537e+10 1.239869549538994980e+10 -1.795960057246387005e+08 -4.788945906427127838e+10 3.856725973101940632e+09 9.202426749633155823e+09 -9.439214808398418427e+08 -2.595550473029711246e+09 -1.372383577530039847e+08 5.423845812463048846e+07
-3.461682222201472032e+05 -3.215731771588426782e+05 1.959049249966558818e+03 -9.987736456447963428e+04 8.320563246106152633e+01 3.319271325721033645e+04 1.462965177206826338e+05 1.056045968639694329e+05 2.224021128265618609e+04 1.123128918643941433e+05 5.890791229440426105e+04 2.133858631542674993e+04 3.808932509561073675e+04 8.587290958637498261e+04 6.793120759988746431e+04 6.244484512529180211e+04 9.470694652752704860e+04 1.665940425250192056e+05 5.805005961081922287e+05 1.422597930289498472e+05 9.138617204979006783e+04 7.232443636188188975e+04 1.015231154908868775e+05 5.717285683736862120e+04 3.897736489367392642e+04 5.121006166487581504e+04 5.663297122939345718e+04 7.270831160843557154e+04 5.851816125249955076e+04 6.040254792568593257e+04 4.986828469408275851e+04 4.876869155132425658e+04 4.682679611354079680e+04 4.545302449884112139e+04 4.461057080637374747e+04 4.246086735962818784e+04 5.123820951909965515e+04 3.829503792163353501e+04 2.714933598426843309e+04 4.683126831323707302e+04 4.152420148996213538e+04 4.276319549238396576e+04 2.999275397102131683e+04 4.458024912738664716e+04 3.538531328585031588e+04 4.770701668830399285e+04 3.579718839666474378e+04 3.140324381367841488e+04 4.627930054433240730e+04 3.982154340897488873e+04 3.907758510628452495e+04 4.193219240232958691e+04 3.122722771992745402e+04 5.012123901128177386e+04 3.854509168174326624e+04 -7.348630033849437256e+11 -1.735506052835398865e+11 -1.246636296613042908e+11 8.574368705339257812e+10 -1.199320760143881989e+11 -2.720524694935755539e+10 -7.664620813315498352e+10 2.430867350760520020e+11 -1.595270661018303528e+11 -6.169983341282493591e+09 2.436345689788670959e+11 5.776639687184178162e+10 3.114697837500239944e+10 1.424412340405488586e+10 9.782678752945985794e+09 5.842631336590206146e+10 3.747471131645089722e+10 9.888037929049272537e+09 8.656674270258018494e+10 -3.883493233956496582e+11 2.226115823920201492e+10 7.233163345924597168e+10 8.961096406078691101e+10 -6.570512262455626678e+10 5.320936422624572754e+10 1.291470320444153404e+10 7.018719391560934067e+09 -7.512712385776784897e+09 6.177852110332839966e+10 -9.354292010472833633e+09 4.082068589972793579e+10 1.319066374504362869e+10 3.195082872206520386e+11 1.726715969201788712e+10 -2.421481546667189026e+10 2.239058927145789337e+10 -1.181292227078712463e+09 9.313087112866939545e+09 -9.448835050279995728e+10 3.761884900808032990e+10 6.934592268053151131e+09 -7.141677466404542923e+09 -6.923963459466935158e+09 7.251070936530358791e+08 -1.006047402853438759e+10 -6.382572007854640007e+09 1.602517821842092705e+10 7.950612783978566170e+09 4.403378455026921844e+10 2.297437393133710098e+10 5.533551153591139221e+10 5.028451090468911743e+10 2.692066065289949417e+10 7.906668732009164429e+10 7.908777685343923569e+09 1.727294660155400467e+10 2.373258885010645676e+10 9.882162047646610260e+09 -3.761263847859081268e+10 -1.767195254963772583e+10 7.202133712157020569e+08 1.299791955563356590e+10 1.050874964525600243e+10 3.054217173743375397e+10 -7.257248624163077354e+09 -4.159489482200062275e+09 1.157212147650477409e+10 -6.873658012829545021e+09 7.387604814854043007e+09 1.857541930091007233e+10 4.099159836747028351e+10 1.061891726421844940e+11 3.061499476572914124e+10 -3.637112150638502502e+10 6.992974523063745499e+09 4.453018172558995819e+10 9.678625982599313736e+09 -8.505649059191964722e+10 -3.969293695742812347e+10 -2.567937702050807953e+10 2.450236190275390625e+10 -3.628477501474442482e+09 3.289397303521336746e+10 9.422423562693920135e+09 -8.362913951068470478e+08 2.577235873434224701e+10 2.869859396987680054e+10 1.456337903246218872e+10 9.249517039468326569e+09 2.198801101240391159e+10 7.842963760988125610e+10 5.618694185992100525e+10 4.312206632991825867e+10 3.958184832845867157e+10 1.946715171309913254e+10 1.879085457427138567e+09 9.299582297752096176e+09 1.216382945705437899e+09
-5.056758881156356074e+05 -3.884790081364508369e+05 1.415934011682488490e+05 1.900590630992712977e+04 8.560504948825282918e+04 -5.641051062430981983e+04 7.284334577190568962e+04 8.967254143136982748e+04 1.030268003320170683e+05 1.401843330532055406e+05 2.109841438890648351e+04 2.960461090246251479e+04 6.130313684302222828e+04 1.305411655281482963e+05 6.324552881690769573e+04 7.711710616979381302e+04 8.605808890561900625e+04 7.455414006198143761e+04 1.422597930289498472e+05 4.532695938914850703e+05 1.026231372905884491e+05 5.127589708679870819e+04 6.797224404925529961e+04 5.694509326196364418e+04 5.896012737771414686e+04 5.417415927709546668e+04 5.170167028117719747e+04 2.740457098328015127e+04 4.566431751695934508e+04 4.045467643292755383e+04 5.812707037761688116e+04 4.377776112995563744e+04 4.067403275715756172e+04 4.082302014466907713e+04 3.854240662730063195e+04 3.332071061911373545e+04 4.394688861835809803e+04 3.903572953727115237e+04 4.199864857945687254e+04 3.745594580226857215e+04 3.417596210320281534e+04 3.878651028771838901e+04 2.996140905018689227e+04 2.494372706555431432e+04 2.516653828100757528e+04 3.866499732151488570e+04 3.720296521265452611e+04 3.123394757244353241e+04 3.561094173051273538e+04 3.475482435769167932e+04 3.667778461055830121e+04 3.669478197623993037e+04 2.869914746293999269e+04 3.228724855446020592e+04 3.253876445035464712e+04 -1.382574594809713135e+12 -2.095433449456695251e+11 1.782685632413309326e+11 -5.407368466975727081e+10 9.867968915577254639e+11 1.754837811115349579e+10 -1.107174674380637207e+11 4.562730018669272614e+10 -1.201074951215857697e+11 -1.373944064915625763e+11 -1.324492976651876831e+10 7.312494095365032959e+10 1.703683871651553955e+11 4.223364894712039948e+10 3.272333719494604874e+10 -3.057896105361492538e+10 3.291812612704404449e+10 -3.301983690370455933e+10 -2.015372817975643635e+09 1.448432153598866272e+11 -2.392785054767597351e+11 6.424244373128384399e+10 6.798054485145040131e+10 -1.100344380989547882e+11 -4.918887441328351974e+09 -1.001098459236966324e+10 1.700944460027605629e+10 -8.423600071713369751e+10 2.712756883172763062e+10 -2.150385943851860046e+10 2.441719012180364609e+10 3.377247839352908325e+10 1.000628129499176483e+11 1.420049739507304077e+11 3.963490860297214508e+10 5.472943354281088257e+10 3.294534388255793381e+10 3.959676514819839597e+08 4.604019713728378296e+10 5.288828055321501160e+10 1.173058772346205139e+10 -1.757678466329660797e+10 1.792786738613061523e+10 -1.062096204966204987e+11 1.509991341323065186e+10 -1.212144852864663315e+10 1.918612728491799927e+10 -1.421843967308724642e+09 3.996673291269837189e+10 1.784015910744659424e+11 2.955198705755070190e+11 1.329162663013401222e+10 1.592217443307722664e+10 2.927517631432286377e+11 4.092759315705223846e+10 2.071545192318774796e+10 2.403008972950577164e+10 8.028846751126994133e+09 6.316407124731579590e+10 2.308930508594743347e+10 -1.024615206677959204e+09 1.489377849384567070e+10 2.718344300897607040e+10 3.001883388325750351e+10 2.992110576911737061e+10 -3.199112540817549896e+10 3.371650983896058655e+10 2.615694616354952240e+10 3.424140795386222839e+10 2.401737764062700272e+10 1.507521900168148422e+10 -5.954249429516265869e+09 -9.034173535729646683e+09 -2.652351977763531494e+10 1.847110041036895752e+10 3.116552590751520157e+10 1.128701078202057266e+10 1.563020868982474060e+11 1.229517417489502335e+10 2.248325831303399086e+09 1.862251702074956894e+10 1.495877387173310089e+10 7.102017263021136284e+09 3.106103680366940689e+10 3.544676387365705872e+10 6.276440269068066597e+09 1.072071932811886787e+10 3.056730359109079361e+10 2.123260694883085251e+10 -2.949963582733693123e+08 -7.941181723353572083e+10 9.294037209735559464e+09 9.036097492763214111e+09 2.107678313055363464e+10 1.672536560222425079e+10 -2.944841587071984291e+09 1.541271831516936302e+10 2.598582597112520218e+10
-1.573932858612975979e+05 -1.022787282129496743e+05 1.396583990247518523e+05 5.217220765183357435e+04 1.106727870831823966e+05 -1.040085633136377965e+03 1.143265869174003310e+05 1.267382294125203480e+05 2.154088440963217727e+04 1.099183625256669475e+05 4.630433324545687356e+04 5.304479461548889958e+04 7.844977817078889348e+04 9.873836623436948867e+04 1.081221862719308119e+05 6.124542532418813062e+04 6.563039363959596085e+04 8.562080164737770974e+04 9.138617204979006783e+04 1.026231372905884491e+05 4.253992226600502036e+05 1.447243790516472072e+05 8.372049964541551890e+04 5.665963664388605685e+04 6.581443854717350041e+04 5.958441277570154489e+04 5.440602613559849851e+04 4.837287144120615994e+04 5.954045045098189439e+04 5.651002190346969292e+04 5.744821240141237649e+04 4.953668008656577149e+04 5.373100800835057453e+04 4.609598148815966852e+04 4.780333827052054403e+04 4.847286617507440678e+04 6.508315399471383716e+04 4.390044910555597016e+04 4.687991410927206016e+04 4.962420391358203779e+04 4.800509862949082890e+04 4.604109679487032554e+04 4.797545995853873319e+04 5.199098442062206595e+04 4.142508781032766274e+04 5.357258328913098376e+04 5.191802344761698623e+04 5.218980178877704748e+04 3.871437515445629106e+04 4.336999362118820864e+04 4.313620217699366185e+04 5.448316259692535823e+04 4.645610948376703163e+04 4.922591307926856098e+04 5.121717095416899247e+04 -5.305179674656174927e+11 4.878711071934258423e+11 -5.207133952502897644e+10 -2.930064603628657837e+11 -5.656072522771212158e+11 4.554910641045166779e+10 -4.146436049413108063e+10 -2.229076790448646927e+10 -9.955985851553405762e+10 -9.505352534970050049e+10 2.896584268043173828e+11 5.066808527273856354e+10 1.495179135806427612e+11 3.315343021551043701e+10 5.977188855446524620e+09 -1.384179452260837402e+11 -5.256450994218579292e+09 -5.894416632571594715e+08 3.069053422679422760e+10 3.013149723426480713e+11 -2.327396178457892227e+10 5.810468750398122406e+10 -2.980725889240354538e+09 -2.333609620254265213e+10 -2.069733103115063858e+10 -3.763804846984526062e+10 -2.135190653736468124e+10 -1.104422950096323395e+11 -1.288698333020469475e+10 3.412394204061309052e+10 1.377096395510350227e+10 -2.995950226445785141e+10 2.935406534895531006e+11 -5.925710090546286011e+10 4.419271336331663513e+10 -6.397660632460559845e+09 4.603956617737690735e+10 1.872738743209828186e+10 -1.923306782661547470e+10 5.089451062914584351e+10 1.213250664239925003e+10 5.039476150171354294e+09 -2.266741723029340744e+09 -9.033648694772290039e+10 1.315261130186700439e+10 8.492265608255051374e+08 2.052749129655955124e+10 -1.160177693784997368e+10 6.449958719815665245e+09 -3.054138072040466919e+11 -1.354831807493740997e+11 2.474361816424840546e+10 -4.839017909470134377e+08 -1.591345951900872498e+11 4.871596334035648346e+10 5.094530284704096222e+10 1.933968042727972412e+10 2.437757920188900375e+10 -1.397081345718110275e+10 2.164927133322671127e+10 1.262934351550380898e+10 1.263272228703688049e+10 1.271893249069952774e+10 3.381249806070986176e+10 1.500027006696669388e+10 1.892356084324721909e+10 1.223957857730500793e+10 2.092139852931210709e+10 2.042841548856729889e+10 2.688569171458605576e+10 4.409206201332848358e+10 1.781765833387406006e+11 6.201487358176313782e+10 1.656711398644027519e+10 2.346011009900076389e+09 3.123730729202730942e+10 3.340115475559407234e+09 -1.305296080477042694e+11 6.041370675621494293e+10 1.969372174978756332e+10 1.798439031479229736e+10 3.357309550734616756e+09 1.989200105473984909e+10 3.685323045498094177e+10 1.715620477593966484e+10 9.527089874759565353e+09 1.278345627287953758e+10 2.555657709621712112e+10 1.914892671273133850e+10 2.550813133723812866e+10 -2.286855649488944626e+10 7.312887512875307083e+09 1.397652044984960365e+10 5.430791470939369202e+09 3.239634460161302567e+10 1.269343982423960876e+10 1.025167644846976662e+10 8.913300592121309280e+09
-1.234245304955667350e+06 -4.231100123828029609e+05 5.128124019244135707e+04 7.050008225750380370e+04 1.573672826212169020e+05 -9.506107397017092808e+03 8.716551154286855308e+04 7.304737580895134306e+04 4.539912143326005753e+04 4.419791820970537083e+04 5.865984756454698072e+04 3.820090353885682998e+04 5.746936513257183105e+04 8.624766149221544038e+04 6.215004451270270511e+04 6.686250981587455317e+04 9.012427540492489061e+04 8.812667067922229762e+04 7.232443636188188975e+04 5.127589708679870819e+04 1.447243790516472072e+05 4.318630613044057973e+05 1.481532799484003335e+05 5.763751776201980829e+04 6.296977497676692292e+04 6.015432813334056846e+04 6.801782028505559720e+04 6.690914756233619119e+04 5.784091433383517870e+04 6.691004441540506377e+04 5.173011652182088437e+04 6.194735785976557963e+04 6.652468017067147593e+04 6.619778171406697948e+04 5.593136472073147888e+04 5.476764693339367659e+04 5.429320545824698638e+04 4.131949126643610361e+04 4.993080250023368717e+04 5.456702332609464793e+04 5.540880161871100427e+04 5.175426942721895466e+04 4.523444961336519191e+04 5.120502097742119804e+04 4.826118816907608561e+04 5.741975613302725833e+04 5.570363781214348273e+04 5.503903575836090022e+04 4.426358697465746809e+04 5.009002523173257941e+04 5.297873579629556480e+04 6.343895472872861865e+04 5.182705317720767925e+04 5.241736341864171118e+04 5.192959787322968623e+04 -9.151059139609226074e+11 -2.134544528992292786e+11 -1.502264717515821533e+11 9.664944697896806335e+10 -1.934225742540475830e+12 -2.857647035356398926e+11 -1.484373753803315735e+10 -6.859490706598078918e+10 -1.052205846749476318e+11 -2.833238404686240673e+09 -9.778659198106672668e+10 -4.355973374596436501e+09 -4.492865700363059998e+10 2.637656137967348862e+10 -2.145623258456042099e+10 -2.059040047133595581e+11 1.691612810630909729e+10 2.195267556090192413e+10 3.966576920334530640e+10 1.940700463486213989e+11 -3.954627884532904816e+10 -9.816596865134162903e+10 1.600340802154429245e+10 -5.173640870178807831e+10 -3.114731146623927689e+10 -6.990133304065589607e+07 -2.296194356412010574e+10 -2.547648454367644787e+09 2.056177824824558640e+10 7.463764797466313171e+10 8.432803198504244804e+09 -2.383969075527213669e+10 1.699235315830606079e+11 -6.704532331154438782e+10 -3.892644121802449341e+11 1.797526220189241791e+10 -1.359263221391236067e+09 1.830398614158668137e+10 -8.189420648957934380e+09 3.491414387365670204e+09 -1.379232137107939911e+10 3.060879204452851415e+08 -1.455686585951207352e+10 -1.256799786051236267e+11 5.536737553115826416e+10 -3.214971389648619175e+09 -5.502071826990525246e+09 -1.896517492196108246e+10 -5.125489113720329285e+09 1.467343912763620605e+11 1.196527238837952271e+11 1.537287064366439056e+10 2.011092580921708298e+10 -1.763485056858923950e+11 6.911882808587744141e+10 3.717405508754740906e+10 1.221802322022538185e+10 2.028304543913970184e+10 -1.151006049128547668e+10 2.321225543777660370e+10 1.685583019623486757e+09 2.653043445406853199e+09 -1.474738696313630295e+10 3.252985184261489868e+09 -3.660551498665435028e+10 1.627589341382248688e+10 -1.154230225835323143e+10 -4.569446880460265160e+09 7.857605984834522247e+09 2.016500402561289215e+10 1.887597285601377487e+10 -1.848964931605085611e+09 9.039084340712492371e+10 8.434602503208760071e+10 -4.350546177209948540e+09 1.078972103436941910e+10 -4.551089678379570961e+09 -1.198930808662511902e+11 6.614720717763577271e+10 -8.677433600776924133e+09 3.838256087156929016e+09 -8.867482344143804550e+09 2.461511770334519577e+10 -1.223091142144614029e+10 2.641414872939318848e+10 5.641833923849233627e+09 2.924679916062328339e+09 8.330005550182808876e+09 2.388602591614824295e+10 1.242121275450197220e+09 -8.414396197125013733e+10 3.387192709433443832e+10 1.040648985553339005e+10 -3.493262769880648613e+09 2.178288070775267410e+10 1.124420276934616661e+10 5.768875969883236885e+09 -2.233773420268823504e+08
-3.112975842551503592e+04 -6.106604367411712155e+04 1.870740740059536765e+05 1.081363309780923009e+05 4.992679868674041791e+04 -8.479491749731836535e+03 -1.790859259134038803e+04 4.319177971549532231e+04 6.481600500088332046e+04 3.167367350124911536e+04 8.206774316361134697e+04 4.884278716329673625e+04 4.433832708388719038e+04 7.182243294670271280e+04 3.688839982864976628e+04 5.634519549664781516e+04 9.242127664071213803e+04 6.652427723250217969e+04 1.015231154908868775e+05 6.797224404925529961e+04 8.372049964541551890e+04 1.481532799484003335e+05 3.838234828084914479e+05 1.109494282098729163e+05 5.496697492392305867e+04 5.971080044965808338e+04 5.664320721596352087e+04 6.534497859564809187e+04 6.311839534086663480e+04 5.894019044740802201e+04 5.693326901224148605e+04 6.050882446348724625e+04 6.695007345308690856e+04 5.622241748430061853e+04 6.130263376127298397e+04 5.815428332135364326e+04 5.708739529975689948e+04 4.299079435704332718e+04 4.387106981198367430e+04 5.353289956741555216e+04 5.032337123802856513e+04 5.815980423814951791e+04 4.337945178629642760e+04 5.420563721379307390e+04 5.151323213963304443e+04 5.225138131487438659e+04 4.824173213955368556e+04 5.130445490322155820e+04 4.234374371964390593e+04 5.213020696615646739e+04 4.947889572604760178e+04 6.317669087380904966e+04 5.395886064280042774e+04 5.820664670334607217e+04 5.220388830268106540e+04 4.794068524074754639e+11 3.100511332765809326e+11 3.340257913533149414e+11 -1.312538178202243195e+11 -5.057858452901376343e+10 -7.357376887837933350e+10 -8.613502551795545959e+10 3.031793376020715332e+10 -1.266557603682361450e+11 -2.922090613255482864e+10 2.031587972035900879e+11 1.963070235375406494e+11 -9.697252084800727844e+10 1.038957440670611978e+09 3.709820197417417169e+08 -1.318754132179445190e+11 1.883654465824293518e+10 1.533399071423946571e+10 -6.879378790480861664e+09 -1.423270455336779175e+11 -3.183151784316544189e+11 -1.043125016623902321e+10 2.765336948361015701e+10 -4.899914933469493866e+10 -1.113631704111498117e+09 9.200413124896575928e+09 -3.204648232646889114e+10 -1.819229463488243103e+10 5.699908770221234894e+10 2.868362496347737122e+10 1.752875654434919739e+10 -2.496738802688956833e+10 1.112988139278928680e+11 4.321571437913300323e+10 4.878672905376506805e+10 5.634643649452951813e+10 3.274339401502619171e+10 1.580939858121761322e+10 -8.939740237278699875e+09 4.396475814620310211e+10 -9.868878530470060349e+09 -1.073140329243790054e+10 6.299719623170461655e+09 -1.216378438709725342e+11 5.951668393371300507e+10 -5.877519535092751312e+10 -3.181139488426647568e+10 -1.603938912258805275e+10 5.687156126315167427e+09 -1.394893903507912598e+11 9.561555722714521790e+10 -1.666160129361396217e+10 9.926589426016231537e+09 -5.382201639171186447e+09 9.364945122934280396e+10 1.984816028189436722e+10 8.049024043250263214e+09 -7.510722304975939751e+09 -2.790449038421351624e+10 4.377540833671363068e+10 -1.196085145062242126e+10 1.896797383714558840e+09 -6.069609791350019455e+09 5.622237605155976295e+09 -7.115387945911407471e+10 -1.771935886909880829e+10 4.802038190020174980e+09 7.846657634769534692e+06 9.635098283002767563e+09 8.891892263741264343e+09 -1.033050198576013446e+09 7.045882560858401489e+10 4.422719830571035004e+10 1.594049427190646667e+11 -1.397159580386642838e+10 1.208079070646645069e+09 1.168866584950424576e+10 3.132158178489818096e+09 3.289083347348693466e+10 -1.333767967618576622e+10 3.534020057402601242e+09 -2.917486419592201233e+09 1.190410172488352013e+10 -5.042325429374902344e+10 1.006438191086157227e+10 -1.671318732744158268e+09 9.817000283061274290e+08 -7.491248341906263351e+09 2.310713588259765625e+10 1.383174737430568504e+10 -2.289988394759188080e+10 1.977404415381280899e+10 -3.931705186260438442e+09 3.337230349674264908e+09 1.585145140111053085e+10 1.699520957937975311e+10 1.296718844441835213e+10 1.895874799711141205e+10
-1.834048572377271485e+05 -1.570120572744761303e+05 4.316050742045666993e+04 5.107783037035531015e+04 3.912894635869761260e+04 -3.926019370232001529e+04 -3.342052966510162514e+04 -2.579843079336565643e+04 8.021113985356349440e+04 3.684814805666308530e+04 4.155261287390711368e+04 5.407801693028234149e+04 3.758712806747909781e+04 7.197618438981853251e+04 4.265043606024485052e+04 7.257621350391698070e+04 3.408700438169223344e+04 6.834831408637788263e+04 5.717285683736862120e+04 5.694509326196364418e+04 5.665963664388605685e+04 5.763751776201980829e+04 1.109494282098729163e+05 3.432047452412411803e+05 1.170296027665052679e+05 6.121835450663601659e+04 5.969269840875784575e+04 4.724574607243818173e+04 4.933833170918185351e+04 5.831846109290834283e+04 5.829073909449391795e+04 6.232653767816400796e+04 6.685064125535497442e+04 4.293800895634794870e+04 4.033635579394679371e+04 3.290803136590006034e+04 4.114616248751485546e+04 3.361464177451963042e+04 4.811844131275854306e+04 4.660754866743890307e+04 3.869570961061208072e+04 3.849794383382357046e+04 4.851618290160714241e+04 4.795122560551271454e+04 3.903440096702268784e+04 4.725005544520790863e+04 4.581448429698644031e+04 4.641244892197519221e+04 4.855622139000962488e+04 4.228403740241414198e+04 4.831795410529081710e+04 5.417747878135261999e+04 4.599319503054128290e+04 4.853778386086769751e+04 4.787019625171118241e+04 2.202743563694855881e+10 4.198764857258529053e+11 -2.956093206743960571e+11 -1.106649526337304077e+11 -1.368714388990447021e+12 -2.451925388790187073e+10 -1.051692836446122437e+11 -3.659862270175180054e+10 1.960306040464270020e+10 2.664480969350152969e+10 -6.102096059675306396e+11 2.281181392836745834e+10 -3.457593801680911255e+10 -9.302001197669952393e+09 -1.490091307936688995e+10 -1.042556742674518738e+11 -2.354445948916729736e+10 -2.673508932713375092e+10 1.754628690452356339e+10 -2.459357548527147522e+11 -1.530372098973822632e+11 2.342959312778553963e+09 -2.873503619776462173e+10 -4.430500573103128052e+10 -2.397686145176088333e+10 2.081939891016489029e+09 -1.235562364495961571e+10 -1.110048431723408127e+10 -9.464573235781435013e+09 -2.549508895086404800e+09 5.204820565615542412e+09 -3.477821668414178467e+10 3.153908373523532104e+10 -2.722017286234214783e+10 3.614885135768803101e+11 -1.926048096031369781e+10 1.883928040673286438e+10 1.124217024854380608e+10 2.220200542227063370e+10 1.595354121008823967e+10 7.781059658282095909e+09 -2.165241073855338573e+09 7.230487199343688965e+09 -5.137478350732244110e+10 3.938845524606763458e+10 -2.151712993274588013e+10 -3.900983568018447876e+09 9.219905865481939316e+09 1.183968344472032547e+10 -3.088458516164015770e+09 2.869160560370689697e+11 8.332411611941659927e+09 -9.439247704583993912e+09 1.049587620627255096e+11 4.747228796263706207e+10 5.996750971724996567e+08 -6.657220125857468843e+08 -1.244668857557780504e+09 1.583670166543376160e+10 2.790703324556684875e+10 5.997810420191323280e+09 2.194385126288556671e+10 1.764060220369363070e+09 2.412945855066421890e+10 -2.389216442594493484e+10 -6.550090512789836884e+09 -2.025548916757286453e+10 -7.713846544957749367e+09 4.389629383292214394e+09 2.957746066833335114e+10 8.000008026976873398e+09 6.037783766330194855e+10 4.768103279445772171e+09 1.320977335897783813e+11 -1.651544127375175953e+09 -5.254058606361099243e+09 1.515101180387079620e+10 4.046554253185493469e+10 1.356126092767007065e+10 4.856397316892941475e+09 -1.186370853295643234e+10 1.069213246073680639e+09 2.557280270307316303e+09 -8.107046905357695580e+09 1.437772303573874664e+10 -2.908447649246452332e+09 1.268455038889956856e+10 1.773619476043384552e+10 1.445071727547867966e+10 2.046422139027482605e+10 -2.732360272906615829e+10 1.252385663881214523e+10 -1.065607773427342796e+10 1.494108707561506844e+10 1.706174780337629128e+10 1.696189870989953423e+10 2.010654687491347885e+10 2.147776562813939285e+10
-9.370748197003986570e+04 -1.338694261854900979e+05 -2.627559563153531053e+05 -2.746104647033398942e+04 -4.234831710212779581e+04 -2.056714339141009623e+04 8.695511116875613516e+04 1.127421902815397625e+05 9.762819424732567859e+04 8.832135363443660026e+04 4.530169168760752655e+04 4.459089247343900206e+04 7.114444222538154281e+04 7.001724767083466577e+04 6.867118918458920962e+04 6.857215783251158427e+04 4.094273227848417446e+04 5.696350426994595182e+04 3.897736489367392642e+04 5.896012737771414686e+04 6.581443854717350041e+04 6.296977497676692292e+04 5.496697492392305867e+04 1.170296027665052679e+05 3.269998450641830568e+05 1.138402520008095598e+05 5.689178266658014763e+04 5.378235489319360204e+04 5.070915527443141036e+04 5.073689934109803289e+04 6.409702321360031783e+04 5.694697022289807501e+04 5.466156343396996817e+04 5.292836204708103469e+04 4.364701195412598463e+04 3.287424008317779226e+04 4.179774918762585730e+04 5.072070589708018815e+04 4.455822210210099729e+04 4.214619314602248778e+04 4.126065589493986772e+04 4.540766263247426832e+04 4.289871439236526930e+04 3.968900266934722458e+04 3.911691497291872656e+04 4.735112553557328647e+04 4.202878653204021248e+04 3.963849429887993028e+04 4.279727511164399766e+04 4.456868441109736887e+04 4.490987145638900984e+04 4.898687359162396751e+04 4.265171249745606474e+04 4.342511093941659783e+04 4.541282221225571266e+04 5.876414851165815430e+11 2.835375738527556152e+11 -1.581494691016659546e+10 -3.305870653899616699e+11 -6.666462349645496826e+11 -1.812624075395135803e+11 -5.737775259956689453e+10 -4.323870018288501740e+10 -2.137701410355381393e+10 3.676132112226306915e+10 -1.009006005298535156e+11 -4.414621012789749146e+10 -2.331903271709855270e+10 -1.287091822505473518e+10 -3.315985859998317719e+10 7.194994094827023315e+10 7.154047435892006874e+09 4.011853770533859253e+10 9.675985139084544373e+10 -5.163307964511880493e+11 -4.195454210533699341e+11 8.519048956399755478e+09 5.248577053912385559e+10 2.221165963570486546e+09 -7.719301017592817307e+09 1.057645008526357079e+10 1.653333894627130508e+10 8.066813281638815308e+10 6.513166452249642372e+09 3.258802890408415985e+10 2.214508869735786057e+10 -5.453113953817986488e+09 2.515370560511711731e+11 3.282157134639477921e+10 -2.292749112670676270e+11 -2.842599885578924179e+10 1.643401935031896019e+10 3.618078911770747375e+10 1.973270070872526169e+10 9.966364682609210968e+09 -3.152161562045300961e+09 3.525491940925734997e+09 2.278247193222981262e+10 6.634317819745671844e+10 9.731887913880565643e+09 -7.638865410260373116e+09 6.982517128444090843e+09 4.719414567682373047e+09 -1.944476300164161682e+10 -1.378462996793257904e+10 1.651715008367604370e+11 8.316120119068568230e+09 6.620528521095423698e+09 -2.280228013849285889e+11 1.938311157356684875e+10 3.120161426894343376e+09 9.135596084839097977e+09 7.289204707718349457e+09 -4.296576180214756012e+09 1.712081385230592537e+10 4.771729913182662964e+09 2.335627727418770599e+10 1.766746310906536865e+10 1.236506699410320282e+10 4.230635742822788239e+10 2.898088978586886978e+10 -7.990568192448195457e+09 1.495842916660833168e+10 3.692673359602805138e+09 1.129579853652614784e+10 3.874844935095518494e+10 -6.258692588116719818e+10 -1.725991848063708878e+10 7.393875999200848389e+10 1.793411231504264832e+10 2.391323455517353058e+10 -4.428030118896401405e+09 -1.535252214664100075e+10 4.356244957268688965e+10 5.021132288246092796e+08 -2.857291962595138550e+09 6.018126796999312401e+09 1.622392932832273674e+10 1.490203886127183342e+10 3.302234890856399536e+09 -8.330249266905609131e+09 1.427853080546417046e+10 1.293726474290956879e+10 5.676950522206504822e+09 1.958774403312141800e+10 1.948210542474593353e+10 -1.875687298011453629e+10 -1.746619321833544540e+10 1.562432037668036461e+10 4.292725945453332424e+09 1.424499520745965576e+10 1.140710338706356049e+10 1.035258199768227386e+10
-3.951365479822047055e+05 -4.389718288673527422e+05 -1.455881091265611467e+05 -9.607978675617276167e+04 -1.144518125659404177e+04 6.425222302289230720e+04 1.503647843508996884e+05 7.261820755744128837e+04 7.596216638517057618e+03 8.801097253690831712e+04 6.750387061501544667e+04 4.151832272997909604e+04 6.308086528105651814e+04 8.014949803120370780e+04 6.527949757753388258e+04 6.321303835185898060e+04 5.893924788550922676e+04 6.914328132524968532e+04 5.121006166487581504e+04 5.417415927709546668e+04 5.958441277570154489e+04 6.015432813334056846e+04 5.971080044965808338e+04 6.121835450663601659e+04 1.138402520008095598e+05 3.105781572268599994e+05 1.096452414005876199e+05 7.104596677941776579e+04 5.868508311144728214e+04 5.572864308887520019e+04 6.923314836618769914e+04 5.946322006670765404e+04 6.660596151313427254e+04 5.843577492222678848e+04 5.084649802122876281e+04 5.939327918256152043e+04 6.603783839043302578e+04 5.886361583752524166e+04 5.295454474972902244e+04 5.290556565928619966e+04 3.983808451556632644e+04 5.203692324296736479e+04 4.296768081235376303e+04 5.584909658209690679e+04 5.564790953369459021e+04 5.103764143922970106e+04 4.798981659900823433e+04 4.454359504916098376e+04 4.941629563072977908e+04 5.176757609437650535e+04 4.716149499826416286e+04 5.251004811559920199e+04 5.053978208975036250e+04 4.939699967432246922e+04 5.066106647750145203e+04 -6.911495752941489258e+11 -1.176197425220426178e+11 -1.901708878848068848e+11 -1.877470942901246643e+11 -3.054346224289798584e+11 -2.004855293553750000e+11 -1.062343958414824963e+09 4.641248231754216766e+10 5.032883293671117401e+10 6.570380713428825378e+10 -3.997128791666301270e+11 -1.144038979956925812e+11 2.295059722823747253e+10 -7.954740913055046797e+08 -1.074106785948003197e+10 -3.880005206494715118e+10 -5.213011171549278259e+10 -9.766809925203487396e+09 -1.505660997881412125e+10 1.133170363719775963e+10 -1.306899526129704132e+11 -1.431080782451086426e+10 4.857648758980797577e+10 -6.179910916863535309e+10 -2.117956001778472137e+10 5.893842043243839264e+09 -2.324964331645062637e+10 -6.348627791384048462e+09 1.459733511925941467e+09 5.472024310922001839e+09 2.763978120346466827e+10 2.253857132478580475e+10 -1.645060004389726562e+11 5.434958599564351654e+10 -7.416347800653071594e+10 5.146172626819716454e+09 3.434071585538351822e+10 6.565774990125136375e+09 -1.617903883761957359e+10 1.397544742533249283e+10 2.199238620700381470e+10 -3.750000589760903269e+07 2.191490671871441650e+10 -1.509149355748701859e+10 3.521236813128444672e+09 -2.816917357233797073e+10 -3.471538025136833668e+09 1.021074188111976433e+10 1.983770701029866028e+10 5.457532817851457977e+10 3.763851386897688293e+10 -8.633427781246351242e+09 2.026478106704608536e+10 -4.612537235902003479e+10 3.367726342944437790e+10 1.572164252556217766e+10 3.180502555773445129e+10 -7.723989130929130554e+09 1.306144798064257240e+10 2.052043553777369261e+09 1.130955065415048218e+10 1.370001998208740997e+10 1.350380033107992172e+10 1.143087327983643341e+10 -3.533771952026925564e+09 -6.725017181586083412e+09 -6.271358124617886543e+09 5.224774320287316322e+09 1.993448366156953812e+10 2.290812337083115005e+10 3.557057779079429626e+10 -2.112029911069558716e+10 -1.780808437179415512e+10 -3.787951216808147430e+10 1.911104412752785492e+10 5.546016572431416512e+09 1.066716511452053642e+10 2.131110245022945251e+11 4.776809384082468414e+10 -1.879986877495811224e+09 3.985169051482965469e+09 9.233717889781085968e+09 2.534639622666495895e+10 3.515971875983776093e+10 -5.608757466261009216e+09 -6.637786689928322792e+09 1.164360643563782692e+10 7.254090397919628143e+09 1.020583608035099792e+10 3.231220344953235626e+10 3.006132644517118454e+09 -2.732011148546128082e+10 -1.975467525177899933e+10 7.411922261886808395e+09 3.272213449714976788e+09 2.371981561344541168e+10 1.453002640249677086e+10 1.500510716455441093e+10
-7.124837542876495281e+05 -2.395667542202041368e+05 7.623714847838311107e+04 -6.894588680484711404e+03 -9.094135967294192233e+04 7.069556024633764173e+04 4.180604369719575334e+04 5.994464868755715725e+04 5.566262871311009803e+04 5.362200120401897584e+04 4.915273764489094901e+04 2.945275458566474481e+04 7.912538293620769400e+04 8.135204781512224872e+04 5.910027810028046224e+04 6.878840027776315401e+04 6.762730691760120681e+04 7.786906447046168614e+04 5.663297122939345718e+04 5.170167028117719747e+04 5.440602613559849851e+04 6.801782028505559720e+04 5.664320721596352087e+04 5.969269840875784575e+04 5.689178266658014763e+04 1.096452414005876199e+05 2.844300809089361574e+05 1.063744734653623309e+05 5.693049875857793813e+04 5.367548706594534451e+04 6.487514096655002504e+04 4.981093257905121573e+04 5.719024681174827128e+04 5.158697323088225676e+04 6.437955211675541068e+04 6.335078110293646023e+04 5.775129815951937780e+04 5.620060396272982325e+04 5.967188556460025575e+04 4.803732115987323050e+04 4.730686604603384330e+04 5.470290360801963106e+04 5.086418654642682668e+04 6.049857366637875384e+04 4.834678944511164445e+04 5.642612072468464612e+04 4.886500190528416715e+04 5.397419230106323812e+04 5.421610836632288556e+04 5.126830988382669602e+04 5.399230506579331995e+04 5.758891805341232248e+04 5.716918121294637240e+04 5.367195149270366528e+04 5.490328589725710481e+04 -8.255256777088236084e+11 1.747264030197921753e+11 5.472297213867379761e+10 -2.479564544345582581e+11 -2.300230698949942383e+12 -1.928427694371117249e+11 -9.148963276440844727e+10 6.856958271715216637e+09 -1.480133437525121117e+10 -7.872207298835417747e+09 -4.448892006830170288e+11 -7.520630050792633057e+10 -4.971642071325106812e+10 2.672324296007581329e+10 -1.311091521930622482e+10 -2.540971899026331482e+11 -5.182961190401864624e+10 -4.198237673340746880e+09 -3.139042607024348450e+10 -7.915698117316640625e+11 -2.235599924812114334e+10 -1.102112773912097931e+10 2.414940971569861603e+10 -6.993734328765290833e+10 -2.175875517731278229e+10 1.945112413563069534e+10 1.402654986472904587e+10 -1.268733575890742188e+11 5.699086959297860146e+09 1.829907790480925751e+10 -1.602733484331962585e+10 -1.967574190694761658e+10 -1.560686519320847778e+11 4.785823434957887268e+10 -8.954895248238739014e+10 2.499629429638774109e+10 6.496358476848116875e+09 3.500987537460971832e+10 2.181048390276163864e+10 1.760430383822252274e+10 -8.147175179301429749e+09 1.381647655163675308e+10 3.784937451625842571e+09 -9.507635008101907349e+10 2.394850326008756638e+10 -1.386879697672680378e+09 -9.311923757319269180e+09 -9.023987241931146622e+09 1.492279880741191483e+10 1.547645014828080444e+11 -5.913918715263141632e+09 3.398599616574660110e+10 2.364536646314613724e+10 -1.272827696359753113e+11 4.583039553556978607e+10 2.001180955826337433e+10 2.301978546198377609e+10 2.378742661474425793e+09 3.173567815778533173e+10 2.784196865260992432e+10 1.060687250978622913e+09 -1.685597877297690630e+09 8.146567192312721252e+09 1.735747055541497803e+10 -5.158213366018820190e+10 1.933696927558253860e+10 9.528633496217350006e+09 8.016016752680195808e+09 1.841055610473701096e+10 2.106093979764234543e+10 1.221982999094266510e+10 5.326315033600273895e+10 -5.364843725101357698e+08 -2.119727418800038452e+11 3.981892212537743568e+09 6.267197908951777458e+09 1.333431670816742325e+10 5.482203916271591949e+10 3.497677261528538513e+10 -1.007071092265711975e+10 1.125764107105424118e+10 -1.628564261894324541e+09 6.308262552468852043e+09 -1.510252665020704269e+10 2.910137320019736481e+10 7.889543627119146347e+09 1.973211364358885956e+10 1.378650284585632133e+10 1.049411062787183189e+10 1.804961058609567642e+10 -9.701378695037712097e+10 1.984793690247085571e+10 5.797188684231243134e+08 6.024020503148158073e+09 -3.092554898306175709e+09 7.703449706607175827e+09 4.599791862438205719e+09 -4.954251363642469406e+09
-6.748921103940864559e+05 -4.366683889051824226e+05 -7.194544513075206487e+04 -1.816954510947786039e+05 -9.342186598179052817e+04 1.638851306970401492e+04 7.287929753912074375e+04 6.929441332009920734e+04 7.417823914045061974e+04 9.558117271581249952e+04 8.786639224123486201e+04 7.100217113930883352e+04 6.548379931011363078e+04 8.964672990397296962e+04 6.630011481075707707e+04 8.063123609997796302e+04 6.415407131851571467e+04 6.881511033813758695e+04 7.270831160843557154e+04 2.740457098328015127e+04 4.837287144120615994e+04 6.690914756233619119e+04 6.534497859564809187e+04 4.724574607243818173e+04 5.378235489319360204e+04 7.104596677941776579e+04 1.063744734653623309e+05 2.638258012532159919e+05 9.367678967360657407e+04 6.079494460362162499e+04 6.927247837408185296e+04 6.147376385724743886e+04 5.553486062110674538e+04 5.287024667339005828e+04 5.979156063841327705e+04 5.595346052908357524e+04 5.258253107859337615e+04 4.867023705728212371e+04 5.231054801594425953e+04 5.207633297131165455e+04 4.368664382815871068e+04 5.149018065885879332e+04 4.662854509564482578e+04 5.177070835294370772e+04 4.843093051442579599e+04 5.067606139927295590e+04 4.880015875256732397e+04 4.921093380804730259e+04 5.133179294027004653e+04 5.319458243142544234e+04 4.420599851937605126e+04 5.358891472046556009e+04 4.920310179728966614e+04 5.205488958914328396e+04 5.165995006528943486e+04 -1.418530033604340820e+12 -3.418758282542550049e+11 -2.082802378223364563e+11 -1.420834918803080444e+11 -6.101499463230001221e+11 9.233038748117658615e+09 -6.153367753526891327e+10 -5.829182164724169922e+10 1.142840017341774178e+10 -4.706924185642459106e+10 -1.686587642961561890e+11 2.085482175603116608e+10 -5.367586687245952606e+10 -1.783164280573313904e+10 -1.690691253299923420e+09 -2.068905858582462463e+11 -4.080401931475154114e+10 2.653327620790232468e+10 1.471048818607954407e+10 -2.927829765609868164e+11 1.618881380126282654e+11 -1.276828967113426399e+10 2.004982362087157488e+09 1.050100745422501183e+10 2.410611219707966805e+09 1.343282492203092957e+10 -1.064737402017240715e+10 -3.974055021165683746e+10 2.387644701149793243e+10 1.123982340440872574e+10 3.207212420211037064e+10 -1.141068071110366106e+09 1.687036254311152649e+11 2.434371150951259995e+10 -6.134822752070790863e+10 5.816386032489212799e+10 1.457654208211306190e+10 3.263495813010850525e+10 -6.501007926378349304e+10 -4.896196782803194046e+09 -1.902141323114276505e+10 7.275165462337579727e+09 2.300153495129822540e+10 -1.137372926837249298e+11 -2.530584036132469940e+10 -2.165741277641608810e+10 5.669695373680057526e+09 2.422795416664682388e+10 -1.324137477013108063e+10 1.766841950543405151e+11 -3.522340374826153564e+10 3.015926623006298828e+10 3.271279011693040729e+08 2.104978949191536713e+10 2.395700250806481552e+10 1.465374165482642365e+10 1.458116323592906189e+10 2.528003219871141434e+10 -4.441521313023506165e+10 -1.344262214749617815e+09 -3.440094529157583237e+09 -1.607734609183361530e+09 1.727422814025181961e+10 8.032009118749309540e+09 -5.495509938976099396e+10 -1.967686788962272263e+10 -9.045310045081905365e+09 3.641283400674090981e+08 1.182254561998756027e+10 1.394273437548442078e+10 1.953221848481280518e+10 5.555734800651088715e+09 -1.749486484923157883e+10 1.947722629163031769e+10 4.187701766007390022e+09 7.020765956288437843e+09 1.821036376546683502e+10 -1.328496900650256195e+11 1.724170244986968994e+10 -6.169068163268727303e+09 1.593171572006324005e+10 1.396241248749942207e+10 1.461941309355126190e+10 -9.076498007117218018e+09 2.965732384491176128e+09 1.514531968846907854e+09 1.908540688459620667e+10 1.808652823848220825e+10 8.989244702891580582e+09 7.252904854380496979e+09 -5.784129988050640869e+10 -8.101339125749692917e+09 -2.589459916400671005e+09 1.243200792942372704e+10 1.570561346720594788e+10 1.002931078732764435e+10 9.574006140448822021e+09 2.061244831581130981e+10
-6.357468611555674579e+05 -3.864841460968693718e+05 -1.432771391391683719e+05 -3.401857315610009391e+04 -4.082226024934971065e+04 4.768085874956644147e+03 7.582670764060349029e+04 6.293488228801179503e+04 3.805958476394436730e+04 6.862585609741295048e+04 3.859120499630148697e+04 2.698796468205143537e+04 4.110243949765257275e+04 4.985946785904877470e+04 6.525113911606736656e+04 4.948719844196455961e+04 7.982575228792008420e+04 5.200343133325538656e+04 5.851816125249955076e+04 4.566431751695934508e+04 5.954045045098189439e+04 5.784091433383517870e+04 6.311839534086663480e+04 4.933833170918185351e+04 5.070915527443141036e+04 5.868508311144728214e+04 5.693049875857793813e+04 9.367678967360657407e+04 2.445951362186158658e+05 8.529127439389232313e+04 5.958850666955480119e+04 5.540872561514210247e+04 5.354107330665099289e+04 4.845656142866574373e+04 5.481836871751927538e+04 4.520464614675186021e+04 5.424104909774789849e+04 4.814253513488880708e+04 4.898065909598525468e+04 5.149849764822293946e+04 4.247825259009400907e+04 5.092169612954850163e+04 4.427791514433597331e+04 5.372199657023661712e+04 5.460556190139405953e+04 5.129276276490883174e+04 4.299258705243829172e+04 5.192284739083763270e+04 4.679616227958073432e+04 4.448278244911879301e+04 4.245943642342243402e+04 5.238843327953039261e+04 4.721726219825867156e+04 5.117957314395633875e+04 4.868816032645096129e+04 -5.409248695676596069e+11 9.260349097304524231e+10 -2.978156499681537247e+10 2.861491968859761429e+10 -3.281764811810529327e+10 6.230493372894738197e+09 -1.087983018182265320e+11 -7.893163419104600525e+10 -5.244448798597729492e+10 -7.957863066460896301e+10 -4.295154880762011719e+11 -1.029062869444767151e+11 -6.214369987880794525e+09 -2.806295403132926559e+10 2.180249645667132854e+09 -9.759656705545642090e+10 -3.831041022462886047e+10 -1.685062347965254974e+10 -2.955525876540676498e+10 -7.533133033428985596e+10 -4.167205500431522827e+11 -2.703280903738885403e+09 5.055203321308549881e+09 -5.155007429950526428e+10 -1.886993563359406662e+10 -5.214493612746243477e+09 -1.368262187654862976e+10 -7.857842571965502930e+10 1.838037890038178635e+10 2.819457698724993896e+10 1.046760742531552124e+10 -3.053675208479420090e+10 3.897735803220337677e+10 7.031353275595937967e+08 -1.688105190233422852e+11 4.451508497463022614e+10 2.124783664833531189e+10 2.845563008620363998e+10 -6.970590397536863708e+10 -4.348231037267313957e+09 -9.368488968714893341e+09 -1.356720743390561676e+10 1.631576604120191002e+10 -5.113155540493627167e+10 3.320059425419278336e+10 -1.729855747142050171e+10 3.781422422429348946e+09 1.528478022584805012e+09 7.746505034946607590e+09 2.662368781627835999e+11 -7.205363806003228760e+10 1.362400074144431877e+10 -2.171537790296783066e+10 -1.796977063644610901e+11 2.438140848444270706e+10 1.724809031675783920e+10 6.476167778816717148e+09 5.268101483908924103e+09 -2.374445966487239838e+10 4.517590747882993317e+10 2.191214447814518929e+09 -2.631843338018505573e+09 3.839190364291015148e+09 1.955124321078636885e+09 -5.314146644183055115e+10 5.006313177709721327e+08 3.786198449719338417e+08 2.967816593582087040e+09 -3.426924981104696274e+09 1.137763195272304344e+10 5.637096497699454308e+09 -2.390364950548041916e+10 -1.115664633441774559e+10 -4.974466381946098328e+10 -2.226123076146971226e+09 1.202221781703739738e+10 9.703398516502494812e+09 2.084295109785085678e+10 -9.288790640279148102e+09 -1.347312410001482201e+10 4.987993442152741432e+09 4.597994584114019394e+09 8.969659031608411789e+09 -2.227342085631425476e+10 -1.247228138275458574e+09 1.459418758903759766e+10 7.303714267509303093e+09 -5.764883422253427505e+09 6.151686069485273361e+08 4.527263601501091957e+09 -6.429092840186637878e+10 -1.646777467284596252e+10 1.215584923566251278e+09 6.102546681144421101e+08 -2.437409130590793133e+09 1.100349349006960869e+10 9.069226294199542999e+09 8.145655104893561363e+09
-6.516137903518753592e+05 -1.322867230328003643e+05 -1.228744322438228482e+04 1.150468100732926832e+05 1.112178468181627395e+05 -7.576004959254097230e+03 6.334837201107409055e+04 7.473290607835260744e+04 3.687012641412619269e+04 4.296566393655819411e+04 5.260061413434724091e+04 1.937495841554505387e+04 2.895022625246371535e+04 6.423461641134507227e+04 7.483893448186128808e+04 7.164714951188696432e+04 7.558981492295706994e+04 5.759636830340310553e+04 6.040254792568593257e+04 4.045467643292755383e+04 5.651002190346969292e+04 6.691004441540506377e+04 5.894019044740802201e+04 5.831846109290834283e+04 5.073689934109803289e+04 5.572864308887520019e+04 5.367548706594534451e+04 6.079494460362162499e+04 8.529127439389232313e+04 2.160766886169763166e+05 8.255967613325997081e+04 5.260987227274547331e+04 6.022389243998229358e+04 5.073704807969678222e+04 5.498574687471258221e+04 5.383148939445628639e+04 4.951920977923100145e+04 4.605997497474258125e+04 4.839859062369210733e+04 5.483035943490805221e+04 4.915400099277793197e+04 5.124983642154675181e+04 4.588369363422393508e+04 5.894483357067853649e+04 4.803026207754117058e+04 5.144974224861747643e+04 4.872011057471222011e+04 4.509003098091400170e+04 4.704944640109707689e+04 4.335190726454616379e+04 5.111369341770506435e+04 4.771471599279349175e+04 5.109763150139174104e+04 5.233708698469311639e+04 4.655392221353727655e+04 1.527193560510200195e+11 -1.426389063541697998e+11 -1.154054543795297089e+11 8.776991146755039978e+10 -9.678080320868725586e+10 -4.391136604744907379e+10 9.715147178644445419e+09 -1.033290839999230385e+10 7.238359744442258835e+09 5.766392995336172485e+10 -2.166661313782442322e+11 3.048315513919663239e+10 -4.042044552673075867e+10 1.705395501204771805e+10 -1.355646215682279205e+10 -7.458225323964985657e+10 -3.136126170875275803e+10 1.206335449856943130e+10 -2.618069248785523987e+10 -7.079461575094247437e+10 -4.773898562140145264e+11 6.208967897300382614e+09 1.701569926896515846e+10 -9.223930403180513000e+10 1.944559116117274857e+10 -6.487510651120772362e+09 -4.055835029165043831e+09 -8.274112636247358704e+10 -2.866033039529026794e+10 1.933311172999058533e+10 1.200877201271748161e+10 3.758700129232121944e+09 -1.246393341160316925e+11 1.770864830608768082e+10 -6.585347285010337067e+10 3.010657149628895187e+10 5.164671284670286179e+09 5.651498739896854401e+09 -5.076323409411351013e+10 3.679838677086000824e+10 6.823732793578277588e+09 4.806867521211202621e+09 1.421792905540701294e+10 -8.949169518835328674e+10 4.982511388207793427e+10 -2.911122751292775726e+10 6.125338187459332466e+09 5.638706305746665001e+08 -1.888452679076557922e+10 -7.154515087273611450e+10 2.003503806757184753e+11 2.851423966498240662e+10 -3.980959547651864529e+09 -1.123678121072879639e+11 3.631106023678114319e+10 1.375778648488301659e+10 1.743996909908536911e+10 3.819556907280838776e+10 -3.507102518193579865e+10 2.750859117749384689e+10 2.946402351879780293e+09 7.333917053450748444e+09 -6.507633492568320036e+08 7.683717038071680069e+09 -3.383065067255091858e+10 -2.132364519661628485e+09 -4.173698297401317120e+09 6.091501110070370674e+09 -1.451728129397835433e+08 2.493101374973015976e+10 2.771287555876115036e+10 -1.540818278520800781e+11 2.235740717852996826e+10 1.440092220726554565e+11 3.974745948989350796e+08 1.084677426148430443e+10 2.615973323741128159e+10 -6.059250901416748047e+10 3.601958233331031036e+10 5.143052170647054672e+09 -6.563559999565258026e+08 9.620114739167911530e+09 9.573439655721170425e+09 6.236278224653417587e+09 2.213064215412630844e+10 2.038568306213651276e+10 2.683582403599865437e+09 1.464188853239465714e+09 1.253705928462521553e+10 1.058026113769573402e+10 -1.209952345084240341e+10 2.257500025906075954e+09 1.718640605828191757e+10 1.116408239277071953e+09 5.889766620678532600e+09 7.085003341264808655e+09 1.239295984107261848e+10 8.892521960668117523e+09
-9.478339844445697963e+05 -3.044074467389651691e+05 -7.150867608275491511e+04 -8.666842611704643059e+04 -7.009674230402521789e+04 1.012013349861751158e+04 2.884918223770694385e+04 7.945731204793151119e+04 8.793350958232549601e+04 7.780883466259887791e+04 7.261812163204266108e+04 6.627866162423163769e+04 2.503640613806065812e+04 7.347697158597469388e+04 6.407849722849924729e+04 7.597625869371740555e+04 7.136079959408601280e+04 7.462261958874303673e+04 4.986828469408275851e+04 5.812707037761688116e+04 5.744821240141237649e+04 5.173011652182088437e+04 5.693326901224148605e+04 5.829073909449391795e+04 6.409702321360031783e+04 6.923314836618769914e+04 6.487514096655002504e+04 6.927247837408185296e+04 5.958850666955480119e+04 8.255967613325997081e+04 2.184400276818115963e+05 8.683723000864752976e+04 6.847992035038625181e+04 5.879899900831398554e+04 5.277636205586055439e+04 5.975730168231634161e+04 5.889531059551055660e+04 5.381715075485005946e+04 4.480372970358467137e+04 4.921464166291242873e+04 4.764705964434941416e+04 5.617550274357562012e+04 5.587702486449292337e+04 5.761116776840927923e+04 5.307278091927716741e+04 6.001067281817779440e+04 5.094316180890388205e+04 5.248713002955981938e+04 5.128253493499386241e+04 4.792655798850316205e+04 5.201536163760341879e+04 5.954406369367586012e+04 5.142210058497876162e+04 5.194056587618991034e+04 5.598854206669120322e+04 -5.137055914542066040e+11 -1.298976851350444031e+11 -1.298376860052337408e+09 -1.682118522315581131e+10 -1.187284912503003906e+12 -3.943328553893111944e+08 -7.092284964038291931e+10 1.998108827090319443e+10 -1.405043134851399803e+10 -3.329426031637627411e+10 2.679348608772253418e+10 2.464798414043365097e+10 -1.879141931307606125e+10 1.067732757808059502e+10 2.996542092650003815e+10 -1.261095644083820648e+11 -3.927400868136623383e+10 3.600569938917798400e+08 3.438627666946754456e+10 -8.422262836584709167e+09 -1.704463161906678772e+11 -9.042667922907857895e+09 2.064084885372112274e+10 -6.055968434022870636e+10 -1.535886423565455437e+10 4.457433171517429352e+09 9.999704868803976059e+09 -1.029692652039139404e+11 -4.040448996110842133e+10 -2.062496118330312729e+10 3.571884479493491650e+09 8.027990461133936644e+08 -4.799702101615572357e+10 2.165770070406361008e+10 1.026946169462206421e+11 1.699723000821168900e+09 1.614138011451700211e+10 1.716045799255263329e+10 2.703251180042715073e+10 6.623802217626550674e+09 9.088097072475170135e+09 -1.900581339998288393e+09 1.735653601604649353e+10 -5.659665452528068542e+10 2.181824410035395145e+09 1.198842353334985161e+10 1.446975428389762497e+10 4.177115360912779808e+09 3.711643273462121964e+09 -3.083011623129172974e+11 5.681961587368407440e+10 3.199344967670018387e+10 1.160335608886990929e+10 -2.469135711728758850e+11 4.813525320298831177e+10 -3.371352536424588680e+09 1.326806332164646339e+10 1.522001759705794907e+10 4.926322134140867233e+09 9.183358542835241318e+09 -8.049904331453462601e+09 1.302588653980961800e+10 -3.352940755559020519e+09 1.312646719257680893e+10 -2.784846412191174316e+10 -3.750850263651343536e+10 -1.721300230103532791e+10 6.550505337600347519e+09 6.157640590866793633e+09 8.272556049751877785e+09 7.608586070194705963e+09 -2.870672025886295319e+10 3.161164597405437469e+10 5.963580419152369690e+10 5.746608958168674469e+09 1.561787468201646042e+10 2.607764787700318146e+10 2.597362892301881790e+10 2.171244844018778324e+09 -3.438489876500897408e+09 1.221015637399100304e+10 1.477614688569683456e+10 1.188962162073679924e+10 3.431433916150048065e+10 -1.022870467054978180e+10 -6.837776574850049019e+09 2.846371226398952484e+09 1.348072061874470520e+10 1.357441362002941132e+10 1.288458253059262276e+10 -4.587923861187889099e+10 -1.765925015001021194e+10 8.186768235645118169e+06 5.445749196522489548e+09 9.976402998909189224e+09 -8.807034160105375290e+09 1.606724912341613197e+10 2.407217488474386978e+10
-8.358946558066024445e+05 -5.560507489508159924e+05 -3.506706963401421672e+04 -5.746590476909497374e+04 -4.096480395043176395e+04 6.142135227489545650e+04 2.344380301913484072e+04 4.807247526625472528e+04 5.453477941358535463e+04 5.209770725982420845e+04 5.358097966555667517e+04 5.336145396700105630e+04 4.620913986126475356e+04 5.370618230736044643e+04 6.918427274836941797e+04 6.366725849731658673e+04 6.693350966527470155e+04 7.307736086490972957e+04 4.876869155132425658e+04 4.377776112995563744e+04 4.953668008656577149e+04 6.194735785976557963e+04 6.050882446348724625e+04 6.232653767816400796e+04 5.694697022289807501e+04 5.946322006670765404e+04 4.981093257905121573e+04 6.147376385724743886e+04 5.540872561514210247e+04 5.260987227274547331e+04 8.683723000864752976e+04 2.008729419890456775e+05 8.352680134997762798e+04 5.151311489926023205e+04 5.281057466359669343e+04 4.821959827794804005e+04 5.298705086163985106e+04 4.823888073086390796e+04 5.209239594171900535e+04 6.196616554866393562e+04 4.715148327318041265e+04 5.189397279534539121e+04 5.074776135588772740e+04 5.847624787022281816e+04 4.586319686302390619e+04 5.726848244440025155e+04 5.399761413114742754e+04 5.455647564434062224e+04 4.981642491917240841e+04 4.978523838689824333e+04 4.851177591416001087e+04 5.504860134775062033e+04 4.879947663520237984e+04 4.838697459923456336e+04 5.082992313505155471e+04 -6.366201065765550537e+11 -8.943659310375119019e+10 -1.680904956664294128e+11 2.210866229929566345e+11 -7.457139933709885254e+11 -1.022041854091927338e+11 -7.638152830545310974e+10 -4.613585543969359589e+10 -6.787480652281134033e+10 2.206693165311100769e+10 -3.100828654663847656e+11 3.319653055946172714e+09 -4.802495923940282822e+09 7.236141987348119736e+09 -2.107776427055944824e+10 -1.641295154971457214e+11 -2.530224567115690994e+10 -6.022940165525515556e+09 5.367524289542084503e+10 -3.296491778270830078e+11 -2.122600276259027100e+10 2.453144555110830307e+10 2.413459060646468353e+10 -4.469240960849851227e+10 -1.594386906057956886e+10 -1.302612481876251602e+10 -1.338721112922087288e+10 -5.679050455900622559e+10 1.524119736470368004e+10 -2.263759012414707661e+09 2.350699029105720901e+10 -2.322547039821426010e+10 7.979136023830335999e+10 2.987499192147117996e+10 -1.751924938555039978e+11 6.705223647808394432e+08 1.905094638738570404e+10 1.877052564805400085e+10 -2.408514993038113785e+10 -1.007242616839606476e+10 9.074456681942869186e+09 -4.986135240165266037e+09 1.104573899416104126e+10 -9.349613727868298340e+10 1.712816185731778336e+10 -1.620715553791425323e+10 1.001050827866219282e+09 2.109453264741258860e+09 -1.771171663693219376e+10 -7.743997799390296936e+10 1.541886624846250000e+11 4.013751564193122864e+10 1.957673105977878952e+10 -1.142438726282911072e+11 9.872123037172393799e+09 2.435470507920417786e+10 1.184731405745206833e+10 1.119173740414014244e+10 -9.731393862755098343e+09 -5.079984159206309319e+09 1.301556373326649094e+10 1.137448988607481003e+10 -2.744221283377959251e+09 1.395094007411845016e+10 -7.592117461598707581e+10 -3.322481604069254684e+10 -7.441634060642720222e+09 2.139759877017613888e+09 1.536120848599258363e+08 -1.341428072154136561e+07 -3.461533820099058151e+09 -2.351228503249475956e+09 -7.930139253056669235e+09 4.463662494613246155e+10 2.423943741197373581e+10 1.390186288163217926e+10 1.378660334446251488e+10 -6.694623409117992401e+10 1.795019500076472855e+10 -3.097331980673492908e+09 2.552328578926494122e+09 5.938495803750686646e+09 8.632056603721044540e+09 2.239793733977857208e+10 8.974592886486114502e+09 -2.521299339776597917e+08 4.910620809028877258e+09 1.006686398466392899e+10 1.228420825884378433e+10 7.990472000495709419e+09 -9.675038354327464294e+10 -4.774723486878190041e+09 -2.148782120911472321e+09 8.125537804279756546e+09 1.148142851798228645e+10 -1.025332442357376814e+09 1.027642698491407394e+10 1.701118129411410332e+10
-5.842120296303608920e+05 -1.559343204697313777e+05 9.897481128688696117e+03 1.445706002057288060e+04 -6.936460244711449195e+04 3.353419500097333366e+04 5.952133285315192916e+04 8.206484220186540915e+04 5.124012992999579728e+04 5.480573193112859735e+04 5.231942184269817517e+04 5.940881986501088249e+04 3.516364322754242312e+04 6.211184170476129657e+04 7.118823575986604556e+04 5.680874029126114328e+04 5.617272537288001331e+04 5.877874285283072822e+04 4.682679611354079680e+04 4.067403275715756172e+04 5.373100800835057453e+04 6.652468017067147593e+04 6.695007345308690856e+04 6.685064125535497442e+04 5.466156343396996817e+04 6.660596151313427254e+04 5.719024681174827128e+04 5.553486062110674538e+04 5.354107330665099289e+04 6.022389243998229358e+04 6.847992035038625181e+04 8.352680134997762798e+04 1.994129741499159136e+05 8.177813169369679235e+04 5.309559823251669150e+04 5.002705419548887585e+04 5.593465172298799735e+04 4.443933434802061674e+04 4.728514631960882980e+04 5.833935112080732506e+04 4.775761274198857427e+04 5.081108402244553872e+04 4.878657012785699044e+04 5.677794599933949212e+04 4.825308375929224712e+04 5.481040998068432964e+04 5.306876801012826036e+04 4.753187570433520159e+04 5.165419773474848625e+04 4.887271288180233387e+04 4.783212013663003745e+04 5.246224610076023964e+04 4.671834482518411096e+04 4.836479176161540818e+04 4.765331258343645459e+04 3.553942338967226562e+11 2.402253207987539062e+11 -1.561049176100921021e+11 -1.285505883070039062e+11 -1.370701534712022705e+12 -7.173703530412688255e+09 -1.244416558362395935e+11 4.396632646179584503e+10 -1.839878787087159729e+10 -3.275886548808987045e+10 -8.288404020745524902e+11 -9.357118068626798630e+09 -6.748435692730852509e+10 2.289344282728773880e+10 7.278752786841837883e+09 1.077375778476398277e+10 3.593664560804122925e+10 1.112336782396609879e+10 5.194626201525766373e+09 -4.641265553108051758e+11 1.253557782374990082e+11 5.318547285723370361e+10 2.641748332110757446e+10 4.611587231869565010e+09 8.870901592133073807e+09 4.398075648805563927e+09 -5.500209994967707634e+09 3.763594586064739990e+10 3.713340369576795578e+09 3.300165372654988098e+10 1.987244605465613937e+10 -3.488701265119861603e+10 -1.597775748251698875e+10 -6.637600165409640312e+09 2.491038687834577332e+11 8.895485727139516830e+09 -3.408419314952507973e+09 -1.678711164811780453e+09 5.253146189233478546e+10 5.351307740095090866e+09 -2.949275062925246716e+09 -6.642179030371802330e+09 -8.671825693730447769e+09 -1.956647434177114487e+10 6.887075208699177742e+09 -1.273618946797878265e+10 -1.749693134227657795e+09 -2.223731834930034637e+09 -2.790084522800354958e+09 1.167907014914413605e+11 1.226798123254118805e+11 2.609540915072596359e+10 2.540922473767477989e+09 1.160888275330290833e+11 4.429935090369416046e+10 6.243579713896279335e+09 1.395371595048077393e+10 9.511826186195398331e+09 3.307582589035594177e+10 1.081412116025028974e+08 1.047401691101498413e+10 2.132327103972443819e+09 -1.777515794469033957e+09 1.829327639779012680e+10 -1.658825909632336617e+10 -2.140234536849584579e+10 -1.171668707868192101e+10 7.381858314945543289e+09 -6.965362851159486771e+09 7.367008535391034126e+09 2.863744282701423645e+10 -3.073040796004397583e+10 1.449279703195587349e+10 -7.457461695469253540e+10 -1.541172701958181381e+09 2.037247832347835541e+10 1.417539548892593002e+10 1.742226309100782013e+10 1.688613289338306808e+10 1.171324379583105659e+10 6.730829801213853836e+09 1.657689324591700077e+09 1.807565298035197067e+10 2.110754286437735367e+10 -7.193262746452505112e+09 1.071431252973202515e+10 5.857225827705681801e+09 4.344784783960146904e+08 7.229511943533629417e+09 6.292998956580668449e+09 -7.883158087873547554e+09 5.723250060455972672e+09 -8.958313368445758820e+09 1.257336342335509872e+10 2.642046517239346695e+10 1.105886691743328667e+10 4.618138456244270325e+09 2.169332291914531326e+10
-8.628624059753476467e+04 5.418579955874870939e+04 -6.446689839558583481e+04 -6.285942714328943839e+04 3.381683186641423617e+02 2.650251410451329866e+04 4.339464604791608872e+04 7.533168682056480611e+04 5.008055171544373297e+04 6.476113736111956678e+04 3.977393720337572449e+04 3.375520035989723692e+04 3.946958243965218571e+04 7.634100461807292595e+04 5.881720212515314779e+04 3.909611237620541215e+04 5.053202858681471116e+04 4.921838734512859082e+04 4.545302449884112139e+04 4.082302014466907713e+04 4.609598148815966852e+04 6.619778171406697948e+04 5.622241748430061853e+04 4.293800895634794870e+04 5.292836204708103469e+04 5.843577492222678848e+04 5.158697323088225676e+04 5.287024667339005828e+04 4.845656142866574373e+04 5.073704807969678222e+04 5.879899900831398554e+04 5.151311489926023205e+04 8.177813169369679235e+04 1.749636542814277054e+05 7.856995184430619702e+04 5.350396483326941961e+04 5.807279467424870381e+04 3.992495725970697094e+04 4.336931846893390320e+04 5.233893498452993663e+04 4.659513529234850284e+04 4.815450159879068087e+04 4.183423962027042580e+04 5.228380869823374815e+04 4.327038683310116176e+04 4.520234763446440775e+04 3.714325239723083359e+04 4.058571614559527370e+04 4.679808744150730490e+04 3.926486470855942753e+04 4.112960707152610848e+04 4.546587130167752184e+04 4.389178442798009928e+04 4.408166017020622530e+04 4.362916057456676936e+04 9.016655286205938721e+10 1.978848236173363037e+11 -1.080368834795230103e+11 -7.097580376320913696e+10 -4.290490920029649048e+11 -2.696694536774946690e+09 -1.101417929870792542e+11 -1.104501449351622620e+11 -4.482574414965078735e+10 -1.123969475759210052e+11 1.237503159138284912e+11 7.180817500499552917e+10 -1.460031573608160400e+10 1.820452191757965088e+10 -2.210690627262902069e+10 1.412991964359907913e+10 -5.566592167507037163e+09 -2.345743723024634171e+10 3.169586959745988083e+10 -2.423777973077921753e+11 2.975660445816631470e+11 3.385615322095915985e+10 1.786915495687667465e+10 7.814682715482213020e+09 -6.199727501677964211e+09 2.170761828680151367e+10 8.587078093187808990e+09 1.533926040128868103e+09 -6.916871762729180336e+09 3.448909445992250061e+10 2.743301062774713898e+10 1.466607814200251007e+10 -7.065402355925260925e+10 3.532654717589370728e+10 -5.340346558035416412e+10 -5.118912504832527637e+08 5.391038344343027115e+09 4.766189759454560280e+09 3.824029632564437103e+10 -2.264975981829515457e+09 8.767150788171226501e+09 5.710413972097259521e+09 5.377317203369967461e+09 -2.678866938659331131e+10 1.378061867702997589e+10 1.304703609566594124e+10 -3.485542442587807655e+09 -1.467604002283757210e+10 -9.418971631012742996e+09 2.243024752294961166e+10 1.738273363250263977e+11 2.074215393577049255e+10 -2.700577424388628006e+09 -3.662185440142960358e+10 2.190761905805157471e+10 8.087473886849108696e+09 5.877711722074909210e+09 4.328947591513074875e+09 1.082433644277328110e+10 1.576850692423809624e+10 1.889695810836352539e+10 -9.204338202844693661e+08 5.521247978178359985e+09 4.821370940665993690e+09 2.613777361610599518e+09 4.566935668892837524e+09 -2.548855486673499584e+09 6.941111772057983398e+09 3.699829495122338295e+09 6.725991420130349159e+09 8.359712718410667419e+09 2.397945855563194275e+10 -8.082122973901479721e+09 6.508112492152425385e+10 -9.378279849384958267e+09 5.934172050430236816e+09 1.999309005459734344e+10 7.482478566020927429e+10 3.145130662962054825e+10 -4.172181669865879536e+09 -5.735005955037925720e+09 6.172362923734531403e+09 1.187499926010923958e+10 5.064872889775376892e+10 7.841666823179518700e+09 3.023970740558104515e+09 3.061496702518182278e+09 4.142206977459854603e+09 2.760985891140910149e+09 3.080029994094781399e+09 -3.088684699586591339e+10 -7.324377008506457329e+09 3.038969333722930908e+09 8.242886943339177132e+09 5.216036247444272995e+09 -2.066078015641592026e+09 2.034194964612133741e+09 1.138992950012666702e+10
-8.580219163317467319e+05 -2.382695252870942059e+05 -1.306727538446175458e+05 -5.913410605367527023e+04 -5.093103424997011462e+04 2.769333308703672810e+04 4.397711475345656072e+04 9.725586612139630597e+04 7.475833559824078111e+04 7.542724859044302138e+04 4.020169836414489691e+04 4.343683916423991468e+04 5.365402756427570421e+04 6.980120326562007540e+04 5.334233783135918929e+04 5.288485386871197989e+04 6.806726458121843461e+04 5.241854798917176231e+04 4.461057080637374747e+04 3.854240662730063195e+04 4.780333827052054403e+04 5.593136472073147888e+04 6.130263376127298397e+04 4.033635579394679371e+04 4.364701195412598463e+04 5.084649802122876281e+04 6.437955211675541068e+04 5.979156063841327705e+04 5.481836871751927538e+04 5.498574687471258221e+04 5.277636205586055439e+04 5.281057466359669343e+04 5.309559823251669150e+04 7.856995184430619702e+04 1.772603642693318543e+05 7.040256012253167864e+04 6.028978280709124374e+04 5.311120656076876185e+04 5.358074183981050737e+04 5.364762354333876283e+04 5.116673258497215284e+04 5.217455416322617384e+04 4.864026904287148500e+04 5.926114110757484741e+04 4.990596902232946741e+04 5.431875434594799299e+04 4.730452888341565267e+04 5.136825357041956886e+04 4.907391542363262124e+04 4.952742944351381448e+04 4.431154096262621169e+04 5.097438389011521940e+04 5.491050207638741995e+04 5.195299257005540858e+04 5.138611928056424949e+04 -2.575129664564525604e+10 8.611751339224099731e+10 -7.948132928202862549e+10 -5.181185110194022179e+09 -1.069133651287435059e+12 -5.093554677374546051e+10 -1.183876244705618591e+11 2.654288227279817200e+10 -3.642257781743821716e+10 -3.749299888879263306e+10 -2.403321300906999512e+11 3.910942830972757816e+09 -9.979807971734832764e+10 2.761067610632051849e+10 -2.380528118492549515e+10 -3.510741307837825012e+10 -2.589491180091408157e+10 -2.830497157176483154e+10 -6.347896377771493912e+09 -4.033131003263359375e+11 -4.035851281660948181e+10 3.496606795344975281e+10 1.265096365384263611e+10 -5.188401168453036499e+10 5.602312351696300507e+09 7.230373501468258858e+09 6.811335427587196827e+08 -9.616805810176156998e+09 2.425423316092944622e+09 1.601764439273862267e+10 1.767498592104342270e+10 -2.930476094421711922e+09 -1.490105165536977577e+10 2.273323075472226334e+10 7.519707665884744263e+10 3.172380955723778534e+10 8.471564060522384644e+09 5.767862337666931152e+09 1.862829702955018997e+10 1.030511224820840454e+10 -9.821089389332828522e+09 5.655749037325233459e+09 9.553660799718158722e+09 -7.688786887488250732e+10 9.827655090943372726e+09 1.833815969635020828e+10 3.144449282003448963e+09 -1.439544766403010845e+09 7.902320840464721918e+08 2.475821197243797684e+10 9.249926498973782349e+10 3.980640509023923397e+09 2.070194829644471407e+09 -1.085673229293303986e+11 3.301283696119178391e+10 3.919103060103295803e+09 1.441268208434384727e+10 7.883821367047379494e+09 2.569100727087109089e+09 2.883425393947876453e+09 9.783850903271841049e+09 7.906327337129806519e+09 1.181659252839398575e+10 4.012584662428791046e+09 -2.678959190121058464e+09 -8.477695603858550787e+08 2.873676152013634518e+07 1.976406984452880096e+10 5.529520608764694214e+09 1.138220082892148018e+10 1.330584269856321335e+10 6.068480325865690231e+09 3.317507307827104568e+09 1.535884807422786865e+11 -4.134539265448745251e+09 1.101292770581218338e+10 2.275077102874737930e+10 1.830500179289693909e+11 2.938711472957622147e+10 -1.162293363502808189e+10 1.223626830673225021e+10 6.175341249547327042e+09 8.811247362269336700e+09 -5.614470093532998085e+09 1.403911117547368431e+10 2.875255521004276276e+09 9.716140430896924973e+09 6.015102440543772697e+09 5.861976138684616089e+09 3.890651022694962978e+09 -4.178878260531185913e+10 3.356290050396154881e+09 -5.325540250071887970e+08 5.095046474568240643e+08 1.086757863998499489e+10 -2.774802271317135096e+08 1.191669728372720528e+10 1.292540411263636398e+10
-6.121870295726555632e+05 -3.101438864348541247e+05 -9.014317954134412867e+04 -6.100838947819347959e+04 7.032956608702027006e+04 9.936032262196955344e+03 7.548875202673234162e+04 7.460613675761496415e+04 3.660365623258009873e+04 4.165481140404631151e+04 4.312432433296918316e+04 5.373113658187422698e+04 4.404715053147722210e+04 7.304536403162917122e+04 5.011284597542825213e+04 5.695952825953952561e+04 6.021585013578990038e+04 4.139681565662819048e+04 4.246086735962818784e+04 3.332071061911373545e+04 4.847286617507440678e+04 5.476764693339367659e+04 5.815428332135364326e+04 3.290803136590006034e+04 3.287424008317779226e+04 5.939327918256152043e+04 6.335078110293646023e+04 5.595346052908357524e+04 4.520464614675186021e+04 5.383148939445628639e+04 5.975730168231634161e+04 4.821959827794804005e+04 5.002705419548887585e+04 5.350396483326941961e+04 7.040256012253167864e+04 1.679489445093379472e+05 7.351158071748545626e+04 5.595628773954692588e+04 5.533062308160032990e+04 5.365528362422138889e+04 4.889894359537614946e+04 4.913176216743623809e+04 4.702429434351552482e+04 5.393387915209675702e+04 4.514577704018298391e+04 4.780618511646467232e+04 4.798993174451692175e+04 4.573512933422242349e+04 4.403056588986650604e+04 4.873777117470216763e+04 4.838992692453367636e+04 5.011348785485565168e+04 4.821576906969230913e+04 4.895511487977753131e+04 4.326064808747077041e+04 -2.955211346171771240e+11 -3.046624759043174362e+10 -2.666519945564994507e+11 -3.194520661910232544e+10 -1.539696479228306152e+12 -5.121821054659661102e+10 -6.992841355039765930e+10 -8.571216079561811447e+09 -4.254424625386759186e+10 -7.740906701640069580e+10 6.538401763782063484e+09 5.203704216169434357e+10 -1.054798604087792664e+11 6.895533116836252213e+09 1.424681292076217270e+10 -8.817315283817639160e+10 -7.121216385555938721e+09 -8.126570358176078796e+09 8.160954116245650291e+09 -9.412072162884704590e+10 -2.218293317906875916e+11 3.872119728992276001e+10 -1.372784606617152596e+10 -7.145440690635659790e+10 -2.179195817086168289e+09 -1.149265600247445297e+10 -3.327636146000783443e+09 -1.087996567790414734e+11 -1.932029745191869354e+10 -2.041764329133565140e+10 -3.154367008636990547e+09 -1.559275843091716385e+10 1.857060197726356506e+10 -6.528915099337940216e+09 -2.521560167018846989e+09 1.623769131814435959e+10 3.664279539519863892e+10 4.535245742988319397e+10 -1.702833627347127914e+10 1.764158836963366318e+10 2.034582439606051445e+09 1.261535513325586128e+10 -8.027654164904963970e+08 -5.920657262597582245e+10 3.485968129168517303e+10 -1.385489552333443832e+10 -5.862092429104984283e+09 -1.265916945824903107e+10 6.077426072301898956e+09 9.841914983301852417e+10 1.168835196642570953e+11 6.011521091622786522e+09 3.459986611600483418e+09 -2.380950186937078857e+11 3.649959827100496674e+10 -2.965904401645149231e+09 1.712320661800449944e+10 -3.505651225511595726e+09 -5.794537078013742447e+09 1.366815146222424316e+10 4.828497137378780365e+09 2.019020935526720428e+10 -1.978898146244276762e+09 5.908479808501686096e+09 -3.809719647054563904e+10 -7.895874516127437592e+09 -7.178023085112459183e+09 1.383715683430702782e+10 1.123954025977174377e+10 1.661059054316440392e+10 1.538496839885877419e+10 -1.046417542857529755e+11 -1.628367301632162666e+10 5.104771030101837158e+10 -1.166458634565670013e+10 2.518400120005472660e+09 8.844186680023181915e+09 3.487224954785356140e+10 2.493769833404407883e+10 -9.032039006473562241e+09 1.137393677678010178e+10 -1.168506809724902868e+09 1.061250213163868523e+10 -2.128862087425070190e+10 2.061853297441173172e+10 1.405194130007480812e+10 5.552650912150744438e+09 4.050162129742628336e+08 8.287403009617697716e+09 6.099924620232397079e+09 -4.950443179892734528e+10 -6.782926656283191681e+09 7.228280821272683144e+09 -4.616681995067018867e+08 2.338625834551760674e+09 3.102433916731131554e+09 5.887247428933495522e+09 4.020527468087457180e+09
-5.690821342767607421e+05 -3.143726287513967254e+05 -8.919002619116689311e+04 -1.399648977194948238e+05 1.145931239123767045e+04 3.997454059567418153e+04 5.199282637636757136e+04 8.602686806759532192e+04 5.059639229130670719e+04 8.567097394507579156e+04 2.846868961267027407e+04 3.928640958176315326e+04 4.878586633056335268e+04 7.075805105225511943e+04 7.353110276213893667e+04 5.904933287777807709e+04 5.547043037942985393e+04 5.398837473405215133e+04 5.123820951909965515e+04 4.394688861835809803e+04 6.508315399471383716e+04 5.429320545824698638e+04 5.708739529975689948e+04 4.114616248751485546e+04 4.179774918762585730e+04 6.603783839043302578e+04 5.775129815951937780e+04 5.258253107859337615e+04 5.424104909774789849e+04 4.951920977923100145e+04 5.889531059551055660e+04 5.298705086163985106e+04 5.593465172298799735e+04 5.807279467424870381e+04 6.028978280709124374e+04 7.351158071748545626e+04 1.576348191304241191e+05 7.185413052299564879e+04 5.264827779483133781e+04 5.316295608154932415e+04 4.988578396573185455e+04 5.090063095719888952e+04 4.559979089590103104e+04 5.331906055133809423e+04 4.656940919580422633e+04 5.303071628209961636e+04 4.953420182312915858e+04 4.882465330782002275e+04 4.599994803158252034e+04 4.746216146664020926e+04 4.923771848143113311e+04 5.314963131090965908e+04 4.904403407572036667e+04 5.553549828007998440e+04 4.775598275653188466e+04 -2.064712335647966614e+11 -3.740290009990581665e+11 -1.573651376929466858e+11 -1.691656762490939941e+11 -1.863939509571761719e+12 -1.705462834521729736e+11 -1.623500707794060974e+11 -6.057103987234239197e+10 -3.403416602262716675e+10 -8.693366372062662125e+09 2.785625449831450272e+10 4.570962093028862000e+10 -9.096668462036396790e+10 -1.243710274637629890e+10 -3.269512609417134476e+10 -4.312922470290607452e+10 -4.267520083092350006e+10 -1.457902171402156448e+10 3.444818627840430737e+09 -3.041011317181448364e+11 -1.098572205607321625e+11 2.729745029401926804e+10 1.325250631325704575e+10 -5.085017613400543976e+10 -2.688132048150152206e+09 1.431590907875011444e+10 1.568332369829932022e+10 -1.441513827668980217e+10 6.088556474666571617e+09 3.465399145802139282e+10 2.310691181986144638e+10 2.745753567289289474e+10 -1.331452428899959259e+11 -9.500807440856617689e+08 2.414147004402140427e+10 -6.451189455641500950e+08 2.311692933879077148e+10 1.142791191119099808e+10 -4.007796671242206573e+10 3.644746406456634998e+09 -4.825198847578686714e+09 8.852457277610305548e+08 -3.949942847847061634e+09 -2.110270557842108154e+10 -5.460521724079106331e+09 -1.199157984059186554e+10 5.439796014050624847e+09 -4.026202188516863346e+09 4.303855702157444000e+09 1.172850891436255341e+11 -3.109890389575320053e+10 2.514309628599219513e+10 7.657866948260376930e+09 -1.073763265640194397e+11 2.347855560968608475e+10 1.709250305531278229e+10 2.180883007827449799e+09 3.726004092124678612e+09 -1.738074984678989792e+10 -1.109796910726953506e+10 -5.043250946419374466e+09 5.732684742119592667e+09 -8.526634654706146717e+08 6.876916452246842384e+09 -4.008840810199868774e+10 -3.370420401660404205e+10 1.245666224093603134e+10 7.822695572148655891e+09 1.743111429513704300e+10 1.255478517292151642e+10 -8.741390857087702751e+08 -1.260780725123858261e+10 4.698471087960330009e+09 3.809781172987721920e+09 -5.626980711462872505e+09 8.996848288340015411e+09 4.398388361060318947e+09 -3.684289338779678345e+10 -1.381607502979515076e+09 2.968645478433317542e+08 9.645839242981464386e+09 4.960362363458788872e+09 6.508160249577405930e+09 -4.426171276908087921e+10 -9.158966885334302902e+09 4.494416002207386971e+09 3.330160109389355183e+09 6.614736631945309639e+09 1.212204679702842903e+10 5.357192726729990005e+09 -5.196480621837913513e+10 -1.545794754586927605e+10 9.667635083411716461e+09 -2.951409958372898102e+09 1.844657141996111298e+10 6.948219810496016502e+09 3.304723692615268230e+09 2.191006660627822113e+10
-4.643981304974351660e+05 -3.915667721562534571e+05 -4.188300956507807132e+04 -4.804048756805704033e+04 4.039220364227997197e+04 2.026089231001094231e+04 4.702574847063326888e+04 8.287358360892166093e+04 6.018459588313507993e+04 6.157519076295608102e+04 2.199662073465993672e+04 3.134444200921135052e+04 3.938233567502927326e+04 7.377094353642073111e+04 4.705020054248949600e+04 4.986353117998933885e+04 5.872558686213580222e+04 4.943380605260634184e+04 3.829503792163353501e+04 3.903572953727115237e+04 4.390044910555597016e+04 4.131949126643610361e+04 4.299079435704332718e+04 3.361464177451963042e+04 5.072070589708018815e+04 5.886361583752524166e+04 5.620060396272982325e+04 4.867023705728212371e+04 4.814253513488880708e+04 4.605997497474258125e+04 5.381715075485005946e+04 4.823888073086390796e+04 4.443933434802061674e+04 3.992495725970697094e+04 5.311120656076876185e+04 5.595628773954692588e+04 7.185413052299564879e+04 1.431823402760758763e+05 6.884261586495260417e+04 5.164108009886888613e+04 4.102835388451880863e+04 4.699295847828346450e+04 4.130076067748705827e+04 4.849936529309460457e+04 4.659046196991573379e+04 5.055872717095197004e+04 4.682040629950973380e+04 4.109010571884482488e+04 3.994430954894077877e+04 4.154619347900927824e+04 4.482467634784050460e+04 4.809626385686786671e+04 4.626855091806968994e+04 5.222586953426936816e+04 4.565814281718681741e+04 -3.069182014047296143e+11 -5.377835706493321991e+10 -1.305481662435051880e+11 -3.102891418060027695e+10 -6.748942293840104980e+11 -7.478301800493434143e+10 -6.729636773742026520e+10 -4.586194008262213898e+10 -4.912941927368303680e+10 -1.348773040452355385e+10 3.591137680240589142e+10 1.171103208234843445e+10 -2.758106849198434448e+10 -9.432586243225170135e+09 -1.094487927462162590e+10 -1.299221412678799286e+11 -3.874032582919376373e+10 -4.389448161624239922e+09 -1.916208635758740234e+10 -1.460971845350755310e+11 -2.066944713727741699e+11 1.275825501181128311e+10 -3.694523386430439758e+10 -3.931948995315646362e+10 -1.770033213625928116e+10 -1.010314208942580032e+10 -8.122788802080674171e+08 -6.156134206625370789e+10 -4.307704626412221909e+09 1.902471641319927216e+10 1.379394369780557156e+09 3.615112514104446173e+08 8.189212149576522827e+10 -8.560986516572957993e+09 1.029597012193506012e+11 2.534307731741713333e+10 5.459294404132007599e+09 4.274930956735929489e+09 -4.791659802192404938e+10 1.808711606100104904e+10 -1.181623228369149780e+10 -1.095640162038400650e+10 3.073848974613137722e+09 -6.510216550469061279e+10 7.799720970137733459e+09 -4.838105392398467064e+09 -1.232263110693612671e+10 -3.658712842375565052e+09 4.544416350645401001e+09 -1.386481234636581421e+11 1.132813707385873566e+11 -5.018864914429977417e+09 1.076299349885416985e+10 5.790194805409786224e+10 5.201768625269297791e+10 1.051399173543159217e+08 1.434973348759673834e+09 8.814635739004405975e+09 -6.310506565915279388e+10 8.242009365105416298e+09 1.921143977494336128e+09 -9.989277302150367498e+08 6.594935142948348522e+08 -5.278953448087450027e+09 -4.572229760445930481e+10 -5.624441734741075516e+09 -7.343876025032336712e+08 1.362745394497023773e+10 2.108294215246701002e+09 1.109517213992269135e+10 1.727351424902550125e+10 -1.205285561464223328e+11 -5.079207655018119812e+09 2.143196531575572586e+10 -1.331394449502563667e+10 4.737064383864360809e+09 5.700082057633091927e+09 -3.317581100385409164e+10 2.119542696773454666e+10 -3.424602035742064476e+09 1.306091828587222576e+09 7.623241855342062950e+09 8.078749359555866241e+09 -4.081983857827035522e+10 7.447029868017460823e+09 7.382871826316687584e+09 8.207589697753874779e+09 9.115231942240806580e+09 1.340264563864308357e+10 9.187927829893009186e+09 -5.174060775685227966e+10 -5.575797865373511314e+09 6.821316221079594612e+09 -1.355808751377980471e+09 6.084882914318596840e+09 3.398001529097652435e+09 6.405266258200078964e+09 1.008664567378887177e+10
-6.002937862763105659e+05 -3.637386034134834190e+05 -1.386376485224675853e+05 -6.245403250876188395e+04 -2.366602613027456300e+03 2.799004182242979732e+04 2.159816068629029905e+04 4.892016300187317393e+04 7.594030327495696838e+04 6.149865712423063087e+04 4.673253792956872348e+04 3.206291608448475381e+04 3.586705742355607799e+04 4.398619038648500282e+04 5.366807508057709492e+04 6.597505839581713371e+04 4.800805488604427228e+04 5.402797404903916322e+04 2.714933598426843309e+04 4.199864857945687254e+04 4.687991410927206016e+04 4.993080250023368717e+04 4.387106981198367430e+04 4.811844131275854306e+04 4.455822210210099729e+04 5.295454474972902244e+04 5.967188556460025575e+04 5.231054801594425953e+04 4.898065909598525468e+04 4.839859062369210733e+04 4.480372970358467137e+04 5.209239594171900535e+04 4.728514631960882980e+04 4.336931846893390320e+04 5.358074183981050737e+04 5.533062308160032990e+04 5.264827779483133781e+04 6.884261586495260417e+04 1.492638893152790843e+05 6.930138728212002025e+04 4.904956306119939109e+04 5.366973709904998395e+04 4.714210872451515024e+04 4.832875524391732324e+04 4.549028838129951328e+04 4.755277883334927901e+04 4.435291817142601212e+04 4.358488735025599453e+04 3.996813143858539115e+04 4.492011246580283478e+04 4.633269296249299805e+04 4.867623973802668479e+04 4.485574095687611407e+04 5.330260711271484615e+04 4.841538416701466485e+04 -1.921389827376023254e+11 3.562110077003486938e+11 -5.441346454213064194e+09 -4.526026644176228333e+10 -6.775366376006606445e+11 4.902421987804051971e+10 -3.597565810110118103e+10 -3.902478585315600586e+10 -2.312015392866573334e+10 -1.253186242137145691e+11 1.154823011189515381e+11 5.532431774853146362e+10 2.140333602562765884e+10 -4.293948103023288727e+09 -3.101746123201350021e+10 -8.878099087918290710e+10 -1.733780153026374817e+10 -1.420240684794507408e+10 6.196137122726258278e+09 -7.761471345246383667e+10 -3.549488640001618195e+10 9.123793051212162018e+09 -2.689429580654919815e+10 -5.017658047761622620e+10 -1.620752468083756638e+10 1.291535452786817932e+10 9.486755548559156418e+09 -1.167950216737353706e+10 8.819840665786687851e+09 2.282806282590544510e+10 5.378738977393877983e+09 1.798038706431040955e+10 7.186383050191969299e+10 1.126921230269774628e+10 -4.760607221815110207e+09 2.296054171155310059e+10 5.262831901377552032e+09 8.721580156190715790e+09 -1.129359336157123566e+10 9.259493327800256729e+09 -7.426957140999928474e+09 -6.794179183450362206e+09 1.031954964310656166e+10 -5.752165970559933472e+10 1.738975829610752487e+10 1.455137570374886322e+10 -1.539468044551928902e+10 6.133185299591979980e+09 -2.134576772714021683e+10 2.660495679859074020e+10 1.132666020073046417e+11 1.169164235200774574e+10 1.890221815652247238e+10 -7.730074451756359863e+10 3.117220097196140671e+10 1.123113858621635437e+09 2.521546518684494972e+09 1.019851599584304810e+10 6.424856526097185135e+09 7.901267476189756393e+09 -7.312370573922848701e+07 2.788099299124927521e+09 -2.751219512252242565e+08 -7.360567656937865257e+09 -5.191436677495211029e+10 -8.997421882879236221e+09 -3.531844887433621979e+10 3.719161670406477928e+09 -5.323651873593515396e+09 2.876731042345281601e+09 1.711181972260933113e+10 2.382316780067719936e+09 4.521915762157116890e+09 1.106543293936533356e+11 1.634766236658644485e+10 1.728148801261151123e+10 1.628093163833685493e+10 -5.300202640599150848e+10 3.208450271091593933e+10 3.442740954893300533e+09 8.598862724273107529e+09 5.999649970845868111e+09 -4.246757271417771816e+09 -1.420178680612015343e+10 -6.702234281238523483e+09 3.069061598474740028e+09 5.750619299349115372e+09 6.948546271691866875e+09 8.301770419749089479e+08 4.727067310972357750e+09 -3.851778388402685547e+10 -9.745195891723327637e+09 9.457601116249572039e+08 7.870424713380182266e+09 1.248525614831901932e+10 1.090785239878759956e+10 8.928145948885063171e+09 6.646004946960380554e+09
-7.317606441933219321e+05 -3.317954574451267254e+05 -3.389287985642435524e+04 -3.555983905574180244e+04 2.652516019601134303e+03 2.499161923378111169e+04 6.175837679191298230e+04 7.593237639363533526e+04 5.344193089563145622e+04 7.966497040999401361e+04 7.059201602493754763e+04 2.900569932594215425e+04 4.517137772695549211e+04 5.617838971264913562e+04 4.849093609860591096e+04 5.203904967666057928e+04 5.564160210538959655e+04 5.916799368170856906e+04 4.683126831323707302e+04 3.745594580226857215e+04 4.962420391358203779e+04 5.456702332609464793e+04 5.353289956741555216e+04 4.660754866743890307e+04 4.214619314602248778e+04 5.290556565928619966e+04 4.803732115987323050e+04 5.207633297131165455e+04 5.149849764822293946e+04 5.483035943490805221e+04 4.921464166291242873e+04 6.196616554866393562e+04 5.833935112080732506e+04 5.233893498452993663e+04 5.364762354333876283e+04 5.365528362422138889e+04 5.316295608154932415e+04 5.164108009886888613e+04 6.930138728212002025e+04 1.392537674103507597e+05 6.448327072545835108e+04 5.753940399166598945e+04 4.447879780486638629e+04 4.927179657246356510e+04 4.867360738393470820e+04 5.272570388427342550e+04 4.890446187749468663e+04 4.429976411614690005e+04 4.431710220282246883e+04 5.167144017058658937e+04 4.907547326415966381e+04 5.137416682081881299e+04 4.351143507950969069e+04 5.286408634325490129e+04 4.695899293616513751e+04 2.516168126951314087e+11 8.136749042503021240e+10 -1.870173084187767029e+11 -1.960619023406132698e+09 -4.677596337492422485e+11 -1.274632002019250793e+11 -1.132865803340957489e+11 -3.839839188351993561e+10 -2.204582454171438599e+10 -8.420248561468609619e+10 2.626879375928507996e+11 -3.029872578311553478e+09 -1.526190903646094513e+10 -7.675243007418066025e+09 7.669398795757259369e+09 -6.927366029110115051e+10 1.362878690658526230e+10 1.882140038245939255e+10 4.383633417035101652e+08 -1.734543067335098267e+11 -1.410862630128444824e+11 2.711798196285109329e+10 1.265703123752800751e+10 -7.062450023112837219e+10 -2.499715249785638046e+10 7.050863270954714775e+09 1.653195924402682304e+10 -4.828677645565143585e+10 -1.364231508593825912e+10 7.665970160981628418e+09 1.991972535529371262e+10 3.605595921636505890e+10 1.544446704186022034e+11 3.147852661542187119e+10 -1.438964270867122803e+11 -1.916491625910390377e+09 1.407571676672505379e+10 1.648860283255989647e+10 -4.572106875245496368e+10 -4.446961516222001076e+09 -1.134294224434285355e+10 9.333199747909612656e+09 1.876757825412320328e+10 -4.782455633171883392e+10 1.614768386037128448e+10 -1.777484368273199463e+10 7.688685742356086731e+09 -6.277206315911321640e+08 -8.939179756045549393e+09 -6.096172968469028473e+10 8.608345014767070007e+10 3.440405955705850220e+10 2.135580888730125046e+10 -1.147215763298858337e+11 3.679914782836955261e+10 1.353951972642628098e+10 6.211583408909878731e+09 1.320683513890439606e+10 -3.334604298594670868e+10 1.283717225439585686e+10 9.070891536154273748e+08 1.055476274207223129e+10 -6.165716035378308296e+08 4.779651215098774910e+09 -4.207761710354176331e+10 -7.538077424469236374e+09 -1.231149904686502838e+10 -8.469977438860158920e+08 2.073714104531363487e+09 -6.740376935955990553e+08 4.351725470108934402e+09 -3.137883385785543442e+09 -8.884129361241060257e+09 1.938380766788690567e+10 1.660603496632657242e+10 1.029509503381811714e+10 1.851559929485608673e+10 -4.574450689037461090e+10 1.780617262632928848e+10 3.033625273316661358e+09 1.435321970734494209e+10 3.990472122383419514e+09 1.352817891474517632e+10 -2.017940843524345398e+10 -2.055937848477480173e+09 3.409256754349823594e+08 9.096296756538417816e+09 1.026922841767333603e+10 1.007456720445352173e+10 8.735475396235563278e+09 -6.897154409886480713e+10 -1.409384796948557091e+10 -1.287983259018476677e+10 1.285936999894579124e+10 8.982219997276903152e+09 9.852054407123568058e+08 5.910859892513920784e+09 1.208381782216758156e+10
-3.686506999566509621e+05 -3.484077811553194188e+05 -4.213635408120229113e+04 4.433959337724340730e+04 -3.934840153986263613e+04 1.787231178409709901e+04 3.152986182146351348e+04 5.307377176668559696e+04 5.197140644472160056e+04 5.497304074185124045e+04 6.149747452051025903e+04 4.364504092623628094e+04 5.538904629978125013e+04 6.819737048762434279e+04 5.444036520419832232e+04 5.499250339905431611e+04 5.339416917094289965e+04 6.004692932689331792e+04 4.152420148996213538e+04 3.417596210320281534e+04 4.800509862949082890e+04 5.540880161871100427e+04 5.032337123802856513e+04 3.869570961061208072e+04 4.126065589493986772e+04 3.983808451556632644e+04 4.730686604603384330e+04 4.368664382815871068e+04 4.247825259009400907e+04 4.915400099277793197e+04 4.764705964434941416e+04 4.715148327318041265e+04 4.775761274198857427e+04 4.659513529234850284e+04 5.116673258497215284e+04 4.889894359537614946e+04 4.988578396573185455e+04 4.102835388451880863e+04 4.904956306119939109e+04 6.448327072545835108e+04 1.316001330903520575e+05 6.437628507159649598e+04 3.789763948472300399e+04 3.886754334979511623e+04 4.542922850767221826e+04 4.740502393870825472e+04 4.369654953984060558e+04 4.225351646647186863e+04 4.056397275292920676e+04 4.201350462731678272e+04 4.128425508353373152e+04 5.003912336541962577e+04 4.490470113844164734e+04 4.610515319549039123e+04 4.013803895166260190e+04 -4.562558747753185425e+11 3.754838039051428223e+10 -1.574849450348101807e+11 -1.254777193849995613e+10 -8.277212722910053711e+11 -1.631572362322670898e+11 -9.560155880864985657e+10 -9.484239338531506348e+10 -2.630272456459912777e+09 -4.175070728918359375e+10 -6.965815963399902344e+10 5.934459776564031982e+10 -7.473699965905751038e+10 3.550850192963377380e+10 -3.031443576888322449e+10 -1.351435055522946167e+11 -1.008104759277376175e+10 -2.722431901426884842e+10 5.479836391636370659e+09 9.548030386388294983e+10 2.878114605023170090e+10 -1.583772879704924393e+10 1.172086524875525475e+09 -1.028100256628460388e+11 9.043138619897851944e+08 1.927595650731824875e+09 -1.415728297344250679e+10 -6.936470704164448547e+10 -2.056650255704351425e+10 -1.751228200160894775e+10 1.037704051958074379e+10 2.994470577366466522e+09 -1.162180201598630524e+11 9.492412443354686737e+09 -1.652309693039278564e+11 2.555299039922078133e+09 1.161810773472405624e+10 -3.735276858005213261e+09 -2.964753922037899780e+10 1.304446733166796684e+10 -3.295882683321592331e+09 5.985479330973520279e+09 1.633550813823132515e+10 -6.971618297801945496e+10 1.849330921154343414e+10 4.960748926708250046e+09 5.255000543020559311e+09 1.200352142255889654e+09 -6.389868333161611557e+09 -3.983777941688858795e+10 4.773219619997076416e+10 6.362058186376122475e+09 1.890772339441751242e+09 -1.349747064907123108e+11 4.943133727358931303e+08 4.546498555705346107e+09 8.549021949456597328e+09 1.671443843270226479e+10 -3.273423380771074677e+10 2.292624866176171112e+10 8.378859353749039650e+09 1.586403798804792023e+10 1.327400852268664742e+10 9.548620540247016907e+09 -5.639368618427584839e+10 -2.087043976940412998e+09 -3.901998519792722464e+08 9.156232225542900085e+09 9.304263862508985519e+09 1.565804921456737137e+10 3.597194742221294403e+09 1.399766692402906990e+10 6.740948021144983292e+09 4.217753997042731476e+10 2.339094397735544205e+10 7.564130962506246567e+09 1.151539927467891693e+10 -4.863583556938468170e+10 2.192644508252575302e+10 7.614307767919147015e+08 7.821553994126575470e+09 2.540040015748841286e+09 4.020281689119568825e+09 -3.774314526662153625e+10 -3.397423118279342651e+09 1.049393598971514130e+10 3.518348661359218597e+09 5.414515415950812340e+09 9.290772603492786407e+09 8.646200854815849304e+09 -6.870700543024050903e+10 6.048444402016707420e+09 -3.155201961564648151e+08 3.301366248961418629e+09 1.746962894880818176e+10 6.471456212113912582e+09 5.231076460067074776e+09 4.903261703138419151e+09
-5.865299443990545115e+05 -2.000410553788955731e+05 -3.816698493731443887e+04 3.300934352659764409e+04 -2.617944101338399196e+04 -1.087575904601357797e+04 7.721058887998248974e+04 3.493849373452724103e+04 2.699474805368550005e+04 7.132231804379593814e+04 6.807867328575550346e+04 2.446130137120030849e+04 2.904848577535422373e+04 5.530855911449976702e+04 5.773453291972514853e+04 5.077829034724934172e+04 6.391489308405498014e+04 5.289905226973017125e+04 4.276319549238396576e+04 3.878651028771838901e+04 4.604109679487032554e+04 5.175426942721895466e+04 5.815980423814951791e+04 3.849794383382357046e+04 4.540766263247426832e+04 5.203692324296736479e+04 5.470290360801963106e+04 5.149018065885879332e+04 5.092169612954850163e+04 5.124983642154675181e+04 5.617550274357562012e+04 5.189397279534539121e+04 5.081108402244553872e+04 4.815450159879068087e+04 5.217455416322617384e+04 4.913176216743623809e+04 5.090063095719888952e+04 4.699295847828346450e+04 5.366973709904998395e+04 5.753940399166598945e+04 6.437628507159649598e+04 1.312440457389381481e+05 6.031215328386345209e+04 4.752768041849832662e+04 5.033671335383038240e+04 5.611855545112471737e+04 4.952935718268393248e+04 4.450772885579136346e+04 4.165987968807994912e+04 4.646108794088616560e+04 4.279859094655398803e+04 5.026237046426824963e+04 4.777641911399459059e+04 4.968690636226678180e+04 4.661861374407511903e+04 3.816644169127453613e+11 3.456621549537628937e+10 -2.206246471061087036e+10 1.082028286460919342e+11 -8.339570258131223145e+11 -1.210814324707006683e+11 -7.652642591147573853e+10 2.440204080205753326e+10 -1.220189343615238571e+10 -7.073123958491992188e+10 -6.100771631402585602e+10 8.956651299336502075e+10 -2.141491379823202133e+10 1.703058659208752060e+10 -3.954633160118340850e+08 -2.181929194846311188e+10 3.591454299371013641e+09 -1.627736652742238617e+10 3.505202955183029175e+10 -4.387083644084162598e+11 7.754365473524229431e+10 1.219537109803735971e+09 -3.247903837981339264e+10 -6.483627646300791931e+10 -4.285617117926655293e+09 6.676149357582708359e+09 -4.252629295839463234e+09 2.257188362211995697e+10 2.701030890082654953e+09 1.641424806413845062e+10 1.985454865935677719e+10 3.254015520390134811e+10 2.072733830768514252e+10 3.240218928267264557e+10 6.374336009081195068e+10 1.864197668206589508e+10 1.096448737470426559e+10 2.116923617002830982e+09 -4.591248335890208435e+10 -4.210726743330203533e+09 -1.546163672813071251e+10 3.589556241292518139e+09 2.866626250123601151e+10 -2.133530585420335770e+10 3.868276539290658569e+10 -9.459734523443771362e+09 -1.022075908766975594e+10 -8.700082215214496613e+09 -1.453426218145830154e+10 -1.662689283225562439e+11 5.886857089600634575e+09 -5.443708229524925232e+09 -6.108226410150487900e+09 -8.319567516015187073e+10 4.353365565787934113e+10 -7.456418618742597580e+09 7.070778886021223068e+09 -1.109280454245142221e+09 -3.504275454189163971e+10 3.119649042411548996e+10 -9.977802358740583420e+09 7.822214077494546890e+09 1.918671208740928411e+09 5.427882643294961929e+09 2.936047980696874619e+09 1.918892009971198273e+10 -1.603318245171747589e+10 -4.392822274947679639e+08 2.884446652641353130e+09 6.381547935705316544e+09 1.200954210957378006e+10 -7.726262075694081116e+10 -3.630703316736177063e+10 -6.779338768422519684e+09 -7.548265673968988419e+09 -3.063184922397208691e+09 8.008893277761332512e+09 2.757937295449593735e+10 1.658562629438131142e+10 -1.033389041302055359e+10 5.525769141390618324e+09 1.515061806993230343e+09 4.723722187340858459e+09 4.480016016726829529e+09 1.403376920399283600e+10 -3.193407655954500198e+09 -1.250948502857904285e+08 3.122229003601313114e+09 5.950423042796043396e+09 1.452964528258256721e+10 -7.600896463839972496e+09 1.581936397005420303e+10 -1.278195539677824497e+09 4.468149210612771988e+09 1.452024809684017563e+10 4.177234054047131062e+09 3.998301360938592911e+09 1.872162879625220490e+10
-4.122018017954933457e+05 -2.623003509379946045e+05 -1.150979261230174598e+05 1.554491132631202890e+04 6.444361208968847495e+04 2.513105036524769457e+04 5.580935777900602261e+04 3.557513806646112062e+04 3.654653913812815154e+04 5.171774392693681148e+04 5.388135862619600812e+04 4.937930807276880660e+04 5.042651323764010158e+04 4.032389470245465054e+04 4.341542895788671740e+04 5.802946356148589257e+04 5.140257794261778326e+04 4.939649765013132128e+04 2.999275397102131683e+04 2.996140905018689227e+04 4.797545995853873319e+04 4.523444961336519191e+04 4.337945178629642760e+04 4.851618290160714241e+04 4.289871439236526930e+04 4.296768081235376303e+04 5.086418654642682668e+04 4.662854509564482578e+04 4.427791514433597331e+04 4.588369363422393508e+04 5.587702486449292337e+04 5.074776135588772740e+04 4.878657012785699044e+04 4.183423962027042580e+04 4.864026904287148500e+04 4.702429434351552482e+04 4.559979089590103104e+04 4.130076067748705827e+04 4.714210872451515024e+04 4.447879780486638629e+04 3.789763948472300399e+04 6.031215328386345209e+04 1.173133998554558057e+05 6.336480059105430701e+04 4.197330950972260325e+04 4.818401669782611134e+04 4.145097895706021518e+04 4.445468856675229472e+04 4.690575636785600364e+04 4.325540977497247513e+04 4.528382785337536916e+04 4.860709781091479090e+04 4.662231250147449464e+04 4.779121881735190982e+04 4.926270295369245287e+04 -4.354246250418446350e+10 -1.129479790981030121e+11 -1.543828444362913208e+11 8.059387269576936340e+10 -8.105750504058958740e+11 -5.988448706946707916e+10 -7.382029640466647339e+10 -2.670759272183679962e+10 -2.228358896871143341e+10 -4.779438693784580231e+10 -2.474462602362929993e+11 -9.312160211625759125e+09 -1.441548980097411194e+11 1.480151408446508217e+10 3.534395543480464935e+09 -4.242527804896560669e+10 2.514805179428730011e+10 3.517765723154090405e+09 3.360894450062941742e+10 -3.238205837156437378e+11 -2.083322378435734253e+11 4.313529024984616089e+10 3.599939958741099358e+09 -4.324990124260287476e+10 8.243041333921468735e+09 3.043974587614560127e+09 -2.323824125590810394e+10 -5.641290273292550087e+09 2.320924789569184113e+10 2.722635397927308273e+10 4.844190956405245781e+09 -2.292729644943873978e+10 -9.524933879667129517e+10 5.698200862056400299e+09 -5.602500077526475906e+09 4.139476080918640900e+10 3.242306627957618713e+09 1.275324233567273140e+10 -4.299833478063098145e+10 1.984220593822559357e+10 1.293988220644904137e+10 2.066640196792429209e+09 7.038585629584100246e+08 -1.390934930759592819e+10 3.737387717757939148e+10 1.216323907158792114e+10 -1.061274952052089691e+09 -4.509151292689620972e+09 4.226493834241667271e+09 2.407148817240242386e+10 -3.947044543932062626e+09 2.056287711060089111e+10 2.203482512140142918e+09 -9.981904974332995605e+10 6.191140786552438354e+10 3.688800905458957195e+09 6.666766379377846718e+09 7.888749588622112274e+09 -3.729969563647827911e+10 2.324184703533946609e+10 6.208953879315639496e+09 5.546834547499691963e+09 -7.854415415103311539e+08 1.027934378874637604e+10 -2.600800885107329178e+10 2.798855143107023090e+07 -9.623731340606834412e+09 8.494514663017142296e+09 -3.940997318859232426e+09 1.559651279137012863e+10 -3.191686339065748692e+09 1.784598852474103546e+10 -2.564005471176012039e+09 9.413369613506408691e+10 7.965779240913591385e+09 -1.416767653214563608e+09 1.497441791063264275e+10 -7.934107076419195557e+10 4.689774742989877319e+10 -7.540337396448887587e+08 1.672168500055925941e+10 1.092041944945150185e+10 7.849515479325606346e+09 -3.679435075015170288e+10 1.490675805475359154e+10 7.237893576067009926e+09 8.711745953053798676e+09 4.679156761993434906e+09 1.253714385611258125e+10 1.369668761383567047e+10 -1.282515892092336845e+10 1.489360707954607964e+09 6.402380787657411575e+09 5.942761954022197723e+09 9.104502418936088562e+09 5.576358068739821434e+09 9.682730737735208511e+09 2.232177918387795258e+10
-4.794228575318825897e+05 -2.253851572396493284e+05 -7.938748763622487604e+04 -3.694951140660467354e+04 4.181419239414597541e+03 6.072152933679680427e+04 1.302778644145858198e+04 4.700598846965406119e+04 5.900557673803261423e+04 5.433802083036560362e+04 6.076796369977154973e+04 4.915159753297303541e+04 4.524568228593123786e+04 6.093989903390019754e+04 4.108387272090361512e+04 6.060468737911647622e+04 6.080914719687796605e+04 5.088472701538514957e+04 4.458024912738664716e+04 2.494372706555431432e+04 5.199098442062206595e+04 5.120502097742119804e+04 5.420563721379307390e+04 4.795122560551271454e+04 3.968900266934722458e+04 5.584909658209690679e+04 6.049857366637875384e+04 5.177070835294370772e+04 5.372199657023661712e+04 5.894483357067853649e+04 5.761116776840927923e+04 5.847624787022281816e+04 5.677794599933949212e+04 5.228380869823374815e+04 5.926114110757484741e+04 5.393387915209675702e+04 5.331906055133809423e+04 4.849936529309460457e+04 4.832875524391732324e+04 4.927179657246356510e+04 3.886754334979511623e+04 4.752768041849832662e+04 6.336480059105430701e+04 1.277883279416730365e+05 5.862415499991568504e+04 5.667282061670281109e+04 5.025525233531412960e+04 5.164734492576072807e+04 5.285794964833453560e+04 4.963202877663735126e+04 4.662474048168652371e+04 5.108787020529897563e+04 4.479728215084438853e+04 5.130874087590855925e+04 4.928022362760709075e+04 2.226485830795723267e+11 -1.675694203817088604e+08 -8.756795286938310242e+10 -1.023649862857608948e+11 -7.437063969135717773e+11 -9.910877389402126312e+09 -1.531077531158724060e+11 8.082838442232655334e+10 -2.995832218250459671e+10 1.216077221046494102e+10 8.494634781939045715e+10 -1.172995372064446831e+10 -8.985504954222131348e+10 -6.719953820363959312e+09 4.120905475191464233e+10 2.603377153001034927e+10 -2.962017534977128601e+10 -3.565814539487470627e+09 9.665439202934152603e+09 -2.173139946380931396e+11 -8.602303805505668640e+10 4.547413065296537018e+10 2.264082636868303299e+10 -7.560228442253280640e+10 -7.162749798755337715e+09 -1.526829166514477921e+10 -1.560562420496629477e+09 3.956358061661882782e+10 2.206557275746408081e+10 2.186501486926088333e+10 6.282977222899761200e+09 4.447706184240406036e+09 -1.348593377657506714e+11 2.025202706037057638e+09 -8.278418140454202271e+10 2.835288937285192871e+10 1.545679653294887924e+10 1.229418845712883377e+10 -2.181525012629415512e+10 1.481314415976238251e+10 8.277794241540483475e+09 7.240835229209741354e+08 1.453322907004866409e+10 1.417062172396804237e+10 9.094345065124238968e+09 7.445781996577849388e+09 3.483354049662492275e+08 4.637471813202618599e+09 1.072401310036512613e+09 -9.079739373901289368e+10 1.044756188079889679e+11 2.247296655884115601e+10 -3.320584782108782768e+09 -1.350117825818635254e+11 3.691966841901642609e+10 1.813022786444380188e+10 1.024363197355153275e+10 1.955274456746744156e+10 1.034493964390171409e+09 1.985928125815876770e+10 3.575492712782127857e+08 4.564686239590282440e+09 -3.055663939740993977e+09 8.125740423663438559e+08 4.083551832096559143e+10 -1.364113291204198647e+10 1.404615250484798849e+08 9.769766467421499252e+09 8.921048954406919479e+09 1.403747845810194206e+10 -1.584909572853692055e+09 -5.895994334168354797e+10 6.096420148305804253e+09 -2.218481477810401535e+10 -8.309927265848327637e+09 5.483187904005549431e+09 1.457944058550489807e+10 5.373374306249477386e+10 1.291471740370681763e+10 1.738902345111015797e+09 5.571025844754757881e+09 3.179383150947654724e+09 9.081247430928081512e+09 1.718632357777362823e+10 2.983590883100054264e+09 1.056243685479546738e+10 4.812247751106909752e+09 4.431123221132782936e+09 1.302906620767177963e+10 1.092725000820824432e+10 3.858591996057362366e+10 -8.792111891687381744e+09 9.603602248766401291e+09 1.225679858135303307e+10 1.212740926265854597e+09 3.133173655887798786e+09 6.907099560422119141e+09 1.191190158779757500e+10
-4.121321669912107754e+05 -2.322060674267240684e+05 -4.090644384457977594e+03 -1.165617284416283655e+05 -2.023411608018910192e+04 1.128417614413316005e+04 9.999730540527809353e+03 6.601928665546429693e+04 6.127271493937152263e+04 4.774721082592189487e+04 2.547741593460355216e+04 4.266007248657591117e+04 2.398315965842429432e+04 4.863690466640808881e+04 5.576367755060113996e+04 5.431822364783068770e+04 4.119156771752979694e+04 5.103037502610618685e+04 3.538531328585031588e+04 2.516653828100757528e+04 4.142508781032766274e+04 4.826118816907608561e+04 5.151323213963304443e+04 3.903440096702268784e+04 3.911691497291872656e+04 5.564790953369459021e+04 4.834678944511164445e+04 4.843093051442579599e+04 5.460556190139405953e+04 4.803026207754117058e+04 5.307278091927716741e+04 4.586319686302390619e+04 4.825308375929224712e+04 4.327038683310116176e+04 4.990596902232946741e+04 4.514577704018298391e+04 4.656940919580422633e+04 4.659046196991573379e+04 4.549028838129951328e+04 4.867360738393470820e+04 4.542922850767221826e+04 5.033671335383038240e+04 4.197330950972260325e+04 5.862415499991568504e+04 1.146715284008754679e+05 6.387429376625087025e+04 5.061598288420965400e+04 4.763116298466533772e+04 4.550779532270038908e+04 4.453252073390578153e+04 4.073468925111000863e+04 4.776564639563952369e+04 4.295496259561146144e+04 4.430224297528852185e+04 4.268935598454852152e+04 -1.911660727746698608e+11 7.718253133389587402e+10 -7.577051369039372253e+10 -1.102360818762482452e+11 -3.168297536115908203e+11 -1.254031937375037537e+11 -1.125108489729774475e+11 -8.692713121423164368e+09 -2.674151889770746994e+10 -7.627135913953970337e+10 -1.739542758198577576e+11 -1.262285997953601837e+10 -7.767142743927994728e+09 7.288730086657320976e+09 -1.161608000024623108e+10 3.018218681376251221e+09 -3.324012712615866470e+10 -8.643151782093957901e+09 1.240968604538279533e+10 -1.020913102353387299e+11 -1.138940360907037201e+11 2.235679340792354202e+10 -1.581579042294247055e+10 -6.867686609530501556e+10 -2.482340951073846436e+10 -5.621429708368196487e+09 -6.422259800339991570e+09 -5.698748320873302460e+10 1.126932753889699697e+09 3.134041455837735653e+09 -7.380494704973288536e+09 9.016083280305311203e+09 4.840238122004229736e+10 -1.236549084082144165e+10 5.348125429212026215e+10 3.745181635300736237e+10 1.677119205282659531e+10 4.794916078412609100e+09 -2.750419494793117142e+10 1.290362726793662453e+10 -1.080819264501507282e+09 1.269636587002364635e+09 1.707263308279395676e+10 -4.975462877374784088e+10 1.776145798431055069e+10 -6.639627499486570358e+09 -7.247951091910877228e+09 -4.221419236625838757e+09 7.169746086194780350e+09 -1.534570195172746887e+11 -4.282985926629962921e+10 1.972340851058933258e+10 1.292544728155557823e+10 1.010108639059356213e+09 1.751208262654549026e+10 5.366938111772671700e+09 9.780973032861452103e+09 7.240717491616120338e+09 -6.652647628116973877e+09 7.736569972989554405e+09 3.490667579741282463e+09 1.271425428828172922e+09 -3.016242051039357662e+09 2.473083271544472218e+09 1.885959398728390455e+09 -7.532423997451322556e+09 6.778920923082686424e+09 1.038999104305905533e+10 3.458120550171939850e+09 9.146189824175689697e+09 -8.181458944915237427e+08 3.190687995630002975e+09 7.662807685847847939e+09 -1.138265585282348633e+11 -6.100146000882902145e+09 6.407011102666049004e+09 1.186100405072761536e+10 3.474353506106627655e+10 2.319204300833825302e+10 -6.921172821032382011e+09 4.776339762475573540e+09 6.258880774787922859e+09 8.026137294179497719e+09 1.224537821000911522e+10 -1.818287243395452023e+09 1.914495928563273191e+09 6.760454782469556808e+09 5.254352683288162231e+09 8.820581152026769638e+09 5.167894876364872932e+09 1.407570618690016174e+10 -7.043770291836807251e+09 -2.979298179403986454e+09 6.372514690259541273e+08 1.290871752871244240e+10 6.195328321456405640e+09 5.765041462712389946e+09 1.640809913227064133e+10
-4.175015617321078316e+05 -2.343419319414712372e+05 4.245000048431350297e+04 -9.638972608066134853e+04 2.540307962865391528e+04 7.667850001283688471e+04 2.550738101661131441e+04 4.121180938076705206e+04 5.186464806396985659e+04 4.750719053657590121e+04 5.333061811812203086e+04 5.214217037291989254e+04 3.816739718893606914e+04 6.498104283528900851e+04 4.994109544528934202e+04 6.687995245590248669e+04 5.041535626485634566e+04 5.714590723002065351e+04 4.770701668830399285e+04 3.866499732151488570e+04 5.357258328913098376e+04 5.741975613302725833e+04 5.225138131487438659e+04 4.725005544520790863e+04 4.735112553557328647e+04 5.103764143922970106e+04 5.642612072468464612e+04 5.067606139927295590e+04 5.129276276490883174e+04 5.144974224861747643e+04 6.001067281817779440e+04 5.726848244440025155e+04 5.481040998068432964e+04 4.520234763446440775e+04 5.431875434594799299e+04 4.780618511646467232e+04 5.303071628209961636e+04 5.055872717095197004e+04 4.755277883334927901e+04 5.272570388427342550e+04 4.740502393870825472e+04 5.611855545112471737e+04 4.818401669782611134e+04 5.667282061670281109e+04 6.387429376625087025e+04 1.237151417036562489e+05 6.685845727968061692e+04 5.908186560527765687e+04 5.189357000157181028e+04 5.218535672344987688e+04 5.191798284809786128e+04 5.496761753653183405e+04 5.072519947755122848e+04 5.373706401766236377e+04 5.352320617249967472e+04 -4.644292847709734344e+10 2.219817741535850220e+11 -7.258909940258132935e+10 1.290704461341313934e+10 -5.754176088709044189e+11 -7.707341792776992798e+10 -9.016725031221788025e+10 5.341198957001154327e+10 -3.378054243297423172e+10 -5.078948451144602203e+10 -4.405749100606813049e+10 -9.557660780013291931e+10 -3.843934927077468038e+08 -1.329739243854880905e+10 -2.354364174437316513e+10 -1.426937076541678429e+10 5.472954042011902809e+09 -3.123741456034057617e+10 4.514070091031087494e+10 5.403995861213557720e+08 -1.151622113772086182e+11 2.704353650033333206e+10 2.578129278052212298e+08 -9.316029027221353531e+09 -1.936491368032378387e+10 -5.549654139596260071e+09 3.094585577484791279e+09 1.624911124301389313e+10 -1.601680676867901421e+10 1.646026160874547195e+10 1.145701651621012211e+09 -8.029356584829011917e+09 5.998772444165220642e+10 3.000466275707452774e+10 1.416884490292249146e+11 -2.903690249423205376e+09 2.199227782768692780e+10 8.846048537908975601e+09 2.085495548796298265e+09 2.257308020756987333e+08 3.896018790072201192e+07 -1.893046880742650270e+09 1.322615117356340408e+10 9.851162830684708357e+08 1.380669730342365456e+10 -1.514248430963662338e+10 -1.111973381145068884e+09 -5.317536462739020348e+09 7.538647703014004707e+09 -1.332975272885075569e+10 3.044561265640866852e+10 7.514231931633256912e+09 -4.564175892403712273e+08 4.009779045584327698e+10 1.233518573214044952e+10 6.341602120430564880e+09 4.455337374640290260e+09 7.342434930087814331e+09 4.444435814105419159e+10 5.639668726666679382e+09 8.274958816363644600e+09 1.093704986556611443e+10 -1.570384706394081116e+09 5.848459602631838799e+09 4.179935058620188141e+10 -4.789369267123198509e+09 -8.841865985352569818e+08 2.919410570478332996e+09 9.441348219538570404e+09 5.936211995412874222e+09 5.518181282951658249e+09 -1.065536494831840820e+11 -1.606494808436407852e+10 -4.032027981396182251e+10 -2.966666265426447868e+09 1.390286459540664196e+09 8.184459779464166641e+09 -1.954429760321179581e+10 7.167531979658941269e+09 -7.071118577200787544e+09 1.284094579500787735e+09 -3.642184409841499805e+09 8.267754865701187134e+09 3.094685553970486069e+10 5.032269197147974014e+09 1.373213012841668844e+09 4.013501266595001698e+09 4.352907868121131897e+09 1.379059102076121330e+10 6.634113412799809456e+09 1.356771601847732162e+10 -5.731167100033504486e+09 -1.650799555845659971e+08 -1.035925202895704269e+09 1.345625793158827019e+10 3.105934966526351452e+09 7.733300834207633018e+09 1.111532703966603088e+10
-6.519197851300413022e+05 -3.462286009440197377e+05 -5.253179549615536234e+04 -9.626340653960498457e+04 9.327976382853166797e+03 3.078573612539315218e+04 3.400176204843077721e+04 5.228136423894297332e+04 4.759660630964305165e+04 4.498972359918284928e+04 5.283928581959938310e+04 4.408890336587256752e+04 2.716516746903734384e+04 4.610795577058590425e+04 4.684412816936290619e+04 6.537477672119644558e+04 5.450666438286070479e+04 4.811891441290005605e+04 3.579718839666474378e+04 3.720296521265452611e+04 5.191802344761698623e+04 5.570363781214348273e+04 4.824173213955368556e+04 4.581448429698644031e+04 4.202878653204021248e+04 4.798981659900823433e+04 4.886500190528416715e+04 4.880015875256732397e+04 4.299258705243829172e+04 4.872011057471222011e+04 5.094316180890388205e+04 5.399761413114742754e+04 5.306876801012826036e+04 3.714325239723083359e+04 4.730452888341565267e+04 4.798993174451692175e+04 4.953420182312915858e+04 4.682040629950973380e+04 4.435291817142601212e+04 4.890446187749468663e+04 4.369654953984060558e+04 4.952935718268393248e+04 4.145097895706021518e+04 5.025525233531412960e+04 5.061598288420965400e+04 6.685845727968061692e+04 1.141028403048140462e+05 6.191043322463967343e+04 4.543659789030541288e+04 4.711717906035442866e+04 4.514870420070729597e+04 4.893748631845547789e+04 4.705382980402967223e+04 4.976897492118612718e+04 4.541336015013598808e+04 -1.101553151691756744e+11 1.900538360757561951e+11 -2.032808385619706345e+10 -5.977348881891524506e+10 -7.192682895366042480e+11 -2.006604001202694702e+10 -8.324083145435542297e+10 9.914546382823332214e+10 3.022323851530690765e+10 -7.491284549714482117e+10 -1.993571174329296570e+11 -3.813411877754590607e+10 -1.490299315406671906e+10 -1.186267516389446449e+10 -1.508814756611957169e+10 -2.451415035401098633e+10 -1.869753587950600815e+10 -1.875522320329626846e+10 2.911331744321644211e+10 -3.412384161786630249e+11 7.760332664847578430e+10 1.396409681236133575e+10 2.920990796790876865e+09 -1.544578962006625175e+10 -5.176877378453514099e+09 -1.029247154204578590e+10 -4.162672575695286274e+09 -1.059870294652328110e+10 1.478062485906035805e+10 6.020492542738613129e+09 8.571483202114908397e+07 -3.525587177196626186e+09 5.534121866829803467e+10 -7.148664543750702858e+09 2.901971976575410156e+11 2.522690948774206924e+10 1.219768837876428795e+10 1.831615563317871094e+10 -2.218331765234900951e+09 1.994858497646296024e+09 -8.636603930601398468e+09 6.683625246022550583e+09 3.693866620732311726e+09 -6.912880553631299973e+09 5.318519087980548859e+09 -1.561690174056330872e+10 -8.078336121428987503e+09 -5.833016167343729019e+09 -5.300597340816445351e+09 -4.652911711823015594e+10 4.098290125582832336e+10 9.915349067317562103e+09 2.946755775852696419e+09 5.536621704803754425e+10 4.553021875409862518e+10 -3.519442615006511211e+09 1.636113366288674355e+09 1.173194381302346611e+10 1.648297710146591949e+10 5.939713779498119354e+09 2.841776851909600258e+09 3.357021351367480755e+09 -6.958288806912033558e+08 1.652388514735110521e+09 -1.227214671113702202e+10 -5.630842757638907433e+09 2.009279647998010159e+09 -9.931210569819552898e+08 -3.863072232693105936e+08 1.262631055378707123e+10 2.558549761720269203e+09 -9.779289695084461975e+10 -9.747708154025424957e+09 -2.271423793295401764e+10 -1.549139628619293690e+09 1.050380958264939308e+10 1.093326496299058342e+10 4.095081296755757141e+10 9.847676536731027603e+09 -4.416712949477934837e+09 7.858785132888632774e+09 2.823355521740917563e+08 1.118071608902756500e+10 -4.130800141745781898e+09 -1.018118434143905163e+09 -7.387925555114611983e+07 1.166414891426841164e+10 5.417462848937038422e+09 9.513563051505287170e+09 3.745980354694588184e+09 -7.463173075104995728e+09 -1.073440587208168793e+10 -1.153107093412550163e+10 8.042559419001066208e+09 1.379456549433659172e+10 3.917708423264550209e+09 4.718116133975929260e+09 2.035400704940751648e+10
-4.740369466502537834e+05 -1.552596960333838651e+05 -1.219289594704919873e+05 -5.135857958315779979e+04 -1.179387776482781919e+04 3.362614351049585093e+04 1.708380130306581805e+03 3.761697288092389499e+04 4.150711824428578257e+04 5.092051779755143798e+04 2.362729897379360773e+04 3.895567959841922129e+04 3.144583675206699991e+04 4.915759132433115155e+04 4.231868563436727709e+04 5.392523551054763811e+04 5.050919480815141287e+04 4.516208868590661586e+04 3.140324381367841488e+04 3.123394757244353241e+04 5.218980178877704748e+04 5.503903575836090022e+04 5.130445490322155820e+04 4.641244892197519221e+04 3.963849429887993028e+04 4.454359504916098376e+04 5.397419230106323812e+04 4.921093380804730259e+04 5.192284739083763270e+04 4.509003098091400170e+04 5.248713002955981938e+04 5.455647564434062224e+04 4.753187570433520159e+04 4.058571614559527370e+04 5.136825357041956886e+04 4.573512933422242349e+04 4.882465330782002275e+04 4.109010571884482488e+04 4.358488735025599453e+04 4.429976411614690005e+04 4.225351646647186863e+04 4.450772885579136346e+04 4.445468856675229472e+04 5.164734492576072807e+04 4.763116298466533772e+04 5.908186560527765687e+04 6.191043322463967343e+04 1.100520424167419551e+05 5.756007563414879405e+04 5.042835002171801898e+04 4.761228943082878686e+04 4.734640323907941638e+04 4.460985559429593559e+04 4.701923788183203578e+04 4.598941572174762405e+04 -3.155111129241746216e+11 -6.310481073205043030e+10 -2.207570140558643723e+10 6.030139140523028564e+10 -7.455157077596463623e+11 -6.505013785754712677e+10 -9.864540167429168701e+10 5.822707042329012871e+09 -3.752829066292291260e+10 -3.039391278329619598e+10 -3.359800000766058960e+11 -1.615888648075514793e+10 -1.821353989384429550e+10 4.869938632836101532e+09 -1.934032135312456131e+10 3.482906032486889362e+09 -1.440897501734499931e+10 -1.599475540618696404e+10 3.658625670328661346e+10 -2.438712233729616699e+11 -1.407434647581937866e+11 2.269553734170178986e+10 2.172330275182909775e+10 4.040659987029156208e+09 -1.334585099294039345e+10 8.009767988946008682e+09 8.060868098820605278e+09 -2.433424960811722946e+10 9.027337075067605972e+09 9.944304954373458862e+09 1.857556687922455215e+10 -1.026873411173183250e+10 -3.042421762273646927e+10 -4.619053125563886642e+09 3.617475773692031860e+10 -1.915691763935078049e+10 -1.105967967379775286e+09 1.273759894477405930e+10 -5.267483859364672089e+10 -1.735953334717397690e+10 -1.389703430543165779e+10 -4.607435078375257492e+09 1.629363200878419113e+10 -3.785710922410187531e+10 -5.803976335008094311e+08 -1.653341987655905962e+09 -4.081153177593028545e+09 9.371110270825914145e+08 1.061851758656189728e+10 -1.380148395508371582e+11 3.813152120464185333e+10 1.933393509387542343e+10 -2.203055987511676407e+10 -2.043713553167757416e+10 2.402195982643461227e+10 9.589846009984304428e+09 -7.415200861991224289e+08 1.130270483961970520e+10 2.550074539636093521e+10 -1.629325326540593386e+09 -3.552405210439899445e+09 5.378184834637424469e+09 -2.083003928775941849e+09 9.353550524763423920e+09 -7.391656530258374214e+09 -4.914325644594465256e+09 5.378756736076108217e+08 6.310163193887274742e+09 -2.575659595990059853e+09 1.356591528070151711e+10 3.978069778515828133e+09 -2.484792965685199356e+10 -2.548347504380694199e+10 6.026743070796359062e+09 -1.111086548905160141e+10 -2.998251315565364957e+08 4.645045396685824394e+09 5.515883798511115265e+10 2.045334493556785202e+10 -8.965177819723411560e+09 1.468062145609972239e+09 5.629837360808853149e+09 8.402209254405534744e+09 1.561501174645284843e+10 4.203488109641411304e+09 2.688365560313769817e+09 2.239839573705168247e+09 2.985530646357478142e+09 9.790385824199951172e+09 4.155406212004565239e+09 -2.058614393440868378e+10 -1.308373786092444801e+10 -3.402721412473017693e+09 -1.565809282898943424e+09 8.019746382417695045e+09 -1.485036515094251931e+08 1.948070228165774345e+09 1.770702981074877930e+10
-4.320275798612792278e+05 4.991921807474530397e+03 -9.263794594722846523e+04 -8.444098161338294449e+04 2.756725153281394159e+04 2.917344676282318687e+04 1.295594058398046036e+04 5.895073163037554332e+04 5.238086900229537423e+04 5.783223678470545565e+04 3.422600396424060455e+04 2.967847604407447579e+04 4.064219162295504066e+04 6.047104974616914114e+04 4.560649231621546642e+04 4.873737417346864095e+04 3.974473773489867017e+04 6.103297667734104471e+04 4.627930054433240730e+04 3.561094173051273538e+04 3.871437515445629106e+04 4.426358697465746809e+04 4.234374371964390593e+04 4.855622139000962488e+04 4.279727511164399766e+04 4.941629563072977908e+04 5.421610836632288556e+04 5.133179294027004653e+04 4.679616227958073432e+04 4.704944640109707689e+04 5.128253493499386241e+04 4.981642491917240841e+04 5.165419773474848625e+04 4.679808744150730490e+04 4.907391542363262124e+04 4.403056588986650604e+04 4.599994803158252034e+04 3.994430954894077877e+04 3.996813143858539115e+04 4.431710220282246883e+04 4.056397275292920676e+04 4.165987968807994912e+04 4.690575636785600364e+04 5.285794964833453560e+04 4.550779532270038908e+04 5.189357000157181028e+04 4.543659789030541288e+04 5.756007563414879405e+04 1.017134533240050951e+05 5.668304942935500731e+04 4.790742384808662609e+04 5.094891701525764074e+04 4.688877959348404693e+04 4.925729748978441057e+04 4.884862993468616332e+04 -3.606912067077659302e+11 -1.678234929137481384e+11 -1.566574849517627258e+11 -3.511023703720414734e+10 -5.796487247617530518e+11 -8.675076021909077454e+10 -8.397133722667758179e+10 5.001466984771061707e+10 -3.007718798202335358e+10 -6.575580396385309601e+10 -1.399674180131794739e+11 -3.823001808869137573e+10 -4.200396203430687714e+10 1.093551216749398232e+10 -1.153133323888248062e+10 6.808463185274066925e+09 1.229576371511730385e+10 -1.988942036235702133e+10 3.323731970679339218e+10 -1.445081187358085022e+11 3.984932985824430847e+10 2.865484364830331039e+10 2.536220480955621338e+10 -1.589921846328134775e+09 -8.051212376989122391e+09 9.180299291708651781e+08 -1.894819725260755920e+10 2.313621928837553787e+10 1.229597735607805824e+10 1.038631568941849709e+10 3.968482538700746894e+08 -1.532828855044880390e+09 -7.601198294781143188e+10 3.192432199464537811e+10 1.950578309356457901e+10 1.321611473991286659e+10 4.305395530072013855e+09 -1.943688004441042662e+09 -8.174097698364593506e+09 7.985273134464370728e+09 -6.526667304484969139e+09 -5.260904759177704811e+09 -8.671346549781700373e+08 2.177299544912746048e+10 -5.323395285009948730e+09 -4.843409176998169899e+09 -6.605330202261404037e+09 -1.611074613327462959e+10 -2.130908648292424393e+10 -2.423314548501181793e+10 8.138598608413989544e+08 6.922796511457408905e+09 -2.074376277518732452e+10 -5.970373903641319275e+10 3.094529478945367813e+10 4.572728145828676224e+09 3.563361895999116898e+09 7.184342065756193161e+09 2.984927422614228058e+10 9.084646275017339706e+09 2.676911109535535812e+09 8.570502018548292160e+09 2.316175055308298111e+09 -2.202244111711787224e+09 4.532004212861531830e+10 -2.382373598692311287e+09 -1.342023390142057180e+09 5.075787029653162003e+09 6.053376245167460442e+09 6.532558871533427238e+09 -6.889911196855376244e+09 5.806508401691439819e+10 -1.298918403221160316e+10 -1.102175315704579620e+11 -4.959614164432779312e+09 3.269094549147920609e+09 5.089870569734366417e+09 1.735201428037389040e+09 1.088431651709253311e+10 -1.027357083176375961e+10 4.202050050080754757e+09 3.230114961305322647e+09 -4.837160290091702938e+08 2.496930176358033371e+10 8.330469700416008949e+09 4.433706055159096718e+09 2.151844225127830505e+09 -8.201176909339132309e+08 3.239265404187577724e+09 5.456094050062122345e+09 2.627372101295898819e+10 -2.746947048667659760e+09 2.436115831676586628e+09 4.189714117875356197e+09 3.797829819651054382e+09 3.504040151200712472e+07 5.035152934355547905e+09 8.044491834526303291e+09
-4.725230822771955864e+05 -2.079149363696810324e+05 -1.041752513636916774e+04 -9.052929518588619248e+04 1.506895175798235141e+04 4.095721109517685545e+04 3.180604349730247850e+04 5.988432656724949629e+04 2.504191590352145431e+04 5.925778145340125047e+04 3.457142237952206051e+04 3.526797312009151938e+04 4.466907156827298604e+04 6.270900952489914926e+04 5.248995546588885190e+04 5.467487060984045092e+04 4.858940861981108901e+04 4.763391300025195960e+04 3.982154340897488873e+04 3.475482435769167932e+04 4.336999362118820864e+04 5.009002523173257941e+04 5.213020696615646739e+04 4.228403740241414198e+04 4.456868441109736887e+04 5.176757609437650535e+04 5.126830988382669602e+04 5.319458243142544234e+04 4.448278244911879301e+04 4.335190726454616379e+04 4.792655798850316205e+04 4.978523838689824333e+04 4.887271288180233387e+04 3.926486470855942753e+04 4.952742944351381448e+04 4.873777117470216763e+04 4.746216146664020926e+04 4.154619347900927824e+04 4.492011246580283478e+04 5.167144017058658937e+04 4.201350462731678272e+04 4.646108794088616560e+04 4.325540977497247513e+04 4.963202877663735126e+04 4.453252073390578153e+04 5.218535672344987688e+04 4.711717906035442866e+04 5.042835002171801898e+04 5.668304942935500731e+04 1.009018438999201899e+05 5.726310327652065462e+04 5.389086693270748219e+04 4.578418913700651319e+04 4.943823774494648387e+04 4.472778743640273024e+04 -2.924583042760584717e+11 -1.500507225692307854e+10 -5.555545909622269440e+10 -1.373972281736863556e+11 -9.771703370542901611e+10 -2.073526477648210526e+10 -1.008541035236355133e+11 3.541265126886659241e+10 -2.942288130054809189e+10 -8.614883638138899231e+10 -1.266349211949558563e+11 -1.655968287528965950e+10 -1.264367800239651680e+10 1.370224433005843925e+10 -1.361766390774804497e+10 4.322421924100999832e+09 5.625151007081651688e+08 2.517815192267970085e+09 3.837987592672187042e+10 -1.012950989329433136e+11 -6.525263032127301025e+10 1.638495416286208344e+10 -7.469960323341133118e+09 -2.289717532485457993e+10 -6.580865066127008438e+09 -9.551369230618045807e+09 -5.290110409486107826e+09 3.077691818478742599e+10 -5.900004446234746933e+09 -4.719092682417376518e+09 3.210710512007126331e+09 -1.714049395626446009e+09 7.017988596782418823e+10 3.585661199478731537e+10 9.794478500103178406e+10 -4.270105568475630760e+09 1.085562129644064331e+10 -7.246071837649039268e+09 -2.398738180876753998e+10 -3.330228162922824383e+09 -8.332302228940104485e+09 -5.963504397681261063e+09 1.107859860506305504e+10 -3.466092211644662380e+09 2.040117382888984299e+10 3.901563340125215054e+09 -6.946616607446913719e+09 -9.114091121858067513e+08 -9.023682557591096878e+09 -2.710764319201865005e+10 6.779068328362393951e+10 2.211005435984770966e+10 2.275973154964386463e+09 4.358628044519628525e+09 3.993320245011952209e+10 8.323136233912558556e+09 2.774006456160488605e+09 6.457792716976941109e+09 -1.034615661425052834e+10 1.959771382451528931e+10 1.120308634822092438e+10 7.754341146517020226e+09 5.079937520973938942e+09 -2.547327895135492325e+09 2.763819642271448517e+10 -5.022811687950293541e+09 -9.272413530570272446e+09 9.120685967442939758e+09 9.620771550458347321e+09 4.554323906991580009e+09 9.532472563765260696e+09 5.506721380084373474e+10 4.606077503242383003e+09 4.321606958070420837e+10 -1.892329689371467590e+09 2.905955334454306602e+09 3.868930062519325733e+09 -3.976149158959171295e+10 2.065661336325680161e+10 1.114610408421819687e+09 3.675778231276775837e+09 -2.732649603573154449e+09 3.576093991434162617e+09 8.136499359804776192e+09 1.751578675068063974e+09 6.132498682296534538e+09 5.875095172786029816e+09 8.050364089166397095e+09 4.719804827116837502e+09 9.739414396827558517e+09 3.831869502265324116e+09 3.136818566971834660e+09 5.790381694987905502e+09 7.765333857424063683e+08 7.267261456439662933e+09 1.872468700209615946e+09 8.274530146203260422e+09 1.394440748323743057e+10
-4.940477843956501456e+05 -1.829669354636565840e+05 4.975918292346565431e+04 -2.154241767676544259e+04 2.610170425437401354e+04 2.459445824814243315e+04 2.979548807873595433e+04 4.548074495312914223e+04 5.018925396077133337e+04 4.494300697141405544e+04 2.776895365846119239e+04 4.685534816034053074e+04 4.448513194454342010e+04 6.024807005464351823e+04 4.668557080699718790e+04 5.488011845645377616e+04 5.182490401812919299e+04 4.269352050379139837e+04 3.907758510628452495e+04 3.667778461055830121e+04 4.313620217699366185e+04 5.297873579629556480e+04 4.947889572604760178e+04 4.831795410529081710e+04 4.490987145638900984e+04 4.716149499826416286e+04 5.399230506579331995e+04 4.420599851937605126e+04 4.245943642342243402e+04 5.111369341770506435e+04 5.201536163760341879e+04 4.851177591416001087e+04 4.783212013663003745e+04 4.112960707152610848e+04 4.431154096262621169e+04 4.838992692453367636e+04 4.923771848143113311e+04 4.482467634784050460e+04 4.633269296249299805e+04 4.907547326415966381e+04 4.128425508353373152e+04 4.279859094655398803e+04 4.528382785337536916e+04 4.662474048168652371e+04 4.073468925111000863e+04 5.191798284809786128e+04 4.514870420070729597e+04 4.761228943082878686e+04 4.790742384808662609e+04 5.726310327652065462e+04 9.504671621413798130e+04 6.074704622206116619e+04 4.645804846428629389e+04 5.045188054841829580e+04 5.058843014972784295e+04 -2.456557587243918152e+11 -1.104655343351437378e+10 -1.039804784781267853e+11 -1.937309158102008057e+10 -6.929207059010921631e+11 -5.095564051839427185e+10 -4.739562874014777184e+09 -3.551036087087648773e+10 -5.850495196582084656e+09 -4.033951575491049194e+10 -1.562146050200829773e+11 8.370398432472090721e+09 -7.031019303158668518e+10 1.025199911574194336e+10 3.729931193039010525e+09 -2.550173510542140579e+10 1.521160486637434387e+10 7.634912741843543053e+09 4.848677062937965393e+10 -1.004128858631178741e+11 -1.466895691258113708e+11 1.287205596555291557e+10 1.054126311564005470e+10 -2.968771413046355438e+10 7.769644334230126381e+09 -1.145436229118302107e+09 -1.759999125512733459e+10 -1.906693670424848557e+10 -8.188030434784648418e+08 -6.419128200161572456e+09 -8.235327701920318604e+08 -7.131759343311977386e+09 -7.911743448359660339e+10 2.428812168019449234e+10 -6.770229311347273254e+10 1.494564007502451515e+10 1.361987292222370911e+10 -4.451948245510818481e+09 -2.006092180778387070e+10 5.390714804338418007e+09 -2.064610008105240583e+09 -7.186617451544853210e+09 7.568647273401709557e+09 -4.546816649400491333e+10 7.052724533999042511e+09 1.331696974179141521e+09 -1.908156600156076908e+09 -9.025374713913606644e+09 -1.417672974455643845e+10 2.591476778587656784e+10 7.022855743020982361e+10 2.487086341705449295e+10 -1.008088386249332619e+10 -1.213684775585696602e+10 4.044947351764318085e+10 -4.732454703164273262e+09 -7.375540923448767662e+09 4.780745318559695244e+09 -3.119800827642649841e+10 2.409347528566293716e+10 4.937487812683855057e+09 7.675582403290229797e+09 -1.541380555796747446e+09 5.464655765192813873e+09 -2.218736899176435852e+10 1.335405792920572281e+10 1.579406888085104227e+09 7.122533646082242966e+09 2.942773383132248878e+09 -1.387804116626412868e+09 1.302086968907559586e+10 -5.467862952056312561e+10 3.033334669251316547e+09 1.097275261933730316e+11 -1.493049918974515676e+09 5.701869357880340576e+09 1.107577586003812981e+10 -6.945362684697067261e+10 3.053434572962513733e+10 6.324365459784878731e+09 7.717204328600172043e+09 2.118196484364502668e+09 8.583047950138850212e+08 -2.692249581266019440e+10 1.654877444895604134e+10 1.177903765310710907e+10 4.822401794003947258e+09 2.942431507852365017e+09 1.008643640646224022e+10 9.086377952118797302e+09 -3.395463609813816071e+10 2.474897227940060616e+09 1.631017271517779827e+08 6.038758866626171112e+09 3.928154638908762455e+09 -4.821678958599221706e+08 8.212206242574540138e+09 5.802908690881624222e+09
-9.472430408846914070e+05 -3.586606170312440954e+05 -7.117751799835156999e+04 -4.653421368937916122e+04 3.201096701433302951e+04 1.031616848110566389e+04 3.263161287782022191e+04 3.990016749256315961e+04 8.102008074459334603e+04 7.544576948784968408e+04 5.420050604176786146e+04 6.195933584762558894e+04 4.292482204047095001e+04 4.181754677725441434e+04 5.534845128575262788e+04 6.082961089578845713e+04 5.993237548453527415e+04 5.829644854541420500e+04 4.193219240232958691e+04 3.669478197623993037e+04 5.448316259692535823e+04 6.343895472872861865e+04 6.317669087380904966e+04 5.417747878135261999e+04 4.898687359162396751e+04 5.251004811559920199e+04 5.758891805341232248e+04 5.358891472046556009e+04 5.238843327953039261e+04 4.771471599279349175e+04 5.954406369367586012e+04 5.504860134775062033e+04 5.246224610076023964e+04 4.546587130167752184e+04 5.097438389011521940e+04 5.011348785485565168e+04 5.314963131090965908e+04 4.809626385686786671e+04 4.867623973802668479e+04 5.137416682081881299e+04 5.003912336541962577e+04 5.026237046426824963e+04 4.860709781091479090e+04 5.108787020529897563e+04 4.776564639563952369e+04 5.496761753653183405e+04 4.893748631845547789e+04 4.734640323907941638e+04 5.094891701525764074e+04 5.389086693270748219e+04 6.074704622206116619e+04 1.095468119357657706e+05 6.108243339663460210e+04 5.286861179299021751e+04 5.132046481003074587e+04 -2.341467240238798828e+11 -1.102090593756487579e+11 -2.557678195812888184e+11 -4.189219859197004700e+10 -4.342192576021404419e+11 -1.123863556953346100e+11 -5.515701984961978149e+10 -4.701847827764167023e+10 7.182703259881850243e+09 -1.295948752234296265e+11 -2.016908085074618530e+11 -4.992329280585110664e+09 -1.075031608119544678e+11 6.716030690048951149e+09 -6.385605238764057159e+09 -5.963658897417935944e+10 -2.334608250682695007e+10 -9.412363388839836121e+08 2.005903758584340286e+10 -4.856298311672386169e+10 -6.253131165339816284e+10 1.661242297120007706e+10 -2.594266685019023895e+09 -5.050225971377574921e+10 1.745712181101353455e+10 -4.355208826230635643e+09 -1.458827445059583282e+10 -5.488488385707873535e+10 -1.056850654811199903e+09 7.127307861882169724e+09 2.017063829859346628e+09 -6.113615764460141182e+09 6.233877262585419464e+10 3.032001137907463074e+10 -5.465955698529740334e+09 8.905808078334335327e+09 2.496810877519113922e+10 2.520243574431942463e+09 -4.523494217861807251e+10 1.573911984967372894e+10 4.234036154934460521e+08 3.332941996480284691e+09 1.897787847130709457e+10 -9.793556923465817261e+10 1.763208880758672714e+10 -1.010573915962713718e+09 -5.449430283187061310e+09 -6.202743186768559456e+09 -5.170127634829175949e+09 -1.386829848622639160e+11 1.696782360342746353e+10 2.406996289536190033e+10 -1.801189638620159149e+09 -1.417505856506188965e+11 5.275761144764914703e+10 8.124609124344587326e+09 6.059113148426121712e+09 1.137808668295263481e+10 -5.142334000499359894e+10 1.417433222896575546e+10 7.597537326179404259e+09 1.078969942730958176e+10 -4.952539744364703298e+08 4.019882365473996639e+09 -5.294736698706556702e+10 7.679078150863709450e+09 -1.171565873945766068e+10 -2.923894647200876236e+09 3.183703430842068672e+09 4.791999436223806381e+09 -1.911145010831239462e+09 2.626470297599135971e+10 -5.756652188377791643e+08 -2.408827886748008347e+10 2.765463511657532692e+09 5.432900786884922028e+09 1.150058668079198647e+10 -1.264724856414576569e+11 2.746056661862245560e+10 2.022869359784539700e+09 5.437460876662030220e+09 5.627986613548879623e+09 6.389608825030338287e+09 -4.791722412731683350e+10 3.122277896349308968e+09 -2.177551231177447319e+09 2.933769072924861908e+09 8.360216898799672127e+09 8.664554654501583099e+09 2.907902720155426025e+09 -5.201262872231696320e+10 -3.689805119563234329e+09 1.425078128959192514e+09 9.261746424090881348e+09 7.797259284756423950e+09 7.106040794796638489e+09 3.780204110338800430e+09 1.611760424933161736e+10
-8.587566179478423437e+05 -2.464380645228541980e+05 -1.835815916108539386e+04 -5.168690244985958998e+04 2.365016864248707498e+04 4.395887618768066750e+04 1.892325112672340038e+04 3.917191311534784472e+04 5.712134459284589684e+04 5.909882634392820910e+04 4.118510628484294284e+04 4.940704152200111275e+04 4.773215960147557780e+04 6.448367057074275363e+04 5.734698733225441538e+04 5.486280494988038117e+04 4.997039219437373686e+04 5.440584115902875055e+04 3.122722771992745402e+04 2.869914746293999269e+04 4.645610948376703163e+04 5.182705317720767925e+04 5.395886064280042774e+04 4.599319503054128290e+04 4.265171249745606474e+04 5.053978208975036250e+04 5.716918121294637240e+04 4.920310179728966614e+04 4.721726219825867156e+04 5.109763150139174104e+04 5.142210058497876162e+04 4.879947663520237984e+04 4.671834482518411096e+04 4.389178442798009928e+04 5.491050207638741995e+04 4.821576906969230913e+04 4.904403407572036667e+04 4.626855091806968994e+04 4.485574095687611407e+04 4.351143507950969069e+04 4.490470113844164734e+04 4.777641911399459059e+04 4.662231250147449464e+04 4.479728215084438853e+04 4.295496259561146144e+04 5.072519947755122848e+04 4.705382980402967223e+04 4.460985559429593559e+04 4.688877959348404693e+04 4.578418913700651319e+04 4.645804846428629389e+04 6.108243339663460210e+04 9.686018280366250838e+04 5.805836098707563360e+04 5.135722635280885879e+04 5.043328323446794128e+10 2.556165581055904007e+10 7.649307726199658394e+09 -9.600969126764643860e+10 -8.647939509843441162e+11 -9.202779981026986694e+10 -2.539033021174790192e+10 8.620767835262292862e+09 1.113087990083428383e+10 -3.627629385451952362e+10 -1.327657103793681793e+11 -5.773796614911132812e+10 -1.952952290841694260e+10 -1.573223838844286728e+10 -3.071655169989326477e+10 -7.240013201196594238e+10 -1.453273122880344009e+10 -7.392278392486025810e+09 8.947911436258108139e+09 -3.477098084957067871e+11 -1.213681587643752136e+11 -8.900964755982154608e+07 5.889274372344817162e+09 -2.885852290966995621e+10 7.463118063480198860e+09 8.971008879582002640e+09 1.640343143529660463e+09 -1.934693732253715897e+10 6.725404783367943764e+09 8.656886834696022034e+09 3.237308157643729687e+09 -3.407476293025207043e+09 -5.327724746139298248e+10 1.725830979136270905e+10 -9.171910083821191788e+09 1.708311106320662117e+10 9.230951096772336960e+09 1.458418085549100685e+10 -2.893055246013740540e+10 1.275890171170713806e+10 -3.250174245631989241e+08 1.178457462674413204e+09 6.677087327244283676e+09 -4.356750275145817566e+10 2.208329320963245773e+10 -5.560027553190546989e+09 -1.059440579703603554e+10 -3.441928113478959560e+09 -3.168435123751290441e+08 7.969010850079263306e+10 2.733360116955044937e+10 1.986086743168072510e+10 2.582160723708241463e+09 7.756861394610360146e+09 3.309634273614032745e+10 2.223746753593716621e+09 4.745904277862877846e+09 1.572718393612675095e+10 -2.453840770202757263e+10 1.720814386434748077e+10 5.187264268299022675e+09 1.297584164446657181e+09 4.839302931372284889e+09 5.691311386521891594e+09 -3.433712117285031319e+09 -1.040908673829010582e+10 2.363391399986835957e+09 -3.177144262949851513e+09 3.000876196453788757e+09 1.279466208738971138e+10 4.991908622595768929e+09 -2.403566067149356365e+09 1.566834799452636337e+10 9.535024606856974792e+10 3.711127609392963886e+09 3.291568676661084652e+09 1.486251086273966789e+10 -5.772692659046185303e+10 1.787735681655724335e+10 -3.102033314512582302e+09 -1.114930284679926157e+09 1.225780862748309612e+09 5.515988045079313278e+09 -1.145228761741706848e+10 9.004687249755892754e+08 -2.710717308497773170e+09 5.174020891633081436e+09 3.834812157978048325e+09 7.918487133095573425e+09 9.593008999584207535e+09 -2.330932254658319855e+10 -1.087998060203979874e+10 -5.707661474516368866e+09 -6.193714437775422335e+08 9.322417105243532181e+09 1.786540498671020985e+09 4.761646663285782814e+09 9.196794826943130493e+09
-6.577627621098798700e+05 -1.708331318894480937e+05 -1.076261004931809002e+05 -3.283888639308765414e+04 7.974914889834751648e+02 2.424644035310855179e+04 3.085853405737034336e+04 6.868742152070556767e+04 6.864462763796083163e+04 5.969154343256741413e+04 2.312933235299264561e+04 5.196210666540868988e+04 2.641567957364866015e+04 5.918522785123561334e+04 5.626225096650756313e+04 5.218231944572657085e+04 5.548878548470926762e+04 6.417014092920615076e+04 5.012123901128177386e+04 3.228724855446020592e+04 4.922591307926856098e+04 5.241736341864171118e+04 5.820664670334607217e+04 4.853778386086769751e+04 4.342511093941659783e+04 4.939699967432246922e+04 5.367195149270366528e+04 5.205488958914328396e+04 5.117957314395633875e+04 5.233708698469311639e+04 5.194056587618991034e+04 4.838697459923456336e+04 4.836479176161540818e+04 4.408166017020622530e+04 5.195299257005540858e+04 4.895511487977753131e+04 5.553549828007998440e+04 5.222586953426936816e+04 5.330260711271484615e+04 5.286408634325490129e+04 4.610515319549039123e+04 4.968690636226678180e+04 4.779121881735190982e+04 5.130874087590855925e+04 4.430224297528852185e+04 5.373706401766236377e+04 4.976897492118612718e+04 4.701923788183203578e+04 4.925729748978441057e+04 4.943823774494648387e+04 5.045188054841829580e+04 5.286861179299021751e+04 5.805836098707563360e+04 9.935300599238001450e+04 6.139492540304952126e+04 4.667967963539474487e+11 4.257170255160660553e+10 -1.168503209111647797e+11 -3.626155083519478607e+10 -4.901890517135877686e+11 -7.209614423238983154e+10 -7.876777934884466553e+10 1.413837225858267593e+10 2.483642567514244556e+09 -7.784722262944750977e+10 1.945486200118684387e+10 9.235572662831085205e+09 -6.594531318796958923e+10 1.480152306645645905e+10 -6.511641285156118393e+09 -8.572569807697601318e+10 -7.904909529997281075e+09 2.294263908282346725e+09 2.914732944905726242e+10 -1.971776572515628357e+11 -1.130998492456071777e+11 2.593457417277367115e+09 -2.544617802382499313e+10 -3.528590706577576447e+10 -6.321363444044708252e+09 6.565002889069887161e+09 2.830206573269300461e+09 -1.799175010771216583e+10 -5.660468511217281818e+08 -1.429507803984345675e+09 1.151929475859259987e+10 8.832867765149063110e+09 6.810487138099978447e+09 -3.138791489501954269e+10 5.864113076755057526e+10 3.244131453995391846e+10 4.688417403089320183e+09 1.797160227810949326e+10 -2.596544073671211243e+10 6.079329439836628437e+08 4.726946130009208679e+09 7.596283516758574486e+09 8.024875138000798225e+09 -6.626104313175493622e+10 1.472710251556096458e+10 6.195171632553902626e+09 -2.312997131205983162e+09 -9.537839050844934464e+09 -7.210534331688259125e+09 -6.238262479117800140e+10 -3.749708975223143768e+10 1.062259885606553268e+10 -3.704915312260032654e+09 5.781858683605058289e+10 2.838194081454068756e+10 -1.282318349903408289e+09 6.797963843224505424e+09 1.103029001546260452e+10 -4.503779068438239288e+10 1.189015335104364967e+10 -7.452077255847230911e+09 1.004465667341300964e+10 -1.678137857708975077e+09 -4.247436666751203537e+09 -5.135705214998487854e+10 -3.804736756519208431e+09 -1.339648472396953201e+10 4.356892221208200455e+09 -2.161325368690829277e+09 4.568746455413433075e+09 3.006066888249388695e+09 6.786586534598391724e+10 -1.051598676434181786e+10 1.230949725279405670e+11 -1.952217732375461340e+09 4.071287947810536861e+09 1.225618341763803482e+10 -9.269419062679600525e+10 6.915606676049266815e+09 -9.348777276653238297e+09 1.263168052957497835e+09 5.761083463836095810e+09 6.247479466006143570e+09 -1.874058922813953781e+10 7.503573778056797981e+09 1.762487636713694811e+09 5.719018204495550156e+09 -6.045214347775597572e+08 5.450889811607192993e+09 5.121944026940873146e+09 -5.026321001221231842e+10 -8.591257206723346710e+09 -2.593213213322708607e+09 4.227687968323225498e+09 7.267253529744486809e+09 6.359934737133021355e+08 7.025174854319736481e+09 1.074954110031811905e+10
-6.993011382823305903e+05 -3.202719895048629842e+05 -1.230747242602290062e+05 -3.230280910091095575e+04 -2.709480770858745018e+02 4.108223065041699010e+04 3.967178730811230344e+04 5.664074154286807607e+04 3.755017903843589011e+04 6.573643095879424072e+04 4.382126610186700418e+04 4.902405689054042159e+04 3.635961385538616014e+04 5.691737003028465551e+04 4.944417950356850633e+04 6.046621112626885588e+04 5.230056568877173413e+04 6.107307362849714991e+04 3.854509168174326624e+04 3.253876445035464712e+04 5.121717095416899247e+04 5.192959787322968623e+04 5.220388830268106540e+04 4.787019625171118241e+04 4.541282221225571266e+04 5.066106647750145203e+04 5.490328589725710481e+04 5.165995006528943486e+04 4.868816032645096129e+04 4.655392221353727655e+04 5.598854206669120322e+04 5.082992313505155471e+04 4.765331258343645459e+04 4.362916057456676936e+04 5.138611928056424949e+04 4.326064808747077041e+04 4.775598275653188466e+04 4.565814281718681741e+04 4.841538416701466485e+04 4.695899293616513751e+04 4.013803895166260190e+04 4.661861374407511903e+04 4.926270295369245287e+04 4.928022362760709075e+04 4.268935598454852152e+04 5.352320617249967472e+04 4.541336015013598808e+04 4.598941572174762405e+04 4.884862993468616332e+04 4.472778743640273024e+04 5.058843014972784295e+04 5.132046481003074587e+04 5.135722635280885879e+04 6.139492540304952126e+04 9.508372361132713559e+04 1.126131052663471832e+11 2.330593292639158020e+11 -2.679899773150357819e+10 -3.331252615255884933e+10 -7.774905072468172607e+11 -1.068698823312769775e+11 -9.193725092562600708e+10 -3.580737999578955841e+10 -3.634145656217768097e+10 -3.555722421093630981e+10 -3.484685276389165039e+11 -1.756225106971210861e+10 -1.071868244406038666e+11 -1.833689207674639893e+10 -4.281869687015900612e+09 -7.696437232751394653e+10 -1.189314841337712860e+10 -2.992391527332120132e+10 2.489978142556601715e+10 -2.271385357815011902e+11 -2.040783965202070312e+11 7.861650680110301971e+09 -2.883815191488154221e+10 -4.439973669907632446e+10 -2.175604651596802902e+10 -8.464379337694632530e+09 -9.311296750099559784e+09 -2.691964211601135635e+10 2.163742980237424970e+08 3.304230053830858231e+09 4.863155773526812553e+09 8.259481118283465385e+09 7.197918478425311279e+10 8.024473127589626312e+09 -4.924672874996857452e+10 5.871847155793977976e+08 1.139798834071721458e+10 8.543843709219273567e+09 -9.468948801603183746e+09 1.159004727816222000e+10 3.598617299053683758e+09 -3.040630886373926163e+09 6.498425550913250923e+09 -6.140514013271078491e+10 1.131435360687553406e+10 3.752084713795650959e+09 -1.773282876264435291e+09 -8.787830843972537994e+09 -1.978815735836867094e+09 4.466943023488835144e+10 3.189236252454179764e+10 1.190801040279968262e+10 -3.879130637338002324e+08 3.572679629440690613e+10 4.356555568595940399e+10 -1.913781237530877590e+09 -2.054343366824832678e+09 1.362444741602508354e+10 -4.647002874860626221e+10 5.126672299941242218e+09 -2.220541915287542343e+09 1.239676415722595978e+10 8.790892955296287537e+08 7.092173328060873747e+08 -5.200409572098869324e+10 -1.388515727921466351e+09 -7.134890497224765778e+09 7.747152646455505371e+09 -4.229245058669718742e+09 3.996099412074127197e+09 5.254141658462768555e+09 2.919220486099575424e+10 -3.322255656365427017e+09 8.783938550919378662e+10 -5.782229411639993191e+08 8.771578435034624338e+08 1.320888192550224495e+10 -6.755715804724974823e+10 1.963674953577379227e+10 -5.817376617758527756e+09 6.423507160357493401e+09 7.840787944820660591e+09 7.482788116746386528e+09 -1.643767777428932381e+10 6.080599317753724098e+09 1.405887985889835358e+10 4.463108251688935280e+09 4.591169212771121979e+09 7.791654398046589851e+09 7.912907300733396530e+09 -4.485708785806194305e+10 1.621623251394180059e+09 1.132398130049412918e+10 5.693006292587680817e+09 4.855699132223330498e+09 5.836099182035079956e+09 8.162202843443099976e+09 1.147185450605999947e+10
3.253334121447380469e+13 4.644638008820372656e+13 1.597853358885325391e+13 1.063972253542490430e+13 -3.592213461094768555e+12 -9.019250768498316650e+11 4.110788265060565796e+11 1.237287556768164062e+12 -2.525910175159728622e+10 -2.569349572244174805e+12 -1.240222334118321777e+12 -1.082553033260345581e+12 7.945759306184764404e+11 -5.436593110447255249e+11 -1.597353253834592773e+12 -6.649678585810446777e+11 -1.014865080088703308e+11 -4.148666208148109131e+11 -7.348630033849437256e+11 -1.382574594809713135e+12 -5.305179674656174927e+11 -9.151059139609226074e+11 4.794068524074754639e+11 2.202743563694855881e+10 5.876414851165815430e+11 -6.911495752941489258e+11 -8.255256777088236084e+11 -1.418530033604340820e+12 -5.409248695676596069e+11 1.527193560510200195e+11 -5.137055914542066040e+11 -6.366201065765550537e+11 3.553942338967226562e+11 9.016655286205938721e+10 -2.575129664564525604e+10 -2.955211346171771240e+11 -2.064712335647966614e+11 -3.069182014047296143e+11 -1.921389827376023254e+11 2.516168126951314087e+11 -4.562558747753185425e+11 3.816644169127453613e+11 -4.354246250418446350e+10 2.226485830795723267e+11 -1.911660727746698608e+11 -4.644292847709734344e+10 -1.101553151691756744e+11 -3.155111129241746216e+11 -3.606912067077659302e+11 -2.924583042760584717e+11 -2.456557587243918152e+11 -2.341467240238798828e+11 5.043328323446794128e+10 4.667967963539474487e+11 1.126131052663471832e+11 1.034297216684692865e+21 1.357849537856932905e+20 5.836205299873424179e+19 -8.046954130107150336e+18 3.290499754520499814e+19 1.956586603595004314e+19 -3.683931628110781440e+18 2.700147117943101440e+19 2.037239944937388800e+18 -6.687001150645036800e+17 4.610368025165382144e+18 -3.651458656880150016e+18 1.190051394665516442e+19 -2.383676648102261248e+18 -1.721379339593648384e+18 2.814746418769125786e+19 -4.753955385243936640e+17 2.473049461875245056e+18 -5.851928966356797440e+17 9.485878962093684736e+18 -2.686214491580200960e+18 -4.060831484068667520e+17 -1.410089719820256256e+18 1.093221736598326477e+19 -3.086945747308909440e+17 3.280935467037025920e+17 1.313794659978559744e+18 2.648597808508202598e+19 -2.760859783965960704e+18 -1.184347606092811264e+18 7.575250448073114880e+17 4.142792906168279040e+17 -3.696038135777526272e+18 1.695914608031407872e+18 8.919498598240240640e+18 -2.452074418535499264e+18 -1.466780787935939584e+18 1.831991464967650880e+17 1.215198086725710234e+19 -5.338713091247032320e+17 -1.785551473957552384e+18 -1.243233511463604224e+18 -1.679333437101624064e+18 2.884587020967370752e+19 2.983554663280274560e+17 -1.800646984991664128e+18 -3.816992762691735040e+17 -7.603640875808601600e+17 2.699127977157687680e+17 -3.296310704798039040e+18 5.306010918807400448e+18 -1.835492067886455552e+18 3.142511280245862400e+17 5.275111554907403264e+18 -2.647213227740737536e+18 -2.072099197710432256e+18 9.439509868817436800e+16 -4.560654399092094720e+17 1.142935977237384397e+19 5.439960767583612800e+17 3.421081789757362560e+17 4.154985545806200960e+17 -2.585676786971525200e+16 -4.105525565832031360e+17 2.954341701649086874e+19 2.179138486725768960e+18 2.711208989337466000e+16 -3.766700680527296000e+17 -2.092658420490348480e+17 1.724692045053803200e+17 1.645683976886124032e+18 -1.912726505608703232e+18 -9.535588844586891200e+16 -1.108923610716631859e+19 -9.182909675119367680e+17 6.800544873464598400e+16 -7.845863301850141440e+17 1.045906648408968602e+19 1.103467122077339392e+18 -3.103262329800851840e+17 -3.526373329208499200e+17 -1.108564708031891712e+18 -3.207306091199086720e+17 1.208804088627055821e+19 8.674198778620099840e+17 -6.447511108099877120e+17 2.637172445158546240e+17 -4.547367750969209600e+17 -3.045357446391864960e+17 7.858245441092099840e+17 2.484566696566743450e+19 1.074262564422871840e+17 -2.176010094941584320e+17 5.770308636129196000e+16 -2.690952434081228160e+17 1.141553665200862240e+17 3.523570715975648000e+17 8.790242842091333120e+17
2.615355862907499609e+13 1.499310882379704297e+13 1.547173818155608984e+13 1.651908800915938965e+12 9.173280827753258057e+11 2.816235596381715088e+11 1.918740745680406982e+12 3.640689313408928223e+11 1.871584603157271729e+12 -4.290535275761514893e+11 6.662200900430600586e+11 -6.302800173077447510e+11 1.164290513921421631e+12 -1.497864475316077576e+11 6.931654754478086853e+10 9.795736054039567871e+11 2.331261319990053101e+11 1.001626037431088562e+11 -1.735506052835398865e+11 -2.095433449456695251e+11 4.878711071934258423e+11 -2.134544528992292786e+11 3.100511332765809326e+11 4.198764857258529053e+11 2.835375738527556152e+11 -1.176197425220426178e+11 1.747264030197921753e+11 -3.418758282542550049e+11 9.260349097304524231e+10 -1.426389063541697998e+11 -1.298976851350444031e+11 -8.943659310375119019e+10 2.402253207987539062e+11 1.978848236173363037e+11 8.611751339224099731e+10 -3.046624759043174362e+10 -3.740290009990581665e+11 -5.377835706493321991e+10 3.562110077003486938e+11 8.136749042503021240e+10 3.754838039051428223e+10 3.456621549537628937e+10 -1.129479790981030121e+11 -1.675694203817088604e+08 7.718253133389587402e+10 2.219817741535850220e+11 1.900538360757561951e+11 -6.310481073205043030e+10 -1.678234929137481384e+11 -1.500507225692307854e+10 -1.104655343351437378e+10 -1.102090593756487579e+11 2.556165581055904007e+10 4.257170255160660553e+10 2.330593292639158020e+11 1.357849537856932905e+20 2.701024654556177367e+20 3.787338181633835008e+19 3.628245572565069824e+18 1.069139121548580454e+20 1.632907461796657562e+19 -1.386629745408018688e+18 1.369779398635216896e+19 -3.597350272878574080e+17 -2.640087853292548608e+18 6.005108143023749120e+17 -1.444188140821972800e+17 1.017314557153711514e+19 9.064114862269950720e+17 1.421134160523970816e+18 1.008712751170917171e+19 3.704103081163012000e+16 5.481046067622359680e+17 1.119939512290326656e+18 1.366788451058205696e+19 1.005029923237101773e+19 -1.691611672268580480e+17 2.678305969169401600e+17 9.462344857040662528e+18 3.136309420529036160e+17 4.801326997916403840e+17 9.919630398063184640e+17 9.629137658055481344e+18 1.283688370129314048e+18 -3.763216714005739520e+17 6.377769853868065280e+17 1.610618751135747072e+18 6.923381110341607424e+18 1.168885687938731008e+18 9.417662660080224256e+18 4.635695712552115200e+17 3.262034985063288320e+17 6.571772304200129280e+17 8.653144498758025216e+18 8.072938887608053760e+17 -7.398377250653752320e+17 2.960491369455102800e+16 7.380022213933047040e+17 9.206732282891368448e+18 7.726569540970487040e+17 -4.590752275771187840e+17 1.007986552225205600e+17 -1.584910531715998720e+17 3.768660219835159680e+17 7.387848630491324416e+18 1.089322675315610368e+18 -6.821261415724942080e+17 4.116341377573327360e+17 1.703730433021882880e+18 6.748787632785118720e+17 -4.157132539291767040e+17 3.715620172150424000e+16 3.956458479317947520e+17 9.738306863774595072e+18 5.994588559322590720e+17 4.516651716099626400e+16 3.652574164845223040e+17 4.033842551402237440e+17 2.209392663612922400e+16 1.003500767887402803e+19 5.924355015953231360e+17 -6.281274200531008000e+16 6.710212598271408640e+17 6.283476456293361920e+17 1.265230208839760160e+17 8.690554968000508800e+16 2.946648531547699200e+18 2.233971369295824000e+17 9.723181540917159680e+17 3.182564448287853440e+17 7.100845787516515840e+17 2.976237521869713920e+17 1.408353574773291827e+19 8.877487343526733000e+15 5.824018354353047040e+17 9.634584203988044000e+15 -2.436581156620348800e+17 -3.001382864080282240e+17 1.005221803812595712e+19 4.774880164009772800e+17 4.946313107907363200e+17 4.283446328137100800e+17 9.856704222974896000e+16 -5.700383088995565600e+16 4.523675970329742080e+17 8.226678804589235200e+18 -1.694873381620596480e+17 -2.709268751435476800e+17 1.014760783638271200e+17 -2.666906529963917188e+14 2.092917917525736320e+17 1.192901059578343200e+17 2.576119850583979840e+17
1.489352437124722656e+13 9.018348217536400391e+12 4.556610383594331055e+12 3.307932229326254395e+12 3.343029733535914917e+11 2.191530666215277100e+11 5.235671447542899323e+10 3.722588550272392578e+11 2.517662593289210510e+11 -8.843679200109975586e+11 7.445507612663525391e+11 1.040625010122823029e+11 4.783988128511288452e+11 2.325542533462476196e+11 -3.736664626522292480e+11 -3.868296378152398071e+11 -1.140711041843358307e+11 -2.518201162381913452e+11 -1.246636296613042908e+11 1.782685632413309326e+11 -5.207133952502897644e+10 -1.502264717515821533e+11 3.340257913533149414e+11 -2.956093206743960571e+11 -1.581494691016659546e+10 -1.901708878848068848e+11 5.472297213867379761e+10 -2.082802378223364563e+11 -2.978156499681537247e+10 -1.154054543795297089e+11 -1.298376860052337408e+09 -1.680904956664294128e+11 -1.561049176100921021e+11 -1.080368834795230103e+11 -7.948132928202862549e+10 -2.666519945564994507e+11 -1.573651376929466858e+11 -1.305481662435051880e+11 -5.441346454213064194e+09 -1.870173084187767029e+11 -1.574849450348101807e+11 -2.206246471061087036e+10 -1.543828444362913208e+11 -8.756795286938310242e+10 -7.577051369039372253e+10 -7.258909940258132935e+10 -2.032808385619706345e+10 -2.207570140558643723e+10 -1.566574849517627258e+11 -5.555545909622269440e+10 -1.039804784781267853e+11 -2.557678195812888184e+11 7.649307726199658394e+09 -1.168503209111647797e+11 -2.679899773150357819e+10 5.836205299873424179e+19 3.787338181633835008e+19 8.488321150464158925e+19 1.157314284220793037e+19 -4.963834432999206912e+18 1.655730590938552525e+19 5.518311547039252480e+17 1.495325136195478323e+19 7.766208574205609600e+16 6.800668548339577600e+17 -5.071656803684714496e+18 8.089636389609450240e+17 7.117579740215513088e+18 3.707253239173928960e+17 -1.205334245936087808e+18 1.316501045216924467e+19 -4.527118909458680960e+17 1.306090784008476480e+17 5.006834571910273920e+17 3.646722265951891968e+18 -2.643785850939472384e+18 4.763748096938552960e+17 -3.546864925882247040e+17 5.798678740879742976e+18 -1.600777756348303040e+17 -1.350929214364241600e+17 1.529122938061397760e+17 1.195034578705036083e+19 -1.281797669651464480e+17 -1.870102994353936000e+17 1.042743092113274400e+17 7.144016638548459520e+17 1.622267282439480832e+18 4.525728559248269440e+17 8.225711694132518400e+17 -5.146300271989724000e+16 -1.302292962528649120e+17 6.662848330565492800e+16 5.567561815174687744e+18 1.169871168269706080e+17 -3.548276806513307520e+17 -2.005286641838030400e+17 1.754219967716144000e+17 1.273130713407268045e+19 1.500396866538104320e+17 -3.494921924824997760e+17 -4.879953285968446080e+17 -2.645324661694182080e+17 -3.119457903080555520e+17 -4.056163609041118720e+18 -1.841233512862978048e+18 -2.476906468291837440e+17 1.431147562771606880e+17 1.573522919786931456e+18 4.181242941518593600e+16 -7.946953854009804800e+16 5.069416594436828800e+16 7.280239666953865600e+16 4.650970042459240448e+18 2.697105007661154240e+17 -2.299212222875587840e+17 5.158913563337837600e+16 1.700142422275445120e+17 7.604600448580449600e+16 1.240986090844832973e+19 -8.512828962668982400e+16 1.355683669182643520e+17 3.840549984138229760e+17 -6.867059630924115200e+16 1.390222322994756200e+16 -5.978388899731317600e+16 -1.928731730542896128e+18 3.962514466075348480e+17 -1.414456180631611392e+18 -5.828008641785992000e+16 1.431823762099811680e+17 -2.233710288197201280e+17 2.009429913011552512e+18 4.804145452592991360e+17 1.196855853538910240e+17 -2.397550589736890400e+16 -2.323496410069624320e+17 -1.583258236138918720e+17 4.999385868011490304e+18 3.366228526382091520e+17 -9.218369880742731200e+16 1.760126056104774080e+17 -1.111855405159845600e+17 -1.499717096961626560e+17 2.868427322191904400e+16 1.144767785780161536e+19 -3.149553668680844800e+16 -7.410544353225795200e+16 -2.319097388244342720e+17 -2.101985501394360640e+17 -1.507962223059566720e+17 3.406785195103994000e+16 -2.078225135109293200e+16
-2.793733169019807129e+12 -4.801222328121383667e+11 5.548243893485744141e+12 4.509693307600916016e+12 2.604440948510169922e+12 -2.860613431765116577e+11 -9.756546739742309570e+11 5.404553584511963501e+11 -1.278812418437471161e+11 -2.392407508776875000e+11 -4.811477412783173218e+11 4.664677520173818970e+11 -2.974799884499515152e+10 -3.987273784465806580e+10 1.077509705002385712e+11 -1.509195856133661804e+11 -3.607454034034196472e+10 -2.461002111181598206e+11 8.574368705339257812e+10 -5.407368466975727081e+10 -2.930064603628657837e+11 9.664944697896806335e+10 -1.312538178202243195e+11 -1.106649526337304077e+11 -3.305870653899616699e+11 -1.877470942901246643e+11 -2.479564544345582581e+11 -1.420834918803080444e+11 2.861491968859761429e+10 8.776991146755039978e+10 -1.682118522315581131e+10 2.210866229929566345e+11 -1.285505883070039062e+11 -7.097580376320913696e+10 -5.181185110194022179e+09 -3.194520661910232544e+10 -1.691656762490939941e+11 -3.102891418060027695e+10 -4.526026644176228333e+10 -1.960619023406132698e+09 -1.254777193849995613e+10 1.082028286460919342e+11 8.059387269576936340e+10 -1.023649862857608948e+11 -1.102360818762482452e+11 1.290704461341313934e+10 -5.977348881891524506e+10 6.030139140523028564e+10 -3.511023703720414734e+10 -1.373972281736863556e+11 -1.937309158102008057e+10 -4.189219859197004700e+10 -9.600969126764643860e+10 -3.626155083519478607e+10 -3.331252615255884933e+10 -8.046954130107150336e+18 3.628245572565069824e+18 1.157314284220793037e+19 8.708617412421137203e+19 -7.259560528915290112e+18 3.648742759910247936e+18 9.323837287700400128e+18 2.358724382083646464e+18 1.443691613857898496e+18 3.630199035977667200e+17 2.696881796782181376e+18 2.492535431172090880e+18 4.563785920095024000e+17 8.085920022543509760e+17 1.108501778123762080e+17 -5.022876502917997440e+17 6.383536275561550080e+17 -1.081449495092239744e+18 -5.316623166600003840e+17 -9.412684369083303936e+18 -2.602512410858653696e+18 1.639082663228111360e+17 -1.069032334142498240e+17 -1.924003072355144320e+17 7.991971471571979520e+17 -4.109708934884400800e+16 -3.792905958603956480e+17 -4.324977819493042400e+16 8.539757312965313280e+17 3.566877087828083200e+17 1.981178476272789440e+17 1.266994215808832640e+17 3.795685255715365888e+18 -3.478993011845297920e+17 -2.558173827467551744e+18 1.420854996729883136e+18 -4.055763510282708000e+16 -3.568279470049740800e+17 -2.912790750149327500e+14 5.788935617369612800e+17 2.305690824116091200e+17 -4.411973085750385600e+16 -4.046210613930248320e+17 3.872078556500931200e+17 7.226969753347950080e+17 -1.058535343327321280e+17 1.270723431016860800e+16 -3.498079988632138000e+16 -1.009297175886412000e+17 -3.370421072708969984e+18 3.866602842992317440e+18 -1.316742673597036000e+17 5.617748678992858880e+17 -1.423759008259227136e+18 5.773475433454589440e+17 -3.357922847293695360e+17 -1.559728295563717440e+17 -2.384220561449509440e+17 8.244943701565105920e+17 1.139500347671006720e+18 -1.135809012291192960e+17 -2.045181418349670720e+17 2.331283601775702800e+16 -1.782536722236512320e+17 4.237519534885653120e+17 1.330233422022884352e+18 1.184916180931117600e+17 -3.247101799281822720e+17 -3.361915207478805120e+17 -1.847562297075976640e+17 -2.808891496786905600e+17 -1.055013620214434944e+18 -2.020701034261603520e+17 2.351490193858079744e+18 -6.322144187087584000e+15 -1.241897509964709280e+17 4.398424026295387200e+16 6.462574858428218880e+17 1.009289282544769536e+18 4.779233190675343200e+16 6.861449022531184000e+16 -1.681699544246822080e+17 -5.545930234199811200e+16 -1.720014301111882560e+17 8.730226082328057600e+17 2.205485532906579200e+16 -7.765092219933120000e+16 -1.305709040381054240e+17 8.243081494092473600e+16 -1.892042294684943680e+17 -7.289031218716081920e+17 9.395520192331096320e+17 1.560566457359002880e+17 -1.278205418078501600e+17 -1.582843855838405760e+17 1.744257491267037000e+16 8.609658568320272000e+15 4.868780327435715200e+16
4.634510701438475000e+13 1.289735044935416211e+13 -6.348105653333768311e+11 3.459271880969490234e+12 3.843671545101992676e+12 -1.814731448387674561e+12 -5.161934339372340088e+11 -2.688929319883661621e+12 -4.009229803979515625e+12 -8.444259794225996094e+11 -3.901203344923607422e+12 -3.540830949503840820e+12 2.662702483238981018e+11 -2.860125101639700684e+12 -5.010081135629019165e+11 -9.835578649420455322e+11 -1.764419297708174805e+12 -8.775112837973376465e+11 -1.199320760143881989e+11 9.867968915577254639e+11 -5.656072522771212158e+11 -1.934225742540475830e+12 -5.057858452901376343e+10 -1.368714388990447021e+12 -6.666462349645496826e+11 -3.054346224289798584e+11 -2.300230698949942383e+12 -6.101499463230001221e+11 -3.281764811810529327e+10 -9.678080320868725586e+10 -1.187284912503003906e+12 -7.457139933709885254e+11 -1.370701534712022705e+12 -4.290490920029649048e+11 -1.069133651287435059e+12 -1.539696479228306152e+12 -1.863939509571761719e+12 -6.748942293840104980e+11 -6.775366376006606445e+11 -4.677596337492422485e+11 -8.277212722910053711e+11 -8.339570258131223145e+11 -8.105750504058958740e+11 -7.437063969135717773e+11 -3.168297536115908203e+11 -5.754176088709044189e+11 -7.192682895366042480e+11 -7.455157077596463623e+11 -5.796487247617530518e+11 -9.771703370542901611e+10 -6.929207059010921631e+11 -4.342192576021404419e+11 -8.647939509843441162e+11 -4.901890517135877686e+11 -7.774905072468172607e+11 3.290499754520499814e+19 1.069139121548580454e+20 -4.963834432999206912e+18 -7.259560528915290112e+18 2.391178623067898249e+21 3.656335567275064934e+19 3.954754851851932672e+18 1.142056499946133914e+19 4.979153580662754304e+18 -3.878093432031061504e+18 3.813235926138618675e+19 -6.088944498993053440e+17 -4.687831356075322368e+18 6.929877764147333120e+18 2.035991910793774336e+18 -2.407682645805445632e+18 3.737223200616311296e+18 -9.100450544957199360e+17 -2.260889530972501248e+18 7.710394776703949210e+19 4.667964704839336755e+19 7.169547160551314432e+18 -2.993555971616837120e+18 3.202182057107488768e+18 1.097102124974269056e+18 -2.054224843185924352e+18 -1.936388427551319552e+18 -9.149630024285450240e+17 -1.517356017842395136e+18 -4.272275888644628992e+18 -9.272841694999906560e+17 1.764701152020815872e+18 2.257138148961187840e+19 -1.641807419681811456e+18 1.246042585301263770e+19 6.408836412794272000e+17 -8.656992650393304320e+17 8.399980298539265280e+17 9.159960686250917120e+17 1.621032056233098560e+17 6.060509568281084160e+17 -3.223156625918834560e+17 1.338331666945869056e+18 -1.221663652836103168e+18 -1.376765142842720960e+17 -9.760665003982028000e+15 3.563804015879864960e+17 4.964594538760517760e+17 -5.251438392528589440e+17 3.021829302034034688e+18 -1.837927678748289280e+18 5.060437551605279360e+17 -1.243866482107862000e+16 -7.231226246506701824e+18 -1.468679656099784320e+17 1.258683032816262144e+18 -9.830502867726993920e+17 -6.317389050432152320e+17 1.403071670712228000e+17 4.282875143528115200e+16 9.842351743562082560e+17 3.492343103536096640e+17 4.915329973676385920e+17 2.377224317995324160e+17 3.179285655553662080e+17 -6.682370758005123840e+17 -3.922199096977431680e+17 -8.310957478838954240e+17 -1.375461449570667520e+18 -1.800657222115837696e+18 -2.385611256645187200e+17 1.771389753138074829e+19 2.776923573175204352e+18 -3.438145939168750592e+18 7.030948326604718080e+17 -5.652194339757914880e+17 -2.385713042896064000e+17 -4.448335630453752832e+18 2.190181033139689472e+18 1.955683271441127936e+18 -1.192018898331643648e+18 1.535488738981974400e+17 -9.381437573102545920e+17 3.451790011158033920e+18 -2.407124263704335872e+18 2.817102940685359360e+17 -1.651212839732011520e+17 -7.476278811206785280e+17 -1.489879617035734528e+18 -6.984847750871543200e+16 2.252150725221535488e+18 -2.482658355736345600e+18 4.276533897777540000e+16 2.080294966181698816e+18 -1.248405079945408256e+18 -5.871127800137679360e+17 1.505401566408733440e+17 3.213650678383204480e+17
1.070053257195480078e+13 8.412914919666456055e+12 5.116415410987460938e+12 2.023463503448682129e+12 2.377313490417247070e+12 -5.568685316360762939e+11 4.719265248436544800e+11 4.062266063853446960e+09 1.856756579804198914e+11 -1.295950439200420074e+11 4.746232318631108856e+10 3.290727409012609482e+10 2.351179898711884155e+11 -3.938001633351849976e+11 -2.127213660737948608e+11 -1.099524242303366852e+11 -2.295479993284539490e+11 -2.215127101036912842e+11 -2.720524694935755539e+10 1.754837811115349579e+10 4.554910641045166779e+10 -2.857647035356398926e+11 -7.357376887837933350e+10 -2.451925388790187073e+10 -1.812624075395135803e+11 -2.004855293553750000e+11 -1.928427694371117249e+11 9.233038748117658615e+09 6.230493372894738197e+09 -4.391136604744907379e+10 -3.943328553893111944e+08 -1.022041854091927338e+11 -7.173703530412688255e+09 -2.696694536774946690e+09 -5.093554677374546051e+10 -5.121821054659661102e+10 -1.705462834521729736e+11 -7.478301800493434143e+10 4.902421987804051971e+10 -1.274632002019250793e+11 -1.631572362322670898e+11 -1.210814324707006683e+11 -5.988448706946707916e+10 -9.910877389402126312e+09 -1.254031937375037537e+11 -7.707341792776992798e+10 -2.006604001202694702e+10 -6.505013785754712677e+10 -8.675076021909077454e+10 -2.073526477648210526e+10 -5.095564051839427185e+10 -1.123863556953346100e+11 -9.202779981026986694e+10 -7.209614423238983154e+10 -1.068698823312769775e+11 1.956586603595004314e+19 1.632907461796657562e+19 1.655730590938552525e+19 3.648742759910247936e+18 3.656335567275064934e+19 4.146286890544537600e+19 4.002487556289014784e+18 1.208112982277573222e+19 1.144871681147095808e+18 6.483695187712629000e+15 6.946528838473878528e+18 1.451659345694924288e+18 5.287576545669934080e+18 4.111750328911963520e+17 4.506821544712771200e+17 6.310550813084781568e+18 4.297723263837568800e+16 -1.446230279775277120e+17 -3.504011136062061440e+17 -8.697996040263772160e+17 3.371415415610331648e+18 -2.882302481711505600e+17 -5.593949913597457280e+17 3.815567882028563456e+18 8.974030518748777600e+16 -3.600853263716624800e+16 4.481246747975647200e+16 4.813336108127007744e+18 5.297926745295866240e+17 -6.473974822711682400e+16 6.326017006735731200e+16 -4.575672668182469000e+15 -5.167277910067297920e+17 -4.115096075318814720e+17 2.413644001758302720e+18 2.479671222982350080e+17 -1.913496924324810800e+16 2.299462317877997440e+17 3.048479331807031808e+18 -8.268961236355060800e+16 -5.399117308595448800e+16 7.122615947391710000e+15 1.290282536934264960e+17 4.932644903607674880e+18 2.958864470745634560e+17 2.454890456586111680e+17 -5.117035076668366400e+16 -1.561988571560505280e+17 -5.963749672133475840e+17 1.070567984694495232e+18 1.919686955946370304e+18 -1.056862190393684000e+17 1.938810394275449920e+17 1.067623235514638592e+18 -1.330015883095049280e+17 1.324200636825586240e+17 3.026223708786290400e+16 1.042505130533644000e+17 3.373735164453732864e+18 2.947498068620314240e+17 9.297488321694358400e+16 1.838405561938816960e+17 1.082110422052484800e+17 -1.972179153975322000e+16 4.471036010341005312e+18 2.512602414854707200e+17 9.752793681018710400e+16 2.167623258839527040e+17 -1.828969218406152000e+17 -1.114520849589136160e+17 -2.496531223589469120e+17 3.748651103673200640e+17 4.344366480481571840e+17 1.610478364484467712e+18 3.360036680379618560e+17 2.735512847061878080e+17 6.059514619474665600e+16 2.396450669216662528e+18 3.396546141240418560e+17 2.778166497541539200e+17 1.306842592967421000e+16 -1.660236844356428480e+17 -8.638247199216086400e+16 3.343474919988276736e+18 3.631150719040986400e+16 -1.003219156942769280e+17 1.482183805340274560e+17 1.165373747270759840e+17 -1.855540304212682240e+17 -1.112847378943684480e+17 4.412643566456020992e+18 -9.252675687263417600e+16 1.763966759822183360e+17 5.258737104183000000e+16 5.407884363597521600e+16 -1.829129139383180000e+16 -1.396875742552668800e+17 -3.768748270196628800e+16
-1.817912698000737000e+11 8.193502898690974121e+11 4.485032815119084961e+12 4.367942043225109863e+12 2.957061392924289551e+12 7.399693859753338623e+11 8.747909684139562988e+11 4.475178606444239044e+10 1.336086905766019745e+11 -1.305815157917965698e+11 -2.813116672224143677e+11 1.659415972429339600e+11 1.818236152649752197e+11 -3.461946063171154785e+11 -2.259190882909088440e+11 -1.166423081977893066e+11 -2.124894310026533203e+11 -2.381272137632196350e+11 -7.664620813315498352e+10 -1.107174674380637207e+11 -4.146436049413108063e+10 -1.484373753803315735e+10 -8.613502551795545959e+10 -1.051692836446122437e+11 -5.737775259956689453e+10 -1.062343958414824963e+09 -9.148963276440844727e+10 -6.153367753526891327e+10 -1.087983018182265320e+11 9.715147178644445419e+09 -7.092284964038291931e+10 -7.638152830545310974e+10 -1.244416558362395935e+11 -1.101417929870792542e+11 -1.183876244705618591e+11 -6.992841355039765930e+10 -1.623500707794060974e+11 -6.729636773742026520e+10 -3.597565810110118103e+10 -1.132865803340957489e+11 -9.560155880864985657e+10 -7.652642591147573853e+10 -7.382029640466647339e+10 -1.531077531158724060e+11 -1.125108489729774475e+11 -9.016725031221788025e+10 -8.324083145435542297e+10 -9.864540167429168701e+10 -8.397133722667758179e+10 -1.008541035236355133e+11 -4.739562874014777184e+09 -5.515701984961978149e+10 -2.539033021174790192e+10 -7.876777934884466553e+10 -9.193725092562600708e+10 -3.683931628110781440e+18 -1.386629745408018688e+18 5.518311547039252480e+17 9.323837287700400128e+18 3.954754851851932672e+18 4.002487556289014784e+18 1.868376202124624691e+19 -3.658709352648614400e+16 3.146984878476808704e+18 4.315357872095117440e+17 3.809083297037678592e+18 3.490420900254733312e+18 2.775848191541448960e+17 1.184659044920596480e+18 -2.396189067337552400e+16 -2.019322542814869760e+18 6.078369293242781440e+17 -1.900270165455122560e+17 -3.523059253243905280e+17 -5.510297000272218112e+18 -4.499882163985776000e+17 4.121499292504057600e+17 2.814445268514480000e+17 -2.976576197367424000e+17 6.601268652628495360e+17 1.162736549353896640e+17 -1.768303953680748800e+17 -1.050426557001632512e+18 7.992801201019179520e+17 1.886334274484822080e+17 -1.621109772517588160e+17 -3.241353975688997760e+17 2.859538441145400000e+17 -9.918133362769648000e+16 -2.617664215989617664e+18 5.797637508076007680e+17 1.436871327451991200e+17 9.643376488703518750e+14 -4.492356232540206080e+17 5.729250226616065920e+17 2.846615175667555520e+17 -4.081927693642839200e+16 -4.598147976173691200e+16 -8.591344888735824640e+17 8.683478918463991040e+17 1.283857256782005280e+17 -3.997470620128777600e+16 -1.180587517662939200e+17 -2.593235617518175600e+16 1.432971358857327360e+18 1.892808016907911168e+18 2.540232777688881280e+17 1.229060140323641800e+16 2.053903536883467776e+18 6.641188509217611520e+17 2.392715579002900480e+17 2.793541205686968800e+16 -7.598274967702801600e+16 3.769886661185736320e+17 8.099614282134759680e+17 1.687277967213067520e+17 -4.351577710811699200e+16 -6.613424718993736800e+16 -5.894327206033088000e+16 -6.854503913366771200e+17 8.143269041523712000e+17 1.119778780684530240e+17 -1.801985368870526400e+16 -1.038727470897113280e+17 -4.240651922631966400e+16 1.577332829445087800e+16 -4.479502543941966080e+17 -1.626833335952221120e+17 -4.817014193742026880e+17 9.315412290045920000e+16 3.921917362545780000e+16 6.172973448716945600e+16 2.778852645977009280e+17 6.501972657987580160e+17 2.485417408866413760e+17 8.420258724603612000e+15 -7.391058175993844800e+16 -1.664692523650493000e+16 -4.165113101054272000e+17 6.463747771290508800e+17 3.791715273516285600e+16 6.664995478333753600e+16 -3.441462761056313600e+16 -4.460111554275140000e+16 -5.840130961727640000e+16 -5.098946500411581440e+17 6.931770301730206720e+17 1.260865183899945120e+17 -7.653908936231670400e+16 -9.665481901773268800e+16 -7.209225573458012800e+16 2.221509827510065000e+15 -1.980066362447554800e+16
1.275200869162266992e+13 1.062817627231943945e+13 3.407626260465394531e+12 6.389082971294498291e+11 1.354626064470239746e+12 5.683710516342537842e+11 5.625917651597445068e+11 2.301482287255408936e+11 -6.287790847175962830e+10 -1.182948179649694366e+11 7.324370120571206055e+11 9.535400631899183655e+10 3.647866608273989258e+11 1.177695249145020294e+11 -1.607139067505946541e+10 1.462075687249169006e+11 1.742076055319084778e+11 1.639602751755655518e+11 2.430867350760520020e+11 4.562730018669272614e+10 -2.229076790448646927e+10 -6.859490706598078918e+10 3.031793376020715332e+10 -3.659862270175180054e+10 -4.323870018288501740e+10 4.641248231754216766e+10 6.856958271715216637e+09 -5.829182164724169922e+10 -7.893163419104600525e+10 -1.033290839999230385e+10 1.998108827090319443e+10 -4.613585543969359589e+10 4.396632646179584503e+10 -1.104501449351622620e+11 2.654288227279817200e+10 -8.571216079561811447e+09 -6.057103987234239197e+10 -4.586194008262213898e+10 -3.902478585315600586e+10 -3.839839188351993561e+10 -9.484239338531506348e+10 2.440204080205753326e+10 -2.670759272183679962e+10 8.082838442232655334e+10 -8.692713121423164368e+09 5.341198957001154327e+10 9.914546382823332214e+10 5.822707042329012871e+09 5.001466984771061707e+10 3.541265126886659241e+10 -3.551036087087648773e+10 -4.701847827764167023e+10 8.620767835262292862e+09 1.413837225858267593e+10 -3.580737999578955841e+10 2.700147117943101440e+19 1.369779398635216896e+19 1.495325136195478323e+19 2.358724382083646464e+18 1.142056499946133914e+19 1.208112982277573222e+19 -3.658709352648614400e+16 3.508268798640943514e+19 2.197705106938776320e+18 8.373234955399897600e+17 7.256739732858508288e+18 9.709729699557707520e+17 7.555094798027671552e+18 -1.485969195263633280e+17 5.070236597954823040e+17 1.233248822147176038e+19 -4.259922681953416960e+17 1.799317628107227520e+17 -4.631872734652777600e+17 5.798973630029683200e+17 -3.302348978218806784e+18 -2.335882720020016000e+17 -2.258425942412006080e+17 4.381624649299009024e+18 -5.268430907786591360e+17 1.434806006573561760e+17 1.996404250007143680e+17 1.026165872315226931e+19 -4.015349267521030400e+17 -3.477014360584145280e+17 -2.777019042017130880e+17 2.982039193791096960e+17 1.039731482405546600e+16 1.170827754647741440e+18 -3.136272107111197440e+17 -2.981841477186485120e+17 2.181616112631179200e+17 -1.938068066069619200e+17 3.368968145914695168e+18 -5.799296694210417920e+17 -2.656919718260783040e+17 -7.516510017084715200e+16 1.513446975634129600e+17 1.038954885967251661e+19 -4.857764648878910720e+17 -1.881922232577789600e+16 2.248874231979417600e+16 2.675295479627596000e+16 2.043981576280365440e+17 6.922668433687025920e+17 -3.710084865261404160e+17 1.049407954455846720e+17 9.395795176133582400e+16 1.068870067859502080e+18 -3.177063981386174080e+17 2.023666527011732800e+16 -1.007440313494123600e+16 -1.956704793721407200e+16 3.961420381792852992e+18 -1.598668018016574400e+17 2.574088210230905600e+17 7.093580618264734400e+16 1.276562802563792480e+17 1.443927670061611200e+17 9.936311367350603776e+18 -3.619619217377254400e+17 1.024126194091820800e+17 2.742557595375819600e+16 1.057715805064988960e+17 6.279445801862716800e+16 -9.306293025890852800e+16 4.039377992219644800e+17 3.136453077482625920e+17 8.987152279269273600e+17 -4.538967115496608000e+16 3.603530539737732000e+16 -5.788750229488110000e+15 1.094994652622589952e+18 -6.108574526991844000e+16 2.084430642048778240e+17 1.108626734988062240e+17 1.186392797997672000e+17 -2.845799790664220400e+16 3.961771012394812416e+18 -2.788703608542108160e+17 2.387099449244908400e+16 8.931983931710516800e+16 9.642544625304617600e+16 1.269312323796921400e+16 2.872330620436152800e+16 9.811314375333580800e+18 -1.788769115137735680e+17 -1.157499541810431600e+16 1.046440537548272320e+17 7.046142893838346400e+16 2.321259904628207600e+16 1.145748073073571680e+17 8.734228166305121600e+16
2.538263702905672363e+12 1.576198476650101074e+12 1.478073653721603027e+12 2.651340893725408203e+12 1.266044874340579590e+12 1.747296279246343018e+12 5.410332586628010254e+11 -5.117316778798133850e+10 -4.526078259061521606e+11 -3.777634379743754578e+10 1.395434968439559326e+11 -2.117087090285439148e+11 -1.815184804548777466e+11 -2.159278704962197876e+11 -1.005044228162135010e+11 -1.654696138658493958e+11 -7.405152074407865906e+10 -1.373877522479619598e+11 -1.595270661018303528e+11 -1.201074951215857697e+11 -9.955985851553405762e+10 -1.052205846749476318e+11 -1.266557603682361450e+11 1.960306040464270020e+10 -2.137701410355381393e+10 5.032883293671117401e+10 -1.480133437525121117e+10 1.142840017341774178e+10 -5.244448798597729492e+10 7.238359744442258835e+09 -1.405043134851399803e+10 -6.787480652281134033e+10 -1.839878787087159729e+10 -4.482574414965078735e+10 -3.642257781743821716e+10 -4.254424625386759186e+10 -3.403416602262716675e+10 -4.912941927368303680e+10 -2.312015392866573334e+10 -2.204582454171438599e+10 -2.630272456459912777e+09 -1.220189343615238571e+10 -2.228358896871143341e+10 -2.995832218250459671e+10 -2.674151889770746994e+10 -3.378054243297423172e+10 3.022323851530690765e+10 -3.752829066292291260e+10 -3.007718798202335358e+10 -2.942288130054809189e+10 -5.850495196582084656e+09 7.182703259881850243e+09 1.113087990083428383e+10 2.483642567514244556e+09 -3.634145656217768097e+10 2.037239944937388800e+18 -3.597350272878574080e+17 7.766208574205609600e+16 1.443691613857898496e+18 4.979153580662754304e+18 1.144871681147095808e+18 3.146984878476808704e+18 2.197705106938776320e+18 1.131981057151029248e+19 2.306119943760465920e+18 -1.693625275366046464e+18 6.826096473478124800e+17 4.352336308249179520e+17 1.605879140261865216e+18 4.210718178579185280e+17 -3.820892066272231040e+17 3.739621019789430400e+17 -2.142175855862925200e+16 -4.020909731155493120e+17 2.103123655911205376e+18 -2.267209577840725504e+18 8.419897997406484480e+17 1.153757625129791040e+17 8.127264900718129920e+17 2.917900405744406400e+17 1.278604221141772960e+17 -5.352878401446690400e+16 -2.278779620133987840e+17 1.445221406707823680e+17 1.274854544488275680e+17 -3.446880834388542000e+15 2.644008608149893500e+15 -7.385323729015476480e+17 2.711601082118594560e+17 2.389552523985394176e+18 -2.036276580844105920e+17 2.991003726566798080e+17 1.073658449275338080e+17 -2.399247345466345920e+17 2.817059154581907520e+17 1.271946245041756640e+17 -4.393931617365262400e+16 -3.553687902072917600e+16 -2.278279875731087360e+17 2.373971673602588160e+17 1.841921330112274240e+17 -1.151099565852248000e+16 -3.550882704292840000e+16 -1.371005394762812960e+17 2.685757798330932800e+17 -4.541357010129860800e+16 1.416905961306268640e+17 1.443118022764930560e+17 1.709402793770079232e+18 1.877432684345590720e+17 2.296884779975130560e+17 9.361236784003971875e+13 -2.449578478015141600e+16 5.348336640618602240e+17 2.304443593798545280e+17 1.320331891222005280e+17 -2.107753608525348800e+16 -1.006209076011589280e+17 -1.113716640701997440e+17 -3.566170550345559040e+17 2.977520919653409920e+17 1.958603733834059520e+17 6.694789636637786400e+16 -1.297510691437510560e+17 -1.389197515086288200e+16 7.715094683877104000e+16 -4.470271227962783360e+17 -4.880971594691569600e+16 -5.628923773288336640e+17 -1.257865842499459040e+17 -6.154130669006965600e+16 5.790519911008537600e+16 1.379158569717456000e+17 1.910383607806507200e+17 1.999952880706999040e+17 -2.752963312860544000e+15 -3.989764312204018400e+16 -4.135909615948064800e+16 2.490829667579145600e+17 2.104038153901109120e+17 2.084388286190254400e+17 -5.109202259819323200e+16 -1.424931504120047200e+17 -2.481456465598805200e+16 -9.279773181334731200e+16 1.880036433340268800e+16 1.559050335554988480e+17 1.698768000248673600e+17 4.050312808710892800e+16 -4.670500363387251200e+16 4.715964180102792000e+16 -5.818384058972535200e+16 1.092806051044477760e+17
5.040101561096226562e+12 -3.257590129886959229e+11 -1.880196520658114014e+12 -7.920877302125181885e+11 7.111209221754395752e+11 2.375144198922307129e+12 7.907084735061680908e+11 2.523943493729092102e+11 8.087817508098254204e+09 -4.127574467276355743e+10 3.640561675251925659e+11 1.790190187938480530e+11 2.764124932156875000e+11 1.605669617229004517e+11 -8.230196003699824524e+10 -2.227134620113681030e+10 5.032724855177219391e+10 2.527388861314303970e+10 -6.169983341282493591e+09 -1.373944064915625763e+11 -9.505352534970050049e+10 -2.833238404686240673e+09 -2.922090613255482864e+10 2.664480969350152969e+10 3.676132112226306915e+10 6.570380713428825378e+10 -7.872207298835417747e+09 -4.706924185642459106e+10 -7.957863066460896301e+10 5.766392995336172485e+10 -3.329426031637627411e+10 2.206693165311100769e+10 -3.275886548808987045e+10 -1.123969475759210052e+11 -3.749299888879263306e+10 -7.740906701640069580e+10 -8.693366372062662125e+09 -1.348773040452355385e+10 -1.253186242137145691e+11 -8.420248561468609619e+10 -4.175070728918359375e+10 -7.073123958491992188e+10 -4.779438693784580231e+10 1.216077221046494102e+10 -7.627135913953970337e+10 -5.078948451144602203e+10 -7.491284549714482117e+10 -3.039391278329619598e+10 -6.575580396385309601e+10 -8.614883638138899231e+10 -4.033951575491049194e+10 -1.295948752234296265e+11 -3.627629385451952362e+10 -7.784722262944750977e+10 -3.555722421093630981e+10 -6.687001150645036800e+17 -2.640087853292548608e+18 6.800668548339577600e+17 3.630199035977667200e+17 -3.878093432031061504e+18 6.483695187712629000e+15 4.315357872095117440e+17 8.373234955399897600e+17 2.306119943760465920e+18 1.961896398266331136e+19 1.361838185001975552e+18 -1.494579370118835200e+18 2.102096678307251840e+17 3.449192531669990400e+17 1.618399675638262016e+18 -9.545410715144590400e+16 -3.807026276579963520e+17 8.952191829896247040e+17 7.146906337284912640e+17 -2.228668313939826944e+18 -3.415494526792651776e+18 6.713015087369986560e+17 4.897732595695068160e+17 -4.591989750108983680e+17 6.543734192859902400e+16 2.605083178613852480e+17 -1.112752595625320600e+16 -8.884116007155330560e+17 -1.713746150824359040e+17 2.178400693256781440e+17 -1.413151112160727680e+17 3.928561078585950080e+17 -1.801841392166986496e+18 1.735569567117814080e+17 -3.075000980064568320e+18 3.626061470493669120e+17 2.732916693321580800e+17 6.831037418114059000e+15 1.526869086350375680e+17 -1.289143195106718880e+17 3.521675171640282880e+17 1.732782910625179840e+17 2.359035145157908480e+17 -3.782193922297343200e+16 -1.359773358271091840e+17 4.606538562670110720e+17 -9.509636721316264000e+16 1.647977884692381440e+17 -2.506677497789512800e+16 2.680357921431065088e+18 1.274456690198318080e+17 3.186908659237535360e+17 -1.253542571957183040e+17 1.991382929171418240e+17 5.848343970083735200e+16 5.010886187981585920e+17 1.396705366693766880e+17 5.329214579449426400e+16 3.624227590608264320e+17 -2.970779964838529280e+17 2.573556729815961280e+17 7.299783929744945600e+16 -1.009675848215062800e+16 1.168882649083001600e+17 1.365135812158718720e+17 -1.172300157827841120e+17 3.012890791336497920e+17 1.091704455300180640e+17 -8.164986553285075200e+16 1.004849861763358240e+17 3.386053410737205200e+16 -9.264529756056040960e+17 9.139598845884972800e+16 6.279249189742170880e+17 5.948829217943239200e+16 3.568836086410537600e+16 -2.800455255109174000e+16 5.998492760098288640e+17 -8.748606725408176000e+16 7.861559913551014400e+16 -3.193986772683634000e+16 5.174610044585520000e+16 1.836980516471164400e+16 8.318683513788419200e+16 -2.535811821229838400e+17 2.920168599718333440e+17 -1.387761483258099000e+16 -2.962044829107377200e+16 5.211885333339683200e+16 -7.871060751084481600e+16 -5.392823050399844000e+16 -2.050491448891036160e+17 5.691717964570640800e+16 -6.705591394011575200e+16 -7.488602344274984000e+16 6.950999613960003200e+16 -6.081281590000486400e+16 4.108692321403204800e+16
4.393207693302672852e+12 -8.362962650529649658e+11 3.547734194431196289e+11 -2.887462164144860840e+12 5.849134750259073242e+12 5.824347878444902344e+11 -6.116021948290887451e+11 3.127903524928208008e+11 6.781716556837590332e+11 6.660547069687556152e+11 4.550395687742164917e+11 -1.421378423256893799e+12 -1.239301887766418457e+12 1.263754084562580414e+11 6.370573769406148682e+11 8.277105712308431396e+11 -2.981367605726361084e+11 1.888134320153080444e+11 2.436345689788670959e+11 -1.324492976651876831e+10 2.896584268043173828e+11 -9.778659198106672668e+10 2.031587972035900879e+11 -6.102096059675306396e+11 -1.009006005298535156e+11 -3.997128791666301270e+11 -4.448892006830170288e+11 -1.686587642961561890e+11 -4.295154880762011719e+11 -2.166661313782442322e+11 2.679348608772253418e+10 -3.100828654663847656e+11 -8.288404020745524902e+11 1.237503159138284912e+11 -2.403321300906999512e+11 6.538401763782063484e+09 2.785625449831450272e+10 3.591137680240589142e+10 1.154823011189515381e+11 2.626879375928507996e+11 -6.965815963399902344e+10 -6.100771631402585602e+10 -2.474462602362929993e+11 8.494634781939045715e+10 -1.739542758198577576e+11 -4.405749100606813049e+10 -1.993571174329296570e+11 -3.359800000766058960e+11 -1.399674180131794739e+11 -1.266349211949558563e+11 -1.562146050200829773e+11 -2.016908085074618530e+11 -1.327657103793681793e+11 1.945486200118684387e+10 -3.484685276389165039e+11 4.610368025165382144e+18 6.005108143023749120e+17 -5.071656803684714496e+18 2.696881796782181376e+18 3.813235926138618675e+19 6.946528838473878528e+18 3.809083297037678592e+18 7.256739732858508288e+18 -1.693625275366046464e+18 1.361838185001975552e+18 4.231534015680133202e+20 6.100155199577015296e+18 6.008801890674249728e+18 1.117440576527099648e+18 2.766372609367312384e+18 -1.118365548516516096e+18 1.284193353277264640e+18 4.251569689278711680e+17 -1.615183310482775680e+17 9.160674123278334976e+18 -3.125966114726948864e+18 -7.235221263940591360e+17 5.138888908474449280e+17 2.578134180291477504e+18 1.413634472714166880e+17 2.120357178213732160e+17 -3.837566531997822080e+17 -2.034939361135460480e+17 -1.466642585659467200e+17 -3.404388611894328320e+17 -3.381655084324048640e+17 -8.202767573361506560e+17 9.956300263711805440e+18 1.955119310910818240e+17 -5.130583973680276480e+18 6.153915177464586240e+17 6.160573944071389440e+17 6.203712153115417600e+16 2.282681860660035840e+18 -5.773550597227046400e+17 -5.317364089813390720e+17 5.123515109251148160e+17 1.291493892592412160e+17 -7.273910872668747520e+17 -1.056309495747508608e+18 8.662880797355964160e+17 4.708610637891937280e+17 -8.450018292805024000e+17 3.413961269673104640e+17 -4.090999598939364352e+18 3.820903348699826176e+18 -5.221090800414208000e+17 1.196259614816053920e+17 9.053434242440431616e+18 7.389049475014481920e+17 5.879563724885475840e+17 -2.716698032458296320e+17 -9.868636176107449600e+17 -4.931821804817704960e+17 9.493792709988622080e+17 1.186830533242358272e+18 -2.195832220366226560e+17 -8.562579224666182400e+17 -8.954553085986882560e+17 -1.443697946920088320e+18 1.237694645232315040e+17 5.314723005458081280e+17 2.348209583117064000e+17 -2.714003487543314400e+16 1.299050362573270560e+17 -5.542030985563032000e+15 1.615140854315640576e+18 -3.068873061075369600e+17 1.481004099250582016e+18 1.344582539709022208e+18 -3.015004505288430080e+17 -1.939972478763856640e+17 5.604654030966481920e+18 6.691481791948629760e+17 4.736916284138946560e+17 3.330894363795169280e+17 5.550909299773020160e+17 -2.583740282412351040e+17 1.362786643482965504e+18 -1.597498470397108800e+17 6.278027014667297280e+17 2.262561794197463360e+17 5.910069018411479040e+17 2.565058861568742000e+15 -3.935535374210413600e+16 -2.138352129868694528e+18 4.974195155640933120e+17 9.259791130872241920e+17 -1.058693530475034560e+17 9.880061545131068160e+17 2.555802249615925120e+17 3.559226334198116480e+17 -2.207312150232627520e+17
6.221233633952024414e+12 3.320952076771729126e+11 1.027316126126824829e+12 4.793789186625793945e+12 3.060522081210252441e+12 -8.196413075262443542e+10 2.518076346452088928e+11 2.178539377121743774e+11 -4.922334000588323975e+10 4.656451252370822906e+10 4.144714447151294708e+10 3.260661142591815186e+11 2.249178297816517639e+11 -1.633757014683403931e+11 7.756342870680860901e+10 7.611788600120356750e+10 -8.165377645120021057e+10 -2.362504087123201904e+11 5.776639687184178162e+10 7.312494095365032959e+10 5.066808527273856354e+10 -4.355973374596436501e+09 1.963070235375406494e+11 2.281181392836745834e+10 -4.414621012789749146e+10 -1.144038979956925812e+11 -7.520630050792633057e+10 2.085482175603116608e+10 -1.029062869444767151e+11 3.048315513919663239e+10 2.464798414043365097e+10 3.319653055946172714e+09 -9.357118068626798630e+09 7.180817500499552917e+10 3.910942830972757816e+09 5.203704216169434357e+10 4.570962093028862000e+10 1.171103208234843445e+10 5.532431774853146362e+10 -3.029872578311553478e+09 5.934459776564031982e+10 8.956651299336502075e+10 -9.312160211625759125e+09 -1.172995372064446831e+10 -1.262285997953601837e+10 -9.557660780013291931e+10 -3.813411877754590607e+10 -1.615888648075514793e+10 -3.823001808869137573e+10 -1.655968287528965950e+10 8.370398432472090721e+09 -4.992329280585110664e+09 -5.773796614911132812e+10 9.235572662831085205e+09 -1.756225106971210861e+10 -3.651458656880150016e+18 -1.444188140821972800e+17 8.089636389609450240e+17 2.492535431172090880e+18 -6.088944498993053440e+17 1.451659345694924288e+18 3.490420900254733312e+18 9.709729699557707520e+17 6.826096473478124800e+17 -1.494579370118835200e+18 6.100155199577015296e+18 2.673910443412227686e+19 2.967581791265968640e+17 2.275566541461862144e+18 1.485280138179387520e+17 -2.709498941252979520e+17 8.395128914218049280e+17 -1.932275573033650750e+15 2.428405396410946880e+17 6.064003041345465344e+18 -5.222397295585024000e+18 5.849420836241544960e+17 -9.403665093741560000e+16 2.118948292551674560e+17 7.182050698958896640e+17 2.396158090473144000e+17 1.629818843926600960e+17 7.419535614618600000e+16 3.518276968771618560e+17 2.452757238675849600e+17 -1.213217954682647680e+17 4.113392436810317440e+17 1.975194715686027840e+17 -1.756553264801637440e+17 -2.885654966101339136e+18 9.580370156756555520e+17 9.056584598878665600e+16 7.586660339491087000e+15 6.539322472940048640e+17 4.388745056959444480e+17 -1.776213942728999600e+16 8.865723498549889600e+16 1.490871351075003520e+17 -2.405464498887023680e+17 8.117104767051193600e+17 1.093618491889545920e+17 -2.229415449632027520e+17 9.019629781696355200e+16 1.181319027206734880e+17 5.345521111910711680e+17 6.767199598992055040e+17 -3.363413360090389760e+17 8.343882824125832000e+16 2.765533018762519552e+18 7.180684249191407360e+17 1.078106895809989120e+17 9.870567690855838400e+16 1.867314035952649600e+17 6.612930526355418400e+16 7.017746648112880640e+17 6.389714643818869600e+16 -2.916399972453789600e+16 -1.962454918607771600e+16 1.333828964593893440e+17 8.153374539142813000e+15 6.242313179107052800e+17 7.274579207186947200e+16 -1.668586104240135040e+17 -1.837511694097396480e+17 -5.831704872286443200e+16 6.680206497551270400e+16 -4.881667031948028160e+17 -2.095869316299480640e+17 -3.530950745537231360e+17 -5.583631637985769600e+16 1.199592209155162880e+17 -3.121354505191677200e+16 -4.772511992580442000e+15 9.954136836330339840e+17 1.792490980078424000e+16 -9.271219412505851200e+16 4.737727958092126400e+16 1.972735185297845120e+17 -2.769654876491612800e+16 5.729842720933623040e+17 6.979630242624769600e+16 6.285924260374399000e+15 8.778320719581100000e+15 4.157293779860176000e+16 4.300712704257872000e+16 1.465275419404616320e+17 6.591107703611004160e+17 2.126883727117359360e+17 -4.411298109301785600e+16 1.324118659489075040e+17 3.735324796260332000e+16 5.894685822589636800e+16 -6.426684641735900000e+16
4.931235719340599609e+12 6.497225796352458984e+12 4.162356300340474609e+12 7.475950829789727783e+10 2.309467721014928894e+11 8.039368286220416260e+11 1.011936054422177734e+12 7.104921184122932129e+11 6.473404814110946045e+11 2.048669925801573792e+11 -1.040454388018380890e+11 1.456145228346565552e+11 1.252294380820952148e+11 2.767039579947091675e+11 -1.300110298507500458e+10 -5.326290427767376900e+09 -2.930358556490995789e+10 -6.801966843862773132e+10 3.114697837500239944e+10 1.703683871651553955e+11 1.495179135806427612e+11 -4.492865700363059998e+10 -9.697252084800727844e+10 -3.457593801680911255e+10 -2.331903271709855270e+10 2.295059722823747253e+10 -4.971642071325106812e+10 -5.367586687245952606e+10 -6.214369987880794525e+09 -4.042044552673075867e+10 -1.879141931307606125e+10 -4.802495923940282822e+09 -6.748435692730852509e+10 -1.460031573608160400e+10 -9.979807971734832764e+10 -1.054798604087792664e+11 -9.096668462036396790e+10 -2.758106849198434448e+10 2.140333602562765884e+10 -1.526190903646094513e+10 -7.473699965905751038e+10 -2.141491379823202133e+10 -1.441548980097411194e+11 -8.985504954222131348e+10 -7.767142743927994728e+09 -3.843934927077468038e+08 -1.490299315406671906e+10 -1.821353989384429550e+10 -4.200396203430687714e+10 -1.264367800239651680e+10 -7.031019303158668518e+10 -1.075031608119544678e+11 -1.952952290841694260e+10 -6.594531318796958923e+10 -1.071868244406038666e+11 1.190051394665516442e+19 1.017314557153711514e+19 7.117579740215513088e+18 4.563785920095024000e+17 -4.687831356075322368e+18 5.287576545669934080e+18 2.775848191541448960e+17 7.555094798027671552e+18 4.352336308249179520e+17 2.102096678307251840e+17 6.008801890674249728e+18 2.967581791265968640e+17 1.808980830544119398e+19 6.840542619441277440e+17 6.513316100172504320e+17 6.790230314893561856e+18 5.306714527134917760e+17 2.539993857723674240e+17 -2.115332446745088960e+17 -1.931510745912843520e+18 4.157027674258627072e+18 3.639759629677105280e+17 5.450193395410297600e+17 3.441044535177933312e+18 -1.415201626641969760e+17 2.214132660840853120e+17 3.359660849440526720e+17 4.079893478098555904e+18 1.894705333068932160e+17 -2.557550498707231200e+16 1.259615579785969920e+17 -1.056049753527066400e+17 1.793561731285271040e+18 7.216229618235772160e+17 -1.227687779867841760e+17 -1.661614861147872640e+17 3.243192418559923840e+17 2.138733142897094080e+17 3.246558419943465472e+18 -4.156218682291763200e+17 -8.082276657205340800e+16 -4.529591569087393600e+16 -3.736257034352720000e+16 3.927838320038624256e+18 -3.386504955171189760e+17 1.990768452725218880e+17 1.519989721040811520e+17 4.579351490589671200e+16 6.010103787255634400e+16 4.917234732313324000e+15 -3.308295733201701120e+17 7.095802669992120000e+16 -7.417864797920240000e+16 2.359644199417821696e+18 -1.604548345753577600e+17 1.650270506948149120e+17 2.880800561180707840e+17 1.429391001754478880e+17 3.235272771346065408e+18 -1.962175504114602000e+16 2.537948250956106880e+17 2.279772387158146560e+17 4.690300258329008800e+16 -4.717988997073545600e+16 4.198243229327018496e+18 3.207146582851296800e+16 3.648503251744105600e+16 2.470666473130815360e+17 2.091569004944180400e+16 3.078328546629570000e+16 3.844818681854678400e+16 1.041149367851443800e+16 2.505506358575093120e+17 -2.137952324108771520e+17 1.739013932002921920e+17 1.194310737772558080e+17 -8.964621284501265600e+16 1.304105899708801792e+18 -2.853946119159053440e+17 2.136343219769502400e+17 1.151511161927921600e+17 -1.609707354604191000e+16 -1.461775573168377600e+16 3.070284906443881984e+18 -7.506427713238611200e+16 -1.607691578670809600e+16 7.259262749713766400e+16 5.043612663877906400e+16 5.969794832060044800e+16 -1.156352321429928800e+16 3.868691281685173760e+18 1.284371478569227400e+16 3.740880343024357600e+16 8.297184464446840000e+16 4.552133467964915200e+16 8.131771843605356800e+16 1.304448327800827200e+17 1.471350227731391680e+17
2.991185510534681641e+12 4.820801830868722534e+11 9.957925996670485840e+11 2.197184663639186523e+12 1.045334381888610962e+12 7.304065210423636475e+11 5.540204993728835449e+11 2.351177508992524719e+11 3.000335421519814682e+10 9.991131217823744202e+10 2.462029548675948715e+10 2.570309269811866760e+10 -3.065916179518519592e+10 2.418013702993376541e+10 6.797408177477794647e+10 -2.659103234632024002e+10 -3.156447788632570648e+10 -6.189253524919134521e+10 1.424412340405488586e+10 4.223364894712039948e+10 3.315343021551043701e+10 2.637656137967348862e+10 1.038957440670611978e+09 -9.302001197669952393e+09 -1.287091822505473518e+10 -7.954740913055046797e+08 2.672324296007581329e+10 -1.783164280573313904e+10 -2.806295403132926559e+10 1.705395501204771805e+10 1.067732757808059502e+10 7.236141987348119736e+09 2.289344282728773880e+10 1.820452191757965088e+10 2.761067610632051849e+10 6.895533116836252213e+09 -1.243710274637629890e+10 -9.432586243225170135e+09 -4.293948103023288727e+09 -7.675243007418066025e+09 3.550850192963377380e+10 1.703058659208752060e+10 1.480151408446508217e+10 -6.719953820363959312e+09 7.288730086657320976e+09 -1.329739243854880905e+10 -1.186267516389446449e+10 4.869938632836101532e+09 1.093551216749398232e+10 1.370224433005843925e+10 1.025199911574194336e+10 6.716030690048951149e+09 -1.573223838844286728e+10 1.480152306645645905e+10 -1.833689207674639893e+10 -2.383676648102261248e+18 9.064114862269950720e+17 3.707253239173928960e+17 8.085920022543509760e+17 6.929877764147333120e+18 4.111750328911963520e+17 1.184659044920596480e+18 -1.485969195263633280e+17 1.605879140261865216e+18 3.449192531669990400e+17 1.117440576527099648e+18 2.275566541461862144e+18 6.840542619441277440e+17 3.672325680541445632e+18 7.105514869060636160e+17 -1.425307443022133600e+17 1.068265943841902592e+18 2.803037147682250880e+17 1.811696330385357760e+17 7.633023662414512640e+17 1.398673607485071680e+17 9.280973130430458880e+17 1.835215214501694400e+17 1.283661809608980400e+16 3.736837368647102720e+17 1.787149506409971840e+17 4.985762383992528800e+16 -1.812173755985911040e+17 3.774039736071468800e+17 2.193296099033134400e+17 -5.626274309276714000e+15 -1.474935493345439040e+17 9.323869516575257600e+17 2.865989519373841600e+17 -2.835849392388201280e+17 4.389306185212106880e+17 9.484571092974440000e+16 8.251528144240058000e+15 -1.502269002970737600e+17 3.562489611717674240e+17 7.410738140769289600e+16 3.274945195964856400e+16 6.115357463572744800e+16 -4.603914888681885440e+17 2.823193439821346880e+17 9.250840260029707200e+16 -2.050184689275284400e+16 -1.517561752612220600e+16 1.080486792458405600e+16 2.642965492803000640e+17 2.887067631809039360e+17 1.258931173698252960e+17 1.579232486591850240e+17 4.143556315356587520e+17 2.448063834469640320e+17 7.051477650788050400e+16 1.150854990302948800e+17 2.627868849179063200e+16 -6.800187074005235200e+16 3.444502531506716800e+17 6.516228841537935200e+16 7.921020197862798400e+16 1.885108886114727200e+16 5.478638120037519200e+16 -3.472240547991370880e+17 2.816514408602174080e+17 6.602889626602206400e+16 5.590627342505954400e+16 1.863085612395811600e+16 6.030821882600107000e+15 3.078402458655180800e+16 -5.214590596118552960e+17 2.166875610818562800e+16 -4.721881478205502720e+17 2.405160718433460800e+17 4.154393919454338400e+16 5.442928477547205000e+15 9.290784330059344000e+16 2.462712158709191680e+17 1.209965389493556160e+17 3.781319760153730400e+16 2.800961014715858800e+16 -1.766662488291198600e+16 -3.586536085966555200e+16 2.676548003453898880e+17 1.109642114172956640e+17 2.999069277120685600e+16 -1.995999142237547600e+16 -1.571081414966203438e+14 -8.354040329295630000e+15 -3.079345318003328640e+17 2.613184031332443520e+17 8.720982684570209600e+16 -2.449459641475666800e+16 1.527861232620066000e+16 -3.585361739524321500e+15 1.252653056003253600e+16 5.756412532511135200e+16
3.474138692590863770e+12 2.876593933334124146e+11 -2.845766346504568481e+11 -2.014722483582200623e+11 9.621567727354243164e+11 1.177333672932183105e+12 8.196373878559368896e+11 5.105943971720405273e+11 1.511677724581925659e+11 1.901416059265845337e+11 1.884706505327005005e+11 1.645356276658855591e+11 -1.884079199131800842e+10 -1.458910521681961775e+09 1.358117790082340050e+10 2.105142378762793350e+10 2.938198946412514877e+10 -7.967007736710169983e+10 9.782678752945985794e+09 3.272333719494604874e+10 5.977188855446524620e+09 -2.145623258456042099e+10 3.709820197417417169e+08 -1.490091307936688995e+10 -3.315985859998317719e+10 -1.074106785948003197e+10 -1.311091521930622482e+10 -1.690691253299923420e+09 2.180249645667132854e+09 -1.355646215682279205e+10 2.996542092650003815e+10 -2.107776427055944824e+10 7.278752786841837883e+09 -2.210690627262902069e+10 -2.380528118492549515e+10 1.424681292076217270e+10 -3.269512609417134476e+10 -1.094487927462162590e+10 -3.101746123201350021e+10 7.669398795757259369e+09 -3.031443576888322449e+10 -3.954633160118340850e+08 3.534395543480464935e+09 4.120905475191464233e+10 -1.161608000024623108e+10 -2.354364174437316513e+10 -1.508814756611957169e+10 -1.934032135312456131e+10 -1.153133323888248062e+10 -1.361766390774804497e+10 3.729931193039010525e+09 -6.385605238764057159e+09 -3.071655169989326477e+10 -6.511641285156118393e+09 -4.281869687015900612e+09 -1.721379339593648384e+18 1.421134160523970816e+18 -1.205334245936087808e+18 1.108501778123762080e+17 2.035991910793774336e+18 4.506821544712771200e+17 -2.396189067337552400e+16 5.070236597954823040e+17 4.210718178579185280e+17 1.618399675638262016e+18 2.766372609367312384e+18 1.485280138179387520e+17 6.513316100172504320e+17 7.105514869060636160e+17 4.043759238563897856e+18 9.555854277327876800e+16 4.368389082646743040e+17 8.665075385690741760e+17 5.001440803876967680e+17 1.193800863119058176e+18 3.763340860748633600e+17 5.151924968797553920e+17 5.662176265003104640e+17 -1.905009426545200000e+17 2.899936522436765600e+16 3.451939572620606080e+17 4.109312633183326400e+16 -3.031230319588145920e+17 1.772873426614079680e+17 1.662004100038781440e+17 7.989171775544558400e+16 8.226312322030385600e+16 -4.010099845952146560e+17 3.856029203708440960e+17 1.602372794284825600e+17 1.870998546425871040e+17 2.805024666075895040e+17 1.223228036644034080e+17 -5.128557301838052800e+16 6.494328638175989600e+16 2.063707855405404800e+17 1.106874588499764000e+17 1.921631685367218240e+17 -1.830578153205885120e+17 1.236673709471579200e+17 1.927834759291096640e+17 1.979032087162835600e+16 8.169641981822424000e+16 9.245697474024316800e+16 1.344706804328989952e+18 6.022521569874772480e+17 2.451617613021711360e+17 5.886622063043488800e+16 5.797248438261749760e+17 1.954391153455364480e+17 1.916978006214176960e+17 5.447692926184219200e+16 -1.006564637315600000e+16 -6.826646847265797600e+16 4.110673962968929600e+16 1.877656249694864640e+17 8.145019514935296000e+16 3.067603486695925600e+16 3.389064814701338400e+16 -1.545907699605850560e+17 9.503785515008550000e+15 1.613654704217848640e+17 1.370071414262497800e+16 4.157790465375584000e+16 1.786915291083806600e+16 -5.309501807757166000e+15 1.638952510058366400e+17 1.517770671857959680e+17 6.031507524558608640e+17 1.684852905206637120e+17 5.168309335152791200e+16 -2.324141311009579600e+16 2.653915695494423360e+17 6.305225962298914400e+16 1.849237046764390080e+17 1.166098746830989600e+17 1.709839724601034800e+16 -3.792601056494710400e+16 1.079246786312031520e+17 6.572866625031714000e+15 1.742424993723628480e+17 4.445800383039538400e+16 1.946187805879322000e+16 2.445599231894434000e+16 -1.337171680815810400e+16 -3.053775783654540160e+17 -6.881571005830319000e+15 1.870445486810281600e+17 1.451010358294891200e+17 6.006257831169425000e+15 5.621694643011531000e+15 6.455198117785776800e+16 5.880178827641484000e+16
9.398627758041541016e+12 9.714160687327585938e+12 7.732860732808879395e+11 1.341447791098037415e+11 4.991714950031430054e+11 -8.118208444479208984e+11 7.733947602108719482e+11 8.245692637529779053e+11 5.217659840546202660e+09 -3.934282978980194092e+11 7.419803611264936447e+09 1.704419758333543701e+11 3.309870364149140625e+11 -4.294723266420114136e+10 -3.626920104838670044e+11 -1.274821859186380310e+11 -5.716543403365522003e+10 -5.706185633803060532e+09 5.842631336590206146e+10 -3.057896105361492538e+10 -1.384179452260837402e+11 -2.059040047133595581e+11 -1.318754132179445190e+11 -1.042556742674518738e+11 7.194994094827023315e+10 -3.880005206494715118e+10 -2.540971899026331482e+11 -2.068905858582462463e+11 -9.759656705545642090e+10 -7.458225323964985657e+10 -1.261095644083820648e+11 -1.641295154971457214e+11 1.077375778476398277e+10 1.412991964359907913e+10 -3.510741307837825012e+10 -8.817315283817639160e+10 -4.312922470290607452e+10 -1.299221412678799286e+11 -8.878099087918290710e+10 -6.927366029110115051e+10 -1.351435055522946167e+11 -2.181929194846311188e+10 -4.242527804896560669e+10 2.603377153001034927e+10 3.018218681376251221e+09 -1.426937076541678429e+10 -2.451415035401098633e+10 3.482906032486889362e+09 6.808463185274066925e+09 4.322421924100999832e+09 -2.550173510542140579e+10 -5.963658897417935944e+10 -7.240013201196594238e+10 -8.572569807697601318e+10 -7.696437232751394653e+10 2.814746418769125786e+19 1.008712751170917171e+19 1.316501045216924467e+19 -5.022876502917997440e+17 -2.407682645805445632e+18 6.310550813084781568e+18 -2.019322542814869760e+18 1.233248822147176038e+19 -3.820892066272231040e+17 -9.545410715144590400e+16 -1.118365548516516096e+18 -2.709498941252979520e+17 6.790230314893561856e+18 -1.425307443022133600e+17 9.555854277327876800e+16 2.145386399267168256e+19 8.474940126458728960e+17 3.136288856608931840e+17 1.352509766503966560e+17 4.937749918494923776e+18 -1.393926953085902080e+18 -2.152558276307733440e+17 -6.387945869464560000e+16 5.602874466830821376e+18 -1.754761769904412160e+17 1.319194658486566080e+17 1.142454481190552480e+17 1.040750831923331277e+19 -4.301448432622120960e+17 -3.219571005116496640e+17 1.687095061404872640e+17 2.438549037599416000e+17 1.712590962473106432e+18 6.691592307447139840e+17 -1.980434258626409216e+18 -2.796777511714843840e+17 1.247981238284763840e+17 1.912804777334647040e+17 4.029307100455834112e+18 -5.038907395026083840e+17 -1.477206160163171840e+17 1.833669194983557250e+15 3.304592039365580800e+16 1.052505682859068211e+19 -4.409976139318117760e+17 -5.210284508760845600e+16 1.128640724091627200e+17 -7.388807501775822400e+16 1.351174358143961120e+17 -1.251043666533429504e+18 -9.466414355037798400e+17 4.583165171308845600e+16 3.428798113566625500e+15 -1.098411491820098816e+18 -4.796581962607744640e+17 -8.862088006076848000e+16 1.374059672209496960e+17 1.065018006070229120e+17 3.962833398996498944e+18 -2.913000051399801600e+17 7.787960394356348800e+16 1.926015375940252800e+17 1.382377755834662800e+16 -1.137083216436621440e+17 9.725715437106130944e+18 -2.288407425206237760e+17 -5.335729003861636800e+16 2.108837703478976960e+17 9.938278513089698750e+14 -6.173530976216881600e+16 5.235865676271052000e+16 1.080508919407481088e+18 1.458368204704190080e+17 5.858964987822549760e+17 -1.527246231884791200e+16 5.517856133372828800e+16 -3.726227511188264800e+16 4.638549327464083200e+17 -1.741499354193299840e+17 1.224438055262902240e+17 1.704739698346013120e+17 -2.129230133772778400e+16 -3.189291566855024800e+16 3.852994052760153088e+18 -4.526801015346750080e+17 -1.636968625633185920e+17 4.583111997146488800e+16 3.108071188580044000e+16 3.098605221282855600e+16 2.301153687348321200e+16 9.510007297185167360e+18 -5.343931668784648960e+17 -1.411637663917873400e+16 1.029623868910631200e+17 -7.658530396263280000e+16 -3.068623363744730000e+16 1.511172072242102200e+16 2.513907091161110800e+16
3.177125533433541016e+12 2.022140514827547607e+12 2.056674011694931641e+12 1.984854225502659668e+12 6.019979261130642090e+11 2.628398572381054688e+11 5.535227278949199219e+11 7.073682238349052734e+11 2.228853383235828247e+11 1.404128837607082748e+10 -3.501535087599842072e+10 -1.063480103127571297e+10 -8.805910258609800720e+10 3.714453106375792694e+10 5.607406984553838348e+10 -2.489139116162155914e+10 -3.087612343832877350e+10 1.934655005272403717e+10 3.747471131645089722e+10 3.291812612704404449e+10 -5.256450994218579292e+09 1.691612810630909729e+10 1.883654465824293518e+10 -2.354445948916729736e+10 7.154047435892006874e+09 -5.213011171549278259e+10 -5.182961190401864624e+10 -4.080401931475154114e+10 -3.831041022462886047e+10 -3.136126170875275803e+10 -3.927400868136623383e+10 -2.530224567115690994e+10 3.593664560804122925e+10 -5.566592167507037163e+09 -2.589491180091408157e+10 -7.121216385555938721e+09 -4.267520083092350006e+10 -3.874032582919376373e+10 -1.733780153026374817e+10 1.362878690658526230e+10 -1.008104759277376175e+10 3.591454299371013641e+09 2.514805179428730011e+10 -2.962017534977128601e+10 -3.324012712615866470e+10 5.472954042011902809e+09 -1.869753587950600815e+10 -1.440897501734499931e+10 1.229576371511730385e+10 5.625151007081651688e+08 1.521160486637434387e+10 -2.334608250682695007e+10 -1.453273122880344009e+10 -7.904909529997281075e+09 -1.189314841337712860e+10 -4.753955385243936640e+17 3.704103081163012000e+16 -4.527118909458680960e+17 6.383536275561550080e+17 3.737223200616311296e+18 4.297723263837568800e+16 6.078369293242781440e+17 -4.259922681953416960e+17 3.739621019789430400e+17 -3.807026276579963520e+17 1.284193353277264640e+18 8.395128914218049280e+17 5.306714527134917760e+17 1.068265943841902592e+18 4.368389082646743040e+17 8.474940126458728960e+17 4.804982597488151552e+18 5.909972408625576960e+17 7.217656321907052800e+17 2.110228682007979520e+18 -4.608032251191996800e+17 6.213363956797155840e+17 -1.353047816678100960e+17 5.043622196984331000e+15 7.829623735847559680e+17 2.319366488456544640e+17 1.878816025905765760e+17 -9.874388785391744000e+16 4.622988503104392960e+17 1.995351432996648000e+17 1.186145213577097600e+17 -6.045583319809514400e+16 9.106612218628885760e+17 7.871635053178411200e+16 9.984132292258334720e+17 3.839369488340078720e+17 1.004867938590807800e+16 1.851703382474895040e+17 -2.866756738326917600e+16 2.537927272783404480e+17 2.530436687404561000e+15 4.840698559530653600e+16 1.846584308422058400e+16 -1.949668396442413760e+17 3.182151136599022720e+17 -1.268885211777803040e+17 7.339406454738484800e+16 -2.011938895445775200e+16 7.375591829523176000e+16 3.819538191801015040e+17 4.391399360459075840e+17 -4.090635487822719200e+16 1.259729554858703680e+17 -5.108022877600162560e+17 1.949223858984752960e+17 -8.963804556197896000e+16 7.023706566952016800e+16 -1.684948702467522400e+16 1.737053629731033250e+15 3.213745701841128320e+17 2.115667127180192750e+15 1.049694898960896640e+17 -5.002289347867644800e+16 -3.916619497032096800e+16 -3.679174361672321920e+17 3.284857602153164160e+17 5.483956817943257500e+14 1.014872839670053200e+16 -2.539229015691298400e+16 -6.885029533915152000e+16 -4.945310943275131200e+16 2.704365269065964480e+17 5.370085602881239200e+16 -4.817288145641486720e+17 4.864773671072818000e+15 4.181666191225588800e+16 7.747074648928137000e+15 9.636954479434985600e+16 1.700231471712644160e+17 7.442777970132806400e+16 4.153788931833649600e+16 -1.775323014858360500e+15 -4.030862987312272800e+16 -2.445459622162386560e+17 3.266108368076492160e+17 8.134736398524702400e+16 6.675356952646637600e+16 2.096659711515317600e+16 -7.090750307993938750e+14 -2.302247479721743200e+16 -3.891236369799164160e+17 3.413498766717036160e+17 -2.053936741723893600e+16 7.009441148845236000e+16 1.244834714894385400e+16 -3.162316921605032400e+16 -2.546674550429638800e+16 -3.594923390397308800e+16
3.586272175503792480e+12 1.117821614011898682e+12 2.824043661994938660e+10 -1.653804188559091492e+11 5.012750692315770874e+11 4.256047214602737427e+11 6.527420542615858154e+11 6.414740566847045898e+11 3.283330021629078369e+11 6.412631210079066467e+10 3.759539277718210602e+10 -2.981243077920908737e+10 -6.997864996234654236e+10 5.155556609834066772e+10 -3.106056382644161606e+10 3.283518197593489838e+10 -5.641577784633045197e+09 -2.848313146292851448e+09 9.888037929049272537e+09 -3.301983690370455933e+10 -5.894416632571594715e+08 2.195267556090192413e+10 1.533399071423946571e+10 -2.673508932713375092e+10 4.011853770533859253e+10 -9.766809925203487396e+09 -4.198237673340746880e+09 2.653327620790232468e+10 -1.685062347965254974e+10 1.206335449856943130e+10 3.600569938917798400e+08 -6.022940165525515556e+09 1.112336782396609879e+10 -2.345743723024634171e+10 -2.830497157176483154e+10 -8.126570358176078796e+09 -1.457902171402156448e+10 -4.389448161624239922e+09 -1.420240684794507408e+10 1.882140038245939255e+10 -2.722431901426884842e+10 -1.627736652742238617e+10 3.517765723154090405e+09 -3.565814539487470627e+09 -8.643151782093957901e+09 -3.123741456034057617e+10 -1.875522320329626846e+10 -1.599475540618696404e+10 -1.988942036235702133e+10 2.517815192267970085e+09 7.634912741843543053e+09 -9.412363388839836121e+08 -7.392278392486025810e+09 2.294263908282346725e+09 -2.992391527332120132e+10 2.473049461875245056e+18 5.481046067622359680e+17 1.306090784008476480e+17 -1.081449495092239744e+18 -9.100450544957199360e+17 -1.446230279775277120e+17 -1.900270165455122560e+17 1.799317628107227520e+17 -2.142175855862925200e+16 8.952191829896247040e+17 4.251569689278711680e+17 -1.932275573033650750e+15 2.539993857723674240e+17 2.803037147682250880e+17 8.665075385690741760e+17 3.136288856608931840e+17 5.909972408625576960e+17 2.803603946331001344e+18 9.877710165625920000e+17 2.502971337078054912e+18 4.026499304801591200e+16 4.018136653468668160e+17 2.848593871374263040e+17 1.352152066325260000e+17 7.844283492732995200e+16 3.291766644048887680e+17 1.922753945816434880e+17 9.465808127153299200e+16 5.355115796883100800e+16 1.335759875783860000e+17 2.006299812235733760e+17 8.572953733873966400e+16 1.673999046439696000e+17 1.778282682055812800e+17 -1.098827228694017792e+18 2.179123582578049280e+17 1.298013874187194400e+17 2.090909705441697600e+17 2.058613093807920640e+17 -5.389948600892182400e+16 3.851014277476122400e+16 1.025516529600653280e+17 4.909055418372174400e+16 -1.122854671524662720e+17 -1.362337888427008320e+17 1.055340352983387360e+17 8.873022947466724800e+16 4.235722098648942400e+16 9.643284485850232000e+16 4.737697676808448640e+17 4.631635177996322560e+17 1.600999844762368000e+17 1.816854364826148480e+17 4.172406440721848000e+16 6.733151711629134000e+15 4.986876009724628800e+16 6.571499185372636800e+16 2.081984610568201200e+16 4.481253117498446875e+14 -2.558102452008226000e+15 1.240799270321335680e+17 1.038405096789485760e+17 1.668085489557167600e+16 2.832564880285946800e+16 1.071486745740249280e+17 -9.374062266898654400e+16 6.228923619642849600e+16 4.714118160356678400e+16 -2.681501761226979600e+16 1.377169803914102200e+16 -5.496876164864443000e+15 -4.981692874250196800e+16 1.798983619590956800e+17 1.294167248575842720e+17 -2.326325455762006400e+16 4.326069805817332000e+16 -2.770741047393986000e+16 2.659881759791679040e+17 -2.454882137401885600e+16 5.376271717203312000e+16 8.972793867813436800e+16 -7.005701275347050000e+15 -4.075870355556925600e+16 6.522756652662799200e+16 -1.763969282704633800e+16 6.357248117414477600e+16 6.724714174997232000e+16 -8.356832809326584000e+15 -6.490234367595275000e+15 -8.619116675810922000e+15 1.130796939039034080e+17 9.760348543538496000e+15 2.611833967851830400e+16 6.959559700434392000e+16 6.144858400882760000e+16 -1.989235687420464800e+16 -1.094602470502239600e+16 1.031660393255594600e+16
2.625171955380982910e+12 4.423841114116000977e+11 -6.457702960103629150e+11 -5.824596898129862061e+11 -2.594065814447415161e+11 2.984565217253752441e+11 8.139046025035034180e+11 1.352227886590261719e+12 5.239775542377547607e+11 1.982156439268766174e+11 2.775249685301602783e+11 1.898418837533480530e+11 1.176496073333528137e+11 8.137170891098141479e+10 1.380247718392259216e+11 4.636083008250614929e+10 4.639598964568439484e+10 5.134108974250542450e+10 8.656674270258018494e+10 -2.015372817975643635e+09 3.069053422679422760e+10 3.966576920334530640e+10 -6.879378790480861664e+09 1.754628690452356339e+10 9.675985139084544373e+10 -1.505660997881412125e+10 -3.139042607024348450e+10 1.471048818607954407e+10 -2.955525876540676498e+10 -2.618069248785523987e+10 3.438627666946754456e+10 5.367524289542084503e+10 5.194626201525766373e+09 3.169586959745988083e+10 -6.347896377771493912e+09 8.160954116245650291e+09 3.444818627840430737e+09 -1.916208635758740234e+10 6.196137122726258278e+09 4.383633417035101652e+08 5.479836391636370659e+09 3.505202955183029175e+10 3.360894450062941742e+10 9.665439202934152603e+09 1.240968604538279533e+10 4.514070091031087494e+10 2.911331744321644211e+10 3.658625670328661346e+10 3.323731970679339218e+10 3.837987592672187042e+10 4.848677062937965393e+10 2.005903758584340286e+10 8.947911436258108139e+09 2.914732944905726242e+10 2.489978142556601715e+10 -5.851928966356797440e+17 1.119939512290326656e+18 5.006834571910273920e+17 -5.316623166600003840e+17 -2.260889530972501248e+18 -3.504011136062061440e+17 -3.523059253243905280e+17 -4.631872734652777600e+17 -4.020909731155493120e+17 7.146906337284912640e+17 -1.615183310482775680e+17 2.428405396410946880e+17 -2.115332446745088960e+17 1.811696330385357760e+17 5.001440803876967680e+17 1.352509766503966560e+17 7.217656321907052800e+17 9.877710165625920000e+17 6.477986809724384256e+18 1.758055782320818176e+18 1.411806484138594304e+18 4.269619080533778560e+17 1.529257175477646080e+17 3.061031785621796400e+16 2.071806267511883200e+17 1.164257350800729920e+17 5.394543576720464000e+17 3.377121552364856800e+16 -3.723677145927264000e+16 4.815942205629600000e+16 1.929040914713010240e+17 7.685242629630504000e+16 8.322158230514982400e+17 1.162720285456148960e+17 -2.128485130906594304e+18 2.283512473241312640e+17 2.049346648115615040e+17 3.981442636473941120e+17 -2.543565726820344320e+17 -7.047344240483609600e+16 1.239865892020312640e+17 1.615893273948991680e+17 7.374007976965136000e+16 -7.067824271871332000e+16 -1.376002945408656480e+17 1.897510840024676800e+17 2.332097157101723200e+17 1.234809802921351200e+17 1.797667402125040640e+17 2.980277586092351600e+16 -6.956919023541561600e+17 1.786634912444426880e+17 4.166018540551379840e+17 -3.882926709343715840e+17 1.218740980320840320e+17 7.362520763940032000e+16 1.581802384935732480e+17 8.494057190170873600e+16 -3.730340815354610560e+17 7.785627727190553600e+16 4.661630683753359200e+16 1.641457531474191680e+17 9.833058542485894400e+16 7.746286041981782400e+16 -1.357574108735747520e+17 -3.010733690251954800e+16 -4.811938767051256800e+16 1.283572681188031360e+17 4.031764873175105600e+16 6.979057210930338400e+16 4.690948312810059200e+16 3.138341080957096320e+17 2.845670111121523840e+17 6.020189707076302400e+16 1.627547498412675520e+17 1.901084224350460160e+17 6.464414110846791200e+16 -4.151390299041864960e+17 -7.172546408202096000e+16 7.790651022610366400e+16 1.226735072938230080e+17 5.162437302810612000e+16 6.800760844604032000e+16 -1.844886407689654720e+17 -6.072418001387872000e+16 4.662857803675870400e+16 1.440764427902195360e+17 5.862937965375967200e+16 1.421940669876268800e+16 -2.739747176203824000e+16 -3.906355137054688000e+17 -4.901391390465191200e+16 1.135348543400487520e+17 1.318630391139578240e+17 -1.752578139591160250e+15 -2.316247602604218000e+16 -2.194876535967729200e+16 6.898982998866378400e+16
1.039378216294780859e+13 1.084144845631350000e+13 -1.116810310128513672e+12 6.217984897165415192e+10 4.769712183195608398e+12 -1.755319386809588379e+12 -3.341253790404348755e+11 2.010484413341617920e+12 1.458159731730913086e+11 -5.483927983234713135e+11 6.170046616099639893e+11 -1.454246106442016296e+11 -8.716812727438090820e+11 4.228472860025181274e+11 -5.095285240290169525e+10 5.517201505934605713e+11 6.833952618599301758e+11 1.307779355610564575e+11 -3.883493233956496582e+11 1.448432153598866272e+11 3.013149723426480713e+11 1.940700463486213989e+11 -1.423270455336779175e+11 -2.459357548527147522e+11 -5.163307964511880493e+11 1.133170363719775963e+10 -7.915698117316640625e+11 -2.927829765609868164e+11 -7.533133033428985596e+10 -7.079461575094247437e+10 -8.422262836584709167e+09 -3.296491778270830078e+11 -4.641265553108051758e+11 -2.423777973077921753e+11 -4.033131003263359375e+11 -9.412072162884704590e+10 -3.041011317181448364e+11 -1.460971845350755310e+11 -7.761471345246383667e+10 -1.734543067335098267e+11 9.548030386388294983e+10 -4.387083644084162598e+11 -3.238205837156437378e+11 -2.173139946380931396e+11 -1.020913102353387299e+11 5.403995861213557720e+08 -3.412384161786630249e+11 -2.438712233729616699e+11 -1.445081187358085022e+11 -1.012950989329433136e+11 -1.004128858631178741e+11 -4.856298311672386169e+10 -3.477098084957067871e+11 -1.971776572515628357e+11 -2.271385357815011902e+11 9.485878962093684736e+18 1.366788451058205696e+19 3.646722265951891968e+18 -9.412684369083303936e+18 7.710394776703949210e+19 -8.697996040263772160e+17 -5.510297000272218112e+18 5.798973630029683200e+17 2.103123655911205376e+18 -2.228668313939826944e+18 9.160674123278334976e+18 6.064003041345465344e+18 -1.931510745912843520e+18 7.633023662414512640e+17 1.193800863119058176e+18 4.937749918494923776e+18 2.110228682007979520e+18 2.502971337078054912e+18 1.758055782320818176e+18 3.752935337570922660e+20 -6.091370039493709824e+18 4.319537929662178304e+18 -4.524064382148307200e+17 4.481168442786786304e+18 1.940186970496765440e+17 8.923387393437149440e+17 1.461684344393079360e+17 1.790892869966037248e+18 -1.940302201256471552e+18 -3.151569585276872960e+17 1.517990771932469248e+18 1.231284441209662720e+17 -2.873075101514467328e+18 -1.730948816122673664e+18 -1.111413592128881050e+19 -1.591750194391994800e+16 8.610578148240570880e+17 -1.841701227534183040e+17 2.237462750997068032e+18 7.891305599675970560e+17 2.404506435375464640e+17 1.841349930283301120e+17 -1.760041832747942080e+17 1.417590047083151104e+18 -6.662332777242840320e+17 3.191090067922142800e+16 1.377680773088635648e+18 -5.509700256268682880e+17 1.294327145435628800e+16 -3.952529283024075264e+18 -7.652053602489863680e+17 -2.467425135223648640e+17 1.153313761019638016e+18 -1.140913134479330688e+18 -8.850773035810582400e+16 -4.554549291954500480e+17 1.054269470319951520e+17 3.125854183492178560e+17 5.432913007899582720e+17 -1.081250406802583296e+18 -3.379259171355162880e+17 4.985931897042039680e+17 -2.289710397602196160e+17 -1.040045390931916960e+17 3.788961591208740480e+17 -1.424923807097286656e+18 1.869786922337145920e+17 6.200041944391317600e+16 -2.786521168594952640e+17 1.109311823327749760e+17 4.015756082179556480e+17 2.152622067795239680e+18 7.739390607504628800e+16 -2.135803273699872256e+18 1.756962180940116480e+17 1.088137669195075360e+17 -5.054782375272806400e+17 -6.567714573919948800e+18 4.418271462137389440e+17 1.340491023216532160e+17 2.812265841156627200e+17 -4.657429381801206400e+17 4.533971480091143680e+17 1.690821906222831872e+18 8.570016440579116800e+16 5.220419338407952000e+17 5.949437509257329920e+17 5.583286973389397000e+15 2.310570648209591680e+17 5.510967387133252480e+17 1.503743410879363840e+18 2.733093748437344640e+17 6.773402769919397600e+16 1.462736916013445120e+17 3.733713194526124800e+16 1.090553746797650880e+17 4.880014373643663360e+17 3.351772620340332800e+17
-1.831907635944215234e+13 -4.481102965828822266e+12 -8.083693566360080566e+11 -3.721703261722887695e+12 -1.612592863410967041e+12 -8.048675769281120605e+11 3.698203689605637207e+11 7.762008104359802246e+11 4.762217067809598999e+11 -3.875675180328722534e+11 -8.557455847707492676e+11 1.789173843116824341e+11 -4.544832579812882080e+11 -6.518008735569656982e+11 -1.032146958957085876e+11 7.020120122750959778e+10 -2.690843488924725952e+11 1.246766315941766205e+11 2.226115823920201492e+10 -2.392785054767597351e+11 -2.327396178457892227e+10 -3.954627884532904816e+10 -3.183151784316544189e+11 -1.530372098973822632e+11 -4.195454210533699341e+11 -1.306899526129704132e+11 -2.235599924812114334e+10 1.618881380126282654e+11 -4.167205500431522827e+11 -4.773898562140145264e+11 -1.704463161906678772e+11 -2.122600276259027100e+10 1.253557782374990082e+11 2.975660445816631470e+11 -4.035851281660948181e+10 -2.218293317906875916e+11 -1.098572205607321625e+11 -2.066944713727741699e+11 -3.549488640001618195e+10 -1.410862630128444824e+11 2.878114605023170090e+10 7.754365473524229431e+10 -2.083322378435734253e+11 -8.602303805505668640e+10 -1.138940360907037201e+11 -1.151622113772086182e+11 7.760332664847578430e+10 -1.407434647581937866e+11 3.984932985824430847e+10 -6.525263032127301025e+10 -1.466895691258113708e+11 -6.253131165339816284e+10 -1.213681587643752136e+11 -1.130998492456071777e+11 -2.040783965202070312e+11 -2.686214491580200960e+18 1.005029923237101773e+19 -2.643785850939472384e+18 -2.602512410858653696e+18 4.667964704839336755e+19 3.371415415610331648e+18 -4.499882163985776000e+17 -3.302348978218806784e+18 -2.267209577840725504e+18 -3.415494526792651776e+18 -3.125966114726948864e+18 -5.222397295585024000e+18 4.157027674258627072e+18 1.398673607485071680e+17 3.763340860748633600e+17 -1.393926953085902080e+18 -4.608032251191996800e+17 4.026499304801591200e+16 1.411806484138594304e+18 -6.091370039493709824e+18 2.042640899487040799e+20 3.193818221481438208e+18 6.153222061037687040e+17 4.890786426706594816e+18 9.453902048154613760e+17 -4.069392469294623360e+17 -5.635592464550983680e+17 -1.012978727642372608e+18 2.258269278501273088e+18 1.050576100260041600e+18 -7.107880509226399200e+16 -1.371455544961279232e+18 8.450257040339718144e+18 -3.654919829778737280e+17 4.681287950744292352e+18 -6.965546396673651200e+17 -2.724777647371432320e+17 -4.005876601690454400e+17 -3.565675862276675840e+17 4.625957067814501120e+17 -2.405920070471236160e+17 -5.050987566082792960e+17 7.610366692395835200e+16 -3.211958585776573440e+18 -6.823841191020838400e+17 3.850905393004234880e+17 3.063573298054097920e+17 2.485475659576197760e+17 4.243572495842426240e+17 -1.794468754149949696e+18 -2.132619023216939776e+18 -3.801224564437594240e+17 -9.791006100291052800e+16 2.711010017939170304e+18 8.092826015173269760e+17 -4.564118774773658240e+17 -5.221375486958145600e+16 -6.174479774709863200e+16 -1.158831522603888384e+18 -3.248085050519984640e+17 1.431411019285724000e+17 -6.652328327087667200e+16 -2.813030402320208000e+17 -5.912380362581534720e+17 -3.020254524275116544e+18 3.258251010149187200e+16 1.681724565266734080e+17 4.797319095541964160e+17 2.727678304855050880e+17 -3.547319928158586240e+17 -8.634284466278519040e+17 1.671845415917637760e+17 4.744687634078204160e+17 -1.209100279001749248e+18 7.506071142172784640e+17 1.204049850524881600e+17 -3.956485982123586560e+17 2.413464966258373120e+18 1.262967504846643360e+17 3.003531648742734720e+17 -8.422821188632532800e+16 -2.989442832074644800e+16 -2.643603592499354240e+17 -7.398277183968870400e+17 -4.259676627190407680e+17 1.228728682513952800e+17 3.858590235385123200e+16 -2.521875437271666240e+17 -7.176128929351192000e+16 -2.581620009467195520e+17 -2.587317310408832000e+18 -1.708324112389968320e+17 1.318568882858181920e+17 1.047170661104097280e+17 -7.523295568639456000e+16 4.046541620695973600e+16 1.848901038394816320e+17 1.421164984205165440e+17
7.751711204922624512e+11 5.456522708176581421e+11 9.090635618914759521e+11 1.408340362045771729e+12 1.019519482472215820e+12 7.428607837522722168e+11 8.023668016210430908e+11 3.661451867795759277e+11 4.138526225313395996e+11 4.859881403487686768e+11 3.222611580720909882e+10 7.247353561148196411e+10 -3.684700600741800690e+10 -4.919070947548483276e+10 4.383964762571197510e+10 -6.966902954707135010e+10 -1.656017405299656677e+10 6.993653738135527039e+10 7.233163345924597168e+10 6.424244373128384399e+10 5.810468750398122406e+10 -9.816596865134162903e+10 -1.043125016623902321e+10 2.342959312778553963e+09 8.519048956399755478e+09 -1.431080782451086426e+10 -1.102112773912097931e+10 -1.276828967113426399e+10 -2.703280903738885403e+09 6.208967897300382614e+09 -9.042667922907857895e+09 2.453144555110830307e+10 5.318547285723370361e+10 3.385615322095915985e+10 3.496606795344975281e+10 3.872119728992276001e+10 2.729745029401926804e+10 1.275825501181128311e+10 9.123793051212162018e+09 2.711798196285109329e+10 -1.583772879704924393e+10 1.219537109803735971e+09 4.313529024984616089e+10 4.547413065296537018e+10 2.235679340792354202e+10 2.704353650033333206e+10 1.396409681236133575e+10 2.269553734170178986e+10 2.865484364830331039e+10 1.638495416286208344e+10 1.287205596555291557e+10 1.661242297120007706e+10 -8.900964755982154608e+07 2.593457417277367115e+09 7.861650680110301971e+09 -4.060831484068667520e+17 -1.691611672268580480e+17 4.763748096938552960e+17 1.639082663228111360e+17 7.169547160551314432e+18 -2.882302481711505600e+17 4.121499292504057600e+17 -2.335882720020016000e+17 8.419897997406484480e+17 6.713015087369986560e+17 -7.235221263940591360e+17 5.849420836241544960e+17 3.639759629677105280e+17 9.280973130430458880e+17 5.151924968797553920e+17 -2.152558276307733440e+17 6.213363956797155840e+17 4.018136653468668160e+17 4.269619080533778560e+17 4.319537929662178304e+18 3.193818221481438208e+18 5.852482763889658880e+18 1.046644748290510848e+18 3.981333741053844480e+17 6.038596734419809280e+17 3.142121790001661440e+17 3.210947555871841280e+17 -6.735081024959548800e+16 2.520679078457709760e+17 3.695445611126037760e+17 2.233288949700046080e+17 1.395122843090643200e+17 2.482938086418929152e+18 5.453227309932128000e+17 -3.106795257222422400e+17 3.302816591759107200e+17 2.402842484829468480e+17 2.059766341872692480e+17 1.929117837930482560e+17 1.738729496225348160e+17 2.349440207890486080e+17 9.971922013848612800e+16 1.184405742839434240e+17 -5.437140662735816320e+17 1.626332078148095040e+17 2.480135534967197440e+17 4.182325990086849600e+16 3.417050743633314400e+16 1.131595287705479000e+16 6.968008305997611520e+17 4.357788069194604160e+17 4.459910412058589600e+16 1.462532349902759040e+17 7.568869828026333440e+17 2.298987396919819200e+17 1.471642433081298880e+17 1.448457482323720960e+17 1.104250023919465120e+17 -2.294649951701997120e+17 4.290990894973980800e+16 1.655664887157760960e+17 2.857489886183870800e+16 3.964340541217149000e+15 -1.519471838311869000e+16 -3.054004410616924800e+17 9.978220041319425600e+16 4.454432993865295500e+15 5.780498466621194400e+16 1.130611143346963800e+16 7.302176189626780800e+16 -5.543723923055988800e+16 1.056766787398626250e+15 7.051950490353275200e+16 -1.650313999920800320e+17 2.004570043806097280e+17 1.675682811807475840e+17 9.904059462209112000e+16 -2.004474630609134720e+17 -7.611702730975066000e+15 9.770728903134073600e+16 3.720950345495673600e+16 4.339193893592863200e+16 5.296427245206477600e+16 1.392793206282575400e+16 1.214897873793312480e+17 1.220792345569912960e+17 5.254048932613928800e+16 1.191512378552662000e+16 1.721579855885065000e+16 -4.061687453619024800e+16 -3.327730097032768640e+17 4.096329437701016800e+16 1.494917521651583040e+17 6.664480328994290400e+16 2.299834517228576000e+15 -3.012317547493492000e+16 7.583685193182071250e+14 -7.946211015135712000e+16
-1.176232475207923828e+12 -3.097553989264068604e+11 -6.177174623079537354e+11 -3.231914936219301758e+11 6.870330755043571777e+11 1.248095653488929688e+12 8.159276253269404297e+11 9.108191639322525024e+09 3.519517951244406128e+11 3.903547275803759766e+11 1.532260389787546387e+11 7.510997222912322998e+10 1.094935808540117035e+11 -1.887737546647189331e+10 -3.707994528606300354e+10 2.944586388704901886e+10 2.914803576172378922e+10 6.022642390664547729e+10 8.961096406078691101e+10 6.798054485145040131e+10 -2.980725889240354538e+09 1.600340802154429245e+10 2.765336948361015701e+10 -2.873503619776462173e+10 5.248577053912385559e+10 4.857648758980797577e+10 2.414940971569861603e+10 2.004982362087157488e+09 5.055203321308549881e+09 1.701569926896515846e+10 2.064084885372112274e+10 2.413459060646468353e+10 2.641748332110757446e+10 1.786915495687667465e+10 1.265096365384263611e+10 -1.372784606617152596e+10 1.325250631325704575e+10 -3.694523386430439758e+10 -2.689429580654919815e+10 1.265703123752800751e+10 1.172086524875525475e+09 -3.247903837981339264e+10 3.599939958741099358e+09 2.264082636868303299e+10 -1.581579042294247055e+10 2.578129278052212298e+08 2.920990796790876865e+09 2.172330275182909775e+10 2.536220480955621338e+10 -7.469960323341133118e+09 1.054126311564005470e+10 -2.594266685019023895e+09 5.889274372344817162e+09 -2.544617802382499313e+10 -2.883815191488154221e+10 -1.410089719820256256e+18 2.678305969169401600e+17 -3.546864925882247040e+17 -1.069032334142498240e+17 -2.993555971616837120e+18 -5.593949913597457280e+17 2.814445268514480000e+17 -2.258425942412006080e+17 1.153757625129791040e+17 4.897732595695068160e+17 5.138888908474449280e+17 -9.403665093741560000e+16 5.450193395410297600e+17 1.835215214501694400e+17 5.662176265003104640e+17 -6.387945869464560000e+16 -1.353047816678100960e+17 2.848593871374263040e+17 1.529257175477646080e+17 -4.524064382148307200e+17 6.153222061037687040e+17 1.046644748290510848e+18 3.629750443888768512e+18 -3.306935936117559680e+17 5.162287515691765600e+16 5.505075077957683200e+17 1.282087070811029760e+17 -1.569049113020978560e+17 7.560359571498019200e+16 2.529919240494107200e+17 5.176338391001884000e+16 8.999512080932716800e+16 -1.227625792814792320e+17 8.502835733555251200e+17 -1.534780588876624896e+18 7.512050745306385600e+16 3.444028894295929600e+17 1.809431940559436800e+17 -1.763723192405891520e+17 4.116648290493458400e+16 1.781767715206564160e+17 -3.813390725788757600e+16 7.699923615717398400e+16 -2.342205231335003520e+17 -3.653395096609366400e+16 2.025493505797601600e+17 5.885762095211467200e+16 5.626408042098403200e+16 2.291346964895212800e+16 4.581501260446468480e+17 -2.807448971358762560e+17 2.559173603178077440e+17 8.541396955304361600e+16 1.986248558665248320e+17 1.702971659265178240e+17 3.127922477780509440e+17 1.085871621979451840e+17 -1.881386939040289250e+15 -2.136505036590651520e+17 1.026842189554518400e+16 2.268400822286040640e+17 -1.272232291402348800e+16 2.019160713195776000e+16 7.511134661509977000e+15 -2.788670355110255360e+17 -2.926185745211770800e+16 1.354820787826668800e+17 -3.092407650267730000e+16 7.083048958808797600e+16 6.105988652266636000e+16 -1.019438633382013920e+17 -5.287410602583447680e+17 5.229341638732842400e+16 4.795891873564736000e+15 2.630447082668247040e+17 1.009068271576438080e+17 4.823849585714656800e+16 7.446353870860579200e+16 -1.379753596439838800e+16 1.360540435920487040e+17 2.167914348476882000e+16 4.523034089759196000e+16 4.882074615604098400e+16 -2.136686616103584800e+16 -4.837916672300989600e+16 1.874654507959244800e+17 -3.819065453596241600e+16 7.080838489192374400e+16 2.567470434351090800e+16 -2.625783993005449600e+16 -3.239253904600743680e+17 -1.218479158284797440e+17 7.689833341463772800e+16 -1.777676401629265800e+16 1.350827397385053000e+15 -8.820842958819601000e+15 1.462368165652628711e+13 1.809580209803706000e+16
3.968458798153499512e+12 5.971548091097439453e+12 3.529596158797474609e+12 -1.228189063007337952e+11 1.462884732992713928e+11 -6.972413610403063965e+11 -5.750746971638184547e+09 2.195002525071300049e+11 4.511329776408722534e+11 8.325598498493388367e+10 -2.055882296063468628e+11 1.329165356211277466e+11 -2.549796609073432312e+11 -1.347954073189617157e+11 -2.121336555288337708e+11 -1.156213586178808289e+11 -1.693710362090905151e+11 -1.082879889287279968e+11 -6.570512262455626678e+10 -1.100344380989547882e+11 -2.333609620254265213e+10 -5.173640870178807831e+10 -4.899914933469493866e+10 -4.430500573103128052e+10 2.221165963570486546e+09 -6.179910916863535309e+10 -6.993734328765290833e+10 1.050100745422501183e+10 -5.155007429950526428e+10 -9.223930403180513000e+10 -6.055968434022870636e+10 -4.469240960849851227e+10 4.611587231869565010e+09 7.814682715482213020e+09 -5.188401168453036499e+10 -7.145440690635659790e+10 -5.085017613400543976e+10 -3.931948995315646362e+10 -5.017658047761622620e+10 -7.062450023112837219e+10 -1.028100256628460388e+11 -6.483627646300791931e+10 -4.324990124260287476e+10 -7.560228442253280640e+10 -6.867686609530501556e+10 -9.316029027221353531e+09 -1.544578962006625175e+10 4.040659987029156208e+09 -1.589921846328134775e+09 -2.289717532485457993e+10 -2.968771413046355438e+10 -5.050225971377574921e+10 -2.885852290966995621e+10 -3.528590706577576447e+10 -4.439973669907632446e+10 1.093221736598326477e+19 9.462344857040662528e+18 5.798678740879742976e+18 -1.924003072355144320e+17 3.202182057107488768e+18 3.815567882028563456e+18 -2.976576197367424000e+17 4.381624649299009024e+18 8.127264900718129920e+17 -4.591989750108983680e+17 2.578134180291477504e+18 2.118948292551674560e+17 3.441044535177933312e+18 1.283661809608980400e+16 -1.905009426545200000e+17 5.602874466830821376e+18 5.043622196984331000e+15 1.352152066325260000e+17 3.061031785621796400e+16 4.481168442786786304e+18 4.890786426706594816e+18 3.981333741053844480e+17 -3.306935936117559680e+17 1.043523256486445670e+19 3.997051886976775040e+17 -1.155978535567250200e+16 6.523009792753217600e+16 5.080347568899567616e+18 1.119518486641572480e+17 1.250731059267606720e+17 1.432236326901527040e+17 2.844627587785362400e+16 1.368357739651589632e+18 -7.412577638634505600e+16 4.577803586980795392e+18 -6.965184295629119200e+16 1.505377917956743400e+16 -1.269479952965399200e+16 3.182433278496450048e+18 -1.757592708583498240e+17 1.035971177822686240e+17 7.005135323814768000e+16 -1.834849466886236250e+15 4.105132496484549632e+18 -2.641677559672316160e+17 -6.232545967026044000e+16 -4.499009366669612800e+16 -1.397907003975649600e+17 -2.045101732154768960e+17 -3.761116690585324000e+16 5.525252312283946880e+17 -2.312990467061672000e+15 -1.093289139273717120e+17 1.637884482204691456e+18 -1.218576457430291360e+17 -4.583858625794148800e+16 4.842541672237340800e+16 2.645769513675116800e+16 3.140413467825762816e+18 -9.008409409779644800e+16 2.126959639559547600e+16 9.215220462689604000e+15 1.979807924972751600e+16 -1.791173619849524480e+17 3.572396895933388288e+18 4.919449496187484000e+16 -1.850551391963912320e+17 -5.536449104009372800e+16 -1.143792981587726080e+17 -1.617919604648404800e+17 4.232302780066343500e+15 8.746077290538064000e+16 -8.832776246584955200e+16 3.299621984220126400e+16 -1.337655624054937440e+17 3.258735290537254400e+16 -1.394448354349931000e+16 2.824078520318534656e+18 6.754650618153110000e+15 -3.199752723582658800e+16 -5.172366882000601000e+15 -4.332135643076292800e+16 3.050655026869855600e+16 3.031054837183794176e+18 -3.121235607534153200e+16 -7.810901575763044800e+16 1.952110062329531600e+16 -4.200431043231128000e+16 -3.159197031453939000e+15 -1.586275039265740800e+16 3.733978944643913216e+18 4.851778433157252000e+16 -2.881062293099128000e+16 -2.572858451766372000e+16 8.569879090608673600e+16 -1.114374635569712000e+16 1.138018108166504400e+16 6.559448076272062400e+16
8.772566337647584534e+10 2.752496239181630249e+11 1.213126624283012939e+12 1.847087084026716064e+12 5.538166649409622803e+11 9.383016980599555969e+10 2.858353553457127075e+11 2.925379493569734497e+11 1.105672814091641998e+11 1.341680425806001587e+11 6.661473906049866676e+09 1.043185690394814453e+11 4.461894049788821936e+08 -4.247530399169024658e+10 5.212469643495337677e+10 -5.412838035780825043e+10 1.324594379562931633e+10 3.028426991794318771e+10 5.320936422624572754e+10 -4.918887441328351974e+09 -2.069733103115063858e+10 -3.114731146623927689e+10 -1.113631704111498117e+09 -2.397686145176088333e+10 -7.719301017592817307e+09 -2.117956001778472137e+10 -2.175875517731278229e+10 2.410611219707966805e+09 -1.886993563359406662e+10 1.944559116117274857e+10 -1.535886423565455437e+10 -1.594386906057956886e+10 8.870901592133073807e+09 -6.199727501677964211e+09 5.602312351696300507e+09 -2.179195817086168289e+09 -2.688132048150152206e+09 -1.770033213625928116e+10 -1.620752468083756638e+10 -2.499715249785638046e+10 9.043138619897851944e+08 -4.285617117926655293e+09 8.243041333921468735e+09 -7.162749798755337715e+09 -2.482340951073846436e+10 -1.936491368032378387e+10 -5.176877378453514099e+09 -1.334585099294039345e+10 -8.051212376989122391e+09 -6.580865066127008438e+09 7.769644334230126381e+09 1.745712181101353455e+10 7.463118063480198860e+09 -6.321363444044708252e+09 -2.175604651596802902e+10 -3.086945747308909440e+17 3.136309420529036160e+17 -1.600777756348303040e+17 7.991971471571979520e+17 1.097102124974269056e+18 8.974030518748777600e+16 6.601268652628495360e+17 -5.268430907786591360e+17 2.917900405744406400e+17 6.543734192859902400e+16 1.413634472714166880e+17 7.182050698958896640e+17 -1.415201626641969760e+17 3.736837368647102720e+17 2.899936522436765600e+16 -1.754761769904412160e+17 7.829623735847559680e+17 7.844283492732995200e+16 2.071806267511883200e+17 1.940186970496765440e+17 9.453902048154613760e+17 6.038596734419809280e+17 5.162287515691765600e+16 3.997051886976775040e+17 1.880067974421958912e+18 2.033326376554860480e+17 3.126235849520136000e+16 1.515773674806654400e+16 5.840624859083559680e+17 1.357833046390941440e+17 1.065821593696243840e+17 5.514031942793259200e+16 7.297020148710581760e+17 1.273833944204573280e+17 4.566961754118472960e+17 4.993869746420337920e+17 1.523542634904169600e+17 4.482765108795718000e+15 -6.459295950033077600e+16 3.796878427500753280e+17 6.970650734164528800e+16 4.310129162403133600e+16 7.943971926416268800e+16 -4.354765808336874240e+17 2.545867030269277760e+17 -1.903554868536103200e+16 3.042351704581171600e+16 8.591038003559624000e+15 -5.229551122166624800e+16 5.780038605454856960e+17 1.817658097915285760e+17 7.713981709776235200e+16 5.474055456908236800e+16 1.497270663745921920e+17 2.836702405158499520e+17 1.931077778783002000e+16 5.426809104307023200e+16 4.486155149428019200e+16 -1.379499708854592320e+17 2.722310998110550400e+17 5.031017770197032800e+16 8.696065524927837000e+15 3.545156637011516800e+16 2.073363200318323600e+16 -2.739314246803508480e+17 2.964446216791424000e+17 2.407838619860714800e+16 4.565145697467116800e+16 -1.912579185098811500e+15 1.495442090794712750e+15 -3.734335813475198000e+15 1.252873382759586080e+17 1.271258188709761000e+15 -1.186459375452514200e+16 2.807044643418232000e+16 1.348670934550728800e+16 5.527120851057364800e+16 2.315318152542060800e+17 2.093617909679790080e+17 6.357049088124120800e+16 2.918369480365892800e+16 2.304888571826278400e+16 -9.171479406331444000e+15 -9.370405319804985600e+16 2.335644107174254400e+17 2.285956293512912000e+16 7.359271215123307000e+15 2.158933881376345600e+16 2.329172001008610400e+16 5.887845097300801000e+15 -2.576413876090174720e+17 2.581056662275588160e+17 4.134881662182028800e+16 6.933770228752000000e+16 5.079947378536703200e+16 1.247368067888169600e+16 -1.384274353259954800e+16 -2.789774422189199600e+16
5.752841634541829834e+11 4.738173434601812744e+10 1.255796527007588005e+10 1.939203002977505188e+11 4.696734073750165405e+11 7.138426720332933350e+11 6.224205694980672607e+11 2.727006269577984924e+11 1.029485890291549377e+11 7.963354344079457092e+10 6.542628005257845306e+10 -1.510860807893925190e+09 3.181854640970971680e+10 3.619706056614070892e+10 2.760081022932775116e+10 2.163435350080445099e+10 -4.468261452732689857e+09 7.072800586714861870e+09 1.291470320444153404e+10 -1.001098459236966324e+10 -3.763804846984526062e+10 -6.990133304065589607e+07 9.200413124896575928e+09 2.081939891016489029e+09 1.057645008526357079e+10 5.893842043243839264e+09 1.945112413563069534e+10 1.343282492203092957e+10 -5.214493612746243477e+09 -6.487510651120772362e+09 4.457433171517429352e+09 -1.302612481876251602e+10 4.398075648805563927e+09 2.170761828680151367e+10 7.230373501468258858e+09 -1.149265600247445297e+10 1.431590907875011444e+10 -1.010314208942580032e+10 1.291535452786817932e+10 7.050863270954714775e+09 1.927595650731824875e+09 6.676149357582708359e+09 3.043974587614560127e+09 -1.526829166514477921e+10 -5.621429708368196487e+09 -5.549654139596260071e+09 -1.029247154204578590e+10 8.009767988946008682e+09 9.180299291708651781e+08 -9.551369230618045807e+09 -1.145436229118302107e+09 -4.355208826230635643e+09 8.971008879582002640e+09 6.565002889069887161e+09 -8.464379337694632530e+09 3.280935467037025920e+17 4.801326997916403840e+17 -1.350929214364241600e+17 -4.109708934884400800e+16 -2.054224843185924352e+18 -3.600853263716624800e+16 1.162736549353896640e+17 1.434806006573561760e+17 1.278604221141772960e+17 2.605083178613852480e+17 2.120357178213732160e+17 2.396158090473144000e+17 2.214132660840853120e+17 1.787149506409971840e+17 3.451939572620606080e+17 1.319194658486566080e+17 2.319366488456544640e+17 3.291766644048887680e+17 1.164257350800729920e+17 8.923387393437149440e+17 -4.069392469294623360e+17 3.142121790001661440e+17 5.505075077957683200e+17 -1.155978535567250200e+16 2.033326376554860480e+17 1.097263338810771840e+18 2.774362778615064960e+17 -2.518325387682456000e+15 1.147438352521195040e+17 2.959120939520236800e+17 7.925300974826620800e+16 6.820296091875765600e+16 5.381838496303413760e+17 2.748007004719756800e+17 -4.665540272727648640e+17 1.869931560626131200e+17 2.653263188893421760e+17 1.695072132497325440e+17 3.381597040374461000e+15 5.708682279117726400e+16 1.281191126589890560e+17 6.876259054805234400e+16 2.923875921530522400e+16 -3.040139634534856960e+17 2.377632649981192400e+16 1.236774791251143680e+17 3.633651135045319200e+16 8.619772439915521000e+15 -1.779519617615991800e+16 9.034072034773260800e+16 -8.966147748464257600e+16 1.693892007952218560e+17 1.194426750511042400e+17 1.988256098332015680e+17 7.617008295489120000e+16 1.294490451219823200e+17 1.017086297250607360e+17 2.542923988928650000e+16 -6.963751668664969600e+16 4.479008821723768800e+16 1.227370658753874240e+17 3.346240116547624800e+16 8.799752986620175000e+15 9.041065188082904000e+15 -2.036464767734768800e+16 4.096614886993538400e+16 9.007336584186356800e+16 4.631400836163914400e+16 3.114320656704690000e+16 2.132282885624289600e+16 -2.884138171086288500e+15 1.425079285509600800e+17 1.090810577377177760e+17 1.315223845984447040e+17 1.739952369761945920e+17 7.441069276912612800e+16 3.970009010735093600e+16 -8.338167854815585600e+16 6.577739135465540000e+15 1.021476619258465920e+17 6.484713699179135200e+16 1.305384965080188800e+16 -1.097682796595854000e+16 -1.559000484579378000e+16 2.679832327653206800e+16 8.448950974954896000e+16 3.345106036134184000e+16 3.532846810572730000e+16 2.070828425586656000e+16 8.522703122123825000e+15 -2.353892693858408320e+17 -2.075198055821128400e+16 7.232499784809152000e+16 4.000927489091522400e+16 3.312731824125880400e+16 1.786535361464528600e+16 -1.389231526503610200e+16 -2.821722438413446800e+16
5.961481259019705811e+11 6.674371467770994873e+11 4.876829187101887817e+11 -2.084013098001496582e+11 -1.891749928335812683e+11 7.808219151616122437e+10 2.807641391130876465e+11 5.905136253506311035e+11 3.820110926418581543e+11 1.927785440055767517e+11 1.067496744240067902e+11 8.040856715302552795e+10 1.339046165986464500e+10 9.752257731346708679e+10 -3.232454140035270309e+10 -2.269015844537960815e+10 -2.159125106172127151e+10 5.372070212679328918e+10 7.018719391560934067e+09 1.700944460027605629e+10 -2.135190653736468124e+10 -2.296194356412010574e+10 -3.204648232646889114e+10 -1.235562364495961571e+10 1.653333894627130508e+10 -2.324964331645062637e+10 1.402654986472904587e+10 -1.064737402017240715e+10 -1.368262187654862976e+10 -4.055835029165043831e+09 9.999704868803976059e+09 -1.338721112922087288e+10 -5.500209994967707634e+09 8.587078093187808990e+09 6.811335427587196827e+08 -3.327636146000783443e+09 1.568332369829932022e+10 -8.122788802080674171e+08 9.486755548559156418e+09 1.653195924402682304e+10 -1.415728297344250679e+10 -4.252629295839463234e+09 -2.323824125590810394e+10 -1.560562420496629477e+09 -6.422259800339991570e+09 3.094585577484791279e+09 -4.162672575695286274e+09 8.060868098820605278e+09 -1.894819725260755920e+10 -5.290110409486107826e+09 -1.759999125512733459e+10 -1.458827445059583282e+10 1.640343143529660463e+09 2.830206573269300461e+09 -9.311296750099559784e+09 1.313794659978559744e+18 9.919630398063184640e+17 1.529122938061397760e+17 -3.792905958603956480e+17 -1.936388427551319552e+18 4.481246747975647200e+16 -1.768303953680748800e+17 1.996404250007143680e+17 -5.352878401446690400e+16 -1.112752595625320600e+16 -3.837566531997822080e+17 1.629818843926600960e+17 3.359660849440526720e+17 4.985762383992528800e+16 4.109312633183326400e+16 1.142454481190552480e+17 1.878816025905765760e+17 1.922753945816434880e+17 5.394543576720464000e+17 1.461684344393079360e+17 -5.635592464550983680e+17 3.210947555871841280e+17 1.282087070811029760e+17 6.523009792753217600e+16 3.126235849520136000e+16 2.774362778615064960e+17 1.423292768140188928e+18 -6.908238798870573600e+16 3.093873850932928000e+15 1.082611041440208000e+17 3.862559520564122880e+17 2.635238135167017280e+17 8.383764101314617600e+17 2.055453558695778880e+17 2.574789099708600640e+17 4.846595844461312800e+16 1.245613585741970560e+17 2.691724907954395840e+17 -1.346173909021721600e+16 -5.035474033579861600e+16 8.793960641460476800e+16 1.422237808037383520e+17 8.309202073429464000e+16 -2.429804247142929600e+16 9.892394474884720000e+16 4.161693551466701600e+16 8.323340011170892800e+16 7.566871008069112000e+16 1.244886303002876000e+17 -7.795332583573448000e+16 5.584138005560224000e+17 1.353551235249251040e+17 1.671025044127239680e+17 2.948817132094074240e+17 -3.735639681987891200e+16 5.576477533603884800e+16 8.778658660929659200e+16 6.391300740297488800e+16 -4.919860542655116800e+16 4.204507250591650400e+16 1.111550842103033125e+15 8.028341696488169600e+16 2.469444092844783600e+16 9.123963443418866000e+15 -9.404059498681297600e+16 4.980247119114824800e+16 -1.416839793589209200e+16 6.319831152756951200e+16 5.770863033606267200e+16 -8.191854603617810000e+14 9.731544605939248000e+15 1.723885207549446080e+17 2.637516612872695680e+17 -3.449919436869520640e+17 6.496041749330901600e+16 1.239894040464503840e+17 6.739903161280736800e+16 2.101235225085590400e+17 -1.173023814299160960e+17 1.794329199456658800e+16 6.140316882441895200e+16 2.677966151240728800e+16 3.204951581262352800e+16 7.026041876140984000e+16 -3.885667941643916000e+15 -1.447637759964503800e+16 7.320760734259587200e+16 4.197881003537928800e+16 1.349317215892171400e+16 2.342832658751735200e+16 -1.375911910071975520e+17 -3.001316797815854000e+16 -6.541162447851852000e+15 5.293919127290160000e+16 1.442741671010846750e+15 -3.342049755794394400e+16 -3.715983877270145600e+16 -5.149345738480825000e+15
9.409828664443552734e+12 7.228145198011008789e+12 2.598332841052947754e+12 8.765942710190368652e+11 -3.871650612071286774e+10 -7.548443394197814941e+11 6.381381434504452515e+10 1.709660604950555420e+11 1.185310830350899353e+11 1.999269588336979370e+11 5.803904529431158447e+11 1.576509521041110535e+11 1.699203050786869812e+11 5.121086170337203217e+10 -2.061854556255886230e+11 -1.071154594172705536e+11 7.234115535269371033e+09 -2.877543254902228165e+10 -7.512712385776784897e+09 -8.423600071713369751e+10 -1.104422950096323395e+11 -2.547648454367644787e+09 -1.819229463488243103e+10 -1.110048431723408127e+10 8.066813281638815308e+10 -6.348627791384048462e+09 -1.268733575890742188e+11 -3.974055021165683746e+10 -7.857842571965502930e+10 -8.274112636247358704e+10 -1.029692652039139404e+11 -5.679050455900622559e+10 3.763594586064739990e+10 1.533926040128868103e+09 -9.616805810176156998e+09 -1.087996567790414734e+11 -1.441513827668980217e+10 -6.156134206625370789e+10 -1.167950216737353706e+10 -4.828677645565143585e+10 -6.936470704164448547e+10 2.257188362211995697e+10 -5.641290273292550087e+09 3.956358061661882782e+10 -5.698748320873302460e+10 1.624911124301389313e+10 -1.059870294652328110e+10 -2.433424960811722946e+10 2.313621928837553787e+10 3.077691818478742599e+10 -1.906693670424848557e+10 -5.488488385707873535e+10 -1.934693732253715897e+10 -1.799175010771216583e+10 -2.691964211601135635e+10 2.648597808508202598e+19 9.629137658055481344e+18 1.195034578705036083e+19 -4.324977819493042400e+16 -9.149630024285450240e+17 4.813336108127007744e+18 -1.050426557001632512e+18 1.026165872315226931e+19 -2.278779620133987840e+17 -8.884116007155330560e+17 -2.034939361135460480e+17 7.419535614618600000e+16 4.079893478098555904e+18 -1.812173755985911040e+17 -3.031230319588145920e+17 1.040750831923331277e+19 -9.874388785391744000e+16 9.465808127153299200e+16 3.377121552364856800e+16 1.790892869966037248e+18 -1.012978727642372608e+18 -6.735081024959548800e+16 -1.569049113020978560e+17 5.080347568899567616e+18 1.515773674806654400e+16 -2.518325387682456000e+15 -6.908238798870573600e+16 1.502451797298373222e+19 1.620662512384457280e+17 8.278303782592307200e+16 1.455048550962194200e+16 3.586420789545344640e+17 1.069960288065813376e+18 4.211032899563369600e+17 6.553394407912132000e+16 -3.474232012981706880e+17 3.960183582269832800e+16 1.663344100609252600e+16 5.060924819139088384e+18 -1.274482524150656480e+17 -1.051980822053188000e+17 -5.885761361932026000e+15 1.215716034046319520e+17 9.524487526935185408e+18 -2.967331318466083200e+17 -1.494451604701499520e+17 2.327405609798604400e+16 -8.246271868732609600e+16 -2.598553946205542400e+16 1.079576437820473984e+18 -7.833632985230044160e+17 -3.739110316584228000e+16 -5.575371771541344800e+16 2.295282803064099200e+17 -2.101562140660457600e+17 -2.666922159003674400e+16 -4.961911855697688000e+16 7.172845737233601600e+16 3.711463167021212160e+18 -2.291162712804044160e+17 1.097960960614124400e+16 1.034891959969332320e+17 1.136765014234075200e+17 -2.426825601508122400e+16 9.067443816313106432e+18 -1.475959396734275520e+17 -1.573927218029162880e+17 -4.182497393184072000e+16 1.135269054085336960e+17 -1.147316567950666200e+16 -9.252306010257956800e+16 -5.222978893438297600e+17 2.388930373092439360e+17 2.475753108607339520e+17 8.217015819485065600e+16 4.477347594503816800e+16 -4.684567980348733000e+15 5.987538253429112320e+17 -3.213585661070040320e+17 5.354458796825894400e+16 3.251937721978699600e+16 7.776263330648937600e+16 -5.782707203019080000e+15 3.727785419431768576e+18 -3.233000375001492480e+17 -1.607907079083824320e+17 3.134285218209792800e+16 1.855943943984159200e+16 1.807192293027251200e+16 1.656542411478874800e+16 8.738281851845490688e+18 -1.962495138877357440e+17 -1.274923415261441920e+17 5.024460313188315200e+16 5.456463051203741600e+16 -4.944163926826375200e+16 7.262731015145840000e+16 -5.810521733427651200e+16
9.353564358954671631e+11 -6.585404790629132080e+10 1.923925413306168457e+12 1.313341659847601562e+12 7.132575655904304199e+11 1.544941528357992249e+11 7.840324834355328369e+10 -1.175271863371217957e+11 3.452232912943817749e+11 4.236595100112399902e+11 2.732307736294041443e+11 1.300736812317429962e+11 -7.804292959632067871e+10 1.158743273927662468e+10 8.016508586209178925e+09 5.634858847098989868e+10 -1.647982830665575409e+10 2.861794541245100498e+09 6.177852110332839966e+10 2.712756883172763062e+10 -1.288698333020469475e+10 2.056177824824558640e+10 5.699908770221234894e+10 -9.464573235781435013e+09 6.513166452249642372e+09 1.459733511925941467e+09 5.699086959297860146e+09 2.387644701149793243e+10 1.838037890038178635e+10 -2.866033039529026794e+10 -4.040448996110842133e+10 1.524119736470368004e+10 3.713340369576795578e+09 -6.916871762729180336e+09 2.425423316092944622e+09 -1.932029745191869354e+10 6.088556474666571617e+09 -4.307704626412221909e+09 8.819840665786687851e+09 -1.364231508593825912e+10 -2.056650255704351425e+10 2.701030890082654953e+09 2.320924789569184113e+10 2.206557275746408081e+10 1.126932753889699697e+09 -1.601680676867901421e+10 1.478062485906035805e+10 9.027337075067605972e+09 1.229597735607805824e+10 -5.900004446234746933e+09 -8.188030434784648418e+08 -1.056850654811199903e+09 6.725404783367943764e+09 -5.660468511217281818e+08 2.163742980237424970e+08 -2.760859783965960704e+18 1.283688370129314048e+18 -1.281797669651464480e+17 8.539757312965313280e+17 -1.517356017842395136e+18 5.297926745295866240e+17 7.992801201019179520e+17 -4.015349267521030400e+17 1.445221406707823680e+17 -1.713746150824359040e+17 -1.466642585659467200e+17 3.518276968771618560e+17 1.894705333068932160e+17 3.774039736071468800e+17 1.772873426614079680e+17 -4.301448432622120960e+17 4.622988503104392960e+17 5.355115796883100800e+16 -3.723677145927264000e+16 -1.940302201256471552e+18 2.258269278501273088e+18 2.520679078457709760e+17 7.560359571498019200e+16 1.119518486641572480e+17 5.840624859083559680e+17 1.147438352521195040e+17 3.093873850932928000e+15 1.620662512384457280e+17 2.750186883825104384e+18 4.891801021298898560e+17 1.034560549052613600e+17 7.658030720688475200e+16 6.714996232229405440e+17 -2.681254662126659200e+16 2.978696385676718080e+17 3.274148975578940160e+17 4.453355804202767200e+16 -6.502796696298993600e+16 -8.076143365342696000e+16 4.721438220076485760e+17 8.749165039895806400e+16 2.373829608504420000e+16 1.093046636416351040e+17 -4.359745791886929920e+17 2.644664884235310400e+17 5.277857662117820800e+16 2.539856333915106000e+16 2.955861350717127000e+15 8.884734668867643200e+16 5.957208836543120640e+17 4.708201950729236480e+17 -3.669618475512220800e+16 1.833847405983824400e+16 4.166555827963056640e+17 2.232047636980134720e+17 6.653659262056542400e+16 9.221454446883305600e+16 8.396393673996072000e+16 -3.206401772347799600e+16 2.410752574620538880e+17 3.424000228226044800e+16 -2.438106708259521600e+16 6.065716788715307200e+16 1.787361740739307800e+16 -3.215958617734314880e+17 3.067203913895841280e+17 7.035611521446929000e+15 1.335978780257659800e+16 5.858959297218919200e+16 2.633505005185146000e+15 -4.456265103932152500e+15 -4.619168008299240320e+17 -3.107372385837476400e+16 2.414391364362015040e+17 9.562794697662553600e+16 3.074814057960964000e+16 7.937067802726804800e+16 9.438752110997897600e+16 1.490450546315290560e+17 2.550968934163106400e+16 3.266524234247268400e+16 8.407866834491425600e+16 1.531327773865924800e+16 -1.364348338740424480e+17 2.260700778057470720e+17 -8.895714892115338000e+15 1.733346820326054200e+16 2.325991363981196400e+16 -8.009199791323204000e+15 2.521165661068926000e+16 -3.692312721144063360e+17 3.118877490335290240e+17 7.146481893413196000e+16 3.714350464381805600e+16 4.807976939422831200e+16 -2.864691915976748400e+16 1.190790202779030600e+16 1.427487102122025600e+16
-1.153394331745345306e+11 2.426334927249729004e+11 3.448774054185556793e+10 4.234914142948847046e+11 6.369169727151040039e+11 7.198852821513406982e+11 3.285156471149426880e+11 -1.983090467244144058e+10 2.351725170821932373e+11 3.299205420355111084e+11 2.236367014098929749e+11 3.638397899589679718e+10 3.308156589536231613e+10 4.842507399467026520e+10 3.913274661242644787e+09 -4.819877078076140404e+09 -4.557231114374256134e+10 -5.179711204659684753e+10 -9.354292010472833633e+09 -2.150385943851860046e+10 3.412394204061309052e+10 7.463764797466313171e+10 2.868362496347737122e+10 -2.549508895086404800e+09 3.258802890408415985e+10 5.472024310922001839e+09 1.829907790480925751e+10 1.123982340440872574e+10 2.819457698724993896e+10 1.933311172999058533e+10 -2.062496118330312729e+10 -2.263759012414707661e+09 3.300165372654988098e+10 3.448909445992250061e+10 1.601764439273862267e+10 -2.041764329133565140e+10 3.465399145802139282e+10 1.902471641319927216e+10 2.282806282590544510e+10 7.665970160981628418e+09 -1.751228200160894775e+10 1.641424806413845062e+10 2.722635397927308273e+10 2.186501486926088333e+10 3.134041455837735653e+09 1.646026160874547195e+10 6.020492542738613129e+09 9.944304954373458862e+09 1.038631568941849709e+10 -4.719092682417376518e+09 -6.419128200161572456e+09 7.127307861882169724e+09 8.656886834696022034e+09 -1.429507803984345675e+09 3.304230053830858231e+09 -1.184347606092811264e+18 -3.763216714005739520e+17 -1.870102994353936000e+17 3.566877087828083200e+17 -4.272275888644628992e+18 -6.473974822711682400e+16 1.886334274484822080e+17 -3.477014360584145280e+17 1.274854544488275680e+17 2.178400693256781440e+17 -3.404388611894328320e+17 2.452757238675849600e+17 -2.557550498707231200e+16 2.193296099033134400e+17 1.662004100038781440e+17 -3.219571005116496640e+17 1.995351432996648000e+17 1.335759875783860000e+17 4.815942205629600000e+16 -3.151569585276872960e+17 1.050576100260041600e+18 3.695445611126037760e+17 2.529919240494107200e+17 1.250731059267606720e+17 1.357833046390941440e+17 2.959120939520236800e+17 1.082611041440208000e+17 8.278303782592307200e+16 4.891801021298898560e+17 1.634714204305691648e+18 2.512893281428157440e+17 4.496355177709134400e+16 7.193779329633760800e+16 -1.769441360717997000e+16 4.114876472716327680e+17 2.094610991040680320e+17 1.003060802050164480e+17 4.178221481106388800e+16 1.532280675029987200e+17 1.891256895611705920e+17 2.086418422309015040e+17 9.387830866191900800e+16 1.137229299947977280e+17 -1.784698625665979840e+17 1.561430870118584320e+17 1.256145041297496640e+17 3.812507543534480800e+16 3.369239299521246800e+16 -1.392833392665288800e+16 -1.441688739106304640e+17 1.610461387619921920e+17 1.301776821368692640e+17 7.118906605708441600e+16 -1.317142702670152160e+17 1.358550631496463840e+17 1.309851106291039040e+17 7.662683550906259200e+16 6.864782077905319200e+16 -1.928898593268183360e+17 7.847571907395859200e+16 6.618238829574247200e+16 -2.066070474869222000e+16 4.684626414814799375e+14 1.565939339180609200e+16 -1.558326884737932480e+17 5.799129373249694400e+16 7.304200038630580800e+16 4.325672544409301600e+16 5.265986232035408800e+16 2.916622246174581200e+16 -1.270559448839586200e+16 -4.657976334008617600e+16 1.637411683073449280e+17 1.445434798020134720e+17 1.192049573273081760e+17 6.741930636560055200e+16 5.472359953896129600e+16 -4.643636519379235840e+17 7.691038921081006400e+16 4.994976527916229600e+16 -5.828411940574676000e+15 4.148073041913272800e+16 -1.757814745589053600e+16 7.385049254512676800e+16 9.214427267589059200e+16 9.782338978361547200e+16 2.769829247091498000e+16 3.521749249627930800e+16 -3.200304557930594000e+15 -2.409186344284978000e+16 -2.650791219908013760e+17 9.183251678070374400e+16 1.136852827066505920e+17 -7.549518968228744000e+15 3.525433737304878400e+16 1.162598936194284800e+16 -1.901992560140177200e+16 9.165309616936566000e+15
-6.354934865183198547e+10 4.994159821284832764e+11 -6.702614280116022491e+10 -1.695517923898488770e+11 -8.562872030598170471e+10 -1.483967309803507423e+10 2.373242914065140991e+11 4.174435751003994141e+11 4.249818678723123169e+11 2.881627751868322144e+11 1.001072040446638184e+11 4.759474949567854881e+09 -9.761286135613676071e+09 3.043885477493922424e+10 4.986215781590364456e+09 -4.267182351798083782e+09 3.827315111194808960e+10 4.753899774173548222e+08 4.082068589972793579e+10 2.441719012180364609e+10 1.377096395510350227e+10 8.432803198504244804e+09 1.752875654434919739e+10 5.204820565615542412e+09 2.214508869735786057e+10 2.763978120346466827e+10 -1.602733484331962585e+10 3.207212420211037064e+10 1.046760742531552124e+10 1.200877201271748161e+10 3.571884479493491650e+09 2.350699029105720901e+10 1.987244605465613937e+10 2.743301062774713898e+10 1.767498592104342270e+10 -3.154367008636990547e+09 2.310691181986144638e+10 1.379394369780557156e+09 5.378738977393877983e+09 1.991972535529371262e+10 1.037704051958074379e+10 1.985454865935677719e+10 4.844190956405245781e+09 6.282977222899761200e+09 -7.380494704973288536e+09 1.145701651621012211e+09 8.571483202114908397e+07 1.857556687922455215e+10 3.968482538700746894e+08 3.210710512007126331e+09 -8.235327701920318604e+08 2.017063829859346628e+09 3.237308157643729687e+09 1.151929475859259987e+10 4.863155773526812553e+09 7.575250448073114880e+17 6.377769853868065280e+17 1.042743092113274400e+17 1.981178476272789440e+17 -9.272841694999906560e+17 6.326017006735731200e+16 -1.621109772517588160e+17 -2.777019042017130880e+17 -3.446880834388542000e+15 -1.413151112160727680e+17 -3.381655084324048640e+17 -1.213217954682647680e+17 1.259615579785969920e+17 -5.626274309276714000e+15 7.989171775544558400e+16 1.687095061404872640e+17 1.186145213577097600e+17 2.006299812235733760e+17 1.929040914713010240e+17 1.517990771932469248e+18 -7.107880509226399200e+16 2.233288949700046080e+17 5.176338391001884000e+16 1.432236326901527040e+17 1.065821593696243840e+17 7.925300974826620800e+16 3.862559520564122880e+17 1.455048550962194200e+16 1.034560549052613600e+17 2.512893281428157440e+17 1.096209172427713408e+18 3.052884972470464000e+17 2.417836160775558080e+17 6.526171001807730400e+16 2.221426221081085120e+17 9.087017913137156800e+16 8.615737054673876800e+16 5.889494320644132000e+16 -4.648758856098294400e+16 5.805543597895582400e+16 4.287096910866192800e+16 1.833661111349536000e+17 1.501271430761930880e+17 -1.124516218319568480e+17 -3.284546038089046000e+16 5.735749469635518000e+15 4.982572686763620800e+16 3.120309915196666000e+16 3.530833904483519600e+16 -1.649590192744040320e+17 6.700761189132992000e+16 9.360893618386627200e+16 1.300827379104058080e+17 1.140410630688637600e+17 -2.671406686241997600e+16 5.163692297399168000e+16 8.715324905049968000e+16 7.327743603051337600e+16 -4.117001208835180000e+16 2.074072368785406800e+16 5.919995474002449000e+15 6.884952761835283200e+16 4.300813487209819200e+16 -2.736310492989162000e+15 -1.083373257310529600e+17 -3.710116956000934400e+16 1.393592944818970400e+16 9.048062732904566400e+16 1.454483248608756400e+16 -1.906315377973075500e+15 4.690699910406429600e+16 -2.180760145643497500e+15 1.345705106355560320e+17 -3.757920665059751200e+16 -1.328119910266125400e+16 8.101179509695264000e+16 9.225889831847617600e+16 5.412003676165113600e+16 -1.419023975962080000e+16 2.181480475078973600e+16 6.460553582107430400e+16 3.978008483366213600e+16 2.319131131256961600e+16 5.367281584740181600e+16 -2.074781304846473200e+16 1.386212258451084200e+16 6.377055311767086400e+16 3.751541382927816800e+16 -5.019472501413289000e+15 1.018194827851978400e+16 -3.047111420139949600e+16 1.077461799931655875e+15 2.540939231241707000e+15 8.631782218776425600e+16 3.618747865408208800e+16 -5.574082258837317000e+15 -8.320507518393478125e+13 3.502931185498295200e+16
3.769873481930626831e+11 1.098652362434062042e+11 4.852857050436130981e+11 -3.038017452449835815e+11 7.971686824703826904e+10 -9.965690020580058289e+10 2.927248241598707581e+10 1.173789242289498291e+11 2.450254338308456421e+11 3.809704136115186768e+11 3.011638101539426880e+11 2.078313407282744598e+10 3.461951802341196442e+10 -1.978574242932711411e+10 -2.422960694983990860e+10 -2.340875672815964222e+09 -4.526970693907696533e+10 -3.852611168522853851e+10 1.319066374504362869e+10 3.377247839352908325e+10 -2.995950226445785141e+10 -2.383969075527213669e+10 -2.496738802688956833e+10 -3.477821668414178467e+10 -5.453113953817986488e+09 2.253857132478580475e+10 -1.967574190694761658e+10 -1.141068071110366106e+09 -3.053675208479420090e+10 3.758700129232121944e+09 8.027990461133936644e+08 -2.322547039821426010e+10 -3.488701265119861603e+10 1.466607814200251007e+10 -2.930476094421711922e+09 -1.559275843091716385e+10 2.745753567289289474e+10 3.615112514104446173e+08 1.798038706431040955e+10 3.605595921636505890e+10 2.994470577366466522e+09 3.254015520390134811e+10 -2.292729644943873978e+10 4.447706184240406036e+09 9.016083280305311203e+09 -8.029356584829011917e+09 -3.525587177196626186e+09 -1.026873411173183250e+10 -1.532828855044880390e+09 -1.714049395626446009e+09 -7.131759343311977386e+09 -6.113615764460141182e+09 -3.407476293025207043e+09 8.832867765149063110e+09 8.259481118283465385e+09 4.142792906168279040e+17 1.610618751135747072e+18 7.144016638548459520e+17 1.266994215808832640e+17 1.764701152020815872e+18 -4.575672668182469000e+15 -3.241353975688997760e+17 2.982039193791096960e+17 2.644008608149893500e+15 3.928561078585950080e+17 -8.202767573361506560e+17 4.113392436810317440e+17 -1.056049753527066400e+17 -1.474935493345439040e+17 8.226312322030385600e+16 2.438549037599416000e+17 -6.045583319809514400e+16 8.572953733873966400e+16 7.685242629630504000e+16 1.231284441209662720e+17 -1.371455544961279232e+18 1.395122843090643200e+17 8.999512080932716800e+16 2.844627587785362400e+16 5.514031942793259200e+16 6.820296091875765600e+16 2.635238135167017280e+17 3.586420789545344640e+17 7.658030720688475200e+16 4.496355177709134400e+16 3.052884972470464000e+17 2.553738333342298624e+18 6.401992147869690880e+17 4.804563259460984000e+15 -7.575242615072893440e+17 2.476008105262242000e+16 -1.577859606277363200e+16 8.424972284166340800e+16 2.035646103452155520e+17 4.936975805709703200e+16 6.537736081897629600e+16 1.009926716393714080e+17 3.713444169339441280e+17 1.798275174988054720e+17 7.649870509457348800e+16 -5.516699733358198400e+16 2.087830393554678800e+16 1.143016709638289280e+17 -5.241080035695045600e+16 -6.604872477722554880e+17 -1.468083654292207360e+17 -4.888235230068308000e+16 3.374052760883556400e+16 -1.387214724947708640e+17 -1.422462627142878000e+16 7.510839568420488000e+16 4.153564978540274400e+16 8.909843139428737600e+16 1.390480082559504800e+17 -3.025919165534790400e+16 3.745020786615284500e+15 4.587749033846691200e+16 4.320615522017189600e+16 -1.080613027930424800e+16 1.264735366515874880e+17 3.219861863257308000e+16 4.244595458509823200e+16 1.561233358384186500e+15 5.666951310763116000e+16 -8.363228251857760000e+15 -2.758346570750679600e+16 3.060921088075500800e+17 7.586257281033864000e+16 5.999697218140666880e+17 5.810590144453502400e+16 1.116078260238628480e+17 8.313452140757457600e+16 1.117109186782263520e+17 -3.257020055674925600e+16 1.667728330673381000e+16 6.072132275957912000e+16 4.177599837015497600e+16 -9.376634856087210000e+15 1.104640080120225120e+17 -5.959474656256707200e+16 -4.649528812537804800e+16 -1.103592838878332000e+16 4.449313862059255200e+16 -9.142011363285784000e+15 2.878860917340010000e+16 1.426209157403015040e+17 -5.908473735547600800e+16 -3.941962194285308800e+16 3.214001643262931600e+16 1.130780913746414400e+16 -2.528059534004358500e+15 3.007519752083594500e+15 1.670763463745410200e+16
9.316744794670306641e+12 -4.176619322212678223e+12 2.829868398782509277e+12 2.742894538587068359e+12 3.064288859862695801e+12 7.763753629993601074e+11 2.518228126182913086e+12 1.182293775940693604e+12 1.023518971622505005e+12 3.470926626726243896e+11 1.878744679672883911e+11 1.834521179815165100e+11 -1.915519050133244629e+11 -1.322061081449665833e+11 -3.304244350592546387e+11 2.080952032352437134e+11 3.356865859230599213e+10 -2.590336077966161194e+11 3.195082872206520386e+11 1.000628129499176483e+11 2.935406534895531006e+11 1.699235315830606079e+11 1.112988139278928680e+11 3.153908373523532104e+10 2.515370560511711731e+11 -1.645060004389726562e+11 -1.560686519320847778e+11 1.687036254311152649e+11 3.897735803220337677e+10 -1.246393341160316925e+11 -4.799702101615572357e+10 7.979136023830335999e+10 -1.597775748251698875e+10 -7.065402355925260925e+10 -1.490105165536977577e+10 1.857060197726356506e+10 -1.331452428899959259e+11 8.189212149576522827e+10 7.186383050191969299e+10 1.544446704186022034e+11 -1.162180201598630524e+11 2.072733830768514252e+10 -9.524933879667129517e+10 -1.348593377657506714e+11 4.840238122004229736e+10 5.998772444165220642e+10 5.534121866829803467e+10 -3.042421762273646927e+10 -7.601198294781143188e+10 7.017988596782418823e+10 -7.911743448359660339e+10 6.233877262585419464e+10 -5.327724746139298248e+10 6.810487138099978447e+09 7.197918478425311279e+10 -3.696038135777526272e+18 6.923381110341607424e+18 1.622267282439480832e+18 3.795685255715365888e+18 2.257138148961187840e+19 -5.167277910067297920e+17 2.859538441145400000e+17 1.039731482405546600e+16 -7.385323729015476480e+17 -1.801841392166986496e+18 9.956300263711805440e+18 1.975194715686027840e+17 1.793561731285271040e+18 9.323869516575257600e+17 -4.010099845952146560e+17 1.712590962473106432e+18 9.106612218628885760e+17 1.673999046439696000e+17 8.322158230514982400e+17 -2.873075101514467328e+18 8.450257040339718144e+18 2.482938086418929152e+18 -1.227625792814792320e+17 1.368357739651589632e+18 7.297020148710581760e+17 5.381838496303413760e+17 8.383764101314617600e+17 1.069960288065813376e+18 6.714996232229405440e+17 7.193779329633760800e+16 2.417836160775558080e+17 6.401992147869690880e+17 9.648920207329822310e+19 3.791660376542340096e+18 5.951468029622064128e+18 1.368304416080029440e+18 6.925982625563040000e+17 1.250712514710401600e+16 7.793911193730281600e+16 4.539699847936818560e+17 -1.788981432728675000e+16 6.104904508703210400e+16 -9.475382538982020800e+16 -8.621262230958734400e+16 7.746825182664183040e+17 1.561293390233542500e+15 5.339843557577482400e+16 1.287925815432748200e+16 2.697459394727356400e+16 -5.839668659488222208e+18 1.468477067154746624e+18 -4.820167992405642880e+17 5.334531928565134080e+17 4.196569071877087232e+18 -8.205174088604612800e+16 2.707894016879741440e+17 2.918457286326350720e+17 8.119165689373113600e+16 -4.170079598174206080e+17 1.470587347835394560e+17 1.555010330288386880e+17 2.263090367752172160e+17 5.698306497092505600e+16 -3.043425727071762560e+17 3.052566644105705600e+17 1.944356443291405120e+17 -3.800217715016888320e+17 7.398892007101392000e+16 -8.707444345354297600e+16 -2.111313874332328320e+17 -4.907719558033021440e+17 1.346654769592930560e+18 2.853937804185362880e+17 1.172470473314181888e+18 6.767240965234612480e+17 1.836563163405162880e+17 8.937313253647568000e+16 9.093556910655735040e+17 4.213280069761416960e+17 6.366704616457844800e+16 3.007407659119132160e+17 2.292911251711122000e+16 2.621739769706799040e+17 -7.789223287494424320e+17 6.126101495471803200e+16 -1.115346329915163520e+17 2.414803557581672960e+17 2.983792323906784640e+17 1.619292760971773440e+17 -2.480970829635528000e+17 -7.491968066544244800e+16 2.301376645747604480e+17 -1.671950041240526080e+17 1.516440796028461120e+17 1.537522589836652160e+17 8.402908680899008000e+16 -8.629946364648584000e+16 -3.344525936622521600e+17
5.213877938638544922e+11 -2.356074976488263321e+10 -7.803411453672364502e+11 -3.215071451345232544e+11 1.623436072464586792e+11 1.268660889368998535e+12 1.170071042801404541e+12 2.101504126370709229e+11 3.547024692051441193e+10 1.334973604800753021e+11 2.857501634532365112e+11 7.904574331717835999e+10 7.575549686768267822e+10 3.276890830063708115e+10 -1.054603484362830963e+11 6.862177923601869202e+10 1.130351588932823792e+11 -2.517130429845296478e+10 1.726715969201788712e+10 1.420049739507304077e+11 -5.925710090546286011e+10 -6.704532331154438782e+10 4.321571437913300323e+10 -2.722017286234214783e+10 3.282157134639477921e+10 5.434958599564351654e+10 4.785823434957887268e+10 2.434371150951259995e+10 7.031353275595937967e+08 1.770864830608768082e+10 2.165770070406361008e+10 2.987499192147117996e+10 -6.637600165409640312e+09 3.532654717589370728e+10 2.273323075472226334e+10 -6.528915099337940216e+09 -9.500807440856617689e+08 -8.560986516572957993e+09 1.126921230269774628e+10 3.147852661542187119e+10 9.492412443354686737e+09 3.240218928267264557e+10 5.698200862056400299e+09 2.025202706037057638e+09 -1.236549084082144165e+10 3.000466275707452774e+10 -7.148664543750702858e+09 -4.619053125563886642e+09 3.192432199464537811e+10 3.585661199478731537e+10 2.428812168019449234e+10 3.032001137907463074e+10 1.725830979136270905e+10 -3.138791489501954269e+10 8.024473127589626312e+09 1.695914608031407872e+18 1.168885687938731008e+18 4.525728559248269440e+17 -3.478993011845297920e+17 -1.641807419681811456e+18 -4.115096075318814720e+17 -9.918133362769648000e+16 1.170827754647741440e+18 2.711601082118594560e+17 1.735569567117814080e+17 1.955119310910818240e+17 -1.756553264801637440e+17 7.216229618235772160e+17 2.865989519373841600e+17 3.856029203708440960e+17 6.691592307447139840e+17 7.871635053178411200e+16 1.778282682055812800e+17 1.162720285456148960e+17 -1.730948816122673664e+18 -3.654919829778737280e+17 5.453227309932128000e+17 8.502835733555251200e+17 -7.412577638634505600e+16 1.273833944204573280e+17 2.748007004719756800e+17 2.055453558695778880e+17 4.211032899563369600e+17 -2.681254662126659200e+16 -1.769441360717997000e+16 6.526171001807730400e+16 4.804563259460984000e+15 3.791660376542340096e+18 6.632686809878608896e+18 -2.954149288130939520e+17 1.805245797210117440e+17 6.922085944921143040e+17 1.970541393100207360e+17 3.259752310520024800e+16 5.092420269765377600e+16 2.167662965458760320e+17 1.214449986926057600e+16 3.422076913165021200e+16 1.511107845857901760e+17 -1.085365691046868640e+17 8.846739283280710400e+16 5.436139748292225600e+16 5.325228491821564800e+16 1.686834868599792320e+17 4.072330283895470080e+18 1.600487370992917120e+17 4.109406543942637440e+17 1.921795038796295040e+17 -1.994095115955127040e+17 -9.787519149651536000e+16 2.124048288520063680e+17 9.212560893360865600e+16 4.616802964990265600e+16 3.692805616158916000e+16 -1.880194010717502800e+16 1.466081381432340480e+17 5.282165052385355200e+16 3.616538354826137600e+16 1.852695052935680800e+16 2.459300050533959680e+17 4.521795207673616000e+16 1.175925256707498240e+17 -7.400607242487846400e+16 1.136286216338013600e+17 -3.646588457324967500e+15 -7.092350114625512000e+16 2.924534026712660480e+17 4.910068014808585600e+16 -1.625361793323149760e+17 1.829016196914097600e+17 5.900488537486760000e+16 -4.382015374104418000e+15 9.289054243807470080e+17 -7.689490186657452800e+16 1.783224089505719360e+17 3.720709549859242400e+16 6.150459835267142400e+16 7.015105751256440000e+15 -1.489959309165500800e+17 -7.687566655444868800e+16 1.794305229345588160e+17 -1.706718363387569750e+15 -1.804563756948365200e+16 2.184706162669756800e+16 -1.386137489513187200e+16 2.302746633082694720e+17 -1.323553514232817120e+17 6.925621265425900000e+16 7.733803654285800000e+16 1.360435376041796400e+16 2.624594396785652400e+16 -1.754675296460454600e+16 -3.578003222171312400e+16
1.376450285265266797e+13 2.201479190139663086e+12 1.082872524479789258e+13 4.823437308769179077e+11 2.653120461380878296e+11 -1.265621145021896935e+10 -2.420220492029319153e+11 1.339163726112858398e+12 1.282566237830760498e+12 1.308359193928727570e+11 7.115209372599890137e+11 -6.273858330635937500e+11 -6.989217447139993896e+11 -2.560106144572076111e+11 -3.955370622277576904e+11 -1.691240796808685913e+11 -6.201632126276641846e+11 -5.170176864282579956e+11 -2.421481546667189026e+10 3.963490860297214508e+10 4.419271336331663513e+10 -3.892644121802449341e+11 4.878672905376506805e+10 3.614885135768803101e+11 -2.292749112670676270e+11 -7.416347800653071594e+10 -8.954895248238739014e+10 -6.134822752070790863e+10 -1.688105190233422852e+11 -6.585347285010337067e+10 1.026946169462206421e+11 -1.751924938555039978e+11 2.491038687834577332e+11 -5.340346558035416412e+10 7.519707665884744263e+10 -2.521560167018846989e+09 2.414147004402140427e+10 1.029597012193506012e+11 -4.760607221815110207e+09 -1.438964270867122803e+11 -1.652309693039278564e+11 6.374336009081195068e+10 -5.602500077526475906e+09 -8.278418140454202271e+10 5.348125429212026215e+10 1.416884490292249146e+11 2.901971976575410156e+11 3.617475773692031860e+10 1.950578309356457901e+10 9.794478500103178406e+10 -6.770229311347273254e+10 -5.465955698529740334e+09 -9.171910083821191788e+09 5.864113076755057526e+10 -4.924672874996857452e+10 8.919498598240240640e+18 9.417662660080224256e+18 8.225711694132518400e+17 -2.558173827467551744e+18 1.246042585301263770e+19 2.413644001758302720e+18 -2.617664215989617664e+18 -3.136272107111197440e+17 2.389552523985394176e+18 -3.075000980064568320e+18 -5.130583973680276480e+18 -2.885654966101339136e+18 -1.227687779867841760e+17 -2.835849392388201280e+17 1.602372794284825600e+17 -1.980434258626409216e+18 9.984132292258334720e+17 -1.098827228694017792e+18 -2.128485130906594304e+18 -1.111413592128881050e+19 4.681287950744292352e+18 -3.106795257222422400e+17 -1.534780588876624896e+18 4.577803586980795392e+18 4.566961754118472960e+17 -4.665540272727648640e+17 2.574789099708600640e+17 6.553394407912132000e+16 2.978696385676718080e+17 4.114876472716327680e+17 2.221426221081085120e+17 -7.575242615072893440e+17 5.951468029622064128e+18 -2.954149288130939520e+17 1.301531514821943296e+20 3.002404469318146048e+18 -1.303502039773060480e+17 -4.129622972836941440e+17 4.848619164686696448e+18 5.964924717004136960e+17 -2.026024707477216960e+17 -3.930284054313405600e+16 -4.332418434459905920e+17 1.823902458605370880e+17 -1.992736297180634560e+17 1.881123703071471360e+17 9.747660167364715200e+16 -5.658536693650478720e+17 -1.692287203281996800e+17 -7.181677580708037632e+18 -2.534576632603087360e+17 -4.879316752517371200e+16 -1.232585297622572480e+17 4.736936951440674816e+18 -4.134159643705512960e+17 -2.132292643868181440e+17 8.612315248783017600e+16 -1.267791860515220960e+17 1.807770369112908800e+18 3.510850386220786400e+16 5.975452291829939200e+16 -1.300151627371126080e+17 -2.278957973057428400e+16 -2.339478209598915840e+17 -6.957333735810008320e+17 1.581048623403045000e+15 -2.067547860195191680e+17 -6.275186329218082400e+16 -1.065670965761578240e+17 -2.443657441754336640e+17 4.933931347971516000e+16 3.465047057970978304e+18 6.196428790318686720e+17 -1.761790347774392064e+18 -9.961218584732086400e+16 1.817085088435078720e+17 1.092977200472561000e+16 5.774756905075457024e+18 -1.901083523965848640e+17 -1.011340401011972160e+17 -8.995666465798027200e+16 3.037347337361643600e+16 -3.216899786121893120e+17 2.421463231705692160e+18 -1.416731136139077440e+17 -9.427212250910867200e+16 1.158326374858478400e+17 1.114637770970083000e+16 8.433613658270102400e+16 -8.810747693847568000e+16 8.342791225254099200e+16 3.283011369027275520e+17 1.280193841453537440e+17 1.646096671074436160e+17 3.266631881493669760e+17 -1.037140595357700320e+17 -2.485989554108343680e+17 4.164116628742527360e+17
-9.592593712000097656e+11 3.015938021501906586e+10 7.791355038965032959e+11 1.278307538284062744e+12 1.219236377605289795e+12 3.552706945900020142e+11 3.903060683006065674e+11 3.438889793748683472e+11 3.254976627946580200e+11 9.761840915211018372e+10 1.939751727289323730e+11 2.243074936087761230e+11 7.864673015902896118e+10 5.787133737607240295e+10 6.864975565894616699e+10 2.816328782904038239e+10 1.134322612617851067e+10 5.540968701748594666e+10 2.239058927145789337e+10 5.472943354281088257e+10 -6.397660632460559845e+09 1.797526220189241791e+10 5.634643649452951813e+10 -1.926048096031369781e+10 -2.842599885578924179e+10 5.146172626819716454e+09 2.499629429638774109e+10 5.816386032489212799e+10 4.451508497463022614e+10 3.010657149628895187e+10 1.699723000821168900e+09 6.705223647808394432e+08 8.895485727139516830e+09 -5.118912504832527637e+08 3.172380955723778534e+10 1.623769131814435959e+10 -6.451189455641500950e+08 2.534307731741713333e+10 2.296054171155310059e+10 -1.916491625910390377e+09 2.555299039922078133e+09 1.864197668206589508e+10 4.139476080918640900e+10 2.835288937285192871e+10 3.745181635300736237e+10 -2.903690249423205376e+09 2.522690948774206924e+10 -1.915691763935078049e+10 1.321611473991286659e+10 -4.270105568475630760e+09 1.494564007502451515e+10 8.905808078334335327e+09 1.708311106320662117e+10 3.244131453995391846e+10 5.871847155793977976e+08 -2.452074418535499264e+18 4.635695712552115200e+17 -5.146300271989724000e+16 1.420854996729883136e+18 6.408836412794272000e+17 2.479671222982350080e+17 5.797637508076007680e+17 -2.981841477186485120e+17 -2.036276580844105920e+17 3.626061470493669120e+17 6.153915177464586240e+17 9.580370156756555520e+17 -1.661614861147872640e+17 4.389306185212106880e+17 1.870998546425871040e+17 -2.796777511714843840e+17 3.839369488340078720e+17 2.179123582578049280e+17 2.283512473241312640e+17 -1.591750194391994800e+16 -6.965546396673651200e+17 3.302816591759107200e+17 7.512050745306385600e+16 -6.965184295629119200e+16 4.993869746420337920e+17 1.869931560626131200e+17 4.846595844461312800e+16 -3.474232012981706880e+17 3.274148975578940160e+17 2.094610991040680320e+17 9.087017913137156800e+16 2.476008105262242000e+16 1.368304416080029440e+18 1.805245797210117440e+17 3.002404469318146048e+18 3.509901228173975040e+18 3.006832061450839680e+17 8.798047417105715200e+16 6.152329660175211200e+16 5.624525072838186240e+17 1.690467092587078080e+17 7.959925569593552000e+16 6.990676183625847200e+16 -3.822877143631840640e+17 2.690612214277144640e+17 6.155435015013228000e+16 6.442821478973335200e+16 4.308289058371983200e+16 -1.170693782396034200e+16 3.323344026425106560e+17 9.282933818175091200e+17 1.136168047191135360e+17 1.255214667402459840e+17 -1.603173692702553920e+17 3.192934430335984000e+17 3.349855955241887200e+16 7.747767949860347200e+16 1.460087262239345250e+15 5.555715094466268000e+16 3.167493197916231040e+17 6.681947536112244000e+16 6.395980194107169600e+16 3.858422217950897600e+16 -7.282426647010171875e+13 -2.316540643743172480e+17 2.064586511217395520e+17 1.378576282703044480e+17 9.344004498613884800e+16 3.323075421402521600e+16 4.797014824392358400e+16 -3.688963900694477600e+16 4.821366825172294400e+16 1.699950044602549760e+17 6.758299815397804800e+16 8.801054922293870400e+16 3.279717107119298400e+16 -2.059197773002182000e+15 -8.648698937117382400e+16 3.156985534479073920e+17 1.024318127938647520e+17 7.573044339988705600e+16 3.673016067450489600e+16 2.803739495543162000e+16 -1.578691647696910080e+17 2.111182466625562240e+17 7.850808481948406400e+16 1.510329005699101400e+16 1.496072177720256600e+16 3.290132563660148800e+16 -1.393838695210679200e+16 -3.933291430506487680e+17 1.675235223053833600e+17 5.885420931996952000e+16 7.847683183047539200e+16 1.350393685753822800e+16 -1.516733239060480000e+15 1.316897109586791000e+16 -3.244958029181958000e+16
-6.411594106398466797e+11 4.675309569016100311e+10 -6.580612092695575714e+10 1.358752236715668869e+10 4.194977950002966919e+11 6.805893891521052246e+11 6.084947525718623047e+11 4.974233536900257568e+11 1.522776783410833435e+11 1.516357485458403015e+11 1.864646977281983032e+11 1.333687707904858551e+11 5.634747781110250092e+10 3.672483778111737823e+10 3.564574727948520660e+10 3.107934891488170624e+09 4.666698990637534332e+10 -1.467757631090316772e+09 -1.181292227078712463e+09 3.294534388255793381e+10 4.603956617737690735e+10 -1.359263221391236067e+09 3.274339401502619171e+10 1.883928040673286438e+10 1.643401935031896019e+10 3.434071585538351822e+10 6.496358476848116875e+09 1.457654208211306190e+10 2.124783664833531189e+10 5.164671284670286179e+09 1.614138011451700211e+10 1.905094638738570404e+10 -3.408419314952507973e+09 5.391038344343027115e+09 8.471564060522384644e+09 3.664279539519863892e+10 2.311692933879077148e+10 5.459294404132007599e+09 5.262831901377552032e+09 1.407571676672505379e+10 1.161810773472405624e+10 1.096448737470426559e+10 3.242306627957618713e+09 1.545679653294887924e+10 1.677119205282659531e+10 2.199227782768692780e+10 1.219768837876428795e+10 -1.105967967379775286e+09 4.305395530072013855e+09 1.085562129644064331e+10 1.361987292222370911e+10 2.496810877519113922e+10 9.230951096772336960e+09 4.688417403089320183e+09 1.139798834071721458e+10 -1.466780787935939584e+18 3.262034985063288320e+17 -1.302292962528649120e+17 -4.055763510282708000e+16 -8.656992650393304320e+17 -1.913496924324810800e+16 1.436871327451991200e+17 2.181616112631179200e+17 2.991003726566798080e+17 2.732916693321580800e+17 6.160573944071389440e+17 9.056584598878665600e+16 3.243192418559923840e+17 9.484571092974440000e+16 2.805024666075895040e+17 1.247981238284763840e+17 1.004867938590807800e+16 1.298013874187194400e+17 2.049346648115615040e+17 8.610578148240570880e+17 -2.724777647371432320e+17 2.402842484829468480e+17 3.444028894295929600e+17 1.505377917956743400e+16 1.523542634904169600e+17 2.653263188893421760e+17 1.245613585741970560e+17 3.960183582269832800e+16 4.453355804202767200e+16 1.003060802050164480e+17 8.615737054673876800e+16 -1.577859606277363200e+16 6.925982625563040000e+17 6.922085944921143040e+17 -1.303502039773060480e+17 3.006832061450839680e+17 1.006347450280405760e+18 3.095424361696273920e+17 -7.945937567180581000e+15 1.154236557084870240e+17 2.011992283506881280e+17 1.124713437720678080e+17 4.410817906154769600e+16 9.076555038805705600e+16 1.660205567434424800e+16 1.027514603164315520e+17 1.081112382751179520e+17 5.833783663064110400e+16 4.400996930054907200e+16 9.859524539460252800e+16 -1.224247979871215680e+17 2.603487413809808640e+17 1.293727378947013280e+17 -1.959716747778050560e+17 1.029117167998563680e+17 1.193266788123727040e+17 1.024041187321263200e+17 1.749813476441823400e+16 2.089525864106228400e+16 9.817962209756430000e+15 1.021650335101899040e+17 8.134824780423320000e+16 4.146494087858212800e+16 3.017449775403194000e+16 9.371931775599595200e+16 -1.505959988955143000e+16 7.961140150771766400e+16 9.113937850539028800e+16 5.948524461646960000e+16 2.439021252471232000e+16 6.315342001250925000e+15 -1.322566814494457280e+17 6.789895198604428000e+16 2.457684285648938560e+17 9.332787871899273600e+16 7.740623715764393600e+16 3.887012680021844800e+16 4.191331507331732480e+17 1.097161559248557600e+16 9.185036004352576000e+16 8.346390609173556800e+16 4.063218947025233500e+15 3.338168736848490800e+16 -5.651461387869470000e+15 -1.497692892719485200e+16 5.960315235019810400e+16 5.115656874988406400e+16 1.203165497883420800e+16 3.758428243219220000e+16 1.822479065354764000e+16 2.469202149967048000e+16 -2.080917878718218000e+16 6.966550029348594400e+16 3.024995260315836000e+16 5.914633989661499000e+15 1.134522322611066600e+16 -3.433368967030472500e+14 1.819334442409357200e+16
1.035660802504842834e+11 1.100378436969813585e+09 -1.782628859930573120e+11 7.083067343901364326e+09 -1.823750337026468201e+11 1.517139550088790894e+11 5.012078435288727417e+11 5.987682431319035645e+11 3.203537389353203125e+11 6.182237672818482208e+10 9.181506183116619873e+10 1.505277082715984497e+11 6.603926027610471344e+10 -1.841229137393680954e+10 1.941679347703818130e+10 -7.620080538824010849e+09 -2.961578982375536346e+10 2.183923012004135513e+10 9.313087112866939545e+09 3.959676514819839597e+08 1.872738743209828186e+10 1.830398614158668137e+10 1.580939858121761322e+10 1.124217024854380608e+10 3.618078911770747375e+10 6.565774990125136375e+09 3.500987537460971832e+10 3.263495813010850525e+10 2.845563008620363998e+10 5.651498739896854401e+09 1.716045799255263329e+10 1.877052564805400085e+10 -1.678711164811780453e+09 4.766189759454560280e+09 5.767862337666931152e+09 4.535245742988319397e+10 1.142791191119099808e+10 4.274930956735929489e+09 8.721580156190715790e+09 1.648860283255989647e+10 -3.735276858005213261e+09 2.116923617002830982e+09 1.275324233567273140e+10 1.229418845712883377e+10 4.794916078412609100e+09 8.846048537908975601e+09 1.831615563317871094e+10 1.273759894477405930e+10 -1.943688004441042662e+09 -7.246071837649039268e+09 -4.451948245510818481e+09 2.520243574431942463e+09 1.458418085549100685e+10 1.797160227810949326e+10 8.543843709219273567e+09 1.831991464967650880e+17 6.571772304200129280e+17 6.662848330565492800e+16 -3.568279470049740800e+17 8.399980298539265280e+17 2.299462317877997440e+17 9.643376488703518750e+14 -1.938068066069619200e+17 1.073658449275338080e+17 6.831037418114059000e+15 6.203712153115417600e+16 7.586660339491087000e+15 2.138733142897094080e+17 8.251528144240058000e+15 1.223228036644034080e+17 1.912804777334647040e+17 1.851703382474895040e+17 2.090909705441697600e+17 3.981442636473941120e+17 -1.841701227534183040e+17 -4.005876601690454400e+17 2.059766341872692480e+17 1.809431940559436800e+17 -1.269479952965399200e+16 4.482765108795718000e+15 1.695072132497325440e+17 2.691724907954395840e+17 1.663344100609252600e+16 -6.502796696298993600e+16 4.178221481106388800e+16 5.889494320644132000e+16 8.424972284166340800e+16 1.250712514710401600e+16 1.970541393100207360e+17 -4.129622972836941440e+17 8.798047417105715200e+16 3.095424361696273920e+17 1.235038006884905216e+18 -1.328756422386225800e+16 4.583259735117976000e+16 1.273608101298568000e+17 1.823931875564283840e+17 6.472301232388424800e+16 7.429958793083201600e+16 5.284795497580421600e+16 3.271938452270282000e+15 9.050107081178233600e+16 1.790818918431602800e+16 1.297728366847743520e+17 3.607301154710677760e+17 9.900856404682608000e+16 8.611610543457243200e+16 2.214535833852832320e+17 -2.951621969514940160e+17 -2.008442035022419600e+16 5.526482993181632000e+16 1.416650203036702880e+17 2.752741503234080800e+16 -2.429492879799708400e+16 -1.023462759250936400e+16 2.922793313210821600e+16 8.512383598491945600e+16 2.616453895012519200e+16 1.113467909279409800e+16 5.920259680238826400e+16 2.055033653709626800e+16 9.884670469617374000e+15 5.754681856999697600e+16 1.630642774597334400e+16 1.420402178820880000e+16 1.345125939634697400e+16 -6.247369261993980000e+16 1.990052344723042560e+17 1.414505488030258200e+16 3.664909606211124800e+16 8.942367646564153600e+16 -5.875729555770285000e+15 8.297045373327252800e+16 -4.435744099235962400e+16 2.208946940098425600e+16 7.550019915683000000e+16 2.964786701385252000e+16 5.843889545870276000e+16 2.348221465090418800e+16 -9.691445131473302000e+15 2.665808176659153200e+16 6.402585856076552000e+16 2.487142047470673000e+15 4.451735353947643500e+15 -2.694493594303984500e+15 -4.247284009856323125e+14 -1.001921786265130560e+17 7.878749190429882000e+15 4.797879602875696800e+16 -3.694118140620684000e+16 -3.184282108806786500e+15 -6.551366450732321000e+15 3.756177094663572800e+16
8.105472891605106445e+12 5.112275804059519531e+12 5.120113446329367188e+12 -2.058979773195174255e+11 -1.753223260265660095e+11 -7.340637964732412109e+11 1.963066121532020264e+11 1.357977533692023010e+11 1.790137640485095520e+11 1.902776804509246826e+11 3.504768151142009277e+11 2.506091479857504578e+11 1.550991795299541931e+11 1.520122639770211792e+11 -6.320033496073063660e+10 -7.345243984377110291e+10 1.287024688478153229e+10 -2.985254777383586121e+10 -9.448835050279995728e+10 4.604019713728378296e+10 -1.923306782661547470e+10 -8.189420648957934380e+09 -8.939740237278699875e+09 2.220200542227063370e+10 1.973270070872526169e+10 -1.617903883761957359e+10 2.181048390276163864e+10 -6.501007926378349304e+10 -6.970590397536863708e+10 -5.076323409411351013e+10 2.703251180042715073e+10 -2.408514993038113785e+10 5.253146189233478546e+10 3.824029632564437103e+10 1.862829702955018997e+10 -1.702833627347127914e+10 -4.007796671242206573e+10 -4.791659802192404938e+10 -1.129359336157123566e+10 -4.572106875245496368e+10 -2.964753922037899780e+10 -4.591248335890208435e+10 -4.299833478063098145e+10 -2.181525012629415512e+10 -2.750419494793117142e+10 2.085495548796298265e+09 -2.218331765234900951e+09 -5.267483859364672089e+10 -8.174097698364593506e+09 -2.398738180876753998e+10 -2.006092180778387070e+10 -4.523494217861807251e+10 -2.893055246013740540e+10 -2.596544073671211243e+10 -9.468948801603183746e+09 1.215198086725710234e+19 8.653144498758025216e+18 5.567561815174687744e+18 -2.912790750149327500e+14 9.159960686250917120e+17 3.048479331807031808e+18 -4.492356232540206080e+17 3.368968145914695168e+18 -2.399247345466345920e+17 1.526869086350375680e+17 2.282681860660035840e+18 6.539322472940048640e+17 3.246558419943465472e+18 -1.502269002970737600e+17 -5.128557301838052800e+16 4.029307100455834112e+18 -2.866756738326917600e+16 2.058613093807920640e+17 -2.543565726820344320e+17 2.237462750997068032e+18 -3.565675862276675840e+17 1.929117837930482560e+17 -1.763723192405891520e+17 3.182433278496450048e+18 -6.459295950033077600e+16 3.381597040374461000e+15 -1.346173909021721600e+16 5.060924819139088384e+18 -8.076143365342696000e+16 1.532280675029987200e+17 -4.648758856098294400e+16 2.035646103452155520e+17 7.793911193730281600e+16 3.259752310520024800e+16 4.848619164686696448e+18 6.152329660175211200e+16 -7.945937567180581000e+15 -1.328756422386225800e+16 7.882001522597432320e+18 2.293173891035140160e+17 5.148963054981933600e+16 3.964409497046572000e+16 4.169433337201712800e+16 4.806701904908503040e+18 9.849471648555504000e+16 5.747255634352060000e+16 -2.768137783610575600e+16 -2.530276655064221000e+15 4.525212463996981600e+16 -3.936323397418417280e+17 1.806011427142466880e+17 -1.430655499141828640e+17 -1.342636437389551040e+17 4.272709107354749440e+18 6.790762392667384800e+16 5.292183755287188000e+16 5.360313384730001000e+15 6.013576137499130400e+16 3.412121451072437248e+18 -1.357521520476720480e+17 -5.862353648322295000e+15 4.172575831304111200e+16 7.571919683211804800e+16 -2.150355663209500800e+16 4.051302273352117760e+18 -8.218910190140276800e+16 -3.038290857620084000e+16 3.969354208141950400e+16 3.044800162369810500e+15 3.930525828686772000e+16 6.808981350313448000e+16 9.252321697265964800e+16 6.129418503891400800e+16 -4.048897055307983360e+17 7.852345266146380800e+16 5.201399431013564000e+16 -5.507404633880850000e+15 2.514662028612930048e+18 -8.449895697090612800e+16 -3.875334371978916800e+16 1.044733744164692800e+17 4.925041711975051200e+16 -4.679761005745913600e+16 3.423697725160667648e+18 -2.232963001856008000e+16 -5.575994897338931200e+16 3.697029379540552800e+16 1.249701328191739000e+16 1.803892759186026000e+16 9.695566864258590000e+15 3.914252339640465920e+18 1.749547264000882400e+16 -3.655370681271522400e+16 2.914725270966669600e+16 7.576284500977684800e+16 9.811712486195857600e+16 3.657588110045649600e+16 8.105558135951513600e+16
5.174924851497219086e+10 -4.945271315394688416e+10 1.183734122417717285e+12 1.685962138103528809e+12 5.762704123784659424e+11 1.048864856436533813e+11 1.224285925785685120e+11 -2.826217356761486053e+09 1.792629512005220947e+11 2.550632333884053345e+11 1.917470646454197998e+11 2.160914891358406677e+11 1.061924710668987427e+11 7.423748137529888916e+10 4.231766778632036591e+10 1.729510719285705185e+10 -1.551744060824338722e+10 4.099312454832685947e+09 3.761884900808032990e+10 5.288828055321501160e+10 5.089451062914584351e+10 3.491414387365670204e+09 4.396475814620310211e+10 1.595354121008823967e+10 9.966364682609210968e+09 1.397544742533249283e+10 1.760430383822252274e+10 -4.896196782803194046e+09 -4.348231037267313957e+09 3.679838677086000824e+10 6.623802217626550674e+09 -1.007242616839606476e+10 5.351307740095090866e+09 -2.264975981829515457e+09 1.030511224820840454e+10 1.764158836963366318e+10 3.644746406456634998e+09 1.808711606100104904e+10 9.259493327800256729e+09 -4.446961516222001076e+09 1.304446733166796684e+10 -4.210726743330203533e+09 1.984220593822559357e+10 1.481314415976238251e+10 1.290362726793662453e+10 2.257308020756987333e+08 1.994858497646296024e+09 -1.735953334717397690e+10 7.985273134464370728e+09 -3.330228162922824383e+09 5.390714804338418007e+09 1.573911984967372894e+10 1.275890171170713806e+10 6.079329439836628437e+08 1.159004727816222000e+10 -5.338713091247032320e+17 8.072938887608053760e+17 1.169871168269706080e+17 5.788935617369612800e+17 1.621032056233098560e+17 -8.268961236355060800e+16 5.729250226616065920e+17 -5.799296694210417920e+17 2.817059154581907520e+17 -1.289143195106718880e+17 -5.773550597227046400e+17 4.388745056959444480e+17 -4.156218682291763200e+17 3.562489611717674240e+17 6.494328638175989600e+16 -5.038907395026083840e+17 2.537927272783404480e+17 -5.389948600892182400e+16 -7.047344240483609600e+16 7.891305599675970560e+17 4.625957067814501120e+17 1.738729496225348160e+17 4.116648290493458400e+16 -1.757592708583498240e+17 3.796878427500753280e+17 5.708682279117726400e+16 -5.035474033579861600e+16 -1.274482524150656480e+17 4.721438220076485760e+17 1.891256895611705920e+17 5.805543597895582400e+16 4.936975805709703200e+16 4.539699847936818560e+17 5.092420269765377600e+16 5.964924717004136960e+17 5.624525072838186240e+17 1.154236557084870240e+17 4.583259735117976000e+16 2.293173891035140160e+17 1.341241481150251008e+18 1.754312553315262080e+17 8.822361885548496000e+16 8.594787367369233600e+16 -2.717638461618286720e+17 4.608985070596395520e+17 5.263715604912568800e+16 4.394253583437751200e+16 5.591564263102701600e+16 5.211425428591432800e+16 5.841082492185044480e+17 9.408757213857326400e+16 -3.377219713042083200e+16 2.024681987694456000e+16 1.933391344632527680e+17 4.024877528949626240e+17 4.974752417994341600e+16 4.353873814219112000e+16 1.014381205376143840e+17 -5.827834179155868000e+16 3.001960533063077760e+17 5.853558705440970400e+16 1.722926063667969400e+16 4.904103310612094400e+16 4.383804062874212800e+16 -2.725307126669662720e+17 2.762071442101630080e+17 6.187851283653555200e+16 1.982619286339749600e+16 4.333464278746216800e+16 4.634750566388066400e+16 -3.757648718529558400e+16 2.012292115784942750e+15 4.905364917412543200e+16 -1.313185541526653280e+17 9.401220254840342000e+15 4.670584152762917600e+16 5.076866815422952000e+16 6.396160479854014400e+16 2.750447328754024640e+17 5.719415699532591200e+16 4.560096459722812000e+16 6.515378546851343200e+16 1.151250822537344000e+16 -1.386184472016123520e+17 2.372902051456405760e+17 3.281839736873348800e+16 1.056108822908417200e+16 3.067526287105187600e+16 1.742726108263146200e+16 -6.771142929526119000e+15 -3.171718864355572480e+17 2.324362125675922880e+17 3.378838135129938400e+16 1.576735283237532800e+16 6.434879304831568000e+15 8.579300683704909000e+15 1.414913760510541800e+16 -5.131030733113827000e+15
-4.002601822354678955e+11 2.569847365873241882e+11 1.248291264506562195e+11 -6.293443768944057465e+09 3.240128698466520996e+11 5.296221858881843872e+11 2.600693657116159363e+11 1.040079404227275391e+11 5.719264254266472626e+10 2.203499664197835693e+11 1.835725059559865723e+11 2.054880774887157288e+11 1.159368830837705536e+11 3.313604039000695801e+10 2.336478843358412170e+10 7.828257796771223068e+09 -3.150934050732107925e+10 -1.947792058737794495e+10 6.934592268053151131e+09 1.173058772346205139e+10 1.213250664239925003e+10 -1.379232137107939911e+10 -9.868878530470060349e+09 7.781059658282095909e+09 -3.152161562045300961e+09 2.199238620700381470e+10 -8.147175179301429749e+09 -1.902141323114276505e+10 -9.368488968714893341e+09 6.823732793578277588e+09 9.088097072475170135e+09 9.074456681942869186e+09 -2.949275062925246716e+09 8.767150788171226501e+09 -9.821089389332828522e+09 2.034582439606051445e+09 -4.825198847578686714e+09 -1.181623228369149780e+10 -7.426957140999928474e+09 -1.134294224434285355e+10 -3.295882683321592331e+09 -1.546163672813071251e+10 1.293988220644904137e+10 8.277794241540483475e+09 -1.080819264501507282e+09 3.896018790072201192e+07 -8.636603930601398468e+09 -1.389703430543165779e+10 -6.526667304484969139e+09 -8.332302228940104485e+09 -2.064610008105240583e+09 4.234036154934460521e+08 -3.250174245631989241e+08 4.726946130009208679e+09 3.598617299053683758e+09 -1.785551473957552384e+18 -7.398377250653752320e+17 -3.548276806513307520e+17 2.305690824116091200e+17 6.060509568281084160e+17 -5.399117308595448800e+16 2.846615175667555520e+17 -2.656919718260783040e+17 1.271946245041756640e+17 3.521675171640282880e+17 -5.317364089813390720e+17 -1.776213942728999600e+16 -8.082276657205340800e+16 7.410738140769289600e+16 2.063707855405404800e+17 -1.477206160163171840e+17 2.530436687404561000e+15 3.851014277476122400e+16 1.239865892020312640e+17 2.404506435375464640e+17 -2.405920070471236160e+17 2.349440207890486080e+17 1.781767715206564160e+17 1.035971177822686240e+17 6.970650734164528800e+16 1.281191126589890560e+17 8.793960641460476800e+16 -1.051980822053188000e+17 8.749165039895806400e+16 2.086418422309015040e+17 4.287096910866192800e+16 6.537736081897629600e+16 -1.788981432728675000e+16 2.167662965458760320e+17 -2.026024707477216960e+17 1.690467092587078080e+17 2.011992283506881280e+17 1.273608101298568000e+17 5.148963054981933600e+16 1.754312553315262080e+17 7.277350996856552960e+17 1.368081811814070400e+17 6.711147280377861600e+16 -1.484214246574256320e+17 4.621731541413465600e+16 2.058239589245981760e+17 5.474438986893725600e+16 7.457699003484073600e+16 6.425630699659344000e+16 4.005608262561257600e+17 1.751631211803526400e+17 1.100291580246720480e+17 6.390044825414371200e+16 4.046903543867504000e+16 1.088227855408263040e+17 1.460187727248249280e+17 6.747043428435779200e+16 4.913152261237208800e+16 -3.763353873717296000e+16 3.841533173255092800e+16 1.070661539330028960e+17 6.361500973079592000e+16 3.371020328330893600e+16 5.899565295447307200e+16 -1.166829622262028160e+17 4.898054695558059200e+16 7.016678566641870400e+16 3.726115361008418500e+15 2.428194639892708800e+16 4.154802564730477600e+16 5.547332590573435000e+15 -3.578880483581197500e+15 1.383564770936085280e+17 1.317731854162009760e+17 1.073626425214136800e+17 6.038937158388704000e+16 5.541703771547926400e+16 -2.130942230161305920e+17 4.084572485640790400e+16 1.024673725177548000e+17 3.815798507272671200e+16 3.856411139131339200e+16 4.300793243605716000e+16 -1.021776330386348000e+17 -5.711647151191478000e+15 7.460888382147670400e+16 4.739383262303850000e+15 3.236063411427081200e+16 4.780767628627124800e+16 2.552664859486108400e+16 -1.762905545906549120e+17 -7.272308830319523438e+13 8.789928925302940800e+16 1.742840332262887600e+16 3.021592481424341600e+16 3.896319167450748000e+16 6.437979409316865000e+15 -1.107015919933991200e+16
7.098397517647142334e+11 3.075727738919059448e+11 -7.917098017244679260e+10 1.878247905430396652e+10 -9.581936636735664368e+10 4.035125274113282776e+10 2.562877779359768066e+11 2.286318234859245911e+11 2.595302190934535828e+11 1.370565049216089478e+11 1.118899090766199036e+11 8.956803524528985596e+10 5.600054562882598114e+10 3.977495426130961609e+10 2.727146792786279678e+10 -1.006083437894552803e+10 1.285929190322793579e+10 1.168082132959856796e+10 -7.141677466404542923e+09 -1.757678466329660797e+10 5.039476150171354294e+09 3.060879204452851415e+08 -1.073140329243790054e+10 -2.165241073855338573e+09 3.525491940925734997e+09 -3.750000589760903269e+07 1.381647655163675308e+10 7.275165462337579727e+09 -1.356720743390561676e+10 4.806867521211202621e+09 -1.900581339998288393e+09 -4.986135240165266037e+09 -6.642179030371802330e+09 5.710413972097259521e+09 5.655749037325233459e+09 1.261535513325586128e+10 8.852457277610305548e+08 -1.095640162038400650e+10 -6.794179183450362206e+09 9.333199747909612656e+09 5.985479330973520279e+09 3.589556241292518139e+09 2.066640196792429209e+09 7.240835229209741354e+08 1.269636587002364635e+09 -1.893046880742650270e+09 6.683625246022550583e+09 -4.607435078375257492e+09 -5.260904759177704811e+09 -5.963504397681261063e+09 -7.186617451544853210e+09 3.332941996480284691e+09 1.178457462674413204e+09 7.596283516758574486e+09 -3.040630886373926163e+09 -1.243233511463604224e+18 2.960491369455102800e+16 -2.005286641838030400e+17 -4.411973085750385600e+16 -3.223156625918834560e+17 7.122615947391710000e+15 -4.081927693642839200e+16 -7.516510017084715200e+16 -4.393931617365262400e+16 1.732782910625179840e+17 5.123515109251148160e+17 8.865723498549889600e+16 -4.529591569087393600e+16 3.274945195964856400e+16 1.106874588499764000e+17 1.833669194983557250e+15 4.840698559530653600e+16 1.025516529600653280e+17 1.615893273948991680e+17 1.841349930283301120e+17 -5.050987566082792960e+17 9.971922013848612800e+16 -3.813390725788757600e+16 7.005135323814768000e+16 4.310129162403133600e+16 6.876259054805234400e+16 1.422237808037383520e+17 -5.885761361932026000e+15 2.373829608504420000e+16 9.387830866191900800e+16 1.833661111349536000e+17 1.009926716393714080e+17 6.104904508703210400e+16 1.214449986926057600e+16 -3.930284054313405600e+16 7.959925569593552000e+16 1.124713437720678080e+17 1.823931875564283840e+17 3.964409497046572000e+16 8.822361885548496000e+16 1.368081811814070400e+17 4.764611362401063040e+17 1.361755693750148480e+17 -3.625183382875984800e+16 4.005126193957205600e+16 6.035492673531620800e+16 1.006194258678664480e+17 6.367977385671080800e+16 5.687299755532948000e+15 -1.645536042839335680e+17 -6.250785293302920000e+16 4.123985898916291200e+16 7.170607736990855200e+16 -7.425377824669832000e+16 1.546517379849302000e+16 4.059695321715252800e+16 9.310236278724460800e+16 3.661226766610377600e+16 6.755596220147277600e+16 1.636986078102498200e+16 3.439869959007310000e+15 7.229785635479401600e+16 3.669308369761484000e+16 4.082183991712222400e+16 3.509965244257879600e+16 2.228101602921992400e+16 4.822000071947960000e+15 4.920861999243582400e+16 3.023954687037505600e+16 2.706025990334481600e+16 4.984136818385262000e+15 -1.548640201699925120e+17 8.844166909700868800e+16 -1.208489643765085760e+17 2.295211762596748000e+15 4.877848141905480000e+16 3.730830752721306400e+16 2.019544523353477440e+17 2.704618101604887200e+16 2.237747313674780800e+16 6.460591711504519200e+16 1.878832541406282000e+16 2.699380869319696800e+16 4.268136296437365600e+16 -3.590762512555610400e+16 1.417178371254989000e+16 3.356999433809840800e+16 3.073407101301211600e+16 7.602388488207589000e+15 2.099126906036580400e+16 -2.426433126415258400e+16 -2.613893410839778000e+16 -1.900723916237981200e+16 3.463381221333153200e+16 1.287040252157522000e+16 7.293677479930685000e+15 1.080087601183854800e+16 1.657891817501190800e+16
-3.293298567030520020e+11 -4.317558155559413910e+10 5.934846018365873718e+10 -1.542547406929933739e+10 1.141573979645444183e+11 1.734867159483985291e+11 1.365291897681537018e+11 4.793948712960218048e+10 1.951153880354040222e+11 3.603792938546144409e+11 2.967960274252307129e+11 1.077504981521393890e+11 9.669399587575880432e+10 3.359503090761529541e+10 6.838091056990406036e+10 3.444829390292847633e+09 2.222515661810309982e+10 3.949106926441045284e+09 -6.923963459466935158e+09 1.792786738613061523e+10 -2.266741723029340744e+09 -1.455686585951207352e+10 6.299719623170461655e+09 7.230487199343688965e+09 2.278247193222981262e+10 2.191490671871441650e+10 3.784937451625842571e+09 2.300153495129822540e+10 1.631576604120191002e+10 1.421792905540701294e+10 1.735653601604649353e+10 1.104573899416104126e+10 -8.671825693730447769e+09 5.377317203369967461e+09 9.553660799718158722e+09 -8.027654164904963970e+08 -3.949942847847061634e+09 3.073848974613137722e+09 1.031954964310656166e+10 1.876757825412320328e+10 1.633550813823132515e+10 2.866626250123601151e+10 7.038585629584100246e+08 1.453322907004866409e+10 1.707263308279395676e+10 1.322615117356340408e+10 3.693866620732311726e+09 1.629363200878419113e+10 -8.671346549781700373e+08 1.107859860506305504e+10 7.568647273401709557e+09 1.897787847130709457e+10 6.677087327244283676e+09 8.024875138000798225e+09 6.498425550913250923e+09 -1.679333437101624064e+18 7.380022213933047040e+17 1.754219967716144000e+17 -4.046210613930248320e+17 1.338331666945869056e+18 1.290282536934264960e+17 -4.598147976173691200e+16 1.513446975634129600e+17 -3.553687902072917600e+16 2.359035145157908480e+17 1.291493892592412160e+17 1.490871351075003520e+17 -3.736257034352720000e+16 6.115357463572744800e+16 1.921631685367218240e+17 3.304592039365580800e+16 1.846584308422058400e+16 4.909055418372174400e+16 7.374007976965136000e+16 -1.760041832747942080e+17 7.610366692395835200e+16 1.184405742839434240e+17 7.699923615717398400e+16 -1.834849466886236250e+15 7.943971926416268800e+16 2.923875921530522400e+16 8.309202073429464000e+16 1.215716034046319520e+17 1.093046636416351040e+17 1.137229299947977280e+17 1.501271430761930880e+17 3.713444169339441280e+17 -9.475382538982020800e+16 3.422076913165021200e+16 -4.332418434459905920e+17 6.990676183625847200e+16 4.410817906154769600e+16 6.472301232388424800e+16 4.169433337201712800e+16 8.594787367369233600e+16 6.711147280377861600e+16 1.361755693750148480e+17 7.261477949647038720e+17 -9.053538516013072000e+16 8.098212286640999000e+15 2.409621105454940800e+16 2.556203377949994400e+16 1.810885306702950400e+17 5.165815283865832800e+16 -5.783600447757099200e+16 2.645630189386419840e+17 1.174781887684429200e+16 -1.850026016193352500e+15 8.976293178270510400e+16 4.023906268429552000e+16 8.381018213035288000e+16 5.700975777879389600e+16 9.886539692527576000e+16 -7.362599613394790400e+16 4.106801842582837600e+16 2.185081428627749600e+16 3.537202360780360400e+16 4.062207516698492800e+16 4.349584782269768800e+16 -1.883600430410126000e+16 3.625457964163237000e+15 4.324884113258396800e+16 1.427851567214732400e+16 4.701746219469473600e+16 2.427298919274055600e+16 -1.003960923397314800e+16 -2.217964083714122240e+17 9.559851551071286400e+16 1.274406640675030880e+17 3.111755023362145200e+16 5.280997197027031200e+16 4.647738768305577600e+16 1.670725655542158720e+17 6.117514800398636000e+16 5.532775228736465600e+16 2.983247995170053200e+16 5.590881622128385600e+16 2.585144457638170800e+16 -3.719876556420768800e+16 -2.559019175822159200e+16 8.717120593130050000e+15 1.695194270400039500e+15 3.555928483786552800e+16 1.651666654407319000e+16 2.078606352979671600e+16 -3.617846901204799200e+16 -2.569523472012612000e+16 3.384749888857730400e+16 1.560243503934413600e+16 1.642580223040685200e+16 1.151505117237160750e+15 1.519588217774912400e+16 3.980392026671199000e+15
1.158121297604688281e+13 8.276111720533595703e+12 1.903693999087240967e+12 5.063180368017521973e+11 -2.816153030623841095e+10 -6.862549653753057861e+11 -8.242062920344573975e+10 -7.266567048393424988e+10 -2.640232429228905640e+11 -2.292235897527743225e+11 4.156885711461459351e+11 3.124702424143410645e+11 5.043942997421388550e+11 2.220884789818731079e+11 -1.946197415075941467e+11 -2.122235065743368225e+11 -8.718160266078691483e+09 2.608724632947724819e+09 7.251070936530358791e+08 -1.062096204966204987e+11 -9.033648694772290039e+10 -1.256799786051236267e+11 -1.216378438709725342e+11 -5.137478350732244110e+10 6.634317819745671844e+10 -1.509149355748701859e+10 -9.507635008101907349e+10 -1.137372926837249298e+11 -5.113155540493627167e+10 -8.949169518835328674e+10 -5.659665452528068542e+10 -9.349613727868298340e+10 -1.956647434177114487e+10 -2.678866938659331131e+10 -7.688786887488250732e+10 -5.920657262597582245e+10 -2.110270557842108154e+10 -6.510216550469061279e+10 -5.752165970559933472e+10 -4.782455633171883392e+10 -6.971618297801945496e+10 -2.133530585420335770e+10 -1.390934930759592819e+10 1.417062172396804237e+10 -4.975462877374784088e+10 9.851162830684708357e+08 -6.912880553631299973e+09 -3.785710922410187531e+10 2.177299544912746048e+10 -3.466092211644662380e+09 -4.546816649400491333e+10 -9.793556923465817261e+10 -4.356750275145817566e+10 -6.626104313175493622e+10 -6.140514013271078491e+10 2.884587020967370752e+19 9.206732282891368448e+18 1.273130713407268045e+19 3.872078556500931200e+17 -1.221663652836103168e+18 4.932644903607674880e+18 -8.591344888735824640e+17 1.038954885967251661e+19 -2.278279875731087360e+17 -3.782193922297343200e+16 -7.273910872668747520e+17 -2.405464498887023680e+17 3.927838320038624256e+18 -4.603914888681885440e+17 -1.830578153205885120e+17 1.052505682859068211e+19 -1.949668396442413760e+17 -1.122854671524662720e+17 -7.067824271871332000e+16 1.417590047083151104e+18 -3.211958585776573440e+18 -5.437140662735816320e+17 -2.342205231335003520e+17 4.105132496484549632e+18 -4.354765808336874240e+17 -3.040139634534856960e+17 -2.429804247142929600e+16 9.524487526935185408e+18 -4.359745791886929920e+17 -1.784698625665979840e+17 -1.124516218319568480e+17 1.798275174988054720e+17 -8.621262230958734400e+16 1.511107845857901760e+17 1.823902458605370880e+17 -3.822877143631840640e+17 9.076555038805705600e+16 7.429958793083201600e+16 4.806701904908503040e+18 -2.717638461618286720e+17 -1.484214246574256320e+17 -3.625183382875984800e+16 -9.053538516013072000e+16 1.331848712013239706e+19 1.004053832302245280e+17 -1.433589301009923520e+17 9.793358209157828000e+15 -7.137560163508617600e+16 4.937331687220302400e+16 -9.309722272972040960e+17 2.181693521115489920e+17 7.183531671551249600e+16 -1.976349709600986240e+17 -1.570628698907290880e+17 -3.266874021362666240e+17 -2.254497668647049200e+16 -4.378658555509348800e+16 4.699064492539382400e+16 4.507679924580142592e+18 -1.041836108734315200e+17 3.418522593260726800e+16 5.232262188686388000e+16 1.081968091477983360e+17 3.000054105578347600e+16 9.235171026460958720e+18 -1.695284170025979200e+17 -4.858654835286448000e+16 3.940691423991956800e+16 2.327187007349490400e+16 7.930463415289635200e+16 5.612585003594965600e+16 -1.093745793133396640e+17 5.119669330607498400e+16 -2.038163310406989440e+17 -6.637592421000097600e+16 8.722804852579729000e+15 -4.383378682568940000e+16 -1.674391740540721800e+16 -1.391244298092698400e+17 1.229836092365675000e+16 1.142112636728746080e+17 4.331858632893998500e+15 1.307997115831457800e+16 3.939972692645486080e+18 -2.585533119702575360e+17 -1.657412746451520640e+17 5.527415892828630400e+16 1.199775498216152600e+16 2.183236742979312800e+16 7.215476407962539200e+16 8.788192565633367040e+18 -2.664377864169586240e+17 -1.242661409484896960e+17 8.652997337334043000e+15 -6.051747559860689600e+16 4.043393956706704800e+16 7.225948682535619200e+16 1.072096186364041800e+16
6.070284920939611816e+11 -1.422834992410964775e+10 1.635873478487075195e+12 1.724928386537562744e+12 5.556207271307745361e+11 -7.059895569110789490e+10 1.465877797672346802e+11 -5.775877793728332520e+10 1.252696676403232117e+11 -9.217670654452084351e+10 1.130413787938229828e+11 1.988293746864154663e+11 1.467280027171298218e+11 8.240353022575888062e+10 1.692075395254033470e+10 -3.930914683986009598e+09 -1.638842707885407925e+09 1.838652543349952316e+10 -1.006047402853438759e+10 1.509991341323065186e+10 1.315261130186700439e+10 5.536737553115826416e+10 5.951668393371300507e+10 3.938845524606763458e+10 9.731887913880565643e+09 3.521236813128444672e+09 2.394850326008756638e+10 -2.530584036132469940e+10 3.320059425419278336e+10 4.982511388207793427e+10 2.181824410035395145e+09 1.712816185731778336e+10 6.887075208699177742e+09 1.378061867702997589e+10 9.827655090943372726e+09 3.485968129168517303e+10 -5.460521724079106331e+09 7.799720970137733459e+09 1.738975829610752487e+10 1.614768386037128448e+10 1.849330921154343414e+10 3.868276539290658569e+10 3.737387717757939148e+10 9.094345065124238968e+09 1.776145798431055069e+10 1.380669730342365456e+10 5.318519087980548859e+09 -5.803976335008094311e+08 -5.323395285009948730e+09 2.040117382888984299e+10 7.052724533999042511e+09 1.763208880758672714e+10 2.208329320963245773e+10 1.472710251556096458e+10 1.131435360687553406e+10 2.983554663280274560e+17 7.726569540970487040e+17 1.500396866538104320e+17 7.226969753347950080e+17 -1.376765142842720960e+17 2.958864470745634560e+17 8.683478918463991040e+17 -4.857764648878910720e+17 2.373971673602588160e+17 -1.359773358271091840e+17 -1.056309495747508608e+18 8.117104767051193600e+17 -3.386504955171189760e+17 2.823193439821346880e+17 1.236673709471579200e+17 -4.409976139318117760e+17 3.182151136599022720e+17 -1.362337888427008320e+17 -1.376002945408656480e+17 -6.662332777242840320e+17 -6.823841191020838400e+17 1.626332078148095040e+17 -3.653395096609366400e+16 -2.641677559672316160e+17 2.545867030269277760e+17 2.377632649981192400e+16 9.892394474884720000e+16 -2.967331318466083200e+17 2.644664884235310400e+17 1.561430870118584320e+17 -3.284546038089046000e+16 7.649870509457348800e+16 7.746825182664183040e+17 -1.085365691046868640e+17 -1.992736297180634560e+17 2.690612214277144640e+17 1.660205567434424800e+16 5.284795497580421600e+16 9.849471648555504000e+16 4.608985070596395520e+17 4.621731541413465600e+16 4.005126193957205600e+16 8.098212286640999000e+15 1.004053832302245280e+17 1.857342035170330880e+18 4.373136799723768800e+16 2.717888477748979600e+16 4.694641568262653600e+16 9.431602991163321600e+16 1.441812338427004800e+17 8.265978831218758400e+17 5.952906983685550400e+16 4.245861232012578400e+16 -1.103767456333784960e+17 3.226888758561296000e+17 2.013171009958718800e+16 5.009763903485875200e+16 -1.236608847751171200e+16 6.956285967023649600e+16 4.392994185142077440e+17 2.853698567173119600e+16 6.911527747745045000e+15 2.082192297206328400e+16 1.908243675234247600e+16 -2.846853589918755840e+17 3.165722895879184640e+17 -1.128609019619384200e+16 4.834030790355045600e+16 -1.954958677462407600e+16 5.887935375528492000e+16 9.520281681899624000e+15 5.907770238955169600e+16 1.472648057894383680e+17 -7.474681107772539200e+16 1.136633440765877200e+16 1.676520186006219800e+16 2.275066639018077600e+16 -4.898745915109255200e+16 2.401792102193504640e+17 1.387995141044921200e+16 -9.956709304357228750e+14 1.463053906598723600e+16 2.283343258508098500e+15 -7.108239643654894400e+16 2.774207572668268480e+17 4.979514944274758000e+15 2.719273274130143600e+16 1.372163546526133000e+16 9.805475141514940000e+15 1.103370721926114600e+16 -2.765887337139022400e+17 2.695829979563852480e+17 2.036963170053340000e+16 -1.603251699399651250e+15 4.902601269792348000e+15 4.023762937920563200e+16 2.520008518996329600e+16 -1.818161493366118000e+16
-6.348981837540559387e+10 -3.329510393698204422e+10 8.643073273568463135e+10 -1.552472446283290405e+11 2.362435584668496094e+11 6.076252260799421387e+11 2.750113019485695190e+11 7.388926457957171631e+10 3.216708169977910995e+10 1.269976959624906540e+10 1.433857644498040771e+11 2.509297059735215149e+11 1.569075779257621155e+11 4.296728541145257568e+10 2.621979722937155962e+08 -1.045804797721597481e+10 -7.622681602664017677e+09 3.443666298308528423e+09 -6.382572007854640007e+09 -1.212144852864663315e+10 8.492265608255051374e+08 -3.214971389648619175e+09 -5.877519535092751312e+10 -2.151712993274588013e+10 -7.638865410260373116e+09 -2.816917357233797073e+10 -1.386879697672680378e+09 -2.165741277641608810e+10 -1.729855747142050171e+10 -2.911122751292775726e+10 1.198842353334985161e+10 -1.620715553791425323e+10 -1.273618946797878265e+10 1.304703609566594124e+10 1.833815969635020828e+10 -1.385489552333443832e+10 -1.199157984059186554e+10 -4.838105392398467064e+09 1.455137570374886322e+10 -1.777484368273199463e+10 4.960748926708250046e+09 -9.459734523443771362e+09 1.216323907158792114e+10 7.445781996577849388e+09 -6.639627499486570358e+09 -1.514248430963662338e+10 -1.561690174056330872e+10 -1.653341987655905962e+09 -4.843409176998169899e+09 3.901563340125215054e+09 1.331696974179141521e+09 -1.010573915962713718e+09 -5.560027553190546989e+09 6.195171632553902626e+09 3.752084713795650959e+09 -1.800646984991664128e+18 -4.590752275771187840e+17 -3.494921924824997760e+17 -1.058535343327321280e+17 -9.760665003982028000e+15 2.454890456586111680e+17 1.283857256782005280e+17 -1.881922232577789600e+16 1.841921330112274240e+17 4.606538562670110720e+17 8.662880797355964160e+17 1.093618491889545920e+17 1.990768452725218880e+17 9.250840260029707200e+16 1.927834759291096640e+17 -5.210284508760845600e+16 -1.268885211777803040e+17 1.055340352983387360e+17 1.897510840024676800e+17 3.191090067922142800e+16 3.850905393004234880e+17 2.480135534967197440e+17 2.025493505797601600e+17 -6.232545967026044000e+16 -1.903554868536103200e+16 1.236774791251143680e+17 4.161693551466701600e+16 -1.494451604701499520e+17 5.277857662117820800e+16 1.256145041297496640e+17 5.735749469635518000e+15 -5.516699733358198400e+16 1.561293390233542500e+15 8.846739283280710400e+16 1.881123703071471360e+17 6.155435015013228000e+16 1.027514603164315520e+17 3.271938452270282000e+15 5.747255634352060000e+16 5.263715604912568800e+16 2.058239589245981760e+17 6.035492673531620800e+16 2.409621105454940800e+16 -1.433589301009923520e+17 4.373136799723768800e+16 1.029338934516915584e+18 1.344997126423532320e+17 5.587717312926044000e+16 6.725606914759084800e+16 8.525444693143611200e+16 -4.929835522252440960e+17 6.600727777570070400e+16 -8.070111463728637000e+15 3.335847750930464640e+17 6.571691557773680000e+16 9.183640484478056000e+16 2.461282952497632400e+16 4.703165033585778000e+15 5.239791678099769600e+16 3.892328344179728800e+16 1.996591358382392960e+17 8.659747987629036800e+16 3.086394602997892400e+16 5.282300915952214400e+16 -4.177767706082694400e+16 -2.848734577890120625e+14 8.453838631111924800e+16 6.529524759855072000e+16 -1.217306024922478000e+15 2.824452860083654800e+16 -3.914518208968889600e+16 2.254893497358190720e+17 8.248039642008624000e+16 1.520403323001574080e+17 9.219654326172627200e+16 4.211713920645068500e+15 -1.371321678969756500e+15 -2.909224186531558800e+16 1.361475589361671600e+16 8.527609758100867200e+16 4.997703438130976000e+16 5.785730137021634000e+15 3.755899491136828800e+16 4.166219933671432000e+16 -3.098407101210646000e+16 6.067937844683885600e+16 1.513564740723220800e+16 1.901656585181192000e+16 4.889524994516602000e+15 2.001049530857126800e+16 -1.386001766912448480e+17 -2.313558967221469600e+16 8.741620451628612800e+16 1.541362947194446000e+15 -2.300109359954616000e+15 7.888340380972230000e+15 -6.485567644811020000e+15 -3.689319194435518125e+14
-5.478799671544450760e+09 3.400834205657889175e+10 -1.354608253522622681e+11 -1.489919277049506226e+11 8.993878030209812927e+10 1.950450367196277237e+10 3.178527961724233398e+11 2.277189217867910156e+11 7.453862919298242188e+10 1.620590161940230370e+10 1.216135501914371643e+11 2.388644504919459229e+11 1.201236414744585419e+11 1.614375286829881859e+10 2.240207715572801590e+10 -9.290510566223665237e+09 7.358964833137708664e+09 -1.726393268444295120e+10 1.602517821842092705e+10 1.918612728491799927e+10 2.052749129655955124e+10 -5.502071826990525246e+09 -3.181139488426647568e+10 -3.900983568018447876e+09 6.982517128444090843e+09 -3.471538025136833668e+09 -9.311923757319269180e+09 5.669695373680057526e+09 3.781422422429348946e+09 6.125338187459332466e+09 1.446975428389762497e+10 1.001050827866219282e+09 -1.749693134227657795e+09 -3.485542442587807655e+09 3.144449282003448963e+09 -5.862092429104984283e+09 5.439796014050624847e+09 -1.232263110693612671e+10 -1.539468044551928902e+10 7.688685742356086731e+09 5.255000543020559311e+09 -1.022075908766975594e+10 -1.061274952052089691e+09 3.483354049662492275e+08 -7.247951091910877228e+09 -1.111973381145068884e+09 -8.078336121428987503e+09 -4.081153177593028545e+09 -6.605330202261404037e+09 -6.946616607446913719e+09 -1.908156600156076908e+09 -5.449430283187061310e+09 -1.059440579703603554e+10 -2.312997131205983162e+09 -1.773282876264435291e+09 -3.816992762691735040e+17 1.007986552225205600e+17 -4.879953285968446080e+17 1.270723431016860800e+16 3.563804015879864960e+17 -5.117035076668366400e+16 -3.997470620128777600e+16 2.248874231979417600e+16 -1.151099565852248000e+16 -9.509636721316264000e+16 4.708610637891937280e+17 -2.229415449632027520e+17 1.519989721040811520e+17 -2.050184689275284400e+16 1.979032087162835600e+16 1.128640724091627200e+17 7.339406454738484800e+16 8.873022947466724800e+16 2.332097157101723200e+17 1.377680773088635648e+18 3.063573298054097920e+17 4.182325990086849600e+16 5.885762095211467200e+16 -4.499009366669612800e+16 3.042351704581171600e+16 3.633651135045319200e+16 8.323340011170892800e+16 2.327405609798604400e+16 2.539856333915106000e+16 3.812507543534480800e+16 4.982572686763620800e+16 2.087830393554678800e+16 5.339843557577482400e+16 5.436139748292225600e+16 9.747660167364715200e+16 6.442821478973335200e+16 1.081112382751179520e+17 9.050107081178233600e+16 -2.768137783610575600e+16 4.394253583437751200e+16 5.474438986893725600e+16 1.006194258678664480e+17 2.556203377949994400e+16 9.793358209157828000e+15 2.717888477748979600e+16 1.344997126423532320e+17 6.723523475504531200e+17 1.196401481800611520e+17 1.365777122087736800e+17 -1.952608424448564480e+17 -1.122002406082643680e+17 1.022005494309265440e+17 8.077548703231288000e+16 -5.228500451745259200e+16 1.376924463663328600e+16 7.196312632827045000e+15 2.836556958096014000e+16 -1.985280668937083750e+15 -2.749596012504487200e+16 2.200460592415809000e+15 3.348729067838100800e+16 1.233883349819555680e+17 3.545090959101639600e+16 9.111762228346363200e+16 -3.465802717065900500e+15 -1.697392930327446600e+16 -1.464478689428631600e+16 8.790343761477851200e+16 4.732402146085441000e+15 4.835709158623795200e+16 3.158027071388299000e+15 -9.060836569757697600e+16 6.255865780484946400e+16 3.693705979528577280e+17 -7.790824163270373000e+15 3.939050224224860000e+16 3.332501721043286000e+16 3.974445337287633920e+17 3.145144650812113500e+15 4.079453718698760800e+16 7.471017681896528000e+16 2.739951401675030800e+16 5.008967731184423200e+16 -5.285587873922241600e+16 -7.111244634249548800e+16 1.608224276488740200e+16 4.711818666077546400e+16 2.194786112748386800e+16 2.080997417972050000e+16 3.163158885837396400e+16 -1.088756491454461120e+17 -4.158646385965211200e+16 -1.184968307573042200e+16 4.108756108534750400e+16 -1.958021911890926500e+15 2.000866606313869600e+16 1.398250327558923400e+16 3.450149501850068800e+16
-1.194409204400609131e+12 1.459729398936875305e+11 8.235428004010197449e+10 -2.013497282023135986e+11 6.982226861453484297e+08 1.003167277452882080e+11 1.486728741080816345e+11 6.984267014981954575e+09 8.646819146235281372e+10 1.979427742056618042e+11 2.460581269733768921e+11 2.014532946431266174e+11 1.090235445687913513e+11 1.864068065081279373e+10 5.319049799460519409e+10 1.250369325875403023e+10 2.393295188097337341e+10 -2.378828151154127598e+09 7.950612783978566170e+09 -1.421843967308724642e+09 -1.160177693784997368e+10 -1.896517492196108246e+10 -1.603938912258805275e+10 9.219905865481939316e+09 4.719414567682373047e+09 1.021074188111976433e+10 -9.023987241931146622e+09 2.422795416664682388e+10 1.528478022584805012e+09 5.638706305746665001e+08 4.177115360912779808e+09 2.109453264741258860e+09 -2.223731834930034637e+09 -1.467604002283757210e+10 -1.439544766403010845e+09 -1.265916945824903107e+10 -4.026202188516863346e+09 -3.658712842375565052e+09 6.133185299591979980e+09 -6.277206315911321640e+08 1.200352142255889654e+09 -8.700082215214496613e+09 -4.509151292689620972e+09 4.637471813202618599e+09 -4.221419236625838757e+09 -5.317536462739020348e+09 -5.833016167343729019e+09 9.371110270825914145e+08 -1.611074613327462959e+10 -9.114091121858067513e+08 -9.025374713913606644e+09 -6.202743186768559456e+09 -3.441928113478959560e+09 -9.537839050844934464e+09 -8.787830843972537994e+09 -7.603640875808601600e+17 -1.584910531715998720e+17 -2.645324661694182080e+17 -3.498079988632138000e+16 4.964594538760517760e+17 -1.561988571560505280e+17 -1.180587517662939200e+17 2.675295479627596000e+16 -3.550882704292840000e+16 1.647977884692381440e+17 -8.450018292805024000e+17 9.019629781696355200e+16 4.579351490589671200e+16 -1.517561752612220600e+16 8.169641981822424000e+16 -7.388807501775822400e+16 -2.011938895445775200e+16 4.235722098648942400e+16 1.234809802921351200e+17 -5.509700256268682880e+17 2.485475659576197760e+17 3.417050743633314400e+16 5.626408042098403200e+16 -1.397907003975649600e+17 8.591038003559624000e+15 8.619772439915521000e+15 7.566871008069112000e+16 -8.246271868732609600e+16 2.955861350717127000e+15 3.369239299521246800e+16 3.120309915196666000e+16 1.143016709638289280e+17 1.287925815432748200e+16 5.325228491821564800e+16 -5.658536693650478720e+17 4.308289058371983200e+16 5.833783663064110400e+16 1.790818918431602800e+16 -2.530276655064221000e+15 5.591564263102701600e+16 7.457699003484073600e+16 6.367977385671080800e+16 1.810885306702950400e+17 -7.137560163508617600e+16 4.694641568262653600e+16 5.587717312926044000e+16 1.196401481800611520e+17 5.602409155935767040e+17 2.303910459952278080e+17 -2.010898066479259840e+17 1.672064617030324200e+16 3.505179932828317600e+16 1.899157293684572000e+15 3.905214025679168640e+17 7.518984415241248000e+16 5.662482365405820000e+16 2.664705337248123200e+16 5.580623416281840000e+16 -7.442585830825352000e+16 1.840611882333657200e+16 3.294807065133351200e+16 3.998360676724384800e+16 9.095653297634750400e+16 7.436977721922248000e+16 -1.104609579331409920e+17 -1.060698363782960200e+16 3.184393133958660000e+16 2.159246062096010400e+16 3.568796377384676000e+16 3.453727695771783600e+16 2.696106707163372400e+16 -1.171064703864102720e+17 1.076803336281652600e+16 1.419676384170677760e+17 3.210338585438066400e+16 4.627684042894296000e+16 6.002774503946772800e+16 2.333124137678642880e+17 4.867109875053931200e+16 4.996644173501989600e+16 4.692235395654716000e+16 6.727087024342422400e+16 6.764879947287269600e+16 -4.368692532454929600e+16 -3.507689524036173600e+16 3.796674676763226400e+16 1.771454856830337000e+16 3.269219880268451200e+16 3.046389929458589200e+16 2.767340657921322400e+16 -1.281159540323788000e+17 -2.785211193749261600e+16 8.727415935495462500e+14 2.185269703610261200e+16 1.495375113242828400e+16 2.365989380705631600e+16 2.605597694632381000e+15 2.724866783889422400e+16
-1.470313876237107910e+12 6.708499655828919983e+10 9.834324552143232727e+10 -1.557827108352294006e+11 -1.056246047309662476e+11 1.400070175154327393e+11 2.002211809870702515e+11 1.203689572755163879e+11 5.258243293277291107e+10 4.527016878962646484e+10 2.707520929228042297e+11 3.251273281347860107e+11 1.153972587504603729e+11 -1.305906432156648064e+10 9.058441539522174835e+09 -1.033490745261623383e+10 -3.443009785859432983e+10 3.916244019897306061e+10 4.403378455026921844e+10 3.996673291269837189e+10 6.449958719815665245e+09 -5.125489113720329285e+09 5.687156126315167427e+09 1.183968344472032547e+10 -1.944476300164161682e+10 1.983770701029866028e+10 1.492279880741191483e+10 -1.324137477013108063e+10 7.746505034946607590e+09 -1.888452679076557922e+10 3.711643273462121964e+09 -1.771171663693219376e+10 -2.790084522800354958e+09 -9.418971631012742996e+09 7.902320840464721918e+08 6.077426072301898956e+09 4.303855702157444000e+09 4.544416350645401001e+09 -2.134576772714021683e+10 -8.939179756045549393e+09 -6.389868333161611557e+09 -1.453426218145830154e+10 4.226493834241667271e+09 1.072401310036512613e+09 7.169746086194780350e+09 7.538647703014004707e+09 -5.300597340816445351e+09 1.061851758656189728e+10 -2.130908648292424393e+10 -9.023682557591096878e+09 -1.417672974455643845e+10 -5.170127634829175949e+09 -3.168435123751290441e+08 -7.210534331688259125e+09 -1.978815735836867094e+09 2.699127977157687680e+17 3.768660219835159680e+17 -3.119457903080555520e+17 -1.009297175886412000e+17 -5.251438392528589440e+17 -5.963749672133475840e+17 -2.593235617518175600e+16 2.043981576280365440e+17 -1.371005394762812960e+17 -2.506677497789512800e+16 3.413961269673104640e+17 1.181319027206734880e+17 6.010103787255634400e+16 1.080486792458405600e+16 9.245697474024316800e+16 1.351174358143961120e+17 7.375591829523176000e+16 9.643284485850232000e+16 1.797667402125040640e+17 1.294327145435628800e+16 4.243572495842426240e+17 1.131595287705479000e+16 2.291346964895212800e+16 -2.045101732154768960e+17 -5.229551122166624800e+16 -1.779519617615991800e+16 1.244886303002876000e+17 -2.598553946205542400e+16 8.884734668867643200e+16 -1.392833392665288800e+16 3.530833904483519600e+16 -5.241080035695045600e+16 2.697459394727356400e+16 1.686834868599792320e+17 -1.692287203281996800e+17 -1.170693782396034200e+16 4.400996930054907200e+16 1.297728366847743520e+17 4.525212463996981600e+16 5.211425428591432800e+16 6.425630699659344000e+16 5.687299755532948000e+15 5.165815283865832800e+16 4.937331687220302400e+16 9.431602991163321600e+16 6.725606914759084800e+16 1.365777122087736800e+17 2.303910459952278080e+17 1.327870696242334720e+18 7.723169547716412800e+16 -1.285062116646325440e+17 1.337942159021612500e+15 7.417627011863808000e+16 9.283532354207633600e+16 7.143688622943606400e+16 2.456775813711952400e+16 2.421784540325366400e+16 5.386256076218930000e+15 -6.611310622397388000e+16 -3.396615710005381200e+16 5.895682373196766400e+16 1.716736718795057800e+16 6.413588851636697600e+16 1.812516904930172480e+17 -1.010743713013344600e+16 -1.470549778514492800e+16 -2.636281598074753200e+16 1.303603485247557800e+16 3.306029574638256000e+16 9.099904294843164800e+16 -8.466180858284284000e+15 -7.196844233786725600e+16 -4.251952334130240500e+15 4.190156737418474400e+16 5.347320915663281600e+16 2.917237140460998800e+16 4.957894658846932000e+16 2.437897204007559600e+16 -9.981674048542340000e+15 4.448180977466467200e+16 4.180360918559473600e+16 4.989104036129297600e+16 6.918595539128091200e+16 -5.926823819247809600e+16 -4.717145700355418400e+16 2.165921611823828400e+16 1.138143972604047600e+16 1.946661311095631750e+15 4.656735809477788000e+16 -1.984189886358490400e+16 -7.773880249054964800e+16 -2.251782753807160400e+16 -2.029512033464262800e+16 -2.625767105358164500e+15 -5.506448306197542000e+15 2.894529937540529200e+16 -7.366331395285817000e+15 -1.428189836604659400e+16
1.245868265677441406e+13 1.373571064099588867e+12 -2.745749697158206055e+12 2.675157464242902832e+12 2.840114925368554199e+12 1.636508375209284912e+12 2.848752573645495605e+12 -4.339129010856290283e+11 -5.913403512632331543e+11 7.179588336997560120e+10 -4.359037229028986206e+11 -3.415315620591259766e+11 1.261308921603177979e+12 3.303271064453843384e+11 -1.852006864620426559e+10 2.182686803153810425e+11 1.669942878355346680e+11 1.098612456832226753e+09 2.297437393133710098e+10 1.784015910744659424e+11 -3.054138072040466919e+11 1.467343912763620605e+11 -1.394893903507912598e+11 -3.088458516164015770e+09 -1.378462996793257904e+10 5.457532817851457977e+10 1.547645014828080444e+11 1.766841950543405151e+11 2.662368781627835999e+11 -7.154515087273611450e+10 -3.083011623129172974e+11 -7.743997799390296936e+10 1.167907014914413605e+11 2.243024752294961166e+10 2.475821197243797684e+10 9.841914983301852417e+10 1.172850891436255341e+11 -1.386481234636581421e+11 2.660495679859074020e+10 -6.096172968469028473e+10 -3.983777941688858795e+10 -1.662689283225562439e+11 2.407148817240242386e+10 -9.079739373901289368e+10 -1.534570195172746887e+11 -1.332975272885075569e+10 -4.652911711823015594e+10 -1.380148395508371582e+11 -2.423314548501181793e+10 -2.710764319201865005e+10 2.591476778587656784e+10 -1.386829848622639160e+11 7.969010850079263306e+10 -6.238262479117800140e+10 4.466943023488835144e+10 -3.296310704798039040e+18 7.387848630491324416e+18 -4.056163609041118720e+18 -3.370421072708969984e+18 3.021829302034034688e+18 1.070567984694495232e+18 1.432971358857327360e+18 6.922668433687025920e+17 2.685757798330932800e+17 2.680357921431065088e+18 -4.090999598939364352e+18 5.345521111910711680e+17 4.917234732313324000e+15 2.642965492803000640e+17 1.344706804328989952e+18 -1.251043666533429504e+18 3.819538191801015040e+17 4.737697676808448640e+17 2.980277586092351600e+16 -3.952529283024075264e+18 -1.794468754149949696e+18 6.968008305997611520e+17 4.581501260446468480e+17 -3.761116690585324000e+16 5.780038605454856960e+17 9.034072034773260800e+16 -7.795332583573448000e+16 1.079576437820473984e+18 5.957208836543120640e+17 -1.441688739106304640e+17 -1.649590192744040320e+17 -6.604872477722554880e+17 -5.839668659488222208e+18 4.072330283895470080e+18 -7.181677580708037632e+18 3.323344026425106560e+17 9.859524539460252800e+16 3.607301154710677760e+17 -3.936323397418417280e+17 5.841082492185044480e+17 4.005608262561257600e+17 -1.645536042839335680e+17 -5.783600447757099200e+16 -9.309722272972040960e+17 1.441812338427004800e+17 8.525444693143611200e+16 -1.952608424448564480e+17 -2.010898066479259840e+17 7.723169547716412800e+16 1.100383741752797102e+20 4.863482788489843712e+18 2.618247259092822016e+18 -7.218183390251816000e+16 7.288705143707517440e+17 5.835819685478472800e+16 3.180130089860602240e+17 -2.168586031294835840e+17 -8.774490158815432000e+16 8.103334137746899200e+17 3.596872264278599600e+16 4.374854766710234880e+17 -7.784153460378881000e+15 -6.718832295594792800e+16 -5.775384117417318000e+15 2.373074262180845120e+17 2.759028689423595200e+17 1.462670126748976960e+17 2.232877554034190400e+17 4.170467936568605440e+17 2.468845179928888640e+17 2.944985926311033600e+17 -1.370498614901989376e+18 -9.543611898634329600e+16 -2.297131235921913088e+18 3.659689563961285120e+17 -3.398676024613122800e+16 -4.038287259811189120e+17 1.084617872921029120e+18 -1.418085901762532320e+17 1.240745192446934560e+17 1.798305090162483800e+16 -1.006221370603239520e+17 -1.837744229321234560e+17 1.773458516827257600e+17 -8.605757927991126400e+16 4.494660260161542400e+17 -1.611216435083900200e+16 -6.374717490064275200e+16 -6.661342256457602400e+16 1.724640806909802880e+17 -5.951260357201678080e+17 2.597236246601116800e+17 6.083510697025925120e+17 1.862166175157941120e+17 1.290653368410240160e+17 3.618115568173407200e+16 -6.751437655045310400e+16 -2.782828464409298240e+17
3.156371680298729492e+12 1.357350889233010986e+12 2.620213404755732422e+12 1.498703896459613037e+12 2.072528528313696045e+12 -5.662503658765550537e+11 4.958051604376586304e+11 -2.714729024768131714e+11 1.051372291218621094e+12 7.130447351708543396e+10 -4.291771440607447510e+11 -6.950324403989456177e+10 5.033900011422570801e+11 3.044239925630082397e+11 1.049140930565571289e+11 -3.758647661608654785e+10 -2.250203042408335266e+11 6.612849438783069611e+10 5.533551153591139221e+10 2.955198705755070190e+11 -1.354831807493740997e+11 1.196527238837952271e+11 9.561555722714521790e+10 2.869160560370689697e+11 1.651715008367604370e+11 3.763851386897688293e+10 -5.913918715263141632e+09 -3.522340374826153564e+10 -7.205363806003228760e+10 2.003503806757184753e+11 5.681961587368407440e+10 1.541886624846250000e+11 1.226798123254118805e+11 1.738273363250263977e+11 9.249926498973782349e+10 1.168835196642570953e+11 -3.109890389575320053e+10 1.132813707385873566e+11 1.132666020073046417e+11 8.608345014767070007e+10 4.773219619997076416e+10 5.886857089600634575e+09 -3.947044543932062626e+09 1.044756188079889679e+11 -4.282985926629962921e+10 3.044561265640866852e+10 4.098290125582832336e+10 3.813152120464185333e+10 8.138598608413989544e+08 6.779068328362393951e+10 7.022855743020982361e+10 1.696782360342746353e+10 2.733360116955044937e+10 -3.749708975223143768e+10 3.189236252454179764e+10 5.306010918807400448e+18 1.089322675315610368e+18 -1.841233512862978048e+18 3.866602842992317440e+18 -1.837927678748289280e+18 1.919686955946370304e+18 1.892808016907911168e+18 -3.710084865261404160e+17 -4.541357010129860800e+16 1.274456690198318080e+17 3.820903348699826176e+18 6.767199598992055040e+17 -3.308295733201701120e+17 2.887067631809039360e+17 6.022521569874772480e+17 -9.466414355037798400e+17 4.391399360459075840e+17 4.631635177996322560e+17 -6.956919023541561600e+17 -7.652053602489863680e+17 -2.132619023216939776e+18 4.357788069194604160e+17 -2.807448971358762560e+17 5.525252312283946880e+17 1.817658097915285760e+17 -8.966147748464257600e+16 5.584138005560224000e+17 -7.833632985230044160e+17 4.708201950729236480e+17 1.610461387619921920e+17 6.700761189132992000e+16 -1.468083654292207360e+17 1.468477067154746624e+18 1.600487370992917120e+17 -2.534576632603087360e+17 9.282933818175091200e+17 -1.224247979871215680e+17 9.900856404682608000e+16 1.806011427142466880e+17 9.408757213857326400e+16 1.751631211803526400e+17 -6.250785293302920000e+16 2.645630189386419840e+17 2.181693521115489920e+17 8.265978831218758400e+17 -4.929835522252440960e+17 -1.122002406082643680e+17 1.672064617030324200e+16 -1.285062116646325440e+17 4.863482788489843712e+18 5.606782661368687002e+19 1.344198075471632896e+18 3.656887463276701600e+16 3.550076555795694592e+18 1.096301033326394240e+18 2.497593338593816320e+17 5.034784829059160000e+16 3.986348482025541600e+16 3.241016675371461120e+17 7.034369311531388160e+17 -1.489509797516188480e+17 5.763907504343291200e+16 -3.591389318969333600e+16 1.264611971512917280e+17 2.288538947941268800e+17 3.632689703160080000e+17 7.383424621340265600e+16 2.902652949639792640e+17 4.568241711207408800e+16 1.489029698992287360e+17 1.523988613361232320e+17 1.829178637754774272e+18 2.023052960127343040e+17 3.344615663809982720e+17 2.950019516572001280e+17 3.113920493385099600e+16 -1.098038101299387040e+17 9.699602732365871360e+17 6.439480032710193920e+17 1.713836347148483520e+17 1.833359099424464400e+16 -7.632213026432875200e+16 1.282774717817352640e+17 4.578443541125219200e+17 6.105720708631105280e+17 5.516230277462133600e+16 -1.677232900511761200e+16 2.895626705284808400e+16 1.162296022251123040e+17 1.672156038790272320e+17 3.542079839072539520e+17 7.411925399947569920e+17 2.155313823047299840e+17 6.250564833545061600e+16 6.562275873719367200e+16 -3.817857907740945600e+16 1.310086264742246080e+17 1.203020381000242400e+17
1.508905600366053223e+12 1.282832651237243042e+11 1.109595855839526367e+11 -1.087999787868739929e+11 1.583037238010054932e+11 4.570171365883865356e+11 5.557660579899295654e+11 4.477361656322183838e+11 2.804927170407715454e+11 1.341253955331264648e+11 2.092060324822443771e+10 1.671084177698645973e+10 1.909936463926409607e+11 1.707733551472503357e+11 7.971549629373870850e+10 5.103974560878081512e+10 1.368042285839237571e+08 6.958659736082263947e+09 5.028451090468911743e+10 1.329162663013401222e+10 2.474361816424840546e+10 1.537287064366439056e+10 -1.666160129361396217e+10 8.332411611941659927e+09 8.316120119068568230e+09 -8.633427781246351242e+09 3.398599616574660110e+10 3.015926623006298828e+10 1.362400074144431877e+10 2.851423966498240662e+10 3.199344967670018387e+10 4.013751564193122864e+10 2.609540915072596359e+10 2.074215393577049255e+10 3.980640509023923397e+09 6.011521091622786522e+09 2.514309628599219513e+10 -5.018864914429977417e+09 1.169164235200774574e+10 3.440405955705850220e+10 6.362058186376122475e+09 -5.443708229524925232e+09 2.056287711060089111e+10 2.247296655884115601e+10 1.972340851058933258e+10 7.514231931633256912e+09 9.915349067317562103e+09 1.933393509387542343e+10 6.922796511457408905e+09 2.211005435984770966e+10 2.487086341705449295e+10 2.406996289536190033e+10 1.986086743168072510e+10 1.062259885606553268e+10 1.190801040279968262e+10 -1.835492067886455552e+18 -6.821261415724942080e+17 -2.476906468291837440e+17 -1.316742673597036000e+17 5.060437551605279360e+17 -1.056862190393684000e+17 2.540232777688881280e+17 1.049407954455846720e+17 1.416905961306268640e+17 3.186908659237535360e+17 -5.221090800414208000e+17 -3.363413360090389760e+17 7.095802669992120000e+16 1.258931173698252960e+17 2.451617613021711360e+17 4.583165171308845600e+16 -4.090635487822719200e+16 1.600999844762368000e+17 1.786634912444426880e+17 -2.467425135223648640e+17 -3.801224564437594240e+17 4.459910412058589600e+16 2.559173603178077440e+17 -2.312990467061672000e+15 7.713981709776235200e+16 1.693892007952218560e+17 1.353551235249251040e+17 -3.739110316584228000e+16 -3.669618475512220800e+16 1.301776821368692640e+17 9.360893618386627200e+16 -4.888235230068308000e+16 -4.820167992405642880e+17 4.109406543942637440e+17 -4.879316752517371200e+16 1.136168047191135360e+17 2.603487413809808640e+17 8.611610543457243200e+16 -1.430655499141828640e+17 -3.377219713042083200e+16 1.100291580246720480e+17 4.123985898916291200e+16 1.174781887684429200e+16 7.183531671551249600e+16 5.952906983685550400e+16 6.600727777570070400e+16 1.022005494309265440e+17 3.505179932828317600e+16 1.337942159021612500e+15 2.618247259092822016e+18 1.344198075471632896e+18 1.869776863055723520e+18 3.371123802337230720e+17 -1.120570413846024000e+17 1.347955061635802240e+17 2.634223358848150720e+17 9.217644757751019200e+16 5.833261903335384000e+16 3.084702879343864800e+16 5.619546145446372000e+16 1.211963118079390400e+17 7.100908477892928000e+16 2.320380445838282400e+16 2.613333834647685600e+16 1.765598309346820160e+17 1.100383192204302200e+16 5.135454881638960800e+16 9.083519045784401600e+16 5.849226759339532800e+16 4.163462306087056000e+16 6.077380977495541600e+16 6.577658167407247360e+17 1.994979667640440960e+17 2.390998886390961280e+17 1.469464831660352640e+17 6.648466269829856800e+16 6.523195405400653600e+16 9.037416838695950400e+16 5.767575968426910400e+16 9.461693423835993600e+16 8.315541205564464000e+16 2.112890045941964800e+16 2.557080470713251600e+16 7.377938073949953600e+16 -2.117426354571504800e+16 6.992305882534014400e+16 8.386492483302190400e+16 4.319690545523268000e+16 2.001744380520534800e+16 6.535165040274707200e+16 5.156747928628852800e+16 5.093676319249374000e+15 9.278099507218355200e+16 4.660437109260744000e+16 8.461860047180978000e+15 -2.133325505327251600e+16 1.145424042279263000e+15 6.144672990916664800e+16
-7.680301331079737854e+10 1.239098380258280945e+11 7.838247368152015686e+10 3.595473329522169800e+11 -3.667569386307801819e+10 1.730355623010242004e+11 5.527657403582590332e+11 6.572024678627468262e+11 2.317833549617446594e+11 2.600928100251485825e+09 1.798254910213489151e+10 1.207900611901137352e+09 1.811943353089673233e+10 7.096024040049095154e+10 6.059965491283811951e+10 1.609258687727624130e+10 -3.432330496704578018e+10 -2.904852389472856903e+10 2.692066065289949417e+10 1.592217443307722664e+10 -4.839017909470134377e+08 2.011092580921708298e+10 9.926589426016231537e+09 -9.439247704583993912e+09 6.620528521095423698e+09 2.026478106704608536e+10 2.364536646314613724e+10 3.271279011693040729e+08 -2.171537790296783066e+10 -3.980959547651864529e+09 1.160335608886990929e+10 1.957673105977878952e+10 2.540922473767477989e+09 -2.700577424388628006e+09 2.070194829644471407e+09 3.459986611600483418e+09 7.657866948260376930e+09 1.076299349885416985e+10 1.890221815652247238e+10 2.135580888730125046e+10 1.890772339441751242e+09 -6.108226410150487900e+09 2.203482512140142918e+09 -3.320584782108782768e+09 1.292544728155557823e+10 -4.564175892403712273e+08 2.946755775852696419e+09 -2.203055987511676407e+10 -2.074376277518732452e+10 2.275973154964386463e+09 -1.008088386249332619e+10 -1.801189638620159149e+09 2.582160723708241463e+09 -3.704915312260032654e+09 -3.879130637338002324e+08 3.142511280245862400e+17 4.116341377573327360e+17 1.431147562771606880e+17 5.617748678992858880e+17 -1.243866482107862000e+16 1.938810394275449920e+17 1.229060140323641800e+16 9.395795176133582400e+16 1.443118022764930560e+17 -1.253542571957183040e+17 1.196259614816053920e+17 8.343882824125832000e+16 -7.417864797920240000e+16 1.579232486591850240e+17 5.886622063043488800e+16 3.428798113566625500e+15 1.259729554858703680e+17 1.816854364826148480e+17 4.166018540551379840e+17 1.153313761019638016e+18 -9.791006100291052800e+16 1.462532349902759040e+17 8.541396955304361600e+16 -1.093289139273717120e+17 5.474055456908236800e+16 1.194426750511042400e+17 1.671025044127239680e+17 -5.575371771541344800e+16 1.833847405983824400e+16 7.118906605708441600e+16 1.300827379104058080e+17 3.374052760883556400e+16 5.334531928565134080e+17 1.921795038796295040e+17 -1.232585297622572480e+17 1.255214667402459840e+17 1.293727378947013280e+17 2.214535833852832320e+17 -1.342636437389551040e+17 2.024681987694456000e+16 6.390044825414371200e+16 7.170607736990855200e+16 -1.850026016193352500e+15 -1.976349709600986240e+17 4.245861232012578400e+16 -8.070111463728637000e+15 8.077548703231288000e+16 1.899157293684572000e+15 7.417627011863808000e+16 -7.218183390251816000e+16 3.656887463276701600e+16 3.371123802337230720e+17 1.137607432788127872e+18 -5.577712139884282240e+17 3.227780654515092800e+16 2.114480685568716400e+16 1.797426212233857920e+17 4.793309901768856800e+16 -7.197123021594724000e+16 4.456670464921944800e+16 7.433984237611208000e+16 5.980217464280788000e+16 1.283536807576706600e+16 2.745207531391948800e+16 4.608869249255217000e+15 -6.308270430206741000e+15 2.559308431191078000e+15 9.678486234091793600e+16 -1.744296687459801400e+16 -6.829727373314925000e+15 1.605863385929929800e+16 -2.345161692830136000e+17 2.876998116498012160e+17 1.012135292379121280e+17 8.656297492906243200e+16 1.121042715214061280e+17 2.554581194478431600e+16 -1.578276169515180480e+17 -3.963450433075964500e+15 4.650020615024000000e+16 7.130673835048691200e+16 -1.607643240653722000e+16 2.417545883736280000e+16 -3.098686137954439500e+15 -1.295789011907501600e+16 2.751444158382537200e+16 6.977715068756614400e+16 2.391600381834091200e+16 1.409464494777659000e+16 2.184303307472546800e+16 -6.627392506337195200e+16 3.389170085770370000e+16 3.089246147181055600e+16 9.219082659168364800e+16 2.266629977424456400e+16 1.060184331819140200e+16 5.317701812176781000e+15 2.146576889591724800e+16
1.472608492996565234e+13 5.450948081539765625e+12 7.129294323982472656e+12 -1.322920234106365967e+12 9.351125241906419373e+10 1.441446411571457214e+11 4.175166270879859619e+11 -7.671797343665192871e+11 3.506590241039153442e+11 1.826833256130068665e+11 -2.626565830617262573e+11 3.489104549156929321e+11 4.924302831035480347e+11 4.423252181958492432e+11 -2.509326606581968994e+11 -7.167064246365180664e+11 -2.847164519501234741e+11 7.065559139496446228e+10 7.906668732009164429e+10 2.927517631432286377e+11 -1.591345951900872498e+11 -1.763485056858923950e+11 -5.382201639171186447e+09 1.049587620627255096e+11 -2.280228013849285889e+11 -4.612537235902003479e+10 -1.272827696359753113e+11 2.104978949191536713e+10 -1.796977063644610901e+11 -1.123678121072879639e+11 -2.469135711728758850e+11 -1.142438726282911072e+11 1.160888275330290833e+11 -3.662185440142960358e+10 -1.085673229293303986e+11 -2.380950186937078857e+11 -1.073763265640194397e+11 5.790194805409786224e+10 -7.730074451756359863e+10 -1.147215763298858337e+11 -1.349747064907123108e+11 -8.319567516015187073e+10 -9.981904974332995605e+10 -1.350117825818635254e+11 1.010108639059356213e+09 4.009779045584327698e+10 5.536621704803754425e+10 -2.043713553167757416e+10 -5.970373903641319275e+10 4.358628044519628525e+09 -1.213684775585696602e+10 -1.417505856506188965e+11 7.756861394610360146e+09 5.781858683605058289e+10 3.572679629440690613e+10 5.275111554907403264e+18 1.703730433021882880e+18 1.573522919786931456e+18 -1.423759008259227136e+18 -7.231226246506701824e+18 1.067623235514638592e+18 2.053903536883467776e+18 1.068870067859502080e+18 1.709402793770079232e+18 1.991382929171418240e+17 9.053434242440431616e+18 2.765533018762519552e+18 2.359644199417821696e+18 4.143556315356587520e+17 5.797248438261749760e+17 -1.098411491820098816e+18 -5.108022877600162560e+17 4.172406440721848000e+16 -3.882926709343715840e+17 -1.140913134479330688e+18 2.711010017939170304e+18 7.568869828026333440e+17 1.986248558665248320e+17 1.637884482204691456e+18 1.497270663745921920e+17 1.988256098332015680e+17 2.948817132094074240e+17 2.295282803064099200e+17 4.166555827963056640e+17 -1.317142702670152160e+17 1.140410630688637600e+17 -1.387214724947708640e+17 4.196569071877087232e+18 -1.994095115955127040e+17 4.736936951440674816e+18 -1.603173692702553920e+17 -1.959716747778050560e+17 -2.951621969514940160e+17 4.272709107354749440e+18 1.933391344632527680e+17 4.046903543867504000e+16 -7.425377824669832000e+16 8.976293178270510400e+16 -1.570628698907290880e+17 -1.103767456333784960e+17 3.335847750930464640e+17 -5.228500451745259200e+16 3.905214025679168640e+17 9.283532354207633600e+16 7.288705143707517440e+17 3.550076555795694592e+18 -1.120570413846024000e+17 -5.577712139884282240e+17 7.462075602555620557e+19 6.243083435150800640e+17 1.184861832089412480e+17 2.092855328049010240e+17 -1.557696340876845120e+17 3.229142885193105408e+18 4.361810862830094720e+17 1.330421075662974560e+17 -2.896738720728029600e+16 1.187754470661375040e+17 1.314837250475036640e+17 2.754630612911670000e+16 5.354605468881359000e+15 1.087480736175011040e+17 2.745714382432161280e+17 9.991816773824060800e+16 1.093787021756366560e+17 4.276199857092935040e+17 -8.268541886354544640e+17 2.599137309329552320e+17 -2.529984261735716864e+18 2.067081877396749440e+17 -3.693050972150657280e+17 -2.439226748307387200e+17 4.743447390385909760e+18 -1.648815151408328640e+17 4.212994874199855200e+16 5.298418281347511200e+16 -1.265724179468787680e+17 1.003824516939369120e+17 2.506012350201831424e+18 -9.547504538141348800e+16 8.274208940073643200e+16 6.924216556073588800e+16 8.368744668033161600e+16 6.140638490190970400e+16 1.218998679375136480e+17 1.527588939537803200e+17 1.307571108108461280e+17 3.126136970881551360e+17 -4.162554260984717600e+16 -2.741976025441382800e+16 -5.629092034258548000e+15 -1.565000568576355200e+17 -7.851566641494582400e+16
-1.020224508424346313e+12 -3.983691830817785034e+11 9.421414049831143799e+11 1.773021153122531006e+12 1.190525727065200684e+12 1.602963812771538391e+11 1.317053071050393524e+11 -1.356958762773826027e+10 1.878577193294029236e+10 2.017585219711101379e+11 2.080304112387896423e+11 5.692469384367445374e+10 1.806536531519436264e+10 1.191770965251348114e+11 7.578297934359184265e+10 3.036186290194654846e+10 2.788236939547251511e+10 1.136406519375471878e+10 7.908777685343923569e+09 4.092759315705223846e+10 4.871596334035648346e+10 6.911882808587744141e+10 9.364945122934280396e+10 4.747228796263706207e+10 1.938311157356684875e+10 3.367726342944437790e+10 4.583039553556978607e+10 2.395700250806481552e+10 2.438140848444270706e+10 3.631106023678114319e+10 4.813525320298831177e+10 9.872123037172393799e+09 4.429935090369416046e+10 2.190761905805157471e+10 3.301283696119178391e+10 3.649959827100496674e+10 2.347855560968608475e+10 5.201768625269297791e+10 3.117220097196140671e+10 3.679914782836955261e+10 4.943133727358931303e+08 4.353365565787934113e+10 6.191140786552438354e+10 3.691966841901642609e+10 1.751208262654549026e+10 1.233518573214044952e+10 4.553021875409862518e+10 2.402195982643461227e+10 3.094529478945367813e+10 3.993320245011952209e+10 4.044947351764318085e+10 5.275761144764914703e+10 3.309634273614032745e+10 2.838194081454068756e+10 4.356555568595940399e+10 -2.647213227740737536e+18 6.748787632785118720e+17 4.181242941518593600e+16 5.773475433454589440e+17 -1.468679656099784320e+17 -1.330015883095049280e+17 6.641188509217611520e+17 -3.177063981386174080e+17 1.877432684345590720e+17 5.848343970083735200e+16 7.389049475014481920e+17 7.180684249191407360e+17 -1.604548345753577600e+17 2.448063834469640320e+17 1.954391153455364480e+17 -4.796581962607744640e+17 1.949223858984752960e+17 6.733151711629134000e+15 1.218740980320840320e+17 -8.850773035810582400e+16 8.092826015173269760e+17 2.298987396919819200e+17 1.702971659265178240e+17 -1.218576457430291360e+17 2.836702405158499520e+17 7.617008295489120000e+16 -3.735639681987891200e+16 -2.101562140660457600e+17 2.232047636980134720e+17 1.358550631496463840e+17 -2.671406686241997600e+16 -1.422462627142878000e+16 -8.205174088604612800e+16 -9.787519149651536000e+16 -4.134159643705512960e+17 3.192934430335984000e+17 1.029117167998563680e+17 -2.008442035022419600e+16 6.790762392667384800e+16 4.024877528949626240e+17 1.088227855408263040e+17 1.546517379849302000e+16 4.023906268429552000e+16 -3.266874021362666240e+17 3.226888758561296000e+17 6.571691557773680000e+16 1.376924463663328600e+16 7.518984415241248000e+16 7.143688622943606400e+16 5.835819685478472800e+16 1.096301033326394240e+18 1.347955061635802240e+17 3.227780654515092800e+16 6.243083435150800640e+17 2.403165227377195520e+18 1.908011668634885760e+17 8.838882006244604800e+16 2.485417298107900400e+16 1.837412528048675200e+16 3.673197374751939200e+17 4.864596069652544800e+16 1.217989564301135600e+16 4.036681414842013500e+15 -4.162883642028175500e+15 -2.168473047339914560e+17 1.606485159238091520e+17 -5.296648440348642000e+15 -1.028539617617444600e+16 -5.744634204874008000e+16 8.439138943456860000e+14 1.910500640866127600e+16 -1.421791623579048480e+17 -4.582697797137062400e+16 5.566403428319488000e+17 1.246210645875262880e+17 4.736237727771069600e+16 3.103489019969875600e+16 1.041877606351325200e+16 3.538097394058033280e+17 6.671465370889716000e+16 4.165235345593562400e+16 4.082832563373876000e+16 -4.938725703790526000e+15 -4.717059358098523000e+15 2.380226458042700160e+17 7.105549979820094400e+16 -2.223520920701736000e+16 2.904502379713774000e+16 4.641945227766799200e+16 3.493504127860522000e+16 -1.568619003836449920e+17 2.474356224905796160e+17 6.958063867997193600e+16 -1.318108343857497800e+16 6.183611447907585000e+15 2.758726266263422800e+16 4.142861250435309600e+16 2.334729637182701200e+16
6.248478763815931396e+11 -1.679829829099403076e+11 -3.071739466352518845e+10 1.248486886241295013e+11 4.074785904390335083e+11 5.846188037266220703e+11 3.445276980757278442e+11 9.053616212024406433e+10 1.422487079672189636e+11 2.781271210796536255e+11 1.342407443368924713e+11 -9.880997301697093964e+09 1.324527901977250061e+11 1.314370122978176880e+11 8.018619225927362061e+10 1.399001092468083572e+10 4.438737118771955872e+10 1.832597912203113174e+10 1.727294660155400467e+10 2.071545192318774796e+10 5.094530284704096222e+10 3.717405508754740906e+10 1.984816028189436722e+10 5.996750971724996567e+08 3.120161426894343376e+09 1.572164252556217766e+10 2.001180955826337433e+10 1.465374165482642365e+10 1.724809031675783920e+10 1.375778648488301659e+10 -3.371352536424588680e+09 2.435470507920417786e+10 6.243579713896279335e+09 8.087473886849108696e+09 3.919103060103295803e+09 -2.965904401645149231e+09 1.709250305531278229e+10 1.051399173543159217e+08 1.123113858621635437e+09 1.353951972642628098e+10 4.546498555705346107e+09 -7.456418618742597580e+09 3.688800905458957195e+09 1.813022786444380188e+10 5.366938111772671700e+09 6.341602120430564880e+09 -3.519442615006511211e+09 9.589846009984304428e+09 4.572728145828676224e+09 8.323136233912558556e+09 -4.732454703164273262e+09 8.124609124344587326e+09 2.223746753593716621e+09 -1.282318349903408289e+09 -1.913781237530877590e+09 -2.072099197710432256e+18 -4.157132539291767040e+17 -7.946953854009804800e+16 -3.357922847293695360e+17 1.258683032816262144e+18 1.324200636825586240e+17 2.392715579002900480e+17 2.023666527011732800e+16 2.296884779975130560e+17 5.010886187981585920e+17 5.879563724885475840e+17 1.078106895809989120e+17 1.650270506948149120e+17 7.051477650788050400e+16 1.916978006214176960e+17 -8.862088006076848000e+16 -8.963804556197896000e+16 4.986876009724628800e+16 7.362520763940032000e+16 -4.554549291954500480e+17 -4.564118774773658240e+17 1.471642433081298880e+17 3.127922477780509440e+17 -4.583858625794148800e+16 1.931077778783002000e+16 1.294490451219823200e+17 5.576477533603884800e+16 -2.666922159003674400e+16 6.653659262056542400e+16 1.309851106291039040e+17 5.163692297399168000e+16 7.510839568420488000e+16 2.707894016879741440e+17 2.124048288520063680e+17 -2.132292643868181440e+17 3.349855955241887200e+16 1.193266788123727040e+17 5.526482993181632000e+16 5.292183755287188000e+16 4.974752417994341600e+16 1.460187727248249280e+17 4.059695321715252800e+16 8.381018213035288000e+16 -2.254497668647049200e+16 2.013171009958718800e+16 9.183640484478056000e+16 7.196312632827045000e+15 5.662482365405820000e+16 2.456775813711952400e+16 3.180130089860602240e+17 2.497593338593816320e+17 2.634223358848150720e+17 2.114480685568716400e+16 1.184861832089412480e+17 1.908011668634885760e+17 6.625733193694726400e+17 1.183216820594653280e+17 7.069937540832335200e+16 4.379779717274428800e+16 3.153724476727539600e+16 1.054158582426896640e+17 4.219174425918155200e+16 3.373886875624519600e+16 2.695137766432633200e+16 5.092487942143757600e+16 5.877210488521092000e+16 9.644270003285984000e+16 2.211451366561529600e+16 4.918739737673001600e+16 3.355542984140303200e+16 3.183504284598711600e+16 6.541466477404036800e+16 4.969999532329417600e+16 1.387538450115924000e+17 2.049774352731911040e+17 6.587414938841661600e+16 7.121178925595104800e+16 -2.995074260570472800e+16 4.773141807281360800e+16 9.064396207957336000e+16 5.149208150828127200e+16 4.352511890832723200e+16 1.739780493495490800e+16 7.357724925136507200e+16 5.892774202107911200e+16 8.576258904231273600e+16 3.566473314541723600e+16 4.018918247312955200e+16 1.744195484492460400e+16 2.426754735634098000e+16 -2.960787675171448800e+16 1.113991487215279800e+16 7.079095353281162400e+16 3.517670578123238000e+15 3.966070477370402400e+16 1.539268568924196800e+16 1.954622963865485600e+16 2.421474116083644000e+16
1.012927620900097656e+11 -1.629209708024246216e+11 -4.633732881958238220e+10 1.563146413633078003e+11 4.324429992601225281e+10 1.223405716334434509e+11 3.367234654640936890e+11 2.807444715190607910e+11 2.686302321234784851e+11 1.977953142945532227e+11 8.500991529147457886e+10 1.498877876749821854e+10 5.389590362529808807e+10 6.578271056486054993e+10 5.785800931733564758e+10 1.039386029547685814e+10 4.872697722951375961e+09 1.186544890434026337e+10 2.373258885010645676e+10 2.403008972950577164e+10 1.933968042727972412e+10 1.221802322022538185e+10 8.049024043250263214e+09 -6.657220125857468843e+08 9.135596084839097977e+09 3.180502555773445129e+10 2.301978546198377609e+10 1.458116323592906189e+10 6.476167778816717148e+09 1.743996909908536911e+10 1.326806332164646339e+10 1.184731405745206833e+10 1.395371595048077393e+10 5.877711722074909210e+09 1.441268208434384727e+10 1.712320661800449944e+10 2.180883007827449799e+09 1.434973348759673834e+09 2.521546518684494972e+09 6.211583408909878731e+09 8.549021949456597328e+09 7.070778886021223068e+09 6.666766379377846718e+09 1.024363197355153275e+10 9.780973032861452103e+09 4.455337374640290260e+09 1.636113366288674355e+09 -7.415200861991224289e+08 3.563361895999116898e+09 2.774006456160488605e+09 -7.375540923448767662e+09 6.059113148426121712e+09 4.745904277862877846e+09 6.797963843224505424e+09 -2.054343366824832678e+09 9.439509868817436800e+16 3.715620172150424000e+16 5.069416594436828800e+16 -1.559728295563717440e+17 -9.830502867726993920e+17 3.026223708786290400e+16 2.793541205686968800e+16 -1.007440313494123600e+16 9.361236784003971875e+13 1.396705366693766880e+17 -2.716698032458296320e+17 9.870567690855838400e+16 2.880800561180707840e+17 1.150854990302948800e+17 5.447692926184219200e+16 1.374059672209496960e+17 7.023706566952016800e+16 6.571499185372636800e+16 1.581802384935732480e+17 1.054269470319951520e+17 -5.221375486958145600e+16 1.448457482323720960e+17 1.085871621979451840e+17 4.842541672237340800e+16 5.426809104307023200e+16 1.017086297250607360e+17 8.778658660929659200e+16 -4.961911855697688000e+16 9.221454446883305600e+16 7.662683550906259200e+16 8.715324905049968000e+16 4.153564978540274400e+16 2.918457286326350720e+17 9.212560893360865600e+16 8.612315248783017600e+16 7.747767949860347200e+16 1.024041187321263200e+17 1.416650203036702880e+17 5.360313384730001000e+15 4.353873814219112000e+16 6.747043428435779200e+16 9.310236278724460800e+16 5.700975777879389600e+16 -4.378658555509348800e+16 5.009763903485875200e+16 2.461282952497632400e+16 2.836556958096014000e+16 2.664705337248123200e+16 2.421784540325366400e+16 -2.168586031294835840e+17 5.034784829059160000e+16 9.217644757751019200e+16 1.797426212233857920e+17 2.092855328049010240e+17 8.838882006244604800e+16 1.183216820594653280e+17 3.925406830145786240e+17 1.004827190481008480e+17 5.444045135451452800e+16 4.659530400619605600e+16 3.533047486736582000e+16 6.932189645898599200e+16 3.390213593576602400e+16 1.849587646727648800e+16 -2.248335784423148400e+16 4.785010152366528000e+16 1.485645734453499800e+16 6.431861155588568000e+16 3.185316686927890400e+16 1.427085470211394000e+16 9.425412638648668000e+15 -3.176269155632665200e+16 1.216169365258886880e+17 1.054424310454595040e+17 5.044426837783849600e+16 9.969361777142267200e+16 6.256549792587934400e+16 -3.474388721508070000e+16 3.379341967305141600e+16 3.879947912135207200e+16 4.978151205023229600e+16 1.249361778037849800e+16 1.185182664591605000e+16 -4.133319778989828800e+16 9.993748650975606000e+15 3.599339643309842800e+16 4.355277751189499200e+16 2.734777076336716800e+16 1.558504563999133200e+16 1.624840969244165200e+16 -5.137740282868787200e+16 5.029118625750054400e+16 9.282461933473324000e+15 4.664611428709597600e+16 1.959334917174790400e+16 8.200691487115031000e+15 1.157253923368575000e+16 1.571697952518767400e+16
-1.447536955061512939e+12 -6.645072315017182922e+10 2.073766545462273254e+11 1.959992512328370667e+10 3.684582727708963776e+10 3.212181826150615215e+09 7.450289702829086304e+10 5.150769227999611664e+10 2.003122983158113098e+11 2.427697435239501953e+11 1.934367721365535583e+11 3.320967139928506088e+10 9.408420496628434753e+10 1.567068901026200562e+11 4.953496460387307739e+10 5.023115004030612946e+09 2.442871899655509186e+10 -8.830841500799596786e+09 9.882162047646610260e+09 8.028846751126994133e+09 2.437757920188900375e+10 2.028304543913970184e+10 -7.510722304975939751e+09 -1.244668857557780504e+09 7.289204707718349457e+09 -7.723989130929130554e+09 2.378742661474425793e+09 2.528003219871141434e+10 5.268101483908924103e+09 3.819556907280838776e+10 1.522001759705794907e+10 1.119173740414014244e+10 9.511826186195398331e+09 4.328947591513074875e+09 7.883821367047379494e+09 -3.505651225511595726e+09 3.726004092124678612e+09 8.814635739004405975e+09 1.019851599584304810e+10 1.320683513890439606e+10 1.671443843270226479e+10 -1.109280454245142221e+09 7.888749588622112274e+09 1.955274456746744156e+10 7.240717491616120338e+09 7.342434930087814331e+09 1.173194381302346611e+10 1.130270483961970520e+10 7.184342065756193161e+09 6.457792716976941109e+09 4.780745318559695244e+09 1.137808668295263481e+10 1.572718393612675095e+10 1.103029001546260452e+10 1.362444741602508354e+10 -4.560654399092094720e+17 3.956458479317947520e+17 7.280239666953865600e+16 -2.384220561449509440e+17 -6.317389050432152320e+17 1.042505130533644000e+17 -7.598274967702801600e+16 -1.956704793721407200e+16 -2.449578478015141600e+16 5.329214579449426400e+16 -9.868636176107449600e+17 1.867314035952649600e+17 1.429391001754478880e+17 2.627868849179063200e+16 -1.006564637315600000e+16 1.065018006070229120e+17 -1.684948702467522400e+16 2.081984610568201200e+16 8.494057190170873600e+16 3.125854183492178560e+17 -6.174479774709863200e+16 1.104250023919465120e+17 -1.881386939040289250e+15 2.645769513675116800e+16 4.486155149428019200e+16 2.542923988928650000e+16 6.391300740297488800e+16 7.172845737233601600e+16 8.396393673996072000e+16 6.864782077905319200e+16 7.327743603051337600e+16 8.909843139428737600e+16 8.119165689373113600e+16 4.616802964990265600e+16 -1.267791860515220960e+17 1.460087262239345250e+15 1.749813476441823400e+16 2.752741503234080800e+16 6.013576137499130400e+16 1.014381205376143840e+17 4.913152261237208800e+16 3.661226766610377600e+16 9.886539692527576000e+16 4.699064492539382400e+16 -1.236608847751171200e+16 4.703165033585778000e+15 -1.985280668937083750e+15 5.580623416281840000e+16 5.386256076218930000e+15 -8.774490158815432000e+16 3.986348482025541600e+16 5.833261903335384000e+16 4.793309901768856800e+16 -1.557696340876845120e+17 2.485417298107900400e+16 7.069937540832335200e+16 1.004827190481008480e+17 5.293486764093998720e+17 1.652833649097086200e+16 6.685798373145267000e+15 3.606279394722504800e+16 4.116547538706169600e+16 5.233896906463089600e+16 2.792176527421582000e+16 7.327983420330982400e+16 4.446988270849612000e+16 3.335068798700283600e+16 4.834205511434930400e+16 5.557817779360819200e+16 3.506340761665129200e+16 4.250778302558677000e+15 -1.577452229620716160e+17 8.710640304066782400e+16 7.312310044459340800e+16 5.966794786965699200e+16 5.113029816223310400e+16 1.255135482059937920e+17 6.703813107929691200e+16 -5.281952171459515000e+15 2.959758808323445600e+16 6.191152428620680000e+15 5.045798718809374400e+16 8.176707206353248000e+15 -6.807928420884233750e+14 -1.793595209503990200e+16 1.716527340407134600e+16 2.052153923108781200e+16 4.723525495795224000e+16 1.717065473306901600e+16 1.780186859698756600e+16 7.142751795670720000e+16 2.328198385868613200e+16 -5.090570714276074000e+15 1.534618059594138800e+16 2.455510322792021600e+16 1.482498763882355800e+16 5.767607078886536000e+15 -1.478771043503680200e+16
5.688264252684874023e+12 6.451194064634944336e+12 3.636094186399637695e+12 6.642832517226431885e+11 1.154208654348436279e+11 -2.836260853456026001e+11 2.094337670719484253e+11 2.974622972391652679e+10 -8.378188225567922974e+10 -8.967540578832038879e+10 -1.046794026889935303e+10 1.831351615922217712e+11 3.594850323658223267e+11 1.117137253488054657e+11 -1.114546983153858032e+11 -1.294974721963774261e+11 -3.416316650748180389e+10 -4.742514928353043365e+10 -3.761263847859081268e+10 6.316407124731579590e+10 -1.397081345718110275e+10 -1.151006049128547668e+10 -2.790449038421351624e+10 1.583670166543376160e+10 -4.296576180214756012e+09 1.306144798064257240e+10 3.173567815778533173e+10 -4.441521313023506165e+10 -2.374445966487239838e+10 -3.507102518193579865e+10 4.926322134140867233e+09 -9.731393862755098343e+09 3.307582589035594177e+10 1.082433644277328110e+10 2.569100727087109089e+09 -5.794537078013742447e+09 -1.738074984678989792e+10 -6.310506565915279388e+10 6.424856526097185135e+09 -3.334604298594670868e+10 -3.273423380771074677e+10 -3.504275454189163971e+10 -3.729969563647827911e+10 1.034493964390171409e+09 -6.652647628116973877e+09 4.444435814105419159e+10 1.648297710146591949e+10 2.550074539636093521e+10 2.984927422614228058e+10 -1.034615661425052834e+10 -3.119800827642649841e+10 -5.142334000499359894e+10 -2.453840770202757263e+10 -4.503779068438239288e+10 -4.647002874860626221e+10 1.142935977237384397e+19 9.738306863774595072e+18 4.650970042459240448e+18 8.244943701565105920e+17 1.403071670712228000e+17 3.373735164453732864e+18 3.769886661185736320e+17 3.961420381792852992e+18 5.348336640618602240e+17 3.624227590608264320e+17 -4.931821804817704960e+17 6.612930526355418400e+16 3.235272771346065408e+18 -6.800187074005235200e+16 -6.826646847265797600e+16 3.962833398996498944e+18 1.737053629731033250e+15 4.481253117498446875e+14 -3.730340815354610560e+17 5.432913007899582720e+17 -1.158831522603888384e+18 -2.294649951701997120e+17 -2.136505036590651520e+17 3.140413467825762816e+18 -1.379499708854592320e+17 -6.963751668664969600e+16 -4.919860542655116800e+16 3.711463167021212160e+18 -3.206401772347799600e+16 -1.928898593268183360e+17 -4.117001208835180000e+16 1.390480082559504800e+17 -4.170079598174206080e+17 3.692805616158916000e+16 1.807770369112908800e+18 5.555715094466268000e+16 2.089525864106228400e+16 -2.429492879799708400e+16 3.412121451072437248e+18 -5.827834179155868000e+16 -3.763353873717296000e+16 6.755596220147277600e+16 -7.362599613394790400e+16 4.507679924580142592e+18 6.956285967023649600e+16 5.239791678099769600e+16 -2.749596012504487200e+16 -7.442585830825352000e+16 -6.611310622397388000e+16 8.103334137746899200e+17 3.241016675371461120e+17 3.084702879343864800e+16 -7.197123021594724000e+16 3.229142885193105408e+18 1.837412528048675200e+16 4.379779717274428800e+16 5.444045135451452800e+16 1.652833649097086200e+16 6.254930892809858048e+18 1.221128537743228160e+17 6.122355851410647200e+16 3.546255897000351200e+16 5.409713821801317600e+16 7.297888904864304000e+15 4.089351306588887040e+18 3.289727967222402400e+16 2.070852680180718000e+16 1.700700654391729400e+16 -2.316682658544221600e+16 2.751405045004434400e+16 8.281164597375732800e+16 2.247617158370199040e+17 -1.147968442647822560e+17 -7.506573243176189440e+17 3.322781311938379600e+16 1.065282623507197800e+16 -4.165275415567175200e+16 2.879464582839450624e+18 1.668564723565346000e+16 -5.149262809884998400e+16 4.941912180732926400e+16 -3.882622643415999200e+16 -1.473742614157962400e+16 3.253528291129728512e+18 1.175156742994083200e+16 -6.588342714028168000e+16 -7.669215237519634000e+15 -3.280422125061744400e+16 2.113432560488576800e+16 6.735689998368217600e+16 3.406479340663623168e+18 -7.331751831951913600e+16 -1.004530491605345120e+17 -3.905751781251065600e+16 -2.057401097615849200e+16 8.331919541872923200e+16 5.015472041552393600e+16 2.684758210511884400e+16
-2.693294858066325989e+11 1.321363209998993073e+11 1.169417474254756836e+12 1.494078360852199951e+12 7.819400910035725098e+11 8.913738838667797852e+10 1.254119419347191315e+11 5.147934530324898529e+10 2.038873453716023254e+10 -4.198810966073493958e+10 3.736535330161090851e+10 1.160751581465481720e+11 9.348840295744879150e+10 9.574743731768743896e+10 7.191319870960366821e+10 -6.190193093706995964e+09 7.836568419178877831e+09 8.166929308312280655e+09 -1.767195254963772583e+10 2.308930508594743347e+10 2.164927133322671127e+10 2.321225543777660370e+10 4.377540833671363068e+10 2.790703324556684875e+10 1.712081385230592537e+10 2.052043553777369261e+09 2.784196865260992432e+10 -1.344262214749617815e+09 4.517590747882993317e+10 2.750859117749384689e+10 9.183358542835241318e+09 -5.079984159206309319e+09 1.081412116025028974e+08 1.576850692423809624e+10 2.883425393947876453e+09 1.366815146222424316e+10 -1.109796910726953506e+10 8.242009365105416298e+09 7.901267476189756393e+09 1.283717225439585686e+10 2.292624866176171112e+10 3.119649042411548996e+10 2.324184703533946609e+10 1.985928125815876770e+10 7.736569972989554405e+09 5.639668726666679382e+09 5.939713779498119354e+09 -1.629325326540593386e+09 9.084646275017339706e+09 1.959771382451528931e+10 2.409347528566293716e+10 1.417433222896575546e+10 1.720814386434748077e+10 1.189015335104364967e+10 5.126672299941242218e+09 5.439960767583612800e+17 5.994588559322590720e+17 2.697105007661154240e+17 1.139500347671006720e+18 4.282875143528115200e+16 2.947498068620314240e+17 8.099614282134759680e+17 -1.598668018016574400e+17 2.304443593798545280e+17 -2.970779964838529280e+17 9.493792709988622080e+17 7.017746648112880640e+17 -1.962175504114602000e+16 3.444502531506716800e+17 4.110673962968929600e+16 -2.913000051399801600e+17 3.213745701841128320e+17 -2.558102452008226000e+15 7.785627727190553600e+16 -1.081250406802583296e+18 -3.248085050519984640e+17 4.290990894973980800e+16 1.026842189554518400e+16 -9.008409409779644800e+16 2.722310998110550400e+17 4.479008821723768800e+16 4.204507250591650400e+16 -2.291162712804044160e+17 2.410752574620538880e+17 7.847571907395859200e+16 2.074072368785406800e+16 -3.025919165534790400e+16 1.470587347835394560e+17 -1.880194010717502800e+16 3.510850386220786400e+16 3.167493197916231040e+17 9.817962209756430000e+15 -1.023462759250936400e+16 -1.357521520476720480e+17 3.001960533063077760e+17 3.841533173255092800e+16 1.636986078102498200e+16 4.106801842582837600e+16 -1.041836108734315200e+17 4.392994185142077440e+17 3.892328344179728800e+16 2.200460592415809000e+15 1.840611882333657200e+16 -3.396615710005381200e+16 3.596872264278599600e+16 7.034369311531388160e+17 5.619546145446372000e+16 4.456670464921944800e+16 4.361810862830094720e+17 3.673197374751939200e+17 3.153724476727539600e+16 4.659530400619605600e+16 6.685798373145267000e+15 1.221128537743228160e+17 9.200773877569245440e+17 6.037098042190039200e+16 -2.855897779596616000e+15 4.181569340690877000e+15 1.910094388848306750e+15 -1.698076943881465280e+17 3.524522984430878080e+17 4.594033888144783200e+16 2.633441718693757200e+16 -4.583885293832139000e+15 8.430960177181966000e+15 1.055073230178065000e+16 1.190582363880157000e+16 -2.662537906388603600e+16 -1.202404761416903360e+17 -1.771289753596770000e+16 6.626451936776739000e+15 1.474680255464871200e+16 4.274102675965365760e+17 3.358190842328355200e+17 4.851196063262098400e+16 1.974690043365628000e+16 7.726413385478420000e+15 2.129623411959815200e+16 -9.949370557980220800e+16 2.359315038812610240e+17 2.767500002025166400e+16 4.988924151790070000e+15 1.180392451528079800e+16 1.193995947432788800e+16 3.373944492445260400e+16 -2.119233875263297600e+17 2.398244694181331200e+17 1.201315259683547800e+16 -8.157649766393950000e+15 4.922141121179414000e+15 3.958670328898875500e+15 1.707322941435473200e+16 -1.450185249090586000e+16
3.517799664486626587e+11 2.738563723622109985e+11 -4.231433288210044098e+10 6.008426267963490295e+10 4.567141817355352173e+11 6.629504799618741455e+11 2.990534824777971802e+11 6.648809929574720001e+10 2.987052982224816513e+10 5.244074776242640686e+10 1.224438656522314453e+11 1.419366619337262573e+11 1.391109684048723755e+11 1.225270905434571686e+11 6.273257786569211578e+10 2.096144934501548004e+10 2.878546288893678284e+10 7.829779913775207520e+09 7.202133712157020569e+08 -1.024615206677959204e+09 1.262934351550380898e+10 1.685583019623486757e+09 -1.196085145062242126e+10 5.997810420191323280e+09 4.771729913182662964e+09 1.130955065415048218e+10 1.060687250978622913e+09 -3.440094529157583237e+09 2.191214447814518929e+09 2.946402351879780293e+09 -8.049904331453462601e+09 1.301556373326649094e+10 1.047401691101498413e+10 1.889695810836352539e+10 9.783850903271841049e+09 4.828497137378780365e+09 -5.043250946419374466e+09 1.921143977494336128e+09 -7.312370573922848701e+07 9.070891536154273748e+08 8.378859353749039650e+09 -9.977802358740583420e+09 6.208953879315639496e+09 3.575492712782127857e+08 3.490667579741282463e+09 8.274958816363644600e+09 2.841776851909600258e+09 -3.552405210439899445e+09 2.676911109535535812e+09 1.120308634822092438e+10 4.937487812683855057e+09 7.597537326179404259e+09 5.187264268299022675e+09 -7.452077255847230911e+09 -2.220541915287542343e+09 3.421081789757362560e+17 4.516651716099626400e+16 -2.299212222875587840e+17 -1.135809012291192960e+17 9.842351743562082560e+17 9.297488321694358400e+16 1.687277967213067520e+17 2.574088210230905600e+17 1.320331891222005280e+17 2.573556729815961280e+17 1.186830533242358272e+18 6.389714643818869600e+16 2.537948250956106880e+17 6.516228841537935200e+16 1.877656249694864640e+17 7.787960394356348800e+16 2.115667127180192750e+15 1.240799270321335680e+17 4.661630683753359200e+16 -3.379259171355162880e+17 1.431411019285724000e+17 1.655664887157760960e+17 2.268400822286040640e+17 2.126959639559547600e+16 5.031017770197032800e+16 1.227370658753874240e+17 1.111550842103033125e+15 1.097960960614124400e+16 3.424000228226044800e+16 6.618238829574247200e+16 5.919995474002449000e+15 3.745020786615284500e+15 1.555010330288386880e+17 1.466081381432340480e+17 5.975452291829939200e+16 6.681947536112244000e+16 1.021650335101899040e+17 2.922793313210821600e+16 -5.862353648322295000e+15 5.853558705440970400e+16 1.070661539330028960e+17 3.439869959007310000e+15 2.185081428627749600e+16 3.418522593260726800e+16 2.853698567173119600e+16 1.996591358382392960e+17 3.348729067838100800e+16 3.294807065133351200e+16 5.895682373196766400e+16 4.374854766710234880e+17 -1.489509797516188480e+17 1.211963118079390400e+17 7.433984237611208000e+16 1.330421075662974560e+17 4.864596069652544800e+16 1.054158582426896640e+17 3.533047486736582000e+16 3.606279394722504800e+16 6.122355851410647200e+16 6.037098042190039200e+16 4.755623734045080320e+17 7.175993594197942400e+16 2.797037112764714000e+16 4.992705672468618400e+16 8.493889884070899200e+16 1.153654665215649400e+16 1.732945825545650880e+17 6.599362527296296800e+16 3.817836414643591200e+16 3.537795135924181600e+16 2.119673127969118800e+16 -4.385273236300503200e+16 5.187316016875230400e+16 1.248994139858954560e+17 8.558902517045201600e+16 2.944924688548774800e+16 3.580117106829040400e+16 -1.819087505991329600e+17 8.620826712688136000e+16 1.284776490524344160e+17 4.335462343771944000e+16 1.765179953305543800e+16 1.897022072913243200e+16 6.132305293279265600e+16 -7.758261684259007812e+13 1.002682466462475520e+17 3.027370316970270000e+16 3.812430900110460800e+16 2.438104413475430000e+16 2.076037087889693600e+16 5.810619556209325000e+15 6.706030034323595000e+15 7.489122110693950400e+16 3.089924280350039200e+16 1.278219939302350600e+16 1.782806674371177000e+16 1.598499557973795400e+16 1.079372847145954400e+16
2.382985391680877075e+11 3.127193848080429077e+11 -9.501134369251611328e+10 -3.538883899599330902e+10 -3.494016008675505066e+10 5.655119076566487122e+10 3.145117003363007202e+11 2.590405285208425903e+11 1.889568945240899048e+11 2.910314158504994965e+10 1.211272476100327454e+11 1.265917376959349213e+11 1.065620449941884613e+11 1.005364009385738525e+11 5.254653140616429901e+10 1.591235989880420303e+10 2.102324724819275665e+10 5.005459819122022629e+09 1.299791955563356590e+10 1.489377849384567070e+10 1.263272228703688049e+10 2.653043445406853199e+09 1.896797383714558840e+09 2.194385126288556671e+10 2.335627727418770599e+10 1.370001998208740997e+10 -1.685597877297690630e+09 -1.607734609183361530e+09 -2.631843338018505573e+09 7.333917053450748444e+09 1.302588653980961800e+10 1.137448988607481003e+10 2.132327103972443819e+09 -9.204338202844693661e+08 7.906327337129806519e+09 2.019020935526720428e+10 5.732684742119592667e+09 -9.989277302150367498e+08 2.788099299124927521e+09 1.055476274207223129e+10 1.586403798804792023e+10 7.822214077494546890e+09 5.546834547499691963e+09 4.564686239590282440e+09 1.271425428828172922e+09 1.093704986556611443e+10 3.357021351367480755e+09 5.378184834637424469e+09 8.570502018548292160e+09 7.754341146517020226e+09 7.675582403290229797e+09 1.078969942730958176e+10 1.297584164446657181e+09 1.004465667341300964e+10 1.239676415722595978e+10 4.154985545806200960e+17 3.652574164845223040e+17 5.158913563337837600e+16 -2.045181418349670720e+17 3.492343103536096640e+17 1.838405561938816960e+17 -4.351577710811699200e+16 7.093580618264734400e+16 -2.107753608525348800e+16 7.299783929744945600e+16 -2.195832220366226560e+17 -2.916399972453789600e+16 2.279772387158146560e+17 7.921020197862798400e+16 8.145019514935296000e+16 1.926015375940252800e+17 1.049694898960896640e+17 1.038405096789485760e+17 1.641457531474191680e+17 4.985931897042039680e+17 -6.652328327087667200e+16 2.857489886183870800e+16 -1.272232291402348800e+16 9.215220462689604000e+15 8.696065524927837000e+15 3.346240116547624800e+16 8.028341696488169600e+16 1.034891959969332320e+17 -2.438106708259521600e+16 -2.066070474869222000e+16 6.884952761835283200e+16 4.587749033846691200e+16 2.263090367752172160e+17 5.282165052385355200e+16 -1.300151627371126080e+17 6.395980194107169600e+16 8.134824780423320000e+16 8.512383598491945600e+16 4.172575831304111200e+16 1.722926063667969400e+16 6.361500973079592000e+16 7.229785635479401600e+16 3.537202360780360400e+16 5.232262188686388000e+16 6.911527747745045000e+15 8.659747987629036800e+16 1.233883349819555680e+17 3.998360676724384800e+16 1.716736718795057800e+16 -7.784153460378881000e+15 5.763907504343291200e+16 7.100908477892928000e+16 5.980217464280788000e+16 -2.896738720728029600e+16 1.217989564301135600e+16 4.219174425918155200e+16 6.932189645898599200e+16 4.116547538706169600e+16 3.546255897000351200e+16 -2.855897779596616000e+15 7.175993594197942400e+16 3.200274844572967040e+17 4.783308217091619200e+16 3.947480358619023200e+16 1.393595772478889600e+17 1.890747432765087600e+16 3.571407229011346800e+16 9.908115311952555200e+16 3.310835614089535600e+16 4.605038050627799200e+16 2.946245163850666000e+16 6.921849420781293600e+16 7.670582516602910400e+16 6.161472277828823200e+16 3.179578383207314000e+16 2.429237654617968400e+16 1.113222725890207000e+16 -6.967632131307703200e+16 -2.177216942683490800e+16 3.779807865366639200e+16 7.485134569388348800e+16 2.235125169745382800e+16 2.585162790083588800e+16 2.372618736941196400e+16 -1.203801990466781800e+16 3.177269245648683600e+16 4.831860892026325600e+16 4.041319337740432800e+16 2.844343151616163600e+16 3.583013678966030800e+16 4.228933899672166400e+16 -1.608686448601671200e+16 2.634153932143608000e+16 5.657044268214602400e+16 5.629059688314257000e+15 5.651508184895610000e+15 1.193383466707641800e+16 1.105554558902889800e+16
-4.117144546494024048e+11 -9.445810590386273193e+10 8.536587573107591248e+10 -8.495976752507594299e+10 -8.967446114053941345e+10 3.438832757147132111e+10 2.212333631166278839e+10 4.010020802029357910e+10 1.303751191317635651e+11 1.219601132576327515e+11 1.183648535691333923e+11 1.140186553834645233e+11 1.412625683370055542e+11 1.016041530136708069e+11 4.132715817367594147e+10 7.412876392672954559e+09 8.125402762140587807e+09 6.344278230938663483e+09 1.050874964525600243e+10 2.718344300897607040e+10 1.271893249069952774e+10 -1.474738696313630295e+10 -6.069609791350019455e+09 1.764060220369363070e+09 1.766746310906536865e+10 1.350380033107992172e+10 8.146567192312721252e+09 1.727422814025181961e+10 3.839190364291015148e+09 -6.507633492568320036e+08 -3.352940755559020519e+09 -2.744221283377959251e+09 -1.777515794469033957e+09 5.521247978178359985e+09 1.181659252839398575e+10 -1.978898146244276762e+09 -8.526634654706146717e+08 6.594935142948348522e+08 -2.751219512252242565e+08 -6.165716035378308296e+08 1.327400852268664742e+10 1.918671208740928411e+09 -7.854415415103311539e+08 -3.055663939740993977e+09 -3.016242051039357662e+09 -1.570384706394081116e+09 -6.958288806912033558e+08 -2.083003928775941849e+09 2.316175055308298111e+09 5.079937520973938942e+09 -1.541380555796747446e+09 -4.952539744364703298e+08 4.839302931372284889e+09 -1.678137857708975077e+09 8.790892955296287537e+08 -2.585676786971525200e+16 4.033842551402237440e+17 1.700142422275445120e+17 2.331283601775702800e+16 4.915329973676385920e+17 1.082110422052484800e+17 -6.613424718993736800e+16 1.276562802563792480e+17 -1.006209076011589280e+17 -1.009675848215062800e+16 -8.562579224666182400e+17 -1.962454918607771600e+16 4.690300258329008800e+16 1.885108886114727200e+16 3.067603486695925600e+16 1.382377755834662800e+16 -5.002289347867644800e+16 1.668085489557167600e+16 9.833058542485894400e+16 -2.289710397602196160e+17 -2.813030402320208000e+17 3.964340541217149000e+15 2.019160713195776000e+16 1.979807924972751600e+16 3.545156637011516800e+16 8.799752986620175000e+15 2.469444092844783600e+16 1.136765014234075200e+17 6.065716788715307200e+16 4.684626414814799375e+14 4.300813487209819200e+16 4.320615522017189600e+16 5.698306497092505600e+16 3.616538354826137600e+16 -2.278957973057428400e+16 3.858422217950897600e+16 4.146494087858212800e+16 2.616453895012519200e+16 7.571919683211804800e+16 4.904103310612094400e+16 3.371020328330893600e+16 3.669308369761484000e+16 4.062207516698492800e+16 1.081968091477983360e+17 2.082192297206328400e+16 3.086394602997892400e+16 3.545090959101639600e+16 9.095653297634750400e+16 6.413588851636697600e+16 -6.718832295594792800e+16 -3.591389318969333600e+16 2.320380445838282400e+16 1.283536807576706600e+16 1.187754470661375040e+17 4.036681414842013500e+15 3.373886875624519600e+16 3.390213593576602400e+16 5.233896906463089600e+16 5.409713821801317600e+16 4.181569340690877000e+15 2.797037112764714000e+16 4.783308217091619200e+16 2.225172007072464000e+17 7.828420025024273600e+16 1.313378464005507840e+17 3.688504331047417600e+16 4.675875556094452800e+16 3.715852235267203200e+16 6.949039487067143200e+16 4.580347779175075200e+16 6.688478935171897000e+15 5.937011419987992800e+16 1.564744196413813600e+16 1.734456747784117760e+17 2.668538117671728000e+16 2.143179362176127600e+16 3.054205354964051200e+16 1.853942481913997120e+17 2.316489495126018800e+16 1.208687207644287600e+16 2.553523804280224800e+16 4.785215451555848800e+16 3.435396406181074400e+16 3.770527098409091200e+16 1.067880621790383400e+16 2.100403722100036800e+16 3.292149003770486800e+16 3.685827347097171200e+16 1.941800374552132800e+16 2.698877955035601600e+16 4.725213153165270400e+16 -9.790398857902360000e+15 2.483340521671216500e+15 2.222882183597579200e+16 6.711388673115875000e+15 1.729847670278407200e+16 2.020596877503700800e+16 1.078515054186039600e+16
-6.603967405591116943e+11 -2.010862154432214355e+11 -2.046099534873570557e+11 3.101640325104847717e+10 -9.558594220543220520e+10 9.555173949103587341e+10 1.066265564308614349e+11 -5.113868756561865234e+10 -6.109926465287391663e+10 2.670235589977609634e+10 1.557129656987052917e+11 2.147894627314325562e+11 1.932823114478677063e+11 6.593893937115184784e+10 3.928688766965230560e+10 -7.141741521741023064e+09 1.284624981377362061e+10 6.426024569703332901e+09 3.054217173743375397e+10 3.001883388325750351e+10 3.381249806070986176e+10 3.252985184261489868e+09 5.622237605155976295e+09 2.412945855066421890e+10 1.236506699410320282e+10 1.143087327983643341e+10 1.735747055541497803e+10 8.032009118749309540e+09 1.955124321078636885e+09 7.683717038071680069e+09 1.312646719257680893e+10 1.395094007411845016e+10 1.829327639779012680e+10 4.821370940665993690e+09 4.012584662428791046e+09 5.908479808501686096e+09 6.876916452246842384e+09 -5.278953448087450027e+09 -7.360567656937865257e+09 4.779651215098774910e+09 9.548620540247016907e+09 5.427882643294961929e+09 1.027934378874637604e+10 8.125740423663438559e+08 2.473083271544472218e+09 5.848459602631838799e+09 1.652388514735110521e+09 9.353550524763423920e+09 -2.202244111711787224e+09 -2.547327895135492325e+09 5.464655765192813873e+09 4.019882365473996639e+09 5.691311386521891594e+09 -4.247436666751203537e+09 7.092173328060873747e+08 -4.105525565832031360e+17 2.209392663612922400e+16 7.604600448580449600e+16 -1.782536722236512320e+17 2.377224317995324160e+17 -1.972179153975322000e+16 -5.894327206033088000e+16 1.443927670061611200e+17 -1.113716640701997440e+17 1.168882649083001600e+17 -8.954553085986882560e+17 1.333828964593893440e+17 -4.717988997073545600e+16 5.478638120037519200e+16 3.389064814701338400e+16 -1.137083216436621440e+17 -3.916619497032096800e+16 2.832564880285946800e+16 7.746286041981782400e+16 -1.040045390931916960e+17 -5.912380362581534720e+17 -1.519471838311869000e+16 7.511134661509977000e+15 -1.791173619849524480e+17 2.073363200318323600e+16 9.041065188082904000e+15 9.123963443418866000e+15 -2.426825601508122400e+16 1.787361740739307800e+16 1.565939339180609200e+16 -2.736310492989162000e+15 -1.080613027930424800e+16 -3.043425727071762560e+17 1.852695052935680800e+16 -2.339478209598915840e+17 -7.282426647010171875e+13 3.017449775403194000e+16 1.113467909279409800e+16 -2.150355663209500800e+16 4.383804062874212800e+16 5.899565295447307200e+16 4.082183991712222400e+16 4.349584782269768800e+16 3.000054105578347600e+16 1.908243675234247600e+16 5.282300915952214400e+16 9.111762228346363200e+16 7.436977721922248000e+16 1.812516904930172480e+17 -5.775384117417318000e+15 1.264611971512917280e+17 2.613333834647685600e+16 2.745207531391948800e+16 1.314837250475036640e+17 -4.162883642028175500e+15 2.695137766432633200e+16 1.849587646727648800e+16 2.792176527421582000e+16 7.297888904864304000e+15 1.910094388848306750e+15 4.992705672468618400e+16 3.947480358619023200e+16 7.828420025024273600e+16 3.601534843165066880e+17 2.903424562332973600e+16 1.610722025677092600e+16 4.103900458473332000e+16 2.408343622197649200e+16 3.027215794080183600e+16 9.308839334479696000e+16 4.867540273129605600e+16 -3.745098049940013600e+16 3.872363175859713600e+16 1.447765838700382400e+17 6.807117599183495000e+15 2.456298182218496400e+16 3.286170673649729200e+16 -4.218689490195226400e+16 3.443670676979794800e+16 3.055384739527426000e+16 2.478685398862282400e+16 3.496378617492916400e+16 7.518869289263305600e+16 2.261536887449364800e+16 1.415669453339870800e+16 3.409082931399487500e+14 5.702968079802290000e+15 2.533864290387790800e+16 4.555754257177216800e+16 2.960857590115124800e+16 -1.476793646332494600e+16 4.951348622228435000e+15 -8.688812772394481000e+15 -4.121237988756627500e+15 1.015756490949065600e+16 1.427196773341863600e+16 1.671087877979675800e+16 5.023622825462429000e+15
9.526436680339771484e+12 7.217761773522685547e+12 1.432764471523187256e+12 6.169310633919346924e+11 2.704956771167063599e+11 -2.453451631838764343e+11 3.317246191016034546e+11 1.925711061782095337e+11 -7.010702492986912537e+10 -1.361348518874425354e+11 3.095166707098739624e+11 8.262713874139990234e+10 4.677670320147593994e+11 3.893520122597791748e+11 -9.976605277442054749e+10 -1.459889747209107361e+11 2.170923967519968987e+09 -3.555773050675018311e+10 -7.257248624163077354e+09 2.992110576911737061e+10 1.500027006696669388e+10 -3.660551498665435028e+10 -7.115387945911407471e+10 -2.389216442594493484e+10 4.230635742822788239e+10 -3.533771952026925564e+09 -5.158213366018820190e+10 -5.495509938976099396e+10 -5.314146644183055115e+10 -3.383065067255091858e+10 -2.784846412191174316e+10 -7.592117461598707581e+10 -1.658825909632336617e+10 2.613777361610599518e+09 -2.678959190121058464e+09 -3.809719647054563904e+10 -4.008840810199868774e+10 -4.572229760445930481e+10 -5.191436677495211029e+10 -4.207761710354176331e+10 -5.639368618427584839e+10 2.936047980696874619e+09 -2.600800885107329178e+10 4.083551832096559143e+10 1.885959398728390455e+09 4.179935058620188141e+10 -1.227214671113702202e+10 -7.391656530258374214e+09 4.532004212861531830e+10 2.763819642271448517e+10 -2.218736899176435852e+10 -5.294736698706556702e+10 -3.433712117285031319e+09 -5.135705214998487854e+10 -5.200409572098869324e+10 2.954341701649086874e+19 1.003500767887402803e+19 1.240986090844832973e+19 4.237519534885653120e+17 3.179285655553662080e+17 4.471036010341005312e+18 -6.854503913366771200e+17 9.936311367350603776e+18 -3.566170550345559040e+17 1.365135812158718720e+17 -1.443697946920088320e+18 8.153374539142813000e+15 4.198243229327018496e+18 -3.472240547991370880e+17 -1.545907699605850560e+17 9.725715437106130944e+18 -3.679174361672321920e+17 1.071486745740249280e+17 -1.357574108735747520e+17 3.788961591208740480e+17 -3.020254524275116544e+18 -3.054004410616924800e+17 -2.788670355110255360e+17 3.572396895933388288e+18 -2.739314246803508480e+17 -2.036464767734768800e+16 -9.404059498681297600e+16 9.067443816313106432e+18 -3.215958617734314880e+17 -1.558326884737932480e+17 -1.083373257310529600e+17 1.264735366515874880e+17 3.052566644105705600e+17 2.459300050533959680e+17 -6.957333735810008320e+17 -2.316540643743172480e+17 9.371931775599595200e+16 5.920259680238826400e+16 4.051302273352117760e+18 -2.725307126669662720e+17 -1.166829622262028160e+17 3.509965244257879600e+16 -1.883600430410126000e+16 9.235171026460958720e+18 -2.846853589918755840e+17 -4.177767706082694400e+16 -3.465802717065900500e+15 -1.104609579331409920e+17 -1.010743713013344600e+16 2.373074262180845120e+17 2.288538947941268800e+17 1.765598309346820160e+17 4.608869249255217000e+15 2.754630612911670000e+16 -2.168473047339914560e+17 5.092487942143757600e+16 -2.248335784423148400e+16 7.327983420330982400e+16 4.089351306588887040e+18 -1.698076943881465280e+17 8.493889884070899200e+16 1.393595772478889600e+17 1.313378464005507840e+17 2.903424562332973600e+16 1.134360373590636339e+19 4.440725127669358400e+16 1.073076718983133600e+16 1.383577665556922400e+17 1.434867681404821920e+17 1.181883726454281120e+17 1.772279225611025600e+17 -5.798421259711050400e+16 -8.715158548199569000e+15 -9.954109293455173120e+17 4.050539529582296800e+16 1.177122418491682200e+16 -8.441913035820315200e+16 9.580402583635020800e+17 -1.366788794125287680e+17 -4.462285384997802400e+16 8.628423651397276800e+16 -1.416041315924032200e+16 -6.789359829520564800e+16 4.203694033523019776e+18 -2.239583098961248640e+17 -9.423892037891699200e+16 8.892086594630875200e+16 5.165718384003301600e+16 4.915324202090956800e+16 1.047059700876894880e+17 8.624775629244315648e+18 -3.081615772242449280e+17 -4.641850113456513600e+16 -1.119692641545766400e+16 5.062401316122126000e+15 -2.981038487249823600e+16 8.424475245778942400e+16 1.766394362640454600e+16
6.256688150857408447e+11 3.828489531718902588e+10 1.149075449216269531e+12 1.458054983735620117e+12 5.488901481147210693e+11 1.803002873798932800e+11 1.009247908403554993e+11 5.175306092616279602e+10 5.946390112665756226e+10 -9.147969888857199097e+10 -7.338821695071514893e+10 4.125859446920709229e+10 3.086114150257358170e+10 1.779795176004430542e+11 5.761294459673749542e+10 -3.025205552899872208e+10 -1.134319166276135445e+10 -2.430329082347438049e+10 -4.159489482200062275e+09 -3.199112540817549896e+10 1.892356084324721909e+10 1.627589341382248688e+10 -1.771935886909880829e+10 -6.550090512789836884e+09 2.898088978586886978e+10 -6.725017181586083412e+09 1.933696927558253860e+10 -1.967686788962272263e+10 5.006313177709721327e+08 -2.132364519661628485e+09 -3.750850263651343536e+10 -3.322481604069254684e+10 -2.140234536849584579e+10 4.566935668892837524e+09 -8.477695603858550787e+08 -7.895874516127437592e+09 -3.370420401660404205e+10 -5.624441734741075516e+09 -8.997421882879236221e+09 -7.538077424469236374e+09 -2.087043976940412998e+09 1.918892009971198273e+10 2.798855143107023090e+07 -1.364113291204198647e+10 -7.532423997451322556e+09 -4.789369267123198509e+09 -5.630842757638907433e+09 -4.914325644594465256e+09 -2.382373598692311287e+09 -5.022811687950293541e+09 1.335405792920572281e+10 7.679078150863709450e+09 -1.040908673829010582e+10 -3.804736756519208431e+09 -1.388515727921466351e+09 2.179138486725768960e+18 5.924355015953231360e+17 -8.512828962668982400e+16 1.330233422022884352e+18 -6.682370758005123840e+17 2.512602414854707200e+17 8.143269041523712000e+17 -3.619619217377254400e+17 2.977520919653409920e+17 -1.172300157827841120e+17 1.237694645232315040e+17 6.242313179107052800e+17 3.207146582851296800e+16 2.816514408602174080e+17 9.503785515008550000e+15 -2.288407425206237760e+17 3.284857602153164160e+17 -9.374062266898654400e+16 -3.010733690251954800e+16 -1.424923807097286656e+18 3.258251010149187200e+16 9.978220041319425600e+16 -2.926185745211770800e+16 4.919449496187484000e+16 2.964446216791424000e+17 4.096614886993538400e+16 4.980247119114824800e+16 -1.475959396734275520e+17 3.067203913895841280e+17 5.799129373249694400e+16 -3.710116956000934400e+16 3.219861863257308000e+16 1.944356443291405120e+17 4.521795207673616000e+16 1.581048623403045000e+15 2.064586511217395520e+17 -1.505959988955143000e+16 2.055033653709626800e+16 -8.218910190140276800e+16 2.762071442101630080e+17 4.898054695558059200e+16 2.228101602921992400e+16 3.625457964163237000e+15 -1.695284170025979200e+17 3.165722895879184640e+17 -2.848734577890120625e+14 -1.697392930327446600e+16 -1.060698363782960200e+16 -1.470549778514492800e+16 2.759028689423595200e+17 3.632689703160080000e+17 1.100383192204302200e+16 -6.308270430206741000e+15 5.354605468881359000e+15 1.606485159238091520e+17 5.877210488521092000e+16 4.785010152366528000e+16 4.446988270849612000e+16 3.289727967222402400e+16 3.524522984430878080e+17 1.153654665215649400e+16 1.890747432765087600e+16 3.688504331047417600e+16 1.610722025677092600e+16 4.440725127669358400e+16 1.264657492977345024e+18 1.509319548196014080e+17 4.564973258273979200e+16 3.633407817525756000e+16 2.312881428579095200e+16 4.774034346807616000e+16 -1.530312709150898560e+17 -1.013240737026059520e+17 -1.965229698323723200e+17 -1.396741523345208800e+16 1.911659455201227200e+16 1.302213626383608800e+16 1.105566519411306720e+17 2.246065511039843200e+17 2.215408137266509600e+16 1.723750461517575500e+15 5.221662429578598750e+14 -1.081380858903931400e+16 -4.692936942415833600e+16 3.417455661013160320e+17 4.364074343875056800e+16 1.945313185912191200e+16 2.562249119431604400e+16 2.509510186422607200e+16 2.184795824497344400e+16 -1.361249150544298080e+17 3.264145453263101440e+17 4.744034743165390400e+16 2.372308875092165600e+16 -1.234913684651298600e+16 1.361941068033688200e+16 -4.780919004043752000e+15 -1.257218864834465200e+16
6.670530108657465820e+11 5.314540877908863525e+11 -2.323560056282019043e+11 8.239492444197108459e+10 3.746757218974978638e+11 4.912134862682474976e+11 1.862186213003079529e+11 -5.444676020775981903e+09 -1.182362574009600220e+11 7.550881789622222900e+10 3.322260388569052505e+10 6.848655203905122375e+10 1.324688082719720306e+11 2.075130434382930603e+11 8.907661172274169922e+10 4.984016282326658249e+09 2.127898061375762558e+10 -9.794096540012267828e+08 1.157212147650477409e+10 3.371650983896058655e+10 1.223957857730500793e+10 -1.154230225835323143e+10 4.802038190020174980e+09 -2.025548916757286453e+10 -7.990568192448195457e+09 -6.271358124617886543e+09 9.528633496217350006e+09 -9.045310045081905365e+09 3.786198449719338417e+08 -4.173698297401317120e+09 -1.721300230103532791e+10 -7.441634060642720222e+09 -1.171668707868192101e+10 -2.548855486673499584e+09 2.873676152013634518e+07 -7.178023085112459183e+09 1.245666224093603134e+10 -7.343876025032336712e+08 -3.531844887433621979e+10 -1.231149904686502838e+10 -3.901998519792722464e+08 -1.603318245171747589e+10 -9.623731340606834412e+09 1.404615250484798849e+08 6.778920923082686424e+09 -8.841865985352569818e+08 2.009279647998010159e+09 5.378756736076108217e+08 -1.342023390142057180e+09 -9.272413530570272446e+09 1.579406888085104227e+09 -1.171565873945766068e+10 2.363391399986835957e+09 -1.339648472396953201e+10 -7.134890497224765778e+09 2.711208989337466000e+16 -6.281274200531008000e+16 1.355683669182643520e+17 1.184916180931117600e+17 -3.922199096977431680e+17 9.752793681018710400e+16 1.119778780684530240e+17 1.024126194091820800e+17 1.958603733834059520e+17 3.012890791336497920e+17 5.314723005458081280e+17 7.274579207186947200e+16 3.648503251744105600e+16 6.602889626602206400e+16 1.613654704217848640e+17 -5.335729003861636800e+16 5.483956817943257500e+14 6.228923619642849600e+16 -4.811938767051256800e+16 1.869786922337145920e+17 1.681724565266734080e+17 4.454432993865295500e+15 1.354820787826668800e+17 -1.850551391963912320e+17 2.407838619860714800e+16 9.007336584186356800e+16 -1.416839793589209200e+16 -1.573927218029162880e+17 7.035611521446929000e+15 7.304200038630580800e+16 1.393592944818970400e+16 4.244595458509823200e+16 -3.800217715016888320e+17 1.175925256707498240e+17 -2.067547860195191680e+17 1.378576282703044480e+17 7.961140150771766400e+16 9.884670469617374000e+15 -3.038290857620084000e+16 6.187851283653555200e+16 7.016678566641870400e+16 4.822000071947960000e+15 4.324884113258396800e+16 -4.858654835286448000e+16 -1.128609019619384200e+16 8.453838631111924800e+16 -1.464478689428631600e+16 3.184393133958660000e+16 -2.636281598074753200e+16 1.462670126748976960e+17 7.383424621340265600e+16 5.135454881638960800e+16 2.559308431191078000e+15 1.087480736175011040e+17 -5.296648440348642000e+15 9.644270003285984000e+16 1.485645734453499800e+16 3.335068798700283600e+16 2.070852680180718000e+16 4.594033888144783200e+16 1.732945825545650880e+17 3.571407229011346800e+16 4.675875556094452800e+16 4.103900458473332000e+16 1.073076718983133600e+16 1.509319548196014080e+17 7.796838700215877120e+17 7.049219377759720000e+16 6.777280150578789600e+16 3.103552893874166000e+16 3.407749816136628000e+16 -2.374689000821930240e+17 -4.168124108249223500e+15 8.757082220906865600e+16 5.967663488541239200e+16 3.091433808302311500e+15 5.081885018182521875e+14 -5.354683169250221600e+16 1.108461906620866720e+17 6.988265391757068800e+16 3.602113739430134400e+16 -3.478342921502946000e+15 -1.387425368592992400e+16 4.723219473055136800e+16 6.523025351788839200e+16 1.422102868409994080e+17 4.412857885448847200e+16 2.599216556937949600e+16 3.508353816929535200e+16 4.572121154001992800e+16 -8.867928418489070400e+16 2.903771407431930000e+16 1.011278467826144800e+17 1.934266772344808400e+16 1.101162074559360000e+16 -1.211361729314883000e+16 1.062294708432852800e+16 2.471649205772798800e+16
1.010062302655352173e+12 3.647943348897828369e+11 1.608840291462706604e+11 6.864857245301839447e+10 8.327246818597708130e+10 2.349960489739915085e+10 2.175318558110613098e+11 2.741961594479790039e+11 1.527699183476755371e+11 -1.975323278765566254e+10 1.933785879823717880e+10 6.685251471399420929e+10 1.409393313806602173e+11 1.939671499737637024e+11 8.043957324437091064e+10 2.293131488342425156e+10 4.283093600389234161e+10 6.425888249108559608e+09 -6.873658012829545021e+09 2.615694616354952240e+10 2.092139852931210709e+10 -4.569446880460265160e+09 7.846657634769534692e+06 -7.713846544957749367e+09 1.495842916660833168e+10 5.224774320287316322e+09 8.016016752680195808e+09 3.641283400674090981e+08 2.967816593582087040e+09 6.091501110070370674e+09 6.550505337600347519e+09 2.139759877017613888e+09 7.381858314945543289e+09 6.941111772057983398e+09 1.976406984452880096e+10 1.383715683430702782e+10 7.822695572148655891e+09 1.362745394497023773e+10 3.719161670406477928e+09 -8.469977438860158920e+08 9.156232225542900085e+09 -4.392822274947679639e+08 8.494514663017142296e+09 9.769766467421499252e+09 1.038999104305905533e+10 2.919410570478332996e+09 -9.931210569819552898e+08 6.310163193887274742e+09 5.075787029653162003e+09 9.120685967442939758e+09 7.122533646082242966e+09 -2.923894647200876236e+09 -3.177144262949851513e+09 4.356892221208200455e+09 7.747152646455505371e+09 -3.766700680527296000e+17 6.710212598271408640e+17 3.840549984138229760e+17 -3.247101799281822720e+17 -8.310957478838954240e+17 2.167623258839527040e+17 -1.801985368870526400e+16 2.742557595375819600e+16 6.694789636637786400e+16 1.091704455300180640e+17 2.348209583117064000e+17 -1.668586104240135040e+17 2.470666473130815360e+17 5.590627342505954400e+16 1.370071414262497800e+16 2.108837703478976960e+17 1.014872839670053200e+16 4.714118160356678400e+16 1.283572681188031360e+17 6.200041944391317600e+16 4.797319095541964160e+17 5.780498466621194400e+16 -3.092407650267730000e+16 -5.536449104009372800e+16 4.565145697467116800e+16 4.631400836163914400e+16 6.319831152756951200e+16 -4.182497393184072000e+16 1.335978780257659800e+16 4.325672544409301600e+16 9.048062732904566400e+16 1.561233358384186500e+15 7.398892007101392000e+16 -7.400607242487846400e+16 -6.275186329218082400e+16 9.344004498613884800e+16 9.113937850539028800e+16 5.754681856999697600e+16 3.969354208141950400e+16 1.982619286339749600e+16 3.726115361008418500e+15 4.920861999243582400e+16 1.427851567214732400e+16 3.940691423991956800e+16 4.834030790355045600e+16 6.529524759855072000e+16 8.790343761477851200e+16 2.159246062096010400e+16 1.303603485247557800e+16 2.232877554034190400e+17 2.902652949639792640e+17 9.083519045784401600e+16 9.678486234091793600e+16 2.745714382432161280e+17 -1.028539617617444600e+16 2.211451366561529600e+16 6.431861155588568000e+16 4.834205511434930400e+16 1.700700654391729400e+16 2.633441718693757200e+16 6.599362527296296800e+16 9.908115311952555200e+16 3.715852235267203200e+16 2.408343622197649200e+16 1.383577665556922400e+17 4.564973258273979200e+16 7.049219377759720000e+16 5.206512377964700160e+17 8.655143165609214400e+16 3.988573599083184800e+16 5.624463943499058400e+16 9.605236215333049600e+16 6.711654852189043200e+16 -8.555260456186176000e+16 -3.262567870506207500e+15 5.456252006725463200e+16 3.322304102044021200e+16 -2.230387313918863360e+17 6.086733574224770400e+16 3.648926354456397600e+16 5.442596663971221600e+16 -7.004575627014262500e+14 2.856019039129270500e+15 7.191476715453861600e+16 3.368393237582790800e+16 4.614325243421736000e+16 9.908581816136012800e+16 4.137803829193204800e+16 1.893779065345060400e+16 4.829024377240584800e+16 -4.068158733179587200e+16 1.255619380326885200e+16 3.212286071572230800e+16 6.026073952090112000e+16 -5.882039021362803000e+15 -5.100781648130333000e+15 9.144329630186560000e+15 2.230981669071794800e+16
-1.060167040361008911e+11 -7.430818970077110291e+10 9.953999689431304932e+10 -2.282923042872019043e+11 2.167082360468104553e+10 -9.410631313007112503e+09 5.580471897090782928e+10 5.977691767153651428e+10 5.308535563426551819e+10 1.482363342832388611e+11 6.701032175296514893e+10 2.219957720888431549e+10 9.416627377485758972e+10 1.704463797575365906e+11 6.278129034252610016e+10 2.435049410778289032e+10 2.423732980751409149e+10 -1.170821201979438782e+10 7.387604814854043007e+09 3.424140795386222839e+10 2.042841548856729889e+10 7.857605984834522247e+09 9.635098283002767563e+09 4.389629383292214394e+09 3.692673359602805138e+09 1.993448366156953812e+10 1.841055610473701096e+10 1.182254561998756027e+10 -3.426924981104696274e+09 -1.451728129397835433e+08 6.157640590866793633e+09 1.536120848599258363e+08 -6.965362851159486771e+09 3.699829495122338295e+09 5.529520608764694214e+09 1.123954025977174377e+10 1.743111429513704300e+10 2.108294215246701002e+09 -5.323651873593515396e+09 2.073714104531363487e+09 9.304263862508985519e+09 2.884446652641353130e+09 -3.940997318859232426e+09 8.921048954406919479e+09 3.458120550171939850e+09 9.441348219538570404e+09 -3.863072232693105936e+08 -2.575659595990059853e+09 6.053376245167460442e+09 9.620771550458347321e+09 2.942773383132248878e+09 3.183703430842068672e+09 3.000876196453788757e+09 -2.161325368690829277e+09 -4.229245058669718742e+09 -2.092658420490348480e+17 6.283476456293361920e+17 -6.867059630924115200e+16 -3.361915207478805120e+17 -1.375461449570667520e+18 -1.828969218406152000e+17 -1.038727470897113280e+17 1.057715805064988960e+17 -1.297510691437510560e+17 -8.164986553285075200e+16 -2.714003487543314400e+16 -1.837511694097396480e+17 2.091569004944180400e+16 1.863085612395811600e+16 4.157790465375584000e+16 9.938278513089698750e+14 -2.539229015691298400e+16 -2.681501761226979600e+16 4.031764873175105600e+16 -2.786521168594952640e+17 2.727678304855050880e+17 1.130611143346963800e+16 7.083048958808797600e+16 -1.143792981587726080e+17 -1.912579185098811500e+15 3.114320656704690000e+16 5.770863033606267200e+16 1.135269054085336960e+17 5.858959297218919200e+16 5.265986232035408800e+16 1.454483248608756400e+16 5.666951310763116000e+16 -8.707444345354297600e+16 1.136286216338013600e+17 -1.065670965761578240e+17 3.323075421402521600e+16 5.948524461646960000e+16 1.630642774597334400e+16 3.044800162369810500e+15 4.333464278746216800e+16 2.428194639892708800e+16 3.023954687037505600e+16 4.701746219469473600e+16 2.327187007349490400e+16 -1.954958677462407600e+16 -1.217306024922478000e+15 4.732402146085441000e+15 3.568796377384676000e+16 3.306029574638256000e+16 4.170467936568605440e+17 4.568241711207408800e+16 5.849226759339532800e+16 -1.744296687459801400e+16 9.991816773824060800e+16 -5.744634204874008000e+16 4.918739737673001600e+16 3.185316686927890400e+16 5.557817779360819200e+16 -2.316682658544221600e+16 -4.583885293832139000e+15 3.817836414643591200e+16 3.310835614089535600e+16 6.949039487067143200e+16 3.027215794080183600e+16 1.434867681404821920e+17 3.633407817525756000e+16 6.777280150578789600e+16 8.655143165609214400e+16 3.709211183619351680e+17 6.143985371466704800e+16 2.385151038472610312e+14 -3.200146137231755200e+16 3.456713681185803200e+16 -1.934511257714041280e+17 2.410774272871508400e+16 3.475280586715239200e+16 2.935073515965753200e+16 3.049417887991373200e+16 -2.147465132467753500e+15 2.757428820493732000e+16 1.808234308939066400e+16 3.017239083009921200e+16 -1.215159319281132000e+16 3.384888747727478800e+16 3.513381267035491500e+15 1.777630688883863800e+16 3.599403900425241600e+16 6.061750592908966400e+16 3.017793257438182400e+16 3.037444776293368400e+16 1.492996906302872200e+16 -1.869078255155478000e+16 1.370135667028951600e+16 1.406049969353066800e+16 1.389647688817017000e+16 -1.333783811439963438e+14 1.863386431961672000e+16 1.397901420832756800e+16
9.298468498133168030e+10 2.706833438218739700e+10 -7.939712104423915100e+10 4.044969721884231567e+10 4.893320728214182281e+10 1.105949223490629768e+10 1.432760130484801102e+10 -4.550897770147086334e+10 8.789759102812917709e+09 1.969513814933663607e+09 1.254265586552574310e+11 9.584187381691873169e+10 1.623496108620432739e+11 1.501797169201680603e+11 8.360423977127600098e+10 2.556639144970741272e+10 3.156393378893003082e+10 3.205344346457333755e+10 1.857541930091007233e+10 2.401737764062700272e+10 2.688569171458605576e+10 2.016500402561289215e+10 8.891892263741264343e+09 2.957746066833335114e+10 1.129579853652614784e+10 2.290812337083115005e+10 2.106093979764234543e+10 1.394273437548442078e+10 1.137763195272304344e+10 2.493101374973015976e+10 8.272556049751877785e+09 -1.341428072154136561e+07 7.367008535391034126e+09 6.725991420130349159e+09 1.138220082892148018e+10 1.661059054316440392e+10 1.255478517292151642e+10 1.109517213992269135e+10 2.876731042345281601e+09 -6.740376935955990553e+08 1.565804921456737137e+10 6.381547935705316544e+09 1.559651279137012863e+10 1.403747845810194206e+10 9.146189824175689697e+09 5.936211995412874222e+09 1.262631055378707123e+10 1.356591528070151711e+10 6.532558871533427238e+09 4.554323906991580009e+09 -1.387804116626412868e+09 4.791999436223806381e+09 1.279466208738971138e+10 4.568746455413433075e+09 3.996099412074127197e+09 1.724692045053803200e+17 1.265230208839760160e+17 1.390222322994756200e+16 -1.847562297075976640e+17 -1.800657222115837696e+18 -1.114520849589136160e+17 -4.240651922631966400e+16 6.279445801862716800e+16 -1.389197515086288200e+16 1.004849861763358240e+17 1.299050362573270560e+17 -5.831704872286443200e+16 3.078328546629570000e+16 6.030821882600107000e+15 1.786915291083806600e+16 -6.173530976216881600e+16 -6.885029533915152000e+16 1.377169803914102200e+16 6.979057210930338400e+16 1.109311823327749760e+17 -3.547319928158586240e+17 7.302176189626780800e+16 6.105988652266636000e+16 -1.617919604648404800e+17 1.495442090794712750e+15 2.132282885624289600e+16 -8.191854603617810000e+14 -1.147316567950666200e+16 2.633505005185146000e+15 2.916622246174581200e+16 -1.906315377973075500e+15 -8.363228251857760000e+15 -2.111313874332328320e+17 -3.646588457324967500e+15 -2.443657441754336640e+17 4.797014824392358400e+16 2.439021252471232000e+16 1.420402178820880000e+16 3.930525828686772000e+16 4.634750566388066400e+16 4.154802564730477600e+16 2.706025990334481600e+16 2.427298919274055600e+16 7.930463415289635200e+16 5.887935375528492000e+16 2.824452860083654800e+16 4.835709158623795200e+16 3.453727695771783600e+16 9.099904294843164800e+16 2.468845179928888640e+17 1.489029698992287360e+17 4.163462306087056000e+16 -6.829727373314925000e+15 1.093787021756366560e+17 8.439138943456860000e+14 3.355542984140303200e+16 1.427085470211394000e+16 3.506340761665129200e+16 2.751405045004434400e+16 8.430960177181966000e+15 3.537795135924181600e+16 4.605038050627799200e+16 4.580347779175075200e+16 9.308839334479696000e+16 1.181883726454281120e+17 2.312881428579095200e+16 3.103552893874166000e+16 3.988573599083184800e+16 6.143985371466704800e+16 2.995251018245731840e+17 1.074171718223597920e+17 -2.306262552012037600e+16 3.018253495751955600e+16 2.436493176846069600e+16 2.656748531284751200e+16 3.033241860665571500e+15 -2.722777294472360500e+15 -2.255637680494787600e+16 1.945818609861389200e+16 6.454776421815448000e+15 2.257808937326413600e+16 2.210854535971546800e+16 3.024661971251292400e+16 2.753322459607743600e+16 9.655255851730954000e+15 2.396814813845309200e+16 2.805088901495833600e+16 3.504691502568292000e+16 4.232025902266624000e+16 5.325729859648493600e+16 5.413241209310500000e+16 -2.295983568851001500e+15 7.837139469732516250e+14 -6.084272901015882000e+15 1.050854328063916000e+16 2.523920769772610800e+16 3.202742023517091200e+16 1.317012953202981000e+16
-2.722588373911856079e+11 5.083093591016033325e+11 -2.223322633440880737e+11 -3.574535825974547577e+10 -1.189656842867672424e+11 -7.607313406142355347e+10 -4.143149430518514252e+10 4.753019830769259644e+10 -4.995778537514412689e+10 -4.351831974670420074e+10 -9.104418172629722595e+09 -1.367769320113150597e+10 9.673934336015092468e+10 2.447710319292412415e+11 1.368117445334555511e+11 7.121957370313627625e+10 1.413585272053309631e+10 1.264308112257503700e+10 4.099159836747028351e+10 1.507521900168148422e+10 4.409206201332848358e+10 1.887597285601377487e+10 -1.033050198576013446e+09 8.000008026976873398e+09 3.874844935095518494e+10 3.557057779079429626e+10 1.221982999094266510e+10 1.953221848481280518e+10 5.637096497699454308e+09 2.771287555876115036e+10 7.608586070194705963e+09 -3.461533820099058151e+09 2.863744282701423645e+10 8.359712718410667419e+09 1.330584269856321335e+10 1.538496839885877419e+10 -8.741390857087702751e+08 1.727351424902550125e+10 1.711181972260933113e+10 4.351725470108934402e+09 3.597194742221294403e+09 1.200954210957378006e+10 -3.191686339065748692e+09 -1.584909572853692055e+09 -8.181458944915237427e+08 5.518181282951658249e+09 2.558549761720269203e+09 3.978069778515828133e+09 -6.889911196855376244e+09 9.532472563765260696e+09 1.302086968907559586e+10 -1.911145010831239462e+09 4.991908622595768929e+09 3.006066888249388695e+09 5.254141658462768555e+09 1.645683976886124032e+18 8.690554968000508800e+16 -5.978388899731317600e+16 -2.808891496786905600e+17 -2.385611256645187200e+17 -2.496531223589469120e+17 1.577332829445087800e+16 -9.306293025890852800e+16 7.715094683877104000e+16 3.386053410737205200e+16 -5.542030985563032000e+15 6.680206497551270400e+16 3.844818681854678400e+16 3.078402458655180800e+16 -5.309501807757166000e+15 5.235865676271052000e+16 -4.945310943275131200e+16 -5.496876164864443000e+15 4.690948312810059200e+16 4.015756082179556480e+17 -8.634284466278519040e+17 -5.543723923055988800e+16 -1.019438633382013920e+17 4.232302780066343500e+15 -3.734335813475198000e+15 -2.884138171086288500e+15 9.731544605939248000e+15 -9.252306010257956800e+16 -4.456265103932152500e+15 -1.270559448839586200e+16 4.690699910406429600e+16 -2.758346570750679600e+16 -4.907719558033021440e+17 -7.092350114625512000e+16 4.933931347971516000e+16 -3.688963900694477600e+16 6.315342001250925000e+15 1.345125939634697400e+16 6.808981350313448000e+16 -3.757648718529558400e+16 5.547332590573435000e+15 4.984136818385262000e+15 -1.003960923397314800e+16 5.612585003594965600e+16 9.520281681899624000e+15 -3.914518208968889600e+16 3.158027071388299000e+15 2.696106707163372400e+16 -8.466180858284284000e+15 2.944985926311033600e+17 1.523988613361232320e+17 6.077380977495541600e+16 1.605863385929929800e+16 4.276199857092935040e+17 1.910500640866127600e+16 3.183504284598711600e+16 9.425412638648668000e+15 4.250778302558677000e+15 8.281164597375732800e+16 1.055073230178065000e+16 2.119673127969118800e+16 2.946245163850666000e+16 6.688478935171897000e+15 4.867540273129605600e+16 1.772279225611025600e+17 4.774034346807616000e+16 3.407749816136628000e+16 5.624463943499058400e+16 2.385151038472610312e+14 1.074171718223597920e+17 7.609682555193794560e+17 -2.553688199813190080e+17 -3.186114741971938400e+16 5.322005230341056800e+16 -2.439571488075064400e+16 7.712692367454648750e+14 -2.489097753481612000e+16 -1.337391554593409440e+17 2.978235620761200000e+16 -1.781538261168509000e+16 2.764303065577238800e+16 -1.505985320152300200e+16 -8.862625556480615000e+15 8.570271628607668800e+16 1.752017708697511400e+16 4.391007870060115200e+16 5.063400440694233600e+16 2.000891667549804800e+16 2.064650678346428400e+16 1.305364644112335040e+17 3.967246712484232000e+16 -4.561278782038968800e+16 1.115395312493820600e+16 2.395213616815890000e+16 7.587824972236867000e+15 8.466195356329193000e+15 4.676370118267292800e+16 2.344016255170922400e+16
5.072454920427837891e+12 -6.753851437648341064e+11 6.103471013039261475e+11 -8.261747006937565918e+11 6.315332038138575554e+09 -8.431986047633468628e+09 5.765657528386834717e+11 1.835886369285425949e+10 5.667985081594376221e+11 -2.707312694097569275e+11 -5.905280156470191650e+11 -1.186068582331589966e+11 -1.074103081149996948e+10 -1.504146093315511780e+11 9.485555956477493286e+10 -6.275142843405016327e+10 -1.276157951215114899e+11 1.463607430459312134e+11 1.061891726421844940e+11 -5.954249429516265869e+09 1.781765833387406006e+11 -1.848964931605085611e+09 7.045882560858401489e+10 6.037783766330194855e+10 -6.258692588116719818e+10 -2.112029911069558716e+10 5.326315033600273895e+10 5.555734800651088715e+09 -2.390364950548041916e+10 -1.540818278520800781e+11 -2.870672025886295319e+10 -2.351228503249475956e+09 -3.073040796004397583e+10 2.397945855563194275e+10 6.068480325865690231e+09 -1.046417542857529755e+11 -1.260780725123858261e+10 -1.205285561464223328e+11 2.382316780067719936e+09 -3.137883385785543442e+09 1.399766692402906990e+10 -7.726262075694081116e+10 1.784598852474103546e+10 -5.895994334168354797e+10 3.190687995630002975e+09 -1.065536494831840820e+11 -9.779289695084461975e+10 -2.484792965685199356e+10 5.806508401691439819e+10 5.506721380084373474e+10 -5.467862952056312561e+10 2.626470297599135971e+10 -2.403566067149356365e+09 6.786586534598391724e+10 2.919220486099575424e+10 -1.912726505608703232e+18 2.946648531547699200e+18 -1.928731730542896128e+18 -1.055013620214434944e+18 1.771389753138074829e+19 3.748651103673200640e+17 -4.479502543941966080e+17 4.039377992219644800e+17 -4.470271227962783360e+17 -9.264529756056040960e+17 1.615140854315640576e+18 -4.881667031948028160e+17 1.041149367851443800e+16 -5.214590596118552960e+17 1.638952510058366400e+17 1.080508919407481088e+18 2.704365269065964480e+17 -4.981692874250196800e+16 3.138341080957096320e+17 2.152622067795239680e+18 1.671845415917637760e+17 1.056766787398626250e+15 -5.287410602583447680e+17 8.746077290538064000e+16 1.252873382759586080e+17 1.425079285509600800e+17 1.723885207549446080e+17 -5.222978893438297600e+17 -4.619168008299240320e+17 -4.657976334008617600e+16 -2.180760145643497500e+15 3.060921088075500800e+17 1.346654769592930560e+18 2.924534026712660480e+17 3.465047057970978304e+18 4.821366825172294400e+16 -1.322566814494457280e+17 -6.247369261993980000e+16 9.252321697265964800e+16 2.012292115784942750e+15 -3.578880483581197500e+15 -1.548640201699925120e+17 -2.217964083714122240e+17 -1.093745793133396640e+17 5.907770238955169600e+16 2.254893497358190720e+17 -9.060836569757697600e+16 -1.171064703864102720e+17 -7.196844233786725600e+16 -1.370498614901989376e+18 1.829178637754774272e+18 6.577658167407247360e+17 -2.345161692830136000e+17 -8.268541886354544640e+17 -1.421791623579048480e+17 6.541466477404036800e+16 -3.176269155632665200e+16 -1.577452229620716160e+17 2.247617158370199040e+17 1.190582363880157000e+16 -4.385273236300503200e+16 6.921849420781293600e+16 5.937011419987992800e+16 -3.745098049940013600e+16 -5.798421259711050400e+16 -1.530312709150898560e+17 -2.374689000821930240e+17 9.605236215333049600e+16 -3.200146137231755200e+16 -2.306262552012037600e+16 -2.553688199813190080e+17 3.204890755513076941e+19 5.517423521656684800e+17 1.019027042120726912e+18 6.633162877706065920e+17 1.706628282021708800e+16 -2.020673215064182400e+17 4.200050361603319040e+17 -2.505320814134962880e+17 -4.443936529736767200e+16 -3.070115423958326800e+16 -6.738619189283714400e+16 -4.935339187058476800e+16 8.333188891196542400e+16 5.027481468152012000e+16 5.927266767602572000e+16 5.294743412515644000e+16 -7.325819184241794000e+15 1.180748385729872000e+16 -1.234378944129679360e+17 -1.038663557098039200e+17 -5.966794463357966400e+16 3.309178560221212160e+17 1.725860358364309120e+17 7.325294238195632000e+16 -1.002869996313078080e+17 -5.318125979170912000e+16 -6.637324478137232800e+16
5.335239895707827148e+11 -9.043892730961523056e+09 3.183195209714322510e+11 1.674392768617685242e+11 -2.749025317150558853e+10 7.826551166171757507e+10 2.917687113686607666e+11 7.221012176665650635e+11 5.030725358633840332e+11 9.189929383391484070e+10 1.500779036568463745e+11 1.123666076076540833e+11 5.400235949417536163e+10 5.734727328459257507e+10 6.214217017895499420e+10 -4.836852212772170258e+10 -2.955891664162580490e+09 -8.861303052155054092e+09 3.061499476572914124e+10 -9.034173535729646683e+09 6.201487358176313782e+10 9.039084340712492371e+10 4.422719830571035004e+10 4.768103279445772171e+09 -1.725991848063708878e+10 -1.780808437179415512e+10 -5.364843725101357698e+08 -1.749486484923157883e+10 -1.115664633441774559e+10 2.235740717852996826e+10 3.161164597405437469e+10 -7.930139253056669235e+09 1.449279703195587349e+10 -8.082122973901479721e+09 3.317507307827104568e+09 -1.628367301632162666e+10 4.698471087960330009e+09 -5.079207655018119812e+09 4.521915762157116890e+09 -8.884129361241060257e+09 6.740948021144983292e+09 -3.630703316736177063e+10 -2.564005471176012039e+09 6.096420148305804253e+09 7.662807685847847939e+09 -1.606494808436407852e+10 -9.747708154025424957e+09 -2.548347504380694199e+10 -1.298918403221160316e+10 4.606077503242383003e+09 3.033334669251316547e+09 -5.756652188377791643e+08 1.566834799452636337e+10 -1.051598676434181786e+10 -3.322255656365427017e+09 -9.535588844586891200e+16 2.233971369295824000e+17 3.962514466075348480e+17 -2.020701034261603520e+17 2.776923573175204352e+18 4.344366480481571840e+17 -1.626833335952221120e+17 3.136453077482625920e+17 -4.880971594691569600e+16 9.139598845884972800e+16 -3.068873061075369600e+17 -2.095869316299480640e+17 2.505506358575093120e+17 2.166875610818562800e+16 1.517770671857959680e+17 1.458368204704190080e+17 5.370085602881239200e+16 1.798983619590956800e+17 2.845670111121523840e+17 7.739390607504628800e+16 4.744687634078204160e+17 7.051950490353275200e+16 5.229341638732842400e+16 -8.832776246584955200e+16 1.271258188709761000e+15 1.090810577377177760e+17 2.637516612872695680e+17 2.388930373092439360e+17 -3.107372385837476400e+16 1.637411683073449280e+17 1.345705106355560320e+17 7.586257281033864000e+16 2.853937804185362880e+17 4.910068014808585600e+16 6.196428790318686720e+17 1.699950044602549760e+17 6.789895198604428000e+16 1.990052344723042560e+17 6.129418503891400800e+16 4.905364917412543200e+16 1.383564770936085280e+17 8.844166909700868800e+16 9.559851551071286400e+16 5.119669330607498400e+16 1.472648057894383680e+17 8.248039642008624000e+16 6.255865780484946400e+16 1.076803336281652600e+16 -4.251952334130240500e+15 -9.543611898634329600e+16 2.023052960127343040e+17 1.994979667640440960e+17 2.876998116498012160e+17 2.599137309329552320e+17 -4.582697797137062400e+16 4.969999532329417600e+16 1.216169365258886880e+17 8.710640304066782400e+16 -1.147968442647822560e+17 -2.662537906388603600e+16 5.187316016875230400e+16 7.670582516602910400e+16 1.564744196413813600e+16 3.872363175859713600e+16 -8.715158548199569000e+15 -1.013240737026059520e+17 -4.168124108249223500e+15 6.711654852189043200e+16 3.456713681185803200e+16 3.018253495751955600e+16 -3.186114741971938400e+16 5.517423521656684800e+17 2.319113746167485440e+18 -1.589156479115373760e+17 1.176603520339988800e+17 2.459063929536665600e+17 2.022972097617620400e+16 -1.920835538345480640e+17 2.610703415101737200e+16 6.655998650995706400e+16 5.261588713039452000e+16 1.366449045902921250e+15 -2.149344261161712800e+16 -8.618069652339280000e+16 -2.265214290995664400e+16 2.026997356609680800e+16 7.177743944766046400e+16 2.911759993262638800e+16 -1.358181508454728000e+15 -1.064430080297938800e+16 6.111656004147392800e+16 3.426947481095974500e+15 2.349791637322621200e+16 8.893275035231016000e+16 1.831172366805752000e+16 2.097317313659762400e+16 2.515659112675236400e+16 -2.625103055954301200e+16
-7.005415077956543945e+12 -6.135758633208633423e+10 -1.073943385798771729e+12 -1.053927639344966187e+12 1.506446259112964844e+12 1.116149229729570618e+11 -2.555646857985708923e+11 -6.205458790663003540e+10 2.338825365064691467e+11 1.998798717836694031e+11 5.192022641952567749e+11 2.439483249723610840e+11 3.522040077500961914e+11 -1.067951914322729797e+11 1.738727322736233215e+11 2.803002690279201050e+11 2.564030604182586365e+11 -3.304728103775017166e+10 -3.637112150638502502e+10 -2.652351977763531494e+10 1.656711398644027519e+10 8.434602503208760071e+10 1.594049427190646667e+11 1.320977335897783813e+11 7.393875999200848389e+10 -3.787951216808147430e+10 -2.119727418800038452e+11 1.947722629163031769e+10 -4.974466381946098328e+10 1.440092220726554565e+11 5.963580419152369690e+10 4.463662494613246155e+10 -7.457461695469253540e+10 6.508112492152425385e+10 1.535884807422786865e+11 5.104771030101837158e+10 3.809781172987721920e+09 2.143196531575572586e+10 1.106543293936533356e+11 1.938380766788690567e+10 4.217753997042731476e+10 -6.779338768422519684e+09 9.413369613506408691e+10 -2.218481477810401535e+10 -1.138265585282348633e+11 -4.032027981396182251e+10 -2.271423793295401764e+10 6.026743070796359062e+09 -1.102175315704579620e+11 4.321606958070420837e+10 1.097275261933730316e+11 -2.408827886748008347e+10 9.535024606856974792e+10 1.230949725279405670e+11 8.783938550919378662e+10 -1.108923610716631859e+19 9.723181540917159680e+17 -1.414456180631611392e+18 2.351490193858079744e+18 -3.438145939168750592e+18 1.610478364484467712e+18 -4.817014193742026880e+17 8.987152279269273600e+17 -5.628923773288336640e+17 6.279249189742170880e+17 1.481004099250582016e+18 -3.530950745537231360e+17 -2.137952324108771520e+17 -4.721881478205502720e+17 6.031507524558608640e+17 5.858964987822549760e+17 -4.817288145641486720e+17 1.294167248575842720e+17 6.020189707076302400e+16 -2.135803273699872256e+18 -1.209100279001749248e+18 -1.650313999920800320e+17 4.795891873564736000e+15 3.299621984220126400e+16 -1.186459375452514200e+16 1.315223845984447040e+17 -3.449919436869520640e+17 2.475753108607339520e+17 2.414391364362015040e+17 1.445434798020134720e+17 -3.757920665059751200e+16 5.999697218140666880e+17 1.172470473314181888e+18 -1.625361793323149760e+17 -1.761790347774392064e+18 6.758299815397804800e+16 2.457684285648938560e+17 1.414505488030258200e+16 -4.048897055307983360e+17 -1.313185541526653280e+17 1.317731854162009760e+17 -1.208489643765085760e+17 1.274406640675030880e+17 -2.038163310406989440e+17 -7.474681107772539200e+16 1.520403323001574080e+17 3.693705979528577280e+17 1.419676384170677760e+17 4.190156737418474400e+16 -2.297131235921913088e+18 3.344615663809982720e+17 2.390998886390961280e+17 1.012135292379121280e+17 -2.529984261735716864e+18 5.566403428319488000e+17 1.387538450115924000e+17 1.054424310454595040e+17 7.312310044459340800e+16 -7.506573243176189440e+17 -1.202404761416903360e+17 1.248994139858954560e+17 6.161472277828823200e+16 1.734456747784117760e+17 1.447765838700382400e+17 -9.954109293455173120e+17 -1.965229698323723200e+17 8.757082220906865600e+16 -8.555260456186176000e+16 -1.934511257714041280e+17 2.436493176846069600e+16 5.322005230341056800e+16 1.019027042120726912e+18 -1.589156479115373760e+17 3.441098370009356288e+19 4.366011038406622720e+17 -4.980598326652330400e+16 2.908073549385235840e+17 -4.529159698134161280e+17 7.671823447946158080e+17 2.619887949015569920e+17 2.079399306714635840e+17 1.164175267227650080e+17 1.816171890411241920e+17 -9.454104234616817920e+17 -8.417410665686529600e+16 2.025855594266438400e+17 1.738941966847947000e+16 6.919576235312359000e+15 3.822278833115362400e+16 8.810979097428860800e+16 -5.562400617896161280e+17 -2.218609781466930880e+17 4.703111670632230400e+16 3.169516261323098000e+16 -2.577461941155194000e+16 5.311916454569910400e+16 5.025705397576315200e+16 1.852556856423946560e+17
-7.192780017053093262e+11 3.351539563128292847e+10 -1.918408228588800964e+11 -2.040078665438728027e+11 2.452337423934237061e+11 5.461072779432022095e+11 4.858162442401355591e+11 1.086882347956633911e+11 8.278382843902339172e+10 2.028604048632872314e+11 1.897867853623463135e+11 6.238142872068745422e+10 8.833547425844700623e+10 5.819249981815593719e+10 1.138538913202272034e+11 4.578759808999337006e+10 1.213639094562727165e+10 2.179065239344773483e+10 6.992974523063745499e+09 1.847110041036895752e+10 2.346011009900076389e+09 -4.350546177209948540e+09 -1.397159580386642838e+10 -1.651544127375175953e+09 1.793411231504264832e+10 1.911104412752785492e+10 3.981892212537743568e+09 4.187701766007390022e+09 -2.226123076146971226e+09 3.974745948989350796e+08 5.746608958168674469e+09 2.423943741197373581e+10 -1.541172701958181381e+09 -9.378279849384958267e+09 -4.134539265448745251e+09 -1.166458634565670013e+10 -5.626980711462872505e+09 -1.331394449502563667e+10 1.634766236658644485e+10 1.660603496632657242e+10 2.339094397735544205e+10 -7.548265673968988419e+09 7.965779240913591385e+09 -8.309927265848327637e+09 -6.100146000882902145e+09 -2.966666265426447868e+09 -1.549139628619293690e+09 -1.111086548905160141e+10 -4.959614164432779312e+09 -1.892329689371467590e+09 -1.493049918974515676e+09 2.765463511657532692e+09 3.711127609392963886e+09 -1.952217732375461340e+09 -5.782229411639993191e+08 -9.182909675119367680e+17 3.182564448287853440e+17 -5.828008641785992000e+16 -6.322144187087584000e+15 7.030948326604718080e+17 3.360036680379618560e+17 9.315412290045920000e+16 -4.538967115496608000e+16 -1.257865842499459040e+17 5.948829217943239200e+16 1.344582539709022208e+18 -5.583631637985769600e+16 1.739013932002921920e+17 2.405160718433460800e+17 1.684852905206637120e+17 -1.527246231884791200e+16 4.864773671072818000e+15 -2.326325455762006400e+16 1.627547498412675520e+17 1.756962180940116480e+17 7.506071142172784640e+17 2.004570043806097280e+17 2.630447082668247040e+17 -1.337655624054937440e+17 2.807044643418232000e+16 1.739952369761945920e+17 6.496041749330901600e+16 8.217015819485065600e+16 9.562794697662553600e+16 1.192049573273081760e+17 -1.328119910266125400e+16 5.810590144453502400e+16 6.767240965234612480e+17 1.829016196914097600e+17 -9.961218584732086400e+16 8.801054922293870400e+16 9.332787871899273600e+16 3.664909606211124800e+16 7.852345266146380800e+16 9.401220254840342000e+15 1.073626425214136800e+17 2.295211762596748000e+15 3.111755023362145200e+16 -6.637592421000097600e+16 1.136633440765877200e+16 9.219654326172627200e+16 -7.790824163270373000e+15 3.210338585438066400e+16 5.347320915663281600e+16 3.659689563961285120e+17 2.950019516572001280e+17 1.469464831660352640e+17 8.656297492906243200e+16 2.067081877396749440e+17 1.246210645875262880e+17 2.049774352731911040e+17 5.044426837783849600e+16 5.966794786965699200e+16 3.322781311938379600e+16 -1.771289753596770000e+16 8.558902517045201600e+16 3.179578383207314000e+16 2.668538117671728000e+16 6.807117599183495000e+15 4.050539529582296800e+16 -1.396741523345208800e+16 5.967663488541239200e+16 -3.262567870506207500e+15 2.410774272871508400e+16 2.656748531284751200e+16 -2.439571488075064400e+16 6.633162877706065920e+17 1.176603520339988800e+17 4.366011038406622720e+17 1.095806861479775744e+18 1.100877293674541760e+17 7.211209391160980800e+16 2.074222214441987200e+16 6.278652412571957600e+16 1.493109211058633600e+17 6.914429435207038400e+16 4.130538230066339200e+16 4.675703813118448000e+16 7.762612110774838400e+16 1.846037952233166000e+16 8.632649794063617600e+16 5.253528679299808000e+16 4.727100834596790400e+16 3.246451015142064400e+16 3.054002527606791200e+16 -4.835480350586105600e+16 1.155895250982169600e+16 8.855394184170396800e+16 2.161297059014278000e+16 3.075032570001219200e+16 2.037160679055521200e+16 2.759751210747806800e+16 6.527531168073340000e+15
-4.672720936237364502e+11 3.260910940242734375e+11 2.293209539546397400e+11 1.653133665255690765e+10 6.008023869361994743e+09 3.637590693164343262e+10 1.913115794116903687e+11 3.383697971215333862e+11 2.445651669400099487e+11 2.332620768747615051e+11 9.426872045730766296e+10 4.758252464198268890e+10 2.708618478323350525e+10 2.733717035419600296e+10 4.061501070174184418e+10 8.085723711206750488e+10 4.154421714953637695e+10 2.012581757854975128e+10 4.453018172558995819e+10 3.116552590751520157e+10 3.123730729202730942e+10 1.078972103436941910e+10 1.208079070646645069e+09 -5.254058606361099243e+09 2.391323455517353058e+10 5.546016572431416512e+09 6.267197908951777458e+09 7.020765956288437843e+09 1.202221781703739738e+10 1.084677426148430443e+10 1.561787468201646042e+10 1.390186288163217926e+10 2.037247832347835541e+10 5.934172050430236816e+09 1.101292770581218338e+10 2.518400120005472660e+09 8.996848288340015411e+09 4.737064383864360809e+09 1.728148801261151123e+10 1.029509503381811714e+10 7.564130962506246567e+09 -3.063184922397208691e+09 -1.416767653214563608e+09 5.483187904005549431e+09 6.407011102666049004e+09 1.390286459540664196e+09 1.050380958264939308e+10 -2.998251315565364957e+08 3.269094549147920609e+09 2.905955334454306602e+09 5.701869357880340576e+09 5.432900786884922028e+09 3.291568676661084652e+09 4.071287947810536861e+09 8.771578435034624338e+08 6.800544873464598400e+16 7.100845787516515840e+17 1.431823762099811680e+17 -1.241897509964709280e+17 -5.652194339757914880e+17 2.735512847061878080e+17 3.921917362545780000e+16 3.603530539737732000e+16 -6.154130669006965600e+16 3.568836086410537600e+16 -3.015004505288430080e+17 1.199592209155162880e+17 1.194310737772558080e+17 4.154393919454338400e+16 5.168309335152791200e+16 5.517856133372828800e+16 4.181666191225588800e+16 4.326069805817332000e+16 1.901084224350460160e+17 1.088137669195075360e+17 1.204049850524881600e+17 1.675682811807475840e+17 1.009068271576438080e+17 3.258735290537254400e+16 1.348670934550728800e+16 7.441069276912612800e+16 1.239894040464503840e+17 4.477347594503816800e+16 3.074814057960964000e+16 6.741930636560055200e+16 8.101179509695264000e+16 1.116078260238628480e+17 1.836563163405162880e+17 5.900488537486760000e+16 1.817085088435078720e+17 3.279717107119298400e+16 7.740623715764393600e+16 8.942367646564153600e+16 5.201399431013564000e+16 4.670584152762917600e+16 6.038937158388704000e+16 4.877848141905480000e+16 5.280997197027031200e+16 8.722804852579729000e+15 1.676520186006219800e+16 4.211713920645068500e+15 3.939050224224860000e+16 4.627684042894296000e+16 2.917237140460998800e+16 -3.398676024613122800e+16 3.113920493385099600e+16 6.648466269829856800e+16 1.121042715214061280e+17 -3.693050972150657280e+17 4.736237727771069600e+16 6.587414938841661600e+16 9.969361777142267200e+16 5.113029816223310400e+16 1.065282623507197800e+16 6.626451936776739000e+15 2.944924688548774800e+16 2.429237654617968400e+16 2.143179362176127600e+16 2.456298182218496400e+16 1.177122418491682200e+16 1.911659455201227200e+16 3.091433808302311500e+15 5.456252006725463200e+16 3.475280586715239200e+16 3.033241860665571500e+15 7.712692367454648750e+14 1.706628282021708800e+16 2.459063929536665600e+17 -4.980598326652330400e+16 1.100877293674541760e+17 3.629134585048922240e+17 1.070101772759360960e+17 -7.195339820472952000e+16 -5.254655961327630000e+15 4.698177952379856800e+16 5.675253563200777600e+16 4.066769871362236000e+16 1.899278855524388000e+16 2.737766071906888800e+16 1.225948655103675600e+16 2.869344375953975600e+16 5.298356793374264800e+16 3.374162050083494000e+16 1.337226583348676000e+16 6.756159981742302000e+15 -2.797969516734140800e+16 1.645456823175043400e+16 -4.111585356545775000e+15 5.140912640945936000e+16 4.079123482010676800e+16 1.248946306781079400e+16 7.774551187945576000e+15 2.792400080480799600e+16
-2.658244471449660339e+11 -8.245980221830139160e+10 1.292068307989260559e+11 3.304386952334874725e+10 -1.675880286461449623e+09 5.314016164805171967e+10 -1.519664160261147118e+10 1.927551174407057190e+10 1.885651271432270508e+11 3.194845373205236206e+11 1.877571136162154541e+11 3.868220678579345703e+10 4.833655590710328674e+10 1.940482881003965759e+10 3.347152210300082779e+10 7.219697110146903992e+10 4.643906074669914246e+10 -2.837423230786899924e+08 9.678625982599313736e+09 1.128701078202057266e+10 3.340115475559407234e+09 -4.551089678379570961e+09 1.168866584950424576e+10 1.515101180387079620e+10 -4.428030118896401405e+09 1.066716511452053642e+10 1.333431670816742325e+10 1.821036376546683502e+10 9.703398516502494812e+09 2.615973323741128159e+10 2.607764787700318146e+10 1.378660334446251488e+10 1.417539548892593002e+10 1.999309005459734344e+10 2.275077102874737930e+10 8.844186680023181915e+09 4.398388361060318947e+09 5.700082057633091927e+09 1.628093163833685493e+10 1.851559929485608673e+10 1.151539927467891693e+10 8.008893277761332512e+09 1.497441791063264275e+10 1.457944058550489807e+10 1.186100405072761536e+10 8.184459779464166641e+09 1.093326496299058342e+10 4.645045396685824394e+09 5.089870569734366417e+09 3.868930062519325733e+09 1.107577586003812981e+10 1.150058668079198647e+10 1.486251086273966789e+10 1.225618341763803482e+10 1.320888192550224495e+10 -7.845863301850141440e+17 2.976237521869713920e+17 -2.233710288197201280e+17 4.398424026295387200e+16 -2.385713042896064000e+17 6.059514619474665600e+16 6.172973448716945600e+16 -5.788750229488110000e+15 5.790519911008537600e+16 -2.800455255109174000e+16 -1.939972478763856640e+17 -3.121354505191677200e+16 -8.964621284501265600e+16 5.442928477547205000e+15 -2.324141311009579600e+16 -3.726227511188264800e+16 7.747074648928137000e+15 -2.770741047393986000e+16 6.464414110846791200e+16 -5.054782375272806400e+17 -3.956485982123586560e+17 9.904059462209112000e+16 4.823849585714656800e+16 -1.394448354349931000e+16 5.527120851057364800e+16 3.970009010735093600e+16 6.739903161280736800e+16 -4.684567980348733000e+15 7.937067802726804800e+16 5.472359953896129600e+16 9.225889831847617600e+16 8.313452140757457600e+16 8.937313253647568000e+16 -4.382015374104418000e+15 1.092977200472561000e+16 -2.059197773002182000e+15 3.887012680021844800e+16 -5.875729555770285000e+15 -5.507404633880850000e+15 5.076866815422952000e+16 5.541703771547926400e+16 3.730830752721306400e+16 4.647738768305577600e+16 -4.383378682568940000e+16 2.275066639018077600e+16 -1.371321678969756500e+15 3.332501721043286000e+16 6.002774503946772800e+16 4.957894658846932000e+16 -4.038287259811189120e+17 -1.098038101299387040e+17 6.523195405400653600e+16 2.554581194478431600e+16 -2.439226748307387200e+17 3.103489019969875600e+16 7.121178925595104800e+16 6.256549792587934400e+16 1.255135482059937920e+17 -4.165275415567175200e+16 1.474680255464871200e+16 3.580117106829040400e+16 1.113222725890207000e+16 3.054205354964051200e+16 3.286170673649729200e+16 -8.441913035820315200e+16 1.302213626383608800e+16 5.081885018182521875e+14 3.322304102044021200e+16 2.935073515965753200e+16 -2.722777294472360500e+15 -2.489097753481612000e+16 -2.020673215064182400e+17 2.022972097617620400e+16 2.908073549385235840e+17 7.211209391160980800e+16 1.070101772759360960e+17 4.674618743905203840e+17 -7.875288322547992000e+16 -1.307344300362960800e+16 4.334474136826670400e+16 3.098484552041126800e+16 8.279458729629633600e+16 3.451214663142832400e+16 -5.137067369727780800e+16 -2.113314531000609600e+16 3.649736612392222000e+15 1.637184244237176800e+16 4.622230270158632000e+16 1.348300465369466200e+16 -1.392658134381070750e+15 -9.846491276916563200e+16 2.992462357907614000e+16 -5.378547894692604000e+15 1.643602671639107000e+16 4.109970812547749600e+16 2.731559252308185600e+16 1.205117858658037000e+16 2.103693515210936000e+16
-1.168564998732070160e+11 2.210623531711311340e+10 6.322138580264848633e+12 7.292823837711656494e+11 2.652696773267774658e+11 2.783812546697255249e+11 5.823325353219019775e+11 3.090240617162114258e+11 2.596281236723497620e+11 -4.122913006554792786e+10 6.168032230281468506e+11 -4.406973633929531097e+10 2.465534585519316101e+10 -4.358893657596238403e+11 -3.117228870932092896e+11 -2.103408852567080688e+11 1.085429547005704498e+11 -6.998368032192662048e+10 -8.505649059191964722e+10 1.563020868982474060e+11 -1.305296080477042694e+11 -1.198930808662511902e+11 3.132158178489818096e+09 4.046554253185493469e+10 -1.535252214664100075e+10 2.131110245022945251e+11 5.482203916271591949e+10 -1.328496900650256195e+11 2.084295109785085678e+10 -6.059250901416748047e+10 2.597362892301881790e+10 -6.694623409117992401e+10 1.742226309100782013e+10 7.482478566020927429e+10 1.830500179289693909e+11 3.487224954785356140e+10 -3.684289338779678345e+10 -3.317581100385409164e+10 -5.300202640599150848e+10 -4.574450689037461090e+10 -4.863583556938468170e+10 2.757937295449593735e+10 -7.934107076419195557e+10 5.373374306249477386e+10 3.474353506106627655e+10 -1.954429760321179581e+10 4.095081296755757141e+10 5.515883798511115265e+10 1.735201428037389040e+09 -3.976149158959171295e+10 -6.945362684697067261e+10 -1.264724856414576569e+11 -5.772692659046185303e+10 -9.269419062679600525e+10 -6.755715804724974823e+10 1.045906648408968602e+19 1.408353574773291827e+19 2.009429913011552512e+18 6.462574858428218880e+17 -4.448335630453752832e+18 2.396450669216662528e+18 2.778852645977009280e+17 1.094994652622589952e+18 1.379158569717456000e+17 5.998492760098288640e+17 5.604654030966481920e+18 -4.772511992580442000e+15 1.304105899708801792e+18 9.290784330059344000e+16 2.653915695494423360e+17 4.638549327464083200e+17 9.636954479434985600e+16 2.659881759791679040e+17 -4.151390299041864960e+17 -6.567714573919948800e+18 2.413464966258373120e+18 -2.004474630609134720e+17 7.446353870860579200e+16 2.824078520318534656e+18 2.315318152542060800e+17 -8.338167854815585600e+16 2.101235225085590400e+17 5.987538253429112320e+17 9.438752110997897600e+16 -4.643636519379235840e+17 5.412003676165113600e+16 1.117109186782263520e+17 9.093556910655735040e+17 9.289054243807470080e+17 5.774756905075457024e+18 -8.648698937117382400e+16 4.191331507331732480e+17 8.297045373327252800e+16 2.514662028612930048e+18 6.396160479854014400e+16 -2.130942230161305920e+17 2.019544523353477440e+17 1.670725655542158720e+17 -1.674391740540721800e+16 -4.898745915109255200e+16 -2.909224186531558800e+16 3.974445337287633920e+17 2.333124137678642880e+17 2.437897204007559600e+16 1.084617872921029120e+18 9.699602732365871360e+17 9.037416838695950400e+16 -1.578276169515180480e+17 4.743447390385909760e+18 1.041877606351325200e+16 -2.995074260570472800e+16 -3.474388721508070000e+16 6.703813107929691200e+16 2.879464582839450624e+18 4.274102675965365760e+17 -1.819087505991329600e+17 -6.967632131307703200e+16 1.853942481913997120e+17 -4.218689490195226400e+16 9.580402583635020800e+17 1.105566519411306720e+17 -5.354683169250221600e+16 -2.230387313918863360e+17 3.049417887991373200e+16 -2.255637680494787600e+16 -1.337391554593409440e+17 4.200050361603319040e+17 -1.920835538345480640e+17 -4.529159698134161280e+17 2.074222214441987200e+16 -7.195339820472952000e+16 -7.875288322547992000e+16 5.196349806990826701e+19 1.068666301462323968e+18 -6.110358660540840000e+16 1.459808058054342400e+17 2.470819203288962800e+16 7.505663987713996800e+16 3.233007223457978880e+18 -3.251342378746401200e+16 -2.655882109407072000e+16 -1.676407620905344640e+17 6.026049174937834400e+16 -1.667481758928864640e+17 -1.261233328124182560e+17 6.096395035675040000e+17 -1.271793934773924160e+17 -3.306807855817424800e+16 -1.862225254863458560e+17 1.767766875837714800e+16 1.369142298258378560e+17 -1.499256931270108200e+16 -1.876125487325934000e+16
1.112613459312289551e+12 3.505908469155568848e+11 4.171832241373267212e+11 1.292337371155678711e+12 1.115660386970891846e+12 1.374831074194228821e+11 1.693233266556570435e+11 -6.369950997190176392e+10 1.671575242222182989e+09 -2.798887031701572037e+10 4.853755746056903839e+10 1.742283864765691528e+11 1.804150688928669128e+11 2.477620594774874496e+10 1.247107596183519592e+11 1.001954083115519257e+11 3.938835407084933472e+10 3.725856532496389008e+10 -3.969293695742812347e+10 1.229517417489502335e+10 6.041370675621494293e+10 6.614720717763577271e+10 3.289083347348693466e+10 1.356126092767007065e+10 4.356244957268688965e+10 4.776809384082468414e+10 3.497677261528538513e+10 1.724170244986968994e+10 -9.288790640279148102e+09 3.601958233331031036e+10 2.171244844018778324e+09 1.795019500076472855e+10 1.688613289338306808e+10 3.145130662962054825e+10 2.938711472957622147e+10 2.493769833404407883e+10 -1.381607502979515076e+09 2.119542696773454666e+10 3.208450271091593933e+10 1.780617262632928848e+10 2.192644508252575302e+10 1.658562629438131142e+10 4.689774742989877319e+10 1.291471740370681763e+10 2.319204300833825302e+10 7.167531979658941269e+09 9.847676536731027603e+09 2.045334493556785202e+10 1.088431651709253311e+10 2.065661336325680161e+10 3.053434572962513733e+10 2.746056661862245560e+10 1.787735681655724335e+10 6.915606676049266815e+09 1.963674953577379227e+10 1.103467122077339392e+18 8.877487343526733000e+15 4.804145452592991360e+17 1.009289282544769536e+18 2.190181033139689472e+18 3.396546141240418560e+17 6.501972657987580160e+17 -6.108574526991844000e+16 1.910383607806507200e+17 -8.748606725408176000e+16 6.691481791948629760e+17 9.954136836330339840e+17 -2.853946119159053440e+17 2.462712158709191680e+17 6.305225962298914400e+16 -1.741499354193299840e+17 1.700231471712644160e+17 -2.454882137401885600e+16 -7.172546408202096000e+16 4.418271462137389440e+17 1.262967504846643360e+17 -7.611702730975066000e+15 -1.379753596439838800e+16 6.754650618153110000e+15 2.093617909679790080e+17 6.577739135465540000e+15 -1.173023814299160960e+17 -3.213585661070040320e+17 1.490450546315290560e+17 7.691038921081006400e+16 -1.419023975962080000e+16 -3.257020055674925600e+16 4.213280069761416960e+17 -7.689490186657452800e+16 -1.901083523965848640e+17 3.156985534479073920e+17 1.097161559248557600e+16 -4.435744099235962400e+16 -8.449895697090612800e+16 2.750447328754024640e+17 4.084572485640790400e+16 2.704618101604887200e+16 6.117514800398636000e+16 -1.391244298092698400e+17 2.401792102193504640e+17 1.361475589361671600e+16 3.145144650812113500e+15 4.867109875053931200e+16 -9.981674048542340000e+15 -1.418085901762532320e+17 6.439480032710193920e+17 5.767575968426910400e+16 -3.963450433075964500e+15 -1.648815151408328640e+17 3.538097394058033280e+17 4.773141807281360800e+16 3.379341967305141600e+16 -5.281952171459515000e+15 1.668564723565346000e+16 3.358190842328355200e+17 8.620826712688136000e+16 -2.177216942683490800e+16 2.316489495126018800e+16 3.443670676979794800e+16 -1.366788794125287680e+17 2.246065511039843200e+17 1.108461906620866720e+17 6.086733574224770400e+16 -2.147465132467753500e+15 1.945818609861389200e+16 2.978235620761200000e+16 -2.505320814134962880e+17 2.610703415101737200e+16 7.671823447946158080e+17 6.278652412571957600e+16 -5.254655961327630000e+15 -1.307344300362960800e+16 1.068666301462323968e+18 1.699942328006766080e+18 1.696573968246267200e+17 4.362853565830571200e+16 7.299858166798090000e+15 3.284619462547578000e+16 1.343868312019569600e+16 3.060876716614399360e+17 9.226659312303985600e+16 3.155996608914219200e+16 2.519513649083244000e+16 3.258741063090672000e+16 3.321466495413473200e+16 -1.628266347470821440e+17 1.859431593191461120e+17 8.357664164320166400e+16 5.279538408283806000e+15 1.246796939510280000e+16 2.763381611151329600e+16 2.670582611458702800e+16 2.272519298161411200e+16
-1.458331699964858704e+11 1.045496478625079346e+11 6.376006031030407715e+10 1.245899463272445831e+11 3.695077778516546021e+11 5.484342334029475708e+11 2.876354789395049438e+11 9.430759005252561569e+09 7.914974317038206482e+10 6.813002249417194366e+10 1.146428028697671814e+11 1.156431890628032532e+11 9.148988790463412476e+10 1.758131912601891327e+10 4.507096686820298004e+10 2.646051146368579483e+10 1.411580027449861717e+10 -2.684240582686012268e+10 -2.567937702050807953e+10 2.248325831303399086e+09 1.969372174978756332e+10 -8.677433600776924133e+09 -1.333767967618576622e+10 4.856397316892941475e+09 5.021132288246092796e+08 -1.879986877495811224e+09 -1.007071092265711975e+10 -6.169068163268727303e+09 -1.347312410001482201e+10 5.143052170647054672e+09 -3.438489876500897408e+09 -3.097331980673492908e+09 1.171324379583105659e+10 -4.172181669865879536e+09 -1.162293363502808189e+10 -9.032039006473562241e+09 2.968645478433317542e+08 -3.424602035742064476e+09 3.442740954893300533e+09 3.033625273316661358e+09 7.614307767919147015e+08 -1.033389041302055359e+10 -7.540337396448887587e+08 1.738902345111015797e+09 -6.921172821032382011e+09 -7.071118577200787544e+09 -4.416712949477934837e+09 -8.965177819723411560e+09 -1.027357083176375961e+10 1.114610408421819687e+09 6.324365459784878731e+09 2.022869359784539700e+09 -3.102033314512582302e+09 -9.348777276653238297e+09 -5.817376617758527756e+09 -3.103262329800851840e+17 5.824018354353047040e+17 1.196855853538910240e+17 4.779233190675343200e+16 1.955683271441127936e+18 2.778166497541539200e+17 2.485417408866413760e+17 2.084430642048778240e+17 1.999952880706999040e+17 7.861559913551014400e+16 4.736916284138946560e+17 1.792490980078424000e+16 2.136343219769502400e+17 1.209965389493556160e+17 1.849237046764390080e+17 1.224438055262902240e+17 7.442777970132806400e+16 5.376271717203312000e+16 7.790651022610366400e+16 1.340491023216532160e+17 3.003531648742734720e+17 9.770728903134073600e+16 1.360540435920487040e+17 -3.199752723582658800e+16 6.357049088124120800e+16 1.021476619258465920e+17 1.794329199456658800e+16 5.354458796825894400e+16 2.550968934163106400e+16 4.994976527916229600e+16 2.181480475078973600e+16 1.667728330673381000e+16 6.366704616457844800e+16 1.783224089505719360e+17 -1.011340401011972160e+17 1.024318127938647520e+17 9.185036004352576000e+16 2.208946940098425600e+16 -3.875334371978916800e+16 5.719415699532591200e+16 1.024673725177548000e+17 2.237747313674780800e+16 5.532775228736465600e+16 1.229836092365675000e+16 1.387995141044921200e+16 8.527609758100867200e+16 4.079453718698760800e+16 4.996644173501989600e+16 4.448180977466467200e+16 1.240745192446934560e+17 1.713836347148483520e+17 9.461693423835993600e+16 4.650020615024000000e+16 4.212994874199855200e+16 6.671465370889716000e+16 9.064396207957336000e+16 3.879947912135207200e+16 2.959758808323445600e+16 -5.149262809884998400e+16 4.851196063262098400e+16 1.284776490524344160e+17 3.779807865366639200e+16 1.208687207644287600e+16 3.055384739527426000e+16 -4.462285384997802400e+16 2.215408137266509600e+16 6.988265391757068800e+16 3.648926354456397600e+16 2.757428820493732000e+16 6.454776421815448000e+15 -1.781538261168509000e+16 -4.443936529736767200e+16 6.655998650995706400e+16 2.619887949015569920e+17 1.493109211058633600e+17 4.698177952379856800e+16 4.334474136826670400e+16 -6.110358660540840000e+16 1.696573968246267200e+17 4.323573219292238080e+17 6.877326020744896000e+16 3.164114644115207200e+16 2.259539964734315200e+16 1.900608804054002750e+15 2.012735508942692000e+16 1.129003058607128160e+17 2.772940502706063200e+16 2.660661613672049600e+16 1.754884062532220000e+16 1.207404389500620800e+16 -2.408429717622361000e+15 1.625502308111315200e+16 8.772780035869680000e+16 2.943132693533888000e+16 1.955880186440670000e+16 1.000169107747873800e+16 3.809148272899610500e+15 1.449823293308698400e+16
-3.083662439008239136e+11 -2.370122721289585114e+10 -1.864243107448448420e+09 -8.605483094127685547e+09 4.099326014200486755e+10 3.334391373087865448e+10 2.721495406563581543e+11 2.820563175856065063e+11 1.297975862829953461e+11 6.367731287462283325e+10 1.078393721887355194e+11 1.578221740565634155e+11 7.540932905717999268e+10 4.929807354095597076e+10 9.070614358011674500e+10 6.934970560774868774e+10 6.041170813513398743e+10 3.118289553547863388e+10 2.450236190275390625e+10 1.862251702074956894e+10 1.798439031479229736e+10 3.838256087156929016e+09 3.534020057402601242e+09 -1.186370853295643234e+10 -2.857291962595138550e+09 3.985169051482965469e+09 1.125764107105424118e+10 1.593171572006324005e+10 4.987993442152741432e+09 -6.563559999565258026e+08 1.221015637399100304e+10 2.552328578926494122e+09 6.730829801213853836e+09 -5.735005955037925720e+09 1.223626830673225021e+10 1.137393677678010178e+10 9.645839242981464386e+09 1.306091828587222576e+09 8.598862724273107529e+09 1.435321970734494209e+10 7.821553994126575470e+09 5.525769141390618324e+09 1.672168500055925941e+10 5.571025844754757881e+09 4.776339762475573540e+09 1.284094579500787735e+09 7.858785132888632774e+09 1.468062145609972239e+09 4.202050050080754757e+09 3.675778231276775837e+09 7.717204328600172043e+09 5.437460876662030220e+09 -1.114930284679926157e+09 1.263168052957497835e+09 6.423507160357493401e+09 -3.526373329208499200e+17 9.634584203988044000e+15 -2.397550589736890400e+16 6.861449022531184000e+16 -1.192018898331643648e+18 1.306842592967421000e+16 8.420258724603612000e+15 1.108626734988062240e+17 -2.752963312860544000e+15 -3.193986772683634000e+16 3.330894363795169280e+17 -9.271219412505851200e+16 1.151511161927921600e+17 3.781319760153730400e+16 1.166098746830989600e+17 1.704739698346013120e+17 4.153788931833649600e+16 8.972793867813436800e+16 1.226735072938230080e+17 2.812265841156627200e+17 -8.422821188632532800e+16 3.720950345495673600e+16 2.167914348476882000e+16 -5.172366882000601000e+15 2.918369480365892800e+16 6.484713699179135200e+16 6.140316882441895200e+16 3.251937721978699600e+16 3.266524234247268400e+16 -5.828411940574676000e+15 6.460553582107430400e+16 6.072132275957912000e+16 3.007407659119132160e+17 3.720709549859242400e+16 -8.995666465798027200e+16 7.573044339988705600e+16 8.346390609173556800e+16 7.550019915683000000e+16 1.044733744164692800e+17 4.560096459722812000e+16 3.815798507272671200e+16 6.460591711504519200e+16 2.983247995170053200e+16 1.142112636728746080e+17 -9.956709304357228750e+14 4.997703438130976000e+16 7.471017681896528000e+16 4.692235395654716000e+16 4.180360918559473600e+16 1.798305090162483800e+16 1.833359099424464400e+16 8.315541205564464000e+16 7.130673835048691200e+16 5.298418281347511200e+16 4.165235345593562400e+16 5.149208150828127200e+16 4.978151205023229600e+16 6.191152428620680000e+15 4.941912180732926400e+16 1.974690043365628000e+16 4.335462343771944000e+16 7.485134569388348800e+16 2.553523804280224800e+16 2.478685398862282400e+16 8.628423651397276800e+16 1.723750461517575500e+15 3.602113739430134400e+16 5.442596663971221600e+16 1.808234308939066400e+16 2.257808937326413600e+16 2.764303065577238800e+16 -3.070115423958326800e+16 5.261588713039452000e+16 2.079399306714635840e+17 6.914429435207038400e+16 5.675253563200777600e+16 3.098484552041126800e+16 1.459808058054342400e+17 4.362853565830571200e+16 6.877326020744896000e+16 2.493031692547690240e+17 5.431429237695932000e+16 2.302531579144996000e+16 3.366113957477315600e+16 -7.087440683430462000e+15 3.940400230161221600e+16 6.563761033647531200e+16 3.832889753618940800e+16 2.862218879919089600e+16 3.423200635966246000e+16 4.546750547170343200e+16 -3.178604454098859500e+15 2.455823585759426000e+15 4.018347159835797600e+16 2.266212028678294800e+16 1.243891383052018600e+16 2.803150097716786000e+16 5.538883806184820800e+16
-4.335127134989232178e+11 -1.642774748601284790e+11 -7.636905628793830872e+10 -1.033742435675530243e+10 3.510319490284359741e+10 4.263572968048808289e+10 -1.851510146042393875e+10 -5.873978054361484528e+09 1.274540305088071899e+11 1.739703497264865723e+11 1.822639037910329895e+11 1.372069682894158020e+11 9.565236185668946838e+10 8.179337782705730438e+09 5.823376476341415405e+10 7.151871884705302429e+10 2.479357287730962372e+10 6.902016854758976936e+09 -3.628477501474442482e+09 1.495877387173310089e+10 3.357309550734616756e+09 -8.867482344143804550e+09 -2.917486419592201233e+09 1.069213246073680639e+09 6.018126796999312401e+09 9.233717889781085968e+09 -1.628564261894324541e+09 1.396241248749942207e+10 4.597994584114019394e+09 9.620114739167911530e+09 1.477614688569683456e+10 5.938495803750686646e+09 1.657689324591700077e+09 6.172362923734531403e+09 6.175341249547327042e+09 -1.168506809724902868e+09 4.960362363458788872e+09 7.623241855342062950e+09 5.999649970845868111e+09 3.990472122383419514e+09 2.540040015748841286e+09 1.515061806993230343e+09 1.092041944945150185e+10 3.179383150947654724e+09 6.258880774787922859e+09 -3.642184409841499805e+09 2.823355521740917563e+08 5.629837360808853149e+09 3.230114961305322647e+09 -2.732649603573154449e+09 2.118196484364502668e+09 5.627986613548879623e+09 1.225780862748309612e+09 5.761083463836095810e+09 7.840787944820660591e+09 -1.108564708031891712e+18 -2.436581156620348800e+17 -2.323496410069624320e+17 -1.681699544246822080e+17 1.535488738981974400e+17 -1.660236844356428480e+17 -7.391058175993844800e+16 1.186392797997672000e+17 -3.989764312204018400e+16 5.174610044585520000e+16 5.550909299773020160e+17 4.737727958092126400e+16 -1.609707354604191000e+16 2.800961014715858800e+16 1.709839724601034800e+16 -2.129230133772778400e+16 -1.775323014858360500e+15 -7.005701275347050000e+15 5.162437302810612000e+16 -4.657429381801206400e+17 -2.989442832074644800e+16 4.339193893592863200e+16 4.523034089759196000e+16 -4.332135643076292800e+16 2.304888571826278400e+16 1.305384965080188800e+16 2.677966151240728800e+16 7.776263330648937600e+16 8.407866834491425600e+16 4.148073041913272800e+16 3.978008483366213600e+16 4.177599837015497600e+16 2.292911251711122000e+16 6.150459835267142400e+16 3.037347337361643600e+16 3.673016067450489600e+16 4.063218947025233500e+15 2.964786701385252000e+16 4.925041711975051200e+16 6.515378546851343200e+16 3.856411139131339200e+16 1.878832541406282000e+16 5.590881622128385600e+16 4.331858632893998500e+15 1.463053906598723600e+16 5.785730137021634000e+15 2.739951401675030800e+16 6.727087024342422400e+16 4.989104036129297600e+16 -1.006221370603239520e+17 -7.632213026432875200e+16 2.112890045941964800e+16 -1.607643240653722000e+16 -1.265724179468787680e+17 4.082832563373876000e+16 4.352511890832723200e+16 1.249361778037849800e+16 5.045798718809374400e+16 -3.882622643415999200e+16 7.726413385478420000e+15 1.765179953305543800e+16 2.235125169745382800e+16 4.785215451555848800e+16 3.496378617492916400e+16 -1.416041315924032200e+16 5.221662429578598750e+14 -3.478342921502946000e+15 -7.004575627014262500e+14 3.017239083009921200e+16 2.210854535971546800e+16 -1.505985320152300200e+16 -6.738619189283714400e+16 1.366449045902921250e+15 1.164175267227650080e+17 4.130538230066339200e+16 4.066769871362236000e+16 8.279458729629633600e+16 2.470819203288962800e+16 7.299858166798090000e+15 3.164114644115207200e+16 5.431429237695932000e+16 2.163375713645925760e+17 6.978062965197386400e+16 -3.301811968239569200e+16 -1.017655862572736200e+16 1.160481331239869200e+16 2.182551970210867200e+16 5.428305474971922400e+16 2.318480491307188400e+16 1.088010883016162000e+16 -9.087281274983496250e+14 -7.618502872379447000e+15 1.289517289036503400e+16 1.310261824921300600e+16 2.180216370739755200e+16 2.895021024008464800e+16 1.605622165719686600e+16 3.226688744350034800e+16
-2.756708256241767578e+11 -2.757665508157998047e+11 -2.760023501177836304e+11 -1.231316405928158569e+10 3.928212931253839874e+10 5.128295007097880554e+10 8.892986794496662903e+10 8.253903375136355400e+09 1.810387181773207474e+10 1.501149184104922104e+10 1.346984191044090576e+11 1.809217706899565735e+11 1.112266084689691162e+11 3.954217878149252415e+09 5.320869958401447296e+10 5.853713923140007019e+10 3.035097494349615479e+10 3.238381340095721436e+10 3.289397303521336746e+10 7.102017263021136284e+09 1.989200105473984909e+10 2.461511770334519577e+10 1.190410172488352013e+10 2.557280270307316303e+09 1.622392932832273674e+10 2.534639622666495895e+10 6.308262552468852043e+09 1.461941309355126190e+10 8.969659031608411789e+09 9.573439655721170425e+09 1.188962162073679924e+10 8.632056603721044540e+09 1.807565298035197067e+10 1.187499926010923958e+10 8.811247362269336700e+09 1.061250213163868523e+10 6.508160249577405930e+09 8.078749359555866241e+09 -4.246757271417771816e+09 1.352817891474517632e+10 4.020281689119568825e+09 4.723722187340858459e+09 7.849515479325606346e+09 9.081247430928081512e+09 8.026137294179497719e+09 8.267754865701187134e+09 1.118071608902756500e+10 8.402209254405534744e+09 -4.837160290091702938e+08 3.576093991434162617e+09 8.583047950138850212e+08 6.389608825030338287e+09 5.515988045079313278e+09 6.247479466006143570e+09 7.482788116746386528e+09 -3.207306091199086720e+17 -3.001382864080282240e+17 -1.583258236138918720e+17 -5.545930234199811200e+16 -9.381437573102545920e+17 -8.638247199216086400e+16 -1.664692523650493000e+16 -2.845799790664220400e+16 -4.135909615948064800e+16 1.836980516471164400e+16 -2.583740282412351040e+17 1.972735185297845120e+17 -1.461775573168377600e+16 -1.766662488291198600e+16 -3.792601056494710400e+16 -3.189291566855024800e+16 -4.030862987312272800e+16 -4.075870355556925600e+16 6.800760844604032000e+16 4.533971480091143680e+17 -2.643603592499354240e+17 5.296427245206477600e+16 4.882074615604098400e+16 3.050655026869855600e+16 -9.171479406331444000e+15 -1.097682796595854000e+16 3.204951581262352800e+16 -5.782707203019080000e+15 1.531327773865924800e+16 -1.757814745589053600e+16 2.319131131256961600e+16 -9.376634856087210000e+15 2.621739769706799040e+17 7.015105751256440000e+15 -3.216899786121893120e+17 2.803739495543162000e+16 3.338168736848490800e+16 5.843889545870276000e+16 -4.679761005745913600e+16 1.151250822537344000e+16 4.300793243605716000e+16 2.699380869319696800e+16 2.585144457638170800e+16 1.307997115831457800e+16 2.283343258508098500e+15 3.755899491136828800e+16 5.008967731184423200e+16 6.764879947287269600e+16 6.918595539128091200e+16 -1.837744229321234560e+17 1.282774717817352640e+17 2.557080470713251600e+16 2.417545883736280000e+16 1.003824516939369120e+17 -4.938725703790526000e+15 1.739780493495490800e+16 1.185182664591605000e+16 8.176707206353248000e+15 -1.473742614157962400e+16 2.129623411959815200e+16 1.897022072913243200e+16 2.585162790083588800e+16 3.435396406181074400e+16 7.518869289263305600e+16 -6.789359829520564800e+16 -1.081380858903931400e+16 -1.387425368592992400e+16 2.856019039129270500e+15 -1.215159319281132000e+16 3.024661971251292400e+16 -8.862625556480615000e+15 -4.935339187058476800e+16 -2.149344261161712800e+16 1.816171890411241920e+17 4.675703813118448000e+16 1.899278855524388000e+16 3.451214663142832400e+16 7.505663987713996800e+16 3.284619462547578000e+16 2.259539964734315200e+16 2.302531579144996000e+16 6.978062965197386400e+16 3.047557567283738880e+17 -6.662055125990527200e+16 -6.295007878883566000e+15 4.465612604265957500e+15 1.311218778307488800e+16 1.941671954984760400e+16 5.146075076243880800e+16 1.136284064940006400e+16 -3.067052861044878400e+16 -7.032886486513658000e+15 3.886624030302724500e+15 2.345858747926797600e+16 9.345727268310576000e+15 3.806347866343316800e+16 1.577965950026208200e+16 1.956623793359752000e+16
5.032395715564576172e+12 6.300775223590644531e+12 3.360483212285078125e+12 1.587231116598932495e+11 3.138194692933498535e+11 -1.437103592796389160e+11 2.248099713389406128e+11 1.410035841116225891e+11 -1.336765850131242943e+10 -6.868336611676027298e+09 7.010229256296296692e+10 -1.134758049961423874e+10 1.300541614368660278e+11 1.692708058075140686e+11 7.602595937229855347e+10 -4.871828898985925293e+10 3.528320022723251343e+09 -6.057088200189820862e+10 9.422423562693920135e+09 3.106103680366940689e+10 3.685323045498094177e+10 -1.223091142144614029e+10 -5.042325429374902344e+10 -8.107046905357695580e+09 1.490203886127183342e+10 3.515971875983776093e+10 -1.510252665020704269e+10 -9.076498007117218018e+09 -2.227342085631425476e+10 6.236278224653417587e+09 3.431433916150048065e+10 2.239793733977857208e+10 2.110754286437735367e+10 5.064872889775376892e+10 -5.614470093532998085e+09 -2.128862087425070190e+10 -4.426171276908087921e+10 -4.081983857827035522e+10 -1.420178680612015343e+10 -2.017940843524345398e+10 -3.774314526662153625e+10 4.480016016726829529e+09 -3.679435075015170288e+10 1.718632357777362823e+10 1.224537821000911522e+10 3.094685553970486069e+10 -4.130800141745781898e+09 1.561501174645284843e+10 2.496930176358033371e+10 8.136499359804776192e+09 -2.692249581266019440e+10 -4.791722412731683350e+10 -1.145228761741706848e+10 -1.874058922813953781e+10 -1.643767777428932381e+10 1.208804088627055821e+19 1.005221803812595712e+19 4.999385868011490304e+18 -1.720014301111882560e+17 3.451790011158033920e+18 3.343474919988276736e+18 -4.165113101054272000e+17 3.961771012394812416e+18 2.490829667579145600e+17 8.318683513788419200e+16 1.362786643482965504e+18 -2.769654876491612800e+16 3.070284906443881984e+18 -3.586536085966555200e+16 1.079246786312031520e+17 3.852994052760153088e+18 -2.445459622162386560e+17 6.522756652662799200e+16 -1.844886407689654720e+17 1.690821906222831872e+18 -7.398277183968870400e+17 1.392793206282575400e+16 -2.136686616103584800e+16 3.031054837183794176e+18 -9.370405319804985600e+16 -1.559000484579378000e+16 7.026041876140984000e+16 3.727785419431768576e+18 -1.364348338740424480e+17 7.385049254512676800e+16 5.367281584740181600e+16 1.104640080120225120e+17 -7.789223287494424320e+17 -1.489959309165500800e+17 2.421463231705692160e+18 -1.578691647696910080e+17 -5.651461387869470000e+15 2.348221465090418800e+16 3.423697725160667648e+18 -1.386184472016123520e+17 -1.021776330386348000e+17 4.268136296437365600e+16 -3.719876556420768800e+16 3.939972692645486080e+18 -7.108239643654894400e+16 4.166219933671432000e+16 -5.285587873922241600e+16 -4.368692532454929600e+16 -5.926823819247809600e+16 1.773458516827257600e+17 4.578443541125219200e+17 7.377938073949953600e+16 -3.098686137954439500e+15 2.506012350201831424e+18 -4.717059358098523000e+15 7.357724925136507200e+16 -4.133319778989828800e+16 -6.807928420884233750e+14 3.253528291129728512e+18 -9.949370557980220800e+16 6.132305293279265600e+16 2.372618736941196400e+16 3.770527098409091200e+16 2.261536887449364800e+16 4.203694033523019776e+18 -4.692936942415833600e+16 4.723219473055136800e+16 7.191476715453861600e+16 3.384888747727478800e+16 2.753322459607743600e+16 8.570271628607668800e+16 8.333188891196542400e+16 -8.618069652339280000e+16 -9.454104234616817920e+17 7.762612110774838400e+16 2.737766071906888800e+16 -5.137067369727780800e+16 3.233007223457978880e+18 1.343868312019569600e+16 1.900608804054002750e+15 3.366113957477315600e+16 -3.301811968239569200e+16 -6.662055125990527200e+16 5.197182378676592640e+18 1.364316072391801920e+17 1.717252446454753200e+16 2.389778701580940800e+16 1.207718317474354000e+16 1.574200312800726500e+15 7.385429090051622400e+16 3.853710228763674624e+18 1.648102392073395250e+15 8.230145640788403000e+15 -2.204521698055406800e+16 3.604543316721760000e+16 7.316018334240764000e+15 3.179840756031799200e+16 5.768770181962188000e+16
-6.114138778383254395e+11 2.642568003976648331e+10 1.397074608678480469e+12 1.446377442395217041e+12 6.936882681097320557e+11 7.752090563507388306e+10 -2.255323097607604218e+10 -1.713748390974109650e+10 1.549580044795065308e+10 -2.404139223669400406e+10 -8.866718800558128357e+10 -1.168025159767685318e+10 -1.041021127652363396e+10 1.189998726541023865e+11 1.005867526604476776e+11 5.037532783094441223e+10 4.675966148185369110e+10 -1.660360930360978508e+10 -8.362913951068470478e+08 3.544676387365705872e+10 1.715620477593966484e+10 2.641414872939318848e+10 1.006438191086157227e+10 1.437772303573874664e+10 3.302234890856399536e+09 -5.608757466261009216e+09 2.910137320019736481e+10 2.965732384491176128e+09 -1.247228138275458574e+09 2.213064215412630844e+10 -1.022870467054978180e+10 8.974592886486114502e+09 -7.193262746452505112e+09 7.841666823179518700e+09 1.403911117547368431e+10 2.061853297441173172e+10 -9.158966885334302902e+09 7.447029868017460823e+09 -6.702234281238523483e+09 -2.055937848477480173e+09 -3.397423118279342651e+09 1.403376920399283600e+10 1.490675805475359154e+10 2.983590883100054264e+09 -1.818287243395452023e+09 5.032269197147974014e+09 -1.018118434143905163e+09 4.203488109641411304e+09 8.330469700416008949e+09 1.751578675068063974e+09 1.654877444895604134e+10 3.122277896349308968e+09 9.004687249755892754e+08 7.503573778056797981e+09 6.080599317753724098e+09 8.674198778620099840e+17 4.774880164009772800e+17 3.366228526382091520e+17 8.730226082328057600e+17 -2.407124263704335872e+18 3.631150719040986400e+16 6.463747771290508800e+17 -2.788703608542108160e+17 2.104038153901109120e+17 -2.535811821229838400e+17 -1.597498470397108800e+17 5.729842720933623040e+17 -7.506427713238611200e+16 2.676548003453898880e+17 6.572866625031714000e+15 -4.526801015346750080e+17 3.266108368076492160e+17 -1.763969282704633800e+16 -6.072418001387872000e+16 8.570016440579116800e+16 -4.259676627190407680e+17 1.214897873793312480e+17 -4.837916672300989600e+16 -3.121235607534153200e+16 2.335644107174254400e+17 2.679832327653206800e+16 -3.885667941643916000e+15 -3.233000375001492480e+17 2.260700778057470720e+17 9.214427267589059200e+16 -2.074781304846473200e+16 -5.959474656256707200e+16 6.126101495471803200e+16 -7.687566655444868800e+16 -1.416731136139077440e+17 2.111182466625562240e+17 -1.497692892719485200e+16 -9.691445131473302000e+15 -2.232963001856008000e+16 2.372902051456405760e+17 -5.711647151191478000e+15 -3.590762512555610400e+16 -2.559019175822159200e+16 -2.585533119702575360e+17 2.774207572668268480e+17 -3.098407101210646000e+16 -7.111244634249548800e+16 -3.507689524036173600e+16 -4.717145700355418400e+16 -8.605757927991126400e+16 6.105720708631105280e+17 -2.117426354571504800e+16 -1.295789011907501600e+16 -9.547504538141348800e+16 2.380226458042700160e+17 5.892774202107911200e+16 9.993748650975606000e+15 -1.793595209503990200e+16 1.175156742994083200e+16 2.359315038812610240e+17 -7.758261684259007812e+13 -1.203801990466781800e+16 1.067880621790383400e+16 1.415669453339870800e+16 -2.239583098961248640e+17 3.417455661013160320e+17 6.523025351788839200e+16 3.368393237582790800e+16 3.513381267035491500e+15 9.655255851730954000e+15 1.752017708697511400e+16 5.027481468152012000e+16 -2.265214290995664400e+16 -8.417410665686529600e+16 1.846037952233166000e+16 1.225948655103675600e+16 -2.113314531000609600e+16 -3.251342378746401200e+16 3.060876716614399360e+17 2.012735508942692000e+16 -7.087440683430462000e+15 -1.017655862572736200e+16 -6.295007878883566000e+15 1.364316072391801920e+17 7.276558374956145920e+17 7.808555288796990400e+16 3.004831430213548800e+16 1.092686237015459200e+16 1.194912626375730400e+16 1.593185403132537400e+16 -2.405516629804944000e+17 3.562525566321683840e+17 5.360808467900914400e+16 7.373576071331646000e+15 1.610130948125455400e+16 -1.138799642246778000e+16 2.062905653483563200e+16 2.314043646105295200e+16
3.165542713087252808e+10 4.501039865493180847e+10 -2.568527798201362610e+10 6.009689706017993164e+10 5.147481073702401123e+11 5.255505019892094727e+11 2.473667659720362244e+11 1.296838764862495232e+10 -1.404833557311491203e+10 2.896279202259454727e+10 2.746104374930554581e+10 3.744198195309315491e+10 4.069866693941406250e+10 8.508906615132948303e+10 6.449196936220265198e+10 5.209486813611878967e+10 4.297278539486009979e+10 -1.215534312320156097e+10 2.577235873434224701e+10 6.276440269068066597e+09 9.527089874759565353e+09 5.641833923849233627e+09 -1.671318732744158268e+09 -2.908447649246452332e+09 -8.330249266905609131e+09 -6.637786689928322792e+09 7.889543627119146347e+09 1.514531968846907854e+09 1.459418758903759766e+10 2.038568306213651276e+10 -6.837776574850049019e+09 -2.521299339776597917e+08 1.071431252973202515e+10 3.023970740558104515e+09 2.875255521004276276e+09 1.405194130007480812e+10 4.494416002207386971e+09 7.382871826316687584e+09 3.069061598474740028e+09 3.409256754349823594e+08 1.049393598971514130e+10 -3.193407655954500198e+09 7.237893576067009926e+09 1.056243685479546738e+10 1.914495928563273191e+09 1.373213012841668844e+09 -7.387925555114611983e+07 2.688365560313769817e+09 4.433706055159096718e+09 6.132498682296534538e+09 1.177903765310710907e+10 -2.177551231177447319e+09 -2.710717308497773170e+09 1.762487636713694811e+09 1.405887985889835358e+10 -6.447511108099877120e+17 4.946313107907363200e+17 -9.218369880742731200e+16 2.205485532906579200e+16 2.817102940685359360e+17 -1.003219156942769280e+17 3.791715273516285600e+16 2.387099449244908400e+16 2.084388286190254400e+17 2.920168599718333440e+17 6.278027014667297280e+17 6.979630242624769600e+16 -1.607691578670809600e+16 1.109642114172956640e+17 1.742424993723628480e+17 -1.636968625633185920e+17 8.134736398524702400e+16 6.357248117414477600e+16 4.662857803675870400e+16 5.220419338407952000e+17 1.228728682513952800e+17 1.220792345569912960e+17 1.874654507959244800e+17 -7.810901575763044800e+16 2.285956293512912000e+16 8.448950974954896000e+16 -1.447637759964503800e+16 -1.607907079083824320e+17 -8.895714892115338000e+15 9.782338978361547200e+16 1.386212258451084200e+16 -4.649528812537804800e+16 -1.115346329915163520e+17 1.794305229345588160e+17 -9.427212250910867200e+16 7.850808481948406400e+16 5.960315235019810400e+16 2.665808176659153200e+16 -5.575994897338931200e+16 3.281839736873348800e+16 7.460888382147670400e+16 1.417178371254989000e+16 8.717120593130050000e+15 -1.657412746451520640e+17 4.979514944274758000e+15 6.067937844683885600e+16 1.608224276488740200e+16 3.796674676763226400e+16 2.165921611823828400e+16 4.494660260161542400e+17 5.516230277462133600e+16 6.992305882534014400e+16 2.751444158382537200e+16 8.274208940073643200e+16 7.105549979820094400e+16 8.576258904231273600e+16 3.599339643309842800e+16 1.716527340407134600e+16 -6.588342714028168000e+16 2.767500002025166400e+16 1.002682466462475520e+17 3.177269245648683600e+16 2.100403722100036800e+16 3.409082931399487500e+14 -9.423892037891699200e+16 4.364074343875056800e+16 1.422102868409994080e+17 4.614325243421736000e+16 1.777630688883863800e+16 2.396814813845309200e+16 4.391007870060115200e+16 5.927266767602572000e+16 2.026997356609680800e+16 2.025855594266438400e+17 8.632649794063617600e+16 2.869344375953975600e+16 3.649736612392222000e+15 -2.655882109407072000e+16 9.226659312303985600e+16 1.129003058607128160e+17 3.940400230161221600e+16 1.160481331239869200e+16 4.465612604265957500e+15 1.717252446454753200e+16 7.808555288796990400e+16 3.344202192029024640e+17 4.914451651001957600e+16 2.122621737629570400e+16 8.860484124243078000e+15 1.425079736018638400e+16 -1.574003869268854080e+17 2.661789924893979200e+16 1.282927261272096480e+17 1.824304553350634800e+16 4.298758256566874500e+15 6.199039096865985000e+15 9.156177384799220000e+15 1.501819719111890200e+16
3.748721517864577637e+11 1.332769248199646187e+10 -1.958189623784024429e+10 -5.070489900920054626e+10 4.103973962399036407e+10 3.565990671855302429e+10 2.082358030930466614e+11 2.815187255941965332e+11 1.574509849949258118e+11 5.076920118080930328e+10 2.404092851471999359e+10 2.312869821041284180e+10 6.250991573420556641e+10 1.223499492053557281e+11 9.379211870988334656e+10 6.189715161381211090e+10 2.886683941310788345e+10 9.233974276722631454e+09 2.869859396987680054e+10 1.072071932811886787e+10 1.278345627287953758e+10 2.924679916062328339e+09 9.817000283061274290e+08 1.268455038889956856e+10 1.427853080546417046e+10 1.164360643563782692e+10 1.973211364358885956e+10 1.908540688459620667e+10 7.303714267509303093e+09 2.683582403599865437e+09 2.846371226398952484e+09 4.910620809028877258e+09 5.857225827705681801e+09 3.061496702518182278e+09 9.716140430896924973e+09 5.552650912150744438e+09 3.330160109389355183e+09 8.207589697753874779e+09 5.750619299349115372e+09 9.096296756538417816e+09 3.518348661359218597e+09 -1.250948502857904285e+08 8.711745953053798676e+09 4.812247751106909752e+09 6.760454782469556808e+09 4.013501266595001698e+09 1.166414891426841164e+10 2.239839573705168247e+09 2.151844225127830505e+09 5.875095172786029816e+09 4.822401794003947258e+09 2.933769072924861908e+09 5.174020891633081436e+09 5.719018204495550156e+09 4.463108251688935280e+09 2.637172445158546240e+17 4.283446328137100800e+17 1.760126056104774080e+17 -7.765092219933120000e+16 -1.651212839732011520e+17 1.482183805340274560e+17 6.664995478333753600e+16 8.931983931710516800e+16 -5.109202259819323200e+16 -1.387761483258099000e+16 2.262561794197463360e+17 6.285924260374399000e+15 7.259262749713766400e+16 2.999069277120685600e+16 4.445800383039538400e+16 4.583111997146488800e+16 6.675356952646637600e+16 6.724714174997232000e+16 1.440764427902195360e+17 5.949437509257329920e+17 3.858590235385123200e+16 5.254048932613928800e+16 -3.819065453596241600e+16 1.952110062329531600e+16 7.359271215123307000e+15 3.345106036134184000e+16 7.320760734259587200e+16 3.134285218209792800e+16 1.733346820326054200e+16 2.769829247091498000e+16 6.377055311767086400e+16 -1.103592838878332000e+16 2.414803557581672960e+17 -1.706718363387569750e+15 1.158326374858478400e+17 1.510329005699101400e+16 5.115656874988406400e+16 6.402585856076552000e+16 3.697029379540552800e+16 1.056108822908417200e+16 4.739383262303850000e+15 3.356999433809840800e+16 1.695194270400039500e+15 5.527415892828630400e+16 2.719273274130143600e+16 1.513564740723220800e+16 4.711818666077546400e+16 1.771454856830337000e+16 1.138143972604047600e+16 -1.611216435083900200e+16 -1.677232900511761200e+16 8.386492483302190400e+16 6.977715068756614400e+16 6.924216556073588800e+16 -2.223520920701736000e+16 3.566473314541723600e+16 4.355277751189499200e+16 2.052153923108781200e+16 -7.669215237519634000e+15 4.988924151790070000e+15 3.027370316970270000e+16 4.831860892026325600e+16 3.292149003770486800e+16 5.702968079802290000e+15 8.892086594630875200e+16 1.945313185912191200e+16 4.412857885448847200e+16 9.908581816136012800e+16 3.599403900425241600e+16 2.805088901495833600e+16 5.063400440694233600e+16 5.294743412515644000e+16 7.177743944766046400e+16 1.738941966847947000e+16 5.253528679299808000e+16 5.298356793374264800e+16 1.637184244237176800e+16 -1.676407620905344640e+17 3.155996608914219200e+16 2.772940502706063200e+16 6.563761033647531200e+16 2.182551970210867200e+16 1.311218778307488800e+16 2.389778701580940800e+16 3.004831430213548800e+16 4.914451651001957600e+16 2.143624914381285760e+17 4.639395590100037600e+16 7.893329502266931000e+15 2.850659144761921600e+16 7.836617903822624000e+15 1.463563596110666000e+15 3.459923210153840400e+16 6.956427890748139200e+16 2.619082657785028400e+16 5.334337513051973000e+15 2.383038919304224000e+16 3.294644969232126400e+16
-3.197387403846632690e+11 -2.079878384859916306e+10 -4.267883594631858063e+10 2.688704971429024696e+09 5.051279498079681396e+10 6.196305701727335358e+10 4.932872367881900787e+10 6.060023143460175323e+10 1.026639354229183044e+11 1.207797138209130707e+11 9.311222995102044678e+10 3.376878903977730179e+10 9.433310242501414490e+10 1.094298298875036163e+11 7.150285313141677856e+10 7.234998412711367798e+10 4.089472572811368561e+10 1.188203015115294647e+10 1.456337903246218872e+10 3.056730359109079361e+10 2.555657709621712112e+10 8.330005550182808876e+09 -7.491248341906263351e+09 1.773619476043384552e+10 1.293726474290956879e+10 7.254090397919628143e+09 1.378650284585632133e+10 1.808652823848220825e+10 -5.764883422253427505e+09 1.464188853239465714e+09 1.348072061874470520e+10 1.006686398466392899e+10 4.344784783960146904e+08 4.142206977459854603e+09 6.015102440543772697e+09 4.050162129742628336e+08 6.614736631945309639e+09 9.115231942240806580e+09 6.948546271691866875e+09 1.026922841767333603e+10 5.414515415950812340e+09 3.122229003601313114e+09 4.679156761993434906e+09 4.431123221132782936e+09 5.254352683288162231e+09 4.352907868121131897e+09 5.417462848937038422e+09 2.985530646357478142e+09 -8.201176909339132309e+08 8.050364089166397095e+09 2.942431507852365017e+09 8.360216898799672127e+09 3.834812157978048325e+09 -6.045214347775597572e+08 4.591169212771121979e+09 -4.547367750969209600e+17 9.856704222974896000e+16 -1.111855405159845600e+17 -1.305709040381054240e+17 -7.476278811206785280e+17 1.165373747270759840e+17 -3.441462761056313600e+16 9.642544625304617600e+16 -1.424931504120047200e+17 -2.962044829107377200e+16 5.910069018411479040e+17 8.778320719581100000e+15 5.043612663877906400e+16 -1.995999142237547600e+16 1.946187805879322000e+16 3.108071188580044000e+16 2.096659711515317600e+16 -8.356832809326584000e+15 5.862937965375967200e+16 5.583286973389397000e+15 -2.521875437271666240e+17 1.191512378552662000e+16 7.080838489192374400e+16 -4.200431043231128000e+16 2.158933881376345600e+16 3.532846810572730000e+16 4.197881003537928800e+16 1.855943943984159200e+16 2.325991363981196400e+16 3.521749249627930800e+16 3.751541382927816800e+16 4.449313862059255200e+16 2.983792323906784640e+17 -1.804563756948365200e+16 1.114637770970083000e+16 1.496072177720256600e+16 1.203165497883420800e+16 2.487142047470673000e+15 1.249701328191739000e+16 3.067526287105187600e+16 3.236063411427081200e+16 3.073407101301211600e+16 3.555928483786552800e+16 1.199775498216152600e+16 1.372163546526133000e+16 1.901656585181192000e+16 2.194786112748386800e+16 3.269219880268451200e+16 1.946661311095631750e+15 -6.374717490064275200e+16 2.895626705284808400e+16 4.319690545523268000e+16 2.391600381834091200e+16 8.368744668033161600e+16 2.904502379713774000e+16 4.018918247312955200e+16 2.734777076336716800e+16 4.723525495795224000e+16 -3.280422125061744400e+16 1.180392451528079800e+16 3.812430900110460800e+16 4.041319337740432800e+16 3.685827347097171200e+16 2.533864290387790800e+16 5.165718384003301600e+16 2.562249119431604400e+16 2.599216556937949600e+16 4.137803829193204800e+16 6.061750592908966400e+16 3.504691502568292000e+16 2.000891667549804800e+16 -7.325819184241794000e+15 2.911759993262638800e+16 6.919576235312359000e+15 4.727100834596790400e+16 3.374162050083494000e+16 4.622230270158632000e+16 6.026049174937834400e+16 2.519513649083244000e+16 2.660661613672049600e+16 3.832889753618940800e+16 5.428305474971922400e+16 1.941671954984760400e+16 1.207718317474354000e+16 1.092686237015459200e+16 2.122621737629570400e+16 4.639395590100037600e+16 1.710814034736552640e+17 3.730185573732046400e+16 3.543011481731106400e+16 3.252182483897078800e+16 1.881125191754991600e+16 2.489902220673355200e+16 3.222143155220589200e+16 5.780348790926023200e+16 1.216371679227056800e+16 2.072583605631059200e+16 3.977272418941277600e+16
-1.048608557362394409e+11 -7.994312854941247559e+10 -1.083837145835113373e+11 1.376247071205826044e+09 5.052929676166735077e+10 3.099498722082265472e+10 3.015573667801799393e+10 1.852322786132772064e+10 7.494763565207344055e+09 2.384747775642683983e+09 8.579048121810110474e+10 1.107688390477423553e+11 8.402153146975457764e+10 9.324618829934121704e+10 8.218986521402653503e+10 6.997621781840768433e+10 4.381113688788237000e+10 1.198055597529398537e+10 9.249517039468326569e+09 2.123260694883085251e+10 1.914892671273133850e+10 2.388602591614824295e+10 2.310713588259765625e+10 1.445071727547867966e+10 5.676950522206504822e+09 1.020583608035099792e+10 1.049411062787183189e+10 8.989244702891580582e+09 6.151686069485273361e+08 1.253705928462521553e+10 1.357441362002941132e+10 1.228420825884378433e+10 7.229511943533629417e+09 2.760985891140910149e+09 5.861976138684616089e+09 8.287403009617697716e+09 1.212204679702842903e+10 1.340264563864308357e+10 8.301770419749089479e+08 1.007456720445352173e+10 9.290772603492786407e+09 5.950423042796043396e+09 1.253714385611258125e+10 1.302906620767177963e+10 8.820581152026769638e+09 1.379059102076121330e+10 9.513563051505287170e+09 9.790385824199951172e+09 3.239265404187577724e+09 4.719804827116837502e+09 1.008643640646224022e+10 8.664554654501583099e+09 7.918487133095573425e+09 5.450889811607192993e+09 7.791654398046589851e+09 -3.045357446391864960e+17 -5.700383088995565600e+16 -1.499717096961626560e+17 8.243081494092473600e+16 -1.489879617035734528e+18 -1.855540304212682240e+17 -4.460111554275140000e+16 1.269312323796921400e+16 -2.481456465598805200e+16 5.211885333339683200e+16 2.565058861568742000e+15 4.157293779860176000e+16 5.969794832060044800e+16 -1.571081414966203438e+14 2.445599231894434000e+16 3.098605221282855600e+16 -7.090750307993938750e+14 -6.490234367595275000e+15 1.421940669876268800e+16 2.310570648209591680e+17 -7.176128929351192000e+16 1.721579855885065000e+16 2.567470434351090800e+16 -3.159197031453939000e+15 2.329172001008610400e+16 2.070828425586656000e+16 1.349317215892171400e+16 1.807192293027251200e+16 -8.009199791323204000e+15 -3.200304557930594000e+15 -5.019472501413289000e+15 -9.142011363285784000e+15 1.619292760971773440e+17 2.184706162669756800e+16 8.433613658270102400e+16 3.290132563660148800e+16 3.758428243219220000e+16 4.451735353947643500e+15 1.803892759186026000e+16 1.742726108263146200e+16 4.780767628627124800e+16 7.602388488207589000e+15 1.651666654407319000e+16 2.183236742979312800e+16 9.805475141514940000e+15 4.889524994516602000e+15 2.080997417972050000e+16 3.046389929458589200e+16 4.656735809477788000e+16 -6.661342256457602400e+16 1.162296022251123040e+17 2.001744380520534800e+16 1.409464494777659000e+16 6.140638490190970400e+16 4.641945227766799200e+16 1.744195484492460400e+16 1.558504563999133200e+16 1.717065473306901600e+16 2.113432560488576800e+16 1.193995947432788800e+16 2.438104413475430000e+16 2.844343151616163600e+16 1.941800374552132800e+16 4.555754257177216800e+16 4.915324202090956800e+16 2.509510186422607200e+16 3.508353816929535200e+16 1.893779065345060400e+16 3.017793257438182400e+16 4.232025902266624000e+16 2.064650678346428400e+16 1.180748385729872000e+16 -1.358181508454728000e+15 3.822278833115362400e+16 3.246451015142064400e+16 1.337226583348676000e+16 1.348300465369466200e+16 -1.667481758928864640e+17 3.258741063090672000e+16 1.754884062532220000e+16 2.862218879919089600e+16 2.318480491307188400e+16 5.146075076243880800e+16 1.574200312800726500e+15 1.194912626375730400e+16 8.860484124243078000e+15 7.893329502266931000e+15 3.730185573732046400e+16 1.439162050379730080e+17 5.279619798377736000e+16 4.219250696177647500e+15 1.743973816477466000e+16 2.731142612692308800e+16 2.001837568978024000e+16 1.933901034901553200e+16 4.737017114981740000e+16 3.015456673151482000e+16 3.377181633624664000e+16
1.410897677607959290e+11 1.422667679337832947e+11 -2.978583842879100418e+10 1.825084845488328171e+10 2.464558300801378632e+10 -6.976189220782652283e+10 4.953734635129559326e+10 1.178938557829436684e+10 -4.042984398973554993e+10 4.557149885282797241e+10 2.254111807209976196e+10 1.841692642692710876e+10 1.106709954036364441e+11 1.671776606640201111e+11 1.108621741312605896e+11 7.072184431645712280e+10 5.645736789040995789e+10 1.239869549538994980e+10 2.198801101240391159e+10 -2.949963582733693123e+08 2.550813133723812866e+10 1.242121275450197220e+09 1.383174737430568504e+10 2.046422139027482605e+10 1.958774403312141800e+10 3.231220344953235626e+10 1.804961058609567642e+10 7.252904854380496979e+09 4.527263601501091957e+09 1.058026113769573402e+10 1.288458253059262276e+10 7.990472000495709419e+09 6.292998956580668449e+09 3.080029994094781399e+09 3.890651022694962978e+09 6.099924620232397079e+09 5.357192726729990005e+09 9.187927829893009186e+09 4.727067310972357750e+09 8.735475396235563278e+09 8.646200854815849304e+09 1.452964528258256721e+10 1.369668761383567047e+10 1.092725000820824432e+10 5.167894876364872932e+09 6.634113412799809456e+09 3.745980354694588184e+09 4.155406212004565239e+09 5.456094050062122345e+09 9.739414396827558517e+09 9.086377952118797302e+09 2.907902720155426025e+09 9.593008999584207535e+09 5.121944026940873146e+09 7.912907300733396530e+09 7.858245441092099840e+17 4.523675970329742080e+17 2.868427322191904400e+16 -1.892042294684943680e+17 -6.984847750871543200e+16 -1.112847378943684480e+17 -5.840130961727640000e+16 2.872330620436152800e+16 -9.279773181334731200e+16 -7.871060751084481600e+16 -3.935535374210413600e+16 4.300712704257872000e+16 -1.156352321429928800e+16 -8.354040329295630000e+15 -1.337171680815810400e+16 2.301153687348321200e+16 -2.302247479721743200e+16 -8.619116675810922000e+15 -2.739747176203824000e+16 5.510967387133252480e+17 -2.581620009467195520e+17 -4.061687453619024800e+16 -2.625783993005449600e+16 -1.586275039265740800e+16 5.887845097300801000e+15 8.522703122123825000e+15 2.342832658751735200e+16 1.656542411478874800e+16 2.521165661068926000e+16 -2.409186344284978000e+16 1.018194827851978400e+16 2.878860917340010000e+16 -2.480970829635528000e+17 -1.386137489513187200e+16 -8.810747693847568000e+16 -1.393838695210679200e+16 1.822479065354764000e+16 -2.694493594303984500e+15 9.695566864258590000e+15 -6.771142929526119000e+15 2.552664859486108400e+16 2.099126906036580400e+16 2.078606352979671600e+16 7.215476407962539200e+16 1.103370721926114600e+16 2.001049530857126800e+16 3.163158885837396400e+16 2.767340657921322400e+16 -1.984189886358490400e+16 1.724640806909802880e+17 1.672156038790272320e+17 6.535165040274707200e+16 2.184303307472546800e+16 1.218998679375136480e+17 3.493504127860522000e+16 2.426754735634098000e+16 1.624840969244165200e+16 1.780186859698756600e+16 6.735689998368217600e+16 3.373944492445260400e+16 2.076037087889693600e+16 3.583013678966030800e+16 2.698877955035601600e+16 2.960857590115124800e+16 1.047059700876894880e+17 2.184795824497344400e+16 4.572121154001992800e+16 4.829024377240584800e+16 3.037444776293368400e+16 5.325729859648493600e+16 1.305364644112335040e+17 -1.234378944129679360e+17 -1.064430080297938800e+16 8.810979097428860800e+16 3.054002527606791200e+16 6.756159981742302000e+15 -1.392658134381070750e+15 -1.261233328124182560e+17 3.321466495413473200e+16 1.207404389500620800e+16 3.423200635966246000e+16 1.088010883016162000e+16 1.136284064940006400e+16 7.385429090051622400e+16 1.593185403132537400e+16 1.425079736018638400e+16 2.850659144761921600e+16 3.543011481731106400e+16 5.279619798377736000e+16 2.366578845041013760e+17 4.862740686032539200e+16 1.814501148016571200e+16 1.240658446805255600e+16 1.110912170599479600e+16 2.570552711638508800e+16 6.141910794796324000e+15 5.403587875028973600e+16 2.981721724641712000e+16
1.011678564934131641e+13 7.309691308059630859e+12 1.701276519455104980e+12 6.797224366888897705e+11 5.724728695159315186e+11 -6.295978681875766602e+11 -6.055241212844500732e+10 3.758714147424229431e+10 -5.454500462525550842e+10 -2.544113250837410889e+11 2.179429377286921692e+11 -1.713757717657115746e+10 1.476988077620081482e+11 1.021620596001968231e+11 -9.787515567569656372e+10 -4.421511311377541351e+10 1.759147941243581390e+10 -1.795960057246387005e+08 7.842963760988125610e+10 -7.941181723353572083e+10 -2.286855649488944626e+10 -8.414396197125013733e+10 -2.289988394759188080e+10 -2.732360272906615829e+10 1.948210542474593353e+10 3.006132644517118454e+09 -9.701378695037712097e+10 -5.784129988050640869e+10 -6.429092840186637878e+10 -1.209952345084240341e+10 -4.587923861187889099e+10 -9.675038354327464294e+10 -7.883158087873547554e+09 -3.088684699586591339e+10 -4.178878260531185913e+10 -4.950443179892734528e+10 -5.196480621837913513e+10 -5.174060775685227966e+10 -3.851778388402685547e+10 -6.897154409886480713e+10 -6.870700543024050903e+10 -7.600896463839972496e+09 -1.282515892092336845e+10 3.858591996057362366e+10 1.407570618690016174e+10 1.356771601847732162e+10 -7.463173075104995728e+09 -2.058614393440868378e+10 2.627372101295898819e+10 3.831869502265324116e+09 -3.395463609813816071e+10 -5.201262872231696320e+10 -2.330932254658319855e+10 -5.026321001221231842e+10 -4.485708785806194305e+10 2.484566696566743450e+19 8.226678804589235200e+18 1.144767785780161536e+19 -7.289031218716081920e+17 2.252150725221535488e+18 4.412643566456020992e+18 -5.098946500411581440e+17 9.811314375333580800e+18 1.880036433340268800e+16 -5.392823050399844000e+16 -2.138352129868694528e+18 1.465275419404616320e+17 3.868691281685173760e+18 -3.079345318003328640e+17 -3.053775783654540160e+17 9.510007297185167360e+18 -3.891236369799164160e+17 1.130796939039034080e+17 -3.906355137054688000e+17 1.503743410879363840e+18 -2.587317310408832000e+18 -3.327730097032768640e+17 -3.239253904600743680e+17 3.733978944643913216e+18 -2.576413876090174720e+17 -2.353892693858408320e+17 -1.375911910071975520e+17 8.738281851845490688e+18 -3.692312721144063360e+17 -2.650791219908013760e+17 -3.047111420139949600e+16 1.426209157403015040e+17 -7.491968066544244800e+16 2.302746633082694720e+17 8.342791225254099200e+16 -3.933291430506487680e+17 2.469202149967048000e+16 -4.247284009856323125e+14 3.914252339640465920e+18 -3.171718864355572480e+17 -1.762905545906549120e+17 -2.426433126415258400e+16 -3.617846901204799200e+16 8.788192565633367040e+18 -2.765887337139022400e+17 -1.386001766912448480e+17 -1.088756491454461120e+17 -1.281159540323788000e+17 -7.773880249054964800e+16 -5.951260357201678080e+17 3.542079839072539520e+17 5.156747928628852800e+16 -6.627392506337195200e+16 1.527588939537803200e+17 -1.568619003836449920e+17 -2.960787675171448800e+16 -5.137740282868787200e+16 7.142751795670720000e+16 3.406479340663623168e+18 -2.119233875263297600e+17 5.810619556209325000e+15 4.228933899672166400e+16 4.725213153165270400e+16 -1.476793646332494600e+16 8.624775629244315648e+18 -1.361249150544298080e+17 -8.867928418489070400e+16 -4.068158733179587200e+16 1.492996906302872200e+16 5.413241209310500000e+16 3.967246712484232000e+16 -1.038663557098039200e+17 6.111656004147392800e+16 -5.562400617896161280e+17 -4.835480350586105600e+16 -2.797969516734140800e+16 -9.846491276916563200e+16 6.096395035675040000e+17 -1.628266347470821440e+17 -2.408429717622361000e+15 4.546750547170343200e+16 -9.087281274983496250e+14 -3.067052861044878400e+16 3.853710228763674624e+18 -2.405516629804944000e+17 -1.574003869268854080e+17 7.836617903822624000e+15 3.252182483897078800e+16 4.219250696177647500e+15 4.862740686032539200e+16 1.000690934817404109e+19 -1.268499495263599040e+17 -1.142823337290128800e+16 -3.695709036176107500e+15 8.777502796270905000e+15 -2.084494528789850000e+16 7.406193841379681600e+16 3.666726201854621600e+16
3.712498012550906982e+11 9.073527461003491211e+10 1.449923042600163086e+12 1.518091970302988037e+12 6.484977115087165527e+11 7.395490572065538025e+10 -6.526748914691555786e+10 -1.924376641184401703e+10 2.648743739419394302e+10 -4.313634659801207483e+07 -3.375743834629298210e+09 -1.676215932945509148e+10 -4.815461731707550049e+10 4.517749707715579224e+10 1.251551592483421936e+11 8.291849921816464233e+10 6.939959643591551208e+10 -4.788945906427127838e+10 5.618694185992100525e+10 9.294037209735559464e+09 7.312887512875307083e+09 3.387192709433443832e+10 1.977404415381280899e+10 1.252385663881214523e+10 -1.875687298011453629e+10 -2.732011148546128082e+10 1.984793690247085571e+10 -8.101339125749692917e+09 -1.646777467284596252e+10 2.257500025906075954e+09 -1.765925015001021194e+10 -4.774723486878190041e+09 5.723250060455972672e+09 -7.324377008506457329e+09 3.356290050396154881e+09 -6.782926656283191681e+09 -1.545794754586927605e+10 -5.575797865373511314e+09 -9.745195891723327637e+09 -1.409384796948557091e+10 6.048444402016707420e+09 1.581936397005420303e+10 1.489360707954607964e+09 -8.792111891687381744e+09 -7.043770291836807251e+09 -5.731167100033504486e+09 -1.073440587208168793e+10 -1.308373786092444801e+10 -2.746947048667659760e+09 3.136818566971834660e+09 2.474897227940060616e+09 -3.689805119563234329e+09 -1.087998060203979874e+10 -8.591257206723346710e+09 1.621623251394180059e+09 1.074262564422871840e+17 -1.694873381620596480e+17 -3.149553668680844800e+16 9.395520192331096320e+17 -2.482658355736345600e+18 -9.252675687263417600e+16 6.931770301730206720e+17 -1.788769115137735680e+17 1.559050335554988480e+17 -2.050491448891036160e+17 4.974195155640933120e+17 6.591107703611004160e+17 1.284371478569227400e+16 2.613184031332443520e+17 -6.881571005830319000e+15 -5.343931668784648960e+17 3.413498766717036160e+17 9.760348543538496000e+15 -4.901391390465191200e+16 2.733093748437344640e+17 -1.708324112389968320e+17 4.096329437701016800e+16 -1.218479158284797440e+17 4.851778433157252000e+16 2.581056662275588160e+17 -2.075198055821128400e+16 -3.001316797815854000e+16 -1.962495138877357440e+17 3.118877490335290240e+17 9.183251678070374400e+16 1.077461799931655875e+15 -5.908473735547600800e+16 2.301376645747604480e+17 -1.323553514232817120e+17 3.283011369027275520e+17 1.675235223053833600e+17 -2.080917878718218000e+16 -1.001921786265130560e+17 1.749547264000882400e+16 2.324362125675922880e+17 -7.272308830319523438e+13 -2.613893410839778000e+16 -2.569523472012612000e+16 -2.664377864169586240e+17 2.695829979563852480e+17 -2.313558967221469600e+16 -4.158646385965211200e+16 -2.785211193749261600e+16 -2.251782753807160400e+16 2.597236246601116800e+17 7.411925399947569920e+17 5.093676319249374000e+15 3.389170085770370000e+16 1.307571108108461280e+17 2.474356224905796160e+17 1.113991487215279800e+16 5.029118625750054400e+16 2.328198385868613200e+16 -7.331751831951913600e+16 2.398244694181331200e+17 6.706030034323595000e+15 -1.608686448601671200e+16 -9.790398857902360000e+15 4.951348622228435000e+15 -3.081615772242449280e+17 3.264145453263101440e+17 2.903771407431930000e+16 1.255619380326885200e+16 -1.869078255155478000e+16 -2.295983568851001500e+15 -4.561278782038968800e+16 -5.966794463357966400e+16 3.426947481095974500e+15 -2.218609781466930880e+17 1.155895250982169600e+16 1.645456823175043400e+16 2.992462357907614000e+16 -1.271793934773924160e+17 1.859431593191461120e+17 1.625502308111315200e+16 -3.178604454098859500e+15 -7.618502872379447000e+15 -7.032886486513658000e+15 1.648102392073395250e+15 3.562525566321683840e+17 2.661789924893979200e+16 1.463563596110666000e+15 1.881125191754991600e+16 1.743973816477466000e+16 1.814501148016571200e+16 -1.268499495263599040e+17 9.925915037611496960e+17 1.073982090683562880e+17 4.352812426765556800e+16 3.255908052575271600e+16 3.208305862832514400e+16 2.972658974597336400e+16 5.817062656871315200e+16
5.153723726332071533e+11 -4.954943980776020813e+10 1.057901022361554146e+10 2.474421374445596924e+11 5.365517726199495850e+11 5.560612248333048096e+11 2.611350167060664978e+11 1.090740226448340797e+10 -6.630728320989357758e+10 3.009417589253091431e+10 6.588449195054113770e+10 1.043525473174913216e+10 -2.412239401184476376e+09 2.252465294094630432e+10 6.727160792257714081e+10 9.711278762339581299e+10 6.428191416182268524e+10 3.856725973101940632e+09 4.312206632991825867e+10 9.036097492763214111e+09 1.397652044984960365e+10 1.040648985553339005e+10 -3.931705186260438442e+09 -1.065607773427342796e+10 -1.746619321833544540e+10 -1.975467525177899933e+10 5.797188684231243134e+08 -2.589459916400671005e+09 1.215584923566251278e+09 1.718640605828191757e+10 8.186768235645118169e+06 -2.148782120911472321e+09 -8.958313368445758820e+09 3.038969333722930908e+09 -5.325540250071887970e+08 7.228280821272683144e+09 9.667635083411716461e+09 6.821316221079594612e+09 9.457601116249572039e+08 -1.287983259018476677e+10 -3.155201961564648151e+08 -1.278195539677824497e+09 6.402380787657411575e+09 9.603602248766401291e+09 -2.979298179403986454e+09 -1.650799555845659971e+08 -1.153107093412550163e+10 -3.402721412473017693e+09 2.436115831676586628e+09 5.790381694987905502e+09 1.631017271517779827e+08 1.425078128959192514e+09 -5.707661474516368866e+09 -2.593213213322708607e+09 1.132398130049412918e+10 -2.176010094941584320e+17 -2.709268751435476800e+17 -7.410544353225795200e+16 1.560566457359002880e+17 4.276533897777540000e+16 1.763966759822183360e+17 1.260865183899945120e+17 -1.157499541810431600e+16 1.698768000248673600e+17 5.691717964570640800e+16 9.259791130872241920e+17 2.126883727117359360e+17 3.740880343024357600e+16 8.720982684570209600e+16 1.870445486810281600e+17 -1.411637663917873400e+16 -2.053936741723893600e+16 2.611833967851830400e+16 1.135348543400487520e+17 6.773402769919397600e+16 1.318568882858181920e+17 1.494917521651583040e+17 7.689833341463772800e+16 -2.881062293099128000e+16 4.134881662182028800e+16 7.232499784809152000e+16 -6.541162447851852000e+15 -1.274923415261441920e+17 7.146481893413196000e+16 1.136852827066505920e+17 2.540939231241707000e+15 -3.941962194285308800e+16 -1.671950041240526080e+17 6.925621265425900000e+16 1.280193841453537440e+17 5.885420931996952000e+16 6.966550029348594400e+16 7.878749190429882000e+15 -3.655370681271522400e+16 3.378838135129938400e+16 8.789928925302940800e+16 -1.900723916237981200e+16 3.384749888857730400e+16 -1.242661409484896960e+17 2.036963170053340000e+16 8.741620451628612800e+16 -1.184968307573042200e+16 8.727415935495462500e+14 -2.029512033464262800e+16 6.083510697025925120e+17 2.155313823047299840e+17 9.278099507218355200e+16 3.089246147181055600e+16 3.126136970881551360e+17 6.958063867997193600e+16 7.079095353281162400e+16 9.282461933473324000e+15 -5.090570714276074000e+15 -1.004530491605345120e+17 1.201315259683547800e+16 7.489122110693950400e+16 2.634153932143608000e+16 2.483340521671216500e+15 -8.688812772394481000e+15 -4.641850113456513600e+16 4.744034743165390400e+16 1.011278467826144800e+17 3.212286071572230800e+16 1.370135667028951600e+16 7.837139469732516250e+14 1.115395312493820600e+16 3.309178560221212160e+17 2.349791637322621200e+16 4.703111670632230400e+16 8.855394184170396800e+16 -4.111585356545775000e+15 -5.378547894692604000e+15 -3.306807855817424800e+16 8.357664164320166400e+16 8.772780035869680000e+16 2.455823585759426000e+15 1.289517289036503400e+16 3.886624030302724500e+15 8.230145640788403000e+15 5.360808467900914400e+16 1.282927261272096480e+17 3.459923210153840400e+16 2.489902220673355200e+16 2.731142612692308800e+16 1.240658446805255600e+16 -1.142823337290128800e+16 1.073982090683562880e+17 5.509280034756913280e+17 8.614722783001433600e+16 1.659631077409863000e+16 4.082887043344389600e+16 9.957434735843682000e+15 4.851227058515916800e+16
1.210067162509450150e+10 4.365138205893535614e+10 -8.525016955292048645e+10 5.718675753816949463e+10 9.405240979239860535e+10 5.259516868974848175e+10 2.369479092026054993e+11 2.471440394071671143e+11 1.448587755178035583e+11 3.347620541917876434e+10 9.451730764667535782e+09 4.028143540632003021e+10 1.927540345930385971e+10 3.755855776804773712e+10 9.024559876858808899e+10 1.081557337612703705e+11 3.469904569880792236e+10 9.202426749633155823e+09 3.958184832845867157e+10 2.107678313055363464e+10 5.430791470939369202e+09 -3.493262769880648613e+09 3.337230349674264908e+09 1.494108707561506844e+10 1.562432037668036461e+10 7.411922261886808395e+09 6.024020503148158073e+09 1.243200792942372704e+10 6.102546681144421101e+08 1.116408239277071953e+09 5.445749196522489548e+09 8.125537804279756546e+09 1.257336342335509872e+10 8.242886943339177132e+09 5.095046474568240643e+08 -4.616681995067018867e+08 -2.951409958372898102e+09 -1.355808751377980471e+09 7.870424713380182266e+09 1.285936999894579124e+10 3.301366248961418629e+09 4.468149210612771988e+09 5.942761954022197723e+09 1.225679858135303307e+10 6.372514690259541273e+08 -1.035925202895704269e+09 8.042559419001066208e+09 -1.565809282898943424e+09 4.189714117875356197e+09 7.765333857424063683e+08 6.038758866626171112e+09 9.261746424090881348e+09 -6.193714437775422335e+08 4.227687968323225498e+09 5.693006292587680817e+09 5.770308636129196000e+16 1.014760783638271200e+17 -2.319097388244342720e+17 -1.278205418078501600e+17 2.080294966181698816e+18 5.258737104183000000e+16 -7.653908936231670400e+16 1.046440537548272320e+17 4.050312808710892800e+16 -6.705591394011575200e+16 -1.058693530475034560e+17 -4.411298109301785600e+16 8.297184464446840000e+16 -2.449459641475666800e+16 1.451010358294891200e+17 1.029623868910631200e+17 7.009441148845236000e+16 6.959559700434392000e+16 1.318630391139578240e+17 1.462736916013445120e+17 1.047170661104097280e+17 6.664480328994290400e+16 -1.777676401629265800e+16 -2.572858451766372000e+16 6.933770228752000000e+16 4.000927489091522400e+16 5.293919127290160000e+16 5.024460313188315200e+16 3.714350464381805600e+16 -7.549518968228744000e+15 8.631782218776425600e+16 3.214001643262931600e+16 1.516440796028461120e+17 7.733803654285800000e+16 1.646096671074436160e+17 7.847683183047539200e+16 3.024995260315836000e+16 4.797879602875696800e+16 2.914725270966669600e+16 1.576735283237532800e+16 1.742840332262887600e+16 3.463381221333153200e+16 1.560243503934413600e+16 8.652997337334043000e+15 -1.603251699399651250e+15 1.541362947194446000e+15 4.108756108534750400e+16 2.185269703610261200e+16 -2.625767105358164500e+15 1.862166175157941120e+17 6.250564833545061600e+16 4.660437109260744000e+16 9.219082659168364800e+16 -4.162554260984717600e+16 -1.318108343857497800e+16 3.517670578123238000e+15 4.664611428709597600e+16 1.534618059594138800e+16 -3.905751781251065600e+16 -8.157649766393950000e+15 3.089924280350039200e+16 5.657044268214602400e+16 2.222882183597579200e+16 -4.121237988756627500e+15 -1.119692641545766400e+16 2.372308875092165600e+16 1.934266772344808400e+16 6.026073952090112000e+16 1.406049969353066800e+16 -6.084272901015882000e+15 2.395213616815890000e+16 1.725860358364309120e+17 8.893275035231016000e+16 3.169516261323098000e+16 2.161297059014278000e+16 5.140912640945936000e+16 1.643602671639107000e+16 -1.862225254863458560e+17 5.279538408283806000e+15 2.943132693533888000e+16 4.018347159835797600e+16 1.310261824921300600e+16 2.345858747926797600e+16 -2.204521698055406800e+16 7.373576071331646000e+15 1.824304553350634800e+16 6.956427890748139200e+16 3.222143155220589200e+16 2.001837568978024000e+16 1.110912170599479600e+16 -3.695709036176107500e+15 4.352812426765556800e+16 8.614722783001433600e+16 3.719452977730702720e+17 5.735390491816606400e+16 3.367439247883399600e+16 2.658128168771279200e+16 3.360406030214364800e+16
-4.545255351676603394e+11 -3.269331274570377197e+11 1.201052334154296875e+11 3.508417242501843452e+09 1.889875762728172064e+09 7.174277285848805237e+10 5.579739631930915070e+10 1.659466096674540520e+10 1.046560632364276123e+11 1.608114334012684937e+11 6.128442611346588135e+10 -8.552025138067549706e+09 1.445898614237471819e+09 3.093659493489607239e+10 7.815818657505299377e+10 1.224688628226616211e+11 4.556568969444572449e+10 -9.439214808398418427e+08 1.946715171309913254e+10 1.672536560222425079e+10 3.239634460161302567e+10 2.178288070775267410e+10 1.585145140111053085e+10 1.706174780337629128e+10 4.292725945453332424e+09 3.272213449714976788e+09 -3.092554898306175709e+09 1.570561346720594788e+10 -2.437409130590793133e+09 5.889766620678532600e+09 9.976402998909189224e+09 1.148142851798228645e+10 2.642046517239346695e+10 5.216036247444272995e+09 1.086757863998499489e+10 2.338625834551760674e+09 1.844657141996111298e+10 6.084882914318596840e+09 1.248525614831901932e+10 8.982219997276903152e+09 1.746962894880818176e+10 1.452024809684017563e+10 9.104502418936088562e+09 1.212740926265854597e+09 1.290871752871244240e+10 1.345625793158827019e+10 1.379456549433659172e+10 8.019746382417695045e+09 3.797829819651054382e+09 7.267261456439662933e+09 3.928154638908762455e+09 7.797259284756423950e+09 9.322417105243532181e+09 7.267253529744486809e+09 4.855699132223330498e+09 -2.690952434081228160e+17 -2.666906529963917188e+14 -2.101985501394360640e+17 -1.582843855838405760e+17 -1.248405079945408256e+18 5.407884363597521600e+16 -9.665481901773268800e+16 7.046142893838346400e+16 -4.670500363387251200e+16 -7.488602344274984000e+16 9.880061545131068160e+17 1.324118659489075040e+17 4.552133467964915200e+16 1.527861232620066000e+16 6.006257831169425000e+15 -7.658530396263280000e+16 1.244834714894385400e+16 6.144858400882760000e+16 -1.752578139591160250e+15 3.733713194526124800e+16 -7.523295568639456000e+16 2.299834517228576000e+15 1.350827397385053000e+15 8.569879090608673600e+16 5.079947378536703200e+16 3.312731824125880400e+16 1.442741671010846750e+15 5.456463051203741600e+16 4.807976939422831200e+16 3.525433737304878400e+16 3.618747865408208800e+16 1.130780913746414400e+16 1.537522589836652160e+17 1.360435376041796400e+16 3.266631881493669760e+17 1.350393685753822800e+16 5.914633989661499000e+15 -3.694118140620684000e+16 7.576284500977684800e+16 6.434879304831568000e+15 3.021592481424341600e+16 1.287040252157522000e+16 1.642580223040685200e+16 -6.051747559860689600e+16 4.902601269792348000e+15 -2.300109359954616000e+15 -1.958021911890926500e+15 1.495375113242828400e+16 -5.506448306197542000e+15 1.290653368410240160e+17 6.562275873719367200e+16 8.461860047180978000e+15 2.266629977424456400e+16 -2.741976025441382800e+16 6.183611447907585000e+15 3.966070477370402400e+16 1.959334917174790400e+16 2.455510322792021600e+16 -2.057401097615849200e+16 4.922141121179414000e+15 1.278219939302350600e+16 5.629059688314257000e+15 6.711388673115875000e+15 1.015756490949065600e+16 5.062401316122126000e+15 -1.234913684651298600e+16 1.101162074559360000e+16 -5.882039021362803000e+15 1.389647688817017000e+16 1.050854328063916000e+16 7.587824972236867000e+15 7.325294238195632000e+16 1.831172366805752000e+16 -2.577461941155194000e+16 3.075032570001219200e+16 4.079123482010676800e+16 4.109970812547749600e+16 1.767766875837714800e+16 1.246796939510280000e+16 1.955880186440670000e+16 2.266212028678294800e+16 2.180216370739755200e+16 9.345727268310576000e+15 3.604543316721760000e+16 1.610130948125455400e+16 4.298758256566874500e+15 2.619082657785028400e+16 5.780348790926023200e+16 1.933901034901553200e+16 2.570552711638508800e+16 8.777502796270905000e+15 3.255908052575271600e+16 1.659631077409863000e+16 5.735390491816606400e+16 2.739567513249535360e+17 4.085229504260030400e+16 2.290006433290444400e+16 4.807986035971768800e+16
-2.368305661291433716e+11 3.583514241679366302e+10 -1.856532026707987595e+10 1.845079720519531631e+10 -2.913267098031309891e+10 5.095183371531700134e+10 -8.950430380430452347e+09 -3.417686486206826401e+10 -3.465201514519702911e+10 -1.972780894508937597e+09 7.840981338692076111e+10 9.193892296493099976e+10 5.198931792227951050e+10 1.071451833984483910e+10 6.285413243800634766e+10 9.403845479333139038e+10 5.986582513717438507e+10 -2.595550473029711246e+09 1.879085457427138567e+09 -2.944841587071984291e+09 1.269343982423960876e+10 1.124420276934616661e+10 1.699520957937975311e+10 1.696189870989953423e+10 1.424499520745965576e+10 2.371981561344541168e+10 7.703449706607175827e+09 1.002931078732764435e+10 1.100349349006960869e+10 7.085003341264808655e+09 -8.807034160105375290e+09 -1.025332442357376814e+09 1.105886691743328667e+10 -2.066078015641592026e+09 -2.774802271317135096e+08 3.102433916731131554e+09 6.948219810496016502e+09 3.398001529097652435e+09 1.090785239878759956e+10 9.852054407123568058e+08 6.471456212113912582e+09 4.177234054047131062e+09 5.576358068739821434e+09 3.133173655887798786e+09 6.195328321456405640e+09 3.105934966526351452e+09 3.917708423264550209e+09 -1.485036515094251931e+08 3.504040151200712472e+07 1.872468700209615946e+09 -4.821678958599221706e+08 7.106040794796638489e+09 1.786540498671020985e+09 6.359934737133021355e+08 5.836099182035079956e+09 1.141553665200862240e+17 2.092917917525736320e+17 -1.507962223059566720e+17 1.744257491267037000e+16 -5.871127800137679360e+17 -1.829129139383180000e+16 -7.209225573458012800e+16 2.321259904628207600e+16 4.715964180102792000e+16 6.950999613960003200e+16 2.555802249615925120e+17 3.735324796260332000e+16 8.131771843605356800e+16 -3.585361739524321500e+15 5.621694643011531000e+15 -3.068623363744730000e+16 -3.162316921605032400e+16 -1.989235687420464800e+16 -2.316247602604218000e+16 1.090553746797650880e+17 4.046541620695973600e+16 -3.012317547493492000e+16 -8.820842958819601000e+15 -1.114374635569712000e+16 1.247368067888169600e+16 1.786535361464528600e+16 -3.342049755794394400e+16 -4.944163926826375200e+16 -2.864691915976748400e+16 1.162598936194284800e+16 -5.574082258837317000e+15 -2.528059534004358500e+15 8.402908680899008000e+16 2.624594396785652400e+16 -1.037140595357700320e+17 -1.516733239060480000e+15 1.134522322611066600e+16 -3.184282108806786500e+15 9.811712486195857600e+16 8.579300683704909000e+15 3.896319167450748000e+16 7.293677479930685000e+15 1.151505117237160750e+15 4.043393956706704800e+16 4.023762937920563200e+16 7.888340380972230000e+15 2.000866606313869600e+16 2.365989380705631600e+16 2.894529937540529200e+16 3.618115568173407200e+16 -3.817857907740945600e+16 -2.133325505327251600e+16 1.060184331819140200e+16 -5.629092034258548000e+15 2.758726266263422800e+16 1.539268568924196800e+16 8.200691487115031000e+15 1.482498763882355800e+16 8.331919541872923200e+16 3.958670328898875500e+15 1.782806674371177000e+16 5.651508184895610000e+15 1.729847670278407200e+16 1.427196773341863600e+16 -2.981038487249823600e+16 1.361941068033688200e+16 -1.211361729314883000e+16 -5.100781648130333000e+15 -1.333783811439963438e+14 2.523920769772610800e+16 8.466195356329193000e+15 -1.002869996313078080e+17 2.097317313659762400e+16 5.311916454569910400e+16 2.037160679055521200e+16 1.248946306781079400e+16 2.731559252308185600e+16 1.369142298258378560e+17 2.763381611151329600e+16 1.000169107747873800e+16 1.243891383052018600e+16 2.895021024008464800e+16 3.806347866343316800e+16 7.316018334240764000e+15 -1.138799642246778000e+16 6.199039096865985000e+15 5.334337513051973000e+15 1.216371679227056800e+16 4.737017114981740000e+16 6.141910794796324000e+15 -2.084494528789850000e+16 3.208305862832514400e+16 4.082887043344389600e+16 3.367439247883399600e+16 4.085229504260030400e+16 2.286958829622934080e+17 4.286900096993891200e+16 4.758995205121992000e+16
2.553598568069934082e+11 -2.731454054826135635e+10 -1.562412712518930664e+11 4.496702272328828430e+10 -8.093112332315869141e+10 -4.025586894835937500e+10 -3.000476682202280426e+10 -3.024094615419248199e+10 2.098695075258946991e+10 2.355169826329884338e+10 2.466608553214294815e+10 2.429380361436813354e+10 6.206139726879010773e+10 7.338602163231347656e+10 9.710268926830860901e+10 1.063899661615562439e+11 5.488865014278667450e+10 -1.372383577530039847e+08 9.299582297752096176e+09 1.541271831516936302e+10 1.025167644846976662e+10 5.768875969883236885e+09 1.296718844441835213e+10 2.010654687491347885e+10 1.140710338706356049e+10 1.453002640249677086e+10 4.599791862438205719e+09 9.574006140448822021e+09 9.069226294199542999e+09 1.239295984107261848e+10 1.606724912341613197e+10 1.027642698491407394e+10 4.618138456244270325e+09 2.034194964612133741e+09 1.191669728372720528e+10 5.887247428933495522e+09 3.304723692615268230e+09 6.405266258200078964e+09 8.928145948885063171e+09 5.910859892513920784e+09 5.231076460067074776e+09 3.998301360938592911e+09 9.682730737735208511e+09 6.907099560422119141e+09 5.765041462712389946e+09 7.733300834207633018e+09 4.718116133975929260e+09 1.948070228165774345e+09 5.035152934355547905e+09 8.274530146203260422e+09 8.212206242574540138e+09 3.780204110338800430e+09 4.761646663285782814e+09 7.025174854319736481e+09 8.162202843443099976e+09 3.523570715975648000e+17 1.192901059578343200e+17 3.406785195103994000e+16 8.609658568320272000e+15 1.505401566408733440e+17 -1.396875742552668800e+17 2.221509827510065000e+15 1.145748073073571680e+17 -5.818384058972535200e+16 -6.081281590000486400e+16 3.559226334198116480e+17 5.894685822589636800e+16 1.304448327800827200e+17 1.252653056003253600e+16 6.455198117785776800e+16 1.511172072242102200e+16 -2.546674550429638800e+16 -1.094602470502239600e+16 -2.194876535967729200e+16 4.880014373643663360e+17 1.848901038394816320e+17 7.583685193182071250e+14 1.462368165652628711e+13 1.138018108166504400e+16 -1.384274353259954800e+16 -1.389231526503610200e+16 -3.715983877270145600e+16 7.262731015145840000e+16 1.190790202779030600e+16 -1.901992560140177200e+16 -8.320507518393478125e+13 3.007519752083594500e+15 -8.629946364648584000e+16 -1.754675296460454600e+16 -2.485989554108343680e+17 1.316897109586791000e+16 -3.433368967030472500e+14 -6.551366450732321000e+15 3.657588110045649600e+16 1.414913760510541800e+16 6.437979409316865000e+15 1.080087601183854800e+16 1.519588217774912400e+16 7.225948682535619200e+16 2.520008518996329600e+16 -6.485567644811020000e+15 1.398250327558923400e+16 2.605597694632381000e+15 -7.366331395285817000e+15 -6.751437655045310400e+16 1.310086264742246080e+17 1.145424042279263000e+15 5.317701812176781000e+15 -1.565000568576355200e+17 4.142861250435309600e+16 1.954622963865485600e+16 1.157253923368575000e+16 5.767607078886536000e+15 5.015472041552393600e+16 1.707322941435473200e+16 1.598499557973795400e+16 1.193383466707641800e+16 2.020596877503700800e+16 1.671087877979675800e+16 8.424475245778942400e+16 -4.780919004043752000e+15 1.062294708432852800e+16 9.144329630186560000e+15 1.863386431961672000e+16 3.202742023517091200e+16 4.676370118267292800e+16 -5.318125979170912000e+16 2.515659112675236400e+16 5.025705397576315200e+16 2.759751210747806800e+16 7.774551187945576000e+15 1.205117858658037000e+16 -1.499256931270108200e+16 2.670582611458702800e+16 3.809148272899610500e+15 2.803150097716786000e+16 1.605622165719686600e+16 1.577965950026208200e+16 3.179840756031799200e+16 2.062905653483563200e+16 9.156177384799220000e+15 2.383038919304224000e+16 2.072583605631059200e+16 3.015456673151482000e+16 5.403587875028973600e+16 7.406193841379681600e+16 2.972658974597336400e+16 9.957434735843682000e+15 2.658128168771279200e+16 2.290006433290444400e+16 4.286900096993891200e+16 1.965845701880517440e+17 8.752834708228883200e+16
-1.024321701121923218e+11 1.086878325544544601e+10 -4.159207653038592529e+11 2.807989200772725677e+10 -8.841301285905850220e+10 7.259952753757547140e+08 1.963524522540366364e+10 2.890536564384148026e+10 4.553025574344557190e+10 1.739770326545310974e+10 2.729684854562901020e+09 4.300454202293421173e+10 5.824477190575104713e+09 1.003958514272169876e+10 1.344181550607562866e+11 1.724935938178808289e+11 1.050012221727886810e+11 5.423845812463048846e+07 1.216382945705437899e+09 2.598582597112520218e+10 8.913300592121309280e+09 -2.233773420268823504e+08 1.895874799711141205e+10 2.147776562813939285e+10 1.035258199768227386e+10 1.500510716455441093e+10 -4.954251363642469406e+09 2.061244831581130981e+10 8.145655104893561363e+09 8.892521960668117523e+09 2.407217488474386978e+10 1.701118129411410332e+10 2.169332291914531326e+10 1.138992950012666702e+10 1.292540411263636398e+10 4.020527468087457180e+09 2.191006660627822113e+10 1.008664567378887177e+10 6.646004946960380554e+09 1.208381782216758156e+10 4.903261703138419151e+09 1.872162879625220490e+10 2.232177918387795258e+10 1.191190158779757500e+10 1.640809913227064133e+10 1.111532703966603088e+10 2.035400704940751648e+10 1.770702981074877930e+10 8.044491834526303291e+09 1.394440748323743057e+10 5.802908690881624222e+09 1.611760424933161736e+10 9.196794826943130493e+09 1.074954110031811905e+10 1.147185450605999947e+10 8.790242842091333120e+17 2.576119850583979840e+17 -2.078225135109293200e+16 4.868780327435715200e+16 3.213650678383204480e+17 -3.768748270196628800e+16 -1.980066362447554800e+16 8.734228166305121600e+16 1.092806051044477760e+17 4.108692321403204800e+16 -2.207312150232627520e+17 -6.426684641735900000e+16 1.471350227731391680e+17 5.756412532511135200e+16 5.880178827641484000e+16 2.513907091161110800e+16 -3.594923390397308800e+16 1.031660393255594600e+16 6.898982998866378400e+16 3.351772620340332800e+17 1.421164984205165440e+17 -7.946211015135712000e+16 1.809580209803706000e+16 6.559448076272062400e+16 -2.789774422189199600e+16 -2.821722438413446800e+16 -5.149345738480825000e+15 -5.810521733427651200e+16 1.427487102122025600e+16 9.165309616936566000e+15 3.502931185498295200e+16 1.670763463745410200e+16 -3.344525936622521600e+17 -3.578003222171312400e+16 4.164116628742527360e+17 -3.244958029181958000e+16 1.819334442409357200e+16 3.756177094663572800e+16 8.105558135951513600e+16 -5.131030733113827000e+15 -1.107015919933991200e+16 1.657891817501190800e+16 3.980392026671199000e+15 1.072096186364041800e+16 -1.818161493366118000e+16 -3.689319194435518125e+14 3.450149501850068800e+16 2.724866783889422400e+16 -1.428189836604659400e+16 -2.782828464409298240e+17 1.203020381000242400e+17 6.144672990916664800e+16 2.146576889591724800e+16 -7.851566641494582400e+16 2.334729637182701200e+16 2.421474116083644000e+16 1.571697952518767400e+16 -1.478771043503680200e+16 2.684758210511884400e+16 -1.450185249090586000e+16 1.079372847145954400e+16 1.105554558902889800e+16 1.078515054186039600e+16 5.023622825462429000e+15 1.766394362640454600e+16 -1.257218864834465200e+16 2.471649205772798800e+16 2.230981669071794800e+16 1.397901420832756800e+16 1.317012953202981000e+16 2.344016255170922400e+16 -6.637324478137232800e+16 -2.625103055954301200e+16 1.852556856423946560e+17 6.527531168073340000e+15 2.792400080480799600e+16 2.103693515210936000e+16 -1.876125487325934000e+16 2.272519298161411200e+16 1.449823293308698400e+16 5.538883806184820800e+16 3.226688744350034800e+16 1.956623793359752000e+16 5.768770181962188000e+16 2.314043646105295200e+16 1.501819719111890200e+16 3.294644969232126400e+16 3.977272418941277600e+16 3.377181633624664000e+16 2.981721724641712000e+16 3.666726201854621600e+16 5.817062656871315200e+16 4.851227058515916800e+16 3.360406030214364800e+16 4.807986035971768800e+16 4.758995205121992000e+16 8.752834708228883200e+16 4.938816499024922880e+17
