{"poles": {"dims": ["k"], "edges": [{"__dtype__": "<f8", "__shape__": [46], "__data__": [0.0, 0.005, 0.01, 0.015, 0.02, 0.025, 0.03, 0.035, 0.04, 0.045, 0.05, 0.055, 0.06, 0.065, 0.07, 0.075, 0.08, 0.085, 0.09, 0.095, 0.1, 0.105, 0.11, 0.115, 0.12, 0.125, 0.13, 0.135, 0.14, 0.145, 0.15, 0.155, 0.16, 0.165, 0.17, 0.17500000000000002, 0.18, 0.185, 0.19, 0.195, 0.2, 0.20500000000000002, 0.21, 0.215, 0.22, 0.225]}], "coords": [{"__dtype__": "<f8", "__shape__": [45], "__data__": [0.0025, 0.0075, 0.0125, 0.0175, 0.0225, 0.0275, 0.0325, 0.037500000000000006, 0.042499999999999996, 0.0475, 0.052500000000000005, 0.057499999999999996, 0.0625, 0.0675, 0.07250000000000001, 0.0775, 0.0825, 0.0875, 0.0925, 0.0975, 0.10250000000000001, 0.1075, 0.1125, 0.1175, 0.1225, 0.1275, 0.1325, 0.1375, 0.14250000000000002, 0.1475, 0.1525, 0.1575, 0.1625, 0.1675, 0.17250000000000001, 0.1775, 0.1825, 0.1875, 0.1925, 0.1975, 0.2025, 0.20750000000000002, 0.2125, 0.2175, 0.2225]}], "data": {"__dtype__": [["k", "<f8"], ["power_0", "<c8"], ["modes", "<i8"]], "__shape__": [45], "__data__": [[0.003814317646701794, {"__complex__": [105543.625, -1.0892151845178985e-13]}, 167], [0.008064181409885256, {"__complex__": [102766.203125, 1.3350381049140672e-14]}, 1090], [0.012824325959778556, {"__complex__": [104939.21875, -1.5891708250986153e-13]}, 2976], [0.017724977582218672, {"__complex__": [101944.375, -3.7595371016633725e-15]}, 5806], [0.0226681469962154, {"__complex__": [108068.40625, -6.480054462313679e-15]}, 9544], [0.027647373023691472, {"__complex__": [105632.2734375, 4.4760341402294915e-14]}, 14386], [0.032637719299653964, {"__complex__": [99167.4296875, 1.1119185304756755e-14]}, 19958], [0.03761757742800203, {"__complex__": [94109.828125, 7.680848178889896e-15]}, 26524], [0.04260239980459717, {"__complex__": [93437.984375, -7.569793689175385e-15]}, 34122], [0.04758923715425992, {"__complex__": [92971.8359375, 2.2613165748014592e-14]}, 42472], [0.052573901674143976, {"__complex__": [89112.4140625, 4.058214047875921e-15]}, 51994], [0.057573868744236256, {"__complex__": [88920.171875, 9.311736003445167e-16]}, 62510], [0.06257209165126655, {"__complex__": [87406.3046875, -8.103723448575975e-15]}, 73624], [0.06756333126052483, {"__complex__": [85844.296875, 1.6936191905080424e-15]}, 85922], [0.07255589410695758, {"__complex__": [83871.9296875, -2.9402559713159976e-16]}, 98984], [0.07755588541961576, {"__complex__": [83159.09375, -7.30350601231642e-15]}, 113570], [0.08255365489632914, {"__complex__": [82004.8046875, -7.440094310225912e-15]}, 128110], [0.08754740702449065, {"__complex__": [80916.203125, 8.136907658350557e-15]}, 144412], [0.09254285210593916, {"__complex__": [78579.7734375, 3.960948407509763e-15]}, 161190], [0.09754025017842448, {"__complex__": [78438.8515625, -7.0199918028926705e-15]}, 179308], [0.10253927504434043, {"__complex__": [76969.046875, -7.345520011170536e-17]}, 198106], [0.10753411669522964, {"__complex__": [77427.78125, 1.0698659280949886e-15]}, 217626], [0.11253296939646451, {"__complex__": [76787.5078125, -1.4926727998705765e-15]}, 238848], [0.11753455185796764, {"__complex__": [76724.1640625, -6.0916606333609024e-15]}, 260382], [0.12253246829276755, {"__complex__": [75602.328125, 4.776758132141493e-16]}, 282744], [0.12753220545453514, {"__complex__": [75794.96875, -4.979732107896449e-15]}, 306834], [0.1325315505328458, {"__complex__": [75341.78125, 1.8153476717864972e-15]}, 330662], [0.13753102693673294, {"__complex__": [74592.8984375, 7.033752064879053e-16]}, 356880], [0.1425302095745226, {"__complex__": [74895.8984375, -4.794098484758565e-15]}, 382458], [0.14752642261257562, {"__complex__": [74363.2265625, 1.4904804668448455e-15]}, 410056], [0.15252809845452392, {"__complex__": [74130.0546875, 3.314530250728968e-17]}, 439034], [0.15752741233622744, {"__complex__": [73313.8046875, 1.2306625335161271e-15]}, 467066], [0.16252520454632968, {"__complex__": [73223.234375, 3.7970763842758214e-16]}, 498212], [0.16752681405571837, {"__complex__": [73305.2734375, -1.3753600866346156e-16]}, 529022], [0.17252554266231793, {"__complex__": [72917.671875, 1.842697942136865e-15]}, 560692], [0.17752283929118307, {"__complex__": [72544.4140625, 2.8177169324465796e-15]}, 593910], [0.18252345421537575, {"__complex__": [72638.4921875, -7.122800109228306e-16]}, 628224], [0.18752328355419828, {"__complex__": [72014.8203125, 8.676000718839372e-16]}, 662518], [0.19252234228917772, {"__complex__": [72561.7734375, 1.5305530661838544e-15]}, 698810], [0.19752204959598124, {"__complex__": [72150.8828125, -1.1777878782123167e-15]}, 735140], [0.20251984240187046, {"__complex__": [72056.7578125, -3.8127536406405184e-16]}, 772870], [0.2075184245588539, {"__complex__": [71666.5703125, -6.276674943065446e-17]}, 811444], [0.21251903855258292, {"__complex__": [71874.046875, -3.2369779125467242e-15]}, 851902], [0.2175183847925783, {"__complex__": [71734.0390625, -6.857964670357408e-16]}, 891198], [0.22251639236169493, {"__complex__": [71467.328125, 3.1973900278117816e-16]}, 932993]]}, "attrs": {"poles": [0], "dk": 0.005, "kmin": 0.0, "kmax": null, "Nmesh": {"__dtype__": "<i8", "__shape__": [3], "__data__": [512, 512, 512]}, "BoxSize": {"__dtype__": "<f8", "__shape__": [3], "__data__": [3423.0, 7192.0, 3023.0]}, "BoxPad": {"__dtype__": "<f8", "__shape__": [3], "__data__": [0.1, 0.1, 0.1]}, "BoxCenter": {"__dtype__": "<f8", "__shape__": [3], "__data__": [-1752.1881282886557, 35.72228811299897, 1911.3955986695623]}, "mesh.resampler": "tsc", "mesh.interlaced": true, "alpha": 0.05675072222948074, "data.norm": 3.1025286931707434, "randoms.norm": 3.1026218137315666, "shotnoise": 69988.07431967376, "first.data.N": 220038, "first.data.W": 232779.0, "first.data.W2": 200747.01861168034, "first.data.num_per_cell": 0.0014956818417584921, "first.randoms.N": 3965727, "first.randoms.W": 4101780.5, "first.randoms.W2": 3537415.399205511, "first.randoms.num_per_cell": 0.026355798536580138, "first.data.ext": 1, "first.randoms.ext": 1, "second.data.N": 220038, "second.data.W": 232779.0, "second.data.W2": 210880.734375, "second.data.num_per_cell": 0.0015711839077994227, "second.randoms.N": 3965727, "second.randoms.W": 4101780.5, "second.randoms.W2": 3716142.25, "second.randoms.num_per_cell": 0.027687417343258858, "second.data.ext": 1, "second.randoms.ext": 1}}, "attrs": {"poles": [0], "dk": 0.005, "kmin": 0.0, "kmax": null, "Nmesh": {"__dtype__": "<i8", "__shape__": [3], "__data__": [512, 512, 512]}, "BoxSize": {"__dtype__": "<f8", "__shape__": [3], "__data__": [3423.0, 7192.0, 3023.0]}, "BoxPad": {"__dtype__": "<f8", "__shape__": [3], "__data__": [0.1, 0.1, 0.1]}, "BoxCenter": {"__dtype__": "<f8", "__shape__": [3], "__data__": [-1752.1881282886557, 35.72228811299897, 1911.3955986695623]}, "mesh.resampler": "tsc", "mesh.interlaced": true, "alpha": 0.05675072222948074, "data.norm": 3.1025286931707434, "randoms.norm": 3.1026218137315666, "shotnoise": 69988.07431967376, "first.data.N": 220038, "first.data.W": 232779.0, "first.data.W2": 200747.01861168034, "first.data.num_per_cell": 0.0014956818417584921, "first.randoms.N": 3965727, "first.randoms.W": 4101780.5, "first.randoms.W2": 3537415.399205511, "first.randoms.num_per_cell": 0.026355798536580138, "first.data.ext": 1, "first.randoms.ext": 1, "second.data.N": 220038, "second.data.W": 232779.0, "second.data.W2": 210880.734375, "second.data.num_per_cell": 0.0015711839077994227, "second.randoms.N": 3965727, "second.randoms.W": 4101780.5, "second.randoms.W2": 3716142.25, "second.randoms.num_per_cell": 0.027687417343258858, "second.data.ext": 1, "second.randoms.ext": 1, "p": 1.0, "zmin": 0.8, "zmax": 2.2, "P0_FKP": 30000.0, "z-weighted": true, "hashkeys": ["Nmesh", "P0_FKP", "dk", "kmin", "mesh.window", "mesh.interlaced", "poles", "p", "BoxPad", "zmin", "zmax", "z-weighted"]}}