{"poles": {"dims": ["k"], "edges": [{"__dtype__": "<f8", "__shape__": [46], "__data__": [0.0, 0.005, 0.01, 0.015, 0.02, 0.025, 0.03, 0.035, 0.04, 0.045, 0.05, 0.055, 0.06, 0.065, 0.07, 0.075, 0.08, 0.085, 0.09, 0.095, 0.1, 0.105, 0.11, 0.115, 0.12, 0.125, 0.13, 0.135, 0.14, 0.145, 0.15, 0.155, 0.16, 0.165, 0.17, 0.17500000000000002, 0.18, 0.185, 0.19, 0.195, 0.2, 0.20500000000000002, 0.21, 0.215, 0.22, 0.225]}], "coords": [{"__dtype__": "<f8", "__shape__": [45], "__data__": [0.0025, 0.0075, 0.0125, 0.0175, 0.0225, 0.0275, 0.0325, 0.037500000000000006, 0.042499999999999996, 0.0475, 0.052500000000000005, 0.057499999999999996, 0.0625, 0.0675, 0.07250000000000001, 0.0775, 0.0825, 0.0875, 0.0925, 0.0975, 0.10250000000000001, 0.1075, 0.1125, 0.1175, 0.1225, 0.1275, 0.1325, 0.1375, 0.14250000000000002, 0.1475, 0.1525, 0.1575, 0.1625, 0.1675, 0.17250000000000001, 0.1775, 0.1825, 0.1875, 0.1925, 0.1975, 0.2025, 0.20750000000000002, 0.2125, 0.2175, 0.2225]}], "data": {"__dtype__": [["k", "<f8"], ["power_0", "<c8"], ["modes", "<i8"]], "__shape__": [45], "__data__": [[0.0038187343084703997, {"__complex__": [87999.484375, 8.713722018244274e-14]}, 167], [0.008058246844432721, {"__complex__": [115406.03125, -2.790686247627211e-13]}, 1082], [0.012824850492997066, {"__complex__": [111320.5, -1.1001951709692023e-14]}, 2976], [0.017727776166482034, {"__complex__": [107549.8828125, -2.516761467605917e-15]}, 5782], [0.022672784867381973, {"__complex__": [106798.3203125, 2.747372370836415e-14]}, 9534], [0.027651171400487493, {"__complex__": [102815.28125, 3.811796758107917e-16]}, 14316], [0.032634404025333366, {"__complex__": [97316.875, -3.807868462820524e-14]}, 19872], [0.037611055521638785, {"__complex__": [93098.078125, -1.6524999549077588e-14]}, 26418], [0.042597342575012416, {"__complex__": [94385.6640625, -2.1378496642778834e-14]}, 34034], [0.04758900058561162, {"__complex__": [93232.0703125, -6.1791570192299035e-15]}, 42390], [0.052576753571551324, {"__complex__": [90423.6796875, 1.1515701756157227e-14]}, 51810], [0.05757435390837016, {"__complex__": [88466.8046875, -4.671562039927548e-15]}, 62300], [0.06257184605337703, {"__complex__": [85419.1171875, -1.933723702538838e-15]}, 73372], [0.06756485194141075, {"__complex__": [83471.5546875, -1.1883826510198682e-14]}, 85716], [0.07255878134283923, {"__complex__": [84051.1953125, 3.3919860006854452e-15]}, 98672], [0.07755423631524078, {"__complex__": [83297.8203125, 1.474717056641501e-14]}, 112984], [0.08255186944934494, {"__complex__": [82181.640625, -1.2512003931574363e-14]}, 127934], [0.08754943294854546, {"__complex__": [80024.9921875, -2.427240672992978e-15]}, 143886], [0.09254386475475125, {"__complex__": [80905.2890625, 9.688720298598429e-15]}, 160708], [0.09754318126615691, {"__complex__": [79770.9296875, -1.5865230975142873e-15]}, 178858], [0.10254576896434923, {"__complex__": [78181.015625, 1.1230489033915996e-15]}, 197602], [0.10754081653779775, {"__complex__": [77486.2578125, -3.589834897713921e-15]}, 216870], [0.1125376984375051, {"__complex__": [76829.546875, -1.0668201246716042e-14]}, 238026], [0.11753845668896792, {"__complex__": [76516.03125, 7.148737846260009e-16]}, 259538], [0.12253463835991953, {"__complex__": [75941.2734375, 3.2607401513325227e-15]}, 281712], [0.12753206282199303, {"__complex__": [76210.265625, -4.66587590775263e-15]}, 305642], [0.13253025187086656, {"__complex__": [75056.2890625, -2.1845216878913637e-15]}, 329738], [0.13753088144584033, {"__complex__": [75142.8359375, -3.896936010103387e-15]}, 355682], [0.1425329806137636, {"__complex__": [74986.171875, -4.376808973843155e-15]}, 381726], [0.14752890190292622, {"__complex__": [74683.2734375, -4.561997057650783e-15]}, 408296], [0.15252581836507487, {"__complex__": [73699.328125, 3.977915747992687e-15]}, 437152], [0.15752817244218414, {"__complex__": [73590.4921875, 1.216100025449576e-15]}, 466676], [0.1625274323112045, {"__complex__": [73798.234375, -1.1449046827713655e-15]}, 495696], [0.16752536917198346, {"__complex__": [73031.1015625, -1.8894221853315435e-15]}, 527572], [0.17252415087148268, {"__complex__": [73209.2265625, -2.119601694682005e-15]}, 558672], [0.17752254025415906, {"__complex__": [73073.8671875, -9.826730976584598e-16]}, 592340], [0.18252304112491044, {"__complex__": [72925.515625, -1.232243732270414e-15]}, 625892], [0.18752360937507337, {"__complex__": [72402.15625, -1.5192740813373346e-15]}, 660896], [0.19252280583481232, {"__complex__": [73042.7265625, -2.129688851232179e-16]}, 696100], [0.1975219538734445, {"__complex__": [72251.578125, -1.1314190712181297e-15]}, 733114], [0.20252097995898793, {"__complex__": [72181.78125, -2.8052822770226497e-15]}, 770318], [0.207521493139317, {"__complex__": [72035.453125, 8.80618491827203e-16]}, 809708], [0.21252142237832683, {"__complex__": [72137.7109375, -4.118719146545513e-16]}, 847948], [0.21752006170325264, {"__complex__": [71494.921875, -2.7385117285817773e-15]}, 889398], [0.22251868203247654, {"__complex__": [71496.4921875, -9.903331342378356e-16]}, 929393]]}, "attrs": {"poles": [0], "dk": 0.005, "kmin": 0.0, "kmax": null, "Nmesh": {"__dtype__": "<i8", "__shape__": [3], "__data__": [512, 512, 512]}, "BoxSize": {"__dtype__": "<f8", "__shape__": [3], "__data__": [3430.0, 7178.0, 3013.0]}, "BoxPad": {"__dtype__": "<f8", "__shape__": [3], "__data__": [0.1, 0.1, 0.1]}, "BoxCenter": {"__dtype__": "<f8", "__shape__": [3], "__data__": [-1752.8627798913776, 35.48436197717547, 1913.9887404148574]}, "mesh.resampler": "tsc", "mesh.interlaced": true, "alpha": 0.05699201300740242, "data.norm": 3.0951998482616347, "randoms.norm": 3.0940714828597895, "shotnoise": 70120.10602122523, "first.data.N": 219528, "first.data.W": 232140.328125, "first.data.W2": 200404.38646460758, "first.data.num_per_cell": 0.0014931290333316295, "first.randoms.N": 3940576, "first.randoms.W": 4073208.0, "first.randoms.W2": 3515865.3555875313, "first.randoms.num_per_cell": 0.026195238199737157, "first.data.ext": 1, "first.randoms.ext": 1, "second.data.N": 219528, "second.data.W": 232140.328125, "second.data.W2": 210608.03125, "second.data.num_per_cell": 0.0015691521111875772, "second.randoms.N": 3940576, "second.randoms.W": 4073208.0, "second.randoms.W2": 3693658.5, "second.randoms.num_per_cell": 0.02751990035176277, "second.data.ext": 1, "second.randoms.ext": 1}}, "attrs": {"poles": [0], "dk": 0.005, "kmin": 0.0, "kmax": null, "Nmesh": {"__dtype__": "<i8", "__shape__": [3], "__data__": [512, 512, 512]}, "BoxSize": {"__dtype__": "<f8", "__shape__": [3], "__data__": [3430.0, 7178.0, 3013.0]}, "BoxPad": {"__dtype__": "<f8", "__shape__": [3], "__data__": [0.1, 0.1, 0.1]}, "BoxCenter": {"__dtype__": "<f8", "__shape__": [3], "__data__": [-1752.8627798913776, 35.48436197717547, 1913.9887404148574]}, "mesh.resampler": "tsc", "mesh.interlaced": true, "alpha": 0.05699201300740242, "data.norm": 3.0951998482616347, "randoms.norm": 3.0940714828597895, "shotnoise": 70120.10602122523, "first.data.N": 219528, "first.data.W": 232140.328125, "first.data.W2": 200404.38646460758, "first.data.num_per_cell": 0.0014931290333316295, "first.randoms.N": 3940576, "first.randoms.W": 4073208.0, "first.randoms.W2": 3515865.3555875313, "first.randoms.num_per_cell": 0.026195238199737157, "first.data.ext": 1, "first.randoms.ext": 1, "second.data.N": 219528, "second.data.W": 232140.328125, "second.data.W2": 210608.03125, "second.data.num_per_cell": 0.0015691521111875772, "second.randoms.N": 3940576, "second.randoms.W": 4073208.0, "second.randoms.W2": 3693658.5, "second.randoms.num_per_cell": 0.02751990035176277, "second.data.ext": 1, "second.randoms.ext": 1, "p": 1.0, "zmin": 0.8, "zmax": 2.2, "P0_FKP": 30000.0, "z-weighted": true, "hashkeys": ["Nmesh", "P0_FKP", "dk", "kmin", "mesh.window", "mesh.interlaced", "poles", "p", "BoxPad", "zmin", "zmax", "z-weighted"]}}