{"poles": {"dims": ["k"], "edges": [{"__dtype__": "<f8", "__shape__": [57], "__data__": [0.0, 0.005, 0.01, 0.015, 0.02, 0.025, 0.03, 0.035, 0.04, 0.045, 0.05, 0.055, 0.06, 0.065, 0.07, 0.075, 0.08, 0.085, 0.09, 0.095, 0.1, 0.105, 0.11, 0.115, 0.12, 0.125, 0.13, 0.135, 0.14, 0.145, 0.15, 0.155, 0.16, 0.165, 0.17, 0.17500000000000002, 0.18, 0.185, 0.19, 0.195, 0.2, 0.20500000000000002, 0.21, 0.215, 0.22, 0.225, 0.23, 0.23500000000000001, 0.24, 0.245, 0.25, 0.255, 0.26, 0.265, 0.27, 0.275, 0.28]}], "coords": [{"__dtype__": "<f8", "__shape__": [56], "__data__": [0.0025, 0.0075, 0.0125, 0.0175, 0.0225, 0.0275, 0.0325, 0.037500000000000006, 0.042499999999999996, 0.0475, 0.052500000000000005, 0.057499999999999996, 0.0625, 0.0675, 0.07250000000000001, 0.0775, 0.0825, 0.0875, 0.0925, 0.0975, 0.10250000000000001, 0.1075, 0.1125, 0.1175, 0.1225, 0.1275, 0.1325, 0.1375, 0.14250000000000002, 0.1475, 0.1525, 0.1575, 0.1625, 0.1675, 0.17250000000000001, 0.1775, 0.1825, 0.1875, 0.1925, 0.1975, 0.2025, 0.20750000000000002, 0.2125, 0.2175, 0.2225, 0.2275, 0.2325, 0.2375, 0.2425, 0.2475, 0.2525, 0.2575, 0.2625, 0.2675, 0.2725, 0.2775]}], "data": {"__dtype__": [["k", "<f8"], ["power_0", "<c8"], ["modes", "<i8"]], "__shape__": [56], "__data__": [[0.0038196478467347915, {"__complex__": [-104339.7109375, 2.3052538610651707e-12]}, 101], [0.008110305549920762, {"__complex__": [-76282.4765625, -2.53076775031183e-13]}, 690], [0.012881692264439802, {"__complex__": [-79721.3828125, -1.0314879918087161e-13]}, 1834], [0.01777164170029064, {"__complex__": [-81266.484375, -9.739151623838413e-14]}, 3586], [0.022693610274666442, {"__complex__": [-82021.4375, 7.477860121212192e-15]}, 5838], [0.02763740805136937, {"__complex__": [-78560.2421875, -5.485643203247993e-14]}, 8754], [0.03261421800623749, {"__complex__": [-77009.0390625, 1.6598240793960772e-14]}, 12274], [0.037609560625509006, {"__complex__": [-78757.921875, 1.601849756354204e-14]}, 16352], [0.04260801488447431, {"__complex__": [-72459.21875, 3.294956470753334e-15]}, 20978], [0.047596442226937596, {"__complex__": [-70494.609375, -1.1134681772526772e-14]}, 26138], [0.05257713463676606, {"__complex__": [-69048.7734375, -3.109774400879631e-14]}, 31820], [0.05756203266484595, {"__complex__": [-66520.9921875, 1.5197822587540398e-14]}, 38300], [0.06255750113542233, {"__complex__": [-66530.984375, 0.0]}, 45292], [0.0675577678472437, {"__complex__": [-65039.04296875, 2.4519508263500488e-14]}, 52820], [0.0725560372563847, {"__complex__": [-65727.40625, 9.554456470854439e-16]}, 60922], [0.07755078358192175, {"__complex__": [-65185.38671875, -6.282125308913452e-15]}, 69492], [0.08254508045483587, {"__complex__": [-63120.17578125, 1.477126886552263e-15]}, 78812], [0.08754497277860253, {"__complex__": [-63268.74609375, 9.175850319365422e-15]}, 88810], [0.09254415921274932, {"__complex__": [-62084.640625, -3.2321265313413252e-15]}, 99050], [0.09754412704142018, {"__complex__": [-59685.5390625, -2.6064747504561192e-15]}, 110264], [0.10254856518223297, {"__complex__": [-59985.83984375, -5.611585228746741e-15]}, 121880], [0.10754249020663124, {"__complex__": [-59849.92578125, 1.3631310749284112e-15]}, 133442], [0.1125363162484865, {"__complex__": [-60055.1015625, -7.535639626676197e-15]}, 146762], [0.11753772571930336, {"__complex__": [-59272.51171875, 2.6390190268390503e-15]}, 159910], [0.12253444097717696, {"__complex__": [-59025.90234375, 3.2678713217154567e-15]}, 173668], [0.12752979150516, {"__complex__": [-58920.75, -1.3532277774673507e-15]}, 188186], [0.1325294412651505, {"__complex__": [-58632.73828125, 2.002524377196042e-15]}, 203470], [0.1375287509305437, {"__complex__": [-59134.3125, 2.6600461962381647e-15]}, 218822], [0.1425271485523513, {"__complex__": [-57384.45703125, -1.1132788018614948e-15]}, 235282], [0.14752956469068637, {"__complex__": [-57615.21484375, -1.788739614056161e-15]}, 252194], [0.15253104449745353, {"__complex__": [-57038.53125, 6.050467727070031e-15]}, 269370], [0.15752719256466963, {"__complex__": [-57194.67578125, -8.113414140767275e-16]}, 286970], [0.1625229981574391, {"__complex__": [-56711.0078125, 5.950126404193274e-16]}, 305706], [0.16752412162571176, {"__complex__": [-56809.22265625, 1.5995983216045783e-15]}, 325226], [0.17252151126603213, {"__complex__": [-56822.25, 3.425950539562685e-15]}, 344052], [0.17752146312078068, {"__complex__": [-56908.12890625, -2.269493915577547e-15]}, 365482], [0.1825246847651017, {"__complex__": [-57075.62109375, 1.6976366677768696e-16]}, 385734], [0.18752359297563354, {"__complex__": [-56695.99609375, -7.864083639995867e-16]}, 407094], [0.19252070292777176, {"__complex__": [-56208.28125, 6.448481415083894e-16]}, 428762], [0.19752045346847572, {"__complex__": [-56405.9375, -1.7699536938354816e-16]}, 452190], [0.2025223880879858, {"__complex__": [-56279.82421875, -9.959677032820896e-16]}, 474852], [0.20752031520866712, {"__complex__": [-55840.3203125, -2.8616302968057948e-15]}, 498348], [0.21251917247219984, {"__complex__": [-56054.17578125, 1.6690463941312808e-16]}, 523122], [0.21751808944155782, {"__complex__": [-56055.6015625, 2.6812091026670766e-15]}, 547486], [0.22251718418319227, {"__complex__": [-55889.59765625, 3.1839544970815523e-15]}, 573584], [0.2275171231793308, {"__complex__": [-55765.2421875, -3.7642387697953443e-16]}, 599204], [0.2325175067447906, {"__complex__": [-55772.96875, 6.970332061140164e-17]}, 626308], [0.23751896616819282, {"__complex__": [-55711.63671875, -9.79851948548511e-16]}, 653450], [0.24251926443839972, {"__complex__": [-55427.7734375, 3.739434998121778e-16]}, 681008], [0.24751853300775123, {"__complex__": [-55464.65234375, -1.128430844859335e-15]}, 709264], [0.2525161908744001, {"__complex__": [-55547.3203125, 2.405966381731502e-15]}, 737888], [0.2575139844148925, {"__complex__": [-55590.734375, -1.1656907654178676e-15]}, 767736], [0.2625148186693047, {"__complex__": [-55628.8359375, -1.877360647920879e-15]}, 798380], [0.2675165005068567, {"__complex__": [-55208.74609375, -2.1765909184062217e-15]}, 829020], [0.27251605170707677, {"__complex__": [-55143.20703125, -1.276146614596907e-15]}, 859502], [0.2775124490936724, {"__complex__": [-55249.0, 7.516797484643644e-16]}, 890523]]}, "attrs": {"poles": [0], "dk": 0.005, "kmin": 0.0, "kmax": null, "Nmesh": {"__dtype__": "<i8", "__shape__": [3], "__data__": [512, 512, 512]}, "BoxSize": {"__dtype__": "<f8", "__shape__": [3], "__data__": [2659.0, 5789.0, 2970.0]}, "BoxPad": {"__dtype__": "<f8", "__shape__": [3], "__data__": [0.1, 0.1, 0.1]}, "BoxCenter": {"__dtype__": "<f8", "__shape__": [3], "__data__": [2585.6302462043805, 45.66957219751157, 891.0834670796819]}, "mesh.resampler": "tsc", "mesh.interlaced": true, "alpha": 0.0530015230178833, "data.norm": -0.804468579274943, "randoms.norm": -0.8045449469283583, "shotnoise": 67659.49000331362, "first.data.N": 125851, "first.data.W": 135669.84375, "first.data.W2": 121049.64165376087, "first.data.num_per_cell": 0.0009018901113700932, "first.randoms.N": 2428962, "first.randoms.W": 2559734.75, "first.randoms.W2": 2283927.356875086, "first.randoms.num_per_cell": 0.01701658484991704, "first.data.ext": 1, "first.randoms.ext": 1, "second.data.N": 125851, "second.data.W": 135669.84375, "second.data.W2": -56944.75, "second.data.num_per_cell": -0.00042427144944667816, "second.randoms.N": 2428962, "second.randoms.W": 2559734.75, "second.randoms.W2": -1074515.0, "second.randoms.num_per_cell": -0.008005760610103607, "second.data.ext": 1, "second.randoms.ext": 1}}, "attrs": {"poles": [0], "dk": 0.005, "kmin": 0.0, "kmax": null, "Nmesh": {"__dtype__": "<i8", "__shape__": [3], "__data__": [512, 512, 512]}, "BoxSize": {"__dtype__": "<f8", "__shape__": [3], "__data__": [2659.0, 5789.0, 2970.0]}, "BoxPad": {"__dtype__": "<f8", "__shape__": [3], "__data__": [0.1, 0.1, 0.1]}, "BoxCenter": {"__dtype__": "<f8", "__shape__": [3], "__data__": [2585.6302462043805, 45.66957219751157, 891.0834670796819]}, "mesh.resampler": "tsc", "mesh.interlaced": true,