{"poles": {"dims": ["k"], "edges": [{"__dtype__": "<f8", "__shape__": [46], "__data__": [0.0, 0.005, 0.01, 0.015, 0.02, 0.025, 0.03, 0.035, 0.04, 0.045, 0.05, 0.055, 0.06, 0.065, 0.07, 0.075, 0.08, 0.085, 0.09, 0.095, 0.1, 0.105, 0.11, 0.115, 0.12, 0.125, 0.13, 0.135, 0.14, 0.145, 0.15, 0.155, 0.16, 0.165, 0.17, 0.17500000000000002, 0.18, 0.185, 0.19, 0.195, 0.2, 0.20500000000000002, 0.21, 0.215, 0.22, 0.225]}], "coords": [{"__dtype__": "<f8", "__shape__": [45], "__data__": [0.0025, 0.0075, 0.0125, 0.0175, 0.0225, 0.0275, 0.0325, 0.037500000000000006, 0.042499999999999996, 0.0475, 0.052500000000000005, 0.057499999999999996, 0.0625, 0.0675, 0.07250000000000001, 0.0775, 0.0825, 0.0875, 0.0925, 0.0975, 0.10250000000000001, 0.1075, 0.1125, 0.1175, 0.1225, 0.1275, 0.1325, 0.1375, 0.14250000000000002, 0.1475, 0.1525, 0.1575, 0.1625, 0.1675, 0.17250000000000001, 0.1775, 0.1825, 0.1875, 0.1925, 0.1975, 0.2025, 0.20750000000000002, 0.2125, 0.2175, 0.2225]}], "data": {"__dtype__": [["k", "<f8"], ["power_0", "<c8"], ["modes", "<i8"]], "__shape__": [45], "__data__": [[0.0038179942855659918, {"__complex__": [-96632.078125, 9.585094220068702e-13]}, 167], [0.00805760068922063, {"__complex__": [-141670.9375, -3.4967634256893865e-13]}, 1082], [0.012826083954985584, {"__complex__": [-140381.8125, -1.4649578479550979e-13]}, 2980], [0.017722741424456696, {"__complex__": [-149185.171875, 2.675169927159743e-13]}, 5766], [0.022661918988661264, {"__complex__": [-140877.859375, -1.9633779194463963e-13]}, 9524], [0.027645025045497162, {"__complex__": [-125140.4609375, -2.840189732976773e-14]}, 14346], [0.032637172342657145, {"__complex__": [-123057.421875, 3.5082468207619025e-14]}, 19910], [0.03761327185471687, {"__complex__": [-123758.6640625, -3.087237564658625e-14]}, 26396], [0.04260680242732614, {"__complex__": [-117408.7890625, -5.1080262591864274e-15]}, 34186], [0.0475969878986633, {"__complex__": [-115770.8671875, -5.23450200014524e-14]}, 42256], [0.0525813250614829, {"__complex__": [-112319.359375, -2.5062471629283545e-14]}, 51966], [0.0575787720968089, {"__complex__": [-110302.078125, 2.2471831524501634e-14]}, 62166], [0.06257096830363716, {"__complex__": [-106577.15625, -1.3079126371079008e-14]}, 73432], [0.06756370590019752, {"__complex__": [-106601.0078125, 5.093900502483304e-16]}, 85702], [0.07255930834310435, {"__complex__": [-103836.125, 9.426341678791042e-15]}, 98800], [0.07755488654626726, {"__complex__": [-102338.609375, -9.212029637641495e-15]}, 112946], [0.08254797696537672, {"__complex__": [-99261.390625, 2.2315047420030758e-14]}, 127814], [0.08754793399381103, {"__complex__": [-99104.1015625, -7.061881817299132e-15]}, 144244], [0.09254391770022077, {"__complex__": [-97147.125, 1.5184118017970297e-15]}, 160526], [0.09753846688478114, {"__complex__": [-96109.6015625, 5.982446746240775e-15]}, 178784], [0.10253802732967748, {"__complex__": [-96787.6953125, -4.308438168406682e-15]}, 197586], [0.1075375251858317, {"__complex__": [-96632.5703125, 4.5527042591864565e-15]}, 217350], [0.11254044371863248, {"__complex__": [-94809.6875, -2.4434003675606955e-15]}, 238224], [0.11753764650492385, {"__complex__": [-94496.4140625, -1.437348165294304e-14]}, 259178], [0.12253143057041932, {"__complex__": [-94843.578125, -2.06429171377572e-15]}, 281974], [0.12753478080560574, {"__complex__": [-92680.4375, -2.6603483752420977e-15]}, 306316], [0.13253371195013366, {"__complex__": [-93579.9921875, -5.301920147625936e-16]}, 329358], [0.13753132479577332, {"__complex__": [-91512.796875, 1.0466297391210824e-14]}, 355932], [0.14253112536442902, {"__complex__": [-91658.5078125, 3.586376885706755e-15]}, 381410], [0.1475296224098201, {"__complex__": [-90747.71875, -4.409542138573324e-15]}, 409212], [0.1525309392004645, {"__complex__": [-90241.2890625, 8.716869423269682e-15]}, 437382], [0.15752744483349648, {"__complex__": [-89599.0390625, 7.499602186418789e-16]}, 465686], [0.16252420416343916, {"__complex__": [-89610.46875, -4.1027302879353446e-15]}, 496564], [0.1675253334356313, {"__complex__": [-88992.9609375, -1.103199215668287e-15]}, 527626], [0.17252430734939142, {"__complex__": [-88729.546875, -3.331911459450855e-15]}, 559032], [0.17752126796117698, {"__complex__": [-88394.6796875, 1.4744727352818213e-16]}, 592154], [0.182520892360286, {"__complex__": [-88935.2890625, 9.296001969403224e-17]}, 626158], [0.18752095875738695, {"__complex__": [-88760.5859375, -3.522591916646717e-16]}, 660964], [0.1925191735133037, {"__complex__": [-88255.6328125, -1.3168775702941692e-15]}, 696170], [0.19751800453537474, {"__complex__": [-87705.2578125, 4.80177387381011e-15]}, 733388], [0.20252006082329974, {"__complex__": [-88884.84375, 6.978865388688159e-15]}, 771502], [0.20752188442199326, {"__complex__": [-88202.3359375, -1.6540966331891568e-15]}, 809370], [0.21251955623303975, {"__complex__": [-88050.1328125, 2.0929714023368035e-15]}, 848236], [0.21751785926474662, {"__complex__": [-87683.171875, -1.145173456913441e-16]}, 889502], [0.22251819422801064, {"__complex__": [-87201.046875, -4.3797005855064034e-16]}, 930323]]}, "attrs": {"poles": [0], "dk": 0.005, "kmin": 0.0, "kmax": null, "Nmesh": {"__dtype__": "<i8", "__shape__": [3], "__data__": [512, 512, 512]}, "BoxSize": {"__dtype__": "<f8", "__shape__": [3], "__data__": [3418.0, 7189.0, 3020.0]}, "BoxPad": {"__dtype__": "<f8", "__shape__": [3], "__data__": [0.1, 0.1, 0.1]}, "BoxCenter": {"__dtype__": "<f8", "__shape__": [3], "__data__": [-1751.036480968878, 39.58969715485114, 1912.565984437003]}, "mesh.resampler": "tsc", "mesh.interlaced": true, "alpha": 0.05706624314188957, "data.norm": -1.4342022895257538, "randoms.norm": -1.4342989354979565, "shotnoise": 59220.63572561329, "first.data.N": 220266, "first.data.W": 232982.984375, "first.data.W2": 200960.3788412659, "first.data.num_per_cell": 0.0014972714993451975, "first.randoms.N": 3950247, "first.randoms.W": 4082676.0, "first.randoms.W2": 3521434.655312107, "first.randoms.num_per_cell": 0.026236732716203533, "first.data.ext": 1, "first.randoms.ext": 1, "second.data.N": 220266, "second.data.W": 232982.984375, "second.data.W2": -94756.4453125, "second.data.num_per_cell": -0.0007059905328787863, "second.randoms.N": 3950247, "second.randoms.W": 4082676.0, "second.randoms.W2": -1660595.125, "second.randoms.num_per_cell": -0.012372397817671299, "second.data.ext": 1, "second.randoms.ext": 1}}, "attrs": {"poles": [0], "dk": 0.005, "kmin": 0.0, "kmax": null, "Nmesh": {"__dtype__": "<i8", "__shape__": [3], "__data__": [512, 512, 512]}, "BoxSize": {"__dtype__": "<f8", "__shape__": [3], "__data__": [3418.0, 7189.0, 3020.0]}, "BoxPad": {"__dtype__": "<f8", "__shape__": [3], "__data__": [0.1, 0.1, 0.1]}, "BoxCenter": {"__dtype__": "<f8", "__shape__": [3], "__data__": [-1751.036480968878, 39.58969715485114, 1912.565984437003]}, "mesh.resampler": "tsc", "mesh.interlaced": true, "alpha": 0.05706624314188957, "data.norm": -1.4342022895257538, "randoms.norm": -1.4342989354979565, "shotnoise": 59220.63572561329, "first.data.N": 220266, "first.data.W": 232982.984375, "first.data.W2": 200960.3788412659, "first.data.num_per_cell": 0.0014972714993451975, "first.randoms.N": 3950247, "first.randoms.W": 4082676.0, "first.randoms.W2": 3521434.655312107, "first.randoms.num_per_cell": 0.026236732716203533, "first.data.ext": 1, "first.randoms.ext": 1, "second.data.N": 220266, "second.data.W": 232982.984375, "second.data.W2": -94756.4453125, "second.data.num_per_cell": -0.0007059905328787863, "second.randoms.N": 3950247, "second.randoms.W": 4082676.0, "second.randoms.W2": -1660595.125, "second.randoms.num_per_cell": -0.012372397817671299, "second.data.ext": 1, "second.randoms.ext": 1, "p": 3.0, "zmin": 0.8, "zmax": 2.2, "P0_FKP": 30000.0, "z-weighted": true, "hashkeys": ["Nmesh", "P0_FKP", "dk", "kmin", "mesh.window", "mesh.interlaced", "poles", "p", "BoxPad", "zmin", "zmax", "z-weighted"]}}