{"poles": {"dims": ["k"], "edges": [{"__dtype__": "<f8", "__shape__": [46], "__data__": [0.0, 0.005, 0.01, 0.015, 0.02, 0.025, 0.03, 0.035, 0.04, 0.045, 0.05, 0.055, 0.06, 0.065, 0.07, 0.075, 0.08, 0.085, 0.09, 0.095, 0.1, 0.105, 0.11, 0.115, 0.12, 0.125, 0.13, 0.135, 0.14, 0.145, 0.15, 0.155, 0.16, 0.165, 0.17, 0.17500000000000002, 0.18, 0.185, 0.19, 0.195, 0.2, 0.20500000000000002, 0.21, 0.215, 0.22, 0.225]}], "coords": [{"__dtype__": "<f8", "__shape__": [45], "__data__": [0.0025, 0.0075, 0.0125, 0.0175, 0.0225, 0.0275, 0.0325, 0.037500000000000006, 0.042499999999999996, 0.0475, 0.052500000000000005, 0.057499999999999996, 0.0625, 0.0675, 0.07250000000000001, 0.0775, 0.0825, 0.0875, 0.0925, 0.0975, 0.10250000000000001, 0.1075, 0.1125, 0.1175, 0.1225, 0.1275, 0.1325, 0.1375, 0.14250000000000002, 0.1475, 0.1525, 0.1575, 0.1625, 0.1675, 0.17250000000000001, 0.1775, 0.1825, 0.1875, 0.1925, 0.1975, 0.2025, 0.20750000000000002, 0.2125, 0.2175, 0.2225]}], "data": {"__dtype__": [["k", "<f8"], ["power_0", "<c8"], ["modes", "<i8"]], "__shape__": [45], "__data__": [[0.003815515011243924, {"__complex__": [73208.6328125, -1.7427444036488549e-13]}, 167], [0.008052273106073763, {"__complex__": [109136.6484375, 2.6898180067297904e-14]}, 1082], [0.012817760838190988, {"__complex__": [114534.65625, -1.4649578479550979e-13]}, 2980], [0.017726939659987777, {"__complex__": [112528.9375, 5.0127162484888896e-14]}, 5806], [0.022671853978101168, {"__complex__": [112479.703125, -1.525357937832636e-14]}, 9540], [0.027647803729699095, {"__complex__": [111942.71875, -2.3824021368971243e-14]}, 14354], [0.03263763423121504, {"__complex__": [100513.65625, -1.6861060082658968e-15]}, 19958], [0.03761717760315708, {"__complex__": [98713.96875, -1.2091786651276769e-14]}, 26476], [0.0426041062734802, {"__complex__": [95030.046875, -6.818680023417583e-15]}, 34146], [0.04759109928479749, {"__complex__": [93145.1015625, -2.128677652711835e-14]}, 42384], [0.052573012468071015, {"__complex__": [92821.234375, -1.624910567156381e-14]}, 51942], [0.057570576248737265, {"__complex__": [90851.8203125, -1.3992674274582347e-14]}, 62398], [0.06256794151399928, {"__complex__": [89188.0078125, -7.911659363060773e-16]}, 73572], [0.06756236541701359, {"__complex__": [88319.03125, 5.589203653664967e-15]}, 85918], [0.07255682655091096, {"__complex__": [86745.8359375, 3.163715703598095e-15]}, 98892], [0.0775553704915125, {"__complex__": [83877.5078125, -8.982822522114482e-16]}, 113398], [0.08255481862623608, {"__complex__": [83487.4765625, -6.58570742292355e-15]}, 128158], [0.08755036555236659, {"__complex__": [82290.5234375, 7.1138036664164e-15]}, 144214], [0.09254185141389955, {"__complex__": [80800.890625, -5.969831037524369e-15]}, 160880], [0.09753904768114054, {"__complex__": [80339.84375, -4.869792737056998e-15]}, 179292], [0.10254034038191231, {"__complex__": [79267.890625, 1.0292456160764614e-15]}, 197938], [0.10753513931744127, {"__complex__": [78994.484375, -2.3425276373886545e-15]}, 217422], [0.11253512276740713, {"__complex__": [79574.3125, -1.2189779522367704e-16]}, 238756], [0.11753570628786916, {"__complex__": [78301.5859375, -5.598397428683804e-17]}, 259930], [0.12253370185819168, {"__complex__": [77934.359375, 4.4779557191736326e-15]}, 282722], [0.12753261607391622, {"__complex__": [77667.796875, 1.2355489607097188e-15]}, 306220], [0.13252959495177183, {"__complex__": [77261.96875, -4.117976457469448e-15]}, 330406], [0.13752995245438462, {"__complex__": [76465.4453125, -6.42723624057998e-16]}, 356596], [0.14253078871288508, {"__complex__": [76735.046875, -1.6747514257288345e-15]}, 382316], [0.1475266524359819, {"__complex__": [76385.0546875, 9.951728687402099e-16]}, 409430], [0.15252745934581738, {"__complex__": [76763.4921875, -6.633774769204998e-17]}, 438722], [0.15752797536154342, {"__complex__": [76659.46875, 4.7385348174845774e-15]}, 466788], [0.16252544496063623, {"__complex__": [75981.2109375, 8.774706791671896e-17]}, 497518], [0.1675268301916195, {"__complex__": [75474.5078125, -4.3343835287349103e-16]}, 528778], [0.17252565769565473, {"__complex__": [75769.2734375, 1.117490990829072e-15]}, 559944], [0.17752278585871326, {"__complex__": [75683.484375, -7.753238261540209e-16]}, 593564], [0.18252301715407648, {"__complex__": [75322.3203125, -1.7396608310263524e-15]}, 627360], [0.1875220265551873, {"__complex__": [74833.0703125, -2.637857268212332e-16]}, 661988], [0.19252062276134632, {"__complex__": [75051.796875, 1.626271071476261e-15]}, 697946], [0.19751976419465528, {"__complex__": [74484.5390625, -3.0708184238991635e-15]}, 734510], [0.20251865379714235, {"__complex__": [74488.765625, 1.1303746001848264e-16]}, 772412], [0.20751877254578988, {"__complex__": [74652.0546875, 2.1532182353668213e-16]}, 810986], [0.21251997826791516, {"__complex__": [74633.9140625, -3.420028866053981e-17]}, 850982], [0.21751859858462824, {"__complex__": [73913.84375, -4.903310677812798e-16]}, 890332], [0.2225153639066446, {"__complex__": [74202.390625, 4.185421879411046e-15]}, 931785]]}, "attrs": {"poles": [0], "dk": 0.005, "kmin": 0.0, "kmax": null, "Nmesh": {"__dtype__": "<i8", "__shape__": [3], "__data__": [512, 512, 512]}, "BoxSize": {"__dtype__": "<f8", "__shape__": [3], "__data__": [3425.0, 7186.0, 3021.0]}, "BoxPad": {"__dtype__": "<f8", "__shape__": [3], "__data__": [0.1, 0.1, 0.1]}, "BoxCenter": {"__dtype__": "<f8", "__shape__": [3], "__data__": [-1752.635603859893, 38.90615046459243, 1911.525622597495]}, "mesh.resampler": "tsc", "mesh.interlaced": true, "alpha": 0.05712486431002617, "data.norm": 1.738182953691174, "randoms.norm": 1.738661798048061, "shotnoise": 72717.00939846251, "first.data.N": 219954, "first.data.W": 232544.546875, "first.data.W2": 200609.75482212362, "first.data.num_per_cell": 0.0014946591468313606, "first.randoms.N": 3938579, "first.randoms.W": 4070811.25, "first.randoms.W2": 3511860.3468779833, "first.randoms.num_per_cell": 0.026165398559555287, "first.data.ext": 1, "first.randoms.ext": 1, "second.data.N": 219954, "second.data.W": 232544.546875, "second.data.W2": 119098.4140625, "second.data.num_per_cell": 0.0008873523329384625, "second.randoms.N": 3938579, "second.randoms.W": 4070811.25, "second.randoms.W2": 2085472.0, "second.randoms.num_per_cell": 0.01553797721862793, "second.data.ext": 1, "second.randoms.ext": 1}}, "attrs": {"poles": [0], "dk": 0.005, "kmin": 0.0, "kmax": null, "Nmesh": {"__dtype__": "<i8", "__shape__": [3], "__data__": [512, 512, 512]}, "BoxSize": {"__dtype__": "<f8", "__shape__": [3], "__data__": [3425.0, 7186.0, 3021.0]}, "BoxPad": {"__dtype__": "<f8", "__shape__": [3], "__data__": [0.1, 0.1, 0.1]}, "BoxCenter": {"__dtype__": "<f8", "__shape__": [3], "__data__": [-1752.635603859893, 38.90615046459243, 1911.525622597495]}, "mesh.resampler": "tsc", "mesh.interlaced": true, "alpha": 0.05712486431002617, "data.norm": 1.738182953691174, "randoms.norm": 1.738661798048061, "shotnoise": 72717.00939846251, "first.data.N": 219954, "first.data.W": 232544.546875, "first.data.W2": 200609.75482212362, "first.data.num_per_cell": 0.0014946591468313606, "first.randoms.N": 3938579, "first.randoms.W": 4070811.25, "first.randoms.W2": 3511860.3468779833, "first.randoms.num_per_cell": 0.026165398559555287, "first.data.ext": 1, "first.randoms.ext": 1, "second.data.N": 219954, "second.data.W": 232544.546875, "second.data.W2": 119098.4140625, "second.data.num_per_cell": 0.0008873523329384625, "second.randoms.N": 3938579, "second.randoms.W": 4070811.25, "second.randoms.W2": 2085472.0, "second.randoms.num_per_cell": 0.01553797721862793, "second.data.ext": 1, "second.randoms.ext": 1, "p": 1.6, "zmin": 0.8, "zmax": 2.2, "P0_FKP": 30000.0, "z-weighted": true, "hashkeys": ["Nmesh", "P0_FKP", "dk", "kmin", "mesh.window", "mesh.interlaced", "poles", "p", "BoxPad", "zmin", "zmax", "z-weighted"]}}