{"poles": {"dims": ["k"], "edges": [{"__dtype__": "<f8", "__shape__": [57], "__data__": [0.0, 0.005, 0.01, 0.015, 0.02, 0.025, 0.03, 0.035, 0.04, 0.045, 0.05, 0.055, 0.06, 0.065, 0.07, 0.075, 0.08, 0.085, 0.09, 0.095, 0.1, 0.105, 0.11, 0.115, 0.12, 0.125, 0.13, 0.135, 0.14, 0.145, 0.15, 0.155, 0.16, 0.165, 0.17, 0.17500000000000002, 0.18, 0.185, 0.19, 0.195, 0.2, 0.20500000000000002, 0.21, 0.215, 0.22, 0.225, 0.23, 0.23500000000000001, 0.24, 0.245, 0.25, 0.255, 0.26, 0.265, 0.27, 0.275, 0.28]}], "coords": [{"__dtype__": "<f8", "__shape__": [56], "__data__": [0.0025, 0.0075, 0.0125, 0.0175, 0.0225, 0.0275, 0.0325, 0.037500000000000006, 0.042499999999999996, 0.0475, 0.052500000000000005, 0.057499999999999996, 0.0625, 0.0675, 0.07250000000000001, 0.0775, 0.0825, 0.0875, 0.0925, 0.0975, 0.10250000000000001, 0.1075, 0.1125, 0.1175, 0.1225, 0.1275, 0.1325, 0.1375, 0.14250000000000002, 0.1475, 0.1525, 0.1575, 0.1625, 0.1675, 0.17250000000000001, 0.1775, 0.1825, 0.1875, 0.1925, 0.1975, 0.2025, 0.20750000000000002, 0.2125, 0.2175, 0.2225, 0.2275, 0.2325, 0.2375, 0.2425, 0.2475, 0.2525, 0.2575, 0.2625, 0.2675, 0.2725, 0.2775]}], "data": {"__dtype__": [["k", "<f8"], ["power_0", "<c8"], ["modes", "<i8"]], "__shape__": [56], "__data__": [[0.0038149362890814286, {"__complex__": [91118.921875, 1.4407836631657317e-13]}, 101], [0.008099118299641087, {"__complex__": [94185.28125, 1.265383875155915e-13]}, 690], [0.012882337079476737, {"__complex__": [119932.359375, -1.573180062781898e-14]}, 1850], [0.017772580478412184, {"__complex__": [119679.2578125, -3.850785250565647e-14]}, 3590], [0.02268621832961344, {"__complex__": [113606.109375, 7.457421216194946e-15]}, 5854], [0.027649330884808563, {"__complex__": [109050.3046875, 2.7093951404265e-14]}, 8862], [0.03263185358341226, {"__complex__": [107831.0078125, -1.894472365169663e-14]}, 12290], [0.037609335572398254, {"__complex__": [100106.8828125, 4.624172410001154e-14]}, 16364], [0.042610754111068516, {"__complex__": [100409.90625, -1.6168795089702842e-14]}, 21150], [0.04759732270029311, {"__complex__": [97689.0859375, 9.18751819821385e-15]}, 26134], [0.05257651489942843, {"__complex__": [96925.8203125, -1.5891327001456594e-15]}, 32050], [0.057574335167369296, {"__complex__": [98955.8359375, 5.850357463830624e-15]}, 38554], [0.06256964626264769, {"__complex__": [94167.953125, 4.006231635902925e-15]}, 45404], [0.067564458353381, {"__complex__": [93822.4609375, -9.33026188455104e-15]}, 53028], [0.07255551846683815, {"__complex__": [93332.109375, 9.539424812414227e-16]}, 61018], [0.07754358158482026, {"__complex__": [92317.71875, -8.972359124117049e-15]}, 69740], [0.08253956691461195, {"__complex__": [91364.1953125, 3.3073369160686395e-15]}, 79198], [0.08754569038768932, {"__complex__": [89139.0703125, -3.3398371467383134e-15]}, 89320], [0.09254969986128035, {"__complex__": [87744.09375, -2.340335727879397e-15]}, 99486], [0.09754333194528314, {"__complex__": [86953.671875, -1.0542956625794416e-15]}, 110420], [0.10254245604703925, {"__complex__": [86567.7109375, 1.1886488787691461e-16]}, 122424], [0.10753859259963015, {"__complex__": [85513.15625, -5.049580985825881e-15]}, 134004], [0.11253247767073767, {"__complex__": [85374.25, 3.9511037670802995e-16]}, 147320], [0.11753439776564152, {"__complex__": [84801.890625, 9.965451679938802e-16]}, 160626], [0.12253719114492452, {"__complex__": [84121.2421875, 1.2493774088483556e-15]}, 174710], [0.12753773221615755, {"__complex__": [82779.5859375, 2.9830857158378785e-15]}, 189028], [0.1325336936540038, {"__complex__": [84234.671875, -3.8169473007623744e-15]}, 203966], [0.13753007541101092, {"__complex__": [83713.0546875, 6.702672085027528e-15]}, 219820], [0.1425282686478152, {"__complex__": [84046.1640625, 1.432857450717846e-15]}, 236124], [0.14752763420930243, {"__complex__": [82666.03125, -1.725237104014253e-16]}, 253042], [0.15252982941140722, {"__complex__": [82152.09375, 3.225468217101196e-15]}, 270694], [0.15752745386552044, {"__complex__": [82742.1875, -2.5259006884089947e-16]}, 288054], [0.16252244559984133, {"__complex__": [82216.703125, -1.4697850167236996e-15]}, 306922], [0.16752246066320872, {"__complex__": [81584.890625, 3.343156986495958e-16]}, 326456], [0.17252362319363998, {"__complex__": [80947.3515625, 3.784370837127448e-15]}, 346074], [0.1775258110610732, {"__complex__": [81726.8828125, 5.9521582244755e-16]}, 366722], [0.1825253899772116, {"__complex__": [81541.703125, -2.5945409032622534e-15]}, 386998], [0.1875230458084382, {"__complex__": [81317.9375, 1.281398324749002e-15]}, 408826], [0.19252202466029872, {"__complex__": [81205.828125, 3.3784623785287015e-17]}, 430726], [0.197518770702004, {"__complex__": [80441.8984375, -2.3274794618059714e-15]}, 453286], [0.20251810265514478, {"__complex__": [80542.6328125, 1.159199210789229e-15]}, 477030], [0.20752002587391782, {"__complex__": [80495.75, 3.399057031729124e-15]}, 500896], [0.21252045456570046, {"__complex__": [80698.1640625, -1.6627529393331813e-16]}, 525102], [0.21751996757041006, {"__complex__": [80308.03125, 4.200257714421764e-16]}, 549994], [0.22251964018206508, {"__complex__": [80541.578125, -2.9823746316786585e-15]}, 575758], [0.22751929859481074, {"__complex__": [80141.828125, 4.6490390103435825e-15]}, 601760], [0.23251952724408514, {"__complex__": [79579.4140625, 1.4378378985685828e-15]}, 628748], [0.23751931742128785, {"__complex__": [80113.0078125, -1.1011738540122836e-15]}, 655790], [0.24251696754512056, {"__complex__": [80240.3359375, 1.9272508885141574e-15]}, 683330], [0.24751464667800682, {"__complex__": [80067.1171875, -1.4712940059192331e-15]}, 712120], [0.2525166746525895, {"__complex__": [79531.15625, -2.4997093708887077e-16]}, 742234], [0.2575172362148758, {"__complex__": [79615.4140625, 2.465113633647086e-15]}, 770360], [0.26251670323019516, {"__complex__": [79714.296875, 2.19601423091971e-15]}, 801808], [0.2675179290283794, {"__complex__": [79679.828125, -1.0493816009359458e-15]}, 832028], [0.2725160607650069, {"__complex__": [79769.2578125, -2.403282081382094e-16]}, 862840], [0.2775111429407401, {"__complex__": [79617.8046875, 2.226991284591984e-15]}, 893775]]}, "attrs": {"poles": [0], "dk": 0.005, "kmin": 0.0, "kmax": null, "Nmesh": {"__dtype__": "<i8", "__shape__": [3], "__data__": [512, 512, 512]}, "BoxSize": {"__dtype__": "<f8", "__shape__": [3], "__data__": [2668.0, 5791.0, 2971.0]}, "BoxPad": {"__dtype__": "<f8", "__shape__": [3], "__data__": [0.1, 0.1, 0.1]}, "BoxCenter": {"__dtype__": "<f8", "__shape__": [3], "__data__": [2581.333217315885, 44.21296503957592, 891.4194156723637]}, "mesh.resampler": "tsc", "mesh.interlaced": true, "alpha": 0.05268555134534836, "data.norm": 1.7694143483599811, "randoms.norm": 1.769225940926483, "shotnoise": 78746.11717361536, "first.data.N": 125896, "first.data.W": 135706.875, "first.data.W2": 121199.86759503689, "first.data.num_per_cell": 0.0009030093818533189, "first.randoms.N": 2446819, "first.randoms.W": 2575789.25, "first.randoms.W2": 2300460.045186634, "first.randoms.num_per_cell": 0.01713976297666605, "first.data.ext": 1, "first.randoms.ext": 1, "second.data.N": 125896, "second.data.W": 135706.875, "second.data.W2": 127871.296875, "second.data.num_per_cell": 0.0009527154034003615, "second.randoms.N": 2446819, "second.randoms.W": 2575789.25, "second.randoms.W2": 2426984.5, "second.randoms.num_per_cell": 0.01808244362473488, "second.data.ext": 1, "second.randoms.ext": 1}}, "attrs": {"poles": [0], "dk": 0.005, "kmin": 0.0, "kmax": null, "Nmesh": {"__dtype__": "<i8", "__shape__": [3], "__data__": [512, 512, 512]}, "BoxSize": {"__dtype__": "<f8", "__shape__": [3], "__data__": [2668.0, 5791.0, 2971.0]}, "BoxPad": {"__dtype__": "<f8", "__shape__": [3], "__data__": [0.1, 0.1, 0.1]}, "BoxCenter": {"__dtype__": "<f8", "__shape__": [3], "__data__": [2581.333217315885, 44.21296503957592, 891.4194156723637]}, "mesh.resampler": "tsc", "mesh.interlaced": true, "alpha": 0.05268555134534836, "data.norm": 1.7694143483599811,