{"poles": {"dims": ["k"], "edges": [{"__dtype__": "<f8", "__shape__": [46], "__data__": [0.0, 0.005, 0.01, 0.015, 0.02, 0.025, 0.03, 0.035, 0.04, 0.045, 0.05, 0.055, 0.06, 0.065, 0.07, 0.075, 0.08, 0.085, 0.09, 0.095, 0.1, 0.105, 0.11, 0.115, 0.12, 0.125, 0.13, 0.135, 0.14, 0.145, 0.15, 0.155, 0.16, 0.165, 0.17, 0.17500000000000002, 0.18, 0.185, 0.19, 0.195, 0.2, 0.20500000000000002, 0.21, 0.215, 0.22, 0.225]}], "coords": [{"__dtype__": "<f8", "__shape__": [45], "__data__": [0.0025, 0.0075, 0.0125, 0.0175, 0.0225, 0.0275, 0.0325, 0.037500000000000006, 0.042499999999999996, 0.0475, 0.052500000000000005, 0.057499999999999996, 0.0625, 0.0675, 0.07250000000000001, 0.0775, 0.0825, 0.0875, 0.0925, 0.0975, 0.10250000000000001, 0.1075, 0.1125, 0.1175, 0.1225, 0.1275, 0.1325, 0.1375, 0.14250000000000002, 0.1475, 0.1525, 0.1575, 0.1625, 0.1675, 0.17250000000000001, 0.1775, 0.1825, 0.1875, 0.1925, 0.1975, 0.2025, 0.20750000000000002, 0.2125, 0.2175, 0.2225]}], "data": {"__dtype__": [["k", "<f8"], ["power_0", "<c8"], ["modes", "<i8"]], "__shape__": [45], "__data__": [[0.003813547301106183, {"__complex__": [95011.7421875, -5.663919311858778e-13]}, 167], [0.00806251989295798, {"__complex__": [103139.8046875, 0.0]}, 1090], [0.012818819763948105, {"__complex__": [108774.03125, -6.854872301297749e-14]}, 2972], [0.017721062074751943, {"__complex__": [111308.234375, -9.010473573864419e-14]}, 5814], [0.022670392169553532, {"__complex__": [108443.2265625, -1.5215302594714648e-15]}, 9564], [0.027650116229578563, {"__complex__": [101919.7421875, 4.299015773901425e-15]}, 14386], [0.03263756991442483, {"__complex__": [97295.8515625, -5.1028657109552806e-15]}, 19962], [0.03761771078509275, {"__complex__": [96307.421875, 1.452341664900242e-14]}, 26552], [0.04260103653744969, {"__complex__": [94106.984375, -1.8771159824540647e-14]}, 34110], [0.04758759873404599, {"__complex__": [91770.4921875, -6.159685849354895e-15]}, 42524], [0.05257259185541717, {"__complex__": [88593.5859375, -7.871535624107574e-15]}, 51994], [0.05757248913012028, {"__complex__": [88229.453125, -5.348088101932505e-15]}, 62582], [0.06257284864782994, {"__complex__": [86047.8828125, 5.504758280471976e-15]}, 73688], [0.06756418629259363, {"__complex__": [84907.9296875, 3.724228533257077e-15]}, 85962], [0.07255324269028851, {"__complex__": [84178.4921875, 1.066532387579422e-14]}, 98920], [0.07755314092810918, {"__complex__": [82463.1875, -4.477512297425745e-15]}, 113750], [0.08255419446956656, {"__complex__": [82574.0390625, -6.411785300830877e-15]}, 128230], [0.08754913338582022, {"__complex__": [80896.3828125, 2.617866708321979e-15]}, 144526], [0.09254515317875062, {"__complex__": [80131.3359375, 8.299297426866362e-15]}, 161312], [0.09754238791151411, {"__complex__": [78895.375, 4.876783299970688e-15]}, 179408], [0.10254285368922224, {"__complex__": [77503.2265625, 3.3012180029972336e-16]}, 198362], [0.10753361092278355, {"__complex__": [77051.7421875, 3.884546882700372e-15]}, 217274], [0.11253031130263845, {"__complex__": [76688.5, -3.4052653597160245e-15]}, 239308], [0.11753527185759816, {"__complex__": [76297.0, 9.774332459676262e-16]}, 260538], [0.12253325662007143, {"__complex__": [76161.8984375, -3.1631467092157767e-15]}, 282928], [0.12753174535837075, {"__complex__": [75983.078125, 3.793586979110048e-15]}, 306874], [0.13253018640523728, {"__complex__": [75563.1015625, 1.539252306310393e-15]}, 330886], [0.13752995510652363, {"__complex__": [74671.875, 3.6062762307366e-15]}, 357112], [0.14253129534239464, {"__complex__": [74768.953125, 1.8713100798204048e-15]}, 382984], [0.147527266237771, {"__complex__": [73984.09375, -2.1429105590827857e-15]}, 409990], [0.1525266490792634, {"__complex__": [74001.53125, -1.64821303645841e-15]}, 439238], [0.15752782017672576, {"__complex__": [73830.390625, -6.222197489667193e-17]}, 467742], [0.16252530227871148, {"__complex__": [73791.1328125, 1.1833438849507129e-15]}, 498040], [0.16752563368786627, {"__complex__": [73477.8203125, 1.4837397786505958e-15]}, 529610], [0.17252784619360648, {"__complex__": [72926.265625, -5.183192068804892e-16]}, 561504], [0.17752452901040758, {"__complex__": [72508.1484375, -1.9976907836825354e-15]}, 593676], [0.18252196805823404, {"__complex__": [72544.2109375, -3.2417552313087977e-16]}, 628446], [0.18752209730394756, {"__complex__": [72809.359375, -2.7703826137716412e-15]}, 663150], [0.19252241235272258, {"__complex__": [72340.515625, -1.144427485584706e-15]}, 699350], [0.19752216971533085, {"__complex__": [72153.8671875, -1.503742673458243e-15]}, 735462], [0.20251997056731894, {"__complex__": [72602.3515625, -2.4457127675066997e-15]}, 773496], [0.2075190235355741, {"__complex__": [72174.4921875, -5.37658821950877e-16]}, 811960], [0.21252071085976193, {"__complex__": [72035.9140625, 1.1945200082337005e-16]}, 852756], [0.21751869357042725, {"__complex__": [71744.8046875, 8.24849630821743e-16]}, 890916], [0.22251541906497393, {"__complex__": [71873.0078125, -1.9552262691795988e-15]}, 934043]]}, "attrs": {"poles": [0], "dk": 0.005, "kmin": 0.0, "kmax": null, "Nmesh": {"__dtype__": "<i8", "__shape__": [3], "__data__": [512, 512, 512]}, "BoxSize": {"__dtype__": "<f8", "__shape__": [3], "__data__": [3427.0, 7188.0, 3023.0]}, "BoxPad": {"__dtype__": "<f8", "__shape__": [3], "__data__": [0.1, 0.1, 0.1]}, "BoxCenter": {"__dtype__": "<f8", "__shape__": [3], "__data__": [-1750.2548426909261, 34.217236190241465, 1912.020187099874]}, "mesh.resampler": "tsc", "mesh.interlaced": true, "alpha": 0.05680439993739128, "data.norm": 3.092896393888993, "randoms.norm": 3.0932255327747864, "shotnoise": 70141.99961447818, "first.data.N": 219444, "first.data.W": 232124.703125, "first.data.W2": 200427.57750055814, "first.data.num_per_cell": 0.0014933018200141053, "first.randoms.N": 3951746, "first.randoms.W": 4086386.0, "first.randoms.W2": 3528392.0239360165, "first.randoms.num_per_cell": 0.02628856915187848, "first.data.ext": 1, "first.randoms.ext": 1, "second.data.N": 219444, "second.data.W": 232124.703125, "second.data.W2": 210598.4375, "second.data.num_per_cell": 0.0015690806321799755, "second.randoms.N": 3951746, "second.randoms.W": 4086386.0, "second.randoms.W2": 3707732.5, "second.randoms.num_per_cell": 0.027624759823083878, "second.data.ext": 1, "second.randoms.ext": 1}}, "attrs": {"poles": [0], "dk": 0.005, "kmin": 0.0, "kmax": null, "Nmesh": {"__dtype__": "<i8", "__shape__": [3], "__data__": [512, 512, 512]}, "BoxSize": {"__dtype__": "<f8", "__shape__": [3], "__data__": [3427.0, 7188.0, 3023.0]}, "BoxPad": {"__dtype__": "<f8", "__shape__": [3], "__data__": [0.1, 0.1, 0.1]}, "BoxCenter": {"__dtype__": "<f8", "__shape__": [3], "__data__": [-1750.2548426909261, 34.217236190241465, 1912.020187099874]}, "mesh.resampler": "tsc", "mesh.interlaced": true, "alpha": 0.05680439993739128, "data.norm": 3.092896393888993, "randoms.norm": 3.0932255327747864, "shotnoise": 70141.99961447818, "first.data.N": 219444, "first.data.W": 232124.703125, "first.data.W2": 200427.57750055814, "first.data.num_per_cell": 0.0014933018200141053, "first.randoms.N": 3951746, "first.randoms.W": 4086386.0, "first.randoms.W2": 3528392.0239360165, "first.randoms.num_per_cell": 0.02628856915187848, "first.data.ext": 1, "first.randoms.ext": 1, "second.data.N": 219444, "second.data.W": 232124.703125, "second.data.W2": 210598.4375, "second.data.num_per_cell": 0.0015690806321799755, "second.randoms.N": 3951746, "second.randoms.W": 4086386.0, "second.randoms.W2": 3707732.5, "second.randoms.num_per_cell": 0.027624759823083878, "second.data.ext": 1, "second.randoms.ext": 1, "p": 1.0, "zmin": 0.8, "zmax": 2.2, "P0_FKP": 30000.0, "z-weighted": true, "hashkeys": ["Nmesh", "P0_FKP", "dk", "kmin", "mesh.window", "mesh.interlaced", "poles", "p", "BoxPad", "zmin", "zmax", "z-weighted"]}}