{"poles": {"dims": ["k"], "edges": [{"__dtype__": "<f8", "__shape__": [57], "__data__": [0.0, 0.005, 0.01, 0.015, 0.02, 0.025, 0.03, 0.035, 0.04, 0.045, 0.05, 0.055, 0.06, 0.065, 0.07, 0.075, 0.08, 0.085, 0.09, 0.095, 0.1, 0.105, 0.11, 0.115, 0.12, 0.125, 0.13, 0.135, 0.14, 0.145, 0.15, 0.155, 0.16, 0.165, 0.17, 0.17500000000000002, 0.18, 0.185, 0.19, 0.195, 0.2, 0.20500000000000002, 0.21, 0.215, 0.22, 0.225, 0.23, 0.23500000000000001, 0.24, 0.245, 0.25, 0.255, 0.26, 0.265, 0.27, 0.275, 0.28]}], "coords": [{"__dtype__": "<f8", "__shape__": [56], "__data__": [0.0025, 0.0075, 0.0125, 0.0175, 0.0225, 0.0275, 0.0325, 0.037500000000000006, 0.042499999999999996, 0.0475, 0.052500000000000005, 0.057499999999999996, 0.0625, 0.0675, 0.07250000000000001, 0.0775, 0.0825, 0.0875, 0.0925, 0.0975, 0.10250000000000001, 0.1075, 0.1125, 0.1175, 0.1225, 0.1275, 0.1325, 0.1375, 0.14250000000000002, 0.1475, 0.1525, 0.1575, 0.1625, 0.1675, 0.17250000000000001, 0.1775, 0.1825, 0.1875, 0.1925, 0.1975, 0.2025, 0.20750000000000002, 0.2125, 0.2175, 0.2225, 0.2275, 0.2325, 0.2375, 0.2425, 0.2475, 0.2525, 0.2575, 0.2625, 0.2675, 0.2725, 0.2775]}], "data": {"__dtype__": [["k", "<f8"], ["power_0", "<c8"], ["modes", "<i8"]], "__shape__": [56], "__data__": [[0.00381517127977561, {"__complex__": [108239.8828125, 2.8815673263314634e-13]}, 101], [0.008099670433058828, {"__complex__": [107651.15625, -4.007049141281638e-13]}, 690], [0.012883183955604782, {"__complex__": [121626.28125, -1.5731800627818981e-13]}, 1850], [0.01776874201627559, {"__complex__": [117481.234375, -1.1578157052896665e-13]}, 3582], [0.022684042826321443, {"__complex__": [114130.34375, -3.1030184660923305e-14]}, 5862], [0.027646798393180103, {"__complex__": [104705.734375, 5.757597191710911e-15]}, 8846], [0.03262747699682111, {"__complex__": [106504.203125, 1.6576632983476315e-14]}, 12290], [0.03761095038115259, {"__complex__": [103716.765625, 3.484398777538547e-14]}, 16392], [0.04261319546865973, {"__complex__": [103766.7890625, -2.118508683366868e-14]}, 21122], [0.047597374312240655, {"__complex__": [100399.390625, -2.2272771582116822e-15]}, 26134], [0.05257689083399037, {"__complex__": [94964.8125, -9.990704484953532e-15]}, 32044], [0.057574393559249065, {"__complex__": [93632.296875, 1.1327386426708335e-15]}, 38540], [0.06257015373141966, {"__complex__": [95673.890625, 7.290056823179916e-15]}, 45412], [0.06756411445451228, {"__complex__": [94102.8359375, 1.7852078254792896e-14]}, 52984], [0.07255528560309853, {"__complex__": [93273.09375, -7.390147318425168e-15]}, 61042], [0.07754664622775055, {"__complex__": [91515.7109375, -3.597107522599046e-15]}, 69784], [0.08254413435976649, {"__complex__": [90534.09375, -5.145786140942077e-15]}, 79182], [0.08754731350623475, {"__complex__": [88835.6171875, 6.5246448177559875e-15]}, 89212], [0.09254900385544926, {"__complex__": [88409.9140625, 8.776964928569717e-16]}, 99478], [0.0975454703807673, {"__complex__": [87428.5703125, 8.032602327159768e-15]}, 110508], [0.1025438023322544, {"__complex__": [87038.2734375, -1.6663407061999545e-15]}, 122260], [0.10754061469638142, {"__complex__": [86123.2734375, 1.8437992967265324e-15]}, 134170], [0.11253667194615245, {"__complex__": [85052.9765625, 2.4709829366968477e-15]}, 147228], [0.11753617722782463, {"__complex__": [85289.5546875, 5.710970569063403e-15]}, 160528], [0.12253529597275392, {"__complex__": [84229.453125, 3.1898561991415466e-15]}, 174494], [0.1275342615593846, {"__complex__": [84198.8125, 7.829936989034968e-15]}, 189044], [0.1325337764167475, {"__complex__": [83987.140625, -1.7107321147787763e-15]}, 204150], [0.1375308365366679, {"__complex__": [83963.4140625, -3.1143675640910593e-15]}, 219608], [0.14252887301087425, {"__complex__": [83418.015625, -4.927757636857333e-16]}, 236244], [0.1475285721763075, {"__complex__": [82279.0625, -8.15767775325018e-15]}, 252858], [0.15253088152891003, {"__complex__": [82463.5625, 3.4660467499450986e-15]}, 270798], [0.1575297608651398, {"__complex__": [82180.6796875, -5.772805244762388e-15]}, 287998], [0.16252241385041033, {"__complex__": [81223.2890625, -3.630954112138381e-15]}, 306592], [0.16752233493896554, {"__complex__": [81449.9609375, -2.450192301248254e-15]}, 326650], [0.17252277340143382, {"__complex__": [80832.3515625, -7.157273291390372e-16]}, 345638], [0.17752374412206023, {"__complex__": [81573.6484375, -1.3883825564541604e-16]}, 366842], [0.18252648298038196, {"__complex__": [81328.734375, -2.4804017313120787e-15]}, 387206], [0.18752395950138223, {"__complex__": [81055.8359375, -3.010524924647708e-15]}, 408446], [0.19252139315157657, {"__complex__": [80458.0625, -1.4528736862944123e-15]}, 430686], [0.19751989337107326, {"__complex__": [81154.28125, -1.1231746877842668e-15]}, 453462], [0.20251912505294514, {"__complex__": [80716.7890625, 2.5643433316596903e-15]}, 476676], [0.20752020345248817, {"__complex__": [80863.640625, -9.00615616222897e-16]}, 500890], [0.21252097140911322, {"__complex__": [80109.4765625, -1.940336700516289e-15]}, 524978], [0.21752030232070385, {"__complex__": [79471.1171875, 4.2341467085480204e-16]}, 549888], [0.22251875823959275, {"__complex__": [79779.7578125, -2.2256976535232897e-15]}, 575356], [0.2275195149804544, {"__complex__": [79751.8125, 9.544980289757032e-16]}, 602202], [0.23251993755978684, {"__complex__": [79962.3828125, -1.0251677877101423e-15]}, 628114], [0.2375183261506606, {"__complex__": [79511.1171875, 1.0650827330418436e-15]}, 655810], [0.24251744238577405, {"__complex__": [79130.640625, 1.1178057694480954e-15]}, 683460], [0.24751560546343632, {"__complex__": [79517.921875, 6.950529489624542e-16]}, 711838], [0.252516530198009, {"__complex__": [79582.1015625, 8.630168295459034e-16]}, 741914], [0.2575163599562092, {"__complex__": [79399.5390625, -1.3226059482373317e-15]}, 770172], [0.26251503635621704, {"__complex__": [79647.3046875, -4.3578828696697047e-16]}, 801412], [0.2675168750021536, {"__complex__": [79452.4765625, -1.101480056422716e-15]}, 832308], [0.2725169798758905, {"__complex__": [79001.5234375, -6.914081132508598e-16]}, 862918], [0.2775118873085097, {"__complex__": [79084.6484375, 5.335647411398826e-16]}, 893191]]}, "attrs": {"poles": [0], "dk": 0.005, "kmin": 0.0, "kmax": null, "Nmesh": {"__dtype__": "<i8", "__shape__": [3], "__data__": [512, 512, 512]}, "BoxSize": {"__dtype__": "<f8", "__shape__": [3], "__data__": [2667.0, 5794.0, 2970.0]}, "BoxPad": {"__dtype__": "<f8", "__shape__": [3], "__data__": [0.1, 0.1, 0.1]}, "BoxCenter": {"__dtype__": "<f8", "__shape__": [3], "__data__": [2582.1442640804034, 47.74243375830497, 890.505789500822]}, "mesh.resampler": "tsc", "mesh.interlaced": true, "alpha": 0.0529506616294384, "data.norm": 1.7689359687050037, "randoms.norm": 1.7693832065219013, "shotnoise": 78417.4984767546, "first.data.N": 125824, "first.data.W": 135512.578125, "first.data.W2": 121100.7602365199, "first.data.num_per_cell": 0.0009022709744909398, "first.randoms.N": 2428257, "first.randoms.W": 2559223.5, "first.randoms.W2": 2287182.7978442563, "first.randoms.num_per_cell": 0.01704083977523637, "first.data.ext": 1, "first.randoms.ext": 1, "second.data.N": 125824, "second.data.W": 135512.578125, "second.data.W2": 127857.9765625, "second.data.num_per_cell": 0.0009526161593385041, "second.randoms.N": 2428257, "second.randoms.W": 2559223.5, "second.randoms.W2": 2415351.0, "second.randoms.num_per_cell": 0.017995767295360565, "second.data.ext": 1, "second.randoms.ext": 1}}, "attrs": {"poles": [0], "dk": 0.005, "kmin": 0.0, "kmax": null, "Nmesh": {"__dtype__": "<i8", "__shape__": [3], "__data__": [512, 512, 512]}, "BoxSize": {"__dtype__": "<f8", "__shape__": [3], "__data__": [2667.0, 5794.0, 2970.0]}, "BoxPad": {"__dtype__": "<f8", "__shape__": [3], "__data__": [0.1, 0.1, 0.1]}, "BoxCenter": {"__dtype__": "<f8", "__shape__": [3], "__data__": [2582.1442640804034, 47.74243375830497, 890.505789500822]}, "mesh.resampler": "tsc", "mesh.interlaced": true, "alpha": 0.0529506616294384, "data.norm": 1.7689359687050037,