{"poles": {"dims": ["k"], "edges": [{"__dtype__": "<f8", "__shape__": [57], "__data__": [0.0, 0.005, 0.01, 0.015, 0.02, 0.025, 0.03, 0.035, 0.04, 0.045, 0.05, 0.055, 0.06, 0.065, 0.07, 0.075, 0.08, 0.085, 0.09, 0.095, 0.1, 0.105, 0.11, 0.115, 0.12, 0.125, 0.13, 0.135, 0.14, 0.145, 0.15, 0.155, 0.16, 0.165, 0.17, 0.17500000000000002, 0.18, 0.185, 0.19, 0.195, 0.2, 0.20500000000000002, 0.21, 0.215, 0.22, 0.225, 0.23, 0.23500000000000001, 0.24, 0.245, 0.25, 0.255, 0.26, 0.265, 0.27, 0.275, 0.28]}], "coords": [{"__dtype__": "<f8", "__shape__": [56], "__data__": [0.0025, 0.0075, 0.0125, 0.0175, 0.0225, 0.0275, 0.0325, 0.037500000000000006, 0.042499999999999996, 0.0475, 0.052500000000000005, 0.057499999999999996, 0.0625, 0.0675, 0.07250000000000001, 0.0775, 0.0825, 0.0875, 0.0925, 0.0975, 0.10250000000000001, 0.1075, 0.1125, 0.1175, 0.1225, 0.1275, 0.1325, 0.1375, 0.14250000000000002, 0.1475, 0.1525, 0.1575, 0.1625, 0.1675, 0.17250000000000001, 0.1775, 0.1825, 0.1875, 0.1925, 0.1975, 0.2025, 0.20750000000000002, 0.2125, 0.2175, 0.2225, 0.2275, 0.2325, 0.2375, 0.2425, 0.2475, 0.2525, 0.2575, 0.2625, 0.2675, 0.2725, 0.2775]}], "data": {"__dtype__": [["k", "<f8"], ["power_0", "<c8"], ["modes", "<i8"]], "__shape__": [56], "__data__": [[0.0038163835470205252, {"__complex__": [127555.5546875, 1.2246660933620812e-12]}, 101], [0.008102720786059813, {"__complex__": [111341.53125, 3.163459687889787e-14]}, 690], [0.01288804581229514, {"__complex__": [119066.578125, -2.674406106729227e-13]}, 1850], [0.017775272560147305, {"__complex__": [112696.7421875, 5.0781390404557383e-14]}, 3582], [0.022684557545233918, {"__complex__": [114764.890625, 2.989095922818416e-14]}, 5842], [0.027644797636920765, {"__complex__": [113980.7421875, 2.098359124804404e-14]}, 8842], [0.03262662033116156, {"__complex__": [108352.3828125, -1.4227063537680662e-14]}, 12274], [0.03760973490249024, {"__complex__": [102316.828125, 3.555317881596834e-15]}, 16372], [0.04261386218672167, {"__complex__": [97414.3984375, 1.3784138786374837e-15]}, 21114], [0.04759946017659867, {"__complex__": [98390.3515625, 2.229666002881176e-14]}, 26106], [0.05257690674835743, {"__complex__": [96877.1015625, -4.763315613389449e-15]}, 31982], [0.057570399105143784, {"__complex__": [92787.5234375, 7.566118413217249e-15]}, 38466], [0.06256723052694227, {"__complex__": [93205.515625, 6.090008495597283e-15]}, 45400], [0.06756410617041614, {"__complex__": [95126.015625, -1.0445273186427025e-14]}, 52940], [0.07255481695794927, {"__complex__": [93519.234375, -5.849416410226224e-15]}, 60950], [0.07754641585337713, {"__complex__": [91383.234375, -9.495097884218515e-15]}, 69732], [0.08254115117679285, {"__complex__": [89582.0625, -1.1055166554603275e-14]}, 78978], [0.08754619000324836, {"__complex__": [88308.6328125, -1.9883227686924923e-14]}, 89288], [0.09255188504948798, {"__complex__": [87717.7890625, -3.6620753731699245e-15]}, 99342], [0.09754711518408349, {"__complex__": [87209.109375, 5.603178003228768e-15]}, 110376], [0.1025459770263232, {"__complex__": [85539.40625, -1.667759380507487e-15]}, 122156], [0.1075429658944122, {"__complex__": [85834.515625, -1.0858989912370916e-15]}, 134008], [0.1125360923219162, {"__complex__": [84252.859375, -1.2379804746639306e-15]}, 146932], [0.11753740060733925, {"__complex__": [84084.828125, 2.7184597058631894e-15]}, 160590], [0.1225376570388464, {"__complex__": [84170.859375, 1.420644823805215e-15]}, 174134], [0.1275344143710935, {"__complex__": [84143.8125, 9.053723414964403e-16]}, 188856], [0.13253327113773694, {"__complex__": [84797.6875, 1.9988698535451134e-15]}, 203842], [0.13752912670434225, {"__complex__": [83050.328125, 2.214173770275895e-15]}, 219346], [0.1425270276504131, {"__complex__": [82394.0390625, 3.361047063495798e-15]}, 235962], [0.1475275333500258, {"__complex__": [82261.453125, 3.5995927702058494e-16]}, 252666], [0.15252982795242348, {"__complex__": [82199.09375, -3.928499422333398e-15]}, 270406], [0.1575294140600249, {"__complex__": [81917.6796875, 8.088834832824731e-16]}, 287842], [0.16252268488505003, {"__complex__": [81791.1953125, 5.275842967795291e-15]}, 306162], [0.16752058706466866, {"__complex__": [81570.375, 1.5172004388033376e-15]}, 326104], [0.17252218111254145, {"__complex__": [80555.171875, -3.2001294382423204e-15]}, 345594], [0.17752457039984806, {"__complex__": [80591.03125, -2.0460514945313093e-15]}, 366278], [0.1825261294208885, {"__complex__": [81078.6328125, -1.4861716102421629e-15]}, 386766], [0.1875253238886839, {"__complex__": [80893.8125, 3.2077955628710046e-16]}, 408278], [0.19252281613053407, {"__complex__": [80719.015625, 1.032281170401184e-15]}, 429954], [0.19752098818914188, {"__complex__": [79982.421875, -2.167518348508181e-15]}, 453170], [0.2025200997717801, {"__complex__": [79730.65625, -7.176318827209385e-16]}, 475892], [0.20751845551080006, {"__complex__": [80252.5703125, -2.90999889564889e-17]}, 500066], [0.21251720326971835, {"__complex__": [80224.4453125, 2.8106486542599793e-15]}, 524214], [0.21751937132743662, {"__complex__": [80267.046875, -1.0053574870188772e-15]}, 550026], [0.22251965893876752, {"__complex__": [79731.578125, 8.106831635975925e-16]}, 574406], [0.22751705503764133, {"__complex__": [79589.546875, 1.337688005137905e-15]}, 601032], [0.2325180170303849, {"__complex__": [80059.0078125, 3.8231586463041494e-16]}, 628032], [0.23752032183515806, {"__complex__": [79037.078125, 1.776026178913466e-15]}, 655482], [0.24251784356819986, {"__complex__": [79692.75, -2.3688925966631287e-15]}, 681864], [0.24751425140456676, {"__complex__": [79348.7578125, -3.6819886942433995e-16]}, 711394], [0.2525152527297208, {"__complex__": [79464.2109375, -1.6894882108242832e-15]}, 740736], [0.25751631250841284, {"__complex__": [79197.0390625, 6.236292250258403e-16]}, 770030], [0.2625170230875946, {"__complex__": [79094.0390625, 9.225835215890556e-16]}, 800480], [0.2675184614290413, {"__complex__": [79191.140625, 6.258161582165325e-16]}, 831284], [0.27251725921535336, {"__complex__": [78952.5, -8.951095844283888e-16]}, 861628], [0.27751175022575186, {"__complex__": [79164.0703125, -2.01739279650545e-16]}, 892637]]}, "attrs": {"poles": [0], "dk": 0.005, "kmin": 0.0, "kmax": null, "Nmesh": {"__dtype__": "<i8", "__shape__": [3], "__data__": [512, 512, 512]}, "BoxSize": {"__dtype__": "<f8", "__shape__": [3], "__data__": [2665.0, 5788.0, 2972.0]}, "BoxPad": {"__dtype__": "<f8", "__shape__": [3], "__data__": [0.1, 0.1, 0.1]}, "BoxCenter": {"__dtype__": "<f8", "__shape__": [3], "__data__": [2581.6066286862024, 41.92529120057907, 890.1337341235178]}, "mesh.resampler": "tsc", "mesh.interlaced": true, "alpha": 0.05301886796951294, "data.norm": 1.778828072513405, "randoms.norm": 1.7789555634212317, "shotnoise": 78245.25283866981, "first.data.N": 126604, "first.data.W": 136325.734375, "first.data.W2": 121546.3869708796, "first.data.num_per_cell": 0.0009055911523914307, "first.randoms.N": 2442915, "first.randoms.W": 2571268.25, "first.randoms.W2": 2292476.7047383315, "first.randoms.num_per_cell": 0.01708028245522329, "first.data.ext": 1, "first.randoms.ext": 1, "second.data.N": 126604, "second.data.W": 136325.734375, "second.data.W2": 128169.3515625, "second.data.num_per_cell": 0.0009549360838718712, "second.randoms.N": 2442915, "second.randoms.W": 2571268.25, "second.randoms.W2": 2417437.0, "second.randoms.num_per_cell": 0.01801130920648575, "second.data.ext": 1, "second.randoms.ext": 1}}, "attrs": {"poles": [0], "dk": 0.005, "kmin": 0.0, "kmax": null, "Nmesh": {"__dtype__": "<i8", "__shape__": [3], "__data__": [512, 512, 512]}, "BoxSize": {"__dtype__": "<f8", "__shape__": [3], "__data__": [2665.0, 5788.0, 2972.0]}, "BoxPad": {"__dtype__": "<f8", "__shape__": [3], "__data__": [0.1, 0.1, 0.1]}, "BoxCenter": {"__dtype__": "<f8", "__shape__": [3], "__data__": [2581.6066286862024, 41.92529120057907, 890.1337341235178]}, "mesh.resampler": "tsc", "mesh.interlaced": true, "alpha": 0.05301886796951294, "data.norm": 1.778828072513405,