{"poles": {"dims": ["k"], "edges": [{"__dtype__": "<f8", "__shape__": [57], "__data__": [0.0, 0.005, 0.01, 0.015, 0.02, 0.025, 0.03, 0.035, 0.04, 0.045, 0.05, 0.055, 0.06, 0.065, 0.07, 0.075, 0.08, 0.085, 0.09, 0.095, 0.1, 0.105, 0.11, 0.115, 0.12, 0.125, 0.13, 0.135, 0.14, 0.145, 0.15, 0.155, 0.16, 0.165, 0.17, 0.17500000000000002, 0.18, 0.185, 0.19, 0.195, 0.2, 0.20500000000000002, 0.21, 0.215, 0.22, 0.225, 0.23, 0.23500000000000001, 0.24, 0.245, 0.25, 0.255, 0.26, 0.265, 0.27, 0.275, 0.28]}], "coords": [{"__dtype__": "<f8", "__shape__": [56], "__data__": [0.0025, 0.0075, 0.0125, 0.0175, 0.0225, 0.0275, 0.0325, 0.037500000000000006, 0.042499999999999996, 0.0475, 0.052500000000000005, 0.057499999999999996, 0.0625, 0.0675, 0.07250000000000001, 0.0775, 0.0825, 0.0875, 0.0925, 0.0975, 0.10250000000000001, 0.1075, 0.1125, 0.1175, 0.1225, 0.1275, 0.1325, 0.1375, 0.14250000000000002, 0.1475, 0.1525, 0.1575, 0.1625, 0.1675, 0.17250000000000001, 0.1775, 0.1825, 0.1875, 0.1925, 0.1975, 0.2025, 0.20750000000000002, 0.2125, 0.2175, 0.2225, 0.2275, 0.2325, 0.2375, 0.2425, 0.2475, 0.2525, 0.2575, 0.2625, 0.2675, 0.2725, 0.2775]}], "data": {"__dtype__": [["k", "<f8"], ["power_0", "<c8"], ["modes", "<i8"]], "__shape__": [56], "__data__": [[0.003814853933187707, {"__complex__": [-62660.6484375, 3.0616652876153116e-12]}, 101], [0.008098267727194457, {"__complex__": [-91892.9296875, 8.43589317866579e-14]}, 690], [0.012881029690202132, {"__complex__": [-78955.2578125, -3.2840134149385303e-13]}, 1850], [0.017771019008872145, {"__complex__": [-77767.7890625, -5.674841564544397e-14]}, 3590], [0.02268722850968728, {"__complex__": [-78015.9375, -4.964829410222457e-15]}, 5862], [0.027651259169435533, {"__complex__": [-75066.6171875, 2.955703851158578e-14]}, 8862], [0.03262598042017916, {"__complex__": [-78203.5234375, 9.49708925867751e-15]}, 12258], [0.03760824976511609, {"__complex__": [-76133.3671875, 5.3141504563513405e-15]}, 16430], [0.04261108643545625, {"__complex__": [-72349.359375, 1.1034627699698252e-14]}, 21100], [0.04759572937156907, {"__complex__": [-69138.3984375, 1.889714750511525e-14]}, 26182], [0.05257667448821558, {"__complex__": [-67650.0625, -6.359308645133158e-15]}, 32036], [0.05756981719415533, {"__complex__": [-66381.7421875, 7.557081418702993e-15]}, 38512], [0.06256827282697945, {"__complex__": [-65712.9609375, 1.7262816068112918e-14]}, 45520], [0.0675654580238656, {"__complex__": [-63982.93359375, 2.073744008544015e-14]}, 52980], [0.0725537880788765, {"__complex__": [-64000.68359375, 1.907384789527492e-15]}, 61034], [0.07754545840832214, {"__complex__": [-62979.66015625, -1.3331652303643932e-14]}, 69858], [0.08254083523281343, {"__complex__": [-61967.7109375, 5.334549550820066e-15]}, 79108], [0.0875423035377234, {"__complex__": [-60501.0625, 6.518507217020183e-15]}, 89296], [0.09255067832222494, {"__complex__": [-61491.328125, 5.5629375854870846e-15]}, 99730], [0.09754668364054472, {"__complex__": [-61311.82421875, 4.088653870901399e-15]}, 110332], [0.10254350398577046, {"__complex__": [-60175.875, 3.801813363093782e-15]}, 122484], [0.10753893832561018, {"__complex__": [-59895.01171875, 7.819756500041918e-15]}, 133986], [0.11253269035768633, {"__complex__": [-60070.9453125, 2.8630344656741056e-15]}, 147398], [0.1175354211029737, {"__complex__": [-59386.84375, -7.335182503444889e-15]}, 160692], [0.12253460851681978, {"__complex__": [-58676.27734375, -2.33497782097154e-15]}, 174500], [0.1275365459957872, {"__complex__": [-59545.27734375, 1.5364059579702632e-15]}, 189428], [0.13253574294210044, {"__complex__": [-59006.5703125, -1.4271480780764375e-16]}, 203930], [0.1375278016726519, {"__complex__": [-57756.8984375, -1.8222694926825614e-16]}, 219604], [0.14252674425956072, {"__complex__": [-57472.1328125, -1.0459265535440955e-15]}, 236520], [0.14752693222013444, {"__complex__": [-57373.1015625, 3.683184281248449e-15]}, 252858], [0.15252816218751827, {"__complex__": [-56910.03125, -2.1485976706395491e-16]}, 270910], [0.15752960651835402, {"__complex__": [-57093.94140625, 2.320847405587207e-15]}, 288424], [0.16252335850734734, {"__complex__": [-57055.51953125, -3.1801136261822276e-15]}, 306586], [0.16752286659747623, {"__complex__": [-57108.50390625, -2.626362025266466e-15]}, 326902], [0.17252479148681904, {"__complex__": [-57031.30859375, 2.040109981922794e-15]}, 345946], [0.1775252554912127, {"__complex__": [-56515.78515625, -1.5869825070090543e-15]}, 366782], [0.18252521424936055, {"__complex__": [-56741.69921875, -3.0065786510860093e-16]}, 387202], [0.1875225601779618, {"__complex__": [-57050.578125, -1.1391210359283947e-15]}, 408790], [0.19252140916900495, {"__complex__": [-56603.95703125, -1.2830887907534848e-15]}, 430970], [0.1975182127790114, {"__complex__": [-56528.453125, -1.9422842410202635e-15]}, 453276], [0.20251855587118678, {"__complex__": [-55789.30078125, -7.923091131475154e-16]}, 477528], [0.20752191694091632, {"__complex__": [-56131.34375, 1.3943624502430981e-15]}, 500940], [0.21252172605551828, {"__complex__": [-55860.3359375, 1.6623478193563773e-16]}, 525230], [0.21751879755199113, {"__complex__": [-55836.00390625, -1.720848123388716e-15]}, 549656], [0.2225155668209218, {"__complex__": [-56474.52734375, -1.6177220738187417e-15]}, 575700], [0.22751649866167695, {"__complex__": [-56142.60546875, -6.280457077523834e-16]}, 602424], [0.2325167629889689, {"__complex__": [-56029.24609375, -2.315694110075671e-16]}, 628404], [0.23751795079484458, {"__complex__": [-55800.6484375, -9.748542424014737e-16]}, 656800], [0.24251944740696235, {"__complex__": [-55501.55859375, -5.065133357770417e-15]}, 683764], [0.24751610736275717, {"__complex__": [-55493.80078125, 4.0170990686161975e-15]}, 711820], [0.2525149857131023, {"__complex__": [-55259.66796875, 2.6476285873522983e-16]}, 741988], [0.2575168383475979, {"__complex__": [-55086.19140625, -8.865550810567124e-16]}, 771458], [0.2625183332178984, {"__complex__": [-55139.62890625, -4.673779042787868e-16]}, 801732], [0.2675179087943832, {"__complex__": [-55188.66796875, -9.094510168957065e-16]}, 832040], [0.27251499428393927, {"__complex__": [-55437.203125, 2.0066676388575365e-15]}, 862962], [0.27750965794534427, {"__complex__": [-55426.21484375, -5.493930340669869e-16]}, 893945]]}, "attrs": {"poles": [0], "dk": 0.005, "kmin": 0.0, "kmax": null, "Nmesh": {"__dtype__": "<i8", "__shape__": [3], "__data__": [512, 512, 512]}, "BoxSize": {"__dtype__": "<f8", "__shape__": [3], "__data__": [2671.0, 5790.0, 2969.0]}, "BoxPad": {"__dtype__": "<f8", "__shape__": [3], "__data__": [0.1, 0.1, 0.1]}, "BoxCenter": {"__dtype__": "<f8", "__shape__": [3], "__data__": [2580.524543143222, 43.7996535686068, 888.2566152477968]}, "mesh.resampler": "tsc", "mesh.interlaced": true, "alpha": 0.053128018975257874, "data.norm": -0.8043064764403266, "randoms.norm": -0.8047449066263062, "shotnoise": 67565.96212908265, "first.data.N": 126459, "first.data.W": 136034.59375, "first.data.W2": 121302.69140558598, "first.data.num_per_cell": 0.0009037754789410977, "first.randoms.N": 2436558, "first.randoms.W": 2560505.75, "first.randoms.W2": 2283057.3323266096, "first.randoms.num_per_cell": 0.017010102661897314, "first.data.ext": 1, "first.randoms.ext": 1, "second.data.N": 126459, "second.data.W": 136034.59375, "second.data.W2": -56932.69140625, "second.data.num_per_cell": -0.0004241816059220582, "second.randoms.N": 2436558, "second.randoms.W": 2560505.75, "second.randoms.W2": -1072162.0, "second.randoms.num_per_cell": -0.007988229393959045, "second.data.ext": 1, "second.randoms.ext": 1}}, "attrs": {"poles": [0], "dk": 0.005, "kmin": 0.0, "kmax": null, "Nmesh": {"__dtype__": "<i8", "__shape__": [3], "__data__": [512, 512, 512]}, "BoxSize": {"__dtype__": "<f8", "__shape__": [3], "__data__": [2671.0, 5790.0, 2969.0]}, "BoxPad": {"__dtype__": "<f8", "__shape__": [3], "__data__": [0.1, 0.1, 0.1]}, "BoxCenter": {"__dtype__": "<f8", "__shape__": [3], "__data__": [2580.524543143222, 43.7996535686068, 888.2566152477968]}, "mesh.resampler": "tsc",