{"poles": {"dims": ["k"], "edges": [{"__dtype__": "<f8", "__shape__": [57], "__data__": [0.0, 0.005, 0.01, 0.015, 0.02, 0.025, 0.03, 0.035, 0.04, 0.045, 0.05, 0.055, 0.06, 0.065, 0.07, 0.075, 0.08, 0.085, 0.09, 0.095, 0.1, 0.105, 0.11, 0.115, 0.12, 0.125, 0.13, 0.135, 0.14, 0.145, 0.15, 0.155, 0.16, 0.165, 0.17, 0.17500000000000002, 0.18, 0.185, 0.19, 0.195, 0.2, 0.20500000000000002, 0.21, 0.215, 0.22, 0.225, 0.23, 0.23500000000000001, 0.24, 0.245, 0.25, 0.255, 0.26, 0.265, 0.27, 0.275, 0.28]}], "coords": [{"__dtype__": "<f8", "__shape__": [56], "__data__": [0.0025, 0.0075, 0.0125, 0.0175, 0.0225, 0.0275, 0.0325, 0.037500000000000006, 0.042499999999999996, 0.0475, 0.052500000000000005, 0.057499999999999996, 0.0625, 0.0675, 0.07250000000000001, 0.0775, 0.0825, 0.0875, 0.0925, 0.0975, 0.10250000000000001, 0.1075, 0.1125, 0.1175, 0.1225, 0.1275, 0.1325, 0.1375, 0.14250000000000002, 0.1475, 0.1525, 0.1575, 0.1625, 0.1675, 0.17250000000000001, 0.1775, 0.1825, 0.1875, 0.1925, 0.1975, 0.2025, 0.20750000000000002, 0.2125, 0.2175, 0.2225, 0.2275, 0.2325, 0.2375, 0.2425, 0.2475, 0.2525, 0.2575, 0.2625, 0.2675, 0.2725, 0.2775]}], "data": {"__dtype__": [["k", "<f8"], ["power_0", "<c8"], ["modes", "<i8"]], "__shape__": [56], "__data__": [[0.003820180290599886, {"__complex__": [148989.15625, 1.8009796128384825e-12]}, 101], [0.008111281655144024, {"__complex__": [119559.59375, -6.326919375779574e-14]}, 690], [0.012896956525231401, {"__complex__": [117667.78125, 7.882944649687321e-14]}, 1846], [0.01778555173427159, {"__complex__": [124873.40625, -5.49052143539782e-14]}, 3578], [0.022698167128420994, {"__complex__": [118858.0, -1.62131389585575e-14]}, 5834], [0.027638260622634477, {"__complex__": [108221.9296875, -4.99151010102802e-15]}, 8746], [0.032617986220600574, {"__complex__": [104328.625, 4.025753458348179e-14]}, 12290], [0.037607064881111395, {"__complex__": [106936.859375, 1.3959582391399016e-14]}, 16288], [0.04260466741324764, {"__complex__": [103462.7890625, -1.3152239713987157e-14]}, 21022], [0.047597206564474304, {"__complex__": [97809.4140625, 3.817718100744376e-14]}, 26110], [0.052575918256768155, {"__complex__": [95255.3046875, -1.761345382695831e-14]}, 31808], [0.05756154622809846, {"__complex__": [97684.8125, 2.850187093446626e-15]}, 38292], [0.06255629944265159, {"__complex__": [91814.0078125, 1.0932586487575474e-14]}, 45256], [0.06755893185827526, {"__complex__": [93429.2890625, 8.188066754298822e-15]}, 52872], [0.07256213671882879, {"__complex__": [91209.265625, -1.7428873489290335e-14]}, 60950], [0.0775564508479077, {"__complex__": [89983.9921875, 1.2195937822471158e-14]}, 69428], [0.08254731366613322, {"__complex__": [88984.9453125, 1.5708824223849998e-15]}, 78740], [0.08754298860011621, {"__complex__": [88996.9765625, 9.84568016240586e-16]}, 88680], [0.09254052327064348, {"__complex__": [87679.6640625, -4.4078903713866185e-16]}, 99040], [0.0975414988590395, {"__complex__": [87182.5625, -3.2345217287579235e-15]}, 110224], [0.1025459417003788, {"__complex__": [86848.984375, 1.7916371020104812e-15]}, 121832], [0.10754406296512571, {"__complex__": [85642.6875, -7.2148625320786e-16]}, 133622], [0.11253905545932225, {"__complex__": [85413.6015625, -9.185310830353306e-15]}, 146544], [0.11753684170930458, {"__complex__": [84809.625, -4.5528229364433007e-17]}, 159812], [0.1225308767856667, {"__complex__": [84898.1015625, -5.872578949685367e-16]}, 173456], [0.12752686813924086, {"__complex__": [84340.4765625, -7.197051017384618e-16]}, 188292], [0.13252968541933563, {"__complex__": [83943.3125, 3.5759011263222486e-17]}, 203472], [0.13752951381413783, {"__complex__": [83735.59375, 1.9626630066982547e-15]}, 218724], [0.14252949253748085, {"__complex__": [83338.7734375, 1.9166130017295906e-15]}, 235368], [0.14752954828122913, {"__complex__": [82398.7578125, 2.1389843496140253e-15]}, 251718], [0.15252735647872476, {"__complex__": [82370.8984375, -1.7024018633798855e-15]}, 269258], [0.15752561235213108, {"__complex__": [81736.8125, -5.892027884945509e-16]}, 287110], [0.16252467528796466, {"__complex__": [81499.5703125, 1.28497513312702e-15]}, 305766], [0.16752610494664533, {"__complex__": [81737.421875, -2.7203733650492737e-15]}, 324966], [0.1725241305382833, {"__complex__": [81235.3203125, 2.26182000883366e-15]}, 344204], [0.17752218862273506, {"__complex__": [80831.46875, 4.8664609329589735e-15]}, 364810], [0.1825233761880495, {"__complex__": [80875.0703125, 1.384937091122526e-15]}, 385814], [0.1875250797641284, {"__complex__": [80695.796875, 9.291178513815305e-16]}, 407214], [0.19252508790272455, {"__complex__": [80634.5546875, 1.051904806206698e-15]}, 428850], [0.19752282699361312, {"__complex__": [80614.0078125, 9.8309375539589e-16]}, 451466], [0.20252129566459767, {"__complex__": [80802.3046875, -2.322476249944777e-15]}, 474626], [0.20752011054747285, {"__complex__": [80362.2265625, -1.138743470992156e-15]}, 498378], [0.21252022693048422, {"__complex__": [79941.3125, 8.625385206285007e-16]}, 523002], [0.2175188819478733, {"__complex__": [79941.6484375, -3.856002295894376e-15]}, 547206], [0.2225159264522798, {"__complex__": [79685.2109375, 8.126950786055583e-16]}, 572984], [0.227517741236251, {"__complex__": [79735.6484375, -9.703832451638409e-17]}, 599842], [0.23251801983229903, {"__complex__": [79924.3984375, 5.702270799541273e-16]}, 625228], [0.2375182172887545, {"__complex__": [79762.6328125, 1.6027515076298508e-15]}, 653712], [0.2425200599164663, {"__complex__": [79367.6015625, 2.0521910010912452e-15]}, 680728], [0.24751933383996746, {"__complex__": [79927.9609375, -1.5186549002528917e-15]}, 709076], [0.25251761108539406, {"__complex__": [79381.3515625, 1.656903806255476e-15]}, 737738], [0.25751405637173586, {"__complex__": [79609.5703125, 1.470384821929474e-15]}, 766992], [0.2625134309245529, {"__complex__": [79460.9453125, -2.443266959871503e-15]}, 798094], [0.2675161079712803, {"__complex__": [79487.734375, 2.576604345329433e-15]}, 828978], [0.27251659394165356, {"__complex__": [79369.1484375, 3.0649514501900066e-15]}, 859360], [0.277512302891993, {"__complex__": [79599.4296875, 1.145105217821628e-15]}, 889555]]}, "attrs": {"poles": [0], "dk": 0.005, "kmin": 0.0, "kmax": null, "Nmesh": {"__dtype__": "<i8", "__shape__": [3], "__data__": [512, 512, 512]}, "BoxSize": {"__dtype__": "<f8", "__shape__": [3], "__data__": [2658.0, 5795.0, 2967.0]}, "BoxPad": {"__dtype__": "<f8", "__shape__": [3], "__data__": [0.1, 0.1, 0.1]}, "BoxCenter": {"__dtype__": "<f8", "__shape__": [3], "__data__": [2586.0659953294703, 42.60334386497789, 891.1735340935423]}, "mesh.resampler": "tsc", "mesh.interlaced": true, "alpha": 0.05303686857223511, "data.norm": 1.7633102486691483, "randoms.norm": 1.7632942354215493, "shotnoise": 78511.86563260724, "first.data.N": 126085, "first.data.W": 135648.265625, "first.data.W2": 121075.38544702776, "first.data.num_per_cell": 0.0009020819175766986, "first.randoms.N": 2430415, "first.randoms.W": 2557622.0, "first.randoms.W2": 2282911.24771213, "first.randoms.num_per_cell": 0.017009014246703164, "first.data.ext": 1, "first.randoms.ext": 1, "second.data.N": 126085, "second.data.W": 135648.265625, "second.data.W2": 127561.5234375, "second.data.num_per_cell": 0.0009504074114374816, "second.randoms.N": 2430415, "second.randoms.W": 2557622.0, "second.randoms.W2": 2405199.0, "second.randoms.num_per_cell": 0.017920129001140594, "second.data.ext": 1, "second.randoms.ext": 1}}, "attrs": {"poles": [0], "dk": 0.005, "kmin": 0.0, "kmax": null, "Nmesh": {"__dtype__": "<i8", "__shape__": [3], "__data__": [512, 512, 512]}, "BoxSize": {"__dtype__": "<f8", "__shape__": [3], "__data__": [2658.0, 5795.0, 2967.0]}, "BoxPad": {"__dtype__": "<f8", "__shape__": [3], "__data__": [0.1, 0.1, 0.1]}, "BoxCenter": {"__dtype__": "<f8", "__shape__": [3], "__data__": [2586.0659953294703, 42.60334386497789, 891.1735340935423]}, "mesh.resampler": "tsc", "mesh.interlaced": true, "alpha": 0.05303686857223511, "data.norm": 1.7633102486691483,