{"poles": {"dims": ["k"], "edges": [{"__dtype__": "<f8", "__shape__": [46], "__data__": [0.0, 0.005, 0.01, 0.015, 0.02, 0.025, 0.03, 0.035, 0.04, 0.045, 0.05, 0.055, 0.06, 0.065, 0.07, 0.075, 0.08, 0.085, 0.09, 0.095, 0.1, 0.105, 0.11, 0.115, 0.12, 0.125, 0.13, 0.135, 0.14, 0.145, 0.15, 0.155, 0.16, 0.165, 0.17, 0.17500000000000002, 0.18, 0.185, 0.19, 0.195, 0.2, 0.20500000000000002, 0.21, 0.215, 0.22, 0.225]}], "coords": [{"__dtype__": "<f8", "__shape__": [45], "__data__": [0.0025, 0.0075, 0.0125, 0.0175, 0.0225, 0.0275, 0.0325, 0.037500000000000006, 0.042499999999999996, 0.0475, 0.052500000000000005, 0.057499999999999996, 0.0625, 0.0675, 0.07250000000000001, 0.0775, 0.0825, 0.0875, 0.0925, 0.0975, 0.10250000000000001, 0.1075, 0.1125, 0.1175, 0.1225, 0.1275, 0.1325, 0.1375, 0.14250000000000002, 0.1475, 0.1525, 0.1575, 0.1625, 0.1675, 0.17250000000000001, 0.1775, 0.1825, 0.1875, 0.1925, 0.1975, 0.2025, 0.20750000000000002, 0.2125, 0.2175, 0.2225]}], "data": {"__dtype__": [["k", "<f8"], ["power_0", "<c8"], ["modes", "<i8"]], "__shape__": [45], "__data__": [[0.0038166840023748324, {"__complex__": [70663.3828125, 1.7427444036488549e-13]}, 167], [0.00805521061890084, {"__complex__": [92591.1640625, -7.396999137342097e-14]}, 1082], [0.012822205502993596, {"__complex__": [109597.671875, 8.789747629831673e-14]}, 2980], [0.017720468592159005, {"__complex__": [113690.828125, 1.512149136646563e-14]}, 5774], [0.022662222700984117, {"__complex__": [107175.6328125, 2.8993958113305435e-14]}, 9536], [0.027649434476722207, {"__complex__": [104853.7734375, -2.0236288383515934e-15]}, 14382], [0.03263826487306351, {"__complex__": [101831.7578125, 3.000545775386221e-14]}, 19884], [0.037610658926334285, {"__complex__": [95630.71875, 4.9552490440725374e-15]}, 26430], [0.04260308065826555, {"__complex__": [94231.2421875, 8.513376533955414e-15]}, 34186], [0.04759658773835875, {"__complex__": [89767.7421875, -5.4954362593709685e-15]}, 42368], [0.05258238260130287, {"__complex__": [89122.1171875, 3.780372841616407e-15]}, 51966], [0.05757954775178602, {"__complex__": [88313.046875, -6.718174058511703e-15]}, 62274], [0.06257187581614682, {"__complex__": [86647.296875, 5.1512605148801814e-15]}, 73448], [0.06756408334063105, {"__complex__": [85365.921875, 1.4752000348280253e-14]}, 85820], [0.07255684069115989, {"__complex__": [84115.59375, -8.364101376561947e-15]}, 98734], [0.07755278821362077, {"__complex__": [82939.625, 7.197682798084151e-15]}, 113218], [0.08255019458772637, {"__complex__": [81881.0859375, 2.5018532642177675e-15]}, 127962], [0.08754966234803423, {"__complex__": [79630.1484375, -5.721598291452603e-15]}, 144334], [0.09254485464725437, {"__complex__": [78987.7265625, 7.427034756245145e-15]}, 160664], [0.09753945898197826, {"__complex__": [78274.8671875, 3.638385132184643e-15]}, 178980], [0.10253767745115319, {"__complex__": [78082.2265625, 5.817113961749734e-15]}, 197624], [0.1075374427913122, {"__complex__": [77551.7890625, 3.97699248208018e-15]}, 217712], [0.11253945213489502, {"__complex__": [76481.765625, 1.680063381099303e-15]}, 238192], [0.11753763273352127, {"__complex__": [76558.1171875, 7.28262410906776e-15]}, 259762], [0.12253258600630515, {"__complex__": [76077.5078125, -7.740654925364256e-17]}, 281990], [0.12753215450120176, {"__complex__": [75881.8671875, 3.917983931809709e-15]}, 306416], [0.13253213404696318, {"__complex__": [75606.796875, -8.3803560446988755e-16]}, 329922], [0.13752961326757943, {"__complex__": [74481.28125, 2.16657073039844e-15]}, 355978], [0.14252901707845633, {"__complex__": [74599.515625, -3.238500242511177e-15]}, 381940], [0.1475269329671772, {"__complex__": [73995.390625, 1.4221687419564439e-15]}, 409288], [0.15252786911506805, {"__complex__": [73804.296875, -1.711005071146029e-15]}, 438002], [0.15752737219259513, {"__complex__": [73427.859375, 2.535236738493191e-15]}, 466364], [0.16252613511477837, {"__complex__": [73030.390625, 4.390071180456552e-16]}, 497210], [0.1675262352916803, {"__complex__": [73108.8515625, -7.376638413465883e-16]}, 527698], [0.17252393261680887, {"__complex__": [73368.9765625, -4.472184036671042e-15]}, 559666], [0.17752243070348311, {"__complex__": [73167.2265625, 4.9084765199998654e-17]}, 592930], [0.1825229981783012, {"__complex__": [72393.3984375, 2.2057292488384636e-16]}, 626746], [0.18752407015690423, {"__complex__": [72504.5625, -6.925860713826945e-16]}, 661846], [0.19252209866699696, {"__complex__": [72034.125, -3.969516939864628e-16]}, 696524], [0.19751950476363478, {"__complex__": [72243.171875, 1.3581613208686334e-15]}, 733938], [0.202520753313314, {"__complex__": [72272.25, 1.2250514431663798e-16]}, 772110], [0.20752096570858364, {"__complex__": [71637.8359375, -1.2771813712210965e-15]}, 809670], [0.21251910533825322, {"__complex__": [71620.28125, -2.9973436096807733e-16]}, 849614], [0.21751850928220137, {"__complex__": [71818.234375, 3.5149868842693536e-16]}, 890092], [0.22251847084258536, {"__complex__": [71533.015625, 3.0311965519672123e-15]}, 931339]]}, "attrs": {"poles": [0], "dk": 0.005, "kmin": 0.0, "kmax": null, "Nmesh": {"__dtype__": "<i8", "__shape__": [3], "__data__": [512, 512, 512]}, "BoxSize": {"__dtype__": "<f8", "__shape__": [3], "__data__": [3422.0, 7180.0, 3023.0]}, "BoxPad": {"__dtype__": "<f8", "__shape__": [3], "__data__": [0.1, 0.1, 0.1]}, "BoxCenter": {"__dtype__": "<f8", "__shape__": [3], "__data__": [-1748.0375824389225, 40.06497872083992, 1911.6207827371932]}, "mesh.resampler": "tsc", "mesh.interlaced": true, "alpha": 0.05688090994954109, "data.norm": 3.100690941391288, "randoms.norm": 3.0991932453365076, "shotnoise": 70088.96863163156, "first.data.N": 219951, "first.data.W": 232678.28125, "first.data.W2": 200705.18881436685, "first.data.num_per_cell": 0.001495370185482255, "first.randoms.N": 3956538, "first.randoms.W": 4090621.75, "first.randoms.W2": 3528097.541101139, "first.randoms.num_per_cell": 0.026286375083782815, "first.data.ext": 1, "first.randoms.ext": 1, "second.data.N": 219951, "second.data.W": 232678.28125, "second.data.W2": 210835.25, "second.data.num_per_cell": 0.0015708450227975845, "second.randoms.N": 3956538, "second.randoms.W": 4090621.75, "second.randoms.W2": 3704748.5, "second.randoms.num_per_cell": 0.027602527290582657, "second.data.ext": 1, "second.randoms.ext": 1}}, "attrs": {"poles": [0], "dk": 0.005, "kmin": 0.0, "kmax": null, "Nmesh": {"__dtype__": "<i8", "__shape__": [3], "__data__": [512, 512, 512]}, "BoxSize": {"__dtype__": "<f8", "__shape__": [3], "__data__": [3422.0, 7180.0, 3023.0]}, "BoxPad": {"__dtype__": "<f8", "__shape__": [3], "__data__": [0.1, 0.1, 0.1]}, "BoxCenter": {"__dtype__": "<f8", "__shape__": [3], "__data__": [-1748.0375824389225, 40.06497872083992, 1911.6207827371932]}, "mesh.resampler": "tsc", "mesh.interlaced": true, "alpha": 0.05688090994954109, "data.norm": 3.100690941391288, "randoms.norm": 3.0991932453365076, "shotnoise": 70088.96863163156, "first.data.N": 219951, "first.data.W": 232678.28125, "first.data.W2": 200705.18881436685, "first.data.num_per_cell": 0.001495370185482255, "first.randoms.N": 3956538, "first.randoms.W": 4090621.75, "first.randoms.W2": 3528097.541101139, "first.randoms.num_per_cell": 0.026286375083782815, "first.data.ext": 1, "first.randoms.ext": 1, "second.data.N": 219951, "second.data.W": 232678.28125, "second.data.W2": 210835.25, "second.data.num_per_cell": 0.0015708450227975845, "second.randoms.N": 3956538, "second.randoms.W": 4090621.75, "second.randoms.W2": 3704748.5, "second.randoms.num_per_cell": 0.027602527290582657, "second.data.ext": 1, "second.randoms.ext": 1, "p": 1.0, "zmin": 0.8, "zmax": 2.2, "P0_FKP": 30000.0, "z-weighted": true, "hashkeys": ["Nmesh", "P0_FKP", "dk", "kmin", "mesh.window", "mesh.interlaced", "poles", "p", "BoxPad", "zmin", "zmax", "z-weighted"]}}