{"poles": {"dims": ["k"], "edges": [{"__dtype__": "<f8", "__shape__": [46], "__data__": [0.0, 0.005, 0.01, 0.015, 0.02, 0.025, 0.03, 0.035, 0.04, 0.045, 0.05, 0.055, 0.06, 0.065, 0.07, 0.075, 0.08, 0.085, 0.09, 0.095, 0.1, 0.105, 0.11, 0.115, 0.12, 0.125, 0.13, 0.135, 0.14, 0.145, 0.15, 0.155, 0.16, 0.165, 0.17, 0.17500000000000002, 0.18, 0.185, 0.19, 0.195, 0.2, 0.20500000000000002, 0.21, 0.215, 0.22, 0.225]}], "coords": [{"__dtype__": "<f8", "__shape__": [45], "__data__": [0.0025, 0.0075, 0.0125, 0.0175, 0.0225, 0.0275, 0.0325, 0.037500000000000006, 0.042499999999999996, 0.0475, 0.052500000000000005, 0.057499999999999996, 0.0625, 0.0675, 0.07250000000000001, 0.0775, 0.0825, 0.0875, 0.0925, 0.0975, 0.10250000000000001, 0.1075, 0.1125, 0.1175, 0.1225, 0.1275, 0.1325, 0.1375, 0.14250000000000002, 0.1475, 0.1525, 0.1575, 0.1625, 0.1675, 0.17250000000000001, 0.1775, 0.1825, 0.1875, 0.1925, 0.1975, 0.2025, 0.20750000000000002, 0.2125, 0.2175, 0.2225]}], "data": {"__dtype__": [["k", "<f8"], ["power_0", "<c8"], ["modes", "<i8"]], "__shape__": [45], "__data__": [[0.00381863820471231, {"__complex__": [81668.625, 7.842349274318761e-13]}, 167], [0.008058771050492863, {"__complex__": [105853.3671875, -6.724545101527771e-14]}, 1082], [0.012828135494862133, {"__complex__": [102425.5859375, 4.761113243023293e-14]}, 2980], [0.017720787584628542, {"__complex__": [108610.4765625, -2.908359791604746e-14]}, 5754], [0.022662913658177995, {"__complex__": [111264.484375, 7.931861818830793e-14]}, 9540], [0.027650782249452832, {"__complex__": [108015.359375, -1.0650711710421135e-14]}, 14346], [0.03263803674587095, {"__complex__": [102512.4296875, 4.3950210292420695e-15]}, 19866], [0.03760869575912402, {"__complex__": [99596.4609375, -2.235444461647345e-14]}, 26364], [0.04259996254207865, {"__complex__": [92553.640625, -8.523350029271978e-16]}, 34146], [0.04759498596105724, {"__complex__": [91117.734375, 1.5471981741578197e-14]}, 42324], [0.05258172511775369, {"__complex__": [89341.578125, -8.13332216788483e-15]}, 51886], [0.05757966404213108, {"__complex__": [86990.0234375, -3.2744032162882082e-15]}, 62218], [0.06257394636600541, {"__complex__": [86652.625, -1.5865585670189536e-15]}, 73376], [0.06756788324574482, {"__complex__": [84004.109375, 1.3153717786480116e-14]}, 85738], [0.07255990270194922, {"__complex__": [84431.1875, -1.1811619280785858e-15]}, 98560], [0.07755170699181749, {"__complex__": [83055.96875, 5.1548612519389594e-15]}, 112918], [0.08254870733501136, {"__complex__": [80813.4296875, -3.668750839827236e-15]}, 127918], [0.08754843157716319, {"__complex__": [80482.890625, 3.0571250775156137e-15]}, 143990], [0.09254188574957822, {"__complex__": [79353.15625, -6.165758228553761e-15]}, 160488], [0.09753881042112551, {"__complex__": [78647.6640625, -2.8073962595007596e-15]}, 178828], [0.10253938083032554, {"__complex__": [77521.875, 2.2296278863985497e-15]}, 197430], [0.10753730097227536, {"__complex__": [77140.984375, -8.374952503890985e-16]}, 217194], [0.11253794610098627, {"__complex__": [76399.4296875, 3.3024165016780392e-15]}, 237948], [0.11753760039080087, {"__complex__": [75360.8046875, -3.7296495441195045e-15]}, 259462], [0.12253338946180868, {"__complex__": [75484.0703125, -4.055775440020776e-15]}, 281654], [0.12753289970346407, {"__complex__": [75706.4140625, 2.378479103801916e-16]}, 305908], [0.1325323770046989, {"__complex__": [75577.984375, -1.2805819967460857e-15]}, 329542], [0.13753006159321618, {"__complex__": [75034.390625, -4.0126724744338465e-15]}, 355396], [0.14253008811745624, {"__complex__": [74619.9140625, -1.0104490020648228e-15]}, 381638], [0.14752678197534969, {"__complex__": [74051.109375, 5.345775807865619e-16]}, 408320], [0.15252772521913197, {"__complex__": [73733.1875, 2.8255113296272137e-16]}, 437766], [0.15752784354888996, {"__complex__": [73187.4609375, 1.5707891428816834e-15]}, 465520], [0.16252487881165903, {"__complex__": [72957.34375, -7.622825363211793e-16]}, 496338], [0.1675266096096147, {"__complex__": [72809.015625, -7.172208599832833e-16]}, 527522], [0.17252451872462954, {"__complex__": [72815.0, 9.12107246043847e-17]}, 558396], [0.17752158960929174, {"__complex__": [72623.0546875, -2.2389545661807668e-15]}, 592260], [0.18252319837051026, {"__complex__": [72728.1484375, -4.6154926939840496e-15]}, 626036], [0.18752310952406626, {"__complex__": [72197.5390625, 6.169539171872068e-16]}, 660428], [0.1925208794010506, {"__complex__": [72473.0, 1.6099008892211508e-15]}, 696004], [0.1975182157210468, {"__complex__": [72030.1328125, 1.3509571997731172e-15]}, 732466], [0.20252001717507154, {"__complex__": [71575.015625, 8.20343627300587e-16]}, 771638], [0.20752199517823627, {"__complex__": [71771.015625, -9.358492222133604e-16]}, 808570], [0.2125205076698056, {"__complex__": [71945.8984375, 2.1952366546741306e-15]}, 848494], [0.21751906342588334, {"__complex__": [71501.078125, 8.515561561321975e-16]}, 888608], [0.22251776485895605, {"__complex__": [71522.6875, -3.286527804713884e-16]}, 929827]]}, "attrs": {"poles": [0], "dk": 0.005, "kmin": 0.0, "kmax": null, "Nmesh": {"__dtype__": "<i8", "__shape__": [3], "__data__": [512, 512, 512]}, "BoxSize": {"__dtype__": "<f8", "__shape__": [3], "__data__": [3422.0, 7182.0, 3018.0]}, "BoxPad": {"__dtype__": "<f8", "__shape__": [3], "__data__": [0.1, 0.1, 0.1]}, "BoxCenter": {"__dtype__": "<f8", "__shape__": [3], "__data__": [-1752.4145036258212, 35.34830409309552, 1911.9066170993283]}, "mesh.resampler": "tsc", "mesh.interlaced": true, "alpha": 0.05714420601725578, "data.norm": 3.104051018272216, "randoms.norm": 3.1043861113787887, "shotnoise": 69951.50288252358, "first.data.N": 220102, "first.data.W": 232767.75, "first.data.W2": 200794.12700259287, "first.data.num_per_cell": 0.0014960328266217773, "first.randoms.N": 3942620, "first.randoms.W": 4073339.5, "first.randoms.W2": 3513793.7945619137, "first.randoms.num_per_cell": 0.026179803867354346, "first.data.ext": 1, "first.randoms.ext": 1, "second.data.N": 220102, "second.data.W": 232767.75, "second.data.W2": 210963.4375, "second.data.num_per_cell": 0.0015718000940978527, "second.randoms.N": 3942620, "second.randoms.W": 4073339.5, "second.randoms.W2": 3692013.0, "second.randoms.num_per_cell": 0.027507640421390533, "second.data.ext": 1, "second.randoms.ext": 1}}, "attrs": {"poles": [0], "dk": 0.005, "kmin": 0.0, "kmax": null, "Nmesh": {"__dtype__": "<i8", "__shape__": [3], "__data__": [512, 512, 512]}, "BoxSize": {"__dtype__": "<f8", "__shape__": [3], "__data__": [3422.0, 7182.0, 3018.0]}, "BoxPad": {"__dtype__": "<f8", "__shape__": [3], "__data__": [0.1, 0.1, 0.1]}, "BoxCenter": {"__dtype__": "<f8", "__shape__": [3], "__data__": [-1752.4145036258212, 35.34830409309552, 1911.9066170993283]}, "mesh.resampler": "tsc", "mesh.interlaced": true, "alpha": 0.05714420601725578, "data.norm": 3.104051018272216, "randoms.norm": 3.1043861113787887, "shotnoise": 69951.50288252358, "first.data.N": 220102, "first.data.W": 232767.75, "first.data.W2": 200794.12700259287, "first.data.num_per_cell": 0.0014960328266217773, "first.randoms.N": 3942620, "first.randoms.W": 4073339.5, "first.randoms.W2": 3513793.7945619137, "first.randoms.num_per_cell": 0.026179803867354346, "first.data.ext": 1, "first.randoms.ext": 1, "second.data.N": 220102, "second.data.W": 232767.75, "second.data.W2": 210963.4375, "second.data.num_per_cell": 0.0015718000940978527, "second.randoms.N": 3942620, "second.randoms.W": 4073339.5, "second.randoms.W2": 3692013.0, "second.randoms.num_per_cell": 0.027507640421390533, "second.data.ext": 1, "second.randoms.ext": 1, "p": 1.0, "zmin": 0.8, "zmax": 2.2, "P0_FKP": 30000.0, "z-weighted": true, "hashkeys": ["Nmesh", "P0_FKP", "dk", "kmin", "mesh.window", "mesh.interlaced", "poles", "p", "BoxPad", "zmin", "zmax", "z-weighted"]}}