{"poles": {"dims": ["k"], "edges": [{"__dtype__": "<f8", "__shape__": [57], "__data__": [0.0, 0.005, 0.01, 0.015, 0.02, 0.025, 0.03, 0.035, 0.04, 0.045, 0.05, 0.055, 0.06, 0.065, 0.07, 0.075, 0.08, 0.085, 0.09, 0.095, 0.1, 0.105, 0.11, 0.115, 0.12, 0.125, 0.13, 0.135, 0.14, 0.145, 0.15, 0.155, 0.16, 0.165, 0.17, 0.17500000000000002, 0.18, 0.185, 0.19, 0.195, 0.2, 0.20500000000000002, 0.21, 0.215, 0.22, 0.225, 0.23, 0.23500000000000001, 0.24, 0.245, 0.25, 0.255, 0.26, 0.265, 0.27, 0.275, 0.28]}], "coords": [{"__dtype__": "<f8", "__shape__": [56], "__data__": [0.0025, 0.0075, 0.0125, 0.0175, 0.0225, 0.0275, 0.0325, 0.037500000000000006, 0.042499999999999996, 0.0475, 0.052500000000000005, 0.057499999999999996, 0.0625, 0.0675, 0.07250000000000001, 0.0775, 0.0825, 0.0875, 0.0925, 0.0975, 0.10250000000000001, 0.1075, 0.1125, 0.1175, 0.1225, 0.1275, 0.1325, 0.1375, 0.14250000000000002, 0.1475, 0.1525, 0.1575, 0.1625, 0.1675, 0.17250000000000001, 0.1775, 0.1825, 0.1875, 0.1925, 0.1975, 0.2025, 0.20750000000000002, 0.2125, 0.2175, 0.2225, 0.2275, 0.2325, 0.2375, 0.2425, 0.2475, 0.2525, 0.2575, 0.2625, 0.2675, 0.2725, 0.2775]}], "data": {"__dtype__": [["k", "<f8"], ["power_0", "<c8"], ["modes", "<i8"]], "__shape__": [56], "__data__": [[0.0038187024377153034, {"__complex__": [95371.7109375, -1.5848620159297777e-12]}, 101], [0.008106447848855197, {"__complex__": [125791.5078125, -2.53076775031183e-13]}, 690], [0.012880177733756918, {"__complex__": [121003.1796875, 1.5834510148937143e-14]}, 1838], [0.017769679843976222, {"__complex__": [123049.90625, 1.6231918695437664e-13]}, 3586], [0.022696383757009834, {"__complex__": [120595.0859375, -1.1667348944616185e-13]}, 5862], [0.02765065203827766, {"__complex__": [110161.8984375, -3.9732191197067515e-14]}, 8790], [0.03262602599376753, {"__complex__": [107748.890625, 3.3196481587921545e-14]}, 12274], [0.03760789006226436, {"__complex__": [107324.234375, 2.1399875754367532e-14]}, 16320], [0.042607383344419436, {"__complex__": [100705.0625, -6.9064618593898085e-15]}, 21070], [0.047598271272736074, {"__complex__": [102512.8515625, -1.2251899595230355e-14]}, 26130], [0.05258015748799339, {"__complex__": [98486.5078125, -3.0077238713944326e-14]}, 31932], [0.057569554598967995, {"__complex__": [97559.515625, 4.1741698937397195e-15]}, 38348], [0.06256633083181741, {"__complex__": [98650.1953125, -4.3267302684191124e-15]}, 45404], [0.06756231443382975, {"__complex__": [96226.609375, -2.206005408049048e-15]}, 52772], [0.07255382810203968, {"__complex__": [97230.859375, -9.547560563872605e-16]}, 60966], [0.07754945089623247, {"__complex__": [94159.171875, 8.775780564751218e-15]}, 69644], [0.08254411595159604, {"__complex__": [92312.15625, -1.2085695637353063e-14]}, 78866], [0.08754491378240647, {"__complex__": [90647.3125, -2.9428194635913035e-15]}, 89008], [0.09254918728417946, {"__complex__": [90856.4609375, 8.206352501564148e-15]}, 99302], [0.0975430363437897, {"__complex__": [89637.9375, 7.802564272311498e-15]}, 110036], [0.1025442205027232, {"__complex__": [88268.8203125, -2.856397115499421e-15]}, 122268], [0.10754561131461689, {"__complex__": [88131.6484375, -6.091671221272743e-15]}, 133774], [0.11253754180688967, {"__complex__": [87366.9296875, 1.6370532714992162e-15]}, 146670], [0.11753216562676605, {"__complex__": [86991.0703125, -1.3187507836570221e-15]}, 160002], [0.12253111375206191, {"__complex__": [86857.7265625, 3.843788504311442e-15]}, 174148], [0.12753446841254903, {"__complex__": [85826.6171875, -6.93851432726774e-16]}, 188754], [0.1325345732558259, {"__complex__": [86546.328125, -8.580222997724184e-16]}, 203518], [0.13752925400606608, {"__complex__": [85168.1796875, 2.8908184168934675e-15]}, 218972], [0.14252676766757597, {"__complex__": [85262.0234375, 7.411338176941339e-16]}, 235616], [0.14752765036864637, {"__complex__": [85308.3828125, -1.3117469858535315e-15]}, 252378], [0.1525286848661077, {"__complex__": [83936.2890625, -4.854414006866649e-15]}, 269790], [0.15752886830857993, {"__complex__": [84068.7109375, -1.2137806374817569e-15]}, 287734], [0.16252748044061194, {"__complex__": [84407.8359375, -1.1409240514357439e-15]}, 306108], [0.167525319834822, {"__complex__": [84035.484375, 9.17229638087698e-16]}, 325234], [0.17252391199108902, {"__complex__": [83775.7109375, 3.5414940921394073e-15]}, 345154], [0.1775238271607341, {"__complex__": [83520.7578125, 2.0711522571320064e-15]}, 365352], [0.1825240322011136, {"__complex__": [83609.5234375, -1.7324784151501096e-15]}, 386376], [0.1875248371862083, {"__complex__": [83634.015625, -3.889340665665358e-15]}, 407822], [0.19252257888618882, {"__complex__": [83420.5625, -2.186550120041801e-15]}, 429260], [0.19751839774054267, {"__complex__": [83750.078125, 8.046418281562433e-15]}, 452124], [0.20251813739241428, {"__complex__": [83247.578125, -9.176502958251282e-16]}, 475734], [0.20751792738656075, {"__complex__": [83169.3125, -1.7493787341510826e-16]}, 499100], [0.2125185160024043, {"__complex__": [82807.8125, -6.108580328240544e-16]}, 524086], [0.21752029963512148, {"__complex__": [83099.2890625, 2.029115494267433e-15]}, 548624], [0.22252091208602812, {"__complex__": [82816.359375, 4.054644280459277e-16]}, 574232], [0.2275205518129725, {"__complex__": [82705.0, -3.964973931591589e-15]}, 600064], [0.23251900958101845, {"__complex__": [82637.2421875, -4.040353934666591e-15]}, 626686], [0.23751809280606642, {"__complex__": [82218.3671875, 1.4016099817771611e-15]}, 654084], [0.24251744143604287, {"__complex__": [82361.359375, 1.3657759353062127e-15]}, 681900], [0.24751756368870598, {"__complex__": [82757.8515625, -1.6385354732777928e-16]}, 710484], [0.25251765979734214, {"__complex__": [82776.4921875, 2.3621832486879274e-16]}, 739244], [0.2575156752599197, {"__complex__": [82515.375, -2.764421619405339e-15]}, 768544], [0.26251521341449024, {"__complex__": [82484.625, -8.375014443175253e-16]}, 799268], [0.26751668618989866, {"__complex__": [82353.6796875, 5.364044085076408e-15]}, 830136], [0.2725169622878955, {"__complex__": [82150.671875, 2.991585056188865e-15]}, 860978], [0.277511394384573, {"__complex__": [81786.390625, -1.168332449422117e-15]}, 890553]]}, "attrs": {"poles": [0], "dk": 0.005, "kmin": 0.0, "kmax": null, "Nmesh": {"__dtype__": "<i8", "__shape__": [3], "__data__": [512, 512, 512]}, "BoxSize": {"__dtype__": "<f8", "__shape__": [3], "__data__": [2667.0, 5791.0, 2964.0]}, "BoxPad": {"__dtype__": "<f8", "__shape__": [3], "__data__": [0.1, 0.1, 0.1]}, "BoxCenter": {"__dtype__": "<f8", "__shape__": [3], "__data__": [2582.2539259675746, 43.12176839070935, 890.7152919966425]}, "mesh.resampler": "tsc", "mesh.interlaced": true, "alpha": 0.05293526500463486, "data.norm": 0.9961370344747196, "randoms.norm": 0.9958248226917252, "shotnoise": 81089.02195754422, "first.data.N": 125599, "first.data.W": 135267.984375, "first.data.W2": 120930.19120518281, "first.data.num_per_cell": 0.0009010001361756236, "first.randoms.N": 2426082, "first.randoms.W": 2555347.25, "first.randoms.W2": 2284326.7577363835, "first.randoms.num_per_cell": 0.017019560618224617, "first.data.ext": 1, "first.randoms.ext": 1, "second.data.N": 125599, "second.data.W": 135267.984375, "second.data.W2": 72350.7578125, "second.data.num_per_cell": 0.0005390551523305476, "second.randoms.N": 2426082, "second.randoms.W": 2555347.25, "second.randoms.W2": 1366200.875, "second.randoms.num_per_cell": 0.010178989730775356, "second.data.ext": 1, "second.randoms.ext": 1}}, "attrs": {"poles": [0], "dk": 0.005, "kmin": 0.0, "kmax": null, "Nmesh": {"__dtype__": "<i8", "__shape__": [3], "__data__": [512, 512, 512]}, "BoxSize": {"__dtype__": "<f8", "__shape__": [3], "__data__": [2667.0, 5791.0, 2964.0]}, "BoxPad": {"__dtype__": "<f8", "__shape__": [3], "__data__": [0.1, 0.1, 0.1]}, "BoxCenter": {"__dtype__": "<f8", "__shape__": [3], "__data__": [2582.2539259675746, 43.12176839070935, 890.7152919966425]}, "mesh.resampler": "tsc", "mesh.interlaced": true, "alpha": 0.05293526500463486, "data.norm": 0.9961370344747196,