{"poles": {"dims": ["k"], "edges": [{"__dtype__": "<f8", "__shape__": [46], "__data__": [0.0, 0.005, 0.01, 0.015, 0.02, 0.025, 0.03, 0.035, 0.04, 0.045, 0.05, 0.055, 0.06, 0.065, 0.07, 0.075, 0.08, 0.085, 0.09, 0.095, 0.1, 0.105, 0.11, 0.115, 0.12, 0.125, 0.13, 0.135, 0.14, 0.145, 0.15, 0.155, 0.16, 0.165, 0.17, 0.17500000000000002, 0.18, 0.185, 0.19, 0.195, 0.2, 0.20500000000000002, 0.21, 0.215, 0.22, 0.225]}], "coords": [{"__dtype__": "<f8", "__shape__": [45], "__data__": [0.0025, 0.0075, 0.0125, 0.0175, 0.0225, 0.0275, 0.0325, 0.037500000000000006, 0.042499999999999996, 0.0475, 0.052500000000000005, 0.057499999999999996, 0.0625, 0.0675, 0.07250000000000001, 0.0775, 0.0825, 0.0875, 0.0925, 0.0975, 0.10250000000000001, 0.1075, 0.1125, 0.1175, 0.1225, 0.1275, 0.1325, 0.1375, 0.14250000000000002, 0.1475, 0.1525, 0.1575, 0.1625, 0.1675, 0.17250000000000001, 0.1775, 0.1825, 0.1875, 0.1925, 0.1975, 0.2025, 0.20750000000000002, 0.2125, 0.2175, 0.2225]}], "data": {"__dtype__": [["k", "<f8"], ["power_0", "<c8"], ["modes", "<i8"]], "__shape__": [45], "__data__": [[0.0038162174409343873, {"__complex__": [-178533.390625, 1.5684698548637521e-12]}, 167], [0.008053645706985956, {"__complex__": [-160744.78125, 5.379636013459581e-14]}, 1082], [0.012822849445997568, {"__complex__": [-150367.875, 3.3161201649228866e-13]}, 2984], [0.01772084203750581, {"__complex__": [-138874.390625, 2.2178187563358376e-13]}, 5774], [0.022662054803036357, {"__complex__": [-135630.890625, 4.574156215608619e-15]}, 9544], [0.027647461829013512, {"__complex__": [-126549.4296875, -3.745796872006192e-14]}, 14374], [0.032640763650629, {"__complex__": [-126722.1015625, 4.669219655015211e-14]}, 19946], [0.03761296273681222, {"__complex__": [-123406.609375, -1.0476144149222655e-14]}, 26392], [0.04260440106431116, {"__complex__": [-114357.59375, -6.967110943072521e-14]}, 34254], [0.047596289568743705, {"__complex__": [-114785.0546875, -2.063320929314872e-14]}, 42316], [0.05257853490290329, {"__complex__": [-112658.9140625, -4.47802898752357e-15]}, 51994], [0.057577354415983384, {"__complex__": [-107976.1015625, -1.7742251962851903e-14]}, 62334], [0.06257067016514717, {"__complex__": [-107932.0546875, 1.1288230211139137e-14]}, 73480], [0.06756150171906374, {"__complex__": [-104993.6015625, 1.9669792324875784e-14]}, 85818], [0.07255636574910743, {"__complex__": [-103164.40625, -3.5308754753543906e-15]}, 98912], [0.07755541279429244, {"__complex__": [-102175.1484375, 1.284529022049525e-14]}, 113286], [0.08255203292257282, {"__complex__": [-100218.65625, 5.0021429056149036e-15]}, 128002], [0.0875488025425295, {"__complex__": [-99393.625, 1.2102390868501682e-15]}, 144288], [0.09254250352158305, {"__complex__": [-97174.0859375, 7.240569452632176e-16]}, 160782], [0.09753841658294306, {"__complex__": [-95724.8046875, -2.2747522961141017e-15]}, 179120], [0.10253878255359955, {"__complex__": [-95632.796875, 3.236276145749924e-15]}, 197846], [0.10753809333188714, {"__complex__": [-94165.515625, -4.010817895795833e-15]}, 217690], [0.11253671059068986, {"__complex__": [-94082.6875, -2.1693919853875074e-15]}, 238128], [0.11753522447329255, {"__complex__": [-94283.0546875, 6.713324794888672e-16]}, 260114], [0.12253457273158434, {"__complex__": [-93890.7734375, -2.164114123093166e-15]}, 282416], [0.1275336918300115, {"__complex__": [-92828.1875, 8.648221638059457e-15]}, 306242], [0.13253008441219222, {"__complex__": [-92092.421875, 0.0]}, 330002], [0.1375288477152351, {"__complex__": [-91658.9921875, 3.7562180030595565e-15]}, 356416], [0.14252959254741138, {"__complex__": [-92526.40625, -1.2186704528071375e-15]}, 382106], [0.147527241091955, {"__complex__": [-91287.9296875, -1.7838629065656392e-14]}, 409508], [0.15252772874334822, {"__complex__": [-90313.6953125, 7.439527645184199e-15]}, 438150], [0.15752682496401554, {"__complex__": [-90281.4375, -9.666891624272975e-16]}, 466654], [0.16252531525926397, {"__complex__": [-89775.1484375, -1.8726075225373616e-15]}, 497340], [0.16752630857128087, {"__complex__": [-90624.375, 9.915563556927892e-16]}, 528330], [0.17252664828595904, {"__complex__": [-88996.203125, -7.559153261291977e-15]}, 560196], [0.17752343085564484, {"__complex__": [-89245.8671875, -1.5714970506673512e-15]}, 592634], [0.18252380786531583, {"__complex__": [-88809.4453125, -2.874562372328e-15]}, 627726], [0.18752538959596768, {"__complex__": [-88185.03125, 2.8481849193175536e-15]}, 661640], [0.19252279376270945, {"__complex__": [-88372.0390625, 6.010204439438772e-15]}, 697306], [0.19751945339285934, {"__complex__": [-88507.7578125, 3.3119951737620645e-15]}, 733748], [0.20251871590867135, {"__complex__": [-88215.9375, -1.6953643960167415e-15]}, 772502], [0.20752012890183413, {"__complex__": [-87443.6953125, -1.7236202504668425e-15]}, 810494], [0.21251922371428839, {"__complex__": [-87070.6484375, -5.2048904059355874e-15]}, 849928], [0.21751808629497846, {"__complex__": [-87549.515625, -4.150285682209516e-15]}, 890586], [0.22251723061143747, {"__complex__": [-87350.0703125, -4.296494580333923e-15]}, 931405]]}, "attrs": {"poles": [0], "dk": 0.005, "kmin": 0.0, "kmax": null, "Nmesh": {"__dtype__": "<i8", "__shape__": [3], "__data__": [512, 512, 512]}, "BoxSize": {"__dtype__": "<f8", "__shape__": [3], "__data__": [3422.0, 7191.0, 3020.0]}, "BoxPad": {"__dtype__": "<f8", "__shape__": [3], "__data__": [0.1, 0.1, 0.1]}, "BoxCenter": {"__dtype__": "<f8", "__shape__": [3], "__data__": [-1749.584535619164, 33.23086629449176, 1911.4120610206915]}, "mesh.resampler": "tsc", "mesh.interlaced": true, "alpha": 0.05687530338764191, "data.norm": -1.43454486624638, "randoms.norm": -1.4349252787341065, "shotnoise": 59195.197023902554, "first.data.N": 219468, "first.data.W": 232147.453125, "first.data.W2": 200407.87932320643, "first.data.num_per_cell": 0.001493155057156134, "first.randoms.N": 3948430, "first.randoms.W": 4081691.75, "first.randoms.W2": 3523429.738563887, "first.randoms.num_per_cell": 0.02625159724476849, "first.data.ext": 1, "first.randoms.ext": 1, "second.data.N": 219468, "second.data.W": 232147.453125, "second.data.W2": -94789.2890625, "second.data.num_per_cell": -0.0007062352378852665, "second.randoms.N": 3948430, "second.randoms.W": 4081691.75, "second.randoms.W2": -1667052.125, "second.randoms.num_per_cell": -0.012420506216585636, "second.data.ext": 1, "second.randoms.ext": 1}}, "attrs": {"poles": [0], "dk": 0.005, "kmin": 0.0, "kmax": null, "Nmesh": {"__dtype__": "<i8", "__shape__": [3], "__data__": [512, 512, 512]}, "BoxSize": {"__dtype__": "<f8", "__shape__": [3], "__data__": [3422.0, 7191.0, 3020.0]}, "BoxPad": {"__dtype__": "<f8", "__shape__": [3], "__data__": [0.1, 0.1, 0.1]}, "BoxCenter": {"__dtype__": "<f8", "__shape__": [3], "__data__": [-1749.584535619164, 33.23086629449176, 1911.4120610206915]}, "mesh.resampler": "tsc", "mesh.interlaced": true, "alpha": 0.05687530338764191, "data.norm": -1.43454486624638, "randoms.norm": -1.4349252787341065, "shotnoise": 59195.197023902554, "first.data.N": 219468, "first.data.W": 232147.453125, "first.data.W2": 200407.87932320643, "first.data.num_per_cell": 0.001493155057156134, "first.randoms.N": 3948430, "first.randoms.W": 4081691.75, "first.randoms.W2": 3523429.738563887, "first.randoms.num_per_cell": 0.02625159724476849, "first.data.ext": 1, "first.randoms.ext": 1, "second.data.N": 219468, "second.data.W": 232147.453125, "second.data.W2": -94789.2890625, "second.data.num_per_cell": -0.0007062352378852665, "second.randoms.N": 3948430, "second.randoms.W": 4081691.75, "second.randoms.W2": -1667052.125, "second.randoms.num_per_cell": -0.012420506216585636, "second.data.ext": 1, "second.randoms.ext": 1, "p": 3.0, "zmin": 0.8, "zmax": 2.2, "P0_FKP": 30000.0, "z-weighted": true, "hashkeys": ["Nmesh", "P0_FKP", "dk", "kmin", "mesh.window", "mesh.interlaced", "poles", "p", "BoxPad", "zmin", "zmax", "z-weighted"]}}