{"poles": {"dims": ["k"], "edges": [{"__dtype__": "<f8", "__shape__": [46], "__data__": [0.0, 0.005, 0.01, 0.015, 0.02, 0.025, 0.03, 0.035, 0.04, 0.045, 0.05, 0.055, 0.06, 0.065, 0.07, 0.075, 0.08, 0.085, 0.09, 0.095, 0.1, 0.105, 0.11, 0.115, 0.12, 0.125, 0.13, 0.135, 0.14, 0.145, 0.15, 0.155, 0.16, 0.165, 0.17, 0.17500000000000002, 0.18, 0.185, 0.19, 0.195, 0.2, 0.20500000000000002, 0.21, 0.215, 0.22, 0.225]}], "coords": [{"__dtype__": "<f8", "__shape__": [45], "__data__": [0.0025, 0.0075, 0.0125, 0.0175, 0.0225, 0.0275, 0.0325, 0.037500000000000006, 0.042499999999999996, 0.0475, 0.052500000000000005, 0.057499999999999996, 0.0625, 0.0675, 0.07250000000000001, 0.0775, 0.0825, 0.0875, 0.0925, 0.0975, 0.10250000000000001, 0.1075, 0.1125, 0.1175, 0.1225, 0.1275, 0.1325, 0.1375, 0.14250000000000002, 0.1475, 0.1525, 0.1575, 0.1625, 0.1675, 0.17250000000000001, 0.1775, 0.1825, 0.1875, 0.1925, 0.1975, 0.2025, 0.20750000000000002, 0.2125, 0.2175, 0.2225]}], "data": {"__dtype__": [["k", "<f8"], ["power_0", "<c8"], ["modes", "<i8"]], "__shape__": [45], "__data__": [[0.003814704391454652, {"__complex__": [105651.0625, 1.7427444036488549e-13]}, 167], [0.00805032924221713, {"__complex__": [127665.234375, -2.1518544053838323e-13]}, 1082], [0.0128148389950242, {"__complex__": [105267.5234375, 9.766386104784891e-14]}, 2980], [0.017722856242694516, {"__complex__": [111181.015625, 5.513987974981732e-14]}, 5806], [0.02266742439055589, {"__complex__": [109580.7109375, -3.335321995261327e-14]}, 9544], [0.027646763190495006, {"__complex__": [102429.6953125, -5.667737329809186e-14]}, 14378], [0.0326332867750302, {"__complex__": [104991.1796875, 5.4772338601476525e-14]}, 19926], [0.03761561515118722, {"__complex__": [100493.3203125, 7.121476090852629e-15]}, 26564], [0.04260623753358514, {"__complex__": [94265.0234375, 2.0458435902944057e-14]}, 34142], [0.0475888932464936, {"__complex__": [93610.359375, 5.494398644010582e-15]}, 42376], [0.052573800414623624, {"__complex__": [89236.0390625, 0.0]}, 52068], [0.05757395069179792, {"__complex__": [87072.7890625, 1.095636354943785e-14]}, 62424], [0.0625704703827926, {"__complex__": [89876.9296875, -4.743385351657029e-15]}, 73628], [0.06756322885349458, {"__complex__": [87472.671875, -5.080621355210962e-15]}, 85926], [0.07255468565000252, {"__complex__": [86283.3125, 7.504020733788141e-15]}, 98900], [0.07755422780258156, {"__complex__": [85814.7421875, 0.0]}, 113574], [0.08255341683950429, {"__complex__": [84561.46875, 7.155004196003796e-15]}, 128130], [0.08754919785416261, {"__complex__": [82340.0625, -1.6372542300659523e-15]}, 144430], [0.09254455770932137, {"__complex__": [81337.4765625, 0.0]}, 161124], [0.09753973972105667, {"__complex__": [80308.8125, -1.786866400693308e-15]}, 179164], [0.10253962035455819, {"__complex__": [80418.8203125, 3.633977596243605e-15]}, 198218], [0.1075360686829285, {"__complex__": [79195.953125, -5.4179390974443044e-15]}, 217556], [0.11253499702583568, {"__complex__": [78231.1953125, 7.767275715058581e-16]}, 238870], [0.11753663461859676, {"__complex__": [78773.84375, -6.835205636218514e-15]}, 260266], [0.12253250049881015, {"__complex__": [78717.2109375, 5.768805555185453e-15]}, 282522], [0.12753090694908356, {"__complex__": [78506.8671875, 4.435402477969471e-15]}, 306760], [0.13253055729854693, {"__complex__": [78067.1796875, 9.681971987107654e-16]}, 330658], [0.13753027293294204, {"__complex__": [77029.6015625, 2.161967106330113e-15]}, 356736], [0.14253049119081493, {"__complex__": [76711.078125, 2.7005184892491593e-15]}, 382588], [0.14752657250496007, {"__complex__": [76474.359375, 2.2018547348492653e-15]}, 409754], [0.15252655396410864, {"__complex__": [76045.78125, -1.8237560355049927e-16]}, 438850], [0.1575269093179628, {"__complex__": [75412.28125, 4.484718430224511e-15]}, 467248], [0.16252578139999113, {"__complex__": [76317.234375, -4.675614457305449e-16]}, 497968], [0.1675261011972427, {"__complex__": [75366.5703125, -2.586429927517583e-15]}, 528868], [0.17252546002015648, {"__complex__": [75172.4453125, 3.1143523174980087e-15]}, 560704], [0.17752299978433575, {"__complex__": [75183.078125, 1.838353298392161e-15]}, 593680], [0.1825225512397343, {"__complex__": [75207.59375, 1.8538652774530249e-16]}, 627960], [0.18752319850157448, {"__complex__": [75055.9140625, -3.5353226100857124e-15]}, 662700], [0.19252235498062442, {"__complex__": [74509.1171875, 3.750665596211186e-16]}, 698368], [0.1975208322354327, {"__complex__": [74856.65625, -6.732560913120817e-16]}, 734884], [0.20251978368848714, {"__complex__": [74572.4453125, 3.7643480899850993e-16]}, 773144], [0.20752061919732773, {"__complex__": [74195.2421875, 4.706358047521636e-16]}, 811642], [0.21252074597707712, {"__complex__": [74389.515625, -4.821538117084868e-15]}, 851106], [0.2175189295302629, {"__complex__": [74017.9296875, -7.837251753809219e-16]}, 891246], [0.22251687917669596, {"__complex__": [74101.1953125, -3.4325006982833617e-16]}, 932679]]}, "attrs": {"poles": [0], "dk": 0.005, "kmin": 0.0, "kmax": null, "Nmesh": {"__dtype__": "<i8", "__shape__": [3], "__data__": [512, 512, 512]}, "BoxSize": {"__dtype__": "<f8", "__shape__": [3], "__data__": [3429.0, 7185.0, 3020.0]}, "BoxPad": {"__dtype__": "<f8", "__shape__": [3], "__data__": [0.1, 0.1, 0.1]}, "BoxCenter": {"__dtype__": "<f8", "__shape__": [3], "__data__": [-1751.0490767794627, 33.860026615401466, 1912.6085711293404]}, "mesh.resampler": "tsc", "mesh.interlaced": true, "alpha": 0.05689273029565811, "data.norm": 1.744528226549531, "randoms.norm": 1.7432627881595053, "shotnoise": 72631.98623935491, "first.data.N": 220324, "first.data.W": 233013.34375, "first.data.W2": 200928.1884646142, "first.data.num_per_cell": 0.0014970316623495088, "first.randoms.N": 3966332, "first.randoms.W": 4095661.0, "first.randoms.W2": 3531286.130286519, "first.randoms.num_per_cell": 0.026310131924498967, "first.data.ext": 1, "first.randoms.ext": 1, "second.data.N": 220324, "second.data.W": 233013.34375, "second.data.W2": 119344.6015625, "second.data.num_per_cell": 0.0008891865727491677, "second.randoms.N": 3966332, "second.randoms.W": 4095661.0, "second.randoms.W2": 2096061.5, "second.randoms.num_per_cell": 0.015616875141859055, "second.data.ext": 1, "second.randoms.ext": 1}}, "attrs": {"poles": [0], "dk": 0.005, "kmin": 0.0, "kmax": null, "Nmesh": {"__dtype__": "<i8", "__shape__": [3], "__data__": [512, 512, 512]}, "BoxSize": {"__dtype__": "<f8", "__shape__": [3], "__data__": [3429.0, 7185.0, 3020.0]}, "BoxPad": {"__dtype__": "<f8", "__shape__": [3], "__data__": [0.1, 0.1, 0.1]}, "BoxCenter": {"__dtype__": "<f8", "__shape__": [3], "__data__": [-1751.0490767794627, 33.860026615401466, 1912.6085711293404]}, "mesh.resampler": "tsc", "mesh.interlaced": true, "alpha": 0.05689273029565811, "data.norm": 1.744528226549531, "randoms.norm": 1.7432627881595053, "shotnoise": 72631.98623935491, "first.data.N": 220324, "first.data.W": 233013.34375, "first.data.W2": 200928.1884646142, "first.data.num_per_cell": 0.0014970316623495088, "first.randoms.N": 3966332, "first.randoms.W": 4095661.0, "first.randoms.W2": 3531286.130286519, "first.randoms.num_per_cell": 0.026310131924498967, "first.data.ext": 1, "first.randoms.ext": 1, "second.data.N": 220324, "second.data.W": 233013.34375, "second.data.W2": 119344.6015625, "second.data.num_per_cell": 0.0008891865727491677, "second.randoms.N": 3966332, "second.randoms.W": 4095661.0, "second.randoms.W2": 2096061.5, "second.randoms.num_per_cell": 0.015616875141859055, "second.data.ext": 1, "second.randoms.ext": 1, "p": 1.6, "zmin": 0.8, "zmax": 2.2, "P0_FKP": 30000.0, "z-weighted": true, "hashkeys": ["Nmesh", "P0_FKP", "dk", "kmin", "mesh.window", "mesh.interlaced", "poles", "p", "BoxPad", "zmin", "zmax", "z-weighted"]}}