{"poles": {"dims": ["k"], "edges": [{"__dtype__": "<f8", "__shape__": [57], "__data__": [0.0, 0.005, 0.01, 0.015, 0.02, 0.025, 0.03, 0.035, 0.04, 0.045, 0.05, 0.055, 0.06, 0.065, 0.07, 0.075, 0.08, 0.085, 0.09, 0.095, 0.1, 0.105, 0.11, 0.115, 0.12, 0.125, 0.13, 0.135, 0.14, 0.145, 0.15, 0.155, 0.16, 0.165, 0.17, 0.17500000000000002, 0.18, 0.185, 0.19, 0.195, 0.2, 0.20500000000000002, 0.21, 0.215, 0.22, 0.225, 0.23, 0.23500000000000001, 0.24, 0.245, 0.25, 0.255, 0.26, 0.265, 0.27, 0.275, 0.28]}], "coords": [{"__dtype__": "<f8", "__shape__": [56], "__data__": [0.0025, 0.0075, 0.0125, 0.0175, 0.0225, 0.0275, 0.0325, 0.037500000000000006, 0.042499999999999996, 0.0475, 0.052500000000000005, 0.057499999999999996, 0.0625, 0.0675, 0.07250000000000001, 0.0775, 0.0825, 0.0875, 0.0925, 0.0975, 0.10250000000000001, 0.1075, 0.1125, 0.1175, 0.1225, 0.1275, 0.1325, 0.1375, 0.14250000000000002, 0.1475, 0.1525, 0.1575, 0.1625, 0.1675, 0.17250000000000001, 0.1775, 0.1825, 0.1875, 0.1925, 0.1975, 0.2025, 0.20750000000000002, 0.2125, 0.2175, 0.2225, 0.2275, 0.2325, 0.2375, 0.2425, 0.2475, 0.2525, 0.2575, 0.2625, 0.2675, 0.2725, 0.2775]}], "data": {"__dtype__": [["k", "<f8"], ["power_0", "<c8"], ["modes", "<i8"]], "__shape__": [56], "__data__": [[0.003818856105470964, {"__complex__": [101958.0234375, 2.881567380541572e-12]}, 101], [0.008108292880172533, {"__complex__": [117537.6484375, 0.0]}, 690], [0.01289223014239636, {"__complex__": [121349.3671875, 1.734247782273629e-13]}, 1846], [0.017784065147248736, {"__complex__": [122356.640625, 1.9884101147300132e-13]}, 3586], [0.02269675355671295, {"__complex__": [114273.84375, -7.981853025751384e-14]}, 5834], [0.027641458674620898, {"__complex__": [119734.921875, 0.0]}, 8778], [0.03262550127541381, {"__complex__": [113645.203125, -2.8380137053352766e-14]}, 12306], [0.037618173757444424, {"__complex__": [104431.03125, -3.473223363645653e-14]}, 16340], [0.042613098179253815, {"__complex__": [103149.6484375, 2.4939014883155336e-14]}, 21006], [0.04759860682791888, {"__complex__": [99526.3203125, -2.4511303902373383e-14]}, 26122], [0.05257682637009406, {"__complex__": [98064.6953125, -3.19762073841079e-15]}, 31856], [0.05756631950558829, {"__complex__": [98115.5859375, 1.554367799836559e-14]}, 38384], [0.06255948221614736, {"__complex__": [96600.703125, 6.433776393723967e-16]}, 45236], [0.06755852055491292, {"__complex__": [95089.9765625, 6.322616871923996e-15]}, 52936], [0.07256018760522198, {"__complex__": [94776.3125, 5.370150769109638e-15]}, 60970], [0.07755481087804021, {"__complex__": [93011.4921875, 2.301458821424556e-15]}, 69552], [0.08254890716719808, {"__complex__": [91303.8984375, 7.380015957343059e-16]}, 78872], [0.08754589100415694, {"__complex__": [90242.3671875, 9.055610604370885e-15]}, 88784], [0.09254329165667152, {"__complex__": [89698.875, 1.1741570714839111e-15]}, 99148], [0.0975423032176791, {"__complex__": [88990.40625, 2.639276577794575e-16]}, 110272], [0.10254612830738187, {"__complex__": [89093.6015625, -1.6100945421287168e-15]}, 122012], [0.10754433911402257, {"__complex__": [88079.3203125, 5.8765718629987234e-15]}, 133718], [0.11253835067140124, {"__complex__": [86507.0859375, 5.95170368542018e-15]}, 146700], [0.11753887528969631, {"__complex__": [86335.75, 5.3605242396640926e-15]}, 160164], [0.12253480899557674, {"__complex__": [86860.03125, -3.436720987003497e-15]}, 173604], [0.12752871550417105, {"__complex__": [86011.5078125, 1.544740073956976e-16]}, 188406], [0.13252725667349016, {"__complex__": [85235.6796875, 2.860973952150791e-16]}, 203454], [0.137525788224148, {"__complex__": [85138.953125, -1.8599073222844674e-15]}, 219072], [0.14252807148428018, {"__complex__": [84512.0234375, 1.9755518835401498e-15]}, 235712], [0.14753084827481422, {"__complex__": [84475.640625, 3.5057416784687505e-15]}, 252166], [0.15252878881579818, {"__complex__": [83788.671875, -7.778479737489269e-15]}, 269394], [0.15752660684189998, {"__complex__": [84290.6015625, -1.97368311710027e-15]}, 287546], [0.16252355637725197, {"__complex__": [82965.9609375, -6.6639673380192166e-15]}, 305714], [0.16752410732657164, {"__complex__": [84136.8046875, -2.7709590196922478e-15]}, 325598], [0.1725225414581458, {"__complex__": [83957.515625, 7.395897825104077e-16]}, 344324], [0.1775217450077782, {"__complex__": [83305.8828125, 1.5919391320581497e-15]}, 365640], [0.18252546734894845, {"__complex__": [82664.46875, 1.3188182286554473e-15]}, 386192], [0.18752433118050463, {"__complex__": [82381.34375, 3.707355636947771e-15]}, 407234], [0.1925214541343683, {"__complex__": [82683.765625, -3.898663957315786e-15]}, 429242], [0.19751974487458968, {"__complex__": [82723.2578125, -1.3840268483415828e-15]}, 452110], [0.2025198928406497, {"__complex__": [82807.7109375, 1.806474154631061e-15]}, 475270], [0.2075190002100953, {"__complex__": [82184.0078125, 2.392054077331087e-15]}, 498842], [0.2125186472267843, {"__complex__": [81943.59375, 1.9456215508324454e-15]}, 523552], [0.2175189130368404, {"__complex__": [81292.1953125, -1.1946251991378377e-15]}, 548152], [0.2225182898921135, {"__complex__": [81651.5078125, 1.9844810931118678e-15]}, 573796], [0.22751759458645276, {"__complex__": [81797.5390625, -8.492439017699811e-17]}, 599730], [0.23251702796966506, {"__complex__": [81327.3515625, -1.4808313851470798e-15]}, 626462], [0.2375198303618218, {"__complex__": [81732.4921875, 2.6677511785033043e-16]}, 654570], [0.24252077630562754, {"__complex__": [81577.5625, 1.6665825341063956e-15]}, 681064], [0.24751798770004735, {"__complex__": [81220.6328125, -2.29658732318666e-15]}, 709668], [0.25251625660546595, {"__complex__": [81864.859375, 2.3540667672291e-15]}, 738702], [0.2575149622270585, {"__complex__": [81481.8515625, 3.1060571120873105e-15]}, 768342], [0.26251424302197324, {"__complex__": [81093.0390625, -7.289917592139211e-16]}, 798468], [0.26751555753328965, {"__complex__": [80813.390625, -2.4809520909695572e-15]}, 829962], [0.27251669783837984, {"__complex__": [80893.4140625, -1.9450271454617097e-15]}, 860384], [0.2775132346943891, {"__complex__": [81172.671875, 7.943711089784876e-16]}, 890751]]}, "attrs": {"poles": [0], "dk": 0.005, "kmin": 0.0, "kmax": null, "Nmesh": {"__dtype__": "<i8", "__shape__": [3], "__data__": [512, 512, 512]}, "BoxSize": {"__dtype__": "<f8", "__shape__": [3], "__data__": [2660.0, 5795.0, 2968.0]}, "BoxPad": {"__dtype__": "<f8", "__shape__": [3], "__data__": [0.1, 0.1, 0.1]}, "BoxCenter": {"__dtype__": "<f8", "__shape__": [3], "__data__": [2585.2331224876834, 46.89329058279236, 890.7372047891625]}, "mesh.resampler": "tsc", "mesh.interlaced": true, "alpha": 0.05315229296684265, "data.norm": 1.0083587976466355, "randoms.norm": 1.0086983635337445, "shotnoise": 80355.13025086338, "first.data.N": 126373, "first.data.W": 135897.6875, "first.data.W2": 121387.24726005351, "first.data.num_per_cell": 0.0009044054691497498, "first.randoms.N": 2432865, "first.randoms.W": 2556760.5, "first.randoms.W2": 2283864.8319957936, "first.randoms.num_per_cell": 0.01701611900326456, "first.data.ext": 1, "first.randoms.ext": 1, "second.data.N": 126373, "second.data.W": 135897.6875, "second.data.W2": 72830.4453125, "second.data.num_per_cell": 0.0005426291027106345, "second.randoms.N": 2432865, "second.randoms.W": 2556760.5, "second.randoms.W2": 1370625.875, "second.randoms.num_per_cell": 0.010211958549916744, "second.data.ext": 1, "second.randoms.ext": 1}}, "attrs": {"poles": [0], "dk": 0.005, "kmin": 0.0, "kmax": null, "Nmesh": {"__dtype__": "<i8", "__shape__": [3], "__data__": [512, 512, 512]}, "BoxSize": {"__dtype__": "<f8", "__shape__": [3], "__data__": [2660.0, 5795.0, 2968.0]}, "BoxPad": {"__dtype__": "<f8", "__shape__": [3], "__data__": [0.1, 0.1, 0.1]}, "BoxCenter": {"__dtype__": "<f8", "__shape__": [3], "__data__": [2585.2331224876834, 46.89329058279236, 890.7372047891625]}, "mesh.resampler": "tsc", "mesh.interlaced": true, "alpha": 0.05315229296684265, "data.norm": 1.0083587976466355, "randoms.norm": 1.0086983635337445,