{"poles": {"dims": ["k"], "edges": [{"__dtype__": "<f8", "__shape__": [57], "__data__": [0.0, 0.005, 0.01, 0.015, 0.02, 0.025, 0.03, 0.035, 0.04, 0.045, 0.05, 0.055, 0.06, 0.065, 0.07, 0.075, 0.08, 0.085, 0.09, 0.095, 0.1, 0.105, 0.11, 0.115, 0.12, 0.125, 0.13, 0.135, 0.14, 0.145, 0.15, 0.155, 0.16, 0.165, 0.17, 0.17500000000000002, 0.18, 0.185, 0.19, 0.195, 0.2, 0.20500000000000002, 0.21, 0.215, 0.22, 0.225, 0.23, 0.23500000000000001, 0.24, 0.245, 0.25, 0.255, 0.26, 0.265, 0.27, 0.275, 0.28]}], "coords": [{"__dtype__": "<f8", "__shape__": [56], "__data__": [0.0025, 0.0075, 0.0125, 0.0175, 0.0225, 0.0275, 0.0325, 0.037500000000000006, 0.042499999999999996, 0.0475, 0.052500000000000005, 0.057499999999999996, 0.0625, 0.0675, 0.07250000000000001, 0.0775, 0.0825, 0.0875, 0.0925, 0.0975, 0.10250000000000001, 0.1075, 0.1125, 0.1175, 0.1225, 0.1275, 0.1325, 0.1375, 0.14250000000000002, 0.1475, 0.1525, 0.1575, 0.1625, 0.1675, 0.17250000000000001, 0.1775, 0.1825, 0.1875, 0.1925, 0.1975, 0.2025, 0.20750000000000002, 0.2125, 0.2175, 0.2225, 0.2275, 0.2325, 0.2375, 0.2425, 0.2475, 0.2525, 0.2575, 0.2625, 0.2675, 0.2725, 0.2775]}], "data": {"__dtype__": [["k", "<f8"], ["power_0", "<c8"], ["modes", "<i8"]], "__shape__": [56], "__data__": [[0.003823141505988146, {"__complex__": [55290.33203125, 7.20391845135393e-13]}, 101], [0.008106102708279562, {"__complex__": [105040.5859375, -2.3599134799101584e-13]}, 686], [0.012872314320163381, {"__complex__": [119304.9140625, -3.506485466570064e-13]}, 1826], [0.017770104434418763, {"__complex__": [117425.53125, 8.927555146965443e-14]}, 3586], [0.022700995483394003, {"__complex__": [120967.2578125, 2.993194884656769e-14]}, 5834], [0.027641994812686838, {"__complex__": [113059.3984375, 5.8421315033633636e-15]}, 8718], [0.03261846634193776, {"__complex__": [106750.4765625, 2.8481974130535256e-14]}, 12262], [0.03761312070266488, {"__complex__": [101361.0703125, 2.1213355711250347e-14]}, 16292], [0.042606029060938654, {"__complex__": [97798.15625, 1.723088292600143e-14]}, 20902], [0.047596350525543465, {"__complex__": [99934.0390625, 2.646917312610665e-14]}, 26114], [0.05257938980903912, {"__complex__": [97826.953125, 1.6511250510277756e-14]}, 31728], [0.05756055860219372, {"__complex__": [97092.2109375, -1.5445869409880242e-14]}, 38156], [0.06255819006606324, {"__complex__": [94427.1171875, -5.385430396445158e-15]}, 45260], [0.06756196636385332, {"__complex__": [94314.4140625, -1.3811613358810215e-16]}, 52680], [0.0725632181889007, {"__complex__": [92994.6015625, -1.2314299665421632e-14]}, 60858], [0.07755927079796757, {"__complex__": [90001.8203125, 1.575246336129254e-15]}, 69284], [0.08254724237229327, {"__complex__": [88690.9765625, 5.0066478503448756e-15]}, 78476], [0.0875405407483386, {"__complex__": [88760.1171875, -5.385639190066656e-15]}, 88490], [0.09254126805555515, {"__complex__": [88525.4375, 7.94238230684887e-15]}, 98938], [0.09754410395291298, {"__complex__": [87279.8046875, 2.4814325704088872e-15]}, 109956], [0.10254689027512356, {"__complex__": [86757.640625, -2.395219386515417e-16]}, 121508], [0.10754032150101, {"__complex__": [85968.0859375, -2.404227634849026e-15]}, 133158], [0.1125364170257409, {"__complex__": [85306.28125, -9.81384231150094e-16]}, 146426], [0.11753594239033703, {"__complex__": [86003.546875, -6.300953580781494e-15]}, 159354], [0.12252866899454173, {"__complex__": [84278.25, 7.986412138238333e-16]}, 173098], [0.12752923105214045, {"__complex__": [84588.03125, 1.5467267632649813e-16]}, 188164], [0.13253062776122068, {"__complex__": [83796.25, -8.077775758907142e-16]}, 202666], [0.13753007014112134, {"__complex__": [83034.1640625, -5.243003712188479e-16]}, 218570], [0.14252995826599135, {"__complex__": [82797.9765625, 1.3652000587811982e-15]}, 234502], [0.14752740671338205, {"__complex__": [82864.0859375, -2.6061471604637686e-15]}, 251266], [0.15252719414260874, {"__complex__": [82282.703125, 2.734284398900268e-15]}, 268762], [0.15752673008702048, {"__complex__": [82247.3203125, -2.285401829601693e-15]}, 286530], [0.1625280266025494, {"__complex__": [81913.03125, 2.4426361320840353e-15]}, 305320], [0.1675257528825329, {"__complex__": [81671.7421875, -6.745825449074819e-16]}, 323576], [0.17252138798542835, {"__complex__": [81591.0546875, 5.502533548436012e-16]}, 343796], [0.177520178584539, {"__complex__": [80855.6328125, -1.8802784646659333e-15]}, 363744], [0.18252042303999555, {"__complex__": [81269.1484375, -2.6452804532038317e-16]}, 385076], [0.18752293270777465, {"__complex__": [80967.2421875, 3.1517496691522333e-15]}, 406304], [0.1925228411547342, {"__complex__": [80960.984375, 3.4685956838416236e-15]}, 427924], [0.19752309321282885, {"__complex__": [80541.6328125, 2.904896104476834e-15]}, 450850], [0.2025210735312067, {"__complex__": [80610.46875, 1.5224241968681733e-15]}, 473140], [0.20751853943390305, {"__complex__": [80742.7265625, 2.9398931765167767e-15]}, 497456], [0.21251906228817083, {"__complex__": [80668.6640625, 1.598608140089238e-15]}, 521708], [0.21751779383957548, {"__complex__": [80488.6796875, 1.8582047860604863e-15]}, 546224], [0.22251827537807478, {"__complex__": [80047.703125, -1.0680491483022465e-15]}, 572240], [0.22751976836401686, {"__complex__": [80136.40625, 2.2388910387097227e-15]}, 597964], [0.23251848568135292, {"__complex__": [80431.765625, -1.282476915328212e-15]}, 624070], [0.23751754140728334, {"__complex__": [79988.7890625, -1.2503986129453891e-15]}, 651718], [0.24251807478018342, {"__complex__": [79796.5078125, 2.7306283929416815e-15]}, 679466], [0.2475185743852836, {"__complex__": [79725.09375, -2.236481441733021e-15]}, 707594], [0.2525171086223834, {"__complex__": [79685.4609375, -1.9767702874952159e-16]}, 736146], [0.2575145634632959, {"__complex__": [79889.3828125, 2.3570656873788537e-15]}, 765544], [0.2625132303305637, {"__complex__": [79823.078125, 1.1381510773246701e-15]}, 795902], [0.2675134732730621, {"__complex__": [79721.15625, -4.752065533542254e-16]}, 826802], [0.27251605394538725, {"__complex__": [79689.65625, 4.025709701155519e-17]}, 858502], [0.27751434822166343, {"__complex__": [78842.8203125, 6.556046261404615e-17]}, 887847]]}, "attrs": {"poles": [0], "dk": 0.005, "kmin": 0.0, "kmax": null, "Nmesh": {"__dtype__": "<i8", "__shape__": [3], "__data__": [512, 512, 512]}, "BoxSize": {"__dtype__": "<f8", "__shape__": [3], "__data__": [2659.0, 5784.0, 2965.0]}, "BoxPad": {"__dtype__": "<f8", "__shape__": [3], "__data__": [0.1, 0.1, 0.1]}, "BoxCenter": {"__dtype__": "<f8", "__shape__": [3], "__data__": [2585.577827304964, 42.01213333311239, 888.6969937309043]}, "mesh.resampler": "tsc", "mesh.interlaced": true, "alpha": 0.053033243864774704, "data.norm": 1.7690517871717035, "randoms.norm": 1.7690608267983, "shotnoise": 78530.5055333004, "first.data.N": 125879, "first.data.W": 135484.953125, "first.data.W2": 121107.447247007, "first.data.num_per_cell": 0.0009023207966015265, "first.randoms.N": 2428250, "first.randoms.W": 2554717.5, "first.randoms.W2": 2283644.4889991274, "first.randoms.num_per_cell": 0.01701447732000893, "first.data.ext": 1, "first.randoms.ext": 1, "second.data.N": 125879, "second.data.W": 135484.953125, "second.data.W2": 127856.25, "second.data.num_per_cell": 0.0009526032954454422, "second.randoms.N": 2428250, "second.randoms.W": 2554717.5, "second.randoms.W2": 2410935.75, "second.randoms.num_per_cell": 0.017962871119379997, "second.data.ext": 1, "second.randoms.ext": 1}}, "attrs": {"poles": [0], "dk": 0.005, "kmin": 0.0, "kmax": null, "Nmesh": {"__dtype__": "<i8", "__shape__": [3], "__data__": [512, 512, 512]}, "BoxSize": {"__dtype__": "<f8", "__shape__": [3], "__data__": [2659.0, 5784.0, 2965.0]}, "BoxPad": {"__dtype__": "<f8", "__shape__": [3], "__data__": [0.1, 0.1, 0.1]}, "BoxCenter": {"__dtype__": "<f8", "__shape__": [3], "__data__": [2585.577827304964, 42.01213333311239, 888.6969937309043]}, "mesh.resampler": "tsc", "mesh.interlaced": true, "alpha": 0.053033243864774704, "data.norm": 1.7690517871717035,