{"poles": {"dims": ["k"], "edges": [{"__dtype__": "<f8", "__shape__": [46], "__data__": [0.0, 0.005, 0.01, 0.015, 0.02, 0.025, 0.03, 0.035, 0.04, 0.045, 0.05, 0.055, 0.06, 0.065, 0.07, 0.075, 0.08, 0.085, 0.09, 0.095, 0.1, 0.105, 0.11, 0.115, 0.12, 0.125, 0.13, 0.135, 0.14, 0.145, 0.15, 0.155, 0.16, 0.165, 0.17, 0.17500000000000002, 0.18, 0.185, 0.19, 0.195, 0.2, 0.20500000000000002, 0.21, 0.215, 0.22, 0.225]}], "coords": [{"__dtype__": "<f8", "__shape__": [45], "__data__": [0.0025, 0.0075, 0.0125, 0.0175, 0.0225, 0.0275, 0.0325, 0.037500000000000006, 0.042499999999999996, 0.0475, 0.052500000000000005, 0.057499999999999996, 0.0625, 0.0675, 0.07250000000000001, 0.0775, 0.0825, 0.0875, 0.0925, 0.0975, 0.10250000000000001, 0.1075, 0.1125, 0.1175, 0.1225, 0.1275, 0.1325, 0.1375, 0.14250000000000002, 0.1475, 0.1525, 0.1575, 0.1625, 0.1675, 0.17250000000000001, 0.1775, 0.1825, 0.1875, 0.1925, 0.1975, 0.2025, 0.20750000000000002, 0.2125, 0.2175, 0.2225]}], "data": {"__dtype__": [["k", "<f8"], ["power_0", "<c8"], ["modes", "<i8"]], "__shape__": [45], "__data__": [[0.0038173012378906845, {"__complex__": [93511.1328125, 9.80293645737318e-13]}, 167], [0.008055751763494627, {"__complex__": [111110.4296875, -3.5387917097541577e-13]}, 1082], [0.012823375740692167, {"__complex__": [115135.28125, -4.8831930523924455e-14]}, 2980], [0.01772055896391565, {"__complex__": [115223.6875, 7.565987123110424e-15]}, 5770], [0.022663849386611826, {"__complex__": [111901.375, 1.524718766770638e-14]}, 9544], [0.027648826616556006, {"__complex__": [105267.6015625, 0.0]}, 14354], [0.03263866863222282, {"__complex__": [102250.3671875, -1.5345496005630607e-14]}, 19914], [0.037610930628066065, {"__complex__": [96786.875, 4.302036632204513e-14]}, 26384], [0.04260305481937987, {"__complex__": [92509.7421875, -1.8714101991147702e-14]}, 34214], [0.04759687747685243, {"__complex__": [95508.078125, 2.234630632391623e-14]}, 42328], [0.052580242377917835, {"__complex__": [92437.7890625, -6.725840130200828e-15]}, 51926], [0.05757705789683582, {"__complex__": [90192.59375, 1.3086675128704938e-14]}, 62270], [0.06257252635354331, {"__complex__": [88653.890625, 7.91940971452815e-16]}, 73500], [0.06756472930059908, {"__complex__": [87995.6171875, -1.0185424018758376e-15]}, 85722], [0.0725580675361669, {"__complex__": [87627.8125, -4.417703301020119e-15]}, 98820], [0.07755381506902219, {"__complex__": [86621.25, 3.088977327980638e-15]}, 113062], [0.0825489333242827, {"__complex__": [85013.59375, -1.8651343626019737e-14]}, 127954], [0.08754714613872615, {"__complex__": [84770.7421875, 1.0093300715414998e-15]}, 144174], [0.09254206654804437, {"__complex__": [83359.6796875, -6.880851818229575e-15]}, 160728], [0.0975393345310396, {"__complex__": [82284.6484375, 5.040553308674044e-15]}, 178992], [0.10253849215782053, {"__complex__": [81039.140625, -3.535271788108877e-15]}, 197578], [0.10753697711603027, {"__complex__": [78938.546875, -1.3377750377732353e-15]}, 217554], [0.11253556382397623, {"__complex__": [79489.84375, 6.606499117163328e-15]}, 237888], [0.11753476400305722, {"__complex__": [79317.8671875, 8.450849408822049e-15]}, 260014], [0.12253573997777018, {"__complex__": [79193.84375, -4.8460330393700415e-15]}, 282268], [0.12753523114401033, {"__complex__": [79368.7421875, -2.9725740369624526e-15]}, 305962], [0.132531284026373, {"__complex__": [78478.078125, -4.280468293455398e-15]}, 329762], [0.13753067307533484, {"__complex__": [78006.921875, 4.0855049332757525e-17]}, 356184], [0.14253043938189155, {"__complex__": [77548.1171875, -2.249749789335286e-15]}, 381626], [0.14752648053070772, {"__complex__": [76768.5546875, -2.774449218951409e-15]}, 409108], [0.1525269554780124, {"__complex__": [76898.734375, -9.30595076841542e-16]}, 437842], [0.15752674438555217, {"__complex__": [77019.3046875, -1.361186181402397e-15]}, 466378], [0.16252536234382253, {"__complex__": [76334.953125, 1.6987172700593293e-15]}, 496852], [0.16752689737811496, {"__complex__": [75969.484375, 6.199714720618002e-16]}, 528118], [0.17252517971022696, {"__complex__": [75713.34375, 1.821982692620577e-15]}, 559080], [0.17752265018011645, {"__complex__": [75745.3359375, -3.3375052650345223e-15]}, 592976], [0.182523553700073, {"__complex__": [75840.453125, 2.6942830562079467e-15]}, 626520], [0.18752358990560788, {"__complex__": [75549.7421875, -4.400283883171377e-17]}, 661408], [0.19252150373915172, {"__complex__": [75566.25, -1.1908038099962999e-15]}, 696554], [0.19751836029988212, {"__complex__": [75430.3515625, -1.9444458691016565e-15]}, 733416], [0.20251992790572204, {"__complex__": [74942.09375, -5.087463052084172e-16]}, 772294], [0.20752105081181954, {"__complex__": [74756.203125, 4.0453049481224104e-16]}, 809378], [0.21251956864289018, {"__complex__": [74631.5546875, -1.884253166770924e-15]}, 849520], [0.21751947041596406, {"__complex__": [74722.703125, 1.5860273714819067e-15]}, 889982], [0.22251801921110315, {"__complex__": [74391.1796875, 9.853966262212376e-16]}, 930357]]}, "attrs": {"poles": [0], "dk": 0.005, "kmin": 0.0, "kmax": null, "Nmesh": {"__dtype__": "<i8", "__shape__": [3], "__data__": [512, 512, 512]}, "BoxSize": {"__dtype__": "<f8", "__shape__": [3], "__data__": [3422.0, 7190.0, 3018.0]}, "BoxPad": {"__dtype__": "<f8", "__shape__": [3], "__data__": [0.1, 0.1, 0.1]}, "BoxCenter": {"__dtype__": "<f8", "__shape__": [3], "__data__": [-1749.9135922822747, 35.37703679342076, 1912.4309907179531]}, "mesh.resampler": "tsc", "mesh.interlaced": true, "alpha": 0.05662353336811066, "data.norm": 1.7251098778964975, "randoms.norm": 1.726720262635324, "shotnoise": 73048.20040465945, "first.data.N": 219237, "first.data.W": 231885.03125, "first.data.W2": 200173.92440324987, "first.data.num_per_cell": 0.0014914119571689506, "first.randoms.N": 3961404, "first.randoms.W": 4095206.0, "first.randoms.W2": 3535615.8823117926, "first.randoms.num_per_cell": 0.026342391090927963, "first.data.ext": 1, "first.randoms.ext": 1, "second.data.N": 219237, "second.data.W": 231885.03125, "second.data.W2": 118636.3359375, "second.data.num_per_cell": 0.0008839095826260746, "second.randoms.N": 3961404, "second.randoms.W": 4095206.0, "second.randoms.W2": 2097124.75, "second.randoms.num_per_cell": 0.015624796971678734, "second.data.ext": 1, "second.randoms.ext": 1}}, "attrs": {"poles": [0], "dk": 0.005, "kmin": 0.0, "kmax": null, "Nmesh": {"__dtype__": "<i8", "__shape__": [3], "__data__": [512, 512, 512]}, "BoxSize": {"__dtype__": "<f8", "__shape__": [3], "__data__": [3422.0, 7190.0, 3018.0]}, "BoxPad": {"__dtype__": "<f8", "__shape__": [3], "__data__": [0.1, 0.1, 0.1]}, "BoxCenter": {"__dtype__": "<f8", "__shape__": [3], "__data__": [-1749.9135922822747, 35.37703679342076, 1912.4309907179531]}, "mesh.resampler": "tsc", "mesh.interlaced": true, "alpha": 0.05662353336811066, "data.norm": 1.7251098778964975, "randoms.norm": 1.726720262635324, "shotnoise": 73048.20040465945, "first.data.N": 219237, "first.data.W": 231885.03125, "first.data.W2": 200173.92440324987, "first.data.num_per_cell": 0.0014914119571689506, "first.randoms.N": 3961404, "first.randoms.W": 4095206.0, "first.randoms.W2": 3535615.8823117926, "first.randoms.num_per_cell": 0.026342391090927963, "first.data.ext": 1, "first.randoms.ext": 1, "second.data.N": 219237, "second.data.W": 231885.03125, "second.data.W2": 118636.3359375, "second.data.num_per_cell": 0.0008839095826260746, "second.randoms.N": 3961404, "second.randoms.W": 4095206.0, "second.randoms.W2": 2097124.75, "second.randoms.num_per_cell": 0.015624796971678734, "second.data.ext": 1, "second.randoms.ext": 1, "p": 1.6, "zmin": 0.8, "zmax": 2.2, "P0_FKP": 30000.0, "z-weighted": true, "hashkeys": ["Nmesh", "P0_FKP", "dk", "kmin", "mesh.window", "mesh.interlaced", "poles", "p", "BoxPad", "zmin", "zmax", "z-weighted"]}}