{"poles": {"dims": ["k"], "edges": [{"__dtype__": "<f8", "__shape__": [46], "__data__": [0.0, 0.005, 0.01, 0.015, 0.02, 0.025, 0.03, 0.035, 0.04, 0.045, 0.05, 0.055, 0.06, 0.065, 0.07, 0.075, 0.08, 0.085, 0.09, 0.095, 0.1, 0.105, 0.11, 0.115, 0.12, 0.125, 0.13, 0.135, 0.14, 0.145, 0.15, 0.155, 0.16, 0.165, 0.17, 0.17500000000000002, 0.18, 0.185, 0.19, 0.195, 0.2, 0.20500000000000002, 0.21, 0.215, 0.22, 0.225]}], "coords": [{"__dtype__": "<f8", "__shape__": [45], "__data__": [0.0025, 0.0075, 0.0125, 0.0175, 0.0225, 0.0275, 0.0325, 0.037500000000000006, 0.042499999999999996, 0.0475, 0.052500000000000005, 0.057499999999999996, 0.0625, 0.0675, 0.07250000000000001, 0.0775, 0.0825, 0.0875, 0.0925, 0.0975, 0.10250000000000001, 0.1075, 0.1125, 0.1175, 0.1225, 0.1275, 0.1325, 0.1375, 0.14250000000000002, 0.1475, 0.1525, 0.1575, 0.1625, 0.1675, 0.17250000000000001, 0.1775, 0.1825, 0.1875, 0.1925, 0.1975, 0.2025, 0.20750000000000002, 0.2125, 0.2175, 0.2225]}], "data": {"__dtype__": [["k", "<f8"], ["power_0", "<c8"], ["modes", "<i8"]], "__shape__": [45], "__data__": [[0.0038173155758125543, {"__complex__": [67849.078125, 2.1784305045610686e-14]}, 167], [0.008056267366998179, {"__complex__": [94822.765625, 1.0759272026919162e-13]}, 1082], [0.012823958385572855, {"__complex__": [113124.09375, -4.394873814915837e-14]}, 2980], [0.01772293806259823, {"__complex__": [120290.859375, 5.040497235092936e-14]}, 5774], [0.022664307035473074, {"__complex__": [111110.71875, 1.831965907640211e-14]}, 9532], [0.02764991807699414, {"__complex__": [104729.0390625, 3.8481055771337133e-14]}, 14370], [0.03263848104326212, {"__complex__": [99327.2109375, -2.1225507245911657e-14]}, 19882], [0.03761184424413516, {"__complex__": [93190.625, -1.7760341198473466e-14]}, 26424], [0.04260661831777337, {"__complex__": [91536.8984375, 7.711638673555538e-15]}, 34202], [0.04759618813324103, {"__complex__": [88630.5, -9.984987859592512e-15]}, 42264], [0.05257821865313304, {"__complex__": [88309.7109375, 3.2560729997931515e-15]}, 51954], [0.057577539724483914, {"__complex__": [86835.265625, -2.2199183477241737e-15]}, 62274], [0.06257107018765688, {"__complex__": [83942.7109375, -1.18920579763801e-14]}, 73420], [0.06756430424109765, {"__complex__": [85193.015625, 1.0979985604270878e-14]}, 85814], [0.07255724553344782, {"__complex__": [84704.421875, 5.60415082056869e-15]}, 98672], [0.0775541596036388, {"__complex__": [83220.4140625, 3.21268373707005e-16]}, 113238], [0.0825520442181328, {"__complex__": [81644.3828125, 2.3897012315618514e-15]}, 127878], [0.08754832964728734, {"__complex__": [80565.9765625, -1.0197487250234935e-14]}, 144128], [0.09254197787611443, {"__complex__": [78967.046875, 6.703196821938352e-15]}, 160646], [0.0975379687661565, {"__complex__": [79512.546875, -4.066416582588234e-17]}, 178928], [0.10253654421788218, {"__complex__": [78611.09375, 8.98712036728885e-15]}, 197542], [0.10753534557651742, {"__complex__": [77508.828125, 1.287726825535294e-15]}, 217534], [0.11253731688608715, {"__complex__": [76672.4140625, 5.896386504733843e-15]}, 238156], [0.11753679028324025, {"__complex__": [76611.3125, -2.409350278355783e-15]}, 259710], [0.12253224632338143, {"__complex__": [75865.109375, -3.639553190618906e-15]}, 281878], [0.12753248990515467, {"__complex__": [75620.4609375, -2.4700653882567345e-15]}, 306348], [0.1325313970481071, {"__complex__": [75646.3984375, -1.4569309741117604e-15]}, 329606], [0.13752848393127975, {"__complex__": [74865.9765625, -1.7068867969564786e-15]}, 355936], [0.14252928280997587, {"__complex__": [75058.65625, 3.753302515655107e-15]}, 381894], [0.1475275460585821, {"__complex__": [74488.40625, 6.047586015104354e-16]}, 409060], [0.1525285749705734, {"__complex__": [74144.5625, -1.82773761975268e-16]}, 437894], [0.1575271042080942, {"__complex__": [73306.46875, 1.7567157335401993e-15]}, 465952], [0.16252506523836457, {"__complex__": [73094.0078125, -3.952431491225121e-15]}, 497038], [0.16752595118628197, {"__complex__": [73450.8984375, 5.5161217436200944e-17]}, 527614], [0.17252472999611398, {"__complex__": [72624.125, -1.2873428019728327e-15]}, 559540], [0.17752105954321848, {"__complex__": [72664.1171875, -3.4716001097055346e-15]}, 592078], [0.18252112860464398, {"__complex__": [72976.2421875, 2.6691561944045623e-16]}, 626966], [0.18752245834510464, {"__complex__": [72619.296875, -7.813953583199397e-16]}, 661116], [0.19252034809240354, {"__complex__": [72448.78125, -1.5248631223606737e-15]}, 696646], [0.1975187312084065, {"__complex__": [72598.859375, 1.9988131023376474e-15]}, 733488], [0.20251952997606523, {"__complex__": [71980.6484375, 6.127765095100262e-16]}, 771794], [0.2075196282215948, {"__complex__": [72376.625, 1.9419672389397536e-15]}, 809286], [0.21251836775801683, {"__complex__": [71711.7578125, -7.023472261272938e-16]}, 849478], [0.21751722976079066, {"__complex__": [71401.65625, -1.6363042032062678e-17]}, 889316], [0.22251596560485487, {"__complex__": [71677.921875, 4.299097989036868e-16]}, 930841]]}, "attrs": {"poles": [0], "dk": 0.005, "kmin": 0.0, "kmax": null, "Nmesh": {"__dtype__": "<i8", "__shape__": [3], "__data__": [512, 512, 512]}, "BoxSize": {"__dtype__": "<f8", "__shape__": [3], "__data__": [3420.0, 7186.0, 3021.0]}, "BoxPad": {"__dtype__": "<f8", "__shape__": [3], "__data__": [0.1, 0.1, 0.1]}, "BoxCenter": {"__dtype__": "<f8", "__shape__": [3], "__data__": [-1747.539867660514, 37.532622364305325, 1912.433459660881]}, "mesh.resampler": "tsc", "mesh.interlaced": true, "alpha": 0.056853845715522766, "data.norm": 3.077692726919719, "randoms.norm": 3.077318146763174, "shotnoise": 70242.691811623, "first.data.N": 219363, "first.data.W": 231762.0625, "first.data.W2": 200100.15961511672, "first.data.num_per_cell": 0.0014908623666697496, "first.randoms.N": 3943924, "first.randoms.W": 4076453.5, "first.randoms.W2": 3519338.7292377157, "first.randoms.num_per_cell": 0.026221116850061087, "first.data.ext": 1, "first.randoms.ext": 1, "second.data.N": 219363, "second.data.W": 231762.0625, "second.data.W2": 210025.9375, "second.data.num_per_cell": 0.0015648151747882366, "second.randoms.N": 3943924, "second.randoms.W": 4076453.5, "second.randoms.W2": 3693508.25, "second.randoms.num_per_cell": 0.027518780902028084, "second.data.ext": 1, "second.randoms.ext": 1}}, "attrs": {"poles": [0], "dk": 0.005, "kmin": 0.0, "kmax": null, "Nmesh": {"__dtype__": "<i8", "__shape__": [3], "__data__": [512, 512, 512]}, "BoxSize": {"__dtype__": "<f8", "__shape__": [3], "__data__": [3420.0, 7186.0, 3021.0]}, "BoxPad": {"__dtype__": "<f8", "__shape__": [3], "__data__": [0.1, 0.1, 0.1]}, "BoxCenter": {"__dtype__": "<f8", "__shape__": [3], "__data__": [-1747.539867660514, 37.532622364305325, 1912.433459660881]}, "mesh.resampler": "tsc", "mesh.interlaced": true, "alpha": 0.056853845715522766, "data.norm": 3.077692726919719, "randoms.norm": 3.077318146763174, "shotnoise": 70242.691811623, "first.data.N": 219363, "first.data.W": 231762.0625, "first.data.W2": 200100.15961511672, "first.data.num_per_cell": 0.0014908623666697496, "first.randoms.N": 3943924, "first.randoms.W": 4076453.5, "first.randoms.W2": 3519338.7292377157, "first.randoms.num_per_cell": 0.026221116850061087, "first.data.ext": 1, "first.randoms.ext": 1, "second.data.N": 219363, "second.data.W": 231762.0625, "second.data.W2": 210025.9375, "second.data.num_per_cell": 0.0015648151747882366, "second.randoms.N": 3943924, "second.randoms.W": 4076453.5, "second.randoms.W2": 3693508.25, "second.randoms.num_per_cell": 0.027518780902028084, "second.data.ext": 1, "second.randoms.ext": 1, "p": 1.0, "zmin": 0.8, "zmax": 2.2, "P0_FKP": 30000.0, "z-weighted": true, "hashkeys": ["Nmesh", "P0_FKP", "dk", "kmin", "mesh.window", "mesh.interlaced", "poles", "p", "BoxPad", "zmin", "zmax", "z-weighted"]}}