{"poles": {"dims": ["k"], "edges": [{"__dtype__": "<f8", "__shape__": [46], "__data__": [0.0, 0.005, 0.01, 0.015, 0.02, 0.025, 0.03, 0.035, 0.04, 0.045, 0.05, 0.055, 0.06, 0.065, 0.07, 0.075, 0.08, 0.085, 0.09, 0.095, 0.1, 0.105, 0.11, 0.115, 0.12, 0.125, 0.13, 0.135, 0.14, 0.145, 0.15, 0.155, 0.16, 0.165, 0.17, 0.17500000000000002, 0.18, 0.185, 0.19, 0.195, 0.2, 0.20500000000000002, 0.21, 0.215, 0.22, 0.225]}], "coords": [{"__dtype__": "<f8", "__shape__": [45], "__data__": [0.0025, 0.0075, 0.0125, 0.0175, 0.0225, 0.0275, 0.0325, 0.037500000000000006, 0.042499999999999996, 0.0475, 0.052500000000000005, 0.057499999999999996, 0.0625, 0.0675, 0.07250000000000001, 0.0775, 0.0825, 0.0875, 0.0925, 0.0975, 0.10250000000000001, 0.1075, 0.1125, 0.1175, 0.1225, 0.1275, 0.1325, 0.1375, 0.14250000000000002, 0.1475, 0.1525, 0.1575, 0.1625, 0.1675, 0.17250000000000001, 0.1775, 0.1825, 0.1875, 0.1925, 0.1975, 0.2025, 0.20750000000000002, 0.2125, 0.2175, 0.2225]}], "data": {"__dtype__": [["k", "<f8"], ["power_0", "<c8"], ["modes", "<i8"]], "__shape__": [45], "__data__": [[0.003814629378935712, {"__complex__": [95047.21875, -1.7427444036488549e-13]}, 167], [0.00805030178115834, {"__complex__": [108021.0546875, -2.6898180406111083e-13]}, 1082], [0.012814692731087277, {"__complex__": [123195.65625, 1.2207983054497587e-15]}, 2980], [0.01772268251005097, {"__complex__": [115023.9375, 5.513987974981732e-14]}, 5806], [0.02266829025221427, {"__complex__": [107191.4296875, -2.0194059979447045e-14]}, 9548], [0.027646572645399273, {"__complex__": [104719.8828125, -1.6202549352650926e-14]}, 14370], [0.03263531534263514, {"__complex__": [103130.9296875, 1.47677805720876e-14]}, 19954], [0.03761800144625909, {"__complex__": [95190.8515625, -1.0964372457712376e-15]}, 26544], [0.04260533362941546, {"__complex__": [93636.21875, -2.4518991573402663e-14]}, 34126], [0.04758872742234537, {"__complex__": [90977.3046875, -4.4612513824208305e-15]}, 42404], [0.05257317754158631, {"__complex__": [88764.953125, 9.158919824815703e-15]}, 52034], [0.05757372650244936, {"__complex__": [87149.8984375, -1.0948996903895579e-14]}, 62466], [0.06257261184705773, {"__complex__": [84786.453125, 3.852326172903292e-15]}, 73660], [0.06756621072300474, {"__complex__": [86068.015625, -2.0319647013437598e-15]}, 85938], [0.07255654089445175, {"__complex__": [84505.1015625, -5.004704756763874e-15]}, 98860], [0.07755356157492702, {"__complex__": [82706.3515625, 2.115141219181764e-15]}, 113518], [0.08255472526944484, {"__complex__": [81898.9453125, -5.217772930030378e-15]}, 128290], [0.08755164660624641, {"__complex__": [81336.421875, 7.358922295857585e-15]}, 144354], [0.09254484049716151, {"__complex__": [78853.875, 4.697663360197189e-15]}, 161080], [0.09754055072567391, {"__complex__": [78416.375, -4.099565349327929e-15]}, 179256], [0.10254183394767644, {"__complex__": [77418.6171875, 4.550730672419354e-15]}, 198258], [0.10753454865135809, {"__complex__": [77100.1328125, 8.708987887574599e-16]}, 217218], [0.11253320069986296, {"__complex__": [76725.4921875, 6.540391901399274e-16]}, 239180], [0.1175361255186246, {"__complex__": [76787.2890625, 2.7975628422578476e-15]}, 260082], [0.12253217872217727, {"__complex__": [76106.7890625, -5.661302462860542e-16]}, 282746], [0.12753146406721122, {"__complex__": [76222.6796875, -2.3252238130674332e-15]}, 306656], [0.13253031788203481, {"__complex__": [75738.921875, -1.4852665555380217e-15]}, 330666], [0.1375291885308211, {"__complex__": [75889.484375, -2.2034014170109516e-15]}, 356632], [0.14252925240230785, {"__complex__": [75171.7109375, 3.1181588835629695e-15]}, 382680], [0.1475266779711563, {"__complex__": [74948.921875, 3.3727560234421677e-16]}, 409882], [0.1525278074035397, {"__complex__": [74317.5546875, -1.856492297199375e-15]}, 438950], [0.157529192106168, {"__complex__": [73727.3828125, -1.2142838809315443e-15]}, 467374], [0.1625274183621397, {"__complex__": [73395.09375, -4.677343039792559e-15]}, 497784], [0.16752701162631756, {"__complex__": [73429.671875, 1.7195381604660076e-16]}, 528918], [0.17252651223211174, {"__complex__": [73329.15625, 2.569194077590379e-15]}, 560736], [0.17752324295555139, {"__complex__": [72639.96875, 1.1401016883230784e-15]}, 593512], [0.1825223788473779, {"__complex__": [72502.046875, -9.268086278090785e-16]}, 628044], [0.18752332225888413, {"__complex__": [72402.046875, 2.305533949873356e-16]}, 662732], [0.19252338983727957, {"__complex__": [72294.078125, -1.9579687501045714e-15]}, 698622], [0.19752152145750873, {"__complex__": [72213.390625, -5.645728703334088e-16]}, 734590], [0.20251940377919156, {"__complex__": [71927.4140625, -1.7974388541826996e-15]}, 773160], [0.20752043848583723, {"__complex__": [72591.9453125, 1.9272326243662322e-16]}, 811698], [0.21252104204678585, {"__complex__": [72080.21875, 9.059924754929488e-16]}, 851278], [0.2175182269692411, {"__complex__": [71885.8671875, -1.3885727418205986e-16]}, 890780], [0.22251590668648238, {"__complex__": [71760.921875, -1.3256931715718368e-15]}, 933031]]}, "attrs": {"poles": [0], "dk": 0.005, "kmin": 0.0, "kmax": null, "Nmesh": {"__dtype__": "<i8", "__shape__": [3], "__data__": [512, 512, 512]}, "BoxSize": {"__dtype__": "<f8", "__shape__": [3], "__data__": [3427.0, 7187.0, 3021.0]}, "BoxPad": {"__dtype__": "<f8", "__shape__": [3], "__data__": [0.1, 0.1, 0.1]}, "BoxCenter": {"__dtype__": "<f8", "__shape__": [3], "__data__": [-1752.4373082354614, 40.697673373089174, 1911.709999786646]}, "mesh.resampler": "tsc", "mesh.interlaced": true, "alpha": 0.056845180690288544, "data.norm": 3.0941419856909613, "randoms.norm": 3.094470116503949, "shotnoise": 70184.79403610407, "first.data.N": 219244, "first.data.W": 231968.375, "first.data.W2": 200368.8921436872, "first.data.num_per_cell": 0.0014928645800328791, "first.randoms.N": 3945540, "first.randoms.W": 4080704.25, "first.randoms.W2": 3524868.1419813065, "first.randoms.num_per_cell": 0.026262314185360867, "first.data.ext": 1, "first.randoms.ext": 1, "second.data.N": 219244, "second.data.W": 231968.375, "second.data.W2": 210642.625, "second.data.num_per_cell": 0.001569409854710102, "second.randoms.N": 3945540, "second.randoms.W": 4080704.25, "second.randoms.W2": 3705728.25, "second.randoms.num_per_cell": 0.027609826996922493, "second.data.ext": 1, "second.randoms.ext": 1}}, "attrs": {"poles": [0], "dk": 0.005, "kmin": 0.0, "kmax": null, "Nmesh": {"__dtype__": "<i8", "__shape__": [3], "__data__": [512, 512, 512]}, "BoxSize": {"__dtype__": "<f8", "__shape__": [3], "__data__": [3427.0, 7187.0, 3021.0]}, "BoxPad": {"__dtype__": "<f8", "__shape__": [3], "__data__": [0.1, 0.1, 0.1]}, "BoxCenter": {"__dtype__": "<f8", "__shape__": [3], "__data__": [-1752.4373082354614, 40.697673373089174, 1911.709999786646]}, "mesh.resampler": "tsc", "mesh.interlaced": true, "alpha": 0.056845180690288544, "data.norm": 3.0941419856909613, "randoms.norm": 3.094470116503949, "shotnoise": 70184.79403610407, "first.data.N": 219244, "first.data.W": 231968.375, "first.data.W2": 200368.8921436872, "first.data.num_per_cell": 0.0014928645800328791, "first.randoms.N": 3945540, "first.randoms.W": 4080704.25, "first.randoms.W2": 3524868.1419813065, "first.randoms.num_per_cell": 0.026262314185360867, "first.data.ext": 1, "first.randoms.ext": 1, "second.data.N": 219244, "second.data.W": 231968.375, "second.data.W2": 210642.625, "second.data.num_per_cell": 0.001569409854710102, "second.randoms.N": 3945540, "second.randoms.W": 4080704.25, "second.randoms.W2": 3705728.25, "second.randoms.num_per_cell": 0.027609826996922493, "second.data.ext": 1, "second.randoms.ext": 1, "p": 1.0, "zmin": 0.8, "zmax": 2.2, "P0_FKP": 30000.0, "z-weighted": true, "hashkeys": ["Nmesh", "P0_FKP", "dk", "kmin", "mesh.window", "mesh.interlaced", "poles", "p", "BoxPad", "zmin", "zmax", "z-weighted"]}}