{"poles": {"dims": ["k"], "edges": [{"__dtype__": "<f8", "__shape__": [46], "__data__": [0.0, 0.005, 0.01, 0.015, 0.02, 0.025, 0.03, 0.035, 0.04, 0.045, 0.05, 0.055, 0.06, 0.065, 0.07, 0.075, 0.08, 0.085, 0.09, 0.095, 0.1, 0.105, 0.11, 0.115, 0.12, 0.125, 0.13, 0.135, 0.14, 0.145, 0.15, 0.155, 0.16, 0.165, 0.17, 0.17500000000000002, 0.18, 0.185, 0.19, 0.195, 0.2, 0.20500000000000002, 0.21, 0.215, 0.22, 0.225]}], "coords": [{"__dtype__": "<f8", "__shape__": [45], "__data__": [0.0025, 0.0075, 0.0125, 0.0175, 0.0225, 0.0275, 0.0325, 0.037500000000000006, 0.042499999999999996, 0.0475, 0.052500000000000005, 0.057499999999999996, 0.0625, 0.0675, 0.07250000000000001, 0.0775, 0.0825, 0.0875, 0.0925, 0.0975, 0.10250000000000001, 0.1075, 0.1125, 0.1175, 0.1225, 0.1275, 0.1325, 0.1375, 0.14250000000000002, 0.1475, 0.1525, 0.1575, 0.1625, 0.1675, 0.17250000000000001, 0.1775, 0.1825, 0.1875, 0.1925, 0.1975, 0.2025, 0.20750000000000002, 0.2125, 0.2175, 0.2225]}], "data": {"__dtype__": [["k", "<f8"], ["power_0", "<c8"], ["modes", "<i8"]], "__shape__": [45], "__data__": [[0.003811678082722134, {"__complex__": [83146.375, 4.356861009122137e-14]}, 167], [0.008072844644696065, {"__complex__": [113667.40625, -5.301244130630732e-14]}, 1098], [0.012823305125238493, {"__complex__": [108991.9765625, 5.883523377693545e-14]}, 2968], [0.017717648481349095, {"__complex__": [105590.65625, -1.1755586738423918e-13]}, 5818], [0.02267632897192603, {"__complex__": [105458.3125, -1.513302287300955e-15]}, 9616], [0.02765852611652557, {"__complex__": [98633.4609375, -4.2978206104128495e-15]}, 14390], [0.032630581564735986, {"__complex__": [103629.9140625, 2.4316574415931408e-14]}, 19898], [0.03761099205276879, {"__complex__": [98515.9765625, -2.4547764435587944e-15]}, 26676], [0.04260231921719462, {"__complex__": [91652.9765625, 1.3632569228485495e-14]}, 34158], [0.04758628786782712, {"__complex__": [90368.0625, -1.4536865838138922e-14]}, 42544], [0.05257084228045711, {"__complex__": [87940.3125, 1.8856143487171618e-15]}, 52092], [0.057569559651346774, {"__complex__": [87494.7265625, -7.291528119409297e-15]}, 62616], [0.06257077450883775, {"__complex__": [85397.4375, 1.477651835221324e-15]}, 73860], [0.06756203985933895, {"__complex__": [85682.5625, -6.176247037539611e-15]}, 85998], [0.07254910270991652, {"__complex__": [84226.7421875, -1.9097001540888114e-15]}, 99060], [0.07755119179680725, {"__complex__": [82985.328125, -2.8721390110659053e-15]}, 113998], [0.08255240192142012, {"__complex__": [82561.53125, 5.698961335937232e-15]}, 128310], [0.08754806395410906, {"__complex__": [79657.8203125, 2.6115783357215632e-15]}, 144874], [0.09254476887308305, {"__complex__": [78361.09375, -5.228405734617261e-15]}, 161428], [0.0975403906225184, {"__complex__": [79036.6171875, 5.0215882409850206e-15]}, 179668], [0.10253957318977638, {"__complex__": [77284.546875, 3.8666423002613106e-15]}, 198522], [0.10753462492190798, {"__complex__": [77096.71875, -5.6397079931450045e-15]}, 218032], [0.11253305186013593, {"__complex__": [76754.1796875, -1.2156480274930974e-15]}, 239410], [0.11753606123913456, {"__complex__": [75907.8984375, -1.8680752609948406e-15]}, 260958], [0.1225331933755011, {"__complex__": [76143.9140625, 2.6722449529862843e-15]}, 283170], [0.12753060207024655, {"__complex__": [75894.921875, -1.5150255758321438e-15]}, 307362], [0.13253039831826766, {"__complex__": [75425.7578125, -1.1194726244091735e-15]}, 331472], [0.13752955268965714, {"__complex__": [74997.6953125, -3.5014624680192218e-15]}, 357412], [0.14253221062213187, {"__complex__": [74508.1796875, -2.923034044492864e-15]}, 383956], [0.14752847214027082, {"__complex__": [74550.28125, 1.6497321900493106e-15]}, 410166], [0.15252484008402564, {"__complex__": [74642.5625, -3.66443224234566e-15]}, 439802], [0.15752590219089252, {"__complex__": [73510.578125, -2.407745150920736e-16]}, 468394], [0.16252570823033644, {"__complex__": [73822.6171875, -1.759924400223517e-15]}, 499210], [0.16752468379533608, {"__complex__": [73377.234375, 4.6262258719751825e-15]}, 529628], [0.17252573484475361, {"__complex__": [73741.25, -2.068502526314758e-15]}, 562800], [0.17752574505951718, {"__complex__": [73065.9921875, -2.4162170685800553e-16]}, 594732], [0.18252237730314114, {"__complex__": [72900.0078125, 9.63061743830681e-16]}, 628956], [0.18752131343712056, {"__complex__": [72836.9765625, 1.6760033404248764e-15]}, 664212], [0.19251959523335327, {"__complex__": [72573.5078125, 2.9640308626564457e-15]}, 699604], [0.19751999399259448, {"__complex__": [72395.0859375, 1.7587241545372577e-15]}, 737432], [0.2025206528361802, {"__complex__": [72047.4375, 1.2588682012641033e-15]}, 774488], [0.20751962530793408, {"__complex__": [71847.71875, -9.841467232284454e-16]}, 813248], [0.21252067915603923, {"__complex__": [71866.2109375, 1.0228235843239467e-16]}, 853632], [0.21751928836171316, {"__complex__": [72048.046875, 3.2602393431024586e-16]}, 892690], [0.22251515614684145, {"__complex__": [71741.0390625, -1.4790731565068166e-15]}, 934661]]}, "attrs": {"poles": [0], "dk": 0.005, "kmin": 0.0, "kmax": null, "Nmesh": {"__dtype__": "<i8", "__shape__": [3], "__data__": [512, 512, 512]}, "BoxSize": {"__dtype__": "<f8", "__shape__": [3], "__data__": [3432.0, 7183.0, 3025.0]}, "BoxPad": {"__dtype__": "<f8", "__shape__": [3], "__data__": [0.1, 0.1, 0.1]}, "BoxCenter": {"__dtype__": "<f8", "__shape__": [3], "__data__": [-1749.8520305838379, 40.32291495828781, 1910.7759973298507]}, "mesh.resampler": "tsc", "mesh.interlaced": true, "alpha": 0.056879714131355286, "data.norm": 3.0857013514054845, "randoms.norm": 3.0853233090266485, "shotnoise": 70165.08153895776, "first.data.N": 219570, "first.data.W": 232174.75, "first.data.W2": 200316.7100551012, "first.data.num_per_cell": 0.0014924757931761533, "first.randoms.N": 3948387, "first.randoms.W": 4081855.0, "first.randoms.W2": 3521845.0537394374, "first.randoms.num_per_cell": 0.02623979042276321, "first.data.ext": 1, "first.randoms.ext": 1, "second.data.N": 219570, "second.data.W": 232174.75, "second.data.W2": 210249.265625, "second.data.num_per_cell": 0.001566479098983109, "second.randoms.N": 3948387, "second.randoms.W": 4081855.0, "second.randoms.W2": 3696226.5, "second.randoms.num_per_cell": 0.027539033442735672, "second.data.ext": 1, "second.randoms.ext": 1}}, "attrs": {"poles": [0], "dk": 0.005, "kmin": 0.0, "kmax": null, "Nmesh": {"__dtype__": "<i8", "__shape__": [3], "__data__": [512, 512, 512]}, "BoxSize": {"__dtype__": "<f8", "__shape__": [3], "__data__": [3432.0, 7183.0, 3025.0]}, "BoxPad": {"__dtype__": "<f8", "__shape__": [3], "__data__": [0.1, 0.1, 0.1]}, "BoxCenter": {"__dtype__": "<f8", "__shape__": [3], "__data__": [-1749.8520305838379, 40.32291495828781, 1910.7759973298507]}, "mesh.resampler": "tsc", "mesh.interlaced": true, "alpha": 0.056879714131355286, "data.norm": 3.0857013514054845, "randoms.norm": 3.0853233090266485, "shotnoise": 70165.08153895776, "first.data.N": 219570, "first.data.W": 232174.75, "first.data.W2": 200316.7100551012, "first.data.num_per_cell": 0.0014924757931761533, "first.randoms.N": 3948387, "first.randoms.W": 4081855.0, "first.randoms.W2": 3521845.0537394374, "first.randoms.num_per_cell": 0.02623979042276321, "first.data.ext": 1, "first.randoms.ext": 1, "second.data.N": 219570, "second.data.W": 232174.75, "second.data.W2": 210249.265625, "second.data.num_per_cell": 0.001566479098983109, "second.randoms.N": 3948387, "second.randoms.W": 4081855.0, "second.randoms.W2": 3696226.5, "second.randoms.num_per_cell": 0.027539033442735672, "second.data.ext": 1, "second.randoms.ext": 1, "p": 1.0, "zmin": 0.8, "zmax": 2.2, "P0_FKP": 30000.0, "z-weighted": true, "hashkeys": ["Nmesh", "P0_FKP", "dk", "kmin", "mesh.window", "mesh.interlaced", "poles", "p", "BoxPad", "zmin", "zmax", "z-weighted"]}}