{"poles": {"dims": ["k"], "edges": [{"__dtype__": "<f8", "__shape__": [46], "__data__": [0.0, 0.005, 0.01, 0.015, 0.02, 0.025, 0.03, 0.035, 0.04, 0.045, 0.05, 0.055, 0.06, 0.065, 0.07, 0.075, 0.08, 0.085, 0.09, 0.095, 0.1, 0.105, 0.11, 0.115, 0.12, 0.125, 0.13, 0.135, 0.14, 0.145, 0.15, 0.155, 0.16, 0.165, 0.17, 0.17500000000000002, 0.18, 0.185, 0.19, 0.195, 0.2, 0.20500000000000002, 0.21, 0.215, 0.22, 0.225]}], "coords": [{"__dtype__": "<f8", "__shape__": [45], "__data__": [0.0025, 0.0075, 0.0125, 0.0175, 0.0225, 0.0275, 0.0325, 0.037500000000000006, 0.042499999999999996, 0.0475, 0.052500000000000005, 0.057499999999999996, 0.0625, 0.0675, 0.07250000000000001, 0.0775, 0.0825, 0.0875, 0.0925, 0.0975, 0.10250000000000001, 0.1075, 0.1125, 0.1175, 0.1225, 0.1275, 0.1325, 0.1375, 0.14250000000000002, 0.1475, 0.1525, 0.1575, 0.1625, 0.1675, 0.17250000000000001, 0.1775, 0.1825, 0.1875, 0.1925, 0.1975, 0.2025, 0.20750000000000002, 0.2125, 0.2175, 0.2225]}], "data": {"__dtype__": [["k", "<f8"], ["power_0", "<c8"], ["modes", "<i8"]], "__shape__": [45], "__data__": [[0.003819829839096438, {"__complex__": [101206.5703125, -3.4854888072977097e-13]}, 167], [0.008062242610991895, {"__complex__": [92064.3203125, -2.3535906500094482e-14]}, 1082], [0.012824414314713104, {"__complex__": [114672.0078125, 2.451468144625056e-15]}, 2968], [0.01772205542343851, {"__complex__": [102903.3984375, -1.4006786182296782e-13]}, 5766], [0.022664483071810872, {"__complex__": [114887.1796875, 9.182950149529308e-15]}, 9508], [0.02764916083585761, {"__complex__": [110330.1796875, 1.2179033585942804e-14]}, 14338], [0.03263698953939762, {"__complex__": [102210.1171875, 4.109052372447061e-14]}, 19832], [0.03761204587736762, {"__complex__": [102675.9140625, -6.231021015996874e-14]}, 26390], [0.04260345866709521, {"__complex__": [99047.1640625, 3.4185506479772346e-15]}, 34054], [0.04759270464612336, {"__complex__": [93031.2109375, -2.1016830514960193e-14]}, 42236], [0.052579638973713844, {"__complex__": [93322.1796875, 7.575323120255061e-15]}, 51866], [0.057578003998409316, {"__complex__": [91970.7109375, -8.671061034449222e-15]}, 62094], [0.06257028185684457, {"__complex__": [88358.8515625, 8.340799500182981e-15]}, 73276], [0.06756335387669211, {"__complex__": [87737.8125, 1.2069929813105819e-14]}, 85600], [0.07255830707969624, {"__complex__": [86358.21875, -6.9389040683025954e-15]}, 98566], [0.07755245167219145, {"__complex__": [86643.6328125, 4.645793180089704e-15]}, 112762], [0.0825446472133072, {"__complex__": [84561.046875, 2.8526456065760316e-15]}, 127530], [0.08754212882624368, {"__complex__": [84630.4296875, 8.39245749853718e-15]}, 143916], [0.09254266709014626, {"__complex__": [83526.8828125, 5.436648784699731e-15]}, 160598], [0.09754223892060314, {"__complex__": [82378.8515625, 2.547604266556051e-15]}, 178500], [0.10253867683655139, {"__complex__": [81235.0, 1.920323429555038e-15]}, 197024], [0.10753637904951018, {"__complex__": [80424.5703125, -2.6816887350734593e-15]}, 217056], [0.11254101213271395, {"__complex__": [79434.34375, 1.9571850328701243e-15]}, 237924], [0.1175400132511769, {"__complex__": [79777.859375, -2.923290483717645e-15]}, 258852], [0.12253121797343967, {"__complex__": [80183.28125, -3.1059103636291987e-15]}, 281114], [0.12753204091908088, {"__complex__": [78832.796875, 1.9266814706153657e-15]}, 305890], [0.1325341304090818, {"__complex__": [78914.4375, 3.4489288493557996e-15]}, 329102], [0.13753182927535387, {"__complex__": [78945.28125, -2.212969712941373e-15]}, 355090], [0.14253178466653768, {"__complex__": [78453.3125, -1.260296298813174e-15]}, 381032], [0.14752914606802844, {"__complex__": [77758.8203125, -3.601465083596196e-15]}, 408096], [0.15252860503191104, {"__complex__": [76936.34375, 4.76436889885936e-15]}, 436768], [0.15752592991911485, {"__complex__": [76598.9296875, -1.2207404954511086e-15]}, 464902], [0.16252488730938688, {"__complex__": [76493.515625, 4.105789453303472e-16]}, 496194], [0.16752524240931838, {"__complex__": [76040.5859375, 8.384335511364195e-16]}, 526106], [0.17252312107071874, {"__complex__": [75943.265625, -2.709669409694821e-15]}, 558518], [0.17752185187853203, {"__complex__": [75739.75, 5.66172597933417e-16]}, 591152], [0.18252046447791676, {"__complex__": [75751.03125, -6.753730913450662e-16]}, 624848], [0.18751930130274375, {"__complex__": [75916.234375, -2.2054104203431612e-17]}, 659828], [0.19252067795501726, {"__complex__": [75528.5859375, -1.672792529689411e-16]}, 695934], [0.19752252063119388, {"__complex__": [75750.3203125, 1.9876896009765079e-16]}, 732102], [0.20252074869348882, {"__complex__": [75464.671875, -3.954078123274583e-15]}, 769168], [0.20751882525370474, {"__complex__": [75009.5703125, -5.764161908810368e-16]}, 807856], [0.2125195179832542, {"__complex__": [74734.7734375, 3.423313937756119e-15]}, 848040], [0.2175212839517392, {"__complex__": [75485.7421875, -1.2127114701440851e-15]}, 887962], [0.22252010405239075, {"__complex__": [74426.7265625, -2.7349717661369647e-15]}, 928459]]}, "attrs": {"poles": [0], "dk": 0.005, "kmin": 0.0, "kmax": null, "Nmesh": {"__dtype__": "<i8", "__shape__": [3], "__data__": [512, 512, 512]}, "BoxSize": {"__dtype__": "<f8", "__shape__": [3], "__data__": [3417.0, 7172.0, 3023.0]}, "BoxPad": {"__dtype__": "<f8", "__shape__": [3], "__data__": [0.1, 0.1, 0.1]}, "BoxCenter": {"__dtype__": "<f8", "__shape__": [3], "__data__": [-1750.0347939367014, 36.05731104930351, 1910.748222031765]}, "mesh.resampler": "tsc", "mesh.interlaced": true, "alpha": 0.05701955780386925, "data.norm": 1.7232499960934673, "randoms.norm": 1.721159813300099, "shotnoise": 73322.30373043664, "first.data.N": 219631, "first.data.W": 232200.609375, "first.data.W2": 200310.91583273254, "first.data.num_per_cell": 0.0014924326228553991, "first.randoms.N": 3939296, "first.randoms.W": 4072297.5, "first.randoms.W2": 3512330.2013170985, "first.randoms.num_per_cell": 0.026168899247922737, "first.data.ext": 1, "first.randoms.ext": 1, "second.data.N": 219631, "second.data.W": 232200.609375, "second.data.W2": 118591.4765625, "second.data.num_per_cell": 0.0008835753542371094, "second.randoms.N": 3939296, "second.randoms.W": 4072297.5, "second.randoms.W2": 2076941.875, "second.randoms.num_per_cell": 0.015474422834813595, "second.data.ext": 1, "second.randoms.ext": 1}}, "attrs": {"poles": [0], "dk": 0.005, "kmin": 0.0, "kmax": null, "Nmesh": {"__dtype__": "<i8", "__shape__": [3], "__data__": [512, 512, 512]}, "BoxSize": {"__dtype__": "<f8", "__shape__": [3], "__data__": [3417.0, 7172.0, 3023.0]}, "BoxPad": {"__dtype__": "<f8", "__shape__": [3], "__data__": [0.1, 0.1, 0.1]}, "BoxCenter": {"__dtype__": "<f8", "__shape__": [3], "__data__": [-1750.0347939367014, 36.05731104930351, 1910.748222031765]}, "mesh.resampler": "tsc", "mesh.interlaced": true, "alpha": 0.05701955780386925, "data.norm": 1.7232499960934673, "randoms.norm": 1.721159813300099, "shotnoise": 73322.30373043664, "first.data.N": 219631, "first.data.W": 232200.609375, "first.data.W2": 200310.91583273254, "first.data.num_per_cell": 0.0014924326228553991, "first.randoms.N": 3939296, "first.randoms.W": 4072297.5, "first.randoms.W2": 3512330.2013170985, "first.randoms.num_per_cell": 0.026168899247922737, "first.data.ext": 1, "first.randoms.ext": 1, "second.data.N": 219631, "second.data.W": 232200.609375, "second.data.W2": 118591.4765625, "second.data.num_per_cell": 0.0008835753542371094, "second.randoms.N": 3939296, "second.randoms.W": 4072297.5, "second.randoms.W2": 2076941.875, "second.randoms.num_per_cell": 0.015474422834813595, "second.data.ext": 1, "second.randoms.ext": 1, "p": 1.6, "zmin": 0.8, "zmax": 2.2, "P0_FKP": 30000.0, "z-weighted": true, "hashkeys": ["Nmesh", "P0_FKP", "dk", "kmin", "mesh.window", "mesh.interlaced", "poles", "p", "BoxPad", "zmin", "zmax", "z-weighted"]}}