{"poles": {"dims": ["k"], "edges": [{"__dtype__": "<f8", "__shape__": [46], "__data__": [0.0, 0.005, 0.01, 0.015, 0.02, 0.025, 0.03, 0.035, 0.04, 0.045, 0.05, 0.055, 0.06, 0.065, 0.07, 0.075, 0.08, 0.085, 0.09, 0.095, 0.1, 0.105, 0.11, 0.115, 0.12, 0.125, 0.13, 0.135, 0.14, 0.145, 0.15, 0.155, 0.16, 0.165, 0.17, 0.17500000000000002, 0.18, 0.185, 0.19, 0.195, 0.2, 0.20500000000000002, 0.21, 0.215, 0.22, 0.225]}], "coords": [{"__dtype__": "<f8", "__shape__": [45], "__data__": [0.0025, 0.0075, 0.0125, 0.0175, 0.0225, 0.0275, 0.0325, 0.037500000000000006, 0.042499999999999996, 0.0475, 0.052500000000000005, 0.057499999999999996, 0.0625, 0.0675, 0.07250000000000001, 0.0775, 0.0825, 0.0875, 0.0925, 0.0975, 0.10250000000000001, 0.1075, 0.1125, 0.1175, 0.1225, 0.1275, 0.1325, 0.1375, 0.14250000000000002, 0.1475, 0.1525, 0.1575, 0.1625, 0.1675, 0.17250000000000001, 0.1775, 0.1825, 0.1875, 0.1925, 0.1975, 0.2025, 0.20750000000000002, 0.2125, 0.2175, 0.2225]}], "data": {"__dtype__": [["k", "<f8"], ["power_0", "<c8"], ["modes", "<i8"]], "__shape__": [45], "__data__": [[0.003818347048156474, {"__complex__": [-114615.6640625, -1.7427442952286376e-12]}, 167], [0.008058284322411333, {"__complex__": [-122715.390625, 8.607417621535329e-13]}, 1082], [0.012827304672096307, {"__complex__": [-128107.7265625, 7.813109154878456e-14]}, 2980], [0.017721221144236864, {"__complex__": [-126904.7578125, -1.7185311875812792e-13]}, 5758], [0.022662615480553615, {"__complex__": [-132897.015625, -9.15598705793913e-14]}, 9536], [0.02765161314160363, {"__complex__": [-132624.25, -3.647604408189148e-14]}, 14362], [0.03264091769366661, {"__complex__": [-131501.390625, 2.635951285262332e-14]}, 19874], [0.03760902838119206, {"__complex__": [-120783.375, 1.3809515258199866e-14]}, 26344], [0.042600333818149386, {"__complex__": [-118227.8671875, -5.960061359510738e-15]}, 34182], [0.04759669790249417, {"__complex__": [-109937.4609375, -3.0943963483156395e-14]}, 42324], [0.05258219219907398, {"__complex__": [-110676.7734375, 4.599533915631421e-14]}, 51886], [0.05758028458017682, {"__complex__": [-110089.6328125, 1.6832211622783144e-14]}, 62246], [0.06257378110597248, {"__complex__": [-107448.9765625, -1.587077692336502e-15]}, 73352], [0.06756611430258212, {"__complex__": [-108711.3671875, 7.977092869994405e-15]}, 85738], [0.07255800039447574, {"__complex__": [-105439.90625, 0.0]}, 98580], [0.07755234159403201, {"__complex__": [-103634.0, -1.1327853565378746e-14]}, 113046], [0.08255116908399372, {"__complex__": [-102128.125, 1.819984753656241e-15]}, 127930], [0.08754914682689256, {"__complex__": [-100668.0390625, -5.256829619228274e-15]}, 143946], [0.09254094181266814, {"__complex__": [-97674.921875, -9.429983073431288e-15]}, 160488], [0.09753760892469182, {"__complex__": [-97154.4375, -9.355894795600849e-15]}, 178868], [0.10253925559654745, {"__complex__": [-96656.8828125, 7.36649138227425e-15]}, 197542], [0.10753888485210136, {"__complex__": [-95047.296875, 2.142882818753763e-15]}, 217306], [0.11253949085967047, {"__complex__": [-94535.1796875, -6.360637216310926e-15]}, 237932], [0.1175378070552084, {"__complex__": [-94016.4296875, -4.262653920025219e-15]}, 259450], [0.12253385185067098, {"__complex__": [-93551.546875, 7.177894414370396e-15]}, 281798], [0.12753286752709272, {"__complex__": [-93015.6640625, 5.234091019759232e-15]}, 305824], [0.13253221109713373, {"__complex__": [-91938.1953125, -9.268004751169612e-16]}, 329726], [0.13753136861659732, {"__complex__": [-90969.6015625, 6.139012633848615e-16]}, 355560], [0.14253055051667857, {"__complex__": [-91181.671875, 1.983537074892153e-15]}, 381490], [0.14752723062719278, {"__complex__": [-90163.8125, -5.697919167774754e-16]}, 408624], [0.15252829313574856, {"__complex__": [-89684.6875, -3.5244484011088617e-15]}, 437658], [0.15752817154830787, {"__complex__": [-90087.8671875, -5.686343509638458e-15]}, 465756], [0.1625253947672965, {"__complex__": [-89514.3671875, -1.876418112008822e-15]}, 496330], [0.1675262252640546, {"__complex__": [-89697.234375, 3.3790600661521078e-15]}, 527546], [0.1725246930052595, {"__complex__": [-89108.2421875, -1.3283568784327147e-15]}, 558696], [0.177521420535835, {"__complex__": [-89269.2265625, 7.372936350090789e-16]}, 592108], [0.18252266916445528, {"__complex__": [-88493.7890625, -2.6951432181658835e-15]}, 626320], [0.18752309042431248, {"__complex__": [-89113.3515625, -9.693580573649774e-16]}, 660524], [0.19252121900297117, {"__complex__": [-88592.78125, -1.630171658198367e-15]}, 696276], [0.19751933610670264, {"__complex__": [-87995.2578125, -9.622679680799853e-15]}, 732686], [0.20252110211759583, {"__complex__": [-88014.3359375, -4.525494278667978e-16]}, 771730], [0.20752294069512006, {"__complex__": [-88760.0234375, 4.156466481625631e-15]}, 808738], [0.2125210576207165, {"__complex__": [-87591.8671875, 5.659301135764417e-15]}, 848538], [0.21751982814993304, {"__complex__": [-87601.75, 4.7798573198163784e-15]}, 888972], [0.2225185610994127, {"__complex__": [-87432.953125, -2.6604652657888188e-15]}, 929847]]}, "attrs": {"poles": [0], "dk": 0.005, "kmin": 0.0, "kmax": null, "Nmesh": {"__dtype__": "<i8", "__shape__": [3], "__data__": [512, 512, 512]}, "BoxSize": {"__dtype__": "<f8", "__shape__": [3], "__data__": [3422.0, 7181.0, 3019.0]}, "BoxPad": {"__dtype__": "<f8", "__shape__": [3], "__data__": [0.1, 0.1, 0.1]}, "BoxCenter": {"__dtype__": "<f8", "__shape__": [3], "__data__": [-1748.8605303519314, 37.413106239575654, 1913.4962112966373]}, "mesh.resampler": "tsc", "mesh.interlaced": true, "alpha": 0.0571167916059494, "data.norm": -1.4381091634650471, "randoms.norm": -1.4372919797127668, "shotnoise": 59047.05050267027, "first.data.N": 220209, "first.data.W": 232710.1875, "first.data.W2": 200733.85989221698, "first.data.num_per_cell": 0.001495583801658578, "first.randoms.N": 3940468, "first.randoms.W": 4074286.75, "first.randoms.W2": 3514646.680978332, "first.randoms.num_per_cell": 0.026186158366339893, "first.data.ext": 1, "first.randoms.ext": 1, "second.data.N": 220209, "second.data.W": 232710.1875, "second.data.W2": -94887.1875, "second.data.num_per_cell": -0.0007069646380841732, "second.randoms.N": 3940468, "second.randoms.W": 4074286.75, "second.randoms.W2": -1660246.75, "second.randoms.num_per_cell": -0.012369802221655846, "second.data.ext": 1, "second.randoms.ext": 1}}, "attrs": {"poles": [0], "dk": 0.005, "kmin": 0.0, "kmax": null, "Nmesh": {"__dtype__": "<i8", "__shape__": [3], "__data__": [512, 512, 512]}, "BoxSize": {"__dtype__": "<f8", "__shape__": [3], "__data__": [3422.0, 7181.0, 3019.0]}, "BoxPad": {"__dtype__": "<f8", "__shape__": [3], "__data__": [0.1, 0.1, 0.1]}, "BoxCenter": {"__dtype__": "<f8", "__shape__": [3], "__data__": [-1748.8605303519314, 37.413106239575654, 1913.4962112966373]}, "mesh.resampler": "tsc", "mesh.interlaced": true, "alpha": 0.0571167916059494, "data.norm": -1.4381091634650471, "randoms.norm": -1.4372919797127668, "shotnoise": 59047.05050267027, "first.data.N": 220209, "first.data.W": 232710.1875, "first.data.W2": 200733.85989221698, "first.data.num_per_cell": 0.001495583801658578, "first.randoms.N": 3940468, "first.randoms.W": 4074286.75, "first.randoms.W2": 3514646.680978332, "first.randoms.num_per_cell": 0.026186158366339893, "first.data.ext": 1, "first.randoms.ext": 1, "second.data.N": 220209, "second.data.W": 232710.1875, "second.data.W2": -94887.1875, "second.data.num_per_cell": -0.0007069646380841732, "second.randoms.N": 3940468, "second.randoms.W": 4074286.75, "second.randoms.W2": -1660246.75, "second.randoms.num_per_cell": -0.012369802221655846, "second.data.ext": 1, "second.randoms.ext": 1, "p": 3.0, "zmin": 0.8, "zmax": 2.2, "P0_FKP": 30000.0, "z-weighted": true, "hashkeys": ["Nmesh", "P0_FKP", "dk", "kmin", "mesh.window", "mesh.interlaced", "poles", "p", "BoxPad", "zmin", "zmax", "z-weighted"]}}