{"poles": {"dims": ["k"], "edges": [{"__dtype__": "<f8", "__shape__": [46], "__data__": [0.0, 0.005, 0.01, 0.015, 0.02, 0.025, 0.03, 0.035, 0.04, 0.045, 0.05, 0.055, 0.06, 0.065, 0.07, 0.075, 0.08, 0.085, 0.09, 0.095, 0.1, 0.105, 0.11, 0.115, 0.12, 0.125, 0.13, 0.135, 0.14, 0.145, 0.15, 0.155, 0.16, 0.165, 0.17, 0.17500000000000002, 0.18, 0.185, 0.19, 0.195, 0.2, 0.20500000000000002, 0.21, 0.215, 0.22, 0.225]}], "coords": [{"__dtype__": "<f8", "__shape__": [45], "__data__": [0.0025, 0.0075, 0.0125, 0.0175, 0.0225, 0.0275, 0.0325, 0.037500000000000006, 0.042499999999999996, 0.0475, 0.052500000000000005, 0.057499999999999996, 0.0625, 0.0675, 0.07250000000000001, 0.0775, 0.0825, 0.0875, 0.0925, 0.0975, 0.10250000000000001, 0.1075, 0.1125, 0.1175, 0.1225, 0.1275, 0.1325, 0.1375, 0.14250000000000002, 0.1475, 0.1525, 0.1575, 0.1625, 0.1675, 0.17250000000000001, 0.1775, 0.1825, 0.1875, 0.1925, 0.1975, 0.2025, 0.20750000000000002, 0.2125, 0.2175, 0.2225]}], "data": {"__dtype__": [["k", "<f8"], ["power_0", "<c8"], ["modes", "<i8"]], "__shape__": [45], "__data__": [[0.0038213080117539943, {"__complex__": [87793.0390625, 1.045646642189313e-12]}, 167], [0.008050570336546364, {"__complex__": [123325.671875, 1.2194343028838067e-13]}, 1074], [0.012830080034137308, {"__complex__": [110462.140625, -1.8262946493638466e-13]}, 2988], [0.017727664394691273, {"__complex__": [112876.734375, 2.536060520386043e-14]}, 5738], [0.02266098361443289, {"__complex__": [104413.8203125, -9.960767799498723e-15]}, 9496], [0.02764781084345174, {"__complex__": [109040.171875, -2.4371665438820828e-14]}, 14330], [0.03263354553109066, {"__complex__": [103576.46875, -2.4272806529480884e-14]}, 19784], [0.03760636437554332, {"__complex__": [100200.4453125, 1.325009319521871e-14]}, 26358], [0.042598670995502706, {"__complex__": [95353.265625, 1.0267712210792947e-14]}, 34014], [0.04758658674334971, {"__complex__": [92677.3828125, -5.522024623585281e-15]}, 42164], [0.05257792376477681, {"__complex__": [93689.4140625, 6.1677288507055485e-15]}, 51906], [0.05758102899581993, {"__complex__": [91582.71875, -2.345494158528176e-15]}, 62042], [0.06257194362073296, {"__complex__": [90562.0, -1.7802028772005533e-14]}, 73160], [0.06756338104952826, {"__complex__": [88242.6640625, 1.5997848594353874e-14]}, 85504], [0.07255798020378654, {"__complex__": [85554.2890625, 5.912168422607085e-15]}, 98454], [0.07755100955033145, {"__complex__": [85766.875, -7.754266877175531e-16]}, 112598], [0.08254279036966977, {"__complex__": [85260.609375, 8.451252596504942e-15]}, 127418], [0.0875422064085236, {"__complex__": [83434.375, 6.980742837215748e-15]}, 143836], [0.09254605185555499, {"__complex__": [81124.96875, -7.249767701043765e-16]}, 160578], [0.09754561705457987, {"__complex__": [81124.0625, -3.0319893748058423e-15]}, 178180], [0.10253839682609162, {"__complex__": [80440.09375, 3.107296956563854e-15]}, 196692], [0.10753562766425277, {"__complex__": [78723.5, -8.721274100474523e-16]}, 216912], [0.11254141284878241, {"__complex__": [78513.7734375, 1.5306205641218388e-16]}, 237680], [0.11754000426119486, {"__complex__": [78642.734375, 4.980949717758127e-15]}, 258554], [0.1225329380150164, {"__complex__": [78116.640625, 2.6406815407562737e-15]}, 281044], [0.12753263176959012, {"__complex__": [78464.0859375, 9.154966722050868e-15]}, 305186], [0.13253327012696176, {"__complex__": [77900.6328125, 4.865233899855757e-16]}, 329010], [0.13753302152948424, {"__complex__": [77152.5234375, -1.7230814316332704e-15]}, 354702], [0.14253321261480606, {"__complex__": [76712.09375, -5.981757684938183e-15]}, 380720], [0.1475298200014195, {"__complex__": [75933.9140625, -2.178537400119012e-15]}, 407460], [0.15252928069592062, {"__complex__": [76415.6640625, -2.5210612186044165e-15]}, 436518], [0.15752751823617736, {"__complex__": [76210.890625, 2.537851529201365e-15]}, 464450], [0.16252673606919377, {"__complex__": [76140.2890625, -2.348920565618497e-16]}, 495612], [0.16752636988046596, {"__complex__": [75394.2890625, -5.53799617095959e-16]}, 525530], [0.17252218706318334, {"__complex__": [75638.4453125, -1.1582013530378043e-16]}, 557538], [0.1775239394900446, {"__complex__": [75118.9296875, -8.609377871768677e-16]}, 591584], [0.18252441023311122, {"__complex__": [75360.2421875, -4.1999427240445037e-16]}, 623662], [0.18752193949481652, {"__complex__": [74933.0390625, 1.544873640464846e-15]}, 659364], [0.19252153136530042, {"__complex__": [74379.375, -1.257173976550917e-16]}, 694506], [0.19752079720255325, {"__complex__": [74536.1953125, 6.765518965098482e-16]}, 731304], [0.20252144057775384, {"__complex__": [74787.8046875, 3.2354996282955286e-15]}, 769086], [0.2075198667562769, {"__complex__": [74585.3359375, -3.6990217327192954e-16]}, 806468], [0.21251783424493587, {"__complex__": [74042.953125, 3.0934829079853204e-16]}, 846730], [0.217518737425895, {"__complex__": [73684.890625, 9.513993706964101e-16]}, 887126], [0.2225187983500084, {"__complex__": [73713.09375, -5.568084898828431e-16]}, 927775]]}, "attrs": {"poles": [0], "dk": 0.005, "kmin": 0.0, "kmax": null, "Nmesh": {"__dtype__": "<i8", "__shape__": [3], "__data__": [512, 512, 512]}, "BoxSize": {"__dtype__": "<f8", "__shape__": [3], "__data__": [3413.0, 7180.0, 3020.0]}, "BoxPad": {"__dtype__": "<f8", "__shape__": [3], "__data__": [0.1, 0.1, 0.1]}, "BoxCenter": {"__dtype__": "<f8", "__shape__": [3], "__data__": [-1743.7634983800183, 33.2096636566107, 1911.549940491622]}, "mesh.resampler": "tsc", "mesh.interlaced": true, "alpha": 0.05678236111998558, "data.norm": 1.7398548740888264, "randoms.norm": 1.7405196954957793, "shotnoise": 72545.87901087927, "first.data.N": 219665, "first.data.W": 232207.296875, "first.data.W2": 200523.43842772342, "first.data.num_per_cell": 0.001494016039578046, "first.randoms.N": 3957135, "first.randoms.W": 4089426.5, "first.randoms.W2": 3531589.93347868, "first.randoms.num_per_cell": 0.026312395434667766, "first.data.ext": 1, "first.randoms.ext": 1, "second.data.N": 219665, "second.data.W": 232207.296875, "second.data.W2": 119164.1015625, "second.data.num_per_cell": 0.0008878417429514229, "second.randoms.N": 3957135, "second.randoms.W": 4089426.5, "second.randoms.W2": 2099426.25, "second.randoms.num_per_cell": 0.015641944482922554, "second.data.ext": 1, "second.randoms.ext": 1}}, "attrs": {"poles": [0], "dk": 0.005, "kmin": 0.0, "kmax": null, "Nmesh": {"__dtype__": "<i8", "__shape__": [3], "__data__": [512, 512, 512]}, "BoxSize": {"__dtype__": "<f8", "__shape__": [3], "__data__": [3413.0, 7180.0, 3020.0]}, "BoxPad": {"__dtype__": "<f8", "__shape__": [3], "__data__": [0.1, 0.1, 0.1]}, "BoxCenter": {"__dtype__": "<f8", "__shape__": [3], "__data__": [-1743.7634983800183, 33.2096636566107, 1911.549940491622]}, "mesh.resampler": "tsc", "mesh.interlaced": true, "alpha": 0.05678236111998558, "data.norm": 1.7398548740888264, "randoms.norm": 1.7405196954957793, "shotnoise": 72545.87901087927, "first.data.N": 219665, "first.data.W": 232207.296875, "first.data.W2": 200523.43842772342, "first.data.num_per_cell": 0.001494016039578046, "first.randoms.N": 3957135, "first.randoms.W": 4089426.5, "first.randoms.W2": 3531589.93347868, "first.randoms.num_per_cell": 0.026312395434667766, "first.data.ext": 1, "first.randoms.ext": 1, "second.data.N": 219665, "second.data.W": 232207.296875, "second.data.W2": 119164.1015625, "second.data.num_per_cell": 0.0008878417429514229, "second.randoms.N": 3957135, "second.randoms.W": 4089426.5, "second.randoms.W2": 2099426.25, "second.randoms.num_per_cell": 0.015641944482922554, "second.data.ext": 1, "second.randoms.ext": 1, "p": 1.6, "zmin": 0.8, "zmax": 2.2, "P0_FKP": 30000.0, "z-weighted": true, "hashkeys": ["Nmesh", "P0_FKP", "dk", "kmin", "mesh.window", "mesh.interlaced", "poles", "p", "BoxPad", "zmin", "zmax", "z-weighted"]}}