{"poles": {"dims": ["k"], "edges": [{"__dtype__": "<f8", "__shape__": [46], "__data__": [0.0, 0.005, 0.01, 0.015, 0.02, 0.025, 0.03, 0.035, 0.04, 0.045, 0.05, 0.055, 0.06, 0.065, 0.07, 0.075, 0.08, 0.085, 0.09, 0.095, 0.1, 0.105, 0.11, 0.115, 0.12, 0.125, 0.13, 0.135, 0.14, 0.145, 0.15, 0.155, 0.16, 0.165, 0.17, 0.17500000000000002, 0.18, 0.185, 0.19, 0.195, 0.2, 0.20500000000000002, 0.21, 0.215, 0.22, 0.225]}], "coords": [{"__dtype__": "<f8", "__shape__": [45], "__data__": [0.0025, 0.0075, 0.0125, 0.0175, 0.0225, 0.0275, 0.0325, 0.037500000000000006, 0.042499999999999996, 0.0475, 0.052500000000000005, 0.057499999999999996, 0.0625, 0.0675, 0.07250000000000001, 0.0775, 0.0825, 0.0875, 0.0925, 0.0975, 0.10250000000000001, 0.1075, 0.1125, 0.1175, 0.1225, 0.1275, 0.1325, 0.1375, 0.14250000000000002, 0.1475, 0.1525, 0.1575, 0.1625, 0.1675, 0.17250000000000001, 0.1775, 0.1825, 0.1875, 0.1925, 0.1975, 0.2025, 0.20750000000000002, 0.2125, 0.2175, 0.2225]}], "data": {"__dtype__": [["k", "<f8"], ["power_0", "<c8"], ["modes", "<i8"]], "__shape__": [45], "__data__": [[0.0038126274293952683, {"__complex__": [-109946.421875, 4.247939348368812e-13]}, 167], [0.008045681708996569, {"__complex__": [-104908.28125, -9.414362600037793e-14]}, 1082], [0.012810509002759004, {"__complex__": [-121175.5703125, -1.072862366438207e-13]}, 2984], [0.01771624995040731, {"__complex__": [-149632.8125, 2.0050865671581916e-14]}, 5806], [0.022670140786775934, {"__complex__": [-138746.71875, 9.701277053821705e-14]}, 9600], [0.027649991730081817, {"__complex__": [-129418.21875, -5.67247156635798e-14]}, 14366], [0.032631468127856396, {"__complex__": [-120208.34375, -8.162949347500711e-14]}, 19966], [0.03761217270955073, {"__complex__": [-120669.640625, -4.817789911589973e-14]}, 26580], [0.04260087416595809, {"__complex__": [-116849.4609375, -3.4045540637985677e-15]}, 34194], [0.04758780834735069, {"__complex__": [-111023.859375, -4.860679255467605e-14]}, 42512], [0.05257086341827753, {"__complex__": [-109864.1015625, -1.0625101669260902e-14]}, 52044], [0.05756846194639817, {"__complex__": [-110928.6484375, 2.9068483036620183e-15]}, 62576], [0.06256975162935784, {"__complex__": [-107503.28125, 2.8384749994783513e-14]}, 73824], [0.06756095051397833, {"__complex__": [-105523.9375, 1.5917056897778864e-14]}, 85938], [0.07255124750898641, {"__complex__": [-104794.984375, 1.5336807141657673e-14]}, 99152], [0.07755289810508607, {"__complex__": [-101814.6953125, -1.7523797083557335e-14]}, 113766], [0.08255318326753544, {"__complex__": [-99848.71875, 7.933657867492151e-16]}, 128394], [0.08755105327706536, {"__complex__": [-97701.1328125, -6.031798697396073e-15]}, 144752], [0.09254641721036945, {"__complex__": [-98386.6796875, -8.658955239567064e-15]}, 161334], [0.09754122096368474, {"__complex__": [-96313.9765625, -5.835939692518935e-15]}, 179532], [0.10253974466590594, {"__complex__": [-96849.4375, 8.948705729064973e-15]}, 198390], [0.10753302833143596, {"__complex__": [-95532.9453125, 7.482666186154913e-15]}, 217812], [0.11253115503803318, {"__complex__": [-96381.265625, 3.0403900358184736e-15]}, 239310], [0.11753379088334667, {"__complex__": [-94120.46875, 0.0]}, 260750], [0.12253334143513353, {"__complex__": [-92915.6484375, 6.368093647345606e-15]}, 283356], [0.1275325222911934, {"__complex__": [-93084.09375, -8.152121217116191e-15]}, 307028], [0.1325318386878945, {"__complex__": [-92421.1875, 1.2907172753555754e-14]}, 331464], [0.13753075801379736, {"__complex__": [-92619.9921875, -4.086357141064919e-15]}, 357000], [0.1425301647860664, {"__complex__": [-91814.1328125, 6.223502582150455e-15]}, 383468], [0.14752763204117791, {"__complex__": [-91799.125, 7.303576316051042e-15]}, 410442], [0.15252626256931484, {"__complex__": [-90542.890625, 8.345317573923636e-15]}, 439418], [0.1575264424722382, {"__complex__": [-90508.5390625, 2.486582477788634e-16]}, 468174], [0.16252461152871073, {"__complex__": [-90048.2890625, -1.7221615538525522e-15]}, 498538], [0.16752352602631881, {"__complex__": [-89434.828125, -2.3074035104066236e-15]}, 529756], [0.17252501960971864, {"__complex__": [-89179.296875, 8.283606353276713e-16]}, 562148], [0.17752439491175911, {"__complex__": [-88925.921875, 3.426294858455744e-15]}, 594598], [0.18252202096570053, {"__complex__": [-89759.4375, -3.703413598550809e-16]}, 628692], [0.18752183699270572, {"__complex__": [-88886.734375, 2.454724774549012e-15]}, 663950], [0.19252197847794153, {"__complex__": [-88501.578125, -1.746973584097354e-15]}, 699702], [0.19752215204565887, {"__complex__": [-88176.7265625, -1.916571497115175e-15]}, 736490], [0.20252010155509229, {"__complex__": [-87861.59375, 2.256694030134673e-16]}, 773800], [0.2075188813999271, {"__complex__": [-88343.515625, 1.0022350059379426e-15]}, 813090], [0.21252075167651197, {"__complex__": [-87443.46875, 4.3671167993441975e-15]}, 853032], [0.21751872026401364, {"__complex__": [-87675.7421875, 3.653457236448086e-15]}, 892204], [0.22251534542605236, {"__complex__": [-87536.15625, 2.8657428535229512e-15]}, 934331]]}, "attrs": {"poles": [0], "dk": 0.005, "kmin": 0.0, "kmax": null, "Nmesh": {"__dtype__": "<i8", "__shape__": [3], "__data__": [512, 512, 512]}, "BoxSize": {"__dtype__": "<f8", "__shape__": [3], "__data__": [3432.0, 7191.0, 3020.0]}, "BoxPad": {"__dtype__": "<f8", "__shape__": [3], "__data__": [0.1, 0.1, 0.1]}, "BoxCenter": {"__dtype__": "<f8", "__shape__": [3], "__data__": [-1752.00802159072, 37.91392651654019, 1912.3652308656906]}, "mesh.resampler": "tsc", "mesh.interlaced": true, "alpha": 0.05680883303284645, "data.norm": -1.439923275453358, "randoms.norm": -1.4397114152435384, "shotnoise": 58966.40430311134, "first.data.N": 220175, "first.data.W": 232747.203125, "first.data.W2": 200749.75965892692, "first.data.num_per_cell": 0.0014957022641519228, "first.randoms.N": 3962807, "first.randoms.W": 4097025.0, "first.randoms.W2": 3533847.0331980363, "first.randoms.num_per_cell": 0.026329212138042124, "first.data.ext": 1, "first.randoms.ext": 1, "second.data.N": 220175, "second.data.W": 232747.203125, "second.data.W2": -94972.3359375, "second.data.num_per_cell": -0.0007075990433804691, "second.randoms.N": 3962807, "second.randoms.W": 4097025.0, "second.randoms.W2": -1671632.75, "second.randoms.num_per_cell": -0.01245463453233242, "second.data.ext": 1, "second.randoms.ext": 1}}, "attrs": {"poles": [0], "dk": 0.005, "kmin": 0.0, "kmax": null, "Nmesh": {"__dtype__": "<i8", "__shape__": [3], "__data__": [512, 512, 512]}, "BoxSize": {"__dtype__": "<f8", "__shape__": [3], "__data__": [3432.0, 7191.0, 3020.0]}, "BoxPad": {"__dtype__": "<f8", "__shape__": [3], "__data__": [0.1, 0.1, 0.1]}, "BoxCenter": {"__dtype__": "<f8", "__shape__": [3], "__data__": [-1752.00802159072, 37.91392651654019, 1912.3652308656906]}, "mesh.resampler": "tsc", "mesh.interlaced": true, "alpha": 0.05680883303284645, "data.norm": -1.439923275453358, "randoms.norm": -1.4397114152435384, "shotnoise": 58966.40430311134, "first.data.N": 220175, "first.data.W": 232747.203125, "first.data.W2": 200749.75965892692, "first.data.num_per_cell": 0.0014957022641519228, "first.randoms.N": 3962807, "first.randoms.W": 4097025.0, "first.randoms.W2": 3533847.0331980363, "first.randoms.num_per_cell": 0.026329212138042124, "first.data.ext": 1, "first.randoms.ext": 1, "second.data.N": 220175, "second.data.W": 232747.203125, "second.data.W2": -94972.3359375, "second.data.num_per_cell": -0.0007075990433804691, "second.randoms.N": 3962807, "second.randoms.W": 4097025.0, "second.randoms.W2": -1671632.75, "second.randoms.num_per_cell": -0.01245463453233242, "second.data.ext": 1, "second.randoms.ext": 1, "p": 3.0, "zmin": 0.8, "zmax": 2.2, "P0_FKP": 30000.0, "z-weighted": true, "hashkeys": ["Nmesh", "P0_FKP", "dk", "kmin", "mesh.window", "mesh.interlaced", "poles", "p", "BoxPad", "zmin", "zmax", "z-weighted"]}}