{"poles": {"dims": ["k"], "edges": [{"__dtype__": "<f8", "__shape__": [46], "__data__": [0.0, 0.005, 0.01, 0.015, 0.02, 0.025, 0.03, 0.035, 0.04, 0.045, 0.05, 0.055, 0.06, 0.065, 0.07, 0.075, 0.08, 0.085, 0.09, 0.095, 0.1, 0.105, 0.11, 0.115, 0.12, 0.125, 0.13, 0.135, 0.14, 0.145, 0.15, 0.155, 0.16, 0.165, 0.17, 0.17500000000000002, 0.18, 0.185, 0.19, 0.195, 0.2, 0.20500000000000002, 0.21, 0.215, 0.22, 0.225]}], "coords": [{"__dtype__": "<f8", "__shape__": [45], "__data__": [0.0025, 0.0075, 0.0125, 0.0175, 0.0225, 0.0275, 0.0325, 0.037500000000000006, 0.042499999999999996, 0.0475, 0.052500000000000005, 0.057499999999999996, 0.0625, 0.0675, 0.07250000000000001, 0.0775, 0.0825, 0.0875, 0.0925, 0.0975, 0.10250000000000001, 0.1075, 0.1125, 0.1175, 0.1225, 0.1275, 0.1325, 0.1375, 0.14250000000000002, 0.1475, 0.1525, 0.1575, 0.1625, 0.1675, 0.17250000000000001, 0.1775, 0.1825, 0.1875, 0.1925, 0.1975, 0.2025, 0.20750000000000002, 0.2125, 0.2175, 0.2225]}], "data": {"__dtype__": [["k", "<f8"], ["power_0", "<c8"], ["modes", "<i8"]], "__shape__": [45], "__data__": [[0.003814178829394928, {"__complex__": [-154581.15625, 1.7427442952286376e-12]}, 167], [0.008049156668652184, {"__complex__": [-126415.609375, 8.069453850782782e-13]}, 1082], [0.012813010240178358, {"__complex__": [-135907.078125, 1.1719663054691326e-13]}, 2980], [0.017720322955745323, {"__complex__": [-142747.4375, 3.3835835609036247e-14]}, 5806], [0.022666094479656198, {"__complex__": [-133189.625, -6.093767119597429e-14]}, 9552], [0.027644281203221967, {"__complex__": [-131904.71875, -1.0126593980681539e-13]}, 14370], [0.0326309781996047, {"__complex__": [-125659.0625, -8.75478685315352e-15]}, 19946], [0.03761577457021665, {"__complex__": [-117875.1328125, 2.9559261126039377e-14]}, 26584], [0.04260457898345795, {"__complex__": [-112963.25, -1.7058689809912341e-15]}, 34122], [0.04758644913644197, {"__complex__": [-112187.1796875, 6.175951846557493e-15]}, 42412], [0.052571475101763736, {"__complex__": [-112620.578125, 4.136607709473959e-14]}, 52064], [0.05757138637205364, {"__complex__": [-109463.6953125, 1.4909748376245105e-14]}, 62464], [0.06256957275305558, {"__complex__": [-107370.8359375, 1.550303058129275e-14]}, 73684], [0.06756226439348662, {"__complex__": [-103710.3125, 1.964415433162829e-14]}, 85930], [0.07255342049983649, {"__complex__": [-104850.7109375, 1.9116298645492462e-14]}, 98960], [0.07755406922691069, {"__complex__": [-102609.5078125, 1.152373416959604e-14]}, 113650], [0.08255209843972162, {"__complex__": [-100744.7109375, -1.2382772114811775e-14]}, 128094], [0.08754740712354893, {"__complex__": [-99111.5859375, -1.2080455891541348e-15]}, 144550], [0.09254244224029774, {"__complex__": [-97395.7890625, -3.974452230271364e-15]}, 161100], [0.09753828150055077, {"__complex__": [-97716.3828125, 1.1114401262670662e-14]}, 179372], [0.10253941921132129, {"__complex__": [-95406.46875, 1.2331011625470959e-14]}, 198258], [0.10753456997659767, {"__complex__": [-95208.8515625, 7.958956200527795e-15]}, 217576], [0.1125336651925447, {"__complex__": [-93690.0546875, 1.0104735448444695e-14]}, 239058], [0.11753659039012025, {"__complex__": [-94772.6484375, 2.011677415224072e-15]}, 260414], [0.12253331860469281, {"__complex__": [-92832.8203125, -8.235903575269719e-16]}, 282702], [0.12753129115422038, {"__complex__": [-92795.8671875, 1.574779938612672e-14]}, 306788], [0.13252979738147314, {"__complex__": [-93471.0078125, -3.1676872293295334e-15]}, 330758], [0.1375286008864787, {"__complex__": [-92053.359375, 2.773378145789606e-15]}, 356796], [0.14253026369836455, {"__complex__": [-90830.2734375, -1.5195759162341327e-16]}, 383052], [0.1475260526318056, {"__complex__": [-90934.7578125, 1.918605858496243e-15]}, 409570], [0.1525258193880346, {"__complex__": [-90590.375, -1.5235041638759226e-15]}, 439374], [0.157527938642392, {"__complex__": [-89366.0546875, 8.592474164635915e-15]}, 467424], [0.16252541726883535, {"__complex__": [-89557.890625, -2.8493629303889476e-15]}, 497940], [0.16752436154778771, {"__complex__": [-88339.8828125, 1.6503510534963983e-15]}, 529048], [0.1725243991335794, {"__complex__": [-88870.65625, 3.3194657925986106e-15]}, 561128], [0.17752260916396476, {"__complex__": [-87984.578125, 5.292603632239086e-15]}, 593888], [0.1825221847822712, {"__complex__": [-88509.78125, -8.036942523981499e-15]}, 628288], [0.1875229815510019, {"__complex__": [-88346.8203125, -1.0535959074858912e-15]}, 662960], [0.1925223019001823, {"__complex__": [-88097.140625, 6.3311028715060634e-15]}, 698738], [0.19752174799199498, {"__complex__": [-87538.328125, 3.957475837123816e-16]}, 735414], [0.20252066878635394, {"__complex__": [-87179.875, 8.515515292147231e-15]}, 773264], [0.2075202035969852, {"__complex__": [-87965.1484375, -1.7029092361152908e-15]}, 811806], [0.21251990767606355, {"__complex__": [-88010.21875, -2.8710833962553896e-15]}, 851498], [0.21751791766824005, {"__complex__": [-87987.6796875, 0.0]}, 891526], [0.22251529416018237, {"__complex__": [-87331.7265625, -2.9323475952643986e-15]}, 932959]]}, "attrs": {"poles": [0], "dk": 0.005, "kmin": 0.0, "kmax": null, "Nmesh": {"__dtype__": "<i8", "__shape__": [3], "__data__": [512, 512, 512]}, "BoxSize": {"__dtype__": "<f8", "__shape__": [3], "__data__": [3430.0, 7186.0, 3020.0]}, "BoxPad": {"__dtype__": "<f8", "__shape__": [3], "__data__": [0.1, 0.1, 0.1]}, "BoxCenter": {"__dtype__": "<f8", "__shape__": [3], "__data__": [-1751.8422085657312, 39.38641570840309, 1912.6967169959855]}, "mesh.resampler": "tsc", "mesh.interlaced": true, "alpha": 0.056849103420972824, "data.norm": -1.4267958654275403, "randoms.norm": -1.42615855733606, "shotnoise": 59383.79609294041, "first.data.N": 218799, "first.data.W": 231292.40625, "first.data.W2": 199897.07332888505, "first.data.num_per_cell": 0.0014893492559260506, "first.randoms.N": 3934843, "first.randoms.W": 4068532.25, "first.randoms.W2": 3516467.293849929, "first.randoms.num_per_cell": 0.02619972298927552, "first.data.ext": 1, "first.randoms.ext": 1, "second.data.N": 218799, "second.data.W": 231292.40625, "second.data.W2": -94488.515625, "second.data.num_per_cell": -0.000703994301147759, "second.randoms.N": 3934843, "second.randoms.W": 4068532.25, "second.randoms.W2": -1661130.125, "second.randoms.num_per_cell": -0.012376383878290653, "second.data.ext": 1, "second.randoms.ext": 1}}, "attrs": {"poles": [0], "dk": 0.005, "kmin": 0.0, "kmax": null, "Nmesh": {"__dtype__": "<i8", "__shape__": [3], "__data__": [512, 512, 512]}, "BoxSize": {"__dtype__": "<f8", "__shape__": [3], "__data__": [3430.0, 7186.0, 3020.0]}, "BoxPad": {"__dtype__": "<f8", "__shape__": [3], "__data__": [0.1, 0.1, 0.1]}, "BoxCenter": {"__dtype__": "<f8", "__shape__": [3], "__data__": [-1751.8422085657312, 39.38641570840309, 1912.6967169959855]}, "mesh.resampler": "tsc", "mesh.interlaced": true, "alpha": 0.056849103420972824, "data.norm": -1.4267958654275403, "randoms.norm": -1.42615855733606, "shotnoise": 59383.79609294041, "first.data.N": 218799, "first.data.W": 231292.40625, "first.data.W2": 199897.07332888505, "first.data.num_per_cell": 0.0014893492559260506, "first.randoms.N": 3934843, "first.randoms.W": 4068532.25, "first.randoms.W2": 3516467.293849929, "first.randoms.num_per_cell": 0.02619972298927552, "first.data.ext": 1, "first.randoms.ext": 1, "second.data.N": 218799, "second.data.W": 231292.40625, "second.data.W2": -94488.515625, "second.data.num_per_cell": -0.000703994301147759, "second.randoms.N": 3934843, "second.randoms.W": 4068532.25, "second.randoms.W2": -1661130.125, "second.randoms.num_per_cell": -0.012376383878290653, "second.data.ext": 1, "second.randoms.ext": 1, "p": 3.0, "zmin": 0.8, "zmax": 2.2, "P0_FKP": 30000.0, "z-weighted": true, "hashkeys": ["Nmesh", "P0_FKP", "dk", "kmin", "mesh.window", "mesh.interlaced", "poles", "p", "BoxPad", "zmin", "zmax", "z-weighted"]}}