{"poles": {"dims": ["k"], "edges": [{"__dtype__": "<f8", "__shape__": [46], "__data__": [0.0, 0.005, 0.01, 0.015, 0.02, 0.025, 0.03, 0.035, 0.04, 0.045, 0.05, 0.055, 0.06, 0.065, 0.07, 0.075, 0.08, 0.085, 0.09, 0.095, 0.1, 0.105, 0.11, 0.115, 0.12, 0.125, 0.13, 0.135, 0.14, 0.145, 0.15, 0.155, 0.16, 0.165, 0.17, 0.17500000000000002, 0.18, 0.185, 0.19, 0.195, 0.2, 0.20500000000000002, 0.21, 0.215, 0.22, 0.225]}], "coords": [{"__dtype__": "<f8", "__shape__": [45], "__data__": [0.0025, 0.0075, 0.0125, 0.0175, 0.0225, 0.0275, 0.0325, 0.037500000000000006, 0.042499999999999996, 0.0475, 0.052500000000000005, 0.057499999999999996, 0.0625, 0.0675, 0.07250000000000001, 0.0775, 0.0825, 0.0875, 0.0925, 0.0975, 0.10250000000000001, 0.1075, 0.1125, 0.1175, 0.1225, 0.1275, 0.1325, 0.1375, 0.14250000000000002, 0.1475, 0.1525, 0.1575, 0.1625, 0.1675, 0.17250000000000001, 0.1775, 0.1825, 0.1875, 0.1925, 0.1975, 0.2025, 0.20750000000000002, 0.2125, 0.2175, 0.2225]}], "data": {"__dtype__": [["k", "<f8"], ["power_0", "<c8"], ["modes", "<i8"]], "__shape__": [45], "__data__": [[0.0038153228795423603, {"__complex__": [115509.546875, -1.1327838623717557e-12]}, 167], [0.008051853567132453, {"__complex__": [101910.28125, -4.3037088107676646e-13]}, 1082], [0.012817119259808015, {"__complex__": [105221.2734375, 3.41823500114944e-14]}, 2980], [0.017726036895105463, {"__complex__": [106558.71875, -4.010173134316383e-14]}, 5806], [0.022669699135160773, {"__complex__": [110181.21875, 2.1363970027733423e-14]}, 9536], [0.02764763342832154, {"__complex__": [111786.078125, -2.6329143333332465e-14]}, 14370], [0.03263566380182419, {"__complex__": [101565.9921875, 3.6507563871924706e-14]}, 19930], [0.037614404314428265, {"__complex__": [98222.8515625, 1.812125346696905e-14]}, 26500], [0.0426022632949566, {"__complex__": [94780.9765625, 1.2789519030149184e-14]}, 34134], [0.04759067839546108, {"__complex__": [95370.453125, 9.431923625913448e-15]}, 42428], [0.05257572625831675, {"__complex__": [95482.5234375, -9.5194737983746e-15]}, 51974], [0.057573851481542274, {"__complex__": [92173.328125, 7.869366372729655e-15]}, 62410], [0.06257059745920188, {"__complex__": [88303.765625, -6.526764094190018e-15]}, 73576], [0.06756450573945005, {"__complex__": [87701.3984375, -1.016029657461984e-14]}, 85934], [0.07255700017254194, {"__complex__": [88456.6796875, -9.938223805849313e-16]}, 98836], [0.07755405629522702, {"__complex__": [85089.0234375, 2.5659774699731807e-15]}, 113422], [0.08255356279510102, {"__complex__": [84791.890625, 9.991483755265006e-15]}, 128166], [0.0875500581509017, {"__complex__": [82384.9296875, -8.572170890769348e-16]}, 144294], [0.09254193209841936, {"__complex__": [81512.4453125, -1.3568809246897401e-15]}, 160868], [0.09753895039851339, {"__complex__": [80766.5, 2.7384033083645287e-15]}, 179348], [0.10254028072521194, {"__complex__": [81068.765625, 4.190499841929835e-15]}, 197938], [0.1075351048199915, {"__complex__": [79366.703125, 4.416038034245817e-15]}, 217486], [0.11253490493921163, {"__complex__": [79392.9140625, 1.31044520209272e-15]}, 238748], [0.11753642418715288, {"__complex__": [79364.7421875, 6.433702278341082e-16]}, 260110], [0.122534548211228, {"__complex__": [79175.3203125, -5.148532539394431e-16]}, 282642], [0.12753294371904444, {"__complex__": [78713.8515625, -1.0450686150476453e-15]}, 306336], [0.1325298534852527, {"__complex__": [77532.7578125, 1.7618290596845367e-16]}, 330382], [0.13752953746712307, {"__complex__": [77788.0078125, -8.160745547766457e-17]}, 356632], [0.1425303661426185, {"__complex__": [76886.0390625, -2.159664659021239e-15]}, 382384], [0.14752645953664129, {"__complex__": [77277.0546875, 4.044241815894488e-15]}, 409518], [0.15252756261254258, {"__complex__": [77103.6171875, 1.6995329627875352e-15]}, 438818], [0.15752848384792156, {"__complex__": [76273.9609375, 1.8700094607298958e-16]}, 466904], [0.16252576662402093, {"__complex__": [76390.6484375, 3.12969568406281e-15]}, 497510], [0.1675260443280575, {"__complex__": [75937.4453125, 1.9265821560023e-15]}, 528726], [0.17252546075130312, {"__complex__": [75680.4375, 1.194738489794533e-15]}, 560280], [0.17752338875080004, {"__complex__": [75372.6171875, 2.5128056119840024e-15]}, 593588], [0.1825233817103822, {"__complex__": [75420.421875, -5.4731559047263914e-15]}, 627472], [0.18752285887604225, {"__complex__": [75504.171875, -1.1866485839944255e-15]}, 662204], [0.19252161911791676, {"__complex__": [75317.4296875, -1.1101632029232567e-15]}, 697996], [0.19751970980478892, {"__complex__": [75270.09375, 1.56541238949075e-15]}, 734376], [0.20251905057961517, {"__complex__": [75430.4609375, -1.7885742308732097e-15]}, 772924], [0.20751960045229306, {"__complex__": [75360.859375, -9.690963241842758e-16]}, 810862], [0.21252047351927972, {"__complex__": [74260.6875, 3.76081188624899e-15]}, 851258], [0.2175189047234169, {"__complex__": [74428.984375, -5.721043167234796e-16]}, 890252], [0.22251618058987366, {"__complex__": [74447.6875, -6.242985398728488e-16]}, 932369]]}, "attrs": {"poles": [0], "dk": 0.005, "kmin": 0.0, "kmax": null, "Nmesh": {"__dtype__": "<i8", "__shape__": [3], "__data__": [512, 512, 512]}, "BoxSize": {"__dtype__": "<f8", "__shape__": [3], "__data__": [3426.0, 7185.0, 3021.0]}, "BoxPad": {"__dtype__": "<f8", "__shape__": [3], "__data__": [0.1, 0.1, 0.1]}, "BoxCenter": {"__dtype__": "<f8", "__shape__": [3], "__data__": [-1747.5085971072726, 39.15327594642895, 1911.5650517277868]}, "mesh.resampler": "tsc", "mesh.interlaced": true, "alpha": 0.05681378394365311, "data.norm": 1.7358971682892674, "randoms.norm": 1.7361446950295432, "shotnoise": 72799.22425976495, "first.data.N": 219524, "first.data.W": 232103.109375, "first.data.W2": 200440.01304806262, "first.data.num_per_cell": 0.0014933944720630543, "first.randoms.N": 3949806, "first.randoms.W": 4085331.0, "first.randoms.W2": 3528073.4418556876, "first.randoms.num_per_cell": 0.026286195530412254, "first.data.ext": 1, "first.randoms.ext": 1, "second.data.N": 219524, "second.data.W": 232103.109375, "second.data.W2": 119059.0, "second.data.num_per_cell": 0.000887058675289154, "second.randoms.N": 3949806, "second.randoms.W": 4085331.0, "second.randoms.W2": 2095831.875, "second.randoms.num_per_cell": 0.015615164302289486, "second.data.ext": 1, "second.randoms.ext": 1}}, "attrs": {"poles": [0], "dk": 0.005, "kmin": 0.0, "kmax": null, "Nmesh": {"__dtype__": "<i8", "__shape__": [3], "__data__": [512, 512, 512]}, "BoxSize": {"__dtype__": "<f8", "__shape__": [3], "__data__": [3426.0, 7185.0, 3021.0]}, "BoxPad": {"__dtype__": "<f8", "__shape__": [3], "__data__": [0.1, 0.1, 0.1]}, "BoxCenter": {"__dtype__": "<f8", "__shape__": [3], "__data__": [-1747.5085971072726, 39.15327594642895, 1911.5650517277868]}, "mesh.resampler": "tsc", "mesh.interlaced": true, "alpha": 0.05681378394365311, "data.norm": 1.7358971682892674, "randoms.norm": 1.7361446950295432, "shotnoise": 72799.22425976495, "first.data.N": 219524, "first.data.W": 232103.109375, "first.data.W2": 200440.01304806262, "first.data.num_per_cell": 0.0014933944720630543, "first.randoms.N": 3949806, "first.randoms.W": 4085331.0, "first.randoms.W2": 3528073.4418556876, "first.randoms.num_per_cell": 0.026286195530412254, "first.data.ext": 1, "first.randoms.ext": 1, "second.data.N": 219524, "second.data.W": 232103.109375, "second.data.W2": 119059.0, "second.data.num_per_cell": 0.000887058675289154, "second.randoms.N": 3949806, "second.randoms.W": 4085331.0, "second.randoms.W2": 2095831.875, "second.randoms.num_per_cell": 0.015615164302289486, "second.data.ext": 1, "second.randoms.ext": 1, "p": 1.6, "zmin": 0.8, "zmax": 2.2, "P0_FKP": 30000.0, "z-weighted": true, "hashkeys": ["Nmesh", "P0_FKP", "dk", "kmin", "mesh.window", "mesh.interlaced", "poles", "p", "BoxPad", "zmin", "zmax", "z-weighted"]}}