{"poles": {"dims": ["k"], "edges": [{"__dtype__": "<f8", "__shape__": [57], "__data__": [0.0, 0.005, 0.01, 0.015, 0.02, 0.025, 0.03, 0.035, 0.04, 0.045, 0.05, 0.055, 0.06, 0.065, 0.07, 0.075, 0.08, 0.085, 0.09, 0.095, 0.1, 0.105, 0.11, 0.115, 0.12, 0.125, 0.13, 0.135, 0.14, 0.145, 0.15, 0.155, 0.16, 0.165, 0.17, 0.17500000000000002, 0.18, 0.185, 0.19, 0.195, 0.2, 0.20500000000000002, 0.21, 0.215, 0.22, 0.225, 0.23, 0.23500000000000001, 0.24, 0.245, 0.25, 0.255, 0.26, 0.265, 0.27, 0.275, 0.28]}], "coords": [{"__dtype__": "<f8", "__shape__": [56], "__data__": [0.0025, 0.0075, 0.0125, 0.0175, 0.0225, 0.0275, 0.0325, 0.037500000000000006, 0.042499999999999996, 0.0475, 0.052500000000000005, 0.057499999999999996, 0.0625, 0.0675, 0.07250000000000001, 0.0775, 0.0825, 0.0875, 0.0925, 0.0975, 0.10250000000000001, 0.1075, 0.1125, 0.1175, 0.1225, 0.1275, 0.1325, 0.1375, 0.14250000000000002, 0.1475, 0.1525, 0.1575, 0.1625, 0.1675, 0.17250000000000001, 0.1775, 0.1825, 0.1875, 0.1925, 0.1975, 0.2025, 0.20750000000000002, 0.2125, 0.2175, 0.2225, 0.2275, 0.2325, 0.2375, 0.2425, 0.2475, 0.2525, 0.2575, 0.2625, 0.2675, 0.2725, 0.2775]}], "data": {"__dtype__": [["k", "<f8"], ["power_0", "<c8"], ["modes", "<i8"]], "__shape__": [56], "__data__": [[0.0038167672142665646, {"__complex__": [-49555.82421875, 4.3223511250224667e-13]}, 101], [0.008101865715581386, {"__complex__": [-79172.34375, -3.5852543807043946e-13]}, 690], [0.012882131949570648, {"__complex__": [-86360.1484375, -1.5765888621748284e-14]}, 1846], [0.017776004104700767, {"__complex__": [-82892.9609375, -3.2391576671331884e-14]}, 3594], [0.022694265809429702, {"__complex__": [-79028.6796875, 5.965936972955957e-14]}, 5854], [0.027654802407803925, {"__complex__": [-81157.5546875, -3.9480666457446245e-14]}, 8846], [0.03263095820120482, {"__complex__": [-77713.3046875, -7.122816944008133e-15]}, 12258], [0.037607350556816375, {"__complex__": [-73222.703125, -1.4233441695773487e-14]}, 16358], [0.04260750785213816, {"__complex__": [-71168.546875, -1.793127075316349e-14]}, 21100], [0.04759805005996401, {"__complex__": [-71129.125, -2.4462606284169838e-14]}, 26174], [0.052579645614651206, {"__complex__": [-68764.4453125, 7.280508220765518e-15]}, 31980], [0.057572273134940496, {"__complex__": [-67388.5, -1.219973168304191e-14]}, 38468], [0.06256838491656236, {"__complex__": [-66601.9609375, -1.2976760745337431e-14]}, 45416], [0.0675622517167082, {"__complex__": [-65538.390625, -1.6510001983713503e-14]}, 52884], [0.07255323196389257, {"__complex__": [-65004.2578125, 1.7882903477809374e-14]}, 61030], [0.0775487139455264, {"__complex__": [-63463.42578125, 4.170200750288445e-16]}, 69790], [0.08254176343472003, {"__complex__": [-62622.015625, 1.106385203044442e-14]}, 78916], [0.08754314059037281, {"__complex__": [-62063.58984375, 0.0]}, 89256], [0.09255159379916705, {"__complex__": [-61457.82421875, -1.4036935134208173e-14]}, 99522], [0.09754858131787468, {"__complex__": [-59692.578125, 0.0]}, 110312], [0.10254684832896842, {"__complex__": [-59955.96484375, 7.022435916461973e-15]}, 122260], [0.10754347427624276, {"__complex__": [-59821.01171875, 1.412153424388109e-15]}, 133962], [0.11253449299027286, {"__complex__": [-59313.34765625, 3.1703087963012855e-15]}, 146882], [0.11753113533798627, {"__complex__": [-59004.53125, 2.1770724566367358e-15]}, 160420], [0.12253355597336332, {"__complex__": [-58677.9921875, -4.471028260214513e-15]}, 174534], [0.12753730830428234, {"__complex__": [-58273.69140625, -3.955370695552093e-15]}, 189010], [0.1325346360965582, {"__complex__": [-58397.6796875, -3.143239952647643e-15]}, 203702], [0.13752831734471688, {"__complex__": [-57772.24609375, 1.6416273552935078e-15]}, 219392], [0.14252696641592985, {"__complex__": [-57879.59765625, -7.782547719097576e-16]}, 236064], [0.14752792093521708, {"__complex__": [-57525.78125, 4.001290045688643e-15]}, 252758], [0.15252906352708748, {"__complex__": [-57443.0703125, -1.2921157267514922e-15]}, 270290], [0.1575292909435209, {"__complex__": [-56788.98828125, -1.7675044980684958e-15]}, 288156], [0.16252482174037397, {"__complex__": [-57228.859375, -5.701007132263088e-16]}, 306302], [0.1675223509853365, {"__complex__": [-57120.44140625, -5.3558433238393285e-16]}, 326042], [0.1725251012956615, {"__complex__": [-56731.2734375, 1.761027978274671e-15]}, 346026], [0.17752615590388487, {"__complex__": [-56398.3828125, -2.5458214739603174e-15]}, 365824], [0.1825250864314345, {"__complex__": [-56264.51171875, -2.0681658307182245e-15]}, 386988], [0.18752494450615104, {"__complex__": [-56848.71484375, -2.5656835495404835e-15]}, 408366], [0.19252122912878344, {"__complex__": [-56206.1875, 5.078068397907937e-16]}, 429846], [0.19751743278199427, {"__complex__": [-56612.0625, -2.441014487506517e-15]}, 453068], [0.2025191995230781, {"__complex__": [-55888.01953125, -2.4418628439427513e-16]}, 476748], [0.20752017606433013, {"__complex__": [-55669.5625, -1.8628687612263052e-15]}, 499940], [0.21252026269838797, {"__complex__": [-55839.890625, 1.3307599109040752e-15]}, 524882], [0.2175211472313917, {"__complex__": [-55816.4609375, -2.2910354457338815e-15]}, 549420], [0.22251854185707542, {"__complex__": [-55475.953125, -2.1781270126560674e-15]}, 574560], [0.22751642813495293, {"__complex__": [-55531.3125, 5.844949581978879e-15]}, 601252], [0.23251630495740136, {"__complex__": [-55296.5, 2.08596381935483e-16]}, 627850], [0.23751745925037576, {"__complex__": [-55374.859375, -1.55385229558486e-15]}, 655554], [0.24251954973224601, {"__complex__": [-55719.95703125, -2.512577971879428e-15]}, 683412], [0.2475182998177507, {"__complex__": [-55490.80078125, -3.2749965099282006e-16]}, 710934], [0.25251512978372276, {"__complex__": [-55297.203125, 3.066664997842302e-15]}, 740250], [0.2575145852695374, {"__complex__": [-55062.9296875, -1.4732597576315736e-15]}, 770434], [0.2625170272407861, {"__complex__": [-55222.6484375, -4.689779177524146e-15]}, 800936], [0.26751843344631054, {"__complex__": [-55300.46875, -1.0504421920650266e-15]}, 831188], [0.272516491764043, {"__complex__": [-55280.57421875, 3.0388593414036667e-16]}, 861950], [0.2775106239095715, {"__complex__": [-54957.234375, 1.5246964686283014e-15]}, 892377]]}, "attrs": {"poles": [0], "dk": 0.005, "kmin": 0.0, "kmax": null, "Nmesh": {"__dtype__": "<i8", "__shape__": [3], "__data__": [512, 512, 512]}, "BoxSize": {"__dtype__": "<f8", "__shape__": [3], "__data__": [2671.0, 5790.0, 2965.0]}, "BoxPad": {"__dtype__": "<f8", "__shape__": [3], "__data__": [0.1, 0.1, 0.1]}, "BoxCenter": {"__dtype__": "<f8", "__shape__": [3], "__data__": [2580.2771535220627, 45.259839204402624, 887.0810565978676]}, "mesh.resampler": "tsc", "mesh.interlaced": true, "alpha": 0.0528876930475235, "data.norm": -0.8016077864329715, "randoms.norm": -0.801133723007892, "shotnoise": 67735.64842685884, "first.data.N": 125887, "first.data.W": 135568.875, "first.data.W2": 121029.01492662093, "first.data.num_per_cell": 0.0009017364302770863, "first.randoms.N": 2435515, "first.randoms.W": 2563335.0, "first.randoms.W2": 2288524.2987856776, "first.randoms.num_per_cell": 0.01705083473612128, "first.data.ext": 1, "first.randoms.ext": 1, "second.data.N": 125887, "second.data.W": 135568.875, "second.data.W2": -56850.16796875, "second.data.num_per_cell": -0.00042356675839982927, "second.randoms.N": 2435515, "second.randoms.W": 2563335.0, "second.randoms.W2": -1074247.0, "second.randoms.num_per_cell": -0.008003763854503632, "second.data.ext": 1, "second.randoms.ext": 1}}, "attrs": {"poles": [0], "dk": 0.005, "kmin": 0.0, "kmax": null, "Nmesh": {"__dtype__": "<i8", "__shape__": [3], "__data__": [512, 512, 512]}, "BoxSize": {"__dtype__": "<f8", "__shape__": [3], "__data__": [2671.0, 5790.0, 2965.0]}, "BoxPad": {"__dtype__": "<f8", "__shape__": [3], "__data__": [0.1, 0.1, 0.1]}, "BoxCenter": {"__dtype__": "<f8", "__shape__": [3], "__data__": [2580.2771535220627, 45.259839204402624, 887.0810565978676]}, "mesh.resampler": "tsc", "mesh.interlaced": true, "alpha": 0.0528876930475235,