{"poles": {"dims": ["k"], "edges": [{"__dtype__": "<f8", "__shape__": [46], "__data__": [0.0, 0.005, 0.01, 0.015, 0.02, 0.025, 0.03, 0.035, 0.04, 0.045, 0.05, 0.055, 0.06, 0.065, 0.07, 0.075, 0.08, 0.085, 0.09, 0.095, 0.1, 0.105, 0.11, 0.115, 0.12, 0.125, 0.13, 0.135, 0.14, 0.145, 0.15, 0.155, 0.16, 0.165, 0.17, 0.17500000000000002, 0.18, 0.185, 0.19, 0.195, 0.2, 0.20500000000000002, 0.21, 0.215, 0.22, 0.225]}], "coords": [{"__dtype__": "<f8", "__shape__": [45], "__data__": [0.0025, 0.0075, 0.0125, 0.0175, 0.0225, 0.0275, 0.0325, 0.037500000000000006, 0.042499999999999996, 0.0475, 0.052500000000000005, 0.057499999999999996, 0.0625, 0.0675, 0.07250000000000001, 0.0775, 0.0825, 0.0875, 0.0925, 0.0975, 0.10250000000000001, 0.1075, 0.1125, 0.1175, 0.1225, 0.1275, 0.1325, 0.1375, 0.14250000000000002, 0.1475, 0.1525, 0.1575, 0.1625, 0.1675, 0.17250000000000001, 0.1775, 0.1825, 0.1875, 0.1925, 0.1975, 0.2025, 0.20750000000000002, 0.2125, 0.2175, 0.2225]}], "data": {"__dtype__": [["k", "<f8"], ["power_0", "<c8"], ["modes", "<i8"]], "__shape__": [45], "__data__": [[0.003815682223839695, {"__complex__": [78876.6171875, 8.713722018244274e-14]}, 167], [0.008052650720021544, {"__complex__": [96063.4375, 1.0759272026919162e-13]}, 1082], [0.012818356130634548, {"__complex__": [115591.765625, 0.0]}, 2980], [0.01772147737625676, {"__complex__": [106431.28125, 2.7646125406316502e-14]}, 5790], [0.02266550189711372, {"__complex__": [107246.859375, -1.8296624862434475e-14]}, 9544], [0.027646870731995288, {"__complex__": [101567.53125, 2.3297651378624898e-14]}, 14366], [0.03263630450742339, {"__complex__": [97312.734375, -3.7960249093388354e-14]}, 19934], [0.03761511077988081, {"__complex__": [97021.1796875, 9.340830314633931e-15]}, 26484], [0.04260401625904445, {"__complex__": [93964.4375, 6.391763559540154e-15]}, 34150], [0.04759143925959577, {"__complex__": [91667.359375, -2.403799459694189e-15]}, 42376], [0.05257390559797024, {"__complex__": [88432.953125, -1.1204554367378727e-14]}, 51950], [0.05757150065249817, {"__complex__": [89019.0, -2.799432243972438e-15]}, 62378], [0.0625677436033689, {"__complex__": [88588.28125, 7.815738175740144e-15]}, 73544], [0.06756234910908379, {"__complex__": [86004.9921875, 5.588423112804072e-15]}, 85930], [0.07255707416805651, {"__complex__": [82576.34375, 3.16461186445629e-15]}, 98864], [0.07755518340494745, {"__complex__": [82326.28125, -5.64734145406566e-15]}, 113378], [0.0825537563678643, {"__complex__": [81880.5390625, -5.679993303632893e-16]}, 128098], [0.0875499015097094, {"__complex__": [80295.3125, 3.530402407453349e-15]}, 144266], [0.09254218121844682, {"__complex__": [79742.015625, 3.438201177078824e-15]}, 160832], [0.09753894670207677, {"__complex__": [77959.8359375, 3.206447668754127e-15]}, 179264], [0.10253995209360084, {"__complex__": [77852.3515625, 1.6177781897514973e-15]}, 197890], [0.10753498361945216, {"__complex__": [77321.1171875, -7.629666213052055e-15]}, 217430], [0.11253486154703997, {"__complex__": [76249.03125, 7.926145214645598e-16]}, 238672], [0.11753595531476276, {"__complex__": [76035.59375, 2.5186200696504296e-15]}, 259998], [0.12253280512934499, {"__complex__": [76045.421875, -3.6064735894133105e-16]}, 282446], [0.12753175165659159, {"__complex__": [76214.640625, 3.14625994274196e-16]}, 306416], [0.1325304506355074, {"__complex__": [75264.3671875, -3.9646433240443635e-16]}, 330338], [0.13753019849954867, {"__complex__": [74736.2109375, -2.14816364566342e-15]}, 356488], [0.14253083983779555, {"__complex__": [74093.3671875, 1.8270970775560984e-15]}, 382296], [0.1475271711132312, {"__complex__": [74441.640625, -3.732007577965542e-16]}, 409418], [0.15252709061068997, {"__complex__": [74613.390625, -3.2275857994693317e-15]}, 438462], [0.15752737630800284, {"__complex__": [74209.171875, -6.23368537401433e-17]}, 466880], [0.16252493609634483, {"__complex__": [73880.59375, -1.2948417964131118e-15]}, 497298], [0.1675256542005896, {"__complex__": [73667.375, -1.3348865495439797e-15]}, 528710], [0.17252547713122723, {"__complex__": [73118.453125, 1.792773396709223e-15]}, 560072], [0.1775233426957351, {"__complex__": [72547.1171875, 5.639859294405208e-16]}, 593444], [0.18252317436092366, {"__complex__": [72645.703125, -1.2528433617894018e-15]}, 627216], [0.18752205021693194, {"__complex__": [72536.25, 4.9464606537283004e-17]}, 661924], [0.19252110391466726, {"__complex__": [72617.0234375, 4.482657175547368e-16]}, 697948], [0.19752005385054, {"__complex__": [72540.5703125, 1.8158779144114784e-15]}, 734256], [0.20251849814021616, {"__complex__": [72286.921875, 1.2058703026664674e-15]}, 772324], [0.20751846097204, {"__complex__": [72268.7734375, 2.5799612427785204e-16]}, 810802], [0.21251879614625221, {"__complex__": [71883.6953125, -3.2247111814045874e-15]}, 850630], [0.21751770591302935, {"__complex__": [71811.9921875, 2.2550164284430765e-15]}, 890532], [0.22251555953591554, {"__complex__": [71656.875, -2.0147457920755008e-15]}, 931729]]}, "attrs": {"poles": [0], "dk": 0.005, "kmin": 0.0, "kmax": null, "Nmesh": {"__dtype__": "<i8", "__shape__": [3], "__data__": [512, 512, 512]}, "BoxSize": {"__dtype__": "<f8", "__shape__": [3], "__data__": [3425.0, 7185.0, 3021.0]}, "BoxPad": {"__dtype__": "<f8", "__shape__": [3], "__data__": [0.1, 0.1, 0.1]}, "BoxCenter": {"__dtype__": "<f8", "__shape__": [3], "__data__": [-1752.0734607011916, 36.1632777839684, 1911.4694939471929]}, "mesh.resampler": "tsc", "mesh.interlaced": true, "alpha": 0.05694575980305672, "data.norm": 3.098703241568501, "randoms.norm": 3.0992969943351705, "shotnoise": 70188.36115181165, "first.data.N": 219310, "first.data.W": 232127.34375, "first.data.W2": 200486.14571415976, "first.data.num_per_cell": 0.001493738187209962, "first.randoms.N": 3937813, "first.randoms.W": 4076288.5, "first.randoms.W2": 3520776.674772683, "first.randoms.num_per_cell": 0.026231830379163348, "first.data.ext": 1, "first.randoms.ext": 1, "second.data.N": 219310, "second.data.W": 232127.34375, "second.data.W2": 210805.71875, "second.data.num_per_cell": 0.0015706249978393316, "second.randoms.N": 3937813, "second.randoms.W": 4076288.5, "second.randoms.W2": 3702512.0, "second.randoms.num_per_cell": 0.027585864067077637, "second.data.ext": 1, "second.randoms.ext": 1}}, "attrs": {"poles": [0], "dk": 0.005, "kmin": 0.0, "kmax": null, "Nmesh": {"__dtype__": "<i8", "__shape__": [3], "__data__": [512, 512, 512]}, "BoxSize": {"__dtype__": "<f8", "__shape__": [3], "__data__": [3425.0, 7185.0, 3021.0]}, "BoxPad": {"__dtype__": "<f8", "__shape__": [3], "__data__": [0.1, 0.1, 0.1]}, "BoxCenter": {"__dtype__": "<f8", "__shape__": [3], "__data__": [-1752.0734607011916, 36.1632777839684, 1911.4694939471929]}, "mesh.resampler": "tsc", "mesh.interlaced": true, "alpha": 0.05694575980305672, "data.norm": 3.098703241568501, "randoms.norm": 3.0992969943351705, "shotnoise": 70188.36115181165, "first.data.N": 219310, "first.data.W": 232127.34375, "first.data.W2": 200486.14571415976, "first.data.num_per_cell": 0.001493738187209962, "first.randoms.N": 3937813, "first.randoms.W": 4076288.5, "first.randoms.W2": 3520776.674772683, "first.randoms.num_per_cell": 0.026231830379163348, "first.data.ext": 1, "first.randoms.ext": 1, "second.data.N": 219310, "second.data.W": 232127.34375, "second.data.W2": 210805.71875, "second.data.num_per_cell": 0.0015706249978393316, "second.randoms.N": 3937813, "second.randoms.W": 4076288.5, "second.randoms.W2": 3702512.0, "second.randoms.num_per_cell": 0.027585864067077637, "second.data.ext": 1, "second.randoms.ext": 1, "p": 1.0, "zmin": 0.8, "zmax": 2.2, "P0_FKP": 30000.0, "z-weighted": true, "hashkeys": ["Nmesh", "P0_FKP", "dk", "kmin", "mesh.window", "mesh.interlaced", "poles", "p", "BoxPad", "zmin", "zmax", "z-weighted"]}}