{"poles": {"dims": ["k"], "edges": [{"__dtype__": "<f8", "__shape__": [57], "__data__": [0.0, 0.005, 0.01, 0.015, 0.02, 0.025, 0.03, 0.035, 0.04, 0.045, 0.05, 0.055, 0.06, 0.065, 0.07, 0.075, 0.08, 0.085, 0.09, 0.095, 0.1, 0.105, 0.11, 0.115, 0.12, 0.125, 0.13, 0.135, 0.14, 0.145, 0.15, 0.155, 0.16, 0.165, 0.17, 0.17500000000000002, 0.18, 0.185, 0.19, 0.195, 0.2, 0.20500000000000002, 0.21, 0.215, 0.22, 0.225, 0.23, 0.23500000000000001, 0.24, 0.245, 0.25, 0.255, 0.26, 0.265, 0.27, 0.275, 0.28]}], "coords": [{"__dtype__": "<f8", "__shape__": [56], "__data__": [0.0025, 0.0075, 0.0125, 0.0175, 0.0225, 0.0275, 0.0325, 0.037500000000000006, 0.042499999999999996, 0.0475, 0.052500000000000005, 0.057499999999999996, 0.0625, 0.0675, 0.07250000000000001, 0.0775, 0.0825, 0.0875, 0.0925, 0.0975, 0.10250000000000001, 0.1075, 0.1125, 0.1175, 0.1225, 0.1275, 0.1325, 0.1375, 0.14250000000000002, 0.1475, 0.1525, 0.1575, 0.1625, 0.1675, 0.17250000000000001, 0.1775, 0.1825, 0.1875, 0.1925, 0.1975, 0.2025, 0.20750000000000002, 0.2125, 0.2175, 0.2225, 0.2275, 0.2325, 0.2375, 0.2425, 0.2475, 0.2525, 0.2575, 0.2625, 0.2675, 0.2725, 0.2775]}], "data": {"__dtype__": [["k", "<f8"], ["power_0", "<c8"], ["modes", "<i8"]], "__shape__": [56], "__data__": [[0.0038169161071949496, {"__complex__": [-73596.6484375, 5.763134652662927e-13]}, 101], [0.008103474010434517, {"__complex__": [-62675.66015625, 4.217946589332895e-14]}, 690], [0.012889257065297581, {"__complex__": [-82673.7578125, -1.573180062781898e-14]}, 1850], [0.017777092869872557, {"__complex__": [-85243.828125, 6.500017673627748e-14]}, 3582], [0.022686797392485542, {"__complex__": [-80580.7890625, -4.9818263968585356e-15]}, 5842], [0.027647514025172754, {"__complex__": [-81333.546875, -1.645771972207718e-14]}, 8842], [0.03262680831981468, {"__complex__": [-77789.7109375, -7.122816944008133e-15]}, 12258], [0.03760745249624718, {"__complex__": [-70970.1953125, -3.5570559932046e-15]}, 16364], [0.042614687400552305, {"__complex__": [-68906.375, 1.618103640985656e-14]}, 21134], [0.047603393596584304, {"__complex__": [-69329.8515625, -1.560766286720118e-14]}, 26106], [0.05257729747856218, {"__complex__": [-69349.0703125, -1.3673185305339286e-14]}, 31928], [0.057569291245155765, {"__complex__": [-66437.4921875, -2.2692454808141173e-14]}, 38476], [0.06256856122917595, {"__complex__": [-65313.5859375, -2.2432920101454193e-15]}, 45408], [0.06756466402077224, {"__complex__": [-65492.453125, 7.153792938889222e-15]}, 52888], [0.07255259957394786, {"__complex__": [-64817.84765625, 1.8159429241901802e-14]}, 60902], [0.07754378347094776, {"__complex__": [-64726.4453125, 1.0017955228932597e-14]}, 69724], [0.08254294776021226, {"__complex__": [-63734.4140625, -8.097279221913264e-15]}, 79074], [0.08755012965871502, {"__complex__": [-62805.69921875, -2.9358267830952457e-15]}, 89220], [0.09255045513331372, {"__complex__": [-61506.5703125, -5.87019296375207e-16]}, 99158], [0.09754369480250945, {"__complex__": [-60065.89453125, -5.272242230736513e-16]}, 110404], [0.10254662174789121, {"__complex__": [-59423.93359375, 0.0]}, 122244], [0.10754442125774975, {"__complex__": [-59824.63671875, 4.238611736850353e-15]}, 133894], [0.11253594360032607, {"__complex__": [-59496.59375, -1.9817128570913427e-16]}, 146862], [0.11753486778237765, {"__complex__": [-59285.02734375, -9.161960673096346e-15]}, 160418], [0.12253753718022671, {"__complex__": [-58263.04296875, -1.1683593427181923e-15]}, 174370], [0.12753789652521147, {"__complex__": [-58181.69140625, -4.5480515072071886e-15]}, 188776], [0.13253449149283886, {"__complex__": [-58187.31640625, 1.429138340804689e-15]}, 203646], [0.13752772137818084, {"__complex__": [-57995.8671875, 3.585033067935936e-15]}, 219190], [0.14252644557512054, {"__complex__": [-57849.60546875, -2.9590846137609542e-15]}, 236050], [0.14752956116505042, {"__complex__": [-57487.42578125, 3.591938504038427e-15]}, 252698], [0.15253098083708191, {"__complex__": [-56824.90625, -4.579089335493428e-15]}, 270122], [0.15752799200091266, {"__complex__": [-56954.65625, 4.906515426968735e-15]}, 287686], [0.16252124426394865, {"__complex__": [-57482.8125, -1.6161928617115925e-15]}, 306130], [0.16752081012054845, {"__complex__": [-56790.82421875, -1.1154653644752726e-16]}, 326140], [0.17252328550508922, {"__complex__": [-56663.0625, 1.4320512871102966e-15]}, 345494], [0.17752633283072236, {"__complex__": [-56830.40234375, -2.3043664737742433e-15]}, 366266], [0.18252814724133243, {"__complex__": [-55880.1328125, 1.4961812103381038e-15]}, 386610], [0.18752567292122874, {"__complex__": [-55970.36328125, 6.242517942420722e-16]}, 407942], [0.19252192075440702, {"__complex__": [-56112.77734375, 1.8281895382998197e-15]}, 429826], [0.19751966729402218, {"__complex__": [-56241.078125, -3.8553056642348183e-16]}, 452942], [0.20251947526498817, {"__complex__": [-56046.4609375, -1.1617661441358832e-15]}, 475976], [0.2075196053829841, {"__complex__": [-56169.203125, 1.149532341399571e-15]}, 500030], [0.21251927897806447, {"__complex__": [-55821.953125, 2.63741347588753e-15]}, 524162], [0.21751839302716025, {"__complex__": [-55880.5703125, 5.300085791899538e-16]}, 549120], [0.22251807447151098, {"__complex__": [-55838.04296875, -1.0126452526179348e-15]}, 574808], [0.22751730980810494, {"__complex__": [-55407.83203125, 4.118237925952354e-16]}, 600700], [0.23251698661831322, {"__complex__": [-55183.12109375, 4.312132079089658e-15]}, 627684], [0.2375180670510663, {"__complex__": [-55254.06640625, 2.4434526718451885e-15]}, 655102], [0.24251711157541964, {"__complex__": [-55551.11328125, -3.7325946776771077e-16]}, 682256], [0.24751612645205104, {"__complex__": [-55465.51953125, -1.2069894449480271e-15]}, 711326], [0.2525163585748464, {"__complex__": [-55201.38671875, -1.560594360207649e-15]}, 740140], [0.25751615065851624, {"__complex__": [-55014.85546875, 1.1341540347256955e-15]}, 769838], [0.2625165664146043, {"__complex__": [-55006.42578125, 3.0920501517550398e-15]}, 800060], [0.2675187456332956, {"__complex__": [-54997.65625, 1.1506997645591242e-15]}, 831484], [0.2725174018654225, {"__complex__": [-55338.1015625, -2.6200052547555594e-16]}, 860894], [0.27751087548808173, {"__complex__": [-55245.78125, 1.2392227543601975e-15]}, 892451]]}, "attrs": {"poles": [0], "dk": 0.005, "kmin": 0.0, "kmax": null, "Nmesh": {"__dtype__": "<i8", "__shape__": [3], "__data__": [512, 512, 512]}, "BoxSize": {"__dtype__": "<f8", "__shape__": [3], "__data__": [2666.0, 5788.0, 2970.0]}, "BoxPad": {"__dtype__": "<f8", "__shape__": [3], "__data__": [0.1, 0.1, 0.1]}, "BoxCenter": {"__dtype__": "<f8", "__shape__": [3], "__data__": [2582.5514084415217, 43.9912891174838, 890.2893178163149]}, "mesh.resampler": "tsc", "mesh.interlaced": true, "alpha": 0.05278763920068741, "data.norm": -0.7932779058622431, "randoms.norm": -0.793002361346372, "shotnoise": 68324.84564126126, "first.data.N": 126270, "first.data.W": 135915.515625, "first.data.W2": 121397.90220613411, "first.data.num_per_cell": 0.0009044848546842792, "first.randoms.N": 2448268, "first.randoms.W": 2574760.25, "first.randoms.W2": 2299857.765438124, "first.randoms.num_per_cell": 0.01713527564285788, "first.data.ext": 1, "first.randoms.ext": 1, "second.data.N": 126270, "second.data.W": 135915.515625, "second.data.W2": -56554.00390625, "second.data.num_per_cell": -0.00042136016418226063, "second.randoms.N": 2448268, "second.randoms.W": 2574760.25, "second.randoms.W2": -1070914.875, "second.randoms.num_per_cell": -0.007978937588632107, "second.data.ext": 1, "second.randoms.ext": 1}}, "attrs": {"poles": [0], "dk": 0.005, "kmin": 0.0, "kmax": null, "Nmesh": {"__dtype__": "<i8", "__shape__": [3], "__data__": [512, 512, 512]}, "BoxSize": {"__dtype__": "<f8", "__shape__": [3], "__data__": [2666.0, 5788.0, 2970.0]}, "BoxPad": {"__dtype__": "<f8", "__shape__": [3], "__data__": [0.1, 0.1, 0.1]}, "BoxCenter": {"__dtype__": "<f8", "__shape__": [3], "__data__": [2582.5514084415217, 43.9912891174838, 890.2893178163149]}, "mesh.resampler": "tsc",