{"poles": {"dims": ["k"], "edges": [{"__dtype__": "<f8", "__shape__": [46], "__data__": [0.0, 0.005, 0.01, 0.015, 0.02, 0.025, 0.03, 0.035, 0.04, 0.045, 0.05, 0.055, 0.06, 0.065, 0.07, 0.075, 0.08, 0.085, 0.09, 0.095, 0.1, 0.105, 0.11, 0.115, 0.12, 0.125, 0.13, 0.135, 0.14, 0.145, 0.15, 0.155, 0.16, 0.165, 0.17, 0.17500000000000002, 0.18, 0.185, 0.19, 0.195, 0.2, 0.20500000000000002, 0.21, 0.215, 0.22, 0.225]}], "coords": [{"__dtype__": "<f8", "__shape__": [45], "__data__": [0.0025, 0.0075, 0.0125, 0.0175, 0.0225, 0.0275, 0.0325, 0.037500000000000006, 0.042499999999999996, 0.0475, 0.052500000000000005, 0.057499999999999996, 0.0625, 0.0675, 0.07250000000000001, 0.0775, 0.0825, 0.0875, 0.0925, 0.0975, 0.10250000000000001, 0.1075, 0.1125, 0.1175, 0.1225, 0.1275, 0.1325, 0.1375, 0.14250000000000002, 0.1475, 0.1525, 0.1575, 0.1625, 0.1675, 0.17250000000000001, 0.1775, 0.1825, 0.1875, 0.1925, 0.1975, 0.2025, 0.20750000000000002, 0.2125, 0.2175, 0.2225]}], "data": {"__dtype__": [["k", "<f8"], ["power_0", "<c8"], ["modes", "<i8"]], "__shape__": [45], "__data__": [[0.0038130644002539824, {"__complex__": [95918.484375, 5.228233210946565e-13]}, 167], [0.008075927259315418, {"__complex__": [106106.390625, -3.1807464106158034e-13]}, 1098], [0.012828166751698749, {"__complex__": [117876.78125, -1.4708808444233862e-14]}, 2968], [0.017724349590848548, {"__complex__": [102481.3515625, 4.50213935685069e-14]}, 5818], [0.022679202820494525, {"__complex__": [104557.1328125, -7.282026273213588e-14]}, 9592], [0.027657386852030643, {"__complex__": [106126.6328125, -3.037978109501167e-15]}, 14370], [0.03263408538199164, {"__complex__": [102241.6015625, 1.0594636435247006e-14]}, 19916], [0.037615194754861886, {"__complex__": [97955.65625, -2.7334727295785614e-14]}, 26618], [0.04259943828540317, {"__complex__": [97602.984375, 1.2816553992484937e-15]}, 34062], [0.0475877958162276, {"__complex__": [95440.5546875, -1.1180912830787912e-14]}, 42624], [0.05257596005838342, {"__complex__": [92235.6015625, 1.4697490178234413e-15]}, 51980], [0.05756922700761606, {"__complex__": [88956.6171875, 9.316207066857249e-15]}, 62480], [0.06256914375227218, {"__complex__": [88677.0859375, -1.2816033067222375e-15]}, 73804], [0.06756347581853615, {"__complex__": [87649.828125, 4.231585598552879e-15]}, 85972], [0.07255214102452988, {"__complex__": [86326.8671875, 5.88277045010673e-15]}, 98946], [0.07755279972994265, {"__complex__": [85471.65625, -4.0914236686389206e-15]}, 113814], [0.0825521528032389, {"__complex__": [84986.0390625, 2.9526744801743705e-15]}, 128138], [0.08754687876147287, {"__complex__": [83542.28125, -4.651889699727567e-15]}, 144678], [0.09254244244221621, {"__complex__": [83263.0, -9.027466452390704e-16]}, 161196], [0.09753957287268875, {"__complex__": [81184.6796875, 1.2963844551682987e-15]}, 179600], [0.1025421751829846, {"__complex__": [80434.7109375, -4.840175806539778e-15]}, 198428], [0.10753621396446725, {"__complex__": [80705.0390625, -7.457135766091721e-15]}, 217582], [0.1125341495718562, {"__complex__": [80125.7578125, 1.459436074053265e-15]}, 239302], [0.11753787062113903, {"__complex__": [79463.921875, -5.584475648102291e-17]}, 260578], [0.12253363149513494, {"__complex__": [79350.4765625, 1.9296346509859678e-15]}, 282798], [0.1275300722271889, {"__complex__": [78626.5546875, 1.7067470365201816e-15]}, 306940], [0.13253052720703534, {"__complex__": [79219.9140625, 1.581472028291573e-15]}, 331254], [0.13752903244704415, {"__complex__": [78331.59375, 2.957325008692152e-16]}, 356746], [0.14253034081075028, {"__complex__": [77441.25, 1.2140316768714994e-15]}, 383566], [0.14752937364777463, {"__complex__": [76608.546875, 1.3040113515836132e-15]}, 410106], [0.15252688416570256, {"__complex__": [76313.3515625, 2.3240604133143794e-15]}, 439082], [0.157528306246248, {"__complex__": [76649.6171875, -4.6001774912647446e-15]}, 468174], [0.16252660319405426, {"__complex__": [75835.3828125, -2.4323410818848697e-15]}, 498058], [0.16752332422631658, {"__complex__": [76255.515625, -1.1000260714291948e-16]}, 529148], [0.17252454932795014, {"__complex__": [75706.046875, 1.216892848288206e-15]}, 562038], [0.17752326915529867, {"__complex__": [75924.2890625, -5.36011236989349e-16]}, 593874], [0.18252103804139555, {"__complex__": [75255.09375, -3.472093665215988e-16]}, 628666], [0.18752295666686306, {"__complex__": [75692.234375, 7.672771190342235e-16]}, 663798], [0.19252244786696507, {"__complex__": [75061.921875, 4.789334983221444e-16]}, 698832], [0.1975214449124926, {"__complex__": [75710.890625, -2.4312886434479063e-15]}, 736188], [0.20252109028198118, {"__complex__": [75072.09375, 2.2193004371891516e-15]}, 773724], [0.2075203664185255, {"__complex__": [74537.6171875, -1.1644369448976944e-15]}, 812302], [0.21251974933200726, {"__complex__": [74560.375, 2.732388527406076e-16]}, 852114], [0.21751829733346728, {"__complex__": [74644.5859375, -9.133621915296533e-16]}, 892206], [0.22251731156351315, {"__complex__": [74713.65625, 6.978058589805899e-15]}, 934251]]}, "attrs": {"poles": [0], "dk": 0.005, "kmin": 0.0, "kmax": null, "Nmesh": {"__dtype__": "<i8", "__shape__": [3], "__data__": [512, 512, 512]}, "BoxSize": {"__dtype__": "<f8", "__shape__": [3], "__data__": [3430.0, 7179.0, 3025.0]}, "BoxPad": {"__dtype__": "<f8", "__shape__": [3], "__data__": [0.1, 0.1, 0.1]}, "BoxCenter": {"__dtype__": "<f8", "__shape__": [3], "__data__": [-1750.5710193825832, 43.25124921820725, 1911.081562485812]}, "mesh.resampler": "tsc", "mesh.interlaced": true, "alpha": 0.05663279443979263, "data.norm": 1.729788448593259, "randoms.norm": 1.7284686996346554, "shotnoise": 73028.85621598516, "first.data.N": 219004, "first.data.W": 231586.5625, "first.data.W2": 200120.83924631367, "first.data.num_per_cell": 0.0014910164419286972, "first.randoms.N": 3950659, "first.randoms.W": 4089266.0, "first.randoms.W2": 3533299.6066518947, "first.randoms.num_per_cell": 0.0263251334924392, "first.data.ext": 1, "first.randoms.ext": 1, "second.data.N": 219004, "second.data.W": 231586.5625, "second.data.W2": 118818.171875, "second.data.num_per_cell": 0.0008852643659338355, "second.randoms.N": 3950659, "second.randoms.W": 4089266.0, "second.randoms.W2": 2096276.125, "second.randoms.num_per_cell": 0.01561847422271967, "second.data.ext": 1, "second.randoms.ext": 1}}, "attrs": {"poles": [0], "dk": 0.005, "kmin": 0.0, "kmax": null, "Nmesh": {"__dtype__": "<i8", "__shape__": [3], "__data__": [512, 512, 512]}, "BoxSize": {"__dtype__": "<f8", "__shape__": [3], "__data__": [3430.0, 7179.0, 3025.0]}, "BoxPad": {"__dtype__": "<f8", "__shape__": [3], "__data__": [0.1, 0.1, 0.1]}, "BoxCenter": {"__dtype__": "<f8", "__shape__": [3], "__data__": [-1750.5710193825832, 43.25124921820725, 1911.081562485812]}, "mesh.resampler": "tsc", "mesh.interlaced": true, "alpha": 0.05663279443979263, "data.norm": 1.729788448593259, "randoms.norm": 1.7284686996346554, "shotnoise": 73028.85621598516, "first.data.N": 219004, "first.data.W": 231586.5625, "first.data.W2": 200120.83924631367, "first.data.num_per_cell": 0.0014910164419286972, "first.randoms.N": 3950659, "first.randoms.W": 4089266.0, "first.randoms.W2": 3533299.6066518947, "first.randoms.num_per_cell": 0.0263251334924392, "first.data.ext": 1, "first.randoms.ext": 1, "second.data.N": 219004, "second.data.W": 231586.5625, "second.data.W2": 118818.171875, "second.data.num_per_cell": 0.0008852643659338355, "second.randoms.N": 3950659, "second.randoms.W": 4089266.0, "second.randoms.W2": 2096276.125, "second.randoms.num_per_cell": 0.01561847422271967, "second.data.ext": 1, "second.randoms.ext": 1, "p": 1.6, "zmin": 0.8, "zmax": 2.2, "P0_FKP": 30000.0, "z-weighted": true, "hashkeys": ["Nmesh", "P0_FKP", "dk", "kmin", "mesh.window", "mesh.interlaced", "poles", "p", "BoxPad", "zmin", "zmax", "z-weighted"]}}