{"poles": {"dims": ["k"], "edges": [{"__dtype__": "<f8", "__shape__": [56], "__data__": [0.0, 0.005, 0.01, 0.015, 0.02, 0.025, 0.03, 0.035, 0.04, 0.045, 0.05, 0.055, 0.06, 0.065, 0.07, 0.075, 0.08, 0.085, 0.09, 0.095, 0.1, 0.105, 0.11, 0.115, 0.12, 0.125, 0.13, 0.135, 0.14, 0.145, 0.15, 0.155, 0.16, 0.165, 0.17, 0.17500000000000002, 0.18, 0.185, 0.19, 0.195, 0.2, 0.20500000000000002, 0.21, 0.215, 0.22, 0.225, 0.23, 0.23500000000000001, 0.24, 0.245, 0.25, 0.255, 0.26, 0.265, 0.27, 0.275]}], "coords": [{"__dtype__": "<f8", "__shape__": [55], "__data__": [0.0025, 0.0075, 0.0125, 0.0175, 0.0225, 0.0275, 0.0325, 0.037500000000000006, 0.042499999999999996, 0.0475, 0.052500000000000005, 0.057499999999999996, 0.0625, 0.0675, 0.07250000000000001, 0.0775, 0.0825, 0.0875, 0.0925, 0.0975, 0.10250000000000001, 0.1075, 0.1125, 0.1175, 0.1225, 0.1275, 0.1325, 0.1375, 0.14250000000000002, 0.1475, 0.1525, 0.1575, 0.1625, 0.1675, 0.17250000000000001, 0.1775, 0.1825, 0.1875, 0.1925, 0.1975, 0.2025, 0.20750000000000002, 0.2125, 0.2175, 0.2225, 0.2275, 0.2325, 0.2375, 0.2425, 0.2475, 0.2525, 0.2575, 0.2625, 0.2675, 0.2725]}], "data": {"__dtype__": [["k", "<f8"], ["power_0", "<c8"], ["modes", "<i8"]], "__shape__": [55], "__data__": [[0.00381829154070804, {"__complex__": [140859.171875, 6.303428373884146e-13]}, 101], [0.008096752907982148, {"__complex__": [104633.0078125, 5.303175975614194e-13]}, 686], [0.01288970501128586, {"__complex__": [121974.7109375, 1.402996100373366e-13]}, 1854], [0.017783213292909567, {"__complex__": [118701.546875, -1.2607864513687617e-13]}, 3578], [0.022693207542622607, {"__complex__": [111836.2890625, -3.738930060606096e-15]}, 5838], [0.027634933518817937, {"__complex__": [115181.875, -7.639672721477739e-14]}, 8762], [0.03261406864674622, {"__complex__": [107570.8203125, 2.9591499200011875e-14]}, 12294], [0.03761246655901428, {"__complex__": [102465.890625, -1.2659633303951316e-14]}, 16380], [0.04261344575453998, {"__complex__": [100878.0859375, -4.154920222980418e-15]}, 21014], [0.04759806008993347, {"__complex__": [100604.890625, 9.473177518576521e-15]}, 26114], [0.05257439155779143, {"__complex__": [97751.40625, 1.461953117159326e-14]}, 31852], [0.0575602393665971, {"__complex__": [96090.171875, 5.313134016814635e-15]}, 38344], [0.06255400764534745, {"__complex__": [96331.3203125, -5.66275533612332e-15]}, 45292], [0.06755704385456802, {"__complex__": [94751.609375, -1.34617853634624e-14]}, 52968], [0.07255708121503099, {"__complex__": [92955.40625, -1.2720205477042418e-14]}, 60918], [0.0775545871632559, {"__complex__": [90265.6015625, 1.1480883619827392e-15]}, 69712], [0.08255050055795281, {"__complex__": [89794.390625, -2.216027713639198e-15]}, 78800], [0.08754518533973808, {"__complex__": [90270.1875, 1.4745241660635874e-15]}, 88820], [0.09254400617458926, {"__complex__": [88790.84375, -3.4470003670931384e-15]}, 99208], [0.09754464775786006, {"__complex__": [87568.8125, -6.264645937013912e-15]}, 110336], [0.10254582850503176, {"__complex__": [85821.7890625, -1.4924429363045153e-17]}, 121880], [0.10754052887920118, {"__complex__": [85513.515625, 2.2852650337807116e-15]}, 133722], [0.11253645036991464, {"__complex__": [85080.4375, -6.316451742617406e-16]}, 146868], [0.11753694951801852, {"__complex__": [84172.640625, 6.182709051894214e-15]}, 160048], [0.12253360455723789, {"__complex__": [84597.609375, -2.09276496452569e-17]}, 173836], [0.12752628482766745, {"__complex__": [84236.5, 6.186644472846276e-16]}, 188172], [0.13252547870612583, {"__complex__": [83965.796875, 5.3195176806216174e-15]}, 203800], [0.13752921019899159, {"__complex__": [83622.1875, -8.295736129779191e-17]}, 219268], [0.14253027990764336, {"__complex__": [83453.109375, -5.3131725568137354e-15]}, 235540], [0.14752982773408702, {"__complex__": [82663.359375, 6.774191311928945e-15]}, 252138], [0.15252990374163355, {"__complex__": [82572.6640625, -9.169652579290363e-16]}, 269784], [0.1575277170627156, {"__complex__": [83102.4453125, -1.7095765500804846e-15]}, 287280], [0.16252356546628705, {"__complex__": [82672.4765625, -4.069081480589194e-15]}, 305990], [0.1675245103174425, {"__complex__": [82310.234375, 3.575958380455527e-15]}, 325550], [0.1725235184389054, {"__complex__": [81879.1875, -2.027058474755026e-15]}, 344584], [0.1775202818767635, {"__complex__": [81089.1484375, 5.229958346009578e-16]}, 365192], [0.18252330594350885, {"__complex__": [80756.7265625, -1.7403805972732818e-16]}, 386712], [0.1875240162833135, {"__complex__": [81500.4453125, 1.715479840327255e-15]}, 407170], [0.19252073101253758, {"__complex__": [81822.40625, -9.48797814878037e-16]}, 429442], [0.19752079196349248, {"__complex__": [80815.3828125, 2.2997395562998667e-15]}, 452426], [0.20252062719268135, {"__complex__": [80980.3671875, 7.465324351230184e-16]}, 475134], [0.20752089982813313, {"__complex__": [81268.265625, 1.8210070165444584e-17]}, 499446], [0.21252051183148324, {"__complex__": [80231.7265625, -9.734690258953577e-16]}, 523198], [0.21751874487839712, {"__complex__": [80375.109375, 1.705186484193984e-15]}, 548304], [0.22251653202615207, {"__complex__": [80754.9296875, 3.1840766815841937e-15]}, 573562], [0.22751728396395787, {"__complex__": [80643.1328125, 1.3084118995028361e-15]}, 600578], [0.23251761735772786, {"__complex__": [80503.953125, 1.6269770469680178e-16]}, 626090], [0.23751700829396935, {"__complex__": [80276.25, -8.061047916990054e-16]}, 654390], [0.2425198554467308, {"__complex__": [79743.515625, -1.6962064526454307e-15]}, 682038], [0.24751800921787512, {"__complex__": [79950.953125, -3.795641457523613e-15]}, 709262], [0.2525158845756314, {"__complex__": [80066.09375, 1.1217912712231637e-15]}, 739406], [0.25751344039762464, {"__complex__": [80054.5859375, -3.9811956713226926e-16]}, 767584], [0.2625132460173143, {"__complex__": [79649.625, -8.324727685283541e-16]}, 799726], [0.26751643087717547, {"__complex__": [79589.96875, 5.349465695142096e-16]}, 829678], [0.27251535457198184, {"__complex__": [79913.7578125, 6.300753045731231e-16]}, 860308]]}, "attrs": {"poles": [0], "dk": 0.005, "kmin": 0.0, "kmax": null, "Nmesh": {"__dtype__": "<i8", "__shape__": [3], "__data__": [512, 512, 512]}, "BoxSize": {"__dtype__": "<f8", "__shape__": [3], "__data__": [2657.0, 5799.0, 2970.0]}, "BoxPad": {"__dtype__": "<f8", "__shape__": [3], "__data__": [0.1, 0.1, 0.1]}, "BoxCenter": {"__dtype__": "<f8", "__shape__": [3], "__data__": [2586.2136946885926, 44.4448355749646, 892.9400930807462]}, "mesh.resampler": "tsc", "mesh.interlaced": true, "alpha": 0.05279066413640976, "data.norm": 1.751263147525202, "randoms.norm": 1.7512953943794214, "shotnoise": 79029.11674028654, "first.data.N": 125388, "first.data.W": 135081.0, "first.data.W2": 120747.42984644149, "first.data.num_per_cell": 0.0008996384579423181, "first.randoms.N": 2428281, "first.randoms.W": 2558804.75, "first.randoms.W2": 2287327.119674739, "first.randoms.num_per_cell": 0.017041915056666277, "first.data.ext": 1, "first.randoms.ext": 1, "second.data.N": 125388, "second.data.W": 135081.0, "second.data.W2": 127176.046875, "second.data.num_per_cell": 0.0009475353872403502, "second.randoms.N": 2428281, "second.randoms.W": 2558804.75, "second.randoms.W2": 2409208.75, "second.randoms.num_per_cell": 0.01795000396668911, "second.data.ext": 1, "second.randoms.ext": 1}}, "attrs": {"poles": [0], "dk": 0.005, "kmin": 0.0, "kmax": null, "Nmesh": {"__dtype__": "<i8", "__shape__": [3], "__data__": [512, 512, 512]}, "BoxSize": {"__dtype__": "<f8", "__shape__": [3], "__data__": [2657.0, 5799.0, 2970.0]}, "BoxPad": {"__dtype__": "<f8", "__shape__": [3], "__data__": [0.1, 0.1, 0.1]}, "BoxCenter": {"__dtype__": "<f8", "__shape__": [3], "__data__": [2586.2136946885926, 44.4448355749646, 892.9400930807462]}, "mesh.resampler": "tsc", "mesh.interlaced": true, "alpha": 0.05279066413640976, "data.norm": 1.751263147525202, "randoms.norm": 1.7512953943794214, "shotnoise": 79029.11674028654, "first.data.N": 125388, "first.data.W": 135081.0,