{"poles": {"dims": ["k"], "edges": [{"__dtype__": "<f8", "__shape__": [57], "__data__": [0.0, 0.005, 0.01, 0.015, 0.02, 0.025, 0.03, 0.035, 0.04, 0.045, 0.05, 0.055, 0.06, 0.065, 0.07, 0.075, 0.08, 0.085, 0.09, 0.095, 0.1, 0.105, 0.11, 0.115, 0.12, 0.125, 0.13, 0.135, 0.14, 0.145, 0.15, 0.155, 0.16, 0.165, 0.17, 0.17500000000000002, 0.18, 0.185, 0.19, 0.195, 0.2, 0.20500000000000002, 0.21, 0.215, 0.22, 0.225, 0.23, 0.23500000000000001, 0.24, 0.245, 0.25, 0.255, 0.26, 0.265, 0.27, 0.275, 0.28]}], "coords": [{"__dtype__": "<f8", "__shape__": [56], "__data__": [0.0025, 0.0075, 0.0125, 0.0175, 0.0225, 0.0275, 0.0325, 0.037500000000000006, 0.042499999999999996, 0.0475, 0.052500000000000005, 0.057499999999999996, 0.0625, 0.0675, 0.07250000000000001, 0.0775, 0.0825, 0.0875, 0.0925, 0.0975, 0.10250000000000001, 0.1075, 0.1125, 0.1175, 0.1225, 0.1275, 0.1325, 0.1375, 0.14250000000000002, 0.1475, 0.1525, 0.1575, 0.1625, 0.1675, 0.17250000000000001, 0.1775, 0.1825, 0.1875, 0.1925, 0.1975, 0.2025, 0.20750000000000002, 0.2125, 0.2175, 0.2225, 0.2275, 0.2325, 0.2375, 0.2425, 0.2475, 0.2525, 0.2575, 0.2625, 0.2675, 0.2725, 0.2775]}], "data": {"__dtype__": [["k", "<f8"], ["power_0", "<c8"], ["modes", "<i8"]], "__shape__": [56], "__data__": [[0.00381888208578061, {"__complex__": [145425.859375, -1.1526269305325854e-12]}, 101], [0.008109003639677386, {"__complex__": [115462.921875, 8.43589317866579e-14]}, 690], [0.012879606671162827, {"__complex__": [121895.234375, -9.124701726625703e-14]}, 1834], [0.01776870414828007, {"__complex__": [121511.5625, -1.379713129769783e-13]}, 3586], [0.02268987482482702, {"__complex__": [116167.3671875, -2.4303043911631968e-14]}, 5838], [0.027643748338409706, {"__complex__": [117547.8828125, -2.8958212052381882e-15]}, 8794], [0.03262586903137262, {"__complex__": [108661.78125, -2.0741041669531876e-15]}, 12278], [0.037615678412673804, {"__complex__": [105491.84375, -1.5135985794259045e-14]}, 16344], [0.042614101455924785, {"__complex__": [100746.484375, -6.923548843276533e-16]}, 21018], [0.04760064121576462, {"__complex__": [98196.78125, 3.1489208755699355e-14]}, 26110], [0.05257820285805091, {"__complex__": [94679.984375, 2.19334268900407e-14]}, 31846], [0.05756531074155953, {"__complex__": [97541.0859375, -2.4284812374475266e-14]}, 38350], [0.06256008347726413, {"__complex__": [95078.3046875, -2.2498323750476433e-15]}, 45276], [0.06756048594945971, {"__complex__": [94047.6640625, 1.3067452562999949e-15]}, 52896], [0.07255850782793685, {"__complex__": [92950.5078125, -4.539559154878017e-15]}, 60906], [0.07755150630804743, {"__complex__": [91095.5078125, 1.6848308636912765e-14]}, 69528], [0.08254401300339811, {"__complex__": [89834.1640625, 4.801637077989128e-15]}, 78796], [0.08754569528815434, {"__complex__": [88389.375, 1.202110429292724e-14]}, 88974], [0.09254674761075908, {"__complex__": [86773.4296875, 4.095416581952277e-15]}, 99046], [0.09754564795551757, {"__complex__": [87352.0390625, -5.275109013746495e-15]}, 110344], [0.10254937063172241, {"__complex__": [86685.4765625, 1.328274186841239e-15]}, 121880], [0.10754414209889177, {"__complex__": [85396.09375, 8.82185068675238e-15]}, 133612], [0.11253746617755683, {"__complex__": [83515.4375, 1.0017335200815207e-14]}, 146720], [0.11753968013405816, {"__complex__": [83479.9453125, -1.6809053318488738e-15]}, 160158], [0.12253727647510076, {"__complex__": [84323.984375, 2.178781769124295e-15]}, 173652], [0.12753195367386355, {"__complex__": [84170.7109375, -1.9314991822611113e-15]}, 188350], [0.13252935229271215, {"__complex__": [83100.890625, 4.00796381828006e-15]}, 203322], [0.13752961499105212, {"__complex__": [83308.0859375, 3.981989552952507e-15]}, 219266], [0.14253137687336817, {"__complex__": [83145.1640625, 3.8948205453176194e-15]}, 235382], [0.14753096375202265, {"__complex__": [81809.2421875, -2.8864828787529464e-15]}, 252070], [0.15253016403215888, {"__complex__": [82606.8984375, -1.0797992952256766e-15]}, 269530], [0.15752564340239006, {"__complex__": [81847.2265625, 6.084721527698758e-16]}, 286986], [0.1625237536398107, {"__complex__": [81629.25, 5.583256847100531e-16]}, 306246], [0.167524804724318, {"__complex__": [81390.1640625, 2.8654845084740387e-15]}, 325014], [0.1725233961330116, {"__complex__": [81262.5859375, 2.2793559201824288e-15]}, 344748], [0.17752589765824497, {"__complex__": [80918.2890625, 2.6374424867659733e-16]}, 365530], [0.1825259939956746, {"__complex__": [81111.09375, 3.3868957561889205e-15]}, 385614], [0.18752320302347622, {"__complex__": [81122.203125, -2.9474241464508147e-15]}, 407316], [0.1925231288624012, {"__complex__": [80701.53125, 3.10046351826188e-15]}, 429452], [0.19752236597095338, {"__complex__": [80194.7265625, -3.292951543767183e-15]}, 451854], [0.20252093258433626, {"__complex__": [79996.953125, -9.87973512205022e-16]}, 475012], [0.20751935693180326, {"__complex__": [80526.453125, 4.59510185808656e-16]}, 498776], [0.2125186035163556, {"__complex__": [80066.3515625, 8.89923307571469e-16]}, 523260], [0.21751721488752027, {"__complex__": [79879.4765625, 3.1878887004237525e-16]}, 547770], [0.2225161454079915, {"__complex__": [79941.921875, 2.2061957787039435e-15]}, 573846], [0.22751661743632454, {"__complex__": [80257.921875, 5.157207215565499e-16]}, 599604], [0.23251796707214972, {"__complex__": [79999.25, -1.8312714676784045e-15]}, 626768], [0.23752068599294482, {"__complex__": [79971.5, -1.2238485240323807e-16]}, 653966], [0.24251976916003534, {"__complex__": [79739.0390625, -3.6336824052614868e-16]}, 680804], [0.2475190116087996, {"__complex__": [79988.015625, -3.688407615796811e-16]}, 710156], [0.25251678092382, {"__complex__": [79608.671875, -1.3806819681724347e-16]}, 737776], [0.2575130147025956, {"__complex__": [79653.5859375, -4.2630898243557e-16]}, 768030], [0.2625145004441232, {"__complex__": [79968.234375, -5.690274166030192e-16]}, 799166], [0.26751664096212385, {"__complex__": [79683.78125, 8.906979192017331e-16]}, 829136], [0.2725171094621635, {"__complex__": [79534.03125, 1.369797330102421e-15]}, 860496], [0.27751491754906865, {"__complex__": [79386.8515625, -6.410017119553484e-16]}, 891047]]}, "attrs": {"poles": [0], "dk": 0.005, "kmin": 0.0, "kmax": null, "Nmesh": {"__dtype__": "<i8", "__shape__": [3], "__data__": [512, 512, 512]}, "BoxSize": {"__dtype__": "<f8", "__shape__": [3], "__data__": [2659.0, 5786.0, 2973.0]}, "BoxPad": {"__dtype__": "<f8", "__shape__": [3], "__data__": [0.1, 0.1, 0.1]}, "BoxCenter": {"__dtype__": "<f8", "__shape__": [3], "__data__": [2584.9330999160925, 46.258919769026534, 889.2696163395269]}, "mesh.resampler": "tsc", "mesh.interlaced": true, "alpha": 0.052941471338272095, "data.norm": 1.7704898636914632, "randoms.norm": 1.770257186247692, "shotnoise": 78600.16721767327, "first.data.N": 126171, "first.data.W": 135899.0625, "first.data.W2": 121302.10606349976, "first.data.num_per_cell": 0.0009037711178027075, "first.randoms.N": 2439281, "first.randoms.W": 2566968.0, "first.randoms.W2": 2291112.164588953, "first.randoms.num_per_cell": 0.017070115838862605, "first.data.ext": 1, "first.randoms.ext": 1, "second.data.N": 126171, "second.data.W": 135899.0625, "second.data.W2": 127913.4765625, "second.data.num_per_cell": 0.0009530296665616333, "second.randoms.N": 2439281, "second.randoms.W": 2566968.0, "second.randoms.W2": 2415681.5, "second.randoms.num_per_cell": 0.01799822971224785, "second.data.ext": 1, "second.randoms.ext": 1}}, "attrs": {"poles": [0], "dk": 0.005, "kmin": 0.0, "kmax": null, "Nmesh": {"__dtype__": "<i8", "__shape__": [3], "__data__": [512, 512, 512]}, "BoxSize": {"__dtype__": "<f8", "__shape__": [3], "__data__": [2659.0, 5786.0, 2973.0]}, "BoxPad": {"__dtype__": "<f8", "__shape__": [3], "__data__": [0.1, 0.1, 0.1]}, "BoxCenter": {"__dtype__": "<f8", "__shape__": [3], "__data__": [2584.9330999160925, 46.258919769026534, 889.2696163395269]}, "mesh.resampler": "tsc", "mesh.interlaced": true, "alpha": 0.052941471338272095, "data.norm": 1.7704898636914632,