{"poles": {"dims": ["k"], "edges": [{"__dtype__": "<f8", "__shape__": [46], "__data__": [0.0, 0.005, 0.01, 0.015, 0.02, 0.025, 0.03, 0.035, 0.04, 0.045, 0.05, 0.055, 0.06, 0.065, 0.07, 0.075, 0.08, 0.085, 0.09, 0.095, 0.1, 0.105, 0.11, 0.115, 0.12, 0.125, 0.13, 0.135, 0.14, 0.145, 0.15, 0.155, 0.16, 0.165, 0.17, 0.17500000000000002, 0.18, 0.185, 0.19, 0.195, 0.2, 0.20500000000000002, 0.21, 0.215, 0.22, 0.225]}], "coords": [{"__dtype__": "<f8", "__shape__": [45], "__data__": [0.0025, 0.0075, 0.0125, 0.0175, 0.0225, 0.0275, 0.0325, 0.037500000000000006, 0.042499999999999996, 0.0475, 0.052500000000000005, 0.057499999999999996, 0.0625, 0.0675, 0.07250000000000001, 0.0775, 0.0825, 0.0875, 0.0925, 0.0975, 0.10250000000000001, 0.1075, 0.1125, 0.1175, 0.1225, 0.1275, 0.1325, 0.1375, 0.14250000000000002, 0.1475, 0.1525, 0.1575, 0.1625, 0.1675, 0.17250000000000001, 0.1775, 0.1825, 0.1875, 0.1925, 0.1975, 0.2025, 0.20750000000000002, 0.2125, 0.2175, 0.2225]}], "data": {"__dtype__": [["k", "<f8"], ["power_0", "<c8"], ["modes", "<i8"]], "__shape__": [45], "__data__": [[0.0038139649193807894, {"__complex__": [94777.921875, 9.80293645737318e-13]}, 167], [0.0080487021573209, {"__complex__": [103941.3515625, 0.0]}, 1082], [0.012812333176820267, {"__complex__": [120544.859375, 9.766386104784891e-14]}, 2980], [0.01771935010471943, {"__complex__": [115725.8046875, 6.015259362661396e-14]}, 5806], [0.022670633920514223, {"__complex__": [113851.1796875, -3.039247049559449e-14]}, 9576], [0.02765244170907869, {"__complex__": [115269.5546875, 3.238707045605249e-14]}, 14378], [0.03263199141194072, {"__complex__": [100873.96875, 1.9010641449717855e-14]}, 19902], [0.03761180334992029, {"__complex__": [101450.84375, 2.6818257426526777e-14]}, 26588], [0.04260273830722815, {"__complex__": [96866.953125, 1.4915862260058387e-14]}, 34146], [0.04758680594774695, {"__complex__": [95539.484375, 1.3717869046164029e-15]}, 42432], [0.052572687781784276, {"__complex__": [91798.7421875, 5.588722538950926e-15]}, 52076], [0.05757339347878311, {"__complex__": [90702.7109375, 9.080394788407546e-15]}, 62500], [0.06257102338865918, {"__complex__": [91087.71875, 1.1853311301240899e-14]}, 73660], [0.06756274290665064, {"__complex__": [88081.6328125, 1.2866714224830152e-14]}, 85954], [0.07255284937898897, {"__complex__": [87207.4453125, -4.707072625691764e-15]}, 98928], [0.07755251666903937, {"__complex__": [86597.6328125, -2.048303331621585e-15]}, 113670], [0.08255133796110323, {"__complex__": [84924.984375, -1.4989564290864878e-14]}, 128146], [0.08754885434347791, {"__complex__": [83373.4609375, -7.192166072498684e-15]}, 144666], [0.09254474520345915, {"__complex__": [82167.1796875, -4.5165351053057506e-15]}, 161096], [0.09753838719056639, {"__complex__": [80598.40625, 3.5711019170524445e-15]}, 179296], [0.10253766124095005, {"__complex__": [80751.1796875, 4.404199425318958e-16]}, 198246], [0.10753419261502833, {"__complex__": [79607.21875, 2.806669928748489e-15]}, 217760], [0.11253433476265982, {"__complex__": [79691.546875, 3.8349941847365746e-15]}, 239054], [0.1175375263617797, {"__complex__": [78828.4375, 2.0945320605421196e-15]}, 260534], [0.12253375665654695, {"__complex__": [78713.7109375, 2.317036392599273e-15]}, 282618], [0.1275318888487694, {"__complex__": [78491.640625, -5.925162755050914e-16]}, 306994], [0.1325319737905959, {"__complex__": [78494.015625, 1.495300719589433e-15]}, 330880], [0.137530797431037, {"__complex__": [78001.515625, -1.1419536199831315e-15]}, 356804], [0.14253185266245, {"__complex__": [78015.6484375, -1.8042703072512035e-16]}, 383100], [0.1475268527621616, {"__complex__": [77450.78125, 2.203037404601869e-15]}, 409534], [0.1525247828761491, {"__complex__": [76906.2265625, -8.944830976847758e-16]}, 439250], [0.1575264619910683, {"__complex__": [76074.1953125, -5.352714595890408e-15]}, 467600], [0.16252568270964873, {"__complex__": [76022.015625, -3.855276388658579e-15]}, 498240], [0.16752495010986443, {"__complex__": [75933.9921875, -1.7880425059405708e-15]}, 529000], [0.17252434786893386, {"__complex__": [75730.6171875, -5.056061423147087e-16]}, 561232], [0.17752319536668612, {"__complex__": [75172.703125, 1.7145603860630105e-15]}, 594108], [0.18252212710013674, {"__complex__": [75195.3515625, 9.267053294941829e-17]}, 628114], [0.1875215175296695, {"__complex__": [75394.4453125, 2.172943171018871e-15]}, 662990], [0.19252147034304404, {"__complex__": [75422.28125, 2.0815569980978414e-17]}, 699088], [0.19752131615791613, {"__complex__": [74376.5625, -5.0656652944612926e-15]}, 735400], [0.20251939769499622, {"__complex__": [74900.671875, 5.269405729154395e-16]}, 773244], [0.2075186931980178, {"__complex__": [74690.3984375, 1.0393943413339888e-15]}, 812022], [0.21252030462667912, {"__complex__": [74727.90625, 1.7759357581463467e-15]}, 852170], [0.2175192276679839, {"__complex__": [74221.2890625, 1.4691286191291367e-16]}, 891462], [0.22251528919789293, {"__complex__": [74618.3046875, 6.395438094344461e-16]}, 932897]]}, "attrs": {"poles": [0], "dk": 0.005, "kmin": 0.0, "kmax": null, "Nmesh": {"__dtype__": "<i8", "__shape__": [3], "__data__": [512, 512, 512]}, "BoxSize": {"__dtype__": "<f8", "__shape__": [3], "__data__": [3432.0, 7183.0, 3020.0]}, "BoxPad": {"__dtype__": "<f8", "__shape__": [3], "__data__": [0.1, 0.1, 0.1]}, "BoxCenter": {"__dtype__": "<f8", "__shape__": [3], "__data__": [-1752.222664138315, 31.710192378377542, 1912.270359301065]}, "mesh.resampler": "tsc", "mesh.interlaced": true, "alpha": 0.05699313431978226, "data.norm": 1.7313911113095837, "randoms.norm": 1.7314834859276198, "shotnoise": 72852.4198679354, "first.data.N": 219584, "first.data.W": 232272.875, "first.data.W2": 200430.63424828614, "first.data.num_per_cell": 0.0014933245945594172, "first.randoms.N": 3944318, "first.randoms.W": 4075453.5, "first.randoms.W2": 3516779.120946602, "first.randoms.num_per_cell": 0.02620204628219159, "first.data.ext": 1, "first.randoms.ext": 1, "second.data.N": 219584, "second.data.W": 232272.875, "second.data.W2": 118813.71875, "second.data.num_per_cell": 0.0008852311875671148, "second.randoms.N": 3944318, "second.randoms.W": 4075453.5, "second.randoms.W2": 2084824.125, "second.randoms.num_per_cell": 0.015533150173723698, "second.data.ext": 1, "second.randoms.ext": 1}}, "attrs": {"poles": [0], "dk": 0.005, "kmin": 0.0, "kmax": null, "Nmesh": {"__dtype__": "<i8", "__shape__": [3], "__data__": [512, 512, 512]}, "BoxSize": {"__dtype__": "<f8", "__shape__": [3], "__data__": [3432.0, 7183.0, 3020.0]}, "BoxPad": {"__dtype__": "<f8", "__shape__": [3], "__data__": [0.1, 0.1, 0.1]}, "BoxCenter": {"__dtype__": "<f8", "__shape__": [3], "__data__": [-1752.222664138315, 31.710192378377542, 1912.270359301065]}, "mesh.resampler": "tsc", "mesh.interlaced": true, "alpha": 0.05699313431978226, "data.norm": 1.7313911113095837, "randoms.norm": 1.7314834859276198, "shotnoise": 72852.4198679354, "first.data.N": 219584, "first.data.W": 232272.875, "first.data.W2": 200430.63424828614, "first.data.num_per_cell": 0.0014933245945594172, "first.randoms.N": 3944318, "first.randoms.W": 4075453.5, "first.randoms.W2": 3516779.120946602, "first.randoms.num_per_cell": 0.02620204628219159, "first.data.ext": 1, "first.randoms.ext": 1, "second.data.N": 219584, "second.data.W": 232272.875, "second.data.W2": 118813.71875, "second.data.num_per_cell": 0.0008852311875671148, "second.randoms.N": 3944318, "second.randoms.W": 4075453.5, "second.randoms.W2": 2084824.125, "second.randoms.num_per_cell": 0.015533150173723698, "second.data.ext": 1, "second.randoms.ext": 1, "p": 1.6, "zmin": 0.8, "zmax": 2.2, "P0_FKP": 30000.0, "z-weighted": true, "hashkeys": ["Nmesh", "P0_FKP", "dk", "kmin", "mesh.window", "mesh.interlaced", "poles", "p", "BoxPad", "zmin", "zmax", "z-weighted"]}}