{"poles": {"dims": ["k"], "edges": [{"__dtype__": "<f8", "__shape__": [46], "__data__": [0.0, 0.005, 0.01, 0.015, 0.02, 0.025, 0.03, 0.035, 0.04, 0.045, 0.05, 0.055, 0.06, 0.065, 0.07, 0.075, 0.08, 0.085, 0.09, 0.095, 0.1, 0.105, 0.11, 0.115, 0.12, 0.125, 0.13, 0.135, 0.14, 0.145, 0.15, 0.155, 0.16, 0.165, 0.17, 0.17500000000000002, 0.18, 0.185, 0.19, 0.195, 0.2, 0.20500000000000002, 0.21, 0.215, 0.22, 0.225]}], "coords": [{"__dtype__": "<f8", "__shape__": [45], "__data__": [0.0025, 0.0075, 0.0125, 0.0175, 0.0225, 0.0275, 0.0325, 0.037500000000000006, 0.042499999999999996, 0.0475, 0.052500000000000005, 0.057499999999999996, 0.0625, 0.0675, 0.07250000000000001, 0.0775, 0.0825, 0.0875, 0.0925, 0.0975, 0.10250000000000001, 0.1075, 0.1125, 0.1175, 0.1225, 0.1275, 0.1325, 0.1375, 0.14250000000000002, 0.1475, 0.1525, 0.1575, 0.1625, 0.1675, 0.17250000000000001, 0.1775, 0.1825, 0.1875, 0.1925, 0.1975, 0.2025, 0.20750000000000002, 0.2125, 0.2175, 0.2225]}], "data": {"__dtype__": [["k", "<f8"], ["power_0", "<c8"], ["modes", "<i8"]], "__shape__": [45], "__data__": [[0.003819139468641917, {"__complex__": [-166810.75, 1.3941955229190839e-12]}, 167], [0.00806049887287688, {"__complex__": [-139532.0625, -2.2863452125466976e-13]}, 1082], [0.012830486191695535, {"__complex__": [-144255.84375, -2.343932610938265e-13]}, 2980], [0.01773035863835658, {"__complex__": [-136399.546875, 8.070386264651119e-14]}, 5770], [0.022664150341849144, {"__complex__": [-139382.625, 1.1191422137971085e-13]}, 9492], [0.027647992192805122, {"__complex__": [-122400.6796875, -8.508707518943559e-14]}, 14366], [0.03263881498328385, {"__complex__": [-121076.6640625, 6.159230569145746e-14]}, 19846], [0.03761481307963828, {"__complex__": [-117323.390625, 3.304749865689488e-15]}, 26420], [0.0426071500749717, {"__complex__": [-116555.28125, -6.489910198874752e-14]}, 34082], [0.04759328489460594, {"__complex__": [-117032.1484375, 3.9985365956870036e-14]}, 42216], [0.05257908571637038, {"__complex__": [-113429.2265625, 4.483893420133885e-15]}, 51926], [0.05757954212145299, {"__complex__": [-106503.9140625, -1.6388874578190243e-14]}, 62154], [0.06256907298677974, {"__complex__": [-107896.8828125, 2.0668076557389496e-14]}, 73224], [0.06756156596967912, {"__complex__": [-104269.8203125, 3.3946661188096762e-16]}, 85734], [0.07255721239420337, {"__complex__": [-107343.6953125, -2.0670334747226876e-14]}, 98560], [0.07755110298488868, {"__complex__": [-102210.4765625, -4.125058076424968e-15]}, 112886], [0.08254602842202016, {"__complex__": [-100558.4765625, -2.9630339048775274e-15]}, 127690], [0.08754558702361206, {"__complex__": [-97908.2578125, -7.980238750360507e-15]}, 144056], [0.09254440286524514, {"__complex__": [-97896.8984375, -1.0150686138800293e-14]}, 160562], [0.09754046866904408, {"__complex__": [-96405.1171875, 8.355767419393912e-15]}, 178508], [0.10253725140573348, {"__complex__": [-95685.5, 5.384953516895854e-15]}, 197270], [0.10753678492885803, {"__complex__": [-93961.7109375, -4.823350767591992e-15]}, 217222], [0.11254083702321627, {"__complex__": [-94000.375, -8.438090551537557e-15]}, 237988], [0.11754017235494563, {"__complex__": [-94981.265625, -3.1446845673391852e-15]}, 259138], [0.12253220838338573, {"__complex__": [-92854.1796875, 5.7946900350205974e-15]}, 281260], [0.12753143576081902, {"__complex__": [-94394.203125, 6.5166492502503805e-15]}, 305926], [0.13253264040557847, {"__complex__": [-92911.078125, -2.209106607427183e-15]}, 329362], [0.13753181431822842, {"__complex__": [-91576.421875, 2.8249309003001077e-15]}, 355436], [0.14253054444603303, {"__complex__": [-92179.2734375, 4.965611539270128e-16]}, 380970], [0.14752828249172373, {"__complex__": [-90821.71875, 2.5279812660252473e-15]}, 408700], [0.15252898757534086, {"__complex__": [-90616.5859375, 5.32907856501375e-15]}, 436906], [0.15752612068016658, {"__complex__": [-90281.421875, -7.349104548724198e-16]}, 465322], [0.16252439964777818, {"__complex__": [-91131.3828125, -2.522016036494209e-15]}, 496216], [0.1675251352395358, {"__complex__": [-90198.5625, -2.2097993744989186e-16]}, 526814], [0.17252268019338438, {"__complex__": [-89385.8046875, -1.7459463448905714e-15]}, 558424], [0.1775217501951534, {"__complex__": [-89311.2109375, -5.751453661744475e-15]}, 592050], [0.1825222813090902, {"__complex__": [-88774.1796875, 4.655257079209376e-16]}, 625182], [0.18752063187667514, {"__complex__": [-88932.0546875, -2.7992420850757793e-15]}, 660212], [0.19251987807605075, {"__complex__": [-88788.78125, -3.3879598413289087e-15]}, 695820], [0.19752048311437392, {"__complex__": [-87981.0234375, 1.0326788523699199e-15]}, 732754], [0.2025220323732201, {"__complex__": [-88702.0703125, -6.365171383677579e-15]}, 770442], [0.20752099573200472, {"__complex__": [-88323.7578125, -4.8271988382713685e-15]}, 807904], [0.2125191101481183, {"__complex__": [-87606.234375, -3.4142106629137404e-15]}, 848170], [0.21752043351866804, {"__complex__": [-87982.6640625, -4.052231454169464e-15]}, 888794], [0.2225195323006404, {"__complex__": [-88271.3828125, -3.7289020375435526e-15]}, 928787]]}, "attrs": {"poles": [0], "dk": 0.005, "kmin": 0.0, "kmax": null, "Nmesh": {"__dtype__": "<i8", "__shape__": [3], "__data__": [512, 512, 512]}, "BoxSize": {"__dtype__": "<f8", "__shape__": [3], "__data__": [3416.0, 7181.0, 3022.0]}, "BoxPad": {"__dtype__": "<f8", "__shape__": [3], "__data__": [0.1, 0.1, 0.1]}, "BoxCenter": {"__dtype__": "<f8", "__shape__": [3], "__data__": [-1749.949343446926, 36.694052752959806, 1912.2639935162888]}, "mesh.resampler": "tsc", "mesh.interlaced": true, "alpha": 0.05711200088262558, "data.norm": -1.4388913934713854, "randoms.norm": -1.4386205169939934, "shotnoise": 59061.279645112394, "first.data.N": 219985, "first.data.W": 232630.765625, "first.data.W2": 200628.61268085602, "first.data.num_per_cell": 0.0014947996488277318, "first.randoms.N": 3940523, "first.randoms.W": 4073238.0, "first.randoms.W2": 3513022.278440692, "first.randoms.num_per_cell": 0.026174055624311358, "first.data.ext": 1, "first.randoms.ext": 1, "second.data.N": 219985, "second.data.W": 232630.765625, "second.data.W2": -94905.2890625, "second.data.num_per_cell": -0.0007070995052345097, "second.randoms.N": 3940523, "second.randoms.W": 4073238.0, "second.randoms.W2": -1661394.75, "second.randoms.num_per_cell": -0.012378355488181114, "second.data.ext": 1, "second.randoms.ext": 1}}, "attrs": {"poles": [0], "dk": 0.005, "kmin": 0.0, "kmax": null, "Nmesh": {"__dtype__": "<i8", "__shape__": [3], "__data__": [512, 512, 512]}, "BoxSize": {"__dtype__": "<f8", "__shape__": [3], "__data__": [3416.0, 7181.0, 3022.0]}, "BoxPad": {"__dtype__": "<f8", "__shape__": [3], "__data__": [0.1, 0.1, 0.1]}, "BoxCenter": {"__dtype__": "<f8", "__shape__": [3], "__data__": [-1749.949343446926, 36.694052752959806, 1912.2639935162888]}, "mesh.resampler": "tsc", "mesh.interlaced": true, "alpha": 0.05711200088262558, "data.norm": -1.4388913934713854, "randoms.norm": -1.4386205169939934, "shotnoise": 59061.279645112394, "first.data.N": 219985, "first.data.W": 232630.765625, "first.data.W2": 200628.61268085602, "first.data.num_per_cell": 0.0014947996488277318, "first.randoms.N": 3940523, "first.randoms.W": 4073238.0, "first.randoms.W2": 3513022.278440692, "first.randoms.num_per_cell": 0.026174055624311358, "first.data.ext": 1, "first.randoms.ext": 1, "second.data.N": 219985, "second.data.W": 232630.765625, "second.data.W2": -94905.2890625, "second.data.num_per_cell": -0.0007070995052345097, "second.randoms.N": 3940523, "second.randoms.W": 4073238.0, "second.randoms.W2": -1661394.75, "second.randoms.num_per_cell": -0.012378355488181114, "second.data.ext": 1, "second.randoms.ext": 1, "p": 3.0, "zmin": 0.8, "zmax": 2.2, "P0_FKP": 30000.0, "z-weighted": true, "hashkeys": ["Nmesh", "P0_FKP", "dk", "kmin", "mesh.window", "mesh.interlaced", "poles", "p", "BoxPad", "zmin", "zmax", "z-weighted"]}}