{"poles": {"dims": ["k"], "edges": [{"__dtype__": "<f8", "__shape__": [57], "__data__": [0.0, 0.005, 0.01, 0.015, 0.02, 0.025, 0.03, 0.035, 0.04, 0.045, 0.05, 0.055, 0.06, 0.065, 0.07, 0.075, 0.08, 0.085, 0.09, 0.095, 0.1, 0.105, 0.11, 0.115, 0.12, 0.125, 0.13, 0.135, 0.14, 0.145, 0.15, 0.155, 0.16, 0.165, 0.17, 0.17500000000000002, 0.18, 0.185, 0.19, 0.195, 0.2, 0.20500000000000002, 0.21, 0.215, 0.22, 0.225, 0.23, 0.23500000000000001, 0.24, 0.245, 0.25, 0.255, 0.26, 0.265, 0.27, 0.275, 0.28]}], "coords": [{"__dtype__": "<f8", "__shape__": [56], "__data__": [0.0025, 0.0075, 0.0125, 0.0175, 0.0225, 0.0275, 0.0325, 0.037500000000000006, 0.042499999999999996, 0.0475, 0.052500000000000005, 0.057499999999999996, 0.0625, 0.0675, 0.07250000000000001, 0.0775, 0.0825, 0.0875, 0.0925, 0.0975, 0.10250000000000001, 0.1075, 0.1125, 0.1175, 0.1225, 0.1275, 0.1325, 0.1375, 0.14250000000000002, 0.1475, 0.1525, 0.1575, 0.1625, 0.1675, 0.17250000000000001, 0.1775, 0.1825, 0.1875, 0.1925, 0.1975, 0.2025, 0.20750000000000002, 0.2125, 0.2175, 0.2225, 0.2275, 0.2325, 0.2375, 0.2425, 0.2475, 0.2525, 0.2575, 0.2625, 0.2675, 0.2725, 0.2775]}], "data": {"__dtype__": [["k", "<f8"], ["power_0", "<c8"], ["modes", "<i8"]], "__shape__": [56], "__data__": [[0.0038183446639762325, {"__complex__": [-69405.09375, 8.644702250044933e-13]}, 101], [0.00810638172270103, {"__complex__": [-79958.8515625, -4.639741282147503e-13]}, 690], [0.012889222555584492, {"__complex__": [-82006.7734375, -2.2072244748073955e-13]}, 1846], [0.01778031169297868, {"__complex__": [-84631.796875, -2.028989836929708e-14]}, 3586], [0.02269331690698793, {"__complex__": [-86337.28125, 0.0]}, 5838], [0.027640901868841748, {"__complex__": [-76010.3984375, -4.9665238149301447e-14]}, 8790], [0.03262339101204353, {"__complex__": [-76330.1875, -3.786479864462816e-14]}, 12298], [0.03760888310373276, {"__complex__": [-74913.9921875, 5.262092573742744e-14]}, 16316], [0.04260735021619612, {"__complex__": [-67655.5859375, 3.038843184250198e-14]}, 21070], [0.04759951492059922, {"__complex__": [-69874.5703125, -1.4331516252604273e-14]}, 26146], [0.05258042558135749, {"__complex__": [-68756.5625, 2.1890809274332547e-14]}, 31908], [0.05756943794656003, {"__complex__": [-64335.19140625, 1.0617407221968043e-14]}, 38376], [0.06256636344414278, {"__complex__": [-64776.25, 1.1223381368697348e-14]}, 45380], [0.06756149391125484, {"__complex__": [-65436.55078125, 3.583672309506172e-15]}, 52788], [0.07255438077902718, {"__complex__": [-65360.57421875, 5.4876871784530126e-15]}, 60990], [0.07754875844978816, {"__complex__": [-63667.515625, 3.450204057457891e-15]}, 69592], [0.08254407569790082, {"__complex__": [-63348.5859375, -5.898478676113561e-15]}, 78946], [0.08754432851644284, {"__complex__": [-60952.76953125, -2.2092988839062097e-15]}, 88920], [0.09254730106186118, {"__complex__": [-60603.078125, 2.3435394182441498e-15]}, 99350], [0.09754466145457653, {"__complex__": [-60909.85546875, -5.350551697259594e-15]}, 110148], [0.10254419802789969, {"__complex__": [-60072.30859375, 3.4563420817101693e-15]}, 122096], [0.10754474532301815, {"__complex__": [-59968.56640625, 2.173257632000539e-15]}, 133918], [0.11253721920405287, {"__complex__": [-58491.703125, 0.0]}, 146580], [0.11753401250157441, {"__complex__": [-58521.140625, 5.629999725020049e-15]}, 160252], [0.12253199643086873, {"__complex__": [-58432.03125, 5.022289160748874e-16]}, 173848], [0.12753033124727806, {"__complex__": [-58822.83203125, -1.2337751678390498e-15]}, 188714], [0.13253241314849087, {"__complex__": [-58198.25, -8.929133338752768e-16]}, 203714], [0.13752939367192885, {"__complex__": [-58050.1953125, 3.056678267635937e-15]}, 218992], [0.1425277033516751, {"__complex__": [-57610.8203125, 1.9137834881692876e-15]}, 235716], [0.1475296795956641, {"__complex__": [-57872.1875, -2.0754024567030916e-15]}, 252418], [0.15253048650466533, {"__complex__": [-57495.39453125, -2.373409823370836e-15]}, 269774], [0.15752851613940597, {"__complex__": [-56965.24609375, -1.8976665687654064e-15]}, 287562], [0.16252436718325755, {"__complex__": [-56883.59375, 3.1389150024189625e-15]}, 305974], [0.16752324585031053, {"__complex__": [-56877.06640625, -5.699708524875829e-16]}, 325520], [0.1725225329029079, {"__complex__": [-56595.01953125, 6.116199389601096e-16]}, 344990], [0.17752226238635566, {"__complex__": [-56278.57421875, -1.234171367500128e-15]}, 365516], [0.18252514265281877, {"__complex__": [-56162.06640625, -4.233796354545212e-15]}, 386672], [0.18752582876568358, {"__complex__": [-56457.02734375, -1.071122660290918e-16]}, 407570], [0.1925220612945629, {"__complex__": [-56174.109375, -2.9150607116021224e-15]}, 429310], [0.19751826179640308, {"__complex__": [-56251.89453125, 4.50501757480546e-15]}, 452222], [0.20251780129303606, {"__complex__": [-55400.2578125, 2.753367680624993e-16]}, 475662], [0.20751878581128672, {"__complex__": [-55413.32421875, 6.847123707423737e-16]}, 499436], [0.21251929916507376, {"__complex__": [-55449.55078125, -3.583626993243494e-15]}, 523826], [0.2175201552250674, {"__complex__": [-55736.65234375, 4.163448574209848e-15]}, 548740], [0.22251927767525365, {"__complex__": [-55391.8515625, -7.353806640372643e-16]}, 573860], [0.22751767794189295, {"__complex__": [-55350.078125, -2.2546824857036215e-15]}, 600230], [0.232517037900799, {"__complex__": [-55447.9609375, -1.8573672292943294e-16]}, 626776], [0.23751834121488208, {"__complex__": [-55755.9921875, 7.112937998744306e-16]}, 654668], [0.24251842947791658, {"__complex__": [-56015.65625, -2.2630753116614907e-15]}, 681596], [0.24751611004208218, {"__complex__": [-55364.38671875, -3.72936875269749e-15]}, 710160], [0.25251655406259904, {"__complex__": [-55407.58984375, 8.458357191229156e-16]}, 739780], [0.2575157146348802, {"__complex__": [-55519.92578125, 3.484490680613324e-15]}, 768420], [0.2625162240268524, {"__complex__": [-55433.9921875, -1.0233964300591968e-15]}, 799832], [0.26751785717952153, {"__complex__": [-55549.24609375, 3.156795444419027e-16]}, 829748], [0.27251709451465184, {"__complex__": [-55285.61328125, 2.264394988993313e-15]}, 861138], [0.27751265840274375, {"__complex__": [-55055.35546875, 3.4713265710031307e-16]}, 890807]]}, "attrs": {"poles": [0], "dk": 0.005, "kmin": 0.0, "kmax": null, "Nmesh": {"__dtype__": "<i8", "__shape__": [3], "__data__": [512, 512, 512]}, "BoxSize": {"__dtype__": "<f8", "__shape__": [3], "__data__": [2664.0, 5794.0, 2966.0]}, "BoxPad": {"__dtype__": "<f8", "__shape__": [3], "__data__": [0.1, 0.1, 0.1]}, "BoxCenter": {"__dtype__": "<f8", "__shape__": [3], "__data__": [2582.931586311385, 48.811954295026226, 887.3986571237588]}, "mesh.resampler": "tsc", "mesh.interlaced": true, "alpha": 0.05303584784269333, "data.norm": -0.7985527850674121, "randoms.norm": -0.7980522882477685, "shotnoise": 67990.7094497726, "first.data.N": 126268, "first.data.W": 136058.921875, "first.data.W2": 121416.88813272292, "first.data.num_per_cell": 0.0009046263108605364, "first.randoms.N": 2436885, "first.randoms.W": 2565414.25, "first.randoms.W2": 2289514.8970377417, "first.randoms.num_per_cell": 0.017058215268237455, "first.data.ext": 1, "first.randoms.ext": 1, "second.data.N": 126268, "second.data.W": 136058.921875, "second.data.W2": -56740.25, "second.data.num_per_cell": -0.00042274780571460724, "second.randoms.N": 2436885, "second.randoms.W": 2565414.25, "second.randoms.W2": -1069142.5, "second.randoms.num_per_cell": -0.007965732365846634, "second.data.ext": 1, "second.randoms.ext": 1}}, "attrs": {"poles": [0], "dk": 0.005, "kmin": 0.0, "kmax": null, "Nmesh": {"__dtype__": "<i8", "__shape__": [3], "__data__": [512, 512, 512]}, "BoxSize": {"__dtype__": "<f8", "__shape__": [3], "__data__": [2664.0, 5794.0, 2966.0]}, "BoxPad": {"__dtype__": "<f8", "__shape__": [3], "__data__": [0.1, 0.1, 0.1]}, "BoxCenter": {"__dtype__": "<f8", "__shape__": [3], "__data__": [2582.931586311385, 48.811954295026226, 887.3986571237588]}, "mesh.resampler": "tsc", "mesh.interlaced": true,