{"poles": {"dims": ["k"], "edges": [{"__dtype__": "<f8", "__shape__": [57], "__data__": [0.0, 0.005, 0.01, 0.015, 0.02, 0.025, 0.03, 0.035, 0.04, 0.045, 0.05, 0.055, 0.06, 0.065, 0.07, 0.075, 0.08, 0.085, 0.09, 0.095, 0.1, 0.105, 0.11, 0.115, 0.12, 0.125, 0.13, 0.135, 0.14, 0.145, 0.15, 0.155, 0.16, 0.165, 0.17, 0.17500000000000002, 0.18, 0.185, 0.19, 0.195, 0.2, 0.20500000000000002, 0.21, 0.215, 0.22, 0.225, 0.23, 0.23500000000000001, 0.24, 0.245, 0.25, 0.255, 0.26, 0.265, 0.27, 0.275, 0.28]}], "coords": [{"__dtype__": "<f8", "__shape__": [56], "__data__": [0.0025, 0.0075, 0.0125, 0.0175, 0.0225, 0.0275, 0.0325, 0.037500000000000006, 0.042499999999999996, 0.0475, 0.052500000000000005, 0.057499999999999996, 0.0625, 0.0675, 0.07250000000000001, 0.0775, 0.0825, 0.0875, 0.0925, 0.0975, 0.10250000000000001, 0.1075, 0.1125, 0.1175, 0.1225, 0.1275, 0.1325, 0.1375, 0.14250000000000002, 0.1475, 0.1525, 0.1575, 0.1625, 0.1675, 0.17250000000000001, 0.1775, 0.1825, 0.1875, 0.1925, 0.1975, 0.2025, 0.20750000000000002, 0.2125, 0.2175, 0.2225, 0.2275, 0.2325, 0.2375, 0.2425, 0.2475, 0.2525, 0.2575, 0.2625, 0.2675, 0.2725, 0.2775]}], "data": {"__dtype__": [["k", "<f8"], ["power_0", "<c8"], ["modes", "<i8"]], "__shape__": [56], "__data__": [[0.003822276926710206, {"__complex__": [158778.765625, -5.763134652662927e-13]}, 101], [0.008115361026483078, {"__complex__": [108835.625, 4.007049141281638e-13]}, 690], [0.012875791265401119, {"__complex__": [121441.5234375, -1.2778849972552159e-13]}, 1822], [0.01777360332530575, {"__complex__": [114524.25, -1.0515558286324292e-13]}, 3598], [0.022707871558114514, {"__complex__": [108874.53125, 4.486715903320726e-14]}, 5838], [0.02764369126623748, {"__complex__": [109797.3671875, -1.3359573050684276e-14]}, 8714], [0.032619309796613524, {"__complex__": [105780.4921875, 4.148208333906375e-14]}, 12278], [0.03760918639534763, {"__complex__": [101582.2421875, 6.43088352209921e-14]}, 16264], [0.042597868283456825, {"__complex__": [98224.6171875, -6.436129874767913e-15]}, 20914], [0.047592946847041843, {"__complex__": [98840.1171875, -1.9464840844826345e-14]}, 26166], [0.05258284066821504, {"__complex__": [97411.2109375, 9.610964368106378e-15]}, 31796], [0.05756579932842855, {"__complex__": [95720.546875, 7.625191337991711e-15]}, 38168], [0.06255666290976743, {"__complex__": [96302.5546875, 6.278483490756732e-15]}, 45196], [0.06756006916461409, {"__complex__": [93361.3203125, 7.165715774654774e-15]}, 52800], [0.07256332060495892, {"__complex__": [91810.625, -2.4512265284768516e-15]}, 60850], [0.07755688693837912, {"__complex__": [91862.640625, -2.0993587930887535e-14]}, 69316], [0.08254776727606866, {"__complex__": [90092.984375, -6.3850165185988e-15]}, 78628], [0.0875436313465958, {"__complex__": [88906.703125, 0.0]}, 88542], [0.09254348755408963, {"__complex__": [86917.2890625, -6.707323566457375e-15]}, 98986], [0.09754332304191123, {"__complex__": [86127.9609375, 6.751707245860553e-15]}, 109920], [0.10254465852221979, {"__complex__": [86626.1953125, -4.665762405337698e-15]}, 121636], [0.10754345995417434, {"__complex__": [85034.25, 4.197562826160515e-15]}, 133470], [0.11253938127605788, {"__complex__": [85319.3828125, 1.1935299855370379e-15]}, 146308], [0.1175362615036557, {"__complex__": [83783.5078125, 1.1858413615956922e-15]}, 159528], [0.12253142642235014, {"__complex__": [84248.84375, -2.4978910558487487e-15]}, 173314], [0.12752906062162067, {"__complex__": [84561.0, -7.353908813721906e-16]}, 187986], [0.13252845414827039, {"__complex__": [84501.0078125, 3.908181219511135e-15]}, 202928], [0.13752819381067224, {"__complex__": [82883.1015625, -4.992286128791493e-17]}, 218616], [0.14253003999130126, {"__complex__": [81937.265625, 6.503801454506427e-15]}, 234932], [0.14752884822136822, {"__complex__": [81641.4453125, 4.415409535798954e-15]}, 251298], [0.1525263781795386, {"__complex__": [81835.0625, 1.028434476150347e-15]}, 268842], [0.1575255932769527, {"__complex__": [81786.4765625, -1.877483255939994e-15]}, 286778], [0.16252721806160314, {"__complex__": [81852.6640625, -4.763155312404181e-16]}, 305510], [0.16752668497969608, {"__complex__": [81328.09375, -5.411820978466287e-15]}, 324014], [0.1725235470720753, {"__complex__": [81422.375, -1.6498385985633094e-15]}, 343988], [0.1775225316558287, {"__complex__": [81331.5703125, 8.693353776950653e-16]}, 364076], [0.18252140443617776, {"__complex__": [81142.125, -7.747859072929552e-16]}, 385028], [0.18752389087139087, {"__complex__": [81092.1875, -2.6822026193746467e-16]}, 406902], [0.192523536346721, {"__complex__": [80511.359375, 3.911439331742749e-16]}, 427840], [0.19752249452521595, {"__complex__": [80454.359375, -9.673159668082657e-16]}, 451308], [0.2025207840735223, {"__complex__": [80761.21875, 6.22536234886527e-16]}, 473348], [0.20751608412901054, {"__complex__": [80367.6015625, 2.6619285152052006e-15]}, 497468], [0.2125160144482338, {"__complex__": [80282.046875, -3.232334689688113e-15]}, 522230], [0.2175174498823201, {"__complex__": [80170.5390625, 1.2404664104850036e-15]}, 546958], [0.22251884211197417, {"__complex__": [79346.9140625, -1.9572417840775904e-15]}, 572488], [0.22752096778394548, {"__complex__": [79792.3984375, 1.1182075807024492e-15]}, 598626], [0.23251989150745844, {"__complex__": [79404.1171875, 0.0]}, 624316], [0.23751782687627065, {"__complex__": [78998.234375, -2.2094208566506143e-15]}, 652044], [0.24251915291328288, {"__complex__": [79656.484375, -1.9467243877297705e-15]}, 680232], [0.24751917849741908, {"__complex__": [79491.5625, -5.462144899928559e-16]}, 707662], [0.25251627390069864, {"__complex__": [79543.3203125, -7.359170476511131e-16]}, 736576], [0.25751466708646714, {"__complex__": [79475.0703125, -4.55651527217439e-16]}, 766476], [0.26251516515326156, {"__complex__": [79497.6875, 1.0047721872523245e-15]}, 796554], [0.2675140569560284, {"__complex__": [79515.734375, 2.904131339604582e-16]}, 826776], [0.27251450232576324, {"__complex__": [79673.390625, -1.8042295173208373e-15]}, 858970], [0.27751256200800956, {"__complex__": [79481.1796875, 1.568728099962777e-15]}, 888201]]}, "attrs": {"poles": [0], "dk": 0.005, "kmin": 0.0, "kmax": null, "Nmesh": {"__dtype__": "<i8", "__shape__": [3], "__data__": [512, 512, 512]}, "BoxSize": {"__dtype__": "<f8", "__shape__": [3], "__data__": [2658.0, 5792.0, 2964.0]}, "BoxPad": {"__dtype__": "<f8", "__shape__": [3], "__data__": [0.1, 0.1, 0.1]}, "BoxCenter": {"__dtype__": "<f8", "__shape__": [3], "__data__": [2585.950853481555, 46.82582891936181, 888.1808309761029]}, "mesh.resampler": "tsc", "mesh.interlaced": true, "alpha": 0.052642129361629486, "data.norm": 1.7766511993443173, "randoms.norm": 1.777375683838744, "shotnoise": 78368.8778315008, "first.data.N": 126172, "first.data.W": 135950.59375, "first.data.W2": 121370.44099975369, "first.data.num_per_cell": 0.0009042802527528531, "first.randoms.N": 2455719, "first.randoms.W": 2582543.5, "first.randoms.W2": 2305774.968853249, "first.randoms.num_per_cell": 0.017179362243810663, "first.data.ext": 1, "first.randoms.ext": 1, "second.data.N": 126172, "second.data.W": 135950.59375, "second.data.W2": 128102.84375, "second.data.num_per_cell": 0.0009544405620545149, "second.randoms.N": 2455719, "second.randoms.W": 2582543.5, "second.randoms.W2": 2434466.5, "second.randoms.num_per_cell": 0.018138188868761063, "second.data.ext": 1, "second.randoms.ext": 1}}, "attrs": {"poles": [0], "dk": 0.005, "kmin": 0.0, "kmax": null, "Nmesh": {"__dtype__": "<i8", "__shape__": [3], "__data__": [512, 512, 512]}, "BoxSize": {"__dtype__": "<f8", "__shape__": [3], "__data__": [2658.0, 5792.0, 2964.0]}, "BoxPad": {"__dtype__": "<f8", "__shape__": [3], "__data__": [0.1, 0.1, 0.1]}, "BoxCenter": {"__dtype__": "<f8", "__shape__": [3], "__data__": [2585.950853481555, 46.82582891936181, 888.1808309761029]}, "mesh.resampler": "tsc", "mesh.interlaced": true, "alpha": 0.052642129361629486, "data.norm": 1.7766511993443173, "randoms.norm": 1.777375683838744, "shotnoise": 78368.8778315008,