{"poles": {"dims": ["k"], "edges": [{"__dtype__": "<f8", "__shape__": [56], "__data__": [0.0, 0.005, 0.01, 0.015, 0.02, 0.025, 0.03, 0.035, 0.04, 0.045, 0.05, 0.055, 0.06, 0.065, 0.07, 0.075, 0.08, 0.085, 0.09, 0.095, 0.1, 0.105, 0.11, 0.115, 0.12, 0.125, 0.13, 0.135, 0.14, 0.145, 0.15, 0.155, 0.16, 0.165, 0.17, 0.17500000000000002, 0.18, 0.185, 0.19, 0.195, 0.2, 0.20500000000000002, 0.21, 0.215, 0.22, 0.225, 0.23, 0.23500000000000001, 0.24, 0.245, 0.25, 0.255, 0.26, 0.265, 0.27, 0.275]}], "coords": [{"__dtype__": "<f8", "__shape__": [55], "__data__": [0.0025, 0.0075, 0.0125, 0.0175, 0.0225, 0.0275, 0.0325, 0.037500000000000006, 0.042499999999999996, 0.0475, 0.052500000000000005, 0.057499999999999996, 0.0625, 0.0675, 0.07250000000000001, 0.0775, 0.0825, 0.0875, 0.0925, 0.0975, 0.10250000000000001, 0.1075, 0.1125, 0.1175, 0.1225, 0.1275, 0.1325, 0.1375, 0.14250000000000002, 0.1475, 0.1525, 0.1575, 0.1625, 0.1675, 0.17250000000000001, 0.1775, 0.1825, 0.1875, 0.1925, 0.1975, 0.2025, 0.20750000000000002, 0.2125, 0.2175, 0.2225, 0.2275, 0.2325, 0.2375, 0.2425, 0.2475, 0.2525, 0.2575, 0.2625, 0.2675, 0.2725]}], "data": {"__dtype__": [["k", "<f8"], ["power_0", "<c8"], ["modes", "<i8"]], "__shape__": [55], "__data__": [[0.003814464583303031, {"__complex__": [82966.9140625, 1.2967053646117943e-12]}, 101], [0.008097416644581499, {"__complex__": [97992.8203125, -1.265383875155915e-13]}, 690], [0.012874999362024776, {"__complex__": [120987.640625, -2.995518872013492e-13]}, 1846], [0.017765993942110397, {"__complex__": [119770.609375, -6.073420710578023e-14]}, 3594], [0.022694169872859566, {"__complex__": [114965.78125, 3.4612097259481556e-14]}, 5886], [0.027649934456181056, {"__complex__": [111909.2734375, -7.756180409306673e-14]}, 8818], [0.03262201785088506, {"__complex__": [105285.421875, -4.141462224701263e-14]}, 12298], [0.03760867662776446, {"__complex__": [107507.4296875, -1.4179698302303149e-14]}, 16420], [0.04261038151187093, {"__complex__": [100723.3359375, 1.3784138998133074e-14]}, 21114], [0.047597663170701, {"__complex__": [102574.046875, -9.438479660925196e-15]}, 26210], [0.0525794331584223, {"__complex__": [97478.21875, -9.763642903881913e-15]}, 32044], [0.057572633292649285, {"__complex__": [96491.34375, 2.26594760038563e-15]}, 38532], [0.06256759312546366, {"__complex__": [94018.9140625, 8.160490749668011e-15]}, 45472], [0.0675636605271809, {"__complex__": [93616.6953125, -1.042558051743631e-14]}, 53040], [0.07255443159918892, {"__complex__": [93277.6015625, 8.221825252411642e-15]}, 61062], [0.07755004323705741, {"__complex__": [91100.2421875, -7.38074355864475e-15]}, 69992], [0.08254517507756594, {"__complex__": [90944.3203125, 9.207043154681009e-15]}, 79026], [0.08754040612900606, {"__complex__": [88465.8125, 3.424901065741037e-15]}, 89226], [0.09254791180444873, {"__complex__": [87892.625, -1.3119288861789544e-15]}, 99828], [0.09755076528749813, {"__complex__": [86626.125, -3.6842955884752466e-15]}, 110592], [0.1025444380095285, {"__complex__": [85517.4296875, 7.981158628141225e-15]}, 122160], [0.10753708847100477, {"__complex__": [85980.0390625, 4.619750305093423e-15]}, 134266], [0.11253511617323798, {"__complex__": [85531.859375, 4.243979808153577e-15]}, 147440], [0.11753494494322995, {"__complex__": [85454.3828125, -4.463082667652794e-15]}, 160580], [0.12253319804493877, {"__complex__": [84080.328125, -1.7704783248671872e-16]}, 174658], [0.1275344796949291, {"__complex__": [83175.7421875, 6.533312294147004e-16]}, 189324], [0.1325332276277939, {"__complex__": [83272.203125, -3.4217325272435954e-15]}, 204134], [0.13752806879506904, {"__complex__": [82916.1171875, -2.6486440739769378e-15]}, 219764], [0.14252833110581914, {"__complex__": [83835.6640625, 2.152322630373998e-16]}, 236636], [0.14752993694741293, {"__complex__": [82887.4453125, -6.900512194089176e-16]}, 253058], [0.15252835704628614, {"__complex__": [82385.75, -3.361029911078616e-15]}, 270600], [0.15752990865240568, {"__complex__": [81490.46875, -4.0290482682822323e-16]}, 288940], [0.16252467107914645, {"__complex__": [81978.328125, -6.097177782462843e-15]}, 306388], [0.16752085226867172, {"__complex__": [81923.46875, 1.3354710022775852e-15]}, 326894], [0.17252399609722713, {"__complex__": [81639.4453125, -8.824181192027632e-16]}, 346310], [0.17752481500021694, {"__complex__": [80841.4765625, -3.313368002411327e-15]}, 366722], [0.18252558407934857, {"__complex__": [80839.0390625, 2.552901822366416e-15]}, 387610], [0.1875236595679758, {"__complex__": [81535.734375, 2.981234948848128e-15]}, 408798], [0.1925202596110668, {"__complex__": [80491.984375, -8.443489645422475e-16]}, 430862], [0.19751812408030092, {"__complex__": [80173.984375, -8.977953141458953e-16]}, 453838], [0.2025190904996836, {"__complex__": [80788.5859375, 2.933804703691913e-15]}, 477408], [0.207522191776406, {"__complex__": [80653.15625, -6.603556207067211e-16]}, 501330], [0.2125218963064126, {"__complex__": [80034.9921875, -8.035660221978474e-16]}, 525166], [0.21751962749220505, {"__complex__": [80340.421875, 1.2165340239559254e-15]}, 550242], [0.22251797723319264, {"__complex__": [80465.7265625, 9.981985763069206e-16]}, 575838], [0.22751680794102724, {"__complex__": [80414.0625, -2.899721739020735e-16]}, 602206], [0.2325162166714425, {"__complex__": [80185.1484375, 2.2678790472636066e-15]}, 628820], [0.2375169196121855, {"__complex__": [79811.8671875, 6.204902797419935e-16]}, 656664], [0.242518694757933, {"__complex__": [79761.3515625, 8.717286692875323e-16]}, 684420], [0.24751628433333178, {"__complex__": [79917.28125, -4.2415574527431075e-16]}, 711890], [0.2525149848662991, {"__complex__": [79272.53125, 7.3508976115944165e-16]}, 742354], [0.25751702500990464, {"__complex__": [80217.0390625, -4.903342970943912e-16]}, 771616], [0.2625171469948003, {"__complex__": [79735.1796875, 5.105059632167788e-16]}, 801700], [0.2675175895122436, {"__complex__": [79602.890625, 1.1007420789674207e-15]}, 832866], [0.27251661734408456, {"__complex__": [79625.4609375, 2.4775557006093043e-15]}, 863404]]}, "attrs": {"poles": [0], "dk": 0.005, "kmin": 0.0, "kmax": null, "Nmesh": {"__dtype__": "<i8", "__shape__": [3], "__data__": [512, 512, 512]}, "BoxSize": {"__dtype__": "<f8", "__shape__": [3], "__data__": [2670.0, 5798.0, 2967.0]}, "BoxPad": {"__dtype__": "<f8", "__shape__": [3], "__data__": [0.1, 0.1, 0.1]}, "BoxCenter": {"__dtype__": "<f8", "__shape__": [3], "__data__": [2580.220200069686, 46.61807366668222, 890.0089401032964]}, "mesh.resampler": "tsc", "mesh.interlaced": true, "alpha": 0.052982911467552185, "data.norm": 1.7574393445493408, "randoms.norm": 1.7580099596039063, "shotnoise": 78689.34405810604, "first.data.N": 125713, "first.data.W": 135167.046875, "first.data.W2": 120847.45539869735, "first.data.num_per_cell": 0.0009003837063811522, "first.randoms.N": 2427374, "first.randoms.W": 2551144.25, "first.randoms.W2": 2281134.230154591, "first.randoms.num_per_cell": 0.01699577443416857, "first.data.ext": 1, "first.randoms.ext": 1, "second.data.N": 125713, "second.data.W": 135167.046875, "second.data.W2": 127393.6953125, "second.data.num_per_cell": 0.0009491569944657385, "second.randoms.N": 2427374, "second.randoms.W": 2551144.25, "second.randoms.W2": 2405462.0, "second.randoms.num_per_cell": 0.017922088503837585, "second.data.ext": 1, "second.randoms.ext": 1}}, "attrs": {"poles": [0], "dk": 0.005, "kmin": 0.0, "kmax": null, "Nmesh": {"__dtype__": "<i8", "__shape__": [3], "__data__": [512, 512, 512]}, "BoxSize": {"__dtype__": "<f8", "__shape__": [3], "__data__": [2670.0, 5798.0, 2967.0]}, "BoxPad": {"__dtype__": "<f8", "__shape__": [3], "__data__": [0.1, 0.1, 0.1]}, "BoxCenter": {"__dtype__": "<f8", "__shape__": [3], "__data__": [2580.220200069686, 46.61807366668222, 890.0089401032964]}, "mesh.resampler": "tsc", "mesh.interlaced": true, "alpha": 0.052982911467552185, "data.norm": 1.7574393445493408, "randoms.norm": 1.7580099596039063, "shotnoise": 78689.34405810604, "first.data.N": 125713, "first.data.W": 135167.046875,