{"poles": {"dims": ["k"], "edges": [{"__dtype__": "<f8", "__shape__": [46], "__data__": [0.0, 0.005, 0.01, 0.015, 0.02, 0.025, 0.03, 0.035, 0.04, 0.045, 0.05, 0.055, 0.06, 0.065, 0.07, 0.075, 0.08, 0.085, 0.09, 0.095, 0.1, 0.105, 0.11, 0.115, 0.12, 0.125, 0.13, 0.135, 0.14, 0.145, 0.15, 0.155, 0.16, 0.165, 0.17, 0.17500000000000002, 0.18, 0.185, 0.19, 0.195, 0.2, 0.20500000000000002, 0.21, 0.215, 0.22, 0.225]}], "coords": [{"__dtype__": "<f8", "__shape__": [45], "__data__": [0.0025, 0.0075, 0.0125, 0.0175, 0.0225, 0.0275, 0.0325, 0.037500000000000006, 0.042499999999999996, 0.0475, 0.052500000000000005, 0.057499999999999996, 0.0625, 0.0675, 0.07250000000000001, 0.0775, 0.0825, 0.0875, 0.0925, 0.0975, 0.10250000000000001, 0.1075, 0.1125, 0.1175, 0.1225, 0.1275, 0.1325, 0.1375, 0.14250000000000002, 0.1475, 0.1525, 0.1575, 0.1625, 0.1675, 0.17250000000000001, 0.1775, 0.1825, 0.1875, 0.1925, 0.1975, 0.2025, 0.20750000000000002, 0.2125, 0.2175, 0.2225]}], "data": {"__dtype__": [["k", "<f8"], ["power_0", "<c8"], ["modes", "<i8"]], "__shape__": [45], "__data__": [[0.003816253688824921, {"__complex__": [-66233.671875, -1.2199210825541984e-12]}, 167], [0.008054097316638552, {"__complex__": [-103563.890625, 3.765745040015117e-13]}, 1082], [0.012820553435389865, {"__complex__": [-133490.390625, 0.0]}, 2980], [0.0177244953128634, {"__complex__": [-128123.5625, 2.2116900325053201e-13]}, 5790], [0.02266754252104315, {"__complex__": [-130603.9296875, 2.594196287907663e-14]}, 9536], [0.027649465344182927, {"__complex__": [-126734.9765625, -1.3164571666666233e-14]}, 14370], [0.03263855917520985, {"__complex__": [-125783.8203125, -7.599674470455675e-14]}, 19914], [0.03761490404812303, {"__complex__": [-123821.5703125, -4.399672087155443e-15]}, 26460], [0.04260291362102337, {"__complex__": [-120049.875, -5.969141976221778e-15]}, 34130], [0.04759079160546906, {"__complex__": [-112943.0859375, -2.7482370220689722e-14]}, 42360], [0.05257522407544436, {"__complex__": [-112594.6640625, -3.3048345689842135e-14]}, 51958], [0.057574580793633846, {"__complex__": [-107982.9921875, -2.3569445616673963e-14]}, 62358], [0.06256976994978088, {"__complex__": [-108763.09375, 3.960998382453651e-15]}, 73476], [0.06756445721062428, {"__complex__": [-105521.5234375, 1.1515538278798407e-14]}, 85930], [0.07255945493470936, {"__complex__": [-103360.890625, 3.689977400782134e-14]}, 98788], [0.07755459202012842, {"__complex__": [-100846.5078125, 5.141020415943469e-16]}, 113222], [0.0825534986195796, {"__complex__": [-99307.71875, 1.8736955363581097e-15]}, 128146], [0.08755147993372303, {"__complex__": [-98449.21875, -1.3120562375825741e-14]}, 144182], [0.09254414681801093, {"__complex__": [-95861.171875, 9.593158041489198e-15]}, 160792], [0.0975392552255204, {"__complex__": [-94947.3203125, 9.754383986735476e-15]}, 179020], [0.10253849455327053, {"__complex__": [-95093.4140625, -3.825463370014069e-15]}, 197806], [0.10753637736773002, {"__complex__": [-93336.5546875, -2.876480690195294e-15]}, 217534], [0.11253669872373348, {"__complex__": [-93110.40625, -7.325281535324434e-15]}, 238384], [0.11753672258715885, {"__complex__": [-93118.2890625, 3.806851938580524e-15]}, 259934], [0.12253191237674428, {"__complex__": [-92427.0859375, 7.223176689851493e-16]}, 282046], [0.12753110813273413, {"__complex__": [-92738.265625, -3.7977203940135307e-16]}, 306540], [0.1325308886068972, {"__complex__": [-92369.796875, 7.055174586906299e-16]}, 330014], [0.13753013312597934, {"__complex__": [-91359.8515625, 8.982864873761844e-16]}, 356392], [0.14253086303997292, {"__complex__": [-90996.9375, 4.132984610745374e-15]}, 382020], [0.147527140768439, {"__complex__": [-90103.765625, 5.404373441277553e-15]}, 409278], [0.15252636179978962, {"__complex__": [-90379.1328125, -7.840006516711927e-15]}, 438042], [0.1575264639072484, {"__complex__": [-89242.0703125, 3.865713105118173e-15]}, 466780], [0.16252445094673626, {"__complex__": [-89346.15625, 1.639685426382809e-15]}, 496990], [0.16752593161069912, {"__complex__": [-89749.109375, 4.404482651960696e-16]}, 528622], [0.17252456081946946, {"__complex__": [-88732.9296875, 2.6016038874929334e-15]}, 559344], [0.1775216816453068, {"__complex__": [-88723.5625, -4.9046880327943725e-17]}, 593388], [0.18252267416666654, {"__complex__": [-88600.671875, 3.71404719723108e-15]}, 626892], [0.18752344883772673, {"__complex__": [-88164.390625, -4.8352829207199636e-15]}, 662096], [0.19252129324017123, {"__complex__": [-88599.0546875, -2.446197693869003e-15]}, 696752], [0.19751883058292422, {"__complex__": [-88130.0390625, 3.2401534390659806e-15]}, 734298], [0.20252032171519288, {"__complex__": [-87355.2578125, -4.333091485852992e-15]}, 772414], [0.20752103877949174, {"__complex__": [-87569.0625, -4.382674253486417e-15]}, 810160], [0.21252031952495337, {"__complex__": [-86732.3046875, -1.0955241442540974e-15]}, 850116], [0.2175190901652507, {"__complex__": [-87143.0703125, 5.4195463424617195e-15]}, 890104], [0.2225180487273824, {"__complex__": [-87424.109375, 7.497130967795175e-16]}, 931679]]}, "attrs": {"poles": [0], "dk": 0.005, "kmin": 0.0, "kmax": null, "Nmesh": {"__dtype__": "<i8", "__shape__": [3], "__data__": [512, 512, 512]}, "BoxSize": {"__dtype__": "<f8", "__shape__": [3], "__data__": [3424.0, 7181.0, 3022.0]}, "BoxPad": {"__dtype__": "<f8", "__shape__": [3], "__data__": [0.1, 0.1, 0.1]}, "BoxCenter": {"__dtype__": "<f8", "__shape__": [3], "__data__": [-1750.5502819398744, 34.21922282927835, 1910.829601872837]}, "mesh.resampler": "tsc", "mesh.interlaced": true, "alpha": 0.05661032721400261, "data.norm": -1.4305909701981534, "randoms.norm": -1.430324102743966, "shotnoise": 59318.90805453777, "first.data.N": 219331, "first.data.W": 232017.6875, "first.data.W2": 200323.81446578845, "first.data.num_per_cell": 0.0014925287251605723, "first.randoms.N": 3963894, "first.randoms.W": 4098504.75, "first.randoms.W2": 3538721.112935639, "first.randoms.num_per_cell": 0.026365526861962967, "first.data.ext": 1, "first.randoms.ext": 1, "second.data.N": 219331, "second.data.W": 232017.6875, "second.data.W2": -94614.671875, "second.data.num_per_cell": -0.0007049342384561896, "second.randoms.N": 3963894, "second.randoms.W": 4098504.75, "second.randoms.W2": -1670975.75, "second.randoms.num_per_cell": -0.012449739500880241, "second.data.ext": 1, "second.randoms.ext": 1}}, "attrs": {"poles": [0], "dk": 0.005, "kmin": 0.0, "kmax": null, "Nmesh": {"__dtype__": "<i8", "__shape__": [3], "__data__": [512, 512, 512]}, "BoxSize": {"__dtype__": "<f8", "__shape__": [3], "__data__": [3424.0, 7181.0, 3022.0]}, "BoxPad": {"__dtype__": "<f8", "__shape__": [3], "__data__": [0.1, 0.1, 0.1]}, "BoxCenter": {"__dtype__": "<f8", "__shape__": [3], "__data__": [-1750.5502819398744, 34.21922282927835, 1910.829601872837]}, "mesh.resampler": "tsc", "mesh.interlaced": true, "alpha": 0.05661032721400261, "data.norm": -1.4305909701981534, "randoms.norm": -1.430324102743966, "shotnoise": 59318.90805453777, "first.data.N": 219331, "first.data.W": 232017.6875, "first.data.W2": 200323.81446578845, "first.data.num_per_cell": 0.0014925287251605723, "first.randoms.N": 3963894, "first.randoms.W": 4098504.75, "first.randoms.W2": 3538721.112935639, "first.randoms.num_per_cell": 0.026365526861962967, "first.data.ext": 1, "first.randoms.ext": 1, "second.data.N": 219331, "second.data.W": 232017.6875, "second.data.W2": -94614.671875, "second.data.num_per_cell": -0.0007049342384561896, "second.randoms.N": 3963894, "second.randoms.W": 4098504.75, "second.randoms.W2": -1670975.75, "second.randoms.num_per_cell": -0.012449739500880241, "second.data.ext": 1, "second.randoms.ext": 1, "p": 3.0, "zmin": 0.8, "zmax": 2.2, "P0_FKP": 30000.0, "z-weighted": true, "hashkeys": ["Nmesh", "P0_FKP", "dk", "kmin", "mesh.window", "mesh.interlaced", "poles", "p", "BoxPad", "zmin", "zmax", "z-weighted"]}}