{"poles": {"dims": ["k"], "edges": [{"__dtype__": "<f8", "__shape__": [57], "__data__": [0.0, 0.005, 0.01, 0.015, 0.02, 0.025, 0.03, 0.035, 0.04, 0.045, 0.05, 0.055, 0.06, 0.065, 0.07, 0.075, 0.08, 0.085, 0.09, 0.095, 0.1, 0.105, 0.11, 0.115, 0.12, 0.125, 0.13, 0.135, 0.14, 0.145, 0.15, 0.155, 0.16, 0.165, 0.17, 0.17500000000000002, 0.18, 0.185, 0.19, 0.195, 0.2, 0.20500000000000002, 0.21, 0.215, 0.22, 0.225, 0.23, 0.23500000000000001, 0.24, 0.245, 0.25, 0.255, 0.26, 0.265, 0.27, 0.275, 0.28]}], "coords": [{"__dtype__": "<f8", "__shape__": [56], "__data__": [0.0025, 0.0075, 0.0125, 0.0175, 0.0225, 0.0275, 0.0325, 0.037500000000000006, 0.042499999999999996, 0.0475, 0.052500000000000005, 0.057499999999999996, 0.0625, 0.0675, 0.07250000000000001, 0.0775, 0.0825, 0.0875, 0.0925, 0.0975, 0.10250000000000001, 0.1075, 0.1125, 0.1175, 0.1225, 0.1275, 0.1325, 0.1375, 0.14250000000000002, 0.1475, 0.1525, 0.1575, 0.1625, 0.1675, 0.17250000000000001, 0.1775, 0.1825, 0.1875, 0.1925, 0.1975, 0.2025, 0.20750000000000002, 0.2125, 0.2175, 0.2225, 0.2275, 0.2325, 0.2375, 0.2425, 0.2475, 0.2525, 0.2575, 0.2625, 0.2675, 0.2725, 0.2775]}], "data": {"__dtype__": [["k", "<f8"], ["power_0", "<c8"], ["modes", "<i8"]], "__shape__": [56], "__data__": [[0.003811984985954354, {"__complex__": [109928.4140625, -1.1526269305325854e-12]}, 101], [0.008093092561341341, {"__complex__": [118962.7421875, 4.270670731117143e-13]}, 690], [0.012872735494013897, {"__complex__": [114766.546875, 2.8317241130074167e-13]}, 1850], [0.01776420608339073, {"__complex__": [109214.453125, -2.831111911474459e-14]}, 3598], [0.022685552191943133, {"__complex__": [112436.109375, 7.426972922839996e-15]}, 5878], [0.027655121951172944, {"__complex__": [118902.328125, 3.599529189795246e-14]}, 8894], [0.032637198708837, {"__complex__": [111118.859375, 4.255637183793459e-14]}, 12310], [0.03761261853838356, {"__complex__": [109410.4921875, -1.7741910820332396e-15]}, 16404], [0.042610849173245584, {"__complex__": [106137.1875, -1.9243111336157692e-14]}, 21174], [0.047594062645579666, {"__complex__": [101061.40625, 1.6676501556089386e-14]}, 26178], [0.05257581383475919, {"__complex__": [98353.765625, -1.8096020355470345e-14]}, 32166], [0.05757416433858986, {"__complex__": [96671.140625, 2.5634169740769257e-14]}, 38602], [0.06256704794461873, {"__complex__": [97620.8125, -9.5946691482671e-15]}, 45500], [0.06756116299593658, {"__complex__": [96138.59375, 8.216469463086153e-15]}, 53132], [0.07255023663305675, {"__complex__": [94855.296875, -1.762252046762572e-14]}, 61106], [0.07754390317429766, {"__complex__": [92602.859375, -2.0761163995985086e-16]}, 70092], [0.08254212003535004, {"__complex__": [92452.9453125, 8.446964068692994e-15]}, 79246], [0.08754298176649908, {"__complex__": [91577.1015625, -1.1708923523953089e-14]}, 89482], [0.0925494343810112, {"__complex__": [90953.109375, -8.053463054584747e-15]}, 99832], [0.09754867858098037, {"__complex__": [89779.7109375, 1.3133971119139013e-16]}, 110796], [0.10254212099018364, {"__complex__": [88779.890625, -2.9744406858199643e-15]}, 122308], [0.10753654349222444, {"__complex__": [87808.671875, 2.6486726613389076e-15]}, 134604], [0.11253325070352693, {"__complex__": [86865.25, -1.97290024689877e-15]}, 147518], [0.11753490607214606, {"__complex__": [87369.1171875, -1.9870780961281495e-15]}, 161112], [0.12253495780843873, {"__complex__": [88363.8359375, 1.082397251154024e-15]}, 174774], [0.1275332506721038, {"__complex__": [87195.40625, 8.442210625672121e-16]}, 189608], [0.13253208161036104, {"__complex__": [86051.1875, 4.127799075042283e-15]}, 204470], [0.1375301106576994, {"__complex__": [85443.4375, 4.027307086180033e-15]}, 220412], [0.14253029276996868, {"__complex__": [84896.8125, -4.3025361487093326e-16]}, 236752], [0.147527202397282, {"__complex__": [85285.40625, 2.8729428453328496e-15]}, 253258], [0.15252741206662715, {"__complex__": [85209.53125, -1.232876995277605e-15]}, 271474], [0.15752855066313257, {"__complex__": [84587.6484375, -5.037251997762121e-16]}, 288886], [0.16252253729076402, {"__complex__": [84681.6953125, -1.4679866598975603e-15]}, 307298], [0.16752135708952995, {"__complex__": [83130.265625, 3.555795608179086e-15]}, 327396], [0.1725266007086179, {"__complex__": [83247.125, -4.358843405031891e-15]}, 347202], [0.17752734513980448, {"__complex__": [83151.7890625, -4.9962433211372774e-15]}, 366984], [0.18252462300280306, {"__complex__": [83627.40625, 1.1248813268240862e-16]}, 388092], [0.18752257794789, {"__complex__": [83079.3984375, -1.6344318104065825e-15]}, 409554], [0.1925210198179042, {"__complex__": [82871.453125, 2.965610790861312e-15]}, 431806], [0.19752042451179125, {"__complex__": [83321.84375, -2.8805407308697207e-15]}, 454662], [0.20252006999397754, {"__complex__": [82966.4453125, 2.7104435978086115e-15]}, 477826], [0.20752011580379026, {"__complex__": [82673.109375, -1.275558138456802e-15]}, 501964], [0.21251915288882395, {"__complex__": [82196.234375, -8.575995773921793e-16]}, 526014], [0.2175183330678113, {"__complex__": [82508.5546875, 3.087673532516577e-15]}, 551410], [0.2225187916927878, {"__complex__": [82158.9140625, -8.069351486851106e-16]}, 577074], [0.22751965379899253, {"__complex__": [82041.9765625, -1.5194069596309351e-15]}, 603374], [0.23252025182063277, {"__complex__": [82028.1796875, -3.0029001458147615e-16]}, 629974], [0.23751777696048768, {"__complex__": [81974.9609375, -6.590601367534549e-16]}, 656874], [0.2425156358632269, {"__complex__": [81551.8125, 1.67761333829937e-15]}, 685260], [0.2475149911940431, {"__complex__": [81613.8515625, 2.1302685923450153e-15]}, 713842], [0.25251482529733205, {"__complex__": [81971.5625, 7.979376470820202e-16]}, 743154], [0.25751682363375333, {"__complex__": [82013.7578125, -1.8819841243239075e-17]}, 773222], [0.26251784358681013, {"__complex__": [81546.515625, -5.074028580145126e-16]}, 803018], [0.267517123950141, {"__complex__": [81391.453125, -1.6405255771873668e-15]}, 833806], [0.27251560734604646, {"__complex__": [81638.3359375, -4.2899007994164626e-16]}, 864994], [0.2775113290018604, {"__complex__": [81751.9140625, -1.0560724730049851e-16]}, 895653]]}, "attrs": {"poles": [0], "dk": 0.005, "kmin": 0.0, "kmax": null, "Nmesh": {"__dtype__": "<i8", "__shape__": [3], "__data__": [512, 512, 512]}, "BoxSize": {"__dtype__": "<f8", "__shape__": [3], "__data__": [2669.0, 5796.0, 2974.0]}, "BoxPad": {"__dtype__": "<f8", "__shape__": [3], "__data__": [0.1, 0.1, 0.1]}, "BoxCenter": {"__dtype__": "<f8", "__shape__": [3], "__data__": [2581.4893812109585, 45.08840481055927, 890.3844689814848]}, "mesh.resampler": "tsc", "mesh.interlaced": true, "alpha": 0.05265000835061073, "data.norm": 1.0042028975981139, "randoms.norm": 1.004276774739999, "shotnoise": 80694.74244094733, "first.data.N": 126496, "first.data.W": 136225.734375, "first.data.W2": 121501.44480949552, "first.data.num_per_cell": 0.0009052563071958387, "first.randoms.N": 2459020, "first.randoms.W": 2587383.0, "first.randoms.W2": 2307767.928890925, "first.randoms.num_per_cell": 0.017194210953197814, "first.data.ext": 1, "first.randoms.ext": 1, "second.data.N": 126496, "second.data.W": 136225.734375, "second.data.W2": 72648.640625, "second.data.num_per_cell": 0.0005412745522335172, "second.randoms.N": 2459020, "second.randoms.W": 2587383.0, "second.randoms.W2": 1379997.625, "second.randoms.num_per_cell": 0.010281783528625965, "second.data.ext": 1, "second.randoms.ext": 1}}, "attrs": {"poles": [0], "dk": 0.005, "kmin": 0.0, "kmax": null, "Nmesh": {"__dtype__": "<i8", "__shape__": [3], "__data__": [512, 512, 512]}, "BoxSize": {"__dtype__": "<f8", "__shape__": [3], "__data__": [2669.0, 5796.0, 2974.0]}, "BoxPad": {"__dtype__": "<f8", "__shape__": [3], "__data__": [0.1, 0.1, 0.1]}, "BoxCenter": {"__dtype__": "<f8", "__shape__": [3], "__data__": [2581.4893812109585, 45.08840481055927, 890.3844689814848]}, "mesh.resampler": "tsc", "mesh.interlaced": true, "alpha": 0.05265000835061073, "data.norm": 1.0042028975981139,