{"poles": {"dims": ["k"], "edges": [{"__dtype__": "<f8", "__shape__": [46], "__data__": [0.0, 0.005, 0.01, 0.015, 0.02, 0.025, 0.03, 0.035, 0.04, 0.045, 0.05, 0.055, 0.06, 0.065, 0.07, 0.075, 0.08, 0.085, 0.09, 0.095, 0.1, 0.105, 0.11, 0.115, 0.12, 0.125, 0.13, 0.135, 0.14, 0.145, 0.15, 0.155, 0.16, 0.165, 0.17, 0.17500000000000002, 0.18, 0.185, 0.19, 0.195, 0.2, 0.20500000000000002, 0.21, 0.215, 0.22, 0.225]}], "coords": [{"__dtype__": "<f8", "__shape__": [45], "__data__": [0.0025, 0.0075, 0.0125, 0.0175, 0.0225, 0.0275, 0.0325, 0.037500000000000006, 0.042499999999999996, 0.0475, 0.052500000000000005, 0.057499999999999996, 0.0625, 0.0675, 0.07250000000000001, 0.0775, 0.0825, 0.0875, 0.0925, 0.0975, 0.10250000000000001, 0.1075, 0.1125, 0.1175, 0.1225, 0.1275, 0.1325, 0.1375, 0.14250000000000002, 0.1475, 0.1525, 0.1575, 0.1625, 0.1675, 0.17250000000000001, 0.1775, 0.1825, 0.1875, 0.1925, 0.1975, 0.2025, 0.20750000000000002, 0.2125, 0.2175, 0.2225]}], "data": {"__dtype__": [["k", "<f8"], ["power_0", "<c8"], ["modes", "<i8"]], "__shape__": [45], "__data__": [[0.0038153300672708664, {"__complex__": [91345.125, 9.585094220068702e-13]}, 167], [0.008051571501090524, {"__complex__": [86985.0546875, 0.0]}, 1082], [0.012816860830930142, {"__complex__": [112196.4765625, -2.4415965261962227e-14]}, 2980], [0.017722504474340435, {"__complex__": [114791.390625, 1.1294173333110252e-13]}, 5798], [0.022666754752893356, {"__complex__": [111353.484375, 1.8296624862434475e-14]}, 9544], [0.02764964318904794, {"__complex__": [109141.125, -1.2138397180298278e-14]}, 14386], [0.03263555486978293, {"__complex__": [100200.953125, -2.5591248887265987e-14]}, 19902], [0.03761483712566436, {"__complex__": [99823.25, -6.5796151384504235e-15]}, 26540], [0.042605893416594466, {"__complex__": [96935.5078125, 1.4491392027332628e-14]}, 34142], [0.04759021193039628, {"__complex__": [91612.359375, 3.6922460938280596e-14]}, 42368], [0.052572215109380226, {"__complex__": [91231.7578125, -5.039915069348288e-15]}, 51972], [0.05757265635446244, {"__complex__": [91326.5703125, -1.6305450303215167e-14]}, 62472], [0.06257136142399555, {"__complex__": [90599.4296875, 1.9284670160681777e-14]}, 73572], [0.06756384587662226, {"__complex__": [87992.5703125, 5.251442066167263e-15]}, 85902], [0.07255634929631485, {"__complex__": [89665.140625, -6.9165894088236545e-15]}, 98884], [0.07755327199199447, {"__complex__": [84696.734375, -1.2321906868320923e-14]}, 113374], [0.0825534886266003, {"__complex__": [84098.5390625, 8.848631327445719e-15]}, 128274], [0.08755150412082507, {"__complex__": [83665.7265625, 2.2693556374489077e-15]}, 144278], [0.09254456102188809, {"__complex__": [82794.390625, 1.6268817822312313e-15]}, 161004], [0.09753934548213772, {"__complex__": [80116.734375, 2.193804957235034e-15]}, 179096], [0.10254052515742022, {"__complex__": [80504.125, -1.1379811413396272e-15]}, 198206], [0.1075371971683046, {"__complex__": [79035.890625, 1.8742118029394612e-15]}, 217400], [0.11253548503416683, {"__complex__": [79244.703125, 2.5598322459408508e-15]}, 238758], [0.11753800294783591, {"__complex__": [79062.234375, -4.249681186921546e-15]}, 260242], [0.12253325591400065, {"__complex__": [78469.9296875, 2.8100066032859606e-15]}, 282234], [0.12753059481059031, {"__complex__": [78491.15625, -1.1626725752685637e-15]}, 306640], [0.13253023860131485, {"__complex__": [77987.9296875, 2.994166812612096e-15]}, 330486], [0.13753060089954072, {"__complex__": [77885.9921875, 8.976014494800925e-16]}, 356664], [0.14253095803130383, {"__complex__": [77023.921875, 1.2559846893534128e-15]}, 382340], [0.14752667970749594, {"__complex__": [76877.984375, 2.4514802148445543e-15]}, 409582], [0.15252681209054694, {"__complex__": [76090.3515625, 1.3601843531840319e-15]}, 438638], [0.15752698579339824, {"__complex__": [75729.9296875, 3.4119488731863346e-15]}, 467016], [0.16252560161957538, {"__complex__": [75586.4375, 1.97365055927136e-16]}, 497684], [0.16752713346006434, {"__complex__": [76221.6953125, 2.9987952123941303e-15]}, 528932], [0.17252630005443656, {"__complex__": [75823.5703125, -3.89716640306504e-15]}, 560096], [0.17752213307428819, {"__complex__": [75699.4921875, -2.5628722471885464e-15]}, 593348], [0.18252151913307624, {"__complex__": [76057.0234375, -5.332376276035648e-16]}, 627664], [0.18752277461917247, {"__complex__": [74551.7578125, 3.041990292814074e-15]}, 662540], [0.1925231291570969, {"__complex__": [74995.265625, 1.792374655949303e-15]}, 698216], [0.19752137327631547, {"__complex__": [74585.7421875, 4.3598037815754e-16]}, 734304], [0.20251928967057706, {"__complex__": [74605.6484375, 2.372914309096692e-15]}, 772696], [0.20752101569885195, {"__complex__": [74800.5703125, 4.302977135237497e-16]}, 811638], [0.21252206486008784, {"__complex__": [74590.125, 7.356035925210698e-16]}, 850638], [0.2175195587938959, {"__complex__": [74490.0546875, -4.901406110996007e-17]}, 890678], [0.22251618271754817, {"__complex__": [74385.921875, 2.123658135466406e-15]}, 931911]]}, "attrs": {"poles": [0], "dk": 0.005, "kmin": 0.0, "kmax": null, "Nmesh": {"__dtype__": "<i8", "__shape__": [3], "__data__": [512, 512, 512]}, "BoxSize": {"__dtype__": "<f8", "__shape__": [3], "__data__": [3429.0, 7184.0, 3019.0]}, "BoxPad": {"__dtype__": "<f8", "__shape__": [3], "__data__": [0.1, 0.1, 0.1]}, "BoxCenter": {"__dtype__": "<f8", "__shape__": [3], "__data__": [-1752.5313754926156, 38.15455115429381, 1912.7284060721508]}, "mesh.resampler": "tsc", "mesh.interlaced": true, "alpha": 0.05688424035906792, "data.norm": 1.735025607267591, "randoms.norm": 1.7356444645997735, "shotnoise": 72830.63227528543, "first.data.N": 220088, "first.data.W": 232701.453125, "first.data.W2": 200688.3559726724, "first.data.num_per_cell": 0.0014952447710385353, "first.randoms.N": 3956605, "first.randoms.W": 4090789.5, "first.randoms.W2": 3528208.119414108, "first.randoms.num_per_cell": 0.02628719895641586, "first.data.ext": 1, "first.randoms.ext": 1, "second.data.N": 220088, "second.data.W": 232701.453125, "second.data.W2": 118997.0546875, "second.data.num_per_cell": 0.0008865971467457712, "second.randoms.N": 3956605, "second.randoms.W": 4090789.5, "second.randoms.W2": 2092771.875, "second.randoms.num_per_cell": 0.015592365525662899, "second.data.ext": 1, "second.randoms.ext": 1}}, "attrs": {"poles": [0], "dk": 0.005, "kmin": 0.0, "kmax": null, "Nmesh": {"__dtype__": "<i8", "__shape__": [3], "__data__": [512, 512, 512]}, "BoxSize": {"__dtype__": "<f8", "__shape__": [3], "__data__": [3429.0, 7184.0, 3019.0]}, "BoxPad": {"__dtype__": "<f8", "__shape__": [3], "__data__": [0.1, 0.1, 0.1]}, "BoxCenter": {"__dtype__": "<f8", "__shape__": [3], "__data__": [-1752.5313754926156, 38.15455115429381, 1912.7284060721508]}, "mesh.resampler": "tsc", "mesh.interlaced": true, "alpha": 0.05688424035906792, "data.norm": 1.735025607267591, "randoms.norm": 1.7356444645997735, "shotnoise": 72830.63227528543, "first.data.N": 220088, "first.data.W": 232701.453125, "first.data.W2": 200688.3559726724, "first.data.num_per_cell": 0.0014952447710385353, "first.randoms.N": 3956605, "first.randoms.W": 4090789.5, "first.randoms.W2": 3528208.119414108, "first.randoms.num_per_cell": 0.02628719895641586, "first.data.ext": 1, "first.randoms.ext": 1, "second.data.N": 220088, "second.data.W": 232701.453125, "second.data.W2": 118997.0546875, "second.data.num_per_cell": 0.0008865971467457712, "second.randoms.N": 3956605, "second.randoms.W": 4090789.5, "second.randoms.W2": 2092771.875, "second.randoms.num_per_cell": 0.015592365525662899, "second.data.ext": 1, "second.randoms.ext": 1, "p": 1.6, "zmin": 0.8, "zmax": 2.2, "P0_FKP": 30000.0, "z-weighted": true, "hashkeys": ["Nmesh", "P0_FKP", "dk", "kmin", "mesh.window", "mesh.interlaced", "poles", "p", "BoxPad", "zmin", "zmax", "z-weighted"]}}