{"poles": {"dims": ["k"], "edges": [{"__dtype__": "<f8", "__shape__": [46], "__data__": [0.0, 0.005, 0.01, 0.015, 0.02, 0.025, 0.03, 0.035, 0.04, 0.045, 0.05, 0.055, 0.06, 0.065, 0.07, 0.075, 0.08, 0.085, 0.09, 0.095, 0.1, 0.105, 0.11, 0.115, 0.12, 0.125, 0.13, 0.135, 0.14, 0.145, 0.15, 0.155, 0.16, 0.165, 0.17, 0.17500000000000002, 0.18, 0.185, 0.19, 0.195, 0.2, 0.20500000000000002, 0.21, 0.215, 0.22, 0.225]}], "coords": [{"__dtype__": "<f8", "__shape__": [45], "__data__": [0.0025, 0.0075, 0.0125, 0.0175, 0.0225, 0.0275, 0.0325, 0.037500000000000006, 0.042499999999999996, 0.0475, 0.052500000000000005, 0.057499999999999996, 0.0625, 0.0675, 0.07250000000000001, 0.0775, 0.0825, 0.0875, 0.0925, 0.0975, 0.10250000000000001, 0.1075, 0.1125, 0.1175, 0.1225, 0.1275, 0.1325, 0.1375, 0.14250000000000002, 0.1475, 0.1525, 0.1575, 0.1625, 0.1675, 0.17250000000000001, 0.1775, 0.1825, 0.1875, 0.1925, 0.1975, 0.2025, 0.20750000000000002, 0.2125, 0.2175, 0.2225]}], "data": {"__dtype__": [["k", "<f8"], ["power_0", "<c8"], ["modes", "<i8"]], "__shape__": [45], "__data__": [[0.0038163421321609696, {"__complex__": [69371.6796875, 5.554997651105453e-13]}, 167], [0.008053756606559387, {"__complex__": [97434.4140625, -2.4208361552348345e-13]}, 1082], [0.012823082093008652, {"__complex__": [112287.3125, 1.3654611566871894e-13]}, 2984], [0.01772117723367997, {"__complex__": [105648.140625, 1.8901863784565563e-14]}, 5774], [0.022662415779932048, {"__complex__": [108136.1796875, -2.1346062057162572e-14]}, 9544], [0.027647981685278454, {"__complex__": [106011.3515625, -3.4420837219991535e-14]}, 14374], [0.032639444808790774, {"__complex__": [99739.8125, 6.936437084843717e-15]}, 19930], [0.03761203417138318, {"__complex__": [94051.4296875, -1.653125827552485e-15]}, 26408], [0.04260462560215609, {"__complex__": [90543.84375, -1.699692204981619e-15]}, 34246], [0.04759705645225983, {"__complex__": [90510.2890625, 5.671987995248392e-15]}, 42332], [0.052578585437291415, {"__complex__": [88568.4453125, -1.456367781905131e-14]}, 51958], [0.057575656018715976, {"__complex__": [88057.546875, 4.903408510118206e-15]}, 62322], [0.06256997106218792, {"__complex__": [87836.2734375, 1.2867639608325028e-15]}, 73508], [0.06755986728163688, {"__complex__": [86305.5234375, 1.1498358756562195e-14]}, 85742], [0.07255554138891668, {"__complex__": [84485.8671875, 1.7637259899699127e-15]}, 99008], [0.07755541810658893, {"__complex__": [82950.484375, 4.24194142336601e-15]}, 113206], [0.08255242329003351, {"__complex__": [82168.3671875, -5.0695523286562426e-15]}, 128094], [0.087550342279668, {"__complex__": [81312.8125, 1.538481400449273e-15]}, 144244], [0.09254215115946857, {"__complex__": [79685.3984375, -4.980369500189258e-15]}, 160702], [0.09753827381375738, {"__complex__": [78693.7890625, 4.3851615657360295e-15]}, 179196], [0.10253771255388244, {"__complex__": [78889.8984375, -2.5766026512635386e-15]}, 197670], [0.1075359381290121, {"__complex__": [76977.5234375, 1.470254908251189e-15]}, 217746], [0.11253601930518708, {"__complex__": [76935.84375, 3.849260337150705e-15]}, 238168], [0.11753583051536605, {"__complex__": [76355.4765625, 2.3071377538194226e-15]}, 260178], [0.12253522499807443, {"__complex__": [76340.375, 2.9893853116248455e-15]}, 282336], [0.1275329749053939, {"__complex__": [76425.6484375, -2.923522358986956e-15]}, 306118], [0.1325295947249835, {"__complex__": [75603.6875, 0.0]}, 330130], [0.1375287413065991, {"__complex__": [75220.9296875, 6.637008052783346e-17]}, 356288], [0.14252861247865017, {"__complex__": [75092.53125, 1.2187980371448177e-15]}, 382066], [0.14752706417960754, {"__complex__": [74737.90625, -1.2433526752527726e-15]}, 409632], [0.1525283585251088, {"__complex__": [74594.078125, -5.17326897194869e-15]}, 438110], [0.15752678021786778, {"__complex__": [73793.890625, -1.6531375801346281e-15]}, 466538], [0.1625254710350851, {"__complex__": [73449.9296875, -3.627476618373428e-15]}, 497436], [0.16752755164762767, {"__complex__": [73098.65625, -2.065398355703863e-17]}, 528418], [0.172528024365317, {"__complex__": [73225.515625, 4.260932325559925e-15]}, 560092], [0.17752442651146283, {"__complex__": [73161.4296875, -9.638282027688277e-16]}, 592598], [0.18252431445712028, {"__complex__": [73051.71875, 1.472344962048539e-15]}, 627602], [0.1875234995694219, {"__complex__": [72673.1328125, 2.3609230754206498e-15]}, 661052], [0.1925208843940274, {"__complex__": [72825.296875, -1.4128619674484873e-15]}, 697798], [0.1975201226833814, {"__complex__": [72746.3984375, -1.5787858750575929e-15]}, 733916], [0.20251934740798866, {"__complex__": [72566.7890625, 2.6381213836731976e-15]}, 772242], [0.20751989262553974, {"__complex__": [72516.171875, -2.8550560505856805e-15]}, 810406], [0.2125193031137353, {"__complex__": [72148.8359375, 1.5257680711856965e-15]}, 850024], [0.2175182124460396, {"__complex__": [72222.6171875, 3.26854364088245e-17]}, 890422], [0.2225171944085551, {"__complex__": [72088.3515625, 1.5623885348086113e-16]}, 931389]]}, "attrs": {"poles": [0], "dk": 0.005, "kmin": 0.0, "kmax": null, "Nmesh": {"__dtype__": "<i8", "__shape__": [3], "__data__": [512, 512, 512]}, "BoxSize": {"__dtype__": "<f8", "__shape__": [3], "__data__": [3422.0, 7193.0, 3019.0]}, "BoxPad": {"__dtype__": "<f8", "__shape__": [3], "__data__": [0.1, 0.1, 0.1]}, "BoxCenter": {"__dtype__": "<f8", "__shape__": [3], "__data__": [-1749.6236948222859, 39.0262169501143, 1913.2802219025014]}, "mesh.resampler": "tsc", "mesh.interlaced": true, "alpha": 0.056642238050699234, "data.norm": 3.075670016274901, "randoms.norm": 3.0753739054531737, "shotnoise": 70395.80511764965, "first.data.N": 219038, "first.data.W": 231619.265625, "first.data.W2": 200062.3598581644, "first.data.num_per_cell": 0.0014905807365340321, "first.randoms.N": 3954571, "first.randoms.W": 4089161.5, "first.randoms.W2": 3531950.8014248526, "first.randoms.num_per_cell": 0.02631508411038557, "first.data.ext": 1, "first.randoms.ext": 1, "second.data.N": 219038, "second.data.W": 231619.265625, "second.data.W2": 210003.796875, "second.data.num_per_cell": 0.0015646502142772079, "second.randoms.N": 3954571, "second.randoms.W": 4089161.5, "second.randoms.W2": 3707172.5, "second.randoms.num_per_cell": 0.0276205874979496, "second.data.ext": 1, "second.randoms.ext": 1}}, "attrs": {"poles": [0], "dk": 0.005, "kmin": 0.0, "kmax": null, "Nmesh": {"__dtype__": "<i8", "__shape__": [3], "__data__": [512, 512, 512]}, "BoxSize": {"__dtype__": "<f8", "__shape__": [3], "__data__": [3422.0, 7193.0, 3019.0]}, "BoxPad": {"__dtype__": "<f8", "__shape__": [3], "__data__": [0.1, 0.1, 0.1]}, "BoxCenter": {"__dtype__": "<f8", "__shape__": [3], "__data__": [-1749.6236948222859, 39.0262169501143, 1913.2802219025014]}, "mesh.resampler": "tsc", "mesh.interlaced": true, "alpha": 0.056642238050699234, "data.norm": 3.075670016274901, "randoms.norm": 3.0753739054531737, "shotnoise": 70395.80511764965, "first.data.N": 219038, "first.data.W": 231619.265625, "first.data.W2": 200062.3598581644, "first.data.num_per_cell": 0.0014905807365340321, "first.randoms.N": 3954571, "first.randoms.W": 4089161.5, "first.randoms.W2": 3531950.8014248526, "first.randoms.num_per_cell": 0.02631508411038557, "first.data.ext": 1, "first.randoms.ext": 1, "second.data.N": 219038, "second.data.W": 231619.265625, "second.data.W2": 210003.796875, "second.data.num_per_cell": 0.0015646502142772079, "second.randoms.N": 3954571, "second.randoms.W": 4089161.5, "second.randoms.W2": 3707172.5, "second.randoms.num_per_cell": 0.0276205874979496, "second.data.ext": 1, "second.randoms.ext": 1, "p": 1.0, "zmin": 0.8, "zmax": 2.2, "P0_FKP": 30000.0, "z-weighted": true, "hashkeys": ["Nmesh", "P0_FKP", "dk", "kmin", "mesh.window", "mesh.interlaced", "poles", "p", "BoxPad", "zmin", "zmax", "z-weighted"]}}