{"poles": {"dims": ["k"], "edges": [{"__dtype__": "<f8", "__shape__": [57], "__data__": [0.0, 0.005, 0.01, 0.015, 0.02, 0.025, 0.03, 0.035, 0.04, 0.045, 0.05, 0.055, 0.06, 0.065, 0.07, 0.075, 0.08, 0.085, 0.09, 0.095, 0.1, 0.105, 0.11, 0.115, 0.12, 0.125, 0.13, 0.135, 0.14, 0.145, 0.15, 0.155, 0.16, 0.165, 0.17, 0.17500000000000002, 0.18, 0.185, 0.19, 0.195, 0.2, 0.20500000000000002, 0.21, 0.215, 0.22, 0.225, 0.23, 0.23500000000000001, 0.24, 0.245, 0.25, 0.255, 0.26, 0.265, 0.27, 0.275, 0.28]}], "coords": [{"__dtype__": "<f8", "__shape__": [56], "__data__": [0.0025, 0.0075, 0.0125, 0.0175, 0.0225, 0.0275, 0.0325, 0.037500000000000006, 0.042499999999999996, 0.0475, 0.052500000000000005, 0.057499999999999996, 0.0625, 0.0675, 0.07250000000000001, 0.0775, 0.0825, 0.0875, 0.0925, 0.0975, 0.10250000000000001, 0.1075, 0.1125, 0.1175, 0.1225, 0.1275, 0.1325, 0.1375, 0.14250000000000002, 0.1475, 0.1525, 0.1575, 0.1625, 0.1675, 0.17250000000000001, 0.1775, 0.1825, 0.1875, 0.1925, 0.1975, 0.2025, 0.20750000000000002, 0.2125, 0.2175, 0.2225, 0.2275, 0.2325, 0.2375, 0.2425, 0.2475, 0.2525, 0.2575, 0.2625, 0.2675, 0.2725, 0.2775]}], "data": {"__dtype__": [["k", "<f8"], ["power_0", "<c8"], ["modes", "<i8"]], "__shape__": [56], "__data__": [[0.003816653996140543, {"__complex__": [-89130.6953125, -1.1526269305325854e-12]}, 101], [0.008103248411667867, {"__complex__": [-98435.828125, 3.374357271466316e-13]}, 690], [0.012888841544598635, {"__complex__": [-69434.8828125, 1.8878160753382778e-13]}, 1850], [0.01777636467792045, {"__complex__": [-78954.0078125, -7.3125201369411e-14]}, 3582], [0.022687578323416644, {"__complex__": [-85101.265625, 1.306834702979225e-14]}, 5846], [0.02764330970725997, {"__complex__": [-72893.484375, -6.59801184703184e-15]}, 8822], [0.032620626546472964, {"__complex__": [-73310.6328125, 5.694537452260312e-14]}, 12266], [0.037609417279902406, {"__complex__": [-71014.3203125, 3.5483821640664793e-15]}, 16404], [0.04261432165741025, {"__complex__": [-70584.640625, 1.380768143186906e-14]}, 21078], [0.047598916003305375, {"__complex__": [-70672.078125, -7.240867078834017e-15]}, 26126], [0.0525780302094591, {"__complex__": [-66825.3671875, 7.282329341602115e-15]}, 31972], [0.05756780264413043, {"__complex__": [-65291.359375, 5.304833093931543e-15]}, 38404], [0.0625648602705783, {"__complex__": [-65802.859375, 1.2487341720282107e-14]}, 45448], [0.0675629929267209, {"__complex__": [-66099.5078125, -1.1005002722368033e-14]}, 52892], [0.07255375220348512, {"__complex__": [-64296.3984375, 1.7183355907330992e-14]}, 60974], [0.07754741201885543, {"__complex__": [-63617.73046875, -6.259785661962567e-15]}, 69740], [0.08254465852177843, {"__complex__": [-63309.72265625, 3.682817092465814e-15]}, 79026], [0.08754656583886979, {"__complex__": [-61672.984375, 1.2085222992968495e-14]}, 89104], [0.09254890545598879, {"__complex__": [-60444.18359375, -5.565009851592542e-15]}, 99366], [0.09754578816810817, {"__complex__": [-60631.921875, -3.1643770245716636e-15]}, 110368], [0.10254593101183947, {"__complex__": [-60524.828125, -3.0965576375838536e-15]}, 122184], [0.10754438660918016, {"__complex__": [-59995.47265625, -8.686803035894825e-16]}, 134014], [0.11253854709669701, {"__complex__": [-59737.17578125, 1.9807686800529502e-16]}, 146932], [0.11753588238467516, {"__complex__": [-59359.11328125, -1.8156758970535583e-15]}, 160292], [0.12253401515680734, {"__complex__": [-58751.09765625, 3.3410436392925587e-16]}, 174220], [0.12753184030509748, {"__complex__": [-58584.72265625, 1.7346286082867146e-15]}, 188754], [0.1325302570399014, {"__complex__": [-58616.32421875, -7.56774386944303e-15]}, 203826], [0.13752706587763966, {"__complex__": [-57757.58984375, -2.023421315279516e-15]}, 219348], [0.14252646395019294, {"__complex__": [-58818.0234375, 2.9596614431980344e-15]}, 236004], [0.14752961304260961, {"__complex__": [-57387.73046875, 7.483125278012325e-15]}, 252802], [0.15253186459295842, {"__complex__": [-56837.45703125, -5.009246547427052e-15]}, 270166], [0.15752851296643994, {"__complex__": [-56960.44921875, 8.599406176397126e-16]}, 287674], [0.1625222260730017, {"__complex__": [-56566.38671875, 3.1358813539183713e-15]}, 306270], [0.1675217152286116, {"__complex__": [-56467.1953125, 1.5842911656982722e-15]}, 326072], [0.17252200628711492, {"__complex__": [-56741.87109375, -8.428026794272552e-17]}, 345322], [0.17752204383908593, {"__complex__": [-56447.953125, 2.703058529299738e-15]}, 366078], [0.18252592044904636, {"__complex__": [-56301.04296875, 2.7437580388988336e-15]}, 387166], [0.18752512258516216, {"__complex__": [-55941.58984375, 2.819488501855762e-15]}, 407734], [0.1925214486232796, {"__complex__": [-56184.4765625, -7.696508229897852e-16]}, 430138], [0.19751972406532226, {"__complex__": [-56058.12109375, -2.0888253878182305e-15]}, 452826], [0.20251936178759156, {"__complex__": [-55641.84375, -1.2223929508520834e-15]}, 476178], [0.20751987967840235, {"__complex__": [-55884.66015625, -1.0477630268528612e-15]}, 499988], [0.21251961419730545, {"__complex__": [-55473.85546875, -8.881072689325559e-16]}, 524330], [0.21752016641238647, {"__complex__": [-55844.8203125, -1.271372313389708e-15]}, 549400], [0.2225183252438982, {"__complex__": [-55977.3046875, 5.574242828354969e-16]}, 574324], [0.22751643589409853, {"__complex__": [-55986.50390625, 2.082089146546954e-15]}, 601062], [0.23251786205070563, {"__complex__": [-55878.7734375, 6.025733623856377e-16]}, 627890], [0.2375178974271629, {"__complex__": [-55287.70703125, -2.666920027423811e-16]}, 654774], [0.24251772741953034, {"__complex__": [-55394.30078125, -4.687540151807198e-16]}, 682964], [0.2475155707913267, {"__complex__": [-54815.23046875, -1.2290191837193353e-15]}, 710416], [0.25251516515464206, {"__complex__": [-54640.9609375, 3.485632163388868e-16]}, 741032], [0.25751539316701294, {"__complex__": [-55261.8984375, -2.8092866252807944e-15]}, 769220], [0.26251554978309516, {"__complex__": [-55235.53125, 2.8348312331458528e-15]}, 800788], [0.267518145102868, {"__complex__": [-55153.18359375, -2.3420276761915377e-15]}, 831040], [0.27251634604608316, {"__complex__": [-55129.27734375, -1.09807921913949e-15]}, 861390], [0.27751161982978023, {"__complex__": [-54940.83984375, 3.1790004131312987e-16]}, 892615]]}, "attrs": {"poles": [0], "dk": 0.005, "kmin": 0.0, "kmax": null, "Nmesh": {"__dtype__": "<i8", "__shape__": [3], "__data__": [512, 512, 512]}, "BoxSize": {"__dtype__": "<f8", "__shape__": [3], "__data__": [2664.0, 5793.0, 2970.0]}, "BoxPad": {"__dtype__": "<f8", "__shape__": [3], "__data__": [0.1, 0.1, 0.1]}, "BoxCenter": {"__dtype__": "<f8", "__shape__": [3], "__data__": [2583.193850554121, 45.60294570675023, 888.5474415793435]}, "mesh.resampler": "tsc", "mesh.interlaced": true, "alpha": 0.05305301025509834, "data.norm": -0.7947289626252096, "randoms.norm": -0.7941731266854677, "shotnoise": 68195.35256329091, "first.data.N": 126545, "first.data.W": 136191.71875, "first.data.W2": 121530.01962318408, "first.data.num_per_cell": 0.0009054692061482674, "first.randoms.N": 2439228, "first.randoms.W": 2567087.5, "first.randoms.W2": 2290867.0959310406, "first.randoms.num_per_cell": 0.01706828993507505, "first.data.ext": 1, "first.randoms.ext": 1, "second.data.N": 126545, "second.data.W": 136191.71875, "second.data.W2": -56577.34765625, "second.data.num_per_cell": -0.0004215340886730701, "second.randoms.N": 2439228, "second.randoms.W": 2567087.5, "second.randoms.W2": -1065665.625, "second.randoms.num_per_cell": -0.007939827628433704, "second.data.ext": 1, "second.randoms.ext": 1}}, "attrs": {"poles": [0], "dk": 0.005, "kmin": 0.0, "kmax": null, "Nmesh": {"__dtype__": "<i8", "__shape__": [3], "__data__": [512, 512, 512]}, "BoxSize": {"__dtype__": "<f8", "__shape__": [3], "__data__": [2664.0, 5793.0, 2970.0]}, "BoxPad": {"__dtype__": "<f8", "__shape__": [3], "__data__": [0.1, 0.1, 0.1]}, "BoxCenter": {"__dtype__": "<f8", "__shape__": [3], "__data__": [2583.193850554121, 45.60294570675023, 888.5474415793435]},