{"poles": {"dims": ["k"], "edges": [{"__dtype__": "<f8", "__shape__": [56], "__data__": [0.0, 0.005, 0.01, 0.015, 0.02, 0.025, 0.03, 0.035, 0.04, 0.045, 0.05, 0.055, 0.06, 0.065, 0.07, 0.075, 0.08, 0.085, 0.09, 0.095, 0.1, 0.105, 0.11, 0.115, 0.12, 0.125, 0.13, 0.135, 0.14, 0.145, 0.15, 0.155, 0.16, 0.165, 0.17, 0.17500000000000002, 0.18, 0.185, 0.19, 0.195, 0.2, 0.20500000000000002, 0.21, 0.215, 0.22, 0.225, 0.23, 0.23500000000000001, 0.24, 0.245, 0.25, 0.255, 0.26, 0.265, 0.27, 0.275]}], "coords": [{"__dtype__": "<f8", "__shape__": [55], "__data__": [0.0025, 0.0075, 0.0125, 0.0175, 0.0225, 0.0275, 0.0325, 0.037500000000000006, 0.042499999999999996, 0.0475, 0.052500000000000005, 0.057499999999999996, 0.0625, 0.0675, 0.07250000000000001, 0.0775, 0.0825, 0.0875, 0.0925, 0.0975, 0.10250000000000001, 0.1075, 0.1125, 0.1175, 0.1225, 0.1275, 0.1325, 0.1375, 0.14250000000000002, 0.1475, 0.1525, 0.1575, 0.1625, 0.1675, 0.17250000000000001, 0.1775, 0.1825, 0.1875, 0.1925, 0.1975, 0.2025, 0.20750000000000002, 0.2125, 0.2175, 0.2225, 0.2275, 0.2325, 0.2375, 0.2425, 0.2475, 0.2525, 0.2575, 0.2625, 0.2675, 0.2725]}], "data": {"__dtype__": [["k", "<f8"], ["power_0", "<c8"], ["modes", "<i8"]], "__shape__": [55], "__data__": [[0.0038159434207398796, {"__complex__": [71633.0078125, -1.4407836631657317e-13]}, 101], [0.008100985298727147, {"__complex__": [101276.3359375, -6.326919375779574e-14]}, 690], [0.01288065352004196, {"__complex__": [117153.78125, -7.291723784020113e-14]}, 1846], [0.017768633981109158, {"__complex__": [123822.5078125, 3.0434849248011514e-14]}, 3586], [0.022690922383600817, {"__complex__": [115357.984375, -6.383505920040666e-14]}, 5870], [0.027649366373815938, {"__complex__": [114076.84375, 5.52583491659521e-14]}, 8822], [0.0326256129929597, {"__complex__": [107901.421875, -5.32993787993874e-15]}, 12286], [0.03761628743979344, {"__complex__": [107408.40625, -3.5653432788572414e-14]}, 16428], [0.042614985153615524, {"__complex__": [101158.921875, -8.298782430834432e-15]}, 21042], [0.047595917442970176, {"__complex__": [98289.9609375, 5.005244740267749e-15]}, 26166], [0.05257915877840279, {"__complex__": [97661.921875, -4.997847601539377e-15]}, 32028], [0.057572187797259776, {"__complex__": [97171.9375, 1.844912721535698e-15]}, 38452], [0.06256848296343673, {"__complex__": [94535.734375, 1.0241516869866161e-14]}, 45468], [0.06756429578256679, {"__complex__": [94258.078125, 1.8563923049599515e-14]}, 52912], [0.07255449890164604, {"__complex__": [91388.7421875, -1.1921154405151232e-15]}, 61034], [0.07755028673897495, {"__complex__": [89759.515625, -1.2499497913624627e-15]}, 69852], [0.08254761404984841, {"__complex__": [89256.390625, 7.363770394810314e-16]}, 79046], [0.08754649826203509, {"__complex__": [88977.9375, -1.2735906079752723e-14]}, 89122], [0.09254804478239335, {"__complex__": [87764.453125, -1.02404097978041e-14]}, 99472], [0.09754456898365625, {"__complex__": [86645.6171875, -3.295151394210321e-17]}, 110404], [0.10254283075589977, {"__complex__": [85670.359375, 2.6188780656610008e-15]}, 122244], [0.10754050876159846, {"__complex__": [85190.21875, 2.387160767994799e-15]}, 134110], [0.11253721373564494, {"__complex__": [84846.7421875, 5.364073307713088e-15]}, 147172], [0.11753628199892478, {"__complex__": [84242.328125, -3.016302959897403e-15]}, 160412], [0.12253281358105861, {"__complex__": [84970.8046875, 7.515363881380416e-16]}, 174266], [0.1275328577983853, {"__complex__": [83493.96875, 3.461884218284054e-15]}, 189156], [0.13253265567982875, {"__complex__": [82770.9765625, -3.212028080629316e-16]}, 203870], [0.1375276489950784, {"__complex__": [83477.109375, -3.9447404320640516e-15]}, 219492], [0.1425270923596626, {"__complex__": [83616.296875, -1.6170027046185064e-16]}, 236232], [0.1475282184628428, {"__complex__": [82439.7890625, -8.059770485426476e-16]}, 252770], [0.15252910456634586, {"__complex__": [82133.1875, 3.2282111744822014e-16]}, 270464], [0.15752923878058656, {"__complex__": [82434.90625, 2.3226835612586176e-15]}, 288196], [0.16252311129812494, {"__complex__": [81958.109375, -3.4210733238523947e-15]}, 306260], [0.16752238265818484, {"__complex__": [81350.0078125, -9.80317075515672e-16]}, 326570], [0.17252307836101058, {"__complex__": [81411.609375, -2.2063994901277582e-15]}, 345430], [0.1775220306577087, {"__complex__": [80877.9921875, 7.248195925531017e-16]}, 366398], [0.1825254930668757, {"__complex__": [81397.6953125, 4.601826664413049e-15]}, 387370], [0.18752450328976536, {"__complex__": [81207.28125, 7.843660616846382e-16]}, 408154], [0.19252089928921198, {"__complex__": [81128.8125, 2.3667699320973094e-16]}, 430390], [0.19751874747244735, {"__complex__": [80607.5078125, 6.101000971549394e-16]}, 453182], [0.20251827194993452, {"__complex__": [81055.640625, 1.7405281927643408e-15]}, 476556], [0.20751887692212312, {"__complex__": [80330.5703125, -2.4390836759032508e-15]}, 500410], [0.21251984097374677, {"__complex__": [80066.1640625, -1.6630950612345332e-16]}, 524994], [0.21752156133476971, {"__complex__": [79709.9609375, -7.939255696482318e-17]}, 549872], [0.22251919497992412, {"__complex__": [80517.453125, 1.6587722550580005e-15]}, 574612], [0.2275176056487813, {"__complex__": [79517.7109375, -4.1105876302518715e-16]}, 601818], [0.23251802823246412, {"__complex__": [80081.5390625, 3.120105153517523e-15]}, 627880], [0.2375181766185716, {"__complex__": [79806.4296875, 0.0]}, 655824], [0.24251694187974213, {"__complex__": [79873.453125, 1.140382162107738e-15]}, 682690], [0.2475138187760037, {"__complex__": [79905.25, 2.811832012226853e-16]}, 711596], [0.25251468863080023, {"__complex__": [79260.46875, -3.5331711463996865e-15]}, 741358], [0.2575165858568534, {"__complex__": [79657.2734375, -1.3124158242445072e-15]}, 770608], [0.26251537957101856, {"__complex__": [79685.9140625, -2.400333824390498e-15]}, 800244], [0.26751658722100485, {"__complex__": [79774.234375, 1.5558012125173738e-15]}, 832446], [0.2725170024370546, {"__complex__": [79335.5625, -3.797913094009031e-16]}, 862100]]}, "attrs": {"poles": [0], "dk": 0.005, "kmin": 0.0, "kmax": null, "Nmesh": {"__dtype__": "<i8", "__shape__": [3], "__data__": [512, 512, 512]}, "BoxSize": {"__dtype__": "<f8", "__shape__": [3], "__data__": [2667.0, 5797.0, 2967.0]}, "BoxPad": {"__dtype__": "<f8", "__shape__": [3], "__data__": [0.1, 0.1, 0.1]}, "BoxCenter": {"__dtype__": "<f8", "__shape__": [3], "__data__": [2581.8953419250292, 45.902220458068314, 892.5432747705628]}, "mesh.resampler": "tsc", "mesh.interlaced": true, "alpha": 0.052763938903808594, "data.norm": 1.7668701851094433, "randoms.norm": 1.767095233124771, "shotnoise": 78528.9883972515, "first.data.N": 126125, "first.data.W": 135860.734375, "first.data.W2": 121218.34026095632, "first.data.num_per_cell": 0.0009031470139395916, "first.randoms.N": 2447569, "first.randoms.W": 2574878.5, "first.randoms.W2": 2297502.6369075263, "first.randoms.num_per_cell": 0.017117728567924546, "first.data.ext": 1, "first.randoms.ext": 1, "second.data.N": 126125, "second.data.W": 135860.734375, "second.data.W2": 127713.015625, "second.data.num_per_cell": 0.0009515361161902547, "second.randoms.N": 2447569, "second.randoms.W": 2574878.5, "second.randoms.W2": 2420887.0, "second.randoms.num_per_cell": 0.018037013709545135, "second.data.ext": 1, "second.randoms.ext": 1}}, "attrs": {"poles": [0], "dk": 0.005, "kmin": 0.0, "kmax": null, "Nmesh": {"__dtype__": "<i8", "__shape__": [3], "__data__": [512, 512, 512]}, "BoxSize": {"__dtype__": "<f8", "__shape__": [3], "__data__": [2667.0, 5797.0, 2967.0]}, "BoxPad": {"__dtype__": "<f8", "__shape__": [3], "__data__": [0.1, 0.1, 0.1]}, "BoxCenter": {"__dtype__": "<f8", "__shape__": [3], "__data__": [2581.8953419250292, 45.902220458068314, 892.5432747705628]}, "mesh.resampler": "tsc", "mesh.interlaced": true, "alpha": 0.052763938903808594, "data.norm": 1.7668701851094433, "randoms.norm": 1.767095233124771, "shotnoise": 78528.9883972515, "first.data.N": 126125, "first.data.W": 135860.734375,