{"poles": {"dims": ["k"], "edges": [{"__dtype__": "<f8", "__shape__": [57], "__data__": [0.0, 0.005, 0.01, 0.015, 0.02, 0.025, 0.03, 0.035, 0.04, 0.045, 0.05, 0.055, 0.06, 0.065, 0.07, 0.075, 0.08, 0.085, 0.09, 0.095, 0.1, 0.105, 0.11, 0.115, 0.12, 0.125, 0.13, 0.135, 0.14, 0.145, 0.15, 0.155, 0.16, 0.165, 0.17, 0.17500000000000002, 0.18, 0.185, 0.19, 0.195, 0.2, 0.20500000000000002, 0.21, 0.215, 0.22, 0.225, 0.23, 0.23500000000000001, 0.24, 0.245, 0.25, 0.255, 0.26, 0.265, 0.27, 0.275, 0.28]}], "coords": [{"__dtype__": "<f8", "__shape__": [56], "__data__": [0.0025, 0.0075, 0.0125, 0.0175, 0.0225, 0.0275, 0.0325, 0.037500000000000006, 0.042499999999999996, 0.0475, 0.052500000000000005, 0.057499999999999996, 0.0625, 0.0675, 0.07250000000000001, 0.0775, 0.0825, 0.0875, 0.0925, 0.0975, 0.10250000000000001, 0.1075, 0.1125, 0.1175, 0.1225, 0.1275, 0.1325, 0.1375, 0.14250000000000002, 0.1475, 0.1525, 0.1575, 0.1625, 0.1675, 0.17250000000000001, 0.1775, 0.1825, 0.1875, 0.1925, 0.1975, 0.2025, 0.20750000000000002, 0.2125, 0.2175, 0.2225, 0.2275, 0.2325, 0.2375, 0.2425, 0.2475, 0.2525, 0.2575, 0.2625, 0.2675, 0.2725, 0.2775]}], "data": {"__dtype__": [["k", "<f8"], ["power_0", "<c8"], ["modes", "<i8"]], "__shape__": [56], "__data__": [[0.0038220752236608523, {"__complex__": [77392.609375, 2.1611755625112333e-13]}, 101], [0.008103548353696517, {"__complex__": [117782.5546875, -4.2425408347014637e-13]}, 686], [0.012868278202047138, {"__complex__": [124440.9375, 0.0]}, 1826], [0.017769644742000493, {"__complex__": [115609.3203125, 1.6195788335665942e-14]}, 3594], [0.02270083731934979, {"__complex__": [116800.2265625, 6.609972036950365e-14]}, 5834], [0.027642387645538852, {"__complex__": [115705.390625, 3.123979821031443e-14]}, 8734], [0.0326182076306748, {"__complex__": [108619.40625, 0.0]}, 12262], [0.03761417227934269, {"__complex__": [106598.5390625, -1.1585919940451661e-14]}, 16328], [0.04260908073038425, {"__complex__": [104973.2734375, 1.94786136005487e-14]}, 20918], [0.04759623615096076, {"__complex__": [104005.78125, -3.454923725039992e-14]}, 26114], [0.052578445107352545, {"__complex__": [100087.1953125, 1.786241713894708e-14]}, 31772], [0.057563645187548466, {"__complex__": [97787.6875, -3.805815170253085e-15]}, 38236], [0.06256362538798431, {"__complex__": [95459.5078125, -8.992973364954377e-15]}, 45308], [0.06756315097738046, {"__complex__": [95348.59375, -8.29200468494874e-16]}, 52648], [0.07255894358235641, {"__complex__": [94814.15625, 9.563247614055755e-16]}, 60866], [0.07755601966071451, {"__complex__": [93417.8515625, 5.450783647007037e-15]}, 69412], [0.08254708901902319, {"__complex__": [93090.4921875, 1.852142783015224e-15]}, 78568], [0.08754274764344502, {"__complex__": [92320.765625, -8.20862117343425e-16]}, 88638], [0.09254621860633859, {"__complex__": [90923.2734375, 5.87469600265791e-16]}, 99082], [0.0975463966934699, {"__complex__": [89880.3046875, 6.752444588041138e-15]}, 109908], [0.10254975697979235, {"__complex__": [88678.90625, 2.628079596325261e-15]}, 121816], [0.10754453677392918, {"__complex__": [89683.984375, -1.1201515213163978e-14]}, 133158], [0.11253557151546364, {"__complex__": [88367.609375, 1.5902211374828812e-15]}, 146414], [0.11753461104851662, {"__complex__": [87587.6953125, 1.86897311591893e-15]}, 159614], [0.12252754776977748, {"__complex__": [86038.1015625, 2.05903502730506e-15]}, 173150], [0.12752844643600794, {"__complex__": [86881.3046875, -3.0883983280216305e-16]}, 188472], [0.13253113205962525, {"__complex__": [86374.1953125, 2.0089618275951748e-15]}, 202818], [0.13752974505590634, {"__complex__": [86117.9140625, -2.3949170486928066e-15]}, 218742], [0.1425297851939239, {"__complex__": [86119.984375, 2.4174881473965288e-15]}, 234758], [0.14752725707740888, {"__complex__": [85553.28125, -8.883069993015184e-15]}, 251458], [0.15252684930812138, {"__complex__": [85379.7421875, -9.519893926716438e-15]}, 269030], [0.15752789824409377, {"__complex__": [84666.2734375, 3.9556201467550595e-15]}, 286946], [0.16252802051963056, {"__complex__": [84800.1640625, 1.0247290246434646e-15]}, 305316], [0.1675245520041331, {"__complex__": [84218.9765625, 3.2337189532821633e-15]}, 324004], [0.17252167287898976, {"__complex__": [84863.6015625, 1.944855409531654e-15]}, 344184], [0.1775220843626231, {"__complex__": [83980.9140625, 1.3982238616913937e-15]}, 364260], [0.18252288651709647, {"__complex__": [84587.84375, 1.2839436587555012e-15]}, 385348], [0.18752472206979437, {"__complex__": [84354.9765625, 3.3098883910640062e-15]}, 406676], [0.19252307031931698, {"__complex__": [83213.328125, -3.3994719719941603e-16]}, 428064], [0.19752207896405255, {"__complex__": [83564.40625, 1.5477124713875689e-15]}, 451306], [0.20252053956981061, {"__complex__": [83191.1953125, -2.6424060998368835e-15]}, 473608], [0.2075178828794224, {"__complex__": [83179.5, -3.2954824782135787e-15]}, 497872], [0.21251968419589964, {"__complex__": [82715.5390625, 2.7850874763128903e-16]}, 522494], [0.21751980992187891, {"__complex__": [82917.46875, -3.7262508244186466e-15]}, 546734], [0.22251910583760298, {"__complex__": [82633.015625, 1.291516768578665e-15]}, 572520], [0.22751901762204568, {"__complex__": [82962.8125, -1.0943191340075098e-15]}, 598396], [0.23251676921015915, {"__complex__": [82987.8984375, 1.5611892949739768e-15]}, 624510], [0.237517027078202, {"__complex__": [82583.75, -1.3542813805746167e-15]}, 652766], [0.24251841680287697, {"__complex__": [82770.390625, 4.259389455046501e-15]}, 679870], [0.2475183162809255, {"__complex__": [82981.78125, 7.806931680066659e-16]}, 708310], [0.2525158474163278, {"__complex__": [82371.125, 8.694434802749586e-16]}, 736430], [0.25751397386730823, {"__complex__": [82114.0859375, 1.3199954985730123e-15]}, 766872], [0.2625136527600874, {"__complex__": [82466.9375, 6.578408857654415e-16]}, 796346], [0.2675137356272462, {"__complex__": [82599.0078125, 1.4062777156516836e-16]}, 827826], [0.27251699595465806, {"__complex__": [82481.4296875, -2.03224379869988e-16]}, 859262], [0.27751422006202464, {"__complex__": [81918.984375, -7.371865382808105e-16]}, 888291]]}, "attrs": {"poles": [0], "dk": 0.005, "kmin": 0.0, "kmax": null, "Nmesh": {"__dtype__": "<i8", "__shape__": [3], "__data__": [512, 512, 512]}, "BoxSize": {"__dtype__": "<f8", "__shape__": [3], "__data__": [2661.0, 5785.0, 2965.0]}, "BoxPad": {"__dtype__": "<f8", "__shape__": [3], "__data__": [0.1, 0.1, 0.1]}, "BoxCenter": {"__dtype__": "<f8", "__shape__": [3], "__data__": [2584.7914077640294, 41.273482971053454, 887.0441808040662]}, "mesh.resampler": "tsc", "mesh.interlaced": true, "alpha": 0.053033050149679184, "data.norm": 0.9916700712942512, "randoms.norm": 0.9920279347530634, "shotnoise": 81402.68457123813, "first.data.N": 125470, "first.data.W": 135137.203125, "first.data.W2": 120804.46397114286, "first.data.num_per_cell": 0.0009000633952851807, "first.randoms.N": 2419094, "first.randoms.W": 2548169.5, "first.randoms.W2": 2278051.732049691, "first.randoms.num_per_cell": 0.016972808033598148, "first.data.ext": 1, "first.randoms.ext": 1, "second.data.N": 125470, "second.data.W": 135137.203125, "second.data.W2": 72165.984375, "second.data.num_per_cell": 0.0005376784829422832, "second.randoms.N": 2419094, "second.randoms.W": 2548169.5, "second.randoms.W2": 1361342.375, "second.randoms.num_per_cell": 0.010142791084945202, "second.data.ext": 1, "second.randoms.ext": 1}}, "attrs": {"poles": [0], "dk": 0.005, "kmin": 0.0, "kmax": null, "Nmesh": {"__dtype__": "<i8", "__shape__": [3], "__data__": [512, 512, 512]}, "BoxSize": {"__dtype__": "<f8", "__shape__": [3], "__data__": [2661.0, 5785.0, 2965.0]}, "BoxPad": {"__dtype__": "<f8", "__shape__": [3], "__data__": [0.1, 0.1, 0.1]}, "BoxCenter": {"__dtype__": "<f8", "__shape__": [3], "__data__": [2584.7914077640294, 41.273482971053454, 887.0441808040662]}, "mesh.resampler": "tsc", "mesh.interlaced": true, "alpha": 0.053033050149679184, "data.norm": 0.9916700712942512, "randoms.norm": 0.9920279347530634,