{"poles": {"dims": ["k"], "edges": [{"__dtype__": "<f8", "__shape__": [57], "__data__": [0.0, 0.005, 0.01, 0.015, 0.02, 0.025, 0.03, 0.035, 0.04, 0.045, 0.05, 0.055, 0.06, 0.065, 0.07, 0.075, 0.08, 0.085, 0.09, 0.095, 0.1, 0.105, 0.11, 0.115, 0.12, 0.125, 0.13, 0.135, 0.14, 0.145, 0.15, 0.155, 0.16, 0.165, 0.17, 0.17500000000000002, 0.18, 0.185, 0.19, 0.195, 0.2, 0.20500000000000002, 0.21, 0.215, 0.22, 0.225, 0.23, 0.23500000000000001, 0.24, 0.245, 0.25, 0.255, 0.26, 0.265, 0.27, 0.275, 0.28]}], "coords": [{"__dtype__": "<f8", "__shape__": [56], "__data__": [0.0025, 0.0075, 0.0125, 0.0175, 0.0225, 0.0275, 0.0325, 0.037500000000000006, 0.042499999999999996, 0.0475, 0.052500000000000005, 0.057499999999999996, 0.0625, 0.0675, 0.07250000000000001, 0.0775, 0.0825, 0.0875, 0.0925, 0.0975, 0.10250000000000001, 0.1075, 0.1125, 0.1175, 0.1225, 0.1275, 0.1325, 0.1375, 0.14250000000000002, 0.1475, 0.1525, 0.1575, 0.1625, 0.1675, 0.17250000000000001, 0.1775, 0.1825, 0.1875, 0.1925, 0.1975, 0.2025, 0.20750000000000002, 0.2125, 0.2175, 0.2225, 0.2275, 0.2325, 0.2375, 0.2425, 0.2475, 0.2525, 0.2575, 0.2625, 0.2675, 0.2725, 0.2775]}], "data": {"__dtype__": [["k", "<f8"], ["power_0", "<c8"], ["modes", "<i8"]], "__shape__": [56], "__data__": [[0.0038197292638634203, {"__complex__": [106317.3046875, -7.20391845135393e-13]}, 101], [0.008100056551251896, {"__complex__": [111151.484375, -2.996294618667905e-13]}, 686], [0.012876633371890055, {"__complex__": [117506.5546875, -2.078279497282065e-13]}, 1838], [0.01777063519415029, {"__complex__": [115190.0703125, 4.468762192970724e-14]}, 3582], [0.022693764092602296, {"__complex__": [111549.328125, -2.864550231133217e-14]}, 5842], [0.027644202788732187, {"__complex__": [112767.6953125, -9.9557000013753e-15]}, 8770], [0.032622720547375514, {"__complex__": [106652.5703125, -4.7439007712054334e-15]}, 12270], [0.03761004259261407, {"__complex__": [106795.953125, -3.301575186203179e-14]}, 16308], [0.042610844446493004, {"__complex__": [103602.9140625, 6.91696718551813e-15]}, 21038], [0.047600102520865106, {"__complex__": [100961.09375, 4.743855031426282e-15]}, 26074], [0.05257459836933928, {"__complex__": [95591.9296875, -5.033998120695243e-15]}, 31798], [0.05756096119094215, {"__complex__": [95289.828125, 5.505473176279458e-15]}, 38326], [0.06256134262942287, {"__complex__": [93981.4140625, 8.98900501559649e-15]}, 45328], [0.06756391694938264, {"__complex__": [92869.21875, 1.3776048562937375e-16]}, 52816], [0.07255971223139163, {"__complex__": [92570.3515625, 3.347576486777376e-15]}, 60858], [0.07755256285737074, {"__complex__": [90416.4609375, 1.675522755106428e-15]}, 69480], [0.08254591581937049, {"__complex__": [88557.171875, 2.217040553285877e-15]}, 78764], [0.08754609852903585, {"__complex__": [89221.390625, 1.474358253485044e-14]}, 88830], [0.09254576548915291, {"__complex__": [88059.578125, -1.0289440723472388e-15]}, 98998], [0.0975444271271965, {"__complex__": [87197.9453125, -3.960926384653134e-15]}, 110216], [0.10254618507060517, {"__complex__": [85019.078125, -7.531057178431552e-15]}, 121732], [0.10753832217295926, {"__complex__": [86189.265625, 3.2721520674122023e-16]}, 133416], [0.11253369828194547, {"__complex__": [85368.25, 9.913019281712577e-16]}, 146796], [0.11753680129553933, {"__complex__": [85059.46875, -3.0944868537860536e-15]}, 159886], [0.12253365955803101, {"__complex__": [85033.5390625, -5.029232183938399e-16]}, 173608], [0.12753064839208697, {"__complex__": [84515.3046875, -3.8644345618238515e-16]}, 188280], [0.132529319036762, {"__complex__": [83912.8984375, -3.4198934069568695e-15]}, 203180], [0.13752841682069827, {"__complex__": [83672.4375, 5.282785673347461e-15]}, 218990], [0.142529853064766, {"__complex__": [82655.796875, -2.2265955084473793e-15]}, 235278], [0.14752940199332978, {"__complex__": [82252.875, -3.2075081540040894e-15]}, 251794], [0.1525309004643328, {"__complex__": [81985.375, 2.3204664525191794e-15]}, 269658], [0.1575280603718425, {"__complex__": [82352.984375, 2.386075930547603e-15]}, 286638], [0.16252458751293802, {"__complex__": [82133.984375, 2.806109828212117e-15]}, 305962], [0.16752574483969918, {"__complex__": [81867.109375, -4.748296025168736e-15]}, 324854], [0.17252299719070352, {"__complex__": [81384.15625, 1.0145891932318834e-15]}, 344224], [0.17752426605367141, {"__complex__": [80765.640625, -7.09021761048363e-15]}, 365326], [0.18252559237608362, {"__complex__": [81061.4609375, -3.171355305507618e-15]}, 385438], [0.18752357238947168, {"__complex__": [81169.0234375, -9.876776859481934e-16]}, 407012], [0.1925225878789396, {"__complex__": [80685.578125, 5.257979254695935e-16]}, 428976], [0.19752146328635795, {"__complex__": [80859.046875, -1.7400353254681572e-15]}, 451602], [0.20252156194941504, {"__complex__": [80192.9921875, 2.2677608861674647e-15]}, 474848], [0.20752155031544492, {"__complex__": [80030.7421875, -2.3789659359883504e-15]}, 498528], [0.21252032218564024, {"__complex__": [80555.1796875, 7.030058471833433e-16]}, 522664], [0.21751591666702455, {"__complex__": [80324.2734375, -1.8226014501885462e-15]}, 546914], [0.22251470039517232, {"__complex__": [80204.28125, 4.0260100669795495e-16]}, 573798], [0.22751718443006724, {"__complex__": [79877.0703125, -6.799461163481738e-16]}, 599244], [0.23251788535131948, {"__complex__": [79721.5859375, 1.1622193067626642e-15]}, 626040], [0.23751851786432665, {"__complex__": [79921.25, -2.5619803214950877e-16]}, 653194], [0.2425183430343989, {"__complex__": [79692.4921875, -8.897805825198567e-16]}, 680756], [0.24751781438382575, {"__complex__": [79954.4921875, 2.2673373696938375e-15]}, 709196], [0.25251692597053854, {"__complex__": [79886.609375, -4.9290832434197864e-17]}, 738064], [0.25751408394757996, {"__complex__": [79691.203125, 6.641383110304812e-16]}, 766884], [0.26251438340572636, {"__complex__": [79628.9921875, 9.109476182343865e-16]}, 798724], [0.2675167696181157, {"__complex__": [79630.0234375, 0.0]}, 828444], [0.2725166310431851, {"__complex__": [79528.8359375, 3.757682946541833e-15]}, 859712], [0.2775131686726527, {"__complex__": [79482.890625, -3.4333085559568055e-16]}, 890075]]}, "attrs": {"poles": [0], "dk": 0.005, "kmin": 0.0, "kmax": null, "Nmesh": {"__dtype__": "<i8", "__shape__": [3], "__data__": [512, 512, 512]}, "BoxSize": {"__dtype__": "<f8", "__shape__": [3], "__data__": [2657.0, 5786.0, 2973.0]}, "BoxPad": {"__dtype__": "<f8", "__shape__": [3], "__data__": [0.1, 0.1, 0.1]}, "BoxCenter": {"__dtype__": "<f8", "__shape__": [3], "__data__": [2586.117693356521, 44.66869100243707, 890.605569919255]}, "mesh.resampler": "tsc", "mesh.interlaced": true, "alpha": 0.053043220192193985, "data.norm": 1.768921828504959, "randoms.norm": 1.7684848399837323, "shotnoise": 78572.76346711133, "first.data.N": 125881, "first.data.W": 135515.5625, "first.data.W2": 121086.08763124865, "first.data.num_per_cell": 0.0009021616550627995, "first.randoms.N": 2427581, "first.randoms.W": 2554814.0, "first.randoms.W2": 2282660.4569537737, "first.randoms.num_per_cell": 0.017007145709945066, "first.data.ext": 1, "first.randoms.ext": 1, "second.data.N": 125881, "second.data.W": 135515.5625, "second.data.W2": 127783.96875, "second.data.num_per_cell": 0.0009520647581666708, "second.randoms.N": 2427581, "second.randoms.W": 2554814.0, "second.randoms.W2": 2408351.0, "second.randoms.num_per_cell": 0.0179436132311821, "second.data.ext": 1, "second.randoms.ext": 1}}, "attrs": {"poles": [0], "dk": 0.005, "kmin": 0.0, "kmax": null, "Nmesh": {"__dtype__": "<i8", "__shape__": [3], "__data__": [512, 512, 512]}, "BoxSize": {"__dtype__": "<f8", "__shape__": [3], "__data__": [2657.0, 5786.0, 2973.0]}, "BoxPad": {"__dtype__": "<f8", "__shape__": [3], "__data__": [0.1, 0.1, 0.1]}, "BoxCenter": {"__dtype__": "<f8", "__shape__": [3], "__data__": [2586.117693356521, 44.66869100243707, 890.605569919255]}, "mesh.resampler": "tsc", "mesh.interlaced": true, "alpha": 0.053043220192193985, "data.norm": 1.768921828504959, "randoms.norm": 1.7684848399837323,