{"poles": {"dims": ["k"], "edges": [{"__dtype__": "<f8", "__shape__": [46], "__data__": [0.0, 0.005, 0.01, 0.015, 0.02, 0.025, 0.03, 0.035, 0.04, 0.045, 0.05, 0.055, 0.06, 0.065, 0.07, 0.075, 0.08, 0.085, 0.09, 0.095, 0.1, 0.105, 0.11, 0.115, 0.12, 0.125, 0.13, 0.135, 0.14, 0.145, 0.15, 0.155, 0.16, 0.165, 0.17, 0.17500000000000002, 0.18, 0.185, 0.19, 0.195, 0.2, 0.20500000000000002, 0.21, 0.215, 0.22, 0.225]}], "coords": [{"__dtype__": "<f8", "__shape__": [45], "__data__": [0.0025, 0.0075, 0.0125, 0.0175, 0.0225, 0.0275, 0.0325, 0.037500000000000006, 0.042499999999999996, 0.0475, 0.052500000000000005, 0.057499999999999996, 0.0625, 0.0675, 0.07250000000000001, 0.0775, 0.0825, 0.0875, 0.0925, 0.0975, 0.10250000000000001, 0.1075, 0.1125, 0.1175, 0.1225, 0.1275, 0.1325, 0.1375, 0.14250000000000002, 0.1475, 0.1525, 0.1575, 0.1625, 0.1675, 0.17250000000000001, 0.1775, 0.1825, 0.1875, 0.1925, 0.1975, 0.2025, 0.20750000000000002, 0.2125, 0.2175, 0.2225]}], "data": {"__dtype__": [["k", "<f8"], ["power_0", "<c8"], ["modes", "<i8"]], "__shape__": [45], "__data__": [[0.0038159188680795897, {"__complex__": [70230.0078125, -8.713722018244274e-14]}, 167], [0.008053341201594006, {"__complex__": [95645.78125, -8.069453850782782e-14]}, 1082], [0.012819361445324456, {"__complex__": [105507.75, -3.906554577439228e-14]}, 2980], [0.017722857182272296, {"__complex__": [110946.03125, 5.780553309240807e-14]}, 5790], [0.02266543012964021, {"__complex__": [109791.5078125, -4.2727940055466845e-14]}, 9536], [0.027649523230254467, {"__complex__": [105885.4453125, 0.0]}, 14386], [0.032637649873070135, {"__complex__": [102301.2578125, 2.358524786333794e-14]}, 19898], [0.03761429503994593, {"__complex__": [96734.8046875, 1.373236707384747e-15]}, 26492], [0.04260534189236238, {"__complex__": [93258.5234375, 1.9812146376057237e-14]}, 34154], [0.04759206372908184, {"__complex__": [90362.1484375, 1.2586526737306744e-14]}, 42344], [0.05257492855832006, {"__complex__": [88942.3984375, 9.5194737983746e-15]}, 51974], [0.05757451485445827, {"__complex__": [88121.3046875, 4.78236326679083e-15]}, 62378], [0.06257058671014544, {"__complex__": [85795.1484375, -9.896569478360425e-15]}, 73520], [0.06756414649725476, {"__complex__": [86028.2734375, 2.3506627535723216e-15]}, 85894], [0.07255805948160855, {"__complex__": [83358.8515625, -9.865006489646888e-15]}, 98832], [0.07755589834747006, {"__complex__": [82196.4765625, 4.108026784954526e-15]}, 113354], [0.08255421860780994, {"__complex__": [81228.4453125, -6.591056012468987e-15]}, 128054], [0.08755209768761194, {"__complex__": [80516.09375, 1.008071512930778e-16]}, 144354], [0.09254587715489129, {"__complex__": [79473.765625, 5.430629450939187e-16]}, 160776], [0.09753838202406714, {"__complex__": [78694.5390625, -1.382365287336425e-15]}, 178956], [0.10253739269729063, {"__complex__": [77896.2421875, 3.9328705358577035e-15]}, 197954], [0.10753602160852395, {"__complex__": [77559.6953125, -1.584398103607863e-15]}, 217558], [0.11253705726883875, {"__complex__": [76718.2265625, 1.9825331555611993e-16]}, 238552], [0.11753765468352904, {"__complex__": [76510.8828125, -2.434965825230174e-15]}, 259966], [0.12253250354674619, {"__complex__": [75977.0234375, 3.919929990006026e-15]}, 282134], [0.12753121451436908, {"__complex__": [76028.8515625, 1.8037759311775826e-15]}, 306564], [0.1325300907921434, {"__complex__": [75400.0078125, -7.054490607801391e-16]}, 330046], [0.13752926107014027, {"__complex__": [75233.4296875, -1.7550327849531235e-15]}, 356536], [0.142530716506192, {"__complex__": [74663.859375, -1.2755352685672261e-15]}, 382184], [0.14752828440621166, {"__complex__": [74070.1484375, 4.441521020463962e-16]}, 409542], [0.15252769148567807, {"__complex__": [73689.203125, -2.4083886312628534e-16]}, 438058], [0.15752745501568513, {"__complex__": [74076.7734375, -4.798992217611327e-15]}, 466972], [0.1625258546185069, {"__complex__": [73207.0234375, 1.2147134325149207e-15]}, 497158], [0.16752645317814976, {"__complex__": [72847.5546875, 1.2939440473681407e-15]}, 528570], [0.17252474321303285, {"__complex__": [73070.4296875, 2.2362438489913162e-15]}, 559628], [0.17752261957771137, {"__complex__": [73453.3515625, 2.3288477376531423e-16]}, 593612], [0.18252351361761687, {"__complex__": [72991.8828125, -3.1332074826621262e-15]}, 626996], [0.18752396982680136, {"__complex__": [72400.109375, 4.833968325585825e-16]}, 662276], [0.1925225986162406, {"__complex__": [72625.0390625, -9.079657446226961e-16]}, 697172], [0.19751924469456159, {"__complex__": [72768.40625, 1.4645408239890114e-15]}, 734034], [0.20251904036395427, {"__complex__": [72199.0390625, -1.0477099814145394e-15]}, 772590], [0.20751932015548716, {"__complex__": [71746.90625, 2.5323108749351377e-15]}, 810256], [0.21251938962598996, {"__complex__": [71626.8828125, 2.4845375814352847e-15]}, 850728], [0.21751840814193932, {"__complex__": [71640.0546875, 2.452448638201062e-16]}, 890044], [0.2225163844919941, {"__complex__": [71496.828125, 2.5297928577411874e-15]}, 931859]]}, "attrs": {"poles": [0], "dk": 0.005, "kmin": 0.0, "kmax": null, "Nmesh": {"__dtype__": "<i8", "__shape__": [3], "__data__": [512, 512, 512]}, "BoxSize": {"__dtype__": "<f8", "__shape__": [3], "__data__": [3424.0, 7183.0, 3022.0]}, "BoxPad": {"__dtype__": "<f8", "__shape__": [3], "__data__": [0.1, 0.1, 0.1]}, "BoxCenter": {"__dtype__": "<f8", "__shape__": [3], "__data__": [-1748.878345740314, 35.59442730612932, 1912.5612362351535]}, "mesh.resampler": "tsc", "mesh.interlaced": true, "alpha": 0.05680059269070625, "data.norm": 3.09705910247229, "randoms.norm": 3.0975705445249186, "shotnoise": 70036.06058025727, "first.data.N": 219961, "first.data.W": 232617.796875, "first.data.W2": 200634.7173669108, "first.data.num_per_cell": 0.0014948451322832018, "first.randoms.N": 3961791, "first.randoms.W": 4095341.0, "first.randoms.W2": 3532440.304741388, "first.randoms.num_per_cell": 0.02631873119429788, "first.data.ext": 1, "first.randoms.ext": 1, "second.data.N": 219961, "second.data.W": 232617.796875, "second.data.W2": 210679.375, "second.data.num_per_cell": 0.001569683663547039, "second.randoms.N": 3961791, "second.randoms.W": 4095341.0, "second.randoms.W2": 3709846.75, "second.randoms.num_per_cell": 0.027640512213110924, "second.data.ext": 1, "second.randoms.ext": 1}}, "attrs": {"poles": [0], "dk": 0.005, "kmin": 0.0, "kmax": null, "Nmesh": {"__dtype__": "<i8", "__shape__": [3], "__data__": [512, 512, 512]}, "BoxSize": {"__dtype__": "<f8", "__shape__": [3], "__data__": [3424.0, 7183.0, 3022.0]}, "BoxPad": {"__dtype__": "<f8", "__shape__": [3], "__data__": [0.1, 0.1, 0.1]}, "BoxCenter": {"__dtype__": "<f8", "__shape__": [3], "__data__": [-1748.878345740314, 35.59442730612932, 1912.5612362351535]}, "mesh.resampler": "tsc", "mesh.interlaced": true, "alpha": 0.05680059269070625, "data.norm": 3.09705910247229, "randoms.norm": 3.0975705445249186, "shotnoise": 70036.06058025727, "first.data.N": 219961, "first.data.W": 232617.796875, "first.data.W2": 200634.7173669108, "first.data.num_per_cell": 0.0014948451322832018, "first.randoms.N": 3961791, "first.randoms.W": 4095341.0, "first.randoms.W2": 3532440.304741388, "first.randoms.num_per_cell": 0.02631873119429788, "first.data.ext": 1, "first.randoms.ext": 1, "second.data.N": 219961, "second.data.W": 232617.796875, "second.data.W2": 210679.375, "second.data.num_per_cell": 0.001569683663547039, "second.randoms.N": 3961791, "second.randoms.W": 4095341.0, "second.randoms.W2": 3709846.75, "second.randoms.num_per_cell": 0.027640512213110924, "second.data.ext": 1, "second.randoms.ext": 1, "p": 1.0, "zmin": 0.8, "zmax": 2.2, "P0_FKP": 30000.0, "z-weighted": true, "hashkeys": ["Nmesh", "P0_FKP", "dk", "kmin", "mesh.window", "mesh.interlaced", "poles", "p", "BoxPad", "zmin", "zmax", "z-weighted"]}}