{"poles": {"dims": ["k"], "edges": [{"__dtype__": "<f8", "__shape__": [46], "__data__": [0.0, 0.005, 0.01, 0.015, 0.02, 0.025, 0.03, 0.035, 0.04, 0.045, 0.05, 0.055, 0.06, 0.065, 0.07, 0.075, 0.08, 0.085, 0.09, 0.095, 0.1, 0.105, 0.11, 0.115, 0.12, 0.125, 0.13, 0.135, 0.14, 0.145, 0.15, 0.155, 0.16, 0.165, 0.17, 0.17500000000000002, 0.18, 0.185, 0.19, 0.195, 0.2, 0.20500000000000002, 0.21, 0.215, 0.22, 0.225]}], "coords": [{"__dtype__": "<f8", "__shape__": [45], "__data__": [0.0025, 0.0075, 0.0125, 0.0175, 0.0225, 0.0275, 0.0325, 0.037500000000000006, 0.042499999999999996, 0.0475, 0.052500000000000005, 0.057499999999999996, 0.0625, 0.0675, 0.07250000000000001, 0.0775, 0.0825, 0.0875, 0.0925, 0.0975, 0.10250000000000001, 0.1075, 0.1125, 0.1175, 0.1225, 0.1275, 0.1325, 0.1375, 0.14250000000000002, 0.1475, 0.1525, 0.1575, 0.1625, 0.1675, 0.17250000000000001, 0.1775, 0.1825, 0.1875, 0.1925, 0.1975, 0.2025, 0.20750000000000002, 0.2125, 0.2175, 0.2225]}], "data": {"__dtype__": [["k", "<f8"], ["power_0", "<c8"], ["modes", "<i8"]], "__shape__": [45], "__data__": [[0.003817700282523901, {"__complex__": [-111404.9609375, 8.713722018244274e-14]}, 167], [0.008056909799257848, {"__complex__": [-131509.0625, 5.379636013459581e-14]}, 1082], [0.01281644657098942, {"__complex__": [-142075.609375, -1.9611745157000447e-14]}, 2968], [0.017712664256984065, {"__complex__": [-138778.640625, 1.0087982830813899e-14]}, 5770], [0.022662654236046496, {"__complex__": [-136732.359375, 1.0511747993314363e-13]}, 9552], [0.027651981638938193, {"__complex__": [-134640.5625, -1.824310254456337e-14]}, 14358], [0.032640175969497094, {"__complex__": [-128454.0703125, 0.0]}, 19888], [0.037611590845632564, {"__complex__": [-122057.6640625, -4.329285682117684e-14]}, 26386], [0.04259348428294358, {"__complex__": [-112955.6953125, -5.1290309822124396e-15]}, 34046], [0.047588259325690364, {"__complex__": [-114866.109375, -4.627163452744498e-14]}, 42456], [0.052577576605437985, {"__complex__": [-111266.265625, -3.03188294511602e-14]}, 51836], [0.057572688517979115, {"__complex__": [-109090.03125, 2.9677757647228464e-14]}, 62272], [0.06256955573021794, {"__complex__": [-104832.265625, -2.3772460355889506e-15]}, 73456], [0.06756305892219092, {"__complex__": [-104511.125, -6.789807211344525e-15]}, 85728], [0.07255791312149196, {"__complex__": [-106467.109375, -8.248883719911681e-15]}, 98790], [0.07755153964064998, {"__complex__": [-102351.546875, -8.248946400349778e-15]}, 112902], [0.08254988809607806, {"__complex__": [-101652.484375, -6.35801861395449e-15]}, 128170], [0.08755028139826047, {"__complex__": [-99287.78125, -8.894936924606217e-15]}, 143966], [0.09254493927786836, {"__complex__": [-98158.9296875, 3.61960937635933e-15]}, 160812], [0.09754278738543028, {"__complex__": [-97265.1171875, -4.2311540352662526e-15]}, 178840], [0.1025429065140796, {"__complex__": [-96259.75, 2.9448376254672553e-16]}, 197660], [0.10753638811024771, {"__complex__": [-94863.640625, -3.3549238623200965e-15]}, 216874], [0.11253469828533309, {"__complex__": [-95333.578125, -2.991181656747735e-15]}, 238382], [0.11753659985258008, {"__complex__": [-93779.2109375, 1.1212237591485034e-15]}, 259572], [0.12253429952785076, {"__complex__": [-93759.90625, 8.872238135685696e-15]}, 282108], [0.1275320491863694, {"__complex__": [-92155.6953125, -2.0947048552633594e-15]}, 305668], [0.13253076002719477, {"__complex__": [-92252.3828125, 6.083466013112691e-15]}, 330102], [0.1375308393274038, {"__complex__": [-92128.8515625, -2.373150843047213e-15]}, 355650], [0.1425316385180467, {"__complex__": [-91719.5234375, -1.013338040865494e-14]}, 381986], [0.14752939081701, {"__complex__": [-91239.375, 1.1107951953810268e-14]}, 408734], [0.15252868920322635, {"__complex__": [-90200.5625, 8.511214058841074e-15]}, 437692], [0.1575281720172358, {"__complex__": [-90962.9375, -2.123136574929134e-15]}, 466070], [0.16252478991648145, {"__complex__": [-90310.7890625, -5.74613683593456e-15]}, 496364], [0.1675243581769032, {"__complex__": [-90780.5078125, 1.1028021557393718e-16]}, 527816], [0.1725258282924987, {"__complex__": [-90692.765625, 3.952784280447652e-15]}, 559578], [0.17752489355126017, {"__complex__": [-89120.6796875, 5.822318555694138e-15]}, 592342], [0.18252345294904093, {"__complex__": [-89379.8828125, -4.416094785453283e-15]}, 626088], [0.18752191663691845, {"__complex__": [-89340.40625, 5.5046994116821416e-15]}, 660886], [0.1925206626448223, {"__complex__": [-88434.234375, -1.6707855115906715e-15]}, 696770], [0.1975211612929884, {"__complex__": [-89050.40625, -9.497356921088843e-16]}, 733544], [0.20251951042118913, {"__complex__": [-88441.609375, -4.513164337692152e-15]}, 770614], [0.2075183849218326, {"__complex__": [-89135.5546875, 2.8036640205769204e-15]}, 809690], [0.2125205092717901, {"__complex__": [-87554.1171875, 4.658454205068788e-15]}, 849664], [0.21751963549416356, {"__complex__": [-87369.8828125, 3.4382570812533427e-15]}, 888794], [0.2225177291141834, {"__complex__": [-87487.0, 1.2037422382656093e-15]}, 930845]]}, "attrs": {"poles": [0], "dk": 0.005, "kmin": 0.0, "kmax": null, "Nmesh": {"__dtype__": "<i8", "__shape__": [3], "__data__": [512, 512, 512]}, "BoxSize": {"__dtype__": "<f8", "__shape__": [3], "__data__": [3428.0, 7172.0, 3019.0]}, "BoxPad": {"__dtype__": "<f8", "__shape__": [3], "__data__": [0.1, 0.1, 0.1]}, "BoxCenter": {"__dtype__": "<f8", "__shape__": [3], "__data__": [-1754.9317666063835, 31.245461840178677, 1912.3972324330587]}, "mesh.resampler": "tsc", "mesh.interlaced": true, "alpha": 0.05675606057047844, "data.norm": -1.426645379158612, "randoms.norm": -1.4270924192546137, "shotnoise": 59528.28840026559, "first.data.N": 218965, "first.data.W": 231815.765625, "first.data.W2": 200309.90855368553, "first.data.num_per_cell": 0.0014924251180416757, "first.randoms.N": 3946944, "first.randoms.W": 4084423.0, "first.randoms.W2": 3529138.9499702905, "first.randoms.num_per_cell": 0.02629413418449678, "first.data.ext": 1, "first.randoms.ext": 1, "second.data.N": 218965, "second.data.W": 231815.765625, "second.data.W2": -94486.953125, "second.data.num_per_cell": -0.0007039826596155763, "second.randoms.N": 3946944, "second.randoms.W": 4084423.0, "second.randoms.W2": -1665367.0, "second.randoms.num_per_cell": -0.012407951056957245, "second.data.ext": 1, "second.randoms.ext": 1}}, "attrs": {"poles": [0], "dk": 0.005, "kmin": 0.0, "kmax": null, "Nmesh": {"__dtype__": "<i8", "__shape__": [3], "__data__": [512, 512, 512]}, "BoxSize": {"__dtype__": "<f8", "__shape__": [3], "__data__": [3428.0, 7172.0, 3019.0]}, "BoxPad": {"__dtype__": "<f8", "__shape__": [3], "__data__": [0.1, 0.1, 0.1]}, "BoxCenter": {"__dtype__": "<f8", "__shape__": [3], "__data__": [-1754.9317666063835, 31.245461840178677, 1912.3972324330587]}, "mesh.resampler": "tsc", "mesh.interlaced": true, "alpha": 0.05675606057047844, "data.norm": -1.426645379158612, "randoms.norm": -1.4270924192546137, "shotnoise": 59528.28840026559, "first.data.N": 218965, "first.data.W": 231815.765625, "first.data.W2": 200309.90855368553, "first.data.num_per_cell": 0.0014924251180416757, "first.randoms.N": 3946944, "first.randoms.W": 4084423.0, "first.randoms.W2": 3529138.9499702905, "first.randoms.num_per_cell": 0.02629413418449678, "first.data.ext": 1, "first.randoms.ext": 1, "second.data.N": 218965, "second.data.W": 231815.765625, "second.data.W2": -94486.953125, "second.data.num_per_cell": -0.0007039826596155763, "second.randoms.N": 3946944, "second.randoms.W": 4084423.0, "second.randoms.W2": -1665367.0, "second.randoms.num_per_cell": -0.012407951056957245, "second.data.ext": 1, "second.randoms.ext": 1, "p": 3.0, "zmin": 0.8, "zmax": 2.2, "P0_FKP": 30000.0, "z-weighted": true, "hashkeys": ["Nmesh", "P0_FKP", "dk", "kmin", "mesh.window", "mesh.interlaced", "poles", "p", "BoxPad", "zmin", "zmax", "z-weighted"]}}