{"poles": {"dims": ["k"], "edges": [{"__dtype__": "<f8", "__shape__": [46], "__data__": [0.0, 0.005, 0.01, 0.015, 0.02, 0.025, 0.03, 0.035, 0.04, 0.045, 0.05, 0.055, 0.06, 0.065, 0.07, 0.075, 0.08, 0.085, 0.09, 0.095, 0.1, 0.105, 0.11, 0.115, 0.12, 0.125, 0.13, 0.135, 0.14, 0.145, 0.15, 0.155, 0.16, 0.165, 0.17, 0.17500000000000002, 0.18, 0.185, 0.19, 0.195, 0.2, 0.20500000000000002, 0.21, 0.215, 0.22, 0.225]}], "coords": [{"__dtype__": "<f8", "__shape__": [45], "__data__": [0.0025, 0.0075, 0.0125, 0.0175, 0.0225, 0.0275, 0.0325, 0.037500000000000006, 0.042499999999999996, 0.0475, 0.052500000000000005, 0.057499999999999996, 0.0625, 0.0675, 0.07250000000000001, 0.0775, 0.0825, 0.0875, 0.0925, 0.0975, 0.10250000000000001, 0.1075, 0.1125, 0.1175, 0.1225, 0.1275, 0.1325, 0.1375, 0.14250000000000002, 0.1475, 0.1525, 0.1575, 0.1625, 0.1675, 0.17250000000000001, 0.1775, 0.1825, 0.1875, 0.1925, 0.1975, 0.2025, 0.20750000000000002, 0.2125, 0.2175, 0.2225]}], "data": {"__dtype__": [["k", "<f8"], ["power_0", "<c8"], ["modes", "<i8"]], "__shape__": [45], "__data__": [[0.0038142908132298256, {"__complex__": [109159.875, -6.970977614595419e-13]}, 167], [0.008049736290956833, {"__complex__": [113271.3515625, -5.379636013459581e-14]}, 1082], [0.012813777423315272, {"__complex__": [113816.90625, -1.0987184198476413e-13]}, 2980], [0.017721366463838293, {"__complex__": [118913.6640625, -1.0025432835790958e-14]}, 5806], [0.02267151051718597, {"__complex__": [115736.09375, 5.094995334919278e-14]}, 9568], [0.027650846584960462, {"__complex__": [107739.5625, -3.2414121300256005e-14]}, 14366], [0.03263411473878861, {"__complex__": [102563.5, 4.745983201706258e-15]}, 19930], [0.03761664070363397, {"__complex__": [100467.53125, -7.392040437062281e-15]}, 26576], [0.04260374558708292, {"__complex__": [97631.375, -2.6032812244867337e-14]}, 34098], [0.04758592588786824, {"__complex__": [94647.7109375, 1.4577984205530435e-14]}, 42424], [0.05257143232156143, {"__complex__": [91603.21875, 2.2368634535922327e-15]}, 52044], [0.057573323186929495, {"__complex__": [90152.9140625, 2.048516318056172e-14]}, 62512], [0.06257110733463744, {"__complex__": [87794.65625, -4.151815423712258e-15]}, 73604], [0.06756348782781083, {"__complex__": [88985.6015625, -9.731514944192558e-15]}, 85982], [0.07255496377720133, {"__complex__": [88129.5703125, 8.682175800783093e-15]}, 98888], [0.0775531694689869, {"__complex__": [86548.75, -6.5980846918653035e-15]}, 113582], [0.08255302729024819, {"__complex__": [84589.0859375, 3.405124964005017e-15]}, 128206], [0.08754945902899865, {"__complex__": [83485.9296875, 7.353419969832221e-15]}, 144462], [0.09254492063890345, {"__complex__": [81620.7578125, 5.575429203876717e-15]}, 161168], [0.09754023522927541, {"__complex__": [80826.3984375, 1.3965992736743836e-14]}, 179216], [0.10254103944561765, {"__complex__": [79793.5546875, 1.6507753640634135e-16]}, 198342], [0.10753533892072872, {"__complex__": [78851.1015625, 1.2051608066940235e-15]}, 217344], [0.11253411426980993, {"__complex__": [78828.28125, -5.6883818944260256e-15]}, 239190], [0.11753762891143439, {"__complex__": [79203.078125, -1.0959535687825317e-14]}, 260246], [0.12253384734765604, {"__complex__": [79451.3203125, -1.5183873437206777e-15]}, 282722], [0.12753197683873363, {"__complex__": [78968.109375, 2.9892226812989727e-15]}, 306692], [0.13253029325641394, {"__complex__": [78674.9140625, 4.620325969860201e-16]}, 330702], [0.1375289277223417, {"__complex__": [78277.21875, -4.8953490975042e-16]}, 356712], [0.1425304671099984, {"__complex__": [77017.421875, -4.018092214746853e-15]}, 382984], [0.14752697878772936, {"__complex__": [77869.4453125, -2.3802599905735182e-15]}, 409610], [0.15252613006733043, {"__complex__": [76942.203125, 2.585074674801976e-15]}, 439078], [0.1575275085725405, {"__complex__": [75928.90625, 2.008092560033055e-15]}, 467408], [0.16252575016211704, {"__complex__": [76274.7109375, -3.5069080428371197e-16]}, 497940], [0.16752563623423933, {"__complex__": [75578.2265625, -3.245690281683945e-15]}, 529048], [0.1725249359448587, {"__complex__": [75425.8671875, -9.34192425768531e-16]}, 560772], [0.17752257937720692, {"__complex__": [75500.0078125, 1.3230795455339652e-15]}, 593920], [0.1825234305622276, {"__complex__": [75492.671875, -1.6096123686234923e-15]}, 628324], [0.18752440425005146, {"__complex__": [75359.25, -2.063889584884011e-15]}, 662768], [0.19252321944918585, {"__complex__": [75049.53125, -1.9165128400835778e-15]}, 698548], [0.197521279088768, {"__complex__": [74981.875, 2.1780273009963078e-16]}, 734936], [0.20251998510928496, {"__complex__": [75198.890625, -5.644623590035717e-17]}, 773404], [0.20752016092823522, {"__complex__": [74640.6484375, -2.411786980386797e-15]}, 811528], [0.21252060088705313, {"__complex__": [75051.0625, -2.7676541088902983e-15]}, 851772], [0.21751862615351678, {"__complex__": [75074.96875, -1.1760311318797113e-15]}, 890910], [0.2225159076135468, {"__complex__": [74575.4921875, 1.5982496598640922e-16]}, 933253]]}, "attrs": {"poles": [0], "dk": 0.005, "kmin": 0.0, "kmax": null, "Nmesh": {"__dtype__": "<i8", "__shape__": [3], "__data__": [512, 512, 512]}, "BoxSize": {"__dtype__": "<f8", "__shape__": [3], "__data__": [3429.0, 7182.0, 3022.0]}, "BoxPad": {"__dtype__": "<f8", "__shape__": [3], "__data__": [0.1, 0.1, 0.1]}, "BoxCenter": {"__dtype__": "<f8", "__shape__": [3], "__data__": [-1752.0725988003694, 40.538915666309094, 1912.0801608813854]}, "mesh.resampler": "tsc", "mesh.interlaced": true, "alpha": 0.05681125447154045, "data.norm": 1.7313982108988524, "randoms.norm": 1.7315257939106967, "shotnoise": 72925.21552538387, "first.data.N": 219108, "first.data.W": 231604.78125, "first.data.W2": 200113.5836379637, "first.data.num_per_cell": 0.001490962383433906, "first.randoms.N": 3943133, "first.randoms.W": 4076741.25, "first.randoms.W2": 3522497.07343862, "first.randoms.num_per_cell": 0.026244648348082752, "first.data.ext": 1, "first.randoms.ext": 1, "second.data.N": 219108, "second.data.W": 231604.78125, "second.data.W2": 118851.90625, "second.data.num_per_cell": 0.0008855157066136599, "second.randoms.N": 3943133, "second.randoms.W": 4076741.25, "second.randoms.W2": 2092195.625, "second.randoms.num_per_cell": 0.015588072128593922, "second.data.ext": 1, "second.randoms.ext": 1}}, "attrs": {"poles": [0], "dk": 0.005, "kmin": 0.0, "kmax": null, "Nmesh": {"__dtype__": "<i8", "__shape__": [3], "__data__": [512, 512, 512]}, "BoxSize": {"__dtype__": "<f8", "__shape__": [3], "__data__": [3429.0, 7182.0, 3022.0]}, "BoxPad": {"__dtype__": "<f8", "__shape__": [3], "__data__": [0.1, 0.1, 0.1]}, "BoxCenter": {"__dtype__": "<f8", "__shape__": [3], "__data__": [-1752.0725988003694, 40.538915666309094, 1912.0801608813854]}, "mesh.resampler": "tsc", "mesh.interlaced": true, "alpha": 0.05681125447154045, "data.norm": 1.7313982108988524, "randoms.norm": 1.7315257939106967, "shotnoise": 72925.21552538387, "first.data.N": 219108, "first.data.W": 231604.78125, "first.data.W2": 200113.5836379637, "first.data.num_per_cell": 0.001490962383433906, "first.randoms.N": 3943133, "first.randoms.W": 4076741.25, "first.randoms.W2": 3522497.07343862, "first.randoms.num_per_cell": 0.026244648348082752, "first.data.ext": 1, "first.randoms.ext": 1, "second.data.N": 219108, "second.data.W": 231604.78125, "second.data.W2": 118851.90625, "second.data.num_per_cell": 0.0008855157066136599, "second.randoms.N": 3943133, "second.randoms.W": 4076741.25, "second.randoms.W2": 2092195.625, "second.randoms.num_per_cell": 0.015588072128593922, "second.data.ext": 1, "second.randoms.ext": 1, "p": 1.6, "zmin": 0.8, "zmax": 2.2, "P0_FKP": 30000.0, "z-weighted": true, "hashkeys": ["Nmesh", "P0_FKP", "dk", "kmin", "mesh.window", "mesh.interlaced", "poles", "p", "BoxPad", "zmin", "zmax", "z-weighted"]}}