{"poles": {"dims": ["k"], "edges": [{"__dtype__": "<f8", "__shape__": [57], "__data__": [0.0, 0.005, 0.01, 0.015, 0.02, 0.025, 0.03, 0.035, 0.04, 0.045, 0.05, 0.055, 0.06, 0.065, 0.07, 0.075, 0.08, 0.085, 0.09, 0.095, 0.1, 0.105, 0.11, 0.115, 0.12, 0.125, 0.13, 0.135, 0.14, 0.145, 0.15, 0.155, 0.16, 0.165, 0.17, 0.17500000000000002, 0.18, 0.185, 0.19, 0.195, 0.2, 0.20500000000000002, 0.21, 0.215, 0.22, 0.225, 0.23, 0.23500000000000001, 0.24, 0.245, 0.25, 0.255, 0.26, 0.265, 0.27, 0.275, 0.28]}], "coords": [{"__dtype__": "<f8", "__shape__": [56], "__data__": [0.0025, 0.0075, 0.0125, 0.0175, 0.0225, 0.0275, 0.0325, 0.037500000000000006, 0.042499999999999996, 0.0475, 0.052500000000000005, 0.057499999999999996, 0.0625, 0.0675, 0.07250000000000001, 0.0775, 0.0825, 0.0875, 0.0925, 0.0975, 0.10250000000000001, 0.1075, 0.1125, 0.1175, 0.1225, 0.1275, 0.1325, 0.1375, 0.14250000000000002, 0.1475, 0.1525, 0.1575, 0.1625, 0.1675, 0.17250000000000001, 0.1775, 0.1825, 0.1875, 0.1925, 0.1975, 0.2025, 0.20750000000000002, 0.2125, 0.2175, 0.2225, 0.2275, 0.2325, 0.2375, 0.2425, 0.2475, 0.2525, 0.2575, 0.2625, 0.2675, 0.2725, 0.2775]}], "data": {"__dtype__": [["k", "<f8"], ["power_0", "<c8"], ["modes", "<i8"]], "__shape__": [56], "__data__": [[0.003822726744392536, {"__complex__": [92173.453125, 2.8815673263314634e-13]}, 101], [0.008115256240901305, {"__complex__": [118799.6796875, 5.272433236666119e-15]}, 690], [0.012880220209111481, {"__complex__": [119342.6171875, -1.514164228028081e-13]}, 1826], [0.017779498240993705, {"__complex__": [106311.375, 3.437778761748028e-14]}, 3598], [0.02270034196934504, {"__complex__": [113686.28125, 4.508338621585055e-14]}, 5810], [0.027638707675084803, {"__complex__": [107370.25, 0.0]}, 8746], [0.03262908504798133, {"__complex__": [108157.2265625, 4.078318967802065e-14]}, 12310], [0.03761762600731235, {"__complex__": [104374.53125, -3.585098712989348e-15]}, 16236], [0.04260062021289841, {"__complex__": [102844.5546875, 3.340468228635665e-14]}, 20910], [0.047592950886176634, {"__complex__": [98619.1875, 2.5045368340012586e-14]}, 26146], [0.052579584685569704, {"__complex__": [97723.4140625, 2.3813557123940864e-14]}, 31776], [0.057563011296785135, {"__complex__": [95591.6875, 3.201238373776866e-14]}, 38184], [0.06255609572394175, {"__complex__": [96050.1640625, -1.6094403150560812e-15]}, 45208], [0.06756196115591893, {"__complex__": [94438.0078125, 3.3046247165715312e-15]}, 52842], [0.07256451619543279, {"__complex__": [92771.8828125, 1.1730009562142037e-14]}, 60788], [0.0775570522550651, {"__complex__": [91515.84375, -2.8324997749585353e-15]}, 69356], [0.08254809212272496, {"__complex__": [90223.6640625, -9.258121782499285e-15]}, 78590], [0.08754541654303953, {"__complex__": [89584.5546875, 3.776391786764312e-15]}, 88628], [0.09254545621366528, {"__complex__": [88665.8203125, -2.5378680463438363e-15]}, 98910], [0.09754336852994877, {"__complex__": [87429.59375, 1.3238160406816028e-15]}, 109924], [0.10254782961426522, {"__complex__": [85793.4375, -1.6430892282813503e-15]}, 121776], [0.10754656540881728, {"__complex__": [85954.859375, 3.928997477706383e-15]}, 133334], [0.11253735011943249, {"__complex__": [85014.3125, -3.3852315482058026e-15]}, 146154], [0.11753343241556621, {"__complex__": [84638.109375, -8.752482923536989e-15]}, 159610], [0.12253063202066375, {"__complex__": [84755.484375, 7.848703003981387e-15]}, 173354], [0.1275300419870901, {"__complex__": [83712.6640625, -2.1666611511655595e-15]}, 188056], [0.13252891720416743, {"__complex__": [84036.3203125, 7.174014897592853e-16]}, 202842], [0.13752948713095026, {"__complex__": [84393.5390625, -2.3946106345241374e-15]}, 218770], [0.1425306364458274, {"__complex__": [82554.734375, 1.1935727607008742e-15]}, 234694], [0.14752908963940198, {"__complex__": [81820.53125, -7.232389496641863e-17]}, 251506], [0.1525275097814417, {"__complex__": [82870.8515625, 6.633953572566208e-16]}, 268710], [0.15752595068824113, {"__complex__": [82444.1796875, 2.9808892005869704e-16]}, 286802], [0.16252693397614174, {"__complex__": [82043.640625, 9.05272073971309e-16]}, 305418], [0.167524919205948, {"__complex__": [82028.5234375, 2.8303428055583522e-15]}, 323908], [0.17252242482202174, {"__complex__": [81583.3515625, 1.4799963165402054e-16]}, 344134], [0.17752167578783898, {"__complex__": [81191.4609375, -1.3393148377922252e-15]}, 363984], [0.18252179101806518, {"__complex__": [81421.1484375, -1.038677923514179e-16]}, 385276], [0.18752616520120122, {"__complex__": [80925.4609375, -3.3972564514414983e-16]}, 406926], [0.19252476018431203, {"__complex__": [81205.9453125, -3.3686248320001716e-15]}, 427664], [0.19752147903625625, {"__complex__": [80555.078125, -1.1291759162155635e-15]}, 451052], [0.2025196310419968, {"__complex__": [81361.890625, 2.611945312745961e-15]}, 473560], [0.20751502312197032, {"__complex__": [81203.9296875, 2.4143448610688273e-16]}, 497250], [0.21251603423045895, {"__complex__": [80842.9921875, -6.68277761043713e-16]}, 522606], [0.2175197853513843, {"__complex__": [79892.375, 1.0971306481176836e-15]}, 547124], [0.22251997942379068, {"__complex__": [80518.7109375, -2.44210017198666e-15]}, 572042], [0.22751843511010802, {"__complex__": [79720.375, 2.5787723261579305e-15]}, 598154], [0.2325182610426874, {"__complex__": [79778.140625, -2.467933829844969e-15]}, 625018], [0.2375177306429282, {"__complex__": [79570.8359375, -1.875787707737828e-15]}, 651652], [0.24251808911296466, {"__complex__": [79684.0625, 4.171012843126625e-16]}, 680320], [0.24751807439508017, {"__complex__": [79900.296875, -7.3397141297127e-16]}, 707550], [0.25251627280766215, {"__complex__": [79853.1953125, 3.554439561370091e-16]}, 736922], [0.2575161679231439, {"__complex__": [79979.0546875, -2.0121564123557444e-15]}, 766592], [0.26251587242509716, {"__complex__": [79102.2421875, -5.665395220182557e-16]}, 796254], [0.26751346801974335, {"__complex__": [79316.0703125, 4.093185073652736e-16]}, 826574], [0.27251412273518044, {"__complex__": [79558.1875, 2.1425429467836774e-15]}, 859174], [0.2775132103124442, {"__complex__": [79510.78125, -5.159666787486088e-16]}, 888401]]}, "attrs": {"poles": [0], "dk": 0.005, "kmin": 0.0, "kmax": null, "Nmesh": {"__dtype__": "<i8", "__shape__": [3], "__data__": [512, 512, 512]}, "BoxSize": {"__dtype__": "<f8", "__shape__": [3], "__data__": [2662.0, 5791.0, 2960.0]}, "BoxPad": {"__dtype__": "<f8", "__shape__": [3], "__data__": [0.1, 0.1, 0.1]}, "BoxCenter": {"__dtype__": "<f8", "__shape__": [3], "__data__": [2583.9609614560964, 41.89518322393906, 886.8258774442662]}, "mesh.resampler": "tsc", "mesh.interlaced": true, "alpha": 0.052732039242982864, "data.norm": 1.7575214885168773, "randoms.norm": 1.7571337310411046, "shotnoise": 78850.55477905013, "first.data.N": 125450, "first.data.W": 135074.203125, "first.data.W2": 120826.08750600804, "first.data.num_per_cell": 0.0009002245031744841, "first.randoms.N": 2433799, "first.randoms.W": 2561520.5, "first.randoms.W2": 2291112.2660095347, "first.randoms.num_per_cell": 0.017070116594504824, "first.data.ext": 1, "first.randoms.ext": 1, "second.data.N": 125450, "second.data.W": 135074.203125, "second.data.W2": 127438.3984375, "second.data.num_per_cell": 0.0009494900587014854, "second.randoms.N": 2433799, "second.randoms.W": 2561520.5, "second.randoms.W2": 2415849.25, "second.randoms.num_per_cell": 0.017999479547142982, "second.data.ext": 1, "second.randoms.ext": 1}}, "attrs": {"poles": [0], "dk": 0.005, "kmin": 0.0, "kmax": null, "Nmesh": {"__dtype__": "<i8", "__shape__": [3], "__data__": [512, 512, 512]}, "BoxSize": {"__dtype__": "<f8", "__shape__": [3], "__data__": [2662.0, 5791.0, 2960.0]}, "BoxPad": {"__dtype__": "<f8", "__shape__": [3], "__data__": [0.1, 0.1, 0.1]}, "BoxCenter": {"__dtype__": "<f8", "__shape__": [3], "__data__": [2583.9609614560964, 41.89518322393906, 886.8258774442662]}, "mesh.resampler": "tsc", "mesh.interlaced": true, "alpha": 0.052732039242982864, "data.norm": 1.7575214885168773, "randoms.norm": 1.7571337310411046,