{"poles": {"dims": ["k"], "edges": [{"__dtype__": "<f8", "__shape__": [57], "__data__": [0.0, 0.005, 0.01, 0.015, 0.02, 0.025, 0.03, 0.035, 0.04, 0.045, 0.05, 0.055, 0.06, 0.065, 0.07, 0.075, 0.08, 0.085, 0.09, 0.095, 0.1, 0.105, 0.11, 0.115, 0.12, 0.125, 0.13, 0.135, 0.14, 0.145, 0.15, 0.155, 0.16, 0.165, 0.17, 0.17500000000000002, 0.18, 0.185, 0.19, 0.195, 0.2, 0.20500000000000002, 0.21, 0.215, 0.22, 0.225, 0.23, 0.23500000000000001, 0.24, 0.245, 0.25, 0.255, 0.26, 0.265, 0.27, 0.275, 0.28]}], "coords": [{"__dtype__": "<f8", "__shape__": [56], "__data__": [0.0025, 0.0075, 0.0125, 0.0175, 0.0225, 0.0275, 0.0325, 0.037500000000000006, 0.042499999999999996, 0.0475, 0.052500000000000005, 0.057499999999999996, 0.0625, 0.0675, 0.07250000000000001, 0.0775, 0.0825, 0.0875, 0.0925, 0.0975, 0.10250000000000001, 0.1075, 0.1125, 0.1175, 0.1225, 0.1275, 0.1325, 0.1375, 0.14250000000000002, 0.1475, 0.1525, 0.1575, 0.1625, 0.1675, 0.17250000000000001, 0.1775, 0.1825, 0.1875, 0.1925, 0.1975, 0.2025, 0.20750000000000002, 0.2125, 0.2175, 0.2225, 0.2275, 0.2325, 0.2375, 0.2425, 0.2475, 0.2525, 0.2575, 0.2625, 0.2675, 0.2725, 0.2775]}], "data": {"__dtype__": [["k", "<f8"], ["power_0", "<c8"], ["modes", "<i8"]], "__shape__": [56], "__data__": [[0.0038161058760572573, {"__complex__": [71941.8203125, -5.763134652662927e-13]}, 101], [0.00810158424474123, {"__complex__": [92541.25, -1.0544866473332238e-14]}, 690], [0.012881611499750027, {"__complex__": [104725.1640625, -1.5765888621748284e-14]}, 1846], [0.017769831527595543, {"__complex__": [106604.9296875, -3.246383874612804e-14]}, 3586], [0.022686224108557137, {"__complex__": [113686.421875, -3.97729165411715e-14]}, 5854], [0.027647610672257687, {"__complex__": [106002.765625, -8.064282206420026e-14]}, 8842], [0.032628722686629176, {"__complex__": [106274.3828125, 1.42177969972377e-14]}, 12282], [0.03761425686038533, {"__complex__": [106257.2734375, 6.101757689608647e-14]}, 16396], [0.04261535143748483, {"__complex__": [100826.3828125, 2.1566316034437108e-14]}, 21086], [0.04759604610892528, {"__complex__": [98064.9921875, 1.3656704585284559e-14]}, 26106], [0.05257511899379115, {"__complex__": [95074.984375, 2.3487137731123368e-14]}, 32024], [0.05756942865304569, {"__complex__": [95797.953125, -9.650313283671077e-15]}, 38452], [0.06256779842525866, {"__complex__": [94692.9140625, -1.927776853622755e-14]}, 45480], [0.06756397295976628, {"__complex__": [92073.6484375, -4.1275002312305797e-16]}, 52884], [0.07255254296109369, {"__complex__": [91488.1953125, 4.294148722586502e-15]}, 60998], [0.07754954179954687, {"__complex__": [92051.6015625, 4.841060532453185e-15]}, 69888], [0.0825481479566011, {"__complex__": [90805.6875, 2.002835873562395e-15]}, 79014], [0.08754559512679617, {"__complex__": [89199.1015625, -2.3689544300682782e-15]}, 89070], [0.09254857551017642, {"__complex__": [88060.0859375, -4.531940517033938e-15]}, 99540], [0.0975454721954524, {"__complex__": [88025.7265625, -1.2796313928452058e-14]}, 110308], [0.10254442796325515, {"__complex__": [86384.8359375, -6.66143979170461e-15]}, 122332], [0.10754291846873823, {"__complex__": [86126.6875, -1.0858503794868531e-16]}, 134014], [0.11253771934968478, {"__complex__": [85628.125, -3.4620097909184846e-15]}, 147116], [0.11753715587952764, {"__complex__": [85140.3984375, 1.2698956173252886e-15]}, 160428], [0.1225340622300426, {"__complex__": [84798.9375, -8.624761366519355e-15]}, 174206], [0.1275334710471775, {"__complex__": [84466.34375, 1.2216116688373597e-15]}, 189104], [0.13253217451822435, {"__complex__": [83401.4921875, 9.82050316683991e-16]}, 203746], [0.13752625175961466, {"__complex__": [83583.6875, -9.200713277466178e-16]}, 219448], [0.14252672829141438, {"__complex__": [82353.7421875, 1.1394089212513427e-15]}, 236272], [0.14752901257016743, {"__complex__": [82757.953125, 1.7848894257944167e-15]}, 252738], [0.15252913055813885, {"__complex__": [81971.2890625, -7.267721093756412e-16]}, 270306], [0.15752963545031134, {"__complex__": [81723.1171875, -1.918112885320941e-15]}, 288290], [0.16252404567521, {"__complex__": [81532.8125, 2.0560939171539562e-15]}, 306100], [0.1675218955344708, {"__complex__": [81562.75, -1.6494827388463442e-15]}, 326418], [0.17252318355561105, {"__complex__": [81922.1484375, 1.2634721959093448e-16]}, 345522], [0.1775221888122827, {"__complex__": [81650.421875, -1.9175493966527802e-15]}, 366160], [0.18252351808492243, {"__complex__": [81037.9453125, -2.349338523438408e-16]}, 387128], [0.18752397200986032, {"__complex__": [81264.734375, -1.0688253481192867e-15]}, 408446], [0.19252152747235457, {"__complex__": [80811.5625, -3.721630894966085e-16]}, 430110], [0.19751852927006885, {"__complex__": [81170.7578125, -7.225571146114262e-16]}, 453138], [0.20251791908721892, {"__complex__": [80745.078125, -2.7416156808169907e-15]}, 476374], [0.20752011052779426, {"__complex__": [80613.0703125, 1.3296387569192657e-15]}, 500700], [0.21252109133025207, {"__complex__": [80762.5078125, -2.1918292528855634e-15]}, 524494], [0.21751993340748052, {"__complex__": [80056.6796875, -2.5951327675341473e-15]}, 549524], [0.22251922534910715, {"__complex__": [80161.609375, 2.8339670477814166e-15]}, 575100], [0.2275188390543631, {"__complex__": [80300.46875, 2.401661548535319e-15]}, 601366], [0.2325174214088479, {"__complex__": [80214.2890625, 2.4924571277338756e-15]}, 627626], [0.23751788641815455, {"__complex__": [80212.171875, -4.215387046348706e-16]}, 655898], [0.24251843882246293, {"__complex__": [80072.3359375, -1.3319802206832726e-16]}, 682814], [0.24751449610259627, {"__complex__": [79990.4453125, 1.1462327245535418e-15]}, 710944], [0.252515045796988, {"__complex__": [80007.953125, -1.2361630595964781e-15]}, 741626], [0.2575173688051903, {"__complex__": [80050.7265625, -4.629192816631177e-16]}, 770160], [0.2625148156618191, {"__complex__": [80185.890625, 1.4825950136223816e-15]}, 799936], [0.2675153966877456, {"__complex__": [79948.9140625, -2.0983446617168296e-16]}, 832194], [0.272516141723942, {"__complex__": [79710.171875, -3.3084350942847547e-15]}, 862092], [0.27751116962802086, {"__complex__": [79622.3203125, -8.802360035119585e-16]}, 892719]]}, "attrs": {"poles": [0], "dk": 0.005, "kmin": 0.0, "kmax": null, "Nmesh": {"__dtype__": "<i8", "__shape__": [3], "__data__": [512, 512, 512]}, "BoxSize": {"__dtype__": "<f8", "__shape__": [3], "__data__": [2666.0, 5796.0, 2968.0]}, "BoxPad": {"__dtype__": "<f8", "__shape__": [3], "__data__": [0.1, 0.1, 0.1]}, "BoxCenter": {"__dtype__": "<f8", "__shape__": [3], "__data__": [2582.7150515775625, 43.59534018419981, 886.9715790701287]}, "mesh.resampler": "tsc", "mesh.interlaced": true, "alpha": 0.052664391696453094, "data.norm": 1.758488109401156, "randoms.norm": 1.7580827908309358, "shotnoise": 78828.68901643905, "first.data.N": 125456, "first.data.W": 135104.703125, "first.data.W2": 120817.89638657363, "first.data.num_per_cell": 0.000900163474578959, "first.randoms.N": 2437847, "first.randoms.W": 2565390.0, "first.randoms.W2": 2293843.864478076, "first.randoms.num_per_cell": 0.017090468589053123, "first.data.ext": 1, "first.randoms.ext": 1, "second.data.N": 125456, "second.data.W": 135104.703125, "second.data.W2": 127429.078125, "second.data.num_per_cell": 0.0009494206169620156, "second.randoms.N": 2437847, "second.randoms.W": 2565390.0, "second.randoms.W2": 2418781.0, "second.randoms.num_per_cell": 0.018021322786808014, "second.data.ext": 1, "second.randoms.ext": 1}}, "attrs": {"poles": [0], "dk": 0.005, "kmin": 0.0, "kmax": null, "Nmesh": {"__dtype__": "<i8", "__shape__": [3], "__data__": [512, 512, 512]}, "BoxSize": {"__dtype__": "<f8", "__shape__": [3], "__data__": [2666.0, 5796.0, 2968.0]}, "BoxPad": {"__dtype__": "<f8", "__shape__": [3], "__data__": [0.1, 0.1, 0.1]}, "BoxCenter": {"__dtype__": "<f8", "__shape__": [3], "__data__": [2582.7150515775625, 43.59534018419981, 886.9715790701287]}, "mesh.resampler": "tsc", "mesh.interlaced": true, "alpha": 0.052664391696453094, "data.norm": 1.758488109401156,