{"poles": {"dims": ["k"], "edges": [{"__dtype__": "<f8", "__shape__": [46], "__data__": [0.0, 0.005, 0.01, 0.015, 0.02, 0.025, 0.03, 0.035, 0.04, 0.045, 0.05, 0.055, 0.06, 0.065, 0.07, 0.075, 0.08, 0.085, 0.09, 0.095, 0.1, 0.105, 0.11, 0.115, 0.12, 0.125, 0.13, 0.135, 0.14, 0.145, 0.15, 0.155, 0.16, 0.165, 0.17, 0.17500000000000002, 0.18, 0.185, 0.19, 0.195, 0.2, 0.20500000000000002, 0.21, 0.215, 0.22, 0.225]}], "coords": [{"__dtype__": "<f8", "__shape__": [45], "__data__": [0.0025, 0.0075, 0.0125, 0.0175, 0.0225, 0.0275, 0.0325, 0.037500000000000006, 0.042499999999999996, 0.0475, 0.052500000000000005, 0.057499999999999996, 0.0625, 0.0675, 0.07250000000000001, 0.0775, 0.0825, 0.0875, 0.0925, 0.0975, 0.10250000000000001, 0.1075, 0.1125, 0.1175, 0.1225, 0.1275, 0.1325, 0.1375, 0.14250000000000002, 0.1475, 0.1525, 0.1575, 0.1625, 0.1675, 0.17250000000000001, 0.1775, 0.1825, 0.1875, 0.1925, 0.1975, 0.2025, 0.20750000000000002, 0.2125, 0.2175, 0.2225]}], "data": {"__dtype__": [["k", "<f8"], ["power_0", "<c8"], ["modes", "<i8"]], "__shape__": [45], "__data__": [[0.0038165945902721957, {"__complex__": [112496.96875, -4.356861009122137e-14]}, 167], [0.008054667983423693, {"__complex__": [123349.90625, -5.379636013459581e-14]}, 1082], [0.012821476759159768, {"__complex__": [111225.6796875, 2.9299157636728315e-14]}, 2980], [0.01772265451844979, {"__complex__": [107003.34375, 5.411037218880192e-14]}, 5782], [0.022665982253987093, {"__complex__": [107722.484375, -3.050715875665272e-14]}, 9540], [0.027649465736368985, {"__complex__": [105048.921875, 1.2155296334628949e-14]}, 14366], [0.032638935827140905, {"__complex__": [97791.4453125, 1.4066704954172372e-14]}, 19914], [0.037612499302964085, {"__complex__": [95029.4375, -3.387368442925136e-14]}, 26420], [0.04260412757043219, {"__complex__": [91666.5703125, 0.0]}, 34202], [0.04759479792525266, {"__complex__": [88824.75, -1.2034901612605065e-14]}, 42320], [0.0525769017965842, {"__complex__": [87435.7890625, 2.31111732636386e-15]}, 51946], [0.05757660004800759, {"__complex__": [87446.9921875, -5.834021162893404e-15]}, 62358], [0.06257125279321363, {"__complex__": [86618.6875, -1.4266584400933653e-14]}, 73440], [0.06756336998020777, {"__complex__": [86207.359375, -5.763134669603586e-15]}, 85850], [0.07255749619080386, {"__complex__": [84246.9140625, 3.6826120575530195e-16]}, 98788], [0.07755502379811571, {"__complex__": [82315.6171875, -3.725528728831112e-15]}, 113274], [0.08255194805373157, {"__complex__": [81491.7734375, 5.288999930564992e-15]}, 127938], [0.0875480203007769, {"__complex__": [79946.015625, 7.265160830794218e-15]}, 144214], [0.09254217632417977, {"__complex__": [80295.6484375, 5.068839973947602e-15]}, 160768], [0.09753889275506246, {"__complex__": [78132.640625, -7.517156520734161e-15]}, 179064], [0.10253846153315764, {"__complex__": [78797.0703125, -4.968257458439114e-16]}, 197706], [0.10753717253536477, {"__complex__": [77505.1640625, 8.525650782514958e-16]}, 217622], [0.11253726089325032, {"__complex__": [76501.21875, -4.521353452226207e-15]}, 238168], [0.11753609266079197, {"__complex__": [76134.3125, -1.6795451028147018e-16]}, 259926], [0.122532541574786, {"__complex__": [75837.8671875, -1.895868741334859e-15]}, 282078], [0.12753204389312348, {"__complex__": [75661.1875, 2.8969714759805596e-15]}, 306412], [0.1325306973715222, {"__complex__": [75332.9296875, 1.6542784276354612e-15]}, 329870], [0.13752845197791452, {"__complex__": [75349.015625, 1.634293823445519e-16]}, 356164], [0.14252896311214241, {"__complex__": [74879.8125, 9.522258366249139e-17]}, 382050], [0.14752710791995635, {"__complex__": [75017.109375, 6.043331262731177e-16]}, 409348], [0.15252806861475623, {"__complex__": [74130.828125, -5.314724638810461e-16]}, 438086], [0.15752747401720396, {"__complex__": [73446.59375, 1.793875174815364e-15]}, 466440], [0.1625253571032749, {"__complex__": [73361.4296875, -3.161537981890704e-15]}, 497102], [0.16752571125684135, {"__complex__": [73323.1953125, 9.162980077248367e-16]}, 528050], [0.17252510105090527, {"__complex__": [73299.1796875, -4.600562044222798e-15]}, 559864], [0.17752221555368528, {"__complex__": [73089.3046875, 1.3259997974987428e-15]}, 592612], [0.182522377930904, {"__complex__": [72978.0625, 1.2644598892654025e-15]}, 627208], [0.1875232762099032, {"__complex__": [72554.421875, -5.740092805869647e-17]}, 661512], [0.19252064503916974, {"__complex__": [72978.1484375, 1.044043149316096e-16]}, 696902], [0.19751824604448018, {"__complex__": [72377.6640625, -2.815772991832631e-15]}, 733856], [0.20251823231236976, {"__complex__": [72571.390625, -1.0366571543649365e-15]}, 772054], [0.2075191150554502, {"__complex__": [72187.9296875, 8.576474347536992e-16]}, 810186], [0.21251899774647953, {"__complex__": [72415.421875, -1.8491624975903098e-15]}, 849902], [0.2175183452372624, {"__complex__": [72151.515625, -8.010612398936981e-16]}, 890124], [0.22251714768162054, {"__complex__": [72025.40625, -1.8011477997004893e-15]}, 931133]]}, "attrs": {"poles": [0], "dk": 0.005, "kmin": 0.0, "kmax": null, "Nmesh": {"__dtype__": "<i8", "__shape__": [3], "__data__": [512, 512, 512]}, "BoxSize": {"__dtype__": "<f8", "__shape__": [3], "__data__": [3422.0, 7186.0, 3021.0]}, "BoxPad": {"__dtype__": "<f8", "__shape__": [3], "__data__": [0.1, 0.1, 0.1]}, "BoxCenter": {"__dtype__": "<f8", "__shape__": [3], "__data__": [-1752.9022900556206, 39.6890311257057, 1911.391069370513]}, "mesh.resampler": "tsc", "mesh.interlaced": true, "alpha": 0.056706760078668594, "data.norm": 3.088479612909349, "randoms.norm": 3.0882832368582203, "shotnoise": 70293.17198432346, "first.data.N": 219262, "first.data.W": 232026.484375, "first.data.W2": 200347.27567407244, "first.data.num_per_cell": 0.0014927035247837934, "first.randoms.N": 3956089, "first.randoms.W": 4091690.0, "first.randoms.W2": 3532835.6692051627, "first.randoms.num_per_cell": 0.026321676889100393, "first.data.ext": 1, "first.randoms.ext": 1, "second.data.N": 219262, "second.data.W": 232026.484375, "second.data.W2": 210442.734375, "second.data.num_per_cell": 0.00156792055349797, "second.randoms.N": 3956089, "second.randoms.W": 4091690.0, "second.randoms.W2": 3710494.5, "second.randoms.num_per_cell": 0.02764533832669258, "second.data.ext": 1, "second.randoms.ext": 1}}, "attrs": {"poles": [0], "dk": 0.005, "kmin": 0.0, "kmax": null, "Nmesh": {"__dtype__": "<i8", "__shape__": [3], "__data__": [512, 512, 512]}, "BoxSize": {"__dtype__": "<f8", "__shape__": [3], "__data__": [3422.0, 7186.0, 3021.0]}, "BoxPad": {"__dtype__": "<f8", "__shape__": [3], "__data__": [0.1, 0.1, 0.1]}, "BoxCenter": {"__dtype__": "<f8", "__shape__": [3], "__data__": [-1752.9022900556206, 39.6890311257057, 1911.391069370513]}, "mesh.resampler": "tsc", "mesh.interlaced": true, "alpha": 0.056706760078668594, "data.norm": 3.088479612909349, "randoms.norm": 3.0882832368582203, "shotnoise": 70293.17198432346, "first.data.N": 219262, "first.data.W": 232026.484375, "first.data.W2": 200347.27567407244, "first.data.num_per_cell": 0.0014927035247837934, "first.randoms.N": 3956089, "first.randoms.W": 4091690.0, "first.randoms.W2": 3532835.6692051627, "first.randoms.num_per_cell": 0.026321676889100393, "first.data.ext": 1, "first.randoms.ext": 1, "second.data.N": 219262, "second.data.W": 232026.484375, "second.data.W2": 210442.734375, "second.data.num_per_cell": 0.00156792055349797, "second.randoms.N": 3956089, "second.randoms.W": 4091690.0, "second.randoms.W2": 3710494.5, "second.randoms.num_per_cell": 0.02764533832669258, "second.data.ext": 1, "second.randoms.ext": 1, "p": 1.0, "zmin": 0.8, "zmax": 2.2, "P0_FKP": 30000.0, "z-weighted": true, "hashkeys": ["Nmesh", "P0_FKP", "dk", "kmin", "mesh.window", "mesh.interlaced", "poles", "p", "BoxPad", "zmin", "zmax", "z-weighted"]}}