{"poles": {"dims": ["k"], "edges": [{"__dtype__": "<f8", "__shape__": [57], "__data__": [0.0, 0.005, 0.01, 0.015, 0.02, 0.025, 0.03, 0.035, 0.04, 0.045, 0.05, 0.055, 0.06, 0.065, 0.07, 0.075, 0.08, 0.085, 0.09, 0.095, 0.1, 0.105, 0.11, 0.115, 0.12, 0.125, 0.13, 0.135, 0.14, 0.145, 0.15, 0.155, 0.16, 0.165, 0.17, 0.17500000000000002, 0.18, 0.185, 0.19, 0.195, 0.2, 0.20500000000000002, 0.21, 0.215, 0.22, 0.225, 0.23, 0.23500000000000001, 0.24, 0.245, 0.25, 0.255, 0.26, 0.265, 0.27, 0.275, 0.28]}], "coords": [{"__dtype__": "<f8", "__shape__": [56], "__data__": [0.0025, 0.0075, 0.0125, 0.0175, 0.0225, 0.0275, 0.0325, 0.037500000000000006, 0.042499999999999996, 0.0475, 0.052500000000000005, 0.057499999999999996, 0.0625, 0.0675, 0.07250000000000001, 0.0775, 0.0825, 0.0875, 0.0925, 0.0975, 0.10250000000000001, 0.1075, 0.1125, 0.1175, 0.1225, 0.1275, 0.1325, 0.1375, 0.14250000000000002, 0.1475, 0.1525, 0.1575, 0.1625, 0.1675, 0.17250000000000001, 0.1775, 0.1825, 0.1875, 0.1925, 0.1975, 0.2025, 0.20750000000000002, 0.2125, 0.2175, 0.2225, 0.2275, 0.2325, 0.2375, 0.2425, 0.2475, 0.2525, 0.2575, 0.2625, 0.2675, 0.2725, 0.2775]}], "data": {"__dtype__": [["k", "<f8"], ["power_0", "<c8"], ["modes", "<i8"]], "__shape__": [56], "__data__": [[0.0038179661719483456, {"__complex__": [-57339.265625, -4.3223511250224667e-13]}, 101], [0.008094855722213518, {"__complex__": [-70234.890625, -2.1212705189946855e-14]}, 686], [0.01288694237971337, {"__complex__": [-73217.9140625, -2.3546789179400805e-14]}, 1854], [0.01777494273757241, {"__complex__": [-81987.765625, 4.4837834752573316e-14]}, 3570], [0.022684921952036172, {"__complex__": [-82543.359375, 3.9827343490230274e-14]}, 5846], [0.027646063119930828, {"__complex__": [-80328.796875, 1.8144533320491388e-14]}, 8822], [0.03262671151552426, {"__complex__": [-76105.4140625, -3.796357962693696e-14]}, 12266], [0.03761378901361251, {"__complex__": [-72762.0390625, 2.1665217295424415e-14]}, 16372], [0.042617875074452194, {"__complex__": [-73675.828125, -2.2096482426453047e-14]}, 21074], [0.04760356333694394, {"__complex__": [-69236.359375, -5.575019239930246e-15]}, 26102], [0.052577217924939454, {"__complex__": [-67864.34375, 1.0043989633599405e-14]}, 31874], [0.057568227947348644, {"__complex__": [-66220.59375, -9.839022906956915e-15]}, 38454], [0.06257023684959336, {"__complex__": [-65916.46875, -8.17343256606911e-15]}, 45400], [0.06756917184064275, {"__complex__": [-65372.18359375, -1.5963289650105898e-14]}, 52872], [0.07255762928302631, {"__complex__": [-64161.7265625, 2.8699172436452572e-15]}, 60846], [0.07754658244429118, {"__complex__": [-62533.96875, -8.988857631863668e-15]}, 69612], [0.08254329994329153, {"__complex__": [-62485.86328125, -2.671394531907241e-15]}, 78986], [0.08754636905867809, {"__complex__": [-61930.73046875, 2.1253695655363333e-15]}, 89008], [0.0925491539073459, {"__complex__": [-60927.55859375, 9.288222792345861e-15]}, 99290], [0.09754773731052484, {"__complex__": [-60050.8515625, -2.7702354417970558e-15]}, 110312], [0.10254838542566548, {"__complex__": [-59118.1953125, -2.59378619690625e-15]}, 122024], [0.10754132083518372, {"__complex__": [-60082.55078125, 1.0780325539042936e-14]}, 133636], [0.11253400290604, {"__complex__": [-59364.7109375, 7.923290184217759e-16]}, 146928], [0.11753517144089055, {"__complex__": [-58705.38671875, -2.543437711488507e-15]}, 160198], [0.12253478261117842, {"__complex__": [-58781.40234375, -6.687537723842462e-15]}, 174078], [0.12753510079958683, {"__complex__": [-58490.50390625, 1.927671440372469e-15]}, 188724], [0.13253246579605452, {"__complex__": [-58906.01953125, -4.292811416381465e-16]}, 203390], [0.1375292482706105, {"__complex__": [-58248.5703125, 5.439670574739061e-15]}, 219362], [0.1425275725722034, {"__complex__": [-57944.02734375, 5.02188734949452e-16]}, 235438], [0.14752520736977173, {"__complex__": [-57741.93359375, 8.766144717943253e-15]}, 252322], [0.1525275454963854, {"__complex__": [-56653.109375, 6.9231208798799324e-15]}, 270098], [0.15752582426501724, {"__complex__": [-57513.66015625, 1.8232055964381754e-15]}, 287334], [0.16252236613376922, {"__complex__": [-56961.38671875, -4.465497135068943e-15]}, 306322], [0.16752201893795957, {"__complex__": [-57124.1953125, 2.2359766100964575e-15]}, 325404], [0.17252217662973288, {"__complex__": [-56754.0859375, 1.2642479192703521e-15]}, 345310], [0.17752502198572756, {"__complex__": [-56552.0234375, 1.4720686175494972e-15]}, 365758], [0.182526802386503, {"__complex__": [-56369.0, -1.5062613523966832e-16]}, 386438], [0.1875259131838158, {"__complex__": [-56176.81640625, -5.069109753941302e-15]}, 407640], [0.19252264781517345, {"__complex__": [-56540.953125, 6.26840485747559e-16]}, 429472], [0.19752167431972406, {"__complex__": [-56340.5859375, 3.214287541016117e-16]}, 452726], [0.20252045783391107, {"__complex__": [-56327.73046875, -2.1743227759317115e-15]}, 475176], [0.2075172977507592, {"__complex__": [-56242.0546875, 8.160333942693651e-16]}, 499310], [0.21251771009795503, {"__complex__": [-55374.10546875, 1.777075335097759e-15]}, 524076], [0.21751800273760374, {"__complex__": [-55275.5546875, -2.9184911950385023e-16]}, 548472], [0.22251748132398722, {"__complex__": [-55546.26171875, -5.70003675014289e-17]}, 574414], [0.22751791857393602, {"__complex__": [-55222.68359375, -5.817702332010721e-16]}, 600316], [0.23251746029336104, {"__complex__": [-55376.65625, -8.356445892784663e-16]}, 626904], [0.23751706748769214, {"__complex__": [-55309.9140625, 1.3203885218605383e-15]}, 654368], [0.24251658740361162, {"__complex__": [-55469.80859375, 1.5151264786319855e-15]}, 681914], [0.24751675233632583, {"__complex__": [-55388.26171875, 3.071328893598782e-17]}, 710698], [0.25251696279119606, {"__complex__": [-54934.984375, 2.2138281808334152e-15]}, 739484], [0.25751572144661994, {"__complex__": [-55001.6171875, -3.4259931029682845e-15]}, 768798], [0.2625166251745718, {"__complex__": [-55231.125, -1.8193122889054598e-16]}, 799858], [0.26751737449757274, {"__complex__": [-55237.0625, -2.3150335831954904e-15]}, 829730], [0.2725159226654776, {"__complex__": [-54974.14453125, -1.7745083488115456e-16]}, 861056], [0.27751327432514605, {"__complex__": [-55456.625, -1.4434077754714903e-15]}, 892225]]}, "attrs": {"poles": [0], "dk": 0.005, "kmin": 0.0, "kmax": null, "Nmesh": {"__dtype__": "<i8", "__shape__": [3], "__data__": [512, 512, 512]}, "BoxSize": {"__dtype__": "<f8", "__shape__": [3], "__data__": [2665.0, 5783.0, 2971.0]}, "BoxPad": {"__dtype__": "<f8", "__shape__": [3], "__data__": [0.1, 0.1, 0.1]}, "BoxCenter": {"__dtype__": "<f8", "__shape__": [3], "__data__": [2582.989658720679, 42.75090623744609, 889.0615326905474]}, "mesh.resampler": "tsc", "mesh.interlaced": true, "alpha": 0.05290701985359192, "data.norm": -0.7923662995013797, "randoms.norm": -0.7921146552768281, "shotnoise": 68427.1546150865, "first.data.N": 125525, "first.data.W": 135056.28125, "first.data.W2": 120756.44636981792, "first.data.num_per_cell": 0.0008997056362764382, "first.randoms.N": 2424600, "first.randoms.W": 2552710.0, "first.randoms.W2": 2282578.760345259, "first.randoms.num_per_cell": 0.017006537022778833, "first.data.ext": 1, "first.randoms.ext": 1, "second.data.N": 125525, "second.data.W": 135056.28125, "second.data.W2": -56504.6171875, "second.data.num_per_cell": -0.00042099220445379615, "second.randoms.N": 2424600, "second.randoms.W": 2552710.0, "second.randoms.W2": -1067697.0, "second.randoms.num_per_cell": -0.00795496255159378, "second.data.ext": 1, "second.randoms.ext": 1}}, "attrs": {"poles": [0], "dk": 0.005, "kmin": 0.0, "kmax": null, "Nmesh": {"__dtype__": "<i8", "__shape__": [3], "__data__": [512, 512, 512]}, "BoxSize": {"__dtype__": "<f8", "__shape__": [3], "__data__": [2665.0, 5783.0, 2971.0]}, "BoxPad": {"__dtype__": "<f8", "__shape__": [3], "__data__": [0.1, 0.1, 0.1]}, "BoxCenter": {"__dtype__": "<f8", "__shape__": [3], "__data__": [2582.989658720679, 42.75090623744609, 889.0615326905474]}, "mesh.resampler": "tsc",