{"poles": {"dims": ["k"], "edges": [{"__dtype__": "<f8", "__shape__": [57], "__data__": [0.0, 0.005, 0.01, 0.015, 0.02, 0.025, 0.03, 0.035, 0.04, 0.045, 0.05, 0.055, 0.06, 0.065, 0.07, 0.075, 0.08, 0.085, 0.09, 0.095, 0.1, 0.105, 0.11, 0.115, 0.12, 0.125, 0.13, 0.135, 0.14, 0.145, 0.15, 0.155, 0.16, 0.165, 0.17, 0.17500000000000002, 0.18, 0.185, 0.19, 0.195, 0.2, 0.20500000000000002, 0.21, 0.215, 0.22, 0.225, 0.23, 0.23500000000000001, 0.24, 0.245, 0.25, 0.255, 0.26, 0.265, 0.27, 0.275, 0.28]}], "coords": [{"__dtype__": "<f8", "__shape__": [56], "__data__": [0.0025, 0.0075, 0.0125, 0.0175, 0.0225, 0.0275, 0.0325, 0.037500000000000006, 0.042499999999999996, 0.0475, 0.052500000000000005, 0.057499999999999996, 0.0625, 0.0675, 0.07250000000000001, 0.0775, 0.0825, 0.0875, 0.0925, 0.0975, 0.10250000000000001, 0.1075, 0.1125, 0.1175, 0.1225, 0.1275, 0.1325, 0.1375, 0.14250000000000002, 0.1475, 0.1525, 0.1575, 0.1625, 0.1675, 0.17250000000000001, 0.1775, 0.1825, 0.1875, 0.1925, 0.1975, 0.2025, 0.20750000000000002, 0.2125, 0.2175, 0.2225, 0.2275, 0.2325, 0.2375, 0.2425, 0.2475, 0.2525, 0.2575, 0.2625, 0.2675, 0.2725, 0.2775]}], "data": {"__dtype__": [["k", "<f8"], ["power_0", "<c8"], ["modes", "<i8"]], "__shape__": [56], "__data__": [[0.0038220185362787596, {"__complex__": [98123.46875, 1.440783690270786e-12]}, 101], [0.00810392874310167, {"__complex__": [111090.6015625, -6.788065660782994e-13]}, 686], [0.01287809439196727, {"__complex__": [116388.5703125, 3.173809075252519e-14]}, 1834], [0.017776307126684328, {"__complex__": [118023.2421875, 1.0550747423085025e-13]}, 3586], [0.022704762509069974, {"__complex__": [122476.0390625, -1.0461835391051277e-13]}, 5842], [0.02764546506515288, {"__complex__": [112863.3359375, 5.336480362423332e-14]}, 8726], [0.0326208266120784, {"__complex__": [113878.40625, 4.743900517095549e-14]}, 12270], [0.03760835365719746, {"__complex__": [107697.8828125, 3.489453192541403e-14]}, 16264], [0.04260015561117314, {"__complex__": [104199.4140625, -5.9052460458456496e-15]}, 20946], [0.04759535035933047, {"__complex__": [106313.5625, 1.3218388752002982e-14]}, 26146], [0.05257947574412514, {"__complex__": [98156.4921875, -1.83296574533115e-14]}, 31756], [0.0575627995486108, {"__complex__": [99914.1328125, -1.9798524392199493e-14]}, 38220], [0.06255695586259004, {"__complex__": [97783.9375, -1.6094402885863016e-16]}, 45208], [0.06755998834707277, {"__complex__": [96968.875, -3.4453166773522337e-15]}, 52796], [0.07256257141702313, {"__complex__": [95012.4609375, 1.0281842414419044e-14]}, 60858], [0.07755581190054048, {"__complex__": [93256.046875, 2.519230568647163e-15]}, 69316], [0.08254518662531579, {"__complex__": [93277.890625, 1.2404304539363926e-14]}, 78600], [0.08754141389405756, {"__complex__": [91523.4140625, 1.0511304486863181e-14]}, 88602], [0.09254489999812011, {"__complex__": [89907.125, 6.755082248638888e-15]}, 99094], [0.09754543580925563, {"__complex__": [89238.7109375, 7.283903975851061e-15]}, 109880], [0.10254600301282023, {"__complex__": [88543.6953125, -1.0762542929348279e-14]}, 121688], [0.10754145115232962, {"__complex__": [87948.1015625, -2.5111721089452225e-15]}, 133282], [0.11253653513031722, {"__complex__": [87436.5859375, 1.9867452121798785e-15]}, 146490], [0.11753561727471507, {"__complex__": [86952.0, -5.747129982065216e-15]}, 159518], [0.12252969174392196, {"__complex__": [85547.4453125, -9.656604409128571e-16]}, 173298], [0.1275281653395117, {"__complex__": [86631.546875, 7.967421447802655e-15]}, 188122], [0.1325300226990484, {"__complex__": [86269.4765625, -3.72670314001248e-15]}, 203048], [0.13752972716360334, {"__complex__": [85774.1640625, 1.43143634119059e-15]}, 218568], [0.14252962864824134, {"__complex__": [84761.90625, -2.849866703234327e-15]}, 234884], [0.14752920776313305, {"__complex__": [84847.53125, 3.3558822800999148e-15]}, 251502], [0.15252826992208537, {"__complex__": [83860.1015625, -1.4882579582703686e-15]}, 268890], [0.15752579332980954, {"__complex__": [83092.8671875, 4.264416595588455e-15]}, 286642], [0.16252651923800265, {"__complex__": [84084.2421875, 3.1424068957440184e-15]}, 305634], [0.1675264043912335, {"__complex__": [84397.625, -2.604634783136446e-15]}, 324042], [0.1725220740523516, {"__complex__": [83540.0078125, -8.674346887009858e-16]}, 343904], [0.17752146309880865, {"__complex__": [83959.6328125, 9.58624244099134e-16]}, 364320], [0.18252164723044342, {"__complex__": [83740.5, 2.040454300815853e-15]}, 385112], [0.1875241151002869, {"__complex__": [83048.6171875, 2.1455512637051898e-16]}, 406942], [0.1925236862868497, {"__complex__": [83242.578125, 3.817173458559291e-15]}, 427922], [0.19752236760360237, {"__complex__": [82856.8671875, -7.577006704116848e-16]}, 451326], [0.20252054547361167, {"__complex__": [83181.7578125, -4.702534223160375e-15]}, 473456], [0.2075172014666359, {"__complex__": [82397.921875, -1.1693263367066014e-16]}, 497788], [0.21251708936158617, {"__complex__": [82709.25, 3.53283000388018e-15]}, 522090], [0.21751649521406344, {"__complex__": [82451.8359375, 2.341803635976989e-15]}, 546830], [0.22251831981439968, {"__complex__": [82065.7109375, 1.168436846232866e-15]}, 572892], [0.22752049374627342, {"__complex__": [81841.7421875, 2.3830564698488783e-15]}, 598428], [0.2325192281876468, {"__complex__": [81923.734375, 3.1449949519747947e-16]}, 624646], [0.23751783595401166, {"__complex__": [82369.65625, 1.1603900332339502e-15]}, 652108], [0.24251828745603507, {"__complex__": [81673.0078125, 1.0269704855801363e-15]}, 680148], [0.24751881578206525, {"__complex__": [81820.890625, 6.935824732962412e-17]}, 708102], [0.25251754767842116, {"__complex__": [82278.625, -2.7055363124286937e-15]}, 736864], [0.25751585471981236, {"__complex__": [82447.140625, -2.0126500208057568e-15]}, 766404], [0.26251522413535383, {"__complex__": [82360.171875, 1.5711299677638349e-15]}, 796538], [0.2675144375885628, {"__complex__": [81825.5390625, -3.694326152636632e-15]}, 827188], [0.27251531042754873, {"__complex__": [81429.8359375, 2.689365394674425e-15]}, 858982], [0.27751355669531713, {"__complex__": [81962.2109375, -3.111570767178344e-16]}, 888575]]}, "attrs": {"poles": [0], "dk": 0.005, "kmin": 0.0, "kmax": null, "Nmesh": {"__dtype__": "<i8", "__shape__": [3], "__data__": [512, 512, 512]}, "BoxSize": {"__dtype__": "<f8", "__shape__": [3], "__data__": [2658.0, 5791.0, 2965.0]}, "BoxPad": {"__dtype__": "<f8", "__shape__": [3], "__data__": [0.1, 0.1, 0.1]}, "BoxCenter": {"__dtype__": "<f8", "__shape__": [3], "__data__": [2586.425085736084, 47.348941282738906, 888.7240839912781]}, "mesh.resampler": "tsc", "mesh.interlaced": true, "alpha": 0.05280013382434845, "data.norm": 1.001304979055298, "randoms.norm": 1.0013063828181288, "shotnoise": 80930.00661932521, "first.data.N": 125730, "first.data.W": 135433.09375, "first.data.W2": 121061.52809225302, "first.data.num_per_cell": 0.0009019786722380893, "first.randoms.N": 2434630, "first.randoms.W": 2565014.25, "first.randoms.W2": 2292758.255444697, "first.randoms.num_per_cell": 0.017082380171453186, "first.data.ext": 1, "first.randoms.ext": 1, "second.data.N": 125730, "second.data.W": 135433.09375, "second.data.W2": 72551.34375, "second.data.num_per_cell": 0.0005405496340245008, "second.randoms.N": 2434630, "second.randoms.W": 2565014.25, "second.randoms.W2": 1374013.625, "second.randoms.num_per_cell": 0.010237199254333973, "second.data.ext": 1, "second.randoms.ext": 1}}, "attrs": {"poles": [0], "dk": 0.005, "kmin": 0.0, "kmax": null, "Nmesh": {"__dtype__": "<i8", "__shape__": [3], "__data__": [512, 512, 512]}, "BoxSize": {"__dtype__": "<f8", "__shape__": [3], "__data__": [2658.0, 5791.0, 2965.0]}, "BoxPad": {"__dtype__": "<f8", "__shape__": [3], "__data__": [0.1, 0.1, 0.1]}, "BoxCenter": {"__dtype__": "<f8", "__shape__": [3], "__data__": [2586.425085736084, 47.348941282738906, 888.7240839912781]}, "mesh.resampler": "tsc", "mesh.interlaced": true, "alpha": 0.05280013382434845, "data.norm": 1.001304979055298,