{"poles": {"dims": ["k"], "edges": [{"__dtype__": "<f8", "__shape__": [57], "__data__": [0.0, 0.005, 0.01, 0.015, 0.02, 0.025, 0.03, 0.035, 0.04, 0.045, 0.05, 0.055, 0.06, 0.065, 0.07, 0.075, 0.08, 0.085, 0.09, 0.095, 0.1, 0.105, 0.11, 0.115, 0.12, 0.125, 0.13, 0.135, 0.14, 0.145, 0.15, 0.155, 0.16, 0.165, 0.17, 0.17500000000000002, 0.18, 0.185, 0.19, 0.195, 0.2, 0.20500000000000002, 0.21, 0.215, 0.22, 0.225, 0.23, 0.23500000000000001, 0.24, 0.245, 0.25, 0.255, 0.26, 0.265, 0.27, 0.275, 0.28]}], "coords": [{"__dtype__": "<f8", "__shape__": [56], "__data__": [0.0025, 0.0075, 0.0125, 0.0175, 0.0225, 0.0275, 0.0325, 0.037500000000000006, 0.042499999999999996, 0.0475, 0.052500000000000005, 0.057499999999999996, 0.0625, 0.0675, 0.07250000000000001, 0.0775, 0.0825, 0.0875, 0.0925, 0.0975, 0.10250000000000001, 0.1075, 0.1125, 0.1175, 0.1225, 0.1275, 0.1325, 0.1375, 0.14250000000000002, 0.1475, 0.1525, 0.1575, 0.1625, 0.1675, 0.17250000000000001, 0.1775, 0.1825, 0.1875, 0.1925, 0.1975, 0.2025, 0.20750000000000002, 0.2125, 0.2175, 0.2225, 0.2275, 0.2325, 0.2375, 0.2425, 0.2475, 0.2525, 0.2575, 0.2625, 0.2675, 0.2725, 0.2775]}], "data": {"__dtype__": [["k", "<f8"], ["power_0", "<c8"], ["modes", "<i8"]], "__shape__": [56], "__data__": [[0.0038137372742376575, {"__complex__": [96391.796875, -3.061665233405203e-13]}, 101], [0.008095875358558087, {"__complex__": [122160.4453125, 0.0]}, 690], [0.012877231488151645, {"__complex__": [113136.40625, 2.7137355405361385e-13]}, 1850], [0.01777075083442384, {"__complex__": [115524.2265625, 4.44889012240178e-14]}, 3598], [0.02268893679317904, {"__complex__": [114065.7734375, 5.457588455595394e-14]}, 5866], [0.027649900688453646, {"__complex__": [115649.2890625, -1.3136461184245704e-14]}, 8862], [0.032623589244318005, {"__complex__": [102650.046875, -1.6603651640427833e-14]}, 12270], [0.03760389208270033, {"__complex__": [103966.3046875, 1.3288610747945679e-15]}, 16426], [0.042607342398054686, {"__complex__": [101147.65625, -5.507916442815813e-15]}, 21136], [0.04759385783395828, {"__complex__": [97478.484375, -2.2218360303167574e-15]}, 26198], [0.052572741105421435, {"__complex__": [96512.390625, -9.083592973058142e-16]}, 32040], [0.05756749267001058, {"__complex__": [95837.3203125, -6.410867540632527e-15]}, 38588], [0.06256610639983154, {"__complex__": [94796.6328125, 4.5562664562461344e-15]}, 45512], [0.06756282378123095, {"__complex__": [95831.6171875, -6.444968240056038e-15]}, 53060], [0.07255171419834627, {"__complex__": [91389.4765625, -1.0009833877034323e-14]}, 61058], [0.07754345456189661, {"__complex__": [91945.3046875, -7.905710015397496e-15]}, 69946], [0.08254048280447085, {"__complex__": [90082.6015625, 3.4911661472706353e-15]}, 79196], [0.0875435294066422, {"__complex__": [88387.9375, 3.4176235704164648e-15]}, 89416], [0.09255019691473206, {"__complex__": [88323.15625, -2.1891356881132947e-15]}, 99710], [0.09755121229528961, {"__complex__": [87068.734375, -3.0873749534026697e-15]}, 110764], [0.10254699280783577, {"__complex__": [84860.9765625, 2.4111106245784143e-15]}, 122216], [0.10753412231358293, {"__complex__": [85577.9296875, -1.845449952182494e-15]}, 134050], [0.11252877032853717, {"__complex__": [85699.921875, 7.245300449279946e-15]}, 147622], [0.11753434069329634, {"__complex__": [84858.7890625, 1.0174583055824705e-15]}, 160900], [0.12253399367465322, {"__complex__": [84954.6484375, -3.0418579439160653e-15]}, 174612], [0.12753428191850055, {"__complex__": [84621.34375, 3.0234584295380114e-16]}, 189512], [0.1325325298670006, {"__complex__": [84185.375, 8.199346692057408e-15]}, 204098], [0.13752776533121971, {"__complex__": [84532.734375, 2.8433074918490266e-15]}, 220072], [0.142527866516212, {"__complex__": [83368.1171875, 2.706554869547767e-15]}, 236568], [0.1475267449676047, {"__complex__": [82417.484375, 3.6795170521033115e-15]}, 253110], [0.15252762938370903, {"__complex__": [81950.2578125, 3.495811275953378e-15]}, 271094], [0.1575276593003671, {"__complex__": [81327.859375, -2.8871247179687283e-15]}, 288556], [0.16252243770201402, {"__complex__": [81711.84375, 1.5874472104597417e-15]}, 307090], [0.16752397886789394, {"__complex__": [81878.734375, 3.696522720827099e-16]}, 327234], [0.17252711668659892, {"__complex__": [82139.671875, 5.514094277616613e-15]}, 346374], [0.1775272108157396, {"__complex__": [81168.1171875, -8.526032476736814e-16]}, 366954], [0.18252529270621604, {"__complex__": [81135.390625, 1.6527303690452356e-15]}, 387410], [0.18752390061523797, {"__complex__": [80862.7421875, -2.1321174535106346e-16]}, 409506], [0.19252190888140347, {"__complex__": [80650.4765625, -5.404034204582178e-16]}, 430846], [0.19751844805890206, {"__complex__": [80486.9765625, 4.918482308447544e-15]}, 454148], [0.2025189225674702, {"__complex__": [80611.625, -1.3561016543782662e-15]}, 477516], [0.2075212775460208, {"__complex__": [80580.359375, 1.1604028446072774e-15]}, 501616], [0.21252211239361427, {"__complex__": [80123.9453125, -1.0934628895769541e-15]}, 525670], [0.21751984314448974, {"__complex__": [80296.296875, 4.601220612339288e-15]}, 550296], [0.22251739249296992, {"__complex__": [80173.671875, 2.3484841848319836e-15]}, 576256], [0.22751720385789256, {"__complex__": [79792.9609375, -1.3883664098886033e-15]}, 602676], [0.23251726013269905, {"__complex__": [80476.0546875, -3.8740285334404865e-16]}, 629176], [0.237517749460843, {"__complex__": [79744.7421875, -2.5138847319588044e-15]}, 657008], [0.2425187294890462, {"__complex__": [79995.8515625, 8.502682160661177e-17]}, 684580], [0.2475158694744063, {"__complex__": [79846.3203125, 7.354115278002799e-16]}, 712348], [0.25251493779426293, {"__complex__": [79886.6171875, -2.448676429910024e-16]}, 742846], [0.2575157923130487, {"__complex__": [80004.4921875, -4.281106532781154e-15]}, 771596], [0.26251707782346445, {"__complex__": [80072.96875, -5.391732639210085e-16]}, 802932], [0.2675180831933725, {"__complex__": [79675.1484375, -2.0271088732153877e-15]}, 832724], [0.27251478110136734, {"__complex__": [79481.875, -5.813257526620004e-16]}, 863614], [0.27750962713018734, {"__complex__": [79331.875, -1.4959814164416702e-15]}, 894915]]}, "attrs": {"poles": [0], "dk": 0.005, "kmin": 0.0, "kmax": null, "Nmesh": {"__dtype__": "<i8", "__shape__": [3], "__data__": [512, 512, 512]}, "BoxSize": {"__dtype__": "<f8", "__shape__": [3], "__data__": [2672.0, 5791.0, 2970.0]}, "BoxPad": {"__dtype__": "<f8", "__shape__": [3], "__data__": [0.1, 0.1, 0.1]}, "BoxCenter": {"__dtype__": "<f8", "__shape__": [3], "__data__": [2579.708693674348, 44.12044015191532, 889.4202125985578]}, "mesh.resampler": "tsc", "mesh.interlaced": true, "alpha": 0.05278392508625984, "data.norm": 1.7600512499447265, "randoms.norm": 1.7595604591677867, "shotnoise": 78721.00922630532, "first.data.N": 125758, "first.data.W": 135326.296875, "first.data.W2": 120929.43959727477, "first.data.num_per_cell": 0.0009009945362603275, "first.randoms.N": 2437350, "first.randoms.W": 2563778.5, "first.randoms.W2": 2290893.089434226, "first.randoms.num_per_cell": 0.01706848360176553, "first.data.ext": 1, "first.randoms.ext": 1, "second.data.N": 125758, "second.data.W": 135326.296875, "second.data.W2": 127482.4453125, "second.data.num_per_cell": 0.0009498182334937155, "second.randoms.N": 2437350, "second.randoms.W": 2563778.5, "second.randoms.W2": 2414470.0, "second.randoms.num_per_cell": 0.017989203333854675, "second.data.ext": 1, "second.randoms.ext": 1}}, "attrs": {"poles": [0], "dk": 0.005, "kmin": 0.0, "kmax": null, "Nmesh": {"__dtype__": "<i8", "__shape__": [3], "__data__": [512, 512, 512]}, "BoxSize": {"__dtype__": "<f8", "__shape__": [3], "__data__": [2672.0, 5791.0, 2970.0]}, "BoxPad": {"__dtype__": "<f8", "__shape__": [3], "__data__": [0.1, 0.1, 0.1]}, "BoxCenter": {"__dtype__": "<f8", "__shape__": [3], "__data__": [2579.708693674348, 44.12044015191532, 889.4202125985578]}, "mesh.resampler": "tsc", "mesh.interlaced": true, "alpha": 0.05278392508625984, "data.norm": 1.7600512499447265,