{"poles": {"dims": ["k"], "edges": [{"__dtype__": "<f8", "__shape__": [57], "__data__": [0.0, 0.005, 0.01, 0.015, 0.02, 0.025, 0.03, 0.035, 0.04, 0.045, 0.05, 0.055, 0.06, 0.065, 0.07, 0.075, 0.08, 0.085, 0.09, 0.095, 0.1, 0.105, 0.11, 0.115, 0.12, 0.125, 0.13, 0.135, 0.14, 0.145, 0.15, 0.155, 0.16, 0.165, 0.17, 0.17500000000000002, 0.18, 0.185, 0.19, 0.195, 0.2, 0.20500000000000002, 0.21, 0.215, 0.22, 0.225, 0.23, 0.23500000000000001, 0.24, 0.245, 0.25, 0.255, 0.26, 0.265, 0.27, 0.275, 0.28]}], "coords": [{"__dtype__": "<f8", "__shape__": [56], "__data__": [0.0025, 0.0075, 0.0125, 0.0175, 0.0225, 0.0275, 0.0325, 0.037500000000000006, 0.042499999999999996, 0.0475, 0.052500000000000005, 0.057499999999999996, 0.0625, 0.0675, 0.07250000000000001, 0.0775, 0.0825, 0.0875, 0.0925, 0.0975, 0.10250000000000001, 0.1075, 0.1125, 0.1175, 0.1225, 0.1275, 0.1325, 0.1375, 0.14250000000000002, 0.1475, 0.1525, 0.1575, 0.1625, 0.1675, 0.17250000000000001, 0.1775, 0.1825, 0.1875, 0.1925, 0.1975, 0.2025, 0.20750000000000002, 0.2125, 0.2175, 0.2225, 0.2275, 0.2325, 0.2375, 0.2425, 0.2475, 0.2525, 0.2575, 0.2625, 0.2675, 0.2725, 0.2775]}], "data": {"__dtype__": [["k", "<f8"], ["power_0", "<c8"], ["modes", "<i8"]], "__shape__": [56], "__data__": [[0.0038182886041593796, {"__complex__": [-49080.96484375, -5.763134652662927e-13]}, 101], [0.008107566775750679, {"__complex__": [-72165.921875, -1.3708325653002257e-13]}, 690], [0.01289564418751792, {"__complex__": [-86219.0078125, 1.1012260439473287e-13]}, 1850], [0.017785391276012745, {"__complex__": [-87421.578125, -9.7500268492548e-14]}, 3582], [0.022694558151843236, {"__complex__": [-75001.265625, -6.73468849047773e-14]}, 5834], [0.02764321283670039, {"__complex__": [-77482.8046875, 1.985705945105245e-14]}, 8794], [0.032624159397845943, {"__complex__": [-72093.2109375, -7.582825291068893e-14]}, 12282], [0.037614974678338416, {"__complex__": [-74160.375, 5.336888208787435e-15]}, 16360], [0.04261407135855472, {"__complex__": [-73067.328125, -3.598875619173145e-14]}, 21026], [0.04760014080328444, {"__complex__": [-70180.625, -2.3397154033004755e-14]}, 26122], [0.052577728146626486, {"__complex__": [-67852.1796875, 4.064270418152084e-14]}, 31866], [0.057566782824521524, {"__complex__": [-67832.5390625, 7.580306956237587e-16]}, 38394], [0.06255804593296112, {"__complex__": [-65257.5078125, -7.402115046936924e-15]}, 45216], [0.0675555019483729, {"__complex__": [-65682.9921875, -1.2643322837518987e-14]}, 52944], [0.07255930863937043, {"__complex__": [-65254.62890625, -1.7402605303530085e-14]}, 61042], [0.07755428004623649, {"__complex__": [-62952.1640625, -2.9304777700333347e-15]}, 69520], [0.08254601543645639, {"__complex__": [-63660.00390625, -5.904012765874447e-15]}, 78872], [0.08754608412600015, {"__complex__": [-63503.51171875, 4.908780393069693e-16]}, 88934], [0.0925451454782799, {"__complex__": [-61878.328125, 6.900538981506133e-15]}, 99114], [0.09754418545861636, {"__complex__": [-61010.0, -1.2359503484475989e-15]}, 110380], [0.10254953465506778, {"__complex__": [-59660.70703125, -2.622997822158209e-15]}, 122052], [0.10754533243630973, {"__complex__": [-60422.71875, -6.098327206172267e-15]}, 133628], [0.11253898465813159, {"__complex__": [-60138.953125, -3.764844186594394e-15]}, 146878], [0.1175385316538755, {"__complex__": [-59156.91015625, 1.7507772914261178e-15]}, 160000], [0.12253422830797679, {"__complex__": [-58743.328125, 5.02217375250981e-16]}, 173852], [0.1275269474400573, {"__complex__": [-58057.87890625, -4.175940616115955e-15]}, 188174], [0.1325260017200937, {"__complex__": [-58156.41015625, -2.784413291026435e-15]}, 203822], [0.13752874271115956, {"__complex__": [-57619.19921875, 4.514692385128999e-15]}, 219180], [0.14252940268135555, {"__complex__": [-57877.8359375, 1.8528659373939424e-15]}, 235612], [0.1475316710896024, {"__complex__": [-58074.0234375, -1.1532572746642401e-15]}, 252362], [0.1525298248180719, {"__complex__": [-57759.421875, -3.2410813636596977e-15]}, 269390], [0.15752590143610282, {"__complex__": [-57967.64453125, -3.1887010579597285e-15]}, 287506], [0.16252527998006325, {"__complex__": [-57409.01953125, -3.136516416870575e-15]}, 306208], [0.16752646745891875, {"__complex__": [-56795.0859375, 4.919088360521304e-15]}, 325408], [0.17252276524569055, {"__complex__": [-56769.5078125, 2.5351473765172555e-16]}, 344404], [0.17752036890758416, {"__complex__": [-56568.171875, 3.980871217999225e-17]}, 365546], [0.1825242098537344, {"__complex__": [-56764.38671875, 3.76479595865596e-16]}, 386526], [0.18752430803647344, {"__complex__": [-56798.64453125, -6.431027771810127e-16]}, 407298], [0.19252141530446415, {"__complex__": [-56740.97265625, 2.168801815181508e-15]}, 429418], [0.19752126023901648, {"__complex__": [-56091.59375, 9.004858084237302e-16]}, 452482], [0.20252191955249352, {"__complex__": [-56246.23828125, 2.326983735773591e-15]}, 475270], [0.2075206728713572, {"__complex__": [-56142.5703125, 1.0205077433065942e-16]}, 499082], [0.21252016358540401, {"__complex__": [-55909.0078125, -1.8899096527926883e-15]}, 523586], [0.21751882525282928, {"__complex__": [-56197.48046875, -2.1075551921061544e-15]}, 548056], [0.2225166654824439, {"__complex__": [-55871.109375, -1.0142297733295617e-16]}, 573910], [0.22751701147918085, {"__complex__": [-56220.5078125, -4.3643380548211705e-16]}, 600170], [0.23251839632363525, {"__complex__": [-56064.4921875, 2.8785794260803533e-15]}, 626850], [0.23751899994669184, {"__complex__": [-55481.8828125, -7.03665579970136e-16]}, 654010], [0.24252059330002837, {"__complex__": [-55493.1328125, 2.5384323820449445e-15]}, 682184], [0.24751994278350373, {"__complex__": [-55748.77734375, -3.2814863175513855e-15]}, 709528], [0.2525167827479683, {"__complex__": [-55659.37109375, 1.3982795541076756e-15]}, 738898], [0.257511680928928, {"__complex__": [-55711.05078125, -1.5170452200157533e-15]}, 767382], [0.2625122451913367, {"__complex__": [-55511.16796875, -2.909393796487195e-16]}, 800272], [0.26751768409117455, {"__complex__": [-55397.50390625, 2.489664671865015e-15]}, 829980], [0.27251782546790115, {"__complex__": [-55194.13671875, 5.665290399855334e-16]}, 860484], [0.27751384481213215, {"__complex__": [-55120.5859375, 3.200688691745745e-15]}, 891113]]}, "attrs": {"poles": [0], "dk": 0.005, "kmin": 0.0, "kmax": null, "Nmesh": {"__dtype__": "<i8", "__shape__": [3], "__data__": [512, 512, 512]}, "BoxSize": {"__dtype__": "<f8", "__shape__": [3], "__data__": [2659.0, 5793.0, 2971.0]}, "BoxPad": {"__dtype__": "<f8", "__shape__": [3], "__data__": [0.1, 0.1, 0.1]}, "BoxCenter": {"__dtype__": "<f8", "__shape__": [3], "__data__": [2585.1138008858293, 46.814969787068094, 891.2014307058338]}, "mesh.resampler": "tsc", "mesh.interlaced": true, "alpha": 0.052806224673986435, "data.norm": -0.8047563892283794, "randoms.norm": -0.8050467018677729, "shotnoise": 67518.13402765403, "first.data.N": 126440, "first.data.W": 136067.5, "first.data.W2": 121326.16991565528, "first.data.num_per_cell": 0.0009039504074726647, "first.randoms.N": 2449919, "first.randoms.W": 2576732.25, "first.randoms.W2": 2297519.568902168, "first.randoms.num_per_cell": 0.01711785472111529, "first.data.ext": 1, "first.randoms.ext": 1, "second.data.N": 126440, "second.data.W": 136067.5, "second.data.W2": -56942.50390625, "second.data.num_per_cell": -0.00042425471474416554, "second.randoms.N": 2449919, "second.randoms.W": 2576732.25, "second.randoms.W2": -1078584.25, "second.randoms.num_per_cell": -0.00803607888519764, "second.data.ext": 1, "second.randoms.ext": 1}}, "attrs": {"poles": [0], "dk": 0.005, "kmin": 0.0, "kmax": null, "Nmesh": {"__dtype__": "<i8", "__shape__": [3], "__data__": [512, 512, 512]}, "BoxSize": {"__dtype__": "<f8", "__shape__": [3], "__data__": [2659.0, 5793.0, 2971.0]}, "BoxPad": {"__dtype__": "<f8", "__shape__": [3], "__data__": [0.1, 0.1, 0.1]}, "BoxCenter": {"__dtype__": "<f8", "__shape__": [3], "__data__": [2585.1138008858293, 46.814969787068094, 891.2014307058338]}, "mesh.resampler": "tsc",