{"poles": {"dims": ["k"], "edges": [{"__dtype__": "<f8", "__shape__": [57], "__data__": [0.0, 0.005, 0.01, 0.015, 0.02, 0.025, 0.03, 0.035, 0.04, 0.045, 0.05, 0.055, 0.06, 0.065, 0.07, 0.075, 0.08, 0.085, 0.09, 0.095, 0.1, 0.105, 0.11, 0.115, 0.12, 0.125, 0.13, 0.135, 0.14, 0.145, 0.15, 0.155, 0.16, 0.165, 0.17, 0.17500000000000002, 0.18, 0.185, 0.19, 0.195, 0.2, 0.20500000000000002, 0.21, 0.215, 0.22, 0.225, 0.23, 0.23500000000000001, 0.24, 0.245, 0.25, 0.255, 0.26, 0.265, 0.27, 0.275, 0.28]}], "coords": [{"__dtype__": "<f8", "__shape__": [56], "__data__": [0.0025, 0.0075, 0.0125, 0.0175, 0.0225, 0.0275, 0.0325, 0.037500000000000006, 0.042499999999999996, 0.0475, 0.052500000000000005, 0.057499999999999996, 0.0625, 0.0675, 0.07250000000000001, 0.0775, 0.0825, 0.0875, 0.0925, 0.0975, 0.10250000000000001, 0.1075, 0.1125, 0.1175, 0.1225, 0.1275, 0.1325, 0.1375, 0.14250000000000002, 0.1475, 0.1525, 0.1575, 0.1625, 0.1675, 0.17250000000000001, 0.1775, 0.1825, 0.1875, 0.1925, 0.1975, 0.2025, 0.20750000000000002, 0.2125, 0.2175, 0.2225, 0.2275, 0.2325, 0.2375, 0.2425, 0.2475, 0.2525, 0.2575, 0.2625, 0.2675, 0.2725, 0.2775]}], "data": {"__dtype__": [["k", "<f8"], ["power_0", "<c8"], ["modes", "<i8"]], "__shape__": [56], "__data__": [[0.003819187818399494, {"__complex__": [94149.0546875, -5.763134652662927e-13]}, 101], [0.008108464265421908, {"__complex__": [94569.4375, -5.694227641489524e-13]}, 690], [0.012892515127785314, {"__complex__": [123432.9921875, 1.891906634609794e-13]}, 1846], [0.01777975760029435, {"__complex__": [118864.921875, 1.62682110079089e-13]}, 3578], [0.022690592936448827, {"__complex__": [116178.171875, 1.995463256437846e-14]}, 5834], [0.02763882895950746, {"__complex__": [110680.4765625, -1.284187498365192e-14]}, 8782], [0.03262262942036715, {"__complex__": [112684.3515625, 2.781600802828372e-14]}, 12294], [0.03761036776181497, {"__complex__": [110043.3125, 4.460493796152806e-14]}, 16312], [0.04260905748302131, {"__complex__": [104919.1875, 3.9404236980549595e-14]}, 21050], [0.047602658148161225, {"__complex__": [98653.2734375, 3.450167126821391e-14]}, 26150], [0.05258187057947063, {"__complex__": [102646.8515625, 9.139502441532846e-16]}, 31844], [0.05756849148040632, {"__complex__": [99972.875, 9.864161997798476e-15]}, 38356], [0.06256385005938611, {"__complex__": [97301.15625, 1.0921003312021772e-14]}, 45304], [0.06756017299615046, {"__complex__": [95061.515625, 7.715171647978535e-15]}, 52812], [0.0725574450868759, {"__complex__": [94064.578125, 7.158792127343917e-15]}, 60982], [0.07755210763096645, {"__complex__": [92907.4609375, -1.0465991612316865e-14]}, 69520], [0.08254590130567971, {"__complex__": [92431.8203125, 1.8450507084967618e-16]}, 78870], [0.08754425840375767, {"__complex__": [91004.265625, -3.604879473406578e-15]}, 88808], [0.09254344597793328, {"__complex__": [90401.875, 1.5260655491567722e-14]}, 99170], [0.09754175926411252, {"__complex__": [88182.8359375, -7.658902402259485e-15]}, 110200], [0.10254635341686526, {"__complex__": [89673.8203125, 2.0260651168661336e-15]}, 122100], [0.10754563794463265, {"__complex__": [88547.515625, -1.0016131566997159e-14]}, 133662], [0.1125360385399152, {"__complex__": [87708.3046875, 4.965981798547197e-15]}, 146516], [0.11753484750617987, {"__complex__": [87130.4609375, -1.2716712101409704e-15]}, 160204], [0.12253173370497447, {"__complex__": [86900.3125, -1.4671297801922942e-15]}, 173576], [0.1275285501416256, {"__complex__": [86797.921875, -1.350300219843403e-16]}, 188594], [0.1325292004866497, {"__complex__": [86633.4140625, -4.077769921045655e-15]}, 203410], [0.13752707863696267, {"__complex__": [86223.578125, -5.248362254371046e-15]}, 219040], [0.14252691986017318, {"__complex__": [86091.3828125, -6.0567057012100856e-15]}, 235456], [0.14752926400764155, {"__complex__": [85888.125, -4.815230686243139e-15]}, 252342], [0.1525300505470552, {"__complex__": [84259.328125, 3.0782960307575245e-15]}, 269454], [0.1575281645917899, {"__complex__": [84316.0625, 1.366738270613412e-15]}, 287474], [0.16252611959409685, {"__complex__": [84321.8671875, 3.5324340159773385e-15]}, 305874], [0.16752500760672245, {"__complex__": [84472.34375, -4.8780868836765124e-15]}, 325160], [0.17252362188371276, {"__complex__": [83364.6328125, -1.3506902785156137e-15]}, 344758], [0.17752296607315607, {"__complex__": [84029.1484375, 9.564189938209575e-16]}, 365160], [0.18252513867985523, {"__complex__": [83520.8203125, -3.314375336343849e-15]}, 386368], [0.1875254492310358, {"__complex__": [83222.8046875, -4.5383385804010235e-15]}, 407218], [0.19252253544793535, {"__complex__": [82840.109375, -1.339280956474335e-15]}, 429186], [0.19751908540859578, {"__complex__": [83261.8125, -3.2855984507520683e-15]}, 451758], [0.20251849340463382, {"__complex__": [83736.7578125, 2.5712369093009195e-15]}, 475398], [0.2075193624619589, {"__complex__": [82727.015625, -1.283253115145252e-15]}, 498954], [0.21251995080338618, {"__complex__": [82856.703125, 2.223567630358741e-16]}, 523552], [0.21751988306623418, {"__complex__": [82512.4375, -2.9475378606239836e-15]}, 548004], [0.22251887220957683, {"__complex__": [82512.7421875, 2.6884865979916487e-15]}, 573744], [0.2275180543872683, {"__complex__": [82225.5234375, -1.844355373856405e-15]}, 599638], [0.23251636075145685, {"__complex__": [82359.0, -2.9629587307034586e-15]}, 626188], [0.23751788035210367, {"__complex__": [82655.2109375, -5.292899246737677e-15]}, 654340], [0.24251939246170204, {"__complex__": [82093.625, -9.611286822961486e-17]}, 681320], [0.2475169300685096, {"__complex__": [81586.4609375, 4.349023752074372e-15]}, 709356], [0.2525170332850367, {"__complex__": [82404.203125, 8.856414501439802e-16]}, 739392], [0.2575161497762865, {"__complex__": [82256.7890625, -4.881144884374337e-16]}, 767672], [0.2625156927163886, {"__complex__": [82075.03125, -2.2217221043853517e-15]}, 799080], [0.26751670375763636, {"__complex__": [81849.265625, 2.005283375263486e-15]}, 829088], [0.2725162524978908, {"__complex__": [81841.828125, -1.3526944643479357e-15]}, 860618], [0.2775131559529168, {"__complex__": [81891.828125, -1.5974127648424254e-15]}, 890471]]}, "attrs": {"poles": [0], "dk": 0.005, "kmin": 0.0, "kmax": null, "Nmesh": {"__dtype__": "<i8", "__shape__": [3], "__data__": [512, 512, 512]}, "BoxSize": {"__dtype__": "<f8", "__shape__": [3], "__data__": [2662.0, 5794.0, 2966.0]}, "BoxPad": {"__dtype__": "<f8", "__shape__": [3], "__data__": [0.1, 0.1, 0.1]}, "BoxCenter": {"__dtype__": "<f8", "__shape__": [3], "__data__": [2584.4410243078623, 47.383786093563, 889.0522445442903]}, "mesh.resampler": "tsc", "mesh.interlaced": true, "alpha": 0.05302990972995758, "data.norm": 0.9961551834944209, "randoms.norm": 0.9959162170741376, "shotnoise": 81155.33988299021, "first.data.N": 125880, "first.data.W": 135477.65625, "first.data.W2": 121029.58418612418, "first.data.num_per_cell": 0.0009017406715908958, "first.randoms.N": 2429429, "first.randoms.W": 2554740.5, "first.randoms.W2": 2282261.6616843254, "first.randoms.num_per_cell": 0.01700417445364837, "first.data.ext": 1, "first.randoms.ext": 1, "second.data.N": 125880, "second.data.W": 135477.65625, "second.data.W2": 72325.578125, "second.data.num_per_cell": 0.0005388675490394235, "second.randoms.N": 2429429, "second.randoms.W": 2554740.5, "second.randoms.W2": 1363638.75, "second.randoms.num_per_cell": 0.010159900411963463, "second.data.ext": 1, "second.randoms.ext": 1}}, "attrs": {"poles": [0], "dk": 0.005, "kmin": 0.0, "kmax": null, "Nmesh": {"__dtype__": "<i8", "__shape__": [3], "__data__": [512, 512, 512]}, "BoxSize": {"__dtype__": "<f8", "__shape__": [3], "__data__": [2662.0, 5794.0, 2966.0]}, "BoxPad": {"__dtype__": "<f8", "__shape__": [3], "__data__": [0.1, 0.1, 0.1]}, "BoxCenter": {"__dtype__": "<f8", "__shape__": [3], "__data__": [2584.4410243078623, 47.383786093563, 889.0522445442903]}, "mesh.resampler": "tsc", "mesh.interlaced": true, "alpha": 0.05302990972995758, "data.norm": 0.9961551834944209, "randoms.norm": 0.9959162170741376,