{"poles": {"dims": ["k"], "edges": [{"__dtype__": "<f8", "__shape__": [57], "__data__": [0.0, 0.005, 0.01, 0.015, 0.02, 0.025, 0.03, 0.035, 0.04, 0.045, 0.05, 0.055, 0.06, 0.065, 0.07, 0.075, 0.08, 0.085, 0.09, 0.095, 0.1, 0.105, 0.11, 0.115, 0.12, 0.125, 0.13, 0.135, 0.14, 0.145, 0.15, 0.155, 0.16, 0.165, 0.17, 0.17500000000000002, 0.18, 0.185, 0.19, 0.195, 0.2, 0.20500000000000002, 0.21, 0.215, 0.22, 0.225, 0.23, 0.23500000000000001, 0.24, 0.245, 0.25, 0.255, 0.26, 0.265, 0.27, 0.275, 0.28]}], "coords": [{"__dtype__": "<f8", "__shape__": [56], "__data__": [0.0025, 0.0075, 0.0125, 0.0175, 0.0225, 0.0275, 0.0325, 0.037500000000000006, 0.042499999999999996, 0.0475, 0.052500000000000005, 0.057499999999999996, 0.0625, 0.0675, 0.07250000000000001, 0.0775, 0.0825, 0.0875, 0.0925, 0.0975, 0.10250000000000001, 0.1075, 0.1125, 0.1175, 0.1225, 0.1275, 0.1325, 0.1375, 0.14250000000000002, 0.1475, 0.1525, 0.1575, 0.1625, 0.1675, 0.17250000000000001, 0.1775, 0.1825, 0.1875, 0.1925, 0.1975, 0.2025, 0.20750000000000002, 0.2125, 0.2175, 0.2225, 0.2275, 0.2325, 0.2375, 0.2425, 0.2475, 0.2525, 0.2575, 0.2625, 0.2675, 0.2725, 0.2775]}], "data": {"__dtype__": [["k", "<f8"], ["power_0", "<c8"], ["modes", "<i8"]], "__shape__": [56], "__data__": [[0.003817523842631226, {"__complex__": [-44179.9765625, 1.2426758840694552e-12]}, 101], [0.008104185728072168, {"__complex__": [-74894.734375, -5.799676602684378e-14]}, 690], [0.012885774741695688, {"__complex__": [-82755.9375, 4.729766586524485e-14]}, 1846], [0.017775768798426704, {"__complex__": [-92730.078125, 2.0289899046923437e-13]}, 3586], [0.02269681408491987, {"__complex__": [-76492.90625, -4.4683464692002114e-14]}, 5862], [0.027653815451018627, {"__complex__": [-76623.515625, -3.632200267010381e-14]}, 8814], [0.03262750124846443, {"__complex__": [-75140.9765625, -2.3734977877424082e-14]}, 12262], [0.03760923300033553, {"__complex__": [-73637.1640625, 1.7233701639891657e-15]}, 16360], [0.04261229141618642, {"__complex__": [-72057.75, 3.449301861489947e-16]}, 21094], [0.04760090194061081, {"__complex__": [-70246.2578125, 4.455236177945904e-15]}, 26130], [0.05257823606770795, {"__complex__": [-69205.6328125, 4.4665737986481976e-14]}, 31928], [0.057570999003941185, {"__complex__": [-66774.1015625, -6.809860292854297e-15]}, 38464], [0.06256939190272402, {"__complex__": [-65664.40625, 0.0]}, 45388], [0.06756215470766608, {"__complex__": [-65948.984375, 3.3065019533408836e-15]}, 52812], [0.07255210517654523, {"__complex__": [-64883.94140625, -2.1952188669822383e-14]}, 60986], [0.07754745910382939, {"__complex__": [-63494.6640625, -1.2679702055570612e-14]}, 69720], [0.0825458441165788, {"__complex__": [-63899.35546875, 9.483253822517058e-15]}, 79026], [0.0875483519621454, {"__complex__": [-61998.01953125, -6.535780336397066e-16]}, 89060], [0.092550799988676, {"__complex__": [-61554.24609375, 1.3475351443145624e-14]}, 99350], [0.09754697785152917, {"__complex__": [-61063.18359375, 3.4309351166990397e-15]}, 110276], [0.1025448122994841, {"__complex__": [-59803.80859375, 1.0430326654798012e-16]}, 122076], [0.10754318932648294, {"__complex__": [-60010.3046875, -9.77177865534029e-16]}, 134026], [0.11253649342940374, {"__complex__": [-59466.36328125, 2.8761861344878863e-15]}, 146724], [0.11753214843411564, {"__complex__": [-58450.953125, 7.082019178587156e-15]}, 160272], [0.12253362446104595, {"__complex__": [-58766.75, 9.59921940925975e-15]}, 174334], [0.12753702650296417, {"__complex__": [-59030.03125, 2.6191906208185376e-15]}, 188900], [0.13253531774376764, {"__complex__": [-58305.796875, 1.7871601093677686e-17]}, 203562], [0.1375264905872875, {"__complex__": [-58208.6875, 6.24671213193817e-15]}, 218976], [0.1425240197810562, {"__complex__": [-57826.71484375, -2.8363901972852743e-15]}, 236000], [0.1475270966507965, {"__complex__": [-58046.7734375, 3.4564299084388877e-16]}, 252606], [0.1525288765254936, {"__complex__": [-57871.6640625, -2.8017817016098845e-15]}, 270078], [0.1575286211060299, {"__complex__": [-57045.1875, 5.459356467466198e-15]}, 287874], [0.16252371843551955, {"__complex__": [-56824.68359375, -3.613917738470255e-15]}, 306024], [0.16752287667476873, {"__complex__": [-57218.1484375, -4.552913476324428e-15]}, 326010], [0.17252417673923864, {"__complex__": [-56289.5, 1.1800057281055837e-15]}, 345298], [0.17752396103887005, {"__complex__": [-56142.92578125, 7.319957086217993e-15]}, 365788], [0.18252572679605591, {"__complex__": [-56744.921875, -1.0909158615045604e-15]}, 386836], [0.187525636095709, {"__complex__": [-56440.2265625, -1.4805572641095246e-15]}, 407890], [0.19252208464404796, {"__complex__": [-56017.2421875, -2.26913286778378e-15]}, 429670], [0.19751877053580705, {"__complex__": [-56117.80078125, 2.523706290740455e-15]}, 452638], [0.20251890156371935, {"__complex__": [-56512.625, -3.5456542944598468e-15]}, 476082], [0.20751846751047878, {"__complex__": [-55803.32421875, -1.3109203346365705e-16]}, 499524], [0.2125185949096405, {"__complex__": [-55440.66796875, 1.6647566487094706e-15]}, 524470], [0.21752009244911436, {"__complex__": [-55606.06640625, 4.770633025141661e-16]}, 549056], [0.22252032053237908, {"__complex__": [-55276.265625, -7.976524616765915e-16]}, 574668], [0.22751931428928177, {"__complex__": [-55230.94140625, 1.4540524914591943e-16]}, 600470], [0.2325178800591254, {"__complex__": [-55461.1796875, 1.8557329321621614e-15]}, 627328], [0.23751771248224493, {"__complex__": [-55111.421875, 3.244980468074146e-15]}, 654728], [0.24251777081509976, {"__complex__": [-55172.4296875, -4.263872535738522e-17]}, 682568], [0.24751733342760626, {"__complex__": [-55065.19921875, 1.0491935596216554e-15]}, 710818], [0.25251809686940463, {"__complex__": [-55179.50390625, -8.648306447233301e-16]}, 740358], [0.2575164469740875, {"__complex__": [-55295.47265625, -8.990982625770093e-16]}, 768788], [0.26251535296876966, {"__complex__": [-55330.41796875, -1.2729807230774256e-15]}, 800196], [0.2675185150123081, {"__complex__": [-55129.52734375, 1.1380173519981223e-16]}, 831160], [0.2725186165787943, {"__complex__": [-55040.37109375, -4.561654644581856e-16]}, 861314], [0.2775106443366125, {"__complex__": [-55240.66796875, -1.5845335230003053e-15]}, 890821]]}, "attrs": {"poles": [0], "dk": 0.005, "kmin": 0.0, "kmax": null, "Nmesh": {"__dtype__": "<i8", "__shape__": [3], "__data__": [512, 512, 512]}, "BoxSize": {"__dtype__": "<f8", "__shape__": [3], "__data__": [2667.0, 5792.0, 2966.0]}, "BoxPad": {"__dtype__": "<f8", "__shape__": [3], "__data__": [0.1, 0.1, 0.1]}, "BoxCenter": {"__dtype__": "<f8", "__shape__": [3], "__data__": [2581.9204777329905, 45.83081464376414, 887.9354894636165]}, "mesh.resampler": "tsc", "mesh.interlaced": true, "alpha": 0.0529915913939476, "data.norm": -0.7980922719191113, "randoms.norm": -0.7977428197126251, "shotnoise": 68058.48968832793, "first.data.N": 126020, "first.data.W": 135663.453125, "first.data.W2": 121120.5851453996, "first.data.num_per_cell": 0.0009024186815723747, "first.randoms.N": 2435362, "first.randoms.W": 2560094.0, "first.randoms.W2": 2285802.067882979, "first.randoms.num_per_cell": 0.017030552535377285, "first.data.ext": 1, "first.randoms.ext": 1, "second.data.N": 126020, "second.data.W": 135663.453125, "second.data.W2": -56724.52734375, "second.data.num_per_cell": -0.0004226306627970189, "second.randoms.N": 2435362, "second.randoms.W": 2560094.0, "second.randoms.W2": -1070068.625, "second.randoms.num_per_cell": -0.00797263253480196, "second.data.ext": 1, "second.randoms.ext": 1}}, "attrs": {"poles": [0], "dk": 0.005, "kmin": 0.0, "kmax": null, "Nmesh": {"__dtype__": "<i8", "__shape__": [3], "__data__": [512, 512, 512]}, "BoxSize": {"__dtype__": "<f8", "__shape__": [3], "__data__": [2667.0, 5792.0, 2966.0]}, "BoxPad": {"__dtype__": "<f8", "__shape__": [3], "__data__": [0.1, 0.1, 0.1]}, "BoxCenter": {"__dtype__": "<f8", "__shape__": [3], "__data__": [2581.9204777329905, 45.83081464376414, 887.9354894636165]}, "mesh.resampler": "tsc", "mesh.interlaced": true,