{"poles": {"dims": ["k"], "edges": [{"__dtype__": "<f8", "__shape__": [57], "__data__": [0.0, 0.005, 0.01, 0.015, 0.02, 0.025, 0.03, 0.035, 0.04, 0.045, 0.05, 0.055, 0.06, 0.065, 0.07, 0.075, 0.08, 0.085, 0.09, 0.095, 0.1, 0.105, 0.11, 0.115, 0.12, 0.125, 0.13, 0.135, 0.14, 0.145, 0.15, 0.155, 0.16, 0.165, 0.17, 0.17500000000000002, 0.18, 0.185, 0.19, 0.195, 0.2, 0.20500000000000002, 0.21, 0.215, 0.22, 0.225, 0.23, 0.23500000000000001, 0.24, 0.245, 0.25, 0.255, 0.26, 0.265, 0.27, 0.275, 0.28]}], "coords": [{"__dtype__": "<f8", "__shape__": [56], "__data__": [0.0025, 0.0075, 0.0125, 0.0175, 0.0225, 0.0275, 0.0325, 0.037500000000000006, 0.042499999999999996, 0.0475, 0.052500000000000005, 0.057499999999999996, 0.0625, 0.0675, 0.07250000000000001, 0.0775, 0.0825, 0.0875, 0.0925, 0.0975, 0.10250000000000001, 0.1075, 0.1125, 0.1175, 0.1225, 0.1275, 0.1325, 0.1375, 0.14250000000000002, 0.1475, 0.1525, 0.1575, 0.1625, 0.1675, 0.17250000000000001, 0.1775, 0.1825, 0.1875, 0.1925, 0.1975, 0.2025, 0.20750000000000002, 0.2125, 0.2175, 0.2225, 0.2275, 0.2325, 0.2375, 0.2425, 0.2475, 0.2525, 0.2575, 0.2625, 0.2675, 0.2725, 0.2775]}], "data": {"__dtype__": [["k", "<f8"], ["power_0", "<c8"], ["modes", "<i8"]], "__shape__": [56], "__data__": [[0.0038201271815853314, {"__complex__": [69177.2890625, -5.763134652662927e-13]}, 101], [0.008110388201688546, {"__complex__": [103698.78125, 4.217946589332895e-14]}, 690], [0.012895534880110828, {"__complex__": [108795.7109375, -1.497759436006746e-13]}, 1846], [0.01778396803271552, {"__complex__": [124943.2578125, -6.507284538688832e-14]}, 3578], [0.022697542089617734, {"__complex__": [123077.9765625, 3.738930060606096e-15]}, 5838], [0.027643185258108393, {"__complex__": [118650.6015625, 3.154076934526462e-14]}, 8766], [0.0326239289270243, {"__complex__": [109311.078125, 8.883230251648805e-14]}, 12286], [0.037613669834779526, {"__complex__": [102227.015625, 4.3702122812499383e-14]}, 16316], [0.04260752171617993, {"__complex__": [101659.9765625, -3.883839864299299e-14]}, 20982], [0.04759747366642982, {"__complex__": [101792.1953125, 8.905020004810332e-15]}, 26146], [0.05257787518555717, {"__complex__": [100796.984375, -3.5451196049118925e-15]}, 31812], [0.05756413732301203, {"__complex__": [98957.9296875, 5.126588139192558e-15]}, 38320], [0.06255878129430098, {"__complex__": [97026.78125, -1.4148052304360781e-14]}, 45256], [0.06755780036448328, {"__complex__": [94974.0546875, -1.377083401635584e-15]}, 52836], [0.07255804479479215, {"__complex__": [96073.671875, 1.0805640812737525e-14]}, 60938], [0.077555186653768, {"__complex__": [95409.953125, 2.9292978531378095e-15]}, 69548], [0.08254838764602998, {"__complex__": [92609.765625, 1.2476555602731771e-14]}, 78728], [0.08754234884059081, {"__complex__": [91211.25, -6.72757781829212e-15]}, 88684], [0.0925423937012104, {"__complex__": [88101.9296875, -1.481775382190971e-14]}, 99188], [0.09754339424139155, {"__complex__": [89361.953125, -1.651404868361901e-15]}, 110148], [0.10254717030241793, {"__complex__": [88538.890625, -2.386498917625638e-16]}, 121952], [0.10754530347665345, {"__complex__": [87544.4921875, -3.485958376952679e-15]}, 133582], [0.11253813523285605, {"__complex__": [88255.671875, -1.3902850453932527e-15]}, 146536], [0.11753565413101479, {"__complex__": [87045.0859375, -9.101090423817149e-17]}, 159892], [0.12252950501210165, {"__complex__": [85851.4140625, -2.3490586849284588e-15]}, 173454], [0.1275274429472026, {"__complex__": [85906.03125, 8.027791180019363e-15]}, 188520], [0.1325285662769075, {"__complex__": [87124.8359375, -5.727803654824188e-15]}, 203246], [0.13752822691500913, {"__complex__": [86185.3125, -2.657107680125462e-16]}, 219064], [0.14252882999059044, {"__complex__": [84751.71875, -7.424951584590492e-16]}, 235184], [0.14752849752826178, {"__complex__": [85109.703125, 5.543366889240774e-15]}, 252010], [0.15252804224596575, {"__complex__": [84611.625, 7.403327151084445e-15]}, 269286], [0.15752671179643213, {"__complex__": [83345.8046875, -1.519570648747992e-15]}, 287290], [0.16252432385011908, {"__complex__": [83230.03125, -2.3808605898726807e-16]}, 305602], [0.16752290683791296, {"__complex__": [83830.9453125, 4.9711093124934005e-15]}, 324930], [0.17252388350272857, {"__complex__": [83163.96875, -3.544924575575787e-15]}, 344820], [0.17752338943771556, {"__complex__": [83552.4765625, 2.7337770261648625e-15]}, 364626], [0.18252422871194193, {"__complex__": [83605.75, -3.580038538162451e-15]}, 386150], [0.18752554672393892, {"__complex__": [82753.71875, -1.5729867698633347e-15]}, 407050], [0.1925228086241318, {"__complex__": [82908.3359375, 3.4784454064687702e-15]}, 428804], [0.19751966149799258, {"__complex__": [82615.640625, -2.900251399310565e-16]}, 451572], [0.20251998586557204, {"__complex__": [83055.8671875, -2.695309660140019e-15]}, 475110], [0.2075181818786692, {"__complex__": [82784.0703125, -2.4835711168424675e-15]}, 498038], [0.21251889423614828, {"__complex__": [82582.921875, 3.445318794934602e-15]}, 523736], [0.217520461424035, {"__complex__": [82168.2109375, 2.4455213380606203e-15]}, 547440], [0.22251871182132407, {"__complex__": [82147.09375, -1.4466940515486001e-15]}, 573348], [0.22751967234278966, {"__complex__": [82051.8125, -5.338923311322332e-16]}, 599638], [0.23251842341960502, {"__complex__": [82261.34375, -4.6532476258909135e-17]}, 625452], [0.23751821247701854, {"__complex__": [81973.4375, -1.1241451757835834e-15]}, 653716], [0.24251836572709223, {"__complex__": [81760.375, 1.9882878709350654e-15]}, 680650], [0.24751706789940414, {"__complex__": [81910.3984375, 4.1026673427994517e-16]}, 709388], [0.2525167981056559, {"__complex__": [81856.484375, -1.4883008393133234e-15]}, 738204], [0.2575158240081924, {"__complex__": [82033.171875, -8.339358591260583e-16]}, 767786], [0.26251495383821105, {"__complex__": [81895.1953125, 3.493268059529247e-15]}, 797732], [0.2675146782363256, {"__complex__": [81753.765625, -2.493215433979905e-15]}, 828798], [0.27251476058795354, {"__complex__": [81851.4453125, 3.58760000128259e-15]}, 859908], [0.27751165212991835, {"__complex__": [81505.28125, -1.3082386812651226e-16]}, 889863]]}, "attrs": {"poles": [0], "dk": 0.005, "kmin": 0.0, "kmax": null, "Nmesh": {"__dtype__": "<i8", "__shape__": [3], "__data__": [512, 512, 512]}, "BoxSize": {"__dtype__": "<f8", "__shape__": [3], "__data__": [2661.0, 5796.0, 2964.0]}, "BoxPad": {"__dtype__": "<f8", "__shape__": [3], "__data__": [0.1, 0.1, 0.1]}, "BoxCenter": {"__dtype__": "<f8", "__shape__": [3], "__data__": [2585.153375409162, 45.81567611506216, 890.0788476700943]}, "mesh.resampler": "tsc", "mesh.interlaced": true, "alpha": 0.05299895629286766, "data.norm": 1.0042016108408998, "randoms.norm": 1.0041549980529088, "shotnoise": 80620.85036890522, "first.data.N": 126145, "first.data.W": 135702.234375, "first.data.W2": 121222.93714461986, "first.data.num_per_cell": 0.0009031812633918216, "first.randoms.N": 2436656, "first.randoms.W": 2560470.0, "first.randoms.W2": 2287295.5259280526, "first.randoms.num_per_cell": 0.01704167966491023, "first.data.ext": 1, "first.randoms.ext": 1, "second.data.N": 126145, "second.data.W": 135702.234375, "second.data.W2": 72657.09375, "second.data.num_per_cell": 0.0005413375329226255, "second.randoms.N": 2436656, "second.randoms.W": 2560470.0, "second.randoms.W2": 1370995.5, "second.randoms.num_per_cell": 0.010214712470769882, "second.data.ext": 1, "second.randoms.ext": 1}}, "attrs": {"poles": [0], "dk": 0.005, "kmin": 0.0, "kmax": null, "Nmesh": {"__dtype__": "<i8", "__shape__": [3], "__data__": [512, 512, 512]}, "BoxSize": {"__dtype__": "<f8", "__shape__": [3], "__data__": [2661.0, 5796.0, 2964.0]}, "BoxPad": {"__dtype__": "<f8", "__shape__": [3], "__data__": [0.1, 0.1, 0.1]}, "BoxCenter": {"__dtype__": "<f8", "__shape__": [3], "__data__": [2585.153375409162, 45.81567611506216, 890.0788476700943]}, "mesh.resampler": "tsc", "mesh.interlaced": true, "alpha": 0.05299895629286766, "data.norm": 1.0042016108408998,