{"poles": {"dims": ["k"], "edges": [{"__dtype__": "<f8", "__shape__": [57], "__data__": [0.0, 0.005, 0.01, 0.015, 0.02, 0.025, 0.03, 0.035, 0.04, 0.045, 0.05, 0.055, 0.06, 0.065, 0.07, 0.075, 0.08, 0.085, 0.09, 0.095, 0.1, 0.105, 0.11, 0.115, 0.12, 0.125, 0.13, 0.135, 0.14, 0.145, 0.15, 0.155, 0.16, 0.165, 0.17, 0.17500000000000002, 0.18, 0.185, 0.19, 0.195, 0.2, 0.20500000000000002, 0.21, 0.215, 0.22, 0.225, 0.23, 0.23500000000000001, 0.24, 0.245, 0.25, 0.255, 0.26, 0.265, 0.27, 0.275, 0.28]}], "coords": [{"__dtype__": "<f8", "__shape__": [56], "__data__": [0.0025, 0.0075, 0.0125, 0.0175, 0.0225, 0.0275, 0.0325, 0.037500000000000006, 0.042499999999999996, 0.0475, 0.052500000000000005, 0.057499999999999996, 0.0625, 0.0675, 0.07250000000000001, 0.0775, 0.0825, 0.0875, 0.0925, 0.0975, 0.10250000000000001, 0.1075, 0.1125, 0.1175, 0.1225, 0.1275, 0.1325, 0.1375, 0.14250000000000002, 0.1475, 0.1525, 0.1575, 0.1625, 0.1675, 0.17250000000000001, 0.1775, 0.1825, 0.1875, 0.1925, 0.1975, 0.2025, 0.20750000000000002, 0.2125, 0.2175, 0.2225, 0.2275, 0.2325, 0.2375, 0.2425, 0.2475, 0.2525, 0.2575, 0.2625, 0.2675, 0.2725, 0.2775]}], "data": {"__dtype__": [["k", "<f8"], ["power_0", "<c8"], ["modes", "<i8"]], "__shape__": [56], "__data__": [[0.0038205863773346743, {"__complex__": [85974.8046875, -1.2967053646117943e-12]}, 101], [0.008111185536264947, {"__complex__": [100846.8125, -2.952562510889073e-13]}, 690], [0.012887688490835984, {"__complex__": [107559.71875, -9.896568970140657e-14]}, 1838], [0.017779631652243, {"__complex__": [120418.9375, 7.30436354847222e-14]}, 3586], [0.022698304551203998, {"__complex__": [111971.4453125, 4.3650755346446093e-14]}, 5834], [0.027640676469930105, {"__complex__": [110127.140625, 3.3246322700603882e-15]}, 8754], [0.03262234551473531, {"__complex__": [103663.4375, -1.1836599341191571e-14]}, 12294], [0.03761398425580596, {"__complex__": [103894.0859375, 0.0]}, 16308], [0.042605021599317026, {"__complex__": [103160.84375, -2.291749621563359e-14]}, 20954], [0.047597657405159574, {"__complex__": [100105.609375, 3.778852163366202e-14]}, 26186], [0.052581579055545016, {"__complex__": [96456.7578125, -1.0125837580259641e-14]}, 31796], [0.0575670413567909, {"__complex__": [96017.453125, 1.0065403473538941e-14]}, 38312], [0.06256309587682715, {"__complex__": [94427.3671875, 2.5714641258890204e-15]}, 45272], [0.0675608133791325, {"__complex__": [92214.9453125, 5.790764460826547e-15]}, 52772], [0.07255890958953709, {"__complex__": [91991.3125, 1.4091898255122557e-14]}, 60926], [0.07755432814377121, {"__complex__": [90870.984375, 7.331256505734365e-15]}, 69472], [0.08254636166849996, {"__complex__": [90332.53125, -8.503622102534834e-15]}, 78718], [0.08754252859883484, {"__complex__": [89153.0078125, 4.921064488387248e-16]}, 88712], [0.09254316946620572, {"__complex__": [88955.8515625, -5.7252858493884746e-15]}, 99126], [0.09754306423040737, {"__complex__": [87879.4453125, -2.643399775363131e-16]}, 110100], [0.10254611945020015, {"__complex__": [86426.0625, -5.969379992479956e-16]}, 121888], [0.10754544004134114, {"__complex__": [85259.890625, -2.0963313702803245e-15]}, 133626], [0.11253811853040903, {"__complex__": [85053.953125, 4.224659833659654e-15]}, 146392], [0.1175362182072912, {"__complex__": [85805.8515625, 5.912454613864139e-16]}, 159980], [0.12253172448276091, {"__complex__": [84983.2109375, -3.9867570778961275e-15]}, 173378], [0.12752934646978553, {"__complex__": [84551.984375, 2.9822346594841247e-15]}, 188472], [0.13252828002262979, {"__complex__": [83945.75, -2.3117506952501695e-15]}, 203006], [0.13752710650766037, {"__complex__": [84068.2890625, -2.3412340063199604e-15]}, 219096], [0.14252884384427203, {"__complex__": [83984.78125, -6.808521769039399e-16]}, 235104], [0.14752889685288248, {"__complex__": [82592.203125, -1.4437683997487838e-15]}, 251978], [0.15252798472288295, {"__complex__": [83262.9453125, -4.866752735809303e-16]}, 269106], [0.15752642052129062, {"__complex__": [82078.890625, 3.0393106511458756e-16]}, 287274], [0.1625258237775312, {"__complex__": [81748.0859375, 5.082538614287072e-15]}, 305638], [0.167523092839089, {"__complex__": [81608.484375, -3.923424847946397e-17]}, 324536], [0.1725214637201373, {"__complex__": [81625.3515625, 2.2799776423657134e-15]}, 344654], [0.17752308987922372, {"__complex__": [81298.078125, -6.1420679875684794e-15]}, 364860], [0.1825251098172062, {"__complex__": [81585.7890625, -2.262752962685501e-16]}, 385864], [0.18752610166860814, {"__complex__": [81155.0390625, 2.1540041495929753e-15]}, 407034], [0.19252534528578466, {"__complex__": [80768.453125, -5.7762657978683955e-15]}, 428904], [0.1975223505602638, {"__complex__": [81039.3984375, 7.094782906311094e-16]}, 451236], [0.20252016514215512, {"__complex__": [80669.265625, -2.758924216758981e-16]}, 474704], [0.2075153757654162, {"__complex__": [80940.875, 2.9174139808878317e-15]}, 497548], [0.21251634987146628, {"__complex__": [80825.171875, 2.055308082337141e-15]}, 523932], [0.21752064739287477, {"__complex__": [80394.5859375, 2.9768953873011072e-15]}, 547488], [0.22252012423821826, {"__complex__": [80511.34375, 1.2121773099917229e-15]}, 573228], [0.22751934455764974, {"__complex__": [80287.0703125, -1.5639945622161647e-15]}, 598966], [0.23251639261987572, {"__complex__": [79885.296875, 2.287801050424791e-15]}, 625332], [0.23751735982103325, {"__complex__": [80189.328125, -5.78774912941344e-16]}, 653708], [0.24251935155113657, {"__complex__": [80149.3125, -1.7368497404326522e-15]}, 680740], [0.24751705681029262, {"__complex__": [79645.7578125, -2.592769333853071e-15]}, 708578], [0.2525159278377951, {"__complex__": [79712.7109375, -2.116358829043442e-15]}, 738302], [0.25751730633809317, {"__complex__": [79767.40625, -7.295361367012096e-16]}, 767952], [0.26251623669950813, {"__complex__": [80087.984375, -7.029610603162572e-16]}, 796984], [0.2675143410962353, {"__complex__": [79952.1171875, -1.426971736404731e-15]}, 828568], [0.2725148097758809, {"__complex__": [80065.3671875, -2.3908735781004106e-16]}, 859710], [0.2775119103847035, {"__complex__": [80206.7734375, 8.463867669946637e-16]}, 889737]]}, "attrs": {"poles": [0], "dk": 0.005, "kmin": 0.0, "kmax": null, "Nmesh": {"__dtype__": "<i8", "__shape__": [3], "__data__": [512, 512, 512]}, "BoxSize": {"__dtype__": "<f8", "__shape__": [3], "__data__": [2662.0, 5792.0, 2964.0]}, "BoxPad": {"__dtype__": "<f8", "__shape__": [3], "__data__": [0.1, 0.1, 0.1]}, "BoxCenter": {"__dtype__": "<f8", "__shape__": [3], "__data__": [2584.202192842734, 39.77745969006355, 889.0767745426208]}, "mesh.resampler": "tsc", "mesh.interlaced": true, "alpha": 0.05265939608216286, "data.norm": 1.756082852723572, "randoms.norm": 1.756244300617203, "shotnoise": 78873.54807951965, "first.data.N": 125393, "first.data.W": 135072.90625, "first.data.W2": 120761.83814839523, "first.data.num_per_cell": 0.0008997458081572892, "first.randoms.N": 2435774, "first.randoms.W": 2565029.5, "first.randoms.W2": 2293331.0724029583, "first.randoms.num_per_cell": 0.017086647990367996, "first.data.ext": 1, "first.randoms.ext": 1, "second.data.N": 125393, "second.data.W": 135072.90625, "second.data.W2": 127331.3515625, "second.data.num_per_cell": 0.0009486924973316491, "second.randoms.N": 2435774, "second.randoms.W": 2565029.5, "second.randoms.W2": 2418279.25, "second.randoms.num_per_cell": 0.018017584457993507, "second.data.ext": 1, "second.randoms.ext": 1}}, "attrs": {"poles": [0], "dk": 0.005, "kmin": 0.0, "kmax": null, "Nmesh": {"__dtype__": "<i8", "__shape__": [3], "__data__": [512, 512, 512]}, "BoxSize": {"__dtype__": "<f8", "__shape__": [3], "__data__": [2662.0, 5792.0, 2964.0]}, "BoxPad": {"__dtype__": "<f8", "__shape__": [3], "__data__": [0.1, 0.1, 0.1]}, "BoxCenter": {"__dtype__": "<f8", "__shape__": [3], "__data__": [2584.202192842734, 39.77745969006355, 889.0767745426208]}, "mesh.resampler": "tsc", "mesh.interlaced": true, "alpha": 0.05265939608216286, "data.norm": 1.756082852723572, "randoms.norm": 1.756244300617203,