{"poles": {"dims": ["k"], "edges": [{"__dtype__": "<f8", "__shape__": [56], "__data__": [0.0, 0.005, 0.01, 0.015, 0.02, 0.025, 0.03, 0.035, 0.04, 0.045, 0.05, 0.055, 0.06, 0.065, 0.07, 0.075, 0.08, 0.085, 0.09, 0.095, 0.1, 0.105, 0.11, 0.115, 0.12, 0.125, 0.13, 0.135, 0.14, 0.145, 0.15, 0.155, 0.16, 0.165, 0.17, 0.17500000000000002, 0.18, 0.185, 0.19, 0.195, 0.2, 0.20500000000000002, 0.21, 0.215, 0.22, 0.225, 0.23, 0.23500000000000001, 0.24, 0.245, 0.25, 0.255, 0.26, 0.265, 0.27, 0.275]}], "coords": [{"__dtype__": "<f8", "__shape__": [55], "__data__": [0.0025, 0.0075, 0.0125, 0.0175, 0.0225, 0.0275, 0.0325, 0.037500000000000006, 0.042499999999999996, 0.0475, 0.052500000000000005, 0.057499999999999996, 0.0625, 0.0675, 0.07250000000000001, 0.0775, 0.0825, 0.0875, 0.0925, 0.0975, 0.10250000000000001, 0.1075, 0.1125, 0.1175, 0.1225, 0.1275, 0.1325, 0.1375, 0.14250000000000002, 0.1475, 0.1525, 0.1575, 0.1625, 0.1675, 0.17250000000000001, 0.1775, 0.1825, 0.1875, 0.1925, 0.1975, 0.2025, 0.20750000000000002, 0.2125, 0.2175, 0.2225, 0.2275, 0.2325, 0.2375, 0.2425, 0.2475, 0.2525, 0.2575, 0.2625, 0.2675, 0.2725]}], "data": {"__dtype__": [["k", "<f8"], ["power_0", "<c8"], ["modes", "<i8"]], "__shape__": [55], "__data__": [[0.003813280697512801, {"__complex__": [124048.484375, -1.5848620159297777e-12]}, 101], [0.008096180610261022, {"__complex__": [119702.609375, -2.425319331218062e-13]}, 690], [0.012877595716455921, {"__complex__": [103019.109375, -5.5061302197366435e-14]}, 1850], [0.017765806363738586, {"__complex__": [108484.375, 6.89087933307235e-14]}, 3590], [0.022684060211115322, {"__complex__": [113992.265625, -1.983225324415916e-14]}, 5870], [0.027647887834410207, {"__complex__": [113049.515625, -6.896642545245468e-14]}, 8862], [0.032635209959954094, {"__complex__": [101556.234375, 2.712709072129338e-14]}, 12338], [0.03761812001205807, {"__complex__": [104244.359375, 8.435635850056415e-15]}, 16388], [0.042616397129445885, {"__complex__": [101164.875, -6.1899630420545e-15]}, 21158], [0.04759420254644564, {"__complex__": [98691.984375, 8.365092405110235e-15]}, 26094], [0.052574193298214174, {"__complex__": [96396.484375, -1.9453222940921805e-14]}, 32166], [0.0575749848519539, {"__complex__": [94961.59375, -1.5003337046587233e-14]}, 38554], [0.06256907483254487, {"__complex__": [92828.140625, 1.7597962864902448e-15]}, 45480], [0.06756536330655964, {"__complex__": [92762.015625, -8.222040292901126e-16]}, 53096], [0.07255613163038091, {"__complex__": [92500.203125, 7.744182526421995e-15]}, 61070], [0.07754748099192946, {"__complex__": [91310.0, 3.693326653758872e-15]}, 69936], [0.08254248506659811, {"__complex__": [90472.9609375, -3.033717533776478e-15]}, 79146], [0.08754224402674358, {"__complex__": [89120.8359375, -2.2902775630043257e-15]}, 89350], [0.09254521504783116, {"__complex__": [88722.5078125, 1.6799211854432827e-15]}, 99616], [0.09754339955896683, {"__complex__": [87114.21875, 2.858806288959649e-15]}, 110712], [0.1025425649694787, {"__complex__": [86310.6015625, 2.7940552788232676e-15]}, 122392], [0.10753982232577086, {"__complex__": [84185.0, -5.414142285493127e-17]}, 134388], [0.11253509983899283, {"__complex__": [85824.109375, -8.098333777932596e-15]}, 147346], [0.11753508673451203, {"__complex__": [84810.3125, 5.654514552579483e-16]}, 160844], [0.12253604465339361, {"__complex__": [84588.5078125, 2.415186547120602e-15]}, 174730], [0.1275336003936702, {"__complex__": [83650.640625, 2.9997288544602414e-15]}, 189192], [0.13253145741938788, {"__complex__": [83806.6015625, 5.1041210137831115e-15]}, 204382], [0.13753027242509522, {"__complex__": [83039.609375, 2.0497144885117105e-15]}, 220084], [0.14253081799021106, {"__complex__": [83313.828125, -2.952106121066763e-15]}, 236608], [0.14752972989085691, {"__complex__": [82961.9765625, 1.322598219061688e-15]}, 253058], [0.15253039454942488, {"__complex__": [82456.6171875, 1.663677105218195e-15]}, 271152], [0.15753158693251687, {"__complex__": [82063.5234375, -6.81415189116068e-16]}, 288632], [0.16252395643464593, {"__complex__": [81172.109375, 4.744642877946347e-16]}, 306702], [0.16751981716242345, {"__complex__": [81357.8125, 6.543767857089674e-15]}, 326896], [0.1725235378473814, {"__complex__": [81205.578125, 6.715429142367007e-16]}, 346710], [0.17752425018150825, {"__complex__": [81518.8984375, -2.202622781974188e-15]}, 366668], [0.18252297780169763, {"__complex__": [80981.4921875, 5.253669974576779e-16]}, 387780], [0.18752242339481884, {"__complex__": [80344.6796875, -1.5291676379195016e-15]}, 409198], [0.19252145336134383, {"__complex__": [80962.2734375, 5.73539614052602e-16]}, 431326], [0.19752092141967434, {"__complex__": [80843.8984375, -1.662110200144893e-15]}, 454170], [0.20251994187257913, {"__complex__": [80325.1484375, -3.3546763698808206e-16]}, 477158], [0.207519305731377, {"__complex__": [79825.984375, -2.4959805730362166e-15]}, 501392], [0.21251914405919425, {"__complex__": [80239.765625, -2.1871921710158197e-15]}, 525606], [0.21751827520327124, {"__complex__": [80579.390625, 5.2857238188832494e-17]}, 550612], [0.22252073524625812, {"__complex__": [80260.5234375, 2.647838545644099e-15]}, 577056], [0.22752126616945262, {"__complex__": [80040.1953125, -2.084825883529753e-16]}, 602018], [0.2325194004119331, {"__complex__": [79577.203125, -8.554863360678983e-16]}, 629374], [0.23751796765583466, {"__complex__": [80208.2421875, 2.461142531432121e-15]}, 656306], [0.24251505936098636, {"__complex__": [80025.3984375, -5.264464350698351e-16]}, 684134], [0.2475141509784251, {"__complex__": [79591.0859375, -2.448141210966478e-16]}, 713288], [0.2525152264404358, {"__complex__": [79474.4375, 1.0339092736049251e-15]}, 742438], [0.2575153288299068, {"__complex__": [79658.1328125, -1.4862449844712188e-15]}, 771658], [0.2625156071116976, {"__complex__": [79271.3671875, -5.89269704097384e-16]}, 802582], [0.26751592797053986, {"__complex__": [79206.984375, -1.0135130378723968e-15]}, 832758], [0.27251597342058015, {"__complex__": [79341.453125, 4.291468604462271e-16]}, 864678]]}, "attrs": {"poles": [0], "dk": 0.005, "kmin": 0.0, "kmax": null, "Nmesh": {"__dtype__": "<i8", "__shape__": [3], "__data__": [512, 512, 512]}, "BoxSize": {"__dtype__": "<f8", "__shape__": [3], "__data__": [2666.0, 5798.0, 2973.0]}, "BoxPad": {"__dtype__": "<f8", "__shape__": [3], "__data__": [0.1, 0.1, 0.1]}, "BoxCenter": {"__dtype__": "<f8", "__shape__": [3], "__data__": [2581.7891469011884, 46.2163784078557, 891.0867662982583]}, "mesh.resampler": "tsc", "mesh.interlaced": true, "alpha": 0.052732013165950775, "data.norm": 1.770235144354996, "randoms.norm": 1.7705501853598353, "shotnoise": 78436.84050694093, "first.data.N": 126195, "first.data.W": 135868.984375, "first.data.W2": 121302.46305989385, "first.data.num_per_cell": 0.0009037737776331146, "first.randoms.N": 2447692, "first.randoms.W": 2576594.0, "first.randoms.W2": 2300421.587623529, "first.randoms.num_per_cell": 0.017139476445492574, "first.data.ext": 1, "first.randoms.ext": 1, "second.data.N": 126195, "second.data.W": 135868.984375, "second.data.W2": 127905.1484375, "second.data.num_per_cell": 0.0009529676171950996, "second.randoms.N": 2447692, "second.randoms.W": 2576594.0, "second.randoms.W2": 2426012.25, "second.randoms.num_per_cell": 0.01807519979774952, "second.data.ext": 1, "second.randoms.ext": 1}}, "attrs": {"poles": [0], "dk": 0.005, "kmin": 0.0, "kmax": null, "Nmesh": {"__dtype__": "<i8", "__shape__": [3], "__data__": [512, 512, 512]}, "BoxSize": {"__dtype__": "<f8", "__shape__": [3], "__data__": [2666.0, 5798.0, 2973.0]}, "BoxPad": {"__dtype__": "<f8", "__shape__": [3], "__data__": [0.1, 0.1, 0.1]}, "BoxCenter": {"__dtype__": "<f8", "__shape__": [3], "__data__": [2581.7891469011884, 46.2163784078557, 891.0867662982583]}, "mesh.resampler": "tsc", "mesh.interlaced": true, "alpha": 0.052732013165950775, "data.norm": 1.770235144354996, "randoms.norm": 1.7705501853598353, "shotnoise": 78436.84050694093, "first.data.N": 126195, "first.data.W": 135868.984375,