{"poles": {"dims": ["k"], "edges": [{"__dtype__": "<f8", "__shape__": [57], "__data__": [0.0, 0.005, 0.01, 0.015, 0.02, 0.025, 0.03, 0.035, 0.04, 0.045, 0.05, 0.055, 0.06, 0.065, 0.07, 0.075, 0.08, 0.085, 0.09, 0.095, 0.1, 0.105, 0.11, 0.115, 0.12, 0.125, 0.13, 0.135, 0.14, 0.145, 0.15, 0.155, 0.16, 0.165, 0.17, 0.17500000000000002, 0.18, 0.185, 0.19, 0.195, 0.2, 0.20500000000000002, 0.21, 0.215, 0.22, 0.225, 0.23, 0.23500000000000001, 0.24, 0.245, 0.25, 0.255, 0.26, 0.265, 0.27, 0.275, 0.28]}], "coords": [{"__dtype__": "<f8", "__shape__": [56], "__data__": [0.0025, 0.0075, 0.0125, 0.0175, 0.0225, 0.0275, 0.0325, 0.037500000000000006, 0.042499999999999996, 0.0475, 0.052500000000000005, 0.057499999999999996, 0.0625, 0.0675, 0.07250000000000001, 0.0775, 0.0825, 0.0875, 0.0925, 0.0975, 0.10250000000000001, 0.1075, 0.1125, 0.1175, 0.1225, 0.1275, 0.1325, 0.1375, 0.14250000000000002, 0.1475, 0.1525, 0.1575, 0.1625, 0.1675, 0.17250000000000001, 0.1775, 0.1825, 0.1875, 0.1925, 0.1975, 0.2025, 0.20750000000000002, 0.2125, 0.2175, 0.2225, 0.2275, 0.2325, 0.2375, 0.2425, 0.2475, 0.2525, 0.2575, 0.2625, 0.2675, 0.2725, 0.2775]}], "data": {"__dtype__": [["k", "<f8"], ["power_0", "<c8"], ["modes", "<i8"]], "__shape__": [56], "__data__": [[0.003820143132514425, {"__complex__": [88784.2578125, -1.8550089849606044e-12]}, 101], [0.008111303202744082, {"__complex__": [94638.8125, 1.5817299455888473e-13]}, 690], [0.01288785612882205, {"__complex__": [116885.421875, -8.708980666618724e-14]}, 1838], [0.017779362936265506, {"__complex__": [116439.8515625, 5.88407089979065e-14]}, 3586], [0.022698212133849694, {"__complex__": [123272.71875, -9.041942541920811e-14]}, 5834], [0.027638406850430224, {"__complex__": [111850.5859375, 6.655346575495241e-14]}, 8746], [0.032618039756090296, {"__complex__": [109341.2890625, 5.6242147441001866e-14]}, 12290], [0.03760892433258079, {"__complex__": [104392.234375, 4.9547930862370304e-14]}, 16300], [0.04260808184271366, {"__complex__": [105746.046875, 1.661019581697832e-14]}, 21026], [0.0475996445627281, {"__complex__": [100628.875, -4.4600155613507865e-15]}, 26102], [0.052575862752175316, {"__complex__": [97241.6171875, -3.891131293315853e-15]}, 31788], [0.057561375972256835, {"__complex__": [99402.1796875, 2.8866818467922564e-14]}, 38312], [0.06255603303228495, {"__complex__": [99264.3359375, 7.721214381024247e-15]}, 45232], [0.06755781026224011, {"__complex__": [97258.46875, -1.6512499672116719e-15]}, 52876], [0.07255988216052815, {"__complex__": [95314.171875, 7.943185294082868e-15]}, 60914], [0.0775544778038697, {"__complex__": [93925.5078125, 7.960566410160526e-15]}, 69464], [0.08254842084491688, {"__complex__": [92781.7265625, -4.432505201773388e-15]}, 78792], [0.08754444522816754, {"__complex__": [91518.9375, -1.969980100813111e-15]}, 88642], [0.0925411202319038, {"__complex__": [89889.2734375, -6.1704232625107644e-15]}, 99050], [0.09754273887107055, {"__complex__": [89425.75, 7.127856790044296e-15]}, 110244], [0.10254632970531491, {"__complex__": [88171.703125, 1.3145145601295666e-15]}, 121772], [0.10753995237696418, {"__complex__": [88261.328125, -7.851870907204118e-15]}, 133438], [0.11253701875265262, {"__complex__": [88434.0859375, -6.441707163209109e-15]}, 146836], [0.1175382061901437, {"__complex__": [87175.9609375, 6.377783280745722e-16]}, 159716], [0.12253188186207364, {"__complex__": [87159.9296875, -4.444331475782952e-15]}, 173536], [0.12752743158268318, {"__complex__": [85573.28125, -3.63442186502444e-15]}, 188184], [0.132528645378837, {"__complex__": [86376.375, 6.0619865281197425e-15]}, 203444], [0.13752831771102408, {"__complex__": [85115.4375, 5.022994739193936e-15]}, 218728], [0.1425286412619548, {"__complex__": [85379.4609375, -4.713849312786272e-15]}, 235388], [0.1475295229878326, {"__complex__": [85271.46875, -1.1559689447657564e-15]}, 251770], [0.15252868463143812, {"__complex__": [84881.453125, 2.052989753160506e-15]}, 269350], [0.15752754508606878, {"__complex__": [84289.453125, 4.713884888170056e-15]}, 287094], [0.16252421617522275, {"__complex__": [83931.9453125, 3.525011678018786e-15]}, 305486], [0.1675250504754162, {"__complex__": [84268.8671875, 1.7676710459217496e-15]}, 325174], [0.1725238452925507, {"__complex__": [84005.3359375, 6.132304238785479e-15]}, 344084], [0.17752072175306394, {"__complex__": [83956.90625, -2.7927216254478157e-16]}, 364746], [0.18252271017705027, {"__complex__": [83402.2578125, -2.940588167049999e-15]}, 385994], [0.18752475831629412, {"__complex__": [83204.59375, -2.4308839734573555e-15]}, 407066], [0.19252313490046877, {"__complex__": [83899.625, -4.344767411514419e-15]}, 428710], [0.19752319299487475, {"__complex__": [83321.875, 8.370459523501393e-16]}, 452006], [0.20252289937722442, {"__complex__": [83028.5234375, 4.908828568068568e-16]}, 474310], [0.2075194150388018, {"__complex__": [82635.9140625, -7.155482875498113e-16]}, 498250], [0.21251911773348237, {"__complex__": [83366.5078125, 1.5928407986305019e-15]}, 523026], [0.21751672844603648, {"__complex__": [82772.203125, 1.4899771175159397e-15]}, 546926], [0.22251504094146166, {"__complex__": [83138.3515625, 9.134020020781742e-16]}, 573536], [0.22751813688446787, {"__complex__": [82439.28125, 5.824979403818819e-16]}, 599566], [0.2325180537520899, {"__complex__": [82614.40625, 4.886269433705226e-16]}, 625406], [0.23751769743727, {"__complex__": [82430.7578125, -7.794897459468544e-16]}, 653398], [0.24251826498467732, {"__complex__": [82536.328125, 2.565479891056228e-16]}, 680664], [0.24751761070494321, {"__complex__": [82126.21875, 6.566674804356983e-16]}, 709128], [0.2525158353699454, {"__complex__": [82442.0078125, -8.482872971700656e-16]}, 737642], [0.2575124675881273, {"__complex__": [82327.796875, 7.587817094455079e-17]}, 767120], [0.2625136231890311, {"__complex__": [81924.1015625, 1.8862426354057877e-15]}, 798478], [0.26751722902846614, {"__complex__": [81816.1015625, 2.633252426534143e-15]}, 828932], [0.2725171509445611, {"__complex__": [82060.9375, -3.3196714098465566e-15]}, 859174], [0.2775125865067601, {"__complex__": [82520.2421875, 1.0303908046211492e-15]}, 889731]]}, "attrs": {"poles": [0], "dk": 0.005, "kmin": 0.0, "kmax": null, "Nmesh": {"__dtype__": "<i8", "__shape__": [3], "__data__": [512, 512, 512]}, "BoxSize": {"__dtype__": "<f8", "__shape__": [3], "__data__": [2658.0, 5793.0, 2968.0]}, "BoxPad": {"__dtype__": "<f8", "__shape__": [3], "__data__": [0.1, 0.1, 0.1]}, "BoxCenter": {"__dtype__": "<f8", "__shape__": [3], "__data__": [2585.894629823865, 46.15173681367992, 891.9914143009187]}, "mesh.resampler": "tsc", "mesh.interlaced": true, "alpha": 0.05291058123111725, "data.norm": 0.9989799794011206, "randoms.norm": 0.9991611427037486, "shotnoise": 81102.33320413003, "first.data.N": 125827, "first.data.W": 135517.765625, "first.data.W2": 121103.58179397736, "first.data.num_per_cell": 0.0009022919967321854, "first.randoms.N": 2430202, "first.randoms.W": 2561260.25, "first.randoms.W2": 2288866.7353919563, "first.randoms.num_per_cell": 0.017053386087655695, "first.data.ext": 1, "first.randoms.ext": 1, "second.data.N": 125827, "second.data.W": 135517.765625, "second.data.W2": 72494.7109375, "second.data.num_per_cell": 0.0005401276866905391, "second.randoms.N": 2430202, "second.randoms.W": 2561260.25, "second.randoms.W2": 1370322.0, "second.randoms.num_per_cell": 0.010209694504737854, "second.data.ext": 1, "second.randoms.ext": 1}}, "attrs": {"poles": [0], "dk": 0.005, "kmin": 0.0, "kmax": null, "Nmesh": {"__dtype__": "<i8", "__shape__": [3], "__data__": [512, 512, 512]}, "BoxSize": {"__dtype__": "<f8", "__shape__": [3], "__data__": [2658.0, 5793.0, 2968.0]}, "BoxPad": {"__dtype__": "<f8", "__shape__": [3], "__data__": [0.1, 0.1, 0.1]}, "BoxCenter": {"__dtype__": "<f8", "__shape__": [3], "__data__": [2585.894629823865, 46.15173681367992, 891.9914143009187]}, "mesh.resampler": "tsc", "mesh.interlaced": true, "alpha": 0.05291058123111725, "data.norm": 0.9989799794011206, "randoms.norm": 0.9991611427037486,