{"poles": {"dims": ["k"], "edges": [{"__dtype__": "<f8", "__shape__": [46], "__data__": [0.0, 0.005, 0.01, 0.015, 0.02, 0.025, 0.03, 0.035, 0.04, 0.045, 0.05, 0.055, 0.06, 0.065, 0.07, 0.075, 0.08, 0.085, 0.09, 0.095, 0.1, 0.105, 0.11, 0.115, 0.12, 0.125, 0.13, 0.135, 0.14, 0.145, 0.15, 0.155, 0.16, 0.165, 0.17, 0.17500000000000002, 0.18, 0.185, 0.19, 0.195, 0.2, 0.20500000000000002, 0.21, 0.215, 0.22, 0.225]}], "coords": [{"__dtype__": "<f8", "__shape__": [45], "__data__": [0.0025, 0.0075, 0.0125, 0.0175, 0.0225, 0.0275, 0.0325, 0.037500000000000006, 0.042499999999999996, 0.0475, 0.052500000000000005, 0.057499999999999996, 0.0625, 0.0675, 0.07250000000000001, 0.0775, 0.0825, 0.0875, 0.0925, 0.0975, 0.10250000000000001, 0.1075, 0.1125, 0.1175, 0.1225, 0.1275, 0.1325, 0.1375, 0.14250000000000002, 0.1475, 0.1525, 0.1575, 0.1625, 0.1675, 0.17250000000000001, 0.1775, 0.1825, 0.1875, 0.1925, 0.1975, 0.2025, 0.20750000000000002, 0.2125, 0.2175, 0.2225]}], "data": {"__dtype__": [["k", "<f8"], ["power_0", "<c8"], ["modes", "<i8"]], "__shape__": [45], "__data__": [[0.00381390647238449, {"__complex__": [85521.5390625, -1.3941955229190839e-12]}, 167], [0.008063311531317702, {"__complex__": [115485.84375, -4.5391294889451927e-13]}, 1090], [0.01282005909876306, {"__complex__": [124684.1171875, -7.834139966519243e-14]}, 2972], [0.01772277954832951, {"__complex__": [110122.6796875, 1.0011637379585617e-13]}, 5814], [0.02266872591889269, {"__complex__": [117456.3828125, -6.096319738087275e-15]}, 9548], [0.027645919476335868, {"__complex__": [110467.78125, -4.7568509732327097e-14]}, 14378], [0.032635678982440755, {"__complex__": [106407.9140625, -8.744265856915675e-15]}, 19970], [0.037619789261897046, {"__complex__": [100305.9453125, -4.436559355568831e-14]}, 26568], [0.04260293806052465, {"__complex__": [94369.640625, -9.821411397917604e-15]}, 34078], [0.04758780255705242, {"__complex__": [92016.59375, -2.0538081987457905e-15]}, 42512], [0.05257325025525005, {"__complex__": [93925.84375, 2.79898352826863e-15]}, 51990], [0.057571793455569224, {"__complex__": [91970.171875, -1.949395167315758e-14]}, 62518], [0.06257159750553841, {"__complex__": [89703.90625, -3.949173802509981e-15]}, 73696], [0.06756447926960311, {"__complex__": [88586.21875, 1.540619777476264e-14]}, 85954], [0.07255405705645328, {"__complex__": [87180.1953125, -9.12290398389845e-15]}, 98896], [0.07755262263324578, {"__complex__": [83827.3359375, 3.1689152153448153e-15]}, 113654], [0.082553357539654, {"__complex__": [84547.1796875, 6.8085503564013685e-16]}, 128238], [0.08754953796479167, {"__complex__": [83020.8671875, 5.03505566779967e-17]}, 144506], [0.092544642178828, {"__complex__": [82522.734375, -7.764199609031509e-15]}, 161184], [0.09754119755013069, {"__complex__": [81300.7890625, 1.7441142126256603e-15]}, 179384], [0.10254194955012445, {"__complex__": [80432.9375, 4.2564481331371605e-15]}, 198290], [0.10753409847851698, {"__complex__": [78579.6640625, -5.356220782896449e-16]}, 217346], [0.11253262767245138, {"__complex__": [78259.6875, 1.82452379146234e-15]}, 239272], [0.11753655927750746, {"__complex__": [78344.109375, -1.0899598789444655e-15]}, 260342], [0.12253334187423302, {"__complex__": [79416.015625, -3.4985018761103312e-15]}, 282844], [0.12753157042728208, {"__complex__": [78351.1953125, 2.8700224874889536e-15]}, 306754], [0.13253025617453762, {"__complex__": [78027.3828125, -3.782574280246321e-15]}, 330850], [0.1375303438447636, {"__complex__": [76677.6875, 3.3425315585435293e-15]}, 356992], [0.14253119516879575, {"__complex__": [77019.9765625, -2.470807283239411e-16]}, 382820], [0.14752714362205652, {"__complex__": [77451.1796875, -7.099915396575863e-16]}, 409918], [0.15252675877375507, {"__complex__": [77081.7109375, -2.6512379006196672e-15]}, 439098], [0.157527661694531, {"__complex__": [76017.9140625, -8.558668656194523e-16]}, 467570], [0.16252533178123657, {"__complex__": [75699.1484375, 3.9011847273668146e-15]}, 497972], [0.1675258900803243, {"__complex__": [75487.21875, 3.2984202002328935e-15]}, 529414], [0.17252689975159405, {"__complex__": [75938.46875, -2.6452368839466073e-15]}, 561120], [0.1775239643016151, {"__complex__": [75644.9609375, -4.901186213301966e-16]}, 593812], [0.1825223004163423, {"__complex__": [75210.6875, -2.5019292854247836e-15]}, 628158], [0.18752155682451357, {"__complex__": [75366.5546875, 1.0976977234409806e-16]}, 662838], [0.19252201696327373, {"__complex__": [75639.609375, 9.832459036890405e-16]}, 699294], [0.19752168358340347, {"__complex__": [75376.3828125, -1.8608638342401543e-15]}, 735078], [0.20251983012825187, {"__complex__": [74784.90625, -2.9723432204843258e-15]}, 773532], [0.20751951478932745, {"__complex__": [74346.2890625, -2.45621618781089e-15]}, 811660], [0.21252005027642404, {"__complex__": [74053.6328125, -3.0395324149593787e-15]}, 852184], [0.21751807697750156, {"__complex__": [74205.125, 1.584201062568508e-15]}, 891008], [0.22251556810662698, {"__complex__": [74667.4921875, -2.906757882894899e-15]}, 933663]]}, "attrs": {"poles": [0], "dk": 0.005, "kmin": 0.0, "kmax": null, "Nmesh": {"__dtype__": "<i8", "__shape__": [3], "__data__": [512, 512, 512]}, "BoxSize": {"__dtype__": "<f8", "__shape__": [3], "__data__": [3426.0, 7188.0, 3023.0]}, "BoxPad": {"__dtype__": "<f8", "__shape__": [3], "__data__": [0.1, 0.1, 0.1]}, "BoxCenter": {"__dtype__": "<f8", "__shape__": [3], "__data__": [-1750.442402612569, 30.98686411645076, 1911.2847025995056]}, "mesh.resampler": "tsc", "mesh.interlaced": true, "alpha": 0.05683434009552002, "data.norm": 1.7408369097043215, "randoms.norm": 1.7396780446443016, "shotnoise": 72697.38582423402, "first.data.N": 219891, "first.data.W": 232497.515625, "first.data.W2": 200687.67619021266, "first.data.num_per_cell": 0.0014952397062645306, "first.randoms.N": 3953617, "first.randoms.W": 4090793.0, "first.randoms.W2": 3530655.640719292, "first.randoms.num_per_cell": 0.026305434411162825, "first.data.ext": 1, "first.randoms.ext": 1, "second.data.N": 219891, "second.data.W": 232497.515625, "second.data.W2": 119230.2890625, "second.data.num_per_cell": 0.0008883348782546818, "second.randoms.N": 3953617, "second.randoms.W": 4090793.0, "second.randoms.W2": 2096224.125, "second.randoms.num_per_cell": 0.01561808679252863, "second.data.ext": 1, "second.randoms.ext": 1}}, "attrs": {"poles": [0], "dk": 0.005, "kmin": 0.0, "kmax": null, "Nmesh": {"__dtype__": "<i8", "__shape__": [3], "__data__": [512, 512, 512]}, "BoxSize": {"__dtype__": "<f8", "__shape__": [3], "__data__": [3426.0, 7188.0, 3023.0]}, "BoxPad": {"__dtype__": "<f8", "__shape__": [3], "__data__": [0.1, 0.1, 0.1]}, "BoxCenter": {"__dtype__": "<f8", "__shape__": [3], "__data__": [-1750.442402612569, 30.98686411645076, 1911.2847025995056]}, "mesh.resampler": "tsc", "mesh.interlaced": true, "alpha": 0.05683434009552002, "data.norm": 1.7408369097043215, "randoms.norm": 1.7396780446443016, "shotnoise": 72697.38582423402, "first.data.N": 219891, "first.data.W": 232497.515625, "first.data.W2": 200687.67619021266, "first.data.num_per_cell": 0.0014952397062645306, "first.randoms.N": 3953617, "first.randoms.W": 4090793.0, "first.randoms.W2": 3530655.640719292, "first.randoms.num_per_cell": 0.026305434411162825, "first.data.ext": 1, "first.randoms.ext": 1, "second.data.N": 219891, "second.data.W": 232497.515625, "second.data.W2": 119230.2890625, "second.data.num_per_cell": 0.0008883348782546818, "second.randoms.N": 3953617, "second.randoms.W": 4090793.0, "second.randoms.W2": 2096224.125, "second.randoms.num_per_cell": 0.01561808679252863, "second.data.ext": 1, "second.randoms.ext": 1, "p": 1.6, "zmin": 0.8, "zmax": 2.2, "P0_FKP": 30000.0, "z-weighted": true, "hashkeys": ["Nmesh", "P0_FKP", "dk", "kmin", "mesh.window", "mesh.interlaced", "poles", "p", "BoxPad", "zmin", "zmax", "z-weighted"]}}