{"poles": {"dims": ["k"], "edges": [{"__dtype__": "<f8", "__shape__": [46], "__data__": [0.0, 0.005, 0.01, 0.015, 0.02, 0.025, 0.03, 0.035, 0.04, 0.045, 0.05, 0.055, 0.06, 0.065, 0.07, 0.075, 0.08, 0.085, 0.09, 0.095, 0.1, 0.105, 0.11, 0.115, 0.12, 0.125, 0.13, 0.135, 0.14, 0.145, 0.15, 0.155, 0.16, 0.165, 0.17, 0.17500000000000002, 0.18, 0.185, 0.19, 0.195, 0.2, 0.20500000000000002, 0.21, 0.215, 0.22, 0.225]}], "coords": [{"__dtype__": "<f8", "__shape__": [45], "__data__": [0.0025, 0.0075, 0.0125, 0.0175, 0.0225, 0.0275, 0.0325, 0.037500000000000006, 0.042499999999999996, 0.0475, 0.052500000000000005, 0.057499999999999996, 0.0625, 0.0675, 0.07250000000000001, 0.0775, 0.0825, 0.0875, 0.0925, 0.0975, 0.10250000000000001, 0.1075, 0.1125, 0.1175, 0.1225, 0.1275, 0.1325, 0.1375, 0.14250000000000002, 0.1475, 0.1525, 0.1575, 0.1625, 0.1675, 0.17250000000000001, 0.1775, 0.1825, 0.1875, 0.1925, 0.1975, 0.2025, 0.20750000000000002, 0.2125, 0.2175, 0.2225]}], "data": {"__dtype__": [["k", "<f8"], ["power_0", "<c8"], ["modes", "<i8"]], "__shape__": [45], "__data__": [[0.003814377238817008, {"__complex__": [132620.484375, -1.7427442952286376e-12]}, 167], [0.008063705080199575, {"__complex__": [101870.5390625, 1.2015342605413426e-13]}, 1090], [0.012823877086585687, {"__complex__": [120730.46875, 9.77951291318167e-15]}, 2976], [0.017724350117848304, {"__complex__": [114303.0078125, 1.2531791044738698e-15]}, 5806], [0.022665012391346568, {"__complex__": [114600.2265625, -4.577993528969565e-14]}, 9536], [0.027645576443927587, {"__complex__": [107319.8203125, -1.2128280218776273e-14]}, 14398], [0.03263834358557578, {"__complex__": [99761.75, 2.7695720879444136e-14]}, 19966], [0.03761831948388287, {"__complex__": [98762.7578125, -3.922718676578271e-14]}, 26524], [0.042602464827277475, {"__complex__": [93441.359375, -1.1514615859918847e-14]}, 34122], [0.04758828129976131, {"__complex__": [92727.6015625, -3.4265599797682345e-15]}, 42468], [0.05257262891561488, {"__complex__": [90246.6796875, 3.918576854872787e-15]}, 51990], [0.05757404891504572, {"__complex__": [90363.5234375, 1.4419350181102755e-14]}, 62570], [0.06257413159888588, {"__complex__": [87842.6328125, 7.905212383540984e-16]}, 73632], [0.0675645101565523, {"__complex__": [87525.328125, 1.355084685445969e-15]}, 85910], [0.07255467790425972, {"__complex__": [86200.09375, -2.9416825336178514e-15]}, 98936], [0.07755369605392401, {"__complex__": [86496.3828125, 2.306045504833938e-15]}, 113586], [0.08255576044334474, {"__complex__": [83585.390625, 8.050005466094055e-15]}, 128346], [0.08755232046654256, {"__complex__": [82800.671875, 1.0483507406633136e-14]}, 144360], [0.09254578153156609, {"__complex__": [82075.5390625, -6.860619165734985e-15]}, 161202], [0.09754172409672013, {"__complex__": [80565.59375, 8.117770537094122e-16]}, 179260], [0.10254125306050327, {"__complex__": [80505.84375, -7.340776626665912e-17]}, 198234], [0.10753429487851718, {"__complex__": [80134.921875, 5.823282902704587e-15]}, 217406], [0.11253206637771913, {"__complex__": [78816.625, -3.3482627952228887e-15]}, 239036], [0.11753630141073684, {"__complex__": [79239.828125, -4.8036813920073265e-15]}, 260522], [0.12253289710492977, {"__complex__": [77610.3046875, -2.575232151954881e-16]}, 282536], [0.12753047244961602, {"__complex__": [77464.46875, 2.7507450019224975e-15]}, 306830], [0.1325297233490718, {"__complex__": [77098.546875, -4.861578635051e-15]}, 330754], [0.13753011706711357, {"__complex__": [76949.8046875, 1.7121819175471204e-15]}, 356960], [0.1425304580125169, {"__complex__": [77077.25, -5.932944446737339e-15]}, 382626], [0.14752716158929302, {"__complex__": [77284.375, 1.561303326784501e-15]}, 410096], [0.15252919683370555, {"__complex__": [76837.3203125, 4.473474809003539e-16]}, 439146], [0.15752842866674788, {"__complex__": [76000.109375, 4.1435725225860524e-15]}, 467086], [0.16252521836064515, {"__complex__": [75576.75, 2.6550484900911275e-15]}, 498072], [0.16752531872110327, {"__complex__": [75813.5, -1.9392283579048068e-15]}, 529030], [0.17252604313729045, {"__complex__": [76123.3125, 1.4390431205734073e-15]}, 561228], [0.17752485194523246, {"__complex__": [75297.21875, 5.145985087805563e-16]}, 593842], [0.18252388727671787, {"__complex__": [75521.0625, -1.5522116986451469e-15]}, 628122], [0.1875225851196711, {"__complex__": [74834.03125, 3.075363020358979e-16]}, 662448], [0.19252295048175927, {"__complex__": [74836.46875, -2.382244588768935e-15]}, 699422], [0.19752258745741727, {"__complex__": [74994.1875, -1.9807309606170178e-17]}, 734674], [0.20251955603302746, {"__complex__": [74365.59375, 1.6372372894070072e-15]}, 773264], [0.20752077429211774, {"__complex__": [74828.2734375, 1.1108742870824767e-15]}, 812170], [0.21252110408424196, {"__complex__": [74512.75, -8.205851375696729e-16]}, 851212], [0.21751714410288028, {"__complex__": [74485.421875, -3.5930735281877475e-16]}, 890998], [0.22251483338523315, {"__complex__": [74505.75, 2.05814119578747e-15]}, 933295]]}, "attrs": {"poles": [0], "dk": 0.005, "kmin": 0.0, "kmax": null, "Nmesh": {"__dtype__": "<i8", "__shape__": [3], "__data__": [512, 512, 512]}, "BoxSize": {"__dtype__": "<f8", "__shape__": [3], "__data__": [3427.0, 7194.0, 3019.0]}, "BoxPad": {"__dtype__": "<f8", "__shape__": [3], "__data__": [0.1, 0.1, 0.1]}, "BoxCenter": {"__dtype__": "<f8", "__shape__": [3], "__data__": [-1748.5084510427373, 39.80858529554848, 1913.3136153837695]}, "mesh.resampler": "tsc", "mesh.interlaced": true, "alpha": 0.05695301666855812, "data.norm": 1.7383240719277715, "randoms.norm": 1.738608813055232, "shotnoise": 72790.89262717305, "first.data.N": 219363, "first.data.W": 231929.40625, "first.data.W2": 200387.67681690145, "first.data.num_per_cell": 0.0014930045367546488, "first.randoms.N": 3938517, "first.randoms.W": 4072293.5, "first.randoms.W2": 3518548.3454073695, "first.randoms.num_per_cell": 0.026215228031630587, "first.data.ext": 1, "first.randoms.ext": 1, "second.data.N": 219363, "second.data.W": 231929.40625, "second.data.W2": 119143.1640625, "second.data.num_per_cell": 0.0008876857464201748, "second.randoms.N": 3938517, "second.randoms.W": 4072293.5, "second.randoms.W2": 2092327.625, "second.randoms.num_per_cell": 0.015589055605232716, "second.data.ext": 1, "second.randoms.ext": 1}}, "attrs": {"poles": [0], "dk": 0.005, "kmin": 0.0, "kmax": null, "Nmesh": {"__dtype__": "<i8", "__shape__": [3], "__data__": [512, 512, 512]}, "BoxSize": {"__dtype__": "<f8", "__shape__": [3], "__data__": [3427.0, 7194.0, 3019.0]}, "BoxPad": {"__dtype__": "<f8", "__shape__": [3], "__data__": [0.1, 0.1, 0.1]}, "BoxCenter": {"__dtype__": "<f8", "__shape__": [3], "__data__": [-1748.5084510427373, 39.80858529554848, 1913.3136153837695]}, "mesh.resampler": "tsc", "mesh.interlaced": true, "alpha": 0.05695301666855812, "data.norm": 1.7383240719277715, "randoms.norm": 1.738608813055232, "shotnoise": 72790.89262717305, "first.data.N": 219363, "first.data.W": 231929.40625, "first.data.W2": 200387.67681690145, "first.data.num_per_cell": 0.0014930045367546488, "first.randoms.N": 3938517, "first.randoms.W": 4072293.5, "first.randoms.W2": 3518548.3454073695, "first.randoms.num_per_cell": 0.026215228031630587, "first.data.ext": 1, "first.randoms.ext": 1, "second.data.N": 219363, "second.data.W": 231929.40625, "second.data.W2": 119143.1640625, "second.data.num_per_cell": 0.0008876857464201748, "second.randoms.N": 3938517, "second.randoms.W": 4072293.5, "second.randoms.W2": 2092327.625, "second.randoms.num_per_cell": 0.015589055605232716, "second.data.ext": 1, "second.randoms.ext": 1, "p": 1.6, "zmin": 0.8, "zmax": 2.2, "P0_FKP": 30000.0, "z-weighted": true, "hashkeys": ["Nmesh", "P0_FKP", "dk", "kmin", "mesh.window", "mesh.interlaced", "poles", "p", "BoxPad", "zmin", "zmax", "z-weighted"]}}