{"poles": {"dims": ["k"], "edges": [{"__dtype__": "<f8", "__shape__": [46], "__data__": [0.0, 0.005, 0.01, 0.015, 0.02, 0.025, 0.03, 0.035, 0.04, 0.045, 0.05, 0.055, 0.06, 0.065, 0.07, 0.075, 0.08, 0.085, 0.09, 0.095, 0.1, 0.105, 0.11, 0.115, 0.12, 0.125, 0.13, 0.135, 0.14, 0.145, 0.15, 0.155, 0.16, 0.165, 0.17, 0.17500000000000002, 0.18, 0.185, 0.19, 0.195, 0.2, 0.20500000000000002, 0.21, 0.215, 0.22, 0.225]}], "coords": [{"__dtype__": "<f8", "__shape__": [45], "__data__": [0.0025, 0.0075, 0.0125, 0.0175, 0.0225, 0.0275, 0.0325, 0.037500000000000006, 0.042499999999999996, 0.0475, 0.052500000000000005, 0.057499999999999996, 0.0625, 0.0675, 0.07250000000000001, 0.0775, 0.0825, 0.0875, 0.0925, 0.0975, 0.10250000000000001, 0.1075, 0.1125, 0.1175, 0.1225, 0.1275, 0.1325, 0.1375, 0.14250000000000002, 0.1475, 0.1525, 0.1575, 0.1625, 0.1675, 0.17250000000000001, 0.1775, 0.1825, 0.1875, 0.1925, 0.1975, 0.2025, 0.20750000000000002, 0.2125, 0.2175, 0.2225]}], "data": {"__dtype__": [["k", "<f8"], ["power_0", "<c8"], ["modes", "<i8"]], "__shape__": [45], "__data__": [[0.0038168415224884957, {"__complex__": [63767.62890625, -5.228233210946565e-13]}, 167], [0.008055182386473517, {"__complex__": [89011.4453125, 8.069453850782782e-14]}, 1082], [0.01282514567647073, {"__complex__": [109008.765625, 0.0]}, 2984], [0.01772717779573472, {"__complex__": [110595.4765625, -4.089737649557411e-14]}, 5782], [0.022666587016667853, {"__complex__": [113362.765625, -1.5272790720844798e-15]}, 9528], [0.02764965392261374, {"__complex__": [108550.5, 8.09902072165282e-15]}, 14374], [0.032641363364847346, {"__complex__": [105245.9609375, -1.4611823383531481e-15]}, 19918], [0.037614052332183116, {"__complex__": [103890.6015625, -4.40900342561887e-15]}, 26404], [0.042605619241383605, {"__complex__": [98693.5234375, 2.0417769851146378e-14]}, 34210], [0.04759447684867687, {"__complex__": [97346.8984375, -1.239281199633558e-14]}, 42272], [0.0525775853033601, {"__complex__": [92808.9921875, -2.630437270182296e-14]}, 52002], [0.05757926202347186, {"__complex__": [92233.609375, -3.969170979845234e-15]}, 62326], [0.06257390454026844, {"__complex__": [90549.5859375, 7.130961165795983e-15]}, 73464], [0.06756424409728941, {"__complex__": [88659.7734375, -6.4489628474352894e-15]}, 85746], [0.07255545404983853, {"__complex__": [86640.7734375, -3.3156933196097768e-15]}, 98748], [0.07755316449370957, {"__complex__": [85872.59375, -1.2589717510419051e-14]}, 113274], [0.082551871151591, {"__complex__": [83859.4765625, 4.946382303180679e-15]}, 127974], [0.08754769995853297, {"__complex__": [83013.5390625, 4.2409512418506694e-15]}, 144114], [0.09254164864201904, {"__complex__": [81932.78125, 1.5384487896808038e-15]}, 160800], [0.09753785770503308, {"__complex__": [81165.1484375, 2.073965041791601e-15]}, 178920], [0.10253851218766588, {"__complex__": [81229.5703125, -1.1398904383060331e-14]}, 197874], [0.10753946687278317, {"__complex__": [79916.0234375, 4.548184067863434e-15]}, 217566], [0.11253830994981229, {"__complex__": [78814.890625, 5.9909581568112595e-15]}, 238040], [0.11753586089462623, {"__complex__": [78745.7421875, 1.2320835371642646e-15]}, 259838], [0.12253291269296293, {"__complex__": [77964.515625, -6.060117549921626e-15]}, 282148], [0.1275324965536795, {"__complex__": [78575.8984375, 4.0391626357658367e-16]}, 306230], [0.1325312150984904, {"__complex__": [78896.9453125, -1.4994609219098724e-15]}, 329962], [0.13752888801384563, {"__complex__": [77623.515625, -3.352448408531746e-15]}, 355936], [0.14252834627365926, {"__complex__": [77566.7421875, 1.6190381512605381e-15]}, 381990], [0.14752720398714061, {"__complex__": [77095.640625, -7.784776580419157e-15]}, 409372], [0.152526912594232, {"__complex__": [76258.8828125, 3.9897226461235833e-16]}, 437682], [0.15752551411230092, {"__complex__": [76204.875, 5.817172830539568e-15]}, 466538], [0.16252508532057722, {"__complex__": [76147.8203125, -1.3757825707868382e-15]}, 497128], [0.16752643555059543, {"__complex__": [75935.84375, 6.20065386839827e-16]}, 528038], [0.1725252771500721, {"__complex__": [75316.3359375, 1.534309869063164e-15]}, 559576], [0.1775209145890777, {"__complex__": [75563.9375, -4.421999293309915e-16]}, 592344], [0.18252273015091144, {"__complex__": [74912.7421875, 8.578498226885338e-16]}, 627640], [0.18752378555512095, {"__complex__": [75484.1328125, -2.6421999002537863e-16]}, 660900], [0.19252093630100217, {"__complex__": [74968.8359375, -3.088967163585271e-15]}, 697218], [0.1975196918801523, {"__complex__": [74808.171875, 2.47945728957589e-15]}, 733624], [0.20252025374503901, {"__complex__": [75026.890625, -1.507568165415619e-16]}, 772206], [0.2075213810508397, {"__complex__": [74537.96875, 9.703073695406126e-16]}, 809850], [0.2125195757361388, {"__complex__": [74699.265625, -1.027888139899368e-15]}, 849426], [0.2175188583530164, {"__complex__": [74268.5859375, 3.9230717410865105e-16]}, 890236], [0.2225179041578552, {"__complex__": [73971.4609375, 1.5634696135471038e-15]}, 930745]]}, "attrs": {"poles": [0], "dk": 0.005, "kmin": 0.0, "kmax": null, "Nmesh": {"__dtype__": "<i8", "__shape__": [3], "__data__": [512, 512, 512]}, "BoxSize": {"__dtype__": "<f8", "__shape__": [3], "__data__": [3419.0, 7191.0, 3021.0]}, "BoxPad": {"__dtype__": "<f8", "__shape__": [3], "__data__": [0.1, 0.1, 0.1]}, "BoxCenter": {"__dtype__": "<f8", "__shape__": [3], "__data__": [-1749.6182748675437, 35.65382182287726, 1911.5340908167768]}, "mesh.resampler": "tsc", "mesh.interlaced": true, "alpha": 0.05646388232707977, "data.norm": 1.7392484369233254, "randoms.norm": 1.7382556311532529, "shotnoise": 72746.14920408107, "first.data.N": 219654, "first.data.W": 232458.25, "first.data.W2": 200590.89193461317, "first.data.num_per_cell": 0.0014945186073676733, "first.randoms.N": 3982952, "first.randoms.W": 4116937.0, "first.randoms.W2": 3552179.8192505017, "first.randoms.num_per_cell": 0.02646580203809218, "first.data.ext": 1, "first.randoms.ext": 1, "second.data.N": 219654, "second.data.W": 232458.25, "second.data.W2": 119129.3359375, "second.data.num_per_cell": 0.000887582718860358, "second.randoms.N": 3982952, "second.randoms.W": 4116937.0, "second.randoms.W2": 2108446.75, "second.randoms.num_per_cell": 0.015709152445197105, "second.data.ext": 1, "second.randoms.ext": 1}}, "attrs": {"poles": [0], "dk": 0.005, "kmin": 0.0, "kmax": null, "Nmesh": {"__dtype__": "<i8", "__shape__": [3], "__data__": [512, 512, 512]}, "BoxSize": {"__dtype__": "<f8", "__shape__": [3], "__data__": [3419.0, 7191.0, 3021.0]}, "BoxPad": {"__dtype__": "<f8", "__shape__": [3], "__data__": [0.1, 0.1, 0.1]}, "BoxCenter": {"__dtype__": "<f8", "__shape__": [3], "__data__": [-1749.6182748675437, 35.65382182287726, 1911.5340908167768]}, "mesh.resampler": "tsc", "mesh.interlaced": true, "alpha": 0.05646388232707977, "data.norm": 1.7392484369233254, "randoms.norm": 1.7382556311532529, "shotnoise": 72746.14920408107, "first.data.N": 219654, "first.data.W": 232458.25, "first.data.W2": 200590.89193461317, "first.data.num_per_cell": 0.0014945186073676733, "first.randoms.N": 3982952, "first.randoms.W": 4116937.0, "first.randoms.W2": 3552179.8192505017, "first.randoms.num_per_cell": 0.02646580203809218, "first.data.ext": 1, "first.randoms.ext": 1, "second.data.N": 219654, "second.data.W": 232458.25, "second.data.W2": 119129.3359375, "second.data.num_per_cell": 0.000887582718860358, "second.randoms.N": 3982952, "second.randoms.W": 4116937.0, "second.randoms.W2": 2108446.75, "second.randoms.num_per_cell": 0.015709152445197105, "second.data.ext": 1, "second.randoms.ext": 1, "p": 1.6, "zmin": 0.8, "zmax": 2.2, "P0_FKP": 30000.0, "z-weighted": true, "hashkeys": ["Nmesh", "P0_FKP", "dk", "kmin", "mesh.window", "mesh.interlaced", "poles", "p", "BoxPad", "zmin", "zmax", "z-weighted"]}}