{"poles": {"dims": ["k"], "edges": [{"__dtype__": "<f8", "__shape__": [46], "__data__": [0.0, 0.005, 0.01, 0.015, 0.02, 0.025, 0.03, 0.035, 0.04, 0.045, 0.05, 0.055, 0.06, 0.065, 0.07, 0.075, 0.08, 0.085, 0.09, 0.095, 0.1, 0.105, 0.11, 0.115, 0.12, 0.125, 0.13, 0.135, 0.14, 0.145, 0.15, 0.155, 0.16, 0.165, 0.17, 0.17500000000000002, 0.18, 0.185, 0.19, 0.195, 0.2, 0.20500000000000002, 0.21, 0.215, 0.22, 0.225]}], "coords": [{"__dtype__": "<f8", "__shape__": [45], "__data__": [0.0025, 0.0075, 0.0125, 0.0175, 0.0225, 0.0275, 0.0325, 0.037500000000000006, 0.042499999999999996, 0.0475, 0.052500000000000005, 0.057499999999999996, 0.0625, 0.0675, 0.07250000000000001, 0.0775, 0.0825, 0.0875, 0.0925, 0.0975, 0.10250000000000001, 0.1075, 0.1125, 0.1175, 0.1225, 0.1275, 0.1325, 0.1375, 0.14250000000000002, 0.1475, 0.1525, 0.1575, 0.1625, 0.1675, 0.17250000000000001, 0.1775, 0.1825, 0.1875, 0.1925, 0.1975, 0.2025, 0.20750000000000002, 0.2125, 0.2175, 0.2225]}], "data": {"__dtype__": [["k", "<f8"], ["power_0", "<c8"], ["modes", "<i8"]], "__shape__": [45], "__data__": [[0.003814629378935712, {"__complex__": [-164862.296875, 3.4854888072977097e-13]}, 167], [0.00805030178115834, {"__complex__": [-133989.53125, -6.791790437346568e-13]}, 1082], [0.012814692731087277, {"__complex__": [-124111.2109375, -9.766386104784891e-14]}, 2980], [0.01772268251005097, {"__complex__": [-144809.84375, 1.2281155096788982e-13]}, 5806], [0.02266829025221427, {"__complex__": [-135138.53125, -6.705951711896002e-14]}, 9548], [0.027646572645399273, {"__complex__": [-134048.328125, -4.0506375922726157e-14]}, 14370], [0.03263531534263514, {"__complex__": [-128437.3203125, -3.208801700369489e-14]}, 19954], [0.03761800144625909, {"__complex__": [-122795.0859375, -1.1512591451174909e-14]}, 26544], [0.04260533362941546, {"__complex__": [-119640.84375, -8.528345300199292e-15]}, 34126], [0.04758872742234537, {"__complex__": [-114975.140625, -2.059039008359912e-14]}, 42404], [0.05257317754158631, {"__complex__": [-109820.671875, 2.4680142979749582e-14]}, 52034], [0.05757372650244936, {"__complex__": [-110656.4765625, -2.422756649976803e-14]}, 62466], [0.06257261184705773, {"__complex__": [-108005.5, 1.6594635821737258e-14]}, 73660], [0.06756621072300474, {"__complex__": [-106240.1171875, 4.0639294026875196e-15]}, 85938], [0.07255654089445175, {"__complex__": [-103899.6015625, 1.6486086855480725e-14]}, 98860], [0.07755356157492702, {"__complex__": [-101760.7734375, -4.1020920486095885e-15]}, 113518], [0.08255472526944484, {"__complex__": [-100597.6328125, -3.516325355144693e-15]}, 128290], [0.08755164660624641, {"__complex__": [-99480.25, -4.435514709834982e-15]}, 144354], [0.09254484049716151, {"__complex__": [-98216.203125, -5.781739324773553e-15]}, 161080], [0.09754055072567391, {"__complex__": [-96379.6171875, -5.682566166210178e-16]}, 179256], [0.10254183394767644, {"__complex__": [-96126.7890625, -9.395056516884204e-15]}, 198258], [0.10753454865135809, {"__complex__": [-95655.6015625, 2.411719853025727e-15]}, 217218], [0.11253320069986296, {"__complex__": [-93640.7265625, -1.82522555825914e-15]}, 239180], [0.1175361255186246, {"__complex__": [-93731.0703125, 2.2380503055700136e-16]}, 260082], [0.12253217872217727, {"__complex__": [-93360.3203125, -4.11731111308938e-15]}, 282746], [0.12753146406721122, {"__complex__": [-92714.4453125, 3.416655411757753e-15]}, 306656], [0.13253031788203481, {"__complex__": [-93178.265625, 5.8200442722307604e-15]}, 330666], [0.1375291885308211, {"__complex__": [-93407.8203125, -3.182690723924249e-15]}, 356632], [0.14252925240230785, {"__complex__": [-92715.0, -5.057501590915656e-15]}, 382680], [0.1475266779711563, {"__complex__": [-91977.8828125, -2.272172445515002e-15]}, 409882], [0.1525278074035397, {"__complex__": [-90384.6953125, 6.961845955678978e-15]}, 438950], [0.157529192106168, {"__complex__": [-90860.0859375, 3.611715876323867e-15]}, 467374], [0.1625274183621397, {"__complex__": [-90270.8984375, -6.782147068886031e-15]}, 497784], [0.16752701162631756, {"__complex__": [-89309.9921875, 7.098253835570705e-15]}, 528918], [0.17252651223211174, {"__complex__": [-89930.3359375, -1.7063081675743855e-15]}, 560736], [0.17752324295555139, {"__complex__": [-89946.359375, 5.884396118090748e-16]}, 593512], [0.1825223788473779, {"__complex__": [-89231.75, 2.4560429695731764e-15]}, 628044], [0.18752332225888413, {"__complex__": [-88581.625, -3.3375346994294394e-15]}, 662732], [0.19252338983727957, {"__complex__": [-88433.0078125, 1.5309649359544568e-15]}, 698622], [0.19752152145750873, {"__complex__": [-88415.5078125, 2.575244645690853e-15]}, 734590], [0.20251940377919156, {"__complex__": [-88467.3203125, 7.810860324755143e-16]}, 773160], [0.20752043848583723, {"__complex__": [-88169.59375, -5.288684834308614e-15]}, 811698], [0.21252104204678585, {"__complex__": [-87999.7734375, -2.7350717689643e-16]}, 851278], [0.2175182269692411, {"__complex__": [-88456.3125, -1.5355981002968195e-15]}, 890780], [0.22251590668648238, {"__complex__": [-87484.875, -1.8247776895882794e-15]}, 933031]]}, "attrs": {"poles": [0], "dk": 0.005, "kmin": 0.0, "kmax": null, "Nmesh": {"__dtype__": "<i8", "__shape__": [3], "__data__": [512, 512, 512]}, "BoxSize": {"__dtype__": "<f8", "__shape__": [3], "__data__": [3427.0, 7187.0, 3021.0]}, "BoxPad": {"__dtype__": "<f8", "__shape__": [3], "__data__": [0.1, 0.1, 0.1]}, "BoxCenter": {"__dtype__": "<f8", "__shape__": [3], "__data__": [-1753.7244735047957, 38.77950399733322, 1911.3921715626075]}, "mesh.resampler": "tsc", "mesh.interlaced": true, "alpha": 0.057015709578990936, "data.norm": -1.4474843184232205, "randoms.norm": -1.447371120736845, "shotnoise": 58769.51821555191, "first.data.N": 219942, "first.data.W": 232553.515625, "first.data.W2": 200463.02849593232, "first.data.num_per_cell": 0.0014935659505123818, "first.randoms.N": 3946066, "first.randoms.W": 4078762.0, "first.randoms.W2": 3516049.9247712153, "first.randoms.num_per_cell": 0.026196613347315902, "first.data.ext": 1, "first.randoms.ext": 1, "second.data.N": 219942, "second.data.W": 232553.515625, "second.data.W2": -95207.421875, "second.data.num_per_cell": -0.0007093505701050162, "second.randoms.N": 3946066, "second.randoms.W": 4078762.0, "second.randoms.W2": -1669635.75, "second.randoms.num_per_cell": -0.012439755722880363, "second.data.ext": 1, "second.randoms.ext": 1}}, "attrs": {"poles": [0], "dk": 0.005, "kmin": 0.0, "kmax": null, "Nmesh": {"__dtype__": "<i8", "__shape__": [3], "__data__": [512, 512, 512]}, "BoxSize": {"__dtype__": "<f8", "__shape__": [3], "__data__": [3427.0, 7187.0, 3021.0]}, "BoxPad": {"__dtype__": "<f8", "__shape__": [3], "__data__": [0.1, 0.1, 0.1]}, "BoxCenter": {"__dtype__": "<f8", "__shape__": [3], "__data__": [-1753.7244735047957, 38.77950399733322, 1911.3921715626075]}, "mesh.resampler": "tsc", "mesh.interlaced": true, "alpha": 0.057015709578990936, "data.norm": -1.4474843184232205, "randoms.norm": -1.447371120736845, "shotnoise": 58769.51821555191, "first.data.N": 219942, "first.data.W": 232553.515625, "first.data.W2": 200463.02849593232, "first.data.num_per_cell": 0.0014935659505123818, "first.randoms.N": 3946066, "first.randoms.W": 4078762.0, "first.randoms.W2": 3516049.9247712153, "first.randoms.num_per_cell": 0.026196613347315902, "first.data.ext": 1, "first.randoms.ext": 1, "second.data.N": 219942, "second.data.W": 232553.515625, "second.data.W2": -95207.421875, "second.data.num_per_cell": -0.0007093505701050162, "second.randoms.N": 3946066, "second.randoms.W": 4078762.0, "second.randoms.W2": -1669635.75, "second.randoms.num_per_cell": -0.012439755722880363, "second.data.ext": 1, "second.randoms.ext": 1, "p": 3.0, "zmin": 0.8, "zmax": 2.2, "P0_FKP": 30000.0, "z-weighted": true, "hashkeys": ["Nmesh", "P0_FKP", "dk", "kmin", "mesh.window", "mesh.interlaced", "poles", "p", "BoxPad", "zmin", "zmax", "z-weighted"]}}