{"poles": {"dims": ["k"], "edges": [{"__dtype__": "<f8", "__shape__": [57], "__data__": [0.0, 0.005, 0.01, 0.015, 0.02, 0.025, 0.03, 0.035, 0.04, 0.045, 0.05, 0.055, 0.06, 0.065, 0.07, 0.075, 0.08, 0.085, 0.09, 0.095, 0.1, 0.105, 0.11, 0.115, 0.12, 0.125, 0.13, 0.135, 0.14, 0.145, 0.15, 0.155, 0.16, 0.165, 0.17, 0.17500000000000002, 0.18, 0.185, 0.19, 0.195, 0.2, 0.20500000000000002, 0.21, 0.215, 0.22, 0.225, 0.23, 0.23500000000000001, 0.24, 0.245, 0.25, 0.255, 0.26, 0.265, 0.27, 0.275, 0.28]}], "coords": [{"__dtype__": "<f8", "__shape__": [56], "__data__": [0.0025, 0.0075, 0.0125, 0.0175, 0.0225, 0.0275, 0.0325, 0.037500000000000006, 0.042499999999999996, 0.0475, 0.052500000000000005, 0.057499999999999996, 0.0625, 0.0675, 0.07250000000000001, 0.0775, 0.0825, 0.0875, 0.0925, 0.0975, 0.10250000000000001, 0.1075, 0.1125, 0.1175, 0.1225, 0.1275, 0.1325, 0.1375, 0.14250000000000002, 0.1475, 0.1525, 0.1575, 0.1625, 0.1675, 0.17250000000000001, 0.1775, 0.1825, 0.1875, 0.1925, 0.1975, 0.2025, 0.20750000000000002, 0.2125, 0.2175, 0.2225, 0.2275, 0.2325, 0.2375, 0.2425, 0.2475, 0.2525, 0.2575, 0.2625, 0.2675, 0.2725, 0.2775]}], "data": {"__dtype__": [["k", "<f8"], ["power_0", "<c8"], ["modes", "<i8"]], "__shape__": [56], "__data__": [[0.0038142510658624586, {"__complex__": [138066.5625, -4.3223511250224667e-13]}, 101], [0.00809674996514099, {"__complex__": [121232.90625, -3.374357271466316e-13]}, 690], [0.012874004585570566, {"__complex__": [123551.421875, -3.153177724349657e-14]}, 1846], [0.01776468772079567, {"__complex__": [113071.6328125, -1.6195788335665942e-14]}, 3594], [0.022687745690483086, {"__complex__": [123531.6484375, -2.9728122226272205e-14]}, 5874], [0.027649669568865817, {"__complex__": [122026.0546875, -3.781853709318092e-14]}, 8850], [0.032621545644474725, {"__complex__": [110858.453125, 1.423634363065078e-14]}, 12266], [0.037604319218110485, {"__complex__": [109984.6484375, -8.854761304884998e-15]}, 16434], [0.042609672418897425, {"__complex__": [107517.0, 3.580823314188082e-14]}, 21132], [0.0475978881049733, {"__complex__": [101682.359375, 1.984856879278917e-14]}, 26210], [0.05257837760422866, {"__complex__": [97748.390625, 2.043808339528743e-15]}, 32040], [0.05757136068086245, {"__complex__": [98906.4765625, 1.2080037457265404e-14]}, 38548], [0.06256687294553265, {"__complex__": [98379.6796875, 1.7597963288418922e-14]}, 45480], [0.0675619102710835, {"__complex__": [96941.1875, 3.2930334942048297e-15]}, 53028], [0.07255439047285944, {"__complex__": [94861.5, 1.9041402298230342e-15]}, 61138], [0.07754990176167303, {"__complex__": [95616.6484375, -2.496825488401103e-15]}, 69938], [0.08254439140398095, {"__complex__": [92424.1796875, -1.8397788548423898e-16]}, 79096], [0.08754255173678649, {"__complex__": [91798.75, -1.629553747663345e-15]}, 89300], [0.09254991223205265, {"__complex__": [90266.484375, -3.499668875753411e-15]}, 99794], [0.09754904188922138, {"__complex__": [88933.34375, 2.106759616410446e-15]}, 110516], [0.10254401939993145, {"__complex__": [88008.8125, 2.735590735463171e-15]}, 122348], [0.1075364521565235, {"__complex__": [88066.078125, 5.913648189165939e-15]}, 134110], [0.11253168293310137, {"__complex__": [87418.7421875, -5.919423048042082e-16]}, 147500], [0.11753484853249235, {"__complex__": [87326.7578125, -1.629087561905e-15]}, 160786], [0.12253266536455736, {"__complex__": [86523.2578125, 4.002910843233214e-15]}, 174496], [0.12753261186705608, {"__complex__": [86651.1875, -1.6896896987866113e-15]}, 189468], [0.13253245623354407, {"__complex__": [86706.4765625, 3.2790318278284793e-15]}, 204142], [0.13752654046454804, {"__complex__": [85536.359375, 1.1917813918965498e-15]}, 219784], [0.14252628444177617, {"__complex__": [85914.875, -4.580907915231183e-15]}, 236660], [0.14752738653300435, {"__complex__": [85175.15625, -7.906211882418744e-16]}, 253078], [0.15252733732714044, {"__complex__": [85359.4296875, 1.5916812105257108e-15]}, 270846], [0.1575281307439693, {"__complex__": [84635.0390625, 8.568251775201521e-16]}, 288720], [0.16252419251705946, {"__complex__": [84913.359375, 1.7425654128816058e-15]}, 306894], [0.16752268869744186, {"__complex__": [84212.4140625, -3.3839798452679976e-15]}, 326818], [0.1725239865271546, {"__complex__": [84505.96875, 7.563409178335456e-16]}, 346318], [0.1775249522553409, {"__complex__": [85342.1015625, -1.5865672226368833e-16]}, 366878], [0.1825243882448826, {"__complex__": [84412.8515625, -3.756127794050674e-15]}, 387418], [0.18752182748056978, {"__complex__": [83727.015625, -6.1944802687622074e-15]}, 409050], [0.1925204064552758, {"__complex__": [84110.5, 5.569497326267977e-16]}, 431110], [0.1975179389228572, {"__complex__": [83827.2578125, -2.822226959374235e-15]}, 453744], [0.20251833358417526, {"__complex__": [83197.453125, 4.996826079804988e-15]}, 477606], [0.20752105941961427, {"__complex__": [82894.953125, -6.967222391432556e-16]}, 501270], [0.21252189308926697, {"__complex__": [82909.265625, 5.813346994475057e-16]}, 525670], [0.21751996006633087, {"__complex__": [83145.046875, -3.7699673594967435e-16]}, 550044], [0.2225161702397305, {"__complex__": [82836.3046875, 4.195237720720302e-15]}, 575800], [0.22751649108099953, {"__complex__": [82589.2421875, -2.8966239807139485e-15]}, 602850], [0.23251640674526017, {"__complex__": [82954.6015625, 2.546558498503547e-16]}, 628578], [0.23751731225073258, {"__complex__": [83319.484375, 7.749095476334748e-17]}, 657260], [0.24251954103532358, {"__complex__": [83123.109375, 6.8054459806496815e-16]}, 684248], [0.24751690198040588, {"__complex__": [82850.4609375, 2.696690747360517e-15]}, 712300], [0.2525159247185872, {"__complex__": [82185.8671875, -2.744261282348621e-16]}, 742374], [0.25751728202096186, {"__complex__": [81910.0390625, -2.6397415459430583e-15]}, 771768], [0.2625170916440037, {"__complex__": [82241.0859375, 6.170926188323197e-16]}, 801768], [0.267516684082871, {"__complex__": [82479.328125, -1.6073826602689637e-15]}, 832892], [0.2725145734149461, {"__complex__": [81986.65625, -2.6969280224648667e-16]}, 863318], [0.27750903955537953, {"__complex__": [81972.71875, -6.101363607529937e-17]}, 894385]]}, "attrs": {"poles": [0], "dk": 0.005, "kmin": 0.0, "kmax": null, "Nmesh": {"__dtype__": "<i8", "__shape__": [3], "__data__": [512, 512, 512]}, "BoxSize": {"__dtype__": "<f8", "__shape__": [3], "__data__": [2672.0, 5793.0, 2968.0]}, "BoxPad": {"__dtype__": "<f8", "__shape__": [3], "__data__": [0.1, 0.1, 0.1]}, "BoxCenter": {"__dtype__": "<f8", "__shape__": [3], "__data__": [2579.5512444216183, 44.08872842525102, 890.116337673168]}, "mesh.resampler": "tsc", "mesh.interlaced": true, "alpha": 0.05279017239809036, "data.norm": 0.9971618694245767, "randoms.norm": 0.9978030275314317, "shotnoise": 81199.93536912289, "first.data.N": 126184, "first.data.W": 136001.84375, "first.data.W2": 121320.64516992301, "first.data.num_per_cell": 0.0009039092449093089, "first.randoms.N": 2443373, "first.randoms.W": 2576272.0, "first.randoms.W2": 2298388.0241479445, "first.randoms.num_per_cell": 0.01712432521691877, "first.data.ext": 1, "first.randoms.ext": 1, "second.data.N": 126184, "second.data.W": 136001.84375, "second.data.W2": 72416.1484375, "second.data.num_per_cell": 0.0005395423504523933, "second.randoms.N": 2443373, "second.randoms.W": 2576272.0, "second.randoms.W2": 1372677.375, "second.randoms.num_per_cell": 0.010227243416011333, "second.data.ext": 1, "second.randoms.ext": 1}}, "attrs": {"poles": [0], "dk": 0.005, "kmin": 0.0, "kmax": null, "Nmesh": {"__dtype__": "<i8", "__shape__": [3], "__data__": [512, 512, 512]}, "BoxSize": {"__dtype__": "<f8", "__shape__": [3], "__data__": [2672.0, 5793.0, 2968.0]}, "BoxPad": {"__dtype__": "<f8", "__shape__": [3], "__data__": [0.1, 0.1, 0.1]}, "BoxCenter": {"__dtype__": "<f8", "__shape__": [3], "__data__": [2579.5512444216183, 44.08872842525102, 890.116337673168]}, "mesh.resampler": "tsc", "mesh.interlaced": true, "alpha": 0.05279017239809036, "data.norm": 0.9971618694245767, "randoms.norm": 0.9978030275314317,