{"poles": {"dims": ["k"], "edges": [{"__dtype__": "<f8", "__shape__": [46], "__data__": [0.0, 0.005, 0.01, 0.015, 0.02, 0.025, 0.03, 0.035, 0.04, 0.045, 0.05, 0.055, 0.06, 0.065, 0.07, 0.075, 0.08, 0.085, 0.09, 0.095, 0.1, 0.105, 0.11, 0.115, 0.12, 0.125, 0.13, 0.135, 0.14, 0.145, 0.15, 0.155, 0.16, 0.165, 0.17, 0.17500000000000002, 0.18, 0.185, 0.19, 0.195, 0.2, 0.20500000000000002, 0.21, 0.215, 0.22, 0.225]}], "coords": [{"__dtype__": "<f8", "__shape__": [45], "__data__": [0.0025, 0.0075, 0.0125, 0.0175, 0.0225, 0.0275, 0.0325, 0.037500000000000006, 0.042499999999999996, 0.0475, 0.052500000000000005, 0.057499999999999996, 0.0625, 0.0675, 0.07250000000000001, 0.0775, 0.0825, 0.0875, 0.0925, 0.0975, 0.10250000000000001, 0.1075, 0.1125, 0.1175, 0.1225, 0.1275, 0.1325, 0.1375, 0.14250000000000002, 0.1475, 0.1525, 0.1575, 0.1625, 0.1675, 0.17250000000000001, 0.1775, 0.1825, 0.1875, 0.1925, 0.1975, 0.2025, 0.20750000000000002, 0.2125, 0.2175, 0.2225]}], "data": {"__dtype__": [["k", "<f8"], ["power_0", "<c8"], ["modes", "<i8"]], "__shape__": [45], "__data__": [[0.00381454400093842, {"__complex__": [-121258.9296875, -5.228233210946565e-13]}, 167], [0.008049767680643338, {"__complex__": [-128297.046875, 1.0759272026919162e-13]}, 1082], [0.012816901133018144, {"__complex__": [-138319.125, 7.802635761892246e-14]}, 2984], [0.017722027853447345, {"__complex__": [-135103.625, -2.5098163903614946e-14]}, 5798], [0.022663829394696404, {"__complex__": [-133541.671875, 1.0977974578647506e-13]}, 9544], [0.027645545956168117, {"__complex__": [-133684.828125, -8.090015067357612e-15]}, 14390], [0.03263832873930493, {"__complex__": [-127441.6171875, -1.4573776145848476e-14]}, 19970], [0.03761679426722492, {"__complex__": [-118956.6640625, 5.0527483808288434e-14]}, 26496], [0.04260142934749514, {"__complex__": [-115296.7265625, 5.454944018734066e-14]}, 34146], [0.04758841366215404, {"__complex__": [-113900.4375, 1.7826508024181183e-14]}, 42448], [0.05257293435588932, {"__complex__": [-108604.9765625, -2.6864041251391767e-14]}, 52002], [0.05757294906843794, {"__complex__": [-110202.2421875, -2.956665402960301e-14]}, 62506], [0.06257160152531051, {"__complex__": [-105752.1015625, -1.3834122200592314e-15]}, 73632], [0.06756309383639043, {"__complex__": [-105855.171875, 1.1178928232592495e-14]}, 85914], [0.07255430414392008, {"__complex__": [-103240.484375, -1.2354567611734101e-14]}, 98940], [0.07755325720931118, {"__complex__": [-102003.015625, -1.179060629918861e-14]}, 113546], [0.08255514469625633, {"__complex__": [-100940.0625, 1.3039147263001552e-14]}, 128342], [0.08755269524825879, {"__complex__": [-97704.875, -6.047339846154058e-16]}, 144380], [0.09254606301796739, {"__complex__": [-96604.4609375, 7.585989806159835e-15]}, 161134], [0.0975412842070234, {"__complex__": [-97121.0390625, 2.273330763070372e-15]}, 179232], [0.10254026304041246, {"__complex__": [-96346.7109375, -9.399608471942749e-15]}, 198162], [0.10753439543891635, {"__complex__": [-94674.2109375, -1.1707899037603385e-15]}, 217510], [0.1125329349683363, {"__complex__": [-94165.75, -6.090196536911573e-15]}, 238940], [0.11753577422687014, {"__complex__": [-94042.4140625, 9.164448408862432e-15]}, 260410], [0.12253315531082107, {"__complex__": [-92897.1640625, -1.0605301427085885e-14]}, 282660], [0.127530754753952, {"__complex__": [-91904.6875, -5.030568060775337e-15]}, 306626], [0.1325295756511981, {"__complex__": [-91282.1796875, 3.958890964480882e-15]}, 330818], [0.13753094042440925, {"__complex__": [-90950.6328125, -1.1089161374908379e-14]}, 356936], [0.1425308893520119, {"__complex__": [-91102.6875, 1.5217847928721147e-15]}, 382496], [0.14752752942066638, {"__complex__": [-91267.0703125, 8.161079861082826e-16]}, 410110], [0.15252950266869858, {"__complex__": [-90714.5625, 4.905817895336671e-15]}, 439006], [0.1575285783858154, {"__complex__": [-89095.140625, -2.087399407851528e-15]}, 467078], [0.16252569106852044, {"__complex__": [-89475.4375, 2.7613130084889158e-15]}, 498008], [0.1675254081943775, {"__complex__": [-88151.1328125, -2.9715868200624277e-15]}, 528878], [0.17252635633682387, {"__complex__": [-88976.6953125, 2.9037458337344627e-15]}, 561280], [0.17752570606276585, {"__complex__": [-89548.75, 1.911623554153789e-15]}, 593762], [0.18252458441685554, {"__complex__": [-89311.34375, 2.3171765765520437e-15]}, 628002], [0.1875230618545553, {"__complex__": [-88733.6171875, 1.4500416316352675e-15]}, 662344], [0.1925227806661665, {"__complex__": [-88562.359375, -8.325394194333912e-16]}, 699158], [0.19752208446427025, {"__complex__": [-88283.8125, 4.476647053270125e-15]}, 734642], [0.20251950922790593, {"__complex__": [-88175.3046875, -7.452676137624428e-15]}, 773220], [0.20752080167844902, {"__complex__": [-88512.3125, 2.240096154835429e-16]}, 812014], [0.21252127040102747, {"__complex__": [-87736.1171875, 2.564400982839663e-16]}, 851188], [0.21751813711392307, {"__complex__": [-87758.90625, -4.625666830229995e-15]}, 891078], [0.2225155196689978, {"__complex__": [-87786.109375, 1.1231350889939827e-15]}, 932869]]}, "attrs": {"poles": [0], "dk": 0.005, "kmin": 0.0, "kmax": null, "Nmesh": {"__dtype__": "<i8", "__shape__": [3], "__data__": [512, 512, 512]}, "BoxSize": {"__dtype__": "<f8", "__shape__": [3], "__data__": [3427.0, 7193.0, 3019.0]}, "BoxPad": {"__dtype__": "<f8", "__shape__": [3], "__data__": [0.1, 0.1, 0.1]}, "BoxCenter": {"__dtype__": "<f8", "__shape__": [3], "__data__": [-1754.412966313462, 35.34570107432228, 1911.8459497016565]}, "mesh.resampler": "tsc", "mesh.interlaced": true, "alpha": 0.057117048650979996, "data.norm": -1.4362733364694376, "randoms.norm": -1.4356995013671288, "shotnoise": 59046.1137267853, "first.data.N": 220444, "first.data.W": 232840.765625, "first.data.W2": 200832.48015439053, "first.data.num_per_cell": 0.0014963185798703919, "first.randoms.N": 3948574, "first.randoms.W": 4076554.5, "first.randoms.W2": 3516409.898457096, "first.randoms.num_per_cell": 0.026199295360275328, "first.data.ext": 1, "first.randoms.ext": 1, "second.data.N": 220444, "second.data.W": 232840.765625, "second.data.W2": -94792.5078125, "second.data.num_per_cell": -0.0007062592194415629, "second.randoms.N": 3948574, "second.randoms.W": 4076554.5, "second.randoms.W2": -1658957.75, "second.randoms.num_per_cell": -0.01236019842326641, "second.data.ext": 1, "second.randoms.ext": 1}}, "attrs": {"poles": [0], "dk": 0.005, "kmin": 0.0, "kmax": null, "Nmesh": {"__dtype__": "<i8", "__shape__": [3], "__data__": [512, 512, 512]}, "BoxSize": {"__dtype__": "<f8", "__shape__": [3], "__data__": [3427.0, 7193.0, 3019.0]}, "BoxPad": {"__dtype__": "<f8", "__shape__": [3], "__data__": [0.1, 0.1, 0.1]}, "BoxCenter": {"__dtype__": "<f8", "__shape__": [3], "__data__": [-1754.412966313462, 35.34570107432228, 1911.8459497016565]}, "mesh.resampler": "tsc", "mesh.interlaced": true, "alpha": 0.057117048650979996, "data.norm": -1.4362733364694376, "randoms.norm": -1.4356995013671288, "shotnoise": 59046.1137267853, "first.data.N": 220444, "first.data.W": 232840.765625, "first.data.W2": 200832.48015439053, "first.data.num_per_cell": 0.0014963185798703919, "first.randoms.N": 3948574, "first.randoms.W": 4076554.5, "first.randoms.W2": 3516409.898457096, "first.randoms.num_per_cell": 0.026199295360275328, "first.data.ext": 1, "first.randoms.ext": 1, "second.data.N": 220444, "second.data.W": 232840.765625, "second.data.W2": -94792.5078125, "second.data.num_per_cell": -0.0007062592194415629, "second.randoms.N": 3948574, "second.randoms.W": 4076554.5, "second.randoms.W2": -1658957.75, "second.randoms.num_per_cell": -0.01236019842326641, "second.data.ext": 1, "second.randoms.ext": 1, "p": 3.0, "zmin": 0.8, "zmax": 2.2, "P0_FKP": 30000.0, "z-weighted": true, "hashkeys": ["Nmesh", "P0_FKP", "dk", "kmin", "mesh.window", "mesh.interlaced", "poles", "p", "BoxPad", "zmin", "zmax", "z-weighted"]}}