{"poles": {"dims": ["k"], "edges": [{"__dtype__": "<f8", "__shape__": [57], "__data__": [0.0, 0.005, 0.01, 0.015, 0.02, 0.025, 0.03, 0.035, 0.04, 0.045, 0.05, 0.055, 0.06, 0.065, 0.07, 0.075, 0.08, 0.085, 0.09, 0.095, 0.1, 0.105, 0.11, 0.115, 0.12, 0.125, 0.13, 0.135, 0.14, 0.145, 0.15, 0.155, 0.16, 0.165, 0.17, 0.17500000000000002, 0.18, 0.185, 0.19, 0.195, 0.2, 0.20500000000000002, 0.21, 0.215, 0.22, 0.225, 0.23, 0.23500000000000001, 0.24, 0.245, 0.25, 0.255, 0.26, 0.265, 0.27, 0.275, 0.28]}], "coords": [{"__dtype__": "<f8", "__shape__": [56], "__data__": [0.0025, 0.0075, 0.0125, 0.0175, 0.0225, 0.0275, 0.0325, 0.037500000000000006, 0.042499999999999996, 0.0475, 0.052500000000000005, 0.057499999999999996, 0.0625, 0.0675, 0.07250000000000001, 0.0775, 0.0825, 0.0875, 0.0925, 0.0975, 0.10250000000000001, 0.1075, 0.1125, 0.1175, 0.1225, 0.1275, 0.1325, 0.1375, 0.14250000000000002, 0.1475, 0.1525, 0.1575, 0.1625, 0.1675, 0.17250000000000001, 0.1775, 0.1825, 0.1875, 0.1925, 0.1975, 0.2025, 0.20750000000000002, 0.2125, 0.2175, 0.2225, 0.2275, 0.2325, 0.2375, 0.2425, 0.2475, 0.2525, 0.2575, 0.2625, 0.2675, 0.2725, 0.2775]}], "data": {"__dtype__": [["k", "<f8"], ["power_0", "<c8"], ["modes", "<i8"]], "__shape__": [56], "__data__": [[0.0038169812141514987, {"__complex__": [80476.640625, -8.644702250044933e-13]}, 101], [0.008102533431625902, {"__complex__": [107146.1875, -4.007049141281638e-13]}, 690], [0.012883128306864515, {"__complex__": [111375.9140625, -1.0247827434729795e-13]}, 1846], [0.017777312542360296, {"__complex__": [119061.171875, 8.097893829019792e-14]}, 3594], [0.02269599705603806, {"__complex__": [123347.40625, -5.717356519859343e-14]}, 5854], [0.02765251210165701, {"__complex__": [116196.203125, -1.1041657226127516e-13]}, 8830], [0.03262920169250034, {"__complex__": [110526.1640625, -8.598319539004917e-15]}, 12270], [0.03761033259352332, {"__complex__": [103111.859375, 2.1781641974024518e-14]}, 16368], [0.04260965211295887, {"__complex__": [100998.8359375, -8.974992549550063e-15]}, 21078], [0.047597874483780035, {"__complex__": [99685.0859375, 3.3368300527206185e-14]}, 26166], [0.05257915287563232, {"__complex__": [98685.3125, 1.137863996683022e-14]}, 31972], [0.05757244622986845, {"__complex__": [100297.21875, -3.499147654029318e-14]}, 38468], [0.06256955912994909, {"__complex__": [96667.5234375, 1.7622761872015686e-15]}, 45416], [0.06756287341465005, {"__complex__": [95972.7890625, -4.404999500877199e-15]}, 52856], [0.072555990870719, {"__complex__": [96425.609375, 1.0958126225001086e-14]}, 61086], [0.07755094157865428, {"__complex__": [93387.0, -2.046036883212969e-14]}, 69700], [0.08254748582872287, {"__complex__": [91925.90625, -1.3982673356574115e-14]}, 79094], [0.08754854077840918, {"__complex__": [93291.0234375, -9.96907973381013e-15]}, 89042], [0.0925515968832751, {"__complex__": [90542.484375, -7.019455207520585e-15]}, 99508], [0.09754849051645256, {"__complex__": [90550.296875, 7.192028853161229e-15]}, 110272], [0.10254423676093084, {"__complex__": [88870.234375, -2.0851770898594642e-14]}, 122128], [0.10754136553662962, {"__complex__": [89486.3203125, -2.1710527787690566e-16]}, 134054], [0.11253481356989979, {"__complex__": [87416.6171875, 9.908698990165107e-15]}, 146860], [0.11753207558194355, {"__complex__": [87620.0703125, 5.170804953105127e-15]}, 160412], [0.12253334669795465, {"__complex__": [86997.125, 2.0027407941140656e-15]}, 174384], [0.12753453087559927, {"__complex__": [86944.3203125, 1.8297173739784296e-15]}, 188886], [0.13253434083553217, {"__complex__": [87433.40625, 2.2120794813138087e-15]}, 203930], [0.13752974229193196, {"__complex__": [87364.1484375, 1.327584172626582e-15]}, 219224], [0.14252754536794002, {"__complex__": [86279.625, -4.191930057061274e-15]}, 236056], [0.147528726083082, {"__complex__": [85529.1328125, -3.397854244944023e-15]}, 252678], [0.15252827471161223, {"__complex__": [85204.9921875, 4.768205111077475e-15]}, 270090], [0.15752744014337378, {"__complex__": [85115.4375, -1.1112110885581287e-15]}, 288102], [0.16252453931374536, {"__complex__": [84611.5234375, 7.598712982181423e-16]}, 306408], [0.16752472948513175, {"__complex__": [84521.59375, 1.784733624671681e-16]}, 326142], [0.1725251845945088, {"__complex__": [84218.8125, -2.0219536189401612e-15]}, 345454], [0.17752530288324192, {"__complex__": [84238.7421875, -1.2718607337629186e-15]}, 366126], [0.18252576074272897, {"__complex__": [83824.7734375, 2.70930730310987e-15]}, 386718], [0.18752485889320816, {"__complex__": [84239.2578125, -3.8484874195863356e-15]}, 408370], [0.1925217467935795, {"__complex__": [83792.1796875, -4.300251171454996e-15]}, 429764], [0.19751732432063293, {"__complex__": [83567.75, -9.560351820167329e-16]}, 452828], [0.2025182538425565, {"__complex__": [83125.0234375, 1.1449497872758068e-15]}, 476612], [0.20751939394385094, {"__complex__": [82865.015625, -2.3288188326538173e-15]}, 499890], [0.21252004025055146, {"__complex__": [83438.78125, 2.051869763845999e-15]}, 524810], [0.21752070685543265, {"__complex__": [83532.3203125, 2.4111877045766145e-15]}, 549200], [0.22251795017819287, {"__complex__": [83058.03125, -2.7735833395210784e-15]}, 574504], [0.22751747164792874, {"__complex__": [82554.09375, -4.50033771777188e-15]}, 601434], [0.2325185905011417, {"__complex__": [82405.0703125, -9.041279442178053e-16]}, 627704], [0.2375187342020941, {"__complex__": [82829.15625, -1.887886091081698e-15]}, 655184], [0.24251859186097047, {"__complex__": [82442.453125, -1.3212159671708874e-15]}, 682870], [0.24751725860539991, {"__complex__": [82294.7421875, 1.5244742283587655e-15]}, 711142], [0.25251776412405236, {"__complex__": [81990.4453125, 2.534026963686275e-15]}, 740796], [0.2575159028845246, {"__complex__": [82069.1640625, -5.865053061949012e-16]}, 769148], [0.26251469978923175, {"__complex__": [82363.1015625, 1.6264666302079583e-15]}, 800752], [0.2675172921841699, {"__complex__": [82064.640625, -6.126355844034267e-16]}, 831354], [0.2725170483567197, {"__complex__": [82060.4765625, -2.7347765250426226e-15]}, 862012], [0.2775120027857293, {"__complex__": [82149.15625, -1.9249018543931844e-15]}, 892059]]}, "attrs": {"poles": [0], "dk": 0.005, "kmin": 0.0, "kmax": null, "Nmesh": {"__dtype__": "<i8", "__shape__": [3], "__data__": [512, 512, 512]}, "BoxSize": {"__dtype__": "<f8", "__shape__": [3], "__data__": [2669.0, 5795.0, 2964.0]}, "BoxPad": {"__dtype__": "<f8", "__shape__": [3], "__data__": [0.1, 0.1, 0.1]}, "BoxCenter": {"__dtype__": "<f8", "__shape__": [3], "__data__": [2581.468225697442, 45.04666042667168, 889.0751956169711]}, "mesh.resampler": "tsc", "mesh.interlaced": true, "alpha": 0.05286209285259247, "data.norm": 0.9908890194555476, "randoms.norm": 0.9909852128613208, "shotnoise": 81327.15765012946, "first.data.N": 125721, "first.data.W": 135276.5625, "first.data.W2": 120885.75679047914, "first.data.num_per_cell": 0.0009006690739875967, "first.randoms.N": 2429775, "first.randoms.W": 2559046.75, "first.randoms.W2": 2286898.2636354803, "first.randoms.num_per_cell": 0.017038719830181303, "first.data.ext": 1, "first.randoms.ext": 1, "second.data.N": 125721, "second.data.W": 135276.5625, "second.data.W2": 72185.359375, "second.data.num_per_cell": 0.0005378228379413486, "second.randoms.N": 2429775, "second.randoms.W": 2559046.75, "second.randoms.W2": 1365784.125, "second.randoms.num_per_cell": 0.010175884701311588, "second.data.ext": 1, "second.randoms.ext": 1}}, "attrs": {"poles": [0], "dk": 0.005, "kmin": 0.0, "kmax": null, "Nmesh": {"__dtype__": "<i8", "__shape__": [3], "__data__": [512, 512, 512]}, "BoxSize": {"__dtype__": "<f8", "__shape__": [3], "__data__": [2669.0, 5795.0, 2964.0]}, "BoxPad": {"__dtype__": "<f8", "__shape__": [3], "__data__": [0.1, 0.1, 0.1]}, "BoxCenter": {"__dtype__": "<f8", "__shape__": [3], "__data__": [2581.468225697442, 45.04666042667168, 889.0751956169711]}, "mesh.resampler": "tsc", "mesh.interlaced": true, "alpha": 0.05286209285259247, "data.norm": 0.9908890194555476,