{"poles": {"dims": ["k"], "edges": [{"__dtype__": "<f8", "__shape__": [57], "__data__": [0.0, 0.005, 0.01, 0.015, 0.02, 0.025, 0.03, 0.035, 0.04, 0.045, 0.05, 0.055, 0.06, 0.065, 0.07, 0.075, 0.08, 0.085, 0.09, 0.095, 0.1, 0.105, 0.11, 0.115, 0.12, 0.125, 0.13, 0.135, 0.14, 0.145, 0.15, 0.155, 0.16, 0.165, 0.17, 0.17500000000000002, 0.18, 0.185, 0.19, 0.195, 0.2, 0.20500000000000002, 0.21, 0.215, 0.22, 0.225, 0.23, 0.23500000000000001, 0.24, 0.245, 0.25, 0.255, 0.26, 0.265, 0.27, 0.275, 0.28]}], "coords": [{"__dtype__": "<f8", "__shape__": [56], "__data__": [0.0025, 0.0075, 0.0125, 0.0175, 0.0225, 0.0275, 0.0325, 0.037500000000000006, 0.042499999999999996, 0.0475, 0.052500000000000005, 0.057499999999999996, 0.0625, 0.0675, 0.07250000000000001, 0.0775, 0.0825, 0.0875, 0.0925, 0.0975, 0.10250000000000001, 0.1075, 0.1125, 0.1175, 0.1225, 0.1275, 0.1325, 0.1375, 0.14250000000000002, 0.1475, 0.1525, 0.1575, 0.1625, 0.1675, 0.17250000000000001, 0.1775, 0.1825, 0.1875, 0.1925, 0.1975, 0.2025, 0.20750000000000002, 0.2125, 0.2175, 0.2225, 0.2275, 0.2325, 0.2375, 0.2425, 0.2475, 0.2525, 0.2575, 0.2625, 0.2675, 0.2725, 0.2775]}], "data": {"__dtype__": [["k", "<f8"], ["power_0", "<c8"], ["modes", "<i8"]], "__shape__": [56], "__data__": [[0.0038137415885311555, {"__complex__": [-70802.6640625, 0.0]}, 101], [0.00809698220636754, {"__complex__": [-69970.5703125, -3.1634598911776945e-13]}, 690], [0.01287890809547277, {"__complex__": [-79173.34375, 3.6183141443983657e-13]}, 1850], [0.017767696301382585, {"__complex__": [-80532.125, 1.7024524693633192e-13]}, 3590], [0.022683259766400114, {"__complex__": [-81632.4609375, 2.4824147051112286e-14]}, 5862], [0.02764631407981907, {"__complex__": [-78311.0546875, 3.7767325481189926e-14]}, 8862], [0.03263540154043515, {"__complex__": [-73796.3671875, -2.712709072129338e-14]}, 12338], [0.03761676453716451, {"__complex__": [-69127.0078125, 1.4224746055536974e-14]}, 16368], [0.04261288009936266, {"__complex__": [-70265.0546875, 1.6515934602476072e-14]}, 21146], [0.04759443931065212, {"__complex__": [-68899.671875, 1.0025816541716064e-14]}, 26126], [0.05257487373262988, {"__complex__": [-70362.4765625, 9.061533058738087e-16]}, 32118], [0.05757295936466869, {"__complex__": [-64825.171875, -9.061438191047995e-15]}, 38542], [0.06256986151632381, {"__complex__": [-65841.328125, -3.197379757537296e-15]}, 45512], [0.06756748197896159, {"__complex__": [-66466.625, -1.042165028456105e-14]}, 53060], [0.07255640169982101, {"__complex__": [-64030.6328125, 1.7166462682230953e-14]}, 61034], [0.07754572611527327, {"__complex__": [-63757.8828125, -2.7074493363400676e-15]}, 69872], [0.08254213792397545, {"__complex__": [-63153.53515625, 1.1023342679741983e-14]}, 79206], [0.08754406759737889, {"__complex__": [-61226.98828125, 6.8432062859218046e-15]}, 89312], [0.09254610583571365, {"__complex__": [-61525.58984375, -4.384779871514173e-16]}, 99562], [0.09754484692736226, {"__complex__": [-60627.18359375, -3.6139295969315165e-15]}, 110732], [0.10254364238959912, {"__complex__": [-59104.50390625, -4.998041148567825e-15]}, 122284], [0.10753954105169042, {"__complex__": [-59811.8359375, 6.498905286433942e-16]}, 134348], [0.11253638484507039, {"__complex__": [-59812.06640625, -1.579690929761734e-15]}, 147390], [0.11753721292574676, {"__complex__": [-59365.74609375, -2.7155849819193267e-16]}, 160760], [0.12253670014053401, {"__complex__": [-59043.796875, 6.666704101471795e-16]}, 174622], [0.12753408680508674, {"__complex__": [-58152.203125, -2.1922949092483164e-15]}, 189176], [0.1325314298728443, {"__complex__": [-57830.66796875, -3.56262904648106e-15]}, 204230], [0.13752933342167062, {"__complex__": [-57480.6484375, -8.928610295907838e-16]}, 220024], [0.14252990703484905, {"__complex__": [-57446.94921875, -6.15250957446752e-16]}, 236520], [0.14752930461545236, {"__complex__": [-56898.8359375, 6.095837776340287e-15]}, 253042], [0.15252989069954295, {"__complex__": [-56912.72265625, 2.953536918533353e-16]}, 270982], [0.15752906815099477, {"__complex__": [-56887.08203125, 4.0872482197254305e-15]}, 288386], [0.16252207890137596, {"__complex__": [-57034.0625, -4.126063504533359e-15]}, 306834], [0.16752019111282251, {"__complex__": [-56615.3046875, 4.4523598658152653e-17]}, 326836], [0.17252382290077675, {"__complex__": [-56537.390625, -2.7294027362670045e-15]}, 346550], [0.17752588711733291, {"__complex__": [-56516.640625, 3.5703988797062235e-15]}, 366814], [0.1825259202896903, {"__complex__": [-55711.8671875, 2.2526301248724243e-15]}, 387598], [0.18752314005255183, {"__complex__": [-56468.5703125, -6.051521012539942e-16]}, 408794], [0.19252090543499803, {"__complex__": [-56197.50390625, -8.94204635603366e-16]}, 431250], [0.197519286702713, {"__complex__": [-56508.3984375, -1.282756886187059e-16]}, 453770], [0.20251807958891338, {"__complex__": [-56234.85546875, 4.5131673023074675e-15]}, 477200], [0.20751914306684713, {"__complex__": [-56063.734375, -9.432973946768043e-16]}, 501366], [0.2125198008074529, {"__complex__": [-56022.60546875, 3.3230758470198084e-15]}, 525486], [0.21751839448314947, {"__complex__": [-55563.15234375, -7.933398463652055e-16]}, 550278], [0.22251919039106943, {"__complex__": [-55825.28125, -2.1733719814484185e-15]}, 576654], [0.22752058666290556, {"__complex__": [-56006.921875, -9.665225616344844e-17]}, 602238], [0.2325193497007936, {"__complex__": [-56003.9765625, -1.414320240546304e-15]}, 628914], [0.2375180571393202, {"__complex__": [-55248.11328125, -6.49557930568743e-15]}, 656402], [0.2425154964934188, {"__complex__": [-55751.81640625, 9.817102329556684e-16]}, 683712], [0.24751449350943214, {"__complex__": [-55594.91015625, 1.9994331304550375e-15]}, 713246], [0.25251722798697407, {"__complex__": [-55104.7578125, -1.2346779990817045e-15]}, 742518], [0.2575168865400579, {"__complex__": [-55270.04296875, -1.1135851101510457e-15]}, 770990], [0.2625158277116104, {"__complex__": [-55018.00390625, -1.3421097288808092e-15]}, 802350], [0.2675160306708412, {"__complex__": [-55068.30859375, -1.503383743246844e-15]}, 832432], [0.27251507574953127, {"__complex__": [-54861.0546875, -3.7048686423355143e-16]}, 864112], [0.2775106530651887, {"__complex__": [-54814.01171875, 8.463813142200658e-16]}, 894041]]}, "attrs": {"poles": [0], "dk": 0.005, "kmin": 0.0, "kmax": null, "Nmesh": {"__dtype__": "<i8", "__shape__": [3], "__data__": [512, 512, 512]}, "BoxSize": {"__dtype__": "<f8", "__shape__": [3], "__data__": [2667.0, 5794.0, 2973.0]}, "BoxPad": {"__dtype__": "<f8", "__shape__": [3], "__data__": [0.1, 0.1, 0.1]}, "BoxCenter": {"__dtype__": "<f8", "__shape__": [3], "__data__": [2582.330662874665, 47.52604635412513, 889.7621983264639]}, "mesh.resampler": "tsc", "mesh.interlaced": true, "alpha": 0.05277028679847717, "data.norm": -0.7939049229956382, "randoms.norm": -0.7934804688070453, "shotnoise": 68193.96589142802, "first.data.N": 125810, "first.data.W": 135466.234375, "first.data.W2": 121037.06981174798, "first.data.num_per_cell": 0.0009017964438479243, "first.randoms.N": 2437678, "first.randoms.W": 2567093.0, "first.randoms.W2": 2293829.216294092, "first.randoms.num_per_cell": 0.017090359451577754, "first.data.ext": 1, "first.randoms.ext": 1, "second.data.N": 125810, "second.data.W": 135466.234375, "second.data.W2": -56555.58984375, "second.data.num_per_cell": -0.00042137198033742607, "second.randoms.N": 2437678, "second.randoms.W": 2567093.0, "second.randoms.W2": -1071000.75, "second.randoms.num_per_cell": -0.007979577407240868, "second.data.ext": 1, "second.randoms.ext": 1}}, "attrs": {"poles": [0], "dk": 0.005, "kmin": 0.0, "kmax": null, "Nmesh": {"__dtype__": "<i8", "__shape__": [3], "__data__": [512, 512, 512]}, "BoxSize": {"__dtype__": "<f8", "__shape__": [3], "__data__": [2667.0, 5794.0, 2973.0]}, "BoxPad": {"__dtype__": "<f8", "__shape__": [3], "__data__": [0.1, 0.1, 0.1]}, "BoxCenter": {"__dtype__": "<f8", "__shape__": [3], "__data__": [2582.330662874665, 47.52604635412513, 889.7621983264639]}, "mesh.resampler": "tsc",