{"poles": {"dims": ["k"], "edges": [{"__dtype__": "<f8", "__shape__": [57], "__data__": [0.0, 0.005, 0.01, 0.015, 0.02, 0.025, 0.03, 0.035, 0.04, 0.045, 0.05, 0.055, 0.06, 0.065, 0.07, 0.075, 0.08, 0.085, 0.09, 0.095, 0.1, 0.105, 0.11, 0.115, 0.12, 0.125, 0.13, 0.135, 0.14, 0.145, 0.15, 0.155, 0.16, 0.165, 0.17, 0.17500000000000002, 0.18, 0.185, 0.19, 0.195, 0.2, 0.20500000000000002, 0.21, 0.215, 0.22, 0.225, 0.23, 0.23500000000000001, 0.24, 0.245, 0.25, 0.255, 0.26, 0.265, 0.27, 0.275, 0.28]}], "coords": [{"__dtype__": "<f8", "__shape__": [56], "__data__": [0.0025, 0.0075, 0.0125, 0.0175, 0.0225, 0.0275, 0.0325, 0.037500000000000006, 0.042499999999999996, 0.0475, 0.052500000000000005, 0.057499999999999996, 0.0625, 0.0675, 0.07250000000000001, 0.0775, 0.0825, 0.0875, 0.0925, 0.0975, 0.10250000000000001, 0.1075, 0.1125, 0.1175, 0.1225, 0.1275, 0.1325, 0.1375, 0.14250000000000002, 0.1475, 0.1525, 0.1575, 0.1625, 0.1675, 0.17250000000000001, 0.1775, 0.1825, 0.1875, 0.1925, 0.1975, 0.2025, 0.20750000000000002, 0.2125, 0.2175, 0.2225, 0.2275, 0.2325, 0.2375, 0.2425, 0.2475, 0.2525, 0.2575, 0.2625, 0.2675, 0.2725, 0.2775]}], "data": {"__dtype__": [["k", "<f8"], ["power_0", "<c8"], ["modes", "<i8"]], "__shape__": [56], "__data__": [[0.003820530503741782, {"__complex__": [-82541.90625, -7.924310079648889e-13]}, 101], [0.008101346266564535, {"__complex__": [-114674.046875, -2.9697785571859703e-13]}, 686], [0.012874046200975873, {"__complex__": [-84198.546875, 7.934522857537887e-14]}, 1834], [0.017770445216352102, {"__complex__": [-83725.8046875, -1.2985535498451217e-13]}, 3586], [0.022697435066866337, {"__complex__": [-87107.3046875, 4.9818263968585356e-15]}, 5842], [0.02763875581187467, {"__complex__": [-81256.390625, 3.4155516007725387e-14]}, 8734], [0.03261341813560715, {"__complex__": [-77033.2890625, 9.487801542410867e-15]}, 12270], [0.03760743873491385, {"__complex__": [-76157.140625, -2.8526175697854775e-14]}, 16324], [0.042607065111848884, {"__complex__": [-70695.9765625, -3.813758221715962e-15]}, 20986], [0.04759691904423769, {"__complex__": [-67466.5546875, 5.852873151683969e-15]}, 26106], [0.05257362298336719, {"__complex__": [-65897.0078125, -9.163674220748642e-15]}, 31760], [0.0575595692505597, {"__complex__": [-67695.1015625, -6.45637735033908e-15]}, 38316], [0.06255975916732347, {"__complex__": [-66935.8359375, 1.1405833112568872e-14]}, 45292], [0.0675631687507505, {"__complex__": [-64980.58203125, -1.3637255014749706e-14]}, 52820], [0.07256053636100257, {"__complex__": [-65547.515625, 1.1721911080133339e-14]}, 60830], [0.0775540475556933, {"__complex__": [-63975.6640625, 9.63536569325088e-15]}, 69472], [0.08254738577149229, {"__complex__": [-62610.25390625, -2.218730807532123e-15]}, 78704], [0.0875459362010491, {"__complex__": [-61166.1171875, 4.098946221183045e-16]}, 88754], [0.09254365366119027, {"__complex__": [-59734.484375, -5.590666056048401e-15]}, 98910], [0.09754298965381834, {"__complex__": [-60608.12890625, 6.205451463011519e-15]}, 110216], [0.10254727182431264, {"__complex__": [-60740.11328125, 7.888901493592181e-15]}, 121744], [0.10753950093040986, {"__complex__": [-60031.9609375, 6.33176101610608e-15]}, 133298], [0.11253438115051767, {"__complex__": [-58659.10546875, 2.4048571920870726e-15]}, 146738], [0.11753799775305755, {"__complex__": [-58144.6171875, -9.103937645660006e-16]}, 159842], [0.12253432131330011, {"__complex__": [-59086.515625, 1.7617330273241418e-15]}, 173460], [0.12753261063791102, {"__complex__": [-58098.9609375, -8.884801751875846e-16]}, 188352], [0.13253232141833188, {"__complex__": [-57845.3828125, -2.795467918021051e-15]}, 203016], [0.13752781882663542, {"__complex__": [-57608.77734375, 3.959822700722862e-15]}, 218656], [0.14252657202540697, {"__complex__": [-57846.3984375, 3.837008005568672e-15]}, 235136], [0.14752673935085237, {"__complex__": [-57335.140625, -3.742746791066424e-15]}, 251750], [0.152528607724452, {"__complex__": [-56870.01953125, 6.480815309658551e-16]}, 269446], [0.1575282439248071, {"__complex__": [-57261.1171875, -1.775403292059879e-15]}, 286874], [0.16252367984622537, {"__complex__": [-57091.10546875, 4.289535357639282e-15]}, 305318], [0.1675227094292691, {"__complex__": [-56851.53125, -3.5833990884411233e-16]}, 324874], [0.1725195796244992, {"__complex__": [-56403.80078125, 3.385741038523576e-15]}, 343840], [0.17752043850934215, {"__complex__": [-56910.453125, -1.812704717232827e-15]}, 365262], [0.18252393551028062, {"__complex__": [-56094.3515625, -1.8122782361438845e-15]}, 385422], [0.18752390670082097, {"__complex__": [-56019.87890625, -1.2469301189055012e-15]}, 406998], [0.19252249427904444, {"__complex__": [-56279.921875, -4.414878446141026e-15]}, 428494], [0.19752141191040004, {"__complex__": [-56554.3203125, 3.2540782372023676e-15]}, 451662], [0.20252200956603295, {"__complex__": [-55854.66015625, 1.1808133740207906e-15]}, 474460], [0.2075213503982992, {"__complex__": [-55841.16015625, 7.666065336377941e-16]}, 498284], [0.21251990104687388, {"__complex__": [-55551.0, 1.5600072604960834e-15]}, 522374], [0.2175161932714313, {"__complex__": [-55457.85546875, 8.248751476892791e-16]}, 546882], [0.22251539528322656, {"__complex__": [-55601.28515625, 1.7258927339852074e-15]}, 573344], [0.22751847531682923, {"__complex__": [-55566.94921875, -3.642203821408661e-16]}, 599304], [0.2325191726709228, {"__complex__": [-55464.44140625, 9.30732838809479e-17]}, 625396], [0.237519577712486, {"__complex__": [-55348.12109375, 1.6264201492749777e-15]}, 653146], [0.242520605412366, {"__complex__": [-55478.33203125, -4.367533116037773e-15]}, 680528], [0.24751928200781845, {"__complex__": [-55386.47265625, -1.026853806791652e-15]}, 708568], [0.252516538259946, {"__complex__": [-54913.30078125, -2.1707436382130884e-15]}, 737402], [0.25751609458110514, {"__complex__": [-54997.9765625, 2.227306804364836e-15]}, 767676], [0.26251715516057605, {"__complex__": [-54856.90234375, -3.650252751989945e-16]}, 797310], [0.26751614177778604, {"__complex__": [-55052.15234375, -1.5729273716779085e-15]}, 828008], [0.2725153550373172, {"__complex__": [-55062.97265625, -1.6937178169068384e-16]}, 859170], [0.27751200541118626, {"__complex__": [-55457.46484375, 1.357743204230045e-15]}, 889571]]}, "attrs": {"poles": [0], "dk": 0.005, "kmin": 0.0, "kmax": null, "Nmesh": {"__dtype__": "<i8", "__shape__": [3], "__data__": [512, 512, 512]}, "BoxSize": {"__dtype__": "<f8", "__shape__": [3], "__data__": [2657.0, 5791.0, 2969.0]}, "BoxPad": {"__dtype__": "<f8", "__shape__": [3], "__data__": [0.1, 0.1, 0.1]}, "BoxCenter": {"__dtype__": "<f8", "__shape__": [3], "__data__": [2586.3535311846413, 46.46974352163579, 889.3345659481204]}, "mesh.resampler": "tsc", "mesh.interlaced": true, "alpha": 0.05286095291376114, "data.norm": -0.7958078318944619, "randoms.norm": -0.7957619470417914, "shotnoise": 67980.38983985518, "first.data.N": 126334, "first.data.W": 135901.90625, "first.data.W2": 121297.64506193667, "first.data.num_per_cell": 0.0009037378807510187, "first.randoms.N": 2444141, "first.randoms.W": 2570931.75, "first.randoms.W2": 2294582.399634848, "first.randoms.num_per_cell": 0.017095971104762315, "first.data.ext": 1, "first.randoms.ext": 1, "second.data.N": 126334, "second.data.W": 135901.90625, "second.data.W2": -56623.28515625, "second.data.num_per_cell": -0.00042187634971924126, "second.randoms.N": 2444141, "second.randoms.W": 2570931.75, "second.randoms.W2": -1070940.0, "second.randoms.num_per_cell": -0.007979124784469604, "second.data.ext": 1, "second.randoms.ext": 1}}, "attrs": {"poles": [0], "dk": 0.005, "kmin": 0.0, "kmax": null, "Nmesh": {"__dtype__": "<i8", "__shape__": [3], "__data__": [512, 512, 512]}, "BoxSize": {"__dtype__": "<f8", "__shape__": [3], "__data__": [2657.0, 5791.0, 2969.0]}, "BoxPad": {"__dtype__": "<f8", "__shape__": [3], "__data__": [0.1, 0.1, 0.1]}, "BoxCenter": {"__dtype__": "<f8", "__shape__": [3], "__data__": [2586.3535311846413, 46.46974352163579, 889.3345659481204]}, "mesh.resampler": "tsc",