{"poles": {"dims": ["k"], "edges": [{"__dtype__": "<f8", "__shape__": [57], "__data__": [0.0, 0.005, 0.01, 0.015, 0.02, 0.025, 0.03, 0.035, 0.04, 0.045, 0.05, 0.055, 0.06, 0.065, 0.07, 0.075, 0.08, 0.085, 0.09, 0.095, 0.1, 0.105, 0.11, 0.115, 0.12, 0.125, 0.13, 0.135, 0.14, 0.145, 0.15, 0.155, 0.16, 0.165, 0.17, 0.17500000000000002, 0.18, 0.185, 0.19, 0.195, 0.2, 0.20500000000000002, 0.21, 0.215, 0.22, 0.225, 0.23, 0.23500000000000001, 0.24, 0.245, 0.25, 0.255, 0.26, 0.265, 0.27, 0.275, 0.28]}], "coords": [{"__dtype__": "<f8", "__shape__": [56], "__data__": [0.0025, 0.0075, 0.0125, 0.0175, 0.0225, 0.0275, 0.0325, 0.037500000000000006, 0.042499999999999996, 0.0475, 0.052500000000000005, 0.057499999999999996, 0.0625, 0.0675, 0.07250000000000001, 0.0775, 0.0825, 0.0875, 0.0925, 0.0975, 0.10250000000000001, 0.1075, 0.1125, 0.1175, 0.1225, 0.1275, 0.1325, 0.1375, 0.14250000000000002, 0.1475, 0.1525, 0.1575, 0.1625, 0.1675, 0.17250000000000001, 0.1775, 0.1825, 0.1875, 0.1925, 0.1975, 0.2025, 0.20750000000000002, 0.2125, 0.2175, 0.2225, 0.2275, 0.2325, 0.2375, 0.2425, 0.2475, 0.2525, 0.2575, 0.2625, 0.2675, 0.2725, 0.2775]}], "data": {"__dtype__": [["k", "<f8"], ["power_0", "<c8"], ["modes", "<i8"]], "__shape__": [56], "__data__": [[0.003816489637686008, {"__complex__": [-60169.48046875, -2.8815673263314634e-13]}, 101], [0.008102645319117677, {"__complex__": [-70008.625, 4.217946589332895e-14]}, 690], [0.012883312178228893, {"__complex__": [-81469.65625, 1.4189299420760276e-13]}, 1846], [0.01777205617774857, {"__complex__": [-81915.6796875, 1.623191937306402e-14]}, 3586], [0.022689130645843263, {"__complex__": [-86379.515625, 8.451744214427528e-14]}, 5854], [0.027642662412515007, {"__complex__": [-77893.6640625, -5.6159490577877e-14]}, 8810], [0.032619833085306596, {"__complex__": [-76437.8046875, -9.478531613836116e-15]}, 12282], [0.037608698934673494, {"__complex__": [-70546.28125, 6.214214442367338e-15]}, 16392], [0.042611340258215724, {"__complex__": [-68502.171875, 1.898556249821555e-14]}, 21078], [0.04759702264782582, {"__complex__": [-67017.625, 6.123137478823704e-14]}, 26142], [0.052577349528586746, {"__complex__": [-69176.8046875, -1.0238214288404816e-14]}, 31980], [0.05756768753046034, {"__complex__": [-66395.6953125, -8.144163342576737e-15]}, 38416], [0.06256590277373872, {"__complex__": [-66394.203125, -4.799866355612893e-15]}, 45476], [0.06756245330013928, {"__complex__": [-65490.44140625, 5.506666010427429e-16]}, 52852], [0.07255145204824633, {"__complex__": [-63309.5703125, 9.543178227161748e-16]}, 60994], [0.07754649617991255, {"__complex__": [-63847.43359375, 1.0218455550844215e-14]}, 69780], [0.08254490987981669, {"__complex__": [-63078.6171875, 1.8408495574272785e-16]}, 79050], [0.08754394505717467, {"__complex__": [-61522.08203125, -2.7792046736755316e-15]}, 89012], [0.09254671559456792, {"__complex__": [-60847.87890625, 5.118249523343313e-16]}, 99510], [0.09754628307547569, {"__complex__": [-59951.4765625, -4.219016476648572e-15]}, 110372], [0.1025460586419448, {"__complex__": [-60365.17578125, -2.3813436633504117e-16]}, 122216], [0.10754353876498549, {"__complex__": [-60222.39453125, 4.018486085067326e-15]}, 133986], [0.11253749481217842, {"__complex__": [-59264.30859375, -8.785833892923061e-16]}, 146996], [0.11753485952019324, {"__complex__": [-59007.01171875, 9.986216692640742e-16]}, 160292], [0.12253303684219587, {"__complex__": [-59115.1953125, 1.502865782599598e-15]}, 174290], [0.12753449208345796, {"__complex__": [-58615.64453125, 5.2347233298543575e-15]}, 189032], [0.13253251961368936, {"__complex__": [-57618.30859375, -2.215556128045814e-15]}, 203610], [0.13752616162466907, {"__complex__": [-57422.921875, -2.65313504266328e-15]}, 219392], [0.1425255997054451, {"__complex__": [-57529.87890625, 4.931766220280214e-16]}, 236052], [0.14752784712409295, {"__complex__": [-57225.48046875, 5.757160969743075e-15]}, 252762], [0.15253066418509661, {"__complex__": [-57681.4375, -8.073453243898185e-16]}, 270366], [0.15752865393531684, {"__complex__": [-56995.265625, -2.250551717778099e-15]}, 287734], [0.162521729486818, {"__complex__": [-56676.02734375, -2.7558464696055733e-15]}, 306262], [0.1675219843409668, {"__complex__": [-56565.140625, -1.962232290444576e-15]}, 326304], [0.17252239996868246, {"__complex__": [-55909.66015625, 5.358057679721688e-15]}, 345258], [0.17752149631735556, {"__complex__": [-56121.625, -2.5832412719876442e-15]}, 366158], [0.18252479360824436, {"__complex__": [-55875.26171875, -3.6460037700287214e-15]}, 387146], [0.18752552455244073, {"__complex__": [-56005.80078125, 3.208644448702831e-16]}, 408170], [0.19252263051671348, {"__complex__": [-55813.65234375, 6.091357819082259e-15]}, 430010], [0.1975193957719978, {"__complex__": [-55722.69140625, 1.1246429135192137e-15]}, 452870], [0.2025188148976083, {"__complex__": [-55919.72265625, -3.223303200888014e-15]}, 476290], [0.20751973067103374, {"__complex__": [-55909.4609375, 5.818904060004638e-16]}, 500160], [0.21252073239193525, {"__complex__": [-55791.3671875, -1.9970377212802023e-15]}, 524646], [0.21752010295292412, {"__complex__": [-55524.125, -3.233382045927393e-15]}, 549064], [0.22251807947510288, {"__complex__": [-55335.33984375, -9.619594363289479e-16]}, 574840], [0.2275175711225781, {"__complex__": [-55248.76171875, -3.025950029891919e-16]}, 601130], [0.23251794359152306, {"__complex__": [-55113.76953125, 1.4833992714057996e-15]}, 627830], [0.23751759050287904, {"__complex__": [-55166.41015625, 0.0]}, 654994], [0.24251708682885825, {"__complex__": [-54928.28125, 2.034925928527361e-15]}, 682928], [0.24751499651084066, {"__complex__": [-55501.3359375, 6.75612484031784e-16]}, 710782], [0.2525147316714011, {"__complex__": [-54987.72265625, -3.299228481422811e-15]}, 740998], [0.25751577202148473, {"__complex__": [-54972.12890625, 4.083050324438838e-15]}, 769820], [0.26251490503613667, {"__complex__": [-55017.41015625, 1.4548496288718994e-16]}, 800188], [0.2675159954627314, {"__complex__": [-55132.52734375, 9.888189569655001e-16]}, 831480], [0.2725166669532276, {"__complex__": [-54777.93359375, 1.2659034451657607e-16]}, 862146], [0.2775126990917004, {"__complex__": [-55115.44140625, 1.2229281697956297e-16]}, 892443]]}, "attrs": {"poles": [0], "dk": 0.005, "kmin": 0.0, "kmax": null, "Nmesh": {"__dtype__": "<i8", "__shape__": [3], "__data__": [512, 512, 512]}, "BoxSize": {"__dtype__": "<f8", "__shape__": [3], "__data__": [2665.0, 5794.0, 2969.0]}, "BoxPad": {"__dtype__": "<f8", "__shape__": [3], "__data__": [0.1, 0.1, 0.1]}, "BoxCenter": {"__dtype__": "<f8", "__shape__": [3], "__data__": [2582.6744135244253, 45.584595404458014, 893.8087226619011]}, "mesh.resampler": "tsc", "mesh.interlaced": true, "alpha": 0.0527910552918911, "data.norm": -0.7928790485598787, "randoms.norm": -0.7927155903041755, "shotnoise": 68089.42476838989, "first.data.N": 126337, "first.data.W": 135901.546875, "first.data.W2": 121367.90157833161, "first.data.num_per_cell": 0.0009042613325888784, "first.randoms.N": 2445089, "first.randoms.W": 2574329.0, "first.randoms.W2": 2299175.3676345125, "first.randoms.num_per_cell": 0.017130191383022908, "first.data.ext": 1, "first.randoms.ext": 1, "second.data.N": 126337, "second.data.W": 135901.546875, "second.data.W2": -56516.85546875, "second.data.num_per_cell": -0.0004210833867546171, "second.randoms.N": 2445089, "second.randoms.W": 2574329.0, "second.randoms.W2": -1070501.875, "second.randoms.num_per_cell": -0.007975860498845577, "second.data.ext": 1, "second.randoms.ext": 1}}, "attrs": {"poles": [0], "dk": 0.005, "kmin": 0.0, "kmax": null, "Nmesh": {"__dtype__": "<i8", "__shape__": [3], "__data__": [512, 512, 512]}, "BoxSize": {"__dtype__": "<f8", "__shape__": [3], "__data__": [2665.0, 5794.0, 2969.0]}, "BoxPad": {"__dtype__": "<f8", "__shape__": [3], "__data__": [0.1, 0.1, 0.1]}, "BoxCenter": {"__dtype__": "<f8", "__shape__": [3], "__data__": [2582.6744135244253, 45.584595404458014, 893.8087226619011]}, "mesh.resampler": "tsc",