{"poles": {"dims": ["k"], "edges": [{"__dtype__": "<f8", "__shape__": [46], "__data__": [0.0, 0.005, 0.01, 0.015, 0.02, 0.025, 0.03, 0.035, 0.04, 0.045, 0.05, 0.055, 0.06, 0.065, 0.07, 0.075, 0.08, 0.085, 0.09, 0.095, 0.1, 0.105, 0.11, 0.115, 0.12, 0.125, 0.13, 0.135, 0.14, 0.145, 0.15, 0.155, 0.16, 0.165, 0.17, 0.17500000000000002, 0.18, 0.185, 0.19, 0.195, 0.2, 0.20500000000000002, 0.21, 0.215, 0.22, 0.225]}], "coords": [{"__dtype__": "<f8", "__shape__": [45], "__data__": [0.0025, 0.0075, 0.0125, 0.0175, 0.0225, 0.0275, 0.0325, 0.037500000000000006, 0.042499999999999996, 0.0475, 0.052500000000000005, 0.057499999999999996, 0.0625, 0.0675, 0.07250000000000001, 0.0775, 0.0825, 0.0875, 0.0925, 0.0975, 0.10250000000000001, 0.1075, 0.1125, 0.1175, 0.1225, 0.1275, 0.1325, 0.1375, 0.14250000000000002, 0.1475, 0.1525, 0.1575, 0.1625, 0.1675, 0.17250000000000001, 0.1775, 0.1825, 0.1875, 0.1925, 0.1975, 0.2025, 0.20750000000000002, 0.2125, 0.2175, 0.2225]}], "data": {"__dtype__": [["k", "<f8"], ["power_0", "<c8"], ["modes", "<i8"]], "__shape__": [45], "__data__": [[0.0038126245466412077, {"__complex__": [-84183.40625, 8.713721476143188e-13]}, 167], [0.008045874318259436, {"__complex__": [-140602.703125, -8.741908564223466e-14]}, 1082], [0.012807851204213284, {"__complex__": [-139959.234375, -1.4649578479550979e-13]}, 2980], [0.017713135369907238, {"__complex__": [-148670.5, -3.0201614321413717e-13]}, 5806], [0.022668474458173864, {"__complex__": [-135898.875, -7.2759574515531e-14]}, 9600], [0.027652393938122476, {"__complex__": [-134219.34375, -2.1849114585723722e-13]}, 14386], [0.03262859420147197, {"__complex__": [-126719.796875, -2.6322428056126633e-14]}, 19902], [0.03760570225160751, {"__complex__": [-120204.359375, 3.1729739007665264e-14]}, 26600], [0.04259843135533838, {"__complex__": [-117019.3984375, -8.508399368357348e-16]}, 34206], [0.04758664283337323, {"__complex__": [-112982.0703125, -1.506267678674008e-14]}, 42508], [0.05257007856302708, {"__complex__": [-108456.28125, -3.63490297973848e-15]}, 52044], [0.05756716931262651, {"__complex__": [-107866.796875, 5.582933068756443e-15]}, 62556], [0.06257026711030955, {"__complex__": [-107987.375, 2.36347497393249e-15]}, 73884], [0.06756393970408255, {"__complex__": [-103717.2890625, -4.740368220298909e-15]}, 85954], [0.07254989743080792, {"__complex__": [-102623.6484375, 5.293530286283382e-15]}, 98964], [0.07755034373012704, {"__complex__": [-101750.1171875, 1.5333138641963114e-15]}, 113886], [0.08255260415779207, {"__complex__": [-101011.7421875, -8.617175339443745e-15]}, 128342], [0.08754826725205472, {"__complex__": [-100170.0859375, -1.2473817145213298e-14]}, 144658], [0.09254558626554904, {"__complex__": [-96294.9296875, 1.0270922465663041e-14]}, 161516], [0.09754212391306413, {"__complex__": [-96792.421875, -5.83867137377383e-15]}, 179448], [0.10254086216414379, {"__complex__": [-95518.328125, 1.5836585379657916e-14]}, 198478], [0.10753558130918432, {"__complex__": [-94503.4921875, 5.210855635466626e-15]}, 217824], [0.11253387423017695, {"__complex__": [-95553.46875, -8.512665873312668e-15]}, 239322], [0.11753652175167996, {"__complex__": [-95411.84375, 3.627848889353746e-15]}, 260726], [0.1225317516518254, {"__complex__": [-93500.046875, -6.379124557417699e-15]}, 282866], [0.1275309532140367, {"__complex__": [-93187.984375, 1.1641759740466454e-14]}, 307494], [0.13253157370938717, {"__complex__": [-92873.578125, 1.8458865976668038e-15]}, 331104], [0.1375303662688267, {"__complex__": [-91421.171875, -1.629079515092001e-15]}, 357304], [0.14253225122319133, {"__complex__": [-91087.8515625, -4.173952206272275e-15]}, 383500], [0.14752716403076885, {"__complex__": [-91522.515625, 1.8458878682162247e-15]}, 409938], [0.15252330391968352, {"__complex__": [-90992.140625, 4.238505434215473e-15]}, 439458], [0.15752497649388356, {"__complex__": [-89918.953125, 7.457485061303345e-16]}, 468316], [0.16252384630651917, {"__complex__": [-90046.7265625, 2.7004649144152454e-15]}, 498452], [0.1675235371007341, {"__complex__": [-90043.4296875, 0.0]}, 529944], [0.17252496082152635, {"__complex__": [-90020.4375, 2.201382513981171e-16]}, 561880], [0.17752292133470307, {"__complex__": [-89042.515625, 5.2141433938513934e-15]}, 594452], [0.18252092792534866, {"__complex__": [-88974.375, -5.091076176999803e-16]}, 628830], [0.18752244384862357, {"__complex__": [-88987.25, 1.270722109723572e-15]}, 664198], [0.19252233685201578, {"__complex__": [-88454.3046875, 9.98850156401596e-16]}, 699296], [0.19752039883733302, {"__complex__": [-88906.5546875, 4.348622946671643e-16]}, 736192], [0.2025198120034051, {"__complex__": [-88779.09375, 2.1327091060242918e-15]}, 774434], [0.20751879518891406, {"__complex__": [-87872.4296875, 2.3733503193062912e-15]}, 812408], [0.21251907466477546, {"__complex__": [-87398.515625, -3.4114821050928383e-16]}, 853114], [0.21751829543417275, {"__complex__": [-88053.28125, -2.6090682065219343e-16]}, 892390], [0.22251444948263222, {"__complex__": [-87094.8359375, 2.1190739931558657e-15]}, 933927]]}, "attrs": {"poles": [0], "dk": 0.005, "kmin": 0.0, "kmax": null, "Nmesh": {"__dtype__": "<i8", "__shape__": [3], "__data__": [512, 512, 512]}, "BoxSize": {"__dtype__": "<f8", "__shape__": [3], "__data__": [3434.0, 7184.0, 3021.0]}, "BoxPad": {"__dtype__": "<f8", "__shape__": [3], "__data__": [0.1, 0.1, 0.1]}, "BoxCenter": {"__dtype__": "<f8", "__shape__": [3], "__data__": [-1752.3849397888196, 40.63791257990533, 1912.2672951773857]}, "mesh.resampler": "tsc", "mesh.interlaced": true, "alpha": 0.05692795291543007, "data.norm": -1.4334423892758466, "randoms.norm": -1.43430474017176, "shotnoise": 59169.856025194495, "first.data.N": 219658, "first.data.W": 232215.765625, "first.data.W2": 200481.67534250597, "first.data.num_per_cell": 0.0014937048803456573, "first.randoms.N": 3948057, "first.randoms.W": 4079116.75, "first.randoms.W2": 3521266.2618320356, "first.randoms.num_per_cell": 0.026235478087008265, "first.data.ext": 1, "first.randoms.ext": 1, "second.data.N": 219658, "second.data.W": 232215.765625, "second.data.W2": -94759.265625, "second.data.num_per_cell": -0.0007060115458443761, "second.randoms.N": 3948057, "second.randoms.W": 4079116.75, "second.randoms.W2": -1665457.375, "second.randoms.num_per_cell": -0.012408624403178692, "second.data.ext": 1, "second.randoms.ext": 1}}, "attrs": {"poles": [0], "dk": 0.005, "kmin": 0.0, "kmax": null, "Nmesh": {"__dtype__": "<i8", "__shape__": [3], "__data__": [512, 512, 512]}, "BoxSize": {"__dtype__": "<f8", "__shape__": [3], "__data__": [3434.0, 7184.0, 3021.0]}, "BoxPad": {"__dtype__": "<f8", "__shape__": [3], "__data__": [0.1, 0.1, 0.1]}, "BoxCenter": {"__dtype__": "<f8", "__shape__": [3], "__data__": [-1752.3849397888196, 40.63791257990533, 1912.2672951773857]}, "mesh.resampler": "tsc", "mesh.interlaced": true, "alpha": 0.05692795291543007, "data.norm": -1.4334423892758466, "randoms.norm": -1.43430474017176, "shotnoise": 59169.856025194495, "first.data.N": 219658, "first.data.W": 232215.765625, "first.data.W2": 200481.67534250597, "first.data.num_per_cell": 0.0014937048803456573, "first.randoms.N": 3948057, "first.randoms.W": 4079116.75, "first.randoms.W2": 3521266.2618320356, "first.randoms.num_per_cell": 0.026235478087008265, "first.data.ext": 1, "first.randoms.ext": 1, "second.data.N": 219658, "second.data.W": 232215.765625, "second.data.W2": -94759.265625, "second.data.num_per_cell": -0.0007060115458443761, "second.randoms.N": 3948057, "second.randoms.W": 4079116.75, "second.randoms.W2": -1665457.375, "second.randoms.num_per_cell": -0.012408624403178692, "second.data.ext": 1, "second.randoms.ext": 1, "p": 3.0, "zmin": 0.8, "zmax": 2.2, "P0_FKP": 30000.0, "z-weighted": true, "hashkeys": ["Nmesh", "P0_FKP", "dk", "kmin", "mesh.window", "mesh.interlaced", "poles", "p", "BoxPad", "zmin", "zmax", "z-weighted"]}}