{"poles": {"dims": ["k"], "edges": [{"__dtype__": "<f8", "__shape__": [46], "__data__": [0.0, 0.005, 0.01, 0.015, 0.02, 0.025, 0.03, 0.035, 0.04, 0.045, 0.05, 0.055, 0.06, 0.065, 0.07, 0.075, 0.08, 0.085, 0.09, 0.095, 0.1, 0.105, 0.11, 0.115, 0.12, 0.125, 0.13, 0.135, 0.14, 0.145, 0.15, 0.155, 0.16, 0.165, 0.17, 0.17500000000000002, 0.18, 0.185, 0.19, 0.195, 0.2, 0.20500000000000002, 0.21, 0.215, 0.22, 0.225]}], "coords": [{"__dtype__": "<f8", "__shape__": [45], "__data__": [0.0025, 0.0075, 0.0125, 0.0175, 0.0225, 0.0275, 0.0325, 0.037500000000000006, 0.042499999999999996, 0.0475, 0.052500000000000005, 0.057499999999999996, 0.0625, 0.0675, 0.07250000000000001, 0.0775, 0.0825, 0.0875, 0.0925, 0.0975, 0.10250000000000001, 0.1075, 0.1125, 0.1175, 0.1225, 0.1275, 0.1325, 0.1375, 0.14250000000000002, 0.1475, 0.1525, 0.1575, 0.1625, 0.1675, 0.17250000000000001, 0.1775, 0.1825, 0.1875, 0.1925, 0.1975, 0.2025, 0.20750000000000002, 0.2125, 0.2175, 0.2225]}], "data": {"__dtype__": [["k", "<f8"], ["power_0", "<c8"], ["modes", "<i8"]], "__shape__": [45], "__data__": [[0.0038131510507345896, {"__complex__": [72455.5390625, 1.7427444036488549e-13]}, 167], [0.008075619739222566, {"__complex__": [87251.046875, -2.6506219636714123e-13]}, 1098], [0.012827775247837521, {"__complex__": [104253.5078125, -6.052061927780059e-14]}, 2968], [0.017725515699365844, {"__complex__": [112959.7421875, 1.1997457335325562e-13]}, 5822], [0.022673062224131634, {"__complex__": [105241.625, 3.0443338212208897e-15]}, 9560], [0.027648896566321454, {"__complex__": [103992.2578125, 5.059071989999865e-15]}, 14382], [0.03263978424966483, {"__complex__": [99846.2421875, -1.163804041879506e-14]}, 20006], [0.037622920545397905, {"__complex__": [95108.6015625, -5.47888385915308e-16]}, 26560], [0.042604216482592785, {"__complex__": [91717.1640625, -2.5597035816361628e-14]}, 34110], [0.04758960452398146, {"__complex__": [89489.5, 9.235184977320586e-15]}, 42544], [0.05257273770912524, {"__complex__": [89835.4453125, 1.6517179740908536e-14]}, 51980], [0.0575708632311612, {"__complex__": [87994.3984375, -4.185058925793147e-15]}, 62588], [0.06257373246111347, {"__complex__": [86058.0, -1.2125939019710062e-14]}, 73804], [0.06756677453983262, {"__complex__": [86086.8125, -4.4860025321725484e-15]}, 85962], [0.07255843328934211, {"__complex__": [85590.03125, 5.4326681533641095e-15]}, 99108], [0.07755661098495535, {"__complex__": [82904.1640625, -3.6192100003247e-15]}, 113586], [0.08255490083239152, {"__complex__": [82507.6875, 1.0259643374937403e-14]}, 128362], [0.08754923390532755, {"__complex__": [79926.609375, 2.770162385205355e-15]}, 144460], [0.09254352339613475, {"__complex__": [79474.65625, -6.706440111093389e-15]}, 161382], [0.09754183451020078, {"__complex__": [78257.484375, 4.05300659519532e-16]}, 179520], [0.1025425468565347, {"__complex__": [77615.78125, 5.867530103924139e-16]}, 198406], [0.10753629530836213, {"__complex__": [77228.9375, 2.2397230368221633e-15]}, 217656], [0.11253271717182999, {"__complex__": [76670.9921875, 1.3088115931748218e-15]}, 239046], [0.11753341963872932, {"__complex__": [75983.8984375, -4.467443616781733e-15]}, 260586], [0.12253132451671502, {"__complex__": [76582.265625, -1.4908906425495534e-15]}, 283056], [0.12753245932185944, {"__complex__": [76486.515625, -1.6220996459692704e-15]}, 307258], [0.13253112453637736, {"__complex__": [75885.9375, 3.2996742325113034e-15]}, 330758], [0.1375294900961207, {"__complex__": [75425.1796875, 6.51631763685153e-16]}, 357304], [0.1425305461189491, {"__complex__": [74466.546875, 1.6147012366914777e-15]}, 383016], [0.1475291346427148, {"__complex__": [74315.609375, -1.7717112872010343e-16]}, 410674], [0.15252982061239792, {"__complex__": [73904.84375, -1.7896181989807006e-15]}, 439090], [0.15752694618991595, {"__complex__": [73502.328125, 9.805159165000399e-16]}, 467494], [0.16252307444597458, {"__complex__": [73374.8984375, -3.41609340539725e-15]}, 498398], [0.16752527798532035, {"__complex__": [73587.515625, -1.441615665513337e-15]}, 529944], [0.172526062200426, {"__complex__": [73176.171875, -1.2704341185215055e-15]}, 561260], [0.17752486819877186, {"__complex__": [72667.9609375, -1.4250082081538771e-15]}, 594838], [0.18252235721385404, {"__complex__": [72796.5859375, -3.245566614873646e-16]}, 627708], [0.18752046349373364, {"__complex__": [72897.0, 1.1618137897391662e-15]}, 663834], [0.1925222817744419, {"__complex__": [72642.671875, -6.864483647677714e-16]}, 699562], [0.19752275800679353, {"__complex__": [72558.875, -1.4235685697809e-15]}, 735994], [0.20252114407200408, {"__complex__": [72460.703125, -5.26651787619985e-16]}, 773668], [0.20751955766188646, {"__complex__": [72318.7421875, -7.794056249872802e-16]}, 812168], [0.21251937827632905, {"__complex__": [71820.9375, 1.4337770108612089e-15]}, 852546], [0.21751835970554917, {"__complex__": [71659.6640625, 1.1907529880194646e-15]}, 892116], [0.2225166093538188, {"__complex__": [71371.453125, 4.207201531704677e-16]}, 933879]]}, "attrs": {"poles": [0], "dk": 0.005, "kmin": 0.0, "kmax": null, "Nmesh": {"__dtype__": "<i8", "__shape__": [3], "__data__": [512, 512, 512]}, "BoxSize": {"__dtype__": "<f8", "__shape__": [3], "__data__": [3423.0, 7199.0, 3023.0]}, "BoxPad": {"__dtype__": "<f8", "__shape__": [3], "__data__": [0.1, 0.1, 0.1]}, "BoxCenter": {"__dtype__": "<f8", "__shape__": [3], "__data__": [-1753.735600653742, 36.986154511302175, 1912.2350011226733]}, "mesh.resampler": "tsc", "mesh.interlaced": true, "alpha": 0.056719884276390076, "data.norm": 3.0800279773622616, "randoms.norm": 3.0810056014748923, "shotnoise": 70240.07377320826, "first.data.N": 218609, "first.data.W": 231129.828125, "first.data.W2": 199897.75321861455, "first.data.num_per_cell": 0.0014893543214992773, "first.randoms.N": 3942883, "first.randoms.W": 4074934.75, "first.randoms.W2": 3524554.185430899, "first.randoms.num_per_cell": 0.026259975026778123, "first.data.ext": 1, "first.randoms.ext": 1, "second.data.N": 218609, "second.data.W": 231129.828125, "second.data.W2": 210167.734375, "second.data.num_per_cell": 0.001565871643833816, "second.randoms.N": 3942883, "second.randoms.W": 4074934.75, "second.randoms.W2": 3706754.0, "second.randoms.num_per_cell": 0.027617469429969788, "second.data.ext": 1, "second.randoms.ext": 1}}, "attrs": {"poles": [0], "dk": 0.005, "kmin": 0.0, "kmax": null, "Nmesh": {"__dtype__": "<i8", "__shape__": [3], "__data__": [512, 512, 512]}, "BoxSize": {"__dtype__": "<f8", "__shape__": [3], "__data__": [3423.0, 7199.0, 3023.0]}, "BoxPad": {"__dtype__": "<f8", "__shape__": [3], "__data__": [0.1, 0.1, 0.1]}, "BoxCenter": {"__dtype__": "<f8", "__shape__": [3], "__data__": [-1753.735600653742, 36.986154511302175, 1912.2350011226733]}, "mesh.resampler": "tsc", "mesh.interlaced": true, "alpha": 0.056719884276390076, "data.norm": 3.0800279773622616, "randoms.norm": 3.0810056014748923, "shotnoise": 70240.07377320826, "first.data.N": 218609, "first.data.W": 231129.828125, "first.data.W2": 199897.75321861455, "first.data.num_per_cell": 0.0014893543214992773, "first.randoms.N": 3942883, "first.randoms.W": 4074934.75, "first.randoms.W2": 3524554.185430899, "first.randoms.num_per_cell": 0.026259975026778123, "first.data.ext": 1, "first.randoms.ext": 1, "second.data.N": 218609, "second.data.W": 231129.828125, "second.data.W2": 210167.734375, "second.data.num_per_cell": 0.001565871643833816, "second.randoms.N": 3942883, "second.randoms.W": 4074934.75, "second.randoms.W2": 3706754.0, "second.randoms.num_per_cell": 0.027617469429969788, "second.data.ext": 1, "second.randoms.ext": 1, "p": 1.0, "zmin": 0.8, "zmax": 2.2, "P0_FKP": 30000.0, "z-weighted": true, "hashkeys": ["Nmesh", "P0_FKP", "dk", "kmin", "mesh.window", "mesh.interlaced", "poles", "p", "BoxPad", "zmin", "zmax", "z-weighted"]}}