{"poles": {"dims": ["k"], "edges": [{"__dtype__": "<f8", "__shape__": [46], "__data__": [0.0, 0.005, 0.01, 0.015, 0.02, 0.025, 0.03, 0.035, 0.04, 0.045, 0.05, 0.055, 0.06, 0.065, 0.07, 0.075, 0.08, 0.085, 0.09, 0.095, 0.1, 0.105, 0.11, 0.115, 0.12, 0.125, 0.13, 0.135, 0.14, 0.145, 0.15, 0.155, 0.16, 0.165, 0.17, 0.17500000000000002, 0.18, 0.185, 0.19, 0.195, 0.2, 0.20500000000000002, 0.21, 0.215, 0.22, 0.225]}], "coords": [{"__dtype__": "<f8", "__shape__": [45], "__data__": [0.0025, 0.0075, 0.0125, 0.0175, 0.0225, 0.0275, 0.0325, 0.037500000000000006, 0.042499999999999996, 0.0475, 0.052500000000000005, 0.057499999999999996, 0.0625, 0.0675, 0.07250000000000001, 0.0775, 0.0825, 0.0875, 0.0925, 0.0975, 0.10250000000000001, 0.1075, 0.1125, 0.1175, 0.1225, 0.1275, 0.1325, 0.1375, 0.14250000000000002, 0.1475, 0.1525, 0.1575, 0.1625, 0.1675, 0.17250000000000001, 0.1775, 0.1825, 0.1875, 0.1925, 0.1975, 0.2025, 0.20750000000000002, 0.2125, 0.2175, 0.2225]}], "data": {"__dtype__": [["k", "<f8"], ["power_0", "<c8"], ["modes", "<i8"]], "__shape__": [45], "__data__": [[0.0038120565568792396, {"__complex__": [80796.921875, 6.970977614595419e-13]}, 167], [0.008044435271389549, {"__complex__": [116656.7890625, -1.6811362753819427e-14]}, 1082], [0.012805665745707623, {"__complex__": [114462.921875, 8.05726877361676e-14]}, 2980], [0.01771170341834332, {"__complex__": [108910.78125, 7.012971339715943e-14]}, 5810], [0.022670468779088095, {"__complex__": [109103.0390625, -6.091041706386344e-14]}, 9616], [0.027653318751700778, {"__complex__": [108875.0234375, -1.6699583203902066e-14]}, 14378], [0.03263074678927804, {"__complex__": [102000.8359375, 1.9337365774396362e-14]}, 19942], [0.03760864355575018, {"__complex__": [96690.1015625, -1.53201087341355e-14]}, 26596], [0.0426009253107391, {"__complex__": [93781.6015625, 4.121753800897729e-14]}, 34246], [0.047589664104297935, {"__complex__": [91326.2421875, 9.581733261096632e-15]}, 42524], [0.052573295684708116, {"__complex__": [90051.9765625, -1.4875402884299838e-14]}, 52092], [0.057570942117993365, {"__complex__": [85838.34375, 3.370866716453317e-15]}, 62596], [0.06257142516420262, {"__complex__": [87829.8203125, -2.3644990367657206e-15]}, 73852], [0.06756162846094639, {"__complex__": [84429.7265625, 3.893873985999063e-15]}, 85954], [0.07255043532394756, {"__complex__": [84468.7734375, -2.054401757083579e-15]}, 99166], [0.07755252525941775, {"__complex__": [83720.4140625, 5.647001370337338e-15]}, 113868], [0.08255280822427853, {"__complex__": [82107.96875, -1.2580122321192554e-14]}, 128398], [0.08754971062043929, {"__complex__": [80993.3125, 5.024347027294228e-15]}, 144814], [0.09254817816339758, {"__complex__": [80192.0546875, -1.6658648854418344e-15]}, 161604], [0.09754300363172498, {"__complex__": [78783.296875, -2.9804209501858164e-15]}, 179432], [0.10254137746729748, {"__complex__": [78802.7890625, -3.222918224413487e-15]}, 198666], [0.10753697589527818, {"__complex__": [76683.8671875, 2.971386708528639e-15]}, 217932], [0.1125354763328558, {"__complex__": [76520.046875, 1.6406314563057736e-15]}, 239482], [0.11753766666006811, {"__complex__": [77444.625, 1.7018805146008504e-15]}, 260790], [0.12253601079996043, {"__complex__": [77245.8046875, -6.199000036568756e-15]}, 283456], [0.1275347308821042, {"__complex__": [76042.4609375, -3.553037668902826e-15]}, 307172], [0.13253269596552059, {"__complex__": [76017.2421875, 1.31709017556393e-15]}, 331456], [0.1375302199659364, {"__complex__": [74692.546875, -1.4923609858668685e-15]}, 357128], [0.1425312917376849, {"__complex__": [74354.0078125, 9.285876087565493e-16]}, 383940], [0.14752987260397696, {"__complex__": [74628.078125, 6.292302303895594e-16]}, 410496], [0.15252661224912753, {"__complex__": [73856.2265625, -1.1589188428836879e-15]}, 439476], [0.1575269690727765, {"__complex__": [73677.3046875, 3.0435151638773684e-15]}, 468566], [0.16252532857373275, {"__complex__": [73773.0859375, 2.830941657852061e-15]}, 498610], [0.1675232347451524, {"__complex__": [73199.8515625, 1.1257821728332708e-15]}, 529968], [0.1725236664717082, {"__complex__": [73439.015625, 7.765273540929509e-16]}, 562192], [0.1775234577867551, {"__complex__": [73125.75, -1.6382005776262721e-15]}, 595152], [0.1825227162260113, {"__complex__": [72817.8203125, -2.4287965666379657e-16]}, 629098], [0.18752269968430568, {"__complex__": [72705.765625, -7.339515606365687e-16]}, 664198], [0.19252244559907128, {"__complex__": [72497.5625, 4.677574809182751e-16]}, 699974], [0.19752224526049444, {"__complex__": [72726.625, -2.8046211678073177e-15]}, 736774], [0.20251940447016756, {"__complex__": [72079.3359375, 1.3725844920153612e-15]}, 773934], [0.20751700730408953, {"__complex__": [71983.140625, -2.393065805247023e-16]}, 813316], [0.21251918937818434, {"__complex__": [71734.8125, 1.4574792161868707e-15]}, 853658], [0.21751940474251985, {"__complex__": [71708.171875, -2.8961750532519037e-15]}, 893110], [0.22251548806771373, {"__complex__": [71535.3125, 2.258861958023611e-15]}, 934111]]}, "attrs": {"poles": [0], "dk": 0.005, "kmin": 0.0, "kmax": null, "Nmesh": {"__dtype__": "<i8", "__shape__": [3], "__data__": [512, 512, 512]}, "BoxSize": {"__dtype__": "<f8", "__shape__": [3], "__data__": [3435.0, 7188.0, 3020.0]}, "BoxPad": {"__dtype__": "<f8", "__shape__": [3], "__data__": [0.1, 0.1, 0.1]}, "BoxCenter": {"__dtype__": "<f8", "__shape__": [3], "__data__": [-1750.824702940149, 38.13200421388706, 1912.4978432827916]}, "mesh.resampler": "tsc", "mesh.interlaced": true, "alpha": 0.056738562881946564, "data.norm": 3.0929849362748043, "randoms.norm": 3.093585837028523, "shotnoise": 70113.67507537255, "first.data.N": 219377, "first.data.W": 231966.703125, "first.data.W2": 200329.19072877223, "first.data.num_per_cell": 0.0014925687814412432, "first.randoms.N": 3954028, "first.randoms.W": 4088343.0, "first.randoms.W2": 3531076.6699342723, "first.randoms.num_per_cell": 0.026308571323262694, "first.data.ext": 1, "first.randoms.ext": 1, "second.data.N": 219377, "second.data.W": 231966.703125, "second.data.W2": 210560.21875, "second.data.num_per_cell": 0.0015687958803027868, "second.randoms.N": 3954028, "second.randoms.W": 4088343.0, "second.randoms.W2": 3712293.5, "second.randoms.num_per_cell": 0.027658741921186447, "second.data.ext": 1, "second.randoms.ext": 1}}, "attrs": {"poles": [0], "dk": 0.005, "kmin": 0.0, "kmax": null, "Nmesh": {"__dtype__": "<i8", "__shape__": [3], "__data__": [512, 512, 512]}, "BoxSize": {"__dtype__": "<f8", "__shape__": [3], "__data__": [3435.0, 7188.0, 3020.0]}, "BoxPad": {"__dtype__": "<f8", "__shape__": [3], "__data__": [0.1, 0.1, 0.1]}, "BoxCenter": {"__dtype__": "<f8", "__shape__": [3], "__data__": [-1750.824702940149, 38.13200421388706, 1912.4978432827916]}, "mesh.resampler": "tsc", "mesh.interlaced": true, "alpha": 0.056738562881946564, "data.norm": 3.0929849362748043, "randoms.norm": 3.093585837028523, "shotnoise": 70113.67507537255, "first.data.N": 219377, "first.data.W": 231966.703125, "first.data.W2": 200329.19072877223, "first.data.num_per_cell": 0.0014925687814412432, "first.randoms.N": 3954028, "first.randoms.W": 4088343.0, "first.randoms.W2": 3531076.6699342723, "first.randoms.num_per_cell": 0.026308571323262694, "first.data.ext": 1, "first.randoms.ext": 1, "second.data.N": 219377, "second.data.W": 231966.703125, "second.data.W2": 210560.21875, "second.data.num_per_cell": 0.0015687958803027868, "second.randoms.N": 3954028, "second.randoms.W": 4088343.0, "second.randoms.W2": 3712293.5, "second.randoms.num_per_cell": 0.027658741921186447, "second.data.ext": 1, "second.randoms.ext": 1, "p": 1.0, "zmin": 0.8, "zmax": 2.2, "P0_FKP": 30000.0, "z-weighted": true, "hashkeys": ["Nmesh", "P0_FKP", "dk", "kmin", "mesh.window", "mesh.interlaced", "poles", "p", "BoxPad", "zmin", "zmax", "z-weighted"]}}