{"poles": {"dims": ["k"], "edges": [{"__dtype__": "<f8", "__shape__": [46], "__data__": [0.0, 0.005, 0.01, 0.015, 0.02, 0.025, 0.03, 0.035, 0.04, 0.045, 0.05, 0.055, 0.06, 0.065, 0.07, 0.075, 0.08, 0.085, 0.09, 0.095, 0.1, 0.105, 0.11, 0.115, 0.12, 0.125, 0.13, 0.135, 0.14, 0.145, 0.15, 0.155, 0.16, 0.165, 0.17, 0.17500000000000002, 0.18, 0.185, 0.19, 0.195, 0.2, 0.20500000000000002, 0.21, 0.215, 0.22, 0.225]}], "coords": [{"__dtype__": "<f8", "__shape__": [45], "__data__": [0.0025, 0.0075, 0.0125, 0.0175, 0.0225, 0.0275, 0.0325, 0.037500000000000006, 0.042499999999999996, 0.0475, 0.052500000000000005, 0.057499999999999996, 0.0625, 0.0675, 0.07250000000000001, 0.0775, 0.0825, 0.0875, 0.0925, 0.0975, 0.10250000000000001, 0.1075, 0.1125, 0.1175, 0.1225, 0.1275, 0.1325, 0.1375, 0.14250000000000002, 0.1475, 0.1525, 0.1575, 0.1625, 0.1675, 0.17250000000000001, 0.1775, 0.1825, 0.1875, 0.1925, 0.1975, 0.2025, 0.20750000000000002, 0.2125, 0.2175, 0.2225]}], "data": {"__dtype__": [["k", "<f8"], ["power_0", "<c8"], ["modes", "<i8"]], "__shape__": [45], "__data__": [[0.003817451061945186, {"__complex__": [70418.234375, -3.049802706385496e-13]}, 167], [0.008057084187333148, {"__complex__": [107985.328125, 2.0173634626956954e-14]}, 1082], [0.012825056112772768, {"__complex__": [118493.234375, -8.789747629831673e-14]}, 2980], [0.01772439027373695, {"__complex__": [114934.3515625, -5.040496980983052e-15]}, 5774], [0.022662497334836846, {"__complex__": [109087.1796875, -5.0463766601864177e-14]}, 9516], [0.027646645371198833, {"__complex__": [106074.0234375, 1.7215209428345438e-14]}, 14370], [0.03263896360789845, {"__complex__": [99727.359375, 2.5416116355091688e-14]}, 19896], [0.03761491010920856, {"__complex__": [97703.7265625, 2.7533330052137146e-16]}, 26426], [0.04260407649818155, {"__complex__": [96152.40625, -1.17305995205898e-15]}, 34114], [0.047594828805142826, {"__complex__": [93108.8203125, -8.590674325502118e-17]}, 42348], [0.05258218562090123, {"__complex__": [88463.421875, -1.4005692959223408e-15]}, 51950], [0.05758109851791682, {"__complex__": [86342.5078125, 2.3375067966542454e-16]}, 62254], [0.06257195680984143, {"__complex__": [87076.484375, -8.866767149879381e-15]}, 73340], [0.06756438333891293, {"__complex__": [84972.359375, 9.57898209808395e-15]}, 85832], [0.07255809335200089, {"__complex__": [84397.9140625, -8.04062881136795e-15]}, 98634], [0.0775532704761204, {"__complex__": [83503.171875, -1.1317441836391096e-14]}, 113150], [0.08255008869482702, {"__complex__": [81950.4453125, 2.305075863867569e-15]}, 127838], [0.08754706402778534, {"__complex__": [80705.8203125, 2.725985381841307e-15]}, 144132], [0.09254374648760146, {"__complex__": [79878.9296875, 5.205324510321055e-16]}, 160746], [0.09754041273125696, {"__complex__": [79034.5546875, -3.153728761633493e-15]}, 178800], [0.10253900639013379, {"__complex__": [77566.0390625, 4.713266130602087e-15]}, 197596], [0.10753667059470857, {"__complex__": [77013.890625, -1.2222815660195194e-15]}, 217276], [0.11253642628415456, {"__complex__": [76779.3125, 5.080079571762074e-16]}, 238112], [0.11753641795990545, {"__complex__": [76717.265625, -1.793280981202865e-15]}, 259670], [0.1225318635483163, {"__complex__": [76001.3984375, 5.939304499500916e-16]}, 281762], [0.1275307641016467, {"__complex__": [76703.546875, 3.707421705517657e-15]}, 306156], [0.13253145481449377, {"__complex__": [75744.3828125, 5.294268793134269e-16]}, 329834], [0.13752967806355035, {"__complex__": [74424.9609375, 1.247725482842973e-15]}, 355714], [0.1425294020332968, {"__complex__": [74821.609375, -2.0155297210681846e-15]}, 381752], [0.1475267255447576, {"__complex__": [73841.875, 2.5626837823577824e-15]}, 408844], [0.15252744150693737, {"__complex__": [73520.5859375, -3.6558759919685295e-16]}, 437846], [0.15752652189154673, {"__complex__": [72905.0546875, 3.123921831038292e-16]}, 465822], [0.16252478240249693, {"__complex__": [73589.640625, -2.0495490788589795e-16]}, 497004], [0.16752658800773068, {"__complex__": [72702.6640625, -1.3033418779179271e-15]}, 527550], [0.1725257185076713, {"__complex__": [73320.1953125, 1.268114095278976e-15]}, 559418], [0.17752350804731448, {"__complex__": [72516.4140625, -4.3980267256554014e-15]}, 592264], [0.18252281160367165, {"__complex__": [72943.3671875, -3.4999555964060564e-15]}, 626260], [0.18752287305421803, {"__complex__": [72965.0078125, -3.0810839338242936e-16]}, 661218], [0.1925215721158433, {"__complex__": [72586.9921875, 2.8626253487605818e-15]}, 696428], [0.1975211552028674, {"__complex__": [72072.9921875, 2.975081135372317e-17]}, 733690], [0.20252165701626829, {"__complex__": [72345.234375, 7.359726341882766e-16]}, 771122], [0.20752064812384252, {"__complex__": [72237.2265625, -2.0410351536594325e-15]}, 809218], [0.2125183751864503, {"__complex__": [71659.0234375, 2.1814586049958553e-15]}, 848850], [0.21751711507038482, {"__complex__": [71563.5859375, -5.276630390798882e-16]}, 889392], [0.2225171362765631, {"__complex__": [71739.6328125, -2.0948287338318954e-15]}, 930843]]}, "attrs": {"poles": [0], "dk": 0.005, "kmin": 0.0, "kmax": null, "Nmesh": {"__dtype__": "<i8", "__shape__": [3], "__data__": [512, 512, 512]}, "BoxSize": {"__dtype__": "<f8", "__shape__": [3], "__data__": [3420.0, 7177.0, 3024.0]}, "BoxPad": {"__dtype__": "<f8", "__shape__": [3], "__data__": [0.1, 0.1, 0.1]}, "BoxCenter": {"__dtype__": "<f8", "__shape__": [3], "__data__": [-1746.485382056977, 41.165327411849375, 1911.594742850139]}, "mesh.resampler": "tsc", "mesh.interlaced": true, "alpha": 0.056979671120643616, "data.norm": 3.102035192986624, "randoms.norm": 3.102005562679426, "shotnoise": 69996.69650703619, "first.data.N": 220157, "first.data.W": 232826.109375, "first.data.W2": 200794.80780771808, "first.data.num_per_cell": 0.0014960378990152335, "first.randoms.N": 3955322, "first.randoms.W": 4086126.0, "first.randoms.W2": 3524006.517647057, "first.randoms.num_per_cell": 0.02625589458381427, "first.data.ext": 1, "first.randoms.ext": 1, "second.data.N": 220157, "second.data.W": 232826.109375, "second.data.W2": 210878.75, "second.data.num_per_cell": 0.0015711691230535507, "second.randoms.N": 3955322, "second.randoms.W": 4086126.0, "second.randoms.W2": 3700970.0, "second.randoms.num_per_cell": 0.02757437527179718, "second.data.ext": 1, "second.randoms.ext": 1}}, "attrs": {"poles": [0], "dk": 0.005, "kmin": 0.0, "kmax": null, "Nmesh": {"__dtype__": "<i8", "__shape__": [3], "__data__": [512, 512, 512]}, "BoxSize": {"__dtype__": "<f8", "__shape__": [3], "__data__": [3420.0, 7177.0, 3024.0]}, "BoxPad": {"__dtype__": "<f8", "__shape__": [3], "__data__": [0.1, 0.1, 0.1]}, "BoxCenter": {"__dtype__": "<f8", "__shape__": [3], "__data__": [-1746.485382056977, 41.165327411849375, 1911.594742850139]}, "mesh.resampler": "tsc", "mesh.interlaced": true, "alpha": 0.056979671120643616, "data.norm": 3.102035192986624, "randoms.norm": 3.102005562679426, "shotnoise": 69996.69650703619, "first.data.N": 220157, "first.data.W": 232826.109375, "first.data.W2": 200794.80780771808, "first.data.num_per_cell": 0.0014960378990152335, "first.randoms.N": 3955322, "first.randoms.W": 4086126.0, "first.randoms.W2": 3524006.517647057, "first.randoms.num_per_cell": 0.02625589458381427, "first.data.ext": 1, "first.randoms.ext": 1, "second.data.N": 220157, "second.data.W": 232826.109375, "second.data.W2": 210878.75, "second.data.num_per_cell": 0.0015711691230535507, "second.randoms.N": 3955322, "second.randoms.W": 4086126.0, "second.randoms.W2": 3700970.0, "second.randoms.num_per_cell": 0.02757437527179718, "second.data.ext": 1, "second.randoms.ext": 1, "p": 1.0, "zmin": 0.8, "zmax": 2.2, "P0_FKP": 30000.0, "z-weighted": true, "hashkeys": ["Nmesh", "P0_FKP", "dk", "kmin", "mesh.window", "mesh.interlaced", "poles", "p", "BoxPad", "zmin", "zmax", "z-weighted"]}}