{"poles": {"dims": ["k"], "edges": [{"__dtype__": "<f8", "__shape__": [46], "__data__": [0.0, 0.005, 0.01, 0.015, 0.02, 0.025, 0.03, 0.035, 0.04, 0.045, 0.05, 0.055, 0.06, 0.065, 0.07, 0.075, 0.08, 0.085, 0.09, 0.095, 0.1, 0.105, 0.11, 0.115, 0.12, 0.125, 0.13, 0.135, 0.14, 0.145, 0.15, 0.155, 0.16, 0.165, 0.17, 0.17500000000000002, 0.18, 0.185, 0.19, 0.195, 0.2, 0.20500000000000002, 0.21, 0.215, 0.22, 0.225]}], "coords": [{"__dtype__": "<f8", "__shape__": [45], "__data__": [0.0025, 0.0075, 0.0125, 0.0175, 0.0225, 0.0275, 0.0325, 0.037500000000000006, 0.042499999999999996, 0.0475, 0.052500000000000005, 0.057499999999999996, 0.0625, 0.0675, 0.07250000000000001, 0.0775, 0.0825, 0.0875, 0.0925, 0.0975, 0.10250000000000001, 0.1075, 0.1125, 0.1175, 0.1225, 0.1275, 0.1325, 0.1375, 0.14250000000000002, 0.1475, 0.1525, 0.1575, 0.1625, 0.1675, 0.17250000000000001, 0.1775, 0.1825, 0.1875, 0.1925, 0.1975, 0.2025, 0.20750000000000002, 0.2125, 0.2175, 0.2225]}], "data": {"__dtype__": [["k", "<f8"], ["power_0", "<c8"], ["modes", "<i8"]], "__shape__": [45], "__data__": [[0.003816097045545004, {"__complex__": [73597.71875, 6.753134293088769e-13]}, 167], [0.008053246254520011, {"__complex__": [122910.234375, -1.2776635489614857e-13]}, 1082], [0.012819421879466154, {"__complex__": [117769.5625, 1.7335335640925043e-13]}, 2980], [0.017722966793160003, {"__complex__": [109639.9375, 1.0053136742396804e-14]}, 5790], [0.02266432440817874, {"__complex__": [106656.8203125, 3.663931815280422e-14]}, 9532], [0.027647633272634753, {"__complex__": [106080.21875, 6.070886726813017e-15]}, 14382], [0.03263807097350672, {"__complex__": [102520.421875, 3.3607194311518e-14]}, 19918], [0.037615916496264334, {"__complex__": [97434.3125, 2.3626806687862024e-14]}, 26484], [0.04260549560726725, {"__complex__": [94509.96875, 3.4093397999505545e-14]}, 34146], [0.047591314216043186, {"__complex__": [94951.40625, 0.0]}, 42340], [0.05257455186108441, {"__complex__": [92101.015625, 1.903748222975045e-14]}, 51978], [0.05757380382982572, {"__complex__": [91606.3203125, -5.366611018423062e-15]}, 62366], [0.06256905922756568, {"__complex__": [89068.609375, -1.1878468179774351e-15]}, 73504], [0.06756164316323919, {"__complex__": [87368.6171875, -1.3388317960782298e-14]}, 85866], [0.07255558454482133, {"__complex__": [87329.3359375, -6.624410158228612e-16]}, 98852], [0.07755405714684317, {"__complex__": [87032.7734375, 1.283894292616544e-16]}, 113342], [0.08255281567062166, {"__complex__": [85270.7421875, 8.407439817308213e-15]}, 128082], [0.08755045699465895, {"__complex__": [82943.3125, 2.269166960859907e-15]}, 144290], [0.09254331241732659, {"__complex__": [81322.765625, 4.163379117508173e-15]}, 160780], [0.09753852171484173, {"__complex__": [81769.5390625, -7.880039834898007e-15]}, 179128], [0.10253965439038996, {"__complex__": [81048.328125, -2.573113934312035e-15]}, 197938], [0.10753675116927552, {"__complex__": [79454.71875, 4.9518617593164675e-15]}, 217462], [0.11253665593890991, {"__complex__": [79633.515625, 5.2463513981542646e-15]}, 238540], [0.11753744033557374, {"__complex__": [79280.5859375, -4.085824357341096e-15]}, 259994], [0.12253456469179318, {"__complex__": [78528.609375, -7.21494024735151e-15]}, 282368], [0.1275332112605653, {"__complex__": [78184.2734375, 1.8052480744399106e-15]}, 306314], [0.13253018603769828, {"__complex__": [78181.2578125, -3.791329212789142e-15]}, 330086], [0.13752979897426518, {"__complex__": [77769.515625, -1.101984993938398e-15]}, 356540], [0.14253131934301608, {"__complex__": [77245.0078125, -1.5277386933374836e-15]}, 382196], [0.14752672516109472, {"__complex__": [76853.6484375, 1.5647908790657021e-15]}, 409182], [0.15252682895497707, {"__complex__": [76310.6171875, -1.6426531121926328e-15]}, 438510], [0.15752871547128072, {"__complex__": [75969.734375, 8.103062339360643e-16]}, 466922], [0.16252673018917, {"__complex__": [76099.6015625, 1.5112262095472347e-15]}, 497108], [0.16752719887032125, {"__complex__": [75927.0234375, 4.954968040892286e-16]}, 528630], [0.17252661421396775, {"__complex__": [76178.515625, 3.119337000513482e-16]}, 559808], [0.17752395397956108, {"__complex__": [75742.078125, 2.1644709357221967e-15]}, 593312], [0.1825236111723455, {"__complex__": [75256.359375, 2.970574403932222e-15]}, 627032], [0.18752301559512505, {"__complex__": [75299.2890625, 4.836568187338304e-16]}, 661920], [0.19252225857634453, {"__complex__": [74903.109375, -3.055626464473684e-15]}, 697682], [0.19752063170051815, {"__complex__": [75044.46875, -2.934005662258649e-15]}, 734042], [0.2025196342559917, {"__complex__": [74489.0546875, -2.713165961701087e-15]}, 772336], [0.2075200332748368, {"__complex__": [74578.3828125, -7.181077564186178e-16]}, 810570], [0.21251949728394365, {"__complex__": [74917.0234375, 2.6873121868102806e-15]}, 850162], [0.21751803014836352, {"__complex__": [74527.0390625, 1.1275842354285543e-15]}, 890472], [0.22251595614690822, {"__complex__": [74185.40625, 6.562327937150792e-16]}, 931347]]}, "attrs": {"poles": [0], "dk": 0.005, "kmin": 0.0, "kmax": null, "Nmesh": {"__dtype__": "<i8", "__shape__": [3], "__data__": [512, 512, 512]}, "BoxSize": {"__dtype__": "<f8", "__shape__": [3], "__data__": [3425.0, 7188.0, 3019.0]}, "BoxPad": {"__dtype__": "<f8", "__shape__": [3], "__data__": [0.1, 0.1, 0.1]}, "BoxCenter": {"__dtype__": "<f8", "__shape__": [3], "__data__": [-1747.9342932712289, 38.04346554539984, 1913.4523460466044]}, "mesh.resampler": "tsc", "mesh.interlaced": true, "alpha": 0.05694197118282318, "data.norm": 1.729178001196281, "randoms.norm": 1.7292530824735586, "shotnoise": 72963.38501507988, "first.data.N": 219066, "first.data.W": 231630.65625, "first.data.W2": 200136.23302003456, "first.data.num_per_cell": 0.0014911311344804955, "first.randoms.N": 3937378, "first.randoms.W": 4067837.0, "first.randoms.W2": 3514793.8446158282, "first.randoms.num_per_cell": 0.026187254820881994, "first.data.ext": 1, "first.randoms.ext": 1, "second.data.N": 219066, "second.data.W": 231630.65625, "second.data.W2": 118786.7265625, "second.data.num_per_cell": 0.0008850300800986588, "second.randoms.N": 3937378, "second.randoms.W": 4067837.0, "second.randoms.W2": 2086249.375, "second.randoms.num_per_cell": 0.015543769113719463, "second.data.ext": 1, "second.randoms.ext": 1}}, "attrs": {"poles": [0], "dk": 0.005, "kmin": 0.0, "kmax": null, "Nmesh": {"__dtype__": "<i8", "__shape__": [3], "__data__": [512, 512, 512]}, "BoxSize": {"__dtype__": "<f8", "__shape__": [3], "__data__": [3425.0, 7188.0, 3019.0]}, "BoxPad": {"__dtype__": "<f8", "__shape__": [3], "__data__": [0.1, 0.1, 0.1]}, "BoxCenter": {"__dtype__": "<f8", "__shape__": [3], "__data__": [-1747.9342932712289, 38.04346554539984, 1913.4523460466044]}, "mesh.resampler": "tsc", "mesh.interlaced": true, "alpha": 0.05694197118282318, "data.norm": 1.729178001196281, "randoms.norm": 1.7292530824735586, "shotnoise": 72963.38501507988, "first.data.N": 219066, "first.data.W": 231630.65625, "first.data.W2": 200136.23302003456, "first.data.num_per_cell": 0.0014911311344804955, "first.randoms.N": 3937378, "first.randoms.W": 4067837.0, "first.randoms.W2": 3514793.8446158282, "first.randoms.num_per_cell": 0.026187254820881994, "first.data.ext": 1, "first.randoms.ext": 1, "second.data.N": 219066, "second.data.W": 231630.65625, "second.data.W2": 118786.7265625, "second.data.num_per_cell": 0.0008850300800986588, "second.randoms.N": 3937378, "second.randoms.W": 4067837.0, "second.randoms.W2": 2086249.375, "second.randoms.num_per_cell": 0.015543769113719463, "second.data.ext": 1, "second.randoms.ext": 1, "p": 1.6, "zmin": 0.8, "zmax": 2.2, "P0_FKP": 30000.0, "z-weighted": true, "hashkeys": ["Nmesh", "P0_FKP", "dk", "kmin", "mesh.window", "mesh.interlaced", "poles", "p", "BoxPad", "zmin", "zmax", "z-weighted"]}}