{"poles": {"dims": ["k"], "edges": [{"__dtype__": "<f8", "__shape__": [57], "__data__": [0.0, 0.005, 0.01, 0.015, 0.02, 0.025, 0.03, 0.035, 0.04, 0.045, 0.05, 0.055, 0.06, 0.065, 0.07, 0.075, 0.08, 0.085, 0.09, 0.095, 0.1, 0.105, 0.11, 0.115, 0.12, 0.125, 0.13, 0.135, 0.14, 0.145, 0.15, 0.155, 0.16, 0.165, 0.17, 0.17500000000000002, 0.18, 0.185, 0.19, 0.195, 0.2, 0.20500000000000002, 0.21, 0.215, 0.22, 0.225, 0.23, 0.23500000000000001, 0.24, 0.245, 0.25, 0.255, 0.26, 0.265, 0.27, 0.275, 0.28]}], "coords": [{"__dtype__": "<f8", "__shape__": [56], "__data__": [0.0025, 0.0075, 0.0125, 0.0175, 0.0225, 0.0275, 0.0325, 0.037500000000000006, 0.042499999999999996, 0.0475, 0.052500000000000005, 0.057499999999999996, 0.0625, 0.0675, 0.07250000000000001, 0.0775, 0.0825, 0.0875, 0.0925, 0.0975, 0.10250000000000001, 0.1075, 0.1125, 0.1175, 0.1225, 0.1275, 0.1325, 0.1375, 0.14250000000000002, 0.1475, 0.1525, 0.1575, 0.1625, 0.1675, 0.17250000000000001, 0.1775, 0.1825, 0.1875, 0.1925, 0.1975, 0.2025, 0.20750000000000002, 0.2125, 0.2175, 0.2225, 0.2275, 0.2325, 0.2375, 0.2425, 0.2475, 0.2525, 0.2575, 0.2625, 0.2675, 0.2725, 0.2775]}], "data": {"__dtype__": [["k", "<f8"], ["power_0", "<c8"], ["modes", "<i8"]], "__shape__": [56], "__data__": [[0.003815485935907571, {"__complex__": [-61680.9765625, -9.725290234588457e-13]}, 101], [0.008099968776772501, {"__complex__": [-78668.4453125, -6.326919782355389e-13]}, 690], [0.012879069449876442, {"__complex__": [-97237.5859375, -4.729766586524485e-14]}, 1846], [0.017771436987671606, {"__complex__": [-88333.0390625, -3.2391576671331884e-14]}, 3594], [0.02268864206867134, {"__complex__": [-82377.2734375, -8.700325175743911e-15]}, 5854], [0.027646833497003306, {"__complex__": [-77793.6640625, 3.702986641005834e-15]}, 8842], [0.03262649714931771, {"__complex__": [-71791.8515625, -3.316405716670065e-14]}, 12286], [0.03761187916502245, {"__complex__": [-72325.6796875, -3.5483821640664793e-15]}, 16404], [0.042612333447827014, {"__complex__": [-72510.46875, -1.0349868477445984e-14]}, 21090], [0.047596586344614354, {"__complex__": [-69731.75, -1.0012020069071186e-14]}, 26162], [0.05257776423277602, {"__complex__": [-68338.296875, 3.407623340622503e-16]}, 32028], [0.05757329520275779, {"__complex__": [-67170.828125, -1.3601333194489598e-14]}, 38516], [0.06257117247515392, {"__complex__": [-67283.9375, 2.1925175095068548e-14]}, 45464], [0.06756623036840373, {"__complex__": [-66337.3828125, 2.1988387469856242e-14]}, 52944], [0.07255657223248409, {"__complex__": [-63356.39453125, 7.62703956388262e-15]}, 61054], [0.07755044913737909, {"__complex__": [-63827.2578125, 1.0419231184933471e-16]}, 69832], [0.08254698845312548, {"__complex__": [-62434.51171875, -7.174956057076371e-15]}, 79098], [0.08754583528073426, {"__complex__": [-62966.34375, -1.7959279591630347e-15]}, 89130], [0.09254815931724869, {"__complex__": [-60034.84375, -8.952438603263523e-15]}, 99560], [0.09754379195229207, {"__complex__": [-59394.484375, 1.2527475411872437e-15]}, 110352], [0.10254104523588406, {"__complex__": [-59345.375, 6.185622845232769e-15]}, 122332], [0.10754012951386929, {"__complex__": [-60005.93359375, 1.8030197425139213e-15]}, 134178], [0.11253621431584322, {"__complex__": [-59620.7578125, 2.669676960848446e-15]}, 147172], [0.11753542187201466, {"__complex__": [-59927.59375, 9.065032363601432e-16]}, 160528], [0.12253332336714501, {"__complex__": [-58594.68359375, -4.506632019602927e-15]}, 174366], [0.12753506564600023, {"__complex__": [-58603.70703125, 1.421956136686683e-15]}, 189324], [0.13253425089289572, {"__complex__": [-58048.8671875, 4.926849723416995e-15]}, 203798], [0.13752711623694852, {"__complex__": [-58167.42578125, 1.5907789086786481e-15]}, 219544], [0.142527532799852, {"__complex__": [-57616.6796875, 3.584988598706205e-15]}, 236444], [0.14752969409831143, {"__complex__": [-57485.0703125, -8.748115621660946e-15]}, 252842], [0.1525299336876587, {"__complex__": [-57410.1171875, 5.379198536824192e-17]}, 270522], [0.15752839535694702, {"__complex__": [-57488.75390625, 1.3887631389452736e-15]}, 288154], [0.16252212843775588, {"__complex__": [-56544.32421875, 4.2730488142330423e-16]}, 306496], [0.16752168024663489, {"__complex__": [-56736.54296875, 9.80233007495657e-16]}, 326598], [0.1725230420000155, {"__complex__": [-56031.02734375, -3.214542974389273e-15]}, 345742], [0.17752391237169057, {"__complex__": [-56265.40625, 7.938245609692717e-16]}, 366628], [0.18252643647307948, {"__complex__": [-56230.30078125, -1.4653966449030935e-15]}, 387284], [0.18752461086230587, {"__complex__": [-56403.4453125, 3.5631700887761185e-16]}, 408398], [0.19252109418286897, {"__complex__": [-56170.828125, -2.9072593263996735e-15]}, 430462], [0.19751746727684852, {"__complex__": [-56095.93359375, -9.633244299234482e-16]}, 453178], [0.20251698739199414, {"__complex__": [-56076.55859375, 8.544082748842803e-16]}, 476884], [0.20751886793131935, {"__complex__": [-55914.2421875, -5.812651765713819e-17]}, 500698], [0.21251974582834413, {"__complex__": [-55728.7265625, -4.988714892302081e-16]}, 525054], [0.2175202003542547, {"__complex__": [-55471.78125, -6.350758165167981e-16]}, 549928], [0.22251936400819064, {"__complex__": [-55682.01171875, -3.288213929674512e-16]}, 575312], [0.22751923241091682, {"__complex__": [-55477.62890625, 1.2874270817510845e-15]}, 601890], [0.23251790102820194, {"__complex__": [-55727.95703125, 3.2449152465372074e-15]}, 627834], [0.23751739013539983, {"__complex__": [-55717.3359375, 6.874802097162048e-16]}, 656178], [0.24251863113479857, {"__complex__": [-55074.62890625, -1.3306550111675137e-16]}, 683494], [0.2475159425379899, {"__complex__": [-55670.5859375, -2.0454055657345788e-17]}, 711444], [0.252515887195838, {"__complex__": [-55542.51171875, 1.177025204452653e-16]}, 741798], [0.2575174284783705, {"__complex__": [-55279.1484375, 2.709737807605312e-15]}, 770628], [0.2625161407369336, {"__complex__": [-55668.9375, -4.724812777859939e-16]}, 800772], [0.2675161929838005, {"__complex__": [-55483.62890625, 8.043963791839527e-16]}, 832162], [0.2725167731366774, {"__complex__": [-54889.33984375, -1.428989157126854e-15]}, 863040], [0.2775118904443921, {"__complex__": [-55015.046875, -1.1246049029157057e-15]}, 892831]]}, "attrs": {"poles": [0], "dk": 0.005, "kmin": 0.0, "kmax": null, "Nmesh": {"__dtype__": "<i8", "__shape__": [3], "__data__": [512, 512, 512]}, "BoxSize": {"__dtype__": "<f8", "__shape__": [3], "__data__": [2668.0, 5795.0, 2968.0]}, "BoxPad": {"__dtype__": "<f8", "__shape__": [3], "__data__": [0.1, 0.1, 0.1]}, "BoxCenter": {"__dtype__": "<f8", "__shape__": [3], "__data__": [2581.56764814412, 48.50672103480929, 891.4974947611914]}, "mesh.resampler": "tsc", "mesh.interlaced": true, "alpha": 0.05306835472583771, "data.norm": -0.7974451749502063, "randoms.norm": -0.796578152197637, "shotnoise": 68109.39103166212, "first.data.N": 125912, "first.data.W": 135598.265625, "first.data.W2": 121088.87664911745, "first.data.num_per_cell": 0.0009021824348652173, "first.randoms.N": 2427128, "first.randoms.W": 2555162.5, "first.randoms.W2": 2282084.2550384915, "first.randoms.num_per_cell": 0.017002852671135153, "first.data.ext": 1, "first.randoms.ext": 1, "second.data.N": 125912, "second.data.W": 135598.265625, "second.data.W2": -56695.7109375, "second.data.num_per_cell": -0.00042241596383973956, "second.randoms.N": 2427128, "second.randoms.W": 2555162.5, "second.randoms.W2": -1067102.5, "second.randoms.num_per_cell": -0.00795053318142891, "second.data.ext": 1, "second.randoms.ext": 1}}, "attrs": {"poles": [0], "dk": 0.005, "kmin": 0.0, "kmax": null, "Nmesh": {"__dtype__": "<i8", "__shape__": [3], "__data__": [512, 512, 512]}, "BoxSize": {"__dtype__": "<f8", "__shape__": [3], "__data__": [2668.0, 5795.0, 2968.0]}, "BoxPad": {"__dtype__": "<f8", "__shape__": [3], "__data__": [0.1, 0.1, 0.1]}, "BoxCenter": {"__dtype__": "<f8", "__shape__": [3], "__data__": [2581.56764814412, 48.50672103480929, 891.4974947611914]}, "mesh.resampler": "tsc",