{"poles": {"dims": ["k"], "edges": [{"__dtype__": "<f8", "__shape__": [46], "__data__": [0.0, 0.005, 0.01, 0.015, 0.02, 0.025, 0.03, 0.035, 0.04, 0.045, 0.05, 0.055, 0.06, 0.065, 0.07, 0.075, 0.08, 0.085, 0.09, 0.095, 0.1, 0.105, 0.11, 0.115, 0.12, 0.125, 0.13, 0.135, 0.14, 0.145, 0.15, 0.155, 0.16, 0.165, 0.17, 0.17500000000000002, 0.18, 0.185, 0.19, 0.195, 0.2, 0.20500000000000002, 0.21, 0.215, 0.22, 0.225]}], "coords": [{"__dtype__": "<f8", "__shape__": [45], "__data__": [0.0025, 0.0075, 0.0125, 0.0175, 0.0225, 0.0275, 0.0325, 0.037500000000000006, 0.042499999999999996, 0.0475, 0.052500000000000005, 0.057499999999999996, 0.0625, 0.0675, 0.07250000000000001, 0.0775, 0.0825, 0.0875, 0.0925, 0.0975, 0.10250000000000001, 0.1075, 0.1125, 0.1175, 0.1225, 0.1275, 0.1325, 0.1375, 0.14250000000000002, 0.1475, 0.1525, 0.1575, 0.1625, 0.1675, 0.17250000000000001, 0.1775, 0.1825, 0.1875, 0.1925, 0.1975, 0.2025, 0.20750000000000002, 0.2125, 0.2175, 0.2225]}], "data": {"__dtype__": [["k", "<f8"], ["power_0", "<c8"], ["modes", "<i8"]], "__shape__": [45], "__data__": [[0.003814247913997351, {"__complex__": [-104094.734375, -6.970977614595419e-13]}, 167], [0.00804888568129588, {"__complex__": [-125270.828125, -1.3449090203055541e-13]}, 1082], [0.01281289177731332, {"__complex__": [-134796.65625, -1.4649578479550979e-13]}, 2980], [0.01771216365585096, {"__complex__": [-138475.109375, -1.031158868686731e-13]}, 5786], [0.022664694133029514, {"__complex__": [-130509.3828125, -3.034177387963542e-14]}, 9592], [0.02765211954949375, {"__complex__": [-127009.4609375, 8.096767614013123e-14]}, 14378], [0.03262841737017197, {"__complex__": [-125302.359375, 2.3435394182441498e-14]}, 19870], [0.03760421397036666, {"__complex__": [-121889.875, 5.478058870238278e-14]}, 26564], [0.04259887177157591, {"__complex__": [-116668.4453125, 6.979336000193653e-14]}, 34194], [0.047588531217786445, {"__complex__": [-114535.84375, -4.249735058216991e-14]}, 42460], [0.052573192124060926, {"__complex__": [-110607.5, 2.0705308737619006e-14]}, 52008], [0.05757117093736605, {"__complex__": [-111241.4765625, 8.38190346801439e-15]}, 62500], [0.06257338995132493, {"__complex__": [-107471.4140625, -7.890210159495689e-15]}, 73772], [0.0675633989165949, {"__complex__": [-104796.765625, 3.393399486916176e-15]}, 85766], [0.07255275610722127, {"__complex__": [-102694.921875, -1.2043126302522904e-14]}, 99082], [0.07755322054747905, {"__complex__": [-102788.9375, 4.102019627292598e-15]}, 113520], [0.08255357298626499, {"__complex__": [-101652.1796875, 2.267253725190296e-15]}, 128366], [0.08755098688661818, {"__complex__": [-99438.2421875, -1.7634898795358656e-15]}, 144406], [0.09254519712876867, {"__complex__": [-98784.765625, 3.2490011217165254e-15]}, 161240], [0.09754068361227279, {"__complex__": [-96006.8984375, -4.870662322256473e-16]}, 179260], [0.10253938736054745, {"__complex__": [-95334.7578125, -2.7166356204112773e-15]}, 198194], [0.1075360631802544, {"__complex__": [-95522.9609375, 1.3362640898140112e-16]}, 217800], [0.11253568346120359, {"__complex__": [-93309.0859375, 3.288788588589665e-15]}, 238934], [0.11753751560632239, {"__complex__": [-93411.7890625, 1.1955549872040387e-14]}, 260474], [0.12253401489202038, {"__complex__": [-94228.578125, -1.1120515146483944e-14]}, 282650], [0.12753147776824142, {"__complex__": [-94189.0, -5.691864470388662e-16]}, 306794], [0.13253030539524033, {"__complex__": [-93431.078125, -2.2869305123132504e-15]}, 330880], [0.1375290348269346, {"__complex__": [-92027.6015625, 2.4887204418870632e-15]}, 356676], [0.14253147356571313, {"__complex__": [-91340.59375, 4.2515717644598175e-15]}, 383344], [0.14752808713373947, {"__complex__": [-91308.796875, -6.539100705550303e-15]}, 409468], [0.15252562580022352, {"__complex__": [-91385.90625, -3.67800594532541e-15]}, 439168], [0.15752820999305242, {"__complex__": [-90668.90625, -4.541835132407289e-15]}, 467780], [0.16252645609887756, {"__complex__": [-90273.0859375, 4.502304104758931e-15]}, 497744], [0.16752480785698443, {"__complex__": [-89981.4375, -5.169301893140224e-15]}, 529232], [0.17252291915971477, {"__complex__": [-89328.0625, 8.825509445568045e-16]}, 560608], [0.1775218160017329, {"__complex__": [-89428.40625, -2.398543620256476e-15]}, 594564], [0.18252252947417474, {"__complex__": [-89156.1484375, -2.317279914571609e-16]}, 627974], [0.187522151352855, {"__complex__": [-89079.21875, -4.3893869895934075e-15]}, 663050], [0.1925227690617193, {"__complex__": [-89635.0234375, -3.2055794599831914e-15]}, 699092], [0.1975210168113929, {"__complex__": [-88967.2578125, -4.752913095885101e-16]}, 734804], [0.2025191893471638, {"__complex__": [-88563.2578125, 1.4859833571696356e-15]}, 773630], [0.20751848120225452, {"__complex__": [-88612.40625, 9.32433455974439e-16]}, 811532], [0.21251962296816573, {"__complex__": [-88114.3203125, -5.805044483405189e-16]}, 852302], [0.21752000682772685, {"__complex__": [-87687.3359375, 1.7952795554419115e-15]}, 891622], [0.22251620645244088, {"__complex__": [-87683.7109375, 8.113322555329853e-16]}, 932663]]}, "attrs": {"poles": [0], "dk": 0.005, "kmin": 0.0, "kmax": null, "Nmesh": {"__dtype__": "<i8", "__shape__": [3], "__data__": [512, 512, 512]}, "BoxSize": {"__dtype__": "<f8", "__shape__": [3], "__data__": [3436.0, 7181.0, 3017.0]}, "BoxPad": {"__dtype__": "<f8", "__shape__": [3], "__data__": [0.1, 0.1, 0.1]}, "BoxCenter": {"__dtype__": "<f8", "__shape__": [3], "__data__": [-1752.0299587118527, 32.512233860430115, 1911.738279042836]}, "mesh.resampler": "tsc", "mesh.interlaced": true, "alpha": 0.05702123045921326, "data.norm": -1.4410614367636552, "randoms.norm": -1.4414891346857646, "shotnoise": 59060.94243902374, "first.data.N": 220089, "first.data.W": 232674.234375, "first.data.W2": 200614.09215914656, "first.data.num_per_cell": 0.001494691462510426, "first.randoms.N": 3950310, "first.randoms.W": 4080484.25, "first.randoms.W2": 3518098.713501647, "first.randoms.num_per_cell": 0.026211878012878054, "first.data.ext": 1, "first.randoms.ext": 1, "second.data.N": 220089, "second.data.W": 232674.234375, "second.data.W2": -94996.203125, "second.data.num_per_cell": -0.0007077768677845597, "second.randoms.N": 3950310, "second.randoms.W": 4080484.25, "second.randoms.W2": -1666603.125, "second.randoms.num_per_cell": -0.012417160905897617, "second.data.ext": 1, "second.randoms.ext": 1}}, "attrs": {"poles": [0], "dk": 0.005, "kmin": 0.0, "kmax": null, "Nmesh": {"__dtype__": "<i8", "__shape__": [3], "__data__": [512, 512, 512]}, "BoxSize": {"__dtype__": "<f8", "__shape__": [3], "__data__": [3436.0, 7181.0, 3017.0]}, "BoxPad": {"__dtype__": "<f8", "__shape__": [3], "__data__": [0.1, 0.1, 0.1]}, "BoxCenter": {"__dtype__": "<f8", "__shape__": [3], "__data__": [-1752.0299587118527, 32.512233860430115, 1911.738279042836]}, "mesh.resampler": "tsc", "mesh.interlaced": true, "alpha": 0.05702123045921326, "data.norm": -1.4410614367636552, "randoms.norm": -1.4414891346857646, "shotnoise": 59060.94243902374, "first.data.N": 220089, "first.data.W": 232674.234375, "first.data.W2": 200614.09215914656, "first.data.num_per_cell": 0.001494691462510426, "first.randoms.N": 3950310, "first.randoms.W": 4080484.25, "first.randoms.W2": 3518098.713501647, "first.randoms.num_per_cell": 0.026211878012878054, "first.data.ext": 1, "first.randoms.ext": 1, "second.data.N": 220089, "second.data.W": 232674.234375, "second.data.W2": -94996.203125, "second.data.num_per_cell": -0.0007077768677845597, "second.randoms.N": 3950310, "second.randoms.W": 4080484.25, "second.randoms.W2": -1666603.125, "second.randoms.num_per_cell": -0.012417160905897617, "second.data.ext": 1, "second.randoms.ext": 1, "p": 3.0, "zmin": 0.8, "zmax": 2.2, "P0_FKP": 30000.0, "z-weighted": true, "hashkeys": ["Nmesh", "P0_FKP", "dk", "kmin", "mesh.window", "mesh.interlaced", "poles", "p", "BoxPad", "zmin", "zmax", "z-weighted"]}}