{"poles": {"dims": ["k"], "edges": [{"__dtype__": "<f8", "__shape__": [46], "__data__": [0.0, 0.005, 0.01, 0.015, 0.02, 0.025, 0.03, 0.035, 0.04, 0.045, 0.05, 0.055, 0.06, 0.065, 0.07, 0.075, 0.08, 0.085, 0.09, 0.095, 0.1, 0.105, 0.11, 0.115, 0.12, 0.125, 0.13, 0.135, 0.14, 0.145, 0.15, 0.155, 0.16, 0.165, 0.17, 0.17500000000000002, 0.18, 0.185, 0.19, 0.195, 0.2, 0.20500000000000002, 0.21, 0.215, 0.22, 0.225]}], "coords": [{"__dtype__": "<f8", "__shape__": [45], "__data__": [0.0025, 0.0075, 0.0125, 0.0175, 0.0225, 0.0275, 0.0325, 0.037500000000000006, 0.042499999999999996, 0.0475, 0.052500000000000005, 0.057499999999999996, 0.0625, 0.0675, 0.07250000000000001, 0.0775, 0.0825, 0.0875, 0.0925, 0.0975, 0.10250000000000001, 0.1075, 0.1125, 0.1175, 0.1225, 0.1275, 0.1325, 0.1375, 0.14250000000000002, 0.1475, 0.1525, 0.1575, 0.1625, 0.1675, 0.17250000000000001, 0.1775, 0.1825, 0.1875, 0.1925, 0.1975, 0.2025, 0.20750000000000002, 0.2125, 0.2175, 0.2225]}], "data": {"__dtype__": [["k", "<f8"], ["power_0", "<c8"], ["modes", "<i8"]], "__shape__": [45], "__data__": [[0.0038151807540892685, {"__complex__": [87337.578125, 4.356860738071594e-13]}, 167], [0.008051518256028442, {"__complex__": [101193.2890625, 1.3449090203055541e-13]}, 1082], [0.012816570850077093, {"__complex__": [99708.8515625, 1.367294000459776e-13]}, 2980], [0.01772530520700576, {"__complex__": [109689.5078125, 1.5539419794333154e-13]}, 5806], [0.02266974448335022, {"__complex__": [110168.09375, 1.0372434112787196e-13]}, 9540], [0.027647211052535328, {"__complex__": [107763.8671875, 2.83623578317899e-14]}, 14366], [0.032637612703440635, {"__complex__": [99690.7109375, 3.7914600793794925e-14]}, 19958], [0.0376206246000466, {"__complex__": [99740.6875, 3.5107154135833804e-14]}, 26528], [0.04260757532479646, {"__complex__": [94549.140625, -1.8766758641346713e-14]}, 34118], [0.04759070075809862, {"__complex__": [93538.015625, 1.7168375282625853e-14]}, 42380], [0.05257269345857803, {"__complex__": [93816.7734375, 2.911839064138888e-14]}, 51974], [0.057571156738542364, {"__complex__": [90314.4609375, -7.460368890851391e-15]}, 62418], [0.06256942788116165, {"__complex__": [91121.9765625, -1.067377641757487e-14]}, 73620], [0.06756287468450144, {"__complex__": [89473.203125, 1.355463287997568e-14]}, 85886], [0.07255534944448738, {"__complex__": [86989.6953125, -2.9427533950214177e-16]}, 98900], [0.0775550950134059, {"__complex__": [86257.8671875, -6.02600922720159e-15]}, 113498], [0.08255565818599535, {"__complex__": [85261.7890625, -9.08231712968134e-16]}, 128178], [0.08755069314409161, {"__complex__": [84170.2265625, -1.8360638530390272e-14]}, 144246], [0.09254237673930316, {"__complex__": [81221.8046875, -1.5822409224494432e-15]}, 160948], [0.09753909890769119, {"__complex__": [80795.8046875, -7.954172158441703e-15]}, 179288], [0.10254049880351844, {"__complex__": [79835.84375, -3.600176746483422e-15]}, 198058], [0.10753477297930396, {"__complex__": [80695.6328125, 4.518812776900917e-16]}, 217370], [0.11253434982321732, {"__complex__": [79730.2109375, 4.0050415546120325e-15]}, 238896], [0.11753564404229891, {"__complex__": [79036.71875, 1.1194039088613275e-15]}, 259994], [0.12253371887932546, {"__complex__": [79748.3984375, 4.7336686132026014e-15]}, 282820], [0.1275331371121389, {"__complex__": [78613.125, 1.0450345219715183e-15]}, 306346], [0.13252994824866868, {"__complex__": [78159.0078125, -2.1578748784036907e-15]}, 330438], [0.13752934064313507, {"__complex__": [77505.6640625, -5.773857259682878e-15]}, 356624], [0.14253000024586626, {"__complex__": [77723.3828125, 1.2746147555117975e-15]}, 382460], [0.1475266783255557, {"__complex__": [76798.0625, 9.769246873860948e-15]}, 409630], [0.15252762785755006, {"__complex__": [76852.046875, -3.316403649380278e-17]}, 438786], [0.157528446574084, {"__complex__": [76448.7421875, -2.4926519982513033e-16]}, 467034], [0.16252650577185798, {"__complex__": [76072.8046875, 3.8012572859639094e-15]}, 497664], [0.16752754408372808, {"__complex__": [76030.046875, 2.06369561433909e-15]}, 528854], [0.1725274610271346, {"__complex__": [76116.234375, -1.4540801788486576e-15]}, 560428], [0.17752444017682706, {"__complex__": [75569.8046875, 1.3855836948986362e-15]}, 593384], [0.18252345348713098, {"__complex__": [75405.875, 7.303734817091297e-16]}, 627604], [0.18752347023718768, {"__complex__": [75398.375, 8.787759701737983e-17]}, 662372], [0.1925229290675309, {"__complex__": [75278.5234375, 1.6308946008188486e-15]}, 698198], [0.19752146643454094, {"__complex__": [75291.453125, -9.33617713913819e-16]}, 734518], [0.2025197429096658, {"__complex__": [74933.5078125, -1.7350389957496593e-15]}, 772660], [0.2075197467628538, {"__complex__": [75074.328125, 1.1212300060164894e-15]}, 811158], [0.21252007028335285, {"__complex__": [74858.2265625, -1.9152162443995683e-15]}, 850982], [0.2175182416213124, {"__complex__": [74313.4453125, 2.7039847598275607e-15]}, 890664], [0.22251558878423963, {"__complex__": [74562.734375, -6.088334123218798e-16]}, 932151]]}, "attrs": {"poles": [0], "dk": 0.005, "kmin": 0.0, "kmax": null, "Nmesh": {"__dtype__": "<i8", "__shape__": [3], "__data__": [512, 512, 512]}, "BoxSize": {"__dtype__": "<f8", "__shape__": [3], "__data__": [3425.0, 7188.0, 3021.0]}, "BoxPad": {"__dtype__": "<f8", "__shape__": [3], "__data__": [0.1, 0.1, 0.1]}, "BoxCenter": {"__dtype__": "<f8", "__shape__": [3], "__data__": [-1750.9326154726352, 40.82086056730054, 1912.8471996316173]}, "mesh.resampler": "tsc", "mesh.interlaced": true, "alpha": 0.05672323703765869, "data.norm": 1.7305404320540076, "randoms.norm": 1.729951619752994, "shotnoise": 73072.44238147333, "first.data.N": 219806, "first.data.W": 232563.859375, "first.data.W2": 200573.56068323524, "first.data.num_per_cell": 0.0014943894794824364, "first.randoms.N": 3961747, "first.randoms.W": 4099975.0, "first.randoms.W2": 3535824.15175202, "first.randoms.num_per_cell": 0.026343942819178255, "first.data.ext": 1, "first.randoms.ext": 1, "second.data.N": 219806, "second.data.W": 232563.859375, "second.data.W2": 118832.296875, "second.data.num_per_cell": 0.0008853696053847671, "second.randoms.N": 3961747, "second.randoms.W": 4099975.0, "second.randoms.W2": 2094194.125, "second.randoms.num_per_cell": 0.015602962113916874, "second.data.ext": 1, "second.randoms.ext": 1}}, "attrs": {"poles": [0], "dk": 0.005, "kmin": 0.0, "kmax": null, "Nmesh": {"__dtype__": "<i8", "__shape__": [3], "__data__": [512, 512, 512]}, "BoxSize": {"__dtype__": "<f8", "__shape__": [3], "__data__": [3425.0, 7188.0, 3021.0]}, "BoxPad": {"__dtype__": "<f8", "__shape__": [3], "__data__": [0.1, 0.1, 0.1]}, "BoxCenter": {"__dtype__": "<f8", "__shape__": [3], "__data__": [-1750.9326154726352, 40.82086056730054, 1912.8471996316173]}, "mesh.resampler": "tsc", "mesh.interlaced": true, "alpha": 0.05672323703765869, "data.norm": 1.7305404320540076, "randoms.norm": 1.729951619752994, "shotnoise": 73072.44238147333, "first.data.N": 219806, "first.data.W": 232563.859375, "first.data.W2": 200573.56068323524, "first.data.num_per_cell": 0.0014943894794824364, "first.randoms.N": 3961747, "first.randoms.W": 4099975.0, "first.randoms.W2": 3535824.15175202, "first.randoms.num_per_cell": 0.026343942819178255, "first.data.ext": 1, "first.randoms.ext": 1, "second.data.N": 219806, "second.data.W": 232563.859375, "second.data.W2": 118832.296875, "second.data.num_per_cell": 0.0008853696053847671, "second.randoms.N": 3961747, "second.randoms.W": 4099975.0, "second.randoms.W2": 2094194.125, "second.randoms.num_per_cell": 0.015602962113916874, "second.data.ext": 1, "second.randoms.ext": 1, "p": 1.6, "zmin": 0.8, "zmax": 2.2, "P0_FKP": 30000.0, "z-weighted": true, "hashkeys": ["Nmesh", "P0_FKP", "dk", "kmin", "mesh.window", "mesh.interlaced", "poles", "p", "BoxPad", "zmin", "zmax", "z-weighted"]}}