{"poles": {"dims": ["k"], "edges": [{"__dtype__": "<f8", "__shape__": [57], "__data__": [0.0, 0.005, 0.01, 0.015, 0.02, 0.025, 0.03, 0.035, 0.04, 0.045, 0.05, 0.055, 0.06, 0.065, 0.07, 0.075, 0.08, 0.085, 0.09, 0.095, 0.1, 0.105, 0.11, 0.115, 0.12, 0.125, 0.13, 0.135, 0.14, 0.145, 0.15, 0.155, 0.16, 0.165, 0.17, 0.17500000000000002, 0.18, 0.185, 0.19, 0.195, 0.2, 0.20500000000000002, 0.21, 0.215, 0.22, 0.225, 0.23, 0.23500000000000001, 0.24, 0.245, 0.25, 0.255, 0.26, 0.265, 0.27, 0.275, 0.28]}], "coords": [{"__dtype__": "<f8", "__shape__": [56], "__data__": [0.0025, 0.0075, 0.0125, 0.0175, 0.0225, 0.0275, 0.0325, 0.037500000000000006, 0.042499999999999996, 0.0475, 0.052500000000000005, 0.057499999999999996, 0.0625, 0.0675, 0.07250000000000001, 0.0775, 0.0825, 0.0875, 0.0925, 0.0975, 0.10250000000000001, 0.1075, 0.1125, 0.1175, 0.1225, 0.1275, 0.1325, 0.1375, 0.14250000000000002, 0.1475, 0.1525, 0.1575, 0.1625, 0.1675, 0.17250000000000001, 0.1775, 0.1825, 0.1875, 0.1925, 0.1975, 0.2025, 0.20750000000000002, 0.2125, 0.2175, 0.2225, 0.2275, 0.2325, 0.2375, 0.2425, 0.2475, 0.2525, 0.2575, 0.2625, 0.2675, 0.2725, 0.2775]}], "data": {"__dtype__": [["k", "<f8"], ["power_0", "<c8"], ["modes", "<i8"]], "__shape__": [56], "__data__": [[0.003820478602501906, {"__complex__": [107852.0703125, -9.365094420440978e-13]}, 101], [0.008090143641600161, {"__complex__": [141106.4375, -7.84139138169937e-13]}, 682], [0.01287232379181709, {"__complex__": [117123.3125, -2.2120174615614108e-13]}, 1842], [0.0177709714500753, {"__complex__": [109932.234375, 7.320695021321641e-14]}, 3578], [0.02269227040665326, {"__complex__": [116202.0, 2.492619927466338e-14]}, 5838], [0.027637508567586476, {"__complex__": [109686.015625, -3.244481438613271e-14]}, 8746], [0.03261636464847211, {"__complex__": [108926.671875, -3.555607143348322e-15]}, 12278], [0.03761035641243707, {"__complex__": [106928.2109375, 2.719567497903256e-14]}, 16320], [0.04261243693424457, {"__complex__": [103015.484375, -4.1541294330208617e-14]}, 21018], [0.047598787578943216, {"__complex__": [97731.09375, 5.3076554077117945e-15]}, 26046], [0.05257146648132764, {"__complex__": [94566.6328125, -9.159637261722028e-15]}, 31774], [0.057559354090109024, {"__complex__": [96748.140625, 6.8336674243863e-15]}, 38330], [0.06256316547888792, {"__complex__": [96195.78125, -5.776607152146139e-15]}, 45344], [0.06756598997581112, {"__complex__": [93912.9609375, -1.1859077054512859e-14]}, 52764], [0.07255897434017529, {"__complex__": [91990.1796875, 1.5558681281202069e-15]}, 60794], [0.07755215910112502, {"__complex__": [89661.015625, -4.502189755311052e-15]}, 69492], [0.08254708305930442, {"__complex__": [89733.390625, 3.327081465827374e-15]}, 78728], [0.08754559698179307, {"__complex__": [88702.9140625, 5.412072547251621e-15]}, 88730], [0.09254573800700441, {"__complex__": [86532.046875, -4.4448922115940346e-15]}, 99034], [0.09754592567377446, {"__complex__": [86207.25, 1.0899667399113383e-14]}, 110144], [0.10254729880559293, {"__complex__": [85633.8515625, -2.3917548629424695e-15]}, 121684], [0.10753706134114356, {"__complex__": [85271.0078125, -1.343475484804962e-14]}, 133228], [0.11253341723713371, {"__complex__": [84419.6796875, -4.259696504489881e-15]}, 146896], [0.11753676007008651, {"__complex__": [85039.109375, -7.15500589006969e-15]}, 159654], [0.12253260933720425, {"__complex__": [84593.8828125, -2.6820715939656183e-15]}, 173620], [0.1275309396817867, {"__complex__": [83792.765625, -1.933203015504293e-16]}, 188184], [0.13252938224155883, {"__complex__": [82544.484375, 1.0747987303424424e-15]}, 203088], [0.13752872570582877, {"__complex__": [83192.421875, -1.6951596258017428e-15]}, 218902], [0.1425300547478013, {"__complex__": [82629.796875, -6.374221930718991e-15]}, 235142], [0.1475285591992975, {"__complex__": [83151.7890625, 2.1978076114272842e-15]}, 251602], [0.15252939883189237, {"__complex__": [82915.734375, 4.319453514248369e-16]}, 269514], [0.15752697484629583, {"__complex__": [81915.1796875, -1.624925136123074e-15]}, 286574], [0.1625227838561589, {"__complex__": [81889.1640625, -2.2614622962321225e-16]}, 305650], [0.16752414566503365, {"__complex__": [82057.78125, 8.510782707312685e-16]}, 324866], [0.1725215103288166, {"__complex__": [81674.890625, -2.7079628500643405e-15]}, 343920], [0.1775217288116133, {"__complex__": [81354.765625, 2.5905994472004423e-15]}, 365118], [0.1825254029693687, {"__complex__": [81848.1328125, 1.1320160176877072e-15]}, 385646], [0.18752468178271142, {"__complex__": [81196.328125, 1.2882615150832484e-15]}, 406648], [0.19252323996786788, {"__complex__": [80931.0, 2.2055143406978775e-15]}, 428868], [0.19752267146968622, {"__complex__": [81107.75, -2.0470772514304342e-15]}, 451398], [0.20252143887590782, {"__complex__": [80232.703125, -2.4540107257744765e-15]}, 474388], [0.20752074226993253, {"__complex__": [80882.7421875, 7.299608178451393e-16]}, 498380], [0.21252055269632242, {"__complex__": [80675.1484375, -1.5038148830169963e-15]}, 522540], [0.21751694128411375, {"__complex__": [80865.7421875, 3.193906075420606e-16]}, 546738], [0.2225164687198129, {"__complex__": [80688.3828125, -1.4714125905318487e-15]}, 573606], [0.22751844623273745, {"__complex__": [80251.03125, -4.860391518375423e-17]}, 598796], [0.23251833811904973, {"__complex__": [80330.4609375, 3.6047914349196227e-16]}, 625708], [0.23751861215512135, {"__complex__": [79700.2265625, 1.950401993028512e-15]}, 652836], [0.24251757498174423, {"__complex__": [79877.3671875, -1.1765191022666686e-16]}, 680274], [0.2475171245541386, {"__complex__": [79965.03125, 1.9497675388812388e-16]}, 709024], [0.25251767995198926, {"__complex__": [79708.234375, 1.360611257789448e-15]}, 737964], [0.2575163091998664, {"__complex__": [79535.8203125, 2.4861312739255436e-15]}, 766774], [0.2625157449343334, {"__complex__": [79501.53125, -2.0975956993029996e-16]}, 797804], [0.26751687368487553, {"__complex__": [79745.234375, -3.3382640477365845e-16]}, 828234], [0.27251652721198943, {"__complex__": [79570.890625, 1.185743291062268e-16]}, 859068], [0.27751370417542237, {"__complex__": [79530.46875, 2.533966294951428e-16]}, 890125]]}, "attrs": {"poles": [0], "dk": 0.005, "kmin": 0.0, "kmax": null, "Nmesh": {"__dtype__": "<i8", "__shape__": [3], "__data__": [512, 512, 512]}, "BoxSize": {"__dtype__": "<f8", "__shape__": [3], "__data__": [2658.0, 5785.0, 2971.0]}, "BoxPad": {"__dtype__": "<f8", "__shape__": [3], "__data__": [0.1, 0.1, 0.1]}, "BoxCenter": {"__dtype__": "<f8", "__shape__": [3], "__data__": [2585.9214383170242, 44.993524242005606, 889.147374461067]}, "mesh.resampler": "tsc", "mesh.interlaced": true, "alpha": 0.05299845710396767, "data.norm": 1.7533122136226627, "randoms.norm": 1.753452691883264, "shotnoise": 78794.32073016102, "first.data.N": 125684, "first.data.W": 135290.828125, "first.data.W2": 120858.87478584667, "first.data.num_per_cell": 0.0009004687874454757, "first.randoms.N": 2425499, "first.randoms.W": 2552731.5, "first.randoms.W2": 2280435.9207653357, "first.randoms.num_per_cell": 0.016990571623782334, "first.data.ext": 1, "first.randoms.ext": 1, "second.data.N": 125684, "second.data.W": 135290.828125, "second.data.W2": 127237.1328125, "second.data.num_per_cell": 0.0009479905129410326, "second.randoms.N": 2425499, "second.randoms.W": 2552731.5, "second.randoms.W2": 2400813.25, "second.randoms.num_per_cell": 0.017887452617287636, "second.data.ext": 1, "second.randoms.ext": 1}}, "attrs": {"poles": [0], "dk": 0.005, "kmin": 0.0, "kmax": null, "Nmesh": {"__dtype__": "<i8", "__shape__": [3], "__data__": [512, 512, 512]}, "BoxSize": {"__dtype__": "<f8", "__shape__": [3], "__data__": [2658.0, 5785.0, 2971.0]}, "BoxPad": {"__dtype__": "<f8", "__shape__": [3], "__data__": [0.1, 0.1, 0.1]}, "BoxCenter": {"__dtype__": "<f8", "__shape__": [3], "__data__": [2585.9214383170242, 44.993524242005606, 889.147374461067]}, "mesh.resampler": "tsc", "mesh.interlaced": true, "alpha": 0.05299845710396767, "data.norm": 1.7533122136226627,