{"poles": {"dims": ["k"], "edges": [{"__dtype__": "<f8", "__shape__": [57], "__data__": [0.0, 0.005, 0.01, 0.015, 0.02, 0.025, 0.03, 0.035, 0.04, 0.045, 0.05, 0.055, 0.06, 0.065, 0.07, 0.075, 0.08, 0.085, 0.09, 0.095, 0.1, 0.105, 0.11, 0.115, 0.12, 0.125, 0.13, 0.135, 0.14, 0.145, 0.15, 0.155, 0.16, 0.165, 0.17, 0.17500000000000002, 0.18, 0.185, 0.19, 0.195, 0.2, 0.20500000000000002, 0.21, 0.215, 0.22, 0.225, 0.23, 0.23500000000000001, 0.24, 0.245, 0.25, 0.255, 0.26, 0.265, 0.27, 0.275, 0.28]}], "coords": [{"__dtype__": "<f8", "__shape__": [56], "__data__": [0.0025, 0.0075, 0.0125, 0.0175, 0.0225, 0.0275, 0.0325, 0.037500000000000006, 0.042499999999999996, 0.0475, 0.052500000000000005, 0.057499999999999996, 0.0625, 0.0675, 0.07250000000000001, 0.0775, 0.0825, 0.0875, 0.0925, 0.0975, 0.10250000000000001, 0.1075, 0.1125, 0.1175, 0.1225, 0.1275, 0.1325, 0.1375, 0.14250000000000002, 0.1475, 0.1525, 0.1575, 0.1625, 0.1675, 0.17250000000000001, 0.1775, 0.1825, 0.1875, 0.1925, 0.1975, 0.2025, 0.20750000000000002, 0.2125, 0.2175, 0.2225, 0.2275, 0.2325, 0.2375, 0.2425, 0.2475, 0.2525, 0.2575, 0.2625, 0.2675, 0.2725, 0.2775]}], "data": {"__dtype__": [["k", "<f8"], ["power_0", "<c8"], ["modes", "<i8"]], "__shape__": [56], "__data__": [[0.0038135211029132776, {"__complex__": [-101105.8359375, -8.644702250044933e-13]}, 101], [0.008096521864649564, {"__complex__": [-82543.8125, 1.687178635733158e-13]}, 690], [0.012878169828503082, {"__complex__": [-84969.296875, -9.439080376691389e-14]}, 1850], [0.017766673405945656, {"__complex__": [-87819.453125, 0.0]}, 3590], [0.022681957388772527, {"__complex__": [-77048.8515625, 1.489448823066737e-14]}, 5862], [0.02764471494843164, {"__complex__": [-80480.953125, -4.2693499695831486e-14]}, 8862], [0.03263352691916193, {"__complex__": [-75466.21875, 3.3024283177876534e-14]}, 12338], [0.037614596584989494, {"__complex__": [-73030.4609375, 6.3344571219771904e-15]}, 16368], [0.04261043113993667, {"__complex__": [-72091.359375, -4.128983650619018e-15]}, 21146], [0.04759318270443745, {"__complex__": [-70155.515625, -1.3185620435405502e-14]}, 26142], [0.0525746286540332, {"__complex__": [-69403.5078125, 6.115772696753917e-15]}, 32122], [0.05757150105394898, {"__complex__": [-70060.9609375, 2.2660651262070616e-15]}, 38530], [0.06256757218357789, {"__complex__": [-65487.5546875, 1.342663519021724e-14]}, 45520], [0.06756582445318114, {"__complex__": [-66471.34375, -1.8643647484660984e-14]}, 53076], [0.07255581391728354, {"__complex__": [-65762.1484375, -8.579857608886562e-15]}, 61058], [0.07754554054458253, {"__complex__": [-63169.91796875, -2.7071393222813725e-15]}, 69880], [0.08254142949112753, {"__complex__": [-62767.71484375, 3.674447718732672e-16]}, 79206], [0.08754290233184579, {"__complex__": [-62596.57421875, 3.909965917931e-15]}, 89322], [0.09254542580220021, {"__complex__": [-61016.31640625, 1.0519457178980503e-14]}, 99600], [0.09754394669808368, {"__complex__": [-59648.5390625, 7.360338534945395e-15]}, 110716], [0.10254246780936697, {"__complex__": [-59196.33203125, -4.1636722438474826e-16]}, 122324], [0.10753811775188536, {"__complex__": [-59695.0078125, -4.983087628916997e-15]}, 134332], [0.11253418778553696, {"__complex__": [-59350.8359375, -1.1846717149746524e-15]}, 147402], [0.11753529148498325, {"__complex__": [-59540.51953125, -6.786936193169807e-15]}, 160808], [0.12253531738299038, {"__complex__": [-58565.68359375, -9.997994685772313e-16]}, 174658], [0.12753345235332997, {"__complex__": [-58157.20703125, -7.689173665728459e-15]}, 189252], [0.1325303142513386, {"__complex__": [-57881.36328125, -9.835361183525935e-15]}, 204178], [0.13752840596389207, {"__complex__": [-58694.6953125, 5.287759874330212e-15]}, 220160], [0.14252999192186908, {"__complex__": [-57861.66015625, -2.8297714818354292e-15]}, 236552], [0.14752911552795964, {"__complex__": [-57480.18359375, -2.070088171992018e-15]}, 253066], [0.15252981892649312, {"__complex__": [-57624.44140625, 3.0063501110089283e-15]}, 271062], [0.15752921434807388, {"__complex__": [-56684.1796875, 3.430794085713322e-15]}, 288426], [0.1625226586305534, {"__complex__": [-57327.61328125, -3.318566825943778e-16]}, 306950], [0.16751998172352717, {"__complex__": [-56467.18359375, 3.429408339811614e-15]}, 326732], [0.17252335794944393, {"__complex__": [-56716.87890625, -2.6859857332148804e-15]}, 346734], [0.17752575183891653, {"__complex__": [-56224.26953125, 2.658094208811217e-15]}, 366796], [0.18252541302845035, {"__complex__": [-55529.36328125, 2.0268964797038637e-15]}, 387688], [0.18752300538252925, {"__complex__": [-56278.34375, 1.7438183863688317e-15]}, 408898], [0.19252146467198158, {"__complex__": [-56126.125, 1.754014968987879e-15]}, 431410], [0.19751958378619774, {"__complex__": [-56093.84375, -1.7960656020169635e-15]}, 453718], [0.2025173027010599, {"__complex__": [-55945.96484375, -6.098721261781198e-17]}, 477212], [0.20751887759003712, {"__complex__": [-55768.67578125, -2.059690419047998e-15]}, 501622], [0.21251975486943767, {"__complex__": [-55594.8515625, 1.772442064876278e-15]}, 525446], [0.21751774194062082, {"__complex__": [-56125.3828125, -5.552450788204484e-16]}, 550370], [0.2225187931662158, {"__complex__": [-55985.12890625, -2.421913471029459e-15]}, 576810], [0.22752045282702998, {"__complex__": [-55475.515625, -1.1113016152043665e-15]}, 602346], [0.23251909330282364, {"__complex__": [-55198.06640625, 1.6194964225547823e-16]}, 628982], [0.23751745792748824, {"__complex__": [-55331.578125, -1.241354842167555e-15]}, 656466], [0.24251459053158617, {"__complex__": [-55572.6484375, -3.1815768755986094e-15]}, 683784], [0.24751423070856038, {"__complex__": [-55243.8828125, 1.6313943502577286e-15]}, 713594], [0.25251685655077877, {"__complex__": [-55236.01171875, 1.332905339480352e-15]}, 742386], [0.2575166029517149, {"__complex__": [-55479.26171875, 4.1029730687538513e-16]}, 771402], [0.26251617541903416, {"__complex__": [-55389.71875, -2.1762313264503326e-16]}, 802410], [0.26751566921666775, {"__complex__": [-54742.21484375, -1.9404370739205387e-15]}, 832422], [0.2725150297545121, {"__complex__": [-55245.91015625, -1.5317415592879706e-15]}, 864522], [0.2775108350615551, {"__complex__": [-54992.109375, 1.6481200745924489e-15]}, 893977]]}, "attrs": {"poles": [0], "dk": 0.005, "kmin": 0.0, "kmax": null, "Nmesh": {"__dtype__": "<i8", "__shape__": [3], "__data__": [512, 512, 512]}, "BoxSize": {"__dtype__": "<f8", "__shape__": [3], "__data__": [2667.0, 5795.0, 2973.0]}, "BoxPad": {"__dtype__": "<f8", "__shape__": [3], "__data__": [0.1, 0.1, 0.1]}, "BoxCenter": {"__dtype__": "<f8", "__shape__": [3], "__data__": [2582.024647505633, 47.59908696404591, 890.8805213833122]}, "mesh.resampler": "tsc", "mesh.interlaced": true, "alpha": 0.05297083407640457, "data.norm": -0.79891945451683, "randoms.norm": -0.7984863239918392, "shotnoise": 67851.8181594683, "first.data.N": 126007, "first.data.W": 135619.359375, "first.data.W2": 121116.30839876541, "first.data.num_per_cell": 0.000902386817326884, "first.randoms.N": 2432467, "first.randoms.W": 2560264.75, "first.randoms.W2": 2286671.3817536123, "first.randoms.num_per_cell": 0.017037029428434464, "first.data.ext": 1, "first.randoms.ext": 1, "second.data.N": 126007, "second.data.W": 135619.359375, "second.data.W2": -56748.265625, "second.data.num_per_cell": -0.00042280752677470446, "second.randoms.N": 2432467, "second.randoms.W": 2560264.75, "second.randoms.W2": -1070809.75, "second.randoms.num_per_cell": -0.007978154346346855, "second.data.ext": 1, "second.randoms.ext": 1}}, "attrs": {"poles": [0], "dk": 0.005, "kmin": 0.0, "kmax": null, "Nmesh": {"__dtype__": "<i8", "__shape__": [3], "__data__": [512, 512, 512]}, "BoxSize": {"__dtype__": "<f8", "__shape__": [3], "__data__": [2667.0, 5795.0, 2973.0]}, "BoxPad": {"__dtype__": "<f8", "__shape__": [3], "__data__": [0.1, 0.1, 0.1]}, "BoxCenter": {"__dtype__": "<f8", "__shape__": [3], "__data__": [2582.024647505633, 47.59908696404591, 890.8805213833122]}, "mesh.resampler": "tsc",