{"poles": {"dims": ["k"], "edges": [{"__dtype__": "<f8", "__shape__": [46], "__data__": [0.0, 0.005, 0.01, 0.015, 0.02, 0.025, 0.03, 0.035, 0.04, 0.045, 0.05, 0.055, 0.06, 0.065, 0.07, 0.075, 0.08, 0.085, 0.09, 0.095, 0.1, 0.105, 0.11, 0.115, 0.12, 0.125, 0.13, 0.135, 0.14, 0.145, 0.15, 0.155, 0.16, 0.165, 0.17, 0.17500000000000002, 0.18, 0.185, 0.19, 0.195, 0.2, 0.20500000000000002, 0.21, 0.215, 0.22, 0.225]}], "coords": [{"__dtype__": "<f8", "__shape__": [45], "__data__": [0.0025, 0.0075, 0.0125, 0.0175, 0.0225, 0.0275, 0.0325, 0.037500000000000006, 0.042499999999999996, 0.0475, 0.052500000000000005, 0.057499999999999996, 0.0625, 0.0675, 0.07250000000000001, 0.0775, 0.0825, 0.0875, 0.0925, 0.0975, 0.10250000000000001, 0.1075, 0.1125, 0.1175, 0.1225, 0.1275, 0.1325, 0.1375, 0.14250000000000002, 0.1475, 0.1525, 0.1575, 0.1625, 0.1675, 0.17250000000000001, 0.1775, 0.1825, 0.1875, 0.1925, 0.1975, 0.2025, 0.20750000000000002, 0.2125, 0.2175, 0.2225]}], "data": {"__dtype__": [["k", "<f8"], ["power_0", "<c8"], ["modes", "<i8"]], "__shape__": [45], "__data__": [[0.00381477224599617, {"__complex__": [-91040.8828125, 6.970977614595419e-13]}, 167], [0.008050638740763538, {"__complex__": [-142915.09375, -4.3037088107676646e-13]}, 1082], [0.012815243710606423, {"__complex__": [-136330.984375, 1.953277288719614e-14]}, 2980], [0.01772341776505649, {"__complex__": [-144726.09375, 1.5539419794333154e-13]}, 5806], [0.02266824529945543, {"__complex__": [-144433.671875, 4.879099850378134e-14]}, 9544], [0.02764895761254319, {"__complex__": [-125227.3203125, -8.496878195615384e-14]}, 14386], [0.032635902078386785, {"__complex__": [-123434.8046875, 9.934045095858976e-14]}, 19922], [0.03761474055341917, {"__complex__": [-113585.3984375, 7.897918836942061e-14]}, 26532], [0.04260297778694517, {"__complex__": [-113970.1484375, -2.344745254347861e-14]}, 34134], [0.047588103619103005, {"__complex__": [-117036.1328125, 2.813754512319324e-14]}, 42408], [0.05257230007208071, {"__complex__": [-111603.0, -3.917220755124233e-14]}, 52008], [0.0575726393410836, {"__complex__": [-110937.9765625, -2.515698017740639e-14]}, 62472], [0.06257147198636547, {"__complex__": [-107952.5390625, -3.162256901104686e-15]}, 73628], [0.06756463841172822, {"__complex__": [-104696.09375, -4.403000079605205e-15]}, 85930], [0.07255552465437679, {"__complex__": [-104501.8828125, 1.471972002853951e-16]}, 98860], [0.07755363978030963, {"__complex__": [-104060.6015625, -2.0507569743115437e-15]}, 113534], [0.08255513263880633, {"__complex__": [-101316.1953125, 0.0]}, 128262], [0.08755038198567713, {"__complex__": [-100900.3515625, 8.574785575598404e-15]}, 144250], [0.0925422731661077, {"__complex__": [-98295.3515625, 1.5902152506038977e-14]}, 161056], [0.09753963607260749, {"__complex__": [-96922.4765625, -1.0142686759646424e-14]}, 179340], [0.1025419545028742, {"__complex__": [-96073.546875, 7.929478606930399e-15]}, 198198], [0.10753589553571517, {"__complex__": [-95206.8203125, 2.2430620407002397e-15]}, 217332], [0.11253420214872638, {"__complex__": [-94286.703125, -6.819592701418249e-15]}, 238990], [0.1175377065343155, {"__complex__": [-94052.1796875, -1.1181653349342049e-15]}, 260282], [0.12253393169178965, {"__complex__": [-93728.109375, -1.4165480430767012e-15]}, 282502], [0.12753098844902888, {"__complex__": [-93147.078125, 3.963456895583056e-15]}, 306572], [0.13252938648274776, {"__complex__": [-93161.0234375, 0.0]}, 330610], [0.13752909160573223, {"__complex__": [-91125.8515625, -1.509416311897189e-15]}, 356708], [0.1425300404603253, {"__complex__": [-90210.9609375, 9.127177265117348e-15]}, 382644], [0.14752739004546855, {"__complex__": [-91332.6640625, 1.2072800831280537e-15]}, 409818], [0.15252806115411235, {"__complex__": [-90532.8359375, -1.3264164318296735e-15]}, 438834], [0.1575279109484462, {"__complex__": [-90119.5234375, -4.299327482026015e-15]}, 467088], [0.16252558962990885, {"__complex__": [-89708.0703125, 7.804751311381308e-15]}, 497820], [0.16752619346694675, {"__complex__": [-89682.6796875, 5.942252068278243e-15]}, 528960], [0.17252581222665445, {"__complex__": [-89322.5234375, -1.090295515749815e-15]}, 560564], [0.17752251186868018, {"__complex__": [-89246.421875, 2.1453237559495133e-15]}, 593520], [0.18252300530851104, {"__complex__": [-89035.515625, -1.945765334675242e-15]}, 628216], [0.18752382958458855, {"__complex__": [-88533.9296875, -2.1749574153674418e-15]}, 662376], [0.19252259384116874, {"__complex__": [-89046.34375, -4.166904998030238e-16]}, 698452], [0.19752070195833654, {"__complex__": [-88859.171875, -2.9121581414501187e-15]}, 734552], [0.20251940960650877, {"__complex__": [-88398.7265625, 3.763802759585745e-15]}, 773256], [0.20751994095008663, {"__complex__": [-87708.7890625, 1.112145048261595e-15]}, 811242], [0.21252101062757642, {"__complex__": [-88376.4921875, 3.622251272121816e-15]}, 851682], [0.21751904774375536, {"__complex__": [-87584.1484375, -3.4155665509040577e-15]}, 890438], [0.22251514361486432, {"__complex__": [-87805.3671875, -4.056870124225984e-16]}, 932615]]}, "attrs": {"poles": [0], "dk": 0.005, "kmin": 0.0, "kmax": null, "Nmesh": {"__dtype__": "<i8", "__shape__": [3], "__data__": [512, 512, 512]}, "BoxSize": {"__dtype__": "<f8", "__shape__": [3], "__data__": [3428.0, 7184.0, 3021.0]}, "BoxPad": {"__dtype__": "<f8", "__shape__": [3], "__data__": [0.1, 0.1, 0.1]}, "BoxCenter": {"__dtype__": "<f8", "__shape__": [3], "__data__": [-1754.2831482579802, 38.180654238561374, 1910.804531993815]}, "mesh.resampler": "tsc", "mesh.interlaced": true, "alpha": 0.05682303383946419, "data.norm": -1.4376023591588658, "randoms.norm": -1.437696509420817, "shotnoise": 59187.019751885004, "first.data.N": 219499, "first.data.W": 232257.703125, "first.data.W2": 200416.63903859974, "first.data.num_per_cell": 0.0014932203221216778, "first.randoms.N": 3951887, "first.randoms.W": 4087386.5, "first.randoms.W2": 3527048.062476571, "first.randoms.num_per_cell": 0.026278555858705723, "first.data.ext": 1, "first.randoms.ext": 1, "second.data.N": 219499, "second.data.W": 232257.703125, "second.data.W2": -94886.046875, "second.data.num_per_cell": -0.0007069561397656798, "second.randoms.N": 3951887, "second.randoms.W": 4087386.5, "second.randoms.W2": -1670081.5, "second.randoms.num_per_cell": -0.012443076819181442, "second.data.ext": 1, "second.randoms.ext": 1}}, "attrs": {"poles": [0], "dk": 0.005, "kmin": 0.0, "kmax": null, "Nmesh": {"__dtype__": "<i8", "__shape__": [3], "__data__": [512, 512, 512]}, "BoxSize": {"__dtype__": "<f8", "__shape__": [3], "__data__": [3428.0, 7184.0, 3021.0]}, "BoxPad": {"__dtype__": "<f8", "__shape__": [3], "__data__": [0.1, 0.1, 0.1]}, "BoxCenter": {"__dtype__": "<f8", "__shape__": [3], "__data__": [-1754.2831482579802, 38.180654238561374, 1910.804531993815]}, "mesh.resampler": "tsc", "mesh.interlaced": true, "alpha": 0.05682303383946419, "data.norm": -1.4376023591588658, "randoms.norm": -1.437696509420817, "shotnoise": 59187.019751885004, "first.data.N": 219499, "first.data.W": 232257.703125, "first.data.W2": 200416.63903859974, "first.data.num_per_cell": 0.0014932203221216778, "first.randoms.N": 3951887, "first.randoms.W": 4087386.5, "first.randoms.W2": 3527048.062476571, "first.randoms.num_per_cell": 0.026278555858705723, "first.data.ext": 1, "first.randoms.ext": 1, "second.data.N": 219499, "second.data.W": 232257.703125, "second.data.W2": -94886.046875, "second.data.num_per_cell": -0.0007069561397656798, "second.randoms.N": 3951887, "second.randoms.W": 4087386.5, "second.randoms.W2": -1670081.5, "second.randoms.num_per_cell": -0.012443076819181442, "second.data.ext": 1, "second.randoms.ext": 1, "p": 3.0, "zmin": 0.8, "zmax": 2.2, "P0_FKP": 30000.0, "z-weighted": true, "hashkeys": ["Nmesh", "P0_FKP", "dk", "kmin", "mesh.window", "mesh.interlaced", "poles", "p", "BoxPad", "zmin", "zmax", "z-weighted"]}}