{"poles": {"dims": ["k"], "edges": [{"__dtype__": "<f8", "__shape__": [46], "__data__": [0.0, 0.005, 0.01, 0.015, 0.02, 0.025, 0.03, 0.035, 0.04, 0.045, 0.05, 0.055, 0.06, 0.065, 0.07, 0.075, 0.08, 0.085, 0.09, 0.095, 0.1, 0.105, 0.11, 0.115, 0.12, 0.125, 0.13, 0.135, 0.14, 0.145, 0.15, 0.155, 0.16, 0.165, 0.17, 0.17500000000000002, 0.18, 0.185, 0.19, 0.195, 0.2, 0.20500000000000002, 0.21, 0.215, 0.22, 0.225]}], "coords": [{"__dtype__": "<f8", "__shape__": [45], "__data__": [0.0025, 0.0075, 0.0125, 0.0175, 0.0225, 0.0275, 0.0325, 0.037500000000000006, 0.042499999999999996, 0.0475, 0.052500000000000005, 0.057499999999999996, 0.0625, 0.0675, 0.07250000000000001, 0.0775, 0.0825, 0.0875, 0.0925, 0.0975, 0.10250000000000001, 0.1075, 0.1125, 0.1175, 0.1225, 0.1275, 0.1325, 0.1375, 0.14250000000000002, 0.1475, 0.1525, 0.1575, 0.1625, 0.1675, 0.17250000000000001, 0.1775, 0.1825, 0.1875, 0.1925, 0.1975, 0.2025, 0.20750000000000002, 0.2125, 0.2175, 0.2225]}], "data": {"__dtype__": [["k", "<f8"], ["power_0", "<c8"], ["modes", "<i8"]], "__shape__": [45], "__data__": [[0.003814792685770939, {"__complex__": [84043.609375, -2.178430369035797e-13]}, 167], [0.008050968283794408, {"__complex__": [92369.953125, -3.3622725507638854e-14]}, 1082], [0.012815557288390355, {"__complex__": [113536.8359375, -4.8831930523924455e-14]}, 2980], [0.01772075913010013, {"__complex__": [108774.8984375, -3.764724670245537e-14]}, 5798], [0.022669776130546635, {"__complex__": [104226.6640625, 4.8688968303086874e-14]}, 9564], [0.027649282162815043, {"__complex__": [104875.765625, -1.5836027396703913e-15]}, 14358], [0.03263711257083105, {"__complex__": [101675.1484375, -3.007648612517069e-15]}, 19958], [0.03761563586168464, {"__complex__": [96271.4921875, -1.3185063934759156e-14]}, 26488], [0.042599881558931116, {"__complex__": [91171.34375, -2.7720370808758657e-15]}, 34122], [0.047588815640267686, {"__complex__": [89714.09375, -1.3192256091514292e-14]}, 42468], [0.05257414086163674, {"__complex__": [87456.96875, -3.5000758750845665e-15]}, 51970], [0.05757063498963224, {"__complex__": [87935.140625, -1.818931087021504e-14]}, 62402], [0.06256905726954372, {"__complex__": [85967.3203125, -7.431803551738187e-15]}, 73672], [0.06756459008689818, {"__complex__": [86022.2109375, -3.3864502168586648e-15]}, 85942], [0.07255780318349409, {"__complex__": [84297.328125, -3.714474948869444e-15]}, 98920], [0.07755666995752253, {"__complex__": [83953.265625, -5.769176979132824e-15]}, 113506], [0.08255362089850421, {"__complex__": [81805.609375, -2.9548882007820196e-15]}, 128042], [0.08754764869754232, {"__complex__": [80628.4296875, 4.56051263241072e-15]}, 144386], [0.0925421646414535, {"__complex__": [79131.859375, 6.325662378885849e-15]}, 161032], [0.09753851400730218, {"__complex__": [78398.9921875, 1.7859892980764264e-15]}, 179252], [0.10253853683684684, {"__complex__": [77981.4453125, -1.4693412773384568e-15]}, 198074], [0.10753388674229752, {"__complex__": [77490.78125, 1.7058826393975086e-15]}, 217526], [0.11253438496754814, {"__complex__": [76852.921875, -1.4617205219120098e-15]}, 238928], [0.11753609684544289, {"__complex__": [76849.5859375, 2.286691225505651e-15]}, 260118], [0.12253247130430117, {"__complex__": [76459.6875, 3.53981654338737e-15]}, 282626], [0.1275315094528314, {"__complex__": [75452.6640625, 1.488952207649762e-15]}, 306636], [0.1325286703494256, {"__complex__": [74895.4765625, -1.4979174161217383e-15]}, 330302], [0.13752804673589517, {"__complex__": [75246.3671875, -1.5085027868635753e-15]}, 356924], [0.14252987889757632, {"__complex__": [75024.5078125, 2.6251338274929474e-15]}, 382488], [0.14752656610802342, {"__complex__": [73712.75, 1.704545174373794e-15]}, 409782], [0.1525273185480339, {"__complex__": [73922.5546875, 2.4872121938453585e-16]}, 438802], [0.15752785603028704, {"__complex__": [73672.15625, 0.0]}, 467154], [0.16252479130309722, {"__complex__": [74228.6171875, -1.915649289993852e-15]}, 497560], [0.16752519929468102, {"__complex__": [73768.3671875, -1.2447103631881029e-15]}, 529018], [0.17252518164630226, {"__complex__": [73988.953125, -1.6485877426584516e-15]}, 560508], [0.1775228013205395, {"__complex__": [72938.1953125, -1.8382790771301577e-16]}, 593704], [0.18252293056822597, {"__complex__": [73016.890625, -3.0712371758124623e-16]}, 627802], [0.18752203601921982, {"__complex__": [72841.140625, 2.532485575480509e-15]}, 662238], [0.19252006254426973, {"__complex__": [72408.3515625, 1.0420693640256464e-16]}, 698222], [0.1975195603066824, {"__complex__": [72390.6953125, 3.573322413923672e-15]}, 735064], [0.2025194918283477, {"__complex__": [71997.4453125, 1.0354501324150991e-15]}, 772954], [0.20751911736121895, {"__complex__": [72449.140625, 1.5878457394614249e-15]}, 811064], [0.21251889627029116, {"__complex__": [72319.25, 1.1110629107319184e-16]}, 851324], [0.2175178110591787, {"__complex__": [72299.6015625, 2.2050236968631804e-15]}, 890924], [0.22251622147015143, {"__complex__": [71875.5, -1.8097631835652496e-15]}, 932731]]}, "attrs": {"poles": [0], "dk": 0.005, "kmin": 0.0, "kmax": null, "Nmesh": {"__dtype__": "<i8", "__shape__": [3], "__data__": [512, 512, 512]}, "BoxSize": {"__dtype__": "<f8", "__shape__": [3], "__data__": [3424.0, 7187.0, 3023.0]}, "BoxPad": {"__dtype__": "<f8", "__shape__": [3], "__data__": [0.1, 0.1, 0.1]}, "BoxCenter": {"__dtype__": "<f8", "__shape__": [3], "__data__": [-1750.717740547922, 34.99566881616397, 1911.5178261882263]}, "mesh.resampler": "tsc", "mesh.interlaced": true, "alpha": 0.05681662634015083, "data.norm": 3.085555160603558, "randoms.norm": 3.0855581647882344, "shotnoise": 70243.37528070823, "first.data.N": 219214, "first.data.W": 231783.625, "first.data.W2": 200202.13851406233, "first.data.num_per_cell": 0.0014916221686755294, "first.randoms.N": 3950763, "first.randoms.W": 4079503.5, "first.randoms.W2": 3523729.3412855584, "first.randoms.num_per_cell": 0.026253829458993364, "first.data.ext": 1, "first.randoms.ext": 1, "second.data.N": 219214, "second.data.W": 231783.625, "second.data.W2": 210317.890625, "second.data.num_per_cell": 0.001566990395076573, "second.randoms.N": 3950763, "second.randoms.W": 4079503.5, "second.randoms.W2": 3701867.25, "second.randoms.num_per_cell": 0.02758106030523777, "second.data.ext": 1, "second.randoms.ext": 1}}, "attrs": {"poles": [0], "dk": 0.005, "kmin": 0.0, "kmax": null, "Nmesh": {"__dtype__": "<i8", "__shape__": [3], "__data__": [512, 512, 512]}, "BoxSize": {"__dtype__": "<f8", "__shape__": [3], "__data__": [3424.0, 7187.0, 3023.0]}, "BoxPad": {"__dtype__": "<f8", "__shape__": [3], "__data__": [0.1, 0.1, 0.1]}, "BoxCenter": {"__dtype__": "<f8", "__shape__": [3], "__data__": [-1750.717740547922, 34.99566881616397, 1911.5178261882263]}, "mesh.resampler": "tsc", "mesh.interlaced": true, "alpha": 0.05681662634015083, "data.norm": 3.085555160603558, "randoms.norm": 3.0855581647882344, "shotnoise": 70243.37528070823, "first.data.N": 219214, "first.data.W": 231783.625, "first.data.W2": 200202.13851406233, "first.data.num_per_cell": 0.0014916221686755294, "first.randoms.N": 3950763, "first.randoms.W": 4079503.5, "first.randoms.W2": 3523729.3412855584, "first.randoms.num_per_cell": 0.026253829458993364, "first.data.ext": 1, "first.randoms.ext": 1, "second.data.N": 219214, "second.data.W": 231783.625, "second.data.W2": 210317.890625, "second.data.num_per_cell": 0.001566990395076573, "second.randoms.N": 3950763, "second.randoms.W": 4079503.5, "second.randoms.W2": 3701867.25, "second.randoms.num_per_cell": 0.02758106030523777, "second.data.ext": 1, "second.randoms.ext": 1, "p": 1.0, "zmin": 0.8, "zmax": 2.2, "P0_FKP": 30000.0, "z-weighted": true, "hashkeys": ["Nmesh", "P0_FKP", "dk", "kmin", "mesh.window", "mesh.interlaced", "poles", "p", "BoxPad", "zmin", "zmax", "z-weighted"]}}