{"poles": {"dims": ["k"], "edges": [{"__dtype__": "<f8", "__shape__": [46], "__data__": [0.0, 0.005, 0.01, 0.015, 0.02, 0.025, 0.03, 0.035, 0.04, 0.045, 0.05, 0.055, 0.06, 0.065, 0.07, 0.075, 0.08, 0.085, 0.09, 0.095, 0.1, 0.105, 0.11, 0.115, 0.12, 0.125, 0.13, 0.135, 0.14, 0.145, 0.15, 0.155, 0.16, 0.165, 0.17, 0.17500000000000002, 0.18, 0.185, 0.19, 0.195, 0.2, 0.20500000000000002, 0.21, 0.215, 0.22, 0.225]}], "coords": [{"__dtype__": "<f8", "__shape__": [45], "__data__": [0.0025, 0.0075, 0.0125, 0.0175, 0.0225, 0.0275, 0.0325, 0.037500000000000006, 0.042499999999999996, 0.0475, 0.052500000000000005, 0.057499999999999996, 0.0625, 0.0675, 0.07250000000000001, 0.0775, 0.0825, 0.0875, 0.0925, 0.0975, 0.10250000000000001, 0.1075, 0.1125, 0.1175, 0.1225, 0.1275, 0.1325, 0.1375, 0.14250000000000002, 0.1475, 0.1525, 0.1575, 0.1625, 0.1675, 0.17250000000000001, 0.1775, 0.1825, 0.1875, 0.1925, 0.1975, 0.2025, 0.20750000000000002, 0.2125, 0.2175, 0.2225]}], "data": {"__dtype__": [["k", "<f8"], ["power_0", "<c8"], ["modes", "<i8"]], "__shape__": [45], "__data__": [[0.0038154958889102847, {"__complex__": [89494.3671875, -1.0892152522805343e-14]}, 167], [0.00805214523532753, {"__complex__": [109526.46875, 3.3622724830012496e-13]}, 1082], [0.012817741300354582, {"__complex__": [120303.28125, 2.9299157636728315e-14]}, 2980], [0.017726799649277928, {"__complex__": [98878.15625, -2.6943348946243187e-14]}, 5806], [0.022678301353424316, {"__complex__": [114847.9140625, -6.996113351186509e-14]}, 9568], [0.027656075903479637, {"__complex__": [105471.4296875, -1.9272716831730125e-14]}, 14346], [0.032635483301094836, {"__complex__": [102344.28125, -2.340006443821152e-14]}, 19900], [0.03761565228399754, {"__complex__": [92544.515625, -9.868679224506183e-15]}, 26542], [0.042603280493548897, {"__complex__": [90333.5859375, -2.0014114606066447e-14]}, 34082], [0.04758971763180864, {"__complex__": [90858.015625, 1.457111498008644e-15]}, 42444], [0.052576755754706606, {"__complex__": [87733.7734375, -5.879448386887599e-15]}, 51976], [0.05757474971819234, {"__complex__": [88749.1328125, 6.995664699010172e-16]}, 62404], [0.06257078335335643, {"__complex__": [86474.8203125, 7.716804727500842e-15]}, 73544], [0.06756422251987736, {"__complex__": [85161.359375, -9.56828068382834e-15]}, 85928], [0.072558877615485, {"__complex__": [83400.265625, 2.2068418530844618e-15]}, 98910], [0.0775563200091265, {"__complex__": [81798.7421875, 7.574976683779634e-15]}, 113342], [0.08255431591354087, {"__complex__": [81977.5703125, 2.043840315022502e-15]}, 128158], [0.08755133167624383, {"__complex__": [80478.8984375, 2.0169813237815417e-15]}, 144294], [0.09254432449103285, {"__complex__": [79424.28125, 1.7634190464056515e-15]}, 160916], [0.09754044727830032, {"__complex__": [78622.421875, 8.89114136996957e-15]}, 179216], [0.10254219938943536, {"__complex__": [76935.5078125, 1.2490031261647877e-15]}, 198064], [0.1075372762677117, {"__complex__": [77743.5859375, -6.1604477554909505e-15]}, 217318], [0.11253576493717819, {"__complex__": [77038.265625, 3.3365328712110743e-15]}, 238786], [0.11753855432222339, {"__complex__": [76813.765625, 2.713010107638792e-15]}, 260142], [0.12253554609163617, {"__complex__": [76111.4765625, -4.2637292283517585e-15]}, 282422], [0.1275331771305989, {"__complex__": [75271.6875, 1.5672958731280883e-15]}, 306396], [0.1325318757151356, {"__complex__": [75586.8046875, -5.833939953609586e-16]}, 330502], [0.13753040872203848, {"__complex__": [75737.46875, -6.484319379082223e-16]}, 356262], [0.14253128924474948, {"__complex__": [74892.2421875, 5.513846202842186e-16]}, 382678], [0.14752764883253436, {"__complex__": [74634.703125, -2.0093141933012326e-15]}, 409186], [0.1525263026741105, {"__complex__": [74120.34375, 1.990513661762213e-15]}, 438638], [0.1575285932029767, {"__complex__": [73564.8671875, -3.208149146186924e-15]}, 467200], [0.16252689838278717, {"__complex__": [73732.1171875, -5.852792789433098e-16]}, 497264], [0.16752476883227924, {"__complex__": [73583.2890625, 4.819426887463837e-16]}, 528400], [0.17252277680157127, {"__complex__": [73389.8203125, -7.404061105133241e-16]}, 560138], [0.1775210539090056, {"__complex__": [73064.875, 2.4208982491026154e-16]}, 593582], [0.18252109073902667, {"__complex__": [72614.4375, -1.3454020400676682e-15]}, 627330], [0.18752202017186764, {"__complex__": [73339.4296875, 5.35368338982383e-16]}, 662540], [0.19252176241570085, {"__complex__": [72353.3515625, 3.044778725276435e-15]}, 697778], [0.19752194476196752, {"__complex__": [72318.9375, -1.4651146888107762e-15]}, 734988], [0.2025203796419277, {"__complex__": [72258.640625, -1.4422657633003546e-15]}, 771856], [0.20751948849466922, {"__complex__": [72316.8515625, -2.3046635705804928e-15]}, 811364], [0.21252082675367745, {"__complex__": [72512.5390625, 1.6593809541097211e-15]}, 850640], [0.2175201488612611, {"__complex__": [72215.3203125, -4.042461829095392e-16]}, 890942], [0.2225180262055229, {"__complex__": [71716.71875, 1.4523103035053698e-15]}, 931845]]}, "attrs": {"poles": [0], "dk": 0.005, "kmin": 0.0, "kmax": null, "Nmesh": {"__dtype__": "<i8", "__shape__": [3], "__data__": [512, 512, 512]}, "BoxSize": {"__dtype__": "<f8", "__shape__": [3], "__data__": [3431.0, 7176.0, 3020.0]}, "BoxPad": {"__dtype__": "<f8", "__shape__": [3], "__data__": [0.1, 0.1, 0.1]}, "BoxCenter": {"__dtype__": "<f8", "__shape__": [3], "__data__": [-1752.9502994238135, 39.220338836222936, 1911.1766971196978]}, "mesh.resampler": "tsc", "mesh.interlaced": true, "alpha": 0.05659490451216698, "data.norm": 3.0761344255961394, "randoms.norm": 3.076447279999248, "shotnoise": 70350.51985828491, "first.data.N": 218807, "first.data.W": 231509.859375, "first.data.W2": 199972.7655740056, "first.data.num_per_cell": 0.0014899132070988834, "first.randoms.N": 3955307, "first.randoms.W": 4090648.5, "first.randoms.W2": 3533484.8661974575, "first.randoms.num_per_cell": 0.026326513783614766, "first.data.ext": 1, "first.randoms.ext": 1, "second.data.N": 218807, "second.data.W": 231509.859375, "second.data.W2": 209948.734375, "second.data.num_per_cell": 0.0015642399666830897, "second.randoms.N": 3955307, "second.randoms.W": 4090648.5, "second.randoms.W2": 3709897.0, "second.randoms.num_per_cell": 0.02764088660478592, "second.data.ext": 1, "second.randoms.ext": 1}}, "attrs": {"poles": [0], "dk": 0.005, "kmin": 0.0, "kmax": null, "Nmesh": {"__dtype__": "<i8", "__shape__": [3], "__data__": [512, 512, 512]}, "BoxSize": {"__dtype__": "<f8", "__shape__": [3], "__data__": [3431.0, 7176.0, 3020.0]}, "BoxPad": {"__dtype__": "<f8", "__shape__": [3], "__data__": [0.1, 0.1, 0.1]}, "BoxCenter": {"__dtype__": "<f8", "__shape__": [3], "__data__": [-1752.9502994238135, 39.220338836222936, 1911.1766971196978]}, "mesh.resampler": "tsc", "mesh.interlaced": true, "alpha": 0.05659490451216698, "data.norm": 3.0761344255961394, "randoms.norm": 3.076447279999248, "shotnoise": 70350.51985828491, "first.data.N": 218807, "first.data.W": 231509.859375, "first.data.W2": 199972.7655740056, "first.data.num_per_cell": 0.0014899132070988834, "first.randoms.N": 3955307, "first.randoms.W": 4090648.5, "first.randoms.W2": 3533484.8661974575, "first.randoms.num_per_cell": 0.026326513783614766, "first.data.ext": 1, "first.randoms.ext": 1, "second.data.N": 218807, "second.data.W": 231509.859375, "second.data.W2": 209948.734375, "second.data.num_per_cell": 0.0015642399666830897, "second.randoms.N": 3955307, "second.randoms.W": 4090648.5, "second.randoms.W2": 3709897.0, "second.randoms.num_per_cell": 0.02764088660478592, "second.data.ext": 1, "second.randoms.ext": 1, "p": 1.0, "zmin": 0.8, "zmax": 2.2, "P0_FKP": 30000.0, "z-weighted": true, "hashkeys": ["Nmesh", "P0_FKP", "dk", "kmin", "mesh.window", "mesh.interlaced", "poles", "p", "BoxPad", "zmin", "zmax", "z-weighted"]}}