{"poles": {"dims": ["k"], "edges": [{"__dtype__": "<f8", "__shape__": [46], "__data__": [0.0, 0.005, 0.01, 0.015, 0.02, 0.025, 0.03, 0.035, 0.04, 0.045, 0.05, 0.055, 0.06, 0.065, 0.07, 0.075, 0.08, 0.085, 0.09, 0.095, 0.1, 0.105, 0.11, 0.115, 0.12, 0.125, 0.13, 0.135, 0.14, 0.145, 0.15, 0.155, 0.16, 0.165, 0.17, 0.17500000000000002, 0.18, 0.185, 0.19, 0.195, 0.2, 0.20500000000000002, 0.21, 0.215, 0.22, 0.225]}], "coords": [{"__dtype__": "<f8", "__shape__": [45], "__data__": [0.0025, 0.0075, 0.0125, 0.0175, 0.0225, 0.0275, 0.0325, 0.037500000000000006, 0.042499999999999996, 0.0475, 0.052500000000000005, 0.057499999999999996, 0.0625, 0.0675, 0.07250000000000001, 0.0775, 0.0825, 0.0875, 0.0925, 0.0975, 0.10250000000000001, 0.1075, 0.1125, 0.1175, 0.1225, 0.1275, 0.1325, 0.1375, 0.14250000000000002, 0.1475, 0.1525, 0.1575, 0.1625, 0.1675, 0.17250000000000001, 0.1775, 0.1825, 0.1875, 0.1925, 0.1975, 0.2025, 0.20750000000000002, 0.2125, 0.2175, 0.2225]}], "data": {"__dtype__": [["k", "<f8"], ["power_0", "<c8"], ["modes", "<i8"]], "__shape__": [45], "__data__": [[0.0038207396761866237, {"__complex__": [102609.625, 1.7427444036488549e-13]}, 167], [0.008049409337764617, {"__complex__": [113647.546875, -1.4904196583495621e-13]}, 1074], [0.012828185182373556, {"__complex__": [110257.0625, 2.92207122214172e-14]}, 2988], [0.017731370263137203, {"__complex__": [108727.71875, -1.011603402092812e-14]}, 5754], [0.022664183127803047, {"__complex__": [110726.125, 1.2269743191297214e-14]}, 9488], [0.027645207898311867, {"__complex__": [103121.390625, -4.06421315872485e-14]}, 14322], [0.03263324607694548, {"__complex__": [106253.484375, 2.4960404159139402e-14]}, 19822], [0.03761003025410258, {"__complex__": [100647.3515625, 8.274402281513611e-15]}, 26380], [0.04260325629550449, {"__complex__": [98806.8125, -1.88086562790497e-14]}, 34042], [0.04758863271747508, {"__complex__": [94986.4609375, 2.2100678627673745e-14]}, 42140], [0.05257911754989194, {"__complex__": [92021.28125, 5.60055220109228e-15]}, 51966], [0.057579156416199026, {"__complex__": [92203.515625, 1.4562720671820913e-14]}, 61954], [0.06256654077915097, {"__complex__": [89651.0, -8.747052595312142e-15]}, 73200], [0.06756322570017927, {"__complex__": [86990.7421875, 2.0037878962434613e-14]}, 85694], [0.07256107077098548, {"__complex__": [87031.4296875, 7.46365791978558e-15]}, 98460], [0.07755266822989679, {"__complex__": [84085.3359375, 5.9424045342087485e-15]}, 112646], [0.08254353319860067, {"__complex__": [83751.75, 7.765040712748132e-15]}, 127434], [0.08754378041951175, {"__complex__": [83735.5, -8.943364339299587e-15]}, 144000], [0.09254587770003499, {"__complex__": [82023.5859375, 3.2653236583683526e-15]}, 160434], [0.09754341400004689, {"__complex__": [81445.0625, 2.447949146245688e-15]}, 178336], [0.10253840634985069, {"__complex__": [80959.6640625, 2.7350166588831692e-15]}, 196862], [0.1075359105478962, {"__complex__": [79600.9375, 4.5612664917337765e-15]}, 216942], [0.11254019527289325, {"__complex__": [78806.296875, -4.101510560491298e-15]}, 237712], [0.11753638622981782, {"__complex__": [79279.25, 3.152616607373748e-15]}, 258486], [0.12253009137212718, {"__complex__": [78816.171875, 1.7582521454274002e-15]}, 281396], [0.12753346850544434, {"__complex__": [78550.203125, 6.04889012820577e-15]}, 305526], [0.13253459476722004, {"__complex__": [78075.984375, -2.8748761980349575e-15]}, 329014], [0.13753259015030486, {"__complex__": [78170.34375, 5.537383130864014e-16]}, 354772], [0.1425317774964104, {"__complex__": [77534.875, -6.114153805033477e-16]}, 380806], [0.1475291566888313, {"__complex__": [76832.9140625, -1.498608383248461e-15]}, 407832], [0.15252815433178635, {"__complex__": [76766.8828125, -1.0002737143834651e-16]}, 436438], [0.15752482881347968, {"__complex__": [77140.40625, -8.456373545945805e-16]}, 464622], [0.16252407704348107, {"__complex__": [76511.5859375, -1.3793674259778553e-15]}, 495836], [0.16752566295835786, {"__complex__": [75841.0234375, 3.374299529230302e-15]}, 526134], [0.1725227186564884, {"__complex__": [75266.8671875, 8.089036003149704e-16]}, 557680], [0.1775235061318762, {"__complex__": [75139.296875, -2.459232048619589e-16]}, 591726], [0.18252353864054982, {"__complex__": [75463.0078125, -1.3993706384228576e-15]}, 623934], [0.1875207946778796, {"__complex__": [74922.8203125, 8.824744468937556e-16]}, 659596], [0.19252074850935905, {"__complex__": [75157.9921875, 2.366219572439831e-15]}, 694934], [0.19752052669573483, {"__complex__": [75095.4453125, 2.1281476218450905e-15]}, 731648], [0.20252192431312172, {"__complex__": [74527.5390625, 1.3235167204138669e-15]}, 769642], [0.20752104938479007, {"__complex__": [74615.015625, -2.5250026746662275e-15]}, 806838], [0.21251859367621795, {"__complex__": [74806.2890625, 1.5033822344694066e-16]}, 846952], [0.2175188188824755, {"__complex__": [74862.7265625, -1.9461896981818163e-15]}, 887442], [0.22251766999920886, {"__complex__": [74107.0625, -2.2271907608510623e-15]}, 927793]]}, "attrs": {"poles": [0], "dk": 0.005, "kmin": 0.0, "kmax": null, "Nmesh": {"__dtype__": "<i8", "__shape__": [3], "__data__": [512, 512, 512]}, "BoxSize": {"__dtype__": "<f8", "__shape__": [3], "__data__": [3411.0, 7185.0, 3021.0]}, "BoxPad": {"__dtype__": "<f8", "__shape__": [3], "__data__": [0.1, 0.1, 0.1]}, "BoxCenter": {"__dtype__": "<f8", "__shape__": [3], "__data__": [-1746.3677082156594, 32.67036256487927, 1912.2455073768804]}, "mesh.resampler": "tsc", "mesh.interlaced": true, "alpha": 0.05706247314810753, "data.norm": 1.7378219094742213, "randoms.norm": 1.7377191131920053, "shotnoise": 72732.72254688744, "first.data.N": 220074, "first.data.W": 232466.546875, "first.data.W2": 200607.75992844987, "first.data.num_per_cell": 0.001494644283715262, "first.randoms.N": 3941589, "first.randoms.W": 4073895.5, "first.randoms.W2": 3515462.4588001785, "first.randoms.num_per_cell": 0.026192236384750742, "first.data.ext": 1, "first.randoms.ext": 1, "second.data.N": 220074, "second.data.W": 232466.546875, "second.data.W2": 119090.671875, "second.data.num_per_cell": 0.0008872946491464972, "second.randoms.N": 3941589, "second.randoms.W": 4073895.5, "second.randoms.W2": 2086774.125, "second.randoms.num_per_cell": 0.015547678805887699, "second.data.ext": 1, "second.randoms.ext": 1}}, "attrs": {"poles": [0], "dk": 0.005, "kmin": 0.0, "kmax": null, "Nmesh": {"__dtype__": "<i8", "__shape__": [3], "__data__": [512, 512, 512]}, "BoxSize": {"__dtype__": "<f8", "__shape__": [3], "__data__": [3411.0, 7185.0, 3021.0]}, "BoxPad": {"__dtype__": "<f8", "__shape__": [3], "__data__": [0.1, 0.1, 0.1]}, "BoxCenter": {"__dtype__": "<f8", "__shape__": [3], "__data__": [-1746.3677082156594, 32.67036256487927, 1912.2455073768804]}, "mesh.resampler": "tsc", "mesh.interlaced": true, "alpha": 0.05706247314810753, "data.norm": 1.7378219094742213, "randoms.norm": 1.7377191131920053, "shotnoise": 72732.72254688744, "first.data.N": 220074, "first.data.W": 232466.546875, "first.data.W2": 200607.75992844987, "first.data.num_per_cell": 0.001494644283715262, "first.randoms.N": 3941589, "first.randoms.W": 4073895.5, "first.randoms.W2": 3515462.4588001785, "first.randoms.num_per_cell": 0.026192236384750742, "first.data.ext": 1, "first.randoms.ext": 1, "second.data.N": 220074, "second.data.W": 232466.546875, "second.data.W2": 119090.671875, "second.data.num_per_cell": 0.0008872946491464972, "second.randoms.N": 3941589, "second.randoms.W": 4073895.5, "second.randoms.W2": 2086774.125, "second.randoms.num_per_cell": 0.015547678805887699, "second.data.ext": 1, "second.randoms.ext": 1, "p": 1.6, "zmin": 0.8, "zmax": 2.2, "P0_FKP": 30000.0, "z-weighted": true, "hashkeys": ["Nmesh", "P0_FKP", "dk", "kmin", "mesh.window", "mesh.interlaced", "poles", "p", "BoxPad", "zmin", "zmax", "z-weighted"]}}