{"poles": {"dims": ["k"], "edges": [{"__dtype__": "<f8", "__shape__": [46], "__data__": [0.0, 0.005, 0.01, 0.015, 0.02, 0.025, 0.03, 0.035, 0.04, 0.045, 0.05, 0.055, 0.06, 0.065, 0.07, 0.075, 0.08, 0.085, 0.09, 0.095, 0.1, 0.105, 0.11, 0.115, 0.12, 0.125, 0.13, 0.135, 0.14, 0.145, 0.15, 0.155, 0.16, 0.165, 0.17, 0.17500000000000002, 0.18, 0.185, 0.19, 0.195, 0.2, 0.20500000000000002, 0.21, 0.215, 0.22, 0.225]}], "coords": [{"__dtype__": "<f8", "__shape__": [45], "__data__": [0.0025, 0.0075, 0.0125, 0.0175, 0.0225, 0.0275, 0.0325, 0.037500000000000006, 0.042499999999999996, 0.0475, 0.052500000000000005, 0.057499999999999996, 0.0625, 0.0675, 0.07250000000000001, 0.0775, 0.0825, 0.0875, 0.0925, 0.0975, 0.10250000000000001, 0.1075, 0.1125, 0.1175, 0.1225, 0.1275, 0.1325, 0.1375, 0.14250000000000002, 0.1475, 0.1525, 0.1575, 0.1625, 0.1675, 0.17250000000000001, 0.1775, 0.1825, 0.1875, 0.1925, 0.1975, 0.2025, 0.20750000000000002, 0.2125, 0.2175, 0.2225]}], "data": {"__dtype__": [["k", "<f8"], ["power_0", "<c8"], ["modes", "<i8"]], "__shape__": [45], "__data__": [[0.00381335553488694, {"__complex__": [-140399.609375, 1.2199210825541984e-12]}, 167], [0.008062106324995124, {"__complex__": [-128627.953125, -2.670076074302863e-13]}, 1090], [0.012818176946267478, {"__complex__": [-127075.84375, -9.792675296962233e-14]}, 2972], [0.017720163075947152, {"__complex__": [-144847.859375, -2.0023274420358055e-14]}, 5814], [0.02266921267578645, {"__complex__": [-140554.15625, 6.694732929916208e-14]}, 9564], [0.027650023929052945, {"__complex__": [-134689.6875, 3.2351068167662395e-14]}, 14394], [0.032636025885560825, {"__complex__": [-126918.9375, 3.3560017964487723e-14]}, 19946], [0.03761716639468234, {"__complex__": [-121629.234375, -3.065405121036556e-14]}, 26584], [0.042602375556893224, {"__complex__": [-115831.703125, -1.023881483476442e-14]}, 34110], [0.04758639383719772, {"__complex__": [-112269.9296875, -3.424302467557212e-14]}, 42496], [0.0525711658388224, {"__complex__": [-109937.3828125, -3.2444495901744544e-14]}, 52028], [0.05757091238899826, {"__complex__": [-109819.6640625, -9.3048888008578e-16]}, 62556], [0.06257086628518166, {"__complex__": [-107346.875, -3.1584818870170105e-15]}, 73716], [0.06756159514392333, {"__complex__": [-106686.671875, 1.6342665542785732e-14]}, 85926], [0.07255102096814439, {"__complex__": [-103642.2734375, 2.2271538725662093e-14]}, 98988], [0.07755279132988945, {"__complex__": [-102724.671875, 1.9439045303450662e-14]}, 113786], [0.08255372209425701, {"__complex__": [-100187.7421875, 1.8612359781655305e-14]}, 128222], [0.08754795017363753, {"__complex__": [-98257.296875, -7.249276421934358e-15]}, 144530], [0.09254293432580508, {"__complex__": [-98087.625, -1.5022903507668807e-14]}, 161280], [0.09754083050602107, {"__complex__": [-96599.3984375, 2.593808643279352e-15]}, 179528], [0.10254297160849858, {"__complex__": [-96773.6171875, 1.6134732506761958e-15]}, 198418], [0.10753472007599901, {"__complex__": [-94838.65625, -6.025249862164376e-15]}, 217364], [0.1125308940404885, {"__complex__": [-93682.5859375, 4.2575425526445723e-16]}, 239254], [0.11753533841885942, {"__complex__": [-93643.8671875, -5.58361842428989e-16]}, 260618], [0.12253292768988608, {"__complex__": [-93011.109375, 1.8518992610428884e-15]}, 282882], [0.12753074918867585, {"__complex__": [-92551.546875, 3.0817470547428753e-15]}, 306928], [0.13253062558617335, {"__complex__": [-93483.46875, -9.229154102736135e-15]}, 331114], [0.13752992875877648, {"__complex__": [-91999.9765625, 9.784992369317458e-16]}, 356920], [0.1425304814814344, {"__complex__": [-90602.2421875, -6.076400487783169e-16]}, 383172], [0.14752653974243984, {"__complex__": [-91440.8515625, 2.697915133485773e-15]}, 409926], [0.1525257462585282, {"__complex__": [-90045.6328125, -4.9676767114746525e-15]}, 439398], [0.1575274359982193, {"__complex__": [-89584.5, -3.919481486060455e-15]}, 467802], [0.16252556959210368, {"__complex__": [-89446.984375, -3.6215503523579634e-15]}, 498250], [0.16752621667545245, {"__complex__": [-88985.2109375, 7.13671251950784e-15]}, 529636], [0.17252724127683894, {"__complex__": [-89589.4375, 3.940096150414256e-15]}, 561380], [0.17752380657684597, {"__complex__": [-89038.3828125, -6.419213356261824e-15]}, 593936], [0.18252186759278954, {"__complex__": [-89366.4765625, 4.167440640490258e-15]}, 628526], [0.18752160007859547, {"__complex__": [-88949.390625, 1.8871290553850893e-15]}, 663158], [0.19252159169444788, {"__complex__": [-88408.3828125, -8.321871066668926e-16]}, 699454], [0.19752235254704462, {"__complex__": [-88215.2578125, -1.1667509330304747e-15]}, 735858], [0.20252074209733362, {"__complex__": [-87681.875, -8.277625771273506e-16]}, 773512], [0.20751979201551943, {"__complex__": [-87798.046875, 7.166595418370498e-16]}, 812208], [0.21252070421284255, {"__complex__": [-87817.9453125, 1.3314300198444718e-15]}, 852504], [0.2175187399761772, {"__complex__": [-88211.015625, 2.873040042363547e-15]}, 891438], [0.2225156715141034, {"__complex__": [-87817.734375, 8.881584614863056e-16]}, 933909]]}, "attrs": {"poles": [0], "dk": 0.005, "kmin": 0.0, "kmax": null, "Nmesh": {"__dtype__": "<i8", "__shape__": [3], "__data__": [512, 512, 512]}, "BoxSize": {"__dtype__": "<f8", "__shape__": [3], "__data__": [3428.0, 7187.0, 3023.0]}, "BoxPad": {"__dtype__": "<f8", "__shape__": [3], "__data__": [0.1, 0.1, 0.1]}, "BoxCenter": {"__dtype__": "<f8", "__shape__": [3], "__data__": [-1751.4615734689066, 37.1474718179179, 1911.757169784092]}, "mesh.resampler": "tsc", "mesh.interlaced": true, "alpha": 0.05691048875451088, "data.norm": -1.4423208973941921, "randoms.norm": -1.4424621679156073, "shotnoise": 58886.6154703557, "first.data.N": 220232, "first.data.W": 232788.171875, "first.data.W2": 200706.32026213882, "first.data.num_per_cell": 0.0014953786154250713, "first.randoms.N": 3962835, "first.randoms.W": 4090426.5, "first.randoms.W2": 3526718.885900227, "first.randoms.num_per_cell": 0.02627610330209305, "first.data.ext": 1, "first.randoms.ext": 1, "second.data.N": 220232, "second.data.W": 232788.171875, "second.data.W2": -95013.5859375, "second.data.num_per_cell": -0.0007079063798300922, "second.randoms.N": 3962835, "second.randoms.W": 4090426.5, "second.randoms.W2": -1669794.125, "second.randoms.num_per_cell": -0.012440935708582401, "second.data.ext": 1, "second.randoms.ext": 1}}, "attrs": {"poles": [0], "dk": 0.005, "kmin": 0.0, "kmax": null, "Nmesh": {"__dtype__": "<i8", "__shape__": [3], "__data__": [512, 512, 512]}, "BoxSize": {"__dtype__": "<f8", "__shape__": [3], "__data__": [3428.0, 7187.0, 3023.0]}, "BoxPad": {"__dtype__": "<f8", "__shape__": [3], "__data__": [0.1, 0.1, 0.1]}, "BoxCenter": {"__dtype__": "<f8", "__shape__": [3], "__data__": [-1751.4615734689066, 37.1474718179179, 1911.757169784092]}, "mesh.resampler": "tsc", "mesh.interlaced": true, "alpha": 0.05691048875451088, "data.norm": -1.4423208973941921, "randoms.norm": -1.4424621679156073, "shotnoise": 58886.6154703557, "first.data.N": 220232, "first.data.W": 232788.171875, "first.data.W2": 200706.32026213882, "first.data.num_per_cell": 0.0014953786154250713, "first.randoms.N": 3962835, "first.randoms.W": 4090426.5, "first.randoms.W2": 3526718.885900227, "first.randoms.num_per_cell": 0.02627610330209305, "first.data.ext": 1, "first.randoms.ext": 1, "second.data.N": 220232, "second.data.W": 232788.171875, "second.data.W2": -95013.5859375, "second.data.num_per_cell": -0.0007079063798300922, "second.randoms.N": 3962835, "second.randoms.W": 4090426.5, "second.randoms.W2": -1669794.125, "second.randoms.num_per_cell": -0.012440935708582401, "second.data.ext": 1, "second.randoms.ext": 1, "p": 3.0, "zmin": 0.8, "zmax": 2.2, "P0_FKP": 30000.0, "z-weighted": true, "hashkeys": ["Nmesh", "P0_FKP", "dk", "kmin", "mesh.window", "mesh.interlaced", "poles", "p", "BoxPad", "zmin", "zmax", "z-weighted"]}}