{"poles": {"dims": ["k"], "edges": [{"__dtype__": "<f8", "__shape__": [46], "__data__": [0.0, 0.005, 0.01, 0.015, 0.02, 0.025, 0.03, 0.035, 0.04, 0.045, 0.05, 0.055, 0.06, 0.065, 0.07, 0.075, 0.08, 0.085, 0.09, 0.095, 0.1, 0.105, 0.11, 0.115, 0.12, 0.125, 0.13, 0.135, 0.14, 0.145, 0.15, 0.155, 0.16, 0.165, 0.17, 0.17500000000000002, 0.18, 0.185, 0.19, 0.195, 0.2, 0.20500000000000002, 0.21, 0.215, 0.22, 0.225]}], "coords": [{"__dtype__": "<f8", "__shape__": [45], "__data__": [0.0025, 0.0075, 0.0125, 0.0175, 0.0225, 0.0275, 0.0325, 0.037500000000000006, 0.042499999999999996, 0.0475, 0.052500000000000005, 0.057499999999999996, 0.0625, 0.0675, 0.07250000000000001, 0.0775, 0.0825, 0.0875, 0.0925, 0.0975, 0.10250000000000001, 0.1075, 0.1125, 0.1175, 0.1225, 0.1275, 0.1325, 0.1375, 0.14250000000000002, 0.1475, 0.1525, 0.1575, 0.1625, 0.1675, 0.17250000000000001, 0.1775, 0.1825, 0.1875, 0.1925, 0.1975, 0.2025, 0.20750000000000002, 0.2125, 0.2175, 0.2225]}], "data": {"__dtype__": [["k", "<f8"], ["power_0", "<c8"], ["modes", "<i8"]], "__shape__": [45], "__data__": [[0.0038172722753606787, {"__complex__": [90882.34375, 3.049802706385496e-13]}, 167], [0.008055999032496625, {"__complex__": [82864.0, 3.3622725507638854e-14]}, 1082], [0.012823598800160789, {"__complex__": [108730.546875, 7.202709430406337e-14]}, 2980], [0.017722456039147693, {"__complex__": [119641.4140625, -5.040496980983052e-15]}, 5774], [0.02266556207178709, {"__complex__": [108238.59375, -1.2965542640983995e-14]}, 9540], [0.027651942583362114, {"__complex__": [105467.2265625, 3.037978109501167e-15]}, 14370], [0.03264382267487585, {"__complex__": [99770.296875, -3.652955792943311e-15]}, 19918], [0.03761619443737809, {"__complex__": [96070.5078125, 2.260641658949087e-14]}, 26392], [0.04260746475237165, {"__complex__": [92167.5078125, -6.806719494685878e-15]}, 34206], [0.04759848143144153, {"__complex__": [91315.4296875, -8.773260641733137e-15]}, 42296], [0.05258078275982132, {"__complex__": [89856.375, 1.7649891490283294e-14]}, 51942], [0.05757986884280262, {"__complex__": [88496.53125, -2.023305229414095e-14]}, 62302], [0.06257348688708787, {"__complex__": [86490.7890625, -6.739199957361396e-15]}, 73416], [0.06756541579244739, {"__complex__": [85443.46875, 6.148242857753963e-15]}, 85798], [0.07255885114217939, {"__complex__": [84876.7421875, -4.126864797701461e-15]}, 98732], [0.0775538499408742, {"__complex__": [81931.75, -4.3257964145947646e-15]}, 113114], [0.08254956558365815, {"__complex__": [83100.2890625, 8.077192682602076e-15]}, 127914], [0.0875492566171421, {"__complex__": [79550.1328125, 1.2101720653682167e-15]}, 144296], [0.09254465620078563, {"__complex__": [79335.3671875, -3.170904472221442e-15]}, 160622], [0.09753962603153532, {"__complex__": [78814.7890625, -1.5757363446892406e-15]}, 178928], [0.1025390444653705, {"__complex__": [76249.40625, -9.202897166632216e-18]}, 197654], [0.10753677731200208, {"__complex__": [76782.4609375, -2.1588690833255304e-15]}, 217382], [0.11253747186310141, {"__complex__": [76576.828125, 2.8708026048333748e-15]}, 238240], [0.11753685883712668, {"__complex__": [76368.0234375, 1.681278608680817e-16]}, 259658], [0.12253364052785995, {"__complex__": [75951.640625, 1.5989075662360924e-15]}, 282136], [0.1275340779481627, {"__complex__": [75119.1640625, -4.123183592512694e-15]}, 306166], [0.1325324163557112, {"__complex__": [74982.9375, -5.692029218296903e-15]}, 329794], [0.13753071165167177, {"__complex__": [75423.96875, -2.2687546675728308e-15]}, 355980], [0.14253041458691723, {"__complex__": [74748.8828125, 2.6681598719003545e-16]}, 381774], [0.14752837109350314, {"__complex__": [74628.375, -7.112164551784344e-16]}, 409212], [0.1525290530149916, {"__complex__": [73992.3359375, 4.0222718988250795e-15]}, 437758], [0.15752732020211987, {"__complex__": [73529.5546875, -4.526654713805716e-16]}, 466134], [0.16252554381670317, {"__complex__": [73105.1953125, -1.1126660794032748e-15]}, 496980], [0.1675253506321283, {"__complex__": [72900.9375, -5.309951608152683e-16]}, 527546], [0.17252392835295433, {"__complex__": [72911.296875, -9.880725091807323e-16]}, 559648], [0.17752139837921188, {"__complex__": [72206.71875, 1.001121898766132e-15]}, 592326], [0.1825216686620776, {"__complex__": [72239.734375, -3.9461877996126724e-16]}, 626890], [0.18752267445007922, {"__complex__": [71804.1796875, -1.0343732359017837e-15]}, 661212], [0.19252028217461076, {"__complex__": [72311.453125, 7.520520723842418e-16]}, 696586], [0.19751959922956933, {"__complex__": [71968.3359375, -2.5179479490067833e-15]}, 733968], [0.20252081007953, {"__complex__": [71924.1015625, -1.1693284542889696e-15]}, 771570], [0.2075213991832092, {"__complex__": [71841.8671875, -1.3476691237509944e-16]}, 809838], [0.21251968084905792, {"__complex__": [71793.359375, -5.82821242269937e-16]}, 848914], [0.2175168839767142, {"__complex__": [71464.3671875, -1.4805822515814686e-15]}, 889480], [0.22251638047008, {"__complex__": [71584.015625, -1.2034345535475192e-15]}, 931083]]}, "attrs": {"poles": [0], "dk": 0.005, "kmin": 0.0, "kmax": null, "Nmesh": {"__dtype__": "<i8", "__shape__": [3], "__data__": [512, 512, 512]}, "BoxSize": {"__dtype__": "<f8", "__shape__": [3], "__data__": [3420.0, 7189.0, 3020.0]}, "BoxPad": {"__dtype__": "<f8", "__shape__": [3], "__data__": [0.1, 0.1, 0.1]}, "BoxCenter": {"__dtype__": "<f8", "__shape__": [3], "__data__": [-1748.532527304587, 38.172490565103544, 1912.1170342504456]}, "mesh.resampler": "tsc", "mesh.interlaced": true, "alpha": 0.05701327323913574, "data.norm": 3.1037892534503304, "randoms.norm": 3.1033403089578546, "shotnoise": 69889.55430610139, "first.data.N": 220367, "first.data.W": 232906.671875, "first.data.W2": 200790.1485569998, "first.data.num_per_cell": 0.0014960031848922357, "first.randoms.N": 3952092, "first.randoms.W": 4085130.75, "first.randoms.W2": 3521751.375241393, "first.randoms.num_per_cell": 0.026239092463563332, "first.data.ext": 1, "first.randoms.ext": 1, "second.data.N": 220367, "second.data.W": 232906.671875, "second.data.W2": 210895.5, "second.data.num_per_cell": 0.0015712939202785492, "second.randoms.N": 3952092, "second.randoms.W": 4085130.75, "second.randoms.W2": 3698714.5, "second.randoms.num_per_cell": 0.02755757048726082, "second.data.ext": 1, "second.randoms.ext": 1}}, "attrs": {"poles": [0], "dk": 0.005, "kmin": 0.0, "kmax": null, "Nmesh": {"__dtype__": "<i8", "__shape__": [3], "__data__": [512, 512, 512]}, "BoxSize": {"__dtype__": "<f8", "__shape__": [3], "__data__": [3420.0, 7189.0, 3020.0]}, "BoxPad": {"__dtype__": "<f8", "__shape__": [3], "__data__": [0.1, 0.1, 0.1]}, "BoxCenter": {"__dtype__": "<f8", "__shape__": [3], "__data__": [-1748.532527304587, 38.172490565103544, 1912.1170342504456]}, "mesh.resampler": "tsc", "mesh.interlaced": true, "alpha": 0.05701327323913574, "data.norm": 3.1037892534503304, "randoms.norm": 3.1033403089578546, "shotnoise": 69889.55430610139, "first.data.N": 220367, "first.data.W": 232906.671875, "first.data.W2": 200790.1485569998, "first.data.num_per_cell": 0.0014960031848922357, "first.randoms.N": 3952092, "first.randoms.W": 4085130.75, "first.randoms.W2": 3521751.375241393, "first.randoms.num_per_cell": 0.026239092463563332, "first.data.ext": 1, "first.randoms.ext": 1, "second.data.N": 220367, "second.data.W": 232906.671875, "second.data.W2": 210895.5, "second.data.num_per_cell": 0.0015712939202785492, "second.randoms.N": 3952092, "second.randoms.W": 4085130.75, "second.randoms.W2": 3698714.5, "second.randoms.num_per_cell": 0.02755757048726082, "second.data.ext": 1, "second.randoms.ext": 1, "p": 1.0, "zmin": 0.8, "zmax": 2.2, "P0_FKP": 30000.0, "z-weighted": true, "hashkeys": ["Nmesh", "P0_FKP", "dk", "kmin", "mesh.window", "mesh.interlaced", "poles", "p", "BoxPad", "zmin", "zmax", "z-weighted"]}}