{"poles": {"dims": ["k"], "edges": [{"__dtype__": "<f8", "__shape__": [46], "__data__": [0.0, 0.005, 0.01, 0.015, 0.02, 0.025, 0.03, 0.035, 0.04, 0.045, 0.05, 0.055, 0.06, 0.065, 0.07, 0.075, 0.08, 0.085, 0.09, 0.095, 0.1, 0.105, 0.11, 0.115, 0.12, 0.125, 0.13, 0.135, 0.14, 0.145, 0.15, 0.155, 0.16, 0.165, 0.17, 0.17500000000000002, 0.18, 0.185, 0.19, 0.195, 0.2, 0.20500000000000002, 0.21, 0.215, 0.22, 0.225]}], "coords": [{"__dtype__": "<f8", "__shape__": [45], "__data__": [0.0025, 0.0075, 0.0125, 0.0175, 0.0225, 0.0275, 0.0325, 0.037500000000000006, 0.042499999999999996, 0.0475, 0.052500000000000005, 0.057499999999999996, 0.0625, 0.0675, 0.07250000000000001, 0.0775, 0.0825, 0.0875, 0.0925, 0.0975, 0.10250000000000001, 0.1075, 0.1125, 0.1175, 0.1225, 0.1275, 0.1325, 0.1375, 0.14250000000000002, 0.1475, 0.1525, 0.1575, 0.1625, 0.1675, 0.17250000000000001, 0.1775, 0.1825, 0.1875, 0.1925, 0.1975, 0.2025, 0.20750000000000002, 0.2125, 0.2175, 0.2225]}], "data": {"__dtype__": [["k", "<f8"], ["power_0", "<c8"], ["modes", "<i8"]], "__shape__": [45], "__data__": [[0.003814377238817008, {"__complex__": [123204.9921875, -8.713721476143188e-13]}, 167], [0.008063705080199575, {"__complex__": [98858.09375, 6.675190185757157e-14]}, 1090], [0.012823877086585687, {"__complex__": [117122.7421875, -5.867707578502412e-14]}, 2976], [0.017724350117848304, {"__complex__": [110822.1796875, -5.2633519423287214e-14]}, 5806], [0.022665012391346568, {"__complex__": [111811.5703125, -7.62998893260496e-15]}, 9536], [0.027645576443927587, {"__complex__": [103667.6328125, -7.0748304099638084e-15]}, 14398], [0.03263834358557578, {"__complex__": [96725.5859375, 3.6350635771852796e-14]}, 19966], [0.03761831948388287, {"__complex__": [95754.9453125, -9.806796691445678e-15]}, 26524], [0.042602464827277475, {"__complex__": [91344.4375, -1.0448447018880386e-14]}, 34122], [0.04758828129976131, {"__complex__": [89911.625, 7.024448043228175e-15]}, 42468], [0.05257262891561488, {"__complex__": [87558.4765625, 8.67684881057781e-15]}, 51990], [0.05757404891504572, {"__complex__": [87618.1953125, 4.883973339143456e-15]}, 62570], [0.06257413159888588, {"__complex__": [85142.609375, 7.312321931231443e-15]}, 73632], [0.0675645101565523, {"__complex__": [84885.359375, 2.5407837455065224e-15]}, 85910], [0.07255467790425972, {"__complex__": [83702.65625, -5.589196877401389e-15]}, 98936], [0.07755369605392401, {"__complex__": [83771.0546875, -8.19927215315805e-15]}, 113586], [0.08255576044334474, {"__complex__": [80883.078125, 1.1904936900584864e-15]}, 128346], [0.08755232046654256, {"__complex__": [80074.8984375, 4.435330056652481e-15]}, 144360], [0.09254578153156609, {"__complex__": [79396.890625, 1.5120444433742823e-15]}, 161202], [0.09754172409672013, {"__complex__": [77943.5, -4.58654026081395e-15]}, 179260], [0.10254125306050327, {"__complex__": [77679.4765625, 5.542286498716551e-15]}, 198234], [0.10753429487851718, {"__complex__": [77323.0703125, 8.165982911298008e-15]}, 217406], [0.11253206637771913, {"__complex__": [76271.765625, -9.709962190849672e-15]}, 239036], [0.11753630141073684, {"__complex__": [76540.640625, -3.965829858384789e-15]}, 260522], [0.12253289710492977, {"__complex__": [74952.1796875, 5.279225593870151e-15]}, 282536], [0.12753047244961602, {"__complex__": [74879.6171875, 3.0471614289570613e-15]}, 306830], [0.1325297233490718, {"__complex__": [74477.90625, -7.149380532508738e-16]}, 330754], [0.13753011706711357, {"__complex__": [74404.4453125, 1.7121819175471204e-15]}, 356960], [0.1425304580125169, {"__complex__": [74478.4296875, -1.1979984019711595e-15]}, 382626], [0.14752716158929302, {"__complex__": [74596.0234375, 1.5790454906559263e-15]}, 410096], [0.15252919683370555, {"__complex__": [74177.5859375, -1.4083161533788103e-16]}, 439146], [0.15752842866674788, {"__complex__": [73456.2421875, 3.42701483646091e-15]}, 467086], [0.16252521836064515, {"__complex__": [72991.9765625, 2.300798506302612e-16]}, 498072], [0.16752531872110327, {"__complex__": [73154.34375, -1.6400921080766094e-15]}, 529030], [0.17252604313729045, {"__complex__": [73432.6015625, 2.3627533018614295e-15]}, 561228], [0.17752485194523246, {"__complex__": [72713.6328125, -7.351407419549545e-16]}, 593842], [0.18252388727671787, {"__complex__": [72788.953125, -2.826415325540171e-15]}, 628122], [0.1875225851196711, {"__complex__": [72233.34375, 1.3180127797319472e-16]}, 662448], [0.19252295048175927, {"__complex__": [72314.34375, -2.6007036569061246e-17]}, 699422], [0.19752258745741727, {"__complex__": [72321.4140625, -1.683621316524465e-16]}, 734674], [0.20251955603302746, {"__complex__": [71834.53125, 2.775775884305046e-15]}, 773264], [0.20752077429211774, {"__complex__": [72215.4765625, 7.704450222569546e-16]}, 812170], [0.21252110408424196, {"__complex__": [71888.015625, -1.1966866655732178e-15]}, 851212], [0.21751714410288028, {"__complex__": [71785.3515625, -2.368162030746122e-15]}, 890998], [0.22251483338523315, {"__complex__": [71825.5859375, 2.151693020196392e-15]}, 933295]]}, "attrs": {"poles": [0], "dk": 0.005, "kmin": 0.0, "kmax": null, "Nmesh": {"__dtype__": "<i8", "__shape__": [3], "__data__": [512, 512, 512]}, "BoxSize": {"__dtype__": "<f8", "__shape__": [3], "__data__": [3427.0, 7194.0, 3019.0]}, "BoxPad": {"__dtype__": "<f8", "__shape__": [3], "__data__": [0.1, 0.1, 0.1]}, "BoxCenter": {"__dtype__": "<f8", "__shape__": [3], "__data__": [-1748.5084510427373, 39.80858529554848, 1913.3136153837695]}, "mesh.resampler": "tsc", "mesh.interlaced": true, "alpha": 0.05695301666855812, "data.norm": 3.0944659191818507, "randoms.norm": 3.0947621126684473, "shotnoise": 70167.84634360488, "first.data.N": 219363, "first.data.W": 231929.40625, "first.data.W2": 200387.67681690145, "first.data.num_per_cell": 0.0014930045367546488, "first.randoms.N": 3938517, "first.randoms.W": 4072293.5, "first.randoms.W2": 3518548.3454073695, "first.randoms.num_per_cell": 0.026215228031630587, "first.data.ext": 1, "first.randoms.ext": 1, "second.data.N": 219363, "second.data.W": 231929.40625, "second.data.W2": 210694.453125, "second.data.num_per_cell": 0.001569796004332602, "second.randoms.N": 3938517, "second.randoms.W": 4072293.5, "second.randoms.W2": 3699822.5, "second.randoms.num_per_cell": 0.02756582573056221, "second.data.ext": 1, "second.randoms.ext": 1}}, "attrs": {"poles": [0], "dk": 0.005, "kmin": 0.0, "kmax": null, "Nmesh": {"__dtype__": "<i8", "__shape__": [3], "__data__": [512, 512, 512]}, "BoxSize": {"__dtype__": "<f8", "__shape__": [3], "__data__": [3427.0, 7194.0, 3019.0]}, "BoxPad": {"__dtype__": "<f8", "__shape__": [3], "__data__": [0.1, 0.1, 0.1]}, "BoxCenter": {"__dtype__": "<f8", "__shape__": [3], "__data__": [-1748.5084510427373, 39.80858529554848, 1913.3136153837695]}, "mesh.resampler": "tsc", "mesh.interlaced": true, "alpha": 0.05695301666855812, "data.norm": 3.0944659191818507, "randoms.norm": 3.0947621126684473, "shotnoise": 70167.84634360488, "first.data.N": 219363, "first.data.W": 231929.40625, "first.data.W2": 200387.67681690145, "first.data.num_per_cell": 0.0014930045367546488, "first.randoms.N": 3938517, "first.randoms.W": 4072293.5, "first.randoms.W2": 3518548.3454073695, "first.randoms.num_per_cell": 0.026215228031630587, "first.data.ext": 1, "first.randoms.ext": 1, "second.data.N": 219363, "second.data.W": 231929.40625, "second.data.W2": 210694.453125, "second.data.num_per_cell": 0.001569796004332602, "second.randoms.N": 3938517, "second.randoms.W": 4072293.5, "second.randoms.W2": 3699822.5, "second.randoms.num_per_cell": 0.02756582573056221, "second.data.ext": 1, "second.randoms.ext": 1, "p": 1.0, "zmin": 0.8, "zmax": 2.2, "P0_FKP": 30000.0, "z-weighted": true, "hashkeys": ["Nmesh", "P0_FKP", "dk", "kmin", "mesh.window", "mesh.interlaced", "poles", "p", "BoxPad", "zmin", "zmax", "z-weighted"]}}