{"poles": {"dims": ["k"], "edges": [{"__dtype__": "<f8", "__shape__": [57], "__data__": [0.0, 0.005, 0.01, 0.015, 0.02, 0.025, 0.03, 0.035, 0.04, 0.045, 0.05, 0.055, 0.06, 0.065, 0.07, 0.075, 0.08, 0.085, 0.09, 0.095, 0.1, 0.105, 0.11, 0.115, 0.12, 0.125, 0.13, 0.135, 0.14, 0.145, 0.15, 0.155, 0.16, 0.165, 0.17, 0.17500000000000002, 0.18, 0.185, 0.19, 0.195, 0.2, 0.20500000000000002, 0.21, 0.215, 0.22, 0.225, 0.23, 0.23500000000000001, 0.24, 0.245, 0.25, 0.255, 0.26, 0.265, 0.27, 0.275, 0.28]}], "coords": [{"__dtype__": "<f8", "__shape__": [56], "__data__": [0.0025, 0.0075, 0.0125, 0.0175, 0.0225, 0.0275, 0.0325, 0.037500000000000006, 0.042499999999999996, 0.0475, 0.052500000000000005, 0.057499999999999996, 0.0625, 0.0675, 0.07250000000000001, 0.0775, 0.0825, 0.0875, 0.0925, 0.0975, 0.10250000000000001, 0.1075, 0.1125, 0.1175, 0.1225, 0.1275, 0.1325, 0.1375, 0.14250000000000002, 0.1475, 0.1525, 0.1575, 0.1625, 0.1675, 0.17250000000000001, 0.1775, 0.1825, 0.1875, 0.1925, 0.1975, 0.2025, 0.20750000000000002, 0.2125, 0.2175, 0.2225, 0.2275, 0.2325, 0.2375, 0.2425, 0.2475, 0.2525, 0.2575, 0.2625, 0.2675, 0.2725, 0.2775]}], "data": {"__dtype__": [["k", "<f8"], ["power_0", "<c8"], ["modes", "<i8"]], "__shape__": [56], "__data__": [[0.0038162328868094797, {"__complex__": [111138.234375, -1.3687445274412902e-12]}, 101], [0.008102208300087673, {"__complex__": [121401.3359375, -5.483330261200903e-13]}, 690], [0.012887200349183187, {"__complex__": [125223.9140625, -1.573180062781898e-14]}, 1850], [0.017774163337049644, {"__complex__": [119847.578125, -2.8437579439703764e-14]}, 3582], [0.02268788855653976, {"__complex__": [124939.328125, 0.0]}, 5854], [0.027644394119472195, {"__complex__": [116907.5, 1.1546521388756253e-13]}, 8822], [0.03262136583228389, {"__complex__": [115699.5546875, 1.8969418050240883e-14]}, 12274], [0.037607262505730495, {"__complex__": [106870.328125, -1.0655539798220485e-14]}, 16388], [0.042613076939055895, {"__complex__": [106896.6875, 1.9297794089166535e-14]}, 21114], [0.04760166526145543, {"__complex__": [97993.8203125, 2.226255001202583e-15]}, 26146], [0.05257957452462628, {"__complex__": [100097.5078125, -1.9120899728461947e-14]}, 31964], [0.057569895734010675, {"__complex__": [98992.15625, -1.6273076703971108e-14]}, 38452], [0.06256757850034557, {"__complex__": [99331.890625, 1.4088282271470728e-14]}, 45448], [0.067564189989059, {"__complex__": [96784.8125, -1.347807041890631e-14]}, 52904], [0.07255305948774526, {"__complex__": [95792.7421875, 1.8380260895646365e-14]}, 60962], [0.07754599545890256, {"__complex__": [93731.1171875, -6.881817012272971e-15]}, 69780], [0.082543438356824, {"__complex__": [93786.28125, -7.364143406944461e-15]}, 79042], [0.08754557816653499, {"__complex__": [93043.3515625, 3.2643715403960795e-16]}, 89156], [0.09254895128061888, {"__complex__": [91000.0546875, -4.390954424062302e-15]}, 99422], [0.09754598857541807, {"__complex__": [90201.140625, 6.32714892170828e-15]}, 110396], [0.1025457710490006, {"__complex__": [88185.3671875, -2.3811099351965287e-16]}, 122228], [0.10754409343154785, {"__complex__": [88072.265625, -1.4654168678147092e-15]}, 134058], [0.11253723252864749, {"__complex__": [86353.0078125, -2.7731515644762155e-15]}, 146928], [0.11753493869122854, {"__complex__": [87691.9453125, -1.0884547861004894e-14]}, 160432], [0.1225356101179921, {"__complex__": [88169.7421875, 0.0]}, 174378], [0.1275356701976009, {"__complex__": [87098.3828125, -1.2324820661659477e-15]}, 188912], [0.13253292184042012, {"__complex__": [86190.1875, 1.1427944060623998e-15]}, 203738], [0.1375270797138944, {"__complex__": [86220.71875, -2.1226241199960453e-15]}, 219380], [0.14252642540050486, {"__complex__": [85181.1875, 2.773084490054705e-16]}, 236140], [0.14752844702666268, {"__complex__": [85133.765625, 3.1092112510246487e-15]}, 252734], [0.15253044209694383, {"__complex__": [85107.7578125, -6.996164977844644e-16]}, 270398], [0.15752822627160457, {"__complex__": [85782.9296875, 4.450034125100342e-15]}, 287766], [0.1625215168295263, {"__complex__": [84638.515625, 2.731340112375612e-15]}, 306346], [0.16752095047528387, {"__complex__": [84198.328125, -9.869327204710832e-16]}, 326224], [0.17252161487638112, {"__complex__": [83636.59375, -9.688079094657357e-16]}, 345470], [0.17752294065833318, {"__complex__": [83538.1171875, -8.340663021999355e-16]}, 366386], [0.18252660480846244, {"__complex__": [83812.96875, 7.894062782977157e-16]}, 387114], [0.18752493704855866, {"__complex__": [83922.0390625, -3.923868269694285e-15]}, 407942], [0.1925220559706367, {"__complex__": [83583.40625, -9.974429170388514e-16]}, 430382], [0.19752027796094168, {"__complex__": [83542.96875, 2.6828870749355874e-15]}, 452902], [0.202519568777303, {"__complex__": [83488.984375, 2.0007608545998586e-15]}, 476394], [0.20752071723239165, {"__complex__": [82900.3359375, -4.944960876016068e-16]}, 500272], [0.21252158839166416, {"__complex__": [82989.15625, -3.660984818250335e-15]}, 524682], [0.21752115262493607, {"__complex__": [83133.5703125, 7.312413410789746e-15]}, 549248], [0.22251858858084017, {"__complex__": [82665.96875, -3.038316446224036e-16]}, 574736], [0.2275180917837059, {"__complex__": [83143.046875, -2.8278332586938746e-16]}, 601434], [0.23251866154559533, {"__complex__": [82996.890625, -2.735244087229507e-15]}, 627778], [0.23751790606165057, {"__complex__": [82681.8984375, 6.885378891695294e-16]}, 655170], [0.24251744662785915, {"__complex__": [82625.65625, -2.5567652455179613e-16]}, 682984], [0.2475155919498698, {"__complex__": [83297.5703125, -2.00572107953898e-15]}, 711010], [0.2525157270818561, {"__complex__": [82424.4453125, 0.0]}, 741150], [0.2575157788229757, {"__complex__": [82706.46875, -1.1911991626244308e-15]}, 769620], [0.26251463788620755, {"__complex__": [82456.171875, -6.180237727391482e-16]}, 800560], [0.26751647096242787, {"__complex__": [82645.4765625, -6.649312397482296e-16]}, 831624], [0.2725163765760646, {"__complex__": [82231.734375, 1.4855817576735187e-15]}, 861998], [0.27751164948744583, {"__complex__": [82361.796875, -4.401436509724133e-16]}, 892667]]}, "attrs": {"poles": [0], "dk": 0.005, "kmin": 0.0, "kmax": null, "Nmesh": {"__dtype__": "<i8", "__shape__": [3], "__data__": [512, 512, 512]}, "BoxSize": {"__dtype__": "<f8", "__shape__": [3], "__data__": [2665.0, 5793.0, 2970.0]}, "BoxPad": {"__dtype__": "<f8", "__shape__": [3], "__data__": [0.1, 0.1, 0.1]}, "BoxCenter": {"__dtype__": "<f8", "__shape__": [3], "__data__": [2583.0406328341387, 43.82157805752195, 892.83896369281]}, "mesh.resampler": "tsc", "mesh.interlaced": true, "alpha": 0.05286983773112297, "data.norm": 0.9967549948129866, "randoms.norm": 0.9960541038734769, "shotnoise": 81373.43321575267, "first.data.N": 125548, "first.data.W": 135265.3125, "first.data.W2": 120926.09781383179, "first.data.num_per_cell": 0.0009009696380334481, "first.randoms.N": 2428441, "first.randoms.W": 2558459.0, "first.randoms.W2": 2287050.18686513, "first.randoms.num_per_cell": 0.017039851746448353, "first.data.ext": 1, "first.randoms.ext": 1, "second.data.N": 125548, "second.data.W": 135265.3125, "second.data.W2": 72413.828125, "second.data.num_per_cell": 0.000539525062777102, "second.randoms.N": 2428441, "second.randoms.W": 2558459.0, "second.randoms.W2": 1368701.25, "second.randoms.num_per_cell": 0.01019761897623539, "second.data.ext": 1, "second.randoms.ext": 1}}, "attrs": {"poles": [0], "dk": 0.005, "kmin": 0.0, "kmax": null, "Nmesh": {"__dtype__": "<i8", "__shape__": [3], "__data__": [512, 512, 512]}, "BoxSize": {"__dtype__": "<f8", "__shape__": [3], "__data__": [2665.0, 5793.0, 2970.0]}, "BoxPad": {"__dtype__": "<f8", "__shape__": [3], "__data__": [0.1, 0.1, 0.1]}, "BoxCenter": {"__dtype__": "<f8", "__shape__": [3], "__data__": [2583.0406328341387, 43.82157805752195, 892.83896369281]}, "mesh.resampler": "tsc", "mesh.interlaced": true, "alpha": 0.05286983773112297, "data.norm": 0.9967549948129866, "randoms.norm": 0.9960541038734769, "shotnoise": 81373.43321575267,