{"poles": {"dims": ["k"], "edges": [{"__dtype__": "<f8", "__shape__": [46], "__data__": [0.0, 0.005, 0.01, 0.015, 0.02, 0.025, 0.03, 0.035, 0.04, 0.045, 0.05, 0.055, 0.06, 0.065, 0.07, 0.075, 0.08, 0.085, 0.09, 0.095, 0.1, 0.105, 0.11, 0.115, 0.12, 0.125, 0.13, 0.135, 0.14, 0.145, 0.15, 0.155, 0.16, 0.165, 0.17, 0.17500000000000002, 0.18, 0.185, 0.19, 0.195, 0.2, 0.20500000000000002, 0.21, 0.215, 0.22, 0.225]}], "coords": [{"__dtype__": "<f8", "__shape__": [45], "__data__": [0.0025, 0.0075, 0.0125, 0.0175, 0.0225, 0.0275, 0.0325, 0.037500000000000006, 0.042499999999999996, 0.0475, 0.052500000000000005, 0.057499999999999996, 0.0625, 0.0675, 0.07250000000000001, 0.0775, 0.0825, 0.0875, 0.0925, 0.0975, 0.10250000000000001, 0.1075, 0.1125, 0.1175, 0.1225, 0.1275, 0.1325, 0.1375, 0.14250000000000002, 0.1475, 0.1525, 0.1575, 0.1625, 0.1675, 0.17250000000000001, 0.1775, 0.1825, 0.1875, 0.1925, 0.1975, 0.2025, 0.20750000000000002, 0.2125, 0.2175, 0.2225]}], "data": {"__dtype__": [["k", "<f8"], ["power_0", "<c8"], ["modes", "<i8"]], "__shape__": [45], "__data__": [[0.00381851515198592, {"__complex__": [89509.09375, 2.6141166054732823e-13]}, 167], [0.008059259269752317, {"__complex__": [113717.5703125, 1.4793998274684195e-13]}, 1082], [0.01282846866118236, {"__complex__": [109576.2109375, -1.7579495259663347e-13]}, 2980], [0.01772756479377813, {"__complex__": [113382.578125, -8.826985231072046e-14]}, 5770], [0.022660635320889345, {"__complex__": [108434.625, 8.891815099975817e-14]}, 9492], [0.027643640841907496, {"__complex__": [113456.359375, 5.2672950501047797e-14]}, 14366], [0.032634649679078566, {"__complex__": [104876.609375, -8.795355496162265e-15]}, 19854], [0.037612593582711476, {"__complex__": [100152.359375, 4.952625783034891e-15]}, 26444], [0.042605733930089845, {"__complex__": [96189.375, -1.5367232565123047e-14]}, 34090], [0.04759217821833669, {"__complex__": [96535.9296875, -9.989715150471139e-15]}, 42244], [0.05258090818620329, {"__complex__": [93969.0703125, 6.1563426103120825e-15]}, 52002], [0.05757931581365942, {"__complex__": [90735.109375, -5.85995731173833e-15]}, 62082], [0.06256856227968507, {"__complex__": [88839.75, -5.554468950080436e-15]}, 73356], [0.06756274087316527, {"__complex__": [88118.5390625, -6.5350370649858505e-15]}, 85730], [0.0725578944754357, {"__complex__": [86244.421875, 2.212972174630876e-16]}, 98636], [0.07755115312592836, {"__complex__": [85395.84375, -2.5781611918864866e-15]}, 112886], [0.08254590509223857, {"__complex__": [84718.21875, 1.0248308380037246e-14]}, 127794], [0.08754449795506547, {"__complex__": [83506.3203125, 7.047409412362345e-15]}, 144024], [0.09254387117764973, {"__complex__": [82670.6953125, -4.0732255892836355e-15]}, 160766], [0.09753998321628331, {"__complex__": [81069.3125, -9.784992369317458e-16]}, 178460], [0.10253568986603634, {"__complex__": [80027.734375, 4.496564609508336e-15]}, 197410], [0.1075372558908369, {"__complex__": [79702.5703125, -3.0784673431711066e-15]}, 217442], [0.11254106934943726, {"__complex__": [80125.703125, -8.561389220141985e-16]}, 237960], [0.11753851904670924, {"__complex__": [79074.8359375, 2.750877139062269e-15]}, 259206], [0.12253114507571806, {"__complex__": [78833.0, -8.788137822539593e-16]}, 281496], [0.12753171878241173, {"__complex__": [79190.109375, 2.8996400532808842e-15]}, 306130], [0.13253214668604332, {"__complex__": [78133.625, -1.5906533360442177e-15]}, 329342], [0.13752922472804008, {"__complex__": [77744.53125, -3.0957122987024938e-15]}, 355488], [0.1425298409047838, {"__complex__": [77722.609375, 4.424442718664948e-15]}, 381522], [0.14752979381458758, {"__complex__": [77109.6875, -2.77605074649643e-15]}, 408872], [0.15252953168950728, {"__complex__": [76702.8671875, -1.0656303398422435e-15]}, 436982], [0.1575259088506567, {"__complex__": [76333.2890625, 1.3753996060155609e-15]}, 465526], [0.1625245861087595, {"__complex__": [76379.2890625, 7.326422065187911e-17]}, 496556], [0.16752622572532674, {"__complex__": [76028.0703125, -3.312661576933317e-15]}, 527138], [0.17252365215875795, {"__complex__": [75601.5390625, 3.6471227005520444e-16]}, 558596], [0.17752104604258576, {"__complex__": [75567.9375, 1.1675116744962275e-15]}, 592042], [0.18252206999629966, {"__complex__": [75572.0625, -1.0230340058368904e-15]}, 625868], [0.18752243524699813, {"__complex__": [75319.765625, 2.555015593086289e-15]}, 660670], [0.19252197155302622, {"__complex__": [75446.125, -1.2542952821401141e-15]}, 696100], [0.19752127669024505, {"__complex__": [74883.8203125, 2.780137627527373e-16]}, 732794], [0.20252092256965656, {"__complex__": [75194.828125, -3.3427151529348467e-15]}, 770538], [0.20751992904263816, {"__complex__": [74432.03125, -6.119271472221669e-16]}, 808536], [0.21251947292920556, {"__complex__": [74490.6640625, -2.5458693313218372e-15]}, 848810], [0.2175204270531138, {"__complex__": [74640.796875, -3.3153576828044273e-15]}, 888822], [0.22251911152351048, {"__complex__": [74885.609375, 1.5421417474517141e-15]}, 929463]]}, "attrs": {"poles": [0], "dk": 0.005, "kmin": 0.0, "kmax": null, "Nmesh": {"__dtype__": "<i8", "__shape__": [3], "__data__": [512, 512, 512]}, "BoxSize": {"__dtype__": "<f8", "__shape__": [3], "__data__": [3416.0, 7182.0, 3023.0]}, "BoxPad": {"__dtype__": "<f8", "__shape__": [3], "__data__": [0.1, 0.1, 0.1]}, "BoxCenter": {"__dtype__": "<f8", "__shape__": [3], "__data__": [-1749.4951644348416, 33.33485048453417, 1911.9221357905294]}, "mesh.resampler": "tsc", "mesh.interlaced": true, "alpha": 0.057036176323890686, "data.norm": 1.7341587845545583, "randoms.norm": 1.734045834700777, "shotnoise": 72892.42679740707, "first.data.N": 219588, "first.data.W": 232291.328125, "first.data.W2": 200453.31829400407, "first.data.num_per_cell": 0.001493493603870303, "first.randoms.N": 3935439, "first.randoms.W": 4072701.75, "first.randoms.W2": 3514531.441325448, "first.randoms.num_per_cell": 0.02618529976401812, "first.data.ext": 1, "first.randoms.ext": 1, "second.data.N": 219588, "second.data.W": 232291.328125, "second.data.W2": 118924.0, "second.data.num_per_cell": 0.0008860528469085693, "second.randoms.N": 3935439, "second.randoms.W": 4072701.75, "second.randoms.W2": 2084964.75, "second.randoms.num_per_cell": 0.01553419791162014, "second.data.ext": 1, "second.randoms.ext": 1}}, "attrs": {"poles": [0], "dk": 0.005, "kmin": 0.0, "kmax": null, "Nmesh": {"__dtype__": "<i8", "__shape__": [3], "__data__": [512, 512, 512]}, "BoxSize": {"__dtype__": "<f8", "__shape__": [3], "__data__": [3416.0, 7182.0, 3023.0]}, "BoxPad": {"__dtype__": "<f8", "__shape__": [3], "__data__": [0.1, 0.1, 0.1]}, "BoxCenter": {"__dtype__": "<f8", "__shape__": [3], "__data__": [-1749.4951644348416, 33.33485048453417, 1911.9221357905294]}, "mesh.resampler": "tsc", "mesh.interlaced": true, "alpha": 0.057036176323890686, "data.norm": 1.7341587845545583, "randoms.norm": 1.734045834700777, "shotnoise": 72892.42679740707, "first.data.N": 219588, "first.data.W": 232291.328125, "first.data.W2": 200453.31829400407, "first.data.num_per_cell": 0.001493493603870303, "first.randoms.N": 3935439, "first.randoms.W": 4072701.75, "first.randoms.W2": 3514531.441325448, "first.randoms.num_per_cell": 0.02618529976401812, "first.data.ext": 1, "first.randoms.ext": 1, "second.data.N": 219588, "second.data.W": 232291.328125, "second.data.W2": 118924.0, "second.data.num_per_cell": 0.0008860528469085693, "second.randoms.N": 3935439, "second.randoms.W": 4072701.75, "second.randoms.W2": 2084964.75, "second.randoms.num_per_cell": 0.01553419791162014, "second.data.ext": 1, "second.randoms.ext": 1, "p": 1.6, "zmin": 0.8, "zmax": 2.2, "P0_FKP": 30000.0, "z-weighted": true, "hashkeys": ["Nmesh", "P0_FKP", "dk", "kmin", "mesh.window", "mesh.interlaced", "poles", "p", "BoxPad", "zmin", "zmax", "z-weighted"]}}