{"poles": {"dims": ["k"], "edges": [{"__dtype__": "<f8", "__shape__": [46], "__data__": [0.0, 0.005, 0.01, 0.015, 0.02, 0.025, 0.03, 0.035, 0.04, 0.045, 0.05, 0.055, 0.06, 0.065, 0.07, 0.075, 0.08, 0.085, 0.09, 0.095, 0.1, 0.105, 0.11, 0.115, 0.12, 0.125, 0.13, 0.135, 0.14, 0.145, 0.15, 0.155, 0.16, 0.165, 0.17, 0.17500000000000002, 0.18, 0.185, 0.19, 0.195, 0.2, 0.20500000000000002, 0.21, 0.215, 0.22, 0.225]}], "coords": [{"__dtype__": "<f8", "__shape__": [45], "__data__": [0.0025, 0.0075, 0.0125, 0.0175, 0.0225, 0.0275, 0.0325, 0.037500000000000006, 0.042499999999999996, 0.0475, 0.052500000000000005, 0.057499999999999996, 0.0625, 0.0675, 0.07250000000000001, 0.0775, 0.0825, 0.0875, 0.0925, 0.0975, 0.10250000000000001, 0.1075, 0.1125, 0.1175, 0.1225, 0.1275, 0.1325, 0.1375, 0.14250000000000002, 0.1475, 0.1525, 0.1575, 0.1625, 0.1675, 0.17250000000000001, 0.1775, 0.1825, 0.1875, 0.1925, 0.1975, 0.2025, 0.20750000000000002, 0.2125, 0.2175, 0.2225]}], "data": {"__dtype__": [["k", "<f8"], ["power_0", "<c8"], ["modes", "<i8"]], "__shape__": [45], "__data__": [[0.0038117355178175095, {"__complex__": [77070.0625, 5.663919311858778e-13]}, 167], [0.008058346021090908, {"__complex__": [103568.0625, -8.844627233297458e-14]}, 1090], [0.012815249511252402, {"__complex__": [111465.828125, 4.6452686125854695e-14]}, 2976], [0.017715530553079957, {"__complex__": [109667.671875, 4.8806732987809534e-14]}, 5814], [0.02266950683372739, {"__complex__": [108533.546875, 2.19794546603945e-14]}, 9600], [0.027648058052918745, {"__complex__": [108863.171875, -1.4173286262892434e-14]}, 14374], [0.032633123491671336, {"__complex__": [102045.9296875, -2.327608083759012e-14]}, 20006], [0.03761564765132239, {"__complex__": [96962.9296875, 6.840363325713464e-16]}, 26592], [0.04259964526486082, {"__complex__": [93871.8046875, -1.256458180770928e-14]}, 34166], [0.04758772852758976, {"__complex__": [90764.7421875, 2.7237027127517514e-14]}, 42608], [0.05256834950925379, {"__complex__": [88205.7421875, 4.831406050920381e-15]}, 51956], [0.05756796755467752, {"__complex__": [88421.515625, -2.433663088557297e-15]}, 62784], [0.06257107202623985, {"__complex__": [85539.6640625, -3.749069468501204e-15]}, 73748], [0.06755994092525261, {"__complex__": [85232.0859375, 3.001702441227344e-15]}, 86050], [0.07255181297524387, {"__complex__": [84420.4765625, -3.66687381481612e-15]}, 99212], [0.077553789341126, {"__complex__": [82470.859375, 4.15330853104003e-16]}, 113870], [0.08255367123034169, {"__complex__": [80762.3515625, 5.4107079771735945e-15]}, 128422], [0.08754879359966697, {"__complex__": [80210.2890625, 4.523848811288818e-15]}, 144752], [0.09254546503694501, {"__complex__": [78105.5859375, 1.2043902184702589e-15]}, 161602], [0.09754249233486717, {"__complex__": [79161.6015625, 2.7543262572234887e-15]}, 179632], [0.10254191642432707, {"__complex__": [78084.4765625, -6.978290676833447e-15]}, 198626], [0.10753396521292719, {"__complex__": [77130.734375, 4.5110509904887526e-15]}, 217744], [0.11253100952618653, {"__complex__": [76443.0859375, -2.4294696401936777e-15]}, 239590], [0.11753535550508437, {"__complex__": [76508.578125, -8.085450406804858e-16]}, 260966], [0.12253345320038081, {"__complex__": [76320.765625, 4.981844184550428e-15]}, 283336], [0.1275323428544408, {"__complex__": [76414.7890625, 2.1478676076483547e-15]}, 307418], [0.13253156545046965, {"__complex__": [75977.671875, 1.0976082688208167e-15]}, 331446], [0.13752932672362506, {"__complex__": [75280.1015625, 4.0827432749954585e-15]}, 357316], [0.14252934418072535, {"__complex__": [74873.1953125, -1.0808580864097445e-15]}, 383704], [0.14752816810344815, {"__complex__": [74668.125, 3.0453856243831427e-15]}, 410938], [0.1525277629762151, {"__complex__": [74202.453125, -5.792300872713748e-16]}, 439650], [0.15752644237489397, {"__complex__": [73574.8046875, 1.0410784545913671e-15]}, 468254], [0.1625240961155418, {"__complex__": [73489.8828125, -2.2454589321827326e-15]}, 499006], [0.16752408563343685, {"__complex__": [73379.390625, 1.2900536250414017e-15]}, 530164], [0.1725251052463013, {"__complex__": [72888.4296875, -3.6228403835366317e-16]}, 562340], [0.177524717978678, {"__complex__": [72775.234375, -1.3446062526137228e-15]}, 595234], [0.18252280255052394, {"__complex__": [72830.828125, -3.0077795849865383e-16]}, 628952], [0.18752178951528506, {"__complex__": [72923.6796875, 1.9714302212188103e-15]}, 664326], [0.19252232887975626, {"__complex__": [72619.59375, -1.4545141244154478e-16]}, 700326], [0.19752279741145, {"__complex__": [72951.0703125, -9.87403247273283e-16]}, 736878], [0.2025210515234703, {"__complex__": [72562.3984375, -2.0854906191048904e-15]}, 774524], [0.2075193519546103, {"__complex__": [72658.2421875, -1.3778867065069363e-15]}, 813200], [0.21252006010342075, {"__complex__": [72350.3984375, -1.32533741773399e-15]}, 853678], [0.21751824907359157, {"__complex__": [71997.5546875, 1.8827418482347856e-15]}, 892712], [0.22251517312948602, {"__complex__": [72125.2890625, 6.224652429376353e-16]}, 935115]]}, "attrs": {"poles": [0], "dk": 0.005, "kmin": 0.0, "kmax": null, "Nmesh": {"__dtype__": "<i8", "__shape__": [3], "__data__": [512, 512, 512]}, "BoxSize": {"__dtype__": "<f8", "__shape__": [3], "__data__": [3431.0, 7193.0, 3022.0]}, "BoxPad": {"__dtype__": "<f8", "__shape__": [3], "__data__": [0.1, 0.1, 0.1]}, "BoxCenter": {"__dtype__": "<f8", "__shape__": [3], "__data__": [-1748.8906488438747, 37.180922997686594, 1910.4191313804401]}, "mesh.resampler": "tsc", "mesh.interlaced": true, "alpha": 0.05705081671476364, "data.norm": 3.080740986805115, "randoms.norm": 3.081862157494037, "shotnoise": 70346.30783833828, "first.data.N": 219192, "first.data.W": 231743.03125, "first.data.W2": 200161.2708868795, "first.data.num_per_cell": 0.0014913176811253987, "first.randoms.N": 3929745, "first.randoms.W": 4062045.75, "first.randoms.W2": 3508890.6685919976, "first.randoms.num_per_cell": 0.026143272732138616, "first.data.ext": 1, "first.randoms.ext": 1, "second.data.N": 219192, "second.data.W": 231743.03125, "second.data.W2": 210156.34375, "second.data.num_per_cell": 0.0015657867770642042, "second.randoms.N": 3929745, "second.randoms.W": 4062045.75, "second.randoms.W2": 3685201.75, "second.randoms.num_per_cell": 0.027456892654299736, "second.data.ext": 1, "second.randoms.ext": 1}}, "attrs": {"poles": [0], "dk": 0.005, "kmin": 0.0, "kmax": null, "Nmesh": {"__dtype__": "<i8", "__shape__": [3], "__data__": [512, 512, 512]}, "BoxSize": {"__dtype__": "<f8", "__shape__": [3], "__data__": [3431.0, 7193.0, 3022.0]}, "BoxPad": {"__dtype__": "<f8", "__shape__": [3], "__data__": [0.1, 0.1, 0.1]}, "BoxCenter": {"__dtype__": "<f8", "__shape__": [3], "__data__": [-1748.8906488438747, 37.180922997686594, 1910.4191313804401]}, "mesh.resampler": "tsc", "mesh.interlaced": true, "alpha": 0.05705081671476364, "data.norm": 3.080740986805115, "randoms.norm": 3.081862157494037, "shotnoise": 70346.30783833828, "first.data.N": 219192, "first.data.W": 231743.03125, "first.data.W2": 200161.2708868795, "first.data.num_per_cell": 0.0014913176811253987, "first.randoms.N": 3929745, "first.randoms.W": 4062045.75, "first.randoms.W2": 3508890.6685919976, "first.randoms.num_per_cell": 0.026143272732138616, "first.data.ext": 1, "first.randoms.ext": 1, "second.data.N": 219192, "second.data.W": 231743.03125, "second.data.W2": 210156.34375, "second.data.num_per_cell": 0.0015657867770642042, "second.randoms.N": 3929745, "second.randoms.W": 4062045.75, "second.randoms.W2": 3685201.75, "second.randoms.num_per_cell": 0.027456892654299736, "second.data.ext": 1, "second.randoms.ext": 1, "p": 1.0, "zmin": 0.8, "zmax": 2.2, "P0_FKP": 30000.0, "z-weighted": true, "hashkeys": ["Nmesh", "P0_FKP", "dk", "kmin", "mesh.window", "mesh.interlaced", "poles", "p", "BoxPad", "zmin", "zmax", "z-weighted"]}}