{"poles": {"dims": ["k"], "edges": [{"__dtype__": "<f8", "__shape__": [46], "__data__": [0.0, 0.005, 0.01, 0.015, 0.02, 0.025, 0.03, 0.035, 0.04, 0.045, 0.05, 0.055, 0.06, 0.065, 0.07, 0.075, 0.08, 0.085, 0.09, 0.095, 0.1, 0.105, 0.11, 0.115, 0.12, 0.125, 0.13, 0.135, 0.14, 0.145, 0.15, 0.155, 0.16, 0.165, 0.17, 0.17500000000000002, 0.18, 0.185, 0.19, 0.195, 0.2, 0.20500000000000002, 0.21, 0.215, 0.22, 0.225]}], "coords": [{"__dtype__": "<f8", "__shape__": [45], "__data__": [0.0025, 0.0075, 0.0125, 0.0175, 0.0225, 0.0275, 0.0325, 0.037500000000000006, 0.042499999999999996, 0.0475, 0.052500000000000005, 0.057499999999999996, 0.0625, 0.0675, 0.07250000000000001, 0.0775, 0.0825, 0.0875, 0.0925, 0.0975, 0.10250000000000001, 0.1075, 0.1125, 0.1175, 0.1225, 0.1275, 0.1325, 0.1375, 0.14250000000000002, 0.1475, 0.1525, 0.1575, 0.1625, 0.1675, 0.17250000000000001, 0.1775, 0.1825, 0.1875, 0.1925, 0.1975, 0.2025, 0.20750000000000002, 0.2125, 0.2175, 0.2225]}], "data": {"__dtype__": [["k", "<f8"], ["power_0", "<c8"], ["modes", "<i8"]], "__shape__": [45], "__data__": [[0.0038125763573990954, {"__complex__": [82062.9921875, 2.6141166054732823e-13]}, 167], [0.008060022265168436, {"__complex__": [109379.4765625, 4.0051143147422016e-14]}, 1090], [0.01281795536429995, {"__complex__": [115022.984375, -5.623219988606931e-14]}, 2976], [0.017719293152763108, {"__complex__": [109194.8984375, 7.008146640048382e-14]}, 5814], [0.022666568555122283, {"__complex__": [114352.328125, 1.368804734543181e-14]}, 9568], [0.02764473903614608, {"__complex__": [108889.71875, 2.8322926754029316e-14]}, 14386], [0.032635958084623835, {"__complex__": [101930.1015625, 2.47209513330824e-14]}, 20014], [0.03761886693070313, {"__complex__": [100414.6484375, -3.5607380454263145e-15]}, 26564], [0.042602568349431096, {"__complex__": [96382.4765625, -4.472663033802714e-15]}, 34162], [0.047586523609754565, {"__complex__": [91610.1484375, -2.7391840609836604e-15]}, 42500], [0.05256802100744391, {"__complex__": [92021.59375, -9.230609305339518e-15]}, 52024], [0.057570388849890825, {"__complex__": [90144.8359375, -1.206780376040821e-14]}, 62704], [0.06257244127493641, {"__complex__": [88326.171875, 1.105348688826887e-14]}, 73724], [0.06756322693545236, {"__complex__": [87753.625, 2.705885713519436e-15]}, 86046], [0.07255384780596544, {"__complex__": [87014.6015625, -1.762728926311876e-15]}, 99064], [0.07755479329767852, {"__complex__": [85295.90625, 3.195526237690467e-15]}, 113846], [0.08255553709277619, {"__complex__": [85251.109375, 6.519370343593435e-15]}, 128346], [0.08755027751921535, {"__complex__": [83474.8125, 6.438900519538382e-15]}, 144640], [0.0925448011777136, {"__complex__": [81736.171875, -6.852457579771716e-15]}, 161394], [0.09754155584913374, {"__complex__": [81707.3984375, 3.8892398687446345e-15]}, 179596], [0.10254266527893681, {"__complex__": [79373.8515625, -4.983783466483167e-15]}, 198550], [0.10753511504164799, {"__complex__": [79782.390625, -4.146149620328074e-15]}, 217604], [0.11253081710440346, {"__complex__": [79644.84375, 4.1958785011449e-15]}, 239302], [0.1175340007836136, {"__complex__": [78900.875, -1.0042652380333928e-15]}, 260822], [0.12253143237808373, {"__complex__": [77978.265625, -5.1410747451661014e-17]}, 283052], [0.12753129580626282, {"__complex__": [78264.015625, -9.467061728939108e-16]}, 307422], [0.13253244224889454, {"__complex__": [78115.71875, 2.1084511412061127e-15]}, 331282], [0.13753155922816648, {"__complex__": [77852.453125, 1.0998133073407564e-15]}, 357244], [0.1425309004322643, {"__complex__": [77107.703125, 6.075670980657346e-16]}, 383218], [0.1475274769167688, {"__complex__": [76821.578125, 7.088398527820063e-17]}, 410584], [0.15252753829118956, {"__complex__": [76189.6171875, -1.2167596523572502e-15]}, 439514], [0.15752804777831314, {"__complex__": [76005.9453125, 5.113078810716799e-15]}, 468170], [0.16252433001414207, {"__complex__": [75755.5625, -1.9277233211404884e-15]}, 498218], [0.16752353060657593, {"__complex__": [76324.6796875, 2.580282585902885e-15]}, 530128], [0.17252536263290943, {"__complex__": [75640.046875, 1.9683929728281932e-15]}, 561852], [0.17752508303836279, {"__complex__": [76140.6171875, -2.237702651484725e-15]}, 595030], [0.18252304485864382, {"__complex__": [75621.2421875, -3.2190915413160288e-15]}, 628350], [0.18752157689925206, {"__complex__": [74831.78125, -1.40265342048906e-15]}, 663972], [0.19252337130996977, {"__complex__": [74828.7421875, -3.0135761490819547e-15]}, 700174], [0.19752295423553484, {"__complex__": [75155.59375, -4.044066480074406e-15]}, 735860], [0.20252023736994262, {"__complex__": [74935.90625, 1.5034873194944253e-16]}, 774302], [0.20751996950900564, {"__complex__": [74745.859375, -1.7902248863291715e-15]}, 812854], [0.21252099828278329, {"__complex__": [74573.484375, 1.569366339288533e-15]}, 853068], [0.21751884724508222, {"__complex__": [73894.7734375, 1.1417820958113125e-15]}, 892144], [0.22251522682661296, {"__complex__": [74714.6796875, -5.840896211688912e-16]}, 934269]]}, "attrs": {"poles": [0], "dk": 0.005, "kmin": 0.0, "kmax": null, "Nmesh": {"__dtype__": "<i8", "__shape__": [3], "__data__": [512, 512, 512]}, "BoxSize": {"__dtype__": "<f8", "__shape__": [3], "__data__": [3429.0, 7195.0, 3021.0]}, "BoxPad": {"__dtype__": "<f8", "__shape__": [3], "__data__": [0.1, 0.1, 0.1]}, "BoxCenter": {"__dtype__": "<f8", "__shape__": [3], "__data__": [-1752.6020169911349, 34.58409619609779, 1911.5851637350906]}, "mesh.resampler": "tsc", "mesh.interlaced": true, "alpha": 0.05693342164158821, "data.norm": 1.7375009147372522, "randoms.norm": 1.737617588542939, "shotnoise": 72703.28550164003, "first.data.N": 219523, "first.data.W": 231974.3125, "first.data.W2": 200357.28481178763, "first.data.num_per_cell": 0.001492778098671046, "first.randoms.N": 3941095, "first.randoms.W": 4074484.0, "first.randoms.W2": 3519148.4872340313, "first.randoms.num_per_cell": 0.026219699436679716, "first.data.ext": 1, "first.randoms.ext": 1, "second.data.N": 219523, "second.data.W": 231974.3125, "second.data.W2": 119082.859375, "second.data.num_per_cell": 0.0008872364414855838, "second.randoms.N": 3941095, "second.randoms.W": 4074484.0, "second.randoms.W2": 2091714.5, "second.randoms.num_per_cell": 0.015584487468004227, "second.data.ext": 1, "second.randoms.ext": 1}}, "attrs": {"poles": [0], "dk": 0.005, "kmin": 0.0, "kmax": null, "Nmesh": {"__dtype__": "<i8", "__shape__": [3], "__data__": [512, 512, 512]}, "BoxSize": {"__dtype__": "<f8", "__shape__": [3], "__data__": [3429.0, 7195.0, 3021.0]}, "BoxPad": {"__dtype__": "<f8", "__shape__": [3], "__data__": [0.1, 0.1, 0.1]}, "BoxCenter": {"__dtype__": "<f8", "__shape__": [3], "__data__": [-1752.6020169911349, 34.58409619609779, 1911.5851637350906]}, "mesh.resampler": "tsc", "mesh.interlaced": true, "alpha": 0.05693342164158821, "data.norm": 1.7375009147372522, "randoms.norm": 1.737617588542939, "shotnoise": 72703.28550164003, "first.data.N": 219523, "first.data.W": 231974.3125, "first.data.W2": 200357.28481178763, "first.data.num_per_cell": 0.001492778098671046, "first.randoms.N": 3941095, "first.randoms.W": 4074484.0, "first.randoms.W2": 3519148.4872340313, "first.randoms.num_per_cell": 0.026219699436679716, "first.data.ext": 1, "first.randoms.ext": 1, "second.data.N": 219523, "second.data.W": 231974.3125, "second.data.W2": 119082.859375, "second.data.num_per_cell": 0.0008872364414855838, "second.randoms.N": 3941095, "second.randoms.W": 4074484.0, "second.randoms.W2": 2091714.5, "second.randoms.num_per_cell": 0.015584487468004227, "second.data.ext": 1, "second.randoms.ext": 1, "p": 1.6, "zmin": 0.8, "zmax": 2.2, "P0_FKP": 30000.0, "z-weighted": true, "hashkeys": ["Nmesh", "P0_FKP", "dk", "kmin", "mesh.window", "mesh.interlaced", "poles", "p", "BoxPad", "zmin", "zmax", "z-weighted"]}}