{"poles": {"dims": ["k"], "edges": [{"__dtype__": "<f8", "__shape__": [46], "__data__": [0.0, 0.005, 0.01, 0.015, 0.02, 0.025, 0.03, 0.035, 0.04, 0.045, 0.05, 0.055, 0.06, 0.065, 0.07, 0.075, 0.08, 0.085, 0.09, 0.095, 0.1, 0.105, 0.11, 0.115, 0.12, 0.125, 0.13, 0.135, 0.14, 0.145, 0.15, 0.155, 0.16, 0.165, 0.17, 0.17500000000000002, 0.18, 0.185, 0.19, 0.195, 0.2, 0.20500000000000002, 0.21, 0.215, 0.22, 0.225]}], "coords": [{"__dtype__": "<f8", "__shape__": [45], "__data__": [0.0025, 0.0075, 0.0125, 0.0175, 0.0225, 0.0275, 0.0325, 0.037500000000000006, 0.042499999999999996, 0.0475, 0.052500000000000005, 0.057499999999999996, 0.0625, 0.0675, 0.07250000000000001, 0.0775, 0.0825, 0.0875, 0.0925, 0.0975, 0.10250000000000001, 0.1075, 0.1125, 0.1175, 0.1225, 0.1275, 0.1325, 0.1375, 0.14250000000000002, 0.1475, 0.1525, 0.1575, 0.1625, 0.1675, 0.17250000000000001, 0.1775, 0.1825, 0.1875, 0.1925, 0.1975, 0.2025, 0.20750000000000002, 0.2125, 0.2175, 0.2225]}], "data": {"__dtype__": [["k", "<f8"], ["power_0", "<c8"], ["modes", "<i8"]], "__shape__": [45], "__data__": [[0.0038122803174705333, {"__complex__": [95260.2890625, -1.2199210825541984e-12]}, 167], [0.008059736455350283, {"__complex__": [118145.7421875, -1.2933182086047323e-13]}, 1090], [0.012814466844489307, {"__complex__": [97514.3671875, 2.692985740545932e-14]}, 2972], [0.01771502162535435, {"__complex__": [109532.90625, -7.258437422072092e-14]}, 5814], [0.022672224690861924, {"__complex__": [110805.8515625, 4.469819967715255e-14]}, 9604], [0.02765069400644082, {"__complex__": [103243.6015625, 1.0132234584835542e-15]}, 14362], [0.03262899739315072, {"__complex__": [102733.109375, 3.829451539942921e-14]}, 19950], [0.03761097146489147, {"__complex__": [95965.078125, -1.0936355784190756e-15]}, 26612], [0.04259720988907744, {"__complex__": [91761.96875, -1.7534354502211913e-14]}, 34130], [0.04758564379710346, {"__complex__": [88736.0234375, 5.80655696661163e-15]}, 42604], [0.05257320389399704, {"__complex__": [89407.5234375, 8.386948608006474e-16]}, 52052], [0.05756910379326598, {"__complex__": [88962.75, -2.210193774214984e-15]}, 62548], [0.06256903159958853, {"__complex__": [87690.484375, -7.981913334497229e-15]}, 73836], [0.06756006047889784, {"__complex__": [87479.2265625, 2.429778044889773e-14]}, 85942], [0.07254866218810947, {"__complex__": [82963.2578125, 3.744589511243176e-15]}, 99096], [0.07755089119369771, {"__complex__": [82844.3359375, 2.044633984894079e-15]}, 113874], [0.0825517203564318, {"__complex__": [82072.4921875, -3.175144719155397e-15]}, 128326], [0.0875467476143726, {"__complex__": [80588.53125, -8.271676529489347e-15]}, 144698], [0.09254382454226216, {"__complex__": [79648.2890625, -1.2276162854004454e-15]}, 161508], [0.09754063900184272, {"__complex__": [78696.65625, -6.889804532965579e-15]}, 179528], [0.10253962545505581, {"__complex__": [76760.21875, 4.691943346704381e-15]}, 198494], [0.10753412058222987, {"__complex__": [76881.5234375, 4.0243865165779e-15]}, 217860], [0.1125319799346214, {"__complex__": [76835.9375, -2.173733664516896e-15]}, 239326], [0.11753442857555702, {"__complex__": [76905.265625, -6.305521205949563e-15]}, 260782], [0.12253209228603969, {"__complex__": [76265.625, 2.517934608237864e-15]}, 283186], [0.12753145984773714, {"__complex__": [76281.703125, 5.918723187069413e-16]}, 307328], [0.13253181895805025, {"__complex__": [75783.21875, -4.1062937555444434e-15]}, 331346], [0.13752964392736433, {"__complex__": [75323.2578125, 5.5422826870682885e-15]}, 357084], [0.14253024982654106, {"__complex__": [74507.453125, -2.465346355949344e-15]}, 383668], [0.14752737451930845, {"__complex__": [74090.328125, -5.320212353517484e-16]}, 410282], [0.15252510727741217, {"__complex__": [73803.4296875, 2.218087909525157e-15]}, 439558], [0.15752486255685258, {"__complex__": [73747.3515625, -1.0259781864824279e-15]}, 468054], [0.16252318558375795, {"__complex__": [73714.0625, 1.6044394325354918e-15]}, 498838], [0.16752315598412615, {"__complex__": [73521.484375, 2.0600417259628717e-15]}, 529792], [0.1725255534801773, {"__complex__": [73324.4375, -6.467931673833017e-17]}, 562464], [0.17752419410081421, {"__complex__": [72875.40625, -1.003924836667715e-15]}, 594296], [0.18252089880052083, {"__complex__": [72681.421875, 1.7816330076286975e-15]}, 628916], [0.18752131615600887, {"__complex__": [72419.2890625, 2.6158361585891738e-15]}, 664084], [0.19252169418411832, {"__complex__": [71628.640625, 3.0775260778084703e-15]}, 699810], [0.1975217866422159, {"__complex__": [72053.6640625, 2.117653942419794e-15]}, 736562], [0.20252042582606922, {"__complex__": [72347.84375, 1.6916809673664878e-16]}, 774184], [0.2075189686408155, {"__complex__": [72111.5859375, 8.951851821189312e-17]}, 812788], [0.21251941001432148, {"__complex__": [71751.703125, 1.816473590331635e-15]}, 853180], [0.21751852294628368, {"__complex__": [71679.5859375, 1.7932280416436616e-16]}, 892642], [0.22251589780182862, {"__complex__": [71826.890625, -1.934819763172585e-15]}, 934493]]}, "attrs": {"poles": [0], "dk": 0.005, "kmin": 0.0, "kmax": null, "Nmesh": {"__dtype__": "<i8", "__shape__": [3], "__data__": [512, 512, 512]}, "BoxSize": {"__dtype__": "<f8", "__shape__": [3], "__data__": [3431.0, 7187.0, 3023.0]}, "BoxPad": {"__dtype__": "<f8", "__shape__": [3], "__data__": [0.1, 0.1, 0.1]}, "BoxCenter": {"__dtype__": "<f8", "__shape__": [3], "__data__": [-1751.0762894150455, 37.616408630887236, 1911.6711565508826]}, "mesh.resampler": "tsc", "mesh.interlaced": true, "alpha": 0.056928232312202454, "data.norm": 3.092973449203581, "randoms.norm": 3.093440099847597, "shotnoise": 70215.9517247068, "first.data.N": 219703, "first.data.W": 232474.3125, "first.data.W2": 200557.9780823032, "first.data.num_per_cell": 0.0014942733800582825, "first.randoms.N": 3945884, "first.randoms.W": 4083638.25, "first.randoms.W2": 3523062.9228392895, "first.randoms.num_per_cell": 0.02624886425464816, "first.data.ext": 1, "first.randoms.ext": 1, "second.data.N": 219703, "second.data.W": 232474.3125, "second.data.W2": 210569.953125, "second.data.num_per_cell": 0.001568868407048285, "second.randoms.N": 3945884, "second.randoms.W": 4083638.25, "second.randoms.W2": 3699298.0, "second.randoms.num_per_cell": 0.027561917901039124, "second.data.ext": 1, "second.randoms.ext": 1}}, "attrs": {"poles": [0], "dk": 0.005, "kmin": 0.0, "kmax": null, "Nmesh": {"__dtype__": "<i8", "__shape__": [3], "__data__": [512, 512, 512]}, "BoxSize": {"__dtype__": "<f8", "__shape__": [3], "__data__": [3431.0, 7187.0, 3023.0]}, "BoxPad": {"__dtype__": "<f8", "__shape__": [3], "__data__": [0.1, 0.1, 0.1]}, "BoxCenter": {"__dtype__": "<f8", "__shape__": [3], "__data__": [-1751.0762894150455, 37.616408630887236, 1911.6711565508826]}, "mesh.resampler": "tsc", "mesh.interlaced": true, "alpha": 0.056928232312202454, "data.norm": 3.092973449203581, "randoms.norm": 3.093440099847597, "shotnoise": 70215.9517247068, "first.data.N": 219703, "first.data.W": 232474.3125, "first.data.W2": 200557.9780823032, "first.data.num_per_cell": 0.0014942733800582825, "first.randoms.N": 3945884, "first.randoms.W": 4083638.25, "first.randoms.W2": 3523062.9228392895, "first.randoms.num_per_cell": 0.02624886425464816, "first.data.ext": 1, "first.randoms.ext": 1, "second.data.N": 219703, "second.data.W": 232474.3125, "second.data.W2": 210569.953125, "second.data.num_per_cell": 0.001568868407048285, "second.randoms.N": 3945884, "second.randoms.W": 4083638.25, "second.randoms.W2": 3699298.0, "second.randoms.num_per_cell": 0.027561917901039124, "second.data.ext": 1, "second.randoms.ext": 1, "p": 1.0, "zmin": 0.8, "zmax": 2.2, "P0_FKP": 30000.0, "z-weighted": true, "hashkeys": ["Nmesh", "P0_FKP", "dk", "kmin", "mesh.window", "mesh.interlaced", "poles", "p", "BoxPad", "zmin", "zmax", "z-weighted"]}}