# P+B covariance for SGC and p = 1.6
# 
6.674145967320202589e+08 7.171801232677079737e+07 6.392872498798412271e+06 6.155644227731822059e+06 3.816650263216389809e+06 -1.898582330565358046e+06 9.389175593827137491e+05 1.177183632534904173e+06 4.278432537387936609e+05 -6.315621875460890587e+05 -1.566193708000084385e+06 -1.920234667220849078e+06 -5.430934403222096153e+05 8.212321692239979748e+05 -1.905595866271366365e+06 -1.593042002878563071e+05 -5.677755850353148999e+05 -1.342835929091306636e+06 1.512298732822972233e+05 -6.278026782451581676e+05 6.286001916929250001e+04 -1.030560940118130762e+06 4.643797545026472071e+05 4.592317930174194626e+05 -4.627302981440965596e+03 -2.435042558459079883e+05 -2.994812232336791349e+05 -1.554280422485121817e+05 -4.000659120756012271e+05 -6.488912331061995355e+05 -6.344290961497841636e+05 -6.441362012887033634e+05 -2.083982816047114029e+05 3.225473679265057435e+05 -2.352432605577769864e+05 -9.812841210523254995e+04 -5.127745345707745291e+05 -7.086691682307420706e+03 -2.961507521257880726e+05 -5.417644577525038039e+05 -2.654321726062071393e+05 5.315525584310516570e+04 -4.793452933741850575e+04 -1.310152902589646983e+05 -3.526657541563378181e+05 -2.204857081610787136e+05 -4.223712456058353418e+05 -4.115298037115865154e+05 -2.472721229888274102e+05 -1.901692300788573339e+05 -2.694573983466973368e+04 -4.460770364476794493e+05 -6.364857963738470571e+05 -2.889857455615396029e+05 -5.970079761796097591e+04 1.667335687701796680e+13 9.200866058494044189e+11 6.870029949599242188e+12 2.653067133948171875e+12 -2.557979296281564062e+13 2.725540609274387207e+12 1.646608319479110107e+12 3.508078064622637207e+12 2.079799101794878906e+12 1.791575256465298828e+12 2.563013620754039062e+12 -3.103498499265134888e+11 -5.221690254545878296e+11 -8.916175950543886719e+11 5.147737380171647339e+11 3.003537791956117676e+12 2.998797800689333496e+11 1.867210592623714066e+10 -9.340238731610928955e+11 1.170429613405194531e+13 -2.676376258740034180e+12 1.884117801851385193e+11 -4.324543015121422729e+11 7.038990674150529785e+11 2.394025575573555298e+11 -2.442353091772688293e+10 -6.380999150362723389e+11 3.228432805492304199e+12 5.307276585086995850e+11 2.099347327995649414e+11 -1.916702794426983337e+11 2.571651992124010315e+11
7.171801232677079737e+07 1.363361917711867392e+08 2.175781267604836076e+07 2.512738475198840606e+05 -2.304786215991467761e+05 -1.740502761468513869e+06 -2.320286426626779757e+03 6.408397017909910064e+05 5.840739482590029947e+05 -1.649240573968798271e+05 -1.860432361170508666e+05 -6.275376757317508600e+04 1.392409803553631646e+05 2.267387203342226276e+05 -5.511040141604784876e+05 -5.765993086519645294e+05 -8.461150901113247965e+05 -5.838366537571921945e+05 -1.257483585553626617e+05 -1.352071353622914758e+05 4.047160787336249487e+05 -3.001733893912715212e+04 1.578970634193425067e+05 -1.225258701070731768e+05 7.943558919190462620e+04 -4.261498941428977414e+05 -1.526129456076750830e+04 -2.789258346986771794e+05 -3.634004258181593032e+05 -1.806273187344126054e+05 7.426577606963204744e+03 -2.841031820810975623e+05 4.281802631839041715e+04 2.077665876156474696e+05 -1.186151295435318461e+05 -2.208735644482779317e+05 -2.774366221234571422e+05 -2.582356293884158076e+05 -2.767698239558606292e+05 -2.044400600348678709e+05 -2.795713894220767543e+05 1.211170770912309490e+04 8.277695263585119392e+03 -1.850902025013559614e+04 -2.891548239372443641e+05 -1.581311656460397062e+05 -2.533005751209690643e+05 -2.207339202013532849e+04 6.597695497625911230e+03 5.680221285802030616e+04 2.502263870101390057e+04 -1.608618774129591475e+05 -1.007463745174742362e+05 -1.487111215304540019e+04 -8.815833147943780932e+04 1.124315924337607422e+13 4.733712165693807617e+12 5.768826679796090820e+12 2.058857984005353088e+11 -5.369085599186124023e+12 2.206561899313765625e+12 3.176339738247774048e+11 4.037937021072272461e+12 7.219509862421047363e+11 2.095000875374079590e+11 -1.054369992890056055e+13 -3.777014623144334717e+11 1.289593900121652100e+12 -1.750973913197118530e+11 2.467074878676837463e+11 3.087208411208167480e+12 3.055039847475529785e+11 3.229428943183946533e+11 2.167162368164297485e+11 3.314004238304113281e+12 -3.710815692892760742e+12 -3.551319562971396484e+11 -7.949868237054945374e+10 1.775817455751652100e+12 1.050582954164076996e+11 1.590612521577766418e+11 -6.454268499791609955e+10 2.746121435551348633e+12 4.150679021903057861e+11 -2.203325964462635422e+10 3.220231337032229233e+10 3.391604447858336182e+11
6.392872498798412271e+06 2.175781267604836076e+07 6.235565316429059952e+07 1.009051314611315168e+07 2.144163659849251620e+06 -9.484231319366555545e+04 6.232358847702076891e+05 -1.033404736333068460e+06 8.636690749057329958e+05 2.441555747409274918e+05 2.867813808904975303e+05 -3.562051387030052138e+05 -3.383598799208509736e+05 6.124668138399547024e+04 -8.007699464631616138e+05 -4.663049219212707249e+05 -1.620928663424498809e+05 -5.026345812669550069e+05 -1.378320622227372369e+05 4.973906228056484542e+04 1.670524842089010635e+05 2.439548293332607864e+04 2.326214984796218923e+05 7.599342871706763981e+04 -6.815303152336548374e+04 7.939333562266721856e+04 6.135502291120606969e+04 -2.215605092012490495e+05 -1.660846711727134825e+05 2.537396887113307457e+03 2.610737388784271388e+04 -4.704181710836018465e+04 6.812745015060629521e+04 4.176449899017288408e+04 1.134102720415771328e+05 1.103308683443029004e+05 1.462142253595102229e+05 9.048740331896746648e+04 8.707908771739421354e+03 1.234974430687466083e+05 1.484375443494836218e+05 1.414831169488211453e+05 1.081012203553613945e+05 1.147422096740916168e+05 5.408320106127549661e+04 1.679412958557000093e+05 1.013162576422232669e+05 8.363294516243187536e+04 -4.363917364676629222e+04 3.657541000382442871e+04 1.632991569804449682e+05 7.842142725982167758e+04 1.052410674939067685e+05 8.133515460351688671e+04 5.185522935286056600e+04 1.754619603972123633e+13 9.037074048391876953e+12 3.186183125283220215e+12 -7.979050439847667236e+11 -1.428931320377308350e+12 2.851625267479344727e+12 -3.302533231480735474e+11 2.658961939219051758e+12 -3.292807360625439453e+11 1.636591008065359116e+10 2.430609190658981445e+12 -7.002745768317855225e+11 3.083972571567155273e+12 6.564758166222180176e+10 -1.406647657734475899e+10 2.640498246046895996e+12 1.074356784794097595e+11 -7.004708182677326965e+10 1.136568326360783844e+11 -1.386323242371947266e+12 -9.244836472584675293e+11 -2.080015097990181580e+11 7.614742475122402954e+10 2.943192570422163086e+12 -8.995612893255448914e+10 -8.039340298988557434e+10 -8.256936794760581970e+10 2.025842867691840820e+12 -3.648494467164276886e+10 -1.333068425534393501e+10 -1.150621930257266617e+10 -2.844737857088094482e+11
6.155644227731822059e+06 2.512738475198840606e+05 1.009051314611315168e+07 3.166792300939476117e+07 5.856042762621831149e+06 7.927339316248109099e+05 2.889565745712901116e+05 1.534050239592318540e+05 2.700147629268216551e+05 -1.211222065126999223e+05 -4.899703958328936278e+04 -3.601061812736198772e+05 -1.260670353888124664e+05 1.385166619979970856e+05 2.747589668389876024e+05 1.400814643407571130e+05 1.258412451415709947e+05 5.370343878387675068e+04 -1.813294301381514233e+05 7.277723950687692559e+04 2.141518527429039241e+05 1.814629655468724377e+05 2.060559900329861848e+05 1.908532220120416896e+05 1.794418438096604368e+05 1.608409656374182669e+05 2.344276948564438499e+05 6.693048242028750246e+04 1.467710181351875653e+05 3.391841989199799718e+05 1.344331239571268379e+05 1.283792365645008831e+05 1.152152799794893217e+05 1.022542605918266781e+05 1.081666216598187020e+05 1.206554042183806450e+05 7.722202471974342188e+04 1.315142818988053186e+05 1.746839544230164320e+05 1.490510295253893419e+05 1.263792074878115527e+05 1.634977808593668160e+05 2.255556760273199179e+05 2.044671045907980006e+05 4.862519500988766958e+04 1.434009371428575832e+05 1.229320532312295691e+05 1.364152229926643486e+05 7.294551302748493617e+04 4.043442830739666533e+04 1.629695693967217521e+05 1.227088962248351017e+05 1.442947589630057337e+05 1.529281135920392699e+05 1.714018690194008523e+05 4.565402203459075195e+12 4.133111618770228516e+12 2.091374836609979004e+12 1.042929858940658936e+12 8.252734219884862305e+12 1.803987890309899414e+12 2.957107286654807739e+11 9.988854310941507568e+11 1.457850221738230286e+11 -6.583617973979237061e+11 3.007324102634817383e+12 -5.566503723020078125e+11 1.409975055136349854e+12 2.273499069694790039e+11 -1.312626699003638000e+11 9.863732879758073730e+11 3.604720515510296631e+11 -1.065378466483857117e+11 -3.650798507121078491e+11 2.498482555671785645e+12 2.215388473166048828e+12 1.092916425647188568e+10 1.242873872905942993e+11 1.425249583018643555e+12 2.719799656055103149e+11 -9.404824164781628418e+10 -6.870584075375830078e+10 1.080580292526773560e+12 2.401724000622629395e+11 -1.276192820393687744e+11 -2.339968477352876663e+10 -6.885564041850147247e+09
3.816650263216389809e+06 -2.304786215991467761e+05 2.144163659849251620e+06 5.856042762621831149e+06 1.765722525812179595e+07 3.489513480281647295e+06 8.928788125372369541e+05 6.393510559158153774e+04 -3.070752390111167333e+05 -1.157514673814929301e+04 -4.526506215215434167e+03 1.721145552210645401e+05 9.243692457750595349e+04 -9.809667332625230483e+04 1.457094237560069632e+04 1.640943621072484893e+04 -1.244253622898985341e+05 5.686829788356957579e+04 -4.204582437698902140e+03 1.560994405379256059e+05 1.942945035090057936e+05 2.194411767496695975e+05 7.946574655657239782e+04 7.327378819878171271e+03 1.941390865600696770e+03 1.523100759435342115e+04 6.933684035910791135e+04 8.270521774845168693e+04 1.196432897552090026e+03 1.438507666715250525e+05 8.166491128664553980e+04 8.881057635036161810e+04 -3.668404795965034282e+04 2.319540155285165747e+04 1.008274560492987439e+04 9.920507440820337797e+04 -1.053291188959966803e+03 7.089029906220310659e+04 1.036192149673452950e+05 5.270877394984710554e+04 -7.607253890704684636e+03 4.354038896208826191e+04 1.201517683495385136e+05 7.573487809720485529e+04 -1.596214600485616575e+04 6.923395823895180365e+04 8.049145922378066462e+04 2.490155035662736918e+04 6.554440526578822755e+04 6.143982144144023187e+04 8.410493735015287530e+04 1.219615480379634973e+05 4.801960448985609401e+04 3.292485301477379835e+04 4.003777423260665819e+04 7.829910431446563721e+11 2.100607818699713135e+12 1.496785134340335938e+12 1.508061444947593262e+12 2.174906252127476318e+12 6.855719128700457764e+11 1.061237620525321289e+12 3.444439343543207397e+11 5.005490017258801270e+11 -1.067169924737787018e+11 -3.251125377544951782e+11 7.299993528632885742e+11 1.635603314681301575e+11 5.239239199431993408e+11 -1.432736111392825317e+11 2.741941732378870392e+10 5.439669572340996094e+11 8.301395050098844910e+10 -2.444322131272866516e+11 1.212205997780847412e+12 1.603835940831163330e+12 3.346998074507315063e+11 -6.728822219739303589e+10 3.007798108234371338e+11 5.963743711242301025e+11 -3.664981256725104523e+10 2.157044075037417221e+10 2.706660380181075439e+11 5.219706561460375977e+11 2.716046430630895996e+10 -3.821928075893377686e+10 -1.127401128131397552e+11
-1.898582330565358046e+06 -1.740502761468513869e+06 -9.484231319366555545e+04 7.927339316248109099e+05 3.489513480281647295e+06 1.099480001168647036e+07 2.078698715524526080e+06 4.623790781834352529e+05 1.342078745042282972e+05 1.400450127724724589e+05 7.148687958333847346e+05 3.272808535586581565e+05 2.639474317565661622e+05 1.327988296684713569e+05 1.020196103497157019e+05 2.041628424903112464e+05 2.236007701747258761e+04 9.466379496010692674e+04 6.167477270798201789e+04 8.839653030917700380e+04 1.670160046750435431e+05 6.931252022907632636e+04 5.005116555488805898e+04 -1.354644280168021032e+04 3.265955028897411103e+04 6.947255190983811917e+04 1.044050909505514574e+05 8.167739453186879109e+04 6.390674751852408372e+04 5.534427959947156342e+04 7.252307227428331680e+04 7.455494540460445569e+04 7.529850313246760925e+04 1.176101694551091168e+04 7.176794123432216293e+04 3.329701136326174310e+04 5.727435543976862391e+04 2.860657839741504722e+04 7.044636783122367342e+04 6.140507290179004485e+04 3.954999598917507683e+04 4.353701979934007977e+04 8.560720895646262215e+04 1.063274015081229445e+05 3.417799851988407318e+04 1.012676083632882073e+05 8.034975916095389402e+04 6.671999416657764232e+04 8.858817663874871505e+04 9.846342778887998429e+04 8.250652816545807582e+04 8.046503948429221055e+04 4.643135787177483871e+04 2.725502601503832193e+04 8.294460976293371641e+04 1.610332931613557129e+12 7.151059439547415771e+11 6.606229153787828369e+11 1.814539761615973389e+12 -4.723222567224009766e+12 5.573195212698099365e+11 1.013516299163654053e+12 -6.642643181445735931e+10 4.305719681609196777e+11 2.548092284628965149e+11 -4.629986744237774048e+11 1.253684226208514404e+12 4.505728415483811951e+10 4.927098606269528809e+11 1.267244179976444855e+11 -2.327107828734455566e+11 4.457345689556464844e+11 7.488979496283705139e+10 6.241295055958710480e+10 6.435331272840129395e+11 -3.960671972709668732e+10 4.729562042139185181e+11 2.762014294635530472e+10 1.013284031132521057e+11 5.267424152670533447e+11 4.165242210222651672e+10 8.554620269742398071e+10 2.237993699859250641e+10 4.076035789990234985e+11 1.530515754448231506e+10 4.430555062101485443e+10 -5.333292599307972717e+10
9.389175593827137491e+05 -2.320286426626779757e+03 6.232358847702076891e+05 2.889565745712901116e+05 8.928788125372369541e+05 2.078698715524526080e+06 8.135510031065337360e+06 1.705150644120010082e+06 2.052802026566663117e+05 6.419361831814813195e+05 4.892225696437500301e+05 3.145669027556612855e+05 2.358839076782462653e+05 4.476348082102991611e+04 1.568389691323667066e+05 3.249425503793336684e+05 1.771428647760188323e+05 1.501829348027223314e+05 1.706560663016030740e+05 1.053487845810788858e+05 1.224895300039542635e+05 2.345276564902990940e+05 7.888449033399306063e+04 8.703006535987336247e+04 2.405175677449300129e+05 2.182863670251111325e+05 5.954505104629204288e+04 1.477999231019941217e+05 1.518737962293611199e+05 1.779168070042273321e+05 1.408362593163046695e+05 1.012211495779947581e+05 1.574967978924640920e+05 1.748036404700657586e+05 1.483407086527204665e+05 1.968373336162413179e+05 1.325293671309532365e+05 1.430372912412051228e+05 5.341024072083142528e+04 1.429362690853408130e+05 1.099120444562205666e+05 1.746426815731423849e+05 1.766157209586809040e+05 1.134627254511568462e+05 8.971976227497552463e+04 7.616471928319556173e+04 1.013966505047741521e+05 9.215128435994571191e+04 1.024063795103245793e+05 1.368504756695173564e+05 1.101232168336067989e+05 1.245289024018585478e+05 8.358262598688332946e+04 9.050614191927775391e+04 1.111244984931403742e+05 1.702687646968850136e+10 2.360246615625794373e+11 4.853997453668280640e+11 9.544217182021984863e+11 8.397437316219561768e+11 5.466157191872137451e+11 7.435420588361326904e+11 4.006445710927891235e+11 5.994881299625622559e+11 3.336377002830310669e+11 -9.708981385221660156e+11 9.107825179474968262e+11 -8.043070657597093201e+10 4.135611316145260010e+11 3.027159781765010986e+11 7.479974397163836670e+10 1.838515604908688965e+11 2.244208027657277222e+11 1.314014849541273499e+11 2.344414067567960938e+12 -7.770837045748653564e+11 4.461897026552231445e+11 2.774895162608440552e+11 2.678241450117641068e+10 2.990359607920402222e+11 1.529226869883508606e+11 9.180828124451654053e+10 1.217086341334692230e+11 2.045909577731546021e+11 1.594869891508430786e+11 1.446073305538359451e+10 -2.216258374817390823e+10
1.177183632534904173e+06 6.408397017909910064e+05 -1.033404736333068460e+06 1.534050239592318540e+05 6.393510559158153774e+04 4.623790781834352529e+05 1.705150644120010082e+06 5.388810108858018182e+06 9.866005537866151426e+05 3.534340832332324935e+05 1.348665672792721307e+05 8.626389720727113308e+04 -3.887530966309956420e+04 4.512522122817021591e+04 2.695530067370614779e+04 6.837481500788057747e+04 2.000528505469048396e+05 1.061643354797022621e+05 7.702800583821188775e+04 1.073264763739502232e+05 9.816509770442005538e+04 4.040918955719012592e+04 4.183027467673939827e+04 4.811253297868760274e+04 1.579764962401689554e+05 5.294446880185170448e+04 1.530779369145984856e+04 9.464921807430819899e+04 9.510739113046361308e+04 8.299484355494455667e+04 7.093375109784418601e+04 7.535514690334926127e+04 1.208334909499770292e+05 1.135012554070423357e+05 5.482739261027915927e+04 6.158940128361913230e+04 7.839953310202462308e+04 7.331998287004930899e+04 4.971831991051194927e+04 9.320027052450309566e+04 4.966727842216276622e+04 6.669636778766772477e+04 8.903730479833959544e+04 8.715683850247031660e+04 6.847892861289314169e+04 3.985103789980960573e+04 6.963166959266237973e+04 5.500345689392221539e+04 7.080349086133067613e+04 8.919990177329607832e+04 3.938340165672714647e+04 5.760066912435023551e+04 6.689681372742103122e+04 1.042009806964868476e+05 7.691099304910072533e+04 2.866349146829562378e+10 -8.418937520081060791e+11 -1.146533612164054260e+11 2.437460703932474976e+11 -1.307865980444073486e+12 2.887440750081819458e+11 3.341090539705269165e+11 2.805628102664744263e+11 3.416235567012144775e+11 6.119678404079609375e+11 -1.104223455686187592e+11 4.367383777959090424e+10 4.262144326556875610e+10 2.643982969919993896e+11 3.551419293334921265e+11 -4.456991333111605072e+10 6.391932429512989044e+10 1.260632742581651306e+11 1.954022553751008749e+09 -1.998972373082143250e+11 -7.013097203680554199e+11 2.439708256919570618e+11 3.332218829452393799e+11 -1.201090642522950592e+11 5.573785538284626007e+10 1.527190101251562805e+11 -2.629213197834357738e+09 1.866409444859571457e+10 1.966248160413639832e+10 1.955914445140097351e+11 -3.421981862990953445e+10 4.817256151091841698e+09
4.278432537387936609e+05 5.840739482590029947e+05 8.636690749057329958e+05 2.700147629268216551e+05 -3.070752390111167333e+05 1.342078745042282972e+05 2.052802026566663117e+05 9.866005537866151426e+05 4.327230147653236054e+06 9.019243731753724860e+05 1.211190216254063998e+05 9.859019328931464406e+04 1.115698480460348364e+05 2.252316141883559758e+05 2.037090792897137871e+05 1.304273383686935267e+05 -2.819882369645078143e+04 1.751653165782246215e+05 1.116567498615173972e+05 1.490199631062416011e+05 6.780824143429884862e+04 6.271051546463859268e+04 7.109788635918115324e+04 9.448976700256259937e+04 1.265186114944652363e+05 6.356866545013719588e+04 6.740016808247628796e+04 1.307840415714488918e+05 9.174204362999444129e+04 9.708360648185641912e+04 1.182445455278498703e+05 9.866404168397957983e+04 9.279946045150881400e+04 7.005694448003082653e+04 1.077455780125021702e+05 7.918704193458257942e+04 9.094011292188650987e+04 1.136148238797431259e+05 1.199138725348051958e+05 8.791517251713045698e+04 8.871678324058817816e+04 6.291749295763992995e+04 9.537467044767300831e+04 8.623650406823039521e+04 1.178055550955007493e+05 7.466541938483947888e+04 9.118869519224882242e+04 9.953079275595214858e+04 9.949315565217869880e+04 6.074941848385818594e+04 6.950595048318934278e+04 1.149033183809148904e+05 1.030818353257830313e+05 1.188639867503766291e+05 8.870644127800590650e+04 1.070165467317858887e+12 6.946336274646102295e+11 1.181710528877236557e+10 -1.839211599467705994e+11 -1.433488790292897461e+12 3.716845933443635254e+11 1.755884877052391052e+11 3.899783653155079956e+11 3.048217834453176880e+11 5.593491253410239258e+11 -1.268660842446746979e+11 1.259597108078474426e+11 2.420246688325325928e+11 1.306026212918553162e+11 3.357292312589281616e+11 1.516675854327778053e+10 1.853323145863819122e+10 1.372044507979960022e+11 2.101093835253652191e+10 -2.710805701830919189e+11 -6.630774045455313721e+11 2.464823350030511169e+11 3.575818461106407471e+11 -2.392928382383203506e+08 3.182066199398115158e+10 1.715235338790303345e+11 -2.425385789538579941e+10 8.815075965000503540e+09 -7.514515059689251709e+10 1.570476113875492249e+11 -3.523702380499485016e+10 -1.201076654546245337e+09
-6.315621875460890587e+05 -1.649240573968798271e+05 2.441555747409274918e+05 -1.211222065126999223e+05 -1.157514673814929301e+04 1.400450127724724589e+05 6.419361831814813195e+05 3.534340832332324935e+05 9.019243731753724860e+05 3.170391026088056620e+06 7.970440934777655639e+05 1.881309816795435327e+05 5.908811473724235839e+04 1.745174987735286413e+05 1.751274177362108021e+05 1.660209882143979776e+05 1.031714748265396775e+05 1.663297293242011801e+05 2.326023585736078094e+05 2.176927542639612511e+05 1.260463219418801018e+05 1.539719540221139323e+05 6.112357858202073839e+04 4.596655091361744417e+04 1.058791258080753760e+05 1.214378252651448274e+05 8.357972040132198890e+04 1.538674108374556236e+05 9.976615879597980529e+04 5.321014621480224741e+04 1.474351965390233672e+05 9.683564486062724609e+04 8.887037121275984100e+04 1.035487858149815002e+05 8.351197336895023182e+04 8.819032378117986082e+04 1.271710217564473860e+05 1.031032320875037694e+05 9.713159379232066567e+04 1.035727049045517051e+05 1.088629901657414594e+05 1.318994877603421919e+05 1.005832212404396414e+05 1.129373765924681938e+05 1.010821125544809911e+05 7.648661260037870670e+04 8.409088862934586359e+04 1.042189499960978865e+05 1.133415743031752354e+05 1.127111235977352626e+05 1.024035144789203041e+05 1.137013595493156754e+05 1.039260218559228815e+05 1.028783515642368729e+05 1.025923545204872935e+05 -1.514492393132301025e+12 -2.743560644369154739e+10 -3.328474103890413666e+10 -5.348792841195207977e+10 -8.428347988399062500e+11 8.933192829437142944e+10 2.240275083494285583e+11 1.939149746149821854e+10 1.344135847160628815e+11 1.953560253165643005e+11 6.472211805263837891e+11 2.284492448903998413e+11 2.511995681564028931e+11 1.571470676673827820e+11 1.898007791172723999e+11 -5.867983273105107117e+10 8.535470326327024841e+10 1.243093806276851044e+11 1.287762544154975586e+11 -5.637182835859468994e+11 -7.517113340123670959e+10 1.685949265463597717e+11 1.433888966864195251e+11 -8.170728186557885742e+10 3.362193291006752777e+10 1.049220792972156982e+11 7.950018380730926514e+10 -6.184863787788808441e+10 -2.168820513237712097e+10 5.010217785809456635e+10 1.267329555109029007e+10 -2.430408077719920731e+10
-1.566193708000084385e+06 -1.860432361170508666e+05 2.867813808904975303e+05 -4.899703958328936278e+04 -4.526506215215434167e+03 7.148687958333847346e+05 4.892225696437500301e+05 1.348665672792721307e+05 1.211190216254063998e+05 7.970440934777655639e+05 2.649672841778685339e+06 6.859803900278088404e+05 1.823608578787462611e+05 1.050125783857460337e+05 3.176161080144572406e+04 1.285663496309416223e+05 2.072772461341163726e+05 1.034261828185850754e+05 1.073981917767431878e+05 1.254419679417216248e+05 1.426301844574311108e+05 1.336209794109393843e+05 1.269505055919111765e+05 8.179572754719776276e+04 6.169082136398492730e+04 8.695153611474884383e+04 9.384511829425573524e+04 1.393247148809688224e+05 4.747627045571053895e+04 5.170704115863617335e+04 1.323922205652764824e+05 1.326605682258240995e+05 9.116435347683072905e+04 5.732766987369743583e+04 7.465846137673335033e+04 8.493184485466696788e+04 5.430087279181842314e+04 5.452963063042320573e+04 6.598478582588727295e+04 9.145574598455663363e+04 1.060841623984442558e+05 1.164192752345078770e+05 8.848013473571350914e+04 1.088344787115472864e+05 6.204134964428802050e+04 7.820769647091977822e+04 8.740158639423572458e+04 8.491648932434018934e+04 7.369811480725901492e+04 7.899717838344941265e+04 6.668923193755927787e+04 9.143250293257422163e+04 7.741682847894060251e+04 5.766132454793179204e+04 8.715985895155102480e+04 7.419313213892817383e+11 9.146559199445075989e+10 3.229881060027924194e+11 2.021368240774130249e+11 -2.885835768303231812e+11 -1.073361857141185913e+11 1.058608187984848328e+11 3.333261304065793610e+10 3.203069899921730518e+09 8.721700916656124878e+10 -1.070050269872455078e+12 2.097633802872296143e+11 1.772327939512144775e+11 1.766980819537926025e+11 1.294955054081765594e+11 3.322692774326702881e+11 1.544498119061003418e+11 1.499978976911804810e+11 2.480912332415394897e+11 -4.098472204753542480e+11 -2.026585353396595764e+10 -1.399580596293432236e+10 7.328118151006750107e+09 6.185861822240335083e+10 1.015997359214111786e+11 1.024577651328078308e+11 1.715436145421637878e+11 7.707635403164468384e+10 -6.611673146627305031e+09 1.372887660553920174e+10 8.527691739093583679e+10 -2.382463209793746185e+10
-1.920234667220849078e+06 -6.275376757317508600e+04 -3.562051387030052138e+05 -3.601061812736198772e+05 1.721145552210645401e+05 3.272808535586581565e+05 3.145669027556612855e+05 8.626389720727113308e+04 9.859019328931464406e+04 1.881309816795435327e+05 6.859803900278088404e+05 2.066757567377159372e+06 6.644570393095978070e+05 1.695092982285011676e+05 1.799019272290730732e+05 6.096904834483273589e+04 1.081538979951910733e+05 9.075340890693466645e+04 9.989306846440739173e+04 1.075635340849498170e+05 1.191878371527262643e+05 9.487387064104106685e+04 1.173329964861733752e+05 8.314881685245639528e+04 6.358422464381236205e+04 7.915337035533683957e+04 8.563492968150161323e+04 1.431824403245706926e+05 6.739193366515656817e+04 7.598169948646546982e+04 1.175519343089815666e+05 1.162181848547235277e+05 1.170525954960250529e+05 9.229370176215858373e+04 9.849533506010104611e+04 1.064131369347316504e+05 8.672479440157470526e+04 7.311908603250375018e+04 5.801983351429199683e+04 7.418871469749197422e+04 9.749575389777706005e+04 9.071993137494151597e+04 1.124901152087719674e+05 8.805946213755359349e+04 8.045325145425887604e+04 9.190470489370536234e+04 1.077244085225346498e+05 9.846748427283139608e+04 8.295577049739009817e+04 9.028390696837933501e+04 9.351495072652252566e+04 1.164098832251253334e+05 1.029038563471520611e+05 9.160970579722773982e+04 8.770888731043974985e+04 -8.567643198825572510e+11 2.881105074309475708e+11 -5.712116925032082558e+09 2.081757594015038757e+11 -4.756490322227500000e+11 2.953869503150866699e+10 1.097046494780304718e+11 1.023184540374403381e+11 -1.293377400786394882e+10 8.291128181772549438e+10 5.120009776256112061e+11 1.187367324102720184e+11 5.308077455728321838e+10 1.435235323250243530e+11 9.226996051179858398e+10 2.445242886481870728e+11 2.011701111302142639e+11 1.741065973836018677e+11 2.049086648847016602e+11 -2.938255830368867798e+11 1.911156441030157166e+11 -1.718195713807101440e+10 -2.605179953604212570e+10 1.235237741560934906e+11 8.708128946576301575e+10 8.547416029780767822e+10 1.751525965611096802e+11 -3.728808759060368347e+10 5.630151224912717438e+10 3.383751737435963058e+10 6.654748901342145538e+10 -7.333794112235898018e+09
-5.430934403222096153e+05 1.392409803553631646e+05 -3.383598799208509736e+05 -1.260670353888124664e+05 9.243692457750595349e+04 2.639474317565661622e+05 2.358839076782462653e+05 -3.887530966309956420e+04 1.115698480460348364e+05 5.908811473724235839e+04 1.823608578787462611e+05 6.644570393095978070e+05 1.881311734309091000e+06 5.296363824996135663e+05 1.729704367510437733e+05 4.721396316664553160e+04 1.476688618121763866e+05 1.298136892441187811e+05 9.675138928149522690e+04 1.526039776155836880e+05 1.498596131518888869e+05 7.126735582545764919e+04 1.294197220642936009e+05 1.075135127966336586e+05 1.025901056709154655e+05 8.488366297747009958e+04 1.169443193445674551e+05 1.063199674571133801e+05 8.780372236845031148e+04 5.240139072183659300e+04 6.501751728471121896e+04 9.589253369458508678e+04 7.366654676275866223e+04 7.567659892041793501e+04 1.038506108457090595e+05 7.641134992470830912e+04 9.579455503433391277e+04 7.282235434363411332e+04 5.937320560955988913e+04 9.303447367907792795e+04 1.014421157455830835e+05 8.670282751594645379e+04 9.829503437489859061e+04 8.870263259781552188e+04 8.188944814926503750e+04 6.520486982302064280e+04 7.470959826490459091e+04 7.304711173529685766e+04 8.193457107911807543e+04 8.645841273759522301e+04 7.270393124970074859e+04 8.423317392739925708e+04 8.434906199523425312e+04 5.497491137832820823e+04 6.647952559695010132e+04 1.018161404960010010e+12 4.955778348804460449e+11 2.736369396429636002e+10 1.594343329480166931e+11 -2.006375265719669800e+11 2.736633823149631500e+10 2.378796825270066738e+09 -6.723797583798346710e+10 2.966247285725867081e+10 8.372237491789027405e+10 4.619913872634122314e+11 7.606685021341271973e+10 -6.583539928483657837e+10 6.119165118725201416e+10 2.859101895531991577e+10 2.281087992448067932e+11 1.255491646806032410e+11 8.799083458845657349e+10 1.078317077933963318e+11 1.430738683918093750e+12 2.162347085480298462e+11 1.098631667614573364e+11 -1.752807649089108706e+08 1.761185652780935059e+11 9.121826656376232910e+10 7.561755246839247131e+10 1.298638375319854279e+11 4.504616749360319519e+10 6.112858070480773163e+10 8.762997885347123718e+10 9.003158601688864136e+10 8.680373770531831360e+10
8.212321692239979748e+05 2.267387203342226276e+05 6.124668138399547024e+04 1.385166619979970856e+05 -9.809667332625230483e+04 1.327988296684713569e+05 4.476348082102991611e+04 4.512522122817021591e+04 2.252316141883559758e+05 1.745174987735286413e+05 1.050125783857460337e+05 1.695092982285011676e+05 5.296363824996135663e+05 1.599154615334526403e+06 3.464177435203003115e+05 1.845682368242892844e+05 1.636379569762407336e+05 1.330276844355916837e+05 1.326714459333363047e+05 1.795009648145392712e+05 1.044718947938373603e+05 8.162547894282819470e+04 1.083734282217944710e+05 1.277007872473299794e+05 8.929635465604939964e+04 7.222550244893266063e+04 9.139200678025058005e+04 9.024490679275069851e+04 6.318668995745840948e+04 9.402768998346538865e+04 8.484727279917195847e+04 6.612616184627071198e+04 7.064642895955032145e+04 1.053538848323660641e+05 9.832122946284829231e+04 7.730050014648956130e+04 8.482619409785934840e+04 8.525616054170897405e+04 6.335966978333402221e+04 6.876607874883459590e+04 7.414581270424761169e+04 5.765531296682518587e+04 6.034708607173948258e+04 7.992146035805997963e+04 8.339230709492128517e+04 6.483474594140832778e+04 6.022024401391596621e+04 6.723743734064698219e+04 7.220483446781556995e+04 8.709152594009593304e+04 7.389036388946772786e+04 5.377392991709491616e+04 8.753368691842208500e+04 6.836240186964358145e+04 6.775261795476809493e+04 8.518990009433018799e+11 -2.625287771650164032e+10 -1.433047572188854065e+11 -1.289678625123405609e+11 -1.135267486057179688e+12 4.873127171877680206e+10 -4.529817321101624298e+10 7.344718549289173889e+10 9.898785311053453445e+09 5.244508514448742676e+10 7.527004951908299255e+10 -2.580329266933097839e+10 7.644285681860313416e+10 -2.702641705071361923e+10 5.139573364577061653e+09 1.771179616000349731e+11 2.498921701293656158e+10 -2.040206086232294142e+08 5.092385679701951027e+09 6.144760190034287109e+11 2.424029774377334290e+11 1.187228544568692169e+11 4.811992504914021301e+10 1.058127812203445892e+11 6.263294786961380768e+10 5.693500705349462891e+10 5.808546229684507751e+10 1.938773893679082642e+11 9.976580723332560730e+10 1.138017395679298706e+11 9.291465496000277710e+10 1.294412694770688782e+11
-1.905595866271366365e+06 -5.511040141604784876e+05 -8.007699464631616138e+05 2.747589668389876024e+05 1.457094237560069632e+04 1.020196103497157019e+05 1.568389691323667066e+05 2.695530067370614779e+04 2.037090792897137871e+05 1.751274177362108021e+05 3.176161080144572406e+04 1.799019272290730732e+05 1.729704367510437733e+05 3.464177435203003115e+05 1.294747329449546291e+06 4.213718974692084012e+05 1.750290227424325712e+05 1.713426201270479069e+05 1.373792478803486447e+05 1.429911579499812215e+05 1.379457269045903813e+05 1.038144001913197280e+05 7.731167381810644292e+04 9.103658158449099574e+04 1.296226169208640058e+05 8.519503271795740875e+04 1.027687895105562493e+05 9.470197483617259422e+04 9.412960060156957479e+04 1.031602170763419417e+05 9.669116200109975762e+04 1.025232094586872117e+05 9.230164039611654880e+04 9.034548475236662489e+04 1.040708122365903982e+05 8.710668350155939697e+04 1.032365979008505819e+05 7.447706394104185165e+04 8.756298260907779331e+04 7.954574682525907701e+04 9.270416923258072347e+04 9.784381645426798787e+04 1.067015234220842103e+05 7.931206046712749230e+04 9.261407092490269861e+04 7.148710654864335083e+04 8.130375653996893379e+04 8.752551980184506101e+04 8.486866446918841393e+04 9.702531810789083829e+04 8.593711915346886963e+04 8.298529585984886216e+04 9.527956077116269444e+04 8.746923907209724712e+04 7.995960090807362576e+04 -2.116364647031658020e+11 5.853637093240303040e+10 -4.796236966744242859e+10 -1.278098103675421906e+11 -9.560836899265002441e+11 4.548532163367429733e+09 -2.361142956290454388e+09 -5.732571096397044373e+10 -1.952821725474306345e+09 -1.136466597307411385e+10 8.227365938796951904e+11 -9.050749429883639526e+10 -4.019425221584114075e+10 9.183009753839658737e+09 1.842502794284075022e+09 -8.935883743203837585e+10 3.128149391324824810e+09 1.503955539239843369e+10 -8.211341348434884071e+09 -8.786635802464048767e+10 3.502940296161957397e+11 6.143687783651719666e+10 6.090422888066365814e+10 -4.767075191030797577e+10 8.150410451237976074e+10 6.399441383281336975e+10 3.579375229406276703e+10 4.394241474337342072e+10 9.026707592757891846e+10 1.059419236038882446e+11 7.126532589699169922e+10 1.121045671536521912e+11
-1.593042002878563071e+05 -5.765993086519645294e+05 -4.663049219212707249e+05 1.400814643407571130e+05 1.640943621072484893e+04 2.041628424903112464e+05 3.249425503793336684e+05 6.837481500788057747e+04 1.304273383686935267e+05 1.660209882143979776e+05 1.285663496309416223e+05 6.096904834483273589e+04 4.721396316664553160e+04 1.845682368242892844e+05 4.213718974692084012e+05 1.140286721310023451e+06 3.152534307296974002e+05 1.335692212009512004e+05 1.258609855094193481e+05 1.763557182482323551e+05 1.152294437183451810e+05 1.118588602016281511e+05 1.108051758358046936e+05 1.398239412143668451e+05 1.276618908952217753e+05 7.753955200912132568e+04 9.519627529018015775e+04 1.164499828015773819e+05 7.910062162989954231e+04 1.029727350886452768e+05 1.046015675272030057e+05 9.832901629618753213e+04 9.081855441285193956e+04 8.045057902937899053e+04 7.972650074534115265e+04 9.435142152533332410e+04 9.342636378068450722e+04 8.383428193311901123e+04 9.863770628920401214e+04 7.985290050596186484e+04 9.947661025168016204e+04 8.631404781510091561e+04 9.366330647151789162e+04 9.226812147903311416e+04 8.098638904438485042e+04 8.752643909223066294e+04 8.735469426262503839e+04 9.287674636986314727e+04 7.973583031439525075e+04 9.563577984465703776e+04 8.702514949476550100e+04 8.277566234712579171e+04 7.803124551395293383e+04 6.778082766978439759e+04 1.001661755763881665e+05 -6.180473563303749084e+10 2.186392618393402710e+11 -1.416570346520735779e+11 -1.305863565765255585e+11 -1.191977413381372559e+12 -2.080556545986850357e+10 -2.179541079019169235e+10 -1.557786547429172974e+11 1.293161087303927898e+09 -1.782440739863735199e+10 -3.600411840390708008e+11 2.540011782237641525e+10 -6.383458346474128723e+10 -1.783733443898669052e+10 -2.185845964948307800e+10 -6.606766457341619873e+10 4.150942992358960509e+08 -1.494937885409416199e+09 -1.706796062676399612e+10 -2.323472550629535675e+10 -5.616411057010970306e+10 4.061690590688320160e+10 9.627663786344942093e+09 -8.948520085368458557e+10 3.527991394213005829e+10 3.133774009586004639e+10 1.619078418149545288e+10 -9.472234571912129211e+10 2.506145258879189301e+10 5.611098215721952820e+10 4.244083861376504517e+10 7.235549262296209717e+10
-5.677755850353148999e+05 -8.461150901113247965e+05 -1.620928663424498809e+05 1.258412451415709947e+05 -1.244253622898985341e+05 2.236007701747258761e+04 1.771428647760188323e+05 2.000528505469048396e+05 -2.819882369645078143e+04 1.031714748265396775e+05 2.072772461341163726e+05 1.081538979951910733e+05 1.476688618121763866e+05 1.636379569762407336e+05 1.750290227424325712e+05 3.152534307296974002e+05 9.755096456610369496e+05 2.704244472679687897e+05 1.634759969985677744e+05 1.719779487860534864e+05 1.075867967749988020e+05 1.274348622024293727e+05 1.571664418549924740e+05 9.994828097811828775e+04 9.822148012094853038e+04 7.193828552228247281e+04 8.088421414358125185e+04 1.020598225099425617e+05 1.015026404362789035e+05 1.007868436714600684e+05 9.398222879807371646e+04 9.779426852381615026e+04 8.795610079153793049e+04 9.622785847226080659e+04 9.493440801651608490e+04 8.811226064721550210e+04 8.342149685907269304e+04 7.618712849858490517e+04 8.165045845219938201e+04 8.989849268687235599e+04 8.637936323545871710e+04 9.258288182102786959e+04 8.647222118993871845e+04 8.677542519420292228e+04 6.902367675660381792e+04 7.270289741596026579e+04 7.766413555100662052e+04 8.518040883464524813e+04 6.643801416470609547e+04 7.495352858582574117e+04 8.369498630520254665e+04 8.469238216305484821e+04 7.969882729827702860e+04 6.918954321375204017e+04 7.876216242193424841e+04 -1.636847737622107239e+11 -3.125883946487323380e+10 -4.196265670171582794e+10 -4.237382967316703320e+09 -1.004051936758616211e+12 -1.371738322717074585e+11 3.146186645382796860e+10 -1.105003996153705444e+11 -5.242263070471510315e+10 -3.919425629548261261e+10 -3.529459056796928101e+11 8.418661260494036674e+09 -9.307631881381478882e+10 -1.293000880287989044e+10 -1.215954575301110840e+10 1.451191010932410812e+10 -3.366391462611353683e+10 2.316631508324989319e+10 -1.415153734705430031e+10 -3.453808845169329224e+11 2.666629220935028687e+11 2.151991223450358391e+09 -2.076401649151620483e+10 -2.049929044043518066e+10 1.339559574172568321e+10 2.689676886414278507e+09 2.545075344266381836e+10 -5.103591828457471466e+10 -6.739448960943998337e+09 1.774375358198665619e+10 3.033692332412173843e+10 2.715735044020749664e+10
-1.342835929091306636e+06 -5.838366537571921945e+05 -5.026345812669550069e+05 5.370343878387675068e+04 5.686829788356957579e+04 9.466379496010692674e+04 1.501829348027223314e+05 1.061643354797022621e+05 1.751653165782246215e+05 1.663297293242011801e+05 1.034261828185850754e+05 9.075340890693466645e+04 1.298136892441187811e+05 1.330276844355916837e+05 1.713426201270479069e+05 1.335692212009512004e+05 2.704244472679687897e+05 7.795828292349281255e+05 2.749987924021176877e+05 1.468071771941265033e+05 1.151881257814065466e+05 1.008022636751035898e+05 8.764202101321965165e+04 1.037815096716656553e+05 8.659911737485544290e+04 6.967390724391641561e+04 8.076879486785286281e+04 8.200668600644152320e+04 6.014546677535873459e+04 8.446609152728314803e+04 8.940827180993102957e+04 1.015170477366758714e+05 8.269547126312238106e+04 7.456047305838407192e+04 7.505559646464616526e+04 5.239867957825565099e+04 6.573151944451675809e+04 6.263662462425867125e+04 7.768715724550795858e+04 7.662968024316613446e+04 7.914602324973823852e+04 6.776267429404928407e+04 7.462984184068345348e+04 6.911544825619822950e+04 7.682467182026790397e+04 7.158753892713149253e+04 6.889624450031999731e+04 6.936257288610863907e+04 7.867563970727684500e+04 7.495540105392027181e+04 7.012945278570638038e+04 7.316273097661495558e+04 6.864698039780309773e+04 7.628627997650986072e+04 7.880546775390501716e+04 -3.432280141198456421e+11 -2.095325920822901154e+10 -4.298597859752762604e+10 -5.524551169130746460e+10 1.496420241012878723e+11 -1.119510318039467010e+11 -3.272983708819033432e+10 -2.242334709980919266e+10 1.866317232803478241e+09 1.127987096307916260e+10 1.691122423852388916e+11 -2.609679207078904724e+10 -5.453422295167520142e+10 -2.464366410779114914e+10 2.412111032945497131e+10 3.736882684775047302e+10 -8.906307153368486404e+09 -2.928058355231233120e+09 3.823024801321283340e+09 -2.001325023709527588e+11 2.987362613074294662e+10 -3.638000581564142108e+08 -1.833391116111834335e+10 -4.921937425440454102e+10 7.974013314803712845e+09 1.386627861779806137e+09 1.632833870646353340e+10 -2.867928451764753723e+10 -2.821527541300162888e+10 -1.491182590448825645e+10 1.331438410588394403e+09 1.358145092578268766e+09
1.512298732822972233e+05 -1.257483585553626617e+05 -1.378320622227372369e+05 -1.813294301381514233e+05 -4.204582437698902140e+03 6.167477270798201789e+04 1.706560663016030740e+05 7.702800583821188775e+04 1.116567498615173972e+05 2.326023585736078094e+05 1.073981917767431878e+05 9.989306846440739173e+04 9.675138928149522690e+04 1.326714459333363047e+05 1.373792478803486447e+05 1.258609855094193481e+05 1.634759969985677744e+05 2.749987924021176877e+05 7.574873527349310461e+05 2.592111421481356665e+05 1.554944218803587428e+05 1.056402926410309301e+05 1.477901104605612636e+05 1.204524878535182070e+05 7.937914071540474833e+04 9.021639924666547449e+04 9.382975964567043411e+04 1.088097775981939049e+05 9.736371908203673956e+04 1.002632980404061527e+05 9.833444446418342704e+04 9.592071241803937301e+04 8.585825354847095150e+04 9.145869448410079349e+04 8.602486058587451407e+04 8.779747067869563762e+04 7.376683757107450219e+04 8.703827278038230725e+04 7.532653320274986618e+04 8.857902078452659771e+04 8.095549463327709236e+04 8.241156867755512940e+04 6.806327571902955242e+04 8.134914873378687480e+04 7.953723217984402436e+04 7.816036050538452400e+04 8.334423766553726455e+04 8.354735857587876671e+04 8.881974867312989954e+04 9.341683245352959784e+04 8.875925753898800758e+04 8.414369726188531786e+04 7.103523314277656027e+04 8.643194779587385710e+04 8.149433347889517609e+04 2.175689915120749207e+11 2.123181642012089539e+11 9.246069051329562378e+10 -7.242145140048439026e+10 -8.269082734262976074e+10 1.464083600423224926e+09 -8.969253031104034185e+08 5.971227907965643311e+10 -2.387915334773567581e+10 6.548033726590958595e+09 -5.136501305895943604e+11 1.557610764580637360e+10 2.209142627965248871e+10 -1.352680264082351112e+10 2.264820520924805641e+09 -6.664097942435455322e+09 5.038258387012023926e+09 2.154375631619005966e+10 -8.963874429119014740e+09 -1.977432332399185791e+11 -3.767357777233032990e+10 2.594431682649235249e+09 7.546034060926712036e+09 -3.301368772572164154e+10 -9.815781609192083359e+09 -2.950757441325525761e+09 2.844181355314066696e+10 1.349753883476169968e+10 4.157854023554491997e+08 -2.995147473744228363e+09 -4.348642956911366463e+09 2.127402692958394623e+10
-6.278026782451581676e+05 -1.352071353622914758e+05 4.973906228056484542e+04 7.277723950687692559e+04 1.560994405379256059e+05 8.839653030917700380e+04 1.053487845810788858e+05 1.073264763739502232e+05 1.490199631062416011e+05 2.176927542639612511e+05 1.254419679417216248e+05 1.075635340849498170e+05 1.526039776155836880e+05 1.795009648145392712e+05 1.429911579499812215e+05 1.763557182482323551e+05 1.719779487860534864e+05 1.468071771941265033e+05 2.592111421481356665e+05 6.763359334280509502e+05 2.019498972450716246e+05 1.319726810272784787e+05 1.417350400786192622e+05 1.327964627083412488e+05 1.309595489779202180e+05 1.153310301648932655e+05 1.030986199418332981e+05 8.980858871061982063e+04 1.109338226764881692e+05 1.098706238393593521e+05 1.206845197418439056e+05 1.054986546249069070e+05 1.022325568811297999e+05 1.046733036898543942e+05 9.920591533534087648e+04 9.076560444626453682e+04 9.639466111156810075e+04 1.010947160582182551e+05 1.077282230713464232e+05 1.033656789255288895e+05 8.446928863198278123e+04 9.611564892105541367e+04 9.299285416970925871e+04 9.287938697584244073e+04 9.178996819371679157e+04 8.903484568817475520e+04 8.959686645014461828e+04 8.849272347140905913e+04 9.220926860012474936e+04 9.327366919225068705e+04 9.714408572853491933e+04 8.868772752254882653e+04 9.226396903101586213e+04 8.807220571405079681e+04 8.656395201313980215e+04 -2.167452746137483521e+11 3.148734355434783325e+11 5.508490014129327393e+10 -8.870941342660356140e+10 -5.072915473398651733e+11 4.701545243092864227e+10 1.462546594306967354e+10 -1.732312894265805817e+10 -6.275867661979480743e+10 -8.952223471501289368e+09 5.960012670870679474e+10 8.189498964689604187e+10 -2.970460232351279736e+09 5.225027836426566124e+09 1.124739558598543930e+10 -2.241703797580498886e+10 2.767428559047326660e+10 1.339745564496036530e+10 -2.199868760780084610e+10 5.167892965747434616e+09 -2.070875797278629303e+10 6.177834707793037415e+09 -1.424121501576903343e+10 2.106981796415382767e+10 -1.572658751404663849e+10 -3.738147641191679984e+07 1.010475105744781494e+10 -3.488821735407247925e+10 -5.369765060186571121e+09 1.344092398750535774e+10 3.076467558042658806e+09 1.153822164161046743e+09
6.286001916929250001e+04 4.047160787336249487e+05 1.670524842089010635e+05 2.141518527429039241e+05 1.942945035090057936e+05 1.670160046750435431e+05 1.224895300039542635e+05 9.816509770442005538e+04 6.780824143429884862e+04 1.260463219418801018e+05 1.426301844574311108e+05 1.191878371527262643e+05 1.498596131518888869e+05 1.044718947938373603e+05 1.379457269045903813e+05 1.152294437183451810e+05 1.075867967749988020e+05 1.151881257814065466e+05 1.554944218803587428e+05 2.019498972450716246e+05 5.782331302254720358e+05 2.188924917366021837e+05 1.289940412497058278e+05 1.210865906955200771e+05 1.033421553224744857e+05 8.045322129889774078e+04 7.651505408941696805e+04 7.917598662683046132e+04 9.613908579756424297e+04 8.716804029182305385e+04 9.148377267003405723e+04 9.152444112867195508e+04 8.538102113218496379e+04 8.642595388746363460e+04 7.477584339439275209e+04 7.343906961521061021e+04 7.959438030145061202e+04 7.189955380520866311e+04 7.807385470409096160e+04 7.639050051180543960e+04 7.820018312555145530e+04 7.910490383709302114e+04 8.254583955531338870e+04 9.454436574665113585e+04 7.609155178329683258e+04 7.770819385540505755e+04 8.356132094297208823e+04 8.612710644312409568e+04 7.422785714385466417e+04 8.185391434965968074e+04 7.844423638828120602e+04 8.491126594745567127e+04 8.039661864597241220e+04 8.175634604620482423e+04 8.170556663651263807e+04 1.040422986163315277e+11 2.271769952754890442e+11 4.763227745572595596e+09 -3.918078806208638763e+10 -3.683417558765598755e+11 4.449216999404131317e+10 2.597142708835212708e+10 -6.936813608634474182e+10 -4.711395562161312866e+10 -1.132177472498978615e+10 3.031727311887771606e+11 -1.933801297340773392e+10 -1.671617015467880821e+10 2.465161521051148224e+10 6.022844026631760597e+09 -5.288961060357296753e+10 1.878526338386818695e+10 2.523506388842033386e+10 -8.262486797372632027e+09 -4.078406713441535645e+11 7.880095116592196655e+10 3.695900459449399567e+10 1.022009963495784760e+10 -6.430528860681550503e+08 2.062234444209604645e+10 -3.857887721614696503e+09 2.830485583529618454e+10 -3.474099108917237520e+08 1.298762441593522280e+08 1.540471275058917999e+10 1.249379089497737503e+10 2.387648782749219131e+10
-1.030560940118130762e+06 -3.001733893912715212e+04 2.439548293332607864e+04 1.814629655468724377e+05 2.194411767496695975e+05 6.931252022907632636e+04 2.345276564902990940e+05 4.040918955719012592e+04 6.271051546463859268e+04 1.539719540221139323e+05 1.336209794109393843e+05 9.487387064104106685e+04 7.126735582545764919e+04 8.162547894282819470e+04 1.038144001913197280e+05 1.118588602016281511e+05 1.274348622024293727e+05 1.008022636751035898e+05 1.056402926410309301e+05 1.319726810272784787e+05 2.188924917366021837e+05 5.574114461732140044e+05 2.217971446759803221e+05 1.035933364697760553e+05 9.470657176604571578e+04 9.482749289873354428e+04 8.868407301497875596e+04 9.508849037995222898e+04 9.801681269970956782e+04 1.068861294763914630e+05 9.270468024727269949e+04 1.054235147644605022e+05 1.039412972482381010e+05 9.893145230409513169e+04 8.946551081346443971e+04 9.092547383544860350e+04 8.353339620657623163e+04 7.697741433811678144e+04 7.770183249650702055e+04 9.827411506689000817e+04 9.382950067246025719e+04 9.196192288011456549e+04 8.672716083782511123e+04 9.042869207864593773e+04 8.822142751096768188e+04 7.887292712570114236e+04 9.372304701311723329e+04 9.795711945933496463e+04 8.024364486105612013e+04 9.543714935504831374e+04 9.180002453547716141e+04 9.555280287421340472e+04 8.135980780280963518e+04 7.764232459488531458e+04 7.770654413994684000e+04 -2.377462004525440979e+11 4.930612885082302856e+10 -6.104007226607263947e+10 1.144183884331862259e+10 1.335182531868643036e+11 -4.674911728065168762e+10 2.344045935448295975e+10 -6.061813422879631042e+10 2.780146182283248520e+10 -3.860463693324595642e+10 -4.102241607428566895e+11 -4.070206138928417969e+10 -2.956844348504765320e+10 -1.034210285771466064e+10 -1.368657525453103542e+09 -4.861385024525793457e+10 1.054762425410826111e+10 -8.823689509587863922e+09 -1.515857816850381660e+10 1.330785194650843353e+11 -7.143468267978324890e+10 1.217206951903609085e+10 1.104165036950417900e+10 -2.188777738017638016e+10 7.943625226906320572e+09 -2.147581664987726593e+10 -3.590418535769215584e+09 -2.391956758764581299e+10 -3.736585721438117981e+09 -9.017616465903881073e+09 1.415896878440950203e+10 8.541084356429832458e+09
4.643797545026472071e+05 1.578970634193425067e+05 2.326214984796218923e+05 2.060559900329861848e+05 7.946574655657239782e+04 5.005116555488805898e+04 7.888449033399306063e+04 4.183027467673939827e+04 7.109788635918115324e+04 6.112357858202073839e+04 1.269505055919111765e+05 1.173329964861733752e+05 1.294197220642936009e+05 1.083734282217944710e+05 7.731167381810644292e+04 1.108051758358046936e+05 1.571664418549924740e+05 8.764202101321965165e+04 1.477901104605612636e+05 1.417350400786192622e+05 1.289940412497058278e+05 2.217971446759803221e+05 5.262594031245585065e+05 1.996457314248131879e+05 1.004615142167830345e+05 9.439301169911643956e+04 9.023283758836871129e+04 9.952442681350049679e+04 1.096782882443707931e+05 1.016918556997207488e+05 1.034806079688123427e+05 1.071109355728439841e+05 1.034686896995686402e+05 9.464026452560715552e+04 1.003599854786448850e+05 9.773695756883137801e+04 9.784718691845776630e+04 8.173557071657387132e+04 8.886229898155416595e+04 9.391962551784724928e+04 8.851344970520021161e+04 9.143899558375365450e+04 8.553336443492441322e+04 9.506861586858129886e+04 8.875715253594875685e+04 7.842345304903594661e+04 8.752747021813530591e+04 8.966939683758188039e+04 7.644944188926780771e+04 8.969406363824426080e+04 8.403130493998454767e+04 9.167538177159735642e+04 8.710092775952101510e+04 8.350889693329467264e+04 8.406825788983257371e+04 7.814159659329754639e+10 1.771104809169648438e+11 -1.400114548129029846e+10 -7.706739777287762451e+10 5.594985478566287842e+11 -5.714554935819155121e+10 2.086621514374282074e+10 -4.416054911383973694e+10 1.488912885426391983e+10 -3.629842895255095673e+10 5.669265000802147675e+10 -4.494314628641016006e+09 -6.098801655171401978e+09 5.203769093634726524e+09 -1.981478043153880310e+10 -3.746319320822409821e+10 -1.916092100839411163e+10 -1.485173304054211044e+10 -9.328876484529544830e+09 -1.202730888569900055e+11 -3.472596453612518787e+09 -2.709053688839061260e+09 -2.355923555244807053e+10 1.159782672884516525e+10 5.625273445961289406e+09 -2.058885225123282623e+10 -3.154388050916529655e+09 -3.631068249229859161e+10 -2.107139190819513798e+09 -1.449809330038584948e+09 6.246539301327421188e+09 4.656421008401591301e+09
4.592317930174194626e+05 -1.225258701070731768e+05 7.599342871706763981e+04 1.908532220120416896e+05 7.327378819878171271e+03 -1.354644280168021032e+04 8.703006535987336247e+04 4.811253297868760274e+04 9.448976700256259937e+04 4.596655091361744417e+04 8.179572754719776276e+04 8.314881685245639528e+04 1.075135127966336586e+05 1.277007872473299794e+05 9.103658158449099574e+04 1.398239412143668451e+05 9.994828097811828775e+04 1.037815096716656553e+05 1.204524878535182070e+05 1.327964627083412488e+05 1.210865906955200771e+05 1.035933364697760553e+05 1.996457314248131879e+05 4.878716142031298368e+05 1.981904415087050293e+05 9.642104648237991205e+04 9.461070169590278238e+04 7.622778089312945667e+04 9.646705552364345931e+04 1.053193326221509633e+05 1.030213063733203307e+05 1.136937955330849509e+05 9.642966136282737716e+04 8.529402063705309411e+04 8.557643400824743730e+04 7.700222804838680895e+04 8.195856052132087643e+04 7.526055808660376351e+04 8.766670639003689575e+04 7.934149586209899280e+04 7.903535578562143201e+04 7.855933761661290191e+04 9.235475941865325149e+04 8.863834545455763873e+04 7.590346533124524285e+04 8.106468500260819565e+04 9.184790769079473102e+04 9.265716961376994732e+04 9.037379392318648752e+04 8.662348090750936535e+04 8.755209100666645099e+04 8.611285471517690166e+04 8.681434178654852440e+04 8.373007742782120476e+04 8.826542743798182346e+04 -5.446998839540471649e+10 1.515466909563471069e+11 6.765200106775697708e+09 2.937280377508439636e+10 1.336781505602001709e+12 -3.025891307689782715e+10 -1.556301359568604469e+10 -1.444760564539267731e+10 -1.751779507377433777e+10 -1.442135586502796364e+10 -2.588930259316691284e+11 4.136381530670119286e+09 -3.644820475291813660e+10 9.448021227275644541e+08 -7.778619251380327225e+09 -2.326496004708025360e+10 -3.916476469349219322e+09 -6.359815096920566559e+09 7.592997278609295845e+09 -5.807110815491366577e+10 -2.018107615104599609e+11 4.860921061518179893e+09 -1.261050474109347725e+10 2.123528030274127197e+10 1.515499932573645830e+09 -1.440282098824349976e+10 1.360324810757639885e+10 -2.649939235690748596e+10 -4.011543692945018768e+09 7.495570968948719978e+09 1.576690825719520187e+10 2.320201194362215042e+10
-4.627302981440965596e+03 7.943558919190462620e+04 -6.815303152336548374e+04 1.794418438096604368e+05 1.941390865600696770e+03 3.265955028897411103e+04 2.405175677449300129e+05 1.579764962401689554e+05 1.265186114944652363e+05 1.058791258080753760e+05 6.169082136398492730e+04 6.358422464381236205e+04 1.025901056709154655e+05 8.929635465604939964e+04 1.296226169208640058e+05 1.276618908952217753e+05 9.822148012094853038e+04 8.659911737485544290e+04 7.937914071540474833e+04 1.309595489779202180e+05 1.033421553224744857e+05 9.470657176604571578e+04 1.004615142167830345e+05 1.981904415087050293e+05 4.470343488618451520e+05 1.558961300523227546e+05 7.617610245102933550e+04 7.892748864962959487e+04 9.090027745366735326e+04 8.922393032762303483e+04 9.542483446924781310e+04 9.635337857111933408e+04 9.085435421979529201e+04 8.487856909298898245e+04 7.745396821643768635e+04 6.765071957990308874e+04 7.478207258096156875e+04 8.500857584974469501e+04 7.585537557613484387e+04 7.551457269510324113e+04 7.073407490211806726e+04 7.671029963557093288e+04 7.996850223441091657e+04 7.258427376166688919e+04 7.329682817200849240e+04 7.735738959783939936e+04 7.258473156908281089e+04 7.433209069910246762e+04 8.171398834683500172e+04 7.959385071205356508e+04 7.900784779305757547e+04 7.221052145888142695e+04 7.499735583936695184e+04 7.398711051514765131e+04 7.548057172106493090e+04 -2.558404272533253784e+11 -6.174086748867224884e+10 4.494290858519818878e+10 3.458687770009317780e+10 8.619681774753796387e+11 -6.601658784544130325e+09 -2.207600998388718796e+10 5.023363594871939087e+10 -5.180357372457375526e+09 4.268965334999935627e+09 -1.974469826510115662e+11 4.496322836055877686e+10 9.581447562217128754e+09 -4.966756003320318222e+09 1.164810929148465347e+10 5.536856606266629791e+10 -7.345555401304686546e+09 2.027787459809161663e+09 -7.098906795459652901e+09 -2.203878360003487015e+10 -2.371122486627142944e+11 2.328348960084177971e+09 -7.306817903785460472e+09 -8.723548799599512100e+09 3.411822708812611699e+08 -6.680679252604171753e+09 1.111562212467415047e+10 1.005835001505407333e+10 -9.907544544282411575e+09 4.498814590783061981e+09 -4.358440983114892006e+09 2.225922768858575439e+10
-2.435042558459079883e+05 -4.261498941428977414e+05 7.939333562266721856e+04 1.608409656374182669e+05 1.523100759435342115e+04 6.947255190983811917e+04 2.182863670251111325e+05 5.294446880185170448e+04 6.356866545013719588e+04 1.214378252651448274e+05 8.695153611474884383e+04 7.915337035533683957e+04 8.488366297747009958e+04 7.222550244893266063e+04 8.519503271795740875e+04 7.753955200912132568e+04 7.193828552228247281e+04 6.967390724391641561e+04 9.021639924666547449e+04 1.153310301648932655e+05 8.045322129889774078e+04 9.482749289873354428e+04 9.439301169911643956e+04 9.642104648237991205e+04 1.558961300523227546e+05 3.838026028905272251e+05 1.428163858764396282e+05 9.091919658051214356e+04 7.700077573835341900e+04 7.156915163447186933e+04 9.146048579100902134e+04 9.878073196451517288e+04 1.023818329569284251e+05 9.736875062250922201e+04 7.432291149157806649e+04 8.727812294862823910e+04 9.121901328413546435e+04 7.833875889526582614e+04 6.791664261185708165e+04 8.060532739691197639e+04 6.622901444128122239e+04 8.462255811045206792e+04 7.442566440361137211e+04 8.397171716854789702e+04 8.725295034842562745e+04 7.765171888685744489e+04 8.256961130776925711e+04 8.423136333845568879e+04 7.457824315387592651e+04 8.017652870063540468e+04 7.827774818622172461e+04 7.213740121652236849e+04 8.296010793965084304e+04 7.337140790121536702e+04 7.234309494827163871e+04 -1.883406760659655457e+11 -3.045322569101255035e+10 6.453166201038507080e+10 6.425507516791199493e+10 4.247793145015619507e+11 -4.445666576248296738e+09 -2.109329547817749262e+09 1.146222863480725670e+10 -5.037203900456734467e+10 -2.389601272484342957e+10 -5.269254600316620483e+11 5.936519220407672119e+10 6.500008052611694336e+09 1.131968402137564087e+10 7.511123360039100647e+09 3.766575652775885010e+10 -2.358576185933105850e+10 8.685673987290782928e+09 1.142866804372927666e+10 3.105643592781255341e+10 -1.427534020057695007e+11 -1.175911958079545784e+10 -9.386532345039100647e+09 1.928688850566172028e+10 -2.831032880905776024e+09 -7.261896604546142578e+09 9.990048326594209671e+09 7.834520921044747353e+09 -2.148796334346834564e+10 -8.967739288536771774e+09 -9.210980520210624695e+09 2.723729951253306580e+10
-2.994812232336791349e+05 -1.526129456076750830e+04 6.135502291120606969e+04 2.344276948564438499e+05 6.933684035910791135e+04 1.044050909505514574e+05 5.954505104629204288e+04 1.530779369145984856e+04 6.740016808247628796e+04 8.357972040132198890e+04 9.384511829425573524e+04 8.563492968150161323e+04 1.169443193445674551e+05 9.139200678025058005e+04 1.027687895105562493e+05 9.519627529018015775e+04 8.088421414358125185e+04 8.076879486785286281e+04 9.382975964567043411e+04 1.030986199418332981e+05 7.651505408941696805e+04 8.868407301497875596e+04 9.023283758836871129e+04 9.461070169590278238e+04 7.617610245102933550e+04 1.428163858764396282e+05 3.696069878112775041e+05 1.385357963080443733e+05 7.782185663327541261e+04 8.941925933149116463e+04 9.227356423814168375e+04 7.656748539106917451e+04 8.244376541526980873e+04 8.909834346701047616e+04 8.982416585728923383e+04 8.669029187643180194e+04 8.676544350565921923e+04 7.724723413869405340e+04 8.509451127479788556e+04 7.432164580402879801e+04 7.118704279655741993e+04 7.513449468384064676e+04 8.369670294641198416e+04 8.805512926589109702e+04 7.663094854413135909e+04 7.521533708513139572e+04 8.463009365907197935e+04 9.167394195130755543e+04 8.349794646409775305e+04 8.368049428521579830e+04 8.315022776678913215e+04 7.899584543019234843e+04 7.924599315337969165e+04 7.754145456592133269e+04 7.874930645642286981e+04 -7.018963523912135315e+10 -1.653195100491695595e+10 3.792939321798258209e+10 -1.157451479418986664e+11 -2.879671966810609131e+11 -2.856591689299870682e+10 -5.906689390273787498e+09 -1.013029872343651733e+11 -1.379607376894525909e+10 -5.186999802041328430e+10 -7.158220518206356812e+10 3.824098331337957001e+10 9.331716254218698502e+09 -1.043021110149016142e+09 4.563222342912511826e+09 -4.226450448555593109e+10 8.585148326345953941e+09 -1.288874612712342262e+09 -7.679029886400941849e+09 1.265325587342204895e+11 -4.554744755019589663e+08 1.638068009408427620e+10 -1.035916033432552147e+10 2.191447962229015732e+10 1.168519555734088659e+09 -1.244730313277444649e+10 6.096978127488162994e+09 -3.279725771711175537e+10 8.077083917390883446e+09 -6.478646598279383183e+08 5.469516069185023308e+09 9.637193703058706284e+09
-1.554280422485121817e+05 -2.789258346986771794e+05 -2.215605092012490495e+05 6.693048242028750246e+04 8.270521774845168693e+04 8.167739453186879109e+04 1.477999231019941217e+05 9.464921807430819899e+04 1.307840415714488918e+05 1.538674108374556236e+05 1.393247148809688224e+05 1.431824403245706926e+05 1.063199674571133801e+05 9.024490679275069851e+04 9.470197483617259422e+04 1.164499828015773819e+05 1.020598225099425617e+05 8.200668600644152320e+04 1.088097775981939049e+05 8.980858871061982063e+04 7.917598662683046132e+04 9.508849037995222898e+04 9.952442681350049679e+04 7.622778089312945667e+04 7.892748864962959487e+04 9.091919658051214356e+04 1.385357963080443733e+05 3.351919340617512353e+05 1.289954992577196390e+05 8.827216920707280224e+04 9.572245734275584982e+04 9.415099403234044439e+04 8.732527626561959914e+04 8.468163105199974962e+04 8.378351029999041930e+04 9.190281848440479371e+04 8.159204921651828045e+04 7.869943382689819555e+04 7.434445091812612372e+04 6.913902788301241526e+04 6.872567276213616424e+04 7.516938046289453632e+04 7.819461950392287690e+04 7.613916603954881430e+04 7.512878540548165620e+04 6.872090762122717570e+04 7.503795553828973789e+04 8.525466735001016059e+04 8.105890085223653296e+04 8.642713750301179243e+04 7.453781859304226236e+04 7.316181406603772484e+04 7.459061220767544000e+04 7.194294121398105926e+04 7.456354897643005825e+04 -7.119285577182593994e+11 1.767923750824489594e+10 -2.352013465793791580e+10 -7.067577637388760376e+10 -5.429416860323460693e+11 -8.900915946654551697e+10 2.171487758163563919e+10 -8.069785174458129883e+10 1.325911594643099976e+10 -3.152880063443451309e+10 -3.940265186312509766e+11 1.390258684791172028e+10 -1.844520708019119263e+10 6.356255292750742912e+09 8.084171425166549683e+09 -5.671529217676271820e+10 -6.507421398045275688e+09 1.563476063367772102e+10 4.952768460437625051e+08 7.689565973649430847e+10 1.478016867777331543e+11 1.381011548317407990e+10 -1.774658748980408859e+10 -1.565756884617072105e+10 -3.097259110151357651e+09 -4.330171814395254135e+09 6.493127078318218231e+09 -4.452876104107277679e+10 -2.684647829437095165e+09 -3.203036918969555572e+07 1.719851437379504442e+09 8.075287875765623093e+09
-4.000659120756012271e+05 -3.634004258181593032e+05 -1.660846711727134825e+05 1.467710181351875653e+05 1.196432897552090026e+03 6.390674751852408372e+04 1.518737962293611199e+05 9.510739113046361308e+04 9.174204362999444129e+04 9.976615879597980529e+04 4.747627045571053895e+04 6.739193366515656817e+04 8.780372236845031148e+04 6.318668995745840948e+04 9.412960060156957479e+04 7.910062162989954231e+04 1.015026404362789035e+05 6.014546677535873459e+04 9.736371908203673956e+04 1.109338226764881692e+05 9.613908579756424297e+04 9.801681269970956782e+04 1.096782882443707931e+05 9.646705552364345931e+04 9.090027745366735326e+04 7.700077573835341900e+04 7.782185663327541261e+04 1.289954992577196390e+05 3.296218053341900231e+05 1.272680424806471565e+05 9.522031246301109786e+04 9.118436546004317643e+04 8.849309008160597296e+04 8.910475001540115045e+04 8.172022860902619141e+04 8.238203321262699319e+04 9.645835380718976376e+04 8.881863372258521849e+04 8.475996311503824836e+04 8.079143244083468744e+04 7.335673590269897250e+04 9.137162234634383640e+04 8.715356825170505908e+04 8.425977744705673831e+04 8.864179099608365505e+04 7.523344825339561794e+04 7.316603896021723631e+04 9.222346388551118434e+04 8.130053133174982213e+04 8.168508896784878743e+04 7.510801187790634867e+04 7.352265041834223666e+04 8.126607435975648696e+04 7.896279249377458473e+04 7.805194802631916536e+04 -1.126470849618805084e+11 -5.117405157431222534e+10 -3.779410768030982208e+10 -6.711222186531451416e+10 -5.135818280433757324e+11 -4.955614741504638672e+10 1.820405367946582413e+10 -5.756229407681398773e+10 -2.796958422860170364e+10 -4.989970068647022247e+10 -1.727005827277687683e+11 -1.513698629619115448e+10 -2.993767759262019730e+10 -3.509109577558394432e+09 -5.864146091030304909e+09 -2.612871425223604584e+10 -1.085340315210818291e+10 2.386847311800716877e+09 -3.850568346163849354e+09 1.541668777227906494e+11 -4.173165047631522179e+09 6.582686367099445343e+09 -2.453453899122119904e+10 1.307249648383830261e+10 -9.725713058027637482e+09 -1.823699332756819534e+10 -1.254208015314060688e+09 -2.817672194256493378e+10 -1.141555367578400803e+10 -9.944639968483970642e+09 -1.167340669829128838e+10 9.648054332381179810e+09
-6.488912331061995355e+05 -1.806273187344126054e+05 2.537396887113307457e+03 3.391841989199799718e+05 1.438507666715250525e+05 5.534427959947156342e+04 1.779168070042273321e+05 8.299484355494455667e+04 9.708360648185641912e+04 5.321014621480224741e+04 5.170704115863617335e+04 7.598169948646546982e+04 5.240139072183659300e+04 9.402768998346538865e+04 1.031602170763419417e+05 1.029727350886452768e+05 1.007868436714600684e+05 8.446609152728314803e+04 1.002632980404061527e+05 1.098706238393593521e+05 8.716804029182305385e+04 1.068861294763914630e+05 1.016918556997207488e+05 1.053193326221509633e+05 8.922393032762303483e+04 7.156915163447186933e+04 8.941925933149116463e+04 8.827216920707280224e+04 1.272680424806471565e+05 3.013062322566570365e+05 1.335568658624581294e+05 8.568742793610993249e+04 9.002302855532096874e+04 9.245009944935316162e+04 8.301562692253191199e+04 8.978481994478120760e+04 8.531770548721426167e+04 7.795609292393224314e+04 8.385228811110963579e+04 8.379256951038683474e+04 7.950938869436524692e+04 8.159105424520467932e+04 8.448428122134342266e+04 8.271533920288257650e+04 7.948468364784365986e+04 7.601561412560996541e+04 8.139432815917723929e+04 8.849053394014814694e+04 7.973546845535967441e+04 7.237475840148548014e+04 8.300455129039732856e+04 7.482589327988339937e+04 7.750825847897652420e+04 8.061663017606522772e+04 7.342519131614522485e+04 1.234405196369017334e+11 6.109761168601702881e+10 4.741781137915237427e+10 1.565052191288608789e+09 1.990503067985714722e+11 -4.604775541805220795e+10 -1.220400164585495377e+10 -2.175642929237658691e+10 -1.046009689247954750e+10 -3.927405601282245636e+10 -3.151932669093836060e+11 2.522474740863805771e+10 1.834286447993685961e+09 1.606264980820818901e+09 5.428506454487106323e+09 -1.552893863068068504e+10 -9.066964384718790054e+09 9.623884843491271973e+09 -2.171036980720424271e+10 -1.529244814082471313e+11 1.654041303579195557e+11 1.293157396795078278e+10 3.004868209518714428e+09 1.153028808465855598e+09 -8.179670735617375374e+08 -4.566737421050943375e+09 4.256926323740817547e+09 -2.240294203271760178e+10 -5.012202816578747749e+09 -7.609340462230638504e+09 -1.249418575212718964e+09 2.046122959596323776e+10
-6.344290961497841636e+05 7.426577606963204744e+03 2.610737388784271388e+04 1.344331239571268379e+05 8.166491128664553980e+04 7.252307227428331680e+04 1.408362593163046695e+05 7.093375109784418601e+04 1.182445455278498703e+05 1.474351965390233672e+05 1.323922205652764824e+05 1.175519343089815666e+05 6.501751728471121896e+04 8.484727279917195847e+04 9.669116200109975762e+04 1.046015675272030057e+05 9.398222879807371646e+04 8.940827180993102957e+04 9.833444446418342704e+04 1.206845197418439056e+05 9.148377267003405723e+04 9.270468024727269949e+04 1.034806079688123427e+05 1.030213063733203307e+05 9.542483446924781310e+04 9.146048579100902134e+04 9.227356423814168375e+04 9.572245734275584982e+04 9.522031246301109786e+04 1.335568658624581294e+05 3.004702614038462634e+05 1.497899553736524249e+05 1.021214606365992368e+05 9.821562065472309769e+04 8.738452916095024557e+04 9.486932763556891587e+04 9.220937042200793803e+04 8.765842422948218882e+04 7.817719237230345607e+04 8.816340489538489783e+04 8.732395522609329782e+04 9.373048830818246643e+04 9.560013532930145448e+04 8.627605805988922657e+04 8.602346867107073194e+04 8.457287258338904940e+04 8.852560845978424186e+04 8.882773204211218399e+04 8.549697400272343657e+04 8.837630182283185422e+04 8.651124075531048584e+04 9.080164983620023122e+04 8.619750814714666922e+04 8.153718845680714003e+04 8.420221299355996598e+04 4.396025503986346436e+10 2.076102352172511292e+11 3.212828610687707138e+10 -3.387818708649208450e+10 8.345595549168999023e+11 2.058505373212779236e+10 3.024672648962795258e+10 -4.945751388433731842e+10 -2.936774821291249466e+10 -1.594151844687082481e+10 -5.741037797460466766e+10 -5.906163292591331482e+09 2.154975867596739960e+10 -4.222277064740555763e+09 -8.813078637319898605e+09 1.104938269809355354e+10 1.073203681979117775e+10 1.602515027180736351e+10 4.128613809720582008e+09 -4.143273446842798462e+11 1.192558112613413086e+11 6.417668682532911301e+09 8.413241406965662003e+09 2.943669302189985275e+10 -7.577411182844880104e+09 -1.108280014458068132e+09 7.672809548106004715e+09 -1.461040913720019150e+10 -2.108788302330916214e+10 -5.037059512581661224e+09 -7.016456475566043854e+09 3.633544632208890438e+09
-6.441362012887033634e+05 -2.841031820810975623e+05 -4.704181710836018465e+04 1.283792365645008831e+05 8.881057635036161810e+04 7.455494540460445569e+04 1.012211495779947581e+05 7.535514690334926127e+04 9.866404168397957983e+04 9.683564486062724609e+04 1.326605682258240995e+05 1.162181848547235277e+05 9.589253369458508678e+04 6.612616184627071198e+04 1.025232094586872117e+05 9.832901629618753213e+04 9.779426852381615026e+04 1.015170477366758714e+05 9.592071241803937301e+04 1.054986546249069070e+05 9.152444112867195508e+04 1.054235147644605022e+05 1.071109355728439841e+05 1.136937955330849509e+05 9.635337857111933408e+04 9.878073196451517288e+04 7.656748539106917451e+04 9.415099403234044439e+04 9.118436546004317643e+04 8.568742793610993249e+04 1.497899553736524249e+05 2.913969216743538273e+05 1.384814838962503709e+05 9.455524696657594177e+04 9.448487668443159782e+04 9.110063736699041328e+04 9.052029453267477220e+04 8.762606436744055827e+04 9.456059026799381536e+04 1.000934571470365627e+05 9.039524501109628181e+04 8.876813390641924343e+04 9.269884594715564162e+04 9.197744838909404643e+04 8.363022938279648952e+04 8.601690454026413499e+04 9.245973769645193534e+04 9.784063970289197459e+04 9.284780274899533833e+04 8.970718375197157729e+04 8.500575064922464662e+04 8.886065066389570711e+04 8.438094200428700424e+04 7.919449616651014367e+04 8.481437984166415117e+04 1.864791180015718079e+11 7.601956450768487549e+10 -2.415101415454306793e+10 4.779509886790447235e+10 8.398292870565032959e+11 -6.101965693621082306e+10 -1.173300132854880714e+10 -5.772835710977104187e+10 -2.911361623559424591e+10 3.810395252214478970e+09 6.714673896223709869e+10 5.589495681942736626e+09 4.315220193190890312e+09 -1.752705100933430433e+09 -1.229999843059845352e+10 -1.357848064182402229e+10 -4.494043454589154243e+09 4.616896234782402039e+09 -1.611580678871974564e+10 -1.210932944438814087e+11 -8.432268470512298584e+10 9.976757622681285858e+09 -3.724392736626792550e+08 -1.318662037203899002e+10 5.408315517305953026e+09 -8.333284401229472160e+09 3.139006541998547077e+09 -3.521308894642897034e+10 -9.115628991475835800e+09 -4.894701936501408577e+09 -8.109584630140336037e+09 -5.611655517665236473e+09
-2.083982816047114029e+05 4.281802631839041715e+04 6.812745015060629521e+04 1.152152799794893217e+05 -3.668404795965034282e+04 7.529850313246760925e+04 1.574967978924640920e+05 1.208334909499770292e+05 9.279946045150881400e+04 8.887037121275984100e+04 9.116435347683072905e+04 1.170525954960250529e+05 7.366654676275866223e+04 7.064642895955032145e+04 9.230164039611654880e+04 9.081855441285193956e+04 8.795610079153793049e+04 8.269547126312238106e+04 8.585825354847095150e+04 1.022325568811297999e+05 8.538102113218496379e+04 1.039412972482381010e+05 1.034686896995686402e+05 9.642966136282737716e+04 9.085435421979529201e+04 1.023818329569284251e+05 8.244376541526980873e+04 8.732527626561959914e+04 8.849309008160597296e+04 9.002302855532096874e+04 1.021214606365992368e+05 1.384814838962503709e+05 2.810862173643099959e+05 1.407930003364736913e+05 1.007844946803778148e+05 9.410809938375173078e+04 1.007033507653862325e+05 8.937806816397971124e+04 8.797668366067325405e+04 9.109882608952243754e+04 8.377030134642004850e+04 9.214303133366612019e+04 8.679477377178080496e+04 8.967316631141083781e+04 8.182343497463692620e+04 8.199239501334403758e+04 8.903989487345470116e+04 8.627621126419455686e+04 8.760651391989951662e+04 8.470160623080901860e+04 8.005043863140691246e+04 7.776632552219950594e+04 8.202508473034777853e+04 7.807093385932130332e+04 7.549073698596972099e+04 -4.827682199420460510e+10 2.490016799517994308e+10 1.319959341652445221e+10 -5.620459582552993011e+10 7.487608098687276611e+11 -2.557410109215245056e+10 1.139621990719787216e+10 9.605011520280221939e+09 7.804454420029661179e+09 -1.379406360299200439e+10 -7.892625409016133118e+10 7.510820286815236092e+09 2.335298722569913101e+10 -1.483956407283206177e+10 -1.257764631591963577e+10 1.119638520964054489e+10 -8.681260337959100723e+09 -4.877476384208071709e+09 -1.863736620499609756e+10 6.862889984628741455e+10 -1.537884932805117798e+11 6.864231613729813576e+09 -7.529962464939579010e+09 4.880003240451052666e+09 -4.380475755037141800e+09 -1.090665422308888626e+10 5.660972982994462013e+09 -1.934806778652304077e+10 -2.596256015297011948e+10 -5.548519413895252228e+09 -4.948167492779009819e+09 1.774466762556895447e+10
3.225473679265057435e+05 2.077665876156474696e+05 4.176449899017288408e+04 1.022542605918266781e+05 2.319540155285165747e+04 1.176101694551091168e+04 1.748036404700657586e+05 1.135012554070423357e+05 7.005694448003082653e+04 1.035487858149815002e+05 5.732766987369743583e+04 9.229370176215858373e+04 7.567659892041793501e+04 1.053538848323660641e+05 9.034548475236662489e+04 8.045057902937899053e+04 9.622785847226080659e+04 7.456047305838407192e+04 9.145869448410079349e+04 1.046733036898543942e+05 8.642595388746363460e+04 9.893145230409513169e+04 9.464026452560715552e+04 8.529402063705309411e+04 8.487856909298898245e+04 9.736875062250922201e+04 8.909834346701047616e+04 8.468163105199974962e+04 8.910475001540115045e+04 9.245009944935316162e+04 9.821562065472309769e+04 9.455524696657594177e+04 1.407930003364736913e+05 2.624426819948962657e+05 1.418606646992534515e+05 1.062457328897916450e+05 1.039054843771251617e+05 8.277620327198291488e+04 8.721760093930551375e+04 9.577808441514511651e+04 8.772704009686490463e+04 8.555543106866143353e+04 8.823913525189252687e+04 9.169721107070644211e+04 7.955007883848302299e+04 7.706288783551863162e+04 7.859898236393132538e+04 8.470619831146379875e+04 8.434944660722490516e+04 7.897508048524062906e+04 8.214799015655499534e+04 7.863033145670621889e+04 7.958559375742735574e+04 7.647755890240534791e+04 7.322058441955140734e+04 -1.639493624132961464e+10 5.044059720683872986e+10 -5.928105004892057800e+10 -1.288352073759141998e+11 4.451644359542224121e+11 7.312018431021359444e+09 2.646874399737380028e+09 2.840430809573182678e+10 8.241190410560209274e+09 6.243696131858401299e+08 2.676619807430460739e+10 2.078857417185931396e+10 6.082370664401898384e+09 -1.140378052563519096e+10 -8.085650806125433922e+09 6.434131020186047554e+09 5.612699346760907173e+09 2.361050939220870972e+09 -2.355482504700138474e+10 -4.933303973137522888e+10 -1.274949070945290833e+11 8.472990755963584900e+09 -1.718904984976120758e+10 9.256496689118258953e+08 -2.064829841524975061e+09 -8.887050676893507004e+09 -8.855790642986538410e+08 4.880082587024721146e+09 -1.022829826143741417e+10 -9.849585244080319405e+08 -4.573678963203978539e+09 -8.087879665053289413e+09
-2.352432605577769864e+05 -1.186151295435318461e+05 1.134102720415771328e+05 1.081666216598187020e+05 1.008274560492987439e+04 7.176794123432216293e+04 1.483407086527204665e+05 5.482739261027915927e+04 1.077455780125021702e+05 8.351197336895023182e+04 7.465846137673335033e+04 9.849533506010104611e+04 1.038506108457090595e+05 9.832122946284829231e+04 1.040708122365903982e+05 7.972650074534115265e+04 9.493440801651608490e+04 7.505559646464616526e+04 8.602486058587451407e+04 9.920591533534087648e+04 7.477584339439275209e+04 8.946551081346443971e+04 1.003599854786448850e+05 8.557643400824743730e+04 7.745396821643768635e+04 7.432291149157806649e+04 8.982416585728923383e+04 8.378351029999041930e+04 8.172022860902619141e+04 8.301562692253191199e+04 8.738452916095024557e+04 9.448487668443159782e+04 1.007844946803778148e+05 1.418606646992534515e+05 2.589995957843018405e+05 1.294591496399417520e+05 1.015228053832228325e+05 8.542070045808656141e+04 9.326760145155299688e+04 8.640637276223397930e+04 8.475308957395615289e+04 8.586381003888380656e+04 8.815122046008043981e+04 8.449321166553618968e+04 7.902514634894604387e+04 7.926531212783156661e+04 8.534450546383632172e+04 9.158145000484756019e+04 8.309284259127349651e+04 8.454163199627588619e+04 8.257968040867050877e+04 8.256991579662506410e+04 8.344253000272905047e+04 8.424216249808140856e+04 8.255196252078187536e+04 3.042248589830573273e+10 1.762914948162407532e+11 -6.289325714129440308e+09 -7.734906373983961487e+10 1.096194790781130371e+12 6.917563741626243591e+09 1.179171127477845001e+10 -1.728025816451572037e+10 -1.030831833529399681e+10 -3.125011497626432037e+10 -3.877938436973278046e+10 8.182751937064920425e+09 8.784449112004016876e+09 -1.845905292363793373e+09 -8.489325318846472740e+09 -2.255898887321024704e+10 1.180257932537058449e+10 3.741212157217696190e+09 -3.519379778299392700e+09 -1.299145233081032715e+11 7.174520353995682716e+09 -1.309585845130350304e+10 -1.652345959195857620e+10 -1.710836058934241295e+10 2.594955483620981216e+09 -4.331172480965878487e+09 4.887290321248641014e+09 -1.124642392495522308e+10 -2.351791953220408440e+09 5.050836114480498314e+09 -4.158366262950889587e+09 -5.640731279889725149e+07
-9.812841210523254995e+04 -2.208735644482779317e+05 1.103308683443029004e+05 1.206554042183806450e+05 9.920507440820337797e+04 3.329701136326174310e+04 1.968373336162413179e+05 6.158940128361913230e+04 7.918704193458257942e+04 8.819032378117986082e+04 8.493184485466696788e+04 1.064131369347316504e+05 7.641134992470830912e+04 7.730050014648956130e+04 8.710668350155939697e+04 9.435142152533332410e+04 8.811226064721550210e+04 5.239867957825565099e+04 8.779747067869563762e+04 9.076560444626453682e+04 7.343906961521061021e+04 9.092547383544860350e+04 9.773695756883137801e+04 7.700222804838680895e+04 6.765071957990308874e+04 8.727812294862823910e+04 8.669029187643180194e+04 9.190281848440479371e+04 8.238203321262699319e+04 8.978481994478120760e+04 9.486932763556891587e+04 9.110063736699041328e+04 9.410809938375173078e+04 1.062457328897916450e+05 1.294591496399417520e+05 2.467527195878602797e+05 1.273667853975569597e+05 9.768735324650669645e+04 9.969940114264716976e+04 9.201165516681081499e+04 9.010975343092664843e+04 8.914160671466907661e+04 8.925650274729686498e+04 8.413248230031391722e+04 7.913435683672594314e+04 7.693529779223498190e+04 8.973642216341249878e+04 9.443269027178209217e+04 8.497518886131921317e+04 8.501740931978332810e+04 8.680109219630458392e+04 7.706685122199317266e+04 8.253045359957980691e+04 8.183628717903909273e+04 7.779568801352925948e+04 -1.472610936663247070e+11 1.020785468613076477e+11 -2.789010122143151855e+10 -5.419897615531339264e+10 1.155689501652029266e+11 -4.572888145955712891e+10 2.099287666003913879e+10 -3.579280247069216156e+10 -2.401108033730051041e+10 -2.069501635759713745e+10 -2.857093735574753418e+11 -2.061313176623334122e+10 -7.545251091269226074e+09 1.337527494490164185e+10 1.202951287524790573e+10 -1.284903816466877937e+09 -3.419848344175339222e+09 -1.964627381640132904e+09 -1.401865673402527428e+10 -4.873745044797647858e+10 -1.782669327809163666e+10 -8.976832635636451721e+09 -1.559301560093350410e+10 1.261200150588283348e+10 -2.637982353643981934e+09 -5.964578240012017250e+09 -1.441296283512306690e+09 -1.523662712845946312e+10 3.325267320414541960e+08 7.559637425145637989e+08 7.906015762845125198e+08 6.266115391902159691e+09
-5.127745345707745291e+05 -2.774366221234571422e+05 1.462142253595102229e+05 7.722202471974342188e+04 -1.053291188959966803e+03 5.727435543976862391e+04 1.325293671309532365e+05 7.839953310202462308e+04 9.094011292188650987e+04 1.271710217564473860e+05 5.430087279181842314e+04 8.672479440157470526e+04 9.579455503433391277e+04 8.482619409785934840e+04 1.032365979008505819e+05 9.342636378068450722e+04 8.342149685907269304e+04 6.573151944451675809e+04 7.376683757107450219e+04 9.639466111156810075e+04 7.959438030145061202e+04 8.353339620657623163e+04 9.784718691845776630e+04 8.195856052132087643e+04 7.478207258096156875e+04 9.121901328413546435e+04 8.676544350565921923e+04 8.159204921651828045e+04 9.645835380718976376e+04 8.531770548721426167e+04 9.220937042200793803e+04 9.052029453267477220e+04 1.007033507653862325e+05 1.039054843771251617e+05 1.015228053832228325e+05 1.273667853975569597e+05 2.214818796580672788e+05 1.126475719905293372e+05 9.474069298988490482e+04 9.317965796836998197e+04 8.731723191395692993e+04 8.801314630373657565e+04 8.595590903576670098e+04 8.809957704519387335e+04 8.439795246010438132e+04 8.257637916307174601e+04 8.958933233806926000e+04 9.211514655807492090e+04 8.471786243513044610e+04 8.450433200805223896e+04 8.306551491125207394e+04 7.877232139036571607e+04 8.185443218541490205e+04 8.347782197072978306e+04 7.707317168695795408e+04 -1.330536991365916290e+11 6.217228654729444885e+10 -1.106956854641131439e+11 -7.778457362858001709e+10 1.405775598930750122e+11 -3.701378770852368927e+10 -2.162642102800748825e+10 -4.513522917888277435e+10 -1.757329682839863586e+10 3.198380330358848095e+09 2.051445992547783508e+11 -1.634408960887549210e+10 5.492259167258502007e+09 -2.805094273944543839e+09 6.829423213993637085e+09 -1.741024314613721848e+10 -6.101967379042963982e+09 3.696931485130958080e+09 -1.138710523979507446e+10 6.797851045599864960e+09 7.051371336737239075e+10 1.145571155221503258e+10 -3.583186862486128807e+09 -5.569295410715044975e+09 -6.494201221452225685e+09 -8.632588765942577362e+09 6.909293139736009836e+08 -4.852573958466098022e+10 -6.310500706626828194e+09 1.781242731420557261e+09 -1.112370026147775650e+09 -3.651598521931042075e+08
-7.086691682307420706e+03 -2.582356293884158076e+05 9.048740331896746648e+04 1.315142818988053186e+05 7.089029906220310659e+04 2.860657839741504722e+04 1.430372912412051228e+05 7.331998287004930899e+04 1.136148238797431259e+05 1.031032320875037694e+05 5.452963063042320573e+04 7.311908603250375018e+04 7.282235434363411332e+04 8.525616054170897405e+04 7.447706394104185165e+04 8.383428193311901123e+04 7.618712849858490517e+04 6.263662462425867125e+04 8.703827278038230725e+04 1.010947160582182551e+05 7.189955380520866311e+04 7.697741433811678144e+04 8.173557071657387132e+04 7.526055808660376351e+04 8.500857584974469501e+04 7.833875889526582614e+04 7.724723413869405340e+04 7.869943382689819555e+04 8.881863372258521849e+04 7.795609292393224314e+04 8.765842422948218882e+04 8.762606436744055827e+04 8.937806816397971124e+04 8.277620327198291488e+04 8.542070045808656141e+04 9.768735324650669645e+04 1.126475719905293372e+05 2.165967463759520615e+05 1.165061949105581298e+05 8.740161719649184670e+04 8.167446857014056877e+04 8.415052121990916203e+04 8.635955275080377760e+04 8.866741682747782033e+04 8.601608777898902190e+04 8.049492350719554815e+04 8.754489738888210559e+04 8.379361594843775674e+04 7.893350149681846960e+04 8.140471401125214470e+04 7.763488853565909085e+04 7.443692811095733487e+04 8.181490946990570228e+04 8.109583846251005889e+04 7.665126707507373067e+04 -3.839179010276948547e+10 1.885773978711002808e+11 -8.382011753191302490e+10 -2.543499483110787964e+10 -9.992584977232772827e+10 -1.011656631969762993e+10 -3.403171025576603317e+10 -5.759304554200081635e+10 -2.151144668223039246e+10 -1.280680584001281357e+10 -4.924850349844688416e+10 -3.926992782297712708e+10 -6.954645951918076515e+09 -1.200591439586775017e+10 -1.356322799412062073e+10 -2.351565241211193085e+10 -1.326210490730206251e+09 -3.228496148729526997e+09 -1.751327847683668137e+10 -3.026301235880087280e+11 -4.684861103035843658e+10 -1.552957294318804359e+10 -1.209381547560335541e+10 -1.199194713408895683e+10 -2.684875628480032682e+08 -1.267403345341212845e+10 -3.439157769639904022e+09 -1.489627045459399605e+10 -7.226885378840340614e+09 5.673716494489570618e+09 -6.639675619701555252e+09 5.457564344585750580e+09
-2.961507521257880726e+05 -2.767698239558606292e+05 8.707908771739421354e+03 1.746839544230164320e+05 1.036192149673452950e+05 7.044636783122367342e+04 5.341024072083142528e+04 4.971831991051194927e+04 1.199138725348051958e+05 9.713159379232066567e+04 6.598478582588727295e+04 5.801983351429199683e+04 5.937320560955988913e+04 6.335966978333402221e+04 8.756298260907779331e+04 9.863770628920401214e+04 8.165045845219938201e+04 7.768715724550795858e+04 7.532653320274986618e+04 1.077282230713464232e+05 7.807385470409096160e+04 7.770183249650702055e+04 8.886229898155416595e+04 8.766670639003689575e+04 7.585537557613484387e+04 6.791664261185708165e+04 8.509451127479788556e+04 7.434445091812612372e+04 8.475996311503824836e+04 8.385228811110963579e+04 7.817719237230345607e+04 9.456059026799381536e+04 8.797668366067325405e+04 8.721760093930551375e+04 9.326760145155299688e+04 9.969940114264716976e+04 9.474069298988490482e+04 1.165061949105581298e+05 2.149327983188244398e+05 1.073177630763582129e+05 8.989083430152539222e+04 9.146007409632470808e+04 9.062887494719328242e+04 8.738288751311578380e+04 7.875813069948744669e+04 7.604723605739408231e+04 8.341363697003583366e+04 8.749457865610030422e+04 8.200780440108198673e+04 8.553592722922837129e+04 8.177093147994941683e+04 7.417335006397671532e+04 7.874705119906626351e+04 8.152386935662677570e+04 7.751565389963326743e+04 7.571124277030133057e+10 2.206510565105574341e+11 -3.353482077466585541e+10 -7.836543713458921814e+10 2.946566983700639038e+11 -2.728230288533941650e+10 -2.062945330664438629e+10 -4.830333811285007477e+10 -1.292067336015974617e+10 -1.436043169956399679e+09 -1.758130527472136307e+10 -3.747049514838296509e+10 -1.566597066741746902e+10 -4.090872580790182590e+09 -1.079293055134116554e+10 -1.895560555883309174e+10 4.600770292856616974e+09 -6.767657164518982887e+09 -1.191267805074249077e+10 -4.088046546159681702e+10 -1.389545916975788574e+11 -1.774367688569668579e+10 -1.180479897991737938e+10 -4.596103093282395363e+09 -4.026454989892959118e+09 -1.340330216750057411e+10 -8.837395344501117706e+09 -2.668688496230496597e+10 -1.311958507178342819e+10 -4.497899926109739304e+09 -1.066142333193522072e+10 6.991974710795703888e+09
-5.417644577525038039e+05 -2.044400600348678709e+05 1.234974430687466083e+05 1.490510295253893419e+05 5.270877394984710554e+04 6.140507290179004485e+04 1.429362690853408130e+05 9.320027052450309566e+04 8.791517251713045698e+04 1.035727049045517051e+05 9.145574598455663363e+04 7.418871469749197422e+04 9.303447367907792795e+04 6.876607874883459590e+04 7.954574682525907701e+04 7.985290050596186484e+04 8.989849268687235599e+04 7.662968024316613446e+04 8.857902078452659771e+04 1.033656789255288895e+05 7.639050051180543960e+04 9.827411506689000817e+04 9.391962551784724928e+04 7.934149586209899280e+04 7.551457269510324113e+04 8.060532739691197639e+04 7.432164580402879801e+04 6.913902788301241526e+04 8.079143244083468744e+04 8.379256951038683474e+04 8.816340489538489783e+04 1.000934571470365627e+05 9.109882608952243754e+04 9.577808441514511651e+04 8.640637276223397930e+04 9.201165516681081499e+04 9.317965796836998197e+04 8.740161719649184670e+04 1.073177630763582129e+05 1.991458133976123936e+05 1.123607511129348131e+05 9.437016025270418322e+04 8.710969152439180471e+04 8.438179549717777991e+04 8.219878907627752051e+04 8.111992431004918762e+04 8.577021224114893994e+04 8.357962029867178353e+04 7.737556908743154781e+04 8.530293008688834379e+04 8.242409962866369460e+04 7.838345518832521338e+04 7.627936645243510429e+04 7.940320599867659621e+04 7.457637887999389204e+04 1.159724583582552338e+11 3.220664704771026611e+10 -2.743307267299009323e+10 -4.084624873529682159e+10 1.857621011880868835e+11 -3.544471567748689270e+10 -1.079519308573848343e+10 -6.120257946970300293e+10 -9.983638383766080856e+09 -3.872161029582555294e+09 3.370051796759981918e+10 2.499538923532391739e+10 -2.522914733414728928e+10 -6.398975303001945496e+09 8.602661264842065573e+08 -2.210190697715737534e+10 -1.773674791176755905e+10 1.047790261345024681e+10 -4.672963546634600639e+09 -2.273986918754680481e+11 -2.331783420642658234e+10 1.217848607019696808e+10 -4.411433530765589714e+09 -6.570954922997374535e+09 3.468018894734099507e+08 -8.454747833722805023e+09 6.988978937828736305e+08 -3.353826412438016891e+10 -1.868738400223111343e+10 -7.323311847300724030e+09 -3.279552949259743690e+09 2.498490751601370811e+09
-2.654321726062071393e+05 -2.795713894220767543e+05 1.484375443494836218e+05 1.263792074878115527e+05 -7.607253890704684636e+03 3.954999598917507683e+04 1.099120444562205666e+05 4.966727842216276622e+04 8.871678324058817816e+04 1.088629901657414594e+05 1.060841623984442558e+05 9.749575389777706005e+04 1.014421157455830835e+05 7.414581270424761169e+04 9.270416923258072347e+04 9.947661025168016204e+04 8.637936323545871710e+04 7.914602324973823852e+04 8.095549463327709236e+04 8.446928863198278123e+04 7.820018312555145530e+04 9.382950067246025719e+04 8.851344970520021161e+04 7.903535578562143201e+04 7.073407490211806726e+04 6.622901444128122239e+04 7.118704279655741993e+04 6.872567276213616424e+04 7.335673590269897250e+04 7.950938869436524692e+04 8.732395522609329782e+04 9.039524501109628181e+04 8.377030134642004850e+04 8.772704009686490463e+04 8.475308957395615289e+04 9.010975343092664843e+04 8.731723191395692993e+04 8.167446857014056877e+04 8.989083430152539222e+04 1.123607511129348131e+05 1.947660593918163504e+05 1.121831082073839934e+05 8.565780400062660920e+04 7.507303107905182696e+04 7.954288835982943419e+04 7.842182087241172849e+04 8.355610656179557554e+04 8.465158812634008063e+04 7.681248398562014336e+04 7.519152797402543365e+04 7.542241804763967230e+04 8.124314676072519796e+04 8.104502407779997156e+04 7.549778497887693811e+04 7.170634560011062422e+04 -4.494961385287917328e+10 4.679330249870080566e+10 -6.264721160800381470e+10 -2.821751973030907440e+10 2.699177943634149780e+11 4.269196983920960426e+09 -1.972013616455290604e+10 -8.632361754633436584e+10 -2.888338145967365265e+10 -1.663206219707229233e+10 -8.276547461906124878e+10 -1.149268220381986141e+09 1.196417444554292107e+10 -1.306169425737131119e+09 9.722106580650196075e+08 -1.870884621703894806e+10 -7.236843610663957596e+08 1.181911039434235764e+10 9.335343685671854019e+07 -2.287683936785973511e+11 -1.581867931440280151e+10 2.546954641084223270e+09 -1.357962410081043243e+10 1.020544505017958260e+10 -1.298998189832210064e+09 -4.196238383860429525e+08 3.744607016669805527e+09 -3.737565929789112091e+10 -1.344258240899891663e+10 -9.748698285440589190e+08 1.789589793914951563e+09 -1.623556540014719009e+09
5.315525584310516570e+04 1.211170770912309490e+04 1.414831169488211453e+05 1.634977808593668160e+05 4.354038896208826191e+04 4.353701979934007977e+04 1.746426815731423849e+05 6.669636778766772477e+04 6.291749295763992995e+04 1.318994877603421919e+05 1.164192752345078770e+05 9.071993137494151597e+04 8.670282751594645379e+04 5.765531296682518587e+04 9.784381645426798787e+04 8.631404781510091561e+04 9.258288182102786959e+04 6.776267429404928407e+04 8.241156867755512940e+04 9.611564892105541367e+04 7.910490383709302114e+04 9.196192288011456549e+04 9.143899558375365450e+04 7.855933761661290191e+04 7.671029963557093288e+04 8.462255811045206792e+04 7.513449468384064676e+04 7.516938046289453632e+04 9.137162234634383640e+04 8.159105424520467932e+04 9.373048830818246643e+04 8.876813390641924343e+04 9.214303133366612019e+04 8.555543106866143353e+04 8.586381003888380656e+04 8.914160671466907661e+04 8.801314630373657565e+04 8.415052121990916203e+04 9.146007409632470808e+04 9.437016025270418322e+04 1.121831082073839934e+05 1.944632409966591804e+05 1.123140616702090338e+05 8.377467682124047133e+04 8.562868005407720921e+04 8.795391611020505661e+04 8.691047087388139335e+04 8.324677138851712516e+04 7.716755194607752492e+04 8.335486611235656892e+04 7.543176657310937298e+04 7.802271526297934179e+04 8.221614600038639037e+04 8.086991471734581864e+04 8.117021056626389327e+04 1.037474335828009644e+11 2.726293579319403458e+10 1.401409277052708244e+10 -4.311025013885192108e+10 1.191710396015949249e+11 -9.180762909520301819e+09 -1.847693980643212128e+10 -2.160143159113804245e+10 -2.314523556369786835e+10 3.341564019218655109e+09 -4.203810971111975861e+10 -1.409781808555455208e+10 1.265178859007061958e+10 -4.949552854638456345e+09 2.246220848565183163e+09 1.213280302814695549e+10 -2.825709510897627354e+09 5.062554323356377602e+09 -1.852437787775464630e+10 -3.043902346246559448e+11 2.996549337758043289e+10 -2.465496236283811951e+10 -1.220097435100227547e+10 7.063703767077471733e+09 -3.648502913820973396e+09 -1.195392552358454895e+10 -1.125501770347491503e+09 7.944495391787726402e+09 -1.623295919952824020e+10 -5.087022009233803749e+09 -4.534137494980809212e+09 7.899050977840957642e+09
-4.793452933741850575e+04 8.277695263585119392e+03 1.081012203553613945e+05 2.255556760273199179e+05 1.201517683495385136e+05 8.560720895646262215e+04 1.766157209586809040e+05 8.903730479833959544e+04 9.537467044767300831e+04 1.005832212404396414e+05 8.848013473571350914e+04 1.124901152087719674e+05 9.829503437489859061e+04 6.034708607173948258e+04 1.067015234220842103e+05 9.366330647151789162e+04 8.647222118993871845e+04 7.462984184068345348e+04 6.806327571902955242e+04 9.299285416970925871e+04 8.254583955531338870e+04 8.672716083782511123e+04 8.553336443492441322e+04 9.235475941865325149e+04 7.996850223441091657e+04 7.442566440361137211e+04 8.369670294641198416e+04 7.819461950392287690e+04 8.715356825170505908e+04 8.448428122134342266e+04 9.560013532930145448e+04 9.269884594715564162e+04 8.679477377178080496e+04 8.823913525189252687e+04 8.815122046008043981e+04 8.925650274729686498e+04 8.595590903576670098e+04 8.635955275080377760e+04 9.062887494719328242e+04 8.710969152439180471e+04 8.565780400062660920e+04 1.123140616702090338e+05 1.903071658437979058e+05 1.115077335618931829e+05 8.525650924576552643e+04 7.921562140268931398e+04 8.476362399041496974e+04 9.351067962591617834e+04 8.994153831543945125e+04 8.228361449846941105e+04 8.267395496869427734e+04 8.339529164766693430e+04 8.843195407484631869e+04 8.443420951423713996e+04 8.891105742229045427e+04 -1.975168132826021423e+11 8.045062588706857300e+10 -2.128382872151340485e+10 -5.589552674853583527e+10 3.294949849200290527e+11 -4.807900044307238770e+10 8.394531463886732101e+09 -3.357998615345520401e+10 -1.028962870358559418e+10 -1.772358168451428604e+10 -5.365037481627408981e+09 -1.099638212334441948e+10 1.292053094875141144e+10 1.035001961743268013e+10 -9.896557938565284729e+09 -2.002252056035799503e+09 2.564070166067552185e+10 -4.906311645494190454e+08 -1.274440447940281296e+10 -1.549377762933938904e+11 -4.158767496861808777e+10 9.392206020054862499e+08 -7.821782630895985603e+09 6.133307623649522781e+09 8.287043237833504677e+09 -6.521315700947420120e+09 7.695311752443257332e+09 -2.776900600800939941e+10 1.078656267793683529e+09 -3.540120425406004429e+09 8.488660148206725121e+08 2.636310050848094940e+09
-1.310152902589646983e+05 -1.850902025013559614e+04 1.147422096740916168e+05 2.044671045907980006e+05 7.573487809720485529e+04 1.063274015081229445e+05 1.134627254511568462e+05 8.715683850247031660e+04 8.623650406823039521e+04 1.129373765924681938e+05 1.088344787115472864e+05 8.805946213755359349e+04 8.870263259781552188e+04 7.992146035805997963e+04 7.931206046712749230e+04 9.226812147903311416e+04 8.677542519420292228e+04 6.911544825619822950e+04 8.134914873378687480e+04 9.287938697584244073e+04 9.454436574665113585e+04 9.042869207864593773e+04 9.506861586858129886e+04 8.863834545455763873e+04 7.258427376166688919e+04 8.397171716854789702e+04 8.805512926589109702e+04 7.613916603954881430e+04 8.425977744705673831e+04 8.271533920288257650e+04 8.627605805988922657e+04 9.197744838909404643e+04 8.967316631141083781e+04 9.169721107070644211e+04 8.449321166553618968e+04 8.413248230031391722e+04 8.809957704519387335e+04 8.866741682747782033e+04 8.738288751311578380e+04 8.438179549717777991e+04 7.507303107905182696e+04 8.377467682124047133e+04 1.115077335618931829e+05 1.805357062514515710e+05 1.028153761836529447e+05 8.197922309658474114e+04 8.595164486745197792e+04 9.306211782118794508e+04 8.946244659644202329e+04 8.692303710768502788e+04 8.154881095248898782e+04 7.727219315034095780e+04 7.726958562180321314e+04 8.036816191551774682e+04 8.004143101401267631e+04 1.578595658764001465e+11 1.281341296722433624e+11 1.116317363862409210e+10 -5.301091209784306335e+10 -1.549581629909528351e+10 -6.824231759972323608e+10 1.430481868933292389e+10 -1.875078746101661682e+10 -2.701513609275015640e+10 -8.284475743585677147e+09 1.249069644140922089e+11 6.508505957082768440e+09 -6.242513732426574707e+09 7.690352718007654190e+09 2.786522863264567852e+09 9.226829698796384811e+09 5.868839846526161194e+09 5.935130701479653358e+09 -3.999252417998219490e+09 -2.161443550655044861e+11 -6.653624714022346497e+09 -3.062132733751586080e+08 -1.262324318049176025e+10 -8.143412355493843555e+08 1.230987398830161810e+09 -1.009963435903049278e+10 -2.995075925136032104e+09 6.313258631694809914e+09 8.580214361899555922e+08 1.004666682996112555e+08 1.279947323598044872e+09 -7.290519374864772797e+09
-3.526657541563378181e+05 -2.891548239372443641e+05 5.408320106127549661e+04 4.862519500988766958e+04 -1.596214600485616575e+04 3.417799851988407318e+04 8.971976227497552463e+04 6.847892861289314169e+04 1.178055550955007493e+05 1.010821125544809911e+05 6.204134964428802050e+04 8.045325145425887604e+04 8.188944814926503750e+04 8.339230709492128517e+04 9.261407092490269861e+04 8.098638904438485042e+04 6.902367675660381792e+04 7.682467182026790397e+04 7.953723217984402436e+04 9.178996819371679157e+04 7.609155178329683258e+04 8.822142751096768188e+04 8.875715253594875685e+04 7.590346533124524285e+04 7.329682817200849240e+04 8.725295034842562745e+04 7.663094854413135909e+04 7.512878540548165620e+04 8.864179099608365505e+04 7.948468364784365986e+04 8.602346867107073194e+04 8.363022938279648952e+04 8.182343497463692620e+04 7.955007883848302299e+04 7.902514634894604387e+04 7.913435683672594314e+04 8.439795246010438132e+04 8.601608777898902190e+04 7.875813069948744669e+04 8.219878907627752051e+04 7.954288835982943419e+04 8.562868005407720921e+04 8.525650924576552643e+04 1.028153761836529447e+05 1.699202713941010879e+05 9.775024386060194229e+04 8.862868616070752614e+04 9.126451632002992847e+04 8.377290530913053954e+04 8.331628632776555605e+04 7.740120054314580921e+04 7.708333112402763800e+04 7.612620926670003973e+04 7.587557981962412305e+04 7.563757573617011076e+04 -5.790932493175573730e+10 5.364265454829604340e+10 -3.861044931134075165e+10 -9.606322314092192078e+10 -2.697803308444657135e+10 -3.121051338949999619e+10 -3.171185678829877472e+10 -4.223377980013690948e+10 -3.864046908423859406e+10 -4.245085087704338074e+09 7.362697180526925659e+10 -3.072941675475482178e+10 -1.079217670321977234e+10 -9.746110732207942963e+09 -6.631447631614206314e+09 -3.061514748690755081e+10 -8.748621237300224304e+09 -4.335631056120113373e+09 -3.349774741078917503e+09 -3.135915992989229126e+11 8.600561643364167786e+10 -1.702465120018112946e+10 -8.527711587333630562e+09 -8.235858802448021889e+09 -1.755017313274631500e+09 -1.111033040086951065e+10 -3.384776224291752338e+09 -1.430009570988526726e+10 -6.729838859186546326e+09 -7.868121023565939903e+09 -7.099772985175435066e+09 -6.885515953001684189e+09
-2.204857081610787136e+05 -1.581311656460397062e+05 1.679412958557000093e+05 1.434009371428575832e+05 6.923395823895180365e+04 1.012676083632882073e+05 7.616471928319556173e+04 3.985103789980960573e+04 7.466541938483947888e+04 7.648661260037870670e+04 7.820769647091977822e+04 9.190470489370536234e+04 6.520486982302064280e+04 6.483474594140832778e+04 7.148710654864335083e+04 8.752643909223066294e+04 7.270289741596026579e+04 7.158753892713149253e+04 7.816036050538452400e+04 8.903484568817475520e+04 7.770819385540505755e+04 7.887292712570114236e+04 7.842345304903594661e+04 8.106468500260819565e+04 7.735738959783939936e+04 7.765171888685744489e+04 7.521533708513139572e+04 6.872090762122717570e+04 7.523344825339561794e+04 7.601561412560996541e+04 8.457287258338904940e+04 8.601690454026413499e+04 8.199239501334403758e+04 7.706288783551863162e+04 7.926531212783156661e+04 7.693529779223498190e+04 8.257637916307174601e+04 8.049492350719554815e+04 7.604723605739408231e+04 8.111992431004918762e+04 7.842182087241172849e+04 8.795391611020505661e+04 7.921562140268931398e+04 8.197922309658474114e+04 9.775024386060194229e+04 1.615013827019830060e+05 1.054912841487269907e+05 9.569742015289032133e+04 8.469588005497562699e+04 8.174933398674736964e+04 7.920241648319341766e+04 7.784640811573719839e+04 7.885907432408728346e+04 7.501069248682458419e+04 7.954124054544654791e+04 -4.240755246482659912e+10 4.422330660079010010e+10 -9.561073566838884354e+09 -5.096258876005871582e+10 -2.232409941875102234e+11 -3.514529370686507416e+10 -3.308735342665718842e+10 -2.443311058930918884e+10 -3.867206589072206116e+10 4.110950189420107365e+09 5.631525732486411285e+10 1.416357301912328529e+10 1.657541079211858749e+09 -1.080798080285276222e+10 -6.538391558691771507e+09 7.188680563273972273e+08 -6.653558505536991119e+09 -5.831470281141297340e+09 -1.095171200640739632e+10 -1.149668142014469147e+11 9.964550247039709473e+10 -2.235778173039854813e+10 -1.773157588900999069e+10 2.821019837610103607e+09 -6.350902039029445648e+09 -1.110102671955282593e+10 1.649095372190471888e+09 -8.465872550143033266e+08 -1.415226333426470184e+10 -5.691362544490701675e+09 -6.422523305971934319e+09 -7.376871235074880600e+09
-4.223712456058353418e+05 -2.533005751209690643e+05 1.013162576422232669e+05 1.229320532312295691e+05 8.049145922378066462e+04 8.034975916095389402e+04 1.013966505047741521e+05 6.963166959266237973e+04 9.118869519224882242e+04 8.409088862934586359e+04 8.740158639423572458e+04 1.077244085225346498e+05 7.470959826490459091e+04 6.022024401391596621e+04 8.130375653996893379e+04 8.735469426262503839e+04 7.766413555100662052e+04 6.889624450031999731e+04 8.334423766553726455e+04 8.959686645014461828e+04 8.356132094297208823e+04 9.372304701311723329e+04 8.752747021813530591e+04 9.184790769079473102e+04 7.258473156908281089e+04 8.256961130776925711e+04 8.463009365907197935e+04 7.503795553828973789e+04 7.316603896021723631e+04 8.139432815917723929e+04 8.852560845978424186e+04 9.245973769645193534e+04 8.903989487345470116e+04 7.859898236393132538e+04 8.534450546383632172e+04 8.973642216341249878e+04 8.958933233806926000e+04 8.754489738888210559e+04 8.341363697003583366e+04 8.577021224114893994e+04 8.355610656179557554e+04 8.691047087388139335e+04 8.476362399041496974e+04 8.595164486745197792e+04 8.862868616070752614e+04 1.054912841487269907e+05 1.724969329893477261e+05 1.156152270377173409e+05 9.070490218271555204e+04 8.996925740451908496e+04 8.214873144118543132e+04 8.229198095568254939e+04 8.648996275171046727e+04 8.456374531925264455e+04 8.193176540228888916e+04 -1.412069508392959976e+10 1.496251336725224609e+11 5.718439056209391022e+10 -7.725427582557951355e+10 -6.513117255579695129e+10 -4.726077646048085022e+10 -3.127957056099729538e+10 -2.183429883667741394e+10 -2.714029821021253967e+10 -1.232397300084648132e+10 -1.614805211373485413e+11 1.206127291680269623e+10 1.549644225961486816e+09 -6.986090044832811356e+09 4.473576270503362656e+09 6.886001739231613874e+08 -9.546429856140001297e+09 -2.492828813622159481e+09 -4.038908595369431019e+09 -1.120700270983176575e+11 -4.959494043320168304e+10 -1.288534554068586922e+10 -1.324133410506385803e+10 1.159275526546870232e+10 -3.858208528508552551e+09 -1.217494457435932159e+10 4.016583938444043636e+09 -1.548399877581966400e+10 -1.041032130128152466e+10 -8.723692613746559143e+09 -3.541664932191321850e+09 -4.559210817743980408e+09
-4.115298037115865154e+05 -2.207339202013532849e+04 8.363294516243187536e+04 1.364152229926643486e+05 2.490155035662736918e+04 6.671999416657764232e+04 9.215128435994571191e+04 5.500345689392221539e+04 9.953079275595214858e+04 1.042189499960978865e+05 8.491648932434018934e+04 9.846748427283139608e+04 7.304711173529685766e+04 6.723743734064698219e+04 8.752551980184506101e+04 9.287674636986314727e+04 8.518040883464524813e+04 6.936257288610863907e+04 8.354735857587876671e+04 8.849272347140905913e+04 8.612710644312409568e+04 9.795711945933496463e+04 8.966939683758188039e+04 9.265716961376994732e+04 7.433209069910246762e+04 8.423136333845568879e+04 9.167394195130755543e+04 8.525466735001016059e+04 9.222346388551118434e+04 8.849053394014814694e+04 8.882773204211218399e+04 9.784063970289197459e+04 8.627621126419455686e+04 8.470619831146379875e+04 9.158145000484756019e+04 9.443269027178209217e+04 9.211514655807492090e+04 8.379361594843775674e+04 8.749457865610030422e+04 8.357962029867178353e+04 8.465158812634008063e+04 8.324677138851712516e+04 9.351067962591617834e+04 9.306211782118794508e+04 9.126451632002992847e+04 9.569742015289032133e+04 1.156152270377173409e+05 1.784932741374870238e+05 1.093428622533990128e+05 9.528850422337504278e+04 8.837152518696589686e+04 8.275003569801912818e+04 8.510040687978529604e+04 8.729304191418597475e+04 8.720348596125116455e+04 1.642186292262185364e+11 6.813844122475461578e+10 2.873522370595329762e+09 -5.149626738189405060e+10 2.209211434465285339e+11 -5.077457067554354858e+10 -5.921018443903084755e+09 -9.734461459871824980e+08 -1.449607811287849236e+10 3.837320072219282627e+09 -1.848801913365813904e+11 1.298639336841569901e+10 5.868307362535156250e+09 -1.352340071494028664e+10 -2.037506597799237728e+09 -3.013741829352277756e+10 -9.767419911469060898e+09 1.519268864319019318e+09 -1.297470212063937664e+09 -2.427388111293022461e+11 -8.339149777084164429e+10 -1.434985886290424538e+10 -2.849968392029270172e+10 5.287289564239053726e+08 -5.677023027031648636e+09 -1.181713638383087921e+10 2.540113433848311305e+08 -5.273503128269382477e+09 -3.065974849317691326e+09 -1.036441110609447479e+10 -4.336642005362079620e+09 -1.452923635043641806e+09
-2.472721229888274102e+05 6.597695497625911230e+03 -4.363917364676629222e+04 7.294551302748493617e+04 6.554440526578822755e+04 8.858817663874871505e+04 1.024063795103245793e+05 7.080349086133067613e+04 9.949315565217869880e+04 1.133415743031752354e+05 7.369811480725901492e+04 8.295577049739009817e+04 8.193457107911807543e+04 7.220483446781556995e+04 8.486866446918841393e+04 7.973583031439525075e+04 6.643801416470609547e+04 7.867563970727684500e+04 8.881974867312989954e+04 9.220926860012474936e+04 7.422785714385466417e+04 8.024364486105612013e+04 7.644944188926780771e+04 9.037379392318648752e+04 8.171398834683500172e+04 7.457824315387592651e+04 8.349794646409775305e+04 8.105890085223653296e+04 8.130053133174982213e+04 7.973546845535967441e+04 8.549697400272343657e+04 9.284780274899533833e+04 8.760651391989951662e+04 8.434944660722490516e+04 8.309284259127349651e+04 8.497518886131921317e+04 8.471786243513044610e+04 7.893350149681846960e+04 8.200780440108198673e+04 7.737556908743154781e+04 7.681248398562014336e+04 7.716755194607752492e+04 8.994153831543945125e+04 8.946244659644202329e+04 8.377290530913053954e+04 8.469588005497562699e+04 9.070490218271555204e+04 1.093428622533990128e+05 1.582991997210284171e+05 1.027582214887293085e+05 8.729839046791056171e+04 8.289839264783766703e+04 8.371958880194158701e+04 8.304549895005294820e+04 8.679757641164724191e+04 -2.369314094016064758e+11 2.798914990948014259e+09 1.959621906665936279e+10 -5.494340339545652771e+10 1.089019669267042999e+11 -7.410651974422053528e+10 -2.676167909259377480e+09 3.696871704238599777e+09 -2.700693396078496552e+10 -2.038197218745617676e+10 -1.060419965890998840e+10 1.865085877999103546e+10 -5.881447338842288971e+09 -5.196264676712889671e+09 -1.135952462178515434e+10 -8.894912755883794785e+09 -4.317734415878670692e+09 -4.339499154192918777e+09 -2.752711124599105835e+10 -8.657251262367424011e+10 -5.046221638379672241e+10 -1.155446557837661982e+09 -2.393976512940743256e+10 6.604689730309509039e+08 -6.052819312991418839e+09 -9.235859691688514709e+09 -2.960824969109643936e+09 1.033660524452611351e+10 -1.853969298678980350e+09 -1.029748618872912598e+10 -8.909470983947540283e+09 -3.793973717335042477e+09
-1.901692300788573339e+05 5.680221285802030616e+04 3.657541000382442871e+04 4.043442830739666533e+04 6.143982144144023187e+04 9.846342778887998429e+04 1.368504756695173564e+05 8.919990177329607832e+04 6.074941848385818594e+04 1.127111235977352626e+05 7.899717838344941265e+04 9.028390696837933501e+04 8.645841273759522301e+04 8.709152594009593304e+04 9.702531810789083829e+04 9.563577984465703776e+04 7.495352858582574117e+04 7.495540105392027181e+04 9.341683245352959784e+04 9.327366919225068705e+04 8.185391434965968074e+04 9.543714935504831374e+04 8.969406363824426080e+04 8.662348090750936535e+04 7.959385071205356508e+04 8.017652870063540468e+04 8.368049428521579830e+04 8.642713750301179243e+04 8.168508896784878743e+04 7.237475840148548014e+04 8.837630182283185422e+04 8.970718375197157729e+04 8.470160623080901860e+04 7.897508048524062906e+04 8.454163199627588619e+04 8.501740931978332810e+04 8.450433200805223896e+04 8.140471401125214470e+04 8.553592722922837129e+04 8.530293008688834379e+04 7.519152797402543365e+04 8.335486611235656892e+04 8.228361449846941105e+04 8.692303710768502788e+04 8.331628632776555605e+04 8.174933398674736964e+04 8.996925740451908496e+04 9.528850422337504278e+04 1.027582214887293085e+05 1.576429523559031950e+05 9.968884337060531834e+04 8.759775883263823926e+04 8.455686372524357284e+04 8.391021443000611907e+04 7.949788954242633190e+04 -1.367736634983951111e+11 -2.336263002184112549e+10 3.725720846370701599e+10 -5.377154034544456482e+10 3.040257087120020142e+11 -1.142264143048369026e+10 -1.226097469843416786e+10 1.463448538982913971e+10 -8.375219677967827797e+09 -8.427568853302261353e+09 2.387747988332279968e+10 2.892562376395759964e+10 2.291108294310956299e+08 -1.336611925517930794e+10 -1.446185946268619156e+10 1.120491635132851601e+10 -5.027537924307241440e+09 -4.544552358909436464e+08 -1.128308740405747032e+10 -1.044869057200939178e+11 5.244511985135427856e+10 5.553665051992043495e+09 -1.537471116961458969e+10 4.844759441875046730e+09 2.980536640034461021e+09 -6.501740630323328018e+09 -5.135897051228908539e+09 2.224049582857637405e+10 -1.936308497590628147e+09 -3.706653507792129040e+09 -5.509512953921900749e+09 4.508706087005737305e+09
-2.694573983466973368e+04 2.502263870101390057e+04 1.632991569804449682e+05 1.629695693967217521e+05 8.410493735015287530e+04 8.250652816545807582e+04 1.101232168336067989e+05 3.938340165672714647e+04 6.950595048318934278e+04 1.024035144789203041e+05 6.668923193755927787e+04 9.351495072652252566e+04 7.270393124970074859e+04 7.389036388946772786e+04 8.593711915346886963e+04 8.702514949476550100e+04 8.369498630520254665e+04 7.012945278570638038e+04 8.875925753898800758e+04 9.714408572853491933e+04 7.844423638828120602e+04 9.180002453547716141e+04 8.403130493998454767e+04 8.755209100666645099e+04 7.900784779305757547e+04 7.827774818622172461e+04 8.315022776678913215e+04 7.453781859304226236e+04 7.510801187790634867e+04 8.300455129039732856e+04 8.651124075531048584e+04 8.500575064922464662e+04 8.005043863140691246e+04 8.214799015655499534e+04 8.257968040867050877e+04 8.680109219630458392e+04 8.306551491125207394e+04 7.763488853565909085e+04 8.177093147994941683e+04 8.242409962866369460e+04 7.542241804763967230e+04 7.543176657310937298e+04 8.267395496869427734e+04 8.154881095248898782e+04 7.740120054314580921e+04 7.920241648319341766e+04 8.214873144118543132e+04 8.837152518696589686e+04 8.729839046791056171e+04 9.968884337060531834e+04 1.473266414332230052e+05 9.604554811033481383e+04 8.211763084747931862e+04 8.011119054881870397e+04 8.213795681143178081e+04 -1.201786943675391846e+11 8.359335352056040955e+10 -7.255255043323144913e+09 -3.054397968750405884e+10 2.064528744723389587e+11 -3.660765792359145355e+10 7.910826511977324486e+08 8.780439402012510300e+09 -1.736995789526092148e+10 -8.546470232337699890e+09 7.342947894550558472e+10 1.862713732460031509e+10 1.649487617562804794e+10 -5.308150765916396141e+09 -1.420226617680253029e+10 -1.281759817239205933e+10 -7.166036920311501503e+09 -4.457808984850192070e+09 -1.469408967786824226e+10 1.711889657373723030e+10 3.895507006674593353e+10 -1.402610343514654160e+10 -1.756032439988095093e+10 9.737219683593973160e+09 1.162929743456784010e+09 -1.147590597970788383e+10 -9.394899587802953720e+08 -9.185962475255704880e+09 8.119206116554078102e+09 -7.986796806777563095e+09 -9.263696256756141663e+09 5.771767043552954674e+09
-4.460770364476794493e+05 -1.608618774129591475e+05 7.842142725982167758e+04 1.227088962248351017e+05 1.219615480379634973e+05 8.046503948429221055e+04 1.245289024018585478e+05 5.760066912435023551e+04 1.149033183809148904e+05 1.137013595493156754e+05 9.143250293257422163e+04 1.164098832251253334e+05 8.423317392739925708e+04 5.377392991709491616e+04 8.298529585984886216e+04 8.277566234712579171e+04 8.469238216305484821e+04 7.316273097661495558e+04 8.414369726188531786e+04 8.868772752254882653e+04 8.491126594745567127e+04 9.555280287421340472e+04 9.167538177159735642e+04 8.611285471517690166e+04 7.221052145888142695e+04 7.213740121652236849e+04 7.899584543019234843e+04 7.316181406603772484e+04 7.352265041834223666e+04 7.482589327988339937e+04 9.080164983620023122e+04 8.886065066389570711e+04 7.776632552219950594e+04 7.863033145670621889e+04 8.256991579662506410e+04 7.706685122199317266e+04 7.877232139036571607e+04 7.443692811095733487e+04 7.417335006397671532e+04 7.838345518832521338e+04 8.124314676072519796e+04 7.802271526297934179e+04 8.339529164766693430e+04 7.727219315034095780e+04 7.708333112402763800e+04 7.784640811573719839e+04 8.229198095568254939e+04 8.275003569801912818e+04 8.289839264783766703e+04 8.759775883263823926e+04 9.604554811033481383e+04 1.492851886719067115e+05 9.405254073321881879e+04 7.825641484672849765e+04 7.876240238026416046e+04 -9.676404256492228699e+10 1.136044457480555878e+11 1.433773397182107735e+10 -6.211609927647359467e+10 2.587348861135982361e+11 -3.506944848021786499e+10 -1.120134058513879013e+10 -1.309110668658172226e+10 -1.496553215615040588e+10 -1.635008073453991699e+10 1.509753735637669067e+11 2.642609936347814178e+10 4.305690644720028877e+09 8.439790381519073486e+09 -6.074169599185455322e+09 -2.496246204240478516e+10 9.686324773526272774e+08 8.368003970173121691e+08 -9.660239704522310257e+09 -1.965604750152670898e+11 7.562395098605415344e+10 -3.543714190435564995e+09 -1.001035557075835609e+10 -9.367451280952856541e+08 5.901588017653728485e+09 -4.801113695904500008e+09 2.045210433030440092e+09 -2.480854725864057541e+10 -4.038824128552956581e+09 -4.008781895017857552e+09 -6.267044735633402824e+09 -6.592684679470110893e+09
-6.364857963738470571e+05 -1.007463745174742362e+05 1.052410674939067685e+05 1.442947589630057337e+05 4.801960448985609401e+04 4.643135787177483871e+04 8.358262598688332946e+04 6.689681372742103122e+04 1.030818353257830313e+05 1.039260218559228815e+05 7.741682847894060251e+04 1.029038563471520611e+05 8.434906199523425312e+04 8.753368691842208500e+04 9.527956077116269444e+04 7.803124551395293383e+04 7.969882729827702860e+04 6.864698039780309773e+04 7.103523314277656027e+04 9.226396903101586213e+04 8.039661864597241220e+04 8.135980780280963518e+04 8.710092775952101510e+04 8.681434178654852440e+04 7.499735583936695184e+04 8.296010793965084304e+04 7.924599315337969165e+04 7.459061220767544000e+04 8.126607435975648696e+04 7.750825847897652420e+04 8.619750814714666922e+04 8.438094200428700424e+04 8.202508473034777853e+04 7.958559375742735574e+04 8.344253000272905047e+04 8.253045359957980691e+04 8.185443218541490205e+04 8.181490946990570228e+04 7.874705119906626351e+04 7.627936645243510429e+04 8.104502407779997156e+04 8.221614600038639037e+04 8.843195407484631869e+04 7.726958562180321314e+04 7.612620926670003973e+04 7.885907432408728346e+04 8.648996275171046727e+04 8.510040687978529604e+04 8.371958880194158701e+04 8.455686372524357284e+04 8.211763084747931862e+04 9.405254073321881879e+04 1.470750555282958958e+05 9.350389986935397610e+04 8.190188600602556835e+04 1.899721228093393707e+10 6.667635054836650085e+10 8.932145624875804901e+09 -2.703670466652284622e+10 5.986477860135760307e+09 -5.469975723148600006e+10 -3.234875534019025421e+10 -2.618107652361801147e+10 -2.190074491622576904e+10 -1.618368435591189194e+10 1.228964930902310944e+10 9.757260305357095718e+09 6.025332652499798775e+09 2.325989685861033916e+09 8.101998055087944269e+08 -1.407824328890572739e+10 -2.246477178967908323e+08 -2.755889412753330231e+09 -3.651924086391683578e+09 -8.800524415020635986e+10 -2.308098839574374390e+10 -2.355769587688393593e+09 -3.870821469713524342e+09 7.350612688963726997e+09 -6.983954606791028976e+08 -1.152941673522664642e+10 4.070605372093439579e+09 -1.456661013354013062e+10 -9.192519390961757660e+09 -7.694916710800589561e+09 -4.749944930310920715e+09 1.145868688817927837e+09
-2.889857455615396029e+05 -1.487111215304540019e+04 8.133515460351688671e+04 1.529281135920392699e+05 3.292485301477379835e+04 2.725502601503832193e+04 9.050614191927775391e+04 1.042009806964868476e+05 1.188639867503766291e+05 1.028783515642368729e+05 5.766132454793179204e+04 9.160970579722773982e+04 5.497491137832820823e+04 6.836240186964358145e+04 8.746923907209724712e+04 6.778082766978439759e+04 6.918954321375204017e+04 7.628627997650986072e+04 8.643194779587385710e+04 8.807220571405079681e+04 8.175634604620482423e+04 7.764232459488531458e+04 8.350889693329467264e+04 8.373007742782120476e+04 7.398711051514765131e+04 7.337140790121536702e+04 7.754145456592133269e+04 7.194294121398105926e+04 7.896279249377458473e+04 8.061663017606522772e+04 8.153718845680714003e+04 7.919449616651014367e+04 7.807093385932130332e+04 7.647755890240534791e+04 8.424216249808140856e+04 8.183628717903909273e+04 8.347782197072978306e+04 8.109583846251005889e+04 8.152386935662677570e+04 7.940320599867659621e+04 7.549778497887693811e+04 8.086991471734581864e+04 8.443420951423713996e+04 8.036816191551774682e+04 7.587557981962412305e+04 7.501069248682458419e+04 8.456374531925264455e+04 8.729304191418597475e+04 8.304549895005294820e+04 8.391021443000611907e+04 8.011119054881870397e+04 7.825641484672849765e+04 9.350389986935397610e+04 1.407036392725659534e+05 9.549847026261186693e+04 5.715511761587458801e+10 -6.225885460008045197e+10 4.846935258030599213e+10 -5.486853020599450684e+10 -2.530178695272834473e+11 -3.116662552957683563e+10 -2.171295348339168549e+10 -3.437517786219827271e+10 -1.514894562060455322e+10 -1.434959138521162033e+09 9.268635017342532349e+10 -3.004205662217926407e+10 8.909848254873857498e+09 -2.561263468798257351e+09 3.835833772157009602e+09 -1.569038290538877869e+10 -2.388860305323225498e+09 -1.651984299458005428e+08 -1.601981617125868988e+10 -1.938410083698967590e+11 3.390795607978454590e+10 -1.125578465930819130e+10 -1.037630805274013901e+10 -4.338076692261337280e+09 -7.852964538353810310e+09 -8.714852241823429108e+09 -1.993493964577891827e+08 -2.235746048299169159e+10 -9.296655459124341965e+09 -8.916081273580101013e+09 -1.128636994922049904e+10 -7.986286941058923006e+08
-5.970079761796097591e+04 -8.815833147943780932e+04 5.185522935286056600e+04 1.714018690194008523e+05 4.003777423260665819e+04 8.294460976293371641e+04 1.111244984931403742e+05 7.691099304910072533e+04 8.870644127800590650e+04 1.025923545204872935e+05 8.715985895155102480e+04 8.770888731043974985e+04 6.647952559695010132e+04 6.775261795476809493e+04 7.995960090807362576e+04 1.001661755763881665e+05 7.876216242193424841e+04 7.880546775390501716e+04 8.149433347889517609e+04 8.656395201313980215e+04 8.170556663651263807e+04 7.770654413994684000e+04 8.406825788983257371e+04 8.826542743798182346e+04 7.548057172106493090e+04 7.234309494827163871e+04 7.874930645642286981e+04 7.456354897643005825e+04 7.805194802631916536e+04 7.342519131614522485e+04 8.420221299355996598e+04 8.481437984166415117e+04 7.549073698596972099e+04 7.322058441955140734e+04 8.255196252078187536e+04 7.779568801352925948e+04 7.707317168695795408e+04 7.665126707507373067e+04 7.751565389963326743e+04 7.457637887999389204e+04 7.170634560011062422e+04 8.117021056626389327e+04 8.891105742229045427e+04 8.004143101401267631e+04 7.563757573617011076e+04 7.954124054544654791e+04 8.193176540228888916e+04 8.720348596125116455e+04 8.679757641164724191e+04 7.949788954242633190e+04 8.213795681143178081e+04 7.876240238026416046e+04 8.190188600602556835e+04 9.549847026261186693e+04 1.375755272706483374e+05 1.280759889204464722e+11 5.323724832396717834e+10 -2.924219958789456177e+10 -1.474229945289027214e+10 2.811372155889568481e+11 -7.963081675876322937e+10 -2.002687753809709930e+10 -3.738570319461077118e+10 -3.040951830509206772e+10 -1.483179087573672867e+10 6.835327050843371582e+10 -4.020775412627283573e+09 -4.988968781908704758e+09 -6.618023805441497803e+09 -2.396645240315472126e+09 -6.744721015815607071e+09 -6.016114285256615877e+08 -2.870132822550221920e+09 -1.608774558187550735e+10 -4.434184403436350250e+10 8.926086763425676346e+09 -1.480614491375266266e+10 -1.274781291256789970e+10 -1.705763397587449646e+10 -4.000368885069911957e+09 -6.665483028721626282e+09 1.401877061402310431e+08 -2.224560306959118271e+10 -1.203741486461459398e+09 -5.003577766334827423e+09 -9.520808241333158493e+09 -2.883905160732943058e+09
1.667335687701796680e+13 1.124315924337607422e+13 1.754619603972123633e+13 4.565402203459075195e+12 7.829910431446563721e+11 1.610332931613557129e+12 1.702687646968850136e+10 2.866349146829562378e+10 1.070165467317858887e+12 -1.514492393132301025e+12 7.419313213892817383e+11 -8.567643198825572510e+11 1.018161404960010010e+12 8.518990009433018799e+11 -2.116364647031658020e+11 -6.180473563303749084e+10 -1.636847737622107239e+11 -3.432280141198456421e+11 2.175689915120749207e+11 -2.167452746137483521e+11 1.040422986163315277e+11 -2.377462004525440979e+11 7.814159659329754639e+10 -5.446998839540471649e+10 -2.558404272533253784e+11 -1.883406760659655457e+11 -7.018963523912135315e+10 -7.119285577182593994e+11 -1.126470849618805084e+11 1.234405196369017334e+11 4.396025503986346436e+10 1.864791180015718079e+11 -4.827682199420460510e+10 -1.639493624132961464e+10 3.042248589830573273e+10 -1.472610936663247070e+11 -1.330536991365916290e+11 -3.839179010276948547e+10 7.571124277030133057e+10 1.159724583582552338e+11 -4.494961385287917328e+10 1.037474335828009644e+11 -1.975168132826021423e+11 1.578595658764001465e+11 -5.790932493175573730e+10 -4.240755246482659912e+10 -1.412069508392959976e+10 1.642186292262185364e+11 -2.369314094016064758e+11 -1.367736634983951111e+11 -1.201786943675391846e+11 -9.676404256492228699e+10 1.899721228093393707e+10 5.715511761587458801e+10 1.280759889204464722e+11 1.855022888229527880e+20 1.837712023383659315e+19 8.392943513637137408e+18 1.454784975492742080e+17 -2.279263066177481114e+19 3.008190303968585216e+18 -1.744188874801320640e+17 5.216906182808214528e+18 -2.939162238960570240e+17 1.451993049793113856e+18 -5.404264358676055040e+18 3.718837129270746880e+17 2.955014580075715072e+18 -3.830681208238613120e+17 1.190068218013647840e+17 6.227539811768223744e+18 -5.648378480729128960e+17 -4.387380385349748800e+16 8.424373293203062000e+15 -5.274020339212925952e+18 -3.604824467898645504e+18 -4.297632930386542720e+17 5.473073472422135040e+17 2.394360352475843072e+18 -6.787969838736575200e+16 5.791406901045791200e+16 -2.179102303566232000e+17 5.889335112639024128e+18 -1.369955572941716160e+17 7.366668429314539200e+16 -2.703861541224827200e+16 1.470480682074992320e+17
9.200866058494044189e+11 4.733712165693807617e+12 9.037074048391876953e+12 4.133111618770228516e+12 2.100607818699713135e+12 7.151059439547415771e+11 2.360246615625794373e+11 -8.418937520081060791e+11 6.946336274646102295e+11 -2.743560644369154739e+10 9.146559199445075989e+10 2.881105074309475708e+11 4.955778348804460449e+11 -2.625287771650164032e+10 5.853637093240303040e+10 2.186392618393402710e+11 -3.125883946487323380e+10 -2.095325920822901154e+10 2.123181642012089539e+11 3.148734355434783325e+11 2.271769952754890442e+11 4.930612885082302856e+10 1.771104809169648438e+11 1.515466909563471069e+11 -6.174086748867224884e+10 -3.045322569101255035e+10 -1.653195100491695595e+10 1.767923750824489594e+10 -5.117405157431222534e+10 6.109761168601702881e+10 2.076102352172511292e+11 7.601956450768487549e+10 2.490016799517994308e+10 5.044059720683872986e+10 1.762914948162407532e+11 1.020785468613076477e+11 6.217228654729444885e+10 1.885773978711002808e+11 2.206510565105574341e+11 3.220664704771026611e+10 4.679330249870080566e+10 2.726293579319403458e+10 8.045062588706857300e+10 1.281341296722433624e+11 5.364265454829604340e+10 4.422330660079010010e+10 1.496251336725224609e+11 6.813844122475461578e+10 2.798914990948014259e+09 -2.336263002184112549e+10 8.359335352056040955e+10 1.136044457480555878e+11 6.667635054836650085e+10 -6.225885460008045197e+10 5.323724832396717834e+10 1.837712023383659315e+19 4.570556968996795187e+19 5.194911306387921920e+18 5.698661472430211200e+17 2.447217681573702042e+19 2.254633144887746048e+18 -1.747988302351668160e+17 1.158536844669334528e+18 -1.840205016431745920e+17 -1.530658664122773120e+17 4.555531571083385600e+17 -6.235308382435215360e+17 1.160298735805925632e+18 -4.738461398972928800e+16 -1.032672538696661280e+17 1.471114743585974272e+18 5.349973109506707200e+16 -7.533674796129699200e+16 -1.743670778045802560e+17 1.563590644783746560e+18 7.680584168118437120e+17 -2.176827799326850560e+17 3.608171814568159200e+16 1.493548930490844672e+18 1.149632050246616160e+17 -7.868457820860604800e+16 -2.974295329004374800e+16 1.217149274349831936e+18 6.386592643069320800e+16 1.493314300745946560e+17 -5.965294474350489600e+16 -2.610638871622437500e+15
6.870029949599242188e+12 5.768826679796090820e+12 3.186183125283220215e+12 2.091374836609979004e+12 1.496785134340335938e+12 6.606229153787828369e+11 4.853997453668280640e+11 -1.146533612164054260e+11 1.181710528877236557e+10 -3.328474103890413666e+10 3.229881060027924194e+11 -5.712116925032082558e+09 2.736369396429636002e+10 -1.433047572188854065e+11 -4.796236966744242859e+10 -1.416570346520735779e+11 -4.196265670171582794e+10 -4.298597859752762604e+10 9.246069051329562378e+10 5.508490014129327393e+10 4.763227745572595596e+09 -6.104007226607263947e+10 -1.400114548129029846e+10 6.765200106775697708e+09 4.494290858519818878e+10 6.453166201038507080e+10 3.792939321798258209e+10 -2.352013465793791580e+10 -3.779410768030982208e+10 4.741781137915237427e+10 3.212828610687707138e+10 -2.415101415454306793e+10 1.319959341652445221e+10 -5.928105004892057800e+10 -6.289325714129440308e+09 -2.789010122143151855e+10 -1.106956854641131439e+11 -8.382011753191302490e+10 -3.353482077466585541e+10 -2.743307267299009323e+10 -6.264721160800381470e+10 1.401409277052708244e+10 -2.128382872151340485e+10 1.116317363862409210e+10 -3.861044931134075165e+10 -9.561073566838884354e+09 5.718439056209391022e+10 2.873522370595329762e+09 1.959621906665936279e+10 3.725720846370701599e+10 -7.255255043323144913e+09 1.433773397182107735e+10 8.932145624875804901e+09 4.846935258030599213e+10 -2.924219958789456177e+10 8.392943513637137408e+18 5.194911306387921920e+18 1.158001704903694746e+19 1.103527355696138112e+18 2.037610619333290752e+18 1.870699324581236992e+18 1.311582648500645120e+17 2.355461182289683456e+18 -5.504957118292036800e+16 -1.881374394386084800e+17 -1.124896911072776448e+18 1.023923762708275680e+17 6.123969015834238720e+17 6.569283052248896000e+16 -3.669904822227081600e+16 2.053188809506393856e+18 3.567041703815608000e+16 1.874701399536339200e+16 -2.727690362584856000e+16 3.336940225301850000e+16 -1.645284552459260672e+18 1.267545715359867800e+16 3.652726825059919500e+15 8.739401860452990720e+17 9.651631499813158400e+16 5.745601526954322000e+15 -4.253262255935295500e+15 1.875943769425400064e+18 1.445644565779063040e+17 -1.245996707886833200e+16 -2.342906293657557600e+16 -2.014099325036522000e+16
2.653067133948171875e+12 2.058857984005353088e+11 -7.979050439847667236e+11 1.042929858940658936e+12 1.508061444947593262e+12 1.814539761615973389e+12 9.544217182021984863e+11 2.437460703932474976e+11 -1.839211599467705994e+11 -5.348792841195207977e+10 2.021368240774130249e+11 2.081757594015038757e+11 1.594343329480166931e+11 -1.289678625123405609e+11 -1.278098103675421906e+11 -1.305863565765255585e+11 -4.237382967316703320e+09 -5.524551169130746460e+10 -7.242145140048439026e+10 -8.870941342660356140e+10 -3.918078806208638763e+10 1.144183884331862259e+10 -7.706739777287762451e+10 2.937280377508439636e+10 3.458687770009317780e+10 6.425507516791199493e+10 -1.157451479418986664e+11 -7.067577637388760376e+10 -6.711222186531451416e+10 1.565052191288608789e+09 -3.387818708649208450e+10 4.779509886790447235e+10 -5.620459582552993011e+10 -1.288352073759141998e+11 -7.734906373983961487e+10 -5.419897615531339264e+10 -7.778457362858001709e+10 -2.543499483110787964e+10 -7.836543713458921814e+10 -4.084624873529682159e+10 -2.821751973030907440e+10 -4.311025013885192108e+10 -5.589552674853583527e+10 -5.301091209784306335e+10 -9.606322314092192078e+10 -5.096258876005871582e+10 -7.725427582557951355e+10 -5.149626738189405060e+10 -5.494340339545652771e+10 -5.377154034544456482e+10 -3.054397968750405884e+10 -6.211609927647359467e+10 -2.703670466652284622e+10 -5.486853020599450684e+10 -1.474229945289027214e+10 1.454784975492742080e+17 5.698661472430211200e+17 1.103527355696138112e+18 1.028006825646790451e+19 -2.638898272673373696e+18 4.333428974743325440e+17 9.053904345744833280e+17 -2.356879101045137920e+17 2.431789564316310400e+17 6.588070046489387200e+16 6.990369968673566720e+17 2.471313567124447040e+17 -2.552186420277192320e+17 2.640885554730512000e+17 -3.456025677673356400e+16 -1.199716178630774720e+17 2.739501858427975680e+17 2.241532415781690800e+16 1.713580796591032400e+16 1.608736370608985856e+18 3.266450256509753600e+17 2.507451679175057280e+17 -2.389962480027278000e+15 5.488477180356469600e+16 2.371043047802929920e+17 2.254104927224759000e+15 2.613035952342570000e+16 -6.709341929784641600e+16 2.430448718747380800e+17 -3.105201493941747200e+16 -1.067897628732679400e+16 -1.147980005278949800e+16
-2.557979296281564062e+13 -5.369085599186124023e+12 -1.428931320377308350e+12 8.252734219884862305e+12 2.174906252127476318e+12 -4.723222567224009766e+12 8.397437316219561768e+11 -1.307865980444073486e+12 -1.433488790292897461e+12 -8.428347988399062500e+11 -2.885835768303231812e+11 -4.756490322227500000e+11 -2.006375265719669800e+11 -1.135267486057179688e+12 -9.560836899265002441e+11 -1.191977413381372559e+12 -1.004051936758616211e+12 1.496420241012878723e+11 -8.269082734262976074e+10 -5.072915473398651733e+11 -3.683417558765598755e+11 1.335182531868643036e+11 5.594985478566287842e+11 1.336781505602001709e+12 8.619681774753796387e+11 4.247793145015619507e+11 -2.879671966810609131e+11 -5.429416860323460693e+11 -5.135818280433757324e+11 1.990503067985714722e+11 8.345595549168999023e+11 8.398292870565032959e+11 7.487608098687276611e+11 4.451644359542224121e+11 1.096194790781130371e+12 1.155689501652029266e+11 1.405775598930750122e+11 -9.992584977232772827e+10 2.946566983700639038e+11 1.857621011880868835e+11 2.699177943634149780e+11 1.191710396015949249e+11 3.294949849200290527e+11 -1.549581629909528351e+10 -2.697803308444657135e+10 -2.232409941875102234e+11 -6.513117255579695129e+10 2.209211434465285339e+11 1.089019669267042999e+11 3.040257087120020142e+11 2.064528744723389587e+11 2.587348861135982361e+11 5.986477860135760307e+09 -2.530178695272834473e+11 2.811372155889568481e+11 -2.279263066177481114e+19 2.447217681573702042e+19 2.037610619333290752e+18 -2.638898272673373696e+18 8.476069611940081828e+20 3.245792729210356224e+18 -1.320428983178606336e+18 -2.595034270792250560e+17 -8.964745190158086000e+15 -1.633872688916960768e+18 -1.308029306273755750e+19 -2.968787428288316416e+18 4.517947094629987840e+17 -9.657147480420979200e+17 -4.447077241315264000e+17 1.160547528416291584e+18 3.188727000068524800e+16 -1.831530995397348160e+17 5.048908209293944960e+17 -1.140352776755054592e+19 1.046917910561185997e+19 1.771824009033550400e+17 -1.071905806079605920e+17 1.999980162316416256e+18 -3.108225443405599200e+16 -2.422772149305357120e+17 1.308276118817516320e+17 5.126501825704712320e+17 5.151391911563225600e+17 -4.984087170353176800e+16 -4.550423254495393920e+17 4.181247192535460480e+17
2.725540609274387207e+12 2.206561899313765625e+12 2.851625267479344727e+12 1.803987890309899414e+12 6.855719128700457764e+11 5.573195212698099365e+11 5.466157191872137451e+11 2.887440750081819458e+11 3.716845933443635254e+11 8.933192829437142944e+10 -1.073361857141185913e+11 2.953869503150866699e+10 2.736633823149631500e+10 4.873127171877680206e+10 4.548532163367429733e+09 -2.080556545986850357e+10 -1.371738322717074585e+11 -1.119510318039467010e+11 1.464083600423224926e+09 4.701545243092864227e+10 4.449216999404131317e+10 -4.674911728065168762e+10 -5.714554935819155121e+10 -3.025891307689782715e+10 -6.601658784544130325e+09 -4.445666576248296738e+09 -2.856591689299870682e+10 -8.900915946654551697e+10 -4.955614741504638672e+10 -4.604775541805220795e+10 2.058505373212779236e+10 -6.101965693621082306e+10 -2.557410109215245056e+10 7.312018431021359444e+09 6.917563741626243591e+09 -4.572888145955712891e+10 -3.701378770852368927e+10 -1.011656631969762993e+10 -2.728230288533941650e+10 -3.544471567748689270e+10 4.269196983920960426e+09 -9.180762909520301819e+09 -4.807900044307238770e+10 -6.824231759972323608e+10 -3.121051338949999619e+10 -3.514529370686507416e+10 -4.726077646048085022e+10 -5.077457067554354858e+10 -7.410651974422053528e+10 -1.142264143048369026e+10 -3.660765792359145355e+10 -3.506944848021786499e+10 -5.469975723148600006e+10 -3.116662552957683563e+10 -7.963081675876322937e+10 3.008190303968585216e+18 2.254633144887746048e+18 1.870699324581236992e+18 4.333428974743325440e+17 3.245792729210356224e+18 5.633685752996561920e+18 4.755344935277769600e+17 1.433403499105544448e+18 2.121556132850058560e+17 1.435134809923093800e+16 2.817948005779880448e+18 3.042301738446088320e+17 7.364068225054265600e+17 4.333205164271656800e+16 3.819266027620953600e+16 6.920754416465593600e+17 1.041062082800432160e+17 4.861045525802245600e+16 -1.672357255566737200e+16 -1.093223307819166080e+17 8.740208083827832320e+17 4.900120481784997600e+16 1.403661615922347520e+17 7.488916212023356160e+17 8.025606829748147200e+16 7.876755239016000000e+16 7.907122976879617000e+15 7.334495679364660480e+17 2.969726777959828400e+16 4.000292745961832800e+16 2.188730206864433200e+16 5.477133557673230400e+16
1.646608319479110107e+12 3.176339738247774048e+11 -3.302533231480735474e+11 2.957107286654807739e+11 1.061237620525321289e+12 1.013516299163654053e+12 7.435420588361326904e+11 3.341090539705269165e+11 1.755884877052391052e+11 2.240275083494285583e+11 1.058608187984848328e+11 1.097046494780304718e+11 2.378796825270066738e+09 -4.529817321101624298e+10 -2.361142956290454388e+09 -2.179541079019169235e+10 3.146186645382796860e+10 -3.272983708819033432e+10 -8.969253031104034185e+08 1.462546594306967354e+10 2.597142708835212708e+10 2.344045935448295975e+10 2.086621514374282074e+10 -1.556301359568604469e+10 -2.207600998388718796e+10 -2.109329547817749262e+09 -5.906689390273787498e+09 2.171487758163563919e+10 1.820405367946582413e+10 -1.220400164585495377e+10 3.024672648962795258e+10 -1.173300132854880714e+10 1.139621990719787216e+10 2.646874399737380028e+09 1.179171127477845001e+10 2.099287666003913879e+10 -2.162642102800748825e+10 -3.403171025576603317e+10 -2.062945330664438629e+10 -1.079519308573848343e+10 -1.972013616455290604e+10 -1.847693980643212128e+10 8.394531463886732101e+09 1.430481868933292389e+10 -3.171185678829877472e+10 -3.308735342665718842e+10 -3.127957056099729538e+10 -5.921018443903084755e+09 -2.676167909259377480e+09 -1.226097469843416786e+10 7.910826511977324486e+08 -1.120134058513879013e+10 -3.234875534019025421e+10 -2.171295348339168549e+10 -2.002687753809709930e+10 -1.744188874801320640e+17 -1.747988302351668160e+17 1.311582648500645120e+17 9.053904345744833280e+17 -1.320428983178606336e+18 4.755344935277769600e+17 2.030860876895297792e+18 4.839022148324816000e+16 4.680897864121932800e+17 1.971375453107534400e+17 6.643842208889235200e+17 4.527279753554988160e+17 -5.274120974900808800e+16 2.498748613057408320e+17 7.937412504321388800e+16 -1.672286382248940800e+17 2.024085450215397120e+17 5.818821817927334400e+16 6.073222922436184800e+16 8.451022515174638080e+17 8.951248804777398400e+16 1.993887894850306880e+17 9.117427426860318400e+16 -4.380060629037002400e+16 1.946838140249310720e+17 4.099514168469115200e+16 2.897766148964920400e+16 -9.840525421376172800e+16 1.260492085788849440e+17 1.179940231086859800e+16 1.289934633689579600e+16 -2.906239127518420800e+16
3.508078064622637207e+12 4.037937021072272461e+12 2.658961939219051758e+12 9.988854310941507568e+11 3.444439343543207397e+11 -6.642643181445735931e+10 4.006445710927891235e+11 2.805628102664744263e+11 3.899783653155079956e+11 1.939149746149821854e+10 3.333261304065793610e+10 1.023184540374403381e+11 -6.723797583798346710e+10 7.344718549289173889e+10 -5.732571096397044373e+10 -1.557786547429172974e+11 -1.105003996153705444e+11 -2.242334709980919266e+10 5.971227907965643311e+10 -1.732312894265805817e+10 -6.936813608634474182e+10 -6.061813422879631042e+10 -4.416054911383973694e+10 -1.444760564539267731e+10 5.023363594871939087e+10 1.146222863480725670e+10 -1.013029872343651733e+11 -8.069785174458129883e+10 -5.756229407681398773e+10 -2.175642929237658691e+10 -4.945751388433731842e+10 -5.772835710977104187e+10 9.605011520280221939e+09 2.840430809573182678e+10 -1.728025816451572037e+10 -3.579280247069216156e+10 -4.513522917888277435e+10 -5.759304554200081635e+10 -4.830333811285007477e+10 -6.120257946970300293e+10 -8.632361754633436584e+10 -2.160143159113804245e+10 -3.357998615345520401e+10 -1.875078746101661682e+10 -4.223377980013690948e+10 -2.443311058930918884e+10 -2.183429883667741394e+10 -9.734461459871824980e+08 3.696871704238599777e+09 1.463448538982913971e+10 8.780439402012510300e+09 -1.309110668658172226e+10 -2.618107652361801147e+10 -3.437517786219827271e+10 -3.738570319461077118e+10 5.216906182808214528e+18 1.158536844669334528e+18 2.355461182289683456e+18 -2.356879101045137920e+17 -2.595034270792250560e+17 1.433403499105544448e+18 4.839022148324816000e+16 4.508871128272722432e+18 2.904405008829189760e+17 1.995620409652153920e+17 3.625611957795336320e+17 1.340480829806437600e+17 7.928595737094245120e+17 4.756335906066887200e+16 7.820780791282107200e+16 1.907190072644311040e+18 -5.687954305434694400e+16 6.157414494825539200e+16 2.243526351006706800e+16 6.378128495753261600e+16 -5.976297288929140000e+16 1.917248932341619600e+16 7.112175366913100000e+16 6.542142801425360640e+17 -2.109754885774368750e+15 6.815357257579939200e+16 -2.413059050753862000e+16 1.683750784073460736e+18 -3.578799264521063600e+16 2.140780211579021600e+16 -1.367578712750988600e+16 3.302520083452950800e+16
2.079799101794878906e+12 7.219509862421047363e+11 -3.292807360625439453e+11 1.457850221738230286e+11 5.005490017258801270e+11 4.305719681609196777e+11 5.994881299625622559e+11 3.416235567012144775e+11 3.048217834453176880e+11 1.344135847160628815e+11 3.203069899921730518e+09 -1.293377400786394882e+10 2.966247285725867081e+10 9.898785311053453445e+09 -1.952821725474306345e+09 1.293161087303927898e+09 -5.242263070471510315e+10 1.866317232803478241e+09 -2.387915334773567581e+10 -6.275867661979480743e+10 -4.711395562161312866e+10 2.780146182283248520e+10 1.488912885426391983e+10 -1.751779507377433777e+10 -5.180357372457375526e+09 -5.037203900456734467e+10 -1.379607376894525909e+10 1.325911594643099976e+10 -2.796958422860170364e+10 -1.046009689247954750e+10 -2.936774821291249466e+10 -2.911361623559424591e+10 7.804454420029661179e+09 8.241190410560209274e+09 -1.030831833529399681e+10 -2.401108033730051041e+10 -1.757329682839863586e+10 -2.151144668223039246e+10 -1.292067336015974617e+10 -9.983638383766080856e+09 -2.888338145967365265e+10 -2.314523556369786835e+10 -1.028962870358559418e+10 -2.701513609275015640e+10 -3.864046908423859406e+10 -3.867206589072206116e+10 -2.714029821021253967e+10 -1.449607811287849236e+10 -2.700693396078496552e+10 -8.375219677967827797e+09 -1.736995789526092148e+10 -1.496553215615040588e+10 -2.190074491622576904e+10 -1.514894562060455322e+10 -3.040951830509206772e+10 -2.939162238960570240e+17 -1.840205016431745920e+17 -5.504957118292036800e+16 2.431789564316310400e+17 -8.964745190158086000e+15 2.121556132850058560e+17 4.680897864121932800e+17 2.904405008829189760e+17 1.106309468003413248e+18 3.205098735468870400e+17 7.852220295935776000e+16 1.889033521377737280e+17 4.125218557328455200e+16 1.423650174368488320e+17 1.117495915357892320e+17 -8.131871870197644800e+16 9.351227545282953600e+16 6.437642675279973600e+16 2.192897185823752400e+16 3.619865704896036480e+17 -1.508319222356430080e+17 9.573926145826443200e+16 6.870933188378033600e+16 -4.704133778701347200e+16 9.655621722815475200e+16 5.676152476238462400e+16 -1.799624814873719500e+15 -6.576295839706648000e+15 6.479089268289359200e+16 5.446029823130805600e+16 1.553176609520378000e+15 -3.434820815734047200e+16
1.791575256465298828e+12 2.095000875374079590e+11 1.636591008065359116e+10 -6.583617973979237061e+11 -1.067169924737787018e+11 2.548092284628965149e+11 3.336377002830310669e+11 6.119678404079609375e+11 5.593491253410239258e+11 1.953560253165643005e+11 8.721700916656124878e+10 8.291128181772549438e+10 8.372237491789027405e+10 5.244508514448742676e+10 -1.136466597307411385e+10 -1.782440739863735199e+10 -3.919425629548261261e+10 1.127987096307916260e+10 6.548033726590958595e+09 -8.952223471501289368e+09 -1.132177472498978615e+10 -3.860463693324595642e+10 -3.629842895255095673e+10 -1.442135586502796364e+10 4.268965334999935627e+09 -2.389601272484342957e+10 -5.186999802041328430e+10 -3.152880063443451309e+10 -4.989970068647022247e+10 -3.927405601282245636e+10 -1.594151844687082481e+10 3.810395252214478970e+09 -1.379406360299200439e+10 6.243696131858401299e+08 -3.125011497626432037e+10 -2.069501635759713745e+10 3.198380330358848095e+09 -1.280680584001281357e+10 -1.436043169956399679e+09 -3.872161029582555294e+09 -1.663206219707229233e+10 3.341564019218655109e+09 -1.772358168451428604e+10 -8.284475743585677147e+09 -4.245085087704338074e+09 4.110950189420107365e+09 -1.232397300084648132e+10 3.837320072219282627e+09 -2.038197218745617676e+10 -8.427568853302261353e+09 -8.546470232337699890e+09 -1.635008073453991699e+10 -1.618368435591189194e+10 -1.434959138521162033e+09 -1.483179087573672867e+10 1.451993049793113856e+18 -1.530658664122773120e+17 -1.881374394386084800e+17 6.588070046489387200e+16 -1.633872688916960768e+18 1.435134809923093800e+16 1.971375453107534400e+17 1.995620409652153920e+17 3.205098735468870400e+17 1.875150685444581376e+18 2.105354842693654080e+17 1.998770787516381760e+17 2.222566321015406800e+16 9.291459510550406400e+16 2.279642320246227520e+17 -8.174236245565825600e+16 4.381778340613909600e+16 1.197522214821221440e+17 7.846733732820940800e+16 -1.912095998878167600e+16 -5.541548089279923200e+17 1.208103659011185920e+17 1.906038057505740160e+17 -7.574911782335470400e+16 3.643672075029939200e+16 9.335348026830934400e+16 3.059463314789703200e+16 -1.313840486000614080e+17 3.996705264836995000e+15 8.703223990167856000e+16 1.088223332395010800e+16 8.179352542903592500e+14
2.563013620754039062e+12 -1.054369992890056055e+13 2.430609190658981445e+12 3.007324102634817383e+12 -3.251125377544951782e+11 -4.629986744237774048e+11 -9.708981385221660156e+11 -1.104223455686187592e+11 -1.268660842446746979e+11 6.472211805263837891e+11 -1.070050269872455078e+12 5.120009776256112061e+11 4.619913872634122314e+11 7.527004951908299255e+10 8.227365938796951904e+11 -3.600411840390708008e+11 -3.529459056796928101e+11 1.691122423852388916e+11 -5.136501305895943604e+11 5.960012670870679474e+10 3.031727311887771606e+11 -4.102241607428566895e+11 5.669265000802147675e+10 -2.588930259316691284e+11 -1.974469826510115662e+11 -5.269254600316620483e+11 -7.158220518206356812e+10 -3.940265186312509766e+11 -1.727005827277687683e+11 -3.151932669093836060e+11 -5.741037797460466766e+10 6.714673896223709869e+10 -7.892625409016133118e+10 2.676619807430460739e+10 -3.877938436973278046e+10 -2.857093735574753418e+11 2.051445992547783508e+11 -4.924850349844688416e+10 -1.758130527472136307e+10 3.370051796759981918e+10 -8.276547461906124878e+10 -4.203810971111975861e+10 -5.365037481627408981e+09 1.249069644140922089e+11 7.362697180526925659e+10 5.631525732486411285e+10 -1.614805211373485413e+11 -1.848801913365813904e+11 -1.060419965890998840e+10 2.387747988332279968e+10 7.342947894550558472e+10 1.509753735637669067e+11 1.228964930902310944e+10 9.268635017342532349e+10 6.835327050843371582e+10 -5.404264358676055040e+18 4.555531571083385600e+17 -1.124896911072776448e+18 6.990369968673566720e+17 -1.308029306273755750e+19 2.817948005779880448e+18 6.643842208889235200e+17 3.625611957795336320e+17 7.852220295935776000e+16 2.105354842693654080e+17 1.398289045656511119e+20 1.673349884456576768e+18 1.281793178819406336e+18 2.805418400008192400e+16 -1.009058350245246240e+17 -9.741552459624275200e+16 3.057050642560970880e+17 1.707743335809750080e+17 -3.194929300226915840e+17 3.460395579150554112e+18 5.431105163827548160e+18 3.929520145965915520e+17 1.774243430859001600e+17 -2.563813830692076480e+17 9.691379230051726400e+16 1.768956878642786880e+17 8.250021241705190400e+16 3.253934113162878720e+17 1.521237320089769000e+16 2.748337664563698240e+17 -4.388458814420233600e+16 -2.777366395726573440e+17
-3.103498499265134888e+11 -3.777014623144334717e+11 -7.002745768317855225e+11 -5.566503723020078125e+11 7.299993528632885742e+11 1.253684226208514404e+12 9.107825179474968262e+11 4.367383777959090424e+10 1.259597108078474426e+11 2.284492448903998413e+11 2.097633802872296143e+11 1.187367324102720184e+11 7.606685021341271973e+10 -2.580329266933097839e+10 -9.050749429883639526e+10 2.540011782237641525e+10 8.418661260494036674e+09 -2.609679207078904724e+10 1.557610764580637360e+10 8.189498964689604187e+10 -1.933801297340773392e+10 -4.070206138928417969e+10 -4.494314628641016006e+09 4.136381530670119286e+09 4.496322836055877686e+10 5.936519220407672119e+10 3.824098331337957001e+10 1.390258684791172028e+10 -1.513698629619115448e+10 2.522474740863805771e+10 -5.906163292591331482e+09 5.589495681942736626e+09 7.510820286815236092e+09 2.078857417185931396e+10 8.182751937064920425e+09 -2.061313176623334122e+10 -1.634408960887549210e+10 -3.926992782297712708e+10 -3.747049514838296509e+10 2.499538923532391739e+10 -1.149268220381986141e+09 -1.409781808555455208e+10 -1.099638212334441948e+10 6.508505957082768440e+09 -3.072941675475482178e+10 1.416357301912328529e+10 1.206127291680269623e+10 1.298639336841569901e+10 1.865085877999103546e+10 2.892562376395759964e+10 1.862713732460031509e+10 2.642609936347814178e+10 9.757260305357095718e+09 -3.004205662217926407e+10 -4.020775412627283573e+09 3.718837129270746880e+17 -6.235308382435215360e+17 1.023923762708275680e+17 2.471313567124447040e+17 -2.968787428288316416e+18 3.042301738446088320e+17 4.527279753554988160e+17 1.340480829806437600e+17 1.889033521377737280e+17 1.998770787516381760e+17 1.673349884456576768e+18 3.497036120859598848e+18 2.914228598950484800e+16 3.169656136599489920e+17 8.717098457252310400e+16 -2.785064141768250800e+16 1.012000505477990400e+17 4.222231890753945600e+16 6.806141036384575200e+16 2.212602816771827712e+18 2.679748211787774080e+17 2.347037659952080320e+17 7.359523456084112000e+16 -7.032101532071862400e+16 1.475751480939107840e+17 4.271113729381001600e+16 -1.653945625922677750e+15 -4.597337145698498400e+16 6.682281571246981600e+16 2.210065592044985250e+15 2.191002680275050000e+16 -4.623616169834696800e+16
-5.221690254545878296e+11 1.289593900121652100e+12 3.083972571567155273e+12 1.409975055136349854e+12 1.635603314681301575e+11 4.505728415483811951e+10 -8.043070657597093201e+10 4.262144326556875610e+10 2.420246688325325928e+11 2.511995681564028931e+11 1.772327939512144775e+11 5.308077455728321838e+10 -6.583539928483657837e+10 7.644285681860313416e+10 -4.019425221584114075e+10 -6.383458346474128723e+10 -9.307631881381478882e+10 -5.453422295167520142e+10 2.209142627965248871e+10 -2.970460232351279736e+09 -1.671617015467880821e+10 -2.956844348504765320e+10 -6.098801655171401978e+09 -3.644820475291813660e+10 9.581447562217128754e+09 6.500008052611694336e+09 9.331716254218698502e+09 -1.844520708019119263e+10 -2.993767759262019730e+10 1.834286447993685961e+09 2.154975867596739960e+10 4.315220193190890312e+09 2.335298722569913101e+10 6.082370664401898384e+09 8.784449112004016876e+09 -7.545251091269226074e+09 5.492259167258502007e+09 -6.954645951918076515e+09 -1.566597066741746902e+10 -2.522914733414728928e+10 1.196417444554292107e+10 1.265178859007061958e+10 1.292053094875141144e+10 -6.242513732426574707e+09 -1.079217670321977234e+10 1.657541079211858749e+09 1.549644225961486816e+09 5.868307362535156250e+09 -5.881447338842288971e+09 2.291108294310956299e+08 1.649487617562804794e+10 4.305690644720028877e+09 6.025332652499798775e+09 8.909848254873857498e+09 -4.988968781908704758e+09 2.955014580075715072e+18 1.160298735805925632e+18 6.123969015834238720e+17 -2.552186420277192320e+17 4.517947094629987840e+17 7.364068225054265600e+17 -5.274120974900808800e+16 7.928595737094245120e+17 4.125218557328455200e+16 2.222566321015406800e+16 1.281793178819406336e+18 2.914228598950484800e+16 2.671539160116924416e+18 1.247837825542087680e+17 5.361264214784904800e+16 7.699700822243797760e+17 9.120507743872696000e+16 3.993100477655347200e+16 -2.213549891715338400e+16 2.089775640727996800e+17 7.045021579925909760e+17 7.365644229870956000e+15 2.908201245824333200e+16 7.603137486159953920e+17 1.122400656107488000e+16 4.020204113453400000e+16 2.484829145308186000e+16 5.638596244727998720e+17 -1.976542851130059200e+16 2.334952642003164000e+16 1.184201573677421800e+16 -1.824803196662632250e+15
-8.916175950543886719e+11 -1.750973913197118530e+11 6.564758166222180176e+10 2.273499069694790039e+11 5.239239199431993408e+11 4.927098606269528809e+11 4.135611316145260010e+11 2.643982969919993896e+11 1.306026212918553162e+11 1.571470676673827820e+11 1.766980819537926025e+11 1.435235323250243530e+11 6.119165118725201416e+10 -2.702641705071361923e+10 9.183009753839658737e+09 -1.783733443898669052e+10 -1.293000880287989044e+10 -2.464366410779114914e+10 -1.352680264082351112e+10 5.225027836426566124e+09 2.465161521051148224e+10 -1.034210285771466064e+10 5.203769093634726524e+09 9.448021227275644541e+08 -4.966756003320318222e+09 1.131968402137564087e+10 -1.043021110149016142e+09 6.356255292750742912e+09 -3.509109577558394432e+09 1.606264980820818901e+09 -4.222277064740555763e+09 -1.752705100933430433e+09 -1.483956407283206177e+10 -1.140378052563519096e+10 -1.845905292363793373e+09 1.337527494490164185e+10 -2.805094273944543839e+09 -1.200591439586775017e+10 -4.090872580790182590e+09 -6.398975303001945496e+09 -1.306169425737131119e+09 -4.949552854638456345e+09 1.035001961743268013e+10 7.690352718007654190e+09 -9.746110732207942963e+09 -1.080798080285276222e+10 -6.986090044832811356e+09 -1.352340071494028664e+10 -5.196264676712889671e+09 -1.336611925517930794e+10 -5.308150765916396141e+09 8.439790381519073486e+09 2.325989685861033916e+09 -2.561263468798257351e+09 -6.618023805441497803e+09 -3.830681208238613120e+17 -4.738461398972928800e+16 6.569283052248896000e+16 2.640885554730512000e+17 -9.657147480420979200e+17 4.333205164271656800e+16 2.498748613057408320e+17 4.756335906066887200e+16 1.423650174368488320e+17 9.291459510550406400e+16 2.805418400008192400e+16 3.169656136599489920e+17 1.247837825542087680e+17 4.636528967383985920e+17 1.115093778355775040e+17 -1.878502349046140400e+16 1.555362113601537920e+17 7.182675455289633600e+16 4.580449698583178400e+16 2.033258725798297920e+17 1.103652264356836800e+17 1.328167672972449600e+17 7.493210740086652800e+16 2.422452406694251600e+16 1.005974156261186720e+17 4.810975925825858400e+16 3.255712773946642400e+16 -3.063305680328362000e+16 8.023402225219048000e+16 3.354638498527347200e+16 2.363634488078389600e+16 -7.012251154183456000e+15
5.147737380171647339e+11 2.467074878676837463e+11 -1.406647657734475899e+10 -1.312626699003638000e+11 -1.432736111392825317e+11 1.267244179976444855e+11 3.027159781765010986e+11 3.551419293334921265e+11 3.357292312589281616e+11 1.898007791172723999e+11 1.294955054081765594e+11 9.226996051179858398e+10 2.859101895531991577e+10 5.139573364577061653e+09 1.842502794284075022e+09 -2.185845964948307800e+10 -1.215954575301110840e+10 2.412111032945497131e+10 2.264820520924805641e+09 1.124739558598543930e+10 6.022844026631760597e+09 -1.368657525453103542e+09 -1.981478043153880310e+10 -7.778619251380327225e+09 1.164810929148465347e+10 7.511123360039100647e+09 4.563222342912511826e+09 8.084171425166549683e+09 -5.864146091030304909e+09 5.428506454487106323e+09 -8.813078637319898605e+09 -1.229999843059845352e+10 -1.257764631591963577e+10 -8.085650806125433922e+09 -8.489325318846472740e+09 1.202951287524790573e+10 6.829423213993637085e+09 -1.356322799412062073e+10 -1.079293055134116554e+10 8.602661264842065573e+08 9.722106580650196075e+08 2.246220848565183163e+09 -9.896557938565284729e+09 2.786522863264567852e+09 -6.631447631614206314e+09 -6.538391558691771507e+09 4.473576270503362656e+09 -2.037506597799237728e+09 -1.135952462178515434e+10 -1.446185946268619156e+10 -1.420226617680253029e+10 -6.074169599185455322e+09 8.101998055087944269e+08 3.835833772157009602e+09 -2.396645240315472126e+09 1.190068218013647840e+17 -1.032672538696661280e+17 -3.669904822227081600e+16 -3.456025677673356400e+16 -4.447077241315264000e+17 3.819266027620953600e+16 7.937412504321388800e+16 7.820780791282107200e+16 1.117495915357892320e+17 2.279642320246227520e+17 -1.009058350245246240e+17 8.717098457252310400e+16 5.361264214784904800e+16 1.115093778355775040e+17 4.466127364112744320e+17 1.590765226186653200e+16 3.546217442128128800e+16 1.109081121250260160e+17 7.233895701345201600e+16 -1.684210288077341760e+17 -8.409848616439396800e+16 6.854343525539734400e+16 1.238927983491948480e+17 -5.609668052577029000e+15 1.299214045456113000e+16 6.549134445231727200e+16 2.192391831467291600e+16 6.354720118876161000e+15 1.565405170964748800e+16 4.391900837196200000e+16 4.715268630936464000e+15 6.879275154498749000e+15
3.003537791956117676e+12 3.087208411208167480e+12 2.640498246046895996e+12 9.863732879758073730e+11 2.741941732378870392e+10 -2.327107828734455566e+11 7.479974397163836670e+10 -4.456991333111605072e+10 1.516675854327778053e+10 -5.867983273105107117e+10 3.322692774326702881e+11 2.445242886481870728e+11 2.281087992448067932e+11 1.771179616000349731e+11 -8.935883743203837585e+10 -6.606766457341619873e+10 1.451191010932410812e+10 3.736882684775047302e+10 -6.664097942435455322e+09 -2.241703797580498886e+10 -5.288961060357296753e+10 -4.861385024525793457e+10 -3.746319320822409821e+10 -2.326496004708025360e+10 5.536856606266629791e+10 3.766575652775885010e+10 -4.226450448555593109e+10 -5.671529217676271820e+10 -2.612871425223604584e+10 -1.552893863068068504e+10 1.104938269809355354e+10 -1.357848064182402229e+10 1.119638520964054489e+10 6.434131020186047554e+09 -2.255898887321024704e+10 -1.284903816466877937e+09 -1.741024314613721848e+10 -2.351565241211193085e+10 -1.895560555883309174e+10 -2.210190697715737534e+10 -1.870884621703894806e+10 1.213280302814695549e+10 -2.002252056035799503e+09 9.226829698796384811e+09 -3.061514748690755081e+10 7.188680563273972273e+08 6.886001739231613874e+08 -3.013741829352277756e+10 -8.894912755883794785e+09 1.120491635132851601e+10 -1.281759817239205933e+10 -2.496246204240478516e+10 -1.407824328890572739e+10 -1.569038290538877869e+10 -6.744721015815607071e+09 6.227539811768223744e+18 1.471114743585974272e+18 2.053188809506393856e+18 -1.199716178630774720e+17 1.160547528416291584e+18 6.920754416465593600e+17 -1.672286382248940800e+17 1.907190072644311040e+18 -8.131871870197644800e+16 -8.174236245565825600e+16 -9.741552459624275200e+16 -2.785064141768250800e+16 7.699700822243797760e+17 -1.878502349046140400e+16 1.590765226186653200e+16 3.044211675707461120e+18 2.994945095082485600e+16 9.385433689123722500e+14 5.730906507670352000e+16 -1.739778067718998400e+17 1.434365461463555040e+17 -1.890131214686660400e+16 -2.332249916866056000e+16 8.557319874494667520e+17 -2.801478905890615500e+15 3.331803053912795200e+16 2.309589712219184400e+16 1.704279008828482560e+18 -6.258086662478819200e+16 7.349958070646825000e+15 3.387136220856452000e+16 2.243843485332088000e+16
2.998797800689333496e+11 3.055039847475529785e+11 1.074356784794097595e+11 3.604720515510296631e+11 5.439669572340996094e+11 4.457345689556464844e+11 1.838515604908688965e+11 6.391932429512989044e+10 1.853323145863819122e+10 8.535470326327024841e+10 1.544498119061003418e+11 2.011701111302142639e+11 1.255491646806032410e+11 2.498921701293656158e+10 3.128149391324824810e+09 4.150942992358960509e+08 -3.366391462611353683e+10 -8.906307153368486404e+09 5.038258387012023926e+09 2.767428559047326660e+10 1.878526338386818695e+10 1.054762425410826111e+10 -1.916092100839411163e+10 -3.916476469349219322e+09 -7.345555401304686546e+09 -2.358576185933105850e+10 8.585148326345953941e+09 -6.507421398045275688e+09 -1.085340315210818291e+10 -9.066964384718790054e+09 1.073203681979117775e+10 -4.494043454589154243e+09 -8.681260337959100723e+09 5.612699346760907173e+09 1.180257932537058449e+10 -3.419848344175339222e+09 -6.101967379042963982e+09 -1.326210490730206251e+09 4.600770292856616974e+09 -1.773674791176755905e+10 -7.236843610663957596e+08 -2.825709510897627354e+09 2.564070166067552185e+10 5.868839846526161194e+09 -8.748621237300224304e+09 -6.653558505536991119e+09 -9.546429856140001297e+09 -9.767419911469060898e+09 -4.317734415878670692e+09 -5.027537924307241440e+09 -7.166036920311501503e+09 9.686324773526272774e+08 -2.246477178967908323e+08 -2.388860305323225498e+09 -6.016114285256615877e+08 -5.648378480729128960e+17 5.349973109506707200e+16 3.567041703815608000e+16 2.739501858427975680e+17 3.188727000068524800e+16 1.041062082800432160e+17 2.024085450215397120e+17 -5.687954305434694400e+16 9.351227545282953600e+16 4.381778340613909600e+16 3.057050642560970880e+17 1.012000505477990400e+17 9.120507743872696000e+16 1.555362113601537920e+17 3.546217442128128800e+16 2.994945095082485600e+16 5.044410076357585280e+17 6.414453432506949600e+16 6.070307744363435200e+16 2.978122727331304960e+17 2.117204119060660160e+17 5.209814277246844000e+16 3.875037097255312800e+16 5.839892946859654400e+16 1.282496665280704320e+17 3.868723154211230400e+16 3.949602808643600000e+16 -5.402753088206831200e+16 9.462076956824052800e+16 2.315735472743487200e+16 2.225470456747814800e+16 4.948610430904898000e+15
1.867210592623714066e+10 3.229428943183946533e+11 -7.004708182677326965e+10 -1.065378466483857117e+11 8.301395050098844910e+10 7.488979496283705139e+10 2.244208027657277222e+11 1.260632742581651306e+11 1.372044507979960022e+11 1.243093806276851044e+11 1.499978976911804810e+11 1.741065973836018677e+11 8.799083458845657349e+10 -2.040206086232294142e+08 1.503955539239843369e+10 -1.494937885409416199e+09 2.316631508324989319e+10 -2.928058355231233120e+09 2.154375631619005966e+10 1.339745564496036530e+10 2.523506388842033386e+10 -8.823689509587863922e+09 -1.485173304054211044e+10 -6.359815096920566559e+09 2.027787459809161663e+09 8.685673987290782928e+09 -1.288874612712342262e+09 1.563476063367772102e+10 2.386847311800716877e+09 9.623884843491271973e+09 1.602515027180736351e+10 4.616896234782402039e+09 -4.877476384208071709e+09 2.361050939220870972e+09 3.741212157217696190e+09 -1.964627381640132904e+09 3.696931485130958080e+09 -3.228496148729526997e+09 -6.767657164518982887e+09 1.047790261345024681e+10 1.181911039434235764e+10 5.062554323356377602e+09 -4.906311645494190454e+08 5.935130701479653358e+09 -4.335631056120113373e+09 -5.831470281141297340e+09 -2.492828813622159481e+09 1.519268864319019318e+09 -4.339499154192918777e+09 -4.544552358909436464e+08 -4.457808984850192070e+09 8.368003970173121691e+08 -2.755889412753330231e+09 -1.651984299458005428e+08 -2.870132822550221920e+09 -4.387380385349748800e+16 -7.533674796129699200e+16 1.874701399536339200e+16 2.241532415781690800e+16 -1.831530995397348160e+17 4.861045525802245600e+16 5.818821817927334400e+16 6.157414494825539200e+16 6.437642675279973600e+16 1.197522214821221440e+17 1.707743335809750080e+17 4.222231890753945600e+16 3.993100477655347200e+16 7.182675455289633600e+16 1.109081121250260160e+17 9.385433689123722500e+14 6.414453432506949600e+16 2.905576784249331200e+17 1.093163383151817440e+17 -2.250628732183250240e+17 1.622818165107603800e+16 4.261242281304043200e+16 3.440071388797519200e+16 -2.610352981389873500e+15 2.244191054685770800e+16 6.076262042618080000e+16 5.320840343704132800e+16 -5.620462872358191200e+16 5.653511868322547000e+15 4.388321871150252000e+16 1.357474340625455000e+16 1.823942802511575200e+16
-9.340238731610928955e+11 2.167162368164297485e+11 1.136568326360783844e+11 -3.650798507121078491e+11 -2.444322131272866516e+11 6.241295055958710480e+10 1.314014849541273499e+11 1.954022553751008749e+09 2.101093835253652191e+10 1.287762544154975586e+11 2.480912332415394897e+11 2.049086648847016602e+11 1.078317077933963318e+11 5.092385679701951027e+09 -8.211341348434884071e+09 -1.706796062676399612e+10 -1.415153734705430031e+10 3.823024801321283340e+09 -8.963874429119014740e+09 -2.199868760780084610e+10 -8.262486797372632027e+09 -1.515857816850381660e+10 -9.328876484529544830e+09 7.592997278609295845e+09 -7.098906795459652901e+09 1.142866804372927666e+10 -7.679029886400941849e+09 4.952768460437625051e+08 -3.850568346163849354e+09 -2.171036980720424271e+10 4.128613809720582008e+09 -1.611580678871974564e+10 -1.863736620499609756e+10 -2.355482504700138474e+10 -3.519379778299392700e+09 -1.401865673402527428e+10 -1.138710523979507446e+10 -1.751327847683668137e+10 -1.191267805074249077e+10 -4.672963546634600639e+09 9.335343685671854019e+07 -1.852437787775464630e+10 -1.274440447940281296e+10 -3.999252417998219490e+09 -3.349774741078917503e+09 -1.095171200640739632e+10 -4.038908595369431019e+09 -1.297470212063937664e+09 -2.752711124599105835e+10 -1.128308740405747032e+10 -1.469408967786824226e+10 -9.660239704522310257e+09 -3.651924086391683578e+09 -1.601981617125868988e+10 -1.608774558187550735e+10 8.424373293203062000e+15 -1.743670778045802560e+17 -2.727690362584856000e+16 1.713580796591032400e+16 5.048908209293944960e+17 -1.672357255566737200e+16 6.073222922436184800e+16 2.243526351006706800e+16 2.192897185823752400e+16 7.846733732820940800e+16 -3.194929300226915840e+17 6.806141036384575200e+16 -2.213549891715338400e+16 4.580449698583178400e+16 7.233895701345201600e+16 5.730906507670352000e+16 6.070307744363435200e+16 1.093163383151817440e+17 5.992522379163439360e+17 5.898888667643293600e+16 -5.700532529387853600e+16 2.138252904215694800e+16 2.166774684906743600e+16 1.118893480043113800e+16 4.634282538682246400e+16 3.597804253351972400e+16 8.381032899869571200e+16 -2.649704865393375600e+16 1.496170430438025400e+16 2.163896014650209600e+16 3.605324504797288000e+16 5.537643854667770000e+15
1.170429613405194531e+13 3.314004238304113281e+12 -1.386323242371947266e+12 2.498482555671785645e+12 1.212205997780847412e+12 6.435331272840129395e+11 2.344414067567960938e+12 -1.998972373082143250e+11 -2.710805701830919189e+11 -5.637182835859468994e+11 -4.098472204753542480e+11 -2.938255830368867798e+11 1.430738683918093750e+12 6.144760190034287109e+11 -8.786635802464048767e+10 -2.323472550629535675e+10 -3.453808845169329224e+11 -2.001325023709527588e+11 -1.977432332399185791e+11 5.167892965747434616e+09 -4.078406713441535645e+11 1.330785194650843353e+11 -1.202730888569900055e+11 -5.807110815491366577e+10 -2.203878360003487015e+10 3.105643592781255341e+10 1.265325587342204895e+11 7.689565973649430847e+10 1.541668777227906494e+11 -1.529244814082471313e+11 -4.143273446842798462e+11 -1.210932944438814087e+11 6.862889984628741455e+10 -4.933303973137522888e+10 -1.299145233081032715e+11 -4.873745044797647858e+10 6.797851045599864960e+09 -3.026301235880087280e+11 -4.088046546159681702e+10 -2.273986918754680481e+11 -2.287683936785973511e+11 -3.043902346246559448e+11 -1.549377762933938904e+11 -2.161443550655044861e+11 -3.135915992989229126e+11 -1.149668142014469147e+11 -1.120700270983176575e+11 -2.427388111293022461e+11 -8.657251262367424011e+10 -1.044869057200939178e+11 1.711889657373723030e+10 -1.965604750152670898e+11 -8.800524415020635986e+10 -1.938410083698967590e+11 -4.434184403436350250e+10 -5.274020339212925952e+18 1.563590644783746560e+18 3.336940225301850000e+16 1.608736370608985856e+18 -1.140352776755054592e+19 -1.093223307819166080e+17 8.451022515174638080e+17 6.378128495753261600e+16 3.619865704896036480e+17 -1.912095998878167600e+16 3.460395579150554112e+18 2.212602816771827712e+18 2.089775640727996800e+17 2.033258725798297920e+17 -1.684210288077341760e+17 -1.739778067718998400e+17 2.978122727331304960e+17 -2.250628732183250240e+17 5.898888667643293600e+16 1.100383741752797102e+20 1.751606527519985152e+18 1.064292089461932160e+18 -1.377164373167695520e+17 3.319431197310571520e+17 2.382809092976469120e+17 -2.145764644944125200e+16 -1.152676242719370240e+17 1.161387396398925280e+17 4.642959355282588160e+17 1.376298678413030240e+17 9.092117302254473600e+16 9.501490518959352000e+16
-2.676376258740034180e+12 -3.710815692892760742e+12 -9.244836472584675293e+11 2.215388473166048828e+12 1.603835940831163330e+12 -3.960671972709668732e+10 -7.770837045748653564e+11 -7.013097203680554199e+11 -6.630774045455313721e+11 -7.517113340123670959e+10 -2.026585353396595764e+10 1.911156441030157166e+11 2.162347085480298462e+11 2.424029774377334290e+11 3.502940296161957397e+11 -5.616411057010970306e+10 2.666629220935028687e+11 2.987362613074294662e+10 -3.767357777233032990e+10 -2.070875797278629303e+10 7.880095116592196655e+10 -7.143468267978324890e+10 -3.472596453612518787e+09 -2.018107615104599609e+11 -2.371122486627142944e+11 -1.427534020057695007e+11 -4.554744755019589663e+08 1.478016867777331543e+11 -4.173165047631522179e+09 1.654041303579195557e+11 1.192558112613413086e+11 -8.432268470512298584e+10 -1.537884932805117798e+11 -1.274949070945290833e+11 7.174520353995682716e+09 -1.782669327809163666e+10 7.051371336737239075e+10 -4.684861103035843658e+10 -1.389545916975788574e+11 -2.331783420642658234e+10 -1.581867931440280151e+10 2.996549337758043289e+10 -4.158767496861808777e+10 -6.653624714022346497e+09 8.600561643364167786e+10 9.964550247039709473e+10 -4.959494043320168304e+10 -8.339149777084164429e+10 -5.046221638379672241e+10 5.244511985135427856e+10 3.895507006674593353e+10 7.562395098605415344e+10 -2.308098839574374390e+10 3.390795607978454590e+10 8.926086763425676346e+09 -3.604824467898645504e+18 7.680584168118437120e+17 -1.645284552459260672e+18 3.266450256509753600e+17 1.046917910561185997e+19 8.740208083827832320e+17 8.951248804777398400e+16 -5.976297288929140000e+16 -1.508319222356430080e+17 -5.541548089279923200e+17 5.431105163827548160e+18 2.679748211787774080e+17 7.045021579925909760e+17 1.103652264356836800e+17 -8.409848616439396800e+16 1.434365461463555040e+17 2.117204119060660160e+17 1.622818165107603800e+16 -5.700532529387853600e+16 1.751606527519985152e+18 6.119387010979514778e+19 3.943979695062924000e+16 -9.794306946326337600e+16 1.085640796708142080e+18 2.038118863873069760e+17 1.024766896875474880e+17 -2.835955274655830000e+16 -7.627579619091046400e+16 1.461711983952857920e+17 6.763331241613304000e+16 -1.164895413132056200e+16 1.581422964931985600e+17
1.884117801851385193e+11 -3.551319562971396484e+11 -2.080015097990181580e+11 1.092916425647188568e+10 3.346998074507315063e+11 4.729562042139185181e+11 4.461897026552231445e+11 2.439708256919570618e+11 2.464823350030511169e+11 1.685949265463597717e+11 -1.399580596293432236e+10 -1.718195713807101440e+10 1.098631667614573364e+11 1.187228544568692169e+11 6.143687783651719666e+10 4.061690590688320160e+10 2.151991223450358391e+09 -3.638000581564142108e+08 2.594431682649235249e+09 6.177834707793037415e+09 3.695900459449399567e+10 1.217206951903609085e+10 -2.709053688839061260e+09 4.860921061518179893e+09 2.328348960084177971e+09 -1.175911958079545784e+10 1.638068009408427620e+10 1.381011548317407990e+10 6.582686367099445343e+09 1.293157396795078278e+10 6.417668682532911301e+09 9.976757622681285858e+09 6.864231613729813576e+09 8.472990755963584900e+09 -1.309585845130350304e+10 -8.976832635636451721e+09 1.145571155221503258e+10 -1.552957294318804359e+10 -1.774367688569668579e+10 1.217848607019696808e+10 2.546954641084223270e+09 -2.465496236283811951e+10 9.392206020054862499e+08 -3.062132733751586080e+08 -1.702465120018112946e+10 -2.235778173039854813e+10 -1.288534554068586922e+10 -1.434985886290424538e+10 -1.155446557837661982e+09 5.553665051992043495e+09 -1.402610343514654160e+10 -3.543714190435564995e+09 -2.355769587688393593e+09 -1.125578465930819130e+10 -1.480614491375266266e+10 -4.297632930386542720e+17 -2.176827799326850560e+17 1.267545715359867800e+16 2.507451679175057280e+17 1.771824009033550400e+17 4.900120481784997600e+16 1.993887894850306880e+17 1.917248932341619600e+16 9.573926145826443200e+16 1.208103659011185920e+17 3.929520145965915520e+17 2.347037659952080320e+17 7.365644229870956000e+15 1.328167672972449600e+17 6.854343525539734400e+16 -1.890131214686660400e+16 5.209814277246844000e+16 4.261242281304043200e+16 2.138252904215694800e+16 1.064292089461932160e+18 3.943979695062924000e+16 7.751602272071102720e+17 1.343718525975615040e+17 5.583061890456712800e+16 1.173619204536559360e+17 5.629551915956344800e+16 2.838801379031100000e+16 3.601154029382524400e+16 6.989845874125387200e+16 5.768951269292450400e+16 2.178954359820018000e+16 3.037522485872539600e+16
-4.324543015121422729e+11 -7.949868237054945374e+10 7.614742475122402954e+10 1.242873872905942993e+11 -6.728822219739303589e+10 2.762014294635530472e+10 2.774895162608440552e+11 3.332218829452393799e+11 3.575818461106407471e+11 1.433888966864195251e+11 7.328118151006750107e+09 -2.605179953604212570e+10 -1.752807649089108706e+08 4.811992504914021301e+10 6.090422888066365814e+10 9.627663786344942093e+09 -2.076401649151620483e+10 -1.833391116111834335e+10 7.546034060926712036e+09 -1.424121501576903343e+10 1.022009963495784760e+10 1.104165036950417900e+10 -2.355923555244807053e+10 -1.261050474109347725e+10 -7.306817903785460472e+09 -9.386532345039100647e+09 -1.035916033432552147e+10 -1.774658748980408859e+10 -2.453453899122119904e+10 3.004868209518714428e+09 8.413241406965662003e+09 -3.724392736626792550e+08 -7.529962464939579010e+09 -1.718904984976120758e+10 -1.652345959195857620e+10 -1.559301560093350410e+10 -3.583186862486128807e+09 -1.209381547560335541e+10 -1.180479897991737938e+10 -4.411433530765589714e+09 -1.357962410081043243e+10 -1.220097435100227547e+10 -7.821782630895985603e+09 -1.262324318049176025e+10 -8.527711587333630562e+09 -1.773157588900999069e+10 -1.324133410506385803e+10 -2.849968392029270172e+10 -2.393976512940743256e+10 -1.537471116961458969e+10 -1.756032439988095093e+10 -1.001035557075835609e+10 -3.870821469713524342e+09 -1.037630805274013901e+10 -1.274781291256789970e+10 5.473073472422135040e+17 3.608171814568159200e+16 3.652726825059919500e+15 -2.389962480027278000e+15 -1.071905806079605920e+17 1.403661615922347520e+17 9.117427426860318400e+16 7.112175366913100000e+16 6.870933188378033600e+16 1.906038057505740160e+17 1.774243430859001600e+17 7.359523456084112000e+16 2.908201245824333200e+16 7.493210740086652800e+16 1.238927983491948480e+17 -2.332249916866056000e+16 3.875037097255312800e+16 3.440071388797519200e+16 2.166774684906743600e+16 -1.377164373167695520e+17 -9.794306946326337600e+16 1.343718525975615040e+17 3.974684266961088000e+17 3.988335928582549000e+15 4.116336720577564800e+16 6.362935338020172800e+16 1.393980349291318800e+16 -1.658533308697050600e+16 1.239703018016837400e+16 5.975043584793515200e+16 9.036757285838298000e+15 5.913829728649306250e+14
7.038990674150529785e+11 1.775817455751652100e+12 2.943192570422163086e+12 1.425249583018643555e+12 3.007798108234371338e+11 1.013284031132521057e+11 2.678241450117641068e+10 -1.201090642522950592e+11 -2.392928382383203506e+08 -8.170728186557885742e+10 6.185861822240335083e+10 1.235237741560934906e+11 1.761185652780935059e+11 1.058127812203445892e+11 -4.767075191030797577e+10 -8.948520085368458557e+10 -2.049929044043518066e+10 -4.921937425440454102e+10 -3.301368772572164154e+10 2.106981796415382767e+10 -6.430528860681550503e+08 -2.188777738017638016e+10 1.159782672884516525e+10 2.123528030274127197e+10 -8.723548799599512100e+09 1.928688850566172028e+10 2.191447962229015732e+10 -1.565756884617072105e+10 1.307249648383830261e+10 1.153028808465855598e+09 2.943669302189985275e+10 -1.318662037203899002e+10 4.880003240451052666e+09 9.256496689118258953e+08 -1.710836058934241295e+10 1.261200150588283348e+10 -5.569295410715044975e+09 -1.199194713408895683e+10 -4.596103093282395363e+09 -6.570954922997374535e+09 1.020544505017958260e+10 7.063703767077471733e+09 6.133307623649522781e+09 -8.143412355493843555e+08 -8.235858802448021889e+09 2.821019837610103607e+09 1.159275526546870232e+10 5.287289564239053726e+08 6.604689730309509039e+08 4.844759441875046730e+09 9.737219683593973160e+09 -9.367451280952856541e+08 7.350612688963726997e+09 -4.338076692261337280e+09 -1.705763397587449646e+10 2.394360352475843072e+18 1.493548930490844672e+18 8.739401860452990720e+17 5.488477180356469600e+16 1.999980162316416256e+18 7.488916212023356160e+17 -4.380060629037002400e+16 6.542142801425360640e+17 -4.704133778701347200e+16 -7.574911782335470400e+16 -2.563813830692076480e+17 -7.032101532071862400e+16 7.603137486159953920e+17 2.422452406694251600e+16 -5.609668052577029000e+15 8.557319874494667520e+17 5.839892946859654400e+16 -2.610352981389873500e+15 1.118893480043113800e+16 3.319431197310571520e+17 1.085640796708142080e+18 5.583061890456712800e+16 3.988335928582549000e+15 1.669345387346740736e+18 2.907823772545323200e+16 1.406800295087136800e+16 1.871817311480108000e+16 7.039337949130288640e+17 6.734820610116386000e+15 -1.807282572358566400e+16 1.684559958120085600e+16 2.818174388073688000e+16
2.394025575573555298e+11 1.050582954164076996e+11 -8.995612893255448914e+10 2.719799656055103149e+11 5.963743711242301025e+11 5.267424152670533447e+11 2.990359607920402222e+11 5.573785538284626007e+10 3.182066199398115158e+10 3.362193291006752777e+10 1.015997359214111786e+11 8.708128946576301575e+10 9.121826656376232910e+10 6.263294786961380768e+10 8.150410451237976074e+10 3.527991394213005829e+10 1.339559574172568321e+10 7.974013314803712845e+09 -9.815781609192083359e+09 -1.572658751404663849e+10 2.062234444209604645e+10 7.943625226906320572e+09 5.625273445961289406e+09 1.515499932573645830e+09 3.411822708812611699e+08 -2.831032880905776024e+09 1.168519555734088659e+09 -3.097259110151357651e+09 -9.725713058027637482e+09 -8.179670735617375374e+08 -7.577411182844880104e+09 5.408315517305953026e+09 -4.380475755037141800e+09 -2.064829841524975061e+09 2.594955483620981216e+09 -2.637982353643981934e+09 -6.494201221452225685e+09 -2.684875628480032682e+08 -4.026454989892959118e+09 3.468018894734099507e+08 -1.298998189832210064e+09 -3.648502913820973396e+09 8.287043237833504677e+09 1.230987398830161810e+09 -1.755017313274631500e+09 -6.350902039029445648e+09 -3.858208528508552551e+09 -5.677023027031648636e+09 -6.052819312991418839e+09 2.980536640034461021e+09 1.162929743456784010e+09 5.901588017653728485e+09 -6.983954606791028976e+08 -7.852964538353810310e+09 -4.000368885069911957e+09 -6.787969838736575200e+16 1.149632050246616160e+17 9.651631499813158400e+16 2.371043047802929920e+17 -3.108225443405599200e+16 8.025606829748147200e+16 1.946838140249310720e+17 -2.109754885774368750e+15 9.655621722815475200e+16 3.643672075029939200e+16 9.691379230051726400e+16 1.475751480939107840e+17 1.122400656107488000e+16 1.005974156261186720e+17 1.299214045456113000e+16 -2.801478905890615500e+15 1.282496665280704320e+17 2.244191054685770800e+16 4.634282538682246400e+16 2.382809092976469120e+17 2.038118863873069760e+17 1.173619204536559360e+17 4.116336720577564800e+16 2.907823772545323200e+16 2.606288737815270080e+17 4.125147716415554400e+16 3.274237293529922400e+16 3.067761654570840000e+15 1.133082339629302400e+17 3.259035928368015600e+16 2.339712511931823600e+16 1.783616082326125200e+16
-2.442353091772688293e+10 1.590612521577766418e+11 -8.039340298988557434e+10 -9.404824164781628418e+10 -3.664981256725104523e+10 4.165242210222651672e+10 1.529226869883508606e+11 1.527190101251562805e+11 1.715235338790303345e+11 1.049220792972156982e+11 1.024577651328078308e+11 8.547416029780767822e+10 7.561755246839247131e+10 5.693500705349462891e+10 6.399441383281336975e+10 3.133774009586004639e+10 2.689676886414278507e+09 1.386627861779806137e+09 -2.950757441325525761e+09 -3.738147641191679984e+07 -3.857887721614696503e+09 -2.147581664987726593e+10 -2.058885225123282623e+10 -1.440282098824349976e+10 -6.680679252604171753e+09 -7.261896604546142578e+09 -1.244730313277444649e+10 -4.330171814395254135e+09 -1.823699332756819534e+10 -4.566737421050943375e+09 -1.108280014458068132e+09 -8.333284401229472160e+09 -1.090665422308888626e+10 -8.887050676893507004e+09 -4.331172480965878487e+09 -5.964578240012017250e+09 -8.632588765942577362e+09 -1.267403345341212845e+10 -1.340330216750057411e+10 -8.454747833722805023e+09 -4.196238383860429525e+08 -1.195392552358454895e+10 -6.521315700947420120e+09 -1.009963435903049278e+10 -1.111033040086951065e+10 -1.110102671955282593e+10 -1.217494457435932159e+10 -1.181713638383087921e+10 -9.235859691688514709e+09 -6.501740630323328018e+09 -1.147590597970788383e+10 -4.801113695904500008e+09 -1.152941673522664642e+10 -8.714852241823429108e+09 -6.665483028721626282e+09 5.791406901045791200e+16 -7.868457820860604800e+16 5.745601526954322000e+15 2.254104927224759000e+15 -2.422772149305357120e+17 7.876755239016000000e+16 4.099514168469115200e+16 6.815357257579939200e+16 5.676152476238462400e+16 9.335348026830934400e+16 1.768956878642786880e+17 4.271113729381001600e+16 4.020204113453400000e+16 4.810975925825858400e+16 6.549134445231727200e+16 3.331803053912795200e+16 3.868723154211230400e+16 6.076262042618080000e+16 3.597804253351972400e+16 -2.145764644944125200e+16 1.024766896875474880e+17 5.629551915956344800e+16 6.362935338020172800e+16 1.406800295087136800e+16 4.125147716415554400e+16 1.224661289331954400e+17 3.772956164127693600e+16 2.779657159162550400e+16 1.987750663307885600e+16 5.470422858838686400e+16 2.571947578041707600e+16 1.439160666802983000e+16
-6.380999150362723389e+11 -6.454268499791609955e+10 -8.256936794760581970e+10 -6.870584075375830078e+10 2.157044075037417221e+10 8.554620269742398071e+10 9.180828124451654053e+10 -2.629213197834357738e+09 -2.425385789538579941e+10 7.950018380730926514e+10 1.715436145421637878e+11 1.751525965611096802e+11 1.298638375319854279e+11 5.808546229684507751e+10 3.579375229406276703e+10 1.619078418149545288e+10 2.545075344266381836e+10 1.632833870646353340e+10 2.844181355314066696e+10 1.010475105744781494e+10 2.830485583529618454e+10 -3.590418535769215584e+09 -3.154388050916529655e+09 1.360324810757639885e+10 1.111562212467415047e+10 9.990048326594209671e+09 6.096978127488162994e+09 6.493127078318218231e+09 -1.254208015314060688e+09 4.256926323740817547e+09 7.672809548106004715e+09 3.139006541998547077e+09 5.660972982994462013e+09 -8.855790642986538410e+08 4.887290321248641014e+09 -1.441296283512306690e+09 6.909293139736009836e+08 -3.439157769639904022e+09 -8.837395344501117706e+09 6.988978937828736305e+08 3.744607016669805527e+09 -1.125501770347491503e+09 7.695311752443257332e+09 -2.995075925136032104e+09 -3.384776224291752338e+09 1.649095372190471888e+09 4.016583938444043636e+09 2.540113433848311305e+08 -2.960824969109643936e+09 -5.135897051228908539e+09 -9.394899587802953720e+08 2.045210433030440092e+09 4.070605372093439579e+09 -1.993493964577891827e+08 1.401877061402310431e+08 -2.179102303566232000e+17 -2.974295329004374800e+16 -4.253262255935295500e+15 2.613035952342570000e+16 1.308276118817516320e+17 7.907122976879617000e+15 2.897766148964920400e+16 -2.413059050753862000e+16 -1.799624814873719500e+15 3.059463314789703200e+16 8.250021241705190400e+16 -1.653945625922677750e+15 2.484829145308186000e+16 3.255712773946642400e+16 2.192391831467291600e+16 2.309589712219184400e+16 3.949602808643600000e+16 5.320840343704132800e+16 8.381032899869571200e+16 -1.152676242719370240e+17 -2.835955274655830000e+16 2.838801379031100000e+16 1.393980349291318800e+16 1.871817311480108000e+16 3.274237293529922400e+16 3.772956164127693600e+16 1.660773279935148800e+17 7.457716167504952000e+15 1.749213177690289400e+16 1.959370991606057200e+16 4.272837299294917600e+16 2.217666898003915200e+16
3.228432805492304199e+12 2.746121435551348633e+12 2.025842867691840820e+12 1.080580292526773560e+12 2.706660380181075439e+11 2.237993699859250641e+10 1.217086341334692230e+11 1.866409444859571457e+10 8.815075965000503540e+09 -6.184863787788808441e+10 7.707635403164468384e+10 -3.728808759060368347e+10 4.504616749360319519e+10 1.938773893679082642e+11 4.394241474337342072e+10 -9.472234571912129211e+10 -5.103591828457471466e+10 -2.867928451764753723e+10 1.349753883476169968e+10 -3.488821735407247925e+10 -3.474099108917237520e+08 -2.391956758764581299e+10 -3.631068249229859161e+10 -2.649939235690748596e+10 1.005835001505407333e+10 7.834520921044747353e+09 -3.279725771711175537e+10 -4.452876104107277679e+10 -2.817672194256493378e+10 -2.240294203271760178e+10 -1.461040913720019150e+10 -3.521308894642897034e+10 -1.934806778652304077e+10 4.880082587024721146e+09 -1.124642392495522308e+10 -1.523662712845946312e+10 -4.852573958466098022e+10 -1.489627045459399605e+10 -2.668688496230496597e+10 -3.353826412438016891e+10 -3.737565929789112091e+10 7.944495391787726402e+09 -2.776900600800939941e+10 6.313258631694809914e+09 -1.430009570988526726e+10 -8.465872550143033266e+08 -1.548399877581966400e+10 -5.273503128269382477e+09 1.033660524452611351e+10 2.224049582857637405e+10 -9.185962475255704880e+09 -2.480854725864057541e+10 -1.456661013354013062e+10 -2.235746048299169159e+10 -2.224560306959118271e+10 5.889335112639024128e+18 1.217149274349831936e+18 1.875943769425400064e+18 -6.709341929784641600e+16 5.126501825704712320e+17 7.334495679364660480e+17 -9.840525421376172800e+16 1.683750784073460736e+18 -6.576295839706648000e+15 -1.313840486000614080e+17 3.253934113162878720e+17 -4.597337145698498400e+16 5.638596244727998720e+17 -3.063305680328362000e+16 6.354720118876161000e+15 1.704279008828482560e+18 -5.402753088206831200e+16 -5.620462872358191200e+16 -2.649704865393375600e+16 1.161387396398925280e+17 -7.627579619091046400e+16 3.601154029382524400e+16 -1.658533308697050600e+16 7.039337949130288640e+17 3.067761654570840000e+15 2.779657159162550400e+16 7.457716167504952000e+15 2.228871179082819328e+18 1.908943756987224400e+16 2.505488845785052400e+16 3.920715094880892800e+16 5.766860447059768000e+16
5.307276585086995850e+11 4.150679021903057861e+11 -3.648494467164276886e+10 2.401724000622629395e+11 5.219706561460375977e+11 4.076035789990234985e+11 2.045909577731546021e+11 1.966248160413639832e+10 -7.514515059689251709e+10 -2.168820513237712097e+10 -6.611673146627305031e+09 5.630151224912717438e+10 6.112858070480773163e+10 9.976580723332560730e+10 9.026707592757891846e+10 2.506145258879189301e+10 -6.739448960943998337e+09 -2.821527541300162888e+10 4.157854023554491997e+08 -5.369765060186571121e+09 1.298762441593522280e+08 -3.736585721438117981e+09 -2.107139190819513798e+09 -4.011543692945018768e+09 -9.907544544282411575e+09 -2.148796334346834564e+10 8.077083917390883446e+09 -2.684647829437095165e+09 -1.141555367578400803e+10 -5.012202816578747749e+09 -2.108788302330916214e+10 -9.115628991475835800e+09 -2.596256015297011948e+10 -1.022829826143741417e+10 -2.351791953220408440e+09 3.325267320414541960e+08 -6.310500706626828194e+09 -7.226885378840340614e+09 -1.311958507178342819e+10 -1.868738400223111343e+10 -1.344258240899891663e+10 -1.623295919952824020e+10 1.078656267793683529e+09 8.580214361899555922e+08 -6.729838859186546326e+09 -1.415226333426470184e+10 -1.041032130128152466e+10 -3.065974849317691326e+09 -1.853969298678980350e+09 -1.936308497590628147e+09 8.119206116554078102e+09 -4.038824128552956581e+09 -9.192519390961757660e+09 -9.296655459124341965e+09 -1.203741486461459398e+09 -1.369955572941716160e+17 6.386592643069320800e+16 1.445644565779063040e+17 2.430448718747380800e+17 5.151391911563225600e+17 2.969726777959828400e+16 1.260492085788849440e+17 -3.578799264521063600e+16 6.479089268289359200e+16 3.996705264836995000e+15 1.521237320089769000e+16 6.682281571246981600e+16 -1.976542851130059200e+16 8.023402225219048000e+16 1.565405170964748800e+16 -6.258086662478819200e+16 9.462076956824052800e+16 5.653511868322547000e+15 1.496170430438025400e+16 4.642959355282588160e+17 1.461711983952857920e+17 6.989845874125387200e+16 1.239703018016837400e+16 6.734820610116386000e+15 1.133082339629302400e+17 1.987750663307885600e+16 1.749213177690289400e+16 1.908943756987224400e+16 3.357329205010592000e+17 4.800802867275007200e+16 2.397681167951041200e+16 2.690944849044662800e+16
2.099347327995649414e+11 -2.203325964462635422e+10 -1.333068425534393501e+10 -1.276192820393687744e+11 2.716046430630895996e+10 1.530515754448231506e+10 1.594869891508430786e+11 1.955914445140097351e+11 1.570476113875492249e+11 5.010217785809456635e+10 1.372887660553920174e+10 3.383751737435963058e+10 8.762997885347123718e+10 1.138017395679298706e+11 1.059419236038882446e+11 5.611098215721952820e+10 1.774375358198665619e+10 -1.491182590448825645e+10 -2.995147473744228363e+09 1.344092398750535774e+10 1.540471275058917999e+10 -9.017616465903881073e+09 -1.449809330038584948e+09 7.495570968948719978e+09 4.498814590783061981e+09 -8.967739288536771774e+09 -6.478646598279383183e+08 -3.203036918969555572e+07 -9.944639968483970642e+09 -7.609340462230638504e+09 -5.037059512581661224e+09 -4.894701936501408577e+09 -5.548519413895252228e+09 -9.849585244080319405e+08 5.050836114480498314e+09 7.559637425145637989e+08 1.781242731420557261e+09 5.673716494489570618e+09 -4.497899926109739304e+09 -7.323311847300724030e+09 -9.748698285440589190e+08 -5.087022009233803749e+09 -3.540120425406004429e+09 1.004666682996112555e+08 -7.868121023565939903e+09 -5.691362544490701675e+09 -8.723692613746559143e+09 -1.036441110609447479e+10 -1.029748618872912598e+10 -3.706653507792129040e+09 -7.986796806777563095e+09 -4.008781895017857552e+09 -7.694916710800589561e+09 -8.916081273580101013e+09 -5.003577766334827423e+09 7.366668429314539200e+16 1.493314300745946560e+17 -1.245996707886833200e+16 -3.105201493941747200e+16 -4.984087170353176800e+16 4.000292745961832800e+16 1.179940231086859800e+16 2.140780211579021600e+16 5.446029823130805600e+16 8.703223990167856000e+16 2.748337664563698240e+17 2.210065592044985250e+15 2.334952642003164000e+16 3.354638498527347200e+16 4.391900837196200000e+16 7.349958070646825000e+15 2.315735472743487200e+16 4.388321871150252000e+16 2.163896014650209600e+16 1.376298678413030240e+17 6.763331241613304000e+16 5.768951269292450400e+16 5.975043584793515200e+16 -1.807282572358566400e+16 3.259035928368015600e+16 5.470422858838686400e+16 1.959370991606057200e+16 2.505488845785052400e+16 4.800802867275007200e+16 1.890868684086996480e+17 2.988457435804009200e+16 3.149778466137322000e+16
-1.916702794426983337e+11 3.220231337032229233e+10 -1.150621930257266617e+10 -2.339968477352876663e+10 -3.821928075893377686e+10 4.430555062101485443e+10 1.446073305538359451e+10 -3.421981862990953445e+10 -3.523702380499485016e+10 1.267329555109029007e+10 8.527691739093583679e+10 6.654748901342145538e+10 9.003158601688864136e+10 9.291465496000277710e+10 7.126532589699169922e+10 4.244083861376504517e+10 3.033692332412173843e+10 1.331438410588394403e+09 -4.348642956911366463e+09 3.076467558042658806e+09 1.249379089497737503e+10 1.415896878440950203e+10 6.246539301327421188e+09 1.576690825719520187e+10 -4.358440983114892006e+09 -9.210980520210624695e+09 5.469516069185023308e+09 1.719851437379504442e+09 -1.167340669829128838e+10 -1.249418575212718964e+09 -7.016456475566043854e+09 -8.109584630140336037e+09 -4.948167492779009819e+09 -4.573678963203978539e+09 -4.158366262950889587e+09 7.906015762845125198e+08 -1.112370026147775650e+09 -6.639675619701555252e+09 -1.066142333193522072e+10 -3.279552949259743690e+09 1.789589793914951563e+09 -4.534137494980809212e+09 8.488660148206725121e+08 1.279947323598044872e+09 -7.099772985175435066e+09 -6.422523305971934319e+09 -3.541664932191321850e+09 -4.336642005362079620e+09 -8.909470983947540283e+09 -5.509512953921900749e+09 -9.263696256756141663e+09 -6.267044735633402824e+09 -4.749944930310920715e+09 -1.128636994922049904e+10 -9.520808241333158493e+09 -2.703861541224827200e+16 -5.965294474350489600e+16 -2.342906293657557600e+16 -1.067897628732679400e+16 -4.550423254495393920e+17 2.188730206864433200e+16 1.289934633689579600e+16 -1.367578712750988600e+16 1.553176609520378000e+15 1.088223332395010800e+16 -4.388458814420233600e+16 2.191002680275050000e+16 1.184201573677421800e+16 2.363634488078389600e+16 4.715268630936464000e+15 3.387136220856452000e+16 2.225470456747814800e+16 1.357474340625455000e+16 3.605324504797288000e+16 9.092117302254473600e+16 -1.164895413132056200e+16 2.178954359820018000e+16 9.036757285838298000e+15 1.684559958120085600e+16 2.339712511931823600e+16 2.571947578041707600e+16 4.272837299294917600e+16 3.920715094880892800e+16 2.397681167951041200e+16 2.988457435804009200e+16 1.207891672849740800e+17 3.978807367317488000e+16
2.571651992124010315e+11 3.391604447858336182e+11 -2.844737857088094482e+11 -6.885564041850147247e+09 -1.127401128131397552e+11 -5.333292599307972717e+10 -2.216258374817390823e+10 4.817256151091841698e+09 -1.201076654546245337e+09 -2.430408077719920731e+10 -2.382463209793746185e+10 -7.333794112235898018e+09 8.680373770531831360e+10 1.294412694770688782e+11 1.121045671536521912e+11 7.235549262296209717e+10 2.715735044020749664e+10 1.358145092578268766e+09 2.127402692958394623e+10 1.153822164161046743e+09 2.387648782749219131e+10 8.541084356429832458e+09 4.656421008401591301e+09 2.320201194362215042e+10 2.225922768858575439e+10 2.723729951253306580e+10 9.637193703058706284e+09 8.075287875765623093e+09 9.648054332381179810e+09 2.046122959596323776e+10 3.633544632208890438e+09 -5.611655517665236473e+09 1.774466762556895447e+10 -8.087879665053289413e+09 -5.640731279889725149e+07 6.266115391902159691e+09 -3.651598521931042075e+08 5.457564344585750580e+09 6.991974710795703888e+09 2.498490751601370811e+09 -1.623556540014719009e+09 7.899050977840957642e+09 2.636310050848094940e+09 -7.290519374864772797e+09 -6.885515953001684189e+09 -7.376871235074880600e+09 -4.559210817743980408e+09 -1.452923635043641806e+09 -3.793973717335042477e+09 4.508706087005737305e+09 5.771767043552954674e+09 -6.592684679470110893e+09 1.145868688817927837e+09 -7.986286941058923006e+08 -2.883905160732943058e+09 1.470480682074992320e+17 -2.610638871622437500e+15 -2.014099325036522000e+16 -1.147980005278949800e+16 4.181247192535460480e+17 5.477133557673230400e+16 -2.906239127518420800e+16 3.302520083452950800e+16 -3.434820815734047200e+16 8.179352542903592500e+14 -2.777366395726573440e+17 -4.623616169834696800e+16 -1.824803196662632250e+15 -7.012251154183456000e+15 6.879275154498749000e+15 2.243843485332088000e+16 4.948610430904898000e+15 1.823942802511575200e+16 5.537643854667770000e+15 9.501490518959352000e+16 1.581422964931985600e+17 3.037522485872539600e+16 5.913829728649306250e+14 2.818174388073688000e+16 1.783616082326125200e+16 1.439160666802983000e+16 2.217666898003915200e+16 5.766860447059768000e+16 2.690944849044662800e+16 3.149778466137322000e+16 3.978807367317488000e+16 2.794449780848431360e+17
