# P+B covariance for NGC and p = 1.0
# Constant shot noise subtracted
# 
2.903183360336466432e+08 2.243181135560676455e+07 -3.806371912363573443e+06 -1.270183829103082418e+06 -5.579053518100235378e+05 -9.285006046508811414e+05 -6.125659460546975024e+05 -3.736815694489076850e+05 -7.581576254396670265e+05 6.710276855741778854e+05 3.543998934587299009e+05 4.695387639140603133e+05 -1.341444927562113153e+05 -4.740813066893698997e+05 5.186609001087897341e+05 -4.807055202241413645e+05 -3.557830273226586869e+05 3.036220611949005979e+05 4.190115309795100475e+05 7.345147849005647004e+04 2.026086475308098597e+05 -2.339197398071798671e+05 -2.610345751455404970e+05 2.313414707675469981e+05 7.311567325296701165e+04 4.233779501695084946e+03 -3.329884124877690920e+05 -2.325349499866089609e+05 2.754987009086972103e+05 -1.449010613347104809e+05 5.749116163689828682e+04 4.168042534729274921e+05 -6.193386121417889080e+04 -1.638930639693761477e+05 1.025570671172492293e+05 6.856919736384869611e+04 -4.452072998742381969e+03 -2.781985175945585070e+04 -5.033267568302448490e+04 -1.593476680920381114e+04 -1.704080522277221608e+05 8.535549523068712733e+04 3.317621643388835946e+04 1.873223050908180303e+05 -2.121392859860051612e+04 -5.999089882617072266e+12 1.954121014052999023e+12 3.378342481378181641e+12 -3.605875883164678345e+11 1.218656834853475586e+13 3.162390696814977417e+11 -9.992917621703864746e+11 1.350782224919806152e+12 -1.636445511141761971e+10 8.805098282563758545e+11 1.263154284093578613e+12 -3.960794175647711792e+11 1.149232501814530029e+12 -2.135828274422588806e+11 -3.288948639223847656e+11 1.430455951348539551e+12 5.755394727134429932e+11 -2.979450258292262573e+11 -4.298941591534001465e+11 2.057472701034778320e+12 -5.656667239522224609e+12 -1.397897846791569824e+11 -2.310989359774446106e+11 -1.666944163547215271e+11 -4.104664371044982147e+10 9.437509796607516479e+10 -1.189407353638434143e+11 9.093467992958931885e+11 -4.116839185170084229e+11 -7.643459409976647949e+10 1.678452576054114380e+11 7.147665984701664734e+10
2.243181135560676455e+07 7.400594469099284708e+07 7.223013639644018374e+06 4.767099319708637777e+05 7.345713908334722510e+05 6.560967041941044154e+05 1.411054709800477722e+05 -5.125660346180593478e+05 4.157284824894894700e+04 5.735377549534181599e+05 1.753857207421485509e+05 -3.356555700242285820e+04 -6.994340308410832949e+04 -7.338290431882189587e+05 -2.118445435946091311e+05 3.900664449107065593e+04 2.089429862000387584e+04 2.472771059916208033e+05 -6.228069272042011289e+04 -1.186428071588998282e+05 1.112745302760360355e+05 -1.293514935747846466e+05 -1.242487570020648709e+05 -4.568364307310309960e+04 -1.324709336309217324e+05 9.025560160687471580e+03 2.010728271924545988e+05 -6.993107955633633537e+04 -4.059270380718322122e+04 -9.464438520363504358e+04 -2.485191575727790041e+04 3.546320355735928024e+04 2.958185422488500626e+04 -1.257259838957676220e+04 1.065624100656627706e+04 5.427339427983990754e+04 -9.142111338301814612e+03 3.022338207630018223e+04 -3.540181718297672342e+04 -5.887663844882644480e+04 -1.114082184856073873e+05 1.931818626766026227e+03 -1.336628724851391416e+04 -7.334520854932738075e+03 7.234515613733949431e+04 5.948385804684708008e+12 3.067387696530019531e+12 3.677018450936817871e+12 7.862865082628458252e+11 7.296322631602745117e+12 1.987586939599660645e+12 6.548066366550205994e+10 2.239488423250776367e+12 1.216850388155395203e+11 1.320447176752321625e+11 5.225606257919039062e+12 -2.534062317427316284e+10 5.722825629104588623e+11 6.965618150559306335e+10 -4.611832332016990662e+10 1.498294386041461426e+12 5.485828906102772522e+10 5.041768795166519165e+10 2.515203145985235214e+09 -3.129715874654708008e+12 1.158735029011882812e+12 4.289319378651315308e+10 -7.629610588133207703e+10 3.891592797206539307e+11 1.673692048058083534e+10 -3.280534461513858032e+10 1.894151934821713638e+10 1.642793536975866211e+12 3.932115935717948914e+10 -1.622272372831128845e+11 -7.340924478066500854e+10 -1.472526411213309021e+11
-3.806371912363573443e+06 7.223013639644018374e+06 3.022994786856349558e+07 3.913125656319178175e+06 9.768220341789360391e+05 8.303435438147600507e+05 5.033848123462385265e+05 2.442185976278218441e+05 3.569487930242559523e+05 3.464959300302646006e+05 -1.757370586814311682e+05 1.800518024348562467e+05 -1.643047383645669615e+05 -1.168792692121298751e+05 4.176873281165277149e+04 -4.206607239608191776e+03 -1.055504896599715175e+04 -1.595100738418020192e+05 1.257689848981491086e+05 -2.158439656700575142e+04 -1.191761854625052365e+04 -1.554219609368243255e+05 -5.954672554233497794e+04 3.081592885233641573e+04 1.297646148144583130e+05 1.218045079145972704e+05 1.216248236037961469e+05 -3.396147053953295108e+04 8.333359188553551212e+04 8.168987269291142002e+04 1.633023193096470204e+05 1.639312933991541286e+04 -3.108377356787402459e+04 5.022828031031932187e+04 -5.634289698678231071e+04 -5.850021501625845849e+04 2.848123557354286095e+04 -1.954666662817036558e+04 8.376251363283488899e+04 6.415804775667528884e+04 -2.247120049326006665e+03 5.792032107323138189e+04 1.555569676183635238e+04 5.027292709540027863e+04 8.146427052091441874e+04 5.537234670890085938e+12 3.981462687910085938e+12 2.718333932238843262e+12 2.031492442287999878e+11 7.165246539252094727e+11 2.053835063406329346e+12 1.999147240731403809e+11 1.676866944219929443e+12 2.810469548153729248e+11 4.059714385035291138e+11 4.101238174353901367e+11 1.192440676801116180e+11 1.367214841615868896e+12 1.694546332843901978e+11 5.169389848646768188e+10 1.390056003666536621e+12 1.090093756160178986e+11 2.226933039838906860e+10 9.363471076990774536e+10 8.466383578869891357e+11 -4.155751296557019806e+10 2.733035391068420105e+11 4.633423240243409729e+10 1.375228479154561768e+12 2.387205675713812256e+10 3.415396797479796600e+10 3.153058780854658890e+10 1.342011386949575684e+12 1.166883974897876434e+11 -3.828896694823866272e+10 -1.538260479370942497e+10 -9.227088660483639526e+10
-1.270183829103082418e+06 4.767099319708637777e+05 3.913125656319178175e+06 1.576377068673775904e+07 2.223720251889605541e+06 3.282725263692460721e+05 -2.420503334299295238e+04 -2.020294712323652639e+05 5.520267576427068707e+04 1.016384663172210276e+05 5.802473203834155720e+04 2.614966050292138243e+04 -9.262922427594829060e+04 2.651793204958912975e+04 1.017724310716717882e+05 5.396029721818453982e+04 -3.706012881314409697e+03 -9.967926317539410957e+04 1.382916944406534894e+05 1.962126296568048474e+03 7.772377566307669622e+04 4.011159206337212254e+03 3.554996822964077001e+04 6.459866436040731060e+04 2.594583723346346960e+04 1.046573716217389010e+05 1.457732484979515430e+05 2.045790060309829414e+03 3.446650993471952006e+03 2.472752313626373507e+04 7.147117619624358485e+04 2.672525270412990722e+04 4.515198078374662146e+04 -2.347903278541245072e+03 4.310736869929745444e+04 1.620616221521961234e+04 4.277403055365666660e+04 -4.467808935430207202e+04 -1.989574632656091126e+04 4.053487427193801977e+03 -1.905254488061499433e+04 5.501403433437855711e+03 -1.655793023040569460e+04 -2.475316423258206214e+03 -1.924498305694463488e+04 1.012022377959048828e+12 3.085733203681191895e+12 1.643762522765313477e+12 6.981497866108936768e+11 4.852955103416600586e+12 1.306343497542854248e+12 4.895525898646944580e+11 9.102576966915573730e+11 2.650590520650867004e+11 1.233592333974366302e+11 1.243275196459909424e+12 1.010693044096688690e+11 7.812585316536043701e+11 2.689919844665394897e+11 3.280677184177270889e+10 5.987335320825155029e+11 3.319382844309200439e+11 5.728035970865911865e+10 5.477217055960271454e+10 -2.940600761102489624e+11 -3.502331388287181091e+10 1.368522297071952820e+11 -5.168917425355290222e+10 7.592115502699636230e+11 1.982617710143777466e+11 4.424901993087226105e+10 1.546640461978594398e+10 6.247132218476071777e+11 2.505183262836557922e+11 -2.161137451411849213e+10 1.330194820851058006e+10 -1.804458155591440964e+10
-5.579053518100235378e+05 7.345713908334722510e+05 9.768220341789360391e+05 2.223720251889605541e+06 9.545895833168197423e+06 1.208817464187253732e+06 -1.258691021203945566e+05 -7.622897849020284775e+04 1.261989553262468107e+05 2.221403514701091917e+05 -9.903829399515806290e+04 -1.969960421822220087e+04 -1.263099890888813388e+04 -6.422662833520324966e+03 5.670571340155108192e+04 3.194759293452765269e+04 -1.413395327486806673e+04 5.151328593005132279e+04 4.368674546968355571e+03 -6.236582776813353848e+04 -5.348050017555488921e+03 1.966272930359044403e+04 -1.546351866092103046e+04 3.212048789062085780e+04 2.440345360027581773e+04 2.010837392438030656e+04 3.071505873047563000e+04 5.672648791308965883e+04 -2.897685709223419963e+03 -3.597498121620278835e+04 -4.628831710159774957e+03 5.809335965243777764e+02 2.257282193157171423e+04 4.849317975190895959e+04 2.805468042271824015e+04 2.010026341771606894e+04 9.054201400391479183e+03 -2.313512783639375630e+04 7.074131602996726542e+03 -1.582595206333898659e+03 -1.155459166621132681e+04 3.051253451511626281e+03 -4.236578994491298363e+04 -3.639170475057938165e+04 3.657993014317049528e+03 -1.345569067882226074e+12 1.077003840119668823e+12 5.867592158150051270e+11 9.852807647293106689e+11 3.159253338720374023e+12 2.918511092060606079e+11 5.721567080928941650e+11 -7.743749936962821960e+09 2.524362697076235962e+11 -3.755954643153711700e+10 -1.314355158416929443e+12 2.479515462774948425e+11 7.573260798337800598e+10 3.372868252623418579e+11 5.515857065420546722e+10 -8.850147746336549377e+10 3.023977377759204712e+11 -3.084695159078305721e+09 -7.157350567436724854e+10 -2.352079552885008545e+11 -3.490750267273629761e+10 2.556417743531253357e+11 -3.177939551914825058e+10 1.808226194849634094e+11 2.776921489010735474e+11 1.748659047209793854e+10 -1.654988241818066406e+10 9.212355860592118835e+10 3.091607836239708862e+11 -1.385244214779672146e+09 -1.349741030605818367e+10 -4.742915138551726532e+10
-9.285006046508811414e+05 6.560967041941044154e+05 8.303435438147600507e+05 3.282725263692460721e+05 1.208817464187253732e+06 5.947410207327654585e+06 8.292461032058397541e+05 -1.007583167089818744e+04 -3.859884446248656604e+04 1.193027193614581920e+05 1.214294168812438584e+05 1.095026368494501367e+05 3.727611182709199056e+04 5.913564376688385528e+04 2.001697722600907946e+04 -5.489767554808946443e+04 -7.289552656161491177e+04 -5.237501347284709482e+04 -2.082876016731622803e+04 -8.839576679957036686e+04 7.133107244689445361e+04 1.478199844032184228e+04 -3.247127062167695476e+04 4.648090032882712876e+03 7.531775060610650144e+03 1.948759117518214043e+04 7.487513218119872909e+04 -1.573162177732400960e+04 3.675184894041557982e+03 6.524436728291893814e+04 6.254047586391982804e+03 -3.196626924363878788e+04 2.172631311143810308e+04 2.850337286187132486e+04 1.705724795825305773e+04 3.366856337130977772e+04 1.313787412852122725e+04 -1.731232874238031945e+04 -2.567803128753439069e+03 -2.142812933092112871e+04 5.239131795838989092e+03 6.362147430186960264e+03 -1.534806050804632468e+04 -1.378660766204125321e+04 -7.608309597484209917e+03 -3.643173261807354736e+11 3.289878023854935913e+11 8.125417723307468262e+11 4.777316616853291016e+11 1.722924791488172607e+12 4.685482406820669556e+11 4.996170710598566284e+11 1.203545592940780487e+11 2.223040413182612000e+11 3.396032555725811005e+10 -5.038441358331174927e+11 6.546989252206187744e+11 1.860341075942631531e+11 2.691774031967280273e+11 1.675325401867405510e+10 1.010269913396038818e+11 2.307334298488955688e+11 7.625318072232701111e+10 6.475315989274788666e+10 3.132810782891140137e+11 4.969078156490989990e+11 3.856840533467118530e+11 4.779191041842546844e+10 5.735426138180812836e+10 2.335141840136218872e+11 2.139145284079421616e+10 3.033737356604808426e+10 1.003473593422208099e+11 2.480383769268255005e+11 -1.538505842682183456e+10 -8.334452214082150459e+09 -3.301907702096458054e+10
-6.125659460546975024e+05 1.411054709800477722e+05 5.033848123462385265e+05 -2.420503334299295238e+04 -1.258691021203945566e+05 8.292461032058397541e+05 4.323179073667360470e+06 7.491700244486184092e+05 3.008311541998949251e+05 8.065561398764415935e+04 -5.160384186673905788e+04 4.688791674310565577e+04 -7.773152175588669706e+03 9.221855051668174565e+04 8.617347138050670765e+03 -6.724428384163997544e+04 -4.123730016583897668e+04 -2.013398929404332739e+04 2.186269239651467797e+04 -2.735966000975903080e+04 4.753841628085853699e+03 -3.556152750996774557e+04 1.690607351843785727e+04 -1.397831506065685244e+04 5.742061590960784815e+04 3.531286869701243995e+04 4.301975395941765601e+04 1.959305805727285042e+04 -1.463586730208309382e+04 1.684544340961325724e+04 -4.486229890479113237e+03 3.542161057259405788e+04 2.310881669021219568e+04 -3.443158896472423658e+04 2.415574016228059122e+02 4.981774231034260993e+03 5.670913698562002310e+02 -1.348947347888318291e+04 -1.815690936625466566e+04 -4.287217608056296740e+03 -6.977372154606517142e+03 1.351111037928871337e+04 3.328245902811368495e+01 3.396934177504911986e+03 1.368544837395016430e+03 -1.675693087394708557e+11 5.460237492170983887e+11 1.582900227630554199e+11 2.076641970086484680e+11 1.896197720821480957e+12 1.840518449123695068e+11 2.847526224826066895e+11 1.911191893619101868e+11 3.357834499917526855e+11 3.151936008684580688e+11 9.438875936110343933e+10 5.391363253742131348e+11 4.605558263741049194e+10 1.922622674589496460e+11 1.750386360760722656e+11 1.075640951146333313e+11 3.523752314363910675e+10 6.632692307277086639e+10 4.653370651442601776e+10 1.796763306116171875e+12 6.685465674679992676e+11 2.666877853349295044e+11 1.253190714597775574e+11 1.943621768069617081e+10 1.204497071890662537e+11 6.282112864651273346e+10 -2.817825205079795456e+10 9.811290683286901855e+10 1.447728979879698486e+11 1.011224633750716248e+11 -1.432847206718907928e+10 1.933566980894777536e+09
-3.736815694489076850e+05 -5.125660346180593478e+05 2.442185976278218441e+05 -2.020294712323652639e+05 -7.622897849020284775e+04 -1.007583167089818744e+04 7.491700244486184092e+05 2.770143344793035183e+06 5.628842714927023044e+05 6.577765553861354419e+04 2.372846196004965532e+04 3.272224946246904801e+04 2.757249612484799582e+04 8.082883002465352183e+04 -2.289375652862315746e+03 1.127675777084455694e+04 5.039623370055862324e+03 2.449195454703357973e+04 1.769288370531176770e+04 4.558568293258465565e+04 -1.950446789630216017e+03 -5.953493451846014068e+04 7.457179159750576218e+03 1.951235185148513210e+03 2.103508172124751127e+03 2.199038937802562941e+03 -2.496951268101595929e+02 5.114713781365589057e+03 5.779246848368153223e+03 1.026758522633963548e+04 -1.222571832500836354e+04 2.982255421174348885e+04 -9.779495986135045314e+03 -2.083544505332359768e+04 5.920875490969457360e+02 -8.941432538226696124e+03 2.477158684233549502e+04 5.117167231904749315e+03 -1.264866011901183083e+04 -1.109567150215401307e+04 -9.974777215001869990e+03 -3.725384712672875139e+03 -3.141817565410873613e+03 -2.166446349681590800e+04 1.047243954305869465e+03 -1.885465918650079956e+11 -2.353985936441389465e+11 -1.010303346259312439e+11 -6.586828240959985352e+10 3.777107861083240967e+11 1.288932637460149384e+11 1.893060972856432800e+11 2.689816357321827698e+11 2.538618462669010925e+11 3.783343454508916016e+11 5.099411741468441162e+11 4.900251406623985291e+10 1.189020467544793243e+11 1.234466367570196075e+11 2.281818503290610352e+11 -6.847998886332656860e+09 1.663471396413869381e+09 8.871064397971780396e+10 6.054915475215026855e+10 5.572161487158536377e+11 -3.664514480382528687e+11 1.239988491149081879e+11 2.329281128357881775e+11 -1.611964488368592072e+10 4.651689667328586578e+10 1.075829964606482544e+11 -1.983939737960150146e+10 6.161662785562628174e+10 1.887700090402194214e+10 1.199995488859746399e+11 -2.736978588644046783e+10 -1.228333380493108749e+10
-7.581576254396670265e+05 4.157284824894894700e+04 3.569487930242559523e+05 5.520267576427068707e+04 1.261989553262468107e+05 -3.859884446248656604e+04 3.008311541998949251e+05 5.628842714927023044e+05 2.051334710780047579e+06 3.780077182404779596e+05 9.159195251955755521e+04 2.698283197252103855e+04 5.315642662209940318e+04 -1.008699844495106299e+04 7.078408485158660915e+04 4.463107690440966689e+04 -5.231481364139274319e+02 2.385578878260822239e+04 5.421607658817361516e+04 3.363815965136577870e+04 5.117476509925739083e+04 2.832441554801635357e+04 1.623527594122015580e+04 2.088259787533846247e+04 -4.479544652052191850e+03 2.704644998392617708e+04 5.002425779681713175e+04 4.300226489664523251e+04 3.607094915014006983e+04 1.926855770543127073e+04 -1.250639527739572623e+04 2.766617656355879808e+04 8.511809128119331945e+03 -3.427435797626673775e+03 3.610101261381609675e+03 -2.472545946166387239e+03 2.031280507276747085e+04 8.740471606791610611e+03 9.119583184313161837e+03 -3.791074125429260221e+03 2.458257558663697637e+04 4.243088627877204999e+03 3.141766676564201134e+03 5.641305182388997309e+03 -4.089461372884606590e+03 4.786013258147437744e+11 3.239621207254245605e+11 1.405207773466461487e+11 8.325955745484294128e+10 3.425039185456819458e+11 1.205435596930892639e+11 4.806660240897899628e+10 1.803592405190794983e+11 2.348886960660210266e+11 3.102815777848677368e+11 8.039395146335260010e+11 9.489347530322103882e+10 1.544367878047356262e+11 1.193177603163093567e+11 1.649504287295178833e+11 5.317505668556369781e+10 -6.221408540797273636e+09 9.100838816193743896e+10 5.988105595729802704e+10 2.084694393110663452e+11 -1.615568491586888123e+11 1.951626353001226196e+11 1.854232051733379822e+11 -1.176261901044093704e+10 2.127018644821519852e+09 9.539073241956411743e+10 6.921632598804365158e+09 -2.602647891206115341e+10 -4.665270021739151478e+08 1.060480751693245392e+11 1.565922800762651634e+10 3.617631765480974579e+10
6.710276855741778854e+05 5.735377549534181599e+05 3.464959300302646006e+05 1.016384663172210276e+05 2.221403514701091917e+05 1.193027193614581920e+05 8.065561398764415935e+04 6.577765553861354419e+04 3.780077182404779596e+05 1.536370313466066495e+06 3.465156865626668441e+05 2.970413511793819634e+04 5.104032002795643348e+04 -3.300559966246740805e+04 2.631767020150189637e+04 3.447297998388315318e+04 2.984438717538378114e+03 -1.018126309801628668e+04 2.980512492806870068e+04 6.388681305543145754e+03 3.712521878229713911e+04 1.773570194862228163e+04 1.102560753839349309e+04 -4.271623438050106415e+03 -6.926751792087738977e+03 2.476353695965925363e+04 8.059174286955960270e+03 -2.836512288311938391e+03 4.348131596764483402e+04 1.118173887901207127e+04 1.154068043653579252e+03 1.568227955089672105e+04 6.617535653807614835e+03 -1.087165430041064155e+03 2.357345967855513180e+01 -3.784186650586611904e+03 1.404061693580237443e+04 1.256069865714591288e+03 1.788712105325510129e+04 2.430214394115675077e+03 4.396462067188590481e+03 1.947058547268029542e+03 1.522617930344285355e+02 -1.049533560254754957e+04 1.447405875821329573e+04 1.256133963600648682e+12 7.778535071355812988e+11 2.027878657080824280e+11 -1.559811451754596558e+11 1.242069600089435059e+12 1.527279474104413757e+11 1.020884768210042114e+11 2.952391536121851349e+10 8.880261100051066589e+10 1.639339984087161560e+11 7.341080636658608398e+11 1.416636598273632812e+11 1.977320692509033813e+11 1.021115701155825348e+11 1.239427426427977753e+11 1.084250531852062988e+11 5.399030788614948273e+10 1.068476283020432281e+11 1.222951000643628387e+11 -1.233570946912060394e+11 6.449117006681906738e+11 9.356254331358082581e+10 8.865120800374075317e+10 2.402837359239723969e+10 4.106799245244621277e+10 7.567993510007563782e+10 5.902722990480797577e+10 -3.505290076595766544e+09 1.414599348868891335e+10 4.537074237738790894e+10 4.378938534752398682e+10 2.647646537658137798e+09
3.543998934587299009e+05 1.753857207421485509e+05 -1.757370586814311682e+05 5.802473203834155720e+04 -9.903829399515806290e+04 1.214294168812438584e+05 -5.160384186673905788e+04 2.372846196004965532e+04 9.159195251955755521e+04 3.465156865626668441e+05 1.278248848248365335e+06 2.057000977876462566e+05 3.271477866827398611e+04 1.528152943763071198e+04 5.918157424603766412e+04 3.525457626890647225e+04 2.633302823584746147e+04 6.789276441704099125e+04 4.201710337541544141e+04 1.410812903558350081e+04 3.410323283326924866e+04 2.317476177998121420e+04 3.566500101200873905e+04 1.782401789440587891e+04 -3.376715635596292486e+03 1.334475456282637424e+04 2.228490486276127285e+03 1.077561838913873180e+04 8.818663432787977285e+01 -6.535420409211704282e+03 -6.800152417026582953e+03 6.951539634884523366e+03 1.213178873636135722e+04 -1.400037039137708462e+03 -1.277133385110635572e+04 -1.943390144279533388e+03 -5.924623520444884889e+03 -8.497279782083594910e+03 -2.925704121097720417e+03 -1.164107412945036958e+04 1.836681045124770662e+03 2.145660003907037662e+03 1.253906550043885363e+04 -1.115949560764029593e+04 2.801390467142430680e+03 -1.703465677522739258e+11 7.100017293283949280e+10 -2.688642836618727875e+10 -7.717088038346179199e+10 -2.220721622178895874e+11 1.819605937455276489e+11 4.609959417507291412e+10 -8.130320846297235107e+10 1.026832766842173386e+10 2.938952228789279938e+10 -2.243855363787695007e+11 3.266066994349905777e+10 1.305256682619641876e+11 5.318264157775654602e+10 5.714160842499438477e+10 1.524274844772036133e+11 7.571229261295208740e+10 8.478344100090412903e+10 1.414450820329123840e+11 -2.876381072140078735e+11 6.706811505660582275e+11 2.204963407782114029e+10 3.009922857039200974e+10 2.862656089629181671e+10 6.804288574214353180e+10 6.908042218206083679e+10 8.216316457876776123e+10 1.694090400561412048e+10 4.718594945186757088e+09 1.747238041841706085e+10 5.215937902685950470e+10 3.790280984789879799e+09
4.695387639140603133e+05 -3.356555700242285820e+04 1.800518024348562467e+05 2.614966050292138243e+04 -1.969960421822220087e+04 1.095026368494501367e+05 4.688791674310565577e+04 3.272224946246904801e+04 2.698283197252103855e+04 2.970413511793819634e+04 2.057000977876462566e+05 9.380962914066697704e+05 1.399943228029115708e+05 8.967194785257164767e+03 7.192086589354139505e+03 -2.570336990984650038e+04 1.085308812160993875e+04 1.012793150146429412e+03 -4.620842125457511429e+03 1.307097547713466884e+04 1.507163792948043920e+04 1.406157357727434828e+04 2.452743115567287532e+04 -4.535577308820778853e+03 1.430511867611678827e+04 7.907414665900633736e+03 -4.951103112100322505e+03 3.894636803668724951e+03 -7.536923323001393555e+02 8.576435848056305986e+03 -2.637259857349479717e+03 4.039201026605830521e+03 1.131118561577544642e+04 6.465783462035587945e+03 7.778391602975654678e+03 1.726171788131247013e+04 2.874483530775831605e+04 9.956001200585595143e+03 1.247657619657224132e+04 -5.657838432320621905e+03 4.685110207837044982e+03 1.044812713376664942e+04 9.230832286614435361e+03 -1.112195430432696776e+04 -5.126848527992347044e+03 2.698914689924787292e+11 3.446212479596233368e+10 -1.122839012241995697e+11 2.380540657332365036e+10 -9.341414292540533447e+11 2.875696684925609970e+10 3.307401403463737869e+10 -2.496205967657078934e+10 -8.636101930680364609e+09 3.590798737220883179e+10 -2.473334675824368286e+11 4.341457195720333862e+10 4.736120135990035248e+10 5.160004695396057129e+10 4.102482737142974091e+10 8.302074132649136353e+10 7.971711325499275208e+10 6.384100870296031952e+10 1.194157642610551147e+11 -1.647973149380285034e+11 3.116398933303076172e+11 -1.165876232522908783e+10 9.498709138085145950e+09 5.413250819392164612e+10 4.465799874764971924e+10 4.131553301355178070e+10 5.993194887684828949e+10 -3.002984749675811291e+09 1.500525350743774605e+10 1.830799839009503126e+09 3.105286712986469269e+10 4.145908881391146779e+08
-1.341444927562113153e+05 -6.994340308410832949e+04 -1.643047383645669615e+05 -9.262922427594829060e+04 -1.263099890888813388e+04 3.727611182709199056e+04 -7.773152175588669706e+03 2.757249612484799582e+04 5.315642662209940318e+04 5.104032002795643348e+04 3.271477866827398611e+04 1.399943228029115708e+05 8.241355961652570404e+05 1.570275856021549262e+05 4.348332087707825849e+04 6.332069434168051885e+03 3.061427369564998298e+04 4.336840083043859340e+04 2.146837101052467551e+04 2.813787036295939106e+04 -1.173365830722691317e+04 -1.202404759561197170e+04 -1.310385066841744629e+04 2.284851714006489601e+03 -4.976396662421696419e+03 -2.343847731398385349e+03 2.404256638657661540e+02 1.637146941784316368e+03 1.365627942809141496e+04 -5.155596198065752105e+03 1.426762263233698832e+03 1.628093533413785508e+03 3.948986619224201149e+03 4.168158573362179595e+03 3.441583626595342139e+03 -6.315958052131721161e+03 8.705676326656246601e+03 -4.381986811188631691e+03 6.412250400088810238e+03 5.297261910372290004e+03 2.065174863619111784e+04 -9.387096562853137584e+03 -2.561835446793229949e+03 -1.341216726314936523e+03 4.643081350124539313e+03 2.256465256201412354e+11 8.397418097489808655e+10 7.624589117029570007e+10 1.255021906862973785e+10 -6.178135799209064941e+11 6.102537191601584625e+10 -2.391066056861005020e+10 -3.311239619718202591e+10 -3.196363487477119446e+10 5.516457030349369049e+10 2.876708123293254395e+11 -5.588104543615729523e+10 3.105048598576263428e+10 3.124942853091059494e+10 2.967244117403936768e+10 8.214486083543103027e+10 1.649623198083728981e+10 3.614380197006382751e+10 6.675517785881570435e+10 3.814678896887307739e+11 -1.781561120677895203e+11 3.890456409390968323e+10 2.724083833016127586e+09 1.011194050802018738e+11 2.673650513520471954e+10 3.503107397615753174e+10 5.288573758360771942e+10 4.655520578365034485e+10 2.435153613432911301e+10 3.227551855476517487e+10 4.939566832325359344e+10 4.842292570753662109e+10
-4.740813066893698997e+05 -7.338290431882189587e+05 -1.168792692121298751e+05 2.651793204958912975e+04 -6.422662833520324966e+03 5.913564376688385528e+04 9.221855051668174565e+04 8.082883002465352183e+04 -1.008699844495106299e+04 -3.300559966246740805e+04 1.528152943763071198e+04 8.967194785257164767e+03 1.570275856021549262e+05 7.365309289689338766e+05 8.768807219560234807e+04 2.313540856638229525e+04 2.666598719278335557e+04 4.888799155723350850e+03 2.031837836478910322e+04 1.726478447793745090e+03 -8.748665979829196658e+03 -1.785938013237871201e+04 -2.317696330070297961e+02 1.802760452931055988e+04 5.967201391333715947e+03 4.336236742905015490e+03 -1.509897230303794004e+03 3.943334805587079245e+03 -5.791859190215362105e+03 4.772192331323021790e+03 1.948743572918792779e+04 8.180707938534236746e+03 -6.085141265223229311e+03 7.338177378926046003e+03 1.379649463640642534e+04 1.354480124001638251e+04 -1.410870142139196446e+02 -1.034350164374286396e+04 -1.590657951089516018e+03 -8.754563214742571290e+03 5.844446842629006824e+03 -3.392342260449168862e+03 -1.254498679198974060e+03 -5.455565600324439401e+02 -1.540860504858375634e+03 -1.715514752999957581e+11 3.431875914766649246e+10 -5.308916834865227509e+10 7.563744147224209595e+10 -4.175666475206920166e+11 9.508281550670764160e+10 4.123423118762925720e+10 1.718649943219934702e+09 6.333338015265524864e+09 7.951816555466209412e+10 -2.660364559618580627e+11 -4.011465397364585114e+10 5.308718423677570343e+09 8.018443800913120508e+08 1.117501571115505981e+10 -3.552356853417883301e+10 1.627009322246244049e+10 1.889303243278012085e+10 2.265373015293646622e+10 -7.569398164844905090e+10 -2.298574044058011475e+11 7.497714069758892822e+10 4.675107432996598053e+10 6.592013365786374664e+10 3.592910288702117920e+10 3.625080078191600800e+10 3.876370024869123840e+10 3.143473394936446762e+10 5.956279414176586914e+10 4.785413801706877899e+10 4.637357298634947205e+10 6.987362918718513489e+10
5.186609001087897341e+05 -2.118445435946091311e+05 4.176873281165277149e+04 1.017724310716717882e+05 5.670571340155108192e+04 2.001697722600907946e+04 8.617347138050670765e+03 -2.289375652862315746e+03 7.078408485158660915e+04 2.631767020150189637e+04 5.918157424603766412e+04 7.192086589354139505e+03 4.348332087707825849e+04 8.768807219560234807e+04 5.683827354228326585e+05 1.003220969897487812e+05 1.377605228609798723e+04 -1.367814383115867531e+04 1.052004548291846731e+04 1.635914959470982467e+04 1.137467155184346484e+04 -1.354119875362582206e+04 5.103176292602418471e+03 3.111329113580376543e+03 6.847982913290733450e+03 -1.856552180125683662e+03 7.776427858205252051e+03 1.771612155659358177e+04 -3.547767489599829332e+03 3.376927020316212293e+03 8.358779587559984066e+02 4.404728248391216766e+03 -3.345986125568440457e+03 -1.363444995190124246e+04 -8.148526516999176238e+03 -1.209531880835131960e+04 5.172386352229916156e+03 2.391780181189000359e+03 3.161793786763447770e+03 -7.151349139331469814e+03 -3.434514993633404174e+03 -5.899026835200698997e+02 6.523567012732091825e+03 4.497132832420061455e+00 -3.300220695284639532e+03 1.895594799973908081e+11 -1.502210120755837059e+10 8.595770727193194580e+10 4.851857749716518402e+10 5.149927927637887955e+09 7.757517632621194458e+10 -1.648059703631153297e+10 3.981507520783926392e+10 -9.400629546100034714e+09 2.088952354421791458e+10 -1.473419469299854431e+11 -1.553012663972546196e+10 8.227219258995193481e+09 9.594556130492467880e+09 9.021576523825612068e+08 3.853808912409565735e+10 3.329115872308251953e+10 1.270313620402111244e+10 1.172555035200331879e+10 -3.482426057280595703e+11 1.266221947138858185e+11 4.567262923533995819e+10 3.521958720716576385e+10 3.620630536697480011e+10 2.192977921200229263e+10 3.464366063246189880e+10 1.819203953714824677e+10 7.788480014998300171e+10 5.082313841633888245e+10 4.989959886912104797e+10 5.518584060855758667e+10 5.935244133513244629e+10
-4.807055202241413645e+05 3.900664449107065593e+04 -4.206607239608191776e+03 5.396029721818453982e+04 3.194759293452765269e+04 -5.489767554808946443e+04 -6.724428384163997544e+04 1.127675777084455694e+04 4.463107690440966689e+04 3.447297998388315318e+04 3.525457626890647225e+04 -2.570336990984650038e+04 6.332069434168051885e+03 2.313540856638229525e+04 1.003220969897487812e+05 4.816799994383912999e+05 1.100444526580849488e+05 6.476093948616956368e+03 -2.307658888234358940e+01 2.396807700762444802e+04 9.711231711758024176e+03 1.840861475305346903e+04 1.498099292091164898e+03 2.384288060973228494e+04 3.285515702258897363e+03 -7.059356666655667141e+03 1.520932274252194293e+04 8.873029959834124156e+02 9.702730362699487159e+03 3.335247816124231122e+03 5.901573030623518207e+03 3.026632863223328059e+03 9.363857511408381470e+03 -7.623331441292333466e+01 -1.002154713402733614e+04 4.816592292060614454e+03 2.370177641896046680e+03 8.632460199996874508e+03 -5.240906715783776235e+03 -7.704262800763900486e+03 2.030831894787000465e+03 9.525529657325419976e+03 2.849256107433484431e+03 1.921160815473799858e+03 1.745209169985904055e+03 2.023402665220826416e+11 4.631658078685868835e+10 -1.568454282009560394e+10 -3.833578091797189713e+09 5.759781330493138428e+11 6.625243472331948280e+08 2.481808594292876053e+10 -3.950260492605325317e+10 -1.982845839315631104e+10 -2.355832657347185135e+10 1.181620496928943329e+11 -2.274839323524042892e+10 1.661221020967040062e+10 1.540174451303641701e+10 -1.100890727330763054e+10 -7.170620997140618324e+09 -9.034485532212688446e+09 3.734195894536455154e+09 -1.326552684125277519e+09 1.700491385574491272e+11 -6.918305268220153809e+10 6.038844054897806168e+09 1.405479254113859367e+10 1.501978065507237625e+10 -5.455682068157621622e+08 1.508256951255173874e+10 1.949332577014708996e+09 2.954192403274245834e+10 2.300275348675582409e+09 8.436790855738072395e+09 2.596764208774349976e+10 1.227599294507472801e+10
-3.557830273226586869e+05 2.089429862000387584e+04 -1.055504896599715175e+04 -3.706012881314409697e+03 -1.413395327486806673e+04 -7.289552656161491177e+04 -4.123730016583897668e+04 5.039623370055862324e+03 -5.231481364139274319e+02 2.984438717538378114e+03 2.633302823584746147e+04 1.085308812160993875e+04 3.061427369564998298e+04 2.666598719278335557e+04 1.377605228609798723e+04 1.100444526580849488e+05 4.072098247008848703e+05 8.505057396017240535e+04 1.654450039736660619e+04 2.464903161571550663e+04 3.722321234477455619e+03 -1.047875154884504445e+04 8.923633701442533493e+03 1.285026909540179804e+04 4.666217177553774491e+03 -9.947590298739912669e+02 2.519889168767345836e+04 -6.482619305293393154e+03 -6.423247690236560629e+03 -4.401542310189827731e+03 9.690205511444488366e+03 1.121091387546603073e+03 5.073310309416348900e+03 7.587704265128591942e+03 4.647920531932690210e+03 4.881895719103380543e+03 3.888287443858042934e+03 5.781453533465839428e+03 8.632288665790118102e+03 3.954026110231448911e+03 -2.258450498466546378e+03 -2.481194286608446873e+03 1.255003923390002456e+03 -5.974471520916679879e+01 -8.188225230034729520e+02 3.045363687931114502e+11 -4.641633518280487823e+10 -1.276862487697770691e+11 1.213252590061195946e+10 7.822870457683879395e+11 -8.700661246079292297e+10 2.282612902544411850e+10 -3.212303276940615463e+10 -5.449464257150133514e+10 -1.339533060012822151e+10 3.264329518129494629e+11 -2.764574456587955093e+10 -2.409236340908981705e+10 -2.562487303257587051e+10 -6.248789252303789139e+09 1.183501059833584023e+10 -8.145725033027502060e+09 1.174245770391627550e+09 -2.806357149236427784e+09 2.941722399138738632e+10 -4.930223215314945984e+10 1.462845611783596039e+09 -1.206697216755609131e+10 3.025580413961265945e+10 -7.077447865037940025e+09 1.122808358184268236e+09 1.055244626398406219e+10 2.105938313730989695e+09 -1.322015267661653709e+10 5.758227571966670036e+09 9.961701901404788971e+09 3.893183725846578121e+09
3.036220611949005979e+05 2.472771059916208033e+05 -1.595100738418020192e+05 -9.967926317539410957e+04 5.151328593005132279e+04 -5.237501347284709482e+04 -2.013398929404332739e+04 2.449195454703357973e+04 2.385578878260822239e+04 -1.018126309801628668e+04 6.789276441704099125e+04 1.012793150146429412e+03 4.336840083043859340e+04 4.888799155723350850e+03 -1.367814383115867531e+04 6.476093948616956368e+03 8.505057396017240535e+04 3.412201685100138420e+05 5.313531460767750104e+04 3.078519064389151026e+04 3.820703765174291220e+03 -9.085598890149851286e+03 5.476474893602709926e+03 1.191729899194824611e+04 1.002597823322565455e+04 3.486530916384524062e+03 5.200421259850487331e+03 5.245915024162896771e+03 4.080366382225670350e+03 4.082262721030357170e+03 -2.699781910271467495e+02 1.027721204912981921e+04 -2.244970917155434563e+03 4.960747621774179606e+03 -1.408520420639755230e+03 1.564429744678270936e+03 -4.295668026528114751e+03 1.439996115389559691e+03 5.308625449604280675e+02 7.258394462978480988e+03 4.187534418195600665e+03 -4.262863157548357776e+03 7.749107749922713992e+03 4.731310174119004841e+03 -4.239564717740688138e+03 -3.127974185799697876e+09 4.907775526404904938e+10 -1.968252425449377060e+10 -7.328105718228137207e+10 2.516531739765923462e+11 -4.432742675754187775e+10 -4.294146971380889893e+10 2.086017200004738617e+10 -1.622905269294925880e+10 -5.548649793844464302e+09 2.684640970401013489e+11 9.594773835156045914e+09 -1.985103230436006546e+10 5.123810519269689560e+09 8.006459528954221725e+09 -1.777477695665203094e+10 9.056019075107282639e+09 8.903448230112096786e+09 2.390845563156054497e+09 3.754180618269308567e+09 4.844729241398170471e+10 8.616728007199420929e+09 -3.979830037357867718e+09 -8.194402104629474640e+09 -7.069589520223944664e+09 8.380458982737802505e+09 4.300271195978088379e+09 -2.848367191466476440e+09 -4.311600959933267593e+09 7.213007353613797188e+09 7.070010655520324707e+08 -1.143354606203476906e+09
4.190115309795100475e+05 -6.228069272042011289e+04 1.257689848981491086e+05 1.382916944406534894e+05 4.368674546968355571e+03 -2.082876016731622803e+04 2.186269239651467797e+04 1.769288370531176770e+04 5.421607658817361516e+04 2.980512492806870068e+04 4.201710337541544141e+04 -4.620842125457511429e+03 2.146837101052467551e+04 2.031837836478910322e+04 1.052004548291846731e+04 -2.307658888234358940e+01 1.654450039736660619e+04 5.313531460767750104e+04 3.294868772878386080e+05 6.586938766857043083e+04 1.431951056068812795e+04 5.741589713745971494e+03 1.171383215531938185e+04 1.362687622883039512e+04 1.137343733226781660e+04 1.861340596495177306e+04 -4.714053147414017076e+03 3.825958278076415809e+03 -5.073737804981739828e+03 -4.517786187456992479e+02 1.008982494497622611e+04 5.025587378523544430e+03 -1.736645310588907591e+02 5.815367756750399167e+03 3.397326180650866718e+03 -1.722958944872117399e+03 -2.657931935986278404e+03 1.138789841359426873e+03 8.420495578713480427e+03 5.921349080241861884e+03 6.475099211452667305e+02 -1.086587571409642260e+04 -7.475837689331422553e+03 4.191528394954527357e+03 -4.532660158598050657e+03 3.962970724952561646e+11 1.017660933675091705e+11 -3.935391613273288727e+10 -1.224678743066896248e+10 -3.214486239898133545e+11 -1.370457177170415688e+10 -2.245234289781877899e+10 -1.527427021558232689e+10 -3.950666417952857018e+09 1.886532284588401794e+10 2.392991721671781006e+11 2.879041809686311722e+10 3.272483621579496002e+10 1.299033998647689056e+10 -5.999086692873258591e+09 -8.739121969024772644e+09 8.058798495546596527e+09 6.814616069768637657e+09 2.252240540788188171e+10 1.302711757377451172e+11 1.223295130605772400e+11 1.830389794491208267e+10 1.701636432129094839e+09 1.430038835647547531e+10 -2.646149897107064247e+09 4.904306520864881516e+09 2.375552571946707726e+09 4.994634856236340523e+09 -3.369219956366958618e+09 4.292245948206860065e+09 1.133183740561620712e+10 5.753767078747321129e+09
7.345147849005647004e+04 -1.186428071588998282e+05 -2.158439656700575142e+04 1.962126296568048474e+03 -6.236582776813353848e+04 -8.839576679957036686e+04 -2.735966000975903080e+04 4.558568293258465565e+04 3.363815965136577870e+04 6.388681305543145754e+03 1.410812903558350081e+04 1.307097547713466884e+04 2.813787036295939106e+04 1.726478447793745090e+03 1.635914959470982467e+04 2.396807700762444802e+04 2.464903161571550663e+04 3.078519064389151026e+04 6.586938766857043083e+04 2.820756625281726010e+05 5.034416008075073478e+04 1.143320829907000370e+04 2.140948975133763815e+04 1.362312979346753673e+04 8.695046108366421322e+03 7.403565196019381801e+03 -2.605886335396738559e+03 5.590409034195264212e+03 1.748908841419477176e+04 5.144267113154414801e+03 9.183184573096228632e+03 9.397521832344433278e+03 -3.447360462579766590e+03 4.488065149780089996e+03 -2.649259359634293673e+02 -1.473410661176801341e+03 -3.774343342848462157e+02 1.070465720597794643e+03 7.491575776200088512e+03 4.247111813142365463e+03 1.449850815202349622e+03 -3.016057908501091788e+03 2.767641243512127858e+03 5.215692906819356722e+03 2.103908977492630129e+03 1.641048783578453827e+10 1.437022129641120720e+10 -4.654987776396474838e+08 -4.007530230662963104e+10 -4.997708035991425171e+11 -9.474258732689682245e+08 -1.368292476095060730e+10 3.012985644875599384e+09 -6.700877472254334450e+09 3.217533918462007523e+10 1.990871405679110107e+11 -6.325381538813305855e+09 1.507263266894666100e+10 -1.113327160571775198e+09 1.761846327885872126e+09 -1.304289910902981377e+10 -3.685447448949143410e+09 3.326669340310328007e+09 3.682475245420188904e+09 1.484964659395456543e+11 -9.805136397554386902e+10 4.363368663049884439e+08 -8.625593926485759735e+09 6.126477380868041992e+09 -3.480030573259579659e+09 3.540724522102178574e+09 4.045188655275706768e+09 -2.136372748200704193e+10 -6.309645273836732864e+09 -1.309031320716624737e+09 4.945427117350706100e+09 5.547552714674201965e+09
2.026086475308098597e+05 1.112745302760360355e+05 -1.191761854625052365e+04 7.772377566307669622e+04 -5.348050017555488921e+03 7.133107244689445361e+04 4.753841628085853699e+03 -1.950446789630216017e+03 5.117476509925739083e+04 3.712521878229713911e+04 3.410323283326924866e+04 1.507163792948043920e+04 -1.173365830722691317e+04 -8.748665979829196658e+03 1.137467155184346484e+04 9.711231711758024176e+03 3.722321234477455619e+03 3.820703765174291220e+03 1.431951056068812795e+04 5.034416008075073478e+04 2.382371270394583116e+05 4.830744628096559609e+04 6.438602439688832419e+03 1.069728417940083455e+04 8.145070047373300440e+03 1.532312384718886278e+04 3.591585888857425743e+03 -1.442375200639054356e+03 8.274981870167712259e+03 1.151721540911150259e+04 9.965222580606130123e+02 2.815475681998527307e+03 1.868623259767091440e+03 4.385319739811160616e+03 1.262133413328489951e+03 -3.773131690439463910e+03 3.872499256802579566e+03 2.644002399306287316e+03 5.200555436584963900e+03 2.909055611576787669e+03 -6.285718968689753865e+02 -2.362315041131826661e+02 -2.136214930885047579e+03 -1.605078245791628433e+03 2.105854314914035058e+03 1.312382282570782928e+11 -1.156907152702085114e+11 1.246601679098652363e+09 -4.796264270410485077e+10 -1.040809807082191315e+11 -3.585698228345825958e+10 1.828887024391619873e+10 1.347834790207571983e+10 2.094427572286949539e+10 1.966517025962548447e+10 2.775506860075010300e+10 1.595827661206153393e+09 3.093288807537589264e+10 9.316802473708498001e+09 1.260879541090541458e+10 2.177093007815644836e+10 4.718520800186416626e+09 1.380838064301522255e+10 1.499047063952201271e+10 2.188988016244421005e+10 -8.416906250414341736e+10 8.038714193570909500e+09 -5.798492540665575981e+09 -8.617517615728618622e+09 -2.970597699732009768e+08 4.969642089020463943e+09 2.148324349311283112e+09 1.316301794667638016e+10 -1.462549808997955322e+09 4.051571077123631954e+09 3.406179138149010539e+08 -1.886209044629420042e+09
-2.339197398071798671e+05 -1.293514935747846466e+05 -1.554219609368243255e+05 4.011159206337212254e+03 1.966272930359044403e+04 1.478199844032184228e+04 -3.556152750996774557e+04 -5.953493451846014068e+04 2.832441554801635357e+04 1.773570194862228163e+04 2.317476177998121420e+04 1.406157357727434828e+04 -1.202404759561197170e+04 -1.785938013237871201e+04 -1.354119875362582206e+04 1.840861475305346903e+04 -1.047875154884504445e+04 -9.085598890149851286e+03 5.741589713745971494e+03 1.143320829907000370e+04 4.830744628096559609e+04 2.083448583477764041e+05 3.641677585207705124e+04 1.311436202501353728e+04 2.791884504683150681e+03 -2.521255428311001651e+03 -1.619869949922396245e+03 2.420115608205246076e+02 1.436325498115430855e+04 7.573355263959026161e+03 -8.184072285450305571e+03 2.659650143934829430e+03 1.421148220533032827e+03 2.388805532234321618e+03 -1.284637880789114206e+03 8.742385163928572638e+02 2.078234680523417865e+03 2.561805690163551390e+03 3.159571115017909506e+03 4.905530608724081503e+03 1.040745962600234407e+03 3.918190686969867329e+03 4.777904969691979886e+02 -5.805254028410304272e+03 2.645815074552079977e+02 -5.913046978845924377e+10 -1.378612459487084045e+11 -3.121940063983127594e+09 1.244002313264708138e+10 6.080088853177767334e+11 1.379326682427040339e+09 4.238973978447538376e+09 -3.217087659865757751e+10 1.719630930655567646e+08 -3.898279147329731750e+10 -8.025392432958390808e+10 -1.881233644523999023e+10 2.175105320734667587e+10 5.477257619452105522e+09 6.431833453003427505e+09 -6.028880838624057770e+09 -1.545000620455216217e+10 8.480209413922767639e+08 -1.999670022701033592e+09 1.402644416422864685e+11 -8.833479266037493896e+10 -1.033697639952081108e+10 -7.494070959837238312e+09 -1.280728062291167259e+10 -4.954632111396853447e+09 -1.838996472340699911e+09 -5.900606498525089264e+09 1.937257145059865475e+09 -2.693174772474781036e+09 3.154205264572125912e+09 3.614051276681138873e+08 -1.400214092701379585e+10
-2.610345751455404970e+05 -1.242487570020648709e+05 -5.954672554233497794e+04 3.554996822964077001e+04 -1.546351866092103046e+04 -3.247127062167695476e+04 1.690607351843785727e+04 7.457179159750576218e+03 1.623527594122015580e+04 1.102560753839349309e+04 3.566500101200873905e+04 2.452743115567287532e+04 -1.310385066841744629e+04 -2.317696330070297961e+02 5.103176292602418471e+03 1.498099292091164898e+03 8.923633701442533493e+03 5.476474893602709926e+03 1.171383215531938185e+04 2.140948975133763815e+04 6.438602439688832419e+03 3.641677585207705124e+04 1.852388674595677003e+05 3.577811763432866428e+04 1.301907125598009770e+04 -6.788888135755395297e+02 8.868292080106839421e+03 8.551716622642537914e+03 8.724821635034082647e+03 2.897785068075888375e+03 -2.236126349793397026e+02 7.559296021919136365e+03 1.938402731762523445e+03 -1.767438341154264208e+03 -1.518995878892809060e+03 1.727201202278937672e+03 -3.188944543298112322e+01 2.846370835224874099e+03 8.182355517788906582e+03 -2.853861707810103781e+03 4.122736094177063023e+03 2.864566235783513093e+03 5.121737885547892120e+02 -3.041743828758568270e+03 -1.607678283774497686e+03 2.101802254355910645e+11 7.540421109171398163e+09 -2.292513206328100586e+10 -3.833328367087089539e+10 3.873519525946265869e+11 2.644471249249816132e+10 -2.193439974863049698e+10 -1.022856379857820129e+10 -1.179001918814695930e+10 -6.503719449258828536e+05 2.104456876296725845e+10 -2.014397636041267014e+10 2.912554117279561996e+09 8.773727423070621490e+09 6.673662722506122589e+08 1.119720390199790001e+10 1.040496024031753159e+10 3.969692908828361511e+09 7.783916547884464264e+09 -2.126205197868239403e+09 -3.789981434453437805e+09 -4.344628858239650726e+09 1.545571916579301357e+08 8.519803404921060562e+09 -5.959550585998726845e+09 4.053604724666385651e+09 -3.413421706209705830e+09 1.731703164107268524e+10 3.125445756567374706e+09 5.768375880304909945e+08 -4.702810318865132332e+08 2.559447634504619598e+09
2.313414707675469981e+05 -4.568364307310309960e+04 3.081592885233641573e+04 6.459866436040731060e+04 3.212048789062085780e+04 4.648090032882712876e+03 -1.397831506065685244e+04 1.951235185148513210e+03 2.088259787533846247e+04 -4.271623438050106415e+03 1.782401789440587891e+04 -4.535577308820778853e+03 2.284851714006489601e+03 1.802760452931055988e+04 3.111329113580376543e+03 2.384288060973228494e+04 1.285026909540179804e+04 1.191729899194824611e+04 1.362687622883039512e+04 1.362312979346753673e+04 1.069728417940083455e+04 1.311436202501353728e+04 3.577811763432866428e+04 1.779281776290440757e+05 4.162175672074564500e+04 1.700647325000782985e+03 7.288326803150562228e+03 5.508582788667331442e+03 9.144511440940206739e+03 6.960977211327535770e+03 4.353142544813611494e+03 -7.403221517464731960e+02 3.196364287513099498e+03 4.713015447005355782e+03 8.533986314209718330e+03 1.886641037478397038e+03 -3.908276080325930252e+03 1.048496775554853855e+02 -4.763286303405454873e+02 1.163929010274434631e+03 3.452534032068934266e+03 4.142038734975453735e+03 -4.769483169060172258e+02 3.078832632493336519e+02 2.675770940513755704e+03 -1.515600971072062073e+11 -7.404552049888216019e+09 -3.446542761284056854e+10 -4.427168891822229767e+10 2.610210297181786499e+11 6.058955472894786835e+10 1.405847305136218452e+10 -4.482138553400518417e+09 1.048626209121021080e+10 -2.111603632817424011e+10 2.220072501177398071e+11 2.201622802165560913e+10 3.117101848030494308e+10 -3.690744687390091419e+09 -1.407856519108464479e+09 -6.703116386934529305e+09 8.942253635371078491e+09 8.064592054787889719e+08 -5.885196908630012274e+08 -7.602640663112036133e+10 -1.385181108907537537e+11 1.402683345663981247e+10 8.497687809115979195e+09 1.870217807151191711e+10 1.433701043203653526e+10 2.676566544817825556e+08 -5.624208212774515152e+09 -6.617874205234908104e+09 1.338881562717606354e+10 1.093595587766114235e+10 2.210234646067528725e+09 8.618533645935349464e+08
7.311567325296701165e+04 -1.324709336309217324e+05 1.297646148144583130e+05 2.594583723346346960e+04 2.440345360027581773e+04 7.531775060610650144e+03 5.742061590960784815e+04 2.103508172124751127e+03 -4.479544652052191850e+03 -6.926751792087738977e+03 -3.376715635596292486e+03 1.430511867611678827e+04 -4.976396662421696419e+03 5.967201391333715947e+03 6.847982913290733450e+03 3.285515702258897363e+03 4.666217177553774491e+03 1.002597823322565455e+04 1.137343733226781660e+04 8.695046108366421322e+03 8.145070047373300440e+03 2.791884504683150681e+03 1.301907125598009770e+04 4.162175672074564500e+04 1.609957190230503911e+05 3.516881805658441590e+04 1.121548615222131411e+04 8.120121069770697432e+03 4.345614171686089321e+03 1.228757636711419082e+03 2.784081426065470168e+03 8.427188745747702342e+03 7.741214589423409507e+02 1.886463514200967438e+03 3.337125865381982749e+03 4.481441592928866157e+03 -1.940140158454351649e+03 6.026506328579067485e+03 8.706981031800837627e+02 3.003951203292648643e+03 4.100823301281995555e+03 5.013051924776583292e+03 -3.063823955215224487e+03 4.311176459326267832e+03 3.268587664500440724e+02 -6.738174804099362183e+10 -2.182459892534560394e+10 -2.065667955163733292e+10 1.453378153271297455e+10 -4.745172730331472397e+09 4.984822517487970352e+09 -1.002695269086623192e+10 -3.681144833309735656e+08 -9.695193482920684814e+08 -1.309719747837312698e+10 -4.432145034770671082e+10 1.190368899445299339e+10 -4.601524820645283699e+09 1.994791731894063950e+09 2.047306929801899433e+09 -4.554660942465952873e+09 -1.445813164671937943e+10 1.672536624200975895e+09 1.014303605297278976e+10 -1.214892412549066620e+11 -6.546533519169780731e+10 2.568784680327333069e+10 5.544067463520822525e+09 4.467284181337293983e+07 7.397721616514111519e+09 1.887823448401005030e+09 4.907981771726390839e+09 -9.813271442184614182e+09 3.841303040052408218e+09 4.992832591055480957e+09 3.827934673289228439e+09 2.612282509737720013e+09
4.233779501695084946e+03 9.025560160687471580e+03 1.218045079145972704e+05 1.046573716217389010e+05 2.010837392438030656e+04 1.948759117518214043e+04 3.531286869701243995e+04 2.199038937802562941e+03 2.704644998392617708e+04 2.476353695965925363e+04 1.334475456282637424e+04 7.907414665900633736e+03 -2.343847731398385349e+03 4.336236742905015490e+03 -1.856552180125683662e+03 -7.059356666655667141e+03 -9.947590298739912669e+02 3.486530916384524062e+03 1.861340596495177306e+04 7.403565196019381801e+03 1.532312384718886278e+04 -2.521255428311001651e+03 -6.788888135755395297e+02 1.700647325000782985e+03 3.516881805658441590e+04 1.491410734811899310e+05 2.585007134538163882e+04 2.215485096009706467e+03 6.275233303415108821e+03 7.382223194544640137e+03 5.201791953304011258e+03 9.610725724729854846e+03 9.707666093442072452e+03 2.622415802849357078e+03 7.651598412316130862e+02 -6.405209763425531264e+02 -1.294751734650910521e+03 -1.301621163888434474e+01 7.137725114366077150e+02 -1.161728904476986145e+03 3.708167667570525737e+03 3.296229401000732651e+03 -7.337383249393185451e+02 -1.014635765845801416e+03 -1.236952817057780521e+03 2.219258380011182556e+11 -8.405234001024470520e+10 -6.814308677432041168e+08 7.068979308634637451e+10 -2.180262926848790359e+10 5.646189484933595657e+09 3.510041363042515278e+09 -2.464700119306576538e+10 4.692259697428483963e+09 2.075606998010501862e+10 1.357097302714231720e+11 2.113735268795950699e+10 -1.979490594138899565e+09 6.263042534503269196e+09 -9.517676888821046829e+09 2.199127265435095215e+10 1.043674644134602547e+10 5.234801795324612617e+09 1.837499418913713837e+10 -7.723982202575767517e+09 1.168060329650960083e+11 6.913529883453760147e+09 -1.391344091850112200e+09 -2.647549678885736942e+09 1.074206666748519659e+09 2.654628657164236069e+09 6.817967943182088852e+09 -1.883037412455577612e+09 9.902228233595434189e+09 9.004168404662115097e+09 1.914114609993955612e+09 7.517814383429039955e+09
-3.329884124877690920e+05 2.010728271924545988e+05 1.216248236037961469e+05 1.457732484979515430e+05 3.071505873047563000e+04 7.487513218119872909e+04 4.301975395941765601e+04 -2.496951268101595929e+02 5.002425779681713175e+04 8.059174286955960270e+03 2.228490486276127285e+03 -4.951103112100322505e+03 2.404256638657661540e+02 -1.509897230303794004e+03 7.776427858205252051e+03 1.520932274252194293e+04 2.519889168767345836e+04 5.200421259850487331e+03 -4.714053147414017076e+03 -2.605886335396738559e+03 3.591585888857425743e+03 -1.619869949922396245e+03 8.868292080106839421e+03 7.288326803150562228e+03 1.121548615222131411e+04 2.585007134538163882e+04 1.332517071880742733e+05 2.496229309829233171e+04 4.227746972695901604e+03 5.637587418909386543e+03 1.197948997448985295e+02 7.502436794376773832e+03 9.411318092945972239e+03 -1.234797510765776138e+02 -5.741061359143559457e+02 6.063285262522776975e+03 1.868428788322623859e+03 1.090201962486656839e+03 5.099995750172170688e+02 -6.355806361844022376e+02 5.996594415080970748e+02 4.358665236857402306e+03 3.688338915846327836e+03 -1.160908228897660138e+03 -2.364173544007869054e+02 -2.701093861998179016e+11 2.906749396785582542e+09 -2.884053351252575302e+10 4.168377414482960510e+10 2.868309609444860229e+11 4.374137078814990234e+10 2.012225211944925308e+10 3.264625913039133072e+09 1.551453764663963509e+10 -4.628284094693621635e+09 4.954738536237364197e+10 -6.193397262270766497e+08 7.200693265908248901e+09 7.945025149896327019e+09 -4.788680083386980057e+09 -5.409652268131925583e+09 5.035286241042501450e+09 5.818615692038604736e+09 1.509213215260650253e+10 -8.643500365846580505e+10 -5.311131800084913254e+09 6.975357859043708801e+09 -1.903942632581287384e+09 8.018051284019094467e+09 -7.086425369076716900e+08 -8.175328002922130823e+08 2.703536413762536645e+08 9.044155328334503174e+09 9.395955086666320801e+09 2.071037664848759413e+09 1.311195702726215839e+09 8.238683910654594898e+08
-2.325349499866089609e+05 -6.993107955633633537e+04 -3.396147053953295108e+04 2.045790060309829414e+03 5.672648791308965883e+04 -1.573162177732400960e+04 1.959305805727285042e+04 5.114713781365589057e+03 4.300226489664523251e+04 -2.836512288311938391e+03 1.077561838913873180e+04 3.894636803668724951e+03 1.637146941784316368e+03 3.943334805587079245e+03 1.771612155659358177e+04 8.873029959834124156e+02 -6.482619305293393154e+03 5.245915024162896771e+03 3.825958278076415809e+03 5.590409034195264212e+03 -1.442375200639054356e+03 2.420115608205246076e+02 8.551716622642537914e+03 5.508582788667331442e+03 8.120121069770697432e+03 2.215485096009706467e+03 2.496229309829233171e+04 1.228278573931694700e+05 2.500095977851075077e+04 3.875157722587086937e+03 -8.034465109394667479e+02 6.552665325104769181e+03 4.396589291077698363e+03 -1.600997950341516571e+03 -3.088984365498922216e+03 3.123807502504457716e+03 1.160451368300063223e+03 3.966132735601080185e+03 3.283014711815391820e+03 -3.975557669081556469e+03 5.149980412568268548e+03 4.420468344180963527e+02 1.209163964348198533e+03 4.246676144954952179e+03 2.587924362589639713e+03 -4.704930314833513641e+10 3.925734277536500549e+10 4.759157462658404350e+09 2.074215283490840912e+10 9.655156900991232300e+10 -2.302684349898253918e+09 3.248649660964939594e+09 -1.256279578588440895e+10 -1.230799786407175303e+09 -4.427866583777760506e+09 -4.199365736055896759e+09 1.830329458675308990e+10 -2.109919135470361948e+09 6.548879384853096962e+09 2.813317801072244644e+09 5.666831765066347122e+09 1.479382453164097595e+10 5.688056901670398712e+09 8.884150149255411148e+09 2.911450603864996338e+11 -7.671682073362315369e+10 -5.084100444274884224e+09 8.831295561990079880e+09 1.905806657606063187e+08 2.437579123950529575e+09 1.825962767850350380e+09 -7.673939184894251823e+08 2.508298416421541691e+09 3.024078523301208019e+09 -3.985177392557300091e+09 3.086490372651599884e+09 1.275145673522960901e+09
2.754987009086972103e+05 -4.059270380718322122e+04 8.333359188553551212e+04 3.446650993471952006e+03 -2.897685709223419963e+03 3.675184894041557982e+03 -1.463586730208309382e+04 5.779246848368153223e+03 3.607094915014006983e+04 4.348131596764483402e+04 8.818663432787977285e+01 -7.536923323001393555e+02 1.365627942809141496e+04 -5.791859190215362105e+03 -3.547767489599829332e+03 9.702730362699487159e+03 -6.423247690236560629e+03 4.080366382225670350e+03 -5.073737804981739828e+03 1.748908841419477176e+04 8.274981870167712259e+03 1.436325498115430855e+04 8.724821635034082647e+03 9.144511440940206739e+03 4.345614171686089321e+03 6.275233303415108821e+03 4.227746972695901604e+03 2.500095977851075077e+04 1.153765031951848941e+05 1.779282969356929971e+04 -2.926174838441332895e+02 4.282387268636433873e+03 -4.392782098769179356e+03 3.643632220976652661e+03 8.593922865742943031e+02 -1.961909723718346868e+03 -4.225362579589477718e+03 -6.857001470618566827e+02 4.884755028991087784e+03 1.047799157098870865e+03 4.948250362019060958e+03 4.473118487831153288e+03 1.944186385720376720e+01 1.561993098147768933e+03 1.227093770559621817e+03 9.421819129992610168e+10 1.752464017761927795e+10 -3.007030771050844193e+09 1.561632514896750641e+10 4.592183983027728271e+11 5.490714155142144203e+09 -2.872377296993500519e+10 2.193135287783477020e+10 2.433440505014340878e+09 1.223674252992217779e+09 1.385377389583248901e+10 -1.150452716734130669e+10 1.519159775023536873e+10 1.051099068959382057e+10 2.873165522631944656e+09 2.719992742830966568e+10 -3.289834905476956844e+09 3.584701194358577251e+09 6.946510265675617218e+09 5.214516480539421844e+10 -1.222343322383977509e+11 -2.024171742945738554e+09 4.747269921244547844e+09 -8.830935537314329147e+09 -5.025764292585670471e+09 2.269847820888372898e+09 7.371564825647747517e+08 1.613498824003440666e+10 -2.124226844029083014e+09 3.723207200171218872e+09 4.794612629670454979e+09 4.634039355255455017e+09
-1.449010613347104809e+05 -9.464438520363504358e+04 8.168987269291142002e+04 2.472752313626373507e+04 -3.597498121620278835e+04 6.524436728291893814e+04 1.684544340961325724e+04 1.026758522633963548e+04 1.926855770543127073e+04 1.118173887901207127e+04 -6.535420409211704282e+03 8.576435848056305986e+03 -5.155596198065752105e+03 4.772192331323021790e+03 3.376927020316212293e+03 3.335247816124231122e+03 -4.401542310189827731e+03 4.082262721030357170e+03 -4.517786187456992479e+02 5.144267113154414801e+03 1.151721540911150259e+04 7.573355263959026161e+03 2.897785068075888375e+03 6.960977211327535770e+03 1.228757636711419082e+03 7.382223194544640137e+03 5.637587418909386543e+03 3.875157722587086937e+03 1.779282969356929971e+04 1.083115579281918763e+05 2.526944187849836817e+04 4.835793317658479282e+03 4.316744731970739849e+03 4.133985497446909903e+03 2.720189928612694530e+03 1.897684829135776454e+03 3.183983090426851959e+03 2.329387918514216835e+03 5.566991529108453506e+03 2.050094679120037654e+03 1.136180386168638734e+03 2.251194236265076825e+02 9.684487281189891519e+02 -4.396973928652776067e+02 3.756221232482482719e+03 -6.788830392055795288e+10 8.312859984501744270e+09 1.273337445886616898e+10 1.517642154265792465e+10 3.470825408525761719e+11 2.408121462305072784e+10 -7.071847307243087769e+09 1.193331801187613297e+10 1.234595086137903023e+10 -1.058208036609886885e+09 3.043627806572837830e+10 2.444613763794963455e+10 5.177953019234668732e+09 7.756053071172908783e+09 3.496983614827712178e+08 8.460732911207660675e+09 -1.789114045007949352e+09 -6.725251159449121952e+08 7.198463195308882713e+09 2.338304341705398178e+10 9.722515628023135376e+10 1.501093394481067848e+10 -2.824631858927086830e+09 6.645106545188809395e+09 -4.777677485265709877e+09 5.723337816711730003e+09 -4.678432151573608398e+09 -5.619057939053991318e+09 -6.722419104441135406e+09 -1.029317216043607146e+07 1.949229056173981190e+09 -2.232189621472941875e+09
5.749116163689828682e+04 -2.485191575727790041e+04 1.633023193096470204e+05 7.147117619624358485e+04 -4.628831710159774957e+03 6.254047586391982804e+03 -4.486229890479113237e+03 -1.222571832500836354e+04 -1.250639527739572623e+04 1.154068043653579252e+03 -6.800152417026582953e+03 -2.637259857349479717e+03 1.426762263233698832e+03 1.948743572918792779e+04 8.358779587559984066e+02 5.901573030623518207e+03 9.690205511444488366e+03 -2.699781910271467495e+02 1.008982494497622611e+04 9.183184573096228632e+03 9.965222580606130123e+02 -8.184072285450305571e+03 -2.236126349793397026e+02 4.353142544813611494e+03 2.784081426065470168e+03 5.201791953304011258e+03 1.197948997448985295e+02 -8.034465109394667479e+02 -2.926174838441332895e+02 2.526944187849836817e+04 9.977079957275092602e+04 1.846103075036156952e+04 7.799154074046215101e+03 1.864253584718201864e+03 5.382646353058991735e+03 3.451267446652218041e+03 7.142100521552437385e+03 2.472967062357522536e+03 1.770198508842092622e+01 2.450401051863997964e+03 3.153072892543605576e+03 5.745890060006721797e+03 4.381892964742880395e+03 1.982489044929388683e+03 5.510959017552706882e+02 2.407633291226861191e+10 -1.387569139467257118e+10 2.076864428301058960e+10 2.560891368446788788e+10 1.284990914778392487e+11 6.204684485681225777e+09 9.357987658878345490e+09 1.837744632451181793e+10 -2.884973263412824154e+09 3.602184794809986591e+09 5.934741631415428162e+10 -1.828458700726396942e+10 4.909437392395503044e+09 -1.291147672094924927e+09 9.603710867808501720e+08 1.746267053050917816e+10 -1.867708453712829828e+09 1.237830984470921159e+08 -7.913265139274192810e+09 4.029233716960305023e+10 1.476505389978810730e+11 3.860498291940076828e+09 -9.626918689617362976e+09 3.358049301831569290e+10 -6.693909321933964491e+08 -1.363011655034757853e+09 -5.641478480876960754e+09 1.728166864656501007e+10 3.189185997459384441e+09 -5.732736554444196224e+08 4.655833451533242226e+09 4.759781179031578064e+09
4.168042534729274921e+05 3.546320355735928024e+04 1.639312933991541286e+04 2.672525270412990722e+04 5.809335965243777764e+02 -3.196626924363878788e+04 3.542161057259405788e+04 2.982255421174348885e+04 2.766617656355879808e+04 1.568227955089672105e+04 6.951539634884523366e+03 4.039201026605830521e+03 1.628093533413785508e+03 8.180707938534236746e+03 4.404728248391216766e+03 3.026632863223328059e+03 1.121091387546603073e+03 1.027721204912981921e+04 5.025587378523544430e+03 9.397521832344433278e+03 2.815475681998527307e+03 2.659650143934829430e+03 7.559296021919136365e+03 -7.403221517464731960e+02 8.427188745747702342e+03 9.610725724729854846e+03 7.502436794376773832e+03 6.552665325104769181e+03 4.282387268636433873e+03 4.835793317658479282e+03 1.846103075036156952e+04 9.302378081591722730e+04 1.466550031706755726e+04 5.687426379474566602e+03 5.251103665720162098e+03 3.707340539663198797e+03 1.823994486228172036e+03 2.319097081136312227e+03 2.817070027464598752e+03 5.699609027154593832e+02 3.185842463339193273e+03 2.656324040487631009e+03 2.971150134932906440e+03 -1.198568148403531666e+02 2.243412040240924398e+03 3.370175149890150452e+10 2.085190020619219208e+10 2.005006221705469131e+09 3.242185663032934952e+10 1.391027828733437805e+11 6.553794220364007950e+09 2.252877096678519249e+09 2.073616506868276978e+10 3.769310696009616375e+09 9.546998269969741821e+09 1.176667973724489136e+11 -2.086229307621302843e+09 1.134505916666308022e+10 7.013355980880235672e+09 3.383911017277115345e+09 -5.565758111627243042e+09 -8.014931194690889120e+08 5.004105108725678444e+09 1.189918754761039543e+10 2.886763526646350098e+10 -3.636669163530502319e+10 3.229573756342734337e+09 4.782430964318297386e+09 -3.674169845978900909e+09 3.046386803064406395e+09 1.160992144241885900e+09 -9.607870392776424885e+08 7.528027466626784325e+09 3.330868156981966496e+08 5.014711875683624268e+09 1.199678829718261957e+09 -2.843076219159693718e+09
-6.193386121417889080e+04 2.958185422488500626e+04 -3.108377356787402459e+04 4.515198078374662146e+04 2.257282193157171423e+04 2.172631311143810308e+04 2.310881669021219568e+04 -9.779495986135045314e+03 8.511809128119331945e+03 6.617535653807614835e+03 1.213178873636135722e+04 1.131118561577544642e+04 3.948986619224201149e+03 -6.085141265223229311e+03 -3.345986125568440457e+03 9.363857511408381470e+03 5.073310309416348900e+03 -2.244970917155434563e+03 -1.736645310588907591e+02 -3.447360462579766590e+03 1.868623259767091440e+03 1.421148220533032827e+03 1.938402731762523445e+03 3.196364287513099498e+03 7.741214589423409507e+02 9.707666093442072452e+03 9.411318092945972239e+03 4.396589291077698363e+03 -4.392782098769179356e+03 4.316744731970739849e+03 7.799154074046215101e+03 1.466550031706755726e+04 8.453693484212826297e+04 2.008626870637629690e+04 1.179874484739133550e+04 8.625427774679954382e+03 4.230068413205686738e+03 1.440572831033181501e+03 4.132878484549001769e+03 -1.230697925736771595e+03 2.364743397530342008e+03 4.152610741806748592e+03 1.588410991234887206e+03 3.250020831650986111e+03 2.308360846545763707e+03 1.668278932124855232e+10 2.326094309034221649e+09 2.113969191272745371e+09 7.363219243924614906e+09 3.290036976750745850e+11 1.214460408910198021e+10 1.582358334407884359e+09 -1.704556183742446899e+10 1.387553073219322014e+10 5.706993951614606857e+09 -1.300887602311662865e+10 -1.448578742855119228e+09 8.477911309216664314e+09 1.039660215061096954e+10 8.822917687098951340e+09 8.858390764181371689e+09 1.474716748560477018e+09 -1.723663463487090588e+09 1.294528933076670837e+10 -5.886728893096457672e+10 -5.776774559587337494e+10 5.874247392916625977e+09 3.156029501337553978e+09 3.823905500289406776e+09 1.128150549770637894e+10 5.238968412365287781e+09 -1.157815959567327261e+09 -6.943465864768310547e+09 5.011441403608005524e+09 -8.555889252091907263e+08 1.451322130386215448e+09 -3.782164133521958351e+09
-1.638930639693761477e+05 -1.257259838957676220e+04 5.022828031031932187e+04 -2.347903278541245072e+03 4.849317975190895959e+04 2.850337286187132486e+04 -3.443158896472423658e+04 -2.083544505332359768e+04 -3.427435797626673775e+03 -1.087165430041064155e+03 -1.400037039137708462e+03 6.465783462035587945e+03 4.168158573362179595e+03 7.338177378926046003e+03 -1.363444995190124246e+04 -7.623331441292333466e+01 7.587704265128591942e+03 4.960747621774179606e+03 5.815367756750399167e+03 4.488065149780089996e+03 4.385319739811160616e+03 2.388805532234321618e+03 -1.767438341154264208e+03 4.713015447005355782e+03 1.886463514200967438e+03 2.622415802849357078e+03 -1.234797510765776138e+02 -1.600997950341516571e+03 3.643632220976652661e+03 4.133985497446909903e+03 1.864253584718201864e+03 5.687426379474566602e+03 2.008626870637629690e+04 7.882312695425105630e+04 1.472732494973428220e+04 4.172052420234199417e+03 6.410148831141322262e+03 2.051528441219294564e+03 5.341016295987455123e+03 2.572824560531356383e+03 3.371549715864729478e+03 4.096267332101815555e+03 3.099472145853922029e+03 1.828234035705077531e+03 3.177674433849376328e+03 2.070751242600133362e+11 2.711009446325659180e+10 -1.134297097467217255e+10 -1.241784863176296234e+10 2.012776330175671692e+11 -2.978835691328915405e+10 -2.597803659741860926e+08 9.453967238045560837e+09 5.534145309323076248e+09 -9.484452575567121506e+09 1.173673580097537994e+11 -4.812215183511679649e+09 -2.554714595214069366e+09 7.005738992001882553e+09 -4.665311156820644379e+09 1.273353240452912140e+10 5.147596269844897270e+09 -2.880676894146916389e+09 3.062202932678237915e+09 -1.446055565019766541e+11 1.073259683336502075e+11 4.201500227868125439e+09 2.366002308775265217e+09 1.050674034255706787e+10 6.311563485994231224e+09 7.915136344729396701e+07 -2.791663464865286827e+09 -4.314618090020355225e+09 -8.185002405386976004e+08 -6.136379351834567070e+09 -7.024973442592031956e+08 3.424267656210024655e+07
1.025570671172492293e+05 1.065624100656627706e+04 -5.634289698678231071e+04 4.310736869929745444e+04 2.805468042271824015e+04 1.705724795825305773e+04 2.415574016228059122e+02 5.920875490969457360e+02 3.610101261381609675e+03 2.357345967855513180e+01 -1.277133385110635572e+04 7.778391602975654678e+03 3.441583626595342139e+03 1.379649463640642534e+04 -8.148526516999176238e+03 -1.002154713402733614e+04 4.647920531932690210e+03 -1.408520420639755230e+03 3.397326180650866718e+03 -2.649259359634293673e+02 1.262133413328489951e+03 -1.284637880789114206e+03 -1.518995878892809060e+03 8.533986314209718330e+03 3.337125865381982749e+03 7.651598412316130862e+02 -5.741061359143559457e+02 -3.088984365498922216e+03 8.593922865742943031e+02 2.720189928612694530e+03 5.382646353058991735e+03 5.251103665720162098e+03 1.179874484739133550e+04 1.472732494973428220e+04 7.460730391975837119e+04 1.411551222656249956e+04 4.260848036751350264e+03 1.858116582507800786e+03 4.014507632391302195e+03 6.548752843054234290e+03 5.192376479916806602e+03 4.238257729176320026e+03 9.713820963358372751e+01 9.616298011799652841e+02 4.438120512284746724e+02 -2.358421592723528385e+09 -3.359579968343980789e+10 -2.486957448772396851e+10 4.896969543032097626e+10 2.081447951421989746e+11 6.129382740085259438e+09 4.342691232124240875e+09 1.649197226805353546e+10 6.322247354983198643e+08 1.409501067768755150e+10 1.177493405599440613e+11 9.860166029512071609e+09 1.061939590769213104e+10 -3.002462919307906628e+08 -1.577366108266090870e+09 -1.090698665367008686e+09 -1.325629149161242723e+09 -2.232956386451037407e+09 2.675698937680026293e+08 -3.679473717345379639e+10 1.049237524063440094e+11 5.864394063126260757e+09 -1.889695121441633940e+09 1.276724374092138290e+10 -2.223182633608376607e+07 -1.611099814652849674e+09 -1.298132141680728912e+09 4.823380928617145538e+09 5.887450373870830536e+09 2.989767949490606785e+09 -2.793879355545551300e+09 -6.021260791409130096e+09
6.856919736384869611e+04 5.427339427983990754e+04 -5.850021501625845849e+04 1.620616221521961234e+04 2.010026341771606894e+04 3.366856337130977772e+04 4.981774231034260993e+03 -8.941432538226696124e+03 -2.472545946166387239e+03 -3.784186650586611904e+03 -1.943390144279533388e+03 1.726171788131247013e+04 -6.315958052131721161e+03 1.354480124001638251e+04 -1.209531880835131960e+04 4.816592292060614454e+03 4.881895719103380543e+03 1.564429744678270936e+03 -1.722958944872117399e+03 -1.473410661176801341e+03 -3.773131690439463910e+03 8.742385163928572638e+02 1.727201202278937672e+03 1.886641037478397038e+03 4.481441592928866157e+03 -6.405209763425531264e+02 6.063285262522776975e+03 3.123807502504457716e+03 -1.961909723718346868e+03 1.897684829135776454e+03 3.451267446652218041e+03 3.707340539663198797e+03 8.625427774679954382e+03 4.172052420234199417e+03 1.411551222656249956e+04 7.152583295018748322e+04 1.532415273413549949e+04 2.074867289033662473e+03 2.837568913515565328e+03 1.911576859710296048e+03 2.538562685240904557e+03 2.228291066416024933e+03 2.453012918579712277e+03 1.028493826867883399e+03 5.098490830846471908e+03 -2.674822395681032658e+09 -8.842820455899715424e+09 -7.598415439294021606e+09 3.485022279654964447e+10 2.287906947204608459e+11 1.569806264183409500e+10 -1.710141002756883860e+09 -6.785200604175188065e+09 -8.653499202262866974e+09 -7.877523127615231514e+09 -1.478532862813110046e+11 -1.631711336980432510e+09 -6.928047020359669685e+09 1.600689018993636608e+09 6.600252877343750000e+08 4.522751663781144142e+09 8.088747703088907242e+09 1.119508959627178431e+09 1.261843513502736092e+09 1.180707767367314453e+11 1.368449677491539917e+11 5.172628140987465858e+09 3.835727767023204565e+08 4.201584478567634106e+09 2.699445875274271965e+09 2.290922915923705578e+09 2.274170585831619740e+09 7.406889513482746124e+09 1.009604155145051479e+09 -5.002881389394051552e+09 -1.697659877210040689e+08 3.793350851450695395e+08
-4.452072998742381969e+03 -9.142111338301814612e+03 2.848123557354286095e+04 4.277403055365666660e+04 9.054201400391479183e+03 1.313787412852122725e+04 5.670913698562002310e+02 2.477158684233549502e+04 2.031280507276747085e+04 1.404061693580237443e+04 -5.924623520444884889e+03 2.874483530775831605e+04 8.705676326656246601e+03 -1.410870142139196446e+02 5.172386352229916156e+03 2.370177641896046680e+03 3.888287443858042934e+03 -4.295668026528114751e+03 -2.657931935986278404e+03 -3.774343342848462157e+02 3.872499256802579566e+03 2.078234680523417865e+03 -3.188944543298112322e+01 -3.908276080325930252e+03 -1.940140158454351649e+03 -1.294751734650910521e+03 1.868428788322623859e+03 1.160451368300063223e+03 -4.225362579589477718e+03 3.183983090426851959e+03 7.142100521552437385e+03 1.823994486228172036e+03 4.230068413205686738e+03 6.410148831141322262e+03 4.260848036751350264e+03 1.532415273413549949e+04 7.272693430588181945e+04 1.845394425680074710e+04 7.877845271880155451e+03 4.123658432603746405e+03 1.504766329574814336e+03 2.256221010359113734e+03 2.305595009909201053e+03 -7.004552931226840862e+00 3.982010167618790547e+03 2.201228875386814117e+10 -1.603613521049765778e+10 -1.682945719316454697e+10 2.540033625324496078e+10 3.079145406408828735e+11 -1.743746158681860352e+10 2.829451420253272057e+09 1.950359110182991028e+10 1.275784374112941504e+09 1.325110427874585533e+10 4.264799269496797943e+10 3.617936428419000149e+09 -1.518828236882757759e+10 2.027232815488524914e+09 9.709862477920959473e+09 1.805067969468007660e+10 4.640124862013167381e+09 1.452294614991322279e+09 -4.359354434138293266e+09 -1.219200314603615570e+10 -1.080761289686857300e+11 -3.832280271587010860e+09 5.863476703801132441e+08 2.760738772851967335e+09 3.885020307984083176e+09 2.292949372305070400e+09 4.611768120981162071e+09 7.958032782608239174e+09 -3.056101027333880424e+09 4.606608773898558617e+09 2.434859465718067169e+09 1.910944465755070448e+09
-2.781985175945585070e+04 3.022338207630018223e+04 -1.954666662817036558e+04 -4.467808935430207202e+04 -2.313512783639375630e+04 -1.731232874238031945e+04 -1.348947347888318291e+04 5.117167231904749315e+03 8.740471606791610611e+03 1.256069865714591288e+03 -8.497279782083594910e+03 9.956001200585595143e+03 -4.381986811188631691e+03 -1.034350164374286396e+04 2.391780181189000359e+03 8.632460199996874508e+03 5.781453533465839428e+03 1.439996115389559691e+03 1.138789841359426873e+03 1.070465720597794643e+03 2.644002399306287316e+03 2.561805690163551390e+03 2.846370835224874099e+03 1.048496775554853855e+02 6.026506328579067485e+03 -1.301621163888434474e+01 1.090201962486656839e+03 3.966132735601080185e+03 -6.857001470618566827e+02 2.329387918514216835e+03 2.472967062357522536e+03 2.319097081136312227e+03 1.440572831033181501e+03 2.051528441219294564e+03 1.858116582507800786e+03 2.074867289033662473e+03 1.845394425680074710e+04 6.489953348599185847e+04 1.227459507281573315e+04 5.564289374292261527e+03 6.448331133349412994e+03 2.606469851786112031e+03 7.557788984712261993e+01 3.113569097300180601e+03 9.796888916421307840e+02 1.409888523763895569e+11 -6.742184666177544594e+09 -1.343853954474837685e+10 8.695683231750946045e+09 5.989131200078322754e+11 -8.506785519789015770e+09 -3.462752642272934914e+09 6.284912516471347809e+09 -9.689496550650394440e+09 1.835757427145065784e+09 2.267150276664691544e+10 -1.652358965908991623e+10 -9.276282582034740448e+09 -2.332588027117741585e+09 2.585623318124868870e+09 6.500316466998108864e+09 5.626140442525122643e+09 -1.050117582792315245e+09 -2.722588638847960472e+09 -2.786429511022806549e+10 -6.395767101581523895e+10 -4.450903050339425087e+09 -4.201155559787638664e+09 -9.481608588840097427e+09 -4.955042852637524605e+09 -2.681541336707410514e+08 -2.331710114806682765e+08 3.903668396735747814e+09 -3.768667212864519596e+09 1.075672001453619480e+09 -8.348373727408586740e+08 1.752335439040546656e+09
-5.033267568302448490e+04 -3.540181718297672342e+04 8.376251363283488899e+04 -1.989574632656091126e+04 7.074131602996726542e+03 -2.567803128753439069e+03 -1.815690936625466566e+04 -1.264866011901183083e+04 9.119583184313161837e+03 1.788712105325510129e+04 -2.925704121097720417e+03 1.247657619657224132e+04 6.412250400088810238e+03 -1.590657951089516018e+03 3.161793786763447770e+03 -5.240906715783776235e+03 8.632288665790118102e+03 5.308625449604280675e+02 8.420495578713480427e+03 7.491575776200088512e+03 5.200555436584963900e+03 3.159571115017909506e+03 8.182355517788906582e+03 -4.763286303405454873e+02 8.706981031800837627e+02 7.137725114366077150e+02 5.099995750172170688e+02 3.283014711815391820e+03 4.884755028991087784e+03 5.566991529108453506e+03 1.770198508842092622e+01 2.817070027464598752e+03 4.132878484549001769e+03 5.341016295987455123e+03 4.014507632391302195e+03 2.837568913515565328e+03 7.877845271880155451e+03 1.227459507281573315e+04 6.093381496969229192e+04 1.480566008752832386e+04 3.127053713060289283e+03 2.848738414977783577e+03 4.290432225346378800e+03 3.180619667046501945e+03 -3.522644022831430561e+02 -4.949889203188407135e+10 1.759145137894482422e+10 -9.396555171963405609e+09 -7.847522025734584332e+08 1.874255421751384583e+11 1.337595775796583557e+10 -8.587434695517849922e+09 2.831272499856884003e+09 6.840046567425835609e+09 6.072260509235764503e+09 9.859896726412068176e+10 -1.865499556384049225e+10 -3.510191294088745594e+09 -1.505466817921127319e+09 1.283249609420486450e+09 -8.325550648720898628e+09 2.014096963184828520e+09 1.621336693217870235e+09 -1.270884875813264400e+07 2.308237424247618484e+10 -1.289980912937623978e+10 -3.300418467799064159e+09 -1.007247092747148275e+09 6.866075774124680519e+09 -3.469846894402348042e+09 1.662130311689781189e+09 3.808368393127711773e+09 2.205348728733981133e+09 2.872484182273869514e+09 -4.145612603629179597e+08 2.092686824073296070e+09 1.165267976895420790e+09
-1.593476680920381114e+04 -5.887663844882644480e+04 6.415804775667528884e+04 4.053487427193801977e+03 -1.582595206333898659e+03 -2.142812933092112871e+04 -4.287217608056296740e+03 -1.109567150215401307e+04 -3.791074125429260221e+03 2.430214394115675077e+03 -1.164107412945036958e+04 -5.657838432320621905e+03 5.297261910372290004e+03 -8.754563214742571290e+03 -7.151349139331469814e+03 -7.704262800763900486e+03 3.954026110231448911e+03 7.258394462978480988e+03 5.921349080241861884e+03 4.247111813142365463e+03 2.909055611576787669e+03 4.905530608724081503e+03 -2.853861707810103781e+03 1.163929010274434631e+03 3.003951203292648643e+03 -1.161728904476986145e+03 -6.355806361844022376e+02 -3.975557669081556469e+03 1.047799157098870865e+03 2.050094679120037654e+03 2.450401051863997964e+03 5.699609027154593832e+02 -1.230697925736771595e+03 2.572824560531356383e+03 6.548752843054234290e+03 1.911576859710296048e+03 4.123658432603746405e+03 5.564289374292261527e+03 1.480566008752832386e+04 5.604826225626481755e+04 1.074239395762815911e+04 3.383449239720800506e+03 3.403807220934190354e+03 2.411787213181565676e+03 2.474586445102326024e+02 -1.725998686587370682e+10 1.908917172214540100e+10 3.624958965758952332e+10 -2.083165839388534164e+10 8.072058508908070374e+10 5.457186090203113556e+08 -3.602064943564729214e+09 6.615833186230839729e+09 -2.944782137055110455e+09 -1.034731447196663976e+09 5.431216567211031342e+10 -6.251407276297429085e+09 -1.765440712374934912e+09 1.494910693380744457e+09 4.611498160898034096e+09 2.770063803394624710e+09 2.733499210716333866e+09 1.798425706043176889e+09 -6.138550917496591806e+07 -3.239664892770624161e+09 -4.728315712808498383e+10 -8.959841875297269821e+08 -2.607127111780849934e+09 3.373011737446604729e+09 -4.835059398787738800e+09 -1.838237416117405653e+09 -1.930601831335859776e+09 5.293299934774167061e+09 -1.068197219911722779e+09 -1.374493424493856430e+09 -2.262452074715242863e+09 2.158342641257631779e+09
-1.704080522277221608e+05 -1.114082184856073873e+05 -2.247120049326006665e+03 -1.905254488061499433e+04 -1.155459166621132681e+04 5.239131795838989092e+03 -6.977372154606517142e+03 -9.974777215001869990e+03 2.458257558663697637e+04 4.396462067188590481e+03 1.836681045124770662e+03 4.685110207837044982e+03 2.065174863619111784e+04 5.844446842629006824e+03 -3.434514993633404174e+03 2.030831894787000465e+03 -2.258450498466546378e+03 4.187534418195600665e+03 6.475099211452667305e+02 1.449850815202349622e+03 -6.285718968689753865e+02 1.040745962600234407e+03 4.122736094177063023e+03 3.452534032068934266e+03 4.100823301281995555e+03 3.708167667570525737e+03 5.996594415080970748e+02 5.149980412568268548e+03 4.948250362019060958e+03 1.136180386168638734e+03 3.153072892543605576e+03 3.185842463339193273e+03 2.364743397530342008e+03 3.371549715864729478e+03 5.192376479916806602e+03 2.538562685240904557e+03 1.504766329574814336e+03 6.448331133349412994e+03 3.127053713060289283e+03 1.074239395762815911e+04 5.281425755420454516e+04 1.008491628573709386e+04 2.596531222590325342e+03 1.609610897539568441e+03 4.966176168108538150e+03 1.330349620295146027e+11 6.578813793745723724e+10 -1.082646812943723869e+10 -5.300439939281112671e+09 4.690365175174873352e+10 -1.228667427611777496e+10 -1.186973681623969078e+10 -1.163529158076544523e+09 -1.046645345434316158e+09 -2.199406681224589348e+09 -4.338335246478829193e+10 7.759391614760802269e+09 9.213795578942199707e+09 9.824940815623997450e+08 -5.789636177212959290e+09 8.099549267153188586e+07 5.010257235752375722e+08 2.253747746304793835e+09 6.572044112202530861e+09 6.190960748026344299e+10 -9.164675319397636414e+09 1.064615193723954582e+10 3.230406319736863613e+09 4.657594741355218887e+09 1.559395732695259809e+09 1.509297261690078259e+09 2.743226149142798901e+09 2.780801466745807171e+09 4.759486290631457329e+09 -2.707938657790318131e+08 1.285000299612926245e+09 4.981341657021306038e+09
8.535549523068712733e+04 1.931818626766026227e+03 5.792032107323138189e+04 5.501403433437855711e+03 3.051253451511626281e+03 6.362147430186960264e+03 1.351111037928871337e+04 -3.725384712672875139e+03 4.243088627877204999e+03 1.947058547268029542e+03 2.145660003907037662e+03 1.044812713376664942e+04 -9.387096562853137584e+03 -3.392342260449168862e+03 -5.899026835200698997e+02 9.525529657325419976e+03 -2.481194286608446873e+03 -4.262863157548357776e+03 -1.086587571409642260e+04 -3.016057908501091788e+03 -2.362315041131826661e+02 3.918190686969867329e+03 2.864566235783513093e+03 4.142038734975453735e+03 5.013051924776583292e+03 3.296229401000732651e+03 4.358665236857402306e+03 4.420468344180963527e+02 4.473118487831153288e+03 2.251194236265076825e+02 5.745890060006721797e+03 2.656324040487631009e+03 4.152610741806748592e+03 4.096267332101815555e+03 4.238257729176320026e+03 2.228291066416024933e+03 2.256221010359113734e+03 2.606469851786112031e+03 2.848738414977783577e+03 3.383449239720800506e+03 1.008491628573709386e+04 5.047307217956476234e+04 9.745561565565871206e+03 2.014224077924787935e+03 3.531546635278344638e+03 -1.146744109330490112e+11 3.833848734572424316e+10 2.668646500396673203e+10 2.272717151853559875e+10 1.496641375959843826e+10 2.213997339321455765e+10 1.382567245848984003e+09 3.411714896066613197e+08 8.495122909144718170e+09 3.930310742108143330e+09 -1.730473338083960342e+10 4.493117722429911613e+09 1.351179300788428116e+10 2.292731012763880253e+09 3.040635594947832227e+08 1.076502201281294060e+10 1.978113296588812351e+09 2.447484240005439281e+09 3.899760435371292830e+08 -3.198603454835813141e+10 -4.364882215452052307e+10 6.112945541616003036e+09 4.098867232135258675e+09 -2.968108122204358578e+09 -3.013196722614973187e+08 2.010396494940474033e+09 -2.028695890809993029e+09 9.554538872977161407e+09 1.537495268038261414e+09 2.313050875643663406e+09 -2.432283855363567770e+08 3.119634955798970699e+09
3.317621643388835946e+04 -1.336628724851391416e+04 1.555569676183635238e+04 -1.655793023040569460e+04 -4.236578994491298363e+04 -1.534806050804632468e+04 3.328245902811368495e+01 -3.141817565410873613e+03 3.141766676564201134e+03 1.522617930344285355e+02 1.253906550043885363e+04 9.230832286614435361e+03 -2.561835446793229949e+03 -1.254498679198974060e+03 6.523567012732091825e+03 2.849256107433484431e+03 1.255003923390002456e+03 7.749107749922713992e+03 -7.475837689331422553e+03 2.767641243512127858e+03 -2.136214930885047579e+03 4.777904969691979886e+02 5.121737885547892120e+02 -4.769483169060172258e+02 -3.063823955215224487e+03 -7.337383249393185451e+02 3.688338915846327836e+03 1.209163964348198533e+03 1.944186385720376720e+01 9.684487281189891519e+02 4.381892964742880395e+03 2.971150134932906440e+03 1.588410991234887206e+03 3.099472145853922029e+03 9.713820963358372751e+01 2.453012918579712277e+03 2.305595009909201053e+03 7.557788984712261993e+01 4.290432225346378800e+03 3.403807220934190354e+03 2.596531222590325342e+03 9.745561565565871206e+03 4.895417808652884560e+04 8.623673361972383645e+03 3.407041070816422689e+03 -1.160928981031316376e+11 -2.408207382668350220e+10 -7.862838005538025856e+09 -1.429137056463071823e+10 2.196501263207071838e+11 -2.639323490653754234e+09 9.868055947594614029e+09 -6.932649048973918915e+09 1.738171113375811815e+09 4.670977290734750748e+09 -9.237437393691158295e+09 -9.860818119417448044e+09 1.066011774350590825e+09 -7.930020453316066742e+09 2.470230697413921833e+09 -1.813959781796578217e+10 7.661574538830312729e+09 -2.266457935542476654e+09 -4.793798553830133438e+09 3.211558342586717606e+10 1.901074493356639862e+10 -6.558388065508351326e+09 1.462678088866369963e+09 -9.075595039971353531e+09 -7.778874768035672903e+08 9.029414436634359360e+08 4.075732979183642268e+08 -3.622074455764540195e+09 -3.664184190570522785e+09 9.677033569455721378e+08 1.272419392045279980e+09 2.299691065318668187e+08
1.873223050908180303e+05 -7.334520854932738075e+03 5.027292709540027863e+04 -2.475316423258206214e+03 -3.639170475057938165e+04 -1.378660766204125321e+04 3.396934177504911986e+03 -2.166446349681590800e+04 5.641305182388997309e+03 -1.049533560254754957e+04 -1.115949560764029593e+04 -1.112195430432696776e+04 -1.341216726314936523e+03 -5.455565600324439401e+02 4.497132832420061455e+00 1.921160815473799858e+03 -5.974471520916679879e+01 4.731310174119004841e+03 4.191528394954527357e+03 5.215692906819356722e+03 -1.605078245791628433e+03 -5.805254028410304272e+03 -3.041743828758568270e+03 3.078832632493336519e+02 4.311176459326267832e+03 -1.014635765845801416e+03 -1.160908228897660138e+03 4.246676144954952179e+03 1.561993098147768933e+03 -4.396973928652776067e+02 1.982489044929388683e+03 -1.198568148403531666e+02 3.250020831650986111e+03 1.828234035705077531e+03 9.616298011799652841e+02 1.028493826867883399e+03 -7.004552931226840862e+00 3.113569097300180601e+03 3.180619667046501945e+03 2.411787213181565676e+03 1.609610897539568441e+03 2.014224077924787935e+03 8.623673361972383645e+03 4.576731259122103802e+04 7.165599689566520283e+03 3.123487666959988785e+10 -5.062583211677876282e+10 -3.318501239894882202e+10 2.907932801354943752e+09 -4.997726558537178040e+10 -1.266094579287354279e+10 -1.394305041296554184e+10 7.652468009726230621e+09 -5.909401147381455898e+08 -5.262196302126102448e+08 -3.443981370927637482e+10 -5.326484359243486404e+09 -1.484175871788157701e+09 3.400910192906512618e+08 -3.246227961209838867e+09 -1.871497349155415297e+08 -1.390570412668994665e+08 -2.950640064964208126e+09 -3.533290627902721882e+09 -2.094227174681485367e+10 -1.462041254540347595e+11 1.134462171064440250e+09 -1.432608050474344015e+09 -6.610736335317080498e+09 -4.806407023837258339e+09 -2.187342270479907036e+09 8.339719384302002192e+07 6.086962763491557837e+08 -2.938397724229435444e+09 7.673940526745173931e+08 4.326365199444419742e+08 -7.311293415395891666e+08
-2.121392859860051612e+04 7.234515613733949431e+04 8.146427052091441874e+04 -1.924498305694463488e+04 3.657993014317049528e+03 -7.608309597484209917e+03 1.368544837395016430e+03 1.047243954305869465e+03 -4.089461372884606590e+03 1.447405875821329573e+04 2.801390467142430680e+03 -5.126848527992347044e+03 4.643081350124539313e+03 -1.540860504858375634e+03 -3.300220695284639532e+03 1.745209169985904055e+03 -8.188225230034729520e+02 -4.239564717740688138e+03 -4.532660158598050657e+03 2.103908977492630129e+03 2.105854314914035058e+03 2.645815074552079977e+02 -1.607678283774497686e+03 2.675770940513755704e+03 3.268587664500440724e+02 -1.236952817057780521e+03 -2.364173544007869054e+02 2.587924362589639713e+03 1.227093770559621817e+03 3.756221232482482719e+03 5.510959017552706882e+02 2.243412040240924398e+03 2.308360846545763707e+03 3.177674433849376328e+03 4.438120512284746724e+02 5.098490830846471908e+03 3.982010167618790547e+03 9.796888916421307840e+02 -3.522644022831430561e+02 2.474586445102326024e+02 4.966176168108538150e+03 3.531546635278344638e+03 3.407041070816422689e+03 7.165599689566520283e+03 4.170241831900357647e+04 5.970080241643106842e+10 -4.484067489645853424e+10 -2.852007637051547623e+10 1.896537962007992172e+10 -1.004911214414818878e+11 -1.842340725909900284e+10 -5.556240408325101852e+09 -6.306188199146125793e+09 6.705597674825317860e+08 7.219776022004940987e+09 3.545113104282218170e+10 -1.908602313092365026e+09 1.284412629656508923e+09 1.443635005557778597e+09 2.303906175733530998e+09 3.465606515251136780e+09 6.071463798563577980e+07 4.313980406601636887e+09 6.604974119043008804e+09 3.527797582068435550e+08 -7.698131744889658928e+09 3.088611450078902721e+09 7.897419854292389154e+08 9.458930344996206284e+09 3.445475054096289873e+08 9.123422028122817278e+08 7.363126211959620714e+08 3.131169778328693867e+09 -1.355707314622306526e+08 -2.032554963459950387e+08 -2.764530724754686832e+09 1.985267865373571873e+09
-5.999089882617072266e+12 5.948385804684708008e+12 5.537234670890085938e+12 1.012022377959048828e+12 -1.345569067882226074e+12 -3.643173261807354736e+11 -1.675693087394708557e+11 -1.885465918650079956e+11 4.786013258147437744e+11 1.256133963600648682e+12 -1.703465677522739258e+11 2.698914689924787292e+11 2.256465256201412354e+11 -1.715514752999957581e+11 1.895594799973908081e+11 2.023402665220826416e+11 3.045363687931114502e+11 -3.127974185799697876e+09 3.962970724952561646e+11 1.641048783578453827e+10 1.312382282570782928e+11 -5.913046978845924377e+10 2.101802254355910645e+11 -1.515600971072062073e+11 -6.738174804099362183e+10 2.219258380011182556e+11 -2.701093861998179016e+11 -4.704930314833513641e+10 9.421819129992610168e+10 -6.788830392055795288e+10 2.407633291226861191e+10 3.370175149890150452e+10 1.668278932124855232e+10 2.070751242600133362e+11 -2.358421592723528385e+09 -2.674822395681032658e+09 2.201228875386814117e+10 1.409888523763895569e+11 -4.949889203188407135e+10 -1.725998686587370682e+10 1.330349620295146027e+11 -1.146744109330490112e+11 -1.160928981031316376e+11 3.123487666959988785e+10 5.970080241643106842e+10 1.225833112356138025e+20 1.220486247859354010e+19 3.309527764019725824e+18 5.556832138577508800e+16 -1.708865140987495424e+18 1.253765877343754240e+18 -2.736015400129055040e+17 1.942547753429745152e+18 -3.314839780467176320e+17 1.218102473699823840e+17 5.212454207470599168e+18 -6.019903828970286080e+17 7.741163306680414720e+17 1.676878697732588160e+17 -1.334577543609160640e+17 1.285504855196288256e+18 -1.273873950766327840e+17 -1.705625001089786560e+17 -6.249980186984763200e+16 -2.541099934881394688e+18 3.444517696955311616e+18 1.339238506633404000e+17 -1.370795727065398720e+17 5.497195551696704000e+17 -2.965210223475532160e+17 1.512917997575203800e+16 3.241505372569488800e+16 1.329238416688582400e+18 -1.721787245699464640e+17 3.607512761849408800e+16 1.194093264917586080e+17 1.401029279146267360e+17
1.954121014052999023e+12 3.067387696530019531e+12 3.981462687910085938e+12 3.085733203681191895e+12 1.077003840119668823e+12 3.289878023854935913e+11 5.460237492170983887e+11 -2.353985936441389465e+11 3.239621207254245605e+11 7.778535071355812988e+11 7.100017293283949280e+10 3.446212479596233368e+10 8.397418097489808655e+10 3.431875914766649246e+10 -1.502210120755837059e+10 4.631658078685868835e+10 -4.641633518280487823e+10 4.907775526404904938e+10 1.017660933675091705e+11 1.437022129641120720e+10 -1.156907152702085114e+11 -1.378612459487084045e+11 7.540421109171398163e+09 -7.404552049888216019e+09 -2.182459892534560394e+10 -8.405234001024470520e+10 2.906749396785582542e+09 3.925734277536500549e+10 1.752464017761927795e+10 8.312859984501744270e+09 -1.387569139467257118e+10 2.085190020619219208e+10 2.326094309034221649e+09 2.711009446325659180e+10 -3.359579968343980789e+10 -8.842820455899715424e+09 -1.603613521049765778e+10 -6.742184666177544594e+09 1.759145137894482422e+10 1.908917172214540100e+10 6.578813793745723724e+10 3.833848734572424316e+10 -2.408207382668350220e+10 -5.062583211677876282e+10 -4.484067489645853424e+10 1.220486247859354010e+19 2.810778665063057818e+19 2.967233608590410240e+18 4.394009531250622080e+17 9.439845552248344576e+18 1.634826390918424064e+18 2.825995971685287680e+17 8.257283018186071040e+17 -7.021413896285224800e+16 -4.239207054907602400e+16 1.456314786646234112e+18 2.604006749428641280e+17 8.946401816671517440e+17 2.261278289090865280e+17 -5.106208585369071200e+16 4.330121448230629120e+17 8.398873126107110400e+16 5.119090101479835200e+16 1.366505105482463200e+17 2.498421003776754240e+17 4.649526111043260160e+17 1.489526492381321600e+17 -4.745497890338396000e+16 5.145737202071719680e+17 -1.224826970081942600e+16 4.756597873483659200e+16 2.217082230582121600e+16 5.657053284175221120e+17 7.295248102971220800e+16 -2.308501083405809200e+16 5.005776111274070400e+16 1.490400073268133200e+16
3.378342481378181641e+12 3.677018450936817871e+12 2.718333932238843262e+12 1.643762522765313477e+12 5.867592158150051270e+11 8.125417723307468262e+11 1.582900227630554199e+11 -1.010303346259312439e+11 1.405207773466461487e+11 2.027878657080824280e+11 -2.688642836618727875e+10 -1.122839012241995697e+11 7.624589117029570007e+10 -5.308916834865227509e+10 8.595770727193194580e+10 -1.568454282009560394e+10 -1.276862487697770691e+11 -1.968252425449377060e+10 -3.935391613273288727e+10 -4.654987776396474838e+08 1.246601679098652363e+09 -3.121940063983127594e+09 -2.292513206328100586e+10 -3.446542761284056854e+10 -2.065667955163733292e+10 -6.814308677432041168e+08 -2.884053351252575302e+10 4.759157462658404350e+09 -3.007030771050844193e+09 1.273337445886616898e+10 2.076864428301058960e+10 2.005006221705469131e+09 2.113969191272745371e+09 -1.134297097467217255e+10 -2.486957448772396851e+10 -7.598415439294021606e+09 -1.682945719316454697e+10 -1.343853954474837685e+10 -9.396555171963405609e+09 3.624958965758952332e+10 -1.082646812943723869e+10 2.668646500396673203e+10 -7.862838005538025856e+09 -3.318501239894882202e+10 -2.852007637051547623e+10 3.309527764019725824e+18 2.967233608590410240e+18 6.457577507506918400e+18 6.191197537587130880e+17 -1.091160066428095104e+18 1.145105300246847872e+18 2.017233742177535360e+17 8.894886414047119360e+17 1.221641969270583840e+17 5.763455472601512800e+16 -2.617694623517834560e+17 4.332796807374000000e+16 4.104175601687493760e+17 2.238425211495813600e+16 -2.031132828147074800e+16 7.739390938511511040e+17 5.676731487366993600e+16 2.483536532073420800e+16 -1.544600391412866400e+16 9.896716862943815680e+17 -3.628991650192242560e+17 1.281837280538412000e+17 2.593917474212129200e+16 2.472674560853464000e+17 1.144284480708081200e+16 1.856447665244540400e+16 -1.102970618785039600e+16 6.735530691140934400e+17 3.977959099119416800e+16 -1.012825098095247000e+16 -4.303732336437557500e+15 1.136712669593617800e+16
-3.605875883164678345e+11 7.862865082628458252e+11 2.031492442287999878e+11 6.981497866108936768e+11 9.852807647293106689e+11 4.777316616853291016e+11 2.076641970086484680e+11 -6.586828240959985352e+10 8.325955745484294128e+10 -1.559811451754596558e+11 -7.717088038346179199e+10 2.380540657332365036e+10 1.255021906862973785e+10 7.563744147224209595e+10 4.851857749716518402e+10 -3.833578091797189713e+09 1.213252590061195946e+10 -7.328105718228137207e+10 -1.224678743066896248e+10 -4.007530230662963104e+10 -4.796264270410485077e+10 1.244002313264708138e+10 -3.833328367087089539e+10 -4.427168891822229767e+10 1.453378153271297455e+10 7.068979308634637451e+10 4.168377414482960510e+10 2.074215283490840912e+10 1.561632514896750641e+10 1.517642154265792465e+10 2.560891368446788788e+10 3.242185663032934952e+10 7.363219243924614906e+09 -1.241784863176296234e+10 4.896969543032097626e+10 3.485022279654964447e+10 2.540033625324496078e+10 8.695683231750946045e+09 -7.847522025734584332e+08 -2.083165839388534164e+10 -5.300439939281112671e+09 2.272717151853559875e+10 -1.429137056463071823e+10 2.907932801354943752e+09 1.896537962007992172e+10 5.556832138577508800e+16 4.394009531250622080e+17 6.191197537587130880e+17 6.172358277910080512e+18 3.855580344458634240e+18 3.612635612719380480e+17 2.806979472245732160e+17 -1.240046167597316320e+17 7.233323872470328000e+16 -3.196741129820496000e+16 -1.332678006747682816e+18 5.264333743730749600e+16 -7.847874100072060800e+16 9.715133782106948800e+16 -9.444741140135852000e+15 -1.005287485658408320e+17 1.108290314766030560e+17 4.287227285319418400e+16 -1.378720931443819400e+16 -3.101311222279393920e+17 -1.544699347956075840e+17 1.556086527218623800e+16 -5.663672400168572000e+15 -1.276717244189997600e+16 6.685699406448854400e+16 3.688190363092249000e+15 -4.097020246272074000e+15 -5.820677037257820000e+16 9.747058071885308800e+16 2.168686362276104800e+16 3.376844882012900400e+16 -2.397556329277346000e+16
1.218656834853475586e+13 7.296322631602745117e+12 7.165246539252094727e+11 4.852955103416600586e+12 3.159253338720374023e+12 1.722924791488172607e+12 1.896197720821480957e+12 3.777107861083240967e+11 3.425039185456819458e+11 1.242069600089435059e+12 -2.220721622178895874e+11 -9.341414292540533447e+11 -6.178135799209064941e+11 -4.175666475206920166e+11 5.149927927637887955e+09 5.759781330493138428e+11 7.822870457683879395e+11 2.516531739765923462e+11 -3.214486239898133545e+11 -4.997708035991425171e+11 -1.040809807082191315e+11 6.080088853177767334e+11 3.873519525946265869e+11 2.610210297181786499e+11 -4.745172730331472397e+09 -2.180262926848790359e+10 2.868309609444860229e+11 9.655156900991232300e+10 4.592183983027728271e+11 3.470825408525761719e+11 1.284990914778392487e+11 1.391027828733437805e+11 3.290036976750745850e+11 2.012776330175671692e+11 2.081447951421989746e+11 2.287906947204608459e+11 3.079145406408828735e+11 5.989131200078322754e+11 1.874255421751384583e+11 8.072058508908070374e+10 4.690365175174873352e+10 1.496641375959843826e+10 2.196501263207071838e+11 -4.997726558537178040e+10 -1.004911214414818878e+11 -1.708865140987495424e+18 9.439845552248344576e+18 -1.091160066428095104e+18 3.855580344458634240e+18 7.009742438459296973e+20 1.898566031616306432e+18 7.927862403724148480e+17 -4.243085353064151680e+17 8.259140386690465280e+17 8.084519974100678400e+17 1.104635117569546854e+19 1.050582088881780096e+18 2.443871718961305600e+18 6.074162871357303040e+17 4.604947764376698240e+17 -5.432266079308033920e+17 3.580204948478741120e+17 3.146153228534921600e+16 -6.400043887972032000e+17 -2.338074001040757120e+17 -3.785775062618593792e+18 -9.057726929892971200e+16 -4.440393331258845600e+16 3.867167494388374400e+17 3.605691297227272960e+17 1.687022453722302400e+17 -5.471028519865212160e+17 4.454861490157283200e+17 1.873596962149008640e+17 -1.002374154392552640e+17 -1.508884558873092800e+17 1.260530309122169440e+17
3.162390696814977417e+11 1.987586939599660645e+12 2.053835063406329346e+12 1.306343497542854248e+12 2.918511092060606079e+11 4.685482406820669556e+11 1.840518449123695068e+11 1.288932637460149384e+11 1.205435596930892639e+11 1.527279474104413757e+11 1.819605937455276489e+11 2.875696684925609970e+10 6.102537191601584625e+10 9.508281550670764160e+10 7.757517632621194458e+10 6.625243472331948280e+08 -8.700661246079292297e+10 -4.432742675754187775e+10 -1.370457177170415688e+10 -9.474258732689682245e+08 -3.585698228345825958e+10 1.379326682427040339e+09 2.644471249249816132e+10 6.058955472894786835e+10 4.984822517487970352e+09 5.646189484933595657e+09 4.374137078814990234e+10 -2.302684349898253918e+09 5.490714155142144203e+09 2.408121462305072784e+10 6.204684485681225777e+09 6.553794220364007950e+09 1.214460408910198021e+10 -2.978835691328915405e+10 6.129382740085259438e+09 1.569806264183409500e+10 -1.743746158681860352e+10 -8.506785519789015770e+09 1.337595775796583557e+10 5.457186090203113556e+08 -1.228667427611777496e+10 2.213997339321455765e+10 -2.639323490653754234e+09 -1.266094579287354279e+10 -1.842340725909900284e+10 1.253765877343754240e+18 1.634826390918424064e+18 1.145105300246847872e+18 3.612635612719380480e+17 1.898566031616306432e+18 3.735023286345414656e+18 3.317103817767061760e+17 5.835503349657315840e+17 1.438538569058939680e+17 9.750327813038945600e+16 3.223596408320229120e+17 1.870992031630219840e+17 3.988803118336293760e+17 7.330348256245467200e+16 7.028142168624033600e+16 2.648531630852258880e+17 2.703203117405001200e+16 4.520324864257048000e+16 7.781464617588889600e+16 -1.681015696048408640e+17 2.512562373897259840e+17 8.820889166728380800e+16 4.374796910397669600e+16 3.441930912015729920e+17 9.718104095700420800e+16 3.943221276182209600e+16 -9.377727465387578000e+15 3.195399293995921920e+17 6.248041989626515200e+16 1.125256114584709800e+16 1.195112343380292500e+15 -5.087604717403428000e+16
-9.992917621703864746e+11 6.548066366550205994e+10 1.999147240731403809e+11 4.895525898646944580e+11 5.721567080928941650e+11 4.996170710598566284e+11 2.847526224826066895e+11 1.893060972856432800e+11 4.806660240897899628e+10 1.020884768210042114e+11 4.609959417507291412e+10 3.307401403463737869e+10 -2.391066056861005020e+10 4.123423118762925720e+10 -1.648059703631153297e+10 2.481808594292876053e+10 2.282612902544411850e+10 -4.294146971380889893e+10 -2.245234289781877899e+10 -1.368292476095060730e+10 1.828887024391619873e+10 4.238973978447538376e+09 -2.193439974863049698e+10 1.405847305136218452e+10 -1.002695269086623192e+10 3.510041363042515278e+09 2.012225211944925308e+10 3.248649660964939594e+09 -2.872377296993500519e+10 -7.071847307243087769e+09 9.357987658878345490e+09 2.252877096678519249e+09 1.582358334407884359e+09 -2.597803659741860926e+08 4.342691232124240875e+09 -1.710141002756883860e+09 2.829451420253272057e+09 -3.462752642272934914e+09 -8.587434695517849922e+09 -3.602064943564729214e+09 -1.186973681623969078e+10 1.382567245848984003e+09 9.868055947594614029e+09 -1.394305041296554184e+10 -5.556240408325101852e+09 -2.736015400129055040e+17 2.825995971685287680e+17 2.017233742177535360e+17 2.806979472245732160e+17 7.927862403724148480e+17 3.317103817767061760e+17 1.123648634678401024e+18 -1.036301221918161000e+16 1.171332558236076160e+17 1.155725362900610080e+17 -8.008890116229286400e+16 2.292742252918969920e+17 1.823346883748964000e+16 8.591349846951755200e+16 1.815388674862065600e+16 -6.709496068071942400e+16 6.540241074227435200e+16 8.260628007705858000e+15 8.677648560807651000e+15 -2.427481209172032000e+17 1.196468110258164640e+17 8.786118141406468800e+16 4.501780574525448800e+16 1.837698074814747600e+16 7.991350482453587200e+16 2.119170609343719600e+16 2.649207865163914500e+15 -4.166857419558989000e+15 7.678382619434297600e+16 1.826654958975928800e+16 -1.261327634682272600e+16 -1.619866812416967200e+16
1.350782224919806152e+12 2.239488423250776367e+12 1.676866944219929443e+12 9.102576966915573730e+11 -7.743749936962821960e+09 1.203545592940780487e+11 1.911191893619101868e+11 2.689816357321827698e+11 1.803592405190794983e+11 2.952391536121851349e+10 -8.130320846297235107e+10 -2.496205967657078934e+10 -3.311239619718202591e+10 1.718649943219934702e+09 3.981507520783926392e+10 -3.950260492605325317e+10 -3.212303276940615463e+10 2.086017200004738617e+10 -1.527427021558232689e+10 3.012985644875599384e+09 1.347834790207571983e+10 -3.217087659865757751e+10 -1.022856379857820129e+10 -4.482138553400518417e+09 -3.681144833309735656e+08 -2.464700119306576538e+10 3.264625913039133072e+09 -1.256279578588440895e+10 2.193135287783477020e+10 1.193331801187613297e+10 1.837744632451181793e+10 2.073616506868276978e+10 -1.704556183742446899e+10 9.453967238045560837e+09 1.649197226805353546e+10 -6.785200604175188065e+09 1.950359110182991028e+10 6.284912516471347809e+09 2.831272499856884003e+09 6.615833186230839729e+09 -1.163529158076544523e+09 3.411714896066613197e+08 -6.932649048973918915e+09 7.652468009726230621e+09 -6.306188199146125793e+09 1.942547753429745152e+18 8.257283018186071040e+17 8.894886414047119360e+17 -1.240046167597316320e+17 -4.243085353064151680e+17 5.835503349657315840e+17 -1.036301221918161000e+16 2.326022374887014912e+18 1.126958063728906560e+17 8.799736816650700800e+16 1.230269584618570752e+18 -4.460699855798544000e+16 4.533971220844637440e+17 2.676700370722385600e+16 3.744786979029875200e+16 6.101524818096943360e+17 -1.405360487635750800e+16 1.946002334442147600e+16 -1.673575074849705800e+16 5.691189140558554240e+17 -2.670352402286953280e+17 3.904649956477852000e+16 4.610896336844360000e+16 2.553753939047600960e+17 1.631503330078926000e+15 1.709634614559503400e+16 -1.003612665362489200e+16 5.912537026603041280e+17 6.915956079710700000e+15 1.228649203315957200e+16 -2.342560325257842800e+16 -8.358576180492118000e+15
-1.636445511141761971e+10 1.216850388155395203e+11 2.810469548153729248e+11 2.650590520650867004e+11 2.524362697076235962e+11 2.223040413182612000e+11 3.357834499917526855e+11 2.538618462669010925e+11 2.348886960660210266e+11 8.880261100051066589e+10 1.026832766842173386e+10 -8.636101930680364609e+09 -3.196363487477119446e+10 6.333338015265524864e+09 -9.400629546100034714e+09 -1.982845839315631104e+10 -5.449464257150133514e+10 -1.622905269294925880e+10 -3.950666417952857018e+09 -6.700877472254334450e+09 2.094427572286949539e+10 1.719630930655567646e+08 -1.179001918814695930e+10 1.048626209121021080e+10 -9.695193482920684814e+08 4.692259697428483963e+09 1.551453764663963509e+10 -1.230799786407175303e+09 2.433440505014340878e+09 1.234595086137903023e+10 -2.884973263412824154e+09 3.769310696009616375e+09 1.387553073219322014e+10 5.534145309323076248e+09 6.322247354983198643e+08 -8.653499202262866974e+09 1.275784374112941504e+09 -9.689496550650394440e+09 6.840046567425835609e+09 -2.944782137055110455e+09 -1.046645345434316158e+09 8.495122909144718170e+09 1.738171113375811815e+09 -5.909401147381455898e+08 6.705597674825317860e+08 -3.314839780467176320e+17 -7.021413896285224800e+16 1.221641969270583840e+17 7.233323872470328000e+16 8.259140386690465280e+17 1.438538569058939680e+17 1.171332558236076160e+17 1.126958063728906560e+17 6.354561069267645440e+17 1.879327588382708160e+17 2.594909383171208640e+17 8.366555975201686400e+16 6.465528602814654400e+16 8.449133347301542400e+16 5.146817085134251200e+16 2.882143972362554800e+16 2.628151243364006800e+16 2.449260147625227200e+16 1.294927678274127800e+16 1.208047545720402880e+17 -1.486548602519160320e+17 3.289417165209392400e+16 5.396550120016508000e+16 -1.494427517723775200e+16 4.104738386484876800e+16 3.226508041952671600e+16 3.600196254972388125e+14 1.348658003566176200e+16 2.712949767666445600e+16 3.654041109630490400e+16 -4.864835975338318000e+15 4.707269864399024000e+15
8.805098282563758545e+11 1.320447176752321625e+11 4.059714385035291138e+11 1.233592333974366302e+11 -3.755954643153711700e+10 3.396032555725811005e+10 3.151936008684580688e+11 3.783343454508916016e+11 3.102815777848677368e+11 1.639339984087161560e+11 2.938952228789279938e+10 3.590798737220883179e+10 5.516457030349369049e+10 7.951816555466209412e+10 2.088952354421791458e+10 -2.355832657347185135e+10 -1.339533060012822151e+10 -5.548649793844464302e+09 1.886532284588401794e+10 3.217533918462007523e+10 1.966517025962548447e+10 -3.898279147329731750e+10 -6.503719449258828536e+05 -2.111603632817424011e+10 -1.309719747837312698e+10 2.075606998010501862e+10 -4.628284094693621635e+09 -4.427866583777760506e+09 1.223674252992217779e+09 -1.058208036609886885e+09 3.602184794809986591e+09 9.546998269969741821e+09 5.706993951614606857e+09 -9.484452575567121506e+09 1.409501067768755150e+10 -7.877523127615231514e+09 1.325110427874585533e+10 1.835757427145065784e+09 6.072260509235764503e+09 -1.034731447196663976e+09 -2.199406681224589348e+09 3.930310742108143330e+09 4.670977290734750748e+09 -5.262196302126102448e+08 7.219776022004940987e+09 1.218102473699823840e+17 -4.239207054907602400e+16 5.763455472601512800e+16 -3.196741129820496000e+16 8.084519974100678400e+17 9.750327813038945600e+16 1.155725362900610080e+17 8.799736816650700800e+16 1.879327588382708160e+17 1.109374637093338496e+18 4.053700299235209600e+16 -5.528780044559835000e+15 9.697687419996640000e+16 3.674612316866069600e+16 1.114746212195412640e+17 2.082476007383183200e+16 1.052395137131225800e+16 3.905194592098368000e+16 1.134583709179756000e+16 2.051340334276784250e+15 6.571784341417035200e+16 3.866695152799916800e+16 7.624730935507550400e+16 8.590794295589672000e+16 9.849824937415282000e+15 4.986820637110550400e+16 1.018164476931182000e+16 -2.098448601610462500e+15 2.027983163455571600e+16 3.820324868445265600e+16 5.544766420075976000e+15 1.900144699978774000e+16
1.263154284093578613e+12 5.225606257919039062e+12 4.101238174353901367e+11 1.243275196459909424e+12 -1.314355158416929443e+12 -5.038441358331174927e+11 9.438875936110343933e+10 5.099411741468441162e+11 8.039395146335260010e+11 7.341080636658608398e+11 -2.243855363787695007e+11 -2.473334675824368286e+11 2.876708123293254395e+11 -2.660364559618580627e+11 -1.473419469299854431e+11 1.181620496928943329e+11 3.264329518129494629e+11 2.684640970401013489e+11 2.392991721671781006e+11 1.990871405679110107e+11 2.775506860075010300e+10 -8.025392432958390808e+10 2.104456876296725845e+10 2.220072501177398071e+11 -4.432145034770671082e+10 1.357097302714231720e+11 4.954738536237364197e+10 -4.199365736055896759e+09 1.385377389583248901e+10 3.043627806572837830e+10 5.934741631415428162e+10 1.176667973724489136e+11 -1.300887602311662865e+10 1.173673580097537994e+11 1.177493405599440613e+11 -1.478532862813110046e+11 4.264799269496797943e+10 2.267150276664691544e+10 9.859896726412068176e+10 5.431216567211031342e+10 -4.338335246478829193e+10 -1.730473338083960342e+10 -9.237437393691158295e+09 -3.443981370927637482e+10 3.545113104282218170e+10 5.212454207470599168e+18 1.456314786646234112e+18 -2.617694623517834560e+17 -1.332678006747682816e+18 1.104635117569546854e+19 3.223596408320229120e+17 -8.008890116229286400e+16 1.230269584618570752e+18 2.594909383171208640e+17 4.053700299235209600e+16 1.118914256291991388e+20 9.099495855774845440e+17 6.112493143613226240e+17 2.888513720850631680e+17 3.625041904197447040e+17 1.867273737514172160e+17 -5.975413287065670400e+16 -1.523940744819876480e+17 2.676913318638243520e+17 5.735959095258077440e+17 -6.009124882853813760e+17 -2.272600614400481200e+16 -1.880880682809143360e+17 9.279715600819137600e+16 3.827376394201440800e+16 -1.818767950784866560e+17 -1.607709393792616640e+17 4.338815705398905600e+16 -2.515210708792800320e+17 -6.548275598692599200e+16 -1.262131663956150000e+16 -1.677538612021286200e+16
-3.960794175647711792e+11 -2.534062317427316284e+10 1.192440676801116180e+11 1.010693044096688690e+11 2.479515462774948425e+11 6.546989252206187744e+11 5.391363253742131348e+11 4.900251406623985291e+10 9.489347530322103882e+10 1.416636598273632812e+11 3.266066994349905777e+10 4.341457195720333862e+10 -5.588104543615729523e+10 -4.011465397364585114e+10 -1.553012663972546196e+10 -2.274839323524042892e+10 -2.764574456587955093e+10 9.594773835156045914e+09 2.879041809686311722e+10 -6.325381538813305855e+09 1.595827661206153393e+09 -1.881233644523999023e+10 -2.014397636041267014e+10 2.201622802165560913e+10 1.190368899445299339e+10 2.113735268795950699e+10 -6.193397262270766497e+08 1.830329458675308990e+10 -1.150452716734130669e+10 2.444613763794963455e+10 -1.828458700726396942e+10 -2.086229307621302843e+09 -1.448578742855119228e+09 -4.812215183511679649e+09 9.860166029512071609e+09 -1.631711336980432510e+09 3.617936428419000149e+09 -1.652358965908991623e+10 -1.865499556384049225e+10 -6.251407276297429085e+09 7.759391614760802269e+09 4.493117722429911613e+09 -9.860818119417448044e+09 -5.326484359243486404e+09 -1.908602313092365026e+09 -6.019903828970286080e+17 2.604006749428641280e+17 4.332796807374000000e+16 5.264333743730749600e+16 1.050582088881780096e+18 1.870992031630219840e+17 2.292742252918969920e+17 -4.460699855798544000e+16 8.366555975201686400e+16 -5.528780044559835000e+15 9.099495855774845440e+17 1.958171423004751104e+18 1.020073232824930400e+17 1.730354838370738560e+17 2.251983528172261200e+16 -1.291423997332084600e+16 4.657384798106132000e+16 2.214523038949150400e+16 5.019475673189420000e+16 5.647440432127614720e+17 2.904477043262604500e+15 1.182571665712044160e+17 2.828744549252586000e+16 -3.912640946000210000e+15 6.360346945105228800e+16 2.931661526331910000e+14 -1.010109398729615200e+16 -3.917622410182650000e+14 6.435917373090213600e+16 4.759297730007189000e+15 -2.918548849269406000e+15 -4.380206780000055000e+15
1.149232501814530029e+12 5.722825629104588623e+11 1.367214841615868896e+12 7.812585316536043701e+11 7.573260798337800598e+10 1.860341075942631531e+11 4.605558263741049194e+10 1.189020467544793243e+11 1.544367878047356262e+11 1.977320692509033813e+11 1.305256682619641876e+11 4.736120135990035248e+10 3.105048598576263428e+10 5.308718423677570343e+09 8.227219258995193481e+09 1.661221020967040062e+10 -2.409236340908981705e+10 -1.985103230436006546e+10 3.272483621579496002e+10 1.507263266894666100e+10 3.093288807537589264e+10 2.175105320734667587e+10 2.912554117279561996e+09 3.117101848030494308e+10 -4.601524820645283699e+09 -1.979490594138899565e+09 7.200693265908248901e+09 -2.109919135470361948e+09 1.519159775023536873e+10 5.177953019234668732e+09 4.909437392395503044e+09 1.134505916666308022e+10 8.477911309216664314e+09 -2.554714595214069366e+09 1.061939590769213104e+10 -6.928047020359669685e+09 -1.518828236882757759e+10 -9.276282582034740448e+09 -3.510191294088745594e+09 -1.765440712374934912e+09 9.213795578942199707e+09 1.351179300788428116e+10 1.066011774350590825e+09 -1.484175871788157701e+09 1.284412629656508923e+09 7.741163306680414720e+17 8.946401816671517440e+17 4.104175601687493760e+17 -7.847874100072060800e+16 2.443871718961305600e+18 3.988803118336293760e+17 1.823346883748964000e+16 4.533971220844637440e+17 6.465528602814654400e+16 9.697687419996640000e+16 6.112493143613226240e+17 1.020073232824930400e+17 1.476374816871378944e+18 1.033181278353916800e+17 5.771794847142868000e+16 3.050959448720034560e+17 3.606614265888129600e+16 5.517969525806013600e+16 4.950898370875113600e+16 -1.670235624930613400e+16 6.229849987962700800e+17 4.440555749357912000e+16 2.948835814516091200e+16 2.350683169291569280e+17 2.763242874272964800e+16 3.966603549048209600e+16 7.473810292762607000e+15 2.138976810793247360e+17 1.504529931776171200e+16 6.393687874048675000e+15 5.254170173782963000e+15 4.918540404420218000e+15
-2.135828274422588806e+11 6.965618150559306335e+10 1.694546332843901978e+11 2.689919844665394897e+11 3.372868252623418579e+11 2.691774031967280273e+11 1.922622674589496460e+11 1.234466367570196075e+11 1.193177603163093567e+11 1.021115701155825348e+11 5.318264157775654602e+10 5.160004695396057129e+10 3.124942853091059494e+10 8.018443800913120508e+08 9.594556130492467880e+09 1.540174451303641701e+10 -2.562487303257587051e+10 5.123810519269689560e+09 1.299033998647689056e+10 -1.113327160571775198e+09 9.316802473708498001e+09 5.477257619452105522e+09 8.773727423070621490e+09 -3.690744687390091419e+09 1.994791731894063950e+09 6.263042534503269196e+09 7.945025149896327019e+09 6.548879384853096962e+09 1.051099068959382057e+10 7.756053071172908783e+09 -1.291147672094924927e+09 7.013355980880235672e+09 1.039660215061096954e+10 7.005738992001882553e+09 -3.002462919307906628e+08 1.600689018993636608e+09 2.027232815488524914e+09 -2.332588027117741585e+09 -1.505466817921127319e+09 1.494910693380744457e+09 9.824940815623997450e+08 2.292731012763880253e+09 -7.930020453316066742e+09 3.400910192906512618e+08 1.443635005557778597e+09 1.676878697732588160e+17 2.261278289090865280e+17 2.238425211495813600e+16 9.715133782106948800e+16 6.074162871357303040e+17 7.330348256245467200e+16 8.591349846951755200e+16 2.676700370722385600e+16 8.449133347301542400e+16 3.674612316866069600e+16 2.888513720850631680e+17 1.730354838370738560e+17 1.033181278353916800e+17 2.508401193769116480e+17 4.651731205181380000e+16 2.040569695862059200e+16 5.101219720078389600e+16 3.474484536322885600e+16 2.554145808185790000e+16 7.143625312835124000e+16 1.395803364687136320e+17 6.723917566977060000e+16 3.305568041906967200e+16 2.046546002811509200e+16 3.712156764968245600e+16 2.661367878891865200e+16 1.354995976076823800e+16 -9.542970702985922000e+15 4.451762282286808800e+16 1.455472187251568400e+16 1.082426254402728200e+16 7.837249381081579000e+15
-3.288948639223847656e+11 -4.611832332016990662e+10 5.169389848646768188e+10 3.280677184177270889e+10 5.515857065420546722e+10 1.675325401867405510e+10 1.750386360760722656e+11 2.281818503290610352e+11 1.649504287295178833e+11 1.239427426427977753e+11 5.714160842499438477e+10 4.102482737142974091e+10 2.967244117403936768e+10 1.117501571115505981e+10 9.021576523825612068e+08 -1.100890727330763054e+10 -6.248789252303789139e+09 8.006459528954221725e+09 -5.999086692873258591e+09 1.761846327885872126e+09 1.260879541090541458e+10 6.431833453003427505e+09 6.673662722506122589e+08 -1.407856519108464479e+09 2.047306929801899433e+09 -9.517676888821046829e+09 -4.788680083386980057e+09 2.813317801072244644e+09 2.873165522631944656e+09 3.496983614827712178e+08 9.603710867808501720e+08 3.383911017277115345e+09 8.822917687098951340e+09 -4.665311156820644379e+09 -1.577366108266090870e+09 6.600252877343750000e+08 9.709862477920959473e+09 2.585623318124868870e+09 1.283249609420486450e+09 4.611498160898034096e+09 -5.789636177212959290e+09 3.040635594947832227e+08 2.470230697413921833e+09 -3.246227961209838867e+09 2.303906175733530998e+09 -1.334577543609160640e+17 -5.106208585369071200e+16 -2.031132828147074800e+16 -9.444741140135852000e+15 4.604947764376698240e+17 7.028142168624033600e+16 1.815388674862065600e+16 3.744786979029875200e+16 5.146817085134251200e+16 1.114746212195412640e+17 3.625041904197447040e+17 2.251983528172261200e+16 5.771794847142868000e+16 4.651731205181380000e+16 2.487226564139696320e+17 1.003711038757072000e+16 6.217352630287927000e+15 6.146259099203648000e+16 5.172977895988200000e+16 3.446822691879194400e+16 7.710937828979161600e+16 4.535412709680333600e+16 6.098573982951772800e+16 7.718153481577276000e+15 1.545240504270411800e+16 3.060573689089435600e+16 1.301133615446453600e+16 2.375882267329015600e+16 8.183702869912260000e+15 2.498917411351911600e+16 -2.901240159448978000e+15 9.890261517109422000e+15
1.430455951348539551e+12 1.498294386041461426e+12 1.390056003666536621e+12 5.987335320825155029e+11 -8.850147746336549377e+10 1.010269913396038818e+11 1.075640951146333313e+11 -6.847998886332656860e+09 5.317505668556369781e+10 1.084250531852062988e+11 1.524274844772036133e+11 8.302074132649136353e+10 8.214486083543103027e+10 -3.552356853417883301e+10 3.853808912409565735e+10 -7.170620997140618324e+09 1.183501059833584023e+10 -1.777477695665203094e+10 -8.739121969024772644e+09 -1.304289910902981377e+10 2.177093007815644836e+10 -6.028880838624057770e+09 1.119720390199790001e+10 -6.703116386934529305e+09 -4.554660942465952873e+09 2.199127265435095215e+10 -5.409652268131925583e+09 5.666831765066347122e+09 2.719992742830966568e+10 8.460732911207660675e+09 1.746267053050917816e+10 -5.565758111627243042e+09 8.858390764181371689e+09 1.273353240452912140e+10 -1.090698665367008686e+09 4.522751663781144142e+09 1.805067969468007660e+10 6.500316466998108864e+09 -8.325550648720898628e+09 2.770063803394624710e+09 8.099549267153188586e+07 1.076502201281294060e+10 -1.813959781796578217e+10 -1.871497349155415297e+08 3.465606515251136780e+09 1.285504855196288256e+18 4.330121448230629120e+17 7.739390938511511040e+17 -1.005287485658408320e+17 -5.432266079308033920e+17 2.648531630852258880e+17 -6.709496068071942400e+16 6.101524818096943360e+17 2.882143972362554800e+16 2.082476007383183200e+16 1.867273737514172160e+17 -1.291423997332084600e+16 3.050959448720034560e+17 2.040569695862059200e+16 1.003711038757072000e+16 1.308177946525477632e+18 1.436110500152329800e+16 2.560945684324354400e+16 3.731697578374485600e+16 -5.878424099291854080e+17 1.868309001782699520e+17 -1.374232446788890500e+15 6.145821632018655000e+15 2.415099858844612480e+17 1.594144161944811500e+15 1.401278745753221000e+16 3.128134484139276800e+16 5.219921096524526720e+17 1.392404108830117000e+16 3.530539234628517500e+15 5.376354705511122000e+15 5.250685234376421000e+15
5.755394727134429932e+11 5.485828906102772522e+10 1.090093756160178986e+11 3.319382844309200439e+11 3.023977377759204712e+11 2.307334298488955688e+11 3.523752314363910675e+10 1.663471396413869381e+09 -6.221408540797273636e+09 5.399030788614948273e+10 7.571229261295208740e+10 7.971711325499275208e+10 1.649623198083728981e+10 1.627009322246244049e+10 3.329115872308251953e+10 -9.034485532212688446e+09 -8.145725033027502060e+09 9.056019075107282639e+09 8.058798495546596527e+09 -3.685447448949143410e+09 4.718520800186416626e+09 -1.545000620455216217e+10 1.040496024031753159e+10 8.942253635371078491e+09 -1.445813164671937943e+10 1.043674644134602547e+10 5.035286241042501450e+09 1.479382453164097595e+10 -3.289834905476956844e+09 -1.789114045007949352e+09 -1.867708453712829828e+09 -8.014931194690889120e+08 1.474716748560477018e+09 5.147596269844897270e+09 -1.325629149161242723e+09 8.088747703088907242e+09 4.640124862013167381e+09 5.626140442525122643e+09 2.014096963184828520e+09 2.733499210716333866e+09 5.010257235752375722e+08 1.978113296588812351e+09 7.661574538830312729e+09 -1.390570412668994665e+08 6.071463798563577980e+07 -1.273873950766327840e+17 8.398873126107110400e+16 5.676731487366993600e+16 1.108290314766030560e+17 3.580204948478741120e+17 2.703203117405001200e+16 6.540241074227435200e+16 -1.405360487635750800e+16 2.628151243364006800e+16 1.052395137131225800e+16 -5.975413287065670400e+16 4.657384798106132000e+16 3.606614265888129600e+16 5.101219720078389600e+16 6.217352630287927000e+15 1.436110500152329800e+16 2.993783359941660160e+17 3.516821029683432400e+16 4.326537242873014400e+16 -1.254743717935153440e+17 1.430634015501293800e+16 2.733126429581986000e+16 1.016149603303100600e+16 9.650011332060074000e+15 4.411988559101164800e+16 2.081070265582775200e+16 1.479902028322167400e+16 -6.003574301701074000e+15 3.831587717052798400e+16 3.422714539097459000e+15 4.955776123350886000e+15 1.361719618486058400e+16
-2.979450258292262573e+11 5.041768795166519165e+10 2.226933039838906860e+10 5.728035970865911865e+10 -3.084695159078305721e+09 7.625318072232701111e+10 6.632692307277086639e+10 8.871064397971780396e+10 9.100838816193743896e+10 1.068476283020432281e+11 8.478344100090412903e+10 6.384100870296031952e+10 3.614380197006382751e+10 1.889303243278012085e+10 1.270313620402111244e+10 3.734195894536455154e+09 1.174245770391627550e+09 8.903448230112096786e+09 6.814616069768637657e+09 3.326669340310328007e+09 1.380838064301522255e+10 8.480209413922767639e+08 3.969692908828361511e+09 8.064592054787889719e+08 1.672536624200975895e+09 5.234801795324612617e+09 5.818615692038604736e+09 5.688056901670398712e+09 3.584701194358577251e+09 -6.725251159449121952e+08 1.237830984470921159e+08 5.004105108725678444e+09 -1.723663463487090588e+09 -2.880676894146916389e+09 -2.232956386451037407e+09 1.119508959627178431e+09 1.452294614991322279e+09 -1.050117582792315245e+09 1.621336693217870235e+09 1.798425706043176889e+09 2.253747746304793835e+09 2.447484240005439281e+09 -2.266457935542476654e+09 -2.950640064964208126e+09 4.313980406601636887e+09 -1.705625001089786560e+17 5.119090101479835200e+16 2.483536532073420800e+16 4.287227285319418400e+16 3.146153228534921600e+16 4.520324864257048000e+16 8.260628007705858000e+15 1.946002334442147600e+16 2.449260147625227200e+16 3.905194592098368000e+16 -1.523940744819876480e+17 2.214523038949150400e+16 5.517969525806013600e+16 3.474484536322885600e+16 6.146259099203648000e+16 2.560945684324354400e+16 3.516821029683432400e+16 1.708424132118391040e+17 5.847837178872886400e+16 -5.525797283013188800e+16 6.499467898179947200e+16 2.194355531514117600e+16 2.242450604843400400e+16 2.390083129393171600e+16 1.809747420134250400e+16 3.017755189554645600e+16 2.780169421403018000e+16 1.882378679547542000e+16 7.139212612143006000e+15 1.879549096279800800e+16 8.942676414929266000e+15 4.609882032700407000e+15
-4.298941591534001465e+11 2.515203145985235214e+09 9.363471076990774536e+10 5.477217055960271454e+10 -7.157350567436724854e+10 6.475315989274788666e+10 4.653370651442601776e+10 6.054915475215026855e+10 5.988105595729802704e+10 1.222951000643628387e+11 1.414450820329123840e+11 1.194157642610551147e+11 6.675517785881570435e+10 2.265373015293646622e+10 1.172555035200331879e+10 -1.326552684125277519e+09 -2.806357149236427784e+09 2.390845563156054497e+09 2.252240540788188171e+10 3.682475245420188904e+09 1.499047063952201271e+10 -1.999670022701033592e+09 7.783916547884464264e+09 -5.885196908630012274e+08 1.014303605297278976e+10 1.837499418913713837e+10 1.509213215260650253e+10 8.884150149255411148e+09 6.946510265675617218e+09 7.198463195308882713e+09 -7.913265139274192810e+09 1.189918754761039543e+10 1.294528933076670837e+10 3.062202932678237915e+09 2.675698937680026293e+08 1.261843513502736092e+09 -4.359354434138293266e+09 -2.722588638847960472e+09 -1.270884875813264400e+07 -6.138550917496591806e+07 6.572044112202530861e+09 3.899760435371292830e+08 -4.793798553830133438e+09 -3.533290627902721882e+09 6.604974119043008804e+09 -6.249980186984763200e+16 1.366505105482463200e+17 -1.544600391412866400e+16 -1.378720931443819400e+16 -6.400043887972032000e+17 7.781464617588889600e+16 8.677648560807651000e+15 -1.673575074849705800e+16 1.294927678274127800e+16 1.134583709179756000e+16 2.676913318638243520e+17 5.019475673189420000e+16 4.950898370875113600e+16 2.554145808185790000e+16 5.172977895988200000e+16 3.731697578374485600e+16 4.326537242873014400e+16 5.847837178872886400e+16 3.643385696765895040e+17 -1.666004986036060480e+17 -1.783971628666333760e+17 3.169179030267948400e+16 3.750744819606592800e+16 1.909316603598706000e+16 1.477098788946476000e+16 2.764184973694527200e+16 3.451536524768583200e+16 1.879235022090591200e+16 9.206300686867890000e+15 1.158985046924866200e+16 7.836601078984251000e+15 6.987511126122084000e+15
2.057472701034778320e+12 -3.129715874654708008e+12 8.466383578869891357e+11 -2.940600761102489624e+11 -2.352079552885008545e+11 3.132810782891140137e+11 1.796763306116171875e+12 5.572161487158536377e+11 2.084694393110663452e+11 -1.233570946912060394e+11 -2.876381072140078735e+11 -1.647973149380285034e+11 3.814678896887307739e+11 -7.569398164844905090e+10 -3.482426057280595703e+11 1.700491385574491272e+11 2.941722399138738632e+10 3.754180618269308567e+09 1.302711757377451172e+11 1.484964659395456543e+11 2.188988016244421005e+10 1.402644416422864685e+11 -2.126205197868239403e+09 -7.602640663112036133e+10 -1.214892412549066620e+11 -7.723982202575767517e+09 -8.643500365846580505e+10 2.911450603864996338e+11 5.214516480539421844e+10 2.338304341705398178e+10 4.029233716960305023e+10 2.886763526646350098e+10 -5.886728893096457672e+10 -1.446055565019766541e+11 -3.679473717345379639e+10 1.180707767367314453e+11 -1.219200314603615570e+10 -2.786429511022806549e+10 2.308237424247618484e+10 -3.239664892770624161e+09 6.190960748026344299e+10 -3.198603454835813141e+10 3.211558342586717606e+10 -2.094227174681485367e+10 3.527797582068435550e+08 -2.541099934881394688e+18 2.498421003776754240e+17 9.896716862943815680e+17 -3.101311222279393920e+17 -2.338074001040757120e+17 -1.681015696048408640e+17 -2.427481209172032000e+17 5.691189140558554240e+17 1.208047545720402880e+17 2.051340334276784250e+15 5.735959095258077440e+17 5.647440432127614720e+17 -1.670235624930613400e+16 7.143625312835124000e+16 3.446822691879194400e+16 -5.878424099291854080e+17 -1.254743717935153440e+17 -5.525797283013188800e+16 -1.666004986036060480e+17 7.331672913347229286e+19 1.316772698162920192e+18 5.297425139530748160e+17 -4.205347689362379200e+16 1.032412553190614600e+16 -5.630192510783887000e+15 -6.509796215910847200e+16 -1.325629622376538080e+17 -3.868736033443083200e+16 1.159863123471145600e+17 -1.566414433615930600e+16 -5.975195799933637000e+15 -8.354141648522187200e+16
-5.656667239522224609e+12 1.158735029011882812e+12 -4.155751296557019806e+10 -3.502331388287181091e+10 -3.490750267273629761e+10 4.969078156490989990e+11 6.685465674679992676e+11 -3.664514480382528687e+11 -1.615568491586888123e+11 6.449117006681906738e+11 6.706811505660582275e+11 3.116398933303076172e+11 -1.781561120677895203e+11 -2.298574044058011475e+11 1.266221947138858185e+11 -6.918305268220153809e+10 -4.930223215314945984e+10 4.844729241398170471e+10 1.223295130605772400e+11 -9.805136397554386902e+10 -8.416906250414341736e+10 -8.833479266037493896e+10 -3.789981434453437805e+09 -1.385181108907537537e+11 -6.546533519169780731e+10 1.168060329650960083e+11 -5.311131800084913254e+09 -7.671682073362315369e+10 -1.222343322383977509e+11 9.722515628023135376e+10 1.476505389978810730e+11 -3.636669163530502319e+10 -5.776774559587337494e+10 1.073259683336502075e+11 1.049237524063440094e+11 1.368449677491539917e+11 -1.080761289686857300e+11 -6.395767101581523895e+10 -1.289980912937623978e+10 -4.728315712808498383e+10 -9.164675319397636414e+09 -4.364882215452052307e+10 1.901074493356639862e+10 -1.462041254540347595e+11 -7.698131744889658928e+09 3.444517696955311616e+18 4.649526111043260160e+17 -3.628991650192242560e+17 -1.544699347956075840e+17 -3.785775062618593792e+18 2.512562373897259840e+17 1.196468110258164640e+17 -2.670352402286953280e+17 -1.486548602519160320e+17 6.571784341417035200e+16 -6.009124882853813760e+17 2.904477043262604500e+15 6.229849987962700800e+17 1.395803364687136320e+17 7.710937828979161600e+16 1.868309001782699520e+17 1.430634015501293800e+16 6.499467898179947200e+16 -1.783971628666333760e+17 1.316772698162920192e+18 4.972119731199657574e+19 9.442794379671756800e+16 -1.529553336978190080e+17 4.212341740963257600e+17 -4.971035188276479200e+16 4.310200613216421600e+16 -9.203738245461102400e+16 -1.583878421090594240e+17 -1.883167689750876400e+16 -6.387469488309820000e+16 1.204537069614833500e+15 -6.974380748882532800e+16
-1.397897846791569824e+11 4.289319378651315308e+10 2.733035391068420105e+11 1.368522297071952820e+11 2.556417743531253357e+11 3.856840533467118530e+11 2.666877853349295044e+11 1.239988491149081879e+11 1.951626353001226196e+11 9.356254331358082581e+10 2.204963407782114029e+10 -1.165876232522908783e+10 3.890456409390968323e+10 7.497714069758892822e+10 4.567262923533995819e+10 6.038844054897806168e+09 1.462845611783596039e+09 8.616728007199420929e+09 1.830389794491208267e+10 4.363368663049884439e+08 8.038714193570909500e+09 -1.033697639952081108e+10 -4.344628858239650726e+09 1.402683345663981247e+10 2.568784680327333069e+10 6.913529883453760147e+09 6.975357859043708801e+09 -5.084100444274884224e+09 -2.024171742945738554e+09 1.501093394481067848e+10 3.860498291940076828e+09 3.229573756342734337e+09 5.874247392916625977e+09 4.201500227868125439e+09 5.864394063126260757e+09 5.172628140987465858e+09 -3.832280271587010860e+09 -4.450903050339425087e+09 -3.300418467799064159e+09 -8.959841875297269821e+08 1.064615193723954582e+10 6.112945541616003036e+09 -6.558388065508351326e+09 1.134462171064440250e+09 3.088611450078902721e+09 1.339238506633404000e+17 1.489526492381321600e+17 1.281837280538412000e+17 1.556086527218623800e+16 -9.057726929892971200e+16 8.820889166728380800e+16 8.786118141406468800e+16 3.904649956477852000e+16 3.289417165209392400e+16 3.866695152799916800e+16 -2.272600614400481200e+16 1.182571665712044160e+17 4.440555749357912000e+16 6.723917566977060000e+16 4.535412709680333600e+16 -1.374232446788890500e+15 2.733126429581986000e+16 2.194355531514117600e+16 3.169179030267948400e+16 5.297425139530748160e+17 9.442794379671756800e+16 4.918728115864497920e+17 7.722489548120627200e+16 3.412236555607476000e+16 4.723818512901765600e+16 2.275164581068538800e+16 7.164706626595728000e+15 5.572410817764272800e+16 4.317422318494242400e+16 3.578337757966442000e+16 1.290554135039431600e+16 1.763279315944053200e+16
-2.310989359774446106e+11 -7.629610588133207703e+10 4.633423240243409729e+10 -5.168917425355290222e+10 -3.177939551914825058e+10 4.779191041842546844e+10 1.253190714597775574e+11 2.329281128357881775e+11 1.854232051733379822e+11 8.865120800374075317e+10 3.009922857039200974e+10 9.498709138085145950e+09 2.724083833016127586e+09 4.675107432996598053e+10 3.521958720716576385e+10 1.405479254113859367e+10 -1.206697216755609131e+10 -3.979830037357867718e+09 1.701636432129094839e+09 -8.625593926485759735e+09 -5.798492540665575981e+09 -7.494070959837238312e+09 1.545571916579301357e+08 8.497687809115979195e+09 5.544067463520822525e+09 -1.391344091850112200e+09 -1.903942632581287384e+09 8.831295561990079880e+09 4.747269921244547844e+09 -2.824631858927086830e+09 -9.626918689617362976e+09 4.782430964318297386e+09 3.156029501337553978e+09 2.366002308775265217e+09 -1.889695121441633940e+09 3.835727767023204565e+08 5.863476703801132441e+08 -4.201155559787638664e+09 -1.007247092747148275e+09 -2.607127111780849934e+09 3.230406319736863613e+09 4.098867232135258675e+09 1.462678088866369963e+09 -1.432608050474344015e+09 7.897419854292389154e+08 -1.370795727065398720e+17 -4.745497890338396000e+16 2.593917474212129200e+16 -5.663672400168572000e+15 -4.440393331258845600e+16 4.374796910397669600e+16 4.501780574525448800e+16 4.610896336844360000e+16 5.396550120016508000e+16 7.624730935507550400e+16 -1.880880682809143360e+17 2.828744549252586000e+16 2.948835814516091200e+16 3.305568041906967200e+16 6.098573982951772800e+16 6.145821632018655000e+15 1.016149603303100600e+16 2.242450604843400400e+16 3.750744819606592800e+16 -4.205347689362379200e+16 -1.529553336978190080e+17 7.722489548120627200e+16 2.257121559356037760e+17 -4.873899059632004000e+15 2.568835276880235200e+16 4.359485203938480800e+16 5.937734223157972000e+15 1.661042709422598800e+16 1.447620322293316400e+16 4.047655067949132000e+16 8.051609177806468000e+15 1.508575585399849400e+16
-1.666944163547215271e+11 3.891592797206539307e+11 1.375228479154561768e+12 7.592115502699636230e+11 1.808226194849634094e+11 5.735426138180812836e+10 1.943621768069617081e+10 -1.611964488368592072e+10 -1.176261901044093704e+10 2.402837359239723969e+10 2.862656089629181671e+10 5.413250819392164612e+10 1.011194050802018738e+11 6.592013365786374664e+10 3.620630536697480011e+10 1.501978065507237625e+10 3.025580413961265945e+10 -8.194402104629474640e+09 1.430038835647547531e+10 6.126477380868041992e+09 -8.617517615728618622e+09 -1.280728062291167259e+10 8.519803404921060562e+09 1.870217807151191711e+10 4.467284181337293983e+07 -2.647549678885736942e+09 8.018051284019094467e+09 1.905806657606063187e+08 -8.830935537314329147e+09 6.645106545188809395e+09 3.358049301831569290e+10 -3.674169845978900909e+09 3.823905500289406776e+09 1.050674034255706787e+10 1.276724374092138290e+10 4.201584478567634106e+09 2.760738772851967335e+09 -9.481608588840097427e+09 6.866075774124680519e+09 3.373011737446604729e+09 4.657594741355218887e+09 -2.968108122204358578e+09 -9.075595039971353531e+09 -6.610736335317080498e+09 9.458930344996206284e+09 5.497195551696704000e+17 5.145737202071719680e+17 2.472674560853464000e+17 -1.276717244189997600e+16 3.867167494388374400e+17 3.441930912015729920e+17 1.837698074814747600e+16 2.553753939047600960e+17 -1.494427517723775200e+16 8.590794295589672000e+16 9.279715600819137600e+16 -3.912640946000210000e+15 2.350683169291569280e+17 2.046546002811509200e+16 7.718153481577276000e+15 2.415099858844612480e+17 9.650011332060074000e+15 2.390083129393171600e+16 1.909316603598706000e+16 1.032412553190614600e+16 4.212341740963257600e+17 3.412236555607476000e+16 -4.873899059632004000e+15 8.206619259225488640e+17 2.347595410642506800e+16 2.047776618639678400e+16 4.441387172519646500e+15 2.501253897021886080e+17 2.660774281513505600e+16 -4.404876997798155000e+15 7.350003125509748000e+15 7.774024935861236000e+15
-4.104664371044982147e+10 1.673692048058083534e+10 2.387205675713812256e+10 1.982617710143777466e+11 2.776921489010735474e+11 2.335141840136218872e+11 1.204497071890662537e+11 4.651689667328586578e+10 2.127018644821519852e+09 4.106799245244621277e+10 6.804288574214353180e+10 4.465799874764971924e+10 2.673650513520471954e+10 3.592910288702117920e+10 2.192977921200229263e+10 -5.455682068157621622e+08 -7.077447865037940025e+09 -7.069589520223944664e+09 -2.646149897107064247e+09 -3.480030573259579659e+09 -2.970597699732009768e+08 -4.954632111396853447e+09 -5.959550585998726845e+09 1.433701043203653526e+10 7.397721616514111519e+09 1.074206666748519659e+09 -7.086425369076716900e+08 2.437579123950529575e+09 -5.025764292585670471e+09 -4.777677485265709877e+09 -6.693909321933964491e+08 3.046386803064406395e+09 1.128150549770637894e+10 6.311563485994231224e+09 -2.223182633608376607e+07 2.699445875274271965e+09 3.885020307984083176e+09 -4.955042852637524605e+09 -3.469846894402348042e+09 -4.835059398787738800e+09 1.559395732695259809e+09 -3.013196722614973187e+08 -7.778874768035672903e+08 -4.806407023837258339e+09 3.445475054096289873e+08 -2.965210223475532160e+17 -1.224826970081942600e+16 1.144284480708081200e+16 6.685699406448854400e+16 3.605691297227272960e+17 9.718104095700420800e+16 7.991350482453587200e+16 1.631503330078926000e+15 4.104738386484876800e+16 9.849824937415282000e+15 3.827376394201440800e+16 6.360346945105228800e+16 2.763242874272964800e+16 3.712156764968245600e+16 1.545240504270411800e+16 1.594144161944811500e+15 4.411988559101164800e+16 1.809747420134250400e+16 1.477098788946476000e+16 -5.630192510783887000e+15 -4.971035188276479200e+16 4.723818512901765600e+16 2.568835276880235200e+16 2.347595410642506800e+16 1.331581162528180960e+17 1.728850951487927200e+16 1.392084735900324200e+16 1.225981445909783200e+16 4.782201477628603200e+16 9.395378175527740000e+15 8.503768541279323000e+15 5.007399749480964000e+15
9.437509796607516479e+10 -3.280534461513858032e+10 3.415396797479796600e+10 4.424901993087226105e+10 1.748659047209793854e+10 2.139145284079421616e+10 6.282112864651273346e+10 1.075829964606482544e+11 9.539073241956411743e+10 7.567993510007563782e+10 6.908042218206083679e+10 4.131553301355178070e+10 3.503107397615753174e+10 3.625080078191600800e+10 3.464366063246189880e+10 1.508256951255173874e+10 1.122808358184268236e+09 8.380458982737802505e+09 4.904306520864881516e+09 3.540724522102178574e+09 4.969642089020463943e+09 -1.838996472340699911e+09 4.053604724666385651e+09 2.676566544817825556e+08 1.887823448401005030e+09 2.654628657164236069e+09 -8.175328002922130823e+08 1.825962767850350380e+09 2.269847820888372898e+09 5.723337816711730003e+09 -1.363011655034757853e+09 1.160992144241885900e+09 5.238968412365287781e+09 7.915136344729396701e+07 -1.611099814652849674e+09 2.290922915923705578e+09 2.292949372305070400e+09 -2.681541336707410514e+08 1.662130311689781189e+09 -1.838237416117405653e+09 1.509297261690078259e+09 2.010396494940474033e+09 9.029414436634359360e+08 -2.187342270479907036e+09 9.123422028122817278e+08 1.512917997575203800e+16 4.756597873483659200e+16 1.856447665244540400e+16 3.688190363092249000e+15 1.687022453722302400e+17 3.943221276182209600e+16 2.119170609343719600e+16 1.709634614559503400e+16 3.226508041952671600e+16 4.986820637110550400e+16 -1.818767950784866560e+17 2.931661526331910000e+14 3.966603549048209600e+16 2.661367878891865200e+16 3.060573689089435600e+16 1.401278745753221000e+16 2.081070265582775200e+16 3.017755189554645600e+16 2.764184973694527200e+16 -6.509796215910847200e+16 4.310200613216421600e+16 2.275164581068538800e+16 4.359485203938480800e+16 2.047776618639678400e+16 1.728850951487927200e+16 6.867915817636638400e+16 1.888772296282467200e+16 2.649350414400326800e+16 1.248776192018517400e+16 2.327818727513576400e+16 1.258834185515250600e+16 1.520029263059575000e+16
-1.189407353638434143e+11 1.894151934821713638e+10 3.153058780854658890e+10 1.546640461978594398e+10 -1.654988241818066406e+10 3.033737356604808426e+10 -2.817825205079795456e+10 -1.983939737960150146e+10 6.921632598804365158e+09 5.902722990480797577e+10 8.216316457876776123e+10 5.993194887684828949e+10 5.288573758360771942e+10 3.876370024869123840e+10 1.819203953714824677e+10 1.949332577014708996e+09 1.055244626398406219e+10 4.300271195978088379e+09 2.375552571946707726e+09 4.045188655275706768e+09 2.148324349311283112e+09 -5.900606498525089264e+09 -3.413421706209705830e+09 -5.624208212774515152e+09 4.907981771726390839e+09 6.817967943182088852e+09 2.703536413762536645e+08 -7.673939184894251823e+08 7.371564825647747517e+08 -4.678432151573608398e+09 -5.641478480876960754e+09 -9.607870392776424885e+08 -1.157815959567327261e+09 -2.791663464865286827e+09 -1.298132141680728912e+09 2.274170585831619740e+09 4.611768120981162071e+09 -2.331710114806682765e+08 3.808368393127711773e+09 -1.930601831335859776e+09 2.743226149142798901e+09 -2.028695890809993029e+09 4.075732979183642268e+08 8.339719384302002192e+07 7.363126211959620714e+08 3.241505372569488800e+16 2.217082230582121600e+16 -1.102970618785039600e+16 -4.097020246272074000e+15 -5.471028519865212160e+17 -9.377727465387578000e+15 2.649207865163914500e+15 -1.003612665362489200e+16 3.600196254972388125e+14 1.018164476931182000e+16 -1.607709393792616640e+17 -1.010109398729615200e+16 7.473810292762607000e+15 1.354995976076823800e+16 1.301133615446453600e+16 3.128134484139276800e+16 1.479902028322167400e+16 2.780169421403018000e+16 3.451536524768583200e+16 -1.325629622376538080e+17 -9.203738245461102400e+16 7.164706626595728000e+15 5.937734223157972000e+15 4.441387172519646500e+15 1.392084735900324200e+16 1.888772296282467200e+16 8.507196549380166400e+16 1.086987485580505200e+16 9.069694913019102000e+15 1.137888923366153200e+16 2.169816541278570000e+16 1.018802880236970200e+16
9.093467992958931885e+11 1.642793536975866211e+12 1.342011386949575684e+12 6.247132218476071777e+11 9.212355860592118835e+10 1.003473593422208099e+11 9.811290683286901855e+10 6.161662785562628174e+10 -2.602647891206115341e+10 -3.505290076595766544e+09 1.694090400561412048e+10 -3.002984749675811291e+09 4.655520578365034485e+10 3.143473394936446762e+10 7.788480014998300171e+10 2.954192403274245834e+10 2.105938313730989695e+09 -2.848367191466476440e+09 4.994634856236340523e+09 -2.136372748200704193e+10 1.316301794667638016e+10 1.937257145059865475e+09 1.731703164107268524e+10 -6.617874205234908104e+09 -9.813271442184614182e+09 -1.883037412455577612e+09 9.044155328334503174e+09 2.508298416421541691e+09 1.613498824003440666e+10 -5.619057939053991318e+09 1.728166864656501007e+10 7.528027466626784325e+09 -6.943465864768310547e+09 -4.314618090020355225e+09 4.823380928617145538e+09 7.406889513482746124e+09 7.958032782608239174e+09 3.903668396735747814e+09 2.205348728733981133e+09 5.293299934774167061e+09 2.780801466745807171e+09 9.554538872977161407e+09 -3.622074455764540195e+09 6.086962763491557837e+08 3.131169778328693867e+09 1.329238416688582400e+18 5.657053284175221120e+17 6.735530691140934400e+17 -5.820677037257820000e+16 4.454861490157283200e+17 3.195399293995921920e+17 -4.166857419558989000e+15 5.912537026603041280e+17 1.348658003566176200e+16 -2.098448601610462500e+15 4.338815705398905600e+16 -3.917622410182650000e+14 2.138976810793247360e+17 -9.542970702985922000e+15 2.375882267329015600e+16 5.219921096524526720e+17 -6.003574301701074000e+15 1.882378679547542000e+16 1.879235022090591200e+16 -3.868736033443083200e+16 -1.583878421090594240e+17 5.572410817764272800e+16 1.661042709422598800e+16 2.501253897021886080e+17 1.225981445909783200e+16 2.649350414400326800e+16 1.086987485580505200e+16 9.201118233614159360e+17 3.392504109745660000e+16 1.461908321194171500e+15 1.410247145338771750e+15 1.111448964980698800e+16
-4.116839185170084229e+11 3.932115935717948914e+10 1.166883974897876434e+11 2.505183262836557922e+11 3.091607836239708862e+11 2.480383769268255005e+11 1.447728979879698486e+11 1.887700090402194214e+10 -4.665270021739151478e+08 1.414599348868891335e+10 4.718594945186757088e+09 1.500525350743774605e+10 2.435153613432911301e+10 5.956279414176586914e+10 5.082313841633888245e+10 2.300275348675582409e+09 -1.322015267661653709e+10 -4.311600959933267593e+09 -3.369219956366958618e+09 -6.309645273836732864e+09 -1.462549808997955322e+09 -2.693174772474781036e+09 3.125445756567374706e+09 1.338881562717606354e+10 3.841303040052408218e+09 9.902228233595434189e+09 9.395955086666320801e+09 3.024078523301208019e+09 -2.124226844029083014e+09 -6.722419104441135406e+09 3.189185997459384441e+09 3.330868156981966496e+08 5.011441403608005524e+09 -8.185002405386976004e+08 5.887450373870830536e+09 1.009604155145051479e+09 -3.056101027333880424e+09 -3.768667212864519596e+09 2.872484182273869514e+09 -1.068197219911722779e+09 4.759486290631457329e+09 1.537495268038261414e+09 -3.664184190570522785e+09 -2.938397724229435444e+09 -1.355707314622306526e+08 -1.721787245699464640e+17 7.295248102971220800e+16 3.977959099119416800e+16 9.747058071885308800e+16 1.873596962149008640e+17 6.248041989626515200e+16 7.678382619434297600e+16 6.915956079710700000e+15 2.712949767666445600e+16 2.027983163455571600e+16 -2.515210708792800320e+17 6.435917373090213600e+16 1.504529931776171200e+16 4.451762282286808800e+16 8.183702869912260000e+15 1.392404108830117000e+16 3.831587717052798400e+16 7.139212612143006000e+15 9.206300686867890000e+15 1.159863123471145600e+17 -1.883167689750876400e+16 4.317422318494242400e+16 1.447620322293316400e+16 2.660774281513505600e+16 4.782201477628603200e+16 1.248776192018517400e+16 9.069694913019102000e+15 3.392504109745660000e+16 1.746891505732120000e+17 2.145960232747258000e+16 1.716632279190322400e+16 9.452537579960216000e+15
-7.643459409976647949e+10 -1.622272372831128845e+11 -3.828896694823866272e+10 -2.161137451411849213e+10 -1.385244214779672146e+09 -1.538505842682183456e+10 1.011224633750716248e+11 1.199995488859746399e+11 1.060480751693245392e+11 4.537074237738790894e+10 1.747238041841706085e+10 1.830799839009503126e+09 3.227551855476517487e+10 4.785413801706877899e+10 4.989959886912104797e+10 8.436790855738072395e+09 5.758227571966670036e+09 7.213007353613797188e+09 4.292245948206860065e+09 -1.309031320716624737e+09 4.051571077123631954e+09 3.154205264572125912e+09 5.768375880304909945e+08 1.093595587766114235e+10 4.992832591055480957e+09 9.004168404662115097e+09 2.071037664848759413e+09 -3.985177392557300091e+09 3.723207200171218872e+09 -1.029317216043607146e+07 -5.732736554444196224e+08 5.014711875683624268e+09 -8.555889252091907263e+08 -6.136379351834567070e+09 2.989767949490606785e+09 -5.002881389394051552e+09 4.606608773898558617e+09 1.075672001453619480e+09 -4.145612603629179597e+08 -1.374493424493856430e+09 -2.707938657790318131e+08 2.313050875643663406e+09 9.677033569455721378e+08 7.673940526745173931e+08 -2.032554963459950387e+08 3.607512761849408800e+16 -2.308501083405809200e+16 -1.012825098095247000e+16 2.168686362276104800e+16 -1.002374154392552640e+17 1.125256114584709800e+16 1.826654958975928800e+16 1.228649203315957200e+16 3.654041109630490400e+16 3.820324868445265600e+16 -6.548275598692599200e+16 4.759297730007189000e+15 6.393687874048675000e+15 1.455472187251568400e+16 2.498917411351911600e+16 3.530539234628517500e+15 3.422714539097459000e+15 1.879549096279800800e+16 1.158985046924866200e+16 -1.566414433615930600e+16 -6.387469488309820000e+16 3.578337757966442000e+16 4.047655067949132000e+16 -4.404876997798155000e+15 9.395378175527740000e+15 2.327818727513576400e+16 1.137888923366153200e+16 1.461908321194171500e+15 2.145960232747258000e+16 9.517320975755750400e+16 1.643859893760992000e+16 1.355234746029595800e+16
1.678452576054114380e+11 -7.340924478066500854e+10 -1.538260479370942497e+10 1.330194820851058006e+10 -1.349741030605818367e+10 -8.334452214082150459e+09 -1.432847206718907928e+10 -2.736978588644046783e+10 1.565922800762651634e+10 4.378938534752398682e+10 5.215937902685950470e+10 3.105286712986469269e+10 4.939566832325359344e+10 4.637357298634947205e+10 5.518584060855758667e+10 2.596764208774349976e+10 9.961701901404788971e+09 7.070010655520324707e+08 1.133183740561620712e+10 4.945427117350706100e+09 3.406179138149010539e+08 3.614051276681138873e+08 -4.702810318865132332e+08 2.210234646067528725e+09 3.827934673289228439e+09 1.914114609993955612e+09 1.311195702726215839e+09 3.086490372651599884e+09 4.794612629670454979e+09 1.949229056173981190e+09 4.655833451533242226e+09 1.199678829718261957e+09 1.451322130386215448e+09 -7.024973442592031956e+08 -2.793879355545551300e+09 -1.697659877210040689e+08 2.434859465718067169e+09 -8.348373727408586740e+08 2.092686824073296070e+09 -2.262452074715242863e+09 1.285000299612926245e+09 -2.432283855363567770e+08 1.272419392045279980e+09 4.326365199444419742e+08 -2.764530724754686832e+09 1.194093264917586080e+17 5.005776111274070400e+16 -4.303732336437557500e+15 3.376844882012900400e+16 -1.508884558873092800e+17 1.195112343380292500e+15 -1.261327634682272600e+16 -2.342560325257842800e+16 -4.864835975338318000e+15 5.544766420075976000e+15 -1.262131663956150000e+16 -2.918548849269406000e+15 5.254170173782963000e+15 1.082426254402728200e+16 -2.901240159448978000e+15 5.376354705511122000e+15 4.955776123350886000e+15 8.942676414929266000e+15 7.836601078984251000e+15 -5.975195799933637000e+15 1.204537069614833500e+15 1.290554135039431600e+16 8.051609177806468000e+15 7.350003125509748000e+15 8.503768541279323000e+15 1.258834185515250600e+16 2.169816541278570000e+16 1.410247145338771750e+15 1.716632279190322400e+16 1.643859893760992000e+16 6.711237318994985600e+16 2.309445134059532800e+16
7.147665984701664734e+10 -1.472526411213309021e+11 -9.227088660483639526e+10 -1.804458155591440964e+10 -4.742915138551726532e+10 -3.301907702096458054e+10 1.933566980894777536e+09 -1.228333380493108749e+10 3.617631765480974579e+10 2.647646537658137798e+09 3.790280984789879799e+09 4.145908881391146779e+08 4.842292570753662109e+10 6.987362918718513489e+10 5.935244133513244629e+10 1.227599294507472801e+10 3.893183725846578121e+09 -1.143354606203476906e+09 5.753767078747321129e+09 5.547552714674201965e+09 -1.886209044629420042e+09 -1.400214092701379585e+10 2.559447634504619598e+09 8.618533645935349464e+08 2.612282509737720013e+09 7.517814383429039955e+09 8.238683910654594898e+08 1.275145673522960901e+09 4.634039355255455017e+09 -2.232189621472941875e+09 4.759781179031578064e+09 -2.843076219159693718e+09 -3.782164133521958351e+09 3.424267656210024655e+07 -6.021260791409130096e+09 3.793350851450695395e+08 1.910944465755070448e+09 1.752335439040546656e+09 1.165267976895420790e+09 2.158342641257631779e+09 4.981341657021306038e+09 3.119634955798970699e+09 2.299691065318668187e+08 -7.311293415395891666e+08 1.985267865373571873e+09 1.401029279146267360e+17 1.490400073268133200e+16 1.136712669593617800e+16 -2.397556329277346000e+16 1.260530309122169440e+17 -5.087604717403428000e+16 -1.619866812416967200e+16 -8.358576180492118000e+15 4.707269864399024000e+15 1.900144699978774000e+16 -1.677538612021286200e+16 -4.380206780000055000e+15 4.918540404420218000e+15 7.837249381081579000e+15 9.890261517109422000e+15 5.250685234376421000e+15 1.361719618486058400e+16 4.609882032700407000e+15 6.987511126122084000e+15 -8.354141648522187200e+16 -6.974380748882532800e+16 1.763279315944053200e+16 1.508575585399849400e+16 7.774024935861236000e+15 5.007399749480964000e+15 1.520029263059575000e+16 1.018802880236970200e+16 1.111448964980698800e+16 9.452537579960216000e+15 1.355234746029595800e+16 2.309445134059532800e+16 1.542618853432377920e+17
