# P+B covariance for NGC and p = 0.0
# 
2.482933933619788587e+08 1.642911139351619408e+07 -3.763860268293086905e+06 1.792630927196794655e+05 4.002370036047307076e+05 -1.008050022247552639e+06 -3.755545479563221452e+05 -9.402517843178589828e+05 -1.505353265570114134e+06 1.432414083789561992e+05 2.959231936929991934e+05 -1.685041916013261653e+05 -3.192921379052062985e+05 -5.542943575458721025e+05 2.308981986116746848e+05 -1.757379444429564755e+05 -4.648471528848243761e+05 -3.833882978630411526e+04 -6.207159829619218362e+04 -4.175802966096732998e+05 -2.457611874515324598e+05 -5.772745144377819961e+05 -6.049867904462297447e+05 -9.473542173604537675e+04 -1.015069569507960550e+05 -4.084289673504595412e+05 -5.003700102152439067e+05 -4.298670715797368903e+05 -1.736077292617611238e+05 -3.790602243747469038e+05 -8.128122503624414094e+04 3.324288519608315255e+04 -3.361510745593839092e+05 -3.307980412227524794e+05 -1.766934325837156503e+05 -3.113337205559902941e+05 -3.392349340517094824e+05 -3.195813986303848214e+05 -2.319364456349007960e+05 -1.696590998881535197e+05 -2.909224446226938744e+05 -2.302907067064943258e+05 -2.884109388487833785e+05 -2.053221433534047683e+05 -3.612593692275836365e+05 -7.175482072779321289e+12 6.786374477560583496e+11 4.119304960892521973e+12 -4.780898911799016724e+11 1.851296093624023828e+13 9.890041434824333496e+11 -7.702090323825385742e+11 1.296229570030037842e+12 -2.547380947128315125e+11 6.221707894283154297e+11 4.394425795783623535e+12 -3.438495407933554688e+11 8.376334768778270264e+11 -3.269110745896707764e+11 -4.053612331969180298e+11 1.566501690387708252e+12 4.425122658528778687e+11 -3.484870470070815430e+11 -2.119855566995705566e+11 4.826370987898589844e+12 -3.441398940735767578e+12 -1.728341874664202271e+11 -2.736917234586100464e+11 3.494945625924462891e+11 -6.150235955032109070e+10 5.704548110293970490e+10 -1.109080868665501404e+11 1.178794690004029541e+12 -5.215274717413624878e+11 -1.799805940506494751e+11 2.144475947953062134e+11 -2.252636982308570862e+10
1.642911139351619408e+07 6.495903786525087059e+07 5.369138843145457096e+06 3.322075530373793299e+04 6.074223741058845771e+05 8.116963510863237316e+05 4.914706941772483406e+05 -3.254348551797434920e+05 -3.061629714112072252e+05 2.922645255683706491e+05 6.975740109679319721e+04 -1.363616472252599779e+05 -5.595726122544441023e+04 -4.781242229026145069e+05 -1.155824128214949451e+05 9.930639276677789167e+04 -6.359584556504042848e+04 2.669977931667138473e+05 6.640666936316664214e+04 -2.012874900501902448e+05 9.454241625958120858e+04 -1.089153961439399573e+05 -1.207851260006424418e+05 4.604492212513095001e+04 -5.814925086606656987e+04 3.638241479334064934e+04 1.856290230869487277e+05 5.255161447351092647e+04 -8.402683180643205560e+03 -5.140527635819725401e+04 -2.100245515514546423e+04 -9.445193612819033660e+03 7.886971040268613433e+04 6.563426749064390606e+04 1.007272149538231170e+05 1.130226165951617586e+05 3.445390397268029574e+03 5.341157079497844825e+04 1.009866672359678341e+04 5.314371303151185566e+04 1.060718388789333585e+04 6.061908759843785811e+04 3.036442727400946023e+04 9.843692998254612030e+04 7.962499901664924982e+04 5.577616156012794922e+12 2.853734640551176270e+12 3.548212533314512695e+12 7.124706007825164795e+11 7.116617763861230469e+12 1.847862130437037598e+12 -8.429151301275204659e+09 2.100570931304964844e+12 7.399214627347798157e+10 4.564529681212243080e+09 4.420783361689295898e+12 1.728002378432896729e+11 5.683449686811949463e+11 6.944483196161148071e+10 -9.887470499849420166e+10 1.479235118192922119e+12 6.969198531766642761e+10 2.370540832445387650e+10 -5.483323040604484558e+10 -1.331816979176438477e+12 9.166929785356800537e+11 -3.660853470250138855e+10 -8.332237654951641846e+10 5.357307733840853271e+11 5.520635067642988586e+10 -4.445122605548803711e+10 3.802314672431864929e+10 1.532183478961687256e+12 5.385535344928262329e+10 -2.047180149420552673e+11 -6.453147498690655518e+10 -7.027393309400730896e+10
-3.763860268293086905e+06 5.369138843145457096e+06 2.691729722930717096e+07 3.602177752092233393e+06 9.062983447786377510e+05 7.473331218212670647e+05 6.037070552656976506e+05 3.119634065487376647e+05 2.089431580217673327e+05 1.481625168222007924e+05 -1.427080172757132095e+05 1.277360315222590725e+05 -8.879421248340450984e+04 5.060577869556981750e+04 7.447453984902478987e+04 8.543639288787494297e+04 6.172524252994832932e+04 -9.416299794129912334e+04 1.758612878418231849e+05 2.656865335406035592e+04 9.496614005652700143e+04 -6.809830565951715107e+04 5.347464635401829582e+03 1.011053495509249478e+05 1.606627595924156194e+05 1.051188986821465078e+05 1.741799014596854977e+05 2.383061156532193127e+04 1.542407604115596914e+05 1.077372910919437709e+05 1.928016252817390487e+05 5.122327337792507024e+04 2.618040342330393469e+04 9.227357656090491218e+04 5.601288584165539214e+04 2.277776699127960092e+04 9.958135494039446348e+04 2.700738451927067581e+04 1.290398068681865261e+05 1.278350017108177708e+05 7.397040139612880012e+04 1.205730300920605077e+05 5.813620430749317165e+04 8.996873367745861469e+04 1.182585614133245690e+05 5.797575907710036133e+12 4.264515332436991211e+12 2.519914243722510254e+12 1.124758650181160889e+11 -4.894454610156033325e+11 2.057001864459188477e+12 1.341478810036063232e+11 1.717671728910420898e+12 2.348678220337463379e+11 2.643592372870659485e+11 2.560455285593578491e+11 2.292061316909020386e+11 1.420447341783872803e+12 7.406891109646606445e+10 6.323239161489364624e+10 1.329601728833077148e+12 5.907513432913088226e+10 1.925589933786184311e+10 5.387193145205561066e+10 1.239591065275536621e+12 -8.258151846123510742e+11 2.300571003472799988e+11 1.656608112748037910e+10 1.387754823715738770e+12 2.030165798073014450e+10 -6.936997160541408539e+09 3.235477096075638199e+10 1.369825779600726318e+12 9.447508058103157043e+10 -3.131542026830749512e+10 -2.576273309673612976e+10 -8.608917910100213623e+10
1.792630927196794655e+05 3.322075530373793299e+04 3.602177752092233393e+06 1.419252204256065749e+07 1.804218077661403455e+06 1.878055002698675671e+05 4.026370357458449871e+04 4.138775292571490718e+04 2.515689920259080827e+05 4.818608891600361676e+04 -4.543694196638225549e+04 6.616857168171921512e+04 -1.645790209130858711e+05 -3.068909214468858772e+04 4.665557065100641194e+04 3.096535486669044258e+04 -1.013013631420913880e+05 -1.299851280113102985e+05 9.732825147591768473e+04 3.727196836338646244e+04 4.742656477264731802e+04 -5.755344374047285237e+04 3.102800071329980346e+04 5.759761390532705263e+03 -6.734097519533554077e+03 5.506570927648597717e+04 1.028961382553518488e+05 1.592981698263395992e+04 -3.033860208721362505e+04 1.767618206060411467e+04 1.693316663456588867e+04 -5.464999761087686238e+03 2.469170025703823194e+04 -2.079674457271609208e+04 2.255364665930999763e+04 -5.715267830229214269e+03 2.025114939512325873e+04 -7.276640067138390441e+04 -3.537155526306758111e+04 -1.810184961102908710e+04 -3.642818219540800055e+04 -2.180898564356906718e+04 -4.264347033451570314e+04 -1.297152557108298970e+04 -2.746101282902803359e+04 7.976929510641484375e+11 3.297379545926637695e+12 1.459535769737070557e+12 4.210747572590172119e+11 4.964780106006553711e+12 1.402925118778488281e+12 4.902662688169195557e+11 9.310442764694888916e+11 3.374731876901522217e+11 1.508934053574757385e+11 1.216829041439878418e+12 1.053961821585381927e+11 8.445654484979661865e+11 2.720450185084670410e+11 3.445853737191917419e+10 5.819631526559874268e+11 3.125642028313013916e+11 7.150141518119754028e+10 1.664629907868388367e+10 6.763244917670294762e+09 3.949003948373626099e+11 1.426711291496311035e+11 -3.909973418099594879e+10 7.957098135711788330e+11 1.894271230218907166e+11 4.053259653267373657e+10 9.011891750429553986e+09 6.017807379330771484e+11 2.016387847360223083e+11 -2.604709015055411911e+10 7.756952891079673767e+08 -4.295780562746971893e+10
4.002370036047307076e+05 6.074223741058845771e+05 9.062983447786377510e+05 1.804218077661403455e+06 8.106752238400827162e+06 8.595707554425452836e+05 -1.231208609389206977e+05 -8.141179348109959392e+04 2.229333172802616609e+05 2.935341504523372860e+05 -3.077084245902583280e+04 3.003957426349044908e+04 2.429257010760765843e+04 1.201412610783880700e+04 9.524891999205391039e+04 4.992502361188588839e+04 -4.105394288203635369e+04 3.583357705093448021e+04 6.799219057051078380e+03 -8.679163821334841487e+03 2.210124033748462534e+04 4.977057041591499728e+04 5.306402923317422392e+03 3.771678689626541745e+04 1.828893952849590278e+04 4.022718745269681676e+04 4.159343726476408483e+04 6.715699553185937111e+04 2.142732572469496881e+04 -3.927330265594152024e+03 -1.767696861957626027e+02 3.965002330451941816e+04 4.224231431091631384e+04 6.250590409222330345e+04 3.294707167892433063e+04 2.471287476938945474e+04 1.256200610660770508e+04 -2.041466875982049032e+03 2.623832174857534119e+04 3.160039078673924450e+04 6.682222484845984582e+03 2.256000082902660142e+04 4.423627320358387806e+03 -8.644200383884091934e+03 1.219659230942829163e+04 -8.720315951074239502e+11 1.018865377554330566e+12 5.443794584594846802e+11 9.470611918552631836e+11 3.063764679080674316e+12 4.234788938604851074e+11 5.672490594656948242e+11 6.922359594198336792e+10 2.943326541927375488e+11 -5.125631594461847687e+10 -1.507338426782985352e+12 2.121878499879228821e+11 7.455578556061938477e+10 3.169489472206061401e+11 5.023958361267976379e+10 -7.062203857420468140e+10 3.126676038508923340e+11 8.793782575882696152e+09 -5.620988493497344208e+10 2.702532008460321045e+11 3.430931368268064575e+11 2.115830797640106201e+11 -4.780851382745222473e+10 1.565122630978095398e+11 2.591406025665605469e+11 1.098854256857494164e+10 -1.767933496651475906e+10 1.205950230714586182e+11 2.898574093867589111e+11 -4.426989220371386528e+09 -2.533923351567884827e+10 -4.056832701483938599e+10
-1.008050022247552639e+06 8.116963510863237316e+05 7.473331218212670647e+05 1.878055002698675671e+05 8.595707554425452836e+05 5.178690809480324388e+06 6.352651804010022897e+05 -1.750261850622472775e+04 -8.466689200403162977e+04 1.707137038260410191e+05 1.171207366227494495e+05 7.204938820220736670e+04 4.230089337087272725e+04 5.448844090719074302e+04 1.500211924700461168e+04 -4.444202354590978211e+04 -9.690508683729509357e+03 -4.579776552485094726e+03 4.800891494324280939e+04 -3.261427374208866968e+04 9.272636911838657397e+04 5.029141828964158049e+04 3.299119358268175688e+02 3.941369927786427434e+04 3.066468863293107279e+04 3.159466171532862791e+04 6.063494798943900969e+04 1.334334942944018849e+03 3.239938521977241180e+04 8.024598793618015770e+04 2.058443794586395234e+04 -4.092549708659489625e+03 3.198604147716871012e+04 4.632106008891027886e+04 4.385989831234492158e+04 5.068568920766776137e+04 3.578299743162963568e+04 2.001821928516286789e+04 2.482892390050575341e+04 1.378905964543279333e+04 3.536409646094765048e+04 4.027106041977711720e+04 2.830252797996633308e+04 3.286480375554848433e+04 2.061192407427843864e+04 -1.547126630668649902e+11 6.325247519367609863e+11 8.241581278952792969e+11 5.754322456382049561e+11 2.573252737139648926e+12 5.114143686351952515e+11 5.158450618047937012e+11 1.426909632752170105e+11 2.361123268274796448e+11 1.964364350085483170e+10 -3.501677127269805908e+11 6.355287954057131348e+11 1.504086055988585510e+11 2.713804751655570679e+11 3.779991971831728363e+10 1.207714283014326172e+11 2.451685124025597839e+11 6.360025286490640259e+10 6.407283213777998352e+10 5.582930045195175781e+11 2.750834888887056274e+11 3.689315473700541992e+11 5.573499063839699554e+10 2.674328866465591812e+10 2.300145517058199463e+11 1.256777540054580498e+10 3.442094390359865570e+10 1.216979341584466705e+11 2.330209354350530396e+11 -1.695358353014301872e+10 -2.385691753614136219e+09 -3.390700903958129501e+10
-3.755545479563221452e+05 4.914706941772483406e+05 6.037070552656976506e+05 4.026370357458449871e+04 -1.231208609389206977e+05 6.352651804010022897e+05 3.583755975219458342e+06 5.789318081181026064e+05 1.660531993361074128e+05 3.828540203079734783e+04 -4.860165200326731429e+04 1.979427810405606579e+04 -4.776645402085941168e+04 4.830264239701595943e+04 -1.383287466638136948e+03 -4.807317089710091386e+04 -1.107593339337172438e+04 -1.890351597375965503e+04 2.423840683720817833e+04 -7.059129558575722513e+03 1.379533033583528777e+04 -5.320191672899286641e+04 2.178002493900327681e+04 -8.392073103518629296e+02 4.660366440531804983e+04 1.598563881886770105e+04 4.924897890313604876e+04 2.008117334817404117e+04 -1.098559215072658480e+04 3.945483720114751236e+02 4.691738852568313632e+03 2.653273534067058426e+04 3.995566780575183657e+03 -1.678077436954391669e+04 1.959417891631443581e+03 6.911823831536304169e+03 1.220582541473175115e+04 6.665375047905690735e+03 -1.240140556620464622e+03 5.350645300113488702e+03 -1.142553861147242060e+03 1.059352474331708800e+04 -9.852830003738231426e+02 6.950036667759229204e+03 3.502838387687833347e+03 1.156977800180937805e+11 7.483900043598300781e+11 1.635335846524971924e+11 2.307372097053122253e+11 3.188979219258962891e+12 2.296774630368951416e+11 2.574984590652056885e+11 1.928831989435598450e+11 3.073114322356947632e+11 3.021379214215280151e+11 -3.728155755724983978e+10 4.870204783583613281e+11 5.960085520525000000e+10 1.763637868111826782e+11 1.725625948456005249e+11 1.249717304504989624e+11 4.919748708250315094e+10 6.252336463167786407e+10 2.118909638456329727e+10 1.453442223012721924e+12 6.442359136206112061e+11 2.418218592836496582e+11 1.020893886561039734e+11 4.712006492946665192e+10 1.094952665664205780e+11 5.905149586146063232e+10 -2.835913293939278412e+10 1.126753064114013367e+11 1.336835814564576111e+11 8.774018235562263489e+10 -1.060956363124978447e+10 1.147405851429905128e+10
-9.402517843178589828e+05 -3.254348551797434920e+05 3.119634065487376647e+05 4.138775292571490718e+04 -8.141179348109959392e+04 -1.750261850622472775e+04 5.789318081181026064e+05 2.409525651181125548e+06 4.345911621205108822e+05 2.864035638840464162e+04 3.819543727384978411e+04 1.772142655053564522e+04 1.366892367385930447e+04 7.370336066020111321e+04 1.519774539748219104e+04 7.225045872867370235e+03 -2.726732529831456304e+03 4.108254241292709776e+04 3.299806151669075916e+04 4.605168473683411139e+04 4.068935518081818736e+04 -2.237921919877851542e+04 1.974269835563138986e+04 4.173175409635227879e+03 1.443018536578545900e+04 1.988896527654852980e+04 7.891454398897312785e+03 2.145783298826525061e+04 2.155795933836069526e+04 1.158176548438854479e+04 5.835537348631949499e+03 4.252451099702913780e+04 7.166390178261410256e+03 1.078906665601647364e+04 1.804079712068891604e+04 1.038902575031635388e+04 3.515694100675258960e+04 2.387466796787191925e+04 6.006807106785743599e+03 9.806899320992639332e+03 9.060126191801551613e+03 1.165784769623029752e+04 2.249844569880238487e+04 -3.820372886269138689e+03 1.416916361102123847e+04 -7.052343982271881104e+10 -1.628025203899853210e+11 -6.876010033000730896e+10 -4.084211211829366302e+10 7.986931774526424561e+11 1.561498889638695679e+11 2.163400146316447144e+11 2.663598057084871826e+11 2.546680533299868469e+11 3.685925873477444458e+11 2.499534749391641617e+09 7.409753104459571838e+10 1.297555185615773621e+11 1.120686714556133423e+11 2.263009322991878662e+11 -1.011206276647585487e+10 1.012579022309875298e+10 9.645406547612956238e+10 5.679703928711979675e+10 4.348745539781038208e+11 -2.782369049336207886e+11 1.005638109460612030e+11 2.170566549399647522e+11 7.326595583533780098e+09 4.226644095372275543e+10 1.052875395511779633e+11 -9.842917481658510208e+09 7.899709459988697815e+10 1.540710814277242851e+10 1.057992495756937866e+11 -2.268822450491831207e+10 -1.188310057287489128e+10
-1.505353265570114134e+06 -3.061629714112072252e+05 2.089431580217673327e+05 2.515689920259080827e+05 2.229333172802616609e+05 -8.466689200403162977e+04 1.660531993361074128e+05 4.345911621205108822e+05 1.726922115868465975e+06 2.585503015399993747e+05 8.805309187977161491e+04 4.488231941165556054e+04 5.359707371593676362e+04 9.751890770716154293e+03 8.012934554799257603e+04 5.424554096831363131e+04 2.374849483734649039e+04 4.668943658585146477e+04 4.852501825010581524e+04 4.382320220409947797e+04 6.805810280627393513e+04 3.595556774719800160e+04 4.059258865727311058e+04 3.289947663590005686e+04 2.687769615776252249e+04 5.150998169611015328e+04 4.965651661627164867e+04 5.975608918070205254e+04 4.429804201435530558e+04 2.852566223678769165e+04 1.231362720054172678e+04 3.792814882240942825e+04 3.365614460271539429e+04 2.245321961413891404e+04 3.112678324413978044e+04 2.372338835444514916e+04 3.813980802060970746e+04 2.751062809059522624e+04 2.789583733336485238e+04 3.253487070984290403e+04 4.610571527262430754e+04 3.182180581723044452e+04 2.133571475694340552e+04 3.072841616670045551e+04 2.219799883287968623e+04 2.870423603560153809e+11 2.641582888631285706e+11 1.018460050485007477e+11 3.413071120932409286e+10 1.309702580147110748e+11 7.705472416476063538e+10 4.975911395574504089e+10 2.008160896540966492e+11 2.393247872570618591e+11 2.947166672180000610e+11 1.629823177427355957e+11 4.841139231200966644e+10 1.548543892459455261e+11 1.083424369628330994e+11 1.620770769249015198e+11 4.326762633666178894e+10 5.586378211238965034e+09 8.592122062948725891e+10 4.872159505900149536e+10 3.446669936590010376e+11 -1.490127296396729126e+11 1.849882983676932373e+11 1.699935572333920898e+11 1.472450970965644264e+10 9.950660706615854502e+08 9.344706494965547180e+10 7.559814177507130623e+09 -1.483245079142545319e+10 -3.664446633325713158e+09 9.858084465642208862e+10 9.296471751051675797e+09 3.384254467280115128e+10
1.432414083789561992e+05 2.922645255683706491e+05 1.481625168222007924e+05 4.818608891600361676e+04 2.935341504523372860e+05 1.707137038260410191e+05 3.828540203079734783e+04 2.864035638840464162e+04 2.585503015399993747e+05 1.313735576861338923e+06 2.676477371437117108e+05 5.062621254672776558e+04 7.995502851281536277e+04 -1.559544639858040318e+04 4.063914526866994129e+04 4.700504836454209726e+04 8.516958518554871262e+03 1.212557402801995522e+04 3.142642350739546237e+04 2.939772640305633831e+04 5.485432014894331951e+04 3.213176079068209947e+04 2.083696757621763754e+04 8.808460313349953140e+03 1.301951938318603243e+04 3.707588753957083827e+04 2.775884143415492508e+04 8.500131093317615523e+03 5.286357048001839576e+04 3.506596488069492625e+04 2.055339448573273330e+04 3.065878554326571611e+04 3.222357601704358240e+04 1.590929015507250369e+04 1.659943123560676031e+04 1.292737376218473401e+04 2.861538729054552823e+04 1.816945506213475164e+04 3.256382079092580534e+04 1.939444679135423576e+04 2.332579165681946688e+04 2.308734451699362398e+04 2.039850658399862732e+04 2.120968360816397035e+04 3.378772049670407432e+04 1.078408219389472534e+12 5.986443294700634766e+11 1.671503044222279053e+11 -1.586569897888675537e+11 7.668494654519104004e+11 1.216198865932137604e+11 8.374465333560180664e+10 5.073891401983444214e+10 9.784080718054904175e+10 1.656116130082740173e+11 2.600821121943878479e+11 8.726646673817111206e+10 2.010265027423293152e+11 8.902558067663476562e+10 1.218141043536918488e+11 1.083471592763930359e+11 4.532586576011096191e+10 9.886585583443273926e+10 1.175911876679651337e+11 2.929234979851439667e+10 7.595676736719959717e+11 8.200637824362597656e+10 6.726666400898573303e+10 3.854927640134930420e+10 3.801377758667764282e+10 6.674657202950752258e+10 6.214462669732624817e+10 2.689742298261972666e+08 1.005165260070697403e+10 4.317278419633911896e+10 4.131060233308221436e+10 2.421663752014451981e+09
2.959231936929991934e+05 6.975740109679319721e+04 -1.427080172757132095e+05 -4.543694196638225549e+04 -3.077084245902583280e+04 1.171207366227494495e+05 -4.860165200326731429e+04 3.819543727384978411e+04 8.805309187977161491e+04 2.676477371437117108e+05 1.069241529305055737e+06 1.665290269553476828e+05 4.322030777694625431e+04 3.336530076985370397e+04 6.536105723411033250e+04 6.315544060549013375e+04 5.992651256063497567e+04 7.976914819207390246e+04 5.441160675976148195e+04 3.322968266106255032e+04 6.261285581830181764e+04 5.058424423175555421e+04 5.746460645186141483e+04 5.025162743923612288e+04 1.566794656439519895e+04 4.214977740546944551e+04 2.702275708726487574e+04 4.141762877276508516e+04 2.109531312276815152e+04 2.953191032774656924e+04 3.215492953280980146e+04 3.657001293265618006e+04 4.409918590760010557e+04 3.706143565843246324e+04 1.965774403003039333e+04 2.734475812059923192e+04 3.238517984572095884e+04 3.111516788164019454e+04 3.100335483964799641e+04 1.930891626934674423e+04 3.487246989725015010e+04 3.324769832842058531e+04 4.323758633593220293e+04 2.647631077585000094e+04 3.456945612819758389e+04 5.235893865915121460e+10 2.126602466232956314e+10 -2.749676955908440018e+10 -4.185647089715452576e+10 -9.858625465066566162e+11 9.200037254154174805e+10 1.561252846546545792e+10 -4.979202511661248016e+10 3.680084098794509888e+09 3.108162219192825699e+10 -4.427809737916620483e+11 2.524528156646701431e+10 1.177689400148572540e+11 5.285117785251676941e+10 5.337058380611144257e+10 1.372085942521890564e+11 7.555501133708023071e+10 7.563404144903672791e+10 1.303615102411782532e+11 -2.319385773418122559e+11 7.458926376732702637e+11 2.328189239389535904e+10 1.349686272652463341e+10 2.878583268967834091e+10 6.182650454071607208e+10 5.908580070953394318e+10 7.752173515055599976e+10 6.600524348342113495e+09 -4.087167237536219597e+09 1.674520030980507469e+10 4.441027636661368561e+10 -1.202985970832670450e+09
-1.685041916013261653e+05 -1.363616472252599779e+05 1.277360315222590725e+05 6.616857168171921512e+04 3.003957426349044908e+04 7.204938820220736670e+04 1.979427810405606579e+04 1.772142655053564522e+04 4.488231941165556054e+04 5.062621254672776558e+04 1.665290269553476828e+05 8.105596764114699326e+05 1.255083009407988429e+05 2.968302968519997739e+04 4.584439777595637133e+04 6.251059548950445787e+03 5.295959393606433878e+04 3.573084341947367648e+04 3.767160111446870724e+04 4.501517682962295657e+04 5.294715525679524580e+04 5.637535983474548993e+04 5.104381798926964257e+04 3.782032655573884404e+04 4.779612828682123654e+04 4.992100112752157293e+04 3.269249441462128379e+04 4.165825183388307050e+04 2.904234864222046963e+04 5.035193830532302673e+04 3.702366756212009932e+04 4.203444190189029177e+04 4.930208740505779133e+04 4.226899387398419640e+04 4.468039710577924416e+04 5.333624896682999679e+04 6.267134595348157745e+04 4.301791223558787169e+04 4.409386680384119245e+04 3.861968823300374061e+04 4.086215680199547933e+04 4.090363352797536936e+04 3.749373026651571854e+04 2.724446545493276790e+04 2.940033072612815886e+04 2.511915450116038208e+11 -5.134001811628556061e+10 -1.468151140749368896e+11 -2.641041480867637157e+09 -1.250357479989204102e+12 -1.174052650816637802e+10 4.066683243472932434e+10 -4.070634387264952183e+09 4.247652914436663389e+08 3.994413054675521851e+10 -4.370947966397794189e+11 4.250902745523912811e+10 4.111435189927182770e+10 4.893765181321785736e+10 3.337908914838979340e+10 6.859038141795461273e+10 7.605990708702359009e+10 5.662300703728315735e+10 1.117739833946716309e+11 -1.512267974968927307e+11 1.659619213824610291e+11 -1.113151756431374550e+10 -3.306602377335269451e+09 6.064845596614996338e+10 3.488639791409192657e+10 3.486454205152901459e+10 6.023364890215850830e+10 -5.702811232787944078e+08 9.933320486985919952e+09 4.817027267079508781e+09 2.644169544824421310e+10 1.974162834526888132e+09
-3.192921379052062985e+05 -5.595726122544441023e+04 -8.879421248340450984e+04 -1.645790209130858711e+05 2.429257010760765843e+04 4.230089337087272725e+04 -4.776645402085941168e+04 1.366892367385930447e+04 5.359707371593676362e+04 7.995502851281536277e+04 4.322030777694625431e+04 1.255083009407988429e+05 7.343304832898519235e+05 1.434106435000546917e+05 4.931987320150244341e+04 1.980397798851042535e+04 5.624751210832079232e+04 7.048565193755696237e+04 4.273434701967799629e+04 5.268132256682883599e+04 2.739873343894120262e+04 2.251693864765199396e+04 7.048563452772041273e+03 2.810353717952228544e+04 1.989659125346428846e+04 3.211951365900567180e+04 2.707296543925144215e+04 2.872401474316118401e+04 3.713350265198786656e+04 2.495934073230011199e+04 3.343762756653607357e+04 2.188192392436229056e+04 3.183468199077452664e+04 3.064557147781503227e+04 2.862521076196429567e+04 2.004084415839820576e+04 3.004713608644716078e+04 1.971745488219336039e+04 3.472650246776499989e+04 3.557674453261527378e+04 4.866445735965915082e+04 1.862928761193926766e+04 2.643436711187753463e+04 2.986445663394764051e+04 3.028503883077294449e+04 2.181670159038392029e+11 8.174261226090211487e+10 6.256502430616035461e+10 -6.145525056931065559e+09 -9.826924966397418213e+11 2.713072727890664291e+10 -3.138476622994849014e+10 -2.905082954020763016e+10 -1.094662260445028305e+10 5.959465841661689758e+10 -8.379458960722459412e+10 -4.322000693566753387e+10 3.529612649706872559e+10 2.305031377594707489e+10 3.150443061611453247e+10 5.852272758639097595e+10 1.604202845973656464e+10 3.025770896891492844e+10 6.211183442351888275e+10 2.745824702744471436e+11 -2.130543887374962769e+11 4.481043762514491272e+10 -3.547791911765966892e+09 9.810081019563223267e+10 2.862237119508389664e+10 3.056371011181028748e+10 5.315179029091488647e+10 4.986805072490130615e+10 2.174154772642150879e+10 3.117388828146847153e+10 4.440599604812255859e+10 4.541122966018516541e+10
-5.542943575458721025e+05 -4.781242229026145069e+05 5.060577869556981750e+04 -3.068909214468858772e+04 1.201412610783880700e+04 5.448844090719074302e+04 4.830264239701595943e+04 7.370336066020111321e+04 9.751890770716154293e+03 -1.559544639858040318e+04 3.336530076985370397e+04 2.968302968519997739e+04 1.434106435000546917e+05 6.143716904521263205e+05 5.829678532694328169e+04 3.727269895816659846e+04 3.090115835488472658e+04 1.772577025458246499e+04 2.390631380497648206e+04 1.187518114127976514e+04 2.089981270483551634e+04 1.513738191419489522e+04 1.263658374411807745e+04 3.511160877115298354e+04 1.788111036793763924e+04 2.297875469061346303e+04 1.353670268790879345e+04 1.733186671496209601e+04 1.779323882946905724e+04 2.353843171458855068e+04 3.311978363279276527e+04 1.531499913971436399e+04 9.617701967638597125e+03 2.436817756847112105e+04 2.871652606632627430e+04 2.519090072597652397e+04 1.774612866305698117e+04 1.238188202591910704e+04 1.338926185315136718e+04 1.481068074329370756e+04 2.452875402937575200e+04 1.806317221878244163e+04 2.054549537165831498e+04 2.130103019759918243e+04 1.378102085570803501e+04 8.267045628534722900e+10 8.174293558294219971e+09 -3.907187681740254974e+10 2.292316926029251099e+10 -8.314477603649841309e+11 6.698175663957070923e+10 2.631436436266473770e+10 -5.441263990765443802e+09 1.698204338327179909e+10 7.600205431575468445e+10 -6.202549194375811768e+11 -4.118724702449222565e+10 9.452338690644677877e+08 -3.022319082886912823e+09 6.936018943692184448e+09 -2.542072100173856354e+10 1.646264049840769386e+10 9.173385131110177994e+09 1.239204416775077820e+10 -1.183879387189652100e+11 -2.157278662281553040e+11 6.245140876164498901e+10 2.924759558605315399e+10 5.253833595589543915e+10 3.072960722548355103e+10 3.163873058114578247e+10 3.942405295636446381e+10 3.496198181243684387e+10 5.415932438735993195e+10 4.285272742581757355e+10 3.978580812184565735e+10 6.265806343888729095e+10
2.308981986116746848e+05 -1.155824128214949451e+05 7.447453984902478987e+04 4.665557065100641194e+04 9.524891999205391039e+04 1.500211924700461168e+04 -1.383287466638136948e+03 1.519774539748219104e+04 8.012934554799257603e+04 4.063914526866994129e+04 6.536105723411033250e+04 4.584439777595637133e+04 4.931987320150244341e+04 5.829678532694328169e+04 4.973942991365562193e+05 9.210853651075650123e+04 4.364915544801332726e+04 1.278767031098823099e+04 3.081075435279688827e+04 4.318612516841290926e+04 4.007763892341058818e+04 1.769758337792590100e+04 2.782115725083200959e+04 3.034050217405687363e+04 3.485661263305811008e+04 2.899356712946589323e+04 2.812179089632955584e+04 4.138066276430618018e+04 3.214981420506064751e+04 3.062304211464356922e+04 2.810458203029531069e+04 2.503132836131114163e+04 2.789392391948870500e+04 1.484324198776400772e+04 1.765112758430659596e+04 1.135848367913262337e+04 3.398981012781702884e+04 3.370348250520369038e+04 3.003801827001929269e+04 2.307861835116684233e+04 2.535106272776988408e+04 2.880976798249041894e+04 3.437275885949493386e+04 2.609977077676829504e+04 2.059608178289929128e+04 2.955541733409227905e+11 1.077632638345141983e+10 5.424110009791265106e+10 3.361132510750290680e+10 -1.203029938374076538e+11 5.769851611500734711e+10 -5.838829309712959290e+09 3.641888198408517456e+10 -4.301362803481370926e+09 2.053537460338659668e+10 -3.886053086619880981e+11 9.372169773855841160e+08 3.501279903652029991e+09 9.052551191137817383e+09 7.911452115510925293e+09 3.032678759101427460e+10 3.733975494622557068e+10 1.153574444844355583e+10 4.253343997359353542e+09 -2.774030284298944092e+11 1.271254152538842010e+11 4.589822624235510254e+10 2.727367353771741486e+10 2.629776381030147934e+10 1.797347784131661224e+10 3.199006232479219437e+10 1.796759553589961243e+10 7.016291611118316650e+10 4.362864417094982147e+10 4.720591510427197266e+10 4.809219569698013306e+10 5.505302628218362427e+10
-1.757379444429564755e+05 9.930639276677789167e+04 8.543639288787494297e+04 3.096535486669044258e+04 4.992502361188588839e+04 -4.444202354590978211e+04 -4.807317089710091386e+04 7.225045872867370235e+03 5.424554096831363131e+04 4.700504836454209726e+04 6.315544060549013375e+04 6.251059548950445787e+03 1.980397798851042535e+04 3.727269895816659846e+04 9.210853651075650123e+04 4.223056460085861618e+05 1.055741421789798187e+05 2.416075437437119399e+04 2.138292207116503778e+04 4.721769339476860478e+04 3.387639786283286958e+04 3.932027980990555807e+04 2.725043622637328372e+04 4.569160387791747780e+04 3.068376581832211014e+04 2.240682813557942791e+04 3.383779645271852496e+04 3.153022098442931383e+04 3.919542312010735623e+04 3.300283372684250207e+04 3.407340055545272480e+04 3.083786136613756025e+04 4.362794635428598122e+04 2.903265437831319286e+04 1.928860581345621540e+04 2.613006006035973769e+04 3.047821482569666841e+04 3.706490145664133161e+04 2.684330113504800829e+04 2.380936090377645814e+04 3.135360655811298420e+04 3.506848096334243746e+04 3.437536279815463058e+04 3.173180192941400674e+04 2.836194472567174307e+04 1.974170353981243591e+11 6.987390458495336914e+10 -1.750838193989487457e+10 -2.654463046364529419e+10 -1.242789585558855629e+10 -5.908845957797197342e+09 3.359219291600568008e+10 -2.451561443094380951e+10 -1.738733705389952469e+10 -2.564648094958808899e+10 -2.008829463841006470e+10 -2.193131286237008572e+09 1.034813145628632545e+10 7.527259670156687737e+09 -7.686481219728270531e+09 -1.381019318484005165e+10 -1.281269782738318825e+10 1.487301663557238817e+09 -3.535831251044124126e+09 2.292572496541299438e+11 6.718458108366616249e+09 1.328908538284570122e+10 7.220102020696061134e+09 1.327570987027182579e+10 2.208802558104704380e+09 1.208915128601951218e+10 5.256025203223800659e+09 2.573990044613078690e+10 1.189910826187049389e+09 6.830003189862183571e+09 2.048478718130525970e+10 8.491768052240948677e+09
-4.648471528848243761e+05 -6.359584556504042848e+04 6.172524252994832932e+04 -1.013013631420913880e+05 -4.105394288203635369e+04 -9.690508683729509357e+03 -1.107593339337172438e+04 -2.726732529831456304e+03 2.374849483734649039e+04 8.516958518554871262e+03 5.992651256063497567e+04 5.295959393606433878e+04 5.624751210832079232e+04 3.090115835488472658e+04 4.364915544801332726e+04 1.055741421789798187e+05 3.662120252706793253e+05 8.997806030672149791e+04 3.676492263451378676e+04 4.516415261777614796e+04 3.541707039139694098e+04 3.130197910445021625e+04 3.814462657623840641e+04 3.882365653793929960e+04 3.968112121285653120e+04 3.588972995915837964e+04 4.774717276165356452e+04 2.453531754880460358e+04 2.850526209342306902e+04 2.673468261303693362e+04 3.687668851132107375e+04 2.851917380195289297e+04 3.558335140695719019e+04 3.681722570800506219e+04 3.148125892015092541e+04 2.965044683868286666e+04 3.031780424427418257e+04 3.446481489577163302e+04 3.985761695391985995e+04 3.309254335107019142e+04 2.819302472633308207e+04 2.722481379543637013e+04 3.024996582048035634e+04 3.274637761019762911e+04 2.746233807434432674e+04 3.057301843958344116e+11 -8.616508375531790161e+10 -1.070851636816216583e+11 -9.290786006756756306e+08 1.118478370094561310e+11 -8.482397085294728088e+10 1.094717804722883415e+10 -4.090589476173681641e+10 -6.010658995954520416e+10 -1.665260407512557220e+10 6.385272738777818298e+10 -2.108751447536286545e+10 -1.873006922702324677e+10 -2.800685645678450775e+10 -9.251991635716156006e+09 1.281960104078660774e+10 -5.113457448360530853e+09 1.751200286803980827e+09 -1.315336719510580778e+09 -7.421753554484581947e+09 -4.272424184794091034e+10 -4.638092574062500000e+08 -1.908326737782942581e+10 1.479265048392421722e+10 -4.267128980263980865e+09 -1.373868975855261087e+09 1.231339458191944695e+10 9.508561525247796774e+08 -1.695912820050219727e+10 4.530403694206431389e+09 6.088309419712464333e+09 1.393895242652745008e+09
-3.833882978630411526e+04 2.669977931667138473e+05 -9.416299794129912334e+04 -1.299851280113102985e+05 3.583357705093448021e+04 -4.579776552485094726e+03 -1.890351597375965503e+04 4.108254241292709776e+04 4.668943658585146477e+04 1.212557402801995522e+04 7.976914819207390246e+04 3.573084341947367648e+04 7.048565193755696237e+04 1.772577025458246499e+04 1.278767031098823099e+04 2.416075437437119399e+04 8.997806030672149791e+04 3.159038038133289083e+05 6.260511553736793576e+04 5.171722452720127330e+04 4.018168428088073415e+04 2.883154402986458081e+04 3.712004130785790767e+04 4.602985834441326006e+04 3.810484333772835816e+04 3.582022947806693264e+04 3.174372903620245779e+04 3.335731547227818373e+04 3.786884368431248004e+04 3.645762374874117813e+04 3.170179420722700161e+04 3.965925263312018069e+04 2.847711625196998284e+04 3.554428365282591403e+04 3.033167594103453666e+04 3.133021593239601862e+04 3.017935521463113764e+04 3.410862221412867802e+04 3.221537303291084390e+04 3.658501238848516368e+04 3.508739891885904945e+04 2.940884104919935271e+04 3.516075741649694100e+04 3.647966491770151333e+04 2.909806515816928368e+04 1.500768383122946777e+11 -8.395428878205783367e+08 -3.919727852548953247e+10 -8.220544452720249939e+10 -2.983583700726668091e+11 -3.986813751278730774e+10 -4.760700794494635773e+10 2.003849938390713501e+10 -1.072207900858845329e+10 -1.077086431585117531e+10 -1.591320357935435474e+08 9.445430408881850243e+08 -1.353284692895864105e+10 3.527568406594221592e+09 -1.732027731785519838e+09 -2.181805237221921921e+10 7.831645927119601250e+09 5.163314321592246056e+09 -4.264253338570672035e+09 -8.251318201085281372e+10 7.170575052767585754e+10 -8.289983202323104143e+08 -1.586033113434200287e+10 -1.042772520127913857e+10 -7.311609861806886673e+09 2.655714153586975098e+09 4.687909465534619331e+09 -2.544561809899599552e+09 -1.002911977306947327e+10 3.484589132564830303e+09 -4.084708980118741035e+09 -5.094607310938129425e+09
-6.207159829619218362e+04 6.640666936316664214e+04 1.758612878418231849e+05 9.732825147591768473e+04 6.799219057051078380e+03 4.800891494324280939e+04 2.423840683720817833e+04 3.299806151669075916e+04 4.852501825010581524e+04 3.142642350739546237e+04 5.441160675976148195e+04 3.767160111446870724e+04 4.273434701967799629e+04 2.390631380497648206e+04 3.081075435279688827e+04 2.138292207116503778e+04 3.676492263451378676e+04 6.260511553736793576e+04 2.859503339368663146e+05 7.596566193359901081e+04 3.967717885556491819e+04 3.752596025216732960e+04 4.287351852658676944e+04 3.656497485813058302e+04 3.198899556412052334e+04 3.943063772481222259e+04 2.574468907159515220e+04 2.877088466363665793e+04 2.622163241577673762e+04 2.326818951947662572e+04 3.152763310058337447e+04 3.309276470204639918e+04 2.943664923356107465e+04 3.243233668307749394e+04 3.438464126464758738e+04 2.643919331407029676e+04 2.888806990808802220e+04 3.346310099560033268e+04 3.481234991842550517e+04 3.507508854386148596e+04 3.057262196191858311e+04 2.034687458242092180e+04 2.469181773726894608e+04 2.987110938655360951e+04 2.652691052056493572e+04 4.479333016429376831e+11 1.047574445473122864e+11 -7.627890258163932800e+10 -1.448638095741077042e+10 -3.862263197695948486e+11 -2.049566449874232864e+10 -2.442954406900416565e+10 -3.722342404622130871e+09 -1.413140243977292776e+08 1.880412922982556152e+10 6.321135352992129517e+10 1.330403633563141823e+10 2.828954458909949493e+10 1.002337217032279205e+10 -8.364858537647987366e+09 -1.805751372267251587e+10 6.750668037119915962e+09 -1.704073183431614399e+09 1.222294816880037308e+10 1.628417422219164124e+11 9.525810390783137512e+10 4.526079098218630791e+09 -8.370071320255917549e+09 1.280618963895186996e+10 -4.470896459842422485e+09 6.786712127454847097e+07 3.093607897701324463e+09 9.815026879990650177e+09 -8.360526652675954819e+09 -2.966768653300364971e+09 5.374587871111594200e+09 6.817502960244659185e+08
-4.175802966096732998e+05 -2.012874900501902448e+05 2.656865335406035592e+04 3.727196836338646244e+04 -8.679163821334841487e+03 -3.261427374208866968e+04 -7.059129558575722513e+03 4.605168473683411139e+04 4.382320220409947797e+04 2.939772640305633831e+04 3.322968266106255032e+04 4.501517682962295657e+04 5.268132256682883599e+04 1.187518114127976514e+04 4.318612516841290926e+04 4.721769339476860478e+04 4.516415261777614796e+04 5.171722452720127330e+04 7.596566193359901081e+04 2.672090652428130852e+05 7.075990261693281354e+04 3.407862386443895957e+04 4.709137035780244332e+04 4.536633762947859941e+04 3.435193745410069823e+04 3.844252850498447515e+04 2.728388894102604900e+04 3.590998670156356820e+04 4.436676525699166086e+04 3.219702840734124038e+04 3.761636020107161312e+04 3.812944235546123673e+04 2.770480453958518410e+04 2.933347985166997023e+04 3.212082670942433469e+04 3.034934789391411687e+04 3.727169038736551738e+04 3.268512979343686675e+04 3.583418817246017716e+04 3.320807718303349975e+04 3.261495515475344655e+04 3.228245606535008119e+04 3.494702971117538254e+04 3.374058692256359063e+04 3.326994445404690487e+04 3.704632009908310699e+10 -1.840476730634364319e+10 -4.172361988618681335e+10 -3.765303760180430603e+10 -6.614342121653836670e+11 -8.216739577509550095e+09 -1.857842831186051559e+10 -4.698763226372714043e+09 -1.077446134622171974e+10 2.522619754903029251e+10 7.024536971286834717e+10 -5.626336226684649467e+09 1.875503676278059244e+09 -6.755309505945606232e+09 -6.109617110824525356e+08 -2.255566517363639450e+10 5.885630456878554344e+09 -8.136959813218096495e+08 -9.368615403409310579e+08 1.676309764471024475e+11 -5.219860490796109772e+10 1.927397237426115036e+09 -2.012135814343175888e+10 7.538109304483579636e+09 5.881159005472223759e+08 -1.433545324767126322e+09 3.939895759918895245e+09 -2.362814339590741348e+10 -6.429053159536098480e+09 -4.632152071325365067e+09 -1.748311520107232928e+08 5.330092159291303158e+08
-2.457611874515324598e+05 9.454241625958120858e+04 9.496614005652700143e+04 4.742656477264731802e+04 2.210124033748462534e+04 9.272636911838657397e+04 1.379533033583528777e+04 4.068935518081818736e+04 6.805810280627393513e+04 5.485432014894331951e+04 6.261285581830181764e+04 5.294715525679524580e+04 2.739873343894120262e+04 2.089981270483551634e+04 4.007763892341058818e+04 3.387639786283286958e+04 3.541707039139694098e+04 4.018168428088073415e+04 3.967717885556491819e+04 7.075990261693281354e+04 2.360042499757442856e+05 6.338521402691098774e+04 4.090151356854982441e+04 4.440751783579821495e+04 3.992867455938958301e+04 5.061714515695137379e+04 3.806586992207056755e+04 3.456486175003487733e+04 4.279901437591282593e+04 4.075827608555656479e+04 3.022234311322693975e+04 3.637021840830851579e+04 3.814097082877964567e+04 3.605659198959158675e+04 3.680008200669180951e+04 3.342260696315180394e+04 3.968109781087787997e+04 3.493330507404951641e+04 3.808426288760502212e+04 3.522319284945430991e+04 3.564815589040120540e+04 3.545445005100077105e+04 3.277544161148389685e+04 3.251420727938280834e+04 3.429467048387800605e+04 1.988810799863648682e+11 -7.327941606338020325e+10 2.593284233331691027e+08 -4.694857472944416046e+10 -3.593503686284793701e+11 -3.447041704889390564e+10 1.944965902477594757e+10 1.010902853955305934e+09 1.538463095165129089e+10 2.610615797779347229e+10 -1.786770374325461426e+11 1.177238495852296257e+10 2.509751185816991425e+10 8.982476227697052002e+09 8.651611106293348312e+09 8.442992101255322456e+09 1.062293805812405586e+10 1.043449649767339134e+10 1.052772931586711121e+10 1.063516747334570503e+10 -1.920644147691246033e+10 1.053150580834359741e+10 -1.152502672407067871e+10 -9.273628219369670868e+09 -2.218885280804861546e+09 6.021558450411443710e+08 6.581059830623377562e+08 1.115396873345343208e+10 -5.242124662725096703e+09 2.322029571598495960e+09 -2.821454895790140152e+09 -5.299395833875275612e+09
-5.772745144377819961e+05 -1.089153961439399573e+05 -6.809830565951715107e+04 -5.755344374047285237e+04 4.977057041591499728e+04 5.029141828964158049e+04 -5.320191672899286641e+04 -2.237921919877851542e+04 3.595556774719800160e+04 3.213176079068209947e+04 5.058424423175555421e+04 5.637535983474548993e+04 2.251693864765199396e+04 1.513738191419489522e+04 1.769758337792590100e+04 3.932027980990555807e+04 3.130197910445021625e+04 2.883154402986458081e+04 3.752596025216732960e+04 3.407862386443895957e+04 6.338521402691098774e+04 2.059707727484099742e+05 5.883038295278914302e+04 4.083743662604303972e+04 2.689754488884233433e+04 3.118814996078353943e+04 3.086831317589091850e+04 2.810727217516936798e+04 3.918641520892125845e+04 3.786711724664600479e+04 2.165374071660704431e+04 2.911422224794221620e+04 3.381902780972140317e+04 3.371448204543978500e+04 2.997831543099758346e+04 2.934851540387952627e+04 3.481471508736946998e+04 3.257831886131504871e+04 3.370598969040512020e+04 3.168592825263752457e+04 3.106703831111843101e+04 3.356568387788441760e+04 3.128198037170522730e+04 2.931090212371963571e+04 3.070726206792659286e+04 1.840614935166418839e+10 -1.067669609338334045e+11 -1.733584960372910309e+10 -4.686649718591062546e+09 3.282199414145432739e+11 -1.188675197688251877e+10 6.837144440841494560e+09 -3.270339946926056671e+10 4.238365764349666119e+09 -3.001963938442441940e+10 -1.974441976875084229e+11 -1.143003403235928917e+10 1.829015597254197693e+10 3.016273888977321148e+09 2.018979728762379646e+09 -1.690798160824124527e+10 -1.240330938167954636e+10 -6.969325827993324280e+09 -1.001973798735433197e+10 7.758789798744961548e+10 1.279923198901976967e+10 -9.663091774081018448e+09 -1.530636308633159637e+10 -5.134844137651204109e+09 -3.183804956846534729e+09 -6.803791693466845512e+09 -6.086272825227283478e+09 1.706946483059421301e+09 -5.988554750294746399e+09 -1.336512735058170319e+09 -2.727107203570009232e+09 -1.803945187723485565e+10
-6.049867904462297447e+05 -1.207851260006424418e+05 5.347464635401829582e+03 3.102800071329980346e+04 5.306402923317422392e+03 3.299119358268175688e+02 2.178002493900327681e+04 1.974269835563138986e+04 4.059258865727311058e+04 2.083696757621763754e+04 5.746460645186141483e+04 5.104381798926964257e+04 7.048563452772041273e+03 1.263658374411807745e+04 2.782115725083200959e+04 2.725043622637328372e+04 3.814462657623840641e+04 3.712004130785790767e+04 4.287351852658676944e+04 4.709137035780244332e+04 4.090151356854982441e+04 5.883038295278914302e+04 1.938422633690549992e+05 6.096795583825572248e+04 4.058789764514844137e+04 3.604435739928894327e+04 4.012132698564305610e+04 3.555844240267715213e+04 3.913508964496131375e+04 3.647485888058706769e+04 3.260651063233331661e+04 4.182237180240390444e+04 3.624629275601779227e+04 3.252644061948747185e+04 3.326301555168222694e+04 3.475276674936564086e+04 3.856611759625043487e+04 3.680192407722920325e+04 4.042807672906733205e+04 3.235651239195750168e+04 3.384926203123747837e+04 3.574057203972301068e+04 3.501260130773158744e+04 3.166111135233301684e+04 3.165231668862640072e+04 2.603276507625176392e+11 -5.962079699863754272e+09 -6.597740177773744965e+10 -5.291326635499015808e+10 2.814253600920396118e+11 8.497350513052891731e+09 -8.242524252384253502e+09 -8.448248685987657547e+09 -7.471984570285257339e+09 -2.776912391535189152e+09 -1.130942085663112793e+11 -1.746291598928689575e+10 -6.302471129809649467e+09 7.274810359526201248e+09 -7.548237325160429955e+09 3.857140512883804798e+09 1.394138308907762527e+10 -5.025926849134491920e+09 8.987728776304057837e+08 -5.529469431637123108e+10 -1.948811499950098419e+10 -1.011076130309855652e+10 -8.934086707749589920e+09 2.244797172344290733e+09 -3.757463486430980682e+09 -3.256610468787117958e+09 -3.064251287959311962e+09 1.056455839695190811e+10 -2.755428504769133568e+09 -5.203134075691255569e+09 -6.086727161934710503e+09 -1.177284692710950613e+09
-9.473542173604537675e+04 4.604492212513095001e+04 1.011053495509249478e+05 5.759761390532705263e+03 3.771678689626541745e+04 3.941369927786427434e+04 -8.392073103518629296e+02 4.173175409635227879e+03 3.289947663590005686e+04 8.808460313349953140e+03 5.025162743923612288e+04 3.782032655573884404e+04 2.810353717952228544e+04 3.511160877115298354e+04 3.034050217405687363e+04 4.569160387791747780e+04 3.882365653793929960e+04 4.602985834441326006e+04 3.656497485813058302e+04 4.536633762947859941e+04 4.440751783579821495e+04 4.083743662604303972e+04 6.096795583825572248e+04 1.791766420831095020e+05 5.839390334549929685e+04 3.556494706427863275e+04 3.396195909254322760e+04 2.890674182708734952e+04 3.554721644456810463e+04 3.595080994898023346e+04 3.473771948244680243e+04 3.319977142396302952e+04 3.447425512618038192e+04 3.072956961877747017e+04 3.638466688614249142e+04 3.093566023515702545e+04 2.956536086634975436e+04 3.381422424652826885e+04 3.038832009992903477e+04 3.403330901767147589e+04 3.602698926609715272e+04 3.563596420729909005e+04 3.257526349348078293e+04 3.314143650710525253e+04 3.471597756141591526e+04 2.846753533443192291e+10 -5.185777082875862122e+10 -6.113406353851764679e+10 -4.681596988582036591e+10 7.679856974576263428e+10 4.192365823003401947e+10 1.320776099812484360e+10 -1.808178501705962753e+10 9.044826080528816223e+09 -1.657178089026959038e+10 1.357954329846541786e+10 2.742544192965208435e+10 2.367658754992896271e+10 -2.896238115946896076e+09 -6.080857878686116219e+09 -1.726358966620729828e+10 1.112978159931533051e+10 -5.517570536481442451e+09 -2.756999866707002640e+09 -8.931789819654919434e+10 -1.029795473395634155e+11 9.482441607751560211e+09 -3.878195401896677971e+09 1.975421477834040833e+10 1.056791274884978104e+10 -4.684231566443280220e+09 -3.913733365201468945e+09 -1.351564999208554077e+10 7.888811170269694328e+09 5.300677278326910019e+09 -2.399869343415266514e+09 -1.224493875024747133e+09
-1.015069569507960550e+05 -5.814925086606656987e+04 1.606627595924156194e+05 -6.734097519533554077e+03 1.828893952849590278e+04 3.066468863293107279e+04 4.660366440531804983e+04 1.443018536578545900e+04 2.687769615776252249e+04 1.301951938318603243e+04 1.566794656439519895e+04 4.779612828682123654e+04 1.989659125346428846e+04 1.788111036793763924e+04 3.485661263305811008e+04 3.068376581832211014e+04 3.968112121285653120e+04 3.810484333772835816e+04 3.198899556412052334e+04 3.435193745410069823e+04 3.992867455938958301e+04 2.689754488884233433e+04 4.058789764514844137e+04 5.839390334549929685e+04 1.658157687232767348e+05 5.668010863226018409e+04 3.512146835046948399e+04 2.984420825132028767e+04 3.167107941030618167e+04 3.040219593778189301e+04 2.932545123192247411e+04 3.478712785065032949e+04 3.048977218564670693e+04 2.684012767963386068e+04 3.198734548067097785e+04 2.937979405316021803e+04 2.728401911370721427e+04 3.301708498993207468e+04 2.886021204047431092e+04 3.224188252819054469e+04 3.063075400800885836e+04 3.175453022907661216e+04 2.490515684614674683e+04 3.182431720694785326e+04 2.687244501514337753e+04 -1.556417227185967207e+09 -2.846006783601538849e+10 -3.372881876119004440e+10 9.049983096388736725e+09 -3.488063962463925171e+11 7.689254633678760529e+09 -5.556636253730814934e+09 -6.993531258934383392e+09 3.541605390616407394e+09 -5.498281792165071487e+09 -2.348646059901329346e+11 2.147678414361553574e+10 -9.452937419899711609e+09 -2.330249084456383228e+09 -2.416480198757618427e+09 -1.320428851120451355e+10 -1.361136953936608124e+10 -4.531319820059958458e+09 1.097753140746782875e+10 -1.915935060350051270e+11 -3.184738500795301056e+10 1.873359887924802780e+10 -3.764507726567447186e+09 1.741168576746017456e+09 1.202100245905251026e+09 -1.812565623336998224e+09 3.384037063545639992e+09 -1.049966292990510941e+10 -3.962693615441729546e+09 8.746557938952003717e+08 -2.128583855465606213e+09 1.025026082005565166e+08
-4.084289673504595412e+05 3.638241479334064934e+04 1.051188986821465078e+05 5.506570927648597717e+04 4.022718745269681676e+04 3.159466171532862791e+04 1.598563881886770105e+04 1.988896527654852980e+04 5.150998169611015328e+04 3.707588753957083827e+04 4.214977740546944551e+04 4.992100112752157293e+04 3.211951365900567180e+04 2.297875469061346303e+04 2.899356712946589323e+04 2.240682813557942791e+04 3.588972995915837964e+04 3.582022947806693264e+04 3.943063772481222259e+04 3.844252850498447515e+04 5.061714515695137379e+04 3.118814996078353943e+04 3.604435739928894327e+04 3.556494706427863275e+04 5.668010863226018409e+04 1.636071906717264210e+05 5.061094336369082885e+04 3.078491716892429395e+04 3.405269503991540114e+04 3.746581984094200743e+04 3.415301973534325225e+04 3.911620581616772688e+04 3.976690067770895257e+04 3.119949924974046371e+04 3.168178689310893242e+04 2.797565078138441095e+04 2.993341440992995922e+04 3.151295125913022639e+04 3.417463498274886661e+04 3.507710356578257779e+04 3.272330591186890160e+04 3.427965531364126946e+04 3.222566435968927544e+04 3.179567621547328235e+04 2.877699444150449926e+04 2.546314394661797485e+11 -6.467007944489072418e+10 -6.126225274698964119e+09 6.171128260158427429e+10 -2.085865211089335327e+11 -4.217878946450591087e+08 1.357793997155174732e+09 -2.182319171557521057e+10 1.024843206626159096e+10 1.833803452421725845e+10 -6.053705223630545044e+10 2.882367803107611465e+10 -3.525675582794158936e+09 -9.592008816378740072e+08 -1.254463359820755959e+10 1.611005667640143967e+10 1.045964437489859772e+10 4.999980168793559074e+08 1.415492111148609161e+10 -8.116840194454898071e+10 1.332339680563594208e+11 -3.190194659163773060e+09 -1.279713703138831711e+10 -2.067775556980632842e+08 -7.850323367424083948e+08 -1.275669270730859756e+09 6.929596295267369270e+09 -2.945281614346014023e+09 4.388164738181711197e+09 4.294935891519878387e+09 -2.962912852776227951e+09 4.766470074628870010e+09
-5.003700102152439067e+05 1.856290230869487277e+05 1.741799014596854977e+05 1.028961382553518488e+05 4.159343726476408483e+04 6.063494798943900969e+04 4.924897890313604876e+04 7.891454398897312785e+03 4.965651661627164867e+04 2.775884143415492508e+04 2.702275708726487574e+04 3.269249441462128379e+04 2.707296543925144215e+04 1.353670268790879345e+04 2.812179089632955584e+04 3.383779645271852496e+04 4.774717276165356452e+04 3.174372903620245779e+04 2.574468907159515220e+04 2.728388894102604900e+04 3.806586992207056755e+04 3.086831317589091850e+04 4.012132698564305610e+04 3.396195909254322760e+04 3.512146835046948399e+04 5.061094336369082885e+04 1.411322044167526474e+05 4.685809390675763279e+04 3.214285386015476979e+04 3.326604138187278295e+04 2.778480039545606269e+04 3.576623820347904257e+04 3.834806104198907269e+04 2.691882240302563514e+04 3.047832688297128334e+04 3.149572303836093124e+04 3.220240221818437203e+04 3.247951260561305389e+04 3.214438262548864441e+04 3.103147303510505299e+04 2.845138857473043026e+04 3.564914340977153188e+04 3.353361870878656919e+04 3.044826189788528063e+04 3.017299055622361266e+04 -1.671931416829565125e+11 1.698543528690460014e+10 -3.630857784559506226e+10 3.855803369335771942e+10 2.204015560376562500e+11 3.458299364405608368e+10 1.769953072649905396e+10 1.479629436383831024e+09 1.645157098938821793e+10 -3.858629469345899582e+09 -1.431639456748701477e+11 4.890005786225530624e+09 2.734864204177648067e+09 2.458894232885536671e+09 -5.858320926778050423e+09 -1.042380590454606247e+10 7.387878654881683350e+09 8.697525469881280661e+08 7.052804083132975578e+09 -5.342809936405679321e+10 -8.669762299531051636e+09 -1.276203556635081053e+09 -1.433952231176542854e+10 1.436572245974368668e+10 -8.098976920002152920e+08 -5.280651699310846329e+09 1.095307451144460917e+09 7.961651674211036682e+09 2.768942247201360703e+09 -1.502404130913612366e+09 -3.441616520737297058e+09 -5.548115122942156792e+09
-4.298670715797368903e+05 5.255161447351092647e+04 2.383061156532193127e+04 1.592981698263395992e+04 6.715699553185937111e+04 1.334334942944018849e+03 2.008117334817404117e+04 2.145783298826525061e+04 5.975608918070205254e+04 8.500131093317615523e+03 4.141762877276508516e+04 4.165825183388307050e+04 2.872401474316118401e+04 1.733186671496209601e+04 4.138066276430618018e+04 3.153022098442931383e+04 2.453531754880460358e+04 3.335731547227818373e+04 2.877088466363665793e+04 3.590998670156356820e+04 3.456486175003487733e+04 2.810727217516936798e+04 3.555844240267715213e+04 2.890674182708734952e+04 2.984420825132028767e+04 3.078491716892429395e+04 4.685809390675763279e+04 1.290398682651884446e+05 4.693620779817469884e+04 3.251271650743620194e+04 2.546826936665101312e+04 3.457141270832752343e+04 3.427450475587788242e+04 2.712031684506400052e+04 2.708014792857487191e+04 2.864129328739476477e+04 3.047555858004061884e+04 3.103218596264758526e+04 3.196219471352027904e+04 2.634191618194646799e+04 3.040921706163714043e+04 2.993907070572702287e+04 3.093154705158255820e+04 3.224068967508966671e+04 2.957859192962343513e+04 5.467711948469469452e+10 3.767632215539089680e+09 -2.045886609658555603e+10 -5.827378648563035727e+08 -5.309606847125648499e+10 -1.571249075939050674e+10 4.596058261481973648e+09 -6.444967278228163719e+09 -5.826522023302687407e+08 -3.106120053783382893e+09 -1.560868073398823242e+11 2.848265121105117416e+10 1.139530283420027494e+09 5.501305102779829025e+09 -1.709089282632667422e+08 2.681801317650536060e+09 1.697615950332355690e+10 1.139398936029660940e+09 4.593690276142114639e+09 1.890556530081791077e+11 -1.275033593187005424e+10 -1.103744193684271431e+10 -2.629016265984471798e+09 -1.172672709658714294e+09 2.196477470973186493e+09 -3.134519583886835098e+09 -6.324348526456539631e+08 -2.059051008675059795e+09 -3.598493537502282619e+09 -8.359574770727431297e+09 -1.729634646178232729e+08 -3.630326485139283657e+09
-1.736077292617611238e+05 -8.402683180643205560e+03 1.542407604115596914e+05 -3.033860208721362505e+04 2.142732572469496881e+04 3.239938521977241180e+04 -1.098559215072658480e+04 2.155795933836069526e+04 4.429804201435530558e+04 5.286357048001839576e+04 2.109531312276815152e+04 2.904234864222046963e+04 3.713350265198786656e+04 1.779323882946905724e+04 3.214981420506064751e+04 3.919542312010735623e+04 2.850526209342306902e+04 3.786884368431248004e+04 2.622163241577673762e+04 4.436676525699166086e+04 4.279901437591282593e+04 3.918641520892125845e+04 3.913508964496131375e+04 3.554721644456810463e+04 3.167107941030618167e+04 3.405269503991540114e+04 3.214285386015476979e+04 4.693620779817469884e+04 1.262406288685994805e+05 4.621528106009226758e+04 3.007238988090464773e+04 3.474158453140488564e+04 2.898453961637278189e+04 3.231697081482978683e+04 3.072478179491570336e+04 2.608979704393999418e+04 2.945151726553152184e+04 2.903461857252235131e+04 3.564363861465652735e+04 3.027351366955541380e+04 3.207810489710138427e+04 3.283444769766659738e+04 3.058751690053851053e+04 3.339990624653996201e+04 3.174360762971128861e+04 1.837524553400115051e+11 2.320548756787937546e+10 -2.898854236301793289e+10 8.828639396645696640e+09 2.746656995976791687e+11 -5.172462208766052246e+09 -1.760837141777023697e+10 1.574858868445615768e+10 -1.066223177042199135e+09 3.485552553662505150e+09 -1.278233452044360504e+11 8.078701500122350454e+08 2.091039906646790314e+10 6.755990399578152657e+09 -2.235067513946572781e+09 2.235945508287126923e+10 7.465052136104950905e+08 -4.147929353756330967e+09 4.819901279070574760e+09 -3.025951933731578445e+10 -8.389834997256636047e+10 -2.818513310984336376e+09 -5.628075361025045395e+09 -2.941464975757790089e+09 -3.089106117439457417e+09 -2.871066877115280151e+09 6.572503380937751532e+08 1.191505981453312302e+10 -6.486083669454400063e+09 -1.245908154789982557e+09 9.597699172854055166e+08 -3.062405174914742708e+08
-3.790602243747469038e+05 -5.140527635819725401e+04 1.077372910919437709e+05 1.767618206060411467e+04 -3.927330265594152024e+03 8.024598793618015770e+04 3.945483720114751236e+02 1.158176548438854479e+04 2.852566223678769165e+04 3.506596488069492625e+04 2.953191032774656924e+04 5.035193830532302673e+04 2.495934073230011199e+04 2.353843171458855068e+04 3.062304211464356922e+04 3.300283372684250207e+04 2.673468261303693362e+04 3.645762374874117813e+04 2.326818951947662572e+04 3.219702840734124038e+04 4.075827608555656479e+04 3.786711724664600479e+04 3.647485888058706769e+04 3.595080994898023346e+04 3.040219593778189301e+04 3.746581984094200743e+04 3.326604138187278295e+04 3.251271650743620194e+04 4.621528106009226758e+04 1.210144740086350794e+05 4.643949698550045287e+04 3.467095676774033927e+04 3.808656091154638125e+04 3.439117955017596978e+04 3.229988698815532916e+04 2.972797388919589866e+04 3.396079410878590716e+04 3.258512729894701988e+04 3.370786099326315889e+04 3.386507534555074380e+04 3.036358682960762235e+04 3.125928321872183005e+04 3.255909337699935350e+04 3.179618271961704522e+04 3.438726243053652433e+04 1.000264389053072815e+11 6.558215555994783401e+09 -1.139518414475754166e+10 5.299787648814973831e+09 3.967242667322372437e+10 2.302704014856760025e+10 -7.208550265611527443e+09 8.672391389269117355e+09 1.147780141081300926e+10 -2.046324770990579367e+09 -1.306633374732361908e+11 2.986237004501586533e+10 5.710845560172008514e+09 4.038331772428833961e+09 -3.031049643092810154e+09 -4.551710500019438744e+09 2.042577222381171227e+09 -4.723428081888530731e+09 6.336629980313765526e+09 -1.113414003253855705e+10 8.490845906895411682e+10 1.260661524815101433e+10 -1.349737455652427673e+10 4.183020496411695480e+09 -1.208945553346319914e+09 1.308726808186999083e+09 -5.260810320508271217e+09 -8.784438109627960205e+09 -1.146606645958293533e+10 -4.582171895802561760e+09 -1.994927014204268456e+09 -9.275156385063341141e+09
-8.128122503624414094e+04 -2.100245515514546423e+04 1.928016252817390487e+05 1.693316663456588867e+04 -1.767696861957626027e+02 2.058443794586395234e+04 4.691738852568313632e+03 5.835537348631949499e+03 1.231362720054172678e+04 2.055339448573273330e+04 3.215492953280980146e+04 3.702366756212009932e+04 3.343762756653607357e+04 3.311978363279276527e+04 2.810458203029531069e+04 3.407340055545272480e+04 3.687668851132107375e+04 3.170179420722700161e+04 3.152763310058337447e+04 3.761636020107161312e+04 3.022234311322693975e+04 2.165374071660704431e+04 3.260651063233331661e+04 3.473771948244680243e+04 2.932545123192247411e+04 3.415301973534325225e+04 2.778480039545606269e+04 2.546826936665101312e+04 3.007238988090464773e+04 4.643949698550045287e+04 1.086538838565273472e+05 4.300058423528050480e+04 3.811795201659735176e+04 3.096937206914574563e+04 3.365430524776442326e+04 3.039919240120460745e+04 3.623382142622175161e+04 3.260435269620585314e+04 2.884829245596975670e+04 3.059966666423637434e+04 3.112331329427725359e+04 3.129274503497350452e+04 3.297261701079335762e+04 3.090386410137569692e+04 2.874631224500339522e+04 1.429984701209845276e+11 -3.658373662216346741e+10 6.487761180128380060e+08 1.241002734167937088e+10 -1.753790794268147888e+11 -4.584174705393613815e+09 2.708574401074813843e+09 1.393344598564993668e+10 -5.159518023857523918e+09 3.559890347050511360e+09 -1.659610983639050598e+11 -8.278913123287097931e+09 5.144478525689247131e+09 -5.472579093612099648e+09 -2.619090148740957737e+09 2.718267141775424957e+09 2.975192776526292324e+09 -4.340526405845328331e+09 -9.027179801090087891e+09 3.096527678420454025e+10 1.246875988900299225e+11 -3.245925380572200775e+09 -1.885106309741327667e+10 2.640582730589624786e+10 -8.704331000888972282e+08 -4.895397250945187569e+09 -4.963404365120729446e+09 1.172235298778948784e+10 -4.395076748956558228e+09 -5.306625215460198402e+09 1.159774711169254780e+09 -9.981252212146314383e+08
3.324288519608315255e+04 -9.445193612819033660e+03 5.122327337792507024e+04 -5.464999761087686238e+03 3.965002330451941816e+04 -4.092549708659489625e+03 2.653273534067058426e+04 4.252451099702913780e+04 3.792814882240942825e+04 3.065878554326571611e+04 3.657001293265618006e+04 4.203444190189029177e+04 2.188192392436229056e+04 1.531499913971436399e+04 2.503132836131114163e+04 3.083786136613756025e+04 2.851917380195289297e+04 3.965925263312018069e+04 3.309276470204639918e+04 3.812944235546123673e+04 3.637021840830851579e+04 2.911422224794221620e+04 4.182237180240390444e+04 3.319977142396302952e+04 3.478712785065032949e+04 3.911620581616772688e+04 3.576623820347904257e+04 3.457141270832752343e+04 3.474158453140488564e+04 3.467095676774033927e+04 4.300058423528050480e+04 1.072389902168021945e+05 4.178258243528103776e+04 3.423068595422356884e+04 3.556198612296835199e+04 3.341999354961804784e+04 3.518842703700710263e+04 3.444987233626754460e+04 3.357984005537214398e+04 3.248849186051591460e+04 3.401698840251841466e+04 3.192538325215322038e+04 3.337597640653424605e+04 3.171599574071676034e+04 3.224376110905293172e+04 1.228025314305693665e+11 1.037126355613471222e+10 -2.068870009104167557e+10 2.503250727967628860e+10 -1.399218407084718018e+11 -5.430393885920258522e+09 -2.884062733878530502e+09 9.658444670977817535e+09 5.417180255308982849e+09 1.758508023079600143e+10 -3.857251733383000183e+10 7.634037730731070518e+09 4.744364905194526672e+09 1.900917057329370260e+09 -6.162045443275220692e+07 -1.895508369509077835e+10 -1.662416629696569204e+09 1.474679574175527811e+09 6.691038687244042397e+09 6.551814735888927460e+09 -1.577228536139242649e+09 -4.708330043568236351e+09 -5.103487633952508926e+09 -5.275738519580459595e+09 1.275560803988742113e+09 -3.342929084522799969e+09 -1.330988918831959486e+09 -1.672025778598548174e+09 -7.750995621104017258e+09 -9.350735143705084324e+08 -4.280533624433629990e+09 -9.318364385492660522e+09
-3.361510745593839092e+05 7.886971040268613433e+04 2.618040342330393469e+04 2.469170025703823194e+04 4.224231431091631384e+04 3.198604147716871012e+04 3.995566780575183657e+03 7.166390178261410256e+03 3.365614460271539429e+04 3.222357601704358240e+04 4.409918590760010557e+04 4.930208740505779133e+04 3.183468199077452664e+04 9.617701967638597125e+03 2.789392391948870500e+04 4.362794635428598122e+04 3.558335140695719019e+04 2.847711625196998284e+04 2.943664923356107465e+04 2.770480453958518410e+04 3.814097082877964567e+04 3.381902780972140317e+04 3.624629275601779227e+04 3.447425512618038192e+04 3.048977218564670693e+04 3.976690067770895257e+04 3.834806104198907269e+04 3.427450475587788242e+04 2.898453961637278189e+04 3.808656091154638125e+04 3.811795201659735176e+04 4.178258243528103776e+04 1.059566550535324786e+05 4.897605228638715198e+04 4.150078858286491595e+04 3.864920660696188133e+04 3.677263176054044015e+04 3.549227910094409162e+04 3.568052382330390537e+04 3.115994979245102149e+04 3.417102863827725378e+04 3.673834643484774278e+04 3.424591331877601624e+04 3.530826900940689666e+04 3.279009755874230177e+04 1.021981582351128235e+11 -4.154377797012483215e+10 -1.165456150220727730e+10 -2.405157471634695053e+09 1.708126327675270996e+11 3.158111906466430664e+09 1.735769159451954842e+09 -2.065512844028426743e+10 1.230572833740563393e+10 2.353158010173582554e+09 -2.109681228400734558e+11 -4.327537540788592696e+08 7.223394104989412308e+09 3.266060879638297081e+09 1.350127340670506954e+09 3.622076783002485752e+09 1.788056022921079874e+09 -8.376974683124127388e+09 8.522828058203771591e+09 -8.646696239912509155e+10 -6.196427424140051270e+10 -2.848263986205350876e+09 -9.023002405632925034e+09 4.124081846930761814e+09 8.514297435557013512e+09 1.096898193961872578e+09 -4.860679553211573362e+08 -7.842772621634480476e+09 -1.470640745356613398e+09 -5.740967712581380844e+09 -2.377865662873137474e+09 -7.501312581788260460e+09
-3.307980412227524794e+05 6.563426749064390606e+04 9.227357656090491218e+04 -2.079674457271609208e+04 6.250590409222330345e+04 4.632106008891027886e+04 -1.678077436954391669e+04 1.078906665601647364e+04 2.245321961413891404e+04 1.590929015507250369e+04 3.706143565843246324e+04 4.226899387398419640e+04 3.064557147781503227e+04 2.436817756847112105e+04 1.484324198776400772e+04 2.903265437831319286e+04 3.681722570800506219e+04 3.554428365282591403e+04 3.243233668307749394e+04 2.933347985166997023e+04 3.605659198959158675e+04 3.371448204543978500e+04 3.252644061948747185e+04 3.072956961877747017e+04 2.684012767963386068e+04 3.119949924974046371e+04 2.691882240302563514e+04 2.712031684506400052e+04 3.231697081482978683e+04 3.439117955017596978e+04 3.096937206914574563e+04 3.423068595422356884e+04 4.897605228638715198e+04 9.576534458640959929e+04 4.035591204194678721e+04 3.069885375843342263e+04 3.613407838170750620e+04 3.401916979478098801e+04 3.286947072687739274e+04 3.116833378429051663e+04 3.275180329427480319e+04 3.377166053240013571e+04 3.248761382465408315e+04 3.172044427825911771e+04 3.101040497680844055e+04 3.150860814529317017e+11 -1.214351767142846107e+10 -3.387578783079550934e+10 -2.708749221058753204e+10 4.608367161969509125e+10 -2.999848251960371399e+10 -1.134060991813933134e+09 1.210711748119736099e+10 4.736068687199966431e+09 -6.565328392146357536e+09 -1.182268813088424377e+11 4.571756745062775612e+09 -3.134522609846598625e+09 1.351945217475155354e+09 -8.054673152873885155e+09 3.628817222269515395e+08 3.890205385098216057e+09 -7.081245231966473579e+09 1.923126322026513815e+08 -1.615055779578452454e+11 8.662457991335437012e+10 -2.922988096596618176e+09 -8.885116992966554642e+09 6.504158634574303627e+09 3.689879471941362381e+09 -4.372058862568830490e+09 -3.362912919707515240e+09 -3.426661696819806099e+09 -6.161666646448876381e+09 -8.214126015689711571e+09 -3.555004221593047142e+09 -4.862832609930524826e+09
-1.766934325837156503e+05 1.007272149538231170e+05 5.601288584165539214e+04 2.255364665930999763e+04 3.294707167892433063e+04 4.385989831234492158e+04 1.959417891631443581e+03 1.804079712068891604e+04 3.112678324413978044e+04 1.659943123560676031e+04 1.965774403003039333e+04 4.468039710577924416e+04 2.862521076196429567e+04 2.871652606632627430e+04 1.765112758430659596e+04 1.928860581345621540e+04 3.148125892015092541e+04 3.033167594103453666e+04 3.438464126464758738e+04 3.212082670942433469e+04 3.680008200669180951e+04 2.997831543099758346e+04 3.326301555168222694e+04 3.638466688614249142e+04 3.198734548067097785e+04 3.168178689310893242e+04 3.047832688297128334e+04 2.708014792857487191e+04 3.072478179491570336e+04 3.229988698815532916e+04 3.365430524776442326e+04 3.556198612296835199e+04 4.150078858286491595e+04 4.035591204194678721e+04 9.252981488841080863e+04 3.937646855192870134e+04 3.473585206021390331e+04 3.404292879718059703e+04 3.311934719160504756e+04 3.581470519478915230e+04 3.424687046207431558e+04 3.455587357056220935e+04 3.138050415139349207e+04 3.145689879177990952e+04 2.992372615895157651e+04 9.412323553099845886e+10 -5.318397901666722870e+10 -3.183751304745306396e+10 2.391711890598432159e+10 -2.679760645821753693e+10 2.746570202070985794e+09 9.536845019531652451e+09 1.486282830025714684e+10 3.150165574361426830e+08 1.074186577936807060e+10 8.268720116486838341e+09 1.800291284756801605e+10 9.893678807140592575e+09 -4.568480520503841400e+09 -5.793451123092919350e+09 -1.311335512704323196e+10 1.071830486298296690e+09 -7.217198525740953445e+09 -1.045595187207288265e+09 -7.187266051817355347e+10 6.691232964893336487e+10 -4.624350763116139770e+08 -1.410635493954401970e+10 1.225534398412243652e+10 -2.010332885716778994e+09 -7.242312706890474319e+09 -2.409325362671498299e+09 3.174711085166199684e+09 -3.837245977118710279e+08 -1.763538828046775341e+09 -6.301513525755445480e+09 -8.921055917774782181e+09
-3.113337205559902941e+05 1.130226165951617586e+05 2.277776699127960092e+04 -5.715267830229214269e+03 2.471287476938945474e+04 5.068568920766776137e+04 6.911823831536304169e+03 1.038902575031635388e+04 2.372338835444514916e+04 1.292737376218473401e+04 2.734475812059923192e+04 5.333624896682999679e+04 2.004084415839820576e+04 2.519090072597652397e+04 1.135848367913262337e+04 2.613006006035973769e+04 2.965044683868286666e+04 3.133021593239601862e+04 2.643919331407029676e+04 3.034934789391411687e+04 3.342260696315180394e+04 2.934851540387952627e+04 3.475276674936564086e+04 3.093566023515702545e+04 2.937979405316021803e+04 2.797565078138441095e+04 3.149572303836093124e+04 2.864129328739476477e+04 2.608979704393999418e+04 2.972797388919589866e+04 3.039919240120460745e+04 3.341999354961804784e+04 3.864920660696188133e+04 3.069885375843342263e+04 3.937646855192870134e+04 8.768543441541974607e+04 4.297749925884441473e+04 3.210399451416931697e+04 3.187609426569207426e+04 3.092295247013553671e+04 3.248913937265665663e+04 3.130527701165795588e+04 3.083756275751627982e+04 3.262874679186098365e+04 3.333035185683898453e+04 9.268701606012890625e+10 -6.192207987112992287e+09 -3.698992108492205811e+10 4.449426734028827667e+09 2.203083218888120270e+10 8.122749374238162994e+09 -3.509682885531304836e+09 -8.594651129729101181e+09 -5.615349887662245750e+09 -5.330475800987696648e+08 -2.787065915652628174e+11 6.085806129611487389e+09 -6.576163880690050125e+09 -7.787418254751731157e+08 -1.144357887784221649e+09 -5.351184419273475647e+09 8.647990978286695480e+09 -4.101765653889914513e+09 1.388725282692083120e+09 1.095936400290937653e+11 9.654639814958432007e+10 -7.018820255107077360e+08 -7.251289555595651627e+09 1.963930681463762522e+09 -1.554286994539224207e+08 -2.759010360648568630e+09 2.150584764618812561e+09 2.620243537348168492e+08 -5.846898697518279076e+09 -7.988384699126248360e+09 -4.427579531394471169e+09 -4.137567780257169247e+09
-3.392349340517094824e+05 3.445390397268029574e+03 9.958135494039446348e+04 2.025114939512325873e+04 1.256200610660770508e+04 3.578299743162963568e+04 1.220582541473175115e+04 3.515694100675258960e+04 3.813980802060970746e+04 2.861538729054552823e+04 3.238517984572095884e+04 6.267134595348157745e+04 3.004713608644716078e+04 1.774612866305698117e+04 3.398981012781702884e+04 3.047821482569666841e+04 3.031780424427418257e+04 3.017935521463113764e+04 2.888806990808802220e+04 3.727169038736551738e+04 3.968109781087787997e+04 3.481471508736946998e+04 3.856611759625043487e+04 2.956536086634975436e+04 2.728401911370721427e+04 2.993341440992995922e+04 3.220240221818437203e+04 3.047555858004061884e+04 2.945151726553152184e+04 3.396079410878590716e+04 3.623382142622175161e+04 3.518842703700710263e+04 3.677263176054044015e+04 3.613407838170750620e+04 3.473585206021390331e+04 4.297749925884441473e+04 9.325004656946373871e+04 4.607711025620713190e+04 3.895704871926982014e+04 3.487656955442136677e+04 3.415843893904586730e+04 3.494385252771020896e+04 3.391653003844328487e+04 3.363026841016889375e+04 3.500285549881577754e+04 2.733427532568910599e+10 -4.344837046722630310e+10 -5.242671725020008850e+10 7.929129662522995949e+09 1.919042304119226685e+11 -2.000062674428285599e+10 -4.446814848481107712e+09 1.403887731740357971e+10 1.988392734345174789e+09 1.381483281354240227e+10 -1.299443324076558075e+11 1.647104373967629814e+10 -1.687179129559870529e+10 1.136606076108246803e+09 6.420018137401917458e+09 -5.894181033656321764e+08 6.013227289047876358e+09 -3.330385567357989788e+09 -4.145221349708330154e+09 2.588682205464961624e+10 -1.255419470877748260e+11 -9.038995606788314819e+09 -1.046859185195828056e+10 2.888781039211185455e+09 3.814169496823211312e+08 -2.532959599002662659e+09 2.548684658760042191e+09 -4.667270028033213615e+08 -7.247393586232442856e+09 -2.598466763163612783e+08 -3.724583951159207821e+09 -3.862092261903556824e+09
-3.195813986303848214e+05 5.341157079497844825e+04 2.700738451927067581e+04 -7.276640067138390441e+04 -2.041466875982049032e+03 2.001821928516286789e+04 6.665375047905690735e+03 2.387466796787191925e+04 2.751062809059522624e+04 1.816945506213475164e+04 3.111516788164019454e+04 4.301791223558787169e+04 1.971745488219336039e+04 1.238188202591910704e+04 3.370348250520369038e+04 3.706490145664133161e+04 3.446481489577163302e+04 3.410862221412867802e+04 3.346310099560033268e+04 3.268512979343686675e+04 3.493330507404951641e+04 3.257831886131504871e+04 3.680192407722920325e+04 3.381422424652826885e+04 3.301708498993207468e+04 3.151295125913022639e+04 3.247951260561305389e+04 3.103218596264758526e+04 2.903461857252235131e+04 3.258512729894701988e+04 3.260435269620585314e+04 3.444987233626754460e+04 3.549227910094409162e+04 3.401916979478098801e+04 3.404292879718059703e+04 3.210399451416931697e+04 4.607711025620713190e+04 8.623005217468419869e+04 4.072683074398738972e+04 3.512111046834650915e+04 3.638013773127680906e+04 3.335900041892930312e+04 3.198812417564921634e+04 3.525975355471103103e+04 3.215451214458984396e+04 1.931224297385929260e+11 -1.046274378617784691e+10 -4.044275081932466888e+10 -2.469356861934835315e+08 3.715894934524437866e+11 -1.805552557041754150e+10 -5.616994823493617058e+09 3.269852680332945347e+09 -5.653650495601064682e+09 2.966014993447176456e+09 -1.359366652300012665e+11 -6.137180630104136467e+09 -1.600449533546766090e+10 -5.543769886125486374e+09 -1.913922749784582376e+09 -8.350316439062449455e+09 4.529869985223148346e+09 -5.226907515170142174e+09 -3.453900110369072437e+09 -2.764505288431366348e+10 -6.262573533225786591e+10 -1.104493234378294373e+10 -1.285100812676089859e+10 -7.834764597607308388e+09 -6.394017798859393120e+09 -4.771069153182510376e+09 8.019681282941168547e+07 -3.934607956448431015e+09 -7.793645153596103668e+09 -2.273565261198169708e+09 -4.034039365407521725e+09 -2.701585454389820099e+09
-2.319364456349007960e+05 1.009866672359678341e+04 1.290398068681865261e+05 -3.537155526306758111e+04 2.623832174857534119e+04 2.482892390050575341e+04 -1.240140556620464622e+03 6.006807106785743599e+03 2.789583733336485238e+04 3.256382079092580534e+04 3.100335483964799641e+04 4.409386680384119245e+04 3.472650246776499989e+04 1.338926185315136718e+04 3.003801827001929269e+04 2.684330113504800829e+04 3.985761695391985995e+04 3.221537303291084390e+04 3.481234991842550517e+04 3.583418817246017716e+04 3.808426288760502212e+04 3.370598969040512020e+04 4.042807672906733205e+04 3.038832009992903477e+04 2.886021204047431092e+04 3.417463498274886661e+04 3.214438262548864441e+04 3.196219471352027904e+04 3.564363861465652735e+04 3.370786099326315889e+04 2.884829245596975670e+04 3.357984005537214398e+04 3.568052382330390537e+04 3.286947072687739274e+04 3.311934719160504756e+04 3.187609426569207426e+04 3.895704871926982014e+04 4.072683074398738972e+04 8.182321499196338118e+04 4.296950380324048456e+04 3.383762289534101728e+04 3.261104167132647854e+04 3.484099133470414381e+04 3.397445906126310729e+04 3.149534668487854287e+04 6.065979272261150360e+10 -9.658070502902965546e+09 -3.661441761451457977e+10 -7.053123755974470139e+09 4.193497020326918793e+10 6.380655274440925598e+09 -9.432595255605777740e+09 3.091315817931736469e+09 3.109240920951603889e+09 4.294607859613767624e+09 -9.913447189446228027e+10 -9.591495301589155197e+09 -6.639168025999298096e+09 -6.726668456157708168e+09 -5.995759482176533699e+09 -1.487921708527054977e+10 1.603759616741571426e+09 -3.643715470167785168e+09 -3.389851446694251060e+09 1.626337187314676476e+10 9.598088559428838730e+09 -1.257432349348304176e+10 -1.302149660663524437e+10 1.016299220073756218e+10 -7.206657372592854500e+09 -3.655047213521655560e+09 4.330208556991060257e+09 1.267544933430911303e+08 -3.883452833983371258e+09 -3.504922651872460842e+09 -2.620130567994095325e+09 -2.425570440031148434e+09
-1.696590998881535197e+05 5.314371303151185566e+04 1.278350017108177708e+05 -1.810184961102908710e+04 3.160039078673924450e+04 1.378905964543279333e+04 5.350645300113488702e+03 9.806899320992639332e+03 3.253487070984290403e+04 1.939444679135423576e+04 1.930891626934674423e+04 3.861968823300374061e+04 3.557674453261527378e+04 1.481068074329370756e+04 2.307861835116684233e+04 2.380936090377645814e+04 3.309254335107019142e+04 3.658501238848516368e+04 3.507508854386148596e+04 3.320807718303349975e+04 3.522319284945430991e+04 3.168592825263752457e+04 3.235651239195750168e+04 3.403330901767147589e+04 3.224188252819054469e+04 3.507710356578257779e+04 3.103147303510505299e+04 2.634191618194646799e+04 3.027351366955541380e+04 3.386507534555074380e+04 3.059966666423637434e+04 3.248849186051591460e+04 3.115994979245102149e+04 3.116833378429051663e+04 3.581470519478915230e+04 3.092295247013553671e+04 3.487656955442136677e+04 3.512111046834650915e+04 4.296950380324048456e+04 7.911682644865056500e+04 3.839971667148410779e+04 3.263395508687362235e+04 3.401114287725731992e+04 3.295986663337195932e+04 3.135109445877292092e+04 1.231892288388774719e+11 -5.483065466505661964e+09 8.694658496606714249e+09 -2.400523679312287140e+10 -9.313231975130229187e+10 -1.354489930149158478e+10 -4.627784285724816322e+09 9.250354075829357147e+09 -1.549943259789474964e+09 -1.670550685995116234e+09 -6.601998043236119080e+10 -5.762804900141729116e+08 -8.616736235616842270e+09 -2.402306026210003376e+09 3.349263416830585599e+08 -3.842677434374523640e+09 3.448137239300570965e+09 -3.045130021349411011e+09 -1.113200704840116978e+09 -3.604618283054908752e+10 -1.245115415278514290e+10 -7.104430335547874451e+09 -1.240974339425849724e+10 4.464236833878836632e+09 -5.592229814172381401e+09 -6.045709809586300850e+09 3.529448860129787922e+08 3.182236385770448208e+09 -5.964836706832198143e+09 -4.569737387492606163e+09 -5.496327325071639061e+09 -1.046237012073450685e+09
-2.909224446226938744e+05 1.060718388789333585e+04 7.397040139612880012e+04 -3.642818219540800055e+04 6.682222484845984582e+03 3.536409646094765048e+04 -1.142553861147242060e+03 9.060126191801551613e+03 4.610571527262430754e+04 2.332579165681946688e+04 3.487246989725015010e+04 4.086215680199547933e+04 4.866445735965915082e+04 2.452875402937575200e+04 2.535106272776988408e+04 3.135360655811298420e+04 2.819302472633308207e+04 3.508739891885904945e+04 3.057262196191858311e+04 3.261495515475344655e+04 3.564815589040120540e+04 3.106703831111843101e+04 3.384926203123747837e+04 3.602698926609715272e+04 3.063075400800885836e+04 3.272330591186890160e+04 2.845138857473043026e+04 3.040921706163714043e+04 3.207810489710138427e+04 3.036358682960762235e+04 3.112331329427725359e+04 3.401698840251841466e+04 3.417102863827725378e+04 3.275180329427480319e+04 3.424687046207431558e+04 3.248913937265665663e+04 3.415843893904586730e+04 3.638013773127680906e+04 3.383762289534101728e+04 3.839971667148410779e+04 7.207916072171872656e+04 3.703988790908675583e+04 3.228091483944653010e+04 3.182795609213568241e+04 3.315907211815467599e+04 2.347588824581749268e+11 5.286002607100594330e+10 -2.307753919170561218e+10 -2.036347457236277390e+10 -2.171908035220014954e+11 -2.320312175859238815e+10 -1.282634412490776634e+10 6.490788702456440926e+09 1.400735651203540325e+09 -4.266880095154798031e+08 -1.959138605715597229e+11 1.578143199481346512e+10 9.004931314866762161e+09 -1.677560076943075895e+09 -8.738438108497861862e+09 -5.769452625882186890e+09 3.167544788512194633e+09 -1.794644106210598946e+09 4.254149617199176311e+09 3.162094190178447723e+10 2.417151308564553833e+10 1.723961171240960836e+09 -7.214970565665026665e+09 5.654901528175022125e+09 -4.505200920101730227e+08 -3.155223991924917221e+09 2.359539601333296299e+09 -4.003710520534660816e+08 -2.152783649517434120e+09 -4.347257559121125221e+09 -3.002720772490521908e+09 -1.463024865420077145e+08
-2.302907067064943258e+05 6.061908759843785811e+04 1.205730300920605077e+05 -2.180898564356906718e+04 2.256000082902660142e+04 4.027106041977711720e+04 1.059352474331708800e+04 1.165784769623029752e+04 3.182180581723044452e+04 2.308734451699362398e+04 3.324769832842058531e+04 4.090363352797536936e+04 1.862928761193926766e+04 1.806317221878244163e+04 2.880976798249041894e+04 3.506848096334243746e+04 2.722481379543637013e+04 2.940884104919935271e+04 2.034687458242092180e+04 3.228245606535008119e+04 3.545445005100077105e+04 3.356568387788441760e+04 3.574057203972301068e+04 3.563596420729909005e+04 3.175453022907661216e+04 3.427965531364126946e+04 3.564914340977153188e+04 2.993907070572702287e+04 3.283444769766659738e+04 3.125928321872183005e+04 3.129274503497350452e+04 3.192538325215322038e+04 3.673834643484774278e+04 3.377166053240013571e+04 3.455587357056220935e+04 3.130527701165795588e+04 3.494385252771020896e+04 3.335900041892930312e+04 3.261104167132647854e+04 3.263395508687362235e+04 3.703988790908675583e+04 7.151956072899259743e+04 3.689976946881906042e+04 3.235432180158780830e+04 3.207296000735931375e+04 -1.331914157342038155e+10 1.589928837806813812e+10 -4.935634543352167130e+09 9.107988915463104248e+09 -7.883358485971484375e+10 1.033222028721267319e+10 -2.651384266230742455e+09 -3.575732521283577442e+09 9.253770004301635742e+09 4.397115893599424362e+09 -1.990522096756973267e+11 1.507886933721184349e+10 9.509699463116336823e+09 -2.249647823791230202e+09 -4.705841132646637917e+09 2.167104487509517670e+09 1.501809702604538918e+09 -4.439956292114319801e+09 -3.505847151260915279e+09 -5.225294004098543549e+10 -2.711384564985202789e+10 -3.293716135596209168e+08 -8.427912082222879410e+09 -4.742793042595692635e+09 -1.287614717455182791e+09 -2.511469153608940601e+09 -1.271827381599398613e+09 4.093786336458389282e+09 -4.354380503248929977e+09 -2.495534315279382706e+09 -3.661966710942671299e+09 -2.869882082689562440e+08
-2.884109388487833785e+05 3.036442727400946023e+04 5.813620430749317165e+04 -4.264347033451570314e+04 4.423627320358387806e+03 2.830252797996633308e+04 -9.852830003738231426e+02 2.249844569880238487e+04 2.133571475694340552e+04 2.039850658399862732e+04 4.323758633593220293e+04 3.749373026651571854e+04 2.643436711187753463e+04 2.054549537165831498e+04 3.437275885949493386e+04 3.437536279815463058e+04 3.024996582048035634e+04 3.516075741649694100e+04 2.469181773726894608e+04 3.494702971117538254e+04 3.277544161148389685e+04 3.128198037170522730e+04 3.501260130773158744e+04 3.257526349348078293e+04 2.490515684614674683e+04 3.222566435968927544e+04 3.353361870878656919e+04 3.093154705158255820e+04 3.058751690053851053e+04 3.255909337699935350e+04 3.297261701079335762e+04 3.337597640653424605e+04 3.424591331877601624e+04 3.248761382465408315e+04 3.138050415139349207e+04 3.083756275751627982e+04 3.391653003844328487e+04 3.198812417564921634e+04 3.484099133470414381e+04 3.401114287725731992e+04 3.228091483944653010e+04 3.689976946881906042e+04 7.127005963134997000e+04 3.723512391690495133e+04 3.188233419606787720e+04 -3.758370243963933563e+10 -2.625889896968814850e+10 -3.427865043195045090e+10 -2.592324431997006989e+10 2.418581903036323929e+10 -1.975844629485511017e+10 7.756909315644420624e+09 -1.068573173708562279e+10 5.338157708835963249e+09 5.385776868908525467e+09 -1.798800923634801636e+11 -5.820222242815153122e+09 1.389225472702775955e+09 -9.414415900027843475e+09 -3.198587709778206825e+09 -2.585381369022274780e+10 7.200687432308332443e+09 -5.866380361004837036e+09 -5.594096324030424118e+09 -5.941252491535656929e+09 4.116458962913159943e+10 -9.365278214270227432e+09 -7.859378353373017311e+09 -6.516939261881336212e+09 -5.758769861721745729e+08 -2.559982818905286312e+09 4.908800005504629016e+08 -6.805848883900866508e+09 -6.432235647486294746e+09 -2.505273660757753372e+09 -9.387619267794895172e+08 -3.849486539032087326e+09
-2.053221433534047683e+05 9.843692998254612030e+04 8.996873367745861469e+04 -1.297152557108298970e+04 -8.644200383884091934e+03 3.286480375554848433e+04 6.950036667759229204e+03 -3.820372886269138689e+03 3.072841616670045551e+04 2.120968360816397035e+04 2.647631077585000094e+04 2.724446545493276790e+04 2.986445663394764051e+04 2.130103019759918243e+04 2.609977077676829504e+04 3.173180192941400674e+04 3.274637761019762911e+04 3.647966491770151333e+04 2.987110938655360951e+04 3.374058692256359063e+04 3.251420727938280834e+04 2.931090212371963571e+04 3.166111135233301684e+04 3.314143650710525253e+04 3.182431720694785326e+04 3.179567621547328235e+04 3.044826189788528063e+04 3.224068967508966671e+04 3.339990624653996201e+04 3.179618271961704522e+04 3.090386410137569692e+04 3.171599574071676034e+04 3.530826900940689666e+04 3.172044427825911771e+04 3.145689879177990952e+04 3.262874679186098365e+04 3.363026841016889375e+04 3.525975355471103103e+04 3.397445906126310729e+04 3.295986663337195932e+04 3.182795609213568241e+04 3.235432180158780830e+04 3.723512391690495133e+04 7.242735033409837342e+04 3.719883975182250288e+04 1.228143820656442719e+11 -4.874144870510286713e+10 -4.304977808862303925e+10 -8.402669817656738758e+08 -1.433220492501344910e+11 -1.111956721445143127e+10 -1.214421147289872932e+10 9.812743331952842712e+09 -4.431148772264517784e+09 1.095779116046232700e+09 -1.860352104790110779e+11 -3.180592720838963985e+08 2.978733143100352287e+09 -8.207072494932043552e+08 -7.776772695162499428e+09 -6.808519717748871803e+09 2.207001327083980560e+09 -6.861550164337718010e+09 -5.095677111875545502e+09 -7.210579256476593971e+09 -9.084456269431854248e+10 -7.337516602261926651e+09 -1.245513449439856339e+10 -2.933780462890217304e+09 -6.110440329329358101e+09 -6.038164681703824997e+09 3.114962834232726693e+08 -1.150472057851987839e+09 -6.690089879752040863e+09 -3.465913189168997288e+09 -3.198175905346759319e+09 -4.665089084996181488e+09
-3.612593692275836365e+05 7.962499901664924982e+04 1.182585614133245690e+05 -2.746101282902803359e+04 1.219659230942829163e+04 2.061192407427843864e+04 3.502838387687833347e+03 1.416916361102123847e+04 2.219799883287968623e+04 3.378772049670407432e+04 3.456945612819758389e+04 2.940033072612815886e+04 3.028503883077294449e+04 1.378102085570803501e+04 2.059608178289929128e+04 2.836194472567174307e+04 2.746233807434432674e+04 2.909806515816928368e+04 2.652691052056493572e+04 3.326994445404690487e+04 3.429467048387800605e+04 3.070726206792659286e+04 3.165231668862640072e+04 3.471597756141591526e+04 2.687244501514337753e+04 2.877699444150449926e+04 3.017299055622361266e+04 2.957859192962343513e+04 3.174360762971128861e+04 3.438726243053652433e+04 2.874631224500339522e+04 3.224376110905293172e+04 3.279009755874230177e+04 3.101040497680844055e+04 2.992372615895157651e+04 3.333035185683898453e+04 3.500285549881577754e+04 3.215451214458984396e+04 3.149534668487854287e+04 3.135109445877292092e+04 3.315907211815467599e+04 3.207296000735931375e+04 3.188233419606787720e+04 3.719883975182250288e+04 6.475286374462705135e+04 1.903020697797306519e+11 -6.484097080054965973e+10 -4.079216998111136627e+10 4.837007680930103302e+09 -1.631328396070994873e+11 -1.740519131730481720e+10 -3.530576174740809441e+09 -5.600748488341243744e+09 -5.088939034346954226e+08 6.269740855325058937e+09 -1.270824357044426880e+11 3.715426337109149456e+09 6.643991215788503647e+09 -9.767302009060300589e+08 -3.213465426426126480e+09 -6.423509909968725204e+09 1.835055691516218901e+09 -2.349370428144636631e+09 1.660868071292989254e+09 -1.415848378782348824e+10 3.195334525552850342e+10 -4.887312850811243057e+09 -1.148726890956365013e+10 1.013834618372927475e+10 -1.708853530896039486e+09 -4.877370642733953476e+09 4.314987640168146491e+08 -3.250680762228007793e+09 -4.461452095719058037e+09 -3.639280247749151230e+09 -6.644399119054978371e+09 -2.675938683626566887e+09
-7.175482072779321289e+12 5.577616156012794922e+12 5.797575907710036133e+12 7.976929510641484375e+11 -8.720315951074239502e+11 -1.547126630668649902e+11 1.156977800180937805e+11 -7.052343982271881104e+10 2.870423603560153809e+11 1.078408219389472534e+12 5.235893865915121460e+10 2.511915450116038208e+11 2.181670159038392029e+11 8.267045628534722900e+10 2.955541733409227905e+11 1.974170353981243591e+11 3.057301843958344116e+11 1.500768383122946777e+11 4.479333016429376831e+11 3.704632009908310699e+10 1.988810799863648682e+11 1.840614935166418839e+10 2.603276507625176392e+11 2.846753533443192291e+10 -1.556417227185967207e+09 2.546314394661797485e+11 -1.671931416829565125e+11 5.467711948469469452e+10 1.837524553400115051e+11 1.000264389053072815e+11 1.429984701209845276e+11 1.228025314305693665e+11 1.021981582351128235e+11 3.150860814529317017e+11 9.412323553099845886e+10 9.268701606012890625e+10 2.733427532568910599e+10 1.931224297385929260e+11 6.065979272261150360e+10 1.231892288388774719e+11 2.347588824581749268e+11 -1.331914157342038155e+10 -3.758370243963933563e+10 1.228143820656442719e+11 1.903020697797306519e+11 1.225893441996839485e+20 1.220653067582476698e+19 3.313570846171388928e+18 5.953550775409266400e+16 -1.710734049451365376e+18 1.256973896380845568e+18 -2.696837354752743040e+17 1.945764603134251264e+18 -3.283606022931024640e+17 1.248122316383644800e+17 5.216626578888809472e+18 -5.994320758974173440e+17 7.780747490813273600e+17 1.707792653241503680e+17 -1.303589671211312640e+17 1.288816504096163584e+18 -1.239923981483974240e+17 -1.675689697497661440e+17 -5.959961021844527200e+16 -2.534639383307961856e+18 3.445299669152689664e+18 1.371036966359905760e+17 -1.337785849634985600e+17 5.529477820857498880e+17 -2.934349985432202880e+17 1.825912346761779600e+16 3.555568124314411600e+16 1.332402139675413504e+18 -1.687601049618552960e+17 3.938910484716723200e+16 1.225961945065758400e+17 1.432736005387360640e+17
6.786374477560583496e+11 2.853734640551176270e+12 4.264515332436991211e+12 3.297379545926637695e+12 1.018865377554330566e+12 6.325247519367609863e+11 7.483900043598300781e+11 -1.628025203899853210e+11 2.641582888631285706e+11 5.986443294700634766e+11 2.126602466232956314e+10 -5.134001811628556061e+10 8.174261226090211487e+10 8.174293558294219971e+09 1.077632638345141983e+10 6.987390458495336914e+10 -8.616508375531790161e+10 -8.395428878205783367e+08 1.047574445473122864e+11 -1.840476730634364319e+10 -7.327941606338020325e+10 -1.067669609338334045e+11 -5.962079699863754272e+09 -5.185777082875862122e+10 -2.846006783601538849e+10 -6.467007944489072418e+10 1.698543528690460014e+10 3.767632215539089680e+09 2.320548756787937546e+10 6.558215555994783401e+09 -3.658373662216346741e+10 1.037126355613471222e+10 -4.154377797012483215e+10 -1.214351767142846107e+10 -5.318397901666722870e+10 -6.192207987112992287e+09 -4.344837046722630310e+10 -1.046274378617784691e+10 -9.658070502902965546e+09 -5.483065466505661964e+09 5.286002607100594330e+10 1.589928837806813812e+10 -2.625889896968814850e+10 -4.874144870510286713e+10 -6.484097080054965973e+10 1.220653067582476698e+19 2.810509008102290637e+19 2.966911923903178752e+18 4.390033726544851200e+17 9.433611876945580032e+18 1.633669643116620800e+18 2.821526348672653760e+17 8.245803846842187520e+17 -7.145553004813198400e+16 -4.375485311958865600e+16 1.456122391225550336e+18 2.585942151035809280e+17 8.942338332415424000e+17 2.248544576210832000e+17 -5.232806545280088800e+16 4.319590268840433920e+17 8.301896135041153600e+16 4.981966453511600000e+16 1.351859353607538240e+17 2.519378851122138560e+17 4.613698164628076800e+17 1.477677283718874880e+17 -4.851875799923756000e+16 5.134371802843566080e+17 -1.352701273538143400e+16 4.633115538780745600e+16 2.094668298437552000e+16 5.645042845654583040e+17 7.200633379890849600e+16 -2.413580044427981600e+16 4.887986228866312800e+16 1.370990651789585400e+16
4.119304960892521973e+12 3.548212533314512695e+12 2.519914243722510254e+12 1.459535769737070557e+12 5.443794584594846802e+11 8.241581278952792969e+11 1.635335846524971924e+11 -6.876010033000730896e+10 1.018460050485007477e+11 1.671503044222279053e+11 -2.749676955908440018e+10 -1.468151140749368896e+11 6.256502430616035461e+10 -3.907187681740254974e+10 5.424110009791265106e+10 -1.750838193989487457e+10 -1.070851636816216583e+11 -3.919727852548953247e+10 -7.627890258163932800e+10 -4.172361988618681335e+10 2.593284233331691027e+08 -1.733584960372910309e+10 -6.597740177773744965e+10 -6.113406353851764679e+10 -3.372881876119004440e+10 -6.126225274698964119e+09 -3.630857784559506226e+10 -2.045886609658555603e+10 -2.898854236301793289e+10 -1.139518414475754166e+10 6.487761180128380060e+08 -2.068870009104167557e+10 -1.165456150220727730e+10 -3.387578783079550934e+10 -3.183751304745306396e+10 -3.698992108492205811e+10 -5.242671725020008850e+10 -4.044275081932466888e+10 -3.661441761451457977e+10 8.694658496606714249e+09 -2.307753919170561218e+10 -4.935634543352167130e+09 -3.427865043195045090e+10 -4.304977808862303925e+10 -4.079216998111136627e+10 3.313570846171388928e+18 2.966911923903178752e+18 6.459630707740122112e+18 6.210970582085738240e+17 -1.095018856810421760e+18 1.146323437365482112e+18 2.036512968369276160e+17 8.907156091907610880e+17 1.232976907622162240e+17 5.864665707594007200e+16 -2.595869728520308160e+17 4.389639315489420800e+16 4.123860966635776000e+17 2.348576574739239600e+16 -1.920242296014334400e+16 7.752608608325692160e+17 5.817242988344796000e+16 2.583901376148941600e+16 -1.453569418118351400e+16 9.941423559493580800e+17 -3.641070747403054080e+17 1.293736921080340000e+17 2.725028056670526000e+16 2.485058010829685440e+17 1.253898669295636000e+16 1.970453822585384400e+16 -9.878960588858512000e+15 6.747269101824673280e+17 4.120832868082800000e+16 -8.804155670736623000e+15 -3.106746240077574000e+15 1.254791740158823800e+16
-4.780898911799016724e+11 7.124706007825164795e+11 1.124758650181160889e+11 4.210747572590172119e+11 9.470611918552631836e+11 5.754322456382049561e+11 2.307372097053122253e+11 -4.084211211829366302e+10 3.413071120932409286e+10 -1.586569897888675537e+11 -4.185647089715452576e+10 -2.641041480867637157e+09 -6.145525056931065559e+09 2.292316926029251099e+10 3.361132510750290680e+10 -2.654463046364529419e+10 -9.290786006756756306e+08 -8.220544452720249939e+10 -1.448638095741077042e+10 -3.765303760180430603e+10 -4.694857472944416046e+10 -4.686649718591062546e+09 -5.291326635499015808e+10 -4.681596988582036591e+10 9.049983096388736725e+09 6.171128260158427429e+10 3.855803369335771942e+10 -5.827378648563035727e+08 8.828639396645696640e+09 5.299787648814973831e+09 1.241002734167937088e+10 2.503250727967628860e+10 -2.405157471634695053e+09 -2.708749221058753204e+10 2.391711890598432159e+10 4.449426734028827667e+09 7.929129662522995949e+09 -2.469356861934835315e+08 -7.053123755974470139e+09 -2.400523679312287140e+10 -2.036347457236277390e+10 9.107988915463104248e+09 -2.592324431997006989e+10 -8.402669817656738758e+08 4.837007680930103302e+09 5.953550775409266400e+16 4.390033726544851200e+17 6.210970582085738240e+17 6.174259686576594944e+18 3.851645658292961792e+18 3.624058026072266880e+17 2.825499740604016320e+17 -1.228535447570280480e+17 7.339083677651547200e+16 -3.103120473162567200e+16 -1.330571413031275520e+18 5.313586673511609600e+16 -7.658610028923790400e+16 9.817695567015812800e+16 -8.411731602154081000e+15 -9.928287736776840000e+16 1.121582507030354400e+17 4.380002551060377600e+16 -1.295279536483869400e+16 -3.057363483563088000e+17 -1.557537403000341440e+17 1.667493354303341800e+16 -4.428462358930232000e+15 -1.160472322762334600e+16 6.787724016701847200e+16 4.752356153155061000e+15 -3.022170430625816500e+15 -5.710882508755010400e+16 9.882342262514129600e+16 2.293506314963125600e+16 3.488953913314337200e+16 -2.287066837046701200e+16
1.851296093624023828e+13 7.116617763861230469e+12 -4.894454610156033325e+11 4.964780106006553711e+12 3.063764679080674316e+12 2.573252737139648926e+12 3.188979219258962891e+12 7.986931774526424561e+11 1.309702580147110748e+11 7.668494654519104004e+11 -9.858625465066566162e+11 -1.250357479989204102e+12 -9.826924966397418213e+11 -8.314477603649841309e+11 -1.203029938374076538e+11 -1.242789585558855629e+10 1.118478370094561310e+11 -2.983583700726668091e+11 -3.862263197695948486e+11 -6.614342121653836670e+11 -3.593503686284793701e+11 3.282199414145432739e+11 2.814253600920396118e+11 7.679856974576263428e+10 -3.488063962463925171e+11 -2.085865211089335327e+11 2.204015560376562500e+11 -5.309606847125648499e+10 2.746656995976791687e+11 3.967242667322372437e+10 -1.753790794268147888e+11 -1.399218407084718018e+11 1.708126327675270996e+11 4.608367161969509125e+10 -2.679760645821753693e+10 2.203083218888120270e+10 1.919042304119226685e+11 3.715894934524437866e+11 4.193497020326918793e+10 -9.313231975130229187e+10 -2.171908035220014954e+11 -7.883358485971484375e+10 2.418581903036323929e+10 -1.433220492501344910e+11 -1.631328396070994873e+11 -1.710734049451365376e+18 9.433611876945580032e+18 -1.095018856810421760e+18 3.851645658292961792e+18 7.009644730649317212e+20 1.893872178119406080e+18 7.888021723760558080e+17 -4.289935581358986880e+17 8.211355418886712320e+17 8.035521091444596480e+17 1.104262167457969357e+19 1.045238523347401728e+18 2.439928264840600064e+18 6.026058101526314240e+17 4.556916911434639360e+17 -5.478168315649186560e+17 3.535136192421192320e+17 2.655319011057120000e+16 -6.450060696797913600e+17 -2.352487210646312000e+17 -3.792894962955209728e+18 -9.529929586026995200e+16 -4.900481810353760000e+16 3.820431038209264640e+17 3.557532809930696960e+17 1.639303163301055680e+17 -5.518640970030623360e+17 4.407479994685689600e+17 1.828764432890015040e+17 -1.048253107445726240e+17 -1.556034604064824000e+17 1.213218310023358720e+17
9.890041434824333496e+11 1.847862130437037598e+12 2.057001864459188477e+12 1.402925118778488281e+12 4.234788938604851074e+11 5.114143686351952515e+11 2.296774630368951416e+11 1.561498889638695679e+11 7.705472416476063538e+10 1.216198865932137604e+11 9.200037254154174805e+10 -1.174052650816637802e+10 2.713072727890664291e+10 6.698175663957070923e+10 5.769851611500734711e+10 -5.908845957797197342e+09 -8.482397085294728088e+10 -3.986813751278730774e+10 -2.049566449874232864e+10 -8.216739577509550095e+09 -3.447041704889390564e+10 -1.188675197688251877e+10 8.497350513052891731e+09 4.192365823003401947e+10 7.689254633678760529e+09 -4.217878946450591087e+08 3.458299364405608368e+10 -1.571249075939050674e+10 -5.172462208766052246e+09 2.302704014856760025e+10 -4.584174705393613815e+09 -5.430393885920258522e+09 3.158111906466430664e+09 -2.999848251960371399e+10 2.746570202070985794e+09 8.122749374238162994e+09 -2.000062674428285599e+10 -1.805552557041754150e+10 6.380655274440925598e+09 -1.354489930149158478e+10 -2.320312175859238815e+10 1.033222028721267319e+10 -1.975844629485511017e+10 -1.111956721445143127e+10 -1.740519131730481720e+10 1.256973896380845568e+18 1.633669643116620800e+18 1.146323437365482112e+18 3.624058026072266880e+17 1.893872178119406080e+18 3.735406360349477888e+18 3.328032412813083520e+17 5.839422396372089600e+17 1.441522876264800320e+17 9.768031736574260800e+16 3.237070672172033920e+17 1.868325651296044800e+17 4.000137852138860800e+17 7.356993308031720000e+16 7.055526389299597600e+16 2.653398669520721600e+17 2.760208306925627600e+16 4.537183396875394400e+16 7.788989279426224000e+16 -1.644659630644363200e+17 2.492132645540730240e+17 8.856379260690476800e+16 4.422401181398888800e+16 3.445963730846236160e+17 9.744211972830796800e+16 3.973721122065872800e+16 -9.062044980967466000e+15 3.198787073533941120e+17 6.307409447132719200e+16 1.174159334149116200e+16 1.557035325168496750e+15 -5.053031958295396800e+16
-7.702090323825385742e+11 -8.429151301275204659e+09 1.341478810036063232e+11 4.902662688169195557e+11 5.672490594656948242e+11 5.158450618047937012e+11 2.574984590652056885e+11 2.163400146316447144e+11 4.975911395574504089e+10 8.374465333560180664e+10 1.561252846546545792e+10 4.066683243472932434e+10 -3.138476622994849014e+10 2.631436436266473770e+10 -5.838829309712959290e+09 3.359219291600568008e+10 1.094717804722883415e+10 -4.760700794494635773e+10 -2.442954406900416565e+10 -1.857842831186051559e+10 1.944965902477594757e+10 6.837144440841494560e+09 -8.242524252384253502e+09 1.320776099812484360e+10 -5.556636253730814934e+09 1.357793997155174732e+09 1.769953072649905396e+10 4.596058261481973648e+09 -1.760837141777023697e+10 -7.208550265611527443e+09 2.708574401074813843e+09 -2.884062733878530502e+09 1.735769159451954842e+09 -1.134060991813933134e+09 9.536845019531652451e+09 -3.509682885531304836e+09 -4.446814848481107712e+09 -5.616994823493617058e+09 -9.432595255605777740e+09 -4.627784285724816322e+09 -1.282634412490776634e+10 -2.651384266230742455e+09 7.756909315644420624e+09 -1.214421147289872932e+10 -3.530576174740809441e+09 -2.696837354752743040e+17 2.821526348672653760e+17 2.036512968369276160e+17 2.825499740604016320e+17 7.888021723760558080e+17 3.328032412813083520e+17 1.125451279683542656e+18 -9.261322047164374000e+15 1.181414720447334880e+17 1.164593610259539040e+17 -7.803168927657198400e+16 2.297173727590192640e+17 2.007672771828597200e+16 8.688973448791982400e+16 1.913751445591605600e+16 -6.589847131333336000e+16 6.668224813802036000e+16 9.138998834429058000e+15 9.462680679720786000e+15 -2.384027288762591360e+17 1.183136236907034720e+17 8.892586785422542400e+16 4.620363395580642400e+16 1.949004813173770800e+16 8.088436909637940800e+16 2.220649005281360800e+16 3.674675850123786000e+15 -3.118293965217341000e+15 7.808728626994480000e+16 1.946536728594311600e+16 -1.154156786449476000e+16 -1.514315503254963000e+16
1.296229570030037842e+12 2.100570931304964844e+12 1.717671728910420898e+12 9.310442764694888916e+11 6.922359594198336792e+10 1.426909632752170105e+11 1.928831989435598450e+11 2.663598057084871826e+11 2.008160896540966492e+11 5.073891401983444214e+10 -4.979202511661248016e+10 -4.070634387264952183e+09 -2.905082954020763016e+10 -5.441263990765443802e+09 3.641888198408517456e+10 -2.451561443094380951e+10 -4.090589476173681641e+10 2.003849938390713501e+10 -3.722342404622130871e+09 -4.698763226372714043e+09 1.010902853955305934e+09 -3.270339946926056671e+10 -8.448248685987657547e+09 -1.808178501705962753e+10 -6.993531258934383392e+09 -2.182319171557521057e+10 1.479629436383831024e+09 -6.444967278228163719e+09 1.574858868445615768e+10 8.672391389269117355e+09 1.393344598564993668e+10 9.658444670977817535e+09 -2.065512844028426743e+10 1.210711748119736099e+10 1.486282830025714684e+10 -8.594651129729101181e+09 1.403887731740357971e+10 3.269852680332945347e+09 3.091315817931736469e+09 9.250354075829357147e+09 6.490788702456440926e+09 -3.575732521283577442e+09 -1.068573173708562279e+10 9.812743331952842712e+09 -5.600748488341243744e+09 1.945764603134251264e+18 8.245803846842187520e+17 8.907156091907610880e+17 -1.228535447570280480e+17 -4.289935581358986880e+17 5.839422396372089600e+17 -9.261322047164374000e+15 2.326423110225907712e+18 1.130030677608916800e+17 8.818323806927512000e+16 1.231625841671166208e+18 -4.486480592398810400e+16 4.545394261321351680e+17 2.704228489250129200e+16 3.773054266446932800e+16 6.106480163439554560e+17 -1.347472231373632400e+16 1.963743933801986000e+16 -1.665167346270876000e+16 5.727633512636749440e+17 -2.690693823969332480e+17 3.941023117181445600e+16 4.659383674587072800e+16 2.557875064552254720e+17 1.901412768797636000e+15 1.741017527184663200e+16 -9.711613501789846000e+15 5.916013112815208960e+17 7.518461322187689000e+15 1.278435489621857400e+16 -2.305484960337528800e+16 -8.004017921996898000e+15
-2.547380947128315125e+11 7.399214627347798157e+10 2.348678220337463379e+11 3.374731876901522217e+11 2.943326541927375488e+11 2.361123268274796448e+11 3.073114322356947632e+11 2.546680533299868469e+11 2.393247872570618591e+11 9.784080718054904175e+10 3.680084098794509888e+09 4.247652914436663389e+08 -1.094662260445028305e+10 1.698204338327179909e+10 -4.301362803481370926e+09 -1.738733705389952469e+10 -6.010658995954520416e+10 -1.072207900858845329e+10 -1.413140243977292776e+08 -1.077446134622171974e+10 1.538463095165129089e+10 4.238365764349666119e+09 -7.471984570285257339e+09 9.044826080528816223e+09 3.541605390616407394e+09 1.024843206626159096e+10 1.645157098938821793e+10 -5.826522023302687407e+08 -1.066223177042199135e+09 1.147780141081300926e+10 -5.159518023857523918e+09 5.417180255308982849e+09 1.230572833740563393e+10 4.736068687199966431e+09 3.150165574361426830e+08 -5.615349887662245750e+09 1.988392734345174789e+09 -5.653650495601064682e+09 3.109240920951603889e+09 -1.549943259789474964e+09 1.400735651203540325e+09 9.253770004301635742e+09 5.338157708835963249e+09 -4.431148772264517784e+09 -5.088939034346954226e+08 -3.283606022931024640e+17 -7.145553004813198400e+16 1.232976907622162240e+17 7.339083677651547200e+16 8.211355418886712320e+17 1.441522876264800320e+17 1.181414720447334880e+17 1.130030677608916800e+17 6.356698943638740480e+17 1.880251547901474880e+17 2.607537214188253760e+17 8.331427843512283200e+16 6.570411612492664000e+16 8.467314070740144000e+16 5.165736977462168000e+16 2.922350030699536800e+16 2.676692104536984000e+16 2.457654351895924000e+16 1.293988011763816200e+16 1.243557178289682560e+17 -1.507824763710454080e+17 3.316442930823846800e+16 5.435690062670079200e+16 -1.462563657766374400e+16 4.122381935267607200e+16 3.248543559488690400e+16 5.910588264408795000e+14 1.374071470598718800e+16 2.763852896825003200e+16 3.694480000847249600e+16 -4.587556277026580000e+15 4.968354172002837000e+15
6.221707894283154297e+11 4.564529681212243080e+09 2.643592372870659485e+11 1.508934053574757385e+11 -5.125631594461847687e+10 1.964364350085483170e+10 3.021379214215280151e+11 3.685925873477444458e+11 2.947166672180000610e+11 1.656116130082740173e+11 3.108162219192825699e+10 3.994413054675521851e+10 5.959465841661689758e+10 7.600205431575468445e+10 2.053537460338659668e+10 -2.564648094958808899e+10 -1.665260407512557220e+10 -1.077086431585117531e+10 1.880412922982556152e+10 2.522619754903029251e+10 2.610615797779347229e+10 -3.001963938442441940e+10 -2.776912391535189152e+09 -1.657178089026959038e+10 -5.498281792165071487e+09 1.833803452421725845e+10 -3.858629469345899582e+09 -3.106120053783382893e+09 3.485552553662505150e+09 -2.046324770990579367e+09 3.559890347050511360e+09 1.758508023079600143e+10 2.353158010173582554e+09 -6.565328392146357536e+09 1.074186577936807060e+10 -5.330475800987696648e+08 1.381483281354240227e+10 2.966014993447176456e+09 4.294607859613767624e+09 -1.670550685995116234e+09 -4.266880095154798031e+08 4.397115893599424362e+09 5.385776868908525467e+09 1.095779116046232700e+09 6.269740855325058937e+09 1.248122316383644800e+17 -4.375485311958865600e+16 5.864665707594007200e+16 -3.103120473162567200e+16 8.035521091444596480e+17 9.768031736574260800e+16 1.164593610259539040e+17 8.818323806927512000e+16 1.880251547901474880e+17 1.109345641559982336e+18 4.167839460882376000e+16 -6.001452846686759000e+15 9.790431281151358400e+16 3.680653891781379200e+16 1.115424286575875200e+17 2.110542917196872800e+16 1.088796849780913000e+16 3.901449647845773600e+16 1.121504894146154600e+16 5.480912105971683000e+15 6.346883580980822400e+16 3.881581769891080000e+16 7.651731729637830400e+16 8.610519007023782400e+16 9.904868940009678000e+15 4.996717006123277600e+16 1.029129248502255200e+16 -1.965705416517934250e+15 2.066747144090839200e+16 3.848624611138734400e+16 5.700654633154808000e+15 1.914113982215864400e+16
4.394425795783623535e+12 4.420783361689295898e+12 2.560455285593578491e+11 1.216829041439878418e+12 -1.507338426782985352e+12 -3.501677127269805908e+11 -3.728155755724983978e+10 2.499534749391641617e+09 1.629823177427355957e+11 2.600821121943878479e+11 -4.427809737916620483e+11 -4.370947966397794189e+11 -8.379458960722459412e+10 -6.202549194375811768e+11 -3.886053086619880981e+11 -2.008829463841006470e+10 6.385272738777818298e+10 -1.591320357935435474e+08 6.321135352992129517e+10 7.024536971286834717e+10 -1.786770374325461426e+11 -1.974441976875084229e+11 -1.130942085663112793e+11 1.357954329846541786e+10 -2.348646059901329346e+11 -6.053705223630545044e+10 -1.431639456748701477e+11 -1.560868073398823242e+11 -1.278233452044360504e+11 -1.306633374732361908e+11 -1.659610983639050598e+11 -3.857251733383000183e+10 -2.109681228400734558e+11 -1.182268813088424377e+11 8.268720116486838341e+09 -2.787065915652628174e+11 -1.299443324076558075e+11 -1.359366652300012665e+11 -9.913447189446228027e+10 -6.601998043236119080e+10 -1.959138605715597229e+11 -1.990522096756973267e+11 -1.798800923634801636e+11 -1.860352104790110779e+11 -1.270824357044426880e+11 5.216626578888809472e+18 1.456122391225550336e+18 -2.595869728520308160e+17 -1.330571413031275520e+18 1.104262167457969357e+19 3.237070672172033920e+17 -7.803168927657198400e+16 1.231625841671166208e+18 2.607537214188253760e+17 4.167839460882376000e+16 1.118937374079654298e+20 9.106472999251854080e+17 6.133471401226974720e+17 2.900821749840441600e+17 3.637423850076187520e+17 1.881784299993819200e+17 -5.821972859433212000e+16 -1.512611367746858240e+17 2.687309308633160320e+17 5.781958684473295360e+17 -6.019911087399160320e+17 -2.140675282326534400e+16 -1.866476731897837440e+17 9.416479027236008000e+16 3.949919509443660800e+16 -1.806074442385316160e+17 -1.594909045137231360e+17 4.469128738890946400e+16 -2.499630439230995840e+17 -6.402937141016347200e+16 -1.129504127665481800e+16 -1.546530614801416600e+16
-3.438495407933554688e+11 1.728002378432896729e+11 2.292061316909020386e+11 1.053961821585381927e+11 2.121878499879228821e+11 6.355287954057131348e+11 4.870204783583613281e+11 7.409753104459571838e+10 4.841139231200966644e+10 8.726646673817111206e+10 2.524528156646701431e+10 4.250902745523912811e+10 -4.322000693566753387e+10 -4.118724702449222565e+10 9.372169773855841160e+08 -2.193131286237008572e+09 -2.108751447536286545e+10 9.445430408881850243e+08 1.330403633563141823e+10 -5.626336226684649467e+09 1.177238495852296257e+10 -1.143003403235928917e+10 -1.746291598928689575e+10 2.742544192965208435e+10 2.147678414361553574e+10 2.882367803107611465e+10 4.890005786225530624e+09 2.848265121105117416e+10 8.078701500122350454e+08 2.986237004501586533e+10 -8.278913123287097931e+09 7.634037730731070518e+09 -4.327537540788592696e+08 4.571756745062775612e+09 1.800291284756801605e+10 6.085806129611487389e+09 1.647104373967629814e+10 -6.137180630104136467e+09 -9.591495301589155197e+09 -5.762804900141729116e+08 1.578143199481346512e+10 1.507886933721184349e+10 -5.820222242815153122e+09 -3.180592720838963985e+08 3.715426337109149456e+09 -5.994320758974173440e+17 2.585942151035809280e+17 4.389639315489420800e+16 5.313586673511609600e+16 1.045238523347401728e+18 1.868325651296044800e+17 2.297173727590192640e+17 -4.486480592398810400e+16 8.331427843512283200e+16 -6.001452846686759000e+15 9.106472999251854080e+17 1.957255072933853440e+18 1.024910846252694720e+17 1.726522223174562880e+17 2.214396545099818400e+16 -1.307724814395463400e+16 4.649418783878748000e+16 2.166410367819487600e+16 4.962029131278748800e+16 5.677299377156860160e+17 2.117921701296765625e+14 1.179623554733453920e+17 2.811377616505796800e+16 -4.159071100429807000e+15 6.321483618487599200e+16 -5.154742601022642188e+13 -1.043512354035613000e+16 -7.026963246964412500e+14 6.430313626848411200e+16 4.598617888171177000e+15 -3.206337904961274000e+15 -4.684191226399846000e+15
8.376334768778270264e+11 5.683449686811949463e+11 1.420447341783872803e+12 8.445654484979661865e+11 7.455578556061938477e+10 1.504086055988585510e+11 5.960085520525000000e+10 1.297555185615773621e+11 1.548543892459455261e+11 2.010265027423293152e+11 1.177689400148572540e+11 4.111435189927182770e+10 3.529612649706872559e+10 9.452338690644677877e+08 3.501279903652029991e+09 1.034813145628632545e+10 -1.873006922702324677e+10 -1.353284692895864105e+10 2.828954458909949493e+10 1.875503676278059244e+09 2.509751185816991425e+10 1.829015597254197693e+10 -6.302471129809649467e+09 2.367658754992896271e+10 -9.452937419899711609e+09 -3.525675582794158936e+09 2.734864204177648067e+09 1.139530283420027494e+09 2.091039906646790314e+10 5.710845560172008514e+09 5.144478525689247131e+09 4.744364905194526672e+09 7.223394104989412308e+09 -3.134522609846598625e+09 9.893678807140592575e+09 -6.576163880690050125e+09 -1.687179129559870529e+10 -1.600449533546766090e+10 -6.639168025999298096e+09 -8.616736235616842270e+09 9.004931314866762161e+09 9.509699463116336823e+09 1.389225472702775955e+09 2.978733143100352287e+09 6.643991215788503647e+09 7.780747490813273600e+17 8.942338332415424000e+17 4.123860966635776000e+17 -7.658610028923790400e+16 2.439928264840600064e+18 4.000137852138860800e+17 2.007672771828597200e+16 4.545394261321351680e+17 6.570411612492664000e+16 9.790431281151358400e+16 6.133471401226974720e+17 1.024910846252694720e+17 1.478258689627829760e+18 1.043349777294481920e+17 5.874219005437832000e+16 3.063330481150437120e+17 3.738659393028156800e+16 5.609867996043760000e+16 5.033462970331850400e+16 -1.231635033270770600e+16 6.216924253368115200e+17 4.551085780939415200e+16 3.071480023136711600e+16 2.362219981884013760e+17 2.864390689022743600e+16 4.072143332551275200e+16 8.539892153376727000e+15 2.149868584093206400e+17 1.638937326901776800e+16 7.633119445886751000e+15 6.366492531765182000e+15 6.014667371694517000e+15
-3.269110745896707764e+11 6.944483196161148071e+10 7.406891109646606445e+10 2.720450185084670410e+11 3.169489472206061401e+11 2.713804751655570679e+11 1.763637868111826782e+11 1.120686714556133423e+11 1.083424369628330994e+11 8.902558067663476562e+10 5.285117785251676941e+10 4.893765181321785736e+10 2.305031377594707489e+10 -3.022319082886912823e+09 9.052551191137817383e+09 7.527259670156687737e+09 -2.800685645678450775e+10 3.527568406594221592e+09 1.002337217032279205e+10 -6.755309505945606232e+09 8.982476227697052002e+09 3.016273888977321148e+09 7.274810359526201248e+09 -2.896238115946896076e+09 -2.330249084456383228e+09 -9.592008816378740072e+08 2.458894232885536671e+09 5.501305102779829025e+09 6.755990399578152657e+09 4.038331772428833961e+09 -5.472579093612099648e+09 1.900917057329370260e+09 3.266060879638297081e+09 1.351945217475155354e+09 -4.568480520503841400e+09 -7.787418254751731157e+08 1.136606076108246803e+09 -5.543769886125486374e+09 -6.726668456157708168e+09 -2.402306026210003376e+09 -1.677560076943075895e+09 -2.249647823791230202e+09 -9.414415900027843475e+09 -8.207072494932043552e+08 -9.767302009060300589e+08 1.707792653241503680e+17 2.248544576210832000e+17 2.348576574739239600e+16 9.817695567015812800e+16 6.026058101526314240e+17 7.356993308031720000e+16 8.688973448791982400e+16 2.704228489250129200e+16 8.467314070740144000e+16 3.680653891781379200e+16 2.900821749840441600e+17 1.726522223174562880e+17 1.043349777294481920e+17 2.509899464085741120e+17 4.667453077236938400e+16 2.077577733926683600e+16 5.146562560979008800e+16 3.479680720321224000e+16 2.550008121403120800e+16 7.495523618255560000e+16 1.374207401468607840e+17 6.747745312319156000e+16 3.341509964288182000e+16 2.075211842496553200e+16 3.726602293478617600e+16 2.680205376155525600e+16 1.374901875898830200e+16 -9.320816235384068000e+15 4.499467391173008800e+16 1.492713058195970000e+16 1.106956203961544400e+16 8.066353485961822000e+15
-4.053612331969180298e+11 -9.887470499849420166e+10 6.323239161489364624e+10 3.445853737191917419e+10 5.023958361267976379e+10 3.779991971831728363e+10 1.725625948456005249e+11 2.263009322991878662e+11 1.620770769249015198e+11 1.218141043536918488e+11 5.337058380611144257e+10 3.337908914838979340e+10 3.150443061611453247e+10 6.936018943692184448e+09 7.911452115510925293e+09 -7.686481219728270531e+09 -9.251991635716156006e+09 -1.732027731785519838e+09 -8.364858537647987366e+09 -6.109617110824525356e+08 8.651611106293348312e+09 2.018979728762379646e+09 -7.548237325160429955e+09 -6.080857878686116219e+09 -2.416480198757618427e+09 -1.254463359820755959e+10 -5.858320926778050423e+09 -1.709089282632667422e+08 -2.235067513946572781e+09 -3.031049643092810154e+09 -2.619090148740957737e+09 -6.162045443275220692e+07 1.350127340670506954e+09 -8.054673152873885155e+09 -5.793451123092919350e+09 -1.144357887784221649e+09 6.420018137401917458e+09 -1.913922749784582376e+09 -5.995759482176533699e+09 3.349263416830585599e+08 -8.738438108497861862e+09 -4.705841132646637917e+09 -3.198587709778206825e+09 -7.776772695162499428e+09 -3.213465426426126480e+09 -1.303589671211312640e+17 -5.232806545280088800e+16 -1.920242296014334400e+16 -8.411731602154081000e+15 4.556916911434639360e+17 7.055526389299597600e+16 1.913751445591605600e+16 3.773054266446932800e+16 5.165736977462168000e+16 1.115424286575875200e+17 3.637423850076187520e+17 2.214396545099818400e+16 5.874219005437832000e+16 4.667453077236938400e+16 2.488872668234183360e+17 1.041458245711009600e+16 6.678172728187274000e+15 6.152194452091302400e+16 5.169579378094846400e+16 3.799460166188943200e+16 7.495717365683187200e+16 4.559979623911746400e+16 6.135255074222303200e+16 8.012203567320859000e+15 1.560425201670099600e+16 3.080150355242411600e+16 1.321778684157774800e+16 2.398836882978516800e+16 8.668145647667407000e+15 2.536897451185627200e+16 -2.648548974967670000e+15 1.012675731088280400e+16
1.566501690387708252e+12 1.479235118192922119e+12 1.329601728833077148e+12 5.819631526559874268e+11 -7.062203857420468140e+10 1.207714283014326172e+11 1.249717304504989624e+11 -1.011206276647585487e+10 4.326762633666178894e+10 1.083471592763930359e+11 1.372085942521890564e+11 6.859038141795461273e+10 5.852272758639097595e+10 -2.542072100173856354e+10 3.032678759101427460e+10 -1.381019318484005165e+10 1.281960104078660774e+10 -2.181805237221921921e+10 -1.805751372267251587e+10 -2.255566517363639450e+10 8.442992101255322456e+09 -1.690798160824124527e+10 3.857140512883804798e+09 -1.726358966620729828e+10 -1.320428851120451355e+10 1.611005667640143967e+10 -1.042380590454606247e+10 2.681801317650536060e+09 2.235945508287126923e+10 -4.551710500019438744e+09 2.718267141775424957e+09 -1.895508369509077835e+10 3.622076783002485752e+09 3.628817222269515395e+08 -1.311335512704323196e+10 -5.351184419273475647e+09 -5.894181033656321764e+08 -8.350316439062449455e+09 -1.487921708527054977e+10 -3.842677434374523640e+09 -5.769452625882186890e+09 2.167104487509517670e+09 -2.585381369022274780e+10 -6.808519717748871803e+09 -6.423509909968725204e+09 1.288816504096163584e+18 4.319590268840433920e+17 7.752608608325692160e+17 -9.928287736776840000e+16 -5.478168315649186560e+17 2.653398669520721600e+17 -6.589847131333336000e+16 6.106480163439554560e+17 2.922350030699536800e+16 2.110542917196872800e+16 1.881784299993819200e+17 -1.307724814395463400e+16 3.063330481150437120e+17 2.077577733926683600e+16 1.041458245711009600e+16 1.308768280255107328e+18 1.503478675951329200e+16 2.588167203221073200e+16 3.749585226490196800e+16 -5.841031735259971840e+17 1.848915572054008960e+17 -9.157016443841196250e+14 6.725494204814590000e+15 2.420168976302955200e+17 1.958852796032331250e+15 1.442141577915261200e+16 3.170065718859662400e+16 5.224345174690384640e+17 1.462134552614697600e+16 4.123201293056330500e+15 5.841907550083080000e+15 5.700042688240456000e+15
4.425122658528778687e+11 6.969198531766642761e+10 5.907513432913088226e+10 3.125642028313013916e+11 3.126676038508923340e+11 2.451685124025597839e+11 4.919748708250315094e+10 1.012579022309875298e+10 5.586378211238965034e+09 4.532586576011096191e+10 7.555501133708023071e+10 7.605990708702359009e+10 1.604202845973656464e+10 1.646264049840769386e+10 3.733975494622557068e+10 -1.281269782738318825e+10 -5.113457448360530853e+09 7.831645927119601250e+09 6.750668037119915962e+09 5.885630456878554344e+09 1.062293805812405586e+10 -1.240330938167954636e+10 1.394138308907762527e+10 1.112978159931533051e+10 -1.361136953936608124e+10 1.045964437489859772e+10 7.387878654881683350e+09 1.697615950332355690e+10 7.465052136104950905e+08 2.042577222381171227e+09 2.975192776526292324e+09 -1.662416629696569204e+09 1.788056022921079874e+09 3.890205385098216057e+09 1.071830486298296690e+09 8.647990978286695480e+09 6.013227289047876358e+09 4.529869985223148346e+09 1.603759616741571426e+09 3.448137239300570965e+09 3.167544788512194633e+09 1.501809702604538918e+09 7.200687432308332443e+09 2.207001327083980560e+09 1.835055691516218901e+09 -1.239923981483974240e+17 8.301896135041153600e+16 5.817242988344796000e+16 1.121582507030354400e+17 3.535136192421192320e+17 2.760208306925627600e+16 6.668224813802036000e+16 -1.347472231373632400e+16 2.676692104536984000e+16 1.088796849780913000e+16 -5.821972859433212000e+16 4.649418783878748000e+16 3.738659393028156800e+16 5.146562560979008800e+16 6.678172728187274000e+15 1.503478675951329200e+16 3.001353657805159040e+17 3.552377351416148800e+16 4.352759693824723200e+16 -1.216517873619672160e+17 1.245034521050381400e+16 2.787314312658459600e+16 1.082451663418690800e+16 1.024027110625426800e+16 4.456794225345912800e+16 2.130267900580812000e+16 1.530168065878549600e+16 -5.477818456755452000e+15 3.909652963673373600e+16 4.098724625885232500e+15 5.504676996282810000e+15 1.414990166708457400e+16
-3.484870470070815430e+11 2.370540832445387650e+10 1.925589933786184311e+10 7.150141518119754028e+10 8.793782575882696152e+09 6.360025286490640259e+10 6.252336463167786407e+10 9.645406547612956238e+10 8.592122062948725891e+10 9.886585583443273926e+10 7.563404144903672791e+10 5.662300703728315735e+10 3.025770896891492844e+10 9.173385131110177994e+09 1.153574444844355583e+10 1.487301663557238817e+09 1.751200286803980827e+09 5.163314321592246056e+09 -1.704073183431614399e+09 -8.136959813218096495e+08 1.043449649767339134e+10 -6.969325827993324280e+09 -5.025926849134491920e+09 -5.517570536481442451e+09 -4.531319820059958458e+09 4.999980168793559074e+08 8.697525469881280661e+08 1.139398936029660940e+09 -4.147929353756330967e+09 -4.723428081888530731e+09 -4.340526405845328331e+09 1.474679574175527811e+09 -8.376974683124127388e+09 -7.081245231966473579e+09 -7.217198525740953445e+09 -4.101765653889914513e+09 -3.330385567357989788e+09 -5.226907515170142174e+09 -3.643715470167785168e+09 -3.045130021349411011e+09 -1.794644106210598946e+09 -4.439956292114319801e+09 -5.866380361004837036e+09 -6.861550164337718010e+09 -2.349370428144636631e+09 -1.675689697497661440e+17 4.981966453511600000e+16 2.583901376148941600e+16 4.380002551060377600e+16 2.655319011057120000e+16 4.537183396875394400e+16 9.138998834429058000e+15 1.963743933801986000e+16 2.457654351895924000e+16 3.901449647845773600e+16 -1.512611367746858240e+17 2.166410367819487600e+16 5.609867996043760000e+16 3.479680720321224000e+16 6.152194452091302400e+16 2.588167203221073200e+16 3.552377351416148800e+16 1.707965098601433920e+17 5.833912972922313600e+16 -5.183685496760661600e+16 6.273721746826754400e+16 2.208396757688309600e+16 2.268606008056710000e+16 2.408962449910311600e+16 1.814406429476718800e+16 3.026806167650401600e+16 2.790288802057120800e+16 1.894807607139823200e+16 7.518398509325964000e+15 1.907003448056297200e+16 9.090110718838384000e+15 4.741120945901600000e+15
-2.119855566995705566e+11 -5.483323040604484558e+10 5.387193145205561066e+10 1.664629907868388367e+10 -5.620988493497344208e+10 6.407283213777998352e+10 2.118909638456329727e+10 5.679703928711979675e+10 4.872159505900149536e+10 1.175911876679651337e+11 1.303615102411782532e+11 1.117739833946716309e+11 6.211183442351888275e+10 1.239204416775077820e+10 4.253343997359353542e+09 -3.535831251044124126e+09 -1.315336719510580778e+09 -4.264253338570672035e+09 1.222294816880037308e+10 -9.368615403409310579e+08 1.052772931586711121e+10 -1.001973798735433197e+10 8.987728776304057837e+08 -2.756999866707002640e+09 1.097753140746782875e+10 1.415492111148609161e+10 7.052804083132975578e+09 4.593690276142114639e+09 4.819901279070574760e+09 6.336629980313765526e+09 -9.027179801090087891e+09 6.691038687244042397e+09 8.522828058203771591e+09 1.923126322026513815e+08 -1.045595187207288265e+09 1.388725282692083120e+09 -4.145221349708330154e+09 -3.453900110369072437e+09 -3.389851446694251060e+09 -1.113200704840116978e+09 4.254149617199176311e+09 -3.505847151260915279e+09 -5.594096324030424118e+09 -5.095677111875545502e+09 1.660868071292989254e+09 -5.959961021844527200e+16 1.351859353607538240e+17 -1.453569418118351400e+16 -1.295279536483869400e+16 -6.450060696797913600e+17 7.788989279426224000e+16 9.462680679720786000e+15 -1.665167346270876000e+16 1.293988011763816200e+16 1.121504894146154600e+16 2.687309308633160320e+17 4.962029131278748800e+16 5.033462970331850400e+16 2.550008121403120800e+16 5.169579378094846400e+16 3.749585226490196800e+16 4.352759693824723200e+16 5.833912972922313600e+16 3.641059889092736000e+17 -1.632727194488908800e+17 -1.807479630879754240e+17 3.173886385661133200e+16 3.767566352038896000e+16 1.918862053334838000e+16 1.472423927507937000e+16 2.763902081009275200e+16 3.452322034641677200e+16 1.882330078901864000e+16 9.492147876240764000e+15 1.177105527920355600e+16 7.890696675083292000e+15 7.025411331513197000e+15
4.826370987898589844e+12 -1.331816979176438477e+12 1.239591065275536621e+12 6.763244917670294762e+09 2.702532008460321045e+11 5.582930045195175781e+11 1.453442223012721924e+12 4.348745539781038208e+11 3.446669936590010376e+11 2.929234979851439667e+10 -2.319385773418122559e+11 -1.512267974968927307e+11 2.745824702744471436e+11 -1.183879387189652100e+11 -2.774030284298944092e+11 2.292572496541299438e+11 -7.421753554484581947e+09 -8.251318201085281372e+10 1.628417422219164124e+11 1.676309764471024475e+11 1.063516747334570503e+10 7.758789798744961548e+10 -5.529469431637123108e+10 -8.931789819654919434e+10 -1.915935060350051270e+11 -8.116840194454898071e+10 -5.342809936405679321e+10 1.890556530081791077e+11 -3.025951933731578445e+10 -1.113414003253855705e+10 3.096527678420454025e+10 6.551814735888927460e+09 -8.646696239912509155e+10 -1.615055779578452454e+11 -7.187266051817355347e+10 1.095936400290937653e+11 2.588682205464961624e+10 -2.764505288431366348e+10 1.626337187314676476e+10 -3.604618283054908752e+10 3.162094190178447723e+10 -5.225294004098543549e+10 -5.941252491535656929e+09 -7.210579256476593971e+09 -1.415848378782348824e+10 -2.534639383307961856e+18 2.519378851122138560e+17 9.941423559493580800e+17 -3.057363483563088000e+17 -2.352487210646312000e+17 -1.644659630644363200e+17 -2.384027288762591360e+17 5.727633512636749440e+17 1.243557178289682560e+17 5.480912105971683000e+15 5.781958684473295360e+17 5.677299377156860160e+17 -1.231635033270770600e+16 7.495523618255560000e+16 3.799460166188943200e+16 -5.841031735259971840e+17 -1.216517873619672160e+17 -5.183685496760661600e+16 -1.632727194488908800e+17 7.332361727254903194e+19 1.317982257863608832e+18 5.333499474290376960e+17 -3.832490164726980000e+16 1.397993995129841800e+16 -2.116581203138281250e+15 -6.154043116393001600e+16 -1.289947472168918720e+17 -3.509604984428720800e+16 1.198325194585184800e+17 -1.192257960417346400e+16 -2.360740281803568000e+15 -7.994315635779977600e+16
-3.441398940735767578e+12 9.166929785356800537e+11 -8.258151846123510742e+11 3.949003948373626099e+11 3.430931368268064575e+11 2.750834888887056274e+11 6.442359136206112061e+11 -2.782369049336207886e+11 -1.490127296396729126e+11 7.595676736719959717e+11 7.458926376732702637e+11 1.659619213824610291e+11 -2.130543887374962769e+11 -2.157278662281553040e+11 1.271254152538842010e+11 6.718458108366616249e+09 -4.272424184794091034e+10 7.170575052767585754e+10 9.525810390783137512e+10 -5.219860490796109772e+10 -1.920644147691246033e+10 1.279923198901976967e+10 -1.948811499950098419e+10 -1.029795473395634155e+11 -3.184738500795301056e+10 1.332339680563594208e+11 -8.669762299531051636e+09 -1.275033593187005424e+10 -8.389834997256636047e+10 8.490845906895411682e+10 1.246875988900299225e+11 -1.577228536139242649e+09 -6.196427424140051270e+10 8.662457991335437012e+10 6.691232964893336487e+10 9.654639814958432007e+10 -1.255419470877748260e+11 -6.262573533225786591e+10 9.598088559428838730e+09 -1.245115415278514290e+10 2.417151308564553833e+10 -2.711384564985202789e+10 4.116458962913159943e+10 -9.084456269431854248e+10 3.195334525552850342e+10 3.445299669152689664e+18 4.613698164628076800e+17 -3.641070747403054080e+17 -1.557537403000341440e+17 -3.792894962955209728e+18 2.492132645540730240e+17 1.183136236907034720e+17 -2.690693823969332480e+17 -1.507824763710454080e+17 6.346883580980822400e+16 -6.019911087399160320e+17 2.117921701296765625e+14 6.216924253368115200e+17 1.374207401468607840e+17 7.495717365683187200e+16 1.848915572054008960e+17 1.245034521050381400e+16 6.273721746826754400e+16 -1.807479630879754240e+17 1.317982257863608832e+18 4.971672829232121446e+19 9.235679789662323200e+16 -1.549053378275220800e+17 4.192114091396607360e+17 -5.187531995117634400e+16 4.098095775128555200e+16 -9.414774680990624000e+16 -1.604751109949728640e+17 -2.066404916216207600e+16 -6.581170952716950400e+16 -8.595867883123131250e+14 -7.182412673746042400e+16
-1.728341874664202271e+11 -3.660853470250138855e+10 2.300571003472799988e+11 1.426711291496311035e+11 2.115830797640106201e+11 3.689315473700541992e+11 2.418218592836496582e+11 1.005638109460612030e+11 1.849882983676932373e+11 8.200637824362597656e+10 2.328189239389535904e+10 -1.113151756431374550e+10 4.481043762514491272e+10 6.245140876164498901e+10 4.589822624235510254e+10 1.328908538284570122e+10 -4.638092574062500000e+08 -8.289983202323104143e+08 4.526079098218630791e+09 1.927397237426115036e+09 1.053150580834359741e+10 -9.663091774081018448e+09 -1.011076130309855652e+10 9.482441607751560211e+09 1.873359887924802780e+10 -3.190194659163773060e+09 -1.276203556635081053e+09 -1.103744193684271431e+10 -2.818513310984336376e+09 1.260661524815101433e+10 -3.245925380572200775e+09 -4.708330043568236351e+09 -2.848263986205350876e+09 -2.922988096596618176e+09 -4.624350763116139770e+08 -7.018820255107077360e+08 -9.038995606788314819e+09 -1.104493234378294373e+10 -1.257432349348304176e+10 -7.104430335547874451e+09 1.723961171240960836e+09 -3.293716135596209168e+08 -9.365278214270227432e+09 -7.337516602261926651e+09 -4.887312850811243057e+09 1.371036966359905760e+17 1.477677283718874880e+17 1.293736921080340000e+17 1.667493354303341800e+16 -9.529929586026995200e+16 8.856379260690476800e+16 8.892586785422542400e+16 3.941023117181445600e+16 3.316442930823846800e+16 3.881581769891080000e+16 -2.140675282326534400e+16 1.179623554733453920e+17 4.551085780939415200e+16 6.747745312319156000e+16 4.559979623911746400e+16 -9.157016443841196250e+14 2.787314312658459600e+16 2.208396757688309600e+16 3.173886385661133200e+16 5.333499474290376960e+17 9.235679789662323200e+16 4.921995394616293120e+17 7.767276512677692800e+16 3.449747437468373200e+16 4.747109083587993600e+16 2.302847120508053200e+16 7.452216046574320000e+15 5.603471306700312000e+16 4.373972469556295200e+16 3.624423671086696000e+16 1.323929126774100600e+16 1.795034768607928800e+16
-2.736917234586100464e+11 -8.332237654951641846e+10 1.656608112748037910e+10 -3.909973418099594879e+10 -4.780851382745222473e+10 5.573499063839699554e+10 1.020893886561039734e+11 2.170566549399647522e+11 1.699935572333920898e+11 6.726666400898573303e+10 1.349686272652463341e+10 -3.306602377335269451e+09 -3.547791911765966892e+09 2.924759558605315399e+10 2.727367353771741486e+10 7.220102020696061134e+09 -1.908326737782942581e+10 -1.586033113434200287e+10 -8.370071320255917549e+09 -2.012135814343175888e+10 -1.152502672407067871e+10 -1.530636308633159637e+10 -8.934086707749589920e+09 -3.878195401896677971e+09 -3.764507726567447186e+09 -1.279713703138831711e+10 -1.433952231176542854e+10 -2.629016265984471798e+09 -5.628075361025045395e+09 -1.349737455652427673e+10 -1.885106309741327667e+10 -5.103487633952508926e+09 -9.023002405632925034e+09 -8.885116992966554642e+09 -1.410635493954401970e+10 -7.251289555595651627e+09 -1.046859185195828056e+10 -1.285100812676089859e+10 -1.302149660663524437e+10 -1.240974339425849724e+10 -7.214970565665026665e+09 -8.427912082222879410e+09 -7.859378353373017311e+09 -1.245513449439856339e+10 -1.148726890956365013e+10 -1.337785849634985600e+17 -4.851875799923756000e+16 2.725028056670526000e+16 -4.428462358930232000e+15 -4.900481810353760000e+16 4.422401181398888800e+16 4.620363395580642400e+16 4.659383674587072800e+16 5.435690062670079200e+16 7.651731729637830400e+16 -1.866476731897837440e+17 2.811377616505796800e+16 3.071480023136711600e+16 3.341509964288182000e+16 6.135255074222303200e+16 6.725494204814590000e+15 1.082451663418690800e+16 2.268606008056710000e+16 3.767566352038896000e+16 -3.832490164726980000e+16 -1.549053378275220800e+17 7.767276512677692800e+16 2.262811673515656000e+17 -4.377648470631869000e+15 2.604240024605578400e+16 4.399281920417112000e+16 6.346385413527738000e+15 1.704217375397755400e+16 1.516284650394486400e+16 4.105855158108504000e+16 8.506500865544331000e+15 1.552445215102843400e+16
3.494945625924462891e+11 5.357307733840853271e+11 1.387754823715738770e+12 7.957098135711788330e+11 1.565122630978095398e+11 2.674328866465591812e+10 4.712006492946665192e+10 7.326595583533780098e+09 1.472450970965644264e+10 3.854927640134930420e+10 2.878583268967834091e+10 6.064845596614996338e+10 9.810081019563223267e+10 5.253833595589543915e+10 2.629776381030147934e+10 1.327570987027182579e+10 1.479265048392421722e+10 -1.042772520127913857e+10 1.280618963895186996e+10 7.538109304483579636e+09 -9.273628219369670868e+09 -5.134844137651204109e+09 2.244797172344290733e+09 1.975421477834040833e+10 1.741168576746017456e+09 -2.067775556980632842e+08 1.436572245974368668e+10 -1.172672709658714294e+09 -2.941464975757790089e+09 4.183020496411695480e+09 2.640582730589624786e+10 -5.275738519580459595e+09 4.124081846930761814e+09 6.504158634574303627e+09 1.225534398412243652e+10 1.963930681463762522e+09 2.888781039211185455e+09 -7.834764597607308388e+09 1.016299220073756218e+10 4.464236833878836632e+09 5.654901528175022125e+09 -4.742793042595692635e+09 -6.516939261881336212e+09 -2.933780462890217304e+09 1.013834618372927475e+10 5.529477820857498880e+17 5.134371802843566080e+17 2.485058010829685440e+17 -1.160472322762334600e+16 3.820431038209264640e+17 3.445963730846236160e+17 1.949004813173770800e+16 2.557875064552254720e+17 -1.462563657766374400e+16 8.610519007023782400e+16 9.416479027236008000e+16 -4.159071100429807000e+15 2.362219981884013760e+17 2.075211842496553200e+16 8.012203567320859000e+15 2.420168976302955200e+17 1.024027110625426800e+16 2.408962449910311600e+16 1.918862053334838000e+16 1.397993995129841800e+16 4.192114091396607360e+17 3.449747437468373200e+16 -4.377648470631869000e+15 8.210854156845872640e+17 2.375724075671679200e+16 2.080297252422139200e+16 4.777277535927707000e+15 2.504843755349784640e+17 2.722162526918505600e+16 -3.895636923166140000e+15 7.732133986285907000e+15 8.139960405929466000e+15
-6.150235955032109070e+10 5.520635067642988586e+10 2.030165798073014450e+10 1.894271230218907166e+11 2.591406025665605469e+11 2.300145517058199463e+11 1.094952665664205780e+11 4.226644095372275543e+10 9.950660706615854502e+08 3.801377758667764282e+10 6.182650454071607208e+10 3.488639791409192657e+10 2.862237119508389664e+10 3.072960722548355103e+10 1.797347784131661224e+10 2.208802558104704380e+09 -4.267128980263980865e+09 -7.311609861806886673e+09 -4.470896459842422485e+09 5.881159005472223759e+08 -2.218885280804861546e+09 -3.183804956846534729e+09 -3.757463486430980682e+09 1.056791274884978104e+10 1.202100245905251026e+09 -7.850323367424083948e+08 -8.098976920002152920e+08 2.196477470973186493e+09 -3.089106117439457417e+09 -1.208945553346319914e+09 -8.704331000888972282e+08 1.275560803988742113e+09 8.514297435557013512e+09 3.689879471941362381e+09 -2.010332885716778994e+09 -1.554286994539224207e+08 3.814169496823211312e+08 -6.394017798859393120e+09 -7.206657372592854500e+09 -5.592229814172381401e+09 -4.505200920101730227e+08 -1.287614717455182791e+09 -5.758769861721745729e+08 -6.110440329329358101e+09 -1.708853530896039486e+09 -2.934349985432202880e+17 -1.352701273538143400e+16 1.253898669295636000e+16 6.787724016701847200e+16 3.557532809930696960e+17 9.744211972830796800e+16 8.088436909637940800e+16 1.901412768797636000e+15 4.122381935267607200e+16 9.904868940009678000e+15 3.949919509443660800e+16 6.321483618487599200e+16 2.864390689022743600e+16 3.726602293478617600e+16 1.560425201670099600e+16 1.958852796032331250e+15 4.456794225345912800e+16 1.814406429476718800e+16 1.472423927507937000e+16 -2.116581203138281250e+15 -5.187531995117634400e+16 4.747109083587993600e+16 2.604240024605578400e+16 2.375724075671679200e+16 1.332971997913631040e+17 1.747151274095716600e+16 1.411453461066459200e+16 1.247659718014097800e+16 4.829369411858932800e+16 9.762415138413050000e+15 8.743696290308776000e+15 5.231132107802489000e+15
5.704548110293970490e+10 -4.445122605548803711e+10 -6.936997160541408539e+09 4.053259653267373657e+10 1.098854256857494164e+10 1.256777540054580498e+10 5.905149586146063232e+10 1.052875395511779633e+11 9.344706494965547180e+10 6.674657202950752258e+10 5.908580070953394318e+10 3.486454205152901459e+10 3.056371011181028748e+10 3.163873058114578247e+10 3.199006232479219437e+10 1.208915128601951218e+10 -1.373868975855261087e+09 2.655714153586975098e+09 6.786712127454847097e+07 -1.433545324767126322e+09 6.021558450411443710e+08 -6.803791693466845512e+09 -3.256610468787117958e+09 -4.684231566443280220e+09 -1.812565623336998224e+09 -1.275669270730859756e+09 -5.280651699310846329e+09 -3.134519583886835098e+09 -2.871066877115280151e+09 1.308726808186999083e+09 -4.895397250945187569e+09 -3.342929084522799969e+09 1.096898193961872578e+09 -4.372058862568830490e+09 -7.242312706890474319e+09 -2.759010360648568630e+09 -2.532959599002662659e+09 -4.771069153182510376e+09 -3.655047213521655560e+09 -6.045709809586300850e+09 -3.155223991924917221e+09 -2.511469153608940601e+09 -2.559982818905286312e+09 -6.038164681703824997e+09 -4.877370642733953476e+09 1.825912346761779600e+16 4.633115538780745600e+16 1.970453822585384400e+16 4.752356153155061000e+15 1.639303163301055680e+17 3.973721122065872800e+16 2.220649005281360800e+16 1.741017527184663200e+16 3.248543559488690400e+16 4.996717006123277600e+16 -1.806074442385316160e+17 -5.154742601022642188e+13 4.072143332551275200e+16 2.680205376155525600e+16 3.080150355242411600e+16 1.442141577915261200e+16 2.130267900580812000e+16 3.026806167650401600e+16 2.763902081009275200e+16 -6.154043116393001600e+16 4.098095775128555200e+16 2.302847120508053200e+16 4.399281920417112000e+16 2.080297252422139200e+16 1.747151274095716600e+16 6.890608108997716000e+16 1.912532990201890000e+16 2.675420655257928800e+16 1.300336095002134200e+16 2.368914392555395200e+16 1.287218929171483600e+16 1.546794467645015600e+16
-1.109080868665501404e+11 3.802314672431864929e+10 3.235477096075638199e+10 9.011891750429553986e+09 -1.767933496651475906e+10 3.442094390359865570e+10 -2.835913293939278412e+10 -9.842917481658510208e+09 7.559814177507130623e+09 6.214462669732624817e+10 7.752173515055599976e+10 6.023364890215850830e+10 5.315179029091488647e+10 3.942405295636446381e+10 1.796759553589961243e+10 5.256025203223800659e+09 1.231339458191944695e+10 4.687909465534619331e+09 3.093607897701324463e+09 3.939895759918895245e+09 6.581059830623377562e+08 -6.086272825227283478e+09 -3.064251287959311962e+09 -3.913733365201468945e+09 3.384037063545639992e+09 6.929596295267369270e+09 1.095307451144460917e+09 -6.324348526456539631e+08 6.572503380937751532e+08 -5.260810320508271217e+09 -4.963404365120729446e+09 -1.330988918831959486e+09 -4.860679553211573362e+08 -3.362912919707515240e+09 -2.409325362671498299e+09 2.150584764618812561e+09 2.548684658760042191e+09 8.019681282941168547e+07 4.330208556991060257e+09 3.529448860129787922e+08 2.359539601333296299e+09 -1.271827381599398613e+09 4.908800005504629016e+08 3.114962834232726693e+08 4.314987640168146491e+08 3.555568124314411600e+16 2.094668298437552000e+16 -9.878960588858512000e+15 -3.022170430625816500e+15 -5.518640970030623360e+17 -9.062044980967466000e+15 3.674675850123786000e+15 -9.711613501789846000e+15 5.910588264408795000e+14 1.029129248502255200e+16 -1.594909045137231360e+17 -1.043512354035613000e+16 8.539892153376727000e+15 1.374901875898830200e+16 1.321778684157774800e+16 3.170065718859662400e+16 1.530168065878549600e+16 2.790288802057120800e+16 3.452322034641677200e+16 -1.289947472168918720e+17 -9.414774680990624000e+16 7.452216046574320000e+15 6.346385413527738000e+15 4.777277535927707000e+15 1.411453461066459200e+16 1.912532990201890000e+16 8.532025645857932800e+16 1.114126128996453200e+16 9.595977968438726000e+15 1.180052990966317200e+16 2.199269687493148800e+16 1.046636487380756400e+16
1.178794690004029541e+12 1.532183478961687256e+12 1.369825779600726318e+12 6.017807379330771484e+11 1.205950230714586182e+11 1.216979341584466705e+11 1.126753064114013367e+11 7.899709459988697815e+10 -1.483245079142545319e+10 2.689742298261972666e+08 6.600524348342113495e+09 -5.702811232787944078e+08 4.986805072490130615e+10 3.496198181243684387e+10 7.016291611118316650e+10 2.573990044613078690e+10 9.508561525247796774e+08 -2.544561809899599552e+09 9.815026879990650177e+09 -2.362814339590741348e+10 1.115396873345343208e+10 1.706946483059421301e+09 1.056455839695190811e+10 -1.351564999208554077e+10 -1.049966292990510941e+10 -2.945281614346014023e+09 7.961651674211036682e+09 -2.059051008675059795e+09 1.191505981453312302e+10 -8.784438109627960205e+09 1.172235298778948784e+10 -1.672025778598548174e+09 -7.842772621634480476e+09 -3.426661696819806099e+09 3.174711085166199684e+09 2.620243537348168492e+08 -4.667270028033213615e+08 -3.934607956448431015e+09 1.267544933430911303e+08 3.182236385770448208e+09 -4.003710520534660816e+08 4.093786336458389282e+09 -6.805848883900866508e+09 -1.150472057851987839e+09 -3.250680762228007793e+09 1.332402139675413504e+18 5.645042845654583040e+17 6.747269101824673280e+17 -5.710882508755010400e+16 4.407479994685689600e+17 3.198787073533941120e+17 -3.118293965217341000e+15 5.916013112815208960e+17 1.374071470598718800e+16 -1.965705416517934250e+15 4.469128738890946400e+16 -7.026963246964412500e+14 2.149868584093206400e+17 -9.320816235384068000e+15 2.398836882978516800e+16 5.224345174690384640e+17 -5.477818456755452000e+15 1.894807607139823200e+16 1.882330078901864000e+16 -3.509604984428720800e+16 -1.604751109949728640e+17 5.603471306700312000e+16 1.704217375397755400e+16 2.504843755349784640e+17 1.247659718014097800e+16 2.675420655257928800e+16 1.114126128996453200e+16 9.204063052649570560e+17 3.447441962225802400e+16 1.906644466577603750e+15 1.727874076866349750e+15 1.141592119062664400e+16
-5.215274717413624878e+11 5.385535344928262329e+10 9.447508058103157043e+10 2.016387847360223083e+11 2.898574093867589111e+11 2.330209354350530396e+11 1.336835814564576111e+11 1.540710814277242851e+10 -3.664446633325713158e+09 1.005165260070697403e+10 -4.087167237536219597e+09 9.933320486985919952e+09 2.174154772642150879e+10 5.415932438735993195e+10 4.362864417094982147e+10 1.189910826187049389e+09 -1.695912820050219727e+10 -1.002911977306947327e+10 -8.360526652675954819e+09 -6.429053159536098480e+09 -5.242124662725096703e+09 -5.988554750294746399e+09 -2.755428504769133568e+09 7.888811170269694328e+09 -3.962693615441729546e+09 4.388164738181711197e+09 2.768942247201360703e+09 -3.598493537502282619e+09 -6.486083669454400063e+09 -1.146606645958293533e+10 -4.395076748956558228e+09 -7.750995621104017258e+09 -1.470640745356613398e+09 -6.161666646448876381e+09 -3.837245977118710279e+08 -5.846898697518279076e+09 -7.247393586232442856e+09 -7.793645153596103668e+09 -3.883452833983371258e+09 -5.964836706832198143e+09 -2.152783649517434120e+09 -4.354380503248929977e+09 -6.432235647486294746e+09 -6.690089879752040863e+09 -4.461452095719058037e+09 -1.687601049618552960e+17 7.200633379890849600e+16 4.120832868082800000e+16 9.882342262514129600e+16 1.828764432890015040e+17 6.307409447132719200e+16 7.808728626994480000e+16 7.518461322187689000e+15 2.763852896825003200e+16 2.066747144090839200e+16 -2.499630439230995840e+17 6.430313626848411200e+16 1.638937326901776800e+16 4.499467391173008800e+16 8.668145647667407000e+15 1.462134552614697600e+16 3.909652963673373600e+16 7.518398509325964000e+15 9.492147876240764000e+15 1.198325194585184800e+17 -2.066404916216207600e+16 4.373972469556295200e+16 1.516284650394486400e+16 2.722162526918505600e+16 4.829369411858932800e+16 1.300336095002134200e+16 9.595977968438726000e+15 3.447441962225802400e+16 1.754934257192735360e+17 2.215923509411616000e+16 1.773884634469094600e+16 1.000886574204001000e+16
-1.799805940506494751e+11 -2.047180149420552673e+11 -3.131542026830749512e+10 -2.604709015055411911e+10 -4.426989220371386528e+09 -1.695358353014301872e+10 8.774018235562263489e+10 1.057992495756937866e+11 9.858084465642208862e+10 4.317278419633911896e+10 1.674520030980507469e+10 4.817027267079508781e+09 3.117388828146847153e+10 4.285272742581757355e+10 4.720591510427197266e+10 6.830003189862183571e+09 4.530403694206431389e+09 3.484589132564830303e+09 -2.966768653300364971e+09 -4.632152071325365067e+09 2.322029571598495960e+09 -1.336512735058170319e+09 -5.203134075691255569e+09 5.300677278326910019e+09 8.746557938952003717e+08 4.294935891519878387e+09 -1.502404130913612366e+09 -8.359574770727431297e+09 -1.245908154789982557e+09 -4.582171895802561760e+09 -5.306625215460198402e+09 -9.350735143705084324e+08 -5.740967712581380844e+09 -8.214126015689711571e+09 -1.763538828046775341e+09 -7.988384699126248360e+09 -2.598466763163612783e+08 -2.273565261198169708e+09 -3.504922651872460842e+09 -4.569737387492606163e+09 -4.347257559121125221e+09 -2.495534315279382706e+09 -2.505273660757753372e+09 -3.465913189168997288e+09 -3.639280247749151230e+09 3.938910484716723200e+16 -2.413580044427981600e+16 -8.804155670736623000e+15 2.293506314963125600e+16 -1.048253107445726240e+17 1.174159334149116200e+16 1.946536728594311600e+16 1.278435489621857400e+16 3.694480000847249600e+16 3.848624611138734400e+16 -6.402937141016347200e+16 4.598617888171177000e+15 7.633119445886751000e+15 1.492713058195970000e+16 2.536897451185627200e+16 4.123201293056330500e+15 4.098724625885232500e+15 1.907003448056297200e+16 1.177105527920355600e+16 -1.192257960417346400e+16 -6.581170952716950400e+16 3.624423671086696000e+16 4.105855158108504000e+16 -3.895636923166140000e+15 9.762415138413050000e+15 2.368914392555395200e+16 1.180052990966317200e+16 1.906644466577603750e+15 2.215923509411616000e+16 9.576820014478313600e+16 1.690648011097966200e+16 1.400403324295777200e+16
2.144475947953062134e+11 -6.453147498690655518e+10 -2.576273309673612976e+10 7.756952891079673767e+08 -2.533923351567884827e+10 -2.385691753614136219e+09 -1.060956363124978447e+10 -2.268822450491831207e+10 9.296471751051675797e+09 4.131060233308221436e+10 4.441027636661368561e+10 2.644169544824421310e+10 4.440599604812255859e+10 3.978580812184565735e+10 4.809219569698013306e+10 2.048478718130525970e+10 6.088309419712464333e+09 -4.084708980118741035e+09 5.374587871111594200e+09 -1.748311520107232928e+08 -2.821454895790140152e+09 -2.727107203570009232e+09 -6.086727161934710503e+09 -2.399869343415266514e+09 -2.128583855465606213e+09 -2.962912852776227951e+09 -3.441616520737297058e+09 -1.729634646178232729e+08 9.597699172854055166e+08 -1.994927014204268456e+09 1.159774711169254780e+09 -4.280533624433629990e+09 -2.377865662873137474e+09 -3.555004221593047142e+09 -6.301513525755445480e+09 -4.427579531394471169e+09 -3.724583951159207821e+09 -4.034039365407521725e+09 -2.620130567994095325e+09 -5.496327325071639061e+09 -3.002720772490521908e+09 -3.661966710942671299e+09 -9.387619267794895172e+08 -3.198175905346759319e+09 -6.644399119054978371e+09 1.225961945065758400e+17 4.887986228866312800e+16 -3.106746240077574000e+15 3.488953913314337200e+16 -1.556034604064824000e+17 1.557035325168496750e+15 -1.154156786449476000e+16 -2.305484960337528800e+16 -4.587556277026580000e+15 5.700654633154808000e+15 -1.129504127665481800e+16 -3.206337904961274000e+15 6.366492531765182000e+15 1.106956203961544400e+16 -2.648548974967670000e+15 5.841907550083080000e+15 5.504676996282810000e+15 9.090110718838384000e+15 7.890696675083292000e+15 -2.360740281803568000e+15 -8.595867883123131250e+14 1.323929126774100600e+16 8.506500865544331000e+15 7.732133986285907000e+15 8.743696290308776000e+15 1.287218929171483600e+16 2.199269687493148800e+16 1.727874076866349750e+15 1.773884634469094600e+16 1.690648011097966200e+16 6.745314514946374400e+16 2.341902790940128800e+16
-2.252636982308570862e+10 -7.027393309400730896e+10 -8.608917910100213623e+10 -4.295780562746971893e+10 -4.056832701483938599e+10 -3.390700903958129501e+10 1.147405851429905128e+10 -1.188310057287489128e+10 3.384254467280115128e+10 2.421663752014451981e+09 -1.202985970832670450e+09 1.974162834526888132e+09 4.541122966018516541e+10 6.265806343888729095e+10 5.505302628218362427e+10 8.491768052240948677e+09 1.393895242652745008e+09 -5.094607310938129425e+09 6.817502960244659185e+08 5.330092159291303158e+08 -5.299395833875275612e+09 -1.803945187723485565e+10 -1.177284692710950613e+09 -1.224493875024747133e+09 1.025026082005565166e+08 4.766470074628870010e+09 -5.548115122942156792e+09 -3.630326485139283657e+09 -3.062405174914742708e+08 -9.275156385063341141e+09 -9.981252212146314383e+08 -9.318364385492660522e+09 -7.501312581788260460e+09 -4.862832609930524826e+09 -8.921055917774782181e+09 -4.137567780257169247e+09 -3.862092261903556824e+09 -2.701585454389820099e+09 -2.425570440031148434e+09 -1.046237012073450685e+09 -1.463024865420077145e+08 -2.869882082689562440e+08 -3.849486539032087326e+09 -4.665089084996181488e+09 -2.675938683626566887e+09 1.432736005387360640e+17 1.370990651789585400e+16 1.254791740158823800e+16 -2.287066837046701200e+16 1.213218310023358720e+17 -5.053031958295396800e+16 -1.514315503254963000e+16 -8.004017921996898000e+15 4.968354172002837000e+15 1.914113982215864400e+16 -1.546530614801416600e+16 -4.684191226399846000e+15 6.014667371694517000e+15 8.066353485961822000e+15 1.012675731088280400e+16 5.700042688240456000e+15 1.414990166708457400e+16 4.741120945901600000e+15 7.025411331513197000e+15 -7.994315635779977600e+16 -7.182412673746042400e+16 1.795034768607928800e+16 1.552445215102843400e+16 8.139960405929466000e+15 5.231132107802489000e+15 1.546794467645015600e+16 1.046636487380756400e+16 1.141592119062664400e+16 1.000886574204001000e+16 1.400403324295777200e+16 2.341902790940128800e+16 1.545702665213358080e+17
