# P+B covariance for NGC and p = 1.0
# 
2.904503237142579556e+08 2.253098792437297106e+07 -3.693203552507379558e+06 -1.225602655427727615e+06 -4.965817936070474098e+05 -8.428336269561416702e+05 -5.483268408634803491e+05 -3.132153621701797820e+05 -6.874134439560740720e+05 7.405288026425122516e+05 4.323759744481702801e+05 5.475604021711581154e+05 -5.700342923139389313e+04 -4.040208364684892003e+05 5.939903205333165824e+05 -4.031976971761423047e+05 -2.776037958299909369e+05 3.851291856011085329e+05 4.986965492879676167e+05 1.499560762128505448e+05 2.817347484726571129e+05 -1.599388367027818458e+05 -1.810399678235456522e+05 3.093412001160251093e+05 1.509388723077360191e+05 8.157548693354977877e+04 -2.551940464000779612e+05 -1.554222967862935329e+05 3.522959157958730357e+05 -6.834549929010143387e+04 1.340092591692760761e+05 4.940408090354483575e+05 1.798646457546905367e+04 -8.715020964052542695e+04 1.805968535236414755e+05 1.465907955730058311e+05 7.408235027049531345e+04 4.967301463165702444e+04 2.644472180384543753e+04 6.218772676750582468e+04 -9.285066556569571549e+04 1.622437622469152266e+05 1.117255555274816288e+05 2.663390984480207553e+05 5.554555220317128260e+04 -6.025485179830624023e+12 1.945850519149879883e+12 3.370246493368064453e+12 -3.641316022547367554e+11 1.220502148899641992e+13 3.160473896141919556e+11 -1.006099212213771973e+12 1.351841253727670654e+12 -1.487390920757555962e+10 8.842205275174031982e+11 1.157337047458245117e+12 -3.838483931001522217e+11 1.148195180945691895e+12 -2.137118133233674927e+11 -3.297720535942180176e+11 1.426160196810241943e+12 5.832635415700374756e+11 -2.958413989647680054e+11 -4.255908810325838623e+11 2.066028133442021973e+12 -5.632316917108337891e+12 -1.368182499609651947e+11 -2.356691629995502930e+11 -1.646865247703082581e+11 -3.572610060433869934e+10 9.611124598497720337e+10 -1.143982428548551788e+11 9.092071122572171631e+11 -4.097646319680629883e+11 -7.489531761541876221e+10 1.715362351991282959e+11 7.464984690314517212e+10
2.253098792437297106e+07 7.407231014791390300e+07 7.303370887655072846e+06 4.884799938010770711e+05 7.630838371913089650e+05 7.089525700437031919e+05 1.725334643261236197e+05 -4.849109391844724305e+05 7.950591788740130141e+04 6.102277601766120642e+05 2.205506898864482355e+05 1.164496940953425474e+04 -2.561345140443159471e+04 -6.965796848124791868e+05 -1.693262350152229192e+05 8.370335569392865000e+04 6.626241826753078203e+04 2.959731185526882182e+05 -1.540678625710313099e+04 -7.494932128124609881e+04 1.575895193727421574e+05 -8.818170231552790210e+04 -7.706526152521038603e+04 -4.950255697654696405e+02 -8.745884642129318672e+04 5.355615574740160810e+04 2.460560814350054134e+05 -2.562953820116156930e+04 3.393399234852275185e+03 -5.089993500416663301e+04 1.885506992995925248e+04 7.988864727473950188e+04 7.669106816939222335e+04 3.135914409413321846e+04 5.588491556781771942e+04 9.948388064385643520e+04 3.658120008579517162e+04 7.490513662227230088e+04 8.564468458752489823e+03 -1.356525671725736538e+04 -6.666194366872143291e+04 4.600897379785343219e+04 3.237193999993858597e+04 3.887116065712931595e+04 1.162935250939705875e+05 5.917607692937305664e+12 3.054734387093040039e+12 3.664539648392844727e+12 7.783596797907204590e+11 7.310392957530555664e+12 1.983012444998498047e+12 5.429039908825937653e+10 2.236164637524783203e+12 1.187927701855245667e+11 1.313726024024019012e+11 5.115406206749852539e+12 -1.749241324351160431e+10 5.668624275077635498e+11 6.514438109062746429e+10 -5.137832752586048126e+10 1.489615816969306641e+12 5.819954338376522827e+10 4.813850028226620483e+10 2.435666732944131374e+09 -3.125543256781324219e+12 1.178702536891909668e+12 4.148191397084750366e+10 -8.524914743729501343e+10 3.867843567712100830e+11 1.767464905283473587e+10 -3.545201113009383392e+10 1.910119732334814835e+10 1.638271035403332520e+12 3.685763137226746368e+10 -1.650707753326225586e+11 -7.410108172080555725e+10 -1.484622685990595093e+11
-3.693203552507379558e+06 7.303370887655072846e+06 3.032429690766453743e+07 3.938887509239380248e+06 1.019326271626761183e+06 8.971912007543481886e+05 5.488045967823035317e+05 2.858654841513977735e+05 4.088736537526975735e+05 3.971777263434475171e+05 -1.165802984471425152e+05 2.392541199368025118e+05 -1.059829955949013092e+05 -6.563811974640085828e+04 9.827883248102804646e+04 5.448189505323901540e+04 4.880486177151858283e+04 -9.682227019074528653e+04 1.866346824514551554e+05 3.610088040063696099e+04 4.838916164044461766e+04 -1.002603785875782633e+05 1.628561024508654327e+03 8.999633744566317182e+04 1.887684931140757399e+05 1.803268945913004864e+05 1.805998689363357262e+05 2.433186190563065975e+04 1.413114860175600043e+05 1.394261139823688427e+05 2.210010960868730035e+05 7.481036414728469390e+04 3.001723146662214640e+04 1.081518138840182510e+05 2.877568664458155126e+03 7.020624377470765012e+02 8.819633808762891567e+04 3.912687900779073971e+04 1.417205903645530052e+05 1.234612205782331876e+05 5.649094585754894069e+04 1.159892673343079368e+05 7.528571510027800105e+04 1.104703996974513138e+05 1.394044305675345531e+05 5.502276798856454102e+12 3.964629618186884766e+12 2.701675369408645508e+12 1.910426554704490356e+11 7.264152195667901611e+11 2.045080808518941406e+12 1.845446992096730957e+11 1.669363398207709961e+12 2.739749258991331482e+11 4.011195629444741211e+11 2.957440059799766235e+11 1.229125173246489716e+11 1.357614945926949219e+12 1.607630725831998901e+11 4.225413399455239868e+10 1.377197674308157227e+12 1.081708696525307312e+11 1.581038244276546097e+10 8.937541407064205933e+10 8.466312154741503906e+11 -2.576976537176660919e+10 2.677124990049514771e+11 3.320143056024651337e+10 1.368673795918893066e+12 2.063002504316740036e+10 2.732754117361791992e+10 2.751050549745296478e+10 1.333309125090817627e+12 1.100451092186511383e+11 -4.531226528397312164e+10 -2.025420202007466507e+10 -9.766027436878967285e+10
-1.225602655427727615e+06 4.884799938010770711e+05 3.938887509239380248e+06 1.572094535347712040e+07 2.197637303156589624e+06 3.265329971279934398e+05 -4.737243508776877570e+04 -2.289697708896301629e+05 3.854035031187140703e+04 8.373307644956298464e+04 4.859430609178944724e+04 1.676479182402678634e+04 -1.028946676871234667e+05 9.171895334477232609e+03 8.969534456020632933e+04 4.406161333019084122e+04 -1.293328832463929029e+04 -1.055786457051784528e+05 1.305702058131187514e+05 -8.939782916630008913e+03 6.944336966893092904e+04 -9.414444625257587177e+03 2.813806861564355495e+04 5.519188677289320913e+04 1.636252935224009343e+04 9.459257211760131759e+04 1.361611076496503665e+05 -8.248063675367207907e+03 -7.162641055344301094e+03 1.387657824488035294e+04 6.058276679262882681e+04 1.655530133065834889e+04 3.766579963740198582e+04 -1.301155588568302483e+04 3.374064816969709500e+04 6.821253488384319098e+03 3.390194688690186740e+04 -5.459172989918172243e+04 -3.052485577568355802e+04 -5.230525932089019989e+03 -2.890166515458084177e+04 -5.016836486326435079e+03 -2.541509807280484529e+04 -1.086503000204794807e+04 -2.989200919116536897e+04 9.801791774602801514e+11 3.072014805492853516e+12 1.630218631469977295e+12 6.891578693874063721e+11 4.865960340593044922e+12 1.300703914190331055e+12 4.772972365360903931e+11 9.058688222142026367e+11 2.611016946837102966e+11 1.216220293732446594e+11 1.132010056539357910e+12 1.078524255890693359e+11 7.747733074995478516e+11 2.634150953002121887e+11 2.648167888472057343e+10 5.889898742589992676e+11 3.342144500022960205e+11 5.393608328789880371e+10 5.362754539520029449e+10 -2.909525469882234497e+11 -1.612089475420508003e+10 1.343758611401682587e+11 -6.170730456087715149e+10 7.557715385691582031e+11 1.981344108352702332e+11 4.053726466455554199e+10 1.456099384355559921e+10 6.191256315237121582e+11 2.469897095473822937e+11 -2.552000131498957443e+10 1.154502251700869560e+10 -2.031929778500444031e+10
-4.965817936070474098e+05 7.630838371913089650e+05 1.019326271626761183e+06 2.197637303156589624e+06 9.536555268962804228e+06 1.223820319473623764e+06 -1.322941193375473958e+05 -8.642689361984486459e+04 1.262790144014705438e+05 2.209773461300741765e+05 -9.172633541408718156e+04 -1.234208836949375473e+04 -6.154057792440303274e+03 -7.026315021009134398e+03 6.137101141770865070e+04 3.879129357415705454e+04 -6.618844190569991952e+03 6.235628792789005820e+04 1.338957044705655608e+04 -5.652535245370856865e+04 3.113928515921936651e+03 2.297950999961875277e+04 -6.133033747295318790e+03 3.945609483072975854e+04 3.156253024667550562e+04 2.678595894786571080e+04 3.784530240979748487e+04 6.317501870503556711e+04 3.235406769583309142e+03 -3.008354157996315189e+04 1.225143413848419868e+03 7.153366750675842923e+03 3.182902531285006989e+04 5.457191167239015340e+04 3.543034442074091203e+04 2.745773921850379338e+04 1.692450226125969129e+04 -1.630638385365039358e+04 1.318740668149718113e+04 5.875775962006309783e+03 -4.661327412554172952e+03 9.275398059370389092e+03 -3.448057325968913210e+04 -2.803903380174607810e+04 9.753351407719383133e+03 -1.377268071276510986e+12 1.063429639035812622e+12 5.733595216241529541e+11 9.764330446103065186e+11 3.172402773001304199e+12 2.863557229580205688e+11 5.600455518687739258e+11 -1.198842730983413124e+10 2.486231094307306519e+11 -3.915255335124544525e+10 -1.425476101232997803e+12 2.548788645613789368e+11 6.939158093380473328e+10 3.318541332004981079e+11 4.897767480163685608e+10 -9.810093818239811707e+10 3.048181004517800293e+11 -6.284774475355139732e+09 -7.257393373428619385e+10 -2.319562290619930115e+11 -1.586088643958596039e+10 2.533096028905816345e+11 -4.165332872198897552e+10 1.775268048886416321e+11 2.777089858264494629e+11 1.391903231026469994e+10 -1.731109608992750931e+10 8.668016538650961304e+10 3.057763639921810303e+11 -5.149673911167278290e+09 -1.511013889307659531e+10 -4.955967051012376404e+10
-8.428336269561416702e+05 7.089525700437031919e+05 8.971912007543481886e+05 3.265329971279934398e+05 1.223820319473623764e+06 5.986756482105787843e+06 8.471645054804498795e+05 4.069672691222720459e+03 -1.417536589549998280e+04 1.424831335131860396e+05 1.530847949540776026e+05 1.412035721899414493e+05 6.809647243530271226e+04 8.287541107115781051e+04 4.902569473392947839e+04 -2.371055541669723607e+04 -4.103699798555391317e+04 -1.718859198324546742e+04 1.253555522453484991e+04 -5.821187199338257778e+04 1.041364704721347225e+05 4.244219862811296480e+04 1.202633783711692786e+03 3.632711646475455927e+04 3.903427119877324003e+04 5.050859569043041847e+04 1.063487953522834141e+05 1.506032850638478885e+04 3.415169686461121455e+04 9.547922641092140111e+04 3.645144220216310350e+04 -1.050416597724426083e+03 5.532593598447932891e+04 5.892552427411540702e+04 4.877633144803863979e+04 6.536945866386037233e+04 4.535159448115232226e+04 1.385983473212592253e+04 2.788889144150990251e+04 1.037366132918195763e+04 3.647581554125905677e+04 3.692971152980861370e+04 1.688057566894040792e+04 1.890948277855489869e+04 2.283046828768097839e+04 -3.967576181707604980e+11 3.146723127058986206e+11 7.984007895441560059e+11 4.681426529705864868e+11 1.735332937173363281e+12 4.623115658382875977e+11 4.867646262399968262e+11 1.153685933254674988e+11 2.177495924456290283e+11 3.162603004181069946e+10 -6.157063672449238281e+11 6.608849549087636719e+11 1.789517919489505615e+11 2.630034225391453857e+11 9.831069570366252899e+09 9.068624202483201599e+10 2.324125039290159912e+11 7.231181281031105042e+10 6.301144323708982086e+10 3.157915159198839111e+11 5.152131432865101929e+11 3.826105932884291992e+11 3.717668861984555054e+10 5.331715818974729156e+10 2.327897323432586975e+11 1.708260608322185135e+10 2.883487129856205368e+10 9.416267752707002258e+10 2.439126686992962952e+11 -1.989077671894857407e+10 -1.068846939683974266e+10 -3.589088474131027222e+10
-5.483268408634803491e+05 1.725334643261236197e+05 5.488045967823035317e+05 -4.737243508776877570e+04 -1.322941193375473958e+05 8.471645054804498795e+05 4.319669603438447230e+06 7.418876563072162680e+05 3.038267602633584174e+05 8.240815563584885967e+04 -4.137633629742841731e+04 5.716097958007383568e+04 1.619335929098970610e+03 9.453044531743263360e+04 1.619819214244794421e+04 -5.748503621377082891e+04 -3.080664409330105264e+04 -6.375440307964810017e+03 3.379913528484263952e+04 -1.860363770709429809e+04 1.613136714980299803e+04 -2.932919982569972490e+04 2.915210542030341821e+04 -3.727161132308142442e+03 6.749523954424726253e+04 4.490600070873761433e+04 5.306554462697924464e+04 2.895713583745852884e+04 -5.587227835036590477e+03 2.565243003409263474e+04 4.283292221768876516e+03 4.490959071498530830e+04 3.528056705973031058e+04 -2.543731005600325807e+04 1.053276838788524765e+04 1.525479702006176012e+04 1.135293921896414395e+04 -3.745182507900040946e+03 -9.128087299514472761e+03 6.086700548523671387e+03 2.831439087290402767e+03 2.265080197538725406e+04 1.083404613249174872e+04 1.466515211457795158e+04 1.037945021903710403e+04 -2.000492204047766113e+11 5.316686398622229004e+11 1.441094203011840515e+11 1.980355686186253662e+11 1.908566246831388428e+12 1.777755503933099976e+11 2.718605579874668579e+11 1.860936037180196228e+11 3.311893814438402710e+11 3.128196856777306519e+11 -1.751309172598417282e+10 5.452827353870777588e+11 3.893364731681771851e+10 1.860486671260866394e+11 1.680768319524842834e+11 9.718372612458129883e+10 3.687697754847932434e+10 6.234593548547464752e+10 4.475237018348771667e+10 1.799234124071660645e+12 6.868122754301300049e+11 2.635747056013666992e+11 1.146642299859175262e+11 1.535949481335509682e+10 1.196856358434230042e+11 5.847266221366017151e+10 -2.972037399356414032e+10 9.188860534243798828e+10 1.406075700851606445e+11 9.657712540766470337e+10 -1.672210892522686195e+10 -9.778604147311315536e+08
-3.132153621701797820e+05 -4.849109391844724305e+05 2.858654841513977735e+05 -2.289697708896301629e+05 -8.642689361984486459e+04 4.069672691222720459e+03 7.418876563072162680e+05 2.759088078739144374e+06 5.621069796436768956e+05 6.375729927432913246e+04 3.018306961687114017e+04 3.922241438694809040e+04 3.319208631704647996e+04 7.936782691291529045e+04 1.518571439045795614e+03 1.726310748622459505e+04 1.169738153010458882e+04 3.447760562062295503e+04 2.585642868115056262e+04 5.056880732276029448e+04 5.654180819597811023e+03 -5.707550474668129027e+04 1.593031314912697053e+04 8.429491201008067947e+03 8.405233894275061175e+03 8.019273037038575239e+03 6.023197628262293620e+03 1.070589364906215087e+04 1.105498840292552086e+04 1.530167393832984089e+04 -7.229094125249503122e+03 3.553763644164555444e+04 -1.380643529106074993e+03 -1.561406405709175669e+04 7.110400622870241932e+03 -2.441307661688351345e+03 3.178453677895430883e+04 1.108856029039874920e+04 -7.392735964760790011e+03 -4.494651258063178830e+03 -3.938863885594085332e+03 1.641408970936510968e+03 3.886048195563612808e+03 -1.416914347223200275e+04 6.285251423458791578e+03 -2.214823641321649780e+11 -2.502095636008658142e+11 -1.156667976896542511e+11 -7.595277140147456360e+10 3.896234515163826904e+11 1.221611086251040039e+11 1.759581721886517639e+11 2.635001894864405212e+11 2.488119171171372070e+11 3.755045696583123169e+11 3.975834624579049072e+11 5.469306347725308228e+10 1.113242508320350494e+11 1.167771758223049622e+11 2.207641856036214294e+11 -1.768422847823625183e+10 2.847065199402540684e+09 8.427379579057002258e+10 5.831195781936041260e+10 5.592311060694909668e+11 -3.486416006779732056e+11 1.204299087794937286e+11 2.218174107600764465e+11 -2.065222835287857056e+10 4.529696472579100037e+10 1.027786694259441528e+11 -2.183737992421927643e+10 5.493646576334367371e+10 1.425581239936117363e+10 1.149983503167161255e+11 -3.021928334632982635e+10 -1.565062180240854454e+10
-6.874134439560740720e+05 7.950591788740130141e+04 4.088736537526975735e+05 3.854035031187140703e+04 1.262790144014705438e+05 -1.417536589549998280e+04 3.038267602633584174e+05 5.621069796436768956e+05 2.060835393135887571e+06 3.862653361810592469e+05 1.083245343812447973e+05 4.376097110186576901e+04 6.905399101916355721e+04 -1.270027351823632671e+03 8.487000614836036402e+04 6.089540082465532760e+04 1.641258422850045463e+04 4.411941406106325303e+04 7.265759576887810545e+04 4.889925824640707287e+04 6.905736691335109936e+04 4.106181952466089569e+04 3.498638413546223455e+04 3.763882809606370574e+04 1.210015527496381401e+04 4.314465828802788019e+04 6.657512475675529276e+04 5.887141896920750150e+04 5.162466490956310008e+04 3.458062062228720606e+04 2.768203127228795893e+03 4.365923299832660268e+04 2.718863579001402468e+04 1.207191940347085256e+04 2.040638854002060907e+04 1.430555313523764744e+04 3.760372921425198001e+04 2.498983887015125947e+04 2.465348154342990165e+04 1.308792032352727256e+04 4.089646312091047002e+04 1.988785651635229078e+04 2.044760664240438564e+04 2.341459941183858973e+04 1.142652030113401634e+04 4.467635412075001831e+11 3.102491384286108398e+11 1.269823019428362122e+11 7.427305612288134766e+10 3.555145716136526489e+11 1.149093922320912018e+11 3.581666497190052032e+10 1.759757819332502136e+11 2.309367545761702881e+11 3.085497896522015991e+11 6.926797906044997559e+11 1.016820123741471405e+11 1.479569795422043457e+11 1.137462870415078125e+11 1.586307516639913635e+11 4.343681475357306671e+10 -3.939827077895603657e+09 8.766952763270266724e+10 5.874184668442121124e+10 2.115823843246167908e+11 -1.426490141384966736e+11 1.926916826246211853e+11 1.754104907575392761e+11 -1.519721481972058105e+10 2.005074357239686012e+09 9.168439304477304077e+10 6.021637714099609375e+09 -3.160865334443066788e+10 -3.989727846921685219e+09 1.021448642599790649e+11 1.390771820765016747e+10 3.390701731724527740e+10
7.405288026425122516e+05 6.102277601766120642e+05 3.971777263434475171e+05 8.373307644956298464e+04 2.209773461300741765e+05 1.424831335131860396e+05 8.240815563584885967e+04 6.375729927432913246e+04 3.862653361810592469e+05 1.543384866991388379e+06 3.620052040090952651e+05 4.523920983202416392e+04 6.569482000976182462e+04 -2.543169298459871061e+04 3.916052708301699022e+04 4.949423948887010192e+04 1.867710666719402070e+04 8.839297765179979251e+03 4.700357969351443171e+04 2.040671548532563247e+04 5.376475618113203382e+04 2.923004151000804632e+04 2.853365131737683987e+04 1.124154236741636669e+04 8.409883719669500351e+03 3.961868084850218293e+04 2.336697683163535476e+04 1.178957736899154224e+04 5.779196731180910865e+04 2.525073738060924734e+04 1.518560203301934416e+04 3.043227157040570819e+04 2.405129790044354741e+04 1.316912535579769246e+04 1.557679632305877931e+04 1.175084801555864942e+04 3.008847666202812252e+04 1.626237271381549544e+04 3.217795499711310913e+04 1.806614442781343678e+04 1.946728518620328759e+04 1.634876202048435698e+04 1.621503734361583520e+04 6.034894211643285416e+03 2.874697601697314894e+04 1.224077381548759277e+12 7.639217273941220703e+11 1.890305928596266785e+11 -1.651864439520670776e+11 1.254861455712759277e+12 1.468749825047974243e+11 8.961974193927990723e+10 2.492165933074345016e+10 8.463187206601402283e+10 1.619834128314041443e+11 6.226295421921890869e+11 1.482333994536436462e+11 1.910334635437261658e+11 9.632129939613514709e+10 1.174042681326254883e+11 9.846801380856991577e+10 5.605309190440532684e+10 1.032899703281627197e+11 1.209370933468401031e+11 -1.204629471223009949e+11 6.636007382437374268e+11 9.087279319343351746e+10 7.841969614329624939e+10 2.037498033847178268e+10 4.072725072021853638e+10 7.175479828063870239e+10 5.790843757545743561e+10 -9.306261953611171722e+09 1.040399519929533386e+10 4.124873402339660645e+10 4.181907810290181732e+10 1.595487554478853941e+08
4.323759744481702801e+05 2.205506898864482355e+05 -1.165802984471425152e+05 4.859430609178944724e+04 -9.172633541408718156e+04 1.530847949540776026e+05 -4.137633629742841731e+04 3.018306961687114017e+04 1.083245343812447973e+05 3.620052040090952651e+05 1.302213329615899827e+06 2.297101364228380844e+05 5.584424257118531386e+04 3.133040003660534421e+04 8.049939504865862546e+04 5.875079969499931758e+04 5.050066010660904431e+04 9.538828920134315558e+04 6.769052206196711631e+04 3.660112713647192868e+04 5.921773415321011998e+04 4.314406526247290458e+04 6.164800871209795878e+04 4.181214762097829225e+04 2.043488379726687708e+04 3.667486237277523469e+04 2.601125695206144155e+04 3.387667196754809993e+04 2.287380189959808558e+04 1.600854201349138202e+04 1.570634549344510560e+04 3.017649557549943347e+04 3.804051490410321276e+04 2.133121766780696271e+04 1.125685293337979238e+04 2.206660844297166841e+04 1.859820012688677525e+04 1.498398698712323494e+04 1.984009374386618947e+04 1.246981982535331190e+04 2.538246808524541120e+04 2.502232739822928852e+04 3.707680497212616319e+04 1.384569812765648567e+04 2.554927164700821231e+04 -2.026355643504375305e+11 5.683597864510691833e+10 -4.087611576091600037e+10 -8.660859370634210205e+10 -2.095127211408378906e+11 1.758752142936107788e+11 3.339844474707568741e+10 -8.613787903972021484e+10 5.865174187652146339e+09 2.720652216430780792e+10 -3.360964723987144165e+11 3.899799502350643158e+10 1.235946480085142365e+11 4.715995631203628540e+10 5.037071936854911804e+10 1.422380305542942200e+11 7.754266208493502808e+10 8.099336848075064087e+10 1.398546607691167603e+11 -2.849763741913758545e+11 6.891377735953320312e+11 1.912746941140092468e+10 1.963530216367462158e+10 2.474075309609344482e+10 6.746972946364290619e+10 6.492287081635100555e+10 8.081195770314427185e+10 1.090751758232582283e+10 7.441821095202487707e+08 1.311795751815283012e+10 4.995665723596441650e+10 1.069768656306707144e+09
5.475604021711581154e+05 1.164496940953425474e+04 2.392541199368025118e+05 1.676479182402678634e+04 -1.234208836949375473e+04 1.412035721899414493e+05 5.716097958007383568e+04 3.922241438694809040e+04 4.376097110186576901e+04 4.523920983202416392e+04 2.297101364228380844e+05 9.621518873095191084e+05 1.631693439734804269e+05 2.506162265188932361e+04 2.855546465963266746e+04 -2.161589216096092514e+03 3.506627726002907002e+04 2.855387520210616276e+04 2.109813382875171737e+04 3.560953084568064514e+04 4.023169651707885350e+04 3.407643432742361620e+04 5.055599612341965985e+04 1.949810968540917384e+04 3.816227537663750263e+04 3.128307974350705626e+04 1.887722062134253792e+04 2.704124764973568745e+04 2.207748020062763317e+04 3.116595553841695801e+04 1.991479532077975819e+04 2.730971423487830543e+04 3.726546905117484857e+04 2.924259543663783188e+04 3.185213565511936031e+04 4.131727373622118466e+04 5.331321622274752008e+04 3.348282523744997161e+04 3.528793132919369964e+04 1.849861279014060710e+04 2.827645451561521986e+04 3.337035179574642825e+04 3.381412902595929336e+04 1.392879669862732590e+04 1.766658991953098666e+04 2.372127397577008057e+11 1.990819787161491776e+10 -1.266633212555432587e+11 1.397796061382834435e+10 -9.219717208136164551e+11 2.228185476072423935e+10 1.998313197002519226e+10 -3.018646288993373108e+10 -1.342898804806493187e+10 3.333525461200895691e+10 -3.594341362389962769e+11 4.936216440059575653e+10 4.004044846983533478e+10 4.518762905162530518e+10 3.386420567836948395e+10 7.244155476696705627e+10 8.115775009036074829e+10 5.966120354619183350e+10 1.174356103606446075e+11 -1.625253145520114136e+11 3.297067837229666748e+11 -1.497065962826428032e+10 -1.354949905247234106e+09 4.985696775710829163e+10 4.369510983253415680e+10 3.676824901122697449e+10 5.819100936460981750e+10 -9.426103809579078674e+09 1.064110803515628815e+10 -2.913355697869689941e+09 2.846041270235465622e+10 -2.695654076959034443e+09
-5.700342923139389313e+04 -2.561345140443159471e+04 -1.059829955949013092e+05 -1.028946676871234667e+05 -6.154057792440303274e+03 6.809647243530271226e+04 1.619335929098970610e+03 3.319208631704647996e+04 6.905399101916355721e+04 6.569482000976182462e+04 5.584424257118531386e+04 1.631693439734804269e+05 8.464300426035453565e+05 1.722414387365064176e+05 6.396612421507619729e+04 2.899327539563788014e+04 5.394688810178855056e+04 7.002890815011777158e+04 4.630677223245333880e+04 4.979585099922484369e+04 1.254582554809093381e+04 7.110238422256727063e+03 1.204413956704880002e+04 2.543796397595587769e+04 1.800018530581845698e+04 2.015124261392747212e+04 2.318817466502806565e+04 2.390318305557072017e+04 3.560687722873862367e+04 1.655334876001434168e+04 2.309824270908236213e+04 2.401803200940571696e+04 2.902269532234302824e+04 2.606439581568384165e+04 2.663475294645847680e+04 1.685902307049644878e+04 3.239348250936489785e+04 1.826426249339519200e+04 2.834303080042970396e+04 2.857313840055294713e+04 4.336251821168872266e+04 1.265455336684609574e+04 2.114088656027108664e+04 2.282895954435881868e+04 2.655594506536731205e+04 1.929224929005877991e+11 6.937495056577502441e+10 6.182116765417627716e+10 2.677469624358628273e+09 -6.056891749652458496e+11 5.450495634270820618e+10 -3.704684611799801636e+10 -3.838210289532077026e+10 -3.680182447693153381e+10 5.254653405851796722e+10 1.755248401879894104e+11 -4.997875647754071045e+10 2.368442961092184067e+10 2.479170714379956055e+10 2.246651599620335007e+10 7.152037079113095093e+10 1.789156533142945099e+10 3.191869332851957321e+10 6.472972047362934875e+10 3.836945865899726562e+11 -1.601345251599066162e+11 3.554736330609872437e+10 -8.174878695092059135e+09 9.679856115861270142e+10 2.572831273531340027e+10 3.043848648905692291e+10 5.109949458659348297e+10 4.008678323897125244e+10 1.994208717727185822e+10 2.748605953311017990e+10 4.675791041096773529e+10 4.526737725766268158e+10
-4.040208364684892003e+05 -6.965796848124791868e+05 -6.563811974640085828e+04 9.171895334477232609e+03 -7.026315021009134398e+03 8.287541107115781051e+04 9.453044531743263360e+04 7.936782691291529045e+04 -1.270027351823632671e+03 -2.543169298459871061e+04 3.133040003660534421e+04 2.506162265188932361e+04 1.722414387365064176e+05 7.446641887993485434e+05 1.010902822296635859e+05 3.871602122391537705e+04 4.291800829498517851e+04 2.446871317146577348e+04 3.807618628278101824e+04 1.630386578012240716e+04 8.450224571551900226e+03 -5.805687418446766969e+03 1.783562729852246412e+04 3.410012348732320243e+04 2.186319005563711471e+04 1.975073378429411969e+04 1.435725846692175401e+04 1.912877761543672750e+04 9.078145306495100158e+03 1.940054398546636003e+04 3.407832287109985919e+04 2.349005311058941152e+04 1.190797413395885087e+04 2.215382131731096524e+04 2.990907065233281173e+04 2.963918905870781964e+04 1.646612586455797646e+04 5.222154356904205088e+03 1.325952914531462739e+04 7.440719971501347572e+03 2.147462311418987156e+04 1.156871436531330983e+04 1.536763002392858834e+04 1.654402640670456094e+04 1.329140990644764497e+04 -2.034857256456440125e+11 2.050931111244797897e+10 -6.672410949086707306e+10 6.655447440187569427e+10 -4.046524601911259155e+11 8.935218230730468750e+10 2.888782801214594269e+10 -2.761274381014182091e+09 2.284930787009816647e+09 7.768991168359104919e+10 -3.773926457292887573e+11 -3.342258264112459946e+10 -1.267555577258585453e+09 -4.866094633115119934e+09 4.758872907223698616e+09 -4.535827620457428741e+10 1.845520894695927048e+10 1.545770616514052010e+10 2.141805514165478134e+10 -7.267750237330302429e+10 -2.110460351240133362e+11 7.240972228368263245e+10 3.664189417576242828e+10 6.238907211017922974e+10 3.571069286103445435e+10 3.244799566872003555e+10 3.776723962558159637e+10 2.575609377859006500e+10 5.594312755861325073e+10 4.385446136931842041e+10 4.452559744796824646e+10 6.750786311121585083e+10
5.939903205333165824e+05 -1.693262350152229192e+05 9.827883248102804646e+04 8.969534456020632933e+04 6.137101141770865070e+04 4.902569473392947839e+04 1.619819214244794421e+04 1.518571439045795614e+03 8.487000614836036402e+04 3.916052708301699022e+04 8.049939504865862546e+04 2.855546465963266746e+04 6.396612421507619729e+04 1.010902822296635859e+05 5.870538956605403218e+05 1.211716598509282485e+05 3.529702359194619203e+04 1.117072038823015282e+04 3.354680360455676418e+04 3.620548713068487996e+04 3.384251230687095085e+04 3.781444163952525287e+03 2.843952342777830563e+04 2.445279827523941640e+04 2.801292178124053316e+04 1.882689506490981876e+04 2.891253375907719601e+04 3.817051457008961734e+04 1.659118721075701978e+04 2.327422887810595057e+04 2.069571530431432620e+04 2.498302362409278430e+04 1.991607947726003840e+04 6.450144190130070456e+03 1.323299970257360110e+04 9.268019213986510294e+03 2.704854943464820462e+04 2.322638638548247036e+04 2.328093108681398735e+04 1.431288425055884909e+04 1.746461148157386197e+04 1.964010414588880667e+04 2.841464591950605609e+04 2.236303030321581173e+04 1.680099991966777816e+04 1.572259998904663086e+11 -2.923077900405302048e+10 7.192353636844111633e+10 3.903638066552265930e+10 1.766488549592705154e+10 7.144531336553288269e+10 -2.922622997307091522e+10 3.493592112232912445e+10 -1.384826653563178062e+10 1.866203991187082672e+10 -2.590973664586922913e+11 -9.237285068480220795e+09 1.251715496783022165e+09 3.527387356010022640e+09 -5.913214912824844360e+09 2.830415169242414093e+10 3.507704468630332184e+10 8.868580175105482101e+09 1.009064557944560242e+10 -3.456253562141898193e+11 1.450343342343973389e+11 4.270598106015759277e+10 2.471117729168621445e+10 3.227601405801427078e+10 2.131213942473955154e+10 3.044162575798989868e+10 1.679634915276259995e+10 7.180693021793252563e+10 4.680424207191027832e+10 4.550069246009466553e+10 5.293863530890036774e+10 5.658744549788713074e+10
-4.031976971761423047e+05 8.370335569392865000e+04 5.448189505323901540e+04 4.406161333019084122e+04 3.879129357415705454e+04 -2.371055541669723607e+04 -5.748503621377082891e+04 1.726310748622459505e+04 6.089540082465532760e+04 4.949423948887010192e+04 5.875079969499931758e+04 -2.161589216096092514e+03 2.899327539563788014e+04 3.871602122391537705e+04 1.211716598509282485e+05 5.047079649230426294e+05 1.337438265874050267e+05 3.350336079147764394e+04 2.518208415622782195e+04 4.599281716707136366e+04 3.435747509025737236e+04 3.790966029410367628e+04 2.701284905073891787e+04 4.736275239486317878e+04 2.662885719368056016e+04 1.580249320185169381e+04 3.852383126686573087e+04 2.352009863295130708e+04 3.202008768652819708e+04 2.541095229738582566e+04 2.793981299965370272e+04 2.578333086239676413e+04 3.480432573770872114e+04 2.218676345109025351e+04 1.353838170901730700e+04 2.835833293787031289e+04 2.642474334778619595e+04 3.164546902776220304e+04 1.705663320773862142e+04 1.593837321259827695e+04 2.510836099346612173e+04 3.193393911020614541e+04 2.691873763767929995e+04 2.645809660932905172e+04 2.402483240841018414e+04 1.700917244085217590e+11 3.219284098372772598e+10 -2.963377573022270966e+10 -1.323083693007595253e+10 5.885780286109682617e+11 -5.382400620082048416e+09 1.215739099953311539e+10 -4.429682101819966888e+10 -2.419115738932431030e+10 -2.570087221245522690e+10 6.491568157550887108e+09 -1.637061367063147926e+10 9.721644440821969986e+09 9.419513731917707443e+09 -1.773934184515130615e+10 -1.731962043544839859e+10 -7.163661575628164291e+09 -1.542214101544317789e+07 -2.876519463319262505e+09 1.727513260646828918e+11 -5.068597516832596588e+10 3.157133873079163074e+09 3.631320619022761822e+09 1.117442733947558594e+10 -1.078270000714765072e+09 1.096547263144347191e+10 6.385801859927916527e+08 2.354899209405575180e+10 -1.633683002389345407e+09 4.122822440075422287e+09 2.380537478144997025e+10 9.595935101193141937e+09
-2.776037958299909369e+05 6.626241826753078203e+04 4.880486177151858283e+04 -1.293328832463929029e+04 -6.618844190569991952e+03 -4.103699798555391317e+04 -3.080664409330105264e+04 1.169738153010458882e+04 1.641258422850045463e+04 1.867710666719402070e+04 5.050066010660904431e+04 3.506627726002907002e+04 5.394688810178855056e+04 4.291800829498517851e+04 3.529702359194619203e+04 1.337438265874050267e+05 4.315806070748736383e+05 1.127492492477018095e+05 4.242106958714549546e+04 4.734518021983115614e+04 2.903997305764553676e+04 9.693702436873889383e+03 3.510979190475900396e+04 3.704154932520142029e+04 2.868096711364416842e+04 2.253849928330210241e+04 4.918480865668597835e+04 1.682158477634323572e+04 1.656551807826087679e+04 1.834557061574049294e+04 3.239985392514340128e+04 2.454919783138876301e+04 3.118518698038540970e+04 3.052210947530049089e+04 2.887925781964606722e+04 2.909504480958179556e+04 2.861426159441692289e+04 2.946587080589989273e+04 3.160123703398124781e+04 2.826807056826234839e+04 2.149048704488130898e+04 2.059862361094102016e+04 2.599589389830455548e+04 2.514859952331481691e+04 2.213220916008953645e+04 2.724307769370134583e+11 -6.039712472847290802e+10 -1.414925314224413147e+11 2.878217319796171188e+09 7.950298915875047607e+11 -9.290858717064526367e+10 1.030838433951143074e+10 -3.677429860408962250e+10 -5.871439131020639038e+10 -1.539492598164862251e+10 2.149054205350693359e+11 -2.112501474380763245e+10 -3.083997892047526932e+10 -3.146415355623163986e+10 -1.283627356668451309e+10 1.828961417491051674e+09 -6.131950818980018616e+09 -2.432422007697303772e+09 -4.213373670967443943e+09 3.226236175608377838e+10 -3.066220438181112289e+10 -1.275914312572094440e+09 -2.234749383220897675e+10 2.655340108147890091e+10 -7.467199401473985672e+09 -2.851338265461036682e+09 9.384644130425096512e+09 -3.744043367492743492e+09 -1.701116077021850777e+10 1.587209413766980410e+09 7.942384852574245453e+09 1.356076139427943468e+09
3.851291856011085329e+05 2.959731185526882182e+05 -9.682227019074528653e+04 -1.055786457051784528e+05 6.235628792789005820e+04 -1.718859198324546742e+04 -6.375440307964810017e+03 3.447760562062295503e+04 4.411941406106325303e+04 8.839297765179979251e+03 9.538828920134315558e+04 2.855387520210616276e+04 7.002890815011777158e+04 2.446871317146577348e+04 1.117072038823015282e+04 3.350336079147764394e+04 1.127492492477018095e+05 3.722467367110839114e+05 8.233977671099701547e+04 5.680923216154779220e+04 3.246624850188298660e+04 1.441474800910969498e+04 3.499052601045979827e+04 3.943647213528848079e+04 3.736862108285666181e+04 3.034768214310123585e+04 3.251423114240363429e+04 3.187801201934013807e+04 3.039702506426372202e+04 3.015726856050130300e+04 2.576756313621238587e+04 3.703321140651259338e+04 2.719479866735424730e+04 3.122304574548669189e+04 2.615070978061423375e+04 2.910547174869730588e+04 2.375819903757138673e+04 2.845230630136422769e+04 2.682770382669216997e+04 3.490033183455000108e+04 3.126436487508406208e+04 2.214484765354172850e+04 3.581789063837788854e+04 3.326754732618360140e+04 2.203935987889293028e+04 -3.575565765725805664e+10 3.457487410302067566e+10 -3.401089852251837921e+10 -8.305745737845759583e+10 2.638739281803483582e+11 -5.075149308275468445e+10 -5.598130601510204315e+10 1.568681455000351906e+10 -2.097089304701474380e+10 -8.070336790725303650e+09 1.564144741468605347e+11 1.559341204186750984e+10 -2.712073943110597610e+10 -1.237561619746517897e+09 8.968835992130591869e+08 -2.830291775285729599e+10 1.054770167379431725e+10 4.774688836662715912e+09 4.617374260645925403e+08 6.077226767605543137e+09 6.656522856995957947e+10 5.355876467483304024e+09 -1.478244331737118530e+10 -1.241889677812374878e+10 -7.981432672020432472e+09 3.884220743732047081e+09 2.610377447058692932e+09 -9.220440488050664902e+09 -8.624700668895677567e+09 2.519897580053673267e+09 -1.834407598638954878e+09 -4.202553807982566357e+09
4.986965492879676167e+05 -1.540678625710313099e+04 1.866346824514551554e+05 1.305702058131187514e+05 1.338957044705655608e+04 1.253555522453484991e+04 3.379913528484263952e+04 2.585642868115056262e+04 7.265759576887810545e+04 4.700357969351443171e+04 6.769052206196711631e+04 2.109813382875171737e+04 4.630677223245333880e+04 3.807618628278101824e+04 3.354680360455676418e+04 2.518208415622782195e+04 4.242106958714549546e+04 8.233977671099701547e+04 3.568692332934075966e+05 9.007132308847617242e+04 4.114294919964630390e+04 2.741983051525499832e+04 3.940577717442595167e+04 3.932394327442011854e+04 3.689397408414829988e+04 4.365245109391795995e+04 2.077765063738861136e+04 2.863594917550314130e+04 1.942081477930579422e+04 2.380112112297471322e+04 3.430526017446523474e+04 2.995948063815579735e+04 2.744399895570027002e+04 3.025555978271240747e+04 2.913445028415432535e+04 2.399597696139639811e+04 2.357382903036270000e+04 2.632899392958357930e+04 3.289523076269470039e+04 3.174118035406286799e+04 2.590223428028321359e+04 1.371972899924313788e+04 1.877083910137322528e+04 3.090565944926860539e+04 1.992415834028504469e+04 3.636567939891859741e+11 8.725061717186871338e+10 -5.369488543536952972e+10 -2.203578266145724106e+10 -3.092404648206694336e+11 -2.014123313152900696e+10 -3.550477423372396851e+10 -2.046022270023826599e+10 -8.705101806630420685e+09 1.633104081439109421e+10 1.272369542393252716e+11 3.477646126896254730e+10 2.544253405443699646e+10 6.616372812848631859e+09 -1.312125765722648048e+10 -1.927985779984206009e+10 9.537886059621578217e+09 2.673261641707202435e+09 2.058070223617837524e+10 1.325816268524693451e+11 1.404348541819432068e+11 1.503045137058392143e+10 -9.113571882496280670e+09 1.006329864836914635e+10 -3.570588083515608311e+09 3.954732472470794916e+08 6.730637884152424335e+08 -1.390033474959872007e+09 -7.694914699941411018e+09 -4.134588599653215408e+08 8.777833706813154221e+09 2.681972842356187820e+09
1.499560762128505448e+05 -7.494932128124609881e+04 3.610088040063696099e+04 -8.939782916630008913e+03 -5.652535245370856865e+04 -5.821187199338257778e+04 -1.860363770709429809e+04 5.056880732276029448e+04 4.889925824640707287e+04 2.040671548532563247e+04 3.660112713647192868e+04 3.560953084568064514e+04 4.979585099922484369e+04 1.630386578012240716e+04 3.620548713068487996e+04 4.599281716707136366e+04 4.734518021983115614e+04 5.680923216154779220e+04 9.007132308847617242e+04 3.030971773624151829e+05 7.398717813404566550e+04 2.993102851491578622e+04 4.592101418478097185e+04 3.613977625339401857e+04 3.103516227458366120e+04 2.926218973932232984e+04 1.970539686374264784e+04 2.721997934595874540e+04 3.880322041281906422e+04 2.621674626921159870e+04 3.021819921692200296e+04 3.115099450631345098e+04 2.098988243851615698e+04 2.574783659007884853e+04 2.229177758187680229e+04 2.106510465942847441e+04 2.267390604640089077e+04 2.308024922315870208e+04 2.878589037451807235e+04 2.688652250130012544e+04 2.352415458867705456e+04 1.838912621917522847e+04 2.583389744855354002e+04 2.874940337547019953e+04 2.338030689071249071e+04 -1.611177599308368492e+10 -2.724022202724403888e+07 -1.468845340307430840e+10 -4.974628286021594238e+10 -4.874446297527966919e+11 -7.266072555891813278e+09 -2.661734141965378571e+10 -2.054952162578325748e+09 -1.133729818372985458e+10 2.975907183032920074e+10 8.714293731726026917e+10 -2.213236895118673444e+08 7.908345184790687561e+09 -7.369279656998028755e+09 -5.242309959265324593e+09 -2.346562026264510345e+10 -2.088345207672166824e+09 -6.966704105490976572e+08 1.858786750918676376e+09 1.509249317314717712e+11 -7.982800817697610474e+10 -2.719095030821175098e+09 -1.932278756390912247e+10 2.007402349963727474e+09 -4.286454082466114521e+09 -8.500940743136152029e+08 2.460714548946262836e+09 -2.763038113600128174e+10 -1.051732534020917702e+10 -5.896721451686802864e+09 2.509438095749667645e+09 2.593773155485074997e+09
2.817347484726571129e+05 1.575895193727421574e+05 4.838916164044461766e+04 6.944336966893092904e+04 3.113928515921936651e+03 1.041364704721347225e+05 1.613136714980299803e+04 5.654180819597811023e+03 6.905736691335109936e+04 5.376475618113203382e+04 5.921773415321011998e+04 4.023169651707885350e+04 1.254582554809093381e+04 8.450224571551900226e+03 3.384251230687095085e+04 3.435747509025737236e+04 2.903997305764553676e+04 3.246624850188298660e+04 4.114294919964630390e+04 7.398717813404566550e+04 2.645016483118056785e+05 6.942676971586381842e+04 3.357163009218459047e+04 3.583543385837974347e+04 3.310668943264296831e+04 3.980325160954423336e+04 2.852437230704923059e+04 2.280869833017685960e+04 3.221061708784443908e+04 3.521119778422111995e+04 2.465304012093881465e+04 2.719045157501996800e+04 2.892736937991543527e+04 2.826659439916234987e+04 2.644034015022114545e+04 2.138688684921823733e+04 2.954534285654074120e+04 2.727528912091962775e+04 2.911637325395536755e+04 2.816996951878698019e+04 2.406723509565815402e+04 2.379045584261556360e+04 2.355154449320878484e+04 2.455013544191163601e+04 2.600375544718632227e+04 9.892980680884271240e+10 -1.298743344080142975e+11 -1.276251056570333672e+10 -5.741978087705849457e+10 -9.154096448124052429e+10 -4.196178658544840240e+10 5.568295965845702171e+09 8.624252475254467010e+09 1.652169739202666092e+10 1.746274528596728897e+10 -8.397529226926799011e+10 7.913727891140276909e+09 2.398244297185262299e+10 3.274692357914933205e+09 5.818481504386897087e+09 1.156205130517385674e+10 6.529465422096100807e+09 9.998883272788494110e+09 1.338062452565318489e+10 2.453218833500315857e+10 -6.573186432494284821e+10 5.097124677077421188e+09 -1.628184379745625305e+10 -1.252275026600025558e+10 -8.896408985470409393e+08 7.926658732373577356e+08 7.776926236145217419e+08 7.110206673314825058e+09 -5.456387494737711906e+09 -3.222766732138557434e+08 -1.881528727153444767e+09 -4.626146223185852051e+09
-1.599388367027818458e+05 -8.818170231552790210e+04 -1.002603785875782633e+05 -9.414444625257587177e+03 2.297950999961875277e+04 4.244219862811296480e+04 -2.932919982569972490e+04 -5.707550474668129027e+04 4.106181952466089569e+04 2.923004151000804632e+04 4.314406526247290458e+04 3.407643432742361620e+04 7.110238422256727063e+03 -5.805687418446766969e+03 3.781444163952525287e+03 3.790966029410367628e+04 9.693702436873889383e+03 1.441474800910969498e+04 2.741983051525499832e+04 2.993102851491578622e+04 6.942676971586381842e+04 2.243189839452254819e+05 5.840460566712367290e+04 3.310731386654330709e+04 2.260830605250367807e+04 1.681367449659522754e+04 1.816771863082027267e+04 1.934788725418729882e+04 3.315369236138188717e+04 2.612213980161949439e+04 1.032724773997874763e+04 2.188942819950712146e+04 2.333469650323224414e+04 2.112488235413636357e+04 1.874837101865439763e+04 2.088905921860141461e+04 2.260588044281244220e+04 2.204789457432774361e+04 2.193019109493917858e+04 2.502124667848512399e+04 2.059135511767822754e+04 2.279968019624947192e+04 2.102035208361389232e+04 1.520476182184381469e+04 1.901728480227834734e+04 -9.134755084617997742e+10 -1.519535246959995117e+11 -1.703971191827042580e+10 3.074225350208151340e+09 6.206402419352701416e+11 -4.634137229048379898e+09 -8.390259909108260155e+09 -3.693363163496411896e+10 -4.159274847262604237e+09 -4.109387605644087219e+10 -1.918929448090872192e+11 -1.240309582479117393e+10 1.489194849433807564e+10 -4.735121058267740607e+08 -2.671400630004082322e+08 -1.614641922109195328e+10 -1.354772119212780380e+10 -2.870136038319775105e+09 -3.518175746055191994e+09 1.429980902053600159e+11 -6.980625409065972900e+10 -1.318722552549959183e+10 -1.788608182611324310e+10 -1.662117288266863632e+10 -5.455872849456018448e+09 -5.924632297609126091e+09 -7.179897833707168579e+09 -4.024213737787005901e+09 -6.595672067699855804e+09 -1.128302095250675917e+09 -1.769401122785555601e+09 -1.665073771505553818e+10
-1.810399678235456522e+05 -7.706526152521038603e+04 1.628561024508654327e+03 2.813806861564355495e+04 -6.133033747295318790e+03 1.202633783711692786e+03 2.915210542030341821e+04 1.593031314912697053e+04 3.498638413546223455e+04 2.853365131737683987e+04 6.164800871209795878e+04 5.055599612341965985e+04 1.204413956704880002e+04 1.783562729852246412e+04 2.843952342777830563e+04 2.701284905073891787e+04 3.510979190475900396e+04 3.499052601045979827e+04 3.940577717442595167e+04 4.592101418478097185e+04 3.357163009218459047e+04 5.840460566712367290e+04 2.132404014922118804e+05 6.178477369345596526e+04 3.884919702139816945e+04 2.466974532892822754e+04 3.466958487844705087e+04 3.367129653360685188e+04 3.352896323285919789e+04 2.746027382333389323e+04 2.430141160804725223e+04 3.280277829508896684e+04 2.986565523205927093e+04 2.298234269834531733e+04 2.452771723814824145e+04 2.775572612208503779e+04 2.650946053445357757e+04 2.834616393698660613e+04 3.296667971530771320e+04 2.327555857954848034e+04 2.968704946685258983e+04 2.775975996266066068e+04 2.706843959279702176e+04 2.398197623909309914e+04 2.315872922864618522e+04 1.778652949859621582e+11 -6.649707030027628899e+09 -3.694075330947624969e+10 -4.779693084521777344e+10 3.998854598202119751e+11 2.033339918911486053e+10 -3.466148302809422302e+10 -1.508916822679269791e+10 -1.621910652038305473e+10 -2.209584346996359825e+09 -9.069230110844392395e+10 -1.383258513187179756e+10 -4.044399987636977673e+09 2.725108305883817196e+09 -6.129456635661143303e+09 9.818161276220614910e+08 1.220939586083397484e+10 1.536865372083787918e+08 6.167561432622391701e+09 5.095939732974615097e+08 1.464070774335399437e+10 -7.292727376126375198e+09 -1.033530306652598953e+10 4.608061753256183624e+09 -6.558640715965811729e+09 -1.298804925099636912e+08 -4.790562433299706459e+09 1.125771136631789207e+10 -8.749009305656203032e+08 -3.803519163700235367e+09 -2.698936674248106956e+09 -1.869985454450544417e+08
3.093412001160251093e+05 -4.950255697654696405e+02 8.999633744566317182e+04 5.519188677289320913e+04 3.945609483072975854e+04 3.632711646475455927e+04 -3.727161132308142442e+03 8.429491201008067947e+03 3.763882809606370574e+04 1.124154236741636669e+04 4.181214762097829225e+04 1.949810968540917384e+04 2.543796397595587769e+04 3.410012348732320243e+04 2.445279827523941640e+04 4.736275239486317878e+04 3.704154932520142029e+04 3.943647213528848079e+04 3.932394327442011854e+04 3.613977625339401857e+04 3.583543385837974347e+04 3.310731386654330709e+04 6.178477369345596526e+04 2.019399557146545558e+05 6.545700451264686126e+04 2.505440349398769467e+04 3.109474162797391909e+04 2.863328472611477991e+04 3.195377506524846831e+04 2.952858799306868968e+04 2.688328881432335402e+04 2.250828214790651327e+04 2.912873881429299581e+04 2.746791851298808615e+04 3.258582145773391676e+04 2.592028798376764826e+04 2.063819592604377976e+04 2.360976480580036514e+04 2.231311759366141268e+04 2.529847132411616985e+04 2.702196943122761513e+04 2.704235448833573901e+04 2.408443951381936495e+04 2.533672535758414961e+04 2.544730047941759040e+04 -1.837378232983433838e+11 -2.145747593059556961e+10 -4.834384460054410553e+10 -5.359813183407743835e+10 2.736917412022554626e+11 5.461544568405616760e+10 1.468594030390092611e+09 -9.205538723123384476e+09 6.194379017465758324e+09 -2.318776604473403931e+10 1.104075845048200378e+11 2.846482350868812561e+10 2.435126863388002014e+10 -9.602159546085268021e+09 -8.067475168528591156e+09 -1.678129990281872940e+10 1.088389351437914467e+10 -2.872342907649559498e+09 -2.067670547633432627e+09 -7.325340320146315002e+10 -1.199502174544548645e+11 1.121593919724472237e+10 -1.854968190576306105e+09 1.492764067833867073e+10 1.387512456056108856e+10 -3.778624304202934265e+09 -6.864144681372890472e+09 -1.253999022149806595e+10 9.525673198534696579e+09 6.692803384422039986e+09 1.187832621975706518e+08 -1.747388556864513397e+09
1.509388723077360191e+05 -8.745884642129318672e+04 1.887684931140757399e+05 1.636252935224009343e+04 3.156253024667550562e+04 3.903427119877324003e+04 6.749523954424726253e+04 8.405233894275061175e+03 1.210015527496381401e+04 8.409883719669500351e+03 2.043488379726687708e+04 3.816227537663750263e+04 1.800018530581845698e+04 2.186319005563711471e+04 2.801292178124053316e+04 2.662885719368056016e+04 2.868096711364416842e+04 3.736862108285666181e+04 3.689397408414829988e+04 3.103516227458366120e+04 3.310668943264296831e+04 2.260830605250367807e+04 3.884919702139816945e+04 6.545700451264686126e+04 1.846544365212423727e+05 5.834604393186209927e+04 3.484537068333542993e+04 3.106829271350891577e+04 2.697834750228511984e+04 2.361983812474333172e+04 2.513769740186597846e+04 3.149926275169145083e+04 2.652996569201300008e+04 2.446483628647446312e+04 2.721243071519694786e+04 2.833855824550886973e+04 2.242980155420612209e+04 2.935489116311471662e+04 2.348361403347280429e+04 2.696196322342514031e+04 2.749372840673143946e+04 2.773683738442763934e+04 2.132103358180091891e+04 2.916348825995184598e+04 2.292185801164464283e+04 -9.978796248793991089e+10 -3.610601106186190796e+10 -3.476358479514983368e+10 4.978850361048831940e+09 7.697050497936937332e+09 -1.217774783212691307e+09 -2.284531996764726257e+10 -5.320002908862747192e+09 -5.489890677845479012e+09 -1.539741545074188614e+10 -1.561496042164353638e+11 1.812379622567655182e+10 -1.164976292287910843e+10 -4.145111382610044003e+09 -4.840799975427177429e+09 -1.486133271415910912e+10 -1.274498002352024269e+10 -2.234753744736310005e+09 8.435396940393412590e+09 -1.189447260810584259e+11 -4.712593001120781708e+10 2.264846428806930161e+10 -5.037076791980406761e+09 -3.958352807168810368e+09 6.707347489229716301e+09 -2.386945766092650890e+09 3.439557047319080353e+09 -1.596387571425672531e+10 -2.503276443978978992e+08 5.211918420074437261e+08 1.507995033610330820e+09 -2.254476675292665660e+08
8.157548693354977877e+04 5.355615574740160810e+04 1.803268945913004864e+05 9.459257211760131759e+04 2.678595894786571080e+04 5.050859569043041847e+04 4.490600070873761433e+04 8.019273037038575239e+03 4.314465828802788019e+04 3.961868084850218293e+04 3.667486237277523469e+04 3.128307974350705626e+04 2.015124261392747212e+04 1.975073378429411969e+04 1.882689506490981876e+04 1.580249320185169381e+04 2.253849928330210241e+04 3.034768214310123585e+04 4.365245109391795995e+04 2.926218973932232984e+04 3.980325160954423336e+04 1.681367449659522754e+04 2.466974532892822754e+04 2.505440349398769467e+04 5.834604393186209927e+04 1.718368077335533162e+05 4.899846425358146371e+04 2.468216511683363206e+04 2.842647501109984296e+04 2.929181205966225752e+04 2.707391630619022180e+04 3.220130810775930513e+04 3.498201870359843451e+04 2.471929695220855501e+04 2.415897306813227988e+04 2.273510405332315713e+04 2.259369835509526820e+04 2.283387699998246171e+04 2.284519681881502765e+04 2.231479149274121664e+04 2.661958115010566326e+04 2.553852323773748867e+04 2.316962758916252642e+04 2.335618441186548444e+04 2.087655480522252037e+04 1.895407421254877930e+11 -9.831263357544522095e+10 -1.476721753993991280e+10 6.115598048599803162e+10 -9.339287468904560089e+09 -5.352892444513165355e+08 -9.287207342422746658e+09 -2.957777104728181458e+10 1.930069391908633411e+08 1.847697057905204773e+10 2.390269497401032257e+10 2.737857849049885178e+10 -9.006610125056947708e+09 1.442579913149323761e+08 -1.638466522273433113e+10 1.170571945397356796e+10 1.217101663586093140e+10 1.348629997703107834e+09 1.668847364787352943e+10 -5.158348457411454201e+09 1.351665567169018402e+11 3.895265939565507889e+09 -1.195136977603555870e+10 -6.629456756552138329e+09 4.049511107799012065e+08 -1.599021986013639450e+09 5.370661790090559006e+09 -8.012523113211909294e+09 5.831716120460907936e+09 4.553646226929862976e+09 -3.847064583691647053e+08 4.701202777477830887e+09
-2.551940464000779612e+05 2.460560814350054134e+05 1.805998689363357262e+05 1.361611076496503665e+05 3.784530240979748487e+04 1.063487953522834141e+05 5.306554462697924464e+04 6.023197628262293620e+03 6.657512475675529276e+04 2.336697683163535476e+04 2.601125695206144155e+04 1.887722062134253792e+04 2.318817466502806565e+04 1.435725846692175401e+04 2.891253375907719601e+04 3.852383126686573087e+04 4.918480865668597835e+04 3.251423114240363429e+04 2.077765063738861136e+04 1.970539686374264784e+04 2.852437230704923059e+04 1.816771863082027267e+04 3.466958487844705087e+04 3.109474162797391909e+04 3.484537068333542993e+04 4.899846425358146371e+04 1.568527587521105015e+05 4.788163177495268610e+04 2.683164733621706910e+04 2.799983493986344183e+04 2.244457790846754870e+04 3.054567783324266202e+04 3.513832935893876856e+04 2.242606005411906153e+04 2.327236574682275386e+04 2.989156894802493480e+04 2.620953753390524435e+04 2.438975382994444590e+04 2.309408253823207997e+04 2.329359841687024164e+04 2.396373157987968443e+04 2.705361772943060350e+04 2.804436348578461184e+04 2.366257060465006361e+04 2.232974892371594979e+04 -3.024116464923753052e+11 -1.127070858534185028e+10 -4.284348460164942169e+10 3.223279712755432510e+10 2.993771383271433105e+11 3.764272764183811188e+10 7.407838997057091713e+09 -1.583308358103799105e+09 1.109812047147510338e+10 -6.824547912673478127e+09 -6.217681435196602631e+10 5.704721659385371208e+09 2.564093180632918179e+08 1.909076189781086206e+09 -1.157283283422718048e+10 -1.561236988543622017e+10 6.852392018630504608e+09 2.015279477490193129e+09 1.348844719441599846e+10 -8.378653433022866821e+10 1.313222753479393005e+10 4.039929498228545666e+09 -1.238113273369364929e+10 4.118979789425776005e+09 -1.295062509803194284e+09 -4.988347860397002220e+09 -1.094116928642184973e+09 2.997505210651275158e+09 5.408278556604893684e+09 -2.296648929810407162e+09 -9.047897825638167858e+08 -1.909907631812658310e+09
-1.554222967862935329e+05 -2.562953820116156930e+04 2.433186190563065975e+04 -8.248063675367207907e+03 6.317501870503556711e+04 1.506032850638478885e+04 2.895713583745852884e+04 1.070589364906215087e+04 5.887141896920750150e+04 1.178957736899154224e+04 3.387667196754809993e+04 2.704124764973568745e+04 2.390318305557072017e+04 1.912877761543672750e+04 3.817051457008961734e+04 2.352009863295130708e+04 1.682158477634323572e+04 3.187801201934013807e+04 2.863594917550314130e+04 2.721997934595874540e+04 2.280869833017685960e+04 1.934788725418729882e+04 3.367129653360685188e+04 2.863328472611477991e+04 3.106829271350891577e+04 2.468216511683363206e+04 4.788163177495268610e+04 1.450654831824539579e+05 4.692314725465602532e+04 2.555569235616524747e+04 2.083962361040727774e+04 2.891419347659475534e+04 2.944188766969459539e+04 2.026682896747822087e+04 2.007577462986228420e+04 2.627037830063070942e+04 2.481984722650678304e+04 2.658397171568296471e+04 2.518538478765434775e+04 1.927190849659718151e+04 2.783233966356395104e+04 2.245528643961539638e+04 2.488347564691058142e+04 2.838844209112676981e+04 2.447237775333048194e+04 -7.944482214023657227e+10 2.498662609389335251e+10 -9.337052325809402466e+09 1.119791711828896904e+10 1.090044876932253418e+11 -8.494586195554206848e+09 -9.559022160771394730e+09 -1.750398875637149429e+10 -5.740475660915866852e+09 -6.717389101101799011e+09 -1.160168241497397766e+11 2.453409727302139282e+10 -9.147461782659482956e+09 4.196717253936983943e+08 -4.064093649112114906e+09 -4.629144551582088470e+09 1.651767160988481140e+10 1.791461987777824879e+09 7.187206491720745087e+09 2.937002710153925781e+11 -5.836672009808840179e+10 -8.112787504434200287e+09 -1.739153238466439486e+09 -3.801749528176857471e+09 1.757900451710849047e+09 -2.438110991598592281e+09 -2.225123187852024555e+09 -3.631610400605838299e+09 -1.056856706104380727e+09 -8.446122686560626984e+09 7.772461880174115896e+08 -1.551889048699315310e+09
3.522959157958730357e+05 3.393399234852275185e+03 1.413114860175600043e+05 -7.162641055344301094e+03 3.235406769583309142e+03 3.415169686461121455e+04 -5.587227835036590477e+03 1.105498840292552086e+04 5.162466490956310008e+04 5.779196731180910865e+04 2.287380189959808558e+04 2.207748020062763317e+04 3.560687722873862367e+04 9.078145306495100158e+03 1.659118721075701978e+04 3.202008768652819708e+04 1.656551807826087679e+04 3.039702506426372202e+04 1.942081477930579422e+04 3.880322041281906422e+04 3.221061708784443908e+04 3.315369236138188717e+04 3.352896323285919789e+04 3.195377506524846831e+04 2.697834750228511984e+04 2.842647501109984296e+04 2.683164733621706910e+04 4.692314725465602532e+04 1.369832523581909772e+05 3.915792601400826970e+04 2.103501432436343021e+04 2.632847710698723677e+04 2.033707796670852986e+04 2.519602082565720048e+04 2.370871296879630972e+04 2.086922276126871293e+04 1.911859496547805247e+04 2.161670051988084379e+04 2.647168679169086317e+04 2.397982700963842581e+04 2.731517129987556109e+04 2.617091977988926374e+04 2.337831523328039839e+04 2.538832073118039989e+04 2.279610884816127145e+04 6.177323787266905212e+10 3.204489060792213917e+09 -1.715267499487406158e+10 6.022654996992642403e+09 4.716218825507301025e+11 -7.506221258692305088e+08 -4.158087922702675629e+10 1.694072547199225616e+10 -2.125669804849754572e+09 -1.115282699687232256e+09 -9.801311895320692444e+10 -5.323158916428451538e+09 8.104620667690810204e+09 4.332348594779003143e+09 -4.053680362907830715e+09 1.685451667630579185e+10 -1.615422262588533640e+09 -3.613281548894128203e+08 5.200132172785538673e+09 5.465094099893170166e+10 -1.039336660382183380e+11 -5.102293238460467339e+09 -5.872613314567382812e+09 -1.287270016660721588e+10 -5.754877400180768013e+09 -2.043660373915987492e+09 -7.700072221532369852e+08 9.945644987651597977e+09 -6.254596508790094376e+09 -7.871725291875181198e+08 2.435934009680851936e+09 1.757570197677762747e+09
-6.834549929010143387e+04 -5.089993500416663301e+04 1.394261139823688427e+05 1.387657824488035294e+04 -3.008354157996315189e+04 9.547922641092140111e+04 2.565243003409263474e+04 1.530167393832984089e+04 3.458062062228720606e+04 2.525073738060924734e+04 1.600854201349138202e+04 3.116595553841695801e+04 1.655334876001434168e+04 1.940054398546636003e+04 2.327422887810595057e+04 2.541095229738582566e+04 1.834557061574049294e+04 3.015726856050130300e+04 2.380112112297471322e+04 2.621674626921159870e+04 3.521119778422111995e+04 2.612213980161949439e+04 2.746027382333389323e+04 2.952858799306868968e+04 2.361983812474333172e+04 2.929181205966225752e+04 2.799983493986344183e+04 2.555569235616524747e+04 3.915792601400826970e+04 1.294350014060637186e+05 4.635542084413881821e+04 2.664023031344216724e+04 2.880495195488132958e+04 2.544472125956034142e+04 2.532785776826760048e+04 2.448716447155571950e+04 2.628628779292726540e+04 2.439013574288980089e+04 2.691227044924111397e+04 2.474046968909247153e+04 2.326144848145802098e+04 2.168126787311750377e+04 2.408566925497506600e+04 2.314497739760023978e+04 2.508358346751701902e+04 -1.001456691666464081e+11 -5.819702951156864166e+09 -1.224681583788650036e+09 5.770339571851517677e+09 3.596736132817017822e+11 1.802746652320777130e+10 -1.974136538316641998e+10 7.130278787202015877e+09 7.974428732683331490e+09 -3.209576808120927811e+09 -8.124302660214234924e+10 3.081509407003092194e+10 -1.721435882141435862e+09 1.764999157526494265e+09 -6.389559342888597488e+09 -1.697089659627792835e+09 7.288677904887798429e+07 -4.430966284024501801e+09 5.639673283587195396e+09 2.607640779175989532e+10 1.157134106615790253e+11 1.212040063046434402e+10 -1.325692691357061386e+10 2.790930097064322472e+09 -5.319202411692402840e+09 1.597417803075772762e+09 -5.998007675123216629e+09 -1.162081301026837921e+10 -1.066520058803374290e+10 -4.333084720350771904e+09 -2.218613826472194791e+08 -4.921070597882230759e+09
1.340092591692760761e+05 1.885506992995925248e+04 2.210010960868730035e+05 6.058276679262882681e+04 1.225143413848419868e+03 3.645144220216310350e+04 4.283292221768876516e+03 -7.229094125249503122e+03 2.768203127228795893e+03 1.518560203301934416e+04 1.570634549344510560e+04 1.991479532077975819e+04 2.309824270908236213e+04 3.407832287109985919e+04 2.069571530431432620e+04 2.793981299965370272e+04 3.239985392514340128e+04 2.576756313621238587e+04 3.430526017446523474e+04 3.021819921692200296e+04 2.465304012093881465e+04 1.032724773997874763e+04 2.430141160804725223e+04 2.688328881432335402e+04 2.513769740186597846e+04 2.707391630619022180e+04 2.244457790846754870e+04 2.083962361040727774e+04 2.103501432436343021e+04 4.635542084413881821e+04 1.208193140261599474e+05 4.022800323391384154e+04 3.224989678472539890e+04 2.313752483460022995e+04 2.795284968048248265e+04 2.600328257684075652e+04 3.020694071182144762e+04 2.449625037450169475e+04 2.132551639298966620e+04 2.510331154960502681e+04 2.524087647560158075e+04 2.716457399726630683e+04 2.746164897936754642e+04 2.552969932316349150e+04 2.184099362455839946e+04 -8.250067504807291985e+09 -2.807728950131861115e+10 6.741553069368405342e+09 1.613379654267406845e+10 1.410211287359779663e+11 8.190121485091048479e+07 -3.380565588032350540e+09 1.350537192885036469e+10 -7.325530563095882416e+09 1.381780852311583996e+09 -5.240092352470398712e+10 -1.198466574617007256e+10 -2.058986679967991352e+09 -7.351236756728694916e+09 -5.847921788577884674e+09 7.235812788686360359e+09 -7.474280064336210489e+07 -3.703693240619855881e+09 -9.541090221983228683e+09 4.291666637332162476e+10 1.660697582082413330e+11 9.009298066063836813e+08 -2.012824891524825668e+10 2.965728139920382690e+10 -1.279951029607451439e+09 -5.557966839658073425e+09 -7.030089175413934708e+09 1.121087840436325455e+10 -8.226306571205828190e+08 -4.965100374622113228e+09 2.415707841724682808e+09 2.001865031634925842e+09
4.940408090354483575e+05 7.988864727473950188e+04 7.481036414728469390e+04 1.655530133065834889e+04 7.153366750675842923e+03 -1.050416597724426083e+03 4.490959071498530830e+04 3.553763644164555444e+04 4.365923299832660268e+04 3.043227157040570819e+04 3.017649557549943347e+04 2.730971423487830543e+04 2.401803200940571696e+04 2.349005311058941152e+04 2.498302362409278430e+04 2.578333086239676413e+04 2.454919783138876301e+04 3.703321140651259338e+04 2.995948063815579735e+04 3.115099450631345098e+04 2.719045157501996800e+04 2.188942819950712146e+04 3.280277829508896684e+04 2.250828214790651327e+04 3.149926275169145083e+04 3.220130810775930513e+04 3.054567783324266202e+04 2.891419347659475534e+04 2.632847710698723677e+04 2.664023031344216724e+04 4.022800323391384154e+04 1.155092113296127791e+05 3.983470105788998626e+04 2.767915565949982556e+04 2.853976502328690185e+04 2.697781369999497838e+04 2.560729270664041542e+04 2.506083842342373100e+04 2.484334246550908574e+04 2.394132943059972604e+04 2.599210407654041410e+04 2.479346600789045988e+04 2.676936417970082039e+04 2.414581149353699220e+04 2.425176779318728950e+04 1.337667236466650248e+09 6.612618254187142372e+09 -1.205976883729573631e+10 2.290905564317647934e+10 1.515871362861231995e+11 3.933271041746433973e+08 -1.052335999559121323e+10 1.582640682766225624e+10 -7.089304490325051546e+08 7.288910482112294197e+09 5.880773688231645584e+09 4.176008108113569736e+09 4.338951248940542221e+09 9.155830508874106407e+08 -3.462065703440663338e+09 -1.583029969880910873e+10 9.537886882413314581e+08 1.138944924299681425e+09 1.023367861954231262e+10 3.145428062482295990e+10 -1.798515627030375671e+10 2.323214256499947309e+08 -5.756583106671645164e+09 -7.635065310449790001e+09 2.398142860291300774e+09 -3.071646885740476608e+09 -2.387081579173661709e+09 1.419553379065988302e+09 -3.716413684240819931e+09 5.852013111468757391e+08 -1.078130625449350119e+09 -5.638676211915397644e+09
1.798646457546905367e+04 7.669106816939222335e+04 3.001723146662214640e+04 3.766579963740198582e+04 3.182902531285006989e+04 5.532593598447932891e+04 3.528056705973031058e+04 -1.380643529106074993e+03 2.718863579001402468e+04 2.405129790044354741e+04 3.804051490410321276e+04 3.726546905117484857e+04 2.902269532234302824e+04 1.190797413395885087e+04 1.991607947726003840e+04 3.480432573770872114e+04 3.118518698038540970e+04 2.719479866735424730e+04 2.744399895570027002e+04 2.098988243851615698e+04 2.892736937991543527e+04 2.333469650323224414e+04 2.986565523205927093e+04 2.912873881429299581e+04 2.652996569201300008e+04 3.498201870359843451e+04 3.513832935893876856e+04 2.944188766969459539e+04 2.033707796670852986e+04 2.880495195488132958e+04 3.224989678472539890e+04 3.983470105788998626e+04 1.123899058100776165e+05 4.476176821352847037e+04 3.777117643208497611e+04 3.457967116213864210e+04 3.069713686074483485e+04 2.686608440044750387e+04 2.884292114972040144e+04 2.482444082927440104e+04 2.785477523785846279e+04 2.897352293633648515e+04 2.807039526312971066e+04 3.019945936715523931e+04 2.700048682661904240e+04 -1.571122215156094360e+10 -1.194311485334539795e+10 -1.198073307810307693e+10 -2.179508953602819920e+09 3.414581238774795532e+11 5.954209762538033485e+09 -1.122380596823644066e+10 -2.198524728881955719e+10 9.367362376776523590e+09 3.418978953382564068e+09 -1.248248269177085571e+11 4.783731462505151749e+09 1.441876181119541407e+09 4.268902010243560314e+09 1.947013756006587029e+09 -1.436078033375066996e+09 3.200071345896316051e+09 -5.618750858287672043e+09 1.124985319232403946e+10 -5.631057078297966766e+10 -3.941613744124665833e+10 2.847067851849302292e+09 -7.412911780026969910e+09 -1.669171745560555756e+08 1.060333434455868721e+10 9.764021720083431005e+08 -2.614037709837930679e+09 -1.308186716270372391e+10 9.320136932944082022e+08 -5.315026700120514870e+09 -8.564145351559767723e+08 -6.607691336652237892e+09
-8.715020964052542695e+04 3.135914409413321846e+04 1.081518138840182510e+05 -1.301155588568302483e+04 5.457191167239015340e+04 5.892552427411540702e+04 -2.543731005600325807e+04 -1.561406405709175669e+04 1.207191940347085256e+04 1.316912535579769246e+04 2.133121766780696271e+04 2.924259543663783188e+04 2.606439581568384165e+04 2.215382131731096524e+04 6.450144190130070456e+03 2.218676345109025351e+04 3.052210947530049089e+04 3.122304574548669189e+04 3.025555978271240747e+04 2.574783659007884853e+04 2.826659439916234987e+04 2.112488235413636357e+04 2.298234269834531733e+04 2.746791851298808615e+04 2.446483628647446312e+04 2.471929695220855501e+04 2.242606005411906153e+04 2.026682896747822087e+04 2.519602082565720048e+04 2.544472125956034142e+04 2.313752483460022995e+04 2.767915565949982556e+04 4.476176821352847037e+04 1.003211550006060716e+05 3.752228507363075914e+04 2.694882434689571892e+04 2.969974581788331125e+04 2.429956854983645462e+04 2.687358750036168931e+04 2.545049185474536716e+04 2.568411009539568840e+04 2.573970806583439116e+04 2.640398495695157908e+04 2.560020111041217024e+04 2.469232895312548862e+04 1.747503115879830627e+11 1.291008410165629768e+10 -2.536847444326865768e+10 -2.189137802851110458e+10 2.138012580207510986e+11 -3.590955243907375336e+10 -1.299674586783918953e+10 4.583480587429791451e+09 1.095175754685707569e+09 -1.170326877301983261e+10 5.620605915941253662e+09 1.489293822627929926e+09 -9.521550922531883240e+09 9.472376524137971401e+08 -1.147201628713368797e+10 2.508262407751986027e+09 6.942149667960056305e+09 -6.706565488168175697e+09 1.435965595014887094e+09 -1.419796395532124329e+11 1.257467752890562592e+11 1.243519487580130100e+09 -8.133740171809938431e+09 6.585116468490912437e+09 5.702591133625865936e+09 -4.114216076130333900e+09 -4.178686414356564522e+09 -1.038382058717642021e+10 -4.828729150072972298e+09 -1.052661832596657753e+10 -2.941035209022073746e+09 -2.722085725788860321e+09
1.805968535236414755e+05 5.588491556781771942e+04 2.877568664458155126e+03 3.374064816969709500e+04 3.543034442074091203e+04 4.877633144803863979e+04 1.053276838788524765e+04 7.110400622870241932e+03 2.040638854002060907e+04 1.557679632305877931e+04 1.125685293337979238e+04 3.185213565511936031e+04 2.663475294645847680e+04 2.990907065233281173e+04 1.323299970257360110e+04 1.353838170901730700e+04 2.887925781964606722e+04 2.615070978061423375e+04 2.913445028415432535e+04 2.229177758187680229e+04 2.644034015022114545e+04 1.874837101865439763e+04 2.452771723814824145e+04 3.258582145773391676e+04 2.721243071519694786e+04 2.415897306813227988e+04 2.327236574682275386e+04 2.007577462986228420e+04 2.370871296879630972e+04 2.532785776826760048e+04 2.795284968048248265e+04 2.853976502328690185e+04 3.777117643208497611e+04 3.752228507363075914e+04 9.869919612119633530e+04 3.818921623076550168e+04 2.884737710103481731e+04 2.540308876866643186e+04 2.684401091430701126e+04 3.072335221480972541e+04 2.880186893698923450e+04 2.717863054045036915e+04 2.469858309827270932e+04 2.603052895342852935e+04 2.325539864804605531e+04 -3.464406834065672302e+10 -4.775664412094301605e+10 -3.885591203222343445e+10 3.953533195766990662e+10 2.207075860694801636e+11 4.735313839765253663e+07 -8.355108345643735886e+09 1.166065154153480721e+10 -3.767578895042006493e+09 1.191536040433187294e+10 6.041754390228556633e+09 1.620084095974871063e+10 3.691725504471370697e+09 -6.319581707421833038e+09 -8.344905314482089043e+09 -1.127680273804710579e+10 5.080901730509596467e+08 -6.019679056375258446e+09 -1.319501519798303604e+09 -3.412965430059244537e+10 1.233837252858470001e+11 2.945579246935304165e+09 -1.235027167792979813e+10 8.884785790952264786e+09 -5.920382546074067354e+08 -5.765301330133439064e+09 -2.645989167074966431e+09 -1.206655644441879749e+09 1.916387388433598995e+09 -1.361305100544359207e+09 -4.993251296211380005e+09 -8.738423269663043976e+09
1.465907955730058311e+05 9.948388064385643520e+04 7.020624377470765012e+02 6.821253488384319098e+03 2.745773921850379338e+04 6.536945866386037233e+04 1.525479702006176012e+04 -2.441307661688351345e+03 1.430555313523764744e+04 1.175084801555864942e+04 2.206660844297166841e+04 4.131727373622118466e+04 1.685902307049644878e+04 2.963918905870781964e+04 9.268019213986510294e+03 2.835833293787031289e+04 2.909504480958179556e+04 2.910547174869730588e+04 2.399597696139639811e+04 2.106510465942847441e+04 2.138688684921823733e+04 2.088905921860141461e+04 2.775572612208503779e+04 2.592028798376764826e+04 2.833855824550886973e+04 2.273510405332315713e+04 2.989156894802493480e+04 2.627037830063070942e+04 2.086922276126871293e+04 2.448716447155571950e+04 2.600328257684075652e+04 2.697781369999497838e+04 3.457967116213864210e+04 2.694882434689571892e+04 3.818921623076550168e+04 9.558134875715554517e+04 3.989249360118400364e+04 2.560165127795734952e+04 2.564888399819632104e+04 2.606798803423082427e+04 2.612986694507837456e+04 2.515047568045512162e+04 2.703626960998387949e+04 2.607920478188148991e+04 2.789188923042910028e+04 -3.504269672595283508e+10 -2.308589247574158478e+10 -2.166698056613208389e+10 2.533363174155993652e+10 2.412712580654036560e+11 9.533805457807878494e+09 -1.449016816286344910e+10 -1.169874891303253555e+10 -1.313553041514181709e+10 -1.013940098330953026e+10 -2.596431000333651733e+11 4.626736010917589188e+09 -1.393794500591906548e+10 -4.500873978836027145e+09 -6.189741500820246696e+09 -5.745579991237569809e+09 9.840239442962491989e+09 -2.749441292635661125e+09 -4.074554824021942019e+08 1.206536320272540894e+11 1.552227130463185730e+11 2.171585742457889080e+09 -1.015923136212445450e+10 2.368989462599015534e+08 2.047411864664327621e+09 -1.945506181895499945e+09 8.440859780987606049e+08 1.294625358085088968e+09 -3.043686412630796909e+09 -9.436182021767635345e+09 -2.451365510725454330e+09 -2.420054975447467327e+09
7.408235027049531345e+04 3.658120008579517162e+04 8.819633808762891567e+04 3.390194688690186740e+04 1.692450226125969129e+04 4.535159448115232226e+04 1.135293921896414395e+04 3.178453677895430883e+04 3.760372921425198001e+04 3.008847666202812252e+04 1.859820012688677525e+04 5.331321622274752008e+04 3.239348250936489785e+04 1.646612586455797646e+04 2.704854943464820462e+04 2.642474334778619595e+04 2.861426159441692289e+04 2.375819903757138673e+04 2.357382903036270000e+04 2.267390604640089077e+04 2.954534285654074120e+04 2.260588044281244220e+04 2.650946053445357757e+04 2.063819592604377976e+04 2.242980155420612209e+04 2.259369835509526820e+04 2.620953753390524435e+04 2.481984722650678304e+04 1.911859496547805247e+04 2.628628779292726540e+04 3.020694071182144762e+04 2.560729270664041542e+04 3.069713686074483485e+04 2.969974581788331125e+04 2.884737710103481731e+04 3.989249360118400364e+04 9.780810023301078763e+04 4.249355330580488953e+04 3.120198541664137520e+04 2.879289466720474229e+04 2.560889564949275155e+04 2.569123068447867263e+04 2.740167676139383912e+04 2.555653146216284949e+04 2.728823362728188295e+04 -1.042678062674728966e+10 -3.035040228068329620e+10 -3.096921737034636307e+10 1.581255014791147804e+10 3.203239089354816895e+11 -2.367291382118857193e+10 -1.002177079019706154e+10 1.451884774262879753e+10 -3.277441889109764099e+09 1.091803137270779419e+10 -6.921301610743003845e+10 9.805188725973276138e+09 -2.226937540473073578e+10 -4.145525232684896946e+09 2.788900639022578239e+09 7.711152989317606926e+09 6.320421551542980194e+09 -2.487850687615274429e+09 -6.099848480386988640e+09 -9.680342905857143402e+09 -8.976957872186509705e+10 -6.904517720460341454e+09 -1.002765151879043579e+10 -1.275141809799528122e+09 3.161791247030378342e+09 -2.014674775857898712e+09 3.110488462904543400e+09 1.774573576866815329e+09 -7.180586645453502655e+09 1.021130911812133938e+08 8.206489236985649168e+07 -9.596406451812288761e+08
4.967301463165702444e+04 7.490513662227230088e+04 3.912687900779073971e+04 -5.459172989918172243e+04 -1.630638385365039358e+04 1.385983473212592253e+04 -3.745182507900040946e+03 1.108856029039874920e+04 2.498983887015125947e+04 1.626237271381549544e+04 1.498398698712323494e+04 3.348282523744997161e+04 1.826426249339519200e+04 5.222154356904205088e+03 2.322638638548247036e+04 3.164546902776220304e+04 2.946587080589989273e+04 2.845230630136422769e+04 2.632899392958357930e+04 2.308024922315870208e+04 2.727528912091962775e+04 2.204789457432774361e+04 2.834616393698660613e+04 2.360976480580036514e+04 2.935489116311471662e+04 2.283387699998246171e+04 2.438975382994444590e+04 2.658397171568296471e+04 2.161670051988084379e+04 2.439013574288980089e+04 2.449625037450169475e+04 2.506083842342373100e+04 2.686608440044750387e+04 2.429956854983645462e+04 2.540308876866643186e+04 2.560165127795734952e+04 4.249355330580488953e+04 8.789758565687116061e+04 3.455717833945212624e+04 2.919196873076842894e+04 2.951090357514251809e+04 2.499992264778083700e+04 2.413010276320693083e+04 2.763554823426942676e+04 2.324435547318039971e+04 1.086824737624857941e+11 -2.092376096965132141e+10 -2.744560895521839905e+10 -7.594121068706762791e+08 6.114551790691431885e+11 -1.460954698744714355e+10 -1.618128408601143456e+10 1.432859923982083559e+09 -1.411003204716127777e+10 -3.646247121811552644e+08 -8.905681526903906250e+10 -1.020364659482380295e+10 -1.622468485122604942e+10 -8.372655308579332352e+09 -4.202647754061679840e+09 -3.706519471652520180e+09 7.439127898766773224e+09 -4.857572118687077522e+09 -4.330391918384819031e+09 -2.521994410333719254e+10 -4.551843000228274536e+10 -7.390449732500934601e+09 -1.468246398224633980e+10 -1.338479840477976418e+10 -5.545581146879398346e+09 -4.443087515121874809e+09 -1.601759902845452547e+09 -2.147100042293829918e+09 -7.760462064272299767e+09 -3.296132914551891804e+09 -3.054941179377232552e+09 -9.855589051839137077e+08
2.644472180384543753e+04 8.564468458752489823e+03 1.417205903645530052e+05 -3.052485577568355802e+04 1.318740668149718113e+04 2.788889144150990251e+04 -9.128087299514472761e+03 -7.392735964760790011e+03 2.465348154342990165e+04 3.217795499711310913e+04 1.984009374386618947e+04 3.528793132919369964e+04 2.834303080042970396e+04 1.325952914531462739e+04 2.328093108681398735e+04 1.705663320773862142e+04 3.160123703398124781e+04 2.682770382669216997e+04 3.289523076269470039e+04 2.878589037451807235e+04 2.911637325395536755e+04 2.193019109493917858e+04 3.296667971530771320e+04 2.231311759366141268e+04 2.348361403347280429e+04 2.284519681881502765e+04 2.309408253823207997e+04 2.518538478765434775e+04 2.647168679169086317e+04 2.691227044924111397e+04 2.132551639298966620e+04 2.484334246550908574e+04 2.884292114972040144e+04 2.687358750036168931e+04 2.684401091430701126e+04 2.564888399819632104e+04 3.120198541664137520e+04 3.455717833945212624e+04 8.250092933208576869e+04 3.771787053976156312e+04 2.547415725061046760e+04 2.452672230672958540e+04 2.762948819446325797e+04 2.698712989977281904e+04 2.119693327501219392e+04 -8.180580079279122925e+10 3.409344928467584610e+09 -2.340415472943682480e+10 -1.024037768819853592e+10 1.999670710894458618e+11 7.272666143304271698e+09 -2.130649628625980377e+10 -2.021310239635831118e+09 2.418980923911520004e+09 3.871348222906091213e+09 -1.312988091856893921e+10 -1.233558264657783127e+10 -1.045912371028350067e+10 -7.546064246386156082e+09 -5.505551609769501686e+09 -1.853291673437496567e+10 3.826554272423032761e+09 -2.186647989680332661e+09 -1.621042275298431873e+09 2.572619510236361313e+10 5.538901737152894974e+09 -6.240495296964003563e+09 -1.148908566220929718e+10 2.962355811181572914e+09 -4.060915335647661209e+09 -2.513333216764793396e+09 2.439249354759482861e+09 -3.845949857299038410e+09 -1.119840816137351036e+09 -4.786896323371873856e+09 -1.279471295665211082e+08 -1.573156514332487345e+09
6.218772676750582468e+04 -1.356525671725736538e+04 1.234612205782331876e+05 -5.230525932089019989e+03 5.875775962006309783e+03 1.037366132918195763e+04 6.086700548523671387e+03 -4.494651258063178830e+03 1.308792032352727256e+04 1.806614442781343678e+04 1.246981982535331190e+04 1.849861279014060710e+04 2.857313840055294713e+04 7.440719971501347572e+03 1.431288425055884909e+04 1.593837321259827695e+04 2.826807056826234839e+04 3.490033183455000108e+04 3.174118035406286799e+04 2.688652250130012544e+04 2.816996951878698019e+04 2.502124667848512399e+04 2.327555857954848034e+04 2.529847132411616985e+04 2.696196322342514031e+04 2.231479149274121664e+04 2.329359841687024164e+04 1.927190849659718151e+04 2.397982700963842581e+04 2.474046968909247153e+04 2.510331154960502681e+04 2.394132943059972604e+04 2.482444082927440104e+04 2.545049185474536716e+04 3.072335221480972541e+04 2.606798803423082427e+04 2.879289466720474229e+04 2.919196873076842894e+04 3.771787053976156312e+04 8.030556879833783023e+04 3.443459358501812676e+04 2.640652922131238302e+04 2.808795927989084885e+04 2.756339353574765846e+04 2.314175241164534236e+04 -4.958716975073784637e+10 4.886791147711019516e+09 2.222171597615894699e+10 -3.030755800346755600e+10 9.324183987943051147e+10 -5.577847129598416328e+09 -1.634140065826383018e+10 1.742976322780973911e+09 -7.386121904526562691e+09 -3.255917857483465672e+09 -5.743695663453639984e+10 4.773151700808523595e+07 -8.734647252526842117e+09 -4.565960859041426659e+09 -2.197577182249097824e+09 -7.457576406216586113e+09 4.525682395997401237e+09 -2.029833100812170506e+09 -1.689993059672403097e+09 -6.161181568403676748e+08 -2.886472038551303482e+10 -3.856335140651818752e+09 -1.310923980520014381e+10 -5.509823494536428452e+08 -5.446401963990192413e+09 -6.033975068529116631e+09 -3.319994993661227226e+09 -7.782727752159850597e+08 -5.080796342280087471e+09 -5.767102611459952354e+09 -4.503360152312200546e+09 -6.003559739274166822e+08
-9.285066556569571549e+04 -6.666194366872143291e+04 5.649094585754894069e+04 -2.890166515458084177e+04 -4.661327412554172952e+03 3.647581554125905677e+04 2.831439087290402767e+03 -3.938863885594085332e+03 4.089646312091047002e+04 1.946728518620328759e+04 2.538246808524541120e+04 2.827645451561521986e+04 4.336251821168872266e+04 2.147462311418987156e+04 1.746461148157386197e+04 2.510836099346612173e+04 2.149048704488130898e+04 3.126436487508406208e+04 2.590223428028321359e+04 2.352415458867705456e+04 2.406723509565815402e+04 2.059135511767822754e+04 2.968704946685258983e+04 2.702196943122761513e+04 2.749372840673143946e+04 2.661958115010566326e+04 2.396373157987968443e+04 2.783233966356395104e+04 2.731517129987556109e+04 2.326144848145802098e+04 2.524087647560158075e+04 2.599210407654041410e+04 2.785477523785846279e+04 2.568411009539568840e+04 2.880186893698923450e+04 2.612986694507837456e+04 2.560889564949275155e+04 2.951090357514251809e+04 2.547415725061046760e+04 3.443459358501812676e+04 7.594135026691143867e+04 3.254288935264561587e+04 2.671557636686392652e+04 2.619611030542260414e+04 2.729536302056060231e+04 1.007001659079010162e+11 5.157814412627345276e+10 -2.486195504761721039e+10 -1.478395278561276054e+10 5.941729330534915924e+10 -1.841785325148591232e+10 -2.461668576768818665e+10 -6.043999258275819778e+09 -5.495598349655188560e+09 -4.428206328260808945e+09 -1.551400880081844482e+11 1.405091717131691360e+10 2.236975802040901661e+09 -5.085990707609184265e+09 -1.260632475710950279e+10 -1.015425795368909836e+10 2.285595672106894493e+09 -1.582124297299959898e+09 4.935823324955683708e+09 6.452554097944422150e+10 9.246148186424932480e+09 7.678187747368048668e+09 -7.279319610431832314e+09 7.259874177055644989e+08 9.404399307433967590e+08 -2.694053627471046448e+09 1.346219750068024158e+09 -3.298384479993762970e+09 7.392739315136830807e+08 -4.671016289494534492e+09 -9.635210147334408760e+08 2.215029805086847782e+09
1.622437622469152266e+05 4.600897379785343219e+04 1.159892673343079368e+05 -5.016836486326435079e+03 9.275398059370389092e+03 3.692971152980861370e+04 2.265080197538725406e+04 1.641408970936510968e+03 1.988785651635229078e+04 1.634876202048435698e+04 2.502232739822928852e+04 3.337035179574642825e+04 1.265455336684609574e+04 1.156871436531330983e+04 1.964010414588880667e+04 3.193393911020614541e+04 2.059862361094102016e+04 2.214484765354172850e+04 1.371972899924313788e+04 1.838912621917522847e+04 2.379045584261556360e+04 2.279968019624947192e+04 2.775975996266066068e+04 2.704235448833573901e+04 2.773683738442763934e+04 2.553852323773748867e+04 2.705361772943060350e+04 2.245528643961539638e+04 2.617091977988926374e+04 2.168126787311750377e+04 2.716457399726630683e+04 2.479346600789045988e+04 2.897352293633648515e+04 2.573970806583439116e+04 2.717863054045036915e+04 2.515047568045512162e+04 2.569123068447867263e+04 2.499992264778083700e+04 2.452672230672958540e+04 2.640652922131238302e+04 3.254288935264561587e+04 7.226192560067490558e+04 3.319548706404109544e+04 2.593160384000944396e+04 2.519161384193202321e+04 -1.470454507721414185e+11 2.409224981706178284e+10 1.261473436830807495e+10 1.320741495472529030e+10 2.744381159572031403e+10 1.597255070036774635e+10 -1.140062542307820129e+10 -4.575542328071288109e+09 4.009926187445172310e+09 1.665267377593254328e+09 -1.290977126417143555e+11 1.074839956150733185e+10 6.498729513504308701e+09 -3.811997493886376381e+09 -6.548868737880433083e+09 4.935248489736465216e+08 3.726439527641796589e+09 -1.424631521077994585e+09 -1.282488461188390017e+09 -2.940634476665597153e+10 -2.527424236617662048e+10 3.108737634265842915e+09 -6.447102415512117386e+09 -6.935959163332688332e+09 -9.565191916920394897e+08 -2.229198111699325562e+09 -3.461946007363450050e+09 3.439109208758916378e+09 -2.518960808558186054e+09 -2.123415265550518036e+09 -2.527993417361396790e+09 3.170793863858366609e+08
1.117255555274816288e+05 3.237193999993858597e+04 7.528571510027800105e+04 -2.541509807280484529e+04 -3.448057325968913210e+04 1.688057566894040792e+04 1.083404613249174872e+04 3.886048195563612808e+03 2.044760664240438564e+04 1.621503734361583520e+04 3.707680497212616319e+04 3.381412902595929336e+04 2.114088656027108664e+04 1.536763002392858834e+04 2.841464591950605609e+04 2.691873763767929995e+04 2.599589389830455548e+04 3.581789063837788854e+04 1.877083910137322528e+04 2.583389744855354002e+04 2.355154449320878484e+04 2.102035208361389232e+04 2.706843959279702176e+04 2.408443951381936495e+04 2.132103358180091891e+04 2.316962758916252642e+04 2.804436348578461184e+04 2.488347564691058142e+04 2.337831523328039839e+04 2.408566925497506600e+04 2.746164897936754642e+04 2.676936417970082039e+04 2.807039526312971066e+04 2.640398495695157908e+04 2.469858309827270932e+04 2.703626960998387949e+04 2.740167676139383912e+04 2.413010276320693083e+04 2.762948819446325797e+04 2.808795927989084885e+04 2.671557636686392652e+04 3.319548706404109544e+04 7.406517566236914718e+04 3.420212520142212452e+04 2.672818035483518179e+04 -1.484608201633180237e+11 -3.832519357644007874e+10 -2.193145086229082108e+10 -2.380800934953513336e+10 2.321306419357350769e+11 -8.803628404594663620e+09 -2.912018942426705360e+09 -1.184624508774600983e+10 -2.743907829417873859e+09 2.409051705125716686e+09 -1.210272988756601105e+11 -3.602418501434149265e+09 -5.943933941123529434e+09 -1.403163118106046104e+10 -4.379583821055435181e+09 -2.840797720289922333e+10 9.413018548789152145e+09 -6.135455917720047951e+09 -6.463145279649804115e+09 3.469839098647517395e+10 3.738844250081617737e+10 -9.559478193952661514e+09 -9.080173779875146866e+09 -1.304032830219382095e+10 -1.429969217328245163e+09 -3.333535384070502281e+09 -1.022559039729230762e+09 -9.734386341076927185e+09 -7.717522488261114120e+09 -3.465645005342749119e+09 -1.009227860873901486e+09 -2.569468683975399017e+09
2.663390984480207553e+05 3.887116065712931595e+04 1.104703996974513138e+05 -1.086503000204794807e+04 -2.803903380174607810e+04 1.890948277855489869e+04 1.466515211457795158e+04 -1.416914347223200275e+04 2.341459941183858973e+04 6.034894211643285416e+03 1.384569812765648567e+04 1.392879669862732590e+04 2.282895954435881868e+04 1.654402640670456094e+04 2.236303030321581173e+04 2.645809660932905172e+04 2.514859952331481691e+04 3.326754732618360140e+04 3.090565944926860539e+04 2.874940337547019953e+04 2.455013544191163601e+04 1.520476182184381469e+04 2.398197623909309914e+04 2.533672535758414961e+04 2.916348825995184598e+04 2.335618441186548444e+04 2.366257060465006361e+04 2.838844209112676981e+04 2.538832073118039989e+04 2.314497739760023978e+04 2.552969932316349150e+04 2.414581149353699220e+04 3.019945936715523931e+04 2.560020111041217024e+04 2.603052895342852935e+04 2.607920478188148991e+04 2.555653146216284949e+04 2.763554823426942676e+04 2.698712989977281904e+04 2.756339353574765846e+04 2.619611030542260414e+04 2.593160384000944396e+04 3.420212520142212452e+04 7.181321869428022183e+04 3.095419323719471504e+04 -1.224093917936682701e+09 -6.496000039388557434e+10 -4.734467378305172729e+10 -6.699754510899634361e+09 -3.758779849769413757e+10 -1.891629923416461182e+10 -2.681417383033699036e+10 2.647823443604020596e+09 -5.164067584881952286e+09 -2.879193743171762466e+09 -1.463207237185954285e+11 8.408667313896738291e+08 -8.585170114612408638e+09 -5.852568235803867340e+09 -1.018709100702931786e+10 -1.054657764719910812e+10 1.521338441341821671e+09 -6.910686574491903305e+09 -5.293685881072513580e+09 -1.845051271355691528e+10 -1.279174764141351471e+11 -1.957676484729993105e+09 -1.206650844656598663e+10 -1.066651812488967514e+10 -5.549537291712059975e+09 -6.514867625563969612e+09 -1.437783671154696465e+09 -5.594664136313365936e+09 -7.082784549270149231e+09 -3.757002836963924885e+09 -1.940059260324865818e+09 -3.621615659396986485e+09
5.554555220317128260e+04 1.162935250939705875e+05 1.394044305675345531e+05 -2.989200919116536897e+04 9.753351407719383133e+03 2.283046828768097839e+04 1.037945021903710403e+04 6.285251423458791578e+03 1.142652030113401634e+04 2.874697601697314894e+04 2.554927164700821231e+04 1.766658991953098666e+04 2.655594506536731205e+04 1.329140990644764497e+04 1.680099991966777816e+04 2.402483240841018414e+04 2.213220916008953645e+04 2.203935987889293028e+04 1.992415834028504469e+04 2.338030689071249071e+04 2.600375544718632227e+04 1.901728480227834734e+04 2.315872922864618522e+04 2.544730047941759040e+04 2.292185801164464283e+04 2.087655480522252037e+04 2.232974892371594979e+04 2.447237775333048194e+04 2.279610884816127145e+04 2.508358346751701902e+04 2.184099362455839946e+04 2.425176779318728950e+04 2.700048682661904240e+04 2.469232895312548862e+04 2.325539864804605531e+04 2.789188923042910028e+04 2.728823362728188295e+04 2.324435547318039971e+04 2.119693327501219392e+04 2.314175241164534236e+04 2.729536302056060231e+04 2.519161384193202321e+04 2.672818035483518179e+04 3.095419323719471504e+04 6.323369931120078400e+04 2.736852921558391571e+10 -5.904814578687583160e+10 -4.255304036792897797e+10 9.484389694514799118e+09 -8.797495696711468506e+10 -2.455206331370063782e+10 -1.830066643900710678e+10 -1.118413537857890511e+10 -3.775870315971838474e+09 4.993499295735219002e+09 -7.630308157980734253e+10 4.385446164230231285e+09 -5.689884226478303909e+09 -4.622326862847311020e+09 -4.510259483396517754e+09 -6.767124010342991829e+09 1.847807507283792019e+09 4.806312837633715868e+08 4.971276252562656403e+09 2.971236178154165745e+09 1.071521468169936371e+10 1.231701809738949090e+08 -9.717461023972967148e+09 5.529845942113038063e+09 -2.718853757757447362e+08 -3.288485765582352638e+09 -6.581708571123251915e+08 -2.945493247644392490e+09 -4.153260169813515663e+09 -4.600954999295008659e+09 -5.010529118334566116e+09 -7.785210657943925858e+08
-6.025485179830624023e+12 5.917607692937305664e+12 5.502276798856454102e+12 9.801791774602801514e+11 -1.377268071276510986e+12 -3.967576181707604980e+11 -2.000492204047766113e+11 -2.214823641321649780e+11 4.467635412075001831e+11 1.224077381548759277e+12 -2.026355643504375305e+11 2.372127397577008057e+11 1.929224929005877991e+11 -2.034857256456440125e+11 1.572259998904663086e+11 1.700917244085217590e+11 2.724307769370134583e+11 -3.575565765725805664e+10 3.636567939891859741e+11 -1.611177599308368492e+10 9.892980680884271240e+10 -9.134755084617997742e+10 1.778652949859621582e+11 -1.837378232983433838e+11 -9.978796248793991089e+10 1.895407421254877930e+11 -3.024116464923753052e+11 -7.944482214023657227e+10 6.177323787266905212e+10 -1.001456691666464081e+11 -8.250067504807291985e+09 1.337667236466650248e+09 -1.571122215156094360e+10 1.747503115879830627e+11 -3.464406834065672302e+10 -3.504269672595283508e+10 -1.042678062674728966e+10 1.086824737624857941e+11 -8.180580079279122925e+10 -4.958716975073784637e+10 1.007001659079010162e+11 -1.470454507721414185e+11 -1.484608201633180237e+11 -1.224093917936682701e+09 2.736852921558391571e+10 1.225893441996839485e+20 1.220653067582476698e+19 3.313570846171388928e+18 5.953550775409266400e+16 -1.710734049451365376e+18 1.256973896380845568e+18 -2.696837354752743040e+17 1.945764603134251264e+18 -3.283606022931024640e+17 1.248122316383644800e+17 5.216626578888809472e+18 -5.994320758974173440e+17 7.780747490813273600e+17 1.707792653241503680e+17 -1.303589671211312640e+17 1.288816504096163584e+18 -1.239923981483974240e+17 -1.675689697497661440e+17 -5.959961021844527200e+16 -2.534639383307961856e+18 3.445299669152689664e+18 1.371036966359905760e+17 -1.337785849634985600e+17 5.529477820857498880e+17 -2.934349985432202880e+17 1.825912346761779600e+16 3.555568124314411600e+16 1.332402139675413504e+18 -1.687601049618552960e+17 3.938910484716723200e+16 1.225961945065758400e+17 1.432736005387360640e+17
1.945850519149879883e+12 3.054734387093040039e+12 3.964629618186884766e+12 3.072014805492853516e+12 1.063429639035812622e+12 3.146723127058986206e+11 5.316686398622229004e+11 -2.502095636008658142e+11 3.102491384286108398e+11 7.639217273941220703e+11 5.683597864510691833e+10 1.990819787161491776e+10 6.937495056577502441e+10 2.050931111244797897e+10 -2.923077900405302048e+10 3.219284098372772598e+10 -6.039712472847290802e+10 3.457487410302067566e+10 8.725061717186871338e+10 -2.724022202724403888e+07 -1.298743344080142975e+11 -1.519535246959995117e+11 -6.649707030027628899e+09 -2.145747593059556961e+10 -3.610601106186190796e+10 -9.831263357544522095e+10 -1.127070858534185028e+10 2.498662609389335251e+10 3.204489060792213917e+09 -5.819702951156864166e+09 -2.807728950131861115e+10 6.612618254187142372e+09 -1.194311485334539795e+10 1.291008410165629768e+10 -4.775664412094301605e+10 -2.308589247574158478e+10 -3.035040228068329620e+10 -2.092376096965132141e+10 3.409344928467584610e+09 4.886791147711019516e+09 5.157814412627345276e+10 2.409224981706178284e+10 -3.832519357644007874e+10 -6.496000039388557434e+10 -5.904814578687583160e+10 1.220653067582476698e+19 2.810509008102290637e+19 2.966911923903178752e+18 4.390033726544851200e+17 9.433611876945580032e+18 1.633669643116620800e+18 2.821526348672653760e+17 8.245803846842187520e+17 -7.145553004813198400e+16 -4.375485311958865600e+16 1.456122391225550336e+18 2.585942151035809280e+17 8.942338332415424000e+17 2.248544576210832000e+17 -5.232806545280088800e+16 4.319590268840433920e+17 8.301896135041153600e+16 4.981966453511600000e+16 1.351859353607538240e+17 2.519378851122138560e+17 4.613698164628076800e+17 1.477677283718874880e+17 -4.851875799923756000e+16 5.134371802843566080e+17 -1.352701273538143400e+16 4.633115538780745600e+16 2.094668298437552000e+16 5.645042845654583040e+17 7.200633379890849600e+16 -2.413580044427981600e+16 4.887986228866312800e+16 1.370990651789585400e+16
3.370246493368064453e+12 3.664539648392844727e+12 2.701675369408645508e+12 1.630218631469977295e+12 5.733595216241529541e+11 7.984007895441560059e+11 1.441094203011840515e+11 -1.156667976896542511e+11 1.269823019428362122e+11 1.890305928596266785e+11 -4.087611576091600037e+10 -1.266633212555432587e+11 6.182116765417627716e+10 -6.672410949086707306e+10 7.192353636844111633e+10 -2.963377573022270966e+10 -1.414925314224413147e+11 -3.401089852251837921e+10 -5.369488543536952972e+10 -1.468845340307430840e+10 -1.276251056570333672e+10 -1.703971191827042580e+10 -3.694075330947624969e+10 -4.834384460054410553e+10 -3.476358479514983368e+10 -1.476721753993991280e+10 -4.284348460164942169e+10 -9.337052325809402466e+09 -1.715267499487406158e+10 -1.224681583788650036e+09 6.741553069368405342e+09 -1.205976883729573631e+10 -1.198073307810307693e+10 -2.536847444326865768e+10 -3.885591203222343445e+10 -2.166698056613208389e+10 -3.096921737034636307e+10 -2.744560895521839905e+10 -2.340415472943682480e+10 2.222171597615894699e+10 -2.486195504761721039e+10 1.261473436830807495e+10 -2.193145086229082108e+10 -4.734467378305172729e+10 -4.255304036792897797e+10 3.313570846171388928e+18 2.966911923903178752e+18 6.459630707740122112e+18 6.210970582085738240e+17 -1.095018856810421760e+18 1.146323437365482112e+18 2.036512968369276160e+17 8.907156091907610880e+17 1.232976907622162240e+17 5.864665707594007200e+16 -2.595869728520308160e+17 4.389639315489420800e+16 4.123860966635776000e+17 2.348576574739239600e+16 -1.920242296014334400e+16 7.752608608325692160e+17 5.817242988344796000e+16 2.583901376148941600e+16 -1.453569418118351400e+16 9.941423559493580800e+17 -3.641070747403054080e+17 1.293736921080340000e+17 2.725028056670526000e+16 2.485058010829685440e+17 1.253898669295636000e+16 1.970453822585384400e+16 -9.878960588858512000e+15 6.747269101824673280e+17 4.120832868082800000e+16 -8.804155670736623000e+15 -3.106746240077574000e+15 1.254791740158823800e+16
-3.641316022547367554e+11 7.783596797907204590e+11 1.910426554704490356e+11 6.891578693874063721e+11 9.764330446103065186e+11 4.681426529705864868e+11 1.980355686186253662e+11 -7.595277140147456360e+10 7.427305612288134766e+10 -1.651864439520670776e+11 -8.660859370634210205e+10 1.397796061382834435e+10 2.677469624358628273e+09 6.655447440187569427e+10 3.903638066552265930e+10 -1.323083693007595253e+10 2.878217319796171188e+09 -8.305745737845759583e+10 -2.203578266145724106e+10 -4.974628286021594238e+10 -5.741978087705849457e+10 3.074225350208151340e+09 -4.779693084521777344e+10 -5.359813183407743835e+10 4.978850361048831940e+09 6.115598048599803162e+10 3.223279712755432510e+10 1.119791711828896904e+10 6.022654996992642403e+09 5.770339571851517677e+09 1.613379654267406845e+10 2.290905564317647934e+10 -2.179508953602819920e+09 -2.189137802851110458e+10 3.953533195766990662e+10 2.533363174155993652e+10 1.581255014791147804e+10 -7.594121068706762791e+08 -1.024037768819853592e+10 -3.030755800346755600e+10 -1.478395278561276054e+10 1.320741495472529030e+10 -2.380800934953513336e+10 -6.699754510899634361e+09 9.484389694514799118e+09 5.953550775409266400e+16 4.390033726544851200e+17 6.210970582085738240e+17 6.174259686576594944e+18 3.851645658292961792e+18 3.624058026072266880e+17 2.825499740604016320e+17 -1.228535447570280480e+17 7.339083677651547200e+16 -3.103120473162567200e+16 -1.330571413031275520e+18 5.313586673511609600e+16 -7.658610028923790400e+16 9.817695567015812800e+16 -8.411731602154081000e+15 -9.928287736776840000e+16 1.121582507030354400e+17 4.380002551060377600e+16 -1.295279536483869400e+16 -3.057363483563088000e+17 -1.557537403000341440e+17 1.667493354303341800e+16 -4.428462358930232000e+15 -1.160472322762334600e+16 6.787724016701847200e+16 4.752356153155061000e+15 -3.022170430625816500e+15 -5.710882508755010400e+16 9.882342262514129600e+16 2.293506314963125600e+16 3.488953913314337200e+16 -2.287066837046701200e+16
1.220502148899641992e+13 7.310392957530555664e+12 7.264152195667901611e+11 4.865960340593044922e+12 3.172402773001304199e+12 1.735332937173363281e+12 1.908566246831388428e+12 3.896234515163826904e+11 3.555145716136526489e+11 1.254861455712759277e+12 -2.095127211408378906e+11 -9.219717208136164551e+11 -6.056891749652458496e+11 -4.046524601911259155e+11 1.766488549592705154e+10 5.885780286109682617e+11 7.950298915875047607e+11 2.638739281803483582e+11 -3.092404648206694336e+11 -4.874446297527966919e+11 -9.154096448124052429e+10 6.206402419352701416e+11 3.998854598202119751e+11 2.736917412022554626e+11 7.697050497936937332e+09 -9.339287468904560089e+09 2.993771383271433105e+11 1.090044876932253418e+11 4.716218825507301025e+11 3.596736132817017822e+11 1.410211287359779663e+11 1.515871362861231995e+11 3.414581238774795532e+11 2.138012580207510986e+11 2.207075860694801636e+11 2.412712580654036560e+11 3.203239089354816895e+11 6.114551790691431885e+11 1.999670710894458618e+11 9.324183987943051147e+10 5.941729330534915924e+10 2.744381159572031403e+10 2.321306419357350769e+11 -3.758779849769413757e+10 -8.797495696711468506e+10 -1.710734049451365376e+18 9.433611876945580032e+18 -1.095018856810421760e+18 3.851645658292961792e+18 7.009644730649317212e+20 1.893872178119406080e+18 7.888021723760558080e+17 -4.289935581358986880e+17 8.211355418886712320e+17 8.035521091444596480e+17 1.104262167457969357e+19 1.045238523347401728e+18 2.439928264840600064e+18 6.026058101526314240e+17 4.556916911434639360e+17 -5.478168315649186560e+17 3.535136192421192320e+17 2.655319011057120000e+16 -6.450060696797913600e+17 -2.352487210646312000e+17 -3.792894962955209728e+18 -9.529929586026995200e+16 -4.900481810353760000e+16 3.820431038209264640e+17 3.557532809930696960e+17 1.639303163301055680e+17 -5.518640970030623360e+17 4.407479994685689600e+17 1.828764432890015040e+17 -1.048253107445726240e+17 -1.556034604064824000e+17 1.213218310023358720e+17
3.160473896141919556e+11 1.983012444998498047e+12 2.045080808518941406e+12 1.300703914190331055e+12 2.863557229580205688e+11 4.623115658382875977e+11 1.777755503933099976e+11 1.221611086251040039e+11 1.149093922320912018e+11 1.468749825047974243e+11 1.758752142936107788e+11 2.228185476072423935e+10 5.450495634270820618e+10 8.935218230730468750e+10 7.144531336553288269e+10 -5.382400620082048416e+09 -9.290858717064526367e+10 -5.075149308275468445e+10 -2.014123313152900696e+10 -7.266072555891813278e+09 -4.196178658544840240e+10 -4.634137229048379898e+09 2.033339918911486053e+10 5.461544568405616760e+10 -1.217774783212691307e+09 -5.352892444513165355e+08 3.764272764183811188e+10 -8.494586195554206848e+09 -7.506221258692305088e+08 1.802746652320777130e+10 8.190121485091048479e+07 3.933271041746433973e+08 5.954209762538033485e+09 -3.590955243907375336e+10 4.735313839765253663e+07 9.533805457807878494e+09 -2.367291382118857193e+10 -1.460954698744714355e+10 7.272666143304271698e+09 -5.577847129598416328e+09 -1.841785325148591232e+10 1.597255070036774635e+10 -8.803628404594663620e+09 -1.891629923416461182e+10 -2.455206331370063782e+10 1.256973896380845568e+18 1.633669643116620800e+18 1.146323437365482112e+18 3.624058026072266880e+17 1.893872178119406080e+18 3.735406360349477888e+18 3.328032412813083520e+17 5.839422396372089600e+17 1.441522876264800320e+17 9.768031736574260800e+16 3.237070672172033920e+17 1.868325651296044800e+17 4.000137852138860800e+17 7.356993308031720000e+16 7.055526389299597600e+16 2.653398669520721600e+17 2.760208306925627600e+16 4.537183396875394400e+16 7.788989279426224000e+16 -1.644659630644363200e+17 2.492132645540730240e+17 8.856379260690476800e+16 4.422401181398888800e+16 3.445963730846236160e+17 9.744211972830796800e+16 3.973721122065872800e+16 -9.062044980967466000e+15 3.198787073533941120e+17 6.307409447132719200e+16 1.174159334149116200e+16 1.557035325168496750e+15 -5.053031958295396800e+16
-1.006099212213771973e+12 5.429039908825937653e+10 1.845446992096730957e+11 4.772972365360903931e+11 5.600455518687739258e+11 4.867646262399968262e+11 2.718605579874668579e+11 1.759581721886517639e+11 3.581666497190052032e+10 8.961974193927990723e+10 3.339844474707568741e+10 1.998313197002519226e+10 -3.704684611799801636e+10 2.888782801214594269e+10 -2.922622997307091522e+10 1.215739099953311539e+10 1.030838433951143074e+10 -5.598130601510204315e+10 -3.550477423372396851e+10 -2.661734141965378571e+10 5.568295965845702171e+09 -8.390259909108260155e+09 -3.466148302809422302e+10 1.468594030390092611e+09 -2.284531996764726257e+10 -9.287207342422746658e+09 7.407838997057091713e+09 -9.559022160771394730e+09 -4.158087922702675629e+10 -1.974136538316641998e+10 -3.380565588032350540e+09 -1.052335999559121323e+10 -1.122380596823644066e+10 -1.299674586783918953e+10 -8.355108345643735886e+09 -1.449016816286344910e+10 -1.002177079019706154e+10 -1.618128408601143456e+10 -2.130649628625980377e+10 -1.634140065826383018e+10 -2.461668576768818665e+10 -1.140062542307820129e+10 -2.912018942426705360e+09 -2.681417383033699036e+10 -1.830066643900710678e+10 -2.696837354752743040e+17 2.821526348672653760e+17 2.036512968369276160e+17 2.825499740604016320e+17 7.888021723760558080e+17 3.328032412813083520e+17 1.125451279683542656e+18 -9.261322047164374000e+15 1.181414720447334880e+17 1.164593610259539040e+17 -7.803168927657198400e+16 2.297173727590192640e+17 2.007672771828597200e+16 8.688973448791982400e+16 1.913751445591605600e+16 -6.589847131333336000e+16 6.668224813802036000e+16 9.138998834429058000e+15 9.462680679720786000e+15 -2.384027288762591360e+17 1.183136236907034720e+17 8.892586785422542400e+16 4.620363395580642400e+16 1.949004813173770800e+16 8.088436909637940800e+16 2.220649005281360800e+16 3.674675850123786000e+15 -3.118293965217341000e+15 7.808728626994480000e+16 1.946536728594311600e+16 -1.154156786449476000e+16 -1.514315503254963000e+16
1.351841253727670654e+12 2.236164637524783203e+12 1.669363398207709961e+12 9.058688222142026367e+11 -1.198842730983413124e+10 1.153685933254674988e+11 1.860936037180196228e+11 2.635001894864405212e+11 1.759757819332502136e+11 2.492165933074345016e+10 -8.613787903972021484e+10 -3.018646288993373108e+10 -3.838210289532077026e+10 -2.761274381014182091e+09 3.493592112232912445e+10 -4.429682101819966888e+10 -3.677429860408962250e+10 1.568681455000351906e+10 -2.046022270023826599e+10 -2.054952162578325748e+09 8.624252475254467010e+09 -3.693363163496411896e+10 -1.508916822679269791e+10 -9.205538723123384476e+09 -5.320002908862747192e+09 -2.957777104728181458e+10 -1.583308358103799105e+09 -1.750398875637149429e+10 1.694072547199225616e+10 7.130278787202015877e+09 1.350537192885036469e+10 1.582640682766225624e+10 -2.198524728881955719e+10 4.583480587429791451e+09 1.166065154153480721e+10 -1.169874891303253555e+10 1.451884774262879753e+10 1.432859923982083559e+09 -2.021310239635831118e+09 1.742976322780973911e+09 -6.043999258275819778e+09 -4.575542328071288109e+09 -1.184624508774600983e+10 2.647823443604020596e+09 -1.118413537857890511e+10 1.945764603134251264e+18 8.245803846842187520e+17 8.907156091907610880e+17 -1.228535447570280480e+17 -4.289935581358986880e+17 5.839422396372089600e+17 -9.261322047164374000e+15 2.326423110225907712e+18 1.130030677608916800e+17 8.818323806927512000e+16 1.231625841671166208e+18 -4.486480592398810400e+16 4.545394261321351680e+17 2.704228489250129200e+16 3.773054266446932800e+16 6.106480163439554560e+17 -1.347472231373632400e+16 1.963743933801986000e+16 -1.665167346270876000e+16 5.727633512636749440e+17 -2.690693823969332480e+17 3.941023117181445600e+16 4.659383674587072800e+16 2.557875064552254720e+17 1.901412768797636000e+15 1.741017527184663200e+16 -9.711613501789846000e+15 5.916013112815208960e+17 7.518461322187689000e+15 1.278435489621857400e+16 -2.305484960337528800e+16 -8.004017921996898000e+15
-1.487390920757555962e+10 1.187927701855245667e+11 2.739749258991331482e+11 2.611016946837102966e+11 2.486231094307306519e+11 2.177495924456290283e+11 3.311893814438402710e+11 2.488119171171372070e+11 2.309367545761702881e+11 8.463187206601402283e+10 5.865174187652146339e+09 -1.342898804806493187e+10 -3.680182447693153381e+10 2.284930787009816647e+09 -1.384826653563178062e+10 -2.419115738932431030e+10 -5.871439131020639038e+10 -2.097089304701474380e+10 -8.705101806630420685e+09 -1.133729818372985458e+10 1.652169739202666092e+10 -4.159274847262604237e+09 -1.621910652038305473e+10 6.194379017465758324e+09 -5.489890677845479012e+09 1.930069391908633411e+08 1.109812047147510338e+10 -5.740475660915866852e+09 -2.125669804849754572e+09 7.974428732683331490e+09 -7.325530563095882416e+09 -7.089304490325051546e+08 9.367362376776523590e+09 1.095175754685707569e+09 -3.767578895042006493e+09 -1.313553041514181709e+10 -3.277441889109764099e+09 -1.411003204716127777e+10 2.418980923911520004e+09 -7.386121904526562691e+09 -5.495598349655188560e+09 4.009926187445172310e+09 -2.743907829417873859e+09 -5.164067584881952286e+09 -3.775870315971838474e+09 -3.283606022931024640e+17 -7.145553004813198400e+16 1.232976907622162240e+17 7.339083677651547200e+16 8.211355418886712320e+17 1.441522876264800320e+17 1.181414720447334880e+17 1.130030677608916800e+17 6.356698943638740480e+17 1.880251547901474880e+17 2.607537214188253760e+17 8.331427843512283200e+16 6.570411612492664000e+16 8.467314070740144000e+16 5.165736977462168000e+16 2.922350030699536800e+16 2.676692104536984000e+16 2.457654351895924000e+16 1.293988011763816200e+16 1.243557178289682560e+17 -1.507824763710454080e+17 3.316442930823846800e+16 5.435690062670079200e+16 -1.462563657766374400e+16 4.122381935267607200e+16 3.248543559488690400e+16 5.910588264408795000e+14 1.374071470598718800e+16 2.763852896825003200e+16 3.694480000847249600e+16 -4.587556277026580000e+15 4.968354172002837000e+15
8.842205275174031982e+11 1.313726024024019012e+11 4.011195629444741211e+11 1.216220293732446594e+11 -3.915255335124544525e+10 3.162603004181069946e+10 3.128196856777306519e+11 3.755045696583123169e+11 3.085497896522015991e+11 1.619834128314041443e+11 2.720652216430780792e+10 3.333525461200895691e+10 5.254653405851796722e+10 7.768991168359104919e+10 1.866203991187082672e+10 -2.570087221245522690e+10 -1.539492598164862251e+10 -8.070336790725303650e+09 1.633104081439109421e+10 2.975907183032920074e+10 1.746274528596728897e+10 -4.109387605644087219e+10 -2.209584346996359825e+09 -2.318776604473403931e+10 -1.539741545074188614e+10 1.847697057905204773e+10 -6.824547912673478127e+09 -6.717389101101799011e+09 -1.115282699687232256e+09 -3.209576808120927811e+09 1.381780852311583996e+09 7.288910482112294197e+09 3.418978953382564068e+09 -1.170326877301983261e+10 1.191536040433187294e+10 -1.013940098330953026e+10 1.091803137270779419e+10 -3.646247121811552644e+08 3.871348222906091213e+09 -3.255917857483465672e+09 -4.428206328260808945e+09 1.665267377593254328e+09 2.409051705125716686e+09 -2.879193743171762466e+09 4.993499295735219002e+09 1.248122316383644800e+17 -4.375485311958865600e+16 5.864665707594007200e+16 -3.103120473162567200e+16 8.035521091444596480e+17 9.768031736574260800e+16 1.164593610259539040e+17 8.818323806927512000e+16 1.880251547901474880e+17 1.109345641559982336e+18 4.167839460882376000e+16 -6.001452846686759000e+15 9.790431281151358400e+16 3.680653891781379200e+16 1.115424286575875200e+17 2.110542917196872800e+16 1.088796849780913000e+16 3.901449647845773600e+16 1.121504894146154600e+16 5.480912105971683000e+15 6.346883580980822400e+16 3.881581769891080000e+16 7.651731729637830400e+16 8.610519007023782400e+16 9.904868940009678000e+15 4.996717006123277600e+16 1.029129248502255200e+16 -1.965705416517934250e+15 2.066747144090839200e+16 3.848624611138734400e+16 5.700654633154808000e+15 1.914113982215864400e+16
1.157337047458245117e+12 5.115406206749852539e+12 2.957440059799766235e+11 1.132010056539357910e+12 -1.425476101232997803e+12 -6.157063672449238281e+11 -1.751309172598417282e+10 3.975834624579049072e+11 6.926797906044997559e+11 6.226295421921890869e+11 -3.360964723987144165e+11 -3.594341362389962769e+11 1.755248401879894104e+11 -3.773926457292887573e+11 -2.590973664586922913e+11 6.491568157550887108e+09 2.149054205350693359e+11 1.564144741468605347e+11 1.272369542393252716e+11 8.714293731726026917e+10 -8.397529226926799011e+10 -1.918929448090872192e+11 -9.069230110844392395e+10 1.104075845048200378e+11 -1.561496042164353638e+11 2.390269497401032257e+10 -6.217681435196602631e+10 -1.160168241497397766e+11 -9.801311895320692444e+10 -8.124302660214234924e+10 -5.240092352470398712e+10 5.880773688231645584e+09 -1.248248269177085571e+11 5.620605915941253662e+09 6.041754390228556633e+09 -2.596431000333651733e+11 -6.921301610743003845e+10 -8.905681526903906250e+10 -1.312988091856893921e+10 -5.743695663453639984e+10 -1.551400880081844482e+11 -1.290977126417143555e+11 -1.210272988756601105e+11 -1.463207237185954285e+11 -7.630308157980734253e+10 5.216626578888809472e+18 1.456122391225550336e+18 -2.595869728520308160e+17 -1.330571413031275520e+18 1.104262167457969357e+19 3.237070672172033920e+17 -7.803168927657198400e+16 1.231625841671166208e+18 2.607537214188253760e+17 4.167839460882376000e+16 1.118937374079654298e+20 9.106472999251854080e+17 6.133471401226974720e+17 2.900821749840441600e+17 3.637423850076187520e+17 1.881784299993819200e+17 -5.821972859433212000e+16 -1.512611367746858240e+17 2.687309308633160320e+17 5.781958684473295360e+17 -6.019911087399160320e+17 -2.140675282326534400e+16 -1.866476731897837440e+17 9.416479027236008000e+16 3.949919509443660800e+16 -1.806074442385316160e+17 -1.594909045137231360e+17 4.469128738890946400e+16 -2.499630439230995840e+17 -6.402937141016347200e+16 -1.129504127665481800e+16 -1.546530614801416600e+16
-3.838483931001522217e+11 -1.749241324351160431e+10 1.229125173246489716e+11 1.078524255890693359e+11 2.548788645613789368e+11 6.608849549087636719e+11 5.452827353870777588e+11 5.469306347725308228e+10 1.016820123741471405e+11 1.482333994536436462e+11 3.899799502350643158e+10 4.936216440059575653e+10 -4.997875647754071045e+10 -3.342258264112459946e+10 -9.237285068480220795e+09 -1.637061367063147926e+10 -2.112501474380763245e+10 1.559341204186750984e+10 3.477646126896254730e+10 -2.213236895118673444e+08 7.913727891140276909e+09 -1.240309582479117393e+10 -1.383258513187179756e+10 2.846482350868812561e+10 1.812379622567655182e+10 2.737857849049885178e+10 5.704721659385371208e+09 2.453409727302139282e+10 -5.323158916428451538e+09 3.081509407003092194e+10 -1.198466574617007256e+10 4.176008108113569736e+09 4.783731462505151749e+09 1.489293822627929926e+09 1.620084095974871063e+10 4.626736010917589188e+09 9.805188725973276138e+09 -1.020364659482380295e+10 -1.233558264657783127e+10 4.773151700808523595e+07 1.405091717131691360e+10 1.074839956150733185e+10 -3.602418501434149265e+09 8.408667313896738291e+08 4.385446164230231285e+09 -5.994320758974173440e+17 2.585942151035809280e+17 4.389639315489420800e+16 5.313586673511609600e+16 1.045238523347401728e+18 1.868325651296044800e+17 2.297173727590192640e+17 -4.486480592398810400e+16 8.331427843512283200e+16 -6.001452846686759000e+15 9.106472999251854080e+17 1.957255072933853440e+18 1.024910846252694720e+17 1.726522223174562880e+17 2.214396545099818400e+16 -1.307724814395463400e+16 4.649418783878748000e+16 2.166410367819487600e+16 4.962029131278748800e+16 5.677299377156860160e+17 2.117921701296765625e+14 1.179623554733453920e+17 2.811377616505796800e+16 -4.159071100429807000e+15 6.321483618487599200e+16 -5.154742601022642188e+13 -1.043512354035613000e+16 -7.026963246964412500e+14 6.430313626848411200e+16 4.598617888171177000e+15 -3.206337904961274000e+15 -4.684191226399846000e+15
1.148195180945691895e+12 5.668624275077635498e+11 1.357614945926949219e+12 7.747733074995478516e+11 6.939158093380473328e+10 1.789517919489505615e+11 3.893364731681771851e+10 1.113242508320350494e+11 1.479569795422043457e+11 1.910334635437261658e+11 1.235946480085142365e+11 4.004044846983533478e+10 2.368442961092184067e+10 -1.267555577258585453e+09 1.251715496783022165e+09 9.721644440821969986e+09 -3.083997892047526932e+10 -2.712073943110597610e+10 2.544253405443699646e+10 7.908345184790687561e+09 2.398244297185262299e+10 1.489194849433807564e+10 -4.044399987636977673e+09 2.435126863388002014e+10 -1.164976292287910843e+10 -9.006610125056947708e+09 2.564093180632918179e+08 -9.147461782659482956e+09 8.104620667690810204e+09 -1.721435882141435862e+09 -2.058986679967991352e+09 4.338951248940542221e+09 1.441876181119541407e+09 -9.521550922531883240e+09 3.691725504471370697e+09 -1.393794500591906548e+10 -2.226937540473073578e+10 -1.622468485122604942e+10 -1.045912371028350067e+10 -8.734647252526842117e+09 2.236975802040901661e+09 6.498729513504308701e+09 -5.943933941123529434e+09 -8.585170114612408638e+09 -5.689884226478303909e+09 7.780747490813273600e+17 8.942338332415424000e+17 4.123860966635776000e+17 -7.658610028923790400e+16 2.439928264840600064e+18 4.000137852138860800e+17 2.007672771828597200e+16 4.545394261321351680e+17 6.570411612492664000e+16 9.790431281151358400e+16 6.133471401226974720e+17 1.024910846252694720e+17 1.478258689627829760e+18 1.043349777294481920e+17 5.874219005437832000e+16 3.063330481150437120e+17 3.738659393028156800e+16 5.609867996043760000e+16 5.033462970331850400e+16 -1.231635033270770600e+16 6.216924253368115200e+17 4.551085780939415200e+16 3.071480023136711600e+16 2.362219981884013760e+17 2.864390689022743600e+16 4.072143332551275200e+16 8.539892153376727000e+15 2.149868584093206400e+17 1.638937326901776800e+16 7.633119445886751000e+15 6.366492531765182000e+15 6.014667371694517000e+15
-2.137118133233674927e+11 6.514438109062746429e+10 1.607630725831998901e+11 2.634150953002121887e+11 3.318541332004981079e+11 2.630034225391453857e+11 1.860486671260866394e+11 1.167771758223049622e+11 1.137462870415078125e+11 9.632129939613514709e+10 4.715995631203628540e+10 4.518762905162530518e+10 2.479170714379956055e+10 -4.866094633115119934e+09 3.527387356010022640e+09 9.419513731917707443e+09 -3.146415355623163986e+10 -1.237561619746517897e+09 6.616372812848631859e+09 -7.369279656998028755e+09 3.274692357914933205e+09 -4.735121058267740607e+08 2.725108305883817196e+09 -9.602159546085268021e+09 -4.145111382610044003e+09 1.442579913149323761e+08 1.909076189781086206e+09 4.196717253936983943e+08 4.332348594779003143e+09 1.764999157526494265e+09 -7.351236756728694916e+09 9.155830508874106407e+08 4.268902010243560314e+09 9.472376524137971401e+08 -6.319581707421833038e+09 -4.500873978836027145e+09 -4.145525232684896946e+09 -8.372655308579332352e+09 -7.546064246386156082e+09 -4.565960859041426659e+09 -5.085990707609184265e+09 -3.811997493886376381e+09 -1.403163118106046104e+10 -5.852568235803867340e+09 -4.622326862847311020e+09 1.707792653241503680e+17 2.248544576210832000e+17 2.348576574739239600e+16 9.817695567015812800e+16 6.026058101526314240e+17 7.356993308031720000e+16 8.688973448791982400e+16 2.704228489250129200e+16 8.467314070740144000e+16 3.680653891781379200e+16 2.900821749840441600e+17 1.726522223174562880e+17 1.043349777294481920e+17 2.509899464085741120e+17 4.667453077236938400e+16 2.077577733926683600e+16 5.146562560979008800e+16 3.479680720321224000e+16 2.550008121403120800e+16 7.495523618255560000e+16 1.374207401468607840e+17 6.747745312319156000e+16 3.341509964288182000e+16 2.075211842496553200e+16 3.726602293478617600e+16 2.680205376155525600e+16 1.374901875898830200e+16 -9.320816235384068000e+15 4.499467391173008800e+16 1.492713058195970000e+16 1.106956203961544400e+16 8.066353485961822000e+15
-3.297720535942180176e+11 -5.137832752586048126e+10 4.225413399455239868e+10 2.648167888472057343e+10 4.897767480163685608e+10 9.831069570366252899e+09 1.680768319524842834e+11 2.207641856036214294e+11 1.586307516639913635e+11 1.174042681326254883e+11 5.037071936854911804e+10 3.386420567836948395e+10 2.246651599620335007e+10 4.758872907223698616e+09 -5.913214912824844360e+09 -1.773934184515130615e+10 -1.283627356668451309e+10 8.968835992130591869e+08 -1.312125765722648048e+10 -5.242309959265324593e+09 5.818481504386897087e+09 -2.671400630004082322e+08 -6.129456635661143303e+09 -8.067475168528591156e+09 -4.840799975427177429e+09 -1.638466522273433113e+10 -1.157283283422718048e+10 -4.064093649112114906e+09 -4.053680362907830715e+09 -6.389559342888597488e+09 -5.847921788577884674e+09 -3.462065703440663338e+09 1.947013756006587029e+09 -1.147201628713368797e+10 -8.344905314482089043e+09 -6.189741500820246696e+09 2.788900639022578239e+09 -4.202647754061679840e+09 -5.505551609769501686e+09 -2.197577182249097824e+09 -1.260632475710950279e+10 -6.548868737880433083e+09 -4.379583821055435181e+09 -1.018709100702931786e+10 -4.510259483396517754e+09 -1.303589671211312640e+17 -5.232806545280088800e+16 -1.920242296014334400e+16 -8.411731602154081000e+15 4.556916911434639360e+17 7.055526389299597600e+16 1.913751445591605600e+16 3.773054266446932800e+16 5.165736977462168000e+16 1.115424286575875200e+17 3.637423850076187520e+17 2.214396545099818400e+16 5.874219005437832000e+16 4.667453077236938400e+16 2.488872668234183360e+17 1.041458245711009600e+16 6.678172728187274000e+15 6.152194452091302400e+16 5.169579378094846400e+16 3.799460166188943200e+16 7.495717365683187200e+16 4.559979623911746400e+16 6.135255074222303200e+16 8.012203567320859000e+15 1.560425201670099600e+16 3.080150355242411600e+16 1.321778684157774800e+16 2.398836882978516800e+16 8.668145647667407000e+15 2.536897451185627200e+16 -2.648548974967670000e+15 1.012675731088280400e+16
1.426160196810241943e+12 1.489615816969306641e+12 1.377197674308157227e+12 5.889898742589992676e+11 -9.810093818239811707e+10 9.068624202483201599e+10 9.718372612458129883e+10 -1.768422847823625183e+10 4.343681475357306671e+10 9.846801380856991577e+10 1.422380305542942200e+11 7.244155476696705627e+10 7.152037079113095093e+10 -4.535827620457428741e+10 2.830415169242414093e+10 -1.731962043544839859e+10 1.828961417491051674e+09 -2.830291775285729599e+10 -1.927985779984206009e+10 -2.346562026264510345e+10 1.156205130517385674e+10 -1.614641922109195328e+10 9.818161276220614910e+08 -1.678129990281872940e+10 -1.486133271415910912e+10 1.170571945397356796e+10 -1.561236988543622017e+10 -4.629144551582088470e+09 1.685451667630579185e+10 -1.697089659627792835e+09 7.235812788686360359e+09 -1.583029969880910873e+10 -1.436078033375066996e+09 2.508262407751986027e+09 -1.127680273804710579e+10 -5.745579991237569809e+09 7.711152989317606926e+09 -3.706519471652520180e+09 -1.853291673437496567e+10 -7.457576406216586113e+09 -1.015425795368909836e+10 4.935248489736465216e+08 -2.840797720289922333e+10 -1.054657764719910812e+10 -6.767124010342991829e+09 1.288816504096163584e+18 4.319590268840433920e+17 7.752608608325692160e+17 -9.928287736776840000e+16 -5.478168315649186560e+17 2.653398669520721600e+17 -6.589847131333336000e+16 6.106480163439554560e+17 2.922350030699536800e+16 2.110542917196872800e+16 1.881784299993819200e+17 -1.307724814395463400e+16 3.063330481150437120e+17 2.077577733926683600e+16 1.041458245711009600e+16 1.308768280255107328e+18 1.503478675951329200e+16 2.588167203221073200e+16 3.749585226490196800e+16 -5.841031735259971840e+17 1.848915572054008960e+17 -9.157016443841196250e+14 6.725494204814590000e+15 2.420168976302955200e+17 1.958852796032331250e+15 1.442141577915261200e+16 3.170065718859662400e+16 5.224345174690384640e+17 1.462134552614697600e+16 4.123201293056330500e+15 5.841907550083080000e+15 5.700042688240456000e+15
5.832635415700374756e+11 5.819954338376522827e+10 1.081708696525307312e+11 3.342144500022960205e+11 3.048181004517800293e+11 2.324125039290159912e+11 3.687697754847932434e+10 2.847065199402540684e+09 -3.939827077895603657e+09 5.605309190440532684e+10 7.754266208493502808e+10 8.115775009036074829e+10 1.789156533142945099e+10 1.845520894695927048e+10 3.507704468630332184e+10 -7.163661575628164291e+09 -6.131950818980018616e+09 1.054770167379431725e+10 9.537886059621578217e+09 -2.088345207672166824e+09 6.529465422096100807e+09 -1.354772119212780380e+10 1.220939586083397484e+10 1.088389351437914467e+10 -1.274498002352024269e+10 1.217101663586093140e+10 6.852392018630504608e+09 1.651767160988481140e+10 -1.615422262588533640e+09 7.288677904887798429e+07 -7.474280064336210489e+07 9.537886882413314581e+08 3.200071345896316051e+09 6.942149667960056305e+09 5.080901730509596467e+08 9.840239442962491989e+09 6.320421551542980194e+09 7.439127898766773224e+09 3.826554272423032761e+09 4.525682395997401237e+09 2.285595672106894493e+09 3.726439527641796589e+09 9.413018548789152145e+09 1.521338441341821671e+09 1.847807507283792019e+09 -1.239923981483974240e+17 8.301896135041153600e+16 5.817242988344796000e+16 1.121582507030354400e+17 3.535136192421192320e+17 2.760208306925627600e+16 6.668224813802036000e+16 -1.347472231373632400e+16 2.676692104536984000e+16 1.088796849780913000e+16 -5.821972859433212000e+16 4.649418783878748000e+16 3.738659393028156800e+16 5.146562560979008800e+16 6.678172728187274000e+15 1.503478675951329200e+16 3.001353657805159040e+17 3.552377351416148800e+16 4.352759693824723200e+16 -1.216517873619672160e+17 1.245034521050381400e+16 2.787314312658459600e+16 1.082451663418690800e+16 1.024027110625426800e+16 4.456794225345912800e+16 2.130267900580812000e+16 1.530168065878549600e+16 -5.477818456755452000e+15 3.909652963673373600e+16 4.098724625885232500e+15 5.504676996282810000e+15 1.414990166708457400e+16
-2.958413989647680054e+11 4.813850028226620483e+10 1.581038244276546097e+10 5.393608328789880371e+10 -6.284774475355139732e+09 7.231181281031105042e+10 6.234593548547464752e+10 8.427379579057002258e+10 8.766952763270266724e+10 1.032899703281627197e+11 8.099336848075064087e+10 5.966120354619183350e+10 3.191869332851957321e+10 1.545770616514052010e+10 8.868580175105482101e+09 -1.542214101544317789e+07 -2.432422007697303772e+09 4.774688836662715912e+09 2.673261641707202435e+09 -6.966704105490976572e+08 9.998883272788494110e+09 -2.870136038319775105e+09 1.536865372083787918e+08 -2.872342907649559498e+09 -2.234753744736310005e+09 1.348629997703107834e+09 2.015279477490193129e+09 1.791461987777824879e+09 -3.613281548894128203e+08 -4.430966284024501801e+09 -3.703693240619855881e+09 1.138944924299681425e+09 -5.618750858287672043e+09 -6.706565488168175697e+09 -6.019679056375258446e+09 -2.749441292635661125e+09 -2.487850687615274429e+09 -4.857572118687077522e+09 -2.186647989680332661e+09 -2.029833100812170506e+09 -1.582124297299959898e+09 -1.424631521077994585e+09 -6.135455917720047951e+09 -6.910686574491903305e+09 4.806312837633715868e+08 -1.675689697497661440e+17 4.981966453511600000e+16 2.583901376148941600e+16 4.380002551060377600e+16 2.655319011057120000e+16 4.537183396875394400e+16 9.138998834429058000e+15 1.963743933801986000e+16 2.457654351895924000e+16 3.901449647845773600e+16 -1.512611367746858240e+17 2.166410367819487600e+16 5.609867996043760000e+16 3.479680720321224000e+16 6.152194452091302400e+16 2.588167203221073200e+16 3.552377351416148800e+16 1.707965098601433920e+17 5.833912972922313600e+16 -5.183685496760661600e+16 6.273721746826754400e+16 2.208396757688309600e+16 2.268606008056710000e+16 2.408962449910311600e+16 1.814406429476718800e+16 3.026806167650401600e+16 2.790288802057120800e+16 1.894807607139823200e+16 7.518398509325964000e+15 1.907003448056297200e+16 9.090110718838384000e+15 4.741120945901600000e+15
-4.255908810325838623e+11 2.435666732944131374e+09 8.937541407064205933e+10 5.362754539520029449e+10 -7.257393373428619385e+10 6.301144323708982086e+10 4.475237018348771667e+10 5.831195781936041260e+10 5.874184668442121124e+10 1.209370933468401031e+11 1.398546607691167603e+11 1.174356103606446075e+11 6.472972047362934875e+10 2.141805514165478134e+10 1.009064557944560242e+10 -2.876519463319262505e+09 -4.213373670967443943e+09 4.617374260645925403e+08 2.058070223617837524e+10 1.858786750918676376e+09 1.338062452565318489e+10 -3.518175746055191994e+09 6.167561432622391701e+09 -2.067670547633432627e+09 8.435396940393412590e+09 1.668847364787352943e+10 1.348844719441599846e+10 7.187206491720745087e+09 5.200132172785538673e+09 5.639673283587195396e+09 -9.541090221983228683e+09 1.023367861954231262e+10 1.124985319232403946e+10 1.435965595014887094e+09 -1.319501519798303604e+09 -4.074554824021942019e+08 -6.099848480386988640e+09 -4.330391918384819031e+09 -1.621042275298431873e+09 -1.689993059672403097e+09 4.935823324955683708e+09 -1.282488461188390017e+09 -6.463145279649804115e+09 -5.293685881072513580e+09 4.971276252562656403e+09 -5.959961021844527200e+16 1.351859353607538240e+17 -1.453569418118351400e+16 -1.295279536483869400e+16 -6.450060696797913600e+17 7.788989279426224000e+16 9.462680679720786000e+15 -1.665167346270876000e+16 1.293988011763816200e+16 1.121504894146154600e+16 2.687309308633160320e+17 4.962029131278748800e+16 5.033462970331850400e+16 2.550008121403120800e+16 5.169579378094846400e+16 3.749585226490196800e+16 4.352759693824723200e+16 5.833912972922313600e+16 3.641059889092736000e+17 -1.632727194488908800e+17 -1.807479630879754240e+17 3.173886385661133200e+16 3.767566352038896000e+16 1.918862053334838000e+16 1.472423927507937000e+16 2.763902081009275200e+16 3.452322034641677200e+16 1.882330078901864000e+16 9.492147876240764000e+15 1.177105527920355600e+16 7.890696675083292000e+15 7.025411331513197000e+15
2.066028133442021973e+12 -3.125543256781324219e+12 8.466312154741503906e+11 -2.909525469882234497e+11 -2.319562290619930115e+11 3.157915159198839111e+11 1.799234124071660645e+12 5.592311060694909668e+11 2.115823843246167908e+11 -1.204629471223009949e+11 -2.849763741913758545e+11 -1.625253145520114136e+11 3.836945865899726562e+11 -7.267750237330302429e+10 -3.456253562141898193e+11 1.727513260646828918e+11 3.226236175608377838e+10 6.077226767605543137e+09 1.325816268524693451e+11 1.509249317314717712e+11 2.453218833500315857e+10 1.429980902053600159e+11 5.095939732974615097e+08 -7.325340320146315002e+10 -1.189447260810584259e+11 -5.158348457411454201e+09 -8.378653433022866821e+10 2.937002710153925781e+11 5.465094099893170166e+10 2.607640779175989532e+10 4.291666637332162476e+10 3.145428062482295990e+10 -5.631057078297966766e+10 -1.419796395532124329e+11 -3.412965430059244537e+10 1.206536320272540894e+11 -9.680342905857143402e+09 -2.521994410333719254e+10 2.572619510236361313e+10 -6.161181568403676748e+08 6.452554097944422150e+10 -2.940634476665597153e+10 3.469839098647517395e+10 -1.845051271355691528e+10 2.971236178154165745e+09 -2.534639383307961856e+18 2.519378851122138560e+17 9.941423559493580800e+17 -3.057363483563088000e+17 -2.352487210646312000e+17 -1.644659630644363200e+17 -2.384027288762591360e+17 5.727633512636749440e+17 1.243557178289682560e+17 5.480912105971683000e+15 5.781958684473295360e+17 5.677299377156860160e+17 -1.231635033270770600e+16 7.495523618255560000e+16 3.799460166188943200e+16 -5.841031735259971840e+17 -1.216517873619672160e+17 -5.183685496760661600e+16 -1.632727194488908800e+17 7.332361727254903194e+19 1.317982257863608832e+18 5.333499474290376960e+17 -3.832490164726980000e+16 1.397993995129841800e+16 -2.116581203138281250e+15 -6.154043116393001600e+16 -1.289947472168918720e+17 -3.509604984428720800e+16 1.198325194585184800e+17 -1.192257960417346400e+16 -2.360740281803568000e+15 -7.994315635779977600e+16
-5.632316917108337891e+12 1.178702536891909668e+12 -2.576976537176660919e+10 -1.612089475420508003e+10 -1.586088643958596039e+10 5.152131432865101929e+11 6.868122754301300049e+11 -3.486416006779732056e+11 -1.426490141384966736e+11 6.636007382437374268e+11 6.891377735953320312e+11 3.297067837229666748e+11 -1.601345251599066162e+11 -2.110460351240133362e+11 1.450343342343973389e+11 -5.068597516832596588e+10 -3.066220438181112289e+10 6.656522856995957947e+10 1.404348541819432068e+11 -7.982800817697610474e+10 -6.573186432494284821e+10 -6.980625409065972900e+10 1.464070774335399437e+10 -1.199502174544548645e+11 -4.712593001120781708e+10 1.351665567169018402e+11 1.313222753479393005e+10 -5.836672009808840179e+10 -1.039336660382183380e+11 1.157134106615790253e+11 1.660697582082413330e+11 -1.798515627030375671e+10 -3.941613744124665833e+10 1.257467752890562592e+11 1.233837252858470001e+11 1.552227130463185730e+11 -8.976957872186509705e+10 -4.551843000228274536e+10 5.538901737152894974e+09 -2.886472038551303482e+10 9.246148186424932480e+09 -2.527424236617662048e+10 3.738844250081617737e+10 -1.279174764141351471e+11 1.071521468169936371e+10 3.445299669152689664e+18 4.613698164628076800e+17 -3.641070747403054080e+17 -1.557537403000341440e+17 -3.792894962955209728e+18 2.492132645540730240e+17 1.183136236907034720e+17 -2.690693823969332480e+17 -1.507824763710454080e+17 6.346883580980822400e+16 -6.019911087399160320e+17 2.117921701296765625e+14 6.216924253368115200e+17 1.374207401468607840e+17 7.495717365683187200e+16 1.848915572054008960e+17 1.245034521050381400e+16 6.273721746826754400e+16 -1.807479630879754240e+17 1.317982257863608832e+18 4.971672829232121446e+19 9.235679789662323200e+16 -1.549053378275220800e+17 4.192114091396607360e+17 -5.187531995117634400e+16 4.098095775128555200e+16 -9.414774680990624000e+16 -1.604751109949728640e+17 -2.066404916216207600e+16 -6.581170952716950400e+16 -8.595867883123131250e+14 -7.182412673746042400e+16
-1.368182499609651947e+11 4.148191397084750366e+10 2.677124990049514771e+11 1.343758611401682587e+11 2.533096028905816345e+11 3.826105932884291992e+11 2.635747056013666992e+11 1.204299087794937286e+11 1.926916826246211853e+11 9.087279319343351746e+10 1.912746941140092468e+10 -1.497065962826428032e+10 3.554736330609872437e+10 7.240972228368263245e+10 4.270598106015759277e+10 3.157133873079163074e+09 -1.275914312572094440e+09 5.355876467483304024e+09 1.503045137058392143e+10 -2.719095030821175098e+09 5.097124677077421188e+09 -1.318722552549959183e+10 -7.292727376126375198e+09 1.121593919724472237e+10 2.264846428806930161e+10 3.895265939565507889e+09 4.039929498228545666e+09 -8.112787504434200287e+09 -5.102293238460467339e+09 1.212040063046434402e+10 9.009298066063836813e+08 2.323214256499947309e+08 2.847067851849302292e+09 1.243519487580130100e+09 2.945579246935304165e+09 2.171585742457889080e+09 -6.904517720460341454e+09 -7.390449732500934601e+09 -6.240495296964003563e+09 -3.856335140651818752e+09 7.678187747368048668e+09 3.108737634265842915e+09 -9.559478193952661514e+09 -1.957676484729993105e+09 1.231701809738949090e+08 1.371036966359905760e+17 1.477677283718874880e+17 1.293736921080340000e+17 1.667493354303341800e+16 -9.529929586026995200e+16 8.856379260690476800e+16 8.892586785422542400e+16 3.941023117181445600e+16 3.316442930823846800e+16 3.881581769891080000e+16 -2.140675282326534400e+16 1.179623554733453920e+17 4.551085780939415200e+16 6.747745312319156000e+16 4.559979623911746400e+16 -9.157016443841196250e+14 2.787314312658459600e+16 2.208396757688309600e+16 3.173886385661133200e+16 5.333499474290376960e+17 9.235679789662323200e+16 4.921995394616293120e+17 7.767276512677692800e+16 3.449747437468373200e+16 4.747109083587993600e+16 2.302847120508053200e+16 7.452216046574320000e+15 5.603471306700312000e+16 4.373972469556295200e+16 3.624423671086696000e+16 1.323929126774100600e+16 1.795034768607928800e+16
-2.356691629995502930e+11 -8.524914743729501343e+10 3.320143056024651337e+10 -6.170730456087715149e+10 -4.165332872198897552e+10 3.717668861984555054e+10 1.146642299859175262e+11 2.218174107600764465e+11 1.754104907575392761e+11 7.841969614329624939e+10 1.963530216367462158e+10 -1.354949905247234106e+09 -8.174878695092059135e+09 3.664189417576242828e+10 2.471117729168621445e+10 3.631320619022761822e+09 -2.234749383220897675e+10 -1.478244331737118530e+10 -9.113571882496280670e+09 -1.932278756390912247e+10 -1.628184379745625305e+10 -1.788608182611324310e+10 -1.033530306652598953e+10 -1.854968190576306105e+09 -5.037076791980406761e+09 -1.195136977603555870e+10 -1.238113273369364929e+10 -1.739153238466439486e+09 -5.872613314567382812e+09 -1.325692691357061386e+10 -2.012824891524825668e+10 -5.756583106671645164e+09 -7.412911780026969910e+09 -8.133740171809938431e+09 -1.235027167792979813e+10 -1.015923136212445450e+10 -1.002765151879043579e+10 -1.468246398224633980e+10 -1.148908566220929718e+10 -1.310923980520014381e+10 -7.279319610431832314e+09 -6.447102415512117386e+09 -9.080173779875146866e+09 -1.206650844656598663e+10 -9.717461023972967148e+09 -1.337785849634985600e+17 -4.851875799923756000e+16 2.725028056670526000e+16 -4.428462358930232000e+15 -4.900481810353760000e+16 4.422401181398888800e+16 4.620363395580642400e+16 4.659383674587072800e+16 5.435690062670079200e+16 7.651731729637830400e+16 -1.866476731897837440e+17 2.811377616505796800e+16 3.071480023136711600e+16 3.341509964288182000e+16 6.135255074222303200e+16 6.725494204814590000e+15 1.082451663418690800e+16 2.268606008056710000e+16 3.767566352038896000e+16 -3.832490164726980000e+16 -1.549053378275220800e+17 7.767276512677692800e+16 2.262811673515656000e+17 -4.377648470631869000e+15 2.604240024605578400e+16 4.399281920417112000e+16 6.346385413527738000e+15 1.704217375397755400e+16 1.516284650394486400e+16 4.105855158108504000e+16 8.506500865544331000e+15 1.552445215102843400e+16
-1.646865247703082581e+11 3.867843567712100830e+11 1.368673795918893066e+12 7.557715385691582031e+11 1.775268048886416321e+11 5.331715818974729156e+10 1.535949481335509682e+10 -2.065222835287857056e+10 -1.519721481972058105e+10 2.037498033847178268e+10 2.474075309609344482e+10 4.985696775710829163e+10 9.679856115861270142e+10 6.238907211017922974e+10 3.227601405801427078e+10 1.117442733947558594e+10 2.655340108147890091e+10 -1.241889677812374878e+10 1.006329864836914635e+10 2.007402349963727474e+09 -1.252275026600025558e+10 -1.662117288266863632e+10 4.608061753256183624e+09 1.492764067833867073e+10 -3.958352807168810368e+09 -6.629456756552138329e+09 4.118979789425776005e+09 -3.801749528176857471e+09 -1.287270016660721588e+10 2.790930097064322472e+09 2.965728139920382690e+10 -7.635065310449790001e+09 -1.669171745560555756e+08 6.585116468490912437e+09 8.884785790952264786e+09 2.368989462599015534e+08 -1.275141809799528122e+09 -1.338479840477976418e+10 2.962355811181572914e+09 -5.509823494536428452e+08 7.259874177055644989e+08 -6.935959163332688332e+09 -1.304032830219382095e+10 -1.066651812488967514e+10 5.529845942113038063e+09 5.529477820857498880e+17 5.134371802843566080e+17 2.485058010829685440e+17 -1.160472322762334600e+16 3.820431038209264640e+17 3.445963730846236160e+17 1.949004813173770800e+16 2.557875064552254720e+17 -1.462563657766374400e+16 8.610519007023782400e+16 9.416479027236008000e+16 -4.159071100429807000e+15 2.362219981884013760e+17 2.075211842496553200e+16 8.012203567320859000e+15 2.420168976302955200e+17 1.024027110625426800e+16 2.408962449910311600e+16 1.918862053334838000e+16 1.397993995129841800e+16 4.192114091396607360e+17 3.449747437468373200e+16 -4.377648470631869000e+15 8.210854156845872640e+17 2.375724075671679200e+16 2.080297252422139200e+16 4.777277535927707000e+15 2.504843755349784640e+17 2.722162526918505600e+16 -3.895636923166140000e+15 7.732133986285907000e+15 8.139960405929466000e+15
-3.572610060433869934e+10 1.767464905283473587e+10 2.063002504316740036e+10 1.981344108352702332e+11 2.777089858264494629e+11 2.327897323432586975e+11 1.196856358434230042e+11 4.529696472579100037e+10 2.005074357239686012e+09 4.072725072021853638e+10 6.746972946364290619e+10 4.369510983253415680e+10 2.572831273531340027e+10 3.571069286103445435e+10 2.131213942473955154e+10 -1.078270000714765072e+09 -7.467199401473985672e+09 -7.981432672020432472e+09 -3.570588083515608311e+09 -4.286454082466114521e+09 -8.896408985470409393e+08 -5.455872849456018448e+09 -6.558640715965811729e+09 1.387512456056108856e+10 6.707347489229716301e+09 4.049511107799012065e+08 -1.295062509803194284e+09 1.757900451710849047e+09 -5.754877400180768013e+09 -5.319202411692402840e+09 -1.279951029607451439e+09 2.398142860291300774e+09 1.060333434455868721e+10 5.702591133625865936e+09 -5.920382546074067354e+08 2.047411864664327621e+09 3.161791247030378342e+09 -5.545581146879398346e+09 -4.060915335647661209e+09 -5.446401963990192413e+09 9.404399307433967590e+08 -9.565191916920394897e+08 -1.429969217328245163e+09 -5.549537291712059975e+09 -2.718853757757447362e+08 -2.934349985432202880e+17 -1.352701273538143400e+16 1.253898669295636000e+16 6.787724016701847200e+16 3.557532809930696960e+17 9.744211972830796800e+16 8.088436909637940800e+16 1.901412768797636000e+15 4.122381935267607200e+16 9.904868940009678000e+15 3.949919509443660800e+16 6.321483618487599200e+16 2.864390689022743600e+16 3.726602293478617600e+16 1.560425201670099600e+16 1.958852796032331250e+15 4.456794225345912800e+16 1.814406429476718800e+16 1.472423927507937000e+16 -2.116581203138281250e+15 -5.187531995117634400e+16 4.747109083587993600e+16 2.604240024605578400e+16 2.375724075671679200e+16 1.332971997913631040e+17 1.747151274095716600e+16 1.411453461066459200e+16 1.247659718014097800e+16 4.829369411858932800e+16 9.762415138413050000e+15 8.743696290308776000e+15 5.231132107802489000e+15
9.611124598497720337e+10 -3.545201113009383392e+10 2.732754117361791992e+10 4.053726466455554199e+10 1.391903231026469994e+10 1.708260608322185135e+10 5.847266221366017151e+10 1.027786694259441528e+11 9.168439304477304077e+10 7.175479828063870239e+10 6.492287081635100555e+10 3.676824901122697449e+10 3.043848648905692291e+10 3.244799566872003555e+10 3.044162575798989868e+10 1.096547263144347191e+10 -2.851338265461036682e+09 3.884220743732047081e+09 3.954732472470794916e+08 -8.500940743136152029e+08 7.926658732373577356e+08 -5.924632297609126091e+09 -1.298804925099636912e+08 -3.778624304202934265e+09 -2.386945766092650890e+09 -1.599021986013639450e+09 -4.988347860397002220e+09 -2.438110991598592281e+09 -2.043660373915987492e+09 1.597417803075772762e+09 -5.557966839658073425e+09 -3.071646885740476608e+09 9.764021720083431005e+08 -4.114216076130333900e+09 -5.765301330133439064e+09 -1.945506181895499945e+09 -2.014674775857898712e+09 -4.443087515121874809e+09 -2.513333216764793396e+09 -6.033975068529116631e+09 -2.694053627471046448e+09 -2.229198111699325562e+09 -3.333535384070502281e+09 -6.514867625563969612e+09 -3.288485765582352638e+09 1.825912346761779600e+16 4.633115538780745600e+16 1.970453822585384400e+16 4.752356153155061000e+15 1.639303163301055680e+17 3.973721122065872800e+16 2.220649005281360800e+16 1.741017527184663200e+16 3.248543559488690400e+16 4.996717006123277600e+16 -1.806074442385316160e+17 -5.154742601022642188e+13 4.072143332551275200e+16 2.680205376155525600e+16 3.080150355242411600e+16 1.442141577915261200e+16 2.130267900580812000e+16 3.026806167650401600e+16 2.763902081009275200e+16 -6.154043116393001600e+16 4.098095775128555200e+16 2.302847120508053200e+16 4.399281920417112000e+16 2.080297252422139200e+16 1.747151274095716600e+16 6.890608108997716000e+16 1.912532990201890000e+16 2.675420655257928800e+16 1.300336095002134200e+16 2.368914392555395200e+16 1.287218929171483600e+16 1.546794467645015600e+16
-1.143982428548551788e+11 1.910119732334814835e+10 2.751050549745296478e+10 1.456099384355559921e+10 -1.731109608992750931e+10 2.883487129856205368e+10 -2.972037399356414032e+10 -2.183737992421927643e+10 6.021637714099609375e+09 5.790843757545743561e+10 8.081195770314427185e+10 5.819100936460981750e+10 5.109949458659348297e+10 3.776723962558159637e+10 1.679634915276259995e+10 6.385801859927916527e+08 9.384644130425096512e+09 2.610377447058692932e+09 6.730637884152424335e+08 2.460714548946262836e+09 7.776926236145217419e+08 -7.179897833707168579e+09 -4.790562433299706459e+09 -6.864144681372890472e+09 3.439557047319080353e+09 5.370661790090559006e+09 -1.094116928642184973e+09 -2.225123187852024555e+09 -7.700072221532369852e+08 -5.998007675123216629e+09 -7.030089175413934708e+09 -2.387081579173661709e+09 -2.614037709837930679e+09 -4.178686414356564522e+09 -2.645989167074966431e+09 8.440859780987606049e+08 3.110488462904543400e+09 -1.601759902845452547e+09 2.439249354759482861e+09 -3.319994993661227226e+09 1.346219750068024158e+09 -3.461946007363450050e+09 -1.022559039729230762e+09 -1.437783671154696465e+09 -6.581708571123251915e+08 3.555568124314411600e+16 2.094668298437552000e+16 -9.878960588858512000e+15 -3.022170430625816500e+15 -5.518640970030623360e+17 -9.062044980967466000e+15 3.674675850123786000e+15 -9.711613501789846000e+15 5.910588264408795000e+14 1.029129248502255200e+16 -1.594909045137231360e+17 -1.043512354035613000e+16 8.539892153376727000e+15 1.374901875898830200e+16 1.321778684157774800e+16 3.170065718859662400e+16 1.530168065878549600e+16 2.790288802057120800e+16 3.452322034641677200e+16 -1.289947472168918720e+17 -9.414774680990624000e+16 7.452216046574320000e+15 6.346385413527738000e+15 4.777277535927707000e+15 1.411453461066459200e+16 1.912532990201890000e+16 8.532025645857932800e+16 1.114126128996453200e+16 9.595977968438726000e+15 1.180052990966317200e+16 2.199269687493148800e+16 1.046636487380756400e+16
9.092071122572171631e+11 1.638271035403332520e+12 1.333309125090817627e+12 6.191256315237121582e+11 8.668016538650961304e+10 9.416267752707002258e+10 9.188860534243798828e+10 5.493646576334367371e+10 -3.160865334443066788e+10 -9.306261953611171722e+09 1.090751758232582283e+10 -9.426103809579078674e+09 4.008678323897125244e+10 2.575609377859006500e+10 7.180693021793252563e+10 2.354899209405575180e+10 -3.744043367492743492e+09 -9.220440488050664902e+09 -1.390033474959872007e+09 -2.763038113600128174e+10 7.110206673314825058e+09 -4.024213737787005901e+09 1.125771136631789207e+10 -1.253999022149806595e+10 -1.596387571425672531e+10 -8.012523113211909294e+09 2.997505210651275158e+09 -3.631610400605838299e+09 9.945644987651597977e+09 -1.162081301026837921e+10 1.121087840436325455e+10 1.419553379065988302e+09 -1.308186716270372391e+10 -1.038382058717642021e+10 -1.206655644441879749e+09 1.294625358085088968e+09 1.774573576866815329e+09 -2.147100042293829918e+09 -3.845949857299038410e+09 -7.782727752159850597e+08 -3.298384479993762970e+09 3.439109208758916378e+09 -9.734386341076927185e+09 -5.594664136313365936e+09 -2.945493247644392490e+09 1.332402139675413504e+18 5.645042845654583040e+17 6.747269101824673280e+17 -5.710882508755010400e+16 4.407479994685689600e+17 3.198787073533941120e+17 -3.118293965217341000e+15 5.916013112815208960e+17 1.374071470598718800e+16 -1.965705416517934250e+15 4.469128738890946400e+16 -7.026963246964412500e+14 2.149868584093206400e+17 -9.320816235384068000e+15 2.398836882978516800e+16 5.224345174690384640e+17 -5.477818456755452000e+15 1.894807607139823200e+16 1.882330078901864000e+16 -3.509604984428720800e+16 -1.604751109949728640e+17 5.603471306700312000e+16 1.704217375397755400e+16 2.504843755349784640e+17 1.247659718014097800e+16 2.675420655257928800e+16 1.114126128996453200e+16 9.204063052649570560e+17 3.447441962225802400e+16 1.906644466577603750e+15 1.727874076866349750e+15 1.141592119062664400e+16
-4.097646319680629883e+11 3.685763137226746368e+10 1.100451092186511383e+11 2.469897095473822937e+11 3.057763639921810303e+11 2.439126686992962952e+11 1.406075700851606445e+11 1.425581239936117363e+10 -3.989727846921685219e+09 1.040399519929533386e+10 7.441821095202487707e+08 1.064110803515628815e+10 1.994208717727185822e+10 5.594312755861325073e+10 4.680424207191027832e+10 -1.633683002389345407e+09 -1.701116077021850777e+10 -8.624700668895677567e+09 -7.694914699941411018e+09 -1.051732534020917702e+10 -5.456387494737711906e+09 -6.595672067699855804e+09 -8.749009305656203032e+08 9.525673198534696579e+09 -2.503276443978978992e+08 5.831716120460907936e+09 5.408278556604893684e+09 -1.056856706104380727e+09 -6.254596508790094376e+09 -1.066520058803374290e+10 -8.226306571205828190e+08 -3.716413684240819931e+09 9.320136932944082022e+08 -4.828729150072972298e+09 1.916387388433598995e+09 -3.043686412630796909e+09 -7.180586645453502655e+09 -7.760462064272299767e+09 -1.119840816137351036e+09 -5.080796342280087471e+09 7.392739315136830807e+08 -2.518960808558186054e+09 -7.717522488261114120e+09 -7.082784549270149231e+09 -4.153260169813515663e+09 -1.687601049618552960e+17 7.200633379890849600e+16 4.120832868082800000e+16 9.882342262514129600e+16 1.828764432890015040e+17 6.307409447132719200e+16 7.808728626994480000e+16 7.518461322187689000e+15 2.763852896825003200e+16 2.066747144090839200e+16 -2.499630439230995840e+17 6.430313626848411200e+16 1.638937326901776800e+16 4.499467391173008800e+16 8.668145647667407000e+15 1.462134552614697600e+16 3.909652963673373600e+16 7.518398509325964000e+15 9.492147876240764000e+15 1.198325194585184800e+17 -2.066404916216207600e+16 4.373972469556295200e+16 1.516284650394486400e+16 2.722162526918505600e+16 4.829369411858932800e+16 1.300336095002134200e+16 9.595977968438726000e+15 3.447441962225802400e+16 1.754934257192735360e+17 2.215923509411616000e+16 1.773884634469094600e+16 1.000886574204001000e+16
-7.489531761541876221e+10 -1.650707753326225586e+11 -4.531226528397312164e+10 -2.552000131498957443e+10 -5.149673911167278290e+09 -1.989077671894857407e+10 9.657712540766470337e+10 1.149983503167161255e+11 1.021448642599790649e+11 4.124873402339660645e+10 1.311795751815283012e+10 -2.913355697869689941e+09 2.748605953311017990e+10 4.385446136931842041e+10 4.550069246009466553e+10 4.122822440075422287e+09 1.587209413766980410e+09 2.519897580053673267e+09 -4.134588599653215408e+08 -5.896721451686802864e+09 -3.222766732138557434e+08 -1.128302095250675917e+09 -3.803519163700235367e+09 6.692803384422039986e+09 5.211918420074437261e+08 4.553646226929862976e+09 -2.296648929810407162e+09 -8.446122686560626984e+09 -7.871725291875181198e+08 -4.333084720350771904e+09 -4.965100374622113228e+09 5.852013111468757391e+08 -5.315026700120514870e+09 -1.052661832596657753e+10 -1.361305100544359207e+09 -9.436182021767635345e+09 1.021130911812133938e+08 -3.296132914551891804e+09 -4.786896323371873856e+09 -5.767102611459952354e+09 -4.671016289494534492e+09 -2.123415265550518036e+09 -3.465645005342749119e+09 -3.757002836963924885e+09 -4.600954999295008659e+09 3.938910484716723200e+16 -2.413580044427981600e+16 -8.804155670736623000e+15 2.293506314963125600e+16 -1.048253107445726240e+17 1.174159334149116200e+16 1.946536728594311600e+16 1.278435489621857400e+16 3.694480000847249600e+16 3.848624611138734400e+16 -6.402937141016347200e+16 4.598617888171177000e+15 7.633119445886751000e+15 1.492713058195970000e+16 2.536897451185627200e+16 4.123201293056330500e+15 4.098724625885232500e+15 1.907003448056297200e+16 1.177105527920355600e+16 -1.192257960417346400e+16 -6.581170952716950400e+16 3.624423671086696000e+16 4.105855158108504000e+16 -3.895636923166140000e+15 9.762415138413050000e+15 2.368914392555395200e+16 1.180052990966317200e+16 1.906644466577603750e+15 2.215923509411616000e+16 9.576820014478313600e+16 1.690648011097966200e+16 1.400403324295777200e+16
1.715362351991282959e+11 -7.410108172080555725e+10 -2.025420202007466507e+10 1.154502251700869560e+10 -1.511013889307659531e+10 -1.068846939683974266e+10 -1.672210892522686195e+10 -3.021928334632982635e+10 1.390771820765016747e+10 4.181907810290181732e+10 4.995665723596441650e+10 2.846041270235465622e+10 4.675791041096773529e+10 4.452559744796824646e+10 5.293863530890036774e+10 2.380537478144997025e+10 7.942384852574245453e+09 -1.834407598638954878e+09 8.777833706813154221e+09 2.509438095749667645e+09 -1.881528727153444767e+09 -1.769401122785555601e+09 -2.698936674248106956e+09 1.187832621975706518e+08 1.507995033610330820e+09 -3.847064583691647053e+08 -9.047897825638167858e+08 7.772461880174115896e+08 2.435934009680851936e+09 -2.218613826472194791e+08 2.415707841724682808e+09 -1.078130625449350119e+09 -8.564145351559767723e+08 -2.941035209022073746e+09 -4.993251296211380005e+09 -2.451365510725454330e+09 8.206489236985649168e+07 -3.054941179377232552e+09 -1.279471295665211082e+08 -4.503360152312200546e+09 -9.635210147334408760e+08 -2.527993417361396790e+09 -1.009227860873901486e+09 -1.940059260324865818e+09 -5.010529118334566116e+09 1.225961945065758400e+17 4.887986228866312800e+16 -3.106746240077574000e+15 3.488953913314337200e+16 -1.556034604064824000e+17 1.557035325168496750e+15 -1.154156786449476000e+16 -2.305484960337528800e+16 -4.587556277026580000e+15 5.700654633154808000e+15 -1.129504127665481800e+16 -3.206337904961274000e+15 6.366492531765182000e+15 1.106956203961544400e+16 -2.648548974967670000e+15 5.841907550083080000e+15 5.504676996282810000e+15 9.090110718838384000e+15 7.890696675083292000e+15 -2.360740281803568000e+15 -8.595867883123131250e+14 1.323929126774100600e+16 8.506500865544331000e+15 7.732133986285907000e+15 8.743696290308776000e+15 1.287218929171483600e+16 2.199269687493148800e+16 1.727874076866349750e+15 1.773884634469094600e+16 1.690648011097966200e+16 6.745314514946374400e+16 2.341902790940128800e+16
7.464984690314517212e+10 -1.484622685990595093e+11 -9.766027436878967285e+10 -2.031929778500444031e+10 -4.955967051012376404e+10 -3.589088474131027222e+10 -9.778604147311315536e+08 -1.565062180240854454e+10 3.390701731724527740e+10 1.595487554478853941e+08 1.069768656306707144e+09 -2.695654076959034443e+09 4.526737725766268158e+10 6.750786311121585083e+10 5.658744549788713074e+10 9.595935101193141937e+09 1.356076139427943468e+09 -4.202553807982566357e+09 2.681972842356187820e+09 2.593773155485074997e+09 -4.626146223185852051e+09 -1.665073771505553818e+10 -1.869985454450544417e+08 -1.747388556864513397e+09 -2.254476675292665660e+08 4.701202777477830887e+09 -1.909907631812658310e+09 -1.551889048699315310e+09 1.757570197677762747e+09 -4.921070597882230759e+09 2.001865031634925842e+09 -5.638676211915397644e+09 -6.607691336652237892e+09 -2.722085725788860321e+09 -8.738423269663043976e+09 -2.420054975447467327e+09 -9.596406451812288761e+08 -9.855589051839137077e+08 -1.573156514332487345e+09 -6.003559739274166822e+08 2.215029805086847782e+09 3.170793863858366609e+08 -2.569468683975399017e+09 -3.621615659396986485e+09 -7.785210657943925858e+08 1.432736005387360640e+17 1.370990651789585400e+16 1.254791740158823800e+16 -2.287066837046701200e+16 1.213218310023358720e+17 -5.053031958295396800e+16 -1.514315503254963000e+16 -8.004017921996898000e+15 4.968354172002837000e+15 1.914113982215864400e+16 -1.546530614801416600e+16 -4.684191226399846000e+15 6.014667371694517000e+15 8.066353485961822000e+15 1.012675731088280400e+16 5.700042688240456000e+15 1.414990166708457400e+16 4.741120945901600000e+15 7.025411331513197000e+15 -7.994315635779977600e+16 -7.182412673746042400e+16 1.795034768607928800e+16 1.552445215102843400e+16 8.139960405929466000e+15 5.231132107802489000e+15 1.546794467645015600e+16 1.046636487380756400e+16 1.141592119062664400e+16 1.000886574204001000e+16 1.400403324295777200e+16 2.341902790940128800e+16 1.545702665213358080e+17
