# P+B covariance for NGC and p = 0.0
# Constant shot noise subtracted
# 
2.848089853086662889e+08 1.912278151558779180e+07 -4.020599534776656423e+06 6.094863268516446697e+05 8.316185321582726901e+05 -7.931093926403721562e+05 -3.526696496102742094e+04 -7.026375475748747122e+05 -1.353165295423834585e+06 5.393274242596153636e+05 6.932437456361056538e+05 1.597214376583101111e+05 -1.887788124060726204e+03 -2.552666591977966600e+05 6.292277503359655384e+05 1.606020809943719360e+05 -1.731023200543667190e+05 3.139624530893818010e+05 2.913255083972951397e+05 -1.176302317748037894e+05 7.508002527069261123e+04 -2.999318221672750660e+05 -3.374443993593588821e+05 2.491374258418587560e+05 2.460557998819375061e+05 -1.089081306069361162e+05 -2.102674687431184866e+05 -1.304242449904088862e+05 1.608085647995086911e+05 -7.519774248719542811e+04 2.685851826308422023e+05 3.968413928101601196e+05 -2.784612751206898611e+04 -1.662198191579654667e+04 1.582958393647932680e+05 5.626066571564108926e+03 -2.972936017607176473e+04 -6.444937386724982389e+03 9.550272289136737527e+04 1.674327285289434367e+05 2.846916647541941347e+04 9.699788745735607517e+04 2.997800802004371872e+04 1.248983682740472141e+05 -5.281159901159648143e+04 -9.925313668706050781e+12 -5.544628312126551758e+12 1.985223600529039062e+12 -4.332763405004101074e+12 -2.715908130543462500e+13 3.146528677654486328e+12 1.364697338013300537e+12 8.148833892638648438e+12 2.390401788314219238e+12 -1.590587294030816406e+12 1.571570076506916992e+13 -1.260868837648708740e+12 3.123533868357359375e+12 -2.671385089120939026e+11 6.444709411983573914e+10 5.159901261695362305e+12 -1.049510743128609863e+12 2.129617796366395874e+11 8.999086402506019287e+11 4.595920009825505859e+12 3.124315051757067261e+11 -5.061756649795750122e+11 -1.181434244946360596e+12 1.260874843385916992e+12 -1.516039742350419922e+11 1.326080227258160706e+11 3.712029658903751221e+11 3.813583517794240723e+12 7.447354216941340332e+11 1.610993880876676025e+11 -3.711713474521856689e+11 -1.291002842395180206e+11 1.716694337602728271e+12 -6.880116758526096191e+11 3.719418624531009277e+12 8.963866289112672424e+10 -5.316356064151112671e+11 -1.715416508754624634e+11 8.217876942351191406e+11 1.297516638472469330e+11 -1.642783988553981628e+11 -6.019202100078787842e+11 -3.688298501959942627e+11 3.884052894585677734e+12 1.410497885021966248e+11 1.982653792104858704e+11 -1.353494984436067390e+10 -3.612837799118302002e+11 -4.448059348676109619e+11 5.200381846325036133e+12 -3.055743945118399414e+12 -6.889602404904094238e+11 -3.772039998537956543e+11 1.298671717768168555e+13 4.380219329076632690e+11 2.470203389824075317e+11 -2.107951480803521729e+11 3.714505990157895660e+10 2.150257084091787354e+12 -2.690919232922854919e+11 -2.274369627645757751e+11 6.272421317015900421e+10 2.624544956202963257e+11 -5.719277931215251465e+11 3.424013205441160156e+12 -4.336882026289089355e+11 -8.973773888248145752e+11 -6.597043247404797363e+11 -1.524720073931748962e+10 2.633998397753664551e+11 -2.651190303746446533e+11 1.059058920855237793e+12 2.484463512469291382e+11 4.851914292389707031e+11 -7.069229835804489746e+11 -1.250495133125764618e+11 -4.836975702786820068e+11 -8.261813771210657959e+11 -9.425444479670134277e+11 4.909164945775709229e+11 2.890691339510866699e+11 1.301761830990927124e+11 9.811327395856471252e+10 1.352880171662627197e+12 1.334260126448313599e+11 -1.146258137584263611e+11 -3.295266822960413208e+11 8.442712035997720337e+10 -6.204575991719285583e+10 6.026735105700015259e+10 2.557878408332431152e+12 -3.766362413394282837e+11 1.874488142846368408e+11 1.123068507846102600e+11 4.370029728817882690e+11 1.091698713101080017e+11 7.563453395298507690e+10 2.477206363898491516e+11
1.912278151558779180e+07 7.415362542592869699e+07 5.974956357734016143e+06 2.486033752042785272e+04 6.401298793978260364e+05 8.470317335705296136e+05 5.348965847005924443e+05 -4.225266417930472526e+05 -4.133198995384511072e+05 2.836542437638716074e+05 7.000739760033077800e+03 -2.330933239058407198e+05 -1.279637183703425108e+05 -5.923857192877646303e+05 -1.898032120058100263e+05 5.435404189770606899e+04 -1.340399921217656520e+05 2.392255766807019536e+05 1.181434915749403444e+04 -2.920830405840570456e+05 4.089679372999437328e+04 -1.840599990856827935e+05 -2.035971957415500365e+05 -8.783329824736119917e+03 -1.232954714252106351e+05 -1.979932923436464625e+04 1.532903588640294620e+05 3.047140667617880354e+03 -6.822480052664993855e+04 -1.182586662090266909e+05 -8.069588049073106959e+04 -6.932329101953512873e+04 2.900939624076926702e+04 1.772058016917755958e+04 5.748709866048823460e+04 7.370713942138443235e+04 -5.683878896966597677e+04 2.082237128322693025e+03 -4.651648946867198538e+04 2.634675868119459210e+03 -4.542334320046522771e+04 1.159856095637143153e+04 -2.305808348271753130e+04 5.336514445996812719e+04 3.503862019480884192e+04 1.412212722200236133e+13 1.145099623677473242e+13 8.130979597717448242e+12 1.750892728697286377e+12 3.008495839115340332e+12 6.753735867019961914e+12 6.698892751909037018e+10 7.098495498974242188e+12 1.908509335069413818e+12 -2.153707490515484314e+11 7.143934342012554688e+12 9.405556569678441162e+11 7.215709963247817383e+12 3.066798065205589600e+11 -2.593314380265931396e+11 5.579625537575138672e+12 -1.287172469532678680e+11 2.410305840159468079e+11 1.058409225657113037e+11 1.600173080416461426e+12 1.689415576122942383e+12 5.318055416915403442e+11 -2.626248231795315247e+11 4.464175881669553711e+12 3.100903216689736557e+10 -6.420733394629129028e+10 -1.325605519656251526e+11 4.082042836397275391e+12 -2.107506767789938965e+11 2.046852173274854126e+11 -1.473694383225585938e+11 -5.905291505267673340e+11 3.388336862452218018e+11 4.561508202848522339e+11 1.449299769601620850e+12 2.297798300599147034e+11 1.783219176225563049e+11 -1.270845108749145050e+11 3.657531566280487305e+12 6.569973894676445770e+10 6.745649082675415039e+10 -2.118524187659765244e+09 -2.088939502837975159e+11 3.571089103030990723e+12 -2.873714530046072388e+11 4.851845092631072235e+10 2.107664701458759460e+11 2.317063718640242310e+11 4.693845419684912872e+10 -1.391381846988989502e+12 1.431881229526007690e+11 -1.387285385254372864e+11 -2.684336505755535583e+11 3.175834110839939941e+12 1.032618558112130737e+11 6.897585155485314941e+10 -1.159365297378852386e+11 1.127067846015192413e+11 3.044663324984751465e+12 -1.921190722741943970e+11 1.084830039172596283e+11 -2.010555868242946148e+09 3.019120148043907928e+10 -8.412895374313127518e+09 4.193999861124488281e+12 -2.988096141281848755e+11 1.222071647734423676e+11 -4.216863389386871948e+11 -3.492073367371486206e+11 1.988213891590692139e+10 -2.527819602560991211e+11 -7.445139570847557373e+11 -6.796379183457016602e+11 4.780640581233806152e+11 -1.056440908627916718e+11 7.914309475619248962e+10 1.298694366438429832e+10 1.797281246117907471e+12 -1.392333732787557678e+11 -7.429339273247883606e+10 -1.010060903585157928e+11 5.717222099852891541e+10 -1.048842778326098938e+11 3.528678884950572266e+12 1.818883133902044678e+11 3.398295215707778931e+10 -1.244404665182695007e+11 -4.061861402209413910e+10 -3.596012914485307693e+09 -3.670085300330290985e+10 3.132653731222652832e+12 1.206597485969374084e+11 -4.968842617976415253e+10 -2.041768627897924805e+11 -3.437528381985549164e+10 -7.554515809471893311e+10 1.002134140369525604e+11 -8.843138316574874878e+10
-4.020599534776656423e+06 5.974956357734016143e+06 3.058227747971111163e+07 4.078626370146726258e+06 9.483216367712573847e+05 7.399129727421111893e+05 6.306604156647587661e+05 2.806590443176883273e+05 1.553700867609085690e+05 9.730180279317602981e+04 -2.583733887771984737e+05 4.306543890183130134e+04 -1.915738397806419816e+05 -1.050840796587313707e+04 3.043504121887242945e+03 1.540324639653678423e+04 -1.420863944413835088e+04 -1.980477174311397539e+05 1.152359175852507324e+05 -5.431663605741549691e+04 2.034145066748978570e+04 -1.600580362214680354e+05 -8.010364405081421137e+04 3.284601468859086890e+04 1.050794327256095276e+05 3.749319579787348630e+04 1.188393388222590584e+05 -5.053259541237570375e+04 9.656864674228965305e+04 4.439230034994869493e+04 1.439277527065945615e+05 -2.046678516215089621e+04 -5.167732656579442119e+04 2.733701884919607983e+04 -1.475137948079562557e+04 -4.980559253188277944e+04 3.237065829887117798e+04 -4.859426190779878380e+04 6.919943242035983712e+04 6.792393111409181438e+04 7.028670173995958976e+03 6.025110839592302364e+04 -1.151321569687670672e+04 2.383617815979574516e+04 5.946750603590937681e+04 2.905902186864469238e+12 7.721146452381946289e+12 3.574248816163477539e+12 2.497907984342586914e+12 1.361917783526202930e+13 3.609226934893495605e+12 1.616465928745052979e+12 3.445217486192483887e+12 1.161424487208779297e+12 1.573487100223196106e+11 -2.275972014242464355e+12 4.109316520429767456e+11 2.390053192871256348e+12 1.032654285282487183e+12 -4.743001191926745605e+10 1.793438262588152344e+12 1.090106437568889893e+12 1.074860026221805878e+11 6.320869073306124268e+11 -5.805048941405940430e+12 2.374358793857975586e+12 2.697547244497855835e+11 6.769131816142843018e+11 2.019324633099717529e+12 8.270508435571721191e+11 1.014666118956199188e+11 2.808274941504348755e+11 1.269225762873057617e+12 7.626690578599466553e+11 6.680052530990255737e+10 2.378762867696694946e+11 3.042694238020552444e+10 5.402312731131067505e+11 -2.546668251953743286e+11 2.357829094007981445e+12 5.776965535030405273e+11 -5.267737889729386139e+10 -1.011169284619178009e+10 2.088177468756942871e+12 6.741229941725106201e+11 8.447816937182904053e+10 1.080539701803587646e+11 -1.278309767643950500e+11 1.260055178424267822e+12 6.682760844989090576e+11 1.820565716890462036e+11 1.200857669045803547e+08 8.103226205508389282e+10 5.139595036670376587e+10 1.356397773169729248e+12 8.945207257278528214e+09 2.223625771553183899e+11 -3.626209534479394531e+10 2.833861474802059570e+12 3.035291563237535400e+11 1.144806016555857849e+11 -2.390021463009804153e+10 -6.015265959166618347e+10 1.421353131535922607e+12 6.252271180213415527e+11 1.391179926463410950e+10 2.984026994162179184e+10 -1.343936508798238182e+10 -2.170506469656195831e+10 1.343590233869244141e+12 5.846057184714376221e+11 8.293318080229550171e+10 -7.622974985595251083e+09 -2.129699097161883240e+11 8.265797029533108521e+10 -2.114524637064012756e+11 -7.253594006667967224e+10 2.060521414313741150e+11 -3.021327387942882690e+11 1.189746924223967133e+11 1.472087539195982666e+11 1.192827203461039581e+11 2.815133140567849609e+12 1.203009426105862732e+11 1.282899626225633392e+11 6.433619446652791595e+10 2.958847180944069672e+10 1.273777947517798615e+11 1.900972733362481201e+12 7.362821254050223389e+11 -2.222912189960483170e+10 1.497429866493676147e+11 1.319191898926428413e+10 -1.257791543320266914e+10 3.364995796409356689e+10 9.185369411883239746e+11 8.145557451348155518e+11 2.813094423045982742e+10 6.743829469093628883e+09 -2.408112533363319397e+10 -5.065961988257287598e+10 -2.375247502333286285e+10 -4.632651530398796844e+10
6.094863268516446697e+05 2.486033752042785272e+04 4.078626370146726258e+06 1.635249394931597449e+07 2.134297901919240598e+06 2.517301026584888459e+05 1.324683981433136796e+05 1.101172173800598393e+05 3.339114594687115168e+05 1.109425955130106740e+05 -2.086272059960149272e+04 9.842702449971724127e+04 -1.558560033372002072e+05 1.638545983687426997e+04 9.046414170583871601e+04 6.851374304658912297e+04 -8.498478357282798970e+04 -1.262817192039584770e+05 1.355681211580001691e+05 6.679068271590604854e+04 7.365804643331699481e+04 -4.161347265501313086e+04 5.578115746291785035e+04 2.940580165219271294e+04 1.850917237183510588e+04 8.465240933725491050e+04 1.421400242084134079e+05 4.425125222770620167e+04 -1.179368360448997555e+04 4.353532038563503738e+04 4.396429425648743199e+04 1.599518500617196878e+04 4.682713754115537449e+04 -1.767034804797939159e+03 4.722857574638559163e+04 1.741630595012923368e+04 4.124325132214753830e+04 -6.326046310921653640e+04 -1.985682782110408516e+04 -2.188108574073953605e+02 -2.114597743290296785e+04 -4.353018121972725567e+03 -2.870107706043317012e+04 3.986353097115349556e+03 -9.257087271896334641e+03 -3.682311696907570190e+11 3.272399435364695312e+12 1.104871707242846436e+12 3.923024088406292480e+12 7.914572550149744141e+12 1.501235162114243164e+12 2.728228069455913086e+12 1.753794687173616943e+12 7.264118988030844727e+11 -5.881564646117803955e+11 5.211641335141647949e+11 3.001257414407174316e+12 2.834175697586616821e+11 1.223866151399570068e+12 -7.134346601410256958e+10 3.652010661407131958e+11 1.490300099206646973e+12 9.390726844201325989e+10 8.036390240314874268e+10 1.613034585409143372e+11 5.816958940428211670e+11 1.550801202980152832e+12 2.922636647505542603e+11 7.831141211017013550e+10 1.543929284321135254e+12 -6.899977545571351624e+10 1.493875671431375732e+11 3.878725244086651001e+11 9.822745765931594238e+11 1.247675646106604462e+11 4.808660584499153900e+10 2.249653717937265625e+11 -4.501136294466879272e+11 -1.436896734229870605e+11 2.045773188433663086e+12 1.133572549383015137e+12 1.346428363836807556e+11 5.439172366471652222e+10 4.363912998854513550e+10 9.076744293371672363e+11 1.161687064107315674e+11 -1.051413607110548782e+10 6.556224138647211456e+10 1.622868098505227661e+11 9.128510753389284668e+11 9.322415637760670471e+10 1.037018351544323273e+11 8.952298458060757446e+10 -4.568019495507981110e+10 4.000315407285435486e+10 1.291416717934487061e+12 1.320656681439262085e+11 -5.748097238042303467e+10 -3.793123324365066528e+11 5.930014808589473877e+11 4.461003654320523262e+09 -1.723350297337295294e+09 1.447791311464622498e+11 -1.904316535684393616e+11 1.092017349933801270e+12 5.171891890591053772e+10 4.099598296803496552e+10 2.891037557348650742e+10 1.004928382323464036e+09 9.914232543141143799e+10 8.673033979528817139e+11 4.849306296712014008e+10 2.517199684172857285e+10 -6.715156725975665283e+10 3.724078677616947937e+10 -6.893397123094975281e+10 2.178364362936119995e+11 9.085493858999537659e+10 -5.106969293991730347e+11 -5.544333930697201538e+10 6.366860377561256409e+10 3.802152691214203644e+10 -1.586688146560996704e+11 9.533959758223701172e+11 3.969091680695573425e+10 9.822187084038403320e+10 6.792945872857416534e+10 8.101878562232775688e+09 8.173076169170085144e+10 8.683964419727435303e+11 -4.925048079779410553e+10 1.680086847510073662e+10 4.236992274641003418e+10 -2.220546054093657684e+10 -6.741213060559242249e+09 2.675029415399038696e+11 9.374896776327790527e+11 8.733277713158099365e+10 4.310525417125061035e+10 -1.593009104266995430e+09 -2.843257305769090652e+10 2.263333628821089935e+10 -9.217419210176046753e+10
8.316185321582726901e+05 6.401298793978260364e+05 9.483216367712573847e+05 2.134297901919240598e+06 9.294512180970508605e+06 9.746561579519242514e+05 -1.009139278830921248e+05 -7.515054656707722461e+04 2.586251201134218427e+05 3.486121029823354329e+05 -4.734172084148509748e+04 1.607498000931248134e+04 1.854839745603748088e+04 2.370848988352555534e+04 1.050453061660750536e+05 4.954189025122719613e+04 -5.659645483890484320e+04 2.443958483403036007e+04 -7.194409005021413577e+03 -2.440965670737682376e+04 6.688363903691933956e+03 4.343209228132357384e+04 -1.192728134893794777e+04 2.762240146524129523e+04 9.013908862844336909e+03 3.004054114799743911e+04 3.435586320235231688e+04 6.489736055240087444e+04 9.866774521904764697e+03 -1.875116434377139376e+04 -1.285652621344992258e+04 3.024021975409923834e+04 3.002637153768661301e+04 5.686259340035304194e+04 2.228954589011602002e+04 1.528555860914759614e+04 -4.006888890512402668e+03 -1.903818356957591095e+04 1.404712067999867213e+04 1.988627684354569647e+04 -8.407446202144161362e+03 1.002263072191128595e+04 -1.187428978656914296e+04 -2.759241387497646792e+04 -8.395610042096342340e+02 9.219247273914759521e+11 1.828909637540050964e+11 2.873748005206525879e+11 1.487465587833425293e+12 3.314996092458313477e+12 1.376686852124291260e+12 1.267232002387588623e+12 8.042486738141892090e+11 6.321963142670709229e+11 5.811158952417636719e+11 9.894752240333984375e+11 1.407663297982021240e+12 4.101168083706137085e+11 6.664571385658391113e+11 4.089133277447855225e+11 1.989564867062048950e+11 4.289478795924917603e+11 -7.510385411520520210e+09 -4.203707781652880249e+11 1.903178283148863281e+12 1.352804305619197998e+12 6.836662033234825439e+11 4.664719420453225098e+11 4.465007754277033081e+11 3.856699044813462524e+11 2.367892488598108826e+11 -3.497600838128897858e+10 1.873682641793935242e+11 3.523971604375540771e+11 3.444351163278887939e+11 5.844471033559934998e+10 2.594369631812737427e+11 1.816772648677354736e+12 -4.465554310207111359e+10 7.677030489752800293e+11 6.773122005980760498e+11 2.348732892320388794e+11 5.743663213663285828e+10 -7.589335526177865601e+10 4.825518830911170044e+11 1.932928373100932617e+11 -1.781562785328472137e+10 1.064937152545277405e+11 -1.976456534888367920e+11 2.286910984761968689e+11 2.495704819700424194e+11 -4.571589176390673065e+10 -5.131614322709412384e+10 -6.896939434066923523e+10 3.241434295716163940e+11 1.565685449985647217e+12 2.132298190828957825e+11 -6.115740820622707367e+10 2.258350999879329300e+10 5.328936992393121948e+11 2.092772949565015564e+11 -1.095809040310552979e+10 -2.648315988113292313e+10 1.159716872750392761e+11 3.503758009149541016e+11 2.221152282124382629e+11 8.987752911294778824e+09 2.310166393421749115e+10 -9.131346213978298950e+10 4.268816781615937805e+10 3.464061218464092407e+11 2.054710338097729797e+11 -1.449715445353767872e+09 2.163062246881982803e+10 -4.836350833817216492e+10 -5.061033544297901154e+10 -2.073747691513888836e+09 -8.553385788381962585e+10 7.368522765197036133e+11 5.642912267348638153e+10 8.011708517783525085e+10 5.741428309459855652e+10 -1.605511090263910828e+11 6.332522041078917236e+11 1.952323139621892700e+11 -4.313470274937270355e+10 3.920068227891009521e+10 5.064595315593550682e+09 3.660792405184747925e+11 3.125375771415083008e+11 1.956339087437985535e+11 3.420964763951608276e+10 -2.970000557841748810e+10 8.753428018879634857e+09 -1.023924450913975143e+10 2.078271809766810303e+11 4.427536891049893799e+11 2.299946890173027954e+11 -2.101448315433346558e+10 3.458418635079368591e+09 2.897067105125836849e+09 -7.896216822429478645e+09 6.080816454744095802e+09
-7.931093926403721562e+05 8.470317335705296136e+05 7.399129727421111893e+05 2.517301026584888459e+05 9.746561579519242514e+05 5.886325784317063168e+06 7.366152428500119131e+05 -3.029422979305462650e+04 -1.194071499075799511e+05 1.817648474897446868e+05 9.932472364583099261e+04 4.032189470127661480e+04 1.579408313140635437e+04 4.815368117588341556e+04 -1.032551890758294576e+04 -8.075938333057015552e+04 -4.334947269749719999e+04 -4.374718038242569310e+04 1.847394735349168695e+04 -7.354461584981210763e+04 6.596783033012984379e+04 2.234491860428142172e+04 -3.883338847899320535e+04 8.781946003732635290e+03 2.128682090365642125e+03 -8.589902794580008276e+02 3.507380189632069232e+04 -3.131572686640586835e+04 1.352043939887656961e+03 5.677433775200496893e+04 -9.883851535599922499e+03 -4.049752739046180068e+04 -2.013972983826106656e+03 1.769696530138468006e+04 1.407737470380843479e+04 2.444041606586900161e+04 2.202448600337157131e+03 -1.429491662928038022e+04 -8.080270721187089293e+03 -2.050318313292818857e+04 4.395981086670342847e+03 1.000237775688356487e+04 -4.435493947971946909e+03 -1.127715490998008496e+00 -1.123497350773702601e+04 -5.913022040627224121e+11 7.864539411046308899e+10 1.058645667044197693e+11 -9.925172624343118286e+10 7.041452075088389648e+12 8.164538374972651367e+11 4.272017527378996582e+11 1.236683758736757568e+12 8.021386945610526123e+11 8.905295862340750732e+11 3.912556700296918335e+11 5.004307358623128052e+11 7.896123451980032959e+11 4.864751306062345581e+11 6.712176540673133545e+11 1.363483673541588745e+11 5.168584228116203308e+10 3.065013491198866577e+11 7.598609153173748016e+09 -4.813017204647501221e+11 2.497162144332164612e+11 3.883698238945998535e+11 5.894852116696945801e+11 3.006939710278327560e+10 -8.025349281150238037e+10 3.943440382063370361e+11 9.127087002930964661e+10 4.013167709314697266e+11 2.522991297994991760e+11 3.416348321565642090e+11 1.022972968612512970e+11 6.455794877519630432e+10 1.284148064759066162e+12 7.218434155982757568e+11 4.657135467594707031e+11 -1.752436235480191040e+10 4.332648616730664673e+11 -2.401243011151822662e+10 2.628990276393150940e+11 1.181543100869901276e+11 3.420908071240789795e+11 8.858893394021565247e+10 4.991154249262022400e+10 1.746977727662770462e+10 2.832589814201052094e+10 3.114335140432665405e+11 7.186072762422599792e+10 5.847320227734024811e+10 5.921749514782492828e+10 6.288019581323375244e+11 4.813837035632742310e+10 4.834580356682103882e+11 5.340412283959523773e+10 5.113465192418977051e+11 -6.506231790624407959e+10 3.765939173054543457e+11 8.541802289703735352e+10 6.043568353291909790e+10 -2.259117812057221069e+11 -3.561955965178594208e+10 3.461994238561198120e+11 6.306702740229578400e+10 2.357973107819145584e+10 3.735693475375952148e+10 2.860754722847188110e+11 4.780164475666155243e+10 3.938187330889051514e+11 2.128003991508229065e+10 -2.273130633436598206e+10 -9.283251157467420578e+09 -5.299350647463140869e+10 2.930146011083424072e+11 7.060504577455511093e+09 4.614281857112790527e+11 3.548226703285437012e+11 5.397388861706311035e+10 4.424009412075234222e+10 4.978304476723142090e+11 -7.160128790002334595e+09 3.874762051908558960e+11 -4.908596670114622498e+10 1.001880377588997269e+10 -1.324979193201738358e+10 5.885152433401638794e+10 2.489876297658293247e+09 2.864976943111428833e+11 -1.499619178626797485e+10 1.695477826133807373e+10 -1.550224225988511848e+10 -1.836136969145539093e+10 1.959688998389301453e+11 5.514110704959841156e+10 3.538690460810070190e+11 2.882857782738536453e+10 -4.679196358231733704e+10 7.280017138633611679e+09 -2.959290235394037247e+10 5.613786784770816803e+10
-3.526696496102742094e+04 5.348965847005924443e+05 6.306604156647587661e+05 1.324683981433136796e+05 -1.009139278830921248e+05 7.366152428500119131e+05 4.151260713527221233e+06 6.932839331137504196e+05 2.077347176042452629e+05 7.034519684118998703e+04 -5.061526387172230170e+04 2.057159378836427641e+04 -4.786847465338341135e+04 7.886612542879208922e+04 8.467937629672927869e+03 -4.796955361046879261e+04 -8.797585811519053095e+03 -2.357023823850768167e+04 2.782924519272955513e+04 -8.758692317296507099e+03 1.080407335558006707e+04 -6.109886560563676176e+04 2.021330372528152657e+04 -2.898180735606530561e+03 5.473347944776045915e+04 1.551398240127714962e+04 5.595269187686345686e+04 2.397989461966152885e+04 -1.433813387145460911e+04 -1.122811375320023444e+03 5.465051114899418280e+03 2.795580706661079603e+04 -6.734201041511945505e+02 -2.128464424319340833e+04 -8.914910911758457814e+02 7.250311585015098899e+03 8.132956745593995947e+03 3.299810142778801492e+03 -4.886632347029143602e+03 2.594995789153616897e+03 -4.676273401296281008e+03 8.562557028133756830e+03 -5.358397933618466595e+03 2.876666442105457918e+03 1.601923163047450089e+03 1.318620109499439392e+11 -4.527911123149197998e+11 4.899879907642902222e+11 5.423712891440184937e+11 4.781940696339097656e+12 -3.829187081302080688e+11 1.006679367085658264e+11 2.291221291272328491e+11 8.599750247442630005e+10 5.753230262114722900e+11 -6.768127446089999390e+10 -2.025581728628601074e+11 5.506589045594002686e+11 3.390904784863783569e+11 3.772116972541328125e+11 3.954222123253159180e+11 2.487415697834900818e+11 4.959770301728632812e+11 4.682430821473029175e+11 -9.484285482853616943e+11 7.095947126025997314e+11 8.356000524840042114e+10 3.309119060315950928e+11 1.241111350073968201e+11 2.742936262527451706e+10 3.771165738945534668e+11 2.917075796795369873e+11 3.060177944550223389e+11 1.402292409330641937e+10 1.857834768490491028e+11 1.380672077691398926e+11 -1.126528496753082275e+10 7.843644627196319580e+11 6.240411192199780273e+11 3.112328939697570190e+11 -2.249615550701102829e+10 2.331376402134216614e+11 3.153304602467687378e+11 1.496144440833341980e+11 5.016149804335797882e+10 1.526800275982545471e+11 1.321758761836682129e+11 1.216753386185811615e+10 2.112672121338409119e+11 -1.357997822138046646e+10 5.642081709992272186e+10 1.737256608271968384e+11 -5.341038552835900307e+09 5.141932816516332245e+10 1.587629101388953369e+12 -5.445780667815500488e+11 3.761951556026904297e+11 1.782971113343065796e+11 2.035252180913491488e+09 3.003710934367863846e+10 1.583509176851989441e+11 1.140575383942075958e+11 -7.764369076656496048e+09 5.425434620137064934e+09 2.866719831971760941e+10 1.442012056596159668e+11 1.315656818880651855e+11 -3.222549081275344467e+10 -5.003529887192626953e+10 2.728923269921451721e+11 1.226448452163014832e+11 2.366155411121124878e+11 1.955700835409138184e+11 -4.495250099628507233e+10 8.475520311515677452e+09 6.166233350027818298e+10 9.094283126988360596e+11 9.410989318578083801e+10 3.717292897371881714e+11 2.555469313990243835e+11 1.547544330534843445e+11 7.456126849494689703e+08 3.926223220913309326e+11 -3.274710590575411320e+09 1.716322360085041809e+11 1.086515711391647949e+11 1.713120333388769341e+10 -1.172231717434768677e+10 -2.029612673413782120e+10 2.217005675319823456e+10 1.104696840773463898e+11 1.081427218207154694e+11 1.456163745160633278e+10 -9.478033227031793594e+09 2.702405004893274307e+09 3.300538337146887207e+11 6.655934797348266602e+10 1.256114922052673035e+11 1.189654355406121979e+11 -2.427280712314410782e+10 -2.301652478387701035e+10 -5.476403581891522408e+09 -4.547459997895387268e+10
-7.026375475748747122e+05 -4.225266417930472526e+05 2.806590443176883273e+05 1.101172173800598393e+05 -7.515054656707722461e+04 -3.029422979305462650e+04 6.932839331137504196e+05 2.767692633452176582e+06 4.955621437717467779e+05 3.952207670621169382e+04 2.999855922967578590e+04 -1.487900295023423212e+02 4.306628894776642483e+03 8.904022492114893976e+04 1.004440848769766853e+04 -2.468670967359673796e+03 -1.639321256300368987e+04 2.848563180425886458e+04 2.129826644122688958e+04 3.565744515808506549e+04 2.551608863116359862e+04 -4.194754877446268802e+04 2.035255051346462096e+03 -1.299069358680189907e+04 1.928703448926112515e+03 3.986766530058280296e+03 -7.249694208063780025e+03 9.732117164986000716e+03 7.177982410186381458e+03 -3.901388215146905623e+03 -9.005909919851717859e+03 3.063452705811180931e+04 -1.246571447132538196e+04 -5.268344693399223615e+03 2.229282282657226460e+03 -4.336861274120348753e+03 1.907416126880883894e+04 7.597476762807253181e+03 -1.208645344077049594e+04 -7.713053421504730977e+03 -8.310459276317000331e+03 -5.369603387803826990e+03 6.355020582484620718e+03 -2.463638039570383262e+04 -1.531281068234932718e+03 -6.122226534477945557e+11 1.897528246545707703e+11 -3.164623748748401489e+11 1.724140739315859070e+11 4.688517994790264648e+12 -2.886596995658563843e+11 -1.239998083271024780e+11 -1.642316328152209778e+11 -7.512979710914291382e+10 8.085906032505451965e+10 2.702338627434587708e+11 -7.317807685714901924e+09 1.106418147909582367e+11 2.540463481061866150e+11 4.408275481670462646e+11 3.289451171317789307e+11 3.288264402648666382e+11 4.280195866725437012e+11 6.471017163727502441e+11 2.533414339300690918e+11 2.131719294168435669e+11 -7.959596076766398621e+10 8.472982970603330994e+10 1.832062467693372498e+11 1.450558015088208313e+11 2.815021753951323853e+11 3.928512023393212891e+11 8.971761213727014160e+10 9.799191834699967957e+10 -1.496361846420725441e+10 2.620243642744465637e+11 4.038339076215856171e+10 3.338993739062076187e+10 7.709220362213726807e+10 -2.099787326124695435e+11 1.061316382926557312e+11 1.713536874762372131e+11 3.927677840183217163e+11 -1.085641131098529816e+11 1.821908311354066467e+10 4.118370103804714203e+10 1.620967528762071228e+11 1.236399412515751648e+10 -4.888634670278403163e+08 8.314780092159257507e+10 2.598602715143129349e+09 1.921571627112927551e+11 4.600588604687609100e+10 4.398835560935012817e+10 4.947096055514024048e+11 2.432763821056350708e+10 2.194277045558252563e+11 4.082245971761049194e+11 -7.651523967460288086e+11 -1.605048570696028137e+10 4.574520596948172760e+10 2.071632553271880493e+11 5.758094281577971649e+10 -4.366695769859804535e+10 2.051369183912746811e+10 7.227061958794494629e+10 1.872001095067418518e+11 -8.283237123673910141e+09 -1.005041621920782852e+10 1.390357976542174377e+11 1.670963597931879997e+10 2.191689915954015350e+10 1.788500515849997559e+11 2.244124177841134262e+10 -2.611668245459302902e+10 6.355210122492038727e+09 4.081402123460274658e+11 4.081363569541456299e+11 -2.652545499146500549e+11 3.435428705541718674e+10 1.625906529090378723e+11 -2.621146719061647415e+10 5.657737771125737305e+11 1.692802023029617119e+10 6.563665518257562256e+10 1.458873659026878052e+11 -2.634295203366075134e+10 -8.316994427210016251e+09 1.442275791525342102e+11 2.120000061865428543e+10 5.126515626780191040e+10 1.521865444564891663e+11 -1.735487423399135208e+10 2.879668892940838337e+09 5.227125153375754356e+09 1.037213253073623199e+11 -5.926608078848720551e+10 -3.555137864546359062e+09 1.675097000446858215e+11 -7.121499242051726341e+09 -2.454774400173049545e+10 -1.893861784639017105e+10 -2.670997010135686493e+10
-1.353165295423834585e+06 -4.133198995384511072e+05 1.553700867609085690e+05 3.339114594687115168e+05 2.586251201134218427e+05 -1.194071499075799511e+05 2.077347176042452629e+05 4.955621437717467779e+05 1.961454489342743298e+06 2.899714752460437012e+05 7.493623283350393467e+04 1.902461013117842231e+04 3.862587667279291782e+04 4.572946152740548314e+03 7.294903514434129465e+04 4.035190832195294206e+04 2.654364113474051010e+03 2.424339979757205219e+04 2.856510263089854925e+04 2.242841343573902486e+04 4.610072033479614038e+04 1.380720871839558458e+04 1.487489165239241265e+04 8.971783573880917174e+03 5.451277442599862297e+03 2.965460687558552308e+04 3.003501641629827282e+04 4.303241145960048016e+04 2.247090731773216612e+04 4.862737476957933723e+03 -1.208844796300202506e+04 1.498718344710134079e+04 7.457189721881930382e+03 -2.082893264208407345e+03 6.727926051714083769e+03 6.147780582084011485e+02 1.221812495477124503e+04 1.551132142566907078e+03 2.645945549393649799e+03 8.040718666150952231e+03 2.382775551279873980e+04 7.407999958408286147e+03 -5.218786417389565941e+03 4.712659410433810990e+03 -2.691999406858421025e+03 -8.829732541682529297e+11 4.486638239393599701e+10 -7.134331202528924561e+11 5.194280912595881348e+11 3.089532977414842773e+12 -2.902822317995051193e+10 2.833035713188737183e+11 2.397659035366173172e+10 1.626874629926073608e+11 3.446032199099705505e+10 -7.793604766582938232e+11 2.973729263978724365e+11 1.378359139165283203e+11 2.015968830146574783e+10 1.072680720989513779e+10 1.059501163302531891e+11 1.707034165367146606e+11 2.220244590556512146e+11 2.566156344448501587e+11 -7.865109258408079834e+11 4.383593159672074585e+11 1.272651441839649506e+11 7.734103064834616089e+10 3.025659597699675903e+11 1.661927386589740295e+11 2.260657830645734863e+11 2.112768457494838257e+11 1.022863222465063477e+11 9.032585897086651611e+10 1.765826600469976807e+11 2.349152872285710754e+11 1.672987609003633423e+11 4.581205068408917236e+11 2.457365755560439301e+10 4.285722743599473877e+11 1.684663106996195679e+11 9.445992588698817444e+10 8.083713347377246094e+10 -3.230930970525784302e+10 3.505242333718165588e+10 8.671097952850761414e+10 1.651572499574271851e+11 1.330826254854772949e+11 -1.725541290376890945e+10 3.215959179518931580e+10 3.971648693162225342e+10 7.557314905954840088e+10 8.013840827523851013e+10 6.581747180008250427e+10 3.984981647051826782e+11 4.686546912537756348e+11 2.172081668067354736e+11 1.524524400371362305e+11 -1.186896713327386169e+11 -7.305508463315424919e+08 1.021411333893353882e+11 1.436007817032501831e+11 1.095681074160192566e+11 -1.749720762033401489e+10 -5.051201209426125526e+09 9.004906897860357285e+09 1.049289402545814819e+11 6.486611401504752350e+10 -2.644846662475823402e+09 -6.210384261414582062e+10 1.319296704471172333e+10 -5.406523172209401703e+10 1.073938520985725098e+11 6.099727077441661835e+10 1.160376278459098625e+10 4.836043610199329376e+10 6.208814011685599365e+11 2.725799969705848083e+11 -3.639160727408709717e+11 4.317951646935325623e+09 1.258304781367603455e+11 1.139449369303453827e+11 1.422817262875636902e+11 1.643136131521277809e+10 -2.109122982315111876e+09 9.152960054771157837e+10 6.463981808323975372e+10 4.521894492322049141e+09 4.572556566103677750e+09 4.094670669713574982e+10 3.394657654547085571e+10 6.666605831073589325e+10 6.799935373921537018e+10 9.327737708090969086e+09 1.121449233286932945e+10 2.051568459676119995e+10 -1.806235457638887405e+10 -4.854373046418113708e+10 7.009120916131637573e+10 5.353690245416294098e+10 2.170249302611754227e+10 4.059518027810815430e+10 2.162674280801657104e+10
5.393274242596153636e+05 2.836542437638716074e+05 9.730180279317602981e+04 1.109425955130106740e+05 3.486121029823354329e+05 1.817648474897446868e+05 7.034519684118998703e+04 3.952207670621169382e+04 2.899714752460437012e+05 1.504762271656922298e+06 2.890045975520493812e+05 3.407782573365033022e+04 7.667748429150841548e+04 -1.695620542718704382e+04 3.553701230453036987e+04 3.974439835000940366e+04 -7.170607141412251622e+03 -7.676194681802118794e+03 1.638326247350527774e+04 1.320162615589628331e+04 3.808269264624377684e+04 1.654513430757020615e+04 -4.536716286554276394e+02 -1.155151278716522575e+04 -3.318835216568247688e+03 2.013850163874702048e+04 1.197944103166828972e+04 -8.740210510701235762e+03 3.918316460304665816e+04 1.909247810972380103e+04 4.140729982998598643e+03 1.345029527608671742e+04 1.266597648537177702e+04 -2.931645503126167569e+03 -3.012554752606405145e+03 -5.066763100463005685e+03 8.185575132283785024e+03 -2.549001267801647828e+03 1.464535941575242214e+04 -2.263782711837998249e+02 4.516081657403671670e+03 4.023410299310870414e+03 4.137272643954012779e+02 4.234513072845921329e+02 1.717509278748216457e+04 1.717606814435598877e+12 1.342422178556523438e+12 3.098098572529505615e+11 2.860396542717489624e+11 1.219070980045749023e+12 1.853489003880610962e+11 1.870418890911547241e+11 3.348147521582596436e+11 -5.022993989838408661e+10 -1.661635653692404175e+11 -5.234459683125747070e+11 1.637352258220432129e+11 1.313500333656378479e+11 1.098539660361771851e+11 6.952053288815385437e+10 -4.386372329957308769e+09 1.382489163363513947e+10 4.559661560778390503e+10 6.901317496385725403e+10 -3.436591109432531738e+11 1.115575845156450272e+10 1.566118481137894592e+11 8.279082372646607971e+10 5.380583407453604126e+10 1.317169128673610840e+11 1.507141042921463928e+11 1.540292036124984741e+11 2.873965508488034668e+11 2.014292536641401978e+11 2.044739197550156250e+11 2.310054231861513367e+11 2.715674406585678406e+11 2.529376222409501648e+11 9.777938569534405518e+10 6.825312914020324707e+11 -4.507057151483630371e+10 2.665322697284053326e+09 1.093106655541109276e+10 2.739689892374969177e+11 1.205621663749859619e+11 1.418575113462700806e+11 1.350204595681006927e+11 2.163026112725020142e+11 1.802991621141653442e+10 1.257246597456334877e+10 -1.707549410676230049e+10 2.227713579060647964e+10 1.195140532961236572e+11 8.042665699899862671e+10 6.007445003441759491e+10 1.767931941033342743e+10 5.845949250214029694e+10 -4.059588225516538143e+09 7.795117781063082886e+10 1.599753792161994629e+11 9.696795836860360718e+10 1.099857802908554840e+11 2.051273879081490784e+11 4.497069662803828430e+10 2.727767451420923233e+10 -5.200961420226305962e+09 3.455677839985990143e+10 7.730187639901789856e+10 1.178066150732819939e+10 8.273720436802278519e+09 2.090135943653749466e+10 -9.171658960381177902e+09 2.477466506226400757e+10 8.494144965155154419e+10 3.800344494232254028e+10 -1.199761956391777039e+10 2.343821210130484924e+11 1.732467911179576111e+10 -7.636054188273263550e+10 1.331387799359851227e+11 9.542577790082154846e+10 1.605537933468386536e+11 -8.015307605937828064e+09 4.202858406134630585e+10 3.281258522467523098e+09 1.464685884415417099e+10 1.165491757458700409e+11 4.576956755307806015e+09 1.035422076085033226e+10 1.620654405950392723e+10 3.909307471069394684e+10 2.269016221074407578e+10 9.663890620725236511e+10 7.736857676316334724e+09 1.158584509470135689e+10 1.239780912155595970e+10 3.085742505567806244e+09 1.581262845922266006e+10 3.271082492777677155e+10 7.793483080124243164e+10 2.262310272422151566e+10 2.958794960679288483e+10 -1.993036024027209759e+09
6.932437456361056538e+05 7.000739760033077800e+03 -2.583733887771984737e+05 -2.086272059960149272e+04 -4.734172084148509748e+04 9.932472364583099261e+04 -5.061526387172230170e+04 2.999855922967578590e+04 7.493623283350393467e+04 2.890045975520493812e+05 1.187968338288771221e+06 1.490899576407335117e+05 1.718533761923912607e+04 2.129491486740722394e+04 4.650949950307999097e+04 4.153151799113408197e+04 3.562246541970758699e+04 5.397560689907079359e+04 2.738335916786939197e+04 2.349899834525132974e+03 3.223178219742139845e+04 2.277993343366768022e+04 2.674090580602280170e+04 2.129783977386059269e+04 -1.480796417043706788e+04 1.168611838092636208e+04 -3.151331608602602955e+03 1.464096616191125213e+04 -1.128099749568206425e+04 -1.281218122518091604e+03 3.526367168467142619e+03 6.384253075323827034e+03 1.259611944154478988e+04 7.592386529153926858e+03 -1.312108779554912508e+04 -2.112141473755186325e+03 -1.055718613595739953e+03 -1.186872377235076101e+03 -5.956680933660102255e+02 -1.385371793758989224e+04 4.266904744285581728e+03 2.250312223182258549e+03 1.328220325205772133e+04 -6.645756371269096235e+03 4.827661496596041616e+03 1.843004965295311035e+12 2.381475820716208191e+11 -2.370594866268560486e+11 1.221968770288567047e+11 -3.062861120845971680e+12 -5.519026097241526794e+10 -8.402416664319137573e+10 1.007602617754215240e+11 -1.018053293541342163e+11 1.618993130702130699e+10 -4.327415032337305298e+11 1.343675838684670868e+11 9.614461637109481812e+10 2.040301676728828812e+10 5.417798916546353912e+10 1.148522458688131256e+11 -1.131046408689830475e+11 4.146576785935292053e+10 1.218557610595519714e+11 2.824134003906849365e+11 7.743118217276286621e+11 1.128054550312650490e+10 2.335212681987995911e+10 -1.309428576783075256e+11 2.774813184697957230e+10 7.337505688194316101e+10 7.347811742795730591e+10 1.483789919877397461e+11 2.163378831687791824e+10 5.692405405615544891e+10 6.373017145872065735e+10 1.379706920183303223e+11 4.779128638307019043e+10 -6.708029333067415237e+09 3.942835477084356079e+11 3.256716635923148727e+10 5.029923939154127502e+10 3.636387935173253632e+10 2.338846716718619080e+11 1.054910605793536377e+11 6.218602427340796661e+10 4.096590169071496582e+10 1.434379119625802612e+11 1.400633972277996216e+11 7.439240887325453186e+10 9.722326513000764465e+10 6.503115409326720428e+10 9.960992434587562561e+10 1.247693494719102478e+11 -2.188987268477604980e+11 -8.850927871112066650e+10 5.137176876698806000e+10 1.052877274122600174e+10 7.913237676250541687e+10 1.273962927022164459e+11 6.579863140183433533e+10 8.447422767862872314e+10 1.001265974723739624e+11 -5.636881357316824913e+09 4.454103675425802612e+10 5.495489372283661652e+10 5.583819129082476807e+10 6.890288567585705566e+10 6.045777987135106659e+10 4.676382664718710327e+10 -4.229123100914138031e+10 -1.899707878619956207e+10 1.982896072335768890e+10 5.252138574415693665e+10 4.961863429734320068e+10 7.474391545683895111e+09 -2.966806093021143188e+11 1.244196646779529381e+10 1.167455425133474121e+11 8.734569042277261353e+10 3.697058044843232727e+10 7.995364599110174561e+10 -3.200202669400223999e+11 4.048044221883422089e+10 3.529538777955436707e+10 7.105195241312997437e+10 9.511063753930860901e+10 6.089182770679362488e+10 1.222843639387380524e+11 1.026086727532187653e+10 6.834535764795878410e+09 8.140940072710176468e+09 5.015145699272886658e+10 4.518693161004849243e+10 -1.047136605334709930e+10 6.366718576165693665e+10 -1.545670161754598618e+10 1.190748184508854598e+08 1.060994833049009895e+10 5.243638410937129211e+10 1.961711348952402115e+10 1.689067104757585335e+10 -2.748934665430250645e+09
1.597214376583101111e+05 -2.330933239058407198e+05 4.306543890183130134e+04 9.842702449971724127e+04 1.607498000931248134e+04 4.032189470127661480e+04 2.057159378836427641e+04 -1.487900295023423212e+02 1.902461013117842231e+04 3.407782573365033022e+04 1.490899576407335117e+05 8.797311121266960399e+05 1.052923899785535614e+05 1.074496313398138591e+04 1.822242727563340668e+04 -2.959736582069155338e+04 2.137085800843123434e+04 -2.258341574872059937e+03 2.426164886718019261e+03 1.000555016776989032e+04 1.533264087101368750e+04 2.365253211271299733e+04 1.363186412972228027e+04 1.339688829796298251e+03 1.624995653527607828e+04 1.466522131544878903e+04 -2.564322269300313110e+03 9.256377821295769536e+03 -7.874590918891037290e+03 1.682573791080996307e+04 3.363609250432072258e+03 7.122596416988501005e+03 1.302485152348705378e+04 8.033093664092700237e+03 9.879311275393514734e+03 2.204754161383345127e+04 2.806451430385040658e+04 6.821272919830603314e+03 8.843193683219120430e+03 2.696381925998915449e+03 5.577068587909724556e+03 5.504331791018544209e+03 1.158757849405109482e+03 -1.133816686452057729e+04 -6.628115777523856195e+03 1.999775694013723145e+11 -4.884525555572520142e+11 -1.133393800024511414e+11 -1.956909537738443604e+11 -1.582301739712633362e+11 -3.278665227214933472e+11 7.447388229333282471e+10 7.407882086795748711e+09 5.246571835168856621e+09 -5.141638805260715485e+10 -4.104634390543355942e+09 1.241572712334824066e+11 5.129498963291533470e+09 1.450728289321652031e+10 9.223502876188377380e+10 9.755432811052691650e+10 -3.445955458702619171e+10 -2.673303082289867020e+10 6.298311881463381195e+10 -1.827204605456885986e+11 1.832417643259817505e+10 -3.079886690741880798e+10 -7.567651909193126678e+09 -4.533047420208573914e+10 -4.272523195921556854e+10 5.886734972816014290e+09 1.746023573560131073e+10 -9.618808769967607498e+09 2.122849549603851700e+10 -4.037371117259875536e+08 -1.975227292903568268e+10 1.618308639604637718e+10 -3.767148404781557007e+11 1.025580491349753571e+11 2.285581710402908936e+11 1.339692460743552094e+11 9.760160351434994507e+10 4.338938579550775909e+10 1.052826369214821320e+11 5.666724184886917877e+10 7.148282700436305237e+10 3.973448127222039795e+10 8.135905352358450317e+10 1.414047016329152222e+11 8.370208616696896362e+10 1.314307029047203827e+11 1.081466147731027222e+11 1.221489125808636475e+11 1.492554607430405579e+11 -1.328712491977366180e+11 1.303383476755302582e+11 -1.499682852465922546e+10 3.651145817614053345e+10 -2.958208987701959229e+11 -1.472350338719973946e+10 -1.359370043561892319e+10 4.657936106357077599e+09 -2.197547873244934082e+10 4.708755097560228729e+10 6.895980030281979370e+10 4.375976874820925903e+10 7.183946881788050842e+10 5.413634960888700104e+10 9.427109364870297241e+10 2.388409484664000320e+10 3.324802015435776520e+10 -3.353421802895320892e+09 2.209433011992315292e+10 -1.363503078058485031e+10 5.747945252980897522e+10 2.399279385535600662e+10 -1.377916514631115112e+11 -2.274117117056290054e+10 2.519208917948076248e+10 1.867448929019018555e+10 -3.950085551529673100e+09 -1.724191833113004684e+10 4.676346507106675720e+10 8.819955233904292297e+10 5.910296026578505707e+10 6.549963198669638062e+10 5.000979804307134247e+10 9.602366796488124084e+10 4.391139025416541290e+10 2.585936711339986801e+10 2.102186550628089905e+10 -1.483373330415740013e+09 9.502330831459115744e+08 3.853113143304071045e+10 -1.350777590219223976e+10 3.176198036292119980e+09 -1.568987257866514587e+10 9.344505405704429626e+09 3.786787198199723721e+09 8.009661716635316849e+09 4.012937130484265900e+10 -3.320212801385260582e+09 7.985662397788723946e+09
-1.887788124060726204e+03 -1.279637183703425108e+05 -1.915738397806419816e+05 -1.558560033372002072e+05 1.854839745603748088e+04 1.579408313140635437e+04 -4.786847465338341135e+04 4.306628894776642483e+03 3.862587667279291782e+04 7.667748429150841548e+04 1.718533761923912607e+04 1.052923899785535614e+05 8.112185721766556380e+05 1.500883236532827723e+05 3.152964459712503231e+04 -4.961966524398078036e+03 3.425571322109468747e+04 4.691539996595562843e+04 1.744929494834599245e+04 2.812090693656216536e+04 -4.609920396331153825e+03 -5.884564098851257768e+03 -2.741376307719637771e+04 -4.804689592197933621e+02 -6.427523165629893811e+03 3.683501165110617876e+03 3.530017306642826611e+02 3.671941555180331306e+03 1.058440796001991657e+04 -3.034182171201643996e+03 8.462453846487604096e+03 -6.862206681140165529e+03 2.277881459838606133e+03 3.985327598683918040e+03 7.670524384555284314e+02 -6.858318949558963141e+03 5.958668132462132405e+01 -1.060193235053194076e+04 7.341550060661353200e+03 8.543981515535548169e+03 2.379653278054060866e+04 -1.071830518881090939e+04 -2.188265394490835206e+03 9.322777844001805079e+02 3.593992301502252758e+03 -1.355670240145936768e+12 -1.189355494470691376e+11 2.236346145655461121e+11 1.746980956306385803e+11 -2.243622013522729004e+12 -3.413337548366996460e+11 4.971539053922838593e+10 1.447555693315794678e+11 3.563863507439836884e+10 5.641585709943845367e+10 4.337810311285501709e+11 -1.591675556013563843e+11 1.708963132034918518e+11 -5.955910798637540436e+10 3.956600932507490540e+10 -4.602937432101670837e+10 -5.629139860173038483e+10 -3.412426182228859711e+10 4.566524384805209351e+10 -3.473048174177043457e+11 6.080467005855059814e+11 -1.984868764190022659e+10 -8.233008145951423645e+10 1.650970383124942589e+10 -2.648055085345311165e+09 -1.264137696556394386e+10 4.548010903237753296e+10 2.031855320997272339e+11 -4.457050385902062225e+10 1.528914884894521141e+10 2.226760500150459671e+10 6.279570300430178833e+10 -1.239547758238485413e+11 -3.214106942136460781e+09 -1.590180675512784729e+11 2.000408869159507751e+10 4.349656488728531647e+10 2.717768065143882751e+10 7.014272875582247925e+10 4.785857196921057129e+10 3.682132808778546143e+10 3.981878910033045197e+10 4.576959616729698944e+10 1.206138952686103973e+11 1.143730472386898232e+10 2.430446273986424637e+10 3.133047809163138962e+10 5.710730366555908966e+10 1.042968334202050323e+11 3.232198673470965576e+11 -5.600478031516527100e+11 6.759345234714385986e+10 3.151067542060359573e+10 9.695574447057618713e+10 6.410308793269464874e+10 3.020207826646994400e+10 1.086592951951431465e+10 3.514945798966065216e+10 1.839844253390613098e+11 6.844125936222342682e+10 5.462872205911104584e+10 7.367756346421240234e+10 5.811142216583646393e+10 8.094615523892692566e+10 1.355696150206974640e+11 5.097541913039171600e+10 2.885145281984994507e+10 5.332849381081274414e+10 6.914574891155978394e+10 6.846197209581092072e+10 9.445112044511227417e+10 3.349161831843171387e+11 -3.310586228686520386e+10 -2.325579024311618805e+10 -4.077622328918671417e+10 -1.566365475339580345e+10 2.418777582288908005e+10 1.592993450527428589e+11 5.329467197644193268e+10 3.025496411125079727e+10 1.655967137515048218e+10 2.972717503367195129e+10 4.636396397948508453e+10 1.581816649291749382e+10 4.870600051561755371e+10 3.027347824556117630e+10 1.566619431875195885e+10 4.487587243571600342e+10 4.028991158648498535e+10 5.262881870486341095e+10 9.719348210871995544e+10 7.455943838581081390e+09 1.223142957637375069e+10 2.135983733080519485e+10 1.258594194397644806e+10 3.378356622955152130e+10 2.474463125292058563e+10 -8.471000290751729012e+09
-2.552666591977966600e+05 -5.923857192877646303e+05 -1.050840796587313707e+04 1.638545983687426997e+04 2.370848988352555534e+04 4.815368117588341556e+04 7.886612542879208922e+04 8.904022492114893976e+04 4.572946152740548314e+03 -1.695620542718704382e+04 2.129491486740722394e+04 1.074496313398138591e+04 1.500883236532827723e+05 7.032471793648593593e+05 5.600961113235934317e+04 2.917314357192961324e+04 1.898605464619772829e+04 1.324751872523521001e+02 9.551069661133014961e+03 -5.445219382760837107e+03 1.155193683837849449e+03 -1.497841321664958969e+03 -8.227753323214170450e+03 2.015589418040100645e+04 3.931674332845947902e+03 5.752653426907166249e+03 -2.644203683876957257e+03 3.074335953986666937e+03 8.232292456945016283e+02 7.598749569592210719e+03 2.032470581197675710e+04 -2.160650479506199190e+03 -1.098698676472438456e+04 8.862562936584570707e+03 1.295159612209978513e+04 1.105976656456682031e+04 -2.015153769076188382e+03 -7.065857322867040239e+03 -5.109088051475007887e+03 -3.357583578044213937e+03 8.062869607331251245e+03 4.270957597811750475e+02 2.854036667885962288e+03 2.993661406557323062e+03 -3.531938780869469156e+03 -6.478856367259246826e+11 6.575632948902590179e+10 -2.256329895024913788e+10 -2.460436935254327087e+11 -1.207081478104110596e+12 -3.641531156913000488e+11 9.448104088037145996e+10 -2.433114235098748398e+10 4.327027158159233856e+10 1.002830031872997894e+11 -1.729477366767172241e+11 -1.100311813104638672e+11 3.270888221180997467e+10 3.785189812837810516e+10 2.076737471780516052e+10 -1.038872511245438538e+11 4.642575800510531616e+10 4.367502189379638672e+10 8.654959665493693542e+10 -4.301132802938475800e+10 4.632092474745718384e+11 5.793804967125328064e+10 3.713433512567715454e+10 -7.794445747926579475e+09 -3.009596174077071190e+09 -1.783407306075932312e+10 3.415046481245499039e+10 -4.585111646251023102e+10 -1.191167359375250053e+10 -2.190519139788758850e+10 6.241708953610900879e+10 4.052064788961328125e+10 1.094808363173475800e+11 -8.368651011421737671e+10 2.717825340255126343e+11 3.531337179555126190e+10 3.275594698971159363e+10 1.791600027270249557e+10 9.558666229807746887e+09 -1.381896079129833412e+10 1.557919969728822899e+10 4.081700851922794819e+09 1.136995950886438560e+10 -2.196375614159578323e+10 -1.019220626206289291e+10 3.641587375103025055e+10 1.307510647400137711e+10 1.114127739134187847e+08 2.381314833105884933e+10 -9.843348338359963989e+10 3.672576151226018524e+10 7.930755022767857361e+10 8.274091512010682678e+10 1.055503979383709564e+11 8.429279193972254944e+10 6.115232741673505402e+10 5.741366547631192780e+10 4.894194979239795685e+10 3.549629499185545349e+10 5.778127411235559082e+10 3.610416060518041229e+10 5.649013477049396515e+10 5.716198717226004791e+10 5.120422344509855652e+10 -8.280211741482384682e+09 1.326834142883201599e+11 5.774028910877203369e+10 6.576586123114181519e+10 8.518659323226748657e+10 7.192763559473063660e+10 1.159356143609548950e+11 2.604652172844146118e+11 2.278520334153888321e+10 1.136207398945867615e+11 3.094528262272654724e+10 1.907882313680068970e+10 -3.209527164233061314e+09 2.130254572698724365e+11 2.913916724673129272e+10 2.086734726948236465e+10 5.171572020936261177e+09 1.650004826259668350e+09 2.721015263502565861e+09 7.440733509582574844e+09 6.901545474369760132e+10 5.025637844377974701e+10 5.165759733954172516e+10 4.416785691958227539e+10 3.116708042834521484e+10 6.386405423133521271e+10 7.237565455918912888e+09 4.089161811169135284e+10 2.598458218451433563e+10 2.863676695511515045e+10 9.712118100387931824e+09 -7.664864175499083519e+09 3.804184509295724487e+10 2.034994121081746674e+10
6.292277503359655384e+05 -1.898032120058100263e+05 3.043504121887242945e+03 9.046414170583871601e+04 1.050453061660750536e+05 -1.032551890758294576e+04 8.467937629672927869e+03 1.004440848769766853e+04 7.294903514434129465e+04 3.553701230453036987e+04 4.650949950307999097e+04 1.822242727563340668e+04 3.152964459712503231e+04 5.600961113235934317e+04 5.474698338025185512e+05 8.139342363765255141e+04 2.319800382546960464e+04 -1.553308352524014845e+04 7.409634815733443247e+03 2.031363099836011315e+04 1.313455872099042426e+04 -8.414464516999976695e+03 -6.565202929596150625e+02 5.013756719319767399e+03 1.366271587156467285e+04 3.058722420223265999e+03 4.455681725023269792e+03 2.092634142227945995e+04 7.670187195246973715e+03 6.194954160852029418e+03 5.096017814039306359e+03 -4.967575111718105632e+02 5.656606932164773980e+02 -1.138122144111407943e+04 -9.048668933297602052e+03 -1.418451110938834972e+04 7.280277525672415322e+03 8.023141892136372007e+03 4.598900029869255377e+03 -3.159979936193135018e+03 -1.807023051743585711e+02 3.546478520651891813e+03 9.526566559280832735e+03 -7.038648680290771154e+02 -4.940653785214251002e+03 1.251781188829107910e+12 2.663634062588637695e+11 2.481151104124963684e+11 -9.481277728672798157e+10 -5.412210172439368286e+11 2.096700822946963806e+11 5.767100455138584137e+09 1.260516562017849426e+11 1.593827190236468124e+10 8.528041724105642700e+10 -1.048408684438247681e+11 -2.809958744867737961e+10 7.345440396644215393e+10 1.507568938936407852e+10 -1.628463898321990395e+10 7.402029112890663147e+10 2.071817423464545822e+10 -2.920016511815837479e+10 -2.872131706986130714e+09 -1.139094918932145996e+11 3.115677586296610718e+11 -4.516256720204782867e+10 2.590088518069395065e+10 8.723918601231613159e+10 -4.468307683009410095e+10 2.163990401242023468e+09 2.702747067844740295e+10 9.215213754596411133e+10 -3.815891103118984985e+10 3.242376452206466293e+10 8.184566868613977432e+09 3.320474681222307968e+10 -8.258961154913789368e+10 1.900515739454177475e+10 1.316975598454873657e+11 1.738844640666069412e+10 2.658342342470767593e+10 8.374905486527435303e+09 1.082271535162463074e+11 2.223312168604793167e+10 4.869308686840580750e+10 4.667408205031314850e+09 1.972167511313506317e+10 1.429725222727691345e+11 -3.297103635995601654e+10 4.783631890242608643e+10 3.247896462810266876e+10 -5.548208810634881020e+09 2.042267024355003357e+10 -2.691506704755841980e+11 1.845323768759172974e+11 8.179472321621444702e+10 5.040090791981838226e+10 3.315953887382982788e+11 3.217307507162196732e+10 2.348569650837500763e+10 3.352528034193721008e+10 3.954291412882315063e+10 5.601415729283783722e+10 3.453840523263495636e+10 -1.980934402446079254e+09 3.483870941441999817e+10 1.884449352863126373e+10 8.571477870298768044e+09 8.391860660725492859e+10 2.121614869076583862e+10 1.661708615940030289e+10 4.125151290003417206e+10 4.875330519450662994e+10 4.932509264291268921e+10 3.437715302896463013e+10 3.487968696733240509e+10 4.208092906292110443e+10 6.627102653012222290e+10 3.334530912821040726e+10 2.771289701006439972e+10 3.228988426171109772e+10 5.422788249799666405e+09 6.284474418735834503e+10 1.333009692251903152e+10 2.802923402378042984e+10 1.816308278468148804e+10 9.213516518723628998e+09 1.537027512674818420e+11 4.287999081763396454e+10 4.740407015374143219e+10 3.775271505960136414e+10 3.274206630317807007e+10 3.792341809508316803e+10 5.228991342816184998e+10 1.225215391501396179e+11 1.340419264085851860e+10 2.107048687425867081e+10 3.282419956285863113e+10 4.583873187998603058e+10 3.477645029277167511e+10 5.682803290902519989e+10 7.625211099003134155e+10
1.606020809943719360e+05 5.435404189770606899e+04 1.540324639653678423e+04 6.851374304658912297e+04 4.954189025122719613e+04 -8.075938333057015552e+04 -4.796955361046879261e+04 -2.468670967359673796e+03 4.035190832195294206e+04 3.974439835000940366e+04 4.153151799113408197e+04 -2.959736582069155338e+04 -4.961966524398078036e+03 2.917314357192961324e+04 8.139342363765255141e+04 4.565270296318045584e+05 9.151979182570480043e+04 -4.785639999564819846e+03 -5.759382085895732416e+03 2.263074307383110863e+04 3.842200152134573273e+03 1.401107673033168794e+04 -3.654872528292558400e+03 2.032348758234408524e+04 6.697621622037121597e+03 -6.672359011300593920e+03 8.772932713584361409e+03 7.387359977470759986e+03 1.352395600533679681e+04 6.629259974986560337e+03 9.736782154071797777e+03 4.009181995811915840e+03 1.638429086466946683e+04 2.654311724798526029e+03 -9.326460003110640173e+03 5.752871027878318273e+02 1.089206626398448179e+03 9.731188035024077180e+03 -1.151204248316240864e+03 -4.439000782361915299e+03 4.571156131455803006e+03 8.556601886844768160e+03 7.380003037600743482e+03 3.575436758538162849e+03 1.748717247031800525e+03 8.393586925890855713e+11 -2.530024149039358521e+11 -4.367161203216591835e+09 -1.048540145401237183e+11 -1.764739387892220947e+12 -2.542061768753987885e+10 3.249399004659450531e+10 1.325971672413684998e+11 -5.365690057892494202e+09 -2.445566868115351868e+10 5.655751370803807373e+11 -3.943067580882602692e+10 1.849317313347049332e+10 2.937415327031769180e+10 -1.198361904146253109e+09 7.424346580450088978e+08 -2.270818861652941132e+10 -5.802169630581584167e+10 -5.600645435078821564e+10 -4.299179291561656952e+10 -3.120511516482905884e+11 1.445964194537000427e+11 8.546472232969029427e+09 -3.988233310848050690e+10 -4.787074888417317390e+09 -1.211942082630616570e+10 -3.035982147656267166e+09 -8.315048796230076599e+10 -6.069101003998110771e+09 1.558855731824701881e+10 1.996438578301519394e+10 -1.435134927253927803e+10 1.479861990148741760e+11 3.194053946475721836e+09 9.409161711487882996e+10 4.796202128458626556e+10 2.671555199580152893e+10 -1.094980213131463623e+10 9.235432252782186890e+10 -9.848975225480562210e+09 -4.784619303952486038e+09 5.067153753084238052e+09 -4.894198757654843330e+09 -2.026481481771762466e+10 7.567142453370529175e+09 -2.594867792267409134e+10 -9.187496387251537323e+09 1.472416655882582855e+10 -3.296276072745946884e+09 2.727694063955671387e+11 8.645290819103502274e+09 6.485677549154388428e+10 1.686804056726655579e+10 -6.355802223268632507e+10 -1.830234918311404419e+10 -9.684068217671070099e+09 2.320141155525169754e+10 -1.088505872202930260e+10 4.854574716640996552e+10 1.041157500350078011e+10 -4.977034967934359550e+09 -3.652385552795929909e+09 6.435944732677898407e+09 -3.009631664218241215e+09 1.565043547923229408e+10 2.591719839891897678e+09 -3.957123645115055084e+10 -1.457684659351863480e+10 -1.039982897148696482e+08 1.536210157716369867e+09 -4.020130331853884888e+10 -6.723207786440689087e+10 5.293102404994448090e+10 -7.683826321815464783e+10 5.867797083682209778e+10 4.700391873212953186e+10 3.383284461295889664e+10 -8.387848614871121407e+09 2.500925736431919479e+10 1.981676483506268311e+10 4.044557790478887939e+10 3.363945594845421982e+10 1.948314995147054672e+10 1.749324842860138702e+10 5.399140717307495117e+10 3.015007277310207748e+10 3.033405812746490860e+10 3.762459067654193115e+10 2.802917519382311249e+10 3.711248439094377899e+10 4.904231380484489441e+10 7.594624542374523926e+10 4.693815630736411285e+10 4.992671719788182068e+10 6.134061264702096558e+10 6.929108096455131531e+10 5.812819101047445679e+10 7.819211222067370605e+10
-1.731023200543667190e+05 -1.340399921217656520e+05 -1.420863944413835088e+04 -8.498478357282798970e+04 -5.659645483890484320e+04 -4.334947269749719999e+04 -8.797585811519053095e+03 -1.639321256300368987e+04 2.654364113474051010e+03 -7.170607141412251622e+03 3.562246541970758699e+04 2.137085800843123434e+04 3.425571322109468747e+04 1.898605464619772829e+04 2.319800382546960464e+04 9.151979182570480043e+04 3.868686130680105416e+05 6.794256402523057477e+04 9.344423270427272655e+03 1.779781909718924362e+04 3.188089224304145318e+03 2.354062842990476838e+03 6.356336523727622080e+03 9.820707079787802286e+03 1.439232686062729226e+04 6.197203770864563012e+03 2.208934736070326107e+04 -3.133576893275098882e+03 -1.254446097460766168e+03 -3.045539498479845406e+03 1.036466195456613423e+04 -1.207016789198814877e+03 4.683172685401801573e+03 8.991431537386002674e+03 2.077274521456594357e+03 2.015939974616849213e+03 -1.615026635805751312e+03 4.127895860636015641e+03 1.114327224445395404e+04 3.622448153385546448e+03 -1.629310166276428845e+03 -3.000922632629458349e+03 1.371529380830771174e+02 2.201637928925733831e+03 -1.837132150439222414e+03 3.668072931750834351e+11 -2.763832619377590179e+10 1.186206174468683243e+10 6.055463682502101898e+10 -8.628478511354700928e+11 -1.293349115326595306e+11 3.465051607275310516e+10 -7.933831150487278748e+10 -3.113283002839503765e+09 -7.227405701269400024e+10 -9.094383115630249023e+10 -2.917587602231009293e+10 -6.545507096699884033e+10 -4.872545780061858368e+10 2.824671101333341217e+10 1.238153325538683128e+10 -1.719343273146818848e+11 -6.550491569760472107e+10 -5.884005975908969879e+10 7.632450402027772522e+10 -8.060510404091700554e+09 -1.121303514862214661e+10 -6.800253263238020897e+09 2.205852817125707245e+10 -5.660197767437933350e+10 -3.635420689676121521e+10 1.711823979761252594e+10 -8.550849277424105835e+10 -6.606356876225209808e+10 9.128612473400064468e+09 -1.922240400405840302e+10 1.990767787498600769e+10 1.531057412853668518e+11 -1.563384692463072014e+10 -1.873927771544527893e+11 -6.485646799915291786e+09 1.511637134403330994e+10 -2.311766731438618851e+10 3.582067402260066986e+10 -3.883745904659038544e+10 -1.567711148916313744e+10 7.449213514634220123e+09 1.561521124993691635e+10 3.367289193206590271e+10 3.683667818562252522e+09 -1.197749966681888819e+09 1.370358696679842186e+10 2.731074371054533958e+09 -2.005001586330900574e+10 1.975585072521499634e+10 -7.172623520423291016e+10 1.235595383161022758e+10 -9.275222341480215073e+09 -7.858561631370483398e+10 -5.282067850373279572e+10 -6.580872238515807152e+09 -3.713149556958683491e+09 -1.827724263991616011e+09 1.180916914664123230e+11 -2.052915409951390076e+10 6.128939236535799026e+09 6.772609517632466316e+09 8.697638004078613281e+09 1.675024188494579697e+10 7.798945307334638834e+08 -1.328040883015866661e+10 -7.913948455628256798e+09 -4.649535135053242683e+09 3.261533789303381920e+09 1.548526163791662788e+10 5.116660953965013504e+09 1.701930481788252563e+11 -1.859446982610686493e+10 -4.245187650288665009e+10 2.125389572021798325e+10 1.444493015712752533e+10 1.934159547865553284e+10 1.192176003902812958e+11 2.426398869885372162e+10 1.872394149464422989e+10 2.612297157722079086e+10 2.020902966341566849e+10 2.308138848395589066e+10 2.865307531018694305e+10 1.687178938370367241e+10 8.360546557599382401e+09 2.750329626942126465e+10 1.412433663383253479e+10 1.946553329499026108e+10 1.664003706404722977e+10 1.597388300646931267e+10 1.718601420472568512e+10 1.740873660359514236e+10 2.255007181685921097e+10 3.714950392359317780e+10 4.473751525781968689e+10 3.048684961911642456e+10 2.791916288219377136e+10
3.139624530893818010e+05 2.392255766807019536e+05 -1.980477174311397539e+05 -1.262817192039584770e+05 2.443958483403036007e+04 -4.374718038242569310e+04 -2.357023823850768167e+04 2.848563180425886458e+04 2.424339979757205219e+04 -7.676194681802118794e+03 5.397560689907079359e+04 -2.258341574872059937e+03 4.691539996595562843e+04 1.324751872523521001e+02 -1.553308352524014845e+04 -4.785639999564819846e+03 6.794256402523057477e+04 3.238035773637460079e+05 3.619165506764926249e+04 2.266267971573576506e+04 6.069895817758590056e+03 -2.993613016439579496e+03 2.760257463578507213e+03 1.566404014473887037e+04 1.022208841078984915e+04 3.724563983806271153e+03 1.467878215276210994e+03 4.704378381139348676e+03 7.263534103535120266e+03 5.824860603775996424e+03 2.320362518829289456e+03 9.417658057153030313e+03 -5.475413822698545118e+03 5.596147261314725256e+03 -1.274107412080285258e+03 1.981074304674903715e+03 -3.651839508734136416e+03 1.847529833636264357e+03 5.102188551259467886e+02 5.759659486812610339e+03 4.423428055902934830e+03 -2.304769400307774958e+03 3.982374442516544605e+03 4.735123550201410580e+03 -1.808838740255120456e+03 2.264728236658606262e+11 -2.625393689687088776e+10 -1.727152672320580750e+11 1.737838631856486816e+11 -7.595720864880476074e+11 3.796989017384179688e+10 -6.489142073708317280e+08 -5.694590741767799377e+09 -3.430955929514122772e+10 -1.438490829420294800e+11 5.438434254747267456e+11 -8.188919665582650757e+10 -4.706652262859706879e+09 -7.030751440739414978e+10 -3.140257527393146896e+10 8.421141984796032715e+10 -1.448644720048027229e+10 -3.251001834229928970e+10 -3.635132034972709656e+10 -2.397971876290867615e+11 2.353616931370878296e+11 -3.623866824397968292e+10 -3.000765254883034515e+10 2.421534635505952072e+10 5.612825312437138557e+09 1.817656031188187408e+10 1.215303062623031235e+10 5.766935915007970428e+10 -2.542014684530419540e+10 8.965114360426836014e+09 1.168058122859699059e+10 1.995591061623576581e+08 -1.197804061444358521e+11 1.748480528887670898e+10 2.094494742977985859e+09 -4.880906404810384750e+09 1.471358780751900291e+10 -4.066805044876748562e+09 -2.703526504242893982e+10 -1.972366624697081757e+10 5.558991339596105576e+09 3.092079410487614274e+08 -4.192932570366651535e+09 3.310962617615602493e+10 -1.874545505667732620e+10 3.721531055446149826e+09 2.024483600001697922e+10 -1.316653276351573229e+09 1.037899851644067001e+10 -5.973379080646876526e+10 1.625916282156700439e+11 3.218943375781639099e+10 -5.684226578338118553e+09 -1.936382080853337097e+11 -1.714302979861697388e+10 -8.711313622411636353e+09 5.116264504999687195e+09 1.243715868393739510e+10 1.712634707326933861e+10 -1.157398497280965996e+10 2.617250600283154964e+09 4.236797352599072456e+09 6.712276553496589661e+09 2.907557870705375195e+09 1.797829997296536255e+10 5.414444180064908981e+09 2.057503503872500420e+09 1.216385602990362930e+10 -2.942665706871262550e+09 7.619643150668729782e+09 1.749352021875562286e+10 1.384438542359271545e+11 9.167378774246875763e+09 -3.738208147683469391e+10 -1.548611251371656895e+09 4.493564807526718140e+09 9.508522284009380341e+09 1.079308880877522850e+10 2.642795578420836449e+09 -1.657137943988198471e+10 5.690156428249344826e+09 5.116591434860348701e+09 8.476076582469861984e+09 2.739238040510605240e+10 -4.484595276050726891e+09 -3.113289902119375706e+09 2.033569908369949579e+09 2.506830275898980141e+09 5.210158522685406685e+09 1.331489922664895535e+09 1.607580252851547813e+10 -2.323896876361952591e+10 2.419098831014285088e+09 -3.142475108975053310e+09 -1.738143708733941317e+09 1.881851470278446436e+09 2.933654626471453667e+09 -2.749907332749808502e+10
2.913255083972951397e+05 1.181434915749403444e+04 1.152359175852507324e+05 1.355681211580001691e+05 -7.194409005021413577e+03 1.847394735349168695e+04 2.782924519272955513e+04 2.129826644122688958e+04 2.856510263089854925e+04 1.638326247350527774e+04 2.738335916786939197e+04 2.426164886718019261e+03 1.744929494834599245e+04 9.551069661133014961e+03 7.409634815733443247e+03 -5.759382085895732416e+03 9.344423270427272655e+03 3.619165506764926249e+04 2.941690838105935836e+05 5.272716916186902381e+04 7.817527396225029406e+03 9.218808094750118471e+03 1.165812762748281420e+04 7.167300953045640199e+03 5.649391068488664132e+03 1.027136530914842115e+04 -3.013164402229801908e+03 1.830033921184467545e+03 -3.663069034708517393e+03 -6.868710338607412268e+03 4.473601033316705070e+03 4.319211640653275026e+03 -1.983555739637213492e+03 4.406622231910636401e+03 5.733296882999022273e+03 -1.297715950034842081e+03 -2.650061639439627925e+03 3.482035420697624431e+03 5.851679402112401476e+03 6.433665222856160653e+03 1.648663258633593841e+03 -1.024503026516041064e+04 -5.603185453945063273e+03 -4.347587293251718847e+02 -2.371359179090852194e+03 6.800110112242851562e+11 3.645942107502740479e+11 1.429831653981160278e+11 1.007650667785586243e+11 6.587429810989056396e+11 -2.055360662610845947e+10 1.114505620765467453e+10 -8.212988953243673706e+10 -4.610008734253276825e+10 -8.759600545129553080e+08 -4.447820128400086060e+11 -8.012656115839990234e+10 6.150270785258457184e+10 -1.945271602480307007e+10 -3.849397277456744385e+10 7.654013546157939911e+09 -6.416024161332824707e+10 -6.273759796297000647e+08 2.125389892068453979e+10 -3.256193647030164185e+11 3.509319228896247559e+11 -5.771731635402064514e+10 3.975381705427373505e+10 7.556426922099482727e+10 1.529806616325414085e+10 3.036787590063603592e+10 -2.329652970892619610e+09 -1.845468678983213425e+10 5.851058629321011543e+09 -1.590084494068985176e+10 -7.696829474471349716e+09 1.359843405246329308e+10 -1.172680904842460327e+11 -3.000652375236279297e+10 1.080474305252163696e+11 2.949949652726875305e+10 3.606886014734222412e+10 6.383923173783067703e+09 -3.042218571255205917e+10 2.202882729480991745e+10 2.001439026875263825e+07 6.973064378004601479e+09 4.977738409184938431e+09 1.410566820826024246e+10 3.875553198901587009e+09 -5.255846494576759338e+09 -6.966735239619541168e+08 -2.132537890112906933e+09 3.502269693675157166e+10 2.028079092676959534e+11 -1.243873842379044037e+11 2.445580385644894409e+10 2.499040481753629684e+09 -9.884199143667051697e+10 -4.248553383995875549e+10 8.638572088467857361e+09 3.891346044402142048e+09 1.043753547037627459e+09 1.205652429007861519e+10 -1.631713549149610519e+09 -4.916450569958507538e+09 1.722613139051495361e+10 -5.040807864097392082e+09 7.500288742033697128e+09 1.514786077673685312e+09 1.564531815065146065e+10 -1.557246819631415558e+10 1.952065718086659908e+09 4.953309379214298248e+09 1.489141291455838394e+10 3.353745583710108280e+09 1.573866371058937988e+11 3.629250643980931854e+10 -1.852721251247774658e+11 2.910098014900462151e+09 -3.164221952461290836e+09 3.492986328562157631e+09 5.154498085165708160e+10 -2.049222165500449753e+10 4.623851899735288620e+09 8.268161681681632996e+09 -6.013747285658344269e+09 5.353943859794891357e+09 9.439804731548093796e+09 -6.501298738141786575e+09 5.652712312492871284e+09 -3.393837545547824383e+09 3.134840539696835995e+09 8.256587834666713715e+09 2.841234668947824478e+09 -1.502619198527020454e+10 -8.571325065920691490e+09 -3.479252916085489988e+08 6.908505234428539276e+09 -7.750846381744649410e+08 2.100956971334251165e+09 -2.448812891108945370e+09 -2.320223375711563110e+09
-1.176302317748037894e+05 -2.920830405840570456e+05 -5.431663605741549691e+04 6.679068271590604854e+04 -2.440965670737682376e+04 -7.354461584981210763e+04 -8.758692317296507099e+03 3.565744515808506549e+04 2.242841343573902486e+04 1.320162615589628331e+04 2.349899834525132974e+03 1.000555016776989032e+04 2.812090693656216536e+04 -5.445219382760837107e+03 2.031363099836011315e+04 2.263074307383110863e+04 1.779781909718924362e+04 2.266267971573576506e+04 5.272716916186902381e+04 2.700809006536426023e+05 4.191731982001639699e+04 3.758327116773639773e+03 1.501558918586166146e+04 1.579279653818057886e+04 6.793697952956595145e+03 7.552593217676370841e+03 -2.870669278905235842e+03 8.356311731922531180e+03 1.543545644615657693e+04 1.692289901036594756e+03 9.775892540298003951e+03 8.437117924836662496e+03 -5.598012722217006740e+03 -8.050054146395702901e+02 1.501796092437295101e+03 1.415679534926539645e+03 5.237830876385121883e+03 9.051399638632975666e+02 5.317428704493026999e+03 2.571670760243622226e+03 2.285954574171099011e+03 1.602379117469180301e+03 4.377000685487254486e+03 2.250686734119408811e+03 3.553101994392765391e+03 6.448083075225842285e+11 3.291118274538602905e+11 9.604852597517427444e+09 -1.902674826571135559e+11 -4.171859760190941772e+11 6.659087940608067322e+10 -2.507172768773245621e+10 -8.775528908354029846e+10 -2.593119727710299969e+09 -2.167963223784852982e+10 -6.521517386912577820e+10 1.760298258954615831e+09 -3.687323213575820160e+10 -8.970165995176572800e+08 -1.339539971523080254e+10 -1.073945794644269180e+10 -2.328560689354320145e+10 -1.719215291670138550e+10 1.526352985916209602e+10 -1.043602963338621979e+11 -7.784044947165805054e+10 -1.867639109915361023e+10 -1.559716005902412987e+10 1.621445613527469254e+10 2.822416259257044315e+09 4.411569730170540810e+09 3.072213197059608078e+10 3.575952156127101898e+10 6.568692101677084923e+09 -2.087088722655524445e+10 2.118122026193048859e+10 3.242989048748511314e+09 -1.969721433231522827e+11 -1.758864357971236801e+10 -9.208302187824139404e+10 -8.673902475283990860e+09 -1.221655525657516289e+10 1.853136001335616684e+10 2.857490560971279144e+10 5.785924966474306107e+09 1.960031580060019970e+09 -2.290738238228750229e+09 -2.121302640400669479e+10 -2.190762284119115448e+10 -1.610968508714304924e+10 6.332134760648622513e+09 6.185595436168462753e+09 1.114930759229799461e+10 6.092802572941987991e+09 2.064529827034881287e+11 -8.970639865215386963e+10 -1.384749265224794149e+09 -1.104655080256192589e+10 1.832170173197483215e+11 -1.456963596374253035e+09 6.519913536297487259e+09 4.089978594196275234e+09 -1.201857946917821169e+08 2.999584329957468033e+10 7.250930077326404572e+09 2.803190854048305035e+09 8.622760525516328812e+09 -5.868024100189668655e+09 6.456307124617779732e+09 -3.122212254130519104e+10 1.718850708756629944e+10 -2.192153759161373520e+10 6.258266296695094109e+09 -7.948751632905566216e+09 6.372230854417613029e+09 1.651152211238022089e+09 1.318031236259751740e+11 5.092059890654916763e+09 -7.857123044595964050e+10 2.814486906734733963e+10 1.794287745144668102e+09 8.020487597621969223e+09 6.361515379909856415e+10 1.722523167729953384e+10 -9.650465758326660156e+09 1.081384858946387482e+10 -2.224157727812607586e+08 1.130975805491267681e+09 -5.919423069867645264e+09 -1.297368539757961035e+08 -2.892687712673023224e+09 2.863433011730834484e+09 1.572911348025720835e+09 1.338841408413768768e+09 7.598670383261234283e+09 -3.293333007025580978e+10 -3.299046381860947132e+09 3.139551515563212395e+09 2.879783952634088039e+09 3.868365242764626026e+09 5.598412828841732979e+09 -3.043960420045115471e+09 1.985547720866682434e+10
7.508002527069261123e+04 4.089679372999437328e+04 2.034145066748978570e+04 7.365804643331699481e+04 6.688363903691933956e+03 6.596783033012984379e+04 1.080407335558006707e+04 2.551608863116359862e+04 4.610072033479614038e+04 3.808269264624377684e+04 3.223178219742139845e+04 1.533264087101368750e+04 -4.609920396331153825e+03 1.155193683837849449e+03 1.313455872099042426e+04 3.842200152134573273e+03 3.188089224304145318e+03 6.069895817758590056e+03 7.817527396225029406e+03 4.191731982001639699e+04 2.276035883200746321e+05 3.392227913588919182e+04 4.626812006465293962e+03 1.135326953501009302e+04 9.873980664673570573e+03 1.819739814696208850e+04 6.196711468178595169e+03 3.464803593756386363e+03 1.031002702552149458e+04 8.180084845466983097e+03 -2.008664727514206106e+03 3.096596214000709551e+03 3.099952060549126145e+03 3.664980413338768813e+03 3.600340449510646522e+03 1.722464056509752027e+03 4.754200925191416900e+03 2.025434511933318049e+02 4.593067669418061087e+03 1.626308988054434167e+03 2.493294947854794373e+03 1.987627510182036758e+03 -1.316028296237500399e+03 -2.316554679621245214e+03 1.499443265544430460e+03 6.560960292180598145e+11 1.432220790670945435e+11 -1.062732638628839264e+11 -3.817222341053007507e+10 2.895642690899429321e+11 -6.336223930959988403e+10 5.772369474341700554e+09 5.432933274789707947e+10 1.663977324935482256e+07 -5.136362882559559631e+10 3.943393406750210571e+11 3.151213304320605469e+10 2.582436216689271927e+10 -6.506000865670631409e+09 3.051217110024090958e+10 -2.177976850281538391e+10 4.349931900490541458e+09 8.859276358087902069e+09 -4.568053153127206802e+09 3.388525580959876709e+11 -3.796751440282050781e+11 -2.563168522839859486e+09 1.823825231487141800e+10 -2.127417004171171570e+10 2.180026580621397495e+09 2.816948917301798630e+10 3.996402949444448853e+10 7.945074411264328003e+10 6.287163980836367607e+09 2.599245957749707413e+10 3.838525531913125610e+10 4.778193961700991821e+10 4.614927948974211121e+10 -1.176887849858073235e+10 1.096750266494250183e+11 9.207819741268508911e+09 7.614261670899393082e+09 -6.866263032881187439e+09 2.207387911352638626e+10 5.763831998566641808e+09 1.573036620988552666e+10 3.416391773589367867e+09 1.795211402552893448e+10 4.469496586101686096e+10 -6.188058429282194138e+09 1.020184787156738853e+10 1.539836677072142792e+10 5.319009517791961670e+09 1.833520968210358810e+10 3.802818132856288910e+10 1.536453178265154114e+11 7.739447081780650139e+09 -7.538327852934303284e+09 -4.042703816207367706e+10 2.892323486430082321e+08 5.068105837970355034e+09 9.848119945847349167e+09 1.329064609606177711e+10 -8.220743477719301224e+09 2.357687830643978119e+09 3.968624217260566354e+08 2.292113790468296528e+09 5.055307722065657616e+09 -5.468567241208535194e+09 5.231826012333359528e+10 2.220079830999776459e+10 -5.808099365955910683e+09 8.629476876090583801e+09 1.243544903637997818e+10 2.182310273643176079e+09 -7.783739678321110725e+09 4.052673356793544769e+10 5.679890534010597229e+09 -2.256087004805403519e+10 1.803609604291433334e+10 4.390307920389191628e+09 5.948590087553806305e+09 -2.955060328207513046e+10 -6.915212249673110962e+09 4.803536517329089165e+09 1.215380786921060801e+09 1.244109562399049568e+10 -3.144215910274650097e+09 8.898003669444856644e+09 5.022454794462243080e+09 9.242093217011737823e+09 -5.275980570280734897e+08 5.095753747913827896e+09 -2.644352228132367611e+09 6.245281844148344994e+09 4.523137215681183624e+10 -1.739005400540801239e+10 -1.377688370905220032e+10 6.181382673748373032e+09 6.226190508289859772e+09 -6.679446767591961622e+08 9.439459669699977875e+09 3.767567686972653389e+09
-2.999318221672750660e+05 -1.840599990856827935e+05 -1.600580362214680354e+05 -4.161347265501313086e+04 4.343209228132357384e+04 2.234491860428142172e+04 -6.109886560563676176e+04 -4.194754877446268802e+04 1.380720871839558458e+04 1.654513430757020615e+04 2.277993343366768022e+04 2.365253211271299733e+04 -5.884564098851257768e+03 -1.497841321664958969e+03 -8.414464516999976695e+03 1.401107673033168794e+04 2.354062842990476838e+03 -2.993613016439579496e+03 9.218808094750118471e+03 3.758327116773639773e+03 3.392227913588919182e+04 2.007012016328788013e+05 2.874597933557365832e+04 1.096759301924101055e+04 -1.346875233843269143e+03 -3.631838807929572681e+02 1.572157930581870232e+03 -3.040977889660927076e+02 9.803407645750765369e+03 8.398004990219589672e+03 -8.231493985215840439e+03 -1.643584306044344885e+03 1.707682330966475320e+03 4.503056537126838521e+03 -6.620439684412410770e+02 5.282785566986487993e+02 2.705632433272176058e+03 9.868182285751230438e+02 3.071735169293384388e+03 1.073596927541918831e+03 7.291405389849664971e+02 3.315985389325454435e+03 4.429230289396929834e+02 -2.526682032982420878e+03 8.343111801816470461e+02 9.461068223790237427e+10 -5.581098918584404945e+09 -9.248133940158758545e+10 -6.538757079765894318e+10 -3.935466189619739380e+11 -2.834465005848430634e+09 2.818827256470317841e+09 3.727481608040543365e+10 3.905240627859933472e+10 -3.781300975504142761e+10 1.044118570673524017e+11 5.527517591287216949e+10 2.710191425892724991e+10 -3.687042175173767567e+09 2.009162354018051910e+10 -7.404747710680342102e+10 6.483748746341437340e+09 2.457516397658916473e+09 -6.175745042168834686e+10 5.517155959239807129e+11 -1.644315679356811829e+11 -1.218126743201888657e+10 -2.085066854228304291e+10 -4.118122542054185486e+10 1.081190435717519379e+10 -7.152804706284422874e+09 -9.589951104783357620e+09 -3.392841338311162591e+08 -6.319055112966675758e+09 2.404296762756094933e+09 -1.795384966412275553e+09 -2.401606873604599762e+10 9.909288890544067383e+10 -8.108934282271143913e+09 -1.202959346579387817e+11 1.695218245589361572e+10 3.589905583421875954e+09 -1.470353766388092422e+10 8.354436333328138351e+09 1.627438477485476494e+10 5.503752463310775757e+09 1.903900455293682098e+10 -5.011273342462595940e+09 -2.218548053761280441e+10 -2.743980112007005310e+10 -2.463126669295979691e+10 -1.047105489802077103e+10 -5.875225933648589134e+09 1.009614664040060806e+10 1.094054495866972351e+11 6.137069253184730530e+10 -2.315406806786701679e+09 -1.021483974682396317e+10 -9.404577597015776062e+10 -2.412717241505902100e+10 1.809211538721301079e+09 -1.513517842831562161e+08 9.880249357740251541e+09 -2.111587412034715414e+08 -1.691999008601119423e+10 -6.100123009276412010e+09 -9.765920080132953644e+09 -2.488207125762790203e+09 -1.481708996631605721e+10 1.272612704370974350e+10 1.204426353415852165e+10 -4.047678474860750198e+09 2.949775666200834274e+09 -2.249548442925747395e+09 6.819376745358572960e+09 -3.760653422310206604e+10 5.598241971489651680e+09 -1.455827173661468697e+10 7.856568720172091675e+10 1.163751957560216904e+10 -2.749981517988550067e+08 8.975075596463407516e+09 -1.374153869055422211e+10 1.239065814032958031e+10 7.954085631853973389e+09 2.755218461061048031e+09 1.723371894886658192e+09 -4.396882021462776184e+09 -9.904832751105892181e+09 4.822206769219512343e+08 -3.156770658005702972e+09 2.979028256005493641e+09 7.155714702002540827e+08 -3.492996670983238697e+09 -3.209685084288247108e+09 -7.751579217475888252e+09 -7.056229491961400986e+09 3.367323572770207405e+09 1.586176441717106819e+09 1.750194850996379614e+09 8.799150370529514313e+09 1.037491300520102620e+09 1.711862085087992668e+10
-3.374443993593588821e+05 -2.035971957415500365e+05 -8.010364405081421137e+04 5.578115746291785035e+04 -1.192728134893794777e+04 -3.883338847899320535e+04 2.021330372528152657e+04 2.035255051346462096e+03 1.487489165239241265e+04 -4.536716286554276394e+02 2.674090580602280170e+04 1.363186412972228027e+04 -2.741376307719637771e+04 -8.227753323214170450e+03 -6.565202929596150625e+02 -3.654872528292558400e+03 6.356336523727622080e+03 2.760257463578507213e+03 1.165812762748281420e+04 1.501558918586166146e+04 4.626812006465293962e+03 2.874597933557365832e+04 1.795588756476436974e+05 3.029870992502319496e+04 1.061423988081223979e+04 1.554661449193552016e+03 8.485586103611860381e+03 4.623508241063360401e+03 6.142368218384768625e+03 3.185139029386704806e+03 6.680681040195565856e+02 9.310156893152068733e+03 8.937540289485830272e+02 -4.551421165282623633e+02 -5.082932097271206544e+02 3.145573044221409418e+03 3.412047899217120630e+03 2.290650946191454750e+03 7.216641797053262962e+03 -1.739120029003516038e+03 3.294168862025279054e+02 2.241225276863262025e+03 1.126145825148967788e+03 -3.415220662892711516e+03 -1.645304874628970538e+03 5.750553092839107666e+11 1.347731083705010376e+11 4.853845735994944000e+10 6.855049327340152740e+09 4.415754004573737793e+11 -1.544756998287713814e+10 -1.002373953454748535e+10 -8.914614141127691650e+10 -7.654683785158477783e+10 -3.059451341827900314e+10 -1.489470668481080322e+11 6.323223042969808960e+10 4.016983199347570038e+10 -1.050807660135077858e+10 5.145090057821259499e+09 3.517818038993793488e+10 1.685092034505299187e+10 -3.532799099180820465e+10 -3.096156634109662247e+10 6.292331707922250366e+10 1.549345866461359024e+10 -1.435704402367978477e+10 -2.570492621949663162e+10 -5.740366963567903519e+09 2.366801442115488052e+10 -1.384654675470584679e+10 -9.428962016705307007e+09 -1.659689475437005997e+10 -1.757962599401243973e+10 1.368328481107955551e+10 -1.151105691853058624e+10 9.556913278212278366e+09 -1.422058867672384338e+11 -2.342117287373077774e+10 -8.226229128699684143e+10 1.939645745348424149e+10 1.044922081262838364e+10 -9.343968851721193314e+09 4.244992754887078285e+09 2.826232484570685577e+10 1.634768414618804359e+10 2.762101717548891068e+09 2.158090089974888325e+09 1.634122007640363455e+09 6.909491720173265457e+09 8.296872308310375214e+09 5.660780277529459000e+09 3.592870002781815529e+09 3.464888353671103954e+09 -3.223618313726115417e+10 -4.567738171917156982e+10 -1.139076541944680214e+10 1.189324061271603584e+10 -1.427462803174350891e+11 -1.324263791486788750e+10 -5.465324610964315414e+09 3.911630644960042000e+09 -2.879527817016110897e+09 8.414648119786338806e+09 -4.588629025920901299e+09 -1.001103760851091862e+09 2.537669594156984329e+09 -2.030572783732045174e+09 -1.017256652464555740e+10 7.397115873501205444e+09 7.758682820427808762e+09 1.307349820229898834e+10 3.822736731132067680e+09 -1.416883079292037773e+10 -8.103360147501548767e+09 -2.935118958259224892e+09 -2.522439583048736954e+10 -1.211032184802015305e+10 -9.121673048021182251e+10 -8.066934206658904254e+07 5.636905121527587891e+09 -6.799425519316919327e+09 -3.740584241355574131e+08 1.512178468830341101e+09 5.741801275642160177e+08 1.140919739590181828e+09 8.224311407474429607e+08 -3.997140266276124954e+09 1.286214194820902443e+10 -2.296333066672005177e+09 -7.293827016206108093e+09 -1.331649404378666162e+09 2.750830496206636429e+09 -3.909170592393529415e+09 2.226548265508458138e+09 1.151229969771696854e+10 4.056923641329516888e+09 5.596012678128919601e+09 4.132597190816107750e+09 2.274152603920696676e+08 9.823811278020807266e+09 2.305472269265291691e+09 1.021189639891151237e+10
2.491374258418587560e+05 -8.783329824736119917e+03 3.284601468859086890e+04 2.940580165219271294e+04 2.762240146524129523e+04 8.781946003732635290e+03 -2.898180735606530561e+03 -1.299069358680189907e+04 8.971783573880917174e+03 -1.155151278716522575e+04 2.129783977386059269e+04 1.339688829796298251e+03 -4.804689592197933621e+02 2.015589418040100645e+04 5.013756719319767399e+03 2.032348758234408524e+04 9.820707079787802286e+03 1.566404014473887037e+04 7.167300953045640199e+03 1.579279653818057886e+04 1.135326953501009302e+04 1.096759301924101055e+04 3.029870992502319496e+04 1.682886848015322466e+05 3.373259237180627679e+04 3.790616565473039373e+03 4.247557008528308870e+03 -2.779102735033101226e+02 4.752785046995590164e+03 5.346367108948045825e+03 5.905123466500320319e+03 2.186863899625504473e+03 1.663934879176200866e+03 2.846744122826221428e+02 5.831698813183160382e+03 1.519701684221034157e+03 -4.080157489282735696e+03 1.612176432529122167e+03 -1.494232743487105608e+03 2.962078462355192642e+03 5.638346333803490779e+03 4.891977304797291254e+03 1.147201944115751985e+03 1.075226511237101249e+03 4.583358425322124276e+03 -1.303848220699168854e+11 -1.716124163112943726e+11 -1.782460588503641052e+11 -1.283171394047597198e+11 -5.841101760137974854e+11 -6.109550990564636993e+10 -3.105993215702013016e+10 -3.931353702924721527e+10 -3.593506937757819366e+10 2.485646471651604652e+09 4.823109217240874634e+11 7.087004085819261169e+10 4.062972374702695465e+10 3.875687320003816986e+10 1.720264040229663086e+10 -1.407279812765193367e+10 7.563964446903675079e+09 -2.835908714734376907e+09 -3.673321776627896881e+10 -1.526085900573733139e+10 9.011539803146699524e+10 3.999008212209251404e+09 8.585406356617744446e+09 1.058548370988507652e+10 2.104180057825376129e+10 4.527270725602014542e+09 5.408728629057085037e+09 -6.077831396008661652e+10 -1.331242892703007698e+10 7.497621922761430740e+09 6.092668459330412865e+09 7.894073162198663950e+08 2.264261932014377594e+10 3.648293830090950012e+10 -8.211729769223036194e+10 2.315628379967715454e+10 2.160763116650517654e+10 -9.616029627874532700e+09 -4.247867481339738369e+08 3.206120208740323639e+10 -9.337130790858175278e+09 -1.255945403106464863e+09 5.187835420589002609e+09 -3.424875080808676147e+10 9.289095259083152771e+09 -2.261290325879030228e+09 -3.084994224010981560e+09 -1.061314182440286827e+10 -2.001909374360169172e+09 -6.884685375132376099e+10 2.592819238159654236e+10 2.135964000579547119e+10 1.519341273214727592e+10 2.687620781381674576e+10 2.689425480051702118e+10 1.204755105034210014e+10 5.888964676906328201e+08 1.605039313843397856e+09 -8.973855162317438126e+09 2.076222705160057831e+10 7.031265212944729805e+09 1.049070260844014406e+09 2.945173405762085319e+07 -1.183129415536261940e+10 -1.918293406851362228e+10 -3.725632566406379700e+09 1.848344344575732040e+10 1.823046588114854431e+10 -4.611268448649035454e+09 1.428866311582262039e+09 -5.831687930748443604e+09 -2.851269825854498291e+10 2.006240702151483536e+10 1.769818037276651621e+09 2.100651777648289490e+10 2.780270006835675716e+09 9.776554613626174927e+09 -2.044994556557878256e+09 2.305809560815061188e+10 1.340434142777725029e+10 -6.033028733552818298e+09 4.285282061462919235e+09 2.210037921422166348e+09 -7.161105643363389015e+09 1.190147080451594734e+10 4.677766042546757698e+09 -4.755221408031279445e+08 3.645910262995654106e+09 5.312937379257980347e+09 1.206899634733273315e+10 -3.131436272979750824e+10 9.212153108940000534e+09 1.971903283320334244e+10 7.876931496475047112e+09 -1.867569143790545940e+09 1.142367865871913719e+10 4.159230039741129875e+09 5.162136224137095809e+08
2.460557998819375061e+05 -1.232954714252106351e+05 1.050794327256095276e+05 1.850917237183510588e+04 9.013908862844336909e+03 2.128682090365642125e+03 5.473347944776045915e+04 1.928703448926112515e+03 5.451277442599862297e+03 -3.318835216568247688e+03 -1.480796417043706788e+04 1.624995653527607828e+04 -6.427523165629893811e+03 3.931674332845947902e+03 1.366271587156467285e+04 6.697621622037121597e+03 1.439232686062729226e+04 1.022208841078984915e+04 5.649391068488664132e+03 6.793697952956595145e+03 9.873980664673570573e+03 -1.346875233843269143e+03 1.061423988081223979e+04 3.373259237180627679e+04 1.602210568161967676e+05 3.153057582762142192e+04 9.196602447693085196e+03 4.433164672332494774e+03 3.954701733468524708e+03 2.584879275162801150e+03 3.335398740547007947e+03 7.626468051386316802e+03 6.941846637796185178e+02 -5.666606143824625406e+02 4.431346860573210506e+03 3.368152255358731509e+03 -3.069240316410414835e+03 4.319342590555929746e+03 3.850391946248478234e+02 4.547571244256399950e+03 3.089680038527192210e+03 4.070589001443282996e+03 -4.006728068431479187e+03 3.197735212551544919e+03 -7.396401904233970299e+02 -4.821036852652461548e+11 -3.656103326826643372e+10 -1.051767305836292877e+11 -1.299634431834168854e+11 -1.144619173573193550e+10 3.421528360618731308e+10 3.142579574974275970e+10 -5.295652070111417389e+10 2.596405476125165939e+10 4.356068202690809631e+10 3.099700359861041870e+11 2.124612708880633926e+10 -3.178518640952277374e+10 3.331609723655985832e+09 1.877198543879625702e+10 -1.892090481551121521e+10 2.145053354826417923e+10 -1.641351738103866768e+10 -3.647234963448637390e+10 -3.211934799790504761e+11 -6.996343821492852783e+10 9.240511553144853592e+09 -8.691736065489576340e+09 -7.624393033530337334e+09 -4.145650443499008656e+09 4.691688906237593651e+09 -1.027846360339095688e+10 -7.526922595593283081e+10 -9.713601872582853317e+09 6.962995580368752480e+09 9.162040305307773590e+09 1.955559859113699722e+10 1.860122719720833130e+11 1.190971752556368065e+10 3.287285095697174683e+11 2.687983681114987564e+10 1.967993396470454931e+09 2.452661141570932388e+09 4.487424148311054993e+10 -6.076753445586581230e+09 -3.364914264533479214e+09 -8.485405741458940506e+09 7.839212095734663963e+09 -3.918890182889491272e+10 -2.056921801018541098e+09 -2.437670280965304565e+10 2.454360060072554111e+09 1.385331467046220016e+10 9.906006473204269409e+09 -1.785883403394426270e+11 -8.741196431689007568e+10 4.662276109500405884e+10 1.084709521906758308e+10 -2.141306798879285583e+11 2.176862346866812515e+10 6.490765537382800102e+09 1.103470643332987595e+10 9.984966543633068085e+09 -2.225794027267906189e+10 1.231915260862866402e+10 -3.282201286633600712e+09 3.285552605941609383e+09 2.058608206341503382e+09 -1.345629547338403463e+09 -4.131143054087287903e+10 6.637622474407318115e+09 -8.099788836321289062e+09 1.185547564110008430e+10 1.978381168090485096e+09 1.713291273768029213e+09 1.760600465359182358e+09 1.635429816368595064e+08 -6.864148654992866516e+08 2.155503378821536636e+10 1.770997638130485535e+10 3.284756995542977810e+09 4.230183468729935169e+09 4.090990566030445862e+10 1.039700231622086525e+10 4.326301879829019547e+09 5.831304603807310104e+09 1.698282548102846384e+09 3.458454828199677944e+09 -2.358715364016069031e+10 2.304521276011067963e+10 2.155150213873942196e+08 2.836944638449282646e+09 -8.933798073277261257e+08 1.505483927899785280e+09 6.706762884240210533e+09 -3.869360439360966492e+10 1.328225139765762520e+10 6.534241713602275848e+09 1.005270634707729149e+10 -2.744255135119000435e+09 -1.753527931627513647e+09 4.451945979793045044e+09 6.409973222781866074e+09
-1.089081306069361162e+05 -1.979932923436464625e+04 3.749319579787348630e+04 8.465240933725491050e+04 3.004054114799743911e+04 -8.589902794580008276e+02 1.551398240127714962e+04 3.986766530058280296e+03 2.965460687558552308e+04 2.013850163874702048e+04 1.168611838092636208e+04 1.466522131544878903e+04 3.683501165110617876e+03 5.752653426907166249e+03 3.058722420223265999e+03 -6.672359011300593920e+03 6.197203770864563012e+03 3.724563983806271153e+03 1.027136530914842115e+04 7.552593217676370841e+03 1.819739814696208850e+04 -3.631838807929572681e+02 1.554661449193552016e+03 3.790616565473039373e+03 3.153057582762142192e+04 1.499348874166262976e+05 2.298291111173207173e+04 1.616919327669156928e+03 2.774531964704831353e+03 6.752750023284513190e+03 4.934606070394098424e+03 8.700811849758967583e+03 7.477916277127248577e+03 5.908164868977119113e+02 2.126497102000494124e+02 -2.079979930119101482e+03 -3.882758519790753780e+03 -1.225508057461718636e+03 2.628730102583612734e+03 3.917488172648671025e+03 1.603600733714480612e+03 3.116394382615009818e+03 5.310743669560121134e+02 -6.875108370422485677e+02 -2.419269705119540049e+03 1.051905803847145844e+11 2.194235401915777283e+11 5.182388011036148834e+10 6.465706215845117950e+10 -1.678312996206754150e+11 -2.620747362326231003e+10 4.120080934328601837e+10 9.780685628672155380e+09 2.601668620467893600e+10 9.389850874823368835e+10 -2.801540348057570190e+11 8.956196329352560425e+10 1.929911356482607269e+10 -3.024966559415394306e+09 1.831546158842635345e+10 -4.213293779524027252e+10 2.022984431622443390e+10 8.476380486222157478e+09 1.644481962705123138e+10 -3.414891561706021118e+11 -2.789178808462358856e+10 1.859871017592437744e+10 -1.150785269171028519e+10 -3.922669664378537750e+10 3.408960670897309780e+09 2.092409728142275095e+09 5.106175834054550171e+09 -3.299566122652147770e+09 1.074807289939813042e+10 1.113231988667183113e+10 1.347922442233385277e+10 4.303265670315699577e+09 1.054399063657088776e+11 3.133100570661639786e+10 2.936140240323593750e+11 1.192455930345030403e+10 -2.823510231212286353e+08 -1.126965441053215790e+10 -3.721111877493698597e+09 1.384122123744969749e+10 -6.939142580264317513e+09 -1.259275239858190918e+10 8.674716240741861343e+09 3.093846246338775635e+10 2.475200116068168259e+10 1.212773273230088997e+10 4.333327034954120636e+09 1.576670790439485550e+10 2.303239414171034622e+10 -6.059358898659791565e+10 -1.636882982406052246e+11 -6.968754333409646034e+09 9.884511229251842499e+09 -1.820573560498528748e+11 1.069852590176118660e+10 4.831563466312338829e+09 -2.461247069656758785e+09 5.045438091004093170e+09 -4.577735516148677826e+09 9.177721718563880920e+09 -6.293703325318134308e+09 8.640378917301883698e+09 7.861750137575041771e+09 2.483032101517474651e+09 -2.152963189103190231e+10 1.427957055646270370e+10 1.126113504986523628e+10 1.616433395371878052e+10 7.505410582849349022e+09 1.719383515767507315e+09 1.952247133882193804e+09 1.129426690399287415e+11 -9.183766408004934311e+09 -4.509901992758873749e+10 9.165482960076049805e+09 -1.586473104537001133e+09 -1.972629272764814138e+09 -3.346284341161326218e+10 8.985108258482484818e+09 -1.150211966380263901e+10 5.651321894991946220e+09 9.780530650229167938e+09 6.148136654724667549e+09 2.030388223368366003e+09 1.451731427733518791e+10 1.541865673341661692e+09 6.223499464403311729e+09 2.555267128965490341e+09 -2.727739048797790408e+08 6.747549418504356384e+09 -7.485688742701087952e+09 1.174436629929074860e+10 -4.243067308002683163e+09 1.197492259872486496e+10 9.094282437310213089e+09 2.520950624679089546e+09 7.333469910941173553e+09 2.365413126838295364e+10
-2.102674687431184866e+05 1.532903588640294620e+05 1.188393388222590584e+05 1.421400242084134079e+05 3.435586320235231688e+04 3.507380189632069232e+04 5.595269187686345686e+04 -7.249694208063780025e+03 3.003501641629827282e+04 1.197944103166828972e+04 -3.151331608602602955e+03 -2.564322269300313110e+03 3.530017306642826611e+02 -2.644203683876957257e+03 4.455681725023269792e+03 8.772932713584361409e+03 2.208934736070326107e+04 1.467878215276210994e+03 -3.013164402229801908e+03 -2.870669278905235842e+03 6.196711468178595169e+03 1.572157930581870232e+03 8.485586103611860381e+03 4.247557008528308870e+03 9.196602447693085196e+03 2.298291111173207173e+04 1.288590000103066996e+05 2.232377780710308434e+04 2.913985680927792146e+03 4.224433052876187503e+03 -4.107898475415825601e+01 7.161595344154156919e+03 8.114928471136861845e+03 -2.037694294743152341e+03 1.125334887368536556e+03 4.192381379365285284e+03 9.913076215215733100e+02 2.126682143761584939e+03 2.554283911090840320e+03 1.582155677560984259e+03 -1.003645099611079218e+03 6.937591682367871726e+03 4.293893916642572549e+03 3.607565128916044017e+01 1.438114887253509778e+03 -5.450669589738671265e+11 -1.671693382818021851e+11 1.809918681833330154e+10 5.294327252913450623e+10 -7.820938747074611816e+11 -5.941961735873717308e+09 2.760431655088841248e+10 -8.424400483657174683e+10 2.517134139383715820e+10 4.962535119971712494e+10 -9.920006205092144775e+10 1.416429209663646240e+11 4.977985749166941071e+10 2.398345506907435608e+10 1.325278544313920212e+10 -1.746198584288489151e+10 4.949360500515054321e+10 1.455131154389185143e+10 2.478237624708384037e+09 -2.932198421748937607e+10 6.947166428978471375e+10 2.292969851318631744e+10 9.353957521148426056e+09 2.947863570412821579e+10 2.476159679848794937e+10 8.013151546477336884e+09 1.109786581689659691e+10 -7.686492171899362183e+10 4.874575576843562126e+08 1.489735975553664207e+10 2.004561397282436609e+09 -2.059566202923787117e+09 1.748955919747083282e+10 -1.173514783124049759e+10 -5.752215353454224396e+10 3.749022469734013557e+09 1.224518888482786894e+09 -6.018322949056461334e+09 -3.360012555349694252e+09 2.717906645668849182e+10 -2.707461137209764004e+09 2.783071667498899460e+09 -6.933403305404037237e+07 -2.845742033424092293e+09 7.056213752189853668e+09 -2.738845343770640492e+08 2.928552731247840405e+09 9.075415641063703537e+09 1.218006170305077362e+10 -3.070535630691931915e+10 1.318703296007453728e+10 1.405279468994218445e+10 -9.040334273281127930e+09 -1.367164107331938934e+11 -9.144883191327037811e+09 1.820687732447770119e+09 -3.617635984722278595e+09 1.601932348733629227e+09 2.197403629775457382e+10 7.845483207146079063e+09 -1.301440096524593830e+09 1.826924210854535580e+09 6.116258377648680687e+09 -2.309458716726434708e+09 -4.219019071552194595e+09 1.015994613923729897e+10 8.391348060975799561e+09 6.782350808711422920e+09 7.311041544646616936e+09 1.325317115472501278e+09 -6.793747133557461739e+09 3.570694684786733150e+09 -1.776026048421478653e+10 -2.265425327105360031e+10 4.075002575928153515e+09 -1.375703764237071991e+09 1.616758472296176910e+09 1.024697678593933868e+11 5.571651295411429405e+09 -2.284172249776155055e+08 -3.799792241397696018e+09 1.350782965754138947e+09 1.053232657245353311e+08 1.197643381577337074e+10 1.549514523260124016e+10 -2.728495915640163898e+09 -1.880394063089422941e+09 1.352285142758443117e+09 -3.989588059092257500e+09 -3.066683080576737404e+09 -1.071386711421439362e+10 3.471679490427771759e+10 -1.282816078210419893e+09 -4.253558946701509953e+09 3.620173134569373608e+09 -1.805538028878832340e+09 3.890308031517268658e+09 6.699755394603034973e+09
-1.304242449904088862e+05 3.047140667617880354e+03 -5.053259541237570375e+04 4.425125222770620167e+04 6.489736055240087444e+04 -3.131572686640586835e+04 2.397989461966152885e+04 9.732117164986000716e+03 4.303241145960048016e+04 -8.740210510701235762e+03 1.464096616191125213e+04 9.256377821295769536e+03 3.671941555180331306e+03 3.074335953986666937e+03 2.092634142227945995e+04 7.387359977470759986e+03 -3.133576893275098882e+03 4.704378381139348676e+03 1.830033921184467545e+03 8.356311731922531180e+03 3.464803593756386363e+03 -3.040977889660927076e+02 4.623508241063360401e+03 -2.779102735033101226e+02 4.433164672332494774e+03 1.616919327669156928e+03 2.232377780710308434e+04 1.176623994311582646e+05 2.116491632078612747e+04 4.702268067030057864e+03 -1.411416102216661329e+03 7.100553963465481502e+03 4.766397542485839040e+03 -4.900251444123829287e+02 -1.478497375962036813e+03 2.248378388975468170e+03 3.578981546153422073e+02 1.752724845538211184e+03 3.666620460446442848e+03 -2.487760709155615132e+03 2.531489302738580136e+03 1.694508045557199011e+03 2.618808172526729322e+03 3.405273757557136832e+03 2.053289059138173798e+03 -1.038038894040762024e+11 -8.498438500283387756e+10 -1.011548601479933777e+11 6.530831483587091827e+10 -3.018926515921937256e+11 1.670458155159341240e+10 1.564551146067228699e+10 -3.152227085795780945e+10 3.044917063392821884e+10 -1.297558125492752552e+09 -3.901868858670429230e+10 6.510355580783570862e+10 -3.326698711341499329e+10 -3.035534315524420738e+09 2.024415099672037506e+10 3.091827092485250473e+10 1.507123818914898872e+09 -7.349009948629538536e+09 1.883404739796903229e+10 5.906255548515150452e+10 3.184048754015439453e+11 -8.519306187512418747e+09 -1.191914057640836906e+10 -4.139845826106706142e+09 9.891086917525848389e+09 5.342174845855249763e+08 2.478530702535230517e+08 2.297623997676454163e+10 -2.504998969605796814e+10 6.590686823062628746e+09 4.654613222450823784e+09 -5.950932397496382713e+09 -7.619431568651493835e+10 6.177136340974411774e+10 7.600520937965980530e+10 3.196034818988900375e+10 2.498959516814310074e+09 1.996990806536736298e+10 2.827975390722478485e+10 7.317466620659690857e+09 1.731838387337673569e+10 2.368575952879740238e+09 -1.488380653763891220e+09 1.027069810299712777e+09 2.599301280268939972e+10 1.576896999352288628e+10 6.487639384521166801e+09 5.963790753262247086e+09 8.280877479964962959e+09 2.288326444713235779e+11 3.339111375139141464e+10 1.011730797051917839e+10 1.139147428017054939e+10 1.103596595512853088e+11 -1.710900690833295059e+10 -8.493906620774170876e+09 8.365182308172487259e+09 -5.900062111930838585e+09 -1.711170005784827709e+09 6.716720174141238213e+09 5.963213725333120346e+09 -2.113103058440959454e+09 -9.872861828348037601e+07 -7.067959658399298191e+08 -1.122644149932934380e+10 1.893212478872361660e+09 1.483174625415342093e+09 -1.357443678416489601e+09 5.829416315295514107e+09 7.179160942253122330e+09 -1.717219308896297216e+09 9.180346183479887390e+10 -1.390154740303826523e+10 -2.374630185046430206e+10 1.958109953832574368e+09 2.891456987031872749e+09 6.782326229556393623e+09 2.929296692661215973e+10 1.018857114151638985e+10 1.825066770465009689e+09 8.369192994577510834e+09 2.396869873214648247e+09 3.848997591684055328e+09 3.374039612386006165e+10 9.288587790985574722e+09 -1.137293816947418898e+08 -3.692196827865981102e+09 -3.388134405944335938e+09 4.179419155302562237e+09 3.530473390884615898e+09 3.175362826921707630e+09 1.686116358520015717e+09 -3.138678964912671566e+09 -3.524300744115796566e+09 4.653977846892125130e+09 -4.255953243467434883e+09 3.648655826160254955e+09 -4.491344967730815887e+09
1.608085647995086911e+05 -6.822480052664993855e+04 9.656864674228965305e+04 -1.179368360448997555e+04 9.866774521904764697e+03 1.352043939887656961e+03 -1.433813387145460911e+04 7.177982410186381458e+03 2.247090731773216612e+04 3.918316460304665816e+04 -1.128099749568206425e+04 -7.874590918891037290e+03 1.058440796001991657e+04 8.232292456945016283e+02 7.670187195246973715e+03 1.352395600533679681e+04 -1.254446097460766168e+03 7.263534103535120266e+03 -3.663069034708517393e+03 1.543545644615657693e+04 1.031002702552149458e+04 9.803407645750765369e+03 6.142368218384768625e+03 4.752785046995590164e+03 3.954701733468524708e+03 2.774531964704831353e+03 2.913985680927792146e+03 2.116491632078612747e+04 1.092667518935853586e+05 1.779502179275297021e+04 1.279847261516011031e+03 4.697499698918383729e+03 -3.818303665436379561e+03 2.865314546995844921e+03 1.283107385441753650e+02 -3.263680228711062227e+03 -3.372753934554511488e+03 -3.086214829594576258e+03 5.318858242783706373e+03 -5.584517653176479826e+02 1.886687788830017325e+03 2.465756736773763350e+03 -3.198329783601150780e+02 2.186812066791932921e+03 1.971751464624614300e+03 4.375222271654510498e+11 1.434650066940611572e+11 7.066082376071833801e+10 8.461238728860681152e+10 -8.019423956564948730e+11 -4.853342078125534821e+10 1.717133980064590263e+10 -4.868398995195581818e+10 -1.461569764193508720e+10 3.580638304059577179e+10 1.985295970183659363e+11 2.863869089513879776e+10 -2.266917966897956467e+10 -1.372985653273688793e+09 -2.712073431884202194e+10 -3.127391313131958008e+09 1.200105066399368095e+10 -1.217631686512721062e+10 3.071386964509401798e+09 1.514351680865051575e+11 2.511455836524531860e+11 -4.292935974238267422e+09 -1.683633939694133568e+10 5.524573601072348785e+10 1.327609859608298683e+10 1.139273961382170105e+10 -4.517622620488221169e+09 7.196810613857090759e+10 -4.723125082764969826e+09 5.377576988596988678e+09 8.266124400238126755e+09 -3.346943045164909363e+09 -1.817284349992526855e+11 5.086679502066582680e+09 1.545854404212081299e+11 3.600273776181935120e+10 -1.404484765444174528e+09 6.020966088076071739e+09 4.060133630213838959e+10 1.257568025740545464e+10 1.339314110908529663e+10 -5.871377101745964050e+09 6.322826485728908539e+09 2.324697284388421249e+10 5.109034990153720856e+09 -3.412915972000617981e+09 1.548309349950598478e+09 4.105489120605306625e+09 1.455502559832544708e+10 -5.997854791915276527e+09 1.535809790027544022e+10 5.360163855831857324e+08 -6.671251422021493912e+09 3.647075022602364349e+10 9.081992534113928080e+08 -1.626984374963318825e+09 3.263065955015773773e+09 4.631618415265542984e+09 -7.401366978424122810e+09 -7.027028050122845650e+09 -2.722138339481823444e+09 2.109006618079229116e+09 -1.351304220862161160e+09 -1.602280392697664738e+09 2.582688439738927460e+10 -8.958140618571504354e+08 -7.287185459473008156e+09 3.179148654102941036e+09 7.014654738946373940e+09 4.831327132920121193e+09 8.729863303936067581e+09 3.516293802021887302e+09 1.411932042196667290e+10 -7.875995199555780029e+10 7.335838821351413727e+09 1.080412756731800842e+10 1.070632484374046135e+10 6.588575802666448975e+10 -9.614750766282609940e+09 8.105087507565940857e+09 -1.521026508718389511e+09 4.820703069014132619e+08 7.633210648225629807e+09 1.991470572423599625e+10 3.515589227455432892e+09 4.342901437996048927e+09 -9.668737299237931967e+08 3.708074960621972084e+08 -1.323833475282244533e+08 3.212465829414968967e+09 2.293549720683138275e+10 9.560728480477594376e+09 3.800418242916906357e+09 6.685576101015001297e+09 6.447895879463839531e+08 5.108450085166860580e+09 2.422912613658164024e+09 -9.150843706830072403e+07
-7.519774248719542811e+04 -1.182586662090266909e+05 4.439230034994869493e+04 4.353532038563503738e+04 -1.875116434377139376e+04 5.677433775200496893e+04 -1.122811375320023444e+03 -3.901388215146905623e+03 4.862737476957933723e+03 1.909247810972380103e+04 -1.281218122518091604e+03 1.682573791080996307e+04 -3.034182171201643996e+03 7.598749569592210719e+03 6.194954160852029418e+03 6.629259974986560337e+03 -3.045539498479845406e+03 5.824860603775996424e+03 -6.868710338607412268e+03 1.692289901036594756e+03 8.180084845466983097e+03 8.398004990219589672e+03 3.185139029386704806e+03 5.346367108948045825e+03 2.584879275162801150e+03 6.752750023284513190e+03 4.224433052876187503e+03 4.702268067030057864e+03 1.779502179275297021e+04 1.033590263097846182e+05 1.999947771380364065e+04 4.672088308361561758e+03 6.601429656435467223e+03 5.268467565675778133e+03 1.930150780683009543e+03 9.381152520612519083e+02 1.785136942229308943e+03 9.602668276504814457e+02 3.086107406382128374e+03 3.568307699268080341e+03 -7.098897596513778296e+01 6.596989857400245683e+02 1.923423135709833332e+03 3.451952026849263007e+02 4.974959427048848738e+03 -3.041880184613830566e+11 1.368297483593547668e+11 -4.563728072112484741e+10 4.075870031634351349e+10 -7.801097832105869141e+11 3.697662951203452301e+10 7.488520869666857910e+10 3.214038216465579033e+09 2.253686166016694069e+09 2.368257512641156614e+08 2.448369595876033325e+11 3.895067090145413971e+10 2.231340622121505356e+10 2.926961994182356644e+10 -2.912973885707345963e+10 -2.848824541195355415e+09 3.644750470089883423e+10 7.698937152196104050e+09 1.271919227050150299e+10 -1.827798404088530731e+10 9.522961496929824829e+10 -7.985124170459604263e+09 1.400922006313010979e+10 -9.538802662780145645e+09 5.107661587041798592e+09 7.382806059210712433e+09 -1.652132768516083336e+10 -5.615377644331737518e+09 -1.062456153174078751e+10 -3.444873699994248152e+08 1.249513575325797081e+09 1.627413862222680855e+10 6.442483142831538391e+10 3.247743480461373138e+10 9.391356657547575378e+10 2.543625964978149033e+10 7.283664730947834015e+09 -5.746797078581550598e+09 5.186092857375976562e+10 3.697197341400967121e+09 5.803108462632120132e+09 -2.270215499768624783e+09 5.966973738751895905e+09 4.899849805375199318e+09 5.982438317570366859e+09 1.058300451567112327e+09 -1.247094480435593367e+09 2.152851854928759575e+09 1.419336486787888527e+10 1.434085378617029572e+10 -4.955548938927291870e+10 1.693665837992439461e+10 -9.687929591478033066e+09 -8.631243711397885132e+10 -1.706430566200994551e+08 1.412160625091617966e+10 3.861303902575543880e+09 -3.984738137306611061e+09 5.153781153852563858e+09 -3.484213874515429497e+09 -5.799484604727595329e+09 5.522488834434545517e+09 4.155668453468496323e+09 -8.825241027824676514e+09 -2.095422752478564453e+10 -1.200457352663381100e+09 -7.408512762229496002e+09 -1.038265463871234894e+10 5.190751967248310089e+09 3.026143451001483440e+09 -1.330189133500823212e+10 6.307926030582904816e+10 1.549021826452419281e+09 -3.570004939526732635e+10 2.342110385930190659e+10 6.103216912931894302e+09 1.072796223101471710e+10 8.084441247726759338e+10 -9.738976397129974365e+08 3.276100164682856560e+09 -1.034777032239874125e+09 3.366967867237932682e+09 3.035596244921231747e+09 -2.581322824927859783e+09 6.490670345865739822e+09 -4.620747568213564873e+09 -3.323663079628502369e+09 8.849795031517602921e+09 -2.512878276178668976e+09 9.260419960686193705e+08 -3.719044062508828735e+10 1.173668645892827034e+10 2.918151792598184347e+08 9.951955511573001146e+08 2.318842790546679497e+09 3.194085170325577736e+09 6.380930106699782372e+09 -8.036467066825080872e+09
2.685851826308422023e+05 -8.069588049073106959e+04 1.439277527065945615e+05 4.396429425648743199e+04 -1.285652621344992258e+04 -9.883851535599922499e+03 5.465051114899418280e+03 -9.005909919851717859e+03 -1.208844796300202506e+04 4.140729982998598643e+03 3.526367168467142619e+03 3.363609250432072258e+03 8.462453846487604096e+03 2.032470581197675710e+04 5.096017814039306359e+03 9.736782154071797777e+03 1.036466195456613423e+04 2.320362518829289456e+03 4.473601033316705070e+03 9.775892540298003951e+03 -2.008664727514206106e+03 -8.231493985215840439e+03 6.680681040195565856e+02 5.905123466500320319e+03 3.335398740547007947e+03 4.934606070394098424e+03 -4.107898475415825601e+01 -1.411416102216661329e+03 1.279847261516011031e+03 1.999947771380364065e+04 9.309411335376731586e+04 1.617179147488164381e+04 8.622621548806273495e+03 3.333868575930755924e+03 5.483629388934047711e+03 3.667255944939990513e+03 6.376379788206324520e+03 2.996247456485808925e+03 -4.801295871191684341e+02 1.826344645730362799e+03 2.785020483933384185e+03 2.696799136192115839e+03 4.394500223176655709e+03 1.317651287836227766e+03 5.092729850346896114e+02 -1.409805100547194824e+11 2.977551411700184631e+10 5.306778724028129578e+10 1.309657356561397743e+10 6.968682118117357178e+11 -1.026246914715996170e+10 4.045330615261618042e+10 -1.163604894529171562e+10 3.405185385607595062e+10 1.754030193920664597e+10 -1.430655784677767639e+11 3.814639162461372375e+10 3.209567122644536209e+10 -2.119476962556972027e+09 6.836234502646754265e+09 6.957741900914531708e+09 2.499019119652836227e+10 -2.164961672736551285e+10 -1.155501950110083580e+10 1.334253123727554474e+11 1.644104860289276733e+11 -1.949193552922321320e+10 -8.121443608441487312e+09 2.742803632688527298e+10 1.437675333598795176e+09 -8.455383103636341095e+09 -5.791208924943238258e+09 -8.574644357251582146e+09 -1.627547854060758209e+10 7.486792477919742584e+09 1.074264269919276810e+10 5.543319484286004066e+09 -2.851713347849208355e+09 -8.865178010025690079e+09 -3.446304354162909698e+10 -6.707893175792872429e+09 1.661255660916794062e+09 -5.568673024161362648e+09 2.921547548161570740e+10 -1.967519476719941616e+09 5.512482079848216772e+08 4.660552066778908730e+09 1.465759484658061266e+09 2.937146760332651520e+10 6.862682395158898830e+08 6.505801993297436714e+09 -6.979136433267383575e+09 1.721032778056765199e+08 -8.945726135458414078e+09 5.915414165045745087e+10 -4.818644050595821381e+10 -3.682240202537018299e+09 -1.901941408486404419e+10 -2.753299758117911530e+10 9.506744050633438110e+09 7.068316174862262726e+09 -8.362022592256564140e+09 -2.982789102792841911e+09 6.860141680275656891e+10 -1.892547678045274258e+09 1.668414366809511900e+09 -6.407233255742532015e+08 1.055477770072176605e+08 -5.051649781496471405e+09 1.963691966512936783e+10 7.103292893295744896e+09 -6.363165537410634041e+09 7.463120922303667665e+07 -5.076877462252176285e+09 9.378685482861934662e+09 -2.131535275417236567e+09 1.448712775326423836e+10 4.431412825006674767e+09 1.729451705836464691e+10 1.935093939382719517e+09 1.781847898735294819e+09 5.226751841304627061e+08 2.120149177985895157e+10 7.466592714304558039e+08 1.422209196067758322e+09 -4.295848435491148949e+09 -6.804658828148703575e+09 -3.125525177001985550e+09 3.612282296191580200e+10 1.297682500957125473e+10 6.011822149944580078e+09 -7.369718243255237341e+08 9.781593672085000277e+08 -8.003378777566310167e+08 1.172531911234326744e+10 1.394738506781430721e+09 -1.016754423138674498e+08 1.500926569447330475e+09 9.684805282137302399e+09 4.287958945585692406e+09 3.995049067702744484e+09 2.395709539934168339e+09 -7.070432456423698425e+09
3.968413928101601196e+05 -6.932329101953512873e+04 -2.046678516215089621e+04 1.599518500617196878e+04 3.024021975409923834e+04 -4.049752739046180068e+04 2.795580706661079603e+04 3.063452705811180931e+04 1.498718344710134079e+04 1.345029527608671742e+04 6.384253075323827034e+03 7.122596416988501005e+03 -6.862206681140165529e+03 -2.160650479506199190e+03 -4.967575111718105632e+02 4.009181995811915840e+03 -1.207016789198814877e+03 9.417658057153030313e+03 4.319211640653275026e+03 8.437117924836662496e+03 3.096596214000709551e+03 -1.643584306044344885e+03 9.310156893152068733e+03 2.186863899625504473e+03 7.626468051386316802e+03 8.700811849758967583e+03 7.161595344154156919e+03 7.100553963465481502e+03 4.697499698918383729e+03 4.672088308361561758e+03 1.617179147488164381e+04 8.775720706948050065e+04 1.096764284829998178e+04 5.183406514770290414e+03 5.800130558339534218e+03 5.247041600063711485e+03 3.331076956190207966e+03 3.243686034802221457e+03 3.052495229491014015e+03 2.130423639650729910e+03 4.227199664000568191e+03 1.565205129422574828e+03 3.023350309830143033e+03 4.283917706664852858e+02 2.648228425670935394e+03 -2.897275357534537964e+11 1.688217191233920288e+11 2.684435420744932175e+10 1.051093229726837921e+11 1.071204532352548950e+12 5.309426786065185547e+10 4.232328211265348053e+10 -3.119389017840496898e+08 -3.407183368792223358e+10 5.288937372413568115e+10 1.895766058854587708e+11 2.632317028136020660e+10 -1.305186932675090599e+10 -7.324198283955974579e+09 8.638453402624124527e+09 4.521055618998068237e+10 1.211388981625650215e+10 2.316717062141844034e+08 3.074998991550623322e+10 2.073303299671791077e+11 8.311507428365463257e+10 -3.703655278748064637e+08 -3.242282252618186474e+09 -7.126730604529143572e+08 3.700993026771013260e+09 5.570918458348780632e+09 8.483418720898364067e+09 6.633190427190991402e+09 -2.525578176752653503e+10 9.243648273539403915e+09 1.666309881222306252e+10 1.061203670167968178e+10 -1.436129897404471588e+10 -1.626144806462381363e+09 1.305627603431270409e+10 2.838812534214788818e+10 2.520392203690406322e+09 5.944035350285623550e+09 -1.075732151052611160e+10 1.924308642011838913e+09 -3.821315107473306656e+09 -9.861318218002181500e+06 -2.273426073467055321e+09 -6.445119287228650093e+09 -3.539558754633764744e+09 -2.083976925475869417e+09 1.139524290869750214e+10 7.958974261183414459e+09 1.219520315067348862e+10 3.313739038547314072e+10 4.534767815228428650e+10 -2.635155875161468983e+09 6.340676441021258354e+09 1.170120296863543129e+10 9.545394914396884918e+09 5.257601426347654343e+09 3.589280471836636543e+09 1.103215896247207403e+09 -1.248407417343398476e+10 2.012208782067085505e+09 2.546529966672035754e+08 2.406819483938553810e+09 -5.195216727638015151e+08 -5.122406033429913521e+09 5.713367054385313988e+09 1.377725877064970779e+10 -7.042792090351359367e+09 2.058678834199669123e+09 4.997191050753434300e+08 -1.180964713465563297e+09 -1.022976790142832947e+10 -1.585902126576662540e+09 4.164848058156085014e+09 -5.512341809392759705e+10 -8.700426662123583555e+08 2.158567267701850414e+09 -1.946345309755417585e+09 -6.941764300823515320e+10 4.998168511542117119e+09 -2.232524317826334536e+08 -4.503631008137688637e+08 3.386198502268571377e+09 -1.707408015652499199e+09 6.941528456691517830e+09 -1.830025440282185555e+09 -8.936335657178746462e+08 -1.588401524625281572e+09 -9.252403274067468643e+08 -1.509161182902968407e+09 4.053292875924287319e+09 -1.661554909249187660e+10 -5.932029075573010445e+09 -6.579352640062791824e+09 5.909620279755864143e+09 3.740329339928353310e+09 -1.569330942288745165e+09 -2.623652407485231757e+08 -4.085847285625290871e+09
-2.784612751206898611e+04 2.900939624076926702e+04 -5.167732656579442119e+04 4.682713754115537449e+04 3.002637153768661301e+04 -2.013972983826106656e+03 -6.734201041511945505e+02 -1.246571447132538196e+04 7.457189721881930382e+03 1.266597648537177702e+04 1.259611944154478988e+04 1.302485152348705378e+04 2.277881459838606133e+03 -1.098698676472438456e+04 5.656606932164773980e+02 1.638429086466946683e+04 4.683172685401801573e+03 -5.475413822698545118e+03 -1.983555739637213492e+03 -5.598012722217006740e+03 3.099952060549126145e+03 1.707682330966475320e+03 8.937540289485830272e+02 1.663934879176200866e+03 6.941846637796185178e+02 7.477916277127248577e+03 8.114928471136861845e+03 4.766397542485839040e+03 -3.818303665436379561e+03 6.601429656435467223e+03 8.622621548806273495e+03 1.096764284829998178e+04 8.245487345548825397e+04 2.013121246464666183e+04 1.068508007521690524e+04 9.305706945537363936e+03 3.261089269662729293e+03 2.533796173957347037e+03 3.579141285985329432e+03 -1.283534584753704166e+03 2.546676180779446895e+03 5.194093392754959496e+03 2.141908904787600477e+03 2.653727709048670931e+03 1.393067739978531108e+03 7.568028838426587105e+09 8.274948944417094421e+10 -4.416401628164708710e+10 5.435562313145411015e+08 2.483346278080777588e+11 -1.299343085657274818e+10 4.533187231398641205e+10 2.667610515063582993e+10 1.054973971109802818e+10 -1.653370063008304024e+10 4.149104117433363037e+11 7.041760158012430191e+09 2.092890552420500183e+10 4.435718069118829727e+09 -9.429138049081033707e+09 -4.072969141983961487e+10 -2.778604247561792374e+09 4.884818653826901436e+09 -1.909596014099918747e+10 -3.064713688399909210e+10 1.601788564782124634e+11 2.383236158825682449e+10 2.080364659151801825e+09 -6.319687208028915405e+09 1.339468937884803581e+10 -2.878136622112884521e+09 1.103169925017913818e+10 1.221919778561535454e+10 -4.219856136492542028e+08 9.163515339290031433e+09 -2.497596275817638874e+09 3.191654768212052822e+09 7.272514556308808899e+10 -5.896531170091420174e+09 8.878316005828359604e+09 -2.097696064286757946e+09 1.645477673097736359e+10 4.568855041420167685e+08 2.645489283190383530e+10 9.105811250234401703e+09 1.181730587115615606e+09 1.299461387075284243e+09 7.534831653159212112e+09 6.637486819352865219e+09 6.996762653276904106e+09 8.949158755582241714e+07 -2.461935567153710365e+09 3.327083253118921757e+09 1.683868024864883232e+10 -6.630563096861087799e+10 8.491056482030207825e+10 -5.335481211699912548e+08 -3.057536622179836035e+08 5.249446263138283539e+10 3.420908935088893509e+10 8.915942607046482086e+09 2.515002154791587353e+09 -3.990077813618388176e+09 3.356538330504921341e+10 1.072753742182913017e+10 3.702297691468220711e+09 6.365657801909565926e+09 4.361520657811711311e+09 -3.535651390372755527e+09 -5.525640396037146568e+09 1.935392974398114920e+09 7.303939920493787766e+09 -8.508599645140654564e+09 4.721195047956800461e+09 2.219138519346790314e+09 -4.995749317677262306e+09 -1.707731278933949089e+10 -6.295673257964762688e+09 -5.421360523063636780e+10 2.525805470865028381e+09 8.633810211761571884e+09 -4.304212283415585756e+08 -1.361724192128569603e+10 7.918367054770957947e+09 5.305500093858904839e+09 7.437134670019324124e+07 2.869525827268702507e+09 4.428158757740981102e+09 1.179803530371823692e+10 -1.239928542571331739e+09 -1.672283594911469460e+09 -2.367281590339889526e+09 4.813658551223088264e+09 6.640306043300624937e+06 9.081726189868992567e+08 -1.442344089197842360e+09 6.017114386348823547e+09 1.996360131692614555e+09 2.631491897845335484e+09 3.386633384214357853e+09 -5.192165477391423583e+08 -5.935299071529862881e+08 -7.628594606513570786e+09
-1.662198191579654667e+04 1.772058016917755958e+04 2.733701884919607983e+04 -1.767034804797939159e+03 5.686259340035304194e+04 1.769696530138468006e+04 -2.128464424319340833e+04 -5.268344693399223615e+03 -2.082893264208407345e+03 -2.931645503126167569e+03 7.592386529153926858e+03 8.033093664092700237e+03 3.985327598683918040e+03 8.862562936584570707e+03 -1.138122144111407943e+04 2.654311724798526029e+03 8.991431537386002674e+03 5.596147261314725256e+03 4.406622231910636401e+03 -8.050054146395702901e+02 3.664980413338768813e+03 4.503056537126838521e+03 -4.551421165282623633e+02 2.846744122826221428e+02 -5.666606143824625406e+02 5.908164868977119113e+02 -2.037694294743152341e+03 -4.900251444123829287e+02 2.865314546995844921e+03 5.268467565675778133e+03 3.333868575930755924e+03 5.183406514770290414e+03 2.013121246464666183e+04 7.651566425457259174e+04 1.225955759489762568e+04 3.107187501929911832e+03 5.389493188680167805e+03 3.720734731009749339e+03 3.241392809425797623e+03 1.612418161411454093e+03 3.788899167302123260e+03 4.679531760681979904e+03 2.995737354689318636e+03 1.438939562298221517e+03 2.227186481905655910e+03 5.678450522510244141e+11 1.545283499831431274e+11 -9.387394663311412811e+09 6.607215930851937866e+10 -3.530044188954390869e+11 4.583948756668054199e+10 -3.133160964794716358e+09 -1.637920650321159363e+10 -2.563450402587015915e+10 -2.641021295128038025e+10 2.201920730719972534e+11 -1.129995095308220291e+10 -1.030557553943743324e+10 -2.009384853581292343e+10 1.342403982716794205e+10 -1.007109487073043823e+10 -3.438978506267898560e+09 1.005997440599847913e+09 -3.194399097123740768e+10 1.129067678339745941e+11 -1.278757171252738495e+11 -1.427388244194809341e+10 -3.154295027685217381e+09 2.170278202453465271e+10 1.704375416017369652e+10 -3.011329913190996647e+09 8.105759490108285904e+09 2.175756485238692856e+10 -1.332645890163079023e+09 -4.230632446161933422e+09 -5.025394493271981239e+09 -1.910947339453230667e+10 1.131811690846221619e+11 1.590661719893022299e+09 3.281069997641602325e+10 -2.787570963715314865e+09 2.183972928608224487e+10 -2.309363945777195930e+09 -8.537669409746412277e+09 1.192130384014748383e+10 -1.339635727480370331e+10 -7.558772943731479645e+09 -4.028745859116522312e+09 3.134869079553909302e+10 8.754961237431118011e+09 8.496313629998923302e+09 2.513369572754879951e+09 4.837734962965062141e+09 7.505814880985488892e+09 -1.464676708209580383e+11 5.393943946938400269e+10 9.510285273909145355e+09 2.320164345296179771e+09 -2.517418186546302414e+10 1.387472502393573952e+10 -3.614915366186073780e+09 -1.652370517544263005e+08 2.943099301626060963e+09 -7.112213822706602097e+09 9.425790646305231094e+09 4.678205459163249016e+09 2.976695786077811122e+08 1.355360490327882767e+09 -5.684531584414820671e+09 -3.690286038697603226e+09 1.055592631464982605e+10 -4.043125916700031281e+09 -1.082770262522144699e+10 1.626019355890153050e+08 4.231431682620123625e+08 1.812191439352515697e+09 1.730915485353137970e+10 -1.117825228684327507e+10 1.549444415319042015e+10 -1.314045030425649166e+09 5.195633169985003471e+09 -2.689273002662636280e+09 1.520912802059524231e+11 1.514299945224961090e+10 7.199210856775388718e+09 -5.693343265018634796e+08 -3.268358612077399254e+09 2.164082083743653774e+09 -3.804468323140358925e+09 8.880651629803003311e+09 -1.807314737301281214e+09 -3.659399005369441032e+09 2.110324214381802082e+09 3.014061655704140663e+08 2.831869539107631683e+09 -1.168943130242181063e+09 6.990626735341239929e+09 2.508960268868080139e+09 -1.496545497923968315e+09 -3.608966344571152925e+08 3.970818530970798492e+09 -4.696566912528104782e+09 -7.229810483710358620e+09
1.582958393647932680e+05 5.748709866048823460e+04 -1.475137948079562557e+04 4.722857574638559163e+04 2.228954589011602002e+04 1.407737470380843479e+04 -8.914910911758457814e+02 2.229282282657226460e+03 6.727926051714083769e+03 -3.012554752606405145e+03 -1.312108779554912508e+04 9.879311275393514734e+03 7.670524384555284314e+02 1.295159612209978513e+04 -9.048668933297602052e+03 -9.326460003110640173e+03 2.077274521456594357e+03 -1.274107412080285258e+03 5.733296882999022273e+03 1.501796092437295101e+03 3.600340449510646522e+03 -6.620439684412410770e+02 -5.082932097271206544e+02 5.831698813183160382e+03 4.431346860573210506e+03 2.126497102000494124e+02 1.125334887368536556e+03 -1.478497375962036813e+03 1.283107385441753650e+02 1.930150780683009543e+03 5.483629388934047711e+03 5.800130558339534218e+03 1.068508007521690524e+04 1.225955759489762568e+04 7.100531864375833538e+04 1.210265980281852899e+04 2.883872300065145737e+03 2.824764203355913651e+03 2.627805564161450548e+03 6.042687830860745635e+03 4.589956166913309971e+03 4.642588100202288842e+03 8.197184153876886512e+02 2.194286302442651220e+02 6.074064664090779075e+01 -1.229527927536133270e+11 1.729227760139280396e+11 -8.584144183488465881e+10 2.016178434126978683e+10 -2.348305849347785339e+11 -4.340880529168946266e+09 1.804342905922254181e+10 -3.750499349985391235e+10 2.543332334232429504e+10 3.143930048754557037e+10 3.734126528478873291e+11 1.686577768458529854e+10 3.402386372979055405e+10 1.297661443712257576e+10 1.502408493990258980e+10 2.034010440022785187e+10 -2.509514157725966930e+09 5.384027463965288162e+09 2.738208687914409637e+10 3.223098000393366699e+11 9.571789612031674194e+10 8.566026935478197098e+09 1.723701686751663685e+09 4.553742357619484711e+10 9.802175468606494904e+09 -1.221448870382550430e+10 1.005067647803622627e+10 -1.027799903035088921e+10 4.350078727856448174e+09 -2.831945543667007923e+09 1.396112670709084034e+09 -4.830448333178789139e+09 1.556871692902198792e+11 2.037790712188002014e+10 -7.184332027478153992e+10 1.363740414386455917e+10 6.490293955760298729e+09 -3.317032428787686348e+09 -2.240572078586793900e+10 -3.571171394931757927e+09 -5.705155456025087357e+09 -3.537006850907156944e+09 -1.742254780939143181e+09 -1.359778233685768509e+10 5.395771952107060432e+09 3.354820212939613342e+09 -7.773921604310492516e+09 2.203101771179295063e+09 2.402557267850967884e+09 -5.084481096634385681e+10 6.647170874794022369e+10 1.254960558455901527e+10 2.541354534534904480e+09 -1.833225298757121887e+11 -3.058771770082631335e+07 -2.247949451018043518e+09 -4.074886584659785271e+09 -3.101326139678334713e+09 1.563940041621052170e+10 5.963649897595667839e+09 -2.575612561782994747e+09 1.175944177127002478e+09 -3.770894369025751948e+08 -1.622455677928040981e+09 6.145610887749795914e+09 1.346253987004707909e+10 3.097479346530126572e+09 5.141380108299964666e+08 2.129962333480821133e+09 3.265779988451410532e+08 -7.547158243519356728e+09 3.334453932527003479e+10 -2.249237677782870102e+10 -3.592544092382254028e+10 2.399437544215500832e+09 -2.620859236191098213e+09 -1.100828725810081863e+10 1.360232953968776855e+11 1.762170725418228912e+10 -1.055701703423268199e+09 -4.505089571879028320e+09 -4.442241577684881210e+09 -3.468674784047538280e+09 -7.870726403805054426e+08 3.115307205020581245e+09 -1.407514949587444782e+09 -1.775769156260913134e+09 -3.412913732328986168e+09 -3.850051818755386353e+09 -1.305224335160634756e+09 -1.001176026506506348e+10 9.867743291528465271e+09 4.366768536971378326e+09 5.157166914191040039e+09 -3.607424614912412167e+09 9.563734236773340702e+08 -2.495515946420337677e+09 -4.205639656700489521e+09
5.626066571564108926e+03 7.370713942138443235e+04 -4.980559253188277944e+04 1.741630595012923368e+04 1.528555860914759614e+04 2.444041606586900161e+04 7.250311585015098899e+03 -4.336861274120348753e+03 6.147780582084011485e+02 -5.066763100463005685e+03 -2.112141473755186325e+03 2.204754161383345127e+04 -6.858318949558963141e+03 1.105976656456682031e+04 -1.418451110938834972e+04 5.752871027878318273e+02 2.015939974616849213e+03 1.981074304674903715e+03 -1.297715950034842081e+03 1.415679534926539645e+03 1.722464056509752027e+03 5.282785566986487993e+02 3.145573044221409418e+03 1.519701684221034157e+03 3.368152255358731509e+03 -2.079979930119101482e+03 4.192381379365285284e+03 2.248378388975468170e+03 -3.263680228711062227e+03 9.381152520612519083e+02 3.667255944939990513e+03 5.247041600063711485e+03 9.305706945537363936e+03 3.107187501929911832e+03 1.210265980281852899e+04 6.925254413448894047e+04 1.416719377061509294e+04 2.478895135938929343e+03 3.055427243731449835e+03 2.278207736320351614e+03 4.444343882115853376e+03 2.757861773841329978e+03 2.034950691374135431e+03 3.398894155732205945e+03 5.790817732977368905e+03 2.521169525943059692e+11 -1.207002768383043823e+11 -7.237134813297666931e+10 -2.310289724149311447e+10 -2.561862176840323257e+10 -7.874730074705699158e+10 8.651655442372705078e+10 -3.221347484931370735e+09 4.709077631187580109e+09 -1.253597797677829361e+10 1.238440540755672913e+11 3.853223831383107758e+10 4.943209127954955292e+10 -9.887187726819362640e+09 -7.407278619948823929e+09 1.801970235918912125e+10 -1.798942477253203201e+10 -1.236077176452938461e+10 -2.982510145917010880e+10 3.805162843719171143e+11 8.673824403680899048e+10 1.413404081474550056e+10 -9.217829916538135529e+09 -2.353192049563611221e+10 6.752462697852040291e+09 -2.298729191040507793e+09 2.576646622736119926e+08 -1.169204606499654770e+10 -6.720320821981895447e+09 1.463453333480759621e+09 -2.037160923399726391e+09 8.821205376909820557e+09 -3.561646299961972046e+10 1.884427516494939423e+10 -7.649686529780688286e+08 3.362635725454905987e+09 5.955787737573310852e+09 9.990405399579945803e+08 -8.251749283419247627e+09 2.855461926250298023e+09 -8.089197629214043617e+08 3.930066052077043056e+09 1.037745712492442131e+09 3.053748630597436142e+10 4.950515886092510223e+09 7.860449199202680588e+09 1.686945512570796251e+09 3.675932562390078068e+09 8.779723357544326782e+09 1.431193199977167358e+11 1.339430267742985229e+11 7.654934449528941154e+09 5.033292153183366776e+09 -9.676737417224414062e+10 3.410345899869490623e+09 6.487698062092180252e+09 6.278851033650258064e+09 3.589932469262914181e+09 1.830217712927980423e+10 2.582673829734899044e+09 2.060118793902622938e+09 4.502690961273673773e+08 7.366972805240076065e+09 6.174712118493742943e+09 2.113604042498258114e+09 8.426264258858096123e+09 -1.406432469540111780e+09 -6.674412233720780373e+09 -7.277458679039405584e+08 1.662313068979550898e+08 1.680896412915718555e+09 -1.708413532856663895e+10 -1.035329671746590614e+10 -1.292209633831886864e+10 -1.949925333919884443e+09 -3.258785919759764671e+09 -4.836565482082452774e+09 3.076165136395989227e+10 -1.025091317212965846e+09 -2.035058500875119925e+09 4.542931797805495560e+07 1.292805706075920820e+09 -4.049179887971732140e+09 -2.242773822900949860e+10 -6.122941931118821144e+09 -2.148666713447635651e+09 -7.354255698590379715e+09 -1.186482459966402769e+09 -1.492498529683820724e+09 -5.055039152180623263e+07 1.452060791216712379e+10 -2.965241146943230152e+09 7.199494347315804958e+08 2.662823558609917641e+09 1.093178488904191971e+09 2.999068437043195367e+08 4.708886050335943699e+08 -2.049094969381800175e+09
-2.972936017607176473e+04 -5.683878896966597677e+04 3.237065829887117798e+04 4.124325132214753830e+04 -4.006888890512402668e+03 2.202448600337157131e+03 8.132956745593995947e+03 1.907416126880883894e+04 1.221812495477124503e+04 8.185575132283785024e+03 -1.055718613595739953e+03 2.806451430385040658e+04 5.958668132462132405e+01 -2.015153769076188382e+03 7.280277525672415322e+03 1.089206626398448179e+03 -1.615026635805751312e+03 -3.651839508734136416e+03 -2.650061639439627925e+03 5.237830876385121883e+03 4.754200925191416900e+03 2.705632433272176058e+03 3.412047899217120630e+03 -4.080157489282735696e+03 -3.069240316410414835e+03 -3.882758519790753780e+03 9.913076215215733100e+02 3.578981546153422073e+02 -3.372753934554511488e+03 1.785136942229308943e+03 6.376379788206324520e+03 3.331076956190207966e+03 3.261089269662729293e+03 5.389493188680167805e+03 2.883872300065145737e+03 1.416719377061509294e+04 6.782463317569559149e+04 1.457443243118924147e+04 7.284636409146467486e+03 2.939616315657900032e+03 2.493944737977175009e+03 3.094263627588732106e+03 1.736127002478279792e+03 7.095430370849636574e+02 3.885939662560027045e+03 1.536586183807578430e+11 -9.915718292092849731e+10 -2.456742552275910568e+10 -8.750280264012541199e+10 8.374770009337953186e+10 6.237403128372177124e+09 4.195739508473475647e+10 -2.606398760730142212e+10 7.300333224955948830e+09 -1.430359244170099449e+10 -3.047889566644783936e+11 1.465885213941419220e+10 5.081129406939274788e+09 -4.047318671066987514e+09 -4.158903279990119934e+09 4.276507344487297821e+10 2.645735101322155952e+09 -8.891678115906949997e+09 -1.115524767417237854e+10 -2.890665989709396958e+08 -3.304439851373166084e+09 -1.243685310988567924e+10 5.788056669277767181e+09 -1.099259060395141983e+10 2.213507386248044491e+09 2.033661400541309834e+09 2.081623834472651672e+10 2.475122385613917160e+10 -5.342735644281664848e+09 1.033108307923934221e+09 1.236124636872713470e+10 -1.594732112123859644e+09 -8.517753428634382629e+10 5.609235222480997086e+09 4.021673563545377254e+09 1.382123550199173927e+09 7.944598275021907806e+09 1.744582520180853653e+10 -1.457575607898736572e+10 -2.396401519652984142e+09 4.868866994681343079e+09 8.469608324874535561e+09 5.367840662684539795e+09 4.022990373999495697e+10 1.188941077042050552e+10 6.568169519427214861e+08 -3.781058342241060734e+09 8.342386192008551359e+08 -2.187563076958547115e+09 5.380115189636649323e+10 9.657799204407453918e+10 -1.554466661380096912e+09 7.017134091907915115e+09 6.364635984521496582e+10 -1.022547730243937683e+10 -8.492460936214306831e+09 -2.048553845611954212e+09 -2.388426474833690166e+09 1.683270410496577072e+10 9.761292325720129013e+09 -2.705479210369834423e+09 5.696878259944590569e+09 -3.951877065877645016e+08 6.969128719165532589e+08 1.514567112990334702e+10 2.871288003016623020e+09 -8.110159075541447639e+09 5.988331305184905052e+09 -4.787213617889450788e+08 3.028168004645455360e+09 -2.027873140903296232e+09 -2.029206735003256226e+10 3.533800595565786362e+09 4.112358351834904194e+09 -3.442863742645595074e+08 4.089073509940988064e+09 -1.515094399906614542e+09 -1.211523802824264526e+10 1.436269117894019127e+10 6.327457991422614098e+09 2.185419448686948299e+09 1.171181411964352369e+09 3.135317370354526043e+09 -1.927320913304504776e+10 2.174357502942447662e+09 -1.050733835093151212e+09 3.807462758533997059e+09 2.559382974966888428e+09 1.346400955448075533e+09 1.571052753985899448e+09 1.735380341470302200e+10 1.253786226510327816e+09 -7.781703050439741135e+09 -3.438023029444503784e+08 -1.604089125430927992e+09 -2.540890615228055477e+09 -3.941222303331677914e+08 3.784442157448243141e+09
-6.444937386724982389e+03 2.082237128322693025e+03 -4.859426190779878380e+04 -6.326046310921653640e+04 -1.903818356957591095e+04 -1.429491662928038022e+04 3.299810142778801492e+03 7.597476762807253181e+03 1.551132142566907078e+03 -2.549001267801647828e+03 -1.186872377235076101e+03 6.821272919830603314e+03 -1.060193235053194076e+04 -7.065857322867040239e+03 8.023141892136372007e+03 9.731188035024077180e+03 4.127895860636015641e+03 1.847529833636264357e+03 3.482035420697624431e+03 9.051399638632975666e+02 2.025434511933318049e+02 9.868182285751230438e+02 2.290650946191454750e+03 1.612176432529122167e+03 4.319342590555929746e+03 -1.225508057461718636e+03 2.126682143761584939e+03 1.752724845538211184e+03 -3.086214829594576258e+03 9.602668276504814457e+02 2.996247456485808925e+03 3.243686034802221457e+03 2.533796173957347037e+03 3.720734731009749339e+03 2.824764203355913651e+03 2.478895135938929343e+03 1.457443243118924147e+04 6.121190237426144449e+04 9.997586248754621920e+03 3.919278155600734863e+03 5.743084344478294042e+03 1.983642772385506078e+03 2.262421001209098108e+02 3.266026295846443645e+03 1.296209619238246432e+03 1.416267384343679619e+10 1.728570491998449097e+11 2.061829891008265305e+10 -4.375681754712831116e+10 -2.474393463300307922e+11 4.028731870434363556e+10 -2.662715481462669373e+10 -5.952945479479377747e+09 -2.160746275872163773e+10 4.418323977927268219e+10 -3.223369690799002686e+11 1.149333504390229607e+10 2.814585514577368259e+09 -1.565473579953092957e+10 -9.610301084663672447e+08 3.383442279993713379e+10 -7.665604381622002602e+09 -6.562802401919284821e+09 9.705005281320316315e+09 -2.798680275179288940e+11 2.119162990054985657e+11 -1.125980632225263786e+10 -7.629592362077439308e+09 -4.695303473372947693e+09 2.827209717474710941e+08 -8.234335494717607498e+09 -4.124553583272536278e+09 -1.023583500857521248e+10 -1.775213896678319550e+10 5.898049899457260370e+08 -2.711026704082361221e+09 -1.992689947561617279e+10 -5.306141253804437256e+10 -1.211829342112165642e+10 6.703437252578697968e+10 -1.408260871635146332e+10 1.281088571874152422e+09 1.292678404367280960e+10 -1.083641461532182217e+09 -9.929471750091579437e+09 -1.438344057126129866e+09 5.922231060654706955e+09 -2.358176570992990494e+09 1.946438368790400696e+10 4.249151570483401299e+09 5.494418733125628471e+09 -8.654214055939594269e+09 9.589043451192474365e+09 -3.304482688723142147e+08 -3.406248117470157623e+09 -8.300549358922402382e+09 7.447866646834929466e+09 6.735897676550425529e+09 6.311866413902364349e+10 -1.336103844901976585e+10 -1.036203424524411583e+10 -7.225723088464923859e+09 3.294944963321814537e+09 4.098652972039857864e+09 -1.472601760228295517e+10 -5.094913844449230194e+09 -2.706605888123216152e+09 -1.324518813811238766e+09 -1.878630794679199219e+09 6.559645363815117836e+09 -7.279432891937061310e+09 -5.906621286126220703e+09 1.388846335770489216e+09 -2.862576389348128796e+09 6.667032098025730848e+08 -4.394042532745248795e+09 -2.579137208600250244e+10 1.398299029728197813e+09 3.073097811954396820e+10 8.576044804218292236e+09 4.833401990686420441e+09 -3.432521431598443985e+09 2.650787125588024902e+10 -3.381161443915155888e+09 -1.019483669280924052e+08 -3.044776772553216457e+09 -8.516326820439465046e+08 2.154893460525086880e+09 -2.605133501284105778e+09 -4.979678424369448662e+09 2.838520717054245472e+09 3.532377726383594036e+09 3.727758466113613129e+09 1.226059805119166970e+08 4.757244162752263546e+08 6.291490039551838875e+09 -7.519710342756752968e+09 -3.764953864118509293e+08 2.547671962881137848e+09 -5.792529447453004122e+08 -1.317602098039657354e+09 5.848995384623004913e+09 5.272536587044788599e+08
9.550272289136737527e+04 -4.651648946867198538e+04 6.919943242035983712e+04 -1.985682782110408516e+04 1.404712067999867213e+04 -8.080270721187089293e+03 -4.886632347029143602e+03 -1.208645344077049594e+04 2.645945549393649799e+03 1.464535941575242214e+04 -5.956680933660102255e+02 8.843193683219120430e+03 7.341550060661353200e+03 -5.109088051475007887e+03 4.598900029869255377e+03 -1.151204248316240864e+03 1.114327224445395404e+04 5.102188551259467886e+02 5.851679402112401476e+03 5.317428704493026999e+03 4.593067669418061087e+03 3.071735169293384388e+03 7.216641797053262962e+03 -1.494232743487105608e+03 3.850391946248478234e+02 2.628730102583612734e+03 2.554283911090840320e+03 3.666620460446442848e+03 5.318858242783706373e+03 3.086107406382128374e+03 -4.801295871191684341e+02 3.052495229491014015e+03 3.579141285985329432e+03 3.241392809425797623e+03 2.627805564161450548e+03 3.055427243731449835e+03 7.284636409146467486e+03 9.997586248754621920e+03 5.784844335534150741e+04 1.373259762267036422e+04 3.662237216967738732e+03 1.954170318151713673e+03 4.312864212079467507e+03 2.646107093726824587e+03 1.370187248838344431e+03 -2.280993674552712097e+11 6.373868233948798370e+10 -3.361370679192971802e+10 2.391395844893784332e+10 -1.793542587312889404e+11 5.998952144745520020e+10 3.660554609881406784e+09 -4.569578757324150205e+08 -4.561736093246704102e+10 1.845104563828247833e+10 -3.377817789578561401e+11 -1.483024817065373039e+10 1.048814064601773453e+10 -3.393491447244176865e+09 -5.171985513310909271e+09 -2.884412867603596878e+10 6.064486450008437157e+09 4.807494597657320023e+09 -5.812480196185159683e+09 -1.745846138126179199e+11 7.802498454246022034e+10 1.779026222885092020e+09 -8.387045494154178619e+09 2.258379555701132202e+10 3.093156940042250156e+09 -1.221712652661426735e+10 1.397529388031235123e+10 -1.979115748340592194e+10 7.646898835542979240e+09 1.601721731248151970e+10 2.415790699255362511e+09 -1.682401529877338600e+10 1.547433146475956726e+10 -2.389662020267239761e+10 1.249834397414365234e+11 -4.473741194861407280e+09 -5.888787560410019875e+09 2.406363310224202156e+09 -5.938550006003098488e+09 -3.266155220428688526e+09 -1.554622798153084755e+09 1.510656404100095987e+09 -4.460764541882740021e+09 -1.291039543254408646e+10 -4.036827930203543663e+09 -3.982185852728963852e+09 2.882198186947127581e+08 6.438684310932098389e+09 -4.806257573192264557e+09 4.344742068772615814e+10 1.732135394177074814e+10 -3.084466094604661465e+09 -3.701161652564716339e+09 6.226663009263854218e+10 1.324439806490038109e+10 -9.524803756898748398e+09 -5.897599473980141640e+09 4.472273028468509674e+09 2.379394285629976654e+10 -7.447608022880137444e+09 -7.681471494403707504e+09 -1.487467834957365036e+09 2.391232453431919098e+09 1.810276062173871040e+09 -1.653306358120280266e+10 6.451915357449394226e+09 1.149731880043334365e+08 -3.294017743985383034e+09 -1.937734830077356577e+09 7.894712902473537922e+08 1.211639440115023136e+09 -2.002943068689356613e+10 -3.936438864451687336e+09 -4.411496630358891296e+10 2.422459126387375355e+09 3.371616499932810783e+09 6.779467491266197205e+09 1.206166805005600586e+11 -1.153234995168533134e+10 -4.960748961000744820e+09 9.841181816818053722e+08 4.034373561855773449e+09 3.092519372337739944e+09 5.783906321683378220e+09 3.719411405547284603e+09 7.057872789647500038e+09 6.717042848353625298e+09 7.182558963165579796e+09 -3.362946229456536293e+09 -8.821472008367803097e+08 -8.054416156536073685e+09 4.171076357980902672e+09 -2.464109863041719437e+09 3.765532882169321537e+09 2.081206079590187550e+09 5.543597062818988562e+08 -4.846202256436250806e+08 7.282520150079051971e+09
1.674327285289434367e+05 2.634675868119459210e+03 6.792393111409181438e+04 -2.188108574073953605e+02 1.988627684354569647e+04 -2.050318313292818857e+04 2.594995789153616897e+03 -7.713053421504730977e+03 8.040718666150952231e+03 -2.263782711837998249e+02 -1.385371793758989224e+04 2.696381925998915449e+03 8.543981515535548169e+03 -3.357583578044213937e+03 -3.159979936193135018e+03 -4.439000782361915299e+03 3.622448153385546448e+03 5.759659486812610339e+03 6.433665222856160653e+03 2.571670760243622226e+03 1.626308988054434167e+03 1.073596927541918831e+03 -1.739120029003516038e+03 2.962078462355192642e+03 4.547571244256399950e+03 3.917488172648671025e+03 1.582155677560984259e+03 -2.487760709155615132e+03 -5.584517653176479826e+02 3.568307699268080341e+03 1.826344645730362799e+03 2.130423639650729910e+03 -1.283534584753704166e+03 1.612418161411454093e+03 6.042687830860745635e+03 2.278207736320351614e+03 2.939616315657900032e+03 3.919278155600734863e+03 1.373259762267036422e+04 5.539048650819245813e+04 9.228290577504700195e+03 2.309171563117479764e+03 3.704119518804114705e+03 1.813937597035114777e+03 1.545019193259849089e+03 -1.069936705525488281e+11 -8.301849397364025879e+10 4.711733653546020508e+10 8.859500388584812927e+10 4.000654050130281982e+11 3.719329506380886841e+10 -1.828393246017725372e+10 6.257632452403063965e+10 -8.386267165776418686e+09 -1.733955134245214462e+10 -6.163972433402793121e+10 4.246967571153356552e+09 -6.568178017152939796e+09 -3.564298342410104752e+09 -1.577888990790438414e+09 1.653343043839567184e+10 5.888559302933909416e+09 -2.331514827073203564e+09 -1.455008170207261276e+10 2.648243865862062378e+11 -1.308809859750913696e+11 -2.157682048241973877e+10 -1.930498672144415855e+09 2.077037200830708504e+09 1.732557738357452631e+09 -1.559766043624339485e+10 1.383009185854269409e+10 5.226916256000758171e+09 1.043647130135696220e+10 1.291852050315004826e+09 3.092255998245871067e+09 1.192489378818107224e+10 3.517722614253483582e+10 -8.856282012343439102e+09 -2.887471585198246384e+10 7.133448263857354164e+09 3.298558725038438320e+09 -1.678058896421792805e+08 -2.371099403801063538e+10 2.361511653818136826e+07 -2.689960621876933575e+09 3.881207116320536613e+09 3.408101421107626438e+09 1.848820586706380081e+10 1.714110029327697992e+09 6.299971622965889931e+09 -2.535816663257993221e+09 -1.402032705806765795e+09 2.730731413664248586e+08 -1.231378496686332893e+10 2.067333463730070114e+10 7.664876343669065475e+09 -3.674988000764269829e+08 -9.698512282277244568e+09 2.524597085409850597e+09 -3.503689438757180214e+09 -8.887510967439863682e+08 1.369654608562616706e+08 1.717540222851252556e+10 1.742779055101883173e+09 -4.213960228661101341e+09 1.136979805847534180e+09 3.700485160681551695e+08 1.834751970366430759e+09 2.064499556500218201e+10 7.505907690049424767e+06 -1.344966321884346962e+09 -6.144945964876202583e+09 -8.767068658118147850e+08 1.297849321810028076e+09 4.633670362294174194e+09 3.245603129872235489e+10 -1.215187533953400230e+10 6.215757779118415117e+08 -1.002758437179524994e+10 -4.732781132920371056e+09 2.385085086828019321e+08 -1.858596998373523951e+09 -2.863609356382008076e+09 -1.124378203079169273e+10 -4.698767825984310150e+09 -2.149135508888896108e+08 -2.553616531331668377e+09 -5.038788386284796715e+09 8.367397439078407288e+08 -2.380039096986695766e+09 2.892925849207355022e+09 2.533272882002136707e+09 -1.683796574426125288e+09 3.819882873089640141e+08 1.541611659683350945e+10 1.005205116540563583e+10 -5.118131041025934219e+09 2.101560529653379440e+09 7.248441412094761431e+07 2.323954207816245556e+09 -7.500186737729010582e+08 1.192656437576321030e+10
2.846916647541941347e+04 -4.542334320046522771e+04 7.028670173995958976e+03 -2.114597743290296785e+04 -8.407446202144161362e+03 4.395981086670342847e+03 -4.676273401296281008e+03 -8.310459276317000331e+03 2.382775551279873980e+04 4.516081657403671670e+03 4.266904744285581728e+03 5.577068587909724556e+03 2.379653278054060866e+04 8.062869607331251245e+03 -1.807023051743585711e+02 4.571156131455803006e+03 -1.629310166276428845e+03 4.423428055902934830e+03 1.648663258633593841e+03 2.285954574171099011e+03 2.493294947854794373e+03 7.291405389849664971e+02 3.294168862025279054e+02 5.638346333803490779e+03 3.089680038527192210e+03 1.603600733714480612e+03 -1.003645099611079218e+03 2.531489302738580136e+03 1.886687788830017325e+03 -7.098897596513778296e+01 2.785020483933384185e+03 4.227199664000568191e+03 2.546676180779446895e+03 3.788899167302123260e+03 4.589956166913309971e+03 4.444343882115853376e+03 2.493944737977175009e+03 5.743084344478294042e+03 3.662237216967738732e+03 9.228290577504700195e+03 4.811030884032948961e+04 7.732787478664214177e+03 2.109435907404976660e+03 9.100513577297122083e+02 3.992305871927927910e+03 2.406054968472990417e+11 -4.095777686568161964e+09 -1.880678083060486317e+09 1.311206296372808075e+11 -4.498858503968724823e+10 -3.246655253359180069e+10 2.693361544741020203e+08 7.046782870239278793e+09 -8.755175297258836746e+09 -1.434684666448885536e+10 -3.052718872281310654e+10 -3.892862876633103943e+10 -3.494948806146629333e+10 -1.962805649485567474e+10 -9.530796149870010376e+09 -1.771787654969599152e+10 -1.754901501255944014e+09 -5.649784968743451118e+09 -6.909446450049380302e+09 5.603054445496185303e+10 3.412397711012789917e+10 2.671976043714427352e+08 3.813250633259337425e+09 1.299777933081591797e+10 6.960434813319031894e+07 3.261018528242500126e+07 -6.395311829373121262e+09 5.374049688282554626e+09 -2.489479608139351845e+09 1.590118589718359709e+09 -1.495540225243598461e+09 9.741859740986782074e+09 -2.583300298326897812e+10 1.067666020219962120e+10 -3.128901110492995453e+10 1.011736905247267723e+10 7.253300526949599266e+09 -9.575350984572366714e+09 -4.998850834849746704e+09 -1.221402701789831817e+08 7.479155327045819283e+09 1.091257684241364717e+09 8.571711052434479713e+09 1.834894743212715149e+10 -3.728022900274610519e+09 2.822461726304808617e+09 -1.093613883535341740e+09 2.650215974079876900e+09 7.600782000552764893e+09 5.963935646050472260e+10 -7.039041280776141357e+10 1.445917135752154541e+10 6.495294540449388504e+09 5.391398726831887817e+10 1.378173925297604370e+10 1.642938438101973057e+09 1.257583187430303812e+09 6.096555459113318443e+09 9.328349022540159225e+09 4.135172414167919636e+09 2.794963384376095772e+09 3.223923149264122486e+09 1.465047610661278486e+09 1.613738632681476116e+09 7.078043344423502922e+09 6.301289154108368874e+09 2.379996040728037357e+09 -4.028303408495080948e+09 3.647118601942527294e+09 1.158490203749831915e+09 8.883810497264844894e+09 -9.183579048135341644e+09 7.856378151988963127e+09 1.320692713327654839e+10 -2.744312012571651936e+09 2.762377658056613922e+09 -1.154980948234738827e+09 4.338097934254129791e+10 6.447455926748373985e+09 -2.277546620862181187e+09 -7.527298994388924837e+08 -9.100864876460006237e+08 1.206640933699032307e+09 -8.577580470970923424e+09 4.017286138175489426e+09 5.770106118586531639e+09 -1.373495564202271700e+09 2.921325868946813107e+09 1.751502115224446535e+09 1.355780970573246002e+09 -1.069091108946697235e+10 -4.071596410635424137e+09 2.729828183739121437e+09 9.694278521564955711e+08 -7.853441466422923803e+08 2.930551869029322147e+09 1.799834818670522213e+09 -2.899801710875970840e+09
9.699788745735607517e+04 1.159856095637143153e+04 6.025110839592302364e+04 -4.353018121972725567e+03 1.002263072191128595e+04 1.000237775688356487e+04 8.562557028133756830e+03 -5.369603387803826990e+03 7.407999958408286147e+03 4.023410299310870414e+03 2.250312223182258549e+03 5.504331791018544209e+03 -1.071830518881090939e+04 4.270957597811750475e+02 3.546478520651891813e+03 8.556601886844768160e+03 -3.000922632629458349e+03 -2.304769400307774958e+03 -1.024503026516041064e+04 1.602379117469180301e+03 1.987627510182036758e+03 3.315985389325454435e+03 2.241225276863262025e+03 4.891977304797291254e+03 4.070589001443282996e+03 3.116394382615009818e+03 6.937591682367871726e+03 1.694508045557199011e+03 2.465756736773763350e+03 6.596989857400245683e+02 2.696799136192115839e+03 1.565205129422574828e+03 5.194093392754959496e+03 4.679531760681979904e+03 4.642588100202288842e+03 2.757861773841329978e+03 3.094263627588732106e+03 1.983642772385506078e+03 1.954170318151713673e+03 2.309171563117479764e+03 7.732787478664214177e+03 4.685522206980302872e+04 7.070828724491268986e+03 1.191964684336072878e+03 2.431812273713586819e+03 4.272765243841365814e+10 -5.896636306561109161e+10 -9.393131468292541504e+10 8.115971329242609978e+09 -1.123810208977411194e+11 7.191552382919364929e+09 1.191232167887554359e+10 3.176285418200537872e+10 2.573664969247003937e+10 2.524229291472844315e+10 -7.411428992253057861e+10 1.418566764320505524e+10 1.651764043413074303e+10 8.002588717875662804e+09 9.519419980503643036e+09 3.582014661502830982e+09 3.434430127531319141e+09 6.860508760181041718e+09 -7.597649930132784843e+09 5.528386547214695740e+10 3.312669875889819622e+09 7.865465244888407707e+09 -9.624124601468845367e+09 -3.071655865159648895e+09 7.357149025542205811e+09 -3.291766448954887390e+09 1.656306724407757378e+10 2.417785797976451874e+10 1.190742591996936226e+10 4.155915910661816597e+09 5.023416321552893639e+09 -6.312130169144632339e+09 -1.362230122338320923e+10 1.348006785359792328e+10 1.305963790912004662e+10 -1.253284812141966224e+08 3.292500137087529302e+08 -2.491702398134869576e+09 -2.919323892319295883e+09 4.332200057478033066e+09 3.846692464330665112e+09 -3.763543185066349983e+09 2.300253182683410645e+09 1.559168014604808235e+10 -1.229837587177046061e+09 -1.311375811239979267e+09 -3.751720531523442268e+07 9.181271958075696230e+08 -4.017358529431481361e+09 -3.010670267204232407e+10 2.495847871901254654e+10 1.224842138513100243e+10 4.436058905262135506e+09 -5.758077463470957184e+10 -8.833598087387550354e+09 6.304593849342362404e+09 3.569507459395609856e+09 6.246477935563690662e+08 -5.745106851878020287e+09 -1.267885938449750990e+08 -5.982721194512413025e+09 -4.617686966440974474e+08 -1.073899154754383266e+08 -8.768135669204883575e+08 1.247613109935912514e+10 -4.294183804080929756e+09 2.329501603385096550e+09 6.013906833421013355e+08 -2.129194548412438393e+09 -3.490578991823219657e+08 8.166389752937734604e+09 4.347148998988435745e+09 8.952981323145406246e+08 1.868691916416888428e+10 9.753031348177556992e+09 7.970826021081716537e+09 6.827610383552154899e+07 8.403734540756256104e+10 1.093678012136044693e+10 1.870363339654618502e+09 -2.676712575673303604e+09 4.154494210509200692e+08 -2.701924006906457901e+09 1.367375846569482565e+09 5.386288474858521461e+09 -1.392645156067050457e+09 8.913429699759501219e+07 2.976264955675659657e+09 -2.086732371631078124e+08 2.271267748594835758e+09 -2.607554564047250524e+07 5.896741393448351860e+09 2.276846693762077332e+09 2.488710671428333282e+09 3.576839812178870201e+09 3.832747066034346581e+09 5.201504841678278446e+08 3.236742296985176563e+09
2.997800802004371872e+04 -2.305808348271753130e+04 -1.151321569687670672e+04 -2.870107706043317012e+04 -1.187428978656914296e+04 -4.435493947971946909e+03 -5.358397933618466595e+03 6.355020582484620718e+03 -5.218786417389565941e+03 4.137272643954012779e+02 1.328220325205772133e+04 1.158757849405109482e+03 -2.188265394490835206e+03 2.854036667885962288e+03 9.526566559280832735e+03 7.380003037600743482e+03 1.371529380830771174e+02 3.982374442516544605e+03 -5.603185453945063273e+03 4.377000685487254486e+03 -1.316028296237500399e+03 4.429230289396929834e+02 1.126145825148967788e+03 1.147201944115751985e+03 -4.006728068431479187e+03 5.310743669560121134e+02 4.293893916642572549e+03 2.618808172526729322e+03 -3.198329783601150780e+02 1.923423135709833332e+03 4.394500223176655709e+03 3.023350309830143033e+03 2.141908904787600477e+03 2.995737354689318636e+03 8.197184153876886512e+02 2.034950691374135431e+03 1.736127002478279792e+03 2.262421001209098108e+02 4.312864212079467507e+03 3.704119518804114705e+03 2.109435907404976660e+03 7.070828724491268986e+03 4.620039514016253815e+04 6.602350502926864465e+03 2.050453461592406711e+03 -6.510568072813919830e+10 -3.055606762890859842e+08 -7.275501917187115479e+10 -4.838821836032602692e+10 4.880748159917539215e+10 2.586646939392187500e+10 5.710555217754891396e+09 -4.057977716171432495e+10 -2.582346879727838898e+10 -1.031926969468077469e+10 1.163568956852497864e+10 -3.544249468711872101e+09 2.115870879536630392e+09 -1.019955952330607605e+10 2.510968513554854965e+10 -8.189924368115550995e+09 -5.076084798765748024e+09 1.739535453915749311e+09 9.084860768785585403e+09 -2.424093495261009598e+10 -8.991485471635463715e+09 -1.453503689293106461e+10 -1.684721292725226164e+09 -8.793747469373838425e+09 -1.368966667562287092e+09 -3.561726397410272598e+09 -1.146317882009321451e+09 -1.716652456269742393e+10 -1.372285397062891197e+10 9.425753245178163052e+08 6.923729139567734718e+09 -7.127448890500416756e+09 2.592880751842216873e+10 -1.373322656985335159e+10 -2.463430936394697952e+10 -9.613001745746107101e+09 -6.758341488842121124e+09 -3.089838854722387314e+09 -2.452057434187896729e+10 5.006143122392820358e+09 -2.873899287015032768e+09 -3.463952436114964485e+09 3.078940301922307968e+09 -1.479398028044621086e+10 -1.508260931002391815e+10 1.921784195077576828e+10 2.416651447802289486e+09 -3.723023564382455349e+09 -2.497302906245188236e+09 1.949005630719004059e+10 -5.886290325238507080e+10 4.082633970741615772e+09 1.601390689143261671e+09 1.689730612917303276e+10 -5.266723939913820267e+09 -5.053433129414801598e+09 2.558529755737926483e+09 3.967922111944595337e+09 9.861013667193145752e+09 -7.368582404185379982e+09 -1.351362676059468746e+09 -4.308319771038225889e+08 4.311946821580747604e+09 -1.801317533272029400e+09 -4.722436520996763229e+09 -7.656013902710656166e+09 -2.420932640679035664e+09 1.136026424426249504e+09 1.060298605947374105e+09 1.895816199085772276e+09 -2.798366254500252724e+09 -5.944750372892289162e+09 2.805394345424385071e+09 8.892873993550347090e+08 6.981056845817692757e+09 -7.582931736311814785e+08 -5.159028676259818077e+09 -3.470745984722412109e+10 -6.804640465608398438e+09 3.438080042070576191e+09 9.609758469149011374e+08 1.839393584880849123e+09 9.112467525027137995e+08 1.559944271811732483e+10 -7.934486646824462891e+09 4.788867729188437462e+09 1.109509511409082651e+09 1.559479610337564945e+09 2.431274342525597095e+09 3.863435863881392479e+09 -3.552187529462835789e+09 7.536771437363930941e+08 -1.438407411210828066e+09 5.179046071033809662e+09 2.914337460067628026e+08 2.590454501499005795e+09 -9.765302140212881565e+07 1.064249012892374635e+09
1.248983682740472141e+05 5.336514445996812719e+04 2.383617815979574516e+04 3.986353097115349556e+03 -2.759241387497646792e+04 -1.127715490998008496e+00 2.876666442105457918e+03 -2.463638039570383262e+04 4.712659410433810990e+03 4.234513072845921329e+02 -6.645756371269096235e+03 -1.133816686452057729e+04 9.322777844001805079e+02 2.993661406557323062e+03 -7.038648680290771154e+02 3.575436758538162849e+03 2.201637928925733831e+03 4.735123550201410580e+03 -4.347587293251718847e+02 2.250686734119408811e+03 -2.316554679621245214e+03 -2.526682032982420878e+03 -3.415220662892711516e+03 1.075226511237101249e+03 3.197735212551544919e+03 -6.875108370422485677e+02 3.607565128916044017e+01 3.405273757557136832e+03 2.186812066791932921e+03 3.451952026849263007e+02 1.317651287836227766e+03 4.283917706664852858e+02 2.653727709048670931e+03 1.438939562298221517e+03 2.194286302442651220e+02 3.398894155732205945e+03 7.095430370849636574e+02 3.266026295846443645e+03 2.646107093726824587e+03 1.813937597035114777e+03 9.100513577297122083e+02 1.191964684336072878e+03 6.602350502926864465e+03 4.615671985301284440e+04 7.429216790809736267e+03 -2.290339888753779602e+11 -3.223737717617262650e+10 -1.688762732507602501e+10 2.050457146058983231e+10 2.501636804653294373e+11 2.064392025553270340e+10 -1.812153867864846420e+10 -3.693418795170351410e+10 -7.531136177810796738e+09 1.742475239113562393e+10 3.706091612069969940e+10 -4.405826941327621460e+09 1.756925424268477559e+08 -2.175348310032342529e+10 -8.669203039209480286e+09 2.015832326639379883e+10 -5.113784408166194916e+09 -1.838276076735257864e+09 -1.226254584582140744e+08 1.323743334086002655e+11 -1.490272316945888062e+11 -8.003134718068950176e+08 -3.043940995531030655e+09 1.419211054886659241e+10 -2.976565903932988644e+09 -1.172766064991445541e+09 -2.674703131073355198e+09 3.614137702631291199e+10 -7.592483834772084236e+09 2.134733513358479738e+09 -3.882020394332575798e+08 -4.431692700260272980e+09 -1.929335059518061066e+10 -1.292076362329000473e+10 2.351657858258160782e+10 4.885529058935589790e+09 2.869754902968312263e+09 -1.901665137373317719e+09 -6.753280896140266418e+09 -6.308494246423521996e+09 3.980764656061844826e+09 -2.087167472847589254e+09 -7.983153264516757965e+09 2.746295063722371674e+10 -1.254200140857340813e+09 -4.312181464427021027e+09 1.038368906783711433e+09 -3.150019768724009991e+09 -1.833029868021300793e+09 1.817165536213603973e+10 -2.977974775103389359e+10 -3.580245495782661438e+09 -6.384504359376605988e+09 1.292759671711466980e+10 -8.700112568699524403e+08 1.207044363116106272e+09 -1.561072708968465567e+09 1.973736680638849258e+09 3.801110047994902134e+09 -8.997118853869037628e+09 -6.805059542153555870e+09 -2.353808305755203724e+09 1.095473349087312937e+09 -2.241778619537446499e+09 2.016311390669255829e+10 -5.903776064971497536e+09 -4.196126103270832539e+09 3.353070454615185261e+09 4.436446753225344419e+08 4.339963302045488358e+09 -3.995130350964152336e+09 -2.091163660293883896e+10 -3.370955966027195454e+09 -5.277456192471864319e+10 2.314007346385117531e+09 7.319353963251347542e+08 -1.560024916838517427e+09 2.352200039333160019e+10 -1.347798020487298775e+10 -7.242150255515794754e+09 -2.475050847352308333e+08 1.878898812705545187e+09 1.143263713222685099e+09 -1.601869121479225397e+09 -1.963320969486870527e+09 -1.307833227628251791e+09 2.327305895712292194e+09 -2.099619654228376627e+09 -2.255988818029623985e+09 -1.408066069457266033e+08 2.025125976890669250e+10 -1.006196509217182517e+09 2.019436071067903519e+09 3.671269422376736164e+09 -1.245982673999962568e+09 1.482194645440813780e+09 5.313368047421308160e+08 2.950687569394235611e+09
-5.281159901159648143e+04 3.503862019480884192e+04 5.946750603590937681e+04 -9.257087271896334641e+03 -8.395610042096342340e+02 -1.123497350773702601e+04 1.601923163047450089e+03 -1.531281068234932718e+03 -2.691999406858421025e+03 1.717509278748216457e+04 4.827661496596041616e+03 -6.628115777523856195e+03 3.593992301502252758e+03 -3.531938780869469156e+03 -4.940653785214251002e+03 1.748717247031800525e+03 -1.837132150439222414e+03 -1.808838740255120456e+03 -2.371359179090852194e+03 3.553101994392765391e+03 1.499443265544430460e+03 8.343111801816470461e+02 -1.645304874628970538e+03 4.583358425322124276e+03 -7.396401904233970299e+02 -2.419269705119540049e+03 1.438114887253509778e+03 2.053289059138173798e+03 1.971751464624614300e+03 4.974959427048848738e+03 5.092729850346896114e+02 2.648228425670935394e+03 1.393067739978531108e+03 2.227186481905655910e+03 6.074064664090779075e+01 5.790817732977368905e+03 3.885939662560027045e+03 1.296209619238246432e+03 1.370187248838344431e+03 1.545019193259849089e+03 3.992305871927927910e+03 2.431812273713586819e+03 2.050453461592406711e+03 7.429216790809736267e+03 4.047760161978449469e+04 7.890355646063938904e+10 6.989922084116598511e+10 -5.314290153621929169e+10 -1.604098089076984024e+10 -4.282627542822008057e+11 -7.801902526348825455e+09 -2.304613476053435135e+10 -2.504582494542773438e+10 7.512358080653397560e+09 2.969642317246017838e+10 2.698487923379243469e+11 -1.364929372689040661e+09 -1.478654219402314949e+10 -1.616637738593400192e+10 5.387354748853606224e+09 1.594462994423096848e+10 -1.105609199574584770e+10 -2.553850091568094254e+09 -5.361771659145659447e+09 9.792888008610055542e+10 -8.103024679957955933e+10 -2.073637280607020617e+09 -1.101571603089549541e+08 -8.820025398313014984e+09 7.211969390867424011e+09 -7.715268530431351662e+09 4.415966617120035172e+09 3.857900009230183125e+09 2.259043534752417564e+09 -3.740245694372246742e+09 1.056159868333234024e+10 9.123994887373338699e+09 4.427225951507229614e+10 -7.377490351533540726e+09 -1.056334925313908386e+10 1.711019835010016251e+10 2.327033412648372650e+09 -5.839327003140084267e+09 7.031589418928300858e+09 4.278567538110245466e+08 5.773780721015426636e+09 1.866229697204929829e+09 -1.691059586061084986e+09 3.531462017181897163e+09 -1.614085983151969910e+09 -1.154608006569943905e+09 1.883799871526187658e+09 3.047983014095436096e+09 7.753973215998787880e+09 1.079872973670023155e+10 -1.640500860077430534e+10 1.559398522846847296e+09 -8.508189431132407188e+09 2.483562101592224121e+10 7.622719304329657555e+09 1.338208447306221485e+09 -4.883158017140581012e+08 2.999265542773770809e+09 1.144745453619950485e+10 9.296530825536940098e+08 -1.272159642043635368e+09 -1.547345898177376986e+09 3.584987743632228374e+09 -4.694172829746291637e+08 -4.241275760605527401e+09 -3.951325389343377590e+09 2.298993205690239906e+09 -1.827484633659431934e+09 4.271898466151627064e+09 -5.266990583434524536e+09 7.701902711598168373e+09 -5.355804730153285980e+10 -4.737737559362667084e+09 -1.902874186226505280e+10 4.035906075695241451e+09 1.706951898616944790e+09 3.977787649269308567e+09 3.781419503271355438e+10 -1.345887826907269001e+09 1.620279477523096800e+08 -4.584562135809020042e+09 1.773672492730264664e+09 2.824368030420393944e+09 -7.456679754851935387e+09 1.019868341824633241e+09 -4.823482267177651405e+09 -1.748324574411978483e+09 2.428379965242913723e+09 -1.247093588826922178e+09 1.542965848269506931e+09 -1.924779158648169041e+09 4.681009228472301483e+09 8.296988637558066368e+09 1.768111009311004162e+09 -8.393361358680985868e+07 -3.568497154658777118e+08 -3.595733943664714694e+08 -1.771417721412107468e+09
-9.925313668706050781e+12 1.412212722200236133e+13 2.905902186864469238e+12 -3.682311696907570190e+11 9.219247273914759521e+11 -5.913022040627224121e+11 1.318620109499439392e+11 -6.122226534477945557e+11 -8.829732541682529297e+11 1.717606814435598877e+12 1.843004965295311035e+12 1.999775694013723145e+11 -1.355670240145936768e+12 -6.478856367259246826e+11 1.251781188829107910e+12 8.393586925890855713e+11 3.668072931750834351e+11 2.264728236658606262e+11 6.800110112242851562e+11 6.448083075225842285e+11 6.560960292180598145e+11 9.461068223790237427e+10 5.750553092839107666e+11 -1.303848220699168854e+11 -4.821036852652461548e+11 1.051905803847145844e+11 -5.450669589738671265e+11 -1.038038894040762024e+11 4.375222271654510498e+11 -3.041880184613830566e+11 -1.409805100547194824e+11 -2.897275357534537964e+11 7.568028838426587105e+09 5.678450522510244141e+11 -1.229527927536133270e+11 2.521169525943059692e+11 1.536586183807578430e+11 1.416267384343679619e+10 -2.280993674552712097e+11 -1.069936705525488281e+11 2.406054968472990417e+11 4.272765243841365814e+10 -6.510568072813919830e+10 -2.290339888753779602e+11 7.890355646063938904e+10 6.981333667803580334e+20 7.481247365458252595e+19 2.659437471079823360e+19 6.915892446992890880e+18 1.321352085410793062e+19 6.347840745583500288e+18 -5.734641108531478400e+17 9.402711068062187520e+18 1.215980808183512832e+18 -4.782021788650493952e+18 3.092304395475818496e+18 -4.893001284598704128e+18 4.987896608295194624e+18 -1.787107484722389504e+18 9.516909732216067840e+17 1.424621475877050982e+19 -2.574577295314913280e+18 2.527186669037983040e+17 -1.878779951866519552e+18 1.041950549565992346e+19 -3.803046729380492288e+18 2.546325877566030848e+18 3.914469977590533120e+17 5.474265086730764288e+18 -8.558800746545574400e+17 5.831225418194656000e+17 -2.564639463440432000e+17 1.182067365447788749e+19 3.881172588572455680e+17 -3.530508497163975680e+17 1.298574382836908544e+18 6.054203220371970560e+17 -3.895134080554773504e+18 -3.602469883645393920e+17 7.983911604166877184e+18 4.640750661422573440e+17 3.984129584455111040e+17 8.248640832511542400e+16 4.154606523534977024e+18 -4.171419525384870400e+17 3.839226950170904960e+17 7.903626783932544000e+16 2.092363778334450880e+17 8.964128056278477824e+18 -1.920547186761669120e+17 6.950816153858173440e+17 -1.277263781657084640e+17 -6.883888624710309120e+17 -2.538173978801860480e+17 -2.813835004127023616e+18 3.664511339079122944e+18 -1.266664839105687808e+18 -3.220825609183651840e+17 -5.724357471352124416e+18 1.768885879561101760e+17 -7.901571599145907200e+17 -2.391588224839604480e+17 2.935797050728392960e+17 2.133270990462903040e+18 -6.336479206478169600e+17 -2.194538200563606080e+17 -1.019997591369547200e+17 1.262434124346531200e+17 -4.206169728422318400e+16 8.527024476914306048e+18 -1.189376242332794880e+18 -2.732836088421796800e+17 -1.124943196135659040e+17 -9.337016010657451520e+17 2.980169518569366400e+17 4.678808880600892160e+17 -1.129571668217742131e+19 -7.779375716620289280e+17 -5.699314256905545728e+18 2.781970358520635840e+17 4.240737182860335360e+17 -6.830762475669254400e+17 6.708450303911997440e+18 -1.293323186731559168e+18 -6.417830899304885760e+17 3.253070001347991040e+17 2.781489772246910400e+17 2.369825284365296640e+17 3.376640139560423424e+18 -1.468148593111915520e+18 -1.992299297713920960e+17 -1.690228458023315840e+17 2.647773231813648640e+17 -5.458474937906377600e+16 2.806958103076966080e+17 8.920980334689745920e+18 -1.680970331244989952e+18 1.586431906653723000e+16 4.865791638831244800e+17 2.058148859112831600e+16 4.263199424785927200e+16 2.241366313419736000e+16 5.952970262691892480e+17
-5.544628312126551758e+12 1.145099623677473242e+13 7.721146452381946289e+12 3.272399435364695312e+12 1.828909637540050964e+11 7.864539411046308899e+10 -4.527911123149197998e+11 1.897528246545707703e+11 4.486638239393599701e+10 1.342422178556523438e+12 2.381475820716208191e+11 -4.884525555572520142e+11 -1.189355494470691376e+11 6.575632948902590179e+10 2.663634062588637695e+11 -2.530024149039358521e+11 -2.763832619377590179e+10 -2.625393689687088776e+10 3.645942107502740479e+11 3.291118274538602905e+11 1.432220790670945435e+11 -5.581098918584404945e+09 1.347731083705010376e+11 -1.716124163112943726e+11 -3.656103326826643372e+10 2.194235401915777283e+11 -1.671693382818021851e+11 -8.498438500283387756e+10 1.434650066940611572e+11 1.368297483593547668e+11 2.977551411700184631e+10 1.688217191233920288e+11 8.274948944417094421e+10 1.545283499831431274e+11 1.729227760139280396e+11 -1.207002768383043823e+11 -9.915718292092849731e+10 1.728570491998449097e+11 6.373868233948798370e+10 -8.301849397364025879e+10 -4.095777686568161964e+09 -5.896636306561109161e+10 -3.055606762890859842e+08 -3.223737717617262650e+10 6.989922084116598511e+10 7.481247365458252595e+19 1.871520394430879498e+20 1.694644007747412378e+19 4.291850238303204864e+18 6.313822573471340954e+19 6.361894953495222272e+18 9.976340521272644800e+16 2.824515045251155456e+18 2.599366360977213440e+17 -5.804468748989466880e+17 -8.037377881716377600e+18 1.823247000159587840e+18 3.821195461180793344e+18 -3.623422487923239040e+17 -7.441708504578343680e+17 4.954804424398735360e+18 1.461426812582906560e+17 -3.811764111981677440e+17 -3.971134944817055360e+17 -9.780915563194781696e+18 9.568715735828400128e+18 3.649901972087253120e+17 -5.750767621767918720e+17 3.463976638821299200e+18 1.464292936100720640e+17 -7.725501816444944000e+16 5.633209818747276160e+17 3.486194683276854272e+18 -3.146310699704535040e+17 7.197927232874472960e+17 3.262133683615969280e+17 6.523012667267815680e+17 1.218641277553783808e+18 -5.854702163285679360e+17 1.608165487072686848e+18 -5.134667193501488000e+17 2.876840583953877600e+16 6.494928948304773600e+16 2.864645173927366656e+18 2.653115631739429120e+17 -3.357214640324306800e+16 -2.385014984335131200e+16 1.893537147746117440e+17 2.855342289135692288e+18 4.945464282432626400e+16 -6.828855506304289280e+17 -3.061551443151855200e+16 -9.028884522974920000e+15 3.986708260587490560e+17 -7.018115337516534784e+18 -1.327242231000992640e+17 -7.668115621818947200e+16 4.439655230210073600e+17 3.769940107323784320e+17 1.096304422127966240e+17 -2.224978526773290800e+16 2.047115606822179840e+17 3.278592077847866880e+17 2.407946057043151360e+18 3.051329971622033200e+16 -1.800041835187242880e+17 1.994192427857007360e+17 4.107281110245873600e+16 -1.914496264562822720e+17 2.280709757857995520e+18 -2.340173132950255680e+17 2.272447165709870720e+17 -3.565787585767436800e+17 -5.712559691481166400e+16 -7.917669605580192000e+16 -1.267738282950094400e+17 -9.034494494409598720e+17 2.545459020285668000e+16 -1.476829179646677504e+18 4.474060732756103680e+17 -2.002349374594394800e+16 -3.331113774412265600e+16 -1.625037024876457216e+18 -3.064807343277454720e+17 3.375363504666922880e+17 2.355855235016681500e+15 3.972942369559565600e+16 -1.399074738645059200e+17 2.750134073602151424e+18 5.321891730651629440e+17 -1.407060353831166720e+17 1.531558557019344960e+17 5.398217041216429600e+16 9.010938071463904000e+16 4.366096555575135200e+16 2.330736612522808320e+18 8.478896727579563200e+16 -1.860891195042350080e+17 2.101758462005468480e+17 1.998669296090024320e+17 -2.137983627809749760e+17 1.442657238941599040e+17 -1.407358035961117920e+17
1.985223600529039062e+12 8.130979597717448242e+12 3.574248816163477539e+12 1.104871707242846436e+12 2.873748005206525879e+11 1.058645667044197693e+11 4.899879907642902222e+11 -3.164623748748401489e+11 -7.134331202528924561e+11 3.098098572529505615e+11 -2.370594866268560486e+11 -1.133393800024511414e+11 2.236346145655461121e+11 -2.256329895024913788e+10 2.481151104124963684e+11 -4.367161203216591835e+09 1.186206174468683243e+10 -1.727152672320580750e+11 1.429831653981160278e+11 9.604852597517427444e+09 -1.062732638628839264e+11 -9.248133940158758545e+10 4.853845735994944000e+10 -1.782460588503641052e+11 -1.051767305836292877e+11 5.182388011036148834e+10 1.809918681833330154e+10 -1.011548601479933777e+11 7.066082376071833801e+10 -4.563728072112484741e+10 5.306778724028129578e+10 2.684435420744932175e+10 -4.416401628164708710e+10 -9.387394663311412811e+09 -8.584144183488465881e+10 -7.237134813297666931e+10 -2.456742552275910568e+10 2.061829891008265305e+10 -3.361370679192971802e+10 4.711733653546020508e+10 -1.880678083060486317e+09 -9.393131468292541504e+10 -7.275501917187115479e+10 -1.688762732507602501e+10 -5.314290153621929169e+10 2.659437471079823360e+19 1.694644007747412378e+19 4.240376139981008896e+19 7.839365831405403136e+18 -1.220997037019979776e+18 6.710700296707124224e+18 1.220917407427282688e+18 4.824617055740748800e+18 2.964397168221210240e+17 6.778995295997768800e+16 3.020205528144207872e+18 -6.493457191534247680e+17 2.583639095485775872e+18 1.595558731778979840e+17 -2.111370259308883200e+17 3.760355956240918528e+18 1.835296507463477440e+17 -2.593745079559173120e+17 -2.407083967113060800e+17 1.112407133622972544e+18 2.617426306207548928e+18 5.497707150178249600e+17 -3.541499261715960960e+17 2.144024714682746368e+18 -1.160399346342221440e+17 -1.878251856910220800e+17 -3.405905623550489600e+17 4.080480893296705536e+18 3.057625577309827200e+17 2.583003559164900160e+17 -1.598219982454654080e+17 2.480521677548170560e+17 -9.119916955195102400e+16 -5.767192906374296320e+17 3.321848203747688960e+17 -9.980077318679745600e+16 -2.736818020685627520e+17 -1.561725613829357760e+17 1.337903418768731648e+18 6.902694794003183200e+16 -3.560650295506468400e+16 -4.935511811285936000e+16 -1.586866650409121200e+16 3.159658901809445888e+18 -7.130206057414415200e+16 1.452594159345508800e+17 -4.258269297514226400e+16 9.738558943219602000e+15 2.904759486454554880e+17 -1.314774472026550560e+17 -3.429560079744251392e+18 -2.063313672433182400e+17 1.977760166495123200e+16 3.049457689192900096e+18 1.210797371587733920e+17 -1.227772546822190720e+17 3.246628950430536400e+16 4.169542265002332800e+16 6.866603600734266880e+17 -2.065632032335601920e+17 -1.498058486149018240e+17 7.040219411589926000e+15 -3.123264512295496800e+16 2.379946834559664000e+16 3.481999333976972800e+18 -7.910679818324870400e+16 1.212110741768263800e+16 -2.574912280143765440e+17 -8.160107896649608000e+16 9.261520340880670400e+16 3.145624902872905200e+16 -4.520662297164300800e+17 3.512351294586337920e+17 -6.564003653931713280e+17 -9.796304937999854400e+16 -1.049241960423158720e+17 -2.866740136434148480e+17 1.244849048611000832e+18 -1.840747800959876160e+17 -1.832191047178154000e+16 -4.912581785089910400e+16 -3.300129494950535625e+14 -1.901998866961791360e+17 1.242472788284320768e+18 9.479779485256772000e+15 4.355428756914069600e+16 4.942858747122452800e+16 -9.924657646919993600e+16 -7.247138695789476800e+16 5.579712161788913000e+15 2.794054847660930048e+18 -2.947671284671989200e+16 7.801003097421264000e+16 7.707885953761475200e+16 2.535431194452198400e+16 -5.431481331177153600e+16 9.012832361798644800e+16 1.187530028155160960e+17
-4.332763405004101074e+12 1.750892728697286377e+12 2.497907984342586914e+12 3.923024088406292480e+12 1.487465587833425293e+12 -9.925172624343118286e+10 5.423712891440184937e+11 1.724140739315859070e+11 5.194280912595881348e+11 2.860396542717489624e+11 1.221968770288567047e+11 -1.956909537738443604e+11 1.746980956306385803e+11 -2.460436935254327087e+11 -9.481277728672798157e+10 -1.048540145401237183e+11 6.055463682502101898e+10 1.737838631856486816e+11 1.007650667785586243e+11 -1.902674826571135559e+11 -3.817222341053007507e+10 -6.538757079765894318e+10 6.855049327340152740e+09 -1.283171394047597198e+11 -1.299634431834168854e+11 6.465706215845117950e+10 5.294327252913450623e+10 6.530831483587091827e+10 8.461238728860681152e+10 4.075870031634351349e+10 1.309657356561397743e+10 1.051093229726837921e+11 5.435562313145411015e+08 6.607215930851937866e+10 2.016178434126978683e+10 -2.310289724149311447e+10 -8.750280264012541199e+10 -4.375681754712831116e+10 2.391395844893784332e+10 8.859500388584812927e+10 1.311206296372808075e+11 8.115971329242609978e+09 -4.838821836032602692e+10 2.050457146058983231e+10 -1.604098089076984024e+10 6.915892446992890880e+18 4.291850238303204864e+18 7.839365831405403136e+18 6.324706964970312499e+19 8.699581908130099200e+18 2.171457482243591168e+18 5.939081314411379712e+18 1.055271591439135616e+18 -1.839117576960380000e+16 7.453759368600279040e+17 2.425958036985859584e+18 7.250548467131371520e+17 1.906093340632078336e+18 9.491072419355688960e+17 -3.765026777347829120e+17 -9.775734111182028800e+17 3.390043177085344000e+17 3.835446083117467520e+17 -4.923473242346623360e+17 2.779390722500711936e+18 2.151817657928423936e+18 1.214880037237270784e+18 2.525073423296511680e+17 9.714891543050694400e+16 1.934534023332367680e+17 1.169994719222928320e+17 1.455124161016181000e+15 -3.112223792513729280e+17 2.205867262781611520e+17 2.829488458737976640e+17 -1.785859173151386240e+17 -1.320576732922477440e+17 1.016506046344761088e+18 -6.272413187446242560e+17 3.832266366593235968e+18 3.926179769563216000e+17 1.376564244712202400e+17 -3.845191869686330880e+17 4.557123363117441280e+17 4.137347956655652480e+17 -1.504912068850225920e+17 -1.234807780179496960e+17 -1.033863302494390240e+17 -1.226948263227096960e+17 -2.712183730867411200e+16 -1.796923197215927040e+17 -6.854421944099728800e+16 1.351642579436292000e+17 1.736855571067506880e+17 2.108006125558609408e+18 1.306140807306612992e+18 -7.583316824258213000e+15 -2.106111834014513280e+17 2.929386387257963520e+17 7.211591260947710720e+17 1.020429824968979520e+17 -7.165200378114985600e+16 1.812650703140545600e+16 5.840153584275596800e+17 1.947839683774672640e+17 1.127138869144165000e+16 2.492221851421103600e+16 -5.467025473016638400e+16 -9.960958163914057600e+16 -3.047341634023109120e+17 5.080558762842893440e+17 4.371282292359245600e+16 1.318768264945850560e+17 1.262456966944846400e+16 9.091179048320830400e+16 1.005791787856286080e+17 -6.495390253313960960e+17 -2.488945424690797120e+17 4.182664686005608960e+17 -2.137459787676061120e+17 7.885716072314281600e+16 2.194531232763053600e+16 8.305962193083265280e+17 1.101055237634744640e+17 -1.555053281780174080e+17 -4.280292176337108000e+16 2.071045859401608400e+16 2.238326708230008800e+16 1.635652074546620480e+17 6.907534113571424000e+17 6.016893154651146400e+16 5.672085313613412000e+16 4.627134967220960000e+16 4.394579720792313600e+16 6.094902869956804800e+16 -2.410462371736020160e+17 6.074452782050615040e+17 1.722141167101602200e+16 1.148610653917672960e+17 2.682180803919461440e+17 1.819716410058183040e+17 1.466652909577213800e+16 8.848142788618009600e+16
-2.715908130543462500e+13 3.008495839115340332e+12 1.361917783526202930e+13 7.914572550149744141e+12 3.314996092458313477e+12 7.041452075088389648e+12 4.781940696339097656e+12 4.688517994790264648e+12 3.089532977414842773e+12 1.219070980045749023e+12 -3.062861120845971680e+12 -1.582301739712633362e+11 -2.243622013522729004e+12 -1.207081478104110596e+12 -5.412210172439368286e+11 -1.764739387892220947e+12 -8.628478511354700928e+11 -7.595720864880476074e+11 6.587429810989056396e+11 -4.171859760190941772e+11 2.895642690899429321e+11 -3.935466189619739380e+11 4.415754004573737793e+11 -5.841101760137974854e+11 -1.144619173573193550e+10 -1.678312996206754150e+11 -7.820938747074611816e+11 -3.018926515921937256e+11 -8.019423956564948730e+11 -7.801097832105869141e+11 6.968682118117357178e+11 1.071204532352548950e+12 2.483346278080777588e+11 -3.530044188954390869e+11 -2.348305849347785339e+11 -2.561862176840323257e+10 8.374770009337953186e+10 -2.474393463300307922e+11 -1.793542587312889404e+11 4.000654050130281982e+11 -4.498858503968724823e+10 -1.123810208977411194e+11 4.880748159917539215e+10 2.501636804653294373e+11 -4.282627542822008057e+11 1.321352085410793062e+19 6.313822573471340954e+19 -1.220997037019979776e+18 8.699581908130099200e+18 2.206377848387718087e+21 9.599268591195983872e+18 -1.136162455248222848e+18 4.092740340625136640e+18 -7.298988962858222080e+17 -1.662526222236431040e+17 -4.106677231521107149e+19 3.223861987990303232e+18 3.305627169858969088e+18 1.445898965334708224e+18 5.624256061588717568e+18 5.827335198918199296e+18 3.413357018923556352e+18 2.852048822276408832e+18 2.342296535679884800e+18 1.922704410628528128e+19 2.971456895237106893e+19 7.204131094490725376e+18 2.552258704758057472e+18 -3.156358848744758272e+18 6.770823731988192000e+17 2.015041858967293696e+18 2.242870679254973952e+18 -2.741234473311750656e+18 1.694149257310855168e+18 1.859918328764694272e+18 2.344358542955895296e+18 2.171618989882804736e+18 -2.946932667244989952e+18 3.087618332529688320e+17 1.609034615440057549e+19 9.355390229035319040e+17 1.218404175094990848e+18 1.090439740260340480e+18 -1.179492623440472576e+18 5.356244034190848640e+17 1.941653206418042112e+18 1.077809055055058688e+18 1.118070022992068096e+18 -5.782702864178210816e+18 1.707944801923853056e+18 1.235283231304594688e+18 1.224478636592975360e+18 -4.000068954068818560e+17 3.180707023222169600e+17 -1.109111494648740096e+18 -1.204322005403734221e+19 3.204313750634900992e+18 4.240330915417099200e+16 2.314845984275532800e+18 -1.948227706058553344e+18 -6.416637241778231040e+17 7.579252971445721600e+17 -3.338677164291539840e+17 5.948808951085070080e+17 1.666722858126294528e+18 9.286762571313194240e+17 8.686229266747138560e+17 -3.011393641921793920e+17 -1.347844328800719840e+17 7.832321994398296000e+16 -1.296422800497535232e+18 -1.873250755558821120e+18 -1.221623393990239360e+17 -2.842263349076271500e+15 -1.789756272617908800e+17 -1.125208076562686720e+18 4.187044252401231872e+18 -1.283130745828856640e+17 1.056578545344918323e+19 -1.024011346629031168e+18 4.618313379135186560e+17 4.262373287137194240e+17 -1.973105085012395264e+18 -3.209162515301368832e+18 3.137656103474286080e+17 4.957492851358701440e+17 -2.131863091000136000e+17 5.639690937072745600e+17 1.149306301387400064e+18 1.002658304659874304e+18 1.151226866006528640e+18 3.421906810952377600e+17 -7.762799105418348800e+17 -6.331478433223583200e+16 -7.170534075488768000e+17 -2.213648180597625856e+18 2.759307526853862720e+17 7.544466790922833920e+17 4.750436360137619200e+17 -5.486462839070256000e+17 -1.182825068577146624e+18 -1.335982278279766784e+18 -8.017967490535219200e+17
3.146528677654486328e+12 6.753735867019961914e+12 3.609226934893495605e+12 1.501235162114243164e+12 1.376686852124291260e+12 8.164538374972651367e+11 -3.829187081302080688e+11 -2.886596995658563843e+11 -2.902822317995051193e+10 1.853489003880610962e+11 -5.519026097241526794e+10 -3.278665227214933472e+11 -3.413337548366996460e+11 -3.641531156913000488e+11 2.096700822946963806e+11 -2.542061768753987885e+10 -1.293349115326595306e+11 3.796989017384179688e+10 -2.055360662610845947e+10 6.659087940608067322e+10 -6.336223930959988403e+10 -2.834465005848430634e+09 -1.544756998287713814e+10 -6.109550990564636993e+10 3.421528360618731308e+10 -2.620747362326231003e+10 -5.941961735873717308e+09 1.670458155159341240e+10 -4.853342078125534821e+10 3.697662951203452301e+10 -1.026246914715996170e+10 5.309426786065185547e+10 -1.299343085657274818e+10 4.583948756668054199e+10 -4.340880529168946266e+09 -7.874730074705699158e+10 6.237403128372177124e+09 4.028731870434363556e+10 5.998952144745520020e+10 3.719329506380886841e+10 -3.246655253359180069e+10 7.191552382919364929e+09 2.586646939392187500e+10 2.064392025553270340e+10 -7.801902526348825455e+09 6.347840745583500288e+18 6.361894953495222272e+18 6.710700296707124224e+18 2.171457482243591168e+18 9.599268591195983872e+18 2.626526032780928205e+19 1.924097726419092992e+18 5.360277950350775296e+18 1.596837850646076800e+17 2.529001544825991360e+17 5.593277978361439232e+18 9.262351035177687040e+17 3.065161008249198592e+18 2.707535574339895040e+17 -1.123121186491304960e+17 2.431703445493921280e+18 1.693947105370613440e+17 7.256098948455784000e+15 1.277458589764133120e+17 -7.952500655733357568e+18 3.638147771413834240e+18 1.261243354622088640e+17 3.285406026623535500e+15 1.686164875664324608e+18 -1.214774487317208800e+17 -3.822071136068317600e+16 -1.524856953700466880e+17 2.078443825110225664e+18 7.276630486355558400e+16 4.570920975156030720e+17 -3.309772182388558400e+16 -1.940816056575890240e+17 2.218660968827243520e+17 5.938704128039424000e+17 5.242672296414449664e+18 -5.649452418979626400e+16 -2.739866957850504400e+16 -1.694462984441684800e+17 1.622344043532326400e+18 3.638032438702208000e+16 3.276297371256030400e+16 -8.537097043354532800e+16 -5.446339909599064800e+16 1.725582230616547072e+18 -2.489725114123440000e+17 -3.066810136090829200e+16 -1.077523689778651200e+17 -2.212520414644073600e+16 -1.216769338348680960e+17 1.769812561530325504e+18 -2.200866250178520800e+16 -1.732118134406315250e+15 4.598546475704595200e+16 1.445942560047463424e+18 1.355542935788393760e+17 -2.020032695533862400e+16 -6.304873843733878000e+15 5.801126960859433600e+16 1.002441394175691008e+18 -4.002826533478052000e+16 -1.776488001291996400e+16 -4.921211791540357000e+15 -6.105314211957768000e+16 -4.455149398389255200e+16 1.538119704168976896e+18 -6.110537132340808800e+16 -1.170422259780375360e+17 -2.488372933788736800e+16 7.190560276481610400e+16 3.022544371254287200e+16 1.403958882862797800e+16 2.919106424641706880e+17 -2.124302677555005760e+17 3.928197788695057920e+17 3.089500114373184000e+15 1.348193528673272960e+17 2.461119713484779200e+16 -1.587725268145766720e+17 -1.014596846712015360e+17 -4.115234599655560800e+16 -2.244197106222122800e+16 1.379158897523809250e+15 -8.670382288268200000e+16 1.373005609778668032e+18 1.222888126146548000e+17 5.621194931429888000e+16 9.569224374958664000e+15 -5.189259619686297600e+16 -5.077999146609461600e+16 4.998703614736050000e+15 1.469944361804634624e+18 4.612675985158000800e+16 1.868135281983568000e+17 -1.102680374364572000e+17 -1.242179046667419840e+17 -1.609863364930153280e+17 -2.176132272687926000e+16 3.796992725909108000e+16
1.364697338013300537e+12 6.698892751909037018e+10 1.616465928745052979e+12 2.728228069455913086e+12 1.267232002387588623e+12 4.272017527378996582e+11 1.006679367085658264e+11 -1.239998083271024780e+11 2.833035713188737183e+11 1.870418890911547241e+11 -8.402416664319137573e+10 7.447388229333282471e+10 4.971539053922838593e+10 9.448104088037145996e+10 5.767100455138584137e+09 3.249399004659450531e+10 3.465051607275310516e+10 -6.489142073708317280e+08 1.114505620765467453e+10 -2.507172768773245621e+10 5.772369474341700554e+09 2.818827256470317841e+09 -1.002373953454748535e+10 -3.105993215702013016e+10 3.142579574974275970e+10 4.120080934328601837e+10 2.760431655088841248e+10 1.564551146067228699e+10 1.717133980064590263e+10 7.488520869666857910e+10 4.045330615261618042e+10 4.232328211265348053e+10 4.533187231398641205e+10 -3.133160964794716358e+09 1.804342905922254181e+10 8.651655442372705078e+10 4.195739508473475647e+10 -2.662715481462669373e+10 3.660554609881406784e+09 -1.828393246017725372e+10 2.693361544741020203e+08 1.191232167887554359e+10 5.710555217754891396e+09 -1.812153867864846420e+10 -2.304613476053435135e+10 -5.734641108531478400e+17 9.976340521272644800e+16 1.220917407427282688e+18 5.939081314411379712e+18 -1.136162455248222848e+18 1.924097726419092992e+18 1.172525912349528269e+19 6.083667027260023040e+17 1.537742002553940224e+18 2.410381357632872000e+17 2.107653096893264384e+18 2.266284197688454400e+18 7.819312590991740160e+17 6.082275413038042880e+17 -9.894294877879137600e+16 -3.089006697996620160e+17 3.324336976345985920e+17 1.097898460339202240e+17 -1.029201069271316000e+17 -1.326891830453159424e+18 -3.103098453584816640e+17 5.394759732160248960e+17 2.643758154997978880e+17 3.368949974879710720e+17 4.789203081408965120e+17 -7.304060022153012800e+16 -5.233828294420922400e+16 -6.271547474851477000e+15 2.903588265063449600e+17 1.081091952072092960e+17 4.682866930182011000e+15 1.353132901231907360e+17 2.103985560246024192e+18 4.050071510843892000e+16 1.373943161479154432e+18 4.602694527883463040e+17 6.875123177142006400e+16 4.030086375390785600e+16 1.145780276251287000e+16 3.138161575041083520e+17 5.503844656123844000e+16 3.180187136487958000e+16 1.259435820777113760e+17 -4.263632044259242400e+16 1.811393984902216960e+17 5.136757267130580000e+16 7.004131738227276000e+16 8.109086140420596800e+16 -5.933482952226069600e+16 -5.667063250255160960e+17 -1.891385512366707200e+16 3.318357835603526800e+16 -2.798637488623699600e+16 4.933564308247434880e+17 2.634072526646738880e+17 -2.113108607800756800e+16 1.119676368204577120e+17 1.237023854967030400e+16 2.606479097864688960e+17 3.416348261394673920e+17 -4.687920163174076000e+16 1.315832402032278200e+16 8.120650744494857600e+16 -2.985518677143487200e+16 -2.015253999900678080e+17 3.702393323895580800e+17 -3.694160434879117600e+16 2.675952866418692000e+15 9.040084035692818000e+15 7.472526894732016000e+16 2.447095335898876000e+16 6.652430494711920640e+17 -5.716583180386066400e+16 1.629107163298513600e+17 -8.031054770012454400e+16 6.947401143666545600e+16 9.688194181319225600e+16 1.362140776312617472e+18 1.264421347325238560e+17 -1.343442987482930200e+16 2.963122561795528000e+16 -3.649630134085042400e+16 4.493016238731586400e+16 -1.380282346945334800e+16 3.637240050360613120e+17 1.751851566183317400e+16 5.321361037543793600e+16 1.079781010680960400e+16 -1.296304024381401200e+16 -1.712283245502755000e+16 -2.172754957545744000e+17 2.931007346335862400e+17 6.417827357424493600e+16 3.661032305066432800e+16 3.120285427851660000e+16 2.204312711027256000e+16 -2.568593459827584400e+16 -1.805937973415762240e+17
8.148833892638648438e+12 7.098495498974242188e+12 3.445217486192483887e+12 1.753794687173616943e+12 8.042486738141892090e+11 1.236683758736757568e+12 2.291221291272328491e+11 -1.642316328152209778e+11 2.397659035366173172e+10 3.348147521582596436e+11 1.007602617754215240e+11 7.407882086795748711e+09 1.447555693315794678e+11 -2.433114235098748398e+10 1.260516562017849426e+11 1.325971672413684998e+11 -7.933831150487278748e+10 -5.694590741767799377e+09 -8.212988953243673706e+10 -8.775528908354029846e+10 5.432933274789707947e+10 3.727481608040543365e+10 -8.914614141127691650e+10 -3.931353702924721527e+10 -5.295652070111417389e+10 9.780685628672155380e+09 -8.424400483657174683e+10 -3.152227085795780945e+10 -4.868398995195581818e+10 3.214038216465579033e+09 -1.163604894529171562e+10 -3.119389017840496898e+08 2.667610515063582993e+10 -1.637920650321159363e+10 -3.750499349985391235e+10 -3.221347484931370735e+09 -2.606398760730142212e+10 -5.952945479479377747e+09 -4.569578757324150205e+08 6.257632452403063965e+10 7.046782870239278793e+09 3.176285418200537872e+10 -4.057977716171432495e+10 -3.693418795170351410e+10 -2.504582494542773438e+10 9.402711068062187520e+18 2.824515045251155456e+18 4.824617055740748800e+18 1.055271591439135616e+18 4.092740340625136640e+18 5.360277950350775296e+18 6.083667027260023040e+17 2.000683435532561613e+19 1.571426093335357696e+18 4.498228085135243520e+17 1.971164085201730304e+18 -5.799330761553432800e+16 2.731763427064011776e+18 2.594375787244307520e+17 1.671533802882739520e+17 3.855046183257356800e+18 2.807290894063536320e+17 -1.246962666864555680e+17 2.356092982159475520e+17 3.231875005273069056e+18 5.655994124625075840e+17 2.271840774746147200e+17 -6.756061803423962400e+16 1.201376602956207616e+18 1.069968927067978080e+17 4.505655821846444800e+16 -9.253518756249616000e+15 3.952681375311156736e+18 3.039717560976913280e+17 1.514135769874579840e+17 1.681561623592715520e+17 9.356231278998780800e+16 -6.041161630463174400e+17 1.854731441419656960e+17 1.874993235819205632e+18 -2.186963679374588160e+17 5.512447428420010400e+16 -1.577295367241532160e+17 1.437004337090231552e+18 -8.610404350150766400e+16 2.889990783407642800e+16 -2.968394422022669600e+16 2.936385120813439200e+16 3.409071282319631872e+18 2.954477536405605200e+16 1.611915543682460160e+17 5.372479285104337600e+16 4.257078454223835200e+16 -2.059959086059942250e+15 2.118834265093701632e+18 7.757768269854087680e+17 8.292694913277976000e+16 7.277779858127838400e+16 5.946174265022997760e+17 -1.350009206102167040e+17 1.063849898514793120e+17 -7.538434600672940000e+15 1.613536571286643840e+17 9.753925565303004160e+17 -9.869648779344272000e+15 4.904864891408169600e+16 4.725579255157364800e+16 5.099874437344448800e+16 2.798472859222276400e+16 3.417975383648313856e+18 3.370194886765735200e+16 -9.101164590797020800e+16 -2.112179543566310080e+17 -3.955042786574328000e+16 1.552535356272639800e+16 -2.125569227222053600e+16 -3.051409035838600320e+17 -7.759056640027137600e+16 4.346797366141983360e+17 6.806289769068732000e+16 7.151956066142452800e+16 7.133087811471773600e+16 -2.305612811279932160e+18 1.431390587559218560e+17 9.172636558094217600e+16 4.168685076440880000e+16 5.609867673195098400e+16 -4.513657179523231200e+16 1.050967888554966400e+18 7.925218051578806400e+16 6.197266045836414400e+16 -6.150896955467891200e+16 1.559403917073722600e+16 -2.375250142412336000e+16 5.468951745305922400e+16 3.263718714370765824e+18 -2.891584237896602500e+15 1.551852302255478720e+17 3.101556204030196800e+16 3.129669913840864400e+16 3.213085184958118400e+16 -8.777470513275064000e+15 7.437877771943883200e+16
2.390401788314219238e+12 1.908509335069413818e+12 1.161424487208779297e+12 7.264118988030844727e+11 6.321963142670709229e+11 8.021386945610526123e+11 8.599750247442630005e+10 -7.512979710914291382e+10 1.626874629926073608e+11 -5.022993989838408661e+10 -1.018053293541342163e+11 5.246571835168856621e+09 3.563863507439836884e+10 4.327027158159233856e+10 1.593827190236468124e+10 -5.365690057892494202e+09 -3.113283002839503765e+09 -3.430955929514122772e+10 -4.610008734253276825e+10 -2.593119727710299969e+09 1.663977324935482256e+07 3.905240627859933472e+10 -7.654683785158477783e+10 -3.593506937757819366e+10 2.596405476125165939e+10 2.601668620467893600e+10 2.517134139383715820e+10 3.044917063392821884e+10 -1.461569764193508720e+10 2.253686166016694069e+09 3.405185385607595062e+10 -3.407183368792223358e+10 1.054973971109802818e+10 -2.563450402587015915e+10 2.543332334232429504e+10 4.709077631187580109e+09 7.300333224955948830e+09 -2.160746275872163773e+10 -4.561736093246704102e+10 -8.386267165776418686e+09 -8.755175297258836746e+09 2.573664969247003937e+10 -2.582346879727838898e+10 -7.531136177810796738e+09 7.512358080653397560e+09 1.215980808183512832e+18 2.599366360977213440e+17 2.964397168221210240e+17 -1.839117576960380000e+16 -7.298988962858222080e+17 1.596837850646076800e+17 1.537742002553940224e+18 1.571426093335357696e+18 6.038445503253812224e+18 1.361792425809859840e+18 2.382994506320710656e+18 3.640080085742720000e+17 7.953922489736725760e+17 5.493011877517005440e+17 4.069328611612714240e+17 6.817903658359559200e+16 1.796929904998153920e+17 6.108536726846807200e+16 -1.862395965795956480e+17 1.269196321518398464e+18 -2.849125751901881600e+17 2.806096503248194880e+17 -8.663396665839981000e+15 3.057184422390197760e+17 1.233278740739442560e+17 7.416199218211896000e+16 -4.729195423530119200e+16 3.698981606495847200e+16 1.694477225777570240e+17 -3.660215016681038400e+16 -9.755655920135340800e+16 -3.010215403818950400e+16 6.192538671481836000e+16 2.195297913358343040e+17 -3.996237299600820480e+17 1.129790226416168640e+17 7.110321184625804800e+16 -2.638595367901569200e+16 5.308259566303380000e+16 8.910709383072048000e+16 9.764102057909350400e+16 1.243199384506756400e+16 1.263364803975590080e+17 8.559377546268862400e+16 1.989634139448608320e+17 1.296602282201737760e+17 2.962267992940239500e+15 -2.007584206295834800e+16 1.334057314092894000e+16 -2.110354749838354560e+17 -5.817661007344885760e+17 9.436028258850030400e+16 3.150010253115143200e+16 5.668839029196485120e+17 1.881145188956696000e+16 7.841957277157344000e+16 -9.925865833293600000e+15 1.440242056031140800e+16 1.797018429352890240e+17 2.638361161181542400e+16 1.029242023281023040e+17 -6.754247440106977000e+15 1.838460001726077600e+16 -3.660565928442703200e+16 -6.189699869684689600e+16 6.338584328874650400e+16 8.625574462173420800e+16 5.010416142573518400e+16 2.281023125722071200e+16 5.647495819841252800e+16 1.694009807500309500e+15 -1.433373444792941280e+17 -8.679094124419395200e+16 -3.016982052882643840e+17 -8.730825423708292800e+16 -8.661021653774514000e+15 5.477761589982448800e+16 -4.258110616670474500e+15 9.066715484752169600e+16 9.224138610073370000e+15 1.074066569994834500e+15 -3.361442168760750800e+16 -3.010196815186729200e+16 1.492299262047984960e+17 5.369011097389918400e+16 3.685000740421301600e+16 -8.630992261573665000e+15 1.982330909001491600e+16 6.637528347449732000e+15 4.081460831314297000e+15 -1.310812912315979840e+17 3.434841817132108800e+16 1.017133971296582880e+17 1.293298329515891400e+16 -2.627354758685473200e+16 -3.227632150009526000e+16 -1.266786669298525000e+15 1.539725067687396875e+14
-1.590587294030816406e+12 -2.153707490515484314e+11 1.573487100223196106e+11 -5.881564646117803955e+11 5.811158952417636719e+11 8.905295862340750732e+11 5.753230262114722900e+11 8.085906032505451965e+10 3.446032199099705505e+10 -1.661635653692404175e+11 1.618993130702130699e+10 -5.141638805260715485e+10 5.641585709943845367e+10 1.002830031872997894e+11 8.528041724105642700e+10 -2.445566868115351868e+10 -7.227405701269400024e+10 -1.438490829420294800e+11 -8.759600545129553080e+08 -2.167963223784852982e+10 -5.136362882559559631e+10 -3.781300975504142761e+10 -3.059451341827900314e+10 2.485646471651604652e+09 4.356068202690809631e+10 9.389850874823368835e+10 4.962535119971712494e+10 -1.297558125492752552e+09 3.580638304059577179e+10 2.368257512641156614e+08 1.754030193920664597e+10 5.288937372413568115e+10 -1.653370063008304024e+10 -2.641021295128038025e+10 3.143930048754557037e+10 -1.253597797677829361e+10 -1.430359244170099449e+10 4.418323977927268219e+10 1.845104563828247833e+10 -1.733955134245214462e+10 -1.434684666448885536e+10 2.524229291472844315e+10 -1.031926969468077469e+10 1.742475239113562393e+10 2.969642317246017838e+10 -4.782021788650493952e+18 -5.804468748989466880e+17 6.778995295997768800e+16 7.453759368600279040e+17 -1.662526222236431040e+17 2.529001544825991360e+17 2.410381357632872000e+17 4.498228085135243520e+17 1.361792425809859840e+18 1.189507001561121382e+19 5.927498621345661440e+17 -5.636967592096953600e+17 8.649558099363685120e+17 1.892335723525261120e+17 9.655207069142039040e+17 -1.066396029629776000e+17 2.211242772904838720e+17 5.433508670225650560e+17 5.251197343886836800e+16 1.241266081044436224e+18 1.189243261542602752e+18 -1.126950623747962240e+17 -1.748262344965185280e+17 -1.197363732408556160e+17 -8.121002159291606400e+16 6.358093198666540800e+16 3.063329248313916800e+16 -4.997839029076499200e+17 -5.483812141556160800e+16 -6.006219038203236800e+16 1.058256248854092960e+17 -7.262780030740003200e+16 3.617124861774330240e+17 8.668673664280120000e+16 2.575763963977721344e+18 -1.304814999567192400e+16 5.418452754084048000e+16 -1.610335314201312000e+16 -2.997147265694056960e+17 -7.611807498135720000e+16 1.052530016633740480e+17 -1.254306995329168400e+16 -1.492213812480770000e+16 -3.494030534189180800e+17 -3.299304376996478400e+16 1.268211880245553600e+17 9.881415358968188800e+16 -2.184232574243136800e+16 4.930004013881764000e+15 -3.671281675972441600e+17 -1.528624225635182336e+18 2.086535922806635520e+17 4.413626740507941600e+16 -5.049671014916016000e+17 -1.161152295966260160e+17 7.871806017459731200e+16 -3.394633037399684500e+15 -5.862242344971633600e+16 -2.421027962834929200e+16 -5.910509456166709600e+16 1.288934729662796800e+17 -5.989023205799140800e+16 -7.039565745969150000e+15 -4.525718447786743750e+14 -4.909857583348378240e+17 -6.906515269523128800e+16 5.618441006882627200e+16 9.272892334147563200e+16 4.167893257284101600e+16 5.216232475040586400e+16 -1.079591829319352600e+16 -2.311810993755401920e+17 -8.853428874306712000e+16 -1.247870464774265440e+17 3.546007904469349600e+16 -2.368582977602972800e+16 -2.351158936464633200e+16 3.535804423843650560e+17 -4.901235611415461600e+16 8.969207201434748800e+16 2.562959756232167200e+16 -1.502062804604183000e+16 1.773300374489410600e+16 8.958580629578851000e+15 4.092951055602863200e+16 5.968031920459962400e+16 3.800591594836440800e+16 -5.110209084392781600e+16 -1.042828525115966400e+16 6.580409347853733000e+15 8.490601694664888000e+15 4.234953991800352000e+16 9.715387591331243200e+16 4.546480536925577600e+16 -3.678394011789917600e+16 -6.183258820653440000e+16 5.758100241542086400e+16 -1.810104405640605120e+17
1.571570076506916992e+13 7.143934342012554688e+12 -2.275972014242464355e+12 5.211641335141647949e+11 9.894752240333984375e+11 3.912556700296918335e+11 -6.768127446089999390e+10 2.702338627434587708e+11 -7.793604766582938232e+11 -5.234459683125747070e+11 -4.327415032337305298e+11 -4.104634390543355942e+09 4.337810311285501709e+11 -1.729477366767172241e+11 -1.048408684438247681e+11 5.655751370803807373e+11 -9.094383115630249023e+10 5.438434254747267456e+11 -4.447820128400086060e+11 -6.521517386912577820e+10 3.943393406750210571e+11 1.044118570673524017e+11 -1.489470668481080322e+11 4.823109217240874634e+11 3.099700359861041870e+11 -2.801540348057570190e+11 -9.920006205092144775e+10 -3.901868858670429230e+10 1.985295970183659363e+11 2.448369595876033325e+11 -1.430655784677767639e+11 1.895766058854587708e+11 4.149104117433363037e+11 2.201920730719972534e+11 3.734126528478873291e+11 1.238440540755672913e+11 -3.047889566644783936e+11 -3.223369690799002686e+11 -3.377817789578561401e+11 -6.163972433402793121e+10 -3.052718872281310654e+10 -7.411428992253057861e+10 1.163568956852497864e+10 3.706091612069969940e+10 2.698487923379243469e+11 3.092304395475818496e+18 -8.037377881716377600e+18 3.020205528144207872e+18 2.425958036985859584e+18 -4.106677231521107149e+19 5.593277978361439232e+18 2.107653096893264384e+18 1.971164085201730304e+18 2.382994506320710656e+18 5.927498621345661440e+17 3.673973688571466220e+20 -4.986109186913077760e+17 5.183181546742432768e+18 -6.094341451422671360e+17 1.157276636054070784e+18 1.873234964547116032e+18 -2.822810794981549120e+17 4.126764280162129920e+17 -1.884428248685840128e+18 -2.888721416681327104e+18 3.795157194996873216e+18 1.304701478115871232e+18 2.769114268739860480e+17 -3.113576604510361600e+17 5.779272046601171200e+17 4.684796674510004480e+17 -4.751317182623092480e+17 1.208847404245400960e+17 6.167462281143136000e+17 -8.831269370978792960e+17 2.494740349193827840e+17 3.115955056307296640e+17 -4.464058889784651264e+18 1.768928367872858880e+18 -6.400827569417620480e+18 -8.349440006496590080e+17 2.476970901031465920e+17 2.841519788163835840e+17 3.168109522368065920e+17 -1.252062773416496960e+17 3.930320300047677440e+17 3.148535158513950720e+17 -1.782239628139745920e+17 5.206385686119638400e+17 -9.220785200396545600e+16 6.472222168563407200e+16 -1.058574168188971680e+17 -2.380447558173190080e+17 1.430785527625346720e+17 -2.818843409059950400e+17 -3.673107480229179904e+18 4.530282780935901440e+17 8.824175285815584000e+16 4.808345614991690752e+18 1.495563478295084032e+18 1.217758815104094400e+17 5.590945434331755520e+17 -4.077087534007700480e+17 1.735224553017792256e+18 -3.037840168501374720e+17 1.086103124282692000e+17 1.028134475865674240e+17 3.694976807789260000e+16 -4.148964274756154880e+17 8.746626567840478720e+17 -1.438650001483652160e+17 6.656940482515096800e+16 2.124515122637961600e+17 2.743801792623389120e+17 -4.678873694432805120e+17 -1.526389129485721600e+17 -4.717890740382160896e+18 8.160625008047962880e+17 3.504756440182696448e+18 1.645778041166225280e+17 4.541367657928788480e+17 1.394599854728396640e+17 5.352370953920756736e+18 4.460682803342147200e+17 4.731157761799690880e+17 -8.399825934122418000e+15 9.733425405764964800e+16 2.195003284864314240e+17 2.521003077373831680e+18 3.743773048728628000e+16 1.893620477675913600e+17 -8.155230530495022400e+16 2.781284602567828160e+17 1.532165551100555520e+17 -1.233276178027968400e+16 -2.875327964897248000e+17 -2.551206064819378560e+17 6.516127787645386240e+17 -4.279952649302215680e+17 -1.728773797702795520e+17 -6.351875611238748800e+16 3.878797851359869440e+17 1.864810304002073280e+17
-1.260868837648708740e+12 9.405556569678441162e+11 4.109316520429767456e+11 3.001257414407174316e+12 1.407663297982021240e+12 5.004307358623128052e+11 -2.025581728628601074e+11 -7.317807685714901924e+09 2.973729263978724365e+11 1.637352258220432129e+11 1.343675838684670868e+11 1.241572712334824066e+11 -1.591675556013563843e+11 -1.100311813104638672e+11 -2.809958744867737961e+10 -3.943067580882602692e+10 -2.917587602231009293e+10 -8.188919665582650757e+10 -8.012656115839990234e+10 1.760298258954615831e+09 3.151213304320605469e+10 5.527517591287216949e+10 6.323223042969808960e+10 7.087004085819261169e+10 2.124612708880633926e+10 8.956196329352560425e+10 1.416429209663646240e+11 6.510355580783570862e+10 2.863869089513879776e+10 3.895067090145413971e+10 3.814639162461372375e+10 2.632317028136020660e+10 7.041760158012430191e+09 -1.129995095308220291e+10 1.686577768458529854e+10 3.853223831383107758e+10 1.465885213941419220e+10 1.149333504390229607e+10 -1.483024817065373039e+10 4.246967571153356552e+09 -3.892862876633103943e+10 1.418566764320505524e+10 -3.544249468711872101e+09 -4.405826941327621460e+09 -1.364929372689040661e+09 -4.893001284598704128e+18 1.823247000159587840e+18 -6.493457191534247680e+17 7.250548467131371520e+17 3.223861987990303232e+18 9.262351035177687040e+17 2.266284197688454400e+18 -5.799330761553432800e+16 3.640080085742720000e+17 -5.636967592096953600e+17 -4.986109186913077760e+17 1.718083051707275878e+19 -3.619241008090983200e+16 1.074205539368481408e+18 -1.253425442575806000e+15 2.375131715502447680e+17 2.268141144303385280e+17 -2.103025803769206000e+16 -1.463716264570704320e+17 1.382832252691440640e+18 -5.350325867173960960e+17 3.092033841374122240e+17 3.078683787356422800e+16 5.520807093205355520e+17 3.380375255167193600e+17 -3.351805747044379200e+16 -4.396683815071043200e+16 -2.446850325065780800e+17 1.748949604011263040e+17 -1.883184497573410800e+16 -2.081812051881954880e+17 3.396602684912994560e+17 -1.137665491031065216e+18 3.921821822160896000e+15 -9.693989201558818560e+17 2.267657283262531200e+17 2.715671926934130800e+16 -2.011321530583875200e+16 -3.157946388404264960e+17 4.545989183295632640e+17 4.671936206507178400e+16 4.052338926988061500e+15 1.136545935153111200e+17 -4.930661572200490880e+17 3.714336983587426560e+17 -3.764774503800676000e+16 -8.260421606217304000e+16 5.669726262560253000e+15 -7.525834720514452800e+16 -1.586357776722017280e+18 1.479321672810377600e+17 -1.490808161930375040e+17 1.072140368372031520e+17 -8.310730296935644160e+17 1.873951725202858560e+17 6.604333109004792000e+16 6.596131945788632800e+16 7.464590453694075200e+16 1.363666337888456800e+17 2.971023730692943360e+17 9.243493464698481600e+16 1.587586206138200640e+17 7.316605219351310400e+16 -3.696414663886309600e+16 -1.564457656817413760e+17 2.895103498839463680e+17 -6.813549737623992800e+16 1.122580781669265440e+17 1.791973075928234800e+16 -4.011864468024876500e+15 -2.837498497992272000e+16 3.179956329277480320e+17 -2.061695207347898880e+17 1.031362149722230400e+18 -4.487882286042852800e+16 4.275436453646023200e+16 6.795734777087844800e+16 -1.125193134595185280e+18 2.608714582838065920e+17 4.123011023316125600e+16 4.110021168988336000e+16 5.082455180539768800e+16 -1.377184267152431000e+16 -1.699302972560283400e+16 2.025488165120787200e+17 -1.087067029671094200e+16 -3.033729430671828400e+16 -2.495840100317078800e+16 -2.536946946382093000e+15 -8.819104951217193600e+16 -4.825141430928419200e+17 3.367451433161667200e+17 -1.815475645108348400e+16 2.624496084623962800e+16 -4.428816854103961600e+16 -2.736346806037771200e+16 -1.608350067195194000e+16 5.205414453091710400e+16
3.123533868357359375e+12 7.215709963247817383e+12 2.390053192871256348e+12 2.834175697586616821e+11 4.101168083706137085e+11 7.896123451980032959e+11 5.506589045594002686e+11 1.106418147909582367e+11 1.378359139165283203e+11 1.313500333656378479e+11 9.614461637109481812e+10 5.129498963291533470e+09 1.708963132034918518e+11 3.270888221180997467e+10 7.345440396644215393e+10 1.849317313347049332e+10 -6.545507096699884033e+10 -4.706652262859706879e+09 6.150270785258457184e+10 -3.687323213575820160e+10 2.582436216689271927e+10 2.710191425892724991e+10 4.016983199347570038e+10 4.062972374702695465e+10 -3.178518640952277374e+10 1.929911356482607269e+10 4.977985749166941071e+10 -3.326698711341499329e+10 -2.266917966897956467e+10 2.231340622121505356e+10 3.209567122644536209e+10 -1.305186932675090599e+10 2.092890552420500183e+10 -1.030557553943743324e+10 3.402386372979055405e+10 4.943209127954955292e+10 5.081129406939274788e+09 2.814585514577368259e+09 1.048814064601773453e+10 -6.568178017152939796e+09 -3.494948806146629333e+10 1.651764043413074303e+10 2.115870879536630392e+09 1.756925424268477559e+08 -1.478654219402314949e+10 4.987896608295194624e+18 3.821195461180793344e+18 2.583639095485775872e+18 1.906093340632078336e+18 3.305627169858969088e+18 3.065161008249198592e+18 7.819312590991740160e+17 2.731763427064011776e+18 7.953922489736725760e+17 8.649558099363685120e+17 5.183181546742432768e+18 -3.619241008090983200e+16 1.173907889662594048e+19 5.226263479906036480e+17 3.500915076192384000e+17 2.406238550698737152e+18 1.345028762803349440e+17 2.760113056852579840e+17 8.520153516841843200e+16 -2.280012260387136768e+18 3.684709836905357824e+18 1.277399885212098400e+17 2.105491896858576000e+17 1.354031977958289664e+18 -1.743108602983815400e+16 5.517192891865022400e+16 4.231993639263387200e+16 1.586229520100834304e+18 -1.910636481759126080e+17 2.729395704052825000e+15 9.035910123378320000e+16 -2.293800138584312000e+17 9.665240963753084800e+16 6.370887910370465280e+17 -1.860458709162567680e+17 -2.816320616355632800e+16 9.790263692200697600e+16 -6.397419604071689600e+16 1.614783868312277248e+18 -3.467454103140200400e+16 5.336094640515435000e+15 1.299889066816987400e+16 1.594717247147423040e+17 1.224253861620574976e+18 9.173476494389259200e+16 -1.286729195645076800e+17 -2.167856146219832000e+16 1.071419741859013120e+17 5.712520527770891200e+16 -6.481273319185061120e+17 -4.805228457437326720e+17 7.671957189749444800e+16 -6.399214152993224000e+16 2.775317697691758592e+18 7.183751597791000000e+16 1.308702284731230720e+17 2.109374361109238500e+15 1.954460144118810800e+16 1.114257113864803712e+18 4.806586569019801600e+16 8.387151989307752000e+16 1.201155100779015840e+17 5.737762737094628800e+16 -5.728457510103253600e+16 1.489484741014723584e+18 8.614240140405040000e+16 5.448747122356531200e+16 -1.300884295259551000e+15 7.559742528332506000e+15 3.548901763954788800e+16 -5.659382991339372800e+16 -1.162411924902707360e+17 4.142629875381859200e+16 7.658334827651767040e+17 1.627911176717729920e+17 1.151071981356903520e+17 -2.568458368063175200e+16 2.283321536684208640e+17 -1.241215409845679200e+17 1.433608310800406560e+17 3.740188822207460000e+16 5.542972546110776000e+16 -2.916084834698086400e+16 1.244664032722160128e+18 4.642101269749792000e+16 8.457352219720270400e+16 4.309304280305922400e+16 2.838906945948336800e+16 -1.348053822325215800e+16 -6.090715399530773600e+16 8.100813359233626880e+17 -1.906052224325213200e+16 1.297088588150801600e+16 6.223854430541436000e+15 6.897688321761164000e+16 -9.987850646778270000e+14 3.040510542331677600e+16 -1.042228288422866720e+17
-2.671385089120939026e+11 3.066798065205589600e+11 1.032654285282487183e+12 1.223866151399570068e+12 6.664571385658391113e+11 4.864751306062345581e+11 3.390904784863783569e+11 2.540463481061866150e+11 2.015968830146574783e+10 1.098539660361771851e+11 2.040301676728828812e+10 1.450728289321652031e+10 -5.955910798637540436e+10 3.785189812837810516e+10 1.507568938936407852e+10 2.937415327031769180e+10 -4.872545780061858368e+10 -7.030751440739414978e+10 -1.945271602480307007e+10 -8.970165995176572800e+08 -6.506000865670631409e+09 -3.687042175173767567e+09 -1.050807660135077858e+10 3.875687320003816986e+10 3.331609723655985832e+09 -3.024966559415394306e+09 2.398345506907435608e+10 -3.035534315524420738e+09 -1.372985653273688793e+09 2.926961994182356644e+10 -2.119476962556972027e+09 -7.324198283955974579e+09 4.435718069118829727e+09 -2.009384853581292343e+10 1.297661443712257576e+10 -9.887187726819362640e+09 -4.047318671066987514e+09 -1.565473579953092957e+10 -3.393491447244176865e+09 -3.564298342410104752e+09 -1.962805649485567474e+10 8.002588717875662804e+09 -1.019955952330607605e+10 -2.175348310032342529e+10 -1.616637738593400192e+10 -1.787107484722389504e+18 -3.623422487923239040e+17 1.595558731778979840e+17 9.491072419355688960e+17 1.445898965334708224e+18 2.707535574339895040e+17 6.082275413038042880e+17 2.594375787244307520e+17 5.493011877517005440e+17 1.892335723525261120e+17 -6.094341451422671360e+17 1.074205539368481408e+18 5.226263479906036480e+17 2.297181814415822592e+18 3.823678044810339200e+17 -1.323913053339249120e+17 5.245774191705544960e+17 1.649936820298731840e+17 1.306415417745453600e+17 1.296426927132213600e+16 4.099750809793815680e+17 5.028802735201367680e+17 2.255082557977364480e+17 2.188723765139756400e+16 2.331193936391901120e+17 8.239154353549379200e+16 1.577504630729916600e+16 -2.429059652368354560e+17 2.404914993826052160e+17 1.267143068400764960e+17 3.699005015968785600e+16 5.264350948142867200e+16 1.524372045302936960e+17 1.451733615162336960e+17 7.027797898508869600e+16 3.175478413164874880e+17 5.219046614529632800e+16 5.955827656023302400e+16 -4.200075202040304800e+16 2.279112692503119360e+17 6.243259717760213600e+16 3.430313497785215600e+16 8.877248764740425600e+16 -3.285721876920742400e+17 1.503538015974619200e+17 2.052881214013720750e+15 3.743799666148939200e+16 9.182471806689784000e+15 3.506759095750602000e+16 -4.031207447188909440e+17 4.672391642604504960e+17 7.031978745776541600e+16 1.412457868894152600e+16 2.253663522974988800e+17 1.547563374572347520e+17 7.182101614867816800e+16 2.759791587051874800e+16 1.198613241260537600e+16 -1.879653033050840320e+17 2.003937666381505600e+17 1.066672380014117440e+17 4.893478166290444800e+16 -1.783859606215466400e+16 -3.404502608577234400e+16 -2.114793773692557120e+17 1.591278602156784960e+17 6.062477645804754400e+16 4.703738662418958400e+16 -2.601491069463126400e+16 -1.283803845283292200e+16 -5.173817427072744800e+16 2.957877042138183040e+17 6.017304311444547200e+16 2.001352836423578880e+17 1.238990328411665280e+17 4.606942332008924800e+16 4.598658321090695200e+16 -1.412669055730285600e+17 6.133904347582433600e+16 5.490576359785927200e+16 4.749399755349207200e+16 -1.508583049813119000e+16 -2.280138177427766800e+16 3.220169115579770800e+16 1.576655698012143680e+17 1.863597093157696800e+16 2.551749624227268000e+16 -9.697495703495534000e+15 3.497850033019252000e+15 -2.435965208815225200e+16 -1.322179082801391040e+17 2.222282872313007360e+17 1.872667074300278400e+16 1.972640840408182800e+16 3.461580583323187500e+15 7.747193657481238000e+15 -1.210435904108016800e+16 1.599332979733914400e+16
6.444709411983573914e+10 -2.593314380265931396e+11 -4.743001191926745605e+10 -7.134346601410256958e+10 4.089133277447855225e+11 6.712176540673133545e+11 3.772116972541328125e+11 4.408275481670462646e+11 1.072680720989513779e+10 6.952053288815385437e+10 5.417798916546353912e+10 9.223502876188377380e+10 3.956600932507490540e+10 2.076737471780516052e+10 -1.628463898321990395e+10 -1.198361904146253109e+09 2.824671101333341217e+10 -3.140257527393146896e+10 -3.849397277456744385e+10 -1.339539971523080254e+10 3.051217110024090958e+10 2.009162354018051910e+10 5.145090057821259499e+09 1.720264040229663086e+10 1.877198543879625702e+10 1.831546158842635345e+10 1.325278544313920212e+10 2.024415099672037506e+10 -2.712073431884202194e+10 -2.912973885707345963e+10 6.836234502646754265e+09 8.638453402624124527e+09 -9.429138049081033707e+09 1.342403982716794205e+10 1.502408493990258980e+10 -7.407278619948823929e+09 -4.158903279990119934e+09 -9.610301084663672447e+08 -5.171985513310909271e+09 -1.577888990790438414e+09 -9.530796149870010376e+09 9.519419980503643036e+09 2.510968513554854965e+10 -8.669203039209480286e+09 5.387354748853606224e+09 9.516909732216067840e+17 -7.441708504578343680e+17 -2.111370259308883200e+17 -3.765026777347829120e+17 5.624256061588717568e+18 -1.123121186491304960e+17 -9.894294877879137600e+16 1.671533802882739520e+17 4.069328611612714240e+17 9.655207069142039040e+17 1.157276636054070784e+18 -1.253425442575806000e+15 3.500915076192384000e+17 3.823678044810339200e+17 2.683877957811164672e+18 -1.168882432919565760e+17 -1.407871929830828400e+16 4.085351683777129600e+17 2.713579661216254400e+17 -7.887993413343539200e+16 -3.462399063766129280e+17 5.045093665080080000e+16 1.796295721108781120e+17 -1.593141430906640320e+17 1.430308122774944400e+16 1.467720418766752640e+17 6.322636257610419200e+16 -1.864720726132168000e+17 -2.578372680532913200e+16 -1.005951406211564000e+15 9.381086340936308000e+15 -1.167737224398965600e+16 5.623217606457079680e+17 2.084830382580723840e+17 6.038276879947016960e+17 9.750388112652736000e+16 5.635538938893809600e+16 2.393567501070365600e+16 -1.826401629076198080e+17 5.455935204181864800e+16 9.853230897827438400e+16 3.868103583850485600e+16 5.486493368483991000e+15 -2.041932936840613440e+17 -6.951827416373680000e+14 1.060738027206137600e+17 6.175431953083823200e+16 4.384925585480673600e+16 -1.601379314594184200e+16 5.420039871079643200e+16 1.181484452626472320e+17 1.433530578320255680e+17 5.746822275893292000e+16 2.396616490076358080e+17 -5.937895491563584800e+16 6.343309757816854400e+16 1.851526213325228000e+16 5.588859364990457600e+16 -1.038698538038172960e+17 -3.991780641278202400e+16 1.466525409426042240e+17 1.734493477139078200e+16 -3.249177766666877500e+15 2.087007258790329600e+16 -2.607462789121869600e+16 -4.204436575913259200e+16 1.013120471088456800e+17 6.366671902773951200e+16 -1.417334786546932000e+16 1.902206202749147600e+16 -9.868134765827030000e+15 -3.605644874769905280e+17 -8.161250264416896000e+16 -2.528970392096168320e+17 6.433765372690191200e+16 5.551553611993874400e+16 -2.411912872246452000e+16 1.759654189635708800e+17 6.227729038578115000e+15 8.770119429532996800e+16 4.752791078376992000e+16 1.264118619672189800e+16 -1.973960707720467200e+16 -3.740192993149728800e+16 -1.750165109444694000e+16 4.887109598971849600e+16 2.990396278350047200e+16 4.057520995317620500e+15 4.198559612318784500e+15 3.480035977250799500e+15 -1.590701610072891520e+17 -2.631839890730186400e+16 7.468823664007089600e+16 6.323782139875689600e+16 -1.364010924184775750e+15 -4.034521038565556000e+16 -3.732367127368431200e+16 2.370853010159779000e+15
5.159901261695362305e+12 5.579625537575138672e+12 1.793438262588152344e+12 3.652010661407131958e+11 1.989564867062048950e+11 1.363483673541588745e+11 3.954222123253159180e+11 3.289451171317789307e+11 1.059501163302531891e+11 -4.386372329957308769e+09 1.148522458688131256e+11 9.755432811052691650e+10 -4.602937432101670837e+10 -1.038872511245438538e+11 7.402029112890663147e+10 7.424346580450088978e+08 1.238153325538683128e+10 8.421141984796032715e+10 7.654013546157939911e+09 -1.073945794644269180e+10 -2.177976850281538391e+10 -7.404747710680342102e+10 3.517818038993793488e+10 -1.407279812765193367e+10 -1.892090481551121521e+10 -4.213293779524027252e+10 -1.746198584288489151e+10 3.091827092485250473e+10 -3.127391313131958008e+09 -2.848824541195355415e+09 6.957741900914531708e+09 4.521055618998068237e+10 -4.072969141983961487e+10 -1.007109487073043823e+10 2.034010440022785187e+10 1.801970235918912125e+10 4.276507344487297821e+10 3.383442279993713379e+10 -2.884412867603596878e+10 1.653343043839567184e+10 -1.771787654969599152e+10 3.582014661502830982e+09 -8.189924368115550995e+09 2.015832326639379883e+10 1.594462994423096848e+10 1.424621475877050982e+19 4.954804424398735360e+18 3.760355956240918528e+18 -9.775734111182028800e+17 5.827335198918199296e+18 2.431703445493921280e+18 -3.089006697996620160e+17 3.855046183257356800e+18 6.817903658359559200e+16 -1.066396029629776000e+17 1.873234964547116032e+18 2.375131715502447680e+17 2.406238550698737152e+18 -1.323913053339249120e+17 -1.168882432919565760e+17 1.036666025047647642e+19 4.166473764463189760e+17 7.068757351355825600e+16 6.516617736550319200e+16 2.178350688426689792e+18 -2.302528165154109760e+17 -4.960977330999516800e+16 -1.488279410489210880e+17 1.947748734117911552e+18 -7.034254488051099200e+16 3.611922932141969500e+15 3.425342943054714000e+16 3.629252504336168448e+18 -1.909213563578119040e+17 8.478397941218268800e+16 8.589340203610116800e+16 4.987583905151331200e+16 -5.200111320602529280e+17 9.269883480218190400e+16 2.001731691517232896e+18 -5.013466034569872000e+16 -6.218676504694982400e+16 7.194478240512960800e+16 1.616052149233295616e+18 -1.440419113140383520e+17 -3.397571215023993200e+16 -2.813873789556980800e+16 -3.601904746477131600e+16 3.324299129042478592e+18 -1.583493916744490200e+16 -2.112384301832174000e+16 -6.576050908712472800e+16 3.927179655914175200e+16 -6.617283482581081600e+16 3.927052761738256640e+17 -1.024610772975494600e+16 7.317827926887297600e+16 1.899371196876010880e+17 1.381776946105238272e+18 1.869222718670978000e+16 8.561578140063079000e+15 5.593204899723393125e+14 -2.301209879451296000e+16 1.181788192332655872e+18 -1.517676276184409280e+17 8.491350580928561250e+14 2.470913411850693600e+16 2.799351453749752188e+14 5.834077558532117600e+16 3.146694843074697216e+18 -1.338704704813449120e+17 2.416535367022538800e+16 -8.892269798642636000e+15 -3.557198218010217200e+16 2.890054208023974800e+16 4.681682341524762400e+16 1.775801509622039360e+17 -6.516868481892619200e+16 8.398343451440348160e+17 -7.232598108776118000e+15 3.201160079422951200e+16 -2.600134624234936800e+16 3.245139397818969600e+16 -1.336178954113820640e+17 1.285668588155610000e+16 1.626278247210118800e+16 1.417938161058540000e+16 2.674586160029263200e+16 1.296845815673783552e+18 -9.966262454253766400e+16 -2.535353519521108400e+16 7.909048253699413000e+15 -5.337010662827118400e+16 7.015979057673475000e+15 -3.676163951544406400e+16 3.121827714224909824e+18 -6.060294627155376800e+16 8.638551424674560000e+16 1.888896621504709200e+16 3.669723927957743200e+16 -3.069767087836681200e+16 3.437731441045364400e+16 1.441849183337412160e+17
-1.049510743128609863e+12 -1.287172469532678680e+11 1.090106437568889893e+12 1.490300099206646973e+12 4.289478795924917603e+11 5.168584228116203308e+10 2.487415697834900818e+11 3.288264402648666382e+11 1.707034165367146606e+11 1.382489163363513947e+10 -1.131046408689830475e+11 -3.445955458702619171e+10 -5.629139860173038483e+10 4.642575800510531616e+10 2.071817423464545822e+10 -2.270818861652941132e+10 -1.719343273146818848e+11 -1.448644720048027229e+10 -6.416024161332824707e+10 -2.328560689354320145e+10 4.349931900490541458e+09 6.483748746341437340e+09 1.685092034505299187e+10 7.563964446903675079e+09 2.145053354826417923e+10 2.022984431622443390e+10 4.949360500515054321e+10 1.507123818914898872e+09 1.200105066399368095e+10 3.644750470089883423e+10 2.499019119652836227e+10 1.211388981625650215e+10 -2.778604247561792374e+09 -3.438978506267898560e+09 -2.509514157725966930e+09 -1.798942477253203201e+10 2.645735101322155952e+09 -7.665604381622002602e+09 6.064486450008437157e+09 5.888559302933909416e+09 -1.754901501255944014e+09 3.434430127531319141e+09 -5.076084798765748024e+09 -5.113784408166194916e+09 -1.105609199574584770e+10 -2.574577295314913280e+18 1.461426812582906560e+17 1.835296507463477440e+17 3.390043177085344000e+17 3.413357018923556352e+18 1.693947105370613440e+17 3.324336976345985920e+17 2.807290894063536320e+17 1.796929904998153920e+17 2.211242772904838720e+17 -2.822810794981549120e+17 2.268141144303385280e+17 1.345028762803349440e+17 5.245774191705544960e+17 -1.407871929830828400e+16 4.166473764463189760e+17 3.128843156852064256e+18 2.776547566119077120e+17 3.522478284144037760e+17 1.326054983627677440e+18 1.460602425442655360e+17 1.649437645161277120e+17 3.675633364383922400e+16 7.089514565394039200e+16 3.913862769950757120e+17 1.046413850671639840e+17 1.268725779768693120e+17 2.170197435349247600e+16 2.111027288446505280e+17 -5.851075131487064800e+16 1.290153025800878400e+17 -3.492135670190705600e+16 8.530852640473825600e+16 -2.248243507621317200e+16 5.025483987191365120e+17 2.114037464298632000e+17 2.280025290843688000e+16 8.598897775290875200e+16 -2.927731648991637200e+16 1.612828618574125760e+17 -8.808841532011628000e+15 1.829465527181828400e+16 2.115445564910138400e+16 7.427256264730188800e+16 2.177005204488170240e+17 -4.909274886512352000e+16 4.829900039735908000e+16 -3.276182807001798500e+15 1.401479424378877400e+16 3.469765155060165760e+17 8.198770556870711040e+17 3.563386868910300400e+16 1.106948223546938880e+17 -2.158821996177359040e+17 1.594826703685183680e+17 -1.781326250830357400e+16 3.662182829870675200e+16 -3.053726454137415200e+16 -7.168772269528598400e+16 1.723921834187365120e+17 3.082569611056066400e+16 7.424001573377776000e+16 -1.450118190122091600e+16 -1.672460364684027400e+16 8.270767329741318400e+16 1.512841975878221120e+17 -8.409156886315783000e+15 3.296243465444827200e+16 -1.139354474642645400e+16 -3.320506381649284800e+16 -5.864220738850333600e+16 5.231413353545731840e+17 1.683049853351483520e+17 2.526025165596293760e+17 6.754053680203432000e+16 4.253610243811900800e+16 3.411386777321710400e+16 6.772558950845153280e+17 1.273162389930978240e+17 7.298196420503763000e+15 4.043497807252032800e+16 -2.574204750958638000e+16 -4.934849322831690000e+15 6.707600694612762400e+16 1.471469148565644160e+17 1.605245036817981800e+16 5.255651218987486400e+16 -3.177699036013268800e+16 -4.670807573427555000e+15 -2.080312453201928400e+16 2.689422400412884160e+17 1.856795260319556800e+17 -2.966060504226106000e+15 3.844794890774435200e+16 1.740520095231482600e+16 -2.293122948272848800e+16 2.621977168743737500e+15 -6.013364122577265600e+16
2.129617796366395874e+11 2.410305840159468079e+11 1.074860026221805878e+11 9.390726844201325989e+10 -7.510385411520520210e+09 3.065013491198866577e+11 4.959770301728632812e+11 4.280195866725437012e+11 2.220244590556512146e+11 4.559661560778390503e+10 4.146576785935292053e+10 -2.673303082289867020e+10 -3.412426182228859711e+10 4.367502189379638672e+10 -2.920016511815837479e+10 -5.802169630581584167e+10 -6.550491569760472107e+10 -3.251001834229928970e+10 -6.273759796297000647e+08 -1.719215291670138550e+10 8.859276358087902069e+09 2.457516397658916473e+09 -3.532799099180820465e+10 -2.835908714734376907e+09 -1.641351738103866768e+10 8.476380486222157478e+09 1.455131154389185143e+10 -7.349009948629538536e+09 -1.217631686512721062e+10 7.698937152196104050e+09 -2.164961672736551285e+10 2.316717062141844034e+08 4.884818653826901436e+09 1.005997440599847913e+09 5.384027463965288162e+09 -1.236077176452938461e+10 -8.891678115906949997e+09 -6.562802401919284821e+09 4.807494597657320023e+09 -2.331514827073203564e+09 -5.649784968743451118e+09 6.860508760181041718e+09 1.739535453915749311e+09 -1.838276076735257864e+09 -2.553850091568094254e+09 2.527186669037983040e+17 -3.811764111981677440e+17 -2.593745079559173120e+17 3.835446083117467520e+17 2.852048822276408832e+18 7.256098948455784000e+15 1.097898460339202240e+17 -1.246962666864555680e+17 6.108536726846807200e+16 5.433508670225650560e+17 4.126764280162129920e+17 -2.103025803769206000e+16 2.760113056852579840e+17 1.649936820298731840e+17 4.085351683777129600e+17 7.068757351355825600e+16 2.776547566119077120e+17 1.840738741451941376e+18 5.341652887491975040e+17 4.105430878580122240e+17 7.623928401718915840e+17 8.695589435295076800e+16 4.291698840660801600e+16 9.525710941329299200e+16 4.395660387385292000e+16 2.710602884705280640e+17 1.523153169262370240e+17 7.702752039404796800e+16 1.718501211564781400e+16 6.551459913862940000e+16 1.027420297951750720e+17 2.270193870350164000e+16 3.382202037239903360e+17 2.045829084462538560e+17 3.384931326876574080e+17 -4.590911260651972800e+16 8.854310953415432000e+16 7.150201858257392000e+16 -8.599633606327609600e+16 1.075241139753350800e+16 6.437354955856742400e+16 5.304384810264432800e+16 -9.888833508256336000e+15 -7.764275192010516800e+16 3.970946541575179200e+16 1.987177333096259600e+16 6.370272585912808000e+16 6.727430840647562000e+15 -5.024386565184740625e+14 -2.420457912835555520e+17 5.210750228636768000e+16 6.619389170042145600e+16 6.789401693197415200e+16 4.559615455713456000e+17 -2.923387503669431600e+16 2.494886292391223600e+16 6.822259807792352800e+16 2.468750908006155600e+16 -1.489798602065913920e+17 -1.888623330065349500e+15 5.709000214901724000e+16 4.230742859944155200e+16 -1.507676336529116000e+16 -2.075353059671072000e+16 -6.538215251573831200e+16 -5.154304462115201000e+15 4.618104677374033600e+16 8.733690477028323200e+16 -6.581699726023468000e+15 1.082182333497500875e+15 3.996213935778061600e+16 2.470975073991537280e+17 9.259085242553796000e+15 -4.681937235967010560e+17 3.485877404532962000e+16 3.642815590958077600e+16 1.582554026551762600e+16 4.267920289293541120e+17 -8.432116502421308800e+16 3.378831379421210000e+16 2.191207512770858400e+16 -3.497858965679122500e+15 1.095545694364633200e+16 -1.261781375757714240e+17 -2.371290559066222800e+16 3.279897477769679600e+16 5.995509121382681600e+16 -2.822303967263310000e+15 8.973192811666787000e+15 3.076676674980112500e+15 -2.187414206401288800e+16 1.066855127638191800e+16 3.646853488847512800e+16 3.872063368415895200e+16 -2.332151795605999200e+16 -4.460086230911667200e+16 -1.443554119829351000e+16 1.798705802829762800e+16
8.999086402506019287e+11 1.058409225657113037e+11 6.320869073306124268e+11 8.036390240314874268e+10 -4.203707781652880249e+11 7.598609153173748016e+09 4.682430821473029175e+11 6.471017163727502441e+11 2.566156344448501587e+11 6.901317496385725403e+10 1.218557610595519714e+11 6.298311881463381195e+10 4.566524384805209351e+10 8.654959665493693542e+10 -2.872131706986130714e+09 -5.600645435078821564e+10 -5.884005975908969879e+10 -3.635132034972709656e+10 2.125389892068453979e+10 1.526352985916209602e+10 -4.568053153127206802e+09 -6.175745042168834686e+10 -3.096156634109662247e+10 -3.673321776627896881e+10 -3.647234963448637390e+10 1.644481962705123138e+10 2.478237624708384037e+09 1.883404739796903229e+10 3.071386964509401798e+09 1.271919227050150299e+10 -1.155501950110083580e+10 3.074998991550623322e+10 -1.909596014099918747e+10 -3.194399097123740768e+10 2.738208687914409637e+10 -2.982510145917010880e+10 -1.115524767417237854e+10 9.705005281320316315e+09 -5.812480196185159683e+09 -1.455008170207261276e+10 -6.909446450049380302e+09 -7.597649930132784843e+09 9.084860768785585403e+09 -1.226254584582140744e+08 -5.361771659145659447e+09 -1.878779951866519552e+18 -3.971134944817055360e+17 -2.407083967113060800e+17 -4.923473242346623360e+17 2.342296535679884800e+18 1.277458589764133120e+17 -1.029201069271316000e+17 2.356092982159475520e+17 -1.862395965795956480e+17 5.251197343886836800e+16 -1.884428248685840128e+18 -1.463716264570704320e+17 8.520153516841843200e+16 1.306415417745453600e+17 2.713579661216254400e+17 6.516617736550319200e+16 3.522478284144037760e+17 5.341652887491975040e+17 3.883915752499612672e+18 -3.215941546496701440e+17 9.125879103784135680e+17 2.131282477724762800e+16 3.741395779713350000e+15 1.201125837289827520e+17 4.775642380907802400e+16 1.363013234264951680e+17 3.962900259436086400e+17 -4.698197867775732800e+16 3.156393804162433200e+16 -6.783997142360871200e+16 7.427801249284854400e+16 -1.063783562669393760e+17 -1.139410411961546080e+17 8.386693043330998400e+16 -7.910743896927838720e+17 7.744933151817974400e+16 2.790261457901914400e+16 7.842625976562664000e+16 8.104118740834566400e+16 6.561420103810176000e+16 3.390523983976533600e+16 4.094435254188688000e+16 -1.589367785543164200e+16 -5.852293661754375200e+16 1.625197680786937400e+16 3.558452858704988800e+16 1.135261324904923360e+17 3.642477375904294400e+16 -4.564138296355277600e+16 5.872558835972350720e+17 -6.498656075677844480e+17 -1.419476487481055800e+16 6.492622324017532800e+16 8.227153835274494400e+16 -1.216933793602765600e+16 -2.969252320171132000e+15 4.753888179419008000e+16 6.604843463067424000e+15 5.854917733689105600e+16 6.212050625233486400e+16 -2.412158577907088400e+16 1.057266476040080320e+17 8.193406856375596000e+15 4.069190249986712000e+16 -2.781492126828176000e+17 -1.486936953039641800e+16 9.663886787407212000e+15 7.870148480459105600e+16 -2.875359364416924000e+15 5.977455897581758400e+16 2.156902701124803200e+16 5.578229176728916000e+16 1.926166426244843520e+17 1.731284111224318720e+17 8.532892284630619200e+16 3.728485590801340800e+16 -1.601472582946054200e+16 1.772094920331504320e+17 -3.869994653516635200e+16 8.605928668767295000e+15 4.102676571340892000e+16 1.332695952386500400e+16 3.744367134146611200e+16 -8.360241249627019200e+16 -1.485314448275324600e+16 -9.677595066300640000e+15 7.169954642765272000e+16 4.341589384868960000e+15 2.488951946442426000e+16 1.217738746811307400e+16 -1.197426583099959680e+17 2.877907697747456800e+16 3.738276300449213600e+16 3.913187627009069600e+16 8.734423908546964000e+15 -4.493429342817285000e+14 2.419567078721230400e+16 1.877886281291102800e+16
4.595920009825505859e+12 1.600173080416461426e+12 -5.805048941405940430e+12 1.613034585409143372e+11 1.903178283148863281e+12 -4.813017204647501221e+11 -9.484285482853616943e+11 2.533414339300690918e+11 -7.865109258408079834e+11 -3.436591109432531738e+11 2.824134003906849365e+11 -1.827204605456885986e+11 -3.473048174177043457e+11 -4.301132802938475800e+10 -1.139094918932145996e+11 -4.299179291561656952e+10 7.632450402027772522e+10 -2.397971876290867615e+11 -3.256193647030164185e+11 -1.043602963338621979e+11 3.388525580959876709e+11 5.517155959239807129e+11 6.292331707922250366e+10 -1.526085900573733139e+10 -3.211934799790504761e+11 -3.414891561706021118e+11 -2.932198421748937607e+10 5.906255548515150452e+10 1.514351680865051575e+11 -1.827798404088530731e+10 1.334253123727554474e+11 2.073303299671791077e+11 -3.064713688399909210e+10 1.129067678339745941e+11 3.223098000393366699e+11 3.805162843719171143e+11 -2.890665989709396958e+08 -2.798680275179288940e+11 -1.745846138126179199e+11 2.648243865862062378e+11 5.603054445496185303e+10 5.528386547214695740e+10 -2.424093495261009598e+10 1.323743334086002655e+11 9.792888008610055542e+10 1.041950549565992346e+19 -9.780915563194781696e+18 1.112407133622972544e+18 2.779390722500711936e+18 1.922704410628528128e+19 -7.952500655733357568e+18 -1.326891830453159424e+18 3.231875005273069056e+18 1.269196321518398464e+18 1.241266081044436224e+18 -2.888721416681327104e+18 1.382832252691440640e+18 -2.280012260387136768e+18 1.296426927132213600e+16 -7.887993413343539200e+16 2.178350688426689792e+18 1.326054983627677440e+18 4.105430878580122240e+17 -3.215941546496701440e+17 3.132032195377777869e+20 3.928121430102458880e+17 2.391291547512908800e+18 5.096905503510609280e+17 2.597488080014696960e+17 8.423559313216468000e+15 -1.748526621326768960e+17 -2.539437025390244800e+17 1.186381162312794368e+18 8.349785352145036800e+17 1.170325562167859520e+17 -4.128715700393859200e+17 -2.073397986494608640e+17 2.825380020160168448e+18 1.670089754496532800e+16 -7.274385592804382720e+18 -1.905152617069909440e+17 3.528377226753281920e+17 1.467607372408766800e+16 -6.948545131937185280e+17 2.579466745627407360e+17 -4.184777168336004800e+16 3.338315177918159360e+17 -9.194625012389891200e+16 2.058370175110083072e+18 3.901506240725447680e+17 1.208766385081553408e+18 6.997614281134436800e+16 -3.503275502670144000e+17 -7.729672158276386560e+17 9.029136816067104000e+17 1.857218292148162560e+18 1.407151085171646720e+18 5.986377849219032800e+16 4.111544139689358720e+17 6.235374848537054720e+17 3.290283444916878720e+17 -1.417547686904270400e+17 -1.125593513562698560e+17 5.755906751779216640e+17 4.325731456601030400e+17 -5.013659197294388800e+16 -1.390151617569713600e+17 -1.630401825246281600e+17 1.221416464960294080e+17 1.240895895041369856e+18 2.954804039746105600e+17 -2.969526070674984800e+16 -2.980082327568145920e+17 -1.653431912317325440e+17 -1.395550380258646240e+17 -4.643167077827264800e+16 3.314675249432993920e+17 -4.995425206375039360e+17 1.887724715507027200e+18 -8.989342170690927360e+17 -4.554749712190301440e+17 -3.332547775407509760e+17 2.186606100615879360e+17 1.588423124515601250e+15 -2.073043244638869440e+17 -1.248230545611381920e+17 7.093608477226542400e+16 2.764438159266763500e+15 -6.473133070986732800e+17 -5.057564521019227200e+16 -1.869701608174614720e+17 4.881083909699918400e+16 -3.614458819269160960e+17 -2.109333533180295040e+17 -4.556115745137058400e+16 1.958716411810322432e+18 4.980044978550030400e+16 6.418290831740407000e+15 -4.440252323749585920e+17 -3.565961018239543680e+17 -2.763193194888924800e+17 -2.584660324268911360e+17 5.168382295749005600e+16
3.124315051757067261e+11 1.689415576122942383e+12 2.374358793857975586e+12 5.816958940428211670e+11 1.352804305619197998e+12 2.497162144332164612e+11 7.095947126025997314e+11 2.131719294168435669e+11 4.383593159672074585e+11 1.115575845156450272e+10 7.743118217276286621e+11 1.832417643259817505e+10 6.080467005855059814e+11 4.632092474745718384e+11 3.115677586296610718e+11 -3.120511516482905884e+11 -8.060510404091700554e+09 2.353616931370878296e+11 3.509319228896247559e+11 -7.784044947165805054e+10 -3.796751440282050781e+11 -1.644315679356811829e+11 1.549345866461359024e+10 9.011539803146699524e+10 -6.996343821492852783e+10 -2.789178808462358856e+10 6.947166428978471375e+10 3.184048754015439453e+11 2.511455836524531860e+11 9.522961496929824829e+10 1.644104860289276733e+11 8.311507428365463257e+10 1.601788564782124634e+11 -1.278757171252738495e+11 9.571789612031674194e+10 8.673824403680899048e+10 -3.304439851373166084e+09 2.119162990054985657e+11 7.802498454246022034e+10 -1.308809859750913696e+11 3.412397711012789917e+10 3.312669875889819622e+09 -8.991485471635463715e+09 -1.490272316945888062e+11 -8.103024679957955933e+10 -3.803046729380492288e+18 9.568715735828400128e+18 2.617426306207548928e+18 2.151817657928423936e+18 2.971456895237106893e+19 3.638147771413834240e+18 -3.103098453584816640e+17 5.655994124625075840e+17 -2.849125751901881600e+17 1.189243261542602752e+18 3.795157194996873216e+18 -5.350325867173960960e+17 3.684709836905357824e+18 4.099750809793815680e+17 -3.462399063766129280e+17 -2.302528165154109760e+17 1.460602425442655360e+17 7.623928401718915840e+17 9.125879103784135680e+17 3.928121430102458880e+17 1.649538015872321126e+20 1.984173334931161856e+18 -4.629267921968622400e+16 2.665212361135859200e+18 -5.591373891333728640e+17 -1.313075215660239040e+17 3.007670907579808640e+17 -8.196484238242959360e+17 -1.535009018024222080e+17 -1.456659202385585920e+17 -2.632028453397911600e+16 -2.157790321435991040e+17 2.401234782915045888e+18 3.098566501732472320e+17 5.152462007450544128e+18 -8.736962617001882880e+17 1.566167230944890560e+17 4.933106385043882880e+17 7.092570231232309760e+17 4.567888409736770560e+17 1.975757699170583040e+17 3.968566774201792640e+17 6.529387252896899840e+17 -6.028569061663052800e+17 1.227666715715617600e+17 -1.169012589929686200e+16 1.228852691823886560e+17 2.177598443253152960e+17 5.672494030619667840e+17 -3.567872061989080576e+18 -1.069171297035271520e+17 6.491061821156948800e+16 2.381670236303653120e+17 4.330389064592305152e+18 -4.874968777716373600e+16 -3.193668914720330240e+17 1.163451711242832960e+17 2.435959711318867200e+17 9.360522541476256000e+17 5.186233898763678080e+17 2.921948305487272960e+17 2.726128500124299840e+17 1.200192238891122880e+17 -7.585414006693472000e+16 5.966595765429175040e+17 4.059259019575028480e+17 -2.158534939765670080e+17 3.712813374286266880e+17 5.526649835613549440e+17 2.869124611600928960e+17 1.770521343823068160e+17 5.601931806090909440e+17 2.891118533892361600e+17 -4.186457639636604160e+17 5.026608513933964800e+17 -8.135442786657486400e+16 3.311141166369708400e+16 3.111879034061103616e+18 3.484020229952114560e+17 2.959857054621891840e+17 9.738839207121166400e+16 6.076908739119092800e+16 1.983810648218345280e+17 1.318071065922202880e+18 5.284655879471260160e+17 3.811972325918079360e+17 2.651868670238829760e+17 2.465275291712143040e+17 2.636937372399346560e+17 -1.287021041282128640e+17 1.254199518055202400e+17 1.155075892149569600e+17 1.767810655623808960e+17 -1.358544682246223600e+16 -1.793266094054907520e+17 -7.376256834388220800e+16 4.384234067635137600e+16 -8.528245086750791680e+17
-5.061756649795750122e+11 5.318055416915403442e+11 2.697547244497855835e+11 1.550801202980152832e+12 6.836662033234825439e+11 3.883698238945998535e+11 8.356000524840042114e+10 -7.959596076766398621e+10 1.272651441839649506e+11 1.566118481137894592e+11 1.128054550312650490e+10 -3.079886690741880798e+10 -1.984868764190022659e+10 5.793804967125328064e+10 -4.516256720204782867e+10 1.445964194537000427e+11 -1.121303514862214661e+10 -3.623866824397968292e+10 -5.771731635402064514e+10 -1.867639109915361023e+10 -2.563168522839859486e+09 -1.218126743201888657e+10 -1.435704402367978477e+10 3.999008212209251404e+09 9.240511553144853592e+09 1.859871017592437744e+10 2.292969851318631744e+10 -8.519306187512418747e+09 -4.292935974238267422e+09 -7.985124170459604263e+09 -1.949193552922321320e+10 -3.703655278748064637e+08 2.383236158825682449e+10 -1.427388244194809341e+10 8.566026935478197098e+09 1.413404081474550056e+10 -1.243685310988567924e+10 -1.125980632225263786e+10 1.779026222885092020e+09 -2.157682048241973877e+10 2.671976043714427352e+08 7.865465244888407707e+09 -1.453503689293106461e+10 -8.003134718068950176e+08 -2.073637280607020617e+09 2.546325877566030848e+18 3.649901972087253120e+17 5.497707150178249600e+17 1.214880037237270784e+18 7.204131094490725376e+18 1.261243354622088640e+17 5.394759732160248960e+17 2.271840774746147200e+17 2.806096503248194880e+17 -1.126950623747962240e+17 1.304701478115871232e+18 3.092033841374122240e+17 1.277399885212098400e+17 5.028802735201367680e+17 5.045093665080080000e+16 -4.960977330999516800e+16 1.649437645161277120e+17 8.695589435295076800e+16 2.131282477724762800e+16 2.391291547512908800e+18 1.984173334931161856e+18 4.245106258267103744e+18 4.245185448287514240e+17 -1.573049396518105600e+17 3.840410898504816640e+17 4.077639038262737600e+16 3.143660403462363600e+16 -1.220467716967960400e+16 1.890995807091331200e+17 8.400869280517155200e+16 1.511672872174660000e+16 3.102647177020230000e+16 1.555295793356221184e+18 2.908350269485308160e+17 5.337230449520864640e+17 2.279887611748417280e+17 1.160291138085770400e+17 6.731589738305520000e+16 -3.500465153373839200e+16 1.193151887994133280e+17 4.267287719223468800e+16 3.273012656501883200e+16 6.894083888929365600e+16 -1.063958726157507360e+17 1.488217178878333760e+17 4.279053740815617000e+15 4.042209686617910400e+16 7.830819299306017600e+16 6.639673020554740800e+16 -2.271830812063265280e+17 4.061510883519529600e+17 -3.835623767155600000e+16 -8.481825281013545000e+14 -9.018953034813747200e+16 4.142609826942255200e+16 8.565094933726670400e+16 3.464083957110145600e+16 6.153513096534512800e+16 -2.095958081069634240e+17 1.312511660718412480e+17 8.213338668831835200e+16 -2.154017285651667200e+16 4.403809992753802000e+15 -2.434642263858822800e+16 -7.772594250374918400e+16 9.824142621090388800e+16 4.214414986811276000e+16 1.702621518065425800e+16 -2.788101651469878800e+16 -2.226927446303693600e+16 8.849631884575017000e+15 3.999416692210996800e+16 7.651767686550499200e+16 -1.724847105375021000e+16 7.427868460850673600e+16 7.163077428782140000e+16 8.188957740162227200e+16 -5.056133307980366080e+17 1.848064445320842560e+17 4.069551184459909000e+15 4.646013015822930400e+16 4.025797896222028800e+16 -5.905524701550063000e+15 1.071382914709402560e+17 1.526264818541997440e+17 4.294215380017226400e+16 2.487670900343523200e+16 3.804369916394584000e+16 2.386463520082275600e+16 3.019274961859970400e+16 2.761079839540861200e+16 2.003533845120773440e+17 8.151719750883996800e+16 1.022066443788822200e+16 -2.404123073399752500e+15 4.786448826679747000e+15 1.600727585226332600e+16 1.110460380369513760e+17
-1.181434244946360596e+12 -2.626248231795315247e+11 6.769131816142843018e+11 2.922636647505542603e+11 4.664719420453225098e+11 5.894852116696945801e+11 3.309119060315950928e+11 8.472982970603330994e+10 7.734103064834616089e+10 8.279082372646607971e+10 2.335212681987995911e+10 -7.567651909193126678e+09 -8.233008145951423645e+10 3.713433512567715454e+10 2.590088518069395065e+10 8.546472232969029427e+09 -6.800253263238020897e+09 -3.000765254883034515e+10 3.975381705427373505e+10 -1.559716005902412987e+10 1.823825231487141800e+10 -2.085066854228304291e+10 -2.570492621949663162e+10 8.585406356617744446e+09 -8.691736065489576340e+09 -1.150785269171028519e+10 9.353957521148426056e+09 -1.191914057640836906e+10 -1.683633939694133568e+10 1.400922006313010979e+10 -8.121443608441487312e+09 -3.242282252618186474e+09 2.080364659151801825e+09 -3.154295027685217381e+09 1.723701686751663685e+09 -9.217829916538135529e+09 5.788056669277767181e+09 -7.629592362077439308e+09 -8.387045494154178619e+09 -1.930498672144415855e+09 3.813250633259337425e+09 -9.624124601468845367e+09 -1.684721292725226164e+09 -3.043940995531030655e+09 -1.101571603089549541e+08 3.914469977590533120e+17 -5.750767621767918720e+17 -3.541499261715960960e+17 2.525073423296511680e+17 2.552258704758057472e+18 3.285406026623535500e+15 2.643758154997978880e+17 -6.756061803423962400e+16 -8.663396665839981000e+15 -1.748262344965185280e+17 2.769114268739860480e+17 3.078683787356422800e+16 2.105491896858576000e+17 2.255082557977364480e+17 1.796295721108781120e+17 -1.488279410489210880e+17 3.675633364383922400e+16 4.291698840660801600e+16 3.741395779713350000e+15 5.096905503510609280e+17 -4.629267921968622400e+16 4.245185448287514240e+17 1.946333567714650368e+18 -1.325802571993787800e+16 6.057223274008000800e+16 1.474825804266231040e+17 -1.754463075893070400e+16 -1.040974279591452640e+17 9.974535955084230400e+16 -1.065667047229021000e+16 7.733511378577248000e+15 -9.650523596875646000e+15 4.560146831748970880e+17 4.063860455864434560e+17 -2.432445338538123840e+17 8.363256292883518400e+16 1.473367609860773440e+17 -2.966102631909416400e+16 1.083176644546638560e+17 -8.962761133464132000e+15 5.467170161001407200e+16 2.234328029582358000e+16 4.726496074163936000e+16 -1.565238057122048320e+17 -2.846740244923468400e+16 3.179115212891126400e+16 -2.105203095254494000e+16 1.766330307364619000e+16 2.322380887517746800e+16 9.592455750156838400e+16 6.698684020488907520e+17 1.044992022107760320e+17 7.266659037361199000e+15 1.868646627853479040e+17 6.824918527046000000e+16 6.357742900281783200e+16 1.376304034730328800e+16 -6.626146480474247000e+15 -2.735027992917448800e+16 6.875578800558828800e+16 4.530628627487725600e+16 -1.440385871426176000e+16 2.704972068467353600e+16 3.138285681553475500e+15 7.295238871744872000e+16 1.020164808074911680e+17 1.029743975561320320e+17 9.793418206478234000e+15 3.161446738582540000e+16 -1.084150836482999600e+16 -3.426461488597372000e+16 8.166671627294161600e+16 5.483585113533613600e+16 -5.885419223770277600e+16 1.197318778096052320e+17 5.625302806121378400e+16 2.768441622736286000e+16 1.190371747276938880e+17 6.037288442827982400e+16 5.542267418518852800e+16 -7.453036987392193000e+15 2.247037333253545200e+16 2.246364641200928800e+16 3.579633450039026000e+16 6.322112008481303200e+16 7.670898325340028800e+16 3.386364202005019600e+16 2.330382382859055200e+16 2.399448565678013000e+15 -1.672581741002967600e+16 -2.033709095194975200e+16 1.488597246352085250e+15 5.728098956967950400e+16 3.080707254593356500e+15 -4.508322104784816000e+15 -2.085117180368761200e+16 3.811992422772600000e+14 3.823551199028240000e+16
1.260874843385916992e+12 4.464175881669553711e+12 2.019324633099717529e+12 7.831141211017013550e+10 4.465007754277033081e+11 3.006939710278327560e+10 1.241111350073968201e+11 1.832062467693372498e+11 3.025659597699675903e+11 5.380583407453604126e+10 -1.309428576783075256e+11 -4.533047420208573914e+10 1.650970383124942589e+10 -7.794445747926579475e+09 8.723918601231613159e+10 -3.988233310848050690e+10 2.205852817125707245e+10 2.421534635505952072e+10 7.556426922099482727e+10 1.621445613527469254e+10 -2.127417004171171570e+10 -4.118122542054185486e+10 -5.740366963567903519e+09 1.058548370988507652e+10 -7.624393033530337334e+09 -3.922669664378537750e+10 2.947863570412821579e+10 -4.139845826106706142e+09 5.524573601072348785e+10 -9.538802662780145645e+09 2.742803632688527298e+10 -7.126730604529143572e+08 -6.319687208028915405e+09 2.170278202453465271e+10 4.553742357619484711e+10 -2.353192049563611221e+10 -1.099259060395141983e+10 -4.695303473372947693e+09 2.258379555701132202e+10 2.077037200830708504e+09 1.299777933081591797e+10 -3.071655865159648895e+09 -8.793747469373838425e+09 1.419211054886659241e+10 -8.820025398313014984e+09 5.474265086730764288e+18 3.463976638821299200e+18 2.144024714682746368e+18 9.714891543050694400e+16 -3.156358848744758272e+18 1.686164875664324608e+18 3.368949974879710720e+17 1.201376602956207616e+18 3.057184422390197760e+17 -1.197363732408556160e+17 -3.113576604510361600e+17 5.520807093205355520e+17 1.354031977958289664e+18 2.188723765139756400e+16 -1.593141430906640320e+17 1.947748734117911552e+18 7.089514565394039200e+16 9.525710941329299200e+16 1.201125837289827520e+17 2.597488080014696960e+17 2.665212361135859200e+18 -1.573049396518105600e+17 -1.325802571993787800e+16 6.364145008916425728e+18 1.159667646842438720e+17 1.245071024025223680e+17 1.099021810153089600e+17 1.854516900897573120e+18 -6.760211413149172800e+16 1.848445072258519040e+17 -3.174792605014244000e+16 8.423735074125219200e+16 -3.274210901694552320e+17 -7.194258190738672800e+16 7.551046461681895680e+17 9.380255941913680000e+16 3.755088238655502500e+15 8.277265884078268800e+16 1.339830584354293760e+18 3.802271043133498400e+16 -3.225585369737173600e+16 4.158927859743044000e+16 2.882103633978364000e+16 1.084912335972001536e+18 -5.398371671009455200e+16 -2.451426704237116400e+16 2.459467119476398800e+16 -2.295822881844099200e+16 5.833414256742384000e+16 1.403813520552536480e+17 -1.007023765689776128e+18 1.148317030868758240e+17 7.144524803410684000e+16 1.132304448875167104e+18 3.021397792096080400e+16 -2.189754408460565200e+16 2.423916213536979200e+16 -1.880189367447847200e+16 1.293645600843963392e+18 -6.711756716210787000e+15 2.958052229038978400e+16 3.596017864940598000e+16 -3.886174122026066400e+16 6.008457610181274400e+16 1.081604743741199744e+18 3.836686419848390400e+16 4.358920881433080500e+15 -1.599337780533048400e+16 7.244672098062028000e+15 2.459257463944086400e+16 5.473233829542602400e+16 1.156521560193350144e+18 2.736960724668297000e+15 6.961735297373744640e+17 -7.990263699181572800e+16 8.154370233601830400e+16 5.144918323841398400e+16 6.234651730676698880e+17 -1.015805197060864000e+17 -4.931118889701220800e+16 -8.079472758433431000e+15 -3.102893545788392400e+16 -4.578992159509502400e+16 1.122149934564555904e+18 -1.224318767001849600e+16 -2.944224770923241600e+16 1.419314160858376200e+16 -3.365333964731218400e+16 -2.862569193943013600e+16 1.490864752689773200e+16 9.711076997696807680e+17 -1.489295721421626600e+16 -1.587902477857631400e+16 -1.005572024345940600e+16 -4.254198140023566400e+16 -3.287041608701027500e+14 -9.705380290336790000e+15 1.086513479151785120e+17
-1.516039742350419922e+11 3.100903216689736557e+10 8.270508435571721191e+11 1.543929284321135254e+12 3.856699044813462524e+11 -8.025349281150238037e+10 2.742936262527451706e+10 1.450558015088208313e+11 1.661927386589740295e+11 1.317169128673610840e+11 2.774813184697957230e+10 -4.272523195921556854e+10 -2.648055085345311165e+09 -3.009596174077071190e+09 -4.468307683009410095e+10 -4.787074888417317390e+09 -5.660197767437933350e+10 5.612825312437138557e+09 1.529806616325414085e+10 2.822416259257044315e+09 2.180026580621397495e+09 1.081190435717519379e+10 2.366801442115488052e+10 2.104180057825376129e+10 -4.145650443499008656e+09 3.408960670897309780e+09 2.476159679848794937e+10 9.891086917525848389e+09 1.327609859608298683e+10 5.107661587041798592e+09 1.437675333598795176e+09 3.700993026771013260e+09 1.339468937884803581e+10 1.704375416017369652e+10 9.802175468606494904e+09 6.752462697852040291e+09 2.213507386248044491e+09 2.827209717474710941e+08 3.093156940042250156e+09 1.732557738357452631e+09 6.960434813319031894e+07 7.357149025542205811e+09 -1.368966667562287092e+09 -2.976565903932988644e+09 7.211969390867424011e+09 -8.558800746545574400e+17 1.464292936100720640e+17 -1.160399346342221440e+17 1.934534023332367680e+17 6.770823731988192000e+17 -1.214774487317208800e+17 4.789203081408965120e+17 1.069968927067978080e+17 1.233278740739442560e+17 -8.121002159291606400e+16 5.779272046601171200e+17 3.380375255167193600e+17 -1.743108602983815400e+16 2.331193936391901120e+17 1.430308122774944400e+16 -7.034254488051099200e+16 3.913862769950757120e+17 4.395660387385292000e+16 4.775642380907802400e+16 8.423559313216468000e+15 -5.591373891333728640e+17 3.840410898504816640e+17 6.057223274008000800e+16 1.159667646842438720e+17 1.294311722448403456e+18 9.793799261154555200e+16 7.170607533867072800e+16 -6.272725616774204000e+16 2.861076364930670720e+17 6.040683525721797600e+16 5.055680854766582400e+16 -1.190981279985294200e+16 5.233231187398177920e+17 4.544536664068840800e+16 3.794710910516281600e+17 3.016627249367004160e+17 6.695596443309073000e+15 2.926959929116401600e+16 -1.326810094603117120e+17 1.906501684194204480e+17 -1.695462713184033500e+15 3.121025077070031200e+16 2.703385964441987600e+16 -1.699356563693241920e+17 1.780834247043417920e+17 -1.815843489932334000e+16 -1.241866056944192000e+15 1.590483009776059600e+16 -4.928329438093641600e+16 6.094862361438128640e+17 3.776433700747767040e+17 1.527720576145559400e+16 1.988449949581674750e+15 -1.522968161900505600e+17 1.448993515818337600e+17 -1.599968252875808200e+16 5.925227409264149600e+16 6.253295597162604800e+16 -6.971730917037630400e+16 1.816753441316180800e+17 3.313350379077933500e+15 1.652972917831316200e+16 1.337106678625256600e+16 -2.631410081229408800e+16 -1.447208337663173120e+17 1.859449799599094720e+17 -3.330668071375680000e+16 3.608366538387828800e+16 -7.095541380471604000e+15 -1.831800683035161600e+16 5.158570222095657000e+15 -3.226327948625001200e+16 7.283913918298737600e+16 -2.595162704136701200e+16 -1.069964466764732000e+16 5.212987287861260000e+15 3.602821004033560800e+16 3.823518918538604160e+17 1.083533210850336800e+17 -1.336448644073869250e+15 3.549240086425318800e+16 1.794876406742332200e+16 -2.899800274457719600e+16 -8.937795887102986000e+15 1.068888827997387520e+17 -1.180444205295326000e+15 -3.772723766219861875e+14 -6.371960522754995000e+15 -2.337003361584864800e+16 1.548032704938364000e+16 -1.308196149654564480e+17 1.392443064629204960e+17 7.212085191525020000e+15 8.479531167597795000e+14 8.624184892567230000e+15 -1.060791698230932400e+16 1.073263077382611800e+16 -2.544688078966461200e+16
1.326080227258160706e+11 -6.420733394629129028e+10 1.014666118956199188e+11 -6.899977545571351624e+10 2.367892488598108826e+11 3.943440382063370361e+11 3.771165738945534668e+11 2.815021753951323853e+11 2.260657830645734863e+11 1.507141042921463928e+11 7.337505688194316101e+10 5.886734972816014290e+09 -1.264137696556394386e+10 -1.783407306075932312e+10 2.163990401242023468e+09 -1.211942082630616570e+10 -3.635420689676121521e+10 1.817656031188187408e+10 3.036787590063603592e+10 4.411569730170540810e+09 2.816948917301798630e+10 -7.152804706284422874e+09 -1.384654675470584679e+10 4.527270725602014542e+09 4.691688906237593651e+09 2.092409728142275095e+09 8.013151546477336884e+09 5.342174845855249763e+08 1.139273961382170105e+10 7.382806059210712433e+09 -8.455383103636341095e+09 5.570918458348780632e+09 -2.878136622112884521e+09 -3.011329913190996647e+09 -1.221448870382550430e+10 -2.298729191040507793e+09 2.033661400541309834e+09 -8.234335494717607498e+09 -1.221712652661426735e+10 -1.559766043624339485e+10 3.261018528242500126e+07 -3.291766448954887390e+09 -3.561726397410272598e+09 -1.172766064991445541e+09 -7.715268530431351662e+09 5.831225418194656000e+17 -7.725501816444944000e+16 -1.878251856910220800e+17 1.169994719222928320e+17 2.015041858967293696e+18 -3.822071136068317600e+16 -7.304060022153012800e+16 4.505655821846444800e+16 7.416199218211896000e+16 6.358093198666540800e+16 4.684796674510004480e+17 -3.351805747044379200e+16 5.517192891865022400e+16 8.239154353549379200e+16 1.467720418766752640e+17 3.611922932141969500e+15 1.046413850671639840e+17 2.710602884705280640e+17 1.363013234264951680e+17 -1.748526621326768960e+17 -1.313075215660239040e+17 4.077639038262737600e+16 1.474825804266231040e+17 1.245071024025223680e+17 9.793799261154555200e+16 6.610523465249061120e+17 1.193195673751514400e+17 1.466710265105184640e+17 7.249399807559688000e+16 1.346235103586370400e+17 8.430583314343796800e+16 6.754313121411564000e+16 5.050907979303749120e+17 1.690819042254862400e+17 1.749987976731887040e+17 4.346839153391113600e+16 1.074185127804841440e+17 8.534467756000859000e+15 -1.455935449921408000e+16 4.190981343577656000e+16 4.140487704120413600e+16 4.357912795450442400e+16 5.598787300250238400e+16 -3.970137540167763200e+16 1.655916723149835200e+16 3.723902923100651875e+14 7.639922866285554000e+15 2.812272225280406400e+16 -5.872023069896289844e+13 -1.489566762313867520e+17 1.016266733246946400e+17 1.051090389389473440e+17 1.506003565319096000e+16 -2.577668444661028160e+17 1.805981681211429200e+16 5.209909603601261600e+16 6.445378850240764000e+16 3.499456533464798400e+16 -5.706730278211108800e+16 -2.156244502733640500e+15 3.126263577154860400e+16 3.783755298698851200e+16 3.836267919544246000e+15 -1.814321119234775200e+16 2.240481516054655200e+16 2.255062947229651600e+16 5.458911815745059200e+16 4.235685083321608000e+16 9.031844726863510000e+15 -1.086081376321097000e+16 1.259842410301433500e+15 7.443023709252868800e+16 6.165557120024216800e+16 -3.446668839208335200e+16 5.266813766026148800e+16 3.897086042518985600e+16 3.638813796040561500e+15 -1.338181824000597280e+17 -1.421933023890413400e+16 5.301921204302140000e+16 3.502594529360506000e+16 2.352027690186071600e+16 -6.164451674716888000e+15 1.255414362238710400e+16 -1.186192591475731600e+16 3.045717529061361600e+16 2.302311876872946800e+16 8.530509703225041000e+15 -4.928982726112842000e+15 -2.224659692309134000e+15 3.858607371108753600e+16 -2.079659473770502800e+16 2.858869546073316000e+16 1.585940724972948400e+16 -6.124125535625778000e+15 -1.609701484911194750e+15 -2.932802074857396500e+15 1.862717974021498500e+15
3.712029658903751221e+11 -1.325605519656251526e+11 2.808274941504348755e+11 1.493875671431375732e+11 -3.497600838128897858e+10 9.127087002930964661e+10 2.917075796795369873e+11 3.928512023393212891e+11 2.112768457494838257e+11 1.540292036124984741e+11 7.347811742795730591e+10 1.746023573560131073e+10 4.548010903237753296e+10 3.415046481245499039e+10 2.702747067844740295e+10 -3.035982147656267166e+09 1.711823979761252594e+10 1.215303062623031235e+10 -2.329652970892619610e+09 3.072213197059608078e+10 3.996402949444448853e+10 -9.589951104783357620e+09 -9.428962016705307007e+09 5.408728629057085037e+09 -1.027846360339095688e+10 5.106175834054550171e+09 1.109786581689659691e+10 2.478530702535230517e+08 -4.517622620488221169e+09 -1.652132768516083336e+10 -5.791208924943238258e+09 8.483418720898364067e+09 1.103169925017913818e+10 8.105759490108285904e+09 1.005067647803622627e+10 2.576646622736119926e+08 2.081623834472651672e+10 -4.124553583272536278e+09 1.397529388031235123e+10 1.383009185854269409e+10 -6.395311829373121262e+09 1.656306724407757378e+10 -1.146317882009321451e+09 -2.674703131073355198e+09 4.415966617120035172e+09 -2.564639463440432000e+17 5.633209818747276160e+17 -3.405905623550489600e+17 1.455124161016181000e+15 2.242870679254973952e+18 -1.524856953700466880e+17 -5.233828294420922400e+16 -9.253518756249616000e+15 -4.729195423530119200e+16 3.063329248313916800e+16 -4.751317182623092480e+17 -4.396683815071043200e+16 4.231993639263387200e+16 1.577504630729916600e+16 6.322636257610419200e+16 3.425342943054714000e+16 1.268725779768693120e+17 1.523153169262370240e+17 3.962900259436086400e+17 -2.539437025390244800e+17 3.007670907579808640e+17 3.143660403462363600e+16 -1.754463075893070400e+16 1.099021810153089600e+17 7.170607533867072800e+16 1.193195673751514400e+17 9.768497589931983360e+17 1.095093248722717600e+17 1.829144772431243200e+16 5.291272638886690400e+16 2.313349525206667200e+17 8.581593819767774400e+16 1.883412603234332800e+17 1.060594304140945280e+17 -6.999703199105289600e+16 3.806414116297061600e+16 3.250687206223000000e+16 1.359999359807909760e+17 1.150569985940297400e+16 7.454987205321139200e+16 3.803840766231645600e+16 6.628028813089084800e+16 1.948768457463794400e+16 -1.410133087222614000e+16 -3.467909137993789500e+15 2.710977051953537600e+16 7.888396124976612800e+16 4.451169715295144000e+16 2.125989395287258400e+16 -9.876923797900824000e+16 2.306292519017125120e+17 6.082907947707120800e+16 9.662809196387403200e+16 -5.066771085850023000e+15 2.745435575022425600e+16 1.598737823154976600e+16 7.668987458965812800e+16 5.121729053835408000e+16 3.102030300966758400e+16 2.969192658658049600e+16 8.984314902802354000e+15 7.403095037945464000e+16 1.537577809141671400e+16 7.770947763013667000e+15 6.510162702810024000e+16 1.915321687715335200e+16 2.532092382471120800e+16 2.304577046503857600e+16 -1.441858772161471200e+16 -2.026493003245862800e+16 1.224996921643381600e+16 3.795470840826684160e+17 9.423766360161827200e+16 -1.490074547698959360e+17 8.704292464961720000e+15 4.799948060739289600e+16 2.734945733102451500e+15 4.321964332525382400e+16 -3.162819692420682400e+16 -3.241817375357191500e+15 2.866417330073064800e+16 1.344168040143470400e+16 2.261345930989842800e+16 4.378699363761677600e+16 3.699234877912889600e+16 1.413571914459819600e+16 3.896041344345076800e+16 -5.335566611744788000e+15 -2.183357086098736000e+15 3.181755706126010000e+15 5.855435669502842400e+16 3.215713026469386000e+16 2.477244449604370800e+16 4.084547952264881600e+16 -5.362040803197626000e+15 1.197926759508485000e+16 6.952493310021001000e+15 1.161059041917562600e+16
3.813583517794240723e+12 4.082042836397275391e+12 1.269225762873057617e+12 3.878725244086651001e+11 1.873682641793935242e+11 4.013167709314697266e+11 3.060177944550223389e+11 8.971761213727014160e+10 1.022863222465063477e+11 2.873965508488034668e+11 1.483789919877397461e+11 -9.618808769967607498e+09 2.031855320997272339e+11 -4.585111646251023102e+10 9.215213754596411133e+10 -8.315048796230076599e+10 -8.550849277424105835e+10 5.766935915007970428e+10 -1.845468678983213425e+10 3.575952156127101898e+10 7.945074411264328003e+10 -3.392841338311162591e+08 -1.659689475437005997e+10 -6.077831396008661652e+10 -7.526922595593283081e+10 -3.299566122652147770e+09 -7.686492171899362183e+10 2.297623997676454163e+10 7.196810613857090759e+10 -5.615377644331737518e+09 -8.574644357251582146e+09 6.633190427190991402e+09 1.221919778561535454e+10 2.175756485238692856e+10 -1.027799903035088921e+10 -1.169204606499654770e+10 2.475122385613917160e+10 -1.023583500857521248e+10 -1.979115748340592194e+10 5.226916256000758171e+09 5.374049688282554626e+09 2.417785797976451874e+10 -1.716652456269742393e+10 3.614137702631291199e+10 3.857900009230183125e+09 1.182067365447788749e+19 3.486194683276854272e+18 4.080480893296705536e+18 -3.112223792513729280e+17 -2.741234473311750656e+18 2.078443825110225664e+18 -6.271547474851477000e+15 3.952681375311156736e+18 3.698981606495847200e+16 -4.997839029076499200e+17 1.208847404245400960e+17 -2.446850325065780800e+17 1.586229520100834304e+18 -2.429059652368354560e+17 -1.864720726132168000e+17 3.629252504336168448e+18 2.170197435349247600e+16 7.702752039404796800e+16 -4.698197867775732800e+16 1.186381162312794368e+18 -8.196484238242959360e+17 -1.220467716967960400e+16 -1.040974279591452640e+17 1.854516900897573120e+18 -6.272725616774204000e+16 1.466710265105184640e+17 1.095093248722717600e+17 7.152761023722740736e+18 2.362620569880946240e+17 2.900131593701025280e+17 4.090799025976348000e+16 1.640055607969942400e+17 3.603992951642994400e+16 9.875473296804227200e+16 1.106129674053180288e+18 -5.540917539023953600e+16 -6.384695517456165000e+14 3.526406012383323600e+16 1.782507993995947008e+18 -3.094844757407132800e+16 7.718413772763089600e+16 2.749088000474417200e+16 6.053561278110933600e+16 3.241622267728571904e+18 -2.329952107647707520e+17 2.862598147891617600e+16 2.520848917449609600e+16 -5.762268324425822500e+14 -1.432130184078904800e+16 4.603176714853217600e+16 -9.184819967163622400e+17 7.221982333292860000e+15 1.451003684030981120e+17 1.196764962512531200e+18 -5.123262637168026400e+16 1.485325107784714400e+16 -2.182032451826708800e+16 8.170074152266851200e+16 1.089044354220032896e+18 -4.860703400186424800e+16 -3.473918596190738800e+16 7.169994908432874400e+16 1.608191383417259600e+16 4.188216279246394400e+16 2.918006390103097344e+18 -7.929799272258659200e+16 3.649968747553924000e+16 -3.160131667254527600e+16 -4.919823406261923000e+15 -9.296511469060526000e+15 1.305428130379262080e+17 1.229510087627065760e+17 4.089975510415482400e+16 3.288232421314254720e+17 7.675594278386193600e+16 7.572534831365497600e+16 1.457855410694542750e+15 1.010047791612175744e+18 -3.496502230820816800e+16 5.917318423076518400e+16 7.397406565668534000e+15 2.615604069676799200e+16 1.762883607385680400e+16 1.039386032898876800e+18 -4.391165012805444800e+16 1.379444374127009800e+16 1.532533616591395600e+16 1.223988648203961000e+16 -2.946813888053942400e+16 4.358941001352934000e+15 2.588738824822264320e+18 -8.517268007228792000e+16 3.799408910638613600e+16 6.268195989712467200e+16 3.157967884064297500e+15 5.182008171473800000e+15 -1.030917732822024800e+16 -2.856267759691580800e+16
7.447354216941340332e+11 -2.107506767789938965e+11 7.626690578599466553e+11 9.822745765931594238e+11 3.523971604375540771e+11 2.522991297994991760e+11 1.402292409330641937e+10 9.799191834699967957e+10 9.032585897086651611e+10 2.014292536641401978e+11 2.163378831687791824e+10 2.122849549603851700e+10 -4.457050385902062225e+10 -1.191167359375250053e+10 -3.815891103118984985e+10 -6.069101003998110771e+09 -6.606356876225209808e+10 -2.542014684530419540e+10 5.851058629321011543e+09 6.568692101677084923e+09 6.287163980836367607e+09 -6.319055112966675758e+09 -1.757962599401243973e+10 -1.331242892703007698e+10 -9.713601872582853317e+09 1.074807289939813042e+10 4.874575576843562126e+08 -2.504998969605796814e+10 -4.723125082764969826e+09 -1.062456153174078751e+10 -1.627547854060758209e+10 -2.525578176752653503e+10 -4.219856136492542028e+08 -1.332645890163079023e+09 4.350078727856448174e+09 -6.720320821981895447e+09 -5.342735644281664848e+09 -1.775213896678319550e+10 7.646898835542979240e+09 1.043647130135696220e+10 -2.489479608139351845e+09 1.190742591996936226e+10 -1.372285397062891197e+10 -7.592483834772084236e+09 2.259043534752417564e+09 3.881172588572455680e+17 -3.146310699704535040e+17 3.057625577309827200e+17 2.205867262781611520e+17 1.694149257310855168e+18 7.276630486355558400e+16 2.903588265063449600e+17 3.039717560976913280e+17 1.694477225777570240e+17 -5.483812141556160800e+16 6.167462281143136000e+17 1.748949604011263040e+17 -1.910636481759126080e+17 2.404914993826052160e+17 -2.578372680532913200e+16 -1.909213563578119040e+17 2.111027288446505280e+17 1.718501211564781400e+16 3.156393804162433200e+16 8.349785352145036800e+17 -1.535009018024222080e+17 1.890995807091331200e+17 9.974535955084230400e+16 -6.760211413149172800e+16 2.861076364930670720e+17 7.249399807559688000e+16 1.829144772431243200e+16 2.362620569880946240e+17 1.696041517497241088e+18 1.273807142365170880e+17 2.249211040440320400e+16 3.990323310786344800e+16 8.149368220066740480e+17 -3.400385903112473200e+16 -6.668958121083048960e+17 9.110345056266483200e+16 4.647800334742557600e+16 -7.683109675905270000e+15 -7.046460513098247200e+16 2.582614724719179200e+17 5.178860798368668800e+16 3.084322250257964400e+16 3.893900192923987200e+16 -1.541078611031128640e+17 1.681436044310800000e+17 1.559257161045225000e+16 5.945590829726758750e+14 1.517452571756417200e+16 7.762736317849462400e+16 1.791612774366206080e+17 5.915620223020058880e+17 7.113316798989521000e+15 3.892728549522258125e+14 -7.822553997866336000e+16 1.139857439586283840e+17 3.412010026678930000e+16 7.285716301802632000e+16 3.263013761131812800e+16 -4.683660381062331200e+16 8.762917004582619200e+16 9.696319534701048000e+15 -2.414561902114103600e+16 -3.860669375060140000e+15 1.794492595194485600e+16 -8.180767684118664000e+16 1.043842704516396800e+17 -2.015361480481074400e+16 -8.867905720178155000e+15 -1.023646640239826600e+16 1.026713321854595200e+16 -2.096980255862575000e+14 2.341933287982061760e+17 1.122735445856722720e+17 3.716374622379115200e+16 2.298930176200216400e+16 6.685930686035169000e+15 6.357467992269722000e+15 2.672751984917637760e+17 4.744103368088041600e+16 -2.060695949334276400e+16 7.226835065086866000e+15 8.320626829099986000e+15 1.239476514639008600e+16 -4.895585945677508000e+16 7.769501074238160000e+16 -2.376166226363913500e+15 -2.200794566779295000e+14 6.557844312597490000e+15 -2.190020866362085200e+16 -1.969169921783853500e+15 -1.137662061255521600e+17 9.804943321233888000e+16 3.632609347743275200e+16 2.924804927164161600e+16 2.531304498355765000e+15 -1.415875795925917800e+16 -6.813732633001280000e+15 -8.501701527905778000e+15
1.610993880876676025e+11 2.046852173274854126e+11 6.680052530990255737e+10 1.247675646106604462e+11 3.444351163278887939e+11 3.416348321565642090e+11 1.857834768490491028e+11 -1.496361846420725441e+10 1.765826600469976807e+11 2.044739197550156250e+11 5.692405405615544891e+10 -4.037371117259875536e+08 1.528914884894521141e+10 -2.190519139788758850e+10 3.242376452206466293e+10 1.558855731824701881e+10 9.128612473400064468e+09 8.965114360426836014e+09 -1.590084494068985176e+10 -2.087088722655524445e+10 2.599245957749707413e+10 2.404296762756094933e+09 1.368328481107955551e+10 7.497621922761430740e+09 6.962995580368752480e+09 1.113231988667183113e+10 1.489735975553664207e+10 6.590686823062628746e+09 5.377576988596988678e+09 -3.444873699994248152e+08 7.486792477919742584e+09 9.243648273539403915e+09 9.163515339290031433e+09 -4.230632446161933422e+09 -2.831945543667007923e+09 1.463453333480759621e+09 1.033108307923934221e+09 5.898049899457260370e+08 1.601721731248151970e+10 1.291852050315004826e+09 1.590118589718359709e+09 4.155915910661816597e+09 9.425753245178163052e+08 2.134733513358479738e+09 -3.740245694372246742e+09 -3.530508497163975680e+17 7.197927232874472960e+17 2.583003559164900160e+17 2.829488458737976640e+17 1.859918328764694272e+18 4.570920975156030720e+17 1.081091952072092960e+17 1.514135769874579840e+17 -3.660215016681038400e+16 -6.006219038203236800e+16 -8.831269370978792960e+17 -1.883184497573410800e+16 2.729395704052825000e+15 1.267143068400764960e+17 -1.005951406211564000e+15 8.478397941218268800e+16 -5.851075131487064800e+16 6.551459913862940000e+16 -6.783997142360871200e+16 1.170325562167859520e+17 -1.456659202385585920e+17 8.400869280517155200e+16 -1.065667047229021000e+16 1.848445072258519040e+17 6.040683525721797600e+16 1.346235103586370400e+17 5.291272638886690400e+16 2.900131593701025280e+17 1.273807142365170880e+17 9.163543461600556800e+17 8.037622397711750400e+16 7.799581234064049600e+16 4.555680215131767040e+17 6.311468604917184800e+16 1.957633875008097600e+17 6.366107281454157000e+15 4.830915611430624800e+16 2.002415174795191200e+16 3.797945483116726400e+16 3.495069889425163600e+16 8.729509514749340800e+16 3.892593764887130400e+16 6.807186902476388800e+16 6.300716000126838400e+16 -2.250419982147665600e+16 4.699567095408247200e+16 -5.004091517734106000e+15 2.321972414312554800e+16 1.503474315896196800e+16 1.206979068668873120e+17 8.968204314613560000e+16 3.107976268284693200e+16 1.745214995704930600e+16 -7.828135831153033600e+16 4.040110792226013600e+16 4.737141644096144800e+16 4.498746903242832000e+16 5.149457243907064800e+16 5.047306365054296000e+15 1.884310029225120400e+16 1.799155080757947800e+16 7.182588052690281000e+15 1.048656134792543000e+16 -2.953618922996589200e+16 1.474626790816135360e+17 1.730972446969248000e+16 -8.564885142421583000e+15 -4.074254951354161500e+15 3.059593768625105000e+15 -1.877467035946684000e+16 2.006395919801730800e+16 -1.301189257737751680e+17 2.798124020191795200e+16 -7.419011945931243200e+16 4.074719613802279200e+16 6.065853014202488800e+16 4.554307539618865600e+16 1.635429210533336640e+17 9.440483018601576000e+15 9.470386495493946000e+15 8.462753827753273000e+15 3.295936510385764400e+16 -3.908797244105329000e+15 1.884555183770566800e+16 -2.353962168092108000e+16 1.758487254913412400e+16 1.637234227137779400e+16 2.913761964773560400e+16 -4.586950799785454000e+15 1.274138000801437400e+16 7.488254150274017600e+16 -1.029038957768848400e+16 1.197852326753218600e+16 7.519205972933317500e+14 2.448302644605122400e+16 -4.311836682386504375e+14 1.060291632533976400e+16 1.662663251643483200e+16
-3.711713474521856689e+11 -1.473694383225585938e+11 2.378762867696694946e+11 4.808660584499153900e+10 5.844471033559934998e+10 1.022972968612512970e+11 1.380672077691398926e+11 2.620243642744465637e+11 2.349152872285710754e+11 2.310054231861513367e+11 6.373017145872065735e+10 -1.975227292903568268e+10 2.226760500150459671e+10 6.241708953610900879e+10 8.184566868613977432e+09 1.996438578301519394e+10 -1.922240400405840302e+10 1.168058122859699059e+10 -7.696829474471349716e+09 2.118122026193048859e+10 3.838525531913125610e+10 -1.795384966412275553e+09 -1.151105691853058624e+10 6.092668459330412865e+09 9.162040305307773590e+09 1.347922442233385277e+10 2.004561397282436609e+09 4.654613222450823784e+09 8.266124400238126755e+09 1.249513575325797081e+09 1.074264269919276810e+10 1.666309881222306252e+10 -2.497596275817638874e+09 -5.025394493271981239e+09 1.396112670709084034e+09 -2.037160923399726391e+09 1.236124636872713470e+10 -2.711026704082361221e+09 2.415790699255362511e+09 3.092255998245871067e+09 -1.495540225243598461e+09 5.023416321552893639e+09 6.923729139567734718e+09 -3.882020394332575798e+08 1.056159868333234024e+10 1.298574382836908544e+18 3.262133683615969280e+17 -1.598219982454654080e+17 -1.785859173151386240e+17 2.344358542955895296e+18 -3.309772182388558400e+16 4.682866930182011000e+15 1.681561623592715520e+17 -9.755655920135340800e+16 1.058256248854092960e+17 2.494740349193827840e+17 -2.081812051881954880e+17 9.035910123378320000e+16 3.699005015968785600e+16 9.381086340936308000e+15 8.589340203610116800e+16 1.290153025800878400e+17 1.027420297951750720e+17 7.427801249284854400e+16 -4.128715700393859200e+17 -2.632028453397911600e+16 1.511672872174660000e+16 7.733511378577248000e+15 -3.174792605014244000e+16 5.055680854766582400e+16 8.430583314343796800e+16 2.313349525206667200e+17 4.090799025976348000e+16 2.249211040440320400e+16 8.037622397711750400e+16 7.227530258214306560e+17 2.077030438682081920e+17 -1.181085535099436160e+17 1.388263135709073200e+16 2.703103126438469760e+17 3.092852235075504400e+16 2.875854966543324800e+16 5.567437235917112000e+16 1.488902085097546750e+15 1.040159932726599000e+16 2.236605539908236000e+16 8.918645055759328000e+16 5.307548413527477600e+16 -1.151865353088006200e+16 -6.189711544930156000e+15 7.999299967419586000e+15 3.492984284519401600e+16 4.774861200032703200e+16 5.922770441478317600e+16 2.398575342898143360e+17 -1.017603165624842600e+16 5.041178242630150400e+16 3.607828977545869600e+16 1.194341910653110080e+17 -4.454399005751800000e+15 3.370374937357124800e+16 6.467658730045415200e+16 6.523889203807643200e+16 2.454042555582170400e+16 3.510082385928601200e+16 1.002656789626557000e+16 3.916997906379284800e+16 2.479965323576010400e+16 -1.109534418463890000e+16 -1.172646764833426400e+16 3.639019368053648800e+16 7.170379480773123000e+15 3.900057424894448000e+16 1.328063980570611800e+16 -1.556949884265790250e+15 -6.572771690841318000e+15 1.825447322295959360e+17 5.530876704534849600e+16 -3.713390721265734400e+17 2.022251568287937600e+16 5.418044322968910400e+16 3.189010185961926800e+16 3.780176485832429440e+17 2.886291627477924500e+15 1.198306377218816200e+16 1.668318343549430800e+16 2.198002146894958000e+16 -1.160157844850571200e+16 4.690543032160787200e+16 2.155250017108202400e+16 2.185670905776435600e+16 3.501270360526124400e+16 2.032193128611751600e+16 -1.051598478842447800e+16 2.448184321434115500e+15 7.137875594957752000e+16 -1.146419811476960000e+16 -2.234494264532478500e+15 5.723974355190726400e+16 8.251456378863830000e+14 -3.510908501962530500e+15 -2.953634593990515500e+15 -1.155584241867113600e+16
-1.291002842395180206e+11 -5.905291505267673340e+11 3.042694238020552444e+10 2.249653717937265625e+11 2.594369631812737427e+11 6.455794877519630432e+10 -1.126528496753082275e+10 4.038339076215856171e+10 1.672987609003633423e+11 2.715674406585678406e+11 1.379706920183303223e+11 1.618308639604637718e+10 6.279570300430178833e+10 4.052064788961328125e+10 3.320474681222307968e+10 -1.435134927253927803e+10 1.990767787498600769e+10 1.995591061623576581e+08 1.359843405246329308e+10 3.242989048748511314e+09 4.778193961700991821e+10 -2.401606873604599762e+10 9.556913278212278366e+09 7.894073162198663950e+08 1.955559859113699722e+10 4.303265670315699577e+09 -2.059566202923787117e+09 -5.950932397496382713e+09 -3.346943045164909363e+09 1.627413862222680855e+10 5.543319484286004066e+09 1.061203670167968178e+10 3.191654768212052822e+09 -1.910947339453230667e+10 -4.830448333178789139e+09 8.821205376909820557e+09 -1.594732112123859644e+09 -1.992689947561617279e+10 -1.682401529877338600e+10 1.192489378818107224e+10 9.741859740986782074e+09 -6.312130169144632339e+09 -7.127448890500416756e+09 -4.431692700260272980e+09 9.123994887373338699e+09 6.054203220371970560e+17 6.523012667267815680e+17 2.480521677548170560e+17 -1.320576732922477440e+17 2.171618989882804736e+18 -1.940816056575890240e+17 1.353132901231907360e+17 9.356231278998780800e+16 -3.010215403818950400e+16 -7.262780030740003200e+16 3.115955056307296640e+17 3.396602684912994560e+17 -2.293800138584312000e+17 5.264350948142867200e+16 -1.167737224398965600e+16 4.987583905151331200e+16 -3.492135670190705600e+16 2.270193870350164000e+16 -1.063783562669393760e+17 -2.073397986494608640e+17 -2.157790321435991040e+17 3.102647177020230000e+16 -9.650523596875646000e+15 8.423735074125219200e+16 -1.190981279985294200e+16 6.754313121411564000e+16 8.581593819767774400e+16 1.640055607969942400e+17 3.990323310786344800e+16 7.799581234064049600e+16 2.077030438682081920e+17 1.571461916718639616e+18 4.904179388109297920e+17 -1.078333833485491000e+16 -9.035007564184617600e+16 -3.771137338712123200e+16 2.658893209496015200e+16 -4.247332882793610500e+15 1.193992959179907000e+16 1.661042065727507800e+16 2.231331063887610800e+16 6.212861122081375200e+16 1.974139110264386560e+17 -6.376794193333058400e+16 -8.643310739419017500e+14 5.154441522691921600e+16 -1.080566152131505125e+15 4.032758598255072800e+16 6.842914189104297600e+16 -9.644891644248833280e+17 -2.595334543213781120e+17 4.703053877936534400e+16 -8.081731686493704000e+15 -3.890025410881779840e+17 2.706369706504114000e+16 7.926546299268193600e+16 7.784599758324499200e+16 8.782090149698145600e+16 3.012434139887516400e+16 2.767148047416863000e+15 -6.336303036518077000e+15 2.991061649243209600e+16 3.397184440538033200e+16 4.465908174833452800e+16 -6.229632437149846400e+16 -4.233037878470590500e+15 -9.098178664081480000e+15 -2.418454587743584500e+15 4.204207881897788000e+16 1.457970876375937000e+16 2.640138670454882000e+16 5.550233198946870400e+16 -8.570373082939636250e+14 3.590985461054134000e+16 4.111710720802529600e+16 4.929915742876344800e+16 3.707758195416671200e+16 -1.863714358191531200e+17 1.237658442852736800e+17 -2.109239471372606000e+16 1.826864995443617600e+16 3.496725655303474400e+16 3.146911064574006000e+16 -1.180731585257189400e+16 4.114179716877129600e+16 1.652970159392371000e+16 -8.947634873670021000e+15 4.038844277486373600e+16 1.454418813600010400e+16 -6.437020141228384000e+15 7.504677294863995200e+16 4.259385682223606400e+16 1.802895627901979600e+16 1.880794120785482000e+16 1.845945464801099200e+16 2.749455521092677200e+16 7.625878214554894000e+15 -1.969845716723937200e+16
1.716694337602728271e+12 3.388336862452218018e+11 5.402312731131067505e+11 -4.501136294466879272e+11 1.816772648677354736e+12 1.284148064759066162e+12 7.843644627196319580e+11 3.338993739062076187e+10 4.581205068408917236e+11 2.529376222409501648e+11 4.779128638307019043e+10 -3.767148404781557007e+11 -1.239547758238485413e+11 1.094808363173475800e+11 -8.258961154913789368e+10 1.479861990148741760e+11 1.531057412853668518e+11 -1.197804061444358521e+11 -1.172680904842460327e+11 -1.969721433231522827e+11 4.614927948974211121e+10 9.909288890544067383e+10 -1.422058867672384338e+11 2.264261932014377594e+10 1.860122719720833130e+11 1.054399063657088776e+11 1.748955919747083282e+10 -7.619431568651493835e+10 -1.817284349992526855e+11 6.442483142831538391e+10 -2.851713347849208355e+09 -1.436129897404471588e+10 7.272514556308808899e+10 1.131811690846221619e+11 1.556871692902198792e+11 -3.561646299961972046e+10 -8.517753428634382629e+10 -5.306141253804437256e+10 1.547433146475956726e+10 3.517722614253483582e+10 -2.583300298326897812e+10 -1.362230122338320923e+10 2.592880751842216873e+10 -1.929335059518061066e+10 4.427225951507229614e+10 -3.895134080554773504e+18 1.218641277553783808e+18 -9.119916955195102400e+16 1.016506046344761088e+18 -2.946932667244989952e+18 2.218660968827243520e+17 2.103985560246024192e+18 -6.041161630463174400e+17 6.192538671481836000e+16 3.617124861774330240e+17 -4.464058889784651264e+18 -1.137665491031065216e+18 9.665240963753084800e+16 1.524372045302936960e+17 5.623217606457079680e+17 -5.200111320602529280e+17 8.530852640473825600e+16 3.382202037239903360e+17 -1.139410411961546080e+17 2.825380020160168448e+18 2.401234782915045888e+18 1.555295793356221184e+18 4.560146831748970880e+17 -3.274210901694552320e+17 5.233231187398177920e+17 5.050907979303749120e+17 1.883412603234332800e+17 3.603992951642994400e+16 8.149368220066740480e+17 4.555680215131767040e+17 -1.181085535099436160e+17 4.904179388109297920e+17 7.295366010308002611e+19 5.870136467431189760e+17 3.813593644504484352e+18 9.349827439072346880e+17 9.933315876056638400e+16 -1.627805757438182080e+17 1.016076706366980480e+17 2.548702033416027840e+17 5.718458687489448000e+16 1.925600753168173120e+17 2.163617085536011840e+17 1.326574699626218560e+17 -1.347970906497339200e+17 -1.263164147206439840e+17 -5.592754075917732800e+16 8.881639114609739200e+16 8.518005564951022400e+16 2.268034900862623488e+18 5.319937849875903488e+18 6.051867816730081280e+17 4.182153920510527360e+17 1.077145574450486528e+18 1.258140750888173440e+17 -3.299909924692314000e+16 3.835695539446595200e+17 -1.407874064137190250e+15 3.861901426952410240e+17 -2.125354919005413760e+17 1.154804067663961120e+17 3.997452822694771200e+16 -3.150936755844230400e+16 6.651768657806635200e+16 1.476050361169241600e+17 -2.202346626585974062e+14 2.873244528882482560e+17 1.272217239229947000e+16 -1.224130965109808250e+15 2.767978641751016000e+16 -1.852507670386271040e+17 -1.598504137207937600e+17 -3.461766102606868480e+17 -3.827553717920417920e+17 2.036653232955172800e+17 6.517760021846058400e+16 6.587775510662366400e+16 -1.064381725119321216e+18 1.908721763429724400e+16 1.750092034377055040e+17 2.867811672903491500e+15 5.286698521640363200e+16 5.450866746329048750e+14 4.674745517972519680e+17 3.124959967476085120e+17 3.287254364418265600e+17 -1.049758819287778400e+17 1.348763868065402500e+15 -1.023091296073945440e+17 -9.310968218661582000e+15 1.372799521702079200e+17 3.627053532276904960e+17 3.218502632378294400e+17 1.804060023788914240e+17 1.174876366785340640e+17 -5.703804942570260000e+16 -5.965961700080030400e+16 -7.771106036584944000e+16
-6.880116758526096191e+11 4.561508202848522339e+11 -2.546668251953743286e+11 -1.436896734229870605e+11 -4.465554310207111359e+10 7.218434155982757568e+11 6.240411192199780273e+11 7.709220362213726807e+10 2.457365755560439301e+10 9.777938569534405518e+10 -6.708029333067415237e+09 1.025580491349753571e+11 -3.214106942136460781e+09 -8.368651011421737671e+10 1.900515739454177475e+10 3.194053946475721836e+09 -1.563384692463072014e+10 1.748480528887670898e+10 -3.000652375236279297e+10 -1.758864357971236801e+10 -1.176887849858073235e+10 -8.108934282271143913e+09 -2.342117287373077774e+10 3.648293830090950012e+10 1.190971752556368065e+10 3.133100570661639786e+10 -1.173514783124049759e+10 6.177136340974411774e+10 5.086679502066582680e+09 3.247743480461373138e+10 -8.865178010025690079e+09 -1.626144806462381363e+09 -5.896531170091420174e+09 1.590661719893022299e+09 2.037790712188002014e+10 1.884427516494939423e+10 5.609235222480997086e+09 -1.211829342112165642e+10 -2.389662020267239761e+10 -8.856282012343439102e+09 1.067666020219962120e+10 1.348006785359792328e+10 -1.373322656985335159e+10 -1.292076362329000473e+10 -7.377490351533540726e+09 -3.602469883645393920e+17 -5.854702163285679360e+17 -5.767192906374296320e+17 -6.272413187446242560e+17 3.087618332529688320e+17 5.938704128039424000e+17 4.050071510843892000e+16 1.854731441419656960e+17 2.195297913358343040e+17 8.668673664280120000e+16 1.768928367872858880e+18 3.921821822160896000e+15 6.370887910370465280e+17 1.451733615162336960e+17 2.084830382580723840e+17 9.269883480218190400e+16 -2.248243507621317200e+16 2.045829084462538560e+17 8.386693043330998400e+16 1.670089754496532800e+16 3.098566501732472320e+17 2.908350269485308160e+17 4.063860455864434560e+17 -7.194258190738672800e+16 4.544536664068840800e+16 1.690819042254862400e+17 1.060594304140945280e+17 9.875473296804227200e+16 -3.400385903112473200e+16 6.311468604917184800e+16 1.388263135709073200e+16 -1.078333833485491000e+16 5.870136467431189760e+17 3.913796416952324608e+18 -8.307892492323473600e+16 1.366508116181016320e+17 4.382200870750764160e+17 9.116244233424332800e+16 1.190668779026994880e+17 8.522099153008803200e+16 4.406447565788658400e+16 2.121504461565622400e+16 2.011345236251745200e+16 -2.437980861019861200e+16 2.244661009169478000e+16 1.027293416863201760e+17 3.684939961833920000e+16 4.372213106872756800e+16 4.952100747994324800e+16 1.060811210151542400e+18 -8.375490656456640000e+17 2.673780049036038400e+17 1.087166204835196960e+17 -3.078030991005617920e+17 -1.478037194579116400e+16 4.252081342837116000e+16 1.545561779737605400e+16 -1.059259877640839360e+17 1.018899764941929200e+16 3.217354973592438000e+16 1.401751983839971840e+17 -1.188825631793038000e+16 7.605126612272102000e+15 -1.857950690856505200e+16 -1.541375268039355000e+15 7.156512496485864000e+15 1.090403886880237760e+17 5.034830970836073000e+15 -3.660095627934390400e+16 -6.273415231865207000e+15 -9.732274489459427200e+16 1.995416735561321920e+17 2.761956534466394400e+16 -4.180395225885848320e+17 8.620415942692464000e+16 6.830367202834714400e+16 -1.047114770524809875e+15 3.547108806754743680e+17 3.408363297514997200e+16 3.080637137946434000e+16 3.157676779676112000e+16 3.664230190385956800e+16 3.235714016978546000e+16 3.067873455059428800e+16 -2.253157351960397200e+16 5.570210443503512800e+16 1.253268605750808400e+16 8.868551554685691000e+15 -6.910963237924558000e+15 -3.988058502236057500e+14 1.220078895592463680e+17 -9.870958997500130000e+14 6.108591304154824800e+16 3.865774124442224800e+16 -3.561373176574312400e+16 -2.593947340807564800e+16 -1.100798038913289600e+16 -1.722737240122695200e+16
3.719418624531009277e+12 1.449299769601620850e+12 2.357829094007981445e+12 2.045773188433663086e+12 7.677030489752800293e+11 4.657135467594707031e+11 3.112328939697570190e+11 -2.099787326124695435e+11 4.285722743599473877e+11 6.825312914020324707e+11 3.942835477084356079e+11 2.285581710402908936e+11 -1.590180675512784729e+11 2.717825340255126343e+11 1.316975598454873657e+11 9.409161711487882996e+10 -1.873927771544527893e+11 2.094494742977985859e+09 1.080474305252163696e+11 -9.208302187824139404e+10 1.096750266494250183e+11 -1.202959346579387817e+11 -8.226229128699684143e+10 -8.211729769223036194e+10 3.287285095697174683e+11 2.936140240323593750e+11 -5.752215353454224396e+10 7.600520937965980530e+10 1.545854404212081299e+11 9.391356657547575378e+10 -3.446304354162909698e+10 1.305627603431270409e+10 8.878316005828359604e+09 3.281069997641602325e+10 -7.184332027478153992e+10 -7.649686529780688286e+08 4.021673563545377254e+09 6.703437252578697968e+10 1.249834397414365234e+11 -2.887471585198246384e+10 -3.128901110492995453e+10 1.305963790912004662e+10 -2.463430936394697952e+10 2.351657858258160782e+10 -1.056334925313908386e+10 7.983911604166877184e+18 1.608165487072686848e+18 3.321848203747688960e+17 3.832266366593235968e+18 1.609034615440057549e+19 5.242672296414449664e+18 1.373943161479154432e+18 1.874993235819205632e+18 -3.996237299600820480e+17 2.575763963977721344e+18 -6.400827569417620480e+18 -9.693989201558818560e+17 -1.860458709162567680e+17 7.027797898508869600e+16 6.038276879947016960e+17 2.001731691517232896e+18 5.025483987191365120e+17 3.384931326876574080e+17 -7.910743896927838720e+17 -7.274385592804382720e+18 5.152462007450544128e+18 5.337230449520864640e+17 -2.432445338538123840e+17 7.551046461681895680e+17 3.794710910516281600e+17 1.749987976731887040e+17 -6.999703199105289600e+16 1.106129674053180288e+18 -6.668958121083048960e+17 1.957633875008097600e+17 2.703103126438469760e+17 -9.035007564184617600e+16 3.813593644504484352e+18 -8.307892492323473600e+16 9.199408291564978176e+19 1.196467889979722240e+18 1.769088727989587200e+17 1.558528330986572160e+17 1.982729128875813376e+18 3.983583803967914880e+17 2.594230277942442400e+16 -3.007452045222755840e+17 -1.591743661524287680e+17 7.471691958156840000e+16 -1.192336775604850400e+17 -3.627383818681745920e+17 -2.618014124766776000e+17 -3.779797974690750400e+16 -1.783780248212196800e+17 6.276020702796033024e+18 3.423327716093623040e+17 4.910972620565927680e+17 1.407618951415190080e+17 6.088111705657129984e+18 1.533387507890744640e+17 -5.799617047259865600e+16 -1.887049028399292000e+16 3.847021746332878720e+17 1.206655512759503680e+17 -3.262413883212885120e+17 6.342663787115657600e+16 6.256147923123601600e+16 -1.142480527009553800e+16 6.633308639878577600e+16 3.663413601055112320e+17 1.865332334468232640e+17 2.719994793015050800e+16 4.387628186197996000e+16 4.662553483056609600e+16 -1.742282955282175040e+17 1.097118065483630400e+17 -2.560835510694351360e+18 4.199746460485292160e+17 -2.539373343282430976e+18 5.277738825647788800e+17 2.231097643402955840e+17 3.197370823394870400e+17 4.330726181124952064e+18 -2.109647999849137600e+16 2.591973998882909600e+16 1.774242914093617920e+17 -4.035420704984448800e+16 2.470291673286680800e+16 7.365400701011266560e+17 3.245963700582811520e+17 2.819372237003462720e+17 3.305592828766036800e+16 1.391612767363321440e+17 -3.043799013489635200e+16 1.101314578076649920e+17 8.669035061945864960e+17 2.057263706564268000e+16 2.693871506722428480e+17 2.448110513077642240e+17 1.441607263386924800e+17 -5.231945609415593600e+16 -5.276805834793936000e+15 4.224830717327758720e+17
8.963866289112672424e+10 2.297798300599147034e+11 5.776965535030405273e+11 1.133572549383015137e+12 6.773122005980760498e+11 -1.752436235480191040e+10 -2.249615550701102829e+10 1.061316382926557312e+11 1.684663106996195679e+11 -4.507057151483630371e+10 3.256716635923148727e+10 1.339692460743552094e+11 2.000408869159507751e+10 3.531337179555126190e+10 1.738844640666069412e+10 4.796202128458626556e+10 -6.485646799915291786e+09 -4.880906404810384750e+09 2.949949652726875305e+10 -8.673902475283990860e+09 9.207819741268508911e+09 1.695218245589361572e+10 1.939645745348424149e+10 2.315628379967715454e+10 2.687983681114987564e+10 1.192455930345030403e+10 3.749022469734013557e+09 3.196034818988900375e+10 3.600273776181935120e+10 2.543625964978149033e+10 -6.707893175792872429e+09 2.838812534214788818e+10 -2.097696064286757946e+09 -2.787570963715314865e+09 1.363740414386455917e+10 3.362635725454905987e+09 1.382123550199173927e+09 -1.408260871635146332e+10 -4.473741194861407280e+09 7.133448263857354164e+09 1.011736905247267723e+10 -1.253284812141966224e+08 -9.613001745746107101e+09 4.885529058935589790e+09 1.711019835010016251e+10 4.640750661422573440e+17 -5.134667193501488000e+17 -9.980077318679745600e+16 3.926179769563216000e+17 9.355390229035319040e+17 -5.649452418979626400e+16 4.602694527883463040e+17 -2.186963679374588160e+17 1.129790226416168640e+17 -1.304814999567192400e+16 -8.349440006496590080e+17 2.267657283262531200e+17 -2.816320616355632800e+16 3.175478413164874880e+17 9.750388112652736000e+16 -5.013466034569872000e+16 2.114037464298632000e+17 -4.590911260651972800e+16 7.744933151817974400e+16 -1.905152617069909440e+17 -8.736962617001882880e+17 2.279887611748417280e+17 8.363256292883518400e+16 9.380255941913680000e+16 3.016627249367004160e+17 4.346839153391113600e+16 3.806414116297061600e+16 -5.540917539023953600e+16 9.110345056266483200e+16 6.366107281454157000e+15 3.092852235075504400e+16 -3.771137338712123200e+16 9.349827439072346880e+17 1.366508116181016320e+17 1.196467889979722240e+18 2.166377290538202112e+18 9.427690791649108800e+16 -4.793400923373025000e+15 -8.554281258172084800e+16 2.803809486236506560e+17 6.912466821287002400e+16 -1.033423707617284600e+16 3.688435806704088500e+15 -1.479069918052261760e+17 6.029838146002517600e+16 4.984440246868365600e+16 -3.057010491607157000e+15 3.551505294158847600e+16 2.831925974395831200e+16 5.973449126968829440e+17 1.346265960841500928e+18 4.956717211284188000e+16 3.281577310889088800e+16 7.676677483256792000e+16 1.624282261289069440e+17 -2.508292468085644000e+16 9.964486984012763750e+14 -4.186814093063740000e+16 -1.352450556624953760e+17 1.540859915233751360e+17 1.441559378396308800e+16 2.380075608775667600e+16 4.501204519600173500e+15 -1.830953081571203200e+16 -1.630330703331223360e+17 1.235883606782788800e+17 2.656641075107358400e+16 4.925600524354772000e+16 -2.031014930917114400e+16 1.703914576769658800e+16 3.400245805613729200e+16 2.685925662066772800e+17 4.263991600327109000e+15 2.841415034631722500e+15 2.824741640625654400e+16 2.749422726154454400e+16 9.109656079074612000e+15 7.656153660600874240e+17 3.706669522929607200e+16 -1.303811884709506750e+15 3.203970844068494000e+16 1.352416916923036400e+16 2.444381175026176000e+16 1.867353736431946000e+15 9.669592456083470400e+16 1.004640920944838000e+16 7.851185504472692000e+15 -2.273359826283114000e+16 2.669689305895812000e+16 -3.644067706027075500e+15 -9.291482262557308800e+16 1.071655900322978240e+17 1.304674280546936000e+16 2.741773788612618000e+16 1.752741919311419000e+16 2.287720924366628000e+16 -1.284872740718607200e+16 4.275396339587024800e+16
-5.316356064151112671e+11 1.783219176225563049e+11 -5.267737889729386139e+10 1.346428363836807556e+11 2.348732892320388794e+11 4.332648616730664673e+11 2.331376402134216614e+11 1.713536874762372131e+11 9.445992588698817444e+10 2.665322697284053326e+09 5.029923939154127502e+10 9.760160351434994507e+10 4.349656488728531647e+10 3.275594698971159363e+10 2.658342342470767593e+10 2.671555199580152893e+10 1.511637134403330994e+10 1.471358780751900291e+10 3.606886014734222412e+10 -1.221655525657516289e+10 7.614261670899393082e+09 3.589905583421875954e+09 1.044922081262838364e+10 2.160763116650517654e+10 1.967993396470454931e+09 -2.823510231212286353e+08 1.224518888482786894e+09 2.498959516814310074e+09 -1.404484765444174528e+09 7.283664730947834015e+09 1.661255660916794062e+09 2.520392203690406322e+09 1.645477673097736359e+10 2.183972928608224487e+10 6.490293955760298729e+09 5.955787737573310852e+09 7.944598275021907806e+09 1.281088571874152422e+09 -5.888787560410019875e+09 3.298558725038438320e+09 7.253300526949599266e+09 3.292500137087529302e+08 -6.758341488842121124e+09 2.869754902968312263e+09 2.327033412648372650e+09 3.984129584455111040e+17 2.876840583953877600e+16 -2.736818020685627520e+17 1.376564244712202400e+17 1.218404175094990848e+18 -2.739866957850504400e+16 6.875123177142006400e+16 5.512447428420010400e+16 7.110321184625804800e+16 5.418452754084048000e+16 2.476970901031465920e+17 2.715671926934130800e+16 9.790263692200697600e+16 5.219046614529632800e+16 5.635538938893809600e+16 -6.218676504694982400e+16 2.280025290843688000e+16 8.854310953415432000e+16 2.790261457901914400e+16 3.528377226753281920e+17 1.566167230944890560e+17 1.160291138085770400e+17 1.473367609860773440e+17 3.755088238655502500e+15 6.695596443309073000e+15 1.074185127804841440e+17 3.250687206223000000e+16 -6.384695517456165000e+14 4.647800334742557600e+16 4.830915611430624800e+16 2.875854966543324800e+16 2.658893209496015200e+16 9.933315876056638400e+16 4.382200870750764160e+17 1.769088727989587200e+17 9.427690791649108800e+16 6.132183142900244480e+17 8.195879052158993600e+16 1.354790796727480200e+16 5.475383044566755200e+16 6.864903101149957600e+16 4.177927705323996000e+16 4.244054349358036000e+16 -2.708377227951451600e+16 2.416854848189082000e+16 3.295313334407731200e+16 5.025574585774500800e+16 3.188177698934606800e+16 3.779143907550153600e+16 7.146316557039112000e+16 -6.539233914185759200e+16 1.726704562438966720e+17 5.161358995126052000e+16 -1.051110694278164480e+17 -5.482822118613246000e+15 2.039410586082564400e+16 2.922987283222499200e+16 5.845327399809582000e+15 2.608369522947856000e+15 2.285944890276025200e+16 5.031533313506406400e+16 5.480089402749512000e+16 1.627499209760720800e+16 1.227119346255521600e+16 -5.163597360882577600e+16 4.109053703535340000e+15 6.064892611338620000e+16 2.881262950517474000e+16 -8.600276003511879000e+15 2.279504841339620400e+16 1.180676165619865800e+16 9.175071043699324800e+16 6.287511760365292800e+16 -4.237371046842622400e+16 4.222672792238205600e+16 3.168617220732777200e+16 4.824284390213715000e+15 1.290213854311726880e+17 4.030051289301261600e+16 5.506408028747525600e+16 2.161914858110569200e+16 4.309905390103307000e+15 2.915113094273721600e+16 -5.309384665676774219e+13 3.412751213613160800e+16 5.017427075487770400e+16 1.242639021065177600e+16 6.203803163632304000e+15 6.401817845126721000e+15 6.153604706948384000e+15 -4.663468462580917000e+15 1.563814516486988400e+16 4.890727452729990400e+16 1.335129560748293200e+16 -4.941122862332310000e+14 3.061684448257380000e+16 -2.978707066526689375e+14 -4.927001541798395000e+15
-1.715416508754624634e+11 -1.270845108749145050e+11 -1.011169284619178009e+10 5.439172366471652222e+10 5.743663213663285828e+10 -2.401243011151822662e+10 3.153304602467687378e+11 3.927677840183217163e+11 8.083713347377246094e+10 1.093106655541109276e+10 3.636387935173253632e+10 4.338938579550775909e+10 2.717768065143882751e+10 1.791600027270249557e+10 8.374905486527435303e+09 -1.094980213131463623e+10 -2.311766731438618851e+10 -4.066805044876748562e+09 6.383923173783067703e+09 1.853136001335616684e+10 -6.866263032881187439e+09 -1.470353766388092422e+10 -9.343968851721193314e+09 -9.616029627874532700e+09 2.452661141570932388e+09 -1.126965441053215790e+10 -6.018322949056461334e+09 1.996990806536736298e+10 6.020966088076071739e+09 -5.746797078581550598e+09 -5.568673024161362648e+09 5.944035350285623550e+09 4.568855041420167685e+08 -2.309363945777195930e+09 -3.317032428787686348e+09 9.990405399579945803e+08 1.744582520180853653e+10 1.292678404367280960e+10 2.406363310224202156e+09 -1.678058896421792805e+08 -9.575350984572366714e+09 -2.491702398134869576e+09 -3.089838854722387314e+09 -1.901665137373317719e+09 -5.839327003140084267e+09 8.248640832511542400e+16 6.494928948304773600e+16 -1.561725613829357760e+17 -3.845191869686330880e+17 1.090439740260340480e+18 -1.694462984441684800e+17 4.030086375390785600e+16 -1.577295367241532160e+17 -2.638595367901569200e+16 -1.610335314201312000e+16 2.841519788163835840e+17 -2.011321530583875200e+16 -6.397419604071689600e+16 5.955827656023302400e+16 2.393567501070365600e+16 7.194478240512960800e+16 8.598897775290875200e+16 7.150201858257392000e+16 7.842625976562664000e+16 1.467607372408766800e+16 4.933106385043882880e+17 6.731589738305520000e+16 -2.966102631909416400e+16 8.277265884078268800e+16 2.926959929116401600e+16 8.534467756000859000e+15 1.359999359807909760e+17 3.526406012383323600e+16 -7.683109675905270000e+15 2.002415174795191200e+16 5.567437235917112000e+16 -4.247332882793610500e+15 -1.627805757438182080e+17 9.116244233424332800e+16 1.558528330986572160e+17 -4.793400923373025000e+15 8.195879052158993600e+16 6.878642608400131840e+17 -2.434194935786845200e+16 2.108223776075026000e+16 5.356737647597502400e+16 7.867374322039736000e+16 1.068630569054874800e+16 -2.822491696438355600e+16 3.784764135596174400e+16 -1.593418111926647500e+15 7.814284995763747200e+16 3.273969206178144800e+16 3.566706326492080000e+16 4.588944927041756800e+17 -2.039740680305813120e+17 7.264832969012054400e+16 1.062244092096868800e+17 -4.136049787563125600e+16 2.232163930096417600e+16 1.099838099271177400e+16 4.117114056482286400e+16 4.055383895797665500e+15 1.249540296735483000e+16 3.017762699219158000e+16 2.005358764916706000e+16 5.669286993355104800e+16 -9.080547413285204000e+15 -9.346760690789164000e+15 2.793686549951872800e+16 -2.238255493954587200e+16 -1.588795968525469250e+15 4.560286963868573600e+16 -1.163529895833081000e+16 -2.686722444695457600e+16 2.703293922937966000e+16 2.824481919440751360e+17 1.053410513892588320e+17 -6.728792880237874400e+16 1.784557912608394000e+16 3.406744613359993600e+16 5.556707474505843000e+15 8.668784675866796800e+16 3.494284071387921600e+16 6.652347347062136000e+15 2.308868781109417200e+16 1.152800811366366250e+15 2.256474212808375600e+16 7.674886352608785600e+16 1.104997683648861800e+16 1.735416692580401200e+16 3.487519136627450800e+16 -1.551872937462253600e+16 8.195479936639745000e+15 5.075234038567808000e+15 2.764561568823836000e+16 -9.859993128157162000e+15 -2.186647792174741200e+16 2.542449311096853600e+16 -6.361687491351032000e+15 -1.409791341086802800e+16 -6.862988924995837000e+15 -1.571150615003267600e+16
8.217876942351191406e+11 3.657531566280487305e+12 2.088177468756942871e+12 4.363912998854513550e+10 -7.589335526177865601e+10 2.628990276393150940e+11 1.496144440833341980e+11 -1.085641131098529816e+11 -3.230930970525784302e+10 2.739689892374969177e+11 2.338846716718619080e+11 1.052826369214821320e+11 7.014272875582247925e+10 9.558666229807746887e+09 1.082271535162463074e+11 9.235432252782186890e+10 3.582067402260066986e+10 -2.703526504242893982e+10 -3.042218571255205917e+10 2.857490560971279144e+10 2.207387911352638626e+10 8.354436333328138351e+09 4.244992754887078285e+09 -4.247867481339738369e+08 4.487424148311054993e+10 -3.721111877493698597e+09 -3.360012555349694252e+09 2.827975390722478485e+10 4.060133630213838959e+10 5.186092857375976562e+10 2.921547548161570740e+10 -1.075732151052611160e+10 2.645489283190383530e+10 -8.537669409746412277e+09 -2.240572078586793900e+10 -8.251749283419247627e+09 -1.457575607898736572e+10 -1.083641461532182217e+09 -5.938550006003098488e+09 -2.371099403801063538e+10 -4.998850834849746704e+09 -2.919323892319295883e+09 -2.452057434187896729e+10 -6.753280896140266418e+09 7.031589418928300858e+09 4.154606523534977024e+18 2.864645173927366656e+18 1.337903418768731648e+18 4.557123363117441280e+17 -1.179492623440472576e+18 1.622344043532326400e+18 1.145780276251287000e+16 1.437004337090231552e+18 5.308259566303380000e+16 -2.997147265694056960e+17 3.168109522368065920e+17 -3.157946388404264960e+17 1.614783868312277248e+18 -4.200075202040304800e+16 -1.826401629076198080e+17 1.616052149233295616e+18 -2.927731648991637200e+16 -8.599633606327609600e+16 8.104118740834566400e+16 -6.948545131937185280e+17 7.092570231232309760e+17 -3.500465153373839200e+16 1.083176644546638560e+17 1.339830584354293760e+18 -1.326810094603117120e+17 -1.455935449921408000e+16 1.150569985940297400e+16 1.782507993995947008e+18 -7.046460513098247200e+16 3.797945483116726400e+16 1.488902085097546750e+15 1.193992959179907000e+16 1.016076706366980480e+17 1.190668779026994880e+17 1.982729128875813376e+18 -8.554281258172084800e+16 1.354790796727480200e+16 -2.434194935786845200e+16 4.228107944878788608e+18 1.678801289645379520e+17 5.024654917608848800e+16 -4.674275865627500000e+16 2.572061667305956800e+16 1.560743208259871232e+18 1.482289294798996000e+15 -7.263111787266977600e+16 -7.762146454503036800e+16 1.854865202121615600e+16 7.200240258922258400e+16 -7.484248037809287680e+17 -8.026465698601038080e+17 3.150301497266707200e+16 3.407069546417416000e+16 2.247121154585535232e+18 7.716258273039699200e+16 5.471540775473208800e+16 3.132772240208753000e+15 7.652495851321016000e+15 1.126488159471857792e+18 -2.672807406805748400e+16 3.363998325842569000e+15 3.217910965226082800e+16 -1.223560107349822200e+16 4.727498297565437600e+16 1.255343391829190400e+18 2.821136605569646800e+16 -6.606368458235873000e+15 3.486346028902822000e+16 1.438175883190749800e+16 7.480491383822056000e+16 -2.709770257807669600e+16 2.446152178304780160e+17 3.788413160319420000e+15 3.778151700715808640e+17 7.918231918997654400e+16 8.048483714316004800e+16 5.481899687472877600e+16 6.155093974524549120e+17 -1.122443144710738600e+16 2.973982497003984400e+16 1.715398760893599600e+16 1.706620447884169600e+16 4.384240904653299200e+16 1.033849934222731264e+18 6.261093579108797600e+16 5.655341341601212000e+16 3.131724949519614000e+16 4.853380310110950400e+16 3.785333215760917600e+16 2.808775301193264800e+16 9.618238605269991680e+17 -1.225817342258040000e+16 5.662366645183383200e+16 -5.038805290547616000e+15 4.989662178151503200e+16 4.276212191275552800e+16 4.265593302557132000e+16 6.486423717729957000e+15
1.297516638472469330e+11 6.569973894676445770e+10 6.741229941725106201e+11 9.076744293371672363e+11 4.825518830911170044e+11 1.181543100869901276e+11 5.016149804335797882e+10 1.821908311354066467e+10 3.505242333718165588e+10 1.205621663749859619e+11 1.054910605793536377e+11 5.666724184886917877e+10 4.785857196921057129e+10 -1.381896079129833412e+10 2.223312168604793167e+10 -9.848975225480562210e+09 -3.883745904659038544e+10 -1.972366624697081757e+10 2.202882729480991745e+10 5.785924966474306107e+09 5.763831998566641808e+09 1.627438477485476494e+10 2.826232484570685577e+10 3.206120208740323639e+10 -6.076753445586581230e+09 1.384122123744969749e+10 2.717906645668849182e+10 7.317466620659690857e+09 1.257568025740545464e+10 3.697197341400967121e+09 -1.967519476719941616e+09 1.924308642011838913e+09 9.105811250234401703e+09 1.192130384014748383e+10 -3.571171394931757927e+09 2.855461926250298023e+09 -2.396401519652984142e+09 -9.929471750091579437e+09 -3.266155220428688526e+09 2.361511653818136826e+07 -1.221402701789831817e+08 4.332200057478033066e+09 5.006143122392820358e+09 -6.308494246423521996e+09 4.278567538110245466e+08 -4.171419525384870400e+17 2.653115631739429120e+17 6.902694794003183200e+16 4.137347956655652480e+17 5.356244034190848640e+17 3.638032438702208000e+16 3.138161575041083520e+17 -8.610404350150766400e+16 8.910709383072048000e+16 -7.611807498135720000e+16 -1.252062773416496960e+17 4.545989183295632640e+17 -3.467454103140200400e+16 2.279112692503119360e+17 5.455935204181864800e+16 -1.440419113140383520e+17 1.612828618574125760e+17 1.075241139753350800e+16 6.561420103810176000e+16 2.579466745627407360e+17 4.567888409736770560e+17 1.193151887994133280e+17 -8.962761133464132000e+15 3.802271043133498400e+16 1.906501684194204480e+17 4.190981343577656000e+16 7.454987205321139200e+16 -3.094844757407132800e+16 2.582614724719179200e+17 3.495069889425163600e+16 1.040159932726599000e+16 1.661042065727507800e+16 2.548702033416027840e+17 8.522099153008803200e+16 3.983583803967914880e+17 2.803809486236506560e+17 5.475383044566755200e+16 2.108223776075026000e+16 1.678801289645379520e+17 7.643840438229600000e+17 4.187517718791070400e+16 1.843527073615623200e+16 1.359039160220657000e+16 -8.619403043740787200e+16 1.767215815436315520e+17 3.490642027693283200e+16 3.879189220051940800e+16 2.861464240127104400e+16 4.899643394432103200e+16 -2.653770150155667520e+17 -7.835354418978062400e+16 2.950013152834988000e+16 -2.339134434306994000e+16 1.906775307961643200e+17 1.821222860479410880e+17 7.706116599299020000e+15 2.617408678152021200e+16 2.399751674270044400e+16 1.969832919132788400e+16 1.448327270808871040e+17 1.333677428494885600e+16 1.754351408351452600e+16 1.343497311827294000e+16 1.649469429824064400e+16 -1.130464222916707840e+17 8.274956861656035200e+16 4.091054824820931200e+16 4.650622769913734000e+15 -6.665184294773579000e+15 2.418396756874210000e+16 -1.094835120581112400e+16 2.429671483896799040e+17 7.100186714139860000e+15 -4.409636563221870400e+16 2.737391098935591500e+15 1.738324602545086800e+16 1.532011377510689600e+16 -4.556821989471893600e+16 1.091390198594201440e+17 2.156809217441970000e+16 1.909908402580836800e+16 3.403723862283258500e+15 1.491807240955771800e+16 5.826811060151157600e+16 1.006000962623000000e+17 1.814007787650692000e+16 1.700085840592365200e+16 1.111576823315505400e+16 2.065969858861775200e+16 1.019918534878586600e+16 -7.421799394866875200e+16 1.147575950226792960e+17 2.878997520164660800e+16 1.072142553468481000e+16 -9.213029824397422000e+15 1.637822062352659800e+16 2.574469276493868000e+15 -3.369464180566372400e+16
-1.642783988553981628e+11 6.745649082675415039e+10 8.447816937182904053e+10 1.161687064107315674e+11 1.932928373100932617e+11 3.420908071240789795e+11 1.526800275982545471e+11 4.118370103804714203e+10 8.671097952850761414e+10 1.418575113462700806e+11 6.218602427340796661e+10 7.148282700436305237e+10 3.682132808778546143e+10 1.557919969728822899e+10 4.869308686840580750e+10 -4.784619303952486038e+09 -1.567711148916313744e+10 5.558991339596105576e+09 2.001439026875263825e+07 1.960031580060019970e+09 1.573036620988552666e+10 5.503752463310775757e+09 1.634768414618804359e+10 -9.337130790858175278e+09 -3.364914264533479214e+09 -6.939142580264317513e+09 -2.707461137209764004e+09 1.731838387337673569e+10 1.339314110908529663e+10 5.803108462632120132e+09 5.512482079848216772e+08 -3.821315107473306656e+09 1.181730587115615606e+09 -1.339635727480370331e+10 -5.705155456025087357e+09 -8.089197629214043617e+08 4.868866994681343079e+09 -1.438344057126129866e+09 -1.554622798153084755e+09 -2.689960621876933575e+09 7.479155327045819283e+09 3.846692464330665112e+09 -2.873899287015032768e+09 3.980764656061844826e+09 5.773780721015426636e+09 3.839226950170904960e+17 -3.357214640324306800e+16 -3.560650295506468400e+16 -1.504912068850225920e+17 1.941653206418042112e+18 3.276297371256030400e+16 5.503844656123844000e+16 2.889990783407642800e+16 9.764102057909350400e+16 1.052530016633740480e+17 3.930320300047677440e+17 4.671936206507178400e+16 5.336094640515435000e+15 6.243259717760213600e+16 9.853230897827438400e+16 -3.397571215023993200e+16 -8.808841532011628000e+15 6.437354955856742400e+16 3.390523983976533600e+16 -4.184777168336004800e+16 1.975757699170583040e+17 4.267287719223468800e+16 5.467170161001407200e+16 -3.225585369737173600e+16 -1.695462713184033500e+15 4.140487704120413600e+16 3.803840766231645600e+16 7.718413772763089600e+16 5.178860798368668800e+16 8.729509514749340800e+16 2.236605539908236000e+16 2.231331063887610800e+16 5.718458687489448000e+16 4.406447565788658400e+16 2.594230277942442400e+16 6.912466821287002400e+16 6.864903101149957600e+16 5.356737647597502400e+16 5.024654917608848800e+16 4.187517718791070400e+16 3.773688528468426240e+17 6.726294027121254400e+16 4.072711131483821600e+16 4.001983630301937600e+16 1.918750809480526400e+16 8.830163151718284800e+16 4.187710766853584800e+16 2.016467924104845600e+16 3.349805448377380000e+16 -6.760517271865484000e+16 -4.340596933101086000e+15 7.838695803258494400e+16 3.005004709994788000e+16 2.369969439249121280e+17 5.954152705473892800e+16 5.777496087738668800e+16 2.847790713706828400e+16 3.284863322204151600e+16 -1.199225450485255000e+16 1.201578846573006400e+16 3.641127425370980800e+16 2.782109220384517600e+16 1.676998570794768600e+16 9.758139641579102000e+15 2.644990660327621600e+16 -3.930185359583826500e+15 3.809625736063617600e+16 1.898369813664858400e+16 5.942889309075529000e+15 1.482093987955172800e+16 2.721596334920704000e+16 1.228628829434915040e+17 6.481697195978790000e+15 2.089809699854266560e+17 5.234708416600205600e+16 1.584658506078001000e+16 2.614150395844174000e+16 4.773081027085190000e+15 -1.323537027165381200e+16 4.208821793570445600e+16 3.405662239888778000e+16 1.820815538183613200e+16 2.417498384759764000e+16 1.134353896176960000e+16 2.119642580198410000e+16 3.607681866659110400e+16 5.383242638082966000e+15 6.042107444915681000e+15 1.623615512693076000e+16 1.527882347474762200e+16 9.380905642654506000e+15 2.688025326788437500e+15 4.044878109694183200e+16 1.007258349533382200e+16 2.551725339057596000e+15 6.240625234663377000e+15 1.754445162473522250e+15 3.873348256685915000e+15
-6.019202100078787842e+11 -2.118524187659765244e+09 1.080539701803587646e+11 -1.051413607110548782e+10 -1.781562785328472137e+10 8.858893394021565247e+10 1.321758761836682129e+11 1.620967528762071228e+11 1.651572499574271851e+11 1.350204595681006927e+11 4.096590169071496582e+10 3.973448127222039795e+10 3.981878910033045197e+10 4.081700851922794819e+09 4.667408205031314850e+09 5.067153753084238052e+09 7.449213514634220123e+09 3.092079410487614274e+08 6.973064378004601479e+09 -2.290738238228750229e+09 3.416391773589367867e+09 1.903900455293682098e+10 2.762101717548891068e+09 -1.255945403106464863e+09 -8.485405741458940506e+09 -1.259275239858190918e+10 2.783071667498899460e+09 2.368575952879740238e+09 -5.871377101745964050e+09 -2.270215499768624783e+09 4.660552066778908730e+09 -9.861318218002181500e+06 1.299461387075284243e+09 -7.558772943731479645e+09 -3.537006850907156944e+09 3.930066052077043056e+09 8.469608324874535561e+09 5.922231060654706955e+09 1.510656404100095987e+09 3.881207116320536613e+09 1.091257684241364717e+09 -3.763543185066349983e+09 -3.463952436114964485e+09 -2.087167472847589254e+09 1.866229697204929829e+09 7.903626783932544000e+16 -2.385014984335131200e+16 -4.935511811285936000e+16 -1.234807780179496960e+17 1.077809055055058688e+18 -8.537097043354532800e+16 3.180187136487958000e+16 -2.968394422022669600e+16 1.243199384506756400e+16 -1.254306995329168400e+16 3.148535158513950720e+17 4.052338926988061500e+15 1.299889066816987400e+16 3.430313497785215600e+16 3.868103583850485600e+16 -2.813873789556980800e+16 1.829465527181828400e+16 5.304384810264432800e+16 4.094435254188688000e+16 3.338315177918159360e+17 3.968566774201792640e+17 3.273012656501883200e+16 2.234328029582358000e+16 4.158927859743044000e+16 3.121025077070031200e+16 4.357912795450442400e+16 6.628028813089084800e+16 2.749088000474417200e+16 3.084322250257964400e+16 3.892593764887130400e+16 8.918645055759328000e+16 6.212861122081375200e+16 1.925600753168173120e+17 2.121504461565622400e+16 -3.007452045222755840e+17 -1.033423707617284600e+16 4.177927705323996000e+16 7.867374322039736000e+16 -4.674275865627500000e+16 1.843527073615623200e+16 6.726294027121254400e+16 2.594555421191471360e+17 5.170143809436172800e+16 1.905209782345912800e+16 -7.464578104118267000e+15 2.038283510618889200e+16 6.807735632451760800e+16 2.529707954827814800e+16 4.144555126911601600e+16 1.212121852275889280e+17 1.693663790236008000e+16 4.372502742964027200e+16 4.818311086115193600e+16 7.041068444919839200e+16 1.131125971276806000e+16 2.012967106773329600e+16 5.035560600765047200e+16 2.824475798933871200e+16 2.370081757246657600e+16 8.765472781335064000e+15 1.312301287905987600e+16 3.240818055349686000e+16 2.276960233856871600e+16 5.882199551420625000e+14 3.704852791685632000e+16 6.489193976875666000e+15 3.210967883293917500e+15 3.005074204656461600e+16 1.243164829058165750e+15 7.476145457890514000e+15 1.573280452993594000e+16 2.057777356044930880e+17 4.463840771620101600e+16 2.618014134824290400e+16 2.779509541437984400e+16 2.822897854915662400e+16 3.259594356783974000e+16 -5.014348123872863200e+16 2.085744553261122500e+15 1.740168935147173400e+16 2.365484298398750000e+16 2.258481252665066000e+16 1.980872816152533200e+16 -1.068025803132285600e+16 1.297775698998311600e+16 1.600009062389876200e+16 1.503871344949781800e+16 1.659718582774269400e+16 2.530922257577930500e+15 -2.307180577865896000e+15 -2.327022219155994000e+15 9.671685775156204000e+15 1.599512973890386800e+16 3.078559082348842400e+16 1.924476608159187500e+15 8.220598981682450000e+15 6.777461907342315000e+15 1.736767067093714000e+16
-3.688298501959942627e+11 -2.088939502837975159e+11 -1.278309767643950500e+11 6.556224138647211456e+10 1.064937152545277405e+11 4.991154249262022400e+10 1.216753386185811615e+10 1.236399412515751648e+10 1.330826254854772949e+11 2.163026112725020142e+11 1.434379119625802612e+11 8.135905352358450317e+10 4.576959616729698944e+10 1.136995950886438560e+10 1.972167511313506317e+10 -4.894198757654843330e+09 1.561521124993691635e+10 -4.192932570366651535e+09 4.977738409184938431e+09 -2.121302640400669479e+10 1.795211402552893448e+10 -5.011273342462595940e+09 2.158090089974888325e+09 5.187835420589002609e+09 7.839212095734663963e+09 8.674716240741861343e+09 -6.933403305404037237e+07 -1.488380653763891220e+09 6.322826485728908539e+09 5.966973738751895905e+09 1.465759484658061266e+09 -2.273426073467055321e+09 7.534831653159212112e+09 -4.028745859116522312e+09 -1.742254780939143181e+09 1.037745712492442131e+09 5.367840662684539795e+09 -2.358176570992990494e+09 -4.460764541882740021e+09 3.408101421107626438e+09 8.571711052434479713e+09 2.300253182683410645e+09 3.078940301922307968e+09 -7.983153264516757965e+09 -1.691059586061084986e+09 2.092363778334450880e+17 1.893537147746117440e+17 -1.586866650409121200e+16 -1.033863302494390240e+17 1.118070022992068096e+18 -5.446339909599064800e+16 1.259435820777113760e+17 2.936385120813439200e+16 1.263364803975590080e+17 -1.492213812480770000e+16 -1.782239628139745920e+17 1.136545935153111200e+17 1.594717247147423040e+17 8.877248764740425600e+16 5.486493368483991000e+15 -3.601904746477131600e+16 2.115445564910138400e+16 -9.888833508256336000e+15 -1.589367785543164200e+16 -9.194625012389891200e+16 6.529387252896899840e+17 6.894083888929365600e+16 4.726496074163936000e+16 2.882103633978364000e+16 2.703385964441987600e+16 5.598787300250238400e+16 1.948768457463794400e+16 6.053561278110933600e+16 3.893900192923987200e+16 6.807186902476388800e+16 5.307548413527477600e+16 1.974139110264386560e+17 2.163617085536011840e+17 2.011345236251745200e+16 -1.591743661524287680e+17 3.688435806704088500e+15 4.244054349358036000e+16 1.068630569054874800e+16 2.572061667305956800e+16 1.359039160220657000e+16 4.072711131483821600e+16 5.170143809436172800e+16 4.186753644736394240e+17 7.915265776893259200e+16 -8.160365845642493000e+15 1.650414025916990800e+16 2.439304760742708400e+16 7.492315114009425600e+16 6.833570361230988000e+16 -4.278680708699716480e+17 -1.680454287067800200e+16 1.075832461105266750e+15 2.745584187307879200e+16 -2.202012562687239600e+16 2.312551886812949200e+16 2.616852548980420000e+16 4.057733135938754400e+16 6.382892730332992000e+16 -1.873482892863690400e+16 2.184056003587282800e+16 2.210589805752319600e+16 2.325630409189705200e+16 4.020841994593033600e+16 1.571545022197555000e+16 4.068384063681394400e+16 1.294810953945918600e+16 4.616683040625462000e+15 -1.172153201501168250e+15 2.546203822981311200e+16 6.781543073809265000e+15 1.345537983582039200e+16 5.539633440396207200e+16 2.521332666079049500e+15 1.012328073893923520e+17 3.342503531652425200e+16 3.655319421045515200e+16 3.120850965849075600e+16 -1.893600687373745280e+17 -2.056002928063009200e+16 1.135471080986414400e+16 1.427063784267375800e+16 4.168940362968708000e+16 1.155388817080482800e+16 -7.406668564904598000e+15 1.232531859234695400e+16 2.637523087458786800e+16 2.092079950743611000e+15 3.672644656511384800e+16 8.461309919423332000e+15 -1.025323513126086000e+16 4.070542208008662400e+16 1.594302781399541200e+16 2.809119302211490000e+15 2.087374906540612000e+16 2.580406566288183200e+16 8.890411658134690000e+15 1.555674966101718000e+16 -2.541497548030506500e+15
3.884052894585677734e+12 3.571089103030990723e+12 1.260055178424267822e+12 1.622868098505227661e+11 -1.976456534888367920e+11 1.746977727662770462e+10 2.112672121338409119e+11 -4.888634670278403163e+08 -1.725541290376890945e+10 1.802991621141653442e+10 1.400633972277996216e+11 1.414047016329152222e+11 1.206138952686103973e+11 -2.196375614159578323e+10 1.429725222727691345e+11 -2.026481481771762466e+10 3.367289193206590271e+10 3.310962617615602493e+10 1.410566820826024246e+10 -2.190762284119115448e+10 4.469496586101686096e+10 -2.218548053761280441e+10 1.634122007640363455e+09 -3.424875080808676147e+10 -3.918890182889491272e+10 3.093846246338775635e+10 -2.845742033424092293e+09 1.027069810299712777e+09 2.324697284388421249e+10 4.899849805375199318e+09 2.937146760332651520e+10 -6.445119287228650093e+09 6.637486819352865219e+09 3.134869079553909302e+10 -1.359778233685768509e+10 3.053748630597436142e+10 4.022990373999495697e+10 1.946438368790400696e+10 -1.291039543254408646e+10 1.848820586706380081e+10 1.834894743212715149e+10 1.559168014604808235e+10 -1.479398028044621086e+10 2.746295063722371674e+10 3.531462017181897163e+09 8.964128056278477824e+18 2.855342289135692288e+18 3.159658901809445888e+18 -1.226948263227096960e+17 -5.782702864178210816e+18 1.725582230616547072e+18 -4.263632044259242400e+16 3.409071282319631872e+18 8.559377546268862400e+16 -3.494030534189180800e+17 5.206385686119638400e+17 -4.930661572200490880e+17 1.224253861620574976e+18 -3.285721876920742400e+17 -2.041932936840613440e+17 3.324299129042478592e+18 7.427256264730188800e+16 -7.764275192010516800e+16 -5.852293661754375200e+16 2.058370175110083072e+18 -6.028569061663052800e+17 -1.063958726157507360e+17 -1.565238057122048320e+17 1.084912335972001536e+18 -1.699356563693241920e+17 -3.970137540167763200e+16 -1.410133087222614000e+16 3.241622267728571904e+18 -1.541078611031128640e+17 6.300716000126838400e+16 -1.151865353088006200e+16 -6.376794193333058400e+16 1.326574699626218560e+17 -2.437980861019861200e+16 7.471691958156840000e+16 -1.479069918052261760e+17 -2.708377227951451600e+16 -2.822491696438355600e+16 1.560743208259871232e+18 -8.619403043740787200e+16 4.001983630301937600e+16 1.905209782345912800e+16 7.915265776893259200e+16 5.446457872599090176e+18 -1.977240625107488400e+16 4.954120506550382400e+16 6.531350443842020800e+16 3.981627807575266400e+16 2.587877533130392400e+16 -1.451052556353873664e+18 -5.654899804684017280e+17 -6.521338042916935200e+16 5.396513068074119200e+16 7.475737853718101760e+17 -1.220430149431011520e+17 2.421919651862028000e+16 -5.078562102359530400e+16 -7.265630734962544000e+15 1.289581828614156032e+18 -9.149973499275273600e+16 -4.285576245888285600e+16 7.208742141069328000e+16 2.360157256299294400e+16 5.922545657887116800e+16 2.932542145437032960e+18 -3.971873010219898400e+16 2.891783138445031200e+16 -4.707474023540688800e+16 -2.674842452172704000e+16 2.544445640073175600e+16 7.749200120213321600e+16 -3.654051333770512640e+17 5.174878774642923200e+16 5.255537672893721600e+17 8.568607136482988800e+16 5.565434149658574400e+16 -1.618238785733569800e+16 4.193971108985764800e+16 -6.042301348093769600e+16 4.885936115496540000e+14 2.159996187696030000e+16 2.993827091903024000e+16 4.688892377596219200e+16 8.550837454613984000e+17 -3.730725213325314400e+16 -1.937003783885797200e+16 2.417545507970810500e+15 -5.839469166126485000e+14 2.511341065564274800e+16 8.328950577863118000e+15 2.614969373180635648e+18 -1.321049593901690240e+17 8.593339580171226000e+15 8.139695798214462000e+15 -1.167478691478726600e+16 1.836263535420349250e+15 8.009235711283663000e+15 2.732366559065366800e+16
1.410497885021966248e+11 -2.873714530046072388e+11 6.682760844989090576e+11 9.128510753389284668e+11 2.286910984761968689e+11 2.832589814201052094e+10 -1.357997822138046646e+10 8.314780092159257507e+10 3.215959179518931580e+10 1.257246597456334877e+10 7.439240887325453186e+10 8.370208616696896362e+10 1.143730472386898232e+10 -1.019220626206289291e+10 -3.297103635995601654e+10 7.567142453370529175e+09 3.683667818562252522e+09 -1.874545505667732620e+10 3.875553198901587009e+09 -1.610968508714304924e+10 -6.188058429282194138e+09 -2.743980112007005310e+10 6.909491720173265457e+09 9.289095259083152771e+09 -2.056921801018541098e+09 2.475200116068168259e+10 7.056213752189853668e+09 2.599301280268939972e+10 5.109034990153720856e+09 5.982438317570366859e+09 6.862682395158898830e+08 -3.539558754633764744e+09 6.996762653276904106e+09 8.754961237431118011e+09 5.395771952107060432e+09 4.950515886092510223e+09 1.188941077042050552e+10 4.249151570483401299e+09 -4.036827930203543663e+09 1.714110029327697992e+09 -3.728022900274610519e+09 -1.229837587177046061e+09 -1.508260931002391815e+10 -1.254200140857340813e+09 -1.614085983151969910e+09 -1.920547186761669120e+17 4.945464282432626400e+16 -7.130206057414415200e+16 -2.712183730867411200e+16 1.707944801923853056e+18 -2.489725114123440000e+17 1.811393984902216960e+17 2.954477536405605200e+16 1.989634139448608320e+17 -3.299304376996478400e+16 -9.220785200396545600e+16 3.714336983587426560e+17 9.173476494389259200e+16 1.503538015974619200e+17 -6.951827416373680000e+14 -1.583493916744490200e+16 2.177005204488170240e+17 3.970946541575179200e+16 1.625197680786937400e+16 3.901506240725447680e+17 1.227666715715617600e+17 1.488217178878333760e+17 -2.846740244923468400e+16 -5.398371671009455200e+16 1.780834247043417920e+17 1.655916723149835200e+16 -3.467909137993789500e+15 -2.329952107647707520e+17 1.681436044310800000e+17 -2.250419982147665600e+16 -6.189711544930156000e+15 -8.643310739419017500e+14 -1.347970906497339200e+17 2.244661009169478000e+16 -1.192336775604850400e+17 6.029838146002517600e+16 2.416854848189082000e+16 3.784764135596174400e+16 1.482289294798996000e+15 1.767215815436315520e+17 1.918750809480526400e+16 -7.464578104118267000e+15 -8.160365845642493000e+15 -1.977240625107488400e+16 1.110262412100097152e+18 7.108217356699944800e+16 3.972837788671648000e+16 1.697156108559156200e+16 4.537982538254822400e+16 2.532442948569048400e+16 1.846769216444735040e+17 -5.386470784083228000e+15 -6.589234589676129000e+15 1.326451094962604000e+17 9.695532939978614400e+16 -1.158669728258196000e+16 4.179361742679765500e+15 -2.758077612310127000e+15 4.499585380293520000e+16 1.601785952319721920e+17 2.896488512430929200e+16 1.510688276797170600e+16 1.063312757022032000e+16 2.434089837345926000e+16 -1.483887581771794560e+17 9.427059200670195200e+16 1.325269725754543200e+16 2.160307182062526000e+16 -4.020559867005302000e+15 -2.617279933745967600e+16 -2.817030170099724400e+16 2.439056415726615360e+17 3.545008957375387200e+16 7.911384885273368000e+16 -4.488747631049686400e+16 4.163680796878678500e+15 -1.153493158801991200e+16 -4.191686661062391680e+17 8.387160247623196800e+16 -2.740007367293369000e+15 2.467699027477249200e+16 1.630746594699566400e+16 8.558210333213053000e+15 -7.588323448438136000e+15 7.879479759778771200e+16 -1.565890446408871500e+15 2.465553827586210500e+15 -4.604496814859920000e+15 7.453719327959292000e+15 6.957409861280616000e+15 -1.405348645402599200e+17 9.255501645053996800e+16 -2.423670499297100800e+16 1.726827606280738250e+15 9.382472353783054000e+15 2.124625286573285250e+15 8.235573049868319000e+15 -1.996745661202304800e+16
1.982653792104858704e+11 4.851845092631072235e+10 1.820565716890462036e+11 9.322415637760670471e+10 2.495704819700424194e+11 3.114335140432665405e+11 5.642081709992272186e+10 2.598602715143129349e+09 3.971648693162225342e+10 -1.707549410676230049e+10 9.722326513000764465e+10 1.314307029047203827e+11 2.430446273986424637e+10 3.641587375103025055e+10 4.783631890242608643e+10 -2.594867792267409134e+10 -1.197749966681888819e+09 3.721531055446149826e+09 -5.255846494576759338e+09 6.332134760648622513e+09 1.020184787156738853e+10 -2.463126669295979691e+10 8.296872308310375214e+09 -2.261290325879030228e+09 -2.437670280965304565e+10 1.212773273230088997e+10 -2.738845343770640492e+08 1.576896999352288628e+10 -3.412915972000617981e+09 1.058300451567112327e+09 6.505801993297436714e+09 -2.083976925475869417e+09 8.949158755582241714e+07 8.496313629998923302e+09 3.354820212939613342e+09 7.860449199202680588e+09 6.568169519427214861e+08 5.494418733125628471e+09 -3.982185852728963852e+09 6.299971622965889931e+09 2.822461726304808617e+09 -1.311375811239979267e+09 1.921784195077576828e+10 -4.312181464427021027e+09 -1.154608006569943905e+09 6.950816153858173440e+17 -6.828855506304289280e+17 1.452594159345508800e+17 -1.796923197215927040e+17 1.235283231304594688e+18 -3.066810136090829200e+16 5.136757267130580000e+16 1.611915543682460160e+17 1.296602282201737760e+17 1.268211880245553600e+17 6.472222168563407200e+16 -3.764774503800676000e+16 -1.286729195645076800e+17 2.052881214013720750e+15 1.060738027206137600e+17 -2.112384301832174000e+16 -4.909274886512352000e+16 1.987177333096259600e+16 3.558452858704988800e+16 1.208766385081553408e+18 -1.169012589929686200e+16 4.279053740815617000e+15 3.179115212891126400e+16 -2.451426704237116400e+16 -1.815843489932334000e+16 3.723902923100651875e+14 2.710977051953537600e+16 2.862598147891617600e+16 1.559257161045225000e+16 4.699567095408247200e+16 7.999299967419586000e+15 5.154441522691921600e+16 -1.263164147206439840e+17 1.027293416863201760e+17 -3.627383818681745920e+17 4.984440246868365600e+16 3.295313334407731200e+16 -1.593418111926647500e+15 -7.263111787266977600e+16 3.490642027693283200e+16 8.830163151718284800e+16 2.038283510618889200e+16 1.650414025916990800e+16 4.954120506550382400e+16 7.108217356699944800e+16 6.993450294092801280e+17 8.891216180267164800e+16 4.456572058456716000e+16 8.141868032764598400e+16 -9.838395626823721600e+16 -1.763977224943660600e+16 3.803067642523199200e+16 1.945876972028256400e+16 1.198970872830082400e+17 -5.878519935407755200e+16 3.477791513723514400e+16 2.112999591803411200e+16 -8.086098516842635000e+15 -1.923171323960490800e+16 1.888107089984324000e+16 1.010720629373968320e+17 4.187712557986479200e+16 2.943838630401638800e+16 2.550679126034494400e+16 2.042464416170678000e+16 -5.517324795734362000e+15 7.052212265942064000e+16 6.766927652570459000e+15 1.054798117581856800e+16 2.023484732772438000e+16 4.996702245745290400e+16 1.713185776499046720e+17 -5.312465127384312800e+16 -2.729887506694423000e+15 3.433170025594885600e+16 1.754883627840613600e+16 -1.332298553407991400e+16 7.930916792820024000e+16 1.392673694376356000e+16 2.500209417467176400e+16 2.372716492658896800e+16 2.396835172992181600e+16 2.907634382616027600e+16 -6.748055634062638000e+15 1.906772842153742400e+16 2.640797789203136800e+16 -1.499030294990815600e+16 -6.649500353527174000e+15 3.142267701932670000e+16 1.527020694916259400e+16 8.444992716155512000e+16 2.276425524275930400e+16 3.571874652869282000e+16 1.609992775075840800e+16 -7.219975943662320000e+15 6.337734970639205000e+15 3.355506091591018750e+14 -1.894647723780608500e+15
-1.353494984436067390e+10 2.107664701458759460e+11 1.200857669045803547e+08 1.037018351544323273e+11 -4.571589176390673065e+10 7.186072762422599792e+10 1.737256608271968384e+11 1.921571627112927551e+11 7.557314905954840088e+10 2.227713579060647964e+10 6.503115409326720428e+10 1.081466147731027222e+11 3.133047809163138962e+10 1.307510647400137711e+10 3.247896462810266876e+10 -9.187496387251537323e+09 1.370358696679842186e+10 2.024483600001697922e+10 -6.966735239619541168e+08 6.185595436168462753e+09 1.539836677072142792e+10 -1.047105489802077103e+10 5.660780277529459000e+09 -3.084994224010981560e+09 2.454360060072554111e+09 4.333327034954120636e+09 2.928552731247840405e+09 6.487639384521166801e+09 1.548309349950598478e+09 -1.247094480435593367e+09 -6.979136433267383575e+09 1.139524290869750214e+10 -2.461935567153710365e+09 2.513369572754879951e+09 -7.773921604310492516e+09 1.686945512570796251e+09 -3.781058342241060734e+09 -8.654214055939594269e+09 2.882198186947127581e+08 -2.535816663257993221e+09 -1.093613883535341740e+09 -3.751720531523442268e+07 2.416651447802289486e+09 1.038368906783711433e+09 1.883799871526187658e+09 -1.277263781657084640e+17 -3.061551443151855200e+16 -4.258269297514226400e+16 -6.854421944099728800e+16 1.224478636592975360e+18 -1.077523689778651200e+17 7.004131738227276000e+16 5.372479285104337600e+16 2.962267992940239500e+15 9.881415358968188800e+16 -1.058574168188971680e+17 -8.260421606217304000e+16 -2.167856146219832000e+16 3.743799666148939200e+16 6.175431953083823200e+16 -6.576050908712472800e+16 4.829900039735908000e+16 6.370272585912808000e+16 1.135261324904923360e+17 6.997614281134436800e+16 1.228852691823886560e+17 4.042209686617910400e+16 -2.105203095254494000e+16 2.459467119476398800e+16 -1.241866056944192000e+15 7.639922866285554000e+15 7.888396124976612800e+16 2.520848917449609600e+16 5.945590829726758750e+14 -5.004091517734106000e+15 3.492984284519401600e+16 -1.080566152131505125e+15 -5.592754075917732800e+16 3.684939961833920000e+16 -2.618014124766776000e+17 -3.057010491607157000e+15 5.025574585774500800e+16 7.814284995763747200e+16 -7.762146454503036800e+16 3.879189220051940800e+16 4.187710766853584800e+16 6.807735632451760800e+16 2.439304760742708400e+16 6.531350443842020800e+16 3.972837788671648000e+16 8.891216180267164800e+16 4.880339845392416640e+17 5.662269903442811200e+16 3.676035069662346400e+16 -9.277051633298336000e+16 -1.513358686172903360e+17 1.321539335415773800e+16 8.584866854760347000e+15 3.007505797268262000e+16 1.654833355284050800e+16 1.189218440746741800e+16 3.764384931953724000e+16 -1.869776584212224375e+14 -6.071429523404928000e+15 2.164217721218348400e+16 4.952043849000292800e+16 6.409168756656125600e+16 1.872963639632502400e+16 3.352943469176780000e+16 4.380496637007029500e+15 -1.130338314476712200e+16 1.828569803238771500e+15 3.897517027136505600e+16 -1.912144402861318000e+16 9.568735202792636000e+15 1.237738538351423200e+16 1.629143379061909760e+17 3.294973599866804800e+16 -3.489721439846967680e+17 3.055244668559302400e+16 3.177883010841278400e+16 -1.026823754981106000e+16 -1.486339876348470600e+16 1.191037457843018200e+16 2.661888984295787200e+16 3.399217579188756000e+16 1.331317174649565400e+16 3.083581217538514400e+16 5.989094415985244000e+16 2.948168274943129600e+16 6.606478300781489000e+15 1.905338400391409600e+16 -6.143518252490803000e+15 9.048122041767708000e+15 6.186626121861311000e+15 1.155708299911255400e+16 4.571242787589935000e+15 1.943133884122082750e+15 1.680781494325934200e+16 2.753576401523353750e+14 3.871578647807364375e+14 5.406854299509235000e+15 -5.998527298015984000e+15
-3.612837799118302002e+11 2.317063718640242310e+11 8.103226205508389282e+10 8.952298458060757446e+10 -5.131614322709412384e+10 5.847320227734024811e+10 -5.341038552835900307e+09 4.600588604687609100e+10 8.013840827523851013e+10 1.195140532961236572e+11 9.960992434587562561e+10 1.221489125808636475e+11 5.710730366555908966e+10 1.114127739134187847e+08 -5.548208810634881020e+09 1.472416655882582855e+10 2.731074371054533958e+09 -1.316653276351573229e+09 -2.132537890112906933e+09 1.114930759229799461e+10 5.319009517791961670e+09 -5.875225933648589134e+09 3.592870002781815529e+09 -1.061314182440286827e+10 1.385331467046220016e+10 1.576670790439485550e+10 9.075415641063703537e+09 5.963790753262247086e+09 4.105489120605306625e+09 2.152851854928759575e+09 1.721032778056765199e+08 7.958974261183414459e+09 3.327083253118921757e+09 4.837734962965062141e+09 2.203101771179295063e+09 3.675932562390078068e+09 8.342386192008551359e+08 9.589043451192474365e+09 6.438684310932098389e+09 -1.402032705806765795e+09 2.650215974079876900e+09 9.181271958075696230e+08 -3.723023564382455349e+09 -3.150019768724009991e+09 3.047983014095436096e+09 -6.883888624710309120e+17 -9.028884522974920000e+15 9.738558943219602000e+15 1.351642579436292000e+17 -4.000068954068818560e+17 -2.212520414644073600e+16 8.109086140420596800e+16 4.257078454223835200e+16 -2.007584206295834800e+16 -2.184232574243136800e+16 -2.380447558173190080e+17 5.669726262560253000e+15 1.071419741859013120e+17 9.182471806689784000e+15 4.384925585480673600e+16 3.927179655914175200e+16 -3.276182807001798500e+15 6.727430840647562000e+15 3.642477375904294400e+16 -3.503275502670144000e+17 2.177598443253152960e+17 7.830819299306017600e+16 1.766330307364619000e+16 -2.295822881844099200e+16 1.590483009776059600e+16 2.812272225280406400e+16 4.451169715295144000e+16 -5.762268324425822500e+14 1.517452571756417200e+16 2.321972414312554800e+16 4.774861200032703200e+16 4.032758598255072800e+16 8.881639114609739200e+16 4.372213106872756800e+16 -3.779797974690750400e+16 3.551505294158847600e+16 3.188177698934606800e+16 3.273969206178144800e+16 1.854865202121615600e+16 2.861464240127104400e+16 2.016467924104845600e+16 2.529707954827814800e+16 7.492315114009425600e+16 3.981627807575266400e+16 1.697156108559156200e+16 4.456572058456716000e+16 5.662269903442811200e+16 3.284181141261210240e+17 1.006837350120626080e+17 -7.407224958611247000e+15 1.924089614417040800e+16 3.316172137142434400e+16 1.080146981066752750e+15 -3.922837683770299200e+16 2.508119388618414000e+16 1.784409840521889600e+16 8.174887569413522000e+15 3.714552779042340800e+16 1.104644447461409800e+16 2.817156999319640800e+16 3.524100751271199375e+14 1.637623594113329400e+16 3.496016314754538400e+16 4.036026114926104000e+16 2.472838894512913000e+15 1.135629870978729000e+16 8.910466843300141000e+15 7.323809507581755000e+15 3.146557814359673500e+15 8.915463523588608000e+15 -2.728955431870912500e+15 8.111986261848331200e+16 -1.374050798086304400e+16 -3.144649113970374800e+16 8.916133481521934000e+15 2.098775304594716000e+16 1.289774577444956200e+16 1.489494365735996800e+17 2.704044306003078800e+16 1.619538712160039750e+15 1.821821742129717600e+16 2.868383307970999200e+16 2.665498037318354800e+16 -4.633688875636339844e+12 2.148577556871004400e+16 2.323075118935736000e+15 9.761732162876590000e+15 1.180666035539942400e+16 5.001071310909966000e+15 -3.867880823191485000e+15 -4.243440019099101500e+15 2.866677025840749200e+16 -6.949487214223774000e+15 5.566410747102931000e+15 1.361133287715497600e+16 1.378170620142982200e+16 2.961843993280397500e+15 8.412326455679121000e+15
-4.448059348676109619e+11 4.693845419684912872e+10 5.139595036670376587e+10 -4.568019495507981110e+10 -6.896939434066923523e+10 5.921749514782492828e+10 5.141932816516332245e+10 4.398835560935012817e+10 6.581747180008250427e+10 8.042665699899862671e+10 1.247693494719102478e+11 1.492554607430405579e+11 1.042968334202050323e+11 2.381314833105884933e+10 2.042267024355003357e+10 -3.296276072745946884e+09 -2.005001586330900574e+10 1.037899851644067001e+10 3.502269693675157166e+10 6.092802572941987991e+09 1.833520968210358810e+10 1.009614664040060806e+10 3.464888353671103954e+09 -2.001909374360169172e+09 9.906006473204269409e+09 2.303239414171034622e+10 1.218006170305077362e+10 8.280877479964962959e+09 1.455502559832544708e+10 1.419336486787888527e+10 -8.945726135458414078e+09 1.219520315067348862e+10 1.683868024864883232e+10 7.505814880985488892e+09 2.402557267850967884e+09 8.779723357544326782e+09 -2.187563076958547115e+09 -3.304482688723142147e+08 -4.806257573192264557e+09 2.730731413664248586e+08 7.600782000552764893e+09 -4.017358529431481361e+09 -2.497302906245188236e+09 -1.833029868021300793e+09 7.753973215998787880e+09 -2.538173978801860480e+17 3.986708260587490560e+17 2.904759486454554880e+17 1.736855571067506880e+17 3.180707023222169600e+17 -1.216769338348680960e+17 -5.933482952226069600e+16 -2.059959086059942250e+15 1.334057314092894000e+16 4.930004013881764000e+15 1.430785527625346720e+17 -7.525834720514452800e+16 5.712520527770891200e+16 3.506759095750602000e+16 -1.601379314594184200e+16 -6.617283482581081600e+16 1.401479424378877400e+16 -5.024386565184740625e+14 -4.564138296355277600e+16 -7.729672158276386560e+17 5.672494030619667840e+17 6.639673020554740800e+16 2.322380887517746800e+16 5.833414256742384000e+16 -4.928329438093641600e+16 -5.872023069896289844e+13 2.125989395287258400e+16 -1.432130184078904800e+16 7.762736317849462400e+16 1.503474315896196800e+16 5.922770441478317600e+16 6.842914189104297600e+16 8.518005564951022400e+16 4.952100747994324800e+16 -1.783780248212196800e+17 2.831925974395831200e+16 3.779143907550153600e+16 3.566706326492080000e+16 7.200240258922258400e+16 4.899643394432103200e+16 3.349805448377380000e+16 4.144555126911601600e+16 6.833570361230988000e+16 2.587877533130392400e+16 4.537982538254822400e+16 8.141868032764598400e+16 3.676035069662346400e+16 1.006837350120626080e+17 8.293222392921079040e+17 -5.757890537827954400e+16 -2.786865605894299200e+17 7.427487296561782400e+16 6.730936849701360800e+16 -1.132361872439422560e+17 -3.440614642531169600e+16 2.175128335949156000e+16 3.296609719298452000e+16 1.359639508399335000e+16 5.064702435774084800e+16 3.069744304479960000e+16 2.956363532856548400e+16 4.461985143383676000e+16 2.350303458002898400e+16 5.350883768944581600e+16 1.733436351326249000e+15 -7.872727360788858750e+14 2.736822688277584800e+16 1.565182498794892200e+16 6.262486858061598000e+15 2.451808925061284800e+16 2.980797413372254000e+16 -1.876452116220895600e+16 6.703868615515954400e+16 -1.109941638613041440e+17 1.426544005503251200e+16 2.481346781229647500e+15 6.742844646035906000e+15 2.591184603870821600e+16 -2.062661743880401600e+16 1.730551824366068000e+16 2.437993997261408800e+16 1.516949030839769200e+16 3.321455717792046800e+16 2.172956649858914400e+16 1.132704471343908800e+16 1.757554332887740600e+16 2.222918431001427750e+15 6.588296773568693000e+15 2.068981356967391200e+16 5.023077787048116000e+15 2.432667968351658000e+16 -4.841151566054828000e+15 1.948495104768939200e+16 1.911835038345518400e+16 2.199483862239248000e+16 1.232822402615961400e+16 1.395960138081660250e+15 2.369359644678620000e+16
5.200381846325036133e+12 -1.391381846988989502e+12 1.356397773169729248e+12 4.000315407285435486e+10 3.241434295716163940e+11 6.288019581323375244e+11 1.587629101388953369e+12 4.947096055514024048e+11 3.984981647051826782e+11 6.007445003441759491e+10 -2.188987268477604980e+11 -1.328712491977366180e+11 3.232198673470965576e+11 -9.843348338359963989e+10 -2.691506704755841980e+11 2.727694063955671387e+11 1.975585072521499634e+10 -5.973379080646876526e+10 2.028079092676959534e+11 2.064529827034881287e+11 3.802818132856288910e+10 1.094054495866972351e+11 -3.223618313726115417e+10 -6.884685375132376099e+10 -1.785883403394426270e+11 -6.059358898659791565e+10 -3.070535630691931915e+10 2.288326444713235779e+11 -5.997854791915276527e+09 1.434085378617029572e+10 5.915414165045745087e+10 3.313739038547314072e+10 -6.630563096861087799e+10 -1.464676708209580383e+11 -5.084481096634385681e+10 1.431193199977167358e+11 5.380115189636649323e+10 -3.406248117470157623e+09 4.344742068772615814e+10 -1.231378496686332893e+10 5.963935646050472260e+10 -3.010670267204232407e+10 1.949005630719004059e+10 1.817165536213603973e+10 1.079872973670023155e+10 -2.813835004127023616e+18 -7.018115337516534784e+18 -1.314774472026550560e+17 2.108006125558609408e+18 -1.109111494648740096e+18 1.769812561530325504e+18 -5.667063250255160960e+17 2.118834265093701632e+18 -2.110354749838354560e+17 -3.671281675972441600e+17 -2.818843409059950400e+17 -1.586357776722017280e+18 -6.481273319185061120e+17 -4.031207447188909440e+17 5.420039871079643200e+16 3.927052761738256640e+17 3.469765155060165760e+17 -2.420457912835555520e+17 5.872558835972350720e+17 9.029136816067104000e+17 -3.567872061989080576e+18 -2.271830812063265280e+17 9.592455750156838400e+16 1.403813520552536480e+17 6.094862361438128640e+17 -1.489566762313867520e+17 -9.876923797900824000e+16 4.603176714853217600e+16 1.791612774366206080e+17 1.206979068668873120e+17 2.398575342898143360e+17 -9.644891644248833280e+17 2.268034900862623488e+18 1.060811210151542400e+18 6.276020702796033024e+18 5.973449126968829440e+17 7.146316557039112000e+16 4.588944927041756800e+17 -7.484248037809287680e+17 -2.653770150155667520e+17 -6.760517271865484000e+16 1.212121852275889280e+17 -4.278680708699716480e+17 -1.451052556353873664e+18 2.532442948569048400e+16 -9.838395626823721600e+16 -9.277051633298336000e+16 -7.407224958611247000e+15 -5.757890537827954400e+16 7.331672913347229286e+19 -1.373347892451399936e+18 1.009019720086591104e+18 2.639345760532859840e+17 2.038404196203099136e+18 -7.913563146486547200e+16 2.993377283262690800e+16 -9.142224137801462000e+15 -3.714100668376883840e+17 -6.470089272714307840e+17 1.997547883756486080e+17 1.965673847019862400e+17 -5.320448663673612000e+16 -1.714685074104372160e+17 -3.216248912351670000e+16 -3.479296043085589760e+17 2.619302973435529920e+17 9.338161751696296000e+16 -2.039668913037061200e+16 1.681107119072537920e+17 -8.731452772515617600e+16 -2.313752594963180480e+17 8.854617499935804160e+17 -5.361753827423998400e+16 7.570947030833192960e+17 1.317100273561704960e+17 -4.241553341957575200e+16 -6.723656373482773600e+16 -5.069536962190277760e+17 -3.901477618109559680e+17 6.035177666398484800e+16 1.309591069838867200e+17 9.640235643660875200e+16 -1.464826003287791360e+17 -4.723519831357591040e+17 -1.096594208261825760e+17 1.448557082069473600e+17 -1.274715487396592000e+17 7.494415770067284800e+16 -1.060051108042846400e+17 -4.227685971051513600e+16 1.298392467125364800e+17 1.692207179049465600e+17 1.928195384706816000e+17 1.921839315407699200e+17 1.011853671192913280e+17 4.461199997836912000e+15 -4.296424344183436000e+16 2.480694429889959680e+17
-3.055743945118399414e+12 1.431881229526007690e+11 8.945207257278528214e+09 1.291416717934487061e+12 1.565685449985647217e+12 4.813837035632742310e+10 -5.445780667815500488e+11 2.432763821056350708e+10 4.686546912537756348e+11 1.767931941033342743e+10 -8.850927871112066650e+10 1.303383476755302582e+11 -5.600478031516527100e+11 3.672576151226018524e+10 1.845323768759172974e+11 8.645290819103502274e+09 -7.172623520423291016e+10 1.625916282156700439e+11 -1.243873842379044037e+11 -8.970639865215386963e+10 1.536453178265154114e+11 6.137069253184730530e+10 -4.567738171917156982e+10 2.592819238159654236e+10 -8.741196431689007568e+10 -1.636882982406052246e+11 1.318703296007453728e+10 3.339111375139141464e+10 1.535809790027544022e+10 -4.955548938927291870e+10 -4.818644050595821381e+10 4.534767815228428650e+10 8.491056482030207825e+10 5.393943946938400269e+10 6.647170874794022369e+10 1.339430267742985229e+11 9.657799204407453918e+10 -8.300549358922402382e+09 1.732135394177074814e+10 2.067333463730070114e+10 -7.039041280776141357e+10 2.495847871901254654e+10 -5.886290325238507080e+10 -2.977974775103389359e+10 -1.640500860077430534e+10 3.664511339079122944e+18 -1.327242231000992640e+17 -3.429560079744251392e+18 1.306140807306612992e+18 -1.204322005403734221e+19 -2.200866250178520800e+16 -1.891385512366707200e+16 7.757768269854087680e+17 -5.817661007344885760e+17 -1.528624225635182336e+18 -3.673107480229179904e+18 1.479321672810377600e+17 -4.805228457437326720e+17 4.672391642604504960e+17 1.181484452626472320e+17 -1.024610772975494600e+16 8.198770556870711040e+17 5.210750228636768000e+16 -6.498656075677844480e+17 1.857218292148162560e+18 -1.069171297035271520e+17 4.061510883519529600e+17 6.698684020488907520e+17 -1.007023765689776128e+18 3.776433700747767040e+17 1.016266733246946400e+17 2.306292519017125120e+17 -9.184819967163622400e+17 5.915620223020058880e+17 8.968204314613560000e+16 -1.017603165624842600e+16 -2.595334543213781120e+17 5.319937849875903488e+18 -8.375490656456640000e+17 3.423327716093623040e+17 1.346265960841500928e+18 -6.539233914185759200e+16 -2.039740680305813120e+17 -8.026465698601038080e+17 -7.835354418978062400e+16 -4.340596933101086000e+15 1.693663790236008000e+16 -1.680454287067800200e+16 -5.654899804684017280e+17 1.846769216444735040e+17 -1.763977224943660600e+16 -1.513358686172903360e+17 1.924089614417040800e+16 -2.786865605894299200e+17 -1.373347892451399936e+18 4.480210012000762266e+19 1.928354364391842880e+17 6.622038689004500800e+16 -6.635445716500378880e+17 4.420901949498627840e+17 -7.799595970395145600e+16 1.045834869760720320e+17 4.454522351819642400e+16 -7.423380121445192960e+17 1.970866471629128125e+14 -1.849680334364832960e+17 -1.477413066453097400e+16 3.493300912053575000e+15 -5.696242084345079200e+16 -3.291178295286147840e+17 2.538863224203580160e+17 -1.194349025312148960e+17 -1.094087222488200160e+17 -6.887283867846310400e+16 -1.405653518708913760e+17 -7.677547644336899200e+16 3.345505130337378560e+17 -4.599201991346460800e+17 1.839253622936721920e+18 -2.524586617669367600e+16 -8.135634802749201600e+16 1.745466996640778240e+17 9.386481424125917440e+17 -7.934638351025864000e+15 1.322859935275316800e+16 -1.537275203108240000e+17 1.917710304479342400e+16 -1.735247882967199400e+16 -3.773972255083362560e+17 2.601436387585441280e+17 1.183742339391232200e+16 -1.114393260008340960e+17 -3.693884970629621600e+16 -8.033798388112099200e+16 6.082200930152718400e+16 -2.981178301864051200e+17 2.101052258033666240e+17 -1.302137544437085920e+17 2.466562863383878080e+17 1.700169417850742720e+17 7.643345734366340800e+16 -1.263846463024791200e+17 1.145531390026762240e+17
-6.889602404904094238e+11 -1.387285385254372864e+11 2.223625771553183899e+11 1.320656681439262085e+11 2.132298190828957825e+11 4.834580356682103882e+11 3.761951556026904297e+11 2.194277045558252563e+11 2.172081668067354736e+11 5.845949250214029694e+10 5.137176876698806000e+10 -1.499682852465922546e+10 6.759345234714385986e+10 7.930755022767857361e+10 8.179472321621444702e+10 6.485677549154388428e+10 1.235595383161022758e+10 3.218943375781639099e+10 2.445580385644894409e+10 -1.384749265224794149e+09 7.739447081780650139e+09 -2.315406806786701679e+09 -1.139076541944680214e+10 2.135964000579547119e+10 4.662276109500405884e+10 -6.968754333409646034e+09 1.405279468994218445e+10 1.011730797051917839e+10 5.360163855831857324e+08 1.693665837992439461e+10 -3.682240202537018299e+09 -2.635155875161468983e+09 -5.335481211699912548e+08 9.510285273909145355e+09 1.254960558455901527e+10 7.654934449528941154e+09 -1.554466661380096912e+09 7.447866646834929466e+09 -3.084466094604661465e+09 7.664876343669065475e+09 1.445917135752154541e+10 1.224842138513100243e+10 4.082633970741615772e+09 -3.580245495782661438e+09 1.559398522846847296e+09 -1.266664839105687808e+18 -7.668115621818947200e+16 -2.063313672433182400e+17 -7.583316824258213000e+15 3.204313750634900992e+18 -1.732118134406315250e+15 3.318357835603526800e+16 8.292694913277976000e+16 9.436028258850030400e+16 2.086535922806635520e+17 4.530282780935901440e+17 -1.490808161930375040e+17 7.671957189749444800e+16 7.031978745776541600e+16 1.433530578320255680e+17 7.317827926887297600e+16 3.563386868910300400e+16 6.619389170042145600e+16 -1.419476487481055800e+16 1.407151085171646720e+18 6.491061821156948800e+16 -3.835623767155600000e+16 1.044992022107760320e+17 1.148317030868758240e+17 1.527720576145559400e+16 1.051090389389473440e+17 6.082907947707120800e+16 7.221982333292860000e+15 7.113316798989521000e+15 3.107976268284693200e+16 5.041178242630150400e+16 4.703053877936534400e+16 6.051867816730081280e+17 2.673780049036038400e+17 4.910972620565927680e+17 4.956717211284188000e+16 1.726704562438966720e+17 7.264832969012054400e+16 3.150301497266707200e+16 2.950013152834988000e+16 7.838695803258494400e+16 4.372502742964027200e+16 1.075832461105266750e+15 -6.521338042916935200e+16 -5.386470784083228000e+15 3.803067642523199200e+16 1.321539335415773800e+16 3.316172137142434400e+16 7.427487296561782400e+16 1.009019720086591104e+18 1.928354364391842880e+17 1.192009083961010432e+18 1.878977830688630400e+17 -1.745478680316113920e+17 4.417878911259567200e+16 1.264519743487517440e+17 7.425357177633028800e+16 3.931683722508873600e+16 -4.525529128216694400e+16 5.852635626088457600e+16 4.662751581212660000e+16 3.278194703187868400e+16 9.107043121022808000e+15 2.514810182272646800e+16 -4.303895241831767200e+16 8.699498260107697600e+16 4.695019495937152000e+16 6.467522855098688800e+16 4.700626889660347200e+16 7.310129010864980000e+15 -1.001146892747844400e+16 9.407725340028359680e+17 7.447773376429836800e+16 1.676986765528721280e+17 6.694450015486440800e+16 3.919408352252532800e+16 2.405815333678685200e+16 -1.580591189226863600e+16 1.171809643667845200e+16 6.964689977998988800e+16 2.042255870278351600e+16 -5.658259004359953000e+15 7.210753954445870312e+13 9.352844192906874000e+15 7.343480869596046400e+16 5.721889796630272800e+16 2.794547408531608400e+16 1.742332643610562400e+16 5.823744344363979000e+15 2.082632144211925200e+16 1.893892946575488000e+16 4.170612406117668800e+16 5.290197998372954400e+16 2.022175321704533200e+16 2.783088589885818400e+16 5.189103768900529000e+15 1.424827036434218400e+16 6.701419661694387200e+16
-3.772039998537956543e+11 -2.684336505755535583e+11 -3.626209534479394531e+10 -5.748097238042303467e+10 -6.115740820622707367e+10 5.340412283959523773e+10 1.782971113343065796e+11 4.082245971761049194e+11 1.524524400371362305e+11 -4.059588225516538143e+09 1.052877274122600174e+10 3.651145817614053345e+10 3.151067542060359573e+10 8.274091512010682678e+10 5.040090791981838226e+10 1.686804056726655579e+10 -9.275222341480215073e+09 -5.684226578338118553e+09 2.499040481753629684e+09 -1.104655080256192589e+10 -7.538327852934303284e+09 -1.021483974682396317e+10 1.189324061271603584e+10 1.519341273214727592e+10 1.084709521906758308e+10 9.884511229251842499e+09 -9.040334273281127930e+09 1.139147428017054939e+10 -6.671251422021493912e+09 -9.687929591478033066e+09 -1.901941408486404419e+10 6.340676441021258354e+09 -3.057536622179836035e+08 2.320164345296179771e+09 2.541354534534904480e+09 5.033292153183366776e+09 7.017134091907915115e+09 6.735897676550425529e+09 -3.701161652564716339e+09 -3.674988000764269829e+08 6.495294540449388504e+09 4.436058905262135506e+09 1.601390689143261671e+09 -6.384504359376605988e+09 -8.508189431132407188e+09 -3.220825609183651840e+17 4.439655230210073600e+17 1.977760166495123200e+16 -2.106111834014513280e+17 4.240330915417099200e+16 4.598546475704595200e+16 -2.798637488623699600e+16 7.277779858127838400e+16 3.150010253115143200e+16 4.413626740507941600e+16 8.824175285815584000e+16 1.072140368372031520e+17 -6.399214152993224000e+16 1.412457868894152600e+16 5.746822275893292000e+16 1.899371196876010880e+17 1.106948223546938880e+17 6.789401693197415200e+16 6.492622324017532800e+16 5.986377849219032800e+16 2.381670236303653120e+17 -8.481825281013545000e+14 7.266659037361199000e+15 7.144524803410684000e+16 1.988449949581674750e+15 1.506003565319096000e+16 9.662809196387403200e+16 1.451003684030981120e+17 3.892728549522258125e+14 1.745214995704930600e+16 3.607828977545869600e+16 -8.081731686493704000e+15 4.182153920510527360e+17 1.087166204835196960e+17 1.407618951415190080e+17 3.281577310889088800e+16 5.161358995126052000e+16 1.062244092096868800e+17 3.407069546417416000e+16 -2.339134434306994000e+16 3.005004709994788000e+16 4.818311086115193600e+16 2.745584187307879200e+16 5.396513068074119200e+16 -6.589234589676129000e+15 1.945876972028256400e+16 8.584866854760347000e+15 1.080146981066752750e+15 6.730936849701360800e+16 2.639345760532859840e+17 6.622038689004500800e+16 1.878977830688630400e+17 6.712366306348545280e+17 -3.373125893713843200e+17 5.473376785102693600e+16 4.624091470032744800e+16 1.045782328989229120e+17 2.490783494522324800e+16 4.014142933389623200e+16 3.400350959694464400e+16 4.699063818327942400e+16 5.187053355123916000e+16 1.052300376847455400e+16 2.099060146867289750e+15 1.765582822863465600e+17 2.890026870262996000e+16 3.918135973582754400e+16 7.197761521833044000e+16 1.478934601234102800e+16 -4.648772104192717500e+14 -1.936112972121041750e+15 2.650905823971687040e+17 2.072664635644774720e+17 -6.690767173847548800e+16 1.025723323598593800e+16 5.323007914192476800e+16 8.291174064054592000e+15 1.777073510026029760e+17 2.902233341875408400e+16 2.230777514879608000e+16 5.519768217124942400e+16 4.225147788897141500e+15 -2.343121640022572500e+15 1.072509698384615520e+17 8.152368780770873000e+15 1.125848742650157000e+16 4.613062841166896000e+16 -2.338019922595602000e+15 6.879400787641952000e+15 1.801332777012139250e+15 1.350795713717390080e+17 -8.516250297677202000e+15 5.029330317620105625e+14 3.864715972893081600e+16 4.680138355070501000e+15 1.536547046606660600e+16 -3.653277004399591000e+15 5.787501118488860000e+16
1.298671717768168555e+13 3.175834110839939941e+12 2.833861474802059570e+12 -3.793123324365066528e+11 2.258350999879329300e+10 5.113465192418977051e+11 2.035252180913491488e+09 -7.651523967460288086e+11 -1.186896713327386169e+11 7.795117781063082886e+10 7.913237676250541687e+10 -2.958208987701959229e+11 9.695574447057618713e+10 1.055503979383709564e+11 3.315953887382982788e+11 -6.355802223268632507e+10 -7.858561631370483398e+10 -1.936382080853337097e+11 -9.884199143667051697e+10 1.832170173197483215e+11 -4.042703816207367706e+10 -9.404577597015776062e+10 -1.427462803174350891e+11 2.687620781381674576e+10 -2.141306798879285583e+11 -1.820573560498528748e+11 -1.367164107331938934e+11 1.103596595512853088e+11 3.647075022602364349e+10 -8.631243711397885132e+10 -2.753299758117911530e+10 1.170120296863543129e+10 5.249446263138283539e+10 -2.517418186546302414e+10 -1.833225298757121887e+11 -9.676737417224414062e+10 6.364635984521496582e+10 6.311866413902364349e+10 6.226663009263854218e+10 -9.698512282277244568e+09 5.391398726831887817e+10 -5.758077463470957184e+10 1.689730612917303276e+10 1.292759671711466980e+10 2.483562101592224121e+10 -5.724357471352124416e+18 3.769940107323784320e+17 3.049457689192900096e+18 2.929386387257963520e+17 2.314845984275532800e+18 1.445942560047463424e+18 4.933564308247434880e+17 5.946174265022997760e+17 5.668839029196485120e+17 -5.049671014916016000e+17 4.808345614991690752e+18 -8.310730296935644160e+17 2.775317697691758592e+18 2.253663522974988800e+17 2.396616490076358080e+17 1.381776946105238272e+18 -2.158821996177359040e+17 4.559615455713456000e+17 8.227153835274494400e+16 4.111544139689358720e+17 4.330389064592305152e+18 -9.018953034813747200e+16 1.868646627853479040e+17 1.132304448875167104e+18 -1.522968161900505600e+17 -2.577668444661028160e+17 -5.066771085850023000e+15 1.196764962512531200e+18 -7.822553997866336000e+16 -7.828135831153033600e+16 1.194341910653110080e+17 -3.890025410881779840e+17 1.077145574450486528e+18 -3.078030991005617920e+17 6.088111705657129984e+18 7.676677483256792000e+16 -1.051110694278164480e+17 -4.136049787563125600e+16 2.247121154585535232e+18 1.906775307961643200e+17 2.369969439249121280e+17 7.041068444919839200e+16 -2.202012562687239600e+16 7.475737853718101760e+17 1.326451094962604000e+17 1.198970872830082400e+17 3.007505797268262000e+16 -3.922837683770299200e+16 -1.132361872439422560e+17 2.038404196203099136e+18 -6.635445716500378880e+17 -1.745478680316113920e+17 -3.373125893713843200e+17 6.167597317731233792e+19 1.050058000830887552e+18 1.549113628829303680e+17 -9.580297381974604800e+16 -1.769981349934872640e+17 1.149102160205390336e+18 -8.244145829052926400e+16 -6.587918139684027200e+16 -1.700175074499569280e+17 -5.560436711570873600e+16 -9.193783386216712000e+16 5.497886168455342080e+17 -7.814329682928160000e+16 -7.813841204825526000e+15 -2.517517758589642000e+16 -7.907127838074561600e+16 6.464730396308138400e+16 -2.351780858408598720e+17 1.741526447207347968e+18 -4.104867618189066240e+17 -1.921789036427993280e+17 2.277603887673918400e+17 -1.446716458755040320e+17 6.964223632019924800e+16 2.235381613719812160e+17 -4.250840726150764800e+17 1.676624104804594880e+17 -2.573713287057050400e+16 1.586218898806959400e+16 1.563131200680550200e+16 7.777494328677478400e+17 1.837155916507208400e+16 4.138486054895708000e+16 -4.232657588597215500e+15 -3.220773263722724400e+16 9.168782274553523200e+16 6.108937082629074400e+16 8.173220085962563840e+17 1.511549239055289280e+17 1.590301054705515520e+17 -3.413632740083475840e+17 9.317846731139870000e+15 -1.337874139619768640e+17 -2.357322986230659500e+15 1.380875568979343200e+17
4.380219329076632690e+11 1.032618558112130737e+11 3.035291563237535400e+11 5.930014808589473877e+11 5.328936992393121948e+11 -6.506231790624407959e+10 3.003710934367863846e+10 -1.605048570696028137e+10 -7.305508463315424919e+08 1.599753792161994629e+11 1.273962927022164459e+11 -1.472350338719973946e+10 6.410308793269464874e+10 8.429279193972254944e+10 3.217307507162196732e+10 -1.830234918311404419e+10 -5.282067850373279572e+10 -1.714302979861697388e+10 -4.248553383995875549e+10 -1.456963596374253035e+09 2.892323486430082321e+08 -2.412717241505902100e+10 -1.324263791486788750e+10 2.689425480051702118e+10 2.176862346866812515e+10 1.069852590176118660e+10 -9.144883191327037811e+09 -1.710900690833295059e+10 9.081992534113928080e+08 -1.706430566200994551e+08 9.506744050633438110e+09 9.545394914396884918e+09 3.420908935088893509e+10 1.387472502393573952e+10 -3.058771770082631335e+07 3.410345899869490623e+09 -1.022547730243937683e+10 -1.336103844901976585e+10 1.324439806490038109e+10 2.524597085409850597e+09 1.378173925297604370e+10 -8.833598087387550354e+09 -5.266723939913820267e+09 -8.700112568699524403e+08 7.622719304329657555e+09 1.768885879561101760e+17 1.096304422127966240e+17 1.210797371587733920e+17 7.211591260947710720e+17 -1.948227706058553344e+18 1.355542935788393760e+17 2.634072526646738880e+17 -1.350009206102167040e+17 1.881145188956696000e+16 -1.161152295966260160e+17 1.495563478295084032e+18 1.873951725202858560e+17 7.183751597791000000e+16 1.547563374572347520e+17 -5.937895491563584800e+16 1.869222718670978000e+16 1.594826703685183680e+17 -2.923387503669431600e+16 -1.216933793602765600e+16 6.235374848537054720e+17 -4.874968777716373600e+16 4.142609826942255200e+16 6.824918527046000000e+16 3.021397792096080400e+16 1.448993515818337600e+17 1.805981681211429200e+16 2.745435575022425600e+16 -5.123262637168026400e+16 1.139857439586283840e+17 4.040110792226013600e+16 -4.454399005751800000e+15 2.706369706504114000e+16 1.258140750888173440e+17 -1.478037194579116400e+16 1.533387507890744640e+17 1.624282261289069440e+17 -5.482822118613246000e+15 2.232163930096417600e+16 7.716258273039699200e+16 1.821222860479410880e+17 5.954152705473892800e+16 1.131125971276806000e+16 2.312551886812949200e+16 -1.220430149431011520e+17 9.695532939978614400e+16 -5.878519935407755200e+16 1.654833355284050800e+16 2.508119388618414000e+16 -3.440614642531169600e+16 -7.913563146486547200e+16 4.420901949498627840e+17 4.417878911259567200e+16 5.473376785102693600e+16 1.050058000830887552e+18 1.411378845242138624e+18 9.196428699656244800e+16 2.257978220083089200e+16 9.366752070376666000e+15 2.589600293823490800e+16 1.554930531633761920e+17 1.354519000417898000e+15 4.686296344267223000e+15 2.337809447454402000e+16 1.102784665420749800e+16 -9.236495334440539200e+16 1.429418863534646880e+17 2.344571407106136000e+16 2.622231152087161000e+15 4.370314165900970400e+16 5.436974987307315000e+15 1.117890451534825000e+16 -6.526919386694932800e+16 1.227837228546670800e+16 4.484850111060839680e+17 1.946124535995102800e+16 2.951744715022189200e+16 1.554822272816192000e+16 5.650770592322457600e+17 1.271351309371216320e+17 -7.542479816853765000e+15 4.837631944207146000e+15 1.281336172059520400e+16 6.311232982649859000e+15 7.338222905177640000e+16 9.147627054020513600e+16 -1.367340235838045750e+15 -1.164884740350856400e+16 1.113705752137875600e+16 4.346614678882283000e+15 2.255391887066950400e+16 -1.128398928127040480e+17 6.705319612585035200e+16 4.007451259449631000e+15 -2.427935598855224000e+16 -2.112150395660778000e+15 -1.689848332397359200e+16 1.800802052613061000e+15 -1.964074160358388750e+15
2.470203389824075317e+11 6.897585155485314941e+10 1.144806016555857849e+11 4.461003654320523262e+09 2.092772949565015564e+11 3.765939173054543457e+11 1.583509176851989441e+11 4.574520596948172760e+10 1.021411333893353882e+11 9.696795836860360718e+10 6.579863140183433533e+10 -1.359370043561892319e+10 3.020207826646994400e+10 6.115232741673505402e+10 2.348569650837500763e+10 -9.684068217671070099e+09 -6.580872238515807152e+09 -8.711313622411636353e+09 8.638572088467857361e+09 6.519913536297487259e+09 5.068105837970355034e+09 1.809211538721301079e+09 -5.465324610964315414e+09 1.204755105034210014e+10 6.490765537382800102e+09 4.831563466312338829e+09 1.820687732447770119e+09 -8.493906620774170876e+09 -1.626984374963318825e+09 1.412160625091617966e+10 7.068316174862262726e+09 5.257601426347654343e+09 8.915942607046482086e+09 -3.614915366186073780e+09 -2.247949451018043518e+09 6.487698062092180252e+09 -8.492460936214306831e+09 -1.036203424524411583e+10 -9.524803756898748398e+09 -3.503689438757180214e+09 1.642938438101973057e+09 6.304593849342362404e+09 -5.053433129414801598e+09 1.207044363116106272e+09 1.338208447306221485e+09 -7.901571599145907200e+17 -2.224978526773290800e+16 -1.227772546822190720e+17 1.020429824968979520e+17 -6.416637241778231040e+17 -2.020032695533862400e+16 -2.113108607800756800e+16 1.063849898514793120e+17 7.841957277157344000e+16 7.871806017459731200e+16 1.217758815104094400e+17 6.604333109004792000e+16 1.308702284731230720e+17 7.182101614867816800e+16 6.343309757816854400e+16 8.561578140063079000e+15 -1.781326250830357400e+16 2.494886292391223600e+16 -2.969252320171132000e+15 3.290283444916878720e+17 -3.193668914720330240e+17 8.565094933726670400e+16 6.357742900281783200e+16 -2.189754408460565200e+16 -1.599968252875808200e+16 5.209909603601261600e+16 1.598737823154976600e+16 1.485325107784714400e+16 3.412010026678930000e+16 4.737141644096144800e+16 3.370374937357124800e+16 7.926546299268193600e+16 -3.299909924692314000e+16 4.252081342837116000e+16 -5.799617047259865600e+16 -2.508292468085644000e+16 2.039410586082564400e+16 1.099838099271177400e+16 5.471540775473208800e+16 7.706116599299020000e+15 5.777496087738668800e+16 2.012967106773329600e+16 2.616852548980420000e+16 2.421919651862028000e+16 -1.158669728258196000e+16 3.477791513723514400e+16 1.189218440746741800e+16 1.784409840521889600e+16 2.175128335949156000e+16 2.993377283262690800e+16 -7.799595970395145600e+16 1.264519743487517440e+17 4.624091470032744800e+16 1.549113628829303680e+17 9.196428699656244800e+16 3.627759855379107840e+17 4.425389104614392800e+16 3.493302518210896000e+16 -4.923229068761772000e+15 -1.279512850085883200e+16 6.045094934130722400e+16 1.405201289759489200e+16 8.134997153487009000e+15 6.296141644154585000e+15 5.591232220225108800e+16 2.874462340880092400e+16 3.699562339264917600e+16 1.881149655392947600e+16 2.459162603321592000e+16 1.025029662204124400e+16 3.588299912944766800e+16 2.335666739321874560e+17 1.843484250216826400e+16 -1.786892593229805200e+16 6.850111454648747200e+16 3.204032135609244000e+16 3.148277225186754800e+16 2.062993049184938750e+15 9.228509143850628000e+15 4.104036494639364800e+16 3.828773453956851500e+15 9.524367665514978000e+15 -2.427428507037022500e+15 2.209417826571310400e+16 2.566255517565482000e+16 3.452721786280330000e+16 4.613269156913695625e+14 1.924878489199546400e+16 2.924240245078313500e+15 1.175181821260058000e+16 4.623069830964868800e+16 6.039240500799778000e+15 2.751899355092462400e+16 2.303889138704759062e+14 6.804391062352426000e+15 3.024368011071897000e+15 7.261800252247916000e+15 1.561623544860243200e+16
-2.107951480803521729e+11 -1.159365297378852386e+11 -2.390021463009804153e+10 -1.723350297337295294e+09 -1.095809040310552979e+10 8.541802289703735352e+10 1.140575383942075958e+11 2.071632553271880493e+11 1.436007817032501831e+11 1.099857802908554840e+11 8.447422767862872314e+10 4.657936106357077599e+09 1.086592951951431465e+10 5.741366547631192780e+10 3.352528034193721008e+10 2.320141155525169754e+10 -3.713149556958683491e+09 5.116264504999687195e+09 3.891346044402142048e+09 4.089978594196275234e+09 9.848119945847349167e+09 -1.513517842831562161e+08 3.911630644960042000e+09 5.888964676906328201e+08 1.103470643332987595e+10 -2.461247069656758785e+09 -3.617635984722278595e+09 8.365182308172487259e+09 3.263065955015773773e+09 3.861303902575543880e+09 -8.362022592256564140e+09 3.589280471836636543e+09 2.515002154791587353e+09 -1.652370517544263005e+08 -4.074886584659785271e+09 6.278851033650258064e+09 -2.048553845611954212e+09 -7.225723088464923859e+09 -5.897599473980141640e+09 -8.887510967439863682e+08 1.257583187430303812e+09 3.569507459395609856e+09 2.558529755737926483e+09 -1.561072708968465567e+09 -4.883158017140581012e+08 -2.391588224839604480e+17 2.047115606822179840e+17 3.246628950430536400e+16 -7.165200378114985600e+16 7.579252971445721600e+17 -6.304873843733878000e+15 1.119676368204577120e+17 -7.538434600672940000e+15 -9.925865833293600000e+15 -3.394633037399684500e+15 5.590945434331755520e+17 6.596131945788632800e+16 2.109374361109238500e+15 2.759791587051874800e+16 1.851526213325228000e+16 5.593204899723393125e+14 3.662182829870675200e+16 6.822259807792352800e+16 4.753888179419008000e+16 -1.417547686904270400e+17 1.163451711242832960e+17 3.464083957110145600e+16 1.376304034730328800e+16 2.423916213536979200e+16 5.925227409264149600e+16 6.445378850240764000e+16 7.668987458965812800e+16 -2.182032451826708800e+16 7.285716301802632000e+16 4.498746903242832000e+16 6.467658730045415200e+16 7.784599758324499200e+16 3.835695539446595200e+17 1.545561779737605400e+16 -1.887049028399292000e+16 9.964486984012763750e+14 2.922987283222499200e+16 4.117114056482286400e+16 3.132772240208753000e+15 2.617408678152021200e+16 2.847790713706828400e+16 5.035560600765047200e+16 4.057733135938754400e+16 -5.078562102359530400e+16 4.179361742679765500e+15 2.112999591803411200e+16 3.764384931953724000e+16 8.174887569413522000e+15 3.296609719298452000e+16 -9.142224137801462000e+15 1.045834869760720320e+17 7.425357177633028800e+16 1.045782328989229120e+17 -9.580297381974604800e+16 2.257978220083089200e+16 4.425389104614392800e+16 2.378788169718477120e+17 5.505870155285174400e+16 -6.573384711687734000e+15 2.471123775107889600e+16 1.984111304834990400e+16 4.286751458312585600e+16 1.486573379108669000e+16 1.268433868560962600e+16 -2.935764345412278400e+16 1.773084077015560000e+16 -1.987016277106054375e+14 3.798570289684303200e+16 1.901413210354605600e+16 7.683288644010796000e+15 1.851869665981046000e+16 1.622756429558998400e+17 6.642385586739718400e+16 -2.924477004269876800e+16 2.606486717088297600e+16 5.082437951735770400e+16 3.535910549382506800e+16 -5.958819812192777600e+16 1.066442744110206400e+16 1.622181629289802000e+16 2.963820583769444800e+16 1.925312852823376800e+16 1.394701156595090200e+16 3.398459854271916400e+16 2.529110219098733200e+16 9.242360731132150000e+15 2.299090280314234800e+16 2.218057676503103600e+16 4.837374281277582000e+15 6.146645332457002000e+15 -1.238583101200850200e+16 1.750776274306070800e+16 -5.385592743553179000e+15 2.484299024219977200e+16 8.290464827518473000e+15 3.182077916854551000e+15 7.507989408348015000e+15 1.282591022973934800e+16
3.714505990157895660e+10 1.127067846015192413e+11 -6.015265959166618347e+10 1.447791311464622498e+11 -2.648315988113292313e+10 6.043568353291909790e+10 -7.764369076656496048e+09 5.758094281577971649e+10 1.095681074160192566e+11 2.051273879081490784e+11 1.001265974723739624e+11 -2.197547873244934082e+10 3.514945798966065216e+10 4.894194979239795685e+10 3.954291412882315063e+10 -1.088505872202930260e+10 -1.827724263991616011e+09 1.243715868393739510e+10 1.043753547037627459e+09 -1.201857946917821169e+08 1.329064609606177711e+10 9.880249357740251541e+09 -2.879527817016110897e+09 1.605039313843397856e+09 9.984966543633068085e+09 5.045438091004093170e+09 1.601932348733629227e+09 -5.900062111930838585e+09 4.631618415265542984e+09 -3.984738137306611061e+09 -2.982789102792841911e+09 1.103215896247207403e+09 -3.990077813618388176e+09 2.943099301626060963e+09 -3.101326139678334713e+09 3.589932469262914181e+09 -2.388426474833690166e+09 3.294944963321814537e+09 4.472273028468509674e+09 1.369654608562616706e+08 6.096555459113318443e+09 6.246477935563690662e+08 3.967922111944595337e+09 1.973736680638849258e+09 2.999265542773770809e+09 2.935797050728392960e+17 3.278592077847866880e+17 4.169542265002332800e+16 1.812650703140545600e+16 -3.338677164291539840e+17 5.801126960859433600e+16 1.237023854967030400e+16 1.613536571286643840e+17 1.440242056031140800e+16 -5.862242344971633600e+16 -4.077087534007700480e+17 7.464590453694075200e+16 1.954460144118810800e+16 1.198613241260537600e+16 5.588859364990457600e+16 -2.301209879451296000e+16 -3.053726454137415200e+16 2.468750908006155600e+16 6.604843463067424000e+15 -1.125593513562698560e+17 2.435959711318867200e+17 6.153513096534512800e+16 -6.626146480474247000e+15 -1.880189367447847200e+16 6.253295597162604800e+16 3.499456533464798400e+16 5.121729053835408000e+16 8.170074152266851200e+16 3.263013761131812800e+16 5.149457243907064800e+16 6.523889203807643200e+16 8.782090149698145600e+16 -1.407874064137190250e+15 -1.059259877640839360e+17 3.847021746332878720e+17 -4.186814093063740000e+16 5.845327399809582000e+15 4.055383895797665500e+15 7.652495851321016000e+15 2.399751674270044400e+16 3.284863322204151600e+16 2.824475798933871200e+16 6.382892730332992000e+16 -7.265630734962544000e+15 -2.758077612310127000e+15 -8.086098516842635000e+15 -1.869776584212224375e+14 3.714552779042340800e+16 1.359639508399335000e+16 -3.714100668376883840e+17 4.454522351819642400e+16 3.931683722508873600e+16 2.490783494522324800e+16 -1.769981349934872640e+17 9.366752070376666000e+15 3.493302518210896000e+16 5.505870155285174400e+16 3.369291463408320000e+17 2.057725146803035250e+15 9.917225342394302000e+15 2.255586762092005000e+15 1.118793031178310400e+16 3.234748944336428800e+16 8.080408285909078000e+15 5.764691589952115200e+16 2.154406209699690400e+16 -1.026934759992566400e+16 2.063402500654039600e+16 3.905068690474640800e+16 1.311888193663980600e+16 2.783083255279978400e+16 2.750466082980363600e+16 7.024669203668449600e+16 4.048463538234235200e+16 4.403081624618395200e+16 2.898190901796629200e+16 5.116700084546666400e+16 1.854545052028638080e+17 2.733633890029042400e+16 6.282884744427340000e+15 1.562971699657168000e+16 2.582917668152465200e+16 -7.289588047444925000e+15 -4.056036759284159000e+15 -5.849131158019922000e+15 2.152121401646969250e+15 1.490118352153126600e+16 3.594917644134764400e+16 9.627609402337856250e+14 1.039526784822712400e+16 2.046804394670576400e+16 -2.404232752860066800e+16 1.197702600961447600e+16 1.033734527907756200e+16 2.316265201820353200e+16 9.965254367827758000e+15 6.437459596545411000e+15 9.952155277668856000e+15
2.150257084091787354e+12 3.044663324984751465e+12 1.421353131535922607e+12 -1.904316535684393616e+11 1.159716872750392761e+11 -2.259117812057221069e+11 5.425434620137064934e+09 -4.366695769859804535e+10 -1.749720762033401489e+10 4.497069662803828430e+10 -5.636881357316824913e+09 4.708755097560228729e+10 1.839844253390613098e+11 3.549629499185545349e+10 5.601415729283783722e+10 4.854574716640996552e+10 1.180916914664123230e+11 1.712634707326933861e+10 1.205652429007861519e+10 2.999584329957468033e+10 -8.220743477719301224e+09 -2.111587412034715414e+08 8.414648119786338806e+09 -8.973855162317438126e+09 -2.225794027267906189e+10 -4.577735516148677826e+09 2.197403629775457382e+10 -1.711170005784827709e+09 -7.401366978424122810e+09 5.153781153852563858e+09 6.860141680275656891e+10 -1.248407417343398476e+10 3.356538330504921341e+10 -7.112213822706602097e+09 1.563940041621052170e+10 1.830217712927980423e+10 1.683270410496577072e+10 4.098652972039857864e+09 2.379394285629976654e+10 1.717540222851252556e+10 9.328349022540159225e+09 -5.745106851878020287e+09 9.861013667193145752e+09 3.801110047994902134e+09 1.144745453619950485e+10 2.133270990462903040e+18 2.407946057043151360e+18 6.866603600734266880e+17 5.840153584275596800e+17 5.948808951085070080e+17 1.002441394175691008e+18 2.606479097864688960e+17 9.753925565303004160e+17 1.797018429352890240e+17 -2.421027962834929200e+16 1.735224553017792256e+18 1.363666337888456800e+17 1.114257113864803712e+18 -1.879653033050840320e+17 -1.038698538038172960e+17 1.181788192332655872e+18 -7.168772269528598400e+16 -1.489798602065913920e+17 5.854917733689105600e+16 5.755906751779216640e+17 9.360522541476256000e+17 -2.095958081069634240e+17 -2.735027992917448800e+16 1.293645600843963392e+18 -6.971730917037630400e+16 -5.706730278211108800e+16 3.102030300966758400e+16 1.089044354220032896e+18 -4.683660381062331200e+16 5.047306365054296000e+15 2.454042555582170400e+16 3.012434139887516400e+16 3.861901426952410240e+17 1.018899764941929200e+16 1.206655512759503680e+17 -1.352450556624953760e+17 2.608369522947856000e+15 1.249540296735483000e+16 1.126488159471857792e+18 1.969832919132788400e+16 -1.199225450485255000e+16 2.370081757246657600e+16 -1.873482892863690400e+16 1.289581828614156032e+18 4.499585380293520000e+16 -1.923171323960490800e+16 -6.071429523404928000e+15 1.104644447461409800e+16 5.064702435774084800e+16 -6.470089272714307840e+17 -7.423380121445192960e+17 -4.525529128216694400e+16 4.014142933389623200e+16 1.149102160205390336e+18 2.589600293823490800e+16 -4.923229068761772000e+15 -6.573384711687734000e+15 2.057725146803035250e+15 2.979750335250371072e+18 6.004091475464123200e+16 -2.210470089084008800e+16 2.125217332149491200e+16 2.244292230151798400e+16 6.155440986316350400e+16 1.139015898892840320e+18 2.596193472313104000e+16 -6.437866045688548800e+16 -2.513489537322186000e+16 1.039592787689301600e+16 3.146940509031920400e+16 9.758002955938118000e+15 1.652145172842843200e+17 -7.150124940148072000e+16 4.259540249951539200e+16 -1.126502261370816000e+16 3.373451983372920800e+16 4.017303629315889600e+16 1.190194827425309696e+18 8.806910469049219200e+16 2.886829565858869600e+16 2.163807185356630800e+16 4.726688913195935000e+15 2.531183889913800400e+16 1.054988021083216384e+18 3.029853977989096000e+16 -2.095785665772495750e+15 3.030105872827497600e+16 1.721497680165058600e+16 2.624787267893672000e+16 4.503421016667020800e+16 8.543559950768257280e+17 1.378126713206601000e+16 -1.746460662523708800e+16 -2.866828572009021600e+16 1.068697021077676800e+16 1.123561286519003600e+16 2.751743080476755600e+16 1.441097389980449500e+15
-2.690919232922854919e+11 -1.921190722741943970e+11 6.252271180213415527e+11 1.092017349933801270e+12 3.503758009149541016e+11 -3.561955965178594208e+10 2.866719831971760941e+10 2.051369183912746811e+10 -5.051201209426125526e+09 2.727767451420923233e+10 4.454103675425802612e+10 6.895980030281979370e+10 6.844125936222342682e+10 5.778127411235559082e+10 3.453840523263495636e+10 1.041157500350078011e+10 -2.052915409951390076e+10 -1.157398497280965996e+10 -1.631713549149610519e+09 7.250930077326404572e+09 2.357687830643978119e+09 -1.691999008601119423e+10 -4.588629025920901299e+09 2.076222705160057831e+10 1.231915260862866402e+10 9.177721718563880920e+09 7.845483207146079063e+09 6.716720174141238213e+09 -7.027028050122845650e+09 -3.484213874515429497e+09 -1.892547678045274258e+09 2.012208782067085505e+09 1.072753742182913017e+10 9.425790646305231094e+09 5.963649897595667839e+09 2.582673829734899044e+09 9.761292325720129013e+09 -1.472601760228295517e+10 -7.447608022880137444e+09 1.742779055101883173e+09 4.135172414167919636e+09 -1.267885938449750990e+08 -7.368582404185379982e+09 -8.997118853869037628e+09 9.296530825536940098e+08 -6.336479206478169600e+17 3.051329971622033200e+16 -2.065632032335601920e+17 1.947839683774672640e+17 1.666722858126294528e+18 -4.002826533478052000e+16 3.416348261394673920e+17 -9.869648779344272000e+15 2.638361161181542400e+16 -5.910509456166709600e+16 -3.037840168501374720e+17 2.971023730692943360e+17 4.806586569019801600e+16 2.003937666381505600e+17 -3.991780641278202400e+16 -1.517676276184409280e+17 1.723921834187365120e+17 -1.888623330065349500e+15 6.212050625233486400e+16 4.325731456601030400e+17 5.186233898763678080e+17 1.312511660718412480e+17 6.875578800558828800e+16 -6.711756716210787000e+15 1.816753441316180800e+17 -2.156244502733640500e+15 2.969192658658049600e+16 -4.860703400186424800e+16 8.762917004582619200e+16 1.884310029225120400e+16 3.510082385928601200e+16 2.767148047416863000e+15 -2.125354919005413760e+17 3.217354973592438000e+16 -3.262413883212885120e+17 1.540859915233751360e+17 2.285944890276025200e+16 3.017762699219158000e+16 -2.672807406805748400e+16 1.448327270808871040e+17 1.201578846573006400e+16 8.765472781335064000e+15 2.184056003587282800e+16 -9.149973499275273600e+16 1.601785952319721920e+17 1.888107089984324000e+16 2.164217721218348400e+16 2.817156999319640800e+16 3.069744304479960000e+16 1.997547883756486080e+17 1.970866471629128125e+14 5.852635626088457600e+16 3.400350959694464400e+16 -8.244145829052926400e+16 1.554930531633761920e+17 -1.279512850085883200e+16 2.471123775107889600e+16 9.917225342394302000e+15 6.004091475464123200e+16 5.414036717559973120e+17 3.374598321315453600e+16 2.913739132233432800e+16 1.823801935835163600e+16 2.283778626473820400e+16 -7.476029040918486400e+16 1.857988602275020800e+17 2.862913910467890800e+16 1.682595814439470000e+16 3.275620254968561600e+16 1.314445324865449000e+16 -2.466374821891196500e+15 1.964902639011359360e+17 2.552196446060036000e+15 1.829200507080469120e+17 -2.194217410264832000e+16 3.714551555937851500e+15 8.502894099761195000e+15 3.090295729528310800e+16 1.862091286872097600e+17 3.063513843236643200e+16 1.954264817123295600e+16 2.626902004944761600e+16 3.567724084920195000e+15 -4.054507494796065600e+16 1.534632459359542080e+17 7.826795498321093000e+15 -9.836390056651365000e+14 2.611781590478342500e+14 1.078778988430496600e+16 1.186637808326115000e+16 -9.539245883624640000e+16 1.392535027982237600e+17 4.871151015548562000e+15 -1.804989414263128000e+16 1.914000491625378250e+15 5.229252573493690000e+15 1.139445518675022000e+16 -2.965199919417086000e+16
-2.274369627645757751e+11 1.084830039172596283e+11 1.391179926463410950e+10 5.171891890591053772e+10 2.221152282124382629e+11 3.461994238561198120e+11 1.442012056596159668e+11 7.227061958794494629e+10 9.004906897860357285e+09 -5.200961420226305962e+09 5.495489372283661652e+10 4.375976874820925903e+10 5.462872205911104584e+10 3.610416060518041229e+10 -1.980934402446079254e+09 -4.977034967934359550e+09 6.128939236535799026e+09 2.617250600283154964e+09 -4.916450569958507538e+09 2.803190854048305035e+09 3.968624217260566354e+08 -6.100123009276412010e+09 -1.001103760851091862e+09 7.031265212944729805e+09 -3.282201286633600712e+09 -6.293703325318134308e+09 -1.301440096524593830e+09 5.963213725333120346e+09 -2.722138339481823444e+09 -5.799484604727595329e+09 1.668414366809511900e+09 2.546529966672035754e+08 3.702297691468220711e+09 4.678205459163249016e+09 -2.575612561782994747e+09 2.060118793902622938e+09 -2.705479210369834423e+09 -5.094913844449230194e+09 -7.681471494403707504e+09 -4.213960228661101341e+09 2.794963384376095772e+09 -5.982721194512413025e+09 -1.351362676059468746e+09 -6.805059542153555870e+09 -1.272159642043635368e+09 -2.194538200563606080e+17 -1.800041835187242880e+17 -1.498058486149018240e+17 1.127138869144165000e+16 9.286762571313194240e+17 -1.776488001291996400e+16 -4.687920163174076000e+16 4.904864891408169600e+16 1.029242023281023040e+17 1.288934729662796800e+17 1.086103124282692000e+17 9.243493464698481600e+16 8.387151989307752000e+16 1.066672380014117440e+17 1.466525409426042240e+17 8.491350580928561250e+14 3.082569611056066400e+16 5.709000214901724000e+16 -2.412158577907088400e+16 -5.013659197294388800e+16 2.921948305487272960e+17 8.213338668831835200e+16 4.530628627487725600e+16 2.958052229038978400e+16 3.313350379077933500e+15 3.126263577154860400e+16 8.984314902802354000e+15 -3.473918596190738800e+16 9.696319534701048000e+15 1.799155080757947800e+16 1.002656789626557000e+16 -6.336303036518077000e+15 1.154804067663961120e+17 1.401751983839971840e+17 6.342663787115657600e+16 1.441559378396308800e+16 5.031533313506406400e+16 2.005358764916706000e+16 3.363998325842569000e+15 1.333677428494885600e+16 3.641127425370980800e+16 1.312301287905987600e+16 2.210589805752319600e+16 -4.285576245888285600e+16 2.896488512430929200e+16 1.010720629373968320e+17 4.952043849000292800e+16 3.524100751271199375e+14 2.956363532856548400e+16 1.965673847019862400e+17 -1.849680334364832960e+17 4.662751581212660000e+16 4.699063818327942400e+16 -6.587918139684027200e+16 1.354519000417898000e+15 6.045094934130722400e+16 1.984111304834990400e+16 2.255586762092005000e+15 -2.210470089084008800e+16 3.374598321315453600e+16 2.677351293878577280e+17 1.932799083308653200e+16 1.046537014583332000e+16 2.513238282856098000e+16 2.079188578735000800e+16 1.349623503380645600e+16 7.870349156562398400e+16 2.234212815399844400e+16 1.274471001977911400e+16 1.339827413287038000e+16 1.409022590660156600e+16 5.316721376556182400e+16 3.008588502290903600e+16 7.792250229088739200e+16 4.369834565169686400e+16 1.687995489804197800e+16 1.199634243856749800e+16 -1.650290947769571200e+17 2.383544318978001600e+16 6.334046113630977600e+16 1.323588991236190400e+16 7.795885420275680000e+15 1.891870163559754000e+16 1.548925456605251200e+16 2.353261941842094000e+16 4.029045715134640800e+16 1.228597476835444400e+16 8.656392873689978750e+14 1.087085298488951200e+16 7.865358112679376250e+14 8.209881249837991000e+15 5.413335063473328000e+15 4.585171650326144000e+16 7.806227755322209000e+15 -1.519380483981329600e+16 2.544712398861228000e+15 -8.060768209254522500e+14 8.068849601810936000e+15
6.272421317015900421e+10 -2.010555868242946148e+09 2.984026994162179184e+10 4.099598296803496552e+10 8.987752911294778824e+09 6.306702740229578400e+10 1.315656818880651855e+11 1.872001095067418518e+11 1.049289402545814819e+11 3.455677839985990143e+10 5.583819129082476807e+10 7.183946881788050842e+10 7.367756346421240234e+10 5.649013477049396515e+10 3.483870941441999817e+10 -3.652385552795929909e+09 6.772609517632466316e+09 4.236797352599072456e+09 1.722613139051495361e+10 8.622760525516328812e+09 2.292113790468296528e+09 -9.765920080132953644e+09 2.537669594156984329e+09 1.049070260844014406e+09 3.285552605941609383e+09 8.640378917301883698e+09 1.826924210854535580e+09 -2.113103058440959454e+09 2.109006618079229116e+09 5.522488834434545517e+09 -6.407233255742532015e+08 2.406819483938553810e+09 6.365657801909565926e+09 2.976695786077811122e+08 1.175944177127002478e+09 4.502690961273673773e+08 5.696878259944590569e+09 -2.706605888123216152e+09 -1.487467834957365036e+09 1.136979805847534180e+09 3.223923149264122486e+09 -4.617686966440974474e+08 -4.308319771038225889e+08 -2.353808305755203724e+09 -1.547345898177376986e+09 -1.019997591369547200e+17 1.994192427857007360e+17 7.040219411589926000e+15 2.492221851421103600e+16 8.686229266747138560e+17 -4.921211791540357000e+15 1.315832402032278200e+16 4.725579255157364800e+16 -6.754247440106977000e+15 -5.989023205799140800e+16 1.028134475865674240e+17 1.587586206138200640e+17 1.201155100779015840e+17 4.893478166290444800e+16 1.734493477139078200e+16 2.470913411850693600e+16 7.424001573377776000e+16 4.230742859944155200e+16 1.057266476040080320e+17 -1.390151617569713600e+17 2.726128500124299840e+17 -2.154017285651667200e+16 -1.440385871426176000e+16 3.596017864940598000e+16 1.652972917831316200e+16 3.783755298698851200e+16 7.403095037945464000e+16 7.169994908432874400e+16 -2.414561902114103600e+16 7.182588052690281000e+15 3.916997906379284800e+16 2.991061649243209600e+16 3.997452822694771200e+16 -1.188825631793038000e+16 6.256147923123601600e+16 2.380075608775667600e+16 5.480089402749512000e+16 5.669286993355104800e+16 3.217910965226082800e+16 1.754351408351452600e+16 2.782109220384517600e+16 3.240818055349686000e+16 2.325630409189705200e+16 7.208742141069328000e+16 1.510688276797170600e+16 4.187712557986479200e+16 6.409168756656125600e+16 1.637623594113329400e+16 4.461985143383676000e+16 -5.320448663673612000e+16 -1.477413066453097400e+16 3.278194703187868400e+16 5.187053355123916000e+16 -1.700175074499569280e+17 4.686296344267223000e+15 1.405201289759489200e+16 4.286751458312585600e+16 1.118793031178310400e+16 2.125217332149491200e+16 2.913739132233432800e+16 1.932799083308653200e+16 1.808250622471408000e+17 2.464881576146217200e+16 2.510020010503887200e+16 4.764634192928797600e+16 1.646814906119377800e+16 4.975679781207746000e+15 4.587112628641332800e+16 1.222859081599880400e+16 1.489035275284826800e+16 4.349316228263836800e+16 1.954953148182550720e+17 3.919768623633935200e+16 -7.895895360065886400e+16 1.466153750801951800e+16 2.553505812844325600e+16 5.283471489747609000e+15 6.437864919868509000e+15 2.318948988598199600e+16 2.174083530987024400e+16 3.116040817383504800e+16 1.226106709234403400e+16 2.103422265649469200e+16 3.465308556803352400e+16 1.491667270573996200e+16 1.712908462457766600e+16 1.791852903125866000e+16 8.678271324368381000e+15 1.505363133439043400e+16 5.544347333642834000e+15 4.412060434993653600e+16 5.613662656460040000e+15 -4.923342599091620000e+15 1.385135009863404800e+16 7.528021485284099000e+15 1.060632354923822800e+16 2.764678099059113000e+15 5.893450784339016000e+15
2.624544956202963257e+11 3.019120148043907928e+10 -1.343936508798238182e+10 2.891037557348650742e+10 2.310166393421749115e+10 2.357973107819145584e+10 -3.222549081275344467e+10 -8.283237123673910141e+09 6.486611401504752350e+10 7.730187639901789856e+10 6.890288567585705566e+10 5.413634960888700104e+10 5.811142216583646393e+10 5.716198717226004791e+10 1.884449352863126373e+10 6.435944732677898407e+09 8.697638004078613281e+09 6.712276553496589661e+09 -5.040807864097392082e+09 -5.868024100189668655e+09 5.055307722065657616e+09 -2.488207125762790203e+09 -2.030572783732045174e+09 2.945173405762085319e+07 2.058608206341503382e+09 7.861750137575041771e+09 6.116258377648680687e+09 -9.872861828348037601e+07 -1.351304220862161160e+09 4.155668453468496323e+09 1.055477770072176605e+08 -5.195216727638015151e+08 4.361520657811711311e+09 1.355360490327882767e+09 -3.770894369025751948e+08 7.366972805240076065e+09 -3.951877065877645016e+08 -1.324518813811238766e+09 2.391232453431919098e+09 3.700485160681551695e+08 1.465047610661278486e+09 -1.073899154754383266e+08 4.311946821580747604e+09 1.095473349087312937e+09 3.584987743632228374e+09 1.262434124346531200e+17 4.107281110245873600e+16 -3.123264512295496800e+16 -5.467025473016638400e+16 -3.011393641921793920e+17 -6.105314211957768000e+16 8.120650744494857600e+16 5.099874437344448800e+16 1.838460001726077600e+16 -7.039565745969150000e+15 3.694976807789260000e+16 7.316605219351310400e+16 5.737762737094628800e+16 -1.783859606215466400e+16 -3.249177766666877500e+15 2.799351453749752188e+14 -1.450118190122091600e+16 -1.507676336529116000e+16 8.193406856375596000e+15 -1.630401825246281600e+17 1.200192238891122880e+17 4.403809992753802000e+15 2.704972068467353600e+16 -3.886174122026066400e+16 1.337106678625256600e+16 3.836267919544246000e+15 1.537577809141671400e+16 1.608191383417259600e+16 -3.860669375060140000e+15 1.048656134792543000e+16 2.479965323576010400e+16 3.397184440538033200e+16 -3.150936755844230400e+16 7.605126612272102000e+15 -1.142480527009553800e+16 4.501204519600173500e+15 1.627499209760720800e+16 -9.080547413285204000e+15 -1.223560107349822200e+16 1.343497311827294000e+16 1.676998570794768600e+16 2.276960233856871600e+16 4.020841994593033600e+16 2.360157256299294400e+16 1.063312757022032000e+16 2.943838630401638800e+16 1.872963639632502400e+16 3.496016314754538400e+16 2.350303458002898400e+16 -1.714685074104372160e+17 3.493300912053575000e+15 9.107043121022808000e+15 1.052300376847455400e+16 -5.560436711570873600e+16 2.337809447454402000e+16 8.134997153487009000e+15 1.486573379108669000e+16 3.234748944336428800e+16 2.244292230151798400e+16 1.823801935835163600e+16 1.046537014583332000e+16 2.464881576146217200e+16 1.262903017098847840e+17 3.577918250882336000e+16 1.004670612422295000e+16 3.882324930577117600e+16 1.109298074561080600e+16 1.962041380249928800e+16 3.136629992858127200e+16 2.262412984218986400e+16 1.834364584483703600e+16 -3.435303313227777600e+16 5.893453272609497000e+15 -4.865223477484924800e+16 -1.191560711171126800e+16 9.083398808138910000e+15 1.919787041072837600e+16 -7.890547698075884800e+16 1.399819346561520400e+16 8.740638036545812000e+15 1.133982657180817200e+16 2.593431624887939600e+16 1.596900708895592000e+16 1.568116342693824000e+16 1.253412115586325000e+16 1.030690988826718200e+16 5.083125524418191000e+15 1.423540566445873400e+16 7.699493619367102000e+15 9.522682061236612000e+15 2.625554858234250400e+16 3.053220985575897500e+15 4.898014680876951000e+15 1.073585480283434800e+16 6.721748793612522000e+15 7.055470909102584000e+15 9.777812197584142000e+15 -1.884042411447328750e+15
-5.719277931215251465e+11 -8.412895374313127518e+09 -2.170506469656195831e+10 1.004928382323464036e+09 -9.131346213978298950e+10 3.735693475375952148e+10 -5.003529887192626953e+10 -1.005041621920782852e+10 -2.644846662475823402e+09 1.178066150732819939e+10 6.045777987135106659e+10 9.427109364870297241e+10 8.094615523892692566e+10 5.120422344509855652e+10 8.571477870298768044e+09 -3.009631664218241215e+09 1.675024188494579697e+10 2.907557870705375195e+09 7.500288742033697128e+09 6.456307124617779732e+09 -5.468567241208535194e+09 -1.481708996631605721e+10 -1.017256652464555740e+10 -1.183129415536261940e+10 -1.345629547338403463e+09 2.483032101517474651e+09 -2.309458716726434708e+09 -7.067959658399298191e+08 -1.602280392697664738e+09 -8.825241027824676514e+09 -5.051649781496471405e+09 -5.122406033429913521e+09 -3.535651390372755527e+09 -5.684531584414820671e+09 -1.622455677928040981e+09 6.174712118493742943e+09 6.969128719165532589e+08 -1.878630794679199219e+09 1.810276062173871040e+09 1.834751970366430759e+09 1.613738632681476116e+09 -8.768135669204883575e+08 -1.801317533272029400e+09 -2.241778619537446499e+09 -4.694172829746291637e+08 -4.206169728422318400e+16 -1.914496264562822720e+17 2.379946834559664000e+16 -9.960958163914057600e+16 -1.347844328800719840e+17 -4.455149398389255200e+16 -2.985518677143487200e+16 2.798472859222276400e+16 -3.660565928442703200e+16 -4.525718447786743750e+14 -4.148964274756154880e+17 -3.696414663886309600e+16 -5.728457510103253600e+16 -3.404502608577234400e+16 2.087007258790329600e+16 5.834077558532117600e+16 -1.672460364684027400e+16 -2.075353059671072000e+16 4.069190249986712000e+16 1.221416464960294080e+17 -7.585414006693472000e+16 -2.434642263858822800e+16 3.138285681553475500e+15 6.008457610181274400e+16 -2.631410081229408800e+16 -1.814321119234775200e+16 7.770947763013667000e+15 4.188216279246394400e+16 1.794492595194485600e+16 -2.953618922996589200e+16 -1.109534418463890000e+16 4.465908174833452800e+16 6.651768657806635200e+16 -1.857950690856505200e+16 6.633308639878577600e+16 -1.830953081571203200e+16 1.227119346255521600e+16 -9.346760690789164000e+15 4.727498297565437600e+16 1.649469429824064400e+16 9.758139641579102000e+15 5.882199551420625000e+14 1.571545022197555000e+16 5.922545657887116800e+16 2.434089837345926000e+16 2.550679126034494400e+16 3.352943469176780000e+16 4.036026114926104000e+16 5.350883768944581600e+16 -3.216248912351670000e+16 -5.696242084345079200e+16 2.514810182272646800e+16 2.099060146867289750e+15 -9.193783386216712000e+16 1.102784665420749800e+16 6.296141644154585000e+15 1.268433868560962600e+16 8.080408285909078000e+15 6.155440986316350400e+16 2.283778626473820400e+16 2.513238282856098000e+16 2.510020010503887200e+16 3.577918250882336000e+16 2.054307938630600000e+17 1.801792693455189600e+16 2.616051400483495600e+16 1.633464564650056000e+16 1.801591315684878400e+16 1.962389428664975600e+16 4.728686553502235200e+16 2.507140439277353200e+16 4.428677969804587200e+16 -4.769339295748354000e+15 -5.758541246737164800e+16 -9.838517088024884000e+15 3.987012521740679500e+15 -7.173624620861665000e+14 -9.126832949116958400e+16 2.991693591997426800e+16 1.447253745563229600e+16 9.197688549354616000e+15 1.555297483283846800e+16 3.174593364245040000e+16 7.171858770763267500e+14 8.842043730851325000e+15 8.961370032202669000e+15 -2.288478753073703000e+15 7.561778210933337000e+15 1.809803847779768000e+16 4.460514038422493500e+15 4.710832369059844000e+16 2.767092802141554062e+14 9.886698043214646000e+15 -4.635848926662396250e+14 6.926463954654004000e+15 1.445343025470765600e+16 2.210023781517065250e+15 7.761515678475782000e+15
3.424013205441160156e+12 4.193999861124488281e+12 1.343590233869244141e+12 9.914232543141143799e+10 4.268816781615937805e+10 2.860754722847188110e+11 2.728923269921451721e+11 1.390357976542174377e+11 -6.210384261414582062e+10 8.273720436802278519e+09 4.676382664718710327e+10 2.388409484664000320e+10 1.355696150206974640e+11 -8.280211741482384682e+09 8.391860660725492859e+10 1.565043547923229408e+10 7.798945307334638834e+08 1.797829997296536255e+10 1.514786077673685312e+09 -3.122212254130519104e+10 5.231826012333359528e+10 1.272612704370974350e+10 7.397115873501205444e+09 -1.918293406851362228e+10 -4.131143054087287903e+10 -2.152963189103190231e+10 -4.219019071552194595e+09 -1.122644149932934380e+10 2.582688439738927460e+10 -2.095422752478564453e+10 1.963691966512936783e+10 5.713367054385313988e+09 -5.525640396037146568e+09 -3.690286038697603226e+09 6.145610887749795914e+09 2.113604042498258114e+09 1.514567112990334702e+10 6.559645363815117836e+09 -1.653306358120280266e+10 2.064499556500218201e+10 7.078043344423502922e+09 1.247613109935912514e+10 -4.722436520996763229e+09 2.016311390669255829e+10 -4.241275760605527401e+09 8.527024476914306048e+18 2.280709757857995520e+18 3.481999333976972800e+18 -3.047341634023109120e+17 7.832321994398296000e+16 1.538119704168976896e+18 -2.015253999900678080e+17 3.417975383648313856e+18 -6.189699869684689600e+16 -4.909857583348378240e+17 8.746626567840478720e+17 -1.564457656817413760e+17 1.489484741014723584e+18 -2.114793773692557120e+17 -2.607462789121869600e+16 3.146694843074697216e+18 8.270767329741318400e+16 -6.538215251573831200e+16 -2.781492126828176000e+17 1.240895895041369856e+18 5.966595765429175040e+17 -7.772594250374918400e+16 7.295238871744872000e+16 1.081604743741199744e+18 -1.447208337663173120e+17 2.240481516054655200e+16 6.510162702810024000e+16 2.918006390103097344e+18 -8.180767684118664000e+16 1.474626790816135360e+17 -1.172646764833426400e+16 -6.229632437149846400e+16 1.476050361169241600e+17 -1.541375268039355000e+15 3.663413601055112320e+17 -1.630330703331223360e+17 -5.163597360882577600e+16 2.793686549951872800e+16 1.255343391829190400e+18 -1.130464222916707840e+17 2.644990660327621600e+16 3.704852791685632000e+16 4.068384063681394400e+16 2.932542145437032960e+18 -1.483887581771794560e+17 2.042464416170678000e+16 4.380496637007029500e+15 2.472838894512913000e+15 1.733436351326249000e+15 -3.479296043085589760e+17 -3.291178295286147840e+17 -4.303895241831767200e+16 1.765582822863465600e+17 5.497886168455342080e+17 -9.236495334440539200e+16 5.591232220225108800e+16 -2.935764345412278400e+16 5.764691589952115200e+16 1.139015898892840320e+18 -7.476029040918486400e+16 2.079188578735000800e+16 4.764634192928797600e+16 1.004670612422295000e+16 1.801792693455189600e+16 4.304311053315188736e+18 2.524398889247609600e+16 -2.607979669474774400e+16 -4.779922328888366400e+16 -2.883687506475488800e+16 2.250504475013663600e+16 3.168521066997402800e+16 -3.051639763887019520e+17 8.913289597764486000e+15 4.114437288380611200e+17 2.654303215735986400e+16 3.299380027997850400e+16 -1.661591418111044200e+16 1.949514196713229760e+17 -5.444403722140772800e+16 6.662733219779599200e+16 1.259051247493175200e+16 1.253204937391618400e+16 1.766223038559506200e+16 1.116418770611313920e+18 -3.640277074239441600e+16 3.548717531911023200e+16 2.441057992279106000e+16 8.903718868403141000e+15 -2.370782262915353600e+16 2.540946213848396000e+16 2.604230572908944384e+18 -1.416439301629298080e+17 4.566307909474548000e+16 4.862691966361488800e+16 -1.588758742997662800e+16 -1.302372529081967800e+16 -9.147899542899634000e+15 4.200213355804094400e+16
-4.336882026289089355e+11 -2.988096141281848755e+11 5.846057184714376221e+11 8.673033979528817139e+11 3.464061218464092407e+11 4.780164475666155243e+10 1.226448452163014832e+11 1.670963597931879997e+10 1.319296704471172333e+10 2.090135943653749466e+10 -4.229123100914138031e+10 3.324802015435776520e+10 5.097541913039171600e+10 1.326834142883201599e+11 2.121614869076583862e+10 2.591719839891897678e+09 -1.328040883015866661e+10 5.414444180064908981e+09 1.564531815065146065e+10 1.718850708756629944e+10 2.220079830999776459e+10 1.204426353415852165e+10 7.758682820427808762e+09 -3.725632566406379700e+09 6.637622474407318115e+09 1.427957055646270370e+10 1.015994613923729897e+10 1.893212478872361660e+09 -8.958140618571504354e+08 -1.200457352663381100e+09 7.103292893295744896e+09 1.377725877064970779e+10 1.935392974398114920e+09 1.055592631464982605e+10 1.346253987004707909e+10 8.426264258858096123e+09 2.871288003016623020e+09 -7.279432891937061310e+09 6.451915357449394226e+09 7.505907690049424767e+06 6.301289154108368874e+09 -4.294183804080929756e+09 -7.656013902710656166e+09 -5.903776064971497536e+09 -3.951325389343377590e+09 -1.189376242332794880e+18 -2.340173132950255680e+17 -7.910679818324870400e+16 5.080558762842893440e+17 -1.296422800497535232e+18 -6.110537132340808800e+16 3.702393323895580800e+17 3.370194886765735200e+16 6.338584328874650400e+16 -6.906515269523128800e+16 -1.438650001483652160e+17 2.895103498839463680e+17 8.614240140405040000e+16 1.591278602156784960e+17 -4.204436575913259200e+16 -1.338704704813449120e+17 1.512841975878221120e+17 -5.154304462115201000e+15 -1.486936953039641800e+16 2.954804039746105600e+17 4.059259019575028480e+17 9.824142621090388800e+16 1.020164808074911680e+17 3.836686419848390400e+16 1.859449799599094720e+17 2.255062947229651600e+16 1.915321687715335200e+16 -7.929799272258659200e+16 1.043842704516396800e+17 1.730972446969248000e+16 3.639019368053648800e+16 -4.233037878470590500e+15 -2.202346626585974062e+14 7.156512496485864000e+15 1.865332334468232640e+17 1.235883606782788800e+17 4.109053703535340000e+15 -2.238255493954587200e+16 2.821136605569646800e+16 8.274956861656035200e+16 -3.930185359583826500e+15 6.489193976875666000e+15 1.294810953945918600e+16 -3.971873010219898400e+16 9.427059200670195200e+16 -5.517324795734362000e+15 -1.130338314476712200e+16 1.135629870978729000e+16 -7.872727360788858750e+14 2.619302973435529920e+17 2.538863224203580160e+17 8.699498260107697600e+16 2.890026870262996000e+16 -7.814329682928160000e+16 1.429418863534646880e+17 2.874462340880092400e+16 1.773084077015560000e+16 2.154406209699690400e+16 2.596193472313104000e+16 1.857988602275020800e+17 1.349623503380645600e+16 1.646814906119377800e+16 3.882324930577117600e+16 2.616051400483495600e+16 2.524398889247609600e+16 7.731601686764412160e+17 3.527749051476990800e+16 3.749781438886709600e+16 3.531659861852184400e+16 8.255620758706710000e+15 2.491912665468299600e+16 2.412187709527618240e+17 7.842147489175393000e+15 6.564640106775859200e+16 2.543374497591641600e+16 -6.786455351713409000e+15 -9.460153238057546000e+15 1.923315219973972160e+17 1.109902970441266240e+17 4.099366765109634375e+14 2.068050978153513200e+16 3.818734140534744500e+15 -3.630361996517432000e+15 -1.414359395401180400e+16 1.604409761091455040e+17 2.374557927454284000e+16 2.575678980354258800e+16 1.885518166210993200e+16 -6.288150699910465000e+14 2.053817615619448000e+16 -7.611854324349465600e+16 1.524531268512525120e+17 6.151277911049479000e+15 8.094063370998931000e+15 -1.719686353759199400e+16 1.770814222745278250e+15 4.487114020163100000e+15 -1.556097310529314600e+16
-8.973773888248145752e+11 1.222071647734423676e+11 8.293318080229550171e+10 4.849306296712014008e+10 2.054710338097729797e+11 3.938187330889051514e+11 2.366155411121124878e+11 2.191689915954015350e+10 -5.406523172209401703e+10 -9.171658960381177902e+09 -1.899707878619956207e+10 -3.353421802895320892e+09 2.885145281984994507e+10 5.774028910877203369e+10 1.661708615940030289e+10 -3.957123645115055084e+10 -7.913948455628256798e+09 2.057503503872500420e+09 -1.557246819631415558e+10 -2.192153759161373520e+10 -5.808099365955910683e+09 -4.047678474860750198e+09 1.307349820229898834e+10 1.848344344575732040e+10 -8.099788836321289062e+09 1.126113504986523628e+10 8.391348060975799561e+09 1.483174625415342093e+09 -7.287185459473008156e+09 -7.408512762229496002e+09 -6.363165537410634041e+09 -7.042792090351359367e+09 7.303939920493787766e+09 -4.043125916700031281e+09 3.097479346530126572e+09 -1.406432469540111780e+09 -8.110159075541447639e+09 -5.906621286126220703e+09 1.149731880043334365e+08 -1.344966321884346962e+09 2.379996040728037357e+09 2.329501603385096550e+09 -2.420932640679035664e+09 -4.196126103270832539e+09 2.298993205690239906e+09 -2.732836088421796800e+17 2.272447165709870720e+17 1.212110741768263800e+16 4.371282292359245600e+16 -1.873250755558821120e+18 -1.170422259780375360e+17 -3.694160434879117600e+16 -9.101164590797020800e+16 8.625574462173420800e+16 5.618441006882627200e+16 6.656940482515096800e+16 -6.813549737623992800e+16 5.448747122356531200e+16 6.062477645804754400e+16 1.013120471088456800e+17 2.416535367022538800e+16 -8.409156886315783000e+15 4.618104677374033600e+16 9.663886787407212000e+15 -2.969526070674984800e+16 -2.158534939765670080e+17 4.214414986811276000e+16 1.029743975561320320e+17 4.358920881433080500e+15 -3.330668071375680000e+16 5.458911815745059200e+16 2.532092382471120800e+16 3.649968747553924000e+16 -2.015361480481074400e+16 -8.564885142421583000e+15 7.170379480773123000e+15 -9.098178664081480000e+15 2.873244528882482560e+17 1.090403886880237760e+17 2.719994793015050800e+16 2.656641075107358400e+16 6.064892611338620000e+16 -1.588795968525469250e+15 -6.606368458235873000e+15 4.091054824820931200e+16 3.809625736063617600e+16 3.210967883293917500e+15 4.616683040625462000e+15 2.891783138445031200e+16 1.325269725754543200e+16 7.052212265942064000e+16 1.828569803238771500e+15 8.910466843300141000e+15 2.736822688277584800e+16 9.338161751696296000e+16 -1.194349025312148960e+17 4.695019495937152000e+16 3.918135973582754400e+16 -7.813841204825526000e+15 2.344571407106136000e+16 3.699562339264917600e+16 -1.987016277106054375e+14 -1.026934759992566400e+16 -6.437866045688548800e+16 2.862913910467890800e+16 7.870349156562398400e+16 4.975679781207746000e+15 1.109298074561080600e+16 1.633464564650056000e+16 -2.607979669474774400e+16 3.527749051476990800e+16 4.722129427969040640e+17 3.805306657045455200e+16 2.210832528848554400e+16 1.859454440851196400e+16 2.414885682243546400e+16 2.067761538177006400e+17 -3.858180198852509600e+16 -5.741098703210703200e+16 3.928999372581197600e+16 1.126712912354951800e+16 -1.263583286220385200e+16 3.124358554378042400e+16 2.265058843626471200e+16 3.652079421533142400e+16 -8.929059249792509000e+15 -8.714834423031051000e+15 -3.555421932515435000e+15 -1.085925394737054400e+16 1.610170287993071000e+16 6.191100143619303200e+16 9.603388837340126000e+15 -4.921855315724920000e+15 7.331334687911693000e+15 2.283703752368431500e+15 6.584284158837935000e+15 1.329258980739990000e+16 4.899630295527859200e+16 4.923331340021901000e+15 -1.154731023782084400e+16 3.301837807824379500e+15 3.714876800928461500e+15 -3.585742858457038750e+14
-6.597043247404797363e+11 -4.216863389386871948e+11 -7.622974985595251083e+09 2.517199684172857285e+10 -1.449715445353767872e+09 2.128003991508229065e+10 1.955700835409138184e+11 1.788500515849997559e+11 1.073938520985725098e+11 2.477466506226400757e+10 1.982896072335768890e+10 2.209433011992315292e+10 5.332849381081274414e+10 6.576586123114181519e+10 4.125151290003417206e+10 -1.457684659351863480e+10 -4.649535135053242683e+09 1.216385602990362930e+10 1.952065718086659908e+09 6.258266296695094109e+09 8.629476876090583801e+09 2.949775666200834274e+09 3.822736731132067680e+09 1.823046588114854431e+10 1.185547564110008430e+10 1.616433395371878052e+10 6.782350808711422920e+09 -1.357443678416489601e+09 3.179148654102941036e+09 -1.038265463871234894e+10 7.463120922303667665e+07 2.058678834199669123e+09 -8.508599645140654564e+09 -1.082770262522144699e+10 5.141380108299964666e+08 -6.674412233720780373e+09 5.988331305184905052e+09 1.388846335770489216e+09 -3.294017743985383034e+09 -6.144945964876202583e+09 -4.028303408495080948e+09 6.013906833421013355e+08 1.136026424426249504e+09 3.353070454615185261e+09 -1.827484633659431934e+09 -1.124943196135659040e+17 -3.565787585767436800e+17 -2.574912280143765440e+17 1.318768264945850560e+17 -1.221623393990239360e+17 -2.488372933788736800e+16 2.675952866418692000e+15 -2.112179543566310080e+17 5.010416142573518400e+16 9.272892334147563200e+16 2.124515122637961600e+17 1.122580781669265440e+17 -1.300884295259551000e+15 4.703738662418958400e+16 6.366671902773951200e+16 -8.892269798642636000e+15 3.296243465444827200e+16 8.733690477028323200e+16 7.870148480459105600e+16 -2.980082327568145920e+17 3.712813374286266880e+17 1.702621518065425800e+16 9.793418206478234000e+15 -1.599337780533048400e+16 3.608366538387828800e+16 4.235685083321608000e+16 2.304577046503857600e+16 -3.160131667254527600e+16 -8.867905720178155000e+15 -4.074254951354161500e+15 3.900057424894448000e+16 -2.418454587743584500e+15 1.272217239229947000e+16 5.034830970836073000e+15 4.387628186197996000e+16 4.925600524354772000e+16 2.881262950517474000e+16 4.560286963868573600e+16 3.486346028902822000e+16 4.650622769913734000e+15 1.898369813664858400e+16 3.005074204656461600e+16 -1.172153201501168250e+15 -4.707474023540688800e+16 2.160307182062526000e+16 6.766927652570459000e+15 3.897517027136505600e+16 7.323809507581755000e+15 1.565182498794892200e+16 -2.039668913037061200e+16 -1.094087222488200160e+17 6.467522855098688800e+16 7.197761521833044000e+16 -2.517517758589642000e+16 2.622231152087161000e+15 1.881149655392947600e+16 3.798570289684303200e+16 2.063402500654039600e+16 -2.513489537322186000e+16 1.682595814439470000e+16 2.234212815399844400e+16 4.587112628641332800e+16 1.962041380249928800e+16 1.801591315684878400e+16 -4.779922328888366400e+16 3.749781438886709600e+16 3.805306657045455200e+16 2.905249632969656960e+17 3.412924047504191200e+16 1.877405560211712400e+16 4.364859904565209600e+16 2.136706227484351680e+17 5.878349963467898400e+16 -6.202266249555120000e+16 1.505924117621045600e+16 1.180980685337232400e+16 -5.123732673344861000e+15 1.146146974653928960e+17 2.951030806779058800e+16 1.012369946051057800e+16 1.139384647216493200e+16 9.438223452973712000e+15 1.049576812045067800e+16 1.261679418982712200e+16 2.260603135617012000e+16 2.203653300392581200e+16 4.054266834111715200e+16 1.354175897666302200e+16 1.406220832742199200e+16 1.743605636556861400e+16 -4.256285425741788800e+16 -3.193265952978257000e+15 9.964291992979245000e+14 2.176532962293472000e+16 -1.878582016896501250e+15 -4.830455501506345000e+14 3.309723797654353000e+15 -7.388147933546850000e+15
-1.524720073931748962e+10 -3.492073367371486206e+11 -2.129699097161883240e+11 -6.715156725975665283e+10 2.163062246881982803e+10 -2.273130633436598206e+10 -4.495250099628507233e+10 2.244124177841134262e+10 6.099727077441661835e+10 8.494144965155154419e+10 5.252138574415693665e+10 -1.363503078058485031e+10 6.914574891155978394e+10 8.518659323226748657e+10 4.875330519450662994e+10 -1.039982897148696482e+08 3.261533789303381920e+09 -2.942665706871262550e+09 4.953309379214298248e+09 -7.948751632905566216e+09 1.243544903637997818e+10 -2.249548442925747395e+09 -1.416883079292037773e+10 -4.611268448649035454e+09 1.978381168090485096e+09 7.505410582849349022e+09 7.311041544646616936e+09 5.829416315295514107e+09 7.014654738946373940e+09 5.190751967248310089e+09 -5.076877462252176285e+09 4.997191050753434300e+08 4.721195047956800461e+09 1.626019355890153050e+08 2.129962333480821133e+09 -7.277458679039405584e+08 -4.787213617889450788e+08 -2.862576389348128796e+09 -1.937734830077356577e+09 -8.767068658118147850e+08 3.647118601942527294e+09 -2.129194548412438393e+09 1.060298605947374105e+09 4.436446753225344419e+08 4.271898466151627064e+09 -9.337016010657451520e+17 -5.712559691481166400e+16 -8.160107896649608000e+16 1.262456966944846400e+16 -2.842263349076271500e+15 7.190560276481610400e+16 9.040084035692818000e+15 -3.955042786574328000e+16 2.281023125722071200e+16 4.167893257284101600e+16 2.743801792623389120e+17 1.791973075928234800e+16 7.559742528332506000e+15 -2.601491069463126400e+16 -1.417334786546932000e+16 -3.557198218010217200e+16 -1.139354474642645400e+16 -6.581699726023468000e+15 -2.875359364416924000e+15 -1.653431912317325440e+17 5.526649835613549440e+17 -2.788101651469878800e+16 3.161446738582540000e+16 7.244672098062028000e+15 -7.095541380471604000e+15 9.031844726863510000e+15 -1.441858772161471200e+16 -4.919823406261923000e+15 -1.023646640239826600e+16 3.059593768625105000e+15 1.328063980570611800e+16 4.204207881897788000e+16 -1.224130965109808250e+15 -3.660095627934390400e+16 4.662553483056609600e+16 -2.031014930917114400e+16 -8.600276003511879000e+15 -1.163529895833081000e+16 1.438175883190749800e+16 -6.665184294773579000e+15 5.942889309075529000e+15 1.243164829058165750e+15 2.546203822981311200e+16 -2.674842452172704000e+16 -4.020559867005302000e+15 1.054798117581856800e+16 -1.912144402861318000e+16 3.146557814359673500e+15 6.262486858061598000e+15 1.681107119072537920e+17 -6.887283867846310400e+16 4.700626889660347200e+16 1.478934601234102800e+16 -7.907127838074561600e+16 4.370314165900970400e+16 2.459162603321592000e+16 1.901413210354605600e+16 3.905068690474640800e+16 1.039592787689301600e+16 3.275620254968561600e+16 1.274471001977911400e+16 1.222859081599880400e+16 3.136629992858127200e+16 1.962389428664975600e+16 -2.883687506475488800e+16 3.531659861852184400e+16 2.210832528848554400e+16 3.412924047504191200e+16 2.477931532946916160e+17 2.956212206733246400e+16 4.293394515751341600e+16 1.334685447407504320e+17 1.629328177343760200e+16 6.352238687703250400e+16 8.011908720551551000e+15 -2.462122832087787000e+15 1.084938075099043400e+16 9.629571592847996800e+16 2.188013228384774400e+16 1.793178813298036400e+16 7.977774513290585000e+15 1.136131697184314600e+16 -2.712836312867814000e+15 -3.091573947478272400e+16 1.855313573847036800e+16 1.817736817968455200e+16 8.985289629006133000e+15 2.656081046839226400e+16 1.371549731643139400e+16 2.077359201804647200e+16 -2.668542661229964400e+16 -7.068615399065122000e+15 4.096625853734340000e+15 -1.026036687755931400e+16 1.708781301178398600e+16 -7.630819724496258000e+15 1.176788538585647200e+16 6.122348816688245000e+15
2.633998397753664551e+11 1.988213891590692139e+10 8.265797029533108521e+10 3.724078677616947937e+10 -4.836350833817216492e+10 -9.283251157467420578e+09 8.475520311515677452e+09 -2.611668245459302902e+10 1.160376278459098625e+10 3.800344494232254028e+10 4.961863429734320068e+10 5.747945252980897522e+10 6.846197209581092072e+10 7.192763559473063660e+10 4.932509264291268921e+10 1.536210157716369867e+09 1.548526163791662788e+10 7.619643150668729782e+09 1.489141291455838394e+10 6.372230854417613029e+09 2.182310273643176079e+09 6.819376745358572960e+09 -8.103360147501548767e+09 1.428866311582262039e+09 1.713291273768029213e+09 1.719383515767507315e+09 1.325317115472501278e+09 7.179160942253122330e+09 4.831327132920121193e+09 3.026143451001483440e+09 9.378685482861934662e+09 -1.180964713465563297e+09 2.219138519346790314e+09 4.231431682620123625e+08 3.265779988451410532e+08 1.662313068979550898e+08 3.028168004645455360e+09 6.667032098025730848e+08 7.894712902473537922e+08 1.297849321810028076e+09 1.158490203749831915e+09 -3.490578991823219657e+08 1.895816199085772276e+09 4.339963302045488358e+09 -5.266990583434524536e+09 2.980169518569366400e+17 -7.917669605580192000e+16 9.261520340880670400e+16 9.091179048320830400e+16 -1.789756272617908800e+17 3.022544371254287200e+16 7.472526894732016000e+16 1.552535356272639800e+16 5.647495819841252800e+16 5.216232475040586400e+16 -4.678873694432805120e+17 -4.011864468024876500e+15 3.548901763954788800e+16 -1.283803845283292200e+16 1.902206202749147600e+16 2.890054208023974800e+16 -3.320506381649284800e+16 1.082182333497500875e+15 5.977455897581758400e+16 -1.395550380258646240e+17 2.869124611600928960e+17 -2.226927446303693600e+16 -1.084150836482999600e+16 2.459257463944086400e+16 -1.831800683035161600e+16 -1.086081376321097000e+16 -2.026493003245862800e+16 -9.296511469060526000e+15 1.026713321854595200e+16 -1.877467035946684000e+16 -1.556949884265790250e+15 1.457970876375937000e+16 2.767978641751016000e+16 -6.273415231865207000e+15 -1.742282955282175040e+17 1.703914576769658800e+16 2.279504841339620400e+16 -2.686722444695457600e+16 7.480491383822056000e+16 2.418396756874210000e+16 1.482093987955172800e+16 7.476145457890514000e+15 6.781543073809265000e+15 2.544445640073175600e+16 -2.617279933745967600e+16 2.023484732772438000e+16 9.568735202792636000e+15 8.915463523588608000e+15 2.451808925061284800e+16 -8.731452772515617600e+16 -1.405653518708913760e+17 7.310129010864980000e+15 -4.648772104192717500e+14 6.464730396308138400e+16 5.436974987307315000e+15 1.025029662204124400e+16 7.683288644010796000e+15 1.311888193663980600e+16 3.146940509031920400e+16 1.314445324865449000e+16 1.339827413287038000e+16 1.489035275284826800e+16 2.262412984218986400e+16 4.728686553502235200e+16 2.250504475013663600e+16 8.255620758706710000e+15 1.859454440851196400e+16 1.877405560211712400e+16 2.956212206733246400e+16 1.720777631630348480e+17 4.337994573194988800e+16 1.717112758572240000e+16 -6.688485921497279000e+15 -1.184929135062534000e+16 -8.283086758054892500e+14 -2.463225565023177500e+15 -2.446647224438052188e+14 -5.779281481835237500e+14 1.311340083934953200e+16 3.871807714886987500e+15 6.676161619325791000e+15 1.284466348899949800e+16 2.198831834382906000e+16 -3.016483262439306000e+15 2.223864223972711200e+16 1.033407749552855200e+16 1.592123261916970750e+15 9.286758448839668000e+15 1.866025721553925600e+16 1.364393291541854400e+16 7.909513415508431000e+15 8.454803500848515000e+15 8.749103821991275000e+15 6.436391853096659000e+15 7.171334292481988000e+15 7.784604611907865000e+15 1.113224458244429600e+16 -3.082684593487156250e+14
-2.651190303746446533e+11 -2.527819602560991211e+11 -2.114524637064012756e+11 -6.893397123094975281e+10 -5.061033544297901154e+10 -5.299350647463140869e+10 6.166233350027818298e+10 6.355210122492038727e+09 4.836043610199329376e+10 -1.199761956391777039e+10 7.474391545683895111e+09 2.399279385535600662e+10 9.445112044511227417e+10 1.159356143609548950e+11 3.437715302896463013e+10 -4.020130331853884888e+10 5.116660953965013504e+09 1.749352021875562286e+10 3.353745583710108280e+09 1.651152211238022089e+09 -7.783739678321110725e+09 -3.760653422310206604e+10 -2.935118958259224892e+09 -5.831687930748443604e+09 1.760600465359182358e+09 1.952247133882193804e+09 -6.793747133557461739e+09 -1.717219308896297216e+09 8.729863303936067581e+09 -1.330189133500823212e+10 -2.131535275417236567e+09 -1.022976790142832947e+10 -4.995749317677262306e+09 1.812191439352515697e+09 -7.547158243519356728e+09 1.680896412915718555e+09 -2.027873140903296232e+09 -4.394042532745248795e+09 1.211639440115023136e+09 4.633670362294174194e+09 8.883810497264844894e+09 8.166389752937734604e+09 -2.798366254500252724e+09 -3.995130350964152336e+09 7.701902711598168373e+09 4.678808880600892160e+17 -1.267738282950094400e+17 3.145624902872905200e+16 1.005791787856286080e+17 -1.125208076562686720e+18 1.403958882862797800e+16 2.447095335898876000e+16 -2.125569227222053600e+16 1.694009807500309500e+15 -1.079591829319352600e+16 -1.526389129485721600e+17 -2.837498497992272000e+16 -5.659382991339372800e+16 -5.173817427072744800e+16 -9.868134765827030000e+15 4.681682341524762400e+16 -5.864220738850333600e+16 3.996213935778061600e+16 2.156902701124803200e+16 -4.643167077827264800e+16 1.770521343823068160e+17 8.849631884575017000e+15 -3.426461488597372000e+16 5.473233829542602400e+16 5.158570222095657000e+15 1.259842410301433500e+15 1.224996921643381600e+16 1.305428130379262080e+17 -2.096980255862575000e+14 2.006395919801730800e+16 -6.572771690841318000e+15 2.640138670454882000e+16 -1.852507670386271040e+17 -9.732274489459427200e+16 1.097118065483630400e+17 3.400245805613729200e+16 1.180676165619865800e+16 2.703293922937966000e+16 -2.709770257807669600e+16 -1.094835120581112400e+16 2.721596334920704000e+16 1.573280452993594000e+16 1.345537983582039200e+16 7.749200120213321600e+16 -2.817030170099724400e+16 4.996702245745290400e+16 1.237738538351423200e+16 -2.728955431870912500e+15 2.980797413372254000e+16 -2.313752594963180480e+17 -7.677547644336899200e+16 -1.001146892747844400e+16 -1.936112972121041750e+15 -2.351780858408598720e+17 1.117890451534825000e+16 3.588299912944766800e+16 1.851869665981046000e+16 2.783083255279978400e+16 9.758002955938118000e+15 -2.466374821891196500e+15 1.409022590660156600e+16 4.349316228263836800e+16 1.834364584483703600e+16 2.507140439277353200e+16 3.168521066997402800e+16 2.491912665468299600e+16 2.414885682243546400e+16 4.364859904565209600e+16 4.293394515751341600e+16 4.337994573194988800e+16 5.008454211237823360e+17 7.664242300797560000e+16 -1.132977239039602800e+16 8.518704085793678400e+16 -2.201500630564270400e+16 7.967956363042096000e+15 1.300457692913213800e+16 -1.131354764327341000e+16 -1.909740090105974400e+16 8.320855205325802500e+14 -1.976025019830775500e+15 1.445020108025384750e+15 9.206706378764704000e+15 -2.701031726946612000e+16 -7.504356945389259000e+15 1.330682258622789200e+16 1.755433751994710250e+15 1.409726732125670600e+16 1.326222226327228000e+16 3.615331544960092000e+16 3.306226815063557500e+15 -1.092817260033940000e+16 -3.650728992556352500e+15 -7.271439548128470000e+15 8.617002509481618750e+14 1.445674867648617200e+16 5.835429946780407000e+15 -1.390586998453118400e+16
1.059058920855237793e+12 -7.445139570847557373e+11 -7.253594006667967224e+10 2.178364362936119995e+11 -2.073747691513888836e+09 2.930146011083424072e+11 9.094283126988360596e+11 4.081402123460274658e+11 6.208814011685599365e+11 2.343821210130484924e+11 -2.966806093021143188e+11 -1.377916514631115112e+11 3.349161831843171387e+11 2.604652172844146118e+11 3.487968696733240509e+10 -6.723207786440689087e+10 1.701930481788252563e+11 1.384438542359271545e+11 1.573866371058937988e+11 1.318031236259751740e+11 4.052673356793544769e+10 5.598241971489651680e+09 -2.522439583048736954e+10 -2.851269825854498291e+10 1.635429816368595064e+08 1.129426690399287415e+11 3.570694684786733150e+09 9.180346183479887390e+10 3.516293802021887302e+09 6.307926030582904816e+10 1.448712775326423836e+10 -1.585902126576662540e+09 -1.707731278933949089e+10 1.730915485353137970e+10 3.334453932527003479e+10 -1.708413532856663895e+10 -2.029206735003256226e+10 -2.579137208600250244e+10 -2.002943068689356613e+10 3.245603129872235489e+10 -9.183579048135341644e+09 4.347148998988435745e+09 -5.944750372892289162e+09 -2.091163660293883896e+10 -5.355804730153285980e+10 -1.129571668217742131e+19 -9.034494494409598720e+17 -4.520662297164300800e+17 -6.495390253313960960e+17 4.187044252401231872e+18 2.919106424641706880e+17 6.652430494711920640e+17 -3.051409035838600320e+17 -1.433373444792941280e+17 -2.311810993755401920e+17 -4.717890740382160896e+18 3.179956329277480320e+17 -1.162411924902707360e+17 2.957877042138183040e+17 -3.605644874769905280e+17 1.775801509622039360e+17 5.231413353545731840e+17 2.470975073991537280e+17 5.578229176728916000e+16 3.314675249432993920e+17 5.601931806090909440e+17 3.999416692210996800e+16 8.166671627294161600e+16 1.156521560193350144e+18 -3.226327948625001200e+16 7.443023709252868800e+16 3.795470840826684160e+17 1.229510087627065760e+17 2.341933287982061760e+17 -1.301189257737751680e+17 1.825447322295959360e+17 5.550233198946870400e+16 -1.598504137207937600e+17 1.995416735561321920e+17 -2.560835510694351360e+18 2.685925662066772800e+17 9.175071043699324800e+16 2.824481919440751360e+17 2.446152178304780160e+17 2.429671483896799040e+17 1.228628829434915040e+17 2.057777356044930880e+17 5.539633440396207200e+16 -3.654051333770512640e+17 2.439056415726615360e+17 1.713185776499046720e+17 1.629143379061909760e+17 8.111986261848331200e+16 -1.876452116220895600e+16 8.854617499935804160e+17 3.345505130337378560e+17 9.407725340028359680e+17 2.650905823971687040e+17 1.741526447207347968e+18 -6.526919386694932800e+16 2.335666739321874560e+17 1.622756429558998400e+17 2.750466082980363600e+16 1.652145172842843200e+17 1.964902639011359360e+17 5.316721376556182400e+16 1.954953148182550720e+17 -3.435303313227777600e+16 4.428677969804587200e+16 -3.051639763887019520e+17 2.412187709527618240e+17 2.067761538177006400e+17 2.136706227484351680e+17 1.334685447407504320e+17 1.717112758572240000e+16 7.664242300797560000e+16 2.494222392346541670e+19 5.600991607018526080e+17 2.119185929075068000e+16 2.378912745766955520e+17 -4.464261210626590400e+16 1.641301441678160320e+17 -4.932450899643190000e+15 -1.944686218592359680e+17 1.544052451667435200e+17 4.972793044156727500e+14 -6.774744112826008000e+16 7.561213789719996800e+16 9.997351958191627200e+16 1.208688640070421120e+17 2.145411061822249920e+17 6.917626550257657600e+16 4.404026800652724000e+16 -6.675834201402863000e+15 6.948150779271251200e+16 -7.703200101823731200e+16 1.256520912888816600e+16 7.446916528324833600e+16 5.563120072558982400e+16 5.229493310289460800e+16 -1.139300331709769120e+17 -1.079890711222088400e+16 1.451923239466350080e+17
2.484463512469291382e+11 -6.796379183457016602e+11 2.060521414313741150e+11 9.085493858999537659e+10 -8.553385788381962585e+10 7.060504577455511093e+09 9.410989318578083801e+10 4.081363569541456299e+11 2.725799969705848083e+11 1.732467911179576111e+10 1.244196646779529381e+10 -2.274117117056290054e+10 -3.310586228686520386e+10 2.278520334153888321e+10 4.208092906292110443e+10 5.293102404994448090e+10 -1.859446982610686493e+10 9.167378774246875763e+09 3.629250643980931854e+10 5.092059890654916763e+09 5.679890534010597229e+09 -1.455827173661468697e+10 -1.211032184802015305e+10 2.006240702151483536e+10 -6.864148654992866516e+08 -9.183766408004934311e+09 -1.776026048421478653e+10 -1.390154740303826523e+10 1.411932042196667290e+10 1.549021826452419281e+09 4.431412825006674767e+09 4.164848058156085014e+09 -6.295673257964762688e+09 -1.117825228684327507e+10 -2.249237677782870102e+10 -1.035329671746590614e+10 3.533800595565786362e+09 1.398299029728197813e+09 -3.936438864451687336e+09 -1.215187533953400230e+10 7.856378151988963127e+09 8.952981323145406246e+08 2.805394345424385071e+09 -3.370955966027195454e+09 -4.737737559362667084e+09 -7.779375716620289280e+17 2.545459020285668000e+16 3.512351294586337920e+17 -2.488945424690797120e+17 -1.283130745828856640e+17 -2.124302677555005760e+17 -5.716583180386066400e+16 -7.759056640027137600e+16 -8.679094124419395200e+16 -8.853428874306712000e+16 8.160625008047962880e+17 -2.061695207347898880e+17 4.142629875381859200e+16 6.017304311444547200e+16 -8.161250264416896000e+16 -6.516868481892619200e+16 1.683049853351483520e+17 9.259085242553796000e+15 1.926166426244843520e+17 -4.995425206375039360e+17 2.891118533892361600e+17 7.651767686550499200e+16 5.483585113533613600e+16 2.736960724668297000e+15 7.283913918298737600e+16 6.165557120024216800e+16 9.423766360161827200e+16 4.089975510415482400e+16 1.122735445856722720e+17 2.798124020191795200e+16 5.530876704534849600e+16 -8.570373082939636250e+14 -3.461766102606868480e+17 2.761956534466394400e+16 4.199746460485292160e+17 4.263991600327109000e+15 6.287511760365292800e+16 1.053410513892588320e+17 3.788413160319420000e+15 7.100186714139860000e+15 6.481697195978790000e+15 4.463840771620101600e+16 2.521332666079049500e+15 5.174878774642923200e+16 3.545008957375387200e+16 -5.312465127384312800e+16 3.294973599866804800e+16 -1.374050798086304400e+16 6.703868615515954400e+16 -5.361753827423998400e+16 -4.599201991346460800e+17 7.447773376429836800e+16 2.072664635644774720e+17 -4.104867618189066240e+17 1.227837228546670800e+16 1.843484250216826400e+16 6.642385586739718400e+16 7.024669203668449600e+16 -7.150124940148072000e+16 2.552196446060036000e+15 3.008588502290903600e+16 3.919768623633935200e+16 5.893453272609497000e+15 -4.769339295748354000e+15 8.913289597764486000e+15 7.842147489175393000e+15 -3.858180198852509600e+16 5.878349963467898400e+16 1.629328177343760200e+16 -6.688485921497279000e+15 -1.132977239039602800e+16 5.600991607018526080e+17 1.308739523072472064e+18 -9.150900320763793600e+16 2.700235565964924000e+16 9.750198714310438400e+16 3.187029928544524800e+16 1.204933355944037280e+17 -4.006712237459090400e+16 3.058306106669297600e+16 6.666463709980573600e+16 -1.047428701086284000e+16 -8.348091051793520000e+15 6.649619971459009600e+16 -9.989807521853337500e+14 1.681500764314090400e+16 6.109797504459751200e+16 1.356379748306188800e+16 6.767991557886059000e+15 -5.215288149677653000e+15 -5.026770650806379200e+16 -3.939542752275196000e+16 1.149495832548336200e+16 8.028862456699494400e+16 1.348500657800212800e+16 1.466780328870614800e+16 3.361619622518668000e+15 4.095238516908201600e+16
4.851914292389707031e+11 4.780640581233806152e+11 -3.021327387942882690e+11 -5.106969293991730347e+11 7.368522765197036133e+11 4.614281857112790527e+11 3.717292897371881714e+11 -2.652545499146500549e+11 -3.639160727408709717e+11 -7.636054188273263550e+10 1.167455425133474121e+11 2.519208917948076248e+10 -2.325579024311618805e+10 1.136207398945867615e+11 6.627102653012222290e+10 -7.683826321815464783e+10 -4.245187650288665009e+10 -3.738208147683469391e+10 -1.852721251247774658e+11 -7.857123044595964050e+10 -2.256087004805403519e+10 7.856568720172091675e+10 -9.121673048021182251e+10 1.769818037276651621e+09 2.155503378821536636e+10 -4.509901992758873749e+10 -2.265425327105360031e+10 -2.374630185046430206e+10 -7.875995199555780029e+10 -3.570004939526732635e+10 1.729451705836464691e+10 -5.512341809392759705e+10 -5.421360523063636780e+10 1.549444415319042015e+10 -3.592544092382254028e+10 -1.292209633831886864e+10 4.112358351834904194e+09 3.073097811954396820e+10 -4.411496630358891296e+10 6.215757779118415117e+08 1.320692713327654839e+10 1.868691916416888428e+10 8.892873993550347090e+08 -5.277456192471864319e+10 -1.902874186226505280e+10 -5.699314256905545728e+18 -1.476829179646677504e+18 -6.564003653931713280e+17 4.182664686005608960e+17 1.056578545344918323e+19 3.928197788695057920e+17 1.629107163298513600e+17 4.346797366141983360e+17 -3.016982052882643840e+17 -1.247870464774265440e+17 3.504756440182696448e+18 1.031362149722230400e+18 7.658334827651767040e+17 2.001352836423578880e+17 -2.528970392096168320e+17 8.398343451440348160e+17 2.526025165596293760e+17 -4.681937235967010560e+17 1.731284111224318720e+17 1.887724715507027200e+18 -4.186457639636604160e+17 -1.724847105375021000e+16 -5.885419223770277600e+16 6.961735297373744640e+17 -2.595162704136701200e+16 -3.446668839208335200e+16 -1.490074547698959360e+17 3.288232421314254720e+17 3.716374622379115200e+16 -7.419011945931243200e+16 -3.713390721265734400e+17 3.590985461054134000e+16 -3.827553717920417920e+17 -4.180395225885848320e+17 -2.539373343282430976e+18 2.841415034631722500e+15 -4.237371046842622400e+16 -6.728792880237874400e+16 3.778151700715808640e+17 -4.409636563221870400e+16 2.089809699854266560e+17 2.618014134824290400e+16 1.012328073893923520e+17 5.255537672893721600e+17 7.911384885273368000e+16 -2.729887506694423000e+15 -3.489721439846967680e+17 -3.144649113970374800e+16 -1.109941638613041440e+17 7.570947030833192960e+17 1.839253622936721920e+18 1.676986765528721280e+17 -6.690767173847548800e+16 -1.921789036427993280e+17 4.484850111060839680e+17 -1.786892593229805200e+16 -2.924477004269876800e+16 4.048463538234235200e+16 4.259540249951539200e+16 1.829200507080469120e+17 7.792250229088739200e+16 -7.895895360065886400e+16 -4.865223477484924800e+16 -5.758541246737164800e+16 4.114437288380611200e+17 6.564640106775859200e+16 -5.741098703210703200e+16 -6.202266249555120000e+16 6.352238687703250400e+16 -1.184929135062534000e+16 8.518704085793678400e+16 2.119185929075068000e+16 -9.150900320763793600e+16 2.605978502990158234e+19 1.653091742278763200e+17 -1.210424798536958080e+17 5.762860533563628000e+16 -1.557968175635921408e+18 4.193989398968100480e+17 -9.515581919049464000e+15 3.602588953163336800e+16 -7.279585304308714000e+15 -1.941597010790415200e+16 3.327502103644677760e+17 1.819514724938928320e+17 -9.440112868983214400e+16 -3.612490428016669600e+16 -7.522800809822345000e+15 -1.267262467673452600e+16 -4.400494368603663200e+16 2.736308889088741120e+17 8.018157524618121600e+16 6.084055304931828000e+16 -9.517949326996776000e+16 -4.934071224725763200e+16 -7.748011098615054400e+16 1.823212479396676400e+16 9.323338049782828800e+16
-7.069229835804489746e+11 -1.056440908627916718e+11 1.189746924223967133e+11 -5.544333930697201538e+10 5.642912267348638153e+10 3.548226703285437012e+11 2.555469313990243835e+11 3.435428705541718674e+10 4.317951646935325623e+09 1.331387799359851227e+11 8.734569042277261353e+10 1.867448929019018555e+10 -4.077622328918671417e+10 3.094528262272654724e+10 3.334530912821040726e+10 5.867797083682209778e+10 2.125389572021798325e+10 -1.548611251371656895e+09 2.910098014900462151e+09 2.814486906734733963e+10 1.803609604291433334e+10 1.163751957560216904e+10 -8.066934206658904254e+07 2.100651777648289490e+10 1.770997638130485535e+10 9.165482960076049805e+09 4.075002575928153515e+09 1.958109953832574368e+09 7.335838821351413727e+09 2.342110385930190659e+10 1.935093939382719517e+09 -8.700426662123583555e+08 2.525805470865028381e+09 -1.314045030425649166e+09 2.399437544215500832e+09 -1.949925333919884443e+09 -3.442863742645595074e+08 8.576044804218292236e+09 2.422459126387375355e+09 -1.002758437179524994e+10 -2.744312012571651936e+09 9.753031348177556992e+09 6.981056845817692757e+09 2.314007346385117531e+09 4.035906075695241451e+09 2.781970358520635840e+17 4.474060732756103680e+17 -9.796304937999854400e+16 -2.137459787676061120e+17 -1.024011346629031168e+18 3.089500114373184000e+15 -8.031054770012454400e+16 6.806289769068732000e+16 -8.730825423708292800e+16 3.546007904469349600e+16 1.645778041166225280e+17 -4.487882286042852800e+16 1.627911176717729920e+17 1.238990328411665280e+17 6.433765372690191200e+16 -7.232598108776118000e+15 6.754053680203432000e+16 3.485877404532962000e+16 8.532892284630619200e+16 -8.989342170690927360e+17 5.026608513933964800e+17 7.427868460850673600e+16 1.197318778096052320e+17 -7.990263699181572800e+16 -1.069964466764732000e+16 5.266813766026148800e+16 8.704292464961720000e+15 7.675594278386193600e+16 2.298930176200216400e+16 4.074719613802279200e+16 2.022251568287937600e+16 4.111710720802529600e+16 2.036653232955172800e+17 8.620415942692464000e+16 5.277738825647788800e+17 2.824741640625654400e+16 4.222672792238205600e+16 1.784557912608394000e+16 7.918231918997654400e+16 2.737391098935591500e+15 5.234708416600205600e+16 2.779509541437984400e+16 3.342503531652425200e+16 8.568607136482988800e+16 -4.488747631049686400e+16 3.433170025594885600e+16 3.055244668559302400e+16 8.916133481521934000e+15 1.426544005503251200e+16 1.317100273561704960e+17 -2.524586617669367600e+16 6.694450015486440800e+16 1.025723323598593800e+16 2.277603887673918400e+17 1.946124535995102800e+16 6.850111454648747200e+16 2.606486717088297600e+16 4.403081624618395200e+16 -1.126502261370816000e+16 -2.194217410264832000e+16 4.369834565169686400e+16 1.466153750801951800e+16 -1.191560711171126800e+16 -9.838517088024884000e+15 2.654303215735986400e+16 2.543374497591641600e+16 3.928999372581197600e+16 1.505924117621045600e+16 8.011908720551551000e+15 -8.283086758054892500e+14 -2.201500630564270400e+16 2.378912745766955520e+17 2.700235565964924000e+16 1.653091742278763200e+17 7.110668868669766400e+17 4.406099506795047200e+16 2.238330926295478800e+16 -2.610524790538273200e+16 4.040059679782725500e+15 6.196171136789414400e+16 1.095400221952850400e+16 2.133079934262236400e+16 1.067320485571836600e+16 -9.855271334639326000e+15 2.108682554819098400e+16 4.531663429326754400e+16 2.503725947021665600e+16 1.794056530125490000e+16 9.544412703992204000e+15 -2.044251387977145625e+14 -5.251920039809470625e+14 -2.077953616217296000e+15 3.964413745077512800e+16 1.908819949176672000e+16 2.788288487020449200e+16 1.164880651987894200e+16 1.173349297934846600e+16 2.678353449073474500e+15
-1.250495133125764618e+11 7.914309475619248962e+10 1.472087539195982666e+11 6.366860377561256409e+10 8.011708517783525085e+10 5.397388861706311035e+10 1.547544330534843445e+11 1.625906529090378723e+11 1.258304781367603455e+11 9.542577790082154846e+10 3.697058044843232727e+10 -3.950085551529673100e+09 -1.566365475339580345e+10 1.907882313680068970e+10 2.771289701006439972e+10 4.700391873212953186e+10 1.444493015712752533e+10 4.493564807526718140e+09 -3.164221952461290836e+09 1.794287745144668102e+09 4.390307920389191628e+09 -2.749981517988550067e+08 5.636905121527587891e+09 2.780270006835675716e+09 3.284756995542977810e+09 -1.586473104537001133e+09 -1.375703764237071991e+09 2.891456987031872749e+09 1.080412756731800842e+10 6.103216912931894302e+09 1.781847898735294819e+09 2.158567267701850414e+09 8.633810211761571884e+09 5.195633169985003471e+09 -2.620859236191098213e+09 -3.258785919759764671e+09 4.089073509940988064e+09 4.833401990686420441e+09 3.371616499932810783e+09 -4.732781132920371056e+09 2.762377658056613922e+09 7.970826021081716537e+09 -7.582931736311814785e+08 7.319353963251347542e+08 1.706951898616944790e+09 4.240737182860335360e+17 -2.002349374594394800e+16 -1.049241960423158720e+17 7.885716072314281600e+16 4.618313379135186560e+17 1.348193528673272960e+17 6.947401143666545600e+16 7.151956066142452800e+16 -8.661021653774514000e+15 -2.368582977602972800e+16 4.541367657928788480e+17 4.275436453646023200e+16 1.151071981356903520e+17 4.606942332008924800e+16 5.551553611993874400e+16 3.201160079422951200e+16 4.253610243811900800e+16 3.642815590958077600e+16 3.728485590801340800e+16 -4.554749712190301440e+17 -8.135442786657486400e+16 7.163077428782140000e+16 5.625302806121378400e+16 8.154370233601830400e+16 5.212987287861260000e+15 3.897086042518985600e+16 4.799948060739289600e+16 7.572534831365497600e+16 6.685930686035169000e+15 6.065853014202488800e+16 5.418044322968910400e+16 4.929915742876344800e+16 6.517760021846058400e+16 6.830367202834714400e+16 2.231097643402955840e+17 2.749422726154454400e+16 3.168617220732777200e+16 3.406744613359993600e+16 8.048483714316004800e+16 1.738324602545086800e+16 1.584658506078001000e+16 2.822897854915662400e+16 3.655319421045515200e+16 5.565434149658574400e+16 4.163680796878678500e+15 1.754883627840613600e+16 3.177883010841278400e+16 2.098775304594716000e+16 2.481346781229647500e+15 -4.241553341957575200e+16 -8.135634802749201600e+16 3.919408352252532800e+16 5.323007914192476800e+16 -1.446716458755040320e+17 2.951744715022189200e+16 3.204032135609244000e+16 5.082437951735770400e+16 2.898190901796629200e+16 3.373451983372920800e+16 3.714551555937851500e+15 1.687995489804197800e+16 2.553505812844325600e+16 9.083398808138910000e+15 3.987012521740679500e+15 3.299380027997850400e+16 -6.786455351713409000e+15 1.126712912354951800e+16 1.180980685337232400e+16 -2.462122832087787000e+15 -2.463225565023177500e+15 7.967956363042096000e+15 -4.464261210626590400e+16 9.750198714310438400e+16 -1.210424798536958080e+17 4.406099506795047200e+16 2.093298240943373120e+17 3.800247091097471200e+16 6.055913186571180000e+16 2.983847661067787200e+16 3.902660177480755500e+15 3.704147526041312000e+16 1.823370409276996000e+16 -2.141808242787598500e+15 5.987398804274152000e+16 6.465023152548529000e+15 1.440704373925787200e+16 2.206471840096745200e+16 1.909661301690497600e+16 2.418478695824318500e+15 9.736855099976006000e+15 5.918874504979071200e+16 1.248215607601518200e+16 1.346575767121818200e+16 2.996344141391108800e+16 1.877088893640382800e+16 1.002998226637424200e+16 5.128209860066574000e+15 4.597782164238956000e+15
-4.836975702786820068e+11 1.298694366438429832e+10 1.192827203461039581e+11 3.802152691214203644e+10 5.741428309459855652e+10 4.424009412075234222e+10 7.456126849494689703e+08 -2.621146719061647415e+10 1.139449369303453827e+11 1.605537933468386536e+11 7.995364599110174561e+10 -1.724191833113004684e+10 2.418777582288908005e+10 -3.209527164233061314e+09 3.228988426171109772e+10 3.383284461295889664e+10 1.934159547865553284e+10 9.508522284009380341e+09 3.492986328562157631e+09 8.020487597621969223e+09 5.948590087553806305e+09 8.975075596463407516e+09 -6.799425519316919327e+09 9.776554613626174927e+09 4.230183468729935169e+09 -1.972629272764814138e+09 1.616758472296176910e+09 6.782326229556393623e+09 1.070632484374046135e+10 1.072796223101471710e+10 5.226751841304627061e+08 -1.946345309755417585e+09 -4.304212283415585756e+08 -2.689273002662636280e+09 -1.100828725810081863e+10 -4.836565482082452774e+09 -1.515094399906614542e+09 -3.432521431598443985e+09 6.779467491266197205e+09 2.385085086828019321e+08 -1.154980948234738827e+09 6.827610383552154899e+07 -5.159028676259818077e+09 -1.560024916838517427e+09 3.977787649269308567e+09 -6.830762475669254400e+17 -3.331113774412265600e+16 -2.866740136434148480e+17 2.194531232763053600e+16 4.262373287137194240e+17 2.461119713484779200e+16 9.688194181319225600e+16 7.133087811471773600e+16 5.477761589982448800e+16 -2.351158936464633200e+16 1.394599854728396640e+17 6.795734777087844800e+16 -2.568458368063175200e+16 4.598658321090695200e+16 -2.411912872246452000e+16 -2.600134624234936800e+16 3.411386777321710400e+16 1.582554026551762600e+16 -1.601472582946054200e+16 -3.332547775407509760e+17 3.311141166369708400e+16 8.188957740162227200e+16 2.768441622736286000e+16 5.144918323841398400e+16 3.602821004033560800e+16 3.638813796040561500e+15 2.734945733102451500e+15 1.457855410694542750e+15 6.357467992269722000e+15 4.554307539618865600e+16 3.189010185961926800e+16 3.707758195416671200e+16 6.587775510662366400e+16 -1.047114770524809875e+15 3.197370823394870400e+17 9.109656079074612000e+15 4.824284390213715000e+15 5.556707474505843000e+15 5.481899687472877600e+16 1.532011377510689600e+16 2.614150395844174000e+16 3.259594356783974000e+16 3.120850965849075600e+16 -1.618238785733569800e+16 -1.153493158801991200e+16 -1.332298553407991400e+16 -1.026823754981106000e+16 1.289774577444956200e+16 6.742844646035906000e+15 -6.723656373482773600e+16 1.745466996640778240e+17 2.405815333678685200e+16 8.291174064054592000e+15 6.964223632019924800e+16 1.554822272816192000e+16 3.148277225186754800e+16 3.535910549382506800e+16 5.116700084546666400e+16 4.017303629315889600e+16 8.502894099761195000e+15 1.199634243856749800e+16 5.283471489747609000e+15 1.919787041072837600e+16 -7.173624620861665000e+14 -1.661591418111044200e+16 -9.460153238057546000e+15 -1.263583286220385200e+16 -5.123732673344861000e+15 1.084938075099043400e+16 -2.446647224438052188e+14 1.300457692913213800e+16 1.641301441678160320e+17 3.187029928544524800e+16 5.762860533563628000e+16 2.238330926295478800e+16 3.800247091097471200e+16 2.967250201882385280e+17 -2.247676457076773760e+17 3.166445416574156400e+16 2.520711098375421000e+15 8.660031849935570000e+15 3.205213286459914000e+16 1.493621142547664400e+16 1.935812492764646800e+16 1.296308278892111000e+16 9.911827928485044000e+15 8.012571605226720000e+15 2.163223711591421600e+16 3.869537537159533000e+15 5.903151014199885000e+15 -7.783985483990740000e+15 9.274427375600266000e+15 8.371059191424977000e+15 4.038825180122493500e+15 9.432146572359572000e+15 1.318297386330580400e+16 9.124133060006532000e+15 1.442843113721789800e+16
-8.261813771210657959e+11 1.797281246117907471e+12 2.815133140567849609e+12 -1.586688146560996704e+11 -1.605511090263910828e+11 4.978304476723142090e+11 3.926223220913309326e+11 5.657737771125737305e+11 1.422817262875636902e+11 -8.015307605937828064e+09 -3.200202669400223999e+11 4.676346507106675720e+10 1.592993450527428589e+11 2.130254572698724365e+11 5.422788249799666405e+09 -8.387848614871121407e+09 1.192176003902812958e+11 1.079308880877522850e+10 5.154498085165708160e+10 6.361515379909856415e+10 -2.955060328207513046e+10 -1.374153869055422211e+10 -3.740584241355574131e+08 -2.044994556557878256e+09 4.090990566030445862e+10 -3.346284341161326218e+10 1.024697678593933868e+11 2.929296692661215973e+10 6.588575802666448975e+10 8.084441247726759338e+10 2.120149177985895157e+10 -6.941764300823515320e+10 -1.361724192128569603e+10 1.520912802059524231e+11 1.360232953968776855e+11 3.076165136395989227e+10 -1.211523802824264526e+10 2.650787125588024902e+10 1.206166805005600586e+11 -1.858596998373523951e+09 4.338097934254129791e+10 8.403734540756256104e+10 -3.470745984722412109e+10 2.352200039333160019e+10 3.781419503271355438e+10 6.708450303911997440e+18 -1.625037024876457216e+18 1.244849048611000832e+18 8.305962193083265280e+17 -1.973105085012395264e+18 -1.587725268145766720e+17 1.362140776312617472e+18 -2.305612811279932160e+18 -4.258110616670474500e+15 3.535804423843650560e+17 5.352370953920756736e+18 -1.125193134595185280e+18 2.283321536684208640e+17 -1.412669055730285600e+17 1.759654189635708800e+17 3.245139397818969600e+16 6.772558950845153280e+17 4.267920289293541120e+17 1.772094920331504320e+17 2.186606100615879360e+17 3.111879034061103616e+18 -5.056133307980366080e+17 1.190371747276938880e+17 6.234651730676698880e+17 3.823518918538604160e+17 -1.338181824000597280e+17 4.321964332525382400e+16 1.010047791612175744e+18 2.672751984917637760e+17 1.635429210533336640e+17 3.780176485832429440e+17 -1.863714358191531200e+17 -1.064381725119321216e+18 3.547108806754743680e+17 4.330726181124952064e+18 7.656153660600874240e+17 1.290213854311726880e+17 8.668784675866796800e+16 6.155093974524549120e+17 -4.556821989471893600e+16 4.773081027085190000e+15 -5.014348123872863200e+16 -1.893600687373745280e+17 4.193971108985764800e+16 -4.191686661062391680e+17 7.930916792820024000e+16 -1.486339876348470600e+16 1.489494365735996800e+17 2.591184603870821600e+16 -5.069536962190277760e+17 9.386481424125917440e+17 -1.580591189226863600e+16 1.777073510026029760e+17 2.235381613719812160e+17 5.650770592322457600e+17 2.062993049184938750e+15 -5.958819812192777600e+16 1.854545052028638080e+17 1.190194827425309696e+18 3.090295729528310800e+16 -1.650290947769571200e+17 6.437864919868509000e+15 -7.890547698075884800e+16 -9.126832949116958400e+16 1.949514196713229760e+17 1.923315219973972160e+17 3.124358554378042400e+16 1.146146974653928960e+17 9.629571592847996800e+16 -5.779281481835237500e+14 -1.131354764327341000e+16 -4.932450899643190000e+15 1.204933355944037280e+17 -1.557968175635921408e+18 -2.610524790538273200e+16 6.055913186571180000e+16 -2.247676457076773760e+17 4.047228959312447898e+19 3.210054222916732800e+17 -2.585074274107798000e+15 5.285469991301735000e+15 -7.279540685761308800e+16 4.031196593070047000e+15 1.354529372108523520e+18 1.278182482987664000e+17 3.017611398181292400e+16 1.203782256419452960e+17 -8.265081574631776000e+16 7.346520953797088000e+15 1.091863274396220000e+17 -1.689255500572146560e+17 4.591669652942581600e+16 -5.913017300001967200e+16 2.321101268274073200e+16 -2.230983853634210800e+16 -2.543375411390637600e+16 2.218735916893666400e+16 -6.985727967986025000e+15
-9.425444479670134277e+11 -1.392333732787557678e+11 1.203009426105862732e+11 9.533959758223701172e+11 6.332522041078917236e+11 -7.160128790002334595e+09 -3.274710590575411320e+09 1.692802023029617119e+10 1.643136131521277809e+10 4.202858406134630585e+10 4.048044221883422089e+10 8.819955233904292297e+10 5.329467197644193268e+10 2.913916724673129272e+10 6.284474418735834503e+10 2.500925736431919479e+10 2.426398869885372162e+10 2.642795578420836449e+09 -2.049222165500449753e+10 1.722523167729953384e+10 -6.915212249673110962e+09 1.239065814032958031e+10 1.512178468830341101e+09 2.305809560815061188e+10 1.039700231622086525e+10 8.985108258482484818e+09 5.571651295411429405e+09 1.018857114151638985e+10 -9.614750766282609940e+09 -9.738976397129974365e+08 7.466592714304558039e+08 4.998168511542117119e+09 7.918367054770957947e+09 1.514299945224961090e+10 1.762170725418228912e+10 -1.025091317212965846e+09 1.436269117894019127e+10 -3.381161443915155888e+09 -1.153234995168533134e+10 -2.863609356382008076e+09 6.447455926748373985e+09 1.093678012136044693e+10 -6.804640465608398438e+09 -1.347798020487298775e+10 -1.345887826907269001e+09 -1.293323186731559168e+18 -3.064807343277454720e+17 -1.840747800959876160e+17 1.101055237634744640e+17 -3.209162515301368832e+18 -1.014596846712015360e+17 1.264421347325238560e+17 1.431390587559218560e+17 9.066715484752169600e+16 -4.901235611415461600e+16 4.460682803342147200e+17 2.608714582838065920e+17 -1.241215409845679200e+17 6.133904347582433600e+16 6.227729038578115000e+15 -1.336178954113820640e+17 1.273162389930978240e+17 -8.432116502421308800e+16 -3.869994653516635200e+16 1.588423124515601250e+15 3.484020229952114560e+17 1.848064445320842560e+17 6.037288442827982400e+16 -1.015805197060864000e+17 1.083533210850336800e+17 -1.421933023890413400e+16 -3.162819692420682400e+16 -3.496502230820816800e+16 4.744103368088041600e+16 9.440483018601576000e+15 2.886291627477924500e+15 1.237658442852736800e+17 1.908721763429724400e+16 3.408363297514997200e+16 -2.109647999849137600e+16 3.706669522929607200e+16 4.030051289301261600e+16 3.494284071387921600e+16 -1.122443144710738600e+16 1.091390198594201440e+17 -1.323537027165381200e+16 2.085744553261122500e+15 -2.056002928063009200e+16 -6.042301348093769600e+16 8.387160247623196800e+16 1.392673694376356000e+16 1.191037457843018200e+16 2.704044306003078800e+16 -2.062661743880401600e+16 -3.901477618109559680e+17 -7.934638351025864000e+15 1.171809643667845200e+16 2.902233341875408400e+16 -4.250840726150764800e+17 1.271351309371216320e+17 9.228509143850628000e+15 1.066442744110206400e+16 2.733633890029042400e+16 8.806910469049219200e+16 1.862091286872097600e+17 2.383544318978001600e+16 2.318948988598199600e+16 1.399819346561520400e+16 2.991693591997426800e+16 -5.444403722140772800e+16 1.109902970441266240e+17 2.265058843626471200e+16 2.951030806779058800e+16 2.188013228384774400e+16 1.311340083934953200e+16 -1.909740090105974400e+16 -1.944686218592359680e+17 -4.006712237459090400e+16 4.193989398968100480e+17 4.040059679782725500e+15 2.983847661067787200e+16 3.166445416574156400e+16 3.210054222916732800e+17 1.020435273325304192e+18 5.789561878606951200e+16 1.899795891910055200e+16 2.115786280451859600e+16 3.169073003783366800e+16 5.137739514796588000e+16 1.391334849171305280e+17 2.433302082756796800e+16 1.913507591706467600e+16 1.190124136250935800e+16 1.440451294246700800e+16 2.062589374948650000e+16 -3.184270980383195600e+16 9.766684159584752000e+16 6.270370945700537000e+15 -8.395247460794716000e+15 1.629663931687287400e+16 1.270262961965031000e+16 8.814164385598988000e+15 -2.032374003589472500e+15
4.909164945775709229e+11 -7.429339273247883606e+10 1.282899626225633392e+11 3.969091680695573425e+10 1.952323139621892700e+11 3.874762051908558960e+11 1.716322360085041809e+11 6.563665518257562256e+10 -2.109122982315111876e+09 3.281258522467523098e+09 3.529538777955436707e+10 5.910296026578505707e+10 3.025496411125079727e+10 2.086734726948236465e+10 1.333009692251903152e+10 1.981676483506268311e+10 1.872394149464422989e+10 -1.657137943988198471e+10 4.623851899735288620e+09 -9.650465758326660156e+09 4.803536517329089165e+09 7.954085631853973389e+09 5.741801275642160177e+08 1.340434142777725029e+10 4.326301879829019547e+09 -1.150211966380263901e+10 -2.284172249776155055e+08 1.825066770465009689e+09 8.105087507565940857e+09 3.276100164682856560e+09 1.422209196067758322e+09 -2.232524317826334536e+08 5.305500093858904839e+09 7.199210856775388718e+09 -1.055701703423268199e+09 -2.035058500875119925e+09 6.327457991422614098e+09 -1.019483669280924052e+08 -4.960748961000744820e+09 -1.124378203079169273e+10 -2.277546620862181187e+09 1.870363339654618502e+09 3.438080042070576191e+09 -7.242150255515794754e+09 1.620279477523096800e+08 -6.417830899304885760e+17 3.375363504666922880e+17 -1.832191047178154000e+16 -1.555053281780174080e+17 3.137656103474286080e+17 -4.115234599655560800e+16 -1.343442987482930200e+16 9.172636558094217600e+16 9.224138610073370000e+15 8.969207201434748800e+16 4.731157761799690880e+17 4.123011023316125600e+16 1.433608310800406560e+17 5.490576359785927200e+16 8.770119429532996800e+16 1.285668588155610000e+16 7.298196420503763000e+15 3.378831379421210000e+16 8.605928668767295000e+15 -2.073043244638869440e+17 2.959857054621891840e+17 4.069551184459909000e+15 5.542267418518852800e+16 -4.931118889701220800e+16 -1.336448644073869250e+15 5.301921204302140000e+16 -3.241817375357191500e+15 5.917318423076518400e+16 -2.060695949334276400e+16 9.470386495493946000e+15 1.198306377218816200e+16 -2.109239471372606000e+16 1.750092034377055040e+17 3.080637137946434000e+16 2.591973998882909600e+16 -1.303811884709506750e+15 5.506408028747525600e+16 6.652347347062136000e+15 2.973982497003984400e+16 2.156809217441970000e+16 4.208821793570445600e+16 1.740168935147173400e+16 1.135471080986414400e+16 4.885936115496540000e+14 -2.740007367293369000e+15 2.500209417467176400e+16 2.661888984295787200e+16 1.619538712160039750e+15 1.730551824366068000e+16 6.035177666398484800e+16 1.322859935275316800e+16 6.964689977998988800e+16 2.230777514879608000e+16 1.676624104804594880e+17 -7.542479816853765000e+15 4.104036494639364800e+16 1.622181629289802000e+16 6.282884744427340000e+15 2.886829565858869600e+16 3.063513843236643200e+16 6.334046113630977600e+16 2.174083530987024400e+16 8.740638036545812000e+15 1.447253745563229600e+16 6.662733219779599200e+16 4.099366765109634375e+14 3.652079421533142400e+16 1.012369946051057800e+16 1.793178813298036400e+16 3.871807714886987500e+15 8.320855205325802500e+14 1.544052451667435200e+17 3.058306106669297600e+16 -9.515581919049464000e+15 6.196171136789414400e+16 3.902660177480755500e+15 2.520711098375421000e+15 -2.585074274107798000e+15 5.789561878606951200e+16 2.662040224449004160e+17 1.655101627553007000e+16 8.147706376586034000e+15 1.607759147185599600e+16 2.578342941717663200e+16 2.772213654768454000e+16 5.373489645219139200e+16 7.427755034713956000e+15 -2.155855292714010625e+14 6.123277349868098000e+15 -7.049574534772625000e+15 5.485162258005332000e+16 3.458553089285363000e+15 4.426257401612839200e+16 1.033795325993438250e+15 4.294402305439717500e+15 9.084318049453170000e+15 4.021162446542346500e+15 -2.491074006779253000e+15
2.890691339510866699e+11 -1.010060903585157928e+11 6.433619446652791595e+10 9.822187084038403320e+10 -4.313470274937270355e+10 -4.908596670114622498e+10 1.086515711391647949e+11 1.458873659026878052e+11 9.152960054771157837e+10 1.464685884415417099e+10 7.105195241312997437e+10 6.549963198669638062e+10 1.655967137515048218e+10 5.171572020936261177e+09 2.802923402378042984e+10 4.044557790478887939e+10 2.612297157722079086e+10 5.690156428249344826e+09 8.268161681681632996e+09 1.081384858946387482e+10 1.215380786921060801e+09 2.755218461061048031e+09 1.140919739590181828e+09 -6.033028733552818298e+09 5.831304603807310104e+09 5.651321894991946220e+09 -3.799792241397696018e+09 8.369192994577510834e+09 -1.521026508718389511e+09 -1.034777032239874125e+09 -4.295848435491148949e+09 -4.503631008137688637e+08 7.437134670019324124e+07 -5.693343265018634796e+08 -4.505089571879028320e+09 4.542931797805495560e+07 2.185419448686948299e+09 -3.044776772553216457e+09 9.841181816818053722e+08 -4.698767825984310150e+09 -7.527298994388924837e+08 -2.676712575673303604e+09 9.609758469149011374e+08 -2.475050847352308333e+08 -4.584562135809020042e+09 3.253070001347991040e+17 2.355855235016681500e+15 -4.912581785089910400e+16 -4.280292176337108000e+16 4.957492851358701440e+17 -2.244197106222122800e+16 2.963122561795528000e+16 4.168685076440880000e+16 1.074066569994834500e+15 2.562959756232167200e+16 -8.399825934122418000e+15 4.110021168988336000e+16 3.740188822207460000e+16 4.749399755349207200e+16 4.752791078376992000e+16 1.626278247210118800e+16 4.043497807252032800e+16 2.191207512770858400e+16 4.102676571340892000e+16 -1.248230545611381920e+17 9.738839207121166400e+16 4.646013015822930400e+16 -7.453036987392193000e+15 -8.079472758433431000e+15 3.549240086425318800e+16 3.502594529360506000e+16 2.866417330073064800e+16 7.397406565668534000e+15 7.226835065086866000e+15 8.462753827753273000e+15 1.668318343549430800e+16 1.826864995443617600e+16 2.867811672903491500e+15 3.157676779676112000e+16 1.774242914093617920e+17 3.203970844068494000e+16 2.161914858110569200e+16 2.308868781109417200e+16 1.715398760893599600e+16 1.909908402580836800e+16 3.405662239888778000e+16 2.365484298398750000e+16 1.427063784267375800e+16 2.159996187696030000e+16 2.467699027477249200e+16 2.372716492658896800e+16 3.399217579188756000e+16 1.821821742129717600e+16 2.437993997261408800e+16 1.309591069838867200e+17 -1.537275203108240000e+17 2.042255870278351600e+16 5.519768217124942400e+16 -2.573713287057050400e+16 4.837631944207146000e+15 3.828773453956851500e+15 2.963820583769444800e+16 1.562971699657168000e+16 2.163807185356630800e+16 1.954264817123295600e+16 1.323588991236190400e+16 3.116040817383504800e+16 1.133982657180817200e+16 9.197688549354616000e+15 1.259051247493175200e+16 2.068050978153513200e+16 -8.929059249792509000e+15 1.139384647216493200e+16 7.977774513290585000e+15 6.676161619325791000e+15 -1.976025019830775500e+15 4.972793044156727500e+14 6.666463709980573600e+16 3.602588953163336800e+16 1.095400221952850400e+16 3.704147526041312000e+16 8.660031849935570000e+15 5.285469991301735000e+15 1.899795891910055200e+16 1.655101627553007000e+16 1.545632492348282880e+17 2.098542154154422400e+16 1.077284471255884200e+16 3.770885307599781600e+16 2.378437206216353600e+16 5.286310503116252000e+15 3.010002693830811600e+16 1.139198878768953400e+16 1.074754092687142400e+16 1.187299879389864200e+16 3.766433529438540000e+16 2.337489304555931200e+16 -4.730990739110230000e+15 2.130430772327826400e+16 1.229212797853264400e+16 1.631042800409843600e+16 8.945775625071980000e+15 9.536670073921112000e+15
1.301761830990927124e+11 5.717222099852891541e+10 2.958847180944069672e+10 6.792945872857416534e+10 3.920068227891009521e+10 1.001880377588997269e+10 1.713120333388769341e+10 -2.634295203366075134e+10 6.463981808323975372e+10 1.165491757458700409e+11 9.511063753930860901e+10 5.000979804307134247e+10 2.972717503367195129e+10 1.650004826259668350e+09 1.816308278468148804e+10 3.363945594845421982e+10 2.020902966341566849e+10 5.116591434860348701e+09 -6.013747285658344269e+09 -2.224157727812607586e+08 1.244109562399049568e+10 1.723371894886658192e+09 8.224311407474429607e+08 4.285282061462919235e+09 1.698282548102846384e+09 9.780530650229167938e+09 1.350782965754138947e+09 2.396869873214648247e+09 4.820703069014132619e+08 3.366967867237932682e+09 -6.804658828148703575e+09 3.386198502268571377e+09 2.869525827268702507e+09 -3.268358612077399254e+09 -4.442241577684881210e+09 1.292805706075920820e+09 1.171181411964352369e+09 -8.516326820439465046e+08 4.034373561855773449e+09 -2.149135508888896108e+08 -9.100864876460006237e+08 4.154494210509200692e+08 1.839393584880849123e+09 1.878898812705545187e+09 1.773672492730264664e+09 2.781489772246910400e+17 3.972942369559565600e+16 -3.300129494950535625e+14 2.071045859401608400e+16 -2.131863091000136000e+17 1.379158897523809250e+15 -3.649630134085042400e+16 5.609867673195098400e+16 -3.361442168760750800e+16 -1.502062804604183000e+16 9.733425405764964800e+16 5.082455180539768800e+16 5.542972546110776000e+16 -1.508583049813119000e+16 1.264118619672189800e+16 1.417938161058540000e+16 -2.574204750958638000e+16 -3.497858965679122500e+15 1.332695952386500400e+16 7.093608477226542400e+16 6.076908739119092800e+16 4.025797896222028800e+16 2.247037333253545200e+16 -3.102893545788392400e+16 1.794876406742332200e+16 2.352027690186071600e+16 1.344168040143470400e+16 2.615604069676799200e+16 8.320626829099986000e+15 3.295936510385764400e+16 2.198002146894958000e+16 3.496725655303474400e+16 5.286698521640363200e+16 3.664230190385956800e+16 -4.035420704984448800e+16 1.352416916923036400e+16 4.309905390103307000e+15 1.152800811366366250e+15 1.706620447884169600e+16 3.403723862283258500e+15 1.820815538183613200e+16 2.258481252665066000e+16 4.168940362968708000e+16 2.993827091903024000e+16 1.630746594699566400e+16 2.396835172992181600e+16 1.331317174649565400e+16 2.868383307970999200e+16 1.516949030839769200e+16 9.640235643660875200e+16 1.917710304479342400e+16 -5.658259004359953000e+15 4.225147788897141500e+15 1.586218898806959400e+16 1.281336172059520400e+16 9.524367665514978000e+15 1.925312852823376800e+16 2.582917668152465200e+16 4.726688913195935000e+15 2.626902004944761600e+16 7.795885420275680000e+15 1.226106709234403400e+16 2.593431624887939600e+16 1.555297483283846800e+16 1.253204937391618400e+16 3.818734140534744500e+15 -8.714834423031051000e+15 9.438223452973712000e+15 1.136131697184314600e+16 1.284466348899949800e+16 1.445020108025384750e+15 -6.774744112826008000e+16 -1.047428701086284000e+16 -7.279585304308714000e+15 2.133079934262236400e+16 1.823370409276996000e+16 3.205213286459914000e+16 -7.279540685761308800e+16 2.115786280451859600e+16 8.147706376586034000e+15 2.098542154154422400e+16 1.204228998444664640e+17 2.300734054567149200e+16 7.465838155561841000e+15 5.549242285131952000e+15 1.857397170122685938e+14 3.054805484416039000e+15 2.238299734604764400e+16 1.110857169801347200e+16 7.665531095572777000e+15 2.170609606523122800e+16 9.213792053621954000e+15 4.928836162591267000e+15 8.651410922754654000e+15 2.085340918373570000e+16 1.042873528327805800e+16 1.381007837704299600e+16 1.973066257223932000e+16
9.811327395856471252e+10 -1.048842778326098938e+11 1.273777947517798615e+11 8.101878562232775688e+09 5.064595315593550682e+09 -1.324979193201738358e+10 -1.172231717434768677e+10 -8.316994427210016251e+09 4.521894492322049141e+09 4.576956755307806015e+09 6.089182770679362488e+10 9.602366796488124084e+10 4.636396397948508453e+10 2.721015263502565861e+09 9.213516518723628998e+09 1.948314995147054672e+10 2.308138848395589066e+10 8.476076582469861984e+09 5.353943859794891357e+09 1.130975805491267681e+09 -3.144215910274650097e+09 -4.396882021462776184e+09 -3.997140266276124954e+09 2.210037921422166348e+09 3.458454828199677944e+09 6.148136654724667549e+09 1.053232657245353311e+08 3.848997591684055328e+09 7.633210648225629807e+09 3.035596244921231747e+09 -3.125525177001985550e+09 -1.707408015652499199e+09 4.428158757740981102e+09 2.164082083743653774e+09 -3.468674784047538280e+09 -4.049179887971732140e+09 3.135317370354526043e+09 2.154893460525086880e+09 3.092519372337739944e+09 -2.553616531331668377e+09 1.206640933699032307e+09 -2.701924006906457901e+09 9.112467525027137995e+08 1.143263713222685099e+09 2.824368030420393944e+09 2.369825284365296640e+17 -1.399074738645059200e+17 -1.901998866961791360e+17 2.238326708230008800e+16 5.639690937072745600e+17 -8.670382288268200000e+16 4.493016238731586400e+16 -4.513657179523231200e+16 -3.010196815186729200e+16 1.773300374489410600e+16 2.195003284864314240e+17 -1.377184267152431000e+16 -2.916084834698086400e+16 -2.280138177427766800e+16 -1.973960707720467200e+16 2.674586160029263200e+16 -4.934849322831690000e+15 1.095545694364633200e+16 3.744367134146611200e+16 2.764438159266763500e+15 1.983810648218345280e+17 -5.905524701550063000e+15 2.246364641200928800e+16 -4.578992159509502400e+16 -2.899800274457719600e+16 -6.164451674716888000e+15 2.261345930989842800e+16 1.762883607385680400e+16 1.239476514639008600e+16 -3.908797244105329000e+15 -1.160157844850571200e+16 3.146911064574006000e+16 5.450866746329048750e+14 3.235714016978546000e+16 2.470291673286680800e+16 2.444381175026176000e+16 2.915113094273721600e+16 2.256474212808375600e+16 4.384240904653299200e+16 1.491807240955771800e+16 2.417498384759764000e+16 1.980872816152533200e+16 1.155388817080482800e+16 4.688892377596219200e+16 8.558210333213053000e+15 2.907634382616027600e+16 3.083581217538514400e+16 2.665498037318354800e+16 3.321455717792046800e+16 -1.464826003287791360e+17 -1.735247882967199400e+16 7.210753954445870312e+13 -2.343121640022572500e+15 1.563131200680550200e+16 6.311232982649859000e+15 -2.427428507037022500e+15 1.394701156595090200e+16 -7.289588047444925000e+15 2.531183889913800400e+16 3.567724084920195000e+15 1.891870163559754000e+16 2.103422265649469200e+16 1.596900708895592000e+16 3.174593364245040000e+16 1.766223038559506200e+16 -3.630361996517432000e+15 -3.555421932515435000e+15 1.049576812045067800e+16 -2.712836312867814000e+15 2.198831834382906000e+16 9.206706378764704000e+15 7.561213789719996800e+16 -8.348091051793520000e+15 -1.941597010790415200e+16 1.067320485571836600e+16 -2.141808242787598500e+15 1.493621142547664400e+16 4.031196593070047000e+15 3.169073003783366800e+16 1.607759147185599600e+16 1.077284471255884200e+16 2.300734054567149200e+16 1.761566875613570240e+17 2.968570543294624000e+16 1.568433216721062400e+16 2.198624779892476000e+16 1.119900627461022600e+16 4.170906391841921000e+15 2.307196742863551600e+16 4.412630772265215000e+15 3.543324761797336800e+16 -5.588316365441083000e+15 7.244984082232030000e+15 -1.015813904833718600e+16 5.213222042524292000e+15 1.053251332287680000e+16 4.421823588600978500e+15 1.271411721636826800e+16
1.352880171662627197e+12 3.528678884950572266e+12 1.900972733362481201e+12 8.173076169170085144e+10 3.660792405184747925e+11 5.885152433401638794e+10 -2.029612673413782120e+10 1.442275791525342102e+11 4.572556566103677750e+09 1.035422076085033226e+10 1.222843639387380524e+11 4.391139025416541290e+10 1.581816649291749382e+10 7.440733509582574844e+09 1.537027512674818420e+11 1.749324842860138702e+10 2.865307531018694305e+10 2.739238040510605240e+10 9.439804731548093796e+09 -5.919423069867645264e+09 8.898003669444856644e+09 -9.904832751105892181e+09 1.286214194820902443e+10 -7.161105643363389015e+09 -2.358715364016069031e+10 2.030388223368366003e+09 1.197643381577337074e+10 3.374039612386006165e+10 1.991470572423599625e+10 -2.581322824927859783e+09 3.612282296191580200e+10 6.941528456691517830e+09 1.179803530371823692e+10 -3.804468323140358925e+09 -7.870726403805054426e+08 -2.242773822900949860e+10 -1.927320913304504776e+10 -2.605133501284105778e+09 5.783906321683378220e+09 -5.038788386284796715e+09 -8.577580470970923424e+09 1.367375846569482565e+09 1.559944271811732483e+10 -1.601869121479225397e+09 -7.456679754851935387e+09 3.376640139560423424e+18 2.750134073602151424e+18 1.242472788284320768e+18 1.635652074546620480e+17 1.149306301387400064e+18 1.373005609778668032e+18 -1.380282346945334800e+16 1.050967888554966400e+18 1.492299262047984960e+17 8.958580629578851000e+15 2.521003077373831680e+18 -1.699302972560283400e+16 1.244664032722160128e+18 3.220169115579770800e+16 -3.740192993149728800e+16 1.296845815673783552e+18 6.707600694612762400e+16 -1.261781375757714240e+17 -8.360241249627019200e+16 -6.473133070986732800e+17 1.318071065922202880e+18 1.071382914709402560e+17 3.579633450039026000e+16 1.122149934564555904e+18 -8.937795887102986000e+15 1.255414362238710400e+16 4.378699363761677600e+16 1.039386032898876800e+18 -4.895585945677508000e+16 1.884555183770566800e+16 4.690543032160787200e+16 -1.180731585257189400e+16 4.674745517972519680e+17 3.067873455059428800e+16 7.365400701011266560e+17 1.867353736431946000e+15 -5.309384665676774219e+13 7.674886352608785600e+16 1.033849934222731264e+18 5.826811060151157600e+16 1.134353896176960000e+16 -1.068025803132285600e+16 -7.406668564904598000e+15 8.550837454613984000e+17 -7.588323448438136000e+15 -6.748055634062638000e+15 5.989094415985244000e+16 -4.633688875636339844e+12 2.172956649858914400e+16 -4.723519831357591040e+17 -3.773972255083362560e+17 9.352844192906874000e+15 1.072509698384615520e+17 7.777494328677478400e+17 7.338222905177640000e+16 2.209417826571310400e+16 3.398459854271916400e+16 -4.056036759284159000e+15 1.054988021083216384e+18 -4.054507494796065600e+16 1.548925456605251200e+16 3.465308556803352400e+16 1.568116342693824000e+16 7.171858770763267500e+14 1.116418770611313920e+18 -1.414359395401180400e+16 -1.085925394737054400e+16 1.261679418982712200e+16 -3.091573947478272400e+16 -3.016483262439306000e+15 -2.701031726946612000e+16 9.997351958191627200e+16 6.649619971459009600e+16 3.327502103644677760e+17 -9.855271334639326000e+15 5.987398804274152000e+16 1.935812492764646800e+16 1.354529372108523520e+18 5.137739514796588000e+16 2.578342941717663200e+16 3.770885307599781600e+16 7.465838155561841000e+15 2.968570543294624000e+16 2.403571935998073344e+18 6.885403271967964000e+16 6.280093990649860000e+15 4.042807023898794400e+16 1.345981211086769200e+16 1.197501464466324200e+16 2.095932969114795200e+16 9.391126646869382400e+17 -3.412067106709150800e+16 -4.673018078726948000e+16 5.400884720353642000e+15 1.880706776845021200e+16 -2.277855239630604000e+16 7.933937006916947000e+15 5.399130457306486400e+16
1.334260126448313599e+11 1.818883133902044678e+11 7.362821254050223389e+11 8.683964419727435303e+11 3.125375771415083008e+11 2.489876297658293247e+09 2.217005675319823456e+10 2.120000061865428543e+10 4.094670669713574982e+10 1.620654405950392723e+10 1.026086727532187653e+10 2.585936711339986801e+10 4.870600051561755371e+10 6.901545474369760132e+10 4.287999081763396454e+10 5.399140717307495117e+10 1.687178938370367241e+10 -4.484595276050726891e+09 -6.501298738141786575e+09 -1.297368539757961035e+08 5.022454794462243080e+09 4.822206769219512343e+08 -2.296333066672005177e+09 1.190147080451594734e+10 2.304521276011067963e+10 1.451731427733518791e+10 1.549514523260124016e+10 9.288587790985574722e+09 3.515589227455432892e+09 6.490670345865739822e+09 1.297682500957125473e+10 -1.830025440282185555e+09 -1.239928542571331739e+09 8.880651629803003311e+09 3.115307205020581245e+09 -6.122941931118821144e+09 2.174357502942447662e+09 -4.979678424369448662e+09 3.719411405547284603e+09 8.367397439078407288e+08 4.017286138175489426e+09 5.386288474858521461e+09 -7.934486646824462891e+09 -1.963320969486870527e+09 1.019868341824633241e+09 -1.468148593111915520e+18 5.321891730651629440e+17 9.479779485256772000e+15 6.907534113571424000e+17 1.002658304659874304e+18 1.222888126146548000e+17 3.637240050360613120e+17 7.925218051578806400e+16 5.369011097389918400e+16 4.092951055602863200e+16 3.743773048728628000e+16 2.025488165120787200e+17 4.642101269749792000e+16 1.576655698012143680e+17 -1.750165109444694000e+16 -9.966262454253766400e+16 1.471469148565644160e+17 -2.371290559066222800e+16 -1.485314448275324600e+16 -5.057564521019227200e+16 5.284655879471260160e+17 1.526264818541997440e+17 6.322112008481303200e+16 -1.224318767001849600e+16 1.068888827997387520e+17 -1.186192591475731600e+16 3.699234877912889600e+16 -4.391165012805444800e+16 7.769501074238160000e+16 -2.353962168092108000e+16 2.155250017108202400e+16 4.114179716877129600e+16 3.124959967476085120e+17 -2.253157351960397200e+16 3.245963700582811520e+17 9.669592456083470400e+16 3.412751213613160800e+16 1.104997683648861800e+16 6.261093579108797600e+16 1.006000962623000000e+17 2.119642580198410000e+16 1.297775698998311600e+16 1.232531859234695400e+16 -3.730725213325314400e+16 7.879479759778771200e+16 1.906772842153742400e+16 2.948168274943129600e+16 2.148577556871004400e+16 1.132704471343908800e+16 -1.096594208261825760e+17 2.601436387585441280e+17 7.343480869596046400e+16 8.152368780770873000e+15 1.837155916507208400e+16 9.147627054020513600e+16 2.566255517565482000e+16 2.529110219098733200e+16 -5.849131158019922000e+15 3.029853977989096000e+16 1.534632459359542080e+17 2.353261941842094000e+16 1.491667270573996200e+16 1.253412115586325000e+16 8.842043730851325000e+15 -3.640277074239441600e+16 1.604409761091455040e+17 1.610170287993071000e+16 2.260603135617012000e+16 1.855313573847036800e+16 2.223864223972711200e+16 -7.504356945389259000e+15 1.208688640070421120e+17 -9.989807521853337500e+14 1.819514724938928320e+17 2.108682554819098400e+16 6.465023152548529000e+15 1.296308278892111000e+16 1.278182482987664000e+17 1.391334849171305280e+17 2.772213654768454000e+16 2.378437206216353600e+16 5.549242285131952000e+15 1.568433216721062400e+16 6.885403271967964000e+16 3.992481311601659520e+17 2.528421531364766000e+16 2.893039803173385200e+16 1.097627126199576200e+16 8.363617595438394000e+15 1.134352903770852800e+16 -2.381112024307168400e+16 1.678772266542617920e+17 5.834164864029389000e+15 1.549972429202468600e+16 1.299119494134963400e+16 1.480178741050916600e+16 1.445222738686883800e+16 -7.221591238982353000e+15
-1.146258137584263611e+11 3.398295215707778931e+10 -2.222912189960483170e+10 -4.925048079779410553e+10 1.956339087437985535e+11 2.864976943111428833e+11 1.104696840773463898e+11 5.126515626780191040e+10 3.394657654547085571e+10 3.909307471069394684e+10 6.834535764795878410e+09 2.102186550628089905e+10 3.027347824556117630e+10 5.025637844377974701e+10 4.740407015374143219e+10 3.015007277310207748e+10 8.360546557599382401e+09 -3.113289902119375706e+09 5.652712312492871284e+09 -2.892687712673023224e+09 9.242093217011737823e+09 -3.156770658005702972e+09 -7.293827016206108093e+09 4.677766042546757698e+09 2.155150213873942196e+08 1.541865673341661692e+09 -2.728495915640163898e+09 -1.137293816947418898e+08 4.342901437996048927e+09 -4.620747568213564873e+09 6.011822149944580078e+09 -8.936335657178746462e+08 -1.672283594911469460e+09 -1.807314737301281214e+09 -1.407514949587444782e+09 -2.148666713447635651e+09 -1.050733835093151212e+09 2.838520717054245472e+09 7.057872789647500038e+09 -2.380039096986695766e+09 5.770106118586531639e+09 -1.392645156067050457e+09 4.788867729188437462e+09 -1.307833227628251791e+09 -4.823482267177651405e+09 -1.992299297713920960e+17 -1.407060353831166720e+17 4.355428756914069600e+16 6.016893154651146400e+16 1.151226866006528640e+18 5.621194931429888000e+16 1.751851566183317400e+16 6.197266045836414400e+16 3.685000740421301600e+16 5.968031920459962400e+16 1.893620477675913600e+17 -1.087067029671094200e+16 8.457352219720270400e+16 1.863597093157696800e+16 4.887109598971849600e+16 -2.535353519521108400e+16 1.605245036817981800e+16 3.279897477769679600e+16 -9.677595066300640000e+15 -1.869701608174614720e+17 3.811972325918079360e+17 4.294215380017226400e+16 7.670898325340028800e+16 -2.944224770923241600e+16 -1.180444205295326000e+15 3.045717529061361600e+16 1.413571914459819600e+16 1.379444374127009800e+16 -2.376166226363913500e+15 1.758487254913412400e+16 2.185670905776435600e+16 1.652970159392371000e+16 3.287254364418265600e+17 5.570210443503512800e+16 2.819372237003462720e+17 1.004640920944838000e+16 5.017427075487770400e+16 1.735416692580401200e+16 5.655341341601212000e+16 1.814007787650692000e+16 3.607681866659110400e+16 1.600009062389876200e+16 2.637523087458786800e+16 -1.937003783885797200e+16 -1.565890446408871500e+15 2.640797789203136800e+16 6.606478300781489000e+15 2.323075118935736000e+15 1.757554332887740600e+16 1.448557082069473600e+17 1.183742339391232200e+16 5.721889796630272800e+16 1.125848742650157000e+16 4.138486054895708000e+16 -1.367340235838045750e+15 3.452721786280330000e+16 9.242360731132150000e+15 2.152121401646969250e+15 -2.095785665772495750e+15 7.826795498321093000e+15 4.029045715134640800e+16 1.712908462457766600e+16 1.030690988826718200e+16 8.961370032202669000e+15 3.548717531911023200e+16 2.374557927454284000e+16 6.191100143619303200e+16 2.203653300392581200e+16 1.817736817968455200e+16 1.033407749552855200e+16 1.330682258622789200e+16 2.145411061822249920e+17 1.681500764314090400e+16 -9.440112868983214400e+16 4.531663429326754400e+16 1.440704373925787200e+16 9.911827928485044000e+15 3.017611398181292400e+16 2.433302082756796800e+16 5.373489645219139200e+16 5.286310503116252000e+15 1.857397170122685938e+14 2.198624779892476000e+16 6.280093990649860000e+15 2.528421531364766000e+16 1.957666345982903360e+17 3.139735646681895200e+16 1.014823771933855600e+16 1.251378664721560600e+16 9.275554245556150000e+15 1.123156080138716000e+16 5.425332320972303000e+15 6.061758798823351200e+16 2.359404066178198800e+16 5.236119817673377000e+15 2.296291305907475600e+16 9.701558939297144000e+15 3.253650917117964500e+15
-3.295266822960413208e+11 -1.244404665182695007e+11 1.497429866493676147e+11 1.680086847510073662e+10 3.420964763951608276e+10 -1.499619178626797485e+10 1.081427218207154694e+11 1.521865444564891663e+11 6.666605831073589325e+10 2.269016221074407578e+10 8.140940072710176468e+09 -1.483373330415740013e+09 1.566619431875195885e+10 5.165759733954172516e+10 3.775271505960136414e+10 3.033405812746490860e+10 2.750329626942126465e+10 2.033569908369949579e+09 -3.393837545547824383e+09 2.863433011730834484e+09 -5.275980570280734897e+08 2.979028256005493641e+09 -1.331649404378666162e+09 -4.755221408031279445e+08 2.836944638449282646e+09 6.223499464403311729e+09 -1.880394063089422941e+09 -3.692196827865981102e+09 -9.668737299237931967e+08 -3.323663079628502369e+09 -7.369718243255237341e+08 -1.588401524625281572e+09 -2.367281590339889526e+09 -3.659399005369441032e+09 -1.775769156260913134e+09 -7.354255698590379715e+09 3.807462758533997059e+09 3.532377726383594036e+09 6.717042848353625298e+09 2.892925849207355022e+09 -1.373495564202271700e+09 8.913429699759501219e+07 1.109509511409082651e+09 2.327305895712292194e+09 -1.748324574411978483e+09 -1.690228458023315840e+17 1.531558557019344960e+17 4.942858747122452800e+16 5.672085313613412000e+16 3.421906810952377600e+17 9.569224374958664000e+15 5.321361037543793600e+16 -6.150896955467891200e+16 -8.630992261573665000e+15 3.800591594836440800e+16 -8.155230530495022400e+16 -3.033729430671828400e+16 4.309304280305922400e+16 2.551749624227268000e+16 2.990396278350047200e+16 7.909048253699413000e+15 5.255651218987486400e+16 5.995509121382681600e+16 7.169954642765272000e+16 4.881083909699918400e+16 2.651868670238829760e+17 2.487670900343523200e+16 3.386364202005019600e+16 1.419314160858376200e+16 -3.772723766219861875e+14 2.302311876872946800e+16 3.896041344345076800e+16 1.532533616591395600e+16 -2.200794566779295000e+14 1.637234227137779400e+16 3.501270360526124400e+16 -8.947634873670021000e+15 -1.049758819287778400e+17 1.253268605750808400e+16 3.305592828766036800e+16 7.851185504472692000e+15 1.242639021065177600e+16 3.487519136627450800e+16 3.131724949519614000e+16 1.700085840592365200e+16 5.383242638082966000e+15 1.503871344949781800e+16 2.092079950743611000e+15 2.417545507970810500e+15 2.465553827586210500e+15 -1.499030294990815600e+16 1.905338400391409600e+16 9.761732162876590000e+15 2.222918431001427750e+15 -1.274715487396592000e+17 -1.114393260008340960e+17 2.794547408531608400e+16 4.613062841166896000e+16 -4.232657588597215500e+15 -1.164884740350856400e+16 4.613269156913695625e+14 2.299090280314234800e+16 1.490118352153126600e+16 3.030105872827497600e+16 -9.836390056651365000e+14 1.228597476835444400e+16 1.791852903125866000e+16 5.083125524418191000e+15 -2.288478753073703000e+15 2.441057992279106000e+16 2.575678980354258800e+16 9.603388837340126000e+15 4.054266834111715200e+16 8.985289629006133000e+15 1.592123261916970750e+15 1.755433751994710250e+15 6.917626550257657600e+16 6.109797504459751200e+16 -3.612490428016669600e+16 2.503725947021665600e+16 2.206471840096745200e+16 8.012571605226720000e+15 1.203782256419452960e+17 1.913507591706467600e+16 7.427755034713956000e+15 3.010002693830811600e+16 3.054805484416039000e+15 1.119900627461022600e+16 4.042807023898794400e+16 2.893039803173385200e+16 3.139735646681895200e+16 1.317115198249906240e+17 1.220331799755744000e+16 7.789279220872339000e+15 1.632473108947880000e+16 3.352230870747026800e+16 9.041409315075622000e+15 4.720005544675793000e+15 3.136233031034172800e+16 1.212268013026835400e+16 7.373895978492210000e+15 1.724001604110572800e+16 1.452842073201734600e+16
8.442712035997720337e+10 -4.061861402209413910e+10 1.319191898926428413e+10 4.236992274641003418e+10 -2.970000557841748810e+10 1.695477826133807373e+10 1.456163745160633278e+10 -1.735487423399135208e+10 6.799935373921537018e+10 9.663890620725236511e+10 5.015145699272886658e+10 9.502330831459115744e+08 4.487587243571600342e+10 4.416785691958227539e+10 3.274206630317807007e+10 3.762459067654193115e+10 1.412433663383253479e+10 2.506830275898980141e+09 3.134840539696835995e+09 1.572911348025720835e+09 5.095753747913827896e+09 7.155714702002540827e+08 2.750830496206636429e+09 3.645910262995654106e+09 -8.933798073277261257e+08 2.555267128965490341e+09 1.352285142758443117e+09 -3.388134405944335938e+09 3.708074960621972084e+08 8.849795031517602921e+09 9.781593672085000277e+08 -9.252403274067468643e+08 4.813658551223088264e+09 2.110324214381802082e+09 -3.412913732328986168e+09 -1.186482459966402769e+09 2.559382974966888428e+09 3.727758466113613129e+09 7.182558963165579796e+09 2.533272882002136707e+09 2.921325868946813107e+09 2.976264955675659657e+09 1.559479610337564945e+09 -2.099619654228376627e+09 2.428379965242913723e+09 2.647773231813648640e+17 5.398217041216429600e+16 -9.924657646919993600e+16 4.627134967220960000e+16 -7.762799105418348800e+17 -5.189259619686297600e+16 1.079781010680960400e+16 1.559403917073722600e+16 1.982330909001491600e+16 -5.110209084392781600e+16 2.781284602567828160e+17 -2.495840100317078800e+16 2.838906945948336800e+16 -9.697495703495534000e+15 4.057520995317620500e+15 -5.337010662827118400e+16 -3.177699036013268800e+16 -2.822303967263310000e+15 4.341589384868960000e+15 -3.614458819269160960e+17 2.465275291712143040e+17 3.804369916394584000e+16 2.330382382859055200e+16 -3.365333964731218400e+16 -6.371960522754995000e+15 8.530509703225041000e+15 -5.335566611744788000e+15 1.223988648203961000e+16 6.557844312597490000e+15 2.913761964773560400e+16 2.032193128611751600e+16 4.038844277486373600e+16 1.348763868065402500e+15 8.868551554685691000e+15 1.391612767363321440e+17 -2.273359826283114000e+16 6.203803163632304000e+15 -1.551872937462253600e+16 4.853380310110950400e+16 1.111576823315505400e+16 6.042107444915681000e+15 1.659718582774269400e+16 3.672644656511384800e+16 -5.839469166126485000e+14 -4.604496814859920000e+15 -6.649500353527174000e+15 -6.143518252490803000e+15 1.180666035539942400e+16 6.588296773568693000e+15 7.494415770067284800e+16 -3.693884970629621600e+16 1.742332643610562400e+16 -2.338019922595602000e+15 -3.220773263722724400e+16 1.113705752137875600e+16 1.924878489199546400e+16 2.218057676503103600e+16 3.594917644134764400e+16 1.721497680165058600e+16 2.611781590478342500e+14 8.656392873689978750e+14 8.678271324368381000e+15 1.423540566445873400e+16 7.561778210933337000e+15 8.903718868403141000e+15 1.885518166210993200e+16 -4.921855315724920000e+15 1.354175897666302200e+16 2.656081046839226400e+16 9.286758448839668000e+15 1.409726732125670600e+16 4.404026800652724000e+16 1.356379748306188800e+16 -7.522800809822345000e+15 1.794056530125490000e+16 1.909661301690497600e+16 2.163223711591421600e+16 -8.265081574631776000e+16 1.190124136250935800e+16 -2.155855292714010625e+14 1.139198878768953400e+16 2.238299734604764400e+16 4.170906391841921000e+15 1.345981211086769200e+16 1.097627126199576200e+16 1.014823771933855600e+16 1.220331799755744000e+16 1.014318612736641440e+17 1.068907227833338600e+16 1.145630220191771000e+16 2.268075034883659500e+15 3.963803272989250500e+15 8.563227830260478000e+15 1.542591027252493600e+16 2.576172469431253200e+16 1.305296745542623800e+16 1.423054774404237200e+16 1.393113782275432400e+16
-6.204575991719285583e+10 -3.596012914485307693e+09 -1.257791543320266914e+10 -2.220546054093657684e+10 8.753428018879634857e+09 -1.550224225988511848e+10 -9.478033227031793594e+09 2.879668892940838337e+09 9.327737708090969086e+09 7.736857676316334724e+09 4.518693161004849243e+10 3.853113143304071045e+10 4.028991158648498535e+10 3.116708042834521484e+10 3.792341809508316803e+10 2.802917519382311249e+10 1.946553329499026108e+10 5.210158522685406685e+09 8.256587834666713715e+09 1.338841408413768768e+09 -2.644352228132367611e+09 -3.492996670983238697e+09 -3.909170592393529415e+09 5.312937379257980347e+09 1.505483927899785280e+09 -2.727739048797790408e+08 -3.989588059092257500e+09 4.179419155302562237e+09 -1.323833475282244533e+08 -2.512878276178668976e+09 -8.003378777566310167e+08 -1.509161182902968407e+09 6.640306043300624937e+06 3.014061655704140663e+08 -3.850051818755386353e+09 -1.492498529683820724e+09 1.346400955448075533e+09 1.226059805119166970e+08 -3.362946229456536293e+09 -1.683796574426125288e+09 1.751502115224446535e+09 -2.086732371631078124e+08 2.431274342525597095e+09 -2.255988818029623985e+09 -1.247093588826922178e+09 -5.458474937906377600e+16 9.010938071463904000e+16 -7.247138695789476800e+16 4.394579720792313600e+16 -6.331478433223583200e+16 -5.077999146609461600e+16 -1.296304024381401200e+16 -2.375250142412336000e+16 6.637528347449732000e+15 -1.042828525115966400e+16 1.532165551100555520e+17 -2.536946946382093000e+15 -1.348053822325215800e+16 3.497850033019252000e+15 4.198559612318784500e+15 7.015979057673475000e+15 -4.670807573427555000e+15 8.973192811666787000e+15 2.488951946442426000e+16 -2.109333533180295040e+17 2.636937372399346560e+17 2.386463520082275600e+16 2.399448565678013000e+15 -2.862569193943013600e+16 -2.337003361584864800e+16 -4.928982726112842000e+15 -2.183357086098736000e+15 -2.946813888053942400e+16 -2.190020866362085200e+16 -4.586950799785454000e+15 -1.051598478842447800e+16 1.454418813600010400e+16 -1.023091296073945440e+17 -6.910963237924558000e+15 -3.043799013489635200e+16 2.669689305895812000e+16 6.401817845126721000e+15 8.195479936639745000e+15 3.785333215760917600e+16 2.065969858861775200e+16 1.623615512693076000e+16 2.530922257577930500e+15 8.461309919423332000e+15 2.511341065564274800e+16 7.453719327959292000e+15 3.142267701932670000e+16 9.048122041767708000e+15 5.001071310909966000e+15 2.068981356967391200e+16 -1.060051108042846400e+17 -8.033798388112099200e+16 5.823744344363979000e+15 6.879400787641952000e+15 9.168782274553523200e+16 4.346614678882283000e+15 2.924240245078313500e+15 4.837374281277582000e+15 9.627609402337856250e+14 2.624787267893672000e+16 1.078778988430496600e+16 1.087085298488951200e+16 1.505363133439043400e+16 7.699493619367102000e+15 1.809803847779768000e+16 -2.370782262915353600e+16 -6.288150699910465000e+14 7.331334687911693000e+15 1.406220832742199200e+16 1.371549731643139400e+16 1.866025721553925600e+16 1.326222226327228000e+16 -6.675834201402863000e+15 6.767991557886059000e+15 -1.267262467673452600e+16 9.544412703992204000e+15 2.418478695824318500e+15 3.869537537159533000e+15 7.346520953797088000e+15 1.440451294246700800e+16 6.123277349868098000e+15 1.074754092687142400e+16 1.110857169801347200e+16 2.307196742863551600e+16 1.197501464466324200e+16 8.363617595438394000e+15 1.251378664721560600e+16 7.789279220872339000e+15 1.068907227833338600e+16 7.615450403774622400e+16 1.862868449033651200e+16 -5.586538005782376000e+15 1.604966339838770200e+16 4.128484984974932500e+15 -3.252959891553743500e+15 1.209748068080865400e+16 2.254629067210981600e+16 1.226354955283699000e+16 1.224041037100671400e+16
6.026735105700015259e+10 -3.670085300330290985e+10 3.364995796409356689e+10 -6.741213060559242249e+09 -1.023924450913975143e+10 -1.836136969145539093e+10 2.702405004893274307e+09 5.227125153375754356e+09 1.121449233286932945e+10 1.158584509470135689e+10 -1.047136605334709930e+10 -1.350777590219223976e+10 5.262881870486341095e+10 6.386405423133521271e+10 5.228991342816184998e+10 3.711248439094377899e+10 1.664003706404722977e+10 1.331489922664895535e+09 2.841234668947824478e+09 7.598670383261234283e+09 6.245281844148344994e+09 -3.209685084288247108e+09 2.226548265508458138e+09 1.206899634733273315e+10 6.706762884240210533e+09 6.747549418504356384e+09 -3.066683080576737404e+09 3.530473390884615898e+09 3.212465829414968967e+09 9.260419960686193705e+08 1.172531911234326744e+10 4.053292875924287319e+09 9.081726189868992567e+08 2.831869539107631683e+09 -1.305224335160634756e+09 -5.055039152180623263e+07 1.571052753985899448e+09 4.757244162752263546e+08 -8.821472008367803097e+08 3.819882873089640141e+08 1.355780970573246002e+09 2.271267748594835758e+09 3.863435863881392479e+09 -1.408066069457266033e+08 1.542965848269506931e+09 2.806958103076966080e+17 4.366096555575135200e+16 5.579712161788913000e+15 6.094902869956804800e+16 -7.170534075488768000e+17 4.998703614736050000e+15 -1.712283245502755000e+16 5.468951745305922400e+16 4.081460831314297000e+15 6.580409347853733000e+15 -1.233276178027968400e+16 -8.819104951217193600e+16 -6.090715399530773600e+16 -2.435965208815225200e+16 3.480035977250799500e+15 -3.676163951544406400e+16 -2.080312453201928400e+16 3.076676674980112500e+15 1.217738746811307400e+16 -4.556115745137058400e+16 -1.287021041282128640e+17 3.019274961859970400e+16 -1.672581741002967600e+16 1.490864752689773200e+16 1.548032704938364000e+16 -2.224659692309134000e+15 3.181755706126010000e+15 4.358941001352934000e+15 -1.969169921783853500e+15 1.274138000801437400e+16 2.448184321434115500e+15 -6.437020141228384000e+15 -9.310968218661582000e+15 -3.988058502236057500e+14 1.101314578076649920e+17 -3.644067706027075500e+15 6.153604706948384000e+15 5.075234038567808000e+15 2.808775301193264800e+16 1.019918534878586600e+16 1.527882347474762200e+16 -2.307180577865896000e+15 -1.025323513126086000e+16 8.328950577863118000e+15 6.957409861280616000e+15 1.527020694916259400e+16 6.186626121861311000e+15 -3.867880823191485000e+15 5.023077787048116000e+15 -4.227685971051513600e+16 6.082200930152718400e+16 2.082632144211925200e+16 1.801332777012139250e+15 6.108937082629074400e+16 2.255391887066950400e+16 1.175181821260058000e+16 6.146645332457002000e+15 1.039526784822712400e+16 4.503421016667020800e+16 1.186637808326115000e+16 7.865358112679376250e+14 5.544347333642834000e+15 9.522682061236612000e+15 4.460514038422493500e+15 2.540946213848396000e+16 2.053817615619448000e+16 2.283703752368431500e+15 1.743605636556861400e+16 2.077359201804647200e+16 1.364393291541854400e+16 3.615331544960092000e+16 6.948150779271251200e+16 -5.215288149677653000e+15 -4.400494368603663200e+16 -2.044251387977145625e+14 9.736855099976006000e+15 5.903151014199885000e+15 1.091863274396220000e+17 2.062589374948650000e+16 -7.049574534772625000e+15 1.187299879389864200e+16 7.665531095572777000e+15 4.412630772265215000e+15 2.095932969114795200e+16 1.134352903770852800e+16 9.275554245556150000e+15 1.632473108947880000e+16 1.145630220191771000e+16 1.862868449033651200e+16 1.256141587762233920e+17 1.374665889642124000e+16 6.782530214760813000e+15 5.457014242451879000e+15 1.315307411025233400e+16 1.075714876380236600e+16 9.681359768979634000e+15 2.860022152877816000e+16 1.189887717701876600e+16
2.557878408332431152e+12 3.132653731222652832e+12 9.185369411883239746e+11 2.675029415399038696e+11 2.078271809766810303e+11 1.959688998389301453e+11 3.300538337146887207e+11 1.037213253073623199e+11 2.051568459676119995e+10 1.239780912155595970e+10 6.366718576165693665e+10 3.176198036292119980e+09 9.719348210871995544e+10 7.237565455918912888e+09 1.225215391501396179e+11 4.904231380484489441e+10 1.597388300646931267e+10 1.607580252851547813e+10 -1.502619198527020454e+10 -3.293333007025580978e+10 4.523137215681183624e+10 -7.751579217475888252e+09 1.151229969771696854e+10 -3.131436272979750824e+10 -3.869360439360966492e+10 -7.485688742701087952e+09 -1.071386711421439362e+10 3.175362826921707630e+09 2.293549720683138275e+10 -3.719044062508828735e+10 1.394738506781430721e+09 -1.661554909249187660e+10 -1.442344089197842360e+09 -1.168943130242181063e+09 -1.001176026506506348e+10 1.452060791216712379e+10 1.735380341470302200e+10 6.291490039551838875e+09 -8.054416156536073685e+09 1.541611659683350945e+10 -1.069091108946697235e+10 -2.607554564047250524e+07 -3.552187529462835789e+09 2.025125976890669250e+10 -1.924779158648169041e+09 8.920980334689745920e+18 2.330736612522808320e+18 2.794054847660930048e+18 -2.410462371736020160e+17 -2.213648180597625856e+18 1.469944361804634624e+18 -2.172754957545744000e+17 3.263718714370765824e+18 -1.310812912315979840e+17 8.490601694664888000e+15 -2.875327964897248000e+17 -4.825141430928419200e+17 8.100813359233626880e+17 -1.322179082801391040e+17 -1.590701610072891520e+17 3.121827714224909824e+18 2.689422400412884160e+17 -2.187414206401288800e+16 -1.197426583099959680e+17 1.958716411810322432e+18 1.254199518055202400e+17 2.761079839540861200e+16 -2.033709095194975200e+16 9.711076997696807680e+17 -1.308196149654564480e+17 3.858607371108753600e+16 5.855435669502842400e+16 2.588738824822264320e+18 -1.137662061255521600e+17 7.488254150274017600e+16 7.137875594957752000e+16 7.504677294863995200e+16 1.372799521702079200e+17 1.220078895592463680e+17 8.669035061945864960e+17 -9.291482262557308800e+16 -4.663468462580917000e+15 2.764561568823836000e+16 9.618238605269991680e+17 -7.421799394866875200e+16 9.380905642654506000e+15 -2.327022219155994000e+15 4.070542208008662400e+16 2.614969373180635648e+18 -1.405348645402599200e+17 8.444992716155512000e+16 1.155708299911255400e+16 -4.243440019099101500e+15 2.432667968351658000e+16 1.298392467125364800e+17 -2.981178301864051200e+17 1.893892946575488000e+16 1.350795713717390080e+17 8.173220085962563840e+17 -1.128398928127040480e+17 4.623069830964868800e+16 -1.238583101200850200e+16 2.046804394670576400e+16 8.543559950768257280e+17 -9.539245883624640000e+16 8.209881249837991000e+15 4.412060434993653600e+16 2.625554858234250400e+16 4.710832369059844000e+16 2.604230572908944384e+18 -7.611854324349465600e+16 6.584284158837935000e+15 -4.256285425741788800e+16 -2.668542661229964400e+16 7.909513415508431000e+15 3.306226815063557500e+15 -7.703200101823731200e+16 -5.026770650806379200e+16 2.736308889088741120e+17 -5.251920039809470625e+14 5.918874504979071200e+16 -7.783985483990740000e+15 -1.689255500572146560e+17 -3.184270980383195600e+16 5.485162258005332000e+16 3.766433529438540000e+16 2.170609606523122800e+16 3.543324761797336800e+16 9.391126646869382400e+17 -2.381112024307168400e+16 1.123156080138716000e+16 3.352230870747026800e+16 2.268075034883659500e+15 -5.586538005782376000e+15 1.374665889642124000e+16 3.556308845604163584e+18 -8.944126132946155200e+16 3.511356045251654800e+16 3.168359477426877600e+16 1.684448267277004600e+16 5.640391468731481250e+14 1.308217021320481400e+16 1.080876465372622720e+17
-3.766362413394282837e+11 1.206597485969374084e+11 8.145557451348155518e+11 9.374896776327790527e+11 4.427536891049893799e+11 5.514110704959841156e+10 6.655934797348266602e+10 -5.926608078848720551e+10 -1.806235457638887405e+10 3.085742505567806244e+09 -1.545670161754598618e+10 -1.568987257866514587e+10 7.455943838581081390e+09 4.089161811169135284e+10 1.340419264085851860e+10 7.594624542374523926e+10 1.718601420472568512e+10 -2.323896876361952591e+10 -8.571325065920691490e+09 -3.299046381860947132e+09 -1.739005400540801239e+10 -7.056229491961400986e+09 4.056923641329516888e+09 9.212153108940000534e+09 1.328225139765762520e+10 1.174436629929074860e+10 3.471679490427771759e+10 1.686116358520015717e+09 9.560728480477594376e+09 1.173668645892827034e+10 -1.016754423138674498e+08 -5.932029075573010445e+09 6.017114386348823547e+09 6.990626735341239929e+09 9.867743291528465271e+09 -2.965241146943230152e+09 1.253786226510327816e+09 -7.519710342756752968e+09 4.171076357980902672e+09 1.005205116540563583e+10 -4.071596410635424137e+09 5.896741393448351860e+09 7.536771437363930941e+08 -1.006196509217182517e+09 4.681009228472301483e+09 -1.680970331244989952e+18 8.478896727579563200e+16 -2.947671284671989200e+16 6.074452782050615040e+17 2.759307526853862720e+17 4.612675985158000800e+16 2.931007346335862400e+17 -2.891584237896602500e+15 3.434841817132108800e+16 4.234953991800352000e+16 -2.551206064819378560e+17 3.367451433161667200e+17 -1.906052224325213200e+16 2.222282872313007360e+17 -2.631839890730186400e+16 -6.060294627155376800e+16 1.856795260319556800e+17 1.066855127638191800e+16 2.877907697747456800e+16 4.980044978550030400e+16 1.155075892149569600e+17 2.003533845120773440e+17 1.488597246352085250e+15 -1.489295721421626600e+16 1.392443064629204960e+17 -2.079659473770502800e+16 3.215713026469386000e+16 -8.517268007228792000e+16 9.804943321233888000e+16 -1.029038957768848400e+16 -1.146419811476960000e+16 4.259385682223606400e+16 3.627053532276904960e+17 -9.870958997500130000e+14 2.057263706564268000e+16 1.071655900322978240e+17 1.563814516486988400e+16 -9.859993128157162000e+15 -1.225817342258040000e+16 1.147575950226792960e+17 2.688025326788437500e+15 9.671685775156204000e+15 1.594302781399541200e+16 -1.321049593901690240e+17 9.255501645053996800e+16 2.276425524275930400e+16 4.571242787589935000e+15 2.866677025840749200e+16 -4.841151566054828000e+15 1.692207179049465600e+17 2.101052258033666240e+17 4.170612406117668800e+16 -8.516250297677202000e+15 1.511549239055289280e+17 6.705319612585035200e+16 6.039240500799778000e+15 1.750776274306070800e+16 -2.404232752860066800e+16 1.378126713206601000e+16 1.392535027982237600e+17 5.413335063473328000e+15 5.613662656460040000e+15 3.053220985575897500e+15 2.767092802141554062e+14 -1.416439301629298080e+17 1.524531268512525120e+17 1.329258980739990000e+16 -3.193265952978257000e+15 -7.068615399065122000e+15 8.454803500848515000e+15 -1.092817260033940000e+16 1.256520912888816600e+16 -3.939542752275196000e+16 8.018157524618121600e+16 -2.077953616217296000e+15 1.248215607601518200e+16 9.274427375600266000e+15 4.591669652942581600e+16 9.766684159584752000e+16 3.458553089285363000e+15 2.337489304555931200e+16 9.213792053621954000e+15 -5.588316365441083000e+15 -3.412067106709150800e+16 1.678772266542617920e+17 5.425332320972303000e+15 9.041409315075622000e+15 3.963803272989250500e+15 1.604966339838770200e+16 6.782530214760813000e+15 -8.944126132946155200e+16 6.331072822882031360e+17 2.079306832574946000e+16 3.898732518959483500e+15 1.570186107633567800e+16 2.501211078696007600e+16 1.186077015770644000e+16 1.081892332801678200e+16
1.874488142846368408e+11 -4.968842617976415253e+10 2.813094423045982742e+10 8.733277713158099365e+10 2.299946890173027954e+11 3.538690460810070190e+11 1.256114922052673035e+11 -3.555137864546359062e+09 -4.854373046418113708e+10 1.581262845922266006e+10 1.190748184508854598e+08 9.344505405704429626e+09 1.223142957637375069e+10 2.598458218451433563e+10 2.107048687425867081e+10 4.693815630736411285e+10 1.740873660359514236e+10 2.419098831014285088e+09 -3.479252916085489988e+08 3.139551515563212395e+09 -1.377688370905220032e+10 3.367323572770207405e+09 5.596012678128919601e+09 1.971903283320334244e+10 6.534241713602275848e+09 -4.243067308002683163e+09 -1.282816078210419893e+09 -3.138678964912671566e+09 3.800418242916906357e+09 2.918151792598184347e+08 1.500926569447330475e+09 -6.579352640062791824e+09 1.996360131692614555e+09 2.508960268868080139e+09 4.366768536971378326e+09 7.199494347315804958e+08 -7.781703050439741135e+09 -3.764953864118509293e+08 -2.464109863041719437e+09 -5.118131041025934219e+09 2.729828183739121437e+09 2.276846693762077332e+09 -1.438407411210828066e+09 2.019436071067903519e+09 8.296988637558066368e+09 1.586431906653723000e+16 -1.860891195042350080e+17 7.801003097421264000e+16 1.722141167101602200e+16 7.544466790922833920e+17 1.868135281983568000e+17 6.417827357424493600e+16 1.551852302255478720e+17 1.017133971296582880e+17 9.715387591331243200e+16 6.516127787645386240e+17 -1.815475645108348400e+16 1.297088588150801600e+16 1.872667074300278400e+16 7.468823664007089600e+16 8.638551424674560000e+16 -2.966060504226106000e+15 3.646853488847512800e+16 3.738276300449213600e+16 6.418290831740407000e+15 1.767810655623808960e+17 8.151719750883996800e+16 5.728098956967950400e+16 -1.587902477857631400e+16 7.212085191525020000e+15 2.858869546073316000e+16 2.477244449604370800e+16 3.799408910638613600e+16 3.632609347743275200e+16 1.197852326753218600e+16 -2.234494264532478500e+15 1.802895627901979600e+16 3.218502632378294400e+17 6.108591304154824800e+16 2.693871506722428480e+17 1.304674280546936000e+16 4.890727452729990400e+16 -2.186647792174741200e+16 5.662366645183383200e+16 2.878997520164660800e+16 4.044878109694183200e+16 1.599512973890386800e+16 2.809119302211490000e+15 8.593339580171226000e+15 -2.423670499297100800e+16 3.571874652869282000e+16 1.943133884122082750e+15 -6.949487214223774000e+15 1.948495104768939200e+16 1.928195384706816000e+17 -1.302137544437085920e+17 5.290197998372954400e+16 5.029330317620105625e+14 1.590301054705515520e+17 4.007451259449631000e+15 2.751899355092462400e+16 -5.385592743553179000e+15 1.197702600961447600e+16 -1.746460662523708800e+16 4.871151015548562000e+15 4.585171650326144000e+16 -4.923342599091620000e+15 4.898014680876951000e+15 9.886698043214646000e+15 4.566307909474548000e+16 6.151277911049479000e+15 4.899630295527859200e+16 9.964291992979245000e+14 4.096625853734340000e+15 8.749103821991275000e+15 -3.650728992556352500e+15 7.446916528324833600e+16 1.149495832548336200e+16 6.084055304931828000e+16 3.964413745077512800e+16 1.346575767121818200e+16 8.371059191424977000e+15 -5.913017300001967200e+16 6.270370945700537000e+15 4.426257401612839200e+16 -4.730990739110230000e+15 4.928836162591267000e+15 7.244984082232030000e+15 -4.673018078726948000e+16 5.834164864029389000e+15 6.061758798823351200e+16 4.720005544675793000e+15 8.563227830260478000e+15 4.128484984974932500e+15 5.457014242451879000e+15 3.511356045251654800e+16 2.079306832574946000e+16 3.181812189175886080e+17 2.188514509583105600e+16 7.362599009632218000e+15 1.755758087574789400e+16 9.274414817041687500e+14 1.697630881461500400e+16
1.123068507846102600e+11 -2.041768627897924805e+11 6.743829469093628883e+09 4.310525417125061035e+10 -2.101448315433346558e+10 2.882857782738536453e+10 1.189654355406121979e+11 1.675097000446858215e+11 7.009120916131637573e+10 3.271082492777677155e+10 1.060994833049009895e+10 3.786787198199723721e+09 2.135983733080519485e+10 2.863676695511515045e+10 3.282419956285863113e+10 4.992671719788182068e+10 2.255007181685921097e+10 -3.142475108975053310e+09 6.908505234428539276e+09 2.879783952634088039e+09 6.181382673748373032e+09 1.586176441717106819e+09 4.132597190816107750e+09 7.876931496475047112e+09 1.005270634707729149e+10 1.197492259872486496e+10 -4.253558946701509953e+09 -3.524300744115796566e+09 6.685576101015001297e+09 9.951955511573001146e+08 9.684805282137302399e+09 5.909620279755864143e+09 2.631491897845335484e+09 -1.496545497923968315e+09 5.157166914191040039e+09 2.662823558609917641e+09 -3.438023029444503784e+08 2.547671962881137848e+09 3.765532882169321537e+09 2.101560529653379440e+09 9.694278521564955711e+08 2.488710671428333282e+09 5.179046071033809662e+09 3.671269422376736164e+09 1.768111009311004162e+09 4.865791638831244800e+17 2.101758462005468480e+17 7.707885953761475200e+16 1.148610653917672960e+17 4.750436360137619200e+17 -1.102680374364572000e+17 3.661032305066432800e+16 3.101556204030196800e+16 1.293298329515891400e+16 4.546480536925577600e+16 -4.279952649302215680e+17 2.624496084623962800e+16 6.223854430541436000e+15 1.972640840408182800e+16 6.323782139875689600e+16 1.888896621504709200e+16 3.844794890774435200e+16 3.872063368415895200e+16 3.913187627009069600e+16 -4.440252323749585920e+17 -1.358544682246223600e+16 1.022066443788822200e+16 3.080707254593356500e+15 -1.005572024345940600e+16 8.479531167597795000e+14 1.585940724972948400e+16 4.084547952264881600e+16 6.268195989712467200e+16 2.924804927164161600e+16 7.519205972933317500e+14 5.723974355190726400e+16 1.880794120785482000e+16 1.804060023788914240e+17 3.865774124442224800e+16 2.448110513077642240e+17 2.741773788612618000e+16 1.335129560748293200e+16 2.542449311096853600e+16 -5.038805290547616000e+15 1.072142553468481000e+16 1.007258349533382200e+16 3.078559082348842400e+16 2.087374906540612000e+16 8.139695798214462000e+15 1.726827606280738250e+15 1.609992775075840800e+16 1.680781494325934200e+16 5.566410747102931000e+15 1.911835038345518400e+16 1.921839315407699200e+17 2.466562863383878080e+17 2.022175321704533200e+16 3.864715972893081600e+16 -3.413632740083475840e+17 -2.427935598855224000e+16 2.303889138704759062e+14 2.484299024219977200e+16 1.033734527907756200e+16 -2.866828572009021600e+16 -1.804989414263128000e+16 7.806227755322209000e+15 1.385135009863404800e+16 1.073585480283434800e+16 -4.635848926662396250e+14 4.862691966361488800e+16 8.094063370998931000e+15 4.923331340021901000e+15 2.176532962293472000e+16 -1.026036687755931400e+16 6.436391853096659000e+15 -7.271439548128470000e+15 5.563120072558982400e+16 8.028862456699494400e+16 -9.517949326996776000e+16 1.908819949176672000e+16 2.996344141391108800e+16 4.038825180122493500e+15 2.321101268274073200e+16 -8.395247460794716000e+15 1.033795325993438250e+15 2.130430772327826400e+16 8.651410922754654000e+15 -1.015813904833718600e+16 5.400884720353642000e+15 1.549972429202468600e+16 2.359404066178198800e+16 3.136233031034172800e+16 1.542591027252493600e+16 -3.252959891553743500e+15 1.315307411025233400e+16 3.168359477426877600e+16 3.898732518959483500e+15 2.188514509583105600e+16 2.217634881545594240e+17 2.830061467741462800e+16 1.179475175139347400e+16 1.302815005553550800e+16 3.371186108364982800e+16
4.370029728817882690e+11 -3.437528381985549164e+10 -2.408112533363319397e+10 -1.593009104266995430e+09 3.458418635079368591e+09 -4.679196358231733704e+10 -2.427280712314410782e+10 -7.121499242051726341e+09 5.353690245416294098e+10 7.793483080124243164e+10 5.243638410937129211e+10 8.009661716635316849e+09 1.258594194397644806e+10 9.712118100387931824e+09 4.583873187998603058e+10 6.134061264702096558e+10 3.714950392359317780e+10 -1.738143708733941317e+09 -7.750846381744649410e+08 3.868365242764626026e+09 6.226190508289859772e+09 1.750194850996379614e+09 2.274152603920696676e+08 -1.867569143790545940e+09 -2.744255135119000435e+09 9.094282437310213089e+09 3.620173134569373608e+09 4.653977846892125130e+09 6.447895879463839531e+08 2.318842790546679497e+09 4.287958945585692406e+09 3.740329339928353310e+09 3.386633384214357853e+09 -3.608966344571152925e+08 -3.607424614912412167e+09 1.093178488904191971e+09 -1.604089125430927992e+09 -5.792529447453004122e+08 2.081206079590187550e+09 7.248441412094761431e+07 -7.853441466422923803e+08 3.576839812178870201e+09 2.914337460067628026e+08 -1.245982673999962568e+09 -8.393361358680985868e+07 2.058148859112831600e+16 1.998669296090024320e+17 2.535431194452198400e+16 2.682180803919461440e+17 -5.486462839070256000e+17 -1.242179046667419840e+17 3.120285427851660000e+16 3.129669913840864400e+16 -2.627354758685473200e+16 -3.678394011789917600e+16 -1.728773797702795520e+17 -4.428816854103961600e+16 6.897688321761164000e+16 3.461580583323187500e+15 -1.364010924184775750e+15 3.669723927957743200e+16 1.740520095231482600e+16 -2.332151795605999200e+16 8.734423908546964000e+15 -3.565961018239543680e+17 -1.793266094054907520e+17 -2.404123073399752500e+15 -4.508322104784816000e+15 -4.254198140023566400e+16 8.624184892567230000e+15 -6.124125535625778000e+15 -5.362040803197626000e+15 3.157967884064297500e+15 2.531304498355765000e+15 2.448302644605122400e+16 8.251456378863830000e+14 1.845945464801099200e+16 1.174876366785340640e+17 -3.561373176574312400e+16 1.441607263386924800e+17 1.752741919311419000e+16 -4.941122862332310000e+14 -6.361687491351032000e+15 4.989662178151503200e+16 -9.213029824397422000e+15 2.551725339057596000e+15 1.924476608159187500e+15 2.580406566288183200e+16 -1.167478691478726600e+16 9.382472353783054000e+15 -7.219975943662320000e+15 2.753576401523353750e+14 1.361133287715497600e+16 2.199483862239248000e+16 1.011853671192913280e+17 1.700169417850742720e+17 2.783088589885818400e+16 4.680138355070501000e+15 9.317846731139870000e+15 -2.112150395660778000e+15 6.804391062352426000e+15 8.290464827518473000e+15 2.316265201820353200e+16 1.068697021077676800e+16 1.914000491625378250e+15 -1.519380483981329600e+16 7.528021485284099000e+15 6.721748793612522000e+15 6.926463954654004000e+15 -1.588758742997662800e+16 -1.719686353759199400e+16 -1.154731023782084400e+16 -1.878582016896501250e+15 1.708781301178398600e+16 7.171334292481988000e+15 8.617002509481618750e+14 5.229493310289460800e+16 1.348500657800212800e+16 -4.934071224725763200e+16 2.788288487020449200e+16 1.877088893640382800e+16 9.432146572359572000e+15 -2.230983853634210800e+16 1.629663931687287400e+16 4.294402305439717500e+15 1.229212797853264400e+16 2.085340918373570000e+16 5.213222042524292000e+15 1.880706776845021200e+16 1.299119494134963400e+16 5.236119817673377000e+15 1.212268013026835400e+16 2.576172469431253200e+16 1.209748068080865400e+16 1.075714876380236600e+16 1.684448267277004600e+16 1.570186107633567800e+16 7.362599009632218000e+15 2.830061467741462800e+16 1.586624230481136960e+17 3.060025305968922400e+16 2.180988434251644000e+16 2.582073222314611200e+16
1.091698713101080017e+11 -7.554515809471893311e+10 -5.065961988257287598e+10 -2.843257305769090652e+10 2.897067105125836849e+09 7.280017138633611679e+09 -2.301652478387701035e+10 -2.454774400173049545e+10 2.170249302611754227e+10 2.262310272422151566e+10 1.961711348952402115e+10 4.012937130484265900e+10 3.378356622955152130e+10 -7.664864175499083519e+09 3.477645029277167511e+10 6.929108096455131531e+10 4.473751525781968689e+10 1.881851470278446436e+09 2.100956971334251165e+09 5.598412828841732979e+09 -6.679446767591961622e+08 8.799150370529514313e+09 9.823811278020807266e+09 1.142367865871913719e+10 -1.753527931627513647e+09 2.520950624679089546e+09 -1.805538028878832340e+09 -4.255953243467434883e+09 5.108450085166860580e+09 3.194085170325577736e+09 3.995049067702744484e+09 -1.569330942288745165e+09 -5.192165477391423583e+08 3.970818530970798492e+09 9.563734236773340702e+08 2.999068437043195367e+08 -2.540890615228055477e+09 -1.317602098039657354e+09 5.543597062818988562e+08 2.323954207816245556e+09 2.930551869029322147e+09 3.832747066034346581e+09 2.590454501499005795e+09 1.482194645440813780e+09 -3.568497154658777118e+08 4.263199424785927200e+16 -2.137983627809749760e+17 -5.431481331177153600e+16 1.819716410058183040e+17 -1.182825068577146624e+18 -1.609863364930153280e+17 2.204312711027256000e+16 3.213085184958118400e+16 -3.227632150009526000e+16 -6.183258820653440000e+16 -6.351875611238748800e+16 -2.736346806037771200e+16 -9.987850646778270000e+14 7.747193657481238000e+15 -4.034521038565556000e+16 -3.069767087836681200e+16 -2.293122948272848800e+16 -4.460086230911667200e+16 -4.493429342817285000e+14 -2.763193194888924800e+17 -7.376256834388220800e+16 4.786448826679747000e+15 -2.085117180368761200e+16 -3.287041608701027500e+14 -1.060791698230932400e+16 -1.609701484911194750e+15 1.197926759508485000e+16 5.182008171473800000e+15 -1.415875795925917800e+16 -4.311836682386504375e+14 -3.510908501962530500e+15 2.749455521092677200e+16 -5.703804942570260000e+16 -2.593947340807564800e+16 -5.231945609415593600e+16 2.287720924366628000e+16 3.061684448257380000e+16 -1.409791341086802800e+16 4.276212191275552800e+16 1.637822062352659800e+16 6.240625234663377000e+15 8.220598981682450000e+15 8.890411658134690000e+15 1.836263535420349250e+15 2.124625286573285250e+15 6.337734970639205000e+15 3.871578647807364375e+14 1.378170620142982200e+16 1.232822402615961400e+16 4.461199997836912000e+15 7.643345734366340800e+16 5.189103768900529000e+15 1.536547046606660600e+16 -1.337874139619768640e+17 -1.689848332397359200e+16 3.024368011071897000e+15 3.182077916854551000e+15 9.965254367827758000e+15 1.123561286519003600e+16 5.229252573493690000e+15 2.544712398861228000e+15 1.060632354923822800e+16 7.055470909102584000e+15 1.445343025470765600e+16 -1.302372529081967800e+16 1.770814222745278250e+15 3.301837807824379500e+15 -4.830455501506345000e+14 -7.630819724496258000e+15 7.784604611907865000e+15 1.445674867648617200e+16 -1.139300331709769120e+17 1.466780328870614800e+16 -7.748011098615054400e+16 1.164880651987894200e+16 1.002998226637424200e+16 1.318297386330580400e+16 -2.543375411390637600e+16 1.270262961965031000e+16 9.084318049453170000e+15 1.631042800409843600e+16 1.042873528327805800e+16 1.053251332287680000e+16 -2.277855239630604000e+16 1.480178741050916600e+16 2.296291305907475600e+16 7.373895978492210000e+15 1.305296745542623800e+16 2.254629067210981600e+16 9.681359768979634000e+15 5.640391468731481250e+14 2.501211078696007600e+16 1.755758087574789400e+16 1.179475175139347400e+16 3.060025305968922400e+16 1.426167932026435360e+17 3.123141694472276800e+16 3.299973908387188800e+16
7.563453395298507690e+10 1.002134140369525604e+11 -2.375247502333286285e+10 2.263333628821089935e+10 -7.896216822429478645e+09 -2.959290235394037247e+10 -5.476403581891522408e+09 -1.893861784639017105e+10 4.059518027810815430e+10 2.958794960679288483e+10 1.689067104757585335e+10 -3.320212801385260582e+09 2.474463125292058563e+10 3.804184509295724487e+10 5.682803290902519989e+10 5.812819101047445679e+10 3.048684961911642456e+10 2.933654626471453667e+09 -2.448812891108945370e+09 -3.043960420045115471e+09 9.439459669699977875e+09 1.037491300520102620e+09 2.305472269265291691e+09 4.159230039741129875e+09 4.451945979793045044e+09 7.333469910941173553e+09 3.890308031517268658e+09 3.648655826160254955e+09 2.422912613658164024e+09 6.380930106699782372e+09 2.395709539934168339e+09 -2.623652407485231757e+08 -5.935299071529862881e+08 -4.696566912528104782e+09 -2.495515946420337677e+09 4.708886050335943699e+08 -3.941222303331677914e+08 5.848995384623004913e+09 -4.846202256436250806e+08 -7.500186737729010582e+08 1.799834818670522213e+09 5.201504841678278446e+08 -9.765302140212881565e+07 5.313368047421308160e+08 -3.595733943664714694e+08 2.241366313419736000e+16 1.442657238941599040e+17 9.012832361798644800e+16 1.466652909577213800e+16 -1.335982278279766784e+18 -2.176132272687926000e+16 -2.568593459827584400e+16 -8.777470513275064000e+15 -1.266786669298525000e+15 5.758100241542086400e+16 3.878797851359869440e+17 -1.608350067195194000e+16 3.040510542331677600e+16 -1.210435904108016800e+16 -3.732367127368431200e+16 3.437731441045364400e+16 2.621977168743737500e+15 -1.443554119829351000e+16 2.419567078721230400e+16 -2.584660324268911360e+17 4.384234067635137600e+16 1.600727585226332600e+16 3.811992422772600000e+14 -9.705380290336790000e+15 1.073263077382611800e+16 -2.932802074857396500e+15 6.952493310021001000e+15 -1.030917732822024800e+16 -6.813732633001280000e+15 1.060291632533976400e+16 -2.953634593990515500e+15 7.625878214554894000e+15 -5.965961700080030400e+16 -1.100798038913289600e+16 -5.276805834793936000e+15 -1.284872740718607200e+16 -2.978707066526689375e+14 -6.862988924995837000e+15 4.265593302557132000e+16 2.574469276493868000e+15 1.754445162473522250e+15 6.777461907342315000e+15 1.555674966101718000e+16 8.009235711283663000e+15 8.235573049868319000e+15 3.355506091591018750e+14 5.406854299509235000e+15 2.961843993280397500e+15 1.395960138081660250e+15 -4.296424344183436000e+16 -1.263846463024791200e+17 1.424827036434218400e+16 -3.653277004399591000e+15 -2.357322986230659500e+15 1.800802052613061000e+15 7.261800252247916000e+15 7.507989408348015000e+15 6.437459596545411000e+15 2.751743080476755600e+16 1.139445518675022000e+16 -8.060768209254522500e+14 2.764678099059113000e+15 9.777812197584142000e+15 2.210023781517065250e+15 -9.147899542899634000e+15 4.487114020163100000e+15 3.714876800928461500e+15 3.309723797654353000e+15 1.176788538585647200e+16 1.113224458244429600e+16 5.835429946780407000e+15 -1.079890711222088400e+16 3.361619622518668000e+15 1.823212479396676400e+16 1.173349297934846600e+16 5.128209860066574000e+15 9.124133060006532000e+15 2.218735916893666400e+16 8.814164385598988000e+15 4.021162446542346500e+15 8.945775625071980000e+15 1.381007837704299600e+16 4.421823588600978500e+15 7.933937006916947000e+15 1.445222738686883800e+16 9.701558939297144000e+15 1.724001604110572800e+16 1.423054774404237200e+16 1.226354955283699000e+16 2.860022152877816000e+16 1.308217021320481400e+16 1.186077015770644000e+16 9.274414817041687500e+14 1.302815005553550800e+16 2.180988434251644000e+16 3.123141694472276800e+16 1.180978270495996640e+17 5.908808777355920800e+16
2.477206363898491516e+11 -8.843138316574874878e+10 -4.632651530398796844e+10 -9.217419210176046753e+10 6.080816454744095802e+09 5.613786784770816803e+10 -4.547459997895387268e+10 -2.670997010135686493e+10 2.162674280801657104e+10 -1.993036024027209759e+09 -2.748934665430250645e+09 7.985662397788723946e+09 -8.471000290751729012e+09 2.034994121081746674e+10 7.625211099003134155e+10 7.819211222067370605e+10 2.791916288219377136e+10 -2.749907332749808502e+10 -2.320223375711563110e+09 1.985547720866682434e+10 3.767567686972653389e+09 1.711862085087992668e+10 1.021189639891151237e+10 5.162136224137095809e+08 6.409973222781866074e+09 2.365413126838295364e+10 6.699755394603034973e+09 -4.491344967730815887e+09 -9.150843706830072403e+07 -8.036467066825080872e+09 -7.070432456423698425e+09 -4.085847285625290871e+09 -7.628594606513570786e+09 -7.229810483710358620e+09 -4.205639656700489521e+09 -2.049094969381800175e+09 3.784442157448243141e+09 5.272536587044788599e+08 7.282520150079051971e+09 1.192656437576321030e+10 -2.899801710875970840e+09 3.236742296985176563e+09 1.064249012892374635e+09 2.950687569394235611e+09 -1.771417721412107468e+09 5.952970262691892480e+17 -1.407358035961117920e+17 1.187530028155160960e+17 8.848142788618009600e+16 -8.017967490535219200e+17 3.796992725909108000e+16 -1.805937973415762240e+17 7.437877771943883200e+16 1.539725067687396875e+14 -1.810104405640605120e+17 1.864810304002073280e+17 5.205414453091710400e+16 -1.042228288422866720e+17 1.599332979733914400e+16 2.370853010159779000e+15 1.441849183337412160e+17 -6.013364122577265600e+16 1.798705802829762800e+16 1.877886281291102800e+16 5.168382295749005600e+16 -8.528245086750791680e+17 1.110460380369513760e+17 3.823551199028240000e+16 1.086513479151785120e+17 -2.544688078966461200e+16 1.862717974021498500e+15 1.161059041917562600e+16 -2.856267759691580800e+16 -8.501701527905778000e+15 1.662663251643483200e+16 -1.155584241867113600e+16 -1.969845716723937200e+16 -7.771106036584944000e+16 -1.722737240122695200e+16 4.224830717327758720e+17 4.275396339587024800e+16 -4.927001541798395000e+15 -1.571150615003267600e+16 6.486423717729957000e+15 -3.369464180566372400e+16 3.873348256685915000e+15 1.736767067093714000e+16 -2.541497548030506500e+15 2.732366559065366800e+16 -1.996745661202304800e+16 -1.894647723780608500e+15 -5.998527298015984000e+15 8.412326455679121000e+15 2.369359644678620000e+16 2.480694429889959680e+17 1.145531390026762240e+17 6.701419661694387200e+16 5.787501118488860000e+16 1.380875568979343200e+17 -1.964074160358388750e+15 1.561623544860243200e+16 1.282591022973934800e+16 9.952155277668856000e+15 1.441097389980449500e+15 -2.965199919417086000e+16 8.068849601810936000e+15 5.893450784339016000e+15 -1.884042411447328750e+15 7.761515678475782000e+15 4.200213355804094400e+16 -1.556097310529314600e+16 -3.585742858457038750e+14 -7.388147933546850000e+15 6.122348816688245000e+15 -3.082684593487156250e+14 -1.390586998453118400e+16 1.451923239466350080e+17 4.095238516908201600e+16 9.323338049782828800e+16 2.678353449073474500e+15 4.597782164238956000e+15 1.442843113721789800e+16 -6.985727967986025000e+15 -2.032374003589472500e+15 -2.491074006779253000e+15 9.536670073921112000e+15 1.973066257223932000e+16 1.271411721636826800e+16 5.399130457306486400e+16 -7.221591238982353000e+15 3.253650917117964500e+15 1.452842073201734600e+16 1.393113782275432400e+16 1.224041037100671400e+16 1.189887717701876600e+16 1.080876465372622720e+17 1.081892332801678200e+16 1.697630881461500400e+16 3.371186108364982800e+16 2.582073222314611200e+16 3.299973908387188800e+16 5.908808777355920800e+16 5.469664365608440960e+17
