# P+B covariance for NGC and p = 1.0
# 
3.845311648947490454e+08 2.979220988840358704e+07 -4.979215753631941043e+06 -1.546852895035835216e+06 -5.973197747185721528e+05 -1.108036561124059837e+06 -6.802884636953661684e+05 -3.749473634545525420e+05 -8.719911719469260424e+05 1.003890294496659073e+06 5.750276739187925123e+05 7.301912148466940271e+05 -7.155812536573651596e+04 -5.121966164518371224e+05 7.969016951365733985e+05 -5.260227309816908091e+05 -3.645217546074882848e+05 4.998644811462722719e+05 6.585296463326083031e+05 2.013841251878857147e+05 3.739010239901503082e+05 -2.019197886761605623e+05 -2.451000720457156131e+05 4.106977701253901469e+05 1.975987215694556653e+05 1.083387324708254455e+05 -3.367623342536515556e+05 -2.058961988494697434e+05 4.675835513550444157e+05 -8.716558445435778413e+04 1.794943633534544788e+05 6.534505284773276653e+05 1.701339946039515416e+04 -1.134446790587152354e+05 2.382534280667097773e+05 1.904009994350067282e+05 9.549284870881109964e+04 6.609710464449842402e+04 3.682651866690628231e+04 8.098318272641205112e+04 -1.240279517477252812e+05 2.153275789886066923e+05 1.448119660214606847e+05 3.485008537816897151e+05 7.245916842519069905e+04 -7.005730451359602539e+12 -3.832800342392874023e+12 4.018589227232589844e+12 -2.184832236924568848e+12 -2.973969661489423438e+13 3.431953479294562988e+12 2.012881868946980713e+12 6.771425528816164062e+12 1.895439312225295166e+12 -1.927254083618406494e+12 2.067263043363510156e+13 1.130762290324052979e+12 2.606093273724237305e+12 1.022083057270093231e+11 -8.945139915853837891e+11 6.048178497714498047e+12 -1.408292822581695801e+12 1.040011007203299805e+12 9.359513177341431885e+11 7.043948532379124023e+12 -4.664838120507186523e+12 -6.847299849891048584e+11 -1.664703811750651367e+12 2.005953119552972412e+12 -1.166110398267733307e+11 1.538855752693204346e+11 7.039197736100159912e+11 4.925897440318788086e+12 1.173304927428398438e+12 -1.008688946699478149e+11 -2.141844859982300415e+11 -1.421139477833383179e+11 -3.612528093799115723e+12 -1.078266046296374390e+12 9.952203675593923828e+12 7.165054197017672119e+11 -5.601066263785223389e+11 -2.492897000924345093e+11 1.198310907581272461e+12 5.888561416043627930e+11 8.275511720192404175e+10 -4.387753630310004883e+11 -1.852812853449683533e+11 3.875964441851076172e+12 -1.743507436344034119e+11 4.541644440014261475e+11 7.923223742074511528e+09 -6.471302285352493896e+11 -7.210057698337794189e+11 2.436604971757360352e+12 -4.520103292261006836e+12 -1.524306137548511475e+12 -6.301671363373483887e+11 1.423232235735158203e+13 3.062184867576409912e+11 4.565021546455009766e+11 -1.952678230766441956e+11 2.369131850707565002e+11 1.679277598085758301e+12 -4.791484384857583618e+11 -1.083384320089098816e+11 2.471544518038309021e+11 2.018560032659597168e+11 -6.696875718138450928e+11 3.598850616503171875e+12 -1.111257222301479980e+12 -6.581027485708886719e+11 -5.858893951593198242e+11 -7.436838993931941223e+10 2.737113208716487427e+11 7.348635981874603271e+10 1.075939126814154907e+12 4.627765335286849976e+11 1.740159941249399567e+10 -2.865335140561732788e+11 -5.319383157208049774e+10 -4.807083461911164551e+11 1.380284425531641113e+12 -1.372160979590193848e+12 3.848833214419752197e+11 2.374879152514848633e+11 2.191162991602752075e+11 4.430463891615680695e+10 1.515176229987343262e+12 9.018067577836492920e+10 -1.361369674383386421e+10 -2.440064779040798950e+11 7.906202499330653381e+10 -8.799573470559701538e+10 -7.047165600076490402e+09 2.370530553226826660e+12 -3.122649496033716431e+11 1.035689780649283905e+11 8.163673409829867554e+10 4.891419178857854004e+11 1.389652374499764099e+11 1.542939001473207703e+11 4.505749098921228027e+11
2.979220988840358704e+07 9.796141651759773493e+07 9.543580447364019230e+06 7.108888930872846395e+05 1.041235872882897966e+06 9.006183594964962685e+05 2.363696159332514799e+05 -6.413196806341533083e+05 1.030003111731432728e+05 7.998668953578185756e+05 2.568352127843841445e+05 -2.039429665126695545e+04 -6.679550740154810774e+04 -9.310939139337043744e+05 -2.449490392555012659e+05 8.214855056276654068e+04 6.004547538418322074e+04 3.470688997064758441e+05 -6.097342044958913903e+04 -1.331937618392971926e+05 1.737570879424927989e+05 -1.363291798186816450e+05 -1.418756113408380188e+05 -3.148392307809948397e+04 -1.506065570956226438e+05 3.814272851963926951e+04 2.923040458667861531e+05 -6.782615556386295066e+04 -2.867171876457234248e+04 -9.795799927969135751e+04 -6.576592680646850567e+03 7.233839698229572969e+04 6.282272082256362773e+04 9.872080182380232145e+03 3.944753354840457905e+04 9.545484198252488568e+04 1.210114249639406989e+04 6.640407737157601514e+04 -2.041657036442025856e+04 -5.311088531258654257e+04 -1.218571830679125706e+05 2.812191085660905810e+04 6.726003473645159829e+03 1.223138815433507443e+04 1.202628932028387644e+05 2.215374630602756250e+13 1.409191289414366406e+13 9.545489907133533203e+12 1.776570411327649658e+12 1.576149121464993896e+12 6.985185873156940430e+12 1.720825139276189880e+11 7.598957743924970703e+12 2.482179187715436035e+12 -4.544035606995205078e+11 7.085705141610716797e+12 1.502324338397905762e+12 7.878189604668600586e+12 4.576141461827871704e+11 -4.261536134072633667e+11 6.259826088032860352e+12 1.331803660185683441e+11 1.914386749552935486e+11 1.955372922030473633e+11 2.051420737365500000e+12 1.195184723267402588e+12 9.057313477668604736e+11 -2.848108121060464478e+11 4.920680074628671875e+12 9.766837290340579224e+10 4.124873170050150299e+10 4.994644854476355553e+09 4.558028100252207031e+12 -2.313246115674372559e+11 2.567771012337215805e+10 -2.903834832505370712e+10 -5.438611301636166382e+11 1.466985652700590088e+12 2.699770977112626343e+11 3.594926073887633789e+12 2.254301859174422607e+11 2.491745049401459656e+11 -1.067117575867262268e+11 3.960186585280052246e+12 1.240856564520746765e+11 7.417031565453111267e+10 4.711626404316546631e+10 -1.449009918238029785e+11 3.948634580091962891e+12 -3.607448839274194336e+11 7.820406536654307556e+10 2.947190217644816284e+11 2.671596270498125000e+11 4.738872424192232513e+10 -3.548727944811517090e+12 6.390284505811766357e+11 -1.912942897348768616e+11 -3.153403240981201172e+11 2.955932225339335449e+12 -6.745099758273939514e+10 1.172316500538934326e+11 -8.773426980019001770e+10 1.034651119908330078e+11 3.111703099675966797e+12 -3.475521783991404419e+11 8.124271263507043457e+10 2.937885486730170822e+10 -7.952690200221901894e+09 -3.856017971665514374e+10 4.800196549866426758e+12 -5.825709898890336914e+11 4.609741863914032745e+10 -4.074702639587103882e+11 -4.352727860266519165e+11 8.791152248801844788e+10 -4.207290430797074585e+11 -8.329930708395852051e+11 -7.575728802181826172e+11 5.535061855044299316e+11 -1.154960202332660675e+09 7.794871126076310730e+10 3.370215703006345367e+10 3.445502284117807617e+12 -7.114169410238114929e+10 -1.050318040816768036e+11 -1.509655503028175659e+11 1.322934992300487976e+11 -5.549766817700559235e+10 3.898280791504762695e+12 2.308724913166503296e+11 1.286206784173784180e+11 -1.181890416841515656e+11 -1.827265318754190826e+10 1.315611887241873169e+10 -5.006569518393775940e+10 3.818785955412156250e+12 9.592774092370695496e+10 1.971849521651245499e+10 -1.309447281835471344e+11 4.015081042874627686e+10 -1.078628101638497620e+11 8.230316578282882690e+10 4.100038654111697674e+09
-4.979215753631941043e+06 9.543580447364019230e+06 3.996263204298035800e+07 5.225583436501623131e+06 1.322485639704806497e+06 1.089180599098081933e+06 6.762212426196301822e+05 3.277574993893049541e+05 4.941613502263666014e+05 4.710947812051734072e+05 -2.336802450542651059e+05 2.322985236028899672e+05 -2.223643352665168641e+05 -1.409849800934797095e+05 6.427654995624481671e+04 -1.503978567360765055e+03 -8.031381477582517618e+03 -2.191242313625036622e+05 1.632358932154738868e+05 -3.136402691315626726e+04 -1.310500175175907134e+04 -1.963328027568305261e+05 -7.900238123734231340e+04 4.589621269683212449e+04 1.721155808030784538e+05 1.650786784233177896e+05 1.641721584026658675e+05 -4.229927096849094232e+04 1.124547468307408417e+05 1.150492248472339561e+05 2.224858888749677863e+05 2.483166345963642743e+04 -3.975999223342488403e+04 7.144387447413870541e+04 -7.080739814648438187e+04 -7.513522389370032761e+04 3.962205044061040826e+04 -2.077750224443630941e+04 1.164287367439299851e+05 8.881228785153858189e+04 1.767234652031910400e+03 8.169138272862853773e+04 2.388844632753947735e+04 6.795784818058485689e+04 1.121799085115071066e+05 3.840693814370769531e+12 9.209244248607458984e+12 3.858057320410639160e+12 3.526731574745749512e+12 1.696922109237166406e+13 3.974979558381999023e+12 1.653449955028080078e+12 4.006661651495838867e+12 1.390684363463085693e+12 6.193942294179382324e+10 -2.534855154902030273e+12 8.233441192318948975e+11 2.709867441437976074e+12 1.207939702211828857e+12 -1.971004503465543747e+10 1.998889876482219727e+12 1.336047425746061035e+12 2.468110482988866882e+11 9.734559388220012207e+11 -9.436239279118486328e+12 1.963336732838309814e+12 1.351919977920393524e+11 6.165038574831729736e+11 2.288024141802737305e+12 8.319733440505423584e+11 7.434985022365342712e+10 3.760620815248534546e+11 1.361588379454047852e+12 7.046590244970898438e+11 1.443548090723968811e+11 2.362965453950818481e+11 -6.161093097017948914e+10 1.647135504765889587e+11 -2.027844008029292908e+11 2.966537783238698242e+12 6.482991279567525635e+11 1.021716862742021637e+11 -5.025814916380960083e+10 2.485217943809400391e+12 7.973403789622517090e+11 1.959013713027872314e+11 8.213766937710327148e+10 -1.111802675156156769e+11 1.460236644098743408e+12 8.395484458907282715e+11 2.026548796656014709e+11 1.577092308935721970e+10 1.223616567841898956e+11 1.298339306569146576e+11 1.016637517706604614e+12 -4.590818530765400391e+11 2.601497631546501770e+11 -2.450888436362835312e+10 2.821747721217488281e+12 3.082301306534343262e+11 1.039156258269895172e+11 -1.656026027623242760e+10 -6.879982931145182800e+10 1.680406755988597168e+12 6.539051173118016357e+11 8.469191974834578514e+09 7.656422458507244873e+10 2.427488878576969910e+10 -2.849803495883926153e+08 1.540255161600885986e+12 5.288617711322366333e+11 8.669905618814132690e+10 -2.974535933824745178e+10 -2.553419015364801331e+11 1.050457096077884521e+11 -2.880001719396348267e+11 -3.964255215735358887e+11 6.359737842470827484e+10 2.207872131612126160e+10 5.480122109326035309e+10 1.895992533589982910e+11 1.104761758488678589e+11 3.289977709918059570e+12 2.130565925160668640e+11 1.794037139112667847e+11 7.758689707984490967e+10 8.077752854991195679e+10 1.504731824676940613e+11 2.048096710305168213e+12 7.649231129745142822e+11 -1.370916646061379242e+10 1.500825397830265503e+11 2.864744071609313583e+10 -8.455879157813105583e+09 3.942122152303056335e+10 1.060324447662520508e+12 7.790600737997199707e+11 2.283960054061317062e+10 -2.468611788472478485e+10 1.220117011500307274e+10 -4.104061619870816803e+10 3.307793831917611122e+09 1.899664541396018600e+10
-1.546852895035835216e+06 7.108888930872846395e+05 5.225583436501623131e+06 2.101662491177469492e+07 3.076320567334138323e+06 5.186718068249020143e+05 6.545471730134466634e+04 -1.832593110880235326e+05 1.608340973934348731e+05 2.124759320842843736e+05 1.396357953487206541e+05 9.114430840511660790e+04 -6.744664844258960511e+04 1.062978695051643444e+05 1.992015552909364633e+05 1.290730189970306383e+05 5.361999284454171720e+04 -8.919569445903474116e+04 2.267180451105060056e+05 4.676679325424644048e+04 1.505230102571101161e+05 5.878251201144550578e+04 9.074099859865278995e+04 1.341336521290294186e+05 7.698090581077164097e+04 1.829712989969446789e+05 2.384929264051957289e+05 4.641477237716819218e+04 4.621917683225167275e+04 7.808358193615920027e+04 1.383736296840709692e+05 7.688848279934473976e+04 9.786328993117633217e+04 3.912867206549517869e+04 9.797077013400218857e+04 6.028323095433963317e+04 9.491452463164291112e+04 -1.824856735993414986e+04 1.479273840493132047e+04 4.442859805687179323e+04 1.413481995020998329e+04 4.687804008727430482e+04 1.593283011428712780e+04 3.270475317535897557e+04 1.330633038160475735e+04 1.062956491947743530e+12 3.443977048687418945e+12 1.537091240091866943e+12 4.691727039060120117e+12 2.727746859298583984e+12 1.826204755834168945e+12 2.903239027568617676e+12 2.134965286173686768e+12 1.130448050443803467e+12 -3.987022603655943604e+11 2.296629392964307129e+12 3.137557040078708496e+12 2.848329183947097778e+11 1.344883868708653320e+12 -1.831069903491368103e+11 4.870125738386854248e+11 1.614432926753244141e+12 3.213370821403998947e+10 8.832200834308750916e+10 -8.154328066726193848e+11 8.826069734165089417e+10 1.519095252533541504e+12 3.462826319653337402e+11 1.017415946733321381e+11 1.617443356753682129e+12 -1.657715278164445801e+11 1.746876987539089661e+11 4.711982801589954224e+11 9.480460383639125977e+11 1.366853545783088837e+11 4.063476371059872437e+10 2.704885851187208557e+11 -6.583542543956341553e+11 -3.994762695671194553e+09 2.268613333462074219e+12 1.184919488992652588e+12 1.271167675808830414e+11 3.989848338977460480e+10 6.600981896083589935e+10 1.002116361172364014e+12 1.804089560681389160e+11 -1.055149556720978737e+10 7.034073363716127014e+10 3.014697608030053101e+11 9.762905361031254883e+11 1.088580614764402618e+11 3.555961871950188446e+10 6.069283743534459686e+10 6.047970408677835083e+10 -2.856729421198215332e+11 1.388182860238348877e+12 1.466882333394887085e+11 -5.137699939884971619e+10 -5.613422437189916992e+11 6.587173333990654297e+11 3.894474267536569214e+10 -3.375451576719986343e+10 1.318482413754748230e+11 -1.380028752281299133e+11 1.113917000568384766e+12 5.051934835801139069e+10 1.535494978090168190e+10 5.276296203948765564e+10 4.965455261131224632e+09 2.597330577665692749e+11 8.660472294669957275e+11 7.296702618707688904e+10 3.806912403154959869e+10 -7.499512027505987549e+10 6.747592628573828888e+10 -3.122738999075506592e+10 -6.536546531296068115e+11 1.155730386536970673e+11 -1.165517936893862457e+11 -7.473406174090744019e+10 1.000410611104941254e+11 6.550742883406963348e+10 -5.433417148519838867e+11 1.091501227677525635e+12 3.408546514814867401e+10 1.129809566274419098e+11 9.832312092697413635e+10 1.838643272464370728e+10 1.425463565575389099e+11 9.741591271835590820e+11 -2.227289850806886292e+10 1.053352383612934113e+10 5.849818488442951965e+10 -1.186725983722385979e+10 5.712922563114509583e+10 3.845564103321874390e+11 1.053292611387623413e+12 1.317203552713333893e+11 4.535921830164990997e+10 5.714231016721169472e+09 -2.351532550640149593e+09 5.173027183956315613e+10 -1.000248825516477051e+11
-5.973197747185721528e+05 1.041235872882897966e+06 1.322485639704806497e+06 3.076320567334138323e+06 1.275585493085521832e+07 1.673727832286270102e+06 -8.006835962255460618e+04 -2.535040656861189927e+04 2.514408722981275932e+05 3.660574225933843409e+05 -7.320090687684674049e+04 2.755289262580962895e+04 3.525740791632718174e+04 6.032633037756664999e+04 1.349349194034939865e+05 9.649648983684285486e+04 3.719171192593463638e+04 1.097992711809408647e+05 4.857550925687932613e+04 -3.918072625895681995e+04 4.003086344066049787e+04 7.859192613018162956e+04 2.242320660467651760e+04 9.033136536266474286e+04 7.433755918723686773e+04 7.058480885930143995e+04 8.567658299721518415e+04 1.180209854003037472e+05 3.737741244059189194e+04 -2.481319191653744383e+03 3.801505434555013926e+04 4.266223853346538090e+04 6.869823029335815227e+04 1.073696520994068705e+05 7.899910299122752622e+04 6.648040619818837149e+04 5.158732157708221348e+04 1.112019117624258251e+04 5.137791695718385745e+04 3.759821080024768889e+04 2.469806836850537729e+04 4.480233207001960545e+04 -1.785120360558715038e+04 -1.138262605597035872e+04 4.453072983914977522e+04 5.913678547516503906e+11 -4.324944191547593384e+11 3.562225477842990112e+11 1.598280201015140625e+12 2.365983065284992188e+12 1.393583092052702637e+12 1.420809095811012939e+12 6.709481740564316406e+11 8.963493839401882324e+11 6.285279437243865967e+11 1.699477148369860352e+12 1.691638138003438965e+12 2.716761068637538452e+11 7.008404263935253906e+11 4.741002489087441406e+11 1.652305948378007698e+10 4.669945572315520020e+11 -4.549158569780129242e+10 -4.775051738438213501e+11 2.385714754742497559e+12 2.593299785896639160e+12 6.317967272142950439e+11 5.436166682842815552e+11 3.901796205121284790e+11 4.836309619219556274e+11 2.234580069849938965e+11 -3.523318225220925140e+10 -1.569682276884678955e+11 4.566289062192171631e+11 3.514291180619426270e+11 6.063650950142665100e+10 3.277139338308622437e+11 1.883895134024143799e+12 -8.501090114090928650e+10 1.028110122196064758e+10 6.648107335172298584e+11 2.744202642731664429e+11 8.604725751534590149e+10 -5.625893224275920868e+10 5.612554606215661621e+11 2.491320613802198792e+11 -1.298356148725407028e+10 9.615352438648910522e+10 -3.565147546792150879e+11 2.898992626043735352e+11 2.315576885327184143e+11 -9.178659673919717407e+10 -8.071357530132354736e+10 -9.011208850904296875e+10 -2.212172299045432739e+11 1.763829949689011963e+12 2.839953776617344971e+11 -5.629886524720387268e+10 -1.856276842828902588e+11 6.373432377546569824e+11 2.527304216770469360e+11 3.411823120438891888e+09 -1.210423296334826660e+10 1.209705841958475037e+11 4.108759169252142334e+11 2.508553073763930054e+11 -1.074799098672879982e+10 2.014786599647891235e+10 -8.439884445590646362e+10 3.508201787514170170e+09 3.925014282136051636e+11 1.998778228946915588e+11 1.375701644499752808e+10 4.273893169420268250e+10 -3.788539997611429596e+10 -5.356493101167133331e+10 3.102110687414729614e+11 -3.417490972220929337e+10 7.323667017319945068e+11 8.666086078762251282e+10 9.554782344265652466e+10 7.141166578657585144e+10 7.070869623751289368e+10 8.287374268275233154e+11 2.506171894879447327e+11 -4.024672907238648224e+10 4.765454256816224670e+10 1.636305737984546661e+10 4.018935329868684082e+11 3.697554372438610229e+11 2.256939311511935730e+11 2.368573542178617477e+10 -4.166457419578468323e+10 1.618328641656183624e+10 -1.179067338912854958e+10 7.978577331609887695e+10 4.836420930587134399e+11 2.950791777507410278e+11 -3.180670004120755768e+10 2.912968084259368515e+10 -1.475680296551110649e+10 -2.041542109490788269e+10 3.508100656659443665e+10
-1.108036561124059837e+06 9.006183594964962685e+05 1.089180599098081933e+06 5.186718068249020143e+05 1.673727832286270102e+06 7.903982894010959193e+06 1.141781196569699096e+06 2.243764052226251442e+04 -4.102403289445646806e+03 1.981441423008928250e+05 1.900021023383046850e+05 1.683524315829366096e+05 7.293844028384119156e+04 1.177377624113651837e+05 5.909623981672249647e+04 -4.411887537779742706e+04 -6.572389640713641711e+04 -5.119323781301521376e+04 -7.626475756294682469e+03 -9.593508023250639962e+04 1.194081316392173467e+05 5.019695461993318895e+04 -2.139735788178732764e+04 3.297094016661335627e+04 3.134333496556981117e+04 4.908785098859627760e+04 1.232796445412670873e+05 1.848521136379518339e+03 2.605330016327289195e+04 1.115581214731569780e+05 3.278928478155940684e+04 -1.994115642073837080e+04 4.875193291953697917e+04 6.148216375888388575e+04 4.501235301125856495e+04 6.559282558413610968e+04 3.810952475436913664e+04 1.393623786992593807e+02 1.984389939841893647e+04 -6.762127677479971680e+03 2.898126956800331027e+04 3.070623890405101338e+04 3.814937619034874956e+02 9.745920043507790069e+02 1.178292055604553207e+04 -1.060611312428577759e+12 -1.564613980877541809e+11 -5.103628051150606537e+10 -2.314398202658503113e+11 6.709297805877488281e+12 5.281299280932722168e+11 4.442125957317278442e+11 9.882488889097625732e+11 9.111779630114870605e+11 8.567212098684842529e+11 2.476412535608492737e+11 4.357948190304324341e+11 8.951263344152475586e+11 4.931293353608157959e+11 7.240155800127104492e+11 7.344621975988757324e+10 1.431244645173920288e+11 2.808257545849844360e+11 -1.490204372713759232e+10 -1.267576212378540955e+11 5.685336832664615479e+11 2.483829699685393372e+11 7.220945579282945557e+11 -5.442183918851636505e+10 -1.125200585637775993e+10 3.873231548268025513e+11 9.396024016877691650e+10 2.509897035790843811e+11 3.058026564966676636e+11 3.970473998727743530e+11 9.673357829615582275e+10 1.072735824974821014e+11 1.634671373074223389e+12 7.288875283298796387e+11 4.646527843248490601e+11 6.999010996320962524e+10 4.560529594060701294e+11 -3.988332310132795715e+10 2.653419895948479309e+11 1.830779316522034607e+11 3.606353534130203857e+11 8.113637849645414734e+10 2.662002704967259979e+10 -1.447917041455083313e+11 3.189032903363077927e+10 2.958881450025925293e+11 8.282489800273190308e+10 8.652747909865754700e+10 5.915457525652605438e+10 4.069642396615831909e+11 6.074619036196562500e+11 5.236736533566495361e+11 5.464917476070328522e+10 6.497397595862512207e+11 3.307816427779030800e+09 4.137580708774948120e+11 1.033003591506701355e+11 4.867973334753908539e+10 -3.022425862279644775e+11 1.656123632385907745e+10 3.621378264008284302e+11 6.160275067860054016e+10 1.718815149327286148e+10 4.667656833055324554e+10 1.829545674734019165e+11 5.622805185205805206e+10 4.351625188101560669e+11 2.944743400233444595e+10 -2.828090377543323135e+10 -1.041205776397358894e+10 -7.600840005566810608e+10 3.706631257723179932e+11 -2.574923508747403717e+10 3.139206434183999634e+11 3.864244097690656738e+11 4.604475602171315002e+10 4.814753971352717590e+10 7.663196345168964844e+11 7.381048661210265160e+09 4.317641832578187256e+11 -5.780478275483374023e+10 2.355450665202662659e+10 9.640349756113588333e+09 5.475541167069844818e+10 2.706980587644377708e+09 3.098690820104512939e+11 -3.237576587487661743e+10 7.946945505689390182e+09 -2.668214357551520920e+10 -2.511671129523254395e+10 1.171350811096210785e+11 5.887936707151126099e+10 4.021011423171779175e+11 3.952277091656085968e+10 -4.002954186221669769e+10 -5.035486832059884071e+09 -1.339501212579730606e+10 6.929075693546804810e+10
-6.802884636953661684e+05 2.363696159332514799e+05 6.762212426196301822e+05 6.545471730134466634e+04 -8.006835962255460618e+04 1.141781196569699096e+06 5.773543868924342096e+06 1.035017710907280562e+06 4.517110006599427434e+05 1.538549937529568560e+05 -3.283035473425717646e+04 9.252848392432587571e+04 1.944013478028146346e+04 1.653939861633960390e+05 4.780119889033519576e+04 -5.746079975705025572e+04 -2.141937964081540122e+04 -4.819430932251611921e+03 5.235291926444144337e+04 -1.287911825205377863e+04 3.319732771522005351e+04 -1.502549335877893100e+04 4.550832484352493339e+04 9.531803391713998280e+03 9.897340429200317885e+04 7.144037891210618545e+04 8.217485143264042563e+04 4.963587778793150937e+04 3.022365904862618208e+03 4.841851583447976009e+04 1.928378465795774900e+04 6.966719119382197096e+04 5.132724230485486623e+04 -2.162036367404368866e+04 2.285976522956866029e+04 2.767181157575960242e+04 2.168793492378756491e+04 5.236344339482798205e+03 -5.992540575404528909e+02 1.611603240227215247e+04 1.275565745462577615e+04 4.005148000907547248e+04 2.056369772713240673e+04 2.370504853367845863e+04 2.342212208308039408e+04 -1.110718819413375732e+12 -5.859096509235925293e+11 1.269426742024745941e+11 5.980863487380764160e+11 3.992059049089708008e+12 -6.791897107338929443e+11 2.947122836344394302e+10 2.057992670462228699e+11 8.987091256812843323e+10 6.759338251879678955e+11 3.832098621818654785e+11 -3.122997772859672241e+11 5.683167110125019531e+11 3.468038430159885864e+11 4.416624056901837769e+11 4.554434222912559204e+11 2.870006709965596313e+11 5.704813057676770020e+11 5.555862510719936523e+11 -1.370852540141909668e+12 8.967900146258784180e+11 8.929347011404124451e+10 4.654614261608709717e+11 1.881185047696489868e+11 7.562770263400268555e+10 4.270627243914937134e+11 3.352784916341596680e+11 2.163693454889896240e+11 3.533795058692556000e+10 2.034850245466788940e+11 1.521076031709665527e+11 -2.408709762501264572e+10 1.042825755606571289e+12 6.997869982409144287e+11 6.506474498077531738e+11 5.017152401809476471e+10 2.718352850369486389e+11 3.493836559507223511e+11 2.103864210680985413e+11 6.945971392753750610e+10 1.774115608670889587e+11 1.547960984337841797e+11 2.126943422060131454e+10 1.166430923024636841e+11 -2.085741391872222519e+10 3.906502089208367920e+10 1.733946703173333435e+11 6.205920383072753906e+09 7.638401992346601868e+10 2.114396100852617676e+12 -2.599643258955840759e+11 4.287894304654877930e+11 2.026185762216342468e+11 2.242843125719756165e+11 1.267880568724524498e+10 1.867864912395234070e+11 1.239600492978376312e+11 -9.904157390913957596e+09 1.256699192236223793e+10 3.535766145024456787e+10 1.672240076985780029e+11 1.417584630432528076e+11 -3.497544860479248047e+10 -6.913250271469998169e+10 2.807912882273079834e+11 1.405183146601437378e+11 2.512751256421817627e+11 2.385924011033368835e+11 -4.288489333118206787e+10 -8.565871164630792618e+09 3.272305203951332855e+10 9.625998287855870361e+11 1.915295605261480713e+11 3.526280043601568604e+11 2.991725994101054688e+11 1.905704753995741882e+11 1.586791013989664268e+10 1.944528189513507690e+11 -1.382230654985547256e+10 1.917612792315662842e+11 1.278521443334807587e+11 3.193821454881550598e+10 -4.102589299896439314e+08 1.549564887728587985e+08 3.133510563235521698e+10 1.314366786646664734e+11 1.310131454687097015e+11 1.758154783202813339e+10 -1.228031257347713852e+10 1.609857947123642731e+10 3.393290826245985718e+11 6.607388401974133301e+10 1.444790335803120728e+11 1.314130788789557037e+11 -2.061149367043807983e+10 -3.308878873051446915e+10 -5.505482419583610535e+09 -6.609739808353102875e+10
-3.749473634545525420e+05 -6.413196806341533083e+05 3.277574993893049541e+05 -1.832593110880235326e+05 -2.535040656861189927e+04 2.243764052226251442e+04 1.035017710907280562e+06 3.704369231318991631e+06 7.915738110648614820e+05 1.256910256393866584e+05 5.937240975055471063e+04 6.589236177505264641e+04 5.847165563534555258e+04 1.417219046577693080e+05 2.646735346839218982e+04 3.908960176088124717e+04 3.300201050455703808e+04 4.754100661744167155e+04 3.961530803444923367e+04 7.692264802097459324e+04 1.761089316373744441e+04 -5.402195086522089696e+04 2.683782866864154494e+04 2.403640387219204058e+04 1.876095769369588379e+04 2.092595426706808212e+04 1.816245336882463380e+04 2.390481669147614593e+04 2.372846613902988611e+04 3.313873017145832273e+04 2.137709803853174435e+03 5.579721443907653884e+04 1.314052355493917730e+03 -1.031539374829759799e+04 1.693454731183893091e+04 2.773944357315570414e+03 4.714305086063261842e+04 2.328559181096063548e+04 -1.104375951161031963e+02 3.667875412563467989e+02 2.299619464492075167e+03 1.085709576997554723e+04 9.988829901851087925e+03 -1.600044966089795162e+04 1.635105579934059097e+04 -3.064314536774064331e+11 7.187318194700340271e+10 -4.208778146331260376e+11 3.933102958816215210e+11 4.848884157958678711e+12 -3.240993546700565796e+11 -2.320363994514945984e+11 -2.421835739938129272e+11 -8.622576423831588745e+10 9.886185535543199539e+09 8.384909627875698242e+11 -9.295652693142181396e+10 1.291704735916393280e+11 2.447664326289524841e+11 4.419488647634720459e+11 3.913355418697927246e+11 4.088065648241969604e+11 4.472953366436078491e+11 6.558078831950933838e+11 3.264181251158911133e+11 -2.232903451487099457e+10 -7.553030703660185242e+10 6.552806429399937439e+10 1.701035660959931641e+11 1.816076830453916931e+11 3.098863061418692017e+11 4.425419192092501221e+11 7.184613824757022095e+10 8.848729318750984192e+10 7.634252785566860199e+09 3.420343676193038330e+11 3.700846240458443451e+10 4.664559322937933350e+10 6.016384852343796539e+10 -2.567298297723567200e+11 1.363350821299384613e+11 1.985994462894785461e+11 4.514174252821832886e+11 -8.280454802854385376e+10 3.797127474242278290e+10 3.248680123050438690e+10 1.680787380790121155e+11 -1.246696347154225731e+10 -5.403891135800263214e+10 1.158205230796153717e+11 -1.643356178261839104e+10 1.674225094223878479e+11 4.235584404745611572e+10 3.760455223001366425e+10 6.824871960179461670e+11 1.272472429356537170e+11 2.354362288885315857e+11 4.277777916679700928e+11 -7.869074881138425293e+11 1.765548888614702463e+09 6.642022205455371857e+10 2.210202640030746460e+11 7.819320040656207275e+10 -2.967410096514907837e+10 9.115336943379129410e+09 8.488376164710670471e+10 1.963263619664814453e+11 -9.901057401536418915e+09 -3.439464204848431396e+10 1.900421991979162903e+11 1.118019117588147354e+10 1.368543381215226173e+10 2.008009949741970215e+11 3.068519730876625824e+10 -3.846913921894019318e+10 -1.700433524328879166e+10 4.944663209892467651e+11 4.623592301395927124e+11 -3.376207657459584351e+11 4.183002359485000610e+10 1.781932519609285583e+11 -2.019536285155656433e+10 7.218852327268286133e+11 2.625929714395755386e+10 6.310370122226922607e+10 1.692364656438821716e+11 -2.966781737416425323e+10 -1.951258980924195099e+10 1.142142099607726440e+11 1.930744664339630604e+09 5.975602963307454681e+10 1.712434631164201355e+11 -1.566604580915780067e+10 5.441316917143110275e+09 1.517853233980577469e+10 9.164428677693814087e+10 -6.633177032268586731e+10 -2.262555359095772171e+10 1.909882349725135193e+11 -1.270394188881880760e+10 -2.942821210994850540e+10 -1.322860768231303024e+10 -2.408002461572016525e+10
-8.719911719469260424e+05 1.030003111731432728e+05 4.941613502263666014e+05 1.608340973934348731e+05 2.514408722981275932e+05 -4.102403289445646806e+03 4.517110006599427434e+05 7.915738110648614820e+05 2.771614614959998056e+06 5.484865385139515856e+05 1.590580570618449710e+05 6.858704082178612589e+04 1.032089976443445048e+05 3.245303229231674050e+04 1.345707932940542814e+05 9.482512476082431385e+04 3.657322126884748286e+04 5.842288104265595030e+04 9.990874794655734149e+04 7.260455970122563303e+04 9.930493508798351104e+04 7.325002149071970780e+04 4.964358346608377178e+04 6.025281558340421907e+04 2.169499192973981189e+04 6.540686671585017029e+04 9.632158547302579973e+04 8.568220122623450879e+04 7.519068136600175058e+04 5.647692222436500742e+04 1.344477988052457295e+04 6.472201254822204646e+04 3.719892782092150446e+04 2.457113769250403493e+04 3.249984215919141570e+04 2.319986175254257978e+04 5.302061692186275468e+04 3.991593580384729285e+04 4.032814693270467251e+04 2.185373094164624854e+04 5.976094451306874544e+04 3.309110750500207359e+04 3.004212974610403398e+04 3.209564603942910253e+04 2.128388663143368831e+04 -5.713200935346970215e+11 5.623276072553471680e+11 -8.656577915539840088e+11 1.104077841542029785e+12 2.864947406966552734e+12 3.224215152738126373e+10 3.599710236984208984e+11 -3.978758719429493713e+10 1.878228182095757141e+11 8.767719010052206421e+10 -1.112642328720036621e+12 3.179119057799398804e+11 2.358628958308310242e+11 3.110262131941400909e+10 1.725478829434714508e+10 1.244388468796191864e+11 1.951997629955765686e+11 2.690564733800716858e+11 2.614124127224987488e+11 -5.095382659860131226e+11 8.191754296249892578e+11 2.317499012806415405e+11 9.662621129461677551e+10 3.125786955344608154e+11 1.922814615902677002e+11 2.289802324928765869e+11 2.552094509188699951e+11 7.183499987812701416e+10 8.840869493447674561e+10 2.115491928673723755e+11 2.884861846482249146e+11 2.251747551339979248e+11 2.851418419931527710e+11 1.051959800973393555e+11 5.359178767299865723e+11 1.766754358277122192e+11 1.305348669534800110e+11 8.571580780749850464e+10 -1.749740581146522522e+10 5.568223199123133087e+10 9.186777559647322083e+10 1.757203574935922241e+11 1.433357667990765686e+11 -4.830692629507834625e+10 4.611877708042044830e+10 2.814511911780308533e+10 7.074945583424378967e+10 8.832222878953962708e+10 7.347944295114616394e+10 2.831636397822970581e+11 3.616773402562664795e+11 2.570996175510578918e+11 1.583542108415836182e+11 -1.467282192948936157e+11 -3.993294177639795780e+09 1.128574595460799713e+11 1.565359979972112427e+11 1.475170440114050903e+11 -4.994388230709326172e+10 -2.657036014655079269e+10 1.319295761656125832e+10 1.083069409060420380e+11 6.754524797384900665e+10 -1.506545389644488525e+10 -8.128223433912950134e+10 1.343521090695969772e+10 -5.597675902470605469e+10 1.139488167582477112e+11 7.138371422808517456e+10 1.726246203613113403e+10 4.484924607597235107e+10 7.197760984553022461e+11 2.851793510817325439e+11 -2.563170137717712097e+11 3.355621845063507843e+10 1.469870790238638000e+11 1.328577512391070557e+11 8.715350194353134155e+10 -1.694775367822164536e+10 4.588276155899573326e+09 1.101105197731844177e+11 7.167361317165774536e+10 1.224343300380673218e+10 -5.656846005254191399e+09 2.363627981169003296e+10 4.739014328001513672e+10 7.437101927400929260e+10 9.069638266079399109e+10 1.521157296421151161e+10 2.255242022851868820e+10 -8.543680455113957405e+09 -4.072528392506687927e+10 -4.148142563446135712e+10 8.810556003706285095e+10 7.136519660774427795e+10 2.472361173313055801e+10 5.109982128290725708e+10 4.424603892700537109e+10
1.003890294496659073e+06 7.998668953578185756e+05 4.710947812051734072e+05 2.124759320842843736e+05 3.660574225933843409e+05 1.981441423008928250e+05 1.538549937529568560e+05 1.256910256393866584e+05 5.484865385139515856e+05 2.074591880288652377e+06 4.902151510651035933e+05 6.632886044861788105e+04 9.415945427490398288e+04 -4.673261731781507478e+03 6.880743149278439523e+04 7.513708628630840394e+04 3.529740216058046644e+04 7.390013552705165239e+03 6.140171005073706328e+04 3.059442491566655008e+04 7.459578656610286271e+04 5.301984348483560461e+04 3.713586120299749018e+04 2.092783668327397027e+04 1.272224477556689635e+04 5.641362957627716241e+04 3.506103380638712406e+04 1.925340298953507227e+04 7.926331337966374122e+04 3.990141693953162758e+04 2.566429601504483435e+04 4.309827982060949580e+04 2.927629649448613418e+04 2.182878866303399627e+04 2.225426347569047357e+04 1.582926335271691642e+04 3.925267318737706955e+04 2.412561563672944249e+04 4.612321077476073697e+04 2.451685381107443391e+04 2.748845166747233816e+04 2.438796889297830785e+04 2.056310549907121458e+04 5.200142480866306869e+03 4.036653477500357258e+04 2.483426342709471191e+12 1.526486710387600098e+12 4.088567929354110107e+11 7.058207902963647461e+11 -1.134374373819494629e+11 4.149047421946821594e+10 2.843746224100465698e+11 3.751029310114699097e+11 -2.325434884662807083e+10 -2.155769054814832153e+11 1.609337330398797607e+11 2.433425740779214172e+11 2.073566604290167847e+11 1.491166464104410400e+11 1.008732306476567841e+11 -3.729891159523327637e+10 9.363877287352626324e+08 4.793837077830262756e+10 5.321978626192421722e+10 -2.926791787838279419e+11 4.313195188115321350e+10 2.310573146129397888e+11 1.127985464580579681e+11 8.403814979681556702e+10 1.331330966505859375e+11 1.679721079172228699e+11 1.817243139120033875e+11 3.538237055902597656e+11 2.428152023304609070e+11 2.118724801277889404e+11 2.543961975089292297e+11 3.159163225483582153e+11 1.552946560364422302e+11 2.022913909793263245e+11 6.891082953983270264e+11 -2.321275680430472565e+10 2.593511056874324036e+10 -7.036100304814658165e+09 2.988656798466818237e+11 1.568832914337123718e+11 1.597657498704419556e+11 1.466401090748012390e+11 2.548487181218189697e+11 -2.398501508532891083e+10 3.261969094518317413e+10 -1.844953065858859301e+09 2.740747374770234299e+10 1.291307886297469940e+11 7.336538348538825989e+10 -1.011316534277667084e+11 5.525881598047766685e+09 7.527920392402655029e+10 8.801350718153505325e+08 8.980944611125729370e+10 1.706991490489061279e+11 1.027847475353024292e+11 1.281168541334809723e+11 2.347309992281607971e+11 4.057748612187964630e+10 2.985123856948904800e+10 -7.095566062046303749e+08 4.390112583936425781e+10 8.804753403950601196e+10 6.553729974555821419e+09 4.892394437947470093e+10 1.059439442980149841e+10 -1.531431153852960396e+10 2.535943251968893051e+10 8.719290228709129333e+10 4.939048596109400177e+10 -1.768677016646940231e+10 1.657624260219107971e+11 3.472557634181663513e+10 -1.013907943963443947e+10 1.634823294899442139e+11 1.323288906085322571e+11 1.897579796947262573e+11 -1.197264885729861908e+11 5.960734025338951874e+10 1.239750867452779961e+10 2.554715625099373627e+10 1.411406192516958008e+11 6.288164949036919594e+09 2.115957449830378723e+10 2.857549093058130646e+10 4.464085474838140869e+10 2.733137715699116135e+10 1.166655102658483887e+11 1.248767149263669968e+10 1.848620579300069809e+10 2.220476408071709061e+10 8.573415465901256561e+09 2.226031997365675735e+10 4.406837110302349854e+10 9.912194820753202820e+10 3.412128454714478683e+10 4.480049444054768372e+10 3.297994590159159184e+09
5.750276739187925123e+05 2.568352127843841445e+05 -2.336802450542651059e+05 1.396357953487206541e+05 -7.320090687684674049e+04 1.900021023383046850e+05 -3.283035473425717646e+04 5.937240975055471063e+04 1.590580570618449710e+05 4.902151510651035933e+05 1.715651395544284256e+06 2.915661397079873714e+05 6.218960085880936094e+04 5.093358871196208929e+04 1.044206934769029467e+05 6.904988547420942632e+04 5.953961182281684887e+04 1.043600933156132378e+05 7.160441940035310108e+04 3.470077922718936316e+04 6.488249531826627208e+04 5.438418761964882287e+04 6.432791076068655093e+04 4.474900657606407913e+04 1.192534845145499821e+04 3.612293785214792297e+04 2.212591748722831471e+04 3.200097985958442951e+04 1.672832773470332177e+04 1.136392576448969703e+04 1.018075794281733215e+04 2.661828905574336750e+04 3.202518618406430687e+04 1.654700041752226025e+04 6.558770833517819483e+02 1.379142312724821022e+04 8.203422618931432226e+03 6.749892525261957417e+03 1.404430102833522506e+04 1.228161034354543744e+03 1.952771676930972535e+04 2.003155544554344669e+04 3.257041328185094972e+04 8.908550012304453958e+01 2.049273133775437964e+04 2.094995931561834717e+12 7.372486940871853638e+10 -3.682060370884169922e+11 1.209221871492057343e+11 -3.778190479482582031e+12 -9.230522260186154175e+10 -1.023362549457421722e+11 6.898588777817060852e+10 -7.475502725003497314e+10 -4.095282934928646851e+10 -5.688288610108161621e+11 3.953653766116706543e+11 1.621180318053826294e+11 6.711724723049607086e+10 8.792961887535224915e+10 1.184811615421147919e+11 -1.202061114245189056e+11 5.532602475195771027e+10 8.530104440904992676e+10 3.043286557235083008e+11 8.938669429643353271e+11 3.945738000860025787e+10 5.862085839610748291e+10 -1.967041021922471313e+11 6.158341036764358521e+10 7.544206393927438354e+10 8.527928818879589844e+10 1.265784110587123108e+11 4.893051273713212585e+10 8.708310941942549133e+10 9.152851484641360474e+10 1.538020562368863525e+11 -3.505062411335852814e+10 2.147384499482777023e+10 7.095917790247326660e+11 4.669227227110774231e+10 4.180670346323032379e+10 3.799346682932968140e+10 3.044821156861173706e+11 1.550043672668151245e+11 5.159526955176911163e+10 4.184717739714114380e+10 1.675235224913835144e+11 1.278105812964914551e+11 1.028844412576451721e+11 1.012425665342167816e+11 6.760369433246582794e+10 1.148166751075595398e+11 1.490364181193316650e+11 -2.899182065868427124e+11 7.891086186001841736e+10 3.333484943345624924e+10 1.229888749590746307e+10 2.480066404069238281e+11 1.651046980496247559e+11 8.102869054916014099e+10 1.081634099949745331e+11 1.326449200191967010e+11 -8.336755386457318306e+09 5.193245012145452118e+10 5.694858562016215515e+10 6.426392431576930237e+10 7.969364536444563293e+10 6.497367950691947174e+10 4.348542987317159271e+10 -1.605779982959981537e+10 -2.470173669326837540e+10 2.104831533232709122e+10 6.667767119231358337e+10 5.800062089696627045e+10 9.783347976452585459e+08 -5.195855165087913208e+11 1.863364591861233139e+10 9.586033557912973022e+10 1.117614893116318970e+11 4.874223279741521454e+10 1.165124484964283905e+11 -3.943371935279595947e+11 4.359315880364790344e+10 3.198226334007636642e+10 7.486791875165190125e+10 1.152860398510249176e+11 6.319952363305712128e+10 1.518358629622308044e+11 2.705602142198234177e+10 8.665704570535409927e+09 1.517490033163992882e+10 6.574388025229215240e+10 5.301620961241138458e+10 -6.046301996038573265e+09 5.970603755846640015e+10 -3.685264332565115929e+09 -8.239841830180615187e+08 1.481060930641156006e+10 6.024764034945996094e+10 1.769271530966289902e+10 2.083749773166072464e+10 4.583693899675769806e+09
7.301912148466940271e+05 -2.039429665126695545e+04 2.322985236028899672e+05 9.114430840511660790e+04 2.755289262580962895e+04 1.683524315829366096e+05 9.252848392432587571e+04 6.589236177505264641e+04 6.858704082178612589e+04 6.632886044861788105e+04 2.915661397079873714e+05 1.257137392504746560e+06 1.998124412330118939e+05 3.825666576812865242e+04 3.172364989111605246e+04 -1.564308112007606360e+04 3.488716662636545516e+04 1.232709313082064546e+04 6.105545696732846409e+03 2.961752977361699959e+04 3.605929598647412786e+04 3.854668405939295917e+04 4.603128217044649500e+04 1.152441585166281402e+04 3.189524918984994656e+04 2.517115401112201653e+04 8.943518467182095264e+03 1.940427777812177374e+04 1.212065012002267940e+04 2.777172484582573088e+04 1.211547148064569228e+04 1.950549068610695031e+04 2.754918625766421246e+04 2.355012378490612537e+04 2.438451093192832559e+04 3.580759492808511277e+04 5.070026677285558981e+04 2.773923498449896579e+04 3.109373161594149860e+04 5.905165799182055707e+03 1.995007131202888922e+04 2.773240435984141732e+04 2.481713949147450330e+04 -3.255220847232429151e+03 6.690856282862153421e+03 3.787616011020232544e+11 -4.759011388611761475e+11 -8.710017582348326111e+10 -7.765019925584982300e+10 -1.740905541063771973e+11 -3.128606329973453979e+11 1.916045659207682190e+11 -3.339859243939828873e+10 5.522043632627363586e+10 -5.196655618452795410e+10 -2.391863057209370117e+11 2.048036207632508240e+11 6.118973714275908661e+10 1.272578968492916298e+10 1.013913795465127258e+11 1.049725029558096466e+11 -4.412214781787428284e+10 -5.070628313236881256e+10 4.289185353556239319e+10 -9.087010405256973877e+11 5.299218927358367920e+10 1.903440731251671612e+08 4.414798358679636717e+08 -6.529743328678752136e+10 -3.386206130577751923e+10 -2.994538278558317184e+09 4.157933804938703156e+10 2.130841847115432739e+10 1.337710847854235840e+10 2.285092165686528778e+10 -1.363613217890403748e+10 5.929885610406222343e+09 -4.802335958995411987e+11 9.210198033162461853e+10 4.827266473887501831e+11 1.453313363151273193e+11 1.045798625855127716e+11 5.975752217953382111e+10 1.690642876122885132e+11 7.096528123730731201e+10 8.516541583527081299e+10 4.146605727416896057e+10 8.567716082629672241e+10 1.471548302780786438e+11 9.713766110043550110e+10 1.508306354328776855e+11 1.254119659923340149e+11 1.382329605237829285e+11 1.622071527615198669e+11 -1.504777530199165649e+11 1.322361034970894012e+11 -2.841765589276845932e+10 4.210501404309217834e+10 -2.837179740855664673e+11 1.226408628858429527e+10 -8.688983848294744492e+09 8.440151144547523499e+09 -1.419135002941496849e+10 3.034607130450713348e+10 7.114705039202572632e+10 5.924700302525089264e+10 8.121084518022323608e+10 5.952562270995355225e+10 9.582104030268997192e+10 1.602746525570966339e+10 3.114717577626338959e+10 -1.082113046341471434e+09 1.466036528576694489e+10 -9.155665227714389801e+09 5.634703950994740295e+10 2.041335470649576187e+10 -3.330969132415322266e+11 -2.667594114354570389e+10 1.592396962686568909e+11 3.628452852306614685e+10 2.442689969057361126e+09 -1.717776279575084114e+10 -7.607537198546390533e+09 1.077237957166711884e+11 6.713762573807656097e+10 7.324619248245420837e+10 6.012820677396272278e+10 1.060969950271545258e+11 6.760886932469805908e+10 2.684201110504261780e+10 3.297143755343337631e+10 3.079558752304396152e+09 2.909197480340113640e+09 4.988183640072908020e+10 -1.407373323126458549e+10 -2.064525748930454636e+10 -2.197660853017095947e+10 1.836332331233447647e+10 9.812135844311561584e+09 4.515088501958063126e+09 4.327109070488918304e+10 -3.306416514895235062e+09 -4.502091813054787636e+09
-7.155812536573651596e+04 -6.679550740154810774e+04 -2.223643352665168641e+05 -6.744664844258960511e+04 3.525740791632718174e+04 7.293844028384119156e+04 1.944013478028146346e+04 5.847165563534555258e+04 1.032089976443445048e+05 9.415945427490398288e+04 6.218960085880936094e+04 1.998124412330118939e+05 1.105758759862254839e+06 2.340204421559796610e+05 7.953335452699734014e+04 2.623525985967356610e+04 6.066604305781776930e+04 6.822648058647623111e+04 4.023564262993368902e+04 4.936299611175957398e+04 2.072449052207567206e+02 3.609342007242068576e+03 -4.146191819896243032e+03 2.012980292328057476e+04 6.034564518213584051e+03 1.138066716207901118e+04 1.550588518028226463e+04 1.603211791590624853e+04 3.087655082635875442e+04 9.148778189375474540e+03 1.704570366761830155e+04 1.564914618231177883e+04 1.743499513422815653e+04 2.010163979157611539e+04 1.829696968175323127e+04 4.184218267328064940e+03 2.393262011472336599e+04 8.398895127530542595e+03 2.261136906756867393e+04 2.006467053886351641e+04 4.078034466080577840e+04 1.071513666552167933e+03 8.899023038701669066e+03 9.392701358550873920e+03 1.912683840424193841e+04 -1.256509009069199463e+12 -1.064365649746635590e+11 2.552414445657976685e+11 2.617469664516391296e+11 -2.674933216793662109e+12 -3.800078084665488281e+11 5.819764790382127380e+10 1.293309889068249969e+11 8.491856688533235168e+10 7.334476101417347717e+10 4.099728773794341431e+11 -1.164459529026446991e+11 1.905000362661730042e+11 -3.516834069845265961e+10 6.032642492725658417e+10 -3.617506161430414581e+10 -7.804454926491484070e+10 -2.921893650476543808e+10 3.912907046498788452e+10 -5.993046229616925049e+11 8.694296920909649658e+11 -1.009017125604140282e+09 -9.354718301422164917e+10 6.983730464889512634e+10 2.180762289038900375e+09 -1.853818901356096649e+10 3.724373885662212372e+10 2.152827992796339722e+11 -5.199107774286494446e+10 8.805661087067478180e+09 2.234436554299518967e+10 5.001187693352043915e+10 -2.423157851113795166e+11 -1.212531379599603844e+10 -5.169051861295614624e+10 5.026491658794641113e+10 5.809440068319579315e+10 3.736534884922303772e+10 9.523666517585125732e+10 6.011618636273140717e+10 4.788322643286669922e+10 4.736324570894689941e+10 4.516249339257090759e+10 1.524871545312013245e+11 2.884599010740957260e+10 2.180059658153585052e+10 3.166961203917801666e+10 6.064783543610049438e+10 1.199621880960599518e+11 4.789485008310358276e+11 -6.874764771858121338e+11 5.681659924159345245e+10 1.995290397830298996e+10 1.768154984888717651e+11 6.975708929230184937e+10 2.456240257926041031e+10 7.436060748414091110e+09 4.593207861330722046e+10 2.213632042987434998e+11 6.448309512987647247e+10 6.094034415763134766e+10 7.970063346443884277e+10 6.491357784942252350e+10 8.042295544784104919e+10 1.385542004538958435e+11 4.910292711301155090e+10 3.427789828486265182e+10 5.622752269245626068e+10 7.703639449031861877e+10 7.361955555158238220e+10 9.914232808636680603e+10 3.013916311899050293e+11 -3.207802530372685623e+10 1.646507359914631081e+10 -3.014966230948482513e+10 -2.549660995406856918e+10 3.326955411550942993e+10 -1.404940862179330063e+10 5.011832694223213196e+10 1.900187757768871307e+10 2.079594371123784637e+10 3.257568153826219940e+10 5.788379406409088898e+10 2.487799856708260727e+10 3.690288335968571472e+10 3.746390768363301849e+10 1.659879892816869354e+10 5.131207307124782562e+10 4.697735371977941895e+10 5.735872124638015747e+10 8.577905198528274536e+10 4.534314318780981064e+09 1.061805742498219299e+10 2.919950924920589447e+10 1.233887248341873360e+10 3.710943050589709473e+10 3.084930321762520218e+10 -6.593009406651532173e+09
-5.121966164518371224e+05 -9.310939139337043744e+05 -1.409849800934797095e+05 1.062978695051643444e+05 6.032633037756664999e+04 1.177377624113651837e+05 1.653939861633960390e+05 1.417219046577693080e+05 3.245303229231674050e+04 -4.673261731781507478e+03 5.093358871196208929e+04 3.825666576812865242e+04 2.340204421559796610e+05 1.012194588671726757e+06 1.487585016340870352e+05 5.924276107100537047e+04 6.546580618553765817e+04 2.741415358846825256e+04 4.865302446301738382e+04 2.371025451448825697e+04 1.362932740309584551e+04 4.879985101434743228e+03 2.210584797259753759e+04 4.981609704802519991e+04 2.949497922346632549e+04 2.899519189282574371e+04 2.196276370755307653e+04 2.781549982299865223e+04 1.365173492553496908e+04 3.088071359116653548e+04 4.940499259990701830e+04 3.283428831331788388e+04 1.249400218560998655e+04 3.258924233114767776e+04 4.027299872498137120e+04 3.875489875006018701e+04 2.036591246835336278e+04 8.565856664774211822e+03 2.013824355178114274e+04 9.505421066034599789e+03 2.918197846333180496e+04 1.699534164528114343e+04 1.862732297664668658e+04 1.847787256268016426e+04 1.890966233529519741e+04 -9.430969736628570557e+11 1.620332858731108398e+11 -1.678863543642521973e+11 -1.805689748866026306e+11 -9.486313329939504395e+11 -4.296381863935530396e+11 1.261166159047977448e+11 -8.911337244523628235e+10 6.008001112489441681e+10 1.960381739279822693e+11 -3.168724648938478394e+11 -6.365166702308628082e+10 2.231056800911261368e+10 8.834957703084738159e+10 5.198527379921492767e+10 -1.155557373510158539e+11 5.833483485662375641e+10 6.543094900045765686e+10 9.559140356308950806e+10 -1.478445982409757690e+11 6.557428395743653564e+11 9.964499324712092590e+10 4.475726505824058533e+10 -3.283581521063047409e+10 8.503047098821047783e+09 -1.742526450418409729e+10 5.348907987291508484e+10 -7.686295668996746826e+10 -1.468240034984071970e+09 -2.261690968310326385e+10 7.124308610342640686e+10 5.787747542272661591e+10 1.584028838239509583e+11 -9.565530285130162048e+10 4.264566124467194824e+11 5.735907800099214172e+10 3.930473162665218353e+10 2.204791649239624786e+10 -3.300156436175766754e+10 -1.628134160868768120e+10 1.851636638502709961e+10 7.752374885789857864e+09 1.788188891117865753e+10 -5.631733583925531769e+10 -5.455047846555656433e+09 5.521398828309054565e+10 1.953889405619229889e+10 2.296373249936126232e+09 4.060801586748926544e+10 -4.653671937633841705e+10 7.055411768538598633e+10 7.976132392550588989e+10 9.678659953787161255e+10 2.686006511746589355e+11 1.020732140129421234e+11 8.558883206069905090e+10 8.055169432081962585e+10 6.311846392571566772e+10 5.313283790190782928e+10 6.632632164258073425e+10 5.404828247397826385e+10 6.121066325553603363e+10 6.543949014641104126e+10 5.853401193024612427e+10 -5.057050331097450256e+10 1.552083147685927734e+11 6.794082012621639252e+10 7.785552066020178223e+10 9.653972858201255798e+10 8.472470926362559509e+10 1.329538433433032227e+11 3.036661570454746094e+11 3.095764210654417419e+10 1.537617480711727295e+11 3.638013527251219940e+10 2.749150344965672684e+10 -2.309283959716460705e+09 2.557648627860129395e+11 2.387223373132762146e+10 2.811461511800991058e+10 7.501568284956001282e+09 5.622065940752067566e+09 -1.161396567852129415e+07 1.441301331833151436e+10 7.242148153029443359e+10 5.890058481971929932e+10 5.411088898970803833e+10 6.193398474833893585e+10 3.531371918176105499e+10 7.329510897496635437e+10 -3.000951301667083740e+10 4.869627288471374512e+10 4.491646362612869263e+10 3.992842807955593872e+10 1.250717047682145500e+10 -6.133216393272853851e+09 4.796363594984464264e+10 2.481456254676980972e+10
7.969016951365733985e+05 -2.449490392555012659e+05 6.427654995624481671e+04 1.992015552909364633e+05 1.349349194034939865e+05 5.909623981672249647e+04 4.780119889033519576e+04 2.646735346839218982e+04 1.345707932940542814e+05 6.880743149278439523e+04 1.044206934769029467e+05 3.172364989111605246e+04 7.953335452699734014e+04 1.487585016340870352e+05 7.813158618443812011e+05 1.578875186185908969e+05 4.497701958896408905e+04 -2.418727817350972487e+02 3.269568299966897030e+04 4.021804378095160791e+04 3.730220614028700948e+04 7.566775585040730220e+03 2.647444757642543118e+04 2.741128668024493163e+04 2.796796092857201074e+04 1.820854797120570947e+04 3.176132648227732716e+04 4.346094146605125570e+04 1.414919557193044966e+04 2.650751925659534754e+04 2.222786159984006736e+04 2.547401625639739359e+04 1.390011395190906660e+04 2.455456676460878498e+03 8.901568670650263812e+03 2.469913466940212857e+03 2.522377016629227001e+04 2.319357176980362055e+04 2.417091246695499285e+04 9.392553057196970258e+03 1.478512363066643411e+04 1.857507255178689957e+04 2.687372610080856975e+04 1.715417300658777094e+04 1.446496169188658496e+04 1.330639354017614014e+12 2.605920935681761169e+11 2.677381705249192810e+11 -1.401233182846260986e+11 -1.880087636557074951e+12 2.271224336946781006e+11 1.872172531519635391e+10 1.494853525536202393e+11 7.572807516163525391e+10 1.046578078819897461e+11 -2.641717391105210571e+11 5.904984476031449890e+10 4.577230921973001099e+10 4.400413601838417053e+10 -2.697553358059050751e+10 9.393919184824461365e+10 8.815752592304475784e+09 9.481972079182937622e+09 1.222243805293658829e+10 -2.018219158683872986e+11 3.303890357513732910e+11 -4.834144137554630280e+10 2.475962121468102646e+10 1.149569747776441193e+11 -4.239608768824062347e+10 -3.497459422253530979e+09 2.170490286739733124e+10 1.094760748988077393e+11 -5.262874732798519897e+10 3.498455207113404083e+10 1.199579873328434372e+10 2.781495766085374832e+10 -1.354256624326171112e+10 -3.855593808916036224e+10 1.204424221167997589e+11 4.489199860392288208e+10 2.191175069383359146e+10 -8.774550536762605667e+09 1.291725932674196777e+11 3.728101493870256805e+10 5.352430737370632935e+10 1.191841568074158192e+09 2.523136662092910385e+10 1.572723892894570923e+11 -3.932625692568043518e+10 5.721638266286585236e+10 2.201783988382052994e+10 -5.069009641122835159e+09 2.912338514842847061e+10 -3.620400475044923096e+11 2.284690003504467468e+11 8.020988600281390381e+10 5.678894346993459320e+10 5.345559227930735474e+11 3.158115160226887131e+10 2.987326506487916565e+10 3.767710699246444702e+10 4.116596469736440277e+10 4.853131729487382507e+10 4.453093450905062866e+10 9.336173847972738266e+09 3.355076591977872467e+10 2.164488946067588806e+10 1.713754064818100357e+10 7.389589659016313171e+10 3.765097545573190308e+10 2.317483717208141708e+10 5.458436300003051758e+10 6.222554857795189667e+10 5.591882598705593109e+10 3.871982817152027130e+10 1.272378763828800812e+11 4.121671266104199219e+10 9.749068037319177246e+10 3.374728389838760376e+10 3.320568351354648590e+10 3.724424467203168488e+10 1.067043771092393875e+10 6.635255600562695312e+10 1.500271886144786263e+10 3.091752275215181732e+10 1.999849649674369049e+10 3.036452956756907463e+09 1.760326103939414673e+11 5.475749980603799438e+10 5.532844231100199890e+10 4.019327129029091644e+10 4.016132227383161163e+10 4.455743885313590240e+10 6.438870316792741394e+10 1.096967577983892517e+11 2.775041985380641174e+10 4.023266226981384277e+10 4.069408357299693298e+10 5.759833815171945190e+10 3.798840401883497620e+10 6.838426290222820282e+10 8.623584863799369812e+10
-5.260227309816908091e+05 8.214855056276654068e+04 -1.503978567360765055e+03 1.290730189970306383e+05 9.649648983684285486e+04 -4.411887537779742706e+04 -5.746079975705025572e+04 3.908960176088124717e+04 9.482512476082431385e+04 7.513708628630840394e+04 6.904988547420942632e+04 -1.564308112007606360e+04 2.623525985967356610e+04 5.924276107100537047e+04 1.578875186185908969e+05 6.594170955383605324e+05 1.690494652347368828e+05 2.323342110549281279e+04 1.553889711252176130e+04 4.724956494280694460e+04 3.219778162457439976e+04 4.681538203780826007e+04 1.871761345453443209e+04 5.201109537728440773e+04 2.049527301116454692e+04 8.519496384826661597e+03 3.875753517229380668e+04 1.833606186053156489e+04 2.890393402831708227e+04 2.359514686095866637e+04 2.620258459753893840e+04 2.095603708568827642e+04 2.813743765993990019e+04 1.779685495414004981e+04 3.885554168143425159e+03 2.239865634914327165e+04 1.884840128902902507e+04 2.887050782104485552e+04 1.048291147048281346e+04 6.225081727718866205e+03 1.945713553282474459e+04 2.935208794891216530e+04 1.944090782276892787e+04 1.715016815573575514e+04 1.857225825755962069e+04 1.324513818711653809e+12 -2.006112864713942261e+11 -4.136860695523486328e+10 -1.184199850055301056e+11 -2.115688266605402100e+12 -6.500056876231005859e+10 2.695533670532934570e+10 1.438016181235216370e+11 3.060681926687230301e+10 4.040956721055154800e+09 4.886028404079404297e+11 -2.803614764272391891e+10 -4.309688752192528725e+09 4.448437217506246185e+10 5.678177828185433388e+09 -1.509519382407960510e+10 -2.853576798211302185e+10 -5.588847369091535950e+10 -6.139857574202521515e+10 4.760116974878299713e+09 -2.776581480896042480e+11 1.335834527061562042e+11 7.404135891689417839e+09 -1.962395720146030426e+10 6.114196918557557106e+09 -4.344695277055441856e+09 -8.675279601853370667e+09 -1.051863937596433868e+11 -2.123267420972450972e+09 4.063240046026346588e+10 1.834648947846430969e+10 -5.231644697713685989e+09 1.135974951357244568e+11 -4.715547693625305176e+10 3.321212392187964630e+10 5.881552610479232025e+10 3.161854244603135300e+10 -2.241337749875232315e+10 1.265695141277834015e+11 -6.419537730692526817e+09 5.586538359671791077e+09 1.026893816097951412e+09 -7.802705649303086281e+09 -3.056847260608676529e+10 1.895277547163623047e+10 -1.890228040432196426e+10 -1.890153849885496521e+10 1.925021877119860840e+10 -1.822161483506994724e+09 2.333425574066161804e+11 8.740547906380015564e+10 5.253611356359713745e+10 1.337209098866828346e+10 2.143878189314253235e+10 -4.645323394666293335e+10 -1.390029385356836128e+10 1.877128855425716019e+10 -1.207572054794259834e+10 5.674364348608089447e+10 1.371013143924745178e+10 1.084951984169139862e+08 -1.029737361246538734e+10 7.345660536635274887e+09 -4.253335528112388134e+09 2.501090895164762497e+09 8.593325759288667679e+09 -3.286768031957197952e+10 -2.027655222658731461e+10 3.886298321143298626e+09 7.216060256774606705e+09 -4.184644953329225922e+10 -1.153635914324720764e+10 7.721466677930609131e+10 -3.141816611840160370e+10 5.089105560077220917e+10 5.630649697591230011e+10 3.552797340639231110e+10 -4.550016387014706421e+10 2.869076175412013245e+10 1.366310304764020538e+10 4.747640968751548004e+10 4.060547595609370422e+10 1.578448018018523598e+10 2.171815228406312180e+10 5.407315811608179474e+10 2.908434564622874451e+10 2.732629549395724869e+10 4.358991771715223694e+10 3.552579564007774353e+10 4.542640903467527771e+10 3.280665292716248322e+10 7.433300624925727844e+10 5.617743539515940857e+10 5.503055710318903351e+10 7.377103037578472900e+10 7.794941953236477661e+10 6.704846272363661957e+10 8.285837900873834229e+10
-3.645217546074882848e+05 6.004547538418322074e+04 -8.031381477582517618e+03 5.361999284454171720e+04 3.719171192593463638e+04 -6.572389640713641711e+04 -2.141937964081540122e+04 3.300201050455703808e+04 3.657322126884748286e+04 3.529740216058046644e+04 5.953961182281684887e+04 3.488716662636545516e+04 6.066604305781776930e+04 6.546580618553765817e+04 4.497701958896408905e+04 1.690494652347368828e+05 5.639386735248231562e+05 1.292115250545195304e+05 3.937534997964303329e+04 5.007573065882665833e+04 2.613289184518563343e+04 1.036526125474907531e+04 3.048919561675207297e+04 3.914821558746134542e+04 2.414896230585352532e+04 1.838943285158858998e+04 5.365653725400956318e+04 1.035287051074524607e+04 9.347990582640682987e+03 1.518180044946246016e+04 3.299095111029388499e+04 2.019102807858425149e+04 2.433616255130221180e+04 2.958464049672070905e+04 2.505915404004877200e+04 2.420878042685647961e+04 2.268542935250703886e+04 2.680065745239521129e+04 3.056075549142074669e+04 2.339524749065245487e+04 1.558302754931365962e+04 1.517404905963665988e+04 1.912161926906190638e+04 1.629718990353555273e+04 1.695575986261560683e+04 8.589439971912888184e+11 6.467912060765727997e+10 4.443795843364774323e+10 1.436199923663338928e+11 -1.200614985960549316e+12 -1.657785682518441162e+11 8.724883159496104431e+10 -1.398767591305333862e+11 -1.392005244313419342e+09 -9.776015356595198059e+10 -2.408527893043472290e+10 3.977505170064534760e+10 -9.701993917209162903e+10 -4.520337904042720032e+10 6.057229343614971161e+10 7.878595963867990112e+10 -1.659800089000595093e+11 -4.330964450097677612e+10 -6.442499147922914886e+10 2.081389427009152985e+10 -3.901058986374183655e+10 -3.136104223732319641e+10 1.312634956188932037e+10 1.380749714468517876e+10 -4.970447326954872894e+10 -3.552518695630538177e+10 3.211567417495885849e+10 -1.048723769989870605e+11 -7.406968540840489197e+10 2.017209519611459732e+10 -1.601820804728609085e+10 3.994364202228574371e+10 1.428064654947921753e+11 -3.478590094165771484e+10 -1.329115490158420105e+11 6.471465234319827080e+09 1.478556220160610580e+10 -2.791877439666191864e+10 4.170264661517477417e+10 -3.844738324058980560e+10 -1.236868463943047714e+10 8.842114284432781219e+09 8.217256448155781746e+09 1.510554988629163170e+10 7.817904319212616920e+09 5.585002250037165880e+08 1.511386359111988068e+09 -3.471021001361438274e+09 -2.825218795212041855e+10 7.317840115212806702e+10 -1.130982741458509369e+11 5.474372767901336670e+09 -1.312271462206633568e+10 3.592123111669575500e+10 -5.635281358623961639e+10 -7.272872872376314163e+09 -7.207638565717736244e+09 2.417780064510801792e+09 1.505553736924271851e+11 -1.453966407907836914e+10 1.176670902321166515e+09 5.142702101957756996e+09 1.030097630173199844e+10 2.224343755566392899e+10 -1.551872953055211449e+10 -3.215542867351840973e+09 -1.180847828210074043e+10 -3.640507894395415783e+09 3.427192529074203968e+09 2.035951765679449463e+10 3.222318092582207203e+09 1.938954849970633545e+11 -6.658354974844989777e+09 -1.943736549979052353e+10 2.715223114260915756e+10 2.133434209394649887e+10 1.808925852745798111e+10 7.994533316068183899e+10 3.441757749771869659e+10 1.941533721053644943e+10 2.852529462482623291e+10 2.341199919974801254e+10 2.538799106605118561e+10 1.921097077532920837e+10 1.380857614756963730e+10 1.872010291917131805e+10 2.932312042235033798e+10 1.608373619348148918e+10 2.563410448087438583e+10 2.158173007503488541e+10 2.418590384516118622e+10 2.851244145625415421e+10 2.493866219648635864e+10 2.180852354373149872e+10 4.768679439156005859e+10 5.638054726103295135e+10 3.684702712232032013e+10 2.611702545722589874e+10
4.998644811462722719e+05 3.470688997064758441e+05 -2.191242313625036622e+05 -8.919569445903474116e+04 1.097992711809408647e+05 -5.119323781301521376e+04 -4.819430932251611921e+03 4.754100661744167155e+04 5.842288104265595030e+04 7.390013552705165239e+03 1.043600933156132378e+05 1.232709313082064546e+04 6.822648058647623111e+04 2.741415358846825256e+04 -2.418727817350972487e+02 2.323342110549281279e+04 1.292115250545195304e+05 4.602664611167073599e+05 7.985399500076677941e+04 5.030359170545960660e+04 1.845517438820778625e+04 4.320480988221742336e+03 1.840550948649418206e+04 3.027281226875483844e+04 2.372003385472814625e+04 1.675584563531659296e+04 1.975563124343837626e+04 1.855475757182645975e+04 1.600152408368732904e+04 1.908333708651559573e+04 1.257317940475485375e+04 2.516699594787597744e+04 7.589414294074964346e+03 1.908211684860373862e+04 1.000090800302609387e+04 1.287728570715014939e+04 4.972569561977494232e+03 1.417307681923146629e+04 1.286907802712893499e+04 2.089250470615647282e+04 1.721932231976471303e+04 6.010039221848554007e+03 2.099203959421115360e+04 1.596669752929064634e+04 5.639425184759342301e+03 4.882907826330172729e+11 -1.021850590468296661e+11 -2.290235390102868042e+11 1.950015419259298706e+11 -8.261087893629750977e+11 2.885989897932113647e+10 2.702741021397159958e+10 2.813022800287934875e+10 -3.076495455598757935e+10 -1.372903965409407196e+11 5.195137168218815308e+11 -3.245909443344339371e+10 -5.175364291596494293e+10 -6.625084742531484985e+10 -3.698120346561343384e+10 1.034701329111758423e+11 -5.785848437691349030e+09 -3.208030526044692230e+10 -2.313456052512617493e+10 -1.762232622719726868e+11 1.388179986032360840e+11 -2.601701857649622726e+10 3.011892577683495998e+09 3.044904009708790970e+10 9.407349156885931015e+09 2.388165852549765396e+10 2.839813001026666641e+10 5.619901322426635742e+10 -2.324262603603155518e+10 1.263099901849461555e+10 9.139743110961645126e+09 5.615207136345660210e+09 -3.663867252547680378e+09 3.323403098936743259e+09 -2.165623814123801041e+10 -1.273674482817116022e+09 1.491010094034381294e+10 1.187367426723451853e+09 -2.789246828421511459e+10 -2.503811053105455017e+10 7.025912987041780472e+09 4.566316332360104561e+09 -4.281024230183375359e+09 3.116486113493207169e+10 -1.055189402928154755e+10 1.197812161918346405e+10 2.201370089961277008e+10 -1.612725875849569321e+09 1.624070795965571594e+10 4.265608877860457611e+10 1.949247128017658081e+11 3.793750459804039001e+10 9.312004603565623760e+08 -1.938878205585093689e+11 -3.240242384570615387e+10 -8.146708247716057777e+09 6.714221733502649307e+09 1.976550762702774429e+10 1.352773378093564987e+10 -1.234687922292387772e+10 2.493439674562137127e+09 4.037806811340745926e+09 1.014873815646365738e+10 1.046353603276789427e+09 8.849986784218826294e+09 7.517315856746042252e+09 5.421401703565287590e+09 1.955949465657144165e+10 2.969144013496768951e+09 1.308204384163222885e+10 1.796178428985318375e+10 1.568732960696169739e+11 1.395612330496888733e+10 -2.769144588411329269e+09 5.893091810056836128e+09 1.081525346411674500e+10 6.254830883135817528e+09 -8.860979710809152603e+09 1.545437645338947487e+10 -1.363476654112528801e+10 7.685626016007595062e+09 1.191583869893668747e+10 9.896708701318529129e+09 1.609415434163783646e+10 -6.312543153072407722e+09 8.784714704239114761e+09 1.139308301841696978e+09 4.288817431817079067e+09 6.873223578448377609e+09 4.984207360535181999e+09 2.456763987906847763e+10 -2.531763529742460251e+10 8.131565826980420113e+09 -1.848279224865043163e+09 1.092320755821893930e+09 9.569891717007556915e+09 6.213861274617019653e+09 -2.754553619187693787e+10
6.585296463326083031e+05 -6.097342044958913903e+04 1.632358932154738868e+05 2.267180451105060056e+05 4.857550925687932613e+04 -7.626475756294682469e+03 5.235291926444144337e+04 3.961530803444923367e+04 9.990874794655734149e+04 6.140171005073706328e+04 7.160441940035310108e+04 6.105545696732846409e+03 4.023564262993368902e+04 4.865302446301738382e+04 3.269568299966897030e+04 1.553889711252176130e+04 3.937534997964303329e+04 7.985399500076677941e+04 4.467522688476914773e+05 9.761296517499005131e+04 3.314114526618598757e+04 2.458523676710798827e+04 2.745060623208383549e+04 3.320957901340122044e+04 2.631003181258498444e+04 3.748912579814829951e+04 7.303787619667087711e+03 1.737183604240898785e+04 4.610852241086609865e+03 1.379363895304575090e+04 2.690825161883806504e+04 1.888703257121715433e+04 1.101363481100271929e+04 2.076736456308420748e+04 1.692038778650996028e+04 9.098685655147646685e+03 7.851238431548005792e+03 1.433507907335833806e+04 2.389197914501597552e+04 1.974302524249499038e+04 1.309541627991425412e+04 -2.111357741336922118e+03 1.402403932517114754e+03 1.585795913195819594e+04 5.808237001361403600e+03 8.810162024679185791e+11 3.385943449626717529e+11 1.337470374539248962e+11 1.885046534585943298e+11 9.404054846073395996e+11 2.053827275414195538e+09 3.734485228348855495e+09 -7.434444796029405212e+10 -2.003382418563206863e+10 4.779353534835904121e+09 -7.004633156560996094e+11 -6.468605817588761139e+10 7.375309802179388428e+10 -9.749881632403673172e+09 -3.728877870194529724e+10 -1.179421565016893768e+10 -8.846583044148233032e+10 3.281128673384474277e+09 2.250536617327198410e+10 -4.401033034414091797e+11 4.655640734990794678e+11 -5.242068083526255035e+10 6.693268995246472931e+10 8.513760125033244324e+10 2.480819305341243362e+10 4.528053940511467743e+10 2.198806359704395294e+10 -2.905841307032757950e+10 2.119460114226901627e+10 -1.577152958663920403e+10 -9.829348563143156052e+09 2.666904642556585693e+10 -3.540076323344736481e+10 -2.763610684727722168e+10 1.060224999320744781e+11 4.082446614459851074e+10 2.942774608957963562e+10 -7.148017745513619184e+08 -2.477706600940101624e+10 3.513718254865439606e+10 -3.050936889495306015e+08 1.315893051930430794e+10 1.256922158841814518e+09 3.748013534995896339e+09 2.433208450821828079e+10 3.271195235459535599e+09 -1.281747922590503693e+09 -4.195912603652040958e+09 5.312147764320794678e+10 1.884993022399963074e+11 -1.870929948543260803e+11 2.233481881241292191e+10 2.612087283294794559e+09 -8.613901901068302917e+10 -3.512975955327957153e+10 1.529180821968150902e+10 6.937207359269437790e+09 4.834770458904900551e+09 7.390021081635929108e+09 5.180688555261769295e+09 -5.751601149377471924e+09 2.344806566386478424e+10 -4.847280832228714943e+09 4.475898616965082169e+09 -2.534868135655259323e+10 2.450850437448530197e+10 -1.013915934837198448e+10 9.273966839572908401e+09 1.164487483968545914e+10 1.987895836873875427e+10 6.906637090007036209e+09 2.362530752941376953e+11 3.404015314614352417e+10 -1.610395444179674072e+11 1.231366775436751747e+10 2.210540949638396263e+09 4.475472997978835106e+09 3.349789602247408295e+10 -1.657533356604702377e+10 7.871502872875239372e+09 1.201884404723755074e+10 -1.499179584895373344e+09 7.005635090153710365e+09 9.189626929785320282e+09 -1.806879678197058439e+09 1.306198721487154579e+10 2.948604062631161213e+08 1.014271195280393600e+10 9.580182476298894882e+09 6.749675505114869118e+09 -3.345741801878502655e+10 -5.986680226613441467e+09 -4.782155262314438820e+09 1.059024126941633034e+10 4.283609940353200912e+09 5.005723023126948357e+09 -1.081154326617274046e+09 2.714414497584323406e+09
2.013841251878857147e+05 -1.331937618392971926e+05 -3.136402691315626726e+04 4.676679325424644048e+04 -3.918072625895681995e+04 -9.593508023250639962e+04 -1.287911825205377863e+04 7.692264802097459324e+04 7.260455970122563303e+04 3.059442491566655008e+04 3.470077922718936316e+04 2.961752977361699959e+04 4.936299611175957398e+04 2.371025451448825697e+04 4.021804378095160791e+04 4.724956494280694460e+04 5.007573065882665833e+04 5.030359170545960660e+04 9.761296517499005131e+04 3.834971256604091614e+05 8.048637796939151303e+04 3.169459071620337636e+04 3.998429742853950302e+04 3.294213094335083588e+04 2.242528931519227990e+04 2.221957617865020438e+04 9.621943585768744015e+03 1.928671588888229599e+04 3.399129426801056979e+04 2.067210282066111540e+04 2.521640124951416146e+04 2.428480640446171310e+04 6.258833585403640427e+03 1.847342204681414660e+04 1.162632561829737278e+04 8.955578865051944376e+03 1.035445835262557557e+04 1.377727806833725299e+04 2.213521503711303012e+04 1.698862953860879497e+04 1.367431932291751764e+04 7.686675867837312580e+03 1.446906082735396376e+04 1.670007590143940615e+04 1.402271804842012170e+04 8.919757217350622559e+11 2.570620203789431152e+11 7.484584245530827332e+10 -1.107863715827561798e+11 -1.490952172418422852e+11 1.025720115622971497e+11 5.706582473546280861e+08 -7.604234236877619934e+10 1.207182102751419449e+10 -3.220629922261087799e+10 -2.522328949622510681e+11 2.541279143466226578e+10 -3.506038012821938324e+10 -2.707796970358781338e+09 1.823053890478662491e+10 7.913720327839128494e+09 -2.246941201595898438e+10 -3.174315599186530113e+09 2.945558482931736374e+10 -1.095100117077816772e+11 -1.028388044199255219e+11 -3.503589704386749268e+10 -1.546221433064339638e+09 2.527210657905563354e+10 1.983928752680393600e+10 1.211323855764356995e+10 4.195481677929077148e+10 6.341799198986824036e+10 1.513990035503068352e+10 -2.769762714949507523e+10 2.368052921332646179e+10 -4.664672871977729797e+09 -1.963120498291131592e+11 -3.536042832544336700e+10 6.067133634535791779e+10 -8.266655375098301172e+08 -8.057706834943605423e+09 1.692474825407075310e+10 4.359141683643279266e+10 7.908042360392004967e+09 1.491715439790850401e+09 4.138592195042976856e+09 -2.469202231440371704e+10 -1.372540742575089836e+10 -2.275695057080762100e+10 1.166059971888823318e+10 6.003814842793829441e+08 1.380867977712078667e+10 1.039505710580153656e+10 2.077602001656303101e+11 -1.609876129243531189e+11 -9.243749272346349716e+09 -1.698397455222554588e+10 2.920149672160368042e+11 -7.053658905911869049e+09 -6.408949595891340971e+08 7.714417844777572632e+09 1.195246768662069130e+10 4.600330564618890381e+10 -3.100805854663183689e+08 6.381280860427502394e+08 1.360752893643761253e+10 -4.494283236688309669e+09 4.198229233305665493e+09 -3.530046708329770660e+10 2.401604964279234314e+10 -2.431111051695566177e+10 7.561516927303972244e+09 -8.340359845558267593e+09 1.286944138404872131e+10 8.267546371395326614e+09 1.253630103713132477e+11 8.665515825735811234e+09 -6.603637614324016571e+10 3.169010695213293076e+10 1.733950957271226406e+09 1.258881569800684547e+10 3.174964482330992889e+10 6.938005566058991432e+09 -1.075501190837663269e+10 1.165430361825625229e+10 4.847539638982001305e+09 1.293320341615738869e+09 -7.047160491527015686e+09 -1.068080532386407852e+09 -5.901605453117473125e+08 7.555271930541175842e+09 8.059321892037236214e+09 2.057582696986233711e+09 1.235967954141178322e+10 -4.270894491568944550e+10 -2.846147213946927547e+09 -1.578306630348407030e+09 6.575182314052101135e+09 8.340929087059758186e+09 7.609839844576066971e+09 -3.152517314045488238e+08 1.763215970494771194e+10
3.739010239901503082e+05 1.737570879424927989e+05 -1.310500175175907134e+04 1.505230102571101161e+05 4.003086344066049787e+04 1.194081316392173467e+05 3.319732771522005351e+04 1.761089316373744441e+04 9.930493508798351104e+04 7.459578656610286271e+04 6.488249531826627208e+04 3.605929598647412786e+04 2.072449052207567206e+02 1.362932740309584551e+04 3.730220614028700948e+04 3.219778162457439976e+04 2.613289184518563343e+04 1.845517438820778625e+04 3.314114526618598757e+04 8.048637796939151303e+04 3.328849668389031431e+05 8.414406594086338009e+04 2.402301748396529365e+04 3.278989931137557869e+04 2.556740523699663754e+04 3.647862831119754992e+04 2.163650576656307385e+04 1.368572173264939920e+04 2.549019635278406349e+04 3.284107098813107586e+04 1.807549541830160888e+04 1.928344779224719969e+04 1.711074497048623016e+04 2.211172998607860427e+04 1.738252996091856039e+04 9.666318011999424925e+03 1.969428350656075781e+04 1.951861607313428613e+04 2.272671121318950827e+04 1.893742298542988647e+04 1.459881679118144348e+04 1.503910226177226468e+04 1.170634535320110081e+04 1.148495951439782220e+04 1.775727673432404845e+04 9.692697789008988037e+11 1.903204711000542908e+11 -1.870644577742978210e+11 -2.993878398789414391e+07 7.119787823032510986e+11 -1.231502078508259125e+11 -2.313628241925617218e+10 4.318759823775688171e+10 7.779132757222382545e+09 -5.288116590192884064e+10 4.565859546418149414e+11 6.388281562202890778e+10 -3.131411355928388596e+09 -1.257817802737476158e+10 4.325167460307226562e+10 -2.328581060255472183e+10 1.793950027830144882e+10 2.661924819688122177e+10 -2.345846628161373138e+10 5.050611081697117310e+11 -4.070834158942419434e+11 1.766512991706764984e+10 2.783529047679075241e+10 -5.494369693220519257e+10 1.660223199591133690e+10 3.148430526857509232e+10 4.520384710744925690e+10 9.659287717120132446e+10 3.511495020941466522e+10 3.497264467552418518e+10 3.332387905650324631e+10 5.411333740448789215e+10 1.284449268532282562e+11 -4.776664540477677917e+10 2.553773834466718750e+11 2.085466195477288818e+10 9.054134609830280304e+09 -7.329660923532339096e+09 3.175262625065594482e+10 1.569815940233512878e+10 1.704570737721035194e+10 9.509155844249525070e+09 2.229859237043650818e+10 5.999940604150004578e+10 -1.642322143787013626e+10 1.291439873500606155e+10 1.324724889604183769e+10 3.106231502583458424e+09 2.439293070917691803e+10 6.147144719334577179e+10 1.967531804244403687e+11 2.596477758740059376e+09 -1.615991068133005333e+10 1.152832385447044830e+11 6.344595558602079153e+08 4.933024715762509346e+09 9.260571934500623703e+09 2.005771697708989716e+10 1.013019502220462441e+09 1.330069688525648594e+09 1.636521627664847374e+08 1.837036017440168142e+09 1.074574297798758125e+10 -6.420488989869445801e+09 5.300991396824018097e+10 2.845843912476374817e+10 -7.773709451171000481e+09 9.616710711002126694e+09 1.343721294103969383e+10 3.547340685607679844e+09 -4.446989737761573792e+09 -4.889288211333712769e+10 1.032118462512732506e+10 1.054596574623130341e+11 1.937186090209562683e+10 2.297829780779567719e+09 1.769319608824301529e+10 -9.481177696614830017e+10 5.060586688558323979e+08 1.285701164818259048e+10 3.430290975971215367e+08 1.886724653103764725e+10 1.761512881088782072e+09 7.060213735148310661e+09 4.897036960639539719e+09 1.686016574719695854e+10 -4.445883381505294442e+08 1.059771488040029716e+10 -6.281556319590511322e+08 7.364778054975122452e+09 5.027506983600747681e+10 -2.350646952345994186e+10 4.712437668389453888e+08 1.158564702725313377e+10 1.149218904265135574e+10 2.032954387343235731e+09 1.307962091651553917e+10 9.609205924501592636e+09
-2.019197886761605623e+05 -1.363291798186816450e+05 -1.963328027568305261e+05 5.878251201144550578e+04 7.859192613018162956e+04 5.019695461993318895e+04 -1.502549335877893100e+04 -5.402195086522089696e+04 7.325002149071970780e+04 5.301984348483560461e+04 5.438418761964882287e+04 3.854668405939295917e+04 3.609342007242068576e+03 4.879985101434743228e+03 7.566775585040730220e+03 4.681538203780826007e+04 1.036526125474907531e+04 4.320480988221742336e+03 2.458523676710798827e+04 3.169459071620337636e+04 8.414406594086338009e+04 2.984509545456559863e+05 6.611038999149423034e+04 3.837282173212408816e+04 2.080562644600075510e+04 1.522162628573195616e+04 1.702811908459625192e+04 1.818047905232392441e+04 3.578800776744390896e+04 2.973572813143277381e+04 8.105237033372732185e+03 2.116809887373854508e+04 1.860931691986144142e+04 2.154953100011229981e+04 1.605449202867094573e+04 1.783100779153927579e+04 1.939336386081662567e+04 2.135819286118166565e+04 2.200160145188559181e+04 2.356131014462844541e+04 1.877706798463300584e+04 2.248281738835110809e+04 1.709981706210886114e+04 7.844197380139353299e+03 1.723018822687464490e+04 4.136792061094880371e+11 -3.877036550250555420e+10 -1.027658207486522064e+11 -5.439608437799846649e+09 -5.898709350375083008e+11 -3.643876440099060059e+10 -9.664686356117097855e+09 9.069362927145330429e+09 7.817171695581147766e+10 -2.617932278804756165e+10 -4.022306807443238831e+10 8.770135832269281006e+10 1.114136308605675888e+10 1.951096847547068596e+09 3.307292210152766418e+10 -6.905605142857196045e+10 1.366282022372630882e+10 -1.217658867705440760e+09 -7.270067225609629822e+10 5.724814011007382812e+11 -1.187954587622197723e+11 4.163681758354330659e+08 -1.697539298832771492e+10 -4.380049185566973114e+10 1.969546524289144135e+10 -1.150157320401784134e+10 -1.021539169946419716e+10 3.828632551254320741e+08 6.760469814276973724e+09 9.617072263549171448e+09 4.030741519817141294e+08 -2.080923324188983536e+10 1.943869598697689514e+11 -3.541085353705041504e+10 1.122128708119189453e+10 2.952742499730374146e+10 4.637927348285737038e+09 -1.737488929633246994e+10 1.286878568398055649e+10 2.847781769501554489e+10 9.904568453036769867e+09 2.635108644392287445e+10 -5.201712624232836366e+08 -1.771169826964638901e+10 -2.489961785806311798e+10 -2.425178383572595215e+10 -5.237051562597279549e+09 -7.661382715406577110e+09 1.787121898658894348e+10 1.977702566707398376e+11 5.946927025985029602e+10 -1.290219438589415359e+10 -1.614286723138511276e+10 4.022015054985302734e+10 -3.361600003174803925e+10 -8.800302416622252464e+08 3.492832560043367386e+09 1.252512764633702087e+10 -7.738242582974673271e+09 -3.013992860237083054e+10 -7.219816006234943390e+09 -1.120367209169203186e+10 3.163463979555398822e+08 -1.519933183491928101e+10 9.180241691944433212e+09 1.401018410253608704e+10 1.007293620877953172e+09 9.431006262174119949e+09 -6.201618303308166265e+08 8.732026705864011765e+09 -3.533260401957478333e+10 1.465637717048653603e+09 -2.654632203412377930e+10 1.591384413616695251e+11 1.933831555291167068e+10 4.442704959576877594e+09 1.382968849275393867e+10 -6.290561337756812286e+10 1.796680155361088562e+10 1.097865695252851677e+10 4.539771885619199753e+09 2.343084499948524475e+09 -5.441221456477618217e+09 -1.186389673585830307e+10 -8.577187409370287657e+08 1.726152354458137453e+08 3.142410250695903778e+09 2.642728325218168259e+09 -4.750435033614605904e+09 -1.920416419030394077e+09 -6.072189240885527611e+09 -1.475779292796399498e+10 1.477165098515548515e+10 9.060539396787288666e+09 5.504456305433339119e+09 9.686725398081703186e+09 1.967165768650593042e+09 2.206509604943525314e+10
-2.451000720457156131e+05 -1.418756113408380188e+05 -7.900238123734231340e+04 9.074099859865278995e+04 2.242320660467651760e+04 -2.139735788178732764e+04 4.550832484352493339e+04 2.683782866864154494e+04 4.964358346608377178e+04 3.713586120299749018e+04 6.432791076068655093e+04 4.603128217044649500e+04 -4.146191819896243032e+03 2.210584797259753759e+04 2.647444757642543118e+04 1.871761345453443209e+04 3.048919561675207297e+04 1.840550948649418206e+04 2.745060623208383549e+04 3.998429742853950302e+04 2.402301748396529365e+04 6.611038999149423034e+04 2.586373797457853507e+05 6.384661444602574193e+04 2.978819832760219288e+04 1.320791809931006355e+04 2.651208821639345842e+04 2.488356841721005185e+04 2.411372901133367122e+04 1.932955523383607215e+04 1.443957269120340607e+04 2.356591322950361791e+04 1.525856312365496524e+04 1.197959483703149090e+04 1.175547453230434076e+04 1.503163306651579478e+04 1.260294701266232187e+04 1.791558953828541780e+04 2.478862664423005117e+04 9.407600294758442033e+03 1.897081056006917061e+04 1.724842003064062737e+04 1.330802943582412445e+04 7.707597217097287285e+03 1.095186003911962143e+04 1.037575772598801270e+12 -1.868566909248842478e+09 -4.851641580442167282e+09 1.016211583536945343e+11 6.081669412660617676e+11 -1.318770352533324814e+10 1.726191121003300858e+10 -6.175115798684467316e+10 -3.916895997837523651e+10 -2.436876120468680191e+10 -3.511716544894226837e+10 8.424829494184414673e+10 4.509942755537123108e+10 -1.261590019585058212e+10 6.390992965341057777e+09 3.421619154670096588e+10 3.476814938717778015e+10 -3.259502105430754089e+10 -3.090066790086228180e+10 1.387251164080677605e+10 1.323893117786031342e+10 -5.534086887054834366e+09 -3.521558120318653870e+10 6.539710128605111122e+09 3.491828859772534943e+10 -2.340361715106395340e+10 6.558303749224693775e+08 -8.669808538049255371e+09 -1.106321572251080704e+10 2.010373130344400406e+10 -1.700384275384718180e+08 2.162170872840462494e+10 -1.635118885510823059e+11 -3.386772074799080658e+10 2.297434424528858566e+10 3.592522518149801636e+10 1.469962741439238930e+10 -8.331311488835636139e+09 3.255276435665007401e+10 3.544510839673973083e+10 2.010614850014539337e+10 1.028134201608196831e+10 7.767736400522821426e+09 -2.495638494736033440e+09 4.760313882480997086e+09 8.228600888956274986e+09 6.243132807071825027e+09 7.881012383610667229e+09 7.334308629022564888e+09 3.424740561370197678e+10 -4.673619173792082977e+10 -1.073890790976184464e+10 1.509924994004441071e+10 -1.963001828298783112e+10 -1.205105581778372574e+10 -2.708522507729462624e+09 6.881985245015554428e+09 1.872974394983978987e+09 1.519444583457964134e+10 -1.013500202307456207e+10 -1.177835297335837841e+09 6.026739559572222710e+09 1.545399570240815163e+09 -1.189830506700296402e+10 1.612534075975016975e+10 1.741000052121646500e+10 1.374600647274488068e+10 1.068831972069217300e+10 -7.854525268348327637e+09 -4.575663269657223701e+09 3.767652398523227215e+09 -4.934857880618740845e+10 -2.024992867910929871e+10 -4.162291204829113770e+10 9.404300992232310772e+08 1.476226073836855125e+10 -3.187805260462063551e+08 -8.580332721729022026e+09 2.053952860444864750e+09 -1.170829130527419448e+08 3.880899908510500431e+09 3.568928162432318687e+09 -3.432270251704168320e+09 1.773962983063915634e+10 -1.261277955876432508e+08 1.499953085437319517e+09 -7.684658076958833933e+08 8.203649545398921013e+09 -2.005444058170735598e+09 7.317792067031995773e+09 6.841381128928311348e+09 8.153055357583110809e+09 1.505547940584897614e+10 1.369011266418883514e+10 3.692524847870064735e+09 1.425670140231978798e+10 3.296860068159858227e+09 1.063567381589845085e+10
4.106977701253901469e+05 -3.148392307809948397e+04 4.589621269683212449e+04 1.341336521290294186e+05 9.033136536266474286e+04 3.297094016661335627e+04 9.531803391713998280e+03 2.403640387219204058e+04 6.025281558340421907e+04 2.092783668327397027e+04 4.474900657606407913e+04 1.152441585166281402e+04 2.012980292328057476e+04 4.981609704802519991e+04 2.741128668024493163e+04 5.201109537728440773e+04 3.914821558746134542e+04 3.027281226875483844e+04 3.320957901340122044e+04 3.294213094335083588e+04 3.278989931137557869e+04 3.837282173212408816e+04 6.384661444602574193e+04 2.550328333244158712e+05 7.071631555993066286e+04 1.944213213285636084e+04 2.747645889550231004e+04 2.376553840580595352e+04 2.756107250512951578e+04 2.761830317722617110e+04 2.345777124176715006e+04 1.544970276119442133e+04 1.981430638551087759e+04 2.342981255389349099e+04 2.791993971221062748e+04 1.801857877299455504e+04 1.031358748939906400e+04 1.704151541276420176e+04 1.609842085873544602e+04 1.751441432144094506e+04 2.087156462473545616e+04 2.171747505664526761e+04 1.479716355401128021e+04 1.487058620414689540e+04 1.929881576603520443e+04 -6.706098912742304993e+10 -2.269464716529533997e+11 -2.425153228240062256e+11 -1.057224246818745880e+11 -4.763536599614940186e+11 -2.918215312081461716e+10 -1.273471556491320992e+10 -4.242267347297527313e+10 -1.567975216775808907e+10 2.962050261585053921e+09 6.265291857099649658e+11 9.876225371585728455e+10 3.702423748551759338e+10 6.457800105685433197e+10 3.511885672860224152e+10 3.094929319005104828e+10 3.721400476095758057e+10 8.189585836753906250e+09 -5.178201097690242767e+10 5.061304396261274719e+10 1.418445018601050110e+11 2.219591270009017563e+10 2.917151896247094631e+09 2.210868562293743896e+10 4.293631562797199249e+10 3.298551730653575897e+09 5.409026643432913780e+09 -3.540980618421856689e+10 -1.304485715771878052e+10 7.970773031966866493e+09 1.114184844565529251e+10 9.348835119911958694e+09 -5.477096237989118958e+10 2.871020865692668915e+10 -7.893134227015591431e+10 4.589754929885208893e+10 2.044957198756324005e+10 -4.003856031819615841e+09 1.557385277277497864e+10 3.722071419518428040e+10 -6.984129688217471123e+09 4.552486957898507118e+09 6.811230342740846634e+09 -1.484102797515122032e+10 7.685547683980511665e+09 -2.477881282001777172e+09 -5.603748505982403755e+09 -1.521468288338457680e+10 -1.436428387778506041e+09 -5.099511285141192627e+10 7.676065958304016113e+10 2.354419722352801895e+10 1.655671081347977257e+10 1.760756113272153625e+11 3.012365285828606796e+10 1.768177805476300049e+10 4.305870936159061432e+09 5.602038983937641144e+09 -7.094851507214287758e+09 1.963773051195177841e+10 1.216561889899209023e+10 2.564823528963587284e+09 7.911828890864988565e+08 -1.282096709347445297e+10 -2.764852476182410812e+10 -3.110221731251188755e+09 1.974165752150574112e+10 2.379221562639785004e+10 -6.206850501213293076e+08 6.567503741756396294e+09 -3.251720341859560490e+09 -4.455477805747827148e+10 1.824997303302172089e+10 7.902142073455931091e+10 3.962450972081948090e+10 1.103637028101779938e+10 2.131458890258933640e+10 -2.964510653286635208e+10 3.525811137824394989e+10 1.908896994078102875e+10 -2.246245809301525116e+09 8.435272167475688934e+09 2.794369518961869240e+09 8.623498425632204056e+09 1.449987310261213875e+10 1.235384250717434311e+10 3.913613092494154453e+09 6.610939573788474083e+09 9.687259031367214203e+09 1.681935253459462929e+10 -2.027794466043157196e+10 2.020560070843066788e+10 2.996655762834170151e+10 1.347307236430272102e+10 2.234811971104350567e+09 1.163595125494084549e+10 5.424434926411353111e+09 3.467131900938434601e+09
1.975987215694556653e+05 -1.506065570956226438e+05 1.721155808030784538e+05 7.698090581077164097e+04 7.433755918723686773e+04 3.134333496556981117e+04 9.897340429200317885e+04 1.876095769369588379e+04 2.169499192973981189e+04 1.272224477556689635e+04 1.192534845145499821e+04 3.189524918984994656e+04 6.034564518213584051e+03 2.949497922346632549e+04 2.796796092857201074e+04 2.049527301116454692e+04 2.414896230585352532e+04 2.372003385472814625e+04 2.631003181258498444e+04 2.242528931519227990e+04 2.556740523699663754e+04 2.080562644600075510e+04 2.978819832760219288e+04 7.071631555993066286e+04 2.248967457141574705e+05 5.985580247715641599e+04 2.883486131608322830e+04 2.340315035980010362e+04 1.744261898443640166e+04 1.622172418975463552e+04 1.765007030254375786e+04 2.382331916175055812e+04 1.283152434773182722e+04 1.591899920268718415e+04 1.729732674747776764e+04 1.775042665261728325e+04 9.226207505389911603e+03 2.118132822059149839e+04 1.421385306000031233e+04 1.628899439523171532e+04 1.806879114850598853e+04 1.918244149906071107e+04 7.688785555416864554e+03 1.654242317131248637e+04 1.257332610067800852e+04 -2.593471513411938171e+11 -6.036952561088166046e+10 -1.787119230943444824e+11 -7.017243611923641968e+10 2.407666354263575745e+11 4.508877108259410858e+10 4.404632588226020050e+10 -5.968113278654949951e+10 4.362500351098381805e+10 4.311443524760097504e+10 1.678114968999669800e+11 5.621765099952597046e+10 -7.532994595018806458e+10 1.087734482501320267e+10 2.873171399459092712e+10 -9.328820279399555922e+08 4.971963184420320129e+10 -2.113169932804794693e+10 -4.363328105114472961e+10 -3.442563593607931519e+11 -1.608709819964130249e+11 2.111495753912484646e+09 -1.153183993863408089e+10 -6.226855605208284378e+09 -3.711817241443221569e+09 4.082036665529824734e+09 -1.058990741407579231e+10 -4.244461372214090729e+10 1.029062625009917736e+09 1.673475836766436386e+10 1.045050710892085457e+10 2.162115848562427139e+10 2.257493988215368347e+11 -1.101229314933990479e+10 3.553002079245372925e+11 4.948639508926284027e+10 3.351239250630659103e+09 1.001132883803274155e+10 8.011377346353674316e+10 -1.609464873994073868e+09 3.065542816644051552e+09 -5.201523266515435219e+09 1.154544011098742962e+09 -3.597242843272215271e+10 -7.280478884172294617e+09 -2.635789416777941895e+10 6.405641893219256401e+09 1.040962839655417061e+10 5.909845850044106483e+09 -1.046027586221041718e+11 -7.537467344095832825e+10 4.561237367177159882e+10 1.119741170089246178e+10 -1.043114748481488953e+11 3.392146971949062729e+10 1.656372036012499237e+10 1.207927671147950745e+10 1.516608845937329865e+10 -2.417455640156125641e+10 1.170670519255230141e+10 6.768944443798312187e+09 1.465470408809549332e+09 5.254943920258462906e+09 9.093408323527702689e+07 -4.305390485809507751e+10 3.632181161168312073e+09 2.504924111967988610e+08 1.524861168085183144e+10 4.608792300340320587e+09 9.679849849674695969e+09 6.238672080503801346e+09 4.204359308582844734e+09 5.763650676644515991e+08 6.373117340938645935e+10 3.005326355163045120e+10 1.467786105094271851e+10 1.223803193449832153e+10 -3.418524232062679768e+09 2.238768041761750793e+10 9.443330236176380157e+09 8.661163223051757812e+09 7.138751828068930626e+09 5.306741885764304161e+09 -1.069536424962751007e+10 3.038916307233232880e+10 3.201172638235650539e+09 4.428279682954186440e+09 5.508504739709016085e+08 1.380892082313197613e+09 8.788316490805185318e+09 -4.555015363560707855e+10 1.001015572387182808e+10 1.433099629967873383e+10 1.588116526599721527e+10 3.944675005360899925e+09 1.278199485636689901e+09 3.702155314358780861e+09 1.129390145040176773e+10
1.083387324708254455e+05 3.814272851963926951e+04 1.650786784233177896e+05 1.829712989969446789e+05 7.058480885930143995e+04 4.908785098859627760e+04 7.144037891210618545e+04 2.092595426706808212e+04 6.540686671585017029e+04 5.641362957627716241e+04 3.612293785214792297e+04 2.517115401112201653e+04 1.138066716207901118e+04 2.899519189282574371e+04 1.820854797120570947e+04 8.519496384826661597e+03 1.838943285158858998e+04 1.675584563531659296e+04 3.748912579814829951e+04 2.221957617865020438e+04 3.647862831119754992e+04 1.522162628573195616e+04 1.320791809931006355e+04 1.944213213285636084e+04 5.985580247715641599e+04 2.121438613152604084e+05 4.963316344389010919e+04 1.703434521028559902e+04 2.137433697879782267e+04 2.574559982407413190e+04 2.220535056872106725e+04 2.675425715464885070e+04 2.615213178749520375e+04 1.828576146100189362e+04 1.527529451876797430e+04 1.241758549659834534e+04 1.145828825477747887e+04 1.457947777854581909e+04 1.538405775271133280e+04 1.217171575395653053e+04 1.887598685058587580e+04 1.827801000509286678e+04 1.217195369227760420e+04 1.087342943796818145e+04 1.183724544505962695e+04 5.127012467898602295e+11 2.233003040364233093e+11 -2.447342268917763138e+10 1.468418339733451843e+11 -2.610095384839399109e+11 -5.243577730781561279e+10 6.322314172023108673e+10 1.173609358186849976e+10 3.967033422017586517e+10 9.047311355984786987e+10 -3.643130027141217651e+11 1.270400910219212799e+11 9.522424417540626526e+08 8.430898256202898979e+09 3.412347605405991745e+10 -5.033818787306640625e+10 4.182793922325710297e+10 2.781415119556803226e+09 3.854596241682433605e+09 -4.920049079301185303e+11 -1.372285525833627625e+11 1.819241826882669449e+10 -5.527959036791973114e+09 -2.020450928161723328e+10 1.187460388379905701e+10 6.140791495557415009e+09 1.644152227112709427e+10 -1.850418678942657471e+09 1.777105238455839539e+10 2.687868373390987778e+10 2.526320946299660492e+10 3.556111020283094406e+09 1.787128547919027100e+11 1.279088137165959740e+10 3.884479282257977905e+11 2.199104167490293121e+10 7.378575809443243980e+09 -1.151877678072500801e+10 1.691981145332221985e+10 2.453041119192392349e+10 -6.875603449154239655e+09 -1.448056224905063629e+10 1.055814519196915817e+10 1.651097562798889732e+10 2.996414324653557205e+10 1.669072344304818535e+10 4.822019196325878143e+09 1.722913799814031982e+10 2.391300188299216461e+10 2.628003995397567749e+10 -1.241948665032170105e+11 -7.282426657194434166e+09 1.679615016069982910e+10 -1.762722489134885864e+11 2.172765434906160355e+10 1.086971968868460655e+10 -2.825164226894366741e+09 1.218421769018643951e+10 9.303989937126529694e+09 7.242706867634425163e+09 -5.023700510823861122e+09 9.760249692546266556e+09 1.099416398993823051e+10 -4.139759792781453580e+07 -3.390245704577753830e+10 2.279272243154919815e+10 1.522948322057787895e+10 2.161629940343491364e+10 1.288763616610118484e+10 8.629051652154634476e+09 7.566049933838805199e+09 1.175117017490050201e+11 -6.199799466128429413e+09 8.637716603849794388e+09 1.721366851639626312e+10 8.661934296665760040e+09 5.665805185657475471e+09 -6.381555192789270020e+10 1.397614084414775658e+10 -1.080816032239858627e+10 6.854779695021410942e+09 1.321794558020947838e+10 8.389362042836653709e+09 1.266951132899377441e+10 1.379670544499647141e+10 6.261041927639096260e+09 6.449215951803153992e+09 5.765136006723428726e+09 1.379873501792186499e+09 1.132552160245121765e+10 -2.013081256322223663e+10 1.318581272658255959e+10 -8.720476058109730482e+08 1.777447335431713867e+10 1.186935667765954971e+10 1.054383696417287350e+09 7.970553195590938568e+09 2.317966658191968536e+10
-3.367623342536515556e+05 2.923040458667861531e+05 1.641721584026658675e+05 2.384929264051957289e+05 8.567658299721518415e+04 1.232796445412670873e+05 8.217485143264042563e+04 1.816245336882463380e+04 9.632158547302579973e+04 3.506103380638712406e+04 2.212591748722831471e+04 8.943518467182095264e+03 1.550588518028226463e+04 2.196276370755307653e+04 3.176132648227732716e+04 3.875753517229380668e+04 5.365653725400956318e+04 1.975563124343837626e+04 7.303787619667087711e+03 9.621943585768744015e+03 2.163650576656307385e+04 1.702811908459625192e+04 2.651208821639345842e+04 2.747645889550231004e+04 2.883486131608322830e+04 4.963316344389010919e+04 1.925019377998602868e+05 4.787068738624034449e+04 1.941781911159371157e+04 2.409811316253857876e+04 1.615028805522025687e+04 2.466906735344383924e+04 2.642069265431417080e+04 1.532217582898217734e+04 1.419398737207489648e+04 2.196390117217675288e+04 1.633204199206116027e+04 1.667275764144631466e+04 1.578679814254305529e+04 1.355597800347460361e+04 1.545515720486300415e+04 2.036613933686017117e+04 1.872597865769077544e+04 1.139416993972188720e+04 1.384713192999915191e+04 -5.703662709725941162e+11 -1.686375698628992615e+11 -5.392862939487460327e+10 8.612630492064062500e+10 -1.310736098553867188e+12 2.884052503559412384e+10 5.769961251516932678e+10 -1.392227206832016602e+11 3.154995267571750641e+10 5.590970334385314941e+10 -1.695099921929320374e+11 2.096019667571449585e+11 4.758283050256672668e+10 3.121104760398817825e+10 2.569678363481182098e+10 -5.707459865424699783e+09 5.888735107089556885e+10 3.089115742793065643e+10 -5.079579846806578636e+09 -1.481253242348146362e+11 1.439242007547327576e+11 3.240003718775580215e+10 2.020354539217009354e+10 5.829314616595272064e+10 2.546171511194134140e+10 1.527705150464650154e+10 1.649847593910750961e+10 -8.079366925345025635e+10 9.491306763573808670e+08 3.057497058416765213e+10 5.574706816076222420e+09 9.167712411157711029e+09 8.456611611603286743e+10 -3.313295630519589996e+10 9.033100781427633667e+10 1.926430380482746124e+10 6.396527837554168701e+09 -9.867742043669942856e+09 2.364942279391674805e+10 4.391998808348086548e+10 -6.337193352376566887e+09 3.580313368241940498e+09 -2.122528655890314102e+09 -1.459702810001405907e+10 9.184252442093801498e+09 1.171046600330865145e+09 2.013895074888852596e+09 1.236227460129714775e+10 1.813451554722215652e+10 -6.388255485091503906e+10 3.984461658976760864e+10 1.649606607999485588e+10 -7.108323301854870796e+09 -1.208759994852840118e+11 -1.286024470808749771e+10 5.829121708064393997e+09 -1.121279845222473383e+09 6.621797397831442833e+09 2.230491385871717834e+10 1.683168258992611647e+09 1.316628422719079494e+09 1.040266063003663778e+09 9.087393181832635880e+09 -1.527205406050507545e+09 -1.968838957601339722e+10 1.290344809243932343e+10 1.547385473227898598e+10 1.199961551926984596e+10 1.300188665167322731e+10 8.433681968044277191e+09 4.509052512863334656e+09 -2.584307526014631748e+09 -1.489284723998781013e+10 -3.082965803592616558e+09 5.980705685196040154e+09 4.488951402218958855e+09 7.613755528138057709e+09 9.645715367564730835e+10 1.388534121904760551e+10 -7.519047310351222754e+08 -4.455096494852929115e+09 2.554591825115856647e+09 4.283719030467701435e+09 1.771788217530112076e+10 2.060345574643860626e+10 4.334953499233639717e+09 -5.790092972881900072e+08 5.149385591860306740e+09 -1.841089251962520123e+09 1.975779985433411837e+09 -2.228892752492499161e+10 3.792365193188863373e+10 7.558361486343491554e+09 -5.156178997188516617e+09 7.343140993388713837e+09 6.213865074546655416e+08 6.194908068878267288e+09 7.751042357564593315e+09
-2.058961988494697434e+05 -6.782615556386295066e+04 -4.229927096849094232e+04 4.641477237716819218e+04 1.180209854003037472e+05 1.848521136379518339e+03 4.963587778793150937e+04 2.390481669147614593e+04 8.568220122623450879e+04 1.925340298953507227e+04 3.200097985958442951e+04 1.940427777812177374e+04 1.603211791590624853e+04 2.781549982299865223e+04 4.346094146605125570e+04 1.833606186053156489e+04 1.035287051074524607e+04 1.855475757182645975e+04 1.737183604240898785e+04 1.928671588888229599e+04 1.368572173264939920e+04 1.818047905232392441e+04 2.488356841721005185e+04 2.376553840580595352e+04 2.340315035980010362e+04 1.703434521028559902e+04 4.787068738624034449e+04 1.762097656666262774e+05 4.565196219451250363e+04 2.055866702900398013e+04 1.365666950067547623e+04 2.221422209991179989e+04 1.856635945096036085e+04 1.212765108988309476e+04 9.629088541285060273e+03 1.689414581398940209e+04 1.423199737889549942e+04 1.925566915898234583e+04 1.825486092616615497e+04 7.896862996034729804e+03 2.027294251174966121e+04 1.396261830374246711e+04 1.421390984965507778e+04 1.732541242689918363e+04 1.638864535197490477e+04 -5.373075707301576233e+10 -2.043854637636276245e+11 -1.371389386491437683e+11 1.406285537091260071e+11 -2.989988184465331421e+11 2.645408668317204666e+10 4.553074443954222107e+10 -4.024409198445430756e+10 5.448897419191540527e+10 3.617729330105567169e+10 -2.255780496198530884e+11 1.104490772421077881e+11 -4.562108481983439636e+10 -1.989599530161313534e+09 3.508734897823632812e+10 2.346175086989225006e+10 5.993825439426448345e+08 8.614030726404199600e+09 1.356651875000680733e+10 -1.112996572159288635e+11 4.121439244819656982e+11 -1.124116516651838493e+10 -5.004757099139148712e+09 3.499873580194334984e+09 4.647206013529438019e+09 3.625377550689426422e+09 4.613411132981673241e+09 1.904051629256155396e+10 -1.727078698818380356e+10 1.270009885256157303e+10 6.980769053905727386e+09 1.866859982271731615e+09 -8.470292932310276794e+10 3.976812230881275177e+10 7.651854201856227112e+10 3.866894299717020416e+10 3.605297082709038734e+09 2.022586083124110794e+10 2.780438721192533875e+10 1.312340421078530884e+10 1.855521295929819870e+10 4.430396693371684074e+09 -8.076329814648395777e+08 -1.988061597067255402e+10 3.611271509838114929e+10 1.853507964790934753e+10 2.860934867542501450e+09 5.322338558687761307e+09 1.036136489058027267e+10 3.707497134660236816e+11 6.403936601269635010e+10 1.397390652439641571e+10 1.350932434126025581e+10 1.688040843676295776e+11 -2.488440059075076294e+10 -5.462380770260925293e+09 1.016668977605689621e+10 4.661922098761002421e+08 3.589751715640798092e+09 2.714129080841358662e+09 9.592976785315010071e+09 -3.602304521744109154e+09 2.671153004617189884e+09 6.210272554346835613e+08 -1.622663965252494621e+10 7.791522875985341072e+09 6.016981751015146255e+09 2.681270296715136051e+09 1.056737681886968231e+10 1.226553098365375900e+10 2.918443929953162670e+09 8.846019854333688354e+10 -1.105395340049184418e+10 -4.347603574104575348e+10 4.770175526183913350e+08 9.845175773278472900e+09 1.521332307542537880e+10 -2.133017514848255920e+10 8.046895725346446037e+09 6.618153026935435295e+09 1.011050358854610825e+10 2.073287846260168314e+09 7.043396333318936348e+09 4.008647230249205780e+10 1.282568030424099922e+10 8.626831741566291809e+09 -2.094144453474754572e+09 -9.076335198406327963e+08 4.876430796249620438e+09 9.488696419222124100e+09 -5.667012216233035088e+09 6.224162781989443302e+08 3.763175504482936382e+09 -1.271623308733983040e+08 4.388184514406843185e+09 -3.374364926177423954e+09 4.959496201101618767e+09 -4.728609708858241081e+09
4.675835513550444157e+05 -2.867171876457234248e+04 1.124547468307408417e+05 4.621917683225167275e+04 3.737741244059189194e+04 2.605330016327289195e+04 3.022365904862618208e+03 2.372846613902988611e+04 7.519068136600175058e+04 7.926331337966374122e+04 1.672832773470332177e+04 1.212065012002267940e+04 3.087655082635875442e+04 1.365173492553496908e+04 1.414919557193044966e+04 2.890393402831708227e+04 9.347990582640682987e+03 1.600152408368732904e+04 4.610852241086609865e+03 3.399129426801056979e+04 2.549019635278406349e+04 3.578800776744390896e+04 2.411372901133367122e+04 2.756107250512951578e+04 1.744261898443640166e+04 2.137433697879782267e+04 1.941781911159371157e+04 4.565196219451250363e+04 1.642602358500633854e+05 3.794464218940747378e+04 1.332544226274223183e+04 1.814525770935516994e+04 5.945038822297336992e+03 1.805292207410816627e+04 1.383759696810964670e+04 9.116483555408864049e+03 6.150594477951832232e+03 1.213521276403398952e+04 1.936168492272998265e+04 1.353377987163108446e+04 1.897947127911376811e+04 1.828142323811886308e+04 1.165976990940488940e+04 1.281166402883615228e+04 1.359400937294380856e+04 3.773980941971907349e+11 1.750825302012351379e+11 6.967074586942544556e+10 1.881592806376018982e+11 -1.191655286097286133e+12 -7.548972723663983154e+10 3.696617707144532013e+10 -3.747306622380128479e+10 8.614629425914901733e+09 2.222489185065027618e+10 -1.709841348998596191e+10 9.270556252598680115e+10 -3.034984347771478653e+10 -5.019482967225714684e+09 -3.168927455223322678e+10 2.852650451205919266e+10 2.664218133469429398e+10 6.042999142903538704e+09 4.508842340264718056e+09 1.701516688533228493e+10 4.193960106249611206e+11 -1.391617102421855545e+10 -2.610994437748905182e+10 6.524277397758719635e+10 2.002687428558031082e+10 1.526753616322004700e+10 7.133371740098406792e+09 8.787687595392736816e+10 -5.001575981180077553e+09 1.161320236397716904e+10 1.307467341341147614e+10 -2.665864843078325272e+09 -2.389740754494084778e+11 -1.466490483514687729e+10 2.195160476147292786e+11 3.845864360399241638e+10 -2.543708275349959359e+07 6.695145215819992065e+09 5.351061482481505585e+10 1.493008787130035973e+10 1.696578487476114655e+10 -4.129796252533751965e+09 6.789562141366589546e+09 8.183955971940694809e+09 8.974467443039863586e+09 -7.512766165543815494e+07 2.626361823371727943e+09 5.483476661370695114e+09 1.340623345909153366e+10 9.507409379488862610e+10 5.649566348604609680e+10 -6.204113041439992905e+09 -1.043017791003690720e+10 1.018002447677023506e+10 -1.115261823355682755e+10 -9.014299407984867096e+08 5.644469807388685226e+09 1.339541206062065697e+10 -8.738035044109758377e+09 -1.609058120716416740e+10 -4.466314790159561157e+09 4.585657520573873520e+09 2.187842796117869377e+09 -3.797319469565132141e+09 3.476109053120019531e+10 7.672036261759090424e+08 -1.059776524984035683e+10 7.274398639869638443e+09 1.039218849015602684e+10 9.587958152494503021e+09 1.629362796920973587e+10 -2.474243275766159821e+10 2.105476776598336411e+10 -6.830330578467805481e+10 1.295477707115739822e+10 1.373601741199604797e+10 2.350408711371746826e+10 5.914059599791772461e+10 -1.654966918204932785e+10 8.173816414816048622e+09 -3.848540195415906906e+09 1.990971156007708311e+09 9.459877579919843674e+09 2.683767227454551315e+10 5.056148451532882690e+09 6.670047367964855194e+09 1.319445856159847975e+09 1.506972583298292398e+09 9.427251967171380520e+08 6.714523172793879509e+09 1.459918058060087013e+10 9.993728275760112762e+09 7.742472017399901390e+09 1.585495423750831985e+10 2.180714259212947369e+09 6.932575652000543594e+09 5.515268441897832870e+09 -7.293996930304242373e+08
-8.716558445435778413e+04 -9.795799927969135751e+04 1.150492248472339561e+05 7.808358193615920027e+04 -2.481319191653744383e+03 1.115581214731569780e+05 4.841851583447976009e+04 3.313873017145832273e+04 5.647692222436500742e+04 3.990141693953162758e+04 1.136392576448969703e+04 2.777172484582573088e+04 9.148778189375474540e+03 3.088071359116653548e+04 2.650751925659534754e+04 2.359514686095866637e+04 1.518180044946246016e+04 1.908333708651559573e+04 1.379363895304575090e+04 2.067210282066111540e+04 3.284107098813107586e+04 2.973572813143277381e+04 1.932955523383607215e+04 2.761830317722617110e+04 1.622172418975463552e+04 2.574559982407413190e+04 2.409811316253857876e+04 2.055866702900398013e+04 3.794464218940747378e+04 1.605334980698148429e+05 4.990862177022822289e+04 2.171067157080267862e+04 2.024132650736704818e+04 2.145569255730498116e+04 1.902282027836753696e+04 1.702428473463679984e+04 1.862452057241787406e+04 1.879284417095055323e+04 2.295504675739790400e+04 1.759786386755022613e+04 1.664778065260774747e+04 1.536157965840021461e+04 1.563196935884823324e+04 1.288486895932510743e+04 1.963042096796472833e+04 -3.717353785491983032e+11 1.339950330788704071e+11 -8.203851385601991272e+10 9.528587364830432129e+10 -6.919699559297398682e+11 4.409239220694040680e+10 7.920327519600137329e+10 2.488898987097414398e+10 3.057016560550838470e+10 -2.590196682241382122e+09 -6.887405674623847961e+10 9.273498521403793335e+10 -1.518770935198588371e+10 3.883808067044023132e+10 -1.944489893059548187e+10 8.995464263872915268e+09 3.744484124231008911e+10 2.281590722690938950e+10 1.960448174236322784e+10 -2.169159465472384644e+11 1.990400378830821533e+11 -6.648897858275492668e+09 1.897231115905356216e+10 1.555003423517531776e+10 7.714699579076562881e+09 1.039178623920206833e+10 -9.211418658784889221e+09 7.945206083971199989e+09 -2.272424403272899628e+09 1.062162606520445442e+10 1.590306098426445007e+09 1.674269160964571953e+10 8.610210151183619690e+10 1.904893041942198944e+10 1.984171731319305420e+11 3.413186048324515152e+10 9.491412618635917664e+09 -4.911951507735865593e+09 7.289865449824618530e+10 8.857213065777370453e+09 1.204028663746457863e+10 -1.434223990464542627e+09 5.657743131209089279e+09 8.216290674507793427e+09 8.615353490069004059e+09 1.739440677604394913e+09 -3.426839187272043705e+09 -1.389655106363851547e+09 1.434794779301667404e+10 6.240108006814762878e+10 -5.796234835792124939e+10 1.524801624430888939e+10 -1.331200055432989883e+10 -1.011163020889057007e+11 -1.458983746116025162e+10 1.606209214279247856e+10 6.787210975014552116e+09 3.797744535699141026e+09 2.297725157561277008e+10 -9.056121755997577667e+09 -6.306101404525564194e+09 6.997544928847671509e+09 5.806246294869640350e+09 -8.320088286920715332e+09 -1.849737749604407120e+10 3.883247511825575352e+09 -7.984397860069175720e+09 -7.599505281766130447e+09 9.480179108044376373e+09 9.520768574783464432e+09 -4.046845921964809895e+09 6.528153086470677948e+10 1.369069466586533356e+10 -2.700427022532425690e+10 3.111415734766661072e+10 1.051202237979793549e+10 1.620224777181211281e+10 3.846008843569921112e+10 -1.379121261756993675e+10 -1.965942305227433920e+09 6.636482016410478354e+08 5.704228499306795120e+09 4.809579139924753189e+09 2.713680037441107273e+09 7.205774063333315849e+09 -3.053302171578107476e+08 -9.204638002927098274e+08 1.206025038497776031e+10 -2.946493000432148576e+08 5.461721173987690926e+09 -5.394070227408666229e+10 1.233178991798796654e+10 4.513196618962029457e+09 8.396555885344232559e+09 2.435210495015005112e+09 4.871326408653057098e+09 9.710455259714836121e+09 -8.363499625122680664e+09
1.794943633534544788e+05 -6.576592680646850567e+03 2.224858888749677863e+05 1.383736296840709692e+05 3.801505434555013926e+04 3.278928478155940684e+04 1.928378465795774900e+04 2.137709803853174435e+03 1.344477988052457295e+04 2.566429601504483435e+04 1.018075794281733215e+04 1.211547148064569228e+04 1.704570366761830155e+04 4.940499259990701830e+04 2.222786159984006736e+04 2.620258459753893840e+04 3.299095111029388499e+04 1.257317940475485375e+04 2.690825161883806504e+04 2.521640124951416146e+04 1.807549541830160888e+04 8.105237033372732185e+03 1.443957269120340607e+04 2.345777124176715006e+04 1.765007030254375786e+04 2.220535056872106725e+04 1.615028805522025687e+04 1.365666950067547623e+04 1.332544226274223183e+04 4.990862177022822289e+04 1.478044688795348338e+05 3.907699944794892508e+04 2.421852713940014291e+04 1.779058106026045789e+04 2.192898111995833824e+04 1.840271149743200294e+04 2.322015909475002263e+04 1.835154452156697153e+04 1.496238975433832638e+04 1.751084462941897436e+04 1.869073381592090300e+04 2.203848566892673261e+04 1.951441633427274428e+04 1.544986144385645275e+04 1.474039904589159778e+04 -2.036187171606351929e+11 3.105754871229613113e+10 2.650800053014156342e+10 1.223033136312846527e+11 8.515949001605841064e+11 1.600270077586534882e+10 5.867809197070110321e+10 -6.599460921026499748e+09 5.681143132561729431e+10 1.554583693292701340e+10 -3.753752071278787842e+11 1.150447148383284454e+11 8.235397934557817459e+09 1.404072975552284622e+10 2.079540951111925125e+10 1.507449809733391953e+10 4.502555487755963898e+10 -5.218697873712690353e+09 -8.510096169550539970e+09 1.275424916413984680e+11 2.213830054627392273e+11 -4.156280583058156967e+09 -5.254981399488031387e+09 4.473899337807530975e+10 8.182539872874066353e+09 -8.985419770938390732e+09 8.951290503883445740e+09 -7.419292327103679657e+09 -4.492905189817335129e+09 1.365636639466649437e+10 1.053106571942148399e+10 8.104376282796202660e+09 1.363781937853166199e+11 -3.017688906485156250e+10 2.991711235325114059e+10 3.107760470684354305e+09 5.012604757207501411e+09 -2.122606579770301104e+09 4.841019248342757416e+10 8.733764853516399384e+09 7.468801134506134987e+09 5.029274117696406364e+09 -1.408884742663891792e+09 3.762118749139682007e+10 1.916080100351418734e+09 1.011835397429785490e+09 -9.536889689204185486e+09 -5.713859987926059723e+09 -9.000070751918020248e+09 8.140463515396275330e+10 -4.149614068557759857e+10 2.558463425354323864e+09 -2.042990307808406448e+10 -2.699336594750661469e+10 9.501453535499534607e+09 1.093362157560852242e+10 -4.354557352996077538e+09 7.024590834030764103e+08 9.245039903444650269e+10 -1.153594678498225451e+09 3.544982140635612965e+09 -2.915350247218459129e+09 -4.232022060062152147e+08 -6.460462250516807556e+09 2.091195257956177139e+10 1.614993336493047333e+10 -4.182443316682351232e+08 4.827199534945748329e+09 -1.441602955788107872e+09 1.622558935710749054e+10 4.216627332339721203e+09 -6.280999859681165218e+08 6.222930470663878441e+09 4.747016366424053192e+10 7.968834177654872894e+09 6.364985310792979240e+09 3.080826602081151009e+09 -1.442905231919354439e+10 4.205209902125743866e+09 -6.135453666279715300e+08 -6.794849505210002899e+09 -6.153511027187047958e+09 8.404933822676939964e+08 5.284483355455120850e+10 2.158802439942644882e+10 1.114573673432999802e+10 3.800972244812000275e+09 5.145178814032731056e+09 5.943414832018786669e+07 1.601519009607551003e+10 -3.824981382480867386e+09 6.733957949335560799e+09 4.482207006344135284e+09 1.498854211929448128e+10 6.933549142089419365e+09 4.049913167196250916e+09 5.298845544957746506e+09 -4.448395756285040975e+08
6.534505284773276653e+05 7.233839698229572969e+04 2.483166345963642743e+04 7.688848279934473976e+04 4.266223853346538090e+04 -1.994115642073837080e+04 6.966719119382197096e+04 5.579721443907653884e+04 6.472201254822204646e+04 4.309827982060949580e+04 2.661828905574336750e+04 1.950549068610695031e+04 1.564914618231177883e+04 3.283428831331788388e+04 2.547401625639739359e+04 2.095603708568827642e+04 2.019102807858425149e+04 2.516699594787597744e+04 1.888703257121715433e+04 2.428480640446171310e+04 1.928344779224719969e+04 2.116809887373854508e+04 2.356591322950361791e+04 1.544970276119442133e+04 2.382331916175055812e+04 2.675425715464885070e+04 2.466906735344383924e+04 2.221422209991179989e+04 1.814525770935516994e+04 2.171067157080267862e+04 3.907699944794892508e+04 1.365849603993016062e+05 3.220550308886310813e+04 2.167844270259578479e+04 2.062657812499052307e+04 1.761956101215993476e+04 1.509206347801292213e+04 1.703207054014494133e+04 1.751963805023957320e+04 1.387606142969782377e+04 1.760973526270075308e+04 1.683897568914678413e+04 1.655738459316311128e+04 1.159819928688118853e+04 1.587835761944042133e+04 -1.166766619316595154e+11 2.074637996217666626e+11 2.569709545203195572e+10 1.047041783801645203e+11 6.775122909845733643e+11 7.546404403942640686e+10 6.066546945402434540e+10 9.380442519107021332e+09 -1.226424532741259384e+10 6.099879825212826538e+10 -2.989452959628579330e+10 9.647513270103872681e+10 -1.236069965829914284e+10 1.594433975782755375e+09 2.224738913975462723e+10 6.184668575622847748e+10 2.655278542053995514e+10 4.164150200780534267e+09 1.311055677651682854e+10 1.891333211647142639e+11 4.100410762564998627e+10 1.218595775475811958e+10 2.459614214563941956e+09 1.853605003380230331e+10 1.546352956952865028e+10 1.300290312834496307e+10 1.708265597778558159e+10 2.849989141652486801e+10 -1.170653043760282135e+10 1.526187672343025017e+10 1.550557384023478508e+10 1.781107852977318192e+10 3.672578550385133362e+10 -2.531508462777326584e+10 1.321231544052719727e+11 3.984265721997794342e+10 5.492857062991460800e+09 1.166543426484040642e+10 2.357586867496075821e+10 1.144032798799000549e+10 -2.064717662481389940e+08 -1.446764214903892279e+09 -2.502348627928123474e+09 2.652514028195914745e+09 2.786950527804578781e+09 2.423598577456941128e+09 1.197553274123805428e+10 4.091228766538880825e+09 1.511994051231528091e+10 6.794376892823204041e+10 1.536852455406422424e+10 1.033127428662589312e+09 8.283185440994491577e+09 5.987699390357640076e+10 1.958736113201353836e+10 8.028753687550513268e+09 4.292857557804365635e+09 8.272693231872591972e+09 -7.153679831693191528e+09 1.798511780289078236e+09 4.254993153521303177e+09 1.346221544812864065e+09 1.626985180239792585e+09 -4.812136237323434830e+09 1.797443493831411743e+10 2.897929356561552429e+10 -2.068525980320744038e+09 9.275630991458429337e+09 6.558938950754526138e+09 5.188169249896965027e+09 -4.766964451420670509e+09 -1.739258826985904312e+10 3.990031153412289143e+09 -2.794841988250272751e+10 4.354614904425992012e+09 8.729284905086366653e+09 2.445652444009380341e+09 -1.212533029392934418e+11 6.165714607390192986e+09 1.497045889206062078e+09 1.107594705024702400e+08 7.215725067187453270e+09 -7.643985324993073940e+08 1.609989064265482330e+10 3.763258417793989182e+09 7.225070037581876755e+09 4.457176083191620827e+09 4.312631846178656578e+09 8.487009537538117170e+08 1.075451267242764473e+10 -2.179140879147557068e+10 -3.976356289047242641e+09 -5.814508642089816332e+08 1.344521614525639343e+10 6.214041431083149910e+09 -1.207893916553782225e+09 4.128544202894856453e+09 7.636246207411848307e+08
1.701339946039515416e+04 6.282272082256362773e+04 -3.975999223342488403e+04 9.786328993117633217e+04 6.869823029335815227e+04 4.875193291953697917e+04 5.132724230485486623e+04 1.314052355493917730e+03 3.719892782092150446e+04 2.927629649448613418e+04 3.202518618406430687e+04 2.754918625766421246e+04 1.743499513422815653e+04 1.249400218560998655e+04 1.390011395190906660e+04 2.813743765993990019e+04 2.433616255130221180e+04 7.589414294074964346e+03 1.101363481100271929e+04 6.258833585403640427e+03 1.711074497048623016e+04 1.860931691986144142e+04 1.525856312365496524e+04 1.981430638551087759e+04 1.283152434773182722e+04 2.615213178749520375e+04 2.642069265431417080e+04 1.856635945096036085e+04 5.945038822297336992e+03 2.024132650736704818e+04 2.421852713940014291e+04 3.220550308886310813e+04 1.240416359561939316e+05 4.004710062810797535e+04 2.864026081832656928e+04 2.347120859274405302e+04 1.763833263975523732e+04 1.525320574766263780e+04 1.865467366051171120e+04 1.088012926541257184e+04 1.593651028696634785e+04 1.822850632233979559e+04 1.413296010114545425e+04 1.547809200407164099e+04 1.537327959180036123e+04 -1.579637622561212158e+10 1.609559011413010254e+11 -1.013911760696552038e+09 5.629890062220388031e+10 2.243812586215260925e+11 -4.340650889364878654e+09 5.950685794549161530e+10 1.792971581152751923e+10 7.674244970205558777e+09 4.654238783521977425e+09 2.566266296825202332e+11 3.713649051850165558e+10 1.904830452243389893e+10 9.023283420314384460e+09 2.411570921308667183e+09 -2.555642897761157990e+10 9.374341055919879913e+09 1.731343400470998383e+10 -2.377904488946772003e+10 5.620867961285417938e+10 1.658238924572069702e+11 3.965558554759938049e+10 3.171272805644429684e+09 6.246978118649113655e+09 2.203189019662911606e+10 5.209118628164644241e+08 2.943883489911428833e+10 1.670658181694157028e+10 8.693492820595897675e+09 1.626154579173198128e+10 2.852873007325777531e+09 6.087270538680789948e+09 9.768398949292550659e+10 -8.991449558829561234e+09 1.047933329872432251e+11 1.321122314016392708e+10 2.029808229925811768e+10 7.086828649579255104e+09 3.724391827104965210e+10 1.699490972771395302e+10 7.276036642226128578e+09 4.076166589411055088e+09 7.081290743267235756e+09 1.183551732113080025e+10 1.193999517248097610e+10 6.174725456578743935e+09 1.622577360775125742e+09 5.277257808886110306e+09 1.923183353703990555e+10 -3.316238737139685059e+10 1.116254173931589050e+11 4.434813691293733597e+09 5.572043835375488281e+09 1.091923018684882660e+11 4.086557152390136719e+10 1.447410917219595909e+10 4.334600818711928368e+09 1.729003692136077881e+09 3.625281612967084503e+10 1.358090110628018188e+10 6.343346297841781616e+09 7.236145594715088844e+09 4.813979012435044289e+09 -5.069851103657237053e+09 -1.068581995334308052e+10 1.098275957520853615e+10 1.325772219698393440e+10 -5.986764684762279510e+09 6.719994066996160507e+09 5.575498543579821587e+09 -4.910601086073209763e+09 1.756714767190161896e+10 -6.474522982228187561e+09 -2.996075853675052643e+10 9.837588731705303192e+09 1.541577269209881973e+10 8.800176057913594246e+08 -5.901424357716655731e+10 1.024803873148500252e+10 1.008063112917359924e+10 -6.711879414912873507e+07 5.566564242437749863e+09 7.250800184843182564e+09 2.017225528180320740e+10 -1.028793512941902399e+09 3.869520931954819202e+09 3.160580199009241104e+09 7.886827550296384811e+09 2.055379087651285648e+09 2.913272555436802387e+09 -6.414799383551891327e+09 1.097985895763606071e+10 8.102820710797064781e+09 7.919068312105407715e+09 7.462727432219654083e+09 -9.422358727826687098e+08 1.388455430692603588e+09 -1.819387559665484190e+09
-1.134446790587152354e+05 9.872080182380232145e+03 7.144387447413870541e+04 3.912867206549517869e+04 1.073696520994068705e+05 6.148216375888388575e+04 -2.162036367404368866e+04 -1.031539374829759799e+04 2.457113769250403493e+04 2.182878866303399627e+04 1.654700041752226025e+04 2.355012378490612537e+04 2.010163979157611539e+04 3.258924233114767776e+04 2.455456676460878498e+03 1.779685495414004981e+04 2.958464049672070905e+04 1.908211684860373862e+04 2.076736456308420748e+04 1.847342204681414660e+04 2.211172998607860427e+04 2.154953100011229981e+04 1.197959483703149090e+04 2.342981255389349099e+04 1.591899920268718415e+04 1.828576146100189362e+04 1.532217582898217734e+04 1.212765108988309476e+04 1.805292207410816627e+04 2.145569255730498116e+04 1.779058106026045789e+04 2.167844270259578479e+04 4.004710062810797535e+04 1.191050812381812866e+05 3.387360366913531470e+04 1.895353925572190565e+04 2.183191282498415967e+04 1.735764250658996025e+04 2.154058368351285753e+04 1.721892315871914616e+04 1.853230617643265941e+04 1.940992386611684560e+04 1.738242045995971057e+04 1.487634080112326774e+04 1.776876035367459554e+04 5.889339072504197998e+11 1.096953094757333069e+11 2.605960753534251404e+10 1.487089942425395508e+11 -5.649824951259295654e+11 5.000977260369802094e+10 3.071160668093266296e+10 -1.469250114428212547e+10 -1.209906220553628731e+10 -2.182595172939716339e+10 6.120540625359281921e+10 3.620470691358737183e+10 -4.714340584130635071e+10 -2.128773424236408234e+10 2.760370050954460144e+10 -1.321361888512246609e+09 3.563143323752818584e+09 9.622122218789581299e+09 -4.287412476259799957e+10 1.024764298564725037e+11 -1.377059307768133850e+11 -4.977479456071521759e+09 -4.969662603360929489e+09 2.869175444262514114e+10 3.057383464981428146e+10 -7.459832528888957500e+08 2.140590582730965042e+10 2.812796599628456116e+10 1.038345724787271500e+10 8.482778985940408707e+09 -5.988027169163528442e+09 -1.894865281189768600e+10 1.556607078023170471e+11 -1.040320690582182503e+10 1.765915985773121643e+11 9.693068546260366440e+09 2.226770565602038956e+10 5.051019481577368379e+08 1.733361182822599888e+09 2.002070563972747040e+10 -7.823671449103957176e+09 -9.454509566681520462e+09 -4.530045001037494659e+09 4.235859931401152802e+10 2.092058077011520767e+10 1.345317332825387955e+10 1.756305824811415434e+09 1.299840222503634930e+09 8.834511103383718491e+09 -1.313497699590675659e+11 5.645725062709010315e+10 1.715798248026366425e+10 4.391674959362475395e+09 3.969977345377136230e+10 2.001893225614575958e+10 -5.257728602642433643e+08 4.787048529811747551e+09 1.252517900806996918e+10 -5.795516968728494644e+08 1.028163756863189697e+10 8.265432415878146172e+09 -2.478865560526033938e+08 2.606977557483219624e+09 -4.434526457451564789e+09 -9.705528342413671494e+09 1.797632825378855515e+10 -4.116223284285584450e+09 -1.129521805363511086e+10 1.932815922744069338e+09 2.276865932126112461e+09 5.472921603444581985e+09 2.829229626004082108e+10 -1.058822587241151619e+10 4.128544144762825012e+10 -1.580657618433919668e+09 9.121117082098707199e+09 2.030204483199156523e+09 1.167113524626318817e+11 2.589195736252253342e+10 1.067923862978002548e+10 -5.759062231439796686e+08 6.170651349215030670e+08 4.160664954165571213e+09 -4.238758251236184597e+09 7.782369146436185837e+09 3.371344249880808353e+09 -4.250266144163845539e+09 4.866854872924156189e+09 1.116183929435669899e+09 5.602681287838100433e+09 -5.374224994129148483e+09 8.367620305819481850e+09 1.003712631834528351e+10 4.389502709087328911e+09 2.792052940092273235e+09 4.306084854846988678e+09 -2.630702464688651562e+09 -1.479396574940662146e+09
2.382534280667097773e+05 3.944753354840457905e+04 -7.080739814648438187e+04 9.797077013400218857e+04 7.899910299122752622e+04 4.501235301125856495e+04 2.285976522956866029e+04 1.693454731183893091e+04 3.249984215919141570e+04 2.225426347569047357e+04 6.558770833517819483e+02 2.438451093192832559e+04 1.829696968175323127e+04 4.027299872498137120e+04 8.901568670650263812e+03 3.885554168143425159e+03 2.505915404004877200e+04 1.000090800302609387e+04 1.692038778650996028e+04 1.162632561829737278e+04 1.738252996091856039e+04 1.605449202867094573e+04 1.175547453230434076e+04 2.791993971221062748e+04 1.729732674747776764e+04 1.527529451876797430e+04 1.419398737207489648e+04 9.629088541285060273e+03 1.383759696810964670e+04 1.902282027836753696e+04 2.192898111995833824e+04 2.062657812499052307e+04 2.864026081832656928e+04 3.387360366913531470e+04 1.126495052889290091e+05 3.161104242957746101e+04 1.854046410033250868e+04 1.664661736984243908e+04 1.938222210871039715e+04 2.207793886209518678e+04 2.051069349220430377e+04 1.916181092032206652e+04 1.299825821958811866e+04 1.328504806510728122e+04 1.372911806871477347e+04 -1.091865486307643585e+11 1.451262797121072998e+11 -9.724362777445137024e+10 6.861098050499028778e+10 -2.908187939705009155e+11 1.157334044021813583e+10 4.436810841512885284e+10 -5.742341481804449463e+10 3.271320811819293213e+10 6.992659579689851379e+10 3.276019843304457397e+11 7.090116404412898254e+10 -1.374028297015012980e+09 7.919821587937481880e+09 2.654632362876418686e+10 2.439219589418992615e+10 1.084678044170697212e+10 1.853446948971404266e+10 3.339420186373746490e+10 4.001491727239797363e+11 1.298636335870886230e+11 2.039970946604278946e+10 -6.065920897425395966e+09 5.695739036868644714e+10 1.723012886078719711e+10 -1.613797780645446205e+10 2.325581268741897202e+10 -5.811565048525683403e+09 1.417023256151937294e+10 2.700905041056382656e+09 2.386558723963121891e+09 -6.022325701203981400e+09 2.595852046138693542e+11 1.094076150869292068e+10 -5.587699418060592651e+10 3.094551240009584045e+10 9.561109271664045334e+09 -2.683898826814760208e+09 -3.091587271089237690e+09 5.762378027093030930e+09 -1.593601308116384029e+09 -2.384925986959923267e+09 2.002513352344863892e+09 -1.699008940605852699e+10 1.364267162407169914e+10 5.176465432487555504e+09 -1.142633663736300278e+10 -1.007698680462066084e+08 1.881412259422415972e+09 -7.615752593042352676e+09 6.884273711965933228e+10 1.454036898909462166e+10 9.896996779881906509e+09 -1.390793320527740173e+11 4.616619142797771096e+08 7.192216670528450608e+07 1.323976529919838011e+08 5.224215693570563316e+09 2.255293962831949997e+10 6.108790230779655457e+09 2.007955492673166037e+09 -4.847109025011045933e+08 2.097576298018161297e+09 1.967793382030767679e+09 -5.520565260170605659e+09 2.398921474703881073e+10 1.079339840986840439e+10 6.659225306092304230e+09 5.596135828904978752e+09 2.281406048013915062e+09 -9.091851363592241287e+09 4.678793515565081787e+10 -2.317504333173530197e+10 -9.861656107342275620e+09 4.088910671713370800e+09 4.217941788879498482e+09 -8.901620297178119659e+09 1.310240322523891754e+11 1.783973176760209274e+10 -7.046514420766918659e+08 -2.917327692494661808e+09 -1.357181310847676039e+09 -2.645991325267524719e+09 2.465114435485463142e+09 3.702440407048210502e+07 6.468329343264798164e+09 1.310777005168838024e+09 -2.553297147704365253e+09 -1.466919372316759348e+09 8.930346772983280420e+08 -2.200870590833351898e+10 1.122335065386571121e+10 1.418728794983414268e+10 8.649148269131156921e+09 -1.051040051384124875e+09 4.361471413640346527e+09 1.613612871169502020e+09 -1.308908303636924982e+09
1.904009994350067282e+05 9.545484198252488568e+04 -7.513522389370032761e+04 6.028323095433963317e+04 6.648040619818837149e+04 6.559282558413610968e+04 2.767181157575960242e+04 2.773944357315570414e+03 2.319986175254257978e+04 1.582926335271691642e+04 1.379142312724821022e+04 3.580759492808511277e+04 4.184218267328064940e+03 3.875489875006018701e+04 2.469913466940212857e+03 2.239865634914327165e+04 2.420878042685647961e+04 1.287728570715014939e+04 9.098685655147646685e+03 8.955578865051944376e+03 9.666318011999424925e+03 1.783100779153927579e+04 1.503163306651579478e+04 1.801857877299455504e+04 1.775042665261728325e+04 1.241758549659834534e+04 2.196390117217675288e+04 1.689414581398940209e+04 9.116483555408864049e+03 1.702428473463679984e+04 1.840271149743200294e+04 1.761956101215993476e+04 2.347120859274405302e+04 1.895353925572190565e+04 3.161104242957746101e+04 1.067061022108949110e+05 3.221825172172001112e+04 1.598311074337270293e+04 1.684079100777644999e+04 1.496186654865674791e+04 1.605705320539600871e+04 1.551697644801430033e+04 1.517168883564704629e+04 1.243609792107603971e+04 1.894148519946123997e+04 4.523703020230744019e+11 -2.145588874241482849e+11 -8.156944035998162842e+10 2.548903814924426556e+09 1.330516539941302490e+11 -9.070725117625320435e+10 1.258008268970935059e+11 1.074315153395160294e+10 3.433119727302964020e+10 2.678464647957996368e+10 -6.591442980265471649e+10 9.385590809472485352e+10 3.458068812832333374e+10 -2.052189982839047194e+09 1.207268910576016998e+10 2.771792135127217102e+10 -1.235335862928234482e+10 -3.420873376227570534e+09 -4.605648065824578857e+10 4.281032437456074829e+11 1.505056770001469116e+11 1.821047145007553482e+10 -1.577927539077295876e+10 -2.396185473355929565e+10 1.345127205953668976e+10 -6.750040884917000771e+09 -2.345521422527160943e+08 -9.365332652380273819e+09 8.303023135441920757e+08 2.114952554702434301e+09 -6.553974385043756485e+09 1.244321814780544281e+10 -5.365792363210067749e+10 8.735073720046583176e+09 4.634340360366492462e+10 1.075460788648444557e+10 5.877514214883142471e+09 1.129548413824798584e+09 5.786900309457595825e+09 1.189949211007050896e+10 6.626836967122048378e+09 4.404062199444824219e+09 1.329219604014982462e+09 2.833076641951607895e+10 1.097882389488718796e+10 1.380555019862669945e+10 2.661528974141372681e+09 1.947933290623634338e+09 3.069597219953861237e+09 1.703265608000435486e+11 1.395500775184042053e+11 6.106081705753839493e+09 2.757868349340311050e+09 -5.611768189721595764e+10 6.511808785534289360e+09 1.230723716638428307e+10 8.890446590911500931e+09 1.039412284831302452e+10 2.658347148210448837e+10 2.339906042801813602e+09 5.424475958539628983e+09 9.549702086219666898e+07 9.290509277736625671e+09 7.009932007939272881e+09 3.224551900541213036e+09 1.777811091375752258e+10 2.584699251548740864e+09 -5.184442498070930481e+09 1.979431075865109205e+09 4.731580823697549820e+09 4.493768645011323929e+09 -2.829263798556927872e+10 -1.869678594510663223e+10 3.598843783381629944e+10 3.236118936619154930e+09 -2.932952964938396811e+08 -1.705758233595970392e+09 -1.333077336016592598e+10 3.996941446218122244e+08 1.159090176238093376e+09 2.169950203989690304e+09 4.680010092830107689e+09 -5.088973809808631897e+09 -2.291476313952052689e+10 -3.139607185703680992e+09 4.005901822349513531e+09 -5.021136407074896812e+09 1.377333962778890610e+09 6.044740430075231791e+08 3.414694063492263794e+09 1.061892487845288086e+10 3.031539873763371468e+09 6.256125535825234413e+09 7.121856428044390678e+09 3.020447710944870949e+09 2.864606594811082363e+09 2.819396683596969604e+09 7.411762457958693504e+08
9.549284870881109964e+04 1.210114249639406989e+04 3.962205044061040826e+04 9.491452463164291112e+04 5.158732157708221348e+04 3.810952475436913664e+04 2.168793492378756491e+04 4.714305086063261842e+04 5.302061692186275468e+04 3.925267318737706955e+04 8.203422618931432226e+03 5.070026677285558981e+04 2.393262011472336599e+04 2.036591246835336278e+04 2.522377016629227001e+04 1.884840128902902507e+04 2.268542935250703886e+04 4.972569561977494232e+03 7.851238431548005792e+03 1.035445835262557557e+04 1.969428350656075781e+04 1.939336386081662567e+04 1.260294701266232187e+04 1.031358748939906400e+04 9.226207505389911603e+03 1.145828825477747887e+04 1.633204199206116027e+04 1.423199737889549942e+04 6.150594477951832232e+03 1.862452057241787406e+04 2.322015909475002263e+04 1.509206347801292213e+04 1.763833263975523732e+04 2.183191282498415967e+04 1.854046410033250868e+04 3.221825172172001112e+04 1.082293051300431543e+05 3.761239209696831676e+04 2.348488852919961573e+04 1.788297930185385485e+04 1.466376892306784248e+04 1.555194862092903895e+04 1.496974186172892041e+04 1.107175819505711661e+04 1.746280909195450295e+04 4.607364742595886230e+11 -1.161832153932881470e+11 1.351610327188770103e+10 -1.761028501357592392e+10 -2.500380800732137451e+11 1.566943258765318489e+10 6.416715101479916382e+10 8.640365169924242020e+09 3.603140939713986206e+10 1.872025035325215459e+08 -3.798077349932456665e+11 6.043649866963481903e+10 3.968101226485123634e+09 2.063208832050749063e+09 2.711155859435482407e+10 7.504581484292320251e+10 7.662371519799336433e+09 1.163046379869169474e+09 -1.426105474331169701e+10 1.272822595336810303e+11 4.261892996153871155e+10 -1.101501426511545563e+10 -4.057566653313049316e+09 6.388128615380156517e+09 7.369353807758796692e+09 -9.454293014600858688e+08 2.717426540404925156e+10 3.912595097106626129e+10 2.507480314784631252e+09 1.140134847607733250e+09 1.056706853391138840e+10 -7.707107153487627983e+09 -7.542904433593728638e+10 -9.283483081120840073e+09 4.033778234127819061e+10 1.232925451261275053e+09 8.569209185996040344e+09 1.700689215940118980e+10 1.225501894932009697e+10 7.850952359162029266e+09 8.072464548503831863e+09 1.161675351364767265e+10 6.061144377788025856e+09 5.535831030231730652e+10 2.487040258959005737e+10 4.161630143049274921e+09 -3.341545855803616047e+09 -9.615778965013875961e+08 -4.919403124059470177e+09 2.068715277159529495e+10 9.271875455669502258e+10 -1.911306813691066027e+09 7.498430016806486130e+09 1.456984147170810242e+11 -1.034659395567726898e+10 -8.563397350775012970e+09 2.204464054579452515e+09 1.559227520129368782e+09 3.585584972180976868e+10 8.402121675032131195e+09 3.340221190556932926e+09 6.687650311949742317e+09 1.128516956313860178e+09 6.174775053933255196e+09 3.776750075599744415e+10 5.319004911288365364e+09 -8.001264943210721016e+09 8.763348388771892548e+09 5.328954999087816238e+09 8.963497967670907974e+09 -2.399222039278370142e+08 -6.366892087614057159e+10 -2.093833328583060503e+08 1.658549119177351570e+10 9.225184837264614105e+09 9.313011699170810699e+09 3.646314500483946323e+09 -3.784970911445936584e+10 1.401755464496280289e+10 1.082223763610156059e+10 1.933060844879688501e+09 4.055680767233227730e+09 3.891835350507973671e+09 -8.156937488559569359e+09 8.277225404053860903e+07 4.673147774602240562e+09 6.908358590989323616e+09 6.778585529659058571e+09 5.453024603080064774e+09 5.797597657918633461e+09 2.670504956596215820e+10 1.630346760044649124e+09 -4.501246089590025902e+09 6.582468615749081612e+09 2.023833788893476963e+09 9.299398837174203396e+08 5.698518821202379227e+09 9.610667386698106766e+09
6.609710464449842402e+04 6.640407737157601514e+04 -2.077750224443630941e+04 -1.824856735993414986e+04 1.112019117624258251e+04 1.393623786992593807e+02 5.236344339482798205e+03 2.328559181096063548e+04 3.991593580384729285e+04 2.412561563672944249e+04 6.749892525261957417e+03 2.773923498449896579e+04 8.398895127530542595e+03 8.565856664774211822e+03 2.319357176980362055e+04 2.887050782104485552e+04 2.680065745239521129e+04 1.417307681923146629e+04 1.433507907335833806e+04 1.377727806833725299e+04 1.951861607313428613e+04 2.135819286118166565e+04 1.791558953828541780e+04 1.704151541276420176e+04 2.118132822059149839e+04 1.457947777854581909e+04 1.667275764144631466e+04 1.925566915898234583e+04 1.213521276403398952e+04 1.879284417095055323e+04 1.835154452156697153e+04 1.703207054014494133e+04 1.525320574766263780e+04 1.735764250658996025e+04 1.664661736984243908e+04 1.598311074337270293e+04 3.761239209696831676e+04 1.003494881032716949e+05 3.051825955383961991e+04 2.102176775874867963e+04 2.248334874784275235e+04 1.727018598960910822e+04 1.326349446565694052e+04 1.643765229195571010e+04 1.471263438094252706e+04 1.441882225144553528e+11 2.342987805238938293e+11 4.891455391478634644e+10 -2.383399435757994354e+08 -2.240113566482563782e+11 4.504987691160049438e+10 -3.465052554116191864e+10 2.209185040291877365e+10 -4.426276214026954651e+09 5.761405291542176819e+10 -4.315054928680957642e+11 6.492176691883744812e+10 -1.830983096966249466e+09 -7.717849452584984779e+09 1.854995602575261688e+10 4.359623901018238831e+10 2.614938923130532801e+08 -1.503250792597936869e+09 3.498195257710904479e+08 -2.273447561381553345e+11 2.450487402063993835e+11 -2.870486313820449352e+09 -1.843820296005304337e+10 1.273346513063404655e+10 1.099768853221685219e+10 -1.189028267801943588e+10 5.594123911253495216e+09 1.330113407907525635e+10 -1.207660421577283859e+10 4.507541898027401924e+09 7.973152474447963238e+08 -2.876055565956444168e+10 -6.194021158672937012e+10 -2.589034589517963791e+10 1.754314984381435242e+11 1.557822272109670162e+09 3.053076466745755672e+09 1.723558540058336258e+10 1.696932163225867271e+10 -1.369104050688228369e+09 5.024973457406440735e+09 8.150554947880946159e+09 -2.331494140456369400e+09 3.025340286530579758e+10 1.095992696237705994e+10 1.126514500593061066e+10 -1.103143985161639786e+10 9.183028859702095032e+09 -3.260250386432566166e+09 2.762442639630661964e+09 -1.811131014972778320e+10 9.954214776146793365e+09 9.572966534169263840e+09 1.477344653958395081e+11 -1.450928182764278030e+10 -9.876250499696228027e+09 -4.910033445277941704e+09 7.493597646878956795e+09 1.749235372047310638e+10 -2.096183094965187073e+10 -1.876406010911683559e+09 -3.069040409090184689e+09 -1.472501909946425855e+08 -1.283420820550553083e+09 2.032119123998791885e+10 -4.295071830696705818e+09 -6.908146067377365112e+09 3.615421744179148197e+09 -5.905056421452022791e+08 3.609986984595997810e+09 -2.494608408474976540e+09 -3.389316415017735291e+10 -5.133961230119514465e+09 6.661675715031771088e+10 1.591100253515433693e+10 7.055934533322218895e+09 1.353698436331731975e+08 3.417987326888994217e+09 1.980120565202292204e+09 1.979202079662367821e+09 -1.313219050273467541e+09 2.366723458521038055e+09 4.285478393278635025e+09 6.061684375471508980e+09 -6.231312385596311569e+09 9.245242448871421814e+09 5.981529250118324280e+09 4.803010895137746811e+09 2.439684973641715527e+09 5.159078380296098709e+09 1.551707179425934410e+10 -6.693793189508559227e+09 4.748109797022385597e+09 4.365721901973140717e+09 3.281492858589212894e+08 4.951239844697918892e+08 8.860443858703800201e+09 1.257989132505816460e+09
3.682651866690628231e+04 -2.041657036442025856e+04 1.164287367439299851e+05 1.479273840493132047e+04 5.137791695718385745e+04 1.984389939841893647e+04 -5.992540575404528909e+02 -1.104375951161031963e+02 4.032814693270467251e+04 4.612321077476073697e+04 1.404430102833522506e+04 3.109373161594149860e+04 2.261136906756867393e+04 2.013824355178114274e+04 2.417091246695499285e+04 1.048291147048281346e+04 3.056075549142074669e+04 1.286907802712893499e+04 2.389197914501597552e+04 2.213521503711303012e+04 2.272671121318950827e+04 2.200160145188559181e+04 2.478862664423005117e+04 1.609842085873544602e+04 1.421385306000031233e+04 1.538405775271133280e+04 1.578679814254305529e+04 1.825486092616615497e+04 1.936168492272998265e+04 2.295504675739790400e+04 1.496238975433832638e+04 1.751963805023957320e+04 1.865467366051171120e+04 2.154058368351285753e+04 1.938222210871039715e+04 1.684079100777644999e+04 2.348488852919961573e+04 3.051825955383961991e+04 9.478212056948526879e+04 3.308040559102180123e+04 1.787310783752514908e+04 1.740219397173809193e+04 1.865672708145621073e+04 1.635255939838531776e+04 1.276394758566121891e+04 -3.195870989407257080e+11 4.943667094452249146e+10 -3.175941243447947693e+10 6.555769263741738892e+10 -2.575027414243572693e+11 6.890155189347354126e+10 2.520518760527212524e+10 2.658573602748675156e+10 -3.823569995822116089e+10 2.696414950290168381e+10 -5.919429699687492676e+11 4.691498854816195679e+10 -1.702393892063466311e+09 4.760602489798406959e+08 7.915985322250560760e+09 -2.422042702925235367e+10 1.723523860346720123e+10 2.527964886030141830e+10 -2.529571085455961704e+09 -1.859350915896599731e+11 7.050032778335906982e+10 6.189351189215323448e+09 -1.062816043774912262e+10 3.428352211758136368e+10 7.483400176457535744e+09 -9.828320360563386917e+09 2.665348750926058197e+10 -1.078802386032750893e+10 1.694229550158330536e+10 2.494027661571926117e+10 4.288779287435127258e+09 -2.397877757794416428e+10 2.818665544254470062e+10 -4.171236522392012787e+10 2.069775093259226074e+11 8.861617425825883865e+09 -1.643467660674216747e+09 9.318374794884901047e+09 5.770925891379688263e+09 7.176062510268785477e+09 3.688325221105391502e+09 6.390031156004602432e+09 -2.399529903916474819e+09 -1.744756638716440582e+10 -3.150893519316146970e+08 -5.127592421557837129e+08 4.576703271667400002e+08 8.851854478464790344e+09 -5.934318772143190384e+09 6.106835672886244202e+10 1.223994556603065109e+10 -1.522452467399528436e+07 7.938011027247092724e+08 1.352450163603652954e+11 1.553696142929686356e+10 -3.757993384890487671e+09 -1.306959572735715866e+09 1.014092057107965088e+10 3.203155256821940613e+10 -9.074134894577573776e+09 -4.113119769532252789e+09 6.311021946170046926e+06 5.109585390281961441e+09 3.141516670314226627e+09 -1.910331823606272888e+10 9.768808404208162308e+09 3.364607760472692966e+09 -1.572267373448532820e+08 1.546584729517481327e+08 5.964458952977478981e+09 4.413262127489995956e+09 5.193712896380705833e+09 8.413578213678128719e+08 -4.415088978025474548e+09 1.001944405621524048e+10 7.262481067890124321e+09 1.128012540434443855e+10 7.124270733887176514e+10 -8.695908886182546616e+09 -6.285231819622538090e+08 1.588913322163482904e+09 5.140706017687849045e+09 5.399865658823343277e+09 1.008678224607798767e+10 4.670074344888227463e+09 1.462289394398244095e+10 9.684462539861827850e+09 1.049148766374150658e+10 -3.857407989836372733e+08 2.104596626757022619e+09 -8.173166639255448341e+09 8.625887520285602570e+09 5.666727890053174973e+09 6.118573346850910187e+09 3.535007612139122009e+09 1.220318824294209719e+09 -1.866622092803279459e+08 1.076563589975833130e+10
8.098318272641205112e+04 -5.311088531258654257e+04 8.881228785153858189e+04 4.442859805687179323e+04 3.759821080024768889e+04 -6.762127677479971680e+03 1.611603240227215247e+04 3.667875412563467989e+02 2.185373094164624854e+04 2.451685381107443391e+04 1.228161034354543744e+03 5.905165799182055707e+03 2.006467053886351641e+04 9.505421066034599789e+03 9.392553057196970258e+03 6.225081727718866205e+03 2.339524749065245487e+04 2.089250470615647282e+04 1.974302524249499038e+04 1.698862953860879497e+04 1.893742298542988647e+04 2.356131014462844541e+04 9.407600294758442033e+03 1.751441432144094506e+04 1.628899439523171532e+04 1.217171575395653053e+04 1.355597800347460361e+04 7.896862996034729804e+03 1.353377987163108446e+04 1.759786386755022613e+04 1.751084462941897436e+04 1.387606142969782377e+04 1.088012926541257184e+04 1.721892315871914616e+04 2.207793886209518678e+04 1.496186654865674791e+04 1.788297930185385485e+04 2.102176775874867963e+04 3.308040559102180123e+04 8.701364756811491679e+04 2.734734552190807153e+04 1.749845519232501465e+04 1.688012906811340144e+04 1.472688787228335423e+04 1.293246803228796489e+04 -2.151856684745088501e+11 -1.669454132857178040e+11 7.383597371236088562e+10 1.331617177246372223e+11 1.837934195137043152e+11 3.284705594745720673e+10 -1.094024852379486847e+10 9.028450730664361572e+10 5.796399745443320274e+09 -1.616574310475931740e+10 -1.290109924374338379e+11 5.406494576703928375e+10 -1.767034278036618042e+10 3.557473976223090172e+09 1.539940808840654182e+10 1.606142067439524841e+10 1.056595068451504135e+10 7.885155112008146286e+09 -1.256574212148283386e+10 3.368572137099667969e+11 -6.573645072808592987e+10 -1.620520306995816422e+10 -2.490798706568583965e+09 4.012444261130538940e+09 7.523781840799414635e+09 -1.485411778209627151e+10 2.023527756233222580e+10 2.571533547483110809e+10 1.990479626496219635e+10 5.275549250088013649e+09 2.566476321216429234e+09 1.203777959912026978e+10 4.875501731417504883e+10 -2.125603845987737656e+10 1.279010783827617645e+09 1.821361804334828949e+10 6.646042923341380119e+09 9.563138911258487403e+07 -8.659822174193939209e+09 9.729274869926134109e+09 -3.511452395849621296e+08 9.057660127558177948e+09 2.328915684225640297e+09 1.406185581770468140e+10 5.211888995577071190e+09 1.066505598454751587e+10 -4.335727721652601242e+09 -4.612963804134158492e+08 -3.353873903554211617e+09 3.105420793299202728e+10 7.249361892843148804e+10 7.318335666207223892e+09 1.080368023745689631e+09 5.257446600001709747e+10 4.904345613306447029e+09 -9.217440995855669975e+08 1.693964450520549059e+09 4.434479065092801094e+09 1.919030191398009872e+10 9.330167379952075481e+08 -5.301753274169557571e+09 2.752199272251535892e+09 1.293003131571581841e+09 -1.474134973975540400e+08 1.720053858107448196e+10 3.623379932965579033e+09 -6.511180757124935389e+08 -3.595248251520277023e+09 -5.686735318850655556e+08 4.233043752317819595e+09 9.444168702991386414e+09 3.589742506749782562e+10 -1.368271024854918671e+10 4.763917843889379120e+10 -3.809781464682695389e+09 -1.327802750468865395e+09 8.182592716414532661e+08 -2.197675342558382034e+10 -3.027236403532478333e+09 -1.019684944506008911e+10 -5.352082187698133469e+09 4.476878111637554169e+08 -2.386427777025067806e+09 -1.575828959090791941e+09 2.543773037249528885e+09 4.825545462982539177e+09 5.129429823937907219e+09 4.669045815434103966e+09 -3.667783058677452058e+07 3.475879802474014282e+09 9.723457974328964233e+09 1.308682719984226799e+10 1.358639834187302589e+08 3.499554088986968517e+09 1.531069186781362534e+09 4.494536702170620918e+09 -1.064955198208806396e+09 1.294826714974762344e+10
-1.240279517477252812e+05 -1.218571830679125706e+05 1.767234652031910400e+03 1.413481995020998329e+04 2.469806836850537729e+04 2.898126956800331027e+04 1.275565745462577615e+04 2.299619464492075167e+03 5.976094451306874544e+04 2.748845166747233816e+04 1.952771676930972535e+04 1.995007131202888922e+04 4.078034466080577840e+04 2.918197846333180496e+04 1.478512363066643411e+04 1.945713553282474459e+04 1.558302754931365962e+04 1.721932231976471303e+04 1.309541627991425412e+04 1.367431932291751764e+04 1.459881679118144348e+04 1.877706798463300584e+04 1.897081056006917061e+04 2.087156462473545616e+04 1.806879114850598853e+04 1.887598685058587580e+04 1.545515720486300415e+04 2.027294251174966121e+04 1.897947127911376811e+04 1.664778065260774747e+04 1.869073381592090300e+04 1.760973526270075308e+04 1.593651028696634785e+04 1.853230617643265941e+04 2.051069349220430377e+04 1.605705320539600871e+04 1.466376892306784248e+04 2.248334874784275235e+04 1.787310783752514908e+04 2.734734552190807153e+04 8.329852576645489899e+04 2.663458168101683987e+04 1.607841097689377057e+04 1.392949654713056589e+04 1.944721316155540990e+04 2.549915712981754150e+11 -4.007126672497564697e+10 -4.496063654204735756e+09 1.813610990428625793e+11 -3.017931249870273438e+11 -3.872360591072585297e+10 1.194922951595380020e+10 1.347961859723101807e+10 -1.101839787108311415e+09 3.481022742419030190e+09 -1.249163343866156158e+11 2.634274453670238876e+10 -4.602048829517054749e+10 -1.413919790108719063e+10 3.430329824011428356e+09 -3.321727416384017563e+10 1.386683931857605171e+10 3.065280606313033104e+09 -9.346748076414148331e+09 -1.652816313205390549e+10 7.760033089025054932e+10 1.544662963765166044e+09 1.612136833442004442e+09 9.353866597404232025e+09 1.893146260578092575e+09 -5.204897915180395126e+09 -6.898412872791928291e+09 9.757762596198331833e+09 2.523116697796336174e+09 1.797144279718586206e+09 4.481369238767795563e+09 6.176970937481756210e+09 -3.672999507560272980e+10 -4.248262289675021768e+08 4.088008223330091095e+10 2.178364648372529221e+10 1.244009496302089691e+10 -1.104956139881405067e+10 1.006409508002638245e+10 8.576688653808176994e+09 6.270061642382216454e+09 6.473790629237475395e+08 6.897372090699385643e+09 1.526578572281052589e+09 4.431955530164107323e+09 6.582042534007611275e+09 -4.200674170257259369e+09 2.641686478796190739e+09 1.163718056041791725e+10 1.053164201184590759e+11 -3.896541708344918060e+10 1.865549341768855667e+10 7.732509595420480728e+09 1.069605311662993927e+11 1.165066662116452599e+10 6.431875944142595291e+09 4.268723607951640129e+09 1.084917687547847366e+10 1.632786256594651031e+10 2.139958497256364822e+09 5.974595476644129753e+09 2.610842600536998749e+09 4.195686768672198296e+09 1.963524124111088753e+09 -2.195037910636707783e+09 1.360975287118349648e+10 5.127788085181315422e+09 -5.993227987984163761e+08 9.041150449776453018e+09 5.359452704352236748e+09 1.523636334030549812e+10 1.092650421985306358e+10 5.170790506387473106e+09 3.633096692117599487e+10 4.626864628220452309e+09 6.587886121010973930e+09 4.122698489703258991e+09 2.460386750574544907e+10 8.033409274171245575e+09 -8.869635150201437473e+08 -7.579400792943145037e+08 2.758194236248811722e+09 3.533596752247951984e+09 -7.262944993540776253e+09 1.066359539124704170e+10 1.604357122055813217e+10 -1.361418537991218865e+08 5.224604334855925560e+09 3.724058150465208530e+09 5.790102561665840149e+09 -2.605684797808644867e+10 -2.064440541645604849e+09 1.181967127605433083e+10 3.221830310195904732e+09 1.781204685331336975e+09 6.543168002379261017e+09 2.567182482311211586e+09 -3.566820404134563446e+09
2.153275789886066923e+05 2.812191085660905810e+04 8.169138272862853773e+04 4.687804008727430482e+04 4.480233207001960545e+04 3.070623890405101338e+04 4.005148000907547248e+04 1.085709576997554723e+04 3.309110750500207359e+04 2.438796889297830785e+04 2.003155544554344669e+04 2.773240435984141732e+04 1.071513666552167933e+03 1.699534164528114343e+04 1.857507255178689957e+04 2.935208794891216530e+04 1.517404905963665988e+04 6.010039221848554007e+03 -2.111357741336922118e+03 7.686675867837312580e+03 1.503910226177226468e+04 2.248281738835110809e+04 1.724842003064062737e+04 2.171747505664526761e+04 1.918244149906071107e+04 1.827801000509286678e+04 2.036613933686017117e+04 1.396261830374246711e+04 1.828142323811886308e+04 1.536157965840021461e+04 2.203848566892673261e+04 1.683897568914678413e+04 1.822850632233979559e+04 1.940992386611684560e+04 1.916181092032206652e+04 1.551697644801430033e+04 1.555194862092903895e+04 1.727018598960910822e+04 1.740219397173809193e+04 1.749845519232501465e+04 2.663458168101683987e+04 7.996410830243791861e+04 2.541803042790616746e+04 1.435368434012369289e+04 1.741987602290828727e+04 3.796059644456322479e+10 -7.239954017908467102e+10 -1.184700308089914856e+11 4.789681780143789673e+10 2.420105550742664337e+09 1.646372074268040085e+10 2.961374088749690247e+10 6.354614200638528442e+10 5.365167200783927917e+10 4.429955107442910767e+10 -2.212312626564393311e+11 8.084964202250691223e+10 1.840801657778951263e+10 2.000306206197717285e+10 3.079886192565797806e+10 1.743896648668972015e+10 1.732167698250366211e+10 1.708966563762451172e+10 -1.006169571989390945e+10 8.272035467622773743e+10 1.403024161334035339e+11 1.448949703996125793e+10 -1.998299297666242218e+10 -9.241031316755313873e+08 1.121809698114964485e+10 -5.926979561779058456e+09 2.085792306935553360e+10 5.062927669543376923e+10 2.810162678332248688e+10 1.426590834530896187e+10 7.668617128988931656e+09 -7.903403743347711563e+09 4.747119860720581818e+10 2.380622088403468132e+09 7.862363876644087219e+10 1.194915552311221313e+10 3.606208755510616779e+09 6.646563776691296101e+08 8.572903490862976074e+09 1.373393807948600388e+10 8.459293371142997742e+09 7.086969979913592339e+08 5.210600032258372307e+09 2.875971328239377022e+09 3.519549163511011124e+09 4.689014070558730125e+09 7.845866181491774321e+08 6.902767377661570311e+08 1.666282637319492400e+08 -2.498669196905995846e+09 9.064212754106719971e+10 1.111841388680439186e+10 1.028582554363991547e+10 -9.211319541368040085e+09 -8.605767159495265961e+09 1.015149236883249283e+10 7.770841346892004013e+09 6.102776674210420609e+09 7.135297125769969940e+09 -3.593551478175010681e+08 -6.366027472531036377e+09 -2.197339039242094517e+09 1.370358270675633907e+09 -1.932951941949192286e+09 1.332963651182739067e+10 -2.406039045200537205e+09 2.296107115880335331e+09 3.836976875493343830e+09 7.553182274572077990e+08 2.335350361634965897e+09 1.024616845165917015e+10 -1.222586421877391434e+10 4.765016453028140664e+08 7.177625886962446594e+10 1.759108079177207565e+10 1.391010659061776543e+10 8.006002158692810059e+09 6.508116524785910034e+10 1.368639377188425446e+10 4.592797742196239233e+08 -2.217121966080235004e+09 3.443016852115882874e+09 -1.908016596106921434e+09 7.174479115849092484e+09 1.028064687041287041e+10 7.596858116340147018e+09 3.113162677988813400e+09 5.734881556251420975e+09 1.431726045002324343e+09 5.656369541455384254e+09 3.698096678589824200e+09 1.027403310101674271e+10 1.059131107002087212e+10 8.664573329993526459e+09 6.820308685515615463e+09 8.095840195306972504e+09 3.178349993753868580e+09 2.499164005018961430e+09
1.448119660214606847e+05 6.726003473645159829e+03 2.388844632753947735e+04 1.593283011428712780e+04 -1.785120360558715038e+04 3.814937619034874956e+02 2.056369772713240673e+04 9.988829901851087925e+03 3.004212974610403398e+04 2.056310549907121458e+04 3.257041328185094972e+04 2.481713949147450330e+04 8.899023038701669066e+03 1.862732297664668658e+04 2.687372610080856975e+04 1.944090782276892787e+04 1.912161926906190638e+04 2.099203959421115360e+04 1.402403932517114754e+03 1.446906082735396376e+04 1.170634535320110081e+04 1.709981706210886114e+04 1.330802943582412445e+04 1.479716355401128021e+04 7.688785555416864554e+03 1.217195369227760420e+04 1.872597865769077544e+04 1.421390984965507778e+04 1.165976990940488940e+04 1.563196935884823324e+04 1.951441633427274428e+04 1.655738459316311128e+04 1.413296010114545425e+04 1.738242045995971057e+04 1.299825821958811866e+04 1.517168883564704629e+04 1.496974186172892041e+04 1.326349446565694052e+04 1.865672708145621073e+04 1.688012906811340144e+04 1.607841097689377057e+04 2.541803042790616746e+04 7.667267349458321405e+04 2.248469230192974646e+04 1.665230131852616614e+04 8.044157239295043945e+10 2.778778460444575882e+10 -8.752693689534112549e+10 -5.974240148579081726e+10 -1.232896165325560150e+11 1.821122094430962372e+10 1.005821479013307571e+10 -2.863791602326863098e+10 8.343573801968170166e+09 3.845579027107603550e+09 -7.892493655475264549e+09 5.844773025711218262e+10 7.381549077813446045e+09 -2.657612737737757266e+08 4.649122851229721832e+10 2.937267759395584106e+09 -6.137625735599173307e+08 1.300676440231028748e+10 4.273376910540421009e+09 6.090230249234390259e+09 4.196179866574728394e+10 -8.742201032139097214e+09 -7.176361200747180939e+09 -2.138374675398355484e+09 4.192411574714340210e+09 -7.401369401388568878e+09 6.639380959699941635e+09 -9.191935667644685745e+09 -4.787947727474231720e+09 1.757098359271368265e+09 7.101629307677411079e+09 -1.066655456325095367e+10 7.807830151577775574e+10 -2.051685274117016983e+10 2.324016986460208130e+10 1.141237445106979132e+09 -1.041904255319848251e+10 3.842602906034566879e+09 -1.197424841058227348e+10 1.215868927831602669e+10 1.313835273236205816e+09 -3.121058905986531258e+09 2.631417509930779457e+09 -2.524708466265185547e+10 -8.360050572340323448e+09 2.650408593950801468e+10 1.257556226859807014e+09 -5.198573336722053528e+09 -5.582420438480325699e+09 7.129268763933306885e+10 -3.401968117279476929e+10 -2.989523113357292652e+09 -2.225622015696062148e+08 1.119567757011152496e+11 -8.381954187923001289e+09 -4.008324596488469124e+09 6.101364178071267128e+09 7.772424060530112267e+09 1.240882947466919518e+10 -1.015945285603612518e+10 -3.164059616675416946e+09 -2.376774896486280918e+09 6.863634585720395088e+09 -1.620962899403571129e+09 -4.232930637247425079e+09 -9.158162601197956085e+09 -4.081304545230600357e+09 3.847672696396485806e+09 2.819483684875339031e+09 3.584170755144933224e+09 1.499068396648117781e+09 -2.427804727728514481e+10 1.679258084395105600e+09 4.121920142674072266e+10 1.110178360830508041e+10 2.228372475103663445e+09 -9.650457377049781084e+08 -1.152697558948963928e+11 -1.014613756923239708e+10 5.387616795056893349e+09 1.258674985782455921e+09 5.894903782056143761e+09 2.730704749779003620e+09 2.025501028275002289e+10 -8.426374783715467453e+09 9.605220997090833664e+09 2.593029253538928032e+09 4.634113050048317909e+09 3.351630943979608536e+09 6.500037821521761894e+09 -6.170888779147629738e+09 -1.018476045076838493e+09 3.256581687267930984e+09 1.087328873714876366e+10 2.443041833692428112e+09 3.107744048666103840e+09 2.250613450598024368e+09 1.881810567900674105e+09
3.485008537816897151e+05 1.223138815433507443e+04 6.795784818058485689e+04 3.270475317535897557e+04 -1.138262605597035872e+04 9.745920043507790069e+02 2.370504853367845863e+04 -1.600044966089795162e+04 3.209564603942910253e+04 5.200142480866306869e+03 8.908550012304453958e+01 -3.255220847232429151e+03 9.392701358550873920e+03 1.847787256268016426e+04 1.715417300658777094e+04 1.715016815573575514e+04 1.629718990353555273e+04 1.596669752929064634e+04 1.585795913195819594e+04 1.670007590143940615e+04 1.148495951439782220e+04 7.844197380139353299e+03 7.707597217097287285e+03 1.487058620414689540e+04 1.654242317131248637e+04 1.087342943796818145e+04 1.139416993972188720e+04 1.732541242689918363e+04 1.281166402883615228e+04 1.288486895932510743e+04 1.544986144385645275e+04 1.159819928688118853e+04 1.547809200407164099e+04 1.487634080112326774e+04 1.328504806510728122e+04 1.243609792107603971e+04 1.107175819505711661e+04 1.643765229195571010e+04 1.635255939838531776e+04 1.472688787228335423e+04 1.392949654713056589e+04 1.435368434012369289e+04 2.248469230192974646e+04 7.080734981659390905e+04 2.078683312867830318e+04 -2.181268300029755859e+11 -3.193160145534913635e+10 -4.867730942729464722e+10 3.083238084729359818e+10 5.160229642278128052e+10 1.880826537856766129e+10 -3.291843506610273361e+10 -3.204210219091068268e+10 3.120529507513437748e+09 2.699403048512532043e+10 -5.306977368019551086e+10 2.177669260470146561e+10 -2.004777635905153656e+10 -2.494555840990815353e+10 6.253911612363925934e+09 1.630285509965197372e+10 -8.849536533891685009e+08 1.709236835361773109e+10 -2.096295375721249580e+09 3.479769033468317413e+10 -1.219791738558160706e+11 -2.021163482675032377e+09 -7.713966404529361725e+09 2.765792455289462280e+10 -2.336690092932674885e+09 6.745135252185549736e+08 9.895132776870362759e+08 4.492507446673567963e+10 -2.699700955689062119e+09 7.375878848457808495e+09 -4.402644527073914528e+09 -9.103057210982591629e+09 -1.084394800929549408e+10 -1.880240492108037567e+10 3.800177310097682190e+10 4.797890678126708984e+09 2.879247826037697792e+08 5.813730693680212021e+09 4.219074492808421135e+09 -1.886165007804934740e+09 5.485826586876010895e+09 -3.173209690062762737e+09 -9.555693752729810715e+09 2.102838913275521469e+10 4.421892259063662529e+09 1.455703211879017651e+08 4.719456464892622232e+08 -4.807129534104528427e+09 -1.352596987365877867e+09 1.014931776229975319e+10 -2.349466217643170929e+10 -2.035830496596649647e+09 -5.179841080877894402e+09 5.001795724397117615e+10 -3.480905178861430168e+09 7.997005672683628082e+09 -1.071295725587807059e+09 6.338836466675722122e+09 9.286303870488414764e+09 -1.394900586182701492e+10 -5.288152367313004494e+09 -2.841618012952292919e+09 2.658568116601282120e+09 -2.297830588777084351e+09 1.866362733848496628e+10 -3.801166947567993641e+09 -4.996625086410078049e+09 7.319779085920859337e+09 4.401535161610623360e+09 6.248906876015522957e+09 -1.107902129072725028e+08 -2.497296231379735947e+10 2.895169662412822723e+09 -4.055954191287178040e+10 -3.146564262156419083e+07 4.450641581300427437e+09 2.657223005733230591e+09 -3.138031106231456375e+10 -1.844075823086721802e+10 -6.896163424379871368e+09 -5.969642590553773642e+08 4.130789496138900280e+09 1.850095917160773754e+09 -1.551631240583127975e+09 -4.062032628214035034e+09 4.382394993260023117e+09 5.558037655016322136e+09 -1.630003302275353968e+08 -3.764623287864164114e+08 3.138786356804485321e+09 1.236006981430102539e+10 -2.275208952709957123e+09 5.560496485372872353e+09 7.206457094733596802e+09 4.609822416880838275e+08 2.935895680007828712e+09 1.699624880778283834e+09 3.121219732497325420e+09
7.245916842519069905e+04 1.202628932028387644e+05 1.121799085115071066e+05 1.330633038160475735e+04 4.453072983914977522e+04 1.178292055604553207e+04 2.342212208308039408e+04 1.635105579934059097e+04 2.128388663143368831e+04 4.036653477500357258e+04 2.049273133775437964e+04 6.690856282862153421e+03 1.912683840424193841e+04 1.890966233529519741e+04 1.446496169188658496e+04 1.857225825755962069e+04 1.695575986261560683e+04 5.639425184759342301e+03 5.808237001361403600e+03 1.402271804842012170e+04 1.775727673432404845e+04 1.723018822687464490e+04 1.095186003911962143e+04 1.929881576603520443e+04 1.257332610067800852e+04 1.183724544505962695e+04 1.384713192999915191e+04 1.638864535197490477e+04 1.359400937294380856e+04 1.963042096796472833e+04 1.474039904589159778e+04 1.587835761944042133e+04 1.537327959180036123e+04 1.776876035367459554e+04 1.372911806871477347e+04 1.894148519946123997e+04 1.746280909195450295e+04 1.471263438094252706e+04 1.276394758566121891e+04 1.293246803228796489e+04 1.944721316155540990e+04 1.741987602290828727e+04 1.665230131852616614e+04 2.078683312867830318e+04 6.753388386218098458e+04 1.717417909624692383e+11 4.940029695258580780e+10 -6.402050623404531860e+10 -1.255471488333459091e+10 -4.271371035824979858e+11 -2.855842500240248871e+10 -1.766834024790791702e+10 -1.022283908996834564e+10 2.517202248807037354e+10 4.662495241684675598e+10 2.019548090445401001e+11 1.839165156315422821e+10 -3.144904052156478500e+10 -1.922318373462361526e+10 2.036412246682143021e+10 2.557636931120898056e+10 1.476048404908357620e+09 1.085984185436011314e+10 -1.513348784481559372e+10 1.041522113232410431e+11 -3.748663801067943573e+10 8.729066879252973795e+08 -6.007109651952037811e+09 -1.673193540822588730e+10 1.088031753324036407e+10 -6.168483914954257011e+09 1.351704839764536095e+10 2.267720259989018631e+10 5.908530886561917305e+09 -9.579527227224477530e+08 1.495522517047828102e+10 1.755212172564807510e+10 9.111425382294854736e+10 -1.080462332966052055e+10 2.422004207964007950e+10 2.348819981803627777e+10 3.197266872191132545e+09 -1.569295757414734125e+09 1.618316401827185440e+10 -2.481261507526513338e+08 7.540256344950980186e+09 3.249047690741050720e+09 2.656922527817116737e+09 7.735896094259737968e+09 3.343882133996548176e+09 6.934943576500099182e+09 3.528011412698647022e+09 5.930370685354050636e+09 8.226577946997362137e+09 3.464191241113894653e+10 -4.144394888983644867e+10 1.008305529292311549e+09 -5.412341147077323914e+09 4.442605982264744568e+10 5.605548903846279144e+09 6.888156071956293106e+09 2.666794762328996181e+09 1.051184955259676933e+10 2.936920572097678757e+10 8.741433491194624901e+08 1.663517359302035809e+09 -6.770177180920920372e+08 7.719664457174062729e+09 -8.200116997079100609e+08 6.906320348981825829e+09 -2.875151224745292068e+08 1.346237697310285807e+09 1.200823706374201775e+09 9.799073370879940033e+09 -3.165687763559665203e+09 1.280538230334445190e+10 -6.490006721547746277e+10 1.471930030783883333e+08 2.829998792238643265e+10 1.028578943074278450e+10 6.202872552219188690e+09 8.751598210471086502e+09 7.901761014105183601e+09 -3.759503757883251190e+09 9.531319498916006088e+07 -2.955364469592631340e+09 6.560850481195433617e+09 3.801293120498463631e+09 -1.805864397171361685e+09 4.560153428357793689e+08 -5.023932806129258275e+08 -2.042264491276480675e+09 6.143912990235971451e+09 6.632365572843595743e+08 6.505181279857166290e+09 -5.552004303505020142e+08 2.506740227178252220e+09 1.242489803015180779e+10 5.634060919495388031e+09 3.358788865459818363e+09 1.938190748276588321e+08 2.339425449699115276e+09 -1.595829748657297373e+09
-7.005730451359602539e+12 2.215374630602756250e+13 3.840693814370769531e+12 1.062956491947743530e+12 5.913678547516503906e+11 -1.060611312428577759e+12 -1.110718819413375732e+12 -3.064314536774064331e+11 -5.713200935346970215e+11 2.483426342709471191e+12 2.094995931561834717e+12 3.787616011020232544e+11 -1.256509009069199463e+12 -9.430969736628570557e+11 1.330639354017614014e+12 1.324513818711653809e+12 8.589439971912888184e+11 4.882907826330172729e+11 8.810162024679185791e+11 8.919757217350622559e+11 9.692697789008988037e+11 4.136792061094880371e+11 1.037575772598801270e+12 -6.706098912742304993e+10 -2.593471513411938171e+11 5.127012467898602295e+11 -5.703662709725941162e+11 -5.373075707301576233e+10 3.773980941971907349e+11 -3.717353785491983032e+11 -2.036187171606351929e+11 -1.166766619316595154e+11 -1.579637622561212158e+10 5.889339072504197998e+11 -1.091865486307643585e+11 4.523703020230744019e+11 4.607364742595886230e+11 1.441882225144553528e+11 -3.195870989407257080e+11 -2.151856684745088501e+11 2.549915712981754150e+11 3.796059644456322479e+10 8.044157239295043945e+10 -2.181268300029755859e+11 1.717417909624692383e+11 6.981430173959596278e+20 7.481590773111391846e+19 2.659864667383582310e+19 6.922569779172035584e+18 1.321023048654374298e+19 6.353779882341825536e+18 -5.685166828642176640e+17 9.409911319512332288e+18 1.221688435601026304e+18 -4.776489735707590656e+18 3.088365351969037824e+18 -4.884488212073947136e+18 4.992222919521659904e+18 -1.781979117791196928e+18 9.580830959807619840e+17 1.425135197443689882e+19 -2.569369439039742464e+18 2.579982574235297600e+17 -1.874341982458575616e+18 1.042836829443160474e+19 -3.796727378331840512e+18 2.551584925983435776e+18 3.959312159821393280e+17 5.479276745944664064e+18 -8.506776929464602880e+17 5.877049350341543680e+17 -2.514979557334122560e+17 1.182578315426122342e+19 3.933006360612987520e+17 -3.480108153572192640e+17 1.303330937872847360e+18 6.103624325815112960e+17 -3.889021102938378240e+18 -3.560975483911100160e+17 7.992114841554344960e+18 4.694873323062068480e+17 4.033873237849781760e+17 8.756217670339779200e+16 4.161028474393700864e+18 -4.119863783520157440e+17 3.888177530230296960e+17 8.395100562617881600e+16 2.140585277422377920e+17 8.968437308309312512e+18 -1.869146938416281280e+17 7.004279363157292800e+17 -1.230509128807266400e+17 -6.837494479207824640e+17 -2.490158123744482880e+17 -2.805565626788052992e+18 3.669519821761524224e+18 -1.261889522219866368e+18 -3.170085337710647680e+17 -5.715529367880807424e+18 1.816255323147451840e+17 -7.849714832685596160e+17 -2.340968175549135680e+17 2.988486578767173120e+17 2.138886495656848384e+18 -6.291744681945655040e+17 -2.145580939292513280e+17 -9.726000279702892800e+16 1.311979391564632000e+17 -3.726219404392695200e+16 8.531666054472395776e+18 -1.184464353371821824e+18 -2.682107771571664960e+17 -1.073698210629646240e+17 -9.285987721876634880e+17 3.031601244045669120e+17 4.730331362636449280e+17 -1.129069501543714406e+19 -7.731918898554225920e+17 -5.691258619955463168e+18 2.832686581580246080e+17 4.291217076321852800e+17 -6.779278397170172160e+17 6.709221639419040768e+18 -1.288312786074477056e+18 -6.369385065866883840e+17 3.301655190444584320e+17 2.831927760775979840e+17 2.418703278675887360e+17 3.381888015380182528e+18 -1.463370930539385600e+18 -1.938703124204715520e+17 -1.641973066555436800e+17 2.698115653719661440e+17 -4.957643018432804800e+16 2.857626885895240000e+17 8.925550205872043008e+18 -1.676148424663630336e+18 2.109761417126630800e+16 4.916521370874194560e+17 2.559643402217370800e+16 4.751309735833452800e+16 2.741106449819860000e+16 6.002698218684451840e+17
-3.832800342392874023e+12 1.409191289414366406e+13 9.209244248607458984e+12 3.443977048687418945e+12 -4.324944191547593384e+11 -1.564613980877541809e+11 -5.859096509235925293e+11 7.187318194700340271e+10 5.623276072553471680e+11 1.526486710387600098e+12 7.372486940871853638e+10 -4.759011388611761475e+11 -1.064365649746635590e+11 1.620332858731108398e+11 2.605920935681761169e+11 -2.006112864713942261e+11 6.467912060765727997e+10 -1.021850590468296661e+11 3.385943449626717529e+11 2.570620203789431152e+11 1.903204711000542908e+11 -3.877036550250555420e+10 -1.868566909248842478e+09 -2.269464716529533997e+11 -6.036952561088166046e+10 2.233003040364233093e+11 -1.686375698628992615e+11 -2.043854637636276245e+11 1.750825302012351379e+11 1.339950330788704071e+11 3.105754871229613113e+10 2.074637996217666626e+11 1.609559011413010254e+11 1.096953094757333069e+11 1.451262797121072998e+11 -2.145588874241482849e+11 -1.161832153932881470e+11 2.342987805238938293e+11 4.943667094452249146e+10 -1.669454132857178040e+11 -4.007126672497564697e+10 -7.239954017908467102e+10 2.778778460444575882e+10 -3.193160145534913635e+10 4.940029695258580780e+10 7.481590773111391846e+19 1.871492569805494682e+20 1.694449550144190259e+19 4.292311031412551680e+18 6.312871882807946445e+19 6.361617551183754240e+18 9.849429413185896000e+16 2.825498757631508992e+18 2.594277244454354880e+17 -5.811313610258406400e+17 -8.047533464292981760e+18 1.825543533614547968e+18 3.819305233337465344e+18 -3.634304209309270400e+17 -7.439952667684742400e+17 4.953725100995329024e+18 1.451339984636666880e+17 -3.821133597482314240e+17 -3.988920641435550080e+17 -9.778269303492886528e+18 9.568818547807254528e+18 3.640327065563361920e+17 -5.768090830235006720e+17 3.462771758965408768e+18 1.454151362483740160e+17 -7.888916401955624000e+16 5.620704334155633280e+17 3.485087643990387200e+18 -3.156642318361931520e+17 7.186162185768307200e+17 3.247533843277416960e+17 6.510268382013013760e+17 1.218537716100379648e+18 -5.875373154249336320e+17 1.610152185390357248e+18 -5.142709922559967360e+17 2.752623210921055600e+16 6.380851879153543200e+16 2.864850585716298752e+18 2.642505982906204800e+17 -3.489362746709899200e+16 -2.515195112629267200e+16 1.879593256136088320e+17 2.853435002096734208e+18 4.837812858906948800e+16 -6.837557687703123200e+17 -3.215658821633169200e+16 -1.060600904252212400e+16 3.972558724946931200e+17 -7.016062499247363072e+18 -1.339322794874872320e+17 -7.812237840216350400e+16 4.428230110985128320e+17 3.796055751339003520e+17 1.081508475016368160e+17 -2.328064769149686000e+16 2.035570265414693120e+17 3.269116215188698240e+17 2.407345023167303168e+18 2.877021309967718000e+16 -1.813249964614096320e+17 1.979424600558315840e+17 3.981079875447401600e+16 -1.928666622857808640e+17 2.279134796346290432e+18 -2.353219634038504000e+17 2.261010091862055360e+17 -3.576707990959374720e+17 -5.823930710652475200e+16 -8.025006257796721600e+16 -1.278381191612490560e+17 -9.046443217704810240e+17 2.398373293966826000e+16 -1.474990081766389760e+18 4.462611565117761280e+17 -2.119204346958748000e+16 -3.437926896400934800e+16 -1.630482228439211520e+18 -3.076868727404579840e+17 3.361643947406981120e+17 9.978350748808123750e+14 3.855668347870816000e+16 -1.412362135032423040e+17 2.749165410352112640e+18 5.307502965678982400e+17 -1.415629571019903360e+17 1.517648557789277120e+17 5.279987353297031200e+16 8.890116083958036800e+16 4.251130476778387200e+16 2.329089944635315200e+18 8.339433478736067200e+16 -1.870723634693008320e+17 2.090322803350469120e+17 1.986653359702523840e+17 -2.151337987402940160e+17 1.430465861883662400e+17 -1.419795470666495520e+17
4.018589227232589844e+12 9.545489907133533203e+12 3.858057320410639160e+12 1.537091240091866943e+12 3.562225477842990112e+11 -5.103628051150606537e+10 1.269426742024745941e+11 -4.208778146331260376e+11 -8.656577915539840088e+11 4.088567929354110107e+11 -3.682060370884169922e+11 -8.710017582348326111e+10 2.552414445657976685e+11 -1.678863543642521973e+11 2.677381705249192810e+11 -4.136860695523486328e+10 4.443795843364774323e+10 -2.290235390102868042e+11 1.337470374539248962e+11 7.484584245530827332e+10 -1.870644577742978210e+11 -1.027658207486522064e+11 -4.851641580442167282e+09 -2.425153228240062256e+11 -1.787119230943444824e+11 -2.447342268917763138e+10 -5.392862939487460327e+10 -1.371389386491437683e+11 6.967074586942544556e+10 -8.203851385601991272e+10 2.650800053014156342e+10 2.569709545203195572e+10 -1.013911760696552038e+09 2.605960753534251404e+10 -9.724362777445137024e+10 -8.156944035998162842e+10 1.351610327188770103e+10 4.891455391478634644e+10 -3.175941243447947693e+10 7.383597371236088562e+10 -4.496063654204735756e+09 -1.184700308089914856e+11 -8.752693689534112549e+10 -4.867730942729464722e+10 -6.402050623404531860e+10 2.659864667383582310e+19 1.694449550144190259e+19 4.240265471028404224e+19 7.840664511020937216e+18 -1.229666057147735040e+18 6.711260780901841920e+18 1.220486182852601600e+18 4.826438654627291136e+18 2.967686916760203520e+17 6.794335333926815200e+16 3.010887832073788928e+18 -6.462112991922773760e+17 2.582586754148634624e+18 1.593055875454799040e+17 -2.101235557353425920e+17 3.760114519343696384e+18 1.833588544579087040e+17 -2.594735699997959040e+17 -2.416490798669713600e+17 1.115891279831045888e+18 2.618367004692588544e+18 5.496511108716199040e+17 -3.550443605121201280e+17 2.143657721333040384e+18 -1.162162054897349440e+17 -1.886214450399436800e+17 -3.410032243080284800e+17 4.080211740516422144e+18 3.055672823714272000e+17 2.579617377120586880e+17 -1.604440957731357440e+17 2.476156257355231360e+17 -9.046484449916968000e+16 -5.779485032276104960e+17 3.350094051986264320e+17 -9.976715958645979200e+16 -2.740860892927056320e+17 -1.564754455682630720e+17 1.338946717063848448e+18 6.880386956289399200e+16 -3.609009751273563200e+16 -4.981903288961584000e+16 -1.642516915890911200e+16 3.158589501276670464e+18 -7.154068830321565600e+16 1.452270843008522560e+17 -4.328588025377044000e+16 8.999320929857606000e+15 2.898988815875841920e+17 -1.285867224272981440e+17 -3.429930249625454592e+18 -2.069347029211069440e+17 1.947297624864145200e+16 3.052907140100601856e+18 1.204380289537991360e+17 -1.229702305997976960e+17 3.214964186974189600e+16 4.158572289029106400e+16 6.868972127037624320e+17 -2.074684033439184640e+17 -1.502887750514021440e+17 6.401323187905783000e+15 -3.165677096475457600e+16 2.322031902228300400e+16 3.481262258971450880e+18 -7.957356178588824000e+16 1.181528653908577400e+16 -2.577453820273852480e+17 -8.187690265202403200e+16 9.237972339282646400e+16 3.122984466867478800e+16 -4.524232155397671680e+17 3.506021587016302080e+17 -6.537233810067015680e+17 -9.827007963764768000e+16 -1.052548592597745280e+17 -2.869042583571165440e+17 1.240241731554431232e+18 -1.844430320025154560e+17 -1.885597969159088400e+16 -4.964595150484980000e+16 -6.648666601975410000e+14 -1.906907398287303360e+17 1.242342011540467200e+18 8.878789494176956000e+15 4.353525235645191200e+16 4.887547405440260800e+16 -9.959098684220897600e+16 -7.284172032676838400e+16 5.267937880006467000e+15 2.793246066279620096e+18 -3.003345882896993600e+16 7.786467351533169600e+16 7.677318017829990400e+16 2.499060481195698000e+16 -5.481236276490545600e+16 8.974707241837764800e+16 1.183471458511630720e+17
-2.184832236924568848e+12 1.776570411327649658e+12 3.526731574745749512e+12 4.691727039060120117e+12 1.598280201015140625e+12 -2.314398202658503113e+11 5.980863487380764160e+11 3.933102958816215210e+11 1.104077841542029785e+12 7.058207902963647461e+11 1.209221871492057343e+11 -7.765019925584982300e+10 2.617469664516391296e+11 -1.805689748866026306e+11 -1.401233182846260986e+11 -1.184199850055301056e+11 1.436199923663338928e+11 1.950015419259298706e+11 1.885046534585943298e+11 -1.107863715827561798e+11 -2.993878398789414391e+07 -5.439608437799846649e+09 1.016211583536945343e+11 -1.057224246818745880e+11 -7.017243611923641968e+10 1.468418339733451843e+11 8.612630492064062500e+10 1.406285537091260071e+11 1.881592806376018982e+11 9.528587364830432129e+10 1.223033136312846527e+11 1.047041783801645203e+11 5.629890062220388031e+10 1.487089942425395508e+11 6.861098050499028778e+10 2.548903814924426556e+09 -1.761028501357592392e+10 -2.383399435757994354e+08 6.555769263741738892e+10 1.331617177246372223e+11 1.813610990428625793e+11 4.789681780143789673e+10 -5.974240148579081726e+10 3.083238084729359818e+10 -1.255471488333459091e+10 6.922569779172035584e+18 4.292311031412551680e+18 7.840664511020937216e+18 6.325077369846022144e+19 8.693318257143888896e+18 2.174423335579875072e+18 5.941055458978265088e+18 1.059498559467240960e+18 -1.565683177413795000e+16 7.479347063808857600e+17 2.419045710057010688e+18 7.305946358158511360e+17 1.907446368436504320e+18 9.512623254447175680e+17 -3.730838383976704640e+17 -9.754094788738579200e+17 3.412388905616619520e+17 3.858509154094340480e+17 -4.908826382487605120e+17 2.785280237850354176e+18 2.155163725555029504e+18 1.217165802232631296e+18 2.540182771306938880e+17 9.918729122236614400e+16 1.956825006192903680e+17 1.186085817149376160e+17 3.447831349602724000e+15 -3.090861628900896640e+17 2.227968200601725120e+17 2.850155968109332160e+17 -1.768026457012426560e+17 -1.300888461699756640e+17 1.019645740539107968e+18 -6.260651621932385280e+17 3.837496320558660608e+18 3.950569596982254720e+17 1.396575063886440640e+17 -3.824167020123936640e+17 4.591610037484279040e+17 4.159170864299943680e+17 -1.485694323011266560e+17 -1.215393236531396000e+17 -1.015374637626904320e+17 -1.213588577139172000e+17 -2.495509589617886800e+16 -1.773192822137245760e+17 -6.684203757805899200e+16 1.368303890718336640e+17 1.755138591904457280e+17 2.113302219475532800e+18 1.308176006566975744e+18 -5.781283360480435000e+15 -2.085104396761944000e+17 2.987934587750687360e+17 7.229227870313632000e+17 1.042553757208856960e+17 -6.956328227414677600e+16 2.042217641323989600e+16 5.866575801994626560e+17 1.962841374086758720e+17 1.319383139650775400e+16 2.668869143209358400e+16 -5.268901143039936800e+16 -9.778336182088748800e+16 -3.030658692662654080e+17 5.099944818232163200e+17 4.581237118656219200e+16 1.340280416231429600e+17 1.475411512548719600e+16 9.308167960879476800e+16 1.027581435671410560e+17 -6.474906420131665920e+17 -2.471221440845160640e+17 4.233488221285975040e+17 -2.116476398836887680e+17 8.093186664725091200e+16 2.412043675549529600e+16 8.283942713933237760e+17 1.121426409985132160e+17 -1.536340282562601920e+17 -4.091768627575523200e+16 2.278097402488021200e+16 2.429778309131540800e+16 1.658397998523754240e+17 6.925577905076286720e+17 6.255526547538929600e+16 5.857310886087893600e+16 4.833230844076723200e+16 4.598083298061611200e+16 6.304262355935220000e+16 -2.394496494133441920e+17 6.092939013643773440e+17 1.948142335370176400e+16 1.169607551740188960e+17 2.702597424009477440e+17 1.838794606942509760e+17 1.669064703772997200e+16 9.048094006339384000e+16
-2.973969661489423438e+13 1.576149121464993896e+12 1.696922109237166406e+13 2.727746859298583984e+12 2.365983065284992188e+12 6.709297805877488281e+12 3.992059049089708008e+12 4.848884157958678711e+12 2.864947406966552734e+12 -1.134374373819494629e+11 -3.778190479482582031e+12 -1.740905541063771973e+11 -2.674933216793662109e+12 -9.486313329939504395e+11 -1.880087636557074951e+12 -2.115688266605402100e+12 -1.200614985960549316e+12 -8.261087893629750977e+11 9.404054846073395996e+11 -1.490952172418422852e+11 7.119787823032510986e+11 -5.898709350375083008e+11 6.081669412660617676e+11 -4.763536599614940186e+11 2.407666354263575745e+11 -2.610095384839399109e+11 -1.310736098553867188e+12 -2.989988184465331421e+11 -1.191655286097286133e+12 -6.919699559297398682e+11 8.515949001605841064e+11 6.775122909845733643e+11 2.243812586215260925e+11 -5.649824951259295654e+11 -2.908187939705009155e+11 1.330516539941302490e+11 -2.500380800732137451e+11 -2.240113566482563782e+11 -2.575027414243572693e+11 1.837934195137043152e+11 -3.017931249870273438e+11 2.420105550742664337e+09 -1.232896165325560150e+11 5.160229642278128052e+10 -4.271371035824979858e+11 1.321023048654374298e+19 6.312871882807946445e+19 -1.229666057147735040e+18 8.693318257143888896e+18 2.206361617036989170e+21 9.592266744788963328e+18 -1.144156010424644736e+18 4.086999608909935104e+18 -7.371322520336638720e+17 -1.736615524460918400e+17 -4.108365234188323226e+19 3.219434077349713920e+18 3.297012497920088064e+18 1.438086349100553472e+18 5.617707201182516224e+18 5.819531431419236352e+18 3.405623892033377280e+18 2.844387429630789632e+18 2.333793521922478592e+18 1.922296592189161882e+19 2.970794732025435750e+19 7.196449159742769152e+18 2.543801939815791616e+18 -3.164288172696203264e+18 6.693437717415651840e+17 2.006683269016630016e+18 2.234895686700252672e+18 -2.749065956693767680e+18 1.686391651349563648e+18 1.852017379958522880e+18 2.336174114826484736e+18 2.163620117261768192e+18 -2.953760672793956352e+18 2.999702900610459520e+17 1.608560840862269030e+19 9.280103059021278720e+17 1.210437557269107200e+18 1.082574525473273216e+18 -1.186011655747096320e+18 5.278389944402057600e+17 1.933607281258631424e+18 1.069782809676560896e+18 1.109951189735509632e+18 -5.791334595312721920e+18 1.700143843593041408e+18 1.227688569069155584e+18 1.216213118712605696e+18 -4.083084640219849600e+17 3.099313046626046080e+17 -1.113783100475113344e+18 -1.205115255452028723e+19 3.196148084355372544e+18 3.453635313611997600e+16 2.310733104581489664e+18 -1.956431744865267968e+18 -6.494190306971424000e+17 7.500463189082671360e+17 -3.415397467906273280e+17 5.875554171371024640e+17 1.658255327414196224e+18 9.206310000930776320e+17 8.604216998492870400e+17 -3.091258206357198720e+17 -1.429259128051269440e+17 7.002381433671854400e+16 -1.304451894701913856e+18 -1.881118907039158016e+18 -1.299788240137744320e+17 -1.068041763634494800e+16 -1.867734378795115840e+17 -1.132996811524482816e+18 4.179124935976150016e+18 -1.365083759416305120e+17 1.056090010723390669e+19 -1.031880707488422528e+18 4.539383440943189120e+17 4.184447533982762240e+17 -1.985274732670715392e+18 -3.217093097809638912e+18 3.056692105258778880e+17 4.876668208801788800e+17 -2.210834934124568640e+17 5.559159099729823360e+17 1.141613194041806464e+18 9.944949840670540800e+17 1.143645500192098944e+18 3.340752370766744960e+17 -7.841866515165848320e+17 -7.124744830285067200e+16 -7.249275124323998720e+17 -2.222019292580675328e+18 2.678116761013949440e+17 7.467389910316619520e+17 4.671756260527061760e+17 -5.565723216413313280e+17 -1.190884948632022528e+18 -1.343925860081116928e+18 -8.097649366196157440e+17
3.431953479294562988e+12 6.985185873156940430e+12 3.974979558381999023e+12 1.826204755834168945e+12 1.393583092052702637e+12 5.281299280932722168e+11 -6.791897107338929443e+11 -3.240993546700565796e+11 3.224215152738126373e+10 4.149047421946821594e+10 -9.230522260186154175e+10 -3.128606329973453979e+11 -3.800078084665488281e+11 -4.296381863935530396e+11 2.271224336946781006e+11 -6.500056876231005859e+10 -1.657785682518441162e+11 2.885989897932113647e+10 2.053827275414195538e+09 1.025720115622971497e+11 -1.231502078508259125e+11 -3.643876440099060059e+10 -1.318770352533324814e+10 -2.918215312081461716e+10 4.508877108259410858e+10 -5.243577730781561279e+10 2.884052503559412384e+10 2.645408668317204666e+10 -7.548972723663983154e+10 4.409239220694040680e+10 1.600270077586534882e+10 7.546404403942640686e+10 -4.340650889364878654e+09 5.000977260369802094e+10 1.157334044021813583e+10 -9.070725117625320435e+10 1.566943258765318489e+10 4.504987691160049438e+10 6.890155189347354126e+10 3.284705594745720673e+10 -3.872360591072585297e+10 1.646372074268040085e+10 1.821122094430962372e+10 1.880826537856766129e+10 -2.855842500240248871e+10 6.353779882341825536e+18 6.361617551183754240e+18 6.711260780901841920e+18 2.174423335579875072e+18 9.592266744788963328e+18 2.626748798572474368e+19 1.925333675565162240e+18 5.363766722958065664e+18 1.616799336392578240e+17 2.547207285826410240e+17 5.585627456011776000e+18 9.310366971996665600e+17 3.065775840632806912e+18 2.721704455223225600e+17 -1.096314747328342080e+17 2.433129182317450240e+18 1.708910879693729280e+17 8.824210625327452000e+15 1.284723495414992800e+17 -7.947349335804527616e+18 3.640755643619625472e+18 1.276719050367544320e+17 4.058145406850200500e+15 1.687465056035367680e+18 -1.199865458664829600e+17 -3.734979698885400800e+16 -1.512311836022755200e+17 2.079841846050694656e+18 7.423820322475065600e+16 4.584206530319224320e+17 -3.205264563080542800e+16 -1.928509739561329280e+17 2.242675956562558080e+17 5.943083739345112320e+17 5.247164054959059968e+18 -5.479373686870848000e+16 -2.613578308189718400e+16 -1.680820089087450880e+17 1.625054515548194304e+18 3.782441973063532000e+16 3.394655287564009600e+16 -8.416771148955092800e+16 -5.335272803005784000e+16 1.726180003804523264e+18 -2.475439654206647040e+17 -2.903325927385596800e+16 -1.067883825357427840e+17 -2.119726843905203600e+16 -1.205868271719887680e+17 1.774370460026432000e+18 -2.071165866223744400e+16 -6.682800914445940000e+14 4.734801306148681600e+16 1.451059184675918336e+18 1.365797590946155840e+17 -1.872612915216685600e+16 -4.954347757546637000e+15 5.956874356961299200e+16 1.004345420526777344e+18 -3.926629172438797600e+16 -1.658063272866970400e+16 -3.892934294473682000e+15 -5.981009424062661600e+16 -4.346346958645538400e+16 1.539049802884206848e+18 -5.990496120529689600e+16 -1.156808731358837120e+17 -2.347070963014546400e+16 7.329695280003888000e+16 3.165713741731338400e+16 1.548035818932439200e+16 2.932208303615847680e+17 -2.113960647917533760e+17 3.971639369767256960e+17 4.449643577474678500e+15 1.361558633706194240e+17 2.604812614189696800e+16 -1.617126701503953280e+17 -1.001607628569784800e+17 -4.001924149561420800e+16 -2.129493099542134800e+16 2.711478907572035500e+15 -8.552750229448256000e+16 1.374542006755565056e+18 1.233549963443258400e+17 5.786008782236082400e+16 1.068328467888747600e+16 -5.056983284912120800e+16 -4.948315111421749600e+16 6.354103053704318000e+15 1.470802754144075520e+18 4.723718759008056000e+16 1.883353444602265600e+17 -1.089065430750213600e+17 -1.229144380785562080e+17 -1.598167122253984960e+17 -2.047540020573734000e+16 3.923124401548893600e+16
2.012881868946980713e+12 1.720825139276189880e+11 1.653449955028080078e+12 2.903239027568617676e+12 1.420809095811012939e+12 4.442125957317278442e+11 2.947122836344394302e+10 -2.320363994514945984e+11 3.599710236984208984e+11 2.843746224100465698e+11 -1.023362549457421722e+11 1.916045659207682190e+11 5.819764790382127380e+10 1.261166159047977448e+11 1.872172531519635391e+10 2.695533670532934570e+10 8.724883159496104431e+10 2.702741021397159958e+10 3.734485228348855495e+09 5.706582473546280861e+08 -2.313628241925617218e+10 -9.664686356117097855e+09 1.726191121003300858e+10 -1.273471556491320992e+10 4.404632588226020050e+10 6.322314172023108673e+10 5.769961251516932678e+10 4.553074443954222107e+10 3.696617707144532013e+10 7.920327519600137329e+10 5.867809197070110321e+10 6.066546945402434540e+10 5.950685794549161530e+10 3.071160668093266296e+10 4.436810841512885284e+10 1.258008268970935059e+11 6.416715101479916382e+10 -3.465052554116191864e+10 2.520518760527212524e+10 -1.094024852379486847e+10 1.194922951595380020e+10 2.961374088749690247e+10 1.005821479013307571e+10 -3.291843506610273361e+10 -1.766834024790791702e+10 -5.685166828642176640e+17 9.849429413185896000e+16 1.220486182852601600e+18 5.941055458978265088e+18 -1.144156010424644736e+18 1.925333675565162240e+18 1.172550336387195085e+19 6.108637665638935040e+17 1.538746442359191296e+18 2.418670010939300480e+17 2.099010865774201600e+18 2.270094082600955136e+18 7.815543827133850880e+17 6.086527206227388160e+17 -9.725401363189396800e+16 -3.084666417455329920e+17 3.329383662975114880e+17 1.103662489413931360e+17 -1.031853251314447680e+17 -1.322732219293730048e+18 -3.086936819220899200e+17 5.400318340211719040e+17 2.641568461106254400e+17 3.372034690896149760e+17 4.794195022367356800e+17 -7.316139461910008000e+16 -5.207547994583682400e+16 -5.865235303781520000e+15 2.908390160981415680e+17 1.084460419541296640e+17 4.736234353863429000e+15 1.355522130552477120e+17 2.105395350250155520e+18 3.994696746960981600e+16 1.377443211254363904e+18 4.609785313400352000e+17 6.902240949862913600e+16 4.067344451993234400e+16 1.317656600898162000e+16 3.142685440783226240e+17 5.523031695491940800e+16 3.201342153947501600e+16 1.260625443742453920e+17 -4.303025602401444000e+16 1.815762357125020160e+17 5.201070598895923200e+16 7.001359505499634400e+16 8.102708834219587200e+16 -5.923643162878023200e+16 -5.631401352988063360e+17 -1.860856005351800800e+16 3.325570762959832400e+16 -2.761553535119478000e+16 4.974813466837995520e+17 2.634410094110515200e+17 -2.064859704423452000e+16 1.123264541372460800e+17 1.293600374129006600e+16 2.615602273681568000e+17 3.414050909804610560e+17 -4.668666311688936000e+16 1.319489274799054400e+16 8.145784655450081600e+16 -2.975887114339647200e+16 -2.015870100442373760e+17 3.704480337382702720e+17 -3.657196027603619200e+16 3.097263804761806500e+15 9.439725301516790000e+15 7.516525388269190400e+16 2.492001395028629600e+16 6.655615285992075520e+17 -5.712333760951228800e+16 1.662631656676736640e+17 -7.994211300642204800e+16 6.981881317055880000e+16 9.732716205084252800e+16 1.358208924207401472e+18 1.267493477773480320e+17 -1.329303414328675200e+16 2.978655691535632400e+16 -3.615569010020104000e+16 4.511477420611650400e+16 -1.325813526195447800e+16 3.637984799963335040e+17 1.817494540049626800e+16 5.333596190996792000e+16 1.112886468515252000e+16 -1.265790866133576800e+16 -1.675914178545809800e+16 -2.174088121845311360e+17 2.932194536026880000e+17 6.470838106671585600e+16 3.698010864270129600e+16 3.151461209730350000e+16 2.222104260849046400e+16 -2.539172084653280400e+16 -1.803241893545771520e+17
6.771425528816164062e+12 7.598957743924970703e+12 4.006661651495838867e+12 2.134965286173686768e+12 6.709481740564316406e+11 9.882488889097625732e+11 2.057992670462228699e+11 -2.421835739938129272e+11 -3.978758719429493713e+10 3.751029310114699097e+11 6.898588777817060852e+10 -3.339859243939828873e+10 1.293309889068249969e+11 -8.911337244523628235e+10 1.494853525536202393e+11 1.438016181235216370e+11 -1.398767591305333862e+11 2.813022800287934875e+10 -7.434444796029405212e+10 -7.604234236877619934e+10 4.318759823775688171e+10 9.069362927145330429e+09 -6.175115798684467316e+10 -4.242267347297527313e+10 -5.968113278654949951e+10 1.173609358186849976e+10 -1.392227206832016602e+11 -4.024409198445430756e+10 -3.747306622380128479e+10 2.488898987097414398e+10 -6.599460921026499748e+09 9.380442519107021332e+09 1.792971581152751923e+10 -1.469250114428212547e+10 -5.742341481804449463e+10 1.074315153395160294e+10 8.640365169924242020e+09 2.209185040291877365e+10 2.658573602748675156e+10 9.028450730664361572e+10 1.347961859723101807e+10 6.354614200638528442e+10 -2.863791602326863098e+10 -3.204210219091068268e+10 -1.022283908996834564e+10 9.409911319512332288e+18 2.825498757631508992e+18 4.826438654627291136e+18 1.059498559467240960e+18 4.086999608909935104e+18 5.363766722958065664e+18 6.108637665638935040e+17 2.001158424262472499e+19 1.574683356601829632e+18 4.529044973053880960e+17 1.964774677543887360e+18 -5.193059924181444800e+16 2.733639374139442176e+18 2.621155815045855680e+17 1.710951388963921920e+17 3.857733034772709888e+18 2.834865815304875520e+17 -1.218670403177620000e+17 2.375969034728551680e+17 3.238287439893719040e+18 5.694683993601207040e+17 2.299927617409821760e+17 -6.552676396219125600e+16 1.203937898019072512e+18 1.097489102638576000e+17 4.718858728211528800e+16 -6.737892296656258000e+15 3.955340510943445504e+18 3.067047691507086720e+17 1.540032471955992640e+17 1.704623532441737280e+17 9.605405918326596800e+16 -6.004535495809639680e+17 1.871722199643573120e+17 1.880746109055635712e+18 -2.157344659245489600e+17 5.764847547262991200e+16 -1.551041324969076800e+17 1.440975923797922048e+18 -8.339883346607267200e+16 3.134460168897812400e+16 -2.721957058441038800e+16 3.173563696588919200e+16 3.410930170199429120e+18 3.223443604755745600e+16 1.640875111471201600e+17 5.594989398498776800e+16 4.475983494144900800e+16 2.912622686414973125e+14 2.124653278281631744e+18 7.783349455167802880e+17 8.525190186756358400e+16 7.540146157754137600e+16 6.009951658225779200e+17 -1.327143404026181440e+17 1.091203023464731200e+17 -4.926793822663777000e+15 1.641722457815051200e+17 9.785576975732089600e+17 -7.846560477129649000e+15 5.149401089015391200e+16 4.954518474046231200e+16 5.350290694421756800e+16 3.033386768148191600e+16 3.420166597055365632e+18 3.616347367759056800e+16 -8.838917837399432000e+16 -2.085438199570669760e+17 -3.689796313869855200e+16 1.821816195931893600e+16 -1.855380821970210000e+16 -3.025696009946252800e+17 -7.529524874470240000e+16 4.402850094132410240e+17 7.068415584561071200e+16 7.411718585653867200e+16 7.402892181358889600e+16 -2.307291839923928576e+18 1.456990952619668800e+17 9.412058477370558400e+16 4.409500552303073600e+16 5.869211143382123200e+16 -4.269913651521089600e+16 1.053765400223686784e+18 8.157947893728102400e+16 6.488191365824812000e+16 -5.913379455892805600e+16 1.817791721030095200e+16 -2.119454638042432000e+16 5.730603158384942400e+16 3.265838221402030080e+18 -5.200418075739350000e+14 1.579681611792396160e+17 3.363817109355975600e+16 3.386128041841635600e+16 3.456159080901994400e+16 -6.230433300311096000e+15 7.690120916765857600e+16
1.895439312225295166e+12 2.482179187715436035e+12 1.390684363463085693e+12 1.130448050443803467e+12 8.963493839401882324e+11 9.111779630114870605e+11 8.987091256812843323e+10 -8.622576423831588745e+10 1.878228182095757141e+11 -2.325434884662807083e+10 -7.475502725003497314e+10 5.522043632627363586e+10 8.491856688533235168e+10 6.008001112489441681e+10 7.572807516163525391e+10 3.060681926687230301e+10 -1.392005244313419342e+09 -3.076495455598757935e+10 -2.003382418563206863e+10 1.207182102751419449e+10 7.779132757222382545e+09 7.817171695581147766e+10 -3.916895997837523651e+10 -1.567975216775808907e+10 4.362500351098381805e+10 3.967033422017586517e+10 3.154995267571750641e+10 5.448897419191540527e+10 8.614629425914901733e+09 3.057016560550838470e+10 5.681143132561729431e+10 -1.226424532741259384e+10 7.674244970205558777e+09 -1.209906220553628731e+10 3.271320811819293213e+10 3.433119727302964020e+10 3.603140939713986206e+10 -4.426276214026954651e+09 -3.823569995822116089e+10 5.796399745443320274e+09 -1.101839787108311415e+09 5.365167200783927917e+10 8.343573801968170166e+09 3.120529507513437748e+09 2.517202248807037354e+10 1.221688435601026304e+18 2.594277244454354880e+17 2.967686916760203520e+17 -1.565683177413795000e+16 -7.371322520336638720e+17 1.616799336392578240e+17 1.538746442359191296e+18 1.574683356601829632e+18 6.040210142487644160e+18 1.363381490569083904e+18 2.375112474630231040e+18 3.685780929153525120e+17 7.957755720164642560e+17 5.504865664992157440e+17 4.093819957367498880e+17 6.937326406630602400e+16 1.809578585913089280e+17 6.242196960452205600e+16 -1.857446153553275840e+17 1.274116132106407424e+18 -2.825362123252160960e+17 2.819257105585473280e+17 -8.122166626431097000e+15 3.067871132692446720e+17 1.245872675983644160e+17 7.480139721313009600e+16 -4.626895180834775200e+16 3.815632766460963200e+16 1.706881115981348480e+17 -3.550510399130877200e+16 -9.674299234909099200e+16 -2.910303167755121600e+16 6.409537614753168000e+16 2.197362431255862720e+17 -3.953634807562915200e+17 1.144483006218868800e+17 7.213458900204809600e+16 -2.525317348440992800e+16 5.556155833808398400e+16 9.031967983351571200e+16 9.859309040135552000e+16 1.340374344824414200e+16 1.272156421226740000e+17 8.596003930984760000e+16 2.001604505957223040e+17 1.310635609664083680e+17 3.694745094244958000e+15 -1.937941569638740800e+16 1.419917046299061400e+16 -2.067090858285459520e+17 -5.807006062357585920e+17 9.519261129064433600e+16 3.263114149477474800e+16 5.717690182072866560e+17 1.960540806452580000e+16 7.966226123392753600e+16 -8.806849087924162000e+15 1.572838518051230400e+16 1.813743599455580800e+17 2.691407588139028400e+16 1.038769402715348160e+17 -5.957479283858084000e+15 1.939613855539409200e+16 -3.574914422780760400e+16 -6.119840932243530400e+16 6.435474406603986400e+16 8.738558812307035200e+16 5.128567179265939200e+16 2.397007195162576000e+16 5.767514256236537600e+16 2.903269827379087000e+15 -1.422586659226986880e+17 -8.598824762126444800e+16 -2.975855565218615040e+17 -8.617962011479944000e+16 -7.556020491300122000e+15 5.598303556605584000e+16 -7.429763293306495000e+15 9.173456732092692800e+16 1.012573377019701400e+16 1.989597295977007750e+15 -3.251361101837699200e+16 -2.915715690448559200e+16 1.505348138408784320e+17 5.452478536275239200e+16 3.826663657145727200e+16 -7.748441298462576000e+15 2.091456309693892400e+16 7.702859358509083000e+15 5.205350929464836000e+15 -1.304544082329737920e+17 3.522733656900402400e+16 1.030037040507103040e+17 1.406296831577698200e+16 -2.520159033948672000e+16 -3.133820657329622000e+16 -2.123734889743093438e+14 1.183779922348927750e+15
-1.927254083618406494e+12 -4.544035606995205078e+11 6.193942294179382324e+10 -3.987022603655943604e+11 6.285279437243865967e+11 8.567212098684842529e+11 6.759338251879678955e+11 9.886185535543199539e+09 8.767719010052206421e+10 -2.155769054814832153e+11 -4.095282934928646851e+10 -5.196655618452795410e+10 7.334476101417347717e+10 1.960381739279822693e+11 1.046578078819897461e+11 4.040956721055154800e+09 -9.776015356595198059e+10 -1.372903965409407196e+11 4.779353534835904121e+09 -3.220629922261087799e+10 -5.288116590192884064e+10 -2.617932278804756165e+10 -2.436876120468680191e+10 2.962050261585053921e+09 4.311443524760097504e+10 9.047311355984786987e+10 5.590970334385314941e+10 3.617729330105567169e+10 2.222489185065027618e+10 -2.590196682241382122e+09 1.554583693292701340e+10 6.099879825212826538e+10 4.654238783521977425e+09 -2.182595172939716339e+10 6.992659579689851379e+10 2.678464647957996368e+10 1.872025035325215459e+08 5.761405291542176819e+10 2.696414950290168381e+10 -1.616574310475931740e+10 3.481022742419030190e+09 4.429955107442910767e+10 3.845579027107603550e+09 2.699403048512532043e+10 4.662495241684675598e+10 -4.776489735707590656e+18 -5.811313610258406400e+17 6.794335333926815200e+16 7.479347063808857600e+17 -1.736615524460918400e+17 2.547207285826410240e+17 2.418670010939300480e+17 4.529044973053880960e+17 1.363381490569083904e+18 1.189648350589582746e+19 5.846922559694763520e+17 -5.593022493432243840e+17 8.651635585045516800e+17 1.902433766254333120e+17 9.677942670150741760e+17 -1.056209499548752960e+17 2.222135709073690880e+17 5.445118948840108800e+17 5.283138018852796000e+16 1.246010317157838080e+18 1.191444049932968448e+18 -1.115545766156764800e+17 -1.744605789317182400e+17 -1.188432766852386880e+17 -8.012620254310412800e+16 6.404476254306830400e+16 3.148072043548415200e+16 -4.987929657826074240e+17 -5.377330686979244800e+16 -5.914071868113919200e+16 1.064636172630633440e+17 -7.180425242137003200e+16 3.637069011355371520e+17 8.671761395794452800e+16 2.579848638706903552e+18 -1.175444649001006800e+16 5.504033022202216800e+16 -1.514614742201562400e+16 -2.974113383689639680e+17 -7.508106345317028800e+16 1.060294970110276480e+17 -1.174689482472351800e+16 -1.421855087430094400e+16 -3.492123640463672960e+17 -3.197158159371157200e+16 1.280489462961815200e+17 9.937105621637822400e+16 -2.132147385046877200e+16 5.613026861334883000e+15 -3.629773529165624320e+17 -1.527734305611059712e+18 2.093103465081992320e+17 4.509173189409427200e+16 -5.002575606785732480e+17 -1.154968478962757760e+17 7.978517416234304000e+16 -2.451190766638594500e+15 -5.747203330412377600e+16 -2.271333709268862400e+16 -5.875020476670058400e+16 1.296706364351037600e+17 -5.926903837635086400e+16 -6.203601682444177000e+15 2.283687372323640000e+14 -4.904627434350341120e+17 -6.827182639254618400e+16 5.713867909555396000e+16 9.373485923379148800e+16 4.266319879263766400e+16 5.318693463975032800e+16 -9.762232747923228000e+15 -2.302779952935533120e+17 -8.790716959474600000e+16 -1.208499721856314560e+17 3.641313869236866400e+16 -2.275640308816364800e+16 -2.248174417302332800e+16 3.502332152331200000e+17 -4.812051811535784800e+16 9.041809269986289600e+16 2.636955381369547200e+16 -1.409539185141971000e+16 1.850224051766741600e+16 1.008789379105041000e+16 4.158861047027354400e+16 6.092137389723547200e+16 3.871289243686714400e+16 -5.018641131161216800e+16 -9.538528714708652000e+15 7.528724971395845000e+15 8.941910218680986000e+15 4.305288384107805600e+16 9.826860835975603200e+16 4.641921591526558400e+16 -3.588755734513951600e+16 -6.107004775434376000e+16 5.845984112113669600e+16 -1.801562076230887360e+17
2.067263043363510156e+13 7.085705141610716797e+12 -2.534855154902030273e+12 2.296629392964307129e+12 1.699477148369860352e+12 2.476412535608492737e+11 3.832098621818654785e+11 8.384909627875698242e+11 -1.112642328720036621e+12 1.609337330398797607e+11 -5.688288610108161621e+11 -2.391863057209370117e+11 4.099728773794341431e+11 -3.168724648938478394e+11 -2.641717391105210571e+11 4.886028404079404297e+11 -2.408527893043472290e+10 5.195137168218815308e+11 -7.004633156560996094e+11 -2.522328949622510681e+11 4.565859546418149414e+11 -4.022306807443238831e+10 -3.511716544894226837e+10 6.265291857099649658e+11 1.678114968999669800e+11 -3.643130027141217651e+11 -1.695099921929320374e+11 -2.255780496198530884e+11 -1.709841348998596191e+10 -6.887405674623847961e+10 -3.753752071278787842e+11 -2.989452959628579330e+10 2.566266296825202332e+11 6.120540625359281921e+10 3.276019843304457397e+11 -6.591442980265471649e+10 -3.798077349932456665e+11 -4.315054928680957642e+11 -5.919429699687492676e+11 -1.290109924374338379e+11 -1.249163343866156158e+11 -2.212312626564393311e+11 -7.892493655475264549e+09 -5.306977368019551086e+10 2.019548090445401001e+11 3.088365351969037824e+18 -8.047533464292981760e+18 3.010887832073788928e+18 2.419045710057010688e+18 -4.108365234188323226e+19 5.585627456011776000e+18 2.099010865774201600e+18 1.964774677543887360e+18 2.375112474630231040e+18 5.846922559694763520e+17 3.673798401545317253e+20 -5.036875052745382400e+17 5.173918198860908544e+18 -6.178954373190656000e+17 1.150079099705235328e+18 1.864782521105512192e+18 -2.906628823309761280e+17 4.043663594279529600e+17 -1.893579938385884928e+18 -2.893448277017619456e+18 3.787886886937536512e+18 1.296370867425286144e+18 2.678059859890815680e+17 -3.199356603451244160e+17 5.695399272602238080e+17 4.594724015576979840e+17 -4.837553867596689920e+17 1.124045810998753120e+17 6.083399462103777280e+17 -8.916765618466910720e+17 2.406409308473315200e+17 3.029479570670540160e+17 -4.471535571276250624e+18 1.759488148738297344e+18 -6.406213991138139136e+18 -8.431213935937024000e+17 2.390817963346222080e+17 2.756380880866758080e+17 3.096432439875431680e+17 -1.336403622631681760e+17 3.843374289027162880e+17 3.061785945302578560e+17 -1.869914720131729920e+17 5.113581615348094080e+17 -1.006574862774176640e+17 5.647888350755463200e+16 -1.147716106419058240e+17 -2.469950003750615680e+17 1.342904791602826240e+17 -2.872046226750133440e+17 -3.681688656654762496e+18 4.442139358714203520e+17 7.972612089746488000e+16 4.803584059355013120e+18 1.486710763545729280e+18 1.133718990484498880e+17 5.505668892542311040e+17 -4.160294597048830080e+17 1.727250399103746560e+18 -3.129002235048771200e+17 9.991637944738788800e+16 9.396354481850251200e+16 2.831463569171223200e+16 -4.236865833433098240e+17 8.657145752341484800e+17 -1.525427702953852160e+17 5.805257740217302400e+16 2.039863517064062400e+17 2.658933490324303360e+17 -4.763338560036412800e+17 -1.610763238530069120e+17 -4.726458732749878272e+18 8.072185235034128640e+17 3.499222418024785408e+18 1.560597673145925120e+17 4.455950960310395520e+17 1.310187342147570880e+17 5.339552630319801344e+18 4.374890218833068160e+17 4.643707004157790720e+17 -1.713096613245415800e+16 8.878839380256617600e+16 2.107984688094994560e+17 2.512661294085598720e+18 2.862573395182568400e+16 1.811320060105215040e+17 -9.031642526615318400e+16 2.695730433393931520e+17 1.446352151968011520e+17 -2.085554260644288000e+16 -2.965525844154147200e+17 -2.638883590085696000e+17 6.432564147612766720e+17 -4.365119508339171840e+17 -1.814520934472248960e+17 -7.222731210990206400e+16 3.792875273919968000e+17 1.778641668914741760e+17
1.130762290324052979e+12 1.502324338397905762e+12 8.233441192318948975e+11 3.137557040078708496e+12 1.691638138003438965e+12 4.357948190304324341e+11 -3.122997772859672241e+11 -9.295652693142181396e+10 3.179119057799398804e+11 2.433425740779214172e+11 3.953653766116706543e+11 2.048036207632508240e+11 -1.164459529026446991e+11 -6.365166702308628082e+10 5.904984476031449890e+10 -2.803614764272391891e+10 3.977505170064534760e+10 -3.245909443344339371e+10 -6.468605817588761139e+10 2.541279143466226578e+10 6.388281562202890778e+10 8.770135832269281006e+10 8.424829494184414673e+10 9.876225371585728455e+10 5.621765099952597046e+10 1.270400910219212799e+11 2.096019667571449585e+11 1.104490772421077881e+11 9.270556252598680115e+10 9.273498521403793335e+10 1.150447148383284454e+11 9.647513270103872681e+10 3.713649051850165558e+10 3.620470691358737183e+10 7.090116404412898254e+10 9.385590809472485352e+10 6.043649866963481903e+10 6.492176691883744812e+10 4.691498854816195679e+10 5.406494576703928375e+10 2.634274453670238876e+10 8.084964202250691223e+10 5.844773025711218262e+10 2.177669260470146561e+10 1.839165156315422821e+10 -4.884488212073947136e+18 1.825543533614547968e+18 -6.462112991922773760e+17 7.305946358158511360e+17 3.219434077349713920e+18 9.310366971996665600e+17 2.270094082600955136e+18 -5.193059924181444800e+16 3.685780929153525120e+17 -5.593022493432243840e+17 -5.036875052745382400e+17 1.718820604652108595e+19 -3.300364193087083600e+16 1.078196363223244416e+18 4.001154240150424500e+15 2.415128441402028800e+17 2.308844276290800320e+17 -1.688821059439028600e+16 -1.430712001255547840e+17 1.390557508386698752e+18 -5.298507787451733120e+17 3.133248894783878400e+17 3.413351302022073600e+16 5.559548254580085120e+17 3.421023641483870720e+17 -3.007320733218487600e+16 -4.013839061650943200e+16 -2.407130757996792960e+17 1.789407945287515840e+17 -1.492935369298474400e+16 -2.045621932286852480e+17 3.434648359591857920e+17 -1.132690056491105408e+18 6.933718719160381000e+15 -9.623332258448442880e+17 2.310404514137708800e+17 3.099354153237905600e+16 -1.617499000398529600e+16 -3.105102310581283840e+17 4.586169494396065280e+17 5.047687699458141600e+16 7.829533637412359000e+15 1.173392003476737280e+17 -4.898944482656419840e+17 3.754361801168517760e+17 -3.343896718452447600e+16 -7.906629385362073600e+16 9.171597736378794000e+15 -7.159430477583516000e+16 -1.579225942459479552e+18 1.518031068870163840e+17 -1.454430423836456960e+17 1.111505209080741120e+17 -8.233824692986801920e+17 1.909945738024920960e+17 7.009146465964976000e+16 6.988578131050352000e+16 7.877731426438940800e+16 1.408445959063623200e+17 3.004382824461168640e+17 9.619311769766516800e+16 1.623608338773166720e+17 7.698303583889419200e+16 -3.330218647499600400e+16 -1.529417312000824320e+17 2.932846957684874240e+17 -6.420020876765613600e+16 1.162450336410984960e+17 2.188501656093504400e+16 -6.234996824316156250e+12 -2.436027985279631200e+16 3.218797565915912960e+17 -2.025613820046127680e+17 1.038280243595880704e+18 -4.094474363089710400e+16 4.666481080618236000e+16 7.196821254435756800e+16 -1.125559342164574976e+18 2.647443158644595200e+17 4.493715050053257600e+16 4.482118752311322400e+16 5.473080758187592800e+16 -1.002158631689488200e+16 -1.288269698227532000e+16 2.061889360081796160e+17 -6.648596022219010000e+15 -2.664929823635944800e+16 -2.106170188899906000e+16 1.333829171924994000e+15 -8.426171430677376000e+16 -4.790818149869701120e+17 3.404295068210972160e+17 -1.405900442278377600e+16 3.018039097410542800e+16 -4.041076618642392000e+16 -2.361990802633099600e+16 -1.222364238437997400e+16 5.588939705374494400e+16
2.606093273724237305e+12 7.878189604668600586e+12 2.709867441437976074e+12 2.848329183947097778e+11 2.716761068637538452e+11 8.951263344152475586e+11 5.683167110125019531e+11 1.291704735916393280e+11 2.358628958308310242e+11 2.073566604290167847e+11 1.621180318053826294e+11 6.118973714275908661e+10 1.905000362661730042e+11 2.231056800911261368e+10 4.577230921973001099e+10 -4.309688752192528725e+09 -9.701993917209162903e+10 -5.175364291596494293e+10 7.375309802179388428e+10 -3.506038012821938324e+10 -3.131411355928388596e+09 1.114136308605675888e+10 4.509942755537123108e+10 3.702423748551759338e+10 -7.532994595018806458e+10 9.522424417540626526e+08 4.758283050256672668e+10 -4.562108481983439636e+10 -3.034984347771478653e+10 -1.518770935198588371e+10 8.235397934557817459e+09 -1.236069965829914284e+10 1.904830452243389893e+10 -4.714340584130635071e+10 -1.374028297015012980e+09 3.458068812832333374e+10 3.968101226485123634e+09 -1.830983096966249466e+09 -1.702393892063466311e+09 -1.767034278036618042e+10 -4.602048829517054749e+10 1.840801657778951263e+10 7.381549077813446045e+09 -2.004777635905153656e+10 -3.144904052156478500e+10 4.992222919521659904e+18 3.819305233337465344e+18 2.582586754148634624e+18 1.907446368436504320e+18 3.297012497920088064e+18 3.065775840632806912e+18 7.815543827133850880e+17 2.733639374139442176e+18 7.957755720164642560e+17 8.651635585045516800e+17 5.173918198860908544e+18 -3.300364193087083600e+16 1.173808090347768832e+19 5.224304105470781440e+17 3.511593260036759680e+17 2.406051461990407168e+18 1.343864281807878080e+17 2.759665918302710080e+17 8.431520020164548800e+16 -2.276473765990168576e+18 3.685704883579291648e+18 1.276747325638970560e+17 2.097091035342254720e+17 1.353719332797475072e+18 -1.755300869645891200e+16 5.443001775862044800e+16 4.196162262854645600e+16 1.586014715509444608e+18 -1.912045753465758400e+17 2.445125688513434500e+15 8.979135189500478400e+16 -2.297622076888339840e+17 9.744108287920294400e+16 6.359139266357574400e+17 -1.831669379035076800e+17 -2.807524437432732800e+16 9.755269788675619200e+16 -6.422273203715220000e+16 1.615881514796286720e+18 -3.484327121964763600e+16 4.906848271736565000e+15 1.258932408030558000e+16 1.589695702488165120e+17 1.223238809276693248e+18 9.155048540371315200e+16 -1.286509030093140960e+17 -2.232740055193455600e+16 1.064570843614313920e+17 5.660248640872951200e+16 -6.451822589542563840e+17 -4.808386674360432640e+17 7.617058440859766400e+16 -6.424241875734998400e+16 2.778821496788355584e+18 7.125015596182785600e+16 1.307316007444363200e+17 1.847074915437766750e+15 1.948924987034806800e+16 1.114548314684031104e+18 4.721501376873190400e+16 8.344294164546910400e+16 1.195309620431094880e+17 5.700784971803868800e+16 -5.780937623545408800e+16 1.488802014198094336e+18 8.572998599030286400e+16 5.423599853386044800e+16 -1.500690119376305500e+15 7.338267031696613000e+15 3.530788581245971600e+16 -5.676588608455596000e+16 -1.165438301247159840e+17 4.084767618570712000e+16 7.685648153405384960e+17 1.625384356030157120e+17 1.148308831071238880e+17 -2.586048020544126800e+16 2.237791848007441920e+17 -1.244354447022035680e+17 1.428811100491233600e+17 3.693610275701590400e+16 5.514921993929728800e+16 -2.959735329064007600e+16 1.244587604167200000e+18 4.587437089531032800e+16 8.460883517340598400e+16 4.259427757512936800e+16 2.809900727536643200e+16 -1.379652340323373800e+16 -6.116458008819820000e+16 8.093269027309455360e+17 -1.956292003661018800e+16 1.287987661151911200e+16 5.972523260118529000e+15 6.866752427393870400e+16 -1.441986328919789250e+15 3.007820241260008000e+16 -1.045743376177474560e+17
1.022083057270093231e+11 4.576141461827871704e+11 1.207939702211828857e+12 1.344883868708653320e+12 7.008404263935253906e+11 4.931293353608157959e+11 3.468038430159885864e+11 2.447664326289524841e+11 3.110262131941400909e+10 1.491166464104410400e+11 6.711724723049607086e+10 1.272578968492916298e+10 -3.516834069845265961e+10 8.834957703084738159e+10 4.400413601838417053e+10 4.448437217506246185e+10 -4.520337904042720032e+10 -6.625084742531484985e+10 -9.749881632403673172e+09 -2.707796970358781338e+09 -1.257817802737476158e+10 1.951096847547068596e+09 -1.261590019585058212e+10 6.457800105685433197e+10 1.087734482501320267e+10 8.430898256202898979e+09 3.121104760398817825e+10 -1.989599530161313534e+09 -5.019482967225714684e+09 3.883808067044023132e+10 1.404072975552284622e+10 1.594433975782755375e+09 9.023283420314384460e+09 -2.128773424236408234e+10 7.919821587937481880e+09 -2.052189982839047194e+09 2.063208832050749063e+09 -7.717849452584984779e+09 4.760602489798406959e+08 3.557473976223090172e+09 -1.413919790108719063e+10 2.000306206197717285e+10 -2.657612737737757266e+08 -2.494555840990815353e+10 -1.922318373462361526e+10 -1.781979117791196928e+18 -3.634304209309270400e+17 1.593055875454799040e+17 9.512623254447175680e+17 1.438086349100553472e+18 2.721704455223225600e+17 6.086527206227388160e+17 2.621155815045855680e+17 5.504865664992157440e+17 1.902433766254333120e+17 -6.178954373190656000e+17 1.078196363223244416e+18 5.224304105470781440e+17 2.297787932677020672e+18 3.842376785701952640e+17 -1.317763383375315040e+17 5.252630267757313280e+17 1.657510238796099840e+17 1.305572625124962400e+17 1.730481937301599200e+16 4.117721833580380160e+17 5.036170732675475200e+17 2.254702253508280960e+17 2.237664819530559200e+16 2.337995266772931840e+17 8.245168808018787200e+16 1.621878824793545800e+16 -2.423187141235017920e+17 2.411526279166659200e+17 1.272320925292609760e+17 3.722435652563331200e+16 5.306337135574977600e+16 1.540279334766896960e+17 1.448005528196686080e+17 7.395896770256185600e+16 3.184378588104403840e+17 5.264258281476935200e+16 6.011179626852166400e+16 -4.010104983166991200e+16 2.285445947667900480e+17 6.280540651354705600e+16 3.469562409471159600e+16 8.907238888620224000e+16 -3.287851843312324480e+17 1.509715777620063360e+17 2.876953473931264000e+15 3.759121327647696000e+16 9.299637686943652000e+15 3.534692779325052400e+16 -3.993736160499187840e+17 4.677253982728637440e+17 7.057285567359243200e+16 1.467635716624774800e+16 2.296722070988186240e+17 1.549710331458764160e+17 7.248444412471520000e+16 2.813767212957107200e+16 1.273283654648919400e+16 -1.868720467811321920e+17 2.003449704214081280e+17 1.070407154585271520e+17 4.915228933283626400e+16 -1.740631801033841400e+16 -3.376777151546998400e+16 -2.113600484811612160e+17 1.595175005066548160e+17 6.117535947306660800e+16 4.763963650479668000e+16 -2.543433048654328000e+16 -1.221711457519717200e+16 -5.110817473716583200e+16 2.962871222840967680e+17 6.039647625105792800e+16 2.036686719224432640e+17 1.244484064771331360e+17 4.659516399624658400e+16 4.661274239082125600e+16 -1.450178187359822080e+17 6.182719546291254400e+16 5.522809827166587200e+16 4.783026779315716800e+16 -1.456428031521779000e+16 -2.243583101321303600e+16 3.292731830556050800e+16 1.579209837037504960e+17 1.947333961250411200e+16 2.582078671906672000e+16 -9.185502182888614000e+15 3.983920557761520000e+15 -2.381502247631880000e+16 -1.321702857678319200e+17 2.225279451426666240e+17 1.943771717773771600e+16 2.027713293838284800e+16 3.954277344374137000e+15 8.106048097963223000e+15 -1.162920634707302800e+16 1.644387672660212000e+16
-8.945139915853837891e+11 -4.261536134072633667e+11 -1.971004503465543747e+10 -1.831069903491368103e+11 4.741002489087441406e+11 7.240155800127104492e+11 4.416624056901837769e+11 4.419488647634720459e+11 1.725478829434714508e+10 1.008732306476567841e+11 8.792961887535224915e+10 1.013913795465127258e+11 6.032642492725658417e+10 5.198527379921492767e+10 -2.697553358059050751e+10 5.678177828185433388e+09 6.057229343614971161e+10 -3.698120346561343384e+10 -3.728877870194529724e+10 1.823053890478662491e+10 4.325167460307226562e+10 3.307292210152766418e+10 6.390992965341057777e+09 3.511885672860224152e+10 2.873171399459092712e+10 3.412347605405991745e+10 2.569678363481182098e+10 3.508734897823632812e+10 -3.168927455223322678e+10 -1.944489893059548187e+10 2.079540951111925125e+10 2.224738913975462723e+10 2.411570921308667183e+09 2.760370050954460144e+10 2.654632362876418686e+10 1.207268910576016998e+10 2.711155859435482407e+10 1.854995602575261688e+10 7.915985322250560760e+09 1.539940808840654182e+10 3.430329824011428356e+09 3.079886192565797806e+10 4.649122851229721832e+10 6.253911612363925934e+09 2.036412246682143021e+10 9.580830959807619840e+17 -7.439952667684742400e+17 -2.101235557353425920e+17 -3.730838383976704640e+17 5.617707201182516224e+18 -1.096314747328342080e+17 -9.725401363189396800e+16 1.710951388963921920e+17 4.093819957367498880e+17 9.677942670150741760e+17 1.150079099705235328e+18 4.001154240150424500e+15 3.511593260036759680e+17 3.842376785701952640e+17 2.687011587728288768e+18 -1.150095204676001440e+17 -1.212935586516834400e+16 4.105562660554128000e+17 2.725374426875395840e+17 -7.327562820377828800e+16 -3.431790481699940480e+17 5.245149222617486400e+16 1.808552974919329600e+17 -1.575609767187927360e+17 1.624697009381571200e+16 1.480959422493324800e+17 6.493386034470363200e+16 -1.846210656719200000e+17 -2.385884244330530800e+16 7.755901109360301250e+14 1.087914853484490200e+16 -9.993754541705398000e+15 5.651762454200668800e+17 2.093739853894704640e+17 6.087724325401383680e+17 9.965765444844334400e+16 5.807126188637425600e+16 2.575295054695540400e+16 -1.794767048909235200e+17 5.645643338625999200e+16 1.001688741421824480e+17 4.033728078332750400e+16 7.050150435245139000e+15 -2.031425344952562560e+17 1.186349250870135750e+15 1.081616308084944320e+17 6.317129197378900000e+16 4.523017756302377600e+16 -1.447070048223415200e+16 5.921128320773183200e+16 1.198984351030236800e+17 1.448698818758157440e+17 5.928375706420224000e+16 2.452312596369189760e+17 -5.790050339903102400e+16 6.536028138216865600e+16 2.031877422026782000e+16 5.789905361175153600e+16 -1.015128414519023360e+17 -3.870284680156111200e+16 1.482897742276827520e+17 1.882619826928572400e+16 -1.553143886887492250e+15 2.241108298616882400e+16 -2.469154317516101200e+16 -4.039096964019316000e+16 1.031263859518278080e+17 6.553272473630975200e+16 -1.232901182941813800e+16 2.090674173309035600e+16 -7.974379404302273000e+15 -3.588013135787491200e+17 -8.012531367959342400e+16 -2.480998951015683200e+17 6.615078319083158400e+16 5.730503262405924800e+16 -2.222921371458704000e+16 1.734782616285805440e+17 7.979636853629454000e+15 8.928728479709968000e+16 4.912793685139816800e+16 1.442649220759845800e+16 -1.811030048817689600e+16 -3.541254695377150000e+16 -1.598248136394764000e+16 5.097222049860877600e+16 3.147100908825762400e+16 5.833270343887692000e+15 5.948385965024204000e+15 5.288421417047386000e+15 -1.577587826670188800e+17 -2.475498516797288400e+16 7.666303890276899200e+16 6.505230176102103200e+16 3.924416648292808750e+14 -3.872260011721046400e+16 -3.558476275171404000e+16 4.085155767385965000e+15
6.048178497714498047e+12 6.259826088032860352e+12 1.998889876482219727e+12 4.870125738386854248e+11 1.652305948378007698e+10 7.344621975988757324e+10 4.554434222912559204e+11 3.913355418697927246e+11 1.244388468796191864e+11 -3.729891159523327637e+10 1.184811615421147919e+11 1.049725029558096466e+11 -3.617506161430414581e+10 -1.155557373510158539e+11 9.393919184824461365e+10 -1.509519382407960510e+10 7.878595963867990112e+10 1.034701329111758423e+11 -1.179421565016893768e+10 7.913720327839128494e+09 -2.328581060255472183e+10 -6.905605142857196045e+10 3.421619154670096588e+10 3.094929319005104828e+10 -9.328820279399555922e+08 -5.033818787306640625e+10 -5.707459865424699783e+09 2.346175086989225006e+10 2.852650451205919266e+10 8.995464263872915268e+09 1.507449809733391953e+10 6.184668575622847748e+10 -2.555642897761157990e+10 -1.321361888512246609e+09 2.439219589418992615e+10 2.771792135127217102e+10 7.504581484292320251e+10 4.359623901018238831e+10 -2.422042702925235367e+10 1.606142067439524841e+10 -3.321727416384017563e+10 1.743896648668972015e+10 2.937267759395584106e+09 1.630285509965197372e+10 2.557636931120898056e+10 1.425135197443689882e+19 4.953725100995329024e+18 3.760114519343696384e+18 -9.754094788738579200e+17 5.819531431419236352e+18 2.433129182317450240e+18 -3.084666417455329920e+17 3.857733034772709888e+18 6.937326406630602400e+16 -1.056209499548752960e+17 1.864782521105512192e+18 2.415128441402028800e+17 2.406051461990407168e+18 -1.317763383375315040e+17 -1.150095204676001440e+17 1.036728406620806554e+19 4.173418327866909440e+17 7.145376409849027200e+16 6.509074683864919200e+16 2.182700087263577600e+18 -2.284468654015593600e+17 -4.886412482738900800e+16 -1.488571227606341760e+17 1.948246993397014784e+18 -6.965356310721271200e+16 3.680916212031111000e+15 3.470602010637854400e+16 3.629848604184697344e+18 -1.902513790885561600e+17 8.531061383656204800e+16 8.613655713724174400e+16 5.030454966102961600e+16 -5.184115543786619520e+17 9.233487484081195200e+16 2.005421528969902848e+18 -4.923579411655052000e+16 -6.172579964228161600e+16 7.250715084861337600e+16 1.617960700157223168e+18 -1.433997370623650400e+17 -3.359405407909991600e+16 -2.773740004351515200e+16 -3.571029749077816800e+16 3.324094981138514944e+18 -1.520831426770527200e+16 -2.029092202320910800e+16 -6.559844373694199200e+16 3.939781117459081600e+16 -6.588464925487108000e+16 3.964612535779926400e+17 -9.751024982146892000e+15 7.344019621989510400e+16 1.904977469001026240e+17 1.386091649641753600e+18 1.891577161054662000e+16 9.233854851295300000e+15 1.107925484219858375e+15 -2.225654592543404000e+16 1.182890297591802112e+18 -1.518075750999879680e+17 1.231461250403429500e+15 2.493549052363390000e+16 7.210619323863470000e+14 5.862687889081864800e+16 3.146823020697988608e+18 -1.334719814551734080e+17 2.472478542043952800e+16 -8.281171182840327000e+15 -3.498255323681908800e+16 2.953031469307062000e+16 4.745567168400437600e+16 1.780884177676773760e+17 -6.493640294711853600e+16 8.433765821593153280e+17 -6.674375737614455000e+15 3.254619020558206000e+16 -2.536633832723992400e+16 2.870932955043127600e+16 -1.331208946890988160e+17 1.318786929055783600e+16 1.660790144696145600e+16 1.470978052869394600e+16 2.712026109655246400e+16 1.297580291558740480e+18 -9.939836190480646400e+16 -2.450731777908879600e+16 8.221187465688565000e+15 -5.284926437246911200e+16 7.510898317610889000e+15 -3.620816116841547200e+16 3.121884185472411648e+18 -6.029443962499276000e+16 8.710540941667571200e+16 1.944853948454325200e+16 3.719878477582349600e+16 -3.032996770268967600e+16 3.486131583965589200e+16 1.446443139981994240e+17
-1.408292822581695801e+12 1.331803660185683441e+11 1.336047425746061035e+12 1.614432926753244141e+12 4.669945572315520020e+11 1.431244645173920288e+11 2.870006709965596313e+11 4.088065648241969604e+11 1.951997629955765686e+11 9.363877287352626324e+08 -1.202061114245189056e+11 -4.412214781787428284e+10 -7.804454926491484070e+10 5.833483485662375641e+10 8.815752592304475784e+09 -2.853576798211302185e+10 -1.659800089000595093e+11 -5.785848437691349030e+09 -8.846583044148233032e+10 -2.246941201595898438e+10 1.793950027830144882e+10 1.366282022372630882e+10 3.476814938717778015e+10 3.721400476095758057e+10 4.971963184420320129e+10 4.182793922325710297e+10 5.888735107089556885e+10 5.993825439426448345e+08 2.664218133469429398e+10 3.744484124231008911e+10 4.502555487755963898e+10 2.655278542053995514e+10 9.374341055919879913e+09 3.563143323752818584e+09 1.084678044170697212e+10 -1.235335862928234482e+10 7.662371519799336433e+09 2.614938923130532801e+08 1.723523860346720123e+10 1.056595068451504135e+10 1.386683931857605171e+10 1.732167698250366211e+10 -6.137625735599173307e+08 -8.849536533891685009e+08 1.476048404908357620e+09 -2.569369439039742464e+18 1.451339984636666880e+17 1.833588544579087040e+17 3.412388905616619520e+17 3.405623892033377280e+18 1.708910879693729280e+17 3.329383662975114880e+17 2.834865815304875520e+17 1.809578585913089280e+17 2.222135709073690880e+17 -2.906628823309761280e+17 2.308844276290800320e+17 1.343864281807878080e+17 5.252630267757313280e+17 -1.212935586516834400e+16 4.173418327866909440e+17 3.129608253801220096e+18 2.784915878056231360e+17 3.522430384963331840e+17 1.330475023073350400e+18 1.479368342669005760e+17 1.657600536075173760e+17 3.679779254090951200e+16 7.146404554182691200e+16 3.921458993771573760e+17 1.047810189558366720e+17 1.273958092614841760e+17 2.236871481080471600e+16 2.118433467226898240e+17 -5.791347628170767200e+16 1.293290982900119200e+17 -3.442200548360741200e+16 8.697874469511254400e+16 -2.277575442879996000e+16 5.063088767805879680e+17 2.123732532677947200e+17 2.333185892188846800e+16 8.662198680517600000e+16 -2.729812495720476000e+16 1.619956767178694080e+17 -8.356542852088146000e+15 1.876663373265631600e+16 2.153384623187794000e+16 7.413905535212217600e+16 2.183977859573402240e+17 -4.818918726122744800e+16 4.853170635632522400e+16 -3.079527582769376500e+15 1.437362042351187200e+16 3.508031335189674880e+17 8.204427790434634240e+17 3.596642624890849200e+16 1.113260901759786400e+17 -2.114968554724373440e+17 1.597768554011384960e+17 -1.707034518828802000e+16 3.724107390173769600e+16 -2.971107106351173200e+16 -7.051497682735546400e+16 1.724228765459728960e+17 3.127866291165465200e+16 7.453701274768808000e+16 -1.398941450542614000e+16 -1.636785973255935800e+16 8.290649152948630400e+16 1.517533272227769920e+17 -7.779084527318224000e+15 3.364417387903394400e+16 -1.073347519435992600e+16 -3.250465059487857200e+16 -5.793271851096322400e+16 5.237202427688301440e+17 1.686079078157393280e+17 2.562153941836936320e+17 6.816939978197936800e+16 4.314133245825492000e+16 3.481951629710998800e+16 6.735844712655400960e+17 1.278838803241645120e+17 7.700020438288857000e+15 4.085073765616397600e+16 -2.514100798269442400e+16 -4.489809217788510500e+15 6.788112343986885600e+16 1.474818181030790720e+17 1.696930839308550800e+16 5.293929201064742400e+16 -3.118550749554722000e+16 -4.105247704706729000e+15 -2.017900557620728400e+16 2.690693518975741440e+17 1.860586732873002240e+17 -2.175524725512615750e+15 3.907816278602392800e+16 1.797738705734425600e+16 -2.249288569826797200e+16 3.176619206729420500e+15 -5.960360495253108800e+16
1.040011007203299805e+12 1.914386749552935486e+11 2.468110482988866882e+11 3.213370821403998947e+10 -4.549158569780129242e+10 2.808257545849844360e+11 5.704813057676770020e+11 4.472953366436078491e+11 2.690564733800716858e+11 4.793837077830262756e+10 5.532602475195771027e+10 -5.070628313236881256e+10 -2.921893650476543808e+10 6.543094900045765686e+10 9.481972079182937622e+09 -5.588847369091535950e+10 -4.330964450097677612e+10 -3.208030526044692230e+10 3.281128673384474277e+09 -3.174315599186530113e+09 2.661924819688122177e+10 -1.217658867705440760e+09 -3.259502105430754089e+10 8.189585836753906250e+09 -2.113169932804794693e+10 2.781415119556803226e+09 3.089115742793065643e+10 8.614030726404199600e+09 6.042999142903538704e+09 2.281590722690938950e+10 -5.218697873712690353e+09 4.164150200780534267e+09 1.731343400470998383e+10 9.622122218789581299e+09 1.853446948971404266e+10 -3.420873376227570534e+09 1.163046379869169474e+09 -1.503250792597936869e+09 2.527964886030141830e+10 7.885155112008146286e+09 3.065280606313033104e+09 1.708966563762451172e+10 1.300676440231028748e+10 1.709236835361773109e+10 1.085984185436011314e+10 2.579982574235297600e+17 -3.821133597482314240e+17 -2.594735699997959040e+17 3.858509154094340480e+17 2.844387429630789632e+18 8.824210625327452000e+15 1.103662489413931360e+17 -1.218670403177620000e+17 6.242196960452205600e+16 5.445118948840108800e+17 4.043663594279529600e+17 -1.688821059439028600e+16 2.759665918302710080e+17 1.657510238796099840e+17 4.105562660554128000e+17 7.145376409849027200e+16 2.784915878056231360e+17 1.841647306890217216e+18 5.342322330756870400e+17 4.150348615482442880e+17 7.643411661390865920e+17 8.784391768890022400e+16 4.303018154823832000e+16 9.589774354573963200e+16 4.478796050049465600e+16 2.712716566037609280e+17 1.529102824554119360e+17 7.776599509592032000e+16 1.799736423824693800e+16 6.618360841635248800e+16 1.031275597496590880e+17 2.327302416636134800e+16 3.399621562589249920e+17 2.043613233382272000e+17 3.423253449936683520e+17 -4.486787152402808000e+16 8.914644979216600000e+16 7.220676187940113600e+16 -8.394541028600464000e+16 1.153696050255034800e+16 6.489758248305096800e+16 5.358756080804236800e+16 -9.437708680919768000e+15 -7.770452497072465600e+16 4.047846516883479200e+16 2.084706917941868000e+16 6.400716606265433600e+16 6.995820309439985000e+15 -7.187823223536164062e+13 -2.381474390260445440e+17 5.274495988731957600e+16 6.659818350478704800e+16 6.859701899781891200e+16 4.604186239612046080e+17 -2.886795575951408800e+16 2.576351448848783600e+16 6.891357792551448000e+16 2.558543680248396000e+16 -1.477353800941010880e+17 -1.786195958269086750e+15 5.761470319467120000e+16 4.267615985791196800e+16 -1.449326172493634600e+16 -2.032505243786981200e+16 -6.511160003910521600e+16 -4.613440582600279000e+15 4.688285337729791200e+16 8.809037823942894400e+16 -5.849895929396910000e+15 1.854329799671839750e+15 4.074336247988084000e+16 2.477481490579707200e+17 9.633741967704770000e+15 -4.645091117280771200e+17 3.555937126983473200e+16 3.710512017427668000e+16 1.660292303397052200e+16 4.231923393549386880e+17 -8.368178944858636800e+16 3.426187205655727200e+16 2.239956895591227600e+16 -2.825085194227143500e+15 1.147223129324955800e+16 -1.253012868374700800e+17 -2.330626809958750800e+16 3.378756704716250800e+16 6.040960527915940000e+16 -2.159086858117789250e+15 9.610486924947640000e+15 3.772529875352133000e+15 -2.167529596316702400e+16 1.111943277628636200e+16 3.733080491174865600e+16 3.942258180699850400e+16 -2.267759760647048800e+16 -4.409078428009610400e+16 -1.380916491574779400e+16 1.858882854609923600e+16
9.359513177341431885e+11 1.955372922030473633e+11 9.734559388220012207e+11 8.832200834308750916e+10 -4.775051738438213501e+11 -1.490204372713759232e+10 5.555862510719936523e+11 6.558078831950933838e+11 2.614124127224987488e+11 5.321978626192421722e+10 8.530104440904992676e+10 4.289185353556239319e+10 3.912907046498788452e+10 9.559140356308950806e+10 1.222243805293658829e+10 -6.139857574202521515e+10 -6.442499147922914886e+10 -2.313456052512617493e+10 2.250536617327198410e+10 2.945558482931736374e+10 -2.345846628161373138e+10 -7.270067225609629822e+10 -3.090066790086228180e+10 -5.178201097690242767e+10 -4.363328105114472961e+10 3.854596241682433605e+09 -5.079579846806578636e+09 1.356651875000680733e+10 4.508842340264718056e+09 1.960448174236322784e+10 -8.510096169550539970e+09 1.311055677651682854e+10 -2.377904488946772003e+10 -4.287412476259799957e+10 3.339420186373746490e+10 -4.605648065824578857e+10 -1.426105474331169701e+10 3.498195257710904479e+08 -2.529571085455961704e+09 -1.256574212148283386e+10 -9.346748076414148331e+09 -1.006169571989390945e+10 4.273376910540421009e+09 -2.096295375721249580e+09 -1.513348784481559372e+10 -1.874341982458575616e+18 -3.988920641435550080e+17 -2.416490798669713600e+17 -4.908826382487605120e+17 2.333793521922478592e+18 1.284723495414992800e+17 -1.031853251314447680e+17 2.375969034728551680e+17 -1.857446153553275840e+17 5.283138018852796000e+16 -1.893579938385884928e+18 -1.430712001255547840e+17 8.431520020164548800e+16 1.305572625124962400e+17 2.725374426875395840e+17 6.509074683864919200e+16 3.522430384963331840e+17 5.342322330756870400e+17 3.883141075714315264e+18 -3.179440020712245760e+17 9.136946152338225920e+17 2.135922700141118000e+16 3.012967809557677000e+15 1.199115967496432800e+17 4.774615932393376800e+16 1.356710704479418560e+17 3.960433703609975040e+17 -4.708512508767086400e+16 3.153466905243765600e+16 -6.801258325767160800e+16 7.382192133554662400e+16 -1.066488919158655840e+17 -1.130407097730060480e+17 8.280372421349747200e+16 -7.880837984985578240e+17 7.764895148888548800e+16 2.766433372524484000e+16 7.828938195066790400e+16 8.225049207383132800e+16 6.555712903133260000e+16 3.358765165246289600e+16 4.064644413549899200e+16 -1.628417413988099200e+16 -5.942633077994930400e+16 1.617935544916640000e+16 3.571820332372003600e+16 1.129889515822325760e+17 3.585154211604944400e+16 -4.605244365105556000e+16 5.903126147429600000e+17 -6.500697710786179840e+17 -1.463209418223089600e+16 6.478760419423414400e+16 8.588699563081756800e+16 -1.264503977063335600e+16 -2.996221867381457500e+15 4.738824052999504800e+16 6.661150073703862000e+15 5.895203633759558400e+16 6.138131251234524800e+16 -2.443850584520279200e+16 1.052537577506923840e+17 7.935287384944464000e+15 4.027875954692208800e+16 -2.787202813179703360e+17 -1.517012676266737200e+16 9.524072279178882000e+15 7.861333716195083200e+16 -2.985176679576322000e+15 5.970508533020596000e+16 2.150862902156226800e+16 5.559131231431996000e+16 1.921496782378493760e+17 1.759714018792702080e+17 8.518789895902528000e+16 3.712019906092338400e+16 -1.607896417279360400e+16 1.727681813469491200e+17 -3.890219207132545600e+16 8.237865819326504000e+15 4.067263842982664800e+16 1.315811218353105200e+16 3.711882457928340000e+16 -8.356718286975483200e+16 -1.528812810346449000e+16 -9.530623908620882000e+15 7.131243938119937600e+16 4.163185382228524000e+15 2.468519246591916400e+16 1.203161955669920800e+16 -1.203854333209360960e+17 2.838833736559303200e+16 3.740341191597973600e+16 3.899220328114433600e+16 8.536723146350519000e+15 -7.808860170471148750e+14 2.398042595797204800e+16 1.853901221892673200e+16
7.043948532379124023e+12 2.051420737365500000e+12 -9.436239279118486328e+12 -8.154328066726193848e+11 2.385714754742497559e+12 -1.267576212378540955e+11 -1.370852540141909668e+12 3.264181251158911133e+11 -5.095382659860131226e+11 -2.926791787838279419e+11 3.043286557235083008e+11 -9.087010405256973877e+11 -5.993046229616925049e+11 -1.478445982409757690e+11 -2.018219158683872986e+11 4.760116974878299713e+09 2.081389427009152985e+10 -1.762232622719726868e+11 -4.401033034414091797e+11 -1.095100117077816772e+11 5.050611081697117310e+11 5.724814011007382812e+11 1.387251164080677605e+10 5.061304396261274719e+10 -3.442563593607931519e+11 -4.920049079301185303e+11 -1.481253242348146362e+11 -1.112996572159288635e+11 1.701516688533228493e+10 -2.169159465472384644e+11 1.275424916413984680e+11 1.891333211647142639e+11 5.620867961285417938e+10 1.024764298564725037e+11 4.001491727239797363e+11 4.281032437456074829e+11 1.272822595336810303e+11 -2.273447561381553345e+11 -1.859350915896599731e+11 3.368572137099667969e+11 -1.652816313205390549e+10 8.272035467622773743e+10 6.090230249234390259e+09 3.479769033468317413e+10 1.041522113232410431e+11 1.042836829443160474e+19 -9.778269303492886528e+18 1.115891279831045888e+18 2.785280237850354176e+18 1.922296592189161882e+19 -7.947349335804527616e+18 -1.322732219293730048e+18 3.238287439893719040e+18 1.274116132106407424e+18 1.246010317157838080e+18 -2.893448277017619456e+18 1.390557508386698752e+18 -2.276473765990168576e+18 1.730481937301599200e+16 -7.327562820377828800e+16 2.182700087263577600e+18 1.330475023073350400e+18 4.150348615482442880e+17 -3.179440020712245760e+17 3.132112945197198868e+20 3.983436772294005760e+17 2.395762779100813824e+18 5.133869517446474880e+17 2.639726503858731200e+17 1.283812419181457000e+16 -1.710580857474877760e+17 -2.497655287578927040e+17 1.190702845266622976e+18 8.393740955890592000e+17 1.212847737464657760e+17 -4.089028318329453440e+17 -2.031855049346446400e+17 2.830705180947056128e+18 2.006252068889525600e+16 -7.266970172246420480e+18 -1.858908123725433600e+17 3.570242711852963200e+17 1.896402527287139600e+16 -6.892203791644907520e+17 2.623144319197138240e+17 -3.774053050692014400e+16 3.379584387491703040e+17 -8.791191704460608000e+16 2.061891610311417344e+18 3.945028320775841280e+17 1.213324889181966080e+18 7.386379126682691200e+16 -3.464759525462657920e+17 -7.689534471513990400e+17 9.103952421161743360e+17 1.861438958001073152e+18 1.411138585227970560e+18 6.414998880999105600e+16 4.191947006107567360e+17 6.274866123828426240e+17 3.334262043082198400e+17 -1.374805805908799520e+17 -1.080782153818907040e+17 5.804183635423690240e+17 4.362587812838554880e+17 -4.602868267533356800e+16 -1.350632222465443840e+17 -1.588734726323168000e+17 1.261533329068268640e+17 1.244749655769958144e+18 2.996044761060823040e+17 -2.541024585123574000e+16 -2.936715510357127680e+17 -1.610281791831495360e+17 -1.351996823077338560e+17 -4.206723940421612800e+16 3.357013748540750720e+17 -4.955846556603960320e+17 1.894992535627607552e+18 -8.946504115926324480e+17 -4.512147987023775360e+17 -3.288941865203416960e+17 2.186441287391312960e+17 5.811006952098991000e+15 -2.032475579495853120e+17 -1.207523524809780960e+17 7.519206679567398400e+16 6.864420760826442000e+15 -6.428532481084152320e+17 -4.658579946716114400e+16 -1.823983602960393920e+17 5.284856141428883200e+16 -3.571994565658138240e+17 -2.067128509527921600e+17 -4.128209599904204800e+16 1.962498466163124992e+18 5.383453953736126400e+16 1.086376910697025400e+16 -4.397400760001626880e+17 -3.523689732224079360e+17 -2.722260332079156480e+17 -2.542564478923889280e+17 5.586880172724801600e+16
-4.664838120507186523e+12 1.195184723267402588e+12 1.963336732838309814e+12 8.826069734165089417e+10 2.593299785896639160e+12 5.685336832664615479e+11 8.967900146258784180e+11 -2.232903451487099457e+10 8.191754296249892578e+11 4.313195188115321350e+10 8.938669429643353271e+11 5.299218927358367920e+10 8.694296920909649658e+11 6.557428395743653564e+11 3.303890357513732910e+11 -2.776581480896042480e+11 -3.901058986374183655e+10 1.388179986032360840e+11 4.655640734990794678e+11 -1.028388044199255219e+11 -4.070834158942419434e+11 -1.187954587622197723e+11 1.323893117786031342e+10 1.418445018601050110e+11 -1.608709819964130249e+11 -1.372285525833627625e+11 1.439242007547327576e+11 4.121439244819656982e+11 4.193960106249611206e+11 1.990400378830821533e+11 2.213830054627392273e+11 4.100410762564998627e+10 1.658238924572069702e+11 -1.377059307768133850e+11 1.298636335870886230e+11 1.505056770001469116e+11 4.261892996153871155e+10 2.450487402063993835e+11 7.050032778335906982e+10 -6.573645072808592987e+10 7.760033089025054932e+10 1.403024161334035339e+11 4.196179866574728394e+10 -1.219791738558160706e+11 -3.748663801067943573e+10 -3.796727378331840512e+18 9.568818547807254528e+18 2.618367004692588544e+18 2.155163725555029504e+18 2.970794732025435750e+19 3.640755643619625472e+18 -3.086936819220899200e+17 5.694683993601207040e+17 -2.825362123252160960e+17 1.191444049932968448e+18 3.787886886937536512e+18 -5.298507787451733120e+17 3.685704883579291648e+18 4.117721833580380160e+17 -3.431790481699940480e+17 -2.284468654015593600e+17 1.479368342669005760e+17 7.643411661390865920e+17 9.136946152338225920e+17 3.983436772294005760e+17 1.649567896737282458e+20 1.986101118796030976e+18 -4.513972554913627200e+16 2.666892755797225984e+18 -5.572662719778117120e+17 -1.300563929038715840e+17 3.024018168160753280e+17 -8.178701885935037440e+17 -1.516487891509039040e+17 -1.439571504319156480e+17 -2.489499405057531200e+16 -2.141681861518195840e+17 2.404016495978898944e+18 3.106748255941408640e+17 5.157333980285479936e+18 -8.716152600887764480e+17 1.582598238814196160e+17 4.950551423301349120e+17 7.123477094294224640e+17 4.586131506076135040e+17 1.991395633704614080e+17 3.984401506544972800e+17 6.544296106459461120e+17 -6.018789186880058880e+17 1.245754318535642880e+17 -9.675069521921148000e+15 1.242294699148342880e+17 2.190679943230274880e+17 5.687197240151690880e+17 -3.562933949202646528e+18 -1.052399115736537120e+17 6.635467054485481600e+16 2.399097862251298240e+17 4.335885903511085568e+18 -4.734400797106413600e+16 -3.175124793785381120e+17 1.180759115007939520e+17 2.455336593832287680e+17 9.383364947890347520e+17 5.197655777770836480e+17 2.937592921233008640e+17 2.740213417998199040e+17 1.216424860583866880e+17 -7.438590137917395200e+16 5.979698895484707840e+17 4.075065263659370880e+17 -2.141119268440896320e+17 3.730745714266921600e+17 5.544365478869011840e+17 2.887243691551865600e+17 1.788731180333262080e+17 5.618835827968271360e+17 2.905262706433067520e+17 -4.139213915661167360e+17 5.044012091468211200e+17 -7.963770307295892800e+16 3.492855496106962800e+16 3.109319105015606784e+18 3.500811590997571840e+17 2.974990242534544640e+17 9.891564642833483200e+16 6.248162169156240800e+16 1.999375997003573440e+17 1.319987677189423360e+18 5.299119859671201920e+17 3.832255853901933440e+17 2.666811416181352960e+17 2.482305068092792320e+17 2.653707918821352960e+17 -1.269664903989212640e+17 1.266585584352851680e+17 1.169982312437812640e+17 1.786830961145741120e+17 -1.184373817070320000e+16 -1.776429285269817600e+17 -7.221272978594217600e+16 4.550847748781669600e+16 -8.511829776283584000e+17
-6.847299849891048584e+11 9.057313477668604736e+11 1.351919977920393524e+11 1.519095252533541504e+12 6.317967272142950439e+11 2.483829699685393372e+11 8.929347011404124451e+10 -7.553030703660185242e+10 2.317499012806415405e+11 2.310573146129397888e+11 3.945738000860025787e+10 1.903440731251671612e+08 -1.009017125604140282e+09 9.964499324712092590e+10 -4.834144137554630280e+10 1.335834527061562042e+11 -3.136104223732319641e+10 -2.601701857649622726e+10 -5.242068083526255035e+10 -3.503589704386749268e+10 1.766512991706764984e+10 4.163681758354330659e+08 -5.534086887054834366e+09 2.219591270009017563e+10 2.111495753912484646e+09 1.819241826882669449e+10 3.240003718775580215e+10 -1.124116516651838493e+10 -1.391617102421855545e+10 -6.648897858275492668e+09 -4.156280583058156967e+09 1.218595775475811958e+10 3.965558554759938049e+10 -4.977479456071521759e+09 2.039970946604278946e+10 1.821047145007553482e+10 -1.101501426511545563e+10 -2.870486313820449352e+09 6.189351189215323448e+09 -1.620520306995816422e+10 1.544662963765166044e+09 1.448949703996125793e+10 -8.742201032139097214e+09 -2.021163482675032377e+09 8.729066879252973795e+08 2.551584925983435776e+18 3.640327065563361920e+17 5.496511108716199040e+17 1.217165802232631296e+18 7.196449159742769152e+18 1.276719050367544320e+17 5.400318340211719040e+17 2.299927617409821760e+17 2.819257105585473280e+17 -1.115545766156764800e+17 1.296370867425286144e+18 3.133248894783878400e+17 1.276747325638970560e+17 5.036170732675475200e+17 5.245149222617486400e+16 -4.886412482738900800e+16 1.657600536075173760e+17 8.784391768890022400e+16 2.135922700141118000e+16 2.395762779100813824e+18 1.986101118796030976e+18 4.245973739500726272e+18 4.246111958680558720e+17 -1.566848476216899520e+17 3.848519043747973760e+17 4.096721641353412000e+16 3.201102746147261600e+16 -1.148674457013324000e+16 1.898913907294064000e+17 8.465715998056864000e+16 1.548171657390472800e+16 3.157701513073614800e+16 1.557017203788830976e+18 2.905928997381782400e+17 5.375347151557731200e+17 2.290094601550074240e+17 1.166119119642628000e+17 6.800009857755646400e+16 -3.297426785879252000e+16 1.200791958021041600e+17 4.317636801439232800e+16 3.325329716809100800e+16 6.937142161430428800e+16 -1.064781877686960800e+17 1.495701755385904640e+17 5.233807486945779000e+15 4.070599496737937600e+16 7.855604035952670400e+16 6.680674852750459200e+16 -2.233052710511420160e+17 4.067680038505789440e+17 -3.797248796951628000e+16 -1.657225645825383750e+14 -8.575299406060414400e+16 4.177147544427698400e+16 8.644505879951630400e+16 3.531127731636646800e+16 6.241251658544156800e+16 -2.083718700967990080e+17 1.313330513413116640e+17 8.263754563164641600e+16 -2.119198370037221200e+16 4.966769530782688000e+15 -2.393848658207319600e+16 -7.747593212944185600e+16 9.876174798809288000e+16 4.282541436934440800e+16 1.775914654747401800e+16 -2.716975482039815600e+16 -2.151766909918854400e+16 9.610312904349268000e+15 4.062426647860124000e+16 7.687179148833003200e+16 -1.358440128745218600e+16 7.495873973068596800e+16 7.228719645019147200e+16 8.264641806774928000e+16 -5.092335624747768960e+17 1.854252780053850560e+17 4.522567344479133000e+15 4.692708188410708800e+16 4.091021063134633600e+16 -5.409292454272774000e+15 1.079946001069155520e+17 1.530125772429485440e+17 4.391020396731207200e+16 2.531068096644192000e+16 3.868637417076540000e+16 2.448138721177771200e+16 3.086806071664577200e+16 2.778910239392846000e+16 2.007837239096558400e+17 8.235892542978761600e+16 1.090207045840190600e+16 -1.780744826136190500e+15 5.275984753374361000e+15 1.661311003248312800e+16 1.116272664524271040e+17
-1.664703811750651367e+12 -2.848108121060464478e+11 6.165038574831729736e+11 3.462826319653337402e+11 5.436166682842815552e+11 7.220945579282945557e+11 4.654614261608709717e+11 6.552806429399937439e+10 9.662621129461677551e+10 1.127985464580579681e+11 5.862085839610748291e+10 4.414798358679636717e+08 -9.354718301422164917e+10 4.475726505824058533e+10 2.475962121468102646e+10 7.404135891689417839e+09 1.312634956188932037e+10 3.011892577683495998e+09 6.693268995246472931e+10 -1.546221433064339638e+09 2.783529047679075241e+10 -1.697539298832771492e+10 -3.521558120318653870e+10 2.917151896247094631e+09 -1.153183993863408089e+10 -5.527959036791973114e+09 2.020354539217009354e+10 -5.004757099139148712e+09 -2.610994437748905182e+10 1.897231115905356216e+10 -5.254981399488031387e+09 2.459614214563941956e+09 3.171272805644429684e+09 -4.969662603360929489e+09 -6.065920897425395966e+09 -1.577927539077295876e+10 -4.057566653313049316e+09 -1.843820296005304337e+10 -1.062816043774912262e+10 -2.490798706568583965e+09 1.612136833442004442e+09 -1.998299297666242218e+10 -7.176361200747180939e+09 -7.713966404529361725e+09 -6.007109651952037811e+09 3.959312159821393280e+17 -5.768090830235006720e+17 -3.550443605121201280e+17 2.540182771306938880e+17 2.543801939815791616e+18 4.058145406850200500e+15 2.641568461106254400e+17 -6.552676396219125600e+16 -8.122166626431097000e+15 -1.744605789317182400e+17 2.678059859890815680e+17 3.413351302022073600e+16 2.097091035342254720e+17 2.254702253508280960e+17 1.808552974919329600e+17 -1.488571227606341760e+17 3.679779254090951200e+16 4.303018154823832000e+16 3.012967809557677000e+15 5.133869517446474880e+17 -4.513972554913627200e+16 4.246111958680558720e+17 1.945651388559635200e+18 -1.341276388413647800e+16 6.060821707007660000e+16 1.468985762632106560e+17 -1.774503752640091000e+16 -1.041543255539181120e+17 9.976233937679635200e+16 -1.078303349121230200e+16 7.323669036416179000e+15 -9.874810430661050000e+15 4.569612634131857920e+17 4.053690881817719040e+17 -2.402076938444454080e+17 8.387843171468164800e+16 1.471447289474439040e+17 -2.975165531891207600e+16 1.095732179352903200e+17 -8.973584325092507000e+15 5.440036223785248800e+16 2.209162070457652800e+16 4.692071327233082400e+16 -1.573809510594695680e+17 -2.849377499279684400e+16 3.197107568072222400e+16 -2.154296304566386400e+16 1.713632024579352800e+16 2.285899700281548800e+16 9.902753746243385600e+16 6.697104873531979520e+17 1.041081217184964320e+17 7.174288806560823000e+15 1.905263688785616000e+17 6.781973225099517600e+16 6.359670827074831200e+16 1.365864789824909400e+16 -6.523591054696953000e+15 -2.690117211332927600e+16 6.806284308073949600e+16 4.503561502388612000e+16 -1.483049975243650000e+16 2.683785002838324400e+16 2.771391543749289500e+15 7.242756889743662400e+16 1.017619723903609920e+17 1.028808318630445120e+17 9.751519378978834000e+15 3.155089888580684800e+16 -1.086473319530078600e+16 -3.427876406051865200e+16 8.152198563511331200e+16 5.441513556384200800e+16 -5.596495266572360800e+16 1.196371027374652160e+17 5.613462002926461600e+16 2.766642669917064400e+16 1.146421128566342080e+17 6.021688770726144800e+16 5.510086015088855200e+16 -7.760915455833615000e+15 2.234777480734232400e+16 2.218504846496741200e+16 3.587781294204648400e+16 6.283238527924266400e+16 7.690220322622091200e+16 3.352278378873767600e+16 2.317166864109094000e+16 2.241370382313741000e+15 -1.682533650630277200e+16 -2.093361714774915600e+16 1.144106449611385500e+15 5.734788729630794400e+16 2.987283080787846000e+15 -4.659774051840422000e+15 -2.113646607131218400e+16 2.122032281778816875e+14 3.804191021143886400e+16
2.005953119552972412e+12 4.920680074628671875e+12 2.288024141802737305e+12 1.017415946733321381e+11 3.901796205121284790e+11 -5.442183918851636505e+10 1.881185047696489868e+11 1.701035660959931641e+11 3.125786955344608154e+11 8.403814979681556702e+10 -1.967041021922471313e+11 -6.529743328678752136e+10 6.983730464889512634e+10 -3.283581521063047409e+10 1.149569747776441193e+11 -1.962395720146030426e+10 1.380749714468517876e+10 3.044904009708790970e+10 8.513760125033244324e+10 2.527210657905563354e+10 -5.494369693220519257e+10 -4.380049185566973114e+10 6.539710128605111122e+09 2.210868562293743896e+10 -6.226855605208284378e+09 -2.020450928161723328e+10 5.829314616595272064e+10 3.499873580194334984e+09 6.524277397758719635e+10 1.555003423517531776e+10 4.473899337807530975e+10 1.853605003380230331e+10 6.246978118649113655e+09 2.869175444262514114e+10 5.695739036868644714e+10 -2.396185473355929565e+10 6.388128615380156517e+09 1.273346513063404655e+10 3.428352211758136368e+10 4.012444261130538940e+09 9.353866597404232025e+09 -9.241031316755313873e+08 -2.138374675398355484e+09 2.765792455289462280e+10 -1.673193540822588730e+10 5.479276745944664064e+18 3.462771758965408768e+18 2.143657721333040384e+18 9.918729122236614400e+16 -3.164288172696203264e+18 1.687465056035367680e+18 3.372034690896149760e+17 1.203937898019072512e+18 3.067871132692446720e+17 -1.188432766852386880e+17 -3.199356603451244160e+17 5.559548254580085120e+17 1.353719332797475072e+18 2.237664819530559200e+16 -1.575609767187927360e+17 1.948246993397014784e+18 7.146404554182691200e+16 9.589774354573963200e+16 1.199115967496432800e+17 2.639726503858731200e+17 2.666892755797225984e+18 -1.566848476216899520e+17 -1.341276388413647800e+16 6.364517711743042560e+18 1.165301900050567680e+17 1.244505392299261440e+17 1.102292152386549920e+17 1.854987444293616640e+18 -6.705769331472136000e+16 1.852455851977461120e+17 -3.163032740148723200e+16 8.454050489828292800e+16 -3.259470689403496320e+17 -7.243209832124214400e+16 7.586689271683724800e+17 9.457586919579952000e+16 4.090497190838294500e+15 8.320947083178105600e+16 1.341613578825736192e+18 3.853932823052297600e+16 -3.199975207871706000e+16 4.186505999699964000e+16 2.900422986129139600e+16 1.084582631615553920e+18 -5.348264826284056800e+16 -2.380690249974393600e+16 2.463118009246128800e+16 -2.295777065547739200e+16 5.849677168587812800e+16 1.440117730069356160e+17 -1.006654239394651648e+18 1.149680635854124800e+17 7.188031879412281600e+16 1.136493595959197440e+18 3.031196589231216400e+16 -2.135082382585885200e+16 2.466221067713186800e+16 -1.817189725788492400e+16 1.294622149650624512e+18 -6.877260650243281000e+15 2.983729203021495200e+16 3.606097860204748000e+16 -3.854617088573471200e+16 6.024512295482484000e+16 1.081607364912004096e+18 3.863979677217001600e+16 4.792796179161822000e+15 -1.550783564201362400e+16 7.708544588859689000e+15 2.509679079978635200e+16 5.524563011169736800e+16 1.156904270546338560e+18 2.843686143990434500e+15 6.995902103001708800e+17 -7.946997107313944000e+16 8.195273529488544000e+16 5.195863470103803200e+16 6.195975521874269440e+17 -1.012090754362884000e+17 -4.910556194049590400e+16 -7.859910236058609000e+15 -3.062409299226077600e+16 -4.554107855132068000e+16 1.122758853997028608e+18 -1.210448148477258400e+16 -2.872158674559554800e+16 1.437972436808750800e+16 -3.325805384399554400e+16 -2.825632913197812800e+16 1.533656942144089800e+16 9.710386145646977280e+17 -1.471000702014072400e+16 -1.528468606113165600e+16 -9.621703426448694000e+15 -4.216599235647502400e+16 -8.655743767842389062e+13 -9.346935313619926000e+15 1.089851871271512960e+17
-1.166110398267733307e+11 9.766837290340579224e+10 8.319733440505423584e+11 1.617443356753682129e+12 4.836309619219556274e+11 -1.125200585637775993e+10 7.562770263400268555e+10 1.816076830453916931e+11 1.922814615902677002e+11 1.331330966505859375e+11 6.158341036764358521e+10 -3.386206130577751923e+10 2.180762289038900375e+09 8.503047098821047783e+09 -4.239608768824062347e+10 6.114196918557557106e+09 -4.970447326954872894e+10 9.407349156885931015e+09 2.480819305341243362e+10 1.983928752680393600e+10 1.660223199591133690e+10 1.969546524289144135e+10 3.491828859772534943e+10 4.293631562797199249e+10 -3.711817241443221569e+09 1.187460388379905701e+10 2.546171511194134140e+10 4.647206013529438019e+09 2.002687428558031082e+10 7.714699579076562881e+09 8.182539872874066353e+09 1.546352956952865028e+10 2.203189019662911606e+10 3.057383464981428146e+10 1.723012886078719711e+10 1.345127205953668976e+10 7.369353807758796692e+09 1.099768853221685219e+10 7.483400176457535744e+09 7.523781840799414635e+09 1.893146260578092575e+09 1.121809698114964485e+10 4.192411574714340210e+09 -2.336690092932674885e+09 1.088031753324036407e+10 -8.506776929464602880e+17 1.454151362483740160e+17 -1.162162054897349440e+17 1.956825006192903680e+17 6.693437717415651840e+17 -1.199865458664829600e+17 4.794195022367356800e+17 1.097489102638576000e+17 1.245872675983644160e+17 -8.012620254310412800e+16 5.695399272602238080e+17 3.421023641483870720e+17 -1.755300869645891200e+16 2.337995266772931840e+17 1.624697009381571200e+16 -6.965356310721271200e+16 3.921458993771573760e+17 4.478796050049465600e+16 4.774615932393376800e+16 1.283812419181457000e+16 -5.572662719778117120e+17 3.848519043747973760e+17 6.060821707007660000e+16 1.165301900050567680e+17 1.295065870263411200e+18 9.807215193314449600e+16 7.222383205621192000e+16 -6.206599027750348800e+16 2.868427798040325440e+17 6.099863572330730400e+16 5.086512969051615200e+16 -1.141593614862699000e+16 5.249878624631183360e+17 4.514657272102812000e+16 3.832260945460063360e+17 3.026267572075580800e+17 7.221727889686954000e+15 2.989713377635751600e+16 -1.307072924946739360e+17 1.913575087128035200e+17 -1.248638600334201750e+15 3.167675466446466400e+16 2.740777566012270400e+16 -1.700746382315775360e+17 1.787752156457910720e+17 -1.726034786250098800e+16 -1.014634665051706875e+15 1.609601075491936600e+16 -4.892994276828702400e+16 6.133073795896901120e+17 3.782036188640947840e+17 1.560428875418748800e+16 2.614243203792709500e+15 -1.479169466118257280e+17 1.451880620473802880e+17 -1.526223977581616600e+16 5.986604512859879200e+16 6.335367488241472000e+16 -6.855003786951958400e+16 1.817005626917806720e+17 3.760842613098262500e+15 1.682125162514982600e+16 1.387735961497368800e+16 -2.596283146508688400e+16 -1.445274901013178880e+17 1.864086350277907200e+17 -3.268208292183289200e+16 3.675993004139025600e+16 -6.440946395478730000e+15 -1.762306817581099400e+16 5.862584532562169000e+15 -3.168984663906668800e+16 7.313658709650468800e+16 -2.234422398437660800e+16 -1.007625625477593600e+16 5.812742740923489000e+15 3.672838399715481600e+16 3.786749934678117760e+17 1.089154878490267520e+17 -9.400991933624156250e+14 3.590268588082317200e+16 1.854432902724160800e+16 -2.855843720660766000e+16 -8.138153960435381000e+15 1.072183114791797280e+17 -2.690607474633171250e+14 3.287707690179779816e+10 -5.785952225243195000e+15 -2.280994831420150800e+16 1.609897143812196600e+16 -1.306979776762443680e+17 1.396179791511911520e+17 7.997146403164829000e+15 1.472692427965671750e+15 9.190896430523036000e+15 -1.017504776492249000e+16 1.128179824473812800e+16 -2.492231908349673200e+16
1.538855752693204346e+11 4.124873170050150299e+10 7.434985022365342712e+10 -1.657715278164445801e+11 2.234580069849938965e+11 3.873231548268025513e+11 4.270627243914937134e+11 3.098863061418692017e+11 2.289802324928765869e+11 1.679721079172228699e+11 7.544206393927438354e+10 -2.994538278558317184e+09 -1.853818901356096649e+10 -1.742526450418409729e+10 -3.497459422253530979e+09 -4.344695277055441856e+09 -3.552518695630538177e+10 2.388165852549765396e+10 4.528053940511467743e+10 1.211323855764356995e+10 3.148430526857509232e+10 -1.150157320401784134e+10 -2.340361715106395340e+10 3.298551730653575897e+09 4.082036665529824734e+09 6.140791495557415009e+09 1.527705150464650154e+10 3.625377550689426422e+09 1.526753616322004700e+10 1.039178623920206833e+10 -8.985419770938390732e+09 1.300290312834496307e+10 5.209118628164644241e+08 -7.459832528888957500e+08 -1.613797780645446205e+10 -6.750040884917000771e+09 -9.454293014600858688e+08 -1.189028267801943588e+10 -9.828320360563386917e+09 -1.485411778209627151e+10 -5.204897915180395126e+09 -5.926979561779058456e+09 -7.401369401388568878e+09 6.745135252185549736e+08 -6.168483914954257011e+09 5.877049350341543680e+17 -7.888916401955624000e+16 -1.886214450399436800e+17 1.186085817149376160e+17 2.006683269016630016e+18 -3.734979698885400800e+16 -7.316139461910008000e+16 4.718858728211528800e+16 7.480139721313009600e+16 6.404476254306830400e+16 4.594724015576979840e+17 -3.007320733218487600e+16 5.443001775862044800e+16 8.245168808018787200e+16 1.480959422493324800e+17 3.680916212031111000e+15 1.047810189558366720e+17 2.712716566037609280e+17 1.356710704479418560e+17 -1.710580857474877760e+17 -1.300563929038715840e+17 4.096721641353412000e+16 1.468985762632106560e+17 1.244505392299261440e+17 9.807215193314449600e+16 6.605665173530960640e+17 1.192173355992835840e+17 1.467123039073479360e+17 7.260915289315329600e+16 1.345953223313172800e+17 8.399416579287921600e+16 6.741701937193258400e+16 5.061355531602666880e+17 1.681631218124168640e+17 1.781338126741579840e+17 4.381243531135996800e+16 1.073246557334530400e+17 8.542013747785293000e+15 -1.320562602698521600e+16 4.199716523575056800e+16 4.123171266064491200e+16 4.342564335485975200e+16 5.574180052479620800e+16 -4.046034575733986400e+16 1.663096967953857200e+16 6.504888357233952500e+14 7.247165764769001000e+15 2.769391441655378000e+16 -3.253571114586038125e+14 -1.457555212789187840e+17 1.015669336206037760e+17 1.048161334382701600e+17 1.506584041399295400e+16 -2.540069633812869120e+17 1.772853878425178400e+16 5.221655029554548800e+16 6.444757104495584000e+16 3.519529575202760800e+16 -5.652001997466348800e+16 -2.751014435980092000e+15 3.109013951215986800e+16 3.750908694041613600e+16 3.722572254856302000e+15 -1.841193033854957600e+16 2.197817033213688800e+16 2.239429604676867600e+16 5.459372745596541600e+16 4.241312699731900800e+16 9.066451218447316000e+15 -1.078586360207940200e+16 1.343868227358868750e+15 7.438368144630291200e+16 6.133303062035040800e+16 -3.147927382850203200e+16 5.267153757972384000e+16 3.895062738484304800e+16 3.718999259450697500e+15 -1.381150692795173280e+17 -1.427715196832011000e+16 5.279557300032381600e+16 3.481624181676598800e+16 2.349585336826994000e+16 -6.344874630156417000e+15 1.273379705564564200e+16 -1.215248572872533000e+16 3.074857025503658400e+16 2.278043552901929600e+16 8.496529507327818000e+15 -4.988885917874752000e+15 -2.226003796979867500e+15 3.808772250689052000e+16 -2.104291054284337200e+16 2.875376817896392400e+16 1.586415806752631400e+16 -6.177402491079035000e+15 -1.796820760933404250e+15 -3.003623097354440500e+15 1.767291186780343000e+15
7.039197736100159912e+11 4.994644854476355553e+09 3.760620815248534546e+11 1.746876987539089661e+11 -3.523318225220925140e+10 9.396024016877691650e+10 3.352784916341596680e+11 4.425419192092501221e+11 2.552094509188699951e+11 1.817243139120033875e+11 8.527928818879589844e+10 4.157933804938703156e+10 3.724373885662212372e+10 5.348907987291508484e+10 2.170490286739733124e+10 -8.675279601853370667e+09 3.211567417495885849e+10 2.839813001026666641e+10 2.198806359704395294e+10 4.195481677929077148e+10 4.520384710744925690e+10 -1.021539169946419716e+10 6.558303749224693775e+08 5.409026643432913780e+09 -1.058990741407579231e+10 1.644152227112709427e+10 1.649847593910750961e+10 4.613411132981673241e+09 7.133371740098406792e+09 -9.211418658784889221e+09 8.951290503883445740e+09 1.708265597778558159e+10 2.943883489911428833e+10 2.140590582730965042e+10 2.325581268741897202e+10 -2.345521422527160943e+08 2.717426540404925156e+10 5.594123911253495216e+09 2.665348750926058197e+10 2.023527756233222580e+10 -6.898412872791928291e+09 2.085792306935553360e+10 6.639380959699941635e+09 9.895132776870362759e+08 1.351704839764536095e+10 -2.514979557334122560e+17 5.620704334155633280e+17 -3.410032243080284800e+17 3.447831349602724000e+15 2.234895686700252672e+18 -1.512311836022755200e+17 -5.207547994583682400e+16 -6.737892296656258000e+15 -4.626895180834775200e+16 3.148072043548415200e+16 -4.837553867596689920e+17 -4.013839061650943200e+16 4.196162262854645600e+16 1.621878824793545800e+16 6.493386034470363200e+16 3.470602010637854400e+16 1.273958092614841760e+17 1.529102824554119360e+17 3.960433703609975040e+17 -2.497655287578927040e+17 3.024018168160753280e+17 3.201102746147261600e+16 -1.774503752640091000e+16 1.102292152386549920e+17 7.222383205621192000e+16 1.192173355992835840e+17 9.771311246132725760e+17 1.099341996650434880e+17 1.879019993781110400e+16 5.326813575748941600e+16 2.314068825660503040e+17 8.607342375143692800e+16 1.897696129492672960e+17 1.055242453969674080e+17 -6.647841959414136000e+16 3.879178233636172000e+16 3.279661241114108800e+16 1.363910793685177440e+17 1.324302572757408600e+16 7.502082124912760000e+16 3.824884067769946400e+16 6.651040092718836800e+16 1.962520949287402000e+16 -1.447670383194617400e+16 -3.012509294011351500e+15 2.777146645889089600e+16 7.887480154419179200e+16 4.446648671264340000e+16 2.137685446805520000e+16 -9.518448563059758400e+16 2.309531095935639040e+17 6.091977137233621600e+16 9.701749412061825600e+16 -9.232926050915325000e+14 2.750667511830398400e+16 1.648842988702484400e+16 7.706725452814852800e+16 5.180161835167592000e+16 3.195118321305741200e+16 2.948075404927627200e+16 9.195416039355848000e+15 7.408608172882446400e+16 1.564567982267103000e+16 7.885826012754054000e+15 6.505857959563296000e+16 1.938048084756777600e+16 2.570913051916826800e+16 2.348564402508374400e+16 -1.400038383408869000e+16 -1.980638247538483200e+16 1.271759242943347800e+16 3.798841258323848960e+17 9.429872041766875200e+16 -1.456364428103724480e+17 9.091289780366254000e+15 4.836284496298832000e+16 3.198728592454826000e+15 3.930635384173863200e+16 -3.130242125768058400e+16 -3.081859022112559000e+15 2.883806721983380000e+16 1.380085426378615400e+16 2.281663375040112000e+16 4.435024446681759200e+16 3.708538636110306400e+16 1.481071150496340200e+16 3.910132759968285600e+16 -4.985949411699794000e+15 -1.859662881918423000e+15 3.564008997397512000e+15 5.843960288677370400e+16 3.229441185549770000e+16 2.532111461021668000e+16 4.123382773638790400e+16 -5.031720362708638000e+15 1.217574571500486600e+16 7.265269683466195000e+15 1.189876102787668200e+16
4.925897440318788086e+12 4.558028100252207031e+12 1.361588379454047852e+12 4.711982801589954224e+11 -1.569682276884678955e+11 2.509897035790843811e+11 2.163693454889896240e+11 7.184613824757022095e+10 7.183499987812701416e+10 3.538237055902597656e+11 1.265784110587123108e+11 2.130841847115432739e+10 2.152827992796339722e+11 -7.686295668996746826e+10 1.094760748988077393e+11 -1.051863937596433868e+11 -1.048723769989870605e+11 5.619901322426635742e+10 -2.905841307032757950e+10 6.341799198986824036e+10 9.659287717120132446e+10 3.828632551254320741e+08 -8.669808538049255371e+09 -3.540980618421856689e+10 -4.244461372214090729e+10 -1.850418678942657471e+09 -8.079366925345025635e+10 1.904051629256155396e+10 8.787687595392736816e+10 7.945206083971199989e+09 -7.419292327103679657e+09 2.849989141652486801e+10 1.670658181694157028e+10 2.812796599628456116e+10 -5.811565048525683403e+09 -9.365332652380273819e+09 3.912595097106626129e+10 1.330113407907525635e+10 -1.078802386032750893e+10 2.571533547483110809e+10 9.757762596198331833e+09 5.062927669543376923e+10 -9.191935667644685745e+09 4.492507446673567963e+10 2.267720259989018631e+10 1.182578315426122342e+19 3.485087643990387200e+18 4.080211740516422144e+18 -3.090861628900896640e+17 -2.749065956693767680e+18 2.079841846050694656e+18 -5.865235303781520000e+15 3.955340510943445504e+18 3.815632766460963200e+16 -4.987929657826074240e+17 1.124045810998753120e+17 -2.407130757996792960e+17 1.586014715509444608e+18 -2.423187141235017920e+17 -1.846210656719200000e+17 3.629848604184697344e+18 2.236871481080471600e+16 7.776599509592032000e+16 -4.708512508767086400e+16 1.190702845266622976e+18 -8.178701885935037440e+17 -1.148674457013324000e+16 -1.041543255539181120e+17 1.854987444293616640e+18 -6.206599027750348800e+16 1.467123039073479360e+17 1.099341996650434880e+17 7.153329407688208384e+18 2.369043183742906240e+17 2.905120779114224640e+17 4.112342947784438400e+16 1.644065555234507520e+17 3.761179131496129600e+16 9.836305712361262400e+16 1.109791795622789120e+18 -5.453802504415106400e+16 -2.052200301370334062e+14 3.579871268425736800e+16 1.784388829036815104e+18 -3.033398920545768800e+16 7.753807991571129600e+16 2.786450197373908000e+16 6.081664687204285600e+16 3.241390403941548544e+18 -2.323963017480909440e+17 2.943118659096916800e+16 2.534283864161914400e+16 -4.779281000532461875e+14 -1.406083215290914600e+16 4.976002866963978400e+16 -9.180146298518140160e+17 7.456183401255252000e+15 1.456332797325398080e+17 1.201051950165986816e+18 -5.103679783090303200e+16 1.549781190601961400e+16 -2.129943540707926000e+16 8.242857850868790400e+16 1.090118743596120320e+18 -4.867469736647102400e+16 -3.438457565265644000e+16 7.189858960639597600e+16 1.649532473812430000e+16 4.214055021490176800e+16 2.918106851843328000e+18 -7.892721957947470400e+16 3.703140334269372800e+16 -3.101793393980269200e+16 -4.358110346038497500e+15 -8.694454739289323000e+15 1.311539454236233280e+17 1.234315596851201440e+17 4.110432109290258400e+16 3.323377632636465280e+17 7.728644927196387200e+16 7.623222184194776000e+16 2.065147442744375750e+15 1.006278011301358080e+18 -3.449573746898455600e+16 5.947665175670724800e+16 7.714809657469108000e+15 2.665872373181690800e+16 1.797551968705687600e+16 1.040092792900775040e+18 -4.367510337338286400e+16 1.461294527433269600e+16 1.560975949484345200e+16 1.273301285478204600e+16 -2.900093550366167200e+16 4.884703465321859000e+15 2.588767580186706432e+18 -8.489188930878664000e+16 3.868626839325650400e+16 6.321381728356115200e+16 3.631797497250688000e+15 5.521995464091189000e+15 -9.852891782077686000e+15 -2.813099781551734400e+16
1.173304927428398438e+12 -2.313246115674372559e+11 7.046590244970898438e+11 9.480460383639125977e+11 4.566289062192171631e+11 3.058026564966676636e+11 3.533795058692556000e+10 8.848729318750984192e+10 8.840869493447674561e+10 2.428152023304609070e+11 4.893051273713212585e+10 1.337710847854235840e+10 -5.199107774286494446e+10 -1.468240034984071970e+09 -5.262874732798519897e+10 -2.123267420972450972e+09 -7.406968540840489197e+10 -2.324262603603155518e+10 2.119460114226901627e+10 1.513990035503068352e+10 3.511495020941466522e+10 6.760469814276973724e+09 -1.106321572251080704e+10 -1.304485715771878052e+10 1.029062625009917736e+09 1.777105238455839539e+10 9.491306763573808670e+08 -1.727078698818380356e+10 -5.001575981180077553e+09 -2.272424403272899628e+09 -4.492905189817335129e+09 -1.170653043760282135e+10 8.693492820595897675e+09 1.038345724787271500e+10 1.417023256151937294e+10 8.303023135441920757e+08 2.507480314784631252e+09 -1.207660421577283859e+10 1.694229550158330536e+10 1.990479626496219635e+10 2.523116697796336174e+09 2.810162678332248688e+10 -4.787947727474231720e+09 -2.699700955689062119e+09 5.908530886561917305e+09 3.933006360612987520e+17 -3.156642318361931520e+17 3.055672823714272000e+17 2.227968200601725120e+17 1.686391651349563648e+18 7.423820322475065600e+16 2.908390160981415680e+17 3.067047691507086720e+17 1.706881115981348480e+17 -5.377330686979244800e+16 6.083399462103777280e+17 1.789407945287515840e+17 -1.912045753465758400e+17 2.411526279166659200e+17 -2.385884244330530800e+16 -1.902513790885561600e+17 2.118433467226898240e+17 1.799736423824693800e+16 3.153466905243765600e+16 8.393740955890592000e+17 -1.516487891509039040e+17 1.898913907294064000e+17 9.976233937679635200e+16 -6.705769331472136000e+16 2.868427798040325440e+17 7.260915289315329600e+16 1.879019993781110400e+16 2.369043183742906240e+17 1.696757656304164352e+18 1.279535101985639040e+17 2.278142704321101600e+16 4.037810525504692800e+16 8.165825612259321600e+17 -3.432165745482753600e+16 -6.631598131179691520e+17 9.204847832948016000e+16 4.698513028976093600e+16 -7.074579694754270000e+15 -6.850989266938716000e+16 2.589498082612585920e+17 5.221642759249395200e+16 3.129072189230148800e+16 3.929391344090027200e+16 -1.542658474694086080e+17 1.688163908684868480e+17 1.647165414323206600e+16 8.027859708226213750e+14 1.534670187068038400e+16 7.796171028710153600e+16 1.829634163784550400e+17 5.921032665872815360e+17 7.421395287678853000e+15 9.960616051207082500e+14 -7.386467490448105600e+16 1.142554499201324320e+17 3.483853851568862000e+16 7.345192954994099200e+16 3.343185201806427200e+16 -4.568833701380913600e+16 8.763538410194625600e+16 1.012480726467883600e+16 -2.387310107834688800e+16 -3.373381050381568000e+15 1.827719079510954000e+16 -8.163333768022972800e+16 1.048289210154784160e+17 -1.954802151692939200e+16 -8.210645566708687000e+15 -9.600875921447946000e+15 1.094306736904408000e+16 4.753117808377286250e+14 2.347477571413473280e+17 1.125519879951471040e+17 4.075214477673901600e+16 2.359368567083100800e+16 7.266681635054874000e+15 7.038637445046387000e+15 2.635792956016731840e+17 4.798419594083095200e+16 -2.022961454667383200e+16 7.618115577614332000e+15 8.897187284875731000e+15 1.281532618031709400e+16 -4.817522203414997600e+16 7.800543491778009600e+16 -1.483787272574454000e+15 1.382212929784404531e+14 7.124848106066773000e+15 -2.135912786601623600e+16 -1.369530037088057750e+15 -1.136635733403826240e+17 9.840410139656707200e+16 3.709215018503002400e+16 2.985378407880497600e+16 3.079011532269037000e+15 -1.374489324591487800e+16 -6.283569666131784000e+15 -7.996144325780414000e+15
-1.008688946699478149e+11 2.567771012337215805e+10 1.443548090723968811e+11 1.366853545783088837e+11 3.514291180619426270e+11 3.970473998727743530e+11 2.034850245466788940e+11 7.634252785566860199e+09 2.115491928673723755e+11 2.118724801277889404e+11 8.708310941942549133e+10 2.285092165686528778e+10 8.805661087067478180e+09 -2.261690968310326385e+10 3.498455207113404083e+10 4.063240046026346588e+10 2.017209519611459732e+10 1.263099901849461555e+10 -1.577152958663920403e+10 -2.769762714949507523e+10 3.497264467552418518e+10 9.617072263549171448e+09 2.010373130344400406e+10 7.970773031966866493e+09 1.673475836766436386e+10 2.687868373390987778e+10 3.057497058416765213e+10 1.270009885256157303e+10 1.161320236397716904e+10 1.062162606520445442e+10 1.365636639466649437e+10 1.526187672343025017e+10 1.626154579173198128e+10 8.482778985940408707e+09 2.700905041056382656e+09 2.114952554702434301e+09 1.140134847607733250e+09 4.507541898027401924e+09 2.494027661571926117e+10 5.275549250088013649e+09 1.797144279718586206e+09 1.426590834530896187e+10 1.757098359271368265e+09 7.375878848457808495e+09 -9.579527227224477530e+08 -3.480108153572192640e+17 7.186162185768307200e+17 2.579617377120586880e+17 2.850155968109332160e+17 1.852017379958522880e+18 4.584206530319224320e+17 1.084460419541296640e+17 1.540032471955992640e+17 -3.550510399130877200e+16 -5.914071868113919200e+16 -8.916765618466910720e+17 -1.492935369298474400e+16 2.445125688513434500e+15 1.272320925292609760e+17 7.755901109360301250e+14 8.531061383656204800e+16 -5.791347628170767200e+16 6.618360841635248800e+16 -6.801258325767160800e+16 1.212847737464657760e+17 -1.439571504319156480e+17 8.465715998056864000e+16 -1.078303349121230200e+16 1.852455851977461120e+17 6.099863572330730400e+16 1.345953223313172800e+17 5.326813575748941600e+16 2.905120779114224640e+17 1.279535101985639040e+17 9.167837992772266240e+17 8.052219777104916800e+16 7.832734164294779200e+16 4.570704178875587840e+17 6.265354478059289600e+16 1.993560436462693120e+17 7.167792203393356000e+15 4.867294021176550400e+16 2.048933888422669200e+16 3.979082444788648000e+16 3.549569183871600800e+16 8.757957191142446400e+16 3.923009419371699200e+16 6.828343769154806400e+16 6.270583079009640800e+16 -2.197475622894608000e+16 4.773141064198613600e+16 -4.939207474760295000e+15 2.324855745136558800e+16 1.522574742269268000e+16 1.243567029638455200e+17 9.007994458653516800e+16 3.124449832666010000e+16 1.791559586234166200e+16 -7.406383608222417600e+16 4.052747103888798400e+16 4.794651184498465600e+16 4.543889271946684800e+16 5.215294400094064000e+16 6.052230316992334000e+15 1.870597150349513600e+16 1.827669569268111200e+16 7.311763150608278000e+15 1.083050682772785600e+16 -2.934726723167736800e+16 1.474936753976942720e+17 1.761103218865501000e+16 -8.102634699416383000e+15 -3.560337642760847000e+15 3.551841404699264500e+15 -1.824207905384490400e+16 2.060562615956512000e+16 -1.297078402755106240e+17 2.811634076651656800e+16 -7.074506375124060800e+16 4.120823720197548800e+16 6.109593824616846400e+16 4.608090200408918400e+16 1.597036753183665600e+17 9.840302433675958000e+15 9.704388597286726000e+15 8.710691495404570000e+15 3.339258271475724800e+16 -3.631579055054509000e+15 1.948284641545465600e+16 -2.337254035039873600e+16 1.833390865804745200e+16 1.658730017615798200e+16 2.956128059632872800e+16 -4.189212847056999000e+15 1.319767704783399200e+16 7.484183144303356800e+16 -1.007906423833644800e+16 1.260123713025332600e+16 1.214312559580525000e+15 2.488739063508835200e+16 -1.606617997704984375e+14 1.098973644733308600e+16 1.698884687368403200e+16
-2.141844859982300415e+11 -2.903834832505370712e+10 2.362965453950818481e+11 4.063476371059872437e+10 6.063650950142665100e+10 9.673357829615582275e+10 1.521076031709665527e+11 3.420343676193038330e+11 2.884861846482249146e+11 2.543961975089292297e+11 9.152851484641360474e+10 -1.363613217890403748e+10 2.234436554299518967e+10 7.124308610342640686e+10 1.199579873328434372e+10 1.834648947846430969e+10 -1.601820804728609085e+10 9.139743110961645126e+09 -9.829348563143156052e+09 2.368052921332646179e+10 3.332387905650324631e+10 4.030741519817141294e+08 -1.700384275384718180e+08 1.114184844565529251e+10 1.045050710892085457e+10 2.526320946299660492e+10 5.574706816076222420e+09 6.980769053905727386e+09 1.307467341341147614e+10 1.590306098426445007e+09 1.053106571942148399e+10 1.550557384023478508e+10 2.852873007325777531e+09 -5.988027169163528442e+09 2.386558723963121891e+09 -6.553974385043756485e+09 1.056706853391138840e+10 7.973152474447963238e+08 4.288779287435127258e+09 2.566476321216429234e+09 4.481369238767795563e+09 7.668617128988931656e+09 7.101629307677411079e+09 -4.402644527073914528e+09 1.495522517047828102e+10 1.303330937872847360e+18 3.247533843277416960e+17 -1.604440957731357440e+17 -1.768026457012426560e+17 2.336174114826484736e+18 -3.205264563080542800e+16 4.736234353863429000e+15 1.704623532441737280e+17 -9.674299234909099200e+16 1.064636172630633440e+17 2.406409308473315200e+17 -2.045621932286852480e+17 8.979135189500478400e+16 3.722435652563331200e+16 1.087914853484490200e+16 8.613655713724174400e+16 1.293290982900119200e+17 1.031275597496590880e+17 7.382192133554662400e+16 -4.089028318329453440e+17 -2.489499405057531200e+16 1.548171657390472800e+16 7.323669036416179000e+15 -3.163032740148723200e+16 5.086512969051615200e+16 8.399416579287921600e+16 2.314068825660503040e+17 4.112342947784438400e+16 2.278142704321101600e+16 8.052219777104916800e+16 7.226155202921232640e+17 2.077510938472764480e+17 -1.168896364588005440e+17 1.313801076527276200e+16 2.736194894660676480e+17 3.144672794945521200e+16 2.883885443965352000e+16 5.585608017220692800e+16 3.016792378577757000e+15 1.066311294849137200e+16 2.236705283977448000e+16 8.920712777920001600e+16 5.300357347881997600e+16 -1.210346206529097200e+16 -5.943747275638569000e+15 8.451560332084319000e+15 3.471124756492881600e+16 4.749396598532809600e+16 5.913522935527488000e+16 2.432328510635341120e+17 -1.006160953908774800e+16 5.029303874687571200e+16 3.625825635751207200e+16 1.233682339713783200e+17 -4.611515212362935000e+15 3.399536545435546400e+16 6.484453166425369600e+16 6.561378427670742400e+16 2.526187018452072000e+16 3.468021574729092400e+16 1.002823345812820000e+16 3.901567483847182400e+16 2.486011939232354800e+16 -1.118990150958936600e+16 -1.197895065549249600e+16 3.640802207626005600e+16 7.349150600539340000e+15 3.923101223429879200e+16 1.348940811854129800e+16 -1.307837901882841250e+15 -6.314584052532518000e+15 1.826723384046213440e+17 5.516038828670812000e+16 -3.681774957417406720e+17 2.040007742359307200e+16 5.433437201059364800e+16 3.214444914428076400e+16 3.738949235250368640e+17 3.002631719313313500e+15 1.193358655074193600e+16 1.664764177990659800e+16 2.212975975661018000e+16 -1.160783958269387200e+16 4.725924557611787200e+16 2.143610217836535600e+16 2.232226584343868800e+16 3.494418218680245200e+16 2.046211291147162800e+16 -1.040172615893501200e+16 2.621002038014755000e+15 7.105456656663190400e+16 -1.153635209865656400e+16 -1.895259725050346000e+15 5.741865619095547200e+16 9.460305036845101250e+14 -3.523865956733372500e+15 -2.850293795236183500e+15 -1.147710738466091000e+16
-1.421139477833383179e+11 -5.438611301636166382e+11 -6.161093097017948914e+10 2.704885851187208557e+11 3.277139338308622437e+11 1.072735824974821014e+11 -2.408709762501264572e+10 3.700846240458443451e+10 2.251747551339979248e+11 3.159163225483582153e+11 1.538020562368863525e+11 5.929885610406222343e+09 5.001187693352043915e+10 5.787747542272661591e+10 2.781495766085374832e+10 -5.231644697713685989e+09 3.994364202228574371e+10 5.615207136345660210e+09 2.666904642556585693e+10 -4.664672871977729797e+09 5.411333740448789215e+10 -2.080923324188983536e+10 2.162170872840462494e+10 9.348835119911958694e+09 2.162115848562427139e+10 3.556111020283094406e+09 9.167712411157711029e+09 1.866859982271731615e+09 -2.665864843078325272e+09 1.674269160964571953e+10 8.104376282796202660e+09 1.781107852977318192e+10 6.087270538680789948e+09 -1.894865281189768600e+10 -6.022325701203981400e+09 1.244321814780544281e+10 -7.707107153487627983e+09 -2.876055565956444168e+10 -2.397877757794416428e+10 1.203777959912026978e+10 6.176970937481756210e+09 -7.903403743347711563e+09 -1.066655456325095367e+10 -9.103057210982591629e+09 1.755212172564807510e+10 6.103624325815112960e+17 6.510268382013013760e+17 2.476156257355231360e+17 -1.300888461699756640e+17 2.163620117261768192e+18 -1.928509739561329280e+17 1.355522130552477120e+17 9.605405918326596800e+16 -2.910303167755121600e+16 -7.180425242137003200e+16 3.029479570670540160e+17 3.434648359591857920e+17 -2.297622076888339840e+17 5.306337135574977600e+16 -9.993754541705398000e+15 5.030454966102961600e+16 -3.442200548360741200e+16 2.327302416636134800e+16 -1.066488919158655840e+17 -2.031855049346446400e+17 -2.141681861518195840e+17 3.157701513073614800e+16 -9.874810430661050000e+15 8.454050489828292800e+16 -1.141593614862699000e+16 6.741701937193258400e+16 8.607342375143692800e+16 1.644065555234507520e+17 4.037810525504692800e+16 7.832734164294779200e+16 2.077510938472764480e+17 1.571695522206083584e+18 4.918224113704485760e+17 -1.134240341829719400e+16 -8.685534331125004800e+16 -3.700761228004536800e+16 2.685479237755606400e+16 -3.880069561382081500e+15 1.365337539365500000e+16 1.705748978687614600e+16 2.249986358794391200e+16 6.233484395079609600e+16 1.975275558783594880e+17 -6.416719495936577600e+16 -4.328112962746513750e+14 5.218223109995958400e+16 -1.113605924021044000e+15 4.025849547592744800e+16 6.852222233991041600e+16 -9.609282921427883520e+17 -2.592334766958419200e+17 4.709735060831524800e+16 -7.716209596064665000e+15 -3.848829426737350400e+17 2.709213636680564800e+16 7.974263458184182400e+16 7.819949745542020800e+16 8.838134924398809600e+16 3.103134153594983200e+16 2.532095443797471500e+15 -6.149081966279772000e+15 2.994186777548674800e+16 3.421786607031943200e+16 4.475007993175972800e+16 -6.236325187028113600e+16 -4.029653974371394500e+15 -8.733852035939617000e+15 -2.002461094013619750e+15 4.243640264018867200e+16 1.501437625451795400e+16 2.684512985123328800e+16 5.581549367286978400e+16 -8.198605585586780000e+14 3.925698650374962400e+16 4.148022445711468000e+16 4.963864171804365600e+16 3.751748474720388000e+16 -1.903086053689834240e+17 1.240677398854847040e+17 -2.095631642679662000e+16 1.841866380722413200e+16 3.530255034907101200e+16 3.164840501992755200e+16 -1.126794508968629400e+16 4.121095468443025600e+16 1.718081388797371800e+16 -8.830600783753138000e+15 4.071417990859353600e+16 1.484400227386523600e+16 -6.078646916272087000e+15 7.490813907407006400e+16 4.270725834672469600e+16 1.855374632687757600e+16 1.917240935527868800e+16 1.876589502218478800e+16 2.766715326453160400e+16 7.914774521684880000e+15 -1.943416662485346800e+16
-3.612528093799115723e+12 1.466985652700590088e+12 1.647135504765889587e+11 -6.583542543956341553e+11 1.883895134024143799e+12 1.634671373074223389e+12 1.042825755606571289e+12 4.664559322937933350e+10 2.851418419931527710e+11 1.552946560364422302e+11 -3.505062411335852814e+10 -4.802335958995411987e+11 -2.423157851113795166e+11 1.584028838239509583e+11 -1.354256624326171112e+10 1.135974951357244568e+11 1.428064654947921753e+11 -3.663867252547680378e+09 -3.540076323344736481e+10 -1.963120498291131592e+11 1.284449268532282562e+11 1.943869598697689514e+11 -1.635118885510823059e+11 -5.477096237989118958e+10 2.257493988215368347e+11 1.787128547919027100e+11 8.456611611603286743e+10 -8.470292932310276794e+10 -2.389740754494084778e+11 8.610210151183619690e+10 1.363781937853166199e+11 3.672578550385133362e+10 9.768398949292550659e+10 1.556607078023170471e+11 2.595852046138693542e+11 -5.365792363210067749e+10 -7.542904433593728638e+10 -6.194021158672937012e+10 2.818665544254470062e+10 4.875501731417504883e+10 -3.672999507560272980e+10 4.747119860720581818e+10 7.807830151577775574e+10 -1.084394800929549408e+10 9.111425382294854736e+10 -3.889021102938378240e+18 1.218537716100379648e+18 -9.046484449916968000e+16 1.019645740539107968e+18 -2.953760672793956352e+18 2.242675956562558080e+17 2.105395350250155520e+18 -6.004535495809639680e+17 6.409537614753168000e+16 3.637069011355371520e+17 -4.471535571276250624e+18 -1.132690056491105408e+18 9.744108287920294400e+16 1.540279334766896960e+17 5.651762454200668800e+17 -5.184115543786619520e+17 8.697874469511254400e+16 3.399621562589249920e+17 -1.130407097730060480e+17 2.830705180947056128e+18 2.404016495978898944e+18 1.557017203788830976e+18 4.569612634131857920e+17 -3.259470689403496320e+17 5.249878624631183360e+17 5.061355531602666880e+17 1.897696129492672960e+17 3.761179131496129600e+16 8.165825612259321600e+17 4.570704178875587840e+17 -1.168896364588005440e+17 4.918224113704485760e+17 7.295623544271161754e+19 5.876254487317515520e+17 3.818259243907155968e+18 9.368573720863850240e+17 1.007698861152370720e+17 -1.612424453503321280e+17 1.044919835106283360e+17 2.564881395432785280e+17 5.854200689603703200e+16 1.939371751188742400e+17 2.176462204775968000e+17 1.334290840086610080e+17 -1.331947037999915680e+17 -1.245077317755289280e+17 -5.478971345899212000e+16 8.991816771154876800e+16 8.644400317045236800e+16 2.272766640216793600e+18 5.321408694573513728e+18 6.064244605740325120e+17 4.197517812135565440e+17 1.082436039937003904e+18 1.270133814626566880e+17 -3.135106058568837200e+16 3.850939208889096320e+17 3.234407549440102500e+14 3.882680099043902720e+17 -2.115996774320858240e+17 1.168384949087091360e+17 4.117664658207711200e+16 -3.009247882142856800e+16 6.777955183356640000e+16 1.487089756902166400e+17 1.154016313515458000e+15 2.888596465884650240e+17 1.430903295810414600e+16 3.410599281757113125e+14 2.928532098034349600e+16 -1.836361568198679360e+17 -1.583663849653189760e+17 -3.449685664388766720e+17 -3.782373728267576320e+17 2.051993076166816960e+17 6.668795157981552000e+16 6.748852497173551200e+16 -1.067148027597073152e+18 2.055998030658294800e+16 1.763161487967097600e+17 4.188692597766166500e+15 5.437314608451468800e+16 1.895248120895205000e+15 4.691847896322124800e+17 3.137360213353424000e+17 3.305474158079512320e+17 -1.036879807667864000e+17 2.845368073869896000e+15 -1.008384483974545760e+17 -7.781727921630506000e+15 1.383121853677131040e+17 3.639896218242538240e+17 3.235459203577617920e+17 1.819413375983900800e+17 1.189649441247826880e+17 -5.569458430002301600e+16 -5.819985362159557600e+16 -7.627590275138876800e+16
-1.078266046296374390e+12 2.699770977112626343e+11 -2.027844008029292908e+11 -3.994762695671194553e+09 -8.501090114090928650e+10 7.288875283298796387e+11 6.997869982409144287e+11 6.016384852343796539e+10 1.051959800973393555e+11 2.022913909793263245e+11 2.147384499482777023e+10 9.210198033162461853e+10 -1.212531379599603844e+10 -9.565530285130162048e+10 -3.855593808916036224e+10 -4.715547693625305176e+10 -3.478590094165771484e+10 3.323403098936743259e+09 -2.763610684727722168e+10 -3.536042832544336700e+10 -4.776664540477677917e+10 -3.541085353705041504e+10 -3.386772074799080658e+10 2.871020865692668915e+10 -1.101229314933990479e+10 1.279088137165959740e+10 -3.313295630519589996e+10 3.976812230881275177e+10 -1.466490483514687729e+10 1.904893041942198944e+10 -3.017688906485156250e+10 -2.531508462777326584e+10 -8.991449558829561234e+09 -1.040320690582182503e+10 1.094076150869292068e+10 8.735073720046583176e+09 -9.283483081120840073e+09 -2.589034589517963791e+10 -4.171236522392012787e+10 -2.125603845987737656e+10 -4.248262289675021768e+08 2.380622088403468132e+09 -2.051685274117016983e+10 -1.880240492108037567e+10 -1.080462332966052055e+10 -3.560975483911100160e+17 -5.875373154249336320e+17 -5.779485032276104960e+17 -6.260651621932385280e+17 2.999702900610459520e+17 5.943083739345112320e+17 3.994696746960981600e+16 1.871722199643573120e+17 2.197362431255862720e+17 8.671761395794452800e+16 1.759488148738297344e+18 6.933718719160381000e+15 6.359139266357574400e+17 1.448005528196686080e+17 2.093739853894704640e+17 9.233487484081195200e+16 -2.277575442879996000e+16 2.043613233382272000e+17 8.280372421349747200e+16 2.006252068889525600e+16 3.106748255941408640e+17 2.905928997381782400e+17 4.053690881817719040e+17 -7.243209832124214400e+16 4.514657272102812000e+16 1.681631218124168640e+17 1.055242453969674080e+17 9.836305712361262400e+16 -3.432165745482753600e+16 6.265354478059289600e+16 1.313801076527276200e+16 -1.134240341829719400e+16 5.876254487317515520e+17 3.912444681297995264e+18 -8.037686316352492800e+16 1.365619021542912160e+17 4.376932767867863040e+17 9.073703508476849600e+16 1.199876531336690400e+17 8.487539008880275200e+16 4.345835803606809600e+16 2.062860677475224400e+16 1.943442664355202000e+16 -2.557173220712000400e+16 2.208545929847570400e+16 1.025744869884741120e+17 3.602368927556331200e+16 4.286036999121802400e+16 4.882141735792431200e+16 1.063579411862750720e+18 -8.380417585910145280e+17 2.666521461616674560e+17 1.082894720030624000e+17 -3.044761712570055040e+17 -1.554460321491295000e+16 4.220531444664476000e+16 1.501644709866503600e+16 -1.061582105879636640e+17 1.030332721560773000e+16 3.114582656141868800e+16 1.395697488833491520e+17 -1.264967560576202600e+16 7.058477706324911000e+15 -1.928117929602616800e+16 -2.400973337708251000e+15 6.567225829698758000e+15 1.086120447452794080e+17 4.658153893679811000e+15 -3.699930302901934400e+16 -6.631418311992905000e+15 -9.767167231879604800e+16 1.990621646686472320e+17 2.686407152351292400e+16 -4.154850612662624640e+17 8.577460610512774400e+16 6.785048574674104800e+16 -1.399882548373924250e+15 3.499810405547577600e+17 3.359285800447474800e+16 3.014977909550750400e+16 3.093411107866280400e+16 3.618492512900949600e+16 3.174376397308667600e+16 3.042543474259374000e+16 -2.325508657483123600e+16 5.556054615819883200e+16 1.185704957653866400e+16 8.401618117529204000e+15 -7.403819670945706000e+15 -8.331031961535802500e+14 1.210765851137902880e+17 -1.666364946147625250e+15 6.081803251851977600e+16 3.822953882095983200e+16 -3.609996196245560800e+16 -2.655954592535710800e+16 -1.151175465288919000e+16 -1.775575242972725600e+16
9.952203675593923828e+12 3.594926073887633789e+12 2.966537783238698242e+12 2.268613333462074219e+12 1.028110122196064758e+10 4.646527843248490601e+11 6.506474498077531738e+11 -2.567298297723567200e+11 5.359178767299865723e+11 6.891082953983270264e+11 7.095917790247326660e+11 4.827266473887501831e+11 -5.169051861295614624e+10 4.264566124467194824e+11 1.204424221167997589e+11 3.321212392187964630e+10 -1.329115490158420105e+11 -2.165623814123801041e+10 1.060224999320744781e+11 6.067133634535791779e+10 2.553773834466718750e+11 1.122128708119189453e+10 2.297434424528858566e+10 -7.893134227015591431e+10 3.553002079245372925e+11 3.884479282257977905e+11 9.033100781427633667e+10 7.651854201856227112e+10 2.195160476147292786e+11 1.984171731319305420e+11 2.991711235325114059e+10 1.321231544052719727e+11 1.047933329872432251e+11 1.765915985773121643e+11 -5.587699418060592651e+10 4.634340360366492462e+10 4.033778234127819061e+10 1.754314984381435242e+11 2.069775093259226074e+11 1.279010783827617645e+09 4.088008223330091095e+10 7.862363876644087219e+10 2.324016986460208130e+10 3.800177310097682190e+10 2.422004207964007950e+10 7.992114841554344960e+18 1.610152185390357248e+18 3.350094051986264320e+17 3.837496320558660608e+18 1.608560840862269030e+19 5.247164054959059968e+18 1.377443211254363904e+18 1.880746109055635712e+18 -3.953634807562915200e+17 2.579848638706903552e+18 -6.406213991138139136e+18 -9.623332258448442880e+17 -1.831669379035076800e+17 7.395896770256185600e+16 6.087724325401383680e+17 2.005421528969902848e+18 5.063088767805879680e+17 3.423253449936683520e+17 -7.880837984985578240e+17 -7.266970172246420480e+18 5.157333980285479936e+18 5.375347151557731200e+17 -2.402076938444454080e+17 7.586689271683724800e+17 3.832260945460063360e+17 1.781338126741579840e+17 -6.647841959414136000e+16 1.109791795622789120e+18 -6.631598131179691520e+17 1.993560436462693120e+17 2.736194894660676480e+17 -8.685534331125004800e+16 3.818259243907155968e+18 -8.037686316352492800e+16 9.200083877482353459e+19 1.200432777929951488e+18 1.804358599247070720e+17 1.594812232632210240e+17 1.987703701520820992e+18 4.020665763695450240e+17 2.938998257164430800e+16 -2.972778449491409920e+17 -1.557995944573557120e+17 7.757879339868571200e+16 -1.155410309396652000e+17 -3.588394391519816960e+17 -2.585733254054148160e+17 -3.460594341037849200e+16 -1.750238175292003840e+17 6.282842701921274880e+18 3.458938760780515200e+17 4.944252007286950400e+17 1.443885440751003520e+17 6.095492430914723840e+18 1.566283169339908480e+17 -5.425787204028632000e+16 -1.525586356866534800e+16 3.885237492234468480e+17 1.248336782561773120e+17 -3.232153140817557120e+17 6.687498578454697600e+16 6.585385735744281600e+16 -7.917656762004165000e+15 6.968521142536322400e+16 3.695355594498805120e+17 1.899977441940750400e+17 3.082540140144446800e+16 4.755340219886232000e+16 5.028098549492916800e+16 -1.705325011943066560e+17 1.134166765381996320e+17 -2.557261222167796736e+18 4.232729496414165760e+17 -2.532765084546067968e+18 5.313981266570206720e+17 2.267103754727280960e+17 3.234381119756764800e+17 4.330050138418271232e+18 -1.753345755512740200e+16 2.931694511891062400e+16 1.808354321053017600e+17 -3.675778641065591200e+16 2.814333795020672800e+16 7.403405677071642880e+17 3.279266544170926080e+17 2.858494628375484800e+17 3.643408922072939200e+16 1.427481407132142720e+17 -2.687704915387893200e+16 1.137509578757734560e+17 8.700259991631690240e+17 2.394716543328362400e+16 2.731730675632529280e+17 2.484366462983401600e+17 1.477282935560185920e+17 -4.888573119739890400e+16 -1.726782684511571250e+15 4.260084891183143040e+17
7.165054197017672119e+11 2.254301859174422607e+11 6.482991279567525635e+11 1.184919488992652588e+12 6.648107335172298584e+11 6.999010996320962524e+10 5.017152401809476471e+10 1.363350821299384613e+11 1.766754358277122192e+11 -2.321275680430472565e+10 4.669227227110774231e+10 1.453313363151273193e+11 5.026491658794641113e+10 5.735907800099214172e+10 4.489199860392288208e+10 5.881552610479232025e+10 6.471465234319827080e+09 -1.273674482817116022e+09 4.082446614459851074e+10 -8.266655375098301172e+08 2.085466195477288818e+10 2.952742499730374146e+10 3.592522518149801636e+10 4.589754929885208893e+10 4.948639508926284027e+10 2.199104167490293121e+10 1.926430380482746124e+10 3.866894299717020416e+10 3.845864360399241638e+10 3.413186048324515152e+10 3.107760470684354305e+09 3.984265721997794342e+10 1.321122314016392708e+10 9.693068546260366440e+09 3.094551240009584045e+10 1.075460788648444557e+10 1.232925451261275053e+09 1.557822272109670162e+09 8.861617425825883865e+09 1.821361804334828949e+10 2.178364648372529221e+10 1.194915552311221313e+10 1.141237445106979132e+09 4.797890678126708984e+09 2.348819981803627777e+10 4.694873323062068480e+17 -5.142709922559967360e+17 -9.976715958645979200e+16 3.950569596982254720e+17 9.280103059021278720e+17 -5.479373686870848000e+16 4.609785313400352000e+17 -2.157344659245489600e+17 1.144483006218868800e+17 -1.175444649001006800e+16 -8.431213935937024000e+17 2.310404514137708800e+17 -2.807524437432732800e+16 3.184378588104403840e+17 9.965765444844334400e+16 -4.923579411655052000e+16 2.123732532677947200e+17 -4.486787152402808000e+16 7.764895148888548800e+16 -1.858908123725433600e+17 -8.716152600887764480e+17 2.290094601550074240e+17 8.387843171468164800e+16 9.457586919579952000e+16 3.026267572075580800e+17 4.381243531135996800e+16 3.879178233636172000e+16 -5.453802504415106400e+16 9.204847832948016000e+16 7.167792203393356000e+15 3.144672794945521200e+16 -3.700761228004536800e+16 9.368573720863850240e+17 1.365619021542912160e+17 1.200432777929951488e+18 2.167551207264909824e+18 9.501292381871886400e+16 -3.955981982329666500e+15 -8.335921116023308800e+16 2.812981733728835840e+17 6.978137678156968800e+16 -9.657848726558618000e+15 4.272236278256842500e+15 -1.478360892116296000e+17 6.120005685732433600e+16 5.095237396135586400e+16 -2.619894643864788000e+15 3.591611805459708400e+16 2.888249581245761200e+16 6.013759405986101760e+17 1.347036094086668800e+18 5.010413956142364000e+16 3.365145081895178000e+16 8.135652886664254400e+16 1.629268210503033280e+17 -2.413559747206466800e+16 1.820104190208360750e+15 -4.083753756399881600e+16 -1.338678999057888640e+17 1.543210945393875840e+17 1.507297047383325000e+16 2.430216299044321600e+16 5.217381804171174000e+15 -1.774837701265496600e+16 -1.626298422122730240e+17 1.242619002020099200e+17 2.740089299884732000e+16 5.014215435690962400e+16 -1.944566986832841200e+16 1.794396887808707600e+16 3.491635682245363600e+16 2.693758835097102720e+17 4.771323969694186000e+15 6.658702547472048000e+15 2.908068927497775600e+16 2.830386717045666800e+16 1.001971449174365800e+16 7.621483521298892800e+17 3.783874644913899200e+16 -6.975779781481977500e+14 3.265987791310477200e+16 1.432961858489851400e+16 2.509326174408116000e+16 2.876880118949398000e+15 9.723523769612558400e+16 1.116767712313027200e+16 8.438375214021459000e+15 -2.193770550946947600e+16 2.746686281645512000e+16 -2.815538861438873500e+15 -9.258330088051107200e+16 1.077491471764183680e+17 1.404168847295902800e+16 2.825236165318193600e+16 1.830401518691985200e+16 2.351996291690299200e+16 -1.208967548042420000e+16 4.348840955788799200e+16
-5.601066263785223389e+11 2.491745049401459656e+11 1.021716862742021637e+11 1.271167675808830414e+11 2.744202642731664429e+11 4.560529594060701294e+11 2.718352850369486389e+11 1.985994462894785461e+11 1.305348669534800110e+11 2.593511056874324036e+10 4.180670346323032379e+10 1.045798625855127716e+11 5.809440068319579315e+10 3.930473162665218353e+10 2.191175069383359146e+10 3.161854244603135300e+10 1.478556220160610580e+10 1.491010094034381294e+10 2.942774608957963562e+10 -8.057706834943605423e+09 9.054134609830280304e+09 4.637927348285737038e+09 1.469962741439238930e+10 2.044957198756324005e+10 3.351239250630659103e+09 7.378575809443243980e+09 6.396527837554168701e+09 3.605297082709038734e+09 -2.543708275349959359e+07 9.491412618635917664e+09 5.012604757207501411e+09 5.492857062991460800e+09 2.029808229925811768e+10 2.226770565602038956e+10 9.561109271664045334e+09 5.877514214883142471e+09 8.569209185996040344e+09 3.053076466745755672e+09 -1.643467660674216747e+09 6.646042923341380119e+09 1.244009496302089691e+10 3.606208755510616779e+09 -1.041904255319848251e+10 2.879247826037697792e+08 3.197266872191132545e+09 4.033873237849781760e+17 2.752623210921055600e+16 -2.740860892927056320e+17 1.396575063886440640e+17 1.210437557269107200e+18 -2.613578308189718400e+16 6.902240949862913600e+16 5.764847547262991200e+16 7.213458900204809600e+16 5.504033022202216800e+16 2.390817963346222080e+17 3.099354153237905600e+16 9.755269788675619200e+16 5.264258281476935200e+16 5.807126188637425600e+16 -6.172579964228161600e+16 2.333185892188846800e+16 8.914644979216600000e+16 2.766433372524484000e+16 3.570242711852963200e+17 1.582598238814196160e+17 1.166119119642628000e+17 1.471447289474439040e+17 4.090497190838294500e+15 7.221727889686954000e+15 1.073246557334530400e+17 3.279661241114108800e+16 -2.052200301370334062e+14 4.698513028976093600e+16 4.867294021176550400e+16 2.883885443965352000e+16 2.685479237755606400e+16 1.007698861152370720e+17 4.376932767867863040e+17 1.804358599247070720e+17 9.501292381871886400e+16 6.135164293677722880e+17 8.235830863815329600e+16 1.529360856428261400e+16 5.523315437042053600e+16 6.886783875571930400e+16 4.201776457837422400e+16 4.258644314065313600e+16 -2.745077051039782400e+16 2.463232305470993600e+16 3.362320401226958800e+16 5.025496088100737600e+16 3.184494127787471200e+16 3.791677431952086400e+16 7.505629264763811200e+16 -6.506010672116968800e+16 1.727695228679985280e+17 5.201136683684147200e+16 -1.009592162182216480e+17 -5.422128021696830000e+15 2.090353224513742400e+16 2.961562749955212800e+16 6.438029941968164000e+15 3.547624455174414500e+15 2.265665109429275200e+16 5.053480900045425600e+16 5.486440010570168800e+16 1.655326855769821600e+16 1.239444644113231400e+16 -5.167064631245643200e+16 4.344692402786446500e+15 6.104550753667999200e+16 2.926087779405666800e+16 -8.173697387149132000e+15 2.326197069930672400e+16 1.228275959803505600e+16 9.209612691554644800e+16 6.294454914854014400e+16 -3.899432378006585600e+16 4.262209996662335200e+16 3.205791129175990000e+16 5.296441978402792000e+15 1.251164706764940320e+17 4.063466328837556800e+16 5.523241336955660800e+16 2.180141722904559200e+16 4.677453981291488000e+15 2.936268011207663200e+16 5.185317113807987500e+14 3.422892444694251200e+16 5.085763784407960000e+16 1.257567909572056600e+16 6.561795092514001000e+15 6.733886778143769000e+15 6.544232727056614000e+15 -4.769847541998909000e+15 1.578380148451046800e+16 4.946431937030960000e+16 1.374801855005872400e+16 -1.554171169075302500e+14 3.082169733133053600e+16 2.328039562924767969e+13 -4.630456204260587000e+15
-2.492897000924345093e+11 -1.067117575867262268e+11 -5.025814916380960083e+10 3.989848338977460480e+10 8.604725751534590149e+10 -3.988332310132795715e+10 3.493836559507223511e+11 4.514174252821832886e+11 8.571580780749850464e+10 -7.036100304814658165e+09 3.799346682932968140e+10 5.975752217953382111e+10 3.736534884922303772e+10 2.204791649239624786e+10 -8.774550536762605667e+09 -2.241337749875232315e+10 -2.791877439666191864e+10 1.187367426723451853e+09 -7.148017745513619184e+08 1.692474825407075310e+10 -7.329660923532339096e+09 -1.737488929633246994e+10 -8.331311488835636139e+09 -4.003856031819615841e+09 1.001132883803274155e+10 -1.151877678072500801e+10 -9.867742043669942856e+09 2.022586083124110794e+10 6.695145215819992065e+09 -4.911951507735865593e+09 -2.122606579770301104e+09 1.166543426484040642e+10 7.086828649579255104e+09 5.051019481577368379e+08 -2.683898826814760208e+09 1.129548413824798584e+09 1.700689215940118980e+10 1.723558540058336258e+10 9.318374794884901047e+09 9.563138911258487403e+07 -1.104956139881405067e+10 6.646563776691296101e+08 3.842602906034566879e+09 5.813730693680212021e+09 -1.569295757414734125e+09 8.756217670339779200e+16 6.380851879153543200e+16 -1.564754455682630720e+17 -3.824167020123936640e+17 1.082574525473273216e+18 -1.680820089087450880e+17 4.067344451993234400e+16 -1.551041324969076800e+17 -2.525317348440992800e+16 -1.514614742201562400e+16 2.756380880866758080e+17 -1.617499000398529600e+16 -6.422273203715220000e+16 6.011179626852166400e+16 2.575295054695540400e+16 7.250715084861337600e+16 8.662198680517600000e+16 7.220676187940113600e+16 7.828938195066790400e+16 1.896402527287139600e+16 4.950551423301349120e+17 6.800009857755646400e+16 -2.975165531891207600e+16 8.320947083178105600e+16 2.989713377635751600e+16 8.542013747785293000e+15 1.363910793685177440e+17 3.579871268425736800e+16 -7.074579694754270000e+15 2.048933888422669200e+16 5.585608017220692800e+16 -3.880069561382081500e+15 -1.612424453503321280e+17 9.073703508476849600e+16 1.594812232632210240e+17 -3.955981982329666500e+15 8.235830863815329600e+16 6.883651819953921280e+17 -2.249484572204507600e+16 2.166296472431879200e+16 5.388758725901032000e+16 7.901363378434720000e+16 1.093360837643710600e+16 -2.849051215645133600e+16 3.841281896759646400e+16 -8.219444049188166250e+14 7.824346801971542400e+16 3.280425938912570000e+16 3.589380154775569600e+16 4.625890228202379520e+17 -2.035404325710778560e+17 7.284879935303792000e+16 1.067235891340834560e+17 -3.710724162722103200e+16 2.248373643669617200e+16 1.160921041583914600e+16 4.165829827096558400e+16 4.749489476771826000e+15 1.353606093839688600e+16 3.007623222253965600e+16 2.037446655337286800e+16 5.685777905057320000e+16 -8.700867914378623000e+15 -9.122104673396476000e+15 2.800359583470364000e+16 -2.204551320147918400e+16 -1.090811506416099750e+15 4.615252096638320000e+16 -1.110731730315247600e+16 -2.629889912222848800e+16 2.761034021003162800e+16 2.828950114614438080e+17 1.055118859729615200e+17 -6.380713907520269600e+16 1.834235420914082800e+16 3.454058825684763600e+16 6.130268101510534000e+15 8.288433504280507200e+16 3.537839414805775600e+16 6.922083467959049000e+15 2.337235949784961600e+16 1.621752441370115500e+15 2.287769433623875200e+16 7.742189212294096000e+16 1.125279218611510200e+16 1.813893705382150400e+16 3.512588329015888400e+16 -1.505933440692526200e+16 8.628951908472365000e+15 5.567265097491587000e+15 2.764063964763590400e+16 -9.612933769700982000e+15 -2.120803003992212800e+16 2.592261909235990400e+16 -5.921589283209761000e+15 -1.379165752329570800e+16 -6.440434783898354000e+15 -1.531355777367929000e+16
1.198310907581272461e+12 3.960186585280052246e+12 2.485217943809400391e+12 6.600981896083589935e+10 -5.625893224275920868e+10 2.653419895948479309e+11 2.103864210680985413e+11 -8.280454802854385376e+10 -1.749740581146522522e+10 2.988656798466818237e+11 3.044821156861173706e+11 1.690642876122885132e+11 9.523666517585125732e+10 -3.300156436175766754e+10 1.291725932674196777e+11 1.265695141277834015e+11 4.170264661517477417e+10 -2.789246828421511459e+10 -2.477706600940101624e+10 4.359141683643279266e+10 3.175262625065594482e+10 1.286878568398055649e+10 3.255276435665007401e+10 1.557385277277497864e+10 8.011377346353674316e+10 1.691981145332221985e+10 2.364942279391674805e+10 2.780438721192533875e+10 5.351061482481505585e+10 7.289865449824618530e+10 4.841019248342757416e+10 2.357586867496075821e+10 3.724391827104965210e+10 1.733361182822599888e+09 -3.091587271089237690e+09 5.786900309457595825e+09 1.225501894932009697e+10 1.696932163225867271e+10 5.770925891379688263e+09 -8.659822174193939209e+09 1.006409508002638245e+10 8.572903490862976074e+09 -1.197424841058227348e+10 4.219074492808421135e+09 1.618316401827185440e+10 4.161028474393700864e+18 2.864850585716298752e+18 1.338946717063848448e+18 4.591610037484279040e+17 -1.186011655747096320e+18 1.625054515548194304e+18 1.317656600898162000e+16 1.440975923797922048e+18 5.556155833808398400e+16 -2.974113383689639680e+17 3.096432439875431680e+17 -3.105102310581283840e+17 1.615881514796286720e+18 -4.010104983166991200e+16 -1.794767048909235200e+17 1.617960700157223168e+18 -2.729812495720476000e+16 -8.394541028600464000e+16 8.225049207383132800e+16 -6.892203791644907520e+17 7.123477094294224640e+17 -3.297426785879252000e+16 1.095732179352903200e+17 1.341613578825736192e+18 -1.307072924946739360e+17 -1.320562602698521600e+16 1.324302572757408600e+16 1.784388829036815104e+18 -6.850989266938716000e+16 3.979082444788648000e+16 3.016792378577757000e+15 1.365337539365500000e+16 1.044919835106283360e+17 1.199876531336690400e+17 1.987703701520820992e+18 -8.335921116023308800e+16 1.529360856428261400e+16 -2.249484572204507600e+16 4.231301230995056128e+18 1.698070384085509120e+17 5.191294243956821600e+16 -4.505668561188075200e+16 2.731410183939233600e+16 1.561823795548248576e+18 3.393649386878196500e+15 -7.051346168521753600e+16 -7.617466400250800000e+16 1.995940182900480000e+16 7.357532335250193600e+16 -7.433840911844220160e+17 -8.008667519201557760e+17 3.304966711602890400e+16 3.591605786901498800e+16 2.252720593314390016e+18 7.867086234657332800e+16 5.667241965830387200e+16 4.966112426795887000e+15 9.692783912739636000e+15 1.128874999923344384e+18 -2.548328635726498400e+16 5.031059710492764000e+15 3.369020124972738400e+16 -1.050973909414725800e+16 4.884582147349149600e+16 1.256756304644819456e+18 2.989459027420764400e+16 -4.762201515682071000e+15 3.675929409717016000e+16 1.625592296753023200e+16 7.671942164339100800e+16 -2.517411911698030800e+16 2.464082198282912320e+17 5.305430224466667000e+15 3.826421422792010240e+17 8.102527675347774400e+16 8.230416174685216000e+16 5.673873998217782400e+16 6.130520682170360320e+17 -9.442695532484400000e+15 3.135574357138115200e+16 1.878384177613586400e+16 1.888133858928984000e+16 4.550154373513244800e+16 1.035869145300028672e+18 6.415993362115888000e+16 5.868436602447404800e+16 3.291412389952490800e+16 5.033938054925117600e+16 3.963298660988621600e+16 2.992596655130086400e+16 9.631650669668408320e+17 -1.066493158367985200e+16 5.862829681410359200e+16 -3.194496828711837000e+15 5.168290247010073600e+16 4.441456028077224000e+16 4.442466964711320800e+16 8.230554574527758000e+15
5.888561416043627930e+11 1.240856564520746765e+11 7.973403789622517090e+11 1.002116361172364014e+12 5.612554606215661621e+11 1.830779316522034607e+11 6.945971392753750610e+10 3.797127474242278290e+10 5.568223199123133087e+10 1.568832914337123718e+11 1.550043672668151245e+11 7.096528123730731201e+10 6.011618636273140717e+10 -1.628134160868768120e+10 3.728101493870256805e+10 -6.419537730692526817e+09 -3.844738324058980560e+10 -2.503811053105455017e+10 3.513718254865439606e+10 7.908042360392004967e+09 1.569815940233512878e+10 2.847781769501554489e+10 3.544510839673973083e+10 3.722071419518428040e+10 -1.609464873994073868e+09 2.453041119192392349e+10 4.391998808348086548e+10 1.312340421078530884e+10 1.493008787130035973e+10 8.857213065777370453e+09 8.733764853516399384e+09 1.144032798799000549e+10 1.699490972771395302e+10 2.002070563972747040e+10 5.762378027093030930e+09 1.189949211007050896e+10 7.850952359162029266e+09 -1.369104050688228369e+09 7.176062510268785477e+09 9.729274869926134109e+09 8.576688653808176994e+09 1.373393807948600388e+10 1.215868927831602669e+10 -1.886165007804934740e+09 -2.481261507526513338e+08 -4.119863783520157440e+17 2.642505982906204800e+17 6.880386956289399200e+16 4.159170864299943680e+17 5.278389944402057600e+17 3.782441973063532000e+16 3.142685440783226240e+17 -8.339883346607267200e+16 9.031967983351571200e+16 -7.508106345317028800e+16 -1.336403622631681760e+17 4.586169494396065280e+17 -3.484327121964763600e+16 2.285445947667900480e+17 5.645643338625999200e+16 -1.433997370623650400e+17 1.619956767178694080e+17 1.153696050255034800e+16 6.555712903133260000e+16 2.623144319197138240e+17 4.586131506076135040e+17 1.200791958021041600e+17 -8.973584325092507000e+15 3.853932823052297600e+16 1.913575087128035200e+17 4.199716523575056800e+16 7.502082124912760000e+16 -3.033398920545768800e+16 2.589498082612585920e+17 3.549569183871600800e+16 1.066311294849137200e+16 1.705748978687614600e+16 2.564881395432785280e+17 8.487539008880275200e+16 4.020665763695450240e+17 2.812981733728835840e+17 5.523315437042053600e+16 2.166296472431879200e+16 1.698070384085509120e+17 7.650445765947180800e+17 4.227519377913557600e+16 1.885496710829564000e+16 1.391750009628450800e+16 -8.637981982128603200e+16 1.773665649634559040e+17 3.575769979213022800e+16 3.897231607078692000e+16 2.875901553680485600e+16 4.930297803534549600e+16 -2.616026790913145280e+17 -7.784010292208739200e+16 2.978040699945680800e+16 -2.281235861048389600e+16 1.950105928527645440e+17 1.823641889918627200e+17 8.396751830615969000e+15 2.674105029585250000e+16 2.477142813186420000e+16 2.081879297055956800e+16 1.448111381194247360e+17 1.373745899734422800e+16 1.778822900872626000e+16 1.389445842536910800e+16 1.679915612382293600e+16 -1.128998861482963360e+17 8.316641616281659200e+16 4.148833851850824000e+16 5.280079905800795000e+15 -6.057396831405679000e+15 2.483209870165778400e+16 -1.029114441696957200e+16 2.434937737152382080e+17 7.350827106032210000e+15 -4.053577009685326400e+16 3.313971990182007000e+15 1.793619395688816200e+16 1.597348021030115200e+16 -4.929192580239234400e+16 1.096543791017883360e+17 2.191763410350620000e+16 1.946256152075340800e+16 3.952481300476586000e+15 1.531083042590227800e+16 5.902094500655426400e+16 1.008827174201160480e+17 1.900465381271399600e+16 1.733135613799759200e+16 1.165496900904191200e+16 2.117297636863994000e+16 1.077102221589923600e+16 -7.414316418108160000e+16 1.150844601893249920e+17 2.952822889166150400e+16 1.129935732426574400e+16 -8.693125808066571000e+15 1.676428231928849800e+16 3.076829225780927000e+15 -3.321688762112077200e+16
8.275511720192404175e+10 7.417031565453111267e+10 1.959013713027872314e+11 1.804089560681389160e+11 2.491320613802198792e+11 3.606353534130203857e+11 1.774115608670889587e+11 3.248680123050438690e+10 9.186777559647322083e+10 1.597657498704419556e+11 5.159526955176911163e+10 8.516541583527081299e+10 4.788322643286669922e+10 1.851636638502709961e+10 5.352430737370632935e+10 5.586538359671791077e+09 -1.236868463943047714e+10 7.025912987041780472e+09 -3.050936889495306015e+08 1.491715439790850401e+09 1.704570737721035194e+10 9.904568453036769867e+09 2.010614850014539337e+10 -6.984129688217471123e+09 3.065542816644051552e+09 -6.875603449154239655e+09 -6.337193352376566887e+09 1.855521295929819870e+10 1.696578487476114655e+10 1.204028663746457863e+10 7.468801134506134987e+09 -2.064717662481389940e+08 7.276036642226128578e+09 -7.823671449103957176e+09 -1.593601308116384029e+09 6.626836967122048378e+09 8.072464548503831863e+09 5.024973457406440735e+09 3.688325221105391502e+09 -3.511452395849621296e+08 6.270061642382216454e+09 8.459293371142997742e+09 1.313835273236205816e+09 5.485826586876010895e+09 7.540256344950980186e+09 3.888177530230296960e+17 -3.489362746709899200e+16 -3.609009751273563200e+16 -1.485694323011266560e+17 1.933607281258631424e+18 3.394655287564009600e+16 5.523031695491940800e+16 3.134460168897812400e+16 9.859309040135552000e+16 1.060294970110276480e+17 3.843374289027162880e+17 5.047687699458141600e+16 4.906848271736565000e+15 6.280540651354705600e+16 1.001688741421824480e+17 -3.359405407909991600e+16 -8.356542852088146000e+15 6.489758248305096800e+16 3.358765165246289600e+16 -3.774053050692014400e+16 1.991395633704614080e+17 4.317636801439232800e+16 5.440036223785248800e+16 -3.199975207871706000e+16 -1.248638600334201750e+15 4.123171266064491200e+16 3.824884067769946400e+16 7.753807991571129600e+16 5.221642759249395200e+16 8.757957191142446400e+16 2.236705283977448000e+16 2.249986358794391200e+16 5.854200689603703200e+16 4.345835803606809600e+16 2.938998257164430800e+16 6.978137678156968800e+16 6.886783875571930400e+16 5.388758725901032000e+16 5.191294243956821600e+16 4.227519377913557600e+16 3.775083532575342720e+17 6.742212046281869600e+16 4.079370362838289600e+16 3.957353073860798400e+16 1.957197533409635200e+16 8.889239485184702400e+16 4.179701535827012000e+16 2.004853619604902800e+16 3.354408239426507600e+16 -6.409135297493612800e+16 -4.087671845941080000e+15 7.840671732315862400e+16 3.036851665200072000e+16 2.410694898009789760e+17 5.952291381812723200e+16 5.820507992817037600e+16 2.878435447086732800e+16 3.336202843067199600e+16 -1.113230690615405600e+16 1.173368332373448800e+16 3.655144278557192000e+16 2.780529094852365200e+16 1.696895483451059600e+16 9.802085286628120000e+15 2.633592656611738400e+16 -3.773853993860789500e+15 3.841353145040187200e+16 1.935263909200239200e+16 6.290160591910190000e+15 1.520855483193417600e+16 2.761265395751534000e+16 1.231289920885165280e+17 6.471821407337901000e+15 2.122810493402590080e+17 5.266314887671526400e+16 1.613901681168406400e+16 2.653435421310274400e+16 7.888589388786592500e+14 -1.298052720981896000e+16 4.217724368425772000e+16 3.415958371329957200e+16 1.849639663949621200e+16 2.430722568340895600e+16 1.183585718627903400e+16 2.121853077926692000e+16 3.668087842226493600e+16 5.453224189623660000e+15 6.320792040269287000e+15 1.648891672641970800e+16 1.559014416132774200e+16 9.195219229708390000e+15 2.754374312900947500e+15 4.092651860642343200e+16 1.038999910438151000e+16 2.811113174855198000e+15 6.366170749892028000e+15 1.996288931227351750e+15 4.090586260695635500e+15
-4.387753630310004883e+11 4.711626404316546631e+10 8.213766937710327148e+10 -1.055149556720978737e+10 -1.298356148725407028e+10 8.113637849645414734e+10 1.547960984337841797e+11 1.680787380790121155e+11 1.757203574935922241e+11 1.466401090748012390e+11 4.184717739714114380e+10 4.146605727416896057e+10 4.736324570894689941e+10 7.752374885789857864e+09 1.191841568074158192e+09 1.026893816097951412e+09 8.842114284432781219e+09 4.566316332360104561e+09 1.315893051930430794e+10 4.138592195042976856e+09 9.509155844249525070e+09 2.635108644392287445e+10 1.028134201608196831e+10 4.552486957898507118e+09 -5.201523266515435219e+09 -1.448056224905063629e+10 3.580313368241940498e+09 4.430396693371684074e+09 -4.129796252533751965e+09 -1.434223990464542627e+09 5.029274117696406364e+09 -1.446764214903892279e+09 4.076166589411055088e+09 -9.454509566681520462e+09 -2.384925986959923267e+09 4.404062199444824219e+09 1.161675351364767265e+10 8.150554947880946159e+09 6.390031156004602432e+09 9.057660127558177948e+09 6.473790629237475395e+08 7.086969979913592339e+08 -3.121058905986531258e+09 -3.173209690062762737e+09 3.249047690741050720e+09 8.395100562617881600e+16 -2.515195112629267200e+16 -4.981903288961584000e+16 -1.215393236531396000e+17 1.069782809676560896e+18 -8.416771148955092800e+16 3.201342153947501600e+16 -2.721957058441038800e+16 1.340374344824414200e+16 -1.174689482472351800e+16 3.061785945302578560e+17 7.829533637412359000e+15 1.258932408030558000e+16 3.469562409471159600e+16 4.033728078332750400e+16 -2.773740004351515200e+16 1.876663373265631600e+16 5.358756080804236800e+16 4.064644413549899200e+16 3.379584387491703040e+17 3.984401506544972800e+17 3.325329716809100800e+16 2.209162070457652800e+16 4.186505999699964000e+16 3.167675466446466400e+16 4.342564335485975200e+16 6.651040092718836800e+16 2.786450197373908000e+16 3.129072189230148800e+16 3.923009419371699200e+16 8.920712777920001600e+16 6.233484395079609600e+16 1.939371751188742400e+17 2.062860677475224400e+16 -2.972778449491409920e+17 -9.657848726558618000e+15 4.201776457837422400e+16 7.901363378434720000e+16 -4.505668561188075200e+16 1.885496710829564000e+16 6.742212046281869600e+16 2.596344020916678400e+17 5.178771018882095200e+16 1.862547203996225600e+16 -7.060431083912669000e+15 2.099327822176759600e+16 6.801694379516642400e+16 2.520061628419325600e+16 4.151125896052177600e+16 1.247456847522223040e+17 1.720924277043459200e+16 4.376446650112850400e+16 4.852126019411932000e+16 7.450291010617960000e+16 1.131232625707095600e+16 2.057946989943151600e+16 5.068173312236407200e+16 2.877783297888375200e+16 2.458044495207956000e+16 8.503047420254016000e+15 1.328286119183653600e+16 3.241205907908987600e+16 2.298825124604617200e+16 6.518453811056220000e+14 3.695422766061205600e+16 6.665205123513222000e+15 3.547921753974172500e+15 3.043936278283296000e+16 1.610115892807359250e+15 7.883440191187481000e+15 1.614917491915877000e+16 2.060635245304327040e+17 4.464821170847463200e+16 2.949990048398978000e+16 2.813083990600756000e+16 2.854109008097520400e+16 3.300847360341529600e+16 -5.410802354602072800e+16 2.360267396010534500e+15 1.751039488093955200e+16 2.377748407931382800e+16 2.289273356522528000e+16 1.996064977825118800e+16 -1.016826002589885800e+16 1.301954174818048200e+16 1.662383016048711400e+16 1.512837478195305200e+16 1.689555020401084600e+16 2.803363637981422000e+15 -1.976180110371230500e+15 -2.493028851187541000e+15 9.757714542183244000e+15 1.649254702930003000e+16 3.112268621345065600e+16 2.203544224871335750e+15 8.365824277825632000e+15 7.038985457010664000e+15 1.760458845586139800e+16
-1.852812853449683533e+11 -1.449009918238029785e+11 -1.111802675156156769e+11 7.034073363716127014e+10 9.615352438648910522e+10 2.662002704967259979e+10 2.126943422060131454e+10 -1.246696347154225731e+10 1.433357667990765686e+11 2.548487181218189697e+11 1.675235224913835144e+11 8.567716082629672241e+10 4.516249339257090759e+10 1.788188891117865753e+10 2.523136662092910385e+10 -7.802705649303086281e+09 8.217256448155781746e+09 -4.281024230183375359e+09 1.256922158841814518e+09 -2.469202231440371704e+10 2.229859237043650818e+10 -5.201712624232836366e+08 7.767736400522821426e+09 6.811230342740846634e+09 1.154544011098742962e+09 1.055814519196915817e+10 -2.122528655890314102e+09 -8.076329814648395777e+08 6.789562141366589546e+09 5.657743131209089279e+09 -1.408884742663891792e+09 -2.502348627928123474e+09 7.081290743267235756e+09 -4.530045001037494659e+09 2.002513352344863892e+09 1.329219604014982462e+09 6.061144377788025856e+09 -2.331494140456369400e+09 -2.399529903916474819e+09 2.328915684225640297e+09 6.897372090699385643e+09 5.210600032258372307e+09 2.631417509930779457e+09 -9.555693752729810715e+09 2.656922527817116737e+09 2.140585277422377920e+17 1.879593256136088320e+17 -1.642516915890911200e+16 -1.015374637626904320e+17 1.109951189735509632e+18 -5.335272803005784000e+16 1.260625443742453920e+17 3.173563696588919200e+16 1.272156421226740000e+17 -1.421855087430094400e+16 -1.869914720131729920e+17 1.173392003476737280e+17 1.589695702488165120e+17 8.907238888620224000e+16 7.050150435245139000e+15 -3.571029749077816800e+16 2.153384623187794000e+16 -9.437708680919768000e+15 -1.628417413988099200e+16 -8.791191704460608000e+16 6.544296106459461120e+17 6.937142161430428800e+16 4.692071327233082400e+16 2.900422986129139600e+16 2.740777566012270400e+16 5.574180052479620800e+16 1.962520949287402000e+16 6.081664687204285600e+16 3.929391344090027200e+16 6.828343769154806400e+16 5.300357347881997600e+16 1.975275558783594880e+17 2.176462204775968000e+17 1.943442664355202000e+16 -1.557995944573557120e+17 4.272236278256842500e+15 4.258644314065313600e+16 1.093360837643710600e+16 2.731410183939233600e+16 1.391750009628450800e+16 4.079370362838289600e+16 5.178771018882095200e+16 4.186690486900371840e+17 7.863344410737428800e+16 -7.848806703498354000e+15 1.702199549668716200e+16 2.424004720001445600e+16 7.473409999794788800e+16 6.830882342565418400e+16 -4.244271592234000640e+17 -1.662452588066491200e+16 1.022683654532020125e+15 2.770140332798469600e+16 -1.802048784795255600e+16 2.303399753437088800e+16 2.652573644344097600e+16 4.081087059603966400e+16 6.426941441481345600e+16 -1.794778942708536200e+16 2.148554679673030800e+16 2.217315849223837600e+16 2.316759473942859600e+16 4.033448097534630400e+16 1.568648776987764600e+16 4.049695250250823200e+16 1.303153280803525400e+16 4.861049033244229000e+15 -8.761203432942892500e+14 2.573640141550082000e+16 7.096249929044753000e+15 1.377916234698176800e+16 5.558953545184016800e+16 2.438548780291189000e+15 1.044599786470777920e+17 3.366819193009051200e+16 3.677271786421227200e+16 3.152845181600484000e+16 -1.934171989227280000e+17 -2.037809431594215600e+16 1.137082846127048000e+16 1.430069105993861200e+16 4.190473679020024800e+16 1.161322190946922000e+16 -6.987258437542091000e+15 1.227451547248281400e+16 2.690638253311476400e+16 2.089153405137379250e+15 3.693222306332053600e+16 8.641163421765344000e+15 -1.001482254182767000e+16 4.044682756999360000e+16 1.593646870296099000e+16 3.213948714546183000e+15 2.111825657730689200e+16 2.599054540153251200e+16 8.943049076216388000e+15 1.572568533262406000e+16 -2.397167641167728000e+15
3.875964441851076172e+12 3.948634580091962891e+12 1.460236644098743408e+12 3.014697608030053101e+11 -3.565147546792150879e+11 -1.447917041455083313e+11 1.166430923024636841e+11 -5.403891135800263214e+10 -4.830692629507834625e+10 -2.398501508532891083e+10 1.278105812964914551e+11 1.471548302780786438e+11 1.524871545312013245e+11 -5.631733583925531769e+10 1.572723892894570923e+11 -3.056847260608676529e+10 1.510554988629163170e+10 3.116486113493207169e+10 3.748013534995896339e+09 -1.372540742575089836e+10 5.999940604150004578e+10 -1.771169826964638901e+10 -2.495638494736033440e+09 -1.484102797515122032e+10 -3.597242843272215271e+10 1.651097562798889732e+10 -1.459702810001405907e+10 -1.988061597067255402e+10 8.183955971940694809e+09 8.216290674507793427e+09 3.762118749139682007e+10 2.652514028195914745e+09 1.183551732113080025e+10 4.235859931401152802e+10 -1.699008940605852699e+10 2.833076641951607895e+10 5.535831030231730652e+10 3.025340286530579758e+10 -1.744756638716440582e+10 1.406185581770468140e+10 1.526578572281052589e+09 2.875971328239377022e+09 -2.524708466265185547e+10 2.102838913275521469e+10 7.735896094259737968e+09 8.968437308309312512e+18 2.853435002096734208e+18 3.158589501276670464e+18 -1.213588577139172000e+17 -5.791334595312721920e+18 1.726180003804523264e+18 -4.303025602401444000e+16 3.410930170199429120e+18 8.596003930984760000e+16 -3.492123640463672960e+17 5.113581615348094080e+17 -4.898944482656419840e+17 1.223238809276693248e+18 -3.287851843312324480e+17 -2.031425344952562560e+17 3.324094981138514944e+18 7.413905535212217600e+16 -7.770452497072465600e+16 -5.942633077994930400e+16 2.061891610311417344e+18 -6.018789186880058880e+17 -1.064781877686960800e+17 -1.573809510594695680e+17 1.084582631615553920e+18 -1.700746382315775360e+17 -4.046034575733986400e+16 -1.447670383194617400e+16 3.241390403941548544e+18 -1.542658474694086080e+17 6.270583079009640800e+16 -1.210346206529097200e+16 -6.416719495936577600e+16 1.334290840086610080e+17 -2.557173220712000400e+16 7.757879339868571200e+16 -1.478360892116296000e+17 -2.745077051039782400e+16 -2.849051215645133600e+16 1.561823795548248576e+18 -8.637981982128603200e+16 3.957353073860798400e+16 1.862547203996225600e+16 7.863344410737428800e+16 5.445425761059576832e+18 -1.997374498688687600e+16 4.954616242506493600e+16 6.464760615305144800e+16 3.911432905565018400e+16 2.533899726669209200e+16 -1.448124542585257984e+18 -5.658228613563445760e+17 -6.577942711369870400e+16 5.369779425769094400e+16 7.510605252727738880e+17 -1.226474341548158240e+17 2.406350959430094800e+16 -5.106497966489933600e+16 -7.338041501435123000e+15 1.289855970237751808e+18 -9.236764610985140800e+16 -4.330139990212380800e+16 7.148581418026870400e+16 2.321473571445283600e+16 5.868359624881715200e+16 2.931842359424770048e+18 -4.014820471157905600e+16 2.864929949911292400e+16 -4.729160525515612000e+16 -2.698695921399547600e+16 2.524626537801114800e+16 7.730288583533844800e+16 -3.657248302071292160e+17 5.115310598268540000e+16 5.282680406691016320e+17 8.541633010044000000e+16 5.536096727238673600e+16 -1.637534357777771600e+16 3.736968302654810400e+16 -6.075397639420588800e+16 -8.186615000071174805e+12 2.111711721626904000e+16 2.964070620158726800e+16 4.643535963667042400e+16 8.549902577108043520e+17 -3.787095313107337600e+16 -1.935178405828720000e+16 1.901721084408432250e+15 -8.910682963620811250e+14 2.478036628002863600e+16 8.054465289340165000e+15 2.614197880792584704e+18 -1.326244163791596480e+17 8.485271114549802000e+15 7.871305432159104000e+15 -1.200120505409269800e+16 1.376003075545955250e+15 7.665273504934427000e+15 2.695509761956038000e+16
-1.743507436344034119e+11 -3.607448839274194336e+11 8.395484458907282715e+11 9.762905361031254883e+11 2.898992626043735352e+11 3.189032903363077927e+10 -2.085741391872222519e+10 1.158205230796153717e+11 4.611877708042044830e+10 3.261969094518317413e+10 1.028844412576451721e+11 9.713766110043550110e+10 2.884599010740957260e+10 -5.455047846555656433e+09 -3.932625692568043518e+10 1.895277547163623047e+10 7.817904319212616920e+09 -1.055189402928154755e+10 2.433208450821828079e+10 -2.275695057080762100e+10 -1.642322143787013626e+10 -2.489961785806311798e+10 4.760313882480997086e+09 7.685547683980511665e+09 -7.280478884172294617e+09 2.996414324653557205e+10 9.184252442093801498e+09 3.611271509838114929e+10 8.974467443039863586e+09 8.615353490069004059e+09 1.916080100351418734e+09 2.786950527804578781e+09 1.193999517248097610e+10 2.092058077011520767e+10 1.364267162407169914e+10 1.097882389488718796e+10 2.487040258959005737e+10 1.095992696237705994e+10 -3.150893519316146970e+08 5.211888995577071190e+09 4.431955530164107323e+09 3.519549163511011124e+09 -8.360050572340323448e+09 4.421892259063662529e+09 3.343882133996548176e+09 -1.869146938416281280e+17 4.837812858906948800e+16 -7.154068830321565600e+16 -2.495509589617886800e+16 1.700143843593041408e+18 -2.475439654206647040e+17 1.815762357125020160e+17 3.223443604755745600e+16 2.001604505957223040e+17 -3.197158159371157200e+16 -1.006574862774176640e+17 3.754361801168517760e+17 9.155048540371315200e+16 1.509715777620063360e+17 1.186349250870135750e+15 -1.520831426770527200e+16 2.183977859573402240e+17 4.047846516883479200e+16 1.617935544916640000e+16 3.945028320775841280e+17 1.245754318535642880e+17 1.495701755385904640e+17 -2.849377499279684400e+16 -5.348264826284056800e+16 1.787752156457910720e+17 1.663096967953857200e+16 -3.012509294011351500e+15 -2.323963017480909440e+17 1.688163908684868480e+17 -2.197475622894608000e+16 -5.943747275638569000e+15 -4.328112962746513750e+14 -1.331947037999915680e+17 2.208545929847570400e+16 -1.155410309396652000e+17 6.120005685732433600e+16 2.463232305470993600e+16 3.841281896759646400e+16 3.393649386878196500e+15 1.773665649634559040e+17 1.957197533409635200e+16 -7.060431083912669000e+15 -7.848806703498354000e+15 -1.997374498688687600e+16 1.110891846167987712e+18 7.191790373026305600e+16 3.989325240505023200e+16 1.710038486919156600e+16 4.567082012163888000e+16 2.908321605800880000e+16 1.851748135602330560e+17 -5.121744664910144000e+15 -6.025798209023811000e+15 1.369626222009266400e+17 9.718168299177392000e+16 -1.091161140319880200e+16 4.730775905078255000e+15 -1.999715575080186000e+15 4.610076823023310400e+16 1.601414569185761280e+17 2.935002048477085600e+16 1.533604834124962400e+16 1.107706352538266600e+16 2.462981084710772800e+16 -1.482577713857388160e+17 9.467189020102440000e+16 1.381493817591060200e+16 2.221697960457848400e+16 -3.428321755571210000e+15 -2.554021755647780800e+16 -2.752864426408951200e+16 2.444167175462858560e+17 3.568518061371241600e+16 8.265889503616532800e+16 -4.432644477118422400e+16 4.701079376382166000e+15 -1.089711450475946800e+16 -4.229079213658464640e+17 8.437141236666630400e+16 -2.406014790140661500e+15 2.502491841778372400e+16 1.684067403325519600e+16 8.935418997623835000e+15 -6.851038395329248000e+15 7.906186940366995200e+16 -7.168638621356020000e+14 2.780502207726354000e+15 -4.080845390906881500e+15 7.951447756047671000e+15 7.513697376460192000e+15 -1.404755841246066080e+17 9.286633226525190400e+16 -2.351400065488993200e+16 2.289210043927868000e+15 9.886827018180108000e+15 2.495137630401369000e+15 8.722383647221577000e+15 -1.950525177941388000e+16
4.541644440014261475e+11 7.820406536654307556e+10 2.026548796656014709e+11 1.088580614764402618e+11 2.315576885327184143e+11 2.958881450025925293e+11 3.906502089208367920e+10 -1.643356178261839104e+10 2.814511911780308533e+10 -1.844953065858859301e+09 1.012425665342167816e+11 1.508306354328776855e+11 2.180059658153585052e+10 5.521398828309054565e+10 5.721638266286585236e+10 -1.890228040432196426e+10 5.585002250037165880e+08 1.197812161918346405e+10 3.271195235459535599e+09 1.166059971888823318e+10 1.291439873500606155e+10 -2.425178383572595215e+10 8.228600888956274986e+09 -2.477881282001777172e+09 -2.635789416777941895e+10 1.669072344304818535e+10 1.171046600330865145e+09 1.853507964790934753e+10 -7.512766165543815494e+07 1.739440677604394913e+09 1.011835397429785490e+09 2.423598577456941128e+09 6.174725456578743935e+09 1.345317332825387955e+10 5.176465432487555504e+09 1.380555019862669945e+10 4.161630143049274921e+09 1.126514500593061066e+10 -5.127592421557837129e+08 1.066505598454751587e+10 6.582042534007611275e+09 4.689014070558730125e+09 2.650408593950801468e+10 1.455703211879017651e+08 6.934943576500099182e+09 7.004279363157292800e+17 -6.837557687703123200e+17 1.452270843008522560e+17 -1.773192822137245760e+17 1.227688569069155584e+18 -2.903325927385596800e+16 5.201070598895923200e+16 1.640875111471201600e+17 1.310635609664083680e+17 1.280489462961815200e+17 5.647888350755463200e+16 -3.343896718452447600e+16 -1.286509030093140960e+17 2.876953473931264000e+15 1.081616308084944320e+17 -2.029092202320910800e+16 -4.818918726122744800e+16 2.084706917941868000e+16 3.571820332372003600e+16 1.213324889181966080e+18 -9.675069521921148000e+15 5.233807486945779000e+15 3.197107568072222400e+16 -2.380690249974393600e+16 -1.726034786250098800e+16 6.504888357233952500e+14 2.777146645889089600e+16 2.943118659096916800e+16 1.647165414323206600e+16 4.773141064198613600e+16 8.451560332084319000e+15 5.218223109995958400e+16 -1.245077317755289280e+17 1.025744869884741120e+17 -3.588394391519816960e+17 5.095237396135586400e+16 3.362320401226958800e+16 -8.219444049188166250e+14 -7.051346168521753600e+16 3.575769979213022800e+16 8.889239485184702400e+16 2.099327822176759600e+16 1.702199549668716200e+16 4.954616242506493600e+16 7.191790373026305600e+16 7.003870556679166720e+17 8.928333241637848000e+16 4.490084046354026400e+16 8.191597116210976000e+16 -9.441887360054582400e+16 -1.693558423830412400e+16 3.850169863977823200e+16 2.022850219630796800e+16 1.244208960830475200e+17 -5.835254966671663200e+16 3.565929711199136800e+16 2.188770617580570400e+16 -7.121440384239605000e+15 -1.792050271693392400e+16 1.905022868182019600e+16 1.016634943932315200e+17 4.231258724851580000e+16 3.008861835455185200e+16 2.600199982936650400e+16 2.076192704852057200e+16 -4.909730506038788000e+15 7.129065967315888000e+16 7.587131531896802000e+15 1.134651538262576800e+16 2.107372520407935600e+16 5.081497598973372800e+16 1.720359497189023360e+17 -5.268326413851149600e+16 1.021454772110279625e+15 3.509902789063459600e+16 1.829253095328270800e+16 -1.247887235544636600e+16 7.577620876396609600e+16 1.463284292957099800e+16 2.554238284719757200e+16 2.428138916497328800e+16 2.470785591155444000e+16 2.965984858594416000e+16 -5.804474485580688000e+15 1.954109632279279600e+16 2.746330057167772800e+16 -1.446905847439493200e+16 -5.919552834201022000e+15 3.212670154278818800e+16 1.603279055971527400e+16 8.471550367258155200e+16 2.328186715284435600e+16 3.664774696214696800e+16 1.686860628377864000e+16 -6.509325183892148000e+15 6.914543409840403000e+15 1.028657301885459500e+15 -1.226146795798378250e+15
7.923223742074511528e+09 2.947190217644816284e+11 1.577092308935721970e+10 3.555961871950188446e+10 -9.178659673919717407e+10 8.282489800273190308e+10 1.733946703173333435e+11 1.674225094223878479e+11 7.074945583424378967e+10 2.740747374770234299e+10 6.760369433246582794e+10 1.254119659923340149e+11 3.166961203917801666e+10 1.953889405619229889e+10 2.201783988382052994e+10 -1.890153849885496521e+10 1.511386359111988068e+09 2.201370089961277008e+10 -1.281747922590503693e+09 6.003814842793829441e+08 1.324724889604183769e+10 -5.237051562597279549e+09 6.243132807071825027e+09 -5.603748505982403755e+09 6.405641893219256401e+09 4.822019196325878143e+09 2.013895074888852596e+09 2.860934867542501450e+09 2.626361823371727943e+09 -3.426839187272043705e+09 -9.536889689204185486e+09 1.197553274123805428e+10 1.622577360775125742e+09 1.756305824811415434e+09 -1.142633663736300278e+10 2.661528974141372681e+09 -3.341545855803616047e+09 -1.103143985161639786e+10 4.576703271667400002e+08 -4.335727721652601242e+09 -4.200674170257259369e+09 7.845866181491774321e+08 1.257556226859807014e+09 4.719456464892622232e+08 3.528011412698647022e+09 -1.230509128807266400e+17 -3.215658821633169200e+16 -4.328588025377044000e+16 -6.684203757805899200e+16 1.216213118712605696e+18 -1.067883825357427840e+17 7.001359505499634400e+16 5.594989398498776800e+16 3.694745094244958000e+15 9.937105621637822400e+16 -1.147716106419058240e+17 -7.906629385362073600e+16 -2.232740055193455600e+16 3.759121327647696000e+16 6.317129197378900000e+16 -6.559844373694199200e+16 4.853170635632522400e+16 6.400716606265433600e+16 1.129889515822325760e+17 7.386379126682691200e+16 1.242294699148342880e+17 4.070599496737937600e+16 -2.154296304566386400e+16 2.463118009246128800e+16 -1.014634665051706875e+15 7.247165764769001000e+15 7.887480154419179200e+16 2.534283864161914400e+16 8.027859708226213750e+14 -4.939207474760295000e+15 3.471124756492881600e+16 -1.113605924021044000e+15 -5.478971345899212000e+16 3.602368927556331200e+16 -2.585733254054148160e+17 -2.619894643864788000e+15 5.025496088100737600e+16 7.824346801971542400e+16 -7.617466400250800000e+16 3.897231607078692000e+16 4.179701535827012000e+16 6.801694379516642400e+16 2.424004720001445600e+16 6.464760615305144800e+16 3.989325240505023200e+16 8.928333241637848000e+16 4.877342995080186880e+17 5.628696326847135200e+16 3.658678588615736000e+16 -8.947628931022182400e+16 -1.513025362510876800e+17 1.301555992377410800e+16 8.683743685855871000e+15 3.392801112779212800e+16 1.631012759527155200e+16 1.210271073729378800e+16 3.773070393237893600e+16 1.068248292519300156e+14 -5.431074645663758000e+15 2.114047934923055200e+16 4.944101430090776000e+16 6.385629359028243200e+16 1.870901280193063200e+16 3.335378761585947200e+16 4.046923878890904000e+15 -1.136664450000145600e+16 1.926251172047136000e+15 3.912451850576154400e+16 -1.899376546673585600e+16 9.736757434217732000e+15 1.255448327086520000e+16 1.629608543302588160e+17 3.272026748906980400e+16 -3.458916573508216320e+17 3.064891867534889600e+16 3.185166913835947600e+16 -1.009498001610738000e+16 -1.906721357264851200e+16 1.194562491930770200e+16 2.648832287055378400e+16 3.387554438534202000e+16 1.338182028319840200e+16 3.074846129023915200e+16 6.016366966340456000e+16 2.928419500575680000e+16 6.990945335497974000e+15 1.890377283449747200e+16 -6.084426378094524000e+15 9.081290920299338000e+15 6.278354087484118000e+15 1.115180386520911200e+16 4.417999052745132500e+15 2.201278672646356750e+15 1.690563783134970400e+16 3.151527549926170625e+14 2.931106590520540625e+14 5.429105347305722000e+15 -6.000882014963591000e+15
-6.471302285352493896e+11 2.671596270498125000e+11 1.223616567841898956e+11 6.069283743534459686e+10 -8.071357530132354736e+10 8.652747909865754700e+10 6.205920383072753906e+09 4.235584404745611572e+10 8.832222878953962708e+10 1.291307886297469940e+11 1.148166751075595398e+11 1.382329605237829285e+11 6.064783543610049438e+10 2.296373249936126232e+09 -5.069009641122835159e+09 1.925021877119860840e+10 -3.471021001361438274e+09 -1.612725875849569321e+09 -4.195912603652040958e+09 1.380867977712078667e+10 3.106231502583458424e+09 -7.661382715406577110e+09 7.881012383610667229e+09 -1.521468288338457680e+10 1.040962839655417061e+10 1.722913799814031982e+10 1.236227460129714775e+10 5.322338558687761307e+09 5.483476661370695114e+09 -1.389655106363851547e+09 -5.713859987926059723e+09 4.091228766538880825e+09 5.277257808886110306e+09 1.299840222503634930e+09 -1.007698680462066084e+08 1.947933290623634338e+09 -9.615778965013875961e+08 9.183028859702095032e+09 8.851854478464790344e+09 -4.612963804134158492e+08 2.641686478796190739e+09 6.902767377661570311e+08 -5.198573336722053528e+09 -4.807129534104528427e+09 5.930370685354050636e+09 -6.837494479207824640e+17 -1.060600904252212400e+16 8.999320929857606000e+15 1.368303890718336640e+17 -4.083084640219849600e+17 -2.119726843905203600e+16 8.102708834219587200e+16 4.475983494144900800e+16 -1.937941569638740800e+16 -2.132147385046877200e+16 -2.469950003750615680e+17 9.171597736378794000e+15 1.064570843614313920e+17 9.299637686943652000e+15 4.523017756302377600e+16 3.939781117459081600e+16 -3.079527582769376500e+15 6.995820309439985000e+15 3.585154211604944400e+16 -3.464759525462657920e+17 2.190679943230274880e+17 7.855604035952670400e+16 1.713632024579352800e+16 -2.295777065547739200e+16 1.609601075491936600e+16 2.769391441655378000e+16 4.446648671264340000e+16 -4.779281000532461875e+14 1.534670187068038400e+16 2.324855745136558800e+16 4.749396598532809600e+16 4.025849547592744800e+16 8.991816771154876800e+16 4.286036999121802400e+16 -3.460594341037849200e+16 3.591611805459708400e+16 3.184494127787471200e+16 3.280425938912570000e+16 1.995940182900480000e+16 2.875901553680485600e+16 2.004853619604902800e+16 2.520061628419325600e+16 7.473409999794788800e+16 3.911432905565018400e+16 1.710038486919156600e+16 4.490084046354026400e+16 5.628696326847135200e+16 3.280463276254304640e+17 1.004741194668627360e+17 -4.149048670583413500e+15 1.923817777563942000e+16 3.292583720630699200e+16 1.142973077428525000e+15 -3.541147441732721200e+16 2.480693719388146000e+16 1.801857400031152400e+16 8.225691447521503000e+15 3.740327954336282400e+16 1.165074861762151400e+16 2.763382139550975200e+16 2.369351512981717812e+14 1.610479123012070600e+16 3.490348881841723600e+16 4.014856333861899200e+16 2.103215401663066750e+15 1.125698661981925400e+16 8.972097477374760000e+15 7.437107007244494000e+15 3.238185641503261000e+15 9.047435020279958000e+15 -2.587908279253678500e+15 8.113032830781724800e+16 -1.400602722519500600e+16 -2.840205524056260000e+16 8.976554736544043000e+15 2.102454134116014400e+16 1.303495257341949400e+16 1.447095710297019840e+17 2.703964266617460000e+16 1.452921005022235000e+15 1.806553528001788000e+16 2.871643088167899200e+16 2.653157875330380800e+16 2.320410799427554375e+14 2.125223709030180400e+16 2.671491418918507000e+15 9.576070258726216000e+15 1.182970149506197000e+16 4.998189454707848000e+15 -3.812203592302423000e+15 -4.684769887736296000e+15 2.847747578882896800e+16 -6.727393160433233000e+15 5.628182900459553000e+15 1.361507725726151600e+16 1.365160826096739000e+16 2.948044306343142000e+15 8.373921003997766000e+15
-7.210057698337794189e+11 4.738872424192232513e+10 1.298339306569146576e+11 6.047970408677835083e+10 -9.011208850904296875e+10 5.915457525652605438e+10 7.638401992346601868e+10 3.760455223001366425e+10 7.347944295114616394e+10 7.336538348538825989e+10 1.490364181193316650e+11 1.622071527615198669e+11 1.199621880960599518e+11 4.060801586748926544e+10 2.912338514842847061e+10 -1.822161483506994724e+09 -2.825218795212041855e+10 1.624070795965571594e+10 5.312147764320794678e+10 1.039505710580153656e+10 2.439293070917691803e+10 1.787121898658894348e+10 7.334308629022564888e+09 -1.436428387778506041e+09 5.909845850044106483e+09 2.391300188299216461e+10 1.813451554722215652e+10 1.036136489058027267e+10 1.340623345909153366e+10 1.434794779301667404e+10 -9.000070751918020248e+09 1.511994051231528091e+10 1.923183353703990555e+10 8.834511103383718491e+09 1.881412259422415972e+09 3.069597219953861237e+09 -4.919403124059470177e+09 -3.260250386432566166e+09 -5.934318772143190384e+09 -3.353873903554211617e+09 1.163718056041791725e+10 1.666282637319492400e+08 -5.582420438480325699e+09 -1.352596987365877867e+09 8.226577946997362137e+09 -2.490158123744482880e+17 3.972558724946931200e+17 2.898988815875841920e+17 1.755138591904457280e+17 3.099313046626046080e+17 -1.205868271719887680e+17 -5.923643162878023200e+16 2.912622686414973125e+14 1.419917046299061400e+16 5.613026861334883000e+15 1.342904791602826240e+17 -7.159430477583516000e+16 5.660248640872951200e+16 3.534692779325052400e+16 -1.447070048223415200e+16 -6.588464925487108000e+16 1.437362042351187200e+16 -7.187823223536164062e+13 -4.605244365105556000e+16 -7.689534471513990400e+17 5.687197240151690880e+17 6.680674852750459200e+16 2.285899700281548800e+16 5.849677168587812800e+16 -4.892994276828702400e+16 -3.253571114586038125e+14 2.137685446805520000e+16 -1.406083215290914600e+16 7.796171028710153600e+16 1.522574742269268000e+16 5.913522935527488000e+16 6.852222233991041600e+16 8.644400317045236800e+16 4.882141735792431200e+16 -1.750238175292003840e+17 2.888249581245761200e+16 3.791677431952086400e+16 3.589380154775569600e+16 7.357532335250193600e+16 4.930297803534549600e+16 3.354408239426507600e+16 4.151125896052177600e+16 6.830882342565418400e+16 2.533899726669209200e+16 4.567082012163888000e+16 8.191597116210976000e+16 3.658678588615736000e+16 1.004741194668627360e+17 8.292747947023988480e+17 -5.415855813476105600e+16 -2.785271080024704320e+17 7.420115975599107200e+16 6.753436554886605600e+16 -1.092571138680757600e+17 -3.451823216212374800e+16 2.208792991007488400e+16 3.317907202658318000e+16 1.401631779242344200e+16 5.141349945623892000e+16 3.032186540260357600e+16 2.961033136022719200e+16 4.451057767831480800e+16 2.360853120639150400e+16 5.345931083429441600e+16 1.525983813967023250e+15 -7.244138705562810000e+14 2.759202847234113200e+16 1.592729344310232800e+16 6.516285640695833000e+15 2.481223170279488000e+16 3.011119224183042000e+16 -1.859188451738436400e+16 6.693533786631820000e+16 -1.077875570066721600e+17 1.448803226554526200e+16 2.680306031933305500e+15 7.042222400496504000e+15 2.183415145030135600e+16 -2.046524687716953600e+16 1.730107149201353800e+16 2.438942878682546400e+16 1.536425906585737000e+16 3.325332651353140000e+16 2.212841222289818800e+16 1.125567719052146800e+16 1.808613058435083200e+16 2.199427482341717250e+15 6.773508868721908000e+15 2.084910266896246400e+16 5.240925973427839000e+15 2.404752077037001600e+16 -4.868275080142751000e+15 1.986921605697060400e+16 1.934229349230247200e+16 2.216075395798967600e+16 1.236029704118786200e+16 1.544331406635079750e+15 2.381736195059548800e+16
2.436604971757360352e+12 -3.548727944811517090e+12 1.016637517706604614e+12 -2.856729421198215332e+11 -2.212172299045432739e+11 4.069642396615831909e+11 2.114396100852617676e+12 6.824871960179461670e+11 2.831636397822970581e+11 -1.011316534277667084e+11 -2.899182065868427124e+11 -1.504777530199165649e+11 4.789485008310358276e+11 -4.653671937633841705e+10 -3.620400475044923096e+11 2.333425574066161804e+11 7.317840115212806702e+10 4.265608877860457611e+10 1.884993022399963074e+11 2.077602001656303101e+11 6.147144719334577179e+10 1.977702566707398376e+11 3.424740561370197678e+10 -5.099511285141192627e+10 -1.046027586221041718e+11 2.628003995397567749e+10 -6.388255485091503906e+10 3.707497134660236816e+11 9.507409379488862610e+10 6.240108006814762878e+10 8.140463515396275330e+10 6.794376892823204041e+10 -3.316238737139685059e+10 -1.313497699590675659e+11 -7.615752593042352676e+09 1.703265608000435486e+11 2.068715277159529495e+10 2.762442639630661964e+09 6.106835672886244202e+10 3.105420793299202728e+10 1.053164201184590759e+11 -2.498669196905995846e+09 7.129268763933306885e+10 1.014931776229975319e+10 3.464191241113894653e+10 -2.805565626788052992e+18 -7.016062499247363072e+18 -1.285867224272981440e+17 2.113302219475532800e+18 -1.113783100475113344e+18 1.774370460026432000e+18 -5.631401352988063360e+17 2.124653278281631744e+18 -2.067090858285459520e+17 -3.629773529165624320e+17 -2.872046226750133440e+17 -1.579225942459479552e+18 -6.451822589542563840e+17 -3.993736160499187840e+17 5.921128320773183200e+16 3.964612535779926400e+17 3.508031335189674880e+17 -2.381474390260445440e+17 5.903126147429600000e+17 9.103952421161743360e+17 -3.562933949202646528e+18 -2.233052710511420160e+17 9.902753746243385600e+16 1.440117730069356160e+17 6.133073795896901120e+17 -1.457555212789187840e+17 -9.518448563059758400e+16 4.976002866963978400e+16 1.829634163784550400e+17 1.243567029638455200e+17 2.432328510635341120e+17 -9.609282921427883520e+17 2.272766640216793600e+18 1.063579411862750720e+18 6.282842701921274880e+18 6.013759405986101760e+17 7.505629264763811200e+16 4.625890228202379520e+17 -7.433840911844220160e+17 -2.616026790913145280e+17 -6.409135297493612800e+16 1.247456847522223040e+17 -4.244271592234000640e+17 -1.448124542585257984e+18 2.908321605800880000e+16 -9.441887360054582400e+16 -8.947628931022182400e+16 -4.149048670583413500e+15 -5.415855813476105600e+16 7.332361727254903194e+19 -1.369720648031212544e+18 1.012413798710192256e+18 2.676273649383663680e+17 2.045851061412191488e+18 -7.577992536844971200e+16 3.373821121643788400e+16 -5.461457470975004000e+15 -3.675223522960304640e+17 -6.427746603397047040e+17 2.028470025666806400e+17 2.000818725668756480e+17 -4.984596855903039200e+16 -1.678952189508471360e+17 -2.874422414544044800e+16 -3.446692650126904960e+17 2.654609480423034560e+17 9.707321093975616000e+16 -1.665342884198960800e+16 1.718323025231158080e+17 -8.355259343974654400e+16 -2.276042495549823360e+17 8.891021784716305920e+17 -5.025309472985359200e+16 7.637691017711777280e+17 1.354004113999114080e+17 -3.874878233564442400e+16 -6.346939414713929600e+16 -5.075635989742092800e+17 -3.865185994160940800e+17 6.381512174556548800e+16 1.344363876313257600e+17 1.000649170272961600e+17 -1.429760391599404640e+17 -4.684853455782224640e+17 -1.062629965158725920e+17 1.488340872956485440e+17 -1.240272478550913120e+17 7.859716162905372800e+16 -1.023780298717683840e+17 -3.859121969090772800e+16 1.330278796326179520e+17 1.726613862240863680e+17 1.966715953131905280e+17 1.958756664828449600e+17 1.048190742881162080e+17 7.961064846092835000e+15 -3.934808034005325600e+16 2.516610003260328320e+17
-4.520103292261006836e+12 6.390284505811766357e+11 -4.590818530765400391e+11 1.388182860238348877e+12 1.763829949689011963e+12 6.074619036196562500e+11 -2.599643258955840759e+11 1.272472429356537170e+11 3.616773402562664795e+11 5.525881598047766685e+09 7.891086186001841736e+10 1.322361034970894012e+11 -6.874764771858121338e+11 7.055411768538598633e+10 2.284690003504467468e+11 8.740547906380015564e+10 -1.130982741458509369e+11 1.949247128017658081e+11 -1.870929948543260803e+11 -1.609876129243531189e+11 1.967531804244403687e+11 5.946927025985029602e+10 -4.673619173792082977e+10 7.676065958304016113e+10 -7.537467344095832825e+10 -1.241948665032170105e+11 3.984461658976760864e+10 6.403936601269635010e+10 5.649566348604609680e+10 -5.796234835792124939e+10 -4.149614068557759857e+10 1.536852455406422424e+10 1.116254173931589050e+11 5.645725062709010315e+10 6.884273711965933228e+10 1.395500775184042053e+11 9.271875455669502258e+10 -1.811131014972778320e+10 1.223994556603065109e+10 7.249361892843148804e+10 -3.896541708344918060e+10 9.064212754106719971e+10 -3.401968117279476929e+10 -2.349466217643170929e+10 -4.144394888983644867e+10 3.669519821761524224e+18 -1.339322794874872320e+17 -3.429930249625454592e+18 1.308176006566975744e+18 -1.205115255452028723e+19 -2.071165866223744400e+16 -1.860856005351800800e+16 7.783349455167802880e+17 -5.807006062357585920e+17 -1.527734305611059712e+18 -3.681688656654762496e+18 1.518031068870163840e+17 -4.808386674360432640e+17 4.677253982728637440e+17 1.198984351030236800e+17 -9.751024982146892000e+15 8.204427790434634240e+17 5.274495988731957600e+16 -6.500697710786179840e+17 1.861438958001073152e+18 -1.052399115736537120e+17 4.067680038505789440e+17 6.697104873531979520e+17 -1.006654239394651648e+18 3.782036188640947840e+17 1.015669336206037760e+17 2.309531095935639040e+17 -9.180146298518140160e+17 5.921032665872815360e+17 9.007994458653516800e+16 -1.006160953908774800e+16 -2.592334766958419200e+17 5.321408694573513728e+18 -8.380417585910145280e+17 3.458938760780515200e+17 1.347036094086668800e+18 -6.506010672116968800e+16 -2.035404325710778560e+17 -8.008667519201557760e+17 -7.784010292208739200e+16 -4.087671845941080000e+15 1.720924277043459200e+16 -1.662452588066491200e+16 -5.658228613563445760e+17 1.851748135602330560e+17 -1.693558423830412400e+16 -1.513025362510876800e+17 1.923817777563942000e+16 -2.785271080024704320e+17 -1.369720648031212544e+18 4.480246646977125581e+19 1.929686204062263680e+17 6.665228111856612000e+16 -6.593586010975008000e+17 4.421850063897191680e+17 -7.745241597669940800e+16 1.050033589863395200e+17 4.517204340329525600e+16 -7.413646398693524480e+17 2.840618163576594141e+13 -1.847144402281529280e+17 -1.467650724338412600e+16 3.805694715085013000e+15 -5.680505052193331200e+16 -3.291183848893054720e+17 2.541560784625495680e+17 -1.190042037649809120e+17 -1.089263566169978880e+17 -6.841214271916004800e+16 -1.400643122420404480e+17 -7.626536115859248000e+16 3.349300468552327040e+17 -4.598166502468189440e+17 1.842667126968024064e+18 -2.481637678951222800e+16 -8.095049160011955200e+16 1.750529745952071680e+17 9.347773450008551680e+17 -7.566370612722654000e+15 1.343104977777489200e+16 -1.535111343199438720e+17 1.957876897892198400e+16 -1.710681231739226000e+16 -3.767914826073585920e+17 2.602791684122954240e+17 1.255490782605458800e+16 -1.112559197728250240e+17 -3.654674043447428000e+16 -7.997179760516366400e+16 6.124675466457566400e+16 -2.981900919228831360e+17 2.102849994659473600e+17 -1.296225922577586240e+17 2.470871266239040960e+17 1.703897542973402560e+17 7.667242753536030400e+16 -1.260293778572570080e+17 1.148838016831543840e+17
-1.524306137548511475e+12 -1.912942897348768616e+11 2.601497631546501770e+11 1.466882333394887085e+11 2.839953776617344971e+11 5.236736533566495361e+11 4.287894304654877930e+11 2.354362288885315857e+11 2.570996175510578918e+11 7.527920392402655029e+10 3.333484943345624924e+10 -2.841765589276845932e+10 5.681659924159345245e+10 7.976132392550588989e+10 8.020988600281390381e+10 5.253611356359713745e+10 5.474372767901336670e+09 3.793750459804039001e+10 2.233481881241292191e+10 -9.243749272346349716e+09 2.596477758740059376e+09 -1.290219438589415359e+10 -1.073890790976184464e+10 2.354419722352801895e+10 4.561237367177159882e+10 -7.282426657194434166e+09 1.649606607999485588e+10 1.397390652439641571e+10 -6.204113041439992905e+09 1.524801624430888939e+10 2.558463425354323864e+09 1.033127428662589312e+09 4.434813691293733597e+09 1.715798248026366425e+10 1.454036898909462166e+10 6.106081705753839493e+09 -1.911306813691066027e+09 9.954214776146793365e+09 -1.522452467399528436e+07 7.318335666207223892e+09 1.865549341768855667e+10 1.111841388680439186e+10 -2.989523113357292652e+09 -2.035830496596649647e+09 1.008305529292311549e+09 -1.261889522219866368e+18 -7.812237840216350400e+16 -2.069347029211069440e+17 -5.781283360480435000e+15 3.196148084355372544e+18 -6.682800914445940000e+14 3.325570762959832400e+16 8.525190186756358400e+16 9.519261129064433600e+16 2.093103465081992320e+17 4.442139358714203520e+17 -1.454430423836456960e+17 7.617058440859766400e+16 7.057285567359243200e+16 1.448698818758157440e+17 7.344019621989510400e+16 3.596642624890849200e+16 6.659818350478704800e+16 -1.463209418223089600e+16 1.411138585227970560e+18 6.635467054485481600e+16 -3.797248796951628000e+16 1.041081217184964320e+17 1.149680635854124800e+17 1.560428875418748800e+16 1.048161334382701600e+17 6.091977137233621600e+16 7.456183401255252000e+15 7.421395287678853000e+15 3.124449832666010000e+16 5.029303874687571200e+16 4.709735060831524800e+16 6.064244605740325120e+17 2.666521461616674560e+17 4.944252007286950400e+17 5.010413956142364000e+16 1.727695228679985280e+17 7.284879935303792000e+16 3.304966711602890400e+16 2.978040699945680800e+16 7.840671732315862400e+16 4.376446650112850400e+16 1.022683654532020125e+15 -6.577942711369870400e+16 -5.121744664910144000e+15 3.850169863977823200e+16 1.301555992377410800e+16 3.292583720630699200e+16 7.420115975599107200e+16 1.012413798710192256e+18 1.929686204062263680e+17 1.191909102131465728e+18 1.880965115007979520e+17 -1.705950632756625920e+17 4.404043475586608000e+16 1.267623522794174880e+17 7.444027799001140800e+16 3.971049131360127200e+16 -4.451508480358640800e+16 5.812450999877103200e+16 4.664794322387076000e+16 3.264640465643920000e+16 9.186271127467786000e+15 2.507230634765754800e+16 -4.327267357559435200e+16 8.703157284668209600e+16 4.714772792901927200e+16 6.492442838622276000e+16 4.723379905932024800e+16 7.578002843129462000e+15 -9.734519439288104000e+15 9.409189020277427200e+17 7.434811685553953600e+16 1.708790147875864960e+17 6.714082374545967200e+16 3.936677415331141600e+16 2.433126247132989600e+16 -1.990987510059336000e+16 1.185319837839535800e+16 6.961618440842522400e+16 2.040577889707736000e+16 -5.489758866817807000e+15 8.460825523783367188e+13 9.725421297298440000e+15 7.333717255312534400e+16 5.770321660185860800e+16 2.789571451673883600e+16 1.758226991134129600e+16 5.956764823734996000e+15 2.101790100858144800e+16 1.863350193269090000e+16 4.165273192717123200e+16 5.325997637309320000e+16 2.041942770597507600e+16 2.797053261453785600e+16 5.194908164011243000e+15 1.437037301297805400e+16 6.711169350083566400e+16
-6.301671363373483887e+11 -3.153403240981201172e+11 -2.450888436362835312e+10 -5.137699939884971619e+10 -5.629886524720387268e+10 5.464917476070328522e+10 2.026185762216342468e+11 4.277777916679700928e+11 1.583542108415836182e+11 8.801350718153505325e+08 1.229888749590746307e+10 4.210501404309217834e+10 1.995290397830298996e+10 9.678659953787161255e+10 5.678894346993459320e+10 1.337209098866828346e+10 -1.312271462206633568e+10 9.312004603565623760e+08 2.612087283294794559e+09 -1.698397455222554588e+10 -1.615991068133005333e+10 -1.614286723138511276e+10 1.509924994004441071e+10 1.655671081347977257e+10 1.119741170089246178e+10 1.679615016069982910e+10 -7.108323301854870796e+09 1.350932434126025581e+10 -1.043017791003690720e+10 -1.331200055432989883e+10 -2.042990307808406448e+10 8.283185440994491577e+09 5.572043835375488281e+09 4.391674959362475395e+09 9.896996779881906509e+09 2.757868349340311050e+09 7.498430016806486130e+09 9.572966534169263840e+09 7.938011027247092724e+08 1.080368023745689631e+09 7.732509595420480728e+09 1.028582554363991547e+10 -2.225622015696062148e+08 -5.179841080877894402e+09 -5.412341147077323914e+09 -3.170085337710647680e+17 4.428230110985128320e+17 1.947297624864145200e+16 -2.085104396761944000e+17 3.453635313611997600e+16 4.734801306148681600e+16 -2.761553535119478000e+16 7.540146157754137600e+16 3.263114149477474800e+16 4.509173189409427200e+16 7.972612089746488000e+16 1.111505209080741120e+17 -6.424241875734998400e+16 1.467635716624774800e+16 5.928375706420224000e+16 1.904977469001026240e+17 1.113260901759786400e+17 6.859701899781891200e+16 6.478760419423414400e+16 6.414998880999105600e+16 2.399097862251298240e+17 -1.657225645825383750e+14 7.174288806560823000e+15 7.188031879412281600e+16 2.614243203792709500e+15 1.506584041399295400e+16 9.701749412061825600e+16 1.456332797325398080e+17 9.960616051207082500e+14 1.791559586234166200e+16 3.625825635751207200e+16 -7.716209596064665000e+15 4.197517812135565440e+17 1.082894720030624000e+17 1.443885440751003520e+17 3.365145081895178000e+16 5.201136683684147200e+16 1.067235891340834560e+17 3.591605786901498800e+16 -2.281235861048389600e+16 3.036851665200072000e+16 4.852126019411932000e+16 2.770140332798469600e+16 5.369779425769094400e+16 -6.025798209023811000e+15 2.022850219630796800e+16 8.683743685855871000e+15 1.142973077428525000e+15 6.753436554886605600e+16 2.676273649383663680e+17 6.665228111856612000e+16 1.880965115007979520e+17 6.717340693282685440e+17 -3.330610743539564800e+17 5.489412375577653600e+16 4.685000289247236800e+16 1.050636493740832320e+17 2.560019929521495600e+16 4.118034607395594400e+16 3.390037359631029600e+16 4.730977585650276800e+16 5.203370143727888800e+16 1.090094203639869000e+16 2.321974933277537500e+15 1.766232713905488960e+17 2.923556920971422000e+16 3.967760296695447200e+16 7.252552531504545600e+16 1.531558643653691800e+16 1.017068833243878125e+14 -1.360453222451515750e+15 2.655356606835548800e+17 2.074355569171978240e+17 -6.342862324228183200e+16 1.075226708806033200e+16 5.370148003419002400e+16 8.862993460076834000e+15 1.739020980557576000e+17 2.945614562195016800e+16 2.257577003871054800e+16 5.547961262702243200e+16 4.692358187918449000e+15 -2.031910662850001750e+15 1.079222572043321440e+17 8.353442899414915000e+15 1.204151632353663000e+16 4.637957910457084800e+16 -1.880366185880778500e+15 7.311131528492123000e+15 2.291622604953494000e+15 1.350728541001541600e+17 -8.270932170203484000e+15 1.159639682604842500e+15 3.914354447933974400e+16 5.118495332229337000e+15 1.566998512265644800e+16 -3.232464094284554000e+15 5.827121833025950400e+16
1.423232235735158203e+13 2.955932225339335449e+12 2.821747721217488281e+12 -5.613422437189916992e+11 -1.856276842828902588e+11 6.497397595862512207e+11 2.242843125719756165e+11 -7.869074881138425293e+11 -1.467282192948936157e+11 8.980944611125729370e+10 2.480066404069238281e+11 -2.837179740855664673e+11 1.768154984888717651e+11 2.686006511746589355e+11 5.345559227930735474e+11 2.143878189314253235e+10 3.592123111669575500e+10 -1.938878205585093689e+11 -8.613901901068302917e+10 2.920149672160368042e+11 1.152832385447044830e+11 4.022015054985302734e+10 -1.963001828298783112e+10 1.760756113272153625e+11 -1.043114748481488953e+11 -1.762722489134885864e+11 -1.208759994852840118e+11 1.688040843676295776e+11 1.018002447677023506e+10 -1.011163020889057007e+11 -2.699336594750661469e+10 5.987699390357640076e+10 1.091923018684882660e+11 3.969977345377136230e+10 -1.390793320527740173e+11 -5.611768189721595764e+10 1.456984147170810242e+11 1.477344653958395081e+11 1.352450163603652954e+11 5.257446600001709747e+10 1.069605311662993927e+11 -9.211319541368040085e+09 1.119567757011152496e+11 5.001795724397117615e+10 4.442605982264744568e+10 -5.715529367880807424e+18 3.796055751339003520e+17 3.052907140100601856e+18 2.987934587750687360e+17 2.310733104581489664e+18 1.451059184675918336e+18 4.974813466837995520e+17 6.009951658225779200e+17 5.717690182072866560e+17 -5.002575606785732480e+17 4.803584059355013120e+18 -8.233824692986801920e+17 2.778821496788355584e+18 2.296722070988186240e+17 2.452312596369189760e+17 1.386091649641753600e+18 -2.114968554724373440e+17 4.604186239612046080e+17 8.588699563081756800e+16 4.191947006107567360e+17 4.335885903511085568e+18 -8.575299406060414400e+16 1.905263688785616000e+17 1.136493595959197440e+18 -1.479169466118257280e+17 -2.540069633812869120e+17 -9.232926050915325000e+14 1.201051950165986816e+18 -7.386467490448105600e+16 -7.406383608222417600e+16 1.233682339713783200e+17 -3.848829426737350400e+17 1.082436039937003904e+18 -3.044761712570055040e+17 6.095492430914723840e+18 8.135652886664254400e+16 -1.009592162182216480e+17 -3.710724162722103200e+16 2.252720593314390016e+18 1.950105928527645440e+17 2.410694898009789760e+17 7.450291010617960000e+16 -1.802048784795255600e+16 7.510605252727738880e+17 1.369626222009266400e+17 1.244208960830475200e+17 3.392801112779212800e+16 -3.541147441732721200e+16 -1.092571138680757600e+17 2.045851061412191488e+18 -6.593586010975008000e+17 -1.705950632756625920e+17 -3.330610743539564800e+17 6.168397876865380352e+19 1.053972433059650944e+18 1.592745273990891200e+17 -9.156348102057192000e+16 -1.725516943194817600e+17 1.153895153269464064e+18 -7.879051796714969600e+16 -6.180596739960310400e+16 -1.661002632399033600e+17 -5.147235252377073600e+16 -8.796084275174308800e+16 5.536076822737507200e+17 -7.405391999818328000e+16 -3.563521649684853000e+15 -2.087319116516737200e+16 -7.479096163253588800e+16 6.896796438083880800e+16 -2.308483497671764160e+17 1.745725601817748992e+18 -4.065635921421724160e+17 -1.849457788225925760e+17 2.320094989434802560e+17 -1.404461686592247040e+17 7.396813204023529600e+16 2.234869847491518400e+17 -4.208961840878664320e+17 1.716844816943881920e+17 -2.170112609078363200e+16 2.008347571110472400e+16 1.969659930799191600e+16 7.821747965576326400e+17 2.232670960773009600e+16 4.592196577000600800e+16 -2.296305716813389375e+14 -2.799600257649852400e+16 9.587362981039926400e+16 6.533373697824595200e+16 8.210693676486851840e+17 1.551543183570166400e+17 1.634408884454081920e+17 -3.371128129339248640e+17 1.351028003231262600e+16 -1.297288229813730880e+17 1.817566247898187250e+15 1.422378403673189600e+17
3.062184867576409912e+11 -6.745099758273939514e+10 3.082301306534343262e+11 6.587173333990654297e+11 6.373432377546569824e+11 3.307816427779030800e+09 1.267880568724524498e+10 1.765548888614702463e+09 -3.993294177639795780e+09 1.706991490489061279e+11 1.651046980496247559e+11 1.226408628858429527e+10 6.975708929230184937e+10 1.020732140129421234e+11 3.158115160226887131e+10 -4.645323394666293335e+10 -5.635281358623961639e+10 -3.240242384570615387e+10 -3.512975955327957153e+10 -7.053658905911869049e+09 6.344595558602079153e+08 -3.361600003174803925e+10 -1.205105581778372574e+10 3.012365285828606796e+10 3.392146971949062729e+10 2.172765434906160355e+10 -1.286024470808749771e+10 -2.488440059075076294e+10 -1.115261823355682755e+10 -1.458983746116025162e+10 9.501453535499534607e+09 1.958736113201353836e+10 4.086557152390136719e+10 2.001893225614575958e+10 4.616619142797771096e+08 6.511808785534289360e+09 -1.034659395567726898e+10 -1.450928182764278030e+10 1.553696142929686356e+10 4.904345613306447029e+09 1.165066662116452599e+10 -8.605767159495265961e+09 -8.381954187923001289e+09 -3.480905178861430168e+09 5.605548903846279144e+09 1.816255323147451840e+17 1.081508475016368160e+17 1.204380289537991360e+17 7.229227870313632000e+17 -1.956431744865267968e+18 1.365797590946155840e+17 2.634410094110515200e+17 -1.327143404026181440e+17 1.960540806452580000e+16 -1.154968478962757760e+17 1.486710763545729280e+18 1.909945738024920960e+17 7.125015596182785600e+16 1.549710331458764160e+17 -5.790050339903102400e+16 1.891577161054662000e+16 1.597768554011384960e+17 -2.886795575951408800e+16 -1.264503977063335600e+16 6.274866123828426240e+17 -4.734400797106413600e+16 4.177147544427698400e+16 6.781973225099517600e+16 3.031196589231216400e+16 1.451880620473802880e+17 1.772853878425178400e+16 2.750667511830398400e+16 -5.103679783090303200e+16 1.142554499201324320e+17 4.052747103888798400e+16 -4.611515212362935000e+15 2.709213636680564800e+16 1.270133814626566880e+17 -1.554460321491295000e+16 1.566283169339908480e+17 1.629268210503033280e+17 -5.422128021696830000e+15 2.248373643669617200e+16 7.867086234657332800e+16 1.823641889918627200e+17 5.952291381812723200e+16 1.131232625707095600e+16 2.303399753437088800e+16 -1.226474341548158240e+17 9.718168299177392000e+16 -5.835254966671663200e+16 1.631012759527155200e+16 2.480693719388146000e+16 -3.451823216212374800e+16 -7.577992536844971200e+16 4.421850063897191680e+17 4.404043475586608000e+16 5.489412375577653600e+16 1.053972433059650944e+18 1.411202118358223616e+18 9.223629240004291200e+16 2.272811588732667600e+16 9.722033631703884000e+15 2.659783688963010400e+16 1.550528343740773120e+17 1.336573884976731250e+15 4.512381441642461000e+15 2.341894995380366800e+16 1.091367865195325000e+16 -9.263704702886742400e+16 1.429401040718843840e+17 2.360487451352378800e+16 2.833058460137685000e+15 4.389229929454109600e+16 5.666476292386466000e+15 1.141748147635326600e+16 -6.516119836922756000e+16 1.211038284952254800e+16 4.516269768136124800e+17 1.961919642336090000e+16 2.965176525382266000e+16 1.578295933551969400e+16 5.609347234967360640e+17 1.272318603516531520e+17 -7.611567715603781000e+15 4.782479611315664000e+15 1.294348933095201000e+16 6.285361171157917000e+15 7.371643362898257600e+16 9.134026187018467200e+16 -9.213941274674821250e+14 -1.173697949927114800e+16 1.125762846942908600e+16 4.441262631067961500e+15 2.270712590994638000e+16 -1.131836928729533600e+17 6.696143146465961600e+16 4.327075121627984500e+15 -2.412005402680781600e+16 -2.010876207166446500e+15 -1.693105145604822000e+16 1.884532174063600750e+15 -1.904949803651970000e+15
4.565021546455009766e+11 1.172316500538934326e+11 1.039156258269895172e+11 3.894474267536569214e+10 2.527304216770469360e+11 4.137580708774948120e+11 1.867864912395234070e+11 6.642022205455371857e+10 1.128574595460799713e+11 1.027847475353024292e+11 8.102869054916014099e+10 -8.688983848294744492e+09 2.456240257926041031e+10 8.558883206069905090e+10 2.987326506487916565e+10 -1.390029385356836128e+10 -7.272872872376314163e+09 -8.146708247716057777e+09 1.529180821968150902e+10 -6.408949595891340971e+08 4.933024715762509346e+09 -8.800302416622252464e+08 -2.708522507729462624e+09 1.768177805476300049e+10 1.656372036012499237e+10 1.086971968868460655e+10 5.829121708064393997e+09 -5.462380770260925293e+09 -9.014299407984867096e+08 1.606209214279247856e+10 1.093362157560852242e+10 8.028753687550513268e+09 1.447410917219595909e+10 -5.257728602642433643e+08 7.192216670528450608e+07 1.230723716638428307e+10 -8.563397350775012970e+09 -9.876250499696228027e+09 -3.757993384890487671e+09 -9.217440995855669975e+08 6.431875944142595291e+09 1.015149236883249283e+10 -4.008324596488469124e+09 7.997005672683628082e+09 6.888156071956293106e+09 -7.849714832685596160e+17 -2.328064769149686000e+16 -1.229702305997976960e+17 1.042553757208856960e+17 -6.494190306971424000e+17 -1.872612915216685600e+16 -2.064859704423452000e+16 1.091203023464731200e+17 7.966226123392753600e+16 7.978517416234304000e+16 1.133718990484498880e+17 7.009146465964976000e+16 1.307316007444363200e+17 7.248444412471520000e+16 6.536028138216865600e+16 9.233854851295300000e+15 -1.707034518828802000e+16 2.576351448848783600e+16 -2.996221867381457500e+15 3.334262043082198400e+17 -3.175124793785381120e+17 8.644505879951630400e+16 6.359670827074831200e+16 -2.135082382585885200e+16 -1.526223977581616600e+16 5.221655029554548800e+16 1.648842988702484400e+16 1.549781190601961400e+16 3.483853851568862000e+16 4.794651184498465600e+16 3.399536545435546400e+16 7.974263458184182400e+16 -3.135106058568837200e+16 4.220531444664476000e+16 -5.425787204028632000e+16 -2.413559747206466800e+16 2.090353224513742400e+16 1.160921041583914600e+16 5.667241965830387200e+16 8.396751830615969000e+15 5.820507992817037600e+16 2.057946989943151600e+16 2.652573644344097600e+16 2.406350959430094800e+16 -1.091161140319880200e+16 3.565929711199136800e+16 1.210271073729378800e+16 1.801857400031152400e+16 2.208792991007488400e+16 3.373821121643788400e+16 -7.745241597669940800e+16 1.267623522794174880e+17 4.685000289247236800e+16 1.592745273990891200e+17 9.223629240004291200e+16 3.634967232287865600e+17 4.485095702003504800e+16 3.573703903083153200e+16 -3.772662829971218000e+15 -1.278661500276234400e+16 6.088173651326140800e+16 1.432683028236543800e+16 8.624584920141986000e+15 6.630705929295683000e+15 5.608896080518435200e+16 2.919157341461600800e+16 3.760351612250692000e+16 1.947105614937534400e+16 2.522951595614268800e+16 1.092853021451574600e+16 3.657030837784801600e+16 2.341234017173046080e+17 1.871558535361946000e+16 -1.427822793737370400e+16 6.910779789729274400e+16 3.262337174708856400e+16 3.216624114662060800e+16 -1.630610398929675000e+15 9.773970845777576000e+15 4.142000933503898400e+16 4.222353408460717000e+15 1.010322756326713800e+16 -2.004568031133627500e+15 2.287711513031463600e+16 2.597527879302972000e+16 3.542189625856919600e+16 8.219271073241392500e+14 1.981808812744115200e+16 3.467620484659337000e+15 1.235375753927278400e+16 4.633563053679466400e+16 6.396208127004329000e+15 2.828734970049832400e+16 8.384231630102407500e+14 7.354397538242113000e+15 3.440532166392619000e+15 7.794262661093804000e+15 1.612409209270420000e+16
-1.952678230766441956e+11 -8.773426980019001770e+10 -1.656026027623242760e+10 -3.375451576719986343e+10 3.411823120438891888e+09 1.033003591506701355e+11 1.239600492978376312e+11 2.210202640030746460e+11 1.565359979972112427e+11 1.281168541334809723e+11 1.081634099949745331e+11 8.440151144547523499e+09 7.436060748414091110e+09 8.055169432081962585e+10 3.767710699246444702e+10 1.877128855425716019e+10 -7.207638565717736244e+09 6.714221733502649307e+09 6.937207359269437790e+09 7.714417844777572632e+09 9.260571934500623703e+09 3.492832560043367386e+09 6.881985245015554428e+09 4.305870936159061432e+09 1.207927671147950745e+10 -2.825164226894366741e+09 -1.121279845222473383e+09 1.016668977605689621e+10 5.644469807388685226e+09 6.787210975014552116e+09 -4.354557352996077538e+09 4.292857557804365635e+09 4.334600818711928368e+09 4.787048529811747551e+09 1.323976529919838011e+08 8.890446590911500931e+09 2.204464054579452515e+09 -4.910033445277941704e+09 -1.306959572735715866e+09 1.693964450520549059e+09 4.268723607951640129e+09 7.770841346892004013e+09 6.101364178071267128e+09 -1.071295725587807059e+09 2.666794762328996181e+09 -2.340968175549135680e+17 2.035570265414693120e+17 3.214964186974189600e+16 -6.956328227414677600e+16 7.500463189082671360e+17 -4.954347757546637000e+15 1.123264541372460800e+17 -4.926793822663777000e+15 -8.806849087924162000e+15 -2.451190766638594500e+15 5.505668892542311040e+17 6.988578131050352000e+16 1.847074915437766750e+15 2.813767212957107200e+16 2.031877422026782000e+16 1.107925484219858375e+15 3.724107390173769600e+16 6.891357792551448000e+16 4.738824052999504800e+16 -1.374805805908799520e+17 1.180759115007939520e+17 3.531127731636646800e+16 1.365864789824909400e+16 2.466221067713186800e+16 5.986604512859879200e+16 6.444757104495584000e+16 7.706725452814852800e+16 -2.129943540707926000e+16 7.345192954994099200e+16 4.543889271946684800e+16 6.484453166425369600e+16 7.819949745542020800e+16 3.850939208889096320e+17 1.501644709866503600e+16 -1.525586356866534800e+16 1.820104190208360750e+15 2.961562749955212800e+16 4.165829827096558400e+16 4.966112426795887000e+15 2.674105029585250000e+16 2.878435447086732800e+16 5.068173312236407200e+16 4.081087059603966400e+16 -5.106497966489933600e+16 4.730775905078255000e+15 2.188770617580570400e+16 3.773070393237893600e+16 8.225691447521503000e+15 3.317907202658318000e+16 -5.461457470975004000e+15 1.050033589863395200e+17 7.444027799001140800e+16 1.050636493740832320e+17 -9.156348102057192000e+16 2.272811588732667600e+16 4.485095702003504800e+16 2.383522112287541120e+17 5.573904368458966400e+16 -5.546490189881841000e+15 2.459607953219072400e+16 2.014822850331944000e+16 4.301866025091172800e+16 1.523164984075703600e+16 1.289523125376606600e+16 -2.930467656817416400e+16 1.805411905898604800e+16 2.855193851625211250e+14 3.852159077530424800e+16 1.952835030948813200e+16 8.237850519500648000e+15 1.908233419122618800e+16 1.627086990240323200e+17 6.658092700186366400e+16 -2.577774376475910000e+16 2.654787880470358000e+16 5.128375819136916800e+16 3.591890267159349600e+16 -6.340547328702694400e+16 1.108621742604436000e+16 1.647778896455870600e+16 2.990811407521364400e+16 1.970831670900126400e+16 1.424620032486966400e+16 3.464386369033599600e+16 2.548015409137757600e+16 1.001336740991339400e+16 2.322783127779048000e+16 2.262620828349205200e+16 5.257082803873954000e+15 6.624912942144557000e+15 -1.240457050184720200e+16 1.774105865228063800e+16 -4.740908310964150000e+15 2.532735277435488000e+16 8.716799586423492000e+15 3.474570355190616000e+15 7.916780100209259000e+15 1.321009515685647800e+16
2.369131850707565002e+11 1.034651119908330078e+11 -6.879982931145182800e+10 1.318482413754748230e+11 -1.210423296334826660e+10 4.867973334753908539e+10 -9.904157390913957596e+09 7.819320040656207275e+10 1.475170440114050903e+11 2.347309992281607971e+11 1.326449200191967010e+11 -1.419135002941496849e+10 4.593207861330722046e+10 6.311846392571566772e+10 4.116596469736440277e+10 -1.207572054794259834e+10 2.417780064510801792e+09 1.976550762702774429e+10 4.834770458904900551e+09 1.195246768662069130e+10 2.005771697708989716e+10 1.252512764633702087e+10 1.872974394983978987e+09 5.602038983937641144e+09 1.516608845937329865e+10 1.218421769018643951e+10 6.621797397831442833e+09 4.661922098761002421e+08 1.339541206062065697e+10 3.797744535699141026e+09 7.024590834030764103e+08 8.272693231872591972e+09 1.729003692136077881e+09 1.252517900806996918e+10 5.224215693570563316e+09 1.039412284831302452e+10 1.559227520129368782e+09 7.493597646878956795e+09 1.014092057107965088e+10 4.434479065092801094e+09 1.084917687547847366e+10 6.102776674210420609e+09 7.772424060530112267e+09 6.338836466675722122e+09 1.051184955259676933e+10 2.988486578767173120e+17 3.269116215188698240e+17 4.158572289029106400e+16 2.042217641323989600e+16 -3.415397467906273280e+17 5.956874356961299200e+16 1.293600374129006600e+16 1.641722457815051200e+17 1.572838518051230400e+16 -5.747203330412377600e+16 -4.160294597048830080e+17 7.877731426438940800e+16 1.948924987034806800e+16 1.273283654648919400e+16 5.789905361175153600e+16 -2.225654592543404000e+16 -2.971107106351173200e+16 2.558543680248396000e+16 6.661150073703862000e+15 -1.080782153818907040e+17 2.455336593832287680e+17 6.241251658544156800e+16 -6.523591054696953000e+15 -1.817189725788492400e+16 6.335367488241472000e+16 3.519529575202760800e+16 5.180161835167592000e+16 8.242857850868790400e+16 3.343185201806427200e+16 5.215294400094064000e+16 6.561378427670742400e+16 8.838134924398809600e+16 3.234407549440102500e+14 -1.061582105879636640e+17 3.885237492234468480e+17 -4.083753756399881600e+16 6.438029941968164000e+15 4.749489476771826000e+15 9.692783912739636000e+15 2.477142813186420000e+16 3.336202843067199600e+16 2.877783297888375200e+16 6.426941441481345600e+16 -7.338041501435123000e+15 -1.999715575080186000e+15 -7.121440384239605000e+15 1.068248292519300156e+14 3.740327954336282400e+16 1.401631779242344200e+16 -3.675223522960304640e+17 4.517204340329525600e+16 3.971049131360127200e+16 2.560019929521495600e+16 -1.725516943194817600e+17 9.722033631703884000e+15 3.573703903083153200e+16 5.573904368458966400e+16 3.378164363474012160e+17 3.291567543440370500e+15 1.000901499833758400e+16 2.769650091892987000e+15 1.154602385440044800e+16 3.292035336786607200e+16 8.498248728896974000e+15 5.790683066030127200e+16 2.207428826065879200e+16 -9.578178712221112000e+15 2.137686075983307200e+16 3.977185298551992000e+16 1.388039168696109600e+16 2.860141795904692000e+16 2.814466477276755600e+16 7.061071104598245600e+16 4.415860953511353600e+16 4.472077575483597600e+16 2.964823556680922000e+16 5.193374589806652800e+16 1.818441779125960000e+17 2.796507676006412000e+16 6.745805290919466000e+15 1.610657310892234000e+16 2.649131273712360400e+16 -6.783451413694740000e+15 -3.189823736835873500e+15 -5.453131382798241000e+15 3.130075955259659500e+15 1.534505987101083200e+16 3.660175583464012000e+16 1.589417337661598500e+15 1.108048333274612000e+16 2.065625233169848800e+16 -2.360208374454930400e+16 1.282865831703496600e+16 1.102865568606412000e+16 2.379593465194000800e+16 1.046469468099526400e+16 7.053198163238094000e+15 1.054328807961742400e+16
1.679277598085758301e+12 3.111703099675966797e+12 1.680406755988597168e+12 -1.380028752281299133e+11 1.209705841958475037e+11 -3.022425862279644775e+11 1.256699192236223793e+10 -2.967410096514907837e+10 -4.994388230709326172e+10 4.057748612187964630e+10 -8.336755386457318306e+09 3.034607130450713348e+10 2.213632042987434998e+11 5.313283790190782928e+10 4.853131729487382507e+10 5.674364348608089447e+10 1.505553736924271851e+11 1.352773378093564987e+10 7.390021081635929108e+09 4.600330564618890381e+10 1.013019502220462441e+09 -7.738242582974673271e+09 1.519444583457964134e+10 -7.094851507214287758e+09 -2.417455640156125641e+10 9.303989937126529694e+09 2.230491385871717834e+10 3.589751715640798092e+09 -8.738035044109758377e+09 2.297725157561277008e+10 9.245039903444650269e+10 -7.153679831693191528e+09 3.625281612967084503e+10 -5.795516968728494644e+08 2.255293962831949997e+10 2.658347148210448837e+10 3.585584972180976868e+10 1.749235372047310638e+10 3.203155256821940613e+10 1.919030191398009872e+10 1.632786256594651031e+10 7.135297125769969940e+09 1.240882947466919518e+10 9.286303870488414764e+09 2.936920572097678757e+10 2.138886495656848384e+18 2.407345023167303168e+18 6.868972127037624320e+17 5.866575801994626560e+17 5.875554171371024640e+17 1.004345420526777344e+18 2.615602273681568000e+17 9.785576975732089600e+17 1.813743599455580800e+17 -2.271333709268862400e+16 1.727250399103746560e+18 1.408445959063623200e+17 1.114548314684031104e+18 -1.868720467811321920e+17 -1.015128414519023360e+17 1.182890297591802112e+18 -7.051497682735546400e+16 -1.477353800941010880e+17 5.895203633759558400e+16 5.804183635423690240e+17 9.383364947890347520e+17 -2.083718700967990080e+17 -2.690117211332927600e+16 1.294622149650624512e+18 -6.855003786951958400e+16 -5.652001997466348800e+16 3.195118321305741200e+16 1.090118743596120320e+18 -4.568833701380913600e+16 6.052230316992334000e+15 2.526187018452072000e+16 3.103134153594983200e+16 3.882680099043902720e+17 1.030332721560773000e+16 1.248336782561773120e+17 -1.338678999057888640e+17 3.547624455174414500e+15 1.353606093839688600e+16 1.128874999923344384e+18 2.081879297055956800e+16 -1.113230690615405600e+16 2.458044495207956000e+16 -1.794778942708536200e+16 1.289855970237751808e+18 4.610076823023310400e+16 -1.792050271693392400e+16 -5.431074645663758000e+15 1.165074861762151400e+16 5.141349945623892000e+16 -6.427746603397047040e+17 -7.413646398693524480e+17 -4.451508480358640800e+16 4.118034607395594400e+16 1.153895153269464064e+18 2.659783688963010400e+16 -3.772662829971218000e+15 -5.546490189881841000e+15 3.291567543440370500e+15 2.981330730037075968e+18 6.047925680065245600e+16 -2.124408517097109600e+16 2.195681925418023600e+16 2.336233861608774800e+16 6.231880269621939200e+16 1.139622366043688704e+18 2.683871327686090000e+16 -6.334093917911293600e+16 -2.404550722986123200e+16 1.146364634773455600e+16 3.257746723070845600e+16 1.087514075225328600e+16 1.662010736173155520e+17 -7.079067800211480800e+16 4.661592904235476800e+16 -1.022851071498812000e+16 3.474739877264007200e+16 4.128633373582675200e+16 1.186931052525109760e+18 8.904439494033404800e+16 2.967776859514875200e+16 2.246148035598493600e+16 5.735377358862840000e+15 2.616452792295616000e+16 1.056200786495732864e+18 3.104109194518065600e+16 -7.712787220918341250e+14 3.109148746782251600e+16 1.821410858501103600e+16 2.722108146643249200e+16 4.606597804125719200e+16 8.548907558518863360e+17 1.456806330618539400e+16 -1.626642192774865400e+16 -2.763042292303569600e+16 1.166680523458122000e+16 1.208160556842553000e+16 2.847972176152820000e+16 2.378782581997006500e+15
-4.791484384857583618e+11 -3.475521783991404419e+11 6.539051173118016357e+11 1.113917000568384766e+12 4.108759169252142334e+11 1.656123632385907745e+10 3.535766145024456787e+10 9.115336943379129410e+09 -2.657036014655079269e+10 2.985123856948904800e+10 5.193245012145452118e+10 7.114705039202572632e+10 6.448309512987647247e+10 6.632632164258073425e+10 4.453093450905062866e+10 1.371013143924745178e+10 -1.453966407907836914e+10 -1.234687922292387772e+10 5.180688555261769295e+09 -3.100805854663183689e+08 1.330069688525648594e+09 -3.013992860237083054e+10 -1.013500202307456207e+10 1.963773051195177841e+10 1.170670519255230141e+10 7.242706867634425163e+09 1.683168258992611647e+09 2.714129080841358662e+09 -1.609058120716416740e+10 -9.056121755997577667e+09 -1.153594678498225451e+09 1.798511780289078236e+09 1.358090110628018188e+10 1.028163756863189697e+10 6.108790230779655457e+09 2.339906042801813602e+09 8.402121675032131195e+09 -2.096183094965187073e+10 -9.074134894577573776e+09 9.330167379952075481e+08 2.139958497256364822e+09 -3.593551478175010681e+08 -1.015945285603612518e+10 -1.394900586182701492e+10 8.741433491194624901e+08 -6.291744681945655040e+17 2.877021309967718000e+16 -2.074684033439184640e+17 1.962841374086758720e+17 1.658255327414196224e+18 -3.926629172438797600e+16 3.414050909804610560e+17 -7.846560477129649000e+15 2.691407588139028400e+16 -5.875020476670058400e+16 -3.129002235048771200e+17 3.004382824461168640e+17 4.721501376873190400e+16 2.003449704214081280e+17 -3.870284680156111200e+16 -1.518075750999879680e+17 1.724228765459728960e+17 -1.786195958269086750e+15 6.138131251234524800e+16 4.362587812838554880e+17 5.197655777770836480e+17 1.313330513413116640e+17 6.806284308073949600e+16 -6.877260650243281000e+15 1.817005626917806720e+17 -2.751014435980092000e+15 2.948075404927627200e+16 -4.867469736647102400e+16 8.763538410194625600e+16 1.870597150349513600e+16 3.468021574729092400e+16 2.532095443797471500e+15 -2.115996774320858240e+17 3.114582656141868800e+16 -3.232153140817557120e+17 1.543210945393875840e+17 2.265665109429275200e+16 3.007623222253965600e+16 -2.548328635726498400e+16 1.448111381194247360e+17 1.173368332373448800e+16 8.503047420254016000e+15 2.148554679673030800e+16 -9.236764610985140800e+16 1.601414569185761280e+17 1.905022868182019600e+16 2.114047934923055200e+16 2.763382139550975200e+16 3.032186540260357600e+16 2.028470025666806400e+17 2.840618163576594141e+13 5.812450999877103200e+16 3.390037359631029600e+16 -7.879051796714969600e+16 1.550528343740773120e+17 -1.278661500276234400e+16 2.459607953219072400e+16 1.000901499833758400e+16 6.047925680065245600e+16 5.406999610613145600e+17 3.346454619232943600e+16 2.869998451432559200e+16 1.801538293222734400e+16 2.246012635710000400e+16 -7.529587599903084800e+16 1.855335860405379200e+17 2.852480764175739600e+16 1.677329354706128800e+16 3.268186827983304400e+16 1.311046264834972200e+16 -2.491289766270082500e+15 1.963347674934736960e+17 2.120715104731933000e+15 1.857985245101918720e+17 -2.204771494462234400e+16 3.585377754154686000e+15 8.474138801734990000e+15 2.649712965438939200e+16 1.860423661963574400e+17 3.030255862823247600e+16 1.922400393295750800e+16 2.613565575442046400e+16 3.278360368044301500e+15 -4.047436227613841600e+16 1.530637453605497920e+17 8.009249701307710000e+15 -1.335263006811652500e+15 1.182572017142272500e+14 1.061894593110671000e+16 1.175609321715405800e+16 -9.599975080187976000e+16 1.388982462316490880e+17 4.927282972342972000e+15 -1.815408408627078400e+16 1.751782774735776000e+15 4.933192536035121000e+15 1.121469340281682800e+16 -2.985636674284835600e+16
-1.083384320089098816e+11 8.124271263507043457e+10 8.469191974834578514e+09 5.051934835801139069e+10 2.508553073763930054e+11 3.621378264008284302e+11 1.672240076985780029e+11 8.488376164710670471e+10 1.319295761656125832e+10 -7.095566062046303749e+08 5.694858562016215515e+10 5.924700302525089264e+10 6.094034415763134766e+10 5.404828247397826385e+10 9.336173847972738266e+09 1.084951984169139862e+08 1.176670902321166515e+09 2.493439674562137127e+09 -5.751601149377471924e+09 6.381280860427502394e+08 1.636521627664847374e+08 -7.219816006234943390e+09 -1.177835297335837841e+09 1.216561889899209023e+10 6.768944443798312187e+09 -5.023700510823861122e+09 1.316628422719079494e+09 9.592976785315010071e+09 -4.466314790159561157e+09 -6.306101404525564194e+09 3.544982140635612965e+09 4.254993153521303177e+09 6.343346297841781616e+09 8.265432415878146172e+09 2.007955492673166037e+09 5.424475958539628983e+09 3.340221190556932926e+09 -1.876406010911683559e+09 -4.113119769532252789e+09 -5.301753274169557571e+09 5.974595476644129753e+09 -6.366027472531036377e+09 -3.164059616675416946e+09 -5.288152367313004494e+09 1.663517359302035809e+09 -2.145580939292513280e+17 -1.813249964614096320e+17 -1.502887750514021440e+17 1.319383139650775400e+16 9.206310000930776320e+17 -1.658063272866970400e+16 -4.668666311688936000e+16 5.149401089015391200e+16 1.038769402715348160e+17 1.296706364351037600e+17 9.991637944738788800e+16 9.619311769766516800e+16 8.344294164546910400e+16 1.070407154585271520e+17 1.482897742276827520e+17 1.231461250403429500e+15 3.127866291165465200e+16 5.761470319467120000e+16 -2.443850584520279200e+16 -4.602868267533356800e+16 2.937592921233008640e+17 8.263754563164641600e+16 4.503561502388612000e+16 2.983729203021495200e+16 3.760842613098262500e+15 3.109013951215986800e+16 9.195416039355848000e+15 -3.438457565265644000e+16 1.012480726467883600e+16 1.827669569268111200e+16 1.002823345812820000e+16 -6.149081966279772000e+15 1.168384949087091360e+17 1.395697488833491520e+17 6.687498578454697600e+16 1.507297047383325000e+16 5.053480900045425600e+16 2.037446655337286800e+16 5.031059710492764000e+15 1.373745899734422800e+16 3.655144278557192000e+16 1.328286119183653600e+16 2.217315849223837600e+16 -4.330139990212380800e+16 2.935002048477085600e+16 1.016634943932315200e+17 4.944101430090776000e+16 2.369351512981717812e+14 2.961033136022719200e+16 2.000818725668756480e+17 -1.847144402281529280e+17 4.664794322387076000e+16 4.730977585650276800e+16 -6.180596739960310400e+16 1.336573884976731250e+15 6.088173651326140800e+16 2.014822850331944000e+16 2.769650091892987000e+15 -2.124408517097109600e+16 3.346454619232943600e+16 2.678759660408902720e+17 1.931285769893550000e+16 1.066500739356672800e+16 2.517699659478048400e+16 2.067857387136170800e+16 1.365323452069996800e+16 7.902143377656017600e+16 2.271173723052274800e+16 1.309264942378425800e+16 1.378655720642329800e+16 1.448758463608034200e+16 5.343399103175736800e+16 3.007667735543862000e+16 8.122324976689014400e+16 4.401507848358056000e+16 1.717305477011650600e+16 1.238986081439900400e+16 -1.690126487439931840e+17 2.409095437278536800e+16 6.343015500603350400e+16 1.333951934794418000e+16 8.084794799106254000e+15 1.905161159257936000e+16 1.598224091173244000e+16 2.355539251687424800e+16 4.089518502819073600e+16 1.235662444106562600e+16 1.144992003893095250e+15 1.112428270554895400e+16 1.098524619018553625e+15 8.024862958062396000e+15 5.480352170756317000e+15 4.633012213391353600e+16 8.124311485540386000e+15 -1.493374888284520000e+16 2.670926035260367000e+15 -5.635649310011436250e+14 8.286755726991149000e+15
2.471544518038309021e+11 2.937885486730170822e+10 7.656422458507244873e+10 1.535494978090168190e+10 -1.074799098672879982e+10 6.160275067860054016e+10 1.417584630432528076e+11 1.963263619664814453e+11 1.083069409060420380e+11 4.390112583936425781e+10 6.426392431576930237e+10 8.121084518022323608e+10 7.970063346443884277e+10 6.121066325553603363e+10 3.355076591977872467e+10 -1.029737361246538734e+10 5.142702101957756996e+09 4.037806811340745926e+09 2.344806566386478424e+10 1.360752893643761253e+10 1.837036017440168142e+09 -1.120367209169203186e+10 6.026739559572222710e+09 2.564823528963587284e+09 1.465470408809549332e+09 9.760249692546266556e+09 1.040266063003663778e+09 -3.602304521744109154e+09 4.585657520573873520e+09 6.997544928847671509e+09 -2.915350247218459129e+09 1.346221544812864065e+09 7.236145594715088844e+09 -2.478865560526033938e+08 -4.847109025011045933e+08 9.549702086219666898e+07 6.687650311949742317e+09 -3.069040409090184689e+09 6.311021946170046926e+06 2.752199272251535892e+09 2.610842600536998749e+09 -2.197339039242094517e+09 -2.376774896486280918e+09 -2.841618012952292919e+09 -6.770177180920920372e+08 -9.726000279702892800e+16 1.979424600558315840e+17 6.401323187905783000e+15 2.668869143209358400e+16 8.604216998492870400e+17 -3.892934294473682000e+15 1.319489274799054400e+16 4.954518474046231200e+16 -5.957479283858084000e+15 -5.926903837635086400e+16 9.396354481850251200e+16 1.623608338773166720e+17 1.195309620431094880e+17 4.915228933283626400e+16 1.882619826928572400e+16 2.493549052363390000e+16 7.453701274768808000e+16 4.267615985791196800e+16 1.052537577506923840e+17 -1.350632222465443840e+17 2.740213417998199040e+17 -2.119198370037221200e+16 -1.483049975243650000e+16 3.606097860204748000e+16 1.682125162514982600e+16 3.750908694041613600e+16 7.408608172882446400e+16 7.189858960639597600e+16 -2.387310107834688800e+16 7.311763150608278000e+15 3.901567483847182400e+16 2.994186777548674800e+16 4.117664658207711200e+16 -1.264967560576202600e+16 6.585385735744281600e+16 2.430216299044321600e+16 5.486440010570168800e+16 5.685777905057320000e+16 3.369020124972738400e+16 1.778822900872626000e+16 2.780529094852365200e+16 3.241205907908987600e+16 2.316759473942859600e+16 7.148581418026870400e+16 1.533604834124962400e+16 4.231258724851580000e+16 6.385629359028243200e+16 1.610479123012070600e+16 4.451057767831480800e+16 -4.984596855903039200e+16 -1.467650724338412600e+16 3.264640465643920000e+16 5.203370143727888800e+16 -1.661002632399033600e+17 4.512381441642461000e+15 1.432683028236543800e+16 4.301866025091172800e+16 1.154602385440044800e+16 2.195681925418023600e+16 2.869998451432559200e+16 1.931285769893550000e+16 1.806539593258060800e+17 2.469248322201193600e+16 2.498884408407475200e+16 4.737706022611603200e+16 1.646917876090364600e+16 5.137652204960291000e+15 4.608476557575398400e+16 1.242056043282030400e+16 1.512266603921754800e+16 4.373455122493350400e+16 1.956061222972668480e+17 3.903250878168532800e+16 -7.581417591183979200e+16 1.482230055271954200e+16 2.567218821333416400e+16 5.521020078395466000e+15 2.298341165648726000e+15 2.328903128180370800e+16 2.167455939241034800e+16 3.110806782223368400e+16 1.239400668399096600e+16 2.101116282629287200e+16 3.499010212652980000e+16 1.478347601700963200e+16 1.757784271423834000e+16 1.783320891678619600e+16 8.801654253708839000e+15 1.515109126786623600e+16 5.700366354209813000e+15 4.377961627097728800e+16 5.524709976559404000e+15 -4.600906755623142000e+15 1.401346404166859600e+16 7.632107655068557000e+15 1.057656739845371600e+16 2.851220201799772500e+15 5.955387122335578000e+15
2.018560032659597168e+11 -7.952690200221901894e+09 2.427488878576969910e+10 5.276296203948765564e+10 2.014786599647891235e+10 1.718815149327286148e+10 -3.497544860479248047e+10 -9.901057401536418915e+09 6.754524797384900665e+10 8.804753403950601196e+10 7.969364536444563293e+10 5.952562270995355225e+10 6.491357784942252350e+10 6.543949014641104126e+10 2.164488946067588806e+10 7.345660536635274887e+09 1.030097630173199844e+10 1.014873815646365738e+10 -4.847280832228714943e+09 -4.494283236688309669e+09 1.074574297798758125e+10 3.163463979555398822e+08 1.545399570240815163e+09 7.911828890864988565e+08 5.254943920258462906e+09 1.099416398993823051e+10 9.087393181832635880e+09 2.671153004617189884e+09 2.187842796117869377e+09 5.806246294869640350e+09 -4.232022060062152147e+08 1.626985180239792585e+09 4.813979012435044289e+09 2.606977557483219624e+09 2.097576298018161297e+09 9.290509277736625671e+09 1.128516956313860178e+09 -1.472501909946425855e+08 5.109585390281961441e+09 1.293003131571581841e+09 4.195686768672198296e+09 1.370358270675633907e+09 6.863634585720395088e+09 2.658568116601282120e+09 7.719664457174062729e+09 1.311979391564632000e+17 3.981079875447401600e+16 -3.165677096475457600e+16 -5.268901143039936800e+16 -3.091258206357198720e+17 -5.981009424062661600e+16 8.145784655450081600e+16 5.350290694421756800e+16 1.939613855539409200e+16 -6.203601682444177000e+15 2.831463569171223200e+16 7.698303583889419200e+16 5.700784971803868800e+16 -1.740631801033841400e+16 -1.553143886887492250e+15 7.210619323863470000e+14 -1.398941450542614000e+16 -1.449326172493634600e+16 7.935287384944464000e+15 -1.588734726323168000e+17 1.216424860583866880e+17 4.966769530782688000e+15 2.683785002838324400e+16 -3.854617088573471200e+16 1.387735961497368800e+16 3.722572254856302000e+15 1.564567982267103000e+16 1.649532473812430000e+16 -3.373381050381568000e+15 1.083050682772785600e+16 2.486011939232354800e+16 3.421786607031943200e+16 -3.009247882142856800e+16 7.058477706324911000e+15 -7.917656762004165000e+15 5.217381804171174000e+15 1.655326855769821600e+16 -8.700867914378623000e+15 -1.050973909414725800e+16 1.389445842536910800e+16 1.696895483451059600e+16 2.298825124604617200e+16 4.033448097534630400e+16 2.321473571445283600e+16 1.107706352538266600e+16 3.008861835455185200e+16 1.870901280193063200e+16 3.490348881841723600e+16 2.360853120639150400e+16 -1.678952189508471360e+17 3.805694715085013000e+15 9.186271127467786000e+15 1.090094203639869000e+16 -5.147235252377073600e+16 2.341894995380366800e+16 8.624584920141986000e+15 1.523164984075703600e+16 3.292035336786607200e+16 2.336233861608774800e+16 1.801538293222734400e+16 1.066500739356672800e+16 2.469248322201193600e+16 1.265487395523190240e+17 3.588259686974367600e+16 9.992194802935444000e+15 3.903904938736550400e+16 1.146972355124779800e+16 2.004882347372438800e+16 3.177303992728723600e+16 2.307121351044356800e+16 1.879980516901662000e+16 -3.402745527138142000e+16 5.943046199839893000e+15 -4.529268670414560000e+16 -1.154007368512678800e+16 9.435299274914250000e+15 1.965018938126068000e+16 -8.283023035309411200e+16 1.431250524332134600e+16 8.889132500970375000e+15 1.150225660209125600e+16 2.628202622241077200e+16 1.616071764063854200e+16 1.623295036731898800e+16 1.261569484901735600e+16 1.097043835981230200e+16 5.212575791830179000e+15 1.457355897568363600e+16 8.011723934727347000e+15 9.893471463688036000e+15 2.612933088526769600e+16 3.179038687559692000e+15 5.435220906229865000e+15 1.111273912775333600e+16 7.040605345281414000e+15 7.240485140202525000e+15 1.007912468220925000e+16 -1.607335691566319500e+15
-6.696875718138450928e+11 -3.856017971665514374e+10 -2.849803495883926153e+08 4.965455261131224632e+09 -8.439884445590646362e+10 4.667656833055324554e+10 -6.913250271469998169e+10 -3.439464204848431396e+10 -1.506545389644488525e+10 6.553729974555821419e+09 6.497367950691947174e+10 9.582104030268997192e+10 8.042295544784104919e+10 5.853401193024612427e+10 1.713754064818100357e+10 -4.253335528112388134e+09 2.224343755566392899e+10 1.046353603276789427e+09 4.475898616965082169e+09 4.198229233305665493e+09 -6.420488989869445801e+09 -1.519933183491928101e+10 -1.189830506700296402e+10 -1.282096709347445297e+10 9.093408323527702689e+07 -4.139759792781453580e+07 -1.527205406050507545e+09 6.210272554346835613e+08 -3.797319469565132141e+09 -8.320088286920715332e+09 -6.460462250516807556e+09 -4.812136237323434830e+09 -5.069851103657237053e+09 -4.434526457451564789e+09 1.967793382030767679e+09 7.009932007939272881e+09 6.174775053933255196e+09 -1.283420820550553083e+09 3.141516670314226627e+09 -1.474134973975540400e+08 1.963524124111088753e+09 -1.932951941949192286e+09 -1.620962899403571129e+09 -2.297830588777084351e+09 -8.200116997079100609e+08 -3.726219404392695200e+16 -1.928666622857808640e+17 2.322031902228300400e+16 -9.778336182088748800e+16 -1.429259128051269440e+17 -4.346346958645538400e+16 -2.975887114339647200e+16 3.033386768148191600e+16 -3.574914422780760400e+16 2.283687372323640000e+14 -4.236865833433098240e+17 -3.330218647499600400e+16 -5.780937623545408800e+16 -3.376777151546998400e+16 2.241108298616882400e+16 5.862687889081864800e+16 -1.636785973255935800e+16 -2.032505243786981200e+16 4.027875954692208800e+16 1.261533329068268640e+17 -7.438590137917395200e+16 -2.393848658207319600e+16 2.771391543749289500e+15 6.024512295482484000e+16 -2.596283146508688400e+16 -1.841193033854957600e+16 7.885826012754054000e+15 4.214055021490176800e+16 1.827719079510954000e+16 -2.934726723167736800e+16 -1.118990150958936600e+16 4.475007993175972800e+16 6.777955183356640000e+16 -1.928117929602616800e+16 6.968521142536322400e+16 -1.774837701265496600e+16 1.239444644113231400e+16 -9.122104673396476000e+15 4.884582147349149600e+16 1.679915612382293600e+16 9.802085286628120000e+15 6.518453811056220000e+14 1.568648776987764600e+16 5.868359624881715200e+16 2.462981084710772800e+16 2.600199982936650400e+16 3.335378761585947200e+16 4.014856333861899200e+16 5.345931083429441600e+16 -2.874422414544044800e+16 -5.680505052193331200e+16 2.507230634765754800e+16 2.321974933277537500e+15 -8.796084275174308800e+16 1.091367865195325000e+16 6.630705929295683000e+15 1.289523125376606600e+16 8.498248728896974000e+15 6.231880269621939200e+16 2.246012635710000400e+16 2.517699659478048400e+16 2.498884408407475200e+16 3.588259686974367600e+16 2.053791847424664320e+17 1.780839213175051800e+16 2.622129060491538000e+16 1.655636497062365200e+16 1.828929934655996800e+16 1.987561080384181200e+16 4.757892572176216000e+16 2.537254023543921200e+16 4.445733407742834400e+16 -4.874769850031856000e+15 -5.438088787818201600e+16 -9.618007142954290000e+15 4.183889507002113000e+15 -4.200669730677667500e+14 -9.534810634501878400e+16 3.007622421616653200e+16 1.446600843854295800e+16 9.205095098123790000e+15 1.574566132485594200e+16 3.178262071261911600e+16 1.113949335943162875e+15 8.768593942491540000e+15 9.469875022233892000e+15 -2.314051967175621000e+15 7.744908040644339000e+15 1.825524531164402400e+16 4.676279959360014000e+15 4.682708251200972000e+16 2.475035006840491562e+14 1.026888078705366200e+16 -2.417240492611613125e+14 7.090297024809016000e+15 1.448342100429370400e+16 2.356312784628275000e+15 7.883198916842886000e+15
3.598850616503171875e+12 4.800196549866426758e+12 1.540255161600885986e+12 2.597330577665692749e+11 3.508201787514170170e+09 1.829545674734019165e+11 2.807912882273079834e+11 1.900421991979162903e+11 -8.128223433912950134e+10 4.892394437947470093e+10 4.348542987317159271e+10 1.602746525570966339e+10 1.385542004538958435e+11 -5.057050331097450256e+10 7.389589659016313171e+10 2.501090895164762497e+09 -1.551872953055211449e+10 8.849986784218826294e+09 -2.534868135655259323e+10 -3.530046708329770660e+10 5.300991396824018097e+10 9.180241691944433212e+09 1.612534075975016975e+10 -2.764852476182410812e+10 -4.305390485809507751e+10 -3.390245704577753830e+10 -1.968838957601339722e+10 -1.622663965252494621e+10 3.476109053120019531e+10 -1.849737749604407120e+10 2.091195257956177139e+10 1.797443493831411743e+10 -1.068581995334308052e+10 -9.705528342413671494e+09 -5.520565260170605659e+09 3.224551900541213036e+09 3.776750075599744415e+10 2.032119123998791885e+10 -1.910331823606272888e+10 1.720053858107448196e+10 -2.195037910636707783e+09 1.332963651182739067e+10 -4.232930637247425079e+09 1.866362733848496628e+10 6.906320348981825829e+09 8.531666054472395776e+18 2.279134796346290432e+18 3.481262258971450880e+18 -3.030658692662654080e+17 7.002381433671854400e+16 1.539049802884206848e+18 -2.015870100442373760e+17 3.420166597055365632e+18 -6.119840932243530400e+16 -4.904627434350341120e+17 8.657145752341484800e+17 -1.529417312000824320e+17 1.488802014198094336e+18 -2.113600484811612160e+17 -2.469154317516101200e+16 3.146823020697988608e+18 8.290649152948630400e+16 -6.511160003910521600e+16 -2.787202813179703360e+17 1.244749655769958144e+18 5.979698895484707840e+17 -7.747593212944185600e+16 7.242756889743662400e+16 1.081607364912004096e+18 -1.445274901013178880e+17 2.197817033213688800e+16 6.505857959563296000e+16 2.918106851843328000e+18 -8.163333768022972800e+16 1.474936753976942720e+17 -1.197895065549249600e+16 -6.236325187028113600e+16 1.487089756902166400e+17 -2.400973337708251000e+15 3.695355594498805120e+17 -1.626298422122730240e+17 -5.167064631245643200e+16 2.800359583470364000e+16 1.256756304644819456e+18 -1.128998861482963360e+17 2.633592656611738400e+16 3.695422766061205600e+16 4.049695250250823200e+16 2.931842359424770048e+18 -1.482577713857388160e+17 2.076192704852057200e+16 4.046923878890904000e+15 2.103215401663066750e+15 1.525983813967023250e+15 -3.446692650126904960e+17 -3.291183848893054720e+17 -4.327267357559435200e+16 1.766232713905488960e+17 5.536076822737507200e+17 -9.263704702886742400e+16 5.608896080518435200e+16 -2.930467656817416400e+16 5.790683066030127200e+16 1.139622366043688704e+18 -7.529587599903084800e+16 2.067857387136170800e+16 4.737706022611603200e+16 9.992194802935444000e+15 1.780839213175051800e+16 4.303943592830179328e+18 2.514683981034870000e+16 -2.601600305283246000e+16 -4.768376278138028800e+16 -2.874308422977064000e+16 2.263917925466866000e+16 3.182842083043191600e+16 -3.051513476915274880e+17 8.649933361273150000e+15 4.144903277450432000e+17 2.660561642022264400e+16 3.303275158303217600e+16 -1.647654437429982800e+16 1.907137171352660480e+17 -5.444267460742329600e+16 6.646287749849879200e+16 1.243999334149313400e+16 1.256681018372586800e+16 1.754099177355597400e+16 1.116657608387971712e+18 -3.663414621296197600e+16 3.583775462693368800e+16 2.422708102648131200e+16 8.928923015906323000e+15 -2.370854147751500400e+16 2.546730237721366800e+16 2.603791406048146432e+18 -1.418310616246677440e+17 4.588733615637669600e+16 4.869085482481212800e+16 -1.588168004202943200e+16 -1.315166022344142000e+16 -9.159536221996244000e+15 4.196589111420028000e+16
-1.111257222301479980e+12 -5.825709898890336914e+11 5.288617711322366333e+11 8.660472294669957275e+11 3.925014282136051636e+11 5.622805185205805206e+10 1.405183146601437378e+11 1.118019117588147354e+10 1.343521090695969772e+10 1.059439442980149841e+10 -1.605779982959981537e+10 3.114717577626338959e+10 4.910292711301155090e+10 1.552083147685927734e+11 3.765097545573190308e+10 8.593325759288667679e+09 -3.215542867351840973e+09 7.517315856746042252e+09 2.450850437448530197e+10 2.401604964279234314e+10 2.845843912476374817e+10 1.401018410253608704e+10 1.741000052121646500e+10 -3.110221731251188755e+09 3.632181161168312073e+09 2.279272243154919815e+10 1.290344809243932343e+10 7.791522875985341072e+09 7.672036261759090424e+08 3.883247511825575352e+09 1.614993336493047333e+10 2.897929356561552429e+10 1.098275957520853615e+10 1.797632825378855515e+10 2.398921474703881073e+10 1.777811091375752258e+10 5.319004911288365364e+09 -4.295071830696705818e+09 9.768808404208162308e+09 3.623379932965579033e+09 1.360975287118349648e+10 -2.406039045200537205e+09 -9.158162601197956085e+09 -3.801166947567993641e+09 -2.875151224745292068e+08 -1.184464353371821824e+18 -2.353219634038504000e+17 -7.957356178588824000e+16 5.099944818232163200e+17 -1.304451894701913856e+18 -5.990496120529689600e+16 3.704480337382702720e+17 3.616347367759056800e+16 6.435474406603986400e+16 -6.827182639254618400e+16 -1.525427702953852160e+17 2.932846957684874240e+17 8.572998599030286400e+16 1.595175005066548160e+17 -4.039096964019316000e+16 -1.334719814551734080e+17 1.517533272227769920e+17 -4.613440582600279000e+15 -1.517012676266737200e+16 2.996044761060823040e+17 4.075065263659370880e+17 9.876174798809288000e+16 1.017619723903609920e+17 3.863979677217001600e+16 1.864086350277907200e+17 2.239429604676867600e+16 1.938048084756777600e+16 -7.892721957947470400e+16 1.048289210154784160e+17 1.761103218865501000e+16 3.640802207626005600e+16 -4.029653974371394500e+15 1.154016313515458000e+15 6.567225829698758000e+15 1.899977441940750400e+17 1.242619002020099200e+17 4.344692402786446500e+15 -2.204551320147918400e+16 2.989459027420764400e+16 8.316641616281659200e+16 -3.773853993860789500e+15 6.665205123513222000e+15 1.303153280803525400e+16 -4.014820471157905600e+16 9.467189020102440000e+16 -4.909730506038788000e+15 -1.136664450000145600e+16 1.125698661981925400e+16 -7.244138705562810000e+14 2.654609480423034560e+17 2.541560784625495680e+17 8.703157284668209600e+16 2.923556920971422000e+16 -7.405391999818328000e+16 1.429401040718843840e+17 2.919157341461600800e+16 1.805411905898604800e+16 2.207428826065879200e+16 2.683871327686090000e+16 1.855335860405379200e+17 1.365323452069996800e+16 1.646917876090364600e+16 3.903904938736550400e+16 2.622129060491538000e+16 2.514683981034870000e+16 7.733333309971957760e+17 3.561159555956699200e+16 3.788358629925232000e+16 3.568070085638791200e+16 8.660066666120535000e+15 2.533264821802270800e+16 2.415017110528182720e+17 7.849102655565880000e+15 6.896331137762197600e+16 2.576664064166098000e+16 -6.477192645777960000e+15 -9.050472028365132000e+15 1.883641308642219840e+17 1.112619710609928480e+17 5.157933800956410000e+14 2.080030205097830400e+16 4.123806353226238000e+15 -3.481289205674709500e+15 -1.363444477447097000e+16 1.604799120414596160e+17 2.436646998524807600e+16 2.584360231011467600e+16 1.915069721249494000e+16 -3.592225154706985625e+14 2.086632779780601200e+16 -7.628739870140934400e+16 1.525363067923964480e+17 6.645846375562510000e+15 8.428309935078025000e+15 -1.692064474676299600e+16 1.913190693005335000e+15 4.745788743948321000e+15 -1.532690414625202600e+16
-6.581027485708886719e+11 4.609741863914032745e+10 8.669905618814132690e+10 7.296702618707688904e+10 1.998778228946915588e+11 4.351625188101560669e+11 2.512751256421817627e+11 1.368543381215226173e+10 -5.597675902470605469e+10 -1.531431153852960396e+10 -2.470173669326837540e+10 -1.082113046341471434e+09 3.427789828486265182e+10 6.794082012621639252e+10 2.317483717208141708e+10 -3.286768031957197952e+10 -1.180847828210074043e+10 5.421401703565287590e+09 -1.013915934837198448e+10 -2.431111051695566177e+10 -7.773709451171000481e+09 1.007293620877953172e+09 1.374600647274488068e+10 1.974165752150574112e+10 2.504924111967988610e+08 1.522948322057787895e+10 1.547385473227898598e+10 6.016981751015146255e+09 -1.059776524984035683e+10 -7.984397860069175720e+09 -4.182443316682351232e+08 -2.068525980320744038e+09 1.325772219698393440e+10 -4.116223284285584450e+09 1.079339840986840439e+10 2.584699251548740864e+09 -8.001264943210721016e+09 -6.908146067377365112e+09 3.364607760472692966e+09 -6.511180757124935389e+08 5.127788085181315422e+09 2.296107115880335331e+09 -4.081304545230600357e+09 -4.996625086410078049e+09 1.346237697310285807e+09 -2.682107771571664960e+17 2.261010091862055360e+17 1.181528653908577400e+16 4.581237118656219200e+16 -1.881118907039158016e+18 -1.156808731358837120e+17 -3.657196027603619200e+16 -8.838917837399432000e+16 8.738558812307035200e+16 5.713867909555396000e+16 5.805257740217302400e+16 -6.420020876765613600e+16 5.423599853386044800e+16 6.117535947306660800e+16 1.031263859518278080e+17 2.472478542043952800e+16 -7.779084527318224000e+15 4.688285337729791200e+16 9.524072279178882000e+15 -2.541024585123574000e+16 -2.141119268440896320e+17 4.282541436934440800e+16 1.028808318630445120e+17 4.792796179161822000e+15 -3.268208292183289200e+16 5.459372745596541600e+16 2.570913051916826800e+16 3.703140334269372800e+16 -1.954802151692939200e+16 -8.102634699416383000e+15 7.349150600539340000e+15 -8.733852035939617000e+15 2.888596465884650240e+17 1.086120447452794080e+17 3.082540140144446800e+16 2.740089299884732000e+16 6.104550753667999200e+16 -1.090811506416099750e+15 -4.762201515682071000e+15 4.148833851850824000e+16 3.841353145040187200e+16 3.547921753974172500e+15 4.861049033244229000e+15 2.864929949911292400e+16 1.381493817591060200e+16 7.129065967315888000e+16 1.926251172047136000e+15 8.972097477374760000e+15 2.759202847234113200e+16 9.707321093975616000e+16 -1.190042037649809120e+17 4.714772792901927200e+16 3.967760296695447200e+16 -3.563521649684853000e+15 2.360487451352378800e+16 3.760351612250692000e+16 2.855193851625211250e+14 -9.578178712221112000e+15 -6.334093917911293600e+16 2.852480764175739600e+16 7.902143377656017600e+16 5.137652204960291000e+15 1.146972355124779800e+16 1.655636497062365200e+16 -2.601600305283246000e+16 3.561159555956699200e+16 4.727079905657437440e+17 3.859978120488243200e+16 2.263337025039425200e+16 1.915993303996846400e+16 2.472332110981782800e+16 2.072200366417999040e+17 -3.841390409809190400e+16 -5.393313399820079200e+16 3.978383211559921600e+16 1.173733455352763400e+16 -1.206520892846876800e+16 2.743713713464789600e+16 2.308320517717363200e+16 3.678759364295872000e+16 -8.648324256306664000e+15 -8.248819486296896000e+15 -3.245406417630036500e+15 -1.018916204378701600e+16 1.630158153628759600e+16 6.269283487094093600e+16 9.851144067954882000e+15 -4.465397041297237500e+15 7.761869966474710000e+15 2.772798118022622500e+15 6.576371424965888000e+15 1.353671247258646200e+16 4.965181414383428000e+16 5.418520628143667000e+15 -1.111014872294915800e+16 3.605157002127091500e+15 4.134494248756348000e+15 3.643739723808185938e+13
-5.858893951593198242e+11 -4.074702639587103882e+11 -2.974535933824745178e+10 3.806912403154959869e+10 1.375701644499752808e+10 2.944743400233444595e+10 2.385924011033368835e+11 2.008009949741970215e+11 1.139488167582477112e+11 2.535943251968893051e+10 2.104831533232709122e+10 1.466036528576694489e+10 5.622752269245626068e+10 7.785552066020178223e+10 5.458436300003051758e+10 -2.027655222658731461e+10 -3.640507894395415783e+09 1.955949465657144165e+10 9.273966839572908401e+09 7.561516927303972244e+09 9.616710711002126694e+09 9.431006262174119949e+09 1.068831972069217300e+10 2.379221562639785004e+10 1.524861168085183144e+10 2.161629940343491364e+10 1.199961551926984596e+10 2.681270296715136051e+09 7.274398639869638443e+09 -7.599505281766130447e+09 4.827199534945748329e+09 9.275630991458429337e+09 -5.986764684762279510e+09 -1.129521805363511086e+10 6.659225306092304230e+09 -5.184442498070930481e+09 8.763348388771892548e+09 3.615421744179148197e+09 -1.572267373448532820e+08 -3.595248251520277023e+09 -5.993227987984163761e+08 3.836976875493343830e+09 3.847672696396485806e+09 7.319779085920859337e+09 1.200823706374201775e+09 -1.073698210629646240e+17 -3.576707990959374720e+17 -2.577453820273852480e+17 1.340280416231429600e+17 -1.299788240137744320e+17 -2.347070963014546400e+16 3.097263804761806500e+15 -2.085438199570669760e+17 5.128567179265939200e+16 9.373485923379148800e+16 2.039863517064062400e+17 1.162450336410984960e+17 -1.500690119376305500e+15 4.763963650479668000e+16 6.553272473630975200e+16 -8.281171182840327000e+15 3.364417387903394400e+16 8.809037823942894400e+16 7.861333716195083200e+16 -2.936715510357127680e+17 3.730745714266921600e+17 1.775914654747401800e+16 9.751519378978834000e+15 -1.550783564201362400e+16 3.675993004139025600e+16 4.241312699731900800e+16 2.348564402508374400e+16 -3.101793393980269200e+16 -8.210645566708687000e+15 -3.560337642760847000e+15 3.923101223429879200e+16 -2.002461094013619750e+15 1.430903295810414600e+16 4.658153893679811000e+15 4.755340219886232000e+16 5.014215435690962400e+16 2.926087779405666800e+16 4.615252096638320000e+16 3.675929409717016000e+16 5.280079905800795000e+15 1.935263909200239200e+16 3.043936278283296000e+16 -8.761203432942892500e+14 -4.729160525515612000e+16 2.221697960457848400e+16 7.587131531896802000e+15 3.912451850576154400e+16 7.437107007244494000e+15 1.592729344310232800e+16 -1.665342884198960800e+16 -1.089263566169978880e+17 6.492442838622276000e+16 7.252552531504545600e+16 -2.087319116516737200e+16 2.833058460137685000e+15 1.947105614937534400e+16 3.852159077530424800e+16 2.137686075983307200e+16 -2.404550722986123200e+16 1.677329354706128800e+16 2.271173723052274800e+16 4.608476557575398400e+16 2.004882347372438800e+16 1.828929934655996800e+16 -4.768376278138028800e+16 3.788358629925232000e+16 3.859978120488243200e+16 2.911233447969816320e+17 3.470595230253875200e+16 1.939111109916172400e+16 4.427473019862256800e+16 2.141661724381224320e+17 5.900306439070027200e+16 -5.849314259605678400e+16 1.560474643158582800e+16 1.233167914893854600e+16 -4.501441874021668500e+15 1.108599159218486560e+17 2.999459167428762000e+16 1.044216575372602200e+16 1.172624833123890200e+16 9.955905255295974000e+15 1.085745050092417800e+16 1.333855295899876800e+16 2.285757687811511600e+16 2.287003330426180800e+16 4.084209043732004800e+16 1.404988411667881200e+16 1.454441047157312600e+16 1.797681759681092000e+16 -4.251910012570180800e+16 -2.897476422203564000e+15 1.703607253441720000e+15 2.231218577664459600e+16 -1.389753636436715750e+15 -1.280594902598055312e+14 3.781008111070351500e+15 -6.941469384874958000e+15
-7.436838993931941223e+10 -4.352727860266519165e+11 -2.553419015364801331e+11 -7.499512027505987549e+10 4.273893169420268250e+10 -2.828090377543323135e+10 -4.288489333118206787e+10 3.068519730876625824e+10 7.138371422808517456e+10 8.719290228709129333e+10 6.667767119231358337e+10 -9.155665227714389801e+09 7.703639449031861877e+10 9.653972858201255798e+10 6.222554857795189667e+10 3.886298321143298626e+09 3.427192529074203968e+09 2.969144013496768951e+09 1.164487483968545914e+10 -8.340359845558267593e+09 1.343721294103969383e+10 -6.201618303308166265e+08 -7.854525268348327637e+09 -6.206850501213293076e+08 4.608792300340320587e+09 1.288763616610118484e+10 1.300188665167322731e+10 1.056737681886968231e+10 1.039218849015602684e+10 9.480179108044376373e+09 -1.441602955788107872e+09 6.558938950754526138e+09 6.719994066996160507e+09 1.932815922744069338e+09 5.596135828904978752e+09 1.979431075865109205e+09 5.328954999087816238e+09 -5.905056421452022791e+08 1.546584729517481327e+08 -5.686735318850655556e+08 9.041150449776453018e+09 7.553182274572077990e+08 2.819483684875339031e+09 4.401535161610623360e+09 9.799073370879940033e+09 -9.285987721876634880e+17 -5.823930710652475200e+16 -8.187690265202403200e+16 1.475411512548719600e+16 -1.068041763634494800e+16 7.329695280003888000e+16 9.439725301516790000e+15 -3.689796313869855200e+16 2.397007195162576000e+16 4.266319879263766400e+16 2.658933490324303360e+17 2.188501656093504400e+16 7.338267031696613000e+15 -2.543433048654328000e+16 -1.232901182941813800e+16 -3.498255323681908800e+16 -1.073347519435992600e+16 -5.849895929396910000e+15 -2.985176679576322000e+15 -1.610281791831495360e+17 5.544365478869011840e+17 -2.716975482039815600e+16 3.155089888580684800e+16 7.708544588859689000e+15 -6.440946395478730000e+15 9.066451218447316000e+15 -1.400038383408869000e+16 -4.358110346038497500e+15 -9.600875921447946000e+15 3.551841404699264500e+15 1.348940811854129800e+16 4.243640264018867200e+16 3.410599281757113125e+14 -3.699930302901934400e+16 5.028098549492916800e+16 -1.944566986832841200e+16 -8.173697387149132000e+15 -1.110731730315247600e+16 1.625592296753023200e+16 -6.057396831405679000e+15 6.290160591910190000e+15 1.610115892807359250e+15 2.573640141550082000e+16 -2.698695921399547600e+16 -3.428321755571210000e+15 1.134651538262576800e+16 -1.899376546673585600e+16 3.238185641503261000e+15 6.516285640695833000e+15 1.718323025231158080e+17 -6.841214271916004800e+16 4.723379905932024800e+16 1.531558643653691800e+16 -7.479096163253588800e+16 4.389229929454109600e+16 2.522951595614268800e+16 1.952835030948813200e+16 3.977185298551992000e+16 1.146364634773455600e+16 3.268186827983304400e+16 1.309264942378425800e+16 1.242056043282030400e+16 3.177303992728723600e+16 1.987561080384181200e+16 -2.874308422977064000e+16 3.568070085638791200e+16 2.263337025039425200e+16 3.470595230253875200e+16 2.483481954496693440e+17 3.015750789185791200e+16 4.353840663796474400e+16 1.339424247579185120e+17 1.649117685693972400e+16 6.703023710400777600e+16 8.535744303407769000e+15 -1.961920209040705750e+15 1.145000187779447400e+16 9.251926471241632000e+16 2.234274621782560000e+16 1.822858475367666000e+16 8.288506699845401000e+15 1.185732910164625400e+16 -2.372823604913458000e+15 -3.021565037813026400e+16 1.878301158789621200e+16 1.898919880750139600e+16 9.263042052689858000e+15 2.704726593588889200e+16 1.417602978806337000e+16 2.129268357676961200e+16 -2.666334215310274000e+16 -6.794495540809579000e+15 4.782134235358989000e+15 -9.735180396368598000e+15 1.755497171972462000e+16 -7.297503337124584000e+15 1.221750002675332200e+16 6.547357692840987000e+15
2.737113208716487427e+11 8.791152248801844788e+10 1.050457096077884521e+11 6.747592628573828888e+10 -3.788539997611429596e+10 -1.041205776397358894e+10 -8.565871164630792618e+09 -3.846913921894019318e+10 1.726246203613113403e+10 4.939048596109400177e+10 5.800062089696627045e+10 5.634703950994740295e+10 7.361955555158238220e+10 8.472470926362559509e+10 5.591882598705593109e+10 7.216060256774606705e+09 2.035951765679449463e+10 1.308204384163222885e+10 1.987895836873875427e+10 1.286944138404872131e+10 3.547340685607679844e+09 8.732026705864011765e+09 -4.575663269657223701e+09 6.567503741756396294e+09 9.679849849674695969e+09 8.629051652154634476e+09 8.433681968044277191e+09 1.226553098365375900e+10 9.587958152494503021e+09 9.520768574783464432e+09 1.622558935710749054e+10 5.188169249896965027e+09 5.575498543579821587e+09 2.276865932126112461e+09 2.281406048013915062e+09 4.731580823697549820e+09 8.963497967670907974e+09 3.609986984595997810e+09 5.964458952977478981e+09 4.233043752317819595e+09 5.359452704352236748e+09 2.335350361634965897e+09 3.584170755144933224e+09 6.248906876015522957e+09 -3.165687763559665203e+09 3.031601244045669120e+17 -8.025006257796721600e+16 9.237972339282646400e+16 9.308167960879476800e+16 -1.867734378795115840e+17 3.165713741731338400e+16 7.516525388269190400e+16 1.821816195931893600e+16 5.767514256236537600e+16 5.318693463975032800e+16 -4.763338560036412800e+17 -6.234996824316156250e+12 3.530788581245971600e+16 -1.221711457519717200e+16 2.090674173309035600e+16 2.953031469307062000e+16 -3.250465059487857200e+16 1.854329799671839750e+15 5.970508533020596000e+16 -1.351996823077338560e+17 2.887243691551865600e+17 -2.151766909918854400e+16 -1.086473319530078600e+16 2.509679079978635200e+16 -1.762306817581099400e+16 -1.078586360207940200e+16 -1.980638247538483200e+16 -8.694454739289323000e+15 1.094306736904408000e+16 -1.824207905384490400e+16 -1.307837901882841250e+15 1.501437625451795400e+16 2.928532098034349600e+16 -6.631418311992905000e+15 -1.705325011943066560e+17 1.794396887808707600e+16 2.326197069930672400e+16 -2.629889912222848800e+16 7.671942164339100800e+16 2.483209870165778400e+16 1.520855483193417600e+16 7.883440191187481000e+15 7.096249929044753000e+15 2.524626537801114800e+16 -2.554021755647780800e+16 2.107372520407935600e+16 9.736757434217732000e+15 9.047435020279958000e+15 2.481223170279488000e+16 -8.355259343974654400e+16 -1.400643122420404480e+17 7.578002843129462000e+15 1.017068833243878125e+14 6.896796438083880800e+16 5.666476292386466000e+15 1.092853021451574600e+16 8.237850519500648000e+15 1.388039168696109600e+16 3.257746723070845600e+16 1.311046264834972200e+16 1.378655720642329800e+16 1.512266603921754800e+16 2.307121351044356800e+16 4.757892572176216000e+16 2.263917925466866000e+16 8.660066666120535000e+15 1.915993303996846400e+16 1.939111109916172400e+16 3.015750789185791200e+16 1.727134926571080960e+17 4.402475088194899200e+16 1.768535127243825200e+16 -6.450247168447378000e+15 -8.301097454102276000e+15 -2.641294234015080000e+14 -1.922679272428335000e+15 3.963000739080097500e+14 -4.314035694699289500e+15 1.361635844287520400e+16 4.208948005131049500e+15 7.027237475428381000e+15 1.338101928835038400e+16 2.236867472133121200e+16 -2.276050496239045000e+15 2.250886175870075200e+16 1.118625179289318000e+16 1.910219355148465000e+15 9.813557585884078000e+15 1.916113335671901200e+16 1.420336814368946400e+16 7.971941544253122000e+15 8.769267028651827000e+15 9.474955873163694000e+15 7.001922003835153000e+15 7.678836669970396000e+15 8.158264668827316000e+15 1.162220289288890800e+16 1.570840863518014062e+14
7.348635981874603271e+10 -4.207290430797074585e+11 -2.880001719396348267e+11 -3.122738999075506592e+10 -5.356493101167133331e+10 -7.600840005566810608e+10 3.272305203951332855e+10 -1.700433524328879166e+10 4.484924607597235107e+10 -1.768677016646940231e+10 9.783347976452585459e+08 2.041335470649576187e+10 9.914232808636680603e+10 1.329538433433032227e+11 3.871982817152027130e+10 -4.184644953329225922e+10 3.222318092582207203e+09 1.796178428985318375e+10 6.906637090007036209e+09 8.267546371395326614e+09 -4.446989737761573792e+09 -3.533260401957478333e+10 3.767652398523227215e+09 -3.251720341859560490e+09 6.238672080503801346e+09 7.566049933838805199e+09 4.509052512863334656e+09 2.918443929953162670e+09 1.629362796920973587e+10 -4.046845921964809895e+09 4.216627332339721203e+09 -4.766964451420670509e+09 -4.910601086073209763e+09 5.472921603444581985e+09 -9.091851363592241287e+09 4.493768645011323929e+09 -2.399222039278370142e+08 -2.494608408474976540e+09 4.413262127489995956e+09 9.444168702991386414e+09 1.523636334030549812e+10 1.024616845165917015e+10 1.499068396648117781e+09 -1.107902129072725028e+08 1.280538230334445190e+10 4.730331362636449280e+17 -1.278381191612490560e+17 3.122984466867478800e+16 1.027581435671410560e+17 -1.132996811524482816e+18 1.548035818932439200e+16 2.492001395028629600e+16 -1.855380821970210000e+16 2.903269827379087000e+15 -9.762232747923228000e+15 -1.610763238530069120e+17 -2.436027985279631200e+16 -5.676588608455596000e+16 -5.110817473716583200e+16 -7.974379404302273000e+15 4.745567168400437600e+16 -5.793271851096322400e+16 4.074336247988084000e+16 2.150862902156226800e+16 -4.206723940421612800e+16 1.788731180333262080e+17 9.610312904349268000e+15 -3.427876406051865200e+16 5.524563011169736800e+16 5.862584532562169000e+15 1.343868227358868750e+15 1.271759242943347800e+16 1.311539454236233280e+17 4.753117808377286250e+14 2.060562615956512000e+16 -6.314584052532518000e+15 2.684512985123328800e+16 -1.836361568198679360e+17 -9.767167231879604800e+16 1.134166765381996320e+17 3.491635682245363600e+16 1.228275959803505600e+16 2.761034021003162800e+16 -2.517411911698030800e+16 -1.029114441696957200e+16 2.761265395751534000e+16 1.614917491915877000e+16 1.377916234698176800e+16 7.730288583533844800e+16 -2.752864426408951200e+16 5.081497598973372800e+16 1.255448327086520000e+16 -2.587908279253678500e+15 3.011119224183042000e+16 -2.276042495549823360e+17 -7.626536115859248000e+16 -9.734519439288104000e+15 -1.360453222451515750e+15 -2.308483497671764160e+17 1.141748147635326600e+16 3.657030837784801600e+16 1.908233419122618800e+16 2.860141795904692000e+16 1.087514075225328600e+16 -2.491289766270082500e+15 1.448758463608034200e+16 4.373455122493350400e+16 1.879980516901662000e+16 2.537254023543921200e+16 3.182842083043191600e+16 2.533264821802270800e+16 2.472332110981782800e+16 4.427473019862256800e+16 4.353840663796474400e+16 4.402475088194899200e+16 5.014993019297073920e+17 7.716572235061729600e+16 -1.108245798142028000e+16 8.874431041038576000e+16 -2.144175139731284000e+16 8.517578311562804000e+15 1.365461738140984400e+16 -1.504057953386329200e+16 -1.858536764160818400e+16 1.178301466702512250e+15 -1.615873507802328250e+15 1.990451563302143750e+15 9.596138412192708000e+15 -2.626080884734000400e+16 -7.225061770489771000e+15 1.416807253951838600e+16 2.082605501152073500e+15 1.463314211422700000e+16 1.377217406037790400e+16 3.672182633379769600e+16 3.377730599734103000e+15 -1.060463341661020400e+16 -2.915801285458067500e+15 -6.696833741464120000e+15 1.378278284362447250e+15 1.483948438933148000e+16 6.334463913150904000e+15 -1.343144178290478600e+16
1.075939126814154907e+12 -8.329930708395852051e+11 -3.964255215735358887e+11 -6.536546531296068115e+11 3.102110687414729614e+11 3.706631257723179932e+11 9.625998287855870361e+11 4.944663209892467651e+11 7.197760984553022461e+11 1.657624260219107971e+11 -5.195855165087913208e+11 -3.330969132415322266e+11 3.013916311899050293e+11 3.036661570454746094e+11 1.272378763828800812e+11 -1.153635914324720764e+10 1.938954849970633545e+11 1.568732960696169739e+11 2.362530752941376953e+11 1.253630103713132477e+11 -4.889288211333712769e+10 1.465637717048653603e+09 -4.934857880618740845e+10 -4.455477805747827148e+10 4.204359308582844734e+09 1.175117017490050201e+11 -2.584307526014631748e+09 8.846019854333688354e+10 -2.474243275766159821e+10 6.528153086470677948e+10 -6.280999859681165218e+08 -1.739258826985904312e+10 1.756714767190161896e+10 2.829229626004082108e+10 4.678793515565081787e+10 -2.829263798556927872e+10 -6.366892087614057159e+10 -3.389316415017735291e+10 5.193712896380705833e+09 3.589742506749782562e+10 1.092650421985306358e+10 -1.222586421877391434e+10 -2.427804727728514481e+10 -2.497296231379735947e+10 -6.490006721547746277e+10 -1.129069501543714406e+19 -9.046443217704810240e+17 -4.524232155397671680e+17 -6.474906420131665920e+17 4.179124935976150016e+18 2.932208303615847680e+17 6.655615285992075520e+17 -3.025696009946252800e+17 -1.422586659226986880e+17 -2.302779952935533120e+17 -4.726458732749878272e+18 3.218797565915912960e+17 -1.165438301247159840e+17 2.962871222840967680e+17 -3.588013135787491200e+17 1.780884177676773760e+17 5.237202427688301440e+17 2.477481490579707200e+17 5.559131231431996000e+16 3.357013748540750720e+17 5.618835827968271360e+17 4.062426647860124000e+16 8.152198563511331200e+16 1.156904270546338560e+18 -3.168984663906668800e+16 7.438368144630291200e+16 3.798841258323848960e+17 1.234315596851201440e+17 2.347477571413473280e+17 -1.297078402755106240e+17 1.826723384046213440e+17 5.581549367286978400e+16 -1.583663849653189760e+17 1.990621646686472320e+17 -2.557261222167796736e+18 2.693758835097102720e+17 9.209612691554644800e+16 2.828950114614438080e+17 2.464082198282912320e+17 2.434937737152382080e+17 1.231289920885165280e+17 2.060635245304327040e+17 5.558953545184016800e+16 -3.657248302071292160e+17 2.444167175462858560e+17 1.720359497189023360e+17 1.629608543302588160e+17 8.113032830781724800e+16 -1.859188451738436400e+16 8.891021784716305920e+17 3.349300468552327040e+17 9.409189020277427200e+17 2.655356606835548800e+17 1.745725601817748992e+18 -6.516119836922756000e+16 2.341234017173046080e+17 1.627086990240323200e+17 2.814466477276755600e+16 1.662010736173155520e+17 1.963347674934736960e+17 5.343399103175736800e+16 1.956061222972668480e+17 -3.402745527138142000e+16 4.445733407742834400e+16 -3.051513476915274880e+17 2.415017110528182720e+17 2.072200366417999040e+17 2.141661724381224320e+17 1.339424247579185120e+17 1.768535127243825200e+16 7.716572235061729600e+16 2.494261664134477824e+19 5.602158936475452160e+17 2.461854737991642800e+16 2.383339480217421760e+17 -4.422357162102846400e+16 1.646496031568104640e+17 -8.790064253516430000e+15 -1.940871700630677440e+17 1.546208796496302400e+17 7.268493531608413750e+14 -6.733259113626660800e+16 7.587098846734464000e+16 1.005924465407589280e+17 1.210175777186583840e+17 2.152717746722321280e+17 6.937285578845067200e+16 4.444556133621428800e+16 -6.296463867580514000e+15 6.991943721362600000e+16 -7.709107869684979200e+16 1.275816684933409400e+16 7.507351152706332800e+16 5.607522506897093600e+16 5.268092967302565600e+16 -1.136778789214148480e+17 -1.043045460913365800e+16 1.455361706849780160e+17
4.627765335286849976e+11 -7.575728802181826172e+11 6.359737842470827484e+10 1.155730386536970673e+11 -3.417490972220929337e+10 -2.574923508747403717e+10 1.915295605261480713e+11 4.623592301395927124e+11 2.851793510817325439e+11 3.472557634181663513e+10 1.863364591861233139e+10 -2.667594114354570389e+10 -3.207802530372685623e+10 3.095764210654417419e+10 4.121671266104199219e+10 7.721466677930609131e+10 -6.658354974844989777e+09 1.395612330496888733e+10 3.404015314614352417e+10 8.665515825735811234e+09 1.032118462512732506e+10 -2.654632203412377930e+10 -2.024992867910929871e+10 1.824997303302172089e+10 5.763650676644515991e+08 -6.199799466128429413e+09 -1.489284723998781013e+10 -1.105395340049184418e+10 2.105476776598336411e+10 1.369069466586533356e+10 6.222930470663878441e+09 3.990031153412289143e+09 -6.474522982228187561e+09 -1.058822587241151619e+10 -2.317504333173530197e+10 -1.869678594510663223e+10 -2.093833328583060503e+08 -5.133961230119514465e+09 8.413578213678128719e+08 -1.368271024854918671e+10 5.170790506387473106e+09 4.765016453028140664e+08 1.679258084395105600e+09 2.895169662412822723e+09 1.471930030783883333e+08 -7.731918898554225920e+17 2.398373293966826000e+16 3.506021587016302080e+17 -2.471221440845160640e+17 -1.365083759416305120e+17 -2.113960647917533760e+17 -5.712333760951228800e+16 -7.529524874470240000e+16 -8.598824762126444800e+16 -8.790716959474600000e+16 8.072185235034128640e+17 -2.025613820046127680e+17 4.084767618570712000e+16 6.039647625105792800e+16 -8.012531367959342400e+16 -6.493640294711853600e+16 1.686079078157393280e+17 9.633741967704770000e+15 1.921496782378493760e+17 -4.955846556603960320e+17 2.905262706433067520e+17 7.687179148833003200e+16 5.441513556384200800e+16 2.843686143990434500e+15 7.313658709650468800e+16 6.133303062035040800e+16 9.429872041766875200e+16 4.110432109290258400e+16 1.125519879951471040e+17 2.811634076651656800e+16 5.516038828670812000e+16 -8.198605585586780000e+14 -3.449685664388766720e+17 2.686407152351292400e+16 4.232729496414165760e+17 4.771323969694186000e+15 6.294454914854014400e+16 1.055118859729615200e+17 5.305430224466667000e+15 7.350827106032210000e+15 6.471821407337901000e+15 4.464821170847463200e+16 2.438548780291189000e+15 5.115310598268540000e+16 3.568518061371241600e+16 -5.268326413851149600e+16 3.272026748906980400e+16 -1.400602722519500600e+16 6.693533786631820000e+16 -5.025309472985359200e+16 -4.598166502468189440e+17 7.434811685553953600e+16 2.074355569171978240e+17 -4.065635921421724160e+17 1.211038284952254800e+16 1.871558535361946000e+16 6.658092700186366400e+16 7.061071104598245600e+16 -7.079067800211480800e+16 2.120715104731933000e+15 3.007667735543862000e+16 3.903250878168532800e+16 5.943046199839893000e+15 -4.874769850031856000e+15 8.649933361273150000e+15 7.849102655565880000e+15 -3.841390409809190400e+16 5.900306439070027200e+16 1.649117685693972400e+16 -6.450247168447378000e+15 -1.108245798142028000e+16 5.602158936475452160e+17 1.308580271084498432e+18 -8.835830005213830400e+16 2.716904417102988400e+16 9.764504269467584000e+16 3.211377334077374000e+16 1.163597373068645440e+17 -3.996165551208856000e+16 3.052271061591371600e+16 6.661822221488501600e+16 -1.033542195253528600e+16 -8.365225415314719000e+15 6.683914173976701600e+16 -1.126251974235059000e+15 1.726969119948220600e+16 6.101858039680568800e+16 1.369310587908297400e+16 6.871376958042473000e+15 -5.053343662430062000e+15 -5.060276912034242400e+16 -3.947845473597200000e+16 1.182331963563247200e+16 8.045666397671009600e+16 1.359501821446721000e+16 1.464397260460226600e+16 3.454087191939954500e+15 4.102024697375920800e+16
1.740159941249399567e+10 5.535061855044299316e+11 2.207872131612126160e+10 -1.165517936893862457e+11 7.323667017319945068e+11 3.139206434183999634e+11 3.526280043601568604e+11 -3.376207657459584351e+11 -2.563170137717712097e+11 -1.013907943963443947e+10 9.586033557912973022e+10 1.592396962686568909e+11 1.646507359914631081e+10 1.537617480711727295e+11 9.749068037319177246e+10 -3.141816611840160370e+10 -1.943736549979052353e+10 -2.769144588411329269e+09 -1.610395444179674072e+11 -6.603637614324016571e+10 1.054596574623130341e+11 1.591384413616695251e+11 -4.162291204829113770e+10 7.902142073455931091e+10 6.373117340938645935e+10 8.637716603849794388e+09 -3.082965803592616558e+09 -4.347603574104575348e+10 -6.830330578467805481e+10 -2.700427022532425690e+10 4.747016366424053192e+10 -2.794841988250272751e+10 -2.996075853675052643e+10 4.128544144762825012e+10 -9.861656107342275620e+09 3.598843783381629944e+10 1.658549119177351570e+10 6.661675715031771088e+10 -4.415088978025474548e+09 4.763917843889379120e+10 3.633096692117599487e+10 7.177625886962446594e+10 4.121920142674072266e+10 -4.055954191287178040e+10 2.829998792238643265e+10 -5.691258619955463168e+18 -1.474990081766389760e+18 -6.537233810067015680e+17 4.233488221285975040e+17 1.056090010723390669e+19 3.971639369767256960e+17 1.662631656676736640e+17 4.402850094132410240e+17 -2.975855565218615040e+17 -1.208499721856314560e+17 3.499222418024785408e+18 1.038280243595880704e+18 7.685648153405384960e+17 2.036686719224432640e+17 -2.480998951015683200e+17 8.433765821593153280e+17 2.562153941836936320e+17 -4.645091117280771200e+17 1.759714018792702080e+17 1.894992535627607552e+18 -4.139213915661167360e+17 -1.358440128745218600e+16 -5.596495266572360800e+16 6.995902103001708800e+17 -2.234422398437660800e+16 -3.147927382850203200e+16 -1.456364428103724480e+17 3.323377632636465280e+17 4.075214477673901600e+16 -7.074506375124060800e+16 -3.681774957417406720e+17 3.925698650374962400e+16 -3.782373728267576320e+17 -4.154850612662624640e+17 -2.532765084546067968e+18 6.658702547472048000e+15 -3.899432378006585600e+16 -6.380713907520269600e+16 3.826421422792010240e+17 -4.053577009685326400e+16 2.122810493402590080e+17 2.949990048398978000e+16 1.044599786470777920e+17 5.282680406691016320e+17 8.265889503616532800e+16 1.021454772110279625e+15 -3.458916573508216320e+17 -2.840205524056260000e+16 -1.077875570066721600e+17 7.637691017711777280e+17 1.842667126968024064e+18 1.708790147875864960e+17 -6.342862324228183200e+16 -1.849457788225925760e+17 4.516269768136124800e+17 -1.427822793737370400e+16 -2.577774376475910000e+16 4.415860953511353600e+16 4.661592904235476800e+16 1.857985245101918720e+17 8.122324976689014400e+16 -7.581417591183979200e+16 -4.529268670414560000e+16 -5.438088787818201600e+16 4.144903277450432000e+17 6.896331137762197600e+16 -5.393313399820079200e+16 -5.849314259605678400e+16 6.703023710400777600e+16 -8.301097454102276000e+15 8.874431041038576000e+16 2.461854737991642800e+16 -8.835830005213830400e+16 2.606624568820055245e+19 1.687858178827301440e+17 -1.175894691586511520e+17 6.118203453443785600e+16 -1.558791818779987456e+18 4.228143619027852800e+17 -6.265977226355504000e+15 3.928942979018579200e+16 -3.830765102507974500e+15 -1.612314932795214000e+16 3.364031075331176320e+17 1.851341564153162560e+17 -9.063648999001764800e+16 -3.289434378448540000e+16 -4.083537270328105500e+15 -9.259284133104980000e+15 -4.053304405531586400e+16 2.766057814400685120e+17 8.340850317643452800e+16 6.447886950294054400e+16 -9.170149871677932800e+16 -4.592074546731941600e+16 -7.419398652678126400e+16 2.163454750686120400e+16 9.661119744597860800e+16
-2.865335140561732788e+11 -1.154960202332660675e+09 5.480122109326035309e+10 -7.473406174090744019e+10 8.666086078762251282e+10 3.864244097690656738e+11 2.991725994101054688e+11 4.183002359485000610e+10 3.355621845063507843e+10 1.634823294899442139e+11 1.117614893116318970e+11 3.628452852306614685e+10 -3.014966230948482513e+10 3.638013527251219940e+10 3.374728389838760376e+10 5.089105560077220917e+10 2.715223114260915756e+10 5.893091810056836128e+09 1.231366775436751747e+10 3.169010695213293076e+10 1.937186090209562683e+10 1.933831555291167068e+10 9.404300992232310772e+08 3.962450972081948090e+10 3.005326355163045120e+10 1.721366851639626312e+10 5.980705685196040154e+09 4.770175526183913350e+08 1.295477707115739822e+10 3.111415734766661072e+10 7.968834177654872894e+09 4.354614904425992012e+09 9.837588731705303192e+09 -1.580657618433919668e+09 4.088910671713370800e+09 3.236118936619154930e+09 9.225184837264614105e+09 1.591100253515433693e+10 1.001944405621524048e+10 -3.809781464682695389e+09 4.626864628220452309e+09 1.759108079177207565e+10 1.110178360830508041e+10 -3.146564262156419083e+07 1.028578943074278450e+10 2.832686581580246080e+17 4.462611565117761280e+17 -9.827007963764768000e+16 -2.116476398836887680e+17 -1.031880707488422528e+18 4.449643577474678500e+15 -7.994211300642204800e+16 7.068415584561071200e+16 -8.617962011479944000e+16 3.641313869236866400e+16 1.560597673145925120e+17 -4.094474363089710400e+16 1.625384356030157120e+17 1.244484064771331360e+17 6.615078319083158400e+16 -6.674375737614455000e+15 6.816939978197936800e+16 3.555937126983473200e+16 8.518789895902528000e+16 -8.946504115926324480e+17 5.044012091468211200e+17 7.495873973068596800e+16 1.196371027374652160e+17 -7.946997107313944000e+16 -1.007625625477593600e+16 5.267153757972384000e+16 9.091289780366254000e+15 7.728644927196387200e+16 2.359368567083100800e+16 4.120823720197548800e+16 2.040007742359307200e+16 4.148022445711468000e+16 2.051993076166816960e+17 8.577460610512774400e+16 5.313981266570206720e+17 2.908068927497775600e+16 4.262209996662335200e+16 1.834235420914082800e+16 8.102527675347774400e+16 3.313971990182007000e+15 5.266314887671526400e+16 2.813083990600756000e+16 3.366819193009051200e+16 8.541633010044000000e+16 -4.432644477118422400e+16 3.509902789063459600e+16 3.064891867534889600e+16 8.976554736544043000e+15 1.448803226554526200e+16 1.354004113999114080e+17 -2.481637678951222800e+16 6.714082374545967200e+16 1.075226708806033200e+16 2.320094989434802560e+17 1.961919642336090000e+16 6.910779789729274400e+16 2.654787880470358000e+16 4.472077575483597600e+16 -1.022851071498812000e+16 -2.204771494462234400e+16 4.401507848358056000e+16 1.482230055271954200e+16 -1.154007368512678800e+16 -9.618007142954290000e+15 2.660561642022264400e+16 2.576664064166098000e+16 3.978383211559921600e+16 1.560474643158582800e+16 8.535744303407769000e+15 -2.641294234015080000e+14 -2.144175139731284000e+16 2.383339480217421760e+17 2.716904417102988400e+16 1.687858178827301440e+17 7.115595158777116160e+17 4.452999111887606400e+16 2.295272381763735200e+16 -2.991290569356778400e+16 4.471467041639148000e+15 6.222730141646896800e+16 1.123352783396183400e+16 2.179560490030400400e+16 1.098201099155126400e+16 -9.186388810108284000e+15 2.128549482549537600e+16 4.609725834896292000e+16 2.528380532177892400e+16 1.839581419663006000e+16 9.973738603502712000e+15 2.834598478039665000e+14 -5.343141169055606875e+14 -1.835040330083234750e+15 4.029843926027828000e+16 1.958217940083596800e+16 2.831883700602363600e+16 1.195091633512913400e+16 1.215190104812385600e+16 3.072155753104731500e+15
-5.319383157208049774e+10 7.794871126076310730e+10 1.895992533589982910e+11 1.000410611104941254e+11 9.554782344265652466e+10 4.604475602171315002e+10 1.905704753995741882e+11 1.781932519609285583e+11 1.469870790238638000e+11 1.323288906085322571e+11 4.874223279741521454e+10 2.442689969057361126e+09 -2.549660995406856918e+10 2.749150344965672684e+10 3.320568351354648590e+10 5.630649697591230011e+10 2.133434209394649887e+10 1.081525346411674500e+10 2.210540949638396263e+09 1.733950957271226406e+09 2.297829780779567719e+09 4.442704959576877594e+09 1.476226073836855125e+10 1.103637028101779938e+10 1.467786105094271851e+10 8.661934296665760040e+09 4.488951402218958855e+09 9.845175773278472900e+09 1.373601741199604797e+10 1.051202237979793549e+10 6.364985310792979240e+09 8.729284905086366653e+09 1.541577269209881973e+10 9.121117082098707199e+09 4.217941788879498482e+09 -2.932952964938396811e+08 9.313011699170810699e+09 7.055934533322218895e+09 7.262481067890124321e+09 -1.327802750468865395e+09 6.587886121010973930e+09 1.391010659061776543e+10 2.228372475103663445e+09 4.450641581300427437e+09 6.202872552219188690e+09 4.291217076321852800e+17 -2.119204346958748000e+16 -1.052548592597745280e+17 8.093186664725091200e+16 4.539383440943189120e+17 1.361558633706194240e+17 6.981881317055880000e+16 7.411718585653867200e+16 -7.556020491300122000e+15 -2.275640308816364800e+16 4.455950960310395520e+17 4.666481080618236000e+16 1.148308831071238880e+17 4.659516399624658400e+16 5.730503262405924800e+16 3.254619020558206000e+16 4.314133245825492000e+16 3.710512017427668000e+16 3.712019906092338400e+16 -4.512147987023775360e+17 -7.963770307295892800e+16 7.228719645019147200e+16 5.613462002926461600e+16 8.195273529488544000e+16 5.812742740923489000e+15 3.895062738484304800e+16 4.836284496298832000e+16 7.623222184194776000e+16 7.266681635054874000e+15 6.109593824616846400e+16 5.433437201059364800e+16 4.963864171804365600e+16 6.668795157981552000e+16 6.785048574674104800e+16 2.267103754727280960e+17 2.830386717045666800e+16 3.205791129175990000e+16 3.454058825684763600e+16 8.230416174685216000e+16 1.793619395688816200e+16 1.613901681168406400e+16 2.854109008097520400e+16 3.677271786421227200e+16 5.536096727238673600e+16 4.701079376382166000e+15 1.829253095328270800e+16 3.185166913835947600e+16 2.102454134116014400e+16 2.680306031933305500e+15 -3.874878233564442400e+16 -8.095049160011955200e+16 3.936677415331141600e+16 5.370148003419002400e+16 -1.404461686592247040e+17 2.965176525382266000e+16 3.262337174708856400e+16 5.128375819136916800e+16 2.964823556680922000e+16 3.474739877264007200e+16 3.585377754154686000e+15 1.717305477011650600e+16 2.567218821333416400e+16 9.435299274914250000e+15 4.183889507002113000e+15 3.303275158303217600e+16 -6.477192645777960000e+15 1.173733455352763400e+16 1.233167914893854600e+16 -1.961920209040705750e+15 -1.922679272428335000e+15 8.517578311562804000e+15 -4.422357162102846400e+16 9.764504269467584000e+16 -1.175894691586511520e+17 4.452999111887606400e+16 2.097751871854536640e+17 3.854825250584813600e+16 5.672784111771759200e+16 3.024625101272516000e+16 4.144617266246434500e+15 3.729736791503732800e+16 1.867487669064246400e+16 -1.856635066763853000e+15 6.051923760746339200e+16 6.640059470043763000e+15 1.516403483514411800e+16 2.228763129272056000e+16 1.952822895247100800e+16 2.824171635525688500e+15 1.020110712676854400e+16 5.915598997705698400e+16 1.270143640234009000e+16 1.409642652091219600e+16 3.043378836317120400e+16 1.918320811241385600e+16 1.030845912181529600e+16 5.522984969032802000e+15 4.967951508461073000e+15
-4.807083461911164551e+11 3.370215703006345367e+10 1.104761758488678589e+11 6.550742883406963348e+10 7.141166578657585144e+10 4.814753971352717590e+10 1.586791013989664268e+10 -2.019536285155656433e+10 1.328577512391070557e+11 1.897579796947262573e+11 1.165124484964283905e+11 -1.717776279575084114e+10 3.326955411550942993e+10 -2.309283959716460705e+09 3.724424467203168488e+10 3.552797340639231110e+10 1.808925852745798111e+10 6.254830883135817528e+09 4.475472997978835106e+09 1.258881569800684547e+10 1.769319608824301529e+10 1.382968849275393867e+10 -3.187805260462063551e+08 2.131458890258933640e+10 1.223803193449832153e+10 5.665805185657475471e+09 7.613755528138057709e+09 1.521332307542537880e+10 2.350408711371746826e+10 1.620224777181211281e+10 3.080826602081151009e+09 2.445652444009380341e+09 8.800176057913594246e+08 2.030204483199156523e+09 -8.901620297178119659e+09 -1.705758233595970392e+09 3.646314500483946323e+09 1.353698436331731975e+08 1.128012540434443855e+10 8.182592716414532661e+08 4.122698489703258991e+09 8.006002158692810059e+09 -9.650457377049781084e+08 2.657223005733230591e+09 8.751598210471086502e+09 -6.779278397170172160e+17 -3.437926896400934800e+16 -2.869042583571165440e+17 2.412043675549529600e+16 4.184447533982762240e+17 2.604812614189696800e+16 9.732716205084252800e+16 7.402892181358889600e+16 5.598303556605584000e+16 -2.248174417302332800e+16 1.310187342147570880e+17 7.196821254435756800e+16 -2.586048020544126800e+16 4.661274239082125600e+16 -2.222921371458704000e+16 -2.536633832723992400e+16 3.481951629710998800e+16 1.660292303397052200e+16 -1.607896417279360400e+16 -3.288941865203416960e+17 3.492855496106962800e+16 8.264641806774928000e+16 2.766642669917064400e+16 5.195863470103803200e+16 3.672838399715481600e+16 3.718999259450697500e+15 3.198728592454826000e+15 2.065147442744375750e+15 7.038637445046387000e+15 4.608090200408918400e+16 3.214444914428076400e+16 3.751748474720388000e+16 6.748852497173551200e+16 -1.399882548373924250e+15 3.234381119756764800e+17 1.001971449174365800e+16 5.296441978402792000e+15 6.130268101510534000e+15 5.673873998217782400e+16 1.597348021030115200e+16 2.653435421310274400e+16 3.300847360341529600e+16 3.152845181600484000e+16 -1.637534357777771600e+16 -1.089711450475946800e+16 -1.247887235544636600e+16 -1.009498001610738000e+16 1.303495257341949400e+16 7.042222400496504000e+15 -6.346939414713929600e+16 1.750529745952071680e+17 2.433126247132989600e+16 8.862993460076834000e+15 7.396813204023529600e+16 1.578295933551969400e+16 3.216624114662060800e+16 3.591890267159349600e+16 5.193374589806652800e+16 4.128633373582675200e+16 8.474138801734990000e+15 1.238986081439900400e+16 5.521020078395466000e+15 1.965018938126068000e+16 -4.200669730677667500e+14 -1.647654437429982800e+16 -9.050472028365132000e+15 -1.206520892846876800e+16 -4.501441874021668500e+15 1.145000187779447400e+16 3.963000739080097500e+14 1.365461738140984400e+16 1.646496031568104640e+17 3.211377334077374000e+16 6.118203453443785600e+16 2.295272381763735200e+16 3.854825250584813600e+16 2.973712202868688640e+17 -2.284985179519146560e+17 3.217264707154582000e+16 2.863086690898069500e+15 9.016343008316738000e+15 3.259372396622859600e+16 1.532180310525735600e+16 2.010379299612532000e+16 1.323853761017331200e+16 1.076923752812825800e+16 8.335903000736796000e+15 2.216427155523721200e+16 4.375648980617856500e+15 6.467821544749398000e+15 -7.716322052967479000e+15 9.594126205682144000e+15 9.102146544875976000e+15 4.609590633139567000e+15 9.944884252126562000e+15 1.356186922250383200e+16 9.619326672729730000e+15 1.489901898519700800e+16
1.380284425531641113e+12 3.445502284117807617e+12 3.289977709918059570e+12 -5.433417148519838867e+11 7.070869623751289368e+10 7.663196345168964844e+11 1.944528189513507690e+11 7.218852327268286133e+11 8.715350194353134155e+10 -1.197264885729861908e+11 -3.943371935279595947e+11 -7.607537198546390533e+09 -1.404940862179330063e+10 2.557648627860129395e+11 1.067043771092393875e+10 -4.550016387014706421e+10 7.994533316068183899e+10 -8.860979710809152603e+09 3.349789602247408295e+10 3.174964482330992889e+10 -9.481177696614830017e+10 -6.290561337756812286e+10 -8.580332721729022026e+09 -2.964510653286635208e+10 -3.418524232062679768e+09 -6.381555192789270020e+10 9.645715367564730835e+10 -2.133017514848255920e+10 5.914059599791772461e+10 3.846008843569921112e+10 -1.442905231919354439e+10 -1.212533029392934418e+11 -5.901424357716655731e+10 1.167113524626318817e+11 1.310240322523891754e+11 -1.333077336016592598e+10 -3.784970911445936584e+10 3.417987326888994217e+09 7.124270733887176514e+10 -2.197675342558382034e+10 2.460386750574544907e+10 6.508116524785910034e+10 -1.152697558948963928e+11 -3.138031106231456375e+10 7.901761014105183601e+09 6.709221639419040768e+18 -1.630482228439211520e+18 1.240241731554431232e+18 8.283942713933237760e+17 -1.985274732670715392e+18 -1.617126701503953280e+17 1.358208924207401472e+18 -2.307291839923928576e+18 -7.429763293306495000e+15 3.502332152331200000e+17 5.339552630319801344e+18 -1.125559342164574976e+18 2.237791848007441920e+17 -1.450178187359822080e+17 1.734782616285805440e+17 2.870932955043127600e+16 6.735844712655400960e+17 4.231923393549386880e+17 1.727681813469491200e+17 2.186441287391312960e+17 3.109319105015606784e+18 -5.092335624747768960e+17 1.146421128566342080e+17 6.195975521874269440e+17 3.786749934678117760e+17 -1.381150692795173280e+17 3.930635384173863200e+16 1.006278011301358080e+18 2.635792956016731840e+17 1.597036753183665600e+17 3.738949235250368640e+17 -1.903086053689834240e+17 -1.067148027597073152e+18 3.499810405547577600e+17 4.330050138418271232e+18 7.621483521298892800e+17 1.251164706764940320e+17 8.288433504280507200e+16 6.130520682170360320e+17 -4.929192580239234400e+16 7.888589388786592500e+14 -5.410802354602072800e+16 -1.934171989227280000e+17 3.736968302654810400e+16 -4.229079213658464640e+17 7.577620876396609600e+16 -1.906721357264851200e+16 1.447095710297019840e+17 2.183415145030135600e+16 -5.075635989742092800e+17 9.347773450008551680e+17 -1.990987510059336000e+16 1.739020980557576000e+17 2.234869847491518400e+17 5.609347234967360640e+17 -1.630610398929675000e+15 -6.340547328702694400e+16 1.818441779125960000e+17 1.186931052525109760e+18 2.649712965438939200e+16 -1.690126487439931840e+17 2.298341165648726000e+15 -8.283023035309411200e+16 -9.534810634501878400e+16 1.907137171352660480e+17 1.883641308642219840e+17 2.743713713464789600e+16 1.108599159218486560e+17 9.251926471241632000e+16 -4.314035694699289500e+15 -1.504057953386329200e+16 -8.790064253516430000e+15 1.163597373068645440e+17 -1.558791818779987456e+18 -2.991290569356778400e+16 5.672784111771759200e+16 -2.284985179519146560e+17 4.046418164853737062e+19 3.171365428546099200e+17 -6.619771024452789000e+15 1.264708806815307750e+15 -7.663088809885121600e+16 3.971592998316460156e+13 1.350897967834134784e+18 1.237166307771510080e+17 2.665645123858854400e+16 1.163244846945878080e+17 -8.649585364986227200e+16 3.475560054387780500e+15 1.053739256273039520e+17 -1.732349589690591680e+17 4.185932301664015200e+16 -6.277615798943623200e+16 1.940470579289012400e+16 -2.617417319944269200e+16 -2.943193109757598000e+16 1.830548043879228400e+16 -1.089221246287460000e+16
-1.372160979590193848e+12 -7.114169410238114929e+10 2.130565925160668640e+11 1.091501227677525635e+12 8.287374268275233154e+11 7.381048661210265160e+09 -1.382230654985547256e+10 2.625929714395755386e+10 -1.694775367822164536e+10 5.960734025338951874e+10 4.359315880364790344e+10 1.077237957166711884e+11 5.011832694223213196e+10 2.387223373132762146e+10 6.635255600562695312e+10 2.869076175412013245e+10 3.441757749771869659e+10 1.545437645338947487e+10 -1.657533356604702377e+10 6.938005566058991432e+09 5.060586688558323979e+08 1.796680155361088562e+10 2.053952860444864750e+09 3.525811137824394989e+10 2.238768041761750793e+10 1.397614084414775658e+10 1.388534121904760551e+10 8.046895725346446037e+09 -1.654966918204932785e+10 -1.379121261756993675e+10 4.205209902125743866e+09 6.165714607390192986e+09 1.024803873148500252e+10 2.589195736252253342e+10 1.783973176760209274e+10 3.996941446218122244e+08 1.401755464496280289e+10 1.980120565202292204e+09 -8.695908886182546616e+09 -3.027236403532478333e+09 8.033409274171245575e+09 1.368639377188425446e+10 -1.014613756923239708e+10 -1.844075823086721802e+10 -3.759503757883251190e+09 -1.288312786074477056e+18 -3.076868727404579840e+17 -1.844430320025154560e+17 1.121426409985132160e+17 -3.217093097809638912e+18 -1.001607628569784800e+17 1.267493477773480320e+17 1.456990952619668800e+17 9.173456732092692800e+16 -4.812051811535784800e+16 4.374890218833068160e+17 2.647443158644595200e+17 -1.244354447022035680e+17 6.182719546291254400e+16 7.979636853629454000e+15 -1.331208946890988160e+17 1.278838803241645120e+17 -8.368178944858636800e+16 -3.890219207132545600e+16 5.811006952098991000e+15 3.500811590997571840e+17 1.854252780053850560e+17 6.021688770726144800e+16 -1.012090754362884000e+17 1.089154878490267520e+17 -1.427715196832011000e+16 -3.130242125768058400e+16 -3.449573746898455600e+16 4.798419594083095200e+16 9.840302433675958000e+15 3.002631719313313500e+15 1.240677398854847040e+17 2.055998030658294800e+16 3.359285800447474800e+16 -1.753345755512740200e+16 3.783874644913899200e+16 4.063466328837556800e+16 3.537839414805775600e+16 -9.442695532484400000e+15 1.096543791017883360e+17 -1.298052720981896000e+16 2.360267396010534500e+15 -2.037809431594215600e+16 -6.075397639420588800e+16 8.437141236666630400e+16 1.463284292957099800e+16 1.194562491930770200e+16 2.703964266617460000e+16 -2.046524687716953600e+16 -3.865185994160940800e+17 -7.566370612722654000e+15 1.185319837839535800e+16 2.945614562195016800e+16 -4.208961840878664320e+17 1.272318603516531520e+17 9.773970845777576000e+15 1.108621742604436000e+16 2.796507676006412000e+16 8.904439494033404800e+16 1.860423661963574400e+17 2.409095437278536800e+16 2.328903128180370800e+16 1.431250524332134600e+16 3.007622421616653200e+16 -5.444267460742329600e+16 1.112619710609928480e+17 2.308320517717363200e+16 2.999459167428762000e+16 2.234274621782560000e+16 1.361635844287520400e+16 -1.858536764160818400e+16 -1.940871700630677440e+17 -3.996165551208856000e+16 4.228143619027852800e+17 4.471467041639148000e+15 3.024625101272516000e+16 3.217264707154582000e+16 3.171365428546099200e+17 1.020805459038282368e+18 5.809998718576602400e+16 1.921626288465557200e+16 2.156144671332191600e+16 3.193831452478824400e+16 5.198505602361856000e+16 1.392709325455566080e+17 2.505242323438502800e+16 1.932040011974861200e+16 1.229526860900619600e+16 1.477261719309920400e+16 2.105255708720986800e+16 -3.191305356563486800e+16 9.784853323310316800e+16 6.863451106325396000e+15 -7.962489200603808000e+15 1.667136980381373600e+16 1.294351778602220200e+16 9.171350805496036000e+15 -1.699793348436515250e+15
3.848833214419752197e+11 -1.050318040816768036e+11 1.794037139112667847e+11 3.408546514814867401e+10 2.506171894879447327e+11 4.317641832578187256e+11 1.917612792315662842e+11 6.310370122226922607e+10 4.588276155899573326e+09 1.239750867452779961e+10 3.198226334007636642e+10 6.713762573807656097e+10 1.900187757768871307e+10 2.811461511800991058e+10 1.500271886144786263e+10 1.366310304764020538e+10 1.941533721053644943e+10 -1.363476654112528801e+10 7.871502872875239372e+09 -1.075501190837663269e+10 1.285701164818259048e+10 1.097865695252851677e+10 -1.170829130527419448e+08 1.908896994078102875e+10 9.443330236176380157e+09 -1.080816032239858627e+10 -7.519047310351222754e+08 6.618153026935435295e+09 8.173816414816048622e+09 -1.965942305227433920e+09 -6.135453666279715300e+08 1.497045889206062078e+09 1.008063112917359924e+10 1.067923862978002548e+10 -7.046514420766918659e+08 1.159090176238093376e+09 1.082223763610156059e+10 1.979202079662367821e+09 -6.285231819622538090e+08 -1.019684944506008911e+10 -8.869635150201437473e+08 4.592797742196239233e+08 5.387616795056893349e+09 -6.896163424379871368e+09 9.531319498916006088e+07 -6.369385065866883840e+17 3.361643947406981120e+17 -1.885597969159088400e+16 -1.536340282562601920e+17 3.056692105258778880e+17 -4.001924149561420800e+16 -1.329303414328675200e+16 9.412058477370558400e+16 1.012573377019701400e+16 9.041809269986289600e+16 4.643707004157790720e+17 4.493715050053257600e+16 1.428811100491233600e+17 5.522809827166587200e+16 8.928728479709968000e+16 1.318786929055783600e+16 7.700020438288857000e+15 3.426187205655727200e+16 8.237865819326504000e+15 -2.032475579495853120e+17 2.974990242534544640e+17 4.522567344479133000e+15 5.510086015088855200e+16 -4.910556194049590400e+16 -9.400991933624156250e+14 5.279557300032381600e+16 -3.081859022112559000e+15 5.947665175670724800e+16 -2.022961454667383200e+16 9.704388597286726000e+15 1.193358655074193600e+16 -2.095631642679662000e+16 1.763161487967097600e+17 3.014977909550750400e+16 2.931694511891062400e+16 -6.975779781481977500e+14 5.523241336955660800e+16 6.922083467959049000e+15 3.135574357138115200e+16 2.191763410350620000e+16 4.217724368425772000e+16 1.751039488093955200e+16 1.137082846127048000e+16 -8.186615000071174805e+12 -2.406014790140661500e+15 2.554238284719757200e+16 2.648832287055378400e+16 1.452921005022235000e+15 1.730107149201353800e+16 6.381512174556548800e+16 1.343104977777489200e+16 6.961618440842522400e+16 2.257577003871054800e+16 1.716844816943881920e+17 -7.611567715603781000e+15 4.142000933503898400e+16 1.647778896455870600e+16 6.745805290919466000e+15 2.967776859514875200e+16 3.030255862823247600e+16 6.343015500603350400e+16 2.167455939241034800e+16 8.889132500970375000e+15 1.446600843854295800e+16 6.646287749849879200e+16 5.157933800956410000e+14 3.678759364295872000e+16 1.044216575372602200e+16 1.822858475367666000e+16 4.208948005131049500e+15 1.178301466702512250e+15 1.546208796496302400e+17 3.052271061591371600e+16 -6.265977226355504000e+15 6.222730141646896800e+16 4.144617266246434500e+15 2.863086690898069500e+15 -6.619771024452789000e+15 5.809998718576602400e+16 2.662425735313153280e+17 1.660350292780349000e+16 8.385472972107751000e+15 1.615935864552896000e+16 2.622527297954768400e+16 2.769376686282899200e+16 5.428848154572684000e+16 7.447261924116279000e+15 1.262440394384784766e+13 6.325564287218687000e+15 -6.788728510330864000e+15 5.461546150496888000e+16 3.474427413259486500e+15 4.468983686347164000e+16 1.300736272902760500e+15 4.503315479098955500e+15 9.159388902543456000e+15 4.212531553157798000e+15 -2.324310664907908000e+15
2.374879152514848633e+11 -1.509655503028175659e+11 7.758689707984490967e+10 1.129809566274419098e+11 -4.024672907238648224e+10 -5.780478275483374023e+10 1.278521443334807587e+11 1.692364656438821716e+11 1.101105197731844177e+11 2.554715625099373627e+10 7.486791875165190125e+10 7.324619248245420837e+10 2.079594371123784637e+10 7.501568284956001282e+09 3.091752275215181732e+10 4.747640968751548004e+10 2.852529462482623291e+10 7.685626016007595062e+09 1.201884404723755074e+10 1.165430361825625229e+10 3.430290975971215367e+08 4.539771885619199753e+09 3.880899908510500431e+09 -2.246245809301525116e+09 8.661163223051757812e+09 6.854779695021410942e+09 -4.455096494852929115e+09 1.011050358854610825e+10 -3.848540195415906906e+09 6.636482016410478354e+08 -6.794849505210002899e+09 1.107594705024702400e+08 -6.711879414912873507e+07 -5.759062231439796686e+08 -2.917327692494661808e+09 2.169950203989690304e+09 1.933060844879688501e+09 -1.313219050273467541e+09 1.588913322163482904e+09 -5.352082187698133469e+09 -7.579400792943145037e+08 -2.217121966080235004e+09 1.258674985782455921e+09 -5.969642590553773642e+08 -2.955364469592631340e+09 3.301655190444584320e+17 9.978350748808123750e+14 -4.964595150484980000e+16 -4.091768627575523200e+16 4.876668208801788800e+17 -2.129493099542134800e+16 2.978655691535632400e+16 4.409500552303073600e+16 1.989597295977007750e+15 2.636955381369547200e+16 -1.713096613245415800e+16 4.482118752311322400e+16 3.693610275701590400e+16 4.783026779315716800e+16 4.912793685139816800e+16 1.660790144696145600e+16 4.085073765616397600e+16 2.239956895591227600e+16 4.067263842982664800e+16 -1.207523524809780960e+17 9.891564642833483200e+16 4.692708188410708800e+16 -7.760915455833615000e+15 -7.859910236058609000e+15 3.590268588082317200e+16 3.481624181676598800e+16 2.883806721983380000e+16 7.714809657469108000e+15 7.618115577614332000e+15 8.710691495404570000e+15 1.664764177990659800e+16 1.841866380722413200e+16 4.188692597766166500e+15 3.093411107866280400e+16 1.808354321053017600e+17 3.265987791310477200e+16 2.180141722904559200e+16 2.337235949784961600e+16 1.878384177613586400e+16 1.946256152075340800e+16 3.415958371329957200e+16 2.377748407931382800e+16 1.430069105993861200e+16 2.111711721626904000e+16 2.502491841778372400e+16 2.428138916497328800e+16 3.387554438534202000e+16 1.806553528001788000e+16 2.438942878682546400e+16 1.344363876313257600e+17 -1.535111343199438720e+17 2.040577889707736000e+16 5.547961262702243200e+16 -2.170112609078363200e+16 4.782479611315664000e+15 4.222353408460717000e+15 2.990811407521364400e+16 1.610657310892234000e+16 2.246148035598493600e+16 1.922400393295750800e+16 1.333951934794418000e+16 3.110806782223368400e+16 1.150225660209125600e+16 9.205095098123790000e+15 1.243999334149313400e+16 2.080030205097830400e+16 -8.648324256306664000e+15 1.172624833123890200e+16 8.288506699845401000e+15 7.027237475428381000e+15 -1.615873507802328250e+15 7.268493531608413750e+14 6.661822221488501600e+16 3.928942979018579200e+16 1.123352783396183400e+16 3.729736791503732800e+16 9.016343008316738000e+15 1.264708806815307750e+15 1.921626288465557200e+16 1.660350292780349000e+16 1.546296714529602560e+17 2.123712370292446000e+16 1.086854745209032800e+16 3.816463220422741600e+16 2.376993794316650400e+16 5.853831162510234000e+15 3.013346939356896400e+16 1.163413428676330600e+16 1.096376343008051400e+16 1.214778038419891600e+16 3.744210978515945600e+16 2.340470293539198800e+16 -4.289792325908458000e+15 2.158518423604611600e+16 1.251497671805040200e+16 1.639943442304723200e+16 9.151080297545962000e+15 9.717368981650974000e+15
2.191162991602752075e+11 1.322934992300487976e+11 8.077752854991195679e+10 9.832312092697413635e+10 4.765454256816224670e+10 2.355450665202662659e+10 3.193821454881550598e+10 -2.966781737416425323e+10 7.167361317165774536e+10 1.411406192516958008e+11 1.152860398510249176e+11 6.012820677396272278e+10 3.257568153826219940e+10 5.622065940752067566e+09 1.999849649674369049e+10 4.060547595609370422e+10 2.341199919974801254e+10 1.191583869893668747e+10 -1.499179584895373344e+09 4.847539638982001305e+09 1.886724653103764725e+10 2.343084499948524475e+09 3.568928162432318687e+09 8.435272167475688934e+09 7.138751828068930626e+09 1.321794558020947838e+10 2.554591825115856647e+09 2.073287846260168314e+09 1.990971156007708311e+09 5.704228499306795120e+09 -6.153511027187047958e+09 7.215725067187453270e+09 5.566564242437749863e+09 6.170651349215030670e+08 -1.357181310847676039e+09 4.680010092830107689e+09 4.055680767233227730e+09 2.366723458521038055e+09 5.140706017687849045e+09 4.476878111637554169e+08 2.758194236248811722e+09 3.443016852115882874e+09 5.894903782056143761e+09 4.130789496138900280e+09 6.560850481195433617e+09 2.831927760775979840e+17 3.855668347870816000e+16 -6.648666601975410000e+14 2.278097402488021200e+16 -2.210834934124568640e+17 2.711478907572035500e+15 -3.615569010020104000e+16 5.869211143382123200e+16 -3.251361101837699200e+16 -1.409539185141971000e+16 8.878839380256617600e+16 5.473080758187592800e+16 5.514921993929728800e+16 -1.456428031521779000e+16 1.442649220759845800e+16 1.470978052869394600e+16 -2.514100798269442400e+16 -2.825085194227143500e+15 1.315811218353105200e+16 7.519206679567398400e+16 6.248162169156240800e+16 4.091021063134633600e+16 2.234777480734232400e+16 -3.062409299226077600e+16 1.854432902724160800e+16 2.349585336826994000e+16 1.380085426378615400e+16 2.665872373181690800e+16 8.897187284875731000e+15 3.339258271475724800e+16 2.212975975661018000e+16 3.530255034907101200e+16 5.437314608451468800e+16 3.618492512900949600e+16 -3.675778641065591200e+16 1.432961858489851400e+16 4.677453981291488000e+15 1.621752441370115500e+15 1.888133858928984000e+16 3.952481300476586000e+15 1.849639663949621200e+16 2.289273356522528000e+16 4.190473679020024800e+16 2.964070620158726800e+16 1.684067403325519600e+16 2.470785591155444000e+16 1.338182028319840200e+16 2.871643088167899200e+16 1.536425906585737000e+16 1.000649170272961600e+17 1.957876897892198400e+16 -5.489758866817807000e+15 4.692358187918449000e+15 2.008347571110472400e+16 1.294348933095201000e+16 1.010322756326713800e+16 1.970831670900126400e+16 2.649131273712360400e+16 5.735377358862840000e+15 2.613565575442046400e+16 8.084794799106254000e+15 1.239400668399096600e+16 2.628202622241077200e+16 1.574566132485594200e+16 1.256681018372586800e+16 4.123806353226238000e+15 -8.248819486296896000e+15 9.955905255295974000e+15 1.185732910164625400e+16 1.338101928835038400e+16 1.990451563302143750e+15 -6.733259113626660800e+16 -1.033542195253528600e+16 -3.830765102507974500e+15 2.179560490030400400e+16 1.867487669064246400e+16 3.259372396622859600e+16 -7.663088809885121600e+16 2.156144671332191600e+16 8.385472972107751000e+15 2.123712370292446000e+16 1.208598819490949600e+17 2.328832322845128000e+16 8.106897227039753000e+15 5.720088109383229000e+15 9.385403196545460000e+14 3.273527882925188000e+15 2.281042278836970800e+16 1.151007414447088200e+16 8.125592629121356000e+15 2.166915049925356800e+16 9.428881886702916000e+15 5.555314519041339000e+15 9.117567378770804000e+15 2.126153786650177200e+16 1.070302164547516400e+16 1.420066299276526400e+16 2.009664142321748800e+16
4.430463891615680695e+10 -5.549766817700559235e+10 1.504731824676940613e+11 1.838643272464370728e+10 1.636305737984546661e+10 9.640349756113588333e+09 -4.102589299896439314e+08 -1.951258980924195099e+10 1.224343300380673218e+10 6.288164949036919594e+09 6.319952363305712128e+10 1.060969950271545258e+11 5.788379406409088898e+10 -1.161396567852129415e+07 3.036452956756907463e+09 1.578448018018523598e+10 2.538799106605118561e+10 9.896708701318529129e+09 7.005635090153710365e+09 1.293320341615738869e+09 1.761512881088782072e+09 -5.441221456477618217e+09 -3.432270251704168320e+09 2.794369518961869240e+09 5.306741885764304161e+09 8.389362042836653709e+09 4.283719030467701435e+09 7.043396333318936348e+09 9.459877579919843674e+09 4.809579139924753189e+09 8.404933822676939964e+08 -7.643985324993073940e+08 7.250800184843182564e+09 4.160664954165571213e+09 -2.645991325267524719e+09 -5.088973809808631897e+09 3.891835350507973671e+09 4.285478393278635025e+09 5.399865658823343277e+09 -2.386427777025067806e+09 3.533596752247951984e+09 -1.908016596106921434e+09 2.730704749779003620e+09 1.850095917160773754e+09 3.801293120498463631e+09 2.418703278675887360e+17 -1.412362135032423040e+17 -1.906907398287303360e+17 2.429778309131540800e+16 5.559159099729823360e+17 -8.552750229448256000e+16 4.511477420611650400e+16 -4.269913651521089600e+16 -2.915715690448559200e+16 1.850224051766741600e+16 2.107984688094994560e+17 -1.002158631689488200e+16 -2.959735329064007600e+16 -2.243583101321303600e+16 -1.811030048817689600e+16 2.712026109655246400e+16 -4.489809217788510500e+15 1.147223129324955800e+16 3.711882457928340000e+16 6.864420760826442000e+15 1.999375997003573440e+17 -5.409292454272774000e+15 2.218504846496741200e+16 -4.554107855132068000e+16 -2.855843720660766000e+16 -6.344874630156417000e+15 2.281663375040112000e+16 1.797551968705687600e+16 1.281532618031709400e+16 -3.631579055054509000e+15 -1.160783958269387200e+16 3.164840501992755200e+16 1.895248120895205000e+15 3.174376397308667600e+16 2.814333795020672800e+16 2.509326174408116000e+16 2.936268011207663200e+16 2.287769433623875200e+16 4.550154373513244800e+16 1.531083042590227800e+16 2.430722568340895600e+16 1.996064977825118800e+16 1.161322190946922000e+16 4.643535963667042400e+16 8.935418997623835000e+15 2.965984858594416000e+16 3.074846129023915200e+16 2.653157875330380800e+16 3.325332651353140000e+16 -1.429760391599404640e+17 -1.710681231739226000e+16 8.460825523783367188e+13 -2.031910662850001750e+15 1.969659930799191600e+16 6.285361171157917000e+15 -2.004568031133627500e+15 1.424620032486966400e+16 -6.783451413694740000e+15 2.616452792295616000e+16 3.278360368044301500e+15 1.905161159257936000e+16 2.101116282629287200e+16 1.616071764063854200e+16 3.178262071261911600e+16 1.754099177355597400e+16 -3.481289205674709500e+15 -3.245406417630036500e+15 1.085745050092417800e+16 -2.372823604913458000e+15 2.236867472133121200e+16 9.596138412192708000e+15 7.587098846734464000e+16 -8.365225415314719000e+15 -1.612314932795214000e+16 1.098201099155126400e+16 -1.856635066763853000e+15 1.532180310525735600e+16 3.971592998316460156e+13 3.193831452478824400e+16 1.615935864552896000e+16 1.086854745209032800e+16 2.328832322845128000e+16 1.762816708222880320e+17 3.017076508257537200e+16 1.569917856961315600e+16 2.258304897971828400e+16 1.126172925127062200e+16 4.442332412315235000e+15 2.331747045324418000e+16 4.716692883965040000e+15 3.524030263014692800e+16 -5.529225954208869000e+15 7.715463016833352000e+15 -9.847982014169802000e+15 5.465351303441600000e+15 1.065080026322514400e+16 4.656408782474494000e+15 1.292409664549767600e+16
1.515176229987343262e+12 3.898280791504762695e+12 2.048096710305168213e+12 1.425463565575389099e+11 4.018935329868684082e+11 5.475541167069844818e+10 1.549564887728587985e+08 1.142142099607726440e+11 -5.656846005254191399e+09 2.115957449830378723e+10 1.518358629622308044e+11 6.760886932469805908e+10 2.487799856708260727e+10 1.441301331833151436e+10 1.760326103939414673e+11 2.171815228406312180e+10 1.921097077532920837e+10 1.609415434163783646e+10 9.189626929785320282e+09 -7.047160491527015686e+09 7.060213735148310661e+09 -1.186389673585830307e+10 1.773962983063915634e+10 8.623498425632204056e+09 -1.069536424962751007e+10 1.266951132899377441e+10 1.771788217530112076e+10 4.008647230249205780e+10 2.683767227454551315e+10 2.713680037441107273e+09 5.284483355455120850e+10 1.609989064265482330e+10 2.017225528180320740e+10 -4.238758251236184597e+09 2.465114435485463142e+09 -2.291476313952052689e+10 -8.156937488559569359e+09 6.061684375471508980e+09 1.008678224607798767e+10 -1.575828959090791941e+09 -7.262944993540776253e+09 7.174479115849092484e+09 2.025501028275002289e+10 -1.551631240583127975e+09 -1.805864397171361685e+09 3.381888015380182528e+18 2.749165410352112640e+18 1.242342011540467200e+18 1.658397998523754240e+17 1.141613194041806464e+18 1.374542006755565056e+18 -1.325813526195447800e+16 1.053765400223686784e+18 1.505348138408784320e+17 1.008789379105041000e+16 2.512661294085598720e+18 -1.288269698227532000e+16 1.244587604167200000e+18 3.292731830556050800e+16 -3.541254695377150000e+16 1.297580291558740480e+18 6.788112343986885600e+16 -1.253012868374700800e+17 -8.356718286975483200e+16 -6.428532481084152320e+17 1.319987677189423360e+18 1.079946001069155520e+17 3.587781294204648400e+16 1.122758853997028608e+18 -8.138153960435381000e+15 1.273379705564564200e+16 4.435024446681759200e+16 1.040092792900775040e+18 -4.817522203414997600e+16 1.948284641545465600e+16 4.725924557611787200e+16 -1.126794508968629400e+16 4.691847896322124800e+17 3.042543474259374000e+16 7.403405677071642880e+17 2.876880118949398000e+15 5.185317113807987500e+14 7.742189212294096000e+16 1.035869145300028672e+18 5.902094500655426400e+16 1.183585718627903400e+16 -1.016826002589885800e+16 -6.987258437542091000e+15 8.549902577108043520e+17 -6.851038395329248000e+15 -5.804474485580688000e+15 6.016366966340456000e+16 2.320410799427554375e+14 2.212841222289818800e+16 -4.684853455782224640e+17 -3.767914826073585920e+17 9.725421297298440000e+15 1.079222572043321440e+17 7.821747965576326400e+17 7.371643362898257600e+16 2.287711513031463600e+16 3.464386369033599600e+16 -3.189823736835873500e+15 1.056200786495732864e+18 -4.047436227613841600e+16 1.598224091173244000e+16 3.499010212652980000e+16 1.623295036731898800e+16 1.113949335943162875e+15 1.116657608387971712e+18 -1.363444477447097000e+16 -1.018916204378701600e+16 1.333855295899876800e+16 -3.021565037813026400e+16 -2.276050496239045000e+15 -2.626080884734000400e+16 1.005924465407589280e+17 6.683914173976701600e+16 3.364031075331176320e+17 -9.186388810108284000e+15 6.051923760746339200e+16 2.010379299612532000e+16 1.350897967834134784e+18 5.198505602361856000e+16 2.622527297954768400e+16 3.816463220422741600e+16 8.106897227039753000e+15 3.017076508257537200e+16 2.404417072036401152e+18 6.922895551078027200e+16 7.236971560141494000e+15 4.085086960434645600e+16 1.409131452003912600e+16 1.258059405797001000e+16 2.162346819154590000e+16 9.392797960878099200e+17 -3.370150426716119200e+16 -4.589962546397002400e+16 6.071118143219207000e+15 1.941927341806564000e+16 -2.230018906725962000e+16 8.528598589488592000e+15 5.456136039089232000e+16
9.018067577836492920e+10 2.308724913166503296e+11 7.649231129745142822e+11 9.741591271835590820e+11 3.697554372438610229e+11 2.706980587644377708e+09 3.133510563235521698e+10 1.930744664339630604e+09 2.363627981169003296e+10 2.857549093058130646e+10 2.705602142198234177e+10 2.684201110504261780e+10 3.690288335968571472e+10 7.242148153029443359e+10 5.475749980603799438e+10 5.407315811608179474e+10 1.380857614756963730e+10 -6.312543153072407722e+09 -1.806879678197058439e+09 -1.068080532386407852e+09 4.897036960639539719e+09 -8.577187409370287657e+08 -1.261277955876432508e+08 1.449987310261213875e+10 3.038916307233232880e+10 1.379670544499647141e+10 2.060345574643860626e+10 1.282568030424099922e+10 5.056148451532882690e+09 7.205774063333315849e+09 2.158802439942644882e+10 3.763258417793989182e+09 -1.028793512941902399e+09 7.782369146436185837e+09 3.702440407048210502e+07 -3.139607185703680992e+09 8.277225404053860903e+07 -6.231312385596311569e+09 4.670074344888227463e+09 2.543773037249528885e+09 1.066359539124704170e+10 1.028064687041287041e+10 -8.426374783715467453e+09 -4.062032628214035034e+09 4.560153428357793689e+08 -1.463370930539385600e+18 5.307502965678982400e+17 8.878789494176956000e+15 6.925577905076286720e+17 9.944949840670540800e+17 1.233549963443258400e+17 3.637984799963335040e+17 8.157947893728102400e+16 5.452478536275239200e+16 4.158861047027354400e+16 2.862573395182568400e+16 2.061889360081796160e+17 4.587437089531032800e+16 1.579209837037504960e+17 -1.598248136394764000e+16 -9.939836190480646400e+16 1.474818181030790720e+17 -2.330626809958750800e+16 -1.528812810346449000e+16 -4.658579946716114400e+16 5.299119859671201920e+17 1.530125772429485440e+17 6.283238527924266400e+16 -1.210448148477258400e+16 1.072183114791797280e+17 -1.215248572872533000e+16 3.708538636110306400e+16 -4.367510337338286400e+16 7.800543491778009600e+16 -2.337254035039873600e+16 2.143610217836535600e+16 4.121095468443025600e+16 3.137360213353424000e+17 -2.325508657483123600e+16 3.279266544170926080e+17 9.723523769612558400e+16 3.422892444694251200e+16 1.125279218611510200e+16 6.415993362115888000e+16 1.008827174201160480e+17 2.121853077926692000e+16 1.301954174818048200e+16 1.227451547248281400e+16 -3.787095313107337600e+16 7.906186940366995200e+16 1.954109632279279600e+16 2.928419500575680000e+16 2.125223709030180400e+16 1.125567719052146800e+16 -1.062629965158725920e+17 2.602791684122954240e+17 7.333717255312534400e+16 8.353442899414915000e+15 2.232670960773009600e+16 9.134026187018467200e+16 2.597527879302972000e+16 2.548015409137757600e+16 -5.453131382798241000e+15 3.104109194518065600e+16 1.530637453605497920e+17 2.355539251687424800e+16 1.478347601700963200e+16 1.261569484901735600e+16 8.768593942491540000e+15 -3.663414621296197600e+16 1.604799120414596160e+17 1.630158153628759600e+16 2.285757687811511600e+16 1.878301158789621200e+16 2.250886175870075200e+16 -7.225061770489771000e+15 1.210175777186583840e+17 -1.126251974235059000e+15 1.851341564153162560e+17 2.128549482549537600e+16 6.640059470043763000e+15 1.323853761017331200e+16 1.237166307771510080e+17 1.392709325455566080e+17 2.769376686282899200e+16 2.376993794316650400e+16 5.720088109383229000e+15 1.569917856961315600e+16 6.922895551078027200e+16 3.991528407040400000e+17 2.577087963591267600e+16 2.888298414986574000e+16 1.113756042394056400e+16 8.498983761518536000e+15 1.153745429087984400e+16 -2.411420208942660000e+16 1.678261802069656960e+17 6.194506940102217000e+15 1.569974446766356200e+16 1.313318734373844400e+16 1.480993749232899400e+16 1.457667572221386800e+16 -7.121748668381460000e+15
-1.361369674383386421e+10 1.286206784173784180e+11 -1.370916646061379242e+10 -2.227289850806886292e+10 2.256939311511935730e+11 3.098690820104512939e+11 1.314366786646664734e+11 5.975602963307454681e+10 4.739014328001513672e+10 4.464085474838140869e+10 8.665704570535409927e+09 3.297143755343337631e+10 3.746390768363301849e+10 5.890058481971929932e+10 5.532844231100199890e+10 2.908434564622874451e+10 1.872010291917131805e+10 8.784714704239114761e+09 1.306198721487154579e+10 -5.901605453117473125e+08 1.686016574719695854e+10 1.726152354458137453e+08 1.499953085437319517e+09 1.235384250717434311e+10 3.201172638235650539e+09 6.261041927639096260e+09 4.334953499233639717e+09 8.626831741566291809e+09 6.670047367964855194e+09 -3.053302171578107476e+08 1.114573673432999802e+10 7.225070037581876755e+09 3.869520931954819202e+09 3.371344249880808353e+09 6.468329343264798164e+09 4.005901822349513531e+09 4.673147774602240562e+09 9.245242448871421814e+09 1.462289394398244095e+10 4.825545462982539177e+09 1.604357122055813217e+10 7.596858116340147018e+09 9.605220997090833664e+09 4.382394993260023117e+09 -5.023932806129258275e+08 -1.938703124204715520e+17 -1.415629571019903360e+17 4.353525235645191200e+16 6.255526547538929600e+16 1.143645500192098944e+18 5.786008782236082400e+16 1.817494540049626800e+16 6.488191365824812000e+16 3.826663657145727200e+16 6.092137389723547200e+16 1.811320060105215040e+17 -6.648596022219010000e+15 8.460883517340598400e+16 1.947333961250411200e+16 5.097222049860877600e+16 -2.450731777908879600e+16 1.696930839308550800e+16 3.378756704716250800e+16 -9.530623908620882000e+15 -1.823983602960393920e+17 3.832255853901933440e+17 4.391020396731207200e+16 7.690220322622091200e+16 -2.872158674559554800e+16 -2.690607474633171250e+14 3.074857025503658400e+16 1.481071150496340200e+16 1.461294527433269600e+16 -1.483787272574454000e+15 1.833390865804745200e+16 2.232226584343868800e+16 1.718081388797371800e+16 3.305474158079512320e+17 5.556054615819883200e+16 2.858494628375484800e+17 1.116767712313027200e+16 5.085763784407960000e+16 1.813893705382150400e+16 5.868436602447404800e+16 1.900465381271399600e+16 3.668087842226493600e+16 1.662383016048711400e+16 2.690638253311476400e+16 -1.935178405828720000e+16 -7.168638621356020000e+14 2.746330057167772800e+16 6.990945335497974000e+15 2.671491418918507000e+15 1.808613058435083200e+16 1.488340872956485440e+17 1.255490782605458800e+16 5.770321660185860800e+16 1.204151632353663000e+16 4.592196577000600800e+16 -9.213941274674821250e+14 3.542189625856919600e+16 1.001336740991339400e+16 3.130075955259659500e+15 -7.712787220918341250e+14 8.009249701307710000e+15 4.089518502819073600e+16 1.757784271423834000e+16 1.097043835981230200e+16 9.469875022233892000e+15 3.583775462693368800e+16 2.436646998524807600e+16 6.269283487094093600e+16 2.287003330426180800e+16 1.898919880750139600e+16 1.118625179289318000e+16 1.416807253951838600e+16 2.152717746722321280e+17 1.726969119948220600e+16 -9.063648999001764800e+16 4.609725834896292000e+16 1.516403483514411800e+16 1.076923752812825800e+16 2.665645123858854400e+16 2.505242323438502800e+16 5.428848154572684000e+16 5.853831162510234000e+15 9.385403196545460000e+14 2.258304897971828400e+16 7.236971560141494000e+15 2.577087963591267600e+16 1.968352536989463680e+17 3.193189736334184400e+16 1.089148165967436400e+16 1.323110759168674800e+16 1.005143427711847200e+16 1.151043373342324400e+16 5.956240652067005000e+15 6.155988484269736000e+16 2.437601561581187200e+16 5.960066998453174000e+15 2.355301791928556400e+16 1.040796205303315000e+16 3.935448266109867000e+15
-2.440064779040798950e+11 -1.181890416841515656e+11 1.500825397830265503e+11 1.053352383612934113e+10 2.368573542178617477e+10 -3.237576587487661743e+10 1.310131454687097015e+11 1.712434631164201355e+11 7.437101927400929260e+10 2.733137715699116135e+10 1.517490033163992882e+10 3.079558752304396152e+09 1.659879892816869354e+10 5.411088898970803833e+10 4.019327129029091644e+10 2.732629549395724869e+10 2.932312042235033798e+10 1.139308301841696978e+09 2.948604062631161213e+08 7.555271930541175842e+09 -4.445883381505294442e+08 3.142410250695903778e+09 -7.684658076958833933e+08 3.913613092494154453e+09 4.428279682954186440e+09 6.449215951803153992e+09 -5.790092972881900072e+08 -2.094144453474754572e+09 1.319445856159847975e+09 -9.204638002927098274e+08 3.800972244812000275e+09 4.457176083191620827e+09 3.160580199009241104e+09 -4.250266144163845539e+09 1.310777005168838024e+09 -5.021136407074896812e+09 6.908358590989323616e+09 5.981529250118324280e+09 9.684462539861827850e+09 5.129429823937907219e+09 -1.361418537991218865e+08 3.113162677988813400e+09 2.593029253538928032e+09 5.558037655016322136e+09 -2.042264491276480675e+09 -1.641973066555436800e+17 1.517648557789277120e+17 4.887547405440260800e+16 5.857310886087893600e+16 3.340752370766744960e+17 1.068328467888747600e+16 5.333596190996792000e+16 -5.913379455892805600e+16 -7.748441298462576000e+15 3.871289243686714400e+16 -9.031642526615318400e+16 -2.664929823635944800e+16 4.259427757512936800e+16 2.582078671906672000e+16 3.147100908825762400e+16 8.221187465688565000e+15 5.293929201064742400e+16 6.040960527915940000e+16 7.131243938119937600e+16 5.284856141428883200e+16 2.666811416181352960e+17 2.531068096644192000e+16 3.352278378873767600e+16 1.437972436808750800e+16 3.287707690179779816e+10 2.278043552901929600e+16 3.910132759968285600e+16 1.560975949484345200e+16 1.382212929784404531e+14 1.658730017615798200e+16 3.494418218680245200e+16 -8.830600783753138000e+15 -1.036879807667864000e+17 1.185704957653866400e+16 3.643408922072939200e+16 8.438375214021459000e+15 1.257567909572056600e+16 3.512588329015888400e+16 3.291412389952490800e+16 1.733135613799759200e+16 5.453224189623660000e+15 1.512837478195305200e+16 2.089153405137379250e+15 1.901721084408432250e+15 2.780502207726354000e+15 -1.446905847439493200e+16 1.890377283449747200e+16 9.576070258726216000e+15 2.199427482341717250e+15 -1.240272478550913120e+17 -1.112559197728250240e+17 2.789571451673883600e+16 4.637957910457084800e+16 -2.296305716813389375e+14 -1.173697949927114800e+16 8.219271073241392500e+14 2.322783127779048000e+16 1.534505987101083200e+16 3.109148746782251600e+16 -1.335263006811652500e+15 1.235662444106562600e+16 1.783320891678619600e+16 5.212575791830179000e+15 -2.314051967175621000e+15 2.422708102648131200e+16 2.584360231011467600e+16 9.851144067954882000e+15 4.084209043732004800e+16 9.263042052689858000e+15 1.910219355148465000e+15 2.082605501152073500e+15 6.937285578845067200e+16 6.101858039680568800e+16 -3.289434378448540000e+16 2.528380532177892400e+16 2.228763129272056000e+16 8.335903000736796000e+15 1.163244846945878080e+17 1.932040011974861200e+16 7.447261924116279000e+15 3.013346939356896400e+16 3.273527882925188000e+15 1.126172925127062200e+16 4.085086960434645600e+16 2.888298414986574000e+16 3.193189736334184400e+16 1.317119825173803680e+17 1.241248373376011600e+16 7.972521961210353000e+15 1.656653291690799800e+16 3.326710343537323200e+16 9.038239442037190000e+15 5.128224195006483000e+15 3.161022706023853600e+16 1.231254910691501400e+16 7.429922634569934000e+15 1.741234095070862800e+16 1.467613987687615400e+16
7.906202499330653381e+10 -1.827265318754190826e+10 2.864744071609313583e+10 5.849818488442951965e+10 -4.166457419578468323e+10 7.946945505689390182e+09 1.758154783202813339e+10 -1.566604580915780067e+10 9.069638266079399109e+10 1.166655102658483887e+11 6.574388025229215240e+10 2.909197480340113640e+09 5.131207307124782562e+10 6.193398474833893585e+10 4.016132227383161163e+10 4.358991771715223694e+10 1.608373619348148918e+10 4.288817431817079067e+09 1.014271195280393600e+10 8.059321892037236214e+09 1.059771488040029716e+10 2.642728325218168259e+09 8.203649545398921013e+09 6.610939573788474083e+09 5.508504739709016085e+08 5.765136006723428726e+09 5.149385591860306740e+09 -9.076335198406327963e+08 1.506972583298292398e+09 1.206025038497776031e+10 5.145178814032731056e+09 4.312631846178656578e+09 7.886827550296384811e+09 4.866854872924156189e+09 -2.553297147704365253e+09 1.377333962778890610e+09 6.778585529659058571e+09 4.803010895137746811e+09 1.049148766374150658e+10 4.669045815434103966e+09 5.224604334855925560e+09 5.734881556251420975e+09 4.634113050048317909e+09 -1.630003302275353968e+08 6.143912990235971451e+09 2.698115653719661440e+17 5.279987353297031200e+16 -9.959098684220897600e+16 4.833230844076723200e+16 -7.841866515165848320e+17 -5.056983284912120800e+16 1.112886468515252000e+16 1.817791721030095200e+16 2.091456309693892400e+16 -5.018641131161216800e+16 2.695730433393931520e+17 -2.106170188899906000e+16 2.809900727536643200e+16 -9.185502182888614000e+15 5.833270343887692000e+15 -5.284926437246911200e+16 -3.118550749554722000e+16 -2.159086858117789250e+15 4.163185382228524000e+15 -3.571994565658138240e+17 2.482305068092792320e+17 3.868637417076540000e+16 2.317166864109094000e+16 -3.325805384399554400e+16 -5.785952225243195000e+15 8.496529507327818000e+15 -4.985949411699794000e+15 1.273301285478204600e+16 7.124848106066773000e+15 2.956128059632872800e+16 2.046211291147162800e+16 4.071417990859353600e+16 2.845368073869896000e+15 8.401618117529204000e+15 1.427481407132142720e+17 -2.193770550946947600e+16 6.561795092514001000e+15 -1.505933440692526200e+16 5.033938054925117600e+16 1.165496900904191200e+16 6.320792040269287000e+15 1.689555020401084600e+16 3.693222306332053600e+16 -8.910682963620811250e+14 -4.080845390906881500e+15 -5.919552834201022000e+15 -6.084426378094524000e+15 1.182970149506197000e+16 6.773508868721908000e+15 7.859716162905372800e+16 -3.654674043447428000e+16 1.758226991134129600e+16 -1.880366185880778500e+15 -2.799600257649852400e+16 1.125762846942908600e+16 1.981808812744115200e+16 2.262620828349205200e+16 3.660175583464012000e+16 1.821410858501103600e+16 1.182572017142272500e+14 1.144992003893095250e+15 8.801654253708839000e+15 1.457355897568363600e+16 7.744908040644339000e+15 8.928923015906323000e+15 1.915069721249494000e+16 -4.465397041297237500e+15 1.404988411667881200e+16 2.704726593588889200e+16 9.813557585884078000e+15 1.463314211422700000e+16 4.444556133621428800e+16 1.369310587908297400e+16 -4.083537270328105500e+15 1.839581419663006000e+16 1.952822895247100800e+16 2.216427155523721200e+16 -8.649585364986227200e+16 1.229526860900619600e+16 1.262440394384784766e+13 1.163413428676330600e+16 2.281042278836970800e+16 4.442332412315235000e+15 1.409131452003912600e+16 1.113756042394056400e+16 1.089148165967436400e+16 1.241248373376011600e+16 1.018497300536797600e+17 1.108101806248432200e+16 1.190680707315982000e+16 2.221572806599541500e+15 4.169336443763733000e+15 9.180149524404076000e+15 1.588251006623461800e+16 2.616029671477211200e+16 1.331769715531685400e+16 1.461157569745817400e+16 1.428756001142602600e+16
-8.799573470559701538e+10 1.315611887241873169e+10 -8.455879157813105583e+09 -1.186725983722385979e+10 1.618328641656183624e+10 -2.668214357551520920e+10 -1.228031257347713852e+10 5.441316917143110275e+09 1.521157296421151161e+10 1.248767149263669968e+10 5.301620961241138458e+10 4.988183640072908020e+10 4.697735371977941895e+10 3.531371918176105499e+10 4.455743885313590240e+10 3.552579564007774353e+10 2.563410448087438583e+10 6.873223578448377609e+09 9.580182476298894882e+09 2.057582696986233711e+09 -6.281556319590511322e+08 -4.750435033614605904e+09 -2.005444058170735598e+09 9.687259031367214203e+09 1.380892082313197613e+09 1.379873501792186499e+09 -1.841089251962520123e+09 4.876430796249620438e+09 9.427251967171380520e+08 -2.946493000432148576e+08 5.943414832018786669e+07 8.487009537538117170e+08 2.055379087651285648e+09 1.116183929435669899e+09 -1.466919372316759348e+09 6.044740430075231791e+08 5.453024603080064774e+09 2.439684973641715527e+09 -3.857407989836372733e+08 -3.667783058677452058e+07 3.724058150465208530e+09 1.431726045002324343e+09 3.351630943979608536e+09 -3.764623287864164114e+08 6.632365572843595743e+08 -4.957643018432804800e+16 8.890116083958036800e+16 -7.284172032676838400e+16 4.598083298061611200e+16 -7.124744830285067200e+16 -4.948315111421749600e+16 -1.265790866133576800e+16 -2.119454638042432000e+16 7.702859358509083000e+15 -9.538528714708652000e+15 1.446352151968011520e+17 1.333829171924994000e+15 -1.379652340323373800e+16 3.983920557761520000e+15 5.948385965024204000e+15 7.510898317610889000e+15 -4.105247704706729000e+15 9.610486924947640000e+15 2.468519246591916400e+16 -2.067128509527921600e+17 2.653707918821352960e+17 2.448138721177771200e+16 2.241370382313741000e+15 -2.825632913197812800e+16 -2.280994831420150800e+16 -4.988885917874752000e+15 -1.859662881918423000e+15 -2.900093550366167200e+16 -2.135912786601623600e+16 -4.189212847056999000e+15 -1.040172615893501200e+16 1.484400227386523600e+16 -1.008384483974545760e+17 -7.403819670945706000e+15 -2.687704915387893200e+16 2.746686281645512000e+16 6.733886778143769000e+15 8.628951908472365000e+15 3.963298660988621600e+16 2.117297636863994000e+16 1.648891672641970800e+16 2.803363637981422000e+15 8.641163421765344000e+15 2.478036628002863600e+16 7.951447756047671000e+15 3.212670154278818800e+16 9.081290920299338000e+15 4.998189454707848000e+15 2.084910266896246400e+16 -1.023780298717683840e+17 -7.997179760516366400e+16 5.956764823734996000e+15 7.311131528492123000e+15 9.587362981039926400e+16 4.441262631067961500e+15 3.467620484659337000e+15 5.257082803873954000e+15 1.589417337661598500e+15 2.722108146643249200e+16 1.061894593110671000e+16 1.112428270554895400e+16 1.515109126786623600e+16 8.011723934727347000e+15 1.825524531164402400e+16 -2.370854147751500400e+16 -3.592225154706985625e+14 7.761869966474710000e+15 1.454441047157312600e+16 1.417602978806337000e+16 1.916113335671901200e+16 1.377217406037790400e+16 -6.296463867580514000e+15 6.871376958042473000e+15 -9.259284133104980000e+15 9.973738603502712000e+15 2.824171635525688500e+15 4.375648980617856500e+15 3.475560054387780500e+15 1.477261719309920400e+16 6.325564287218687000e+15 1.096376343008051400e+16 1.151007414447088200e+16 2.331747045324418000e+16 1.258059405797001000e+16 8.498983761518536000e+15 1.323110759168674800e+16 7.972521961210353000e+15 1.108101806248432200e+16 7.652052682603249600e+16 1.905326636571396800e+16 -5.658963229931161000e+15 1.622927357329753200e+16 4.719483683253876000e+15 -2.822283093708731000e+15 1.247012970540359400e+16 2.278509737613578000e+16 1.261865451038812400e+16 1.257090956381374200e+16
-7.047165600076490402e+09 -5.006569518393775940e+10 3.942122152303056335e+10 5.712922563114509583e+10 -1.179067338912854958e+10 -2.511671129523254395e+10 1.609857947123642731e+10 1.517853233980577469e+10 2.255242022851868820e+10 1.848620579300069809e+10 -6.046301996038573265e+09 -1.407373323126458549e+10 5.735872124638015747e+10 7.329510897496635437e+10 6.438870316792741394e+10 4.542640903467527771e+10 2.158173007503488541e+10 4.984207360535181999e+09 6.749675505114869118e+09 1.235967954141178322e+10 7.364778054975122452e+09 -1.920416419030394077e+09 7.317792067031995773e+09 1.681935253459462929e+10 8.788316490805185318e+09 1.132552160245121765e+10 1.975779985433411837e+09 9.488696419222124100e+09 6.714523172793879509e+09 5.461721173987690926e+09 1.601519009607551003e+10 1.075451267242764473e+10 2.913272555436802387e+09 5.602681287838100433e+09 8.930346772983280420e+08 3.414694063492263794e+09 5.797597657918633461e+09 5.159078380296098709e+09 2.104596626757022619e+09 3.475879802474014282e+09 5.790102561665840149e+09 5.656369541455384254e+09 6.500037821521761894e+09 3.138786356804485321e+09 6.505181279857166290e+09 2.857626885895240000e+17 4.251130476778387200e+16 5.267937880006467000e+15 6.304262355935220000e+16 -7.249275124323998720e+17 6.354103053704318000e+15 -1.675914178545809800e+16 5.730603158384942400e+16 5.205350929464836000e+15 7.528724971395845000e+15 -2.085554260644288000e+16 -8.426171430677376000e+16 -6.116458008819820000e+16 -2.381502247631880000e+16 5.288421417047386000e+15 -3.620816116841547200e+16 -2.017900557620728400e+16 3.772529875352133000e+15 1.203161955669920800e+16 -4.128209599904204800e+16 -1.269664903989212640e+17 3.086806071664577200e+16 -1.682533650630277200e+16 1.533656942144089800e+16 1.609897143812196600e+16 -2.226003796979867500e+15 3.564008997397512000e+15 4.884703465321859000e+15 -1.369530037088057750e+15 1.319767704783399200e+16 2.621002038014755000e+15 -6.078646916272087000e+15 -7.781727921630506000e+15 -8.331031961535802500e+14 1.137509578757734560e+17 -2.815538861438873500e+15 6.544232727056614000e+15 5.567265097491587000e+15 2.992596655130086400e+16 1.077102221589923600e+16 1.559014416132774200e+16 -1.976180110371230500e+15 -1.001482254182767000e+16 8.054465289340165000e+15 7.513697376460192000e+15 1.603279055971527400e+16 6.278354087484118000e+15 -3.812203592302423000e+15 5.240925973427839000e+15 -3.859121969090772800e+16 6.124675466457566400e+16 2.101790100858144800e+16 2.291622604953494000e+15 6.533373697824595200e+16 2.270712590994638000e+16 1.235375753927278400e+16 6.624912942144557000e+15 1.108048333274612000e+16 4.606597804125719200e+16 1.175609321715405800e+16 1.098524619018553625e+15 5.700366354209813000e+15 9.893471463688036000e+15 4.676279959360014000e+15 2.546730237721366800e+16 2.086632779780601200e+16 2.772798118022622500e+15 1.797681759681092000e+16 2.129268357676961200e+16 1.420336814368946400e+16 3.672182633379769600e+16 6.991943721362600000e+16 -5.053343662430062000e+15 -4.053304405531586400e+16 2.834598478039665000e+14 1.020110712676854400e+16 6.467821544749398000e+15 1.053739256273039520e+17 2.105255708720986800e+16 -6.788728510330864000e+15 1.214778038419891600e+16 8.125592629121356000e+15 4.716692883965040000e+15 2.162346819154590000e+16 1.153745429087984400e+16 1.005143427711847200e+16 1.656653291690799800e+16 1.190680707315982000e+16 1.905326636571396800e+16 1.260972997386920160e+17 1.373279275936362600e+16 7.020699476761808000e+15 6.106572027821975000e+15 1.364230999518854600e+16 1.118835687548849000e+16 9.978725560096764000e+15 2.901388557342046000e+16 1.228793545691698800e+16
2.370530553226826660e+12 3.818785955412156250e+12 1.060324447662520508e+12 3.845564103321874390e+11 7.978577331609887695e+10 1.171350811096210785e+11 3.393290826245985718e+11 9.164428677693814087e+10 -8.543680455113957405e+09 2.220476408071709061e+10 5.970603755846640015e+10 -2.064525748930454636e+10 8.577905198528274536e+10 -3.000951301667083740e+10 1.096967577983892517e+11 3.280665292716248322e+10 2.418590384516118622e+10 2.456763987906847763e+10 -3.345741801878502655e+10 -4.270894491568944550e+10 5.027506983600747681e+10 -6.072189240885527611e+09 6.841381128928311348e+09 -2.027794466043157196e+10 -4.555015363560707855e+10 -2.013081256322223663e+10 -2.228892752492499161e+10 -5.667012216233035088e+09 1.459918058060087013e+10 -5.394070227408666229e+10 -3.824981382480867386e+09 -2.179140879147557068e+10 -6.414799383551891327e+09 -5.374224994129148483e+09 -2.200870590833351898e+10 1.061892487845288086e+10 2.670504956596215820e+10 1.551707179425934410e+10 -8.173166639255448341e+09 9.723457974328964233e+09 -2.605684797808644867e+10 3.698096678589824200e+09 -6.170888779147629738e+09 1.236006981430102539e+10 -5.552004303505020142e+08 8.925550205872043008e+18 2.329089944635315200e+18 2.793246066279620096e+18 -2.394496494133441920e+17 -2.222019292580675328e+18 1.470802754144075520e+18 -2.174088121845311360e+17 3.265838221402030080e+18 -1.304544082329737920e+17 8.941910218680986000e+15 -2.965525844154147200e+17 -4.790818149869701120e+17 8.093269027309455360e+17 -1.321702857678319200e+17 -1.577587826670188800e+17 3.121884185472411648e+18 2.690693518975741440e+17 -2.167529596316702400e+16 -1.203854333209360960e+17 1.962498466163124992e+18 1.266585584352851680e+17 2.778910239392846000e+16 -2.093361714774915600e+16 9.710386145646977280e+17 -1.306979776762443680e+17 3.808772250689052000e+16 5.843960288677370400e+16 2.588767580186706432e+18 -1.136635733403826240e+17 7.484183144303356800e+16 7.105456656663190400e+16 7.490813907407006400e+16 1.383121853677131040e+17 1.210765851137902880e+17 8.700259991631690240e+17 -9.258330088051107200e+16 -4.769847541998909000e+15 2.764063964763590400e+16 9.631650669668408320e+17 -7.414316418108160000e+16 9.195219229708390000e+15 -2.493028851187541000e+15 4.044682756999360000e+16 2.614197880792584704e+18 -1.404755841246066080e+17 8.471550367258155200e+16 1.115180386520911200e+16 -4.684769887736296000e+15 2.404752077037001600e+16 1.330278796326179520e+17 -2.981900919228831360e+17 1.863350193269090000e+16 1.350728541001541600e+17 8.210693676486851840e+17 -1.131836928729533600e+17 4.633563053679466400e+16 -1.240457050184720200e+16 2.065625233169848800e+16 8.548907558518863360e+17 -9.599975080187976000e+16 8.024862958062396000e+15 4.377961627097728800e+16 2.612933088526769600e+16 4.682708251200972000e+16 2.603791406048146432e+18 -7.628739870140934400e+16 6.576371424965888000e+15 -4.251910012570180800e+16 -2.666334215310274000e+16 7.971941544253122000e+15 3.377730599734103000e+15 -7.709107869684979200e+16 -5.060276912034242400e+16 2.766057814400685120e+17 -5.343141169055606875e+14 5.915598997705698400e+16 -7.716322052967479000e+15 -1.732349589690591680e+17 -3.191305356563486800e+16 5.461546150496888000e+16 3.744210978515945600e+16 2.166915049925356800e+16 3.524030263014692800e+16 9.392797960878099200e+17 -2.411420208942660000e+16 1.151043373342324400e+16 3.326710343537323200e+16 2.221572806599541500e+15 -5.658963229931161000e+15 1.373279275936362600e+16 3.555797972367580160e+18 -8.970009916698688000e+16 3.526611113836046000e+16 3.167582355967871600e+16 1.677868368492995400e+16 3.643978384640770000e+14 1.299882715832096200e+16 1.079796977176341280e+17
-3.122649496033716431e+11 9.592774092370695496e+10 7.790600737997199707e+11 1.053292611387623413e+12 4.836420930587134399e+11 5.887936707151126099e+10 6.607388401974133301e+10 -6.633177032268586731e+10 -4.072528392506687927e+10 8.573415465901256561e+09 -3.685264332565115929e+09 -2.197660853017095947e+10 4.534314318780981064e+09 4.869627288471374512e+10 2.775041985380641174e+10 7.433300624925727844e+10 2.851244145625415421e+10 -2.531763529742460251e+10 -5.986680226613441467e+09 -2.846147213946927547e+09 -2.350646952345994186e+10 -1.475779292796399498e+10 8.153055357583110809e+09 2.020560070843066788e+10 1.001015572387182808e+10 1.318581272658255959e+10 3.792365193188863373e+10 6.224162781989443302e+08 9.993728275760112762e+09 1.233178991798796654e+10 6.733957949335560799e+09 -3.976356289047242641e+09 1.097985895763606071e+10 8.367620305819481850e+09 1.122335065386571121e+10 3.031539873763371468e+09 1.630346760044649124e+09 -6.693793189508559227e+09 8.625887520285602570e+09 1.308682719984226799e+10 -2.064440541645604849e+09 1.027403310101674271e+10 -1.018476045076838493e+09 -2.275208952709957123e+09 2.506740227178252220e+09 -1.676148424663630336e+18 8.339433478736067200e+16 -3.003345882896993600e+16 6.092939013643773440e+17 2.678116761013949440e+17 4.723718759008056000e+16 2.932194536026880000e+17 -5.200418075739350000e+14 3.522733656900402400e+16 4.305288384107805600e+16 -2.638883590085696000e+17 3.404295068210972160e+17 -1.956292003661018800e+16 2.225279451426666240e+17 -2.475498516797288400e+16 -6.029443962499276000e+16 1.860586732873002240e+17 1.111943277628636200e+16 2.838833736559303200e+16 5.383453953736126400e+16 1.169982312437812640e+17 2.007837239096558400e+17 1.144106449611385500e+15 -1.471000702014072400e+16 1.396179791511911520e+17 -2.104291054284337200e+16 3.229441185549770000e+16 -8.489188930878664000e+16 9.840410139656707200e+16 -1.007906423833644800e+16 -1.153635209865656400e+16 4.270725834672469600e+16 3.639896218242538240e+17 -1.666364946147625250e+15 2.394716543328362400e+16 1.077491471764183680e+17 1.578380148451046800e+16 -9.612933769700982000e+15 -1.066493158367985200e+16 1.150844601893249920e+17 2.754374312900947500e+15 9.757714542183244000e+15 1.593646870296099000e+16 -1.326244163791596480e+17 9.286633226525190400e+16 2.328186715284435600e+16 4.417999052745132500e+15 2.847747578882896800e+16 -4.868275080142751000e+15 1.726613862240863680e+17 2.102849994659473600e+17 4.165273192717123200e+16 -8.270932170203484000e+15 1.551543183570166400e+17 6.696143146465961600e+16 6.396208127004329000e+15 1.774105865228063800e+16 -2.360208374454930400e+16 1.456806330618539400e+16 1.388982462316490880e+17 5.480352170756317000e+15 5.524709976559404000e+15 3.179038687559692000e+15 2.475035006840491562e+14 -1.418310616246677440e+17 1.525363067923964480e+17 1.353671247258646200e+16 -2.897476422203564000e+15 -6.794495540809579000e+15 8.769267028651827000e+15 -1.060463341661020400e+16 1.275816684933409400e+16 -3.947845473597200000e+16 8.340850317643452800e+16 -1.835040330083234750e+15 1.270143640234009000e+16 9.594126205682144000e+15 4.185932301664015200e+16 9.784853323310316800e+16 3.474427413259486500e+15 2.340470293539198800e+16 9.428881886702916000e+15 -5.529225954208869000e+15 -3.370150426716119200e+16 1.678261802069656960e+17 5.956240652067005000e+15 9.038239442037190000e+15 4.169336443763733000e+15 1.622927357329753200e+16 7.020699476761808000e+15 -8.970009916698688000e+16 6.331004798497364480e+17 2.119765441065195600e+16 4.142996703428049000e+15 1.588809748755416400e+16 2.506450487760959600e+16 1.202946250188114000e+16 1.096300990744737400e+16
1.035689780649283905e+11 1.971849521651245499e+10 2.283960054061317062e+10 1.317203552713333893e+11 2.950791777507410278e+11 4.021011423171779175e+11 1.444790335803120728e+11 -2.262555359095772171e+10 -4.148142563446135712e+10 2.226031997365675735e+10 -8.239841830180615187e+08 1.836332331233447647e+10 1.061805742498219299e+10 4.491646362612869263e+10 4.023266226981384277e+10 5.617743539515940857e+10 2.493866219648635864e+10 8.131565826980420113e+09 -4.782155262314438820e+09 -1.578306630348407030e+09 4.712437668389453888e+08 1.477165098515548515e+10 1.505547940584897614e+10 2.996655762834170151e+10 1.433099629967873383e+10 -8.720476058109730482e+08 7.558361486343491554e+09 3.763175504482936382e+09 7.742472017399901390e+09 4.513196618962029457e+09 4.482207006344135284e+09 -5.814508642089816332e+08 8.102820710797064781e+09 1.003712631834528351e+10 1.418728794983414268e+10 6.256125535825234413e+09 -4.501246089590025902e+09 4.748109797022385597e+09 5.666727890053174973e+09 1.358639834187302589e+08 1.181967127605433083e+10 1.059131107002087212e+10 3.256581687267930984e+09 5.560496485372872353e+09 1.242489803015180779e+10 2.109761417126630800e+16 -1.870723634693008320e+17 7.786467351533169600e+16 1.948142335370176400e+16 7.467389910316619520e+17 1.883353444602265600e+17 6.470838106671585600e+16 1.579681611792396160e+17 1.030037040507103040e+17 9.826860835975603200e+16 6.432564147612766720e+17 -1.405900442278377600e+16 1.287987661151911200e+16 1.943771717773771600e+16 7.666303890276899200e+16 8.710540941667571200e+16 -2.175524725512615750e+15 3.733080491174865600e+16 3.740341191597973600e+16 1.086376910697025400e+16 1.786830961145741120e+17 8.235892542978761600e+16 5.734788729630794400e+16 -1.528468606113165600e+16 7.997146403164829000e+15 2.875376817896392400e+16 2.532111461021668000e+16 3.868626839325650400e+16 3.709215018503002400e+16 1.260123713025332600e+16 -1.895259725050346000e+15 1.855374632687757600e+16 3.235459203577617920e+17 6.081803251851977600e+16 2.731730675632529280e+17 1.404168847295902800e+16 4.946431937030960000e+16 -2.120803003992212800e+16 5.862829681410359200e+16 2.952822889166150400e+16 4.092651860642343200e+16 1.649254702930003000e+16 3.213948714546183000e+15 8.485271114549802000e+15 -2.351400065488993200e+16 3.664774696214696800e+16 2.201278672646356750e+15 -6.727393160433233000e+15 1.986921605697060400e+16 1.966715953131905280e+17 -1.296225922577586240e+17 5.325997637309320000e+16 1.159639682604842500e+15 1.634408884454081920e+17 4.327075121627984500e+15 2.828734970049832400e+16 -4.740908310964150000e+15 1.282865831703496600e+16 -1.626642192774865400e+16 4.927282972342972000e+15 4.633012213391353600e+16 -4.600906755623142000e+15 5.435220906229865000e+15 1.026888078705366200e+16 4.588733615637669600e+16 6.645846375562510000e+15 4.965181414383428000e+16 1.703607253441720000e+15 4.782134235358989000e+15 9.474955873163694000e+15 -2.915801285458067500e+15 7.507351152706332800e+16 1.182331963563247200e+16 6.447886950294054400e+16 4.029843926027828000e+16 1.409642652091219600e+16 9.102146544875976000e+15 -6.277615798943623200e+16 6.863451106325396000e+15 4.468983686347164000e+16 -4.289792325908458000e+15 5.555314519041339000e+15 7.715463016833352000e+15 -4.589962546397002400e+16 6.194506940102217000e+15 6.155988484269736000e+16 5.128224195006483000e+15 9.180149524404076000e+15 4.719483683253876000e+15 6.106572027821975000e+15 3.526611113836046000e+16 2.119765441065195600e+16 3.189971935258601600e+17 2.254079780366874400e+16 7.960223944219818000e+15 1.802136348976653200e+16 1.507522349247974750e+15 1.753178391741470000e+16
8.163673409829867554e+10 -1.309447281835471344e+11 -2.468611788472478485e+10 4.535921830164990997e+10 -3.180670004120755768e+10 3.952277091656085968e+10 1.314130788789557037e+11 1.909882349725135193e+11 8.810556003706285095e+10 4.406837110302349854e+10 1.481060930641156006e+10 9.812135844311561584e+09 2.919950924920589447e+10 3.992842807955593872e+10 4.069408357299693298e+10 5.503055710318903351e+10 2.180852354373149872e+10 -1.848279224865043163e+09 1.059024126941633034e+10 6.575182314052101135e+09 1.158564702725313377e+10 9.060539396787288666e+09 1.369011266418883514e+10 1.347307236430272102e+10 1.588116526599721527e+10 1.777447335431713867e+10 -5.156178997188516617e+09 -1.271623308733983040e+08 1.585495423750831985e+10 8.396555885344232559e+09 1.498854211929448128e+10 1.344521614525639343e+10 7.919068312105407715e+09 4.389502709087328911e+09 8.649148269131156921e+09 7.121856428044390678e+09 6.582468615749081612e+09 4.365721901973140717e+09 6.118573346850910187e+09 3.499554088986968517e+09 3.221830310195904732e+09 8.664573329993526459e+09 1.087328873714876366e+10 7.206457094733596802e+09 5.634060919495388031e+09 4.916521370874194560e+17 2.090322803350469120e+17 7.677318017829990400e+16 1.169607551740188960e+17 4.671756260527061760e+17 -1.089065430750213600e+17 3.698010864270129600e+16 3.363817109355975600e+16 1.406296831577698200e+16 4.641921591526558400e+16 -4.365119508339171840e+17 3.018039097410542800e+16 5.972523260118529000e+15 2.027713293838284800e+16 6.505230176102103200e+16 1.944853948454325200e+16 3.907816278602392800e+16 3.942258180699850400e+16 3.899220328114433600e+16 -4.397400760001626880e+17 -1.184373817070320000e+16 1.090207045840190600e+16 2.987283080787846000e+15 -9.621703426448694000e+15 1.472692427965671750e+15 1.586415806752631400e+16 4.123382773638790400e+16 6.321381728356115200e+16 2.985378407880497600e+16 1.214312559580525000e+15 5.741865619095547200e+16 1.917240935527868800e+16 1.819413375983900800e+17 3.822953882095983200e+16 2.484366462983401600e+17 2.825236165318193600e+16 1.374801855005872400e+16 2.592261909235990400e+16 -3.194496828711837000e+15 1.129935732426574400e+16 1.038999910438151000e+16 3.112268621345065600e+16 2.111825657730689200e+16 7.871305432159104000e+15 2.289210043927868000e+15 1.686860628377864000e+16 1.690563783134970400e+16 5.628182900459553000e+15 1.934229349230247200e+16 1.958756664828449600e+17 2.470871266239040960e+17 2.041942770597507600e+16 3.914354447933974400e+16 -3.371128129339248640e+17 -2.412005402680781600e+16 8.384231630102407500e+14 2.532735277435488000e+16 1.102865568606412000e+16 -2.763042292303569600e+16 -1.815408408627078400e+16 8.124311485540386000e+15 1.401346404166859600e+16 1.111273912775333600e+16 -2.417240492611613125e+14 4.869085482481212800e+16 8.428309935078025000e+15 5.418520628143667000e+15 2.231218577664459600e+16 -9.735180396368598000e+15 7.001922003835153000e+15 -6.696833741464120000e+15 5.607522506897093600e+16 8.045666397671009600e+16 -9.170149871677932800e+16 1.958217940083596800e+16 3.043378836317120400e+16 4.609590633139567000e+15 1.940470579289012400e+16 -7.962489200603808000e+15 1.300736272902760500e+15 2.158518423604611600e+16 9.117567378770804000e+15 -9.847982014169802000e+15 6.071118143219207000e+15 1.569974446766356200e+16 2.437601561581187200e+16 3.161022706023853600e+16 1.588251006623461800e+16 -2.822283093708731000e+15 1.364230999518854600e+16 3.167582355967871600e+16 4.142996703428049000e+15 2.254079780366874400e+16 2.222588189619632000e+17 2.873791771156829600e+16 1.209821246497818200e+16 1.344790902264539200e+16 3.410701428601560000e+16
4.891419178857854004e+11 4.015081042874627686e+10 1.220117011500307274e+10 5.714231016721169472e+09 2.912968084259368515e+10 -4.002954186221669769e+10 -2.061149367043807983e+10 -1.270394188881880760e+10 7.136519660774427795e+10 9.912194820753202820e+10 6.024764034945996094e+10 4.515088501958063126e+09 1.233887248341873360e+10 1.250717047682145500e+10 5.759833815171945190e+10 7.377103037578472900e+10 4.768679439156005859e+10 1.092320755821893930e+09 4.283609940353200912e+09 8.340929087059758186e+09 1.149218904265135574e+10 5.504456305433339119e+09 3.692524847870064735e+09 2.234811971104350567e+09 3.944675005360899925e+09 1.186935667765954971e+10 7.343140993388713837e+09 4.388184514406843185e+09 2.180714259212947369e+09 2.435210495015005112e+09 6.933549142089419365e+09 6.214041431083149910e+09 7.462727432219654083e+09 2.792052940092273235e+09 -1.051040051384124875e+09 3.020447710944870949e+09 2.023833788893476963e+09 3.281492858589212894e+08 3.535007612139122009e+09 1.531069186781362534e+09 1.781204685331336975e+09 6.820308685515615463e+09 2.443041833692428112e+09 4.609822416880838275e+08 3.358788865459818363e+09 2.559643402217370800e+16 1.986653359702523840e+17 2.499060481195698000e+16 2.702597424009477440e+17 -5.565723216413313280e+17 -1.229144380785562080e+17 3.151461209730350000e+16 3.386128041841635600e+16 -2.520159033948672000e+16 -3.588755734513951600e+16 -1.814520934472248960e+17 -4.041076618642392000e+16 6.866752427393870400e+16 3.954277344374137000e+15 3.924416648292808750e+14 3.719878477582349600e+16 1.797738705734425600e+16 -2.267759760647048800e+16 8.536723146350519000e+15 -3.523689732224079360e+17 -1.776429285269817600e+17 -1.780744826136190500e+15 -4.659774051840422000e+15 -4.216599235647502400e+16 9.190896430523036000e+15 -6.177402491079035000e+15 -5.031720362708638000e+15 3.631797497250688000e+15 3.079011532269037000e+15 2.488739063508835200e+16 9.460305036845101250e+14 1.876589502218478800e+16 1.189649441247826880e+17 -3.609996196245560800e+16 1.477282935560185920e+17 1.830401518691985200e+16 -1.554171169075302500e+14 -5.921589283209761000e+15 5.168290247010073600e+16 -8.693125808066571000e+15 2.811113174855198000e+15 2.203544224871335750e+15 2.599054540153251200e+16 -1.200120505409269800e+16 9.886827018180108000e+15 -6.509325183892148000e+15 3.151527549926170625e+14 1.361507725726151600e+16 2.216075395798967600e+16 1.048190742881162080e+17 1.703897542973402560e+17 2.797053261453785600e+16 5.118495332229337000e+15 1.351028003231262600e+16 -2.010876207166446500e+15 7.354397538242113000e+15 8.716799586423492000e+15 2.379593465194000800e+16 1.166680523458122000e+16 1.751782774735776000e+15 -1.493374888284520000e+16 7.632107655068557000e+15 7.040605345281414000e+15 7.090297024809016000e+15 -1.588168004202943200e+16 -1.692064474676299600e+16 -1.111014872294915800e+16 -1.389753636436715750e+15 1.755497171972462000e+16 7.678836669970396000e+15 1.378278284362447250e+15 5.268092967302565600e+16 1.359501821446721000e+16 -4.592074546731941600e+16 2.831883700602363600e+16 1.918320811241385600e+16 9.944884252126562000e+15 -2.617417319944269200e+16 1.667136980381373600e+16 4.503315479098955500e+15 1.251497671805040200e+16 2.126153786650177200e+16 5.465351303441600000e+15 1.941927341806564000e+16 1.313318734373844400e+16 5.960066998453174000e+15 1.231254910691501400e+16 2.616029671477211200e+16 1.247012970540359400e+16 1.118835687548849000e+16 1.677868368492995400e+16 1.588809748755416400e+16 7.960223944219818000e+15 2.873791771156829600e+16 1.590416983090173120e+17 3.084568600002384800e+16 2.217161553637624000e+16 2.615785765226180400e+16
1.389652374499764099e+11 -1.078628101638497620e+11 -4.104061619870816803e+10 -2.351532550640149593e+09 -1.475680296551110649e+10 -5.035486832059884071e+09 -3.308878873051446915e+10 -2.942821210994850540e+10 2.472361173313055801e+10 3.412128454714478683e+10 1.769271530966289902e+10 4.327109070488918304e+10 3.710943050589709473e+10 -6.133216393272853851e+09 3.798840401883497620e+10 7.794941953236477661e+10 5.638054726103295135e+10 9.569891717007556915e+09 5.005723023126948357e+09 7.609839844576066971e+09 2.032954387343235731e+09 9.686725398081703186e+09 1.425670140231978798e+10 1.163595125494084549e+10 1.278199485636689901e+09 1.054383696417287350e+09 6.213865074546655416e+08 -3.374364926177423954e+09 6.932575652000543594e+09 4.871326408653057098e+09 4.049913167196250916e+09 -1.207893916553782225e+09 -9.422358727826687098e+08 4.306084854846988678e+09 4.361471413640346527e+09 2.864606594811082363e+09 9.299398837174203396e+08 4.951239844697918892e+08 1.220318824294209719e+09 4.494536702170620918e+09 6.543168002379261017e+09 8.095840195306972504e+09 3.107744048666103840e+09 2.935895680007828712e+09 1.938190748276588321e+08 4.751309735833452800e+16 -2.151337987402940160e+17 -5.481236276490545600e+16 1.838794606942509760e+17 -1.190884948632022528e+18 -1.598167122253984960e+17 2.222104260849046400e+16 3.456159080901994400e+16 -3.133820657329622000e+16 -6.107004775434376000e+16 -7.222731210990206400e+16 -2.361990802633099600e+16 -1.441986328919789250e+15 8.106048097963223000e+15 -3.872260011721046400e+16 -3.032996770268967600e+16 -2.249288569826797200e+16 -4.409078428009610400e+16 -7.808860170471148750e+14 -2.722260332079156480e+17 -7.221272978594217600e+16 5.275984753374361000e+15 -2.113646607131218400e+16 -8.655743767842389062e+13 -1.017504776492249000e+16 -1.796820760933404250e+15 1.217574571500486600e+16 5.521995464091189000e+15 -1.374489324591487800e+16 -1.606617997704984375e+14 -3.523865956733372500e+15 2.766715326453160400e+16 -5.569458430002301600e+16 -2.655954592535710800e+16 -4.888573119739890400e+16 2.351996291690299200e+16 3.082169733133053600e+16 -1.379165752329570800e+16 4.441456028077224000e+16 1.676428231928849800e+16 6.366170749892028000e+15 8.365824277825632000e+15 8.943049076216388000e+15 1.376003075545955250e+15 2.495137630401369000e+15 6.914543409840403000e+15 2.931106590520540625e+14 1.365160826096739000e+16 1.236029704118786200e+16 7.961064846092835000e+15 7.667242753536030400e+16 5.194908164011243000e+15 1.566998512265644800e+16 -1.297288229813730880e+17 -1.693105145604822000e+16 3.440532166392619000e+15 3.474570355190616000e+15 1.046469468099526400e+16 1.208160556842553000e+16 4.933192536035121000e+15 2.670926035260367000e+15 1.057656739845371600e+16 7.240485140202525000e+15 1.448342100429370400e+16 -1.315166022344142000e+16 1.913190693005335000e+15 3.605157002127091500e+15 -1.280594902598055312e+14 -7.297503337124584000e+15 8.158264668827316000e+15 1.483948438933148000e+16 -1.136778789214148480e+17 1.464397260460226600e+16 -7.419398652678126400e+16 1.195091633512913400e+16 1.030845912181529600e+16 1.356186922250383200e+16 -2.943193109757598000e+16 1.294351778602220200e+16 9.159388902543456000e+15 1.639943442304723200e+16 1.070302164547516400e+16 1.065080026322514400e+16 -2.230018906725962000e+16 1.480993749232899400e+16 2.355301791928556400e+16 7.429922634569934000e+15 1.331769715531685400e+16 2.278509737613578000e+16 9.978725560096764000e+15 3.643978384640770000e+14 2.506450487760959600e+16 1.802136348976653200e+16 1.209821246497818200e+16 3.084568600002384800e+16 1.427283838224092000e+17 3.145930581801360400e+16 3.320302219241861200e+16
1.542939001473207703e+11 8.230316578282882690e+10 3.307793831917611122e+09 5.173027183956315613e+10 -2.041542109490788269e+10 -1.339501212579730606e+10 -5.505482419583610535e+09 -1.322860768231303024e+10 5.109982128290725708e+10 4.480049444054768372e+10 2.083749773166072464e+10 -3.306416514895235062e+09 3.084930321762520218e+10 4.796363594984464264e+10 6.838426290222820282e+10 6.704846272363661957e+10 3.684702712232032013e+10 6.213861274617019653e+09 -1.081154326617274046e+09 -3.152517314045488238e+08 1.307962091651553917e+10 1.967165768650593042e+09 3.296860068159858227e+09 5.424434926411353111e+09 3.702155314358780861e+09 7.970553195590938568e+09 6.194908068878267288e+09 4.959496201101618767e+09 5.515268441897832870e+09 9.710455259714836121e+09 5.298845544957746506e+09 4.128544202894856453e+09 1.388455430692603588e+09 -2.630702464688651562e+09 1.613612871169502020e+09 2.819396683596969604e+09 5.698518821202379227e+09 8.860443858703800201e+09 -1.866622092803279459e+08 -1.064955198208806396e+09 2.567182482311211586e+09 3.178349993753868580e+09 2.250613450598024368e+09 1.699624880778283834e+09 2.339425449699115276e+09 2.741106449819860000e+16 1.430465861883662400e+17 8.974707241837764800e+16 1.669064703772997200e+16 -1.343925860081116928e+18 -2.047540020573734000e+16 -2.539172084653280400e+16 -6.230433300311096000e+15 -2.123734889743093438e+14 5.845984112113669600e+16 3.792875273919968000e+17 -1.222364238437997400e+16 3.007820241260008000e+16 -1.162920634707302800e+16 -3.558476275171404000e+16 3.486131583965589200e+16 3.176619206729420500e+15 -1.380916491574779400e+16 2.398042595797204800e+16 -2.542564478923889280e+17 4.550847748781669600e+16 1.661311003248312800e+16 2.122032281778816875e+14 -9.346935313619926000e+15 1.128179824473812800e+16 -3.003623097354440500e+15 7.265269683466195000e+15 -9.852891782077686000e+15 -6.283569666131784000e+15 1.098973644733308600e+16 -2.850293795236183500e+15 7.914774521684880000e+15 -5.819985362159557600e+16 -1.151175465288919000e+16 -1.726782684511571250e+15 -1.208967548042420000e+16 2.328039562924767969e+13 -6.440434783898354000e+15 4.442466964711320800e+16 3.076829225780927000e+15 1.996288931227351750e+15 7.038985457010664000e+15 1.572568533262406000e+16 7.665273504934427000e+15 8.722383647221577000e+15 1.028657301885459500e+15 5.429105347305722000e+15 2.948044306343142000e+15 1.544331406635079750e+15 -3.934808034005325600e+16 -1.260293778572570080e+17 1.437037301297805400e+16 -3.232464094284554000e+15 1.817566247898187250e+15 1.884532174063600750e+15 7.794262661093804000e+15 7.916780100209259000e+15 7.053198163238094000e+15 2.847972176152820000e+16 1.121469340281682800e+16 -5.635649310011436250e+14 2.851220201799772500e+15 1.007912468220925000e+16 2.356312784628275000e+15 -9.159536221996244000e+15 4.745788743948321000e+15 4.134494248756348000e+15 3.781008111070351500e+15 1.221750002675332200e+16 1.162220289288890800e+16 6.334463913150904000e+15 -1.043045460913365800e+16 3.454087191939954500e+15 2.163454750686120400e+16 1.215190104812385600e+16 5.522984969032802000e+15 9.619326672729730000e+15 1.830548043879228400e+16 9.171350805496036000e+15 4.212531553157798000e+15 9.151080297545962000e+15 1.420066299276526400e+16 4.656408782474494000e+15 8.528598589488592000e+15 1.457667572221386800e+16 1.040796205303315000e+16 1.741234095070862800e+16 1.461157569745817400e+16 1.261865451038812400e+16 2.901388557342046000e+16 1.299882715832096200e+16 1.202946250188114000e+16 1.507522349247974750e+15 1.344790902264539200e+16 2.217161553637624000e+16 3.145930581801360400e+16 1.184420141764156800e+17 5.940766913563109600e+16
4.505749098921228027e+11 4.100038654111697674e+09 1.899664541396018600e+10 -1.000248825516477051e+11 3.508100656659443665e+10 6.929075693546804810e+10 -6.609739808353102875e+10 -2.408002461572016525e+10 4.424603892700537109e+10 3.297994590159159184e+09 4.583693899675769806e+09 -4.502091813054787636e+09 -6.593009406651532173e+09 2.481456254676980972e+10 8.623584863799369812e+10 8.285837900873834229e+10 2.611702545722589874e+10 -2.754553619187693787e+10 2.714414497584323406e+09 1.763215970494771194e+10 9.609205924501592636e+09 2.206509604943525314e+10 1.063567381589845085e+10 3.467131900938434601e+09 1.129390145040176773e+10 2.317966658191968536e+10 7.751042357564593315e+09 -4.728609708858241081e+09 -7.293996930304242373e+08 -8.363499625122680664e+09 -4.448395756285040975e+08 7.636246207411848307e+08 -1.819387559665484190e+09 -1.479396574940662146e+09 -1.308908303636924982e+09 7.411762457958693504e+08 9.610667386698106766e+09 1.257989132505816460e+09 1.076563589975833130e+10 1.294826714974762344e+10 -3.566820404134563446e+09 2.499164005018961430e+09 1.881810567900674105e+09 3.121219732497325420e+09 -1.595829748657297373e+09 6.002698218684451840e+17 -1.419795470666495520e+17 1.183471458511630720e+17 9.048094006339384000e+16 -8.097649366196157440e+17 3.923124401548893600e+16 -1.803241893545771520e+17 7.690120916765857600e+16 1.183779922348927750e+15 -1.801562076230887360e+17 1.778641668914741760e+17 5.588939705374494400e+16 -1.045743376177474560e+17 1.644387672660212000e+16 4.085155767385965000e+15 1.446443139981994240e+17 -5.960360495253108800e+16 1.858882854609923600e+16 1.853901221892673200e+16 5.586880172724801600e+16 -8.511829776283584000e+17 1.116272664524271040e+17 3.804191021143886400e+16 1.089851871271512960e+17 -2.492231908349673200e+16 1.767291186780343000e+15 1.189876102787668200e+16 -2.813099781551734400e+16 -7.996144325780414000e+15 1.698884687368403200e+16 -1.147710738466091000e+16 -1.943416662485346800e+16 -7.627590275138876800e+16 -1.775575242972725600e+16 4.260084891183143040e+17 4.348840955788799200e+16 -4.630456204260587000e+15 -1.531355777367929000e+16 8.230554574527758000e+15 -3.321688762112077200e+16 4.090586260695635500e+15 1.760458845586139800e+16 -2.397167641167728000e+15 2.695509761956038000e+16 -1.950525177941388000e+16 -1.226146795798378250e+15 -6.000882014963591000e+15 8.373921003997766000e+15 2.381736195059548800e+16 2.516610003260328320e+17 1.148838016831543840e+17 6.711169350083566400e+16 5.827121833025950400e+16 1.422378403673189600e+17 -1.904949803651970000e+15 1.612409209270420000e+16 1.321009515685647800e+16 1.054328807961742400e+16 2.378782581997006500e+15 -2.985636674284835600e+16 8.286755726991149000e+15 5.955387122335578000e+15 -1.607335691566319500e+15 7.883198916842886000e+15 4.196589111420028000e+16 -1.532690414625202600e+16 3.643739723808185938e+13 -6.941469384874958000e+15 6.547357692840987000e+15 1.570840863518014062e+14 -1.343144178290478600e+16 1.455361706849780160e+17 4.102024697375920800e+16 9.661119744597860800e+16 3.072155753104731500e+15 4.967951508461073000e+15 1.489901898519700800e+16 -1.089221246287460000e+16 -1.699793348436515250e+15 -2.324310664907908000e+15 9.717368981650974000e+15 2.009664142321748800e+16 1.292409664549767600e+16 5.456136039089232000e+16 -7.121748668381460000e+15 3.935448266109867000e+15 1.467613987687615400e+16 1.428756001142602600e+16 1.257090956381374200e+16 1.228793545691698800e+16 1.079796977176341280e+17 1.096300990744737400e+16 1.753178391741470000e+16 3.410701428601560000e+16 2.615785765226180400e+16 3.320302219241861200e+16 5.940766913563109600e+16 5.472614121581718400e+17
