# B covariance for NGC
# Constant shot noise subtracted
# 
6.981333667803580334e+20 7.481247365458252595e+19 2.659437471079823360e+19 6.915892446992892928e+18 1.321352085410793062e+19 6.347840745583500288e+18 -5.734641108531478400e+17 9.402711068062187520e+18 1.215980808183512832e+18 -4.782021788650493952e+18 3.092304395475818496e+18 -4.893001284598704128e+18 4.987896608295194624e+18 -1.787107484722389504e+18 9.516909732216067840e+17 1.424621475877050982e+19 -2.574577295314913280e+18 2.527186669037983040e+17 -1.878779951866519552e+18 1.041950549565992346e+19 -3.803046729380492288e+18 2.546325877566030848e+18 3.914469977590533120e+17 5.474265086730764288e+18 -8.558800746545574400e+17 5.831225418194656000e+17 -2.564639463440432000e+17 1.182067365447788749e+19 3.881172588572455680e+17 -3.530508497163975680e+17 1.298574382836908544e+18 6.054203220371970560e+17 -3.895134080554773504e+18 -3.602469883645393920e+17 7.983911604166877184e+18 4.640750661422573440e+17 3.984129584455111040e+17 8.248640832511542400e+16 4.154606523534977024e+18 -4.171419525384870400e+17 3.839226950170904960e+17 7.903626783932544000e+16 2.092363778334450880e+17 8.964128056278477824e+18 -1.920547186761669120e+17 6.950816153858173440e+17 -1.277263781657084640e+17 -6.883888624710309120e+17 -2.538173978801860480e+17 -2.813835004127023616e+18 3.664511339079122944e+18 -1.266664839105687808e+18 -3.220825609183651840e+17 -5.724357471352124416e+18 1.768885879561101760e+17 -7.901571599145907200e+17 -2.391588224839604480e+17 2.935797050728392960e+17 2.133270990462903040e+18 -6.336479206478169600e+17 -2.194538200563606080e+17 -1.019997591369547200e+17 1.262434124346531200e+17 -4.206169728422318400e+16 8.527024476914306048e+18 -1.189376242332794880e+18 -2.732836088421796800e+17 -1.124943196135659040e+17 -9.337016010657451520e+17 2.980169518569366400e+17 4.678808880600892160e+17 -1.129571668217742131e+19 -7.779375716620289280e+17 -5.699314256905545728e+18 2.781970358520635840e+17 4.240737182860335360e+17 -6.830762475669254400e+17 6.708450303911997440e+18 -1.293323186731559168e+18 -6.417830899304885760e+17 3.253070001347991040e+17 2.781489772246910400e+17 2.369825284365296640e+17 3.376640139560423424e+18 -1.468148593111915520e+18 -1.992299297713920960e+17 -1.690228458023315840e+17 2.647773231813648640e+17 -5.458474937906377600e+16 2.806958103076966080e+17 8.920980334689745920e+18 -1.680970331244989952e+18 1.586431906653723000e+16 4.865791638831244800e+17 2.058148859112831600e+16 4.263199424785927200e+16 2.241366313419736000e+16 5.952970262691892480e+17
7.481247365458252595e+19 1.871520394430879498e+20 1.694644007747412378e+19 4.291850238303204864e+18 6.313822573471340954e+19 6.361894953495222272e+18 9.976340521272644800e+16 2.824515045251155456e+18 2.599366360977213440e+17 -5.804468748989466880e+17 -8.037377881716377600e+18 1.823247000159587840e+18 3.821195461180793344e+18 -3.623422487923239040e+17 -7.441708504578343680e+17 4.954804424398735360e+18 1.461426812582906560e+17 -3.811764111981677440e+17 -3.971134944817055360e+17 -9.780915563194781696e+18 9.568715735828400128e+18 3.649901972087253120e+17 -5.750767621767918720e+17 3.463976638821299200e+18 1.464292936100720640e+17 -7.725501816444944000e+16 5.633209818747276160e+17 3.486194683276854272e+18 -3.146310699704535040e+17 7.197927232874472960e+17 3.262133683615969280e+17 6.523012667267815680e+17 1.218641277553783808e+18 -5.854702163285679360e+17 1.608165487072686848e+18 -5.134667193501488000e+17 2.876840583953877600e+16 6.494928948304773600e+16 2.864645173927366656e+18 2.653115631739429120e+17 -3.357214640324306800e+16 -2.385014984335131200e+16 1.893537147746117440e+17 2.855342289135692288e+18 4.945464282432626400e+16 -6.828855506304289280e+17 -3.061551443151855200e+16 -9.028884522974920000e+15 3.986708260587490560e+17 -7.018115337516534784e+18 -1.327242231000992640e+17 -7.668115621818947200e+16 4.439655230210073600e+17 3.769940107323784320e+17 1.096304422127966240e+17 -2.224978526773290800e+16 2.047115606822179840e+17 3.278592077847866880e+17 2.407946057043151360e+18 3.051329971622033200e+16 -1.800041835187242880e+17 1.994192427857007360e+17 4.107281110245873600e+16 -1.914496264562822720e+17 2.280709757857995520e+18 -2.340173132950255680e+17 2.272447165709870720e+17 -3.565787585767436800e+17 -5.712559691481166400e+16 -7.917669605580192000e+16 -1.267738282950094400e+17 -9.034494494409598720e+17 2.545459020285668000e+16 -1.476829179646677504e+18 4.474060732756103680e+17 -2.002349374594394800e+16 -3.331113774412265600e+16 -1.625037024876457216e+18 -3.064807343277454720e+17 3.375363504666922880e+17 2.355855235016681500e+15 3.972942369559565600e+16 -1.399074738645059200e+17 2.750134073602151424e+18 5.321891730651629440e+17 -1.407060353831166720e+17 1.531558557019344960e+17 5.398217041216429600e+16 9.010938071463904000e+16 4.366096555575135200e+16 2.330736612522808320e+18 8.478896727579563200e+16 -1.860891195042350080e+17 2.101758462005468480e+17 1.998669296090024320e+17 -2.137983627809749760e+17 1.442657238941599040e+17 -1.407358035961117920e+17
2.659437471079823360e+19 1.694644007747412378e+19 4.240376139981008896e+19 7.839365831405398016e+18 -1.220997037019979776e+18 6.710700296707124224e+18 1.220917407427282688e+18 4.824617055740748800e+18 2.964397168221210240e+17 6.778995295997768800e+16 3.020205528144207872e+18 -6.493457191534247680e+17 2.583639095485775872e+18 1.595558731778979840e+17 -2.111370259308883200e+17 3.760355956240918528e+18 1.835296507463477440e+17 -2.593745079559173120e+17 -2.407083967113060800e+17 1.112407133622972544e+18 2.617426306207548928e+18 5.497707150178249600e+17 -3.541499261715960960e+17 2.144024714682746368e+18 -1.160399346342221440e+17 -1.878251856910220800e+17 -3.405905623550489600e+17 4.080480893296705536e+18 3.057625577309827200e+17 2.583003559164900160e+17 -1.598219982454654080e+17 2.480521677548170560e+17 -9.119916955195102400e+16 -5.767192906374296320e+17 3.321848203747688960e+17 -9.980077318679745600e+16 -2.736818020685627520e+17 -1.561725613829357760e+17 1.337903418768731648e+18 6.902694794003183200e+16 -3.560650295506468400e+16 -4.935511811285936000e+16 -1.586866650409121200e+16 3.159658901809445888e+18 -7.130206057414415200e+16 1.452594159345508800e+17 -4.258269297514226400e+16 9.738558943219602000e+15 2.904759486454554880e+17 -1.314774472026550560e+17 -3.429560079744251392e+18 -2.063313672433182400e+17 1.977760166495123200e+16 3.049457689192900096e+18 1.210797371587733920e+17 -1.227772546822190720e+17 3.246628950430536400e+16 4.169542265002332800e+16 6.866603600734266880e+17 -2.065632032335601920e+17 -1.498058486149018240e+17 7.040219411589926000e+15 -3.123264512295496800e+16 2.379946834559664000e+16 3.481999333976972800e+18 -7.910679818324870400e+16 1.212110741768263800e+16 -2.574912280143765440e+17 -8.160107896649608000e+16 9.261520340880670400e+16 3.145624902872905200e+16 -4.520662297164300800e+17 3.512351294586337920e+17 -6.564003653931713280e+17 -9.796304937999854400e+16 -1.049241960423158720e+17 -2.866740136434148480e+17 1.244849048611000832e+18 -1.840747800959876160e+17 -1.832191047178154000e+16 -4.912581785089910400e+16 -3.300129494950535625e+14 -1.901998866961791360e+17 1.242472788284320768e+18 9.479779485256772000e+15 4.355428756914069600e+16 4.942858747122452800e+16 -9.924657646919993600e+16 -7.247138695789476800e+16 5.579712161788913000e+15 2.794054847660930048e+18 -2.947671284671989200e+16 7.801003097421264000e+16 7.707885953761475200e+16 2.535431194452198400e+16 -5.431481331177153600e+16 9.012832361798644800e+16 1.187530028155160960e+17
6.915892446992892928e+18 4.291850238303204864e+18 7.839365831405398016e+18 6.324706964970308403e+19 8.699581908130099200e+18 2.171457482243590400e+18 5.939081314411378688e+18 1.055271591439135488e+18 -1.839117576960362000e+16 7.453759368600276480e+17 2.425958036985857536e+18 7.250548467131371520e+17 1.906093340632078336e+18 9.491072419355688960e+17 -3.765026777347829120e+17 -9.775734111182028800e+17 3.390043177085344000e+17 3.835446083117467520e+17 -4.923473242346623360e+17 2.779390722500711936e+18 2.151817657928423936e+18 1.214880037237270784e+18 2.525073423296511680e+17 9.714891543050694400e+16 1.934534023332367680e+17 1.169994719222928320e+17 1.455124161016181000e+15 -3.112223792513729280e+17 2.205867262781611520e+17 2.829488458737976640e+17 -1.785859173151386240e+17 -1.320576732922477440e+17 1.016506046344761088e+18 -6.272413187446242560e+17 3.832266366593235968e+18 3.926179769563216000e+17 1.376564244712202400e+17 -3.845191869686330880e+17 4.557123363117441280e+17 4.137347956655652480e+17 -1.504912068850225920e+17 -1.234807780179496960e+17 -1.033863302494390240e+17 -1.226948263227096960e+17 -2.712183730867411200e+16 -1.796923197215927040e+17 -6.854421944099728800e+16 1.351642579436292000e+17 1.736855571067506880e+17 2.108006125558609408e+18 1.306140807306612992e+18 -7.583316824258213000e+15 -2.106111834014513280e+17 2.929386387257963520e+17 7.211591260947710720e+17 1.020429824968979520e+17 -7.165200378114985600e+16 1.812650703140545600e+16 5.840153584275596800e+17 1.947839683774672640e+17 1.127138869144165000e+16 2.492221851421103600e+16 -5.467025473016638400e+16 -9.960958163914057600e+16 -3.047341634023109120e+17 5.080558762842893440e+17 4.371282292359245600e+16 1.318768264945850560e+17 1.262456966944846400e+16 9.091179048320830400e+16 1.005791787856286080e+17 -6.495390253313960960e+17 -2.488945424690797120e+17 4.182664686005608960e+17 -2.137459787676061120e+17 7.885716072314281600e+16 2.194531232763053600e+16 8.305962193083265280e+17 1.101055237634744640e+17 -1.555053281780174080e+17 -4.280292176337108000e+16 2.071045859401608400e+16 2.238326708230008800e+16 1.635652074546620480e+17 6.907534113571424000e+17 6.016893154651146400e+16 5.672085313613412000e+16 4.627134967220960000e+16 4.394579720792313600e+16 6.094902869956804800e+16 -2.410462371736020160e+17 6.074452782050615040e+17 1.722141167101602200e+16 1.148610653917672960e+17 2.682180803919461440e+17 1.819716410058183040e+17 1.466652909577213800e+16 8.848142788618009600e+16
1.321352085410793062e+19 6.313822573471340954e+19 -1.220997037019979776e+18 8.699581908130099200e+18 2.206377848387718087e+21 9.599268591195987968e+18 -1.136162455248218752e+18 4.092740340625137664e+18 -7.298988962858199040e+17 -1.662526222236498240e+17 -4.106677231521109606e+19 3.223861987990303232e+18 3.305627169858969088e+18 1.445898965334708224e+18 5.624256061588717568e+18 5.827335198918199296e+18 3.413357018923556352e+18 2.852048822276408832e+18 2.342296535679884800e+18 1.922704410628528128e+19 2.971456895237106893e+19 7.204131094490725376e+18 2.552258704758057472e+18 -3.156358848744758272e+18 6.770823731988192000e+17 2.015041858967293696e+18 2.242870679254973952e+18 -2.741234473311750656e+18 1.694149257310855168e+18 1.859918328764694272e+18 2.344358542955895296e+18 2.171618989882804736e+18 -2.946932667244989952e+18 3.087618332529688320e+17 1.609034615440057549e+19 9.355390229035319040e+17 1.218404175094990848e+18 1.090439740260340480e+18 -1.179492623440472576e+18 5.356244034190848640e+17 1.941653206418042112e+18 1.077809055055058688e+18 1.118070022992068096e+18 -5.782702864178210816e+18 1.707944801923853056e+18 1.235283231304594688e+18 1.224478636592975360e+18 -4.000068954068818560e+17 3.180707023222169600e+17 -1.109111494648740096e+18 -1.204322005403734221e+19 3.204313750634900992e+18 4.240330915417099200e+16 2.314845984275532800e+18 -1.948227706058553344e+18 -6.416637241778231040e+17 7.579252971445721600e+17 -3.338677164291539840e+17 5.948808951085070080e+17 1.666722858126294528e+18 9.286762571313194240e+17 8.686229266747138560e+17 -3.011393641921793920e+17 -1.347844328800719840e+17 7.832321994398296000e+16 -1.296422800497535232e+18 -1.873250755558821120e+18 -1.221623393990239360e+17 -2.842263349076271500e+15 -1.789756272617908800e+17 -1.125208076562686720e+18 4.187044252401231872e+18 -1.283130745828856640e+17 1.056578545344918323e+19 -1.024011346629031168e+18 4.618313379135186560e+17 4.262373287137194240e+17 -1.973105085012395264e+18 -3.209162515301368832e+18 3.137656103474286080e+17 4.957492851358701440e+17 -2.131863091000136000e+17 5.639690937072745600e+17 1.149306301387400064e+18 1.002658304659874304e+18 1.151226866006528640e+18 3.421906810952377600e+17 -7.762799105418348800e+17 -6.331478433223583200e+16 -7.170534075488768000e+17 -2.213648180597625856e+18 2.759307526853862720e+17 7.544466790922833920e+17 4.750436360137619200e+17 -5.486462839070256000e+17 -1.182825068577146624e+18 -1.335982278279766784e+18 -8.017967490535219200e+17
6.347840745583500288e+18 6.361894953495222272e+18 6.710700296707124224e+18 2.171457482243590400e+18 9.599268591195987968e+18 2.626526032780929434e+19 1.924097726419094016e+18 5.360277950350775296e+18 1.596837850646075840e+17 2.529001544826000320e+17 5.593277978361438208e+18 9.262351035177687040e+17 3.065161008249198592e+18 2.707535574339895040e+17 -1.123121186491304960e+17 2.431703445493921280e+18 1.693947105370613440e+17 7.256098948455784000e+15 1.277458589764133120e+17 -7.952500655733357568e+18 3.638147771413834240e+18 1.261243354622088640e+17 3.285406026623535500e+15 1.686164875664324608e+18 -1.214774487317208800e+17 -3.822071136068317600e+16 -1.524856953700466880e+17 2.078443825110225664e+18 7.276630486355558400e+16 4.570920975156030720e+17 -3.309772182388558400e+16 -1.940816056575890240e+17 2.218660968827243520e+17 5.938704128039424000e+17 5.242672296414449664e+18 -5.649452418979626400e+16 -2.739866957850504400e+16 -1.694462984441684800e+17 1.622344043532326400e+18 3.638032438702208000e+16 3.276297371256030400e+16 -8.537097043354532800e+16 -5.446339909599064800e+16 1.725582230616547072e+18 -2.489725114123440000e+17 -3.066810136090829200e+16 -1.077523689778651200e+17 -2.212520414644073600e+16 -1.216769338348680960e+17 1.769812561530325504e+18 -2.200866250178520800e+16 -1.732118134406315250e+15 4.598546475704595200e+16 1.445942560047463424e+18 1.355542935788393760e+17 -2.020032695533862400e+16 -6.304873843733878000e+15 5.801126960859433600e+16 1.002441394175691008e+18 -4.002826533478052000e+16 -1.776488001291996400e+16 -4.921211791540357000e+15 -6.105314211957768000e+16 -4.455149398389255200e+16 1.538119704168976896e+18 -6.110537132340808800e+16 -1.170422259780375360e+17 -2.488372933788736800e+16 7.190560276481610400e+16 3.022544371254287200e+16 1.403958882862797800e+16 2.919106424641706880e+17 -2.124302677555005760e+17 3.928197788695057920e+17 3.089500114373184000e+15 1.348193528673272960e+17 2.461119713484779200e+16 -1.587725268145766720e+17 -1.014596846712015360e+17 -4.115234599655560800e+16 -2.244197106222122800e+16 1.379158897523809250e+15 -8.670382288268200000e+16 1.373005609778668032e+18 1.222888126146548000e+17 5.621194931429888000e+16 9.569224374958664000e+15 -5.189259619686297600e+16 -5.077999146609461600e+16 4.998703614736050000e+15 1.469944361804634624e+18 4.612675985158000800e+16 1.868135281983568000e+17 -1.102680374364572000e+17 -1.242179046667419840e+17 -1.609863364930153280e+17 -2.176132272687926000e+16 3.796992725909108000e+16
-5.734641108531478400e+17 9.976340521272644800e+16 1.220917407427282688e+18 5.939081314411378688e+18 -1.136162455248218752e+18 1.924097726419094016e+18 1.172525912349528474e+19 6.083667027260029440e+17 1.537742002553939968e+18 2.410381357632866880e+17 2.107653096893264128e+18 2.266284197688454400e+18 7.819312590991740160e+17 6.082275413038042880e+17 -9.894294877879137600e+16 -3.089006697996620160e+17 3.324336976345985920e+17 1.097898460339202240e+17 -1.029201069271316000e+17 -1.326891830453159424e+18 -3.103098453584816640e+17 5.394759732160248960e+17 2.643758154997978880e+17 3.368949974879710720e+17 4.789203081408965120e+17 -7.304060022153012800e+16 -5.233828294420922400e+16 -6.271547474851477000e+15 2.903588265063449600e+17 1.081091952072092960e+17 4.682866930182011000e+15 1.353132901231907360e+17 2.103985560246024192e+18 4.050071510843892000e+16 1.373943161479154432e+18 4.602694527883463040e+17 6.875123177142006400e+16 4.030086375390785600e+16 1.145780276251287000e+16 3.138161575041083520e+17 5.503844656123844000e+16 3.180187136487958000e+16 1.259435820777113760e+17 -4.263632044259242400e+16 1.811393984902216960e+17 5.136757267130580000e+16 7.004131738227276000e+16 8.109086140420596800e+16 -5.933482952226069600e+16 -5.667063250255160960e+17 -1.891385512366707200e+16 3.318357835603526800e+16 -2.798637488623699600e+16 4.933564308247434880e+17 2.634072526646738880e+17 -2.113108607800756800e+16 1.119676368204577120e+17 1.237023854967030400e+16 2.606479097864688960e+17 3.416348261394673920e+17 -4.687920163174076000e+16 1.315832402032278200e+16 8.120650744494857600e+16 -2.985518677143487200e+16 -2.015253999900678080e+17 3.702393323895580800e+17 -3.694160434879117600e+16 2.675952866418692000e+15 9.040084035692818000e+15 7.472526894732016000e+16 2.447095335898876000e+16 6.652430494711920640e+17 -5.716583180386066400e+16 1.629107163298513600e+17 -8.031054770012454400e+16 6.947401143666545600e+16 9.688194181319225600e+16 1.362140776312617472e+18 1.264421347325238560e+17 -1.343442987482930200e+16 2.963122561795528000e+16 -3.649630134085042400e+16 4.493016238731586400e+16 -1.380282346945334800e+16 3.637240050360613120e+17 1.751851566183317400e+16 5.321361037543793600e+16 1.079781010680960400e+16 -1.296304024381401200e+16 -1.712283245502755000e+16 -2.172754957545744000e+17 2.931007346335862400e+17 6.417827357424493600e+16 3.661032305066432800e+16 3.120285427851660000e+16 2.204312711027256000e+16 -2.568593459827584400e+16 -1.805937973415762240e+17
9.402711068062187520e+18 2.824515045251155456e+18 4.824617055740748800e+18 1.055271591439135488e+18 4.092740340625137664e+18 5.360277950350775296e+18 6.083667027260029440e+17 2.000683435532560794e+19 1.571426093335356928e+18 4.498228085135242880e+17 1.971164085201729280e+18 -5.799330761553432800e+16 2.731763427064011776e+18 2.594375787244307520e+17 1.671533802882739520e+17 3.855046183257356800e+18 2.807290894063536320e+17 -1.246962666864555680e+17 2.356092982159475520e+17 3.231875005273069056e+18 5.655994124625075840e+17 2.271840774746147200e+17 -6.756061803423962400e+16 1.201376602956207616e+18 1.069968927067978080e+17 4.505655821846444800e+16 -9.253518756249616000e+15 3.952681375311156736e+18 3.039717560976913280e+17 1.514135769874579840e+17 1.681561623592715520e+17 9.356231278998780800e+16 -6.041161630463174400e+17 1.854731441419656960e+17 1.874993235819205632e+18 -2.186963679374588160e+17 5.512447428420010400e+16 -1.577295367241532160e+17 1.437004337090231552e+18 -8.610404350150766400e+16 2.889990783407642800e+16 -2.968394422022669600e+16 2.936385120813439200e+16 3.409071282319631872e+18 2.954477536405605200e+16 1.611915543682460160e+17 5.372479285104337600e+16 4.257078454223835200e+16 -2.059959086059942250e+15 2.118834265093701632e+18 7.757768269854087680e+17 8.292694913277976000e+16 7.277779858127838400e+16 5.946174265022997760e+17 -1.350009206102167040e+17 1.063849898514793120e+17 -7.538434600672940000e+15 1.613536571286643840e+17 9.753925565303004160e+17 -9.869648779344272000e+15 4.904864891408169600e+16 4.725579255157364800e+16 5.099874437344448800e+16 2.798472859222276400e+16 3.417975383648313856e+18 3.370194886765735200e+16 -9.101164590797020800e+16 -2.112179543566310080e+17 -3.955042786574328000e+16 1.552535356272639800e+16 -2.125569227222053600e+16 -3.051409035838600320e+17 -7.759056640027137600e+16 4.346797366141983360e+17 6.806289769068732000e+16 7.151956066142452800e+16 7.133087811471773600e+16 -2.305612811279932160e+18 1.431390587559218560e+17 9.172636558094217600e+16 4.168685076440880000e+16 5.609867673195098400e+16 -4.513657179523231200e+16 1.050967888554966400e+18 7.925218051578806400e+16 6.197266045836414400e+16 -6.150896955467891200e+16 1.559403917073722600e+16 -2.375250142412336000e+16 5.468951745305922400e+16 3.263718714370765824e+18 -2.891584237896602500e+15 1.551852302255478720e+17 3.101556204030196800e+16 3.129669913840864400e+16 3.213085184958118400e+16 -8.777470513275064000e+15 7.437877771943883200e+16
1.215980808183512832e+18 2.599366360977213440e+17 2.964397168221210240e+17 -1.839117576960362000e+16 -7.298988962858199040e+17 1.596837850646075840e+17 1.537742002553939968e+18 1.571426093335356928e+18 6.038445503253814272e+18 1.361792425809860352e+18 2.382994506320711680e+18 3.640080085742719360e+17 7.953922489736725760e+17 5.493011877517005440e+17 4.069328611612714240e+17 6.817903658359559200e+16 1.796929904998153920e+17 6.108536726846807200e+16 -1.862395965795956480e+17 1.269196321518398464e+18 -2.849125751901881600e+17 2.806096503248194880e+17 -8.663396665839981000e+15 3.057184422390197760e+17 1.233278740739442560e+17 7.416199218211896000e+16 -4.729195423530119200e+16 3.698981606495847200e+16 1.694477225777570240e+17 -3.660215016681038400e+16 -9.755655920135340800e+16 -3.010215403818950400e+16 6.192538671481836000e+16 2.195297913358343040e+17 -3.996237299600820480e+17 1.129790226416168640e+17 7.110321184625804800e+16 -2.638595367901569200e+16 5.308259566303380000e+16 8.910709383072048000e+16 9.764102057909350400e+16 1.243199384506756400e+16 1.263364803975590080e+17 8.559377546268862400e+16 1.989634139448608320e+17 1.296602282201737760e+17 2.962267992940239500e+15 -2.007584206295834800e+16 1.334057314092894000e+16 -2.110354749838354560e+17 -5.817661007344885760e+17 9.436028258850030400e+16 3.150010253115143200e+16 5.668839029196485120e+17 1.881145188956696000e+16 7.841957277157344000e+16 -9.925865833293600000e+15 1.440242056031140800e+16 1.797018429352890240e+17 2.638361161181542400e+16 1.029242023281023040e+17 -6.754247440106977000e+15 1.838460001726077600e+16 -3.660565928442703200e+16 -6.189699869684689600e+16 6.338584328874650400e+16 8.625574462173420800e+16 5.010416142573518400e+16 2.281023125722071200e+16 5.647495819841252800e+16 1.694009807500309500e+15 -1.433373444792941280e+17 -8.679094124419395200e+16 -3.016982052882643840e+17 -8.730825423708292800e+16 -8.661021653774514000e+15 5.477761589982448800e+16 -4.258110616670474500e+15 9.066715484752169600e+16 9.224138610073370000e+15 1.074066569994834500e+15 -3.361442168760750800e+16 -3.010196815186729200e+16 1.492299262047984960e+17 5.369011097389918400e+16 3.685000740421301600e+16 -8.630992261573665000e+15 1.982330909001491600e+16 6.637528347449732000e+15 4.081460831314297000e+15 -1.310812912315979840e+17 3.434841817132108800e+16 1.017133971296582880e+17 1.293298329515891400e+16 -2.627354758685473200e+16 -3.227632150009526000e+16 -1.266786669298525000e+15 1.539725067687396875e+14
-4.782021788650493952e+18 -5.804468748989466880e+17 6.778995295997768800e+16 7.453759368600276480e+17 -1.662526222236498240e+17 2.529001544826000320e+17 2.410381357632866880e+17 4.498228085135242880e+17 1.361792425809860352e+18 1.189507001561121382e+19 5.927498621345660160e+17 -5.636967592096958080e+17 8.649558099363685120e+17 1.892335723525261120e+17 9.655207069142039040e+17 -1.066396029629776000e+17 2.211242772904838720e+17 5.433508670225650560e+17 5.251197343886836800e+16 1.241266081044436224e+18 1.189243261542602752e+18 -1.126950623747962240e+17 -1.748262344965185280e+17 -1.197363732408556160e+17 -8.121002159291606400e+16 6.358093198666540800e+16 3.063329248313916800e+16 -4.997839029076499200e+17 -5.483812141556160800e+16 -6.006219038203236800e+16 1.058256248854092960e+17 -7.262780030740003200e+16 3.617124861774330240e+17 8.668673664280120000e+16 2.575763963977721344e+18 -1.304814999567192400e+16 5.418452754084048000e+16 -1.610335314201312000e+16 -2.997147265694056960e+17 -7.611807498135720000e+16 1.052530016633740480e+17 -1.254306995329168400e+16 -1.492213812480770000e+16 -3.494030534189180800e+17 -3.299304376996478400e+16 1.268211880245553600e+17 9.881415358968188800e+16 -2.184232574243136800e+16 4.930004013881764000e+15 -3.671281675972441600e+17 -1.528624225635182336e+18 2.086535922806635520e+17 4.413626740507941600e+16 -5.049671014916016000e+17 -1.161152295966260160e+17 7.871806017459731200e+16 -3.394633037399684500e+15 -5.862242344971633600e+16 -2.421027962834929200e+16 -5.910509456166709600e+16 1.288934729662796800e+17 -5.989023205799140800e+16 -7.039565745969150000e+15 -4.525718447786743750e+14 -4.909857583348378240e+17 -6.906515269523128800e+16 5.618441006882627200e+16 9.272892334147563200e+16 4.167893257284101600e+16 5.216232475040586400e+16 -1.079591829319352600e+16 -2.311810993755401920e+17 -8.853428874306712000e+16 -1.247870464774265440e+17 3.546007904469349600e+16 -2.368582977602972800e+16 -2.351158936464633200e+16 3.535804423843650560e+17 -4.901235611415461600e+16 8.969207201434748800e+16 2.562959756232167200e+16 -1.502062804604183000e+16 1.773300374489410600e+16 8.958580629578851000e+15 4.092951055602863200e+16 5.968031920459962400e+16 3.800591594836440800e+16 -5.110209084392781600e+16 -1.042828525115966400e+16 6.580409347853733000e+15 8.490601694664888000e+15 4.234953991800352000e+16 9.715387591331243200e+16 4.546480536925577600e+16 -3.678394011789917600e+16 -6.183258820653440000e+16 5.758100241542086400e+16 -1.810104405640605120e+17
3.092304395475818496e+18 -8.037377881716377600e+18 3.020205528144207872e+18 2.425958036985857536e+18 -4.106677231521109606e+19 5.593277978361438208e+18 2.107653096893264128e+18 1.971164085201729280e+18 2.382994506320711680e+18 5.927498621345660160e+17 3.673973688571466220e+20 -4.986109186913063040e+17 5.183181546742432768e+18 -6.094341451422671360e+17 1.157276636054070784e+18 1.873234964547116032e+18 -2.822810794981549120e+17 4.126764280162129920e+17 -1.884428248685840128e+18 -2.888721416681327104e+18 3.795157194996873216e+18 1.304701478115871232e+18 2.769114268739860480e+17 -3.113576604510361600e+17 5.779272046601171200e+17 4.684796674510004480e+17 -4.751317182623092480e+17 1.208847404245400960e+17 6.167462281143136000e+17 -8.831269370978792960e+17 2.494740349193827840e+17 3.115955056307296640e+17 -4.464058889784651264e+18 1.768928367872858880e+18 -6.400827569417620480e+18 -8.349440006496590080e+17 2.476970901031465920e+17 2.841519788163835840e+17 3.168109522368065920e+17 -1.252062773416496960e+17 3.930320300047677440e+17 3.148535158513950720e+17 -1.782239628139745920e+17 5.206385686119638400e+17 -9.220785200396545600e+16 6.472222168563407200e+16 -1.058574168188971680e+17 -2.380447558173190080e+17 1.430785527625346720e+17 -2.818843409059950400e+17 -3.673107480229179904e+18 4.530282780935901440e+17 8.824175285815584000e+16 4.808345614991690752e+18 1.495563478295084032e+18 1.217758815104094400e+17 5.590945434331755520e+17 -4.077087534007700480e+17 1.735224553017792256e+18 -3.037840168501374720e+17 1.086103124282692000e+17 1.028134475865674240e+17 3.694976807789260000e+16 -4.148964274756154880e+17 8.746626567840478720e+17 -1.438650001483652160e+17 6.656940482515096800e+16 2.124515122637961600e+17 2.743801792623389120e+17 -4.678873694432805120e+17 -1.526389129485721600e+17 -4.717890740382160896e+18 8.160625008047962880e+17 3.504756440182696448e+18 1.645778041166225280e+17 4.541367657928788480e+17 1.394599854728396640e+17 5.352370953920756736e+18 4.460682803342147200e+17 4.731157761799690880e+17 -8.399825934122418000e+15 9.733425405764964800e+16 2.195003284864314240e+17 2.521003077373831680e+18 3.743773048728628000e+16 1.893620477675913600e+17 -8.155230530495022400e+16 2.781284602567828160e+17 1.532165551100555520e+17 -1.233276178027968400e+16 -2.875327964897248000e+17 -2.551206064819378560e+17 6.516127787645386240e+17 -4.279952649302215680e+17 -1.728773797702795520e+17 -6.351875611238748800e+16 3.878797851359869440e+17 1.864810304002073280e+17
-4.893001284598704128e+18 1.823247000159587840e+18 -6.493457191534247680e+17 7.250548467131371520e+17 3.223861987990303232e+18 9.262351035177687040e+17 2.266284197688454400e+18 -5.799330761553432800e+16 3.640080085742719360e+17 -5.636967592096958080e+17 -4.986109186913063040e+17 1.718083051707276083e+19 -3.619241008090966400e+16 1.074205539368481408e+18 -1.253425442575840750e+15 2.375131715502448320e+17 2.268141144303383040e+17 -2.103025803769201200e+16 -1.463716264570703360e+17 1.382832252691440640e+18 -5.350325867173960960e+17 3.092033841374122240e+17 3.078683787356422800e+16 5.520807093205355520e+17 3.380375255167193600e+17 -3.351805747044379200e+16 -4.396683815071043200e+16 -2.446850325065780800e+17 1.748949604011263040e+17 -1.883184497573410800e+16 -2.081812051881954880e+17 3.396602684912994560e+17 -1.137665491031065216e+18 3.921821822160896000e+15 -9.693989201558818560e+17 2.267657283262531200e+17 2.715671926934130800e+16 -2.011321530583875200e+16 -3.157946388404264960e+17 4.545989183295632640e+17 4.671936206507178400e+16 4.052338926988061500e+15 1.136545935153111200e+17 -4.930661572200490880e+17 3.714336983587426560e+17 -3.764774503800676000e+16 -8.260421606217304000e+16 5.669726262560253000e+15 -7.525834720514452800e+16 -1.586357776722017280e+18 1.479321672810377600e+17 -1.490808161930375040e+17 1.072140368372031520e+17 -8.310730296935644160e+17 1.873951725202858560e+17 6.604333109004792000e+16 6.596131945788632800e+16 7.464590453694075200e+16 1.363666337888456800e+17 2.971023730692943360e+17 9.243493464698481600e+16 1.587586206138200640e+17 7.316605219351310400e+16 -3.696414663886309600e+16 -1.564457656817413760e+17 2.895103498839463680e+17 -6.813549737623992800e+16 1.122580781669265440e+17 1.791973075928234800e+16 -4.011864468024876500e+15 -2.837498497992272000e+16 3.179956329277480320e+17 -2.061695207347898880e+17 1.031362149722230400e+18 -4.487882286042852800e+16 4.275436453646023200e+16 6.795734777087844800e+16 -1.125193134595185280e+18 2.608714582838065920e+17 4.123011023316125600e+16 4.110021168988336000e+16 5.082455180539768800e+16 -1.377184267152431000e+16 -1.699302972560283400e+16 2.025488165120787200e+17 -1.087067029671094200e+16 -3.033729430671828400e+16 -2.495840100317078800e+16 -2.536946946382093000e+15 -8.819104951217193600e+16 -4.825141430928419200e+17 3.367451433161667200e+17 -1.815475645108348400e+16 2.624496084623962800e+16 -4.428816854103961600e+16 -2.736346806037771200e+16 -1.608350067195194000e+16 5.205414453091710400e+16
4.987896608295194624e+18 3.821195461180793344e+18 2.583639095485775872e+18 1.906093340632078336e+18 3.305627169858969088e+18 3.065161008249198592e+18 7.819312590991740160e+17 2.731763427064011776e+18 7.953922489736725760e+17 8.649558099363685120e+17 5.183181546742432768e+18 -3.619241008090966400e+16 1.173907889662593638e+19 5.226263479906035200e+17 3.500915076192382080e+17 2.406238550698737152e+18 1.345028762803349120e+17 2.760113056852581120e+17 8.520153516841841600e+16 -2.280012260387136768e+18 3.684709836905357824e+18 1.277399885212098400e+17 2.105491896858576000e+17 1.354031977958289664e+18 -1.743108602983815400e+16 5.517192891865022400e+16 4.231993639263387200e+16 1.586229520100834304e+18 -1.910636481759126080e+17 2.729395704052825000e+15 9.035910123378320000e+16 -2.293800138584312000e+17 9.665240963753084800e+16 6.370887910370465280e+17 -1.860458709162567680e+17 -2.816320616355632800e+16 9.790263692200697600e+16 -6.397419604071689600e+16 1.614783868312277248e+18 -3.467454103140200400e+16 5.336094640515435000e+15 1.299889066816987400e+16 1.594717247147423040e+17 1.224253861620574976e+18 9.173476494389259200e+16 -1.286729195645076800e+17 -2.167856146219832000e+16 1.071419741859013120e+17 5.712520527770891200e+16 -6.481273319185061120e+17 -4.805228457437326720e+17 7.671957189749444800e+16 -6.399214152993224000e+16 2.775317697691758592e+18 7.183751597791000000e+16 1.308702284731230720e+17 2.109374361109238500e+15 1.954460144118810800e+16 1.114257113864803712e+18 4.806586569019801600e+16 8.387151989307752000e+16 1.201155100779015840e+17 5.737762737094628800e+16 -5.728457510103253600e+16 1.489484741014723584e+18 8.614240140405040000e+16 5.448747122356531200e+16 -1.300884295259551000e+15 7.559742528332506000e+15 3.548901763954788800e+16 -5.659382991339372800e+16 -1.162411924902707360e+17 4.142629875381859200e+16 7.658334827651767040e+17 1.627911176717729920e+17 1.151071981356903520e+17 -2.568458368063175200e+16 2.283321536684208640e+17 -1.241215409845679200e+17 1.433608310800406560e+17 3.740188822207460000e+16 5.542972546110776000e+16 -2.916084834698086400e+16 1.244664032722160128e+18 4.642101269749792000e+16 8.457352219720270400e+16 4.309304280305922400e+16 2.838906945948336800e+16 -1.348053822325215800e+16 -6.090715399530773600e+16 8.100813359233626880e+17 -1.906052224325213200e+16 1.297088588150801600e+16 6.223854430541436000e+15 6.897688321761164000e+16 -9.987850646778270000e+14 3.040510542331677600e+16 -1.042228288422866720e+17
-1.787107484722389504e+18 -3.623422487923239040e+17 1.595558731778979840e+17 9.491072419355688960e+17 1.445898965334708224e+18 2.707535574339895040e+17 6.082275413038042880e+17 2.594375787244307520e+17 5.493011877517005440e+17 1.892335723525261120e+17 -6.094341451422671360e+17 1.074205539368481408e+18 5.226263479906035200e+17 2.297181814415821568e+18 3.823678044810337280e+17 -1.323913053339250400e+17 5.245774191705544960e+17 1.649936820298731520e+17 1.306415417745453120e+17 1.296426927132213600e+16 4.099750809793815680e+17 5.028802735201367680e+17 2.255082557977364480e+17 2.188723765139756400e+16 2.331193936391901120e+17 8.239154353549379200e+16 1.577504630729916600e+16 -2.429059652368354560e+17 2.404914993826052160e+17 1.267143068400764960e+17 3.699005015968785600e+16 5.264350948142867200e+16 1.524372045302936960e+17 1.451733615162336960e+17 7.027797898508869600e+16 3.175478413164874880e+17 5.219046614529632800e+16 5.955827656023302400e+16 -4.200075202040304800e+16 2.279112692503119360e+17 6.243259717760213600e+16 3.430313497785215600e+16 8.877248764740425600e+16 -3.285721876920742400e+17 1.503538015974619200e+17 2.052881214013720750e+15 3.743799666148939200e+16 9.182471806689784000e+15 3.506759095750602000e+16 -4.031207447188909440e+17 4.672391642604504960e+17 7.031978745776541600e+16 1.412457868894152600e+16 2.253663522974988800e+17 1.547563374572347520e+17 7.182101614867816800e+16 2.759791587051874800e+16 1.198613241260537600e+16 -1.879653033050840320e+17 2.003937666381505600e+17 1.066672380014117440e+17 4.893478166290444800e+16 -1.783859606215466400e+16 -3.404502608577234400e+16 -2.114793773692557120e+17 1.591278602156784960e+17 6.062477645804754400e+16 4.703738662418958400e+16 -2.601491069463126400e+16 -1.283803845283292200e+16 -5.173817427072744800e+16 2.957877042138183040e+17 6.017304311444547200e+16 2.001352836423578880e+17 1.238990328411665280e+17 4.606942332008924800e+16 4.598658321090695200e+16 -1.412669055730285600e+17 6.133904347582433600e+16 5.490576359785927200e+16 4.749399755349207200e+16 -1.508583049813119000e+16 -2.280138177427766800e+16 3.220169115579770800e+16 1.576655698012143680e+17 1.863597093157696800e+16 2.551749624227268000e+16 -9.697495703495534000e+15 3.497850033019252000e+15 -2.435965208815225200e+16 -1.322179082801391040e+17 2.222282872313007360e+17 1.872667074300278400e+16 1.972640840408182800e+16 3.461580583323187500e+15 7.747193657481238000e+15 -1.210435904108016800e+16 1.599332979733914400e+16
9.516909732216067840e+17 -7.441708504578343680e+17 -2.111370259308883200e+17 -3.765026777347829120e+17 5.624256061588717568e+18 -1.123121186491304960e+17 -9.894294877879137600e+16 1.671533802882739520e+17 4.069328611612714240e+17 9.655207069142039040e+17 1.157276636054070784e+18 -1.253425442575840750e+15 3.500915076192382080e+17 3.823678044810337280e+17 2.683877957811164672e+18 -1.168882432919565920e+17 -1.407871929830829600e+16 4.085351683777128320e+17 2.713579661216254400e+17 -7.887993413343539200e+16 -3.462399063766129280e+17 5.045093665080080000e+16 1.796295721108781120e+17 -1.593141430906640320e+17 1.430308122774944400e+16 1.467720418766752640e+17 6.322636257610419200e+16 -1.864720726132168000e+17 -2.578372680532913200e+16 -1.005951406211564000e+15 9.381086340936308000e+15 -1.167737224398965600e+16 5.623217606457079680e+17 2.084830382580723840e+17 6.038276879947016960e+17 9.750388112652736000e+16 5.635538938893809600e+16 2.393567501070365600e+16 -1.826401629076198080e+17 5.455935204181864800e+16 9.853230897827438400e+16 3.868103583850485600e+16 5.486493368483991000e+15 -2.041932936840613440e+17 -6.951827416373680000e+14 1.060738027206137600e+17 6.175431953083823200e+16 4.384925585480673600e+16 -1.601379314594184200e+16 5.420039871079643200e+16 1.181484452626472320e+17 1.433530578320255680e+17 5.746822275893292000e+16 2.396616490076358080e+17 -5.937895491563584800e+16 6.343309757816854400e+16 1.851526213325228000e+16 5.588859364990457600e+16 -1.038698538038172960e+17 -3.991780641278202400e+16 1.466525409426042240e+17 1.734493477139078200e+16 -3.249177766666877500e+15 2.087007258790329600e+16 -2.607462789121869600e+16 -4.204436575913259200e+16 1.013120471088456800e+17 6.366671902773951200e+16 -1.417334786546932000e+16 1.902206202749147600e+16 -9.868134765827030000e+15 -3.605644874769905280e+17 -8.161250264416896000e+16 -2.528970392096168320e+17 6.433765372690191200e+16 5.551553611993874400e+16 -2.411912872246452000e+16 1.759654189635708800e+17 6.227729038578115000e+15 8.770119429532996800e+16 4.752791078376992000e+16 1.264118619672189800e+16 -1.973960707720467200e+16 -3.740192993149728800e+16 -1.750165109444694000e+16 4.887109598971849600e+16 2.990396278350047200e+16 4.057520995317620500e+15 4.198559612318784500e+15 3.480035977250799500e+15 -1.590701610072891520e+17 -2.631839890730186400e+16 7.468823664007089600e+16 6.323782139875689600e+16 -1.364010924184775750e+15 -4.034521038565556000e+16 -3.732367127368431200e+16 2.370853010159779000e+15
1.424621475877050982e+19 4.954804424398735360e+18 3.760355956240918528e+18 -9.775734111182028800e+17 5.827335198918199296e+18 2.431703445493921280e+18 -3.089006697996620160e+17 3.855046183257356800e+18 6.817903658359559200e+16 -1.066396029629776000e+17 1.873234964547116032e+18 2.375131715502448320e+17 2.406238550698737152e+18 -1.323913053339250400e+17 -1.168882432919565920e+17 1.036666025047647642e+19 4.166473764463189760e+17 7.068757351355838400e+16 6.516617736550312800e+16 2.178350688426689792e+18 -2.302528165154109760e+17 -4.960977330999516800e+16 -1.488279410489210880e+17 1.947748734117911552e+18 -7.034254488051099200e+16 3.611922932141969500e+15 3.425342943054714000e+16 3.629252504336168448e+18 -1.909213563578119040e+17 8.478397941218268800e+16 8.589340203610116800e+16 4.987583905151331200e+16 -5.200111320602529280e+17 9.269883480218190400e+16 2.001731691517232896e+18 -5.013466034569872000e+16 -6.218676504694982400e+16 7.194478240512960800e+16 1.616052149233295616e+18 -1.440419113140383520e+17 -3.397571215023993200e+16 -2.813873789556980800e+16 -3.601904746477131600e+16 3.324299129042478592e+18 -1.583493916744490200e+16 -2.112384301832174000e+16 -6.576050908712472800e+16 3.927179655914175200e+16 -6.617283482581081600e+16 3.927052761738256640e+17 -1.024610772975494600e+16 7.317827926887297600e+16 1.899371196876010880e+17 1.381776946105238272e+18 1.869222718670978000e+16 8.561578140063079000e+15 5.593204899723393125e+14 -2.301209879451296000e+16 1.181788192332655872e+18 -1.517676276184409280e+17 8.491350580928561250e+14 2.470913411850693600e+16 2.799351453749752188e+14 5.834077558532117600e+16 3.146694843074697216e+18 -1.338704704813449120e+17 2.416535367022538800e+16 -8.892269798642636000e+15 -3.557198218010217200e+16 2.890054208023974800e+16 4.681682341524762400e+16 1.775801509622039360e+17 -6.516868481892619200e+16 8.398343451440348160e+17 -7.232598108776118000e+15 3.201160079422951200e+16 -2.600134624234936800e+16 3.245139397818969600e+16 -1.336178954113820640e+17 1.285668588155610000e+16 1.626278247210118800e+16 1.417938161058540000e+16 2.674586160029263200e+16 1.296845815673783552e+18 -9.966262454253766400e+16 -2.535353519521108400e+16 7.909048253699413000e+15 -5.337010662827118400e+16 7.015979057673475000e+15 -3.676163951544406400e+16 3.121827714224909824e+18 -6.060294627155376800e+16 8.638551424674560000e+16 1.888896621504709200e+16 3.669723927957743200e+16 -3.069767087836681200e+16 3.437731441045364400e+16 1.441849183337412160e+17
-2.574577295314913280e+18 1.461426812582906560e+17 1.835296507463477440e+17 3.390043177085344000e+17 3.413357018923556352e+18 1.693947105370613440e+17 3.324336976345985920e+17 2.807290894063536320e+17 1.796929904998153920e+17 2.211242772904838720e+17 -2.822810794981549120e+17 2.268141144303383040e+17 1.345028762803349120e+17 5.245774191705544960e+17 -1.407871929830829600e+16 4.166473764463189760e+17 3.128843156852063744e+18 2.776547566119077440e+17 3.522478284144036480e+17 1.326054983627677952e+18 1.460602425442655360e+17 1.649437645161277120e+17 3.675633364383922400e+16 7.089514565394039200e+16 3.913862769950757120e+17 1.046413850671639840e+17 1.268725779768693120e+17 2.170197435349247600e+16 2.111027288446505280e+17 -5.851075131487064800e+16 1.290153025800878400e+17 -3.492135670190705600e+16 8.530852640473825600e+16 -2.248243507621317200e+16 5.025483987191365120e+17 2.114037464298632000e+17 2.280025290843688000e+16 8.598897775290875200e+16 -2.927731648991637200e+16 1.612828618574125760e+17 -8.808841532011628000e+15 1.829465527181828400e+16 2.115445564910138400e+16 7.427256264730188800e+16 2.177005204488170240e+17 -4.909274886512352000e+16 4.829900039735908000e+16 -3.276182807001798500e+15 1.401479424378877400e+16 3.469765155060165760e+17 8.198770556870711040e+17 3.563386868910300400e+16 1.106948223546938880e+17 -2.158821996177359040e+17 1.594826703685183680e+17 -1.781326250830357400e+16 3.662182829870675200e+16 -3.053726454137415200e+16 -7.168772269528598400e+16 1.723921834187365120e+17 3.082569611056066400e+16 7.424001573377776000e+16 -1.450118190122091600e+16 -1.672460364684027400e+16 8.270767329741318400e+16 1.512841975878221120e+17 -8.409156886315783000e+15 3.296243465444827200e+16 -1.139354474642645400e+16 -3.320506381649284800e+16 -5.864220738850333600e+16 5.231413353545731840e+17 1.683049853351483520e+17 2.526025165596293760e+17 6.754053680203432000e+16 4.253610243811900800e+16 3.411386777321710400e+16 6.772558950845153280e+17 1.273162389930978240e+17 7.298196420503763000e+15 4.043497807252032800e+16 -2.574204750958638000e+16 -4.934849322831690000e+15 6.707600694612762400e+16 1.471469148565644160e+17 1.605245036817981800e+16 5.255651218987486400e+16 -3.177699036013268800e+16 -4.670807573427555000e+15 -2.080312453201928400e+16 2.689422400412884160e+17 1.856795260319556800e+17 -2.966060504226106000e+15 3.844794890774435200e+16 1.740520095231482600e+16 -2.293122948272848800e+16 2.621977168743737500e+15 -6.013364122577265600e+16
2.527186669037983040e+17 -3.811764111981677440e+17 -2.593745079559173120e+17 3.835446083117467520e+17 2.852048822276408832e+18 7.256098948455784000e+15 1.097898460339202240e+17 -1.246962666864555680e+17 6.108536726846807200e+16 5.433508670225650560e+17 4.126764280162129920e+17 -2.103025803769201200e+16 2.760113056852581120e+17 1.649936820298731520e+17 4.085351683777128320e+17 7.068757351355838400e+16 2.776547566119077440e+17 1.840738741451941376e+18 5.341652887491976320e+17 4.105430878580122880e+17 7.623928401718915840e+17 8.695589435295076800e+16 4.291698840660801600e+16 9.525710941329299200e+16 4.395660387385292000e+16 2.710602884705280640e+17 1.523153169262370240e+17 7.702752039404796800e+16 1.718501211564781400e+16 6.551459913862940000e+16 1.027420297951750720e+17 2.270193870350164000e+16 3.382202037239903360e+17 2.045829084462538560e+17 3.384931326876574080e+17 -4.590911260651972800e+16 8.854310953415432000e+16 7.150201858257392000e+16 -8.599633606327609600e+16 1.075241139753350800e+16 6.437354955856742400e+16 5.304384810264432800e+16 -9.888833508256336000e+15 -7.764275192010516800e+16 3.970946541575179200e+16 1.987177333096259600e+16 6.370272585912808000e+16 6.727430840647562000e+15 -5.024386565184740625e+14 -2.420457912835555520e+17 5.210750228636768000e+16 6.619389170042145600e+16 6.789401693197415200e+16 4.559615455713456000e+17 -2.923387503669431600e+16 2.494886292391223600e+16 6.822259807792352800e+16 2.468750908006155600e+16 -1.489798602065913920e+17 -1.888623330065349500e+15 5.709000214901724000e+16 4.230742859944155200e+16 -1.507676336529116000e+16 -2.075353059671072000e+16 -6.538215251573831200e+16 -5.154304462115201000e+15 4.618104677374033600e+16 8.733690477028323200e+16 -6.581699726023468000e+15 1.082182333497500875e+15 3.996213935778061600e+16 2.470975073991537280e+17 9.259085242553796000e+15 -4.681937235967010560e+17 3.485877404532962000e+16 3.642815590958077600e+16 1.582554026551762600e+16 4.267920289293541120e+17 -8.432116502421308800e+16 3.378831379421210000e+16 2.191207512770858400e+16 -3.497858965679122500e+15 1.095545694364633200e+16 -1.261781375757714240e+17 -2.371290559066222800e+16 3.279897477769679600e+16 5.995509121382681600e+16 -2.822303967263310000e+15 8.973192811666787000e+15 3.076676674980112500e+15 -2.187414206401288800e+16 1.066855127638191800e+16 3.646853488847512800e+16 3.872063368415895200e+16 -2.332151795605999200e+16 -4.460086230911667200e+16 -1.443554119829351000e+16 1.798705802829762800e+16
-1.878779951866519552e+18 -3.971134944817055360e+17 -2.407083967113060800e+17 -4.923473242346623360e+17 2.342296535679884800e+18 1.277458589764133120e+17 -1.029201069271316000e+17 2.356092982159475520e+17 -1.862395965795956480e+17 5.251197343886836800e+16 -1.884428248685840128e+18 -1.463716264570703360e+17 8.520153516841841600e+16 1.306415417745453120e+17 2.713579661216254400e+17 6.516617736550312800e+16 3.522478284144036480e+17 5.341652887491976320e+17 3.883915752499612672e+18 -3.215941546496703360e+17 9.125879103784135680e+17 2.131282477724762800e+16 3.741395779713350000e+15 1.201125837289827520e+17 4.775642380907802400e+16 1.363013234264951680e+17 3.962900259436086400e+17 -4.698197867775732800e+16 3.156393804162433200e+16 -6.783997142360871200e+16 7.427801249284854400e+16 -1.063783562669393760e+17 -1.139410411961546080e+17 8.386693043330998400e+16 -7.910743896927838720e+17 7.744933151817974400e+16 2.790261457901914400e+16 7.842625976562664000e+16 8.104118740834566400e+16 6.561420103810176000e+16 3.390523983976533600e+16 4.094435254188688000e+16 -1.589367785543164200e+16 -5.852293661754375200e+16 1.625197680786937400e+16 3.558452858704988800e+16 1.135261324904923360e+17 3.642477375904294400e+16 -4.564138296355277600e+16 5.872558835972350720e+17 -6.498656075677844480e+17 -1.419476487481055800e+16 6.492622324017532800e+16 8.227153835274494400e+16 -1.216933793602765600e+16 -2.969252320171132000e+15 4.753888179419008000e+16 6.604843463067424000e+15 5.854917733689105600e+16 6.212050625233486400e+16 -2.412158577907088400e+16 1.057266476040080320e+17 8.193406856375596000e+15 4.069190249986712000e+16 -2.781492126828176000e+17 -1.486936953039641800e+16 9.663886787407212000e+15 7.870148480459105600e+16 -2.875359364416924000e+15 5.977455897581758400e+16 2.156902701124803200e+16 5.578229176728916000e+16 1.926166426244843520e+17 1.731284111224318720e+17 8.532892284630619200e+16 3.728485590801340800e+16 -1.601472582946054200e+16 1.772094920331504320e+17 -3.869994653516635200e+16 8.605928668767295000e+15 4.102676571340892000e+16 1.332695952386500400e+16 3.744367134146611200e+16 -8.360241249627019200e+16 -1.485314448275324600e+16 -9.677595066300640000e+15 7.169954642765272000e+16 4.341589384868960000e+15 2.488951946442426000e+16 1.217738746811307400e+16 -1.197426583099959680e+17 2.877907697747456800e+16 3.738276300449213600e+16 3.913187627009069600e+16 8.734423908546964000e+15 -4.493429342817285000e+14 2.419567078721230400e+16 1.877886281291102800e+16
1.041950549565992346e+19 -9.780915563194781696e+18 1.112407133622972544e+18 2.779390722500711936e+18 1.922704410628528128e+19 -7.952500655733357568e+18 -1.326891830453159424e+18 3.231875005273069056e+18 1.269196321518398464e+18 1.241266081044436224e+18 -2.888721416681327104e+18 1.382832252691440640e+18 -2.280012260387136768e+18 1.296426927132213600e+16 -7.887993413343539200e+16 2.178350688426689792e+18 1.326054983627677952e+18 4.105430878580122880e+17 -3.215941546496703360e+17 3.132032195377777213e+20 3.928121430102521600e+17 2.391291547512908800e+18 5.096905503510620160e+17 2.597488080014702720e+17 8.423559313216656000e+15 -1.748526621326768960e+17 -2.539437025390246720e+17 1.186381162312794368e+18 8.349785352145036800e+17 1.170325562167859520e+17 -4.128715700393859200e+17 -2.073397986494608640e+17 2.825380020160168448e+18 1.670089754496532800e+16 -7.274385592804382720e+18 -1.905152617069909440e+17 3.528377226753281920e+17 1.467607372408766800e+16 -6.948545131937185280e+17 2.579466745627407360e+17 -4.184777168336004800e+16 3.338315177918159360e+17 -9.194625012389891200e+16 2.058370175110083072e+18 3.901506240725447680e+17 1.208766385081553408e+18 6.997614281134436800e+16 -3.503275502670144000e+17 -7.729672158276386560e+17 9.029136816067104000e+17 1.857218292148162560e+18 1.407151085171646720e+18 5.986377849219032800e+16 4.111544139689358720e+17 6.235374848537054720e+17 3.290283444916878720e+17 -1.417547686904270400e+17 -1.125593513562698560e+17 5.755906751779216640e+17 4.325731456601030400e+17 -5.013659197294388800e+16 -1.390151617569713600e+17 -1.630401825246281600e+17 1.221416464960294080e+17 1.240895895041369856e+18 2.954804039746105600e+17 -2.969526070674984800e+16 -2.980082327568145920e+17 -1.653431912317325440e+17 -1.395550380258646240e+17 -4.643167077827264800e+16 3.314675249432993920e+17 -4.995425206375039360e+17 1.887724715507027200e+18 -8.989342170690927360e+17 -4.554749712190301440e+17 -3.332547775407509760e+17 2.186606100615879360e+17 1.588423124515601250e+15 -2.073043244638869440e+17 -1.248230545611381920e+17 7.093608477226542400e+16 2.764438159266763500e+15 -6.473133070986732800e+17 -5.057564521019227200e+16 -1.869701608174614720e+17 4.881083909699918400e+16 -3.614458819269160960e+17 -2.109333533180295040e+17 -4.556115745137058400e+16 1.958716411810322432e+18 4.980044978550030400e+16 6.418290831740407000e+15 -4.440252323749585920e+17 -3.565961018239543680e+17 -2.763193194888924800e+17 -2.584660324268911360e+17 5.168382295749005600e+16
-3.803046729380492288e+18 9.568715735828400128e+18 2.617426306207548928e+18 2.151817657928423936e+18 2.971456895237106893e+19 3.638147771413834240e+18 -3.103098453584816640e+17 5.655994124625075840e+17 -2.849125751901881600e+17 1.189243261542602752e+18 3.795157194996873216e+18 -5.350325867173960960e+17 3.684709836905357824e+18 4.099750809793815680e+17 -3.462399063766129280e+17 -2.302528165154109760e+17 1.460602425442655360e+17 7.623928401718915840e+17 9.125879103784135680e+17 3.928121430102521600e+17 1.649538015872321126e+20 1.984173334931162112e+18 -4.629267921968558400e+16 2.665212361135858688e+18 -5.591373891333733120e+17 -1.313075215660242240e+17 3.007670907579809280e+17 -8.196484238242959360e+17 -1.535009018024222080e+17 -1.456659202385585920e+17 -2.632028453397911600e+16 -2.157790321435991040e+17 2.401234782915045888e+18 3.098566501732472320e+17 5.152462007450544128e+18 -8.736962617001882880e+17 1.566167230944890560e+17 4.933106385043882880e+17 7.092570231232309760e+17 4.567888409736770560e+17 1.975757699170583040e+17 3.968566774201792640e+17 6.529387252896899840e+17 -6.028569061663052800e+17 1.227666715715617600e+17 -1.169012589929686200e+16 1.228852691823886560e+17 2.177598443253152960e+17 5.672494030619667840e+17 -3.567872061989080576e+18 -1.069171297035271520e+17 6.491061821156948800e+16 2.381670236303653120e+17 4.330389064592305152e+18 -4.874968777716373600e+16 -3.193668914720330240e+17 1.163451711242832960e+17 2.435959711318867200e+17 9.360522541476256000e+17 5.186233898763678080e+17 2.921948305487272960e+17 2.726128500124299840e+17 1.200192238891122880e+17 -7.585414006693472000e+16 5.966595765429175040e+17 4.059259019575028480e+17 -2.158534939765670080e+17 3.712813374286266880e+17 5.526649835613549440e+17 2.869124611600928960e+17 1.770521343823068160e+17 5.601931806090909440e+17 2.891118533892361600e+17 -4.186457639636604160e+17 5.026608513933964800e+17 -8.135442786657486400e+16 3.311141166369708400e+16 3.111879034061103616e+18 3.484020229952114560e+17 2.959857054621891840e+17 9.738839207121166400e+16 6.076908739119092800e+16 1.983810648218345280e+17 1.318071065922202880e+18 5.284655879471260160e+17 3.811972325918079360e+17 2.651868670238829760e+17 2.465275291712143040e+17 2.636937372399346560e+17 -1.287021041282128640e+17 1.254199518055202400e+17 1.155075892149569600e+17 1.767810655623808960e+17 -1.358544682246223600e+16 -1.793266094054907520e+17 -7.376256834388220800e+16 4.384234067635137600e+16 -8.528245086750791680e+17
2.546325877566030848e+18 3.649901972087253120e+17 5.497707150178249600e+17 1.214880037237270784e+18 7.204131094490725376e+18 1.261243354622088640e+17 5.394759732160248960e+17 2.271840774746147200e+17 2.806096503248194880e+17 -1.126950623747962240e+17 1.304701478115871232e+18 3.092033841374122240e+17 1.277399885212098400e+17 5.028802735201367680e+17 5.045093665080080000e+16 -4.960977330999516800e+16 1.649437645161277120e+17 8.695589435295076800e+16 2.131282477724762800e+16 2.391291547512908800e+18 1.984173334931162112e+18 4.245106258267104768e+18 4.245185448287515520e+17 -1.573049396518106880e+17 3.840410898504816000e+17 4.077639038262740000e+16 3.143660403462361200e+16 -1.220467716967960400e+16 1.890995807091331200e+17 8.400869280517155200e+16 1.511672872174660000e+16 3.102647177020230000e+16 1.555295793356221184e+18 2.908350269485308160e+17 5.337230449520864640e+17 2.279887611748417280e+17 1.160291138085770400e+17 6.731589738305520000e+16 -3.500465153373839200e+16 1.193151887994133280e+17 4.267287719223468800e+16 3.273012656501883200e+16 6.894083888929365600e+16 -1.063958726157507360e+17 1.488217178878333760e+17 4.279053740815617000e+15 4.042209686617910400e+16 7.830819299306017600e+16 6.639673020554740800e+16 -2.271830812063265280e+17 4.061510883519529600e+17 -3.835623767155600000e+16 -8.481825281013545000e+14 -9.018953034813747200e+16 4.142609826942255200e+16 8.565094933726670400e+16 3.464083957110145600e+16 6.153513096534512800e+16 -2.095958081069634240e+17 1.312511660718412480e+17 8.213338668831835200e+16 -2.154017285651667200e+16 4.403809992753802000e+15 -2.434642263858822800e+16 -7.772594250374918400e+16 9.824142621090388800e+16 4.214414986811276000e+16 1.702621518065425800e+16 -2.788101651469878800e+16 -2.226927446303693600e+16 8.849631884575017000e+15 3.999416692210996800e+16 7.651767686550499200e+16 -1.724847105375021000e+16 7.427868460850673600e+16 7.163077428782140000e+16 8.188957740162227200e+16 -5.056133307980366080e+17 1.848064445320842560e+17 4.069551184459909000e+15 4.646013015822930400e+16 4.025797896222028800e+16 -5.905524701550063000e+15 1.071382914709402560e+17 1.526264818541997440e+17 4.294215380017226400e+16 2.487670900343523200e+16 3.804369916394584000e+16 2.386463520082275600e+16 3.019274961859970400e+16 2.761079839540861200e+16 2.003533845120773440e+17 8.151719750883996800e+16 1.022066443788822200e+16 -2.404123073399752500e+15 4.786448826679747000e+15 1.600727585226332600e+16 1.110460380369513760e+17
3.914469977590533120e+17 -5.750767621767918720e+17 -3.541499261715960960e+17 2.525073423296511680e+17 2.552258704758057472e+18 3.285406026623535500e+15 2.643758154997978880e+17 -6.756061803423962400e+16 -8.663396665839981000e+15 -1.748262344965185280e+17 2.769114268739860480e+17 3.078683787356422800e+16 2.105491896858576000e+17 2.255082557977364480e+17 1.796295721108781120e+17 -1.488279410489210880e+17 3.675633364383922400e+16 4.291698840660801600e+16 3.741395779713350000e+15 5.096905503510620160e+17 -4.629267921968558400e+16 4.245185448287515520e+17 1.946333567714650368e+18 -1.325802571993783000e+16 6.057223274007996800e+16 1.474825804266231680e+17 -1.754463075893072800e+16 -1.040974279591452640e+17 9.974535955084230400e+16 -1.065667047229021000e+16 7.733511378577248000e+15 -9.650523596875646000e+15 4.560146831748970880e+17 4.063860455864434560e+17 -2.432445338538123840e+17 8.363256292883518400e+16 1.473367609860773440e+17 -2.966102631909416400e+16 1.083176644546638560e+17 -8.962761133464132000e+15 5.467170161001407200e+16 2.234328029582358000e+16 4.726496074163936000e+16 -1.565238057122048320e+17 -2.846740244923468400e+16 3.179115212891126400e+16 -2.105203095254494000e+16 1.766330307364619000e+16 2.322380887517746800e+16 9.592455750156838400e+16 6.698684020488907520e+17 1.044992022107760320e+17 7.266659037361199000e+15 1.868646627853479040e+17 6.824918527046000000e+16 6.357742900281783200e+16 1.376304034730328800e+16 -6.626146480474247000e+15 -2.735027992917448800e+16 6.875578800558828800e+16 4.530628627487725600e+16 -1.440385871426176000e+16 2.704972068467353600e+16 3.138285681553475500e+15 7.295238871744872000e+16 1.020164808074911680e+17 1.029743975561320320e+17 9.793418206478234000e+15 3.161446738582540000e+16 -1.084150836482999600e+16 -3.426461488597372000e+16 8.166671627294161600e+16 5.483585113533613600e+16 -5.885419223770277600e+16 1.197318778096052320e+17 5.625302806121378400e+16 2.768441622736286000e+16 1.190371747276938880e+17 6.037288442827982400e+16 5.542267418518852800e+16 -7.453036987392193000e+15 2.247037333253545200e+16 2.246364641200928800e+16 3.579633450039026000e+16 6.322112008481303200e+16 7.670898325340028800e+16 3.386364202005019600e+16 2.330382382859055200e+16 2.399448565678013000e+15 -1.672581741002967600e+16 -2.033709095194975200e+16 1.488597246352085250e+15 5.728098956967950400e+16 3.080707254593356500e+15 -4.508322104784816000e+15 -2.085117180368761200e+16 3.811992422772600000e+14 3.823551199028240000e+16
5.474265086730764288e+18 3.463976638821299200e+18 2.144024714682746368e+18 9.714891543050694400e+16 -3.156358848744758272e+18 1.686164875664324608e+18 3.368949974879710720e+17 1.201376602956207616e+18 3.057184422390197760e+17 -1.197363732408556160e+17 -3.113576604510361600e+17 5.520807093205355520e+17 1.354031977958289664e+18 2.188723765139756400e+16 -1.593141430906640320e+17 1.947748734117911552e+18 7.089514565394039200e+16 9.525710941329299200e+16 1.201125837289827520e+17 2.597488080014702720e+17 2.665212361135858688e+18 -1.573049396518106880e+17 -1.325802571993783000e+16 6.364145008916425728e+18 1.159667646842438240e+17 1.245071024025223840e+17 1.099021810153089280e+17 1.854516900897573120e+18 -6.760211413149172800e+16 1.848445072258519040e+17 -3.174792605014244000e+16 8.423735074125219200e+16 -3.274210901694552320e+17 -7.194258190738672800e+16 7.551046461681895680e+17 9.380255941913680000e+16 3.755088238655502500e+15 8.277265884078268800e+16 1.339830584354293760e+18 3.802271043133498400e+16 -3.225585369737173600e+16 4.158927859743044000e+16 2.882103633978364000e+16 1.084912335972001536e+18 -5.398371671009455200e+16 -2.451426704237116400e+16 2.459467119476398800e+16 -2.295822881844099200e+16 5.833414256742384000e+16 1.403813520552536480e+17 -1.007023765689776128e+18 1.148317030868758240e+17 7.144524803410684000e+16 1.132304448875167104e+18 3.021397792096080400e+16 -2.189754408460565200e+16 2.423916213536979200e+16 -1.880189367447847200e+16 1.293645600843963392e+18 -6.711756716210787000e+15 2.958052229038978400e+16 3.596017864940598000e+16 -3.886174122026066400e+16 6.008457610181274400e+16 1.081604743741199744e+18 3.836686419848390400e+16 4.358920881433080500e+15 -1.599337780533048400e+16 7.244672098062028000e+15 2.459257463944086400e+16 5.473233829542602400e+16 1.156521560193350144e+18 2.736960724668297000e+15 6.961735297373744640e+17 -7.990263699181572800e+16 8.154370233601830400e+16 5.144918323841398400e+16 6.234651730676698880e+17 -1.015805197060864000e+17 -4.931118889701220800e+16 -8.079472758433431000e+15 -3.102893545788392400e+16 -4.578992159509502400e+16 1.122149934564555904e+18 -1.224318767001849600e+16 -2.944224770923241600e+16 1.419314160858376200e+16 -3.365333964731218400e+16 -2.862569193943013600e+16 1.490864752689773200e+16 9.711076997696807680e+17 -1.489295721421626600e+16 -1.587902477857631400e+16 -1.005572024345940600e+16 -4.254198140023566400e+16 -3.287041608701027500e+14 -9.705380290336790000e+15 1.086513479151785120e+17
-8.558800746545574400e+17 1.464292936100720640e+17 -1.160399346342221440e+17 1.934534023332367680e+17 6.770823731988192000e+17 -1.214774487317208800e+17 4.789203081408965120e+17 1.069968927067978080e+17 1.233278740739442560e+17 -8.121002159291606400e+16 5.779272046601171200e+17 3.380375255167193600e+17 -1.743108602983815400e+16 2.331193936391901120e+17 1.430308122774944400e+16 -7.034254488051099200e+16 3.913862769950757120e+17 4.395660387385292000e+16 4.775642380907802400e+16 8.423559313216656000e+15 -5.591373891333733120e+17 3.840410898504816000e+17 6.057223274007996800e+16 1.159667646842438240e+17 1.294311722448403712e+18 9.793799261154553600e+16 7.170607533867076000e+16 -6.272725616774211200e+16 2.861076364930670720e+17 6.040683525721797600e+16 5.055680854766582400e+16 -1.190981279985294200e+16 5.233231187398177920e+17 4.544536664068840800e+16 3.794710910516281600e+17 3.016627249367004160e+17 6.695596443309073000e+15 2.926959929116401600e+16 -1.326810094603117120e+17 1.906501684194204480e+17 -1.695462713184033500e+15 3.121025077070031200e+16 2.703385964441987600e+16 -1.699356563693241920e+17 1.780834247043417920e+17 -1.815843489932334000e+16 -1.241866056944192000e+15 1.590483009776059600e+16 -4.928329438093641600e+16 6.094862361438128640e+17 3.776433700747767040e+17 1.527720576145559400e+16 1.988449949581674750e+15 -1.522968161900505600e+17 1.448993515818337600e+17 -1.599968252875808200e+16 5.925227409264149600e+16 6.253295597162604800e+16 -6.971730917037630400e+16 1.816753441316180800e+17 3.313350379077933500e+15 1.652972917831316200e+16 1.337106678625256600e+16 -2.631410081229408800e+16 -1.447208337663173120e+17 1.859449799599094720e+17 -3.330668071375680000e+16 3.608366538387828800e+16 -7.095541380471604000e+15 -1.831800683035161600e+16 5.158570222095657000e+15 -3.226327948625001200e+16 7.283913918298737600e+16 -2.595162704136701200e+16 -1.069964466764732000e+16 5.212987287861260000e+15 3.602821004033560800e+16 3.823518918538604160e+17 1.083533210850336800e+17 -1.336448644073869250e+15 3.549240086425318800e+16 1.794876406742332200e+16 -2.899800274457719600e+16 -8.937795887102986000e+15 1.068888827997387520e+17 -1.180444205295326000e+15 -3.772723766219861875e+14 -6.371960522754995000e+15 -2.337003361584864800e+16 1.548032704938364000e+16 -1.308196149654564480e+17 1.392443064629204960e+17 7.212085191525020000e+15 8.479531167597795000e+14 8.624184892567230000e+15 -1.060791698230932400e+16 1.073263077382611800e+16 -2.544688078966461200e+16
5.831225418194656000e+17 -7.725501816444944000e+16 -1.878251856910220800e+17 1.169994719222928320e+17 2.015041858967293696e+18 -3.822071136068317600e+16 -7.304060022153012800e+16 4.505655821846444800e+16 7.416199218211896000e+16 6.358093198666540800e+16 4.684796674510004480e+17 -3.351805747044379200e+16 5.517192891865022400e+16 8.239154353549379200e+16 1.467720418766752640e+17 3.611922932141969500e+15 1.046413850671639840e+17 2.710602884705280640e+17 1.363013234264951680e+17 -1.748526621326768960e+17 -1.313075215660242240e+17 4.077639038262740000e+16 1.474825804266231680e+17 1.245071024025223840e+17 9.793799261154553600e+16 6.610523465249058560e+17 1.193195673751514080e+17 1.466710265105184000e+17 7.249399807559688000e+16 1.346235103586370400e+17 8.430583314343796800e+16 6.754313121411564000e+16 5.050907979303749120e+17 1.690819042254862400e+17 1.749987976731887040e+17 4.346839153391113600e+16 1.074185127804841440e+17 8.534467756000859000e+15 -1.455935449921408000e+16 4.190981343577656000e+16 4.140487704120413600e+16 4.357912795450442400e+16 5.598787300250238400e+16 -3.970137540167763200e+16 1.655916723149835200e+16 3.723902923100651875e+14 7.639922866285554000e+15 2.812272225280406400e+16 -5.872023069896289844e+13 -1.489566762313867520e+17 1.016266733246946400e+17 1.051090389389473440e+17 1.506003565319096000e+16 -2.577668444661028160e+17 1.805981681211429200e+16 5.209909603601261600e+16 6.445378850240764000e+16 3.499456533464798400e+16 -5.706730278211108800e+16 -2.156244502733640500e+15 3.126263577154860400e+16 3.783755298698851200e+16 3.836267919544246000e+15 -1.814321119234775200e+16 2.240481516054655200e+16 2.255062947229651600e+16 5.458911815745059200e+16 4.235685083321608000e+16 9.031844726863510000e+15 -1.086081376321097000e+16 1.259842410301433500e+15 7.443023709252868800e+16 6.165557120024216800e+16 -3.446668839208335200e+16 5.266813766026148800e+16 3.897086042518985600e+16 3.638813796040561500e+15 -1.338181824000597280e+17 -1.421933023890413400e+16 5.301921204302140000e+16 3.502594529360506000e+16 2.352027690186071600e+16 -6.164451674716888000e+15 1.255414362238710400e+16 -1.186192591475731600e+16 3.045717529061361600e+16 2.302311876872946800e+16 8.530509703225041000e+15 -4.928982726112842000e+15 -2.224659692309134000e+15 3.858607371108753600e+16 -2.079659473770502800e+16 2.858869546073316000e+16 1.585940724972948400e+16 -6.124125535625778000e+15 -1.609701484911194750e+15 -2.932802074857396500e+15 1.862717974021498500e+15
-2.564639463440432000e+17 5.633209818747276160e+17 -3.405905623550489600e+17 1.455124161016181000e+15 2.242870679254973952e+18 -1.524856953700466880e+17 -5.233828294420922400e+16 -9.253518756249616000e+15 -4.729195423530119200e+16 3.063329248313916800e+16 -4.751317182623092480e+17 -4.396683815071043200e+16 4.231993639263387200e+16 1.577504630729916600e+16 6.322636257610419200e+16 3.425342943054714000e+16 1.268725779768693120e+17 1.523153169262370240e+17 3.962900259436086400e+17 -2.539437025390246720e+17 3.007670907579809280e+17 3.143660403462361200e+16 -1.754463075893072800e+16 1.099021810153089280e+17 7.170607533867076000e+16 1.193195673751514080e+17 9.768497589931984640e+17 1.095093248722717760e+17 1.829144772431243200e+16 5.291272638886690400e+16 2.313349525206667200e+17 8.581593819767774400e+16 1.883412603234332800e+17 1.060594304140945280e+17 -6.999703199105289600e+16 3.806414116297061600e+16 3.250687206223000000e+16 1.359999359807909760e+17 1.150569985940297400e+16 7.454987205321139200e+16 3.803840766231645600e+16 6.628028813089084800e+16 1.948768457463794400e+16 -1.410133087222614000e+16 -3.467909137993789500e+15 2.710977051953537600e+16 7.888396124976612800e+16 4.451169715295144000e+16 2.125989395287258400e+16 -9.876923797900824000e+16 2.306292519017125120e+17 6.082907947707120800e+16 9.662809196387403200e+16 -5.066771085850023000e+15 2.745435575022425600e+16 1.598737823154976600e+16 7.668987458965812800e+16 5.121729053835408000e+16 3.102030300966758400e+16 2.969192658658049600e+16 8.984314902802354000e+15 7.403095037945464000e+16 1.537577809141671400e+16 7.770947763013667000e+15 6.510162702810024000e+16 1.915321687715335200e+16 2.532092382471120800e+16 2.304577046503857600e+16 -1.441858772161471200e+16 -2.026493003245862800e+16 1.224996921643381600e+16 3.795470840826684160e+17 9.423766360161827200e+16 -1.490074547698959360e+17 8.704292464961720000e+15 4.799948060739289600e+16 2.734945733102451500e+15 4.321964332525382400e+16 -3.162819692420682400e+16 -3.241817375357191500e+15 2.866417330073064800e+16 1.344168040143470400e+16 2.261345930989842800e+16 4.378699363761677600e+16 3.699234877912889600e+16 1.413571914459819600e+16 3.896041344345076800e+16 -5.335566611744788000e+15 -2.183357086098736000e+15 3.181755706126010000e+15 5.855435669502842400e+16 3.215713026469386000e+16 2.477244449604370800e+16 4.084547952264881600e+16 -5.362040803197626000e+15 1.197926759508485000e+16 6.952493310021001000e+15 1.161059041917562600e+16
1.182067365447788749e+19 3.486194683276854272e+18 4.080480893296705536e+18 -3.112223792513729280e+17 -2.741234473311750656e+18 2.078443825110225664e+18 -6.271547474851477000e+15 3.952681375311156736e+18 3.698981606495847200e+16 -4.997839029076499200e+17 1.208847404245400960e+17 -2.446850325065780800e+17 1.586229520100834304e+18 -2.429059652368354560e+17 -1.864720726132168000e+17 3.629252504336168448e+18 2.170197435349247600e+16 7.702752039404796800e+16 -4.698197867775732800e+16 1.186381162312794368e+18 -8.196484238242959360e+17 -1.220467716967960400e+16 -1.040974279591452640e+17 1.854516900897573120e+18 -6.272725616774211200e+16 1.466710265105184000e+17 1.095093248722717760e+17 7.152761023722739712e+18 2.362620569880945920e+17 2.900131593701024640e+17 4.090799025976347200e+16 1.640055607969941760e+17 3.603992951642985600e+16 9.875473296804225600e+16 1.106129674053179776e+18 -5.540917539023953600e+16 -6.384695517456165000e+14 3.526406012383323600e+16 1.782507993995947008e+18 -3.094844757407132800e+16 7.718413772763089600e+16 2.749088000474417200e+16 6.053561278110933600e+16 3.241622267728571904e+18 -2.329952107647707520e+17 2.862598147891617600e+16 2.520848917449609600e+16 -5.762268324425822500e+14 -1.432130184078904800e+16 4.603176714853217600e+16 -9.184819967163622400e+17 7.221982333292860000e+15 1.451003684030981120e+17 1.196764962512531200e+18 -5.123262637168026400e+16 1.485325107784714400e+16 -2.182032451826708800e+16 8.170074152266851200e+16 1.089044354220032896e+18 -4.860703400186424800e+16 -3.473918596190738800e+16 7.169994908432874400e+16 1.608191383417259600e+16 4.188216279246394400e+16 2.918006390103097344e+18 -7.929799272258659200e+16 3.649968747553924000e+16 -3.160131667254527600e+16 -4.919823406261923000e+15 -9.296511469060526000e+15 1.305428130379262080e+17 1.229510087627065760e+17 4.089975510415482400e+16 3.288232421314254720e+17 7.675594278386193600e+16 7.572534831365497600e+16 1.457855410694542750e+15 1.010047791612175744e+18 -3.496502230820816800e+16 5.917318423076518400e+16 7.397406565668534000e+15 2.615604069676799200e+16 1.762883607385680400e+16 1.039386032898876800e+18 -4.391165012805444800e+16 1.379444374127009800e+16 1.532533616591395600e+16 1.223988648203961000e+16 -2.946813888053942400e+16 4.358941001352934000e+15 2.588738824822264320e+18 -8.517268007228792000e+16 3.799408910638613600e+16 6.268195989712467200e+16 3.157967884064297500e+15 5.182008171473800000e+15 -1.030917732822024800e+16 -2.856267759691580800e+16
3.881172588572455680e+17 -3.146310699704535040e+17 3.057625577309827200e+17 2.205867262781611520e+17 1.694149257310855168e+18 7.276630486355558400e+16 2.903588265063449600e+17 3.039717560976913280e+17 1.694477225777570240e+17 -5.483812141556160800e+16 6.167462281143136000e+17 1.748949604011263040e+17 -1.910636481759126080e+17 2.404914993826052160e+17 -2.578372680532913200e+16 -1.909213563578119040e+17 2.111027288446505280e+17 1.718501211564781400e+16 3.156393804162433200e+16 8.349785352145036800e+17 -1.535009018024222080e+17 1.890995807091331200e+17 9.974535955084230400e+16 -6.760211413149172800e+16 2.861076364930670720e+17 7.249399807559688000e+16 1.829144772431243200e+16 2.362620569880945920e+17 1.696041517497241088e+18 1.273807142365170880e+17 2.249211040440317200e+16 3.990323310786340800e+16 8.149368220066740480e+17 -3.400385903112478800e+16 -6.668958121083047680e+17 9.110345056266483200e+16 4.647800334742557600e+16 -7.683109675905270000e+15 -7.046460513098247200e+16 2.582614724719179200e+17 5.178860798368668800e+16 3.084322250257964400e+16 3.893900192923987200e+16 -1.541078611031128640e+17 1.681436044310800000e+17 1.559257161045225000e+16 5.945590829726758750e+14 1.517452571756417200e+16 7.762736317849462400e+16 1.791612774366206080e+17 5.915620223020058880e+17 7.113316798989521000e+15 3.892728549522258125e+14 -7.822553997866336000e+16 1.139857439586283840e+17 3.412010026678930000e+16 7.285716301802632000e+16 3.263013761131812800e+16 -4.683660381062331200e+16 8.762917004582619200e+16 9.696319534701048000e+15 -2.414561902114103600e+16 -3.860669375060140000e+15 1.794492595194485600e+16 -8.180767684118664000e+16 1.043842704516396800e+17 -2.015361480481074400e+16 -8.867905720178155000e+15 -1.023646640239826600e+16 1.026713321854595200e+16 -2.096980255862575000e+14 2.341933287982061760e+17 1.122735445856722720e+17 3.716374622379115200e+16 2.298930176200216400e+16 6.685930686035169000e+15 6.357467992269722000e+15 2.672751984917637760e+17 4.744103368088041600e+16 -2.060695949334276400e+16 7.226835065086866000e+15 8.320626829099986000e+15 1.239476514639008600e+16 -4.895585945677508000e+16 7.769501074238160000e+16 -2.376166226363913500e+15 -2.200794566779295000e+14 6.557844312597490000e+15 -2.190020866362085200e+16 -1.969169921783853500e+15 -1.137662061255521600e+17 9.804943321233888000e+16 3.632609347743275200e+16 2.924804927164161600e+16 2.531304498355765000e+15 -1.415875795925917800e+16 -6.813732633001280000e+15 -8.501701527905778000e+15
-3.530508497163975680e+17 7.197927232874472960e+17 2.583003559164900160e+17 2.829488458737976640e+17 1.859918328764694272e+18 4.570920975156030720e+17 1.081091952072092960e+17 1.514135769874579840e+17 -3.660215016681038400e+16 -6.006219038203236800e+16 -8.831269370978792960e+17 -1.883184497573410800e+16 2.729395704052825000e+15 1.267143068400764960e+17 -1.005951406211564000e+15 8.478397941218268800e+16 -5.851075131487064800e+16 6.551459913862940000e+16 -6.783997142360871200e+16 1.170325562167859520e+17 -1.456659202385585920e+17 8.400869280517155200e+16 -1.065667047229021000e+16 1.848445072258519040e+17 6.040683525721797600e+16 1.346235103586370400e+17 5.291272638886690400e+16 2.900131593701024640e+17 1.273807142365170880e+17 9.163543461600556800e+17 8.037622397711750400e+16 7.799581234064051200e+16 4.555680215131766400e+17 6.311468604917184000e+16 1.957633875008096320e+17 6.366107281454157000e+15 4.830915611430624800e+16 2.002415174795191200e+16 3.797945483116726400e+16 3.495069889425163600e+16 8.729509514749340800e+16 3.892593764887130400e+16 6.807186902476388800e+16 6.300716000126838400e+16 -2.250419982147665600e+16 4.699567095408247200e+16 -5.004091517734106000e+15 2.321972414312554800e+16 1.503474315896196800e+16 1.206979068668873120e+17 8.968204314613560000e+16 3.107976268284693200e+16 1.745214995704930600e+16 -7.828135831153033600e+16 4.040110792226013600e+16 4.737141644096144800e+16 4.498746903242832000e+16 5.149457243907064800e+16 5.047306365054296000e+15 1.884310029225120400e+16 1.799155080757947800e+16 7.182588052690281000e+15 1.048656134792543000e+16 -2.953618922996589200e+16 1.474626790816135360e+17 1.730972446969248000e+16 -8.564885142421583000e+15 -4.074254951354161500e+15 3.059593768625105000e+15 -1.877467035946684000e+16 2.006395919801730800e+16 -1.301189257737751680e+17 2.798124020191795200e+16 -7.419011945931243200e+16 4.074719613802279200e+16 6.065853014202488800e+16 4.554307539618865600e+16 1.635429210533336640e+17 9.440483018601576000e+15 9.470386495493946000e+15 8.462753827753273000e+15 3.295936510385764400e+16 -3.908797244105329000e+15 1.884555183770566800e+16 -2.353962168092108000e+16 1.758487254913412400e+16 1.637234227137779400e+16 2.913761964773560400e+16 -4.586950799785454000e+15 1.274138000801437400e+16 7.488254150274017600e+16 -1.029038957768848400e+16 1.197852326753218600e+16 7.519205972933317500e+14 2.448302644605122400e+16 -4.311836682386504375e+14 1.060291632533976400e+16 1.662663251643483200e+16
1.298574382836908544e+18 3.262133683615969280e+17 -1.598219982454654080e+17 -1.785859173151386240e+17 2.344358542955895296e+18 -3.309772182388558400e+16 4.682866930182011000e+15 1.681561623592715520e+17 -9.755655920135340800e+16 1.058256248854092960e+17 2.494740349193827840e+17 -2.081812051881954880e+17 9.035910123378320000e+16 3.699005015968785600e+16 9.381086340936308000e+15 8.589340203610116800e+16 1.290153025800878400e+17 1.027420297951750720e+17 7.427801249284854400e+16 -4.128715700393859200e+17 -2.632028453397911600e+16 1.511672872174660000e+16 7.733511378577248000e+15 -3.174792605014244000e+16 5.055680854766582400e+16 8.430583314343796800e+16 2.313349525206667200e+17 4.090799025976347200e+16 2.249211040440317200e+16 8.037622397711750400e+16 7.227530258214307840e+17 2.077030438682080960e+17 -1.181085535099436960e+17 1.388263135709073400e+16 2.703103126438469760e+17 3.092852235075504400e+16 2.875854966543324800e+16 5.567437235917112000e+16 1.488902085097546750e+15 1.040159932726599000e+16 2.236605539908236000e+16 8.918645055759328000e+16 5.307548413527477600e+16 -1.151865353088006200e+16 -6.189711544930156000e+15 7.999299967419586000e+15 3.492984284519401600e+16 4.774861200032703200e+16 5.922770441478317600e+16 2.398575342898143360e+17 -1.017603165624842600e+16 5.041178242630150400e+16 3.607828977545869600e+16 1.194341910653110080e+17 -4.454399005751800000e+15 3.370374937357124800e+16 6.467658730045415200e+16 6.523889203807643200e+16 2.454042555582170400e+16 3.510082385928601200e+16 1.002656789626557000e+16 3.916997906379284800e+16 2.479965323576010400e+16 -1.109534418463890000e+16 -1.172646764833426400e+16 3.639019368053648800e+16 7.170379480773123000e+15 3.900057424894448000e+16 1.328063980570611800e+16 -1.556949884265790250e+15 -6.572771690841318000e+15 1.825447322295959360e+17 5.530876704534849600e+16 -3.713390721265734400e+17 2.022251568287937600e+16 5.418044322968910400e+16 3.189010185961926800e+16 3.780176485832429440e+17 2.886291627477924500e+15 1.198306377218816200e+16 1.668318343549430800e+16 2.198002146894958000e+16 -1.160157844850571200e+16 4.690543032160787200e+16 2.155250017108202400e+16 2.185670905776435600e+16 3.501270360526124400e+16 2.032193128611751600e+16 -1.051598478842447800e+16 2.448184321434115500e+15 7.137875594957752000e+16 -1.146419811476960000e+16 -2.234494264532478500e+15 5.723974355190726400e+16 8.251456378863830000e+14 -3.510908501962530500e+15 -2.953634593990515500e+15 -1.155584241867113600e+16
6.054203220371970560e+17 6.523012667267815680e+17 2.480521677548170560e+17 -1.320576732922477440e+17 2.171618989882804736e+18 -1.940816056575890240e+17 1.353132901231907360e+17 9.356231278998780800e+16 -3.010215403818950400e+16 -7.262780030740003200e+16 3.115955056307296640e+17 3.396602684912994560e+17 -2.293800138584312000e+17 5.264350948142867200e+16 -1.167737224398965600e+16 4.987583905151331200e+16 -3.492135670190705600e+16 2.270193870350164000e+16 -1.063783562669393760e+17 -2.073397986494608640e+17 -2.157790321435991040e+17 3.102647177020230000e+16 -9.650523596875646000e+15 8.423735074125219200e+16 -1.190981279985294200e+16 6.754313121411564000e+16 8.581593819767774400e+16 1.640055607969941760e+17 3.990323310786340800e+16 7.799581234064051200e+16 2.077030438682080960e+17 1.571461916718639616e+18 4.904179388109299200e+17 -1.078333833485491400e+16 -9.035007564184596800e+16 -3.771137338712123200e+16 2.658893209496015200e+16 -4.247332882793610500e+15 1.193992959179907000e+16 1.661042065727507800e+16 2.231331063887610800e+16 6.212861122081375200e+16 1.974139110264386560e+17 -6.376794193333058400e+16 -8.643310739419017500e+14 5.154441522691921600e+16 -1.080566152131505125e+15 4.032758598255072800e+16 6.842914189104297600e+16 -9.644891644248833280e+17 -2.595334543213781120e+17 4.703053877936534400e+16 -8.081731686493704000e+15 -3.890025410881779840e+17 2.706369706504114000e+16 7.926546299268193600e+16 7.784599758324499200e+16 8.782090149698145600e+16 3.012434139887516400e+16 2.767148047416863000e+15 -6.336303036518077000e+15 2.991061649243209600e+16 3.397184440538033200e+16 4.465908174833452800e+16 -6.229632437149846400e+16 -4.233037878470590500e+15 -9.098178664081480000e+15 -2.418454587743584500e+15 4.204207881897788000e+16 1.457970876375937000e+16 2.640138670454882000e+16 5.550233198946870400e+16 -8.570373082939636250e+14 3.590985461054134000e+16 4.111710720802529600e+16 4.929915742876344800e+16 3.707758195416671200e+16 -1.863714358191531200e+17 1.237658442852736800e+17 -2.109239471372606000e+16 1.826864995443617600e+16 3.496725655303474400e+16 3.146911064574006000e+16 -1.180731585257189400e+16 4.114179716877129600e+16 1.652970159392371000e+16 -8.947634873670021000e+15 4.038844277486373600e+16 1.454418813600010400e+16 -6.437020141228384000e+15 7.504677294863995200e+16 4.259385682223606400e+16 1.802895627901979600e+16 1.880794120785482000e+16 1.845945464801099200e+16 2.749455521092677200e+16 7.625878214554894000e+15 -1.969845716723937200e+16
-3.895134080554773504e+18 1.218641277553783808e+18 -9.119916955195102400e+16 1.016506046344761088e+18 -2.946932667244989952e+18 2.218660968827243520e+17 2.103985560246024192e+18 -6.041161630463174400e+17 6.192538671481836000e+16 3.617124861774330240e+17 -4.464058889784651264e+18 -1.137665491031065216e+18 9.665240963753084800e+16 1.524372045302936960e+17 5.623217606457079680e+17 -5.200111320602529280e+17 8.530852640473825600e+16 3.382202037239903360e+17 -1.139410411961546080e+17 2.825380020160168448e+18 2.401234782915045888e+18 1.555295793356221184e+18 4.560146831748970880e+17 -3.274210901694552320e+17 5.233231187398177920e+17 5.050907979303749120e+17 1.883412603234332800e+17 3.603992951642985600e+16 8.149368220066740480e+17 4.555680215131766400e+17 -1.181085535099436960e+17 4.904179388109299200e+17 7.295366010308002611e+19 5.870136467431192320e+17 3.813593644504484864e+18 9.349827439072339200e+17 9.933315876056638400e+16 -1.627805757438182080e+17 1.016076706366980480e+17 2.548702033416027840e+17 5.718458687489448000e+16 1.925600753168173120e+17 2.163617085536011840e+17 1.326574699626218560e+17 -1.347970906497339200e+17 -1.263164147206439840e+17 -5.592754075917732800e+16 8.881639114609739200e+16 8.518005564951022400e+16 2.268034900862623488e+18 5.319937849875903488e+18 6.051867816730081280e+17 4.182153920510527360e+17 1.077145574450486528e+18 1.258140750888173440e+17 -3.299909924692314000e+16 3.835695539446595200e+17 -1.407874064137190250e+15 3.861901426952410240e+17 -2.125354919005413760e+17 1.154804067663961120e+17 3.997452822694771200e+16 -3.150936755844230400e+16 6.651768657806635200e+16 1.476050361169241600e+17 -2.202346626585974062e+14 2.873244528882482560e+17 1.272217239229947000e+16 -1.224130965109808250e+15 2.767978641751016000e+16 -1.852507670386271040e+17 -1.598504137207937600e+17 -3.461766102606868480e+17 -3.827553717920417920e+17 2.036653232955172800e+17 6.517760021846058400e+16 6.587775510662366400e+16 -1.064381725119321216e+18 1.908721763429724400e+16 1.750092034377055040e+17 2.867811672903491500e+15 5.286698521640363200e+16 5.450866746329048750e+14 4.674745517972519680e+17 3.124959967476085120e+17 3.287254364418265600e+17 -1.049758819287778400e+17 1.348763868065402500e+15 -1.023091296073945440e+17 -9.310968218661582000e+15 1.372799521702079200e+17 3.627053532276904960e+17 3.218502632378294400e+17 1.804060023788914240e+17 1.174876366785340640e+17 -5.703804942570260000e+16 -5.965961700080030400e+16 -7.771106036584944000e+16
-3.602469883645393920e+17 -5.854702163285679360e+17 -5.767192906374296320e+17 -6.272413187446242560e+17 3.087618332529688320e+17 5.938704128039424000e+17 4.050071510843892000e+16 1.854731441419656960e+17 2.195297913358343040e+17 8.668673664280120000e+16 1.768928367872858880e+18 3.921821822160896000e+15 6.370887910370465280e+17 1.451733615162336960e+17 2.084830382580723840e+17 9.269883480218190400e+16 -2.248243507621317200e+16 2.045829084462538560e+17 8.386693043330998400e+16 1.670089754496532800e+16 3.098566501732472320e+17 2.908350269485308160e+17 4.063860455864434560e+17 -7.194258190738672800e+16 4.544536664068840800e+16 1.690819042254862400e+17 1.060594304140945280e+17 9.875473296804225600e+16 -3.400385903112478800e+16 6.311468604917184000e+16 1.388263135709073400e+16 -1.078333833485491400e+16 5.870136467431192320e+17 3.913796416952324096e+18 -8.307892492323444800e+16 1.366508116181017120e+17 4.382200870750764160e+17 9.116244233424332800e+16 1.190668779026994880e+17 8.522099153008803200e+16 4.406447565788658400e+16 2.121504461565622400e+16 2.011345236251745200e+16 -2.437980861019861200e+16 2.244661009169478000e+16 1.027293416863201760e+17 3.684939961833920000e+16 4.372213106872756800e+16 4.952100747994324800e+16 1.060811210151542400e+18 -8.375490656456640000e+17 2.673780049036038400e+17 1.087166204835196960e+17 -3.078030991005617920e+17 -1.478037194579116400e+16 4.252081342837116000e+16 1.545561779737605400e+16 -1.059259877640839360e+17 1.018899764941929200e+16 3.217354973592438000e+16 1.401751983839971840e+17 -1.188825631793038000e+16 7.605126612272102000e+15 -1.857950690856505200e+16 -1.541375268039355000e+15 7.156512496485864000e+15 1.090403886880237760e+17 5.034830970836073000e+15 -3.660095627934390400e+16 -6.273415231865207000e+15 -9.732274489459427200e+16 1.995416735561321920e+17 2.761956534466394400e+16 -4.180395225885848320e+17 8.620415942692464000e+16 6.830367202834714400e+16 -1.047114770524809875e+15 3.547108806754743680e+17 3.408363297514997200e+16 3.080637137946434000e+16 3.157676779676112000e+16 3.664230190385956800e+16 3.235714016978546000e+16 3.067873455059428800e+16 -2.253157351960397200e+16 5.570210443503512800e+16 1.253268605750808400e+16 8.868551554685691000e+15 -6.910963237924558000e+15 -3.988058502236057500e+14 1.220078895592463680e+17 -9.870958997500130000e+14 6.108591304154824800e+16 3.865774124442224800e+16 -3.561373176574312400e+16 -2.593947340807564800e+16 -1.100798038913289600e+16 -1.722737240122695200e+16
7.983911604166877184e+18 1.608165487072686848e+18 3.321848203747688960e+17 3.832266366593235968e+18 1.609034615440057549e+19 5.242672296414449664e+18 1.373943161479154432e+18 1.874993235819205632e+18 -3.996237299600820480e+17 2.575763963977721344e+18 -6.400827569417620480e+18 -9.693989201558818560e+17 -1.860458709162567680e+17 7.027797898508869600e+16 6.038276879947016960e+17 2.001731691517232896e+18 5.025483987191365120e+17 3.384931326876574080e+17 -7.910743896927838720e+17 -7.274385592804382720e+18 5.152462007450544128e+18 5.337230449520864640e+17 -2.432445338538123840e+17 7.551046461681895680e+17 3.794710910516281600e+17 1.749987976731887040e+17 -6.999703199105289600e+16 1.106129674053179776e+18 -6.668958121083047680e+17 1.957633875008096320e+17 2.703103126438469760e+17 -9.035007564184596800e+16 3.813593644504484864e+18 -8.307892492323444800e+16 9.199408291564978176e+19 1.196467889979722240e+18 1.769088727989587200e+17 1.558528330986572160e+17 1.982729128875813376e+18 3.983583803967914880e+17 2.594230277942442400e+16 -3.007452045222755840e+17 -1.591743661524287680e+17 7.471691958156840000e+16 -1.192336775604850400e+17 -3.627383818681745920e+17 -2.618014124766776000e+17 -3.779797974690750400e+16 -1.783780248212196800e+17 6.276020702796033024e+18 3.423327716093623040e+17 4.910972620565927680e+17 1.407618951415190080e+17 6.088111705657129984e+18 1.533387507890744640e+17 -5.799617047259865600e+16 -1.887049028399292000e+16 3.847021746332878720e+17 1.206655512759503680e+17 -3.262413883212885120e+17 6.342663787115657600e+16 6.256147923123601600e+16 -1.142480527009553800e+16 6.633308639878577600e+16 3.663413601055112320e+17 1.865332334468232640e+17 2.719994793015050800e+16 4.387628186197996000e+16 4.662553483056609600e+16 -1.742282955282175040e+17 1.097118065483630400e+17 -2.560835510694351360e+18 4.199746460485292160e+17 -2.539373343282430976e+18 5.277738825647788800e+17 2.231097643402955840e+17 3.197370823394870400e+17 4.330726181124952064e+18 -2.109647999849137600e+16 2.591973998882909600e+16 1.774242914093617920e+17 -4.035420704984448800e+16 2.470291673286680800e+16 7.365400701011266560e+17 3.245963700582811520e+17 2.819372237003462720e+17 3.305592828766036800e+16 1.391612767363321440e+17 -3.043799013489635200e+16 1.101314578076649920e+17 8.669035061945864960e+17 2.057263706564268000e+16 2.693871506722428480e+17 2.448110513077642240e+17 1.441607263386924800e+17 -5.231945609415593600e+16 -5.276805834793936000e+15 4.224830717327758720e+17
4.640750661422573440e+17 -5.134667193501488000e+17 -9.980077318679745600e+16 3.926179769563216000e+17 9.355390229035319040e+17 -5.649452418979626400e+16 4.602694527883463040e+17 -2.186963679374588160e+17 1.129790226416168640e+17 -1.304814999567192400e+16 -8.349440006496590080e+17 2.267657283262531200e+17 -2.816320616355632800e+16 3.175478413164874880e+17 9.750388112652736000e+16 -5.013466034569872000e+16 2.114037464298632000e+17 -4.590911260651972800e+16 7.744933151817974400e+16 -1.905152617069909440e+17 -8.736962617001882880e+17 2.279887611748417280e+17 8.363256292883518400e+16 9.380255941913680000e+16 3.016627249367004160e+17 4.346839153391113600e+16 3.806414116297061600e+16 -5.540917539023953600e+16 9.110345056266483200e+16 6.366107281454157000e+15 3.092852235075504400e+16 -3.771137338712123200e+16 9.349827439072339200e+17 1.366508116181017120e+17 1.196467889979722240e+18 2.166377290538202112e+18 9.427690791649107200e+16 -4.793400923373033000e+15 -8.554281258172083200e+16 2.803809486236507840e+17 6.912466821287003200e+16 -1.033423707617281600e+16 3.688435806704111000e+15 -1.479069918052261760e+17 6.029838146002517600e+16 4.984440246868365600e+16 -3.057010491607157000e+15 3.551505294158847600e+16 2.831925974395831200e+16 5.973449126968829440e+17 1.346265960841500928e+18 4.956717211284188000e+16 3.281577310889088800e+16 7.676677483256792000e+16 1.624282261289069440e+17 -2.508292468085644000e+16 9.964486984012763750e+14 -4.186814093063740000e+16 -1.352450556624953760e+17 1.540859915233751360e+17 1.441559378396308800e+16 2.380075608775667600e+16 4.501204519600173500e+15 -1.830953081571203200e+16 -1.630330703331223360e+17 1.235883606782788800e+17 2.656641075107358400e+16 4.925600524354772000e+16 -2.031014930917114400e+16 1.703914576769658800e+16 3.400245805613729200e+16 2.685925662066772800e+17 4.263991600327109000e+15 2.841415034631722500e+15 2.824741640625654400e+16 2.749422726154454400e+16 9.109656079074612000e+15 7.656153660600874240e+17 3.706669522929607200e+16 -1.303811884709506750e+15 3.203970844068494000e+16 1.352416916923036400e+16 2.444381175026176000e+16 1.867353736431946000e+15 9.669592456083470400e+16 1.004640920944838000e+16 7.851185504472692000e+15 -2.273359826283114000e+16 2.669689305895812000e+16 -3.644067706027075500e+15 -9.291482262557308800e+16 1.071655900322978240e+17 1.304674280546936000e+16 2.741773788612618000e+16 1.752741919311419000e+16 2.287720924366628000e+16 -1.284872740718607200e+16 4.275396339587024800e+16
3.984129584455111040e+17 2.876840583953877600e+16 -2.736818020685627520e+17 1.376564244712202400e+17 1.218404175094990848e+18 -2.739866957850504400e+16 6.875123177142006400e+16 5.512447428420010400e+16 7.110321184625804800e+16 5.418452754084048000e+16 2.476970901031465920e+17 2.715671926934130800e+16 9.790263692200697600e+16 5.219046614529632800e+16 5.635538938893809600e+16 -6.218676504694982400e+16 2.280025290843688000e+16 8.854310953415432000e+16 2.790261457901914400e+16 3.528377226753281920e+17 1.566167230944890560e+17 1.160291138085770400e+17 1.473367609860773440e+17 3.755088238655502500e+15 6.695596443309073000e+15 1.074185127804841440e+17 3.250687206223000000e+16 -6.384695517456165000e+14 4.647800334742557600e+16 4.830915611430624800e+16 2.875854966543324800e+16 2.658893209496015200e+16 9.933315876056638400e+16 4.382200870750764160e+17 1.769088727989587200e+17 9.427690791649107200e+16 6.132183142900244480e+17 8.195879052158993600e+16 1.354790796727480600e+16 5.475383044566756800e+16 6.864903101149959200e+16 4.177927705323997600e+16 4.244054349358035200e+16 -2.708377227951451600e+16 2.416854848189082000e+16 3.295313334407731200e+16 5.025574585774500800e+16 3.188177698934606800e+16 3.779143907550153600e+16 7.146316557039112000e+16 -6.539233914185759200e+16 1.726704562438966720e+17 5.161358995126052000e+16 -1.051110694278164480e+17 -5.482822118613246000e+15 2.039410586082564400e+16 2.922987283222499200e+16 5.845327399809582000e+15 2.608369522947856000e+15 2.285944890276025200e+16 5.031533313506406400e+16 5.480089402749512000e+16 1.627499209760720800e+16 1.227119346255521600e+16 -5.163597360882577600e+16 4.109053703535340000e+15 6.064892611338620000e+16 2.881262950517474000e+16 -8.600276003511879000e+15 2.279504841339620400e+16 1.180676165619865800e+16 9.175071043699324800e+16 6.287511760365292800e+16 -4.237371046842622400e+16 4.222672792238205600e+16 3.168617220732777200e+16 4.824284390213715000e+15 1.290213854311726880e+17 4.030051289301261600e+16 5.506408028747525600e+16 2.161914858110569200e+16 4.309905390103307000e+15 2.915113094273721600e+16 -5.309384665676774219e+13 3.412751213613160800e+16 5.017427075487770400e+16 1.242639021065177600e+16 6.203803163632304000e+15 6.401817845126721000e+15 6.153604706948384000e+15 -4.663468462580917000e+15 1.563814516486988400e+16 4.890727452729990400e+16 1.335129560748293200e+16 -4.941122862332310000e+14 3.061684448257380000e+16 -2.978707066526689375e+14 -4.927001541798395000e+15
8.248640832511542400e+16 6.494928948304773600e+16 -1.561725613829357760e+17 -3.845191869686330880e+17 1.090439740260340480e+18 -1.694462984441684800e+17 4.030086375390785600e+16 -1.577295367241532160e+17 -2.638595367901569200e+16 -1.610335314201312000e+16 2.841519788163835840e+17 -2.011321530583875200e+16 -6.397419604071689600e+16 5.955827656023302400e+16 2.393567501070365600e+16 7.194478240512960800e+16 8.598897775290875200e+16 7.150201858257392000e+16 7.842625976562664000e+16 1.467607372408766800e+16 4.933106385043882880e+17 6.731589738305520000e+16 -2.966102631909416400e+16 8.277265884078268800e+16 2.926959929116401600e+16 8.534467756000859000e+15 1.359999359807909760e+17 3.526406012383323600e+16 -7.683109675905270000e+15 2.002415174795191200e+16 5.567437235917112000e+16 -4.247332882793610500e+15 -1.627805757438182080e+17 9.116244233424332800e+16 1.558528330986572160e+17 -4.793400923373033000e+15 8.195879052158993600e+16 6.878642608400130560e+17 -2.434194935786845600e+16 2.108223776075025600e+16 5.356737647597503200e+16 7.867374322039736000e+16 1.068630569054873600e+16 -2.822491696438355600e+16 3.784764135596174400e+16 -1.593418111926647500e+15 7.814284995763747200e+16 3.273969206178144800e+16 3.566706326492080000e+16 4.588944927041756800e+17 -2.039740680305813120e+17 7.264832969012054400e+16 1.062244092096868800e+17 -4.136049787563125600e+16 2.232163930096417600e+16 1.099838099271177400e+16 4.117114056482286400e+16 4.055383895797665500e+15 1.249540296735483000e+16 3.017762699219158000e+16 2.005358764916706000e+16 5.669286993355104800e+16 -9.080547413285204000e+15 -9.346760690789164000e+15 2.793686549951872800e+16 -2.238255493954587200e+16 -1.588795968525469250e+15 4.560286963868573600e+16 -1.163529895833081000e+16 -2.686722444695457600e+16 2.703293922937966000e+16 2.824481919440751360e+17 1.053410513892588320e+17 -6.728792880237874400e+16 1.784557912608394000e+16 3.406744613359993600e+16 5.556707474505843000e+15 8.668784675866796800e+16 3.494284071387921600e+16 6.652347347062136000e+15 2.308868781109417200e+16 1.152800811366366250e+15 2.256474212808375600e+16 7.674886352608785600e+16 1.104997683648861800e+16 1.735416692580401200e+16 3.487519136627450800e+16 -1.551872937462253600e+16 8.195479936639745000e+15 5.075234038567808000e+15 2.764561568823836000e+16 -9.859993128157162000e+15 -2.186647792174741200e+16 2.542449311096853600e+16 -6.361687491351032000e+15 -1.409791341086802800e+16 -6.862988924995837000e+15 -1.571150615003267600e+16
4.154606523534977024e+18 2.864645173927366656e+18 1.337903418768731648e+18 4.557123363117441280e+17 -1.179492623440472576e+18 1.622344043532326400e+18 1.145780276251287000e+16 1.437004337090231552e+18 5.308259566303380000e+16 -2.997147265694056960e+17 3.168109522368065920e+17 -3.157946388404264960e+17 1.614783868312277248e+18 -4.200075202040304800e+16 -1.826401629076198080e+17 1.616052149233295616e+18 -2.927731648991637200e+16 -8.599633606327609600e+16 8.104118740834566400e+16 -6.948545131937185280e+17 7.092570231232309760e+17 -3.500465153373839200e+16 1.083176644546638560e+17 1.339830584354293760e+18 -1.326810094603117120e+17 -1.455935449921408000e+16 1.150569985940297400e+16 1.782507993995947008e+18 -7.046460513098247200e+16 3.797945483116726400e+16 1.488902085097546750e+15 1.193992959179907000e+16 1.016076706366980480e+17 1.190668779026994880e+17 1.982729128875813376e+18 -8.554281258172083200e+16 1.354790796727480600e+16 -2.434194935786845600e+16 4.228107944878788096e+18 1.678801289645380480e+17 5.024654917608852800e+16 -4.674275865627502400e+16 2.572061667305958000e+16 1.560743208259871232e+18 1.482289294798996000e+15 -7.263111787266977600e+16 -7.762146454503036800e+16 1.854865202121615600e+16 7.200240258922258400e+16 -7.484248037809287680e+17 -8.026465698601038080e+17 3.150301497266707200e+16 3.407069546417416000e+16 2.247121154585535232e+18 7.716258273039699200e+16 5.471540775473208800e+16 3.132772240208753000e+15 7.652495851321016000e+15 1.126488159471857792e+18 -2.672807406805748400e+16 3.363998325842569000e+15 3.217910965226082800e+16 -1.223560107349822200e+16 4.727498297565437600e+16 1.255343391829190400e+18 2.821136605569646800e+16 -6.606368458235873000e+15 3.486346028902822000e+16 1.438175883190749800e+16 7.480491383822056000e+16 -2.709770257807669600e+16 2.446152178304780160e+17 3.788413160319420000e+15 3.778151700715808640e+17 7.918231918997654400e+16 8.048483714316004800e+16 5.481899687472877600e+16 6.155093974524549120e+17 -1.122443144710738600e+16 2.973982497003984400e+16 1.715398760893599600e+16 1.706620447884169600e+16 4.384240904653299200e+16 1.033849934222731264e+18 6.261093579108797600e+16 5.655341341601212000e+16 3.131724949519614000e+16 4.853380310110950400e+16 3.785333215760917600e+16 2.808775301193264800e+16 9.618238605269991680e+17 -1.225817342258040000e+16 5.662366645183383200e+16 -5.038805290547616000e+15 4.989662178151503200e+16 4.276212191275552800e+16 4.265593302557132000e+16 6.486423717729957000e+15
-4.171419525384870400e+17 2.653115631739429120e+17 6.902694794003183200e+16 4.137347956655652480e+17 5.356244034190848640e+17 3.638032438702208000e+16 3.138161575041083520e+17 -8.610404350150766400e+16 8.910709383072048000e+16 -7.611807498135720000e+16 -1.252062773416496960e+17 4.545989183295632640e+17 -3.467454103140200400e+16 2.279112692503119360e+17 5.455935204181864800e+16 -1.440419113140383520e+17 1.612828618574125760e+17 1.075241139753350800e+16 6.561420103810176000e+16 2.579466745627407360e+17 4.567888409736770560e+17 1.193151887994133280e+17 -8.962761133464132000e+15 3.802271043133498400e+16 1.906501684194204480e+17 4.190981343577656000e+16 7.454987205321139200e+16 -3.094844757407132800e+16 2.582614724719179200e+17 3.495069889425163600e+16 1.040159932726599000e+16 1.661042065727507800e+16 2.548702033416027840e+17 8.522099153008803200e+16 3.983583803967914880e+17 2.803809486236507840e+17 5.475383044566756800e+16 2.108223776075025600e+16 1.678801289645380480e+17 7.643840438229600000e+17 4.187517718791070400e+16 1.843527073615624400e+16 1.359039160220657200e+16 -8.619403043740787200e+16 1.767215815436315520e+17 3.490642027693283200e+16 3.879189220051940800e+16 2.861464240127104400e+16 4.899643394432103200e+16 -2.653770150155667520e+17 -7.835354418978062400e+16 2.950013152834988000e+16 -2.339134434306994000e+16 1.906775307961643200e+17 1.821222860479410880e+17 7.706116599299020000e+15 2.617408678152021200e+16 2.399751674270044400e+16 1.969832919132788400e+16 1.448327270808871040e+17 1.333677428494885600e+16 1.754351408351452600e+16 1.343497311827294000e+16 1.649469429824064400e+16 -1.130464222916707840e+17 8.274956861656035200e+16 4.091054824820931200e+16 4.650622769913734000e+15 -6.665184294773579000e+15 2.418396756874210000e+16 -1.094835120581112400e+16 2.429671483896799040e+17 7.100186714139860000e+15 -4.409636563221870400e+16 2.737391098935591500e+15 1.738324602545086800e+16 1.532011377510689600e+16 -4.556821989471893600e+16 1.091390198594201440e+17 2.156809217441970000e+16 1.909908402580836800e+16 3.403723862283258500e+15 1.491807240955771800e+16 5.826811060151157600e+16 1.006000962623000000e+17 1.814007787650692000e+16 1.700085840592365200e+16 1.111576823315505400e+16 2.065969858861775200e+16 1.019918534878586600e+16 -7.421799394866875200e+16 1.147575950226792960e+17 2.878997520164660800e+16 1.072142553468481000e+16 -9.213029824397422000e+15 1.637822062352659800e+16 2.574469276493868000e+15 -3.369464180566372400e+16
3.839226950170904960e+17 -3.357214640324306800e+16 -3.560650295506468400e+16 -1.504912068850225920e+17 1.941653206418042112e+18 3.276297371256030400e+16 5.503844656123844000e+16 2.889990783407642800e+16 9.764102057909350400e+16 1.052530016633740480e+17 3.930320300047677440e+17 4.671936206507178400e+16 5.336094640515435000e+15 6.243259717760213600e+16 9.853230897827438400e+16 -3.397571215023993200e+16 -8.808841532011628000e+15 6.437354955856742400e+16 3.390523983976533600e+16 -4.184777168336004800e+16 1.975757699170583040e+17 4.267287719223468800e+16 5.467170161001407200e+16 -3.225585369737173600e+16 -1.695462713184033500e+15 4.140487704120413600e+16 3.803840766231645600e+16 7.718413772763089600e+16 5.178860798368668800e+16 8.729509514749340800e+16 2.236605539908236000e+16 2.231331063887610800e+16 5.718458687489448000e+16 4.406447565788658400e+16 2.594230277942442400e+16 6.912466821287003200e+16 6.864903101149959200e+16 5.356737647597503200e+16 5.024654917608852800e+16 4.187517718791070400e+16 3.773688528468425600e+17 6.726294027121253600e+16 4.072711131483820800e+16 4.001983630301942400e+16 1.918750809480526400e+16 8.830163151718284800e+16 4.187710766853584800e+16 2.016467924104845600e+16 3.349805448377380000e+16 -6.760517271865484000e+16 -4.340596933101086000e+15 7.838695803258494400e+16 3.005004709994788000e+16 2.369969439249121280e+17 5.954152705473892800e+16 5.777496087738668800e+16 2.847790713706828400e+16 3.284863322204151600e+16 -1.199225450485255000e+16 1.201578846573006400e+16 3.641127425370980800e+16 2.782109220384517600e+16 1.676998570794768600e+16 9.758139641579102000e+15 2.644990660327621600e+16 -3.930185359583826500e+15 3.809625736063617600e+16 1.898369813664858400e+16 5.942889309075529000e+15 1.482093987955172800e+16 2.721596334920704000e+16 1.228628829434915040e+17 6.481697195978790000e+15 2.089809699854266560e+17 5.234708416600205600e+16 1.584658506078001000e+16 2.614150395844174000e+16 4.773081027085190000e+15 -1.323537027165381200e+16 4.208821793570445600e+16 3.405662239888778000e+16 1.820815538183613200e+16 2.417498384759764000e+16 1.134353896176960000e+16 2.119642580198410000e+16 3.607681866659110400e+16 5.383242638082966000e+15 6.042107444915681000e+15 1.623615512693076000e+16 1.527882347474762200e+16 9.380905642654506000e+15 2.688025326788437500e+15 4.044878109694183200e+16 1.007258349533382200e+16 2.551725339057596000e+15 6.240625234663377000e+15 1.754445162473522250e+15 3.873348256685915000e+15
7.903626783932544000e+16 -2.385014984335131200e+16 -4.935511811285936000e+16 -1.234807780179496960e+17 1.077809055055058688e+18 -8.537097043354532800e+16 3.180187136487958000e+16 -2.968394422022669600e+16 1.243199384506756400e+16 -1.254306995329168400e+16 3.148535158513950720e+17 4.052338926988061500e+15 1.299889066816987400e+16 3.430313497785215600e+16 3.868103583850485600e+16 -2.813873789556980800e+16 1.829465527181828400e+16 5.304384810264432800e+16 4.094435254188688000e+16 3.338315177918159360e+17 3.968566774201792640e+17 3.273012656501883200e+16 2.234328029582358000e+16 4.158927859743044000e+16 3.121025077070031200e+16 4.357912795450442400e+16 6.628028813089084800e+16 2.749088000474417200e+16 3.084322250257964400e+16 3.892593764887130400e+16 8.918645055759328000e+16 6.212861122081375200e+16 1.925600753168173120e+17 2.121504461565622400e+16 -3.007452045222755840e+17 -1.033423707617281600e+16 4.177927705323997600e+16 7.867374322039736000e+16 -4.674275865627502400e+16 1.843527073615624400e+16 6.726294027121253600e+16 2.594555421191473280e+17 5.170143809436172000e+16 1.905209782345908800e+16 -7.464578104118267000e+15 2.038283510618889200e+16 6.807735632451760800e+16 2.529707954827814800e+16 4.144555126911601600e+16 1.212121852275889280e+17 1.693663790236008000e+16 4.372502742964027200e+16 4.818311086115193600e+16 7.041068444919839200e+16 1.131125971276806000e+16 2.012967106773329600e+16 5.035560600765047200e+16 2.824475798933871200e+16 2.370081757246657600e+16 8.765472781335064000e+15 1.312301287905987600e+16 3.240818055349686000e+16 2.276960233856871600e+16 5.882199551420625000e+14 3.704852791685632000e+16 6.489193976875666000e+15 3.210967883293917500e+15 3.005074204656461600e+16 1.243164829058165750e+15 7.476145457890514000e+15 1.573280452993594000e+16 2.057777356044930880e+17 4.463840771620101600e+16 2.618014134824290400e+16 2.779509541437984400e+16 2.822897854915662400e+16 3.259594356783974000e+16 -5.014348123872863200e+16 2.085744553261122500e+15 1.740168935147173400e+16 2.365484298398750000e+16 2.258481252665066000e+16 1.980872816152533200e+16 -1.068025803132285600e+16 1.297775698998311600e+16 1.600009062389876200e+16 1.503871344949781800e+16 1.659718582774269400e+16 2.530922257577930500e+15 -2.307180577865896000e+15 -2.327022219155994000e+15 9.671685775156204000e+15 1.599512973890386800e+16 3.078559082348842400e+16 1.924476608159187500e+15 8.220598981682450000e+15 6.777461907342315000e+15 1.736767067093714000e+16
2.092363778334450880e+17 1.893537147746117440e+17 -1.586866650409121200e+16 -1.033863302494390240e+17 1.118070022992068096e+18 -5.446339909599064800e+16 1.259435820777113760e+17 2.936385120813439200e+16 1.263364803975590080e+17 -1.492213812480770000e+16 -1.782239628139745920e+17 1.136545935153111200e+17 1.594717247147423040e+17 8.877248764740425600e+16 5.486493368483991000e+15 -3.601904746477131600e+16 2.115445564910138400e+16 -9.888833508256336000e+15 -1.589367785543164200e+16 -9.194625012389891200e+16 6.529387252896899840e+17 6.894083888929365600e+16 4.726496074163936000e+16 2.882103633978364000e+16 2.703385964441987600e+16 5.598787300250238400e+16 1.948768457463794400e+16 6.053561278110933600e+16 3.893900192923987200e+16 6.807186902476388800e+16 5.307548413527477600e+16 1.974139110264386560e+17 2.163617085536011840e+17 2.011345236251745200e+16 -1.591743661524287680e+17 3.688435806704111000e+15 4.244054349358035200e+16 1.068630569054873600e+16 2.572061667305958000e+16 1.359039160220657200e+16 4.072711131483820800e+16 5.170143809436172000e+16 4.186753644736394240e+17 7.915265776893264000e+16 -8.160365845642493000e+15 1.650414025916990800e+16 2.439304760742708400e+16 7.492315114009425600e+16 6.833570361230988000e+16 -4.278680708699716480e+17 -1.680454287067800200e+16 1.075832461105266750e+15 2.745584187307879200e+16 -2.202012562687239600e+16 2.312551886812949200e+16 2.616852548980420000e+16 4.057733135938754400e+16 6.382892730332992000e+16 -1.873482892863690400e+16 2.184056003587282800e+16 2.210589805752319600e+16 2.325630409189705200e+16 4.020841994593033600e+16 1.571545022197555000e+16 4.068384063681394400e+16 1.294810953945918600e+16 4.616683040625462000e+15 -1.172153201501168250e+15 2.546203822981311200e+16 6.781543073809265000e+15 1.345537983582039200e+16 5.539633440396207200e+16 2.521332666079049500e+15 1.012328073893923520e+17 3.342503531652425200e+16 3.655319421045515200e+16 3.120850965849075600e+16 -1.893600687373745280e+17 -2.056002928063009200e+16 1.135471080986414400e+16 1.427063784267375800e+16 4.168940362968708000e+16 1.155388817080482800e+16 -7.406668564904598000e+15 1.232531859234695400e+16 2.637523087458786800e+16 2.092079950743611000e+15 3.672644656511384800e+16 8.461309919423332000e+15 -1.025323513126086000e+16 4.070542208008662400e+16 1.594302781399541200e+16 2.809119302211490000e+15 2.087374906540612000e+16 2.580406566288183200e+16 8.890411658134690000e+15 1.555674966101718000e+16 -2.541497548030506500e+15
8.964128056278477824e+18 2.855342289135692288e+18 3.159658901809445888e+18 -1.226948263227096960e+17 -5.782702864178210816e+18 1.725582230616547072e+18 -4.263632044259242400e+16 3.409071282319631872e+18 8.559377546268862400e+16 -3.494030534189180800e+17 5.206385686119638400e+17 -4.930661572200490880e+17 1.224253861620574976e+18 -3.285721876920742400e+17 -2.041932936840613440e+17 3.324299129042478592e+18 7.427256264730188800e+16 -7.764275192010516800e+16 -5.852293661754375200e+16 2.058370175110083072e+18 -6.028569061663052800e+17 -1.063958726157507360e+17 -1.565238057122048320e+17 1.084912335972001536e+18 -1.699356563693241920e+17 -3.970137540167763200e+16 -1.410133087222614000e+16 3.241622267728571904e+18 -1.541078611031128640e+17 6.300716000126838400e+16 -1.151865353088006200e+16 -6.376794193333058400e+16 1.326574699626218560e+17 -2.437980861019861200e+16 7.471691958156840000e+16 -1.479069918052261760e+17 -2.708377227951451600e+16 -2.822491696438355600e+16 1.560743208259871232e+18 -8.619403043740787200e+16 4.001983630301942400e+16 1.905209782345908800e+16 7.915265776893264000e+16 5.446457872599092224e+18 -1.977240625107490800e+16 4.954120506550384800e+16 6.531350443842016000e+16 3.981627807575268800e+16 2.587877533130394000e+16 -1.451052556353873920e+18 -5.654899804684012800e+17 -6.521338042916935200e+16 5.396513068074119200e+16 7.475737853718101760e+17 -1.220430149431011520e+17 2.421919651862028000e+16 -5.078562102359530400e+16 -7.265630734962544000e+15 1.289581828614156032e+18 -9.149973499275273600e+16 -4.285576245888285600e+16 7.208742141069328000e+16 2.360157256299294400e+16 5.922545657887116800e+16 2.932542145437032960e+18 -3.971873010219898400e+16 2.891783138445031200e+16 -4.707474023540688800e+16 -2.674842452172704000e+16 2.544445640073175600e+16 7.749200120213321600e+16 -3.654051333770512640e+17 5.174878774642923200e+16 5.255537672893721600e+17 8.568607136482988800e+16 5.565434149658574400e+16 -1.618238785733569800e+16 4.193971108985764800e+16 -6.042301348093769600e+16 4.885936115496540000e+14 2.159996187696030000e+16 2.993827091903024000e+16 4.688892377596219200e+16 8.550837454613984000e+17 -3.730725213325314400e+16 -1.937003783885797200e+16 2.417545507970810500e+15 -5.839469166126485000e+14 2.511341065564274800e+16 8.328950577863118000e+15 2.614969373180635648e+18 -1.321049593901690240e+17 8.593339580171226000e+15 8.139695798214462000e+15 -1.167478691478726600e+16 1.836263535420349250e+15 8.009235711283663000e+15 2.732366559065366800e+16
-1.920547186761669120e+17 4.945464282432626400e+16 -7.130206057414415200e+16 -2.712183730867411200e+16 1.707944801923853056e+18 -2.489725114123440000e+17 1.811393984902216960e+17 2.954477536405605200e+16 1.989634139448608320e+17 -3.299304376996478400e+16 -9.220785200396545600e+16 3.714336983587426560e+17 9.173476494389259200e+16 1.503538015974619200e+17 -6.951827416373680000e+14 -1.583493916744490200e+16 2.177005204488170240e+17 3.970946541575179200e+16 1.625197680786937400e+16 3.901506240725447680e+17 1.227666715715617600e+17 1.488217178878333760e+17 -2.846740244923468400e+16 -5.398371671009455200e+16 1.780834247043417920e+17 1.655916723149835200e+16 -3.467909137993789500e+15 -2.329952107647707520e+17 1.681436044310800000e+17 -2.250419982147665600e+16 -6.189711544930156000e+15 -8.643310739419017500e+14 -1.347970906497339200e+17 2.244661009169478000e+16 -1.192336775604850400e+17 6.029838146002517600e+16 2.416854848189082000e+16 3.784764135596174400e+16 1.482289294798996000e+15 1.767215815436315520e+17 1.918750809480526400e+16 -7.464578104118267000e+15 -8.160365845642493000e+15 -1.977240625107490800e+16 1.110262412100097152e+18 7.108217356699948000e+16 3.972837788671649600e+16 1.697156108559155400e+16 4.537982538254820000e+16 2.532442948569046400e+16 1.846769216444735680e+17 -5.386470784083228000e+15 -6.589234589676129000e+15 1.326451094962604000e+17 9.695532939978614400e+16 -1.158669728258196000e+16 4.179361742679765500e+15 -2.758077612310127000e+15 4.499585380293520000e+16 1.601785952319721920e+17 2.896488512430929200e+16 1.510688276797170600e+16 1.063312757022032000e+16 2.434089837345926000e+16 -1.483887581771794560e+17 9.427059200670195200e+16 1.325269725754543200e+16 2.160307182062526000e+16 -4.020559867005302000e+15 -2.617279933745967600e+16 -2.817030170099724400e+16 2.439056415726615360e+17 3.545008957375387200e+16 7.911384885273368000e+16 -4.488747631049686400e+16 4.163680796878678500e+15 -1.153493158801991200e+16 -4.191686661062391680e+17 8.387160247623196800e+16 -2.740007367293369000e+15 2.467699027477249200e+16 1.630746594699566400e+16 8.558210333213053000e+15 -7.588323448438136000e+15 7.879479759778771200e+16 -1.565890446408871500e+15 2.465553827586210500e+15 -4.604496814859920000e+15 7.453719327959292000e+15 6.957409861280616000e+15 -1.405348645402599200e+17 9.255501645053996800e+16 -2.423670499297100800e+16 1.726827606280738250e+15 9.382472353783054000e+15 2.124625286573285250e+15 8.235573049868319000e+15 -1.996745661202304800e+16
6.950816153858173440e+17 -6.828855506304289280e+17 1.452594159345508800e+17 -1.796923197215927040e+17 1.235283231304594688e+18 -3.066810136090829200e+16 5.136757267130580000e+16 1.611915543682460160e+17 1.296602282201737760e+17 1.268211880245553600e+17 6.472222168563407200e+16 -3.764774503800676000e+16 -1.286729195645076800e+17 2.052881214013720750e+15 1.060738027206137600e+17 -2.112384301832174000e+16 -4.909274886512352000e+16 1.987177333096259600e+16 3.558452858704988800e+16 1.208766385081553408e+18 -1.169012589929686200e+16 4.279053740815617000e+15 3.179115212891126400e+16 -2.451426704237116400e+16 -1.815843489932334000e+16 3.723902923100651875e+14 2.710977051953537600e+16 2.862598147891617600e+16 1.559257161045225000e+16 4.699567095408247200e+16 7.999299967419586000e+15 5.154441522691921600e+16 -1.263164147206439840e+17 1.027293416863201760e+17 -3.627383818681745920e+17 4.984440246868365600e+16 3.295313334407731200e+16 -1.593418111926647500e+15 -7.263111787266977600e+16 3.490642027693283200e+16 8.830163151718284800e+16 2.038283510618889200e+16 1.650414025916990800e+16 4.954120506550384800e+16 7.108217356699948000e+16 6.993450294092801280e+17 8.891216180267163200e+16 4.456572058456716800e+16 8.141868032764596800e+16 -9.838395626823708800e+16 -1.763977224943673000e+16 3.803067642523199200e+16 1.945876972028256400e+16 1.198970872830082400e+17 -5.878519935407755200e+16 3.477791513723514400e+16 2.112999591803411200e+16 -8.086098516842635000e+15 -1.923171323960490800e+16 1.888107089984324000e+16 1.010720629373968320e+17 4.187712557986479200e+16 2.943838630401638800e+16 2.550679126034494400e+16 2.042464416170678000e+16 -5.517324795734362000e+15 7.052212265942064000e+16 6.766927652570459000e+15 1.054798117581856800e+16 2.023484732772438000e+16 4.996702245745290400e+16 1.713185776499046720e+17 -5.312465127384312800e+16 -2.729887506694423000e+15 3.433170025594885600e+16 1.754883627840613600e+16 -1.332298553407991400e+16 7.930916792820024000e+16 1.392673694376356000e+16 2.500209417467176400e+16 2.372716492658896800e+16 2.396835172992181600e+16 2.907634382616027600e+16 -6.748055634062638000e+15 1.906772842153742400e+16 2.640797789203136800e+16 -1.499030294990815600e+16 -6.649500353527174000e+15 3.142267701932670000e+16 1.527020694916259400e+16 8.444992716155512000e+16 2.276425524275930400e+16 3.571874652869282000e+16 1.609992775075840800e+16 -7.219975943662320000e+15 6.337734970639205000e+15 3.355506091591018750e+14 -1.894647723780608500e+15
-1.277263781657084640e+17 -3.061551443151855200e+16 -4.258269297514226400e+16 -6.854421944099728800e+16 1.224478636592975360e+18 -1.077523689778651200e+17 7.004131738227276000e+16 5.372479285104337600e+16 2.962267992940239500e+15 9.881415358968188800e+16 -1.058574168188971680e+17 -8.260421606217304000e+16 -2.167856146219832000e+16 3.743799666148939200e+16 6.175431953083823200e+16 -6.576050908712472800e+16 4.829900039735908000e+16 6.370272585912808000e+16 1.135261324904923360e+17 6.997614281134436800e+16 1.228852691823886560e+17 4.042209686617910400e+16 -2.105203095254494000e+16 2.459467119476398800e+16 -1.241866056944192000e+15 7.639922866285554000e+15 7.888396124976612800e+16 2.520848917449609600e+16 5.945590829726758750e+14 -5.004091517734106000e+15 3.492984284519401600e+16 -1.080566152131505125e+15 -5.592754075917732800e+16 3.684939961833920000e+16 -2.618014124766776000e+17 -3.057010491607157000e+15 5.025574585774500800e+16 7.814284995763747200e+16 -7.762146454503036800e+16 3.879189220051940800e+16 4.187710766853584800e+16 6.807735632451760800e+16 2.439304760742708400e+16 6.531350443842016000e+16 3.972837788671649600e+16 8.891216180267163200e+16 4.880339845392416640e+17 5.662269903442813600e+16 3.676035069662348000e+16 -9.277051633298347200e+16 -1.513358686172902720e+17 1.321539335415773800e+16 8.584866854760347000e+15 3.007505797268262000e+16 1.654833355284050800e+16 1.189218440746741800e+16 3.764384931953724000e+16 -1.869776584212224375e+14 -6.071429523404928000e+15 2.164217721218348400e+16 4.952043849000292800e+16 6.409168756656125600e+16 1.872963639632502400e+16 3.352943469176780000e+16 4.380496637007029500e+15 -1.130338314476712200e+16 1.828569803238771500e+15 3.897517027136505600e+16 -1.912144402861318000e+16 9.568735202792636000e+15 1.237738538351423200e+16 1.629143379061909760e+17 3.294973599866804800e+16 -3.489721439846967680e+17 3.055244668559302400e+16 3.177883010841278400e+16 -1.026823754981106000e+16 -1.486339876348470600e+16 1.191037457843018200e+16 2.661888984295787200e+16 3.399217579188756000e+16 1.331317174649565400e+16 3.083581217538514400e+16 5.989094415985244000e+16 2.948168274943129600e+16 6.606478300781489000e+15 1.905338400391409600e+16 -6.143518252490803000e+15 9.048122041767708000e+15 6.186626121861311000e+15 1.155708299911255400e+16 4.571242787589935000e+15 1.943133884122082750e+15 1.680781494325934200e+16 2.753576401523353750e+14 3.871578647807364375e+14 5.406854299509235000e+15 -5.998527298015984000e+15
-6.883888624710309120e+17 -9.028884522974920000e+15 9.738558943219602000e+15 1.351642579436292000e+17 -4.000068954068818560e+17 -2.212520414644073600e+16 8.109086140420596800e+16 4.257078454223835200e+16 -2.007584206295834800e+16 -2.184232574243136800e+16 -2.380447558173190080e+17 5.669726262560253000e+15 1.071419741859013120e+17 9.182471806689784000e+15 4.384925585480673600e+16 3.927179655914175200e+16 -3.276182807001798500e+15 6.727430840647562000e+15 3.642477375904294400e+16 -3.503275502670144000e+17 2.177598443253152960e+17 7.830819299306017600e+16 1.766330307364619000e+16 -2.295822881844099200e+16 1.590483009776059600e+16 2.812272225280406400e+16 4.451169715295144000e+16 -5.762268324425822500e+14 1.517452571756417200e+16 2.321972414312554800e+16 4.774861200032703200e+16 4.032758598255072800e+16 8.881639114609739200e+16 4.372213106872756800e+16 -3.779797974690750400e+16 3.551505294158847600e+16 3.188177698934606800e+16 3.273969206178144800e+16 1.854865202121615600e+16 2.861464240127104400e+16 2.016467924104845600e+16 2.529707954827814800e+16 7.492315114009425600e+16 3.981627807575268800e+16 1.697156108559155400e+16 4.456572058456716800e+16 5.662269903442813600e+16 3.284181141261208960e+17 1.006837350120626400e+17 -7.407224958611203000e+15 1.924089614417048000e+16 3.316172137142434400e+16 1.080146981066752750e+15 -3.922837683770299200e+16 2.508119388618414000e+16 1.784409840521889600e+16 8.174887569413522000e+15 3.714552779042340800e+16 1.104644447461409800e+16 2.817156999319640800e+16 3.524100751271199375e+14 1.637623594113329400e+16 3.496016314754538400e+16 4.036026114926104000e+16 2.472838894512913000e+15 1.135629870978729000e+16 8.910466843300141000e+15 7.323809507581755000e+15 3.146557814359673500e+15 8.915463523588608000e+15 -2.728955431870912500e+15 8.111986261848331200e+16 -1.374050798086304400e+16 -3.144649113970374800e+16 8.916133481521934000e+15 2.098775304594716000e+16 1.289774577444956200e+16 1.489494365735996800e+17 2.704044306003078800e+16 1.619538712160039750e+15 1.821821742129717600e+16 2.868383307970999200e+16 2.665498037318354800e+16 -4.633688875636339844e+12 2.148577556871004400e+16 2.323075118935736000e+15 9.761732162876590000e+15 1.180666035539942400e+16 5.001071310909966000e+15 -3.867880823191485000e+15 -4.243440019099101500e+15 2.866677025840749200e+16 -6.949487214223774000e+15 5.566410747102931000e+15 1.361133287715497600e+16 1.378170620142982200e+16 2.961843993280397500e+15 8.412326455679121000e+15
-2.538173978801860480e+17 3.986708260587490560e+17 2.904759486454554880e+17 1.736855571067506880e+17 3.180707023222169600e+17 -1.216769338348680960e+17 -5.933482952226069600e+16 -2.059959086059942250e+15 1.334057314092894000e+16 4.930004013881764000e+15 1.430785527625346720e+17 -7.525834720514452800e+16 5.712520527770891200e+16 3.506759095750602000e+16 -1.601379314594184200e+16 -6.617283482581081600e+16 1.401479424378877400e+16 -5.024386565184740625e+14 -4.564138296355277600e+16 -7.729672158276386560e+17 5.672494030619667840e+17 6.639673020554740800e+16 2.322380887517746800e+16 5.833414256742384000e+16 -4.928329438093641600e+16 -5.872023069896289844e+13 2.125989395287258400e+16 -1.432130184078904800e+16 7.762736317849462400e+16 1.503474315896196800e+16 5.922770441478317600e+16 6.842914189104297600e+16 8.518005564951022400e+16 4.952100747994324800e+16 -1.783780248212196800e+17 2.831925974395831200e+16 3.779143907550153600e+16 3.566706326492080000e+16 7.200240258922258400e+16 4.899643394432103200e+16 3.349805448377380000e+16 4.144555126911601600e+16 6.833570361230988000e+16 2.587877533130394000e+16 4.537982538254820000e+16 8.141868032764596800e+16 3.676035069662348000e+16 1.006837350120626400e+17 8.293222392921077760e+17 -5.757890537827952800e+16 -2.786865605894300160e+17 7.427487296561779200e+16 6.730936849701360800e+16 -1.132361872439422560e+17 -3.440614642531169600e+16 2.175128335949156000e+16 3.296609719298452000e+16 1.359639508399335000e+16 5.064702435774084800e+16 3.069744304479960000e+16 2.956363532856548400e+16 4.461985143383676000e+16 2.350303458002898400e+16 5.350883768944581600e+16 1.733436351326249000e+15 -7.872727360788858750e+14 2.736822688277584800e+16 1.565182498794892200e+16 6.262486858061598000e+15 2.451808925061284800e+16 2.980797413372254000e+16 -1.876452116220895600e+16 6.703868615515954400e+16 -1.109941638613041440e+17 1.426544005503251200e+16 2.481346781229647500e+15 6.742844646035906000e+15 2.591184603870821600e+16 -2.062661743880401600e+16 1.730551824366068000e+16 2.437993997261408800e+16 1.516949030839769200e+16 3.321455717792046800e+16 2.172956649858914400e+16 1.132704471343908800e+16 1.757554332887740600e+16 2.222918431001427750e+15 6.588296773568693000e+15 2.068981356967391200e+16 5.023077787048116000e+15 2.432667968351658000e+16 -4.841151566054828000e+15 1.948495104768939200e+16 1.911835038345518400e+16 2.199483862239248000e+16 1.232822402615961400e+16 1.395960138081660250e+15 2.369359644678620000e+16
-2.813835004127023616e+18 -7.018115337516534784e+18 -1.314774472026550560e+17 2.108006125558609408e+18 -1.109111494648740096e+18 1.769812561530325504e+18 -5.667063250255160960e+17 2.118834265093701632e+18 -2.110354749838354560e+17 -3.671281675972441600e+17 -2.818843409059950400e+17 -1.586357776722017280e+18 -6.481273319185061120e+17 -4.031207447188909440e+17 5.420039871079643200e+16 3.927052761738256640e+17 3.469765155060165760e+17 -2.420457912835555520e+17 5.872558835972350720e+17 9.029136816067104000e+17 -3.567872061989080576e+18 -2.271830812063265280e+17 9.592455750156838400e+16 1.403813520552536480e+17 6.094862361438128640e+17 -1.489566762313867520e+17 -9.876923797900824000e+16 4.603176714853217600e+16 1.791612774366206080e+17 1.206979068668873120e+17 2.398575342898143360e+17 -9.644891644248833280e+17 2.268034900862623488e+18 1.060811210151542400e+18 6.276020702796033024e+18 5.973449126968829440e+17 7.146316557039112000e+16 4.588944927041756800e+17 -7.484248037809287680e+17 -2.653770150155667520e+17 -6.760517271865484000e+16 1.212121852275889280e+17 -4.278680708699716480e+17 -1.451052556353873920e+18 2.532442948569046400e+16 -9.838395626823708800e+16 -9.277051633298347200e+16 -7.407224958611203000e+15 -5.757890537827952800e+16 7.331672913347230106e+19 -1.373347892451400960e+18 1.009019720086591744e+18 2.639345760532859840e+17 2.038404196203099136e+18 -7.913563146486547200e+16 2.993377283262690800e+16 -9.142224137801462000e+15 -3.714100668376883840e+17 -6.470089272714307840e+17 1.997547883756486080e+17 1.965673847019862400e+17 -5.320448663673612000e+16 -1.714685074104372160e+17 -3.216248912351670000e+16 -3.479296043085589760e+17 2.619302973435529920e+17 9.338161751696296000e+16 -2.039668913037061200e+16 1.681107119072537920e+17 -8.731452772515617600e+16 -2.313752594963180480e+17 8.854617499935804160e+17 -5.361753827423998400e+16 7.570947030833192960e+17 1.317100273561704960e+17 -4.241553341957575200e+16 -6.723656373482773600e+16 -5.069536962190277760e+17 -3.901477618109559680e+17 6.035177666398484800e+16 1.309591069838867200e+17 9.640235643660875200e+16 -1.464826003287791360e+17 -4.723519831357591040e+17 -1.096594208261825760e+17 1.448557082069473600e+17 -1.274715487396592000e+17 7.494415770067284800e+16 -1.060051108042846400e+17 -4.227685971051513600e+16 1.298392467125364800e+17 1.692207179049465600e+17 1.928195384706816000e+17 1.921839315407699200e+17 1.011853671192913280e+17 4.461199997836912000e+15 -4.296424344183436000e+16 2.480694429889959680e+17
3.664511339079122944e+18 -1.327242231000992640e+17 -3.429560079744251392e+18 1.306140807306612992e+18 -1.204322005403734221e+19 -2.200866250178520800e+16 -1.891385512366707200e+16 7.757768269854087680e+17 -5.817661007344885760e+17 -1.528624225635182336e+18 -3.673107480229179904e+18 1.479321672810377600e+17 -4.805228457437326720e+17 4.672391642604504960e+17 1.181484452626472320e+17 -1.024610772975494600e+16 8.198770556870711040e+17 5.210750228636768000e+16 -6.498656075677844480e+17 1.857218292148162560e+18 -1.069171297035271520e+17 4.061510883519529600e+17 6.698684020488907520e+17 -1.007023765689776128e+18 3.776433700747767040e+17 1.016266733246946400e+17 2.306292519017125120e+17 -9.184819967163622400e+17 5.915620223020058880e+17 8.968204314613560000e+16 -1.017603165624842600e+16 -2.595334543213781120e+17 5.319937849875903488e+18 -8.375490656456640000e+17 3.423327716093623040e+17 1.346265960841500928e+18 -6.539233914185759200e+16 -2.039740680305813120e+17 -8.026465698601038080e+17 -7.835354418978062400e+16 -4.340596933101086000e+15 1.693663790236008000e+16 -1.680454287067800200e+16 -5.654899804684012800e+17 1.846769216444735680e+17 -1.763977224943673000e+16 -1.513358686172902720e+17 1.924089614417048000e+16 -2.786865605894300160e+17 -1.373347892451400960e+18 4.480210012000762266e+19 1.928354364391843840e+17 6.622038689004500800e+16 -6.635445716500378880e+17 4.420901949498627840e+17 -7.799595970395145600e+16 1.045834869760720320e+17 4.454522351819642400e+16 -7.423380121445192960e+17 1.970866471629128125e+14 -1.849680334364832960e+17 -1.477413066453097400e+16 3.493300912053575000e+15 -5.696242084345079200e+16 -3.291178295286147840e+17 2.538863224203580160e+17 -1.194349025312148960e+17 -1.094087222488200160e+17 -6.887283867846310400e+16 -1.405653518708913760e+17 -7.677547644336899200e+16 3.345505130337378560e+17 -4.599201991346460800e+17 1.839253622936721920e+18 -2.524586617669367600e+16 -8.135634802749201600e+16 1.745466996640778240e+17 9.386481424125917440e+17 -7.934638351025864000e+15 1.322859935275316800e+16 -1.537275203108240000e+17 1.917710304479342400e+16 -1.735247882967199400e+16 -3.773972255083362560e+17 2.601436387585441280e+17 1.183742339391232200e+16 -1.114393260008340960e+17 -3.693884970629621600e+16 -8.033798388112099200e+16 6.082200930152718400e+16 -2.981178301864051200e+17 2.101052258033666240e+17 -1.302137544437085920e+17 2.466562863383878080e+17 1.700169417850742720e+17 7.643345734366340800e+16 -1.263846463024791200e+17 1.145531390026762240e+17
-1.266664839105687808e+18 -7.668115621818947200e+16 -2.063313672433182400e+17 -7.583316824258213000e+15 3.204313750634900992e+18 -1.732118134406315250e+15 3.318357835603526800e+16 8.292694913277976000e+16 9.436028258850030400e+16 2.086535922806635520e+17 4.530282780935901440e+17 -1.490808161930375040e+17 7.671957189749444800e+16 7.031978745776541600e+16 1.433530578320255680e+17 7.317827926887297600e+16 3.563386868910300400e+16 6.619389170042145600e+16 -1.419476487481055800e+16 1.407151085171646720e+18 6.491061821156948800e+16 -3.835623767155600000e+16 1.044992022107760320e+17 1.148317030868758240e+17 1.527720576145559400e+16 1.051090389389473440e+17 6.082907947707120800e+16 7.221982333292860000e+15 7.113316798989521000e+15 3.107976268284693200e+16 5.041178242630150400e+16 4.703053877936534400e+16 6.051867816730081280e+17 2.673780049036038400e+17 4.910972620565927680e+17 4.956717211284188000e+16 1.726704562438966720e+17 7.264832969012054400e+16 3.150301497266707200e+16 2.950013152834988000e+16 7.838695803258494400e+16 4.372502742964027200e+16 1.075832461105266750e+15 -6.521338042916935200e+16 -5.386470784083228000e+15 3.803067642523199200e+16 1.321539335415773800e+16 3.316172137142434400e+16 7.427487296561779200e+16 1.009019720086591744e+18 1.928354364391843840e+17 1.192009083961010176e+18 1.878977830688630720e+17 -1.745478680316114560e+17 4.417878911259564800e+16 1.264519743487517600e+17 7.425357177633032000e+16 3.931683722508872800e+16 -4.525529128216693600e+16 5.852635626088457600e+16 4.662751581212660000e+16 3.278194703187868400e+16 9.107043121022808000e+15 2.514810182272646800e+16 -4.303895241831767200e+16 8.699498260107697600e+16 4.695019495937152000e+16 6.467522855098688800e+16 4.700626889660347200e+16 7.310129010864980000e+15 -1.001146892747844400e+16 9.407725340028359680e+17 7.447773376429836800e+16 1.676986765528721280e+17 6.694450015486440800e+16 3.919408352252532800e+16 2.405815333678685200e+16 -1.580591189226863600e+16 1.171809643667845200e+16 6.964689977998988800e+16 2.042255870278351600e+16 -5.658259004359953000e+15 7.210753954445870312e+13 9.352844192906874000e+15 7.343480869596046400e+16 5.721889796630272800e+16 2.794547408531608400e+16 1.742332643610562400e+16 5.823744344363979000e+15 2.082632144211925200e+16 1.893892946575488000e+16 4.170612406117668800e+16 5.290197998372954400e+16 2.022175321704533200e+16 2.783088589885818400e+16 5.189103768900529000e+15 1.424827036434218400e+16 6.701419661694387200e+16
-3.220825609183651840e+17 4.439655230210073600e+17 1.977760166495123200e+16 -2.106111834014513280e+17 4.240330915417099200e+16 4.598546475704595200e+16 -2.798637488623699600e+16 7.277779858127838400e+16 3.150010253115143200e+16 4.413626740507941600e+16 8.824175285815584000e+16 1.072140368372031520e+17 -6.399214152993224000e+16 1.412457868894152600e+16 5.746822275893292000e+16 1.899371196876010880e+17 1.106948223546938880e+17 6.789401693197415200e+16 6.492622324017532800e+16 5.986377849219032800e+16 2.381670236303653120e+17 -8.481825281013545000e+14 7.266659037361199000e+15 7.144524803410684000e+16 1.988449949581674750e+15 1.506003565319096000e+16 9.662809196387403200e+16 1.451003684030981120e+17 3.892728549522258125e+14 1.745214995704930600e+16 3.607828977545869600e+16 -8.081731686493704000e+15 4.182153920510527360e+17 1.087166204835196960e+17 1.407618951415190080e+17 3.281577310889088800e+16 5.161358995126052000e+16 1.062244092096868800e+17 3.407069546417416000e+16 -2.339134434306994000e+16 3.005004709994788000e+16 4.818311086115193600e+16 2.745584187307879200e+16 5.396513068074119200e+16 -6.589234589676129000e+15 1.945876972028256400e+16 8.584866854760347000e+15 1.080146981066752750e+15 6.730936849701360800e+16 2.639345760532859840e+17 6.622038689004500800e+16 1.878977830688630720e+17 6.712366306348542720e+17 -3.373125893713843200e+17 5.473376785102697600e+16 4.624091470032744000e+16 1.045782328989229760e+17 2.490783494522325600e+16 4.014142933389628000e+16 3.400350959694464400e+16 4.699063818327942400e+16 5.187053355123916000e+16 1.052300376847455400e+16 2.099060146867289750e+15 1.765582822863465600e+17 2.890026870262996000e+16 3.918135973582754400e+16 7.197761521833044000e+16 1.478934601234102800e+16 -4.648772104192717500e+14 -1.936112972121041750e+15 2.650905823971687040e+17 2.072664635644774720e+17 -6.690767173847548800e+16 1.025723323598593800e+16 5.323007914192476800e+16 8.291174064054592000e+15 1.777073510026029760e+17 2.902233341875408400e+16 2.230777514879608000e+16 5.519768217124942400e+16 4.225147788897141500e+15 -2.343121640022572500e+15 1.072509698384615520e+17 8.152368780770873000e+15 1.125848742650157000e+16 4.613062841166896000e+16 -2.338019922595602000e+15 6.879400787641952000e+15 1.801332777012139250e+15 1.350795713717390080e+17 -8.516250297677202000e+15 5.029330317620105625e+14 3.864715972893081600e+16 4.680138355070501000e+15 1.536547046606660600e+16 -3.653277004399591000e+15 5.787501118488860000e+16
-5.724357471352124416e+18 3.769940107323784320e+17 3.049457689192900096e+18 2.929386387257963520e+17 2.314845984275532800e+18 1.445942560047463424e+18 4.933564308247434880e+17 5.946174265022997760e+17 5.668839029196485120e+17 -5.049671014916016000e+17 4.808345614991690752e+18 -8.310730296935644160e+17 2.775317697691758592e+18 2.253663522974988800e+17 2.396616490076358080e+17 1.381776946105238272e+18 -2.158821996177359040e+17 4.559615455713456000e+17 8.227153835274494400e+16 4.111544139689358720e+17 4.330389064592305152e+18 -9.018953034813747200e+16 1.868646627853479040e+17 1.132304448875167104e+18 -1.522968161900505600e+17 -2.577668444661028160e+17 -5.066771085850023000e+15 1.196764962512531200e+18 -7.822553997866336000e+16 -7.828135831153033600e+16 1.194341910653110080e+17 -3.890025410881779840e+17 1.077145574450486528e+18 -3.078030991005617920e+17 6.088111705657129984e+18 7.676677483256792000e+16 -1.051110694278164480e+17 -4.136049787563125600e+16 2.247121154585535232e+18 1.906775307961643200e+17 2.369969439249121280e+17 7.041068444919839200e+16 -2.202012562687239600e+16 7.475737853718101760e+17 1.326451094962604000e+17 1.198970872830082400e+17 3.007505797268262000e+16 -3.922837683770299200e+16 -1.132361872439422560e+17 2.038404196203099136e+18 -6.635445716500378880e+17 -1.745478680316114560e+17 -3.373125893713843200e+17 6.167597317731235430e+19 1.050058000830887680e+18 1.549113628829303680e+17 -9.580297381974600000e+16 -1.769981349934872000e+17 1.149102160205390336e+18 -8.244145829052926400e+16 -6.587918139684027200e+16 -1.700175074499569280e+17 -5.560436711570873600e+16 -9.193783386216712000e+16 5.497886168455342080e+17 -7.814329682928160000e+16 -7.813841204825526000e+15 -2.517517758589642000e+16 -7.907127838074561600e+16 6.464730396308138400e+16 -2.351780858408598720e+17 1.741526447207347968e+18 -4.104867618189066240e+17 -1.921789036427993280e+17 2.277603887673918400e+17 -1.446716458755040320e+17 6.964223632019924800e+16 2.235381613719812160e+17 -4.250840726150764800e+17 1.676624104804594880e+17 -2.573713287057050400e+16 1.586218898806959400e+16 1.563131200680550200e+16 7.777494328677478400e+17 1.837155916507208400e+16 4.138486054895708000e+16 -4.232657588597215500e+15 -3.220773263722724400e+16 9.168782274553523200e+16 6.108937082629074400e+16 8.173220085962563840e+17 1.511549239055289280e+17 1.590301054705515520e+17 -3.413632740083475840e+17 9.317846731139870000e+15 -1.337874139619768640e+17 -2.357322986230659500e+15 1.380875568979343200e+17
1.768885879561101760e+17 1.096304422127966240e+17 1.210797371587733920e+17 7.211591260947710720e+17 -1.948227706058553344e+18 1.355542935788393760e+17 2.634072526646738880e+17 -1.350009206102167040e+17 1.881145188956696000e+16 -1.161152295966260160e+17 1.495563478295084032e+18 1.873951725202858560e+17 7.183751597791000000e+16 1.547563374572347520e+17 -5.937895491563584800e+16 1.869222718670978000e+16 1.594826703685183680e+17 -2.923387503669431600e+16 -1.216933793602765600e+16 6.235374848537054720e+17 -4.874968777716373600e+16 4.142609826942255200e+16 6.824918527046000000e+16 3.021397792096080400e+16 1.448993515818337600e+17 1.805981681211429200e+16 2.745435575022425600e+16 -5.123262637168026400e+16 1.139857439586283840e+17 4.040110792226013600e+16 -4.454399005751800000e+15 2.706369706504114000e+16 1.258140750888173440e+17 -1.478037194579116400e+16 1.533387507890744640e+17 1.624282261289069440e+17 -5.482822118613246000e+15 2.232163930096417600e+16 7.716258273039699200e+16 1.821222860479410880e+17 5.954152705473892800e+16 1.131125971276806000e+16 2.312551886812949200e+16 -1.220430149431011520e+17 9.695532939978614400e+16 -5.878519935407755200e+16 1.654833355284050800e+16 2.508119388618414000e+16 -3.440614642531169600e+16 -7.913563146486547200e+16 4.420901949498627840e+17 4.417878911259564800e+16 5.473376785102697600e+16 1.050058000830887680e+18 1.411378845242138112e+18 9.196428699656251200e+16 2.257978220083088000e+16 9.366752070376666000e+15 2.589600293823489600e+16 1.554930531633761920e+17 1.354519000417898000e+15 4.686296344267223000e+15 2.337809447454402000e+16 1.102784665420749800e+16 -9.236495334440539200e+16 1.429418863534646880e+17 2.344571407106136000e+16 2.622231152087161000e+15 4.370314165900970400e+16 5.436974987307315000e+15 1.117890451534825000e+16 -6.526919386694932800e+16 1.227837228546670800e+16 4.484850111060839680e+17 1.946124535995102800e+16 2.951744715022189200e+16 1.554822272816192000e+16 5.650770592322457600e+17 1.271351309371216320e+17 -7.542479816853765000e+15 4.837631944207146000e+15 1.281336172059520400e+16 6.311232982649859000e+15 7.338222905177640000e+16 9.147627054020513600e+16 -1.367340235838045750e+15 -1.164884740350856400e+16 1.113705752137875600e+16 4.346614678882283000e+15 2.255391887066950400e+16 -1.128398928127040480e+17 6.705319612585035200e+16 4.007451259449631000e+15 -2.427935598855224000e+16 -2.112150395660778000e+15 -1.689848332397359200e+16 1.800802052613061000e+15 -1.964074160358388750e+15
-7.901571599145907200e+17 -2.224978526773290800e+16 -1.227772546822190720e+17 1.020429824968979520e+17 -6.416637241778231040e+17 -2.020032695533862400e+16 -2.113108607800756800e+16 1.063849898514793120e+17 7.841957277157344000e+16 7.871806017459731200e+16 1.217758815104094400e+17 6.604333109004792000e+16 1.308702284731230720e+17 7.182101614867816800e+16 6.343309757816854400e+16 8.561578140063079000e+15 -1.781326250830357400e+16 2.494886292391223600e+16 -2.969252320171132000e+15 3.290283444916878720e+17 -3.193668914720330240e+17 8.565094933726670400e+16 6.357742900281783200e+16 -2.189754408460565200e+16 -1.599968252875808200e+16 5.209909603601261600e+16 1.598737823154976600e+16 1.485325107784714400e+16 3.412010026678930000e+16 4.737141644096144800e+16 3.370374937357124800e+16 7.926546299268193600e+16 -3.299909924692314000e+16 4.252081342837116000e+16 -5.799617047259865600e+16 -2.508292468085644000e+16 2.039410586082564400e+16 1.099838099271177400e+16 5.471540775473208800e+16 7.706116599299020000e+15 5.777496087738668800e+16 2.012967106773329600e+16 2.616852548980420000e+16 2.421919651862028000e+16 -1.158669728258196000e+16 3.477791513723514400e+16 1.189218440746741800e+16 1.784409840521889600e+16 2.175128335949156000e+16 2.993377283262690800e+16 -7.799595970395145600e+16 1.264519743487517600e+17 4.624091470032744000e+16 1.549113628829303680e+17 9.196428699656251200e+16 3.627759855379107840e+17 4.425389104614392000e+16 3.493302518210895200e+16 -4.923229068761803000e+15 -1.279512850085883200e+16 6.045094934130722400e+16 1.405201289759489200e+16 8.134997153487009000e+15 6.296141644154585000e+15 5.591232220225108800e+16 2.874462340880092400e+16 3.699562339264917600e+16 1.881149655392947600e+16 2.459162603321592000e+16 1.025029662204124400e+16 3.588299912944766800e+16 2.335666739321874560e+17 1.843484250216826400e+16 -1.786892593229805200e+16 6.850111454648747200e+16 3.204032135609244000e+16 3.148277225186754800e+16 2.062993049184938750e+15 9.228509143850628000e+15 4.104036494639364800e+16 3.828773453956851500e+15 9.524367665514978000e+15 -2.427428507037022500e+15 2.209417826571310400e+16 2.566255517565482000e+16 3.452721786280330000e+16 4.613269156913695625e+14 1.924878489199546400e+16 2.924240245078313500e+15 1.175181821260058000e+16 4.623069830964868800e+16 6.039240500799778000e+15 2.751899355092462400e+16 2.303889138704759062e+14 6.804391062352426000e+15 3.024368011071897000e+15 7.261800252247916000e+15 1.561623544860243200e+16
-2.391588224839604480e+17 2.047115606822179840e+17 3.246628950430536400e+16 -7.165200378114985600e+16 7.579252971445721600e+17 -6.304873843733878000e+15 1.119676368204577120e+17 -7.538434600672940000e+15 -9.925865833293600000e+15 -3.394633037399684500e+15 5.590945434331755520e+17 6.596131945788632800e+16 2.109374361109238500e+15 2.759791587051874800e+16 1.851526213325228000e+16 5.593204899723393125e+14 3.662182829870675200e+16 6.822259807792352800e+16 4.753888179419008000e+16 -1.417547686904270400e+17 1.163451711242832960e+17 3.464083957110145600e+16 1.376304034730328800e+16 2.423916213536979200e+16 5.925227409264149600e+16 6.445378850240764000e+16 7.668987458965812800e+16 -2.182032451826708800e+16 7.285716301802632000e+16 4.498746903242832000e+16 6.467658730045415200e+16 7.784599758324499200e+16 3.835695539446595200e+17 1.545561779737605400e+16 -1.887049028399292000e+16 9.964486984012763750e+14 2.922987283222499200e+16 4.117114056482286400e+16 3.132772240208753000e+15 2.617408678152021200e+16 2.847790713706828400e+16 5.035560600765047200e+16 4.057733135938754400e+16 -5.078562102359530400e+16 4.179361742679765500e+15 2.112999591803411200e+16 3.764384931953724000e+16 8.174887569413522000e+15 3.296609719298452000e+16 -9.142224137801462000e+15 1.045834869760720320e+17 7.425357177633032000e+16 1.045782328989229760e+17 -9.580297381974600000e+16 2.257978220083088000e+16 4.425389104614392000e+16 2.378788169718476800e+17 5.505870155285176800e+16 -6.573384711687757000e+15 2.471123775107889600e+16 1.984111304834990400e+16 4.286751458312585600e+16 1.486573379108669000e+16 1.268433868560962600e+16 -2.935764345412278400e+16 1.773084077015560000e+16 -1.987016277106054375e+14 3.798570289684303200e+16 1.901413210354605600e+16 7.683288644010796000e+15 1.851869665981046000e+16 1.622756429558998400e+17 6.642385586739718400e+16 -2.924477004269876800e+16 2.606486717088297600e+16 5.082437951735770400e+16 3.535910549382506800e+16 -5.958819812192777600e+16 1.066442744110206400e+16 1.622181629289802000e+16 2.963820583769444800e+16 1.925312852823376800e+16 1.394701156595090200e+16 3.398459854271916400e+16 2.529110219098733200e+16 9.242360731132150000e+15 2.299090280314234800e+16 2.218057676503103600e+16 4.837374281277582000e+15 6.146645332457002000e+15 -1.238583101200850200e+16 1.750776274306070800e+16 -5.385592743553179000e+15 2.484299024219977200e+16 8.290464827518473000e+15 3.182077916854551000e+15 7.507989408348015000e+15 1.282591022973934800e+16
2.935797050728392960e+17 3.278592077847866880e+17 4.169542265002332800e+16 1.812650703140545600e+16 -3.338677164291539840e+17 5.801126960859433600e+16 1.237023854967030400e+16 1.613536571286643840e+17 1.440242056031140800e+16 -5.862242344971633600e+16 -4.077087534007700480e+17 7.464590453694075200e+16 1.954460144118810800e+16 1.198613241260537600e+16 5.588859364990457600e+16 -2.301209879451296000e+16 -3.053726454137415200e+16 2.468750908006155600e+16 6.604843463067424000e+15 -1.125593513562698560e+17 2.435959711318867200e+17 6.153513096534512800e+16 -6.626146480474247000e+15 -1.880189367447847200e+16 6.253295597162604800e+16 3.499456533464798400e+16 5.121729053835408000e+16 8.170074152266851200e+16 3.263013761131812800e+16 5.149457243907064800e+16 6.523889203807643200e+16 8.782090149698145600e+16 -1.407874064137190250e+15 -1.059259877640839360e+17 3.847021746332878720e+17 -4.186814093063740000e+16 5.845327399809582000e+15 4.055383895797665500e+15 7.652495851321016000e+15 2.399751674270044400e+16 3.284863322204151600e+16 2.824475798933871200e+16 6.382892730332992000e+16 -7.265630734962544000e+15 -2.758077612310127000e+15 -8.086098516842635000e+15 -1.869776584212224375e+14 3.714552779042340800e+16 1.359639508399335000e+16 -3.714100668376883840e+17 4.454522351819642400e+16 3.931683722508872800e+16 2.490783494522325600e+16 -1.769981349934872000e+17 9.366752070376666000e+15 3.493302518210895200e+16 5.505870155285176800e+16 3.369291463408319360e+17 2.057725146803024000e+15 9.917225342394302000e+15 2.255586762092005000e+15 1.118793031178310400e+16 3.234748944336428800e+16 8.080408285909078000e+15 5.764691589952115200e+16 2.154406209699690400e+16 -1.026934759992566400e+16 2.063402500654039600e+16 3.905068690474640800e+16 1.311888193663980600e+16 2.783083255279978400e+16 2.750466082980363600e+16 7.024669203668449600e+16 4.048463538234235200e+16 4.403081624618395200e+16 2.898190901796629200e+16 5.116700084546666400e+16 1.854545052028638080e+17 2.733633890029042400e+16 6.282884744427340000e+15 1.562971699657168000e+16 2.582917668152465200e+16 -7.289588047444925000e+15 -4.056036759284159000e+15 -5.849131158019922000e+15 2.152121401646969250e+15 1.490118352153126600e+16 3.594917644134764400e+16 9.627609402337856250e+14 1.039526784822712400e+16 2.046804394670576400e+16 -2.404232752860066800e+16 1.197702600961447600e+16 1.033734527907756200e+16 2.316265201820353200e+16 9.965254367827758000e+15 6.437459596545411000e+15 9.952155277668856000e+15
2.133270990462903040e+18 2.407946057043151360e+18 6.866603600734266880e+17 5.840153584275596800e+17 5.948808951085070080e+17 1.002441394175691008e+18 2.606479097864688960e+17 9.753925565303004160e+17 1.797018429352890240e+17 -2.421027962834929200e+16 1.735224553017792256e+18 1.363666337888456800e+17 1.114257113864803712e+18 -1.879653033050840320e+17 -1.038698538038172960e+17 1.181788192332655872e+18 -7.168772269528598400e+16 -1.489798602065913920e+17 5.854917733689105600e+16 5.755906751779216640e+17 9.360522541476256000e+17 -2.095958081069634240e+17 -2.735027992917448800e+16 1.293645600843963392e+18 -6.971730917037630400e+16 -5.706730278211108800e+16 3.102030300966758400e+16 1.089044354220032896e+18 -4.683660381062331200e+16 5.047306365054296000e+15 2.454042555582170400e+16 3.012434139887516400e+16 3.861901426952410240e+17 1.018899764941929200e+16 1.206655512759503680e+17 -1.352450556624953760e+17 2.608369522947856000e+15 1.249540296735483000e+16 1.126488159471857792e+18 1.969832919132788400e+16 -1.199225450485255000e+16 2.370081757246657600e+16 -1.873482892863690400e+16 1.289581828614156032e+18 4.499585380293520000e+16 -1.923171323960490800e+16 -6.071429523404928000e+15 1.104644447461409800e+16 5.064702435774084800e+16 -6.470089272714307840e+17 -7.423380121445192960e+17 -4.525529128216693600e+16 4.014142933389628000e+16 1.149102160205390336e+18 2.589600293823489600e+16 -4.923229068761803000e+15 -6.573384711687757000e+15 2.057725146803024000e+15 2.979750335250371584e+18 6.004091475464120800e+16 -2.210470089084008800e+16 2.125217332149491200e+16 2.244292230151798400e+16 6.155440986316350400e+16 1.139015898892840320e+18 2.596193472313104000e+16 -6.437866045688548800e+16 -2.513489537322186000e+16 1.039592787689301600e+16 3.146940509031920400e+16 9.758002955938118000e+15 1.652145172842843200e+17 -7.150124940148072000e+16 4.259540249951539200e+16 -1.126502261370816000e+16 3.373451983372920800e+16 4.017303629315889600e+16 1.190194827425309696e+18 8.806910469049219200e+16 2.886829565858869600e+16 2.163807185356630800e+16 4.726688913195935000e+15 2.531183889913800400e+16 1.054988021083216384e+18 3.029853977989096000e+16 -2.095785665772495750e+15 3.030105872827497600e+16 1.721497680165058600e+16 2.624787267893672000e+16 4.503421016667020800e+16 8.543559950768257280e+17 1.378126713206601000e+16 -1.746460662523708800e+16 -2.866828572009021600e+16 1.068697021077676800e+16 1.123561286519003600e+16 2.751743080476755600e+16 1.441097389980449500e+15
-6.336479206478169600e+17 3.051329971622033200e+16 -2.065632032335601920e+17 1.947839683774672640e+17 1.666722858126294528e+18 -4.002826533478052000e+16 3.416348261394673920e+17 -9.869648779344272000e+15 2.638361161181542400e+16 -5.910509456166709600e+16 -3.037840168501374720e+17 2.971023730692943360e+17 4.806586569019801600e+16 2.003937666381505600e+17 -3.991780641278202400e+16 -1.517676276184409280e+17 1.723921834187365120e+17 -1.888623330065349500e+15 6.212050625233486400e+16 4.325731456601030400e+17 5.186233898763678080e+17 1.312511660718412480e+17 6.875578800558828800e+16 -6.711756716210787000e+15 1.816753441316180800e+17 -2.156244502733640500e+15 2.969192658658049600e+16 -4.860703400186424800e+16 8.762917004582619200e+16 1.884310029225120400e+16 3.510082385928601200e+16 2.767148047416863000e+15 -2.125354919005413760e+17 3.217354973592438000e+16 -3.262413883212885120e+17 1.540859915233751360e+17 2.285944890276025200e+16 3.017762699219158000e+16 -2.672807406805748400e+16 1.448327270808871040e+17 1.201578846573006400e+16 8.765472781335064000e+15 2.184056003587282800e+16 -9.149973499275273600e+16 1.601785952319721920e+17 1.888107089984324000e+16 2.164217721218348400e+16 2.817156999319640800e+16 3.069744304479960000e+16 1.997547883756486080e+17 1.970866471629128125e+14 5.852635626088457600e+16 3.400350959694464400e+16 -8.244145829052926400e+16 1.554930531633761920e+17 -1.279512850085883200e+16 2.471123775107889600e+16 9.917225342394302000e+15 6.004091475464120800e+16 5.414036717559972480e+17 3.374598321315454000e+16 2.913739132233433200e+16 1.823801935835163600e+16 2.283778626473820800e+16 -7.476029040918486400e+16 1.857988602275020800e+17 2.862913910467891200e+16 1.682595814439470000e+16 3.275620254968561600e+16 1.314445324865449000e+16 -2.466374821891196500e+15 1.964902639011359360e+17 2.552196446060036000e+15 1.829200507080469120e+17 -2.194217410264832000e+16 3.714551555937851500e+15 8.502894099761195000e+15 3.090295729528310800e+16 1.862091286872097600e+17 3.063513843236643200e+16 1.954264817123295600e+16 2.626902004944761600e+16 3.567724084920195000e+15 -4.054507494796065600e+16 1.534632459359542080e+17 7.826795498321093000e+15 -9.836390056651365000e+14 2.611781590478342500e+14 1.078778988430496600e+16 1.186637808326115000e+16 -9.539245883624640000e+16 1.392535027982237600e+17 4.871151015548562000e+15 -1.804989414263128000e+16 1.914000491625378250e+15 5.229252573493690000e+15 1.139445518675022000e+16 -2.965199919417086000e+16
-2.194538200563606080e+17 -1.800041835187242880e+17 -1.498058486149018240e+17 1.127138869144165000e+16 9.286762571313194240e+17 -1.776488001291996400e+16 -4.687920163174076000e+16 4.904864891408169600e+16 1.029242023281023040e+17 1.288934729662796800e+17 1.086103124282692000e+17 9.243493464698481600e+16 8.387151989307752000e+16 1.066672380014117440e+17 1.466525409426042240e+17 8.491350580928561250e+14 3.082569611056066400e+16 5.709000214901724000e+16 -2.412158577907088400e+16 -5.013659197294388800e+16 2.921948305487272960e+17 8.213338668831835200e+16 4.530628627487725600e+16 2.958052229038978400e+16 3.313350379077933500e+15 3.126263577154860400e+16 8.984314902802354000e+15 -3.473918596190738800e+16 9.696319534701048000e+15 1.799155080757947800e+16 1.002656789626557000e+16 -6.336303036518077000e+15 1.154804067663961120e+17 1.401751983839971840e+17 6.342663787115657600e+16 1.441559378396308800e+16 5.031533313506406400e+16 2.005358764916706000e+16 3.363998325842569000e+15 1.333677428494885600e+16 3.641127425370980800e+16 1.312301287905987600e+16 2.210589805752319600e+16 -4.285576245888285600e+16 2.896488512430929200e+16 1.010720629373968320e+17 4.952043849000292800e+16 3.524100751271199375e+14 2.956363532856548400e+16 1.965673847019862400e+17 -1.849680334364832960e+17 4.662751581212660000e+16 4.699063818327942400e+16 -6.587918139684027200e+16 1.354519000417898000e+15 6.045094934130722400e+16 1.984111304834990400e+16 2.255586762092005000e+15 -2.210470089084008800e+16 3.374598321315454000e+16 2.677351293878576320e+17 1.932799083308652800e+16 1.046537014583331000e+16 2.513238282856097200e+16 2.079188578735000000e+16 1.349623503380645000e+16 7.870349156562396800e+16 2.234212815399844400e+16 1.274471001977911400e+16 1.339827413287038000e+16 1.409022590660156600e+16 5.316721376556182400e+16 3.008588502290903600e+16 7.792250229088739200e+16 4.369834565169686400e+16 1.687995489804197800e+16 1.199634243856749800e+16 -1.650290947769571200e+17 2.383544318978001600e+16 6.334046113630977600e+16 1.323588991236190400e+16 7.795885420275680000e+15 1.891870163559754000e+16 1.548925456605251200e+16 2.353261941842094000e+16 4.029045715134640800e+16 1.228597476835444400e+16 8.656392873689978750e+14 1.087085298488951200e+16 7.865358112679376250e+14 8.209881249837991000e+15 5.413335063473328000e+15 4.585171650326144000e+16 7.806227755322209000e+15 -1.519380483981329600e+16 2.544712398861228000e+15 -8.060768209254522500e+14 8.068849601810936000e+15
-1.019997591369547200e+17 1.994192427857007360e+17 7.040219411589926000e+15 2.492221851421103600e+16 8.686229266747138560e+17 -4.921211791540357000e+15 1.315832402032278200e+16 4.725579255157364800e+16 -6.754247440106977000e+15 -5.989023205799140800e+16 1.028134475865674240e+17 1.587586206138200640e+17 1.201155100779015840e+17 4.893478166290444800e+16 1.734493477139078200e+16 2.470913411850693600e+16 7.424001573377776000e+16 4.230742859944155200e+16 1.057266476040080320e+17 -1.390151617569713600e+17 2.726128500124299840e+17 -2.154017285651667200e+16 -1.440385871426176000e+16 3.596017864940598000e+16 1.652972917831316200e+16 3.783755298698851200e+16 7.403095037945464000e+16 7.169994908432874400e+16 -2.414561902114103600e+16 7.182588052690281000e+15 3.916997906379284800e+16 2.991061649243209600e+16 3.997452822694771200e+16 -1.188825631793038000e+16 6.256147923123601600e+16 2.380075608775667600e+16 5.480089402749512000e+16 5.669286993355104800e+16 3.217910965226082800e+16 1.754351408351452600e+16 2.782109220384517600e+16 3.240818055349686000e+16 2.325630409189705200e+16 7.208742141069328000e+16 1.510688276797170600e+16 4.187712557986479200e+16 6.409168756656125600e+16 1.637623594113329400e+16 4.461985143383676000e+16 -5.320448663673612000e+16 -1.477413066453097400e+16 3.278194703187868400e+16 5.187053355123916000e+16 -1.700175074499569280e+17 4.686296344267223000e+15 1.405201289759489200e+16 4.286751458312585600e+16 1.118793031178310400e+16 2.125217332149491200e+16 2.913739132233433200e+16 1.932799083308652800e+16 1.808250622471408320e+17 2.464881576146216800e+16 2.510020010503887600e+16 4.764634192928799200e+16 1.646814906119376600e+16 4.975679781207744000e+15 4.587112628641332800e+16 1.222859081599880400e+16 1.489035275284826800e+16 4.349316228263836800e+16 1.954953148182550720e+17 3.919768623633935200e+16 -7.895895360065886400e+16 1.466153750801951800e+16 2.553505812844325600e+16 5.283471489747609000e+15 6.437864919868509000e+15 2.318948988598199600e+16 2.174083530987024400e+16 3.116040817383504800e+16 1.226106709234403400e+16 2.103422265649469200e+16 3.465308556803352400e+16 1.491667270573996200e+16 1.712908462457766600e+16 1.791852903125866000e+16 8.678271324368381000e+15 1.505363133439043400e+16 5.544347333642834000e+15 4.412060434993653600e+16 5.613662656460040000e+15 -4.923342599091620000e+15 1.385135009863404800e+16 7.528021485284099000e+15 1.060632354923822800e+16 2.764678099059113000e+15 5.893450784339016000e+15
1.262434124346531200e+17 4.107281110245873600e+16 -3.123264512295496800e+16 -5.467025473016638400e+16 -3.011393641921793920e+17 -6.105314211957768000e+16 8.120650744494857600e+16 5.099874437344448800e+16 1.838460001726077600e+16 -7.039565745969150000e+15 3.694976807789260000e+16 7.316605219351310400e+16 5.737762737094628800e+16 -1.783859606215466400e+16 -3.249177766666877500e+15 2.799351453749752188e+14 -1.450118190122091600e+16 -1.507676336529116000e+16 8.193406856375596000e+15 -1.630401825246281600e+17 1.200192238891122880e+17 4.403809992753802000e+15 2.704972068467353600e+16 -3.886174122026066400e+16 1.337106678625256600e+16 3.836267919544246000e+15 1.537577809141671400e+16 1.608191383417259600e+16 -3.860669375060140000e+15 1.048656134792543000e+16 2.479965323576010400e+16 3.397184440538033200e+16 -3.150936755844230400e+16 7.605126612272102000e+15 -1.142480527009553800e+16 4.501204519600173500e+15 1.627499209760720800e+16 -9.080547413285204000e+15 -1.223560107349822200e+16 1.343497311827294000e+16 1.676998570794768600e+16 2.276960233856871600e+16 4.020841994593033600e+16 2.360157256299294400e+16 1.063312757022032000e+16 2.943838630401638800e+16 1.872963639632502400e+16 3.496016314754538400e+16 2.350303458002898400e+16 -1.714685074104372160e+17 3.493300912053575000e+15 9.107043121022808000e+15 1.052300376847455400e+16 -5.560436711570873600e+16 2.337809447454402000e+16 8.134997153487009000e+15 1.486573379108669000e+16 3.234748944336428800e+16 2.244292230151798400e+16 1.823801935835163600e+16 1.046537014583331000e+16 2.464881576146216800e+16 1.262903017098848480e+17 3.577918250882335600e+16 1.004670612422293800e+16 3.882324930577117600e+16 1.109298074561080600e+16 1.962041380249928800e+16 3.136629992858127200e+16 2.262412984218986400e+16 1.834364584483703600e+16 -3.435303313227777600e+16 5.893453272609497000e+15 -4.865223477484924800e+16 -1.191560711171126800e+16 9.083398808138910000e+15 1.919787041072837600e+16 -7.890547698075884800e+16 1.399819346561520400e+16 8.740638036545812000e+15 1.133982657180817200e+16 2.593431624887939600e+16 1.596900708895592000e+16 1.568116342693824000e+16 1.253412115586325000e+16 1.030690988826718200e+16 5.083125524418191000e+15 1.423540566445873400e+16 7.699493619367102000e+15 9.522682061236612000e+15 2.625554858234250400e+16 3.053220985575897500e+15 4.898014680876951000e+15 1.073585480283434800e+16 6.721748793612522000e+15 7.055470909102584000e+15 9.777812197584142000e+15 -1.884042411447328750e+15
-4.206169728422318400e+16 -1.914496264562822720e+17 2.379946834559664000e+16 -9.960958163914057600e+16 -1.347844328800719840e+17 -4.455149398389255200e+16 -2.985518677143487200e+16 2.798472859222276400e+16 -3.660565928442703200e+16 -4.525718447786743750e+14 -4.148964274756154880e+17 -3.696414663886309600e+16 -5.728457510103253600e+16 -3.404502608577234400e+16 2.087007258790329600e+16 5.834077558532117600e+16 -1.672460364684027400e+16 -2.075353059671072000e+16 4.069190249986712000e+16 1.221416464960294080e+17 -7.585414006693472000e+16 -2.434642263858822800e+16 3.138285681553475500e+15 6.008457610181274400e+16 -2.631410081229408800e+16 -1.814321119234775200e+16 7.770947763013667000e+15 4.188216279246394400e+16 1.794492595194485600e+16 -2.953618922996589200e+16 -1.109534418463890000e+16 4.465908174833452800e+16 6.651768657806635200e+16 -1.857950690856505200e+16 6.633308639878577600e+16 -1.830953081571203200e+16 1.227119346255521600e+16 -9.346760690789164000e+15 4.727498297565437600e+16 1.649469429824064400e+16 9.758139641579102000e+15 5.882199551420625000e+14 1.571545022197555000e+16 5.922545657887116800e+16 2.434089837345926000e+16 2.550679126034494400e+16 3.352943469176780000e+16 4.036026114926104000e+16 5.350883768944581600e+16 -3.216248912351670000e+16 -5.696242084345079200e+16 2.514810182272646800e+16 2.099060146867289750e+15 -9.193783386216712000e+16 1.102784665420749800e+16 6.296141644154585000e+15 1.268433868560962600e+16 8.080408285909078000e+15 6.155440986316350400e+16 2.283778626473820800e+16 2.513238282856097200e+16 2.510020010503887600e+16 3.577918250882335600e+16 2.054307938630600640e+17 1.801792693455188000e+16 2.616051400483496400e+16 1.633464564650056400e+16 1.801591315684878400e+16 1.962389428664975600e+16 4.728686553502235200e+16 2.507140439277353200e+16 4.428677969804587200e+16 -4.769339295748354000e+15 -5.758541246737164800e+16 -9.838517088024884000e+15 3.987012521740679500e+15 -7.173624620861665000e+14 -9.126832949116958400e+16 2.991693591997426800e+16 1.447253745563229600e+16 9.197688549354616000e+15 1.555297483283846800e+16 3.174593364245040000e+16 7.171858770763267500e+14 8.842043730851325000e+15 8.961370032202669000e+15 -2.288478753073703000e+15 7.561778210933337000e+15 1.809803847779768000e+16 4.460514038422493500e+15 4.710832369059844000e+16 2.767092802141554062e+14 9.886698043214646000e+15 -4.635848926662396250e+14 6.926463954654004000e+15 1.445343025470765600e+16 2.210023781517065250e+15 7.761515678475782000e+15
8.527024476914306048e+18 2.280709757857995520e+18 3.481999333976972800e+18 -3.047341634023109120e+17 7.832321994398296000e+16 1.538119704168976896e+18 -2.015253999900678080e+17 3.417975383648313856e+18 -6.189699869684689600e+16 -4.909857583348378240e+17 8.746626567840478720e+17 -1.564457656817413760e+17 1.489484741014723584e+18 -2.114793773692557120e+17 -2.607462789121869600e+16 3.146694843074697216e+18 8.270767329741318400e+16 -6.538215251573831200e+16 -2.781492126828176000e+17 1.240895895041369856e+18 5.966595765429175040e+17 -7.772594250374918400e+16 7.295238871744872000e+16 1.081604743741199744e+18 -1.447208337663173120e+17 2.240481516054655200e+16 6.510162702810024000e+16 2.918006390103097344e+18 -8.180767684118664000e+16 1.474626790816135360e+17 -1.172646764833426400e+16 -6.229632437149846400e+16 1.476050361169241600e+17 -1.541375268039355000e+15 3.663413601055112320e+17 -1.630330703331223360e+17 -5.163597360882577600e+16 2.793686549951872800e+16 1.255343391829190400e+18 -1.130464222916707840e+17 2.644990660327621600e+16 3.704852791685632000e+16 4.068384063681394400e+16 2.932542145437032960e+18 -1.483887581771794560e+17 2.042464416170678000e+16 4.380496637007029500e+15 2.472838894512913000e+15 1.733436351326249000e+15 -3.479296043085589760e+17 -3.291178295286147840e+17 -4.303895241831767200e+16 1.765582822863465600e+17 5.497886168455342080e+17 -9.236495334440539200e+16 5.591232220225108800e+16 -2.935764345412278400e+16 5.764691589952115200e+16 1.139015898892840320e+18 -7.476029040918486400e+16 2.079188578735000000e+16 4.764634192928799200e+16 1.004670612422293800e+16 1.801792693455188000e+16 4.304311053315189248e+18 2.524398889247607600e+16 -2.607979669474775600e+16 -4.779922328888368000e+16 -2.883687506475488800e+16 2.250504475013663600e+16 3.168521066997402800e+16 -3.051639763887019520e+17 8.913289597764486000e+15 4.114437288380611200e+17 2.654303215735986400e+16 3.299380027997850400e+16 -1.661591418111044200e+16 1.949514196713229760e+17 -5.444403722140772800e+16 6.662733219779599200e+16 1.259051247493175200e+16 1.253204937391618400e+16 1.766223038559506200e+16 1.116418770611313920e+18 -3.640277074239441600e+16 3.548717531911023200e+16 2.441057992279106000e+16 8.903718868403141000e+15 -2.370782262915353600e+16 2.540946213848396000e+16 2.604230572908944384e+18 -1.416439301629298080e+17 4.566307909474548000e+16 4.862691966361488800e+16 -1.588758742997662800e+16 -1.302372529081967800e+16 -9.147899542899634000e+15 4.200213355804094400e+16
-1.189376242332794880e+18 -2.340173132950255680e+17 -7.910679818324870400e+16 5.080558762842893440e+17 -1.296422800497535232e+18 -6.110537132340808800e+16 3.702393323895580800e+17 3.370194886765735200e+16 6.338584328874650400e+16 -6.906515269523128800e+16 -1.438650001483652160e+17 2.895103498839463680e+17 8.614240140405040000e+16 1.591278602156784960e+17 -4.204436575913259200e+16 -1.338704704813449120e+17 1.512841975878221120e+17 -5.154304462115201000e+15 -1.486936953039641800e+16 2.954804039746105600e+17 4.059259019575028480e+17 9.824142621090388800e+16 1.020164808074911680e+17 3.836686419848390400e+16 1.859449799599094720e+17 2.255062947229651600e+16 1.915321687715335200e+16 -7.929799272258659200e+16 1.043842704516396800e+17 1.730972446969248000e+16 3.639019368053648800e+16 -4.233037878470590500e+15 -2.202346626585974062e+14 7.156512496485864000e+15 1.865332334468232640e+17 1.235883606782788800e+17 4.109053703535340000e+15 -2.238255493954587200e+16 2.821136605569646800e+16 8.274956861656035200e+16 -3.930185359583826500e+15 6.489193976875666000e+15 1.294810953945918600e+16 -3.971873010219898400e+16 9.427059200670195200e+16 -5.517324795734362000e+15 -1.130338314476712200e+16 1.135629870978729000e+16 -7.872727360788858750e+14 2.619302973435529920e+17 2.538863224203580160e+17 8.699498260107697600e+16 2.890026870262996000e+16 -7.814329682928160000e+16 1.429418863534646880e+17 2.874462340880092400e+16 1.773084077015560000e+16 2.154406209699690400e+16 2.596193472313104000e+16 1.857988602275020800e+17 1.349623503380645000e+16 1.646814906119376600e+16 3.882324930577117600e+16 2.616051400483496400e+16 2.524398889247607600e+16 7.731601686764410880e+17 3.527749051476990800e+16 3.749781438886711200e+16 3.531659861852184400e+16 8.255620758706710000e+15 2.491912665468299600e+16 2.412187709527618240e+17 7.842147489175393000e+15 6.564640106775859200e+16 2.543374497591641600e+16 -6.786455351713409000e+15 -9.460153238057546000e+15 1.923315219973972160e+17 1.109902970441266240e+17 4.099366765109634375e+14 2.068050978153513200e+16 3.818734140534744500e+15 -3.630361996517432000e+15 -1.414359395401180400e+16 1.604409761091455040e+17 2.374557927454284000e+16 2.575678980354258800e+16 1.885518166210993200e+16 -6.288150699910465000e+14 2.053817615619448000e+16 -7.611854324349465600e+16 1.524531268512525120e+17 6.151277911049479000e+15 8.094063370998931000e+15 -1.719686353759199400e+16 1.770814222745278250e+15 4.487114020163100000e+15 -1.556097310529314600e+16
-2.732836088421796800e+17 2.272447165709870720e+17 1.212110741768263800e+16 4.371282292359245600e+16 -1.873250755558821120e+18 -1.170422259780375360e+17 -3.694160434879117600e+16 -9.101164590797020800e+16 8.625574462173420800e+16 5.618441006882627200e+16 6.656940482515096800e+16 -6.813549737623992800e+16 5.448747122356531200e+16 6.062477645804754400e+16 1.013120471088456800e+17 2.416535367022538800e+16 -8.409156886315783000e+15 4.618104677374033600e+16 9.663886787407212000e+15 -2.969526070674984800e+16 -2.158534939765670080e+17 4.214414986811276000e+16 1.029743975561320320e+17 4.358920881433080500e+15 -3.330668071375680000e+16 5.458911815745059200e+16 2.532092382471120800e+16 3.649968747553924000e+16 -2.015361480481074400e+16 -8.564885142421583000e+15 7.170379480773123000e+15 -9.098178664081480000e+15 2.873244528882482560e+17 1.090403886880237760e+17 2.719994793015050800e+16 2.656641075107358400e+16 6.064892611338620000e+16 -1.588795968525469250e+15 -6.606368458235873000e+15 4.091054824820931200e+16 3.809625736063617600e+16 3.210967883293917500e+15 4.616683040625462000e+15 2.891783138445031200e+16 1.325269725754543200e+16 7.052212265942064000e+16 1.828569803238771500e+15 8.910466843300141000e+15 2.736822688277584800e+16 9.338161751696296000e+16 -1.194349025312148960e+17 4.695019495937152000e+16 3.918135973582754400e+16 -7.813841204825526000e+15 2.344571407106136000e+16 3.699562339264917600e+16 -1.987016277106054375e+14 -1.026934759992566400e+16 -6.437866045688548800e+16 2.862913910467891200e+16 7.870349156562396800e+16 4.975679781207744000e+15 1.109298074561080600e+16 1.633464564650056400e+16 -2.607979669474775600e+16 3.527749051476990800e+16 4.722129427969040640e+17 3.805306657045454400e+16 2.210832528848554400e+16 1.859454440851196400e+16 2.414885682243546400e+16 2.067761538177006400e+17 -3.858180198852509600e+16 -5.741098703210703200e+16 3.928999372581197600e+16 1.126712912354951800e+16 -1.263583286220385200e+16 3.124358554378042400e+16 2.265058843626471200e+16 3.652079421533142400e+16 -8.929059249792509000e+15 -8.714834423031051000e+15 -3.555421932515435000e+15 -1.085925394737054400e+16 1.610170287993071000e+16 6.191100143619303200e+16 9.603388837340126000e+15 -4.921855315724920000e+15 7.331334687911693000e+15 2.283703752368431500e+15 6.584284158837935000e+15 1.329258980739990000e+16 4.899630295527859200e+16 4.923331340021901000e+15 -1.154731023782084400e+16 3.301837807824379500e+15 3.714876800928461500e+15 -3.585742858457038750e+14
-1.124943196135659040e+17 -3.565787585767436800e+17 -2.574912280143765440e+17 1.318768264945850560e+17 -1.221623393990239360e+17 -2.488372933788736800e+16 2.675952866418692000e+15 -2.112179543566310080e+17 5.010416142573518400e+16 9.272892334147563200e+16 2.124515122637961600e+17 1.122580781669265440e+17 -1.300884295259551000e+15 4.703738662418958400e+16 6.366671902773951200e+16 -8.892269798642636000e+15 3.296243465444827200e+16 8.733690477028323200e+16 7.870148480459105600e+16 -2.980082327568145920e+17 3.712813374286266880e+17 1.702621518065425800e+16 9.793418206478234000e+15 -1.599337780533048400e+16 3.608366538387828800e+16 4.235685083321608000e+16 2.304577046503857600e+16 -3.160131667254527600e+16 -8.867905720178155000e+15 -4.074254951354161500e+15 3.900057424894448000e+16 -2.418454587743584500e+15 1.272217239229947000e+16 5.034830970836073000e+15 4.387628186197996000e+16 4.925600524354772000e+16 2.881262950517474000e+16 4.560286963868573600e+16 3.486346028902822000e+16 4.650622769913734000e+15 1.898369813664858400e+16 3.005074204656461600e+16 -1.172153201501168250e+15 -4.707474023540688800e+16 2.160307182062526000e+16 6.766927652570459000e+15 3.897517027136505600e+16 7.323809507581755000e+15 1.565182498794892200e+16 -2.039668913037061200e+16 -1.094087222488200160e+17 6.467522855098688800e+16 7.197761521833044000e+16 -2.517517758589642000e+16 2.622231152087161000e+15 1.881149655392947600e+16 3.798570289684303200e+16 2.063402500654039600e+16 -2.513489537322186000e+16 1.682595814439470000e+16 2.234212815399844400e+16 4.587112628641332800e+16 1.962041380249928800e+16 1.801591315684878400e+16 -4.779922328888368000e+16 3.749781438886711200e+16 3.805306657045454400e+16 2.905249632969655680e+17 3.412924047504192400e+16 1.877405560211711600e+16 4.364859904565208000e+16 2.136706227484352320e+17 5.878349963467896000e+16 -6.202266249555121600e+16 1.505924117621046400e+16 1.180980685337232400e+16 -5.123732673344861000e+15 1.146146974653928960e+17 2.951030806779058800e+16 1.012369946051057800e+16 1.139384647216493200e+16 9.438223452973712000e+15 1.049576812045067800e+16 1.261679418982712200e+16 2.260603135617012000e+16 2.203653300392581200e+16 4.054266834111715200e+16 1.354175897666302200e+16 1.406220832742199200e+16 1.743605636556861400e+16 -4.256285425741788800e+16 -3.193265952978257000e+15 9.964291992979245000e+14 2.176532962293472000e+16 -1.878582016896501250e+15 -4.830455501506345000e+14 3.309723797654353000e+15 -7.388147933546850000e+15
-9.337016010657451520e+17 -5.712559691481166400e+16 -8.160107896649608000e+16 1.262456966944846400e+16 -2.842263349076271500e+15 7.190560276481610400e+16 9.040084035692818000e+15 -3.955042786574328000e+16 2.281023125722071200e+16 4.167893257284101600e+16 2.743801792623389120e+17 1.791973075928234800e+16 7.559742528332506000e+15 -2.601491069463126400e+16 -1.417334786546932000e+16 -3.557198218010217200e+16 -1.139354474642645400e+16 -6.581699726023468000e+15 -2.875359364416924000e+15 -1.653431912317325440e+17 5.526649835613549440e+17 -2.788101651469878800e+16 3.161446738582540000e+16 7.244672098062028000e+15 -7.095541380471604000e+15 9.031844726863510000e+15 -1.441858772161471200e+16 -4.919823406261923000e+15 -1.023646640239826600e+16 3.059593768625105000e+15 1.328063980570611800e+16 4.204207881897788000e+16 -1.224130965109808250e+15 -3.660095627934390400e+16 4.662553483056609600e+16 -2.031014930917114400e+16 -8.600276003511879000e+15 -1.163529895833081000e+16 1.438175883190749800e+16 -6.665184294773579000e+15 5.942889309075529000e+15 1.243164829058165750e+15 2.546203822981311200e+16 -2.674842452172704000e+16 -4.020559867005302000e+15 1.054798117581856800e+16 -1.912144402861318000e+16 3.146557814359673500e+15 6.262486858061598000e+15 1.681107119072537920e+17 -6.887283867846310400e+16 4.700626889660347200e+16 1.478934601234102800e+16 -7.907127838074561600e+16 4.370314165900970400e+16 2.459162603321592000e+16 1.901413210354605600e+16 3.905068690474640800e+16 1.039592787689301600e+16 3.275620254968561600e+16 1.274471001977911400e+16 1.222859081599880400e+16 3.136629992858127200e+16 1.962389428664975600e+16 -2.883687506475488800e+16 3.531659861852184400e+16 2.210832528848554400e+16 3.412924047504192400e+16 2.477931532946915520e+17 2.956212206733247600e+16 4.293394515751340000e+16 1.334685447407504320e+17 1.629328177343759000e+16 6.352238687703248000e+16 8.011908720551555000e+15 -2.462122832087787000e+15 1.084938075099043400e+16 9.629571592847996800e+16 2.188013228384774400e+16 1.793178813298036400e+16 7.977774513290585000e+15 1.136131697184314600e+16 -2.712836312867814000e+15 -3.091573947478272400e+16 1.855313573847036800e+16 1.817736817968455200e+16 8.985289629006133000e+15 2.656081046839226400e+16 1.371549731643139400e+16 2.077359201804647200e+16 -2.668542661229964400e+16 -7.068615399065122000e+15 4.096625853734340000e+15 -1.026036687755931400e+16 1.708781301178398600e+16 -7.630819724496258000e+15 1.176788538585647200e+16 6.122348816688245000e+15
2.980169518569366400e+17 -7.917669605580192000e+16 9.261520340880670400e+16 9.091179048320830400e+16 -1.789756272617908800e+17 3.022544371254287200e+16 7.472526894732016000e+16 1.552535356272639800e+16 5.647495819841252800e+16 5.216232475040586400e+16 -4.678873694432805120e+17 -4.011864468024876500e+15 3.548901763954788800e+16 -1.283803845283292200e+16 1.902206202749147600e+16 2.890054208023974800e+16 -3.320506381649284800e+16 1.082182333497500875e+15 5.977455897581758400e+16 -1.395550380258646240e+17 2.869124611600928960e+17 -2.226927446303693600e+16 -1.084150836482999600e+16 2.459257463944086400e+16 -1.831800683035161600e+16 -1.086081376321097000e+16 -2.026493003245862800e+16 -9.296511469060526000e+15 1.026713321854595200e+16 -1.877467035946684000e+16 -1.556949884265790250e+15 1.457970876375937000e+16 2.767978641751016000e+16 -6.273415231865207000e+15 -1.742282955282175040e+17 1.703914576769658800e+16 2.279504841339620400e+16 -2.686722444695457600e+16 7.480491383822056000e+16 2.418396756874210000e+16 1.482093987955172800e+16 7.476145457890514000e+15 6.781543073809265000e+15 2.544445640073175600e+16 -2.617279933745967600e+16 2.023484732772438000e+16 9.568735202792636000e+15 8.915463523588608000e+15 2.451808925061284800e+16 -8.731452772515617600e+16 -1.405653518708913760e+17 7.310129010864980000e+15 -4.648772104192717500e+14 6.464730396308138400e+16 5.436974987307315000e+15 1.025029662204124400e+16 7.683288644010796000e+15 1.311888193663980600e+16 3.146940509031920400e+16 1.314445324865449000e+16 1.339827413287038000e+16 1.489035275284826800e+16 2.262412984218986400e+16 4.728686553502235200e+16 2.250504475013663600e+16 8.255620758706710000e+15 1.859454440851196400e+16 1.877405560211711600e+16 2.956212206733247600e+16 1.720777631630348800e+17 4.337994573194987200e+16 1.717112758572243000e+16 -6.688485921497285000e+15 -1.184929135062532000e+16 -8.283086758054961250e+14 -2.463225565023177500e+15 -2.446647224438052188e+14 -5.779281481835237500e+14 1.311340083934953200e+16 3.871807714886987500e+15 6.676161619325791000e+15 1.284466348899949800e+16 2.198831834382906000e+16 -3.016483262439306000e+15 2.223864223972711200e+16 1.033407749552855200e+16 1.592123261916970750e+15 9.286758448839668000e+15 1.866025721553925600e+16 1.364393291541854400e+16 7.909513415508431000e+15 8.454803500848515000e+15 8.749103821991275000e+15 6.436391853096659000e+15 7.171334292481988000e+15 7.784604611907865000e+15 1.113224458244429600e+16 -3.082684593487156250e+14
4.678808880600892160e+17 -1.267738282950094400e+17 3.145624902872905200e+16 1.005791787856286080e+17 -1.125208076562686720e+18 1.403958882862797800e+16 2.447095335898876000e+16 -2.125569227222053600e+16 1.694009807500309500e+15 -1.079591829319352600e+16 -1.526389129485721600e+17 -2.837498497992272000e+16 -5.659382991339372800e+16 -5.173817427072744800e+16 -9.868134765827030000e+15 4.681682341524762400e+16 -5.864220738850333600e+16 3.996213935778061600e+16 2.156902701124803200e+16 -4.643167077827264800e+16 1.770521343823068160e+17 8.849631884575017000e+15 -3.426461488597372000e+16 5.473233829542602400e+16 5.158570222095657000e+15 1.259842410301433500e+15 1.224996921643381600e+16 1.305428130379262080e+17 -2.096980255862575000e+14 2.006395919801730800e+16 -6.572771690841318000e+15 2.640138670454882000e+16 -1.852507670386271040e+17 -9.732274489459427200e+16 1.097118065483630400e+17 3.400245805613729200e+16 1.180676165619865800e+16 2.703293922937966000e+16 -2.709770257807669600e+16 -1.094835120581112400e+16 2.721596334920704000e+16 1.573280452993594000e+16 1.345537983582039200e+16 7.749200120213321600e+16 -2.817030170099724400e+16 4.996702245745290400e+16 1.237738538351423200e+16 -2.728955431870912500e+15 2.980797413372254000e+16 -2.313752594963180480e+17 -7.677547644336899200e+16 -1.001146892747844400e+16 -1.936112972121041750e+15 -2.351780858408598720e+17 1.117890451534825000e+16 3.588299912944766800e+16 1.851869665981046000e+16 2.783083255279978400e+16 9.758002955938118000e+15 -2.466374821891196500e+15 1.409022590660156600e+16 4.349316228263836800e+16 1.834364584483703600e+16 2.507140439277353200e+16 3.168521066997402800e+16 2.491912665468299600e+16 2.414885682243546400e+16 4.364859904565208000e+16 4.293394515751340000e+16 4.337994573194987200e+16 5.008454211237824640e+17 7.664242300797560000e+16 -1.132977239039604600e+16 8.518704085793681600e+16 -2.201500630564270400e+16 7.967956363042096000e+15 1.300457692913213800e+16 -1.131354764327341000e+16 -1.909740090105974400e+16 8.320855205325802500e+14 -1.976025019830775500e+15 1.445020108025384750e+15 9.206706378764704000e+15 -2.701031726946612000e+16 -7.504356945389259000e+15 1.330682258622789200e+16 1.755433751994710250e+15 1.409726732125670600e+16 1.326222226327228000e+16 3.615331544960092000e+16 3.306226815063557500e+15 -1.092817260033940000e+16 -3.650728992556352500e+15 -7.271439548128470000e+15 8.617002509481618750e+14 1.445674867648617200e+16 5.835429946780407000e+15 -1.390586998453118400e+16
-1.129571668217742131e+19 -9.034494494409598720e+17 -4.520662297164300800e+17 -6.495390253313960960e+17 4.187044252401231872e+18 2.919106424641706880e+17 6.652430494711920640e+17 -3.051409035838600320e+17 -1.433373444792941280e+17 -2.311810993755401920e+17 -4.717890740382160896e+18 3.179956329277480320e+17 -1.162411924902707360e+17 2.957877042138183040e+17 -3.605644874769905280e+17 1.775801509622039360e+17 5.231413353545731840e+17 2.470975073991537280e+17 5.578229176728916000e+16 3.314675249432993920e+17 5.601931806090909440e+17 3.999416692210996800e+16 8.166671627294161600e+16 1.156521560193350144e+18 -3.226327948625001200e+16 7.443023709252868800e+16 3.795470840826684160e+17 1.229510087627065760e+17 2.341933287982061760e+17 -1.301189257737751680e+17 1.825447322295959360e+17 5.550233198946870400e+16 -1.598504137207937600e+17 1.995416735561321920e+17 -2.560835510694351360e+18 2.685925662066772800e+17 9.175071043699324800e+16 2.824481919440751360e+17 2.446152178304780160e+17 2.429671483896799040e+17 1.228628829434915040e+17 2.057777356044930880e+17 5.539633440396207200e+16 -3.654051333770512640e+17 2.439056415726615360e+17 1.713185776499046720e+17 1.629143379061909760e+17 8.111986261848331200e+16 -1.876452116220895600e+16 8.854617499935804160e+17 3.345505130337378560e+17 9.407725340028359680e+17 2.650905823971687040e+17 1.741526447207347968e+18 -6.526919386694932800e+16 2.335666739321874560e+17 1.622756429558998400e+17 2.750466082980363600e+16 1.652145172842843200e+17 1.964902639011359360e+17 5.316721376556182400e+16 1.954953148182550720e+17 -3.435303313227777600e+16 4.428677969804587200e+16 -3.051639763887019520e+17 2.412187709527618240e+17 2.067761538177006400e+17 2.136706227484352320e+17 1.334685447407504320e+17 1.717112758572243000e+16 7.664242300797560000e+16 2.494222392346541670e+19 5.600991607018527360e+17 2.119185929075089200e+16 2.378912745766957120e+17 -4.464261210626590400e+16 1.641301441678160320e+17 -4.932450899643190000e+15 -1.944686218592359680e+17 1.544052451667435200e+17 4.972793044156727500e+14 -6.774744112826008000e+16 7.561213789719996800e+16 9.997351958191627200e+16 1.208688640070421120e+17 2.145411061822249920e+17 6.917626550257657600e+16 4.404026800652724000e+16 -6.675834201402863000e+15 6.948150779271251200e+16 -7.703200101823731200e+16 1.256520912888816600e+16 7.446916528324833600e+16 5.563120072558982400e+16 5.229493310289460800e+16 -1.139300331709769120e+17 -1.079890711222088400e+16 1.451923239466350080e+17
-7.779375716620289280e+17 2.545459020285668000e+16 3.512351294586337920e+17 -2.488945424690797120e+17 -1.283130745828856640e+17 -2.124302677555005760e+17 -5.716583180386066400e+16 -7.759056640027137600e+16 -8.679094124419395200e+16 -8.853428874306712000e+16 8.160625008047962880e+17 -2.061695207347898880e+17 4.142629875381859200e+16 6.017304311444547200e+16 -8.161250264416896000e+16 -6.516868481892619200e+16 1.683049853351483520e+17 9.259085242553796000e+15 1.926166426244843520e+17 -4.995425206375039360e+17 2.891118533892361600e+17 7.651767686550499200e+16 5.483585113533613600e+16 2.736960724668297000e+15 7.283913918298737600e+16 6.165557120024216800e+16 9.423766360161827200e+16 4.089975510415482400e+16 1.122735445856722720e+17 2.798124020191795200e+16 5.530876704534849600e+16 -8.570373082939636250e+14 -3.461766102606868480e+17 2.761956534466394400e+16 4.199746460485292160e+17 4.263991600327109000e+15 6.287511760365292800e+16 1.053410513892588320e+17 3.788413160319420000e+15 7.100186714139860000e+15 6.481697195978790000e+15 4.463840771620101600e+16 2.521332666079049500e+15 5.174878774642923200e+16 3.545008957375387200e+16 -5.312465127384312800e+16 3.294973599866804800e+16 -1.374050798086304400e+16 6.703868615515954400e+16 -5.361753827423998400e+16 -4.599201991346460800e+17 7.447773376429836800e+16 2.072664635644774720e+17 -4.104867618189066240e+17 1.227837228546670800e+16 1.843484250216826400e+16 6.642385586739718400e+16 7.024669203668449600e+16 -7.150124940148072000e+16 2.552196446060036000e+15 3.008588502290903600e+16 3.919768623633935200e+16 5.893453272609497000e+15 -4.769339295748354000e+15 8.913289597764486000e+15 7.842147489175393000e+15 -3.858180198852509600e+16 5.878349963467896000e+16 1.629328177343759000e+16 -6.688485921497285000e+15 -1.132977239039604600e+16 5.600991607018527360e+17 1.308739523072472064e+18 -9.150900320763782400e+16 2.700235565964923200e+16 9.750198714310435200e+16 3.187029928544524800e+16 1.204933355944037280e+17 -4.006712237459090400e+16 3.058306106669297600e+16 6.666463709980573600e+16 -1.047428701086284000e+16 -8.348091051793520000e+15 6.649619971459009600e+16 -9.989807521853337500e+14 1.681500764314090400e+16 6.109797504459751200e+16 1.356379748306188800e+16 6.767991557886059000e+15 -5.215288149677653000e+15 -5.026770650806379200e+16 -3.939542752275196000e+16 1.149495832548336200e+16 8.028862456699494400e+16 1.348500657800212800e+16 1.466780328870614800e+16 3.361619622518668000e+15 4.095238516908201600e+16
-5.699314256905545728e+18 -1.476829179646677504e+18 -6.564003653931713280e+17 4.182664686005608960e+17 1.056578545344918323e+19 3.928197788695057920e+17 1.629107163298513600e+17 4.346797366141983360e+17 -3.016982052882643840e+17 -1.247870464774265440e+17 3.504756440182696448e+18 1.031362149722230400e+18 7.658334827651767040e+17 2.001352836423578880e+17 -2.528970392096168320e+17 8.398343451440348160e+17 2.526025165596293760e+17 -4.681937235967010560e+17 1.731284111224318720e+17 1.887724715507027200e+18 -4.186457639636604160e+17 -1.724847105375021000e+16 -5.885419223770277600e+16 6.961735297373744640e+17 -2.595162704136701200e+16 -3.446668839208335200e+16 -1.490074547698959360e+17 3.288232421314254720e+17 3.716374622379115200e+16 -7.419011945931243200e+16 -3.713390721265734400e+17 3.590985461054134000e+16 -3.827553717920417920e+17 -4.180395225885848320e+17 -2.539373343282430976e+18 2.841415034631722500e+15 -4.237371046842622400e+16 -6.728792880237874400e+16 3.778151700715808640e+17 -4.409636563221870400e+16 2.089809699854266560e+17 2.618014134824290400e+16 1.012328073893923520e+17 5.255537672893721600e+17 7.911384885273368000e+16 -2.729887506694423000e+15 -3.489721439846967680e+17 -3.144649113970374800e+16 -1.109941638613041440e+17 7.570947030833192960e+17 1.839253622936721920e+18 1.676986765528721280e+17 -6.690767173847548800e+16 -1.921789036427993280e+17 4.484850111060839680e+17 -1.786892593229805200e+16 -2.924477004269876800e+16 4.048463538234235200e+16 4.259540249951539200e+16 1.829200507080469120e+17 7.792250229088739200e+16 -7.895895360065886400e+16 -4.865223477484924800e+16 -5.758541246737164800e+16 4.114437288380611200e+17 6.564640106775859200e+16 -5.741098703210703200e+16 -6.202266249555121600e+16 6.352238687703248000e+16 -1.184929135062532000e+16 8.518704085793681600e+16 2.119185929075089200e+16 -9.150900320763782400e+16 2.605978502990158234e+19 1.653091742278763200e+17 -1.210424798536957600e+17 5.762860533563628000e+16 -1.557968175635921408e+18 4.193989398968100480e+17 -9.515581919049464000e+15 3.602588953163336800e+16 -7.279585304308714000e+15 -1.941597010790415200e+16 3.327502103644677760e+17 1.819514724938928320e+17 -9.440112868983214400e+16 -3.612490428016669600e+16 -7.522800809822345000e+15 -1.267262467673452600e+16 -4.400494368603663200e+16 2.736308889088741120e+17 8.018157524618121600e+16 6.084055304931828000e+16 -9.517949326996776000e+16 -4.934071224725763200e+16 -7.748011098615054400e+16 1.823212479396676400e+16 9.323338049782828800e+16
2.781970358520635840e+17 4.474060732756103680e+17 -9.796304937999854400e+16 -2.137459787676061120e+17 -1.024011346629031168e+18 3.089500114373184000e+15 -8.031054770012454400e+16 6.806289769068732000e+16 -8.730825423708292800e+16 3.546007904469349600e+16 1.645778041166225280e+17 -4.487882286042852800e+16 1.627911176717729920e+17 1.238990328411665280e+17 6.433765372690191200e+16 -7.232598108776118000e+15 6.754053680203432000e+16 3.485877404532962000e+16 8.532892284630619200e+16 -8.989342170690927360e+17 5.026608513933964800e+17 7.427868460850673600e+16 1.197318778096052320e+17 -7.990263699181572800e+16 -1.069964466764732000e+16 5.266813766026148800e+16 8.704292464961720000e+15 7.675594278386193600e+16 2.298930176200216400e+16 4.074719613802279200e+16 2.022251568287937600e+16 4.111710720802529600e+16 2.036653232955172800e+17 8.620415942692464000e+16 5.277738825647788800e+17 2.824741640625654400e+16 4.222672792238205600e+16 1.784557912608394000e+16 7.918231918997654400e+16 2.737391098935591500e+15 5.234708416600205600e+16 2.779509541437984400e+16 3.342503531652425200e+16 8.568607136482988800e+16 -4.488747631049686400e+16 3.433170025594885600e+16 3.055244668559302400e+16 8.916133481521934000e+15 1.426544005503251200e+16 1.317100273561704960e+17 -2.524586617669367600e+16 6.694450015486440800e+16 1.025723323598593800e+16 2.277603887673918400e+17 1.946124535995102800e+16 6.850111454648747200e+16 2.606486717088297600e+16 4.403081624618395200e+16 -1.126502261370816000e+16 -2.194217410264832000e+16 4.369834565169686400e+16 1.466153750801951800e+16 -1.191560711171126800e+16 -9.838517088024884000e+15 2.654303215735986400e+16 2.543374497591641600e+16 3.928999372581197600e+16 1.505924117621046400e+16 8.011908720551555000e+15 -8.283086758054961250e+14 -2.201500630564270400e+16 2.378912745766957120e+17 2.700235565964923200e+16 1.653091742278763200e+17 7.110668868669763840e+17 4.406099506795046400e+16 2.238330926295478800e+16 -2.610524790538273200e+16 4.040059679782725500e+15 6.196171136789414400e+16 1.095400221952850400e+16 2.133079934262236400e+16 1.067320485571836600e+16 -9.855271334639326000e+15 2.108682554819098400e+16 4.531663429326754400e+16 2.503725947021665600e+16 1.794056530125490000e+16 9.544412703992204000e+15 -2.044251387977145625e+14 -5.251920039809470625e+14 -2.077953616217296000e+15 3.964413745077512800e+16 1.908819949176672000e+16 2.788288487020449200e+16 1.164880651987894200e+16 1.173349297934846600e+16 2.678353449073474500e+15
4.240737182860335360e+17 -2.002349374594394800e+16 -1.049241960423158720e+17 7.885716072314281600e+16 4.618313379135186560e+17 1.348193528673272960e+17 6.947401143666545600e+16 7.151956066142452800e+16 -8.661021653774514000e+15 -2.368582977602972800e+16 4.541367657928788480e+17 4.275436453646023200e+16 1.151071981356903520e+17 4.606942332008924800e+16 5.551553611993874400e+16 3.201160079422951200e+16 4.253610243811900800e+16 3.642815590958077600e+16 3.728485590801340800e+16 -4.554749712190301440e+17 -8.135442786657486400e+16 7.163077428782140000e+16 5.625302806121378400e+16 8.154370233601830400e+16 5.212987287861260000e+15 3.897086042518985600e+16 4.799948060739289600e+16 7.572534831365497600e+16 6.685930686035169000e+15 6.065853014202488800e+16 5.418044322968910400e+16 4.929915742876344800e+16 6.517760021846058400e+16 6.830367202834714400e+16 2.231097643402955840e+17 2.749422726154454400e+16 3.168617220732777200e+16 3.406744613359993600e+16 8.048483714316004800e+16 1.738324602545086800e+16 1.584658506078001000e+16 2.822897854915662400e+16 3.655319421045515200e+16 5.565434149658574400e+16 4.163680796878678500e+15 1.754883627840613600e+16 3.177883010841278400e+16 2.098775304594716000e+16 2.481346781229647500e+15 -4.241553341957575200e+16 -8.135634802749201600e+16 3.919408352252532800e+16 5.323007914192476800e+16 -1.446716458755040320e+17 2.951744715022189200e+16 3.204032135609244000e+16 5.082437951735770400e+16 2.898190901796629200e+16 3.373451983372920800e+16 3.714551555937851500e+15 1.687995489804197800e+16 2.553505812844325600e+16 9.083398808138910000e+15 3.987012521740679500e+15 3.299380027997850400e+16 -6.786455351713409000e+15 1.126712912354951800e+16 1.180980685337232400e+16 -2.462122832087787000e+15 -2.463225565023177500e+15 7.967956363042096000e+15 -4.464261210626590400e+16 9.750198714310435200e+16 -1.210424798536957600e+17 4.406099506795046400e+16 2.093298240943372800e+17 3.800247091097471200e+16 6.055913186571180000e+16 2.983847661067787600e+16 3.902660177480756000e+15 3.704147526041312800e+16 1.823370409276996400e+16 -2.141808242787596000e+15 5.987398804274152000e+16 6.465023152548529000e+15 1.440704373925787200e+16 2.206471840096745200e+16 1.909661301690497600e+16 2.418478695824318500e+15 9.736855099976006000e+15 5.918874504979071200e+16 1.248215607601518200e+16 1.346575767121818200e+16 2.996344141391108800e+16 1.877088893640382800e+16 1.002998226637424200e+16 5.128209860066574000e+15 4.597782164238956000e+15
-6.830762475669254400e+17 -3.331113774412265600e+16 -2.866740136434148480e+17 2.194531232763053600e+16 4.262373287137194240e+17 2.461119713484779200e+16 9.688194181319225600e+16 7.133087811471773600e+16 5.477761589982448800e+16 -2.351158936464633200e+16 1.394599854728396640e+17 6.795734777087844800e+16 -2.568458368063175200e+16 4.598658321090695200e+16 -2.411912872246452000e+16 -2.600134624234936800e+16 3.411386777321710400e+16 1.582554026551762600e+16 -1.601472582946054200e+16 -3.332547775407509760e+17 3.311141166369708400e+16 8.188957740162227200e+16 2.768441622736286000e+16 5.144918323841398400e+16 3.602821004033560800e+16 3.638813796040561500e+15 2.734945733102451500e+15 1.457855410694542750e+15 6.357467992269722000e+15 4.554307539618865600e+16 3.189010185961926800e+16 3.707758195416671200e+16 6.587775510662366400e+16 -1.047114770524809875e+15 3.197370823394870400e+17 9.109656079074612000e+15 4.824284390213715000e+15 5.556707474505843000e+15 5.481899687472877600e+16 1.532011377510689600e+16 2.614150395844174000e+16 3.259594356783974000e+16 3.120850965849075600e+16 -1.618238785733569800e+16 -1.153493158801991200e+16 -1.332298553407991400e+16 -1.026823754981106000e+16 1.289774577444956200e+16 6.742844646035906000e+15 -6.723656373482773600e+16 1.745466996640778240e+17 2.405815333678685200e+16 8.291174064054592000e+15 6.964223632019924800e+16 1.554822272816192000e+16 3.148277225186754800e+16 3.535910549382506800e+16 5.116700084546666400e+16 4.017303629315889600e+16 8.502894099761195000e+15 1.199634243856749800e+16 5.283471489747609000e+15 1.919787041072837600e+16 -7.173624620861665000e+14 -1.661591418111044200e+16 -9.460153238057546000e+15 -1.263583286220385200e+16 -5.123732673344861000e+15 1.084938075099043400e+16 -2.446647224438052188e+14 1.300457692913213800e+16 1.641301441678160320e+17 3.187029928544524800e+16 5.762860533563628000e+16 2.238330926295478800e+16 3.800247091097471200e+16 2.967250201882385280e+17 -2.247676457076773120e+17 3.166445416574156000e+16 2.520711098375421000e+15 8.660031849935564000e+15 3.205213286459914000e+16 1.493621142547664600e+16 1.935812492764646800e+16 1.296308278892111000e+16 9.911827928485044000e+15 8.012571605226720000e+15 2.163223711591421600e+16 3.869537537159533000e+15 5.903151014199885000e+15 -7.783985483990740000e+15 9.274427375600266000e+15 8.371059191424977000e+15 4.038825180122493500e+15 9.432146572359572000e+15 1.318297386330580400e+16 9.124133060006532000e+15 1.442843113721789800e+16
6.708450303911997440e+18 -1.625037024876457216e+18 1.244849048611000832e+18 8.305962193083265280e+17 -1.973105085012395264e+18 -1.587725268145766720e+17 1.362140776312617472e+18 -2.305612811279932160e+18 -4.258110616670474500e+15 3.535804423843650560e+17 5.352370953920756736e+18 -1.125193134595185280e+18 2.283321536684208640e+17 -1.412669055730285600e+17 1.759654189635708800e+17 3.245139397818969600e+16 6.772558950845153280e+17 4.267920289293541120e+17 1.772094920331504320e+17 2.186606100615879360e+17 3.111879034061103616e+18 -5.056133307980366080e+17 1.190371747276938880e+17 6.234651730676698880e+17 3.823518918538604160e+17 -1.338181824000597280e+17 4.321964332525382400e+16 1.010047791612175744e+18 2.672751984917637760e+17 1.635429210533336640e+17 3.780176485832429440e+17 -1.863714358191531200e+17 -1.064381725119321216e+18 3.547108806754743680e+17 4.330726181124952064e+18 7.656153660600874240e+17 1.290213854311726880e+17 8.668784675866796800e+16 6.155093974524549120e+17 -4.556821989471893600e+16 4.773081027085190000e+15 -5.014348123872863200e+16 -1.893600687373745280e+17 4.193971108985764800e+16 -4.191686661062391680e+17 7.930916792820024000e+16 -1.486339876348470600e+16 1.489494365735996800e+17 2.591184603870821600e+16 -5.069536962190277760e+17 9.386481424125917440e+17 -1.580591189226863600e+16 1.777073510026029760e+17 2.235381613719812160e+17 5.650770592322457600e+17 2.062993049184938750e+15 -5.958819812192777600e+16 1.854545052028638080e+17 1.190194827425309696e+18 3.090295729528310800e+16 -1.650290947769571200e+17 6.437864919868509000e+15 -7.890547698075884800e+16 -9.126832949116958400e+16 1.949514196713229760e+17 1.923315219973972160e+17 3.124358554378042400e+16 1.146146974653928960e+17 9.629571592847996800e+16 -5.779281481835237500e+14 -1.131354764327341000e+16 -4.932450899643190000e+15 1.204933355944037280e+17 -1.557968175635921408e+18 -2.610524790538273200e+16 6.055913186571180000e+16 -2.247676457076773120e+17 4.047228959312447898e+19 3.210054222916733440e+17 -2.585074274107795500e+15 5.285469991301744000e+15 -7.279540685761304000e+16 4.031196593070073000e+15 1.354529372108523520e+18 1.278182482987664000e+17 3.017611398181292400e+16 1.203782256419452960e+17 -8.265081574631776000e+16 7.346520953797088000e+15 1.091863274396220000e+17 -1.689255500572146560e+17 4.591669652942581600e+16 -5.913017300001967200e+16 2.321101268274073200e+16 -2.230983853634210800e+16 -2.543375411390637600e+16 2.218735916893666400e+16 -6.985727967986025000e+15
-1.293323186731559168e+18 -3.064807343277454720e+17 -1.840747800959876160e+17 1.101055237634744640e+17 -3.209162515301368832e+18 -1.014596846712015360e+17 1.264421347325238560e+17 1.431390587559218560e+17 9.066715484752169600e+16 -4.901235611415461600e+16 4.460682803342147200e+17 2.608714582838065920e+17 -1.241215409845679200e+17 6.133904347582433600e+16 6.227729038578115000e+15 -1.336178954113820640e+17 1.273162389930978240e+17 -8.432116502421308800e+16 -3.869994653516635200e+16 1.588423124515601250e+15 3.484020229952114560e+17 1.848064445320842560e+17 6.037288442827982400e+16 -1.015805197060864000e+17 1.083533210850336800e+17 -1.421933023890413400e+16 -3.162819692420682400e+16 -3.496502230820816800e+16 4.744103368088041600e+16 9.440483018601576000e+15 2.886291627477924500e+15 1.237658442852736800e+17 1.908721763429724400e+16 3.408363297514997200e+16 -2.109647999849137600e+16 3.706669522929607200e+16 4.030051289301261600e+16 3.494284071387921600e+16 -1.122443144710738600e+16 1.091390198594201440e+17 -1.323537027165381200e+16 2.085744553261122500e+15 -2.056002928063009200e+16 -6.042301348093769600e+16 8.387160247623196800e+16 1.392673694376356000e+16 1.191037457843018200e+16 2.704044306003078800e+16 -2.062661743880401600e+16 -3.901477618109559680e+17 -7.934638351025864000e+15 1.171809643667845200e+16 2.902233341875408400e+16 -4.250840726150764800e+17 1.271351309371216320e+17 9.228509143850628000e+15 1.066442744110206400e+16 2.733633890029042400e+16 8.806910469049219200e+16 1.862091286872097600e+17 2.383544318978001600e+16 2.318948988598199600e+16 1.399819346561520400e+16 2.991693591997426800e+16 -5.444403722140772800e+16 1.109902970441266240e+17 2.265058843626471200e+16 2.951030806779058800e+16 2.188013228384774400e+16 1.311340083934953200e+16 -1.909740090105974400e+16 -1.944686218592359680e+17 -4.006712237459090400e+16 4.193989398968100480e+17 4.040059679782725500e+15 2.983847661067787600e+16 3.166445416574156000e+16 3.210054222916733440e+17 1.020435273325304320e+18 5.789561878606955200e+16 1.899795891910054000e+16 2.115786280451860000e+16 3.169073003783367600e+16 5.137739514796588000e+16 1.391334849171305280e+17 2.433302082756796800e+16 1.913507591706467600e+16 1.190124136250935800e+16 1.440451294246700800e+16 2.062589374948650000e+16 -3.184270980383195600e+16 9.766684159584752000e+16 6.270370945700537000e+15 -8.395247460794716000e+15 1.629663931687287400e+16 1.270262961965031000e+16 8.814164385598988000e+15 -2.032374003589472500e+15
-6.417830899304885760e+17 3.375363504666922880e+17 -1.832191047178154000e+16 -1.555053281780174080e+17 3.137656103474286080e+17 -4.115234599655560800e+16 -1.343442987482930200e+16 9.172636558094217600e+16 9.224138610073370000e+15 8.969207201434748800e+16 4.731157761799690880e+17 4.123011023316125600e+16 1.433608310800406560e+17 5.490576359785927200e+16 8.770119429532996800e+16 1.285668588155610000e+16 7.298196420503763000e+15 3.378831379421210000e+16 8.605928668767295000e+15 -2.073043244638869440e+17 2.959857054621891840e+17 4.069551184459909000e+15 5.542267418518852800e+16 -4.931118889701220800e+16 -1.336448644073869250e+15 5.301921204302140000e+16 -3.241817375357191500e+15 5.917318423076518400e+16 -2.060695949334276400e+16 9.470386495493946000e+15 1.198306377218816200e+16 -2.109239471372606000e+16 1.750092034377055040e+17 3.080637137946434000e+16 2.591973998882909600e+16 -1.303811884709506750e+15 5.506408028747525600e+16 6.652347347062136000e+15 2.973982497003984400e+16 2.156809217441970000e+16 4.208821793570445600e+16 1.740168935147173400e+16 1.135471080986414400e+16 4.885936115496540000e+14 -2.740007367293369000e+15 2.500209417467176400e+16 2.661888984295787200e+16 1.619538712160039750e+15 1.730551824366068000e+16 6.035177666398484800e+16 1.322859935275316800e+16 6.964689977998988800e+16 2.230777514879608000e+16 1.676624104804594880e+17 -7.542479816853765000e+15 4.104036494639364800e+16 1.622181629289802000e+16 6.282884744427340000e+15 2.886829565858869600e+16 3.063513843236643200e+16 6.334046113630977600e+16 2.174083530987024400e+16 8.740638036545812000e+15 1.447253745563229600e+16 6.662733219779599200e+16 4.099366765109634375e+14 3.652079421533142400e+16 1.012369946051057800e+16 1.793178813298036400e+16 3.871807714886987500e+15 8.320855205325802500e+14 1.544052451667435200e+17 3.058306106669297600e+16 -9.515581919049464000e+15 6.196171136789414400e+16 3.902660177480756000e+15 2.520711098375421000e+15 -2.585074274107795500e+15 5.789561878606955200e+16 2.662040224449004160e+17 1.655101627553006800e+16 8.147706376586037000e+15 1.607759147185598800e+16 2.578342941717663200e+16 2.772213654768454000e+16 5.373489645219139200e+16 7.427755034713956000e+15 -2.155855292714010625e+14 6.123277349868098000e+15 -7.049574534772625000e+15 5.485162258005332000e+16 3.458553089285363000e+15 4.426257401612839200e+16 1.033795325993438250e+15 4.294402305439717500e+15 9.084318049453170000e+15 4.021162446542346500e+15 -2.491074006779253000e+15
3.253070001347991040e+17 2.355855235016681500e+15 -4.912581785089910400e+16 -4.280292176337108000e+16 4.957492851358701440e+17 -2.244197106222122800e+16 2.963122561795528000e+16 4.168685076440880000e+16 1.074066569994834500e+15 2.562959756232167200e+16 -8.399825934122418000e+15 4.110021168988336000e+16 3.740188822207460000e+16 4.749399755349207200e+16 4.752791078376992000e+16 1.626278247210118800e+16 4.043497807252032800e+16 2.191207512770858400e+16 4.102676571340892000e+16 -1.248230545611381920e+17 9.738839207121166400e+16 4.646013015822930400e+16 -7.453036987392193000e+15 -8.079472758433431000e+15 3.549240086425318800e+16 3.502594529360506000e+16 2.866417330073064800e+16 7.397406565668534000e+15 7.226835065086866000e+15 8.462753827753273000e+15 1.668318343549430800e+16 1.826864995443617600e+16 2.867811672903491500e+15 3.157676779676112000e+16 1.774242914093617920e+17 3.203970844068494000e+16 2.161914858110569200e+16 2.308868781109417200e+16 1.715398760893599600e+16 1.909908402580836800e+16 3.405662239888778000e+16 2.365484298398750000e+16 1.427063784267375800e+16 2.159996187696030000e+16 2.467699027477249200e+16 2.372716492658896800e+16 3.399217579188756000e+16 1.821821742129717600e+16 2.437993997261408800e+16 1.309591069838867200e+17 -1.537275203108240000e+17 2.042255870278351600e+16 5.519768217124942400e+16 -2.573713287057050400e+16 4.837631944207146000e+15 3.828773453956851500e+15 2.963820583769444800e+16 1.562971699657168000e+16 2.163807185356630800e+16 1.954264817123295600e+16 1.323588991236190400e+16 3.116040817383504800e+16 1.133982657180817200e+16 9.197688549354616000e+15 1.259051247493175200e+16 2.068050978153513200e+16 -8.929059249792509000e+15 1.139384647216493200e+16 7.977774513290585000e+15 6.676161619325791000e+15 -1.976025019830775500e+15 4.972793044156727500e+14 6.666463709980573600e+16 3.602588953163336800e+16 1.095400221952850400e+16 3.704147526041312800e+16 8.660031849935564000e+15 5.285469991301744000e+15 1.899795891910054000e+16 1.655101627553006800e+16 1.545632492348283200e+17 2.098542154154423200e+16 1.077284471255883600e+16 3.770885307599779200e+16 2.378437206216353600e+16 5.286310503116252000e+15 3.010002693830811600e+16 1.139198878768953400e+16 1.074754092687142400e+16 1.187299879389864200e+16 3.766433529438540000e+16 2.337489304555931200e+16 -4.730990739110230000e+15 2.130430772327826400e+16 1.229212797853264400e+16 1.631042800409843600e+16 8.945775625071980000e+15 9.536670073921112000e+15
2.781489772246910400e+17 3.972942369559565600e+16 -3.300129494950535625e+14 2.071045859401608400e+16 -2.131863091000136000e+17 1.379158897523809250e+15 -3.649630134085042400e+16 5.609867673195098400e+16 -3.361442168760750800e+16 -1.502062804604183000e+16 9.733425405764964800e+16 5.082455180539768800e+16 5.542972546110776000e+16 -1.508583049813119000e+16 1.264118619672189800e+16 1.417938161058540000e+16 -2.574204750958638000e+16 -3.497858965679122500e+15 1.332695952386500400e+16 7.093608477226542400e+16 6.076908739119092800e+16 4.025797896222028800e+16 2.247037333253545200e+16 -3.102893545788392400e+16 1.794876406742332200e+16 2.352027690186071600e+16 1.344168040143470400e+16 2.615604069676799200e+16 8.320626829099986000e+15 3.295936510385764400e+16 2.198002146894958000e+16 3.496725655303474400e+16 5.286698521640363200e+16 3.664230190385956800e+16 -4.035420704984448800e+16 1.352416916923036400e+16 4.309905390103307000e+15 1.152800811366366250e+15 1.706620447884169600e+16 3.403723862283258500e+15 1.820815538183613200e+16 2.258481252665066000e+16 4.168940362968708000e+16 2.993827091903024000e+16 1.630746594699566400e+16 2.396835172992181600e+16 1.331317174649565400e+16 2.868383307970999200e+16 1.516949030839769200e+16 9.640235643660875200e+16 1.917710304479342400e+16 -5.658259004359953000e+15 4.225147788897141500e+15 1.586218898806959400e+16 1.281336172059520400e+16 9.524367665514978000e+15 1.925312852823376800e+16 2.582917668152465200e+16 4.726688913195935000e+15 2.626902004944761600e+16 7.795885420275680000e+15 1.226106709234403400e+16 2.593431624887939600e+16 1.555297483283846800e+16 1.253204937391618400e+16 3.818734140534744500e+15 -8.714834423031051000e+15 9.438223452973712000e+15 1.136131697184314600e+16 1.284466348899949800e+16 1.445020108025384750e+15 -6.774744112826008000e+16 -1.047428701086284000e+16 -7.279585304308714000e+15 2.133079934262236400e+16 1.823370409276996400e+16 3.205213286459914000e+16 -7.279540685761304000e+16 2.115786280451860000e+16 8.147706376586037000e+15 2.098542154154423200e+16 1.204228998444664320e+17 2.300734054567149200e+16 7.465838155561876000e+15 5.549242285131952000e+15 1.857397170122685938e+14 3.054805484416039000e+15 2.238299734604764400e+16 1.110857169801347200e+16 7.665531095572777000e+15 2.170609606523122800e+16 9.213792053621954000e+15 4.928836162591267000e+15 8.651410922754654000e+15 2.085340918373570000e+16 1.042873528327805800e+16 1.381007837704299600e+16 1.973066257223932000e+16
2.369825284365296640e+17 -1.399074738645059200e+17 -1.901998866961791360e+17 2.238326708230008800e+16 5.639690937072745600e+17 -8.670382288268200000e+16 4.493016238731586400e+16 -4.513657179523231200e+16 -3.010196815186729200e+16 1.773300374489410600e+16 2.195003284864314240e+17 -1.377184267152431000e+16 -2.916084834698086400e+16 -2.280138177427766800e+16 -1.973960707720467200e+16 2.674586160029263200e+16 -4.934849322831690000e+15 1.095545694364633200e+16 3.744367134146611200e+16 2.764438159266763500e+15 1.983810648218345280e+17 -5.905524701550063000e+15 2.246364641200928800e+16 -4.578992159509502400e+16 -2.899800274457719600e+16 -6.164451674716888000e+15 2.261345930989842800e+16 1.762883607385680400e+16 1.239476514639008600e+16 -3.908797244105329000e+15 -1.160157844850571200e+16 3.146911064574006000e+16 5.450866746329048750e+14 3.235714016978546000e+16 2.470291673286680800e+16 2.444381175026176000e+16 2.915113094273721600e+16 2.256474212808375600e+16 4.384240904653299200e+16 1.491807240955771800e+16 2.417498384759764000e+16 1.980872816152533200e+16 1.155388817080482800e+16 4.688892377596219200e+16 8.558210333213053000e+15 2.907634382616027600e+16 3.083581217538514400e+16 2.665498037318354800e+16 3.321455717792046800e+16 -1.464826003287791360e+17 -1.735247882967199400e+16 7.210753954445870312e+13 -2.343121640022572500e+15 1.563131200680550200e+16 6.311232982649859000e+15 -2.427428507037022500e+15 1.394701156595090200e+16 -7.289588047444925000e+15 2.531183889913800400e+16 3.567724084920195000e+15 1.891870163559754000e+16 2.103422265649469200e+16 1.596900708895592000e+16 3.174593364245040000e+16 1.766223038559506200e+16 -3.630361996517432000e+15 -3.555421932515435000e+15 1.049576812045067800e+16 -2.712836312867814000e+15 2.198831834382906000e+16 9.206706378764704000e+15 7.561213789719996800e+16 -8.348091051793520000e+15 -1.941597010790415200e+16 1.067320485571836600e+16 -2.141808242787596000e+15 1.493621142547664600e+16 4.031196593070073000e+15 3.169073003783367600e+16 1.607759147185598800e+16 1.077284471255883600e+16 2.300734054567149200e+16 1.761566875613570560e+17 2.968570543294624400e+16 1.568433216721062400e+16 2.198624779892476000e+16 1.119900627461022600e+16 4.170906391841921000e+15 2.307196742863551600e+16 4.412630772265215000e+15 3.543324761797336800e+16 -5.588316365441083000e+15 7.244984082232030000e+15 -1.015813904833718600e+16 5.213222042524292000e+15 1.053251332287680000e+16 4.421823588600978500e+15 1.271411721636826800e+16
3.376640139560423424e+18 2.750134073602151424e+18 1.242472788284320768e+18 1.635652074546620480e+17 1.149306301387400064e+18 1.373005609778668032e+18 -1.380282346945334800e+16 1.050967888554966400e+18 1.492299262047984960e+17 8.958580629578851000e+15 2.521003077373831680e+18 -1.699302972560283400e+16 1.244664032722160128e+18 3.220169115579770800e+16 -3.740192993149728800e+16 1.296845815673783552e+18 6.707600694612762400e+16 -1.261781375757714240e+17 -8.360241249627019200e+16 -6.473133070986732800e+17 1.318071065922202880e+18 1.071382914709402560e+17 3.579633450039026000e+16 1.122149934564555904e+18 -8.937795887102986000e+15 1.255414362238710400e+16 4.378699363761677600e+16 1.039386032898876800e+18 -4.895585945677508000e+16 1.884555183770566800e+16 4.690543032160787200e+16 -1.180731585257189400e+16 4.674745517972519680e+17 3.067873455059428800e+16 7.365400701011266560e+17 1.867353736431946000e+15 -5.309384665676774219e+13 7.674886352608785600e+16 1.033849934222731264e+18 5.826811060151157600e+16 1.134353896176960000e+16 -1.068025803132285600e+16 -7.406668564904598000e+15 8.550837454613984000e+17 -7.588323448438136000e+15 -6.748055634062638000e+15 5.989094415985244000e+16 -4.633688875636339844e+12 2.172956649858914400e+16 -4.723519831357591040e+17 -3.773972255083362560e+17 9.352844192906874000e+15 1.072509698384615520e+17 7.777494328677478400e+17 7.338222905177640000e+16 2.209417826571310400e+16 3.398459854271916400e+16 -4.056036759284159000e+15 1.054988021083216384e+18 -4.054507494796065600e+16 1.548925456605251200e+16 3.465308556803352400e+16 1.568116342693824000e+16 7.171858770763267500e+14 1.116418770611313920e+18 -1.414359395401180400e+16 -1.085925394737054400e+16 1.261679418982712200e+16 -3.091573947478272400e+16 -3.016483262439306000e+15 -2.701031726946612000e+16 9.997351958191627200e+16 6.649619971459009600e+16 3.327502103644677760e+17 -9.855271334639326000e+15 5.987398804274152000e+16 1.935812492764646800e+16 1.354529372108523520e+18 5.137739514796588000e+16 2.578342941717663200e+16 3.770885307599779200e+16 7.465838155561876000e+15 2.968570543294624400e+16 2.403571935998073344e+18 6.885403271967962400e+16 6.280093990649876000e+15 4.042807023898794400e+16 1.345981211086768400e+16 1.197501464466325200e+16 2.095932969114795200e+16 9.391126646869384960e+17 -3.412067106709149200e+16 -4.673018078726948000e+16 5.400884720353676000e+15 1.880706776845020800e+16 -2.277855239630604400e+16 7.933937006916960000e+15 5.399130457306484000e+16
-1.468148593111915520e+18 5.321891730651629440e+17 9.479779485256772000e+15 6.907534113571424000e+17 1.002658304659874304e+18 1.222888126146548000e+17 3.637240050360613120e+17 7.925218051578806400e+16 5.369011097389918400e+16 4.092951055602863200e+16 3.743773048728628000e+16 2.025488165120787200e+17 4.642101269749792000e+16 1.576655698012143680e+17 -1.750165109444694000e+16 -9.966262454253766400e+16 1.471469148565644160e+17 -2.371290559066222800e+16 -1.485314448275324600e+16 -5.057564521019227200e+16 5.284655879471260160e+17 1.526264818541997440e+17 6.322112008481303200e+16 -1.224318767001849600e+16 1.068888827997387520e+17 -1.186192591475731600e+16 3.699234877912889600e+16 -4.391165012805444800e+16 7.769501074238160000e+16 -2.353962168092108000e+16 2.155250017108202400e+16 4.114179716877129600e+16 3.124959967476085120e+17 -2.253157351960397200e+16 3.245963700582811520e+17 9.669592456083470400e+16 3.412751213613160800e+16 1.104997683648861800e+16 6.261093579108797600e+16 1.006000962623000000e+17 2.119642580198410000e+16 1.297775698998311600e+16 1.232531859234695400e+16 -3.730725213325314400e+16 7.879479759778771200e+16 1.906772842153742400e+16 2.948168274943129600e+16 2.148577556871004400e+16 1.132704471343908800e+16 -1.096594208261825760e+17 2.601436387585441280e+17 7.343480869596046400e+16 8.152368780770873000e+15 1.837155916507208400e+16 9.147627054020513600e+16 2.566255517565482000e+16 2.529110219098733200e+16 -5.849131158019922000e+15 3.029853977989096000e+16 1.534632459359542080e+17 2.353261941842094000e+16 1.491667270573996200e+16 1.253412115586325000e+16 8.842043730851325000e+15 -3.640277074239441600e+16 1.604409761091455040e+17 1.610170287993071000e+16 2.260603135617012000e+16 1.855313573847036800e+16 2.223864223972711200e+16 -7.504356945389259000e+15 1.208688640070421120e+17 -9.989807521853337500e+14 1.819514724938928320e+17 2.108682554819098400e+16 6.465023152548529000e+15 1.296308278892111000e+16 1.278182482987664000e+17 1.391334849171305280e+17 2.772213654768454000e+16 2.378437206216353600e+16 5.549242285131952000e+15 1.568433216721062400e+16 6.885403271967962400e+16 3.992481311601659520e+17 2.528421531364766400e+16 2.893039803173385600e+16 1.097627126199576200e+16 8.363617595438395000e+15 1.134352903770852600e+16 -2.381112024307170000e+16 1.678772266542619520e+17 5.834164864029387000e+15 1.549972429202467800e+16 1.299119494134964600e+16 1.480178741050916600e+16 1.445222738686884000e+16 -7.221591238982364000e+15
-1.992299297713920960e+17 -1.407060353831166720e+17 4.355428756914069600e+16 6.016893154651146400e+16 1.151226866006528640e+18 5.621194931429888000e+16 1.751851566183317400e+16 6.197266045836414400e+16 3.685000740421301600e+16 5.968031920459962400e+16 1.893620477675913600e+17 -1.087067029671094200e+16 8.457352219720270400e+16 1.863597093157696800e+16 4.887109598971849600e+16 -2.535353519521108400e+16 1.605245036817981800e+16 3.279897477769679600e+16 -9.677595066300640000e+15 -1.869701608174614720e+17 3.811972325918079360e+17 4.294215380017226400e+16 7.670898325340028800e+16 -2.944224770923241600e+16 -1.180444205295326000e+15 3.045717529061361600e+16 1.413571914459819600e+16 1.379444374127009800e+16 -2.376166226363913500e+15 1.758487254913412400e+16 2.185670905776435600e+16 1.652970159392371000e+16 3.287254364418265600e+17 5.570210443503512800e+16 2.819372237003462720e+17 1.004640920944838000e+16 5.017427075487770400e+16 1.735416692580401200e+16 5.655341341601212000e+16 1.814007787650692000e+16 3.607681866659110400e+16 1.600009062389876200e+16 2.637523087458786800e+16 -1.937003783885797200e+16 -1.565890446408871500e+15 2.640797789203136800e+16 6.606478300781489000e+15 2.323075118935736000e+15 1.757554332887740600e+16 1.448557082069473600e+17 1.183742339391232200e+16 5.721889796630272800e+16 1.125848742650157000e+16 4.138486054895708000e+16 -1.367340235838045750e+15 3.452721786280330000e+16 9.242360731132150000e+15 2.152121401646969250e+15 -2.095785665772495750e+15 7.826795498321093000e+15 4.029045715134640800e+16 1.712908462457766600e+16 1.030690988826718200e+16 8.961370032202669000e+15 3.548717531911023200e+16 2.374557927454284000e+16 6.191100143619303200e+16 2.203653300392581200e+16 1.817736817968455200e+16 1.033407749552855200e+16 1.330682258622789200e+16 2.145411061822249920e+17 1.681500764314090400e+16 -9.440112868983214400e+16 4.531663429326754400e+16 1.440704373925787200e+16 9.911827928485044000e+15 3.017611398181292400e+16 2.433302082756796800e+16 5.373489645219139200e+16 5.286310503116252000e+15 1.857397170122685938e+14 2.198624779892476000e+16 6.280093990649876000e+15 2.528421531364766400e+16 1.957666345982903360e+17 3.139735646681895200e+16 1.014823771933855600e+16 1.251378664721560400e+16 9.275554245556148000e+15 1.123156080138717600e+16 5.425332320972300000e+15 6.061758798823350400e+16 2.359404066178201200e+16 5.236119817673378000e+15 2.296291305907474400e+16 9.701558939297138000e+15 3.253650917117961000e+15
-1.690228458023315840e+17 1.531558557019344960e+17 4.942858747122452800e+16 5.672085313613412000e+16 3.421906810952377600e+17 9.569224374958664000e+15 5.321361037543793600e+16 -6.150896955467891200e+16 -8.630992261573665000e+15 3.800591594836440800e+16 -8.155230530495022400e+16 -3.033729430671828400e+16 4.309304280305922400e+16 2.551749624227268000e+16 2.990396278350047200e+16 7.909048253699413000e+15 5.255651218987486400e+16 5.995509121382681600e+16 7.169954642765272000e+16 4.881083909699918400e+16 2.651868670238829760e+17 2.487670900343523200e+16 3.386364202005019600e+16 1.419314160858376200e+16 -3.772723766219861875e+14 2.302311876872946800e+16 3.896041344345076800e+16 1.532533616591395600e+16 -2.200794566779295000e+14 1.637234227137779400e+16 3.501270360526124400e+16 -8.947634873670021000e+15 -1.049758819287778400e+17 1.253268605750808400e+16 3.305592828766036800e+16 7.851185504472692000e+15 1.242639021065177600e+16 3.487519136627450800e+16 3.131724949519614000e+16 1.700085840592365200e+16 5.383242638082966000e+15 1.503871344949781800e+16 2.092079950743611000e+15 2.417545507970810500e+15 2.465553827586210500e+15 -1.499030294990815600e+16 1.905338400391409600e+16 9.761732162876590000e+15 2.222918431001427750e+15 -1.274715487396592000e+17 -1.114393260008340960e+17 2.794547408531608400e+16 4.613062841166896000e+16 -4.232657588597215500e+15 -1.164884740350856400e+16 4.613269156913695625e+14 2.299090280314234800e+16 1.490118352153126600e+16 3.030105872827497600e+16 -9.836390056651365000e+14 1.228597476835444400e+16 1.791852903125866000e+16 5.083125524418191000e+15 -2.288478753073703000e+15 2.441057992279106000e+16 2.575678980354258800e+16 9.603388837340126000e+15 4.054266834111715200e+16 8.985289629006133000e+15 1.592123261916970750e+15 1.755433751994710250e+15 6.917626550257657600e+16 6.109797504459751200e+16 -3.612490428016669600e+16 2.503725947021665600e+16 2.206471840096745200e+16 8.012571605226720000e+15 1.203782256419452960e+17 1.913507591706467600e+16 7.427755034713956000e+15 3.010002693830811600e+16 3.054805484416039000e+15 1.119900627461022600e+16 4.042807023898794400e+16 2.893039803173385600e+16 3.139735646681895200e+16 1.317115198249906080e+17 1.220331799755743400e+16 7.789279220872341000e+15 1.632473108947880200e+16 3.352230870747026000e+16 9.041409315075618000e+15 4.720005544675802000e+15 3.136233031034180000e+16 1.212268013026834600e+16 7.373895978492220000e+15 1.724001604110572200e+16 1.452842073201735800e+16
2.647773231813648640e+17 5.398217041216429600e+16 -9.924657646919993600e+16 4.627134967220960000e+16 -7.762799105418348800e+17 -5.189259619686297600e+16 1.079781010680960400e+16 1.559403917073722600e+16 1.982330909001491600e+16 -5.110209084392781600e+16 2.781284602567828160e+17 -2.495840100317078800e+16 2.838906945948336800e+16 -9.697495703495534000e+15 4.057520995317620500e+15 -5.337010662827118400e+16 -3.177699036013268800e+16 -2.822303967263310000e+15 4.341589384868960000e+15 -3.614458819269160960e+17 2.465275291712143040e+17 3.804369916394584000e+16 2.330382382859055200e+16 -3.365333964731218400e+16 -6.371960522754995000e+15 8.530509703225041000e+15 -5.335566611744788000e+15 1.223988648203961000e+16 6.557844312597490000e+15 2.913761964773560400e+16 2.032193128611751600e+16 4.038844277486373600e+16 1.348763868065402500e+15 8.868551554685691000e+15 1.391612767363321440e+17 -2.273359826283114000e+16 6.203803163632304000e+15 -1.551872937462253600e+16 4.853380310110950400e+16 1.111576823315505400e+16 6.042107444915681000e+15 1.659718582774269400e+16 3.672644656511384800e+16 -5.839469166126485000e+14 -4.604496814859920000e+15 -6.649500353527174000e+15 -6.143518252490803000e+15 1.180666035539942400e+16 6.588296773568693000e+15 7.494415770067284800e+16 -3.693884970629621600e+16 1.742332643610562400e+16 -2.338019922595602000e+15 -3.220773263722724400e+16 1.113705752137875600e+16 1.924878489199546400e+16 2.218057676503103600e+16 3.594917644134764400e+16 1.721497680165058600e+16 2.611781590478342500e+14 8.656392873689978750e+14 8.678271324368381000e+15 1.423540566445873400e+16 7.561778210933337000e+15 8.903718868403141000e+15 1.885518166210993200e+16 -4.921855315724920000e+15 1.354175897666302200e+16 2.656081046839226400e+16 9.286758448839668000e+15 1.409726732125670600e+16 4.404026800652724000e+16 1.356379748306188800e+16 -7.522800809822345000e+15 1.794056530125490000e+16 1.909661301690497600e+16 2.163223711591421600e+16 -8.265081574631776000e+16 1.190124136250935800e+16 -2.155855292714010625e+14 1.139198878768953400e+16 2.238299734604764400e+16 4.170906391841921000e+15 1.345981211086768400e+16 1.097627126199576200e+16 1.014823771933855600e+16 1.220331799755743400e+16 1.014318612736642240e+17 1.068907227833338800e+16 1.145630220191770600e+16 2.268075034883661500e+15 3.963803272989246000e+15 8.563227830260481000e+15 1.542591027252494800e+16 2.576172469431251200e+16 1.305296745542623400e+16 1.423054774404236400e+16 1.393113782275433000e+16
-5.458474937906377600e+16 9.010938071463904000e+16 -7.247138695789476800e+16 4.394579720792313600e+16 -6.331478433223583200e+16 -5.077999146609461600e+16 -1.296304024381401200e+16 -2.375250142412336000e+16 6.637528347449732000e+15 -1.042828525115966400e+16 1.532165551100555520e+17 -2.536946946382093000e+15 -1.348053822325215800e+16 3.497850033019252000e+15 4.198559612318784500e+15 7.015979057673475000e+15 -4.670807573427555000e+15 8.973192811666787000e+15 2.488951946442426000e+16 -2.109333533180295040e+17 2.636937372399346560e+17 2.386463520082275600e+16 2.399448565678013000e+15 -2.862569193943013600e+16 -2.337003361584864800e+16 -4.928982726112842000e+15 -2.183357086098736000e+15 -2.946813888053942400e+16 -2.190020866362085200e+16 -4.586950799785454000e+15 -1.051598478842447800e+16 1.454418813600010400e+16 -1.023091296073945440e+17 -6.910963237924558000e+15 -3.043799013489635200e+16 2.669689305895812000e+16 6.401817845126721000e+15 8.195479936639745000e+15 3.785333215760917600e+16 2.065969858861775200e+16 1.623615512693076000e+16 2.530922257577930500e+15 8.461309919423332000e+15 2.511341065564274800e+16 7.453719327959292000e+15 3.142267701932670000e+16 9.048122041767708000e+15 5.001071310909966000e+15 2.068981356967391200e+16 -1.060051108042846400e+17 -8.033798388112099200e+16 5.823744344363979000e+15 6.879400787641952000e+15 9.168782274553523200e+16 4.346614678882283000e+15 2.924240245078313500e+15 4.837374281277582000e+15 9.627609402337856250e+14 2.624787267893672000e+16 1.078778988430496600e+16 1.087085298488951200e+16 1.505363133439043400e+16 7.699493619367102000e+15 1.809803847779768000e+16 -2.370782262915353600e+16 -6.288150699910465000e+14 7.331334687911693000e+15 1.406220832742199200e+16 1.371549731643139400e+16 1.866025721553925600e+16 1.326222226327228000e+16 -6.675834201402863000e+15 6.767991557886059000e+15 -1.267262467673452600e+16 9.544412703992204000e+15 2.418478695824318500e+15 3.869537537159533000e+15 7.346520953797088000e+15 1.440451294246700800e+16 6.123277349868098000e+15 1.074754092687142400e+16 1.110857169801347200e+16 2.307196742863551600e+16 1.197501464466325200e+16 8.363617595438395000e+15 1.251378664721560400e+16 7.789279220872341000e+15 1.068907227833338800e+16 7.615450403774625600e+16 1.862868449033651600e+16 -5.586538005782369000e+15 1.604966339838771200e+16 4.128484984974932500e+15 -3.252959891553743500e+15 1.209748068080865400e+16 2.254629067210981600e+16 1.226354955283699000e+16 1.224041037100671400e+16
2.806958103076966080e+17 4.366096555575135200e+16 5.579712161788913000e+15 6.094902869956804800e+16 -7.170534075488768000e+17 4.998703614736050000e+15 -1.712283245502755000e+16 5.468951745305922400e+16 4.081460831314297000e+15 6.580409347853733000e+15 -1.233276178027968400e+16 -8.819104951217193600e+16 -6.090715399530773600e+16 -2.435965208815225200e+16 3.480035977250799500e+15 -3.676163951544406400e+16 -2.080312453201928400e+16 3.076676674980112500e+15 1.217738746811307400e+16 -4.556115745137058400e+16 -1.287021041282128640e+17 3.019274961859970400e+16 -1.672581741002967600e+16 1.490864752689773200e+16 1.548032704938364000e+16 -2.224659692309134000e+15 3.181755706126010000e+15 4.358941001352934000e+15 -1.969169921783853500e+15 1.274138000801437400e+16 2.448184321434115500e+15 -6.437020141228384000e+15 -9.310968218661582000e+15 -3.988058502236057500e+14 1.101314578076649920e+17 -3.644067706027075500e+15 6.153604706948384000e+15 5.075234038567808000e+15 2.808775301193264800e+16 1.019918534878586600e+16 1.527882347474762200e+16 -2.307180577865896000e+15 -1.025323513126086000e+16 8.328950577863118000e+15 6.957409861280616000e+15 1.527020694916259400e+16 6.186626121861311000e+15 -3.867880823191485000e+15 5.023077787048116000e+15 -4.227685971051513600e+16 6.082200930152718400e+16 2.082632144211925200e+16 1.801332777012139250e+15 6.108937082629074400e+16 2.255391887066950400e+16 1.175181821260058000e+16 6.146645332457002000e+15 1.039526784822712400e+16 4.503421016667020800e+16 1.186637808326115000e+16 7.865358112679376250e+14 5.544347333642834000e+15 9.522682061236612000e+15 4.460514038422493500e+15 2.540946213848396000e+16 2.053817615619448000e+16 2.283703752368431500e+15 1.743605636556861400e+16 2.077359201804647200e+16 1.364393291541854400e+16 3.615331544960092000e+16 6.948150779271251200e+16 -5.215288149677653000e+15 -4.400494368603663200e+16 -2.044251387977145625e+14 9.736855099976006000e+15 5.903151014199885000e+15 1.091863274396220000e+17 2.062589374948650000e+16 -7.049574534772625000e+15 1.187299879389864200e+16 7.665531095572777000e+15 4.412630772265215000e+15 2.095932969114795200e+16 1.134352903770852600e+16 9.275554245556148000e+15 1.632473108947880200e+16 1.145630220191770600e+16 1.862868449033651600e+16 1.256141587762233120e+17 1.374665889642125200e+16 6.782530214760816000e+15 5.457014242451879000e+15 1.315307411025233400e+16 1.075714876380236600e+16 9.681359768979634000e+15 2.860022152877816000e+16 1.189887717701876600e+16
8.920980334689745920e+18 2.330736612522808320e+18 2.794054847660930048e+18 -2.410462371736020160e+17 -2.213648180597625856e+18 1.469944361804634624e+18 -2.172754957545744000e+17 3.263718714370765824e+18 -1.310812912315979840e+17 8.490601694664888000e+15 -2.875327964897248000e+17 -4.825141430928419200e+17 8.100813359233626880e+17 -1.322179082801391040e+17 -1.590701610072891520e+17 3.121827714224909824e+18 2.689422400412884160e+17 -2.187414206401288800e+16 -1.197426583099959680e+17 1.958716411810322432e+18 1.254199518055202400e+17 2.761079839540861200e+16 -2.033709095194975200e+16 9.711076997696807680e+17 -1.308196149654564480e+17 3.858607371108753600e+16 5.855435669502842400e+16 2.588738824822264320e+18 -1.137662061255521600e+17 7.488254150274017600e+16 7.137875594957752000e+16 7.504677294863995200e+16 1.372799521702079200e+17 1.220078895592463680e+17 8.669035061945864960e+17 -9.291482262557308800e+16 -4.663468462580917000e+15 2.764561568823836000e+16 9.618238605269991680e+17 -7.421799394866875200e+16 9.380905642654506000e+15 -2.327022219155994000e+15 4.070542208008662400e+16 2.614969373180635648e+18 -1.405348645402599200e+17 8.444992716155512000e+16 1.155708299911255400e+16 -4.243440019099101500e+15 2.432667968351658000e+16 1.298392467125364800e+17 -2.981178301864051200e+17 1.893892946575488000e+16 1.350795713717390080e+17 8.173220085962563840e+17 -1.128398928127040480e+17 4.623069830964868800e+16 -1.238583101200850200e+16 2.046804394670576400e+16 8.543559950768257280e+17 -9.539245883624640000e+16 8.209881249837991000e+15 4.412060434993653600e+16 2.625554858234250400e+16 4.710832369059844000e+16 2.604230572908944384e+18 -7.611854324349465600e+16 6.584284158837935000e+15 -4.256285425741788800e+16 -2.668542661229964400e+16 7.909513415508431000e+15 3.306226815063557500e+15 -7.703200101823731200e+16 -5.026770650806379200e+16 2.736308889088741120e+17 -5.251920039809470625e+14 5.918874504979071200e+16 -7.783985483990740000e+15 -1.689255500572146560e+17 -3.184270980383195600e+16 5.485162258005332000e+16 3.766433529438540000e+16 2.170609606523122800e+16 3.543324761797336800e+16 9.391126646869384960e+17 -2.381112024307170000e+16 1.123156080138717600e+16 3.352230870747026000e+16 2.268075034883661500e+15 -5.586538005782369000e+15 1.374665889642125200e+16 3.556308845604164608e+18 -8.944126132946158400e+16 3.511356045251654800e+16 3.168359477426877600e+16 1.684448267277004600e+16 5.640391468731481250e+14 1.308217021320481400e+16 1.080876465372622720e+17
-1.680970331244989952e+18 8.478896727579563200e+16 -2.947671284671989200e+16 6.074452782050615040e+17 2.759307526853862720e+17 4.612675985158000800e+16 2.931007346335862400e+17 -2.891584237896602500e+15 3.434841817132108800e+16 4.234953991800352000e+16 -2.551206064819378560e+17 3.367451433161667200e+17 -1.906052224325213200e+16 2.222282872313007360e+17 -2.631839890730186400e+16 -6.060294627155376800e+16 1.856795260319556800e+17 1.066855127638191800e+16 2.877907697747456800e+16 4.980044978550030400e+16 1.155075892149569600e+17 2.003533845120773440e+17 1.488597246352085250e+15 -1.489295721421626600e+16 1.392443064629204960e+17 -2.079659473770502800e+16 3.215713026469386000e+16 -8.517268007228792000e+16 9.804943321233888000e+16 -1.029038957768848400e+16 -1.146419811476960000e+16 4.259385682223606400e+16 3.627053532276904960e+17 -9.870958997500130000e+14 2.057263706564268000e+16 1.071655900322978240e+17 1.563814516486988400e+16 -9.859993128157162000e+15 -1.225817342258040000e+16 1.147575950226792960e+17 2.688025326788437500e+15 9.671685775156204000e+15 1.594302781399541200e+16 -1.321049593901690240e+17 9.255501645053996800e+16 2.276425524275930400e+16 4.571242787589935000e+15 2.866677025840749200e+16 -4.841151566054828000e+15 1.692207179049465600e+17 2.101052258033666240e+17 4.170612406117668800e+16 -8.516250297677202000e+15 1.511549239055289280e+17 6.705319612585035200e+16 6.039240500799778000e+15 1.750776274306070800e+16 -2.404232752860066800e+16 1.378126713206601000e+16 1.392535027982237600e+17 5.413335063473328000e+15 5.613662656460040000e+15 3.053220985575897500e+15 2.767092802141554062e+14 -1.416439301629298080e+17 1.524531268512525120e+17 1.329258980739990000e+16 -3.193265952978257000e+15 -7.068615399065122000e+15 8.454803500848515000e+15 -1.092817260033940000e+16 1.256520912888816600e+16 -3.939542752275196000e+16 8.018157524618121600e+16 -2.077953616217296000e+15 1.248215607601518200e+16 9.274427375600266000e+15 4.591669652942581600e+16 9.766684159584752000e+16 3.458553089285363000e+15 2.337489304555931200e+16 9.213792053621954000e+15 -5.588316365441083000e+15 -3.412067106709149200e+16 1.678772266542619520e+17 5.425332320972300000e+15 9.041409315075618000e+15 3.963803272989246000e+15 1.604966339838771200e+16 6.782530214760816000e+15 -8.944126132946158400e+16 6.331072822882027520e+17 2.079306832574945600e+16 3.898732518959476000e+15 1.570186107633567600e+16 2.501211078696007200e+16 1.186077015770645200e+16 1.081892332801678000e+16
1.586431906653723000e+16 -1.860891195042350080e+17 7.801003097421264000e+16 1.722141167101602200e+16 7.544466790922833920e+17 1.868135281983568000e+17 6.417827357424493600e+16 1.551852302255478720e+17 1.017133971296582880e+17 9.715387591331243200e+16 6.516127787645386240e+17 -1.815475645108348400e+16 1.297088588150801600e+16 1.872667074300278400e+16 7.468823664007089600e+16 8.638551424674560000e+16 -2.966060504226106000e+15 3.646853488847512800e+16 3.738276300449213600e+16 6.418290831740407000e+15 1.767810655623808960e+17 8.151719750883996800e+16 5.728098956967950400e+16 -1.587902477857631400e+16 7.212085191525020000e+15 2.858869546073316000e+16 2.477244449604370800e+16 3.799408910638613600e+16 3.632609347743275200e+16 1.197852326753218600e+16 -2.234494264532478500e+15 1.802895627901979600e+16 3.218502632378294400e+17 6.108591304154824800e+16 2.693871506722428480e+17 1.304674280546936000e+16 4.890727452729990400e+16 -2.186647792174741200e+16 5.662366645183383200e+16 2.878997520164660800e+16 4.044878109694183200e+16 1.599512973890386800e+16 2.809119302211490000e+15 8.593339580171226000e+15 -2.423670499297100800e+16 3.571874652869282000e+16 1.943133884122082750e+15 -6.949487214223774000e+15 1.948495104768939200e+16 1.928195384706816000e+17 -1.302137544437085920e+17 5.290197998372954400e+16 5.029330317620105625e+14 1.590301054705515520e+17 4.007451259449631000e+15 2.751899355092462400e+16 -5.385592743553179000e+15 1.197702600961447600e+16 -1.746460662523708800e+16 4.871151015548562000e+15 4.585171650326144000e+16 -4.923342599091620000e+15 4.898014680876951000e+15 9.886698043214646000e+15 4.566307909474548000e+16 6.151277911049479000e+15 4.899630295527859200e+16 9.964291992979245000e+14 4.096625853734340000e+15 8.749103821991275000e+15 -3.650728992556352500e+15 7.446916528324833600e+16 1.149495832548336200e+16 6.084055304931828000e+16 3.964413745077512800e+16 1.346575767121818200e+16 8.371059191424977000e+15 -5.913017300001967200e+16 6.270370945700537000e+15 4.426257401612839200e+16 -4.730990739110230000e+15 4.928836162591267000e+15 7.244984082232030000e+15 -4.673018078726948000e+16 5.834164864029387000e+15 6.061758798823350400e+16 4.720005544675802000e+15 8.563227830260481000e+15 4.128484984974932500e+15 5.457014242451879000e+15 3.511356045251654800e+16 2.079306832574945600e+16 3.181812189175886080e+17 2.188514509583105600e+16 7.362599009632218000e+15 1.755758087574789400e+16 9.274414817041687500e+14 1.697630881461500400e+16
4.865791638831244800e+17 2.101758462005468480e+17 7.707885953761475200e+16 1.148610653917672960e+17 4.750436360137619200e+17 -1.102680374364572000e+17 3.661032305066432800e+16 3.101556204030196800e+16 1.293298329515891400e+16 4.546480536925577600e+16 -4.279952649302215680e+17 2.624496084623962800e+16 6.223854430541436000e+15 1.972640840408182800e+16 6.323782139875689600e+16 1.888896621504709200e+16 3.844794890774435200e+16 3.872063368415895200e+16 3.913187627009069600e+16 -4.440252323749585920e+17 -1.358544682246223600e+16 1.022066443788822200e+16 3.080707254593356500e+15 -1.005572024345940600e+16 8.479531167597795000e+14 1.585940724972948400e+16 4.084547952264881600e+16 6.268195989712467200e+16 2.924804927164161600e+16 7.519205972933317500e+14 5.723974355190726400e+16 1.880794120785482000e+16 1.804060023788914240e+17 3.865774124442224800e+16 2.448110513077642240e+17 2.741773788612618000e+16 1.335129560748293200e+16 2.542449311096853600e+16 -5.038805290547616000e+15 1.072142553468481000e+16 1.007258349533382200e+16 3.078559082348842400e+16 2.087374906540612000e+16 8.139695798214462000e+15 1.726827606280738250e+15 1.609992775075840800e+16 1.680781494325934200e+16 5.566410747102931000e+15 1.911835038345518400e+16 1.921839315407699200e+17 2.466562863383878080e+17 2.022175321704533200e+16 3.864715972893081600e+16 -3.413632740083475840e+17 -2.427935598855224000e+16 2.303889138704759062e+14 2.484299024219977200e+16 1.033734527907756200e+16 -2.866828572009021600e+16 -1.804989414263128000e+16 7.806227755322209000e+15 1.385135009863404800e+16 1.073585480283434800e+16 -4.635848926662396250e+14 4.862691966361488800e+16 8.094063370998931000e+15 4.923331340021901000e+15 2.176532962293472000e+16 -1.026036687755931400e+16 6.436391853096659000e+15 -7.271439548128470000e+15 5.563120072558982400e+16 8.028862456699494400e+16 -9.517949326996776000e+16 1.908819949176672000e+16 2.996344141391108800e+16 4.038825180122493500e+15 2.321101268274073200e+16 -8.395247460794716000e+15 1.033795325993438250e+15 2.130430772327826400e+16 8.651410922754654000e+15 -1.015813904833718600e+16 5.400884720353676000e+15 1.549972429202467800e+16 2.359404066178201200e+16 3.136233031034180000e+16 1.542591027252494800e+16 -3.252959891553743500e+15 1.315307411025233400e+16 3.168359477426877600e+16 3.898732518959476000e+15 2.188514509583105600e+16 2.217634881545594560e+17 2.830061467741462800e+16 1.179475175139347400e+16 1.302815005553550800e+16 3.371186108364982800e+16
2.058148859112831600e+16 1.998669296090024320e+17 2.535431194452198400e+16 2.682180803919461440e+17 -5.486462839070256000e+17 -1.242179046667419840e+17 3.120285427851660000e+16 3.129669913840864400e+16 -2.627354758685473200e+16 -3.678394011789917600e+16 -1.728773797702795520e+17 -4.428816854103961600e+16 6.897688321761164000e+16 3.461580583323187500e+15 -1.364010924184775750e+15 3.669723927957743200e+16 1.740520095231482600e+16 -2.332151795605999200e+16 8.734423908546964000e+15 -3.565961018239543680e+17 -1.793266094054907520e+17 -2.404123073399752500e+15 -4.508322104784816000e+15 -4.254198140023566400e+16 8.624184892567230000e+15 -6.124125535625778000e+15 -5.362040803197626000e+15 3.157967884064297500e+15 2.531304498355765000e+15 2.448302644605122400e+16 8.251456378863830000e+14 1.845945464801099200e+16 1.174876366785340640e+17 -3.561373176574312400e+16 1.441607263386924800e+17 1.752741919311419000e+16 -4.941122862332310000e+14 -6.361687491351032000e+15 4.989662178151503200e+16 -9.213029824397422000e+15 2.551725339057596000e+15 1.924476608159187500e+15 2.580406566288183200e+16 -1.167478691478726600e+16 9.382472353783054000e+15 -7.219975943662320000e+15 2.753576401523353750e+14 1.361133287715497600e+16 2.199483862239248000e+16 1.011853671192913280e+17 1.700169417850742720e+17 2.783088589885818400e+16 4.680138355070501000e+15 9.317846731139870000e+15 -2.112150395660778000e+15 6.804391062352426000e+15 8.290464827518473000e+15 2.316265201820353200e+16 1.068697021077676800e+16 1.914000491625378250e+15 -1.519380483981329600e+16 7.528021485284099000e+15 6.721748793612522000e+15 6.926463954654004000e+15 -1.588758742997662800e+16 -1.719686353759199400e+16 -1.154731023782084400e+16 -1.878582016896501250e+15 1.708781301178398600e+16 7.171334292481988000e+15 8.617002509481618750e+14 5.229493310289460800e+16 1.348500657800212800e+16 -4.934071224725763200e+16 2.788288487020449200e+16 1.877088893640382800e+16 9.432146572359572000e+15 -2.230983853634210800e+16 1.629663931687287400e+16 4.294402305439717500e+15 1.229212797853264400e+16 2.085340918373570000e+16 5.213222042524292000e+15 1.880706776845020800e+16 1.299119494134964600e+16 5.236119817673378000e+15 1.212268013026834600e+16 2.576172469431251200e+16 1.209748068080865400e+16 1.075714876380236600e+16 1.684448267277004600e+16 1.570186107633567600e+16 7.362599009632218000e+15 2.830061467741462800e+16 1.586624230481136960e+17 3.060025305968922800e+16 2.180988434251644000e+16 2.582073222314611600e+16
4.263199424785927200e+16 -2.137983627809749760e+17 -5.431481331177153600e+16 1.819716410058183040e+17 -1.182825068577146624e+18 -1.609863364930153280e+17 2.204312711027256000e+16 3.213085184958118400e+16 -3.227632150009526000e+16 -6.183258820653440000e+16 -6.351875611238748800e+16 -2.736346806037771200e+16 -9.987850646778270000e+14 7.747193657481238000e+15 -4.034521038565556000e+16 -3.069767087836681200e+16 -2.293122948272848800e+16 -4.460086230911667200e+16 -4.493429342817285000e+14 -2.763193194888924800e+17 -7.376256834388220800e+16 4.786448826679747000e+15 -2.085117180368761200e+16 -3.287041608701027500e+14 -1.060791698230932400e+16 -1.609701484911194750e+15 1.197926759508485000e+16 5.182008171473800000e+15 -1.415875795925917800e+16 -4.311836682386504375e+14 -3.510908501962530500e+15 2.749455521092677200e+16 -5.703804942570260000e+16 -2.593947340807564800e+16 -5.231945609415593600e+16 2.287720924366628000e+16 3.061684448257380000e+16 -1.409791341086802800e+16 4.276212191275552800e+16 1.637822062352659800e+16 6.240625234663377000e+15 8.220598981682450000e+15 8.890411658134690000e+15 1.836263535420349250e+15 2.124625286573285250e+15 6.337734970639205000e+15 3.871578647807364375e+14 1.378170620142982200e+16 1.232822402615961400e+16 4.461199997836912000e+15 7.643345734366340800e+16 5.189103768900529000e+15 1.536547046606660600e+16 -1.337874139619768640e+17 -1.689848332397359200e+16 3.024368011071897000e+15 3.182077916854551000e+15 9.965254367827758000e+15 1.123561286519003600e+16 5.229252573493690000e+15 2.544712398861228000e+15 1.060632354923822800e+16 7.055470909102584000e+15 1.445343025470765600e+16 -1.302372529081967800e+16 1.770814222745278250e+15 3.301837807824379500e+15 -4.830455501506345000e+14 -7.630819724496258000e+15 7.784604611907865000e+15 1.445674867648617200e+16 -1.139300331709769120e+17 1.466780328870614800e+16 -7.748011098615054400e+16 1.164880651987894200e+16 1.002998226637424200e+16 1.318297386330580400e+16 -2.543375411390637600e+16 1.270262961965031000e+16 9.084318049453170000e+15 1.631042800409843600e+16 1.042873528327805800e+16 1.053251332287680000e+16 -2.277855239630604400e+16 1.480178741050916600e+16 2.296291305907474400e+16 7.373895978492220000e+15 1.305296745542623400e+16 2.254629067210981600e+16 9.681359768979634000e+15 5.640391468731481250e+14 2.501211078696007200e+16 1.755758087574789400e+16 1.179475175139347400e+16 3.060025305968922800e+16 1.426167932026435680e+17 3.123141694472276800e+16 3.299973908387188800e+16
2.241366313419736000e+16 1.442657238941599040e+17 9.012832361798644800e+16 1.466652909577213800e+16 -1.335982278279766784e+18 -2.176132272687926000e+16 -2.568593459827584400e+16 -8.777470513275064000e+15 -1.266786669298525000e+15 5.758100241542086400e+16 3.878797851359869440e+17 -1.608350067195194000e+16 3.040510542331677600e+16 -1.210435904108016800e+16 -3.732367127368431200e+16 3.437731441045364400e+16 2.621977168743737500e+15 -1.443554119829351000e+16 2.419567078721230400e+16 -2.584660324268911360e+17 4.384234067635137600e+16 1.600727585226332600e+16 3.811992422772600000e+14 -9.705380290336790000e+15 1.073263077382611800e+16 -2.932802074857396500e+15 6.952493310021001000e+15 -1.030917732822024800e+16 -6.813732633001280000e+15 1.060291632533976400e+16 -2.953634593990515500e+15 7.625878214554894000e+15 -5.965961700080030400e+16 -1.100798038913289600e+16 -5.276805834793936000e+15 -1.284872740718607200e+16 -2.978707066526689375e+14 -6.862988924995837000e+15 4.265593302557132000e+16 2.574469276493868000e+15 1.754445162473522250e+15 6.777461907342315000e+15 1.555674966101718000e+16 8.009235711283663000e+15 8.235573049868319000e+15 3.355506091591018750e+14 5.406854299509235000e+15 2.961843993280397500e+15 1.395960138081660250e+15 -4.296424344183436000e+16 -1.263846463024791200e+17 1.424827036434218400e+16 -3.653277004399591000e+15 -2.357322986230659500e+15 1.800802052613061000e+15 7.261800252247916000e+15 7.507989408348015000e+15 6.437459596545411000e+15 2.751743080476755600e+16 1.139445518675022000e+16 -8.060768209254522500e+14 2.764678099059113000e+15 9.777812197584142000e+15 2.210023781517065250e+15 -9.147899542899634000e+15 4.487114020163100000e+15 3.714876800928461500e+15 3.309723797654353000e+15 1.176788538585647200e+16 1.113224458244429600e+16 5.835429946780407000e+15 -1.079890711222088400e+16 3.361619622518668000e+15 1.823212479396676400e+16 1.173349297934846600e+16 5.128209860066574000e+15 9.124133060006532000e+15 2.218735916893666400e+16 8.814164385598988000e+15 4.021162446542346500e+15 8.945775625071980000e+15 1.381007837704299600e+16 4.421823588600978500e+15 7.933937006916960000e+15 1.445222738686884000e+16 9.701558939297138000e+15 1.724001604110572200e+16 1.423054774404236400e+16 1.226354955283699000e+16 2.860022152877816000e+16 1.308217021320481400e+16 1.186077015770645200e+16 9.274414817041687500e+14 1.302815005553550800e+16 2.180988434251644000e+16 3.123141694472276800e+16 1.180978270495996640e+17 5.908808777355920800e+16
5.952970262691892480e+17 -1.407358035961117920e+17 1.187530028155160960e+17 8.848142788618009600e+16 -8.017967490535219200e+17 3.796992725909108000e+16 -1.805937973415762240e+17 7.437877771943883200e+16 1.539725067687396875e+14 -1.810104405640605120e+17 1.864810304002073280e+17 5.205414453091710400e+16 -1.042228288422866720e+17 1.599332979733914400e+16 2.370853010159779000e+15 1.441849183337412160e+17 -6.013364122577265600e+16 1.798705802829762800e+16 1.877886281291102800e+16 5.168382295749005600e+16 -8.528245086750791680e+17 1.110460380369513760e+17 3.823551199028240000e+16 1.086513479151785120e+17 -2.544688078966461200e+16 1.862717974021498500e+15 1.161059041917562600e+16 -2.856267759691580800e+16 -8.501701527905778000e+15 1.662663251643483200e+16 -1.155584241867113600e+16 -1.969845716723937200e+16 -7.771106036584944000e+16 -1.722737240122695200e+16 4.224830717327758720e+17 4.275396339587024800e+16 -4.927001541798395000e+15 -1.571150615003267600e+16 6.486423717729957000e+15 -3.369464180566372400e+16 3.873348256685915000e+15 1.736767067093714000e+16 -2.541497548030506500e+15 2.732366559065366800e+16 -1.996745661202304800e+16 -1.894647723780608500e+15 -5.998527298015984000e+15 8.412326455679121000e+15 2.369359644678620000e+16 2.480694429889959680e+17 1.145531390026762240e+17 6.701419661694387200e+16 5.787501118488860000e+16 1.380875568979343200e+17 -1.964074160358388750e+15 1.561623544860243200e+16 1.282591022973934800e+16 9.952155277668856000e+15 1.441097389980449500e+15 -2.965199919417086000e+16 8.068849601810936000e+15 5.893450784339016000e+15 -1.884042411447328750e+15 7.761515678475782000e+15 4.200213355804094400e+16 -1.556097310529314600e+16 -3.585742858457038750e+14 -7.388147933546850000e+15 6.122348816688245000e+15 -3.082684593487156250e+14 -1.390586998453118400e+16 1.451923239466350080e+17 4.095238516908201600e+16 9.323338049782828800e+16 2.678353449073474500e+15 4.597782164238956000e+15 1.442843113721789800e+16 -6.985727967986025000e+15 -2.032374003589472500e+15 -2.491074006779253000e+15 9.536670073921112000e+15 1.973066257223932000e+16 1.271411721636826800e+16 5.399130457306484000e+16 -7.221591238982364000e+15 3.253650917117961000e+15 1.452842073201735800e+16 1.393113782275433000e+16 1.224041037100671400e+16 1.189887717701876600e+16 1.080876465372622720e+17 1.081892332801678000e+16 1.697630881461500400e+16 3.371186108364982800e+16 2.582073222314611600e+16 3.299973908387188800e+16 5.908808777355920800e+16 5.469664365608440960e+17
