# P+B covariance for NGC and p = 1.6
# 
4.956124231036778092e+08 4.437708086846990138e+07 -3.049064184970896225e+06 -1.775894019352416508e+06 -5.251159234633529559e+05 -1.175214787344032899e+06 -4.815794546922012814e+05 2.768824019288097625e+05 -3.420458599538970157e+05 1.226950488504125038e+06 2.678164770670167636e+05 1.226931846102830954e+06 -7.137663687744500930e+04 -5.527845467139490647e+05 9.467210330524420133e+05 -1.066227892509122845e+06 -5.932069028381188400e+05 6.083905957103880355e+05 1.089026850309782429e+06 5.214665506449634559e+05 6.106071823365429882e+05 -1.007317783251951769e+05 -2.828596285623256117e+05 4.421660505291085574e+05 1.738587265655744995e+05 2.399164830237697170e+05 -4.448634284752376261e+05 -2.278770764818252937e+05 5.657391987698986195e+05 -1.224448198591050605e+05 5.889319746915835276e+04 7.678935161285171052e+05 6.560202854827654664e+04 -1.243622220181940356e+05 3.295350479664436425e+05 3.194470191946565174e+05 1.555796653018830111e+05 5.650643829012027709e+04 -4.470736027669344185e+04 1.011097981215517052e+03 -2.302402479116276954e+05 2.697940749438345083e+05 2.829161561416182085e+05 5.025584118516601156e+05 1.746186846438289504e+05 -6.825314091235374023e+12 -3.252932514163823730e+12 4.906919328270422852e+12 -1.792475667366450928e+12 -3.537403589603786719e+13 4.070891726791783691e+12 2.518722627341219238e+12 6.364501219648772461e+12 1.881778135353558594e+12 -2.024206650607252197e+12 2.383029934387788672e+13 2.503203858780263184e+12 2.182068494058707275e+12 1.128301322885671234e+11 -1.672814157007227051e+12 6.859939243390825195e+12 -1.582337395074075195e+12 1.314558954468184326e+12 8.811056183645369873e+11 8.666519296220442383e+12 -8.614123490154799805e+12 -1.063882460016171997e+12 -1.979750254330722412e+12 2.106676581791281982e+12 -1.880208408803149414e+11 1.578590240277770996e+11 8.985534292526401367e+11 5.496156090879239258e+12 1.440144840521668457e+12 -1.985470605440917053e+11 -1.712308272004978638e+11 -1.441913401222839050e+11 -7.017255991397073242e+12 -1.305031948852246582e+12 1.255021901237652734e+13 9.973449924662282715e+11 -6.516103419953829346e+11 -3.129299178976058350e+11 1.522619897090628174e+12 7.296378251034189453e+11 2.667799196613767090e+11 -3.473746733271760254e+11 -6.704969616636978912e+10 4.053911571716330078e+12 -3.627743828985593262e+11 5.423124780625682983e+11 5.836393869173035431e+10 -8.603853743420665283e+11 -8.837592971062294922e+11 1.039199434079091553e+12 -4.828065853254524414e+12 -1.853807972296729004e+12 -7.363544544334101562e+11 1.449974323671947266e+13 1.638642767415162048e+11 5.435031130091719360e+11 -1.552122659124392090e+11 4.044554672230974121e+11 1.363303676068356445e+12 -5.730834806305104980e+11 -2.903557464303316498e+10 3.866110337648273315e+11 1.644897846037027283e+11 -7.521379803125035400e+11 3.616566048063314453e+12 -1.340944813402673584e+12 -5.076493220721693726e+11 -5.229029548398298340e+11 -1.113613505241870575e+11 3.222221125947314453e+11 2.955914258857234497e+11 1.323276442500783203e+12 5.761650378492413330e+11 -4.719797805487937622e+11 -1.804596838294648743e+11 2.276576049510354996e+10 -4.400986803973258057e+11 2.386940092017352051e+12 -1.571645716424499756e+12 2.914457956812144775e+11 2.042881912411100769e+11 2.355178970672029724e+11 6.745887653813050079e+10 1.501962050645129639e+12 1.192501441937718201e+11 2.569119669427253723e+10 -1.828000526580038757e+11 4.314185248856597137e+10 -7.655032199536303711e+10 -2.703539354477640915e+10 2.275289020830832520e+12 -2.683443837858420410e+11 3.103126338189656830e+10 5.290333419600888062e+10 4.846681171590864868e+11 1.396682506582209473e+11 1.825053075454970093e+11 6.456369242003404541e+11
4.437708086846990138e+07 1.206638327276941538e+08 1.347159469496743008e+07 1.458941154457591940e+06 1.566561458978567971e+06 1.001492681454334641e+06 -3.174512597332291989e+04 -6.990426357153285062e+05 6.089125072260680608e+05 1.190524372935858089e+06 3.984730412381075439e+05 2.191758686729359033e+05 5.291107905664636928e+04 -1.082743926203101175e+06 -2.717160227647560532e+05 5.453928688443076680e+04 1.552257975063877821e+05 3.980814202109930920e+05 -7.283280886077943433e+04 6.342540265297407132e+03 2.775934776594745927e+05 -1.049467985815508146e+05 -1.032931176519274304e+05 -3.851240997437846090e+04 -1.347868026106630568e+05 8.434939704239243292e+04 3.787657857796035241e+05 -1.317470346191506833e+05 -3.608909682795407571e+04 -8.677775984228379093e+04 2.204871457660714441e+04 1.874844083689099643e+05 7.746864190472303017e+04 1.574356827955792869e+04 -3.852137749662113947e+03 7.474113206530039315e+04 3.128350526448337769e+04 8.476406572722157580e+04 -5.491935534557102073e+03 -1.012813771092714596e+05 -1.912065279768825858e+05 2.941722625311918091e+04 2.821954014696175000e+04 -2.468934050780625694e+04 1.787611984419561340e+05 2.644139316124679688e+13 1.515234847544364648e+13 1.002728780522607227e+13 1.502410114347963379e+12 -2.329711560610613098e+11 6.894499906334550781e+12 2.690078101176447754e+11 7.711085209262544922e+12 2.840430560375858398e+12 -5.990825571678128662e+11 6.794472686621010742e+12 1.773504270598210693e+12 7.970610642048210938e+12 5.023071122110943604e+11 -5.533320696362958984e+11 6.500507685526581055e+12 3.172221629649451294e+11 9.796486490029518127e+10 2.461668769071510925e+11 2.294304588979581055e+12 6.887519011925540771e+11 1.083586335566540527e+12 -2.954338190133430786e+11 4.947003205240789062e+12 1.233304244097241364e+11 1.169004230397696991e+11 1.023533192312808228e+11 4.667943926762953125e+12 -2.308635429592722168e+11 -9.277490831130812073e+10 4.438464228161567688e+10 -4.806009030689955444e+11 2.243007862373493164e+12 1.245628786525544128e+11 4.720233523649817383e+12 1.874707701981619873e+11 2.710918968337962952e+11 -9.143500426965328979e+10 3.986303411487149902e+12 1.342684813018876953e+11 7.662903799823031616e+10 7.201677828676176453e+10 -9.461684371778631592e+10 4.080428633579166504e+12 -3.909780813720944824e+11 8.217153932196273804e+10 3.468919023587495728e+11 2.736158779170613403e+11 4.663637047419966125e+10 -4.818026362678778320e+12 1.047603641109838379e+12 -1.880205653130752258e+11 -3.279228583383964844e+11 2.636209726367861816e+12 -1.909596312117223511e+11 1.376873345417708740e+11 -6.084262700019311523e+10 9.471020146369023132e+10 3.014517630242534668e+12 -4.348922212316003418e+11 5.482143407401306152e+10 5.459763779364574432e+10 -3.280301583077361298e+10 -6.519105590980902100e+10 5.006115524672792969e+12 -7.238595857467237549e+11 -2.202999851914822769e+10 -3.810861505498952026e+11 -4.770905090373176880e+11 1.411960353584326782e+11 -5.254891188382350464e+11 -8.094828409240810547e+11 -7.778866633992088623e+11 5.367771522407990723e+11 3.711111536953570557e+10 7.528574435460432434e+10 4.770262514573273468e+10 4.402724574300411133e+12 -1.235019507790992546e+10 -1.221743486754553680e+11 -1.764853879997773132e+11 1.733876094780521545e+11 -6.400499212930696487e+09 3.956044110242136719e+12 2.659391720135013428e+11 1.824910234871255188e+11 -1.103227416318208923e+11 -6.964438283173167229e+09 2.831290371914000320e+10 -5.344784398392051697e+10 4.144677235841783691e+12 7.102054473241880798e+10 6.635977633210253906e+10 -7.298044836369157410e+10 8.828027407904382324e+10 -1.280832050497693024e+11 6.082064975930347443e+10 8.193692395903816223e+10
-3.049064184970896225e+06 1.347159469496743008e+07 4.883510903813390434e+07 6.602907557610732503e+06 1.598113750050540315e+06 1.313289374422186986e+06 6.247697791106464574e+05 3.767991732120123343e+05 7.352932110731083667e+05 7.145236491832092870e+05 -1.431714005124938849e+05 4.381272142787961639e+05 -1.645276279634333623e+05 -1.903859089994672104e+05 9.007260644241221598e+04 -1.533846891393355145e+04 -2.791185129190010412e+04 -1.602113617580647115e+05 1.876513704647631384e+05 2.565286252655779390e+04 -4.780107072209902981e+04 -2.121346257938007184e+05 -8.285312262267102778e+04 6.138590938445965003e+04 2.183745242165031668e+05 2.756243023820529925e+05 2.085999833623428131e+05 -1.816329209805608480e+04 1.307951692881832278e+05 1.847474278555308410e+05 2.890971648058673600e+05 8.552503413973090937e+04 -6.750564255285578838e+03 1.243793118797131901e+05 -8.953963829592877300e+04 -7.333586228068546916e+04 7.968303594286719454e+04 2.966296130822664418e+04 1.633806428117301548e+05 9.889508415939866973e+04 1.999434573835162882e+04 1.086498961199216719e+05 8.007199264582166506e+04 1.204665776955793699e+05 1.588809195650543843e+05 4.201872978047615234e+12 9.771794584142994141e+12 3.854993043870595215e+12 4.052100304880727539e+12 1.852166400620446094e+13 4.060317490553415527e+12 1.603733861319618164e+12 4.241108579136677734e+12 1.508534923715994873e+12 -1.270009683183527184e+10 -2.545143496040972656e+12 1.050884793763116821e+12 2.809739574702020996e+12 1.260421932844156250e+12 -9.260070572211883545e+09 2.055874903673279297e+12 1.444832499310006104e+12 3.223015966440125732e+11 1.166972791661120605e+12 -1.157208929812038672e+13 1.552569049860035156e+12 2.109810850009473038e+10 5.432854443385470581e+11 2.354464325208047363e+12 7.886231712647354736e+11 5.546931553698466492e+10 4.272986180810827026e+11 1.354453806511562744e+12 6.280243054244638672e+11 1.974408615136213379e+11 2.199675212407958679e+11 -1.209952668821086121e+11 -1.254372781829864807e+11 -1.514056363178495483e+11 3.180685043471751953e+12 6.552277813623646240e+11 2.047168279495584106e+11 -7.813734438560350037e+10 2.641721427072362305e+12 8.382157495808951416e+11 2.682177913462734680e+11 5.800539929821260834e+10 -9.329666349753866577e+10 1.549673140046397217e+12 9.229672200636721191e+11 2.021987314757111816e+11 2.765765317634069824e+10 1.465166059802768555e+11 1.818666212222310486e+11 7.646611052457983398e+11 -7.481048191494146729e+11 2.836042348687168579e+11 -1.146244828086192513e+10 2.651644186305875977e+12 2.983882228511268311e+11 9.032658195911906433e+10 -7.299767662886385918e+09 -6.937438405939982605e+10 1.782131942953802002e+12 6.454406426621184082e+11 3.942959136374159336e+09 1.083263335335514221e+11 5.159953497887281036e+10 1.590770225456851959e+10 1.608037574346095215e+12 4.721638374223099365e+11 8.223507937043554688e+10 -4.473796457475351715e+10 -2.723568268718236084e+11 1.179764271232110596e+11 -3.288876094250807495e+11 -5.929519182337249756e+11 -3.815787995770187378e+10 2.285376953374254761e+11 -3.994291982915466309e+09 2.136832127505911560e+11 9.906849763273336792e+10 3.453753811689320312e+12 2.704991626258487244e+11 2.075253796443228760e+11 8.548242644717645264e+10 1.127384244110863342e+11 1.630663803951537170e+11 2.045669958923113037e+12 7.505928183978310547e+11 -9.827441316044122696e+09 1.434840757336514587e+11 3.823358659642057800e+10 -3.715950953577628613e+09 4.374677132250926208e+10 1.112337275773405518e+12 7.128327146241188965e+11 1.662153572442676544e+10 -4.709158264783396149e+10 3.788997191879700470e+10 -3.111958648794772720e+10 2.251346104152597809e+10 6.810367860224098206e+10
-1.775894019352416508e+06 1.458941154457591940e+06 6.602907557610732503e+06 2.578203883166082948e+07 4.187590172939165961e+06 7.654770129529525293e+05 7.197961853873058863e+04 -4.303332391981255496e+05 1.811646679939374371e+04 3.167703517748289742e+05 2.717675891939813737e+05 7.589116619646277104e+04 2.005757602933431554e+04 1.241988620583097800e+05 2.847620482349690283e+05 1.924106241938470921e+05 1.903157871778684203e+05 -3.129275760873580657e+04 2.634654042978574289e+05 2.601827549564747824e+04 2.253573577797193429e+05 1.535063746233360434e+05 1.337985049903462932e+05 2.205520969964326650e+05 1.283131661089062836e+05 2.525072753571840876e+05 3.011206462012606789e+05 6.299401296302137780e+04 1.026057948901849595e+05 1.004259810311921901e+05 2.068141088611602318e+05 1.165667738318852935e+05 1.202264402419274411e+05 7.427261056932828797e+04 1.366662061102207517e+05 9.377489311831390660e+04 1.342430850407830440e+05 3.049751335263989677e+04 4.052399310317486379e+04 8.179179030060667719e+04 4.827587296025331307e+04 9.683128045303678664e+04 6.361836392609733593e+04 5.242272798058196349e+04 3.802282822699495591e+04 1.932742667226670898e+12 3.384229256038203613e+12 1.755435150596934326e+12 4.934854866543541016e+12 -1.367127904042565674e+12 1.988188387722686768e+12 2.885760468789806641e+12 2.325963016222212402e+12 1.380507405397796143e+12 -2.450784236136541138e+11 3.519194196618582520e+12 3.045335409881012207e+12 2.790280002675344849e+11 1.351817254829909912e+12 -2.696944502539603882e+11 5.700413218962418213e+11 1.621910353782228516e+12 -2.689314512995126343e+10 9.255235757345581055e+10 -1.506953483642787598e+12 -3.155853882745265503e+11 1.404282139574849609e+12 3.655774271497542725e+11 1.012394137784787903e+11 1.582342890720881592e+12 -2.271126403679749146e+11 1.819143810910588074e+11 5.051737409830252686e+11 8.725638968640988770e+11 1.407490929788877869e+11 2.992566768713053513e+10 2.881821346960677490e+11 -7.705972820451015625e+11 1.021360055345763245e+11 2.227162288807402832e+12 1.152930212189701660e+12 1.090252347063535156e+11 2.509308259356118774e+10 7.380938899204788208e+10 1.010274696573018066e+12 2.172661250869538574e+11 -1.226409784116302299e+10 6.929131813959263611e+10 4.035408071715667725e+11 9.716340742037314453e+11 1.093398883237145844e+11 -1.303552290103246689e+10 3.480677711803678894e+10 1.342190829358888550e+11 -5.028023161136629028e+11 1.402325366771410645e+12 1.567431710689588928e+11 -4.526928879666472626e+10 -6.920573728988310547e+11 6.702575235133583984e+11 5.758580646819635010e+10 -5.667621054150805664e+10 1.146298314902107697e+11 -9.211896058322065735e+10 1.075774008608770020e+12 4.635157964276179504e+10 -2.756260639890515327e+09 6.718974536493879700e+10 5.008677328537263870e+09 3.670782418810132446e+11 8.285096160173126221e+11 8.309674953658648682e+10 4.277450989355498505e+10 -7.864062386928953552e+10 8.640786286964088440e+10 -5.205722825992930412e+09 -1.244769220578082520e+12 1.241161830671132355e+11 1.539365813411299438e+11 -9.536487294361828613e+10 1.201059816641905060e+11 8.093191261778079224e+10 -7.937464538311302490e+11 1.136862250297135742e+12 2.840333970376280212e+10 1.184239186326797028e+11 1.125712813188578033e+11 2.694692840698209381e+10 1.750313975515585632e+11 1.003961923823636353e+12 -6.338181533307784081e+09 4.616578191793175697e+09 6.452455639190009308e+10 -3.888853236570131779e+09 9.977768106850065613e+10 4.579600725674406738e+11 1.082782141721165771e+12 1.546818491171696777e+11 4.337953771589891052e+10 8.860725637007078171e+09 1.537127801329010773e+10 6.815180319191980743e+10 -9.789163459626484680e+10
-5.251159234633529559e+05 1.566561458978567971e+06 1.598113750050540315e+06 4.187590172939165961e+06 1.616666482015153579e+07 2.423320976976823993e+06 -8.991275110478925853e+03 5.612654318433797016e+04 2.157260356050769333e+05 3.159076852260415908e+05 -9.254470073173425044e+04 3.395274756358969171e+04 4.826354508178499964e+04 7.149434476041373273e+04 1.831120404781606630e+05 1.500821998851390672e+05 1.026068735673636402e+05 1.680325515223425173e+05 9.935423538799585367e+04 -5.926320434529484919e+04 6.961636650962238491e+04 1.022379942146255926e+05 5.498013971439164015e+04 1.336305675672314246e+05 1.104372989826976991e+05 9.092957387295694207e+04 1.068034851643467264e+05 1.468359124947931559e+05 4.872919163326013950e+04 3.220002138145753634e+03 6.572548807221085008e+04 3.352640571467231348e+04 8.862533150408043002e+04 1.289259744908895518e+05 1.163464671251522377e+05 9.556879062040458666e+04 8.983339163399062818e+04 2.185406770267694810e+04 7.322240252337843413e+04 3.434795318911015056e+04 3.639132643795004697e+04 5.909509119815320446e+04 -3.204689610466190061e+04 -3.486361029742380651e+03 7.667537402939095045e+04 2.477482690082034607e+11 -8.415987794287604980e+11 3.789422981886389160e+11 1.537854922775802246e+12 1.426667086976933838e+12 1.345067783649111084e+12 1.460297915375438965e+12 5.490252715370125122e+11 1.049124719295303589e+12 6.275559916272717285e+11 2.182995602325522461e+12 1.783038630958290039e+12 1.645031619285402222e+11 6.818550459848706055e+11 4.839996317225822144e+11 -9.911209362717233276e+10 4.697217089698230591e+11 -7.903431221403010559e+10 -4.898416252061235962e+11 2.589608237728741211e+12 3.328669566982554688e+12 5.502406129507045898e+11 5.688251110080374756e+11 3.219679110696706543e+11 5.247306485189774170e+11 2.018748648201175232e+11 -3.593440963666872406e+10 -3.963231224417329102e+11 5.063379637184476318e+11 3.383814787686600952e+11 5.646662872629034424e+10 3.580294861112423706e+11 1.839351646311716309e+12 -1.062496688626627197e+11 -6.000747569167120361e+11 6.145961659852167969e+11 2.841383297494950562e+11 9.974046307845718384e+10 -4.579691676442439270e+10 5.825176018731834717e+11 2.754534296277778931e+11 -1.134177858050810432e+10 8.223563459335392761e+10 -4.406975585092890625e+11 3.173697717673634644e+11 2.019958851294107361e+11 -1.187460720366945496e+11 -9.967935665349517822e+10 -1.019175547145996094e+11 -6.164371833275498047e+11 1.820928044041268311e+12 3.244512816686210938e+11 -5.232863886894941711e+10 -3.537475920840497437e+11 6.772936068404299316e+11 2.668026620469791565e+11 1.097672302405245018e+10 -3.357558895958325386e+09 1.180679931997013397e+11 4.362851867570996704e+11 2.578813202384068604e+11 -2.396939385701351929e+10 1.609812948662291145e+10 -7.761887650957156372e+10 -2.077013689833497620e+10 4.101799903287614746e+11 1.825411012047882996e+11 2.068592910093047714e+10 5.328594868256472778e+10 -2.904637545388648224e+10 -5.619086933488365173e+10 5.221332884815250244e+11 1.500273479651213646e+09 6.749606436462603760e+11 9.620016162659559631e+10 9.932384680421591187e+10 7.597911710369677734e+10 2.504514052012738953e+11 9.279776232799221191e+11 2.779976249069342651e+11 -3.655004599801251984e+10 4.855398744551817322e+10 2.445588631458881760e+10 4.027303738208621826e+11 3.939359107996661377e+11 2.312909121487706299e+11 1.359418506825119781e+10 -5.137822484435395813e+10 1.959815415640648651e+10 -1.424483594981339264e+10 -9.648841747343851089e+09 4.883739847147156372e+11 3.247312460930519409e+11 -3.989809127493126678e+10 4.387014864107432556e+10 -2.841854558226329041e+10 -3.080223568141014099e+10 5.568767370804200745e+10
-1.175214787344032899e+06 1.001492681454334641e+06 1.313289374422186986e+06 7.654770129529525293e+05 2.423320976976823993e+06 9.894926777434229851e+06 1.574607229852238903e+06 1.190602396547881362e+05 1.202225052314032800e+05 2.108517942390193348e+05 2.659421825525259483e+05 2.532777047622194223e+05 1.158436842583231773e+05 1.536567777532009932e+05 1.479820249108304852e+05 -7.856818053172800319e+03 -7.292259494175465079e+04 -5.894445401788771414e+04 -4.316386620438496175e+04 -1.061565580373865378e+05 1.648153900972957490e+05 6.962431028241748572e+04 6.692980976758537508e+03 3.962457602501350630e+04 5.070034177126582654e+04 8.372015579579258338e+04 1.863825231266010960e+05 2.772264609069052676e+04 3.926862780658229894e+04 1.395489506426288281e+05 5.945295148814417917e+04 -1.023085689665722020e+04 8.633491031046518765e+04 9.477723173510875495e+04 6.927297131609356438e+04 9.145872438027111639e+04 6.549733404470010282e+04 1.581191759308790824e+04 3.970016466982942075e+04 4.721191558458788677e+03 4.768300304205333669e+04 4.763306521527311270e+04 6.386819850239489060e-01 -2.475054483692809754e+03 2.836433898043587033e+04 -1.384376438055476074e+12 -2.977410886582940063e+11 -1.658122679769347534e+11 -3.527190320403272095e+11 6.091503015174739258e+12 2.916149286033837280e+11 4.333906317997830200e+11 7.528356121965667725e+11 9.437268212167432861e+11 7.840002447125102539e+11 1.771843854033930054e+11 3.416777837338414307e+11 9.325247428990487061e+11 4.678538696177355957e+11 7.149685737044489746e+11 3.238564656708506393e+10 2.013431276918924561e+11 2.438307111400177002e+11 -2.477292836668486786e+10 1.103858184210929718e+11 7.526199857459781494e+11 1.272979290001171722e+11 7.796964523431059570e+11 -1.157194486387258453e+11 3.623430442751323700e+10 3.628112154825096436e+11 8.952316930229885864e+10 1.290745076282279510e+11 3.263648277525434570e+11 4.158478475474861450e+11 8.644468434574873352e+10 1.311607515632907562e+11 1.804963937389417969e+12 7.000205185740115967e+11 4.019520023676948242e+11 1.247742064009451599e+11 4.460981580010668335e+11 -5.095853046430841064e+10 2.462154950416642761e+11 2.162385142799650879e+11 3.545110540319705200e+11 7.014277540719538879e+10 7.617887196795596123e+09 -2.491996721197227173e+11 3.053309009260103607e+10 2.656618016784756470e+11 8.749393942253453064e+10 1.019583360683524323e+11 5.495074531449468231e+10 2.068407130260885925e+11 9.821916402828571777e+11 5.276252246916890869e+11 4.981142025561699677e+10 6.895900981307497559e+11 5.122323893405033112e+10 4.161356076318685913e+11 1.083655870208623199e+11 3.502486104158457184e+10 -3.445396701594574585e+11 5.581705796754350281e+10 3.545540888315037231e+11 5.778743497939627838e+10 1.063228052703858566e+10 4.972908907134172058e+10 1.016952250631578369e+11 6.037794063039260864e+10 4.401177048230560303e+11 3.137603591462737274e+10 -3.327614233284408188e+10 -1.190184470686236191e+10 -9.152342471456179810e+10 4.070826699005717773e+11 -5.045548916661788177e+10 1.739959896010661926e+11 3.852127938786863403e+11 3.545102063981419373e+10 4.668851049601901245e+10 9.426319155193162842e+11 1.716214728235695839e+10 4.417921585845280151e+11 -6.157679248629515076e+10 3.014648771431003189e+10 2.580771306702552414e+10 4.569174587807829285e+10 3.419229575447483540e+09 3.071790759099776611e+11 -4.400804373953400421e+10 -1.258704506248541594e+09 -3.461929105181251526e+10 -3.074394044909413147e+10 5.748364884919182587e+10 5.865888220136106873e+10 4.143274639408639526e+11 4.358122956432604980e+10 -3.491831882019733429e+10 -1.478143336422284889e+10 -2.816275952452466011e+09 7.551565299585369873e+10
-4.815794546922012814e+05 -3.174512597332291989e+04 6.247697791106464574e+05 7.197961853873058863e+04 -8.991275110478925853e+03 1.574607229852238903e+06 7.189403570906864479e+06 1.327988877077561105e+06 5.916908551405791659e+05 2.018801606034378929e+05 -1.577949757950574713e+04 1.289441197537039843e+05 8.311201187136964290e+04 2.144670428769027931e+05 6.560163348731053702e+04 -6.975936699107557070e+04 -2.639154560893529560e+04 2.710588018784193082e+03 5.811750698340061354e+04 -1.299013850451158578e+04 4.614894137815786962e+04 1.413408414067022568e+04 5.126408639208298700e+04 5.037281354551562799e+03 1.146330355621013732e+05 1.086055596623869642e+05 8.970615177823578415e+04 6.097841644019017986e+04 1.245963359246574510e+04 8.131530268297842122e+04 1.475947776330775196e+04 8.596743352782347938e+04 8.207322766567225335e+04 -2.449900472022807298e+04 3.159114821895384739e+04 3.207843515537510029e+04 2.519822212921172468e+04 -4.430449128898166236e+03 -8.903364385424194552e+03 1.061025699845963936e+04 1.435603718917771039e+04 5.165672261215313483e+04 3.359783052347147168e+04 3.208263857848568296e+04 3.348632227291255549e+04 -2.019969793393278320e+12 -6.527594144378095703e+11 -1.492930326010153503e+11 5.740274634083341064e+11 3.192214397727377930e+12 -8.562145785936246338e+11 -2.329322712399102020e+10 1.805032369395526733e+11 9.175516488243019104e+10 7.104282768208489990e+11 7.412711806551330566e+11 -4.032308510924952393e+11 5.560743516609649658e+11 3.275966082075166626e+11 4.555840639148223877e+11 4.790650999853303223e+11 2.970492175997990723e+11 5.894317650151068115e+11 5.923850108576790771e+11 -1.621674068214400391e+12 9.729686562111934814e+11 8.193335925986740112e+10 5.386942291657905273e+11 2.194476769791849060e+11 1.027749035182887421e+11 4.423524874490292358e+11 3.483888439967090454e+11 1.376618450639069824e+11 4.684228304942239380e+10 2.053409491931206665e+11 1.523052519589560852e+11 -3.252786870910420609e+10 1.173675874033473389e+12 7.224736269330113525e+11 8.195644351910871582e+11 9.291814673592051697e+10 2.824098951249789429e+11 3.539151306499353027e+11 2.364587295993151245e+11 7.430529212669071960e+10 1.854434881210403748e+11 1.614946111233612671e+11 2.563711691250659943e+10 4.923995725320279694e+10 -2.682401442977043152e+10 2.001339034591253662e+10 1.646414261875314941e+11 1.365335499210295105e+10 8.998199510949256897e+10 2.384478451229643555e+12 -3.581940879436519623e+10 4.472315666837237549e+11 2.083168576600681763e+11 3.489660379952897339e+11 -1.259271190716028452e+09 1.946935673125181274e+11 1.232388197850718689e+11 -1.298720503444632149e+10 1.413935904613792610e+10 4.003594216667926025e+10 1.742810482059154663e+11 1.419412788153848572e+11 -3.628016815687066650e+10 -8.044433289721275330e+10 2.740260765953743591e+11 1.484786767522409973e+11 2.459119120928351746e+11 2.551022144236348877e+11 -4.135333972307370758e+10 -2.192335436968528748e+10 7.659051520375601768e+09 9.547518904363886719e+11 2.514618271361443481e+11 3.000305498476235962e+11 3.094982359893471069e+11 2.050803800236628113e+11 2.416588133426977921e+10 5.814989341808281708e+10 -2.148961771456670761e+10 1.957951503541116943e+11 1.347773319063018494e+11 3.877836008073228455e+10 7.915294070929020882e+09 1.118587030415936279e+10 3.695866241394170380e+10 1.358977548151948090e+11 1.399611362402636414e+11 1.661893270499803162e+10 -1.499879066008302116e+10 2.357177338271571732e+10 3.305462705043381958e+11 6.120719351426078796e+10 1.480597939952770996e+11 1.317130368237765350e+11 -1.880830866957068634e+10 -3.985876812312966156e+10 -7.333819033464480400e+09 -7.784096672534664917e+10
2.768824019288097625e+05 -6.990426357153285062e+05 3.767991732120123343e+05 -4.303332391981255496e+05 5.612654318433797016e+04 1.190602396547881362e+05 1.327988877077561105e+06 4.582383370983031578e+06 1.049522099514034344e+06 2.042866217841449834e+05 9.448923483298825158e+04 1.045921496872674616e+05 1.052669872694359510e+05 1.704589470817462716e+05 2.766195152927784511e+04 6.084675323420341738e+04 6.948286651388740574e+04 4.908646956279575534e+04 4.954853757206278533e+04 1.008228761825223773e+05 5.848620346234902172e+03 -5.902505233243833936e+04 4.364139258256986795e+04 4.887413024078814487e+04 3.530967317588928563e+04 3.799097123637504410e+04 4.006416667532424617e+04 2.929489918958851922e+04 3.465872895491583040e+04 6.165496479981005541e+04 6.739242061585974625e+03 7.169565684208083258e+04 1.196473071521474412e+04 -1.152324686022105925e+04 2.788558722314453189e+04 7.633660583121181844e+03 6.716772078106623667e+04 3.513429861425929994e+04 6.993391149978117028e+03 4.212046637499312965e+03 8.820583034239331027e+03 2.264992778254280711e+04 1.392656726845302546e+04 -6.203404647167192707e+03 2.815250421000981441e+04 -1.205118940668075562e+11 -1.231477880678484726e+10 -4.803984890618563843e+11 5.027513593897775879e+11 4.710641054070047852e+12 -3.312542343796223755e+11 -2.990542361113052368e+11 -2.855159546282111816e+11 -8.690511388272891235e+10 -4.486409518160558319e+10 1.246659152254686523e+12 -1.738791484329827271e+11 1.412812279753338013e+11 2.198037597649039307e+11 4.102866730332178955e+11 4.213298387259271851e+11 4.443670436328244629e+11 4.339236499103859863e+11 6.311968782488447266e+11 3.409546241652529907e+11 -2.018194072128412170e+11 -7.475050468908264160e+10 4.816677216806476593e+10 1.487600108033030701e+11 1.954512021029491882e+11 3.161682911153117065e+11 4.550039902085400391e+11 5.430984585258135986e+10 7.515275697908903503e+10 2.320495342375809479e+10 3.811907670526069946e+11 3.265734333156810379e+10 5.056821599836050415e+10 4.881713508208752441e+10 -3.160842444495057373e+11 1.453714934577003784e+11 2.054012531730000305e+11 4.691170947971531372e+11 -6.667063043992134857e+10 4.605181529711052704e+10 2.415381406437126923e+10 1.627049998406376953e+11 -3.023384636393891525e+10 -8.292011894642292786e+10 1.320504866026192780e+11 -3.314311118256108093e+10 1.419901177856645508e+11 3.742704984288934326e+10 3.092210785180317688e+10 7.765575522361120605e+11 1.964571633118383179e+11 2.370958397399770203e+11 4.184971212945678711e+11 -7.865634203583325195e+11 1.409385790765569115e+10 7.539165948595468140e+10 2.185674265425263367e+11 8.755568932353015137e+10 -2.066747866837214661e+10 2.641630079935975075e+09 8.920514909694891357e+10 1.935289579613293762e+11 -1.116422149796114540e+10 -5.073182177429496765e+10 2.200518288995837097e+11 8.816853613012098312e+09 4.855878711642572403e+09 2.045736364393565674e+11 3.338923691020553970e+10 -4.645325624494588470e+10 -3.485549671439792633e+10 5.330144329168105469e+11 4.772250417623515625e+11 -3.922426472300833130e+11 4.043172439511663818e+10 1.790500225685649109e+11 -1.628754942975891876e+10 8.170034211009606934e+11 3.122916191515650558e+10 5.786353259987670135e+10 1.775352299156840820e+11 -3.227493460760916138e+10 -2.614672373478323746e+10 8.392872220664126587e+10 -1.095426985320085526e+10 5.931566296469421387e+10 1.759335096568291931e+11 -1.536442035047080994e+10 6.177415144508675575e+09 2.045591628920201492e+10 8.106672673101403809e+10 -6.835918185242976379e+10 -3.745753090194547272e+10 1.967599566954160767e+11 -1.730603917051429367e+10 -3.193793598962887955e+10 -9.854989159334506989e+09 -2.079684848822707748e+10
-3.420458599538970157e+05 6.089125072260680608e+05 7.352932110731083667e+05 1.811646679939374371e+04 2.157260356050769333e+05 1.202225052314032800e+05 5.916908551405791659e+05 1.049522099514034344e+06 3.543714844916997943e+06 7.730185694808284752e+05 2.169332740550239687e+05 1.177088224289720529e+05 1.564076552876063215e+05 4.709080313724516600e+04 1.635367182316820545e+05 1.232046735375023854e+05 4.558328600323670980e+04 6.147482430237935478e+04 1.397725811337973864e+05 9.741597500951190887e+04 1.177707376166241738e+05 1.100399946733568067e+05 6.574234741132683121e+04 9.021208628696095548e+04 2.538750037892818727e+04 8.295085815787538013e+04 1.362287312390719599e+05 1.081626477218500659e+05 1.068705525702062005e+05 8.765548440837797534e+04 2.568341639429641873e+04 9.243456699211829982e+04 5.217733887569300714e+04 3.604373753942334588e+04 4.388837268867414241e+04 3.224532292029846940e+04 7.548278847625717754e+04 6.128157172941759927e+04 6.123344753028264677e+04 2.499903725885646782e+04 7.492733297077893803e+04 4.432965899213006924e+04 4.811201065384800313e+04 4.399939408419296524e+04 3.203891790758372372e+04 -3.334600963546377563e+11 9.276089143204743652e+11 -9.318871692605427246e+11 1.453767572208891357e+12 2.618999624343434570e+12 6.852632758577289581e+10 3.943908911133848877e+11 -9.670236952262544250e+10 1.924681816201995850e+11 1.167328919554561768e+11 -1.258964858583719482e+12 2.948189541178831177e+11 2.983955451439525757e+11 3.415596506223247528e+10 1.192469512795815277e+10 1.310934092971434937e+11 2.007681525116328430e+11 2.874206493231026001e+11 2.543275639883662415e+11 -3.127435149981876221e+11 1.043106538880169189e+12 2.915556700156909180e+11 1.050516983574047394e+11 3.037381595766343994e+11 1.982848668555422974e+11 2.198582893275140686e+11 2.721543612029602051e+11 4.453335453379476166e+10 7.900126119323051453e+10 2.237378143529460754e+11 3.116796555531556396e+11 2.545023075589054871e+11 1.360583125987790833e+11 1.613283979519238892e+11 5.630771532991495361e+11 1.685552629059224548e+11 1.476111260275012207e+11 8.288748297832688904e+10 -1.537163211068247223e+10 6.436253673222274780e+10 8.949134789973251343e+10 1.731248220945070801e+11 1.425923591427704468e+11 -6.715505891868640137e+10 5.105587209927742004e+10 1.486487789629245758e+10 6.385969622857606506e+10 8.933650744448925781e+10 7.420908514545555115e+10 1.643177070444412537e+11 2.588947712488436279e+11 2.718253497277545776e+11 1.514998547300387878e+11 -1.865175073966184692e+11 -7.094419958820241928e+09 1.117328850720907745e+11 1.554361753364886780e+11 1.645101486141320190e+11 -7.577403212646743774e+10 -3.967801236769475555e+10 1.452650977676640892e+10 1.049669341156086731e+11 6.450105840839747620e+10 -2.420994439304534531e+10 -9.021263146485501099e+10 1.137855183503525734e+10 -5.716904149545182037e+10 1.101718466423480988e+11 7.269294652128932190e+10 1.809327569030028152e+10 3.734851961346470642e+10 7.502908896008311768e+11 2.780244606490698853e+11 -1.818873037592775574e+11 5.009277272682481384e+10 1.522554828789357605e+11 1.374542830162780762e+11 6.859877608264263916e+10 -4.190264702943481445e+10 8.268637023034331322e+09 1.169383105988761597e+11 7.103933354209240723e+10 1.609521631402469063e+10 -1.595056008321820450e+10 9.370506778463064194e+09 5.078463933150254822e+10 7.508685301449827576e+10 1.001910730508013916e+11 1.671228761502135277e+10 2.709890483031517410e+10 -2.887043040599259949e+10 -5.590614995722733307e+10 -3.723532304481148529e+10 9.440501218893731689e+10 7.885973991609191895e+10 2.439587117627489471e+10 5.404175616098985291e+10 5.707244414552651215e+10
1.226950488504125038e+06 1.190524372935858089e+06 7.145236491832092870e+05 3.167703517748289742e+05 3.159076852260415908e+05 2.108517942390193348e+05 2.018801606034378929e+05 2.042866217841449834e+05 7.730185694808284752e+05 2.594708837510142475e+06 6.340537039728398668e+05 8.747215398256166372e+04 9.399304143070800637e+04 -1.646026499382696556e+03 9.069352986047820013e+04 9.002972779426156194e+04 6.216822180946569279e+04 2.027055712691208100e+04 9.487675547346174426e+04 3.167807317019409675e+04 8.548603628764263703e+04 7.366207316339040699e+04 5.875825846160120273e+04 3.880522854128299514e+04 1.975609815325091768e+04 7.537907576710257854e+04 4.305944096272051684e+04 3.138844559058081359e+04 9.684824179753969656e+04 4.580202048618199478e+04 3.368158497563480341e+04 5.624393096387644619e+04 3.497911132994565560e+04 3.483237983134013484e+04 3.367502173476699681e+04 2.443089631291936894e+04 5.642161138154999935e+04 3.974587282420114207e+04 6.071792666530053975e+04 3.472613408706556947e+04 3.699547525450742251e+04 3.359442049263863737e+04 3.091108507549052956e+04 3.442436461439469895e+03 4.736164130145039235e+04 2.878695875496164062e+12 1.596774614363505127e+12 4.568493925480332642e+11 9.479343021485633545e+11 -1.047357910042485962e+12 -6.681577289126473236e+10 3.382309924923384399e+11 3.782587373958543091e+11 -3.915757474095681667e+09 -2.442094736731658020e+11 6.856678159181844482e+11 2.664951623793609314e+11 2.554574272410548096e+11 1.653651707273507080e+11 1.083722264777451477e+11 -5.651895124319761658e+10 -1.045636013535085869e+10 4.379138276091200256e+10 4.224686031471395111e+10 -2.663007012013303223e+11 5.377583882325193787e+10 2.679983577781063538e+11 1.280004830365268250e+11 9.951364015900199890e+10 1.238725220043714905e+11 1.724013537398187561e+11 1.906804856521690979e+11 3.824337525268535767e+11 2.575091957475517273e+11 2.048310034516769104e+11 2.572203937735755615e+11 3.307950788744830322e+11 7.038253975161238098e+10 2.711698235532609863e+11 6.276524323957542725e+11 -1.138932990780052757e+10 3.872424983490293121e+10 -2.183943326864660645e+10 2.931708035034964600e+11 1.712327790651407471e+11 1.634374586578723755e+11 1.462737982958705444e+11 2.690969882054332581e+11 -4.951018858318372345e+10 4.291069506786772919e+10 5.663625243802948952e+09 3.019066097195103073e+10 1.290006142986828003e+11 6.370663901014726257e+10 -2.292272845949820251e+11 -5.820995309889796257e+09 8.374849319500067139e+10 1.787705511671832085e+09 6.794380979216850281e+10 1.687907767296953430e+11 9.853247941487153625e+10 1.323653364261338806e+11 2.414732998239330750e+11 3.111416558416300583e+10 3.175978580598300171e+10 1.542673446620157242e+09 4.846228784113137817e+10 9.013093304840136719e+10 1.309033874791832924e+09 7.760122369267314148e+10 2.487496598536579609e+09 -2.167085974175292587e+10 2.177424046753519058e+10 8.210687871008651733e+10 5.320081881899001312e+10 -2.342124515637670898e+10 1.042318187350186310e+11 4.369754727560544586e+10 2.137851644772230911e+10 1.732465150903900757e+11 1.500434223143737488e+11 1.992579455801950684e+11 -1.729227595698469849e+11 6.809417537579660797e+10 1.761239331113882828e+10 3.145231777874551392e+10 1.497226922684372864e+11 6.740837649876482010e+09 2.483607960854505920e+10 3.606763189868477631e+10 4.255855906749740601e+10 2.830921401322982407e+10 1.229525304264587555e+11 1.368792625343870163e+10 2.043670289154141235e+10 3.001426550490469360e+10 1.155918352241339684e+10 2.296573303486067963e+10 4.800722411549586487e+10 1.076728988073696136e+11 3.956295223471941376e+10 5.160955213610157776e+10 6.321844680546214104e+09
2.678164770670167636e+05 3.984730412381075439e+05 -1.431714005124938849e+05 2.717675891939813737e+05 -9.254470073173425044e+04 2.659421825525259483e+05 -1.577949757950574713e+04 9.448923483298825158e+04 2.169332740550239687e+05 6.340537039728398668e+05 2.191110533712336328e+06 4.162783615996068693e+05 1.065206949552650767e+05 7.115464017428952502e+04 1.365097479112187866e+05 8.136864264430444746e+04 8.007807336109719472e+04 1.422946914875219227e+05 1.049940484396136308e+05 5.972877670372841385e+04 8.109325015634286683e+04 7.012994785953215614e+04 8.475431383614767401e+04 5.915340973510793265e+04 3.030458264406715534e+04 5.230040867532767879e+04 3.894915086096251616e+04 4.412080450398493122e+04 3.917793798426380818e+04 1.654941592355343164e+04 1.317863029559639108e+04 4.071614713274381211e+04 4.255709454263471707e+04 2.229192769399624012e+04 1.066799318589439281e+04 2.316201223944062804e+04 1.086223326289619399e+04 8.506355354758325120e+03 2.261735411932561692e+04 1.047588266050353013e+04 2.910525705011920945e+04 3.057395377953587013e+04 4.303197204399882321e+04 4.162879627757138223e+03 2.576714222116550081e+04 2.135824323833666260e+12 -4.181258380163567352e+10 -4.469373165462604370e+11 9.061450855344944763e+10 -4.067869287580943848e+12 -1.159004220079281769e+11 -1.115912797485227966e+11 3.738327621147846985e+10 -5.092919778740143585e+10 -8.397832477342927551e+10 -5.963585805114284668e+11 5.417354850076469116e+11 2.055765593173346558e+11 9.266159292286793518e+10 9.836004675052552795e+10 1.161590894737795563e+11 -1.213669649059747620e+11 5.918147571831900787e+10 5.651398293840364075e+10 2.802441602824869995e+11 9.264149566753408203e+11 5.320571440010560608e+10 8.072949656339332581e+10 -2.366028436836595459e+11 7.967418521216903687e+10 7.426504667162704468e+10 8.835689663240768433e+10 1.021307926772903595e+11 6.395135478613060760e+10 1.033195203515325012e+11 1.057239219554194794e+11 1.570710646679932861e+11 -1.006258178376971893e+11 4.480424805160929871e+10 8.687139857976461182e+11 4.867793243486751556e+10 3.090926986066308594e+10 3.525262172208239746e+10 3.315893169420250244e+11 1.792014709986313782e+11 4.055426499459535980e+10 3.924267068724851227e+10 1.757944836508038940e+11 1.168547251469094238e+11 1.163182318702127533e+11 9.529871529982304382e+10 6.654579540618809509e+10 1.197227366507723999e+11 1.584843422337709656e+11 -3.377223291879859009e+11 1.958382353040087585e+11 1.927630027537203979e+10 1.098796128506407738e+10 3.327258500525267944e+11 1.836384377593852844e+11 8.513222276604733276e+10 1.182321682289793549e+11 1.472374685200250244e+11 -1.366909160477031326e+10 5.629828285806977081e+10 5.468584783544602966e+10 6.726234204888728333e+10 8.242611274058876038e+10 6.425899937128693390e+10 4.035176700032112122e+10 4.297908576570531845e+09 -3.018645003344314194e+10 1.861138523559426117e+10 7.159657228997842407e+10 5.944882330477405548e+10 -5.894935700228509903e+09 -6.558382108804420166e+11 2.135477362722610474e+10 5.781579989063407898e+10 1.197260956641773682e+11 5.312741738944435883e+10 1.351685227259953918e+11 -4.066597740519600220e+11 4.264869801929546356e+10 2.723724512628997803e+10 7.344482497255888367e+10 1.222008036928010559e+11 6.147104991377202606e+10 1.625161688878992920e+11 3.817888336645473480e+10 5.886849321614992142e+09 1.885228024459103775e+10 7.182840807704937744e+10 5.473711602998614502e+10 -4.074766345420741081e+09 5.505883547817896271e+10 4.336859707131060600e+09 -4.085017745234406471e+09 1.522822868278025246e+10 6.138893909755608368e+10 1.462200725166552162e+10 2.096540268395845413e+10 9.065216805588056564e+09
1.226931846102830954e+06 2.191758686729359033e+05 4.381272142787961639e+05 7.589116619646277104e+04 3.395274756358969171e+04 2.532777047622194223e+05 1.289441197537039843e+05 1.045921496872674616e+05 1.177088224289720529e+05 8.747215398256166372e+04 4.162783615996068693e+05 1.624739774827735499e+06 3.099271258342597866e+05 6.252348475072530709e+04 4.146136061517963390e+04 4.622269473477375868e+03 4.320101490539407678e+04 1.896628755276794254e+04 9.598391813279455164e+03 4.030744527333203587e+04 4.591864051573059260e+04 4.106465382009683526e+04 6.737962472792758490e+04 1.545243956932676883e+04 3.472668109974734398e+04 2.612390285189875794e+04 1.624659636312020666e+04 2.458028087536707608e+04 2.677217471536953963e+04 2.834073161212946798e+04 1.452492027973137192e+04 2.269360533149566982e+04 3.491079607370617305e+04 3.204341488700932314e+04 2.922399101085533039e+04 4.227138214105023508e+04 6.217985989577494911e+04 4.004350713315772737e+04 4.413194442861624702e+04 2.194053905248624233e+03 2.530559988210120719e+04 4.208311767685067025e+04 4.017317392969422508e+04 2.492636720517144113e+03 1.265874476826606769e+04 4.677890908930032349e+11 -4.273013393237065430e+11 -6.341881005209911346e+10 -3.787125398748260021e+09 -1.086944903564155426e+11 -2.912270295986071777e+11 2.646290645570968323e+11 -7.152074865685832214e+10 8.655694870107310486e+10 -5.384048924044555664e+10 -3.606648242118394165e+11 2.315337630773378296e+11 1.023250508021805878e+11 7.508757735465328217e+09 9.424290637195301819e+10 1.035483008864214783e+11 -5.133650111846122742e+10 -6.737063437711010742e+10 2.903992092174966431e+10 -1.411227296162084961e+12 7.066595299125172424e+10 1.998065733357395554e+10 6.302354702924592972e+09 -7.644330271898144531e+10 -2.821128715764631653e+10 -8.143322942848711967e+09 5.597302281712265015e+10 4.055736506337158203e+10 4.546235788935462952e+09 3.698024482634648895e+10 -9.126352828058433533e+09 -1.964959804331894398e+09 -5.388138859886229858e+11 8.356501583723788452e+10 6.173875159637578125e+11 1.413642963684020386e+11 1.024743214548109436e+11 6.694375950697365570e+10 1.979556868042366638e+11 7.507182234214811707e+10 9.007801004870788574e+10 3.995509756382738495e+10 8.413839389516813660e+10 1.462872789885775757e+11 9.992024700548962402e+10 1.541714000982890320e+11 1.320134346795447998e+11 1.429685144783036499e+11 1.628901718997086487e+11 -1.688049534704014282e+11 1.228161448743580780e+11 -3.695209567222626495e+10 4.190802599573231506e+10 -2.839355168474591064e+11 3.136769323323380280e+10 -7.226319736971541405e+09 9.224365791344083786e+09 -1.006089798685968781e+10 1.233480266067615318e+10 7.083634419095732117e+10 6.677660588286843109e+10 8.397485105814704895e+10 5.942554516941513824e+10 9.191156871793901062e+10 1.077528950704014969e+10 2.752277902249135208e+10 -1.450981789819837332e+09 6.544606930335328102e+09 -7.234139405621621132e+09 5.081515290645503998e+10 1.492381680543357277e+10 -4.607999719588605957e+11 -2.872269379086139679e+10 2.314900225738733215e+11 4.457114847679763031e+10 5.213308492580126762e+09 -1.805668931712220383e+10 -2.290768927380488205e+10 1.151184508275848389e+11 6.904240786073954773e+10 7.471497313533021545e+10 6.297159276672633362e+10 1.075685418071876526e+11 7.872132625218402100e+10 2.626967165161345291e+10 3.663285444170940399e+10 5.703712878274477959e+09 2.608539515252422333e+09 5.427735798128949738e+10 -1.546578790841259575e+10 -3.665457999422891235e+10 -2.581787601716384125e+10 2.153800659473837280e+10 1.188804659199484634e+10 5.455629198572703600e+08 4.273441609290997314e+10 -4.572924078846996307e+09 -1.412822313121256256e+10
-7.137663687744500930e+04 5.291107905664636928e+04 -1.645276279634333623e+05 2.005757602933431554e+04 4.826354508178499964e+04 1.158436842583231773e+05 8.311201187136964290e+04 1.052669872694359510e+05 1.564076552876063215e+05 9.399304143070800637e+04 1.065206949552650767e+05 3.099271258342597866e+05 1.389997664084204007e+06 3.073382274939062772e+05 1.222318799629104033e+05 6.271465335673809750e+04 8.495747670286946231e+04 8.311286045581549115e+04 6.265938422863546293e+04 6.182989162354049040e+04 7.582154552676453932e+03 1.035248730801289457e+04 1.374122168202333705e+04 3.636790694991884811e+04 1.332756672170649654e+04 1.830675041027429688e+04 3.050137790411346941e+04 2.570579048173146657e+04 4.681608322658773977e+04 1.980923288965713073e+04 2.244569993636875006e+04 3.292760397081083647e+04 2.850841213851883003e+04 2.942751036051835399e+04 2.994664911810161720e+04 1.347922180827825287e+04 4.104344222364710731e+04 2.519691195444242112e+04 3.233668968710012268e+04 2.612350665724654755e+04 4.989046020878844865e+04 1.127529931127245618e+04 1.818629334542385550e+04 1.486908740575182674e+04 2.771194374876182337e+04 -1.139980108775249512e+12 -7.960702485493856812e+10 2.660022871919216309e+11 2.997016622891434937e+11 -2.759182864709475586e+12 -3.956082857042460327e+11 5.878421340816862488e+10 9.909805255895698547e+10 1.128532265628245697e+11 7.802383897455902100e+10 4.046685851444711914e+11 -9.995576826538960266e+10 1.979992227232450867e+11 -1.825854819128288651e+10 6.400347467656312561e+10 -3.027886183214924240e+10 -9.223474008796279907e+10 -2.533122238528296280e+10 3.495323231550087738e+10 -7.706876686375200195e+11 1.012481466744068359e+12 1.115018082308535767e+10 -9.630399581502339172e+10 1.059972951537209473e+11 3.508535846582530975e+09 -2.048343997791774750e+10 2.846415613072387314e+10 2.107149773193995972e+11 -5.701035105892131042e+10 1.982648236572343826e+09 2.090152071726808167e+10 3.822927244529626465e+10 -3.241867067600431519e+11 -1.395896497627029419e+10 8.176113563930117607e+09 6.521550172499552917e+10 6.431476840453170013e+10 4.133855842430785370e+10 9.950273262995069885e+10 6.367810316931977844e+10 5.279105625902999878e+10 4.990246340675439453e+10 4.219978769085984802e+10 1.696256478308056335e+11 3.804792063882649994e+10 1.612589326685435295e+10 3.073222530780892563e+10 6.058964763008391571e+10 1.249141669142851105e+11 5.525388951186010742e+11 -7.487212530565046387e+11 4.544781401377066803e+10 8.554112263669634819e+09 2.025125509265206604e+11 7.051584661345213318e+10 1.704892605937524223e+10 3.134677575237423420e+09 4.919487271241554260e+10 2.323193459432050781e+11 6.004349299157246399e+10 6.191964363466429138e+10 8.012212047149815369e+10 6.559523445610828400e+10 7.609372910058192444e+10 1.347199957394398041e+11 4.431205091572370911e+10 3.468152193561878204e+10 5.368883020337809753e+10 7.711415122256521606e+10 7.169347431194647217e+10 9.581005412823954773e+10 2.584799847331185608e+11 -3.005302545227176666e+10 2.828345901559819031e+10 -2.269764627079261780e+10 -3.293847519271014023e+10 3.635774551661239624e+10 -1.133076406270386963e+11 4.414158394130957031e+10 9.388035748262100220e+09 2.250730564430305099e+10 3.174081430709411621e+10 6.280718314934716034e+10 2.770820352331986237e+10 2.637299955135950470e+10 3.767387320414865112e+10 1.600815339503398132e+10 5.194800474032620239e+10 4.813137371792074585e+10 5.619744533634354401e+10 7.295006842917584229e+10 1.759853084709304094e+09 6.593484634434665680e+09 3.157531718398549271e+10 1.042225506526930428e+10 3.717320669358816528e+10 3.243671985959228897e+10 -5.898251818865965843e+09
-5.527845467139490647e+05 -1.082743926203101175e+06 -1.903859089994672104e+05 1.241988620583097800e+05 7.149434476041373273e+04 1.536567777532009932e+05 2.144670428769027931e+05 1.704589470817462716e+05 4.709080313724516600e+04 -1.646026499382696556e+03 7.115464017428952502e+04 6.252348475072530709e+04 3.073382274939062772e+05 1.275613566574383061e+06 2.368207437854119053e+05 7.577849597087317670e+04 9.450564932263761875e+04 4.687081305914262339e+04 7.717423543156340020e+04 4.334515406303325290e+04 1.679348044707549707e+04 5.198602588216635013e+03 3.785532497667880671e+04 6.293683639668427350e+04 4.170569853595440509e+04 3.759998765426852333e+04 3.343154087056880962e+04 3.819116677001857170e+04 1.505495111683557843e+04 4.097995271780276380e+04 6.407189331356942421e+04 5.345335588190044655e+04 2.498973405270258809e+04 4.210213562621606252e+04 5.171829427916587883e+04 4.913931166828548157e+04 3.050330817400214437e+04 1.566163758294622494e+04 3.249842495786558356e+04 1.070415520665441181e+04 3.565227636717137648e+04 2.269334607114730898e+04 2.258031318450727122e+04 2.355914001145236398e+04 2.867232669761167563e+04 -1.129044030198676025e+12 2.396536213160956421e+11 -2.651665486286141968e+11 -1.400437473850479431e+11 -6.411193896186467285e+11 -4.615997154675870972e+11 1.398832157872640991e+11 -1.448883125473505249e+11 6.491769886463854218e+10 2.507626938511579895e+11 -3.697027545019195557e+11 -4.835420033195062256e+10 1.597844620122413826e+10 1.171135656467902832e+11 6.274324504953495026e+10 -1.203788429446332245e+11 6.118693102181034088e+10 7.589643511903787231e+10 9.999144175342051697e+10 -2.433367610210757751e+11 7.565328911378680420e+11 1.218265123188650665e+11 4.757374268175482941e+10 -4.959660029690400696e+10 1.378526027001275444e+10 -1.571376491016840172e+10 6.310683694976828003e+10 -9.749311274999719238e+10 3.282687736388001442e+09 -2.410428372778799820e+10 7.308937033326759338e+10 6.633782534778955841e+10 1.779358398915863953e+11 -9.599239780973335266e+10 4.942007555513595581e+11 6.577509050737757874e+10 3.985539167191777802e+10 2.175687164971399689e+10 -7.179527082742111206e+10 -2.022429066115031433e+10 1.835573891559813690e+10 8.823117802877008438e+09 2.080432652708081436e+10 -7.703699949154605103e+10 -4.405105714767479897e+09 6.272707558916484070e+10 2.334011559350223541e+10 3.385365479610054493e+09 4.977323658924970245e+10 -2.575175060425186920e+10 8.642227845416656494e+10 7.473625710477749634e+10 9.910002608198457336e+10 3.475652684336060181e+11 1.088983851372304382e+11 9.592686358686239624e+10 9.089177915485791016e+10 6.722318979463829041e+10 5.833212546078067780e+10 7.036025163860389709e+10 6.327841245977776337e+10 6.119697300172315216e+10 6.656753130997690582e+10 6.012053420958424377e+10 -7.787473639787480164e+10 1.620452196007334290e+11 6.952264899048251343e+10 8.020238594597256470e+10 9.751992196624450684e+10 8.726394853207005310e+10 1.361615774941838989e+11 3.145951280638801880e+11 3.375325226936491394e+10 1.581491023959230347e+11 3.573922155619020844e+10 2.976952803901120377e+10 -3.825776531375738144e+09 2.988132805242969360e+11 1.721209546406462479e+10 3.102046944845811844e+10 7.906096727760738373e+09 6.300244470792734146e+09 -3.025674505238070965e+09 1.547808871356050682e+10 7.074532778612979126e+10 5.845407428720716095e+10 5.216075114414139557e+10 6.950002351781150818e+10 3.465775636332530975e+10 7.411847849085031128e+10 -5.551872260438709259e+10 5.116357947519869995e+10 5.345277134184667969e+10 4.387095094790084076e+10 1.219024039842027473e+10 -5.811324908823358536e+09 5.082515245891492462e+10 2.545770286466403580e+10
9.467210330524420133e+05 -2.717160227647560532e+05 9.007260644241221598e+04 2.847620482349690283e+05 1.831120404781606630e+05 1.479820249108304852e+05 6.560163348731053702e+04 2.766195152927784511e+04 1.635367182316820545e+05 9.069352986047820013e+04 1.365097479112187866e+05 4.146136061517963390e+04 1.222318799629104033e+05 2.368207437854119053e+05 1.001940526354273199e+06 2.314112875955424097e+05 6.099935194445396337e+04 1.590853601968643670e+04 5.218568205574790045e+04 5.133402678415746050e+04 5.201368024144259834e+04 1.789389856575983504e+04 4.551928106011675845e+04 4.068748015631327871e+04 3.134195634233428063e+04 2.540388295118996393e+04 5.075466529203324171e+04 5.450606647465776769e+04 1.345747266835365735e+04 3.462198043825417699e+04 2.813724107498710873e+04 4.059240199128351378e+04 1.911630021847897297e+04 1.123474436474266986e+04 1.991119872612797917e+04 1.152788938832924032e+04 3.507278075767319388e+04 3.046349745011099003e+04 3.477295598204282578e+04 1.478123782206645410e+04 2.412304044223106030e+04 2.536189367844064691e+04 3.505372024741758651e+04 2.738643613026257663e+04 2.478853675290084357e+04 1.291853274271536621e+12 2.524510270159751892e+11 2.677281108995818787e+11 -1.819486409875309753e+11 -2.691232192545523926e+12 2.240778700635834351e+11 2.590917642078303146e+10 1.495242348229540405e+11 1.138206080366728058e+11 1.089586782907182770e+11 -3.237551054936101074e+11 9.745642413338272095e+10 2.597904709258120728e+10 5.861889955103138733e+10 -4.277113794949238586e+10 1.019368026912864380e+11 -3.180022105118638039e+09 3.408445542702039719e+10 2.435410267002965164e+10 -2.756671383302156982e+11 3.204467794510158081e+11 -5.159066415421263885e+10 2.259399206010842133e+10 1.278680482524697723e+11 -4.141030626592459869e+10 -6.263538772809541702e+09 1.542413844810671997e+10 1.134985664649062958e+11 -6.301995439144675446e+10 3.354612422576778793e+10 1.309046915510833931e+10 2.226137707137598038e+10 2.852897038649959946e+10 -7.475224899156396484e+10 7.737966597559762573e+10 5.698809040839074707e+10 1.508516353011997223e+10 -2.273265976777288818e+10 1.287263242930745697e+11 4.295260283273500061e+10 5.325422276612862396e+10 -2.516390737076806068e+09 2.717265989730916977e+10 1.619076066486142883e+11 -4.396332483135714722e+10 5.759815739809380341e+10 1.348549065183048630e+10 -4.626282297864712715e+09 3.323177963193114090e+10 -4.226317743040104370e+11 2.467026405608091736e+11 7.475358715159638977e+10 5.653840212876976776e+10 6.308789782244191895e+11 2.943296321650196075e+10 3.028794029091371155e+10 3.714006435991255188e+10 3.789790744822892761e+10 3.609793593906307983e+10 5.099775743806086731e+10 1.612027626609313393e+10 3.073208390658281708e+10 2.134926641758413696e+10 2.209355850580529785e+10 6.367871323792082214e+10 4.726027287763607788e+10 2.439875301223090363e+10 5.932645657184859467e+10 6.682737043337023163e+10 5.588267678298950195e+10 3.778720013777320099e+10 1.855338127236156616e+11 3.800150333533760834e+10 9.728446272395327759e+10 2.896789038136226273e+10 3.372475835373825073e+10 3.688064035851731110e+10 3.617568200808714294e+10 6.417644376781507111e+10 1.466776093315920067e+10 3.085667391791473007e+10 1.852421682462976837e+10 -2.125798260465748549e+09 1.802051389768352356e+11 6.052103740606089783e+10 5.468324073666068268e+10 3.921777776501084137e+10 4.165628915341083527e+10 4.564898660993855286e+10 6.813780720661550140e+10 9.479668946397059631e+10 3.588774274122087860e+10 4.937765474586495209e+10 4.214947776771111298e+10 6.171255995254662323e+10 3.756427238162492371e+10 7.164294343910682678e+10 8.798991428559106445e+10
-1.066227892509122845e+06 5.453928688443076680e+04 -1.533846891393355145e+04 1.924106241938470921e+05 1.500821998851390672e+05 -7.856818053172800319e+03 -6.975936699107557070e+04 6.084675323420341738e+04 1.232046735375023854e+05 9.002972779426156194e+04 8.136864264430444746e+04 4.622269473477375868e+03 6.271465335673809750e+04 7.577849597087317670e+04 2.314112875955424097e+05 8.512222465131143108e+05 2.340019490830307186e+05 4.687976547333468625e+04 3.308534150014273473e+04 6.140824090645820979e+04 5.154981519416144147e+04 6.895033124731178395e+04 3.183464282076263407e+04 6.835908055440691533e+04 2.867716356842681489e+04 1.798849313115606856e+04 5.747791495993064018e+04 2.405310522480487998e+04 3.737282455757758726e+04 3.360036112843801675e+04 3.414108796959801839e+04 2.983759340140921995e+04 3.054669715137500316e+04 2.521142800333290506e+04 1.152206770131948178e+04 3.445052325114420819e+04 2.931987963747439426e+04 4.041972511816014594e+04 1.610763145481907850e+04 1.201571319292924636e+04 2.666313971636431961e+04 3.877442110600590968e+04 2.524779046115207530e+04 2.503460787407278985e+04 2.752583355479502643e+04 1.588254605491713623e+12 -1.313685411717644196e+11 -6.650755177822850800e+10 -1.418634176668364258e+11 -2.210890273560019531e+12 -9.612803193030444336e+10 1.887763448933474731e+10 1.314584039830393524e+11 5.126015882954629517e+10 1.983594800491135406e+10 4.463614421484791260e+11 -3.921008411514900970e+10 -1.694257030139495659e+10 5.031170104287445831e+10 1.221968234091100454e+09 -2.550870849140345764e+10 -3.311874475501721573e+10 -5.342948746628768921e+10 -5.850195334356431580e+10 1.224974768586570168e+10 -2.489526264972652283e+11 1.152475250269107056e+11 5.410885901469612122e+09 -3.860260430592103958e+09 1.123604314392035103e+10 2.107002934242899179e+09 -1.384417029820153999e+10 -1.171148993582206573e+11 -2.098970165300886869e+09 5.493279258668039703e+10 1.569508986911778641e+10 6.697251891733295918e+08 7.628956556247569275e+10 -7.735770270541673279e+10 -3.651147702188327026e+10 5.956300650149805450e+10 3.153002265879123688e+10 -3.131297983263320923e+10 1.355744148466825256e+11 -6.437659039581098557e+09 1.172184442230889511e+10 -2.900332424548577785e+09 -9.993467670488073349e+09 -3.453926139183606720e+10 2.375105095194488525e+10 -1.585346690082853127e+10 -2.432789510994576263e+10 2.136972366391419220e+10 -1.377770772432645559e+09 1.711607762037539673e+11 1.339732856947965088e+11 4.018709119453455353e+10 7.364367191243926048e+09 5.517829253415454102e+10 -6.536522309095152283e+10 -1.913950835294895554e+10 1.231770070247440147e+10 -1.502990262246000671e+10 5.556693934475290680e+10 1.700847942182518387e+10 3.127905456899696350e+09 -1.444577484420568275e+10 6.487361944635960579e+09 -5.615577603415684700e+09 -5.636130090781901360e+09 1.153874358031350899e+10 -2.850510504987012482e+10 -2.562921833934381485e+10 4.353415477540952682e+09 8.874586469083799362e+09 -4.313482304387132263e+10 2.472094164259355545e+10 8.924435590118782043e+10 -1.281147465203570747e+10 4.007010993661544037e+10 5.790472793024176025e+10 3.303448487170981979e+10 -4.328182069091801453e+10 2.875182494141148376e+10 8.129614607481431007e+09 4.963254060030956268e+10 4.196319183841957092e+10 1.166721748173710632e+10 2.115927586066591263e+10 5.139919660381980133e+10 2.338072735356522751e+10 2.311033301144511795e+10 4.378063161503250122e+10 3.765887653848291016e+10 4.712356205480412292e+10 2.056265372989548874e+10 6.926651326057739258e+10 5.753290463116137695e+10 5.407644154976136780e+10 7.758507177068231201e+10 7.944561287424421692e+10 6.859019853362366486e+10 8.139300346535800171e+10
-5.932069028381188400e+05 1.552257975063877821e+05 -2.791185129190010412e+04 1.903157871778684203e+05 1.026068735673636402e+05 -7.292259494175465079e+04 -2.639154560893529560e+04 6.948286651388740574e+04 4.558328600323670980e+04 6.216822180946569279e+04 8.007807336109719472e+04 4.320101490539407678e+04 8.495747670286946231e+04 9.450564932263761875e+04 6.099935194445396337e+04 2.340019490830307186e+05 7.252087846354901558e+05 1.826434092465377180e+05 6.326772568336787663e+04 7.368164320827911433e+04 4.231477798946284020e+04 1.464359594926146747e+04 4.297761930801256676e+04 5.518919073789785034e+04 2.586352355428138617e+04 2.654055858637421989e+04 7.304694372297845257e+04 1.931013517302874243e+04 1.550027799466134275e+04 2.480046864849432313e+04 4.539022824312861485e+04 3.425310672907164553e+04 3.584654877438137191e+04 3.954989214824431110e+04 3.981817580234030174e+04 3.670953779160337581e+04 3.691831224160966667e+04 3.921044108301594679e+04 4.082452127549576107e+04 3.502218844087402249e+04 2.545569962055359429e+04 2.433679703517946473e+04 3.010914157989893647e+04 2.268467494456038185e+04 2.770128037439795298e+04 1.159712251052894775e+12 1.457179540146518860e+11 6.697689689058827209e+10 1.844995498073266907e+11 -1.304519385733163086e+12 -1.912526646796968384e+11 1.179163759050268402e+11 -1.916498521871088562e+11 -4.617844876210270882e+09 -1.158707857028746185e+11 6.048141819215501404e+10 6.767045216880607605e+10 -1.119796936340045471e+11 -4.273104282625915527e+10 7.225625461967085266e+10 1.198444785241257782e+11 -1.556418510083267517e+11 -2.616681632162204361e+10 -6.235584327188014221e+10 -4.539771847900481415e+10 -6.245522799830542755e+10 -4.663121810343081665e+10 2.670591014759250259e+10 8.172479301439513206e+09 -4.445147854259864807e+10 -3.228929574297154999e+10 4.010968793298551941e+10 -1.155910120611988068e+11 -7.901594184927290344e+10 2.504997348180661392e+10 -1.339537447660755157e+10 5.179080120559873962e+10 1.188453246015524597e+11 -4.320840906187083435e+10 -1.057905999874306183e+11 1.118329062064626694e+10 1.211929820553477859e+10 -3.181159773622108841e+10 3.387168262724310303e+10 -3.855923239102719116e+10 -1.049044085166204834e+10 8.575797758513603210e+09 1.958348415647152901e+09 1.527499829093137980e+09 7.944028039520834923e+09 -1.145223298219999313e+09 -7.224084009223408699e+09 -7.817738639686566353e+09 -3.341162592000460434e+10 8.866768459471195984e+10 -1.434692407307666931e+11 -1.296931687249845982e+09 -1.776119807937262344e+10 9.186749162296719360e+10 -5.644818507553747559e+10 -9.988422496754653931e+09 -1.140709857005683708e+10 2.664885256353959560e+09 1.613964665604401245e+11 -8.057883603789009094e+09 -3.237889103431134224e+09 3.558752802863307476e+09 9.669582203468664169e+09 2.475711837217515182e+10 -2.567342410896900558e+10 2.561880217440672874e+09 -1.604613692706124115e+10 -4.888295066900728226e+09 1.226930295715952158e+09 2.049528364139239502e+10 -4.266389080325364470e+08 1.963437655990100708e+11 1.402980393835898399e+09 -1.829021012647261429e+10 2.807206232901575851e+10 2.315874127309094620e+10 1.416312931327928734e+10 7.433258738559114075e+10 3.852919628989929962e+10 1.822440304526657486e+10 2.816838740372569275e+10 2.296341550653864288e+10 2.480657656215270615e+10 8.724264593408966064e+09 1.046186371720617676e+10 2.180603431202300262e+10 2.845266682448973846e+10 1.488797167941371918e+10 2.714319373683712769e+10 2.201060572458818054e+10 2.863047008283667755e+10 3.475962312160874939e+10 2.649469756567992783e+10 1.810345990833473206e+10 5.146324567624581909e+10 6.115492954895794678e+10 3.801826859048526001e+10 2.224471274562826157e+10
6.083905957103880355e+05 3.980814202109930920e+05 -1.602113617580647115e+05 -3.129275760873580657e+04 1.680325515223425173e+05 -5.894445401788771414e+04 2.710588018784193082e+03 4.908646956279575534e+04 6.147482430237935478e+04 2.027055712691208100e+04 1.422946914875219227e+05 1.896628755276794254e+04 8.311286045581549115e+04 4.687081305914262339e+04 1.590853601968643670e+04 4.687976547333468625e+04 1.826434092465377180e+05 5.930156003699962748e+05 1.254687653813092184e+05 7.256780201470640895e+04 2.430924872903788491e+04 8.164112287177743383e+03 2.808905009175777377e+04 3.673836723948369035e+04 2.940872527805472782e+04 2.358580088651858750e+04 3.320224477542495879e+04 2.602429936665105924e+04 2.006230671862090821e+04 2.689991753974886888e+04 1.869997770917669914e+04 3.564590938056470623e+04 1.785759570210133097e+04 2.614907649367128033e+04 1.668596555202406671e+04 1.792417410451784963e+04 1.086443786195166831e+04 2.056508526524625267e+04 2.137575892213288171e+04 3.054116355816052601e+04 2.560171838649605706e+04 1.139694095194291185e+04 3.339157403262632579e+04 2.291125200770264928e+04 1.167795644799596812e+04 6.378556827747469482e+11 -1.366754681214768219e+11 -2.563913982428938293e+11 1.913995496063714294e+11 -7.411348138750113525e+11 1.382330357981073952e+10 4.331836701346504211e+10 3.694317771257263184e+10 -3.033291051134226990e+10 -1.296805105657711792e+11 5.108730327159159546e+11 -1.460512938857640266e+10 -8.005964308297703552e+10 -6.204971179173945618e+10 -4.745243104392240906e+10 1.085443628280406494e+11 -1.597907519669278145e+09 -3.105619880879125977e+10 -1.007055785779428482e+10 -1.435430131746472168e+11 6.034052687507639313e+10 -1.872943615232572556e+10 2.732055372320710373e+10 3.485250935317980194e+10 9.853714010218961716e+09 2.814362682567889404e+10 3.800068167106427002e+10 5.027039387139987183e+10 -2.277770361132756424e+10 1.297979218619098854e+10 6.665812403462933540e+09 9.304386061156322479e+09 7.226673399737600708e+10 -3.168673184851136208e+09 -5.649092833551533508e+10 -2.788618560690141201e+09 1.295189497454659271e+10 3.413175538845237732e+09 -3.658099524058990479e+10 -2.954683705478543472e+10 7.057074082662601471e+09 7.043740964472198486e+09 -4.314831578652395248e+09 2.929685780199829483e+10 -6.082118524524873734e+09 1.481376198821259499e+10 2.266720098468376923e+10 -1.310893885659905910e+09 1.948150193217254639e+10 9.748075009443708801e+10 2.036120420965335693e+11 3.910879273836514282e+10 3.655930311575865746e+09 -2.092887009720826721e+11 -4.162148403957748413e+10 -9.428933292199316025e+09 6.100161890384130478e+09 2.188017515716546249e+10 5.479104158005235672e+09 -1.046481289667130280e+10 1.876299002173792839e+09 3.887973511986001492e+09 1.119918324984483719e+10 -1.426453127541506290e+08 2.787614237421519279e+09 7.508878427156121254e+09 5.990322810763567924e+09 2.222269329994882584e+10 5.446704295960702896e+09 1.441905909244716263e+10 1.568539728978904724e+10 1.586795828316298218e+11 1.660306696747029686e+10 5.797196452743442535e+09 9.318659240108015060e+09 1.326271171211609268e+10 1.855494585499183655e+09 3.502012634679413795e+09 2.279518610147492599e+10 -1.124416913102123070e+10 8.453364526764225006e+09 1.503717972744718552e+10 9.846995107395458221e+09 4.871067003985850334e+09 -7.327053413583208084e+09 1.394377116472263718e+10 1.322837019206824005e+08 3.995172217709406853e+09 6.463579513271071434e+09 5.765023413846076965e+09 2.925245466616047668e+10 -2.572697752243602753e+10 9.593020091564413071e+09 -2.514686452637322426e+09 2.059323105472670794e+09 1.425013960042568970e+10 7.108390165224187851e+09 -2.717181077770963669e+10
1.089026850309782429e+06 -7.283280886077943433e+04 1.876513704647631384e+05 2.634654042978574289e+05 9.935423538799585367e+04 -4.316386620438496175e+04 5.811750698340061354e+04 4.954853757206278533e+04 1.397725811337973864e+05 9.487675547346174426e+04 1.049940484396136308e+05 9.598391813279455164e+03 6.265938422863546293e+04 7.717423543156340020e+04 5.218568205574790045e+04 3.308534150014273473e+04 6.326772568336787663e+04 1.254687653813092184e+05 5.932084852230276447e+05 1.417180707704003435e+05 5.658593178473029548e+04 3.768370785450361291e+04 4.089219467981115304e+04 5.277792294069541094e+04 4.039986580892420898e+04 5.866573223056867573e+04 1.729484320778506299e+04 2.720306564059884477e+04 1.194152389811069588e+04 3.305923206346104416e+04 4.554757838885930687e+04 3.264770050334250845e+04 2.426164297552343487e+04 3.181511536061000152e+04 2.334548494345213476e+04 1.742430998270267082e+04 1.663224185576579839e+04 2.275776979998877141e+04 3.677303621920658043e+04 2.846733889217006799e+04 1.972776769903441891e+04 4.587369044968552771e+03 8.956158788710763474e+03 2.782809218742924349e+04 1.096668899439930829e+04 9.713468057158609619e+11 3.211376545014330444e+11 1.222347475239200439e+11 2.323986665321226501e+11 1.185109850032227051e+12 1.073311897527483368e+10 -4.638727806431722641e+09 -8.049082277590426636e+10 -4.630287450839175224e+09 4.466830567017883301e+09 -8.131559462034097900e+11 -6.925187137324514771e+10 8.205107957918646240e+10 -3.924037074139411926e+09 -4.269983041867532349e+10 -2.879408624631386185e+10 -1.037220288526688995e+11 5.428537074271363258e+09 2.521397572449652481e+10 -5.261049212397005615e+11 5.215024341098026733e+11 -4.727832629439823914e+10 8.364570680852833557e+10 8.932234997308747864e+10 2.872941454740897751e+10 5.513985837649947357e+10 3.768842723546000671e+10 -3.696459410805982971e+10 2.882701172642681503e+10 -1.672889254428235245e+10 -1.082529527937227821e+10 3.462541281195853424e+10 1.698996581767906189e+10 -2.028050307320388412e+10 8.192930952188148499e+10 4.325513099744681549e+10 2.198429117533681107e+10 -7.238117858217651367e+09 -2.885149902894742203e+10 4.107384058802919769e+10 -1.230265176402382851e+09 1.669171957835960770e+10 -1.584685372196718216e+09 -3.325379416366772175e+09 3.581341620935024261e+10 6.831807183446632385e+09 -1.064415623601352811e+09 -4.996098974104921341e+09 6.331078690314536285e+10 1.489200639188048096e+11 -2.285349228683668213e+11 1.836046725991468048e+10 4.022327004105179310e+08 -9.731669779229426575e+10 -2.791015527954251862e+10 1.724235182535037231e+10 7.212837895926371574e+09 4.969805508462366104e+09 -1.224119537405350685e+09 1.156572310078000641e+10 -6.447164389529206276e+09 2.698502824123173141e+10 -5.393284526253910065e+09 2.218015743636178017e+09 -4.247469511511769867e+10 2.817600609507513809e+10 -7.294510744898279190e+09 1.238404942678086853e+10 1.414168602466793633e+10 2.047974877915723419e+10 7.375235769148059845e+09 2.764075615731079102e+11 3.020260639799473572e+10 -1.516094926080826416e+11 1.715998008666930199e+10 4.273407944659822941e+09 3.223242435873611927e+09 4.610048950657085419e+10 -1.403689601290192604e+10 9.475878035188663483e+09 1.384811494419690514e+10 7.064901868180152178e+08 7.280475584524440765e+09 6.384288410040692329e+09 1.599313839015162945e+09 1.476234360857481384e+10 2.661427084564333439e+09 1.333994772013912773e+10 8.757707691727828979e+09 7.515238453529340744e+09 -4.527881612283953094e+10 -3.943034424591640472e+09 -9.986744168467218399e+09 1.103286045129427910e+10 6.704138444214073181e+09 6.469128195087541580e+09 -1.170353823930167437e+09 5.133679724177622795e+09
5.214665506449634559e+05 6.342540265297407132e+03 2.565286252655779390e+04 2.601827549564747824e+04 -5.926320434529484919e+04 -1.061565580373865378e+05 -1.299013850451158578e+04 1.008228761825223773e+05 9.741597500951190887e+04 3.167807317019409675e+04 5.972877670372841385e+04 4.030744527333203587e+04 6.182989162354049040e+04 4.334515406303325290e+04 5.133402678415746050e+04 6.140824090645820979e+04 7.368164320827911433e+04 7.256780201470640895e+04 1.417180707704003435e+05 4.890966055879463092e+05 1.176485070072281524e+05 5.164577841094835458e+04 5.578605333528989286e+04 4.284734308291758498e+04 3.131568125965363652e+04 3.187201201459050571e+04 1.680428184490874264e+04 2.496138887967630581e+04 4.697639386776261381e+04 3.495369983750389656e+04 3.415465581734297302e+04 3.733099037439654057e+04 1.727457911483597127e+04 3.268785142219623958e+04 1.774738583168387413e+04 1.337562490178826010e+04 1.237152320600105304e+04 2.136052560217021892e+04 3.203275066829859134e+04 2.686524789415483610e+04 1.977053502187446793e+04 1.006880874936972941e+04 2.176006066293960976e+04 2.708114570850721429e+04 1.961814332190331697e+04 1.005751443946626099e+12 2.076731902045990295e+11 1.178085150870392456e+11 -6.510082979583636475e+10 1.118045207842215881e+11 1.184543156355578766e+11 1.690817756566395760e+10 -7.514844777930645752e+10 1.934619068270442963e+10 -4.223405763574150848e+10 -3.366267010063807373e+11 2.043104407742702103e+10 -2.817202774234965515e+10 -6.760543292548982620e+09 3.152768166562709427e+10 2.025869978813642120e+10 -2.277220018433250427e+10 5.496205991775541306e+09 4.132984280227219391e+10 -1.333059133148962860e+11 -1.228407440634017487e+11 -4.804959888481623077e+10 9.046012234818355560e+09 3.085935977743079758e+10 2.896772237212612915e+10 1.831505125091184616e+10 4.700591696211270905e+10 7.855493725480528259e+10 1.821714772955584335e+10 -3.266930455423172379e+10 2.391638627845193863e+10 -1.041179475143851280e+10 -1.921543717099208374e+11 -4.229651964887117004e+10 1.439450445130617371e+11 6.047399714585268497e+08 -6.259806269968059540e+09 1.337212334363000679e+10 4.343505196257574463e+10 6.511651546091264725e+09 4.308234157806106806e+08 8.078679830045707703e+09 -2.605849045797828293e+10 -4.706670647800675392e+09 -2.833328651927331543e+10 1.203795991499024582e+10 -2.738853076898327827e+09 1.532314162730334091e+10 1.271188273398710823e+10 1.822625148365590515e+11 -2.085505663243526306e+11 -1.473329370260408974e+10 -2.253681471376629639e+10 3.311339503089742432e+11 -1.090174536303451157e+10 -8.154110877014346123e+09 8.320360016053672791e+09 1.787355557433911514e+10 5.115096944483943176e+10 -3.945628446536881447e+09 -1.405406348120446205e+09 1.684828486948620605e+10 -4.076508343140716553e+09 2.224308394656432629e+09 -3.509148261546224213e+10 2.714470011153493500e+10 -2.661157272907894897e+10 6.238205175520253181e+09 -9.955930038141004562e+09 1.518950901900517464e+10 1.075207723457995415e+10 1.109425470545178070e+11 1.002970549622002792e+10 -7.043197037094256592e+10 3.028894271573572159e+10 -1.008301878383745104e+08 1.365941474555146217e+10 3.235460503721180344e+10 -1.842372265155827284e+09 -1.128545799385454559e+10 1.142958631390316200e+10 6.972562162295359612e+09 1.077374786263880014e+09 -9.838848511164148331e+09 -1.437233779770164728e+09 -2.036257219647114038e+09 1.021834105796448326e+10 1.085963057427578354e+10 1.306457043491890430e+09 1.357855171608190155e+10 -4.693676308936331177e+10 -2.481535886056652546e+09 -7.125089438945866585e+09 7.327148550632058144e+09 1.007363296502393723e+10 8.192042206931316376e+09 4.532832942459798455e+08 1.456260120747122192e+10
6.106071823365429882e+05 2.775934776594745927e+05 -4.780107072209902981e+04 2.253573577797193429e+05 6.961636650962238491e+04 1.648153900972957490e+05 4.614894137815786962e+04 5.848620346234902172e+03 1.177707376166241738e+05 8.548603628764263703e+04 8.109325015634286683e+04 4.591864051573059260e+04 7.582154552676453932e+03 1.679348044707549707e+04 5.201368024144259834e+04 5.154981519416144147e+04 4.231477798946284020e+04 2.430924872903788491e+04 5.658593178473029548e+04 1.176485070072281524e+05 4.353191997458641417e+05 1.277937662956987915e+05 3.586150085619798483e+04 4.669889112172352907e+04 3.598197047286911402e+04 4.808251118188010878e+04 3.191717116902302951e+04 1.976026277731344089e+04 3.569499020258907694e+04 5.020576927224344399e+04 3.137870083489739773e+04 3.041315882987602890e+04 2.628454496469736478e+04 3.320882185720631242e+04 2.612078696791029142e+04 1.376609723929496067e+04 2.812261184496996430e+04 3.147693581840996194e+04 3.311762786889061681e+04 3.104896462993144087e+04 2.110501161407623295e+04 2.090150461339758112e+04 1.997617263400974480e+04 2.001088585270572003e+04 2.696745517551487137e+04 1.127476260594296875e+12 2.311946677945263977e+11 -2.362257499372587280e+11 1.309554452136239433e+10 1.051794012024808960e+12 -1.664555525440000000e+11 -4.517196822621853638e+10 2.019854143936622238e+10 9.728632730746067047e+09 -5.550764221496416473e+10 5.165402455564700317e+11 6.314575179920721436e+10 -2.050585888248534012e+10 -1.921299798214319611e+10 4.163412719989865875e+10 -2.529526741560925674e+10 2.470995519061089325e+10 3.662088712566463470e+10 -3.307823547901245117e+10 5.750787632456743164e+11 -4.114566230956806030e+11 2.885355986588573456e+10 3.355234199243466949e+10 -7.618747390332397461e+10 2.399961389279439926e+10 3.340483956665448380e+10 4.563678020115113068e+10 1.020127409173963318e+11 5.168491036843740082e+10 3.794097364496662140e+10 2.754802539735585403e+10 5.561755822936357117e+10 1.735356588176474609e+11 -6.752010181028255463e+10 3.257949494840136719e+11 2.375121393631660843e+10 7.935978056210640907e+09 -8.961266084825481415e+09 2.810596580155927658e+10 1.954376987077934265e+10 1.621128378464012718e+10 1.279949722437323189e+10 2.398239854923825073e+10 6.966539936933929443e+10 -2.518106549199041367e+10 1.120115249493148994e+10 1.148370138559382820e+10 1.518912837380744457e+09 2.713071217611938095e+10 5.872256010326332855e+10 2.126186759757044678e+11 -1.980574277485581875e+09 -2.376269610795948792e+10 1.971952427117640381e+11 7.282776329719133377e+08 2.124238312501488924e+09 6.600431696484256744e+09 2.151671195284134293e+10 3.112468004787446499e+09 2.153132120196743488e+09 -6.271071412826517820e+08 1.505514738287834167e+09 1.331565204214692116e+10 -7.006588322964413643e+09 5.174867180773248291e+10 3.060274796487106705e+10 -1.078184245265555000e+10 7.885011492930540085e+09 1.158138325898160744e+10 2.355397322265014172e+09 -3.768926964369105339e+09 -1.152176483002460632e+11 1.246484755806346703e+10 1.760658117484634705e+11 1.714199404511310768e+10 -1.158166468839399338e+09 2.348226426584073257e+10 -1.113747232680339203e+11 4.687278980068224907e+09 1.756924573381539154e+10 -7.137591001438562870e+08 2.112946054433522415e+10 4.699889858280100822e+09 2.791512164725131512e+09 4.505520417156011581e+09 1.824424870862476349e+10 -8.489650986255581379e+08 1.241439027769047928e+10 -5.156302406581537724e+08 5.999952763643624306e+09 5.141844794239088440e+10 -2.710953357744035339e+10 8.378244890219571114e+09 1.309594946038496208e+10 1.345375346120116997e+10 3.278612941305330276e+09 1.364375820900466537e+10 1.248950735364486694e+10
-1.007317783251951769e+05 -1.049467985815508146e+05 -2.121346257938007184e+05 1.535063746233360434e+05 1.022379942146255926e+05 6.962431028241748572e+04 1.413408414067022568e+04 -5.902505233243833936e+04 1.100399946733568067e+05 7.366207316339040699e+04 7.012994785953215614e+04 4.106465382009683526e+04 1.035248730801289457e+04 5.198602588216635013e+03 1.789389856575983504e+04 6.895033124731178395e+04 1.464359594926146747e+04 8.164112287177743383e+03 3.768370785450361291e+04 5.164577841094835458e+04 1.277937662956987915e+05 3.882807715924856020e+05 9.783720828068596893e+04 5.797124704004401428e+04 3.682823829809966992e+04 2.425715593077868834e+04 2.524112779757455064e+04 2.806525816218586624e+04 5.119125550062457478e+04 4.169393825866896077e+04 1.803722854929954337e+04 3.622469191107078950e+04 2.828403197325041765e+04 3.151182882345077087e+04 2.626753152527124985e+04 2.762670583956246992e+04 2.901606162175834470e+04 3.171801773952033909e+04 3.330838950487872353e+04 3.845064848998442903e+04 2.888478058125332245e+04 3.220933661615399251e+04 2.775852163628027120e+04 1.292618253053700391e+04 2.567477322536807333e+04 6.025766199966905518e+11 -4.160393074960560608e+10 -1.053687667523966827e+11 1.925357766053546906e+10 -6.452302633340541992e+11 -6.437888227886929321e+10 -2.079412793290742493e+10 -2.457203780766462708e+10 9.883469210988816833e+10 -2.065903132419844818e+10 -1.038144613753818817e+11 8.552834171980761719e+10 2.646050866960914135e+09 3.130916574930983543e+09 3.189751524340766525e+10 -6.200942577845942688e+10 1.646417503279679871e+10 -5.373623945741150856e+09 -7.305732027339987183e+10 5.316378671750975952e+11 -8.911416622545120239e+10 6.244736399590836525e+09 -1.372375906829813957e+10 -4.326587533136695099e+10 2.275401955181042099e+10 -1.330788875218497849e+10 -1.146118023370854568e+10 -3.835924411910426021e+08 1.310981402561117744e+10 1.247437327937061119e+10 1.526840867914799452e+09 -1.836089789359462357e+10 2.470837883435173950e+11 -4.953759341827771759e+10 8.260309942734016418e+10 3.306312219649240494e+10 3.323973851492302895e+09 -2.010622803871693420e+10 6.257115450656394958e+09 3.319623194712421799e+10 1.162542639195987892e+10 2.953406071569403839e+10 2.293899796811752319e+09 -1.166366742473563004e+10 -2.406949249872050095e+10 -2.570449752520209122e+10 -4.988814193799219131e+08 -8.576615629008092880e+09 2.200802310515047073e+10 2.316340435365140076e+11 4.922151491228538513e+10 -2.056812508855564880e+10 -2.223488191139684677e+10 1.096194539623793945e+11 -3.937024571846129608e+10 -5.491369208528548241e+09 3.782272903119612694e+09 1.112935562058034134e+10 -1.702508645206731796e+10 -3.646842072248515320e+10 -8.256116919956306458e+09 -1.151054761387205505e+10 1.246645891172815084e+09 -1.522262169174676132e+10 7.420325772437683105e+09 1.378147442110293770e+10 2.571206323473631382e+09 1.148606853662806892e+10 -1.519691296249907017e+09 7.644774463164360046e+09 -3.407595227098331833e+10 -6.151386189375505447e+09 -3.513869512463645172e+10 1.938565289319423828e+11 2.159870386139274979e+10 5.464001274696618080e+09 1.478728712893306732e+10 -6.852890679287657166e+10 1.998045740884120941e+10 1.229265310251217270e+10 5.101162929485575676e+09 1.124580626350546360e+09 -6.494622818856442451e+09 -1.531804797881755257e+10 -1.735953774056010962e+09 -7.982325211213527918e+08 2.557607465296078205e+09 2.040081772778210878e+09 -6.876517889692065239e+09 -2.892906333385762215e+09 -3.727184192865103245e+09 -1.968216007452776718e+10 1.986036409568445587e+10 1.230719676527739906e+10 6.545361627527844429e+09 9.060183848940713882e+09 1.032552274793854833e+09 2.379572374771791458e+10
-2.828596285623256117e+05 -1.032931176519274304e+05 -8.285312262267102778e+04 1.337985049903462932e+05 5.498013971439164015e+04 6.692980976758537508e+03 5.126408639208298700e+04 4.364139258256986795e+04 6.574234741132683121e+04 5.875825846160120273e+04 8.475431383614767401e+04 6.737962472792758490e+04 1.374122168202333705e+04 3.785532497667880671e+04 4.551928106011675845e+04 3.183464282076263407e+04 4.297761930801256676e+04 2.808905009175777377e+04 4.089219467981115304e+04 5.578605333528989286e+04 3.586150085619798483e+04 9.783720828068596893e+04 3.333612664306093939e+05 9.153571817930087855e+04 4.239828936310040444e+04 2.028966201782007556e+04 3.603680041773999983e+04 3.780698849435323791e+04 3.612602665544501360e+04 2.728544526320853765e+04 2.031103610041779757e+04 3.105583723825778725e+04 2.430114274754980215e+04 1.839837024662552722e+04 1.784039418612167356e+04 2.069532123251962548e+04 1.759849178736988688e+04 2.541346118950102027e+04 3.393880812228734430e+04 1.521666050910285958e+04 2.962270521760090560e+04 2.472101250537547821e+04 2.027861031618875495e+04 1.337081170553511947e+04 1.734866929633784457e+04 1.305056479240572998e+12 -8.543933103311236572e+10 -4.218271078977297211e+10 1.566238073114249573e+11 7.968010863300423584e+11 -1.886676294887231064e+10 3.348178360124126816e+10 -5.392212008386170197e+10 -1.434390859697802162e+10 -2.294252394585884476e+10 8.561426243055149841e+10 7.511690734551454163e+10 4.936479839640018463e+10 -1.571083058550243568e+10 -1.177348405791875839e+09 2.726576398855739212e+10 4.327324840862272644e+10 -2.984488969583151245e+10 -2.717274508292022705e+10 -4.433156633983877563e+10 1.033752270013166237e+10 -2.528678367784972489e+08 -3.987240076901799774e+10 1.636784575271387482e+10 3.919851171833473969e+10 -2.787594701880948639e+10 6.993490232810170174e+09 -5.155237838876850128e+09 -8.409998830742345810e+09 2.158284164865236664e+10 7.718624966946318626e+09 2.910765355765281677e+10 -1.803954961363174438e+11 -3.589020405175914764e+10 7.918298766801924133e+10 4.162716635887077332e+10 1.564355450678460503e+10 -8.856213444474576950e+09 4.168142409819373322e+10 3.679965567445928955e+10 2.094903888873798370e+10 1.459416686636084366e+10 1.105977351840796089e+10 -5.057177462639147758e+09 7.128537796509829760e+08 4.823077939334669113e+09 6.488957689088881493e+09 1.084717341645873070e+10 9.298842071210811615e+09 6.342533797660859680e+10 -5.094144585871453857e+10 -1.104715667230718994e+10 1.446889508848880577e+10 4.592376685407271576e+10 -1.040797219137103081e+10 -2.785154910119529247e+09 7.013974708971444130e+09 2.744243174590465546e+09 1.417225026188601494e+10 -1.220382030928102875e+10 -1.962124276068467855e+09 8.170596374071082115e+09 2.856700754474515438e+09 -1.257663445973816109e+10 2.207502613530081558e+10 2.195197423536687469e+10 1.164069027195794487e+10 1.324415417720031357e+10 -4.809474832610281944e+09 -4.070587866677659035e+09 6.526017196231515884e+09 -6.820032650032232666e+10 -2.538816014307766342e+10 -2.006791117840535355e+10 -7.781492915502318740e+07 1.882060508804920959e+10 2.405893020226077557e+09 1.239887110306322670e+10 8.534329131904492378e+08 -1.301100814555759430e+09 5.141706856507105827e+09 3.948923778929253101e+09 -3.663518331172116280e+09 1.793997098021250153e+10 1.133755245252023220e+09 4.538870708176242828e+09 -8.777565802078890800e+08 1.016074768741651344e+10 -2.055578351310575962e+09 8.730038997483428955e+09 2.167659215840187550e+09 1.016402081236833382e+10 1.861637605575237656e+10 1.793187198829636002e+10 4.719325391056161880e+09 1.608776829359189987e+10 2.411850317532122135e+09 9.029595296501493454e+09
4.421660505291085574e+05 -3.851240997437846090e+04 6.138590938445965003e+04 2.205520969964326650e+05 1.336305675672314246e+05 3.962457602501350630e+04 5.037281354551562799e+03 4.887413024078814487e+04 9.021208628696095548e+04 3.880522854128299514e+04 5.915340973510793265e+04 1.545243956932676883e+04 3.636790694991884811e+04 6.293683639668427350e+04 4.068748015631327871e+04 6.835908055440691533e+04 5.518919073789785034e+04 3.673836723948369035e+04 5.277792294069541094e+04 4.284734308291758498e+04 4.669889112172352907e+04 5.797124704004401428e+04 9.153571817930087855e+04 3.285206665240703733e+05 9.908590117830982490e+04 3.139167214191462699e+04 4.179417920284676802e+04 3.907488623924631975e+04 4.227372385286756617e+04 3.992219281129358569e+04 3.251746115238797574e+04 1.995426224747642118e+04 3.103774438575508248e+04 3.863328022137236258e+04 4.068128558372447878e+04 2.816733309215049303e+04 1.905537962699919444e+04 2.639334750244623137e+04 2.631067738105506942e+04 2.564271323095036132e+04 2.743045099668009061e+04 3.068776451944107248e+04 2.199885285348147590e+04 2.174471387471248090e+04 2.573429273171744353e+04 -3.511004869846468353e+10 -2.422453426857128296e+11 -2.757551303808432007e+11 -9.361248992552195740e+10 -2.850757614739357910e+11 -1.192020705474996376e+10 -1.210537061793089867e+09 -5.630309762692922211e+10 -3.632095334734875679e+09 -1.483311212798854828e+09 7.359375159743416748e+11 9.392853913895344543e+10 3.544491817113912964e+10 7.728452641154542542e+10 3.777039462870930481e+10 5.830129644513691711e+10 5.415301022318241882e+10 1.441867075649998474e+10 -5.814187420051396179e+10 7.440965178272837830e+10 1.699924371616094971e+11 3.247934437819374084e+10 -9.344856292875394821e+08 3.013913202512570190e+10 5.431344571854297638e+10 3.403453342267716885e+09 4.162281646890737534e+09 -1.780130309841738510e+10 -1.483354676419069672e+10 5.909348114716945648e+09 1.366070582790415382e+10 1.497018932279580307e+10 -1.172604901896241302e+11 2.541018433379468155e+10 -9.324761339279573059e+10 5.553431625741960907e+10 1.697774520397339439e+10 -1.552699321673468351e+09 1.685275208894679832e+10 3.670539452377343750e+10 -5.838017236627086639e+09 7.757900151779934883e+09 7.119232615174727440e+09 1.061551906672820330e+09 3.831421317645909786e+09 -5.601674819318113327e+09 -7.025070018418653488e+09 -1.765257871525487900e+10 -1.530440023603745222e+09 -5.207426173733731842e+10 1.048302988309895477e+11 2.278395666584659195e+10 1.448013773614069557e+10 2.505126001053363647e+11 3.096680904917741394e+10 1.851254875264527512e+10 5.111233268937293053e+09 5.757518746646709442e+09 -1.055546399303319740e+10 1.917002923300942993e+10 1.447169961455882454e+10 3.406964246906980991e+09 8.604957193076364696e+07 -1.302051368209124756e+10 -3.173281238615150833e+10 -3.861413692913748741e+09 1.766084086092613602e+10 2.464916990684315491e+10 3.139919077449583411e+08 7.718538120534403801e+09 -3.160312100121031284e+09 -5.743675773667748260e+10 1.557530164179618454e+10 1.139624875193408051e+11 4.895839555496088409e+10 1.465906046788199615e+10 2.654928826115303802e+10 -2.247840754656654358e+10 4.076482110277859497e+10 2.148062714722098160e+10 4.456735955019374937e+07 9.488797409044233322e+09 2.269653663017329216e+09 1.700687469834639740e+10 1.532196127845541191e+10 1.388545682456603813e+10 6.254789475415566444e+09 6.767961775813770294e+09 1.082608272316220093e+10 1.750873545127579880e+10 -1.193000675996121025e+10 2.650653534204120255e+10 3.330733947823367691e+10 1.480134449431882668e+10 3.693491897133757591e+09 1.049683442618741417e+10 4.560617554725070953e+09 4.126779576372184277e+09
1.738587265655744995e+05 -1.347868026106630568e+05 2.183745242165031668e+05 1.283131661089062836e+05 1.104372989826976991e+05 5.070034177126582654e+04 1.146330355621013732e+05 3.530967317588928563e+04 2.538750037892818727e+04 1.975609815325091768e+04 3.030458264406715534e+04 3.472668109974734398e+04 1.332756672170649654e+04 4.170569853595440509e+04 3.134195634233428063e+04 2.867716356842681489e+04 2.586352355428138617e+04 2.940872527805472782e+04 4.039986580892420898e+04 3.131568125965363652e+04 3.598197047286911402e+04 3.682823829809966992e+04 4.239828936310040444e+04 9.908590117830982490e+04 2.845328042904300382e+05 8.193007400389232498e+04 4.137861606297301478e+04 3.538823660609314538e+04 2.687585345203534598e+04 2.283072128311159759e+04 2.522674281602328119e+04 3.208601958679791278e+04 1.990569257695286433e+04 2.729452507642078490e+04 2.408521362565359959e+04 2.604351214073472875e+04 1.791940130628199404e+04 3.109255813078965730e+04 2.186773881823809643e+04 2.223107197379600620e+04 2.577466323422354253e+04 2.639885602402035875e+04 1.481955670531205942e+04 2.313171991893395170e+04 1.869187248270572672e+04 -1.026220862330069275e+11 -6.073869157372513580e+10 -2.219619245920478821e+11 -3.355033680283419418e+10 4.948677943470029907e+11 4.322839705044774628e+10 4.849212061290149689e+10 -7.567170351443627930e+10 5.050225255088850403e+10 3.607110121234133148e+10 9.316329534941241455e+10 5.891655397922000885e+10 -1.000383911395137329e+11 1.342762284092935181e+10 2.615292199404653168e+10 8.487141472151289940e+09 6.516781859542710114e+10 -2.462787396705164337e+10 -4.445324694099170685e+10 -3.676518325498262939e+11 -2.207268303341962280e+11 -4.861716963296493530e+09 -1.263533659361730576e+10 -3.830677650702790737e+09 -5.306248310375214577e+09 4.664938253764811516e+09 -1.111997287056134224e+10 -1.880583542860236359e+10 6.254172648664426804e+09 2.111968358301895523e+10 1.049977230924906158e+10 2.193084293755801010e+10 2.343420324831836243e+11 -2.307849324767713165e+10 3.367236988546968384e+11 5.898081353678392029e+10 2.711883606710084915e+09 1.334149310781972122e+10 9.197752366629380798e+10 -4.540665385739313364e+08 6.768321089172094345e+09 -3.167732947580855846e+09 -4.069683229587603092e+09 -3.081100733971526337e+10 -1.275905122663438034e+10 -2.938624752164855576e+10 9.191971280666217804e+09 7.681490285903693199e+09 2.253307036389595509e+09 -6.162484409695772552e+10 -6.816059756963881683e+10 4.148886032349142456e+10 8.790363067192552567e+09 -4.404467028552140045e+10 4.109902874797349548e+10 2.078396707981586075e+10 1.064757912437216377e+10 1.581325385856908607e+10 -2.929709434145458603e+10 1.222794733853109932e+10 1.306223913928728294e+10 9.868852794706684351e+07 6.235601003959009171e+09 1.150263079128718138e+09 -4.135313999577510071e+10 -6.691267694893379509e+07 4.474596359231893539e+09 1.513600617057276344e+10 4.419965722155380249e+09 1.284389162711145782e+10 7.331556238521280289e+09 3.387428802928358078e+09 1.224265600524911165e+09 7.452213308809956360e+10 3.562468081886439514e+10 2.051978404312201691e+10 1.553872733378869820e+10 -9.497615787360372543e+09 2.865190575335145950e+10 1.206528739749643898e+10 9.852469397125371933e+09 9.360841755821535110e+09 5.689611696803169250e+09 -3.217705603286685467e+09 3.399583083793764877e+10 1.978753510129689217e+09 4.895130824369650841e+09 7.326665141492371261e+07 -1.844308627840357423e+08 8.079075103479784966e+09 -4.868442266187702942e+10 6.716485628077882767e+09 1.679406547789450455e+10 1.742196498937650681e+10 7.357340845431816101e+09 2.847611278634072304e+09 1.612892643504541636e+09 1.306975007185254097e+10
2.399164830237697170e+05 8.434939704239243292e+04 2.756243023820529925e+05 2.525072753571840876e+05 9.092957387295694207e+04 8.372015579579258338e+04 1.086055596623869642e+05 3.799097123637504410e+04 8.295085815787538013e+04 7.537907576710257854e+04 5.230040867532767879e+04 2.612390285189875794e+04 1.830675041027429688e+04 3.759998765426852333e+04 2.540388295118996393e+04 1.798849313115606856e+04 2.654055858637421989e+04 2.358580088651858750e+04 5.866573223056867573e+04 3.187201201459050571e+04 4.808251118188010878e+04 2.425715593077868834e+04 2.028966201782007556e+04 3.139167214191462699e+04 8.193007400389232498e+04 2.683756001699590124e+05 7.194983057986745553e+04 2.863018711740744766e+04 3.590328699683008745e+04 3.831633044821286603e+04 3.162157081760812798e+04 3.756919894927668793e+04 3.785833654808250867e+04 2.923619471726806296e+04 2.328487624545639119e+04 2.145644603401302084e+04 2.179856704361735319e+04 2.578156741073324520e+04 2.246033227606146102e+04 1.608797824748943640e+04 2.861768463951670856e+04 2.629859153971745036e+04 1.911628889282080127e+04 1.819197266419641892e+04 1.970701094137154359e+04 7.674607344570012207e+11 2.277550780080825195e+11 -7.673602821264868164e+10 1.919492624411423035e+11 -2.147943000063226929e+11 -7.711513575396661377e+10 7.342092392870057678e+10 -2.475157998582566738e+09 4.345277716277637482e+10 7.888512424101879883e+10 -3.699995190406065674e+11 1.281325645449014740e+11 -9.752374037977098465e+09 1.405481794490805626e+10 3.578388041778656769e+10 -5.860618066418072510e+10 5.248955123661072540e+10 -2.297202679261144161e+09 -3.587749701666629314e+09 -5.964944805997026367e+11 -2.087072187444158630e+11 1.598165272182114983e+10 -2.557172623491049707e+08 -3.997663955857103348e+09 1.548480340185896111e+10 1.018530268694445801e+10 2.306054833257225418e+10 -3.361941128882044315e+09 1.959769801431188202e+10 3.499463557092954254e+10 3.220475202683241653e+10 2.981535398927279472e+09 2.131484525409950867e+11 2.570460376581494331e+09 4.191786866849243774e+11 2.364340095500000763e+10 1.119928694460580826e+10 -1.264613483472073174e+10 2.136303376420810318e+10 2.907400640399962997e+10 -7.246443678899513245e+09 -1.561275019040327072e+10 1.107903353283651543e+10 5.663598775368442535e+09 3.009642183693233109e+10 1.627831728799147797e+10 5.104119175164047241e+09 1.779624731769716644e+10 2.293547261817796707e+10 7.280021722289984131e+10 -9.430271371234103394e+10 -8.443686077962032318e+09 1.891278892126703644e+10 -1.868953113622234192e+11 2.902009184118129730e+10 1.258433757049119377e+10 -4.365214889724405289e+09 1.446970000893977737e+10 1.371603819258815765e+10 6.919969709018880844e+09 -4.521451596937666893e+09 9.994665291848237991e+09 1.158219693876432419e+10 -1.703425234433032513e+09 -4.052486221618462372e+10 2.629884266738848114e+10 1.550057442814073753e+10 2.273857387166572952e+10 1.434867274251641464e+10 1.101759853935758209e+10 9.554523958895021439e+09 1.110910090272293091e+11 -3.674942989789906025e+09 3.067828803663972473e+10 2.050989297155014801e+10 1.405365894166731262e+10 8.989631806087148666e+09 -5.615468520399384308e+10 1.540365619814779282e+10 -1.044959698472317886e+10 6.933914686309724808e+09 1.371678636107117653e+10 8.836713290401226044e+09 1.733094262915517426e+10 1.227176989612687683e+10 6.193932159130949020e+09 5.837064584594221115e+09 6.379296054583643913e+09 1.087978359813638210e+09 1.231416247589891243e+10 -2.925336853755379486e+10 1.302886570993783951e+10 -8.045982693302985430e+08 1.914364885054457474e+10 1.211362916717009163e+10 -5.599179349650644064e+08 6.686685791518228531e+09 2.020197059237159729e+10
-4.448634284752376261e+05 3.787657857796035241e+05 2.085999833623428131e+05 3.011206462012606789e+05 1.068034851643467264e+05 1.863825231266010960e+05 8.970615177823578415e+04 4.006416667532424617e+04 1.362287312390719599e+05 4.305944096272051684e+04 3.894915086096251616e+04 1.624659636312020666e+04 3.050137790411346941e+04 3.343154087056880962e+04 5.075466529203324171e+04 5.747791495993064018e+04 7.304694372297845257e+04 3.320224477542495879e+04 1.729484320778506299e+04 1.680428184490874264e+04 3.191717116902302951e+04 2.524112779757455064e+04 3.603680041773999983e+04 4.179417920284676802e+04 4.137861606297301478e+04 7.194983057986745553e+04 2.477743558780164749e+05 6.771012544497525960e+04 3.100135588599011680e+04 3.614822490572431707e+04 2.655022097751755791e+04 3.542147870757462806e+04 3.713461360053352837e+04 2.534022821997315623e+04 2.140079565153801741e+04 3.250226910973815393e+04 2.587686752466260077e+04 2.492290365974262386e+04 2.265493705627684903e+04 1.978426154422671971e+04 2.558752957674630670e+04 2.677368539430349483e+04 2.611344433965715143e+04 1.802742919334788530e+04 1.940327525683617932e+04 -5.824071938029543457e+11 -1.476457139734734192e+11 -1.033197948310366821e+11 8.932891316187771606e+10 -1.565999031830944092e+12 4.747008457218238831e+10 7.439089245598498535e+10 -1.829706212669472046e+11 3.190808017710922623e+10 5.327060048853185272e+10 -1.741304982494745178e+11 2.270040659593214417e+11 4.692355800566240692e+10 3.163327687981132889e+10 2.450461880792808533e+10 2.151516238060916424e+09 6.053313980728145599e+10 3.909578588720214844e+10 -7.659017543768952370e+09 -2.493680290225440674e+11 1.844025870906680298e+11 3.468706517903559113e+10 2.704163620740005112e+10 7.608329127394689941e+10 2.224069598292280197e+10 2.083685548926269150e+10 1.844651259031577301e+10 -8.132328708538056946e+10 -1.272699970675067663e+09 3.883495441006748962e+10 7.291337704055827141e+09 1.646958408047555923e+10 1.219033010852926636e+11 -4.297822988309409332e+10 1.681208419348305054e+11 2.487556866336435318e+10 7.963181740341387749e+09 -1.379693995709761238e+10 3.282551198423962784e+10 5.101586698312744904e+10 -9.451818527129457474e+09 3.249742185338560104e+09 -3.868551050933993340e+09 -1.991878089445207214e+10 8.174522962930817604e+09 -8.676340232459050417e+08 1.800153768451295137e+09 1.421903153901278687e+10 2.105259508992297363e+10 -1.004108254678769531e+11 5.337512880004746246e+10 1.705453893752694130e+10 -7.466551253724473953e+09 -1.284282386126868744e+11 -1.507572288506700325e+10 5.959765276678222656e+09 -9.220607770254536867e+08 7.617833776509224892e+09 1.708481924066155624e+10 -1.216462754534209967e+09 2.502916925566949844e+09 5.561282607611625195e+08 9.777378690766124725e+09 -1.146781437376239538e+09 -2.860234357065827942e+10 1.361046832750592422e+10 1.782053122403168488e+10 1.318451169991365623e+10 1.456894678151070976e+10 1.126083897501942825e+10 1.049833735689451027e+10 -9.768127394430290222e+09 -1.273481941758950043e+10 -5.343033861777081490e+09 4.450090740903818130e+09 6.740063513104565620e+09 9.774170673512466431e+09 1.121345516091226807e+11 1.805354458940682220e+10 -1.575171169132357836e+09 -5.091360997249278069e+09 1.780966045466836929e+09 6.658012094578293800e+09 1.838796419548913574e+10 2.337124256923279953e+10 5.901842936214679718e+09 -1.213689824839160442e+08 5.988270174384564400e+09 -1.505921606015137196e+09 3.783820541204740524e+09 -2.893605296309999084e+10 3.796073065167897797e+10 1.114086653673611259e+10 -7.341559626751351357e+09 8.392786246208276749e+09 1.717325053191197157e+09 6.121468633384793282e+09 7.329813621661900520e+09
-2.278770764818252937e+05 -1.317470346191506833e+05 -1.816329209805608480e+04 6.299401296302137780e+04 1.468359124947931559e+05 2.772264609069052676e+04 6.097841644019017986e+04 2.929489918958851922e+04 1.081626477218500659e+05 3.138844559058081359e+04 4.412080450398493122e+04 2.458028087536707608e+04 2.570579048173146657e+04 3.819116677001857170e+04 5.450606647465776769e+04 2.405310522480487998e+04 1.931013517302874243e+04 2.602429936665105924e+04 2.720306564059884477e+04 2.496138887967630581e+04 1.976026277731344089e+04 2.806525816218586624e+04 3.780698849435323791e+04 3.907488623924631975e+04 3.538823660609314538e+04 2.863018711740744766e+04 6.771012544497525960e+04 2.277537004160174984e+05 6.621991536531184101e+04 3.234376058008496693e+04 2.394460241196078641e+04 3.222097591828228542e+04 2.723257299470735961e+04 1.874054723169311910e+04 1.526121968399405159e+04 2.551608611483456116e+04 2.285538434400904589e+04 3.043063752493875290e+04 2.673341675720764033e+04 1.408546706153052583e+04 3.222087885659854510e+04 2.068747638039845697e+04 2.122300675655318264e+04 2.589363870277699607e+04 2.369568898785894635e+04 -2.713108963346413422e+10 -2.607830833322339172e+11 -1.549792112942376709e+11 1.734177600843182373e+11 -2.097402556773435974e+11 2.501754115304617310e+10 6.208496233518365479e+10 -5.954877676787571716e+10 6.444617460617108917e+10 5.713985224009243774e+10 -3.120552877835399780e+11 1.174757445432172546e+11 -4.889214876613780212e+10 -3.242536876820255756e+09 3.547282440507682037e+10 1.548885566859995461e+10 -1.886434438177155733e+09 1.885408410553892517e+10 1.262172542957542419e+10 -2.554051339424233093e+11 4.524041658935317993e+11 -1.497681417669236946e+10 1.546936805590610206e+08 1.002878939738807487e+10 -1.332757236885332584e+09 6.634535700652485847e+09 6.318379514258557320e+09 1.378661619083347321e+10 -1.337810402166824532e+10 1.450126277971306038e+10 8.204210505042315483e+09 6.813144631990869522e+09 -9.396336601163876343e+10 2.568190906120828247e+10 5.336097514527871704e+10 3.782892119417506409e+10 2.784590320750375271e+09 1.778904711587569809e+10 1.651473008058234978e+10 1.451380726864316559e+10 1.765304628049043274e+10 5.162736765658147812e+09 -5.036157040234665871e+08 -3.293562022974651337e+10 3.938762755023565674e+10 1.696802305541099739e+10 7.142782705120513439e+08 4.801930253428577423e+09 1.087489349080230522e+10 4.328888075083319702e+11 7.658087431452516174e+10 1.492331288943667221e+10 1.181736317537892723e+10 1.760752994850059509e+11 -2.967292416804764938e+10 -5.420621982856884956e+09 8.950191399485490799e+09 2.472723963975067616e+09 2.720205748963713646e+09 1.333747082673202515e+09 1.126801051185251808e+10 -4.270646985116673470e+09 3.540365198331824303e+09 1.363447709691747189e+09 -1.778174591169384003e+10 1.022159575667862892e+10 7.261751334162967682e+09 3.514247456016003132e+09 1.150155824755963707e+10 1.326296253978906250e+10 4.119663183451637745e+09 7.631479297366960144e+10 -9.442540089711763382e+09 -7.094190240740202332e+10 -2.383810444941642761e+09 1.236016673845351028e+10 1.873759275266943741e+10 -2.894591106553070831e+10 4.873043160720358849e+09 9.454785568020090103e+09 1.042815891484768486e+10 3.958128378698226810e+08 8.369320597060267448e+09 4.036626825918178558e+10 1.469075555444378281e+10 1.132939427218032646e+10 -1.253982961367835522e+09 -6.672412455048271418e+08 3.752502752304919243e+09 1.139786583134097099e+10 -1.132927575075535011e+10 -2.307915730543737113e+08 6.226905282607977867e+09 7.233129510338866711e+08 2.745322426110141754e+09 -3.159193128888931751e+09 4.337014874076897621e+09 -5.440149106565563202e+09
5.657391987698986195e+05 -3.608909682795407571e+04 1.307951692881832278e+05 1.026057948901849595e+05 4.872919163326013950e+04 3.926862780658229894e+04 1.245963359246574510e+04 3.465872895491583040e+04 1.068705525702062005e+05 9.684824179753969656e+04 3.917793798426380818e+04 2.677217471536953963e+04 4.681608322658773977e+04 1.505495111683557843e+04 1.345747266835365735e+04 3.737282455757758726e+04 1.550027799466134275e+04 2.006230671862090821e+04 1.194152389811069588e+04 4.697639386776261381e+04 3.569499020258907694e+04 5.119125550062457478e+04 3.612602665544501360e+04 4.227372385286756617e+04 2.687585345203534598e+04 3.590328699683008745e+04 3.100135588599011680e+04 6.621991536531184101e+04 2.155822897137073160e+05 5.509198239296437532e+04 2.298170086782168073e+04 2.727073827853200783e+04 1.277845852437429130e+04 2.718080615114467219e+04 2.207506566246018701e+04 1.801067492220711938e+04 1.209778883968674199e+04 2.216324196308473256e+04 2.659531016638494839e+04 2.287313688420139442e+04 3.019876196868322950e+04 2.764281589485898076e+04 1.829352512262793607e+04 1.969128885786042156e+04 1.967654711727755421e+04 2.948879078291644287e+11 2.053962308594694824e+11 6.567769565652819824e+10 2.380152753981511536e+11 -1.346242378170197021e+12 -9.722773223782510376e+10 4.717302208359073639e+10 -4.042357083635698700e+10 2.155290252484343719e+10 6.947017374257685661e+09 -1.339528858594591827e+11 1.140075027689180450e+11 -3.087949816911425400e+10 -1.004743046422226334e+10 -4.206711420934762573e+10 4.891408877546590424e+10 3.404799591388954926e+10 1.747377674298381805e+10 8.421330637567792892e+09 -1.069815944531775055e+11 5.129813756942201538e+11 -2.282672287580288696e+10 -3.143256005557349777e+10 6.977536356268775940e+10 2.184210854568491745e+10 1.842314828864898300e+10 1.416995218127647972e+10 9.338795286704841614e+10 -7.329209408391971588e+09 1.389875468311340714e+10 1.567139197252277756e+10 -2.453925941439545631e+09 -2.756684081401156006e+11 -2.416561924027666092e+10 2.328393374335564270e+11 3.420792420718759537e+10 -5.754536891427071095e+08 5.343883396324801445e+09 5.107724875456333923e+10 1.350586744692759514e+10 1.796144365089591980e+10 -3.228460184068907738e+09 6.593180107880137444e+09 -1.263222850900218487e+09 9.368451250472629547e+09 -4.107427495412384868e+08 3.975538398095560551e+09 6.440363727072367668e+09 1.152870621682828331e+10 1.448217917254852600e+11 7.860366257486993408e+10 -1.133808440936347580e+10 -1.488420934332024956e+10 -3.497629598980628967e+10 -1.951412342757089996e+10 -2.693048667607881069e+09 5.348741194191915512e+09 1.670053209393288612e+10 -1.358793139432282639e+10 -2.002787696299694443e+10 -5.960458690519239426e+09 6.427886628760457039e+09 3.743974680256033421e+09 -5.350344057289084435e+09 4.081639238373852539e+10 1.049708517533554554e+09 -1.425215509949573708e+10 7.991912887183763504e+09 1.048888346307103920e+10 1.066367814851414680e+10 1.906434533971497345e+10 -4.776304868194129181e+10 2.422696770975609207e+10 -7.298053513561470032e+10 1.424375802411134148e+10 1.338578291369717407e+10 2.985663294880143356e+10 7.736453399807830811e+10 -2.180758371475245667e+10 7.504049332230332375e+09 -5.656189434038543701e+09 1.663065348694650650e+09 9.881573506770652771e+09 2.815168370163391495e+10 6.036178134211372375e+09 4.860365101313001633e+09 2.533778456516939640e+09 7.050878730422554016e+08 4.089142037557671070e+08 7.187084230042264938e+09 8.375751735562216759e+09 9.709752253651992798e+09 7.920620057161705017e+09 2.008306854759577942e+10 2.022123689354142189e+09 7.372405765060032845e+09 6.179772799197918892e+09 -1.840968684425229073e+09
-1.224448198591050605e+05 -8.677775984228379093e+04 1.847474278555308410e+05 1.004259810311921901e+05 3.220002138145753634e+03 1.395489506426288281e+05 8.131530268297842122e+04 6.165496479981005541e+04 8.765548440837797534e+04 4.580202048618199478e+04 1.654941592355343164e+04 2.834073161212946798e+04 1.980923288965713073e+04 4.097995271780276380e+04 3.462198043825417699e+04 3.360036112843801675e+04 2.480046864849432313e+04 2.689991753974886888e+04 3.305923206346104416e+04 3.495369983750389656e+04 5.020576927224344399e+04 4.169393825866896077e+04 2.728544526320853765e+04 3.992219281129358569e+04 2.283072128311159759e+04 3.831633044821286603e+04 3.614822490572431707e+04 3.234376058008496693e+04 5.509198239296437532e+04 2.081732883335461665e+05 7.258217443679667485e+04 3.150386158396958126e+04 2.755541614698621561e+04 3.019710795718007284e+04 2.884792771840369824e+04 2.702859445238158150e+04 2.932532161876209284e+04 2.960731883469004606e+04 3.433595532958924741e+04 2.536090646635344092e+04 2.622282100105487189e+04 2.351003514240167351e+04 2.347215606363895495e+04 2.069001504593680147e+04 2.686603362239754279e+04 -4.186239141146795044e+11 1.421908815986399536e+11 -1.036536346523578644e+11 1.160494860784443054e+11 -5.192013518245736084e+11 4.017869718627521515e+10 7.566280243307649231e+10 2.538081955793238831e+10 4.563849193809019470e+10 -8.999601691501361847e+09 -2.552844621789282837e+11 1.067488550713118439e+11 -3.824102687647047424e+10 4.122587898772064209e+10 -2.005644086309838104e+10 1.507925199500747299e+10 3.410468635404928970e+10 3.123377645879788208e+10 2.625362846684526825e+10 -3.753516670716005859e+11 2.590236366847988586e+11 -7.777187841412869453e+09 2.153974369956745911e+10 3.371147998572784424e+10 7.037663138924635887e+09 1.308481339205897713e+10 -4.592450051778078079e+09 1.566208725862260437e+10 1.308371334029605865e+09 1.617134483997453690e+10 1.408362342195785046e+09 1.579348813143920517e+10 8.948747816295027161e+10 1.220567529901158333e+10 2.427877753014432678e+11 3.446401583744550323e+10 8.982222375426063538e+09 -5.679089206687665939e+09 7.499233731924664307e+10 9.787307727961223602e+09 1.508869019361461258e+10 -1.387610550544606209e+09 4.805318513033372879e+09 1.158387026621710014e+10 7.958761514471097946e+09 -7.834083772650978565e+08 -4.409127081287343979e+09 -3.737344736336908817e+09 1.325180316190997505e+10 7.543492848593638611e+10 -6.645084012486278534e+10 1.233067388916930962e+10 -1.764517291239268112e+10 -1.320915876177535400e+11 -2.455068116952420807e+10 1.420681047936201859e+10 6.688656858098767281e+09 6.717890612105675697e+09 3.012192107273396683e+10 -1.101717236432859039e+10 -6.957623769577862740e+09 7.803012968208312035e+09 5.639313525905809402e+09 -7.745130109815525055e+09 -1.467207241143694496e+10 6.119567959756408691e+09 -9.897188602566841125e+09 -7.170571632724698067e+09 1.015052106327187729e+10 1.167575311149883461e+10 8.629674906860688925e+08 5.941416326646475220e+10 2.098812175488890457e+10 -3.532762759771360016e+10 3.304930924216710281e+10 1.125410573354303551e+10 1.748166045203137589e+10 3.214964422608890152e+10 -2.361314507832326889e+10 -6.170805609447865486e+09 1.399604673934042215e+09 5.657158697031961441e+09 5.213836777161229134e+09 3.943793399968098640e+09 7.248093553027015686e+09 -4.298034894492885470e+08 3.805203568374795914e+08 1.213738324553398895e+10 -8.598233559065143764e+07 6.601503647623080254e+09 -6.315148170415353394e+10 1.184839752682229424e+10 4.906241424300248146e+09 1.155218537609198189e+10 1.144447769793764353e+09 5.199832984637657166e+09 1.022075408494421387e+10 -9.141960210869403839e+09
5.889319746915835276e+04 2.204871457660714441e+04 2.890971648058673600e+05 2.068141088611602318e+05 6.572548807221085008e+04 5.945295148814417917e+04 1.475947776330775196e+04 6.739242061585974625e+03 2.568341639429641873e+04 3.368158497563480341e+04 1.317863029559639108e+04 1.452492027973137192e+04 2.244569993636875006e+04 6.407189331356942421e+04 2.813724107498710873e+04 3.414108796959801839e+04 4.539022824312861485e+04 1.869997770917669914e+04 4.554757838885930687e+04 3.415465581734297302e+04 3.137870083489739773e+04 1.803722854929954337e+04 2.031103610041779757e+04 3.251746115238797574e+04 2.522674281602328119e+04 3.162157081760812798e+04 2.655022097751755791e+04 2.394460241196078641e+04 2.298170086782168073e+04 7.258217443679667485e+04 1.940206451287802192e+05 5.579832028072236426e+04 3.313582880090906838e+04 2.625746990502757762e+04 3.151108043756452389e+04 2.719311081877971083e+04 3.375633932878531778e+04 2.786311393775147371e+04 2.466411321366655102e+04 2.625949449402649407e+04 2.720320780867366193e+04 3.346118911612391094e+04 2.777909148273053142e+04 2.349069943388065076e+04 2.189941305549397293e+04 -2.555968158737102051e+11 4.647823753170816803e+10 7.108801513516172409e+09 1.840457220573724365e+11 1.004352723912819336e+12 2.691817019965201187e+10 6.640549599437464142e+10 -1.700323485287064743e+10 6.640995234770609283e+10 8.895214349641490936e+09 -4.887744738652780151e+11 1.447125286966697083e+11 -6.372314055230582237e+09 2.269337238956427765e+10 2.140308151125457764e+10 1.710777031024456406e+10 5.488404688035683441e+10 5.813067168321409225e+09 -3.497406153007735252e+09 9.339957580041062927e+10 2.486600954191910706e+11 5.377249073005112648e+09 -2.650315228682337761e+09 5.606648480339173126e+10 1.062046135286384010e+10 -7.758238982568419456e+09 1.815934875293696213e+10 -8.282245962097122192e+09 1.737953569939784527e+09 1.553048527249479485e+10 9.525296455368360519e+09 9.253722145534265518e+09 2.217777461050803833e+11 -4.009435983402541351e+10 5.567699715488358307e+10 5.806060691252357483e+09 5.650132089018131256e+09 -1.129920252322869062e+09 5.038362601035102844e+10 1.385612909759130478e+10 1.128041300114012718e+10 4.424317574153311729e+09 -3.799926364155119419e+09 4.281280259474167633e+10 5.601322529331880808e+08 -5.850052752445143700e+09 -1.057025663372133064e+10 -9.440285533572048187e+09 -8.989935032313659668e+09 7.558408508946499634e+10 -4.007294870482405090e+10 5.869700091517984390e+09 -2.267763074431221008e+10 -5.022914311197045135e+10 9.014426700785459518e+09 1.086887596214294052e+10 -2.977528275679277897e+09 8.814263394646790028e+08 1.002161937997226715e+11 9.762564317812509537e+08 4.092306239213168144e+09 -4.391323289752102852e+09 -1.891227591671331406e+09 -7.243522691596508980e+09 2.169826696445270157e+10 2.051402920968758011e+10 2.026722679093688011e+09 6.106233434261775970e+09 -6.475751386303967237e+08 1.822419484720636368e+10 6.701971344185120583e+09 -1.532779923245026588e+10 6.678692032119942665e+09 5.067994427844631958e+10 1.010751083387733078e+10 7.536325243863113403e+09 2.863505101946105003e+09 -1.338608962685594940e+10 5.224595825767682076e+09 -2.615211854125753880e+09 -8.726989765425230026e+09 -6.785056161963481903e+09 2.972916579175060749e+09 5.987309231937429810e+10 2.655428681438166428e+10 1.102934964909419632e+10 6.391301633393955231e+09 6.334287236017436028e+09 -7.582886897899166346e+08 1.649478927323110580e+10 -7.598797824937557220e+09 1.091158776320273781e+10 3.957730812911273479e+09 1.620547909070363235e+10 7.237957932059330940e+09 3.275981229503432751e+09 5.739458314181956291e+09 3.259078754709067822e+09
7.678935161285171052e+05 1.874844083689099643e+05 8.552503413973090937e+04 1.165667738318852935e+05 3.352640571467231348e+04 -1.023085689665722020e+04 8.596743352782347938e+04 7.169565684208083258e+04 9.243456699211829982e+04 5.624393096387644619e+04 4.071614713274381211e+04 2.269360533149566982e+04 3.292760397081083647e+04 5.345335588190044655e+04 4.059240199128351378e+04 2.983759340140921995e+04 3.425310672907164553e+04 3.564590938056470623e+04 3.264770050334250845e+04 3.733099037439654057e+04 3.041315882987602890e+04 3.622469191107078950e+04 3.105583723825778725e+04 1.995426224747642118e+04 3.208601958679791278e+04 3.756919894927668793e+04 3.542147870757462806e+04 3.222097591828228542e+04 2.727073827853200783e+04 3.150386158396958126e+04 5.579832028072236426e+04 1.780481147769522504e+05 4.764970000420069118e+04 3.148843216098434277e+04 2.866703174045151900e+04 2.400388922441900650e+04 2.161174795629822256e+04 2.451166155404861274e+04 2.525213442807767569e+04 1.940531729558141524e+04 2.366675213554698348e+04 2.493863929878878480e+04 2.468258495966919145e+04 1.816632818344797852e+04 2.235182997927114047e+04 -4.342038185999968529e+09 2.403197055332067871e+11 2.440513233897344208e+10 8.707277936281466675e+10 4.392667845804623413e+11 8.107675795853404236e+10 6.861028849156783295e+10 2.199931966993778706e+09 4.997244629529197216e+08 5.936047065107597351e+10 -1.499204812235594482e+11 1.219026846922593536e+11 -8.008882186320064545e+09 5.446712190073677063e+09 2.239899809112523270e+10 6.806579243122559357e+10 3.334973885058119202e+10 5.433238062085506439e+09 2.183919596395610332e+09 1.422769744595369568e+11 4.446442591092584610e+09 1.860266518112330246e+10 6.654521249486207962e+09 3.223808004306944275e+10 2.112680278718391418e+10 1.881213154024815750e+10 2.143817307708161545e+10 4.074003671001054382e+10 -3.726155473564986706e+09 1.704830516420387840e+10 1.352068743476948738e+10 2.181885312279510498e+10 6.385249712759206390e+10 -3.725840128005632782e+10 1.910326647812999878e+11 4.174578863721216583e+10 5.778026034834792137e+09 1.360963793000628662e+10 3.793291421538056183e+10 1.543442533777331924e+10 1.598368677185919762e+09 -3.032497156801356792e+09 -2.893321803829268932e+09 1.046814112842528534e+10 5.086534302885690689e+09 2.671857258746754646e+09 1.216593539328393173e+10 1.323591470105566502e+09 1.610270073963220787e+10 7.219140678965036011e+10 -1.208222419511857986e+10 2.791987896013587952e+09 7.090661497633880615e+09 6.640891437707469940e+10 2.585460926723822784e+10 7.293485407369236946e+09 2.914465476520854950e+09 1.064760064429551697e+10 -7.649824848884573936e+09 3.186770990164364338e+09 6.337539627761686325e+09 5.970958316780257225e+08 2.043322334694243431e+09 -4.442540878306519508e+09 2.689573539294505310e+10 3.739405108424434662e+10 -2.718029133465331793e+08 1.213040028350672150e+10 8.738042206183891296e+09 7.499404331537698746e+09 -2.443359721650834084e+09 -3.157538609538338089e+10 3.203948858141239643e+09 -2.303776269193447495e+10 5.902397248939802170e+09 1.127558810604999352e+10 3.652764362735937595e+09 -1.264980390403738556e+11 5.483869384388344765e+09 2.140559526212910414e+09 9.064409668521158397e+07 8.211817088339127541e+09 -6.280070931418424845e+08 1.954224325532047653e+10 7.565948669665014267e+09 9.489681784544317245e+09 8.171407394745831490e+09 6.340330253584836960e+09 1.131568878684238434e+09 1.329015193507964706e+10 -2.459362528370433426e+10 -2.675945974527765751e+09 1.368779728622002840e+09 1.642288871796378708e+10 6.455079543842411041e+09 -1.462091152829622746e+09 5.738440717200977325e+09 3.213443303960128307e+09
6.560202854827654664e+04 7.746864190472303017e+04 -6.750564255285578838e+03 1.202264402419274411e+05 8.862533150408043002e+04 8.633491031046518765e+04 8.207322766567225335e+04 1.196473071521474412e+04 5.217733887569300714e+04 3.497911132994565560e+04 4.255709454263471707e+04 3.491079607370617305e+04 2.850841213851883003e+04 2.498973405270258809e+04 1.911630021847897297e+04 3.054669715137500316e+04 3.584654877438137191e+04 1.785759570210133097e+04 2.426164297552343487e+04 1.727457911483597127e+04 2.628454496469736478e+04 2.828403197325041765e+04 2.430114274754980215e+04 3.103774438575508248e+04 1.990569257695286433e+04 3.785833654808250867e+04 3.713461360053352837e+04 2.723257299470735961e+04 1.277845852437429130e+04 2.755541614698621561e+04 3.313582880090906838e+04 4.764970000420069118e+04 1.588661536307411152e+05 5.475580745559339994e+04 3.967275622917169676e+04 3.083313971112591753e+04 2.624022918888921049e+04 2.199702254751058354e+04 2.766127914853177572e+04 1.756945558379271461e+04 2.269227632132773579e+04 2.436998603853977329e+04 2.120161558112341663e+04 2.270913010568124446e+04 2.273987061834233464e+04 -4.782650876189373016e+10 2.255776137088966675e+11 3.152685915034703064e+10 8.289815426844758606e+10 2.801719266372465820e+11 -4.829996955743349075e+09 6.423124498660107422e+10 -3.528820606141399384e+09 1.262630045952399731e+09 1.538510964858381081e+10 1.661260423501089783e+11 3.672329697272280121e+10 1.979312330493346786e+10 9.515913329376420975e+09 2.467232787879597664e+09 -1.618614525549593544e+10 1.535735044179159546e+10 2.429107371128773499e+10 -2.340367414579375839e+10 9.220953190329206848e+10 1.582635254348389893e+11 4.734023128447500610e+10 4.070898373457298279e+09 1.603019939972420502e+10 2.515726528301882172e+10 4.129482843301188469e+09 4.026454149073994446e+10 1.697315978680982208e+10 1.244981042826775742e+10 1.872597158403042984e+10 6.296215606237128258e+09 7.569671339963834763e+09 1.023815271887516937e+11 -6.859454335621178627e+09 1.490327178023778992e+11 1.941742387426528549e+10 2.058099183281520462e+10 9.966607509750909805e+09 3.374845058906047440e+10 1.966044271672481537e+10 1.052156039399500465e+10 5.312592427307144165e+09 6.088210417785326958e+09 1.622869119431089211e+10 1.274864011303097534e+10 7.457277742865234375e+09 4.893798082515476227e+09 6.705518920473289490e+09 1.956967275550407410e+10 -2.557524137387801743e+10 1.201775866237737122e+11 6.810331958463574409e+09 7.373150657152291298e+09 1.196417841898347931e+11 4.363731541574800110e+10 1.549949580600041199e+10 3.769751239899516582e+09 3.395882151952027798e+09 3.161022693315780258e+10 1.658236068876060104e+10 7.385634719779979706e+09 7.591015979986966133e+09 3.848841537021193981e+09 -5.962212103457271576e+09 -1.294273396450961494e+10 1.571585699159056664e+10 1.507285965772426605e+10 -5.717323222064852715e+09 5.952392377280629158e+09 5.664047181791438103e+09 -6.400440990291457176e+09 3.808087514535551453e+10 -6.688511407123221397e+09 -2.672549701043494034e+10 1.276127683770899200e+10 1.779452267540005112e+10 -7.049809098442900181e+07 -6.246832797084635925e+10 1.015157869146716881e+10 1.253245792002402306e+10 -5.827249767536230087e+08 5.875498038077186584e+09 8.300658274446340561e+09 2.287275893639598083e+10 -9.476693829163523912e+08 4.496639424006147385e+09 6.581033057540839195e+09 8.195650083702805519e+09 2.058451166323428869e+09 2.444861988958579063e+09 -9.886210480697067261e+09 1.367774368282685661e+10 9.727347652554248810e+09 9.576886081008457184e+09 8.833230457769046783e+09 -1.744902213232277155e+09 1.422441623682707071e+09 1.420148557019618511e+09
-1.243622220181940356e+05 1.574356827955792869e+04 1.243793118797131901e+05 7.427261056932828797e+04 1.289259744908895518e+05 9.477723173510875495e+04 -2.449900472022807298e+04 -1.152324686022105925e+04 3.604373753942334588e+04 3.483237983134013484e+04 2.229192769399624012e+04 3.204341488700932314e+04 2.942751036051835399e+04 4.210213562621606252e+04 1.123474436474266986e+04 2.521142800333290506e+04 3.954989214824431110e+04 2.614907649367128033e+04 3.181511536061000152e+04 3.268785142219623958e+04 3.320882185720631242e+04 3.151182882345077087e+04 1.839837024662552722e+04 3.863328022137236258e+04 2.729452507642078490e+04 2.923619471726806296e+04 2.534022821997315623e+04 1.874054723169311910e+04 2.718080615114467219e+04 3.019710795718007284e+04 2.625746990502757762e+04 3.148843216098434277e+04 5.475580745559339994e+04 1.553220363560286642e+05 4.895975784241002839e+04 2.869414990110617509e+04 3.231317439560238927e+04 2.476862836014346613e+04 3.238407971213950805e+04 2.620352022246427805e+04 2.600033406134247707e+04 2.686708306817755874e+04 2.527793326165019971e+04 2.141668808651742438e+04 2.603500515062206614e+04 5.607278689454063721e+11 8.915255417488737488e+10 5.158812300875850677e+10 1.907285406252685242e+11 -6.000958416607716064e+11 4.227812246518462372e+10 5.085664895679197693e+10 -2.827063439743804550e+10 -6.234058503151041985e+09 -2.182027038995759201e+10 -2.117753024308948898e+10 4.892904678273386383e+10 -6.840711813903168488e+10 -2.307734713366637039e+10 2.813796385467375183e+10 1.766094773233702421e+09 6.064476039250285149e+09 1.454846880950708199e+10 -4.589328011913179779e+10 6.606397298797481537e+10 -1.401373353051596985e+11 4.585793609463877678e+08 -5.753050288471308708e+09 3.372801313417905426e+10 3.689911072638682556e+10 2.045167204803656101e+09 2.896645264070881653e+10 2.921682726196089935e+10 1.582061077170350647e+10 1.526365020702648735e+10 -6.581170914700268745e+09 -1.823496209116725922e+10 1.701790698348292236e+11 -1.457773383568784142e+10 2.537667801746039124e+11 1.419697664640409851e+10 2.005996130138039017e+10 9.649232666964699030e+08 -4.188303419012293220e+08 2.288760637235963440e+10 -4.203022513676123142e+09 -1.086815288805502510e+10 -4.922837070973865509e+09 4.884945539419828033e+10 2.644083718743219757e+10 1.359505435740392685e+10 1.470702137405455828e+09 -1.031609479674512863e+09 8.895624739477666855e+09 -1.323966447300726013e+11 4.949617650663790131e+10 2.053932887129189301e+10 3.379981885384426594e+09 5.940752523682360077e+10 2.345923986234093475e+10 -5.298058747851044536e+08 6.396649239293290138e+09 1.635029787678977394e+10 -6.949688037330162525e+08 1.193538354883073997e+10 9.878110973351953506e+09 -5.647135986063016653e+08 2.304069554335699558e+09 -3.330858311628032207e+09 -1.267257911811168289e+10 2.087231372704988861e+10 -5.732530894765243530e+09 -1.293737564954546547e+10 1.199294944676854134e+09 1.328859422224158287e+09 5.953020721785174370e+09 3.058734167347735596e+10 -1.009979676334796715e+10 4.206619442926778412e+10 -3.322651171122675419e+09 9.685885876388545990e+09 3.475723117620118141e+09 1.121101478282987213e+11 3.100728938790699768e+10 1.214065534378933907e+10 -1.027883019791830182e+09 2.056040296771475077e+09 4.663666898754980087e+09 -6.596545850995514870e+09 6.352556244678410530e+09 3.768970615417562008e+09 -4.913211413647998810e+09 5.089464132281203270e+09 2.147363899006837010e+08 5.469103909260356903e+09 -8.497457857669663429e+09 8.614397233629449844e+09 1.255281453413326263e+10 6.603206201531885147e+09 3.724978891196841240e+09 3.759094506314735413e+09 -2.349793542491058826e+09 1.571847305352957249e+09
3.295350479664436425e+05 -3.852137749662113947e+03 -8.953963829592877300e+04 1.366662061102207517e+05 1.163464671251522377e+05 6.927297131609356438e+04 3.159114821895384739e+04 2.788558722314453189e+04 4.388837268867414241e+04 3.367502173476699681e+04 1.066799318589439281e+04 2.922399101085533039e+04 2.994664911810161720e+04 5.171829427916587883e+04 1.991119872612797917e+04 1.152206770131948178e+04 3.981817580234030174e+04 1.668596555202406671e+04 2.334548494345213476e+04 1.774738583168387413e+04 2.612078696791029142e+04 2.626753152527124985e+04 1.784039418612167356e+04 4.068128558372447878e+04 2.408521362565359959e+04 2.328487624545639119e+04 2.140079565153801741e+04 1.526121968399405159e+04 2.207506566246018701e+04 2.884792771840369824e+04 3.151108043756452389e+04 2.866703174045151900e+04 3.967275622917169676e+04 4.895975784241002839e+04 1.470261597782593744e+05 4.494313569502755126e+04 2.919287415614661586e+04 2.454667404038915629e+04 2.995821905794283884e+04 3.045795226395401551e+04 2.946238361092624837e+04 2.694883733911597665e+04 1.978062448546189626e+04 2.125177415607575676e+04 2.135675901280699691e+04 -1.063964127222732697e+11 1.371691006029889069e+11 -9.943874448154302979e+10 8.761512098472474670e+10 -2.363798320039083862e+11 1.462819852058594894e+10 5.830686043986824036e+10 -8.465212491085894775e+10 3.151154916477058411e+10 8.989579363142639160e+10 3.146831365941685791e+11 8.646693836989375305e+10 -2.376185245269400787e+10 1.905196163279359341e+09 2.516072527652117538e+10 2.359587074538808060e+10 1.779345005477860641e+10 2.640821897052373886e+10 3.916542155528420258e+10 4.103930071741950684e+11 1.435316831025349121e+11 2.600944951794686508e+10 -1.133929942354139709e+10 6.383911859164852905e+10 1.982727703793785095e+10 -1.716996464197019577e+10 3.052167602725996017e+10 -4.016886321067977905e+09 1.792825501635916138e+10 4.593044778738976479e+09 2.895451850763212681e+09 -7.180756846521788597e+09 3.138055933261022339e+11 7.521857252352374077e+09 -5.977112373613812256e+10 3.807496548396976471e+10 9.900759900113109589e+09 -3.633013630136064529e+09 1.584484103298105717e+09 1.025460801749251747e+10 6.499081472170720100e+08 -1.919812214654119968e+09 4.404635801969628334e+09 -1.777362387166641998e+10 1.664043631136516571e+10 3.559689982396219730e+09 -1.298952634532427406e+10 -1.464710560205390453e+09 9.610231526594973803e+08 3.039816489449680328e+09 6.033771199530445099e+10 1.402156646972592354e+10 1.220909817403787422e+10 -1.259858180479787445e+11 5.992524478256459236e+08 -6.245715806857403517e+08 1.250639164195316315e+09 8.430872626194615364e+09 2.171307608056040573e+10 7.513990624656605721e+09 4.724749895797444344e+09 -1.512587983512804747e+09 2.758092151399052620e+09 4.336569047003328323e+09 -1.268672790569033241e+10 2.882862912460213470e+10 1.408220673116503906e+10 8.828835142358613968e+09 5.862765172235839844e+09 1.458832766568339825e+09 -1.166563879337897491e+10 4.950254342559869385e+10 -2.334246540438667679e+10 -5.879820796728713036e+09 3.478287978944641113e+09 6.980982596650128365e+09 -8.757644139921300888e+09 1.485089724278247681e+11 1.579439869467774963e+10 -8.128774265490708351e+08 -2.070962034597793341e+09 -3.888993449141576886e+08 -2.602991140148459435e+09 2.436367061592134953e+09 -2.341148689445032120e+09 8.674999717577199936e+09 3.051928492491200447e+09 -3.365726933833752632e+09 -1.091761192460248709e+09 5.353122610656579137e+08 -2.953412133975732803e+10 1.147529251945732307e+10 1.823969456270697403e+10 9.027503846859840393e+09 -3.477340435007971525e+08 6.032789689624306679e+09 3.192717701356072903e+09 -1.351109178922661245e+08
3.194470191946565174e+05 7.474113206530039315e+04 -7.333586228068546916e+04 9.377489311831390660e+04 9.556879062040458666e+04 9.145872438027111639e+04 3.207843515537510029e+04 7.633660583121181844e+03 3.224532292029846940e+04 2.443089631291936894e+04 2.316201223944062804e+04 4.227138214105023508e+04 1.347922180827825287e+04 4.913931166828548157e+04 1.152788938832924032e+04 3.445052325114420819e+04 3.670953779160337581e+04 1.792417410451784963e+04 1.742430998270267082e+04 1.337562490178826010e+04 1.376609723929496067e+04 2.762670583956246992e+04 2.069532123251962548e+04 2.816733309215049303e+04 2.604351214073472875e+04 2.145644603401302084e+04 3.250226910973815393e+04 2.551608611483456116e+04 1.801067492220711938e+04 2.702859445238158150e+04 2.719311081877971083e+04 2.400388922441900650e+04 3.083313971112591753e+04 2.869414990110617509e+04 4.494313569502755126e+04 1.372214110215009714e+05 4.501225922870916838e+04 2.339572627356922021e+04 2.479796820248349104e+04 2.154663851986874215e+04 2.172681372376502986e+04 2.215177551449691236e+04 2.273494571111712867e+04 1.665564359529989088e+04 2.535388107599396972e+04 5.584189161993298340e+11 -2.547887749999700928e+11 -8.324704693069802856e+10 8.645929049522823334e+09 3.232481195251012573e+11 -1.020417140381093750e+11 1.452543730753515625e+11 5.961608719433003426e+09 4.994404702114894867e+10 4.956893374542653656e+10 -1.638173949093337708e+11 1.090779036672425842e+11 2.534008903392091370e+10 1.446841951516222715e+09 1.718101764287252045e+10 3.083562770645549393e+10 -9.885204960921678543e+09 2.154217397370714664e+09 -5.263543411370286560e+10 4.167316007739032593e+11 1.851838148131217957e+11 1.825808858091645432e+10 -1.950923459928123856e+10 -2.197717529180460358e+10 1.558995598031993675e+10 -8.516857919541182518e+09 -1.593700920545906305e+09 -9.071832919713872910e+09 3.738327052002423286e+09 5.961693476469756365e+08 -9.719644063191785812e+09 1.409512556191033173e+10 -7.207291381441934204e+10 4.932371955400582314e+09 5.808608915255525970e+10 1.139864721630158615e+10 4.070846463832960129e+09 -3.952921582914296389e+08 6.268095299577817917e+09 1.567677965656441116e+10 1.089973952749143791e+10 3.996672709256990910e+09 1.209536062905937195e+09 2.647666140024893188e+10 1.260279852924258232e+10 1.463288355064349365e+10 3.677436870557665825e+09 8.909781342664905787e+08 -1.631557976005414009e+09 1.630943786426300049e+11 1.309184320318386993e+11 3.731168459700417519e+09 -1.306501857526723862e+09 -4.895929769235831451e+10 8.373793320970186234e+09 1.357644794190408325e+10 8.574068955104355812e+09 1.236674371401937485e+10 2.654550665430719376e+10 3.657472961171961784e+09 7.040910504880410194e+09 -1.908876516383668780e+07 9.206341324039751053e+09 7.186650109386857033e+09 4.982916397941883087e+09 2.236263968211353683e+10 3.545029278149275303e+09 -5.719937009198524475e+09 1.971970326710530996e+09 5.765825248985596657e+09 4.417463547459274292e+09 -3.903783714650955963e+10 -2.438612538358447647e+10 5.379235008982949066e+10 5.032469811483777046e+09 4.438656907064650953e+07 -1.197508066750169516e+09 -1.811719365795056152e+10 1.221452138753675520e+08 2.961970001119227886e+09 3.195827380368525505e+09 5.538814611946011543e+09 -6.203560079790428162e+09 -2.443129414112159348e+10 -8.883135149415200949e+08 5.074026354638268471e+09 -3.483991598751556396e+09 1.635441862333893538e+09 7.182785932796322107e+08 3.950651459703796864e+09 7.284503879080246925e+09 6.982553109237146378e+09 7.586677995513365746e+09 8.255413666490756035e+09 3.091091901506243706e+09 4.045621457548625469e+09 3.057267622060727119e+09 1.736522112906092405e+09
1.555796653018830111e+05 3.128350526448337769e+04 7.968303594286719454e+04 1.342430850407830440e+05 8.983339163399062818e+04 6.549733404470010282e+04 2.519822212921172468e+04 6.716772078106623667e+04 7.548278847625717754e+04 5.642161138154999935e+04 1.086223326289619399e+04 6.217985989577494911e+04 4.104344222364710731e+04 3.050330817400214437e+04 3.507278075767319388e+04 2.931987963747439426e+04 3.691831224160966667e+04 1.086443786195166831e+04 1.663224185576579839e+04 1.237152320600105304e+04 2.812261184496996430e+04 2.901606162175834470e+04 1.759849178736988688e+04 1.905537962699919444e+04 1.791940130628199404e+04 2.179856704361735319e+04 2.587686752466260077e+04 2.285538434400904589e+04 1.209778883968674199e+04 2.932532161876209284e+04 3.375633932878531778e+04 2.161174795629822256e+04 2.624022918888921049e+04 3.231317439560238927e+04 2.919287415614661586e+04 4.501225922870916838e+04 1.418858204723793315e+05 5.411783301513096376e+04 3.315794879064428096e+04 2.635043285371616003e+04 2.131617771982663544e+04 2.247012015913033611e+04 2.304256550761247854e+04 1.725234043051376648e+04 2.483841909652499453e+04 6.402111702520366211e+11 -1.062002792594452362e+11 4.099609402585700226e+10 1.956058055576699448e+10 -4.069020309399610596e+11 1.562328827851149559e+10 7.451782331641957092e+10 2.046754381865589523e+10 5.157453755067219543e+10 6.506121439262146950e+09 -3.774641288907521362e+11 6.999939175566036987e+10 6.449537763819694519e+09 3.740052383926891804e+09 3.978580245876281738e+10 9.296065328890574646e+10 8.834018183995946884e+09 7.003983793179695129e+09 -1.285283159119786453e+10 1.884972602258385315e+11 6.869107795865657806e+10 -1.188297566462376785e+10 -1.088597928057140923e+10 1.923535105910636139e+10 8.573259864756165504e+09 -1.917600277775404692e+09 2.941476898917647934e+10 4.579002104442655182e+10 5.562681262230059624e+09 -5.101744047140544057e+08 8.431667847959865570e+09 -1.204196601412774086e+10 -7.207429294632679749e+10 -1.569103130288790131e+10 4.282675387570753479e+10 -3.183451820289196491e+09 7.006964050443404198e+09 1.428391538430348778e+10 2.193074859258261490e+10 1.248238201462956047e+10 9.275646438841039658e+09 1.273954674980760002e+10 6.024124197153669357e+09 6.535692916352925110e+10 3.089048093052569580e+10 3.678289118627051830e+09 -2.272836503970864296e+09 -1.922662070097539663e+09 -7.045878025551161766e+09 -2.175194675199544144e+10 8.029387592757250977e+10 -2.708917449784974575e+09 5.300737274988648415e+09 1.726411177113481445e+11 -1.003593358162868690e+10 -1.050290093417839813e+10 3.465606905841232300e+09 2.007695789990634918e+09 4.337831661507766724e+10 8.699684660694353104e+09 7.062060845531453133e+09 7.307267180582106590e+09 1.264141002723498344e+09 9.733513795539766312e+09 5.358958915085946655e+10 5.895886575285863876e+09 -9.375197420466733932e+09 8.469896768229961395e+09 7.448084799489916801e+09 1.091002720174505234e+10 -7.816284042001776695e+08 -9.567875718324902344e+10 -3.548756965829965591e+09 8.733928840710216522e+09 1.360273179699878311e+10 1.085143921568868065e+10 5.454557076348367691e+09 -2.866010400122810364e+10 1.191658257047257996e+10 1.316410136254043770e+10 1.330903496517036438e+09 4.582970736479314804e+09 3.772516796320962906e+09 -2.028194137034910917e+09 -1.376032165439156532e+09 5.400329937821954727e+09 8.420166425481879234e+09 7.958408875491970062e+09 6.875428005948990822e+09 6.847680676328175545e+09 3.252469634516757965e+10 1.648513481950075150e+09 -4.180931405812497139e+09 9.581404242844484329e+09 3.385165729221528053e+09 2.880527029180378437e+09 8.515043380708093643e+09 1.255329681951124001e+10
5.650643829012027709e+04 8.476406572722157580e+04 2.966296130822664418e+04 3.049751335263989677e+04 2.185406770267694810e+04 1.581191759308790824e+04 -4.430449128898166236e+03 3.513429861425929994e+04 6.128157172941759927e+04 3.974587282420114207e+04 8.506355354758325120e+03 4.004350713315772737e+04 2.519691195444242112e+04 1.566163758294622494e+04 3.046349745011099003e+04 4.041972511816014594e+04 3.921044108301594679e+04 2.056508526524625267e+04 2.275776979998877141e+04 2.136052560217021892e+04 3.147693581840996194e+04 3.171801773952033909e+04 2.541346118950102027e+04 2.639334750244623137e+04 3.109255813078965730e+04 2.578156741073324520e+04 2.492290365974262386e+04 3.043063752493875290e+04 2.216324196308473256e+04 2.960731883469004606e+04 2.786311393775147371e+04 2.451166155404861274e+04 2.199702254751058354e+04 2.476862836014346613e+04 2.454667404038915629e+04 2.339572627356922021e+04 5.411783301513096376e+04 1.312275182771613472e+05 4.442916055641791900e+04 3.064310751626350611e+04 3.159169262429890659e+04 2.611410316793087986e+04 2.171457958476354179e+04 2.406267254112059527e+04 2.169846707602512106e+04 2.111166119514335938e+11 2.820024989197771606e+11 6.711431896601632690e+10 1.656828170757066345e+10 -1.221083904236172485e+11 4.009664576953375244e+10 -4.106714612960436249e+10 2.886929466415904617e+10 4.913767730333684921e+09 6.024363167419648743e+10 -4.512432546162525024e+11 7.962980855610331726e+10 -1.704849380911565781e+09 -4.337617438825892448e+09 2.305978361140451050e+10 4.677431303916426086e+10 3.806708620432868481e+09 6.890687697988115549e+08 -3.741536242100758076e+09 -2.007995340484085388e+11 2.512361688307246094e+11 8.226864948640711308e+08 -2.523024822547390366e+10 2.506799508119795990e+10 1.600452157318711662e+10 -1.281549409529123306e+10 1.134165859386314392e+10 2.791537888261112595e+10 -9.780696636697553635e+09 5.424440004392652512e+09 2.921395754756597996e+09 -3.402245373875117111e+10 -7.267990522901197815e+10 -3.062024787410654068e+10 2.224788523699727173e+11 8.391234623343422890e+09 2.483564520495686054e+09 1.787281192407546997e+10 1.993416049507381439e+10 2.408503155409368515e+09 8.684492934695293427e+09 8.721205064792694092e+09 -2.518278751375044823e+09 3.842201782861672211e+10 1.315705262117245102e+10 1.195836986330477905e+10 -1.169825303093474770e+10 8.660093666884838104e+09 -5.661288738124053955e+09 -9.575701826196680069e+09 -2.869972147458227921e+10 1.066225497422853470e+10 8.982782952484327316e+09 1.766494037476263733e+11 -1.469142433223680496e+10 -1.141599024154375267e+10 -4.698116697557269096e+09 7.791923997045259476e+09 2.184496929434767532e+10 -2.271109616624214935e+10 -3.641980770419736207e+07 -3.030271680301914215e+09 -2.770713752195808887e+08 -9.380253488898246288e+08 3.046515131825550461e+10 -2.819240516911623955e+09 -9.217951101613582611e+09 3.117008161786560059e+09 -7.947548403010573387e+08 3.592065784023623466e+09 -2.920430777061332703e+09 -4.173624459512967682e+10 -1.020815629143139839e+10 7.290371156825607300e+10 1.818117043311425018e+10 6.525364828137893677e+09 9.062268157040487528e+08 1.201071280277825546e+10 4.610990626777200699e+09 2.935592154761841774e+09 -3.690953866777529716e+08 3.154519934117562771e+09 5.098002938100499153e+09 9.499403461400939941e+09 -6.831398383344628334e+09 1.014877917763432121e+10 6.993237315043270111e+09 3.740162225989914894e+09 2.664276389993765831e+09 6.522628175361835480e+09 2.174583758637075043e+10 -6.020855575035389900e+09 5.834922774572872162e+09 3.692403431102890015e+09 -2.693546695846339464e+08 1.182790307625916004e+09 9.206310717863428116e+09 8.599818334226775169e+08
-4.470736027669344185e+04 -5.491935534557102073e+03 1.633806428117301548e+05 4.052399310317486379e+04 7.322240252337843413e+04 3.970016466982942075e+04 -8.903364385424194552e+03 6.993391149978117028e+03 6.123344753028264677e+04 6.071792666530053975e+04 2.261735411932561692e+04 4.413194442861624702e+04 3.233668968710012268e+04 3.249842495786558356e+04 3.477295598204282578e+04 1.610763145481907850e+04 4.082452127549576107e+04 2.137575892213288171e+04 3.677303621920658043e+04 3.203275066829859134e+04 3.311762786889061681e+04 3.330838950487872353e+04 3.393880812228734430e+04 2.631067738105506942e+04 2.186773881823809643e+04 2.246033227606146102e+04 2.265493705627684903e+04 2.673341675720764033e+04 2.659531016638494839e+04 3.433595532958924741e+04 2.466411321366655102e+04 2.525213442807767569e+04 2.766127914853177572e+04 3.238407971213950805e+04 2.995821905794283884e+04 2.479796820248349104e+04 3.315794879064428096e+04 4.442916055641791900e+04 1.252890365083696379e+05 4.602687938106410002e+04 2.573125334396805556e+04 2.508786904246654012e+04 2.680619767486268393e+04 2.432699354084491642e+04 1.891920167653676253e+04 -3.923892199951379395e+11 4.859468013802226257e+10 -2.826182916578808594e+10 7.951467583658764648e+10 -2.216688880154228821e+11 6.609396653311465454e+10 3.732361244383006287e+10 3.318162391677416611e+10 -3.358809045433185577e+10 2.764057267069319916e+10 -7.071248724945603027e+11 6.844318840433824921e+10 -7.280780653627887726e+09 2.397526855148336887e+08 8.378671686003172874e+09 -2.208150863109228897e+10 2.205026843362094116e+10 3.708252487121017456e+10 2.095404005406554937e+09 -2.060498831007242737e+11 5.750550501268280792e+10 6.760818202314314842e+09 -1.137198703222171783e+10 4.110049852074672699e+10 8.012316131928894997e+09 -6.317231839176425934e+09 3.357425470189797974e+10 -6.037410626297136307e+09 2.058648544997650146e+10 2.852587490594279480e+10 4.942630334494125366e+09 -2.796666739863413239e+10 2.771826407269569016e+10 -4.854372025209887695e+10 2.324876824213022461e+11 1.330788086881494331e+10 -1.905591851079570651e+08 1.221456911186351013e+10 4.837367522112205505e+09 1.182074384801110077e+10 6.568943792114821434e+09 8.949432591721502304e+09 -1.151895530952512026e+09 -1.783147734773768234e+10 3.642615474066776633e+08 -9.887786401593561172e+08 9.455977224253139496e+08 1.037248060696884727e+10 -6.797723117698793411e+09 5.638663172040090179e+10 4.166333662693345547e+09 1.712931256735826731e+09 2.090953534220305443e+09 1.572010700965183716e+11 1.654848936504611588e+10 -1.672880842143696308e+09 6.043440377027151585e+08 1.151496926364620781e+10 3.178416496174983597e+10 -8.172232742306845665e+09 -1.966935817678643942e+09 1.172046330896514893e+09 5.825506885544345856e+09 3.883945076083743095e+09 -1.898612619348591614e+10 1.095608810681745911e+10 3.595986831805375576e+09 2.615190569550159276e+08 -1.433070006949718297e+08 7.470540704269186974e+09 4.701307258165141106e+09 2.029910094359478378e+10 4.013200952362515450e+09 7.795505762877455711e+09 1.265689801087528801e+10 8.100781575748528481e+09 1.215307448521716309e+10 5.650536984539196777e+10 -7.440571535821214676e+09 1.971310610483878374e+09 1.560977833698285341e+09 4.237999647797035217e+09 6.286602597441881180e+09 1.019759814300962448e+10 5.122206268276478767e+09 1.609371731033350945e+10 1.086478246297392464e+10 1.081218934843000031e+10 4.743744782793841362e+08 2.501654250328818321e+09 -7.916359325269164085e+09 1.095142476396322060e+10 8.873376218644382477e+09 5.661125414626921654e+09 3.172416857433372974e+09 1.082339087936804771e+09 -1.338876011580515862e+09 1.176101061466121101e+10
1.011097981215517052e+03 -1.012813771092714596e+05 9.889508415939866973e+04 8.179179030060667719e+04 3.434795318911015056e+04 4.721191558458788677e+03 1.061025699845963936e+04 4.212046637499312965e+03 2.499903725885646782e+04 3.472613408706556947e+04 1.047588266050353013e+04 2.194053905248624233e+03 2.612350665724654755e+04 1.070415520665441181e+04 1.478123782206645410e+04 1.201571319292924636e+04 3.502218844087402249e+04 3.054116355816052601e+04 2.846733889217006799e+04 2.686524789415483610e+04 3.104896462993144087e+04 3.845064848998442903e+04 1.521666050910285958e+04 2.564271323095036132e+04 2.223107197379600620e+04 1.608797824748943640e+04 1.978426154422671971e+04 1.408546706153052583e+04 2.287313688420139442e+04 2.536090646635344092e+04 2.625949449402649407e+04 1.940531729558141524e+04 1.756945558379271461e+04 2.620352022246427805e+04 3.045795226395401551e+04 2.154663851986874215e+04 2.635043285371616003e+04 3.064310751626350611e+04 4.602687938106410002e+04 1.122072911451353430e+05 3.928585610534514126e+04 2.634949017743695731e+04 2.479696709927487973e+04 2.181424062350375243e+04 1.810984057574848339e+04 -3.021682179994553223e+11 -2.037195038933384705e+11 8.988378387978483582e+10 1.450015870001708069e+11 9.264646331552760315e+10 2.186956029144932556e+10 -7.529626636322247505e+09 9.275024620424452209e+10 1.228264161460691452e+10 -1.888166694236344910e+10 -1.335001283583946686e+11 6.686843669491484833e+10 -2.154642728739419174e+10 5.930316129342648506e+09 1.828814764601416016e+10 1.284309169870762062e+10 1.114986471547513771e+10 1.345130795920346069e+10 -7.787458487627049446e+09 3.485572728618572998e+11 -2.003500076117828369e+10 -1.384520235749699593e+10 -2.654137707883783817e+09 5.765105434160605431e+09 9.188131424040534973e+09 -1.241890426825742531e+10 2.280725785027957153e+10 3.730099498201616669e+10 2.336365203869221878e+10 6.180346374868951797e+09 1.705110387173097610e+09 1.120930140822047997e+10 4.845033284312850189e+10 -2.518884242085702896e+10 1.313312814263622999e+09 2.101345598216366959e+10 7.146090803596786499e+09 -1.325596983966369152e+09 -6.517231697656985283e+09 1.386019581010904121e+10 5.796880833806120157e+08 1.174872941329000092e+10 1.141881193652571917e+09 1.172945736033245468e+10 5.364269017496457100e+09 1.042090141465766907e+10 -4.918599314043197632e+09 4.980471902962366343e+08 -6.218275364307735443e+09 4.391488629890274811e+10 1.015105515868428345e+11 6.003176615325972557e+09 -7.801327890165799856e+07 7.049100093453994751e+10 6.335556006879265785e+09 -1.358494146764383554e+09 1.806670767772411108e+09 4.973993673755214691e+09 1.514350781276845169e+10 1.976471549954039097e+09 -6.387702779465834618e+09 3.936527719732897758e+09 9.081264562634285688e+08 -1.702624248066822767e+09 1.500391388532622147e+10 5.049357028034974098e+09 -1.994551402274772644e+09 -3.486386381347440720e+09 -2.184135147577768326e+09 4.161868895152417183e+09 1.054736538138233757e+10 3.287493549221174240e+10 -1.470803552179510689e+10 6.295942318678723907e+10 -1.231489942340375185e+09 -5.733798585736283064e+08 -5.928457529029405117e+08 -9.550351855932678223e+09 -4.200752631174129486e+09 -9.379823458091966629e+09 -5.936698256681627274e+09 -4.795092658628484607e+08 -2.669555306037736893e+09 -1.382433434726299047e+09 3.625040353149228096e+09 6.575610238353724480e+09 6.055636715486488342e+09 4.406750018064759254e+09 -1.844710588402678072e+08 3.782969317971378803e+09 5.273835774817658424e+09 1.436014780450348473e+10 1.573156946899171591e+09 2.562740336922868729e+09 1.290342111724159241e+09 5.262767406857712746e+09 -2.598319247591927528e+09 1.213798042339350128e+10
-2.302402479116276954e+05 -1.912065279768825858e+05 1.999434573835162882e+04 4.827587296025331307e+04 3.639132643795004697e+04 4.768300304205333669e+04 1.435603718917771039e+04 8.820583034239331027e+03 7.492733297077893803e+04 3.699547525450742251e+04 2.910525705011920945e+04 2.530559988210120719e+04 4.989046020878844865e+04 3.565227636717137648e+04 2.412304044223106030e+04 2.666313971636431961e+04 2.545569962055359429e+04 2.560171838649605706e+04 1.972776769903441891e+04 1.977053502187446793e+04 2.110501161407623295e+04 2.888478058125332245e+04 2.962270521760090560e+04 2.743045099668009061e+04 2.577466323422354253e+04 2.861768463951670856e+04 2.558752957674630670e+04 3.222087885659854510e+04 3.019876196868322950e+04 2.622282100105487189e+04 2.720320780867366193e+04 2.366675213554698348e+04 2.269227632132773579e+04 2.600033406134247707e+04 2.946238361092624837e+04 2.172681372376502986e+04 2.131617771982663544e+04 3.159169262429890659e+04 2.573125334396805556e+04 3.928585610534514126e+04 1.120117300981957960e+05 3.940728800361323374e+04 2.458471476116174017e+04 2.148556732515829935e+04 2.724405062814926714e+04 2.351014262966360779e+11 -4.970442300296932983e+10 -5.094505393330283165e+09 1.979434777635614624e+11 -3.863717261787283936e+11 -4.840327578974185944e+10 1.718562760007846451e+10 3.400032423400313377e+09 6.296375212944517136e+08 1.174941793249902916e+10 -1.505566827963023071e+11 5.203210274502019501e+10 -4.868435646166295624e+10 -1.183281145215264702e+10 4.248233318079770088e+09 -4.612119976271488190e+10 2.202283413695737839e+10 8.101263415997188568e+09 -8.236326636436168671e+09 -9.019263381159294128e+10 1.023929276618705902e+11 6.062135855051432848e+08 2.352986760261707008e+08 7.161110467118651390e+09 1.045003875030190110e+09 -7.527740510736747742e+09 -7.849968849023846626e+09 1.030121284419685364e+10 3.648809840332695007e+09 2.652568757869637012e+07 8.275558570723561287e+09 3.115151879870382309e+09 -5.117816220845993042e+10 -4.611806020528096199e+09 7.107158064025492859e+10 2.476974816517597580e+10 1.408894911915949440e+10 -1.313820256408196449e+10 1.105688494322022057e+10 1.223805841229865646e+10 4.267348896999325275e+09 -2.542173379687614739e+08 5.042160631565923691e+09 -9.632819146980607986e+09 7.990027012621365547e+09 6.171055303590688705e+09 -5.885119828367007256e+09 2.796283866958568096e+09 1.358937448583796120e+10 1.159584880029687195e+11 -1.914425309523075104e+10 1.970001940571468735e+10 6.129572781541907310e+09 1.155682916027288513e+11 9.602794703310298920e+09 7.335999807738700867e+09 4.628739837863309860e+09 1.137959866083585358e+10 1.572299326048949623e+10 2.172227485016803265e+09 7.394119501734570503e+09 2.102945426747330189e+09 4.920325247578961372e+09 2.114096593288617611e+09 -7.814334262091892242e+09 1.692566312989591026e+10 5.025433045273400307e+09 6.364458038298454881e+07 1.063299943647447586e+10 6.045427639229434013e+09 1.723133533936058426e+10 2.136379612124677658e+10 2.586992675539782047e+09 3.497253384537167358e+10 7.880742499120452881e+09 7.315028439616410255e+09 5.895869913182972908e+09 3.600653653836620331e+10 7.492867324419237137e+09 -3.814707287111111283e+08 -1.138615166535069466e+09 3.916662150249186516e+09 4.376166014904878616e+09 -8.275853014115595818e+09 1.479230008222807121e+10 1.947193394026493835e+10 3.252716240712875724e+08 5.127592954481576920e+09 3.575562179060604572e+09 6.944310076234588623e+09 -3.615860961981406403e+10 -8.361279199033300877e+08 1.540974894905055809e+10 2.860036122415174484e+09 2.351562005012485027e+09 8.281898598193508148e+09 1.658692128041354418e+09 -4.989546543361910820e+09
2.697940749438345083e+05 2.941722625311918091e+04 1.086498961199216719e+05 9.683128045303678664e+04 5.909509119815320446e+04 4.763306521527311270e+04 5.165672261215313483e+04 2.264992778254280711e+04 4.432965899213006924e+04 3.359442049263863737e+04 3.057395377953587013e+04 4.208311767685067025e+04 1.127529931127245618e+04 2.269334607114730898e+04 2.536189367844064691e+04 3.877442110600590968e+04 2.433679703517946473e+04 1.139694095194291185e+04 4.587369044968552771e+03 1.006880874936972941e+04 2.090150461339758112e+04 3.220933661615399251e+04 2.472101250537547821e+04 3.068776451944107248e+04 2.639885602402035875e+04 2.629859153971745036e+04 2.677368539430349483e+04 2.068747638039845697e+04 2.764281589485898076e+04 2.351003514240167351e+04 3.346118911612391094e+04 2.493863929878878480e+04 2.436998603853977329e+04 2.686708306817755874e+04 2.694883733911597665e+04 2.215177551449691236e+04 2.247012015913033611e+04 2.611410316793087986e+04 2.508786904246654012e+04 2.634949017743695731e+04 3.940728800361323374e+04 1.063694272968075384e+05 3.828221671883285308e+04 2.254443521449819673e+04 2.517458813848077261e+04 1.531144002120374680e+10 -6.378105189556905365e+10 -1.294207370334565277e+11 6.248239934396942902e+10 1.666895494923583679e+11 1.575396766471042442e+10 3.864745046924906921e+10 7.024359951170515442e+10 6.768034885005731201e+10 5.152141674576729584e+10 -2.792387601031303711e+11 1.045848616112782440e+11 2.211123610492158890e+10 2.504294616794033813e+10 3.620098634420656586e+10 2.383533185720337677e+10 2.415609331263379288e+10 2.230243055427265549e+10 -8.945200110131261826e+09 7.597441311144734192e+10 2.292298062181836853e+11 1.644593241898906708e+10 -2.615387772793767166e+10 1.362386742496069431e+09 1.129053423252451324e+10 -6.296036759570331573e+09 2.196340587492956161e+10 6.518277813613378906e+10 3.599777985246346283e+10 1.910845659320923233e+10 8.857243033426828384e+09 -8.824607158258069992e+09 8.163912117948945618e+10 -1.852453375390659094e+09 1.007912765526043091e+11 1.567279517929682541e+10 4.255067971706922054e+09 1.306499864466350794e+09 7.213111094262731552e+09 1.751334846518495941e+10 1.064235094696563911e+10 3.335019607069035530e+09 6.758918221179636955e+09 -4.917984469759400368e+09 4.658538005717214584e+09 5.932114618635179520e+09 1.735588737743749619e+09 7.636342883934483528e+08 2.805139689933740139e+09 1.017723889155921578e+09 1.291228988060746307e+11 8.950096114030603409e+09 1.195254890947244072e+10 2.074082125563008308e+09 -7.918646517327506065e+09 1.017907716504529572e+10 8.862384403757980347e+09 7.473116313564962387e+09 1.138655510771825790e+10 1.114110794351079702e+09 -6.901343750226040840e+09 -3.236415428962998867e+09 1.376215511578087568e+09 -2.623234235405300140e+09 1.440734323241985321e+10 -1.947903943305614233e+09 2.885200141314908862e+08 4.136051010306129456e+09 9.546129421383221149e+08 2.162098259245075226e+09 9.418515977102176666e+09 -2.706431130499595642e+10 -2.600539580161797404e+08 9.033038906048298645e+10 2.040946176605740356e+10 1.584369287307373238e+10 1.154287490579451752e+10 7.358747495732476807e+10 1.376659767064029312e+10 -1.089177406311732292e+09 -2.151378957933486938e+09 4.099007767608071327e+09 -1.793320032712815046e+09 8.635613749655849457e+09 1.325897081951215172e+10 1.054042794198190498e+10 4.719206050315941811e+09 5.937399011936386108e+09 1.213886512632251978e+09 6.117132676681292534e+09 6.098458242912991524e+09 1.257131201943308830e+10 1.370769297496447182e+10 1.090651529502476120e+10 7.634912863991431236e+09 1.026325955299022102e+10 3.621715693344959259e+09 8.049118140081189871e+08
2.829161561416182085e+05 2.821954014696175000e+04 8.007199264582166506e+04 6.361836392609733593e+04 -3.204689610466190061e+04 6.386819850239489060e-01 3.359783052347147168e+04 1.392656726845302546e+04 4.811201065384800313e+04 3.091108507549052956e+04 4.303197204399882321e+04 4.017317392969422508e+04 1.818629334542385550e+04 2.258031318450727122e+04 3.505372024741758651e+04 2.524779046115207530e+04 3.010914157989893647e+04 3.339157403262632579e+04 8.956158788710763474e+03 2.176006066293960976e+04 1.997617263400974480e+04 2.775852163628027120e+04 2.027861031618875495e+04 2.199885285348147590e+04 1.481955670531205942e+04 1.911628889282080127e+04 2.611344433965715143e+04 2.122300675655318264e+04 1.829352512262793607e+04 2.347215606363895495e+04 2.777909148273053142e+04 2.468258495966919145e+04 2.120161558112341663e+04 2.527793326165019971e+04 1.978062448546189626e+04 2.273494571111712867e+04 2.304256550761247854e+04 2.171457958476354179e+04 2.680619767486268393e+04 2.479696709927487973e+04 2.458471476116174017e+04 3.828221671883285308e+04 1.024493922157043853e+05 3.393470039122777962e+04 2.506805020345309094e+04 1.623584727648337708e+11 6.223322862663193512e+10 -9.354523853213270569e+10 -7.950930823893348694e+10 -1.711391666703431396e+11 5.727925938193918228e+09 1.037828906761478233e+10 -3.095401680647425842e+10 2.957565637025836182e+10 9.669103219276018143e+09 1.599657102190090942e+10 7.979060876311486816e+10 1.435724446994056320e+10 4.277680685989481926e+09 5.105695781231465912e+10 9.158369428669061661e+09 5.128709988969329000e+08 1.903846139983927536e+10 3.430480968186834335e+09 3.806538855765953541e+09 7.152933330321466064e+10 -6.592134007592176437e+09 -1.061721571793487549e+10 3.197709798017294407e+09 5.860227615958997726e+09 -8.668284191096315384e+09 1.096102800206104088e+10 -4.750236166073313713e+09 -4.699799858660232425e+08 6.178340484078198671e+08 6.534888076156357765e+09 -1.300656974578727913e+10 1.042716702093072815e+11 -2.035807461368225479e+10 3.414668773414500427e+10 4.540698244893078804e+09 -1.416561598480753708e+10 7.088328599936672211e+09 -1.143130676179991341e+10 1.430060522947935486e+10 3.556227653469707012e+09 -3.308945833850947380e+09 1.879874506088256359e+09 -2.966348603365905762e+10 -5.173722224971134186e+09 2.757592540247232056e+10 8.920893534915256500e+08 -5.760200854053560257e+09 -7.864517163401160240e+09 8.806226113257197571e+10 -1.885850621754989243e+10 -8.578093301360721588e+09 -3.673011110130373478e+09 1.503632036028967285e+11 -1.029239421058899498e+10 -5.370637028526621819e+09 6.699316757484438896e+09 7.803122475071375847e+09 9.147190627038412094e+09 -9.936055778838552475e+09 -4.839919959939987183e+09 -3.470211773052329063e+09 7.414190029763555527e+09 -1.527115913717541695e+09 -2.412942358493165016e+09 -1.064190724501026154e+10 -6.942584382881598473e+09 3.727274561818845272e+09 2.099553300057513952e+09 2.713889762588913441e+09 2.667684142828481674e+09 -3.990915151709875488e+10 1.659609466092923880e+08 5.225211744441626740e+10 1.137557538571725082e+10 2.535808131150740623e+09 3.758682334218485951e+08 -1.419696223431849976e+11 -1.315355706421744728e+10 6.120694899568366051e+09 1.058754703726138949e+09 7.158447121125999451e+09 3.445947239104506969e+09 2.018553906725556183e+10 -8.278358821783109665e+09 9.398243278022033691e+09 3.123403302307042599e+09 5.075766727950214386e+09 2.553540987292435169e+09 6.354370182003413200e+09 -7.428977716544098854e+09 -2.462355537673818111e+09 4.156784276285100460e+09 1.273871665232912445e+10 2.687340230210077286e+09 2.781342295161078930e+09 2.511952214559273720e+09 1.557876339873728514e+09
5.025584118516601156e+05 -2.468934050780625694e+04 1.204665776955793699e+05 5.242272798058196349e+04 -3.486361029742380651e+03 -2.475054483692809754e+03 3.208263857848568296e+04 -6.203404647167192707e+03 4.399939408419296524e+04 3.442436461439469895e+03 4.162879627757138223e+03 2.492636720517144113e+03 1.486908740575182674e+04 2.355914001145236398e+04 2.738643613026257663e+04 2.503460787407278985e+04 2.268467494456038185e+04 2.291125200770264928e+04 2.782809218742924349e+04 2.708114570850721429e+04 2.001088585270572003e+04 1.292618253053700391e+04 1.337081170553511947e+04 2.174471387471248090e+04 2.313171991893395170e+04 1.819197266419641892e+04 1.802742919334788530e+04 2.589363870277699607e+04 1.969128885786042156e+04 2.069001504593680147e+04 2.349069943388065076e+04 1.816632818344797852e+04 2.270913010568124446e+04 2.141668808651742438e+04 2.125177415607575676e+04 1.665564359529989088e+04 1.725234043051376648e+04 2.406267254112059527e+04 2.432699354084491642e+04 2.181424062350375243e+04 2.148556732515829935e+04 2.254443521449819673e+04 3.393470039122777962e+04 9.131021793208025338e+04 2.984149994789394623e+04 -2.143405687597323914e+11 -1.466257185908517075e+10 -6.788652936694339752e+10 2.616704636225230789e+10 -7.369571356080799103e+09 9.263945775947792053e+09 -4.437120075190882874e+10 -4.094330012056361389e+10 6.843058058884247780e+09 2.806104849556260300e+10 -7.900439808233842468e+10 1.967274846637377930e+10 -3.063192354418094635e+10 -2.831842958693794250e+10 8.463712339212412834e+09 9.454105013551296234e+09 -1.262867181085147709e+08 2.890138631298336029e+10 -9.091595310012263060e+08 -6.051125253739224243e+10 -9.868626058205902100e+10 -4.427443454906002045e+09 -1.025376391873818398e+10 3.709649029083695221e+10 -3.692360382599847794e+09 3.227851656687202454e+09 2.728465604628790855e+09 4.690578771264555359e+10 -1.364477256526958704e+09 8.990393602659173965e+09 -7.329439306912236214e+09 -1.210171055498524094e+10 -1.267579189644595337e+10 -1.813076073295016098e+10 2.662497911211766815e+10 2.114866085872639120e+08 -2.985448757018482208e+09 9.580603172601093292e+09 2.516653146322994232e+09 -6.787367986501926184e+08 5.588211834645682335e+09 -4.268403191932086468e+09 -1.042760849561527252e+10 1.640227196900666237e+10 6.198200800502477646e+09 6.094098857740303278e+08 4.280184636533594131e+08 -5.413374924022409439e+09 -1.267940246720753908e+09 -1.350354838404041100e+10 -2.289626089683889008e+10 -1.814443205237874985e+09 -6.121031417190622330e+09 4.979200857832398224e+10 -5.027386849645894051e+09 1.032877522086505127e+10 -2.229811484139090061e+09 6.874227111502547264e+09 8.013488388847510338e+09 -1.519411829560592461e+10 -4.447411078517408371e+09 -2.929969768543647289e+09 2.688008222267580032e+09 -2.161600957075226307e+09 1.760597895171908569e+10 -3.346135962218199730e+09 -7.100010417436350822e+09 8.007316049192401886e+09 5.260618759638136864e+09 5.283154158053920746e+09 9.475580636358096600e+08 -3.036496896576560974e+10 7.011524115133348465e+09 -4.562991293258621216e+10 -3.498530145885473728e+09 5.229264649782357216e+09 3.801255620616345882e+09 -4.316060104937976837e+10 -2.234041652823968124e+10 -6.781592542363520622e+09 -1.178241886021184206e+09 4.255403252273508549e+09 1.694568456250633240e+09 -3.761285185723252296e+09 -5.465096586769810677e+09 5.157520880529035568e+09 7.236435228342468262e+09 -1.887887540026141703e+08 -3.230706572340312600e+08 3.652223328806832314e+09 5.742975487699189186e+09 -3.372842472459280014e+09 5.532450337043031693e+09 7.637482222669722557e+09 5.311891502926160097e+08 3.360312364504400730e+09 1.178622386952141523e+09 2.043214805787049532e+09
1.746186846438289504e+05 1.787611984419561340e+05 1.588809195650543843e+05 3.802282822699495591e+04 7.667537402939095045e+04 2.836433898043587033e+04 3.348632227291255549e+04 2.815250421000981441e+04 3.203891790758372372e+04 4.736164130145039235e+04 2.576714222116550081e+04 1.265874476826606769e+04 2.771194374876182337e+04 2.867232669761167563e+04 2.478853675290084357e+04 2.752583355479502643e+04 2.770128037439795298e+04 1.167795644799596812e+04 1.096668899439930829e+04 1.961814332190331697e+04 2.696745517551487137e+04 2.567477322536807333e+04 1.734866929633784457e+04 2.573429273171744353e+04 1.869187248270572672e+04 1.970701094137154359e+04 1.940327525683617932e+04 2.369568898785894635e+04 1.967654711727755421e+04 2.686603362239754279e+04 2.189941305549397293e+04 2.235182997927114047e+04 2.273987061834233464e+04 2.603500515062206614e+04 2.135675901280699691e+04 2.535388107599396972e+04 2.483841909652499453e+04 2.169846707602512106e+04 1.891920167653676253e+04 1.810984057574848339e+04 2.724405062814926714e+04 2.517458813848077261e+04 2.506805020345309094e+04 2.984149994789394623e+04 8.800096834004878474e+04 2.119275531599093628e+11 4.765156519455534363e+10 -6.789648214259136200e+10 -2.213629381345714569e+10 -3.239059886911803589e+11 -4.884743539762129211e+10 -1.528216202010931587e+10 -1.236824266205677414e+10 3.312116117795265579e+10 5.222775981803272247e+10 1.795557264747180481e+11 1.148417298829411507e+10 -3.866238922477584839e+10 -2.302557248618886948e+10 2.163438030752380371e+10 2.896508251976791000e+10 8.213686346016560555e+09 1.871563237881910324e+10 -1.885359025581613159e+10 8.026980266968334961e+10 -8.250391768792214394e+09 7.583167043202410936e+08 -9.821391133116104126e+09 -2.086473250353590393e+10 1.086138731178429222e+10 -3.603801852964223862e+09 1.839002348249144363e+10 3.321546046413326645e+10 5.789171215071273804e+09 -6.980316800501338243e+08 1.699824683015275383e+10 2.245930721701723480e+10 1.122748379220011292e+11 -8.908458652664356232e+09 2.671240593259080124e+10 2.258868790996035767e+10 2.078055246598777056e+09 -3.709920785933834314e+07 1.267014576174860573e+10 -3.072230979805303097e+09 7.634792280326501846e+09 3.463753746817232132e+09 5.360166048592253685e+09 1.197063283780753517e+10 4.646950580045503616e+09 9.542007500220350266e+09 4.958051527093960762e+09 7.941608299771187782e+09 7.703475105063554764e+09 3.290483225659959030e+10 -6.248072854710450745e+10 -3.167179226363275051e+08 -5.142221539314913750e+09 3.166236552318488693e+10 3.755558055949394703e+09 8.191783640418630600e+09 3.104235251416120529e+09 1.302483739163189507e+10 3.622753596770631409e+10 2.382008385513565540e+09 3.082011545553283691e+09 8.577322757125949860e+07 9.281269052473329544e+09 -1.154181325064094543e+09 1.575019200559940910e+10 1.253856365346284866e+09 -1.303953886468980789e+09 1.430290293603255987e+09 1.139950363060666084e+10 -3.526890324844899654e+09 1.396060233701525688e+10 -7.352997552327005005e+10 3.119576229985681057e+09 4.496672431861270905e+10 1.221915028921449471e+10 7.347294285852814674e+09 9.914176989723289490e+09 1.204750418723459816e+10 -6.593486476847633362e+09 -4.848643036373844743e+08 -2.041347390740909338e+09 8.274994599949055672e+09 3.719211926608202934e+09 -5.707015167867086083e+07 -6.127449680357554555e+07 -6.016114151050975323e+08 -2.633487294332663536e+09 6.948892204088535309e+09 6.230645348989348412e+08 7.962664405910782814e+09 5.263875955183438063e+08 4.920527243449951410e+08 1.238076807214996147e+10 6.344161128755641937e+09 4.444839861165525436e+09 -1.405911051117664203e+07 2.791700625674945354e+09 -2.390289746110220432e+09
-6.825314091235374023e+12 2.644139316124679688e+13 4.201872978047615234e+12 1.932742667226670898e+12 2.477482690082034607e+11 -1.384376438055476074e+12 -2.019969793393278320e+12 -1.205118940668075562e+11 -3.334600963546377563e+11 2.878695875496164062e+12 2.135824323833666260e+12 4.677890908930032349e+11 -1.139980108775249512e+12 -1.129044030198676025e+12 1.291853274271536621e+12 1.588254605491713623e+12 1.159712251052894775e+12 6.378556827747469482e+11 9.713468057158609619e+11 1.005751443946626099e+12 1.127476260594296875e+12 6.025766199966905518e+11 1.305056479240572998e+12 -3.511004869846468353e+10 -1.026220862330069275e+11 7.674607344570012207e+11 -5.824071938029543457e+11 -2.713108963346413422e+10 2.948879078291644287e+11 -4.186239141146795044e+11 -2.555968158737102051e+11 -4.342038185999968529e+09 -4.782650876189373016e+10 5.607278689454063721e+11 -1.063964127222732697e+11 5.584189161993298340e+11 6.402111702520366211e+11 2.111166119514335938e+11 -3.923892199951379395e+11 -3.021682179994553223e+11 2.351014262966360779e+11 1.531144002120374680e+10 1.623584727648337708e+11 -2.143405687597323914e+11 2.119275531599093628e+11 6.981430173959596278e+20 7.481590773111391846e+19 2.659864667383582310e+19 6.922569779172035584e+18 1.321023048654374298e+19 6.353779882341825536e+18 -5.685166828642176640e+17 9.409911319512332288e+18 1.221688435601026304e+18 -4.776489735707590656e+18 3.088365351969037824e+18 -4.884488212073947136e+18 4.992222919521659904e+18 -1.781979117791196928e+18 9.580830959807619840e+17 1.425135197443689882e+19 -2.569369439039742464e+18 2.579982574235297600e+17 -1.874341982458575616e+18 1.042836829443160474e+19 -3.796727378331840512e+18 2.551584925983435776e+18 3.959312159821393280e+17 5.479276745944664064e+18 -8.506776929464602880e+17 5.877049350341543680e+17 -2.514979557334122560e+17 1.182578315426122342e+19 3.933006360612987520e+17 -3.480108153572192640e+17 1.303330937872847360e+18 6.103624325815112960e+17 -3.889021102938378240e+18 -3.560975483911100160e+17 7.992114841554344960e+18 4.694873323062068480e+17 4.033873237849781760e+17 8.756217670339779200e+16 4.161028474393700864e+18 -4.119863783520157440e+17 3.888177530230296960e+17 8.395100562617881600e+16 2.140585277422377920e+17 8.968437308309312512e+18 -1.869146938416281280e+17 7.004279363157292800e+17 -1.230509128807266400e+17 -6.837494479207824640e+17 -2.490158123744482880e+17 -2.805565626788052992e+18 3.669519821761524224e+18 -1.261889522219866368e+18 -3.170085337710647680e+17 -5.715529367880807424e+18 1.816255323147451840e+17 -7.849714832685596160e+17 -2.340968175549135680e+17 2.988486578767173120e+17 2.138886495656848384e+18 -6.291744681945655040e+17 -2.145580939292513280e+17 -9.726000279702892800e+16 1.311979391564632000e+17 -3.726219404392695200e+16 8.531666054472395776e+18 -1.184464353371821824e+18 -2.682107771571664960e+17 -1.073698210629646240e+17 -9.285987721876634880e+17 3.031601244045669120e+17 4.730331362636449280e+17 -1.129069501543714406e+19 -7.731918898554225920e+17 -5.691258619955463168e+18 2.832686581580246080e+17 4.291217076321852800e+17 -6.779278397170172160e+17 6.709221639419040768e+18 -1.288312786074477056e+18 -6.369385065866883840e+17 3.301655190444584320e+17 2.831927760775979840e+17 2.418703278675887360e+17 3.381888015380182528e+18 -1.463370930539385600e+18 -1.938703124204715520e+17 -1.641973066555436800e+17 2.698115653719661440e+17 -4.957643018432804800e+16 2.857626885895240000e+17 8.925550205872043008e+18 -1.676148424663630336e+18 2.109761417126630800e+16 4.916521370874194560e+17 2.559643402217370800e+16 4.751309735833452800e+16 2.741106449819860000e+16 6.002698218684451840e+17
-3.252932514163823730e+12 1.515234847544364648e+13 9.771794584142994141e+12 3.384229256038203613e+12 -8.415987794287604980e+11 -2.977410886582940063e+11 -6.527594144378095703e+11 -1.231477880678484726e+10 9.276089143204743652e+11 1.596774614363505127e+12 -4.181258380163567352e+10 -4.273013393237065430e+11 -7.960702485493856812e+10 2.396536213160956421e+11 2.524510270159751892e+11 -1.313685411717644196e+11 1.457179540146518860e+11 -1.366754681214768219e+11 3.211376545014330444e+11 2.076731902045990295e+11 2.311946677945263977e+11 -4.160393074960560608e+10 -8.543933103311236572e+10 -2.422453426857128296e+11 -6.073869157372513580e+10 2.277550780080825195e+11 -1.476457139734734192e+11 -2.607830833322339172e+11 2.053962308594694824e+11 1.421908815986399536e+11 4.647823753170816803e+10 2.403197055332067871e+11 2.255776137088966675e+11 8.915255417488737488e+10 1.371691006029889069e+11 -2.547887749999700928e+11 -1.062002792594452362e+11 2.820024989197771606e+11 4.859468013802226257e+10 -2.037195038933384705e+11 -4.970442300296932983e+10 -6.378105189556905365e+10 6.223322862663193512e+10 -1.466257185908517075e+10 4.765156519455534363e+10 7.481590773111391846e+19 1.871492569805494682e+20 1.694449550144190259e+19 4.292311031412551680e+18 6.312871882807946445e+19 6.361617551183754240e+18 9.849429413185896000e+16 2.825498757631508992e+18 2.594277244454354880e+17 -5.811313610258406400e+17 -8.047533464292981760e+18 1.825543533614547968e+18 3.819305233337465344e+18 -3.634304209309270400e+17 -7.439952667684742400e+17 4.953725100995329024e+18 1.451339984636666880e+17 -3.821133597482314240e+17 -3.988920641435550080e+17 -9.778269303492886528e+18 9.568818547807254528e+18 3.640327065563361920e+17 -5.768090830235006720e+17 3.462771758965408768e+18 1.454151362483740160e+17 -7.888916401955624000e+16 5.620704334155633280e+17 3.485087643990387200e+18 -3.156642318361931520e+17 7.186162185768307200e+17 3.247533843277416960e+17 6.510268382013013760e+17 1.218537716100379648e+18 -5.875373154249336320e+17 1.610152185390357248e+18 -5.142709922559967360e+17 2.752623210921055600e+16 6.380851879153543200e+16 2.864850585716298752e+18 2.642505982906204800e+17 -3.489362746709899200e+16 -2.515195112629267200e+16 1.879593256136088320e+17 2.853435002096734208e+18 4.837812858906948800e+16 -6.837557687703123200e+17 -3.215658821633169200e+16 -1.060600904252212400e+16 3.972558724946931200e+17 -7.016062499247363072e+18 -1.339322794874872320e+17 -7.812237840216350400e+16 4.428230110985128320e+17 3.796055751339003520e+17 1.081508475016368160e+17 -2.328064769149686000e+16 2.035570265414693120e+17 3.269116215188698240e+17 2.407345023167303168e+18 2.877021309967718000e+16 -1.813249964614096320e+17 1.979424600558315840e+17 3.981079875447401600e+16 -1.928666622857808640e+17 2.279134796346290432e+18 -2.353219634038504000e+17 2.261010091862055360e+17 -3.576707990959374720e+17 -5.823930710652475200e+16 -8.025006257796721600e+16 -1.278381191612490560e+17 -9.046443217704810240e+17 2.398373293966826000e+16 -1.474990081766389760e+18 4.462611565117761280e+17 -2.119204346958748000e+16 -3.437926896400934800e+16 -1.630482228439211520e+18 -3.076868727404579840e+17 3.361643947406981120e+17 9.978350748808123750e+14 3.855668347870816000e+16 -1.412362135032423040e+17 2.749165410352112640e+18 5.307502965678982400e+17 -1.415629571019903360e+17 1.517648557789277120e+17 5.279987353297031200e+16 8.890116083958036800e+16 4.251130476778387200e+16 2.329089944635315200e+18 8.339433478736067200e+16 -1.870723634693008320e+17 2.090322803350469120e+17 1.986653359702523840e+17 -2.151337987402940160e+17 1.430465861883662400e+17 -1.419795470666495520e+17
4.906919328270422852e+12 1.002728780522607227e+13 3.854993043870595215e+12 1.755435150596934326e+12 3.789422981886389160e+11 -1.658122679769347534e+11 -1.492930326010153503e+11 -4.803984890618563843e+11 -9.318871692605427246e+11 4.568493925480332642e+11 -4.469373165462604370e+11 -6.341881005209911346e+10 2.660022871919216309e+11 -2.651665486286141968e+11 2.677281108995818787e+11 -6.650755177822850800e+10 6.697689689058827209e+10 -2.563913982428938293e+11 1.222347475239200439e+11 1.178085150870392456e+11 -2.362257499372587280e+11 -1.053687667523966827e+11 -4.218271078977297211e+10 -2.757551303808432007e+11 -2.219619245920478821e+11 -7.673602821264868164e+10 -1.033197948310366821e+11 -1.549792112942376709e+11 6.567769565652819824e+10 -1.036536346523578644e+11 7.108801513516172409e+09 2.440513233897344208e+10 3.152685915034703064e+10 5.158812300875850677e+10 -9.943874448154302979e+10 -8.324704693069802856e+10 4.099609402585700226e+10 6.711431896601632690e+10 -2.826182916578808594e+10 8.988378387978483582e+10 -5.094505393330283165e+09 -1.294207370334565277e+11 -9.354523853213270569e+10 -6.788652936694339752e+10 -6.789648214259136200e+10 2.659864667383582310e+19 1.694449550144190259e+19 4.240265471028404224e+19 7.840664511020937216e+18 -1.229666057147735040e+18 6.711260780901841920e+18 1.220486182852601600e+18 4.826438654627291136e+18 2.967686916760203520e+17 6.794335333926815200e+16 3.010887832073788928e+18 -6.462112991922773760e+17 2.582586754148634624e+18 1.593055875454799040e+17 -2.101235557353425920e+17 3.760114519343696384e+18 1.833588544579087040e+17 -2.594735699997959040e+17 -2.416490798669713600e+17 1.115891279831045888e+18 2.618367004692588544e+18 5.496511108716199040e+17 -3.550443605121201280e+17 2.143657721333040384e+18 -1.162162054897349440e+17 -1.886214450399436800e+17 -3.410032243080284800e+17 4.080211740516422144e+18 3.055672823714272000e+17 2.579617377120586880e+17 -1.604440957731357440e+17 2.476156257355231360e+17 -9.046484449916968000e+16 -5.779485032276104960e+17 3.350094051986264320e+17 -9.976715958645979200e+16 -2.740860892927056320e+17 -1.564754455682630720e+17 1.338946717063848448e+18 6.880386956289399200e+16 -3.609009751273563200e+16 -4.981903288961584000e+16 -1.642516915890911200e+16 3.158589501276670464e+18 -7.154068830321565600e+16 1.452270843008522560e+17 -4.328588025377044000e+16 8.999320929857606000e+15 2.898988815875841920e+17 -1.285867224272981440e+17 -3.429930249625454592e+18 -2.069347029211069440e+17 1.947297624864145200e+16 3.052907140100601856e+18 1.204380289537991360e+17 -1.229702305997976960e+17 3.214964186974189600e+16 4.158572289029106400e+16 6.868972127037624320e+17 -2.074684033439184640e+17 -1.502887750514021440e+17 6.401323187905783000e+15 -3.165677096475457600e+16 2.322031902228300400e+16 3.481262258971450880e+18 -7.957356178588824000e+16 1.181528653908577400e+16 -2.577453820273852480e+17 -8.187690265202403200e+16 9.237972339282646400e+16 3.122984466867478800e+16 -4.524232155397671680e+17 3.506021587016302080e+17 -6.537233810067015680e+17 -9.827007963764768000e+16 -1.052548592597745280e+17 -2.869042583571165440e+17 1.240241731554431232e+18 -1.844430320025154560e+17 -1.885597969159088400e+16 -4.964595150484980000e+16 -6.648666601975410000e+14 -1.906907398287303360e+17 1.242342011540467200e+18 8.878789494176956000e+15 4.353525235645191200e+16 4.887547405440260800e+16 -9.959098684220897600e+16 -7.284172032676838400e+16 5.267937880006467000e+15 2.793246066279620096e+18 -3.003345882896993600e+16 7.786467351533169600e+16 7.677318017829990400e+16 2.499060481195698000e+16 -5.481236276490545600e+16 8.974707241837764800e+16 1.183471458511630720e+17
-1.792475667366450928e+12 1.502410114347963379e+12 4.052100304880727539e+12 4.934854866543541016e+12 1.537854922775802246e+12 -3.527190320403272095e+11 5.740274634083341064e+11 5.027513593897775879e+11 1.453767572208891357e+12 9.479343021485633545e+11 9.061450855344944763e+10 -3.787125398748260021e+09 2.997016622891434937e+11 -1.400437473850479431e+11 -1.819486409875309753e+11 -1.418634176668364258e+11 1.844995498073266907e+11 1.913995496063714294e+11 2.323986665321226501e+11 -6.510082979583636475e+10 1.309554452136239433e+10 1.925357766053546906e+10 1.566238073114249573e+11 -9.361248992552195740e+10 -3.355033680283419418e+10 1.919492624411423035e+11 8.932891316187771606e+10 1.734177600843182373e+11 2.380152753981511536e+11 1.160494860784443054e+11 1.840457220573724365e+11 8.707277936281466675e+10 8.289815426844758606e+10 1.907285406252685242e+11 8.761512098472474670e+10 8.645929049522823334e+09 1.956058055576699448e+10 1.656828170757066345e+10 7.951467583658764648e+10 1.450015870001708069e+11 1.979434777635614624e+11 6.248239934396942902e+10 -7.950930823893348694e+10 2.616704636225230789e+10 -2.213629381345714569e+10 6.922569779172035584e+18 4.292311031412551680e+18 7.840664511020937216e+18 6.325077369846022144e+19 8.693318257143888896e+18 2.174423335579875072e+18 5.941055458978265088e+18 1.059498559467240960e+18 -1.565683177413795000e+16 7.479347063808857600e+17 2.419045710057010688e+18 7.305946358158511360e+17 1.907446368436504320e+18 9.512623254447175680e+17 -3.730838383976704640e+17 -9.754094788738579200e+17 3.412388905616619520e+17 3.858509154094340480e+17 -4.908826382487605120e+17 2.785280237850354176e+18 2.155163725555029504e+18 1.217165802232631296e+18 2.540182771306938880e+17 9.918729122236614400e+16 1.956825006192903680e+17 1.186085817149376160e+17 3.447831349602724000e+15 -3.090861628900896640e+17 2.227968200601725120e+17 2.850155968109332160e+17 -1.768026457012426560e+17 -1.300888461699756640e+17 1.019645740539107968e+18 -6.260651621932385280e+17 3.837496320558660608e+18 3.950569596982254720e+17 1.396575063886440640e+17 -3.824167020123936640e+17 4.591610037484279040e+17 4.159170864299943680e+17 -1.485694323011266560e+17 -1.215393236531396000e+17 -1.015374637626904320e+17 -1.213588577139172000e+17 -2.495509589617886800e+16 -1.773192822137245760e+17 -6.684203757805899200e+16 1.368303890718336640e+17 1.755138591904457280e+17 2.113302219475532800e+18 1.308176006566975744e+18 -5.781283360480435000e+15 -2.085104396761944000e+17 2.987934587750687360e+17 7.229227870313632000e+17 1.042553757208856960e+17 -6.956328227414677600e+16 2.042217641323989600e+16 5.866575801994626560e+17 1.962841374086758720e+17 1.319383139650775400e+16 2.668869143209358400e+16 -5.268901143039936800e+16 -9.778336182088748800e+16 -3.030658692662654080e+17 5.099944818232163200e+17 4.581237118656219200e+16 1.340280416231429600e+17 1.475411512548719600e+16 9.308167960879476800e+16 1.027581435671410560e+17 -6.474906420131665920e+17 -2.471221440845160640e+17 4.233488221285975040e+17 -2.116476398836887680e+17 8.093186664725091200e+16 2.412043675549529600e+16 8.283942713933237760e+17 1.121426409985132160e+17 -1.536340282562601920e+17 -4.091768627575523200e+16 2.278097402488021200e+16 2.429778309131540800e+16 1.658397998523754240e+17 6.925577905076286720e+17 6.255526547538929600e+16 5.857310886087893600e+16 4.833230844076723200e+16 4.598083298061611200e+16 6.304262355935220000e+16 -2.394496494133441920e+17 6.092939013643773440e+17 1.948142335370176400e+16 1.169607551740188960e+17 2.702597424009477440e+17 1.838794606942509760e+17 1.669064703772997200e+16 9.048094006339384000e+16
-3.537403589603786719e+13 -2.329711560610613098e+11 1.852166400620446094e+13 -1.367127904042565674e+12 1.426667086976933838e+12 6.091503015174739258e+12 3.192214397727377930e+12 4.710641054070047852e+12 2.618999624343434570e+12 -1.047357910042485962e+12 -4.067869287580943848e+12 -1.086944903564155426e+11 -2.759182864709475586e+12 -6.411193896186467285e+11 -2.691232192545523926e+12 -2.210890273560019531e+12 -1.304519385733163086e+12 -7.411348138750113525e+11 1.185109850032227051e+12 1.118045207842215881e+11 1.051794012024808960e+12 -6.452302633340541992e+11 7.968010863300423584e+11 -2.850757614739357910e+11 4.948677943470029907e+11 -2.147943000063226929e+11 -1.565999031830944092e+12 -2.097402556773435974e+11 -1.346242378170197021e+12 -5.192013518245736084e+11 1.004352723912819336e+12 4.392667845804623413e+11 2.801719266372465820e+11 -6.000958416607716064e+11 -2.363798320039083862e+11 3.232481195251012573e+11 -4.069020309399610596e+11 -1.221083904236172485e+11 -2.216688880154228821e+11 9.264646331552760315e+10 -3.863717261787283936e+11 1.666895494923583679e+11 -1.711391666703431396e+11 -7.369571356080799103e+09 -3.239059886911803589e+11 1.321023048654374298e+19 6.312871882807946445e+19 -1.229666057147735040e+18 8.693318257143888896e+18 2.206361617036989170e+21 9.592266744788963328e+18 -1.144156010424644736e+18 4.086999608909935104e+18 -7.371322520336638720e+17 -1.736615524460918400e+17 -4.108365234188323226e+19 3.219434077349713920e+18 3.297012497920088064e+18 1.438086349100553472e+18 5.617707201182516224e+18 5.819531431419236352e+18 3.405623892033377280e+18 2.844387429630789632e+18 2.333793521922478592e+18 1.922296592189161882e+19 2.970794732025435750e+19 7.196449159742769152e+18 2.543801939815791616e+18 -3.164288172696203264e+18 6.693437717415651840e+17 2.006683269016630016e+18 2.234895686700252672e+18 -2.749065956693767680e+18 1.686391651349563648e+18 1.852017379958522880e+18 2.336174114826484736e+18 2.163620117261768192e+18 -2.953760672793956352e+18 2.999702900610459520e+17 1.608560840862269030e+19 9.280103059021278720e+17 1.210437557269107200e+18 1.082574525473273216e+18 -1.186011655747096320e+18 5.278389944402057600e+17 1.933607281258631424e+18 1.069782809676560896e+18 1.109951189735509632e+18 -5.791334595312721920e+18 1.700143843593041408e+18 1.227688569069155584e+18 1.216213118712605696e+18 -4.083084640219849600e+17 3.099313046626046080e+17 -1.113783100475113344e+18 -1.205115255452028723e+19 3.196148084355372544e+18 3.453635313611997600e+16 2.310733104581489664e+18 -1.956431744865267968e+18 -6.494190306971424000e+17 7.500463189082671360e+17 -3.415397467906273280e+17 5.875554171371024640e+17 1.658255327414196224e+18 9.206310000930776320e+17 8.604216998492870400e+17 -3.091258206357198720e+17 -1.429259128051269440e+17 7.002381433671854400e+16 -1.304451894701913856e+18 -1.881118907039158016e+18 -1.299788240137744320e+17 -1.068041763634494800e+16 -1.867734378795115840e+17 -1.132996811524482816e+18 4.179124935976150016e+18 -1.365083759416305120e+17 1.056090010723390669e+19 -1.031880707488422528e+18 4.539383440943189120e+17 4.184447533982762240e+17 -1.985274732670715392e+18 -3.217093097809638912e+18 3.056692105258778880e+17 4.876668208801788800e+17 -2.210834934124568640e+17 5.559159099729823360e+17 1.141613194041806464e+18 9.944949840670540800e+17 1.143645500192098944e+18 3.340752370766744960e+17 -7.841866515165848320e+17 -7.124744830285067200e+16 -7.249275124323998720e+17 -2.222019292580675328e+18 2.678116761013949440e+17 7.467389910316619520e+17 4.671756260527061760e+17 -5.565723216413313280e+17 -1.190884948632022528e+18 -1.343925860081116928e+18 -8.097649366196157440e+17
4.070891726791783691e+12 6.894499906334550781e+12 4.060317490553415527e+12 1.988188387722686768e+12 1.345067783649111084e+12 2.916149286033837280e+11 -8.562145785936246338e+11 -3.312542343796223755e+11 6.852632758577289581e+10 -6.681577289126473236e+10 -1.159004220079281769e+11 -2.912270295986071777e+11 -3.956082857042460327e+11 -4.615997154675870972e+11 2.240778700635834351e+11 -9.612803193030444336e+10 -1.912526646796968384e+11 1.382330357981073952e+10 1.073311897527483368e+10 1.184543156355578766e+11 -1.664555525440000000e+11 -6.437888227886929321e+10 -1.886676294887231064e+10 -1.192020705474996376e+10 4.322839705044774628e+10 -7.711513575396661377e+10 4.747008457218238831e+10 2.501754115304617310e+10 -9.722773223782510376e+10 4.017869718627521515e+10 2.691817019965201187e+10 8.107675795853404236e+10 -4.829996955743349075e+09 4.227812246518462372e+10 1.462819852058594894e+10 -1.020417140381093750e+11 1.562328827851149559e+10 4.009664576953375244e+10 6.609396653311465454e+10 2.186956029144932556e+10 -4.840327578974185944e+10 1.575396766471042442e+10 5.727925938193918228e+09 9.263945775947792053e+09 -4.884743539762129211e+10 6.353779882341825536e+18 6.361617551183754240e+18 6.711260780901841920e+18 2.174423335579875072e+18 9.592266744788963328e+18 2.626748798572474368e+19 1.925333675565162240e+18 5.363766722958065664e+18 1.616799336392578240e+17 2.547207285826410240e+17 5.585627456011776000e+18 9.310366971996665600e+17 3.065775840632806912e+18 2.721704455223225600e+17 -1.096314747328342080e+17 2.433129182317450240e+18 1.708910879693729280e+17 8.824210625327452000e+15 1.284723495414992800e+17 -7.947349335804527616e+18 3.640755643619625472e+18 1.276719050367544320e+17 4.058145406850200500e+15 1.687465056035367680e+18 -1.199865458664829600e+17 -3.734979698885400800e+16 -1.512311836022755200e+17 2.079841846050694656e+18 7.423820322475065600e+16 4.584206530319224320e+17 -3.205264563080542800e+16 -1.928509739561329280e+17 2.242675956562558080e+17 5.943083739345112320e+17 5.247164054959059968e+18 -5.479373686870848000e+16 -2.613578308189718400e+16 -1.680820089087450880e+17 1.625054515548194304e+18 3.782441973063532000e+16 3.394655287564009600e+16 -8.416771148955092800e+16 -5.335272803005784000e+16 1.726180003804523264e+18 -2.475439654206647040e+17 -2.903325927385596800e+16 -1.067883825357427840e+17 -2.119726843905203600e+16 -1.205868271719887680e+17 1.774370460026432000e+18 -2.071165866223744400e+16 -6.682800914445940000e+14 4.734801306148681600e+16 1.451059184675918336e+18 1.365797590946155840e+17 -1.872612915216685600e+16 -4.954347757546637000e+15 5.956874356961299200e+16 1.004345420526777344e+18 -3.926629172438797600e+16 -1.658063272866970400e+16 -3.892934294473682000e+15 -5.981009424062661600e+16 -4.346346958645538400e+16 1.539049802884206848e+18 -5.990496120529689600e+16 -1.156808731358837120e+17 -2.347070963014546400e+16 7.329695280003888000e+16 3.165713741731338400e+16 1.548035818932439200e+16 2.932208303615847680e+17 -2.113960647917533760e+17 3.971639369767256960e+17 4.449643577474678500e+15 1.361558633706194240e+17 2.604812614189696800e+16 -1.617126701503953280e+17 -1.001607628569784800e+17 -4.001924149561420800e+16 -2.129493099542134800e+16 2.711478907572035500e+15 -8.552750229448256000e+16 1.374542006755565056e+18 1.233549963443258400e+17 5.786008782236082400e+16 1.068328467888747600e+16 -5.056983284912120800e+16 -4.948315111421749600e+16 6.354103053704318000e+15 1.470802754144075520e+18 4.723718759008056000e+16 1.883353444602265600e+17 -1.089065430750213600e+17 -1.229144380785562080e+17 -1.598167122253984960e+17 -2.047540020573734000e+16 3.923124401548893600e+16
2.518722627341219238e+12 2.690078101176447754e+11 1.603733861319618164e+12 2.885760468789806641e+12 1.460297915375438965e+12 4.333906317997830200e+11 -2.329322712399102020e+10 -2.990542361113052368e+11 3.943908911133848877e+11 3.382309924923384399e+11 -1.115912797485227966e+11 2.646290645570968323e+11 5.878421340816862488e+10 1.398832157872640991e+11 2.590917642078303146e+10 1.887763448933474731e+10 1.179163759050268402e+11 4.331836701346504211e+10 -4.638727806431722641e+09 1.690817756566395760e+10 -4.517196822621853638e+10 -2.079412793290742493e+10 3.348178360124126816e+10 -1.210537061793089867e+09 4.849212061290149689e+10 7.342092392870057678e+10 7.439089245598498535e+10 6.208496233518365479e+10 4.717302208359073639e+10 7.566280243307649231e+10 6.640549599437464142e+10 6.861028849156783295e+10 6.423124498660107422e+10 5.085664895679197693e+10 5.830686043986824036e+10 1.452543730753515625e+11 7.451782331641957092e+10 -4.106714612960436249e+10 3.732361244383006287e+10 -7.529626636322247505e+09 1.718562760007846451e+10 3.864745046924906921e+10 1.037828906761478233e+10 -4.437120075190882874e+10 -1.528216202010931587e+10 -5.685166828642176640e+17 9.849429413185896000e+16 1.220486182852601600e+18 5.941055458978265088e+18 -1.144156010424644736e+18 1.925333675565162240e+18 1.172550336387195085e+19 6.108637665638935040e+17 1.538746442359191296e+18 2.418670010939300480e+17 2.099010865774201600e+18 2.270094082600955136e+18 7.815543827133850880e+17 6.086527206227388160e+17 -9.725401363189396800e+16 -3.084666417455329920e+17 3.329383662975114880e+17 1.103662489413931360e+17 -1.031853251314447680e+17 -1.322732219293730048e+18 -3.086936819220899200e+17 5.400318340211719040e+17 2.641568461106254400e+17 3.372034690896149760e+17 4.794195022367356800e+17 -7.316139461910008000e+16 -5.207547994583682400e+16 -5.865235303781520000e+15 2.908390160981415680e+17 1.084460419541296640e+17 4.736234353863429000e+15 1.355522130552477120e+17 2.105395350250155520e+18 3.994696746960981600e+16 1.377443211254363904e+18 4.609785313400352000e+17 6.902240949862913600e+16 4.067344451993234400e+16 1.317656600898162000e+16 3.142685440783226240e+17 5.523031695491940800e+16 3.201342153947501600e+16 1.260625443742453920e+17 -4.303025602401444000e+16 1.815762357125020160e+17 5.201070598895923200e+16 7.001359505499634400e+16 8.102708834219587200e+16 -5.923643162878023200e+16 -5.631401352988063360e+17 -1.860856005351800800e+16 3.325570762959832400e+16 -2.761553535119478000e+16 4.974813466837995520e+17 2.634410094110515200e+17 -2.064859704423452000e+16 1.123264541372460800e+17 1.293600374129006600e+16 2.615602273681568000e+17 3.414050909804610560e+17 -4.668666311688936000e+16 1.319489274799054400e+16 8.145784655450081600e+16 -2.975887114339647200e+16 -2.015870100442373760e+17 3.704480337382702720e+17 -3.657196027603619200e+16 3.097263804761806500e+15 9.439725301516790000e+15 7.516525388269190400e+16 2.492001395028629600e+16 6.655615285992075520e+17 -5.712333760951228800e+16 1.662631656676736640e+17 -7.994211300642204800e+16 6.981881317055880000e+16 9.732716205084252800e+16 1.358208924207401472e+18 1.267493477773480320e+17 -1.329303414328675200e+16 2.978655691535632400e+16 -3.615569010020104000e+16 4.511477420611650400e+16 -1.325813526195447800e+16 3.637984799963335040e+17 1.817494540049626800e+16 5.333596190996792000e+16 1.112886468515252000e+16 -1.265790866133576800e+16 -1.675914178545809800e+16 -2.174088121845311360e+17 2.932194536026880000e+17 6.470838106671585600e+16 3.698010864270129600e+16 3.151461209730350000e+16 2.222104260849046400e+16 -2.539172084653280400e+16 -1.803241893545771520e+17
6.364501219648772461e+12 7.711085209262544922e+12 4.241108579136677734e+12 2.325963016222212402e+12 5.490252715370125122e+11 7.528356121965667725e+11 1.805032369395526733e+11 -2.855159546282111816e+11 -9.670236952262544250e+10 3.782587373958543091e+11 3.738327621147846985e+10 -7.152074865685832214e+10 9.909805255895698547e+10 -1.448883125473505249e+11 1.495242348229540405e+11 1.314584039830393524e+11 -1.916498521871088562e+11 3.694317771257263184e+10 -8.049082277590426636e+10 -7.514844777930645752e+10 2.019854143936622238e+10 -2.457203780766462708e+10 -5.392212008386170197e+10 -5.630309762692922211e+10 -7.567170351443627930e+10 -2.475157998582566738e+09 -1.829706212669472046e+11 -5.954877676787571716e+10 -4.042357083635698700e+10 2.538081955793238831e+10 -1.700323485287064743e+10 2.199931966993778706e+09 -3.528820606141399384e+09 -2.827063439743804550e+10 -8.465212491085894775e+10 5.961608719433003426e+09 2.046754381865589523e+10 2.886929466415904617e+10 3.318162391677416611e+10 9.275024620424452209e+10 3.400032423400313377e+09 7.024359951170515442e+10 -3.095401680647425842e+10 -4.094330012056361389e+10 -1.236824266205677414e+10 9.409911319512332288e+18 2.825498757631508992e+18 4.826438654627291136e+18 1.059498559467240960e+18 4.086999608909935104e+18 5.363766722958065664e+18 6.108637665638935040e+17 2.001158424262472499e+19 1.574683356601829632e+18 4.529044973053880960e+17 1.964774677543887360e+18 -5.193059924181444800e+16 2.733639374139442176e+18 2.621155815045855680e+17 1.710951388963921920e+17 3.857733034772709888e+18 2.834865815304875520e+17 -1.218670403177620000e+17 2.375969034728551680e+17 3.238287439893719040e+18 5.694683993601207040e+17 2.299927617409821760e+17 -6.552676396219125600e+16 1.203937898019072512e+18 1.097489102638576000e+17 4.718858728211528800e+16 -6.737892296656258000e+15 3.955340510943445504e+18 3.067047691507086720e+17 1.540032471955992640e+17 1.704623532441737280e+17 9.605405918326596800e+16 -6.004535495809639680e+17 1.871722199643573120e+17 1.880746109055635712e+18 -2.157344659245489600e+17 5.764847547262991200e+16 -1.551041324969076800e+17 1.440975923797922048e+18 -8.339883346607267200e+16 3.134460168897812400e+16 -2.721957058441038800e+16 3.173563696588919200e+16 3.410930170199429120e+18 3.223443604755745600e+16 1.640875111471201600e+17 5.594989398498776800e+16 4.475983494144900800e+16 2.912622686414973125e+14 2.124653278281631744e+18 7.783349455167802880e+17 8.525190186756358400e+16 7.540146157754137600e+16 6.009951658225779200e+17 -1.327143404026181440e+17 1.091203023464731200e+17 -4.926793822663777000e+15 1.641722457815051200e+17 9.785576975732089600e+17 -7.846560477129649000e+15 5.149401089015391200e+16 4.954518474046231200e+16 5.350290694421756800e+16 3.033386768148191600e+16 3.420166597055365632e+18 3.616347367759056800e+16 -8.838917837399432000e+16 -2.085438199570669760e+17 -3.689796313869855200e+16 1.821816195931893600e+16 -1.855380821970210000e+16 -3.025696009946252800e+17 -7.529524874470240000e+16 4.402850094132410240e+17 7.068415584561071200e+16 7.411718585653867200e+16 7.402892181358889600e+16 -2.307291839923928576e+18 1.456990952619668800e+17 9.412058477370558400e+16 4.409500552303073600e+16 5.869211143382123200e+16 -4.269913651521089600e+16 1.053765400223686784e+18 8.157947893728102400e+16 6.488191365824812000e+16 -5.913379455892805600e+16 1.817791721030095200e+16 -2.119454638042432000e+16 5.730603158384942400e+16 3.265838221402030080e+18 -5.200418075739350000e+14 1.579681611792396160e+17 3.363817109355975600e+16 3.386128041841635600e+16 3.456159080901994400e+16 -6.230433300311096000e+15 7.690120916765857600e+16
1.881778135353558594e+12 2.840430560375858398e+12 1.508534923715994873e+12 1.380507405397796143e+12 1.049124719295303589e+12 9.437268212167432861e+11 9.175516488243019104e+10 -8.690511388272891235e+10 1.924681816201995850e+11 -3.915757474095681667e+09 -5.092919778740143585e+10 8.655694870107310486e+10 1.128532265628245697e+11 6.491769886463854218e+10 1.138206080366728058e+11 5.126015882954629517e+10 -4.617844876210270882e+09 -3.033291051134226990e+10 -4.630287450839175224e+09 1.934619068270442963e+10 9.728632730746067047e+09 9.883469210988816833e+10 -1.434390859697802162e+10 -3.632095334734875679e+09 5.050225255088850403e+10 4.345277716277637482e+10 3.190808017710922623e+10 6.444617460617108917e+10 2.155290252484343719e+10 4.563849193809019470e+10 6.640995234770609283e+10 4.997244629529197216e+08 1.262630045952399731e+09 -6.234058503151041985e+09 3.151154916477058411e+10 4.994404702114894867e+10 5.157453755067219543e+10 4.913767730333684921e+09 -3.358809045433185577e+10 1.228264161460691452e+10 6.296375212944517136e+08 6.768034885005731201e+10 2.957565637025836182e+10 6.843058058884247780e+09 3.312116117795265579e+10 1.221688435601026304e+18 2.594277244454354880e+17 2.967686916760203520e+17 -1.565683177413795000e+16 -7.371322520336638720e+17 1.616799336392578240e+17 1.538746442359191296e+18 1.574683356601829632e+18 6.040210142487644160e+18 1.363381490569083904e+18 2.375112474630231040e+18 3.685780929153525120e+17 7.957755720164642560e+17 5.504865664992157440e+17 4.093819957367498880e+17 6.937326406630602400e+16 1.809578585913089280e+17 6.242196960452205600e+16 -1.857446153553275840e+17 1.274116132106407424e+18 -2.825362123252160960e+17 2.819257105585473280e+17 -8.122166626431097000e+15 3.067871132692446720e+17 1.245872675983644160e+17 7.480139721313009600e+16 -4.626895180834775200e+16 3.815632766460963200e+16 1.706881115981348480e+17 -3.550510399130877200e+16 -9.674299234909099200e+16 -2.910303167755121600e+16 6.409537614753168000e+16 2.197362431255862720e+17 -3.953634807562915200e+17 1.144483006218868800e+17 7.213458900204809600e+16 -2.525317348440992800e+16 5.556155833808398400e+16 9.031967983351571200e+16 9.859309040135552000e+16 1.340374344824414200e+16 1.272156421226740000e+17 8.596003930984760000e+16 2.001604505957223040e+17 1.310635609664083680e+17 3.694745094244958000e+15 -1.937941569638740800e+16 1.419917046299061400e+16 -2.067090858285459520e+17 -5.807006062357585920e+17 9.519261129064433600e+16 3.263114149477474800e+16 5.717690182072866560e+17 1.960540806452580000e+16 7.966226123392753600e+16 -8.806849087924162000e+15 1.572838518051230400e+16 1.813743599455580800e+17 2.691407588139028400e+16 1.038769402715348160e+17 -5.957479283858084000e+15 1.939613855539409200e+16 -3.574914422780760400e+16 -6.119840932243530400e+16 6.435474406603986400e+16 8.738558812307035200e+16 5.128567179265939200e+16 2.397007195162576000e+16 5.767514256236537600e+16 2.903269827379087000e+15 -1.422586659226986880e+17 -8.598824762126444800e+16 -2.975855565218615040e+17 -8.617962011479944000e+16 -7.556020491300122000e+15 5.598303556605584000e+16 -7.429763293306495000e+15 9.173456732092692800e+16 1.012573377019701400e+16 1.989597295977007750e+15 -3.251361101837699200e+16 -2.915715690448559200e+16 1.505348138408784320e+17 5.452478536275239200e+16 3.826663657145727200e+16 -7.748441298462576000e+15 2.091456309693892400e+16 7.702859358509083000e+15 5.205350929464836000e+15 -1.304544082329737920e+17 3.522733656900402400e+16 1.030037040507103040e+17 1.406296831577698200e+16 -2.520159033948672000e+16 -3.133820657329622000e+16 -2.123734889743093438e+14 1.183779922348927750e+15
-2.024206650607252197e+12 -5.990825571678128662e+11 -1.270009683183527184e+10 -2.450784236136541138e+11 6.275559916272717285e+11 7.840002447125102539e+11 7.104282768208489990e+11 -4.486409518160558319e+10 1.167328919554561768e+11 -2.442094736731658020e+11 -8.397832477342927551e+10 -5.384048924044555664e+10 7.802383897455902100e+10 2.507626938511579895e+11 1.089586782907182770e+11 1.983594800491135406e+10 -1.158707857028746185e+11 -1.296805105657711792e+11 4.466830567017883301e+09 -4.223405763574150848e+10 -5.550764221496416473e+10 -2.065903132419844818e+10 -2.294252394585884476e+10 -1.483311212798854828e+09 3.607110121234133148e+10 7.888512424101879883e+10 5.327060048853185272e+10 5.713985224009243774e+10 6.947017374257685661e+09 -8.999601691501361847e+09 8.895214349641490936e+09 5.936047065107597351e+10 1.538510964858381081e+10 -2.182027038995759201e+10 8.989579363142639160e+10 4.956893374542653656e+10 6.506121439262146950e+09 6.024363167419648743e+10 2.764057267069319916e+10 -1.888166694236344910e+10 1.174941793249902916e+10 5.152141674576729584e+10 9.669103219276018143e+09 2.806104849556260300e+10 5.222775981803272247e+10 -4.776489735707590656e+18 -5.811313610258406400e+17 6.794335333926815200e+16 7.479347063808857600e+17 -1.736615524460918400e+17 2.547207285826410240e+17 2.418670010939300480e+17 4.529044973053880960e+17 1.363381490569083904e+18 1.189648350589582746e+19 5.846922559694763520e+17 -5.593022493432243840e+17 8.651635585045516800e+17 1.902433766254333120e+17 9.677942670150741760e+17 -1.056209499548752960e+17 2.222135709073690880e+17 5.445118948840108800e+17 5.283138018852796000e+16 1.246010317157838080e+18 1.191444049932968448e+18 -1.115545766156764800e+17 -1.744605789317182400e+17 -1.188432766852386880e+17 -8.012620254310412800e+16 6.404476254306830400e+16 3.148072043548415200e+16 -4.987929657826074240e+17 -5.377330686979244800e+16 -5.914071868113919200e+16 1.064636172630633440e+17 -7.180425242137003200e+16 3.637069011355371520e+17 8.671761395794452800e+16 2.579848638706903552e+18 -1.175444649001006800e+16 5.504033022202216800e+16 -1.514614742201562400e+16 -2.974113383689639680e+17 -7.508106345317028800e+16 1.060294970110276480e+17 -1.174689482472351800e+16 -1.421855087430094400e+16 -3.492123640463672960e+17 -3.197158159371157200e+16 1.280489462961815200e+17 9.937105621637822400e+16 -2.132147385046877200e+16 5.613026861334883000e+15 -3.629773529165624320e+17 -1.527734305611059712e+18 2.093103465081992320e+17 4.509173189409427200e+16 -5.002575606785732480e+17 -1.154968478962757760e+17 7.978517416234304000e+16 -2.451190766638594500e+15 -5.747203330412377600e+16 -2.271333709268862400e+16 -5.875020476670058400e+16 1.296706364351037600e+17 -5.926903837635086400e+16 -6.203601682444177000e+15 2.283687372323640000e+14 -4.904627434350341120e+17 -6.827182639254618400e+16 5.713867909555396000e+16 9.373485923379148800e+16 4.266319879263766400e+16 5.318693463975032800e+16 -9.762232747923228000e+15 -2.302779952935533120e+17 -8.790716959474600000e+16 -1.208499721856314560e+17 3.641313869236866400e+16 -2.275640308816364800e+16 -2.248174417302332800e+16 3.502332152331200000e+17 -4.812051811535784800e+16 9.041809269986289600e+16 2.636955381369547200e+16 -1.409539185141971000e+16 1.850224051766741600e+16 1.008789379105041000e+16 4.158861047027354400e+16 6.092137389723547200e+16 3.871289243686714400e+16 -5.018641131161216800e+16 -9.538528714708652000e+15 7.528724971395845000e+15 8.941910218680986000e+15 4.305288384107805600e+16 9.826860835975603200e+16 4.641921591526558400e+16 -3.588755734513951600e+16 -6.107004775434376000e+16 5.845984112113669600e+16 -1.801562076230887360e+17
2.383029934387788672e+13 6.794472686621010742e+12 -2.545143496040972656e+12 3.519194196618582520e+12 2.182995602325522461e+12 1.771843854033930054e+11 7.412711806551330566e+11 1.246659152254686523e+12 -1.258964858583719482e+12 6.856678159181844482e+11 -5.963585805114284668e+11 -3.606648242118394165e+11 4.046685851444711914e+11 -3.697027545019195557e+11 -3.237551054936101074e+11 4.463614421484791260e+11 6.048141819215501404e+10 5.108730327159159546e+11 -8.131559462034097900e+11 -3.366267010063807373e+11 5.165402455564700317e+11 -1.038144613753818817e+11 8.561426243055149841e+10 7.359375159743416748e+11 9.316329534941241455e+10 -3.699995190406065674e+11 -1.741304982494745178e+11 -3.120552877835399780e+11 -1.339528858594591827e+11 -2.552844621789282837e+11 -4.887744738652780151e+11 -1.499204812235594482e+11 1.661260423501089783e+11 -2.117753024308948898e+10 3.146831365941685791e+11 -1.638173949093337708e+11 -3.774641288907521362e+11 -4.512432546162525024e+11 -7.071248724945603027e+11 -1.335001283583946686e+11 -1.505566827963023071e+11 -2.792387601031303711e+11 1.599657102190090942e+10 -7.900439808233842468e+10 1.795557264747180481e+11 3.088365351969037824e+18 -8.047533464292981760e+18 3.010887832073788928e+18 2.419045710057010688e+18 -4.108365234188323226e+19 5.585627456011776000e+18 2.099010865774201600e+18 1.964774677543887360e+18 2.375112474630231040e+18 5.846922559694763520e+17 3.673798401545317253e+20 -5.036875052745382400e+17 5.173918198860908544e+18 -6.178954373190656000e+17 1.150079099705235328e+18 1.864782521105512192e+18 -2.906628823309761280e+17 4.043663594279529600e+17 -1.893579938385884928e+18 -2.893448277017619456e+18 3.787886886937536512e+18 1.296370867425286144e+18 2.678059859890815680e+17 -3.199356603451244160e+17 5.695399272602238080e+17 4.594724015576979840e+17 -4.837553867596689920e+17 1.124045810998753120e+17 6.083399462103777280e+17 -8.916765618466910720e+17 2.406409308473315200e+17 3.029479570670540160e+17 -4.471535571276250624e+18 1.759488148738297344e+18 -6.406213991138139136e+18 -8.431213935937024000e+17 2.390817963346222080e+17 2.756380880866758080e+17 3.096432439875431680e+17 -1.336403622631681760e+17 3.843374289027162880e+17 3.061785945302578560e+17 -1.869914720131729920e+17 5.113581615348094080e+17 -1.006574862774176640e+17 5.647888350755463200e+16 -1.147716106419058240e+17 -2.469950003750615680e+17 1.342904791602826240e+17 -2.872046226750133440e+17 -3.681688656654762496e+18 4.442139358714203520e+17 7.972612089746488000e+16 4.803584059355013120e+18 1.486710763545729280e+18 1.133718990484498880e+17 5.505668892542311040e+17 -4.160294597048830080e+17 1.727250399103746560e+18 -3.129002235048771200e+17 9.991637944738788800e+16 9.396354481850251200e+16 2.831463569171223200e+16 -4.236865833433098240e+17 8.657145752341484800e+17 -1.525427702953852160e+17 5.805257740217302400e+16 2.039863517064062400e+17 2.658933490324303360e+17 -4.763338560036412800e+17 -1.610763238530069120e+17 -4.726458732749878272e+18 8.072185235034128640e+17 3.499222418024785408e+18 1.560597673145925120e+17 4.455950960310395520e+17 1.310187342147570880e+17 5.339552630319801344e+18 4.374890218833068160e+17 4.643707004157790720e+17 -1.713096613245415800e+16 8.878839380256617600e+16 2.107984688094994560e+17 2.512661294085598720e+18 2.862573395182568400e+16 1.811320060105215040e+17 -9.031642526615318400e+16 2.695730433393931520e+17 1.446352151968011520e+17 -2.085554260644288000e+16 -2.965525844154147200e+17 -2.638883590085696000e+17 6.432564147612766720e+17 -4.365119508339171840e+17 -1.814520934472248960e+17 -7.222731210990206400e+16 3.792875273919968000e+17 1.778641668914741760e+17
2.503203858780263184e+12 1.773504270598210693e+12 1.050884793763116821e+12 3.045335409881012207e+12 1.783038630958290039e+12 3.416777837338414307e+11 -4.032308510924952393e+11 -1.738791484329827271e+11 2.948189541178831177e+11 2.664951623793609314e+11 5.417354850076469116e+11 2.315337630773378296e+11 -9.995576826538960266e+10 -4.835420033195062256e+10 9.745642413338272095e+10 -3.921008411514900970e+10 6.767045216880607605e+10 -1.460512938857640266e+10 -6.925187137324514771e+10 2.043104407742702103e+10 6.314575179920721436e+10 8.552834171980761719e+10 7.511690734551454163e+10 9.392853913895344543e+10 5.891655397922000885e+10 1.281325645449014740e+11 2.270040659593214417e+11 1.174757445432172546e+11 1.140075027689180450e+11 1.067488550713118439e+11 1.447125286966697083e+11 1.219026846922593536e+11 3.672329697272280121e+10 4.892904678273386383e+10 8.646693836989375305e+10 1.090779036672425842e+11 6.999939175566036987e+10 7.962980855610331726e+10 6.844318840433824921e+10 6.686843669491484833e+10 5.203210274502019501e+10 1.045848616112782440e+11 7.979060876311486816e+10 1.967274846637377930e+10 1.148417298829411507e+10 -4.884488212073947136e+18 1.825543533614547968e+18 -6.462112991922773760e+17 7.305946358158511360e+17 3.219434077349713920e+18 9.310366971996665600e+17 2.270094082600955136e+18 -5.193059924181444800e+16 3.685780929153525120e+17 -5.593022493432243840e+17 -5.036875052745382400e+17 1.718820604652108595e+19 -3.300364193087083600e+16 1.078196363223244416e+18 4.001154240150424500e+15 2.415128441402028800e+17 2.308844276290800320e+17 -1.688821059439028600e+16 -1.430712001255547840e+17 1.390557508386698752e+18 -5.298507787451733120e+17 3.133248894783878400e+17 3.413351302022073600e+16 5.559548254580085120e+17 3.421023641483870720e+17 -3.007320733218487600e+16 -4.013839061650943200e+16 -2.407130757996792960e+17 1.789407945287515840e+17 -1.492935369298474400e+16 -2.045621932286852480e+17 3.434648359591857920e+17 -1.132690056491105408e+18 6.933718719160381000e+15 -9.623332258448442880e+17 2.310404514137708800e+17 3.099354153237905600e+16 -1.617499000398529600e+16 -3.105102310581283840e+17 4.586169494396065280e+17 5.047687699458141600e+16 7.829533637412359000e+15 1.173392003476737280e+17 -4.898944482656419840e+17 3.754361801168517760e+17 -3.343896718452447600e+16 -7.906629385362073600e+16 9.171597736378794000e+15 -7.159430477583516000e+16 -1.579225942459479552e+18 1.518031068870163840e+17 -1.454430423836456960e+17 1.111505209080741120e+17 -8.233824692986801920e+17 1.909945738024920960e+17 7.009146465964976000e+16 6.988578131050352000e+16 7.877731426438940800e+16 1.408445959063623200e+17 3.004382824461168640e+17 9.619311769766516800e+16 1.623608338773166720e+17 7.698303583889419200e+16 -3.330218647499600400e+16 -1.529417312000824320e+17 2.932846957684874240e+17 -6.420020876765613600e+16 1.162450336410984960e+17 2.188501656093504400e+16 -6.234996824316156250e+12 -2.436027985279631200e+16 3.218797565915912960e+17 -2.025613820046127680e+17 1.038280243595880704e+18 -4.094474363089710400e+16 4.666481080618236000e+16 7.196821254435756800e+16 -1.125559342164574976e+18 2.647443158644595200e+17 4.493715050053257600e+16 4.482118752311322400e+16 5.473080758187592800e+16 -1.002158631689488200e+16 -1.288269698227532000e+16 2.061889360081796160e+17 -6.648596022219010000e+15 -2.664929823635944800e+16 -2.106170188899906000e+16 1.333829171924994000e+15 -8.426171430677376000e+16 -4.790818149869701120e+17 3.404295068210972160e+17 -1.405900442278377600e+16 3.018039097410542800e+16 -4.041076618642392000e+16 -2.361990802633099600e+16 -1.222364238437997400e+16 5.588939705374494400e+16
2.182068494058707275e+12 7.970610642048210938e+12 2.809739574702020996e+12 2.790280002675344849e+11 1.645031619285402222e+11 9.325247428990487061e+11 5.560743516609649658e+11 1.412812279753338013e+11 2.983955451439525757e+11 2.554574272410548096e+11 2.055765593173346558e+11 1.023250508021805878e+11 1.979992227232450867e+11 1.597844620122413826e+10 2.597904709258120728e+10 -1.694257030139495659e+10 -1.119796936340045471e+11 -8.005964308297703552e+10 8.205107957918646240e+10 -2.817202774234965515e+10 -2.050585888248534012e+10 2.646050866960914135e+09 4.936479839640018463e+10 3.544491817113912964e+10 -1.000383911395137329e+11 -9.752374037977098465e+09 4.692355800566240692e+10 -4.889214876613780212e+10 -3.087949816911425400e+10 -3.824102687647047424e+10 -6.372314055230582237e+09 -8.008882186320064545e+09 1.979312330493346786e+10 -6.840711813903168488e+10 -2.376185245269400787e+10 2.534008903392091370e+10 6.449537763819694519e+09 -1.704849380911565781e+09 -7.280780653627887726e+09 -2.154642728739419174e+10 -4.868435646166295624e+10 2.211123610492158890e+10 1.435724446994056320e+10 -3.063192354418094635e+10 -3.866238922477584839e+10 4.992222919521659904e+18 3.819305233337465344e+18 2.582586754148634624e+18 1.907446368436504320e+18 3.297012497920088064e+18 3.065775840632806912e+18 7.815543827133850880e+17 2.733639374139442176e+18 7.957755720164642560e+17 8.651635585045516800e+17 5.173918198860908544e+18 -3.300364193087083600e+16 1.173808090347768832e+19 5.224304105470781440e+17 3.511593260036759680e+17 2.406051461990407168e+18 1.343864281807878080e+17 2.759665918302710080e+17 8.431520020164548800e+16 -2.276473765990168576e+18 3.685704883579291648e+18 1.276747325638970560e+17 2.097091035342254720e+17 1.353719332797475072e+18 -1.755300869645891200e+16 5.443001775862044800e+16 4.196162262854645600e+16 1.586014715509444608e+18 -1.912045753465758400e+17 2.445125688513434500e+15 8.979135189500478400e+16 -2.297622076888339840e+17 9.744108287920294400e+16 6.359139266357574400e+17 -1.831669379035076800e+17 -2.807524437432732800e+16 9.755269788675619200e+16 -6.422273203715220000e+16 1.615881514796286720e+18 -3.484327121964763600e+16 4.906848271736565000e+15 1.258932408030558000e+16 1.589695702488165120e+17 1.223238809276693248e+18 9.155048540371315200e+16 -1.286509030093140960e+17 -2.232740055193455600e+16 1.064570843614313920e+17 5.660248640872951200e+16 -6.451822589542563840e+17 -4.808386674360432640e+17 7.617058440859766400e+16 -6.424241875734998400e+16 2.778821496788355584e+18 7.125015596182785600e+16 1.307316007444363200e+17 1.847074915437766750e+15 1.948924987034806800e+16 1.114548314684031104e+18 4.721501376873190400e+16 8.344294164546910400e+16 1.195309620431094880e+17 5.700784971803868800e+16 -5.780937623545408800e+16 1.488802014198094336e+18 8.572998599030286400e+16 5.423599853386044800e+16 -1.500690119376305500e+15 7.338267031696613000e+15 3.530788581245971600e+16 -5.676588608455596000e+16 -1.165438301247159840e+17 4.084767618570712000e+16 7.685648153405384960e+17 1.625384356030157120e+17 1.148308831071238880e+17 -2.586048020544126800e+16 2.237791848007441920e+17 -1.244354447022035680e+17 1.428811100491233600e+17 3.693610275701590400e+16 5.514921993929728800e+16 -2.959735329064007600e+16 1.244587604167200000e+18 4.587437089531032800e+16 8.460883517340598400e+16 4.259427757512936800e+16 2.809900727536643200e+16 -1.379652340323373800e+16 -6.116458008819820000e+16 8.093269027309455360e+17 -1.956292003661018800e+16 1.287987661151911200e+16 5.972523260118529000e+15 6.866752427393870400e+16 -1.441986328919789250e+15 3.007820241260008000e+16 -1.045743376177474560e+17
1.128301322885671234e+11 5.023071122110943604e+11 1.260421932844156250e+12 1.351817254829909912e+12 6.818550459848706055e+11 4.678538696177355957e+11 3.275966082075166626e+11 2.198037597649039307e+11 3.415596506223247528e+10 1.653651707273507080e+11 9.266159292286793518e+10 7.508757735465328217e+09 -1.825854819128288651e+10 1.171135656467902832e+11 5.861889955103138733e+10 5.031170104287445831e+10 -4.273104282625915527e+10 -6.204971179173945618e+10 -3.924037074139411926e+09 -6.760543292548982620e+09 -1.921299798214319611e+10 3.130916574930983543e+09 -1.571083058550243568e+10 7.728452641154542542e+10 1.342762284092935181e+10 1.405481794490805626e+10 3.163327687981132889e+10 -3.242536876820255756e+09 -1.004743046422226334e+10 4.122587898772064209e+10 2.269337238956427765e+10 5.446712190073677063e+09 9.515913329376420975e+09 -2.307734713366637039e+10 1.905196163279359341e+09 1.446841951516222715e+09 3.740052383926891804e+09 -4.337617438825892448e+09 2.397526855148336887e+08 5.930316129342648506e+09 -1.183281145215264702e+10 2.504294616794033813e+10 4.277680685989481926e+09 -2.831842958693794250e+10 -2.302557248618886948e+10 -1.781979117791196928e+18 -3.634304209309270400e+17 1.593055875454799040e+17 9.512623254447175680e+17 1.438086349100553472e+18 2.721704455223225600e+17 6.086527206227388160e+17 2.621155815045855680e+17 5.504865664992157440e+17 1.902433766254333120e+17 -6.178954373190656000e+17 1.078196363223244416e+18 5.224304105470781440e+17 2.297787932677020672e+18 3.842376785701952640e+17 -1.317763383375315040e+17 5.252630267757313280e+17 1.657510238796099840e+17 1.305572625124962400e+17 1.730481937301599200e+16 4.117721833580380160e+17 5.036170732675475200e+17 2.254702253508280960e+17 2.237664819530559200e+16 2.337995266772931840e+17 8.245168808018787200e+16 1.621878824793545800e+16 -2.423187141235017920e+17 2.411526279166659200e+17 1.272320925292609760e+17 3.722435652563331200e+16 5.306337135574977600e+16 1.540279334766896960e+17 1.448005528196686080e+17 7.395896770256185600e+16 3.184378588104403840e+17 5.264258281476935200e+16 6.011179626852166400e+16 -4.010104983166991200e+16 2.285445947667900480e+17 6.280540651354705600e+16 3.469562409471159600e+16 8.907238888620224000e+16 -3.287851843312324480e+17 1.509715777620063360e+17 2.876953473931264000e+15 3.759121327647696000e+16 9.299637686943652000e+15 3.534692779325052400e+16 -3.993736160499187840e+17 4.677253982728637440e+17 7.057285567359243200e+16 1.467635716624774800e+16 2.296722070988186240e+17 1.549710331458764160e+17 7.248444412471520000e+16 2.813767212957107200e+16 1.273283654648919400e+16 -1.868720467811321920e+17 2.003449704214081280e+17 1.070407154585271520e+17 4.915228933283626400e+16 -1.740631801033841400e+16 -3.376777151546998400e+16 -2.113600484811612160e+17 1.595175005066548160e+17 6.117535947306660800e+16 4.763963650479668000e+16 -2.543433048654328000e+16 -1.221711457519717200e+16 -5.110817473716583200e+16 2.962871222840967680e+17 6.039647625105792800e+16 2.036686719224432640e+17 1.244484064771331360e+17 4.659516399624658400e+16 4.661274239082125600e+16 -1.450178187359822080e+17 6.182719546291254400e+16 5.522809827166587200e+16 4.783026779315716800e+16 -1.456428031521779000e+16 -2.243583101321303600e+16 3.292731830556050800e+16 1.579209837037504960e+17 1.947333961250411200e+16 2.582078671906672000e+16 -9.185502182888614000e+15 3.983920557761520000e+15 -2.381502247631880000e+16 -1.321702857678319200e+17 2.225279451426666240e+17 1.943771717773771600e+16 2.027713293838284800e+16 3.954277344374137000e+15 8.106048097963223000e+15 -1.162920634707302800e+16 1.644387672660212000e+16
-1.672814157007227051e+12 -5.533320696362958984e+11 -9.260070572211883545e+09 -2.696944502539603882e+11 4.839996317225822144e+11 7.149685737044489746e+11 4.555840639148223877e+11 4.102866730332178955e+11 1.192469512795815277e+10 1.083722264777451477e+11 9.836004675052552795e+10 9.424290637195301819e+10 6.400347467656312561e+10 6.274324504953495026e+10 -4.277113794949238586e+10 1.221968234091100454e+09 7.225625461967085266e+10 -4.745243104392240906e+10 -4.269983041867532349e+10 3.152768166562709427e+10 4.163412719989865875e+10 3.189751524340766525e+10 -1.177348405791875839e+09 3.777039462870930481e+10 2.615292199404653168e+10 3.578388041778656769e+10 2.450461880792808533e+10 3.547282440507682037e+10 -4.206711420934762573e+10 -2.005644086309838104e+10 2.140308151125457764e+10 2.239899809112523270e+10 2.467232787879597664e+09 2.813796385467375183e+10 2.516072527652117538e+10 1.718101764287252045e+10 3.978580245876281738e+10 2.305978361140451050e+10 8.378671686003172874e+09 1.828814764601416016e+10 4.248233318079770088e+09 3.620098634420656586e+10 5.105695781231465912e+10 8.463712339212412834e+09 2.163438030752380371e+10 9.580830959807619840e+17 -7.439952667684742400e+17 -2.101235557353425920e+17 -3.730838383976704640e+17 5.617707201182516224e+18 -1.096314747328342080e+17 -9.725401363189396800e+16 1.710951388963921920e+17 4.093819957367498880e+17 9.677942670150741760e+17 1.150079099705235328e+18 4.001154240150424500e+15 3.511593260036759680e+17 3.842376785701952640e+17 2.687011587728288768e+18 -1.150095204676001440e+17 -1.212935586516834400e+16 4.105562660554128000e+17 2.725374426875395840e+17 -7.327562820377828800e+16 -3.431790481699940480e+17 5.245149222617486400e+16 1.808552974919329600e+17 -1.575609767187927360e+17 1.624697009381571200e+16 1.480959422493324800e+17 6.493386034470363200e+16 -1.846210656719200000e+17 -2.385884244330530800e+16 7.755901109360301250e+14 1.087914853484490200e+16 -9.993754541705398000e+15 5.651762454200668800e+17 2.093739853894704640e+17 6.087724325401383680e+17 9.965765444844334400e+16 5.807126188637425600e+16 2.575295054695540400e+16 -1.794767048909235200e+17 5.645643338625999200e+16 1.001688741421824480e+17 4.033728078332750400e+16 7.050150435245139000e+15 -2.031425344952562560e+17 1.186349250870135750e+15 1.081616308084944320e+17 6.317129197378900000e+16 4.523017756302377600e+16 -1.447070048223415200e+16 5.921128320773183200e+16 1.198984351030236800e+17 1.448698818758157440e+17 5.928375706420224000e+16 2.452312596369189760e+17 -5.790050339903102400e+16 6.536028138216865600e+16 2.031877422026782000e+16 5.789905361175153600e+16 -1.015128414519023360e+17 -3.870284680156111200e+16 1.482897742276827520e+17 1.882619826928572400e+16 -1.553143886887492250e+15 2.241108298616882400e+16 -2.469154317516101200e+16 -4.039096964019316000e+16 1.031263859518278080e+17 6.553272473630975200e+16 -1.232901182941813800e+16 2.090674173309035600e+16 -7.974379404302273000e+15 -3.588013135787491200e+17 -8.012531367959342400e+16 -2.480998951015683200e+17 6.615078319083158400e+16 5.730503262405924800e+16 -2.222921371458704000e+16 1.734782616285805440e+17 7.979636853629454000e+15 8.928728479709968000e+16 4.912793685139816800e+16 1.442649220759845800e+16 -1.811030048817689600e+16 -3.541254695377150000e+16 -1.598248136394764000e+16 5.097222049860877600e+16 3.147100908825762400e+16 5.833270343887692000e+15 5.948385965024204000e+15 5.288421417047386000e+15 -1.577587826670188800e+17 -2.475498516797288400e+16 7.666303890276899200e+16 6.505230176102103200e+16 3.924416648292808750e+14 -3.872260011721046400e+16 -3.558476275171404000e+16 4.085155767385965000e+15
6.859939243390825195e+12 6.500507685526581055e+12 2.055874903673279297e+12 5.700413218962418213e+11 -9.911209362717233276e+10 3.238564656708506393e+10 4.790650999853303223e+11 4.213298387259271851e+11 1.310934092971434937e+11 -5.651895124319761658e+10 1.161590894737795563e+11 1.035483008864214783e+11 -3.027886183214924240e+10 -1.203788429446332245e+11 1.019368026912864380e+11 -2.550870849140345764e+10 1.198444785241257782e+11 1.085443628280406494e+11 -2.879408624631386185e+10 2.025869978813642120e+10 -2.529526741560925674e+10 -6.200942577845942688e+10 2.726576398855739212e+10 5.830129644513691711e+10 8.487141472151289940e+09 -5.860618066418072510e+10 2.151516238060916424e+09 1.548885566859995461e+10 4.891408877546590424e+10 1.507925199500747299e+10 1.710777031024456406e+10 6.806579243122559357e+10 -1.618614525549593544e+10 1.766094773233702421e+09 2.359587074538808060e+10 3.083562770645549393e+10 9.296065328890574646e+10 4.677431303916426086e+10 -2.208150863109228897e+10 1.284309169870762062e+10 -4.612119976271488190e+10 2.383533185720337677e+10 9.158369428669061661e+09 9.454105013551296234e+09 2.896508251976791000e+10 1.425135197443689882e+19 4.953725100995329024e+18 3.760114519343696384e+18 -9.754094788738579200e+17 5.819531431419236352e+18 2.433129182317450240e+18 -3.084666417455329920e+17 3.857733034772709888e+18 6.937326406630602400e+16 -1.056209499548752960e+17 1.864782521105512192e+18 2.415128441402028800e+17 2.406051461990407168e+18 -1.317763383375315040e+17 -1.150095204676001440e+17 1.036728406620806554e+19 4.173418327866909440e+17 7.145376409849027200e+16 6.509074683864919200e+16 2.182700087263577600e+18 -2.284468654015593600e+17 -4.886412482738900800e+16 -1.488571227606341760e+17 1.948246993397014784e+18 -6.965356310721271200e+16 3.680916212031111000e+15 3.470602010637854400e+16 3.629848604184697344e+18 -1.902513790885561600e+17 8.531061383656204800e+16 8.613655713724174400e+16 5.030454966102961600e+16 -5.184115543786619520e+17 9.233487484081195200e+16 2.005421528969902848e+18 -4.923579411655052000e+16 -6.172579964228161600e+16 7.250715084861337600e+16 1.617960700157223168e+18 -1.433997370623650400e+17 -3.359405407909991600e+16 -2.773740004351515200e+16 -3.571029749077816800e+16 3.324094981138514944e+18 -1.520831426770527200e+16 -2.029092202320910800e+16 -6.559844373694199200e+16 3.939781117459081600e+16 -6.588464925487108000e+16 3.964612535779926400e+17 -9.751024982146892000e+15 7.344019621989510400e+16 1.904977469001026240e+17 1.386091649641753600e+18 1.891577161054662000e+16 9.233854851295300000e+15 1.107925484219858375e+15 -2.225654592543404000e+16 1.182890297591802112e+18 -1.518075750999879680e+17 1.231461250403429500e+15 2.493549052363390000e+16 7.210619323863470000e+14 5.862687889081864800e+16 3.146823020697988608e+18 -1.334719814551734080e+17 2.472478542043952800e+16 -8.281171182840327000e+15 -3.498255323681908800e+16 2.953031469307062000e+16 4.745567168400437600e+16 1.780884177676773760e+17 -6.493640294711853600e+16 8.433765821593153280e+17 -6.674375737614455000e+15 3.254619020558206000e+16 -2.536633832723992400e+16 2.870932955043127600e+16 -1.331208946890988160e+17 1.318786929055783600e+16 1.660790144696145600e+16 1.470978052869394600e+16 2.712026109655246400e+16 1.297580291558740480e+18 -9.939836190480646400e+16 -2.450731777908879600e+16 8.221187465688565000e+15 -5.284926437246911200e+16 7.510898317610889000e+15 -3.620816116841547200e+16 3.121884185472411648e+18 -6.029443962499276000e+16 8.710540941667571200e+16 1.944853948454325200e+16 3.719878477582349600e+16 -3.032996770268967600e+16 3.486131583965589200e+16 1.446443139981994240e+17
-1.582337395074075195e+12 3.172221629649451294e+11 1.444832499310006104e+12 1.621910353782228516e+12 4.697217089698230591e+11 2.013431276918924561e+11 2.970492175997990723e+11 4.443670436328244629e+11 2.007681525116328430e+11 -1.045636013535085869e+10 -1.213669649059747620e+11 -5.133650111846122742e+10 -9.223474008796279907e+10 6.118693102181034088e+10 -3.180022105118638039e+09 -3.311874475501721573e+10 -1.556418510083267517e+11 -1.597907519669278145e+09 -1.037220288526688995e+11 -2.277220018433250427e+10 2.470995519061089325e+10 1.646417503279679871e+10 4.327324840862272644e+10 5.415301022318241882e+10 6.516781859542710114e+10 5.248955123661072540e+10 6.053313980728145599e+10 -1.886434438177155733e+09 3.404799591388954926e+10 3.410468635404928970e+10 5.488404688035683441e+10 3.334973885058119202e+10 1.535735044179159546e+10 6.064476039250285149e+09 1.779345005477860641e+10 -9.885204960921678543e+09 8.834018183995946884e+09 3.806708620432868481e+09 2.205026843362094116e+10 1.114986471547513771e+10 2.202283413695737839e+10 2.415609331263379288e+10 5.128709988969329000e+08 -1.262867181085147709e+08 8.213686346016560555e+09 -2.569369439039742464e+18 1.451339984636666880e+17 1.833588544579087040e+17 3.412388905616619520e+17 3.405623892033377280e+18 1.708910879693729280e+17 3.329383662975114880e+17 2.834865815304875520e+17 1.809578585913089280e+17 2.222135709073690880e+17 -2.906628823309761280e+17 2.308844276290800320e+17 1.343864281807878080e+17 5.252630267757313280e+17 -1.212935586516834400e+16 4.173418327866909440e+17 3.129608253801220096e+18 2.784915878056231360e+17 3.522430384963331840e+17 1.330475023073350400e+18 1.479368342669005760e+17 1.657600536075173760e+17 3.679779254090951200e+16 7.146404554182691200e+16 3.921458993771573760e+17 1.047810189558366720e+17 1.273958092614841760e+17 2.236871481080471600e+16 2.118433467226898240e+17 -5.791347628170767200e+16 1.293290982900119200e+17 -3.442200548360741200e+16 8.697874469511254400e+16 -2.277575442879996000e+16 5.063088767805879680e+17 2.123732532677947200e+17 2.333185892188846800e+16 8.662198680517600000e+16 -2.729812495720476000e+16 1.619956767178694080e+17 -8.356542852088146000e+15 1.876663373265631600e+16 2.153384623187794000e+16 7.413905535212217600e+16 2.183977859573402240e+17 -4.818918726122744800e+16 4.853170635632522400e+16 -3.079527582769376500e+15 1.437362042351187200e+16 3.508031335189674880e+17 8.204427790434634240e+17 3.596642624890849200e+16 1.113260901759786400e+17 -2.114968554724373440e+17 1.597768554011384960e+17 -1.707034518828802000e+16 3.724107390173769600e+16 -2.971107106351173200e+16 -7.051497682735546400e+16 1.724228765459728960e+17 3.127866291165465200e+16 7.453701274768808000e+16 -1.398941450542614000e+16 -1.636785973255935800e+16 8.290649152948630400e+16 1.517533272227769920e+17 -7.779084527318224000e+15 3.364417387903394400e+16 -1.073347519435992600e+16 -3.250465059487857200e+16 -5.793271851096322400e+16 5.237202427688301440e+17 1.686079078157393280e+17 2.562153941836936320e+17 6.816939978197936800e+16 4.314133245825492000e+16 3.481951629710998800e+16 6.735844712655400960e+17 1.278838803241645120e+17 7.700020438288857000e+15 4.085073765616397600e+16 -2.514100798269442400e+16 -4.489809217788510500e+15 6.788112343986885600e+16 1.474818181030790720e+17 1.696930839308550800e+16 5.293929201064742400e+16 -3.118550749554722000e+16 -4.105247704706729000e+15 -2.017900557620728400e+16 2.690693518975741440e+17 1.860586732873002240e+17 -2.175524725512615750e+15 3.907816278602392800e+16 1.797738705734425600e+16 -2.249288569826797200e+16 3.176619206729420500e+15 -5.960360495253108800e+16
1.314558954468184326e+12 9.796486490029518127e+10 3.223015966440125732e+11 -2.689314512995126343e+10 -7.903431221403010559e+10 2.438307111400177002e+11 5.894317650151068115e+11 4.339236499103859863e+11 2.874206493231026001e+11 4.379138276091200256e+10 5.918147571831900787e+10 -6.737063437711010742e+10 -2.533122238528296280e+10 7.589643511903787231e+10 3.408445542702039719e+10 -5.342948746628768921e+10 -2.616681632162204361e+10 -3.105619880879125977e+10 5.428537074271363258e+09 5.496205991775541306e+09 3.662088712566463470e+10 -5.373623945741150856e+09 -2.984488969583151245e+10 1.441867075649998474e+10 -2.462787396705164337e+10 -2.297202679261144161e+09 3.909578588720214844e+10 1.885408410553892517e+10 1.747377674298381805e+10 3.123377645879788208e+10 5.813067168321409225e+09 5.433238062085506439e+09 2.429107371128773499e+10 1.454846880950708199e+10 2.640821897052373886e+10 2.154217397370714664e+09 7.003983793179695129e+09 6.890687697988115549e+08 3.708252487121017456e+10 1.345130795920346069e+10 8.101263415997188568e+09 2.230243055427265549e+10 1.903846139983927536e+10 2.890138631298336029e+10 1.871563237881910324e+10 2.579982574235297600e+17 -3.821133597482314240e+17 -2.594735699997959040e+17 3.858509154094340480e+17 2.844387429630789632e+18 8.824210625327452000e+15 1.103662489413931360e+17 -1.218670403177620000e+17 6.242196960452205600e+16 5.445118948840108800e+17 4.043663594279529600e+17 -1.688821059439028600e+16 2.759665918302710080e+17 1.657510238796099840e+17 4.105562660554128000e+17 7.145376409849027200e+16 2.784915878056231360e+17 1.841647306890217216e+18 5.342322330756870400e+17 4.150348615482442880e+17 7.643411661390865920e+17 8.784391768890022400e+16 4.303018154823832000e+16 9.589774354573963200e+16 4.478796050049465600e+16 2.712716566037609280e+17 1.529102824554119360e+17 7.776599509592032000e+16 1.799736423824693800e+16 6.618360841635248800e+16 1.031275597496590880e+17 2.327302416636134800e+16 3.399621562589249920e+17 2.043613233382272000e+17 3.423253449936683520e+17 -4.486787152402808000e+16 8.914644979216600000e+16 7.220676187940113600e+16 -8.394541028600464000e+16 1.153696050255034800e+16 6.489758248305096800e+16 5.358756080804236800e+16 -9.437708680919768000e+15 -7.770452497072465600e+16 4.047846516883479200e+16 2.084706917941868000e+16 6.400716606265433600e+16 6.995820309439985000e+15 -7.187823223536164062e+13 -2.381474390260445440e+17 5.274495988731957600e+16 6.659818350478704800e+16 6.859701899781891200e+16 4.604186239612046080e+17 -2.886795575951408800e+16 2.576351448848783600e+16 6.891357792551448000e+16 2.558543680248396000e+16 -1.477353800941010880e+17 -1.786195958269086750e+15 5.761470319467120000e+16 4.267615985791196800e+16 -1.449326172493634600e+16 -2.032505243786981200e+16 -6.511160003910521600e+16 -4.613440582600279000e+15 4.688285337729791200e+16 8.809037823942894400e+16 -5.849895929396910000e+15 1.854329799671839750e+15 4.074336247988084000e+16 2.477481490579707200e+17 9.633741967704770000e+15 -4.645091117280771200e+17 3.555937126983473200e+16 3.710512017427668000e+16 1.660292303397052200e+16 4.231923393549386880e+17 -8.368178944858636800e+16 3.426187205655727200e+16 2.239956895591227600e+16 -2.825085194227143500e+15 1.147223129324955800e+16 -1.253012868374700800e+17 -2.330626809958750800e+16 3.378756704716250800e+16 6.040960527915940000e+16 -2.159086858117789250e+15 9.610486924947640000e+15 3.772529875352133000e+15 -2.167529596316702400e+16 1.111943277628636200e+16 3.733080491174865600e+16 3.942258180699850400e+16 -2.267759760647048800e+16 -4.409078428009610400e+16 -1.380916491574779400e+16 1.858882854609923600e+16
8.811056183645369873e+11 2.461668769071510925e+11 1.166972791661120605e+12 9.255235757345581055e+10 -4.898416252061235962e+11 -2.477292836668486786e+10 5.923850108576790771e+11 6.311968782488447266e+11 2.543275639883662415e+11 4.224686031471395111e+10 5.651398293840364075e+10 2.903992092174966431e+10 3.495323231550087738e+10 9.999144175342051697e+10 2.435410267002965164e+10 -5.850195334356431580e+10 -6.235584327188014221e+10 -1.007055785779428482e+10 2.521397572449652481e+10 4.132984280227219391e+10 -3.307823547901245117e+10 -7.305732027339987183e+10 -2.717274508292022705e+10 -5.814187420051396179e+10 -4.445324694099170685e+10 -3.587749701666629314e+09 -7.659017543768952370e+09 1.262172542957542419e+10 8.421330637567792892e+09 2.625362846684526825e+10 -3.497406153007735252e+09 2.183919596395610332e+09 -2.340367414579375839e+10 -4.589328011913179779e+10 3.916542155528420258e+10 -5.263543411370286560e+10 -1.285283159119786453e+10 -3.741536242100758076e+09 2.095404005406554937e+09 -7.787458487627049446e+09 -8.236326636436168671e+09 -8.945200110131261826e+09 3.430480968186834335e+09 -9.091595310012263060e+08 -1.885359025581613159e+10 -1.874341982458575616e+18 -3.988920641435550080e+17 -2.416490798669713600e+17 -4.908826382487605120e+17 2.333793521922478592e+18 1.284723495414992800e+17 -1.031853251314447680e+17 2.375969034728551680e+17 -1.857446153553275840e+17 5.283138018852796000e+16 -1.893579938385884928e+18 -1.430712001255547840e+17 8.431520020164548800e+16 1.305572625124962400e+17 2.725374426875395840e+17 6.509074683864919200e+16 3.522430384963331840e+17 5.342322330756870400e+17 3.883141075714315264e+18 -3.179440020712245760e+17 9.136946152338225920e+17 2.135922700141118000e+16 3.012967809557677000e+15 1.199115967496432800e+17 4.774615932393376800e+16 1.356710704479418560e+17 3.960433703609975040e+17 -4.708512508767086400e+16 3.153466905243765600e+16 -6.801258325767160800e+16 7.382192133554662400e+16 -1.066488919158655840e+17 -1.130407097730060480e+17 8.280372421349747200e+16 -7.880837984985578240e+17 7.764895148888548800e+16 2.766433372524484000e+16 7.828938195066790400e+16 8.225049207383132800e+16 6.555712903133260000e+16 3.358765165246289600e+16 4.064644413549899200e+16 -1.628417413988099200e+16 -5.942633077994930400e+16 1.617935544916640000e+16 3.571820332372003600e+16 1.129889515822325760e+17 3.585154211604944400e+16 -4.605244365105556000e+16 5.903126147429600000e+17 -6.500697710786179840e+17 -1.463209418223089600e+16 6.478760419423414400e+16 8.588699563081756800e+16 -1.264503977063335600e+16 -2.996221867381457500e+15 4.738824052999504800e+16 6.661150073703862000e+15 5.895203633759558400e+16 6.138131251234524800e+16 -2.443850584520279200e+16 1.052537577506923840e+17 7.935287384944464000e+15 4.027875954692208800e+16 -2.787202813179703360e+17 -1.517012676266737200e+16 9.524072279178882000e+15 7.861333716195083200e+16 -2.985176679576322000e+15 5.970508533020596000e+16 2.150862902156226800e+16 5.559131231431996000e+16 1.921496782378493760e+17 1.759714018792702080e+17 8.518789895902528000e+16 3.712019906092338400e+16 -1.607896417279360400e+16 1.727681813469491200e+17 -3.890219207132545600e+16 8.237865819326504000e+15 4.067263842982664800e+16 1.315811218353105200e+16 3.711882457928340000e+16 -8.356718286975483200e+16 -1.528812810346449000e+16 -9.530623908620882000e+15 7.131243938119937600e+16 4.163185382228524000e+15 2.468519246591916400e+16 1.203161955669920800e+16 -1.203854333209360960e+17 2.838833736559303200e+16 3.740341191597973600e+16 3.899220328114433600e+16 8.536723146350519000e+15 -7.808860170471148750e+14 2.398042595797204800e+16 1.853901221892673200e+16
8.666519296220442383e+12 2.294304588979581055e+12 -1.157208929812038672e+13 -1.506953483642787598e+12 2.589608237728741211e+12 1.103858184210929718e+11 -1.621674068214400391e+12 3.409546241652529907e+11 -3.127435149981876221e+11 -2.663007012013303223e+11 2.802441602824869995e+11 -1.411227296162084961e+12 -7.706876686375200195e+11 -2.433367610210757751e+11 -2.756671383302156982e+11 1.224974768586570168e+10 -4.539771847900481415e+10 -1.435430131746472168e+11 -5.261049212397005615e+11 -1.333059133148962860e+11 5.750787632456743164e+11 5.316378671750975952e+11 -4.433156633983877563e+10 7.440965178272837830e+10 -3.676518325498262939e+11 -5.964944805997026367e+11 -2.493680290225440674e+11 -2.554051339424233093e+11 -1.069815944531775055e+11 -3.753516670716005859e+11 9.339957580041062927e+10 1.422769744595369568e+11 9.220953190329206848e+10 6.606397298797481537e+10 4.103930071741950684e+11 4.167316007739032593e+11 1.884972602258385315e+11 -2.007995340484085388e+11 -2.060498831007242737e+11 3.485572728618572998e+11 -9.019263381159294128e+10 7.597441311144734192e+10 3.806538855765953541e+09 -6.051125253739224243e+10 8.026980266968334961e+10 1.042836829443160474e+19 -9.778269303492886528e+18 1.115891279831045888e+18 2.785280237850354176e+18 1.922296592189161882e+19 -7.947349335804527616e+18 -1.322732219293730048e+18 3.238287439893719040e+18 1.274116132106407424e+18 1.246010317157838080e+18 -2.893448277017619456e+18 1.390557508386698752e+18 -2.276473765990168576e+18 1.730481937301599200e+16 -7.327562820377828800e+16 2.182700087263577600e+18 1.330475023073350400e+18 4.150348615482442880e+17 -3.179440020712245760e+17 3.132112945197198868e+20 3.983436772294005760e+17 2.395762779100813824e+18 5.133869517446474880e+17 2.639726503858731200e+17 1.283812419181457000e+16 -1.710580857474877760e+17 -2.497655287578927040e+17 1.190702845266622976e+18 8.393740955890592000e+17 1.212847737464657760e+17 -4.089028318329453440e+17 -2.031855049346446400e+17 2.830705180947056128e+18 2.006252068889525600e+16 -7.266970172246420480e+18 -1.858908123725433600e+17 3.570242711852963200e+17 1.896402527287139600e+16 -6.892203791644907520e+17 2.623144319197138240e+17 -3.774053050692014400e+16 3.379584387491703040e+17 -8.791191704460608000e+16 2.061891610311417344e+18 3.945028320775841280e+17 1.213324889181966080e+18 7.386379126682691200e+16 -3.464759525462657920e+17 -7.689534471513990400e+17 9.103952421161743360e+17 1.861438958001073152e+18 1.411138585227970560e+18 6.414998880999105600e+16 4.191947006107567360e+17 6.274866123828426240e+17 3.334262043082198400e+17 -1.374805805908799520e+17 -1.080782153818907040e+17 5.804183635423690240e+17 4.362587812838554880e+17 -4.602868267533356800e+16 -1.350632222465443840e+17 -1.588734726323168000e+17 1.261533329068268640e+17 1.244749655769958144e+18 2.996044761060823040e+17 -2.541024585123574000e+16 -2.936715510357127680e+17 -1.610281791831495360e+17 -1.351996823077338560e+17 -4.206723940421612800e+16 3.357013748540750720e+17 -4.955846556603960320e+17 1.894992535627607552e+18 -8.946504115926324480e+17 -4.512147987023775360e+17 -3.288941865203416960e+17 2.186441287391312960e+17 5.811006952098991000e+15 -2.032475579495853120e+17 -1.207523524809780960e+17 7.519206679567398400e+16 6.864420760826442000e+15 -6.428532481084152320e+17 -4.658579946716114400e+16 -1.823983602960393920e+17 5.284856141428883200e+16 -3.571994565658138240e+17 -2.067128509527921600e+17 -4.128209599904204800e+16 1.962498466163124992e+18 5.383453953736126400e+16 1.086376910697025400e+16 -4.397400760001626880e+17 -3.523689732224079360e+17 -2.722260332079156480e+17 -2.542564478923889280e+17 5.586880172724801600e+16
-8.614123490154799805e+12 6.887519011925540771e+11 1.552569049860035156e+12 -3.155853882745265503e+11 3.328669566982554688e+12 7.526199857459781494e+11 9.729686562111934814e+11 -2.018194072128412170e+11 1.043106538880169189e+12 5.377583882325193787e+10 9.264149566753408203e+11 7.066595299125172424e+10 1.012481466744068359e+12 7.565328911378680420e+11 3.204467794510158081e+11 -2.489526264972652283e+11 -6.245522799830542755e+10 6.034052687507639313e+10 5.215024341098026733e+11 -1.228407440634017487e+11 -4.114566230956806030e+11 -8.911416622545120239e+10 1.033752270013166237e+10 1.699924371616094971e+11 -2.207268303341962280e+11 -2.087072187444158630e+11 1.844025870906680298e+11 4.524041658935317993e+11 5.129813756942201538e+11 2.590236366847988586e+11 2.486600954191910706e+11 4.446442591092584610e+09 1.582635254348389893e+11 -1.401373353051596985e+11 1.435316831025349121e+11 1.851838148131217957e+11 6.869107795865657806e+10 2.512361688307246094e+11 5.750550501268280792e+10 -2.003500076117828369e+10 1.023929276618705902e+11 2.292298062181836853e+11 7.152933330321466064e+10 -9.868626058205902100e+10 -8.250391768792214394e+09 -3.796727378331840512e+18 9.568818547807254528e+18 2.618367004692588544e+18 2.155163725555029504e+18 2.970794732025435750e+19 3.640755643619625472e+18 -3.086936819220899200e+17 5.694683993601207040e+17 -2.825362123252160960e+17 1.191444049932968448e+18 3.787886886937536512e+18 -5.298507787451733120e+17 3.685704883579291648e+18 4.117721833580380160e+17 -3.431790481699940480e+17 -2.284468654015593600e+17 1.479368342669005760e+17 7.643411661390865920e+17 9.136946152338225920e+17 3.983436772294005760e+17 1.649567896737282458e+20 1.986101118796030976e+18 -4.513972554913627200e+16 2.666892755797225984e+18 -5.572662719778117120e+17 -1.300563929038715840e+17 3.024018168160753280e+17 -8.178701885935037440e+17 -1.516487891509039040e+17 -1.439571504319156480e+17 -2.489499405057531200e+16 -2.141681861518195840e+17 2.404016495978898944e+18 3.106748255941408640e+17 5.157333980285479936e+18 -8.716152600887764480e+17 1.582598238814196160e+17 4.950551423301349120e+17 7.123477094294224640e+17 4.586131506076135040e+17 1.991395633704614080e+17 3.984401506544972800e+17 6.544296106459461120e+17 -6.018789186880058880e+17 1.245754318535642880e+17 -9.675069521921148000e+15 1.242294699148342880e+17 2.190679943230274880e+17 5.687197240151690880e+17 -3.562933949202646528e+18 -1.052399115736537120e+17 6.635467054485481600e+16 2.399097862251298240e+17 4.335885903511085568e+18 -4.734400797106413600e+16 -3.175124793785381120e+17 1.180759115007939520e+17 2.455336593832287680e+17 9.383364947890347520e+17 5.197655777770836480e+17 2.937592921233008640e+17 2.740213417998199040e+17 1.216424860583866880e+17 -7.438590137917395200e+16 5.979698895484707840e+17 4.075065263659370880e+17 -2.141119268440896320e+17 3.730745714266921600e+17 5.544365478869011840e+17 2.887243691551865600e+17 1.788731180333262080e+17 5.618835827968271360e+17 2.905262706433067520e+17 -4.139213915661167360e+17 5.044012091468211200e+17 -7.963770307295892800e+16 3.492855496106962800e+16 3.109319105015606784e+18 3.500811590997571840e+17 2.974990242534544640e+17 9.891564642833483200e+16 6.248162169156240800e+16 1.999375997003573440e+17 1.319987677189423360e+18 5.299119859671201920e+17 3.832255853901933440e+17 2.666811416181352960e+17 2.482305068092792320e+17 2.653707918821352960e+17 -1.269664903989212640e+17 1.266585584352851680e+17 1.169982312437812640e+17 1.786830961145741120e+17 -1.184373817070320000e+16 -1.776429285269817600e+17 -7.221272978594217600e+16 4.550847748781669600e+16 -8.511829776283584000e+17
-1.063882460016171997e+12 1.083586335566540527e+12 2.109810850009473038e+10 1.404282139574849609e+12 5.502406129507045898e+11 1.272979290001171722e+11 8.193335925986740112e+10 -7.475050468908264160e+10 2.915556700156909180e+11 2.679983577781063538e+11 5.320571440010560608e+10 1.998065733357395554e+10 1.115018082308535767e+10 1.218265123188650665e+11 -5.159066415421263885e+10 1.152475250269107056e+11 -4.663121810343081665e+10 -1.872943615232572556e+10 -4.727832629439823914e+10 -4.804959888481623077e+10 2.885355986588573456e+10 6.244736399590836525e+09 -2.528678367784972489e+08 3.247934437819374084e+10 -4.861716963296493530e+09 1.598165272182114983e+10 3.468706517903559113e+10 -1.497681417669236946e+10 -2.282672287580288696e+10 -7.777187841412869453e+09 5.377249073005112648e+09 1.860266518112330246e+10 4.734023128447500610e+10 4.585793609463877678e+08 2.600944951794686508e+10 1.825808858091645432e+10 -1.188297566462376785e+10 8.226864948640711308e+08 6.760818202314314842e+09 -1.384520235749699593e+10 6.062135855051432848e+08 1.644593241898906708e+10 -6.592134007592176437e+09 -4.427443454906002045e+09 7.583167043202410936e+08 2.551584925983435776e+18 3.640327065563361920e+17 5.496511108716199040e+17 1.217165802232631296e+18 7.196449159742769152e+18 1.276719050367544320e+17 5.400318340211719040e+17 2.299927617409821760e+17 2.819257105585473280e+17 -1.115545766156764800e+17 1.296370867425286144e+18 3.133248894783878400e+17 1.276747325638970560e+17 5.036170732675475200e+17 5.245149222617486400e+16 -4.886412482738900800e+16 1.657600536075173760e+17 8.784391768890022400e+16 2.135922700141118000e+16 2.395762779100813824e+18 1.986101118796030976e+18 4.245973739500726272e+18 4.246111958680558720e+17 -1.566848476216899520e+17 3.848519043747973760e+17 4.096721641353412000e+16 3.201102746147261600e+16 -1.148674457013324000e+16 1.898913907294064000e+17 8.465715998056864000e+16 1.548171657390472800e+16 3.157701513073614800e+16 1.557017203788830976e+18 2.905928997381782400e+17 5.375347151557731200e+17 2.290094601550074240e+17 1.166119119642628000e+17 6.800009857755646400e+16 -3.297426785879252000e+16 1.200791958021041600e+17 4.317636801439232800e+16 3.325329716809100800e+16 6.937142161430428800e+16 -1.064781877686960800e+17 1.495701755385904640e+17 5.233807486945779000e+15 4.070599496737937600e+16 7.855604035952670400e+16 6.680674852750459200e+16 -2.233052710511420160e+17 4.067680038505789440e+17 -3.797248796951628000e+16 -1.657225645825383750e+14 -8.575299406060414400e+16 4.177147544427698400e+16 8.644505879951630400e+16 3.531127731636646800e+16 6.241251658544156800e+16 -2.083718700967990080e+17 1.313330513413116640e+17 8.263754563164641600e+16 -2.119198370037221200e+16 4.966769530782688000e+15 -2.393848658207319600e+16 -7.747593212944185600e+16 9.876174798809288000e+16 4.282541436934440800e+16 1.775914654747401800e+16 -2.716975482039815600e+16 -2.151766909918854400e+16 9.610312904349268000e+15 4.062426647860124000e+16 7.687179148833003200e+16 -1.358440128745218600e+16 7.495873973068596800e+16 7.228719645019147200e+16 8.264641806774928000e+16 -5.092335624747768960e+17 1.854252780053850560e+17 4.522567344479133000e+15 4.692708188410708800e+16 4.091021063134633600e+16 -5.409292454272774000e+15 1.079946001069155520e+17 1.530125772429485440e+17 4.391020396731207200e+16 2.531068096644192000e+16 3.868637417076540000e+16 2.448138721177771200e+16 3.086806071664577200e+16 2.778910239392846000e+16 2.007837239096558400e+17 8.235892542978761600e+16 1.090207045840190600e+16 -1.780744826136190500e+15 5.275984753374361000e+15 1.661311003248312800e+16 1.116272664524271040e+17
-1.979750254330722412e+12 -2.954338190133430786e+11 5.432854443385470581e+11 3.655774271497542725e+11 5.688251110080374756e+11 7.796964523431059570e+11 5.386942291657905273e+11 4.816677216806476593e+10 1.050516983574047394e+11 1.280004830365268250e+11 8.072949656339332581e+10 6.302354702924592972e+09 -9.630399581502339172e+10 4.757374268175482941e+10 2.259399206010842133e+10 5.410885901469612122e+09 2.670591014759250259e+10 2.732055372320710373e+10 8.364570680852833557e+10 9.046012234818355560e+09 3.355234199243466949e+10 -1.372375906829813957e+10 -3.987240076901799774e+10 -9.344856292875394821e+08 -1.263533659361730576e+10 -2.557172623491049707e+08 2.704163620740005112e+10 1.546936805590610206e+08 -3.143256005557349777e+10 2.153974369956745911e+10 -2.650315228682337761e+09 6.654521249486207962e+09 4.070898373457298279e+09 -5.753050288471308708e+09 -1.133929942354139709e+10 -1.950923459928123856e+10 -1.088597928057140923e+10 -2.523024822547390366e+10 -1.137198703222171783e+10 -2.654137707883783817e+09 2.352986760261707008e+08 -2.615387772793767166e+10 -1.061721571793487549e+10 -1.025376391873818398e+10 -9.821391133116104126e+09 3.959312159821393280e+17 -5.768090830235006720e+17 -3.550443605121201280e+17 2.540182771306938880e+17 2.543801939815791616e+18 4.058145406850200500e+15 2.641568461106254400e+17 -6.552676396219125600e+16 -8.122166626431097000e+15 -1.744605789317182400e+17 2.678059859890815680e+17 3.413351302022073600e+16 2.097091035342254720e+17 2.254702253508280960e+17 1.808552974919329600e+17 -1.488571227606341760e+17 3.679779254090951200e+16 4.303018154823832000e+16 3.012967809557677000e+15 5.133869517446474880e+17 -4.513972554913627200e+16 4.246111958680558720e+17 1.945651388559635200e+18 -1.341276388413647800e+16 6.060821707007660000e+16 1.468985762632106560e+17 -1.774503752640091000e+16 -1.041543255539181120e+17 9.976233937679635200e+16 -1.078303349121230200e+16 7.323669036416179000e+15 -9.874810430661050000e+15 4.569612634131857920e+17 4.053690881817719040e+17 -2.402076938444454080e+17 8.387843171468164800e+16 1.471447289474439040e+17 -2.975165531891207600e+16 1.095732179352903200e+17 -8.973584325092507000e+15 5.440036223785248800e+16 2.209162070457652800e+16 4.692071327233082400e+16 -1.573809510594695680e+17 -2.849377499279684400e+16 3.197107568072222400e+16 -2.154296304566386400e+16 1.713632024579352800e+16 2.285899700281548800e+16 9.902753746243385600e+16 6.697104873531979520e+17 1.041081217184964320e+17 7.174288806560823000e+15 1.905263688785616000e+17 6.781973225099517600e+16 6.359670827074831200e+16 1.365864789824909400e+16 -6.523591054696953000e+15 -2.690117211332927600e+16 6.806284308073949600e+16 4.503561502388612000e+16 -1.483049975243650000e+16 2.683785002838324400e+16 2.771391543749289500e+15 7.242756889743662400e+16 1.017619723903609920e+17 1.028808318630445120e+17 9.751519378978834000e+15 3.155089888580684800e+16 -1.086473319530078600e+16 -3.427876406051865200e+16 8.152198563511331200e+16 5.441513556384200800e+16 -5.596495266572360800e+16 1.196371027374652160e+17 5.613462002926461600e+16 2.766642669917064400e+16 1.146421128566342080e+17 6.021688770726144800e+16 5.510086015088855200e+16 -7.760915455833615000e+15 2.234777480734232400e+16 2.218504846496741200e+16 3.587781294204648400e+16 6.283238527924266400e+16 7.690220322622091200e+16 3.352278378873767600e+16 2.317166864109094000e+16 2.241370382313741000e+15 -1.682533650630277200e+16 -2.093361714774915600e+16 1.144106449611385500e+15 5.734788729630794400e+16 2.987283080787846000e+15 -4.659774051840422000e+15 -2.113646607131218400e+16 2.122032281778816875e+14 3.804191021143886400e+16
2.106676581791281982e+12 4.947003205240789062e+12 2.354464325208047363e+12 1.012394137784787903e+11 3.219679110696706543e+11 -1.157194486387258453e+11 2.194476769791849060e+11 1.487600108033030701e+11 3.037381595766343994e+11 9.951364015900199890e+10 -2.366028436836595459e+11 -7.644330271898144531e+10 1.059972951537209473e+11 -4.959660029690400696e+10 1.278680482524697723e+11 -3.860260430592103958e+09 8.172479301439513206e+09 3.485250935317980194e+10 8.932234997308747864e+10 3.085935977743079758e+10 -7.618747390332397461e+10 -4.326587533136695099e+10 1.636784575271387482e+10 3.013913202512570190e+10 -3.830677650702790737e+09 -3.997663955857103348e+09 7.608329127394689941e+10 1.002878939738807487e+10 6.977536356268775940e+10 3.371147998572784424e+10 5.606648480339173126e+10 3.223808004306944275e+10 1.603019939972420502e+10 3.372801313417905426e+10 6.383911859164852905e+10 -2.197717529180460358e+10 1.923535105910636139e+10 2.506799508119795990e+10 4.110049852074672699e+10 5.765105434160605431e+09 7.161110467118651390e+09 1.362386742496069431e+09 3.197709798017294407e+09 3.709649029083695221e+10 -2.086473250353590393e+10 5.479276745944664064e+18 3.462771758965408768e+18 2.143657721333040384e+18 9.918729122236614400e+16 -3.164288172696203264e+18 1.687465056035367680e+18 3.372034690896149760e+17 1.203937898019072512e+18 3.067871132692446720e+17 -1.188432766852386880e+17 -3.199356603451244160e+17 5.559548254580085120e+17 1.353719332797475072e+18 2.237664819530559200e+16 -1.575609767187927360e+17 1.948246993397014784e+18 7.146404554182691200e+16 9.589774354573963200e+16 1.199115967496432800e+17 2.639726503858731200e+17 2.666892755797225984e+18 -1.566848476216899520e+17 -1.341276388413647800e+16 6.364517711743042560e+18 1.165301900050567680e+17 1.244505392299261440e+17 1.102292152386549920e+17 1.854987444293616640e+18 -6.705769331472136000e+16 1.852455851977461120e+17 -3.163032740148723200e+16 8.454050489828292800e+16 -3.259470689403496320e+17 -7.243209832124214400e+16 7.586689271683724800e+17 9.457586919579952000e+16 4.090497190838294500e+15 8.320947083178105600e+16 1.341613578825736192e+18 3.853932823052297600e+16 -3.199975207871706000e+16 4.186505999699964000e+16 2.900422986129139600e+16 1.084582631615553920e+18 -5.348264826284056800e+16 -2.380690249974393600e+16 2.463118009246128800e+16 -2.295777065547739200e+16 5.849677168587812800e+16 1.440117730069356160e+17 -1.006654239394651648e+18 1.149680635854124800e+17 7.188031879412281600e+16 1.136493595959197440e+18 3.031196589231216400e+16 -2.135082382585885200e+16 2.466221067713186800e+16 -1.817189725788492400e+16 1.294622149650624512e+18 -6.877260650243281000e+15 2.983729203021495200e+16 3.606097860204748000e+16 -3.854617088573471200e+16 6.024512295482484000e+16 1.081607364912004096e+18 3.863979677217001600e+16 4.792796179161822000e+15 -1.550783564201362400e+16 7.708544588859689000e+15 2.509679079978635200e+16 5.524563011169736800e+16 1.156904270546338560e+18 2.843686143990434500e+15 6.995902103001708800e+17 -7.946997107313944000e+16 8.195273529488544000e+16 5.195863470103803200e+16 6.195975521874269440e+17 -1.012090754362884000e+17 -4.910556194049590400e+16 -7.859910236058609000e+15 -3.062409299226077600e+16 -4.554107855132068000e+16 1.122758853997028608e+18 -1.210448148477258400e+16 -2.872158674559554800e+16 1.437972436808750800e+16 -3.325805384399554400e+16 -2.825632913197812800e+16 1.533656942144089800e+16 9.710386145646977280e+17 -1.471000702014072400e+16 -1.528468606113165600e+16 -9.621703426448694000e+15 -4.216599235647502400e+16 -8.655743767842389062e+13 -9.346935313619926000e+15 1.089851871271512960e+17
-1.880208408803149414e+11 1.233304244097241364e+11 7.886231712647354736e+11 1.582342890720881592e+12 5.247306485189774170e+11 3.623430442751323700e+10 1.027749035182887421e+11 1.954512021029491882e+11 1.982848668555422974e+11 1.238725220043714905e+11 7.967418521216903687e+10 -2.821128715764631653e+10 3.508535846582530975e+09 1.378526027001275444e+10 -4.141030626592459869e+10 1.123604314392035103e+10 -4.445147854259864807e+10 9.853714010218961716e+09 2.872941454740897751e+10 2.896772237212612915e+10 2.399961389279439926e+10 2.275401955181042099e+10 3.919851171833473969e+10 5.431344571854297638e+10 -5.306248310375214577e+09 1.548480340185896111e+10 2.224069598292280197e+10 -1.332757236885332584e+09 2.184210854568491745e+10 7.037663138924635887e+09 1.062046135286384010e+10 2.112680278718391418e+10 2.515726528301882172e+10 3.689911072638682556e+10 1.982727703793785095e+10 1.558995598031993675e+10 8.573259864756165504e+09 1.600452157318711662e+10 8.012316131928894997e+09 9.188131424040534973e+09 1.045003875030190110e+09 1.129053423252451324e+10 5.860227615958997726e+09 -3.692360382599847794e+09 1.086138731178429222e+10 -8.506776929464602880e+17 1.454151362483740160e+17 -1.162162054897349440e+17 1.956825006192903680e+17 6.693437717415651840e+17 -1.199865458664829600e+17 4.794195022367356800e+17 1.097489102638576000e+17 1.245872675983644160e+17 -8.012620254310412800e+16 5.695399272602238080e+17 3.421023641483870720e+17 -1.755300869645891200e+16 2.337995266772931840e+17 1.624697009381571200e+16 -6.965356310721271200e+16 3.921458993771573760e+17 4.478796050049465600e+16 4.774615932393376800e+16 1.283812419181457000e+16 -5.572662719778117120e+17 3.848519043747973760e+17 6.060821707007660000e+16 1.165301900050567680e+17 1.295065870263411200e+18 9.807215193314449600e+16 7.222383205621192000e+16 -6.206599027750348800e+16 2.868427798040325440e+17 6.099863572330730400e+16 5.086512969051615200e+16 -1.141593614862699000e+16 5.249878624631183360e+17 4.514657272102812000e+16 3.832260945460063360e+17 3.026267572075580800e+17 7.221727889686954000e+15 2.989713377635751600e+16 -1.307072924946739360e+17 1.913575087128035200e+17 -1.248638600334201750e+15 3.167675466446466400e+16 2.740777566012270400e+16 -1.700746382315775360e+17 1.787752156457910720e+17 -1.726034786250098800e+16 -1.014634665051706875e+15 1.609601075491936600e+16 -4.892994276828702400e+16 6.133073795896901120e+17 3.782036188640947840e+17 1.560428875418748800e+16 2.614243203792709500e+15 -1.479169466118257280e+17 1.451880620473802880e+17 -1.526223977581616600e+16 5.986604512859879200e+16 6.335367488241472000e+16 -6.855003786951958400e+16 1.817005626917806720e+17 3.760842613098262500e+15 1.682125162514982600e+16 1.387735961497368800e+16 -2.596283146508688400e+16 -1.445274901013178880e+17 1.864086350277907200e+17 -3.268208292183289200e+16 3.675993004139025600e+16 -6.440946395478730000e+15 -1.762306817581099400e+16 5.862584532562169000e+15 -3.168984663906668800e+16 7.313658709650468800e+16 -2.234422398437660800e+16 -1.007625625477593600e+16 5.812742740923489000e+15 3.672838399715481600e+16 3.786749934678117760e+17 1.089154878490267520e+17 -9.400991933624156250e+14 3.590268588082317200e+16 1.854432902724160800e+16 -2.855843720660766000e+16 -8.138153960435381000e+15 1.072183114791797280e+17 -2.690607474633171250e+14 3.287707690179779816e+10 -5.785952225243195000e+15 -2.280994831420150800e+16 1.609897143812196600e+16 -1.306979776762443680e+17 1.396179791511911520e+17 7.997146403164829000e+15 1.472692427965671750e+15 9.190896430523036000e+15 -1.017504776492249000e+16 1.128179824473812800e+16 -2.492231908349673200e+16
1.578590240277770996e+11 1.169004230397696991e+11 5.546931553698466492e+10 -2.271126403679749146e+11 2.018748648201175232e+11 3.628112154825096436e+11 4.423524874490292358e+11 3.161682911153117065e+11 2.198582893275140686e+11 1.724013537398187561e+11 7.426504667162704468e+10 -8.143322942848711967e+09 -2.048343997791774750e+10 -1.571376491016840172e+10 -6.263538772809541702e+09 2.107002934242899179e+09 -3.228929574297154999e+10 2.814362682567889404e+10 5.513985837649947357e+10 1.831505125091184616e+10 3.340483956665448380e+10 -1.330788875218497849e+10 -2.787594701880948639e+10 3.403453342267716885e+09 4.664938253764811516e+09 1.018530268694445801e+10 2.083685548926269150e+10 6.634535700652485847e+09 1.842314828864898300e+10 1.308481339205897713e+10 -7.758238982568419456e+09 1.881213154024815750e+10 4.129482843301188469e+09 2.045167204803656101e+09 -1.716996464197019577e+10 -8.516857919541182518e+09 -1.917600277775404692e+09 -1.281549409529123306e+10 -6.317231839176425934e+09 -1.241890426825742531e+10 -7.527740510736747742e+09 -6.296036759570331573e+09 -8.668284191096315384e+09 3.227851656687202454e+09 -3.603801852964223862e+09 5.877049350341543680e+17 -7.888916401955624000e+16 -1.886214450399436800e+17 1.186085817149376160e+17 2.006683269016630016e+18 -3.734979698885400800e+16 -7.316139461910008000e+16 4.718858728211528800e+16 7.480139721313009600e+16 6.404476254306830400e+16 4.594724015576979840e+17 -3.007320733218487600e+16 5.443001775862044800e+16 8.245168808018787200e+16 1.480959422493324800e+17 3.680916212031111000e+15 1.047810189558366720e+17 2.712716566037609280e+17 1.356710704479418560e+17 -1.710580857474877760e+17 -1.300563929038715840e+17 4.096721641353412000e+16 1.468985762632106560e+17 1.244505392299261440e+17 9.807215193314449600e+16 6.605665173530960640e+17 1.192173355992835840e+17 1.467123039073479360e+17 7.260915289315329600e+16 1.345953223313172800e+17 8.399416579287921600e+16 6.741701937193258400e+16 5.061355531602666880e+17 1.681631218124168640e+17 1.781338126741579840e+17 4.381243531135996800e+16 1.073246557334530400e+17 8.542013747785293000e+15 -1.320562602698521600e+16 4.199716523575056800e+16 4.123171266064491200e+16 4.342564335485975200e+16 5.574180052479620800e+16 -4.046034575733986400e+16 1.663096967953857200e+16 6.504888357233952500e+14 7.247165764769001000e+15 2.769391441655378000e+16 -3.253571114586038125e+14 -1.457555212789187840e+17 1.015669336206037760e+17 1.048161334382701600e+17 1.506584041399295400e+16 -2.540069633812869120e+17 1.772853878425178400e+16 5.221655029554548800e+16 6.444757104495584000e+16 3.519529575202760800e+16 -5.652001997466348800e+16 -2.751014435980092000e+15 3.109013951215986800e+16 3.750908694041613600e+16 3.722572254856302000e+15 -1.841193033854957600e+16 2.197817033213688800e+16 2.239429604676867600e+16 5.459372745596541600e+16 4.241312699731900800e+16 9.066451218447316000e+15 -1.078586360207940200e+16 1.343868227358868750e+15 7.438368144630291200e+16 6.133303062035040800e+16 -3.147927382850203200e+16 5.267153757972384000e+16 3.895062738484304800e+16 3.718999259450697500e+15 -1.381150692795173280e+17 -1.427715196832011000e+16 5.279557300032381600e+16 3.481624181676598800e+16 2.349585336826994000e+16 -6.344874630156417000e+15 1.273379705564564200e+16 -1.215248572872533000e+16 3.074857025503658400e+16 2.278043552901929600e+16 8.496529507327818000e+15 -4.988885917874752000e+15 -2.226003796979867500e+15 3.808772250689052000e+16 -2.104291054284337200e+16 2.875376817896392400e+16 1.586415806752631400e+16 -6.177402491079035000e+15 -1.796820760933404250e+15 -3.003623097354440500e+15 1.767291186780343000e+15
8.985534292526401367e+11 1.023533192312808228e+11 4.272986180810827026e+11 1.819143810910588074e+11 -3.593440963666872406e+10 8.952316930229885864e+10 3.483888439967090454e+11 4.550039902085400391e+11 2.721543612029602051e+11 1.906804856521690979e+11 8.835689663240768433e+10 5.597302281712265015e+10 2.846415613072387314e+10 6.310683694976828003e+10 1.542413844810671997e+10 -1.384417029820153999e+10 4.010968793298551941e+10 3.800068167106427002e+10 3.768842723546000671e+10 4.700591696211270905e+10 4.563678020115113068e+10 -1.146118023370854568e+10 6.993490232810170174e+09 4.162281646890737534e+09 -1.111997287056134224e+10 2.306054833257225418e+10 1.844651259031577301e+10 6.318379514258557320e+09 1.416995218127647972e+10 -4.592450051778078079e+09 1.815934875293696213e+10 2.143817307708161545e+10 4.026454149073994446e+10 2.896645264070881653e+10 3.052167602725996017e+10 -1.593700920545906305e+09 2.941476898917647934e+10 1.134165859386314392e+10 3.357425470189797974e+10 2.280725785027957153e+10 -7.849968849023846626e+09 2.196340587492956161e+10 1.096102800206104088e+10 2.728465604628790855e+09 1.839002348249144363e+10 -2.514979557334122560e+17 5.620704334155633280e+17 -3.410032243080284800e+17 3.447831349602724000e+15 2.234895686700252672e+18 -1.512311836022755200e+17 -5.207547994583682400e+16 -6.737892296656258000e+15 -4.626895180834775200e+16 3.148072043548415200e+16 -4.837553867596689920e+17 -4.013839061650943200e+16 4.196162262854645600e+16 1.621878824793545800e+16 6.493386034470363200e+16 3.470602010637854400e+16 1.273958092614841760e+17 1.529102824554119360e+17 3.960433703609975040e+17 -2.497655287578927040e+17 3.024018168160753280e+17 3.201102746147261600e+16 -1.774503752640091000e+16 1.102292152386549920e+17 7.222383205621192000e+16 1.192173355992835840e+17 9.771311246132725760e+17 1.099341996650434880e+17 1.879019993781110400e+16 5.326813575748941600e+16 2.314068825660503040e+17 8.607342375143692800e+16 1.897696129492672960e+17 1.055242453969674080e+17 -6.647841959414136000e+16 3.879178233636172000e+16 3.279661241114108800e+16 1.363910793685177440e+17 1.324302572757408600e+16 7.502082124912760000e+16 3.824884067769946400e+16 6.651040092718836800e+16 1.962520949287402000e+16 -1.447670383194617400e+16 -3.012509294011351500e+15 2.777146645889089600e+16 7.887480154419179200e+16 4.446648671264340000e+16 2.137685446805520000e+16 -9.518448563059758400e+16 2.309531095935639040e+17 6.091977137233621600e+16 9.701749412061825600e+16 -9.232926050915325000e+14 2.750667511830398400e+16 1.648842988702484400e+16 7.706725452814852800e+16 5.180161835167592000e+16 3.195118321305741200e+16 2.948075404927627200e+16 9.195416039355848000e+15 7.408608172882446400e+16 1.564567982267103000e+16 7.885826012754054000e+15 6.505857959563296000e+16 1.938048084756777600e+16 2.570913051916826800e+16 2.348564402508374400e+16 -1.400038383408869000e+16 -1.980638247538483200e+16 1.271759242943347800e+16 3.798841258323848960e+17 9.429872041766875200e+16 -1.456364428103724480e+17 9.091289780366254000e+15 4.836284496298832000e+16 3.198728592454826000e+15 3.930635384173863200e+16 -3.130242125768058400e+16 -3.081859022112559000e+15 2.883806721983380000e+16 1.380085426378615400e+16 2.281663375040112000e+16 4.435024446681759200e+16 3.708538636110306400e+16 1.481071150496340200e+16 3.910132759968285600e+16 -4.985949411699794000e+15 -1.859662881918423000e+15 3.564008997397512000e+15 5.843960288677370400e+16 3.229441185549770000e+16 2.532111461021668000e+16 4.123382773638790400e+16 -5.031720362708638000e+15 1.217574571500486600e+16 7.265269683466195000e+15 1.189876102787668200e+16
5.496156090879239258e+12 4.667943926762953125e+12 1.354453806511562744e+12 5.051737409830252686e+11 -3.963231224417329102e+11 1.290745076282279510e+11 1.376618450639069824e+11 5.430984585258135986e+10 4.453335453379476166e+10 3.824337525268535767e+11 1.021307926772903595e+11 4.055736506337158203e+10 2.107149773193995972e+11 -9.749311274999719238e+10 1.134985664649062958e+11 -1.171148993582206573e+11 -1.155910120611988068e+11 5.027039387139987183e+10 -3.696459410805982971e+10 7.855493725480528259e+10 1.020127409173963318e+11 -3.835924411910426021e+08 -5.155237838876850128e+09 -1.780130309841738510e+10 -1.880583542860236359e+10 -3.361941128882044315e+09 -8.132328708538056946e+10 1.378661619083347321e+10 9.338795286704841614e+10 1.566208725862260437e+10 -8.282245962097122192e+09 4.074003671001054382e+10 1.697315978680982208e+10 2.921682726196089935e+10 -4.016886321067977905e+09 -9.071832919713872910e+09 4.579002104442655182e+10 2.791537888261112595e+10 -6.037410626297136307e+09 3.730099498201616669e+10 1.030121284419685364e+10 6.518277813613378906e+10 -4.750236166073313713e+09 4.690578771264555359e+10 3.321546046413326645e+10 1.182578315426122342e+19 3.485087643990387200e+18 4.080211740516422144e+18 -3.090861628900896640e+17 -2.749065956693767680e+18 2.079841846050694656e+18 -5.865235303781520000e+15 3.955340510943445504e+18 3.815632766460963200e+16 -4.987929657826074240e+17 1.124045810998753120e+17 -2.407130757996792960e+17 1.586014715509444608e+18 -2.423187141235017920e+17 -1.846210656719200000e+17 3.629848604184697344e+18 2.236871481080471600e+16 7.776599509592032000e+16 -4.708512508767086400e+16 1.190702845266622976e+18 -8.178701885935037440e+17 -1.148674457013324000e+16 -1.041543255539181120e+17 1.854987444293616640e+18 -6.206599027750348800e+16 1.467123039073479360e+17 1.099341996650434880e+17 7.153329407688208384e+18 2.369043183742906240e+17 2.905120779114224640e+17 4.112342947784438400e+16 1.644065555234507520e+17 3.761179131496129600e+16 9.836305712361262400e+16 1.109791795622789120e+18 -5.453802504415106400e+16 -2.052200301370334062e+14 3.579871268425736800e+16 1.784388829036815104e+18 -3.033398920545768800e+16 7.753807991571129600e+16 2.786450197373908000e+16 6.081664687204285600e+16 3.241390403941548544e+18 -2.323963017480909440e+17 2.943118659096916800e+16 2.534283864161914400e+16 -4.779281000532461875e+14 -1.406083215290914600e+16 4.976002866963978400e+16 -9.180146298518140160e+17 7.456183401255252000e+15 1.456332797325398080e+17 1.201051950165986816e+18 -5.103679783090303200e+16 1.549781190601961400e+16 -2.129943540707926000e+16 8.242857850868790400e+16 1.090118743596120320e+18 -4.867469736647102400e+16 -3.438457565265644000e+16 7.189858960639597600e+16 1.649532473812430000e+16 4.214055021490176800e+16 2.918106851843328000e+18 -7.892721957947470400e+16 3.703140334269372800e+16 -3.101793393980269200e+16 -4.358110346038497500e+15 -8.694454739289323000e+15 1.311539454236233280e+17 1.234315596851201440e+17 4.110432109290258400e+16 3.323377632636465280e+17 7.728644927196387200e+16 7.623222184194776000e+16 2.065147442744375750e+15 1.006278011301358080e+18 -3.449573746898455600e+16 5.947665175670724800e+16 7.714809657469108000e+15 2.665872373181690800e+16 1.797551968705687600e+16 1.040092792900775040e+18 -4.367510337338286400e+16 1.461294527433269600e+16 1.560975949484345200e+16 1.273301285478204600e+16 -2.900093550366167200e+16 4.884703465321859000e+15 2.588767580186706432e+18 -8.489188930878664000e+16 3.868626839325650400e+16 6.321381728356115200e+16 3.631797497250688000e+15 5.521995464091189000e+15 -9.852891782077686000e+15 -2.813099781551734400e+16
1.440144840521668457e+12 -2.308635429592722168e+11 6.280243054244638672e+11 8.725638968640988770e+11 5.063379637184476318e+11 3.263648277525434570e+11 4.684228304942239380e+10 7.515275697908903503e+10 7.900126119323051453e+10 2.575091957475517273e+11 6.395135478613060760e+10 4.546235788935462952e+09 -5.701035105892131042e+10 3.282687736388001442e+09 -6.301995439144675446e+10 -2.098970165300886869e+09 -7.901594184927290344e+10 -2.277770361132756424e+10 2.882701172642681503e+10 1.821714772955584335e+10 5.168491036843740082e+10 1.310981402561117744e+10 -8.409998830742345810e+09 -1.483354676419069672e+10 6.254172648664426804e+09 1.959769801431188202e+10 -1.272699970675067663e+09 -1.337810402166824532e+10 -7.329209408391971588e+09 1.308371334029605865e+09 1.737953569939784527e+09 -3.726155473564986706e+09 1.244981042826775742e+10 1.582061077170350647e+10 1.792825501635916138e+10 3.738327052002423286e+09 5.562681262230059624e+09 -9.780696636697553635e+09 2.058648544997650146e+10 2.336365203869221878e+10 3.648809840332695007e+09 3.599777985246346283e+10 -4.699799858660232425e+08 -1.364477256526958704e+09 5.789171215071273804e+09 3.933006360612987520e+17 -3.156642318361931520e+17 3.055672823714272000e+17 2.227968200601725120e+17 1.686391651349563648e+18 7.423820322475065600e+16 2.908390160981415680e+17 3.067047691507086720e+17 1.706881115981348480e+17 -5.377330686979244800e+16 6.083399462103777280e+17 1.789407945287515840e+17 -1.912045753465758400e+17 2.411526279166659200e+17 -2.385884244330530800e+16 -1.902513790885561600e+17 2.118433467226898240e+17 1.799736423824693800e+16 3.153466905243765600e+16 8.393740955890592000e+17 -1.516487891509039040e+17 1.898913907294064000e+17 9.976233937679635200e+16 -6.705769331472136000e+16 2.868427798040325440e+17 7.260915289315329600e+16 1.879019993781110400e+16 2.369043183742906240e+17 1.696757656304164352e+18 1.279535101985639040e+17 2.278142704321101600e+16 4.037810525504692800e+16 8.165825612259321600e+17 -3.432165745482753600e+16 -6.631598131179691520e+17 9.204847832948016000e+16 4.698513028976093600e+16 -7.074579694754270000e+15 -6.850989266938716000e+16 2.589498082612585920e+17 5.221642759249395200e+16 3.129072189230148800e+16 3.929391344090027200e+16 -1.542658474694086080e+17 1.688163908684868480e+17 1.647165414323206600e+16 8.027859708226213750e+14 1.534670187068038400e+16 7.796171028710153600e+16 1.829634163784550400e+17 5.921032665872815360e+17 7.421395287678853000e+15 9.960616051207082500e+14 -7.386467490448105600e+16 1.142554499201324320e+17 3.483853851568862000e+16 7.345192954994099200e+16 3.343185201806427200e+16 -4.568833701380913600e+16 8.763538410194625600e+16 1.012480726467883600e+16 -2.387310107834688800e+16 -3.373381050381568000e+15 1.827719079510954000e+16 -8.163333768022972800e+16 1.048289210154784160e+17 -1.954802151692939200e+16 -8.210645566708687000e+15 -9.600875921447946000e+15 1.094306736904408000e+16 4.753117808377286250e+14 2.347477571413473280e+17 1.125519879951471040e+17 4.075214477673901600e+16 2.359368567083100800e+16 7.266681635054874000e+15 7.038637445046387000e+15 2.635792956016731840e+17 4.798419594083095200e+16 -2.022961454667383200e+16 7.618115577614332000e+15 8.897187284875731000e+15 1.281532618031709400e+16 -4.817522203414997600e+16 7.800543491778009600e+16 -1.483787272574454000e+15 1.382212929784404531e+14 7.124848106066773000e+15 -2.135912786601623600e+16 -1.369530037088057750e+15 -1.136635733403826240e+17 9.840410139656707200e+16 3.709215018503002400e+16 2.985378407880497600e+16 3.079011532269037000e+15 -1.374489324591487800e+16 -6.283569666131784000e+15 -7.996144325780414000e+15
-1.985470605440917053e+11 -9.277490831130812073e+10 1.974408615136213379e+11 1.407490929788877869e+11 3.383814787686600952e+11 4.158478475474861450e+11 2.053409491931206665e+11 2.320495342375809479e+10 2.237378143529460754e+11 2.048310034516769104e+11 1.033195203515325012e+11 3.698024482634648895e+10 1.982648236572343826e+09 -2.410428372778799820e+10 3.354612422576778793e+10 5.493279258668039703e+10 2.504997348180661392e+10 1.297979218619098854e+10 -1.672889254428235245e+10 -3.266930455423172379e+10 3.794097364496662140e+10 1.247437327937061119e+10 2.158284164865236664e+10 5.909348114716945648e+09 2.111968358301895523e+10 3.499463557092954254e+10 3.883495441006748962e+10 1.450126277971306038e+10 1.389875468311340714e+10 1.617134483997453690e+10 1.553048527249479485e+10 1.704830516420387840e+10 1.872597158403042984e+10 1.526365020702648735e+10 4.593044778738976479e+09 5.961693476469756365e+08 -5.101744047140544057e+08 5.424440004392652512e+09 2.852587490594279480e+10 6.180346374868951797e+09 2.652568757869637012e+07 1.910845659320923233e+10 6.178340484078198671e+08 8.990393602659173965e+09 -6.980316800501338243e+08 -3.480108153572192640e+17 7.186162185768307200e+17 2.579617377120586880e+17 2.850155968109332160e+17 1.852017379958522880e+18 4.584206530319224320e+17 1.084460419541296640e+17 1.540032471955992640e+17 -3.550510399130877200e+16 -5.914071868113919200e+16 -8.916765618466910720e+17 -1.492935369298474400e+16 2.445125688513434500e+15 1.272320925292609760e+17 7.755901109360301250e+14 8.531061383656204800e+16 -5.791347628170767200e+16 6.618360841635248800e+16 -6.801258325767160800e+16 1.212847737464657760e+17 -1.439571504319156480e+17 8.465715998056864000e+16 -1.078303349121230200e+16 1.852455851977461120e+17 6.099863572330730400e+16 1.345953223313172800e+17 5.326813575748941600e+16 2.905120779114224640e+17 1.279535101985639040e+17 9.167837992772266240e+17 8.052219777104916800e+16 7.832734164294779200e+16 4.570704178875587840e+17 6.265354478059289600e+16 1.993560436462693120e+17 7.167792203393356000e+15 4.867294021176550400e+16 2.048933888422669200e+16 3.979082444788648000e+16 3.549569183871600800e+16 8.757957191142446400e+16 3.923009419371699200e+16 6.828343769154806400e+16 6.270583079009640800e+16 -2.197475622894608000e+16 4.773141064198613600e+16 -4.939207474760295000e+15 2.324855745136558800e+16 1.522574742269268000e+16 1.243567029638455200e+17 9.007994458653516800e+16 3.124449832666010000e+16 1.791559586234166200e+16 -7.406383608222417600e+16 4.052747103888798400e+16 4.794651184498465600e+16 4.543889271946684800e+16 5.215294400094064000e+16 6.052230316992334000e+15 1.870597150349513600e+16 1.827669569268111200e+16 7.311763150608278000e+15 1.083050682772785600e+16 -2.934726723167736800e+16 1.474936753976942720e+17 1.761103218865501000e+16 -8.102634699416383000e+15 -3.560337642760847000e+15 3.551841404699264500e+15 -1.824207905384490400e+16 2.060562615956512000e+16 -1.297078402755106240e+17 2.811634076651656800e+16 -7.074506375124060800e+16 4.120823720197548800e+16 6.109593824616846400e+16 4.608090200408918400e+16 1.597036753183665600e+17 9.840302433675958000e+15 9.704388597286726000e+15 8.710691495404570000e+15 3.339258271475724800e+16 -3.631579055054509000e+15 1.948284641545465600e+16 -2.337254035039873600e+16 1.833390865804745200e+16 1.658730017615798200e+16 2.956128059632872800e+16 -4.189212847056999000e+15 1.319767704783399200e+16 7.484183144303356800e+16 -1.007906423833644800e+16 1.260123713025332600e+16 1.214312559580525000e+15 2.488739063508835200e+16 -1.606617997704984375e+14 1.098973644733308600e+16 1.698884687368403200e+16
-1.712308272004978638e+11 4.438464228161567688e+10 2.199675212407958679e+11 2.992566768713053513e+10 5.646662872629034424e+10 8.644468434574873352e+10 1.523052519589560852e+11 3.811907670526069946e+11 3.116796555531556396e+11 2.572203937735755615e+11 1.057239219554194794e+11 -9.126352828058433533e+09 2.090152071726808167e+10 7.308937033326759338e+10 1.309046915510833931e+10 1.569508986911778641e+10 -1.339537447660755157e+10 6.665812403462933540e+09 -1.082529527937227821e+10 2.391638627845193863e+10 2.754802539735585403e+10 1.526840867914799452e+09 7.718624966946318626e+09 1.366070582790415382e+10 1.049977230924906158e+10 3.220475202683241653e+10 7.291337704055827141e+09 8.204210505042315483e+09 1.567139197252277756e+10 1.408362342195785046e+09 9.525296455368360519e+09 1.352068743476948738e+10 6.296215606237128258e+09 -6.581170914700268745e+09 2.895451850763212681e+09 -9.719644063191785812e+09 8.431667847959865570e+09 2.921395754756597996e+09 4.942630334494125366e+09 1.705110387173097610e+09 8.275558570723561287e+09 8.857243033426828384e+09 6.534888076156357765e+09 -7.329439306912236214e+09 1.699824683015275383e+10 1.303330937872847360e+18 3.247533843277416960e+17 -1.604440957731357440e+17 -1.768026457012426560e+17 2.336174114826484736e+18 -3.205264563080542800e+16 4.736234353863429000e+15 1.704623532441737280e+17 -9.674299234909099200e+16 1.064636172630633440e+17 2.406409308473315200e+17 -2.045621932286852480e+17 8.979135189500478400e+16 3.722435652563331200e+16 1.087914853484490200e+16 8.613655713724174400e+16 1.293290982900119200e+17 1.031275597496590880e+17 7.382192133554662400e+16 -4.089028318329453440e+17 -2.489499405057531200e+16 1.548171657390472800e+16 7.323669036416179000e+15 -3.163032740148723200e+16 5.086512969051615200e+16 8.399416579287921600e+16 2.314068825660503040e+17 4.112342947784438400e+16 2.278142704321101600e+16 8.052219777104916800e+16 7.226155202921232640e+17 2.077510938472764480e+17 -1.168896364588005440e+17 1.313801076527276200e+16 2.736194894660676480e+17 3.144672794945521200e+16 2.883885443965352000e+16 5.585608017220692800e+16 3.016792378577757000e+15 1.066311294849137200e+16 2.236705283977448000e+16 8.920712777920001600e+16 5.300357347881997600e+16 -1.210346206529097200e+16 -5.943747275638569000e+15 8.451560332084319000e+15 3.471124756492881600e+16 4.749396598532809600e+16 5.913522935527488000e+16 2.432328510635341120e+17 -1.006160953908774800e+16 5.029303874687571200e+16 3.625825635751207200e+16 1.233682339713783200e+17 -4.611515212362935000e+15 3.399536545435546400e+16 6.484453166425369600e+16 6.561378427670742400e+16 2.526187018452072000e+16 3.468021574729092400e+16 1.002823345812820000e+16 3.901567483847182400e+16 2.486011939232354800e+16 -1.118990150958936600e+16 -1.197895065549249600e+16 3.640802207626005600e+16 7.349150600539340000e+15 3.923101223429879200e+16 1.348940811854129800e+16 -1.307837901882841250e+15 -6.314584052532518000e+15 1.826723384046213440e+17 5.516038828670812000e+16 -3.681774957417406720e+17 2.040007742359307200e+16 5.433437201059364800e+16 3.214444914428076400e+16 3.738949235250368640e+17 3.002631719313313500e+15 1.193358655074193600e+16 1.664764177990659800e+16 2.212975975661018000e+16 -1.160783958269387200e+16 4.725924557611787200e+16 2.143610217836535600e+16 2.232226584343868800e+16 3.494418218680245200e+16 2.046211291147162800e+16 -1.040172615893501200e+16 2.621002038014755000e+15 7.105456656663190400e+16 -1.153635209865656400e+16 -1.895259725050346000e+15 5.741865619095547200e+16 9.460305036845101250e+14 -3.523865956733372500e+15 -2.850293795236183500e+15 -1.147710738466091000e+16
-1.441913401222839050e+11 -4.806009030689955444e+11 -1.209952668821086121e+11 2.881821346960677490e+11 3.580294861112423706e+11 1.311607515632907562e+11 -3.252786870910420609e+10 3.265734333156810379e+10 2.545023075589054871e+11 3.307950788744830322e+11 1.570710646679932861e+11 -1.964959804331894398e+09 3.822927244529626465e+10 6.633782534778955841e+10 2.226137707137598038e+10 6.697251891733295918e+08 5.179080120559873962e+10 9.304386061156322479e+09 3.462541281195853424e+10 -1.041179475143851280e+10 5.561755822936357117e+10 -1.836089789359462357e+10 2.910765355765281677e+10 1.497018932279580307e+10 2.193084293755801010e+10 2.981535398927279472e+09 1.646958408047555923e+10 6.813144631990869522e+09 -2.453925941439545631e+09 1.579348813143920517e+10 9.253722145534265518e+09 2.181885312279510498e+10 7.569671339963834763e+09 -1.823496209116725922e+10 -7.180756846521788597e+09 1.409512556191033173e+10 -1.204196601412774086e+10 -3.402245373875117111e+10 -2.796666739863413239e+10 1.120930140822047997e+10 3.115151879870382309e+09 -8.824607158258069992e+09 -1.300656974578727913e+10 -1.210171055498524094e+10 2.245930721701723480e+10 6.103624325815112960e+17 6.510268382013013760e+17 2.476156257355231360e+17 -1.300888461699756640e+17 2.163620117261768192e+18 -1.928509739561329280e+17 1.355522130552477120e+17 9.605405918326596800e+16 -2.910303167755121600e+16 -7.180425242137003200e+16 3.029479570670540160e+17 3.434648359591857920e+17 -2.297622076888339840e+17 5.306337135574977600e+16 -9.993754541705398000e+15 5.030454966102961600e+16 -3.442200548360741200e+16 2.327302416636134800e+16 -1.066488919158655840e+17 -2.031855049346446400e+17 -2.141681861518195840e+17 3.157701513073614800e+16 -9.874810430661050000e+15 8.454050489828292800e+16 -1.141593614862699000e+16 6.741701937193258400e+16 8.607342375143692800e+16 1.644065555234507520e+17 4.037810525504692800e+16 7.832734164294779200e+16 2.077510938472764480e+17 1.571695522206083584e+18 4.918224113704485760e+17 -1.134240341829719400e+16 -8.685534331125004800e+16 -3.700761228004536800e+16 2.685479237755606400e+16 -3.880069561382081500e+15 1.365337539365500000e+16 1.705748978687614600e+16 2.249986358794391200e+16 6.233484395079609600e+16 1.975275558783594880e+17 -6.416719495936577600e+16 -4.328112962746513750e+14 5.218223109995958400e+16 -1.113605924021044000e+15 4.025849547592744800e+16 6.852222233991041600e+16 -9.609282921427883520e+17 -2.592334766958419200e+17 4.709735060831524800e+16 -7.716209596064665000e+15 -3.848829426737350400e+17 2.709213636680564800e+16 7.974263458184182400e+16 7.819949745542020800e+16 8.838134924398809600e+16 3.103134153594983200e+16 2.532095443797471500e+15 -6.149081966279772000e+15 2.994186777548674800e+16 3.421786607031943200e+16 4.475007993175972800e+16 -6.236325187028113600e+16 -4.029653974371394500e+15 -8.733852035939617000e+15 -2.002461094013619750e+15 4.243640264018867200e+16 1.501437625451795400e+16 2.684512985123328800e+16 5.581549367286978400e+16 -8.198605585586780000e+14 3.925698650374962400e+16 4.148022445711468000e+16 4.963864171804365600e+16 3.751748474720388000e+16 -1.903086053689834240e+17 1.240677398854847040e+17 -2.095631642679662000e+16 1.841866380722413200e+16 3.530255034907101200e+16 3.164840501992755200e+16 -1.126794508968629400e+16 4.121095468443025600e+16 1.718081388797371800e+16 -8.830600783753138000e+15 4.071417990859353600e+16 1.484400227386523600e+16 -6.078646916272087000e+15 7.490813907407006400e+16 4.270725834672469600e+16 1.855374632687757600e+16 1.917240935527868800e+16 1.876589502218478800e+16 2.766715326453160400e+16 7.914774521684880000e+15 -1.943416662485346800e+16
-7.017255991397073242e+12 2.243007862373493164e+12 -1.254372781829864807e+11 -7.705972820451015625e+11 1.839351646311716309e+12 1.804963937389417969e+12 1.173675874033473389e+12 5.056821599836050415e+10 1.360583125987790833e+11 7.038253975161238098e+10 -1.006258178376971893e+11 -5.388138859886229858e+11 -3.241867067600431519e+11 1.779358398915863953e+11 2.852897038649959946e+10 7.628956556247569275e+10 1.188453246015524597e+11 7.226673399737600708e+10 1.698996581767906189e+10 -1.921543717099208374e+11 1.735356588176474609e+11 2.470837883435173950e+11 -1.803954961363174438e+11 -1.172604901896241302e+11 2.343420324831836243e+11 2.131484525409950867e+11 1.219033010852926636e+11 -9.396336601163876343e+10 -2.756684081401156006e+11 8.948747816295027161e+10 2.217777461050803833e+11 6.385249712759206390e+10 1.023815271887516937e+11 1.701790698348292236e+11 3.138055933261022339e+11 -7.207291381441934204e+10 -7.207429294632679749e+10 -7.267990522901197815e+10 2.771826407269569016e+10 4.845033284312850189e+10 -5.117816220845993042e+10 8.163912117948945618e+10 1.042716702093072815e+11 -1.267579189644595337e+10 1.122748379220011292e+11 -3.889021102938378240e+18 1.218537716100379648e+18 -9.046484449916968000e+16 1.019645740539107968e+18 -2.953760672793956352e+18 2.242675956562558080e+17 2.105395350250155520e+18 -6.004535495809639680e+17 6.409537614753168000e+16 3.637069011355371520e+17 -4.471535571276250624e+18 -1.132690056491105408e+18 9.744108287920294400e+16 1.540279334766896960e+17 5.651762454200668800e+17 -5.184115543786619520e+17 8.697874469511254400e+16 3.399621562589249920e+17 -1.130407097730060480e+17 2.830705180947056128e+18 2.404016495978898944e+18 1.557017203788830976e+18 4.569612634131857920e+17 -3.259470689403496320e+17 5.249878624631183360e+17 5.061355531602666880e+17 1.897696129492672960e+17 3.761179131496129600e+16 8.165825612259321600e+17 4.570704178875587840e+17 -1.168896364588005440e+17 4.918224113704485760e+17 7.295623544271161754e+19 5.876254487317515520e+17 3.818259243907155968e+18 9.368573720863850240e+17 1.007698861152370720e+17 -1.612424453503321280e+17 1.044919835106283360e+17 2.564881395432785280e+17 5.854200689603703200e+16 1.939371751188742400e+17 2.176462204775968000e+17 1.334290840086610080e+17 -1.331947037999915680e+17 -1.245077317755289280e+17 -5.478971345899212000e+16 8.991816771154876800e+16 8.644400317045236800e+16 2.272766640216793600e+18 5.321408694573513728e+18 6.064244605740325120e+17 4.197517812135565440e+17 1.082436039937003904e+18 1.270133814626566880e+17 -3.135106058568837200e+16 3.850939208889096320e+17 3.234407549440102500e+14 3.882680099043902720e+17 -2.115996774320858240e+17 1.168384949087091360e+17 4.117664658207711200e+16 -3.009247882142856800e+16 6.777955183356640000e+16 1.487089756902166400e+17 1.154016313515458000e+15 2.888596465884650240e+17 1.430903295810414600e+16 3.410599281757113125e+14 2.928532098034349600e+16 -1.836361568198679360e+17 -1.583663849653189760e+17 -3.449685664388766720e+17 -3.782373728267576320e+17 2.051993076166816960e+17 6.668795157981552000e+16 6.748852497173551200e+16 -1.067148027597073152e+18 2.055998030658294800e+16 1.763161487967097600e+17 4.188692597766166500e+15 5.437314608451468800e+16 1.895248120895205000e+15 4.691847896322124800e+17 3.137360213353424000e+17 3.305474158079512320e+17 -1.036879807667864000e+17 2.845368073869896000e+15 -1.008384483974545760e+17 -7.781727921630506000e+15 1.383121853677131040e+17 3.639896218242538240e+17 3.235459203577617920e+17 1.819413375983900800e+17 1.189649441247826880e+17 -5.569458430002301600e+16 -5.819985362159557600e+16 -7.627590275138876800e+16
-1.305031948852246582e+12 1.245628786525544128e+11 -1.514056363178495483e+11 1.021360055345763245e+11 -1.062496688626627197e+11 7.000205185740115967e+11 7.224736269330113525e+11 4.881713508208752441e+10 1.613283979519238892e+11 2.711698235532609863e+11 4.480424805160929871e+10 8.356501583723788452e+10 -1.395896497627029419e+10 -9.599239780973335266e+10 -7.475224899156396484e+10 -7.735770270541673279e+10 -4.320840906187083435e+10 -3.168673184851136208e+09 -2.028050307320388412e+10 -4.229651964887117004e+10 -6.752010181028255463e+10 -4.953759341827771759e+10 -3.589020405175914764e+10 2.541018433379468155e+10 -2.307849324767713165e+10 2.570460376581494331e+09 -4.297822988309409332e+10 2.568190906120828247e+10 -2.416561924027666092e+10 1.220567529901158333e+10 -4.009435983402541351e+10 -3.725840128005632782e+10 -6.859454335621178627e+09 -1.457773383568784142e+10 7.521857252352374077e+09 4.932371955400582314e+09 -1.569103130288790131e+10 -3.062024787410654068e+10 -4.854372025209887695e+10 -2.518884242085702896e+10 -4.611806020528096199e+09 -1.852453375390659094e+09 -2.035807461368225479e+10 -1.813076073295016098e+10 -8.908458652664356232e+09 -3.560975483911100160e+17 -5.875373154249336320e+17 -5.779485032276104960e+17 -6.260651621932385280e+17 2.999702900610459520e+17 5.943083739345112320e+17 3.994696746960981600e+16 1.871722199643573120e+17 2.197362431255862720e+17 8.671761395794452800e+16 1.759488148738297344e+18 6.933718719160381000e+15 6.359139266357574400e+17 1.448005528196686080e+17 2.093739853894704640e+17 9.233487484081195200e+16 -2.277575442879996000e+16 2.043613233382272000e+17 8.280372421349747200e+16 2.006252068889525600e+16 3.106748255941408640e+17 2.905928997381782400e+17 4.053690881817719040e+17 -7.243209832124214400e+16 4.514657272102812000e+16 1.681631218124168640e+17 1.055242453969674080e+17 9.836305712361262400e+16 -3.432165745482753600e+16 6.265354478059289600e+16 1.313801076527276200e+16 -1.134240341829719400e+16 5.876254487317515520e+17 3.912444681297995264e+18 -8.037686316352492800e+16 1.365619021542912160e+17 4.376932767867863040e+17 9.073703508476849600e+16 1.199876531336690400e+17 8.487539008880275200e+16 4.345835803606809600e+16 2.062860677475224400e+16 1.943442664355202000e+16 -2.557173220712000400e+16 2.208545929847570400e+16 1.025744869884741120e+17 3.602368927556331200e+16 4.286036999121802400e+16 4.882141735792431200e+16 1.063579411862750720e+18 -8.380417585910145280e+17 2.666521461616674560e+17 1.082894720030624000e+17 -3.044761712570055040e+17 -1.554460321491295000e+16 4.220531444664476000e+16 1.501644709866503600e+16 -1.061582105879636640e+17 1.030332721560773000e+16 3.114582656141868800e+16 1.395697488833491520e+17 -1.264967560576202600e+16 7.058477706324911000e+15 -1.928117929602616800e+16 -2.400973337708251000e+15 6.567225829698758000e+15 1.086120447452794080e+17 4.658153893679811000e+15 -3.699930302901934400e+16 -6.631418311992905000e+15 -9.767167231879604800e+16 1.990621646686472320e+17 2.686407152351292400e+16 -4.154850612662624640e+17 8.577460610512774400e+16 6.785048574674104800e+16 -1.399882548373924250e+15 3.499810405547577600e+17 3.359285800447474800e+16 3.014977909550750400e+16 3.093411107866280400e+16 3.618492512900949600e+16 3.174376397308667600e+16 3.042543474259374000e+16 -2.325508657483123600e+16 5.556054615819883200e+16 1.185704957653866400e+16 8.401618117529204000e+15 -7.403819670945706000e+15 -8.331031961535802500e+14 1.210765851137902880e+17 -1.666364946147625250e+15 6.081803251851977600e+16 3.822953882095983200e+16 -3.609996196245560800e+16 -2.655954592535710800e+16 -1.151175465288919000e+16 -1.775575242972725600e+16
1.255021901237652734e+13 4.720233523649817383e+12 3.180685043471751953e+12 2.227162288807402832e+12 -6.000747569167120361e+11 4.019520023676948242e+11 8.195644351910871582e+11 -3.160842444495057373e+11 5.630771532991495361e+11 6.276524323957542725e+11 8.687139857976461182e+11 6.173875159637578125e+11 8.176113563930117607e+09 4.942007555513595581e+11 7.737966597559762573e+10 -3.651147702188327026e+10 -1.057905999874306183e+11 -5.649092833551533508e+10 8.192930952188148499e+10 1.439450445130617371e+11 3.257949494840136719e+11 8.260309942734016418e+10 7.918298766801924133e+10 -9.324761339279573059e+10 3.367236988546968384e+11 4.191786866849243774e+11 1.681208419348305054e+11 5.336097514527871704e+10 2.328393374335564270e+11 2.427877753014432678e+11 5.567699715488358307e+10 1.910326647812999878e+11 1.490327178023778992e+11 2.537667801746039124e+11 -5.977112373613812256e+10 5.808608915255525970e+10 4.282675387570753479e+10 2.224788523699727173e+11 2.324876824213022461e+11 1.313312814263622999e+09 7.107158064025492859e+10 1.007912765526043091e+11 3.414668773414500427e+10 2.662497911211766815e+10 2.671240593259080124e+10 7.992114841554344960e+18 1.610152185390357248e+18 3.350094051986264320e+17 3.837496320558660608e+18 1.608560840862269030e+19 5.247164054959059968e+18 1.377443211254363904e+18 1.880746109055635712e+18 -3.953634807562915200e+17 2.579848638706903552e+18 -6.406213991138139136e+18 -9.623332258448442880e+17 -1.831669379035076800e+17 7.395896770256185600e+16 6.087724325401383680e+17 2.005421528969902848e+18 5.063088767805879680e+17 3.423253449936683520e+17 -7.880837984985578240e+17 -7.266970172246420480e+18 5.157333980285479936e+18 5.375347151557731200e+17 -2.402076938444454080e+17 7.586689271683724800e+17 3.832260945460063360e+17 1.781338126741579840e+17 -6.647841959414136000e+16 1.109791795622789120e+18 -6.631598131179691520e+17 1.993560436462693120e+17 2.736194894660676480e+17 -8.685534331125004800e+16 3.818259243907155968e+18 -8.037686316352492800e+16 9.200083877482353459e+19 1.200432777929951488e+18 1.804358599247070720e+17 1.594812232632210240e+17 1.987703701520820992e+18 4.020665763695450240e+17 2.938998257164430800e+16 -2.972778449491409920e+17 -1.557995944573557120e+17 7.757879339868571200e+16 -1.155410309396652000e+17 -3.588394391519816960e+17 -2.585733254054148160e+17 -3.460594341037849200e+16 -1.750238175292003840e+17 6.282842701921274880e+18 3.458938760780515200e+17 4.944252007286950400e+17 1.443885440751003520e+17 6.095492430914723840e+18 1.566283169339908480e+17 -5.425787204028632000e+16 -1.525586356866534800e+16 3.885237492234468480e+17 1.248336782561773120e+17 -3.232153140817557120e+17 6.687498578454697600e+16 6.585385735744281600e+16 -7.917656762004165000e+15 6.968521142536322400e+16 3.695355594498805120e+17 1.899977441940750400e+17 3.082540140144446800e+16 4.755340219886232000e+16 5.028098549492916800e+16 -1.705325011943066560e+17 1.134166765381996320e+17 -2.557261222167796736e+18 4.232729496414165760e+17 -2.532765084546067968e+18 5.313981266570206720e+17 2.267103754727280960e+17 3.234381119756764800e+17 4.330050138418271232e+18 -1.753345755512740200e+16 2.931694511891062400e+16 1.808354321053017600e+17 -3.675778641065591200e+16 2.814333795020672800e+16 7.403405677071642880e+17 3.279266544170926080e+17 2.858494628375484800e+17 3.643408922072939200e+16 1.427481407132142720e+17 -2.687704915387893200e+16 1.137509578757734560e+17 8.700259991631690240e+17 2.394716543328362400e+16 2.731730675632529280e+17 2.484366462983401600e+17 1.477282935560185920e+17 -4.888573119739890400e+16 -1.726782684511571250e+15 4.260084891183143040e+17
9.973449924662282715e+11 1.874707701981619873e+11 6.552277813623646240e+11 1.152930212189701660e+12 6.145961659852167969e+11 1.247742064009451599e+11 9.291814673592051697e+10 1.453714934577003784e+11 1.685552629059224548e+11 -1.138932990780052757e+10 4.867793243486751556e+10 1.413642963684020386e+11 6.521550172499552917e+10 6.577509050737757874e+10 5.698809040839074707e+10 5.956300650149805450e+10 1.118329062064626694e+10 -2.788618560690141201e+09 4.325513099744681549e+10 6.047399714585268497e+08 2.375121393631660843e+10 3.306312219649240494e+10 4.162716635887077332e+10 5.553431625741960907e+10 5.898081353678392029e+10 2.364340095500000763e+10 2.487556866336435318e+10 3.782892119417506409e+10 3.420792420718759537e+10 3.446401583744550323e+10 5.806060691252357483e+09 4.174578863721216583e+10 1.941742387426528549e+10 1.419697664640409851e+10 3.807496548396976471e+10 1.139864721630158615e+10 -3.183451820289196491e+09 8.391234623343422890e+09 1.330788086881494331e+10 2.101345598216366959e+10 2.476974816517597580e+10 1.567279517929682541e+10 4.540698244893078804e+09 2.114866085872639120e+08 2.258868790996035767e+10 4.694873323062068480e+17 -5.142709922559967360e+17 -9.976715958645979200e+16 3.950569596982254720e+17 9.280103059021278720e+17 -5.479373686870848000e+16 4.609785313400352000e+17 -2.157344659245489600e+17 1.144483006218868800e+17 -1.175444649001006800e+16 -8.431213935937024000e+17 2.310404514137708800e+17 -2.807524437432732800e+16 3.184378588104403840e+17 9.965765444844334400e+16 -4.923579411655052000e+16 2.123732532677947200e+17 -4.486787152402808000e+16 7.764895148888548800e+16 -1.858908123725433600e+17 -8.716152600887764480e+17 2.290094601550074240e+17 8.387843171468164800e+16 9.457586919579952000e+16 3.026267572075580800e+17 4.381243531135996800e+16 3.879178233636172000e+16 -5.453802504415106400e+16 9.204847832948016000e+16 7.167792203393356000e+15 3.144672794945521200e+16 -3.700761228004536800e+16 9.368573720863850240e+17 1.365619021542912160e+17 1.200432777929951488e+18 2.167551207264909824e+18 9.501292381871886400e+16 -3.955981982329666500e+15 -8.335921116023308800e+16 2.812981733728835840e+17 6.978137678156968800e+16 -9.657848726558618000e+15 4.272236278256842500e+15 -1.478360892116296000e+17 6.120005685732433600e+16 5.095237396135586400e+16 -2.619894643864788000e+15 3.591611805459708400e+16 2.888249581245761200e+16 6.013759405986101760e+17 1.347036094086668800e+18 5.010413956142364000e+16 3.365145081895178000e+16 8.135652886664254400e+16 1.629268210503033280e+17 -2.413559747206466800e+16 1.820104190208360750e+15 -4.083753756399881600e+16 -1.338678999057888640e+17 1.543210945393875840e+17 1.507297047383325000e+16 2.430216299044321600e+16 5.217381804171174000e+15 -1.774837701265496600e+16 -1.626298422122730240e+17 1.242619002020099200e+17 2.740089299884732000e+16 5.014215435690962400e+16 -1.944566986832841200e+16 1.794396887808707600e+16 3.491635682245363600e+16 2.693758835097102720e+17 4.771323969694186000e+15 6.658702547472048000e+15 2.908068927497775600e+16 2.830386717045666800e+16 1.001971449174365800e+16 7.621483521298892800e+17 3.783874644913899200e+16 -6.975779781481977500e+14 3.265987791310477200e+16 1.432961858489851400e+16 2.509326174408116000e+16 2.876880118949398000e+15 9.723523769612558400e+16 1.116767712313027200e+16 8.438375214021459000e+15 -2.193770550946947600e+16 2.746686281645512000e+16 -2.815538861438873500e+15 -9.258330088051107200e+16 1.077491471764183680e+17 1.404168847295902800e+16 2.825236165318193600e+16 1.830401518691985200e+16 2.351996291690299200e+16 -1.208967548042420000e+16 4.348840955788799200e+16
-6.516103419953829346e+11 2.710918968337962952e+11 2.047168279495584106e+11 1.090252347063535156e+11 2.841383297494950562e+11 4.460981580010668335e+11 2.824098951249789429e+11 2.054012531730000305e+11 1.476111260275012207e+11 3.872424983490293121e+10 3.090926986066308594e+10 1.024743214548109436e+11 6.431476840453170013e+10 3.985539167191777802e+10 1.508516353011997223e+10 3.153002265879123688e+10 1.211929820553477859e+10 1.295189497454659271e+10 2.198429117533681107e+10 -6.259806269968059540e+09 7.935978056210640907e+09 3.323973851492302895e+09 1.564355450678460503e+10 1.697774520397339439e+10 2.711883606710084915e+09 1.119928694460580826e+10 7.963181740341387749e+09 2.784590320750375271e+09 -5.754536891427071095e+08 8.982222375426063538e+09 5.650132089018131256e+09 5.778026034834792137e+09 2.058099183281520462e+10 2.005996130138039017e+10 9.900759900113109589e+09 4.070846463832960129e+09 7.006964050443404198e+09 2.483564520495686054e+09 -1.905591851079570651e+08 7.146090803596786499e+09 1.408894911915949440e+10 4.255067971706922054e+09 -1.416561598480753708e+10 -2.985448757018482208e+09 2.078055246598777056e+09 4.033873237849781760e+17 2.752623210921055600e+16 -2.740860892927056320e+17 1.396575063886440640e+17 1.210437557269107200e+18 -2.613578308189718400e+16 6.902240949862913600e+16 5.764847547262991200e+16 7.213458900204809600e+16 5.504033022202216800e+16 2.390817963346222080e+17 3.099354153237905600e+16 9.755269788675619200e+16 5.264258281476935200e+16 5.807126188637425600e+16 -6.172579964228161600e+16 2.333185892188846800e+16 8.914644979216600000e+16 2.766433372524484000e+16 3.570242711852963200e+17 1.582598238814196160e+17 1.166119119642628000e+17 1.471447289474439040e+17 4.090497190838294500e+15 7.221727889686954000e+15 1.073246557334530400e+17 3.279661241114108800e+16 -2.052200301370334062e+14 4.698513028976093600e+16 4.867294021176550400e+16 2.883885443965352000e+16 2.685479237755606400e+16 1.007698861152370720e+17 4.376932767867863040e+17 1.804358599247070720e+17 9.501292381871886400e+16 6.135164293677722880e+17 8.235830863815329600e+16 1.529360856428261400e+16 5.523315437042053600e+16 6.886783875571930400e+16 4.201776457837422400e+16 4.258644314065313600e+16 -2.745077051039782400e+16 2.463232305470993600e+16 3.362320401226958800e+16 5.025496088100737600e+16 3.184494127787471200e+16 3.791677431952086400e+16 7.505629264763811200e+16 -6.506010672116968800e+16 1.727695228679985280e+17 5.201136683684147200e+16 -1.009592162182216480e+17 -5.422128021696830000e+15 2.090353224513742400e+16 2.961562749955212800e+16 6.438029941968164000e+15 3.547624455174414500e+15 2.265665109429275200e+16 5.053480900045425600e+16 5.486440010570168800e+16 1.655326855769821600e+16 1.239444644113231400e+16 -5.167064631245643200e+16 4.344692402786446500e+15 6.104550753667999200e+16 2.926087779405666800e+16 -8.173697387149132000e+15 2.326197069930672400e+16 1.228275959803505600e+16 9.209612691554644800e+16 6.294454914854014400e+16 -3.899432378006585600e+16 4.262209996662335200e+16 3.205791129175990000e+16 5.296441978402792000e+15 1.251164706764940320e+17 4.063466328837556800e+16 5.523241336955660800e+16 2.180141722904559200e+16 4.677453981291488000e+15 2.936268011207663200e+16 5.185317113807987500e+14 3.422892444694251200e+16 5.085763784407960000e+16 1.257567909572056600e+16 6.561795092514001000e+15 6.733886778143769000e+15 6.544232727056614000e+15 -4.769847541998909000e+15 1.578380148451046800e+16 4.946431937030960000e+16 1.374801855005872400e+16 -1.554171169075302500e+14 3.082169733133053600e+16 2.328039562924767969e+13 -4.630456204260587000e+15
-3.129299178976058350e+11 -9.143500426965328979e+10 -7.813734438560350037e+10 2.509308259356118774e+10 9.974046307845718384e+10 -5.095853046430841064e+10 3.539151306499353027e+11 4.691170947971531372e+11 8.288748297832688904e+10 -2.183943326864660645e+10 3.525262172208239746e+10 6.694375950697365570e+10 4.133855842430785370e+10 2.175687164971399689e+10 -2.273265976777288818e+10 -3.131297983263320923e+10 -3.181159773622108841e+10 3.413175538845237732e+09 -7.238117858217651367e+09 1.337212334363000679e+10 -8.961266084825481415e+09 -2.010622803871693420e+10 -8.856213444474576950e+09 -1.552699321673468351e+09 1.334149310781972122e+10 -1.264613483472073174e+10 -1.379693995709761238e+10 1.778904711587569809e+10 5.343883396324801445e+09 -5.679089206687665939e+09 -1.129920252322869062e+09 1.360963793000628662e+10 9.966607509750909805e+09 9.649232666964699030e+08 -3.633013630136064529e+09 -3.952921582914296389e+08 1.428391538430348778e+10 1.787281192407546997e+10 1.221456911186351013e+10 -1.325596983966369152e+09 -1.313820256408196449e+10 1.306499864466350794e+09 7.088328599936672211e+09 9.580603172601093292e+09 -3.709920785933834314e+07 8.756217670339779200e+16 6.380851879153543200e+16 -1.564754455682630720e+17 -3.824167020123936640e+17 1.082574525473273216e+18 -1.680820089087450880e+17 4.067344451993234400e+16 -1.551041324969076800e+17 -2.525317348440992800e+16 -1.514614742201562400e+16 2.756380880866758080e+17 -1.617499000398529600e+16 -6.422273203715220000e+16 6.011179626852166400e+16 2.575295054695540400e+16 7.250715084861337600e+16 8.662198680517600000e+16 7.220676187940113600e+16 7.828938195066790400e+16 1.896402527287139600e+16 4.950551423301349120e+17 6.800009857755646400e+16 -2.975165531891207600e+16 8.320947083178105600e+16 2.989713377635751600e+16 8.542013747785293000e+15 1.363910793685177440e+17 3.579871268425736800e+16 -7.074579694754270000e+15 2.048933888422669200e+16 5.585608017220692800e+16 -3.880069561382081500e+15 -1.612424453503321280e+17 9.073703508476849600e+16 1.594812232632210240e+17 -3.955981982329666500e+15 8.235830863815329600e+16 6.883651819953921280e+17 -2.249484572204507600e+16 2.166296472431879200e+16 5.388758725901032000e+16 7.901363378434720000e+16 1.093360837643710600e+16 -2.849051215645133600e+16 3.841281896759646400e+16 -8.219444049188166250e+14 7.824346801971542400e+16 3.280425938912570000e+16 3.589380154775569600e+16 4.625890228202379520e+17 -2.035404325710778560e+17 7.284879935303792000e+16 1.067235891340834560e+17 -3.710724162722103200e+16 2.248373643669617200e+16 1.160921041583914600e+16 4.165829827096558400e+16 4.749489476771826000e+15 1.353606093839688600e+16 3.007623222253965600e+16 2.037446655337286800e+16 5.685777905057320000e+16 -8.700867914378623000e+15 -9.122104673396476000e+15 2.800359583470364000e+16 -2.204551320147918400e+16 -1.090811506416099750e+15 4.615252096638320000e+16 -1.110731730315247600e+16 -2.629889912222848800e+16 2.761034021003162800e+16 2.828950114614438080e+17 1.055118859729615200e+17 -6.380713907520269600e+16 1.834235420914082800e+16 3.454058825684763600e+16 6.130268101510534000e+15 8.288433504280507200e+16 3.537839414805775600e+16 6.922083467959049000e+15 2.337235949784961600e+16 1.621752441370115500e+15 2.287769433623875200e+16 7.742189212294096000e+16 1.125279218611510200e+16 1.813893705382150400e+16 3.512588329015888400e+16 -1.505933440692526200e+16 8.628951908472365000e+15 5.567265097491587000e+15 2.764063964763590400e+16 -9.612933769700982000e+15 -2.120803003992212800e+16 2.592261909235990400e+16 -5.921589283209761000e+15 -1.379165752329570800e+16 -6.440434783898354000e+15 -1.531355777367929000e+16
1.522619897090628174e+12 3.986303411487149902e+12 2.641721427072362305e+12 7.380938899204788208e+10 -4.579691676442439270e+10 2.462154950416642761e+11 2.364587295993151245e+11 -6.667063043992134857e+10 -1.537163211068247223e+10 2.931708035034964600e+11 3.315893169420250244e+11 1.979556868042366638e+11 9.950273262995069885e+10 -7.179527082742111206e+10 1.287263242930745697e+11 1.355744148466825256e+11 3.387168262724310303e+10 -3.658099524058990479e+10 -2.885149902894742203e+10 4.343505196257574463e+10 2.810596580155927658e+10 6.257115450656394958e+09 4.168142409819373322e+10 1.685275208894679832e+10 9.197752366629380798e+10 2.136303376420810318e+10 3.282551198423962784e+10 1.651473008058234978e+10 5.107724875456333923e+10 7.499233731924664307e+10 5.038362601035102844e+10 3.793291421538056183e+10 3.374845058906047440e+10 -4.188303419012293220e+08 1.584484103298105717e+09 6.268095299577817917e+09 2.193074859258261490e+10 1.993416049507381439e+10 4.837367522112205505e+09 -6.517231697656985283e+09 1.105688494322022057e+10 7.213111094262731552e+09 -1.143130676179991341e+10 2.516653146322994232e+09 1.267014576174860573e+10 4.161028474393700864e+18 2.864850585716298752e+18 1.338946717063848448e+18 4.591610037484279040e+17 -1.186011655747096320e+18 1.625054515548194304e+18 1.317656600898162000e+16 1.440975923797922048e+18 5.556155833808398400e+16 -2.974113383689639680e+17 3.096432439875431680e+17 -3.105102310581283840e+17 1.615881514796286720e+18 -4.010104983166991200e+16 -1.794767048909235200e+17 1.617960700157223168e+18 -2.729812495720476000e+16 -8.394541028600464000e+16 8.225049207383132800e+16 -6.892203791644907520e+17 7.123477094294224640e+17 -3.297426785879252000e+16 1.095732179352903200e+17 1.341613578825736192e+18 -1.307072924946739360e+17 -1.320562602698521600e+16 1.324302572757408600e+16 1.784388829036815104e+18 -6.850989266938716000e+16 3.979082444788648000e+16 3.016792378577757000e+15 1.365337539365500000e+16 1.044919835106283360e+17 1.199876531336690400e+17 1.987703701520820992e+18 -8.335921116023308800e+16 1.529360856428261400e+16 -2.249484572204507600e+16 4.231301230995056128e+18 1.698070384085509120e+17 5.191294243956821600e+16 -4.505668561188075200e+16 2.731410183939233600e+16 1.561823795548248576e+18 3.393649386878196500e+15 -7.051346168521753600e+16 -7.617466400250800000e+16 1.995940182900480000e+16 7.357532335250193600e+16 -7.433840911844220160e+17 -8.008667519201557760e+17 3.304966711602890400e+16 3.591605786901498800e+16 2.252720593314390016e+18 7.867086234657332800e+16 5.667241965830387200e+16 4.966112426795887000e+15 9.692783912739636000e+15 1.128874999923344384e+18 -2.548328635726498400e+16 5.031059710492764000e+15 3.369020124972738400e+16 -1.050973909414725800e+16 4.884582147349149600e+16 1.256756304644819456e+18 2.989459027420764400e+16 -4.762201515682071000e+15 3.675929409717016000e+16 1.625592296753023200e+16 7.671942164339100800e+16 -2.517411911698030800e+16 2.464082198282912320e+17 5.305430224466667000e+15 3.826421422792010240e+17 8.102527675347774400e+16 8.230416174685216000e+16 5.673873998217782400e+16 6.130520682170360320e+17 -9.442695532484400000e+15 3.135574357138115200e+16 1.878384177613586400e+16 1.888133858928984000e+16 4.550154373513244800e+16 1.035869145300028672e+18 6.415993362115888000e+16 5.868436602447404800e+16 3.291412389952490800e+16 5.033938054925117600e+16 3.963298660988621600e+16 2.992596655130086400e+16 9.631650669668408320e+17 -1.066493158367985200e+16 5.862829681410359200e+16 -3.194496828711837000e+15 5.168290247010073600e+16 4.441456028077224000e+16 4.442466964711320800e+16 8.230554574527758000e+15
7.296378251034189453e+11 1.342684813018876953e+11 8.382157495808951416e+11 1.010274696573018066e+12 5.825176018731834717e+11 2.162385142799650879e+11 7.430529212669071960e+10 4.605181529711052704e+10 6.436253673222274780e+10 1.712327790651407471e+11 1.792014709986313782e+11 7.507182234214811707e+10 6.367810316931977844e+10 -2.022429066115031433e+10 4.295260283273500061e+10 -6.437659039581098557e+09 -3.855923239102719116e+10 -2.954683705478543472e+10 4.107384058802919769e+10 6.511651546091264725e+09 1.954376987077934265e+10 3.319623194712421799e+10 3.679965567445928955e+10 3.670539452377343750e+10 -4.540665385739313364e+08 2.907400640399962997e+10 5.101586698312744904e+10 1.451380726864316559e+10 1.350586744692759514e+10 9.787307727961223602e+09 1.385612909759130478e+10 1.543442533777331924e+10 1.966044271672481537e+10 2.288760637235963440e+10 1.025460801749251747e+10 1.567677965656441116e+10 1.248238201462956047e+10 2.408503155409368515e+09 1.182074384801110077e+10 1.386019581010904121e+10 1.223805841229865646e+10 1.751334846518495941e+10 1.430060522947935486e+10 -6.787367986501926184e+08 -3.072230979805303097e+09 -4.119863783520157440e+17 2.642505982906204800e+17 6.880386956289399200e+16 4.159170864299943680e+17 5.278389944402057600e+17 3.782441973063532000e+16 3.142685440783226240e+17 -8.339883346607267200e+16 9.031967983351571200e+16 -7.508106345317028800e+16 -1.336403622631681760e+17 4.586169494396065280e+17 -3.484327121964763600e+16 2.285445947667900480e+17 5.645643338625999200e+16 -1.433997370623650400e+17 1.619956767178694080e+17 1.153696050255034800e+16 6.555712903133260000e+16 2.623144319197138240e+17 4.586131506076135040e+17 1.200791958021041600e+17 -8.973584325092507000e+15 3.853932823052297600e+16 1.913575087128035200e+17 4.199716523575056800e+16 7.502082124912760000e+16 -3.033398920545768800e+16 2.589498082612585920e+17 3.549569183871600800e+16 1.066311294849137200e+16 1.705748978687614600e+16 2.564881395432785280e+17 8.487539008880275200e+16 4.020665763695450240e+17 2.812981733728835840e+17 5.523315437042053600e+16 2.166296472431879200e+16 1.698070384085509120e+17 7.650445765947180800e+17 4.227519377913557600e+16 1.885496710829564000e+16 1.391750009628450800e+16 -8.637981982128603200e+16 1.773665649634559040e+17 3.575769979213022800e+16 3.897231607078692000e+16 2.875901553680485600e+16 4.930297803534549600e+16 -2.616026790913145280e+17 -7.784010292208739200e+16 2.978040699945680800e+16 -2.281235861048389600e+16 1.950105928527645440e+17 1.823641889918627200e+17 8.396751830615969000e+15 2.674105029585250000e+16 2.477142813186420000e+16 2.081879297055956800e+16 1.448111381194247360e+17 1.373745899734422800e+16 1.778822900872626000e+16 1.389445842536910800e+16 1.679915612382293600e+16 -1.128998861482963360e+17 8.316641616281659200e+16 4.148833851850824000e+16 5.280079905800795000e+15 -6.057396831405679000e+15 2.483209870165778400e+16 -1.029114441696957200e+16 2.434937737152382080e+17 7.350827106032210000e+15 -4.053577009685326400e+16 3.313971990182007000e+15 1.793619395688816200e+16 1.597348021030115200e+16 -4.929192580239234400e+16 1.096543791017883360e+17 2.191763410350620000e+16 1.946256152075340800e+16 3.952481300476586000e+15 1.531083042590227800e+16 5.902094500655426400e+16 1.008827174201160480e+17 1.900465381271399600e+16 1.733135613799759200e+16 1.165496900904191200e+16 2.117297636863994000e+16 1.077102221589923600e+16 -7.414316418108160000e+16 1.150844601893249920e+17 2.952822889166150400e+16 1.129935732426574400e+16 -8.693125808066571000e+15 1.676428231928849800e+16 3.076829225780927000e+15 -3.321688762112077200e+16
2.667799196613767090e+11 7.662903799823031616e+10 2.682177913462734680e+11 2.172661250869538574e+11 2.754534296277778931e+11 3.545110540319705200e+11 1.854434881210403748e+11 2.415381406437126923e+10 8.949134789973251343e+10 1.634374586578723755e+11 4.055426499459535980e+10 9.007801004870788574e+10 5.279105625902999878e+10 1.835573891559813690e+10 5.325422276612862396e+10 1.172184442230889511e+10 -1.049044085166204834e+10 7.057074082662601471e+09 -1.230265176402382851e+09 4.308234157806106806e+08 1.621128378464012718e+10 1.162542639195987892e+10 2.094903888873798370e+10 -5.838017236627086639e+09 6.768321089172094345e+09 -7.246443678899513245e+09 -9.451818527129457474e+09 1.765304628049043274e+10 1.796144365089591980e+10 1.508869019361461258e+10 1.128041300114012718e+10 1.598368677185919762e+09 1.052156039399500465e+10 -4.203022513676123142e+09 6.499081472170720100e+08 1.089973952749143791e+10 9.275646438841039658e+09 8.684492934695293427e+09 6.568943792114821434e+09 5.796880833806120157e+08 4.267348896999325275e+09 1.064235094696563911e+10 3.556227653469707012e+09 5.588211834645682335e+09 7.634792280326501846e+09 3.888177530230296960e+17 -3.489362746709899200e+16 -3.609009751273563200e+16 -1.485694323011266560e+17 1.933607281258631424e+18 3.394655287564009600e+16 5.523031695491940800e+16 3.134460168897812400e+16 9.859309040135552000e+16 1.060294970110276480e+17 3.843374289027162880e+17 5.047687699458141600e+16 4.906848271736565000e+15 6.280540651354705600e+16 1.001688741421824480e+17 -3.359405407909991600e+16 -8.356542852088146000e+15 6.489758248305096800e+16 3.358765165246289600e+16 -3.774053050692014400e+16 1.991395633704614080e+17 4.317636801439232800e+16 5.440036223785248800e+16 -3.199975207871706000e+16 -1.248638600334201750e+15 4.123171266064491200e+16 3.824884067769946400e+16 7.753807991571129600e+16 5.221642759249395200e+16 8.757957191142446400e+16 2.236705283977448000e+16 2.249986358794391200e+16 5.854200689603703200e+16 4.345835803606809600e+16 2.938998257164430800e+16 6.978137678156968800e+16 6.886783875571930400e+16 5.388758725901032000e+16 5.191294243956821600e+16 4.227519377913557600e+16 3.775083532575342720e+17 6.742212046281869600e+16 4.079370362838289600e+16 3.957353073860798400e+16 1.957197533409635200e+16 8.889239485184702400e+16 4.179701535827012000e+16 2.004853619604902800e+16 3.354408239426507600e+16 -6.409135297493612800e+16 -4.087671845941080000e+15 7.840671732315862400e+16 3.036851665200072000e+16 2.410694898009789760e+17 5.952291381812723200e+16 5.820507992817037600e+16 2.878435447086732800e+16 3.336202843067199600e+16 -1.113230690615405600e+16 1.173368332373448800e+16 3.655144278557192000e+16 2.780529094852365200e+16 1.696895483451059600e+16 9.802085286628120000e+15 2.633592656611738400e+16 -3.773853993860789500e+15 3.841353145040187200e+16 1.935263909200239200e+16 6.290160591910190000e+15 1.520855483193417600e+16 2.761265395751534000e+16 1.231289920885165280e+17 6.471821407337901000e+15 2.122810493402590080e+17 5.266314887671526400e+16 1.613901681168406400e+16 2.653435421310274400e+16 7.888589388786592500e+14 -1.298052720981896000e+16 4.217724368425772000e+16 3.415958371329957200e+16 1.849639663949621200e+16 2.430722568340895600e+16 1.183585718627903400e+16 2.121853077926692000e+16 3.668087842226493600e+16 5.453224189623660000e+15 6.320792040269287000e+15 1.648891672641970800e+16 1.559014416132774200e+16 9.195219229708390000e+15 2.754374312900947500e+15 4.092651860642343200e+16 1.038999910438151000e+16 2.811113174855198000e+15 6.366170749892028000e+15 1.996288931227351750e+15 4.090586260695635500e+15
-3.473746733271760254e+11 7.201677828676176453e+10 5.800539929821260834e+10 -1.226409784116302299e+10 -1.134177858050810432e+10 7.014277540719538879e+10 1.614946111233612671e+11 1.627049998406376953e+11 1.731248220945070801e+11 1.462737982958705444e+11 3.924267068724851227e+10 3.995509756382738495e+10 4.990246340675439453e+10 8.823117802877008438e+09 -2.516390737076806068e+09 -2.900332424548577785e+09 8.575797758513603210e+09 7.043740964472198486e+09 1.669171957835960770e+10 8.078679830045707703e+09 1.279949722437323189e+10 2.953406071569403839e+10 1.459416686636084366e+10 7.757900151779934883e+09 -3.167732947580855846e+09 -1.561275019040327072e+10 3.249742185338560104e+09 5.162736765658147812e+09 -3.228460184068907738e+09 -1.387610550544606209e+09 4.424317574153311729e+09 -3.032497156801356792e+09 5.312592427307144165e+09 -1.086815288805502510e+10 -1.919812214654119968e+09 3.996672709256990910e+09 1.273954674980760002e+10 8.721205064792694092e+09 8.949432591721502304e+09 1.174872941329000092e+10 -2.542173379687614739e+08 3.335019607069035530e+09 -3.308945833850947380e+09 -4.268403191932086468e+09 3.463753746817232132e+09 8.395100562617881600e+16 -2.515195112629267200e+16 -4.981903288961584000e+16 -1.215393236531396000e+17 1.069782809676560896e+18 -8.416771148955092800e+16 3.201342153947501600e+16 -2.721957058441038800e+16 1.340374344824414200e+16 -1.174689482472351800e+16 3.061785945302578560e+17 7.829533637412359000e+15 1.258932408030558000e+16 3.469562409471159600e+16 4.033728078332750400e+16 -2.773740004351515200e+16 1.876663373265631600e+16 5.358756080804236800e+16 4.064644413549899200e+16 3.379584387491703040e+17 3.984401506544972800e+17 3.325329716809100800e+16 2.209162070457652800e+16 4.186505999699964000e+16 3.167675466446466400e+16 4.342564335485975200e+16 6.651040092718836800e+16 2.786450197373908000e+16 3.129072189230148800e+16 3.923009419371699200e+16 8.920712777920001600e+16 6.233484395079609600e+16 1.939371751188742400e+17 2.062860677475224400e+16 -2.972778449491409920e+17 -9.657848726558618000e+15 4.201776457837422400e+16 7.901363378434720000e+16 -4.505668561188075200e+16 1.885496710829564000e+16 6.742212046281869600e+16 2.596344020916678400e+17 5.178771018882095200e+16 1.862547203996225600e+16 -7.060431083912669000e+15 2.099327822176759600e+16 6.801694379516642400e+16 2.520061628419325600e+16 4.151125896052177600e+16 1.247456847522223040e+17 1.720924277043459200e+16 4.376446650112850400e+16 4.852126019411932000e+16 7.450291010617960000e+16 1.131232625707095600e+16 2.057946989943151600e+16 5.068173312236407200e+16 2.877783297888375200e+16 2.458044495207956000e+16 8.503047420254016000e+15 1.328286119183653600e+16 3.241205907908987600e+16 2.298825124604617200e+16 6.518453811056220000e+14 3.695422766061205600e+16 6.665205123513222000e+15 3.547921753974172500e+15 3.043936278283296000e+16 1.610115892807359250e+15 7.883440191187481000e+15 1.614917491915877000e+16 2.060635245304327040e+17 4.464821170847463200e+16 2.949990048398978000e+16 2.813083990600756000e+16 2.854109008097520400e+16 3.300847360341529600e+16 -5.410802354602072800e+16 2.360267396010534500e+15 1.751039488093955200e+16 2.377748407931382800e+16 2.289273356522528000e+16 1.996064977825118800e+16 -1.016826002589885800e+16 1.301954174818048200e+16 1.662383016048711400e+16 1.512837478195305200e+16 1.689555020401084600e+16 2.803363637981422000e+15 -1.976180110371230500e+15 -2.493028851187541000e+15 9.757714542183244000e+15 1.649254702930003000e+16 3.112268621345065600e+16 2.203544224871335750e+15 8.365824277825632000e+15 7.038985457010664000e+15 1.760458845586139800e+16
-6.704969616636978912e+10 -9.461684371778631592e+10 -9.329666349753866577e+10 6.929131813959263611e+10 8.223563459335392761e+10 7.617887196795596123e+09 2.563711691250659943e+10 -3.023384636393891525e+10 1.425923591427704468e+11 2.690969882054332581e+11 1.757944836508038940e+11 8.413839389516813660e+10 4.219978769085984802e+10 2.080432652708081436e+10 2.717265989730916977e+10 -9.993467670488073349e+09 1.958348415647152901e+09 -4.314831578652395248e+09 -1.584685372196718216e+09 -2.605849045797828293e+10 2.398239854923825073e+10 2.293899796811752319e+09 1.105977351840796089e+10 7.119232615174727440e+09 -4.069683229587603092e+09 1.107903353283651543e+10 -3.868551050933993340e+09 -5.036157040234665871e+08 6.593180107880137444e+09 4.805318513033372879e+09 -3.799926364155119419e+09 -2.893321803829268932e+09 6.088210417785326958e+09 -4.922837070973865509e+09 4.404635801969628334e+09 1.209536062905937195e+09 6.024124197153669357e+09 -2.518278751375044823e+09 -1.151895530952512026e+09 1.141881193652571917e+09 5.042160631565923691e+09 6.758918221179636955e+09 1.879874506088256359e+09 -1.042760849561527252e+10 5.360166048592253685e+09 2.140585277422377920e+17 1.879593256136088320e+17 -1.642516915890911200e+16 -1.015374637626904320e+17 1.109951189735509632e+18 -5.335272803005784000e+16 1.260625443742453920e+17 3.173563696588919200e+16 1.272156421226740000e+17 -1.421855087430094400e+16 -1.869914720131729920e+17 1.173392003476737280e+17 1.589695702488165120e+17 8.907238888620224000e+16 7.050150435245139000e+15 -3.571029749077816800e+16 2.153384623187794000e+16 -9.437708680919768000e+15 -1.628417413988099200e+16 -8.791191704460608000e+16 6.544296106459461120e+17 6.937142161430428800e+16 4.692071327233082400e+16 2.900422986129139600e+16 2.740777566012270400e+16 5.574180052479620800e+16 1.962520949287402000e+16 6.081664687204285600e+16 3.929391344090027200e+16 6.828343769154806400e+16 5.300357347881997600e+16 1.975275558783594880e+17 2.176462204775968000e+17 1.943442664355202000e+16 -1.557995944573557120e+17 4.272236278256842500e+15 4.258644314065313600e+16 1.093360837643710600e+16 2.731410183939233600e+16 1.391750009628450800e+16 4.079370362838289600e+16 5.178771018882095200e+16 4.186690486900371840e+17 7.863344410737428800e+16 -7.848806703498354000e+15 1.702199549668716200e+16 2.424004720001445600e+16 7.473409999794788800e+16 6.830882342565418400e+16 -4.244271592234000640e+17 -1.662452588066491200e+16 1.022683654532020125e+15 2.770140332798469600e+16 -1.802048784795255600e+16 2.303399753437088800e+16 2.652573644344097600e+16 4.081087059603966400e+16 6.426941441481345600e+16 -1.794778942708536200e+16 2.148554679673030800e+16 2.217315849223837600e+16 2.316759473942859600e+16 4.033448097534630400e+16 1.568648776987764600e+16 4.049695250250823200e+16 1.303153280803525400e+16 4.861049033244229000e+15 -8.761203432942892500e+14 2.573640141550082000e+16 7.096249929044753000e+15 1.377916234698176800e+16 5.558953545184016800e+16 2.438548780291189000e+15 1.044599786470777920e+17 3.366819193009051200e+16 3.677271786421227200e+16 3.152845181600484000e+16 -1.934171989227280000e+17 -2.037809431594215600e+16 1.137082846127048000e+16 1.430069105993861200e+16 4.190473679020024800e+16 1.161322190946922000e+16 -6.987258437542091000e+15 1.227451547248281400e+16 2.690638253311476400e+16 2.089153405137379250e+15 3.693222306332053600e+16 8.641163421765344000e+15 -1.001482254182767000e+16 4.044682756999360000e+16 1.593646870296099000e+16 3.213948714546183000e+15 2.111825657730689200e+16 2.599054540153251200e+16 8.943049076216388000e+15 1.572568533262406000e+16 -2.397167641167728000e+15
4.053911571716330078e+12 4.080428633579166504e+12 1.549673140046397217e+12 4.035408071715667725e+11 -4.406975585092890625e+11 -2.491996721197227173e+11 4.923995725320279694e+10 -8.292011894642292786e+10 -6.715505891868640137e+10 -4.951018858318372345e+10 1.168547251469094238e+11 1.462872789885775757e+11 1.696256478308056335e+11 -7.703699949154605103e+10 1.619076066486142883e+11 -3.453926139183606720e+10 1.527499829093137980e+09 2.929685780199829483e+10 -3.325379416366772175e+09 -4.706670647800675392e+09 6.966539936933929443e+10 -1.166366742473563004e+10 -5.057177462639147758e+09 1.061551906672820330e+09 -3.081100733971526337e+10 5.663598775368442535e+09 -1.991878089445207214e+10 -3.293562022974651337e+10 -1.263222850900218487e+09 1.158387026621710014e+10 4.281280259474167633e+10 1.046814112842528534e+10 1.622869119431089211e+10 4.884945539419828033e+10 -1.777362387166641998e+10 2.647666140024893188e+10 6.535692916352925110e+10 3.842201782861672211e+10 -1.783147734773768234e+10 1.172945736033245468e+10 -9.632819146980607986e+09 -4.917984469759400368e+09 -2.966348603365905762e+10 1.640227196900666237e+10 1.197063283780753517e+10 8.968437308309312512e+18 2.853435002096734208e+18 3.158589501276670464e+18 -1.213588577139172000e+17 -5.791334595312721920e+18 1.726180003804523264e+18 -4.303025602401444000e+16 3.410930170199429120e+18 8.596003930984760000e+16 -3.492123640463672960e+17 5.113581615348094080e+17 -4.898944482656419840e+17 1.223238809276693248e+18 -3.287851843312324480e+17 -2.031425344952562560e+17 3.324094981138514944e+18 7.413905535212217600e+16 -7.770452497072465600e+16 -5.942633077994930400e+16 2.061891610311417344e+18 -6.018789186880058880e+17 -1.064781877686960800e+17 -1.573809510594695680e+17 1.084582631615553920e+18 -1.700746382315775360e+17 -4.046034575733986400e+16 -1.447670383194617400e+16 3.241390403941548544e+18 -1.542658474694086080e+17 6.270583079009640800e+16 -1.210346206529097200e+16 -6.416719495936577600e+16 1.334290840086610080e+17 -2.557173220712000400e+16 7.757879339868571200e+16 -1.478360892116296000e+17 -2.745077051039782400e+16 -2.849051215645133600e+16 1.561823795548248576e+18 -8.637981982128603200e+16 3.957353073860798400e+16 1.862547203996225600e+16 7.863344410737428800e+16 5.445425761059576832e+18 -1.997374498688687600e+16 4.954616242506493600e+16 6.464760615305144800e+16 3.911432905565018400e+16 2.533899726669209200e+16 -1.448124542585257984e+18 -5.658228613563445760e+17 -6.577942711369870400e+16 5.369779425769094400e+16 7.510605252727738880e+17 -1.226474341548158240e+17 2.406350959430094800e+16 -5.106497966489933600e+16 -7.338041501435123000e+15 1.289855970237751808e+18 -9.236764610985140800e+16 -4.330139990212380800e+16 7.148581418026870400e+16 2.321473571445283600e+16 5.868359624881715200e+16 2.931842359424770048e+18 -4.014820471157905600e+16 2.864929949911292400e+16 -4.729160525515612000e+16 -2.698695921399547600e+16 2.524626537801114800e+16 7.730288583533844800e+16 -3.657248302071292160e+17 5.115310598268540000e+16 5.282680406691016320e+17 8.541633010044000000e+16 5.536096727238673600e+16 -1.637534357777771600e+16 3.736968302654810400e+16 -6.075397639420588800e+16 -8.186615000071174805e+12 2.111711721626904000e+16 2.964070620158726800e+16 4.643535963667042400e+16 8.549902577108043520e+17 -3.787095313107337600e+16 -1.935178405828720000e+16 1.901721084408432250e+15 -8.910682963620811250e+14 2.478036628002863600e+16 8.054465289340165000e+15 2.614197880792584704e+18 -1.326244163791596480e+17 8.485271114549802000e+15 7.871305432159104000e+15 -1.200120505409269800e+16 1.376003075545955250e+15 7.665273504934427000e+15 2.695509761956038000e+16
-3.627743828985593262e+11 -3.909780813720944824e+11 9.229672200636721191e+11 9.716340742037314453e+11 3.173697717673634644e+11 3.053309009260103607e+10 -2.682401442977043152e+10 1.320504866026192780e+11 5.105587209927742004e+10 4.291069506786772919e+10 1.163182318702127533e+11 9.992024700548962402e+10 3.804792063882649994e+10 -4.405105714767479897e+09 -4.396332483135714722e+10 2.375105095194488525e+10 7.944028039520834923e+09 -6.082118524524873734e+09 3.581341620935024261e+10 -2.833328651927331543e+10 -2.518106549199041367e+10 -2.406949249872050095e+10 7.128537796509829760e+08 3.831421317645909786e+09 -1.275905122663438034e+10 3.009642183693233109e+10 8.174522962930817604e+09 3.938762755023565674e+10 9.368451250472629547e+09 7.958761514471097946e+09 5.601322529331880808e+08 5.086534302885690689e+09 1.274864011303097534e+10 2.644083718743219757e+10 1.664043631136516571e+10 1.260279852924258232e+10 3.089048093052569580e+10 1.315705262117245102e+10 3.642615474066776633e+08 5.364269017496457100e+09 7.990027012621365547e+09 4.658538005717214584e+09 -5.173722224971134186e+09 6.198200800502477646e+09 4.646950580045503616e+09 -1.869146938416281280e+17 4.837812858906948800e+16 -7.154068830321565600e+16 -2.495509589617886800e+16 1.700143843593041408e+18 -2.475439654206647040e+17 1.815762357125020160e+17 3.223443604755745600e+16 2.001604505957223040e+17 -3.197158159371157200e+16 -1.006574862774176640e+17 3.754361801168517760e+17 9.155048540371315200e+16 1.509715777620063360e+17 1.186349250870135750e+15 -1.520831426770527200e+16 2.183977859573402240e+17 4.047846516883479200e+16 1.617935544916640000e+16 3.945028320775841280e+17 1.245754318535642880e+17 1.495701755385904640e+17 -2.849377499279684400e+16 -5.348264826284056800e+16 1.787752156457910720e+17 1.663096967953857200e+16 -3.012509294011351500e+15 -2.323963017480909440e+17 1.688163908684868480e+17 -2.197475622894608000e+16 -5.943747275638569000e+15 -4.328112962746513750e+14 -1.331947037999915680e+17 2.208545929847570400e+16 -1.155410309396652000e+17 6.120005685732433600e+16 2.463232305470993600e+16 3.841281896759646400e+16 3.393649386878196500e+15 1.773665649634559040e+17 1.957197533409635200e+16 -7.060431083912669000e+15 -7.848806703498354000e+15 -1.997374498688687600e+16 1.110891846167987712e+18 7.191790373026305600e+16 3.989325240505023200e+16 1.710038486919156600e+16 4.567082012163888000e+16 2.908321605800880000e+16 1.851748135602330560e+17 -5.121744664910144000e+15 -6.025798209023811000e+15 1.369626222009266400e+17 9.718168299177392000e+16 -1.091161140319880200e+16 4.730775905078255000e+15 -1.999715575080186000e+15 4.610076823023310400e+16 1.601414569185761280e+17 2.935002048477085600e+16 1.533604834124962400e+16 1.107706352538266600e+16 2.462981084710772800e+16 -1.482577713857388160e+17 9.467189020102440000e+16 1.381493817591060200e+16 2.221697960457848400e+16 -3.428321755571210000e+15 -2.554021755647780800e+16 -2.752864426408951200e+16 2.444167175462858560e+17 3.568518061371241600e+16 8.265889503616532800e+16 -4.432644477118422400e+16 4.701079376382166000e+15 -1.089711450475946800e+16 -4.229079213658464640e+17 8.437141236666630400e+16 -2.406014790140661500e+15 2.502491841778372400e+16 1.684067403325519600e+16 8.935418997623835000e+15 -6.851038395329248000e+15 7.906186940366995200e+16 -7.168638621356020000e+14 2.780502207726354000e+15 -4.080845390906881500e+15 7.951447756047671000e+15 7.513697376460192000e+15 -1.404755841246066080e+17 9.286633226525190400e+16 -2.351400065488993200e+16 2.289210043927868000e+15 9.886827018180108000e+15 2.495137630401369000e+15 8.722383647221577000e+15 -1.950525177941388000e+16
5.423124780625682983e+11 8.217153932196273804e+10 2.021987314757111816e+11 1.093398883237145844e+11 2.019958851294107361e+11 2.656618016784756470e+11 2.001339034591253662e+10 -3.314311118256108093e+10 1.486487789629245758e+10 5.663625243802948952e+09 9.529871529982304382e+10 1.541714000982890320e+11 1.612589326685435295e+10 6.272707558916484070e+10 5.759815739809380341e+10 -1.585346690082853127e+10 -1.145223298219999313e+09 1.481376198821259499e+10 6.831807183446632385e+09 1.203795991499024582e+10 1.120115249493148994e+10 -2.570449752520209122e+10 4.823077939334669113e+09 -5.601674819318113327e+09 -2.938624752164855576e+10 1.627831728799147797e+10 -8.676340232459050417e+08 1.696802305541099739e+10 -4.107427495412384868e+08 -7.834083772650978565e+08 -5.850052752445143700e+09 2.671857258746754646e+09 7.457277742865234375e+09 1.359505435740392685e+10 3.559689982396219730e+09 1.463288355064349365e+10 3.678289118627051830e+09 1.195836986330477905e+10 -9.887786401593561172e+08 1.042090141465766907e+10 6.171055303590688705e+09 5.932114618635179520e+09 2.757592540247232056e+10 6.094098857740303278e+08 9.542007500220350266e+09 7.004279363157292800e+17 -6.837557687703123200e+17 1.452270843008522560e+17 -1.773192822137245760e+17 1.227688569069155584e+18 -2.903325927385596800e+16 5.201070598895923200e+16 1.640875111471201600e+17 1.310635609664083680e+17 1.280489462961815200e+17 5.647888350755463200e+16 -3.343896718452447600e+16 -1.286509030093140960e+17 2.876953473931264000e+15 1.081616308084944320e+17 -2.029092202320910800e+16 -4.818918726122744800e+16 2.084706917941868000e+16 3.571820332372003600e+16 1.213324889181966080e+18 -9.675069521921148000e+15 5.233807486945779000e+15 3.197107568072222400e+16 -2.380690249974393600e+16 -1.726034786250098800e+16 6.504888357233952500e+14 2.777146645889089600e+16 2.943118659096916800e+16 1.647165414323206600e+16 4.773141064198613600e+16 8.451560332084319000e+15 5.218223109995958400e+16 -1.245077317755289280e+17 1.025744869884741120e+17 -3.588394391519816960e+17 5.095237396135586400e+16 3.362320401226958800e+16 -8.219444049188166250e+14 -7.051346168521753600e+16 3.575769979213022800e+16 8.889239485184702400e+16 2.099327822176759600e+16 1.702199549668716200e+16 4.954616242506493600e+16 7.191790373026305600e+16 7.003870556679166720e+17 8.928333241637848000e+16 4.490084046354026400e+16 8.191597116210976000e+16 -9.441887360054582400e+16 -1.693558423830412400e+16 3.850169863977823200e+16 2.022850219630796800e+16 1.244208960830475200e+17 -5.835254966671663200e+16 3.565929711199136800e+16 2.188770617580570400e+16 -7.121440384239605000e+15 -1.792050271693392400e+16 1.905022868182019600e+16 1.016634943932315200e+17 4.231258724851580000e+16 3.008861835455185200e+16 2.600199982936650400e+16 2.076192704852057200e+16 -4.909730506038788000e+15 7.129065967315888000e+16 7.587131531896802000e+15 1.134651538262576800e+16 2.107372520407935600e+16 5.081497598973372800e+16 1.720359497189023360e+17 -5.268326413851149600e+16 1.021454772110279625e+15 3.509902789063459600e+16 1.829253095328270800e+16 -1.247887235544636600e+16 7.577620876396609600e+16 1.463284292957099800e+16 2.554238284719757200e+16 2.428138916497328800e+16 2.470785591155444000e+16 2.965984858594416000e+16 -5.804474485580688000e+15 1.954109632279279600e+16 2.746330057167772800e+16 -1.446905847439493200e+16 -5.919552834201022000e+15 3.212670154278818800e+16 1.603279055971527400e+16 8.471550367258155200e+16 2.328186715284435600e+16 3.664774696214696800e+16 1.686860628377864000e+16 -6.509325183892148000e+15 6.914543409840403000e+15 1.028657301885459500e+15 -1.226146795798378250e+15
5.836393869173035431e+10 3.468919023587495728e+11 2.765765317634069824e+10 -1.303552290103246689e+10 -1.187460720366945496e+11 8.749393942253453064e+10 1.646414261875314941e+11 1.419901177856645508e+11 6.385969622857606506e+10 3.019066097195103073e+10 6.654579540618809509e+10 1.320134346795447998e+11 3.073222530780892563e+10 2.334011559350223541e+10 1.348549065183048630e+10 -2.432789510994576263e+10 -7.224084009223408699e+09 2.266720098468376923e+10 -1.064415623601352811e+09 -2.738853076898327827e+09 1.148370138559382820e+10 -4.988814193799219131e+08 6.488957689088881493e+09 -7.025070018418653488e+09 9.191971280666217804e+09 5.104119175164047241e+09 1.800153768451295137e+09 7.142782705120513439e+08 3.975538398095560551e+09 -4.409127081287343979e+09 -1.057025663372133064e+10 1.216593539328393173e+10 4.893798082515476227e+09 1.470702137405455828e+09 -1.298952634532427406e+10 3.677436870557665825e+09 -2.272836503970864296e+09 -1.169825303093474770e+10 9.455977224253139496e+08 -4.918599314043197632e+09 -5.885119828367007256e+09 1.735588737743749619e+09 8.920893534915256500e+08 4.280184636533594131e+08 4.958051527093960762e+09 -1.230509128807266400e+17 -3.215658821633169200e+16 -4.328588025377044000e+16 -6.684203757805899200e+16 1.216213118712605696e+18 -1.067883825357427840e+17 7.001359505499634400e+16 5.594989398498776800e+16 3.694745094244958000e+15 9.937105621637822400e+16 -1.147716106419058240e+17 -7.906629385362073600e+16 -2.232740055193455600e+16 3.759121327647696000e+16 6.317129197378900000e+16 -6.559844373694199200e+16 4.853170635632522400e+16 6.400716606265433600e+16 1.129889515822325760e+17 7.386379126682691200e+16 1.242294699148342880e+17 4.070599496737937600e+16 -2.154296304566386400e+16 2.463118009246128800e+16 -1.014634665051706875e+15 7.247165764769001000e+15 7.887480154419179200e+16 2.534283864161914400e+16 8.027859708226213750e+14 -4.939207474760295000e+15 3.471124756492881600e+16 -1.113605924021044000e+15 -5.478971345899212000e+16 3.602368927556331200e+16 -2.585733254054148160e+17 -2.619894643864788000e+15 5.025496088100737600e+16 7.824346801971542400e+16 -7.617466400250800000e+16 3.897231607078692000e+16 4.179701535827012000e+16 6.801694379516642400e+16 2.424004720001445600e+16 6.464760615305144800e+16 3.989325240505023200e+16 8.928333241637848000e+16 4.877342995080186880e+17 5.628696326847135200e+16 3.658678588615736000e+16 -8.947628931022182400e+16 -1.513025362510876800e+17 1.301555992377410800e+16 8.683743685855871000e+15 3.392801112779212800e+16 1.631012759527155200e+16 1.210271073729378800e+16 3.773070393237893600e+16 1.068248292519300156e+14 -5.431074645663758000e+15 2.114047934923055200e+16 4.944101430090776000e+16 6.385629359028243200e+16 1.870901280193063200e+16 3.335378761585947200e+16 4.046923878890904000e+15 -1.136664450000145600e+16 1.926251172047136000e+15 3.912451850576154400e+16 -1.899376546673585600e+16 9.736757434217732000e+15 1.255448327086520000e+16 1.629608543302588160e+17 3.272026748906980400e+16 -3.458916573508216320e+17 3.064891867534889600e+16 3.185166913835947600e+16 -1.009498001610738000e+16 -1.906721357264851200e+16 1.194562491930770200e+16 2.648832287055378400e+16 3.387554438534202000e+16 1.338182028319840200e+16 3.074846129023915200e+16 6.016366966340456000e+16 2.928419500575680000e+16 6.990945335497974000e+15 1.890377283449747200e+16 -6.084426378094524000e+15 9.081290920299338000e+15 6.278354087484118000e+15 1.115180386520911200e+16 4.417999052745132500e+15 2.201278672646356750e+15 1.690563783134970400e+16 3.151527549926170625e+14 2.931106590520540625e+14 5.429105347305722000e+15 -6.000882014963591000e+15
-8.603853743420665283e+11 2.736158779170613403e+11 1.465166059802768555e+11 3.480677711803678894e+10 -9.967935665349517822e+10 1.019583360683524323e+11 1.365335499210295105e+10 3.742704984288934326e+10 8.933650744448925781e+10 1.290006142986828003e+11 1.197227366507723999e+11 1.429685144783036499e+11 6.058964763008391571e+10 3.385365479610054493e+09 -4.626282297864712715e+09 2.136972366391419220e+10 -7.817738639686566353e+09 -1.310893885659905910e+09 -4.996098974104921341e+09 1.532314162730334091e+10 1.518912837380744457e+09 -8.576615629008092880e+09 1.084717341645873070e+10 -1.765257871525487900e+10 7.681490285903693199e+09 1.779624731769716644e+10 1.421903153901278687e+10 4.801930253428577423e+09 6.440363727072367668e+09 -3.737344736336908817e+09 -9.440285533572048187e+09 1.323591470105566502e+09 6.705518920473289490e+09 -1.031609479674512863e+09 -1.464710560205390453e+09 8.909781342664905787e+08 -1.922662070097539663e+09 8.660093666884838104e+09 1.037248060696884727e+10 4.980471902962366343e+08 2.796283866958568096e+09 7.636342883934483528e+08 -5.760200854053560257e+09 -5.413374924022409439e+09 7.941608299771187782e+09 -6.837494479207824640e+17 -1.060600904252212400e+16 8.999320929857606000e+15 1.368303890718336640e+17 -4.083084640219849600e+17 -2.119726843905203600e+16 8.102708834219587200e+16 4.475983494144900800e+16 -1.937941569638740800e+16 -2.132147385046877200e+16 -2.469950003750615680e+17 9.171597736378794000e+15 1.064570843614313920e+17 9.299637686943652000e+15 4.523017756302377600e+16 3.939781117459081600e+16 -3.079527582769376500e+15 6.995820309439985000e+15 3.585154211604944400e+16 -3.464759525462657920e+17 2.190679943230274880e+17 7.855604035952670400e+16 1.713632024579352800e+16 -2.295777065547739200e+16 1.609601075491936600e+16 2.769391441655378000e+16 4.446648671264340000e+16 -4.779281000532461875e+14 1.534670187068038400e+16 2.324855745136558800e+16 4.749396598532809600e+16 4.025849547592744800e+16 8.991816771154876800e+16 4.286036999121802400e+16 -3.460594341037849200e+16 3.591611805459708400e+16 3.184494127787471200e+16 3.280425938912570000e+16 1.995940182900480000e+16 2.875901553680485600e+16 2.004853619604902800e+16 2.520061628419325600e+16 7.473409999794788800e+16 3.911432905565018400e+16 1.710038486919156600e+16 4.490084046354026400e+16 5.628696326847135200e+16 3.280463276254304640e+17 1.004741194668627360e+17 -4.149048670583413500e+15 1.923817777563942000e+16 3.292583720630699200e+16 1.142973077428525000e+15 -3.541147441732721200e+16 2.480693719388146000e+16 1.801857400031152400e+16 8.225691447521503000e+15 3.740327954336282400e+16 1.165074861762151400e+16 2.763382139550975200e+16 2.369351512981717812e+14 1.610479123012070600e+16 3.490348881841723600e+16 4.014856333861899200e+16 2.103215401663066750e+15 1.125698661981925400e+16 8.972097477374760000e+15 7.437107007244494000e+15 3.238185641503261000e+15 9.047435020279958000e+15 -2.587908279253678500e+15 8.113032830781724800e+16 -1.400602722519500600e+16 -2.840205524056260000e+16 8.976554736544043000e+15 2.102454134116014400e+16 1.303495257341949400e+16 1.447095710297019840e+17 2.703964266617460000e+16 1.452921005022235000e+15 1.806553528001788000e+16 2.871643088167899200e+16 2.653157875330380800e+16 2.320410799427554375e+14 2.125223709030180400e+16 2.671491418918507000e+15 9.576070258726216000e+15 1.182970149506197000e+16 4.998189454707848000e+15 -3.812203592302423000e+15 -4.684769887736296000e+15 2.847747578882896800e+16 -6.727393160433233000e+15 5.628182900459553000e+15 1.361507725726151600e+16 1.365160826096739000e+16 2.948044306343142000e+15 8.373921003997766000e+15
-8.837592971062294922e+11 4.663637047419966125e+10 1.818666212222310486e+11 1.342190829358888550e+11 -1.019175547145996094e+11 5.495074531449468231e+10 8.998199510949256897e+10 3.092210785180317688e+10 7.420908514545555115e+10 6.370663901014726257e+10 1.584843422337709656e+11 1.628901718997086487e+11 1.249141669142851105e+11 4.977323658924970245e+10 3.323177963193114090e+10 -1.377770772432645559e+09 -3.341162592000460434e+10 1.948150193217254639e+10 6.331078690314536285e+10 1.271188273398710823e+10 2.713071217611938095e+10 2.200802310515047073e+10 9.298842071210811615e+09 -1.530440023603745222e+09 2.253307036389595509e+09 2.293547261817796707e+10 2.105259508992297363e+10 1.087489349080230522e+10 1.152870621682828331e+10 1.325180316190997505e+10 -8.989935032313659668e+09 1.610270073963220787e+10 1.956967275550407410e+10 8.895624739477666855e+09 9.610231526594973803e+08 -1.631557976005414009e+09 -7.045878025551161766e+09 -5.661288738124053955e+09 -6.797723117698793411e+09 -6.218275364307735443e+09 1.358937448583796120e+10 2.805139689933740139e+09 -7.864517163401160240e+09 -1.267940246720753908e+09 7.703475105063554764e+09 -2.490158123744482880e+17 3.972558724946931200e+17 2.898988815875841920e+17 1.755138591904457280e+17 3.099313046626046080e+17 -1.205868271719887680e+17 -5.923643162878023200e+16 2.912622686414973125e+14 1.419917046299061400e+16 5.613026861334883000e+15 1.342904791602826240e+17 -7.159430477583516000e+16 5.660248640872951200e+16 3.534692779325052400e+16 -1.447070048223415200e+16 -6.588464925487108000e+16 1.437362042351187200e+16 -7.187823223536164062e+13 -4.605244365105556000e+16 -7.689534471513990400e+17 5.687197240151690880e+17 6.680674852750459200e+16 2.285899700281548800e+16 5.849677168587812800e+16 -4.892994276828702400e+16 -3.253571114586038125e+14 2.137685446805520000e+16 -1.406083215290914600e+16 7.796171028710153600e+16 1.522574742269268000e+16 5.913522935527488000e+16 6.852222233991041600e+16 8.644400317045236800e+16 4.882141735792431200e+16 -1.750238175292003840e+17 2.888249581245761200e+16 3.791677431952086400e+16 3.589380154775569600e+16 7.357532335250193600e+16 4.930297803534549600e+16 3.354408239426507600e+16 4.151125896052177600e+16 6.830882342565418400e+16 2.533899726669209200e+16 4.567082012163888000e+16 8.191597116210976000e+16 3.658678588615736000e+16 1.004741194668627360e+17 8.292747947023988480e+17 -5.415855813476105600e+16 -2.785271080024704320e+17 7.420115975599107200e+16 6.753436554886605600e+16 -1.092571138680757600e+17 -3.451823216212374800e+16 2.208792991007488400e+16 3.317907202658318000e+16 1.401631779242344200e+16 5.141349945623892000e+16 3.032186540260357600e+16 2.961033136022719200e+16 4.451057767831480800e+16 2.360853120639150400e+16 5.345931083429441600e+16 1.525983813967023250e+15 -7.244138705562810000e+14 2.759202847234113200e+16 1.592729344310232800e+16 6.516285640695833000e+15 2.481223170279488000e+16 3.011119224183042000e+16 -1.859188451738436400e+16 6.693533786631820000e+16 -1.077875570066721600e+17 1.448803226554526200e+16 2.680306031933305500e+15 7.042222400496504000e+15 2.183415145030135600e+16 -2.046524687716953600e+16 1.730107149201353800e+16 2.438942878682546400e+16 1.536425906585737000e+16 3.325332651353140000e+16 2.212841222289818800e+16 1.125567719052146800e+16 1.808613058435083200e+16 2.199427482341717250e+15 6.773508868721908000e+15 2.084910266896246400e+16 5.240925973427839000e+15 2.404752077037001600e+16 -4.868275080142751000e+15 1.986921605697060400e+16 1.934229349230247200e+16 2.216075395798967600e+16 1.236029704118786200e+16 1.544331406635079750e+15 2.381736195059548800e+16
1.039199434079091553e+12 -4.818026362678778320e+12 7.646611052457983398e+11 -5.028023161136629028e+11 -6.164371833275498047e+11 2.068407130260885925e+11 2.384478451229643555e+12 7.765575522361120605e+11 1.643177070444412537e+11 -2.292272845949820251e+11 -3.377223291879859009e+11 -1.688049534704014282e+11 5.525388951186010742e+11 -2.575175060425186920e+10 -4.226317743040104370e+11 1.711607762037539673e+11 8.866768459471195984e+10 9.748075009443708801e+10 1.489200639188048096e+11 1.822625148365590515e+11 5.872256010326332855e+10 2.316340435365140076e+11 6.342533797660859680e+10 -5.207426173733731842e+10 -6.162484409695772552e+10 7.280021722289984131e+10 -1.004108254678769531e+11 4.328888075083319702e+11 1.448217917254852600e+11 7.543492848593638611e+10 7.558408508946499634e+10 7.219140678965036011e+10 -2.557524137387801743e+10 -1.323966447300726013e+11 3.039816489449680328e+09 1.630943786426300049e+11 -2.175194675199544144e+10 -9.575701826196680069e+09 5.638663172040090179e+10 4.391488629890274811e+10 1.159584880029687195e+11 1.017723889155921578e+09 8.806226113257197571e+10 -1.350354838404041100e+10 3.290483225659959030e+10 -2.805565626788052992e+18 -7.016062499247363072e+18 -1.285867224272981440e+17 2.113302219475532800e+18 -1.113783100475113344e+18 1.774370460026432000e+18 -5.631401352988063360e+17 2.124653278281631744e+18 -2.067090858285459520e+17 -3.629773529165624320e+17 -2.872046226750133440e+17 -1.579225942459479552e+18 -6.451822589542563840e+17 -3.993736160499187840e+17 5.921128320773183200e+16 3.964612535779926400e+17 3.508031335189674880e+17 -2.381474390260445440e+17 5.903126147429600000e+17 9.103952421161743360e+17 -3.562933949202646528e+18 -2.233052710511420160e+17 9.902753746243385600e+16 1.440117730069356160e+17 6.133073795896901120e+17 -1.457555212789187840e+17 -9.518448563059758400e+16 4.976002866963978400e+16 1.829634163784550400e+17 1.243567029638455200e+17 2.432328510635341120e+17 -9.609282921427883520e+17 2.272766640216793600e+18 1.063579411862750720e+18 6.282842701921274880e+18 6.013759405986101760e+17 7.505629264763811200e+16 4.625890228202379520e+17 -7.433840911844220160e+17 -2.616026790913145280e+17 -6.409135297493612800e+16 1.247456847522223040e+17 -4.244271592234000640e+17 -1.448124542585257984e+18 2.908321605800880000e+16 -9.441887360054582400e+16 -8.947628931022182400e+16 -4.149048670583413500e+15 -5.415855813476105600e+16 7.332361727254903194e+19 -1.369720648031212544e+18 1.012413798710192256e+18 2.676273649383663680e+17 2.045851061412191488e+18 -7.577992536844971200e+16 3.373821121643788400e+16 -5.461457470975004000e+15 -3.675223522960304640e+17 -6.427746603397047040e+17 2.028470025666806400e+17 2.000818725668756480e+17 -4.984596855903039200e+16 -1.678952189508471360e+17 -2.874422414544044800e+16 -3.446692650126904960e+17 2.654609480423034560e+17 9.707321093975616000e+16 -1.665342884198960800e+16 1.718323025231158080e+17 -8.355259343974654400e+16 -2.276042495549823360e+17 8.891021784716305920e+17 -5.025309472985359200e+16 7.637691017711777280e+17 1.354004113999114080e+17 -3.874878233564442400e+16 -6.346939414713929600e+16 -5.075635989742092800e+17 -3.865185994160940800e+17 6.381512174556548800e+16 1.344363876313257600e+17 1.000649170272961600e+17 -1.429760391599404640e+17 -4.684853455782224640e+17 -1.062629965158725920e+17 1.488340872956485440e+17 -1.240272478550913120e+17 7.859716162905372800e+16 -1.023780298717683840e+17 -3.859121969090772800e+16 1.330278796326179520e+17 1.726613862240863680e+17 1.966715953131905280e+17 1.958756664828449600e+17 1.048190742881162080e+17 7.961064846092835000e+15 -3.934808034005325600e+16 2.516610003260328320e+17
-4.828065853254524414e+12 1.047603641109838379e+12 -7.481048191494146729e+11 1.402325366771410645e+12 1.820928044041268311e+12 9.821916402828571777e+11 -3.581940879436519623e+10 1.964571633118383179e+11 2.588947712488436279e+11 -5.820995309889796257e+09 1.958382353040087585e+11 1.228161448743580780e+11 -7.487212530565046387e+11 8.642227845416656494e+10 2.467026405608091736e+11 1.339732856947965088e+11 -1.434692407307666931e+11 2.036120420965335693e+11 -2.285349228683668213e+11 -2.085505663243526306e+11 2.126186759757044678e+11 4.922151491228538513e+10 -5.094144585871453857e+10 1.048302988309895477e+11 -6.816059756963881683e+10 -9.430271371234103394e+10 5.337512880004746246e+10 7.658087431452516174e+10 7.860366257486993408e+10 -6.645084012486278534e+10 -4.007294870482405090e+10 -1.208222419511857986e+10 1.201775866237737122e+11 4.949617650663790131e+10 6.033771199530445099e+10 1.309184320318386993e+11 8.029387592757250977e+10 -2.869972147458227921e+10 4.166333662693345547e+09 1.015105515868428345e+11 -1.914425309523075104e+10 1.291228988060746307e+11 -1.885850621754989243e+10 -2.289626089683889008e+10 -6.248072854710450745e+10 3.669519821761524224e+18 -1.339322794874872320e+17 -3.429930249625454592e+18 1.308176006566975744e+18 -1.205115255452028723e+19 -2.071165866223744400e+16 -1.860856005351800800e+16 7.783349455167802880e+17 -5.807006062357585920e+17 -1.527734305611059712e+18 -3.681688656654762496e+18 1.518031068870163840e+17 -4.808386674360432640e+17 4.677253982728637440e+17 1.198984351030236800e+17 -9.751024982146892000e+15 8.204427790434634240e+17 5.274495988731957600e+16 -6.500697710786179840e+17 1.861438958001073152e+18 -1.052399115736537120e+17 4.067680038505789440e+17 6.697104873531979520e+17 -1.006654239394651648e+18 3.782036188640947840e+17 1.015669336206037760e+17 2.309531095935639040e+17 -9.180146298518140160e+17 5.921032665872815360e+17 9.007994458653516800e+16 -1.006160953908774800e+16 -2.592334766958419200e+17 5.321408694573513728e+18 -8.380417585910145280e+17 3.458938760780515200e+17 1.347036094086668800e+18 -6.506010672116968800e+16 -2.035404325710778560e+17 -8.008667519201557760e+17 -7.784010292208739200e+16 -4.087671845941080000e+15 1.720924277043459200e+16 -1.662452588066491200e+16 -5.658228613563445760e+17 1.851748135602330560e+17 -1.693558423830412400e+16 -1.513025362510876800e+17 1.923817777563942000e+16 -2.785271080024704320e+17 -1.369720648031212544e+18 4.480246646977125581e+19 1.929686204062263680e+17 6.665228111856612000e+16 -6.593586010975008000e+17 4.421850063897191680e+17 -7.745241597669940800e+16 1.050033589863395200e+17 4.517204340329525600e+16 -7.413646398693524480e+17 2.840618163576594141e+13 -1.847144402281529280e+17 -1.467650724338412600e+16 3.805694715085013000e+15 -5.680505052193331200e+16 -3.291183848893054720e+17 2.541560784625495680e+17 -1.190042037649809120e+17 -1.089263566169978880e+17 -6.841214271916004800e+16 -1.400643122420404480e+17 -7.626536115859248000e+16 3.349300468552327040e+17 -4.598166502468189440e+17 1.842667126968024064e+18 -2.481637678951222800e+16 -8.095049160011955200e+16 1.750529745952071680e+17 9.347773450008551680e+17 -7.566370612722654000e+15 1.343104977777489200e+16 -1.535111343199438720e+17 1.957876897892198400e+16 -1.710681231739226000e+16 -3.767914826073585920e+17 2.602791684122954240e+17 1.255490782605458800e+16 -1.112559197728250240e+17 -3.654674043447428000e+16 -7.997179760516366400e+16 6.124675466457566400e+16 -2.981900919228831360e+17 2.102849994659473600e+17 -1.296225922577586240e+17 2.470871266239040960e+17 1.703897542973402560e+17 7.667242753536030400e+16 -1.260293778572570080e+17 1.148838016831543840e+17
-1.853807972296729004e+12 -1.880205653130752258e+11 2.836042348687168579e+11 1.567431710689588928e+11 3.244512816686210938e+11 5.276252246916890869e+11 4.472315666837237549e+11 2.370958397399770203e+11 2.718253497277545776e+11 8.374849319500067139e+10 1.927630027537203979e+10 -3.695209567222626495e+10 4.544781401377066803e+10 7.473625710477749634e+10 7.475358715159638977e+10 4.018709119453455353e+10 -1.296931687249845982e+09 3.910879273836514282e+10 1.836046725991468048e+10 -1.473329370260408974e+10 -1.980574277485581875e+09 -2.056812508855564880e+10 -1.104715667230718994e+10 2.278395666584659195e+10 4.148886032349142456e+10 -8.443686077962032318e+09 1.705453893752694130e+10 1.492331288943667221e+10 -1.133808440936347580e+10 1.233067388916930962e+10 5.869700091517984390e+09 2.791987896013587952e+09 6.810331958463574409e+09 2.053932887129189301e+10 1.402156646972592354e+10 3.731168459700417519e+09 -2.708917449784974575e+09 1.066225497422853470e+10 1.712931256735826731e+09 6.003176615325972557e+09 1.970001940571468735e+10 8.950096114030603409e+09 -8.578093301360721588e+09 -1.814443205237874985e+09 -3.167179226363275051e+08 -1.261889522219866368e+18 -7.812237840216350400e+16 -2.069347029211069440e+17 -5.781283360480435000e+15 3.196148084355372544e+18 -6.682800914445940000e+14 3.325570762959832400e+16 8.525190186756358400e+16 9.519261129064433600e+16 2.093103465081992320e+17 4.442139358714203520e+17 -1.454430423836456960e+17 7.617058440859766400e+16 7.057285567359243200e+16 1.448698818758157440e+17 7.344019621989510400e+16 3.596642624890849200e+16 6.659818350478704800e+16 -1.463209418223089600e+16 1.411138585227970560e+18 6.635467054485481600e+16 -3.797248796951628000e+16 1.041081217184964320e+17 1.149680635854124800e+17 1.560428875418748800e+16 1.048161334382701600e+17 6.091977137233621600e+16 7.456183401255252000e+15 7.421395287678853000e+15 3.124449832666010000e+16 5.029303874687571200e+16 4.709735060831524800e+16 6.064244605740325120e+17 2.666521461616674560e+17 4.944252007286950400e+17 5.010413956142364000e+16 1.727695228679985280e+17 7.284879935303792000e+16 3.304966711602890400e+16 2.978040699945680800e+16 7.840671732315862400e+16 4.376446650112850400e+16 1.022683654532020125e+15 -6.577942711369870400e+16 -5.121744664910144000e+15 3.850169863977823200e+16 1.301555992377410800e+16 3.292583720630699200e+16 7.420115975599107200e+16 1.012413798710192256e+18 1.929686204062263680e+17 1.191909102131465728e+18 1.880965115007979520e+17 -1.705950632756625920e+17 4.404043475586608000e+16 1.267623522794174880e+17 7.444027799001140800e+16 3.971049131360127200e+16 -4.451508480358640800e+16 5.812450999877103200e+16 4.664794322387076000e+16 3.264640465643920000e+16 9.186271127467786000e+15 2.507230634765754800e+16 -4.327267357559435200e+16 8.703157284668209600e+16 4.714772792901927200e+16 6.492442838622276000e+16 4.723379905932024800e+16 7.578002843129462000e+15 -9.734519439288104000e+15 9.409189020277427200e+17 7.434811685553953600e+16 1.708790147875864960e+17 6.714082374545967200e+16 3.936677415331141600e+16 2.433126247132989600e+16 -1.990987510059336000e+16 1.185319837839535800e+16 6.961618440842522400e+16 2.040577889707736000e+16 -5.489758866817807000e+15 8.460825523783367188e+13 9.725421297298440000e+15 7.333717255312534400e+16 5.770321660185860800e+16 2.789571451673883600e+16 1.758226991134129600e+16 5.956764823734996000e+15 2.101790100858144800e+16 1.863350193269090000e+16 4.165273192717123200e+16 5.325997637309320000e+16 2.041942770597507600e+16 2.797053261453785600e+16 5.194908164011243000e+15 1.437037301297805400e+16 6.711169350083566400e+16
-7.363544544334101562e+11 -3.279228583383964844e+11 -1.146244828086192513e+10 -4.526928879666472626e+10 -5.232863886894941711e+10 4.981142025561699677e+10 2.083168576600681763e+11 4.184971212945678711e+11 1.514998547300387878e+11 1.787705511671832085e+09 1.098796128506407738e+10 4.190802599573231506e+10 8.554112263669634819e+09 9.910002608198457336e+10 5.653840212876976776e+10 7.364367191243926048e+09 -1.776119807937262344e+10 3.655930311575865746e+09 4.022327004105179310e+08 -2.253681471376629639e+10 -2.376269610795948792e+10 -2.223488191139684677e+10 1.446889508848880577e+10 1.448013773614069557e+10 8.790363067192552567e+09 1.891278892126703644e+10 -7.466551253724473953e+09 1.181736317537892723e+10 -1.488420934332024956e+10 -1.764517291239268112e+10 -2.267763074431221008e+10 7.090661497633880615e+09 7.373150657152291298e+09 3.379981885384426594e+09 1.220909817403787422e+10 -1.306501857526723862e+09 5.300737274988648415e+09 8.982782952484327316e+09 2.090953534220305443e+09 -7.801327890165799856e+07 6.129572781541907310e+09 1.195254890947244072e+10 -3.673011110130373478e+09 -6.121031417190622330e+09 -5.142221539314913750e+09 -3.170085337710647680e+17 4.428230110985128320e+17 1.947297624864145200e+16 -2.085104396761944000e+17 3.453635313611997600e+16 4.734801306148681600e+16 -2.761553535119478000e+16 7.540146157754137600e+16 3.263114149477474800e+16 4.509173189409427200e+16 7.972612089746488000e+16 1.111505209080741120e+17 -6.424241875734998400e+16 1.467635716624774800e+16 5.928375706420224000e+16 1.904977469001026240e+17 1.113260901759786400e+17 6.859701899781891200e+16 6.478760419423414400e+16 6.414998880999105600e+16 2.399097862251298240e+17 -1.657225645825383750e+14 7.174288806560823000e+15 7.188031879412281600e+16 2.614243203792709500e+15 1.506584041399295400e+16 9.701749412061825600e+16 1.456332797325398080e+17 9.960616051207082500e+14 1.791559586234166200e+16 3.625825635751207200e+16 -7.716209596064665000e+15 4.197517812135565440e+17 1.082894720030624000e+17 1.443885440751003520e+17 3.365145081895178000e+16 5.201136683684147200e+16 1.067235891340834560e+17 3.591605786901498800e+16 -2.281235861048389600e+16 3.036851665200072000e+16 4.852126019411932000e+16 2.770140332798469600e+16 5.369779425769094400e+16 -6.025798209023811000e+15 2.022850219630796800e+16 8.683743685855871000e+15 1.142973077428525000e+15 6.753436554886605600e+16 2.676273649383663680e+17 6.665228111856612000e+16 1.880965115007979520e+17 6.717340693282685440e+17 -3.330610743539564800e+17 5.489412375577653600e+16 4.685000289247236800e+16 1.050636493740832320e+17 2.560019929521495600e+16 4.118034607395594400e+16 3.390037359631029600e+16 4.730977585650276800e+16 5.203370143727888800e+16 1.090094203639869000e+16 2.321974933277537500e+15 1.766232713905488960e+17 2.923556920971422000e+16 3.967760296695447200e+16 7.252552531504545600e+16 1.531558643653691800e+16 1.017068833243878125e+14 -1.360453222451515750e+15 2.655356606835548800e+17 2.074355569171978240e+17 -6.342862324228183200e+16 1.075226708806033200e+16 5.370148003419002400e+16 8.862993460076834000e+15 1.739020980557576000e+17 2.945614562195016800e+16 2.257577003871054800e+16 5.547961262702243200e+16 4.692358187918449000e+15 -2.031910662850001750e+15 1.079222572043321440e+17 8.353442899414915000e+15 1.204151632353663000e+16 4.637957910457084800e+16 -1.880366185880778500e+15 7.311131528492123000e+15 2.291622604953494000e+15 1.350728541001541600e+17 -8.270932170203484000e+15 1.159639682604842500e+15 3.914354447933974400e+16 5.118495332229337000e+15 1.566998512265644800e+16 -3.232464094284554000e+15 5.827121833025950400e+16
1.449974323671947266e+13 2.636209726367861816e+12 2.651644186305875977e+12 -6.920573728988310547e+11 -3.537475920840497437e+11 6.895900981307497559e+11 3.489660379952897339e+11 -7.865634203583325195e+11 -1.865175073966184692e+11 6.794380979216850281e+10 3.327258500525267944e+11 -2.839355168474591064e+11 2.025125509265206604e+11 3.475652684336060181e+11 6.308789782244191895e+11 5.517829253415454102e+10 9.186749162296719360e+10 -2.092887009720826721e+11 -9.731669779229426575e+10 3.311339503089742432e+11 1.971952427117640381e+11 1.096194539623793945e+11 4.592376685407271576e+10 2.505126001053363647e+11 -4.404467028552140045e+10 -1.868953113622234192e+11 -1.284282386126868744e+11 1.760752994850059509e+11 -3.497629598980628967e+10 -1.320915876177535400e+11 -5.022914311197045135e+10 6.640891437707469940e+10 1.196417841898347931e+11 5.940752523682360077e+10 -1.259858180479787445e+11 -4.895929769235831451e+10 1.726411177113481445e+11 1.766494037476263733e+11 1.572010700965183716e+11 7.049100093453994751e+10 1.155682916027288513e+11 2.074082125563008308e+09 1.503632036028967285e+11 4.979200857832398224e+10 3.166236552318488693e+10 -5.715529367880807424e+18 3.796055751339003520e+17 3.052907140100601856e+18 2.987934587750687360e+17 2.310733104581489664e+18 1.451059184675918336e+18 4.974813466837995520e+17 6.009951658225779200e+17 5.717690182072866560e+17 -5.002575606785732480e+17 4.803584059355013120e+18 -8.233824692986801920e+17 2.778821496788355584e+18 2.296722070988186240e+17 2.452312596369189760e+17 1.386091649641753600e+18 -2.114968554724373440e+17 4.604186239612046080e+17 8.588699563081756800e+16 4.191947006107567360e+17 4.335885903511085568e+18 -8.575299406060414400e+16 1.905263688785616000e+17 1.136493595959197440e+18 -1.479169466118257280e+17 -2.540069633812869120e+17 -9.232926050915325000e+14 1.201051950165986816e+18 -7.386467490448105600e+16 -7.406383608222417600e+16 1.233682339713783200e+17 -3.848829426737350400e+17 1.082436039937003904e+18 -3.044761712570055040e+17 6.095492430914723840e+18 8.135652886664254400e+16 -1.009592162182216480e+17 -3.710724162722103200e+16 2.252720593314390016e+18 1.950105928527645440e+17 2.410694898009789760e+17 7.450291010617960000e+16 -1.802048784795255600e+16 7.510605252727738880e+17 1.369626222009266400e+17 1.244208960830475200e+17 3.392801112779212800e+16 -3.541147441732721200e+16 -1.092571138680757600e+17 2.045851061412191488e+18 -6.593586010975008000e+17 -1.705950632756625920e+17 -3.330610743539564800e+17 6.168397876865380352e+19 1.053972433059650944e+18 1.592745273990891200e+17 -9.156348102057192000e+16 -1.725516943194817600e+17 1.153895153269464064e+18 -7.879051796714969600e+16 -6.180596739960310400e+16 -1.661002632399033600e+17 -5.147235252377073600e+16 -8.796084275174308800e+16 5.536076822737507200e+17 -7.405391999818328000e+16 -3.563521649684853000e+15 -2.087319116516737200e+16 -7.479096163253588800e+16 6.896796438083880800e+16 -2.308483497671764160e+17 1.745725601817748992e+18 -4.065635921421724160e+17 -1.849457788225925760e+17 2.320094989434802560e+17 -1.404461686592247040e+17 7.396813204023529600e+16 2.234869847491518400e+17 -4.208961840878664320e+17 1.716844816943881920e+17 -2.170112609078363200e+16 2.008347571110472400e+16 1.969659930799191600e+16 7.821747965576326400e+17 2.232670960773009600e+16 4.592196577000600800e+16 -2.296305716813389375e+14 -2.799600257649852400e+16 9.587362981039926400e+16 6.533373697824595200e+16 8.210693676486851840e+17 1.551543183570166400e+17 1.634408884454081920e+17 -3.371128129339248640e+17 1.351028003231262600e+16 -1.297288229813730880e+17 1.817566247898187250e+15 1.422378403673189600e+17
1.638642767415162048e+11 -1.909596312117223511e+11 2.983882228511268311e+11 6.702575235133583984e+11 6.772936068404299316e+11 5.122323893405033112e+10 -1.259271190716028452e+09 1.409385790765569115e+10 -7.094419958820241928e+09 1.687907767296953430e+11 1.836384377593852844e+11 3.136769323323380280e+10 7.051584661345213318e+10 1.088983851372304382e+11 2.943296321650196075e+10 -6.536522309095152283e+10 -5.644818507553747559e+10 -4.162148403957748413e+10 -2.791015527954251862e+10 -1.090174536303451157e+10 7.282776329719133377e+08 -3.937024571846129608e+10 -1.040797219137103081e+10 3.096680904917741394e+10 4.109902874797349548e+10 2.902009184118129730e+10 -1.507572288506700325e+10 -2.967292416804764938e+10 -1.951412342757089996e+10 -2.455068116952420807e+10 9.014426700785459518e+09 2.585460926723822784e+10 4.363731541574800110e+10 2.345923986234093475e+10 5.992524478256459236e+08 8.373793320970186234e+09 -1.003593358162868690e+10 -1.469142433223680496e+10 1.654848936504611588e+10 6.335556006879265785e+09 9.602794703310298920e+09 -7.918646517327506065e+09 -1.029239421058899498e+10 -5.027386849645894051e+09 3.755558055949394703e+09 1.816255323147451840e+17 1.081508475016368160e+17 1.204380289537991360e+17 7.229227870313632000e+17 -1.956431744865267968e+18 1.365797590946155840e+17 2.634410094110515200e+17 -1.327143404026181440e+17 1.960540806452580000e+16 -1.154968478962757760e+17 1.486710763545729280e+18 1.909945738024920960e+17 7.125015596182785600e+16 1.549710331458764160e+17 -5.790050339903102400e+16 1.891577161054662000e+16 1.597768554011384960e+17 -2.886795575951408800e+16 -1.264503977063335600e+16 6.274866123828426240e+17 -4.734400797106413600e+16 4.177147544427698400e+16 6.781973225099517600e+16 3.031196589231216400e+16 1.451880620473802880e+17 1.772853878425178400e+16 2.750667511830398400e+16 -5.103679783090303200e+16 1.142554499201324320e+17 4.052747103888798400e+16 -4.611515212362935000e+15 2.709213636680564800e+16 1.270133814626566880e+17 -1.554460321491295000e+16 1.566283169339908480e+17 1.629268210503033280e+17 -5.422128021696830000e+15 2.248373643669617200e+16 7.867086234657332800e+16 1.823641889918627200e+17 5.952291381812723200e+16 1.131232625707095600e+16 2.303399753437088800e+16 -1.226474341548158240e+17 9.718168299177392000e+16 -5.835254966671663200e+16 1.631012759527155200e+16 2.480693719388146000e+16 -3.451823216212374800e+16 -7.577992536844971200e+16 4.421850063897191680e+17 4.404043475586608000e+16 5.489412375577653600e+16 1.053972433059650944e+18 1.411202118358223616e+18 9.223629240004291200e+16 2.272811588732667600e+16 9.722033631703884000e+15 2.659783688963010400e+16 1.550528343740773120e+17 1.336573884976731250e+15 4.512381441642461000e+15 2.341894995380366800e+16 1.091367865195325000e+16 -9.263704702886742400e+16 1.429401040718843840e+17 2.360487451352378800e+16 2.833058460137685000e+15 4.389229929454109600e+16 5.666476292386466000e+15 1.141748147635326600e+16 -6.516119836922756000e+16 1.211038284952254800e+16 4.516269768136124800e+17 1.961919642336090000e+16 2.965176525382266000e+16 1.578295933551969400e+16 5.609347234967360640e+17 1.272318603516531520e+17 -7.611567715603781000e+15 4.782479611315664000e+15 1.294348933095201000e+16 6.285361171157917000e+15 7.371643362898257600e+16 9.134026187018467200e+16 -9.213941274674821250e+14 -1.173697949927114800e+16 1.125762846942908600e+16 4.441262631067961500e+15 2.270712590994638000e+16 -1.131836928729533600e+17 6.696143146465961600e+16 4.327075121627984500e+15 -2.412005402680781600e+16 -2.010876207166446500e+15 -1.693105145604822000e+16 1.884532174063600750e+15 -1.904949803651970000e+15
5.435031130091719360e+11 1.376873345417708740e+11 9.032658195911906433e+10 5.758580646819635010e+10 2.668026620469791565e+11 4.161356076318685913e+11 1.946935673125181274e+11 7.539165948595468140e+10 1.117328850720907745e+11 9.853247941487153625e+10 8.513222276604733276e+10 -7.226319736971541405e+09 1.704892605937524223e+10 9.592686358686239624e+10 3.028794029091371155e+10 -1.913950835294895554e+10 -9.988422496754653931e+09 -9.428933292199316025e+09 1.724235182535037231e+10 -8.154110877014346123e+09 2.124238312501488924e+09 -5.491369208528548241e+09 -2.785154910119529247e+09 1.851254875264527512e+10 2.078396707981586075e+10 1.258433757049119377e+10 5.959765276678222656e+09 -5.420621982856884956e+09 -2.693048667607881069e+09 1.420681047936201859e+10 1.086887596214294052e+10 7.293485407369236946e+09 1.549949580600041199e+10 -5.298058747851044536e+08 -6.245715806857403517e+08 1.357644794190408325e+10 -1.050290093417839813e+10 -1.141599024154375267e+10 -1.672880842143696308e+09 -1.358494146764383554e+09 7.335999807738700867e+09 1.017907716504529572e+10 -5.370637028526621819e+09 1.032877522086505127e+10 8.191783640418630600e+09 -7.849714832685596160e+17 -2.328064769149686000e+16 -1.229702305997976960e+17 1.042553757208856960e+17 -6.494190306971424000e+17 -1.872612915216685600e+16 -2.064859704423452000e+16 1.091203023464731200e+17 7.966226123392753600e+16 7.978517416234304000e+16 1.133718990484498880e+17 7.009146465964976000e+16 1.307316007444363200e+17 7.248444412471520000e+16 6.536028138216865600e+16 9.233854851295300000e+15 -1.707034518828802000e+16 2.576351448848783600e+16 -2.996221867381457500e+15 3.334262043082198400e+17 -3.175124793785381120e+17 8.644505879951630400e+16 6.359670827074831200e+16 -2.135082382585885200e+16 -1.526223977581616600e+16 5.221655029554548800e+16 1.648842988702484400e+16 1.549781190601961400e+16 3.483853851568862000e+16 4.794651184498465600e+16 3.399536545435546400e+16 7.974263458184182400e+16 -3.135106058568837200e+16 4.220531444664476000e+16 -5.425787204028632000e+16 -2.413559747206466800e+16 2.090353224513742400e+16 1.160921041583914600e+16 5.667241965830387200e+16 8.396751830615969000e+15 5.820507992817037600e+16 2.057946989943151600e+16 2.652573644344097600e+16 2.406350959430094800e+16 -1.091161140319880200e+16 3.565929711199136800e+16 1.210271073729378800e+16 1.801857400031152400e+16 2.208792991007488400e+16 3.373821121643788400e+16 -7.745241597669940800e+16 1.267623522794174880e+17 4.685000289247236800e+16 1.592745273990891200e+17 9.223629240004291200e+16 3.634967232287865600e+17 4.485095702003504800e+16 3.573703903083153200e+16 -3.772662829971218000e+15 -1.278661500276234400e+16 6.088173651326140800e+16 1.432683028236543800e+16 8.624584920141986000e+15 6.630705929295683000e+15 5.608896080518435200e+16 2.919157341461600800e+16 3.760351612250692000e+16 1.947105614937534400e+16 2.522951595614268800e+16 1.092853021451574600e+16 3.657030837784801600e+16 2.341234017173046080e+17 1.871558535361946000e+16 -1.427822793737370400e+16 6.910779789729274400e+16 3.262337174708856400e+16 3.216624114662060800e+16 -1.630610398929675000e+15 9.773970845777576000e+15 4.142000933503898400e+16 4.222353408460717000e+15 1.010322756326713800e+16 -2.004568031133627500e+15 2.287711513031463600e+16 2.597527879302972000e+16 3.542189625856919600e+16 8.219271073241392500e+14 1.981808812744115200e+16 3.467620484659337000e+15 1.235375753927278400e+16 4.633563053679466400e+16 6.396208127004329000e+15 2.828734970049832400e+16 8.384231630102407500e+14 7.354397538242113000e+15 3.440532166392619000e+15 7.794262661093804000e+15 1.612409209270420000e+16
-1.552122659124392090e+11 -6.084262700019311523e+10 -7.299767662886385918e+09 -5.667621054150805664e+10 1.097672302405245018e+10 1.083655870208623199e+11 1.232388197850718689e+11 2.185674265425263367e+11 1.554361753364886780e+11 1.323653364261338806e+11 1.182321682289793549e+11 9.224365791344083786e+09 3.134677575237423420e+09 9.089177915485791016e+10 3.714006435991255188e+10 1.231770070247440147e+10 -1.140709857005683708e+10 6.100161890384130478e+09 7.212837895926371574e+09 8.320360016053672791e+09 6.600431696484256744e+09 3.782272903119612694e+09 7.013974708971444130e+09 5.111233268937293053e+09 1.064757912437216377e+10 -4.365214889724405289e+09 -9.220607770254536867e+08 8.950191399485490799e+09 5.348741194191915512e+09 6.688656858098767281e+09 -2.977528275679277897e+09 2.914465476520854950e+09 3.769751239899516582e+09 6.396649239293290138e+09 1.250639164195316315e+09 8.574068955104355812e+09 3.465606905841232300e+09 -4.698116697557269096e+09 6.043440377027151585e+08 1.806670767772411108e+09 4.628739837863309860e+09 8.862384403757980347e+09 6.699316757484438896e+09 -2.229811484139090061e+09 3.104235251416120529e+09 -2.340968175549135680e+17 2.035570265414693120e+17 3.214964186974189600e+16 -6.956328227414677600e+16 7.500463189082671360e+17 -4.954347757546637000e+15 1.123264541372460800e+17 -4.926793822663777000e+15 -8.806849087924162000e+15 -2.451190766638594500e+15 5.505668892542311040e+17 6.988578131050352000e+16 1.847074915437766750e+15 2.813767212957107200e+16 2.031877422026782000e+16 1.107925484219858375e+15 3.724107390173769600e+16 6.891357792551448000e+16 4.738824052999504800e+16 -1.374805805908799520e+17 1.180759115007939520e+17 3.531127731636646800e+16 1.365864789824909400e+16 2.466221067713186800e+16 5.986604512859879200e+16 6.444757104495584000e+16 7.706725452814852800e+16 -2.129943540707926000e+16 7.345192954994099200e+16 4.543889271946684800e+16 6.484453166425369600e+16 7.819949745542020800e+16 3.850939208889096320e+17 1.501644709866503600e+16 -1.525586356866534800e+16 1.820104190208360750e+15 2.961562749955212800e+16 4.165829827096558400e+16 4.966112426795887000e+15 2.674105029585250000e+16 2.878435447086732800e+16 5.068173312236407200e+16 4.081087059603966400e+16 -5.106497966489933600e+16 4.730775905078255000e+15 2.188770617580570400e+16 3.773070393237893600e+16 8.225691447521503000e+15 3.317907202658318000e+16 -5.461457470975004000e+15 1.050033589863395200e+17 7.444027799001140800e+16 1.050636493740832320e+17 -9.156348102057192000e+16 2.272811588732667600e+16 4.485095702003504800e+16 2.383522112287541120e+17 5.573904368458966400e+16 -5.546490189881841000e+15 2.459607953219072400e+16 2.014822850331944000e+16 4.301866025091172800e+16 1.523164984075703600e+16 1.289523125376606600e+16 -2.930467656817416400e+16 1.805411905898604800e+16 2.855193851625211250e+14 3.852159077530424800e+16 1.952835030948813200e+16 8.237850519500648000e+15 1.908233419122618800e+16 1.627086990240323200e+17 6.658092700186366400e+16 -2.577774376475910000e+16 2.654787880470358000e+16 5.128375819136916800e+16 3.591890267159349600e+16 -6.340547328702694400e+16 1.108621742604436000e+16 1.647778896455870600e+16 2.990811407521364400e+16 1.970831670900126400e+16 1.424620032486966400e+16 3.464386369033599600e+16 2.548015409137757600e+16 1.001336740991339400e+16 2.322783127779048000e+16 2.262620828349205200e+16 5.257082803873954000e+15 6.624912942144557000e+15 -1.240457050184720200e+16 1.774105865228063800e+16 -4.740908310964150000e+15 2.532735277435488000e+16 8.716799586423492000e+15 3.474570355190616000e+15 7.916780100209259000e+15 1.321009515685647800e+16
4.044554672230974121e+11 9.471020146369023132e+10 -6.937438405939982605e+10 1.146298314902107697e+11 -3.357558895958325386e+09 3.502486104158457184e+10 -1.298720503444632149e+10 8.755568932353015137e+10 1.645101486141320190e+11 2.414732998239330750e+11 1.472374685200250244e+11 -1.006089798685968781e+10 4.919487271241554260e+10 6.722318979463829041e+10 3.789790744822892761e+10 -1.502990262246000671e+10 2.664885256353959560e+09 2.188017515716546249e+10 4.969805508462366104e+09 1.787355557433911514e+10 2.151671195284134293e+10 1.112935562058034134e+10 2.744243174590465546e+09 5.757518746646709442e+09 1.581325385856908607e+10 1.446970000893977737e+10 7.617833776509224892e+09 2.472723963975067616e+09 1.670053209393288612e+10 6.717890612105675697e+09 8.814263394646790028e+08 1.064760064429551697e+10 3.395882151952027798e+09 1.635029787678977394e+10 8.430872626194615364e+09 1.236674371401937485e+10 2.007695789990634918e+09 7.791923997045259476e+09 1.151496926364620781e+10 4.973993673755214691e+09 1.137959866083585358e+10 7.473116313564962387e+09 7.803122475071375847e+09 6.874227111502547264e+09 1.302483739163189507e+10 2.988486578767173120e+17 3.269116215188698240e+17 4.158572289029106400e+16 2.042217641323989600e+16 -3.415397467906273280e+17 5.956874356961299200e+16 1.293600374129006600e+16 1.641722457815051200e+17 1.572838518051230400e+16 -5.747203330412377600e+16 -4.160294597048830080e+17 7.877731426438940800e+16 1.948924987034806800e+16 1.273283654648919400e+16 5.789905361175153600e+16 -2.225654592543404000e+16 -2.971107106351173200e+16 2.558543680248396000e+16 6.661150073703862000e+15 -1.080782153818907040e+17 2.455336593832287680e+17 6.241251658544156800e+16 -6.523591054696953000e+15 -1.817189725788492400e+16 6.335367488241472000e+16 3.519529575202760800e+16 5.180161835167592000e+16 8.242857850868790400e+16 3.343185201806427200e+16 5.215294400094064000e+16 6.561378427670742400e+16 8.838134924398809600e+16 3.234407549440102500e+14 -1.061582105879636640e+17 3.885237492234468480e+17 -4.083753756399881600e+16 6.438029941968164000e+15 4.749489476771826000e+15 9.692783912739636000e+15 2.477142813186420000e+16 3.336202843067199600e+16 2.877783297888375200e+16 6.426941441481345600e+16 -7.338041501435123000e+15 -1.999715575080186000e+15 -7.121440384239605000e+15 1.068248292519300156e+14 3.740327954336282400e+16 1.401631779242344200e+16 -3.675223522960304640e+17 4.517204340329525600e+16 3.971049131360127200e+16 2.560019929521495600e+16 -1.725516943194817600e+17 9.722033631703884000e+15 3.573703903083153200e+16 5.573904368458966400e+16 3.378164363474012160e+17 3.291567543440370500e+15 1.000901499833758400e+16 2.769650091892987000e+15 1.154602385440044800e+16 3.292035336786607200e+16 8.498248728896974000e+15 5.790683066030127200e+16 2.207428826065879200e+16 -9.578178712221112000e+15 2.137686075983307200e+16 3.977185298551992000e+16 1.388039168696109600e+16 2.860141795904692000e+16 2.814466477276755600e+16 7.061071104598245600e+16 4.415860953511353600e+16 4.472077575483597600e+16 2.964823556680922000e+16 5.193374589806652800e+16 1.818441779125960000e+17 2.796507676006412000e+16 6.745805290919466000e+15 1.610657310892234000e+16 2.649131273712360400e+16 -6.783451413694740000e+15 -3.189823736835873500e+15 -5.453131382798241000e+15 3.130075955259659500e+15 1.534505987101083200e+16 3.660175583464012000e+16 1.589417337661598500e+15 1.108048333274612000e+16 2.065625233169848800e+16 -2.360208374454930400e+16 1.282865831703496600e+16 1.102865568606412000e+16 2.379593465194000800e+16 1.046469468099526400e+16 7.053198163238094000e+15 1.054328807961742400e+16
1.363303676068356445e+12 3.014517630242534668e+12 1.782131942953802002e+12 -9.211896058322065735e+10 1.180679931997013397e+11 -3.445396701594574585e+11 1.413935904613792610e+10 -2.066747866837214661e+10 -7.577403212646743774e+10 3.111416558416300583e+10 -1.366909160477031326e+10 1.233480266067615318e+10 2.323193459432050781e+11 5.833212546078067780e+10 3.609793593906307983e+10 5.556693934475290680e+10 1.613964665604401245e+11 5.479104158005235672e+09 -1.224119537405350685e+09 5.115096944483943176e+10 3.112468004787446499e+09 -1.702508645206731796e+10 1.417225026188601494e+10 -1.055546399303319740e+10 -2.929709434145458603e+10 1.371603819258815765e+10 1.708481924066155624e+10 2.720205748963713646e+09 -1.358793139432282639e+10 3.012192107273396683e+10 1.002161937997226715e+11 -7.649824848884573936e+09 3.161022693315780258e+10 -6.949688037330162525e+08 2.171307608056040573e+10 2.654550665430719376e+10 4.337831661507766724e+10 2.184496929434767532e+10 3.178416496174983597e+10 1.514350781276845169e+10 1.572299326048949623e+10 1.138655510771825790e+10 9.147190627038412094e+09 8.013488388847510338e+09 3.622753596770631409e+10 2.138886495656848384e+18 2.407345023167303168e+18 6.868972127037624320e+17 5.866575801994626560e+17 5.875554171371024640e+17 1.004345420526777344e+18 2.615602273681568000e+17 9.785576975732089600e+17 1.813743599455580800e+17 -2.271333709268862400e+16 1.727250399103746560e+18 1.408445959063623200e+17 1.114548314684031104e+18 -1.868720467811321920e+17 -1.015128414519023360e+17 1.182890297591802112e+18 -7.051497682735546400e+16 -1.477353800941010880e+17 5.895203633759558400e+16 5.804183635423690240e+17 9.383364947890347520e+17 -2.083718700967990080e+17 -2.690117211332927600e+16 1.294622149650624512e+18 -6.855003786951958400e+16 -5.652001997466348800e+16 3.195118321305741200e+16 1.090118743596120320e+18 -4.568833701380913600e+16 6.052230316992334000e+15 2.526187018452072000e+16 3.103134153594983200e+16 3.882680099043902720e+17 1.030332721560773000e+16 1.248336782561773120e+17 -1.338678999057888640e+17 3.547624455174414500e+15 1.353606093839688600e+16 1.128874999923344384e+18 2.081879297055956800e+16 -1.113230690615405600e+16 2.458044495207956000e+16 -1.794778942708536200e+16 1.289855970237751808e+18 4.610076823023310400e+16 -1.792050271693392400e+16 -5.431074645663758000e+15 1.165074861762151400e+16 5.141349945623892000e+16 -6.427746603397047040e+17 -7.413646398693524480e+17 -4.451508480358640800e+16 4.118034607395594400e+16 1.153895153269464064e+18 2.659783688963010400e+16 -3.772662829971218000e+15 -5.546490189881841000e+15 3.291567543440370500e+15 2.981330730037075968e+18 6.047925680065245600e+16 -2.124408517097109600e+16 2.195681925418023600e+16 2.336233861608774800e+16 6.231880269621939200e+16 1.139622366043688704e+18 2.683871327686090000e+16 -6.334093917911293600e+16 -2.404550722986123200e+16 1.146364634773455600e+16 3.257746723070845600e+16 1.087514075225328600e+16 1.662010736173155520e+17 -7.079067800211480800e+16 4.661592904235476800e+16 -1.022851071498812000e+16 3.474739877264007200e+16 4.128633373582675200e+16 1.186931052525109760e+18 8.904439494033404800e+16 2.967776859514875200e+16 2.246148035598493600e+16 5.735377358862840000e+15 2.616452792295616000e+16 1.056200786495732864e+18 3.104109194518065600e+16 -7.712787220918341250e+14 3.109148746782251600e+16 1.821410858501103600e+16 2.722108146643249200e+16 4.606597804125719200e+16 8.548907558518863360e+17 1.456806330618539400e+16 -1.626642192774865400e+16 -2.763042292303569600e+16 1.166680523458122000e+16 1.208160556842553000e+16 2.847972176152820000e+16 2.378782581997006500e+15
-5.730834806305104980e+11 -4.348922212316003418e+11 6.454406426621184082e+11 1.075774008608770020e+12 4.362851867570996704e+11 5.581705796754350281e+10 4.003594216667926025e+10 2.641630079935975075e+09 -3.967801236769475555e+10 3.175978580598300171e+10 5.629828285806977081e+10 7.083634419095732117e+10 6.004349299157246399e+10 7.036025163860389709e+10 5.099775743806086731e+10 1.700847942182518387e+10 -8.057883603789009094e+09 -1.046481289667130280e+10 1.156572310078000641e+10 -3.945628446536881447e+09 2.153132120196743488e+09 -3.646842072248515320e+10 -1.220382030928102875e+10 1.917002923300942993e+10 1.222794733853109932e+10 6.919969709018880844e+09 -1.216462754534209967e+09 1.333747082673202515e+09 -2.002787696299694443e+10 -1.101717236432859039e+10 9.762564317812509537e+08 3.186770990164364338e+09 1.658236068876060104e+10 1.193538354883073997e+10 7.513990624656605721e+09 3.657472961171961784e+09 8.699684660694353104e+09 -2.271109616624214935e+10 -8.172232742306845665e+09 1.976471549954039097e+09 2.172227485016803265e+09 1.114110794351079702e+09 -9.936055778838552475e+09 -1.519411829560592461e+10 2.382008385513565540e+09 -6.291744681945655040e+17 2.877021309967718000e+16 -2.074684033439184640e+17 1.962841374086758720e+17 1.658255327414196224e+18 -3.926629172438797600e+16 3.414050909804610560e+17 -7.846560477129649000e+15 2.691407588139028400e+16 -5.875020476670058400e+16 -3.129002235048771200e+17 3.004382824461168640e+17 4.721501376873190400e+16 2.003449704214081280e+17 -3.870284680156111200e+16 -1.518075750999879680e+17 1.724228765459728960e+17 -1.786195958269086750e+15 6.138131251234524800e+16 4.362587812838554880e+17 5.197655777770836480e+17 1.313330513413116640e+17 6.806284308073949600e+16 -6.877260650243281000e+15 1.817005626917806720e+17 -2.751014435980092000e+15 2.948075404927627200e+16 -4.867469736647102400e+16 8.763538410194625600e+16 1.870597150349513600e+16 3.468021574729092400e+16 2.532095443797471500e+15 -2.115996774320858240e+17 3.114582656141868800e+16 -3.232153140817557120e+17 1.543210945393875840e+17 2.265665109429275200e+16 3.007623222253965600e+16 -2.548328635726498400e+16 1.448111381194247360e+17 1.173368332373448800e+16 8.503047420254016000e+15 2.148554679673030800e+16 -9.236764610985140800e+16 1.601414569185761280e+17 1.905022868182019600e+16 2.114047934923055200e+16 2.763382139550975200e+16 3.032186540260357600e+16 2.028470025666806400e+17 2.840618163576594141e+13 5.812450999877103200e+16 3.390037359631029600e+16 -7.879051796714969600e+16 1.550528343740773120e+17 -1.278661500276234400e+16 2.459607953219072400e+16 1.000901499833758400e+16 6.047925680065245600e+16 5.406999610613145600e+17 3.346454619232943600e+16 2.869998451432559200e+16 1.801538293222734400e+16 2.246012635710000400e+16 -7.529587599903084800e+16 1.855335860405379200e+17 2.852480764175739600e+16 1.677329354706128800e+16 3.268186827983304400e+16 1.311046264834972200e+16 -2.491289766270082500e+15 1.963347674934736960e+17 2.120715104731933000e+15 1.857985245101918720e+17 -2.204771494462234400e+16 3.585377754154686000e+15 8.474138801734990000e+15 2.649712965438939200e+16 1.860423661963574400e+17 3.030255862823247600e+16 1.922400393295750800e+16 2.613565575442046400e+16 3.278360368044301500e+15 -4.047436227613841600e+16 1.530637453605497920e+17 8.009249701307710000e+15 -1.335263006811652500e+15 1.182572017142272500e+14 1.061894593110671000e+16 1.175609321715405800e+16 -9.599975080187976000e+16 1.388982462316490880e+17 4.927282972342972000e+15 -1.815408408627078400e+16 1.751782774735776000e+15 4.933192536035121000e+15 1.121469340281682800e+16 -2.985636674284835600e+16
-2.903557464303316498e+10 5.482143407401306152e+10 3.942959136374159336e+09 4.635157964276179504e+10 2.578813202384068604e+11 3.545540888315037231e+11 1.742810482059154663e+11 8.920514909694891357e+10 1.452650977676640892e+10 1.542673446620157242e+09 5.468584783544602966e+10 6.677660588286843109e+10 6.191964363466429138e+10 6.327841245977776337e+10 1.612027626609313393e+10 3.127905456899696350e+09 -3.237889103431134224e+09 1.876299002173792839e+09 -6.447164389529206276e+09 -1.405406348120446205e+09 -6.271071412826517820e+08 -8.256116919956306458e+09 -1.962124276068467855e+09 1.447169961455882454e+10 1.306223913928728294e+10 -4.521451596937666893e+09 2.502916925566949844e+09 1.126801051185251808e+10 -5.960458690519239426e+09 -6.957623769577862740e+09 4.092306239213168144e+09 6.337539627761686325e+09 7.385634719779979706e+09 9.878110973351953506e+09 4.724749895797444344e+09 7.040910504880410194e+09 7.062060845531453133e+09 -3.641980770419736207e+07 -1.966935817678643942e+09 -6.387702779465834618e+09 7.394119501734570503e+09 -6.901343750226040840e+09 -4.839919959939987183e+09 -4.447411078517408371e+09 3.082011545553283691e+09 -2.145580939292513280e+17 -1.813249964614096320e+17 -1.502887750514021440e+17 1.319383139650775400e+16 9.206310000930776320e+17 -1.658063272866970400e+16 -4.668666311688936000e+16 5.149401089015391200e+16 1.038769402715348160e+17 1.296706364351037600e+17 9.991637944738788800e+16 9.619311769766516800e+16 8.344294164546910400e+16 1.070407154585271520e+17 1.482897742276827520e+17 1.231461250403429500e+15 3.127866291165465200e+16 5.761470319467120000e+16 -2.443850584520279200e+16 -4.602868267533356800e+16 2.937592921233008640e+17 8.263754563164641600e+16 4.503561502388612000e+16 2.983729203021495200e+16 3.760842613098262500e+15 3.109013951215986800e+16 9.195416039355848000e+15 -3.438457565265644000e+16 1.012480726467883600e+16 1.827669569268111200e+16 1.002823345812820000e+16 -6.149081966279772000e+15 1.168384949087091360e+17 1.395697488833491520e+17 6.687498578454697600e+16 1.507297047383325000e+16 5.053480900045425600e+16 2.037446655337286800e+16 5.031059710492764000e+15 1.373745899734422800e+16 3.655144278557192000e+16 1.328286119183653600e+16 2.217315849223837600e+16 -4.330139990212380800e+16 2.935002048477085600e+16 1.016634943932315200e+17 4.944101430090776000e+16 2.369351512981717812e+14 2.961033136022719200e+16 2.000818725668756480e+17 -1.847144402281529280e+17 4.664794322387076000e+16 4.730977585650276800e+16 -6.180596739960310400e+16 1.336573884976731250e+15 6.088173651326140800e+16 2.014822850331944000e+16 2.769650091892987000e+15 -2.124408517097109600e+16 3.346454619232943600e+16 2.678759660408902720e+17 1.931285769893550000e+16 1.066500739356672800e+16 2.517699659478048400e+16 2.067857387136170800e+16 1.365323452069996800e+16 7.902143377656017600e+16 2.271173723052274800e+16 1.309264942378425800e+16 1.378655720642329800e+16 1.448758463608034200e+16 5.343399103175736800e+16 3.007667735543862000e+16 8.122324976689014400e+16 4.401507848358056000e+16 1.717305477011650600e+16 1.238986081439900400e+16 -1.690126487439931840e+17 2.409095437278536800e+16 6.343015500603350400e+16 1.333951934794418000e+16 8.084794799106254000e+15 1.905161159257936000e+16 1.598224091173244000e+16 2.355539251687424800e+16 4.089518502819073600e+16 1.235662444106562600e+16 1.144992003893095250e+15 1.112428270554895400e+16 1.098524619018553625e+15 8.024862958062396000e+15 5.480352170756317000e+15 4.633012213391353600e+16 8.124311485540386000e+15 -1.493374888284520000e+16 2.670926035260367000e+15 -5.635649310011436250e+14 8.286755726991149000e+15
3.866110337648273315e+11 5.459763779364574432e+10 1.083263335335514221e+11 -2.756260639890515327e+09 -2.396939385701351929e+10 5.778743497939627838e+10 1.419412788153848572e+11 1.935289579613293762e+11 1.049669341156086731e+11 4.846228784113137817e+10 6.726234204888728333e+10 8.397485105814704895e+10 8.012212047149815369e+10 6.119697300172315216e+10 3.073208390658281708e+10 -1.444577484420568275e+10 3.558752802863307476e+09 3.887973511986001492e+09 2.698502824123173141e+10 1.684828486948620605e+10 1.505514738287834167e+09 -1.151054761387205505e+10 8.170596374071082115e+09 3.406964246906980991e+09 9.868852794706684351e+07 9.994665291848237991e+09 5.561282607611625195e+08 -4.270646985116673470e+09 6.427886628760457039e+09 7.803012968208312035e+09 -4.391323289752102852e+09 5.970958316780257225e+08 7.591015979986966133e+09 -5.647135986063016653e+08 -1.512587983512804747e+09 -1.908876516383668780e+07 7.307267180582106590e+09 -3.030271680301914215e+09 1.172046330896514893e+09 3.936527719732897758e+09 2.102945426747330189e+09 -3.236415428962998867e+09 -3.470211773052329063e+09 -2.929969768543647289e+09 8.577322757125949860e+07 -9.726000279702892800e+16 1.979424600558315840e+17 6.401323187905783000e+15 2.668869143209358400e+16 8.604216998492870400e+17 -3.892934294473682000e+15 1.319489274799054400e+16 4.954518474046231200e+16 -5.957479283858084000e+15 -5.926903837635086400e+16 9.396354481850251200e+16 1.623608338773166720e+17 1.195309620431094880e+17 4.915228933283626400e+16 1.882619826928572400e+16 2.493549052363390000e+16 7.453701274768808000e+16 4.267615985791196800e+16 1.052537577506923840e+17 -1.350632222465443840e+17 2.740213417998199040e+17 -2.119198370037221200e+16 -1.483049975243650000e+16 3.606097860204748000e+16 1.682125162514982600e+16 3.750908694041613600e+16 7.408608172882446400e+16 7.189858960639597600e+16 -2.387310107834688800e+16 7.311763150608278000e+15 3.901567483847182400e+16 2.994186777548674800e+16 4.117664658207711200e+16 -1.264967560576202600e+16 6.585385735744281600e+16 2.430216299044321600e+16 5.486440010570168800e+16 5.685777905057320000e+16 3.369020124972738400e+16 1.778822900872626000e+16 2.780529094852365200e+16 3.241205907908987600e+16 2.316759473942859600e+16 7.148581418026870400e+16 1.533604834124962400e+16 4.231258724851580000e+16 6.385629359028243200e+16 1.610479123012070600e+16 4.451057767831480800e+16 -4.984596855903039200e+16 -1.467650724338412600e+16 3.264640465643920000e+16 5.203370143727888800e+16 -1.661002632399033600e+17 4.512381441642461000e+15 1.432683028236543800e+16 4.301866025091172800e+16 1.154602385440044800e+16 2.195681925418023600e+16 2.869998451432559200e+16 1.931285769893550000e+16 1.806539593258060800e+17 2.469248322201193600e+16 2.498884408407475200e+16 4.737706022611603200e+16 1.646917876090364600e+16 5.137652204960291000e+15 4.608476557575398400e+16 1.242056043282030400e+16 1.512266603921754800e+16 4.373455122493350400e+16 1.956061222972668480e+17 3.903250878168532800e+16 -7.581417591183979200e+16 1.482230055271954200e+16 2.567218821333416400e+16 5.521020078395466000e+15 2.298341165648726000e+15 2.328903128180370800e+16 2.167455939241034800e+16 3.110806782223368400e+16 1.239400668399096600e+16 2.101116282629287200e+16 3.499010212652980000e+16 1.478347601700963200e+16 1.757784271423834000e+16 1.783320891678619600e+16 8.801654253708839000e+15 1.515109126786623600e+16 5.700366354209813000e+15 4.377961627097728800e+16 5.524709976559404000e+15 -4.600906755623142000e+15 1.401346404166859600e+16 7.632107655068557000e+15 1.057656739845371600e+16 2.851220201799772500e+15 5.955387122335578000e+15
1.644897846037027283e+11 -3.280301583077361298e+10 5.159953497887281036e+10 6.718974536493879700e+10 1.609812948662291145e+10 1.063228052703858566e+10 -3.628016815687066650e+10 -1.116422149796114540e+10 6.450105840839747620e+10 9.013093304840136719e+10 8.242611274058876038e+10 5.942554516941513824e+10 6.559523445610828400e+10 6.656753130997690582e+10 2.134926641758413696e+10 6.487361944635960579e+09 9.669582203468664169e+09 1.119918324984483719e+10 -5.393284526253910065e+09 -4.076508343140716553e+09 1.331565204214692116e+10 1.246645891172815084e+09 2.856700754474515438e+09 8.604957193076364696e+07 6.235601003959009171e+09 1.158219693876432419e+10 9.777378690766124725e+09 3.540365198331824303e+09 3.743974680256033421e+09 5.639313525905809402e+09 -1.891227591671331406e+09 2.043322334694243431e+09 3.848841537021193981e+09 2.304069554335699558e+09 2.758092151399052620e+09 9.206341324039751053e+09 1.264141002723498344e+09 -2.770713752195808887e+08 5.825506885544345856e+09 9.081264562634285688e+08 4.920325247578961372e+09 1.376215511578087568e+09 7.414190029763555527e+09 2.688008222267580032e+09 9.281269052473329544e+09 1.311979391564632000e+17 3.981079875447401600e+16 -3.165677096475457600e+16 -5.268901143039936800e+16 -3.091258206357198720e+17 -5.981009424062661600e+16 8.145784655450081600e+16 5.350290694421756800e+16 1.939613855539409200e+16 -6.203601682444177000e+15 2.831463569171223200e+16 7.698303583889419200e+16 5.700784971803868800e+16 -1.740631801033841400e+16 -1.553143886887492250e+15 7.210619323863470000e+14 -1.398941450542614000e+16 -1.449326172493634600e+16 7.935287384944464000e+15 -1.588734726323168000e+17 1.216424860583866880e+17 4.966769530782688000e+15 2.683785002838324400e+16 -3.854617088573471200e+16 1.387735961497368800e+16 3.722572254856302000e+15 1.564567982267103000e+16 1.649532473812430000e+16 -3.373381050381568000e+15 1.083050682772785600e+16 2.486011939232354800e+16 3.421786607031943200e+16 -3.009247882142856800e+16 7.058477706324911000e+15 -7.917656762004165000e+15 5.217381804171174000e+15 1.655326855769821600e+16 -8.700867914378623000e+15 -1.050973909414725800e+16 1.389445842536910800e+16 1.696895483451059600e+16 2.298825124604617200e+16 4.033448097534630400e+16 2.321473571445283600e+16 1.107706352538266600e+16 3.008861835455185200e+16 1.870901280193063200e+16 3.490348881841723600e+16 2.360853120639150400e+16 -1.678952189508471360e+17 3.805694715085013000e+15 9.186271127467786000e+15 1.090094203639869000e+16 -5.147235252377073600e+16 2.341894995380366800e+16 8.624584920141986000e+15 1.523164984075703600e+16 3.292035336786607200e+16 2.336233861608774800e+16 1.801538293222734400e+16 1.066500739356672800e+16 2.469248322201193600e+16 1.265487395523190240e+17 3.588259686974367600e+16 9.992194802935444000e+15 3.903904938736550400e+16 1.146972355124779800e+16 2.004882347372438800e+16 3.177303992728723600e+16 2.307121351044356800e+16 1.879980516901662000e+16 -3.402745527138142000e+16 5.943046199839893000e+15 -4.529268670414560000e+16 -1.154007368512678800e+16 9.435299274914250000e+15 1.965018938126068000e+16 -8.283023035309411200e+16 1.431250524332134600e+16 8.889132500970375000e+15 1.150225660209125600e+16 2.628202622241077200e+16 1.616071764063854200e+16 1.623295036731898800e+16 1.261569484901735600e+16 1.097043835981230200e+16 5.212575791830179000e+15 1.457355897568363600e+16 8.011723934727347000e+15 9.893471463688036000e+15 2.612933088526769600e+16 3.179038687559692000e+15 5.435220906229865000e+15 1.111273912775333600e+16 7.040605345281414000e+15 7.240485140202525000e+15 1.007912468220925000e+16 -1.607335691566319500e+15
-7.521379803125035400e+11 -6.519105590980902100e+10 1.590770225456851959e+10 5.008677328537263870e+09 -7.761887650957156372e+10 4.972908907134172058e+10 -8.044433289721275330e+10 -5.073182177429496765e+10 -2.420994439304534531e+10 1.309033874791832924e+09 6.425899937128693390e+10 9.191156871793901062e+10 7.609372910058192444e+10 6.012053420958424377e+10 2.209355850580529785e+10 -5.615577603415684700e+09 2.475711837217515182e+10 -1.426453127541506290e+08 2.218015743636178017e+09 2.224308394656432629e+09 -7.006588322964413643e+09 -1.522262169174676132e+10 -1.257663445973816109e+10 -1.302051368209124756e+10 1.150263079128718138e+09 -1.703425234433032513e+09 -1.146781437376239538e+09 1.363447709691747189e+09 -5.350344057289084435e+09 -7.745130109815525055e+09 -7.243522691596508980e+09 -4.442540878306519508e+09 -5.962212103457271576e+09 -3.330858311628032207e+09 4.336569047003328323e+09 7.186650109386857033e+09 9.733513795539766312e+09 -9.380253488898246288e+08 3.883945076083743095e+09 -1.702624248066822767e+09 2.114096593288617611e+09 -2.623234235405300140e+09 -1.527115913717541695e+09 -2.161600957075226307e+09 -1.154181325064094543e+09 -3.726219404392695200e+16 -1.928666622857808640e+17 2.322031902228300400e+16 -9.778336182088748800e+16 -1.429259128051269440e+17 -4.346346958645538400e+16 -2.975887114339647200e+16 3.033386768148191600e+16 -3.574914422780760400e+16 2.283687372323640000e+14 -4.236865833433098240e+17 -3.330218647499600400e+16 -5.780937623545408800e+16 -3.376777151546998400e+16 2.241108298616882400e+16 5.862687889081864800e+16 -1.636785973255935800e+16 -2.032505243786981200e+16 4.027875954692208800e+16 1.261533329068268640e+17 -7.438590137917395200e+16 -2.393848658207319600e+16 2.771391543749289500e+15 6.024512295482484000e+16 -2.596283146508688400e+16 -1.841193033854957600e+16 7.885826012754054000e+15 4.214055021490176800e+16 1.827719079510954000e+16 -2.934726723167736800e+16 -1.118990150958936600e+16 4.475007993175972800e+16 6.777955183356640000e+16 -1.928117929602616800e+16 6.968521142536322400e+16 -1.774837701265496600e+16 1.239444644113231400e+16 -9.122104673396476000e+15 4.884582147349149600e+16 1.679915612382293600e+16 9.802085286628120000e+15 6.518453811056220000e+14 1.568648776987764600e+16 5.868359624881715200e+16 2.462981084710772800e+16 2.600199982936650400e+16 3.335378761585947200e+16 4.014856333861899200e+16 5.345931083429441600e+16 -2.874422414544044800e+16 -5.680505052193331200e+16 2.507230634765754800e+16 2.321974933277537500e+15 -8.796084275174308800e+16 1.091367865195325000e+16 6.630705929295683000e+15 1.289523125376606600e+16 8.498248728896974000e+15 6.231880269621939200e+16 2.246012635710000400e+16 2.517699659478048400e+16 2.498884408407475200e+16 3.588259686974367600e+16 2.053791847424664320e+17 1.780839213175051800e+16 2.622129060491538000e+16 1.655636497062365200e+16 1.828929934655996800e+16 1.987561080384181200e+16 4.757892572176216000e+16 2.537254023543921200e+16 4.445733407742834400e+16 -4.874769850031856000e+15 -5.438088787818201600e+16 -9.618007142954290000e+15 4.183889507002113000e+15 -4.200669730677667500e+14 -9.534810634501878400e+16 3.007622421616653200e+16 1.446600843854295800e+16 9.205095098123790000e+15 1.574566132485594200e+16 3.178262071261911600e+16 1.113949335943162875e+15 8.768593942491540000e+15 9.469875022233892000e+15 -2.314051967175621000e+15 7.744908040644339000e+15 1.825524531164402400e+16 4.676279959360014000e+15 4.682708251200972000e+16 2.475035006840491562e+14 1.026888078705366200e+16 -2.417240492611613125e+14 7.090297024809016000e+15 1.448342100429370400e+16 2.356312784628275000e+15 7.883198916842886000e+15
3.616566048063314453e+12 5.006115524672792969e+12 1.608037574346095215e+12 3.670782418810132446e+11 -2.077013689833497620e+10 1.016952250631578369e+11 2.740260765953743591e+11 2.200518288995837097e+11 -9.021263146485501099e+10 7.760122369267314148e+10 4.035176700032112122e+10 1.077528950704014969e+10 1.347199957394398041e+11 -7.787473639787480164e+10 6.367871323792082214e+10 -5.636130090781901360e+09 -2.567342410896900558e+10 2.787614237421519279e+09 -4.247469511511769867e+10 -3.509148261546224213e+10 5.174867180773248291e+10 7.420325772437683105e+09 2.207502613530081558e+10 -3.173281238615150833e+10 -4.135313999577510071e+10 -4.052486221618462372e+10 -2.860234357065827942e+10 -1.778174591169384003e+10 4.081639238373852539e+10 -1.467207241143694496e+10 2.169826696445270157e+10 2.689573539294505310e+10 -1.294273396450961494e+10 -1.267257911811168289e+10 -1.268672790569033241e+10 4.982916397941883087e+09 5.358958915085946655e+10 3.046515131825550461e+10 -1.898612619348591614e+10 1.500391388532622147e+10 -7.814334262091892242e+09 1.440734323241985321e+10 -2.412942358493165016e+09 1.760597895171908569e+10 1.575019200559940910e+10 8.531666054472395776e+18 2.279134796346290432e+18 3.481262258971450880e+18 -3.030658692662654080e+17 7.002381433671854400e+16 1.539049802884206848e+18 -2.015870100442373760e+17 3.420166597055365632e+18 -6.119840932243530400e+16 -4.904627434350341120e+17 8.657145752341484800e+17 -1.529417312000824320e+17 1.488802014198094336e+18 -2.113600484811612160e+17 -2.469154317516101200e+16 3.146823020697988608e+18 8.290649152948630400e+16 -6.511160003910521600e+16 -2.787202813179703360e+17 1.244749655769958144e+18 5.979698895484707840e+17 -7.747593212944185600e+16 7.242756889743662400e+16 1.081607364912004096e+18 -1.445274901013178880e+17 2.197817033213688800e+16 6.505857959563296000e+16 2.918106851843328000e+18 -8.163333768022972800e+16 1.474936753976942720e+17 -1.197895065549249600e+16 -6.236325187028113600e+16 1.487089756902166400e+17 -2.400973337708251000e+15 3.695355594498805120e+17 -1.626298422122730240e+17 -5.167064631245643200e+16 2.800359583470364000e+16 1.256756304644819456e+18 -1.128998861482963360e+17 2.633592656611738400e+16 3.695422766061205600e+16 4.049695250250823200e+16 2.931842359424770048e+18 -1.482577713857388160e+17 2.076192704852057200e+16 4.046923878890904000e+15 2.103215401663066750e+15 1.525983813967023250e+15 -3.446692650126904960e+17 -3.291183848893054720e+17 -4.327267357559435200e+16 1.766232713905488960e+17 5.536076822737507200e+17 -9.263704702886742400e+16 5.608896080518435200e+16 -2.930467656817416400e+16 5.790683066030127200e+16 1.139622366043688704e+18 -7.529587599903084800e+16 2.067857387136170800e+16 4.737706022611603200e+16 9.992194802935444000e+15 1.780839213175051800e+16 4.303943592830179328e+18 2.514683981034870000e+16 -2.601600305283246000e+16 -4.768376278138028800e+16 -2.874308422977064000e+16 2.263917925466866000e+16 3.182842083043191600e+16 -3.051513476915274880e+17 8.649933361273150000e+15 4.144903277450432000e+17 2.660561642022264400e+16 3.303275158303217600e+16 -1.647654437429982800e+16 1.907137171352660480e+17 -5.444267460742329600e+16 6.646287749849879200e+16 1.243999334149313400e+16 1.256681018372586800e+16 1.754099177355597400e+16 1.116657608387971712e+18 -3.663414621296197600e+16 3.583775462693368800e+16 2.422708102648131200e+16 8.928923015906323000e+15 -2.370854147751500400e+16 2.546730237721366800e+16 2.603791406048146432e+18 -1.418310616246677440e+17 4.588733615637669600e+16 4.869085482481212800e+16 -1.588168004202943200e+16 -1.315166022344142000e+16 -9.159536221996244000e+15 4.196589111420028000e+16
-1.340944813402673584e+12 -7.238595857467237549e+11 4.721638374223099365e+11 8.285096160173126221e+11 4.101799903287614746e+11 6.037794063039260864e+10 1.484786767522409973e+11 8.816853613012098312e+09 1.137855183503525734e+10 2.487496598536579609e+09 4.297908576570531845e+09 2.752277902249135208e+10 4.431205091572370911e+10 1.620452196007334290e+11 4.726027287763607788e+10 1.153874358031350899e+10 2.561880217440672874e+09 7.508878427156121254e+09 2.817600609507513809e+10 2.714470011153493500e+10 3.060274796487106705e+10 1.378147442110293770e+10 2.195197423536687469e+10 -3.861413692913748741e+09 -6.691267694893379509e+07 2.629884266738848114e+10 1.361046832750592422e+10 1.022159575667862892e+10 1.049708517533554554e+09 6.119567959756408691e+09 2.051402920968758011e+10 3.739405108424434662e+10 1.571585699159056664e+10 2.087231372704988861e+10 2.882862912460213470e+10 2.236263968211353683e+10 5.895886575285863876e+09 -2.819240516911623955e+09 1.095608810681745911e+10 5.049357028034974098e+09 1.692566312989591026e+10 -1.947903943305614233e+09 -1.064190724501026154e+10 -3.346135962218199730e+09 1.253856365346284866e+09 -1.184464353371821824e+18 -2.353219634038504000e+17 -7.957356178588824000e+16 5.099944818232163200e+17 -1.304451894701913856e+18 -5.990496120529689600e+16 3.704480337382702720e+17 3.616347367759056800e+16 6.435474406603986400e+16 -6.827182639254618400e+16 -1.525427702953852160e+17 2.932846957684874240e+17 8.572998599030286400e+16 1.595175005066548160e+17 -4.039096964019316000e+16 -1.334719814551734080e+17 1.517533272227769920e+17 -4.613440582600279000e+15 -1.517012676266737200e+16 2.996044761060823040e+17 4.075065263659370880e+17 9.876174798809288000e+16 1.017619723903609920e+17 3.863979677217001600e+16 1.864086350277907200e+17 2.239429604676867600e+16 1.938048084756777600e+16 -7.892721957947470400e+16 1.048289210154784160e+17 1.761103218865501000e+16 3.640802207626005600e+16 -4.029653974371394500e+15 1.154016313515458000e+15 6.567225829698758000e+15 1.899977441940750400e+17 1.242619002020099200e+17 4.344692402786446500e+15 -2.204551320147918400e+16 2.989459027420764400e+16 8.316641616281659200e+16 -3.773853993860789500e+15 6.665205123513222000e+15 1.303153280803525400e+16 -4.014820471157905600e+16 9.467189020102440000e+16 -4.909730506038788000e+15 -1.136664450000145600e+16 1.125698661981925400e+16 -7.244138705562810000e+14 2.654609480423034560e+17 2.541560784625495680e+17 8.703157284668209600e+16 2.923556920971422000e+16 -7.405391999818328000e+16 1.429401040718843840e+17 2.919157341461600800e+16 1.805411905898604800e+16 2.207428826065879200e+16 2.683871327686090000e+16 1.855335860405379200e+17 1.365323452069996800e+16 1.646917876090364600e+16 3.903904938736550400e+16 2.622129060491538000e+16 2.514683981034870000e+16 7.733333309971957760e+17 3.561159555956699200e+16 3.788358629925232000e+16 3.568070085638791200e+16 8.660066666120535000e+15 2.533264821802270800e+16 2.415017110528182720e+17 7.849102655565880000e+15 6.896331137762197600e+16 2.576664064166098000e+16 -6.477192645777960000e+15 -9.050472028365132000e+15 1.883641308642219840e+17 1.112619710609928480e+17 5.157933800956410000e+14 2.080030205097830400e+16 4.123806353226238000e+15 -3.481289205674709500e+15 -1.363444477447097000e+16 1.604799120414596160e+17 2.436646998524807600e+16 2.584360231011467600e+16 1.915069721249494000e+16 -3.592225154706985625e+14 2.086632779780601200e+16 -7.628739870140934400e+16 1.525363067923964480e+17 6.645846375562510000e+15 8.428309935078025000e+15 -1.692064474676299600e+16 1.913190693005335000e+15 4.745788743948321000e+15 -1.532690414625202600e+16
-5.076493220721693726e+11 -2.202999851914822769e+10 8.223507937043554688e+10 8.309674953658648682e+10 1.825411012047882996e+11 4.401177048230560303e+11 2.459119120928351746e+11 4.855878711642572403e+09 -5.716904149545182037e+10 -2.167085974175292587e+10 -3.018645003344314194e+10 -1.450981789819837332e+09 3.468152193561878204e+10 6.952264899048251343e+10 2.439875301223090363e+10 -2.850510504987012482e+10 -1.604613692706124115e+10 5.990322810763567924e+09 -7.294510744898279190e+09 -2.661157272907894897e+10 -1.078184245265555000e+10 2.571206323473631382e+09 1.164069027195794487e+10 1.766084086092613602e+10 4.474596359231893539e+09 1.550057442814073753e+10 1.782053122403168488e+10 7.261751334162967682e+09 -1.425215509949573708e+10 -9.897188602566841125e+09 2.026722679093688011e+09 -2.718029133465331793e+08 1.507285965772426605e+10 -5.732530894765243530e+09 1.408220673116503906e+10 3.545029278149275303e+09 -9.375197420466733932e+09 -9.217951101613582611e+09 3.595986831805375576e+09 -1.994551402274772644e+09 5.025433045273400307e+09 2.885200141314908862e+08 -6.942584382881598473e+09 -7.100010417436350822e+09 -1.303953886468980789e+09 -2.682107771571664960e+17 2.261010091862055360e+17 1.181528653908577400e+16 4.581237118656219200e+16 -1.881118907039158016e+18 -1.156808731358837120e+17 -3.657196027603619200e+16 -8.838917837399432000e+16 8.738558812307035200e+16 5.713867909555396000e+16 5.805257740217302400e+16 -6.420020876765613600e+16 5.423599853386044800e+16 6.117535947306660800e+16 1.031263859518278080e+17 2.472478542043952800e+16 -7.779084527318224000e+15 4.688285337729791200e+16 9.524072279178882000e+15 -2.541024585123574000e+16 -2.141119268440896320e+17 4.282541436934440800e+16 1.028808318630445120e+17 4.792796179161822000e+15 -3.268208292183289200e+16 5.459372745596541600e+16 2.570913051916826800e+16 3.703140334269372800e+16 -1.954802151692939200e+16 -8.102634699416383000e+15 7.349150600539340000e+15 -8.733852035939617000e+15 2.888596465884650240e+17 1.086120447452794080e+17 3.082540140144446800e+16 2.740089299884732000e+16 6.104550753667999200e+16 -1.090811506416099750e+15 -4.762201515682071000e+15 4.148833851850824000e+16 3.841353145040187200e+16 3.547921753974172500e+15 4.861049033244229000e+15 2.864929949911292400e+16 1.381493817591060200e+16 7.129065967315888000e+16 1.926251172047136000e+15 8.972097477374760000e+15 2.759202847234113200e+16 9.707321093975616000e+16 -1.190042037649809120e+17 4.714772792901927200e+16 3.967760296695447200e+16 -3.563521649684853000e+15 2.360487451352378800e+16 3.760351612250692000e+16 2.855193851625211250e+14 -9.578178712221112000e+15 -6.334093917911293600e+16 2.852480764175739600e+16 7.902143377656017600e+16 5.137652204960291000e+15 1.146972355124779800e+16 1.655636497062365200e+16 -2.601600305283246000e+16 3.561159555956699200e+16 4.727079905657437440e+17 3.859978120488243200e+16 2.263337025039425200e+16 1.915993303996846400e+16 2.472332110981782800e+16 2.072200366417999040e+17 -3.841390409809190400e+16 -5.393313399820079200e+16 3.978383211559921600e+16 1.173733455352763400e+16 -1.206520892846876800e+16 2.743713713464789600e+16 2.308320517717363200e+16 3.678759364295872000e+16 -8.648324256306664000e+15 -8.248819486296896000e+15 -3.245406417630036500e+15 -1.018916204378701600e+16 1.630158153628759600e+16 6.269283487094093600e+16 9.851144067954882000e+15 -4.465397041297237500e+15 7.761869966474710000e+15 2.772798118022622500e+15 6.576371424965888000e+15 1.353671247258646200e+16 4.965181414383428000e+16 5.418520628143667000e+15 -1.111014872294915800e+16 3.605157002127091500e+15 4.134494248756348000e+15 3.643739723808185938e+13
-5.229029548398298340e+11 -3.810861505498952026e+11 -4.473796457475351715e+10 4.277450989355498505e+10 2.068592910093047714e+10 3.137603591462737274e+10 2.551022144236348877e+11 2.045736364393565674e+11 1.101718466423480988e+11 2.177424046753519058e+10 1.861138523559426117e+10 6.544606930335328102e+09 5.368883020337809753e+10 8.020238594597256470e+10 5.932645657184859467e+10 -2.562921833934381485e+10 -4.888295066900728226e+09 2.222269329994882584e+10 1.238404942678086853e+10 6.238205175520253181e+09 7.885011492930540085e+09 1.148606853662806892e+10 1.324415417720031357e+10 2.464916990684315491e+10 1.513600617057276344e+10 2.273857387166572952e+10 1.318451169991365623e+10 3.514247456016003132e+09 7.991912887183763504e+09 -7.170571632724698067e+09 6.106233434261775970e+09 1.213040028350672150e+10 -5.717323222064852715e+09 -1.293737564954546547e+10 8.828835142358613968e+09 -5.719937009198524475e+09 8.469896768229961395e+09 3.117008161786560059e+09 2.615190569550159276e+08 -3.486386381347440720e+09 6.364458038298454881e+07 4.136051010306129456e+09 3.727274561818845272e+09 8.007316049192401886e+09 1.430290293603255987e+09 -1.073698210629646240e+17 -3.576707990959374720e+17 -2.577453820273852480e+17 1.340280416231429600e+17 -1.299788240137744320e+17 -2.347070963014546400e+16 3.097263804761806500e+15 -2.085438199570669760e+17 5.128567179265939200e+16 9.373485923379148800e+16 2.039863517064062400e+17 1.162450336410984960e+17 -1.500690119376305500e+15 4.763963650479668000e+16 6.553272473630975200e+16 -8.281171182840327000e+15 3.364417387903394400e+16 8.809037823942894400e+16 7.861333716195083200e+16 -2.936715510357127680e+17 3.730745714266921600e+17 1.775914654747401800e+16 9.751519378978834000e+15 -1.550783564201362400e+16 3.675993004139025600e+16 4.241312699731900800e+16 2.348564402508374400e+16 -3.101793393980269200e+16 -8.210645566708687000e+15 -3.560337642760847000e+15 3.923101223429879200e+16 -2.002461094013619750e+15 1.430903295810414600e+16 4.658153893679811000e+15 4.755340219886232000e+16 5.014215435690962400e+16 2.926087779405666800e+16 4.615252096638320000e+16 3.675929409717016000e+16 5.280079905800795000e+15 1.935263909200239200e+16 3.043936278283296000e+16 -8.761203432942892500e+14 -4.729160525515612000e+16 2.221697960457848400e+16 7.587131531896802000e+15 3.912451850576154400e+16 7.437107007244494000e+15 1.592729344310232800e+16 -1.665342884198960800e+16 -1.089263566169978880e+17 6.492442838622276000e+16 7.252552531504545600e+16 -2.087319116516737200e+16 2.833058460137685000e+15 1.947105614937534400e+16 3.852159077530424800e+16 2.137686075983307200e+16 -2.404550722986123200e+16 1.677329354706128800e+16 2.271173723052274800e+16 4.608476557575398400e+16 2.004882347372438800e+16 1.828929934655996800e+16 -4.768376278138028800e+16 3.788358629925232000e+16 3.859978120488243200e+16 2.911233447969816320e+17 3.470595230253875200e+16 1.939111109916172400e+16 4.427473019862256800e+16 2.141661724381224320e+17 5.900306439070027200e+16 -5.849314259605678400e+16 1.560474643158582800e+16 1.233167914893854600e+16 -4.501441874021668500e+15 1.108599159218486560e+17 2.999459167428762000e+16 1.044216575372602200e+16 1.172624833123890200e+16 9.955905255295974000e+15 1.085745050092417800e+16 1.333855295899876800e+16 2.285757687811511600e+16 2.287003330426180800e+16 4.084209043732004800e+16 1.404988411667881200e+16 1.454441047157312600e+16 1.797681759681092000e+16 -4.251910012570180800e+16 -2.897476422203564000e+15 1.703607253441720000e+15 2.231218577664459600e+16 -1.389753636436715750e+15 -1.280594902598055312e+14 3.781008111070351500e+15 -6.941469384874958000e+15
-1.113613505241870575e+11 -4.770905090373176880e+11 -2.723568268718236084e+11 -7.864062386928953552e+10 5.328594868256472778e+10 -3.327614233284408188e+10 -4.135333972307370758e+10 3.338923691020553970e+10 7.269294652128932190e+10 8.210687871008651733e+10 7.159657228997842407e+10 -7.234139405621621132e+09 7.711415122256521606e+10 9.751992196624450684e+10 6.682737043337023163e+10 4.353415477540952682e+09 1.226930295715952158e+09 5.446704295960702896e+09 1.414168602466793633e+10 -9.955930038141004562e+09 1.158138325898160744e+10 -1.519691296249907017e+09 -4.809474832610281944e+09 3.139919077449583411e+08 4.419965722155380249e+09 1.434867274251641464e+10 1.456894678151070976e+10 1.150155824755963707e+10 1.048888346307103920e+10 1.015052106327187729e+10 -6.475751386303967237e+08 8.738042206183891296e+09 5.952392377280629158e+09 1.199294944676854134e+09 5.862765172235839844e+09 1.971970326710530996e+09 7.448084799489916801e+09 -7.947548403010573387e+08 -1.433070006949718297e+08 -2.184135147577768326e+09 1.063299943647447586e+10 9.546129421383221149e+08 2.099553300057513952e+09 5.260618759638136864e+09 1.139950363060666084e+10 -9.285987721876634880e+17 -5.823930710652475200e+16 -8.187690265202403200e+16 1.475411512548719600e+16 -1.068041763634494800e+16 7.329695280003888000e+16 9.439725301516790000e+15 -3.689796313869855200e+16 2.397007195162576000e+16 4.266319879263766400e+16 2.658933490324303360e+17 2.188501656093504400e+16 7.338267031696613000e+15 -2.543433048654328000e+16 -1.232901182941813800e+16 -3.498255323681908800e+16 -1.073347519435992600e+16 -5.849895929396910000e+15 -2.985176679576322000e+15 -1.610281791831495360e+17 5.544365478869011840e+17 -2.716975482039815600e+16 3.155089888580684800e+16 7.708544588859689000e+15 -6.440946395478730000e+15 9.066451218447316000e+15 -1.400038383408869000e+16 -4.358110346038497500e+15 -9.600875921447946000e+15 3.551841404699264500e+15 1.348940811854129800e+16 4.243640264018867200e+16 3.410599281757113125e+14 -3.699930302901934400e+16 5.028098549492916800e+16 -1.944566986832841200e+16 -8.173697387149132000e+15 -1.110731730315247600e+16 1.625592296753023200e+16 -6.057396831405679000e+15 6.290160591910190000e+15 1.610115892807359250e+15 2.573640141550082000e+16 -2.698695921399547600e+16 -3.428321755571210000e+15 1.134651538262576800e+16 -1.899376546673585600e+16 3.238185641503261000e+15 6.516285640695833000e+15 1.718323025231158080e+17 -6.841214271916004800e+16 4.723379905932024800e+16 1.531558643653691800e+16 -7.479096163253588800e+16 4.389229929454109600e+16 2.522951595614268800e+16 1.952835030948813200e+16 3.977185298551992000e+16 1.146364634773455600e+16 3.268186827983304400e+16 1.309264942378425800e+16 1.242056043282030400e+16 3.177303992728723600e+16 1.987561080384181200e+16 -2.874308422977064000e+16 3.568070085638791200e+16 2.263337025039425200e+16 3.470595230253875200e+16 2.483481954496693440e+17 3.015750789185791200e+16 4.353840663796474400e+16 1.339424247579185120e+17 1.649117685693972400e+16 6.703023710400777600e+16 8.535744303407769000e+15 -1.961920209040705750e+15 1.145000187779447400e+16 9.251926471241632000e+16 2.234274621782560000e+16 1.822858475367666000e+16 8.288506699845401000e+15 1.185732910164625400e+16 -2.372823604913458000e+15 -3.021565037813026400e+16 1.878301158789621200e+16 1.898919880750139600e+16 9.263042052689858000e+15 2.704726593588889200e+16 1.417602978806337000e+16 2.129268357676961200e+16 -2.666334215310274000e+16 -6.794495540809579000e+15 4.782134235358989000e+15 -9.735180396368598000e+15 1.755497171972462000e+16 -7.297503337124584000e+15 1.221750002675332200e+16 6.547357692840987000e+15
3.222221125947314453e+11 1.411960353584326782e+11 1.179764271232110596e+11 8.640786286964088440e+10 -2.904637545388648224e+10 -1.190184470686236191e+10 -2.192335436968528748e+10 -4.645325624494588470e+10 1.809327569030028152e+10 5.320081881899001312e+10 5.944882330477405548e+10 5.081515290645503998e+10 7.169347431194647217e+10 8.726394853207005310e+10 5.588267678298950195e+10 8.874586469083799362e+09 2.049528364139239502e+10 1.441905909244716263e+10 2.047974877915723419e+10 1.518950901900517464e+10 2.355397322265014172e+09 7.644774463164360046e+09 -4.070587866677659035e+09 7.718538120534403801e+09 1.284389162711145782e+10 1.101759853935758209e+10 1.126083897501942825e+10 1.326296253978906250e+10 1.066367814851414680e+10 1.167575311149883461e+10 1.822419484720636368e+10 7.499404331537698746e+09 5.664047181791438103e+09 1.328859422224158287e+09 1.458832766568339825e+09 5.765825248985596657e+09 1.091002720174505234e+10 3.592065784023623466e+09 7.470540704269186974e+09 4.161868895152417183e+09 6.045427639229434013e+09 2.162098259245075226e+09 2.713889762588913441e+09 5.283154158053920746e+09 -3.526890324844899654e+09 3.031601244045669120e+17 -8.025006257796721600e+16 9.237972339282646400e+16 9.308167960879476800e+16 -1.867734378795115840e+17 3.165713741731338400e+16 7.516525388269190400e+16 1.821816195931893600e+16 5.767514256236537600e+16 5.318693463975032800e+16 -4.763338560036412800e+17 -6.234996824316156250e+12 3.530788581245971600e+16 -1.221711457519717200e+16 2.090674173309035600e+16 2.953031469307062000e+16 -3.250465059487857200e+16 1.854329799671839750e+15 5.970508533020596000e+16 -1.351996823077338560e+17 2.887243691551865600e+17 -2.151766909918854400e+16 -1.086473319530078600e+16 2.509679079978635200e+16 -1.762306817581099400e+16 -1.078586360207940200e+16 -1.980638247538483200e+16 -8.694454739289323000e+15 1.094306736904408000e+16 -1.824207905384490400e+16 -1.307837901882841250e+15 1.501437625451795400e+16 2.928532098034349600e+16 -6.631418311992905000e+15 -1.705325011943066560e+17 1.794396887808707600e+16 2.326197069930672400e+16 -2.629889912222848800e+16 7.671942164339100800e+16 2.483209870165778400e+16 1.520855483193417600e+16 7.883440191187481000e+15 7.096249929044753000e+15 2.524626537801114800e+16 -2.554021755647780800e+16 2.107372520407935600e+16 9.736757434217732000e+15 9.047435020279958000e+15 2.481223170279488000e+16 -8.355259343974654400e+16 -1.400643122420404480e+17 7.578002843129462000e+15 1.017068833243878125e+14 6.896796438083880800e+16 5.666476292386466000e+15 1.092853021451574600e+16 8.237850519500648000e+15 1.388039168696109600e+16 3.257746723070845600e+16 1.311046264834972200e+16 1.378655720642329800e+16 1.512266603921754800e+16 2.307121351044356800e+16 4.757892572176216000e+16 2.263917925466866000e+16 8.660066666120535000e+15 1.915993303996846400e+16 1.939111109916172400e+16 3.015750789185791200e+16 1.727134926571080960e+17 4.402475088194899200e+16 1.768535127243825200e+16 -6.450247168447378000e+15 -8.301097454102276000e+15 -2.641294234015080000e+14 -1.922679272428335000e+15 3.963000739080097500e+14 -4.314035694699289500e+15 1.361635844287520400e+16 4.208948005131049500e+15 7.027237475428381000e+15 1.338101928835038400e+16 2.236867472133121200e+16 -2.276050496239045000e+15 2.250886175870075200e+16 1.118625179289318000e+16 1.910219355148465000e+15 9.813557585884078000e+15 1.916113335671901200e+16 1.420336814368946400e+16 7.971941544253122000e+15 8.769267028651827000e+15 9.474955873163694000e+15 7.001922003835153000e+15 7.678836669970396000e+15 8.158264668827316000e+15 1.162220289288890800e+16 1.570840863518014062e+14
2.955914258857234497e+11 -5.254891188382350464e+11 -3.288876094250807495e+11 -5.205722825992930412e+09 -5.619086933488365173e+10 -9.152342471456179810e+10 7.659051520375601768e+09 -3.485549671439792633e+10 3.734851961346470642e+10 -2.342124515637670898e+10 -5.894935700228509903e+09 1.492381680543357277e+10 9.581005412823954773e+10 1.361615774941838989e+11 3.778720013777320099e+10 -4.313482304387132263e+10 -4.266389080325364470e+08 1.568539728978904724e+10 7.375235769148059845e+09 1.075207723457995415e+10 -3.768926964369105339e+09 -3.407595227098331833e+10 6.526017196231515884e+09 -3.160312100121031284e+09 7.331556238521280289e+09 9.554523958895021439e+09 1.049833735689451027e+10 4.119663183451637745e+09 1.906434533971497345e+10 8.629674906860688925e+08 6.701971344185120583e+09 -2.443359721650834084e+09 -6.400440990291457176e+09 5.953020721785174370e+09 -1.166563879337897491e+10 4.417463547459274292e+09 -7.816284042001776695e+08 -2.920430777061332703e+09 4.701307258165141106e+09 1.054736538138233757e+10 1.723133533936058426e+10 9.418515977102176666e+09 2.667684142828481674e+09 9.475580636358096600e+08 1.396060233701525688e+10 4.730331362636449280e+17 -1.278381191612490560e+17 3.122984466867478800e+16 1.027581435671410560e+17 -1.132996811524482816e+18 1.548035818932439200e+16 2.492001395028629600e+16 -1.855380821970210000e+16 2.903269827379087000e+15 -9.762232747923228000e+15 -1.610763238530069120e+17 -2.436027985279631200e+16 -5.676588608455596000e+16 -5.110817473716583200e+16 -7.974379404302273000e+15 4.745567168400437600e+16 -5.793271851096322400e+16 4.074336247988084000e+16 2.150862902156226800e+16 -4.206723940421612800e+16 1.788731180333262080e+17 9.610312904349268000e+15 -3.427876406051865200e+16 5.524563011169736800e+16 5.862584532562169000e+15 1.343868227358868750e+15 1.271759242943347800e+16 1.311539454236233280e+17 4.753117808377286250e+14 2.060562615956512000e+16 -6.314584052532518000e+15 2.684512985123328800e+16 -1.836361568198679360e+17 -9.767167231879604800e+16 1.134166765381996320e+17 3.491635682245363600e+16 1.228275959803505600e+16 2.761034021003162800e+16 -2.517411911698030800e+16 -1.029114441696957200e+16 2.761265395751534000e+16 1.614917491915877000e+16 1.377916234698176800e+16 7.730288583533844800e+16 -2.752864426408951200e+16 5.081497598973372800e+16 1.255448327086520000e+16 -2.587908279253678500e+15 3.011119224183042000e+16 -2.276042495549823360e+17 -7.626536115859248000e+16 -9.734519439288104000e+15 -1.360453222451515750e+15 -2.308483497671764160e+17 1.141748147635326600e+16 3.657030837784801600e+16 1.908233419122618800e+16 2.860141795904692000e+16 1.087514075225328600e+16 -2.491289766270082500e+15 1.448758463608034200e+16 4.373455122493350400e+16 1.879980516901662000e+16 2.537254023543921200e+16 3.182842083043191600e+16 2.533264821802270800e+16 2.472332110981782800e+16 4.427473019862256800e+16 4.353840663796474400e+16 4.402475088194899200e+16 5.014993019297073920e+17 7.716572235061729600e+16 -1.108245798142028000e+16 8.874431041038576000e+16 -2.144175139731284000e+16 8.517578311562804000e+15 1.365461738140984400e+16 -1.504057953386329200e+16 -1.858536764160818400e+16 1.178301466702512250e+15 -1.615873507802328250e+15 1.990451563302143750e+15 9.596138412192708000e+15 -2.626080884734000400e+16 -7.225061770489771000e+15 1.416807253951838600e+16 2.082605501152073500e+15 1.463314211422700000e+16 1.377217406037790400e+16 3.672182633379769600e+16 3.377730599734103000e+15 -1.060463341661020400e+16 -2.915801285458067500e+15 -6.696833741464120000e+15 1.378278284362447250e+15 1.483948438933148000e+16 6.334463913150904000e+15 -1.343144178290478600e+16
1.323276442500783203e+12 -8.094828409240810547e+11 -5.929519182337249756e+11 -1.244769220578082520e+12 5.221332884815250244e+11 4.070826699005717773e+11 9.547518904363886719e+11 5.330144329168105469e+11 7.502908896008311768e+11 1.042318187350186310e+11 -6.558382108804420166e+11 -4.607999719588605957e+11 2.584799847331185608e+11 3.145951280638801880e+11 1.855338127236156616e+11 2.472094164259355545e+10 1.963437655990100708e+11 1.586795828316298218e+11 2.764075615731079102e+11 1.109425470545178070e+11 -1.152176483002460632e+11 -6.151386189375505447e+09 -6.820032650032232666e+10 -5.743675773667748260e+10 3.387428802928358078e+09 1.110910090272293091e+11 -9.768127394430290222e+09 7.631479297366960144e+10 -4.776304868194129181e+10 5.941416326646475220e+10 -1.532779923245026588e+10 -3.157538609538338089e+10 3.808087514535551453e+10 3.058734167347735596e+10 4.950254342559869385e+10 -3.903783714650955963e+10 -9.567875718324902344e+10 -4.173624459512967682e+10 2.029910094359478378e+10 3.287493549221174240e+10 2.136379612124677658e+10 -2.706431130499595642e+10 -3.990915151709875488e+10 -3.036496896576560974e+10 -7.352997552327005005e+10 -1.129069501543714406e+19 -9.046443217704810240e+17 -4.524232155397671680e+17 -6.474906420131665920e+17 4.179124935976150016e+18 2.932208303615847680e+17 6.655615285992075520e+17 -3.025696009946252800e+17 -1.422586659226986880e+17 -2.302779952935533120e+17 -4.726458732749878272e+18 3.218797565915912960e+17 -1.165438301247159840e+17 2.962871222840967680e+17 -3.588013135787491200e+17 1.780884177676773760e+17 5.237202427688301440e+17 2.477481490579707200e+17 5.559131231431996000e+16 3.357013748540750720e+17 5.618835827968271360e+17 4.062426647860124000e+16 8.152198563511331200e+16 1.156904270546338560e+18 -3.168984663906668800e+16 7.438368144630291200e+16 3.798841258323848960e+17 1.234315596851201440e+17 2.347477571413473280e+17 -1.297078402755106240e+17 1.826723384046213440e+17 5.581549367286978400e+16 -1.583663849653189760e+17 1.990621646686472320e+17 -2.557261222167796736e+18 2.693758835097102720e+17 9.209612691554644800e+16 2.828950114614438080e+17 2.464082198282912320e+17 2.434937737152382080e+17 1.231289920885165280e+17 2.060635245304327040e+17 5.558953545184016800e+16 -3.657248302071292160e+17 2.444167175462858560e+17 1.720359497189023360e+17 1.629608543302588160e+17 8.113032830781724800e+16 -1.859188451738436400e+16 8.891021784716305920e+17 3.349300468552327040e+17 9.409189020277427200e+17 2.655356606835548800e+17 1.745725601817748992e+18 -6.516119836922756000e+16 2.341234017173046080e+17 1.627086990240323200e+17 2.814466477276755600e+16 1.662010736173155520e+17 1.963347674934736960e+17 5.343399103175736800e+16 1.956061222972668480e+17 -3.402745527138142000e+16 4.445733407742834400e+16 -3.051513476915274880e+17 2.415017110528182720e+17 2.072200366417999040e+17 2.141661724381224320e+17 1.339424247579185120e+17 1.768535127243825200e+16 7.716572235061729600e+16 2.494261664134477824e+19 5.602158936475452160e+17 2.461854737991642800e+16 2.383339480217421760e+17 -4.422357162102846400e+16 1.646496031568104640e+17 -8.790064253516430000e+15 -1.940871700630677440e+17 1.546208796496302400e+17 7.268493531608413750e+14 -6.733259113626660800e+16 7.587098846734464000e+16 1.005924465407589280e+17 1.210175777186583840e+17 2.152717746722321280e+17 6.937285578845067200e+16 4.444556133621428800e+16 -6.296463867580514000e+15 6.991943721362600000e+16 -7.709107869684979200e+16 1.275816684933409400e+16 7.507351152706332800e+16 5.607522506897093600e+16 5.268092967302565600e+16 -1.136778789214148480e+17 -1.043045460913365800e+16 1.455361706849780160e+17
5.761650378492413330e+11 -7.778866633992088623e+11 -3.815787995770187378e+10 1.241161830671132355e+11 1.500273479651213646e+09 -5.045548916661788177e+10 2.514618271361443481e+11 4.772250417623515625e+11 2.780244606490698853e+11 4.369754727560544586e+10 2.135477362722610474e+10 -2.872269379086139679e+10 -3.005302545227176666e+10 3.375325226936491394e+10 3.800150333533760834e+10 8.924435590118782043e+10 1.402980393835898399e+09 1.660306696747029686e+10 3.020260639799473572e+10 1.002970549622002792e+10 1.246484755806346703e+10 -3.513869512463645172e+10 -2.538816014307766342e+10 1.557530164179618454e+10 1.224265600524911165e+09 -3.674942989789906025e+09 -1.273481941758950043e+10 -9.442540089711763382e+09 2.422696770975609207e+10 2.098812175488890457e+10 6.678692032119942665e+09 3.203948858141239643e+09 -6.688511407123221397e+09 -1.009979676334796715e+10 -2.334246540438667679e+10 -2.438612538358447647e+10 -3.548756965829965591e+09 -1.020815629143139839e+10 4.013200952362515450e+09 -1.470803552179510689e+10 2.586992675539782047e+09 -2.600539580161797404e+08 1.659609466092923880e+08 7.011524115133348465e+09 3.119576229985681057e+09 -7.731918898554225920e+17 2.398373293966826000e+16 3.506021587016302080e+17 -2.471221440845160640e+17 -1.365083759416305120e+17 -2.113960647917533760e+17 -5.712333760951228800e+16 -7.529524874470240000e+16 -8.598824762126444800e+16 -8.790716959474600000e+16 8.072185235034128640e+17 -2.025613820046127680e+17 4.084767618570712000e+16 6.039647625105792800e+16 -8.012531367959342400e+16 -6.493640294711853600e+16 1.686079078157393280e+17 9.633741967704770000e+15 1.921496782378493760e+17 -4.955846556603960320e+17 2.905262706433067520e+17 7.687179148833003200e+16 5.441513556384200800e+16 2.843686143990434500e+15 7.313658709650468800e+16 6.133303062035040800e+16 9.429872041766875200e+16 4.110432109290258400e+16 1.125519879951471040e+17 2.811634076651656800e+16 5.516038828670812000e+16 -8.198605585586780000e+14 -3.449685664388766720e+17 2.686407152351292400e+16 4.232729496414165760e+17 4.771323969694186000e+15 6.294454914854014400e+16 1.055118859729615200e+17 5.305430224466667000e+15 7.350827106032210000e+15 6.471821407337901000e+15 4.464821170847463200e+16 2.438548780291189000e+15 5.115310598268540000e+16 3.568518061371241600e+16 -5.268326413851149600e+16 3.272026748906980400e+16 -1.400602722519500600e+16 6.693533786631820000e+16 -5.025309472985359200e+16 -4.598166502468189440e+17 7.434811685553953600e+16 2.074355569171978240e+17 -4.065635921421724160e+17 1.211038284952254800e+16 1.871558535361946000e+16 6.658092700186366400e+16 7.061071104598245600e+16 -7.079067800211480800e+16 2.120715104731933000e+15 3.007667735543862000e+16 3.903250878168532800e+16 5.943046199839893000e+15 -4.874769850031856000e+15 8.649933361273150000e+15 7.849102655565880000e+15 -3.841390409809190400e+16 5.900306439070027200e+16 1.649117685693972400e+16 -6.450247168447378000e+15 -1.108245798142028000e+16 5.602158936475452160e+17 1.308580271084498432e+18 -8.835830005213830400e+16 2.716904417102988400e+16 9.764504269467584000e+16 3.211377334077374000e+16 1.163597373068645440e+17 -3.996165551208856000e+16 3.052271061591371600e+16 6.661822221488501600e+16 -1.033542195253528600e+16 -8.365225415314719000e+15 6.683914173976701600e+16 -1.126251974235059000e+15 1.726969119948220600e+16 6.101858039680568800e+16 1.369310587908297400e+16 6.871376958042473000e+15 -5.053343662430062000e+15 -5.060276912034242400e+16 -3.947845473597200000e+16 1.182331963563247200e+16 8.045666397671009600e+16 1.359501821446721000e+16 1.464397260460226600e+16 3.454087191939954500e+15 4.102024697375920800e+16
-4.719797805487937622e+11 5.367771522407990723e+11 2.285376953374254761e+11 1.539365813411299438e+11 6.749606436462603760e+11 1.739959896010661926e+11 3.000305498476235962e+11 -3.922426472300833130e+11 -1.818873037592775574e+11 2.137851644772230911e+10 5.781579989063407898e+10 2.314900225738733215e+11 2.828345901559819031e+10 1.581491023959230347e+11 9.728446272395327759e+10 -1.281147465203570747e+10 -1.829021012647261429e+10 5.797196452743442535e+09 -1.516094926080826416e+11 -7.043197037094256592e+10 1.760658117484634705e+11 1.938565289319423828e+11 -2.006791117840535355e+10 1.139624875193408051e+11 7.452213308809956360e+10 3.067828803663972473e+10 -5.343033861777081490e+09 -7.094190240740202332e+10 -7.298053513561470032e+10 -3.532762759771360016e+10 5.067994427844631958e+10 -2.303776269193447495e+10 -2.672549701043494034e+10 4.206619442926778412e+10 -5.879820796728713036e+09 5.379235008982949066e+10 8.733928840710216522e+09 7.290371156825607300e+10 7.795505762877455711e+09 6.295942318678723907e+10 3.497253384537167358e+10 9.033038906048298645e+10 5.225211744441626740e+10 -4.562991293258621216e+10 4.496672431861270905e+10 -5.691258619955463168e+18 -1.474990081766389760e+18 -6.537233810067015680e+17 4.233488221285975040e+17 1.056090010723390669e+19 3.971639369767256960e+17 1.662631656676736640e+17 4.402850094132410240e+17 -2.975855565218615040e+17 -1.208499721856314560e+17 3.499222418024785408e+18 1.038280243595880704e+18 7.685648153405384960e+17 2.036686719224432640e+17 -2.480998951015683200e+17 8.433765821593153280e+17 2.562153941836936320e+17 -4.645091117280771200e+17 1.759714018792702080e+17 1.894992535627607552e+18 -4.139213915661167360e+17 -1.358440128745218600e+16 -5.596495266572360800e+16 6.995902103001708800e+17 -2.234422398437660800e+16 -3.147927382850203200e+16 -1.456364428103724480e+17 3.323377632636465280e+17 4.075214477673901600e+16 -7.074506375124060800e+16 -3.681774957417406720e+17 3.925698650374962400e+16 -3.782373728267576320e+17 -4.154850612662624640e+17 -2.532765084546067968e+18 6.658702547472048000e+15 -3.899432378006585600e+16 -6.380713907520269600e+16 3.826421422792010240e+17 -4.053577009685326400e+16 2.122810493402590080e+17 2.949990048398978000e+16 1.044599786470777920e+17 5.282680406691016320e+17 8.265889503616532800e+16 1.021454772110279625e+15 -3.458916573508216320e+17 -2.840205524056260000e+16 -1.077875570066721600e+17 7.637691017711777280e+17 1.842667126968024064e+18 1.708790147875864960e+17 -6.342862324228183200e+16 -1.849457788225925760e+17 4.516269768136124800e+17 -1.427822793737370400e+16 -2.577774376475910000e+16 4.415860953511353600e+16 4.661592904235476800e+16 1.857985245101918720e+17 8.122324976689014400e+16 -7.581417591183979200e+16 -4.529268670414560000e+16 -5.438088787818201600e+16 4.144903277450432000e+17 6.896331137762197600e+16 -5.393313399820079200e+16 -5.849314259605678400e+16 6.703023710400777600e+16 -8.301097454102276000e+15 8.874431041038576000e+16 2.461854737991642800e+16 -8.835830005213830400e+16 2.606624568820055245e+19 1.687858178827301440e+17 -1.175894691586511520e+17 6.118203453443785600e+16 -1.558791818779987456e+18 4.228143619027852800e+17 -6.265977226355504000e+15 3.928942979018579200e+16 -3.830765102507974500e+15 -1.612314932795214000e+16 3.364031075331176320e+17 1.851341564153162560e+17 -9.063648999001764800e+16 -3.289434378448540000e+16 -4.083537270328105500e+15 -9.259284133104980000e+15 -4.053304405531586400e+16 2.766057814400685120e+17 8.340850317643452800e+16 6.447886950294054400e+16 -9.170149871677932800e+16 -4.592074546731941600e+16 -7.419398652678126400e+16 2.163454750686120400e+16 9.661119744597860800e+16
-1.804596838294648743e+11 3.711111536953570557e+10 -3.994291982915466309e+09 -9.536487294361828613e+10 9.620016162659559631e+10 3.852127938786863403e+11 3.094982359893471069e+11 4.043172439511663818e+10 5.009277272682481384e+10 1.732465150903900757e+11 1.197260956641773682e+11 4.457114847679763031e+10 -2.269764627079261780e+10 3.573922155619020844e+10 2.896789038136226273e+10 4.007010993661544037e+10 2.807206232901575851e+10 9.318659240108015060e+09 1.715998008666930199e+10 3.028894271573572159e+10 1.714199404511310768e+10 2.159870386139274979e+10 -7.781492915502318740e+07 4.895839555496088409e+10 3.562468081886439514e+10 2.050989297155014801e+10 4.450090740903818130e+09 -2.383810444941642761e+09 1.424375802411134148e+10 3.304930924216710281e+10 1.010751083387733078e+10 5.902397248939802170e+09 1.276127683770899200e+10 -3.322651171122675419e+09 3.478287978944641113e+09 5.032469811483777046e+09 1.360273179699878311e+10 1.818117043311425018e+10 1.265689801087528801e+10 -1.231489942340375185e+09 7.880742499120452881e+09 2.040946176605740356e+10 1.137557538571725082e+10 -3.498530145885473728e+09 1.221915028921449471e+10 2.832686581580246080e+17 4.462611565117761280e+17 -9.827007963764768000e+16 -2.116476398836887680e+17 -1.031880707488422528e+18 4.449643577474678500e+15 -7.994211300642204800e+16 7.068415584561071200e+16 -8.617962011479944000e+16 3.641313869236866400e+16 1.560597673145925120e+17 -4.094474363089710400e+16 1.625384356030157120e+17 1.244484064771331360e+17 6.615078319083158400e+16 -6.674375737614455000e+15 6.816939978197936800e+16 3.555937126983473200e+16 8.518789895902528000e+16 -8.946504115926324480e+17 5.044012091468211200e+17 7.495873973068596800e+16 1.196371027374652160e+17 -7.946997107313944000e+16 -1.007625625477593600e+16 5.267153757972384000e+16 9.091289780366254000e+15 7.728644927196387200e+16 2.359368567083100800e+16 4.120823720197548800e+16 2.040007742359307200e+16 4.148022445711468000e+16 2.051993076166816960e+17 8.577460610512774400e+16 5.313981266570206720e+17 2.908068927497775600e+16 4.262209996662335200e+16 1.834235420914082800e+16 8.102527675347774400e+16 3.313971990182007000e+15 5.266314887671526400e+16 2.813083990600756000e+16 3.366819193009051200e+16 8.541633010044000000e+16 -4.432644477118422400e+16 3.509902789063459600e+16 3.064891867534889600e+16 8.976554736544043000e+15 1.448803226554526200e+16 1.354004113999114080e+17 -2.481637678951222800e+16 6.714082374545967200e+16 1.075226708806033200e+16 2.320094989434802560e+17 1.961919642336090000e+16 6.910779789729274400e+16 2.654787880470358000e+16 4.472077575483597600e+16 -1.022851071498812000e+16 -2.204771494462234400e+16 4.401507848358056000e+16 1.482230055271954200e+16 -1.154007368512678800e+16 -9.618007142954290000e+15 2.660561642022264400e+16 2.576664064166098000e+16 3.978383211559921600e+16 1.560474643158582800e+16 8.535744303407769000e+15 -2.641294234015080000e+14 -2.144175139731284000e+16 2.383339480217421760e+17 2.716904417102988400e+16 1.687858178827301440e+17 7.115595158777116160e+17 4.452999111887606400e+16 2.295272381763735200e+16 -2.991290569356778400e+16 4.471467041639148000e+15 6.222730141646896800e+16 1.123352783396183400e+16 2.179560490030400400e+16 1.098201099155126400e+16 -9.186388810108284000e+15 2.128549482549537600e+16 4.609725834896292000e+16 2.528380532177892400e+16 1.839581419663006000e+16 9.973738603502712000e+15 2.834598478039665000e+14 -5.343141169055606875e+14 -1.835040330083234750e+15 4.029843926027828000e+16 1.958217940083596800e+16 2.831883700602363600e+16 1.195091633512913400e+16 1.215190104812385600e+16 3.072155753104731500e+15
2.276576049510354996e+10 7.528574435460432434e+10 2.136832127505911560e+11 1.201059816641905060e+11 9.932384680421591187e+10 3.545102063981419373e+10 2.050803800236628113e+11 1.790500225685649109e+11 1.522554828789357605e+11 1.500434223143737488e+11 5.312741738944435883e+10 5.213308492580126762e+09 -3.293847519271014023e+10 2.976952803901120377e+10 3.372475835373825073e+10 5.790472793024176025e+10 2.315874127309094620e+10 1.326271171211609268e+10 4.273407944659822941e+09 -1.008301878383745104e+08 -1.158166468839399338e+09 5.464001274696618080e+09 1.882060508804920959e+10 1.465906046788199615e+10 2.051978404312201691e+10 1.405365894166731262e+10 6.740063513104565620e+09 1.236016673845351028e+10 1.338578291369717407e+10 1.125410573354303551e+10 7.536325243863113403e+09 1.127558810604999352e+10 1.779452267540005112e+10 9.685885876388545990e+09 6.980982596650128365e+09 4.438656907064650953e+07 1.085143921568868065e+10 6.525364828137893677e+09 8.100781575748528481e+09 -5.733798585736283064e+08 7.315028439616410255e+09 1.584369287307373238e+10 2.535808131150740623e+09 5.229264649782357216e+09 7.347294285852814674e+09 4.291217076321852800e+17 -2.119204346958748000e+16 -1.052548592597745280e+17 8.093186664725091200e+16 4.539383440943189120e+17 1.361558633706194240e+17 6.981881317055880000e+16 7.411718585653867200e+16 -7.556020491300122000e+15 -2.275640308816364800e+16 4.455950960310395520e+17 4.666481080618236000e+16 1.148308831071238880e+17 4.659516399624658400e+16 5.730503262405924800e+16 3.254619020558206000e+16 4.314133245825492000e+16 3.710512017427668000e+16 3.712019906092338400e+16 -4.512147987023775360e+17 -7.963770307295892800e+16 7.228719645019147200e+16 5.613462002926461600e+16 8.195273529488544000e+16 5.812742740923489000e+15 3.895062738484304800e+16 4.836284496298832000e+16 7.623222184194776000e+16 7.266681635054874000e+15 6.109593824616846400e+16 5.433437201059364800e+16 4.963864171804365600e+16 6.668795157981552000e+16 6.785048574674104800e+16 2.267103754727280960e+17 2.830386717045666800e+16 3.205791129175990000e+16 3.454058825684763600e+16 8.230416174685216000e+16 1.793619395688816200e+16 1.613901681168406400e+16 2.854109008097520400e+16 3.677271786421227200e+16 5.536096727238673600e+16 4.701079376382166000e+15 1.829253095328270800e+16 3.185166913835947600e+16 2.102454134116014400e+16 2.680306031933305500e+15 -3.874878233564442400e+16 -8.095049160011955200e+16 3.936677415331141600e+16 5.370148003419002400e+16 -1.404461686592247040e+17 2.965176525382266000e+16 3.262337174708856400e+16 5.128375819136916800e+16 2.964823556680922000e+16 3.474739877264007200e+16 3.585377754154686000e+15 1.717305477011650600e+16 2.567218821333416400e+16 9.435299274914250000e+15 4.183889507002113000e+15 3.303275158303217600e+16 -6.477192645777960000e+15 1.173733455352763400e+16 1.233167914893854600e+16 -1.961920209040705750e+15 -1.922679272428335000e+15 8.517578311562804000e+15 -4.422357162102846400e+16 9.764504269467584000e+16 -1.175894691586511520e+17 4.452999111887606400e+16 2.097751871854536640e+17 3.854825250584813600e+16 5.672784111771759200e+16 3.024625101272516000e+16 4.144617266246434500e+15 3.729736791503732800e+16 1.867487669064246400e+16 -1.856635066763853000e+15 6.051923760746339200e+16 6.640059470043763000e+15 1.516403483514411800e+16 2.228763129272056000e+16 1.952822895247100800e+16 2.824171635525688500e+15 1.020110712676854400e+16 5.915598997705698400e+16 1.270143640234009000e+16 1.409642652091219600e+16 3.043378836317120400e+16 1.918320811241385600e+16 1.030845912181529600e+16 5.522984969032802000e+15 4.967951508461073000e+15
-4.400986803973258057e+11 4.770262514573273468e+10 9.906849763273336792e+10 8.093191261778079224e+10 7.597911710369677734e+10 4.668851049601901245e+10 2.416588133426977921e+10 -1.628754942975891876e+10 1.374542830162780762e+11 1.992579455801950684e+11 1.351685227259953918e+11 -1.805668931712220383e+10 3.635774551661239624e+10 -3.825776531375738144e+09 3.688064035851731110e+10 3.303448487170981979e+10 1.416312931327928734e+10 1.855494585499183655e+09 3.223242435873611927e+09 1.365941474555146217e+10 2.348226426584073257e+10 1.478728712893306732e+10 2.405893020226077557e+09 2.654928826115303802e+10 1.553872733378869820e+10 8.989631806087148666e+09 9.774170673512466431e+09 1.873759275266943741e+10 2.985663294880143356e+10 1.748166045203137589e+10 2.863505101946105003e+09 3.652764362735937595e+09 -7.049809098442900181e+07 3.475723117620118141e+09 -8.757644139921300888e+09 -1.197508066750169516e+09 5.454557076348367691e+09 9.062268157040487528e+08 1.215307448521716309e+10 -5.928457529029405117e+08 5.895869913182972908e+09 1.154287490579451752e+10 3.758682334218485951e+08 3.801255620616345882e+09 9.914176989723289490e+09 -6.779278397170172160e+17 -3.437926896400934800e+16 -2.869042583571165440e+17 2.412043675549529600e+16 4.184447533982762240e+17 2.604812614189696800e+16 9.732716205084252800e+16 7.402892181358889600e+16 5.598303556605584000e+16 -2.248174417302332800e+16 1.310187342147570880e+17 7.196821254435756800e+16 -2.586048020544126800e+16 4.661274239082125600e+16 -2.222921371458704000e+16 -2.536633832723992400e+16 3.481951629710998800e+16 1.660292303397052200e+16 -1.607896417279360400e+16 -3.288941865203416960e+17 3.492855496106962800e+16 8.264641806774928000e+16 2.766642669917064400e+16 5.195863470103803200e+16 3.672838399715481600e+16 3.718999259450697500e+15 3.198728592454826000e+15 2.065147442744375750e+15 7.038637445046387000e+15 4.608090200408918400e+16 3.214444914428076400e+16 3.751748474720388000e+16 6.748852497173551200e+16 -1.399882548373924250e+15 3.234381119756764800e+17 1.001971449174365800e+16 5.296441978402792000e+15 6.130268101510534000e+15 5.673873998217782400e+16 1.597348021030115200e+16 2.653435421310274400e+16 3.300847360341529600e+16 3.152845181600484000e+16 -1.637534357777771600e+16 -1.089711450475946800e+16 -1.247887235544636600e+16 -1.009498001610738000e+16 1.303495257341949400e+16 7.042222400496504000e+15 -6.346939414713929600e+16 1.750529745952071680e+17 2.433126247132989600e+16 8.862993460076834000e+15 7.396813204023529600e+16 1.578295933551969400e+16 3.216624114662060800e+16 3.591890267159349600e+16 5.193374589806652800e+16 4.128633373582675200e+16 8.474138801734990000e+15 1.238986081439900400e+16 5.521020078395466000e+15 1.965018938126068000e+16 -4.200669730677667500e+14 -1.647654437429982800e+16 -9.050472028365132000e+15 -1.206520892846876800e+16 -4.501441874021668500e+15 1.145000187779447400e+16 3.963000739080097500e+14 1.365461738140984400e+16 1.646496031568104640e+17 3.211377334077374000e+16 6.118203453443785600e+16 2.295272381763735200e+16 3.854825250584813600e+16 2.973712202868688640e+17 -2.284985179519146560e+17 3.217264707154582000e+16 2.863086690898069500e+15 9.016343008316738000e+15 3.259372396622859600e+16 1.532180310525735600e+16 2.010379299612532000e+16 1.323853761017331200e+16 1.076923752812825800e+16 8.335903000736796000e+15 2.216427155523721200e+16 4.375648980617856500e+15 6.467821544749398000e+15 -7.716322052967479000e+15 9.594126205682144000e+15 9.102146544875976000e+15 4.609590633139567000e+15 9.944884252126562000e+15 1.356186922250383200e+16 9.619326672729730000e+15 1.489901898519700800e+16
2.386940092017352051e+12 4.402724574300411133e+12 3.453753811689320312e+12 -7.937464538311302490e+11 2.504514052012738953e+11 9.426319155193162842e+11 5.814989341808281708e+10 8.170034211009606934e+11 6.859877608264263916e+10 -1.729227595698469849e+11 -4.066597740519600220e+11 -2.290768927380488205e+10 -1.133076406270386963e+11 2.988132805242969360e+11 3.617568200808714294e+10 -4.328182069091801453e+10 7.433258738559114075e+10 3.502012634679413795e+09 4.610048950657085419e+10 3.235460503721180344e+10 -1.113747232680339203e+11 -6.852890679287657166e+10 1.239887110306322670e+10 -2.247840754656654358e+10 -9.497615787360372543e+09 -5.615468520399384308e+10 1.121345516091226807e+11 -2.894591106553070831e+10 7.736453399807830811e+10 3.214964422608890152e+10 -1.338608962685594940e+10 -1.264980390403738556e+11 -6.246832797084635925e+10 1.121101478282987213e+11 1.485089724278247681e+11 -1.811719365795056152e+10 -2.866010400122810364e+10 1.201071280277825546e+10 5.650536984539196777e+10 -9.550351855932678223e+09 3.600653653836620331e+10 7.358747495732476807e+10 -1.419696223431849976e+11 -4.316060104937976837e+10 1.204750418723459816e+10 6.709221639419040768e+18 -1.630482228439211520e+18 1.240241731554431232e+18 8.283942713933237760e+17 -1.985274732670715392e+18 -1.617126701503953280e+17 1.358208924207401472e+18 -2.307291839923928576e+18 -7.429763293306495000e+15 3.502332152331200000e+17 5.339552630319801344e+18 -1.125559342164574976e+18 2.237791848007441920e+17 -1.450178187359822080e+17 1.734782616285805440e+17 2.870932955043127600e+16 6.735844712655400960e+17 4.231923393549386880e+17 1.727681813469491200e+17 2.186441287391312960e+17 3.109319105015606784e+18 -5.092335624747768960e+17 1.146421128566342080e+17 6.195975521874269440e+17 3.786749934678117760e+17 -1.381150692795173280e+17 3.930635384173863200e+16 1.006278011301358080e+18 2.635792956016731840e+17 1.597036753183665600e+17 3.738949235250368640e+17 -1.903086053689834240e+17 -1.067148027597073152e+18 3.499810405547577600e+17 4.330050138418271232e+18 7.621483521298892800e+17 1.251164706764940320e+17 8.288433504280507200e+16 6.130520682170360320e+17 -4.929192580239234400e+16 7.888589388786592500e+14 -5.410802354602072800e+16 -1.934171989227280000e+17 3.736968302654810400e+16 -4.229079213658464640e+17 7.577620876396609600e+16 -1.906721357264851200e+16 1.447095710297019840e+17 2.183415145030135600e+16 -5.075635989742092800e+17 9.347773450008551680e+17 -1.990987510059336000e+16 1.739020980557576000e+17 2.234869847491518400e+17 5.609347234967360640e+17 -1.630610398929675000e+15 -6.340547328702694400e+16 1.818441779125960000e+17 1.186931052525109760e+18 2.649712965438939200e+16 -1.690126487439931840e+17 2.298341165648726000e+15 -8.283023035309411200e+16 -9.534810634501878400e+16 1.907137171352660480e+17 1.883641308642219840e+17 2.743713713464789600e+16 1.108599159218486560e+17 9.251926471241632000e+16 -4.314035694699289500e+15 -1.504057953386329200e+16 -8.790064253516430000e+15 1.163597373068645440e+17 -1.558791818779987456e+18 -2.991290569356778400e+16 5.672784111771759200e+16 -2.284985179519146560e+17 4.046418164853737062e+19 3.171365428546099200e+17 -6.619771024452789000e+15 1.264708806815307750e+15 -7.663088809885121600e+16 3.971592998316460156e+13 1.350897967834134784e+18 1.237166307771510080e+17 2.665645123858854400e+16 1.163244846945878080e+17 -8.649585364986227200e+16 3.475560054387780500e+15 1.053739256273039520e+17 -1.732349589690591680e+17 4.185932301664015200e+16 -6.277615798943623200e+16 1.940470579289012400e+16 -2.617417319944269200e+16 -2.943193109757598000e+16 1.830548043879228400e+16 -1.089221246287460000e+16
-1.571645716424499756e+12 -1.235019507790992546e+10 2.704991626258487244e+11 1.136862250297135742e+12 9.279776232799221191e+11 1.716214728235695839e+10 -2.148961771456670761e+10 3.122916191515650558e+10 -4.190264702943481445e+10 6.809417537579660797e+10 4.264869801929546356e+10 1.151184508275848389e+11 4.414158394130957031e+10 1.721209546406462479e+10 6.417644376781507111e+10 2.875182494141148376e+10 3.852919628989929962e+10 2.279518610147492599e+10 -1.403689601290192604e+10 -1.842372265155827284e+09 4.687278980068224907e+09 1.998045740884120941e+10 8.534329131904492378e+08 4.076482110277859497e+10 2.865190575335145950e+10 1.540365619814779282e+10 1.805354458940682220e+10 4.873043160720358849e+09 -2.180758371475245667e+10 -2.361314507832326889e+10 5.224595825767682076e+09 5.483869384388344765e+09 1.015157869146716881e+10 3.100728938790699768e+10 1.579439869467774963e+10 1.221452138753675520e+08 1.191658257047257996e+10 4.610990626777200699e+09 -7.440571535821214676e+09 -4.200752631174129486e+09 7.492867324419237137e+09 1.376659767064029312e+10 -1.315355706421744728e+10 -2.234041652823968124e+10 -6.593486476847633362e+09 -1.288312786074477056e+18 -3.076868727404579840e+17 -1.844430320025154560e+17 1.121426409985132160e+17 -3.217093097809638912e+18 -1.001607628569784800e+17 1.267493477773480320e+17 1.456990952619668800e+17 9.173456732092692800e+16 -4.812051811535784800e+16 4.374890218833068160e+17 2.647443158644595200e+17 -1.244354447022035680e+17 6.182719546291254400e+16 7.979636853629454000e+15 -1.331208946890988160e+17 1.278838803241645120e+17 -8.368178944858636800e+16 -3.890219207132545600e+16 5.811006952098991000e+15 3.500811590997571840e+17 1.854252780053850560e+17 6.021688770726144800e+16 -1.012090754362884000e+17 1.089154878490267520e+17 -1.427715196832011000e+16 -3.130242125768058400e+16 -3.449573746898455600e+16 4.798419594083095200e+16 9.840302433675958000e+15 3.002631719313313500e+15 1.240677398854847040e+17 2.055998030658294800e+16 3.359285800447474800e+16 -1.753345755512740200e+16 3.783874644913899200e+16 4.063466328837556800e+16 3.537839414805775600e+16 -9.442695532484400000e+15 1.096543791017883360e+17 -1.298052720981896000e+16 2.360267396010534500e+15 -2.037809431594215600e+16 -6.075397639420588800e+16 8.437141236666630400e+16 1.463284292957099800e+16 1.194562491930770200e+16 2.703964266617460000e+16 -2.046524687716953600e+16 -3.865185994160940800e+17 -7.566370612722654000e+15 1.185319837839535800e+16 2.945614562195016800e+16 -4.208961840878664320e+17 1.272318603516531520e+17 9.773970845777576000e+15 1.108621742604436000e+16 2.796507676006412000e+16 8.904439494033404800e+16 1.860423661963574400e+17 2.409095437278536800e+16 2.328903128180370800e+16 1.431250524332134600e+16 3.007622421616653200e+16 -5.444267460742329600e+16 1.112619710609928480e+17 2.308320517717363200e+16 2.999459167428762000e+16 2.234274621782560000e+16 1.361635844287520400e+16 -1.858536764160818400e+16 -1.940871700630677440e+17 -3.996165551208856000e+16 4.228143619027852800e+17 4.471467041639148000e+15 3.024625101272516000e+16 3.217264707154582000e+16 3.171365428546099200e+17 1.020805459038282368e+18 5.809998718576602400e+16 1.921626288465557200e+16 2.156144671332191600e+16 3.193831452478824400e+16 5.198505602361856000e+16 1.392709325455566080e+17 2.505242323438502800e+16 1.932040011974861200e+16 1.229526860900619600e+16 1.477261719309920400e+16 2.105255708720986800e+16 -3.191305356563486800e+16 9.784853323310316800e+16 6.863451106325396000e+15 -7.962489200603808000e+15 1.667136980381373600e+16 1.294351778602220200e+16 9.171350805496036000e+15 -1.699793348436515250e+15
2.914457956812144775e+11 -1.221743486754553680e+11 2.075253796443228760e+11 2.840333970376280212e+10 2.779976249069342651e+11 4.417921585845280151e+11 1.957951503541116943e+11 5.786353259987670135e+10 8.268637023034331322e+09 1.761239331113882828e+10 2.723724512628997803e+10 6.904240786073954773e+10 9.388035748262100220e+09 3.102046944845811844e+10 1.466776093315920067e+10 8.129614607481431007e+09 1.822440304526657486e+10 -1.124416913102123070e+10 9.475878035188663483e+09 -1.128545799385454559e+10 1.756924573381539154e+10 1.229265310251217270e+10 -1.301100814555759430e+09 2.148062714722098160e+10 1.206528739749643898e+10 -1.044959698472317886e+10 -1.575171169132357836e+09 9.454785568020090103e+09 7.504049332230332375e+09 -6.170805609447865486e+09 -2.615211854125753880e+09 2.140559526212910414e+09 1.253245792002402306e+10 1.214065534378933907e+10 -8.128774265490708351e+08 2.961970001119227886e+09 1.316410136254043770e+10 2.935592154761841774e+09 1.971310610483878374e+09 -9.379823458091966629e+09 -3.814707287111111283e+08 -1.089177406311732292e+09 6.120694899568366051e+09 -6.781592542363520622e+09 -4.848643036373844743e+08 -6.369385065866883840e+17 3.361643947406981120e+17 -1.885597969159088400e+16 -1.536340282562601920e+17 3.056692105258778880e+17 -4.001924149561420800e+16 -1.329303414328675200e+16 9.412058477370558400e+16 1.012573377019701400e+16 9.041809269986289600e+16 4.643707004157790720e+17 4.493715050053257600e+16 1.428811100491233600e+17 5.522809827166587200e+16 8.928728479709968000e+16 1.318786929055783600e+16 7.700020438288857000e+15 3.426187205655727200e+16 8.237865819326504000e+15 -2.032475579495853120e+17 2.974990242534544640e+17 4.522567344479133000e+15 5.510086015088855200e+16 -4.910556194049590400e+16 -9.400991933624156250e+14 5.279557300032381600e+16 -3.081859022112559000e+15 5.947665175670724800e+16 -2.022961454667383200e+16 9.704388597286726000e+15 1.193358655074193600e+16 -2.095631642679662000e+16 1.763161487967097600e+17 3.014977909550750400e+16 2.931694511891062400e+16 -6.975779781481977500e+14 5.523241336955660800e+16 6.922083467959049000e+15 3.135574357138115200e+16 2.191763410350620000e+16 4.217724368425772000e+16 1.751039488093955200e+16 1.137082846127048000e+16 -8.186615000071174805e+12 -2.406014790140661500e+15 2.554238284719757200e+16 2.648832287055378400e+16 1.452921005022235000e+15 1.730107149201353800e+16 6.381512174556548800e+16 1.343104977777489200e+16 6.961618440842522400e+16 2.257577003871054800e+16 1.716844816943881920e+17 -7.611567715603781000e+15 4.142000933503898400e+16 1.647778896455870600e+16 6.745805290919466000e+15 2.967776859514875200e+16 3.030255862823247600e+16 6.343015500603350400e+16 2.167455939241034800e+16 8.889132500970375000e+15 1.446600843854295800e+16 6.646287749849879200e+16 5.157933800956410000e+14 3.678759364295872000e+16 1.044216575372602200e+16 1.822858475367666000e+16 4.208948005131049500e+15 1.178301466702512250e+15 1.546208796496302400e+17 3.052271061591371600e+16 -6.265977226355504000e+15 6.222730141646896800e+16 4.144617266246434500e+15 2.863086690898069500e+15 -6.619771024452789000e+15 5.809998718576602400e+16 2.662425735313153280e+17 1.660350292780349000e+16 8.385472972107751000e+15 1.615935864552896000e+16 2.622527297954768400e+16 2.769376686282899200e+16 5.428848154572684000e+16 7.447261924116279000e+15 1.262440394384784766e+13 6.325564287218687000e+15 -6.788728510330864000e+15 5.461546150496888000e+16 3.474427413259486500e+15 4.468983686347164000e+16 1.300736272902760500e+15 4.503315479098955500e+15 9.159388902543456000e+15 4.212531553157798000e+15 -2.324310664907908000e+15
2.042881912411100769e+11 -1.764853879997773132e+11 8.548242644717645264e+10 1.184239186326797028e+11 -3.655004599801251984e+10 -6.157679248629515076e+10 1.347773319063018494e+11 1.775352299156840820e+11 1.169383105988761597e+11 3.145231777874551392e+10 7.344482497255888367e+10 7.471497313533021545e+10 2.250730564430305099e+10 7.906096727760738373e+09 3.085667391791473007e+10 4.963254060030956268e+10 2.816838740372569275e+10 8.453364526764225006e+09 1.384811494419690514e+10 1.142958631390316200e+10 -7.137591001438562870e+08 5.101162929485575676e+09 5.141706856507105827e+09 4.456735955019374937e+07 9.852469397125371933e+09 6.933914686309724808e+09 -5.091360997249278069e+09 1.042815891484768486e+10 -5.656189434038543701e+09 1.399604673934042215e+09 -8.726989765425230026e+09 9.064409668521158397e+07 -5.827249767536230087e+08 -1.027883019791830182e+09 -2.070962034597793341e+09 3.195827380368525505e+09 1.330903496517036438e+09 -3.690953866777529716e+08 1.560977833698285341e+09 -5.936698256681627274e+09 -1.138615166535069466e+09 -2.151378957933486938e+09 1.058754703726138949e+09 -1.178241886021184206e+09 -2.041347390740909338e+09 3.301655190444584320e+17 9.978350748808123750e+14 -4.964595150484980000e+16 -4.091768627575523200e+16 4.876668208801788800e+17 -2.129493099542134800e+16 2.978655691535632400e+16 4.409500552303073600e+16 1.989597295977007750e+15 2.636955381369547200e+16 -1.713096613245415800e+16 4.482118752311322400e+16 3.693610275701590400e+16 4.783026779315716800e+16 4.912793685139816800e+16 1.660790144696145600e+16 4.085073765616397600e+16 2.239956895591227600e+16 4.067263842982664800e+16 -1.207523524809780960e+17 9.891564642833483200e+16 4.692708188410708800e+16 -7.760915455833615000e+15 -7.859910236058609000e+15 3.590268588082317200e+16 3.481624181676598800e+16 2.883806721983380000e+16 7.714809657469108000e+15 7.618115577614332000e+15 8.710691495404570000e+15 1.664764177990659800e+16 1.841866380722413200e+16 4.188692597766166500e+15 3.093411107866280400e+16 1.808354321053017600e+17 3.265987791310477200e+16 2.180141722904559200e+16 2.337235949784961600e+16 1.878384177613586400e+16 1.946256152075340800e+16 3.415958371329957200e+16 2.377748407931382800e+16 1.430069105993861200e+16 2.111711721626904000e+16 2.502491841778372400e+16 2.428138916497328800e+16 3.387554438534202000e+16 1.806553528001788000e+16 2.438942878682546400e+16 1.344363876313257600e+17 -1.535111343199438720e+17 2.040577889707736000e+16 5.547961262702243200e+16 -2.170112609078363200e+16 4.782479611315664000e+15 4.222353408460717000e+15 2.990811407521364400e+16 1.610657310892234000e+16 2.246148035598493600e+16 1.922400393295750800e+16 1.333951934794418000e+16 3.110806782223368400e+16 1.150225660209125600e+16 9.205095098123790000e+15 1.243999334149313400e+16 2.080030205097830400e+16 -8.648324256306664000e+15 1.172624833123890200e+16 8.288506699845401000e+15 7.027237475428381000e+15 -1.615873507802328250e+15 7.268493531608413750e+14 6.661822221488501600e+16 3.928942979018579200e+16 1.123352783396183400e+16 3.729736791503732800e+16 9.016343008316738000e+15 1.264708806815307750e+15 1.921626288465557200e+16 1.660350292780349000e+16 1.546296714529602560e+17 2.123712370292446000e+16 1.086854745209032800e+16 3.816463220422741600e+16 2.376993794316650400e+16 5.853831162510234000e+15 3.013346939356896400e+16 1.163413428676330600e+16 1.096376343008051400e+16 1.214778038419891600e+16 3.744210978515945600e+16 2.340470293539198800e+16 -4.289792325908458000e+15 2.158518423604611600e+16 1.251497671805040200e+16 1.639943442304723200e+16 9.151080297545962000e+15 9.717368981650974000e+15
2.355178970672029724e+11 1.733876094780521545e+11 1.127384244110863342e+11 1.125712813188578033e+11 4.855398744551817322e+10 3.014648771431003189e+10 3.877836008073228455e+10 -3.227493460760916138e+10 7.103933354209240723e+10 1.497226922684372864e+11 1.222008036928010559e+11 6.297159276672633362e+10 3.174081430709411621e+10 6.300244470792734146e+09 1.852421682462976837e+10 4.196319183841957092e+10 2.296341550653864288e+10 1.503717972744718552e+10 7.064901868180152178e+08 6.972562162295359612e+09 2.112946054433522415e+10 1.124580626350546360e+09 3.948923778929253101e+09 9.488797409044233322e+09 9.360841755821535110e+09 1.371678636107117653e+10 1.780966045466836929e+09 3.958128378698226810e+08 1.663065348694650650e+09 5.657158697031961441e+09 -6.785056161963481903e+09 8.211817088339127541e+09 5.875498038077186584e+09 2.056040296771475077e+09 -3.888993449141576886e+08 5.538814611946011543e+09 4.582970736479314804e+09 3.154519934117562771e+09 4.237999647797035217e+09 -4.795092658628484607e+08 3.916662150249186516e+09 4.099007767608071327e+09 7.158447121125999451e+09 4.255403252273508549e+09 8.274994599949055672e+09 2.831927760775979840e+17 3.855668347870816000e+16 -6.648666601975410000e+14 2.278097402488021200e+16 -2.210834934124568640e+17 2.711478907572035500e+15 -3.615569010020104000e+16 5.869211143382123200e+16 -3.251361101837699200e+16 -1.409539185141971000e+16 8.878839380256617600e+16 5.473080758187592800e+16 5.514921993929728800e+16 -1.456428031521779000e+16 1.442649220759845800e+16 1.470978052869394600e+16 -2.514100798269442400e+16 -2.825085194227143500e+15 1.315811218353105200e+16 7.519206679567398400e+16 6.248162169156240800e+16 4.091021063134633600e+16 2.234777480734232400e+16 -3.062409299226077600e+16 1.854432902724160800e+16 2.349585336826994000e+16 1.380085426378615400e+16 2.665872373181690800e+16 8.897187284875731000e+15 3.339258271475724800e+16 2.212975975661018000e+16 3.530255034907101200e+16 5.437314608451468800e+16 3.618492512900949600e+16 -3.675778641065591200e+16 1.432961858489851400e+16 4.677453981291488000e+15 1.621752441370115500e+15 1.888133858928984000e+16 3.952481300476586000e+15 1.849639663949621200e+16 2.289273356522528000e+16 4.190473679020024800e+16 2.964070620158726800e+16 1.684067403325519600e+16 2.470785591155444000e+16 1.338182028319840200e+16 2.871643088167899200e+16 1.536425906585737000e+16 1.000649170272961600e+17 1.957876897892198400e+16 -5.489758866817807000e+15 4.692358187918449000e+15 2.008347571110472400e+16 1.294348933095201000e+16 1.010322756326713800e+16 1.970831670900126400e+16 2.649131273712360400e+16 5.735377358862840000e+15 2.613565575442046400e+16 8.084794799106254000e+15 1.239400668399096600e+16 2.628202622241077200e+16 1.574566132485594200e+16 1.256681018372586800e+16 4.123806353226238000e+15 -8.248819486296896000e+15 9.955905255295974000e+15 1.185732910164625400e+16 1.338101928835038400e+16 1.990451563302143750e+15 -6.733259113626660800e+16 -1.033542195253528600e+16 -3.830765102507974500e+15 2.179560490030400400e+16 1.867487669064246400e+16 3.259372396622859600e+16 -7.663088809885121600e+16 2.156144671332191600e+16 8.385472972107751000e+15 2.123712370292446000e+16 1.208598819490949600e+17 2.328832322845128000e+16 8.106897227039753000e+15 5.720088109383229000e+15 9.385403196545460000e+14 3.273527882925188000e+15 2.281042278836970800e+16 1.151007414447088200e+16 8.125592629121356000e+15 2.166915049925356800e+16 9.428881886702916000e+15 5.555314519041339000e+15 9.117567378770804000e+15 2.126153786650177200e+16 1.070302164547516400e+16 1.420066299276526400e+16 2.009664142321748800e+16
6.745887653813050079e+10 -6.400499212930696487e+09 1.630663803951537170e+11 2.694692840698209381e+10 2.445588631458881760e+10 2.580771306702552414e+10 7.915294070929020882e+09 -2.614672373478323746e+10 1.609521631402469063e+10 6.740837649876482010e+09 6.147104991377202606e+10 1.075685418071876526e+11 6.280718314934716034e+10 -3.025674505238070965e+09 -2.125798260465748549e+09 1.166721748173710632e+10 2.480657656215270615e+10 9.846995107395458221e+09 7.280475584524440765e+09 1.077374786263880014e+09 4.699889858280100822e+09 -6.494622818856442451e+09 -3.663518331172116280e+09 2.269653663017329216e+09 5.689611696803169250e+09 8.836713290401226044e+09 6.658012094578293800e+09 8.369320597060267448e+09 9.881573506770652771e+09 5.213836777161229134e+09 2.972916579175060749e+09 -6.280070931418424845e+08 8.300658274446340561e+09 4.663666898754980087e+09 -2.602991140148459435e+09 -6.203560079790428162e+09 3.772516796320962906e+09 5.098002938100499153e+09 6.286602597441881180e+09 -2.669555306037736893e+09 4.376166014904878616e+09 -1.793320032712815046e+09 3.445947239104506969e+09 1.694568456250633240e+09 3.719211926608202934e+09 2.418703278675887360e+17 -1.412362135032423040e+17 -1.906907398287303360e+17 2.429778309131540800e+16 5.559159099729823360e+17 -8.552750229448256000e+16 4.511477420611650400e+16 -4.269913651521089600e+16 -2.915715690448559200e+16 1.850224051766741600e+16 2.107984688094994560e+17 -1.002158631689488200e+16 -2.959735329064007600e+16 -2.243583101321303600e+16 -1.811030048817689600e+16 2.712026109655246400e+16 -4.489809217788510500e+15 1.147223129324955800e+16 3.711882457928340000e+16 6.864420760826442000e+15 1.999375997003573440e+17 -5.409292454272774000e+15 2.218504846496741200e+16 -4.554107855132068000e+16 -2.855843720660766000e+16 -6.344874630156417000e+15 2.281663375040112000e+16 1.797551968705687600e+16 1.281532618031709400e+16 -3.631579055054509000e+15 -1.160783958269387200e+16 3.164840501992755200e+16 1.895248120895205000e+15 3.174376397308667600e+16 2.814333795020672800e+16 2.509326174408116000e+16 2.936268011207663200e+16 2.287769433623875200e+16 4.550154373513244800e+16 1.531083042590227800e+16 2.430722568340895600e+16 1.996064977825118800e+16 1.161322190946922000e+16 4.643535963667042400e+16 8.935418997623835000e+15 2.965984858594416000e+16 3.074846129023915200e+16 2.653157875330380800e+16 3.325332651353140000e+16 -1.429760391599404640e+17 -1.710681231739226000e+16 8.460825523783367188e+13 -2.031910662850001750e+15 1.969659930799191600e+16 6.285361171157917000e+15 -2.004568031133627500e+15 1.424620032486966400e+16 -6.783451413694740000e+15 2.616452792295616000e+16 3.278360368044301500e+15 1.905161159257936000e+16 2.101116282629287200e+16 1.616071764063854200e+16 3.178262071261911600e+16 1.754099177355597400e+16 -3.481289205674709500e+15 -3.245406417630036500e+15 1.085745050092417800e+16 -2.372823604913458000e+15 2.236867472133121200e+16 9.596138412192708000e+15 7.587098846734464000e+16 -8.365225415314719000e+15 -1.612314932795214000e+16 1.098201099155126400e+16 -1.856635066763853000e+15 1.532180310525735600e+16 3.971592998316460156e+13 3.193831452478824400e+16 1.615935864552896000e+16 1.086854745209032800e+16 2.328832322845128000e+16 1.762816708222880320e+17 3.017076508257537200e+16 1.569917856961315600e+16 2.258304897971828400e+16 1.126172925127062200e+16 4.442332412315235000e+15 2.331747045324418000e+16 4.716692883965040000e+15 3.524030263014692800e+16 -5.529225954208869000e+15 7.715463016833352000e+15 -9.847982014169802000e+15 5.465351303441600000e+15 1.065080026322514400e+16 4.656408782474494000e+15 1.292409664549767600e+16
1.501962050645129639e+12 3.956044110242136719e+12 2.045669958923113037e+12 1.750313975515585632e+11 4.027303738208621826e+11 4.569174587807829285e+10 1.118587030415936279e+10 8.392872220664126587e+10 -1.595056008321820450e+10 2.483607960854505920e+10 1.625161688878992920e+11 7.872132625218402100e+10 2.770820352331986237e+10 1.547808871356050682e+10 1.802051389768352356e+11 2.115927586066591263e+10 8.724264593408966064e+09 4.871067003985850334e+09 6.384288410040692329e+09 -9.838848511164148331e+09 2.791512164725131512e+09 -1.531804797881755257e+10 1.793997098021250153e+10 1.700687469834639740e+10 -3.217705603286685467e+09 1.733094262915517426e+10 1.838796419548913574e+10 4.036626825918178558e+10 2.815168370163391495e+10 3.943793399968098640e+09 5.987309231937429810e+10 1.954224325532047653e+10 2.287275893639598083e+10 -6.596545850995514870e+09 2.436367061592134953e+09 -2.443129414112159348e+10 -2.028194137034910917e+09 9.499403461400939941e+09 1.019759814300962448e+10 -1.382433434726299047e+09 -8.275853014115595818e+09 8.635613749655849457e+09 2.018553906725556183e+10 -3.761285185723252296e+09 -5.707015167867086083e+07 3.381888015380182528e+18 2.749165410352112640e+18 1.242342011540467200e+18 1.658397998523754240e+17 1.141613194041806464e+18 1.374542006755565056e+18 -1.325813526195447800e+16 1.053765400223686784e+18 1.505348138408784320e+17 1.008789379105041000e+16 2.512661294085598720e+18 -1.288269698227532000e+16 1.244587604167200000e+18 3.292731830556050800e+16 -3.541254695377150000e+16 1.297580291558740480e+18 6.788112343986885600e+16 -1.253012868374700800e+17 -8.356718286975483200e+16 -6.428532481084152320e+17 1.319987677189423360e+18 1.079946001069155520e+17 3.587781294204648400e+16 1.122758853997028608e+18 -8.138153960435381000e+15 1.273379705564564200e+16 4.435024446681759200e+16 1.040092792900775040e+18 -4.817522203414997600e+16 1.948284641545465600e+16 4.725924557611787200e+16 -1.126794508968629400e+16 4.691847896322124800e+17 3.042543474259374000e+16 7.403405677071642880e+17 2.876880118949398000e+15 5.185317113807987500e+14 7.742189212294096000e+16 1.035869145300028672e+18 5.902094500655426400e+16 1.183585718627903400e+16 -1.016826002589885800e+16 -6.987258437542091000e+15 8.549902577108043520e+17 -6.851038395329248000e+15 -5.804474485580688000e+15 6.016366966340456000e+16 2.320410799427554375e+14 2.212841222289818800e+16 -4.684853455782224640e+17 -3.767914826073585920e+17 9.725421297298440000e+15 1.079222572043321440e+17 7.821747965576326400e+17 7.371643362898257600e+16 2.287711513031463600e+16 3.464386369033599600e+16 -3.189823736835873500e+15 1.056200786495732864e+18 -4.047436227613841600e+16 1.598224091173244000e+16 3.499010212652980000e+16 1.623295036731898800e+16 1.113949335943162875e+15 1.116657608387971712e+18 -1.363444477447097000e+16 -1.018916204378701600e+16 1.333855295899876800e+16 -3.021565037813026400e+16 -2.276050496239045000e+15 -2.626080884734000400e+16 1.005924465407589280e+17 6.683914173976701600e+16 3.364031075331176320e+17 -9.186388810108284000e+15 6.051923760746339200e+16 2.010379299612532000e+16 1.350897967834134784e+18 5.198505602361856000e+16 2.622527297954768400e+16 3.816463220422741600e+16 8.106897227039753000e+15 3.017076508257537200e+16 2.404417072036401152e+18 6.922895551078027200e+16 7.236971560141494000e+15 4.085086960434645600e+16 1.409131452003912600e+16 1.258059405797001000e+16 2.162346819154590000e+16 9.392797960878099200e+17 -3.370150426716119200e+16 -4.589962546397002400e+16 6.071118143219207000e+15 1.941927341806564000e+16 -2.230018906725962000e+16 8.528598589488592000e+15 5.456136039089232000e+16
1.192501441937718201e+11 2.659391720135013428e+11 7.505928183978310547e+11 1.003961923823636353e+12 3.939359107996661377e+11 3.419229575447483540e+09 3.695866241394170380e+10 -1.095426985320085526e+10 9.370506778463064194e+09 3.606763189868477631e+10 3.817888336645473480e+10 2.626967165161345291e+10 2.637299955135950470e+10 7.074532778612979126e+10 6.052103740606089783e+10 5.139919660381980133e+10 1.046186371720617676e+10 -7.327053413583208084e+09 1.599313839015162945e+09 -1.437233779770164728e+09 4.505520417156011581e+09 -1.735953774056010962e+09 1.133755245252023220e+09 1.532196127845541191e+10 3.399583083793764877e+10 1.227176989612687683e+10 2.337124256923279953e+10 1.469075555444378281e+10 6.036178134211372375e+09 7.248093553027015686e+09 2.655428681438166428e+10 7.565948669665014267e+09 -9.476693829163523912e+08 6.352556244678410530e+09 -2.341148689445032120e+09 -8.883135149415200949e+08 -1.376032165439156532e+09 -6.831398383344628334e+09 5.122206268276478767e+09 3.625040353149228096e+09 1.479230008222807121e+10 1.325897081951215172e+10 -8.278358821783109665e+09 -5.465096586769810677e+09 -6.127449680357554555e+07 -1.463370930539385600e+18 5.307502965678982400e+17 8.878789494176956000e+15 6.925577905076286720e+17 9.944949840670540800e+17 1.233549963443258400e+17 3.637984799963335040e+17 8.157947893728102400e+16 5.452478536275239200e+16 4.158861047027354400e+16 2.862573395182568400e+16 2.061889360081796160e+17 4.587437089531032800e+16 1.579209837037504960e+17 -1.598248136394764000e+16 -9.939836190480646400e+16 1.474818181030790720e+17 -2.330626809958750800e+16 -1.528812810346449000e+16 -4.658579946716114400e+16 5.299119859671201920e+17 1.530125772429485440e+17 6.283238527924266400e+16 -1.210448148477258400e+16 1.072183114791797280e+17 -1.215248572872533000e+16 3.708538636110306400e+16 -4.367510337338286400e+16 7.800543491778009600e+16 -2.337254035039873600e+16 2.143610217836535600e+16 4.121095468443025600e+16 3.137360213353424000e+17 -2.325508657483123600e+16 3.279266544170926080e+17 9.723523769612558400e+16 3.422892444694251200e+16 1.125279218611510200e+16 6.415993362115888000e+16 1.008827174201160480e+17 2.121853077926692000e+16 1.301954174818048200e+16 1.227451547248281400e+16 -3.787095313107337600e+16 7.906186940366995200e+16 1.954109632279279600e+16 2.928419500575680000e+16 2.125223709030180400e+16 1.125567719052146800e+16 -1.062629965158725920e+17 2.602791684122954240e+17 7.333717255312534400e+16 8.353442899414915000e+15 2.232670960773009600e+16 9.134026187018467200e+16 2.597527879302972000e+16 2.548015409137757600e+16 -5.453131382798241000e+15 3.104109194518065600e+16 1.530637453605497920e+17 2.355539251687424800e+16 1.478347601700963200e+16 1.261569484901735600e+16 8.768593942491540000e+15 -3.663414621296197600e+16 1.604799120414596160e+17 1.630158153628759600e+16 2.285757687811511600e+16 1.878301158789621200e+16 2.250886175870075200e+16 -7.225061770489771000e+15 1.210175777186583840e+17 -1.126251974235059000e+15 1.851341564153162560e+17 2.128549482549537600e+16 6.640059470043763000e+15 1.323853761017331200e+16 1.237166307771510080e+17 1.392709325455566080e+17 2.769376686282899200e+16 2.376993794316650400e+16 5.720088109383229000e+15 1.569917856961315600e+16 6.922895551078027200e+16 3.991528407040400000e+17 2.577087963591267600e+16 2.888298414986574000e+16 1.113756042394056400e+16 8.498983761518536000e+15 1.153745429087984400e+16 -2.411420208942660000e+16 1.678261802069656960e+17 6.194506940102217000e+15 1.569974446766356200e+16 1.313318734373844400e+16 1.480993749232899400e+16 1.457667572221386800e+16 -7.121748668381460000e+15
2.569119669427253723e+10 1.824910234871255188e+11 -9.827441316044122696e+09 -6.338181533307784081e+09 2.312909121487706299e+11 3.071790759099776611e+11 1.358977548151948090e+11 5.931566296469421387e+10 5.078463933150254822e+10 4.255855906749740601e+10 5.886849321614992142e+09 3.663285444170940399e+10 3.767387320414865112e+10 5.845407428720716095e+10 5.468324073666068268e+10 2.338072735356522751e+10 2.180603431202300262e+10 1.394377116472263718e+10 1.476234360857481384e+10 -2.036257219647114038e+09 1.824424870862476349e+10 -7.982325211213527918e+08 4.538870708176242828e+09 1.388545682456603813e+10 1.978753510129689217e+09 6.193932159130949020e+09 5.901842936214679718e+09 1.132939427218032646e+10 4.860365101313001633e+09 -4.298034894492885470e+08 1.102934964909419632e+10 9.489681784544317245e+09 4.496639424006147385e+09 3.768970615417562008e+09 8.674999717577199936e+09 5.074026354638268471e+09 5.400329937821954727e+09 1.014877917763432121e+10 1.609371731033350945e+10 6.575610238353724480e+09 1.947193394026493835e+10 1.054042794198190498e+10 9.398243278022033691e+09 5.157520880529035568e+09 -6.016114151050975323e+08 -1.938703124204715520e+17 -1.415629571019903360e+17 4.353525235645191200e+16 6.255526547538929600e+16 1.143645500192098944e+18 5.786008782236082400e+16 1.817494540049626800e+16 6.488191365824812000e+16 3.826663657145727200e+16 6.092137389723547200e+16 1.811320060105215040e+17 -6.648596022219010000e+15 8.460883517340598400e+16 1.947333961250411200e+16 5.097222049860877600e+16 -2.450731777908879600e+16 1.696930839308550800e+16 3.378756704716250800e+16 -9.530623908620882000e+15 -1.823983602960393920e+17 3.832255853901933440e+17 4.391020396731207200e+16 7.690220322622091200e+16 -2.872158674559554800e+16 -2.690607474633171250e+14 3.074857025503658400e+16 1.481071150496340200e+16 1.461294527433269600e+16 -1.483787272574454000e+15 1.833390865804745200e+16 2.232226584343868800e+16 1.718081388797371800e+16 3.305474158079512320e+17 5.556054615819883200e+16 2.858494628375484800e+17 1.116767712313027200e+16 5.085763784407960000e+16 1.813893705382150400e+16 5.868436602447404800e+16 1.900465381271399600e+16 3.668087842226493600e+16 1.662383016048711400e+16 2.690638253311476400e+16 -1.935178405828720000e+16 -7.168638621356020000e+14 2.746330057167772800e+16 6.990945335497974000e+15 2.671491418918507000e+15 1.808613058435083200e+16 1.488340872956485440e+17 1.255490782605458800e+16 5.770321660185860800e+16 1.204151632353663000e+16 4.592196577000600800e+16 -9.213941274674821250e+14 3.542189625856919600e+16 1.001336740991339400e+16 3.130075955259659500e+15 -7.712787220918341250e+14 8.009249701307710000e+15 4.089518502819073600e+16 1.757784271423834000e+16 1.097043835981230200e+16 9.469875022233892000e+15 3.583775462693368800e+16 2.436646998524807600e+16 6.269283487094093600e+16 2.287003330426180800e+16 1.898919880750139600e+16 1.118625179289318000e+16 1.416807253951838600e+16 2.152717746722321280e+17 1.726969119948220600e+16 -9.063648999001764800e+16 4.609725834896292000e+16 1.516403483514411800e+16 1.076923752812825800e+16 2.665645123858854400e+16 2.505242323438502800e+16 5.428848154572684000e+16 5.853831162510234000e+15 9.385403196545460000e+14 2.258304897971828400e+16 7.236971560141494000e+15 2.577087963591267600e+16 1.968352536989463680e+17 3.193189736334184400e+16 1.089148165967436400e+16 1.323110759168674800e+16 1.005143427711847200e+16 1.151043373342324400e+16 5.956240652067005000e+15 6.155988484269736000e+16 2.437601561581187200e+16 5.960066998453174000e+15 2.355301791928556400e+16 1.040796205303315000e+16 3.935448266109867000e+15
-1.828000526580038757e+11 -1.103227416318208923e+11 1.434840757336514587e+11 4.616578191793175697e+09 1.359418506825119781e+10 -4.400804373953400421e+10 1.399611362402636414e+11 1.759335096568291931e+11 7.508685301449827576e+10 2.830921401322982407e+10 1.885228024459103775e+10 5.703712878274477959e+09 1.600815339503398132e+10 5.216075114414139557e+10 3.921777776501084137e+10 2.311033301144511795e+10 2.845266682448973846e+10 1.322837019206824005e+08 2.661427084564333439e+09 1.021834105796448326e+10 -8.489650986255581379e+08 2.557607465296078205e+09 -8.777565802078890800e+08 6.254789475415566444e+09 4.895130824369650841e+09 5.837064584594221115e+09 -1.213689824839160442e+08 -1.253982961367835522e+09 2.533778456516939640e+09 3.805203568374795914e+08 6.391301633393955231e+09 8.171407394745831490e+09 6.581033057540839195e+09 -4.913211413647998810e+09 3.051928492491200447e+09 -3.483991598751556396e+09 8.420166425481879234e+09 6.993237315043270111e+09 1.086478246297392464e+10 6.055636715486488342e+09 3.252716240712875724e+08 4.719206050315941811e+09 3.123403302307042599e+09 7.236435228342468262e+09 -2.633487294332663536e+09 -1.641973066555436800e+17 1.517648557789277120e+17 4.887547405440260800e+16 5.857310886087893600e+16 3.340752370766744960e+17 1.068328467888747600e+16 5.333596190996792000e+16 -5.913379455892805600e+16 -7.748441298462576000e+15 3.871289243686714400e+16 -9.031642526615318400e+16 -2.664929823635944800e+16 4.259427757512936800e+16 2.582078671906672000e+16 3.147100908825762400e+16 8.221187465688565000e+15 5.293929201064742400e+16 6.040960527915940000e+16 7.131243938119937600e+16 5.284856141428883200e+16 2.666811416181352960e+17 2.531068096644192000e+16 3.352278378873767600e+16 1.437972436808750800e+16 3.287707690179779816e+10 2.278043552901929600e+16 3.910132759968285600e+16 1.560975949484345200e+16 1.382212929784404531e+14 1.658730017615798200e+16 3.494418218680245200e+16 -8.830600783753138000e+15 -1.036879807667864000e+17 1.185704957653866400e+16 3.643408922072939200e+16 8.438375214021459000e+15 1.257567909572056600e+16 3.512588329015888400e+16 3.291412389952490800e+16 1.733135613799759200e+16 5.453224189623660000e+15 1.512837478195305200e+16 2.089153405137379250e+15 1.901721084408432250e+15 2.780502207726354000e+15 -1.446905847439493200e+16 1.890377283449747200e+16 9.576070258726216000e+15 2.199427482341717250e+15 -1.240272478550913120e+17 -1.112559197728250240e+17 2.789571451673883600e+16 4.637957910457084800e+16 -2.296305716813389375e+14 -1.173697949927114800e+16 8.219271073241392500e+14 2.322783127779048000e+16 1.534505987101083200e+16 3.109148746782251600e+16 -1.335263006811652500e+15 1.235662444106562600e+16 1.783320891678619600e+16 5.212575791830179000e+15 -2.314051967175621000e+15 2.422708102648131200e+16 2.584360231011467600e+16 9.851144067954882000e+15 4.084209043732004800e+16 9.263042052689858000e+15 1.910219355148465000e+15 2.082605501152073500e+15 6.937285578845067200e+16 6.101858039680568800e+16 -3.289434378448540000e+16 2.528380532177892400e+16 2.228763129272056000e+16 8.335903000736796000e+15 1.163244846945878080e+17 1.932040011974861200e+16 7.447261924116279000e+15 3.013346939356896400e+16 3.273527882925188000e+15 1.126172925127062200e+16 4.085086960434645600e+16 2.888298414986574000e+16 3.193189736334184400e+16 1.317119825173803680e+17 1.241248373376011600e+16 7.972521961210353000e+15 1.656653291690799800e+16 3.326710343537323200e+16 9.038239442037190000e+15 5.128224195006483000e+15 3.161022706023853600e+16 1.231254910691501400e+16 7.429922634569934000e+15 1.741234095070862800e+16 1.467613987687615400e+16
4.314185248856597137e+10 -6.964438283173167229e+09 3.823358659642057800e+10 6.452455639190009308e+10 -5.137822484435395813e+10 -1.258704506248541594e+09 1.661893270499803162e+10 -1.536442035047080994e+10 1.001910730508013916e+11 1.229525304264587555e+11 7.182840807704937744e+10 2.608539515252422333e+09 5.194800474032620239e+10 6.950002351781150818e+10 4.165628915341083527e+10 4.378063161503250122e+10 1.488797167941371918e+10 3.995172217709406853e+09 1.333994772013912773e+10 1.085963057427578354e+10 1.241439027769047928e+10 2.040081772778210878e+09 1.016074768741651344e+10 6.767961775813770294e+09 7.326665141492371261e+07 6.379296054583643913e+09 5.988270174384564400e+09 -6.672412455048271418e+08 7.050878730422554016e+08 1.213738324553398895e+10 6.334287236017436028e+09 6.340330253584836960e+09 8.195650083702805519e+09 5.089464132281203270e+09 -3.365726933833752632e+09 1.635441862333893538e+09 7.958408875491970062e+09 3.740162225989914894e+09 1.081218934843000031e+10 4.406750018064759254e+09 5.127592954481576920e+09 5.937399011936386108e+09 5.075766727950214386e+09 -1.887887540026141703e+08 6.948892204088535309e+09 2.698115653719661440e+17 5.279987353297031200e+16 -9.959098684220897600e+16 4.833230844076723200e+16 -7.841866515165848320e+17 -5.056983284912120800e+16 1.112886468515252000e+16 1.817791721030095200e+16 2.091456309693892400e+16 -5.018641131161216800e+16 2.695730433393931520e+17 -2.106170188899906000e+16 2.809900727536643200e+16 -9.185502182888614000e+15 5.833270343887692000e+15 -5.284926437246911200e+16 -3.118550749554722000e+16 -2.159086858117789250e+15 4.163185382228524000e+15 -3.571994565658138240e+17 2.482305068092792320e+17 3.868637417076540000e+16 2.317166864109094000e+16 -3.325805384399554400e+16 -5.785952225243195000e+15 8.496529507327818000e+15 -4.985949411699794000e+15 1.273301285478204600e+16 7.124848106066773000e+15 2.956128059632872800e+16 2.046211291147162800e+16 4.071417990859353600e+16 2.845368073869896000e+15 8.401618117529204000e+15 1.427481407132142720e+17 -2.193770550946947600e+16 6.561795092514001000e+15 -1.505933440692526200e+16 5.033938054925117600e+16 1.165496900904191200e+16 6.320792040269287000e+15 1.689555020401084600e+16 3.693222306332053600e+16 -8.910682963620811250e+14 -4.080845390906881500e+15 -5.919552834201022000e+15 -6.084426378094524000e+15 1.182970149506197000e+16 6.773508868721908000e+15 7.859716162905372800e+16 -3.654674043447428000e+16 1.758226991134129600e+16 -1.880366185880778500e+15 -2.799600257649852400e+16 1.125762846942908600e+16 1.981808812744115200e+16 2.262620828349205200e+16 3.660175583464012000e+16 1.821410858501103600e+16 1.182572017142272500e+14 1.144992003893095250e+15 8.801654253708839000e+15 1.457355897568363600e+16 7.744908040644339000e+15 8.928923015906323000e+15 1.915069721249494000e+16 -4.465397041297237500e+15 1.404988411667881200e+16 2.704726593588889200e+16 9.813557585884078000e+15 1.463314211422700000e+16 4.444556133621428800e+16 1.369310587908297400e+16 -4.083537270328105500e+15 1.839581419663006000e+16 1.952822895247100800e+16 2.216427155523721200e+16 -8.649585364986227200e+16 1.229526860900619600e+16 1.262440394384784766e+13 1.163413428676330600e+16 2.281042278836970800e+16 4.442332412315235000e+15 1.409131452003912600e+16 1.113756042394056400e+16 1.089148165967436400e+16 1.241248373376011600e+16 1.018497300536797600e+17 1.108101806248432200e+16 1.190680707315982000e+16 2.221572806599541500e+15 4.169336443763733000e+15 9.180149524404076000e+15 1.588251006623461800e+16 2.616029671477211200e+16 1.331769715531685400e+16 1.461157569745817400e+16 1.428756001142602600e+16
-7.655032199536303711e+10 2.831290371914000320e+10 -3.715950953577628613e+09 -3.888853236570131779e+09 1.959815415640648651e+10 -3.461929105181251526e+10 -1.499879066008302116e+10 6.177415144508675575e+09 1.671228761502135277e+10 1.368792625343870163e+10 5.473711602998614502e+10 5.427735798128949738e+10 4.813137371792074585e+10 3.465775636332530975e+10 4.564898660993855286e+10 3.765887653848291016e+10 2.714319373683712769e+10 6.463579513271071434e+09 8.757707691727828979e+09 1.306457043491890430e+09 -5.156302406581537724e+08 -6.876517889692065239e+09 -2.055578351310575962e+09 1.082608272316220093e+10 -1.844308627840357423e+08 1.087978359813638210e+09 -1.505921606015137196e+09 3.752502752304919243e+09 4.089142037557671070e+08 -8.598233559065143764e+07 -7.582886897899166346e+08 1.131568878684238434e+09 2.058451166323428869e+09 2.147363899006837010e+08 -1.091761192460248709e+09 7.182785932796322107e+08 6.875428005948990822e+09 2.664276389993765831e+09 4.743744782793841362e+08 -1.844710588402678072e+08 3.575562179060604572e+09 1.213886512632251978e+09 2.553540987292435169e+09 -3.230706572340312600e+08 6.230645348989348412e+08 -4.957643018432804800e+16 8.890116083958036800e+16 -7.284172032676838400e+16 4.598083298061611200e+16 -7.124744830285067200e+16 -4.948315111421749600e+16 -1.265790866133576800e+16 -2.119454638042432000e+16 7.702859358509083000e+15 -9.538528714708652000e+15 1.446352151968011520e+17 1.333829171924994000e+15 -1.379652340323373800e+16 3.983920557761520000e+15 5.948385965024204000e+15 7.510898317610889000e+15 -4.105247704706729000e+15 9.610486924947640000e+15 2.468519246591916400e+16 -2.067128509527921600e+17 2.653707918821352960e+17 2.448138721177771200e+16 2.241370382313741000e+15 -2.825632913197812800e+16 -2.280994831420150800e+16 -4.988885917874752000e+15 -1.859662881918423000e+15 -2.900093550366167200e+16 -2.135912786601623600e+16 -4.189212847056999000e+15 -1.040172615893501200e+16 1.484400227386523600e+16 -1.008384483974545760e+17 -7.403819670945706000e+15 -2.687704915387893200e+16 2.746686281645512000e+16 6.733886778143769000e+15 8.628951908472365000e+15 3.963298660988621600e+16 2.117297636863994000e+16 1.648891672641970800e+16 2.803363637981422000e+15 8.641163421765344000e+15 2.478036628002863600e+16 7.951447756047671000e+15 3.212670154278818800e+16 9.081290920299338000e+15 4.998189454707848000e+15 2.084910266896246400e+16 -1.023780298717683840e+17 -7.997179760516366400e+16 5.956764823734996000e+15 7.311131528492123000e+15 9.587362981039926400e+16 4.441262631067961500e+15 3.467620484659337000e+15 5.257082803873954000e+15 1.589417337661598500e+15 2.722108146643249200e+16 1.061894593110671000e+16 1.112428270554895400e+16 1.515109126786623600e+16 8.011723934727347000e+15 1.825524531164402400e+16 -2.370854147751500400e+16 -3.592225154706985625e+14 7.761869966474710000e+15 1.454441047157312600e+16 1.417602978806337000e+16 1.916113335671901200e+16 1.377217406037790400e+16 -6.296463867580514000e+15 6.871376958042473000e+15 -9.259284133104980000e+15 9.973738603502712000e+15 2.824171635525688500e+15 4.375648980617856500e+15 3.475560054387780500e+15 1.477261719309920400e+16 6.325564287218687000e+15 1.096376343008051400e+16 1.151007414447088200e+16 2.331747045324418000e+16 1.258059405797001000e+16 8.498983761518536000e+15 1.323110759168674800e+16 7.972521961210353000e+15 1.108101806248432200e+16 7.652052682603249600e+16 1.905326636571396800e+16 -5.658963229931161000e+15 1.622927357329753200e+16 4.719483683253876000e+15 -2.822283093708731000e+15 1.247012970540359400e+16 2.278509737613578000e+16 1.261865451038812400e+16 1.257090956381374200e+16
-2.703539354477640915e+10 -5.344784398392051697e+10 4.374677132250926208e+10 9.977768106850065613e+10 -1.424483594981339264e+10 -3.074394044909413147e+10 2.357177338271571732e+10 2.045591628920201492e+10 2.709890483031517410e+10 2.043670289154141235e+10 -4.074766345420741081e+09 -1.546578790841259575e+10 5.619744533634354401e+10 7.411847849085031128e+10 6.813780720661550140e+10 4.712356205480412292e+10 2.201060572458818054e+10 5.765023413846076965e+09 7.515238453529340744e+09 1.357855171608190155e+10 5.999952763643624306e+09 -2.892906333385762215e+09 8.730038997483428955e+09 1.750873545127579880e+10 8.079075103479784966e+09 1.231416247589891243e+10 3.783820541204740524e+09 1.139786583134097099e+10 7.187084230042264938e+09 6.601503647623080254e+09 1.649478927323110580e+10 1.329015193507964706e+10 2.444861988958579063e+09 5.469103909260356903e+09 5.353122610656579137e+08 3.950651459703796864e+09 6.847680676328175545e+09 6.522628175361835480e+09 2.501654250328818321e+09 3.782969317971378803e+09 6.944310076234588623e+09 6.117132676681292534e+09 6.354370182003413200e+09 3.652223328806832314e+09 7.962664405910782814e+09 2.857626885895240000e+17 4.251130476778387200e+16 5.267937880006467000e+15 6.304262355935220000e+16 -7.249275124323998720e+17 6.354103053704318000e+15 -1.675914178545809800e+16 5.730603158384942400e+16 5.205350929464836000e+15 7.528724971395845000e+15 -2.085554260644288000e+16 -8.426171430677376000e+16 -6.116458008819820000e+16 -2.381502247631880000e+16 5.288421417047386000e+15 -3.620816116841547200e+16 -2.017900557620728400e+16 3.772529875352133000e+15 1.203161955669920800e+16 -4.128209599904204800e+16 -1.269664903989212640e+17 3.086806071664577200e+16 -1.682533650630277200e+16 1.533656942144089800e+16 1.609897143812196600e+16 -2.226003796979867500e+15 3.564008997397512000e+15 4.884703465321859000e+15 -1.369530037088057750e+15 1.319767704783399200e+16 2.621002038014755000e+15 -6.078646916272087000e+15 -7.781727921630506000e+15 -8.331031961535802500e+14 1.137509578757734560e+17 -2.815538861438873500e+15 6.544232727056614000e+15 5.567265097491587000e+15 2.992596655130086400e+16 1.077102221589923600e+16 1.559014416132774200e+16 -1.976180110371230500e+15 -1.001482254182767000e+16 8.054465289340165000e+15 7.513697376460192000e+15 1.603279055971527400e+16 6.278354087484118000e+15 -3.812203592302423000e+15 5.240925973427839000e+15 -3.859121969090772800e+16 6.124675466457566400e+16 2.101790100858144800e+16 2.291622604953494000e+15 6.533373697824595200e+16 2.270712590994638000e+16 1.235375753927278400e+16 6.624912942144557000e+15 1.108048333274612000e+16 4.606597804125719200e+16 1.175609321715405800e+16 1.098524619018553625e+15 5.700366354209813000e+15 9.893471463688036000e+15 4.676279959360014000e+15 2.546730237721366800e+16 2.086632779780601200e+16 2.772798118022622500e+15 1.797681759681092000e+16 2.129268357676961200e+16 1.420336814368946400e+16 3.672182633379769600e+16 6.991943721362600000e+16 -5.053343662430062000e+15 -4.053304405531586400e+16 2.834598478039665000e+14 1.020110712676854400e+16 6.467821544749398000e+15 1.053739256273039520e+17 2.105255708720986800e+16 -6.788728510330864000e+15 1.214778038419891600e+16 8.125592629121356000e+15 4.716692883965040000e+15 2.162346819154590000e+16 1.153745429087984400e+16 1.005143427711847200e+16 1.656653291690799800e+16 1.190680707315982000e+16 1.905326636571396800e+16 1.260972997386920160e+17 1.373279275936362600e+16 7.020699476761808000e+15 6.106572027821975000e+15 1.364230999518854600e+16 1.118835687548849000e+16 9.978725560096764000e+15 2.901388557342046000e+16 1.228793545691698800e+16
2.275289020830832520e+12 4.144677235841783691e+12 1.112337275773405518e+12 4.579600725674406738e+11 -9.648841747343851089e+09 5.748364884919182587e+10 3.305462705043381958e+11 8.106672673101403809e+10 -2.887043040599259949e+10 3.001426550490469360e+10 5.505883547817896271e+10 -3.665457999422891235e+10 7.295006842917584229e+10 -5.551872260438709259e+10 9.479668946397059631e+10 2.056265372989548874e+10 2.863047008283667755e+10 2.925245466616047668e+10 -4.527881612283953094e+10 -4.693676308936331177e+10 5.141844794239088440e+10 -3.727184192865103245e+09 2.167659215840187550e+09 -1.193000675996121025e+10 -4.868442266187702942e+10 -2.925336853755379486e+10 -2.893605296309999084e+10 -1.132927575075535011e+10 8.375751735562216759e+09 -6.315148170415353394e+10 -7.598797824937557220e+09 -2.459362528370433426e+10 -9.886210480697067261e+09 -8.497457857669663429e+09 -2.953412133975732803e+10 7.284503879080246925e+09 3.252469634516757965e+10 2.174583758637075043e+10 -7.916359325269164085e+09 5.273835774817658424e+09 -3.615860961981406403e+10 6.098458242912991524e+09 -7.428977716544098854e+09 5.742975487699189186e+09 5.263875955183438063e+08 8.925550205872043008e+18 2.329089944635315200e+18 2.793246066279620096e+18 -2.394496494133441920e+17 -2.222019292580675328e+18 1.470802754144075520e+18 -2.174088121845311360e+17 3.265838221402030080e+18 -1.304544082329737920e+17 8.941910218680986000e+15 -2.965525844154147200e+17 -4.790818149869701120e+17 8.093269027309455360e+17 -1.321702857678319200e+17 -1.577587826670188800e+17 3.121884185472411648e+18 2.690693518975741440e+17 -2.167529596316702400e+16 -1.203854333209360960e+17 1.962498466163124992e+18 1.266585584352851680e+17 2.778910239392846000e+16 -2.093361714774915600e+16 9.710386145646977280e+17 -1.306979776762443680e+17 3.808772250689052000e+16 5.843960288677370400e+16 2.588767580186706432e+18 -1.136635733403826240e+17 7.484183144303356800e+16 7.105456656663190400e+16 7.490813907407006400e+16 1.383121853677131040e+17 1.210765851137902880e+17 8.700259991631690240e+17 -9.258330088051107200e+16 -4.769847541998909000e+15 2.764063964763590400e+16 9.631650669668408320e+17 -7.414316418108160000e+16 9.195219229708390000e+15 -2.493028851187541000e+15 4.044682756999360000e+16 2.614197880792584704e+18 -1.404755841246066080e+17 8.471550367258155200e+16 1.115180386520911200e+16 -4.684769887736296000e+15 2.404752077037001600e+16 1.330278796326179520e+17 -2.981900919228831360e+17 1.863350193269090000e+16 1.350728541001541600e+17 8.210693676486851840e+17 -1.131836928729533600e+17 4.633563053679466400e+16 -1.240457050184720200e+16 2.065625233169848800e+16 8.548907558518863360e+17 -9.599975080187976000e+16 8.024862958062396000e+15 4.377961627097728800e+16 2.612933088526769600e+16 4.682708251200972000e+16 2.603791406048146432e+18 -7.628739870140934400e+16 6.576371424965888000e+15 -4.251910012570180800e+16 -2.666334215310274000e+16 7.971941544253122000e+15 3.377730599734103000e+15 -7.709107869684979200e+16 -5.060276912034242400e+16 2.766057814400685120e+17 -5.343141169055606875e+14 5.915598997705698400e+16 -7.716322052967479000e+15 -1.732349589690591680e+17 -3.191305356563486800e+16 5.461546150496888000e+16 3.744210978515945600e+16 2.166915049925356800e+16 3.524030263014692800e+16 9.392797960878099200e+17 -2.411420208942660000e+16 1.151043373342324400e+16 3.326710343537323200e+16 2.221572806599541500e+15 -5.658963229931161000e+15 1.373279275936362600e+16 3.555797972367580160e+18 -8.970009916698688000e+16 3.526611113836046000e+16 3.167582355967871600e+16 1.677868368492995400e+16 3.643978384640770000e+14 1.299882715832096200e+16 1.079796977176341280e+17
-2.683443837858420410e+11 7.102054473241880798e+10 7.128327146241188965e+11 1.082782141721165771e+12 4.883739847147156372e+11 5.865888220136106873e+10 6.120719351426078796e+10 -6.835918185242976379e+10 -5.590614995722733307e+10 1.155918352241339684e+10 4.336859707131060600e+09 -2.581787601716384125e+10 1.759853084709304094e+09 5.116357947519869995e+10 3.588774274122087860e+10 6.926651326057739258e+10 3.475962312160874939e+10 -2.572697752243602753e+10 -3.943034424591640472e+09 -2.481535886056652546e+09 -2.710953357744035339e+10 -1.968216007452776718e+10 1.016402081236833382e+10 2.650653534204120255e+10 6.716485628077882767e+09 1.302886570993783951e+10 3.796073065167897797e+10 -2.307915730543737113e+08 9.709752253651992798e+09 1.184839752682229424e+10 1.091158776320273781e+10 -2.675945974527765751e+09 1.367774368282685661e+10 8.614397233629449844e+09 1.147529251945732307e+10 6.982553109237146378e+09 1.648513481950075150e+09 -6.020855575035389900e+09 1.095142476396322060e+10 1.436014780450348473e+10 -8.361279199033300877e+08 1.257131201943308830e+10 -2.462355537673818111e+09 -3.372842472459280014e+09 4.920527243449951410e+08 -1.676148424663630336e+18 8.339433478736067200e+16 -3.003345882896993600e+16 6.092939013643773440e+17 2.678116761013949440e+17 4.723718759008056000e+16 2.932194536026880000e+17 -5.200418075739350000e+14 3.522733656900402400e+16 4.305288384107805600e+16 -2.638883590085696000e+17 3.404295068210972160e+17 -1.956292003661018800e+16 2.225279451426666240e+17 -2.475498516797288400e+16 -6.029443962499276000e+16 1.860586732873002240e+17 1.111943277628636200e+16 2.838833736559303200e+16 5.383453953736126400e+16 1.169982312437812640e+17 2.007837239096558400e+17 1.144106449611385500e+15 -1.471000702014072400e+16 1.396179791511911520e+17 -2.104291054284337200e+16 3.229441185549770000e+16 -8.489188930878664000e+16 9.840410139656707200e+16 -1.007906423833644800e+16 -1.153635209865656400e+16 4.270725834672469600e+16 3.639896218242538240e+17 -1.666364946147625250e+15 2.394716543328362400e+16 1.077491471764183680e+17 1.578380148451046800e+16 -9.612933769700982000e+15 -1.066493158367985200e+16 1.150844601893249920e+17 2.754374312900947500e+15 9.757714542183244000e+15 1.593646870296099000e+16 -1.326244163791596480e+17 9.286633226525190400e+16 2.328186715284435600e+16 4.417999052745132500e+15 2.847747578882896800e+16 -4.868275080142751000e+15 1.726613862240863680e+17 2.102849994659473600e+17 4.165273192717123200e+16 -8.270932170203484000e+15 1.551543183570166400e+17 6.696143146465961600e+16 6.396208127004329000e+15 1.774105865228063800e+16 -2.360208374454930400e+16 1.456806330618539400e+16 1.388982462316490880e+17 5.480352170756317000e+15 5.524709976559404000e+15 3.179038687559692000e+15 2.475035006840491562e+14 -1.418310616246677440e+17 1.525363067923964480e+17 1.353671247258646200e+16 -2.897476422203564000e+15 -6.794495540809579000e+15 8.769267028651827000e+15 -1.060463341661020400e+16 1.275816684933409400e+16 -3.947845473597200000e+16 8.340850317643452800e+16 -1.835040330083234750e+15 1.270143640234009000e+16 9.594126205682144000e+15 4.185932301664015200e+16 9.784853323310316800e+16 3.474427413259486500e+15 2.340470293539198800e+16 9.428881886702916000e+15 -5.529225954208869000e+15 -3.370150426716119200e+16 1.678261802069656960e+17 5.956240652067005000e+15 9.038239442037190000e+15 4.169336443763733000e+15 1.622927357329753200e+16 7.020699476761808000e+15 -8.970009916698688000e+16 6.331004798497364480e+17 2.119765441065195600e+16 4.142996703428049000e+15 1.588809748755416400e+16 2.506450487760959600e+16 1.202946250188114000e+16 1.096300990744737400e+16
3.103126338189656830e+10 6.635977633210253906e+10 1.662153572442676544e+10 1.546818491171696777e+11 3.247312460930519409e+11 4.143274639408639526e+11 1.480597939952770996e+11 -3.745753090194547272e+10 -3.723532304481148529e+10 2.296573303486067963e+10 -4.085017745234406471e+09 2.153800659473837280e+10 6.593484634434665680e+09 5.345277134184667969e+10 4.937765474586495209e+10 5.753290463116137695e+10 2.649469756567992783e+10 9.593020091564413071e+09 -9.986744168467218399e+09 -7.125089438945866585e+09 8.378244890219571114e+09 1.986036409568445587e+10 1.861637605575237656e+10 3.330733947823367691e+10 1.679406547789450455e+10 -8.045982693302985430e+08 1.114086653673611259e+10 6.226905282607977867e+09 7.920620057161705017e+09 4.906241424300248146e+09 3.957730812911273479e+09 1.368779728622002840e+09 9.727347652554248810e+09 1.255281453413326263e+10 1.823969456270697403e+10 7.586677995513365746e+09 -4.180931405812497139e+09 5.834922774572872162e+09 8.873376218644382477e+09 1.573156946899171591e+09 1.540974894905055809e+10 1.370769297496447182e+10 4.156784276285100460e+09 5.532450337043031693e+09 1.238076807214996147e+10 2.109761417126630800e+16 -1.870723634693008320e+17 7.786467351533169600e+16 1.948142335370176400e+16 7.467389910316619520e+17 1.883353444602265600e+17 6.470838106671585600e+16 1.579681611792396160e+17 1.030037040507103040e+17 9.826860835975603200e+16 6.432564147612766720e+17 -1.405900442278377600e+16 1.287987661151911200e+16 1.943771717773771600e+16 7.666303890276899200e+16 8.710540941667571200e+16 -2.175524725512615750e+15 3.733080491174865600e+16 3.740341191597973600e+16 1.086376910697025400e+16 1.786830961145741120e+17 8.235892542978761600e+16 5.734788729630794400e+16 -1.528468606113165600e+16 7.997146403164829000e+15 2.875376817896392400e+16 2.532111461021668000e+16 3.868626839325650400e+16 3.709215018503002400e+16 1.260123713025332600e+16 -1.895259725050346000e+15 1.855374632687757600e+16 3.235459203577617920e+17 6.081803251851977600e+16 2.731730675632529280e+17 1.404168847295902800e+16 4.946431937030960000e+16 -2.120803003992212800e+16 5.862829681410359200e+16 2.952822889166150400e+16 4.092651860642343200e+16 1.649254702930003000e+16 3.213948714546183000e+15 8.485271114549802000e+15 -2.351400065488993200e+16 3.664774696214696800e+16 2.201278672646356750e+15 -6.727393160433233000e+15 1.986921605697060400e+16 1.966715953131905280e+17 -1.296225922577586240e+17 5.325997637309320000e+16 1.159639682604842500e+15 1.634408884454081920e+17 4.327075121627984500e+15 2.828734970049832400e+16 -4.740908310964150000e+15 1.282865831703496600e+16 -1.626642192774865400e+16 4.927282972342972000e+15 4.633012213391353600e+16 -4.600906755623142000e+15 5.435220906229865000e+15 1.026888078705366200e+16 4.588733615637669600e+16 6.645846375562510000e+15 4.965181414383428000e+16 1.703607253441720000e+15 4.782134235358989000e+15 9.474955873163694000e+15 -2.915801285458067500e+15 7.507351152706332800e+16 1.182331963563247200e+16 6.447886950294054400e+16 4.029843926027828000e+16 1.409642652091219600e+16 9.102146544875976000e+15 -6.277615798943623200e+16 6.863451106325396000e+15 4.468983686347164000e+16 -4.289792325908458000e+15 5.555314519041339000e+15 7.715463016833352000e+15 -4.589962546397002400e+16 6.194506940102217000e+15 6.155988484269736000e+16 5.128224195006483000e+15 9.180149524404076000e+15 4.719483683253876000e+15 6.106572027821975000e+15 3.526611113836046000e+16 2.119765441065195600e+16 3.189971935258601600e+17 2.254079780366874400e+16 7.960223944219818000e+15 1.802136348976653200e+16 1.507522349247974750e+15 1.753178391741470000e+16
5.290333419600888062e+10 -7.298044836369157410e+10 -4.709158264783396149e+10 4.337953771589891052e+10 -3.989809127493126678e+10 4.358122956432604980e+10 1.317130368237765350e+11 1.967599566954160767e+11 9.440501218893731689e+10 4.800722411549586487e+10 1.522822868278025246e+10 1.188804659199484634e+10 3.157531718398549271e+10 4.387095094790084076e+10 4.214947776771111298e+10 5.407644154976136780e+10 1.810345990833473206e+10 -2.514686452637322426e+09 1.103286045129427910e+10 7.327148550632058144e+09 1.309594946038496208e+10 1.230719676527739906e+10 1.793187198829636002e+10 1.480134449431882668e+10 1.742196498937650681e+10 1.914364885054457474e+10 -7.341559626751351357e+09 7.233129510338866711e+08 2.008306854759577942e+10 1.155218537609198189e+10 1.620547909070363235e+10 1.642288871796378708e+10 9.576886081008457184e+09 6.603206201531885147e+09 9.027503846859840393e+09 8.255413666490756035e+09 9.581404242844484329e+09 3.692403431102890015e+09 5.661125414626921654e+09 2.562740336922868729e+09 2.860036122415174484e+09 1.090651529502476120e+10 1.273871665232912445e+10 7.637482222669722557e+09 6.344161128755641937e+09 4.916521370874194560e+17 2.090322803350469120e+17 7.677318017829990400e+16 1.169607551740188960e+17 4.671756260527061760e+17 -1.089065430750213600e+17 3.698010864270129600e+16 3.363817109355975600e+16 1.406296831577698200e+16 4.641921591526558400e+16 -4.365119508339171840e+17 3.018039097410542800e+16 5.972523260118529000e+15 2.027713293838284800e+16 6.505230176102103200e+16 1.944853948454325200e+16 3.907816278602392800e+16 3.942258180699850400e+16 3.899220328114433600e+16 -4.397400760001626880e+17 -1.184373817070320000e+16 1.090207045840190600e+16 2.987283080787846000e+15 -9.621703426448694000e+15 1.472692427965671750e+15 1.586415806752631400e+16 4.123382773638790400e+16 6.321381728356115200e+16 2.985378407880497600e+16 1.214312559580525000e+15 5.741865619095547200e+16 1.917240935527868800e+16 1.819413375983900800e+17 3.822953882095983200e+16 2.484366462983401600e+17 2.825236165318193600e+16 1.374801855005872400e+16 2.592261909235990400e+16 -3.194496828711837000e+15 1.129935732426574400e+16 1.038999910438151000e+16 3.112268621345065600e+16 2.111825657730689200e+16 7.871305432159104000e+15 2.289210043927868000e+15 1.686860628377864000e+16 1.690563783134970400e+16 5.628182900459553000e+15 1.934229349230247200e+16 1.958756664828449600e+17 2.470871266239040960e+17 2.041942770597507600e+16 3.914354447933974400e+16 -3.371128129339248640e+17 -2.412005402680781600e+16 8.384231630102407500e+14 2.532735277435488000e+16 1.102865568606412000e+16 -2.763042292303569600e+16 -1.815408408627078400e+16 8.124311485540386000e+15 1.401346404166859600e+16 1.111273912775333600e+16 -2.417240492611613125e+14 4.869085482481212800e+16 8.428309935078025000e+15 5.418520628143667000e+15 2.231218577664459600e+16 -9.735180396368598000e+15 7.001922003835153000e+15 -6.696833741464120000e+15 5.607522506897093600e+16 8.045666397671009600e+16 -9.170149871677932800e+16 1.958217940083596800e+16 3.043378836317120400e+16 4.609590633139567000e+15 1.940470579289012400e+16 -7.962489200603808000e+15 1.300736272902760500e+15 2.158518423604611600e+16 9.117567378770804000e+15 -9.847982014169802000e+15 6.071118143219207000e+15 1.569974446766356200e+16 2.437601561581187200e+16 3.161022706023853600e+16 1.588251006623461800e+16 -2.822283093708731000e+15 1.364230999518854600e+16 3.167582355967871600e+16 4.142996703428049000e+15 2.254079780366874400e+16 2.222588189619632000e+17 2.873791771156829600e+16 1.209821246497818200e+16 1.344790902264539200e+16 3.410701428601560000e+16
4.846681171590864868e+11 8.828027407904382324e+10 3.788997191879700470e+10 8.860725637007078171e+09 4.387014864107432556e+10 -3.491831882019733429e+10 -1.880830866957068634e+10 -1.730603917051429367e+10 7.885973991609191895e+10 1.076728988073696136e+11 6.138893909755608368e+10 5.455629198572703600e+08 1.042225506526930428e+10 1.219024039842027473e+10 6.171255995254662323e+10 7.758507177068231201e+10 5.146324567624581909e+10 2.059323105472670794e+09 6.704138444214073181e+09 1.007363296502393723e+10 1.345375346120116997e+10 6.545361627527844429e+09 4.719325391056161880e+09 3.693491897133757591e+09 7.357340845431816101e+09 1.211362916717009163e+10 8.392786246208276749e+09 2.745322426110141754e+09 2.022123689354142189e+09 1.144447769793764353e+09 7.237957932059330940e+09 6.455079543842411041e+09 8.833230457769046783e+09 3.724978891196841240e+09 -3.477340435007971525e+08 3.091091901506243706e+09 3.385165729221528053e+09 -2.693546695846339464e+08 3.172416857433372974e+09 1.290342111724159241e+09 2.351562005012485027e+09 7.634912863991431236e+09 2.687340230210077286e+09 5.311891502926160097e+08 4.444839861165525436e+09 2.559643402217370800e+16 1.986653359702523840e+17 2.499060481195698000e+16 2.702597424009477440e+17 -5.565723216413313280e+17 -1.229144380785562080e+17 3.151461209730350000e+16 3.386128041841635600e+16 -2.520159033948672000e+16 -3.588755734513951600e+16 -1.814520934472248960e+17 -4.041076618642392000e+16 6.866752427393870400e+16 3.954277344374137000e+15 3.924416648292808750e+14 3.719878477582349600e+16 1.797738705734425600e+16 -2.267759760647048800e+16 8.536723146350519000e+15 -3.523689732224079360e+17 -1.776429285269817600e+17 -1.780744826136190500e+15 -4.659774051840422000e+15 -4.216599235647502400e+16 9.190896430523036000e+15 -6.177402491079035000e+15 -5.031720362708638000e+15 3.631797497250688000e+15 3.079011532269037000e+15 2.488739063508835200e+16 9.460305036845101250e+14 1.876589502218478800e+16 1.189649441247826880e+17 -3.609996196245560800e+16 1.477282935560185920e+17 1.830401518691985200e+16 -1.554171169075302500e+14 -5.921589283209761000e+15 5.168290247010073600e+16 -8.693125808066571000e+15 2.811113174855198000e+15 2.203544224871335750e+15 2.599054540153251200e+16 -1.200120505409269800e+16 9.886827018180108000e+15 -6.509325183892148000e+15 3.151527549926170625e+14 1.361507725726151600e+16 2.216075395798967600e+16 1.048190742881162080e+17 1.703897542973402560e+17 2.797053261453785600e+16 5.118495332229337000e+15 1.351028003231262600e+16 -2.010876207166446500e+15 7.354397538242113000e+15 8.716799586423492000e+15 2.379593465194000800e+16 1.166680523458122000e+16 1.751782774735776000e+15 -1.493374888284520000e+16 7.632107655068557000e+15 7.040605345281414000e+15 7.090297024809016000e+15 -1.588168004202943200e+16 -1.692064474676299600e+16 -1.111014872294915800e+16 -1.389753636436715750e+15 1.755497171972462000e+16 7.678836669970396000e+15 1.378278284362447250e+15 5.268092967302565600e+16 1.359501821446721000e+16 -4.592074546731941600e+16 2.831883700602363600e+16 1.918320811241385600e+16 9.944884252126562000e+15 -2.617417319944269200e+16 1.667136980381373600e+16 4.503315479098955500e+15 1.251497671805040200e+16 2.126153786650177200e+16 5.465351303441600000e+15 1.941927341806564000e+16 1.313318734373844400e+16 5.960066998453174000e+15 1.231254910691501400e+16 2.616029671477211200e+16 1.247012970540359400e+16 1.118835687548849000e+16 1.677868368492995400e+16 1.588809748755416400e+16 7.960223944219818000e+15 2.873791771156829600e+16 1.590416983090173120e+17 3.084568600002384800e+16 2.217161553637624000e+16 2.615785765226180400e+16
1.396682506582209473e+11 -1.280832050497693024e+11 -3.111958648794772720e+10 1.537127801329010773e+10 -2.841854558226329041e+10 -1.478143336422284889e+10 -3.985876812312966156e+10 -3.193793598962887955e+10 2.439587117627489471e+10 3.956295223471941376e+10 1.462200725166552162e+10 4.273441609290997314e+10 3.717320669358816528e+10 -5.811324908823358536e+09 3.756427238162492371e+10 7.944561287424421692e+10 6.115492954895794678e+10 1.425013960042568970e+10 6.469128195087541580e+09 8.192042206931316376e+09 3.278612941305330276e+09 9.060183848940713882e+09 1.608776829359189987e+10 1.049683442618741417e+10 2.847611278634072304e+09 -5.599179349650644064e+08 1.717325053191197157e+09 -3.159193128888931751e+09 7.372405765060032845e+09 5.199832984637657166e+09 3.275981229503432751e+09 -1.462091152829622746e+09 -1.744902213232277155e+09 3.759094506314735413e+09 6.032789689624306679e+09 4.045621457548625469e+09 2.880527029180378437e+09 1.182790307625916004e+09 1.082339087936804771e+09 5.262767406857712746e+09 8.281898598193508148e+09 1.026325955299022102e+10 2.781342295161078930e+09 3.360312364504400730e+09 -1.405911051117664203e+07 4.751309735833452800e+16 -2.151337987402940160e+17 -5.481236276490545600e+16 1.838794606942509760e+17 -1.190884948632022528e+18 -1.598167122253984960e+17 2.222104260849046400e+16 3.456159080901994400e+16 -3.133820657329622000e+16 -6.107004775434376000e+16 -7.222731210990206400e+16 -2.361990802633099600e+16 -1.441986328919789250e+15 8.106048097963223000e+15 -3.872260011721046400e+16 -3.032996770268967600e+16 -2.249288569826797200e+16 -4.409078428009610400e+16 -7.808860170471148750e+14 -2.722260332079156480e+17 -7.221272978594217600e+16 5.275984753374361000e+15 -2.113646607131218400e+16 -8.655743767842389062e+13 -1.017504776492249000e+16 -1.796820760933404250e+15 1.217574571500486600e+16 5.521995464091189000e+15 -1.374489324591487800e+16 -1.606617997704984375e+14 -3.523865956733372500e+15 2.766715326453160400e+16 -5.569458430002301600e+16 -2.655954592535710800e+16 -4.888573119739890400e+16 2.351996291690299200e+16 3.082169733133053600e+16 -1.379165752329570800e+16 4.441456028077224000e+16 1.676428231928849800e+16 6.366170749892028000e+15 8.365824277825632000e+15 8.943049076216388000e+15 1.376003075545955250e+15 2.495137630401369000e+15 6.914543409840403000e+15 2.931106590520540625e+14 1.365160826096739000e+16 1.236029704118786200e+16 7.961064846092835000e+15 7.667242753536030400e+16 5.194908164011243000e+15 1.566998512265644800e+16 -1.297288229813730880e+17 -1.693105145604822000e+16 3.440532166392619000e+15 3.474570355190616000e+15 1.046469468099526400e+16 1.208160556842553000e+16 4.933192536035121000e+15 2.670926035260367000e+15 1.057656739845371600e+16 7.240485140202525000e+15 1.448342100429370400e+16 -1.315166022344142000e+16 1.913190693005335000e+15 3.605157002127091500e+15 -1.280594902598055312e+14 -7.297503337124584000e+15 8.158264668827316000e+15 1.483948438933148000e+16 -1.136778789214148480e+17 1.464397260460226600e+16 -7.419398652678126400e+16 1.195091633512913400e+16 1.030845912181529600e+16 1.356186922250383200e+16 -2.943193109757598000e+16 1.294351778602220200e+16 9.159388902543456000e+15 1.639943442304723200e+16 1.070302164547516400e+16 1.065080026322514400e+16 -2.230018906725962000e+16 1.480993749232899400e+16 2.355301791928556400e+16 7.429922634569934000e+15 1.331769715531685400e+16 2.278509737613578000e+16 9.978725560096764000e+15 3.643978384640770000e+14 2.506450487760959600e+16 1.802136348976653200e+16 1.209821246497818200e+16 3.084568600002384800e+16 1.427283838224092000e+17 3.145930581801360400e+16 3.320302219241861200e+16
1.825053075454970093e+11 6.082064975930347443e+10 2.251346104152597809e+10 6.815180319191980743e+10 -3.080223568141014099e+10 -2.816275952452466011e+09 -7.333819033464480400e+09 -9.854989159334506989e+09 5.404175616098985291e+10 5.160955213610157776e+10 2.096540268395845413e+10 -4.572924078846996307e+09 3.243671985959228897e+10 5.082515245891492462e+10 7.164294343910682678e+10 6.859019853362366486e+10 3.801826859048526001e+10 7.108390165224187851e+09 -1.170353823930167437e+09 4.532832942459798455e+08 1.364375820900466537e+10 1.032552274793854833e+09 2.411850317532122135e+09 4.560617554725070953e+09 1.612892643504541636e+09 6.686685791518228531e+09 6.121468633384793282e+09 4.337014874076897621e+09 6.179772799197918892e+09 1.022075408494421387e+10 5.739458314181956291e+09 5.738440717200977325e+09 1.422441623682707071e+09 -2.349793542491058826e+09 3.192717701356072903e+09 3.057267622060727119e+09 8.515043380708093643e+09 9.206310717863428116e+09 -1.338876011580515862e+09 -2.598319247591927528e+09 1.658692128041354418e+09 3.621715693344959259e+09 2.511952214559273720e+09 1.178622386952141523e+09 2.791700625674945354e+09 2.741106449819860000e+16 1.430465861883662400e+17 8.974707241837764800e+16 1.669064703772997200e+16 -1.343925860081116928e+18 -2.047540020573734000e+16 -2.539172084653280400e+16 -6.230433300311096000e+15 -2.123734889743093438e+14 5.845984112113669600e+16 3.792875273919968000e+17 -1.222364238437997400e+16 3.007820241260008000e+16 -1.162920634707302800e+16 -3.558476275171404000e+16 3.486131583965589200e+16 3.176619206729420500e+15 -1.380916491574779400e+16 2.398042595797204800e+16 -2.542564478923889280e+17 4.550847748781669600e+16 1.661311003248312800e+16 2.122032281778816875e+14 -9.346935313619926000e+15 1.128179824473812800e+16 -3.003623097354440500e+15 7.265269683466195000e+15 -9.852891782077686000e+15 -6.283569666131784000e+15 1.098973644733308600e+16 -2.850293795236183500e+15 7.914774521684880000e+15 -5.819985362159557600e+16 -1.151175465288919000e+16 -1.726782684511571250e+15 -1.208967548042420000e+16 2.328039562924767969e+13 -6.440434783898354000e+15 4.442466964711320800e+16 3.076829225780927000e+15 1.996288931227351750e+15 7.038985457010664000e+15 1.572568533262406000e+16 7.665273504934427000e+15 8.722383647221577000e+15 1.028657301885459500e+15 5.429105347305722000e+15 2.948044306343142000e+15 1.544331406635079750e+15 -3.934808034005325600e+16 -1.260293778572570080e+17 1.437037301297805400e+16 -3.232464094284554000e+15 1.817566247898187250e+15 1.884532174063600750e+15 7.794262661093804000e+15 7.916780100209259000e+15 7.053198163238094000e+15 2.847972176152820000e+16 1.121469340281682800e+16 -5.635649310011436250e+14 2.851220201799772500e+15 1.007912468220925000e+16 2.356312784628275000e+15 -9.159536221996244000e+15 4.745788743948321000e+15 4.134494248756348000e+15 3.781008111070351500e+15 1.221750002675332200e+16 1.162220289288890800e+16 6.334463913150904000e+15 -1.043045460913365800e+16 3.454087191939954500e+15 2.163454750686120400e+16 1.215190104812385600e+16 5.522984969032802000e+15 9.619326672729730000e+15 1.830548043879228400e+16 9.171350805496036000e+15 4.212531553157798000e+15 9.151080297545962000e+15 1.420066299276526400e+16 4.656408782474494000e+15 8.528598589488592000e+15 1.457667572221386800e+16 1.040796205303315000e+16 1.741234095070862800e+16 1.461157569745817400e+16 1.261865451038812400e+16 2.901388557342046000e+16 1.299882715832096200e+16 1.202946250188114000e+16 1.507522349247974750e+15 1.344790902264539200e+16 2.217161553637624000e+16 3.145930581801360400e+16 1.184420141764156800e+17 5.940766913563109600e+16
6.456369242003404541e+11 8.193692395903816223e+10 6.810367860224098206e+10 -9.789163459626484680e+10 5.568767370804200745e+10 7.551565299585369873e+10 -7.784096672534664917e+10 -2.079684848822707748e+10 5.707244414552651215e+10 6.321844680546214104e+09 9.065216805588056564e+09 -1.412822313121256256e+10 -5.898251818865965843e+09 2.545770286466403580e+10 8.798991428559106445e+10 8.139300346535800171e+10 2.224471274562826157e+10 -2.717181077770963669e+10 5.133679724177622795e+09 1.456260120747122192e+10 1.248950735364486694e+10 2.379572374771791458e+10 9.029595296501493454e+09 4.126779576372184277e+09 1.306975007185254097e+10 2.020197059237159729e+10 7.329813621661900520e+09 -5.440149106565563202e+09 -1.840968684425229073e+09 -9.141960210869403839e+09 3.259078754709067822e+09 3.213443303960128307e+09 1.420148557019618511e+09 1.571847305352957249e+09 -1.351109178922661245e+08 1.736522112906092405e+09 1.255329681951124001e+10 8.599818334226775169e+08 1.176101061466121101e+10 1.213798042339350128e+10 -4.989546543361910820e+09 8.049118140081189871e+08 1.557876339873728514e+09 2.043214805787049532e+09 -2.390289746110220432e+09 6.002698218684451840e+17 -1.419795470666495520e+17 1.183471458511630720e+17 9.048094006339384000e+16 -8.097649366196157440e+17 3.923124401548893600e+16 -1.803241893545771520e+17 7.690120916765857600e+16 1.183779922348927750e+15 -1.801562076230887360e+17 1.778641668914741760e+17 5.588939705374494400e+16 -1.045743376177474560e+17 1.644387672660212000e+16 4.085155767385965000e+15 1.446443139981994240e+17 -5.960360495253108800e+16 1.858882854609923600e+16 1.853901221892673200e+16 5.586880172724801600e+16 -8.511829776283584000e+17 1.116272664524271040e+17 3.804191021143886400e+16 1.089851871271512960e+17 -2.492231908349673200e+16 1.767291186780343000e+15 1.189876102787668200e+16 -2.813099781551734400e+16 -7.996144325780414000e+15 1.698884687368403200e+16 -1.147710738466091000e+16 -1.943416662485346800e+16 -7.627590275138876800e+16 -1.775575242972725600e+16 4.260084891183143040e+17 4.348840955788799200e+16 -4.630456204260587000e+15 -1.531355777367929000e+16 8.230554574527758000e+15 -3.321688762112077200e+16 4.090586260695635500e+15 1.760458845586139800e+16 -2.397167641167728000e+15 2.695509761956038000e+16 -1.950525177941388000e+16 -1.226146795798378250e+15 -6.000882014963591000e+15 8.373921003997766000e+15 2.381736195059548800e+16 2.516610003260328320e+17 1.148838016831543840e+17 6.711169350083566400e+16 5.827121833025950400e+16 1.422378403673189600e+17 -1.904949803651970000e+15 1.612409209270420000e+16 1.321009515685647800e+16 1.054328807961742400e+16 2.378782581997006500e+15 -2.985636674284835600e+16 8.286755726991149000e+15 5.955387122335578000e+15 -1.607335691566319500e+15 7.883198916842886000e+15 4.196589111420028000e+16 -1.532690414625202600e+16 3.643739723808185938e+13 -6.941469384874958000e+15 6.547357692840987000e+15 1.570840863518014062e+14 -1.343144178290478600e+16 1.455361706849780160e+17 4.102024697375920800e+16 9.661119744597860800e+16 3.072155753104731500e+15 4.967951508461073000e+15 1.489901898519700800e+16 -1.089221246287460000e+16 -1.699793348436515250e+15 -2.324310664907908000e+15 9.717368981650974000e+15 2.009664142321748800e+16 1.292409664549767600e+16 5.456136039089232000e+16 -7.121748668381460000e+15 3.935448266109867000e+15 1.467613987687615400e+16 1.428756001142602600e+16 1.257090956381374200e+16 1.228793545691698800e+16 1.079796977176341280e+17 1.096300990744737400e+16 1.753178391741470000e+16 3.410701428601560000e+16 2.615785765226180400e+16 3.320302219241861200e+16 5.940766913563109600e+16 5.472614121581718400e+17
