{"poles": {"dims": ["k"], "edges": [{"__dtype__": "<f8", "__shape__": [56], "__data__": [0.0, 0.005, 0.01, 0.015, 0.02, 0.025, 0.03, 0.035, 0.04, 0.045, 0.05, 0.055, 0.06, 0.065, 0.07, 0.075, 0.08, 0.085, 0.09, 0.095, 0.1, 0.105, 0.11, 0.115, 0.12, 0.125, 0.13, 0.135, 0.14, 0.145, 0.15, 0.155, 0.16, 0.165, 0.17, 0.17500000000000002, 0.18, 0.185, 0.19, 0.195, 0.2, 0.20500000000000002, 0.21, 0.215, 0.22, 0.225, 0.23, 0.23500000000000001, 0.24, 0.245, 0.25, 0.255, 0.26, 0.265, 0.27, 0.275]}], "coords": [{"__dtype__": "<f8", "__shape__": [55], "__data__": [0.0025, 0.0075, 0.0125, 0.0175, 0.0225, 0.0275, 0.0325, 0.037500000000000006, 0.042499999999999996, 0.0475, 0.052500000000000005, 0.057499999999999996, 0.0625, 0.0675, 0.07250000000000001, 0.0775, 0.0825, 0.0875, 0.0925, 0.0975, 0.10250000000000001, 0.1075, 0.1125, 0.1175, 0.1225, 0.1275, 0.1325, 0.1375, 0.14250000000000002, 0.1475, 0.1525, 0.1575, 0.1625, 0.1675, 0.17250000000000001, 0.1775, 0.1825, 0.1875, 0.1925, 0.1975, 0.2025, 0.20750000000000002, 0.2125, 0.2175, 0.2225, 0.2275, 0.2325, 0.2375, 0.2425, 0.2475, 0.2525, 0.2575, 0.2625, 0.2675, 0.2725]}], "data": {"__dtype__": [["k", "<f8"], ["power_0", "<c8"], ["modes", "<i8"]], "__shape__": [55], "__data__": [[0.00381582870963149, {"__complex__": [59946.09375, -1.4407836631657317e-13]}, 101], [0.008101265444645324, {"__complex__": [91216.46875, -1.5817299455888473e-13]}, 690], [0.012881094428097399, {"__complex__": [118515.0703125, -2.1924438176404437e-14]}, 1846], [0.01776898906732117, {"__complex__": [109815.0625, -5.275373711542512e-14]}, 3586], [0.022691540015953332, {"__complex__": [104205.015625, 4.648184099989919e-14]}, 5870], [0.027646924733755237, {"__complex__": [100062.2265625, -3.7990244224116523e-14]}, 8810], [0.03262381701015117, {"__complex__": [94779.2421875, 4.73309983057852e-15]}, 12298], [0.03761603546573974, {"__complex__": [93034.2578125, 8.862311438939468e-16]}, 16420], [0.042615513382507485, {"__complex__": [91391.8828125, 9.676394275149984e-15]}, 21054], [0.04759756059586297, {"__complex__": [89978.125, -2.3361380443510417e-14]}, 26162], [0.05257971257242345, {"__complex__": [86999.1640625, -5.908761232576755e-15]}, 32016], [0.05757077253850946, {"__complex__": [88161.3203125, -1.4199022511961808e-14]}, 38432], [0.06256656704432612, {"__complex__": [88826.09375, -4.800710847461306e-15]}, 45468], [0.06756224221830869, {"__complex__": [85728.03125, -1.6506256404020744e-14]}, 52896], [0.07255395967994632, {"__complex__": [85083.3046875, 2.799636590670963e-15]}, 61074], [0.077549843044251, {"__complex__": [84158.0, 4.58656355422e-15]}, 69800], [0.08254670444516676, {"__complex__": [82952.2421875, -7.913650949278005e-15]}, 79070], [0.0875450730828665, {"__complex__": [80820.1796875, -5.636983935186635e-15]}, 89062], [0.09254706284502398, {"__complex__": [79889.7265625, -3.0702710288570004e-15]}, 99532], [0.09754654727165055, {"__complex__": [77800.8984375, -4.469518000469559e-15]}, 110456], [0.10254482204994865, {"__complex__": [77897.2578125, -5.955113443019132e-17]}, 122180], [0.10754221436417905, {"__complex__": [76964.8203125, -1.0441025739713018e-15]}, 134146], [0.11253731368411114, {"__complex__": [76930.859375, -1.385519638032e-15]}, 147040], [0.11753494034207632, {"__complex__": [76276.625, -1.7234727608549019e-15]}, 160424], [0.12253330115342949, {"__complex__": [75998.8359375, 4.507252471236791e-15]}, 174342], [0.12753356291363982, {"__complex__": [75658.640625, 4.6177009088775416e-15]}, 189080], [0.13253370854762594, {"__complex__": [74838.8828125, 1.6411558755792424e-15]}, 203938], [0.13752961459817578, {"__complex__": [74958.875, 1.7072397979372468e-15]}, 219484], [0.1425281107820362, {"__complex__": [73936.046875, 1.0784583361910546e-15]}, 236132], [0.1475274145760076, {"__complex__": [73567.5390625, 4.766162491125171e-15]}, 252650], [0.1525290822685407, {"__complex__": [73991.359375, -4.08658965160894e-15]}, 270628], [0.1575299612384668, {"__complex__": [73742.6875, 4.44518359092789e-15]}, 288080], [0.16252169358652926, {"__complex__": [73808.0078125, -9.03367308631171e-16]}, 306062], [0.16752062292264278, {"__complex__": [73269.2890625, -9.354649868926622e-16]}, 326672], [0.1725228620785395, {"__complex__": [73270.921875, 2.7063750868047123e-15]}, 345466], [0.1775209487576261, {"__complex__": [72955.921875, 0.0]}, 366180], [0.1825256448391732, {"__complex__": [73332.875, 1.5950615072599659e-16]}, 387732], [0.18752632321603607, {"__complex__": [72962.5625, 1.518120634221411e-15]}, 407982], [0.19252140078705848, {"__complex__": [72979.9375, 8.96191351381151e-16]}, 430294], [0.19751872595109427, {"__complex__": [72209.375, 8.1890531241659e-16]}, 453134], [0.20251834237475713, {"__complex__": [72404.890625, -1.6642241826230028e-15]}, 476546], [0.2075189401846281, {"__complex__": [72448.1015625, -2.1958636708133356e-15]}, 500336], [0.21252015430968035, {"__complex__": [71961.8203125, -3.3259113956898606e-16]}, 525038], [0.21752001193636755, {"__complex__": [71895.421875, 4.847777503724912e-15]}, 549324], [0.22251920952356846, {"__complex__": [71803.78125, 1.0273312157365482e-15]}, 575444], [0.22751862790843796, {"__complex__": [71623.0625, 1.6460949246946822e-15]}, 601138], [0.23251697255054365, {"__complex__": [71747.1328125, 3.4760528163254627e-17]}, 627950], [0.23751700822531546, {"__complex__": [71477.4296875, 2.9075509174917658e-15]}, 655638], [0.24251727793025477, {"__complex__": [71627.2578125, -1.4910491435898084e-15]}, 683166], [0.24751389003994526, {"__complex__": [71728.546875, -1.2716806333825086e-15]}, 710900], [0.2525134489582163, {"__complex__": [71597.6015625, 2.119228153152266e-15]}, 741594], [0.2575160115814785, {"__complex__": [71530.0390625, 1.3693796369803062e-16]}, 770432], [0.2625147120015445, {"__complex__": [70968.4140625, 3.148118121269999e-16]}, 800256], [0.2675154267702453, {"__complex__": [71663.6484375, 1.2765666370596267e-15]}, 832146], [0.2725162642594614, {"__complex__": [71322.578125, -5.494537557413932e-16]}, 862396]]}, "attrs": {"poles": [0], "dk": 0.005, "kmin": 0.0, "kmax": null, "Nmesh": {"__dtype__": "<i8", "__shape__": [3], "__data__": [512, 512, 512]}, "BoxSize": {"__dtype__": "<f8", "__shape__": [3], "__data__": [2665.0, 5797.0, 2969.0]}, "BoxPad": {"__dtype__": "<f8", "__shape__": [3], "__data__": [0.1, 0.1, 0.1]}, "BoxCenter": {"__dtype__": "<f8", "__shape__": [3], "__data__": [2582.6659631740176, 44.45818371950327, 890.4509743382112]}, "mesh.resampler": "tsc", "mesh.interlaced": true, "alpha": 0.05013103693181818, "data.norm": 1.8463375190492368, "randoms.norm": 1.8431279202646422, "shotnoise": 70379.97373668331, "first.data.N": 141169, "first.data.W": 141169.0, "first.data.W2": 125833.21218197497, "first.data.num_per_cell": 0.0009375304891316218, "first.randoms.N": 2816000, "first.randoms.W": 2816000.0, "first.randoms.W2": 2508954.182162565, "first.randoms.num_per_cell": 0.0186931653481913, "first.data.ext": 1, "first.randoms.ext": 1, "second.data.N": 141169, "second.data.W": 141169.0, "second.data.W2": 132883.14338615537, "second.data.num_per_cell": 0.000990056569771136, "second.randoms.N": 2816000, "second.randoms.W": 2816000.0, "second.randoms.W2": 2645625.888250053, "second.randoms.num_per_cell": 0.019711448909715212, "second.data.ext": 1, "second.randoms.ext": 1}}, "attrs": {"poles": [0], "dk": 0.005, "kmin": 0.0, "kmax": null, "Nmesh": {"__dtype__": "<i8", "__shape__": [3], "__data__": [512, 512, 512]}, "BoxSize": {"__dtype__": "<f8", "__shape__": [3], "__data__": [2665.0, 5797.0, 2969.0]}, "BoxPad": {"__dtype__": "<f8", "__shape__": [3], "__data__": [0.1, 0.1, 0.1]}, "BoxCenter": {"__dtype__": "<f8", "__shape__": [3], "__data__": [2582.6659631740176, 44.45818371950327, 890.4509743382112]}, "mesh.resampler": "tsc", "mesh.interlaced": true, "alpha": 0.05013103693181818, "data.norm": 1.8463375190492368, "randoms.norm": 1.8431279202646422, "shotnoise": 70379.97373668331, "first.data.N": 141169, "first.data.W": 141169.0, "first.data.W2": 125833.21218197497,