{"poles": {"dims": ["k"], "edges": [{"__dtype__": "<f8", "__shape__": [46], "__data__": [0.0, 0.005, 0.01, 0.015, 0.02, 0.025, 0.03, 0.035, 0.04, 0.045, 0.05, 0.055, 0.06, 0.065, 0.07, 0.075, 0.08, 0.085, 0.09, 0.095, 0.1, 0.105, 0.11, 0.115, 0.12, 0.125, 0.13, 0.135, 0.14, 0.145, 0.15, 0.155, 0.16, 0.165, 0.17, 0.17500000000000002, 0.18, 0.185, 0.19, 0.195, 0.2, 0.20500000000000002, 0.21, 0.215, 0.22, 0.225]}], "coords": [{"__dtype__": "<f8", "__shape__": [45], "__data__": [0.0025, 0.0075, 0.0125, 0.0175, 0.0225, 0.0275, 0.0325, 0.037500000000000006, 0.042499999999999996, 0.0475, 0.052500000000000005, 0.057499999999999996, 0.0625, 0.0675, 0.07250000000000001, 0.0775, 0.0825, 0.0875, 0.0925, 0.0975, 0.10250000000000001, 0.1075, 0.1125, 0.1175, 0.1225, 0.1275, 0.1325, 0.1375, 0.14250000000000002, 0.1475, 0.1525, 0.1575, 0.1625, 0.1675, 0.17250000000000001, 0.1775, 0.1825, 0.1875, 0.1925, 0.1975, 0.2025, 0.20750000000000002, 0.2125, 0.2175, 0.2225]}], "data": {"__dtype__": [["k", "<f8"], ["power_0", "<c8"], ["modes", "<i8"]], "__shape__": [45], "__data__": [[0.0038124604949970986, {"__complex__": [79178.1796875, -2.178430369035797e-13]}, 167], [0.008045304719267473, {"__complex__": [108327.5390625, 3.3622724830012496e-13]}, 1082], [0.012809912756659051, {"__complex__": [114058.3046875, -6.827305783435947e-14]}, 2984], [0.017715433309244185, {"__complex__": [111669.9453125, 5.0127162484888896e-14]}, 5806], [0.022669091647761614, {"__complex__": [101033.515625, 2.0463631603042515e-14]}, 9600], [0.02765002119246127, {"__complex__": [96711.0859375, 0.0]}, 14374], [0.03263290233536856, {"__complex__": [96938.65625, 1.1656686155062969e-14]}, 19974], [0.03761272013936665, {"__complex__": [92084.1015625, -1.6429228921863333e-15]}, 26572], [0.04260175757545894, {"__complex__": [91830.4375, -1.318339358578717e-14]}, 34218], [0.047587548630681535, {"__complex__": [87917.1953125, 9.677298059304704e-15]}, 42480], [0.052570104151228036, {"__complex__": [86189.8125, 2.5845855132749368e-14]}, 52080], [0.05756944955461065, {"__complex__": [83709.6875, 2.0457673573291528e-14]}, 62596], [0.06257077522949148, {"__complex__": [83580.4296875, 7.884225554085982e-16]}, 73828], [0.06756176768890902, {"__complex__": [83030.3046875, -4.571069627548824e-15]}, 85954], [0.07255121859525904, {"__complex__": [80808.8203125, 1.3211398400847529e-15]}, 99132], [0.07755262400137602, {"__complex__": [80312.7734375, -4.826940493222456e-15]}, 113806], [0.08255332089930578, {"__complex__": [77394.1015625, 1.0716520241192164e-14]}, 128406], [0.08755113966916353, {"__complex__": [78144.859375, 9.247224703632859e-15]}, 144776], [0.0925464539210429, {"__complex__": [76317.609375, 3.472257407272604e-15]}, 161350], [0.0975407696852722, {"__complex__": [75217.015625, 4.782334891187097e-15]}, 179528], [0.10253936843338714, {"__complex__": [73810.5078125, -1.8331967735675135e-15]}, 198450], [0.10753330829635703, {"__complex__": [73737.3671875, -8.015228728499516e-16]}, 217864], [0.11253145908249744, {"__complex__": [73642.8359375, 7.661270706380008e-15]}, 239326], [0.11753431416740862, {"__complex__": [73348.3515625, 3.2358666053199266e-15]}, 260830], [0.12253334462183928, {"__complex__": [72574.7578125, -1.9519258053006224e-15]}, 283296], [0.12753220666506468, {"__complex__": [72140.6875, 5.401320311019175e-15]}, 307132], [0.13253184583720862, {"__complex__": [71823.34375, 2.458331017321947e-15]}, 331488], [0.1375304034136141, {"__complex__": [71870.25, -7.336689163299818e-16]}, 357020], [0.1425296880354727, {"__complex__": [71480.234375, 1.36592098969843e-15]}, 383528], [0.1475269696696561, {"__complex__": [70686.6484375, 3.0489469744098734e-15]}, 410458], [0.15252572158497293, {"__complex__": [70619.8671875, -2.7810382882481003e-15]}, 439534], [0.15752614553798203, {"__complex__": [70081.265625, -4.257835573104763e-15]}, 468222], [0.16252439198132457, {"__complex__": [69732.71875, -2.2908910266163747e-15]}, 498638], [0.1675237007706474, {"__complex__": [69926.015625, -7.964171700021395e-16]}, 529880], [0.1725250298734758, {"__complex__": [69542.3671875, 3.857109367956437e-15]}, 562140], [0.1775249124979596, {"__complex__": [69781.4921875, -1.223076082924044e-15]}, 594890], [0.18252291001219376, {"__complex__": [69580.1328125, -9.258887500283603e-16]}, 628668], [0.18752197500191278, {"__complex__": [69102.9140625, -2.3505615331351247e-15]}, 663966], [0.19252241149897908, {"__complex__": [68877.9453125, 1.7723116218024007e-15]}, 699962], [0.19752275891621854, {"__complex__": [69324.0078125, 2.0548919774018024e-15]}, 736486], [0.202520204709918, {"__complex__": [68847.171875, -7.05154928589205e-16]}, 773868], [0.2075192312193462, {"__complex__": [68589.8046875, -1.9770504965820794e-15]}, 813326], [0.21252078094835136, {"__complex__": [68369.875, -1.4672709170571304e-15]}, 852920], [0.217518623332359, {"__complex__": [68532.90625, -1.2085617498563679e-15]}, 892516], [0.22251541035688588, {"__complex__": [68626.3984375, 7.398040818460631e-16]}, 934323]]}, "attrs": {"poles": [0], "dk": 0.005, "kmin": 0.0, "kmax": null, "Nmesh": {"__dtype__": "<i8", "__shape__": [3], "__data__": [512, 512, 512]}, "BoxSize": {"__dtype__": "<f8", "__shape__": [3], "__data__": [3432.0, 7192.0, 3020.0]}, "BoxPad": {"__dtype__": "<f8", "__shape__": [3], "__data__": [0.1, 0.1, 0.1]}, "BoxCenter": {"__dtype__": "<f8", "__shape__": [3], "__data__": [-1750.1629678974402, 35.39290098772153, 1912.171961766124]}, "mesh.resampler": "tsc", "mesh.interlaced": true, "alpha": 0.04993825192093001, "data.norm": 1.7925764414222605, "randoms.norm": 1.7965809227230685, "shotnoise": 66748.09743644427, "first.data.N": 240075, "first.data.W": 240075.0, "first.data.W2": 206852.16882053434, "first.data.num_per_cell": 0.0015411687554458852, "first.randoms.N": 4807437, "first.randoms.W": 4807437.0, "first.randoms.W2": 4143938.155815553, "first.randoms.num_per_cell": 0.03087474521857167, "first.data.ext": 1, "first.randoms.ext": 1, "second.data.N": 240075, "second.data.W": 240075.0, "second.data.W2": 122597.31162875812, "second.data.num_per_cell": 0.0009134211512562493, "second.randoms.N": 4807437, "second.randoms.W": 4807437.0, "second.randoms.W2": 2461211.5208428167, "second.randoms.num_per_cell": 0.018337454802116876, "second.data.ext": 1, "second.randoms.ext": 1}}, "attrs": {"poles": [0], "dk": 0.005, "kmin": 0.0, "kmax": null, "Nmesh": {"__dtype__": "<i8", "__shape__": [3], "__data__": [512, 512, 512]}, "BoxSize": {"__dtype__": "<f8", "__shape__": [3], "__data__": [3432.0, 7192.0, 3020.0]}, "BoxPad": {"__dtype__": "<f8", "__shape__": [3], "__data__": [0.1, 0.1, 0.1]}, "BoxCenter": {"__dtype__": "<f8", "__shape__": [3], "__data__": [-1750.1629678974402, 35.39290098772153, 1912.171961766124]}, "mesh.resampler": "tsc", "mesh.interlaced": true, "alpha": 0.04993825192093001, "data.norm": 1.7925764414222605, "randoms.norm": 1.7965809227230685, "shotnoise": 66748.09743644427, "first.data.N": 240075, "first.data.W": 240075.0, "first.data.W2": 206852.16882053434, "first.data.num_per_cell": 0.0015411687554458852, "first.randoms.N": 4807437, "first.randoms.W": 4807437.0, "first.randoms.W2": 4143938.155815553, "first.randoms.num_per_cell": 0.03087474521857167, "first.data.ext": 1, "first.randoms.ext": 1, "second.data.N": 240075, "second.data.W": 240075.0, "second.data.W2": 122597.31162875812, "second.data.num_per_cell": 0.0009134211512562493, "second.randoms.N": 4807437, "second.randoms.W": 4807437.0, "second.randoms.W2": 2461211.5208428167, "second.randoms.num_per_cell": 0.018337454802116876, "second.data.ext": 1, "second.randoms.ext": 1, "p": 1.6, "zmin": 0.8, "zmax": 2.2, "P0_FKP": 30000.0, "z-weighted": true, "hashkeys": ["Nmesh", "P0_FKP", "dk", "kmin", "mesh.window", "mesh.interlaced", "poles", "p", "BoxPad", "zmin", "zmax", "z-weighted"]}}