{"poles": {"dims": ["k"], "edges": [{"__dtype__": "<f8", "__shape__": [56], "__data__": [0.0, 0.005, 0.01, 0.015, 0.02, 0.025, 0.03, 0.035, 0.04, 0.045, 0.05, 0.055, 0.06, 0.065, 0.07, 0.075, 0.08, 0.085, 0.09, 0.095, 0.1, 0.105, 0.11, 0.115, 0.12, 0.125, 0.13, 0.135, 0.14, 0.145, 0.15, 0.155, 0.16, 0.165, 0.17, 0.17500000000000002, 0.18, 0.185, 0.19, 0.195, 0.2, 0.20500000000000002, 0.21, 0.215, 0.22, 0.225, 0.23, 0.23500000000000001, 0.24, 0.245, 0.25, 0.255, 0.26, 0.265, 0.27, 0.275]}], "coords": [{"__dtype__": "<f8", "__shape__": [55], "__data__": [0.0025, 0.0075, 0.0125, 0.0175, 0.0225, 0.0275, 0.0325, 0.037500000000000006, 0.042499999999999996, 0.0475, 0.052500000000000005, 0.057499999999999996, 0.0625, 0.0675, 0.07250000000000001, 0.0775, 0.0825, 0.0875, 0.0925, 0.0975, 0.10250000000000001, 0.1075, 0.1125, 0.1175, 0.1225, 0.1275, 0.1325, 0.1375, 0.14250000000000002, 0.1475, 0.1525, 0.1575, 0.1625, 0.1675, 0.17250000000000001, 0.1775, 0.1825, 0.1875, 0.1925, 0.1975, 0.2025, 0.20750000000000002, 0.2125, 0.2175, 0.2225, 0.2275, 0.2325, 0.2375, 0.2425, 0.2475, 0.2525, 0.2575, 0.2625, 0.2675, 0.2725]}], "data": {"__dtype__": [["k", "<f8"], ["power_0", "<c8"], ["modes", "<i8"]], "__shape__": [55], "__data__": [[0.00381582870963149, {"__complex__": [132188.09375, -7.20391845135393e-13]}, 101], [0.008101265444645324, {"__complex__": [120069.375, -2.952562510889073e-13]}, 690], [0.012881094428097399, {"__complex__": [116816.953125, 7.882944649687321e-14]}, 1846], [0.01776898906732117, {"__complex__": [115700.71875, 1.623191937306402e-14]}, 3586], [0.022691540015953332, {"__complex__": [107254.328125, 2.974837986623874e-14]}, 5870], [0.027646924733755237, {"__complex__": [110568.84375, -9.910498088145075e-15]}, 8810], [0.03262381701015117, {"__complex__": [103185.0859375, 3.0765148051727434e-14]}, 12298], [0.03761603546573974, {"__complex__": [102081.2578125, -2.6586934846213996e-15]}, 16420], [0.042615513382507485, {"__complex__": [96692.4296875, 2.764684199618988e-14]}, 21054], [0.04759756059586297, {"__complex__": [96014.1640625, -5.562233277591443e-15]}, 26162], [0.05257971257242345, {"__complex__": [93027.8203125, -1.8180803271292817e-14]}, 32016], [0.05757077253850946, {"__complex__": [91024.71875, 3.786405833783226e-15]}, 38432], [0.06256656704432612, {"__complex__": [91478.0859375, -2.4003555084339476e-14]}, 45468], [0.06756224221830869, {"__complex__": [87337.7890625, -1.7056465289634615e-14]}, 52896], [0.07255395967994632, {"__complex__": [87566.3515625, 1.238988126233808e-14]}, 61074], [0.077549843044251, {"__complex__": [85517.4765625, -3.335682661890268e-15]}, 69800], [0.08254670444516676, {"__complex__": [84552.96875, 1.904797357983514e-14]}, 79070], [0.0875450730828665, {"__complex__": [83250.5546875, 2.4508625690073283e-16]}, 89062], [0.09254706284502398, {"__complex__": [82393.6171875, -7.456372589406245e-15]}, 99532], [0.09754654727165055, {"__complex__": [80761.859375, -1.8444159367121335e-15]}, 110456], [0.10254482204994865, {"__complex__": [80128.390625, 5.716909117056603e-15]}, 122180], [0.10754221436417905, {"__complex__": [79699.6171875, -6.617169614716364e-15]}, 134146], [0.11253731368411114, {"__complex__": [78389.984375, 6.92759819016e-16]}, 147040], [0.11753494034207632, {"__complex__": [78165.8671875, 4.4447456748941596e-15]}, 160424], [0.12253330115342949, {"__complex__": [79413.609375, -1.878021968894448e-15]}, 174342], [0.12753356291363982, {"__complex__": [78703.984375, 8.23490005298546e-15]}, 189080], [0.13253370854762594, {"__complex__": [77599.59375, 5.387272693105436e-15]}, 203938], [0.13752961459817578, {"__complex__": [76406.6484375, 2.668598052631881e-15]}, 219484], [0.1425281107820362, {"__complex__": [77110.7578125, -2.2185427662178327e-15]}, 236132], [0.1475274145760076, {"__complex__": [77019.9140625, -5.586921746905064e-15]}, 252650], [0.1525290822685407, {"__complex__": [76113.6640625, 7.984981287832184e-15]}, 270628], [0.1575299612384668, {"__complex__": [75220.765625, 2.87926679331705e-15]}, 288080], [0.16252169358652926, {"__complex__": [75610.3984375, 6.65639041654779e-16]}, 306062], [0.16752062292264278, {"__complex__": [75116.96875, 6.837803486267743e-15]}, 326672], [0.1725228620785395, {"__complex__": [75007.8046875, -5.9392819472486955e-15]}, 345466], [0.1775209487576261, {"__complex__": [74936.75, 3.7852149054593866e-15]}, 366180], [0.1825256448391732, {"__complex__": [75577.3359375, -8.632097942391998e-16]}, 387732], [0.18752632321603607, {"__complex__": [75366.640625, -3.031782645827153e-16]}, 407982], [0.19252140078705848, {"__complex__": [74764.171875, -4.464047438179717e-15]}, 430294], [0.19751872595109427, {"__complex__": [75297.8984375, 8.02848320593727e-16]}, 453134], [0.20251834237475713, {"__complex__": [74459.03125, -2.5955789421391135e-15]}, 476546], [0.2075189401846281, {"__complex__": [74286.0625, 2.85025993828009e-15]}, 500336], [0.21252015430968035, {"__complex__": [73841.25, -3.2427635710929447e-15]}, 525038], [0.21752001193636755, {"__complex__": [73623.140625, 4.291475063088494e-15]}, 549324], [0.22251920952356846, {"__complex__": [73296.359375, -4.551867178876332e-16]}, 575444], [0.22751862790843796, {"__complex__": [73503.5390625, 4.35731032833692e-16]}, 601138], [0.23251697255054365, {"__complex__": [73485.65625, 3.5339868391278924e-15]}, 627950], [0.23751700822531546, {"__complex__": [73256.984375, -3.340354260352612e-15]}, 655638], [0.24251727793025477, {"__complex__": [73101.046875, 1.3632448949806985e-15]}, 683166], [0.24751389003994526, {"__complex__": [73008.40625, -1.105364231881469e-15]}, 710900], [0.2525134489582163, {"__complex__": [73945.609375, -4.709395719428727e-16]}, 741594], [0.2575160115814785, {"__complex__": [73497.3359375, 2.3043353453134317e-15]}, 770432], [0.2625147120015445, {"__complex__": [73096.96875, -5.637063026888085e-16]}, 800256], [0.2675154267702453, {"__complex__": [73367.6484375, 1.1891306022881174e-15]}, 832146], [0.2725162642594614, {"__complex__": [73269.359375, -1.7548773544073023e-15]}, 862396]]}, "attrs": {"poles": [0], "dk": 0.005, "kmin": 0.0, "kmax": null, "Nmesh": {"__dtype__": "<i8", "__shape__": [3], "__data__": [512, 512, 512]}, "BoxSize": {"__dtype__": "<f8", "__shape__": [3], "__data__": [2665.0, 5797.0, 2969.0]}, "BoxPad": {"__dtype__": "<f8", "__shape__": [3], "__data__": [0.1, 0.1, 0.1]}, "BoxCenter": {"__dtype__": "<f8", "__shape__": [3], "__data__": [2582.6659631740176, 44.45818371950327, 890.4509743382112]}, "mesh.resampler": "tsc", "mesh.interlaced": true, "alpha": 0.049969105113636364, "data.norm": 1.0333996250700626, "randoms.norm": 1.0374337400522022, "shotnoise": 72279.64694748483, "first.data.N": 140713, "first.data.W": 140713.0, "first.data.W2": 125323.72450506575, "first.data.num_per_cell": 0.0009337345101316702, "first.randoms.N": 2816000, "first.randoms.W": 2816000.0, "first.randoms.W2": 2508954.182162565, "first.randoms.num_per_cell": 0.0186931653481913, "first.data.ext": 1, "first.randoms.ext": 1, "second.data.N": 140713, "second.data.W": 140713.0, "second.data.W2": 74702.37491207864, "second.data.num_per_cell": 0.0005565760650640625, "second.randoms.N": 2816000, "second.randoms.W": 2816000.0, "second.randoms.W2": 1500023.1795866555, "second.randoms.num_per_cell": 0.011176043596764322, "second.data.ext": 1, "second.randoms.ext": 1}}, "attrs": {"poles": [0], "dk": 0.005, "kmin": 0.0, "kmax": null, "Nmesh": {"__dtype__": "<i8", "__shape__": [3], "__data__": [512, 512, 512]}, "BoxSize": {"__dtype__": "<f8", "__shape__": [3], "__data__": [2665.0, 5797.0, 2969.0]}, "BoxPad": {"__dtype__": "<f8", "__shape__": [3], "__data__": [0.1, 0.1, 0.1]}, "BoxCenter": {"__dtype__": "<f8", "__shape__": [3], "__data__": [2582.6659631740176, 44.45818371950327, 890.4509743382112]}, "mesh.resampler": "tsc", "mesh.interlaced": true, "alpha": 0.049969105113636364, "data.norm": 1.0333996250700626, "randoms.norm": 1.0374337400522022, "shotnoise": 72279.64694748483, "first.data.N": 140713, "first.data.W": 140713.0,