{"poles": {"dims": ["k"], "edges": [{"__dtype__": "<f8", "__shape__": [46], "__data__": [0.0, 0.005, 0.01, 0.015, 0.02, 0.025, 0.03, 0.035, 0.04, 0.045, 0.05, 0.055, 0.06, 0.065, 0.07, 0.075, 0.08, 0.085, 0.09, 0.095, 0.1, 0.105, 0.11, 0.115, 0.12, 0.125, 0.13, 0.135, 0.14, 0.145, 0.15, 0.155, 0.16, 0.165, 0.17, 0.17500000000000002, 0.18, 0.185, 0.19, 0.195, 0.2, 0.20500000000000002, 0.21, 0.215, 0.22, 0.225]}], "coords": [{"__dtype__": "<f8", "__shape__": [45], "__data__": [0.0025, 0.0075, 0.0125, 0.0175, 0.0225, 0.0275, 0.0325, 0.037500000000000006, 0.042499999999999996, 0.0475, 0.052500000000000005, 0.057499999999999996, 0.0625, 0.0675, 0.07250000000000001, 0.0775, 0.0825, 0.0875, 0.0925, 0.0975, 0.10250000000000001, 0.1075, 0.1125, 0.1175, 0.1225, 0.1275, 0.1325, 0.1375, 0.14250000000000002, 0.1475, 0.1525, 0.1575, 0.1625, 0.1675, 0.17250000000000001, 0.1775, 0.1825, 0.1875, 0.1925, 0.1975, 0.2025, 0.20750000000000002, 0.2125, 0.2175, 0.2225]}], "data": {"__dtype__": [["k", "<f8"], ["power_0", "<c8"], ["modes", "<i8"]], "__shape__": [45], "__data__": [[0.0038124604949970986, {"__complex__": [90900.6328125, -3.4854888072977097e-13]}, 167], [0.008045304719267473, {"__complex__": [107032.1171875, -1.7820044485167275e-13]}, 1082], [0.012809912756659051, {"__complex__": [105299.5859375, 7.314971111477275e-14]}, 2984], [0.017715433309244185, {"__complex__": [101955.0625, 8.772253519558851e-15]}, 5806], [0.022669091647761614, {"__complex__": [100874.0, -6.063298158638566e-15]}, 9600], [0.02765002119246127, {"__complex__": [99197.484375, 1.619804144330564e-14]}, 14374], [0.03263290233536856, {"__complex__": [93427.25, 5.464071370487971e-16]}, 19974], [0.03761272013936665, {"__complex__": [91080.359375, -1.1500460245304333e-14]}, 26572], [0.04260175757545894, {"__complex__": [90370.296875, -1.679819477962141e-14]}, 34218], [0.047587548630681535, {"__complex__": [85837.453125, -1.096189467458342e-14]}, 42480], [0.052570104151228036, {"__complex__": [84030.625, 3.911805249975963e-15]}, 52080], [0.05756944955461065, {"__complex__": [82527.0, -2.092262012243478e-15]}, 62596], [0.06257077522949148, {"__complex__": [80475.625, 4.829088145260219e-15]}, 73828], [0.06756176768890902, {"__complex__": [80448.9765625, -5.12129079514043e-15]}, 85954], [0.07255121859525904, {"__complex__": [78232.9609375, 8.440615556753323e-15]}, 99132], [0.07755262400137602, {"__complex__": [78017.671875, -6.393298806757052e-15]}, 113806], [0.08255332089930578, {"__complex__": [76155.7890625, 1.6432469881677765e-15]}, 128406], [0.08755113966916353, {"__complex__": [75414.1328125, -3.0153993875009196e-15]}, 144776], [0.0925464539210429, {"__complex__": [73605.5859375, 6.58376094121076e-15]}, 161350], [0.0975407696852722, {"__complex__": [73529.296875, -2.269582642278772e-15]}, 179528], [0.10253936843338714, {"__complex__": [73431.7109375, -1.1732458757909023e-15]}, 198450], [0.10753330829635703, {"__complex__": [71743.6953125, 7.180309411182137e-16]}, 217864], [0.11253145908249744, {"__complex__": [71790.171875, -4.134654112684412e-15]}, 239326], [0.11753431416740862, {"__complex__": [71405.0703125, 3.905356364632042e-15]}, 260830], [0.12253334462183928, {"__complex__": [70755.859375, 1.849192990776411e-15]}, 283296], [0.12753220666506468, {"__complex__": [70259.8671875, 1.6583001400690247e-15]}, 307132], [0.13253184583720862, {"__complex__": [70264.171875, 2.809521253407184e-15]}, 331488], [0.1375304034136141, {"__complex__": [69654.15625, -1.2635408585176316e-15]}, 357020], [0.1425296880354727, {"__complex__": [69109.78125, 1.873398651310097e-16]}, 383528], [0.1475269696696561, {"__complex__": [68173.625, 2.6589653821974682e-15]}, 410458], [0.15252572158497293, {"__complex__": [68412.234375, -2.1685477052973317e-15]}, 439534], [0.15752614553798203, {"__complex__": [67583.53125, 4.1956776484572823e-16]}, 468222], [0.16252439198132457, {"__complex__": [67461.2109375, 4.815248897451505e-16]}, 498638], [0.1675237007706474, {"__complex__": [67732.53125, -6.041785427602438e-16]}, 529880], [0.1725250298734758, {"__complex__": [66957.796875, -1.5952641598925964e-15]}, 562140], [0.1775249124979596, {"__complex__": [66930.328125, -1.0029224790537579e-15]}, 594890], [0.18252291001219376, {"__complex__": [66735.7421875, -2.847107705166883e-15]}, 628668], [0.18752197500191278, {"__complex__": [67457.5546875, 9.42416268653423e-16]}, 663966], [0.19252241149897908, {"__complex__": [67385.3515625, -8.731623254903194e-16]}, 699962], [0.19752275891621854, {"__complex__": [66369.4765625, -2.998364072623978e-15]}, 736486], [0.202520204709918, {"__complex__": [66312.4609375, 1.5325367114672056e-15]}, 773868], [0.2075192312193462, {"__complex__": [66333.578125, 3.757290717347695e-16]}, 813326], [0.21252078094835136, {"__complex__": [65998.5, -2.2115697792377985e-15]}, 852920], [0.217518623332359, {"__complex__": [65855.9140625, -1.0190234107107597e-15]}, 892516], [0.22251541035688588, {"__complex__": [66099.375, 6.074180732065771e-16]}, 934323]]}, "attrs": {"poles": [0], "dk": 0.005, "kmin": 0.0, "kmax": null, "Nmesh": {"__dtype__": "<i8", "__shape__": [3], "__data__": [512, 512, 512]}, "BoxSize": {"__dtype__": "<f8", "__shape__": [3], "__data__": [3432.0, 7192.0, 3020.0]}, "BoxPad": {"__dtype__": "<f8", "__shape__": [3], "__data__": [0.1, 0.1, 0.1]}, "BoxCenter": {"__dtype__": "<f8", "__shape__": [3], "__data__": [-1750.1629678974402, 35.39290098772153, 1912.171961766124]}, "mesh.resampler": "tsc", "mesh.interlaced": true, "alpha": 0.050123381752064565, "data.norm": 3.213096597380895, "randoms.norm": 3.214524035984409, "shotnoise": 64362.4627745593, "first.data.N": 240965, "first.data.W": 240965.0, "first.data.W2": 207649.64487596203, "first.data.num_per_cell": 0.001547110415070966, "first.randoms.N": 4807437, "first.randoms.W": 4807437.0, "first.randoms.W2": 4143938.155815553, "first.randoms.num_per_cell": 0.03087474521857167, "first.data.ext": 1, "first.randoms.ext": 1, "second.data.N": 240965, "second.data.W": 240965.0, "second.data.W2": 218094.59076571465, "second.data.num_per_cell": 0.0016249313262530762, "second.randoms.N": 4807437, "second.randoms.W": 4807437.0, "second.randoms.W2": 4354665.513585001, "second.randoms.num_per_cell": 0.03244478638160975, "second.data.ext": 1, "second.randoms.ext": 1}}, "attrs": {"poles": [0], "dk": 0.005, "kmin": 0.0, "kmax": null, "Nmesh": {"__dtype__": "<i8", "__shape__": [3], "__data__": [512, 512, 512]}, "BoxSize": {"__dtype__": "<f8", "__shape__": [3], "__data__": [3432.0, 7192.0, 3020.0]}, "BoxPad": {"__dtype__": "<f8", "__shape__": [3], "__data__": [0.1, 0.1, 0.1]}, "BoxCenter": {"__dtype__": "<f8", "__shape__": [3], "__data__": [-1750.1629678974402, 35.39290098772153, 1912.171961766124]}, "mesh.resampler": "tsc", "mesh.interlaced": true, "alpha": 0.050123381752064565, "data.norm": 3.213096597380895, "randoms.norm": 3.214524035984409, "shotnoise": 64362.4627745593, "first.data.N": 240965, "first.data.W": 240965.0, "first.data.W2": 207649.64487596203, "first.data.num_per_cell": 0.001547110415070966, "first.randoms.N": 4807437, "first.randoms.W": 4807437.0, "first.randoms.W2": 4143938.155815553, "first.randoms.num_per_cell": 0.03087474521857167, "first.data.ext": 1, "first.randoms.ext": 1, "second.data.N": 240965, "second.data.W": 240965.0, "second.data.W2": 218094.59076571465, "second.data.num_per_cell": 0.0016249313262530762, "second.randoms.N": 4807437, "second.randoms.W": 4807437.0, "second.randoms.W2": 4354665.513585001, "second.randoms.num_per_cell": 0.03244478638160975, "second.data.ext": 1, "second.randoms.ext": 1, "p": 1.0, "zmin": 0.8, "zmax": 2.2, "P0_FKP": 30000.0, "z-weighted": true, "hashkeys": ["Nmesh", "P0_FKP", "dk", "kmin", "mesh.window", "mesh.interlaced", "poles", "p", "BoxPad", "zmin", "zmax", "z-weighted"]}}