{"poles": {"dims": ["k"], "edges": [{"__dtype__": "<f8", "__shape__": [56], "__data__": [0.0, 0.005, 0.01, 0.015, 0.02, 0.025, 0.03, 0.035, 0.04, 0.045, 0.05, 0.055, 0.06, 0.065, 0.07, 0.075, 0.08, 0.085, 0.09, 0.095, 0.1, 0.105, 0.11, 0.115, 0.12, 0.125, 0.13, 0.135, 0.14, 0.145, 0.15, 0.155, 0.16, 0.165, 0.17, 0.17500000000000002, 0.18, 0.185, 0.19, 0.195, 0.2, 0.20500000000000002, 0.21, 0.215, 0.22, 0.225, 0.23, 0.23500000000000001, 0.24, 0.245, 0.25, 0.255, 0.26, 0.265, 0.27, 0.275]}], "coords": [{"__dtype__": "<f8", "__shape__": [55], "__data__": [0.0025, 0.0075, 0.0125, 0.0175, 0.0225, 0.0275, 0.0325, 0.037500000000000006, 0.042499999999999996, 0.0475, 0.052500000000000005, 0.057499999999999996, 0.0625, 0.0675, 0.07250000000000001, 0.0775, 0.0825, 0.0875, 0.0925, 0.0975, 0.10250000000000001, 0.1075, 0.1125, 0.1175, 0.1225, 0.1275, 0.1325, 0.1375, 0.14250000000000002, 0.1475, 0.1525, 0.1575, 0.1625, 0.1675, 0.17250000000000001, 0.1775, 0.1825, 0.1875, 0.1925, 0.1975, 0.2025, 0.20750000000000002, 0.2125, 0.2175, 0.2225, 0.2275, 0.2325, 0.2375, 0.2425, 0.2475, 0.2525, 0.2575, 0.2625, 0.2675, 0.2725]}], "data": {"__dtype__": [["k", "<f8"], ["power_0", "<c8"], ["modes", "<i8"]], "__shape__": [55], "__data__": [[0.00381582870963149, {"__complex__": [106570.6875, 2.089136372576683e-12]}, 101], [0.008101265444645324, {"__complex__": [104613.1015625, -2.636216575981412e-14]}, 690], [0.012881094428097399, {"__complex__": [106918.6875, 4.138545720857277e-14]}, 1846], [0.01776898906732117, {"__complex__": [107186.703125, -1.5420322896191052e-13]}, 3586], [0.022691540015953332, {"__complex__": [117603.078125, 0.0]}, 5870], [0.027646924733755237, {"__complex__": [108972.515625, 1.651749716650552e-15]}, 8810], [0.03262381701015117, {"__complex__": [98177.78125, -2.736323334259251e-14]}, 12298], [0.03761603546573974, {"__complex__": [98684.6953125, -4.6084020117759944e-14]}, 16420], [0.042615513382507485, {"__complex__": [92826.828125, -2.6610085527211877e-14]}, 21054], [0.04759756059586297, {"__complex__": [90389.140625, -1.891159449906362e-14]}, 26162], [0.05257971257242345, {"__complex__": [87586.25, 7.499581434111582e-15]}, 32016], [0.05757077253850946, {"__complex__": [87187.1796875, -1.5145623546891141e-15]}, 38432], [0.06256656704432612, {"__complex__": [85615.4375, 1.3441991050518014e-14]}, 45468], [0.06756224221830869, {"__complex__": [85973.3515625, -1.9257298290991254e-15]}, 52896], [0.07255395967994632, {"__complex__": [85598.2109375, -9.292410523237087e-15]}, 61074], [0.077549843044251, {"__complex__": [83413.0859375, 2.345401831936925e-15]}, 69800], [0.08254670444516676, {"__complex__": [80561.9453125, -5.889228229296597e-15]}, 79070], [0.0875450730828665, {"__complex__": [80229.6640625, 4.084771071871185e-15]}, 89062], [0.09254706284502398, {"__complex__": [79773.1015625, 3.5088812060877486e-15]}, 99532], [0.09754654727165055, {"__complex__": [78040.8671875, 3.557088180456596e-15]}, 110456], [0.10254482204994865, {"__complex__": [77434.9375, -4.764090754415305e-16]}, 122180], [0.10754221436417905, {"__complex__": [77677.0546875, -1.5186946049222942e-15]}, 134146], [0.11253731368411114, {"__complex__": [77433.265625, 4.354490502715951e-15]}, 147040], [0.11753494034207632, {"__complex__": [76824.234375, 5.39719102540131e-15]}, 160424], [0.12253330115342949, {"__complex__": [76839.9453125, -1.2520146194598523e-16]}, 174342], [0.12753356291363982, {"__complex__": [75996.8671875, -3.3382129610619532e-15]}, 189080], [0.13253370854762594, {"__complex__": [75821.375, -5.708368483849438e-15]}, 203938], [0.13752961459817578, {"__complex__": [76044.7578125, -4.989118079984974e-15]}, 219484], [0.1425281107820362, {"__complex__": [74552.828125, 3.3894404549207093e-15]}, 236132], [0.1475274145760076, {"__complex__": [73926.5625, -8.351583923667423e-16]}, 252650], [0.1525290822685407, {"__complex__": [73499.5078125, -1.1829601790256067e-15]}, 270628], [0.1575299612384668, {"__complex__": [73433.4140625, 3.0308072344488305e-16]}, 288080], [0.16252169358652926, {"__complex__": [73540.5546875, 1.4144829767512952e-15]}, 306062], [0.16752062292264278, {"__complex__": [73744.7109375, -1.724763533187399e-15]}, 326672], [0.1725228620785395, {"__complex__": [73205.46875, 1.584861642388248e-15]}, 345466], [0.1775209487576261, {"__complex__": [73067.1640625, -2.5433464436884403e-15]}, 366180], [0.1825256448391732, {"__complex__": [72517.6328125, 1.3417282464171895e-15]}, 387732], [0.18752632321603607, {"__complex__": [72363.203125, -1.052206985210631e-15]}, 407982], [0.19252140078705848, {"__complex__": [72270.953125, 2.2827514635097345e-15]}, 430294], [0.19751872595109427, {"__complex__": [72208.2578125, 8.991901656517864e-16]}, 453134], [0.20251834237475713, {"__complex__": [71875.8671875, -4.03078161532967e-15]}, 476546], [0.2075189401846281, {"__complex__": [71889.6953125, 5.6714357297667824e-15]}, 500336], [0.21252015430968035, {"__complex__": [71738.9453125, 1.1779268974947848e-15]}, 525038], [0.21752001193636755, {"__complex__": [71880.09375, 2.420577488313402e-15]}, 549324], [0.22251920952356846, {"__complex__": [71971.1484375, 2.086272430515206e-15]}, 575444], [0.22751862790843796, {"__complex__": [71574.4375, -2.572023379392445e-15]}, 601138], [0.23251697255054365, {"__complex__": [71567.828125, 1.0124003542170599e-15]}, 627950], [0.23751700822531546, {"__complex__": [71693.2578125, 1.842188875335565e-15]}, 655638], [0.24251727793025477, {"__complex__": [71243.1171875, 7.242238636933859e-16]}, 683166], [0.24751389003994526, {"__complex__": [71276.6953125, 1.17700813144481e-16]}, 710900], [0.2525134489582163, {"__complex__": [71317.2734375, 1.3539512494834243e-15]}, 741594], [0.2575160115814785, {"__complex__": [71308.6640625, -3.494279046291354e-16]}, 770432], [0.2625147120015445, {"__complex__": [71060.5703125, -1.1728728636567552e-15]}, 800256], [0.2675154267702453, {"__complex__": [71088.953125, 3.1914165926490666e-16]}, 832146], [0.2725162642594614, {"__complex__": [71025.25, 3.902071014997218e-17]}, 862396]]}, "attrs": {"poles": [0], "dk": 0.005, "kmin": 0.0, "kmax": null, "Nmesh": {"__dtype__": "<i8", "__shape__": [3], "__data__": [512, 512, 512]}, "BoxSize": {"__dtype__": "<f8", "__shape__": [3], "__data__": [2665.0, 5797.0, 2969.0]}, "BoxPad": {"__dtype__": "<f8", "__shape__": [3], "__data__": [0.1, 0.1, 0.1]}, "BoxCenter": {"__dtype__": "<f8", "__shape__": [3], "__data__": [2582.6659631740176, 44.45818371950327, 890.4509743382112]}, "mesh.resampler": "tsc", "mesh.interlaced": true, "alpha": 0.04996732954545455, "data.norm": 1.833770057544646, "randoms.norm": 1.8371090211349326, "shotnoise": 70081.27189624502, "first.data.N": 140708, "first.data.W": 140708.0, "first.data.W2": 125325.1458707765, "first.data.num_per_cell": 0.0009337451001314558, "first.randoms.N": 2816000, "first.randoms.W": 2816000.0, "first.randoms.W2": 2508954.182162565, "first.randoms.num_per_cell": 0.0186931653481913, "first.data.ext": 1, "first.randoms.ext": 1, "second.data.N": 140708, "second.data.W": 140708.0, "second.data.W2": 131963.62891954184, "second.data.num_per_cell": 0.0009832056531275946, "second.randoms.N": 2816000, "second.randoms.W": 2816000.0, "second.randoms.W2": 2645625.888250053, "second.randoms.num_per_cell": 0.019711448909715212, "second.data.ext": 1, "second.randoms.ext": 1}}, "attrs": {"poles": [0], "dk": 0.005, "kmin": 0.0, "kmax": null, "Nmesh": {"__dtype__": "<i8", "__shape__": [3], "__data__": [512, 512, 512]}, "BoxSize": {"__dtype__": "<f8", "__shape__": [3], "__data__": [2665.0, 5797.0, 2969.0]}, "BoxPad": {"__dtype__": "<f8", "__shape__": [3], "__data__": [0.1, 0.1, 0.1]}, "BoxCenter": {"__dtype__": "<f8", "__shape__": [3], "__data__": [2582.6659631740176, 44.45818371950327, 890.4509743382112]}, "mesh.resampler": "tsc", "mesh.interlaced": true, "alpha": 0.04996732954545455, "data.norm": 1.833770057544646, "randoms.norm": 1.8371090211349326, "shotnoise": 70081.27189624502, "first.data.N": 140708, "first.data.W": 140708.0,