{"poles": {"dims": ["k"], "edges": [{"__dtype__": "<f8", "__shape__": [56], "__data__": [0.0, 0.005, 0.01, 0.015, 0.02, 0.025, 0.03, 0.035, 0.04, 0.045, 0.05, 0.055, 0.06, 0.065, 0.07, 0.075, 0.08, 0.085, 0.09, 0.095, 0.1, 0.105, 0.11, 0.115, 0.12, 0.125, 0.13, 0.135, 0.14, 0.145, 0.15, 0.155, 0.16, 0.165, 0.17, 0.17500000000000002, 0.18, 0.185, 0.19, 0.195, 0.2, 0.20500000000000002, 0.21, 0.215, 0.22, 0.225, 0.23, 0.23500000000000001, 0.24, 0.245, 0.25, 0.255, 0.26, 0.265, 0.27, 0.275]}], "coords": [{"__dtype__": "<f8", "__shape__": [55], "__data__": [0.0025, 0.0075, 0.0125, 0.0175, 0.0225, 0.0275, 0.0325, 0.037500000000000006, 0.042499999999999996, 0.0475, 0.052500000000000005, 0.057499999999999996, 0.0625, 0.0675, 0.07250000000000001, 0.0775, 0.0825, 0.0875, 0.0925, 0.0975, 0.10250000000000001, 0.1075, 0.1125, 0.1175, 0.1225, 0.1275, 0.1325, 0.1375, 0.14250000000000002, 0.1475, 0.1525, 0.1575, 0.1625, 0.1675, 0.17250000000000001, 0.1775, 0.1825, 0.1875, 0.1925, 0.1975, 0.2025, 0.20750000000000002, 0.2125, 0.2175, 0.2225, 0.2275, 0.2325, 0.2375, 0.2425, 0.2475, 0.2525, 0.2575, 0.2625, 0.2675, 0.2725]}], "data": {"__dtype__": [["k", "<f8"], ["power_0", "<c8"], ["modes", "<i8"]], "__shape__": [55], "__data__": [[0.00381582870963149, {"__complex__": [103531.1171875, -2.5934107292235886e-12]}, 101], [0.008101265444645324, {"__complex__": [110576.640625, -5.325157632560251e-13]}, 690], [0.012881094428097399, {"__complex__": [107029.8828125, -5.320987452191693e-14]}, 1846], [0.01776898906732117, {"__complex__": [106971.421875, -1.379713129769783e-13]}, 3586], [0.022691540015953332, {"__complex__": [104108.5546875, -4.15237776888594e-14]}, 5870], [0.027646924733755237, {"__complex__": [108071.875, -4.748780443311271e-14]}, 8810], [0.03262381701015117, {"__complex__": [103320.21875, 2.36654991528926e-14]}, 12298], [0.03761603546573974, {"__complex__": [95047.96875, 1.7724623513153646e-14]}, 16420], [0.042615513382507485, {"__complex__": [92335.4609375, -1.520576267438796e-14]}, 21054], [0.04759756059586297, {"__complex__": [92199.3671875, 5.562233277591443e-15]}, 26162], [0.05257971257242345, {"__complex__": [89700.8828125, 7.272321647330306e-15]}, 32016], [0.05757077253850946, {"__complex__": [88481.8828125, -1.590290467129614e-14]}, 38432], [0.06256656704432612, {"__complex__": [87138.921875, -1.0561564033821462e-14]}, 45468], [0.06756224221830869, {"__complex__": [86481.140625, -6.043696969206154e-15]}, 52896], [0.07255395967994632, {"__complex__": [85346.9140625, 4.229238046739563e-15]}, 61074], [0.077549843044251, {"__complex__": [83790.703125, -1.0424008424286205e-14]}, 69800], [0.08254670444516676, {"__complex__": [82875.3671875, 5.6591804335694336e-15]}, 79070], [0.0875450730828665, {"__complex__": [82341.1171875, -1.0130231987189996e-14]}, 89062], [0.09254706284502398, {"__complex__": [79680.0234375, -1.6082372106336249e-15]}, 99532], [0.09754654727165055, {"__complex__": [78915.390625, -8.234000001069663e-17]}, 110456], [0.10254482204994865, {"__complex__": [77794.671875, -1.3994516359484388e-15]}, 122180], [0.10754221436417905, {"__complex__": [77863.953125, -3.254345581976345e-16]}, 134146], [0.11253731368411114, {"__complex__": [77447.5078125, -5.1462160101628084e-15]}, 147040], [0.11753494034207632, {"__complex__": [77128.75, -6.168218012232588e-15]}, 160424], [0.12253330115342949, {"__complex__": [76362.3359375, -2.0032233911357637e-15]}, 174342], [0.12753356291363982, {"__complex__": [76413.78125, -7.907813198205528e-15]}, 189080], [0.13253370854762594, {"__complex__": [75840.1015625, -2.4260565209327165e-15]}, 203938], [0.13752961459817578, {"__complex__": [76106.8828125, -4.3095374054139815e-16]}, 219484], [0.1425281107820362, {"__complex__": [75517.3984375, 2.0644774257494057e-15]}, 236132], [0.1475274145760076, {"__complex__": [75014.5390625, 1.5551225273683863e-15]}, 252650], [0.1525290822685407, {"__complex__": [74516.375, -2.473462202133461e-15]}, 270628], [0.1575299612384668, {"__complex__": [74378.4765625, -2.525672518908828e-16]}, 288080], [0.16252169358652926, {"__complex__": [73405.21875, -1.1886411231237229e-15]}, 306062], [0.16752062292264278, {"__complex__": [73885.3828125, -6.626210103241527e-16]}, 326672], [0.1725228620785395, {"__complex__": [73356.8828125, 2.127189627581746e-15]}, 345466], [0.1775209487576261, {"__complex__": [73323.328125, 5.166172529916593e-16]}, 366180], [0.1825256448391732, {"__complex__": [72999.78125, 1.0508640144727592e-15]}, 387732], [0.18752632321603607, {"__complex__": [72796.65625, -2.068745836528857e-15]}, 407982], [0.19252140078705848, {"__complex__": [72663.6015625, 1.5556528758724859e-15]}, 430294], [0.19751872595109427, {"__complex__": [72927.296875, -1.3006143259486499e-15]}, 453134], [0.20251834237475713, {"__complex__": [72736.6796875, 9.466229519068431e-16]}, 476546], [0.2075189401846281, {"__complex__": [72153.421875, -2.3267428607792154e-16]}, 500336], [0.21252015430968035, {"__complex__": [72714.21875, -2.910172272705281e-16]}, 525038], [0.21752001193636755, {"__complex__": [71915.3046875, -1.5099634951811153e-15]}, 549324], [0.22251920952356846, {"__complex__": [72453.5, -1.011526110336375e-15]}, 575444], [0.22751862790843796, {"__complex__": [72393.3359375, 7.020111128659115e-16]}, 601138], [0.23251697255054365, {"__complex__": [72061.1953125, -1.1239236766678764e-15]}, 627950], [0.23751700822531546, {"__complex__": [71887.484375, 7.546315524064272e-16]}, 655638], [0.24251727793025477, {"__complex__": [71681.3359375, -1.6934057382053344e-15]}, 683166], [0.24751389003994526, {"__complex__": [71415.5625, -1.3919401477721876e-15]}, 710900], [0.2525134489582163, {"__complex__": [71241.390625, -2.1879068550650655e-15]}, 741594], [0.2575160115814785, {"__complex__": [71551.265625, -1.0388396406326556e-15]}, 770432], [0.2625147120015445, {"__complex__": [71480.40625, 1.3092534267359333e-15]}, 800256], [0.2675154267702453, {"__complex__": [71366.796875, 1.936708858403199e-15]}, 832146], [0.2725162642594614, {"__complex__": [71321.140625, 4.0497169309864213e-16]}, 862396]]}, "attrs": {"poles": [0], "dk": 0.005, "kmin": 0.0, "kmax": null, "Nmesh": {"__dtype__": "<i8", "__shape__": [3], "__data__": [512, 512, 512]}, "BoxSize": {"__dtype__": "<f8", "__shape__": [3], "__data__": [2665.0, 5797.0, 2969.0]}, "BoxPad": {"__dtype__": "<f8", "__shape__": [3], "__data__": [0.1, 0.1, 0.1]}, "BoxCenter": {"__dtype__": "<f8", "__shape__": [3], "__data__": [2582.6659631740176, 44.45818371950327, 890.4509743382112]}, "mesh.resampler": "tsc", "mesh.interlaced": true, "alpha": 0.04998934659090909, "data.norm": 1.8403449196986237, "randoms.norm": 1.8379185043150672, "shotnoise": 70414.21315572166, "first.data.N": 140770, "first.data.W": 140770.0, "first.data.W2": 125499.10371692125, "first.data.num_per_cell": 0.0009350411870846245, "first.randoms.N": 2816000, "first.randoms.W": 2816000.0, "first.randoms.W2": 2508954.182162565, "first.randoms.num_per_cell": 0.0186931653481913, "first.data.ext": 1, "first.randoms.ext": 1, "second.data.N": 140770, "second.data.W": 140770.0, "second.data.W2": 132526.84516373277, "second.data.num_per_cell": 0.0009874019411484358, "second.randoms.N": 2816000, "second.randoms.W": 2816000.0, "second.randoms.W2": 2645625.888250053, "second.randoms.num_per_cell": 0.019711448909715212, "second.data.ext": 1, "second.randoms.ext": 1}}, "attrs": {"poles": [0], "dk": 0.005, "kmin": 0.0, "kmax": null, "Nmesh": {"__dtype__": "<i8", "__shape__": [3], "__data__": [512, 512, 512]}, "BoxSize": {"__dtype__": "<f8", "__shape__": [3], "__data__": [2665.0, 5797.0, 2969.0]}, "BoxPad": {"__dtype__": "<f8", "__shape__": [3], "__data__": [0.1, 0.1, 0.1]}, "BoxCenter": {"__dtype__": "<f8", "__shape__": [3], "__data__": [2582.6659631740176, 44.45818371950327, 890.4509743382112]}, "mesh.resampler": "tsc", "mesh.interlaced": true, "alpha": 0.04998934659090909, "data.norm": 1.8403449196986237, "randoms.norm": 1.8379185043150672, "shotnoise": 70414.21315572166, "first.data.N": 140770,