{"poles": {"dims": ["k"], "edges": [{"__dtype__": "<f8", "__shape__": [56], "__data__": [0.0, 0.005, 0.01, 0.015, 0.02, 0.025, 0.03, 0.035, 0.04, 0.045, 0.05, 0.055, 0.06, 0.065, 0.07, 0.075, 0.08, 0.085, 0.09, 0.095, 0.1, 0.105, 0.11, 0.115, 0.12, 0.125, 0.13, 0.135, 0.14, 0.145, 0.15, 0.155, 0.16, 0.165, 0.17, 0.17500000000000002, 0.18, 0.185, 0.19, 0.195, 0.2, 0.20500000000000002, 0.21, 0.215, 0.22, 0.225, 0.23, 0.23500000000000001, 0.24, 0.245, 0.25, 0.255, 0.26, 0.265, 0.27, 0.275]}], "coords": [{"__dtype__": "<f8", "__shape__": [55], "__data__": [0.0025, 0.0075, 0.0125, 0.0175, 0.0225, 0.0275, 0.0325, 0.037500000000000006, 0.042499999999999996, 0.0475, 0.052500000000000005, 0.057499999999999996, 0.0625, 0.0675, 0.07250000000000001, 0.0775, 0.0825, 0.0875, 0.0925, 0.0975, 0.10250000000000001, 0.1075, 0.1125, 0.1175, 0.1225, 0.1275, 0.1325, 0.1375, 0.14250000000000002, 0.1475, 0.1525, 0.1575, 0.1625, 0.1675, 0.17250000000000001, 0.1775, 0.1825, 0.1875, 0.1925, 0.1975, 0.2025, 0.20750000000000002, 0.2125, 0.2175, 0.2225, 0.2275, 0.2325, 0.2375, 0.2425, 0.2475, 0.2525, 0.2575, 0.2625, 0.2675, 0.2725]}], "data": {"__dtype__": [["k", "<f8"], ["power_0", "<c8"], ["modes", "<i8"]], "__shape__": [55], "__data__": [[0.00381582870963149, {"__complex__": [83165.8125, -8.644702250044933e-13]}, 101], [0.008101265444645324, {"__complex__": [160921.09375, -5.06153550062366e-13]}, 690], [0.012881094428097399, {"__complex__": [117138.171875, -1.340100583670581e-13]}, 1846], [0.01776898906732117, {"__complex__": [112187.34375, -1.2173939699204606e-13]}, 3586], [0.022691540015953332, {"__complex__": [111973.5546875, 1.3882577270911411e-13]}, 5870], [0.027646924733755237, {"__complex__": [107264.5234375, -1.6517498225296703e-14]}, 8810], [0.03262381701015117, {"__complex__": [106917.5390625, -1.18327495764463e-14]}, 12298], [0.03761603546573974, {"__complex__": [102225.3828125, -2.924562854259363e-14]}, 16420], [0.042615513382507485, {"__complex__": [95721.1171875, 4.00879213179918e-14]}, 21054], [0.04759756059586297, {"__complex__": [90656.390625, 1.5296142360409415e-15]}, 26162], [0.05257971257242345, {"__complex__": [90297.203125, -1.2272042038716062e-14]}, 32016], [0.05757077253850946, {"__complex__": [90422.21875, 9.087374339892922e-15]}, 38432], [0.06256656704432612, {"__complex__": [89350.390625, 2.4323603095327724e-14]}, 45468], [0.06756224221830869, {"__complex__": [87579.359375, -1.8982194695217267e-14]}, 52896], [0.07255395967994632, {"__complex__": [86904.0078125, -6.6714745910307315e-15]}, 61074], [0.077549843044251, {"__complex__": [86249.3359375, -8.443446340863046e-15]}, 69800], [0.08254670444516676, {"__complex__": [83978.65625, 5.889228229296597e-15]}, 79070], [0.0875450730828665, {"__complex__": [82893.578125, 1.0783795833027836e-14]}, 89062], [0.09254706284502398, {"__complex__": [81717.4296875, -2.6316608516262522e-15]}, 99532], [0.09754654727165055, {"__complex__": [81015.2109375, -1.1461727969725236e-14]}, 110456], [0.10254482204994865, {"__complex__": [79860.2421875, -1.3101249177595396e-15]}, 122180], [0.10754221436417905, {"__complex__": [79478.953125, -4.745920944784635e-15]}, 134146], [0.11253731368411114, {"__complex__": [78399.6953125, 4.552421773698547e-15]}, 147040], [0.11753494034207632, {"__complex__": [79126.5546875, -3.71907264370714e-15]}, 160424], [0.12253330115342949, {"__complex__": [79112.0859375, -5.008058477839409e-16]}, 174342], [0.12753356291363982, {"__complex__": [77627.9140625, 3.001505717825344e-15]}, 189080], [0.13253370854762594, {"__complex__": [77372.203125, 6.2792051628277924e-15]}, 203938], [0.13752961459817578, {"__complex__": [77049.765625, 3.315028610504419e-15]}, 219484], [0.1425281107820362, {"__complex__": [76664.8671875, -3.574318948186116e-15]}, 236132], [0.1475274145760076, {"__complex__": [77131.8984375, -2.793460873452532e-15]}, 252650], [0.1525290822685407, {"__complex__": [76632.1171875, -2.3928058190717753e-15]}, 270628], [0.1575299612384668, {"__complex__": [75516.6796875, -9.597555624793106e-16]}, 288080], [0.16252169358652926, {"__complex__": [75940.5546875, 4.7545644924948914e-15]}, 306062], [0.16752062292264278, {"__complex__": [75392.8046875, 2.2272974870024163e-16]}, 326672], [0.1725228620785395, {"__complex__": [75095.9765625, -5.054708288013848e-16]}, 345466], [0.1775209487576261, {"__complex__": [75197.5703125, 3.179182948731432e-15]}, 366180], [0.1825256448391732, {"__complex__": [75280.4765625, 3.753085860509067e-17]}, 387732], [0.18752632321603607, {"__complex__": [74903.796875, 4.173159806950119e-15]}, 407982], [0.19252140078705848, {"__complex__": [74395.625, 1.2512859858367564e-15]}, 430294], [0.19751872595109427, {"__complex__": [74816.09375, 3.371962988845301e-15]}, 453134], [0.20251834237475713, {"__complex__": [74069.6171875, 1.4657387403346658e-15]}, 476546], [0.2075189401846281, {"__complex__": [74179.4765625, 3.9263786106521505e-16]}, 500336], [0.21252015430968035, {"__complex__": [73877.8828125, 5.543185306552706e-16]}, 525038], [0.21752001193636755, {"__complex__": [73546.953125, -6.490194081967024e-16]}, 549324], [0.22251920952356846, {"__complex__": [73627.65625, -1.5394162071856866e-15]}, 575444], [0.22751862790843796, {"__complex__": [73312.7109375, -2.2512769897391855e-15]}, 601138], [0.23251697255054365, {"__complex__": [73956.125, 4.518868363438081e-16]}, 627950], [0.23751700822531546, {"__complex__": [73674.9140625, -3.218281566060217e-16]}, 655638], [0.24251727793025477, {"__complex__": [73615.453125, 0.0]}, 683166], [0.24751389003994526, {"__complex__": [73614.2734375, 4.503335896767805e-16]}, 710900], [0.2525134489582163, {"__complex__": [73260.6796875, -8.830117304801108e-16]}, 741594], [0.2575160115814785, {"__complex__": [73267.3671875, 1.2843835864924814e-15]}, 770432], [0.2625147120015445, {"__complex__": [73151.65625, 5.455222523167123e-16]}, 800256], [0.2675154267702453, {"__complex__": [73429.078125, 5.246164203872921e-16]}, 832146], [0.2725162642594614, {"__complex__": [73308.453125, 7.761957406941008e-16]}, 862396]]}, "attrs": {"poles": [0], "dk": 0.005, "kmin": 0.0, "kmax": null, "Nmesh": {"__dtype__": "<i8", "__shape__": [3], "__data__": [512, 512, 512]}, "BoxSize": {"__dtype__": "<f8", "__shape__": [3], "__data__": [2665.0, 5797.0, 2969.0]}, "BoxPad": {"__dtype__": "<f8", "__shape__": [3], "__data__": [0.1, 0.1, 0.1]}, "BoxCenter": {"__dtype__": "<f8", "__shape__": [3], "__data__": [2582.6659631740176, 44.45818371950327, 890.4509743382112]}, "mesh.resampler": "tsc", "mesh.interlaced": true, "alpha": 0.0501796875, "data.norm": 1.0390116039241388, "randoms.norm": 1.0418057469588204, "shotnoise": 72360.3881558233, "first.data.N": 141306, "first.data.W": 141306.0, "first.data.W2": 125874.80469544226, "first.data.num_per_cell": 0.0009378403775054385, "first.randoms.N": 2816000, "first.randoms.W": 2816000.0, "first.randoms.W2": 2508954.182162565, "first.randoms.num_per_cell": 0.0186931653481913, "first.data.ext": 1, "first.randoms.ext": 1, "second.data.N": 141306, "second.data.W": 141306.0, "second.data.W2": 75100.80617383723, "second.data.num_per_cell": 0.0005595446092921289, "second.randoms.N": 2816000, "second.randoms.W": 2816000.0, "second.randoms.W2": 1500023.1795866555, "second.randoms.num_per_cell": 0.011176043596764322, "second.data.ext": 1, "second.randoms.ext": 1}}, "attrs": {"poles": [0], "dk": 0.005, "kmin": 0.0, "kmax": null, "Nmesh": {"__dtype__": "<i8", "__shape__": [3], "__data__": [512, 512, 512]}, "BoxSize": {"__dtype__": "<f8", "__shape__": [3], "__data__": [2665.0, 5797.0, 2969.0]}, "BoxPad": {"__dtype__": "<f8", "__shape__": [3], "__data__": [0.1, 0.1, 0.1]}, "BoxCenter": {"__dtype__": "<f8", "__shape__": [3], "__data__": [2582.6659631740176, 44.45818371950327, 890.4509743382112]}, "mesh.resampler": "tsc", "mesh.interlaced": true, "alpha": 0.0501796875, "data.norm": 1.0390116039241388, "randoms.norm": 1.0418057469588204, "shotnoise": 72360.3881558233, "first.data.N": 141306, "first.data.W": 141306.0,