{"poles": {"dims": ["k"], "edges": [{"__dtype__": "<f8", "__shape__": [56], "__data__": [0.0, 0.005, 0.01, 0.015, 0.02, 0.025, 0.03, 0.035, 0.04, 0.045, 0.05, 0.055, 0.06, 0.065, 0.07, 0.075, 0.08, 0.085, 0.09, 0.095, 0.1, 0.105, 0.11, 0.115, 0.12, 0.125, 0.13, 0.135, 0.14, 0.145, 0.15, 0.155, 0.16, 0.165, 0.17, 0.17500000000000002, 0.18, 0.185, 0.19, 0.195, 0.2, 0.20500000000000002, 0.21, 0.215, 0.22, 0.225, 0.23, 0.23500000000000001, 0.24, 0.245, 0.25, 0.255, 0.26, 0.265, 0.27, 0.275]}], "coords": [{"__dtype__": "<f8", "__shape__": [55], "__data__": [0.0025, 0.0075, 0.0125, 0.0175, 0.0225, 0.0275, 0.0325, 0.037500000000000006, 0.042499999999999996, 0.0475, 0.052500000000000005, 0.057499999999999996, 0.0625, 0.0675, 0.07250000000000001, 0.0775, 0.0825, 0.0875, 0.0925, 0.0975, 0.10250000000000001, 0.1075, 0.1125, 0.1175, 0.1225, 0.1275, 0.1325, 0.1375, 0.14250000000000002, 0.1475, 0.1525, 0.1575, 0.1625, 0.1675, 0.17250000000000001, 0.1775, 0.1825, 0.1875, 0.1925, 0.1975, 0.2025, 0.20750000000000002, 0.2125, 0.2175, 0.2225, 0.2275, 0.2325, 0.2375, 0.2425, 0.2475, 0.2525, 0.2575, 0.2625, 0.2675, 0.2725]}], "data": {"__dtype__": [["k", "<f8"], ["power_0", "<c8"], ["modes", "<i8"]], "__shape__": [55], "__data__": [[0.00381582870963149, {"__complex__": [112353.796875, 0.0]}, 101], [0.008101265444645324, {"__complex__": [110001.6484375, -6.854162826501128e-14]}, 690], [0.012881094428097399, {"__complex__": [116354.578125, 9.853680642702561e-14]}, 1846], [0.01776898906732117, {"__complex__": [105005.4375, 1.148915489655733e-13]}, 3586], [0.022691540015953332, {"__complex__": [107481.65625, 7.746973499983198e-15]}, 5870], [0.027646924733755237, {"__complex__": [101136.0859375, 8.258749112648352e-15]}, 8810], [0.03262381701015117, {"__complex__": [100147.2421875, 4.2302078994641695e-14]}, 12298], [0.03761603546573974, {"__complex__": [97545.40625, -1.5065929393257536e-14]}, 16420], [0.042615513382507485, {"__complex__": [90228.0703125, -2.4190986534907907e-14]}, 21054], [0.04759756059586297, {"__complex__": [88691.3359375, 5.284121867821755e-15]}, 26162], [0.05257971257242345, {"__complex__": [89712.4140625, -3.636160823665153e-15]}, 32016], [0.05757077253850946, {"__complex__": [88524.4296875, -1.4956303001092096e-14]}, 38432], [0.06256656704432612, {"__complex__": [86104.5, -1.568232204523807e-14]}, 45468], [0.06756224221830869, {"__complex__": [82388.375, 7.702919316396502e-15]}, 52896], [0.07255395967994632, {"__complex__": [85974.3671875, -3.812271255377057e-15]}, 61074], [0.077549843044251, {"__complex__": [82684.5390625, -1.772081334719866e-15]}, 69800], [0.08254670444516676, {"__complex__": [80675.765625, 9.56999592554653e-15]}, 79070], [0.0875450730828665, {"__complex__": [78932.7890625, -4.901725138014657e-16]}, 89062], [0.09254706284502398, {"__complex__": [79629.6640625, 4.3861015076096857e-16]}, 99532], [0.09754654727165055, {"__complex__": [78832.34375, -5.105079749200285e-16]}, 110456], [0.10254482204994865, {"__complex__": [78292.5078125, 2.679801122150503e-15]}, 122180], [0.10754221436417905, {"__complex__": [77448.5859375, -7.973146543493147e-15]}, 134146], [0.11253731368411114, {"__complex__": [77274.890625, -6.1853556063379105e-15]}, 147040], [0.11753494034207632, {"__complex__": [76719.9453125, -7.256727135496644e-16]}, 160424], [0.12253330115342949, {"__complex__": [76281.59375, 1.6693527818301704e-16]}, 174342], [0.12753356291363982, {"__complex__": [76611.5546875, -1.2698677711171476e-15]}, 189080], [0.13253370854762594, {"__complex__": [75642.0078125, 1.3557374302109468e-15]}, 203938], [0.13752961459817578, {"__complex__": [75668.15625, 1.6243640826746363e-15]}, 219484], [0.1425281107820362, {"__complex__": [74897.109375, -4.930094918396163e-16]}, 236132], [0.1475274145760076, {"__complex__": [74548.4765625, -7.19964135001644e-16]}, 252650], [0.1525290822685407, {"__complex__": [74055.6328125, 3.22625479307184e-16]}, 270628], [0.1575299612384668, {"__complex__": [74226.5078125, -2.75298307472738e-15]}, 288080], [0.16252169358652926, {"__complex__": [73986.2109375, 2.8289659535025904e-15]}, 306062], [0.16752062292264278, {"__complex__": [72995.25, 4.187319656729369e-15]}, 326672], [0.1725228620785395, {"__complex__": [72995.2890625, -1.558535011354637e-15]}, 345466], [0.1775209487576261, {"__complex__": [72899.4140625, -2.682435606374701e-15]}, 366180], [0.1825256448391732, {"__complex__": [72187.78125, -1.1071603652461218e-15]}, 387732], [0.18752632321603607, {"__complex__": [72251.671875, -1.0477484155345211e-15]}, 407982], [0.19252140078705848, {"__complex__": [73001.0, -1.2343767729898372e-15]}, 430294], [0.19751872595109427, {"__complex__": [72847.125, 1.7662663476578468e-15]}, 453134], [0.20251834237475713, {"__complex__": [72773.2890625, -2.839868749841411e-15]}, 476546], [0.2075189401846281, {"__complex__": [72079.984375, 1.2288110253725476e-15]}, 500336], [0.21252015430968035, {"__complex__": [71792.53125, -3.651573435173392e-15]}, 525038], [0.21752001193636755, {"__complex__": [72066.8515625, 2.5828321550741204e-16]}, 549324], [0.22251920952356846, {"__complex__": [72183.6796875, -8.092208670932763e-16]}, 575444], [0.22751862790843796, {"__complex__": [71653.7109375, 2.735422599423141e-15]}, 601138], [0.23251697255054365, {"__complex__": [72019.953125, 3.012579085423918e-16]}, 627950], [0.23751700822531546, {"__complex__": [72067.0546875, -1.6646284555668595e-16]}, 655638], [0.24251727793025477, {"__complex__": [71483.515625, 4.260140296814683e-16]}, 683166], [0.24751389003994526, {"__complex__": [71160.7578125, 4.0939415137793034e-17]}, 710900], [0.2525134489582163, {"__complex__": [71588.21875, 1.9033808647858207e-15]}, 741594], [0.2575160115814785, {"__complex__": [71381.7265625, 1.3929896215938357e-15]}, 770432], [0.2625147120015445, {"__complex__": [71630.6484375, 1.595652630378031e-15]}, 800256], [0.2675154267702453, {"__complex__": [71499.046875, 1.3170057899065599e-15]}, 832146], [0.2725162642594614, {"__complex__": [71401.8828125, 1.1980412830141143e-15]}, 862396]]}, "attrs": {"poles": [0], "dk": 0.005, "kmin": 0.0, "kmax": null, "Nmesh": {"__dtype__": "<i8", "__shape__": [3], "__data__": [512, 512, 512]}, "BoxSize": {"__dtype__": "<f8", "__shape__": [3], "__data__": [2665.0, 5797.0, 2969.0]}, "BoxPad": {"__dtype__": "<f8", "__shape__": [3], "__data__": [0.1, 0.1, 0.1]}, "BoxCenter": {"__dtype__": "<f8", "__shape__": [3], "__data__": [2582.6659631740176, 44.45818371950327, 890.4509743382112]}, "mesh.resampler": "tsc", "mesh.interlaced": true, "alpha": 0.05016335227272727, "data.norm": 1.8463570049014175, "randoms.norm": 1.8443160326741945, "shotnoise": 70288.06696584162, "first.data.N": 141260, "first.data.W": 141260.0, "first.data.W2": 125872.46096141159, "first.data.num_per_cell": 0.0009378229153261452, "first.randoms.N": 2816000, "first.randoms.W": 2816000.0, "first.randoms.W2": 2508954.182162565, "first.randoms.num_per_cell": 0.0186931653481913, "first.data.ext": 1, "first.randoms.ext": 1, "second.data.N": 141260, "second.data.W": 141260.0, "second.data.W2": 132835.4286147654, "second.data.num_per_cell": 0.0009897010670212314, "second.randoms.N": 2816000, "second.randoms.W": 2816000.0, "second.randoms.W2": 2645625.888250053, "second.randoms.num_per_cell": 0.019711448909715212, "second.data.ext": 1, "second.randoms.ext": 1}}, "attrs": {"poles": [0], "dk": 0.005, "kmin": 0.0, "kmax": null, "Nmesh": {"__dtype__": "<i8", "__shape__": [3], "__data__": [512, 512, 512]}, "BoxSize": {"__dtype__": "<f8", "__shape__": [3], "__data__": [2665.0, 5797.0, 2969.0]}, "BoxPad": {"__dtype__": "<f8", "__shape__": [3], "__data__": [0.1, 0.1, 0.1]}, "BoxCenter": {"__dtype__": "<f8", "__shape__": [3], "__data__": [2582.6659631740176, 44.45818371950327, 890.4509743382112]}, "mesh.resampler": "tsc", "mesh.interlaced": true, "alpha": 0.05016335227272727, "data.norm": 1.8463570049014175, "randoms.norm": 1.8443160326741945, "shotnoise": 70288.06696584162, "first.data.N": 141260, "first.data.W": 141260.0,