{"poles": {"dims": ["k"], "edges": [{"__dtype__": "<f8", "__shape__": [46], "__data__": [0.0, 0.005, 0.01, 0.015, 0.02, 0.025, 0.03, 0.035, 0.04, 0.045, 0.05, 0.055, 0.06, 0.065, 0.07, 0.075, 0.08, 0.085, 0.09, 0.095, 0.1, 0.105, 0.11, 0.115, 0.12, 0.125, 0.13, 0.135, 0.14, 0.145, 0.15, 0.155, 0.16, 0.165, 0.17, 0.17500000000000002, 0.18, 0.185, 0.19, 0.195, 0.2, 0.20500000000000002, 0.21, 0.215, 0.22, 0.225]}], "coords": [{"__dtype__": "<f8", "__shape__": [45], "__data__": [0.0025, 0.0075, 0.0125, 0.0175, 0.0225, 0.0275, 0.0325, 0.037500000000000006, 0.042499999999999996, 0.0475, 0.052500000000000005, 0.057499999999999996, 0.0625, 0.0675, 0.07250000000000001, 0.0775, 0.0825, 0.0875, 0.0925, 0.0975, 0.10250000000000001, 0.1075, 0.1125, 0.1175, 0.1225, 0.1275, 0.1325, 0.1375, 0.14250000000000002, 0.1475, 0.1525, 0.1575, 0.1625, 0.1675, 0.17250000000000001, 0.1775, 0.1825, 0.1875, 0.1925, 0.1975, 0.2025, 0.20750000000000002, 0.2125, 0.2175, 0.2225]}], "data": {"__dtype__": [["k", "<f8"], ["power_0", "<c8"], ["modes", "<i8"]], "__shape__": [45], "__data__": [[0.0038124604949970986, {"__complex__": [82551.7109375, 6.970977614595419e-13]}, 167], [0.008045304719267473, {"__complex__": [115851.40625, -2.6898180406111083e-13]}, 1082], [0.012809912756659051, {"__complex__": [109248.7578125, 7.802635761892246e-14]}, 2984], [0.017715433309244185, {"__complex__": [115101.2421875, -9.900114311244684e-14]}, 5806], [0.022669091647761614, {"__complex__": [113529.8046875, -1.591615734878888e-14]}, 9600], [0.02765002119246127, {"__complex__": [105053.0, -3.948272644157397e-14]}, 14374], [0.03263290233536856, {"__complex__": [95769.2734375, 7.285428846914356e-16]}, 19974], [0.03761272013936665, {"__complex__": [91769.375, 4.9287685071524104e-14]}, 26572], [0.04260175757545894, {"__complex__": [87808.8828125, 5.9537907746022144e-15]}, 34218], [0.047587548630681535, {"__complex__": [87778.890625, -1.7813079163835413e-14]}, 42480], [0.052570104151228036, {"__complex__": [84520.0859375, -1.2154537393108209e-14]}, 52080], [0.05756944955461065, {"__complex__": [84789.8515625, -9.298942629568075e-16]}, 62596], [0.06257077522949148, {"__complex__": [81874.0859375, -2.365267719165354e-15]}, 73828], [0.06756176768890902, {"__complex__": [83016.5625, -4.0631730022656215e-15]}, 85954], [0.07255121859525904, {"__complex__": [79743.4765625, 7.743347351936002e-15]}, 99132], [0.07755262400137602, {"__complex__": [79202.9453125, -5.5621697501203986e-15]}, 113806], [0.08255332089930578, {"__complex__": [78218.21875, 4.759750028197982e-15]}, 128406], [0.08755113966916353, {"__complex__": [77131.3359375, 6.8349053630387124e-15]}, 144776], [0.0925464539210429, {"__complex__": [76092.0625, 3.878105620652977e-15]}, 161350], [0.0975407696852722, {"__complex__": [75580.71875, 0.0]}, 179528], [0.10253936843338714, {"__complex__": [73923.1328125, 4.986294919171776e-15]}, 198450], [0.10753330829635703, {"__complex__": [73823.671875, -1.2022842828051479e-15]}, 217864], [0.11253145908249744, {"__complex__": [73226.3046875, -1.3376821817863926e-15]}, 239326], [0.11753431416740862, {"__complex__": [73635.4296875, 6.694896534329971e-16]}, 260830], [0.12253334462183928, {"__complex__": [72344.21875, -4.366149911234907e-15]}, 283296], [0.12753220666506468, {"__complex__": [73017.484375, -2.2742402646974864e-15]}, 307132], [0.13253184583720862, {"__complex__": [71268.421875, 1.0535704964974735e-15]}, 331488], [0.1375304034136141, {"__complex__": [70678.578125, 3.729483525661843e-15]}, 357020], [0.1425296880354727, {"__complex__": [70922.1640625, 1.835456445712551e-15]}, 383528], [0.1475269696696561, {"__complex__": [70427.8125, -2.198078026695695e-15]}, 410458], [0.15252572158497293, {"__complex__": [70388.0546875, 2.4292699521763625e-15]}, 439534], [0.15752614553798203, {"__complex__": [70049.21875, 4.327763648614763e-15]}, 468222], [0.16252439198132457, {"__complex__": [69872.609375, 1.3716163333566496e-15]}, 498638], [0.1675237007706474, {"__complex__": [69605.859375, -3.0208928196803373e-15]}, 529880], [0.1725250298734758, {"__complex__": [69520.84375, -3.158169967134184e-15]}, 562140], [0.1775249124979596, {"__complex__": [69022.4375, -2.1893063652521664e-15]}, 594890], [0.18252291001219376, {"__complex__": [69464.578125, -4.629443750141802e-16]}, 628668], [0.18752197500191278, {"__complex__": [69214.359375, -2.608082207231771e-15]}, 663966], [0.19252241149897908, {"__complex__": [68650.8984375, -4.0955470250261545e-15]}, 699962], [0.19752275891621854, {"__complex__": [68727.578125, 2.4698221773043092e-17]}, 736486], [0.202520204709918, {"__complex__": [68889.8203125, -3.5163725772315024e-15]}, 773868], [0.2075192312193462, {"__complex__": [68427.8828125, 1.4313488320992268e-16]}, 813326], [0.21252078094835136, {"__complex__": [68556.515625, 2.6359692847124612e-15]}, 852920], [0.217518623332359, {"__complex__": [68779.4375, -5.217400023775349e-16]}, 892516], [0.22251541035688588, {"__complex__": [68193.90625, -3.893705572026347e-17]}, 934323]]}, "attrs": {"poles": [0], "dk": 0.005, "kmin": 0.0, "kmax": null, "Nmesh": {"__dtype__": "<i8", "__shape__": [3], "__data__": [512, 512, 512]}, "BoxSize": {"__dtype__": "<f8", "__shape__": [3], "__data__": [3432.0, 7192.0, 3020.0]}, "BoxPad": {"__dtype__": "<f8", "__shape__": [3], "__data__": [0.1, 0.1, 0.1]}, "BoxCenter": {"__dtype__": "<f8", "__shape__": [3], "__data__": [-1750.1629678974402, 35.39290098772153, 1912.171961766124]}, "mesh.resampler": "tsc", "mesh.interlaced": true, "alpha": 0.04999275081503928, "data.norm": 1.790300515290022, "randoms.norm": 1.7985415775257485, "shotnoise": 66530.01805268478, "first.data.N": 240337, "first.data.W": 240337.0, "first.data.W2": 206999.97744315167, "first.data.num_per_cell": 0.001542270015501616, "first.randoms.N": 4807437, "first.randoms.W": 4807437.0, "first.randoms.W2": 4143938.155815553, "first.randoms.num_per_cell": 0.03087474521857167, "first.data.ext": 1, "first.randoms.ext": 1, "second.data.N": 240337, "second.data.W": 240337.0, "second.data.W2": 122369.02156632695, "second.data.num_per_cell": 0.000911720257746629, "second.randoms.N": 4807437, "second.randoms.W": 4807437.0, "second.randoms.W2": 2461211.5208428167, "second.randoms.num_per_cell": 0.018337454802116876, "second.data.ext": 1, "second.randoms.ext": 1}}, "attrs": {"poles": [0], "dk": 0.005, "kmin": 0.0, "kmax": null, "Nmesh": {"__dtype__": "<i8", "__shape__": [3], "__data__": [512, 512, 512]}, "BoxSize": {"__dtype__": "<f8", "__shape__": [3], "__data__": [3432.0, 7192.0, 3020.0]}, "BoxPad": {"__dtype__": "<f8", "__shape__": [3], "__data__": [0.1, 0.1, 0.1]}, "BoxCenter": {"__dtype__": "<f8", "__shape__": [3], "__data__": [-1750.1629678974402, 35.39290098772153, 1912.171961766124]}, "mesh.resampler": "tsc", "mesh.interlaced": true, "alpha": 0.04999275081503928, "data.norm": 1.790300515290022, "randoms.norm": 1.7985415775257485, "shotnoise": 66530.01805268478, "first.data.N": 240337, "first.data.W": 240337.0, "first.data.W2": 206999.97744315167, "first.data.num_per_cell": 0.001542270015501616, "first.randoms.N": 4807437, "first.randoms.W": 4807437.0, "first.randoms.W2": 4143938.155815553, "first.randoms.num_per_cell": 0.03087474521857167, "first.data.ext": 1, "first.randoms.ext": 1, "second.data.N": 240337, "second.data.W": 240337.0, "second.data.W2": 122369.02156632695, "second.data.num_per_cell": 0.000911720257746629, "second.randoms.N": 4807437, "second.randoms.W": 4807437.0, "second.randoms.W2": 2461211.5208428167, "second.randoms.num_per_cell": 0.018337454802116876, "second.data.ext": 1, "second.randoms.ext": 1, "p": 1.6, "zmin": 0.8, "zmax": 2.2, "P0_FKP": 30000.0, "z-weighted": true, "hashkeys": ["Nmesh", "P0_FKP", "dk", "kmin", "mesh.window", "mesh.interlaced", "poles", "p", "BoxPad", "zmin", "zmax", "z-weighted"]}}