{"poles": {"dims": ["k"], "edges": [{"__dtype__": "<f8", "__shape__": [46], "__data__": [0.0, 0.005, 0.01, 0.015, 0.02, 0.025, 0.03, 0.035, 0.04, 0.045, 0.05, 0.055, 0.06, 0.065, 0.07, 0.075, 0.08, 0.085, 0.09, 0.095, 0.1, 0.105, 0.11, 0.115, 0.12, 0.125, 0.13, 0.135, 0.14, 0.145, 0.15, 0.155, 0.16, 0.165, 0.17, 0.17500000000000002, 0.18, 0.185, 0.19, 0.195, 0.2, 0.20500000000000002, 0.21, 0.215, 0.22, 0.225]}], "coords": [{"__dtype__": "<f8", "__shape__": [45], "__data__": [0.0025, 0.0075, 0.0125, 0.0175, 0.0225, 0.0275, 0.0325, 0.037500000000000006, 0.042499999999999996, 0.0475, 0.052500000000000005, 0.057499999999999996, 0.0625, 0.0675, 0.07250000000000001, 0.0775, 0.0825, 0.0875, 0.0925, 0.0975, 0.10250000000000001, 0.1075, 0.1125, 0.1175, 0.1225, 0.1275, 0.1325, 0.1375, 0.14250000000000002, 0.1475, 0.1525, 0.1575, 0.1625, 0.1675, 0.17250000000000001, 0.1775, 0.1825, 0.1875, 0.1925, 0.1975, 0.2025, 0.20750000000000002, 0.2125, 0.2175, 0.2225]}], "data": {"__dtype__": [["k", "<f8"], ["power_0", "<c8"], ["modes", "<i8"]], "__shape__": [45], "__data__": [[0.0038124604949970986, {"__complex__": [-113525.6640625, 3.4854888072977097e-13]}, 167], [0.008045304719267473, {"__complex__": [-155331.90625, -1.6138907701565564e-13]}, 1082], [0.012809912756659051, {"__complex__": [-136919.5625, -2.340790593042402e-13]}, 2984], [0.017715433309244185, {"__complex__": [-141626.546875, -1.8045778087984188e-13]}, 5806], [0.022669091647761614, {"__complex__": [-139141.390625, 1.9705718380300628e-14]}, 9600], [0.02765002119246127, {"__complex__": [-128742.1015625, 4.555698944171474e-14]}, 14374], [0.03263290233536856, {"__complex__": [-122288.1015625, 1.7485028385561506e-14]}, 19974], [0.03761272013936665, {"__complex__": [-114929.9921875, 1.6429228921863333e-15]}, 26572], [0.04260175757545894, {"__complex__": [-111312.5390625, -3.0619495654249373e-14]}, 34218], [0.047587548630681535, {"__complex__": [-111491.1328125, 0.0]}, 42480], [0.052570104151228036, {"__complex__": [-107893.9375, -1.2294244466329492e-14]}, 52080], [0.05756944955461065, {"__complex__": [-107518.2578125, -1.2088625524317616e-14]}, 62596], [0.06257077522949148, {"__complex__": [-102838.7265625, 1.419160589147565e-14]}, 73828], [0.06756176768890902, {"__complex__": [-102607.0078125, -5.417563861848671e-15]}, 85954], [0.07255121859525904, {"__complex__": [-103008.1015625, 1.578028204086274e-15]}, 99132], [0.07755262400137602, {"__complex__": [-98823.5078125, 3.068783427243385e-15]}, 113806], [0.08255332089930578, {"__complex__": [-97362.2578125, -1.7225761764802332e-14]}, 128406], [0.08755113966916353, {"__complex__": [-96406.546875, 0.0]}, 144776], [0.0925464539210429, {"__complex__": [-94342.4921875, 6.313195430330805e-16]}, 161350], [0.0975407696852722, {"__complex__": [-93848.828125, -1.945356429519955e-15]}, 179528], [0.10253936843338714, {"__complex__": [-92039.3515625, 4.25301637915136e-15]}, 198450], [0.10753330829635703, {"__complex__": [-90875.1328125, -1.4427412240694722e-14]}, 217864], [0.11253145908249744, {"__complex__": [-90888.90625, -1.94571959489609e-15]}, 239326], [0.11753431416740862, {"__complex__": [-90785.640625, 2.5886932842559413e-14]}, 260830], [0.12253334462183928, {"__complex__": [-90975.5390625, -3.0819881414954876e-16]}, 283296], [0.12753220666506468, {"__complex__": [-88847.2265625, -3.3639803385921395e-15]}, 307132], [0.13253184583720862, {"__complex__": [-88003.5234375, 3.6874965259829206e-15]}, 331488], [0.1375304034136141, {"__complex__": [-88500.1015625, -2.1194879805088362e-15]}, 357020], [0.1425296880354727, {"__complex__": [-86936.46875, -4.02187845202108e-15]}, 383528], [0.1475269696696561, {"__complex__": [-86679.3125, -9.92680474292914e-16]}, 410458], [0.15252572158497293, {"__complex__": [-87305.3125, 1.7547027597410495e-15]}, 439534], [0.15752614553798203, {"__complex__": [-86093.6015625, -1.4917964384075235e-15]}, 468222], [0.16252439198132457, {"__complex__": [-85140.1484375, -8.200514750491671e-15]}, 498638], [0.1675237007706474, {"__complex__": [-84922.9296875, 1.0985064413822614e-16]}, 529880], [0.1725250298734758, {"__complex__": [-84805.203125, -1.6567448816987474e-15]}, 562140], [0.1775249124979596, {"__complex__": [-84706.1953125, 7.827687163647942e-16]}, 594890], [0.18252291001219376, {"__complex__": [-84679.4609375, -1.7128941663766429e-15]}, 628668], [0.18752197500191278, {"__complex__": [-84472.484375, 1.9724991767982453e-15]}, 663966], [0.19252241149897908, {"__complex__": [-85210.6640625, -5.1558154345540414e-15]}, 699962], [0.19752275891621854, {"__complex__": [-84541.2578125, 8.496187800235901e-16]}, 736486], [0.202520204709918, {"__complex__": [-84661.65625, -2.2752999029145016e-15]}, 773868], [0.2075192312193462, {"__complex__": [-83815.0625, 8.588092992595361e-16]}, 813326], [0.21252078094835136, {"__complex__": [-83937.625, 1.85968052921284e-15]}, 852920], [0.217518623332359, {"__complex__": [-82786.703125, 5.2173998120171126e-15]}, 892516], [0.22251541035688588, {"__complex__": [-82944.484375, -4.610147492570401e-15]}, 934323]]}, "attrs": {"poles": [0], "dk": 0.005, "kmin": 0.0, "kmax": null, "Nmesh": {"__dtype__": "<i8", "__shape__": [3], "__data__": [512, 512, 512]}, "BoxSize": {"__dtype__": "<f8", "__shape__": [3], "__data__": [3432.0, 7192.0, 3020.0]}, "BoxPad": {"__dtype__": "<f8", "__shape__": [3], "__data__": [0.1, 0.1, 0.1]}, "BoxCenter": {"__dtype__": "<f8", "__shape__": [3], "__data__": [-1750.1629678974402, 35.39290098772153, 1912.171961766124]}, "mesh.resampler": "tsc", "mesh.interlaced": true, "alpha": 0.049950524572656904, "data.norm": -1.487299079839609, "randoms.norm": -1.4846144137373847, "shotnoise": 54386.57165044126, "first.data.N": 240134, "first.data.W": 240134.0, "first.data.W2": 206918.73449839975, "first.data.num_per_cell": 0.0015416647083938103, "first.randoms.N": 4807437, "first.randoms.W": 4807437.0, "first.randoms.W2": 4143938.155815553, "first.randoms.num_per_cell": 0.03087474521857167, "first.data.ext": 1, "first.randoms.ext": 1, "second.data.N": 240134, "second.data.W": 240134.0, "second.data.W2": -97897.43819683253, "second.data.num_per_cell": -0.0007293927535178701, "second.randoms.N": 4807437, "second.randoms.W": 4807437.0, "second.randoms.W2": -1956847.5447547096, "second.randoms.num_per_cell": -0.014579650348087472, "second.data.ext": 1, "second.randoms.ext": 1}}, "attrs": {"poles": [0], "dk": 0.005, "kmin": 0.0, "kmax": null, "Nmesh": {"__dtype__": "<i8", "__shape__": [3], "__data__": [512, 512, 512]}, "BoxSize": {"__dtype__": "<f8", "__shape__": [3], "__data__": [3432.0, 7192.0, 3020.0]}, "BoxPad": {"__dtype__": "<f8", "__shape__": [3], "__data__": [0.1, 0.1, 0.1]}, "BoxCenter": {"__dtype__": "<f8", "__shape__": [3], "__data__": [-1750.1629678974402, 35.39290098772153, 1912.171961766124]}, "mesh.resampler": "tsc", "mesh.interlaced": true, "alpha": 0.049950524572656904, "data.norm": -1.487299079839609, "randoms.norm": -1.4846144137373847, "shotnoise": 54386.57165044126, "first.data.N": 240134, "first.data.W": 240134.0, "first.data.W2": 206918.73449839975, "first.data.num_per_cell": 0.0015416647083938103, "first.randoms.N": 4807437, "first.randoms.W": 4807437.0, "first.randoms.W2": 4143938.155815553, "first.randoms.num_per_cell": 0.03087474521857167, "first.data.ext": 1, "first.randoms.ext": 1, "second.data.N": 240134, "second.data.W": 240134.0, "second.data.W2": -97897.43819683253, "second.data.num_per_cell": -0.0007293927535178701, "second.randoms.N": 4807437, "second.randoms.W": 4807437.0, "second.randoms.W2": -1956847.5447547096, "second.randoms.num_per_cell": -0.014579650348087472, "second.data.ext": 1, "second.randoms.ext": 1, "p": 3.0, "zmin": 0.8, "zmax": 2.2, "P0_FKP": 30000.0, "z-weighted": true, "hashkeys": ["Nmesh", "P0_FKP", "dk", "kmin", "mesh.window", "mesh.interlaced", "poles", "p", "BoxPad", "zmin", "zmax", "z-weighted"]}}