{"poles": {"dims": ["k"], "edges": [{"__dtype__": "<f8", "__shape__": [56], "__data__": [0.0, 0.005, 0.01, 0.015, 0.02, 0.025, 0.03, 0.035, 0.04, 0.045, 0.05, 0.055, 0.06, 0.065, 0.07, 0.075, 0.08, 0.085, 0.09, 0.095, 0.1, 0.105, 0.11, 0.115, 0.12, 0.125, 0.13, 0.135, 0.14, 0.145, 0.15, 0.155, 0.16, 0.165, 0.17, 0.17500000000000002, 0.18, 0.185, 0.19, 0.195, 0.2, 0.20500000000000002, 0.21, 0.215, 0.22, 0.225, 0.23, 0.23500000000000001, 0.24, 0.245, 0.25, 0.255, 0.26, 0.265, 0.27, 0.275]}], "coords": [{"__dtype__": "<f8", "__shape__": [55], "__data__": [0.0025, 0.0075, 0.0125, 0.0175, 0.0225, 0.0275, 0.0325, 0.037500000000000006, 0.042499999999999996, 0.0475, 0.052500000000000005, 0.057499999999999996, 0.0625, 0.0675, 0.07250000000000001, 0.0775, 0.0825, 0.0875, 0.0925, 0.0975, 0.10250000000000001, 0.1075, 0.1125, 0.1175, 0.1225, 0.1275, 0.1325, 0.1375, 0.14250000000000002, 0.1475, 0.1525, 0.1575, 0.1625, 0.1675, 0.17250000000000001, 0.1775, 0.1825, 0.1875, 0.1925, 0.1975, 0.2025, 0.20750000000000002, 0.2125, 0.2175, 0.2225, 0.2275, 0.2325, 0.2375, 0.2425, 0.2475, 0.2525, 0.2575, 0.2625, 0.2675, 0.2725]}], "data": {"__dtype__": [["k", "<f8"], ["power_0", "<c8"], ["modes", "<i8"]], "__shape__": [55], "__data__": [[0.00381582870963149, {"__complex__": [-63699.265625, 5.763134652662927e-13]}, 101], [0.008101265444645324, {"__complex__": [-61697.01953125, 1.265383875155915e-13]}, 690], [0.012881094428097399, {"__complex__": [-81040.0546875, 1.2612710897398627e-13]}, 1846], [0.01776898906732117, {"__complex__": [-77703.3515625, 8.927555146965443e-14]}, 3586], [0.022691540015953332, {"__complex__": [-74985.890625, -3.966450648831832e-14]}, 5870], [0.027646924733755237, {"__complex__": [-79540.359375, -2.642799546640883e-14]}, 8810], [0.03262381701015117, {"__complex__": [-73630.1953125, 6.5080120552872284e-15]}, 12298], [0.03761603546573974, {"__complex__": [-70438.015625, -2.5257587362749467e-14]}, 16420], [0.042615513382507485, {"__complex__": [-69079.3671875, 1.7279276247618674e-15]}, 21054], [0.04759756059586297, {"__complex__": [-65193.66796875, 8.899573582959487e-15]}, 26162], [0.05257971257242345, {"__complex__": [-63737.53125, -2.7271206177488646e-15]}, 32016], [0.05757077253850946, {"__complex__": [-63371.19921875, 1.0601936165186444e-14]}, 38432], [0.06256656704432612, {"__complex__": [-63000.60546875, 4.560675262736593e-15]}, 45468], [0.06756224221830869, {"__complex__": [-62271.359375, -3.301251196100854e-15]}, 52896], [0.07255395967994632, {"__complex__": [-62841.27734375, -8.57760958344455e-15]}, 61074], [0.077549843044251, {"__complex__": [-60477.390625, 1.2508809770330268e-14]}, 69800], [0.08254670444516676, {"__complex__": [-59308.36328125, 4.232882829511599e-15]}, 79070], [0.0875450730828665, {"__complex__": [-57387.30078125, -5.228506955054458e-15]}, 89062], [0.09254706284502398, {"__complex__": [-57259.49609375, 5.848135167014384e-16]}, 99532], [0.09754654727165055, {"__complex__": [-57069.94140625, 6.587199894976612e-15]}, 110456], [0.10254482204994865, {"__complex__": [-56375.43359375, 1.905636301766122e-15]}, 122180], [0.10754221436417905, {"__complex__": [-57407.85546875, 4.447605681640564e-15]}, 134146], [0.11253731368411114, {"__complex__": [-56373.53515625, 3.562764995269094e-15]}, 147040], [0.11753494034207632, {"__complex__": [-55983.0234375, -1.9842612880620553e-15]}, 160424], [0.12253330115342949, {"__complex__": [-55375.93359375, 1.6067520442397329e-15]}, 174342], [0.12753356291363982, {"__complex__": [-54786.078125, -2.0779653666432463e-15]}, 189080], [0.13253370854762594, {"__complex__": [-54506.57421875, 2.211992660436715e-15]}, 203938], [0.13752961459817578, {"__complex__": [-54695.82421875, -2.8011991547004103e-15]}, 219484], [0.1425281107820362, {"__complex__": [-54775.66796875, -6.470749805388091e-15]}, 236132], [0.1475274145760076, {"__complex__": [-54153.3046875, -1.6775164589060278e-15]}, 252650], [0.1525290822685407, {"__complex__": [-54227.484375, -4.731840716102427e-15]}, 270628], [0.1575299612384668, {"__complex__": [-53751.22265625, -1.8689976798744005e-15]}, 288080], [0.16252169358652926, {"__complex__": [-53088.61328125, -1.093549816333166e-15]}, 306062], [0.16752062292264278, {"__complex__": [-53186.11328125, -1.4700164684765368e-15]}, 326672], [0.1725228620785395, {"__complex__": [-53296.19921875, 1.3479221748439866e-15]}, 345466], [0.1775209487576261, {"__complex__": [-53030.3125, 2.384387158609015e-16]}, 366180], [0.1825256448391732, {"__complex__": [-52629.14453125, -2.2518514898356608e-15]}, 387732], [0.18752632321603607, {"__complex__": [-52530.265625, -3.4241311127919827e-15]}, 407982], [0.19252140078705848, {"__complex__": [-52500.453125, 3.381854216086863e-16]}, 430294], [0.19751872595109427, {"__complex__": [-52499.08984375, -2.1114911424538084e-15]}, 453134], [0.20251834237475713, {"__complex__": [-52596.3125, -2.1375357115159836e-15]}, 476546], [0.2075189401846281, {"__complex__": [-52247.61328125, -3.3737771216600827e-15]}, 500336], [0.21252015430968035, {"__complex__": [-51848.09765625, 1.8015353172738582e-16]}, 525038], [0.21752001193636755, {"__complex__": [-51578.41796875, 1.3245293251412522e-17]}, 549324], [0.22251920952356846, {"__complex__": [-52203.9140625, -1.7195943028685428e-15]}, 575444], [0.22751862790843796, {"__complex__": [-52021.6171875, -1.1528716629150026e-15]}, 601138], [0.23251697255054365, {"__complex__": [-51930.09375, -1.6221578794843941e-15]}, 627950], [0.23751700822531546, {"__complex__": [-51773.53515625, 4.1060835325548467e-16]}, 655638], [0.24251727793025477, {"__complex__": [-51851.40234375, 2.0448673424710477e-15]}, 683166], [0.24751389003994526, {"__complex__": [-51781.53125, -1.0900119714707217e-15]}, 710900], [0.2525134489582163, {"__complex__": [-51508.0078125, 1.108670307353721e-15]}, 741594], [0.2575160115814785, {"__complex__": [-51557.29296875, 1.775471478212133e-15]}, 770432], [0.2625147120015445, {"__complex__": [-51582.62109375, -2.2911934173785444e-15]}, 800256], [0.2675154267702453, {"__complex__": [-51801.27734375, 1.5388748472532727e-15]}, 832146], [0.2725162642594614, {"__complex__": [-51449.84765625, 1.4174008993754678e-15]}, 862396]]}, "attrs": {"poles": [0], "dk": 0.005, "kmin": 0.0, "kmax": null, "Nmesh": {"__dtype__": "<i8", "__shape__": [3], "__data__": [512, 512, 512]}, "BoxSize": {"__dtype__": "<f8", "__shape__": [3], "__data__": [2665.0, 5797.0, 2969.0]}, "BoxPad": {"__dtype__": "<f8", "__shape__": [3], "__data__": [0.1, 0.1, 0.1]}, "BoxCenter": {"__dtype__": "<f8", "__shape__": [3], "__data__": [2582.6659631740176, 44.45818371950327, 890.4509743382112]}, "mesh.resampler": "tsc", "mesh.interlaced": true, "alpha": 0.05024893465909091, "data.norm": -0.833595545049418, "randoms.norm": -0.8332678216518615, "shotnoise": 60750.513836718645, "first.data.N": 141501, "first.data.W": 141501.0, "first.data.W2": 126070.34237330059, "first.data.num_per_cell": 0.0009392972467340573, "first.randoms.N": 2816000, "first.randoms.W": 2816000.0, "first.randoms.W2": 2508954.182162565, "first.randoms.num_per_cell": 0.0186931653481913, "first.data.ext": 1, "first.randoms.ext": 1, "second.data.N": 141501, "second.data.W": 141501.0, "second.data.W2": -58972.79059080447, "second.data.num_per_cell": -0.0004393815293222999, "second.randoms.N": 2816000, "second.randoms.W": 2816000.0, "second.randoms.W2": -1173049.6557325185, "second.randoms.num_per_cell": -0.008739901004228879, "second.data.ext": 1, "second.randoms.ext": 1}}, "attrs": {"poles": [0], "dk": 0.005, "kmin": 0.0, "kmax": null, "Nmesh": {"__dtype__": "<i8", "__shape__": [3], "__data__": [512, 512, 512]}, "BoxSize": {"__dtype__": "<f8", "__shape__": [3], "__data__": [2665.0, 5797.0, 2969.0]}, "BoxPad": {"__dtype__": "<f8", "__shape__": [3], "__data__": [0.1, 0.1, 0.1]}, "BoxCenter": {"__dtype__": "<f8", "__shape__": [3], "__data__": [2582.6659631740176, 44.45818371950327, 890.4509743382112]}, "mesh.resampler": "tsc", "mesh.interlaced": true, "alpha": 0.05024893465909091, "data.norm": -0.833595545049418,