{"poles": {"dims": ["k"], "edges": [{"__dtype__": "<f8", "__shape__": [46], "__data__": [0.0, 0.005, 0.01, 0.015, 0.02, 0.025, 0.03, 0.035, 0.04, 0.045, 0.05, 0.055, 0.06, 0.065, 0.07, 0.075, 0.08, 0.085, 0.09, 0.095, 0.1, 0.105, 0.11, 0.115, 0.12, 0.125, 0.13, 0.135, 0.14, 0.145, 0.15, 0.155, 0.16, 0.165, 0.17, 0.17500000000000002, 0.18, 0.185, 0.19, 0.195, 0.2, 0.20500000000000002, 0.21, 0.215, 0.22, 0.225]}], "coords": [{"__dtype__": "<f8", "__shape__": [45], "__data__": [0.0025, 0.0075, 0.0125, 0.0175, 0.0225, 0.0275, 0.0325, 0.037500000000000006, 0.042499999999999996, 0.0475, 0.052500000000000005, 0.057499999999999996, 0.0625, 0.0675, 0.07250000000000001, 0.0775, 0.0825, 0.0875, 0.0925, 0.0975, 0.10250000000000001, 0.1075, 0.1125, 0.1175, 0.1225, 0.1275, 0.1325, 0.1375, 0.14250000000000002, 0.1475, 0.1525, 0.1575, 0.1625, 0.1675, 0.17250000000000001, 0.1775, 0.1825, 0.1875, 0.1925, 0.1975, 0.2025, 0.20750000000000002, 0.2125, 0.2175, 0.2225]}], "data": {"__dtype__": [["k", "<f8"], ["power_0", "<c8"], ["modes", "<i8"]], "__shape__": [45], "__data__": [[0.0038124604949970986, {"__complex__": [93317.3671875, -1.8734501797124103e-12]}, 167], [0.008045304719267473, {"__complex__": [95951.0703125, -3.3622724830012496e-13]}, 1082], [0.012809912756659051, {"__complex__": [107301.9765625, 1.5605271523784492e-13]}, 2984], [0.017715433309244185, {"__complex__": [106160.953125, 1.1278611643803296e-13]}, 5806], [0.022669091647761614, {"__complex__": [105554.84375, -9.094946814441375e-15]}, 9600], [0.02765002119246127, {"__complex__": [98351.4375, -1.7210418609995767e-14]}, 14374], [0.03263290233536856, {"__complex__": [92979.6875, 1.1656686155062969e-14]}, 19974], [0.03761272013936665, {"__complex__": [90331.6796875, 2.4780753553224448e-14]}, 26572], [0.04260175757545894, {"__complex__": [88858.21875, -8.505415271284171e-15]}, 34218], [0.047587548630681535, {"__complex__": [85241.3203125, -1.7299240178910748e-14]}, 42480], [0.052570104151228036, {"__complex__": [84008.4453125, -1.2294244466329492e-14]}, 52080], [0.05756944955461065, {"__complex__": [83224.5078125, 6.625496372104347e-15]}, 62596], [0.06257077522949148, {"__complex__": [79897.8359375, -7.884225554085982e-16]}, 73828], [0.06756176768890902, {"__complex__": [80694.390625, -3.3859774136554192e-16]}, 85954], [0.07255121859525904, {"__complex__": [79687.7890625, -9.10118605913085e-15]}, 99132], [0.07755262400137602, {"__complex__": [77763.296875, -9.821705318350301e-15]}, 113806], [0.08255332089930578, {"__complex__": [76246.03125, -3.2439962157894365e-15]}, 128406], [0.08755113966916353, {"__complex__": [74690.4375, 5.402590436923583e-15]}, 144776], [0.0925464539210429, {"__complex__": [73738.1796875, 9.018850142083657e-17]}, 161350], [0.0975407696852722, {"__complex__": [72413.265625, -6.970860927336606e-15]}, 179528], [0.10253936843338714, {"__complex__": [72272.59375, 6.599508130733164e-15]}, 198450], [0.10753330829635703, {"__complex__": [71619.6328125, 7.213706120347361e-15]}, 217864], [0.11253145908249744, {"__complex__": [70499.3671875, -2.1281308929443823e-15]}, 239326], [0.11753431416740862, {"__complex__": [70464.4765625, 2.23163217810999e-15]}, 260830], [0.12253334462183928, {"__complex__": [70030.5390625, -3.236087469160923e-15]}, 283296], [0.12753220666506468, {"__complex__": [69435.6875, -2.3690002757265484e-16]}, 307132], [0.13253184583720862, {"__complex__": [69339.0234375, -3.3747179635062454e-15]}, 331488], [0.1375304034136141, {"__complex__": [69534.125, -2.16024741768895e-15]}, 357020], [0.1425296880354727, {"__complex__": [69418.34375, -2.845668860887294e-16]}, 383528], [0.1475269696696561, {"__complex__": [68603.6640625, -1.5776528626115218e-15]}, 410458], [0.15252572158497293, {"__complex__": [67979.0, -1.870579302145161e-15]}, 439534], [0.15752614553798203, {"__complex__": [68330.671875, -1.7093501805253309e-15]}, 468222], [0.16252439198132457, {"__complex__": [67537.9609375, -4.1221448654215644e-16]}, 498638], [0.1675237007706474, {"__complex__": [67877.21875, 4.531339335399624e-16]}, 529880], [0.1725250298734758, {"__complex__": [67342.7265625, 4.737254950701276e-15]}, 562140], [0.1775249124979596, {"__complex__": [66704.53125, -1.5410759682458314e-15]}, 594890], [0.18252291001219376, {"__complex__": [66628.34375, -2.7776661442059625e-16]}, 628668], [0.18752197500191278, {"__complex__": [66724.765625, 3.4737901133906606e-15]}, 663966], [0.19252241149897908, {"__complex__": [66923.1640625, 2.0685630891704868e-15]}, 699962], [0.19752275891621854, {"__complex__": [66418.3125, 2.1438056611497967e-15]}, 736486], [0.202520204709918, {"__complex__": [66620.125, 2.3129081657725925e-15]}, 773868], [0.2075192312193462, {"__complex__": [65944.5234375, -1.936793985214398e-15]}, 813326], [0.21252078094835136, {"__complex__": [66535.390625, 7.123088629825964e-16]}, 852920], [0.217518623332359, {"__complex__": [66363.140625, 1.3084260873047027e-15]}, 892516], [0.22251541035688588, {"__complex__": [66082.3515625, -2.6788695976667602e-15]}, 934323]]}, "attrs": {"poles": [0], "dk": 0.005, "kmin": 0.0, "kmax": null, "Nmesh": {"__dtype__": "<i8", "__shape__": [3], "__data__": [512, 512, 512]}, "BoxSize": {"__dtype__": "<f8", "__shape__": [3], "__data__": [3432.0, 7192.0, 3020.0]}, "BoxPad": {"__dtype__": "<f8", "__shape__": [3], "__data__": [0.1, 0.1, 0.1]}, "BoxCenter": {"__dtype__": "<f8", "__shape__": [3], "__data__": [-1750.1629678974402, 35.39290098772153, 1912.171961766124]}, "mesh.resampler": "tsc", "mesh.interlaced": true, "alpha": 0.04987584860706443, "data.norm": 3.1934277531696598, "randoms.norm": 3.1986491844382443, "shotnoise": 64278.0982158429, "first.data.N": 239775, "first.data.W": 239775.0, "first.data.W2": 206592.23693326255, "first.data.num_per_cell": 0.0015392321119700562, "first.randoms.N": 4807437, "first.randoms.W": 4807437.0, "first.randoms.W2": 4143938.155815553, "first.randoms.num_per_cell": 0.03087474521857167, "first.data.ext": 1, "first.randoms.ext": 1, "second.data.N": 239775, "second.data.W": 239775.0, "second.data.W2": 216788.83324462175, "second.data.num_per_cell": 0.0016152026746021342, "second.randoms.N": 4807437, "second.randoms.W": 4807437.0, "second.randoms.W2": 4354665.513585001, "second.randoms.num_per_cell": 0.03244478638160975, "second.data.ext": 1, "second.randoms.ext": 1}}, "attrs": {"poles": [0], "dk": 0.005, "kmin": 0.0, "kmax": null, "Nmesh": {"__dtype__": "<i8", "__shape__": [3], "__data__": [512, 512, 512]}, "BoxSize": {"__dtype__": "<f8", "__shape__": [3], "__data__": [3432.0, 7192.0, 3020.0]}, "BoxPad": {"__dtype__": "<f8", "__shape__": [3], "__data__": [0.1, 0.1, 0.1]}, "BoxCenter": {"__dtype__": "<f8", "__shape__": [3], "__data__": [-1750.1629678974402, 35.39290098772153, 1912.171961766124]}, "mesh.resampler": "tsc", "mesh.interlaced": true, "alpha": 0.04987584860706443, "data.norm": 3.1934277531696598, "randoms.norm": 3.1986491844382443, "shotnoise": 64278.0982158429, "first.data.N": 239775, "first.data.W": 239775.0, "first.data.W2": 206592.23693326255, "first.data.num_per_cell": 0.0015392321119700562, "first.randoms.N": 4807437, "first.randoms.W": 4807437.0, "first.randoms.W2": 4143938.155815553, "first.randoms.num_per_cell": 0.03087474521857167, "first.data.ext": 1, "first.randoms.ext": 1, "second.data.N": 239775, "second.data.W": 239775.0, "second.data.W2": 216788.83324462175, "second.data.num_per_cell": 0.0016152026746021342, "second.randoms.N": 4807437, "second.randoms.W": 4807437.0, "second.randoms.W2": 4354665.513585001, "second.randoms.num_per_cell": 0.03244478638160975, "second.data.ext": 1, "second.randoms.ext": 1, "p": 1.0, "zmin": 0.8, "zmax": 2.2, "P0_FKP": 30000.0, "z-weighted": true, "hashkeys": ["Nmesh", "P0_FKP", "dk", "kmin", "mesh.window", "mesh.interlaced", "poles", "p", "BoxPad", "zmin", "zmax", "z-weighted"]}}