{"poles": {"dims": ["k"], "edges": [{"__dtype__": "<f8", "__shape__": [46], "__data__": [0.0, 0.005, 0.01, 0.015, 0.02, 0.025, 0.03, 0.035, 0.04, 0.045, 0.05, 0.055, 0.06, 0.065, 0.07, 0.075, 0.08, 0.085, 0.09, 0.095, 0.1, 0.105, 0.11, 0.115, 0.12, 0.125, 0.13, 0.135, 0.14, 0.145, 0.15, 0.155, 0.16, 0.165, 0.17, 0.17500000000000002, 0.18, 0.185, 0.19, 0.195, 0.2, 0.20500000000000002, 0.21, 0.215, 0.22, 0.225]}], "coords": [{"__dtype__": "<f8", "__shape__": [45], "__data__": [0.0025, 0.0075, 0.0125, 0.0175, 0.0225, 0.0275, 0.0325, 0.037500000000000006, 0.042499999999999996, 0.0475, 0.052500000000000005, 0.057499999999999996, 0.0625, 0.0675, 0.07250000000000001, 0.0775, 0.0825, 0.0875, 0.0925, 0.0975, 0.10250000000000001, 0.1075, 0.1125, 0.1175, 0.1225, 0.1275, 0.1325, 0.1375, 0.14250000000000002, 0.1475, 0.1525, 0.1575, 0.1625, 0.1675, 0.17250000000000001, 0.1775, 0.1825, 0.1875, 0.1925, 0.1975, 0.2025, 0.20750000000000002, 0.2125, 0.2175, 0.2225]}], "data": {"__dtype__": [["k", "<f8"], ["power_0", "<c8"], ["modes", "<i8"]], "__shape__": [45], "__data__": [[0.0038124604949970986, {"__complex__": [94496.7421875, 3.4854888072977097e-13]}, 167], [0.008045304719267473, {"__complex__": [89603.046875, 8.069453850782782e-14]}, 1082], [0.012809912756659051, {"__complex__": [112307.9921875, 1.462994222295455e-13]}, 2984], [0.017715433309244185, {"__complex__": [104407.328125, 2.4061037450645584e-13]}, 5806], [0.022669091647761614, {"__complex__": [105163.8046875, -1.0610771565859253e-14]}, 9600], [0.02765002119246127, {"__complex__": [101796.453125, -4.454461227502461e-14]}, 14374], [0.03263290233536856, {"__complex__": [98409.7578125, 0.0]}, 19974], [0.03761272013936665, {"__complex__": [94550.9296875, 2.1905637856623654e-15]}, 26572], [0.04260175757545894, {"__complex__": [90297.734375, 5.95379052049233e-14]}, 34218], [0.047587548630681535, {"__complex__": [89453.0546875, 5.052748465532138e-15]}, 42480], [0.052570104151228036, {"__complex__": [86394.4921875, -1.941931790610911e-14]}, 52080], [0.05756944955461065, {"__complex__": [83576.203125, -5.346892091410982e-15]}, 62596], [0.06257077522949148, {"__complex__": [82779.8125, 6.5044862806442824e-15]}, 73828], [0.06756176768890902, {"__complex__": [81357.703125, 1.8368927594812103e-14]}, 85954], [0.07255121859525904, {"__complex__": [81721.0703125, 8.880995609327359e-15]}, 99132], [0.07755262400137602, {"__complex__": [80018.40625, -9.334215834348823e-15]}, 113806], [0.08255332089930578, {"__complex__": [78950.5703125, -6.346332947414169e-15]}, 128406], [0.08755113966916353, {"__complex__": [76797.1796875, 2.814372634612583e-15]}, 144776], [0.0925464539210429, {"__complex__": [76340.515625, -6.313195430330805e-16]}, 161350], [0.0975407696852722, {"__complex__": [73592.3515625, -3.546222812386132e-16]}, 179528], [0.10253936843338714, {"__complex__": [74311.5859375, 8.799344068431767e-16]}, 198450], [0.10753330829635703, {"__complex__": [74037.328125, 2.6383462709206936e-15]}, 217864], [0.11253145908249744, {"__complex__": [73744.2734375, -3.739429810044976e-15]}, 239326], [0.11753431416740862, {"__complex__": [72330.1484375, 1.7295148586259036e-15]}, 260830], [0.12253334462183928, {"__complex__": [72548.6640625, 1.6437270440906328e-15]}, 283296], [0.12753220666506468, {"__complex__": [71900.7890625, -3.624570448331399e-15]}, 307132], [0.13253184583720862, {"__complex__": [71398.7890625, -2.019343486913197e-15]}, 331488], [0.1375304034136141, {"__complex__": [71393.84375, 4.3204948353779e-15]}, 357020], [0.1425296880354727, {"__complex__": [72092.71875, 3.3768603215880884e-15]}, 383528], [0.1475269696696561, {"__complex__": [71031.765625, 1.0635861846427228e-16]}, 410458], [0.15252572158497293, {"__complex__": [70731.34375, 9.932279884490854e-17]}, 439534], [0.15752614553798203, {"__complex__": [69949.453125, -4.0402820427451924e-16]}, 468222], [0.16252439198132457, {"__complex__": [70235.3671875, -1.0505997401932159e-15]}, 498638], [0.1675237007706474, {"__complex__": [69865.859375, -2.3892516688250962e-15]}, 529880], [0.1725250298734758, {"__complex__": [70082.859375, -7.248258923606469e-16]}, 562140], [0.1775249124979596, {"__complex__": [69185.8203125, -2.886459585346897e-15]}, 594890], [0.18252291001219376, {"__complex__": [69320.328125, 3.819291040927427e-15]}, 628668], [0.18752197500191278, {"__complex__": [69498.6171875, 9.86249561929343e-17]}, 663966], [0.19252241149897908, {"__complex__": [68887.8046875, 2.661066023906659e-15]}, 699962], [0.19752275891621854, {"__complex__": [69260.53125, 2.9440279678487986e-15]}, 736486], [0.202520204709918, {"__complex__": [68980.109375, 1.3162892000331827e-16]}, 773868], [0.2075192312193462, {"__complex__": [68598.2578125, 1.0019441559996792e-15]}, 813326], [0.21252078094835136, {"__complex__": [68316.296875, -9.2984026460642e-16]}, 852920], [0.217518623332359, {"__complex__": [68479.5703125, -1.663046171551609e-15]}, 892516], [0.22251541035688588, {"__complex__": [68085.890625, 2.6165703243962064e-15]}, 934323]]}, "attrs": {"poles": [0], "dk": 0.005, "kmin": 0.0, "kmax": null, "Nmesh": {"__dtype__": "<i8", "__shape__": [3], "__data__": [512, 512, 512]}, "BoxSize": {"__dtype__": "<f8", "__shape__": [3], "__data__": [3432.0, 7192.0, 3020.0]}, "BoxPad": {"__dtype__": "<f8", "__shape__": [3], "__data__": [0.1, 0.1, 0.1]}, "BoxCenter": {"__dtype__": "<f8", "__shape__": [3], "__data__": [-1750.1629678974402, 35.39290098772153, 1912.171961766124]}, "mesh.resampler": "tsc", "mesh.interlaced": true, "alpha": 0.04971484805729123, "data.norm": 1.7834966344901497, "randoms.norm": 1.7885437347151347, "shotnoise": 66617.10974695154, "first.data.N": 239001, "first.data.W": 239001.0, "first.data.W2": 205877.0160212171, "first.data.num_per_cell": 0.0015339033009202563, "first.randoms.N": 4807437, "first.randoms.W": 4807437.0, "first.randoms.W2": 4143938.155815553, "first.randoms.num_per_cell": 0.03087474521857167, "first.data.ext": 1, "first.randoms.ext": 1, "second.data.N": 239001, "second.data.W": 239001.0, "second.data.W2": 121901.60530237481, "second.data.num_per_cell": 0.0009082377351997406, "second.randoms.N": 4807437, "second.randoms.W": 4807437.0, "second.randoms.W2": 2461211.5208428167, "second.randoms.num_per_cell": 0.018337454802116876, "second.data.ext": 1, "second.randoms.ext": 1}}, "attrs": {"poles": [0], "dk": 0.005, "kmin": 0.0, "kmax": null, "Nmesh": {"__dtype__": "<i8", "__shape__": [3], "__data__": [512, 512, 512]}, "BoxSize": {"__dtype__": "<f8", "__shape__": [3], "__data__": [3432.0, 7192.0, 3020.0]}, "BoxPad": {"__dtype__": "<f8", "__shape__": [3], "__data__": [0.1, 0.1, 0.1]}, "BoxCenter": {"__dtype__": "<f8", "__shape__": [3], "__data__": [-1750.1629678974402, 35.39290098772153, 1912.171961766124]}, "mesh.resampler": "tsc", "mesh.interlaced": true, "alpha": 0.04971484805729123, "data.norm": 1.7834966344901497, "randoms.norm": 1.7885437347151347, "shotnoise": 66617.10974695154, "first.data.N": 239001, "first.data.W": 239001.0, "first.data.W2": 205877.0160212171, "first.data.num_per_cell": 0.0015339033009202563, "first.randoms.N": 4807437, "first.randoms.W": 4807437.0, "first.randoms.W2": 4143938.155815553, "first.randoms.num_per_cell": 0.03087474521857167, "first.data.ext": 1, "first.randoms.ext": 1, "second.data.N": 239001, "second.data.W": 239001.0, "second.data.W2": 121901.60530237481, "second.data.num_per_cell": 0.0009082377351997406, "second.randoms.N": 4807437, "second.randoms.W": 4807437.0, "second.randoms.W2": 2461211.5208428167, "second.randoms.num_per_cell": 0.018337454802116876, "second.data.ext": 1, "second.randoms.ext": 1, "p": 1.6, "zmin": 0.8, "zmax": 2.2, "P0_FKP": 30000.0, "z-weighted": true, "hashkeys": ["Nmesh", "P0_FKP", "dk", "kmin", "mesh.window", "mesh.interlaced", "poles", "p", "BoxPad", "zmin", "zmax", "z-weighted"]}}