{"poles": {"dims": ["k"], "edges": [{"__dtype__": "<f8", "__shape__": [46], "__data__": [0.0, 0.005, 0.01, 0.015, 0.02, 0.025, 0.03, 0.035, 0.04, 0.045, 0.05, 0.055, 0.06, 0.065, 0.07, 0.075, 0.08, 0.085, 0.09, 0.095, 0.1, 0.105, 0.11, 0.115, 0.12, 0.125, 0.13, 0.135, 0.14, 0.145, 0.15, 0.155, 0.16, 0.165, 0.17, 0.17500000000000002, 0.18, 0.185, 0.19, 0.195, 0.2, 0.20500000000000002, 0.21, 0.215, 0.22, 0.225]}], "coords": [{"__dtype__": "<f8", "__shape__": [45], "__data__": [0.0025, 0.0075, 0.0125, 0.0175, 0.0225, 0.0275, 0.0325, 0.037500000000000006, 0.042499999999999996, 0.0475, 0.052500000000000005, 0.057499999999999996, 0.0625, 0.0675, 0.07250000000000001, 0.0775, 0.0825, 0.0875, 0.0925, 0.0975, 0.10250000000000001, 0.1075, 0.1125, 0.1175, 0.1225, 0.1275, 0.1325, 0.1375, 0.14250000000000002, 0.1475, 0.1525, 0.1575, 0.1625, 0.1675, 0.17250000000000001, 0.1775, 0.1825, 0.1875, 0.1925, 0.1975, 0.2025, 0.20750000000000002, 0.2125, 0.2175, 0.2225]}], "data": {"__dtype__": [["k", "<f8"], ["power_0", "<c8"], ["modes", "<i8"]], "__shape__": [45], "__data__": [[0.0038124604949970986, {"__complex__": [-128425.53125, 1.3941955229190839e-12]}, 167], [0.008045304719267473, {"__complex__": [-128632.640625, -1.0759272026919162e-13]}, 1082], [0.012809912756659051, {"__complex__": [-140150.125, -3.023521374673904e-13]}, 2984], [0.017715433309244185, {"__complex__": [-139615.9375, -8.270981962472598e-14]}, 5806], [0.022669091647761614, {"__complex__": [-127856.65625, -4.8506385269108526e-14]}, 9600], [0.02765002119246127, {"__complex__": [-127606.71875, -5.5680767884879606e-14]}, 14374], [0.03263290233536856, {"__complex__": [-124752.1171875, 5.5369256271933787e-14]}, 19974], [0.03761272013936665, {"__complex__": [-118334.4296875, -4.107307230465833e-15]}, 26572], [0.04260175757545894, {"__complex__": [-114970.7421875, 1.8711913258011997e-14]}, 34218], [0.047587548630681535, {"__complex__": [-111219.53125, 2.466426280605446e-14]}, 42480], [0.052570104151228036, {"__complex__": [-109022.6484375, 2.5845855132749368e-14]}, 52080], [0.05756944955461065, {"__complex__": [-105969.1484375, -6.044312762158808e-15]}, 62596], [0.06257077522949148, {"__complex__": [-102939.296875, -7.884225871723338e-15]}, 73828], [0.06756176768890902, {"__complex__": [-102123.6953125, 2.2347451512460918e-14]}, 85954], [0.07255121859525904, {"__complex__": [-102588.6953125, 0.0]}, 99132], [0.07755262400137602, {"__complex__": [-99329.96875, 0.0]}, 113806], [0.08255332089930578, {"__complex__": [-96864.34375, -1.2919320900085275e-14]}, 128406], [0.08755113966916353, {"__complex__": [-96011.3125, -2.814372634612583e-15]}, 144776], [0.0925464539210429, {"__complex__": [-94505.4140625, -2.8138813978548227e-14]}, 161350], [0.0975407696852722, {"__complex__": [-92254.53125, 3.64754367592683e-15]}, 179528], [0.10253936843338714, {"__complex__": [-92474.7421875, 7.62609851027822e-15]}, 198450], [0.10753330829635703, {"__complex__": [-91516.171875, -4.942724391397962e-15]}, 217864], [0.11253145908249744, {"__complex__": [-91519.59375, 1.6417009412808005e-15]}, 239326], [0.11753431416740862, {"__complex__": [-90289.9140625, 2.12005062214405e-15]}, 260830], [0.12253334462183928, {"__complex__": [-90533.4921875, -2.773789380285498e-15]}, 283296], [0.12753220666506468, {"__complex__": [-89836.625, 3.3166002801380493e-15]}, 307132], [0.13253184583720862, {"__complex__": [-89140.40625, 1.6681532931796077e-14]}, 331488], [0.1375304034136141, {"__complex__": [-89052.078125, -2.8531567909596996e-15]}, 357020], [0.1425296880354727, {"__complex__": [-87657.4375, 4.448728847328623e-15]}, 383528], [0.1475269696696561, {"__complex__": [-88191.734375, -7.69327330519317e-15]}, 410458], [0.15252572158497293, {"__complex__": [-87323.421875, -4.999247323484715e-15]}, 439534], [0.15752614553798203, {"__complex__": [-86773.921875, -8.20488035830182e-15]}, 468222], [0.16252439198132457, {"__complex__": [-85803.8125, 6.712164783267407e-15]}, 498638], [0.1675237007706474, {"__complex__": [-85975.0859375, -2.7462661034556536e-17]}, 529880], [0.1725250298734758, {"__complex__": [-85270.265625, -4.1418622042468684e-16]}, 562140], [0.1775249124979596, {"__complex__": [-86094.8515625, 1.981383281865522e-15]}, 594890], [0.18252291001219376, {"__complex__": [-85422.8828125, -3.610965828649074e-15]}, 628668], [0.18752197500191278, {"__complex__": [-85277.546875, -5.25999784008836e-16]}, 663966], [0.19252241149897908, {"__complex__": [-84497.96875, -5.2389737411836796e-15]}, 699962], [0.19752275891621854, {"__complex__": [-85173.8046875, 1.3435832485716765e-15]}, 736486], [0.202520204709918, {"__complex__": [-84066.5078125, -2.4821453486340017e-15]}, 773868], [0.2075192312193462, {"__complex__": [-84299.3046875, -2.862697558319335e-15]}, 813326], [0.21252078094835136, {"__complex__": [-84854.421875, 1.0066160720993787e-15]}, 852920], [0.217518623332359, {"__complex__": [-84280.9375, -6.3587059811911865e-15]}, 892516], [0.22251541035688588, {"__complex__": [-83790.0546875, 7.705643374354872e-15]}, 934323]]}, "attrs": {"poles": [0], "dk": 0.005, "kmin": 0.0, "kmax": null, "Nmesh": {"__dtype__": "<i8", "__shape__": [3], "__data__": [512, 512, 512]}, "BoxSize": {"__dtype__": "<f8", "__shape__": [3], "__data__": [3432.0, 7192.0, 3020.0]}, "BoxPad": {"__dtype__": "<f8", "__shape__": [3], "__data__": [0.1, 0.1, 0.1]}, "BoxCenter": {"__dtype__": "<f8", "__shape__": [3], "__data__": [-1750.1629678974402, 35.39290098772153, 1912.171961766124]}, "mesh.resampler": "tsc", "mesh.interlaced": true, "alpha": 0.050036433134745185, "data.norm": -1.4896311223669803, "randoms.norm": -1.4871677620881951, "shotnoise": 54409.422041237915, "first.data.N": 240547, "first.data.W": 240547.0, "first.data.W2": 207315.32901715982, "first.data.num_per_cell": 0.0015446195678201304, "first.randoms.N": 4807437, "first.randoms.W": 4807437.0, "first.randoms.W2": 4143938.155815553, "first.randoms.num_per_cell": 0.03087474521857167, "first.data.ext": 1, "first.randoms.ext": 1, "second.data.N": 240547, "second.data.W": 240547.0, "second.data.W2": -98111.92910188383, "second.data.num_per_cell": -0.0007309908352932619, "second.randoms.N": 4807437, "second.randoms.W": 4807437.0, "second.randoms.W2": -1956847.5447547096, "second.randoms.num_per_cell": -0.014579650348087472, "second.data.ext": 1, "second.randoms.ext": 1}}, "attrs": {"poles": [0], "dk": 0.005, "kmin": 0.0, "kmax": null, "Nmesh": {"__dtype__": "<i8", "__shape__": [3], "__data__": [512, 512, 512]}, "BoxSize": {"__dtype__": "<f8", "__shape__": [3], "__data__": [3432.0, 7192.0, 3020.0]}, "BoxPad": {"__dtype__": "<f8", "__shape__": [3], "__data__": [0.1, 0.1, 0.1]}, "BoxCenter": {"__dtype__": "<f8", "__shape__": [3], "__data__": [-1750.1629678974402, 35.39290098772153, 1912.171961766124]}, "mesh.resampler": "tsc", "mesh.interlaced": true, "alpha": 0.050036433134745185, "data.norm": -1.4896311223669803, "randoms.norm": -1.4871677620881951, "shotnoise": 54409.422041237915, "first.data.N": 240547, "first.data.W": 240547.0, "first.data.W2": 207315.32901715982, "first.data.num_per_cell": 0.0015446195678201304, "first.randoms.N": 4807437, "first.randoms.W": 4807437.0, "first.randoms.W2": 4143938.155815553, "first.randoms.num_per_cell": 0.03087474521857167, "first.data.ext": 1, "first.randoms.ext": 1, "second.data.N": 240547, "second.data.W": 240547.0, "second.data.W2": -98111.92910188383, "second.data.num_per_cell": -0.0007309908352932619, "second.randoms.N": 4807437, "second.randoms.W": 4807437.0, "second.randoms.W2": -1956847.5447547096, "second.randoms.num_per_cell": -0.014579650348087472, "second.data.ext": 1, "second.randoms.ext": 1, "p": 3.0, "zmin": 0.8, "zmax": 2.2, "P0_FKP": 30000.0, "z-weighted": true, "hashkeys": ["Nmesh", "P0_FKP", "dk", "kmin", "mesh.window", "mesh.interlaced", "poles", "p", "BoxPad", "zmin", "zmax", "z-weighted"]}}