{"poles": {"dims": ["k"], "edges": [{"__dtype__": "<f8", "__shape__": [46], "__data__": [0.0, 0.005, 0.01, 0.015, 0.02, 0.025, 0.03, 0.035, 0.04, 0.045, 0.05, 0.055, 0.06, 0.065, 0.07, 0.075, 0.08, 0.085, 0.09, 0.095, 0.1, 0.105, 0.11, 0.115, 0.12, 0.125, 0.13, 0.135, 0.14, 0.145, 0.15, 0.155, 0.16, 0.165, 0.17, 0.17500000000000002, 0.18, 0.185, 0.19, 0.195, 0.2, 0.20500000000000002, 0.21, 0.215, 0.22, 0.225]}], "coords": [{"__dtype__": "<f8", "__shape__": [45], "__data__": [0.0025, 0.0075, 0.0125, 0.0175, 0.0225, 0.0275, 0.0325, 0.037500000000000006, 0.042499999999999996, 0.0475, 0.052500000000000005, 0.057499999999999996, 0.0625, 0.0675, 0.07250000000000001, 0.0775, 0.0825, 0.0875, 0.0925, 0.0975, 0.10250000000000001, 0.1075, 0.1125, 0.1175, 0.1225, 0.1275, 0.1325, 0.1375, 0.14250000000000002, 0.1475, 0.1525, 0.1575, 0.1625, 0.1675, 0.17250000000000001, 0.1775, 0.1825, 0.1875, 0.1925, 0.1975, 0.2025, 0.20750000000000002, 0.2125, 0.2175, 0.2225]}], "data": {"__dtype__": [["k", "<f8"], ["power_0", "<c8"], ["modes", "<i8"]], "__shape__": [45], "__data__": [[0.0038124604949970986, {"__complex__": [-86019.953125, 0.0]}, 167], [0.008045304719267473, {"__complex__": [-96150.9296875, -4.3037088107676646e-13]}, 1082], [0.012809912756659051, {"__complex__": [-130113.1171875, 3.9013177454208514e-13]}, 2984], [0.017715433309244185, {"__complex__": [-137212.078125, 6.015259362661396e-14]}, 5806], [0.022669091647761614, {"__complex__": [-130450.7890625, -1.091393617732965e-13]}, 9600], [0.02765002119246127, {"__complex__": [-130348.8125, 0.0]}, 14374], [0.03263290233536856, {"__complex__": [-128530.296875, 2.9141715387657422e-15]}, 19974], [0.03761272013936665, {"__complex__": [-116335.640625, 3.121553241044149e-14]}, 26572], [0.04260175757545894, {"__complex__": [-115354.875, -8.505415271284171e-15]}, 34218], [0.047587548630681535, {"__complex__": [-111891.84375, 1.5072605706947795e-14]}, 42480], [0.052570104151228036, {"__complex__": [-107796.9140625, -1.564722099990385e-14]}, 52080], [0.05756944955461065, {"__complex__": [-109733.8828125, 1.139120485356979e-14]}, 62596], [0.06257077522949148, {"__complex__": [-104047.34375, 1.9316352581040877e-14]}, 73828], [0.06756176768890902, {"__complex__": [-101516.7109375, 1.0835127723697342e-14]}, 85954], [0.07255121859525904, {"__complex__": [-101949.921875, 1.4679331697669412e-14]}, 99132], [0.07755262400137602, {"__complex__": [-100929.421875, -1.1252205899892412e-14]}, 113806], [0.08255332089930578, {"__complex__": [-98193.03125, -1.3599285068823137e-14]}, 128406], [0.08755113966916353, {"__complex__": [-94905.1484375, 8.543631703798391e-16]}, 144776], [0.0925464539210429, {"__complex__": [-94360.34375, -5.7720640909335406e-15]}, 161350], [0.0975407696852722, {"__complex__": [-93841.6328125, -8.754104144598034e-15]}, 179528], [0.10253936843338714, {"__complex__": [-92145.4140625, 5.572917751188108e-15]}, 198450], [0.10753330829635703, {"__complex__": [-90791.8828125, -2.2041878871024772e-15]}, 217864], [0.11253145908249744, {"__complex__": [-90219.28125, 4.134654112684412e-15]}, 239326], [0.11753431416740862, {"__complex__": [-89679.296875, -5.579080445274975e-16]}, 260830], [0.12253334462183928, {"__complex__": [-89852.5234375, 5.547578760570996e-15]}, 283296], [0.12753220666506468, {"__complex__": [-89530.15625, -8.05460061983291e-15]}, 307132], [0.13253184583720862, {"__complex__": [-87809.328125, 8.779753784548552e-16]}, 331488], [0.1375304034136141, {"__complex__": [-88585.21875, -3.5868258131688e-15]}, 357020], [0.1425296880354727, {"__complex__": [-89102.9375, 6.601951397269519e-15]}, 383528], [0.1475269696696561, {"__complex__": [-87939.1484375, 1.5599263688496207e-15]}, 410458], [0.15252572158497293, {"__complex__": [-86932.734375, 5.03235487677757e-15]}, 439534], [0.15752614553798203, {"__complex__": [-86608.25, -8.20488035830182e-15]}, 468222], [0.16252439198132457, {"__complex__": [-86244.359375, 1.1089663453687864e-15]}, 498638], [0.1675237007706474, {"__complex__": [-85997.6640625, 3.0208928196803373e-15]}, 529880], [0.1725250298734758, {"__complex__": [-86243.5234375, 6.264566739433344e-15]}, 562140], [0.1775249124979596, {"__complex__": [-85699.2109375, 2.446152165848088e-15]}, 594890], [0.18252291001219376, {"__complex__": [-85704.8984375, 3.854011768468328e-15]}, 628668], [0.18752197500191278, {"__complex__": [-84911.5078125, 1.8190824518091783e-15]}, 663966], [0.19252241149897908, {"__complex__": [-84751.75, 4.157915754998383e-15]}, 699962], [0.19752275891621854, {"__complex__": [-84885.3671875, -1.8573062958616863e-15]}, 736486], [0.202520204709918, {"__complex__": [-84200.8203125, 5.265156800132731e-16]}, 773868], [0.2075192312193462, {"__complex__": [-84274.4609375, -4.651883770496936e-16]}, 813326], [0.21252078094835136, {"__complex__": [-84715.046875, -1.381964428994137e-15]}, 852920], [0.217518623332359, {"__complex__": [-83705.8359375, -2.021742495978058e-15]}, 892516], [0.22251541035688588, {"__complex__": [-83836.3984375, -6.385677627814132e-16]}, 934323]]}, "attrs": {"poles": [0], "dk": 0.005, "kmin": 0.0, "kmax": null, "Nmesh": {"__dtype__": "<i8", "__shape__": [3], "__data__": [512, 512, 512]}, "BoxSize": {"__dtype__": "<f8", "__shape__": [3], "__data__": [3432.0, 7192.0, 3020.0]}, "BoxPad": {"__dtype__": "<f8", "__shape__": [3], "__data__": [0.1, 0.1, 0.1]}, "BoxCenter": {"__dtype__": "<f8", "__shape__": [3], "__data__": [-1750.1629678974402, 35.39290098772153, 1912.171961766124]}, "mesh.resampler": "tsc", "mesh.interlaced": true, "alpha": 0.04993221960058967, "data.norm": -1.4908353686037759, "randoms.norm": -1.484070358882975, "shotnoise": 54588.783133944096, "first.data.N": 240046, "first.data.W": 240046.0, "first.data.W2": 206787.57359046317, "first.data.num_per_cell": 0.0015406874834780631, "first.randoms.N": 4807437, "first.randoms.W": 4807437.0, "first.randoms.W2": 4143938.155815553, "first.randoms.num_per_cell": 0.03087474521857167, "first.data.ext": 1, "first.randoms.ext": 1, "second.data.N": 240046, "second.data.W": 240046.0, "second.data.W2": -98230.45200922806, "second.data.num_per_cell": -0.0007318738997670118, "second.randoms.N": 4807437, "second.randoms.W": 4807437.0, "second.randoms.W2": -1956847.5447547096, "second.randoms.num_per_cell": -0.014579650348087472, "second.data.ext": 1, "second.randoms.ext": 1}}, "attrs": {"poles": [0], "dk": 0.005, "kmin": 0.0, "kmax": null, "Nmesh": {"__dtype__": "<i8", "__shape__": [3], "__data__": [512, 512, 512]}, "BoxSize": {"__dtype__": "<f8", "__shape__": [3], "__data__": [3432.0, 7192.0, 3020.0]}, "BoxPad": {"__dtype__": "<f8", "__shape__": [3], "__data__": [0.1, 0.1, 0.1]}, "BoxCenter": {"__dtype__": "<f8", "__shape__": [3], "__data__": [-1750.1629678974402, 35.39290098772153, 1912.171961766124]}, "mesh.resampler": "tsc", "mesh.interlaced": true, "alpha": 0.04993221960058967, "data.norm": -1.4908353686037759, "randoms.norm": -1.484070358882975, "shotnoise": 54588.783133944096, "first.data.N": 240046, "first.data.W": 240046.0, "first.data.W2": 206787.57359046317, "first.data.num_per_cell": 0.0015406874834780631, "first.randoms.N": 4807437, "first.randoms.W": 4807437.0, "first.randoms.W2": 4143938.155815553, "first.randoms.num_per_cell": 0.03087474521857167, "first.data.ext": 1, "first.randoms.ext": 1, "second.data.N": 240046, "second.data.W": 240046.0, "second.data.W2": -98230.45200922806, "second.data.num_per_cell": -0.0007318738997670118, "second.randoms.N": 4807437, "second.randoms.W": 4807437.0, "second.randoms.W2": -1956847.5447547096, "second.randoms.num_per_cell": -0.014579650348087472, "second.data.ext": 1, "second.randoms.ext": 1, "p": 3.0, "zmin": 0.8, "zmax": 2.2, "P0_FKP": 30000.0, "z-weighted": true, "hashkeys": ["Nmesh", "P0_FKP", "dk", "kmin", "mesh.window", "mesh.interlaced", "poles", "p", "BoxPad", "zmin", "zmax", "z-weighted"]}}