{"poles": {"dims": ["k"], "edges": [{"__dtype__": "<f8", "__shape__": [56], "__data__": [0.0, 0.005, 0.01, 0.015, 0.02, 0.025, 0.03, 0.035, 0.04, 0.045, 0.05, 0.055, 0.06, 0.065, 0.07, 0.075, 0.08, 0.085, 0.09, 0.095, 0.1, 0.105, 0.11, 0.115, 0.12, 0.125, 0.13, 0.135, 0.14, 0.145, 0.15, 0.155, 0.16, 0.165, 0.17, 0.17500000000000002, 0.18, 0.185, 0.19, 0.195, 0.2, 0.20500000000000002, 0.21, 0.215, 0.22, 0.225, 0.23, 0.23500000000000001, 0.24, 0.245, 0.25, 0.255, 0.26, 0.265, 0.27, 0.275]}], "coords": [{"__dtype__": "<f8", "__shape__": [55], "__data__": [0.0025, 0.0075, 0.0125, 0.0175, 0.0225, 0.0275, 0.0325, 0.037500000000000006, 0.042499999999999996, 0.0475, 0.052500000000000005, 0.057499999999999996, 0.0625, 0.0675, 0.07250000000000001, 0.0775, 0.0825, 0.0875, 0.0925, 0.0975, 0.10250000000000001, 0.1075, 0.1125, 0.1175, 0.1225, 0.1275, 0.1325, 0.1375, 0.14250000000000002, 0.1475, 0.1525, 0.1575, 0.1625, 0.1675, 0.17250000000000001, 0.1775, 0.1825, 0.1875, 0.1925, 0.1975, 0.2025, 0.20750000000000002, 0.2125, 0.2175, 0.2225, 0.2275, 0.2325, 0.2375, 0.2425, 0.2475, 0.2525, 0.2575, 0.2625, 0.2675, 0.2725]}], "data": {"__dtype__": [["k", "<f8"], ["power_0", "<c8"], ["modes", "<i8"]], "__shape__": [55], "__data__": [[0.00381582870963149, {"__complex__": [-58327.7421875, 0.0]}, 101], [0.008101265444645324, {"__complex__": [-81562.625, 3.374357271466316e-13]}, 690], [0.012881094428097399, {"__complex__": [-84617.8984375, 3.764105997380862e-13]}, 1846], [0.01776898906732117, {"__complex__": [-77974.75, -1.623191937306402e-14]}, 3586], [0.022691540015953332, {"__complex__": [-79580.9296875, -3.966450648831832e-14]}, 5870], [0.027646924733755237, {"__complex__": [-77110.1640625, -2.6840932498524775e-14]}, 8810], [0.03262381701015117, {"__complex__": [-70901.8828125, 1.3016024110574457e-14]}, 12298], [0.03761603546573974, {"__complex__": [-71954.03125, -3.544924575575787e-15]}, 16420], [0.042615513382507485, {"__complex__": [-68029.46875, -4.147026299428482e-15]}, 21054], [0.04759756059586297, {"__complex__": [-65560.4453125, -3.35124553704335e-14]}, 26162], [0.05257971257242345, {"__complex__": [-65420.40234375, -4.545200817823204e-15]}, 32016], [0.05757077253850946, {"__complex__": [-63991.26171875, -2.650484041296611e-15]}, 38432], [0.06256656704432612, {"__complex__": [-63838.9921875, 1.0241516869866161e-14]}, 45468], [0.06756224221830869, {"__complex__": [-63052.89453125, -1.9257298290991254e-15]}, 52896], [0.07255395967994632, {"__complex__": [-63552.4140625, 1.9061356276885285e-15]}, 61074], [0.077549843044251, {"__complex__": [-62443.1640625, 2.0014095971341607e-14]}, 69800], [0.08254670444516676, {"__complex__": [-61174.94140625, -1.8403838481249662e-15]}, 79070], [0.0875450730828665, {"__complex__": [-58507.84375, 2.9410351886879123e-15]}, 89062], [0.09254706284502398, {"__complex__": [-58426.46484375, -7.602575558300021e-15]}, 99532], [0.09754654727165055, {"__complex__": [-57740.24609375, -3.952320106392557e-15]}, 110456], [0.10254482204994865, {"__complex__": [-57820.734375, -6.1933181395585745e-15]}, 122180], [0.10754221436417905, {"__complex__": [-56749.51953125, -6.508691375710926e-15]}, 134146], [0.11253731368411114, {"__complex__": [-56493.4453125, -9.599671724853584e-15]}, 147040], [0.11753494034207632, {"__complex__": [-56031.30859375, 4.17261812938035e-15]}, 160424], [0.12253330115342949, {"__complex__": [-55878.7265625, -5.842734590821809e-15]}, 174342], [0.12753356291363982, {"__complex__": [-55565.9609375, -2.3088504544387708e-15]}, 189080], [0.13253370854762594, {"__complex__": [-55173.30078125, -2.4260565209327165e-15]}, 203938], [0.13752961459817578, {"__complex__": [-54462.49609375, -4.442138507482511e-15]}, 219484], [0.1425281107820362, {"__complex__": [-54955.37890625, 1.3865892288861454e-15]}, 236132], [0.1475274145760076, {"__complex__": [-54528.203125, -4.636568991294105e-15]}, 252650], [0.1525290822685407, {"__complex__": [-55049.94921875, 1.0754183084735793e-16]}, 270628], [0.1575299612384668, {"__complex__": [-53652.6796875, -6.263668037476307e-15]}, 288080], [0.16252169358652926, {"__complex__": [-53719.83203125, 5.039838412866562e-15]}, 306062], [0.16752062292264278, {"__complex__": [-53472.5, 4.9000548949217895e-16]}, 326672], [0.1725228620785395, {"__complex__": [-53678.296875, 5.897159422298213e-15]}, 345466], [0.1775209487576261, {"__complex__": [-52926.359375, -3.616320770941615e-15]}, 366180], [0.1825256448391732, {"__complex__": [-53172.453125, 1.1259257449178304e-15]}, 387732], [0.18752632321603607, {"__complex__": [-52893.05859375, -1.9617418054285565e-16]}, 407982], [0.19252140078705848, {"__complex__": [-53081.25, -5.918244613454214e-16]}, 430294], [0.19751872595109427, {"__complex__": [-53135.1171875, -9.955319048307273e-16]}, 453134], [0.20251834237475713, {"__complex__": [-52418.44921875, 1.2672532980463288e-15]}, 476546], [0.2075189401846281, {"__complex__": [-52522.453125, -3.0683920980217536e-15]}, 500336], [0.21252015430968035, {"__complex__": [-52225.59375, 1.6629556978449303e-16]}, 525038], [0.21752001193636755, {"__complex__": [-52244.0234375, -2.5960776327868095e-15]}, 549324], [0.22251920952356846, {"__complex__": [-52135.21875, -2.781696697545913e-16]}, 575444], [0.22751862790843796, {"__complex__": [-51780.4609375, -9.682911399585718e-17]}, 601138], [0.23251697255054365, {"__complex__": [-51758.2265625, 1.90024218419977e-15]}, 627950], [0.23751700822531546, {"__complex__": [-51793.66796875, 5.992662281222017e-16]}, 655638], [0.24251727793025477, {"__complex__": [-52029.04296875, 4.55835015729638e-15]}, 683166], [0.24751389003994526, {"__complex__": [-52035.609375, 1.944622263712922e-15]}, 710900], [0.2525134489582163, {"__complex__": [-52131.76953125, 1.0350859082477798e-15]}, 741594], [0.2575160115814785, {"__complex__": [-52055.67578125, 1.81324745359378e-15]}, 770432], [0.2625147120015445, {"__complex__": [-51850.53515625, -1.5183702971826142e-15]}, 800256], [0.2675154267702453, {"__complex__": [-52111.9140625, 4.896420064786884e-16]}, 832146], [0.2725162642594614, {"__complex__": [-51552.1953125, 1.282410317362734e-15]}, 862396]]}, "attrs": {"poles": [0], "dk": 0.005, "kmin": 0.0, "kmax": null, "Nmesh": {"__dtype__": "<i8", "__shape__": [3], "__data__": [512, 512, 512]}, "BoxSize": {"__dtype__": "<f8", "__shape__": [3], "__data__": [2665.0, 5797.0, 2969.0]}, "BoxPad": {"__dtype__": "<f8", "__shape__": [3], "__data__": [0.1, 0.1, 0.1]}, "BoxCenter": {"__dtype__": "<f8", "__shape__": [3], "__data__": [2582.6659631740176, 44.45818371950327, 890.4509743382112]}, "mesh.resampler": "tsc", "mesh.interlaced": true, "alpha": 0.05008132102272727, "data.norm": -0.8334309200441258, "randoms.norm": -0.8304883189499748, "shotnoise": 60955.915697722674, "first.data.N": 141029, "first.data.W": 141029.0, "first.data.W2": 125604.53901032319, "first.data.num_per_cell": 0.000935826741235876, "first.randoms.N": 2816000, "first.randoms.W": 2816000.0, "first.randoms.W2": 2508954.182162565, "first.randoms.num_per_cell": 0.0186931653481913, "first.data.ext": 1, "first.randoms.ext": 1, "second.data.N": 141029, "second.data.W": 141029.0, "second.data.W2": -58988.05279080739, "second.data.num_per_cell": -0.00043949524157350803, "second.randoms.N": 2816000, "second.randoms.W": 2816000.0, "second.randoms.W2": -1173049.6557325185, "second.randoms.num_per_cell": -0.008739901004228879, "second.data.ext": 1, "second.randoms.ext": 1}}, "attrs": {"poles": [0], "dk": 0.005, "kmin": 0.0, "kmax": null, "Nmesh": {"__dtype__": "<i8", "__shape__": [3], "__data__": [512, 512, 512]}, "BoxSize": {"__dtype__": "<f8", "__shape__": [3], "__data__": [2665.0, 5797.0, 2969.0]}, "BoxPad": {"__dtype__": "<f8", "__shape__": [3], "__data__": [0.1, 0.1, 0.1]}, "BoxCenter": {"__dtype__": "<f8", "__shape__": [3], "__data__": [2582.6659631740176, 44.45818371950327, 890.4509743382112]}, "mesh.resampler": "tsc", "mesh.interlaced": true, "alpha": 0.05008132102272727, "data.norm": -0.8334309200441258, "randoms.norm": -0.8304883189499748,