{"poles": {"dims": ["k"], "edges": [{"__dtype__": "<f8", "__shape__": [46], "__data__": [0.0, 0.005, 0.01, 0.015, 0.02, 0.025, 0.03, 0.035, 0.04, 0.045, 0.05, 0.055, 0.06, 0.065, 0.07, 0.075, 0.08, 0.085, 0.09, 0.095, 0.1, 0.105, 0.11, 0.115, 0.12, 0.125, 0.13, 0.135, 0.14, 0.145, 0.15, 0.155, 0.16, 0.165, 0.17, 0.17500000000000002, 0.18, 0.185, 0.19, 0.195, 0.2, 0.20500000000000002, 0.21, 0.215, 0.22, 0.225]}], "coords": [{"__dtype__": "<f8", "__shape__": [45], "__data__": [0.0025, 0.0075, 0.0125, 0.0175, 0.0225, 0.0275, 0.0325, 0.037500000000000006, 0.042499999999999996, 0.0475, 0.052500000000000005, 0.057499999999999996, 0.0625, 0.0675, 0.07250000000000001, 0.0775, 0.0825, 0.0875, 0.0925, 0.0975, 0.10250000000000001, 0.1075, 0.1125, 0.1175, 0.1225, 0.1275, 0.1325, 0.1375, 0.14250000000000002, 0.1475, 0.1525, 0.1575, 0.1625, 0.1675, 0.17250000000000001, 0.1775, 0.1825, 0.1875, 0.1925, 0.1975, 0.2025, 0.20750000000000002, 0.2125, 0.2175, 0.2225]}], "data": {"__dtype__": [["k", "<f8"], ["power_0", "<c8"], ["modes", "<i8"]], "__shape__": [45], "__data__": [[0.0038124604949970986, {"__complex__": [85443.5546875, 6.099605412770992e-13]}, 167], [0.008045304719267473, {"__complex__": [96041.9453125, -1.4793998274684195e-13]}, 1082], [0.012809912756659051, {"__complex__": [108866.5078125, 9.753294363552129e-14]}, 2984], [0.017715433309244185, {"__complex__": [106599.0546875, 1.7544507039117703e-14]}, 5806], [0.022669091647761614, {"__complex__": [106736.546875, 3.9411436760601257e-14]}, 9600], [0.02765002119246127, {"__complex__": [98612.2109375, 4.758174716322679e-14]}, 14374], [0.03263290233536856, {"__complex__": [93272.65625, -6.5568858563438016e-15]}, 19974], [0.03761272013936665, {"__complex__": [89121.5, 2.3274739560918143e-15]}, 26572], [0.04260175757545894, {"__complex__": [89311.7265625, -1.445920646940286e-14]}, 34218], [0.047587548630681535, {"__complex__": [85008.390625, 2.6976537391182505e-14]}, 42480], [0.052570104151228036, {"__complex__": [85766.6953125, 1.131629325971462e-14]}, 52080], [0.05756944955461065, {"__complex__": [82686.1328125, 1.452959766017677e-15]}, 62596], [0.06257077522949148, {"__complex__": [81427.515625, -1.2614760886537572e-14]}, 73828], [0.06756176768890902, {"__complex__": [79593.21875, 1.819962942557849e-15]}, 85954], [0.07255121859525904, {"__complex__": [79427.203125, -1.0569118720678023e-14]}, 99132], [0.07755262400137602, {"__complex__": [76990.1015625, -3.8359792840542313e-16]}, 113806], [0.08255332089930578, {"__complex__": [75455.09375, -2.4932023049692225e-15]}, 128406], [0.08755113966916353, {"__complex__": [74973.421875, -2.3118061759082147e-15]}, 144776], [0.0925464539210429, {"__complex__": [73562.9765625, 2.705655108799546e-15]}, 161350], [0.0975407696852722, {"__complex__": [72607.7421875, -1.4590174280190845e-15]}, 179528], [0.10253936843338714, {"__complex__": [72712.171875, -2.3281598410208534e-15]}, 198450], [0.10753330829635703, {"__complex__": [71243.65625, -1.335871542982518e-16]}, 217864], [0.11253145908249744, {"__complex__": [71261.203125, -6.080373734050282e-17]}, 239326], [0.11753431416740862, {"__complex__": [70848.2734375, -3.807722264933828e-15]}, 260830], [0.12253334462183928, {"__complex__": [70279.1015625, 1.7978263717560684e-15]}, 283296], [0.12753220666506468, {"__complex__": [70097.828125, 1.8004401036730584e-15]}, 307132], [0.13253184583720862, {"__complex__": [69726.9375, -1.8986218101716724e-15]}, 331488], [0.1375304034136141, {"__complex__": [69961.65625, -3.546066375988686e-15]}, 357020], [0.1425296880354727, {"__complex__": [68716.7578125, -1.4607766095714133e-15]}, 383528], [0.1475269696696561, {"__complex__": [68754.6171875, 8.154160660694943e-16]}, 410458], [0.15252572158497293, {"__complex__": [68563.875, 1.770221885642406e-15]}, 439534], [0.15752614553798203, {"__complex__": [68301.796875, 5.283445829650727e-16]}, 468222], [0.16252439198132457, {"__complex__": [67693.0703125, 3.2101659316343366e-16]}, 498638], [0.1675237007706474, {"__complex__": [67683.7265625, -2.0047743084621863e-15]}, 529880], [0.1725250298734758, {"__complex__": [67075.859375, 1.786178186423664e-15]}, 562140], [0.1775249124979596, {"__complex__": [66922.984375, -5.259227569501951e-16]}, 594890], [0.18252291001219376, {"__complex__": [66956.6015625, -4.0507630166762803e-16]}, 628668], [0.18752197500191278, {"__complex__": [66991.140625, 2.0382490505376763e-15]}, 663966], [0.19252241149897908, {"__complex__": [67234.0859375, -1.2265851286662817e-15]}, 699962], [0.19752275891621854, {"__complex__": [66804.71875, -3.210768807334545e-15]}, 736486], [0.202520204709918, {"__complex__": [66556.84375, 9.037735668084978e-16]}, 773868], [0.2075192312193462, {"__complex__": [66316.9375, -1.8965372620884796e-15]}, 813326], [0.21252078094835136, {"__complex__": [66444.8203125, -7.933499578210133e-16]}, 852920], [0.217518623332359, {"__complex__": [66019.4609375, 1.7506822119777886e-15]}, 892516], [0.22251541035688588, {"__complex__": [66049.5, 1.5847381873361857e-15]}, 934323]]}, "attrs": {"poles": [0], "dk": 0.005, "kmin": 0.0, "kmax": null, "Nmesh": {"__dtype__": "<i8", "__shape__": [3], "__data__": [512, 512, 512]}, "BoxSize": {"__dtype__": "<f8", "__shape__": [3], "__data__": [3432.0, 7192.0, 3020.0]}, "BoxPad": {"__dtype__": "<f8", "__shape__": [3], "__data__": [0.1, 0.1, 0.1]}, "BoxCenter": {"__dtype__": "<f8", "__shape__": [3], "__data__": [-1750.1629678974402, 35.39290098772153, 1912.171961766124]}, "mesh.resampler": "tsc", "mesh.interlaced": true, "alpha": 0.04983986269606861, "data.norm": 3.194372581658348, "randoms.norm": 3.1963413278689288, "shotnoise": 64359.78323315622, "first.data.N": 239602, "first.data.W": 239602.0, "first.data.W2": 206493.65833191475, "first.data.num_per_cell": 0.0015384976441555824, "first.randoms.N": 4807437, "first.randoms.W": 4807437.0, "first.randoms.W2": 4143938.155815553, "first.randoms.num_per_cell": 0.03087474521857167, "first.data.ext": 1, "first.randoms.ext": 1, "second.data.N": 239602, "second.data.W": 239602.0, "second.data.W2": 216876.27511689067, "second.data.num_per_cell": 0.0016158541673190197, "second.randoms.N": 4807437, "second.randoms.W": 4807437.0, "second.randoms.W2": 4354665.513585001, "second.randoms.num_per_cell": 0.03244478638160975, "second.data.ext": 1, "second.randoms.ext": 1}}, "attrs": {"poles": [0], "dk": 0.005, "kmin": 0.0, "kmax": null, "Nmesh": {"__dtype__": "<i8", "__shape__": [3], "__data__": [512, 512, 512]}, "BoxSize": {"__dtype__": "<f8", "__shape__": [3], "__data__": [3432.0, 7192.0, 3020.0]}, "BoxPad": {"__dtype__": "<f8", "__shape__": [3], "__data__": [0.1, 0.1, 0.1]}, "BoxCenter": {"__dtype__": "<f8", "__shape__": [3], "__data__": [-1750.1629678974402, 35.39290098772153, 1912.171961766124]}, "mesh.resampler": "tsc", "mesh.interlaced": true, "alpha": 0.04983986269606861, "data.norm": 3.194372581658348, "randoms.norm": 3.1963413278689288, "shotnoise": 64359.78323315622, "first.data.N": 239602, "first.data.W": 239602.0, "first.data.W2": 206493.65833191475, "first.data.num_per_cell": 0.0015384976441555824, "first.randoms.N": 4807437, "first.randoms.W": 4807437.0, "first.randoms.W2": 4143938.155815553, "first.randoms.num_per_cell": 0.03087474521857167, "first.data.ext": 1, "first.randoms.ext": 1, "second.data.N": 239602, "second.data.W": 239602.0, "second.data.W2": 216876.27511689067, "second.data.num_per_cell": 0.0016158541673190197, "second.randoms.N": 4807437, "second.randoms.W": 4807437.0, "second.randoms.W2": 4354665.513585001, "second.randoms.num_per_cell": 0.03244478638160975, "second.data.ext": 1, "second.randoms.ext": 1, "p": 1.0, "zmin": 0.8, "zmax": 2.2, "P0_FKP": 30000.0, "z-weighted": true, "hashkeys": ["Nmesh", "P0_FKP", "dk", "kmin", "mesh.window", "mesh.interlaced", "poles", "p", "BoxPad", "zmin", "zmax", "z-weighted"]}}