{"poles": {"dims": ["k"], "edges": [{"__dtype__": "<f8", "__shape__": [56], "__data__": [0.0, 0.005, 0.01, 0.015, 0.02, 0.025, 0.03, 0.035, 0.04, 0.045, 0.05, 0.055, 0.06, 0.065, 0.07, 0.075, 0.08, 0.085, 0.09, 0.095, 0.1, 0.105, 0.11, 0.115, 0.12, 0.125, 0.13, 0.135, 0.14, 0.145, 0.15, 0.155, 0.16, 0.165, 0.17, 0.17500000000000002, 0.18, 0.185, 0.19, 0.195, 0.2, 0.20500000000000002, 0.21, 0.215, 0.22, 0.225, 0.23, 0.23500000000000001, 0.24, 0.245, 0.25, 0.255, 0.26, 0.265, 0.27, 0.275]}], "coords": [{"__dtype__": "<f8", "__shape__": [55], "__data__": [0.0025, 0.0075, 0.0125, 0.0175, 0.0225, 0.0275, 0.0325, 0.037500000000000006, 0.042499999999999996, 0.0475, 0.052500000000000005, 0.057499999999999996, 0.0625, 0.0675, 0.07250000000000001, 0.0775, 0.0825, 0.0875, 0.0925, 0.0975, 0.10250000000000001, 0.1075, 0.1125, 0.1175, 0.1225, 0.1275, 0.1325, 0.1375, 0.14250000000000002, 0.1475, 0.1525, 0.1575, 0.1625, 0.1675, 0.17250000000000001, 0.1775, 0.1825, 0.1875, 0.1925, 0.1975, 0.2025, 0.20750000000000002, 0.2125, 0.2175, 0.2225, 0.2275, 0.2325, 0.2375, 0.2425, 0.2475, 0.2525, 0.2575, 0.2625, 0.2675, 0.2725]}], "data": {"__dtype__": [["k", "<f8"], ["power_0", "<c8"], ["modes", "<i8"]], "__shape__": [55], "__data__": [[0.00381582870963149, {"__complex__": [107006.7578125, -5.763134652662927e-13]}, 101], [0.008101265444645324, {"__complex__": [102190.34375, 2.3198706410737513e-13]}, 690], [0.012881094428097399, {"__complex__": [111180.4453125, 1.5765888621748284e-14]}, 1846], [0.01776898906732117, {"__complex__": [107041.9140625, 9.942050573650066e-14]}, 3586], [0.022691540015953332, {"__complex__": [104272.2578125, -1.0659835779922369e-13]}, 5870], [0.027646924733755237, {"__complex__": [104375.890625, 4.955249128775832e-14]}, 8810], [0.03262381701015117, {"__complex__": [97020.2265625, 4.851427283991336e-14]}, 12298], [0.03761603546573974, {"__complex__": [93899.75, -2.2155778120892637e-14]}, 16420], [0.042615513382507485, {"__complex__": [92907.1328125, -3.524972333338386e-14]}, 21054], [0.04759756059586297, {"__complex__": [93481.4140625, 1.5574254193695576e-14]}, 26162], [0.05257971257242345, {"__complex__": [89518.7109375, 1.977162431986059e-14]}, 32016], [0.05757077253850946, {"__complex__": [86419.890625, 1.1359217501349678e-14]}, 38432], [0.06256656704432612, {"__complex__": [84832.6953125, -3.3604977626295034e-15]}, 45468], [0.06756224221830869, {"__complex__": [84172.3046875, 5.295757135901713e-15]}, 52896], [0.07255395967994632, {"__complex__": [84281.2109375, -2.501802865757406e-15]}, 61074], [0.077549843044251, {"__complex__": [83260.9296875, -5.107764102489252e-15]}, 69800], [0.08254670444516676, {"__complex__": [83993.640625, 3.841801365017184e-15]}, 79070], [0.0875450730828665, {"__complex__": [80186.8515625, 0.0]}, 89062], [0.09254706284502398, {"__complex__": [80115.0546875, 5.299872868992422e-15]}, 99532], [0.09754654727165055, {"__complex__": [79698.90625, 4.215807915844373e-15]}, 110456], [0.10254482204994865, {"__complex__": [78459.2265625, 1.9354118392027157e-15]}, 122180], [0.10754221436417905, {"__complex__": [76764.921875, -4.230649203629689e-15]}, 134146], [0.11253731368411114, {"__complex__": [76169.40625, -2.5731080050814042e-15]}, 147040], [0.11753494034207632, {"__complex__": [76941.1640625, 3.583009082708472e-15]}, 160424], [0.12253330115342949, {"__complex__": [75902.1484375, -3.046568929410457e-15]}, 174342], [0.12753356291363982, {"__complex__": [75983.4609375, 1.4045507742909097e-15]}, 189080], [0.13253370854762594, {"__complex__": [75831.3046875, -2.3636212988741283e-15]}, 203938], [0.13752961459817578, {"__complex__": [74914.8203125, -6.298554465837514e-16]}, 219484], [0.1425281107820362, {"__complex__": [74952.3671875, -1.8487857267474592e-16]}, 236132], [0.1475274145760076, {"__complex__": [74648.765625, -6.134094442919501e-15]}, 252650], [0.1525290822685407, {"__complex__": [73964.140625, 1.4787001443726695e-15]}, 270628], [0.1575299612384668, {"__complex__": [73800.8046875, 2.0205380151270625e-15]}, 288080], [0.16252169358652926, {"__complex__": [73338.6953125, 1.0222313362402485e-15]}, 306062], [0.16752062292264278, {"__complex__": [73509.5546875, 1.6482002250850828e-15]}, 326672], [0.1725228620785395, {"__complex__": [73543.1484375, -3.159192547659757e-16]}, 345466], [0.1775209487576261, {"__complex__": [72805.40625, 5.166172529916593e-15]}, 366180], [0.1825256448391732, {"__complex__": [72396.2109375, 6.943209007377897e-16]}, 387732], [0.18752632321603607, {"__complex__": [72852.09375, -1.0700409727474946e-16]}, 407982], [0.19252140078705848, {"__complex__": [72891.0, 2.494117365250053e-16]}, 430294], [0.19751872595109427, {"__complex__": [72101.21875, -1.5695684625255716e-15]}, 453134], [0.20251834237475713, {"__complex__": [72319.265625, -1.7634669037671713e-15]}, 476546], [0.2075189401846281, {"__complex__": [72398.5, -3.635535713350079e-15]}, 500336], [0.21252015430968035, {"__complex__": [72445.7734375, 1.1086370613105413e-15]}, 525038], [0.21752001193636755, {"__complex__": [72153.921875, 2.6490586502825044e-17]}, 549324], [0.22251920952356846, {"__complex__": [71927.1953125, -4.0144941246660353e-16]}, 575444], [0.22751862790843796, {"__complex__": [72030.5859375, -9.077729387480774e-16]}, 601138], [0.23251697255054365, {"__complex__": [71897.734375, 6.025158170847836e-16]}, 627950], [0.23751700822531546, {"__complex__": [72025.6328125, -1.9365176407153562e-15]}, 655638], [0.24251727793025477, {"__complex__": [72012.2578125, -2.6945388601580175e-15]}, 683166], [0.24751389003994526, {"__complex__": [71725.1640625, -1.780864536987301e-15]}, 710900], [0.2525134489582163, {"__complex__": [71807.1015625, 8.633892064053401e-16]}, 741594], [0.2575160115814785, {"__complex__": [71878.078125, 2.0776793077350908e-16]}, 770432], [0.2625147120015445, {"__complex__": [71458.578125, 1.1365047364427834e-16]}, 800256], [0.2675154267702453, {"__complex__": [70928.703125, 2.797954171479479e-16]}, 832146], [0.2725162642594614, {"__complex__": [71608.0234375, 3.4422593119291193e-15]}, 862396]]}, "attrs": {"poles": [0], "dk": 0.005, "kmin": 0.0, "kmax": null, "Nmesh": {"__dtype__": "<i8", "__shape__": [3], "__data__": [512, 512, 512]}, "BoxSize": {"__dtype__": "<f8", "__shape__": [3], "__data__": [2665.0, 5797.0, 2969.0]}, "BoxPad": {"__dtype__": "<f8", "__shape__": [3], "__data__": [0.1, 0.1, 0.1]}, "BoxCenter": {"__dtype__": "<f8", "__shape__": [3], "__data__": [2582.6659631740176, 44.45818371950327, 890.4509743382112]}, "mesh.resampler": "tsc", "mesh.interlaced": true, "alpha": 0.05021413352272727, "data.norm": 1.8466339118124049, "randoms.norm": 1.846183066460634, "shotnoise": 70335.29509852355, "first.data.N": 141403, "first.data.W": 141403.0, "first.data.W2": 126030.27470082373, "first.data.num_per_cell": 0.0009389987193109373, "first.randoms.N": 2816000, "first.randoms.W": 2816000.0, "first.randoms.W2": 2508954.182162565, "first.randoms.num_per_cell": 0.0186931653481913, "first.data.ext": 1, "first.randoms.ext": 1, "second.data.N": 141403, "second.data.W": 141403.0, "second.data.W2": 132966.8720573187, "second.data.num_per_cell": 0.0009906803969839117, "second.randoms.N": 2816000, "second.randoms.W": 2816000.0, "second.randoms.W2": 2645625.888250053, "second.randoms.num_per_cell": 0.019711448909715212, "second.data.ext": 1, "second.randoms.ext": 1}}, "attrs": {"poles": [0], "dk": 0.005, "kmin": 0.0, "kmax": null, "Nmesh": {"__dtype__": "<i8", "__shape__": [3], "__data__": [512, 512, 512]}, "BoxSize": {"__dtype__": "<f8", "__shape__": [3], "__data__": [2665.0, 5797.0, 2969.0]}, "BoxPad": {"__dtype__": "<f8", "__shape__": [3], "__data__": [0.1, 0.1, 0.1]}, "BoxCenter": {"__dtype__": "<f8", "__shape__": [3], "__data__": [2582.6659631740176, 44.45818371950327, 890.4509743382112]}, "mesh.resampler": "tsc", "mesh.interlaced": true, "alpha": 0.05021413352272727, "data.norm": 1.8466339118124049, "randoms.norm": 1.846183066460634, "shotnoise": 70335.29509852355, "first.data.N": 141403, "first.data.W": 141403.0,