{"poles": {"dims": ["k"], "edges": [{"__dtype__": "<f8", "__shape__": [56], "__data__": [0.0, 0.005, 0.01, 0.015, 0.02, 0.025, 0.03, 0.035, 0.04, 0.045, 0.05, 0.055, 0.06, 0.065, 0.07, 0.075, 0.08, 0.085, 0.09, 0.095, 0.1, 0.105, 0.11, 0.115, 0.12, 0.125, 0.13, 0.135, 0.14, 0.145, 0.15, 0.155, 0.16, 0.165, 0.17, 0.17500000000000002, 0.18, 0.185, 0.19, 0.195, 0.2, 0.20500000000000002, 0.21, 0.215, 0.22, 0.225, 0.23, 0.23500000000000001, 0.24, 0.245, 0.25, 0.255, 0.26, 0.265, 0.27, 0.275]}], "coords": [{"__dtype__": "<f8", "__shape__": [55], "__data__": [0.0025, 0.0075, 0.0125, 0.0175, 0.0225, 0.0275, 0.0325, 0.037500000000000006, 0.042499999999999996, 0.0475, 0.052500000000000005, 0.057499999999999996, 0.0625, 0.0675, 0.07250000000000001, 0.0775, 0.0825, 0.0875, 0.0925, 0.0975, 0.10250000000000001, 0.1075, 0.1125, 0.1175, 0.1225, 0.1275, 0.1325, 0.1375, 0.14250000000000002, 0.1475, 0.1525, 0.1575, 0.1625, 0.1675, 0.17250000000000001, 0.1775, 0.1825, 0.1875, 0.1925, 0.1975, 0.2025, 0.20750000000000002, 0.2125, 0.2175, 0.2225, 0.2275, 0.2325, 0.2375, 0.2425, 0.2475, 0.2525, 0.2575, 0.2625, 0.2675, 0.2725]}], "data": {"__dtype__": [["k", "<f8"], ["power_0", "<c8"], ["modes", "<i8"]], "__shape__": [55], "__data__": [[0.00381582870963149, {"__complex__": [59147.66796875, 7.20391845135393e-13]}, 101], [0.008101265444645324, {"__complex__": [113084.328125, 2.53076775031183e-13]}, 690], [0.012881094428097399, {"__complex__": [111385.484375, 8.671238911368145e-14]}, 1846], [0.01776898906732117, {"__complex__": [118817.921875, -2.2724686444663272e-13]}, 3586], [0.022691540015953332, {"__complex__": [113998.09375, 8.862537575560561e-14]}, 5870], [0.027646924733755237, {"__complex__": [105085.84375, -6.606998866602208e-15]}, 8810], [0.03262381701015117, {"__complex__": [99028.90625, -4.73309983057852e-15]}, 12298], [0.03761603546573974, {"__complex__": [96849.203125, -3.057497560254169e-14]}, 16420], [0.042615513382507485, {"__complex__": [92225.34375, 3.3176210395427855e-14]}, 21054], [0.04759756059586297, {"__complex__": [94256.5625, 5.562233277591443e-15]}, 26162], [0.05257971257242345, {"__complex__": [95665.4609375, 2.272600408911602e-15]}, 32016], [0.05757077253850946, {"__complex__": [91263.7734375, -1.3820381843880191e-14]}, 38432], [0.06256656704432612, {"__complex__": [88171.2890625, 1.2161801547663862e-14]}, 45468], [0.06756224221830869, {"__complex__": [87210.1953125, 6.602502392201708e-15]}, 52896], [0.07255395967994632, {"__complex__": [86779.2890625, 1.8346554066543327e-14]}, 61074], [0.077549843044251, {"__complex__": [83610.2578125, -7.713765573286093e-15]}, 69800], [0.08254670444516676, {"__complex__": [84287.765625, 5.705189992714866e-15]}, 79070], [0.0875450730828665, {"__complex__": [83491.359375, 3.594598611009279e-15]}, 89062], [0.09254706284502398, {"__complex__": [83259.7109375, 3.874389687113372e-15]}, 99532], [0.09754654727165055, {"__complex__": [80939.234375, -8.56335994817289e-15]}, 110456], [0.10254482204994865, {"__complex__": [80289.265625, 4.40678377578059e-15]}, 122180], [0.10754221436417905, {"__complex__": [80617.375, 9.763037275324626e-16]}, 134146], [0.11253731368411114, {"__complex__": [79271.3984375, -4.9482844215428573e-17]}, 147040], [0.11753494034207632, {"__complex__": [79297.1171875, -5.760027329236583e-15]}, 160424], [0.12253330115342949, {"__complex__": [79742.9375, -2.7544321363418955e-15]}, 174342], [0.12753356291363982, {"__complex__": [79158.0078125, 9.54324916617108e-15]}, 189080], [0.13253370854762594, {"__complex__": [77547.25, 7.706297283790152e-15]}, 203938], [0.13752961459817578, {"__complex__": [77026.0703125, 3.978034385544862e-16]}, 219484], [0.1425281107820362, {"__complex__": [76825.3359375, 4.128954851498811e-15]}, 236132], [0.1475274145760076, {"__complex__": [77257.375, 5.759712868254915e-17]}, 252650], [0.1525290822685407, {"__complex__": [76482.5234375, 3.1724839769098345e-15]}, 270628], [0.1575299612384668, {"__complex__": [76307.125, -3.460171517664706e-15]}, 288080], [0.16252169358652926, {"__complex__": [75964.3203125, -2.3772822462474457e-15]}, 306062], [0.16752062292264278, {"__complex__": [76077.0546875, -1.7818380954810514e-16]}, 326672], [0.1725228620785395, {"__complex__": [75488.84375, 1.8533930036453714e-15]}, 345466], [0.1775209487576261, {"__complex__": [75705.7265625, -7.749258265479298e-16]}, 366180], [0.1825256448391732, {"__complex__": [75693.4375, 2.439505921827457e-15]}, 387732], [0.18752632321603607, {"__complex__": [75726.5703125, -8.381987641913524e-16]}, 407982], [0.19252140078705848, {"__complex__": [75426.2734375, 3.686220894364356e-15]}, 430294], [0.19751872595109427, {"__complex__": [74915.0859375, 1.15610161130112e-15]}, 453134], [0.20251834237475713, {"__complex__": [74588.90625, -2.6566514999438063e-15]}, 476546], [0.2075189401846281, {"__complex__": [74626.0625, -4.94432877767918e-16]}, 500336], [0.21252015430968035, {"__complex__": [74914.7890625, -2.2172741755606417e-16]}, 525038], [0.21752001193636755, {"__complex__": [74977.484375, 9.006799907268883e-16]}, 549324], [0.22251920952356846, {"__complex__": [74440.125, -5.942715924695983e-16]}, 575444], [0.22751862790843796, {"__complex__": [73914.5390625, 0.0]}, 601138], [0.23251697255054365, {"__complex__": [73737.875, -1.2050316341695672e-15]}, 627950], [0.23751700822531546, {"__complex__": [74069.3515625, -4.4390090383797614e-16]}, 655638], [0.24251727793025477, {"__complex__": [74066.2265625, 1.5762519759958816e-15]}, 683166], [0.24751389003994526, {"__complex__": [73687.6015625, 1.1463036635628743e-15]}, 710900], [0.2525134489582163, {"__complex__": [74077.6015625, -1.9573425809983136e-15]}, 741594], [0.2575160115814785, {"__complex__": [73610.40625, 7.177437969490945e-16]}, 770432], [0.2625147120015445, {"__complex__": [73738.7265625, -7.819152247913171e-16]}, 800256], [0.2675154267702453, {"__complex__": [73223.3671875, 8.743606785873372e-17]}, 832146], [0.2725162642594614, {"__complex__": [73420.640625, 2.1514120170161403e-15]}, 862396]]}, "attrs": {"poles": [0], "dk": 0.005, "kmin": 0.0, "kmax": null, "Nmesh": {"__dtype__": "<i8", "__shape__": [3], "__data__": [512, 512, 512]}, "BoxSize": {"__dtype__": "<f8", "__shape__": [3], "__data__": [2665.0, 5797.0, 2969.0]}, "BoxPad": {"__dtype__": "<f8", "__shape__": [3], "__data__": [0.1, 0.1, 0.1]}, "BoxCenter": {"__dtype__": "<f8", "__shape__": [3], "__data__": [2582.6659631740176, 44.45818371950327, 890.4509743382112]}, "mesh.resampler": "tsc", "mesh.interlaced": true, "alpha": 0.04992471590909091, "data.norm": 1.0367488662816642, "randoms.norm": 1.036512153436136, "shotnoise": 72531.42613403246, "first.data.N": 140588, "first.data.W": 140588.0, "first.data.W2": 125263.81825208076, "first.data.num_per_cell": 0.0009332881737655458, "first.randoms.N": 2816000, "first.randoms.W": 2816000.0, "first.randoms.W2": 2508954.182162565, "first.randoms.num_per_cell": 0.0186931653481913, "first.data.ext": 1, "first.randoms.ext": 1, "second.data.N": 140588, "second.data.W": 140588.0, "second.data.W2": 74927.43661900611, "second.data.num_per_cell": 0.0005582529054508069, "second.randoms.N": 2816000, "second.randoms.W": 2816000.0, "second.randoms.W2": 1500023.1795866555, "second.randoms.num_per_cell": 0.011176043596764322, "second.data.ext": 1, "second.randoms.ext": 1}}, "attrs": {"poles": [0], "dk": 0.005, "kmin": 0.0, "kmax": null, "Nmesh": {"__dtype__": "<i8", "__shape__": [3], "__data__": [512, 512, 512]}, "BoxSize": {"__dtype__": "<f8", "__shape__": [3], "__data__": [2665.0, 5797.0, 2969.0]}, "BoxPad": {"__dtype__": "<f8", "__shape__": [3], "__data__": [0.1, 0.1, 0.1]}, "BoxCenter": {"__dtype__": "<f8", "__shape__": [3], "__data__": [2582.6659631740176, 44.45818371950327, 890.4509743382112]}, "mesh.resampler": "tsc", "mesh.interlaced": true, "alpha": 0.04992471590909091, "data.norm": 1.0367488662816642, "randoms.norm": 1.036512153436136, "shotnoise": 72531.42613403246, "first.data.N": 140588, "first.data.W": 140588.0, "first.data.W2": 125263.81825208076,