{"poles": {"dims": ["k"], "edges": [{"__dtype__": "<f8", "__shape__": [56], "__data__": [0.0, 0.005, 0.01, 0.015, 0.02, 0.025, 0.03, 0.035, 0.04, 0.045, 0.05, 0.055, 0.06, 0.065, 0.07, 0.075, 0.08, 0.085, 0.09, 0.095, 0.1, 0.105, 0.11, 0.115, 0.12, 0.125, 0.13, 0.135, 0.14, 0.145, 0.15, 0.155, 0.16, 0.165, 0.17, 0.17500000000000002, 0.18, 0.185, 0.19, 0.195, 0.2, 0.20500000000000002, 0.21, 0.215, 0.22, 0.225, 0.23, 0.23500000000000001, 0.24, 0.245, 0.25, 0.255, 0.26, 0.265, 0.27, 0.275]}], "coords": [{"__dtype__": "<f8", "__shape__": [55], "__data__": [0.0025, 0.0075, 0.0125, 0.0175, 0.0225, 0.0275, 0.0325, 0.037500000000000006, 0.042499999999999996, 0.0475, 0.052500000000000005, 0.057499999999999996, 0.0625, 0.0675, 0.07250000000000001, 0.0775, 0.0825, 0.0875, 0.0925, 0.0975, 0.10250000000000001, 0.1075, 0.1125, 0.1175, 0.1225, 0.1275, 0.1325, 0.1375, 0.14250000000000002, 0.1475, 0.1525, 0.1575, 0.1625, 0.1675, 0.17250000000000001, 0.1775, 0.1825, 0.1875, 0.1925, 0.1975, 0.2025, 0.20750000000000002, 0.2125, 0.2175, 0.2225, 0.2275, 0.2325, 0.2375, 0.2425, 0.2475, 0.2525, 0.2575, 0.2625, 0.2675, 0.2725]}], "data": {"__dtype__": [["k", "<f8"], ["power_0", "<c8"], ["modes", "<i8"]], "__shape__": [55], "__data__": [[0.00381582870963149, {"__complex__": [98320.9375, 5.042743024367968e-13]}, 101], [0.008101265444645324, {"__complex__": [101406.015625, 1.898075880496508e-13]}, 690], [0.012881094428097399, {"__complex__": [114252.359375, 9.45953317304897e-14]}, 1846], [0.01776898906732117, {"__complex__": [109618.953125, -1.7043514494684275e-13]}, 3586], [0.022691540015953332, {"__complex__": [104178.453125, -1.090773860666118e-13]}, 5870], [0.027646924733755237, {"__complex__": [102366.921875, -7.019936322234625e-15]}, 8810], [0.03262381701015117, {"__complex__": [98499.109375, 1.5974211292927795e-14]}, 12298], [0.03761603546573974, {"__complex__": [96956.2421875, -9.748542847531211e-15]}, 16420], [0.042615513382507485, {"__complex__": [92917.828125, 1.5551348093461215e-15]}, 21054], [0.04759756059586297, {"__complex__": [90755.921875, 6.674680187219615e-15]}, 26162], [0.05257971257242345, {"__complex__": [88159.2578125, -1.005625721177449e-14]}, 32016], [0.05757077253850946, {"__complex__": [88596.640625, -1.0933247173274332e-14]}, 38432], [0.06256656704432612, {"__complex__": [87511.6875, 1.9202844660394644e-15]}, 45468], [0.06756224221830869, {"__complex__": [84538.9453125, 6.327397949394773e-15]}, 52896], [0.07255395967994632, {"__complex__": [84761.859375, -1.3104681778614144e-15]}, 61074], [0.077549843044251, {"__complex__": [81989.875, -8.86040667359933e-16]}, 69800], [0.08254670444516676, {"__complex__": [81434.578125, -9.247928588012027e-15]}, 79070], [0.0875450730828665, {"__complex__": [81154.5859375, -2.246624026001681e-15]}, 89062], [0.09254706284502398, {"__complex__": [79582.7421875, -1.6813389068387496e-15]}, 99532], [0.09754654727165055, {"__complex__": [78804.609375, -6.52132783673454e-15]}, 110456], [0.10254482204994865, {"__complex__": [78456.0390625, -2.0247386632707334e-15]}, 122180], [0.10754221436417905, {"__complex__": [76779.9296875, 8.949450482783846e-16]}, 134146], [0.11253731368411114, {"__complex__": [76902.8984375, -2.4988837784629308e-15]}, 147040], [0.11753494034207632, {"__complex__": [76508.140625, -2.1770182465281115e-15]}, 160424], [0.12253330115342949, {"__complex__": [76331.03125, 9.18144010154259e-16]}, 174342], [0.12753356291363982, {"__complex__": [75692.3046875, -2.3184706311372115e-15]}, 189080], [0.13253370854762594, {"__complex__": [74924.0859375, 4.673726632624256e-15]}, 203938], [0.13752961459817578, {"__complex__": [74630.2421875, -1.5912137542179448e-15]}, 219484], [0.1425281107820362, {"__complex__": [75031.2890625, -3.2970012082880057e-15]}, 236132], [0.1475274145760076, {"__complex__": [73933.65625, -5.644518716768935e-15]}, 252650], [0.1525290822685407, {"__complex__": [73822.96875, -2.701988514929119e-15]}, 270628], [0.1575299612384668, {"__complex__": [73711.234375, 1.8942545082956293e-15]}, 288080], [0.16252169358652926, {"__complex__": [73440.859375, -2.5020895864100515e-15]}, 306062], [0.16752062292264278, {"__complex__": [72951.296875, 2.8509409527696823e-15]}, 326672], [0.1725228620785395, {"__complex__": [73080.6171875, -1.6849026920852037e-15]}, 345466], [0.1775209487576261, {"__complex__": [72553.9453125, -5.563570213219565e-16]}, 366180], [0.1825256448391732, {"__complex__": [72677.0078125, 2.08296264927381e-15]}, 387732], [0.18752632321603607, {"__complex__": [71923.0234375, -3.0852848996053197e-15]}, 407982], [0.19252140078705848, {"__complex__": [72198.0390625, -3.990587784400085e-15]}, 430294], [0.19751872595109427, {"__complex__": [72412.4453125, 2.6975703910762407e-15]}, 453134], [0.20251834237475713, {"__complex__": [72354.5078125, 3.939172884501749e-15]}, 476546], [0.2075189401846281, {"__complex__": [72444.7109375, 3.8245837262983456e-15]}, 500336], [0.21252015430968035, {"__complex__": [71847.46875, 1.233358745266356e-15]}, 525038], [0.21752001193636755, {"__complex__": [72517.4375, -2.7020399721806648e-15]}, 549324], [0.22251920952356846, {"__complex__": [72017.328125, -3.5024090273377785e-15]}, 575444], [0.22751862790843796, {"__complex__": [71728.3984375, -1.6793799313899872e-15]}, 601138], [0.23251697255054365, {"__complex__": [71119.359375, -9.50121092099885e-16]}, 627950], [0.23751700822531546, {"__complex__": [71619.4296875, -9.821307848139802e-16]}, 655638], [0.24251727793025477, {"__complex__": [71515.234375, -5.112168356177619e-16]}, 683166], [0.24751389003994526, {"__complex__": [71327.7421875, 3.991593000750239e-16]}, 710900], [0.2525134489582163, {"__complex__": [71484.0546875, 2.74714754711639e-16]}, 741594], [0.2575160115814785, {"__complex__": [71437.5, 1.27493956617729e-16]}, 770432], [0.2625147120015445, {"__complex__": [71162.4921875, -7.182709690796419e-16]}, 800256], [0.2675154267702453, {"__complex__": [70990.6875, -1.4864132528601468e-16]}, 832146], [0.2725162642594614, {"__complex__": [71207.34375, -2.636534308627839e-16]}, 862396]]}, "attrs": {"poles": [0], "dk": 0.005, "kmin": 0.0, "kmax": null, "Nmesh": {"__dtype__": "<i8", "__shape__": [3], "__data__": [512, 512, 512]}, "BoxSize": {"__dtype__": "<f8", "__shape__": [3], "__data__": [2665.0, 5797.0, 2969.0]}, "BoxPad": {"__dtype__": "<f8", "__shape__": [3], "__data__": [0.1, 0.1, 0.1]}, "BoxCenter": {"__dtype__": "<f8", "__shape__": [3], "__data__": [2582.6659631740176, 44.45818371950327, 890.4509743382112]}, "mesh.resampler": "tsc", "mesh.interlaced": true, "alpha": 0.04998117897727273, "data.norm": 1.8368778880763217, "randoms.norm": 1.837618212167598, "shotnoise": 70173.81610781884, "first.data.N": 140747, "first.data.W": 140747.0, "first.data.W2": 125385.29041686731, "first.data.num_per_cell": 0.0009341932119195708, "first.randoms.N": 2816000, "first.randoms.W": 2816000.0, "first.randoms.W2": 2508954.182162565, "first.randoms.num_per_cell": 0.0186931653481913, "first.data.ext": 1, "first.randoms.ext": 1, "second.data.N": 140747, "second.data.W": 140747.0, "second.data.W2": 132167.23150354624, "second.data.num_per_cell": 0.0009847226105894613, "second.randoms.N": 2816000, "second.randoms.W": 2816000.0, "second.randoms.W2": 2645625.888250053, "second.randoms.num_per_cell": 0.019711448909715212, "second.data.ext": 1, "second.randoms.ext": 1}}, "attrs": {"poles": [0], "dk": 0.005, "kmin": 0.0, "kmax": null, "Nmesh": {"__dtype__": "<i8", "__shape__": [3], "__data__": [512, 512, 512]}, "BoxSize": {"__dtype__": "<f8", "__shape__": [3], "__data__": [2665.0, 5797.0, 2969.0]}, "BoxPad": {"__dtype__": "<f8", "__shape__": [3], "__data__": [0.1, 0.1, 0.1]}, "BoxCenter": {"__dtype__": "<f8", "__shape__": [3], "__data__": [2582.6659631740176, 44.45818371950327, 890.4509743382112]}, "mesh.resampler": "tsc", "mesh.interlaced": true, "alpha": 0.04998117897727273, "data.norm": 1.8368778880763217, "randoms.norm": 1.837618212167598, "shotnoise": 70173.81610781884, "first.data.N": 140747, "first.data.W": 140747.0,