{"poles": {"dims": ["k"], "edges": [{"__dtype__": "<f8", "__shape__": [46], "__data__": [0.0, 0.005, 0.01, 0.015, 0.02, 0.025, 0.03, 0.035, 0.04, 0.045, 0.05, 0.055, 0.06, 0.065, 0.07, 0.075, 0.08, 0.085, 0.09, 0.095, 0.1, 0.105, 0.11, 0.115, 0.12, 0.125, 0.13, 0.135, 0.14, 0.145, 0.15, 0.155, 0.16, 0.165, 0.17, 0.17500000000000002, 0.18, 0.185, 0.19, 0.195, 0.2, 0.20500000000000002, 0.21, 0.215, 0.22, 0.225]}], "coords": [{"__dtype__": "<f8", "__shape__": [45], "__data__": [0.0025, 0.0075, 0.0125, 0.0175, 0.0225, 0.0275, 0.0325, 0.037500000000000006, 0.042499999999999996, 0.0475, 0.052500000000000005, 0.057499999999999996, 0.0625, 0.0675, 0.07250000000000001, 0.0775, 0.0825, 0.0875, 0.0925, 0.0975, 0.10250000000000001, 0.1075, 0.1125, 0.1175, 0.1225, 0.1275, 0.1325, 0.1375, 0.14250000000000002, 0.1475, 0.1525, 0.1575, 0.1625, 0.1675, 0.17250000000000001, 0.1775, 0.1825, 0.1875, 0.1925, 0.1975, 0.2025, 0.20750000000000002, 0.2125, 0.2175, 0.2225]}], "data": {"__dtype__": [["k", "<f8"], ["power_0", "<c8"], ["modes", "<i8"]], "__shape__": [45], "__data__": [[0.0038124604949970986, {"__complex__": [-98678.6640625, 6.970977614595419e-13]}, 167], [0.008045304719267473, {"__complex__": [-123771.9609375, -2.62257256926704e-13]}, 1082], [0.012809912756659051, {"__complex__": [-142892.25, -5.851976482606006e-14]}, 2984], [0.017715433309244185, {"__complex__": [-136470.265625, -6.516531427967417e-14]}, 5806], [0.022669091647761614, {"__complex__": [-138267.0, -8.564408405555002e-14]}, 9600], [0.02765002119246127, {"__complex__": [-130447.4375, 2.0247551804132048e-14]}, 14374], [0.03263290233536856, {"__complex__": [-116943.25, 2.7684628135966893e-14]}, 19974], [0.03761272013936665, {"__complex__": [-119637.4765625, -3.3953739207162256e-14]}, 26572], [0.04260175757545894, {"__complex__": [-114510.25, -2.2114080382965202e-14]}, 34218], [0.047587548630681535, {"__complex__": [-109809.7890625, 1.096189467458342e-14]}, 42480], [0.052570104151228036, {"__complex__": [-108186.6875, 1.5088391012952826e-14]}, 52080], [0.05756944955461065, {"__complex__": [-105852.546875, 2.6966933731626536e-14]}, 62596], [0.06257077522949148, {"__complex__": [-105769.2109375, -6.307380443268786e-15]}, 73828], [0.06756176768890902, {"__complex__": [-105263.0, 8.126346004531243e-15]}, 85954], [0.07255121859525904, {"__complex__": [-101130.640625, -1.2917812334406215e-14]}, 99132], [0.07755262400137602, {"__complex__": [-101114.375, 4.6031751408650776e-15]}, 113806], [0.08255332089930578, {"__complex__": [-96832.71875, -2.266547511470523e-15]}, 128406], [0.08755113966916353, {"__complex__": [-94008.8046875, -6.8349053630387124e-15]}, 144776], [0.0925464539210429, {"__complex__": [-95452.5234375, -2.525278172132322e-15]}, 161350], [0.0975407696852722, {"__complex__": [-93424.6171875, 1.945356429519955e-15]}, 179528], [0.10253936843338714, {"__complex__": [-91359.40625, -1.1732458757909023e-15]}, 198450], [0.10753330829635703, {"__complex__": [-91172.3203125, 1.1688876001097033e-16]}, 217864], [0.11253145908249744, {"__complex__": [-91328.84375, -6.080373601701384e-16]}, 239326], [0.11753431416740862, {"__complex__": [-90354.625, -1.3836118869007229e-14]}, 260830], [0.12253334462183928, {"__complex__": [-90509.4453125, -1.4382610974048547e-15]}, 283296], [0.12753220666506468, {"__complex__": [-88693.421875, -1.3834960974968332e-14]}, 307132], [0.13253184583720862, {"__complex__": [-88196.203125, -6.058030037223118e-15]}, 331488], [0.1375304034136141, {"__complex__": [-87612.765625, -1.0149086940595877e-14]}, 357020], [0.1425296880354727, {"__complex__": [-88148.3671875, -1.2141519555500095e-15]}, 383528], [0.1475269696696561, {"__complex__": [-88153.546875, 1.0635861317031636e-15]}, 410458], [0.15252572158497293, {"__complex__": [-86701.296875, 9.104589861029392e-16]}, 439534], [0.15752614553798203, {"__complex__": [-86608.6796875, 9.246030598935467e-16]}, 468222], [0.16252439198132457, {"__complex__": [-85301.6015625, -1.0797830957205603e-15]}, 498638], [0.1675237007706474, {"__complex__": [-85546.6484375, 5.437607202479549e-15]}, 529880], [0.1725250298734758, {"__complex__": [-85262.9375, -8.283724408493737e-16]}, 562140], [0.1775249124979596, {"__complex__": [-85865.5546875, -2.935382620193529e-16]}, 594890], [0.18252291001219376, {"__complex__": [-85024.578125, -1.2036553115093974e-15]}, 628668], [0.18752197500191278, {"__complex__": [-84422.703125, -7.342079998613499e-16]}, 663966], [0.19252241149897908, {"__complex__": [-84754.9375, 4.693247353926679e-15]}, 699962], [0.19752275891621854, {"__complex__": [-84403.7109375, 5.5324016242220934e-15]}, 736486], [0.202520204709918, {"__complex__": [-84335.796875, -1.0530313600265462e-15]}, 773868], [0.2075192312193462, {"__complex__": [-84399.609375, 5.278098616533829e-15]}, 813326], [0.21252078094835136, {"__complex__": [-83346.796875, 9.895548168384273e-16]}, 852920], [0.217518623332359, {"__complex__": [-83347.828125, 5.2989216509926555e-17]}, 892516], [0.22251541035688588, {"__complex__": [-83271.0, -1.0123634553442951e-16]}, 934323]]}, "attrs": {"poles": [0], "dk": 0.005, "kmin": 0.0, "kmax": null, "Nmesh": {"__dtype__": "<i8", "__shape__": [3], "__data__": [512, 512, 512]}, "BoxSize": {"__dtype__": "<f8", "__shape__": [3], "__data__": [3432.0, 7192.0, 3020.0]}, "BoxPad": {"__dtype__": "<f8", "__shape__": [3], "__data__": [0.1, 0.1, 0.1]}, "BoxCenter": {"__dtype__": "<f8", "__shape__": [3], "__data__": [-1750.1629678974402, 35.39290098772153, 1912.171961766124]}, "mesh.resampler": "tsc", "mesh.interlaced": true, "alpha": 0.04995218866102666, "data.norm": -1.4870573065825008, "randoms.norm": -1.484663873269604, "shotnoise": 54374.5861288892, "first.data.N": 240142, "first.data.W": 240142.0, "first.data.W2": 206956.3078211741, "first.data.num_per_cell": 0.0015419446514634348, "first.randoms.N": 4807437, "first.randoms.W": 4807437.0, "first.randoms.W2": 4143938.155815553, "first.randoms.num_per_cell": 0.03087474521857167, "first.data.ext": 1, "first.randoms.ext": 1, "second.data.N": 240142, "second.data.W": 240142.0, "second.data.W2": -97911.21825394704, "second.data.num_per_cell": -0.0007294954229440319, "second.randoms.N": 4807437, "second.randoms.W": 4807437.0, "second.randoms.W2": -1956847.5447547096, "second.randoms.num_per_cell": -0.014579650348087472, "second.data.ext": 1, "second.randoms.ext": 1}}, "attrs": {"poles": [0], "dk": 0.005, "kmin": 0.0, "kmax": null, "Nmesh": {"__dtype__": "<i8", "__shape__": [3], "__data__": [512, 512, 512]}, "BoxSize": {"__dtype__": "<f8", "__shape__": [3], "__data__": [3432.0, 7192.0, 3020.0]}, "BoxPad": {"__dtype__": "<f8", "__shape__": [3], "__data__": [0.1, 0.1, 0.1]}, "BoxCenter": {"__dtype__": "<f8", "__shape__": [3], "__data__": [-1750.1629678974402, 35.39290098772153, 1912.171961766124]}, "mesh.resampler": "tsc", "mesh.interlaced": true, "alpha": 0.04995218866102666, "data.norm": -1.4870573065825008, "randoms.norm": -1.484663873269604, "shotnoise": 54374.5861288892, "first.data.N": 240142, "first.data.W": 240142.0, "first.data.W2": 206956.3078211741, "first.data.num_per_cell": 0.0015419446514634348, "first.randoms.N": 4807437, "first.randoms.W": 4807437.0, "first.randoms.W2": 4143938.155815553, "first.randoms.num_per_cell": 0.03087474521857167, "first.data.ext": 1, "first.randoms.ext": 1, "second.data.N": 240142, "second.data.W": 240142.0, "second.data.W2": -97911.21825394704, "second.data.num_per_cell": -0.0007294954229440319, "second.randoms.N": 4807437, "second.randoms.W": 4807437.0, "second.randoms.W2": -1956847.5447547096, "second.randoms.num_per_cell": -0.014579650348087472, "second.data.ext": 1, "second.randoms.ext": 1, "p": 3.0, "zmin": 0.8, "zmax": 2.2, "P0_FKP": 30000.0, "z-weighted": true, "hashkeys": ["Nmesh", "P0_FKP", "dk", "kmin", "mesh.window", "mesh.interlaced", "poles", "p", "BoxPad", "zmin", "zmax", "z-weighted"]}}