{"poles": {"dims": ["k"], "edges": [{"__dtype__": "<f8", "__shape__": [56], "__data__": [0.0, 0.005, 0.01, 0.015, 0.02, 0.025, 0.03, 0.035, 0.04, 0.045, 0.05, 0.055, 0.06, 0.065, 0.07, 0.075, 0.08, 0.085, 0.09, 0.095, 0.1, 0.105, 0.11, 0.115, 0.12, 0.125, 0.13, 0.135, 0.14, 0.145, 0.15, 0.155, 0.16, 0.165, 0.17, 0.17500000000000002, 0.18, 0.185, 0.19, 0.195, 0.2, 0.20500000000000002, 0.21, 0.215, 0.22, 0.225, 0.23, 0.23500000000000001, 0.24, 0.245, 0.25, 0.255, 0.26, 0.265, 0.27, 0.275]}], "coords": [{"__dtype__": "<f8", "__shape__": [55], "__data__": [0.0025, 0.0075, 0.0125, 0.0175, 0.0225, 0.0275, 0.0325, 0.037500000000000006, 0.042499999999999996, 0.0475, 0.052500000000000005, 0.057499999999999996, 0.0625, 0.0675, 0.07250000000000001, 0.0775, 0.0825, 0.0875, 0.0925, 0.0975, 0.10250000000000001, 0.1075, 0.1125, 0.1175, 0.1225, 0.1275, 0.1325, 0.1375, 0.14250000000000002, 0.1475, 0.1525, 0.1575, 0.1625, 0.1675, 0.17250000000000001, 0.1775, 0.1825, 0.1875, 0.1925, 0.1975, 0.2025, 0.20750000000000002, 0.2125, 0.2175, 0.2225, 0.2275, 0.2325, 0.2375, 0.2425, 0.2475, 0.2525, 0.2575, 0.2625, 0.2675, 0.2725]}], "data": {"__dtype__": [["k", "<f8"], ["power_0", "<c8"], ["modes", "<i8"]], "__shape__": [55], "__data__": [[0.00381582870963149, {"__complex__": [119084.328125, 1.1526269305325854e-12]}, 101], [0.008101265444645324, {"__complex__": [112923.828125, 2.003524570640819e-13]}, 690], [0.012881094428097399, {"__complex__": [111953.15625, 1.5765889299374641e-13]}, 1846], [0.01776898906732117, {"__complex__": [112025.0, -1.7855110293930887e-13]}, 3586], [0.022691540015953332, {"__complex__": [103655.7734375, 4.95806331103979e-15]}, 5870], [0.027646924733755237, {"__complex__": [105002.765625, -4.624899164269898e-14]}, 8810], [0.03262381701015117, {"__complex__": [100211.4921875, 1.952403658937816e-14]}, 12298], [0.03761603546573974, {"__complex__": [94123.625, 1.4179698302303149e-14]}, 16420], [0.042615513382507485, {"__complex__": [93404.71875, 3.110269618692243e-15]}, 21054], [0.04759756059586297, {"__complex__": [89930.8671875, 1.9328761613718153e-14]}, 26162], [0.05257971257242345, {"__complex__": [88018.5390625, 7.116080490978619e-15]}, 32016], [0.05757077253850946, {"__complex__": [85674.6328125, 4.543687169946461e-15]}, 38432], [0.06256656704432612, {"__complex__": [85109.1796875, -3.2004740218331753e-16]}, 45468], [0.06756224221830869, {"__complex__": [86367.4921875, 5.50208515036956e-16]}, 52896], [0.07255395967994632, {"__complex__": [83806.6171875, 2.8592033356536744e-15]}, 61074], [0.077549843044251, {"__complex__": [82423.421875, -6.358644994818984e-15]}, 69800], [0.08254670444516676, {"__complex__": [81781.5078125, -1.8403838481249662e-15]}, 79070], [0.0875450730828665, {"__complex__": [80045.140625, -1.4541785405496575e-14]}, 89062], [0.09254706284502398, {"__complex__": [79690.6015625, 5.117118204963137e-16]}, 99532], [0.09754654727165055, {"__complex__": [78493.984375, 3.030111926278253e-15]}, 110456], [0.10254482204994865, {"__complex__": [77537.671875, 1.7269828653883237e-15]}, 122180], [0.10754221436417905, {"__complex__": [77054.515625, -2.711954704586513e-15]}, 134146], [0.11253731368411114, {"__complex__": [77322.328125, -3.562764995269094e-15]}, 147040], [0.11753494034207632, {"__complex__": [75933.0, -2.7212728081601393e-16]}, 160424], [0.12253330115342949, {"__complex__": [75531.21875, 1.56501830741204e-16]}, 174342], [0.12753356291363982, {"__complex__": [74697.875, 2.693659004684057e-15]}, 189080], [0.13253370854762594, {"__complex__": [75114.703125, 2.1406380755644209e-16]}, 203938], [0.13752961459817578, {"__complex__": [75467.671875, -1.326011550080886e-16]}, 219484], [0.1425281107820362, {"__complex__": [74278.8359375, -2.2185427662178327e-15]}, 236132], [0.1475274145760076, {"__complex__": [73944.8203125, -1.2095397552730914e-15]}, 252650], [0.1525290822685407, {"__complex__": [73643.21875, -9.141055688199873e-16]}, 270628], [0.1575299612384668, {"__complex__": [73271.078125, 5.253399135791894e-15]}, 288080], [0.16252169358652926, {"__complex__": [73343.8359375, -1.2837324299142796e-15]}, 306062], [0.16752062292264278, {"__complex__": [73583.5703125, -1.9154758599979017e-15]}, 326672], [0.1725228620785395, {"__complex__": [72787.0078125, -1.3479221748439866e-15]}, 345466], [0.1775209487576261, {"__complex__": [72582.171875, -9.934946847134623e-16]}, 366180], [0.1825256448391732, {"__complex__": [72737.5859375, -9.851850797426608e-17]}, 387732], [0.18752632321603607, {"__complex__": [72138.125, 3.210123050591382e-16]}, 407982], [0.19252140078705848, {"__complex__": [72142.28125, -5.410966639859862e-16]}, 430294], [0.19751872595109427, {"__complex__": [72017.046875, 5.7805080565056e-16]}, 453134], [0.20251834237475713, {"__complex__": [71727.2109375, 2.977281846083292e-15]}, 476546], [0.2075189401846281, {"__complex__": [71534.3828125, 2.603043631745029e-15]}, 500336], [0.21252015430968035, {"__complex__": [72044.453125, 2.00940474641725e-16]}, 525038], [0.21752001193636755, {"__complex__": [71990.8515625, 1.0993594035601465e-15]}, 549324], [0.22251920952356846, {"__complex__": [71565.484375, -4.4254266003727427e-16]}, 575444], [0.22751862790843796, {"__complex__": [71718.2890625, 7.262183880561533e-17]}, 601138], [0.23251697255054365, {"__complex__": [71672.6953125, 2.0856316236208286e-16]}, 627950], [0.23751700822531546, {"__complex__": [71452.578125, -2.2195045191898807e-16]}, 655638], [0.24251727793025477, {"__complex__": [71132.5859375, -1.2993428236157028e-15]}, 683166], [0.24751389003994526, {"__complex__": [71061.296875, -6.806177605357872e-16]}, 710900], [0.2525134489582163, {"__complex__": [70985.015625, 4.905620430780842e-16]}, 741594], [0.2575160115814785, {"__complex__": [71185.1328125, -2.39877528376755e-15]}, 770432], [0.2625147120015445, {"__complex__": [70965.875, -1.841137548629345e-16]}, 800256], [0.2675154267702453, {"__complex__": [71037.046875, -8.743607182920066e-16]}, 832146], [0.2725162642594614, {"__complex__": [70899.3671875, 1.7042559126223067e-15]}, 862396]]}, "attrs": {"poles": [0], "dk": 0.005, "kmin": 0.0, "kmax": null, "Nmesh": {"__dtype__": "<i8", "__shape__": [3], "__data__": [512, 512, 512]}, "BoxSize": {"__dtype__": "<f8", "__shape__": [3], "__data__": [2665.0, 5797.0, 2969.0]}, "BoxPad": {"__dtype__": "<f8", "__shape__": [3], "__data__": [0.1, 0.1, 0.1]}, "BoxCenter": {"__dtype__": "<f8", "__shape__": [3], "__data__": [2582.6659631740176, 44.45818371950327, 890.4509743382112]}, "mesh.resampler": "tsc", "mesh.interlaced": true, "alpha": 0.04978125, "data.norm": 1.8270843606832374, "randoms.norm": 1.8302675826447634, "shotnoise": 70052.98678687589, "first.data.N": 140184, "first.data.W": 140184.0, "first.data.W2": 124846.82959194966, "first.data.num_per_cell": 0.0009301813661452357, "first.randoms.N": 2816000, "first.randoms.W": 2816000.0, "first.randoms.W2": 2508954.182162565, "first.randoms.num_per_cell": 0.0186931653481913, "first.data.ext": 1, "first.randoms.ext": 1, "second.data.N": 140184, "second.data.W": 140184.0, "second.data.W2": 131459.79372635484, "second.data.num_per_cell": 0.0009794517884131881, "second.randoms.N": 2816000, "second.randoms.W": 2816000.0, "second.randoms.W2": 2645625.888250053, "second.randoms.num_per_cell": 0.019711448909715212, "second.data.ext": 1, "second.randoms.ext": 1}}, "attrs": {"poles": [0], "dk": 0.005, "kmin": 0.0, "kmax": null, "Nmesh": {"__dtype__": "<i8", "__shape__": [3], "__data__": [512, 512, 512]}, "BoxSize": {"__dtype__": "<f8", "__shape__": [3], "__data__": [2665.0, 5797.0, 2969.0]}, "BoxPad": {"__dtype__": "<f8", "__shape__": [3], "__data__": [0.1, 0.1, 0.1]}, "BoxCenter": {"__dtype__": "<f8", "__shape__": [3], "__data__": [2582.6659631740176, 44.45818371950327, 890.4509743382112]}, "mesh.resampler": "tsc", "mesh.interlaced": true, "alpha": 0.04978125, "data.norm": 1.8270843606832374, "randoms.norm": 1.8302675826447634, "shotnoise": 70052.98678687589, "first.data.N": 140184, "first.data.W": 140184.0, "first.data.W2": 124846.82959194966,