{"poles": {"dims": ["k"], "edges": [{"__dtype__": "<f8", "__shape__": [46], "__data__": [0.0, 0.005, 0.01, 0.015, 0.02, 0.025, 0.03, 0.035, 0.04, 0.045, 0.05, 0.055, 0.06, 0.065, 0.07, 0.075, 0.08, 0.085, 0.09, 0.095, 0.1, 0.105, 0.11, 0.115, 0.12, 0.125, 0.13, 0.135, 0.14, 0.145, 0.15, 0.155, 0.16, 0.165, 0.17, 0.17500000000000002, 0.18, 0.185, 0.19, 0.195, 0.2, 0.20500000000000002, 0.21, 0.215, 0.22, 0.225]}], "coords": [{"__dtype__": "<f8", "__shape__": [45], "__data__": [0.0025, 0.0075, 0.0125, 0.0175, 0.0225, 0.0275, 0.0325, 0.037500000000000006, 0.042499999999999996, 0.0475, 0.052500000000000005, 0.057499999999999996, 0.0625, 0.0675, 0.07250000000000001, 0.0775, 0.0825, 0.0875, 0.0925, 0.0975, 0.10250000000000001, 0.1075, 0.1125, 0.1175, 0.1225, 0.1275, 0.1325, 0.1375, 0.14250000000000002, 0.1475, 0.1525, 0.1575, 0.1625, 0.1675, 0.17250000000000001, 0.1775, 0.1825, 0.1875, 0.1925, 0.1975, 0.2025, 0.20750000000000002, 0.2125, 0.2175, 0.2225]}], "data": {"__dtype__": [["k", "<f8"], ["power_0", "<c8"], ["modes", "<i8"]], "__shape__": [45], "__data__": [[0.0038124604949970986, {"__complex__": [98141.140625, -6.535291513683206e-14]}, 167], [0.008045304719267473, {"__complex__": [107632.890625, -2.1518544053838323e-13]}, 1082], [0.012809912756659051, {"__complex__": [105777.8515625, -4.3889825313610936e-14]}, 2984], [0.017715433309244185, {"__complex__": [111162.625, -7.769709897166577e-14]}, 5806], [0.022669091647761614, {"__complex__": [105595.390625, -1.3642420221662063e-14]}, 9600], [0.02765002119246127, {"__complex__": [96171.1640625, 5.5680765343780764e-15]}, 14374], [0.03263290233536856, {"__complex__": [95429.2890625, 2.6409679225957404e-14]}, 19974], [0.03761272013936665, {"__complex__": [92199.2890625, -1.807215096701672e-14]}, 26572], [0.04260175757545894, {"__complex__": [90326.6328125, -1.9775090378680756e-14]}, 34218], [0.047587548630681535, {"__complex__": [84579.4375, -7.022463868549232e-15]}, 42480], [0.052570104151228036, {"__complex__": [84031.375, -1.5088391012952826e-14]}, 52080], [0.05756944955461065, {"__complex__": [80709.5625, -6.393022991653602e-16]}, 62596], [0.06257077522949148, {"__complex__": [81023.2734375, -5.124746689565227e-15]}, 73828], [0.06756176768890902, {"__complex__": [81015.1015625, -6.8142796872565966e-15]}, 85954], [0.07255121859525904, {"__complex__": [78625.125, -5.871732975529296e-16]}, 99132], [0.07755262400137602, {"__complex__": [78364.5, 1.997905930051138e-15]}, 113806], [0.08255332089930578, {"__complex__": [77292.0390625, -9.576163172435488e-15]}, 128406], [0.08755113966916353, {"__complex__": [74958.375, -1.2061597761761915e-15]}, 144776], [0.0925464539210429, {"__complex__": [73686.09375, -5.208386110908906e-15]}, 161350], [0.0975407696852722, {"__complex__": [73364.203125, -1.7832434290196647e-15]}, 179528], [0.10253936843338714, {"__complex__": [73088.8359375, 2.0531803355736383e-15]}, 198450], [0.10753330829635703, {"__complex__": [71715.6953125, -7.973482709694088e-16]}, 217864], [0.11253145908249744, {"__complex__": [71373.875, 4.560280135101589e-17]}, 239326], [0.11753431416740862, {"__complex__": [69931.34375, 2.0084688544198728e-15]}, 260830], [0.12253334462183928, {"__complex__": [70550.96875, 1.6244645619580044e-15]}, 283296], [0.12753220666506468, {"__complex__": [70225.5390625, -3.032320141171745e-15]}, 307132], [0.13253184583720862, {"__complex__": [69845.9375, 3.6435977729420456e-15]}, 331488], [0.1375304034136141, {"__complex__": [69587.9609375, 2.3436645673621066e-15]}, 357020], [0.1425296880354727, {"__complex__": [69206.1875, -5.122203579020215e-16]}, 383528], [0.1475269696696561, {"__complex__": [68785.9375, 4.537967579970126e-15]}, 410458], [0.15252572158497293, {"__complex__": [68323.9921875, 7.945823907592683e-16]}, 439534], [0.15752614553798203, {"__complex__": [68295.1015625, 1.8569757412540203e-15]}, 468222], [0.16252439198132457, {"__complex__": [68303.84375, -2.6666263716889098e-15]}, 498638], [0.1675237007706474, {"__complex__": [67232.625, 1.139700512343435e-15]}, 529880], [0.1725250298734758, {"__complex__": [67430.84375, 1.4464159071045455e-15]}, 562140], [0.1775249124979596, {"__complex__": [67132.765625, 1.1007685487470224e-16]}, 594890], [0.18252291001219376, {"__complex__": [67097.96875, 0.0]}, 628668], [0.18752197500191278, {"__complex__": [66741.1875, 1.5341659793412493e-15]}, 663966], [0.19252241149897908, {"__complex__": [66618.234375, 1.2473747053236913e-15]}, 699962], [0.19752275891621854, {"__complex__": [66406.8984375, 5.976969407687355e-16]}, 736486], [0.202520204709918, {"__complex__": [66622.21875, 2.7736093857842065e-16]}, 773868], [0.2075192312193462, {"__complex__": [66373.546875, 1.471605502285586e-15]}, 813326], [0.21252078094835136, {"__complex__": [66670.0625, 4.777161002187031e-16]}, 852920], [0.217518623332359, {"__complex__": [65934.578125, -2.0298945528206703e-15]}, 892516], [0.22251541035688588, {"__complex__": [65856.6875, -5.606936182536617e-16]}, 934323]]}, "attrs": {"poles": [0], "dk": 0.005, "kmin": 0.0, "kmax": null, "Nmesh": {"__dtype__": "<i8", "__shape__": [3], "__data__": [512, 512, 512]}, "BoxSize": {"__dtype__": "<f8", "__shape__": [3], "__data__": [3432.0, 7192.0, 3020.0]}, "BoxPad": {"__dtype__": "<f8", "__shape__": [3], "__data__": [0.1, 0.1, 0.1]}, "BoxCenter": {"__dtype__": "<f8", "__shape__": [3], "__data__": [-1750.1629678974402, 35.39290098772153, 1912.171961766124]}, "mesh.resampler": "tsc", "mesh.interlaced": true, "alpha": 0.05007741131085025, "data.norm": 3.207270473028345, "randoms.norm": 3.2115758492686926, "shotnoise": 64268.62906617401, "first.data.N": 240744, "first.data.W": 240744.0, "first.data.W2": 207398.24956864503, "first.data.num_per_cell": 0.0015452373740721123, "first.randoms.N": 4807437, "first.randoms.W": 4807437.0, "first.randoms.W2": 4143938.155815553, "first.randoms.num_per_cell": 0.03087474521857167, "first.data.ext": 1, "first.randoms.ext": 1, "second.data.N": 240744, "second.data.W": 240744.0, "second.data.W2": 217651.31722581387, "second.data.num_per_cell": 0.0016216286810175617, "second.randoms.N": 4807437, "second.randoms.W": 4807437.0, "second.randoms.W2": 4354665.513585001, "second.randoms.num_per_cell": 0.03244478638160975, "second.data.ext": 1, "second.randoms.ext": 1}}, "attrs": {"poles": [0], "dk": 0.005, "kmin": 0.0, "kmax": null, "Nmesh": {"__dtype__": "<i8", "__shape__": [3], "__data__": [512, 512, 512]}, "BoxSize": {"__dtype__": "<f8", "__shape__": [3], "__data__": [3432.0, 7192.0, 3020.0]}, "BoxPad": {"__dtype__": "<f8", "__shape__": [3], "__data__": [0.1, 0.1, 0.1]}, "BoxCenter": {"__dtype__": "<f8", "__shape__": [3], "__data__": [-1750.1629678974402, 35.39290098772153, 1912.171961766124]}, "mesh.resampler": "tsc", "mesh.interlaced": true, "alpha": 0.05007741131085025, "data.norm": 3.207270473028345, "randoms.norm": 3.2115758492686926, "shotnoise": 64268.62906617401, "first.data.N": 240744, "first.data.W": 240744.0, "first.data.W2": 207398.24956864503, "first.data.num_per_cell": 0.0015452373740721123, "first.randoms.N": 4807437, "first.randoms.W": 4807437.0, "first.randoms.W2": 4143938.155815553, "first.randoms.num_per_cell": 0.03087474521857167, "first.data.ext": 1, "first.randoms.ext": 1, "second.data.N": 240744, "second.data.W": 240744.0, "second.data.W2": 217651.31722581387, "second.data.num_per_cell": 0.0016216286810175617, "second.randoms.N": 4807437, "second.randoms.W": 4807437.0, "second.randoms.W2": 4354665.513585001, "second.randoms.num_per_cell": 0.03244478638160975, "second.data.ext": 1, "second.randoms.ext": 1, "p": 1.0, "zmin": 0.8, "zmax": 2.2, "P0_FKP": 30000.0, "z-weighted": true, "hashkeys": ["Nmesh", "P0_FKP", "dk", "kmin", "mesh.window", "mesh.interlaced", "poles", "p", "BoxPad", "zmin", "zmax", "z-weighted"]}}