{"poles": {"dims": ["k"], "edges": [{"__dtype__": "<f8", "__shape__": [46], "__data__": [0.0, 0.005, 0.01, 0.015, 0.02, 0.025, 0.03, 0.035, 0.04, 0.045, 0.05, 0.055, 0.06, 0.065, 0.07, 0.075, 0.08, 0.085, 0.09, 0.095, 0.1, 0.105, 0.11, 0.115, 0.12, 0.125, 0.13, 0.135, 0.14, 0.145, 0.15, 0.155, 0.16, 0.165, 0.17, 0.17500000000000002, 0.18, 0.185, 0.19, 0.195, 0.2, 0.20500000000000002, 0.21, 0.215, 0.22, 0.225]}], "coords": [{"__dtype__": "<f8", "__shape__": [45], "__data__": [0.0025, 0.0075, 0.0125, 0.0175, 0.0225, 0.0275, 0.0325, 0.037500000000000006, 0.042499999999999996, 0.0475, 0.052500000000000005, 0.057499999999999996, 0.0625, 0.0675, 0.07250000000000001, 0.0775, 0.0825, 0.0875, 0.0925, 0.0975, 0.10250000000000001, 0.1075, 0.1125, 0.1175, 0.1225, 0.1275, 0.1325, 0.1375, 0.14250000000000002, 0.1475, 0.1525, 0.1575, 0.1625, 0.1675, 0.17250000000000001, 0.1775, 0.1825, 0.1875, 0.1925, 0.1975, 0.2025, 0.20750000000000002, 0.2125, 0.2175, 0.2225]}], "data": {"__dtype__": [["k", "<f8"], ["power_0", "<c8"], ["modes", "<i8"]], "__shape__": [45], "__data__": [[0.0038124604949970986, {"__complex__": [67981.859375, 6.970977614595419e-13]}, 167], [0.008045304719267473, {"__complex__": [107575.3828125, 6.724545016824476e-15]}, 1082], [0.012809912756659051, {"__complex__": [108529.1640625, -1.0484791339174585e-13]}, 2984], [0.017715433309244185, {"__complex__": [104906.015625, -1.1905201217216055e-13]}, 5806], [0.022669091647761614, {"__complex__": [100334.4453125, 5.608550733213202e-14]}, 9600], [0.02765002119246127, {"__complex__": [98832.03125, 0.0]}, 14374], [0.03263290233536856, {"__complex__": [93599.5859375, 1.8942114790219088e-14]}, 19974], [0.03761272013936665, {"__complex__": [89282.234375, -3.559666125231564e-15]}, 26572], [0.04260175757545894, {"__complex__": [88368.8203125, -5.103249416880387e-15]}, 34218], [0.047587548630681535, {"__complex__": [82996.25, -1.532952435237718e-14]}, 42480], [0.052570104151228036, {"__complex__": [84551.421875, -3.3529758982996484e-15]}, 52080], [0.05756944955461065, {"__complex__": [82427.8046875, 2.324735710331578e-15]}, 62596], [0.06257077522949148, {"__complex__": [80373.21875, 7.687119610831367e-15]}, 73828], [0.06756176768890902, {"__complex__": [79620.6875, -1.5660145240371293e-15]}, 85954], [0.07255121859525904, {"__complex__": [79146.2890625, -7.780045901408742e-15]}, 99132], [0.07755262400137602, {"__complex__": [77168.8671875, 1.4065257374865515e-15]}, 113806], [0.08255332089930578, {"__complex__": [76768.953125, -4.391435962292816e-15]}, 128406], [0.08755113966916353, {"__complex__": [76145.6796875, -4.0205324107887744e-16]}, 144776], [0.0925464539210429, {"__complex__": [73717.0234375, -3.607540003893904e-15]}, 161350], [0.0975407696852722, {"__complex__": [72173.203125, 3.5664868580393295e-15]}, 179528], [0.10253936843338714, {"__complex__": [72559.75, -6.599507918974928e-16]}, 198450], [0.10753330829635703, {"__complex__": [71938.75, -2.5047590107433234e-16]}, 217864], [0.11253145908249744, {"__complex__": [70500.59375, -5.016308261108311e-15]}, 239326], [0.11753431416740862, {"__complex__": [70637.65625, -6.973850424244821e-16]}, 260830], [0.12253334462183928, {"__complex__": [70098.1953125, 2.773789380285498e-15]}, 283296], [0.12753220666506468, {"__complex__": [69663.6640625, 2.0610302134123175e-15]}, 307132], [0.13253184583720862, {"__complex__": [69442.75, -5.267852482487368e-16]}, 331488], [0.1375304034136141, {"__complex__": [68810.3125, 9.27275978237726e-16]}, 357020], [0.1425296880354727, {"__complex__": [68170.0, -1.1003252328782532e-15]}, 383528], [0.1475269696696561, {"__complex__": [68257.3671875, 1.80809643448329e-15]}, 410458], [0.15252572158497293, {"__complex__": [67686.53125, 9.60120316042222e-16]}, 439534], [0.15752614553798203, {"__complex__": [67955.3359375, 2.2221551499796354e-15]}, 468222], [0.16252439198132457, {"__complex__": [68050.015625, 1.488349649586909e-15]}, 498638], [0.1675237007706474, {"__complex__": [67514.6640625, -1.3731330517278268e-16]}, 529880], [0.1725250298734758, {"__complex__": [67134.984375, -1.6955748837041342e-15]}, 562140], [0.1775249124979596, {"__complex__": [67289.765625, -2.3483060961548233e-15]}, 594890], [0.18252291001219376, {"__complex__": [66697.21875, -1.880711510260217e-15]}, 628668], [0.18752197500191278, {"__complex__": [66884.3359375, -2.26837392626304e-15]}, 663966], [0.19252241149897908, {"__complex__": [66661.0625, -1.4552704718977867e-15]}, 699962], [0.19752275891621854, {"__complex__": [66292.5703125, 4.346887111464923e-15]}, 736486], [0.202520204709918, {"__complex__": [66264.0859375, -1.062433425741069e-15]}, 773868], [0.2075192312193462, {"__complex__": [65878.0859375, -2.0575639957734753e-16]}, 813326], [0.21252078094835136, {"__complex__": [66102.921875, 9.255749243214026e-16]}, 852920], [0.217518623332359, {"__complex__": [65712.609375, -1.630437414785568e-15]}, 892516], [0.22251541035688588, {"__complex__": [65816.46875, -1.072715876325144e-15]}, 934323]]}, "attrs": {"poles": [0], "dk": 0.005, "kmin": 0.0, "kmax": null, "Nmesh": {"__dtype__": "<i8", "__shape__": [3], "__data__": [512, 512, 512]}, "BoxSize": {"__dtype__": "<f8", "__shape__": [3], "__data__": [3432.0, 7192.0, 3020.0]}, "BoxPad": {"__dtype__": "<f8", "__shape__": [3], "__data__": [0.1, 0.1, 0.1]}, "BoxCenter": {"__dtype__": "<f8", "__shape__": [3], "__data__": [-1750.1629678974402, 35.39290098772153, 1912.171961766124]}, "mesh.resampler": "tsc", "mesh.interlaced": true, "alpha": 0.04985795965708963, "data.norm": 3.1921892831760683, "randoms.norm": 3.1975019262592785, "shotnoise": 64272.96641892586, "first.data.N": 239689, "first.data.W": 239689.0, "first.data.W2": 206510.33203026975, "first.data.num_per_cell": 0.0015386218728890252, "first.randoms.N": 4807437, "first.randoms.W": 4807437.0, "first.randoms.W2": 4143938.155815553, "first.randoms.num_per_cell": 0.03087474521857167, "first.data.ext": 1, "first.randoms.ext": 1, "second.data.N": 239689, "second.data.W": 239689.0, "second.data.W2": 216698.85039037466, "second.data.num_per_cell": 0.001614532250094225, "second.randoms.N": 4807437, "second.randoms.W": 4807437.0, "second.randoms.W2": 4354665.513585001, "second.randoms.num_per_cell": 0.03244478638160975, "second.data.ext": 1, "second.randoms.ext": 1}}, "attrs": {"poles": [0], "dk": 0.005, "kmin": 0.0, "kmax": null, "Nmesh": {"__dtype__": "<i8", "__shape__": [3], "__data__": [512, 512, 512]}, "BoxSize": {"__dtype__": "<f8", "__shape__": [3], "__data__": [3432.0, 7192.0, 3020.0]}, "BoxPad": {"__dtype__": "<f8", "__shape__": [3], "__data__": [0.1, 0.1, 0.1]}, "BoxCenter": {"__dtype__": "<f8", "__shape__": [3], "__data__": [-1750.1629678974402, 35.39290098772153, 1912.171961766124]}, "mesh.resampler": "tsc", "mesh.interlaced": true, "alpha": 0.04985795965708963, "data.norm": 3.1921892831760683, "randoms.norm": 3.1975019262592785, "shotnoise": 64272.96641892586, "first.data.N": 239689, "first.data.W": 239689.0, "first.data.W2": 206510.33203026975, "first.data.num_per_cell": 0.0015386218728890252, "first.randoms.N": 4807437, "first.randoms.W": 4807437.0, "first.randoms.W2": 4143938.155815553, "first.randoms.num_per_cell": 0.03087474521857167, "first.data.ext": 1, "first.randoms.ext": 1, "second.data.N": 239689, "second.data.W": 239689.0, "second.data.W2": 216698.85039037466, "second.data.num_per_cell": 0.001614532250094225, "second.randoms.N": 4807437, "second.randoms.W": 4807437.0, "second.randoms.W2": 4354665.513585001, "second.randoms.num_per_cell": 0.03244478638160975, "second.data.ext": 1, "second.randoms.ext": 1, "p": 1.0, "zmin": 0.8, "zmax": 2.2, "P0_FKP": 30000.0, "z-weighted": true, "hashkeys": ["Nmesh", "P0_FKP", "dk", "kmin", "mesh.window", "mesh.interlaced", "poles", "p", "BoxPad", "zmin", "zmax", "z-weighted"]}}