{"poles": {"dims": ["k"], "edges": [{"__dtype__": "<f8", "__shape__": [46], "__data__": [0.0, 0.005, 0.01, 0.015, 0.02, 0.025, 0.03, 0.035, 0.04, 0.045, 0.05, 0.055, 0.06, 0.065, 0.07, 0.075, 0.08, 0.085, 0.09, 0.095, 0.1, 0.105, 0.11, 0.115, 0.12, 0.125, 0.13, 0.135, 0.14, 0.145, 0.15, 0.155, 0.16, 0.165, 0.17, 0.17500000000000002, 0.18, 0.185, 0.19, 0.195, 0.2, 0.20500000000000002, 0.21, 0.215, 0.22, 0.225]}], "coords": [{"__dtype__": "<f8", "__shape__": [45], "__data__": [0.0025, 0.0075, 0.0125, 0.0175, 0.0225, 0.0275, 0.0325, 0.037500000000000006, 0.042499999999999996, 0.0475, 0.052500000000000005, 0.057499999999999996, 0.0625, 0.0675, 0.07250000000000001, 0.0775, 0.0825, 0.0875, 0.0925, 0.0975, 0.10250000000000001, 0.1075, 0.1125, 0.1175, 0.1225, 0.1275, 0.1325, 0.1375, 0.14250000000000002, 0.1475, 0.1525, 0.1575, 0.1625, 0.1675, 0.17250000000000001, 0.1775, 0.1825, 0.1875, 0.1925, 0.1975, 0.2025, 0.20750000000000002, 0.2125, 0.2175, 0.2225]}], "data": {"__dtype__": [["k", "<f8"], ["power_0", "<c8"], ["modes", "<i8"]], "__shape__": [45], "__data__": [[0.0038124604949970986, {"__complex__": [-123564.421875, 6.970977614595419e-13]}, 167], [0.008045304719267473, {"__complex__": [-128029.84375, -5.177899667190011e-13]}, 1082], [0.012809912756659051, {"__complex__": [-136964.78125, 3.4014615126268244e-13]}, 2984], [0.017715433309244185, {"__complex__": [-132662.8125, 1.0276068190817611e-13]}, 5806], [0.022669091647761614, {"__complex__": [-140221.84375, 2.7284840443324125e-14]}, 9600], [0.02765002119246127, {"__complex__": [-124324.9375, -5.264363299667743e-14]}, 14374], [0.03263290233536856, {"__complex__": [-119395.8984375, -3.6427143175780594e-14]}, 19974], [0.03761272013936665, {"__complex__": [-115578.703125, -2.190563743310718e-14]}, 26572], [0.04260175757545894, {"__complex__": [-112269.6875, -3.232057836969303e-14]}, 34218], [0.047587548630681535, {"__complex__": [-112416.4609375, 1.3702368131471038e-14]}, 42480], [0.052570104151228036, {"__complex__": [-109610.1796875, -2.6264977199446163e-14]}, 52080], [0.05756944955461065, {"__complex__": [-106937.6171875, -1.162367855165789e-15]}, 62596], [0.06257077522949148, {"__complex__": [-103491.1015625, 6.307380443268786e-15]}, 73828], [0.06756176768890902, {"__complex__": [-101865.3203125, -1.7607082445129062e-14]}, 85954], [0.07255121859525904, {"__complex__": [-102153.484375, 9.394772760846874e-15]}, 99132], [0.07755262400137602, {"__complex__": [-100550.8515625, -6.904762711297616e-15]}, 113806], [0.08255332089930578, {"__complex__": [-98025.9453125, -7.706261708406367e-15]}, 128406], [0.08755113966916353, {"__complex__": [-96948.03125, 5.4277189398533026e-15]}, 144776], [0.0925464539210429, {"__complex__": [-93163.2734375, 6.493572261118911e-15]}, 161350], [0.0975407696852722, {"__complex__": [-92898.2109375, -3.7286000702978564e-15]}, 179528], [0.10253936843338714, {"__complex__": [-92159.2734375, 1.0669204980758538e-14]}, 198450], [0.10753330829635703, {"__complex__": [-90778.21875, 1.0954146017181938e-14]}, 217864], [0.11253145908249744, {"__complex__": [-90088.3359375, -4.864298987240225e-16]}, 239326], [0.11753431416740862, {"__complex__": [-89329.40625, 9.121796064803442e-15]}, 260830], [0.12253334462183928, {"__complex__": [-89599.25, 5.598944956074865e-15]}, 283296], [0.12753220666506468, {"__complex__": [-88563.5078125, -4.927520573511221e-15]}, 307132], [0.13253184583720862, {"__complex__": [-87892.671875, -8.77975391689745e-17]}, 331488], [0.1375304034136141, {"__complex__": [-88391.4765625, 3.790622787311132e-15]}, 357020], [0.1425296880354727, {"__complex__": [-88193.7421875, 1.36592098969843e-15]}, 383528], [0.1475269696696561, {"__complex__": [-87695.0390625, 3.61619286896658e-15]}, 410458], [0.15252572158497293, {"__complex__": [-86473.9609375, 9.005267201150826e-15]}, 439534], [0.15752614553798203, {"__complex__": [-85670.484375, -1.1033078476437724e-15]}, 468222], [0.16252439198132457, {"__complex__": [-85559.1328125, -1.6342662154653943e-15]}, 498638], [0.1675237007706474, {"__complex__": [-85600.609375, 7.964172229416987e-15]}, 529880], [0.1725250298734758, {"__complex__": [-85137.3828125, -6.212793438719201e-16]}, 562140], [0.1775249124979596, {"__complex__": [-84487.515625, 5.687304256758881e-16]}, 594890], [0.18252291001219376, {"__complex__": [-84759.5859375, 9.444064996179391e-15]}, 628668], [0.18752197500191278, {"__complex__": [-84194.59375, -1.3149993806127512e-15]}, 663966], [0.19252241149897908, {"__complex__": [-84801.59375, 4.7400239014058505e-15]}, 699962], [0.19752275891621854, {"__complex__": [-83952.0390625, 1.0274459887009012e-15]}, 736486], [0.202520204709918, {"__complex__": [-83656.25, -1.3538974628912737e-15]}, 773868], [0.2075192312193462, {"__complex__": [-83542.6484375, -2.406455119742068e-15]}, 813326], [0.21252078094835136, {"__complex__": [-83558.828125, -7.165741503280547e-16]}, 852920], [0.217518623332359, {"__complex__": [-83792.640625, -1.5000024936005231e-15]}, 892516], [0.22251541035688588, {"__complex__": [-83355.9375, -3.5199099985774732e-15]}, 934323]]}, "attrs": {"poles": [0], "dk": 0.005, "kmin": 0.0, "kmax": null, "Nmesh": {"__dtype__": "<i8", "__shape__": [3], "__data__": [512, 512, 512]}, "BoxSize": {"__dtype__": "<f8", "__shape__": [3], "__data__": [3432.0, 7192.0, 3020.0]}, "BoxPad": {"__dtype__": "<f8", "__shape__": [3], "__data__": [0.1, 0.1, 0.1]}, "BoxCenter": {"__dtype__": "<f8", "__shape__": [3], "__data__": [-1750.1629678974402, 35.39290098772153, 1912.171961766124]}, "mesh.resampler": "tsc", "mesh.interlaced": true, "alpha": 0.0498587917012745, "data.norm": -1.4841740964196946, "randoms.norm": -1.4818879570238073, "shotnoise": 54367.51264455142, "first.data.N": 239693, "first.data.W": 239693.0, "first.data.W2": 206566.40711857888, "first.data.num_per_cell": 0.001539039664853952, "first.randoms.N": 4807437, "first.randoms.W": 4807437.0, "first.randoms.W2": 4143938.155815553, "first.randoms.num_per_cell": 0.03087474521857167, "first.data.ext": 1, "first.randoms.ext": 1, "second.data.N": 239693, "second.data.W": 239693.0, "second.data.W2": -97720.61211906608, "second.data.num_per_cell": -0.0007280752965738332, "second.randoms.N": 4807437, "second.randoms.W": 4807437.0, "second.randoms.W2": -1956847.5447547096, "second.randoms.num_per_cell": -0.014579650348087472, "second.data.ext": 1, "second.randoms.ext": 1}}, "attrs": {"poles": [0], "dk": 0.005, "kmin": 0.0, "kmax": null, "Nmesh": {"__dtype__": "<i8", "__shape__": [3], "__data__": [512, 512, 512]}, "BoxSize": {"__dtype__": "<f8", "__shape__": [3], "__data__": [3432.0, 7192.0, 3020.0]}, "BoxPad": {"__dtype__": "<f8", "__shape__": [3], "__data__": [0.1, 0.1, 0.1]}, "BoxCenter": {"__dtype__": "<f8", "__shape__": [3], "__data__": [-1750.1629678974402, 35.39290098772153, 1912.171961766124]}, "mesh.resampler": "tsc", "mesh.interlaced": true, "alpha": 0.0498587917012745, "data.norm": -1.4841740964196946, "randoms.norm": -1.4818879570238073, "shotnoise": 54367.51264455142, "first.data.N": 239693, "first.data.W": 239693.0, "first.data.W2": 206566.40711857888, "first.data.num_per_cell": 0.001539039664853952, "first.randoms.N": 4807437, "first.randoms.W": 4807437.0, "first.randoms.W2": 4143938.155815553, "first.randoms.num_per_cell": 0.03087474521857167, "first.data.ext": 1, "first.randoms.ext": 1, "second.data.N": 239693, "second.data.W": 239693.0, "second.data.W2": -97720.61211906608, "second.data.num_per_cell": -0.0007280752965738332, "second.randoms.N": 4807437, "second.randoms.W": 4807437.0, "second.randoms.W2": -1956847.5447547096, "second.randoms.num_per_cell": -0.014579650348087472, "second.data.ext": 1, "second.randoms.ext": 1, "p": 3.0, "zmin": 0.8, "zmax": 2.2, "P0_FKP": 30000.0, "z-weighted": true, "hashkeys": ["Nmesh", "P0_FKP", "dk", "kmin", "mesh.window", "mesh.interlaced", "poles", "p", "BoxPad", "zmin", "zmax", "z-weighted"]}}