{"poles": {"dims": ["k"], "edges": [{"__dtype__": "<f8", "__shape__": [56], "__data__": [0.0, 0.005, 0.01, 0.015, 0.02, 0.025, 0.03, 0.035, 0.04, 0.045, 0.05, 0.055, 0.06, 0.065, 0.07, 0.075, 0.08, 0.085, 0.09, 0.095, 0.1, 0.105, 0.11, 0.115, 0.12, 0.125, 0.13, 0.135, 0.14, 0.145, 0.15, 0.155, 0.16, 0.165, 0.17, 0.17500000000000002, 0.18, 0.185, 0.19, 0.195, 0.2, 0.20500000000000002, 0.21, 0.215, 0.22, 0.225, 0.23, 0.23500000000000001, 0.24, 0.245, 0.25, 0.255, 0.26, 0.265, 0.27, 0.275]}], "coords": [{"__dtype__": "<f8", "__shape__": [55], "__data__": [0.0025, 0.0075, 0.0125, 0.0175, 0.0225, 0.0275, 0.0325, 0.037500000000000006, 0.042499999999999996, 0.0475, 0.052500000000000005, 0.057499999999999996, 0.0625, 0.0675, 0.07250000000000001, 0.0775, 0.0825, 0.0875, 0.0925, 0.0975, 0.10250000000000001, 0.1075, 0.1125, 0.1175, 0.1225, 0.1275, 0.1325, 0.1375, 0.14250000000000002, 0.1475, 0.1525, 0.1575, 0.1625, 0.1675, 0.17250000000000001, 0.1775, 0.1825, 0.1875, 0.1925, 0.1975, 0.2025, 0.20750000000000002, 0.2125, 0.2175, 0.2225, 0.2275, 0.2325, 0.2375, 0.2425, 0.2475, 0.2525, 0.2575, 0.2625, 0.2675, 0.2725]}], "data": {"__dtype__": [["k", "<f8"], ["power_0", "<c8"], ["modes", "<i8"]], "__shape__": [55], "__data__": [[0.00381582870963149, {"__complex__": [170808.171875, 1.1526269305325854e-12]}, 101], [0.008101265444645324, {"__complex__": [106223.9140625, 4.850638662436124e-13]}, 690], [0.012881094428097399, {"__complex__": [128306.25, 7.882944649687321e-14]}, 1846], [0.01776898906732117, {"__complex__": [105524.2265625, 8.927555146965443e-14]}, 3586], [0.022691540015953332, {"__complex__": [105013.0546875, 5.70177246888258e-14]}, 5870], [0.027646924733755237, {"__complex__": [106104.1328125, -6.606998866602208e-15]}, 8810], [0.03262381701015117, {"__complex__": [103940.875, 2.4848773687020757e-14]}, 12298], [0.03761603546573974, {"__complex__": [101706.1875, 6.735356630066525e-14]}, 16420], [0.042615513382507485, {"__complex__": [98300.078125, 1.382342099809494e-14]}, 21054], [0.04759756059586297, {"__complex__": [94099.1640625, -1.6686700468049038e-15]}, 26162], [0.05257971257242345, {"__complex__": [92100.3125, 1.639113107396173e-14]}, 32016], [0.05757077253850946, {"__complex__": [91733.6015625, 7.572811773445571e-16]}, 38432], [0.06256656704432612, {"__complex__": [88972.5078125, -4.0966067479464643e-14]}, 45468], [0.06756224221830869, {"__complex__": [87918.375, -3.0261469650521558e-15]}, 52896], [0.07255395967994632, {"__complex__": [87561.6484375, -6.19494063116904e-15]}, 61074], [0.077549843044251, {"__complex__": [84372.359375, -6.671365323780536e-15]}, 69800], [0.08254670444516676, {"__complex__": [83411.890625, 3.6807676962499324e-15]}, 79070], [0.0875450730828665, {"__complex__": [82086.5390625, -7.638521942515599e-15]}, 89062], [0.09254706284502398, {"__complex__": [81399.828125, -1.0672847222431732e-14]}, 99532], [0.09754654727165055, {"__complex__": [81862.5390625, -2.3713919791322393e-15]}, 110456], [0.10254482204994865, {"__complex__": [79776.03125, 4.168579476287841e-15]}, 122180], [0.10754221436417905, {"__complex__": [80252.7421875, -2.928911182597388e-15]}, 134146], [0.11253731368411114, {"__complex__": [79910.4140625, 4.651387409189845e-15]}, 147040], [0.11753494034207632, {"__complex__": [78872.7421875, 2.9026908541986574e-15]}, 160424], [0.12253330115342949, {"__complex__": [78357.921875, -1.5858851758258864e-15]}, 174342], [0.12753356291363982, {"__complex__": [77973.8984375, -4.964028540570828e-15]}, 189080], [0.13253370854762594, {"__complex__": [77730.3515625, 4.6023721536310805e-15]}, 203938], [0.13752961459817578, {"__complex__": [78275.96875, 4.375837850569128e-15]}, 219484], [0.1425281107820362, {"__complex__": [77396.0234375, -7.395142906989837e-16]}, 236132], [0.1475274145760076, {"__complex__": [77014.3125, -1.0367483162858847e-15]}, 252650], [0.1525290822685407, {"__complex__": [76376.609375, -5.511518873940486e-15]}, 270628], [0.1575299612384668, {"__complex__": [75585.1953125, 2.0584232577589056e-15]}, 288080], [0.16252169358652926, {"__complex__": [75817.6796875, -3.328195208273895e-16]}, 306062], [0.16752062292264278, {"__complex__": [76305.8046875, -1.9154758599979017e-15]}, 326672], [0.1725228620785395, {"__complex__": [75318.2734375, -2.0955978397480023e-15]}, 345466], [0.1775209487576261, {"__complex__": [75396.1171875, -3.2586625912711447e-15]}, 366180], [0.1825256448391732, {"__complex__": [74560.890625, 5.235555116208561e-15]}, 387732], [0.18752632321603607, {"__complex__": [75058.3046875, -3.8075625992232704e-15]}, 407982], [0.19252140078705848, {"__complex__": [74921.9765625, 2.3672978453816856e-15]}, 430294], [0.19751872595109427, {"__complex__": [74443.7421875, 3.5646466789614195e-15]}, 453134], [0.20251834237475713, {"__complex__": [74075.7265625, 3.0536223845204803e-15]}, 476546], [0.2075189401846281, {"__complex__": [73872.8671875, -5.816857416645835e-16]}, 500336], [0.21252015430968035, {"__complex__": [74010.1875, 3.1457577580833564e-15]}, 525038], [0.21752001193636755, {"__complex__": [73909.375, -1.1126046695145988e-15]}, 549324], [0.22251920952356846, {"__complex__": [73470.875, 3.2874598056536596e-15]}, 575444], [0.22751862790843796, {"__complex__": [73759.6015625, 9.682911399585718e-17]}, 601138], [0.23251697255054365, {"__complex__": [73734.90625, -1.3904211000604055e-15]}, 627950], [0.23751700822531546, {"__complex__": [74059.96875, 1.731213583201622e-15]}, 655638], [0.24251727793025477, {"__complex__": [73833.3671875, 8.094266431598999e-16]}, 683166], [0.24751389003994526, {"__complex__": [73412.5390625, 1.2588870477471797e-15]}, 710900], [0.2525134489582163, {"__complex__": [73775.8125, 1.1773489033874021e-15]}, 741594], [0.2575160115814785, {"__complex__": [73664.2890625, 1.586591495424778e-15]}, 770432], [0.2625147120015445, {"__complex__": [73277.5234375, 2.21845721589016e-15]}, 800256], [0.2675154267702453, {"__complex__": [73500.671875, 1.2940538440139285e-15]}, 832146], [0.2725162642594614, {"__complex__": [73165.3203125, 4.3871933860182557e-16]}, 862396]]}, "attrs": {"poles": [0], "dk": 0.005, "kmin": 0.0, "kmax": null, "Nmesh": {"__dtype__": "<i8", "__shape__": [3], "__data__": [512, 512, 512]}, "BoxSize": {"__dtype__": "<f8", "__shape__": [3], "__data__": [2665.0, 5797.0, 2969.0]}, "BoxPad": {"__dtype__": "<f8", "__shape__": [3], "__data__": [0.1, 0.1, 0.1]}, "BoxCenter": {"__dtype__": "<f8", "__shape__": [3], "__data__": [2582.6659631740176, 44.45818371950327, 890.4509743382112]}, "mesh.resampler": "tsc", "mesh.interlaced": true, "alpha": 0.04974502840909091, "data.norm": 1.0326611810786068, "randoms.norm": 1.0327815708143, "shotnoise": 72433.69874949267, "first.data.N": 140082, "first.data.W": 140082.0, "first.data.W2": 124797.92364616277, "first.data.num_per_cell": 0.0009298169884544818, "first.randoms.N": 2816000, "first.randoms.W": 2816000.0, "first.randoms.W2": 2508954.182162565, "first.randoms.num_per_cell": 0.0186931653481913, "first.data.ext": 1, "first.randoms.ext": 1, "second.data.N": 140082, "second.data.W": 140082.0, "second.data.W2": 74587.23422576273, "second.data.num_per_cell": 0.0005557182001006807, "second.randoms.N": 2816000, "second.randoms.W": 2816000.0, "second.randoms.W2": 1500023.1795866555, "second.randoms.num_per_cell": 0.011176043596764322, "second.data.ext": 1, "second.randoms.ext": 1}}, "attrs": {"poles": [0], "dk": 0.005, "kmin": 0.0, "kmax": null, "Nmesh": {"__dtype__": "<i8", "__shape__": [3], "__data__": [512, 512, 512]}, "BoxSize": {"__dtype__": "<f8", "__shape__": [3], "__data__": [2665.0, 5797.0, 2969.0]}, "BoxPad": {"__dtype__": "<f8", "__shape__": [3], "__data__": [0.1, 0.1, 0.1]}, "BoxCenter": {"__dtype__": "<f8", "__shape__": [3], "__data__": [2582.6659631740176, 44.45818371950327, 890.4509743382112]}, "mesh.resampler": "tsc", "mesh.interlaced": true, "alpha": 0.04974502840909091, "data.norm": 1.0326611810786068, "randoms.norm": 1.0327815708143, "shotnoise": 72433.69874949267, "first.data.N": 140082, "first.data.W": 140082.0,