{"poles": {"dims": ["k"], "edges": [{"__dtype__": "<f8", "__shape__": [46], "__data__": [0.0, 0.005, 0.01, 0.015, 0.02, 0.025, 0.03, 0.035, 0.04, 0.045, 0.05, 0.055, 0.06, 0.065, 0.07, 0.075, 0.08, 0.085, 0.09, 0.095, 0.1, 0.105, 0.11, 0.115, 0.12, 0.125, 0.13, 0.135, 0.14, 0.145, 0.15, 0.155, 0.16, 0.165, 0.17, 0.17500000000000002, 0.18, 0.185, 0.19, 0.195, 0.2, 0.20500000000000002, 0.21, 0.215, 0.22, 0.225]}], "coords": [{"__dtype__": "<f8", "__shape__": [45], "__data__": [0.0025, 0.0075, 0.0125, 0.0175, 0.0225, 0.0275, 0.0325, 0.037500000000000006, 0.042499999999999996, 0.0475, 0.052500000000000005, 0.057499999999999996, 0.0625, 0.0675, 0.07250000000000001, 0.0775, 0.0825, 0.0875, 0.0925, 0.0975, 0.10250000000000001, 0.1075, 0.1125, 0.1175, 0.1225, 0.1275, 0.1325, 0.1375, 0.14250000000000002, 0.1475, 0.1525, 0.1575, 0.1625, 0.1675, 0.17250000000000001, 0.1775, 0.1825, 0.1875, 0.1925, 0.1975, 0.2025, 0.20750000000000002, 0.2125, 0.2175, 0.2225]}], "data": {"__dtype__": [["k", "<f8"], ["power_0", "<c8"], ["modes", "<i8"]], "__shape__": [45], "__data__": [[0.0038124604949970986, {"__complex__": [64303.39453125, -1.7427444036488549e-13]}, 167], [0.008045304719267473, {"__complex__": [110602.2421875, 1.0759272026919162e-13]}, 1082], [0.012809912756659051, {"__complex__": [99936.9296875, -5.851976482606006e-14]}, 2984], [0.017715433309244185, {"__complex__": [113477.875, 2.2557222609980235e-14]}, 5806], [0.022669091647761614, {"__complex__": [108985.375, -5.760133038948401e-14]}, 9600], [0.02765002119246127, {"__complex__": [98275.984375, 6.985405499480499e-14]}, 14374], [0.03263290233536856, {"__complex__": [93657.1171875, -2.1856285905468356e-14]}, 19974], [0.03761272013936665, {"__complex__": [93113.5390625, 1.3691023819208462e-14]}, 26572], [0.04260175757545894, {"__complex__": [88786.234375, 4.0825995335043094e-14]}, 34218], [0.047587548630681535, {"__complex__": [88160.953125, 4.453269790958853e-15]}, 42480], [0.052570104151228036, {"__complex__": [86425.796875, -7.823610499951925e-15]}, 52080], [0.05756944955461065, {"__complex__": [83196.9921875, -1.720304434115697e-14]}, 62596], [0.06257077522949148, {"__complex__": [82923.390625, -1.0052387965271432e-14]}, 73828], [0.06756176768890902, {"__complex__": [82113.6484375, 6.7719548273108385e-16]}, 85954], [0.07255121859525904, {"__complex__": [81430.453125, -3.816626275275365e-15]}, 99132], [0.07755262400137602, {"__complex__": [80482.875, 4.794974105067789e-16]}, 113806], [0.08255332089930578, {"__complex__": [78277.4921875, -4.0797854359436465e-15]}, 128406], [0.08755113966916353, {"__complex__": [77540.96875, 5.754386936840817e-15]}, 144776], [0.0925464539210429, {"__complex__": [76895.7265625, 1.803770001946952e-15]}, 161350], [0.0975407696852722, {"__complex__": [75478.625, 1.6211304285193746e-15]}, 179528], [0.10253936843338714, {"__complex__": [75617.828125, -1.0265901677868191e-15]}, 198450], [0.10753330829635703, {"__complex__": [73702.203125, -1.8034265300868402e-15]}, 217864], [0.11253145908249744, {"__complex__": [73748.671875, 3.9522430263943566e-16]}, 239326], [0.11753431416740862, {"__complex__": [73611.2109375, -1.3389793068659941e-15]}, 260830], [0.12253334462183928, {"__complex__": [73347.0859375, -1.540994123687303e-15]}, 283296], [0.12753220666506468, {"__complex__": [72027.40625, -6.1830906402369525e-15]}, 307132], [0.13253184583720862, {"__complex__": [72230.28125, 2.765622500366309e-15]}, 331488], [0.1375304034136141, {"__complex__": [72738.6015625, -6.358463729768272e-15]}, 357020], [0.1425296880354727, {"__complex__": [71051.0, -4.7996944079246005e-15]}, 383528], [0.1475269696696561, {"__complex__": [70409.109375, -7.445103027801264e-16]}, 410458], [0.15252572158497293, {"__complex__": [71021.359375, 2.71482318166239e-15]}, 439534], [0.15752614553798203, {"__complex__": [70311.09375, -1.212084665763117e-15]}, 468222], [0.16252439198132457, {"__complex__": [70463.921875, 5.15815282197199e-15]}, 498638], [0.1675237007706474, {"__complex__": [69666.7421875, -1.9223862724189575e-16]}, 529880], [0.1725250298734758, {"__complex__": [69370.203125, 2.459230778070168e-15]}, 562140], [0.1775249124979596, {"__complex__": [68935.6796875, 1.895767944414136e-15]}, 594890], [0.18252291001219376, {"__complex__": [69871.5078125, 2.68507729037895e-15]}, 628668], [0.18752197500191278, {"__complex__": [69135.515625, -3.506665050260376e-16]}, 663966], [0.19252241149897908, {"__complex__": [68847.8828125, -1.4552704718977867e-15]}, 699962], [0.19752275891621854, {"__complex__": [69122.5078125, -1.3040660910878295e-15]}, 736486], [0.202520204709918, {"__complex__": [68937.671875, 2.1060627200530924e-15]}, 773868], [0.2075192312193462, {"__complex__": [69013.5, 7.425122049971127e-16]}, 813326], [0.21252078094835136, {"__complex__": [68684.71875, 5.80083843542648e-16]}, 852920], [0.217518623332359, {"__complex__": [68771.8203125, 3.1304400142652096e-15]}, 892516], [0.22251541035688588, {"__complex__": [68535.921875, 2.3673730195557545e-15]}, 934323]]}, "attrs": {"poles": [0], "dk": 0.005, "kmin": 0.0, "kmax": null, "Nmesh": {"__dtype__": "<i8", "__shape__": [3], "__data__": [512, 512, 512]}, "BoxSize": {"__dtype__": "<f8", "__shape__": [3], "__data__": [3432.0, 7192.0, 3020.0]}, "BoxPad": {"__dtype__": "<f8", "__shape__": [3], "__data__": [0.1, 0.1, 0.1]}, "BoxCenter": {"__dtype__": "<f8", "__shape__": [3], "__data__": [-1750.1629678974402, 35.39290098772153, 1912.171961766124]}, "mesh.resampler": "tsc", "mesh.interlaced": true, "alpha": 0.05012983009449734, "data.norm": 1.8021218595171036, "randoms.norm": 1.8034731481935586, "shotnoise": 66879.0088917841, "first.data.N": 240996, "first.data.W": 240996.0, "first.data.W2": 207687.1541601065, "first.data.num_per_cell": 0.0015473898810156174, "first.randoms.N": 4807437, "first.randoms.W": 4807437.0, "first.randoms.W2": 4143938.155815553, "first.randoms.num_per_cell": 0.03087474521857167, "first.data.ext": 1, "first.randoms.ext": 1, "second.data.N": 240996, "second.data.W": 240996.0, "second.data.W2": 123270.70389711988, "second.data.num_per_cell": 0.0009184383146250239, "second.randoms.N": 4807437, "second.randoms.W": 4807437.0, "second.randoms.W2": 2461211.5208428167, "second.randoms.num_per_cell": 0.018337454802116876, "second.data.ext": 1, "second.randoms.ext": 1}}, "attrs": {"poles": [0], "dk": 0.005, "kmin": 0.0, "kmax": null, "Nmesh": {"__dtype__": "<i8", "__shape__": [3], "__data__": [512, 512, 512]}, "BoxSize": {"__dtype__": "<f8", "__shape__": [3], "__data__": [3432.0, 7192.0, 3020.0]}, "BoxPad": {"__dtype__": "<f8", "__shape__": [3], "__data__": [0.1, 0.1, 0.1]}, "BoxCenter": {"__dtype__": "<f8", "__shape__": [3], "__data__": [-1750.1629678974402, 35.39290098772153, 1912.171961766124]}, "mesh.resampler": "tsc", "mesh.interlaced": true, "alpha": 0.05012983009449734, "data.norm": 1.8021218595171036, "randoms.norm": 1.8034731481935586, "shotnoise": 66879.0088917841, "first.data.N": 240996, "first.data.W": 240996.0, "first.data.W2": 207687.1541601065, "first.data.num_per_cell": 0.0015473898810156174, "first.randoms.N": 4807437, "first.randoms.W": 4807437.0, "first.randoms.W2": 4143938.155815553, "first.randoms.num_per_cell": 0.03087474521857167, "first.data.ext": 1, "first.randoms.ext": 1, "second.data.N": 240996, "second.data.W": 240996.0, "second.data.W2": 123270.70389711988, "second.data.num_per_cell": 0.0009184383146250239, "second.randoms.N": 4807437, "second.randoms.W": 4807437.0, "second.randoms.W2": 2461211.5208428167, "second.randoms.num_per_cell": 0.018337454802116876, "second.data.ext": 1, "second.randoms.ext": 1, "p": 1.6, "zmin": 0.8, "zmax": 2.2, "P0_FKP": 30000.0, "z-weighted": true, "hashkeys": ["Nmesh", "P0_FKP", "dk", "kmin", "mesh.window", "mesh.interlaced", "poles", "p", "BoxPad", "zmin", "zmax", "z-weighted"]}}