{"poles": {"dims": ["k"], "edges": [{"__dtype__": "<f8", "__shape__": [56], "__data__": [0.0, 0.005, 0.01, 0.015, 0.02, 0.025, 0.03, 0.035, 0.04, 0.045, 0.05, 0.055, 0.06, 0.065, 0.07, 0.075, 0.08, 0.085, 0.09, 0.095, 0.1, 0.105, 0.11, 0.115, 0.12, 0.125, 0.13, 0.135, 0.14, 0.145, 0.15, 0.155, 0.16, 0.165, 0.17, 0.17500000000000002, 0.18, 0.185, 0.19, 0.195, 0.2, 0.20500000000000002, 0.21, 0.215, 0.22, 0.225, 0.23, 0.23500000000000001, 0.24, 0.245, 0.25, 0.255, 0.26, 0.265, 0.27, 0.275]}], "coords": [{"__dtype__": "<f8", "__shape__": [55], "__data__": [0.0025, 0.0075, 0.0125, 0.0175, 0.0225, 0.0275, 0.0325, 0.037500000000000006, 0.042499999999999996, 0.0475, 0.052500000000000005, 0.057499999999999996, 0.0625, 0.0675, 0.07250000000000001, 0.0775, 0.0825, 0.0875, 0.0925, 0.0975, 0.10250000000000001, 0.1075, 0.1125, 0.1175, 0.1225, 0.1275, 0.1325, 0.1375, 0.14250000000000002, 0.1475, 0.1525, 0.1575, 0.1625, 0.1675, 0.17250000000000001, 0.1775, 0.1825, 0.1875, 0.1925, 0.1975, 0.2025, 0.20750000000000002, 0.2125, 0.2175, 0.2225, 0.2275, 0.2325, 0.2375, 0.2425, 0.2475, 0.2525, 0.2575, 0.2625, 0.2675, 0.2725]}], "data": {"__dtype__": [["k", "<f8"], ["power_0", "<c8"], ["modes", "<i8"]], "__shape__": [55], "__data__": [[0.00381582870963149, {"__complex__": [60498.58984375, 4.3223511250224667e-13]}, 101], [0.008101265444645324, {"__complex__": [106167.078125, -2.899838301342189e-14]}, 690], [0.012881094428097399, {"__complex__": [115143.78125, 7.882944310874142e-15]}, 1846], [0.01776898906732117, {"__complex__": [114769.0078125, -1.4811626046756093e-13]}, 3586], [0.022691540015953332, {"__complex__": [104800.8828125, 1.487418993311937e-14]}, 5870], [0.027646924733755237, {"__complex__": [101757.1796875, 1.651749716650552e-15]}, 8810], [0.03262381701015117, {"__complex__": [97611.7109375, 3.046933026522834e-14]}, 12298], [0.03761603546573974, {"__complex__": [96806.3828125, 8.862311756576823e-15]}, 16420], [0.042615513382507485, {"__complex__": [92577.078125, -3.455855249523735e-15]}, 21054], [0.04759756059586297, {"__complex__": [89123.0, 1.5018029680090306e-14]}, 26162], [0.05257971257242345, {"__complex__": [91377.359375, 2.1135184734614142e-14]}, 32016], [0.05757077253850946, {"__complex__": [87237.125, -1.893202916891613e-15]}, 38432], [0.06256656704432612, {"__complex__": [86760.0546875, 7.681137864157857e-15]}, 45468], [0.06756224221830869, {"__complex__": [84816.8515625, -8.253127990252135e-16]}, 52896], [0.07255395967994632, {"__complex__": [83846.171875, 2.3826695346106607e-16]}, 61074], [0.077549843044251, {"__complex__": [84249.84375, 7.50528620101134e-15]}, 69800], [0.08254670444516676, {"__complex__": [82539.3359375, -4.692978844482399e-15]}, 79070], [0.0875450730828665, {"__complex__": [80782.765625, -1.9606900552058626e-15]}, 89062], [0.09254706284502398, {"__complex__": [80557.7578125, -8.461521176924506e-15]}, 99532], [0.09754654727165055, {"__complex__": [78474.9765625, 6.191967969040651e-15]}, 110456], [0.10254482204994865, {"__complex__": [78417.859375, -2.262943174521719e-15]}, 122180], [0.10754221436417905, {"__complex__": [77432.90625, -3.118748047917344e-16]}, 134146], [0.11253731368411114, {"__complex__": [76644.0390625, -5.245181645654106e-15]}, 147040], [0.11753494034207632, {"__complex__": [76796.0234375, -4.988999918888832e-15]}, 160424], [0.12253330115342949, {"__complex__": [76803.3125, -4.882856949718975e-15]}, 174342], [0.12753356291363982, {"__complex__": [76644.7265625, -6.541742918950144e-16]}, 189080], [0.13253370854762594, {"__complex__": [75573.3203125, -4.49534022338308e-15]}, 203938], [0.13752961459817578, {"__complex__": [75150.6796875, 2.8840749758421392e-15]}, 219484], [0.1425281107820362, {"__complex__": [74906.734375, 1.24793035893709e-15]}, 236132], [0.1475274145760076, {"__complex__": [74013.859375, -1.843108117841573e-15]}, 252650], [0.1525290822685407, {"__complex__": [74146.84375, 1.9357529817222224e-15]}, 270628], [0.1575299612384668, {"__complex__": [73844.078125, 5.051345037817656e-16]}, 288080], [0.16252169358652926, {"__complex__": [73839.3515625, 5.586613215154026e-16]}, 306062], [0.16752062292264278, {"__complex__": [73552.671875, -3.8977708669520245e-16]}, 326672], [0.1725228620785395, {"__complex__": [72972.6484375, -1.2636770190639027e-15]}, 345466], [0.1775209487576261, {"__complex__": [72994.359375, 3.298402412541001e-15]}, 366180], [0.1825256448391732, {"__complex__": [73070.234375, 6.567900090454745e-17]}, 387732], [0.18752632321603607, {"__complex__": [72680.421875, -2.3897581945275543e-15]}, 407982], [0.19252140078705848, {"__complex__": [72595.421875, 2.4053438125152702e-15]}, 430294], [0.19751872595109427, {"__complex__": [72480.3125, 2.7296843747219666e-15]}, 453134], [0.20251834237475713, {"__complex__": [72492.7265625, -6.107244663161842e-16]}, 476546], [0.2075189401846281, {"__complex__": [72367.015625, -1.279708599898348e-15]}, 500336], [0.21252015430968035, {"__complex__": [72307.9375, -4.2959687316923556e-16]}, 525038], [0.21752001193636755, {"__complex__": [72485.359375, -4.635852613178964e-16]}, 549324], [0.22251920952356846, {"__complex__": [71940.625, -1.9155775039515722e-15]}, 575444], [0.22751862790843796, {"__complex__": [71640.71875, 0.0]}, 601138], [0.23251697255054365, {"__complex__": [71873.171875, 1.0659894818118793e-15]}, 627950], [0.23751700822531546, {"__complex__": [71424.703125, 7.768265684815685e-16]}, 655638], [0.24251727793025477, {"__complex__": [72185.6171875, -2.928846437516482e-16]}, 683166], [0.24751389003994526, {"__complex__": [71421.421875, 2.0265011270757327e-15]}, 710900], [0.2525134489582163, {"__complex__": [71104.7265625, 2.5999790136023036e-16]}, 741594], [0.2575160115814785, {"__complex__": [71304.8515625, 1.6149234769610135e-15]}, 770432], [0.2625147120015445, {"__complex__": [71270.4296875, -1.7729472935595355e-16]}, 800256], [0.2675154267702453, {"__complex__": [71076.1875, -2.4307228254391404e-15]}, 832146], [0.2725162642594614, {"__complex__": [71163.9296875, -7.424480951909174e-16]}, 862396]]}, "attrs": {"poles": [0], "dk": 0.005, "kmin": 0.0, "kmax": null, "Nmesh": {"__dtype__": "<i8", "__shape__": [3], "__data__": [512, 512, 512]}, "BoxSize": {"__dtype__": "<f8", "__shape__": [3], "__data__": [2665.0, 5797.0, 2969.0]}, "BoxPad": {"__dtype__": "<f8", "__shape__": [3], "__data__": [0.1, 0.1, 0.1]}, "BoxCenter": {"__dtype__": "<f8", "__shape__": [3], "__data__": [2582.6659631740176, 44.45818371950327, 890.4509743382112]}, "mesh.resampler": "tsc", "mesh.interlaced": true, "alpha": 0.050072798295454544, "data.norm": 1.8421529377845463, "randoms.norm": 1.8409867066913832, "shotnoise": 70275.14066027688, "first.data.N": 141005, "first.data.W": 141005.0, "first.data.W2": 125646.62683423237, "first.data.num_per_cell": 0.0009361403199600605, "first.randoms.N": 2816000, "first.randoms.W": 2816000.0, "first.randoms.W2": 2508954.182162565, "first.randoms.num_per_cell": 0.0186931653481913, "first.data.ext": 1, "first.randoms.ext": 1, "second.data.N": 141005, "second.data.W": 141005.0, "second.data.W2": 132559.2179160416, "second.data.num_per_cell": 0.0009876431369486571, "second.randoms.N": 2816000, "second.randoms.W": 2816000.0, "second.randoms.W2": 2645625.888250053, "second.randoms.num_per_cell": 0.019711448909715212, "second.data.ext": 1, "second.randoms.ext": 1}}, "attrs": {"poles": [0], "dk": 0.005, "kmin": 0.0, "kmax": null, "Nmesh": {"__dtype__": "<i8", "__shape__": [3], "__data__": [512, 512, 512]}, "BoxSize": {"__dtype__": "<f8", "__shape__": [3], "__data__": [2665.0, 5797.0, 2969.0]}, "BoxPad": {"__dtype__": "<f8", "__shape__": [3], "__data__": [0.1, 0.1, 0.1]}, "BoxCenter": {"__dtype__": "<f8", "__shape__": [3], "__data__": [2582.6659631740176, 44.45818371950327, 890.4509743382112]}, "mesh.resampler": "tsc", "mesh.interlaced": true, "alpha": 0.050072798295454544, "data.norm": 1.8421529377845463, "randoms.norm": 1.8409867066913832, "shotnoise": 70275.14066027688, "first.data.N": 141005, "first.data.W": 141005.0,