{"poles": {"dims": ["k"], "edges": [{"__dtype__": "<f8", "__shape__": [46], "__data__": [0.0, 0.005, 0.01, 0.015, 0.02, 0.025, 0.03, 0.035, 0.04, 0.045, 0.05, 0.055, 0.06, 0.065, 0.07, 0.075, 0.08, 0.085, 0.09, 0.095, 0.1, 0.105, 0.11, 0.115, 0.12, 0.125, 0.13, 0.135, 0.14, 0.145, 0.15, 0.155, 0.16, 0.165, 0.17, 0.17500000000000002, 0.18, 0.185, 0.19, 0.195, 0.2, 0.20500000000000002, 0.21, 0.215, 0.22, 0.225]}], "coords": [{"__dtype__": "<f8", "__shape__": [45], "__data__": [0.0025, 0.0075, 0.0125, 0.0175, 0.0225, 0.0275, 0.0325, 0.037500000000000006, 0.042499999999999996, 0.0475, 0.052500000000000005, 0.057499999999999996, 0.0625, 0.0675, 0.07250000000000001, 0.0775, 0.0825, 0.0875, 0.0925, 0.0975, 0.10250000000000001, 0.1075, 0.1125, 0.1175, 0.1225, 0.1275, 0.1325, 0.1375, 0.14250000000000002, 0.1475, 0.1525, 0.1575, 0.1625, 0.1675, 0.17250000000000001, 0.1775, 0.1825, 0.1875, 0.1925, 0.1975, 0.2025, 0.20750000000000002, 0.2125, 0.2175, 0.2225]}], "data": {"__dtype__": [["k", "<f8"], ["power_0", "<c8"], ["modes", "<i8"]], "__shape__": [45], "__data__": [[0.0038124604949970986, {"__complex__": [-143238.46875, -8.713722018244274e-14]}, 167], [0.008045304719267473, {"__complex__": [-114268.5234375, -4.3037088107676646e-13]}, 1082], [0.012809912756659051, {"__complex__": [-133321.015625, -1.121628831479704e-13]}, 2984], [0.017715433309244185, {"__complex__": [-134882.375, -6.015259362661396e-14]}, 5806], [0.022669091647761614, {"__complex__": [-137996.015625, 1.212659665609031e-13]}, 9600], [0.02765002119246127, {"__complex__": [-130861.5703125, 0.0]}, 14374], [0.03263290233536856, {"__complex__": [-120283.1328125, -1.1656686155062969e-14]}, 19974], [0.03761272013936665, {"__complex__": [-118633.8828125, 4.490655622964995e-14]}, 26572], [0.04260175757545894, {"__complex__": [-114057.703125, 0.0]}, 34218], [0.047587548630681535, {"__complex__": [-110638.3359375, -2.192378934916684e-14]}, 42480], [0.052570104151228036, {"__complex__": [-106352.40625, -3.855922335984155e-14]}, 52080], [0.05756944955461065, {"__complex__": [-106562.7734375, 1.487830820730892e-14]}, 62596], [0.06257077522949148, {"__complex__": [-104434.8203125, 9.855281704379461e-15]}, 73828], [0.06756176768890902, {"__complex__": [-100901.0, -1.8834499677786902e-15]}, 85954], [0.07255121859525904, {"__complex__": [-99925.0546875, -4.110212976991389e-15]}, 99132], [0.07755262400137602, {"__complex__": [-99092.3828125, 1.0740741995351848e-14]}, 113806], [0.08255332089930578, {"__complex__": [-97495.625, -6.572987952671106e-15]}, 128406], [0.08755113966916353, {"__complex__": [-95277.359375, 1.8494449407265717e-14]}, 144776], [0.0925464539210429, {"__complex__": [-92961.984375, -5.050556344264644e-15]}, 161350], [0.0975407696852722, {"__complex__": [-93015.765625, 8.267764931338926e-15]}, 179528], [0.10253936843338714, {"__complex__": [-90940.5, 7.62609851027822e-15]}, 198450], [0.10753330829635703, {"__complex__": [-91143.6875, 6.011421625783976e-15]}, 217864], [0.11253145908249744, {"__complex__": [-91199.5703125, -3.405009344007717e-15]}, 239326], [0.11753431416740862, {"__complex__": [-89953.1796875, 6.2485700987079725e-15]}, 260830], [0.12253334462183928, {"__complex__": [-89345.125, -4.789923035845075e-15]}, 283296], [0.12753220666506468, {"__complex__": [-89020.5859375, 5.638220603289626e-15]}, 307132], [0.13253184583720862, {"__complex__": [-89317.921875, -6.936005521557091e-15]}, 331488], [0.1375304034136141, {"__complex__": [-87660.40625, 1.1412627587355272e-15]}, 357020], [0.1425296880354727, {"__complex__": [-87032.390625, -9.106139931322867e-16]}, 383528], [0.1475269696696561, {"__complex__": [-86440.59375, -1.2053976582818995e-15]}, 410458], [0.15252572158497293, {"__complex__": [-86664.0703125, -1.9864559768981708e-16]}, 439534], [0.15752614553798203, {"__complex__": [-86136.5625, -6.713084237531652e-15]}, 468222], [0.16252439198132457, {"__complex__": [-85624.78125, 2.85996587706444e-15]}, 498638], [0.1675237007706474, {"__complex__": [-85854.5546875, 5.492532206911307e-15]}, 529880], [0.1725250298734758, {"__complex__": [-85595.453125, 4.400728760757143e-15]}, 562140], [0.1775249124979596, {"__complex__": [-84386.03125, -4.647689263342133e-15]}, 594890], [0.18252291001219376, {"__complex__": [-84964.4140625, 2.1295439556586393e-15]}, 628668], [0.18752197500191278, {"__complex__": [-85112.328125, -7.013330100520752e-16]}, 663966], [0.19252241149897908, {"__complex__": [-84461.75, 8.991492963120813e-16]}, 699962], [0.19752275891621854, {"__complex__": [-83883.3515625, 5.216264364351318e-15]}, 736486], [0.202520204709918, {"__complex__": [-84039.953125, -2.6701866629244564e-15]}, 773868], [0.2075192312193462, {"__complex__": [-83989.34375, -5.4078149361422474e-15]}, 813326], [0.21252078094835136, {"__complex__": [-83847.28125, 1.1772289423462473e-15]}, 852920], [0.217518623332359, {"__complex__": [-82969.7578125, 1.0679364929202617e-15]}, 892516], [0.22251541035688588, {"__complex__": [-83482.1875, 7.865285367989784e-16]}, 934323]]}, "attrs": {"poles": [0], "dk": 0.005, "kmin": 0.0, "kmax": null, "Nmesh": {"__dtype__": "<i8", "__shape__": [3], "__data__": [512, 512, 512]}, "BoxSize": {"__dtype__": "<f8", "__shape__": [3], "__data__": [3432.0, 7192.0, 3020.0]}, "BoxPad": {"__dtype__": "<f8", "__shape__": [3], "__data__": [0.1, 0.1, 0.1]}, "BoxCenter": {"__dtype__": "<f8", "__shape__": [3], "__data__": [-1750.1629678974402, 35.39290098772153, 1912.171961766124]}, "mesh.resampler": "tsc", "mesh.interlaced": true, "alpha": 0.049976317942388014, "data.norm": -1.4864945287950635, "randoms.norm": -1.4853810364867808, "shotnoise": 54308.718417835385, "first.data.N": 240258, "first.data.W": 240258.0, "first.data.W2": 207054.99586733236, "first.data.num_per_cell": 0.0015426799347052899, "first.randoms.N": 4807437, "first.randoms.W": 4807437.0, "first.randoms.W2": 4143938.155815553, "first.randoms.num_per_cell": 0.03087474521857167, "first.data.ext": 1, "first.randoms.ext": 1, "second.data.N": 240258, "second.data.W": 240258.0, "second.data.W2": -97818.6415817239, "second.data.num_per_cell": -0.0007288056729862385, "second.randoms.N": 4807437, "second.randoms.W": 4807437.0, "second.randoms.W2": -1956847.5447547096, "second.randoms.num_per_cell": -0.014579650348087472, "second.data.ext": 1, "second.randoms.ext": 1}}, "attrs": {"poles": [0], "dk": 0.005, "kmin": 0.0, "kmax": null, "Nmesh": {"__dtype__": "<i8", "__shape__": [3], "__data__": [512, 512, 512]}, "BoxSize": {"__dtype__": "<f8", "__shape__": [3], "__data__": [3432.0, 7192.0, 3020.0]}, "BoxPad": {"__dtype__": "<f8", "__shape__": [3], "__data__": [0.1, 0.1, 0.1]}, "BoxCenter": {"__dtype__": "<f8", "__shape__": [3], "__data__": [-1750.1629678974402, 35.39290098772153, 1912.171961766124]}, "mesh.resampler": "tsc", "mesh.interlaced": true, "alpha": 0.049976317942388014, "data.norm": -1.4864945287950635, "randoms.norm": -1.4853810364867808, "shotnoise": 54308.718417835385, "first.data.N": 240258, "first.data.W": 240258.0, "first.data.W2": 207054.99586733236, "first.data.num_per_cell": 0.0015426799347052899, "first.randoms.N": 4807437, "first.randoms.W": 4807437.0, "first.randoms.W2": 4143938.155815553, "first.randoms.num_per_cell": 0.03087474521857167, "first.data.ext": 1, "first.randoms.ext": 1, "second.data.N": 240258, "second.data.W": 240258.0, "second.data.W2": -97818.6415817239, "second.data.num_per_cell": -0.0007288056729862385, "second.randoms.N": 4807437, "second.randoms.W": 4807437.0, "second.randoms.W2": -1956847.5447547096, "second.randoms.num_per_cell": -0.014579650348087472, "second.data.ext": 1, "second.randoms.ext": 1, "p": 3.0, "zmin": 0.8, "zmax": 2.2, "P0_FKP": 30000.0, "z-weighted": true, "hashkeys": ["Nmesh", "P0_FKP", "dk", "kmin", "mesh.window", "mesh.interlaced", "poles", "p", "BoxPad", "zmin", "zmax", "z-weighted"]}}