{"poles": {"dims": ["k"], "edges": [{"__dtype__": "<f8", "__shape__": [56], "__data__": [0.0, 0.005, 0.01, 0.015, 0.02, 0.025, 0.03, 0.035, 0.04, 0.045, 0.05, 0.055, 0.06, 0.065, 0.07, 0.075, 0.08, 0.085, 0.09, 0.095, 0.1, 0.105, 0.11, 0.115, 0.12, 0.125, 0.13, 0.135, 0.14, 0.145, 0.15, 0.155, 0.16, 0.165, 0.17, 0.17500000000000002, 0.18, 0.185, 0.19, 0.195, 0.2, 0.20500000000000002, 0.21, 0.215, 0.22, 0.225, 0.23, 0.23500000000000001, 0.24, 0.245, 0.25, 0.255, 0.26, 0.265, 0.27, 0.275]}], "coords": [{"__dtype__": "<f8", "__shape__": [55], "__data__": [0.0025, 0.0075, 0.0125, 0.0175, 0.0225, 0.0275, 0.0325, 0.037500000000000006, 0.042499999999999996, 0.0475, 0.052500000000000005, 0.057499999999999996, 0.0625, 0.0675, 0.07250000000000001, 0.0775, 0.0825, 0.0875, 0.0925, 0.0975, 0.10250000000000001, 0.1075, 0.1125, 0.1175, 0.1225, 0.1275, 0.1325, 0.1375, 0.14250000000000002, 0.1475, 0.1525, 0.1575, 0.1625, 0.1675, 0.17250000000000001, 0.1775, 0.1825, 0.1875, 0.1925, 0.1975, 0.2025, 0.20750000000000002, 0.2125, 0.2175, 0.2225, 0.2275, 0.2325, 0.2375, 0.2425, 0.2475, 0.2525, 0.2575, 0.2625, 0.2675, 0.2725]}], "data": {"__dtype__": [["k", "<f8"], ["power_0", "<c8"], ["modes", "<i8"]], "__shape__": [55], "__data__": [[0.00381582870963149, {"__complex__": [123231.8046875, 1.440783690270786e-12]}, 101], [0.008101265444645324, {"__complex__": [98495.4375, -1.0544866303925648e-13]}, 690], [0.012881094428097399, {"__complex__": [127239.6796875, -4.729766383236578e-13]}, 1846], [0.01776898906732117, {"__complex__": [120629.9765625, 0.0]}, 3586], [0.022691540015953332, {"__complex__": [112585.03125, -2.974837986623874e-14]}, 5870], [0.027646924733755237, {"__complex__": [104014.2265625, 5.6159490577877e-14]}, 8810], [0.03262381701015117, {"__complex__": [105816.359375, -7.09964974586778e-15]}, 12298], [0.03761603546573974, {"__complex__": [98755.171875, -1.0634773938485598e-14]}, 16420], [0.042615513382507485, {"__complex__": [93391.2578125, -2.9029184519515847e-14]}, 21054], [0.04759756059586297, {"__complex__": [90729.75, 2.3361380443510417e-14]}, 26162], [0.05257971257242345, {"__complex__": [87938.8125, 2.7271204906939225e-14]}, 32016], [0.05757077253850946, {"__complex__": [89999.4296875, 3.407765335108198e-14]}, 38432], [0.06256656704432612, {"__complex__": [88363.5390625, -7.681137864157857e-15]}, 45468], [0.06756224221830869, {"__complex__": [86432.4453125, 6.0522939301043115e-15]}, 52896], [0.07255395967994632, {"__complex__": [86456.171875, -7.44584227580598e-15]}, 61074], [0.077549843044251, {"__complex__": [85544.9140625, -7.34892561301409e-15]}, 69800], [0.08254670444516676, {"__complex__": [85004.9375, 1.4723070573241493e-15]}, 79070], [0.0875450730828665, {"__complex__": [83694.140625, 8.33293310520183e-15]}, 89062], [0.09254706284502398, {"__complex__": [81489.1640625, -2.704762547831377e-15]}, 99532], [0.09754654727165055, {"__complex__": [80716.734375, -3.952320106392557e-15]}, 110456], [0.10254482204994865, {"__complex__": [80683.6796875, -2.3820453242680934e-15]}, 122180], [0.10754221436417905, {"__complex__": [79875.375, -5.423909303293908e-16]}, 134146], [0.11253731368411114, {"__complex__": [78456.2109375, -1.1875882611702858e-15]}, 147040], [0.11753494034207632, {"__complex__": [78977.03125, -1.4513454270993287e-15]}, 160424], [0.12253330115342949, {"__complex__": [79570.1328125, 4.924590686546668e-15]}, 174342], [0.12753356291363982, {"__complex__": [78799.7265625, 5.772126533143621e-17]}, 189080], [0.13253370854762594, {"__complex__": [78224.9140625, -2.497411211684129e-15]}, 203938], [0.13752961459817578, {"__complex__": [77415.1171875, -2.652023100161772e-16]}, 219484], [0.1425281107820362, {"__complex__": [76924.703125, -5.854487914118791e-16]}, 236132], [0.1475274145760076, {"__complex__": [76258.0625, -4.434978961495844e-15]}, 252650], [0.1525290822685407, {"__complex__": [76760.5, -2.0298519894150708e-15]}, 270628], [0.1575299612384668, {"__complex__": [76555.8125, -2.5256726777275057e-15]}, 288080], [0.16252169358652926, {"__complex__": [76523.921875, 1.7413592379647157e-15]}, 306062], [0.16752062292264278, {"__complex__": [75978.453125, -4.454594974004833e-16]}, 326672], [0.1725228620785395, {"__complex__": [76074.1875, -5.054708288013848e-16]}, 345466], [0.1775209487576261, {"__complex__": [75551.375, 3.4971013071320462e-15]}, 366180], [0.1825256448391732, {"__complex__": [75346.875, -1.6513578580333284e-15]}, 387732], [0.18752632321603607, {"__complex__": [75432.234375, -4.9935244512557095e-16]}, 407982], [0.19252140078705848, {"__complex__": [75012.8203125, 1.31892304898267e-15]}, 430294], [0.19751872595109427, {"__complex__": [75046.40625, 2.6333426355430256e-15]}, 453134], [0.20251834237475713, {"__complex__": [74271.046875, -1.5878836441858145e-15]}, 476546], [0.2075189401846281, {"__complex__": [74523.734375, -5.671435623887664e-16]}, 500336], [0.21252015430968035, {"__complex__": [74663.5, 1.829251294099203e-15]}, 525038], [0.21752001193636755, {"__complex__": [74471.96875, 8.741893529388652e-16]}, 549324], [0.22251920952356846, {"__complex__": [74457.5625, -2.02305222067275e-15]}, 575444], [0.22751862790843796, {"__complex__": [74034.53125, 1.1498457700598346e-16]}, 601138], [0.23251697255054365, {"__complex__": [74002.0859375, 1.390421126530185e-16]}, 627950], [0.23751700822531546, {"__complex__": [73949.2421875, -5.992662281222017e-16]}, 655638], [0.24251727793025477, {"__complex__": [73831.0546875, -2.1300701484073414e-16]}, 683166], [0.24751389003994526, {"__complex__": [73473.2578125, -9.313717001750558e-16]}, 710900], [0.2525134489582163, {"__complex__": [74009.6796875, -1.8641359225153977e-15]}, 741594], [0.2575160115814785, {"__complex__": [73923.453125, 1.6243674708064254e-15]}, 770432], [0.2625147120015445, {"__complex__": [73650.2109375, 3.273133566839833e-16]}, 800256], [0.2675154267702453, {"__complex__": [73555.0078125, -5.246164203872921e-16]}, 832146], [0.2725162642594614, {"__complex__": [73191.9765625, -1.181167433792743e-15]}, 862396]]}, "attrs": {"poles": [0], "dk": 0.005, "kmin": 0.0, "kmax": null, "Nmesh": {"__dtype__": "<i8", "__shape__": [3], "__data__": [512, 512, 512]}, "BoxSize": {"__dtype__": "<f8", "__shape__": [3], "__data__": [2665.0, 5797.0, 2969.0]}, "BoxPad": {"__dtype__": "<f8", "__shape__": [3], "__data__": [0.1, 0.1, 0.1]}, "BoxCenter": {"__dtype__": "<f8", "__shape__": [3], "__data__": [2582.6659631740176, 44.45818371950327, 890.4509743382112]}, "mesh.resampler": "tsc", "mesh.interlaced": true, "alpha": 0.05004438920454545, "data.norm": 1.0373527602336596, "randoms.norm": 1.0389967509530504, "shotnoise": 72423.53233204928, "first.data.N": 140925, "first.data.W": 140925.0, "first.data.W2": 125553.14614403398, "first.data.num_per_cell": 0.0009354438345434813, "first.randoms.N": 2816000, "first.randoms.W": 2816000.0, "first.randoms.W2": 2508954.182162565, "first.randoms.num_per_cell": 0.0186931653481913, "first.data.ext": 1, "first.randoms.ext": 1, "second.data.N": 140925, "second.data.W": 140925.0, "second.data.W2": 74972.94470421248, "second.data.num_per_cell": 0.0005585919671074486, "second.randoms.N": 2816000, "second.randoms.W": 2816000.0, "second.randoms.W2": 1500023.1795866555, "second.randoms.num_per_cell": 0.011176043596764322, "second.data.ext": 1, "second.randoms.ext": 1}}, "attrs": {"poles": [0], "dk": 0.005, "kmin": 0.0, "kmax": null, "Nmesh": {"__dtype__": "<i8", "__shape__": [3], "__data__": [512, 512, 512]}, "BoxSize": {"__dtype__": "<f8", "__shape__": [3], "__data__": [2665.0, 5797.0, 2969.0]}, "BoxPad": {"__dtype__": "<f8", "__shape__": [3], "__data__": [0.1, 0.1, 0.1]}, "BoxCenter": {"__dtype__": "<f8", "__shape__": [3], "__data__": [2582.6659631740176, 44.45818371950327, 890.4509743382112]}, "mesh.resampler": "tsc", "mesh.interlaced": true, "alpha": 0.05004438920454545, "data.norm": 1.0373527602336596, "randoms.norm": 1.0389967509530504, "shotnoise": 72423.53233204928, "first.data.N": 140925, "first.data.W": 140925.0, "first.data.W2": 125553.14614403398,