{"poles": {"dims": ["k"], "edges": [{"__dtype__": "<f8", "__shape__": [56], "__data__": [0.0, 0.005, 0.01, 0.015, 0.02, 0.025, 0.03, 0.035, 0.04, 0.045, 0.05, 0.055, 0.06, 0.065, 0.07, 0.075, 0.08, 0.085, 0.09, 0.095, 0.1, 0.105, 0.11, 0.115, 0.12, 0.125, 0.13, 0.135, 0.14, 0.145, 0.15, 0.155, 0.16, 0.165, 0.17, 0.17500000000000002, 0.18, 0.185, 0.19, 0.195, 0.2, 0.20500000000000002, 0.21, 0.215, 0.22, 0.225, 0.23, 0.23500000000000001, 0.24, 0.245, 0.25, 0.255, 0.26, 0.265, 0.27, 0.275]}], "coords": [{"__dtype__": "<f8", "__shape__": [55], "__data__": [0.0025, 0.0075, 0.0125, 0.0175, 0.0225, 0.0275, 0.0325, 0.037500000000000006, 0.042499999999999996, 0.0475, 0.052500000000000005, 0.057499999999999996, 0.0625, 0.0675, 0.07250000000000001, 0.0775, 0.0825, 0.0875, 0.0925, 0.0975, 0.10250000000000001, 0.1075, 0.1125, 0.1175, 0.1225, 0.1275, 0.1325, 0.1375, 0.14250000000000002, 0.1475, 0.1525, 0.1575, 0.1625, 0.1675, 0.17250000000000001, 0.1775, 0.1825, 0.1875, 0.1925, 0.1975, 0.2025, 0.20750000000000002, 0.2125, 0.2175, 0.2225, 0.2275, 0.2325, 0.2375, 0.2425, 0.2475, 0.2525, 0.2575, 0.2625, 0.2675, 0.2725]}], "data": {"__dtype__": [["k", "<f8"], ["power_0", "<c8"], ["modes", "<i8"]], "__shape__": [55], "__data__": [[0.00381582870963149, {"__complex__": [108985.0859375, -1.8009795789571646e-14]}, 101], [0.008101265444645324, {"__complex__": [125816.2265625, -4.217946589332895e-14]}, 690], [0.012881094428097399, {"__complex__": [109886.6640625, -1.497759436006746e-13]}, 1846], [0.01776898906732117, {"__complex__": [106432.0078125, -6.847840572582822e-14]}, 3586], [0.022691540015953332, {"__complex__": [108778.15625, 3.2227411521758634e-14]}, 5870], [0.027646924733755237, {"__complex__": [100049.578125, -6.772174102965059e-14]}, 8810], [0.03262381701015117, {"__complex__": [98315.765625, -3.1060967108775947e-15]}, 12298], [0.03761603546573974, {"__complex__": [95969.28125, 9.859321204504917e-15]}, 16420], [0.042615513382507485, {"__complex__": [93609.9296875, -1.520576267438796e-14]}, 21054], [0.04759756059586297, {"__complex__": [89711.1953125, 1.2723608855424486e-14]}, 26162], [0.05257971257242345, {"__complex__": [89499.4453125, 2.2726005147907205e-16]}, 32016], [0.05757077253850946, {"__complex__": [90060.5546875, -1.9310670684030695e-14]}, 38432], [0.06256656704432612, {"__complex__": [86681.8671875, -1.360201420897919e-14]}, 45468], [0.06756224221830869, {"__complex__": [85488.7578125, -6.464950170798241e-15]}, 52896], [0.07255395967994632, {"__complex__": [83989.6015625, 4.288804791722275e-15]}, 61074], [0.077549843044251, {"__complex__": [83427.3046875, -5.42048400793433e-15]}, 69800], [0.08254670444516676, {"__complex__": [81908.6328125, 3.174662122133699e-15]}, 79070], [0.0875450730828665, {"__complex__": [80311.515625, 1.015065649264714e-14]}, 89062], [0.09254706284502398, {"__complex__": [79198.0390625, -1.1696270334028767e-15]}, 99532], [0.09754654727165055, {"__complex__": [78307.28125, -8.176361606000715e-15]}, 110456], [0.10254482204994865, {"__complex__": [78868.2578125, 2.7393521970236904e-15]}, 122180], [0.10754221436417905, {"__complex__": [77696.765625, 4.556083920646001e-15]}, 134146], [0.11253731368411114, {"__complex__": [76913.015625, 9.278033621265102e-16]}, 147040], [0.11753494034207632, {"__complex__": [76158.328125, -2.358436398445748e-15]}, 160424], [0.12253330115342949, {"__complex__": [75776.25, -3.907328680849724e-15]}, 174342], [0.12753356291363982, {"__complex__": [75055.90625, -6.5032623180355e-15]}, 189080], [0.13253370854762594, {"__complex__": [74598.078125, -7.759812825397679e-15]}, 203938], [0.13752961459817578, {"__complex__": [74221.7265625, -1.5912137542179448e-15]}, 219484], [0.1425281107820362, {"__complex__": [75290.703125, -4.853062565799305e-16]}, 236132], [0.1475274145760076, {"__complex__": [74419.109375, -3.715014932373318e-15]}, 252650], [0.1525290822685407, {"__complex__": [73885.015625, 5.3770915423678967e-17]}, 270628], [0.1575299612384668, {"__complex__": [73215.796875, -3.813765421496014e-15]}, 288080], [0.16252169358652926, {"__complex__": [73304.359375, 1.1886411231237229e-15]}, 306062], [0.16752062292264278, {"__complex__": [73421.6875, 2.2272976193513143e-17]}, 326672], [0.1725228620785395, {"__complex__": [73246.453125, -4.212256730213009e-16]}, 345466], [0.1775209487576261, {"__complex__": [73119.6875, 6.358366109221101e-16]}, 366180], [0.1825256448391732, {"__complex__": [72842.7265625, -2.0641973225416605e-16]}, 387732], [0.18752632321603607, {"__complex__": [72700.2578125, 1.3018831813036368e-15]}, 407982], [0.19252140078705848, {"__complex__": [72212.1484375, -9.384645423171265e-16]}, 430294], [0.19751872595109427, {"__complex__": [71595.6015625, -2.0552917769529064e-15]}, 453134], [0.20251834237475713, {"__complex__": [71752.234375, 1.5420792787718541e-15]}, 476546], [0.2075189401846281, {"__complex__": [71941.90625, -1.4542143541614586e-16]}, 500336], [0.21252015430968035, {"__complex__": [72330.46875, -2.579313580211226e-15]}, 525038], [0.21752001193636755, {"__complex__": [71804.5859375, 2.2318318661273054e-15]}, 549324], [0.22251920952356846, {"__complex__": [71923.15625, -1.3149839222614639e-15]}, 575444], [0.22751862790843796, {"__complex__": [71632.921875, 4.841455567443961e-16]}, 601138], [0.23251697255054365, {"__complex__": [71637.3984375, 1.2687592167474285e-15]}, 627950], [0.23751700822531546, {"__complex__": [71181.578125, 1.797798631427046e-15]}, 655638], [0.24251727793025477, {"__complex__": [71451.4375, -4.260140296814683e-16]}, 683166], [0.24751389003994526, {"__complex__": [71367.0546875, -1.4533492952942956e-15]}, 710900], [0.2525134489582163, {"__complex__": [71400.5234375, -7.652767977897232e-16]}, 741594], [0.2575160115814785, {"__complex__": [71318.7265625, -1.8415794615997953e-16]}, 770432], [0.2625147120015445, {"__complex__": [71212.15625, 1.472910038903476e-15]}, 800256], [0.2675154267702453, {"__complex__": [71278.4453125, -1.0404892372974333e-15]}, 832146], [0.2725162642594614, {"__complex__": [71147.7734375, -1.2064781546852407e-15]}, 862396]]}, "attrs": {"poles": [0], "dk": 0.005, "kmin": 0.0, "kmax": null, "Nmesh": {"__dtype__": "<i8", "__shape__": [3], "__data__": [512, 512, 512]}, "BoxSize": {"__dtype__": "<f8", "__shape__": [3], "__data__": [2665.0, 5797.0, 2969.0]}, "BoxPad": {"__dtype__": "<f8", "__shape__": [3], "__data__": [0.1, 0.1, 0.1]}, "BoxCenter": {"__dtype__": "<f8", "__shape__": [3], "__data__": [2582.6659631740176, 44.45818371950327, 890.4509743382112]}, "mesh.resampler": "tsc", "mesh.interlaced": true, "alpha": 0.04982528409090909, "data.norm": 1.8319788167270277, "randoms.norm": 1.8318865490050324, "shotnoise": 70148.56918017057, "first.data.N": 140308, "first.data.W": 140308.0, "first.data.W2": 124985.01989964141, "first.data.num_per_cell": 0.0009312109641704068, "first.randoms.N": 2816000, "first.randoms.W": 2816000.0, "first.randoms.W2": 2508954.182162565, "first.randoms.num_per_cell": 0.0186931653481913, "first.data.ext": 1, "first.randoms.ext": 1, "second.data.N": 140308, "second.data.W": 140308.0, "second.data.W2": 131761.50349268317, "second.data.num_per_cell": 0.0009816997013440965, "second.randoms.N": 2816000, "second.randoms.W": 2816000.0, "second.randoms.W2": 2645625.888250053, "second.randoms.num_per_cell": 0.019711448909715212, "second.data.ext": 1, "second.randoms.ext": 1}}, "attrs": {"poles": [0], "dk": 0.005, "kmin": 0.0, "kmax": null, "Nmesh": {"__dtype__": "<i8", "__shape__": [3], "__data__": [512, 512, 512]}, "BoxSize": {"__dtype__": "<f8", "__shape__": [3], "__data__": [2665.0, 5797.0, 2969.0]}, "BoxPad": {"__dtype__": "<f8", "__shape__": [3], "__data__": [0.1, 0.1, 0.1]}, "BoxCenter": {"__dtype__": "<f8", "__shape__": [3], "__data__": [2582.6659631740176, 44.45818371950327, 890.4509743382112]}, "mesh.resampler": "tsc", "mesh.interlaced": true, "alpha": 0.04982528409090909, "data.norm": 1.8319788167270277, "randoms.norm": 1.8318865490050324, "shotnoise": 70148.56918017057, "first.data.N": 140308,