{"poles": {"dims": ["k"], "edges": [{"__dtype__": "<f8", "__shape__": [56], "__data__": [0.0, 0.005, 0.01, 0.015, 0.02, 0.025, 0.03, 0.035, 0.04, 0.045, 0.05, 0.055, 0.06, 0.065, 0.07, 0.075, 0.08, 0.085, 0.09, 0.095, 0.1, 0.105, 0.11, 0.115, 0.12, 0.125, 0.13, 0.135, 0.14, 0.145, 0.15, 0.155, 0.16, 0.165, 0.17, 0.17500000000000002, 0.18, 0.185, 0.19, 0.195, 0.2, 0.20500000000000002, 0.21, 0.215, 0.22, 0.225, 0.23, 0.23500000000000001, 0.24, 0.245, 0.25, 0.255, 0.26, 0.265, 0.27, 0.275]}], "coords": [{"__dtype__": "<f8", "__shape__": [55], "__data__": [0.0025, 0.0075, 0.0125, 0.0175, 0.0225, 0.0275, 0.0325, 0.037500000000000006, 0.042499999999999996, 0.0475, 0.052500000000000005, 0.057499999999999996, 0.0625, 0.0675, 0.07250000000000001, 0.0775, 0.0825, 0.0875, 0.0925, 0.0975, 0.10250000000000001, 0.1075, 0.1125, 0.1175, 0.1225, 0.1275, 0.1325, 0.1375, 0.14250000000000002, 0.1475, 0.1525, 0.1575, 0.1625, 0.1675, 0.17250000000000001, 0.1775, 0.1825, 0.1875, 0.1925, 0.1975, 0.2025, 0.20750000000000002, 0.2125, 0.2175, 0.2225, 0.2275, 0.2325, 0.2375, 0.2425, 0.2475, 0.2525, 0.2575, 0.2625, 0.2675, 0.2725]}], "data": {"__dtype__": [["k", "<f8"], ["power_0", "<c8"], ["modes", "<i8"]], "__shape__": [55], "__data__": [[0.00381582870963149, {"__complex__": [-45901.1796875, -1.7289404500089867e-12]}, 101], [0.008101265444645324, {"__complex__": [-56718.97265625, 1.687178635733158e-13]}, 690], [0.012881094428097399, {"__complex__": [-81536.3203125, 1.891906634609794e-13]}, 1846], [0.01776898906732117, {"__complex__": [-81227.6953125, -8.11595968653201e-15]}, 3586], [0.022691540015953332, {"__complex__": [-79187.3203125, -9.916125944453222e-14]}, 5870], [0.027646924733755237, {"__complex__": [-75043.0234375, 1.1562247910674745e-14]}, 8810], [0.03262381701015117, {"__complex__": [-73172.34375, 9.46619966115704e-15]}, 12298], [0.03761603546573974, {"__complex__": [-72187.4921875, -3.1904319274357953e-14]}, 16420], [0.042615513382507485, {"__complex__": [-66450.0, -2.764684199618988e-14]}, 21054], [0.04759756059586297, {"__complex__": [-66816.2421875, 2.113648747128702e-14]}, 26162], [0.05257971257242345, {"__complex__": [-66947.234375, 6.363281229655781e-15]}, 32016], [0.05757077253850946, {"__complex__": [-63659.89453125, 1.741746734362261e-14]}, 38432], [0.06256656704432612, {"__complex__": [-63524.609375, -1.3922062219967439e-14]}, 45468], [0.06756224221830869, {"__complex__": [-63005.9765625, 2.200834060147824e-15]}, 52896], [0.07255395967994632, {"__complex__": [-60133.23046875, -5.718406671307349e-15]}, 61074], [0.077549843044251, {"__complex__": [-59923.0703125, 8.339206231209196e-15]}, 69800], [0.08254670444516676, {"__complex__": [-59939.28125, 2.1854557534739484e-15]}, 79070], [0.0875450730828665, {"__complex__": [-60326.078125, -3.594598611009279e-15]}, 89062], [0.09254706284502398, {"__complex__": [-57958.98046875, -9.357016267223014e-15]}, 99532], [0.09754654727165055, {"__complex__": [-56608.984375, 5.368568088047693e-15]}, 110456], [0.10254482204994865, {"__complex__": [-56576.046875, -2.620249835519079e-15]}, 122180], [0.10754221436417905, {"__complex__": [-57042.9296875, 3.5526607392412975e-15]}, 134146], [0.11253731368411114, {"__complex__": [-55949.40625, 4.354490502715951e-15]}, 147040], [0.11753494034207632, {"__complex__": [-55270.53515625, 7.710272409411616e-15]}, 160424], [0.12253330115342949, {"__complex__": [-55639.0546875, 7.512087452061318e-16]}, 174342], [0.12753356291363982, {"__complex__": [-54589.0078125, 4.155930733286493e-15]}, 189080], [0.13253370854762594, {"__complex__": [-55371.171875, -8.562552302257683e-16]}, 203938], [0.13752961459817578, {"__complex__": [-55202.0234375, -1.5912137542179448e-15]}, 219484], [0.1425281107820362, {"__complex__": [-54559.62109375, 2.49586071787418e-15]}, 236132], [0.1475274145760076, {"__complex__": [-53874.03515625, 1.4111296791922338e-15]}, 252650], [0.1525290822685407, {"__complex__": [-53777.015625, 3.333796743033206e-15]}, 270628], [0.1575299612384668, {"__complex__": [-53288.80859375, 2.1468217337167325e-15]}, 288080], [0.16252169358652926, {"__complex__": [-53607.01171875, 1.1886411231237229e-15]}, 306062], [0.16752062292264278, {"__complex__": [-53391.6171875, -2.5391193257651677e-15]}, 326672], [0.1725228620785395, {"__complex__": [-52849.4453125, -5.897159845814686e-16]}, 345466], [0.1775209487576261, {"__complex__": [-52756.609375, -5.563570213219565e-16]}, 366180], [0.1825256448391732, {"__complex__": [-52478.9609375, -5.911110478455965e-15]}, 387732], [0.18752632321603607, {"__complex__": [-52756.31640625, 2.1579159595016325e-15]}, 407982], [0.19252140078705848, {"__complex__": [-52171.53515625, -6.763708299824828e-17]}, 430294], [0.19751872595109427, {"__complex__": [-52692.62890625, -6.633534291257317e-16]}, 453134], [0.20251834237475713, {"__complex__": [-52368.421875, 4.5804335635458307e-17]}, 476546], [0.2075189401846281, {"__complex__": [-52406.703125, 1.454214327691679e-15]}, 500336], [0.21252015430968035, {"__complex__": [-52326.109375, -3.201189711734046e-15]}, 525038], [0.21752001193636755, {"__complex__": [-52155.703125, -2.1192469202260036e-16]}, 549324], [0.22251920952356846, {"__complex__": [-52010.0234375, -1.0241701946565136e-15]}, 575444], [0.22751862790843796, {"__complex__": [-51946.45703125, -3.38901905602945e-16]}, 601138], [0.23251697255054365, {"__complex__": [-51841.47265625, 2.4100632683391344e-15]}, 627950], [0.23751700822531546, {"__complex__": [-52069.17578125, -7.324364833917268e-16]}, 655638], [0.24251727793025477, {"__complex__": [-51891.29296875, 5.058916453574926e-16]}, 683166], [0.24751389003994526, {"__complex__": [-51640.50390625, -1.8627434003501116e-15]}, 710900], [0.2525134489582163, {"__complex__": [-51565.6484375, -3.846006460083828e-15]}, 741594], [0.2575160115814785, {"__complex__": [-51714.08984375, -1.1332796849658922e-15]}, 770432], [0.2625147120015445, {"__complex__": [-51620.8984375, -2.7276112615835617e-15]}, 800256], [0.2675154267702453, {"__complex__": [-51955.421875, -6.470269220069642e-16]}, 832146], [0.2725162642594614, {"__complex__": [-51632.9375, -7.255742989091052e-16]}, 862396]]}, "attrs": {"poles": [0], "dk": 0.005, "kmin": 0.0, "kmax": null, "Nmesh": {"__dtype__": "<i8", "__shape__": [3], "__data__": [512, 512, 512]}, "BoxSize": {"__dtype__": "<f8", "__shape__": [3], "__data__": [2665.0, 5797.0, 2969.0]}, "BoxPad": {"__dtype__": "<f8", "__shape__": [3], "__data__": [0.1, 0.1, 0.1]}, "BoxCenter": {"__dtype__": "<f8", "__shape__": [3], "__data__": [2582.6659631740176, 44.45818371950327, 890.4509743382112]}, "mesh.resampler": "tsc", "mesh.interlaced": true, "alpha": 0.04994318181818182, "data.norm": -0.8305462883954279, "randoms.norm": -0.8281975847316825, "shotnoise": 60856.51638675721, "first.data.N": 140640, "first.data.W": 140640.0, "first.data.W2": 125270.20818405083, "first.data.num_per_cell": 0.0009333357824686977, "first.randoms.N": 2816000, "first.randoms.W": 2816000.0, "first.randoms.W2": 2508954.182162565, "first.randoms.num_per_cell": 0.0186931653481913, "first.data.ext": 1, "first.randoms.ext": 1, "second.data.N": 140640, "second.data.W": 140640.0, "second.data.W2": -58750.008654482066, "second.data.num_per_cell": -0.00043772167455019106, "second.randoms.N": 2816000, "second.randoms.W": 2816000.0, "second.randoms.W2": -1173049.6557325185, "second.randoms.num_per_cell": -0.008739901004228879, "second.data.ext": 1, "second.randoms.ext": 1}}, "attrs": {"poles": [0], "dk": 0.005, "kmin": 0.0, "kmax": null, "Nmesh": {"__dtype__": "<i8", "__shape__": [3], "__data__": [512, 512, 512]}, "BoxSize": {"__dtype__": "<f8", "__shape__": [3], "__data__": [2665.0, 5797.0, 2969.0]}, "BoxPad": {"__dtype__": "<f8", "__shape__": [3], "__data__": [0.1, 0.1, 0.1]}, "BoxCenter": {"__dtype__": "<f8", "__shape__": [3], "__data__": [2582.6659631740176, 44.45818371950327, 890.4509743382112]}, "mesh.resampler": "tsc", "mesh.interlaced": true, "alpha": 0.04994318181818182, "data.norm": -0.8305462883954279,