{"poles": {"dims": ["k"], "edges": [{"__dtype__": "<f8", "__shape__": [46], "__data__": [0.0, 0.005, 0.01, 0.015, 0.02, 0.025, 0.03, 0.035, 0.04, 0.045, 0.05, 0.055, 0.06, 0.065, 0.07, 0.075, 0.08, 0.085, 0.09, 0.095, 0.1, 0.105, 0.11, 0.115, 0.12, 0.125, 0.13, 0.135, 0.14, 0.145, 0.15, 0.155, 0.16, 0.165, 0.17, 0.17500000000000002, 0.18, 0.185, 0.19, 0.195, 0.2, 0.20500000000000002, 0.21, 0.215, 0.22, 0.225]}], "coords": [{"__dtype__": "<f8", "__shape__": [45], "__data__": [0.0025, 0.0075, 0.0125, 0.0175, 0.0225, 0.0275, 0.0325, 0.037500000000000006, 0.042499999999999996, 0.0475, 0.052500000000000005, 0.057499999999999996, 0.0625, 0.0675, 0.07250000000000001, 0.0775, 0.0825, 0.0875, 0.0925, 0.0975, 0.10250000000000001, 0.1075, 0.1125, 0.1175, 0.1225, 0.1275, 0.1325, 0.1375, 0.14250000000000002, 0.1475, 0.1525, 0.1575, 0.1625, 0.1675, 0.17250000000000001, 0.1775, 0.1825, 0.1875, 0.1925, 0.1975, 0.2025, 0.20750000000000002, 0.2125, 0.2175, 0.2225]}], "data": {"__dtype__": [["k", "<f8"], ["power_0", "<c8"], ["modes", "<i8"]], "__shape__": [45], "__data__": [[0.0038124604949970986, {"__complex__": [-148261.90625, 1.0892151980704257e-12]}, 167], [0.008045304719267473, {"__complex__": [-140540.765625, -2.2863452125466976e-13]}, 1082], [0.012809912756659051, {"__complex__": [-135511.78125, 2.145724732876414e-13]}, 2984], [0.017715433309244185, {"__complex__": [-138686.78125, 1.7544507039117703e-14]}, 5806], [0.022669091647761614, {"__complex__": [-137676.453125, 2.4253192634554263e-14]}, 9600], [0.02765002119246127, {"__complex__": [-121648.0703125, -6.074265710646204e-14]}, 14374], [0.03263290233536856, {"__complex__": [-125365.34375, -8.742514362187342e-14]}, 19974], [0.03761272013936665, {"__complex__": [-113751.4921875, -9.200368196243466e-14]}, 26572], [0.04260175757545894, {"__complex__": [-109553.8984375, 3.0619495654249373e-14]}, 34218], [0.047587548630681535, {"__complex__": [-108599.4765625, -3.8366631784558444e-14]}, 42480], [0.052570104151228036, {"__complex__": [-107437.3046875, -3.632390680016924e-15]}, 52080], [0.05756944955461065, {"__complex__": [-104141.4140625, -3.71957705182723e-15]}, 62596], [0.06257077522949148, {"__complex__": [-102181.4921875, -2.0104775930542863e-14]}, 73828], [0.06756176768890902, {"__complex__": [-99293.3359375, 7.110552753964838e-15]}, 85954], [0.07255121859525904, {"__complex__": [-98904.921875, -9.981945317245975e-15]}, 99132], [0.07755262400137602, {"__complex__": [-99006.15625, 5.114639045405642e-16]}, 113806], [0.08255332089930578, {"__complex__": [-96181.8359375, -1.677245175428846e-14]}, 128406], [0.08755113966916353, {"__complex__": [-95626.546875, 8.041064821577549e-16]}, 144776], [0.0925464539210429, {"__complex__": [-94452.8359375, -9.01885000973476e-16]}, 161350], [0.0975407696852722, {"__complex__": [-93200.625, 3.080147856538459e-15]}, 179528], [0.10253936843338714, {"__complex__": [-92067.75, -4.546327795159526e-15]}, 198450], [0.10753330829635703, {"__complex__": [-91990.65625, 9.751861522618553e-15]}, 217864], [0.11253145908249744, {"__complex__": [-91100.3515625, 6.505999928521026e-15]}, 239326], [0.11753431416740862, {"__complex__": [-89349.578125, 8.368620403214667e-16]}, 260830], [0.12253334462183928, {"__complex__": [-89672.3671875, -2.157391646107282e-15]}, 283296], [0.12753220666506468, {"__complex__": [-89059.796875, 6.870100429030076e-15]}, 307132], [0.13253184583720862, {"__complex__": [-88317.578125, -7.33109472244144e-15]}, 331488], [0.1375304034136141, {"__complex__": [-89272.796875, 3.668344581649909e-16]}, 357020], [0.1425296880354727, {"__complex__": [-87702.78125, 3.3389179042323056e-15]}, 383528], [0.1475269696696561, {"__complex__": [-86522.984375, 8.93412405687799e-15]}, 410458], [0.15252572158497293, {"__complex__": [-86469.3828125, -3.112114244693126e-15]}, 439534], [0.15752614553798203, {"__complex__": [-86817.8515625, 6.215818405132083e-16]}, 468222], [0.16252439198132457, {"__complex__": [-86178.4296875, -3.735465695851826e-15]}, 498638], [0.1675237007706474, {"__complex__": [-86117.015625, -2.3617889548509805e-15]}, 529880], [0.1725250298734758, {"__complex__": [-85581.7421875, -6.730525916465039e-16]}, 562140], [0.1775249124979596, {"__complex__": [-84878.15625, -3.338997948845821e-15]}, 594890], [0.18252291001219376, {"__complex__": [-84908.6640625, -2.9628439577391056e-15]}, 628668], [0.18752197500191278, {"__complex__": [-84359.171875, 1.051999568017672e-15]}, 663966], [0.19252241149897908, {"__complex__": [-84082.53125, -4.287850609107193e-15]}, 699962], [0.19752275891621854, {"__complex__": [-83748.203125, 1.7782719808939924e-15]}, 736486], [0.202520204709918, {"__complex__": [-83455.671875, 2.331712297201638e-15]}, 773868], [0.2075192312193462, {"__complex__": [-83758.7109375, -3.327885935369029e-15]}, 813326], [0.21252078094835136, {"__complex__": [-83819.734375, 8.871870735144825e-16]}, 852920], [0.217518623332359, {"__complex__": [-83678.0703125, 8.478274641588249e-16]}, 892516], [0.22251541035688588, {"__complex__": [-83494.4765625, -6.354527567662381e-15]}, 934323]]}, "attrs": {"poles": [0], "dk": 0.005, "kmin": 0.0, "kmax": null, "Nmesh": {"__dtype__": "<i8", "__shape__": [3], "__data__": [512, 512, 512]}, "BoxSize": {"__dtype__": "<f8", "__shape__": [3], "__data__": [3432.0, 7192.0, 3020.0]}, "BoxPad": {"__dtype__": "<f8", "__shape__": [3], "__data__": [0.1, 0.1, 0.1]}, "BoxCenter": {"__dtype__": "<f8", "__shape__": [3], "__data__": [-1750.1629678974402, 35.39290098772153, 1912.171961766124]}, "mesh.resampler": "tsc", "mesh.interlaced": true, "alpha": 0.049724000543324855, "data.norm": -1.4816551350231695, "randoms.norm": -1.477881734914061, "shotnoise": 54428.76453412682, "first.data.N": 239045, "first.data.W": 239045.0, "first.data.W2": 205949.4577779851, "first.data.num_per_cell": 0.001534443034067639, "first.randoms.N": 4807437, "first.randoms.W": 4807437.0, "first.randoms.W2": 4143938.155815553, "first.randoms.num_per_cell": 0.03087474521857167, "first.data.ext": 1, "first.randoms.ext": 1, "second.data.N": 239045, "second.data.W": 239045.0, "second.data.W2": -97550.01888042562, "second.data.num_per_cell": -0.0007268042779000522, "second.randoms.N": 4807437, "second.randoms.W": 4807437.0, "second.randoms.W2": -1956847.5447547096, "second.randoms.num_per_cell": -0.014579650348087472, "second.data.ext": 1, "second.randoms.ext": 1}}, "attrs": {"poles": [0], "dk": 0.005, "kmin": 0.0, "kmax": null, "Nmesh": {"__dtype__": "<i8", "__shape__": [3], "__data__": [512, 512, 512]}, "BoxSize": {"__dtype__": "<f8", "__shape__": [3], "__data__": [3432.0, 7192.0, 3020.0]}, "BoxPad": {"__dtype__": "<f8", "__shape__": [3], "__data__": [0.1, 0.1, 0.1]}, "BoxCenter": {"__dtype__": "<f8", "__shape__": [3], "__data__": [-1750.1629678974402, 35.39290098772153, 1912.171961766124]}, "mesh.resampler": "tsc", "mesh.interlaced": true, "alpha": 0.049724000543324855, "data.norm": -1.4816551350231695, "randoms.norm": -1.477881734914061, "shotnoise": 54428.76453412682, "first.data.N": 239045, "first.data.W": 239045.0, "first.data.W2": 205949.4577779851, "first.data.num_per_cell": 0.001534443034067639, "first.randoms.N": 4807437, "first.randoms.W": 4807437.0, "first.randoms.W2": 4143938.155815553, "first.randoms.num_per_cell": 0.03087474521857167, "first.data.ext": 1, "first.randoms.ext": 1, "second.data.N": 239045, "second.data.W": 239045.0, "second.data.W2": -97550.01888042562, "second.data.num_per_cell": -0.0007268042779000522, "second.randoms.N": 4807437, "second.randoms.W": 4807437.0, "second.randoms.W2": -1956847.5447547096, "second.randoms.num_per_cell": -0.014579650348087472, "second.data.ext": 1, "second.randoms.ext": 1, "p": 3.0, "zmin": 0.8, "zmax": 2.2, "P0_FKP": 30000.0, "z-weighted": true, "hashkeys": ["Nmesh", "P0_FKP", "dk", "kmin", "mesh.window", "mesh.interlaced", "poles", "p", "BoxPad", "zmin", "zmax", "z-weighted"]}}