{"poles": {"dims": ["k"], "edges": [{"__dtype__": "<f8", "__shape__": [56], "__data__": [0.0, 0.005, 0.01, 0.015, 0.02, 0.025, 0.03, 0.035, 0.04, 0.045, 0.05, 0.055, 0.06, 0.065, 0.07, 0.075, 0.08, 0.085, 0.09, 0.095, 0.1, 0.105, 0.11, 0.115, 0.12, 0.125, 0.13, 0.135, 0.14, 0.145, 0.15, 0.155, 0.16, 0.165, 0.17, 0.17500000000000002, 0.18, 0.185, 0.19, 0.195, 0.2, 0.20500000000000002, 0.21, 0.215, 0.22, 0.225, 0.23, 0.23500000000000001, 0.24, 0.245, 0.25, 0.255, 0.26, 0.265, 0.27, 0.275]}], "coords": [{"__dtype__": "<f8", "__shape__": [55], "__data__": [0.0025, 0.0075, 0.0125, 0.0175, 0.0225, 0.0275, 0.0325, 0.037500000000000006, 0.042499999999999996, 0.0475, 0.052500000000000005, 0.057499999999999996, 0.0625, 0.0675, 0.07250000000000001, 0.0775, 0.0825, 0.0875, 0.0925, 0.0975, 0.10250000000000001, 0.1075, 0.1125, 0.1175, 0.1225, 0.1275, 0.1325, 0.1375, 0.14250000000000002, 0.1475, 0.1525, 0.1575, 0.1625, 0.1675, 0.17250000000000001, 0.1775, 0.1825, 0.1875, 0.1925, 0.1975, 0.2025, 0.20750000000000002, 0.2125, 0.2175, 0.2225, 0.2275, 0.2325, 0.2375, 0.2425, 0.2475, 0.2525, 0.2575, 0.2625, 0.2675, 0.2725]}], "data": {"__dtype__": [["k", "<f8"], ["power_0", "<c8"], ["modes", "<i8"]], "__shape__": [55], "__data__": [[0.00381582870963149, {"__complex__": [-58568.76171875, 1.1526269305325854e-12]}, 101], [0.008101265444645324, {"__complex__": [-66315.59375, 1.0544866303925648e-13]}, 690], [0.012881094428097399, {"__complex__": [-76204.5703125, 2.680201167341162e-13]}, 1846], [0.01776898906732117, {"__complex__": [-82186.3125, -6.492767749225609e-14]}, 3586], [0.022691540015953332, {"__complex__": [-79078.1640625, 1.983225324415916e-14]}, 5870], [0.027646924733755237, {"__complex__": [-79337.6875, -3.3034996450593407e-14]}, 8810], [0.03262381701015117, {"__complex__": [-74469.359375, -4.2006261208142603e-14]}, 12298], [0.03761603546573974, {"__complex__": [-67539.4609375, -4.032351506194111e-14]}, 16420], [0.042615513382507485, {"__complex__": [-66935.9140625, -1.1749908060138935e-14]}, 21054], [0.04759756059586297, {"__complex__": [-66231.859375, 1.2793136707866908e-14]}, 26162], [0.05257971257242345, {"__complex__": [-65812.1796875, 9.090401635646408e-15]}, 32016], [0.05757077253850946, {"__complex__": [-63649.796875, -6.0582494187564565e-15]}, 38432], [0.06256656704432612, {"__complex__": [-61478.61328125, -8.361238405200228e-15]}, 45468], [0.06756224221830869, {"__complex__": [-60791.18359375, 1.6506256404020744e-14]}, 52896], [0.07255395967994632, {"__complex__": [-60878.578125, -1.1913347302476389e-14]}, 61074], [0.077549843044251, {"__complex__": [-61622.46484375, -5.628964227242031e-15]}, 69800], [0.08254670444516676, {"__complex__": [-60155.8671875, -1.1042303512266271e-14]}, 79070], [0.0875450730828665, {"__complex__": [-58932.00390625, 7.515979144937478e-15]}, 89062], [0.09254706284502398, {"__complex__": [-57049.453125, -4.678508133611507e-15]}, 99532], [0.09754654727165055, {"__complex__": [-55776.75, 8.82684818114118e-15]}, 110456], [0.10254482204994865, {"__complex__": [-56241.2109375, 6.669727162060546e-15]}, 122180], [0.10754221436417905, {"__complex__": [-56992.6171875, 9.491841677811033e-16]}, 134146], [0.11253731368411114, {"__complex__": [-56181.1640625, -1.979313768617143e-16]}, 147040], [0.11753494034207632, {"__complex__": [-55875.4609375, 0.0]}, 160424], [0.12253330115342949, {"__complex__": [-55232.4140625, -3.672576040617036e-15]}, 174342], [0.12753356291363982, {"__complex__": [-54193.40234375, 1.2313869584442663e-15]}, 189080], [0.13253370854762594, {"__complex__": [-54158.4296875, 1.337898863402212e-16]}, 203938], [0.13752961459817578, {"__complex__": [-53810.5703125, 1.7238149621655926e-15]}, 219484], [0.1425281107820362, {"__complex__": [-53734.1875, 8.627666371891082e-16]}, 236132], [0.1475274145760076, {"__complex__": [-53439.45703125, -7.30043636491557e-15]}, 252650], [0.1525290822685407, {"__complex__": [-53223.66015625, -1.3711583002904218e-15]}, 270628], [0.1575299612384668, {"__complex__": [-53098.62109375, 2.87926679331705e-15]}, 288080], [0.16252169358652926, {"__complex__": [-53268.48046875, 1.5690062444068315e-15]}, 306062], [0.16752062292264278, {"__complex__": [-52894.66015625, -3.3409464952014205e-16]}, 326672], [0.1725228620785395, {"__complex__": [-52530.01171875, -1.6849026920852037e-15]}, 345466], [0.1775209487576261, {"__complex__": [-52176.8203125, -7.947957636526376e-17]}, 366180], [0.1825256448391732, {"__complex__": [-52422.66015625, 2.4770366811708742e-15]}, 387732], [0.18752632321603607, {"__complex__": [-52364.08984375, -3.950234711276417e-15]}, 407982], [0.19252140078705848, {"__complex__": [-51999.4921875, 4.0582248475459987e-16]}, 430294], [0.19751872595109427, {"__complex__": [-51716.7109375, -4.656520217091969e-16]}, 453134], [0.20251834237475713, {"__complex__": [-52202.79296875, 1.0382315768556454e-15]}, 476546], [0.2075189401846281, {"__complex__": [-51970.0078125, -2.9375128021767553e-15]}, 500336], [0.21252015430968035, {"__complex__": [-51999.6015625, 2.4944334673580567e-15]}, 525038], [0.21752001193636755, {"__complex__": [-51437.58203125, -4.874268035633816e-15]}, 549324], [0.22251920952356846, {"__complex__": [-51279.75390625, 3.0345781192508883e-16]}, 575444], [0.22751862790843796, {"__complex__": [-51239.7890625, -2.83225159430499e-15]}, 601138], [0.23251697255054365, {"__complex__": [-51096.984375, -2.624419778718412e-15]}, 627950], [0.23751700822531546, {"__complex__": [-51236.9609375, 8.878018076759523e-16]}, 655638], [0.24251727793025477, {"__complex__": [-51362.0234375, 3.408112237451746e-16]}, 683166], [0.24751389003994526, {"__complex__": [-51320.1328125, -4.298638738360779e-16]}, 710900], [0.2525134489582163, {"__complex__": [-51173.58984375, 2.698091316338802e-15]}, 741594], [0.2575160115814785, {"__complex__": [-51426.09765625, -9.0662372679689e-16]}, 770432], [0.2625147120015445, {"__complex__": [-51065.4453125, -3.0003722818627994e-16]}, 800256], [0.2675154267702453, {"__complex__": [-50964.21484375, -1.639426313710288e-16]}, 832146], [0.2725162642594614, {"__complex__": [-51067.54296875, -8.774386772036511e-16]}, 862396]]}, "attrs": {"poles": [0], "dk": 0.005, "kmin": 0.0, "kmax": null, "Nmesh": {"__dtype__": "<i8", "__shape__": [3], "__data__": [512, 512, 512]}, "BoxSize": {"__dtype__": "<f8", "__shape__": [3], "__data__": [2665.0, 5797.0, 2969.0]}, "BoxPad": {"__dtype__": "<f8", "__shape__": [3], "__data__": [0.1, 0.1, 0.1]}, "BoxCenter": {"__dtype__": "<f8", "__shape__": [3], "__data__": [2582.6659631740176, 44.45818371950327, 890.4509743382112]}, "mesh.resampler": "tsc", "mesh.interlaced": true, "alpha": 0.04994744318181818, "data.norm": -0.8238786649864943, "randoms.norm": -0.8282682500546117, "shotnoise": 60398.19965597914, "first.data.N": 140652, "first.data.W": 140652.0, "first.data.W2": 125412.4344235931, "first.data.num_per_cell": 0.0009343954505294048, "first.randoms.N": 2816000, "first.randoms.W": 2816000.0, "first.randoms.W2": 2508954.182162565, "first.randoms.num_per_cell": 0.0186931653481913, "first.data.ext": 1, "first.randoms.ext": 1, "second.data.N": 140652, "second.data.W": 140652.0, "second.data.W2": -58290.597661223495, "second.data.num_per_cell": -0.00043429879591780525, "second.randoms.N": 2816000, "second.randoms.W": 2816000.0, "second.randoms.W2": -1173049.6557325185, "second.randoms.num_per_cell": -0.008739901004228879, "second.data.ext": 1, "second.randoms.ext": 1}}, "attrs": {"poles": [0], "dk": 0.005, "kmin": 0.0, "kmax": null, "Nmesh": {"__dtype__": "<i8", "__shape__": [3], "__data__": [512, 512, 512]}, "BoxSize": {"__dtype__": "<f8", "__shape__": [3], "__data__": [2665.0, 5797.0, 2969.0]}, "BoxPad": {"__dtype__": "<f8", "__shape__": [3], "__data__": [0.1, 0.1, 0.1]}, "BoxCenter": {"__dtype__": "<f8", "__shape__": [3], "__data__": [2582.6659631740176, 44.45818371950327, 890.4509743382112]}, "mesh.resampler": "tsc", "mesh.interlaced": true, "alpha": 0.04994744318181818, "data.norm": -0.8238786649864943, "randoms.norm": -0.8282682500546117,