{"poles": {"dims": ["k"], "edges": [{"__dtype__": "<f8", "__shape__": [56], "__data__": [0.0, 0.005, 0.01, 0.015, 0.02, 0.025, 0.03, 0.035, 0.04, 0.045, 0.05, 0.055, 0.06, 0.065, 0.07, 0.075, 0.08, 0.085, 0.09, 0.095, 0.1, 0.105, 0.11, 0.115, 0.12, 0.125, 0.13, 0.135, 0.14, 0.145, 0.15, 0.155, 0.16, 0.165, 0.17, 0.17500000000000002, 0.18, 0.185, 0.19, 0.195, 0.2, 0.20500000000000002, 0.21, 0.215, 0.22, 0.225, 0.23, 0.23500000000000001, 0.24, 0.245, 0.25, 0.255, 0.26, 0.265, 0.27, 0.275]}], "coords": [{"__dtype__": "<f8", "__shape__": [55], "__data__": [0.0025, 0.0075, 0.0125, 0.0175, 0.0225, 0.0275, 0.0325, 0.037500000000000006, 0.042499999999999996, 0.0475, 0.052500000000000005, 0.057499999999999996, 0.0625, 0.0675, 0.07250000000000001, 0.0775, 0.0825, 0.0875, 0.0925, 0.0975, 0.10250000000000001, 0.1075, 0.1125, 0.1175, 0.1225, 0.1275, 0.1325, 0.1375, 0.14250000000000002, 0.1475, 0.1525, 0.1575, 0.1625, 0.1675, 0.17250000000000001, 0.1775, 0.1825, 0.1875, 0.1925, 0.1975, 0.2025, 0.20750000000000002, 0.2125, 0.2175, 0.2225, 0.2275, 0.2325, 0.2375, 0.2425, 0.2475, 0.2525, 0.2575, 0.2625, 0.2675, 0.2725]}], "data": {"__dtype__": [["k", "<f8"], ["power_0", "<c8"], ["modes", "<i8"]], "__shape__": [55], "__data__": [[0.00381582870963149, {"__complex__": [84096.015625, 1.1526269305325854e-12]}, 101], [0.008101265444645324, {"__complex__": [114014.765625, 1.0544866303925648e-13]}, 690], [0.012881094428097399, {"__complex__": [109394.546875, 2.404298006346284e-13]}, 1846], [0.01776898906732117, {"__complex__": [104239.6484375, 1.623191937306402e-14]}, 3586], [0.022691540015953332, {"__complex__": [104787.5859375, -8.676610455506453e-14]}, 5870], [0.027646924733755237, {"__complex__": [102372.890625, 7.92839847051606e-14]}, 8810], [0.03262381701015117, {"__complex__": [94861.5234375, -4.259789678114079e-14]}, 12298], [0.03761603546573974, {"__complex__": [96211.8671875, -2.018253016696902e-14]}, 16420], [0.042615513382507485, {"__complex__": [93314.8515625, -1.9352788550299968e-14]}, 21054], [0.04759756059586297, {"__complex__": [91692.8828125, -1.0290132325873821e-14]}, 26162], [0.05257971257242345, {"__complex__": [90265.4765625, 1.6362723282976714e-14]}, 32016], [0.05757077253850946, {"__complex__": [89244.0703125, -5.679608962433076e-16]}, 38432], [0.06256656704432612, {"__complex__": [86925.3515625, 1.032152844909675e-14]}, 45468], [0.06756224221830869, {"__complex__": [84822.5390625, 1.2379691455982611e-15]}, 52896], [0.07255395967994632, {"__complex__": [84115.5, -7.967051294404705e-15]}, 61074], [0.077549843044251, {"__complex__": [81716.8984375, 3.179322497409492e-15]}, 69800], [0.08254670444516676, {"__complex__": [81905.34375, -4.232882829511599e-15]}, 79070], [0.0875450730828665, {"__complex__": [81805.5234375, 3.1452736787540006e-15]}, 89062], [0.09254706284502398, {"__complex__": [80350.2578125, -4.0205930265840622e-16]}, 99532], [0.09754654727165055, {"__complex__": [78945.0859375, -7.904640212785113e-15]}, 110456], [0.10254482204994865, {"__complex__": [78946.765625, 1.3101249177595396e-15]}, 122180], [0.10754221436417905, {"__complex__": [76642.0859375, 4.6645621596514385e-15]}, 134146], [0.11253731368411114, {"__complex__": [76654.8515625, 4.9977675569258615e-15]}, 147040], [0.11753494034207632, {"__complex__": [76411.484375, -3.99120018922095e-15]}, 160424], [0.12253330115342949, {"__complex__": [76106.046875, 3.58910856696165e-15]}, 174342], [0.12753356291363982, {"__complex__": [76090.7265625, -3.3718837912647326e-15]}, 189080], [0.13253370854762594, {"__complex__": [75789.015625, 5.173208726730316e-16]}, 203938], [0.13752961459817578, {"__complex__": [75455.765625, -4.243236960258835e-15]}, 219484], [0.1425281107820362, {"__complex__": [75701.2265625, -1.1708975828237582e-15]}, 236132], [0.1475274145760076, {"__complex__": [74053.03125, -7.775612636841932e-16]}, 252650], [0.1525290822685407, {"__complex__": [74052.9609375, 2.634774756498596e-15]}, 270628], [0.1575299612384668, {"__complex__": [74201.0078125, 4.54621058697545e-16]}, 288080], [0.16252169358652926, {"__complex__": [73784.453125, 7.131846950500574e-16]}, 306062], [0.16752062292264278, {"__complex__": [73477.7890625, -3.2964004501701656e-15]}, 326672], [0.1725228620785395, {"__complex__": [72726.2734375, 3.5067039078968314e-15]}, 345466], [0.1775209487576261, {"__complex__": [72631.2421875, -9.14015148052868e-16]}, 366180], [0.1825256448391732, {"__complex__": [72823.1953125, -2.017283741013491e-16]}, 387732], [0.18752632321603607, {"__complex__": [72554.1484375, -2.2292520155282056e-15]}, 407982], [0.19252140078705848, {"__complex__": [72759.8359375, 2.8830305842181747e-15]}, 430294], [0.19751872595109427, {"__complex__": [71906.96875, 5.459368749443933e-16]}, 453134], [0.20251834237475713, {"__complex__": [72072.3515625, 2.9620136536925596e-15]}, 476546], [0.2075189401846281, {"__complex__": [71904.8359375, -2.601225899040221e-15]}, 500336], [0.21252015430968035, {"__complex__": [71777.140625, -3.4644908165954415e-17]}, 525038], [0.21752001193636755, {"__complex__": [71823.125, 2.913964598028816e-16]}, 549324], [0.22251920952356846, {"__complex__": [71934.6328125, -4.867969286879797e-16]}, 575444], [0.22751862790843796, {"__complex__": [71619.1484375, 9.682911134887922e-16]}, 601138], [0.23251697255054365, {"__complex__": [71857.1015625, -1.864033219770543e-15]}, 627950], [0.23751700822531546, {"__complex__": [72015.9921875, -7.809881472305472e-16]}, 655638], [0.24251727793025477, {"__complex__": [71480.6796875, -1.9703148905855132e-15]}, 683166], [0.24751389003994526, {"__complex__": [71508.2578125, -1.1386275333575007e-15]}, 710900], [0.2525134489582163, {"__complex__": [71292.8671875, -2.5509227298851564e-15]}, 741594], [0.2575160115814785, {"__complex__": [71083.0703125, -1.5771475015793662e-15]}, 770432], [0.2625147120015445, {"__complex__": [71130.328125, -2.0184322912201883e-15]}, 800256], [0.2675154267702453, {"__complex__": [70903.7421875, -5.2461640715240233e-17]}, 832146], [0.2725162642594614, {"__complex__": [71077.6796875, -2.5310731480409623e-16]}, 862396]]}, "attrs": {"poles": [0], "dk": 0.005, "kmin": 0.0, "kmax": null, "Nmesh": {"__dtype__": "<i8", "__shape__": [3], "__data__": [512, 512, 512]}, "BoxSize": {"__dtype__": "<f8", "__shape__": [3], "__data__": [2665.0, 5797.0, 2969.0]}, "BoxPad": {"__dtype__": "<f8", "__shape__": [3], "__data__": [0.1, 0.1, 0.1]}, "BoxCenter": {"__dtype__": "<f8", "__shape__": [3], "__data__": [2582.6659631740176, 44.45818371950327, 890.4509743382112]}, "mesh.resampler": "tsc", "mesh.interlaced": true, "alpha": 0.049991832386363635, "data.norm": 1.8358063710631383, "randoms.norm": 1.8380098975773402, "shotnoise": 70084.56633905778, "first.data.N": 140777, "first.data.W": 140777.0, "first.data.W2": 125371.69182398352, "first.data.num_per_cell": 0.0009340918945072854, "first.randoms.N": 2816000, "first.randoms.W": 2816000.0, "first.randoms.W2": 2508954.182162565, "first.randoms.num_per_cell": 0.0186931653481913, "first.data.ext": 1, "first.randoms.ext": 1, "second.data.N": 140777, "second.data.W": 140777.0, "second.data.W2": 132062.22102847695, "second.data.num_per_cell": 0.0009839402215814363, "second.randoms.N": 2816000, "second.randoms.W": 2816000.0, "second.randoms.W2": 2645625.888250053, "second.randoms.num_per_cell": 0.019711448909715212, "second.data.ext": 1, "second.randoms.ext": 1}}, "attrs": {"poles": [0], "dk": 0.005, "kmin": 0.0, "kmax": null, "Nmesh": {"__dtype__": "<i8", "__shape__": [3], "__data__": [512, 512, 512]}, "BoxSize": {"__dtype__": "<f8", "__shape__": [3], "__data__": [2665.0, 5797.0, 2969.0]}, "BoxPad": {"__dtype__": "<f8", "__shape__": [3], "__data__": [0.1, 0.1, 0.1]}, "BoxCenter": {"__dtype__": "<f8", "__shape__": [3], "__data__": [2582.6659631740176, 44.45818371950327, 890.4509743382112]}, "mesh.resampler": "tsc", "mesh.interlaced": true, "alpha": 0.049991832386363635, "data.norm": 1.8358063710631383, "randoms.norm": 1.8380098975773402, "shotnoise": 70084.56633905778, "first.data.N": 140777,