{"poles": {"dims": ["k"], "edges": [{"__dtype__": "<f8", "__shape__": [46], "__data__": [0.0, 0.005, 0.01, 0.015, 0.02, 0.025, 0.03, 0.035, 0.04, 0.045, 0.05, 0.055, 0.06, 0.065, 0.07, 0.075, 0.08, 0.085, 0.09, 0.095, 0.1, 0.105, 0.11, 0.115, 0.12, 0.125, 0.13, 0.135, 0.14, 0.145, 0.15, 0.155, 0.16, 0.165, 0.17, 0.17500000000000002, 0.18, 0.185, 0.19, 0.195, 0.2, 0.20500000000000002, 0.21, 0.215, 0.22, 0.225]}], "coords": [{"__dtype__": "<f8", "__shape__": [45], "__data__": [0.0025, 0.0075, 0.0125, 0.0175, 0.0225, 0.0275, 0.0325, 0.037500000000000006, 0.042499999999999996, 0.0475, 0.052500000000000005, 0.057499999999999996, 0.0625, 0.0675, 0.07250000000000001, 0.0775, 0.0825, 0.0875, 0.0925, 0.0975, 0.10250000000000001, 0.1075, 0.1125, 0.1175, 0.1225, 0.1275, 0.1325, 0.1375, 0.14250000000000002, 0.1475, 0.1525, 0.1575, 0.1625, 0.1675, 0.17250000000000001, 0.1775, 0.1825, 0.1875, 0.1925, 0.1975, 0.2025, 0.20750000000000002, 0.2125, 0.2175, 0.2225]}], "data": {"__dtype__": [["k", "<f8"], ["power_0", "<c8"], ["modes", "<i8"]], "__shape__": [45], "__data__": [[0.0038124604949970986, {"__complex__": [-87133.2109375, 1.2634896384353111e-12]}, 167], [0.008045304719267473, {"__complex__": [-113905.7578125, -4.572690425093395e-13]}, 1082], [0.012809912756659051, {"__complex__": [-130700.2265625, -1.5605271523784492e-13]}, 2984], [0.017715433309244185, {"__complex__": [-133956.765625, 8.020346268632766e-14]}, 5806], [0.022669091647761614, {"__complex__": [-127649.9140625, 8.488617252687403e-14]}, 9600], [0.02765002119246127, {"__complex__": [-126771.109375, -1.9032698865290715e-13]}, 14374], [0.03263290233536856, {"__complex__": [-118997.171875, -4.006985918742455e-14]}, 19974], [0.03761272013936665, {"__complex__": [-118163.9296875, -5.476409464155914e-16]}, 26572], [0.04260175757545894, {"__complex__": [-114159.21875, -2.5516245813852513e-14]}, 34218], [0.047587548630681535, {"__complex__": [-111791.140625, 5.48094733729171e-15]}, 42480], [0.052570104151228036, {"__complex__": [-107830.59375, 1.2853074453280516e-14]}, 52080], [0.05756944955461065, {"__complex__": [-105072.9765625, 5.346892091410982e-15]}, 62596], [0.06257077522949148, {"__complex__": [-102184.625, 1.9710564679308344e-15]}, 73828], [0.06756176768890902, {"__complex__": [-104020.7109375, -6.77195472143172e-15]}, 85954], [0.07255121859525904, {"__complex__": [-101956.8046875, 9.10118605913085e-15]}, 99132], [0.07755262400137602, {"__complex__": [-99082.7421875, -5.114639045405642e-15]}, 113806], [0.08255332089930578, {"__complex__": [-99264.3359375, 3.150501100236333e-14]}, 128406], [0.08755113966916353, {"__complex__": [-96812.9609375, 2.0102662053943872e-16]}, 144776], [0.0925464539210429, {"__complex__": [-95524.234375, -1.8037700284167314e-16]}, 161350], [0.0975407696852722, {"__complex__": [-94119.3125, -1.6859757134227854e-14]}, 179528], [0.10253936843338714, {"__complex__": [-92030.8515625, 7.332786458995343e-16]}, 198450], [0.10753330829635703, {"__complex__": [-92285.171875, -1.0686971496827197e-14]}, 217864], [0.11253145908249744, {"__complex__": [-91000.5, 1.2647177684461941e-14]}, 239326], [0.11753431416740862, {"__complex__": [-90687.6171875, -3.821669932959791e-15]}, 260830], [0.12253334462183928, {"__complex__": [-90363.40625, -1.6437270440906328e-15]}, 283296], [0.12753220666506468, {"__complex__": [-90174.1171875, 1.5161600705858726e-15]}, 307132], [0.13253184583720862, {"__complex__": [-89456.5, 1.1062490001465235e-14]}, 331488], [0.1375304034136141, {"__complex__": [-87803.578125, 2.1194879805088362e-15]}, 357020], [0.1425296880354727, {"__complex__": [-87882.3984375, 5.359342628702673e-15]}, 383528], [0.1475269696696561, {"__complex__": [-87425.5703125, -5.88517687070988e-15]}, 410458], [0.15252572158497293, {"__complex__": [-86633.8359375, -1.9864559768981708e-16]}, 439534], [0.15752614553798203, {"__complex__": [-85943.421875, -1.243163786905535e-16]}, 468222], [0.16252439198132457, {"__complex__": [-86557.90625, 7.00399844441997e-16]}, 498638], [0.1675237007706474, {"__complex__": [-86768.515625, -6.536113643861811e-15]}, 529880], [0.1725250298734758, {"__complex__": [-85226.0625, 4.2712953501531075e-15]}, 562140], [0.1775249124979596, {"__complex__": [-85325.375, 6.800303220110427e-15]}, 594890], [0.18252291001219376, {"__complex__": [-85185.1328125, -2.6706101793980835e-15]}, 628668], [0.18752197500191278, {"__complex__": [-84745.015625, 7.889996495434744e-16]}, 663966], [0.19252241149897908, {"__complex__": [-85028.9140625, 2.0373787241843725e-15]}, 699962], [0.19752275891621854, {"__complex__": [-84074.4375, 6.322744668019913e-16]}, 736486], [0.202520204709918, {"__complex__": [-83686.453125, 4.9642906972680034e-15]}, 773868], [0.2075192312193462, {"__complex__": [-83921.7421875, 2.290158131358763e-15]}, 813326], [0.21252078094835136, {"__complex__": [-83717.171875, 3.4122580402120824e-15]}, 852920], [0.217518623332359, {"__complex__": [-83558.171875, 7.826100035663024e-16]}, 892516], [0.22251541035688588, {"__complex__": [-83260.09375, 5.412250953566137e-16]}, 934323]]}, "attrs": {"poles": [0], "dk": 0.005, "kmin": 0.0, "kmax": null, "Nmesh": {"__dtype__": "<i8", "__shape__": [3], "__data__": [512, 512, 512]}, "BoxSize": {"__dtype__": "<f8", "__shape__": [3], "__data__": [3432.0, 7192.0, 3020.0]}, "BoxPad": {"__dtype__": "<f8", "__shape__": [3], "__data__": [0.1, 0.1, 0.1]}, "BoxCenter": {"__dtype__": "<f8", "__shape__": [3], "__data__": [-1750.1629678974402, 35.39290098772153, 1912.171961766124]}, "mesh.resampler": "tsc", "mesh.interlaced": true, "alpha": 0.049825509933879526, "data.norm": -1.4857773749149612, "randoms.norm": -1.4808987663794255, "shotnoise": 54481.26433924436, "first.data.N": 239533, "first.data.W": 239533.0, "first.data.W2": 206350.10197682003, "first.data.num_per_cell": 0.0015374280659617486, "first.randoms.N": 4807437, "first.randoms.W": 4807437.0, "first.randoms.W2": 4143938.155815553, "first.randoms.num_per_cell": 0.03087474521857167, "first.data.ext": 1, "first.randoms.ext": 1, "second.data.N": 239533, "second.data.W": 239533.0, "second.data.W2": -97822.13830471585, "second.data.num_per_cell": -0.000728831725602715, "second.randoms.N": 4807437, "second.randoms.W": 4807437.0, "second.randoms.W2": -1956847.5447547096, "second.randoms.num_per_cell": -0.014579650348087472, "second.data.ext": 1, "second.randoms.ext": 1}}, "attrs": {"poles": [0], "dk": 0.005, "kmin": 0.0, "kmax": null, "Nmesh": {"__dtype__": "<i8", "__shape__": [3], "__data__": [512, 512, 512]}, "BoxSize": {"__dtype__": "<f8", "__shape__": [3], "__data__": [3432.0, 7192.0, 3020.0]}, "BoxPad": {"__dtype__": "<f8", "__shape__": [3], "__data__": [0.1, 0.1, 0.1]}, "BoxCenter": {"__dtype__": "<f8", "__shape__": [3], "__data__": [-1750.1629678974402, 35.39290098772153, 1912.171961766124]}, "mesh.resampler": "tsc", "mesh.interlaced": true, "alpha": 0.049825509933879526, "data.norm": -1.4857773749149612, "randoms.norm": -1.4808987663794255, "shotnoise": 54481.26433924436, "first.data.N": 239533, "first.data.W": 239533.0, "first.data.W2": 206350.10197682003, "first.data.num_per_cell": 0.0015374280659617486, "first.randoms.N": 4807437, "first.randoms.W": 4807437.0, "first.randoms.W2": 4143938.155815553, "first.randoms.num_per_cell": 0.03087474521857167, "first.data.ext": 1, "first.randoms.ext": 1, "second.data.N": 239533, "second.data.W": 239533.0, "second.data.W2": -97822.13830471585, "second.data.num_per_cell": -0.000728831725602715, "second.randoms.N": 4807437, "second.randoms.W": 4807437.0, "second.randoms.W2": -1956847.5447547096, "second.randoms.num_per_cell": -0.014579650348087472, "second.data.ext": 1, "second.randoms.ext": 1, "p": 3.0, "zmin": 0.8, "zmax": 2.2, "P0_FKP": 30000.0, "z-weighted": true, "hashkeys": ["Nmesh", "P0_FKP", "dk", "kmin", "mesh.window", "mesh.interlaced", "poles", "p", "BoxPad", "zmin", "zmax", "z-weighted"]}}