{"poles": {"dims": ["k"], "edges": [{"__dtype__": "<f8", "__shape__": [56], "__data__": [0.0, 0.005, 0.01, 0.015, 0.02, 0.025, 0.03, 0.035, 0.04, 0.045, 0.05, 0.055, 0.06, 0.065, 0.07, 0.075, 0.08, 0.085, 0.09, 0.095, 0.1, 0.105, 0.11, 0.115, 0.12, 0.125, 0.13, 0.135, 0.14, 0.145, 0.15, 0.155, 0.16, 0.165, 0.17, 0.17500000000000002, 0.18, 0.185, 0.19, 0.195, 0.2, 0.20500000000000002, 0.21, 0.215, 0.22, 0.225, 0.23, 0.23500000000000001, 0.24, 0.245, 0.25, 0.255, 0.26, 0.265, 0.27, 0.275]}], "coords": [{"__dtype__": "<f8", "__shape__": [55], "__data__": [0.0025, 0.0075, 0.0125, 0.0175, 0.0225, 0.0275, 0.0325, 0.037500000000000006, 0.042499999999999996, 0.0475, 0.052500000000000005, 0.057499999999999996, 0.0625, 0.0675, 0.07250000000000001, 0.0775, 0.0825, 0.0875, 0.0925, 0.0975, 0.10250000000000001, 0.1075, 0.1125, 0.1175, 0.1225, 0.1275, 0.1325, 0.1375, 0.14250000000000002, 0.1475, 0.1525, 0.1575, 0.1625, 0.1675, 0.17250000000000001, 0.1775, 0.1825, 0.1875, 0.1925, 0.1975, 0.2025, 0.20750000000000002, 0.2125, 0.2175, 0.2225, 0.2275, 0.2325, 0.2375, 0.2425, 0.2475, 0.2525, 0.2575, 0.2625, 0.2675, 0.2725]}], "data": {"__dtype__": [["k", "<f8"], ["power_0", "<c8"], ["modes", "<i8"]], "__shape__": [55], "__data__": [[0.00381582870963149, {"__complex__": [-63429.203125, 2.8815673263314634e-13]}, 101], [0.008101265444645324, {"__complex__": [-77316.3046875, 5.06153550062366e-13]}, 690], [0.012881094428097399, {"__complex__": [-75553.8359375, -1.1824416466311213e-14]}, 1846], [0.01776898906732117, {"__complex__": [-79878.6796875, 1.6231918695437664e-13]}, 3586], [0.022691540015953332, {"__complex__": [-81045.7890625, -6.941288635455706e-14]}, 5870], [0.027646924733755237, {"__complex__": [-74890.734375, -4.294549199763964e-14]}, 8810], [0.03262381701015117, {"__complex__": [-76154.40625, -3.2835879333484655e-14]}, 12298], [0.03761603546573974, {"__complex__": [-69708.828125, 2.7473164666618963e-14]}, 16420], [0.042615513382507485, {"__complex__": [-68611.09375, 4.8381973069815815e-14]}, 21054], [0.04759756059586297, {"__complex__": [-67885.59375, -3.059228472081883e-15]}, 26162], [0.05257971257242345, {"__complex__": [-66451.3046875, 2.1816964941990917e-14]}, 32016], [0.05757077253850946, {"__complex__": [-66417.1875, 6.0582494187564565e-15]}, 38432], [0.06256656704432612, {"__complex__": [-65446.96484375, -4.000592514056579e-15]}, 45468], [0.06756224221830869, {"__complex__": [-64016.83984375, 1.0729066493206894e-14]}, 52896], [0.07255395967994632, {"__complex__": [-63673.3984375, -2.203969140843849e-15]}, 61074], [0.077549843044251, {"__complex__": [-61455.30859375, 3.314834639959498e-14]}, 69800], [0.08254670444516676, {"__complex__": [-61002.24609375, -5.5211517561331355e-15]}, 79070], [0.0875450730828665, {"__complex__": [-59219.89453125, -1.209092267767057e-14]}, 89062], [0.09254706284502398, {"__complex__": [-56920.56640625, -6.725355627354998e-15]}, 99532], [0.09754654727165055, {"__complex__": [-57653.7109375, -2.898368021552345e-15]}, 110456], [0.10254482204994865, {"__complex__": [-56575.234375, 1.6674317905151365e-15]}, 122180], [0.10754221436417905, {"__complex__": [-56699.73828125, 3.728937612927337e-15]}, 134146], [0.11253731368411114, {"__complex__": [-55568.46875, -6.927598296039119e-15]}, 147040], [0.11753494034207632, {"__complex__": [-55741.40234375, 4.535454433215623e-15]}, 160424], [0.12253330115342949, {"__complex__": [-55309.09375, -1.3354822254641363e-15]}, 174342], [0.12753356291363982, {"__complex__": [-55364.93359375, 1.0774636018736228e-15]}, 189080], [0.13253370854762594, {"__complex__": [-54889.62890625, 3.567730302405899e-16]}, 203938], [0.13752961459817578, {"__complex__": [-54767.1640625, -3.978034385544862e-16]}, 219484], [0.1425281107820362, {"__complex__": [-54712.484375, 5.1457865644585505e-15]}, 236132], [0.1475274145760076, {"__complex__": [-53780.609375, 4.607770294603932e-15]}, 252650], [0.1525290822685407, {"__complex__": [-54348.765625, 4.3554442618145596e-15]}, 270628], [0.1575299612384668, {"__complex__": [-54280.1328125, -3.2833743539908153e-15]}, 288080], [0.16252169358652926, {"__complex__": [-53951.5625, 6.038297134167408e-15]}, 306062], [0.16752062292264278, {"__complex__": [-53803.76953125, -8.0182711649669355e-16]}, 326672], [0.1725228620785395, {"__complex__": [-53585.328125, 4.5492373533333446e-15]}, 345466], [0.1775209487576261, {"__complex__": [-53147.2734375, -2.225428085287826e-15]}, 366180], [0.1825256448391732, {"__complex__": [-53665.76171875, 4.503703297308677e-16]}, 387732], [0.18752632321603607, {"__complex__": [-52746.1328125, 2.068745836528857e-15]}, 407982], [0.19252140078705848, {"__complex__": [-53148.84765625, -6.763708432173726e-16]}, 430294], [0.19751872595109427, {"__complex__": [-52974.828125, 1.2845573605955665e-16]}, 453134], [0.20251834237475713, {"__complex__": [-52827.625, 3.6643468508366645e-16]}, 476546], [0.2075189401846281, {"__complex__": [-52811.07421875, 1.4542142879870096e-17]}, 500336], [0.21252015430968035, {"__complex__": [-52893.54296875, 6.651822791379721e-16]}, 525038], [0.21752001193636755, {"__complex__": [-52367.62890625, -3.721927568255861e-15]}, 549324], [0.22251920952356846, {"__complex__": [-52228.859375, 1.3149839222614639e-15]}, 575444], [0.22751862790843796, {"__complex__": [-51894.16015625, -1.1135348175698024e-15]}, 601138], [0.23251697255054365, {"__complex__": [-52132.52734375, -1.8538948706666196e-15]}, 627950], [0.23751700822531546, {"__complex__": [-52307.51171875, -1.309507642499228e-15]}, 655638], [0.24251727793025477, {"__complex__": [-52092.21484375, -2.67323809911694e-15]}, 683166], [0.24751389003994526, {"__complex__": [-51839.36328125, -2.74294086386297e-15]}, 710900], [0.2525134489582163, {"__complex__": [-52005.59375, -1.4324412399033888e-15]}, 741594], [0.2575160115814785, {"__complex__": [-52038.5625, -1.5204835385068953e-15]}, 770432], [0.2625147120015445, {"__complex__": [-51873.765625, 0.0]}, 800256], [0.2675154267702453, {"__complex__": [-51785.6640625, -5.289882221258676e-16]}, 832146], [0.2725162642594614, {"__complex__": [-51742.5546875, 7.424480951909174e-16]}, 862396]]}, "attrs": {"poles": [0], "dk": 0.005, "kmin": 0.0, "kmax": null, "Nmesh": {"__dtype__": "<i8", "__shape__": [3], "__data__": [512, 512, 512]}, "BoxSize": {"__dtype__": "<f8", "__shape__": [3], "__data__": [2665.0, 5797.0, 2969.0]}, "BoxPad": {"__dtype__": "<f8", "__shape__": [3], "__data__": [0.1, 0.1, 0.1]}, "BoxCenter": {"__dtype__": "<f8", "__shape__": [3], "__data__": [2582.6659631740176, 44.45818371950327, 890.4509743382112]}, "mesh.resampler": "tsc", "mesh.interlaced": true, "alpha": 0.050168323863636365, "data.norm": -0.835385890812913, "randoms.norm": -0.8319310692931152, "shotnoise": 60994.46453582931, "first.data.N": 141274, "first.data.W": 141274.0, "first.data.W2": 125807.04750167934, "first.data.num_per_cell": 0.0009373355470722864, "first.randoms.N": 2816000, "first.randoms.W": 2816000.0, "first.randoms.W2": 2508954.182162565, "first.randoms.num_per_cell": 0.0186931653481913, "first.data.ext": 1, "first.randoms.ext": 1, "second.data.N": 141274, "second.data.W": 141274.0, "second.data.W2": -59124.897992566264, "second.data.num_per_cell": -0.0004405148177785148, "second.randoms.N": 2816000, "second.randoms.W": 2816000.0, "second.randoms.W2": -1173049.6557325185, "second.randoms.num_per_cell": -0.008739901004228879, "second.data.ext": 1, "second.randoms.ext": 1}}, "attrs": {"poles": [0], "dk": 0.005, "kmin": 0.0, "kmax": null, "Nmesh": {"__dtype__": "<i8", "__shape__": [3], "__data__": [512, 512, 512]}, "BoxSize": {"__dtype__": "<f8", "__shape__": [3], "__data__": [2665.0, 5797.0, 2969.0]}, "BoxPad": {"__dtype__": "<f8", "__shape__": [3], "__data__": [0.1, 0.1, 0.1]}, "BoxCenter": {"__dtype__": "<f8", "__shape__": [3], "__data__": [2582.6659631740176, 44.45818371950327, 890.4509743382112]}, "mesh.resampler": "tsc", "mesh.interlaced": true, "alpha": 0.050168323863636365, "data.norm": -0.835385890812913, "randoms.norm": -0.8319310692931152,