{"poles": {"dims": ["k"], "edges": [{"__dtype__": "<f8", "__shape__": [46], "__data__": [0.0, 0.005, 0.01, 0.015, 0.02, 0.025, 0.03, 0.035, 0.04, 0.045, 0.05, 0.055, 0.06, 0.065, 0.07, 0.075, 0.08, 0.085, 0.09, 0.095, 0.1, 0.105, 0.11, 0.115, 0.12, 0.125, 0.13, 0.135, 0.14, 0.145, 0.15, 0.155, 0.16, 0.165, 0.17, 0.17500000000000002, 0.18, 0.185, 0.19, 0.195, 0.2, 0.20500000000000002, 0.21, 0.215, 0.22, 0.225]}], "coords": [{"__dtype__": "<f8", "__shape__": [45], "__data__": [0.0025, 0.0075, 0.0125, 0.0175, 0.0225, 0.0275, 0.0325, 0.037500000000000006, 0.042499999999999996, 0.0475, 0.052500000000000005, 0.057499999999999996, 0.0625, 0.0675, 0.07250000000000001, 0.0775, 0.0825, 0.0875, 0.0925, 0.0975, 0.10250000000000001, 0.1075, 0.1125, 0.1175, 0.1225, 0.1275, 0.1325, 0.1375, 0.14250000000000002, 0.1475, 0.1525, 0.1575, 0.1625, 0.1675, 0.17250000000000001, 0.1775, 0.1825, 0.1875, 0.1925, 0.1975, 0.2025, 0.20750000000000002, 0.2125, 0.2175, 0.2225]}], "data": {"__dtype__": [["k", "<f8"], ["power_0", "<c8"], ["modes", "<i8"]], "__shape__": [45], "__data__": [[0.0038124604949970986, {"__complex__": [97676.4140625, -8.278035375230974e-13]}, 167], [0.008045304719267473, {"__complex__": [111980.4921875, 1.3449090203055541e-13]}, 1082], [0.012809912756659051, {"__complex__": [95394.7734375, 1.219161795444016e-14]}, 2984], [0.017715433309244185, {"__complex__": [113482.75, 7.268438509486913e-14]}, 5806], [0.022669091647761614, {"__complex__": [106253.0625, -6.669627550985949e-14]}, 9600], [0.02765002119246127, {"__complex__": [105171.28125, -2.2272306137512306e-14]}, 14374], [0.03263290233536856, {"__complex__": [99314.859375, -2.6227543425375206e-14]}, 19974], [0.03761272013936665, {"__complex__": [93003.3515625, -4.381127571324731e-15]}, 26572], [0.04260175757545894, {"__complex__": [89282.2578125, 3.933754838254637e-15]}, 34218], [0.047587548630681535, {"__complex__": [90779.046875, -1.0362416423526609e-14]}, 42480], [0.052570104151228036, {"__complex__": [88214.2109375, -9.77951291318167e-15]}, 52080], [0.05756944955461065, {"__complex__": [85884.8828125, -1.580820299966132e-14]}, 62596], [0.06257077522949148, {"__complex__": [83536.6484375, 1.3797395063757604e-14]}, 73828], [0.06756176768890902, {"__complex__": [82911.7109375, -1.1850920974263747e-14]}, 85954], [0.07255121859525904, {"__complex__": [81610.3359375, -7.046079147118682e-15]}, 99132], [0.07755262400137602, {"__complex__": [80292.7890625, 7.41622661583818e-15]}, 113806], [0.08255332089930578, {"__complex__": [78625.2734375, 1.090775995189145e-14]}, 128406], [0.08755113966916353, {"__complex__": [77557.078125, -1.2564164114587165e-16]}, 144776], [0.0925464539210429, {"__complex__": [76346.453125, 7.034703494637057e-15]}, 161350], [0.0975407696852722, {"__complex__": [75492.96875, -5.1065608921876775e-15]}, 179528], [0.10253936843338714, {"__complex__": [73900.3671875, -1.7598688136863535e-15]}, 198450], [0.10753330829635703, {"__complex__": [74391.90625, 5.677453792977906e-16]}, 217864], [0.11253145908249744, {"__complex__": [73810.4609375, 3.4658129688516564e-15]}, 239326], [0.11753431416740862, {"__complex__": [74031.75, -4.46326435621998e-16]}, 260830], [0.12253334462183928, {"__complex__": [73203.9140625, -1.6437270440906328e-15]}, 283296], [0.12753220666506468, {"__complex__": [72497.3046875, 5.211800606598406e-16]}, 307132], [0.13253184583720862, {"__complex__": [72466.8984375, 8.340766254139802e-16]}, 331488], [0.1375304034136141, {"__complex__": [71886.734375, -1.691514419513234e-15]}, 357020], [0.1425296880354727, {"__complex__": [71322.5703125, 9.86498510206497e-16]}, 383528], [0.1475269696696561, {"__complex__": [70752.921875, 3.4389285666222786e-15]}, 410458], [0.15252572158497293, {"__complex__": [70411.2265625, -1.1422121767902809e-15]}, 439534], [0.15752614553798203, {"__complex__": [70704.609375, 1.5539547336319186e-17]}, 468222], [0.16252439198132457, {"__complex__": [70364.109375, -2.7140492053068363e-15]}, 498638], [0.1675237007706474, {"__complex__": [70580.359375, 3.460295396233242e-15]}, 529880], [0.1725250298734758, {"__complex__": [69979.1640625, -2.986670994545369e-15]}, 562140], [0.1775249124979596, {"__complex__": [69315.328125, -2.201537097494045e-15]}, 594890], [0.18252291001219376, {"__complex__": [69658.5625, -2.6619299975128583e-15]}, 628668], [0.18752197500191278, {"__complex__": [69240.765625, 4.16416484644587e-16]}, 663966], [0.19252241149897908, {"__complex__": [69313.0, 2.5363285639622016e-15]}, 699962], [0.19752275891621854, {"__complex__": [68507.875, 2.9242694420464344e-15]}, 736486], [0.202520204709918, {"__complex__": [68749.5078125, -4.889074171551822e-16]}, 773868], [0.2075192312193462, {"__complex__": [68267.3046875, 3.2205349383977093e-16]}, 813326], [0.21252078094835136, {"__complex__": [68743.21875, -1.4502096617961791e-15]}, 852920], [0.217518623332359, {"__complex__": [68809.1171875, -2.592395580565095e-15]}, 892516], [0.22251541035688588, {"__complex__": [68313.578125, 6.541425810990516e-16]}, 934323]]}, "attrs": {"poles": [0], "dk": 0.005, "kmin": 0.0, "kmax": null, "Nmesh": {"__dtype__": "<i8", "__shape__": [3], "__data__": [512, 512, 512]}, "BoxSize": {"__dtype__": "<f8", "__shape__": [3], "__data__": [3432.0, 7192.0, 3020.0]}, "BoxPad": {"__dtype__": "<f8", "__shape__": [3], "__data__": [0.1, 0.1, 0.1]}, "BoxCenter": {"__dtype__": "<f8", "__shape__": [3], "__data__": [-1750.1629678974402, 35.39290098772153, 1912.171961766124]}, "mesh.resampler": "tsc", "mesh.interlaced": true, "alpha": 0.04980117264147195, "data.norm": 1.7909161962294564, "randoms.norm": 1.7916493520552583, "shotnoise": 66839.28995159206, "first.data.N": 239416, "first.data.W": 239416.0, "first.data.W2": 206329.24740118204, "first.data.num_per_cell": 0.0015372726872651431, "first.randoms.N": 4807437, "first.randoms.W": 4807437.0, "first.randoms.W2": 4143938.155815553, "first.randoms.num_per_cell": 0.03087474521857167, "first.data.ext": 1, "first.randoms.ext": 1, "second.data.N": 239416, "second.data.W": 239416.0, "second.data.W2": 122454.95760619032, "second.data.num_per_cell": 0.0009123605311378115, "second.randoms.N": 4807437, "second.randoms.W": 4807437.0, "second.randoms.W2": 2461211.5208428167, "second.randoms.num_per_cell": 0.018337454802116876, "second.data.ext": 1, "second.randoms.ext": 1}}, "attrs": {"poles": [0], "dk": 0.005, "kmin": 0.0, "kmax": null, "Nmesh": {"__dtype__": "<i8", "__shape__": [3], "__data__": [512, 512, 512]}, "BoxSize": {"__dtype__": "<f8", "__shape__": [3], "__data__": [3432.0, 7192.0, 3020.0]}, "BoxPad": {"__dtype__": "<f8", "__shape__": [3], "__data__": [0.1, 0.1, 0.1]}, "BoxCenter": {"__dtype__": "<f8", "__shape__": [3], "__data__": [-1750.1629678974402, 35.39290098772153, 1912.171961766124]}, "mesh.resampler": "tsc", "mesh.interlaced": true, "alpha": 0.04980117264147195, "data.norm": 1.7909161962294564, "randoms.norm": 1.7916493520552583, "shotnoise": 66839.28995159206, "first.data.N": 239416, "first.data.W": 239416.0, "first.data.W2": 206329.24740118204, "first.data.num_per_cell": 0.0015372726872651431, "first.randoms.N": 4807437, "first.randoms.W": 4807437.0, "first.randoms.W2": 4143938.155815553, "first.randoms.num_per_cell": 0.03087474521857167, "first.data.ext": 1, "first.randoms.ext": 1, "second.data.N": 239416, "second.data.W": 239416.0, "second.data.W2": 122454.95760619032, "second.data.num_per_cell": 0.0009123605311378115, "second.randoms.N": 4807437, "second.randoms.W": 4807437.0, "second.randoms.W2": 2461211.5208428167, "second.randoms.num_per_cell": 0.018337454802116876, "second.data.ext": 1, "second.randoms.ext": 1, "p": 1.6, "zmin": 0.8, "zmax": 2.2, "P0_FKP": 30000.0, "z-weighted": true, "hashkeys": ["Nmesh", "P0_FKP", "dk", "kmin", "mesh.window", "mesh.interlaced", "poles", "p", "BoxPad", "zmin", "zmax", "z-weighted"]}}