{"poles": {"dims": ["k"], "edges": [{"__dtype__": "<f8", "__shape__": [46], "__data__": [0.0, 0.005, 0.01, 0.015, 0.02, 0.025, 0.03, 0.035, 0.04, 0.045, 0.05, 0.055, 0.06, 0.065, 0.07, 0.075, 0.08, 0.085, 0.09, 0.095, 0.1, 0.105, 0.11, 0.115, 0.12, 0.125, 0.13, 0.135, 0.14, 0.145, 0.15, 0.155, 0.16, 0.165, 0.17, 0.17500000000000002, 0.18, 0.185, 0.19, 0.195, 0.2, 0.20500000000000002, 0.21, 0.215, 0.22, 0.225]}], "coords": [{"__dtype__": "<f8", "__shape__": [45], "__data__": [0.0025, 0.0075, 0.0125, 0.0175, 0.0225, 0.0275, 0.0325, 0.037500000000000006, 0.042499999999999996, 0.0475, 0.052500000000000005, 0.057499999999999996, 0.0625, 0.0675, 0.07250000000000001, 0.0775, 0.0825, 0.0875, 0.0925, 0.0975, 0.10250000000000001, 0.1075, 0.1125, 0.1175, 0.1225, 0.1275, 0.1325, 0.1375, 0.14250000000000002, 0.1475, 0.1525, 0.1575, 0.1625, 0.1675, 0.17250000000000001, 0.1775, 0.1825, 0.1875, 0.1925, 0.1975, 0.2025, 0.20750000000000002, 0.2125, 0.2175, 0.2225]}], "data": {"__dtype__": [["k", "<f8"], ["power_0", "<c8"], ["modes", "<i8"]], "__shape__": [45], "__data__": [[0.0038124604949970986, {"__complex__": [123282.6171875, -5.228233210946565e-13]}, 167], [0.008045304719267473, {"__complex__": [105921.390625, -1.3449090203055541e-13]}, 1082], [0.012809912756659051, {"__complex__": [107855.1328125, 9.753294702365307e-15]}, 2984], [0.017715433309244185, {"__complex__": [108626.0390625, -5.0127162484888896e-14]}, 5806], [0.022669091647761614, {"__complex__": [106306.0625, -6.972792840082703e-14]}, 9600], [0.02765002119246127, {"__complex__": [100153.6484375, 4.04951036082641e-15]}, 14374], [0.03263290233536856, {"__complex__": [92444.671875, 1.3113771712687603e-14]}, 19974], [0.03761272013936665, {"__complex__": [92286.578125, -7.393152591322026e-15]}, 26572], [0.04260175757545894, {"__complex__": [89235.2421875, -2.5516247084401934e-15]}, 34218], [0.047587548630681535, {"__complex__": [85776.8515625, -3.4598480357821496e-14]}, 42480], [0.052570104151228036, {"__complex__": [84263.6484375, -2.5147319766642955e-15]}, 52080], [0.05756944955461065, {"__complex__": [84417.3203125, 7.43915410365446e-15]}, 62596], [0.06257077522949148, {"__complex__": [83599.6171875, -6.750868259726298e-15]}, 73828], [0.06756176768890902, {"__complex__": [82142.1875, 1.743778427589545e-14]}, 85954], [0.07255121859525904, {"__complex__": [80689.1953125, -2.3486931902117186e-15]}, 99132], [0.07755262400137602, {"__complex__": [80347.9453125, -1.1124339500240797e-14]}, 113806], [0.08255332089930578, {"__complex__": [78845.8828125, -2.8331843893381536e-15]}, 128406], [0.08755113966916353, {"__complex__": [76864.2265625, 8.644144868484322e-15]}, 144776], [0.0925464539210429, {"__complex__": [75937.5859375, 2.43508970379871e-15]}, 161350], [0.0975407696852722, {"__complex__": [74894.4375, 2.918034856038169e-15]}, 179528], [0.10253936843338714, {"__complex__": [74552.8671875, -1.4665572917990687e-15]}, 198450], [0.10753330829635703, {"__complex__": [75256.7890625, 3.1392980730693583e-15]}, 217864], [0.11253145908249744, {"__complex__": [73401.7265625, 2.4321494936201127e-16]}, 239326], [0.11753431416740862, {"__complex__": [72893.9140625, 3.012703281629809e-15]}, 260830], [0.12253334462183928, {"__complex__": [72237.6484375, -2.0546588315830706e-15]}, 283296], [0.12753220666506468, {"__complex__": [72436.640625, 7.817700645199814e-16]}, 307132], [0.13253184583720862, {"__complex__": [71565.859375, 6.255574425907055e-16]}, 331488], [0.1375304034136141, {"__complex__": [71242.6328125, 2.5270817170352632e-15]}, 357020], [0.1425296880354727, {"__complex__": [70668.7265625, 1.5176899444375118e-16]}, 383528], [0.1475269696696561, {"__complex__": [70942.6171875, -5.654733087079875e-15]}, 410458], [0.15252572158497293, {"__complex__": [70141.71875, -1.0925507409718796e-15]}, 439534], [0.15752614553798203, {"__complex__": [69860.8515625, -9.129484159349196e-16]}, 468222], [0.16252439198132457, {"__complex__": [69828.2734375, -2.6264993504830397e-16]}, 498638], [0.1675237007706474, {"__complex__": [69909.671875, -6.179098997473017e-16]}, 529880], [0.1725250298734758, {"__complex__": [69956.7578125, 1.6049715809846044e-15]}, 562140], [0.1775249124979596, {"__complex__": [69180.21875, -3.424613233357648e-16]}, 594890], [0.18252291001219376, {"__complex__": [69625.375, 4.976652084341996e-16]}, 628668], [0.18752197500191278, {"__complex__": [69078.4296875, -2.301249021951433e-16]}, 663966], [0.19252241149897908, {"__complex__": [69104.1328125, 2.234879702429763e-15]}, 699962], [0.19752275891621854, {"__complex__": [68754.7578125, 1.0274459887009012e-15]}, 736486], [0.202520204709918, {"__complex__": [68904.9296875, -9.21402440023228e-16]}, 773868], [0.2075192312193462, {"__complex__": [68653.5078125, -5.3675581203721005e-17]}, 813326], [0.21252078094835136, {"__complex__": [68870.8203125, 5.5449192094655155e-17]}, 852920], [0.217518623332359, {"__complex__": [68659.625, 2.0461990900223683e-15]}, 892516], [0.22251541035688588, {"__complex__": [68642.8671875, 1.1836865097778772e-15]}, 934323]]}, "attrs": {"poles": [0], "dk": 0.005, "kmin": 0.0, "kmax": null, "Nmesh": {"__dtype__": "<i8", "__shape__": [3], "__data__": [512, 512, 512]}, "BoxSize": {"__dtype__": "<f8", "__shape__": [3], "__data__": [3432.0, 7192.0, 3020.0]}, "BoxPad": {"__dtype__": "<f8", "__shape__": [3], "__data__": [0.1, 0.1, 0.1]}, "BoxCenter": {"__dtype__": "<f8", "__shape__": [3], "__data__": [-1750.1629678974402, 35.39290098772153, 1912.171961766124]}, "mesh.resampler": "tsc", "mesh.interlaced": true, "alpha": 0.04985234335884173, "data.norm": 1.789395205811493, "randoms.norm": 1.7934902722135, "shotnoise": 66734.64346236814, "first.data.N": 239662, "first.data.W": 239662.0, "first.data.W2": 206498.44066365325, "first.data.num_per_cell": 0.0015385332753036413, "first.randoms.N": 4807437, "first.randoms.W": 4807437.0, "first.randoms.W2": 4143938.155815553, "first.randoms.num_per_cell": 0.03087474521857167, "first.data.ext": 1, "first.randoms.ext": 1, "second.data.N": 239662, "second.data.W": 239662.0, "second.data.W2": 122368.73855067464, "second.data.num_per_cell": 0.0009117181491157013, "second.randoms.N": 4807437, "second.randoms.W": 4807437.0, "second.randoms.W2": 2461211.5208428167, "second.randoms.num_per_cell": 0.018337454802116876, "second.data.ext": 1, "second.randoms.ext": 1}}, "attrs": {"poles": [0], "dk": 0.005, "kmin": 0.0, "kmax": null, "Nmesh": {"__dtype__": "<i8", "__shape__": [3], "__data__": [512, 512, 512]}, "BoxSize": {"__dtype__": "<f8", "__shape__": [3], "__data__": [3432.0, 7192.0, 3020.0]}, "BoxPad": {"__dtype__": "<f8", "__shape__": [3], "__data__": [0.1, 0.1, 0.1]}, "BoxCenter": {"__dtype__": "<f8", "__shape__": [3], "__data__": [-1750.1629678974402, 35.39290098772153, 1912.171961766124]}, "mesh.resampler": "tsc", "mesh.interlaced": true, "alpha": 0.04985234335884173, "data.norm": 1.789395205811493, "randoms.norm": 1.7934902722135, "shotnoise": 66734.64346236814, "first.data.N": 239662, "first.data.W": 239662.0, "first.data.W2": 206498.44066365325, "first.data.num_per_cell": 0.0015385332753036413, "first.randoms.N": 4807437, "first.randoms.W": 4807437.0, "first.randoms.W2": 4143938.155815553, "first.randoms.num_per_cell": 0.03087474521857167, "first.data.ext": 1, "first.randoms.ext": 1, "second.data.N": 239662, "second.data.W": 239662.0, "second.data.W2": 122368.73855067464, "second.data.num_per_cell": 0.0009117181491157013, "second.randoms.N": 4807437, "second.randoms.W": 4807437.0, "second.randoms.W2": 2461211.5208428167, "second.randoms.num_per_cell": 0.018337454802116876, "second.data.ext": 1, "second.randoms.ext": 1, "p": 1.6, "zmin": 0.8, "zmax": 2.2, "P0_FKP": 30000.0, "z-weighted": true, "hashkeys": ["Nmesh", "P0_FKP", "dk", "kmin", "mesh.window", "mesh.interlaced", "poles", "p", "BoxPad", "zmin", "zmax", "z-weighted"]}}