{"poles": {"dims": ["k"], "edges": [{"__dtype__": "<f8", "__shape__": [56], "__data__": [0.0, 0.005, 0.01, 0.015, 0.02, 0.025, 0.03, 0.035, 0.04, 0.045, 0.05, 0.055, 0.06, 0.065, 0.07, 0.075, 0.08, 0.085, 0.09, 0.095, 0.1, 0.105, 0.11, 0.115, 0.12, 0.125, 0.13, 0.135, 0.14, 0.145, 0.15, 0.155, 0.16, 0.165, 0.17, 0.17500000000000002, 0.18, 0.185, 0.19, 0.195, 0.2, 0.20500000000000002, 0.21, 0.215, 0.22, 0.225, 0.23, 0.23500000000000001, 0.24, 0.245, 0.25, 0.255, 0.26, 0.265, 0.27, 0.275]}], "coords": [{"__dtype__": "<f8", "__shape__": [55], "__data__": [0.0025, 0.0075, 0.0125, 0.0175, 0.0225, 0.0275, 0.0325, 0.037500000000000006, 0.042499999999999996, 0.0475, 0.052500000000000005, 0.057499999999999996, 0.0625, 0.0675, 0.07250000000000001, 0.0775, 0.0825, 0.0875, 0.0925, 0.0975, 0.10250000000000001, 0.1075, 0.1125, 0.1175, 0.1225, 0.1275, 0.1325, 0.1375, 0.14250000000000002, 0.1475, 0.1525, 0.1575, 0.1625, 0.1675, 0.17250000000000001, 0.1775, 0.1825, 0.1875, 0.1925, 0.1975, 0.2025, 0.20750000000000002, 0.2125, 0.2175, 0.2225, 0.2275, 0.2325, 0.2375, 0.2425, 0.2475, 0.2525, 0.2575, 0.2625, 0.2675, 0.2725]}], "data": {"__dtype__": [["k", "<f8"], ["power_0", "<c8"], ["modes", "<i8"]], "__shape__": [55], "__data__": [[0.00381582870963149, {"__complex__": [96202.0390625, -2.8815673263314634e-13]}, 101], [0.008101265444645324, {"__complex__": [117491.15625, 0.0]}, 690], [0.012881094428097399, {"__complex__": [109623.0390625, -8.671238911368145e-14]}, 1846], [0.01776898906732117, {"__complex__": [109488.4921875, 2.4347879059596032e-14]}, 3586], [0.022691540015953332, {"__complex__": [106272.3515625, 1.2395157430566527e-14]}, 5870], [0.027646924733755237, {"__complex__": [103571.4453125, 1.4865748402767033e-14]}, 8810], [0.03262381701015117, {"__complex__": [103318.2265625, 3.3131697119983747e-14]}, 12298], [0.03761603546573974, {"__complex__": [99973.8515625, -2.7030049544658243e-14]}, 16420], [0.042615513382507485, {"__complex__": [95379.40625, 1.589693478308389e-14]}, 21054], [0.04759756059586297, {"__complex__": [93450.96875, 8.343349916387164e-15]}, 26162], [0.05257971257242345, {"__complex__": [90289.328125, 1.783991316760443e-14]}, 32016], [0.05757077253850946, {"__complex__": [87482.8515625, -1.0033976010096965e-14]}, 38432], [0.06256656704432612, {"__complex__": [84777.171875, 4.320640101528354e-15]}, 45468], [0.06756224221830869, {"__complex__": [86175.3515625, -1.3755213670017287e-15]}, 52896], [0.07255395967994632, {"__complex__": [84822.390625, 3.633571020428923e-15]}, 61074], [0.077549843044251, {"__complex__": [82280.453125, -6.723485378607461e-15]}, 69800], [0.08254670444516676, {"__complex__": [82282.421875, 8.281727422441466e-15]}, 79070], [0.0875450730828665, {"__complex__": [82313.0078125, 8.16954214374237e-15]}, 89062], [0.09254706284502398, {"__complex__": [78526.1484375, -4.203347214157315e-15]}, 99532], [0.09754654727165055, {"__complex__": [78474.96875, 7.904640106905995e-16]}, 110456], [0.10254482204994865, {"__complex__": [77526.6796875, -4.6449884987898125e-15]}, 122180], [0.10754221436417905, {"__complex__": [77372.5703125, 1.9797269089371662e-15]}, 134146], [0.11253731368411114, {"__complex__": [76788.140625, 4.453456244086368e-16]}, 147040], [0.11753494034207632, {"__complex__": [75898.296875, 6.372313565488827e-15]}, 160424], [0.12253330115342949, {"__complex__": [76355.984375, 3.922978885099668e-15]}, 174342], [0.12753356291363982, {"__complex__": [75726.578125, 6.926551575074549e-16]}, 189080], [0.13253370854762594, {"__complex__": [74603.53125, 5.70836837797032e-16]}, 203938], [0.13752961459817578, {"__complex__": [74345.5625, 3.978034385544862e-16]}, 219484], [0.1425281107820362, {"__complex__": [75084.8046875, -1.2325237295990408e-16]}, 236132], [0.1475274145760076, {"__complex__": [74885.9453125, -2.7358637447699827e-16]}, 252650], [0.1525290822685407, {"__complex__": [73832.4375, 1.4249292223315457e-15]}, 270628], [0.1575299612384668, {"__complex__": [73251.2578125, -5.657506696465659e-15]}, 288080], [0.16252169358652926, {"__complex__": [73877.6796875, -2.5912376865261984e-15]}, 306062], [0.16752062292264278, {"__complex__": [74000.2890625, 1.7372921033893558e-15]}, 326672], [0.1725228620785395, {"__complex__": [73318.59375, -3.685724638936383e-16]}, 345466], [0.1775209487576261, {"__complex__": [73069.4296875, 3.8249546208501246e-16]}, 366180], [0.1825256448391732, {"__complex__": [72497.734375, -6.333332579860592e-16]}, 387732], [0.18752632321603607, {"__complex__": [73210.875, 2.1579159595016325e-15]}, 407982], [0.19252140078705848, {"__complex__": [72424.1640625, 1.5894714074454427e-15]}, 430294], [0.19751872595109427, {"__complex__": [72296.25, 1.565554267509415e-15]}, 453134], [0.20251834237475713, {"__complex__": [72064.6953125, -2.5192384037019252e-15]}, 476546], [0.2075189401846281, {"__complex__": [72298.203125, 2.2976586081066997e-15]}, 500336], [0.21252015430968035, {"__complex__": [71517.265625, -4.988866828836995e-16]}, 525038], [0.21752001193636755, {"__complex__": [71723.7421875, -2.185473382347163e-16]}, 549324], [0.22251920952356846, {"__complex__": [71986.6640625, 2.1558148942759682e-15]}, 575444], [0.22751862790843796, {"__complex__": [71701.59375, -7.988402136268789e-16]}, 601138], [0.23251697255054365, {"__complex__": [71370.484375, 2.1667395017131805e-15]}, 627950], [0.23751700822531546, {"__complex__": [71082.7890625, -1.3982878126789114e-15]}, 655638], [0.24251727793025477, {"__complex__": [71648.6484375, 1.6614547025228365e-15]}, 683166], [0.24751389003994526, {"__complex__": [71500.859375, 1.2077127052058639e-15]}, 710900], [0.2525134489582163, {"__complex__": [71472.7265625, 1.4030074802610123e-15]}, 741594], [0.2575160115814785, {"__complex__": [71264.09375, 7.177437969490945e-16]}, 770432], [0.2625147120015445, {"__complex__": [71159.4453125, -1.7456711650618321e-15]}, 800256], [0.2675154267702453, {"__complex__": [70947.640625, 2.3826330063148103e-16]}, 832146], [0.2725162642594614, {"__complex__": [71476.4140625, -6.41205158681367e-16]}, 862396]]}, "attrs": {"poles": [0], "dk": 0.005, "kmin": 0.0, "kmax": null, "Nmesh": {"__dtype__": "<i8", "__shape__": [3], "__data__": [512, 512, 512]}, "BoxSize": {"__dtype__": "<f8", "__shape__": [3], "__data__": [2665.0, 5797.0, 2969.0]}, "BoxPad": {"__dtype__": "<f8", "__shape__": [3], "__data__": [0.1, 0.1, 0.1]}, "BoxCenter": {"__dtype__": "<f8", "__shape__": [3], "__data__": [2582.6659631740176, 44.45818371950327, 890.4509743382112]}, "mesh.resampler": "tsc", "mesh.interlaced": true, "alpha": 0.049992542613636365, "data.norm": 1.8360298165623585, "randoms.norm": 1.8380360099379898, "shotnoise": 70148.63210556589, "first.data.N": 140779, "first.data.W": 140779.0, "first.data.W2": 125404.50638602584, "first.data.num_per_cell": 0.0009343363820465344, "first.randoms.N": 2816000, "first.randoms.W": 2816000.0, "first.randoms.W2": 2508954.182162565, "first.randoms.num_per_cell": 0.0186931653481913, "first.data.ext": 1, "first.randoms.ext": 1, "second.data.N": 140779, "second.data.W": 140779.0, "second.data.W2": 132139.90594398975, "second.data.num_per_cell": 0.0009845190193056297, "second.randoms.N": 2816000, "second.randoms.W": 2816000.0, "second.randoms.W2": 2645625.888250053, "second.randoms.num_per_cell": 0.019711448909715212, "second.data.ext": 1, "second.randoms.ext": 1}}, "attrs": {"poles": [0], "dk": 0.005, "kmin": 0.0, "kmax": null, "Nmesh": {"__dtype__": "<i8", "__shape__": [3], "__data__": [512, 512, 512]}, "BoxSize": {"__dtype__": "<f8", "__shape__": [3], "__data__": [2665.0, 5797.0, 2969.0]}, "BoxPad": {"__dtype__": "<f8", "__shape__": [3], "__data__": [0.1, 0.1, 0.1]}, "BoxCenter": {"__dtype__": "<f8", "__shape__": [3], "__data__": [2582.6659631740176, 44.45818371950327, 890.4509743382112]}, "mesh.resampler": "tsc", "mesh.interlaced": true, "alpha": 0.049992542613636365, "data.norm": 1.8360298165623585, "randoms.norm": 1.8380360099379898, "shotnoise": 70148.63210556589, "first.data.N": 140779, "first.data.W": 140779.0,