{"poles": {"dims": ["k"], "edges": [{"__dtype__": "<f8", "__shape__": [56], "__data__": [0.0, 0.005, 0.01, 0.015, 0.02, 0.025, 0.03, 0.035, 0.04, 0.045, 0.05, 0.055, 0.06, 0.065, 0.07, 0.075, 0.08, 0.085, 0.09, 0.095, 0.1, 0.105, 0.11, 0.115, 0.12, 0.125, 0.13, 0.135, 0.14, 0.145, 0.15, 0.155, 0.16, 0.165, 0.17, 0.17500000000000002, 0.18, 0.185, 0.19, 0.195, 0.2, 0.20500000000000002, 0.21, 0.215, 0.22, 0.225, 0.23, 0.23500000000000001, 0.24, 0.245, 0.25, 0.255, 0.26, 0.265, 0.27, 0.275]}], "coords": [{"__dtype__": "<f8", "__shape__": [55], "__data__": [0.0025, 0.0075, 0.0125, 0.0175, 0.0225, 0.0275, 0.0325, 0.037500000000000006, 0.042499999999999996, 0.0475, 0.052500000000000005, 0.057499999999999996, 0.0625, 0.0675, 0.07250000000000001, 0.0775, 0.0825, 0.0875, 0.0925, 0.0975, 0.10250000000000001, 0.1075, 0.1125, 0.1175, 0.1225, 0.1275, 0.1325, 0.1375, 0.14250000000000002, 0.1475, 0.1525, 0.1575, 0.1625, 0.1675, 0.17250000000000001, 0.1775, 0.1825, 0.1875, 0.1925, 0.1975, 0.2025, 0.20750000000000002, 0.2125, 0.2175, 0.2225, 0.2275, 0.2325, 0.2375, 0.2425, 0.2475, 0.2525, 0.2575, 0.2625, 0.2675, 0.2725]}], "data": {"__dtype__": [["k", "<f8"], ["power_0", "<c8"], ["modes", "<i8"]], "__shape__": [55], "__data__": [[0.00381582870963149, {"__complex__": [71181.2734375, 7.744212172575149e-13]}, 101], [0.008101265444645324, {"__complex__": [99160.4765625, -3.374357271466316e-13]}, 690], [0.012881094428097399, {"__complex__": [99246.5, 1.9313213138125174e-13]}, 1846], [0.01776898906732117, {"__complex__": [109222.3671875, -1.5420322896191052e-13]}, 3586], [0.022691540015953332, {"__complex__": [106558.7265625, -5.2059661377786004e-14]}, 5870], [0.027646924733755237, {"__complex__": [102527.9296875, 1.4865748402767033e-14]}, 8810], [0.03262381701015117, {"__complex__": [101738.9609375, 3.54982487293389e-15]}, 12298], [0.03761603546573974, {"__complex__": [94668.3203125, -2.0383315938983862e-14]}, 16420], [0.042615513382507485, {"__complex__": [92634.1171875, -3.3867382504123786e-14]}, 21054], [0.04759756059586297, {"__complex__": [92851.28125, -5.562233277591443e-15]}, 26162], [0.05257971257242345, {"__complex__": [86872.0234375, -4.545200817823204e-15]}, 32016], [0.05757077253850946, {"__complex__": [89174.8203125, -3.691745666762822e-15]}, 38432], [0.06256656704432612, {"__complex__": [86783.859375, 1.4242108536889793e-14]}, 45468], [0.06756224221830869, {"__complex__": [85251.078125, 1.7056465289634615e-14]}, 52896], [0.07255395967994632, {"__complex__": [84401.609375, -4.765339069221321e-16]}, 61074], [0.077549843044251, {"__complex__": [83701.6796875, -1.5114811664643582e-14]}, 69800], [0.08254670444516676, {"__complex__": [82060.6953125, -7.545573629081596e-15]}, 79070], [0.0875450730828665, {"__complex__": [80424.9296875, -1.899418444658565e-15]}, 89062], [0.09254706284502398, {"__complex__": [79081.5234375, 3.655084810256235e-15]}, 99532], [0.09754654727165055, {"__complex__": [78117.90625, 2.305519920890167e-16]}, 110456], [0.10254482204994865, {"__complex__": [78176.9765625, 7.08658510968933e-15]}, 122180], [0.10754221436417905, {"__complex__": [77737.8203125, 1.0305428470351813e-15]}, 134146], [0.11253731368411114, {"__complex__": [77162.3984375, -2.1772452513579756e-15]}, 147040], [0.11753494034207632, {"__complex__": [75487.65625, 3.4015909307908354e-15]}, 160424], [0.12253330115342949, {"__complex__": [76181.875, 5.216727267856993e-15]}, 174342], [0.12753356291363982, {"__complex__": [76291.5078125, -4.2136522169936106e-15]}, 189080], [0.13253370854762594, {"__complex__": [75312.3203125, -3.817471190640251e-15]}, 203938], [0.13752961459817578, {"__complex__": [75399.171875, -3.580230814641478e-15]}, 219484], [0.1425281107820362, {"__complex__": [74800.6015625, 2.172323142901481e-15]}, 236132], [0.1475274145760076, {"__complex__": [74274.765625, 3.743813629063491e-16]}, 252650], [0.1525290822685407, {"__complex__": [74394.1328125, 3.696750559455021e-17]}, 270628], [0.1575299612384668, {"__complex__": [74157.515625, -1.3386065064900838e-15]}, 288080], [0.16252169358652926, {"__complex__": [73249.5, -1.0697769896355269e-15]}, 306062], [0.16752062292264278, {"__complex__": [73325.1875, 5.345514286443154e-16]}, 326672], [0.1725228620785395, {"__complex__": [72992.59375, 3.159192680008655e-17]}, 345466], [0.1775209487576261, {"__complex__": [72353.203125, 8.047306925003221e-16]}, 366180], [0.1825256448391732, {"__complex__": [72693.1796875, -1.407407181147288e-15]}, 387732], [0.18752632321603607, {"__complex__": [72665.6953125, 5.885225151587873e-16]}, 407982], [0.19252140078705848, {"__complex__": [72679.71875, -3.043668635659499e-16]}, 430294], [0.19751872595109427, {"__complex__": [72395.0, -8.349622512998937e-16]}, 453134], [0.20251834237475713, {"__complex__": [72526.1328125, -3.6643468508366645e-16]}, 476546], [0.2075189401846281, {"__complex__": [72407.4453125, -2.908428575974019e-17]}, 500336], [0.21252015430968035, {"__complex__": [72334.2265625, 7.899039630937868e-16]}, 525038], [0.21752001193636755, {"__complex__": [72129.203125, 4.76830580211908e-16]}, 549324], [0.22251920952356846, {"__complex__": [71924.140625, -1.4034924066233154e-15]}, 575444], [0.22751862790843796, {"__complex__": [72013.359375, -2.662800800322195e-16]}, 601138], [0.23251697255054365, {"__complex__": [71776.7890625, 9.732947488664601e-16]}, 627950], [0.23751700822531546, {"__complex__": [71750.484375, 2.0530416339285254e-15]}, 655638], [0.24251727793025477, {"__complex__": [71510.390625, -1.9383639607821338e-15]}, 683166], [0.24751389003994526, {"__complex__": [71840.453125, 6.038563526029319e-16]}, 710900], [0.2525134489582163, {"__complex__": [71479.8359375, 2.295830499248288e-15]}, 741594], [0.2575160115814785, {"__complex__": [71278.4375, -9.727316837147728e-16]}, 770432], [0.2625147120015445, {"__complex__": [71201.9375, 1.5706494883245049e-15]}, 800256], [0.2675154267702453, {"__complex__": [71416.71875, 1.2197331615185865e-15]}, 832146], [0.2725162642594614, {"__complex__": [71022.65625, -3.737551090967966e-15]}, 862396]]}, "attrs": {"poles": [0], "dk": 0.005, "kmin": 0.0, "kmax": null, "Nmesh": {"__dtype__": "<i8", "__shape__": [3], "__data__": [512, 512, 512]}, "BoxSize": {"__dtype__": "<f8", "__shape__": [3], "__data__": [2665.0, 5797.0, 2969.0]}, "BoxPad": {"__dtype__": "<f8", "__shape__": [3], "__data__": [0.1, 0.1, 0.1]}, "BoxCenter": {"__dtype__": "<f8", "__shape__": [3], "__data__": [2582.6659631740176, 44.45818371950327, 890.4509743382112]}, "mesh.resampler": "tsc", "mesh.interlaced": true, "alpha": 0.05017258522727273, "data.norm": 1.8435783261398546, "randoms.norm": 1.8446554933626378, "shotnoise": 70211.16592214225, "first.data.N": 141286, "first.data.W": 141286.0, "first.data.W2": 125877.30767463596, "first.data.num_per_cell": 0.0009378590261536536, "first.randoms.N": 2816000, "first.randoms.W": 2816000.0, "first.randoms.W2": 2508954.182162565, "first.randoms.num_per_cell": 0.0186931653481913, "first.data.ext": 1, "first.randoms.ext": 1, "second.data.N": 141286, "second.data.W": 141286.0, "second.data.W2": 132693.09841254354, "second.data.num_per_cell": 0.0009886406243782009, "second.randoms.N": 2816000, "second.randoms.W": 2816000.0, "second.randoms.W2": 2645625.888250053, "second.randoms.num_per_cell": 0.019711448909715212, "second.data.ext": 1, "second.randoms.ext": 1}}, "attrs": {"poles": [0], "dk": 0.005, "kmin": 0.0, "kmax": null, "Nmesh": {"__dtype__": "<i8", "__shape__": [3], "__data__": [512, 512, 512]}, "BoxSize": {"__dtype__": "<f8", "__shape__": [3], "__data__": [2665.0, 5797.0, 2969.0]}, "BoxPad": {"__dtype__": "<f8", "__shape__": [3], "__data__": [0.1, 0.1, 0.1]}, "BoxCenter": {"__dtype__": "<f8", "__shape__": [3], "__data__": [2582.6659631740176, 44.45818371950327, 890.4509743382112]}, "mesh.resampler": "tsc", "mesh.interlaced": true, "alpha": 0.05017258522727273, "data.norm": 1.8435783261398546, "randoms.norm": 1.8446554933626378, "shotnoise": 70211.16592214225, "first.data.N": 141286, "first.data.W": 141286.0,