{"poles": {"dims": ["k"], "edges": [{"__dtype__": "<f8", "__shape__": [56], "__data__": [0.0, 0.005, 0.01, 0.015, 0.02, 0.025, 0.03, 0.035, 0.04, 0.045, 0.05, 0.055, 0.06, 0.065, 0.07, 0.075, 0.08, 0.085, 0.09, 0.095, 0.1, 0.105, 0.11, 0.115, 0.12, 0.125, 0.13, 0.135, 0.14, 0.145, 0.15, 0.155, 0.16, 0.165, 0.17, 0.17500000000000002, 0.18, 0.185, 0.19, 0.195, 0.2, 0.20500000000000002, 0.21, 0.215, 0.22, 0.225, 0.23, 0.23500000000000001, 0.24, 0.245, 0.25, 0.255, 0.26, 0.265, 0.27, 0.275]}], "coords": [{"__dtype__": "<f8", "__shape__": [55], "__data__": [0.0025, 0.0075, 0.0125, 0.0175, 0.0225, 0.0275, 0.0325, 0.037500000000000006, 0.042499999999999996, 0.0475, 0.052500000000000005, 0.057499999999999996, 0.0625, 0.0675, 0.07250000000000001, 0.0775, 0.0825, 0.0875, 0.0925, 0.0975, 0.10250000000000001, 0.1075, 0.1125, 0.1175, 0.1225, 0.1275, 0.1325, 0.1375, 0.14250000000000002, 0.1475, 0.1525, 0.1575, 0.1625, 0.1675, 0.17250000000000001, 0.1775, 0.1825, 0.1875, 0.1925, 0.1975, 0.2025, 0.20750000000000002, 0.2125, 0.2175, 0.2225, 0.2275, 0.2325, 0.2375, 0.2425, 0.2475, 0.2525, 0.2575, 0.2625, 0.2675, 0.2725]}], "data": {"__dtype__": [["k", "<f8"], ["power_0", "<c8"], ["modes", "<i8"]], "__shape__": [55], "__data__": [[0.00381582870963149, {"__complex__": [72847.5390625, 0.0]}, 101], [0.008101265444645324, {"__complex__": [105952.2890625, 1.265383875155915e-13]}, 690], [0.012881094428097399, {"__complex__": [117044.078125, -6.306355448699313e-14]}, 1846], [0.01776898906732117, {"__complex__": [110489.1875, 1.4405828147132788e-13]}, 3586], [0.022691540015953332, {"__complex__": [108177.96875, -7.932901297663664e-14]}, 5870], [0.027646924733755237, {"__complex__": [107061.609375, 9.910498088145075e-15]}, 8810], [0.03262381701015117, {"__complex__": [102336.9296875, -4.73309983057852e-15]}, 12298], [0.03761603546573974, {"__complex__": [96958.296875, 2.1712662998931917e-14]}, 16420], [0.042615513382507485, {"__complex__": [95545.203125, 1.6588105197713927e-14]}, 21054], [0.04759756059586297, {"__complex__": [94758.921875, 2.669872074887846e-14]}, 26162], [0.05257971257242345, {"__complex__": [90693.9375, 1.8635324538921264e-14]}, 32016], [0.05757077253850946, {"__complex__": [90262.1953125, 1.8932030015949078e-14]}, 38432], [0.06256656704432612, {"__complex__": [89956.703125, 1.760260672303577e-14]}, 45468], [0.06756224221830869, {"__complex__": [89053.78125, 3.576355638907789e-15]}, 52896], [0.07255395967994632, {"__complex__": [85907.9765625, -8.101075623582858e-15]}, 61074], [0.077549843044251, {"__complex__": [84629.4453125, 2.0848016636814174e-16]}, 69800], [0.08254670444516676, {"__complex__": [83499.296875, -2.300479863095767e-15]}, 79070], [0.0875450730828665, {"__complex__": [84217.0234375, 3.921380110411725e-15]}, 89062], [0.09254706284502398, {"__complex__": [82838.015625, 1.0526643406505009e-14]}, 99532], [0.09754654727165055, {"__complex__": [80301.7109375, 7.904640106905995e-16]}, 110456], [0.10254482204994865, {"__complex__": [80340.7265625, 7.622545207064488e-15]}, 122180], [0.10754221436417905, {"__complex__": [79896.0, -4.339127442635126e-15]}, 134146], [0.11253731368411114, {"__complex__": [77824.40625, 1.4844853794024164e-15]}, 147040], [0.11753494034207632, {"__complex__": [78268.0078125, -3.401590877851276e-16]}, 160424], [0.12253330115342949, {"__complex__": [78113.0703125, -6.844346392268809e-15]}, 174342], [0.12753356291363982, {"__complex__": [77253.09375, -3.771122394799443e-15]}, 189080], [0.13253370854762594, {"__complex__": [77277.109375, -2.6401203814287177e-15]}, 203938], [0.13752961459817578, {"__complex__": [76528.8125, -1.8232657357774304e-15]}, 219484], [0.1425281107820362, {"__complex__": [76861.578125, -1.787159474093058e-15]}, 236132], [0.1475274145760076, {"__complex__": [76567.7578125, 1.6127197089904947e-15]}, 252650], [0.1525290822685407, {"__complex__": [76138.7265625, -2.023130782978608e-15]}, 270628], [0.1575299612384668, {"__complex__": [76300.359375, -4.344156700759449e-15]}, 288080], [0.16252169358652926, {"__complex__": [76629.8046875, 5.610386253609902e-15]}, 306062], [0.16752062292264278, {"__complex__": [75441.1171875, -8.909190477405257e-17]}, 326672], [0.1725228620785395, {"__complex__": [75301.125, -4.212256730213009e-16]}, 345466], [0.1775209487576261, {"__complex__": [74664.828125, 6.5173251825422895e-15]}, 366180], [0.1825256448391732, {"__complex__": [75040.875, 8.256789290166642e-16]}, 387732], [0.18752632321603607, {"__complex__": [75074.3984375, 2.104413970421262e-15]}, 407982], [0.19252140078705848, {"__complex__": [74987.4140625, 3.1113057517449718e-15]}, 430294], [0.19751872595109427, {"__complex__": [75079.9296875, 2.392487969958318e-15]}, 453134], [0.20251834237475713, {"__complex__": [74792.703125, -1.5268111657904606e-16]}, 476546], [0.2075189401846281, {"__complex__": [74162.5703125, -2.006815657865069e-15]}, 500336], [0.21252015430968035, {"__complex__": [73635.65625, -7.206141269095433e-16]}, 525038], [0.21752001193636755, {"__complex__": [73908.859375, 5.165664310148241e-16]}, 549324], [0.22251920952356846, {"__complex__": [73695.828125, -3.0345781192508883e-15]}, 575444], [0.22751862790843796, {"__complex__": [74250.4140625, 3.679506464191471e-15]}, 601138], [0.23251697255054365, {"__complex__": [73498.3125, 1.6685052988966629e-15]}, 627950], [0.23751700822531546, {"__complex__": [73622.0, 2.793801380697328e-15]}, 655638], [0.24251727793025477, {"__complex__": [74160.71875, 1.704056118725873e-16]}, 683166], [0.24751389003994526, {"__complex__": [73533.796875, 1.1872430952442796e-15]}, 710900], [0.2525134489582163, {"__complex__": [73753.546875, 9.12445384243369e-16]}, 741594], [0.2575160115814785, {"__complex__": [73295.265625, -4.1553586154701816e-16]}, 770432], [0.2625147120015445, {"__complex__": [73944.8671875, 1.6729349635734476e-15]}, 800256], [0.2675154267702453, {"__complex__": [73912.75, -3.1214676060131816e-15]}, 832146], [0.2725162642594614, {"__complex__": [73954.6640625, -1.4427116202679656e-15]}, 862396]]}, "attrs": {"poles": [0], "dk": 0.005, "kmin": 0.0, "kmax": null, "Nmesh": {"__dtype__": "<i8", "__shape__": [3], "__data__": [512, 512, 512]}, "BoxSize": {"__dtype__": "<f8", "__shape__": [3], "__data__": [2665.0, 5797.0, 2969.0]}, "BoxPad": {"__dtype__": "<f8", "__shape__": [3], "__data__": [0.1, 0.1, 0.1]}, "BoxCenter": {"__dtype__": "<f8", "__shape__": [3], "__data__": [2582.6659631740176, 44.45818371950327, 890.4509743382112]}, "mesh.resampler": "tsc", "mesh.interlaced": true, "alpha": 0.050090553977272724, "data.norm": 1.0376281085951506, "randoms.norm": 1.0399552010337594, "shotnoise": 72393.36644829361, "first.data.N": 141055, "first.data.W": 141055.0, "first.data.W2": 125652.29116436568, "first.data.num_per_cell": 0.0009361825225082463, "first.randoms.N": 2816000, "first.randoms.W": 2816000.0, "first.randoms.W2": 2508954.182162565, "first.randoms.num_per_cell": 0.0186931653481913, "first.data.ext": 1, "first.randoms.ext": 1, "second.data.N": 141055, "second.data.W": 141055.0, "second.data.W2": 75004.2816786569, "second.data.num_per_cell": 0.0005588254457612105, "second.randoms.N": 2816000, "second.randoms.W": 2816000.0, "second.randoms.W2": 1500023.1795866555, "second.randoms.num_per_cell": 0.011176043596764322, "second.data.ext": 1, "second.randoms.ext": 1}}, "attrs": {"poles": [0], "dk": 0.005, "kmin": 0.0, "kmax": null, "Nmesh": {"__dtype__": "<i8", "__shape__": [3], "__data__": [512, 512, 512]}, "BoxSize": {"__dtype__": "<f8", "__shape__": [3], "__data__": [2665.0, 5797.0, 2969.0]}, "BoxPad": {"__dtype__": "<f8", "__shape__": [3], "__data__": [0.1, 0.1, 0.1]}, "BoxCenter": {"__dtype__": "<f8", "__shape__": [3], "__data__": [2582.6659631740176, 44.45818371950327, 890.4509743382112]}, "mesh.resampler": "tsc", "mesh.interlaced": true, "alpha": 0.050090553977272724, "data.norm": 1.0376281085951506, "randoms.norm": 1.0399552010337594, "shotnoise": 72393.36644829361, "first.data.N": 141055, "first.data.W": 141055.0, "first.data.W2": 125652.29116436568,