{"poles": {"dims": ["k"], "edges": [{"__dtype__": "<f8", "__shape__": [46], "__data__": [0.0, 0.005, 0.01, 0.015, 0.02, 0.025, 0.03, 0.035, 0.04, 0.045, 0.05, 0.055, 0.06, 0.065, 0.07, 0.075, 0.08, 0.085, 0.09, 0.095, 0.1, 0.105, 0.11, 0.115, 0.12, 0.125, 0.13, 0.135, 0.14, 0.145, 0.15, 0.155, 0.16, 0.165, 0.17, 0.17500000000000002, 0.18, 0.185, 0.19, 0.195, 0.2, 0.20500000000000002, 0.21, 0.215, 0.22, 0.225]}], "coords": [{"__dtype__": "<f8", "__shape__": [45], "__data__": [0.0025, 0.0075, 0.0125, 0.0175, 0.0225, 0.0275, 0.0325, 0.037500000000000006, 0.042499999999999996, 0.0475, 0.052500000000000005, 0.057499999999999996, 0.0625, 0.0675, 0.07250000000000001, 0.0775, 0.0825, 0.0875, 0.0925, 0.0975, 0.10250000000000001, 0.1075, 0.1125, 0.1175, 0.1225, 0.1275, 0.1325, 0.1375, 0.14250000000000002, 0.1475, 0.1525, 0.1575, 0.1625, 0.1675, 0.17250000000000001, 0.1775, 0.1825, 0.1875, 0.1925, 0.1975, 0.2025, 0.20750000000000002, 0.2125, 0.2175, 0.2225]}], "data": {"__dtype__": [["k", "<f8"], ["power_0", "<c8"], ["modes", "<i8"]], "__shape__": [45], "__data__": [[0.0038124604949970986, {"__complex__": [85367.1171875, -2.6141166054732823e-13]}, 167], [0.008045304719267473, {"__complex__": [112592.3671875, 0.0]}, 1082], [0.012809912756659051, {"__complex__": [104121.8515625, 1.3654611566871894e-13]}, 2984], [0.017715433309244185, {"__complex__": [103765.3125, -1.0025432835790958e-14]}, 5806], [0.022669091647761614, {"__complex__": [97643.9921875, -3.031649079319283e-15]}, 9600], [0.02765002119246127, {"__complex__": [103167.84375, 3.4420837219991535e-14]}, 14374], [0.03263290233536856, {"__complex__": [95883.3515625, 2.9141715387657422e-15]}, 19974], [0.03761272013936665, {"__complex__": [92566.2578125, 1.4786305182644052e-14]}, 26572], [0.04260175757545894, {"__complex__": [88852.2890625, 1.7010830330810105e-15]}, 34218], [0.047587548630681535, {"__complex__": [88581.8828125, 5.138388155180758e-15]}, 42480], [0.052570104151228036, {"__complex__": [85557.5390625, -2.5706148906561033e-14]}, 52080], [0.05756944955461065, {"__complex__": [84558.0546875, 2.3247356573920187e-16]}, 62596], [0.06257077522949148, {"__complex__": [83289.9375, 1.0052387965271432e-14]}, 73828], [0.06756176768890902, {"__complex__": [81202.984375, -2.8780807354326574e-15]}, 85954], [0.07255121859525904, {"__complex__": [80997.453125, -4.7157352316433334e-15]}, 99132], [0.07755262400137602, {"__complex__": [80471.5, -8.183422472649027e-15]}, 113806], [0.08255332089930578, {"__complex__": [78211.203125, 9.066190681156802e-16]}, 128406], [0.08755113966916353, {"__complex__": [77253.53125, 9.900561544640835e-15]}, 144776], [0.0925464539210429, {"__complex__": [76153.3359375, 2.7958435771331582e-15]}, 161350], [0.0975407696852722, {"__complex__": [74270.1640625, 6.48452160819838e-16]}, 179528], [0.10253936843338714, {"__complex__": [75130.6796875, 4.3263440213951645e-15]}, 198450], [0.10753330829635703, {"__complex__": [74171.703125, 3.565107041368252e-15]}, 217864], [0.11253145908249744, {"__complex__": [73121.5546875, 1.5200934798346847e-15]}, 239326], [0.11753431416740862, {"__complex__": [72761.953125, -2.3432137340759305e-15]}, 260830], [0.12253334462183928, {"__complex__": [73115.8515625, -2.2601246723897303e-15]}, 283296], [0.12753220666506468, {"__complex__": [72045.6640625, -6.443680326459738e-15]}, 307132], [0.13253184583720862, {"__complex__": [72049.7890625, -9.218741314957301e-16]}, 331488], [0.1375304034136141, {"__complex__": [70911.703125, 3.627585038590677e-15]}, 357020], [0.1425296880354727, {"__complex__": [70656.2578125, 2.352419499904927e-15]}, 383528], [0.1475269696696561, {"__complex__": [70539.0859375, 2.3044367775088654e-15]}, 410458], [0.15252572158497293, {"__complex__": [70228.3046875, -7.283671782944395e-16]}, 439534], [0.15752614553798203, {"__complex__": [69897.5234375, -1.460717423144224e-15]}, 468222], [0.16252439198132457, {"__complex__": [69883.71875, 6.1284985197534655e-15]}, 498638], [0.1675237007706474, {"__complex__": [69795.5859375, 7.758201874611119e-16]}, 529880], [0.1725250298734758, {"__complex__": [69376.3828125, 2.4074573714769065e-15]}, 562140], [0.1775249124979596, {"__complex__": [69433.0234375, 3.79153599470739e-16]}, 594890], [0.18252291001219376, {"__complex__": [69315.25, -1.1805081245224239e-15]}, 628668], [0.18752197500191278, {"__complex__": [68784.5625, -3.068332117501176e-16]}, 663966], [0.19252241149897908, {"__complex__": [68668.96875, -1.5592184610639529e-15]}, 699962], [0.19752275891621854, {"__complex__": [68466.09375, -6.273348353514003e-16]}, 736486], [0.202520204709918, {"__complex__": [68615.453125, 1.2598768057460463e-15]}, 773868], [0.2075192312193462, {"__complex__": [68482.0625, -1.8607535081987744e-15]}, 813326], [0.21252078094835136, {"__complex__": [68585.890625, 1.8938032514929795e-15]}, 852920], [0.217518623332359, {"__complex__": [68467.1015625, -1.092393086964572e-15]}, 892516], [0.22251541035688588, {"__complex__": [68177.2265625, -1.2148361464131541e-15]}, 934323]]}, "attrs": {"poles": [0], "dk": 0.005, "kmin": 0.0, "kmax": null, "Nmesh": {"__dtype__": "<i8", "__shape__": [3], "__data__": [512, 512, 512]}, "BoxSize": {"__dtype__": "<f8", "__shape__": [3], "__data__": [3432.0, 7192.0, 3020.0]}, "BoxPad": {"__dtype__": "<f8", "__shape__": [3], "__data__": [0.1, 0.1, 0.1]}, "BoxCenter": {"__dtype__": "<f8", "__shape__": [3], "__data__": [-1750.1629678974402, 35.39290098772153, 1912.171961766124]}, "mesh.resampler": "tsc", "mesh.interlaced": true, "alpha": 0.04968697457709794, "data.norm": 1.7819384980941189, "randoms.norm": 1.7875409570679628, "shotnoise": 66715.16728558987, "first.data.N": 238867, "first.data.W": 238867.0, "first.data.W2": 205792.28900224343, "first.data.num_per_cell": 0.0015332720354366558, "first.randoms.N": 4807437, "first.randoms.W": 4807437.0, "first.randoms.W2": 4143938.155815553, "first.randoms.num_per_cell": 0.03087474521857167, "first.data.ext": 1, "first.randoms.ext": 1, "second.data.N": 238867, "second.data.W": 238867.0, "second.data.W2": 121919.81070750635, "second.data.num_per_cell": 0.0009083733760379728, "second.randoms.N": 4807437, "second.randoms.W": 4807437.0, "second.randoms.W2": 2461211.5208428167, "second.randoms.num_per_cell": 0.018337454802116876, "second.data.ext": 1, "second.randoms.ext": 1}}, "attrs": {"poles": [0], "dk": 0.005, "kmin": 0.0, "kmax": null, "Nmesh": {"__dtype__": "<i8", "__shape__": [3], "__data__": [512, 512, 512]}, "BoxSize": {"__dtype__": "<f8", "__shape__": [3], "__data__": [3432.0, 7192.0, 3020.0]}, "BoxPad": {"__dtype__": "<f8", "__shape__": [3], "__data__": [0.1, 0.1, 0.1]}, "BoxCenter": {"__dtype__": "<f8", "__shape__": [3], "__data__": [-1750.1629678974402, 35.39290098772153, 1912.171961766124]}, "mesh.resampler": "tsc", "mesh.interlaced": true, "alpha": 0.04968697457709794, "data.norm": 1.7819384980941189, "randoms.norm": 1.7875409570679628, "shotnoise": 66715.16728558987, "first.data.N": 238867, "first.data.W": 238867.0, "first.data.W2": 205792.28900224343, "first.data.num_per_cell": 0.0015332720354366558, "first.randoms.N": 4807437, "first.randoms.W": 4807437.0, "first.randoms.W2": 4143938.155815553, "first.randoms.num_per_cell": 0.03087474521857167, "first.data.ext": 1, "first.randoms.ext": 1, "second.data.N": 238867, "second.data.W": 238867.0, "second.data.W2": 121919.81070750635, "second.data.num_per_cell": 0.0009083733760379728, "second.randoms.N": 4807437, "second.randoms.W": 4807437.0, "second.randoms.W2": 2461211.5208428167, "second.randoms.num_per_cell": 0.018337454802116876, "second.data.ext": 1, "second.randoms.ext": 1, "p": 1.6, "zmin": 0.8, "zmax": 2.2, "P0_FKP": 30000.0, "z-weighted": true, "hashkeys": ["Nmesh", "P0_FKP", "dk", "kmin", "mesh.window", "mesh.interlaced", "poles", "p", "BoxPad", "zmin", "zmax", "z-weighted"]}}