{"poles": {"dims": ["k"], "edges": [{"__dtype__": "<f8", "__shape__": [56], "__data__": [0.0, 0.005, 0.01, 0.015, 0.02, 0.025, 0.03, 0.035, 0.04, 0.045, 0.05, 0.055, 0.06, 0.065, 0.07, 0.075, 0.08, 0.085, 0.09, 0.095, 0.1, 0.105, 0.11, 0.115, 0.12, 0.125, 0.13, 0.135, 0.14, 0.145, 0.15, 0.155, 0.16, 0.165, 0.17, 0.17500000000000002, 0.18, 0.185, 0.19, 0.195, 0.2, 0.20500000000000002, 0.21, 0.215, 0.22, 0.225, 0.23, 0.23500000000000001, 0.24, 0.245, 0.25, 0.255, 0.26, 0.265, 0.27, 0.275]}], "coords": [{"__dtype__": "<f8", "__shape__": [55], "__data__": [0.0025, 0.0075, 0.0125, 0.0175, 0.0225, 0.0275, 0.0325, 0.037500000000000006, 0.042499999999999996, 0.0475, 0.052500000000000005, 0.057499999999999996, 0.0625, 0.0675, 0.07250000000000001, 0.0775, 0.0825, 0.0875, 0.0925, 0.0975, 0.10250000000000001, 0.1075, 0.1125, 0.1175, 0.1225, 0.1275, 0.1325, 0.1375, 0.14250000000000002, 0.1475, 0.1525, 0.1575, 0.1625, 0.1675, 0.17250000000000001, 0.1775, 0.1825, 0.1875, 0.1925, 0.1975, 0.2025, 0.20750000000000002, 0.2125, 0.2175, 0.2225, 0.2275, 0.2325, 0.2375, 0.2425, 0.2475, 0.2525, 0.2575, 0.2625, 0.2675, 0.2725]}], "data": {"__dtype__": [["k", "<f8"], ["power_0", "<c8"], ["modes", "<i8"]], "__shape__": [55], "__data__": [[0.00381582870963149, {"__complex__": [92170.375, -2.1611755625112333e-13]}, 101], [0.008101265444645324, {"__complex__": [98706.46875, -1.1072109077020845e-13]}, 690], [0.012881094428097399, {"__complex__": [105445.25, -6.700502918352905e-14]}, 1846], [0.01776898906732117, {"__complex__": [114376.1953125, -4.463777573482722e-14]}, 3586], [0.022691540015953332, {"__complex__": [107216.0078125, -2.231128320561316e-14]}, 5870], [0.027646924733755237, {"__complex__": [105321.0859375, -5.285599093281766e-14]}, 8810], [0.03262381701015117, {"__complex__": [102722.953125, 0.0]}, 12298], [0.03761603546573974, {"__complex__": [94792.7578125, 4.652713439268772e-15]}, 16420], [0.042615513382507485, {"__complex__": [90573.2421875, 4.147026299428482e-15]}, 21054], [0.04759756059586297, {"__complex__": [92450.8125, 3.3373400936098077e-15]}, 26162], [0.05257971257242345, {"__complex__": [89095.4921875, 1.7726283697730265e-14]}, 32016], [0.05757077253850946, {"__complex__": [87872.109375, 7.383491333525644e-15]}, 38432], [0.06256656704432612, {"__complex__": [86705.046875, -2.880426593180078e-15]}, 45468], [0.06756224221830869, {"__complex__": [85904.125, -9.07844068339823e-15]}, 52896], [0.07255395967994632, {"__complex__": [84286.15625, -1.2151614282407235e-14]}, 61074], [0.077549843044251, {"__complex__": [83380.09375, 5.003523992835402e-15]}, 69800], [0.08254670444516676, {"__complex__": [83026.3515625, -7.361535286620746e-16]}, 79070], [0.0875450730828665, {"__complex__": [79523.1875, -1.3561439636739815e-14]}, 89062], [0.09254706284502398, {"__complex__": [80358.34375, 2.8281216734124147e-15]}, 99532], [0.09754654727165055, {"__complex__": [78432.3984375, 9.880800133632494e-17]}, 110456], [0.10254482204994865, {"__complex__": [78311.3828125, 4.049477326541467e-15]}, 122180], [0.10754221436417905, {"__complex__": [76869.6484375, 3.796736671124413e-15]}, 134146], [0.11253731368411114, {"__complex__": [75614.2890625, -2.4741422107714287e-16]}, 147040], [0.11753494034207632, {"__complex__": [75425.7734375, 1.848197727063387e-15]}, 160424], [0.12253330115342949, {"__complex__": [76104.390625, 3.474340473048139e-15]}, 174342], [0.12753356291363982, {"__complex__": [75479.6640625, -2.4050526449396516e-15]}, 189080], [0.13253370854762594, {"__complex__": [76184.3203125, -9.722065232874752e-16]}, 203938], [0.13752961459817578, {"__complex__": [75826.1328125, -3.663106635783207e-15]}, 219484], [0.1425281107820362, {"__complex__": [74542.8125, 1.8487855679287816e-15]}, 236132], [0.1475274145760076, {"__complex__": [74291.90625, 1.0367483162858847e-15]}, 252650], [0.1525290822685407, {"__complex__": [74091.8828125, 1.5324710664137934e-15]}, 270628], [0.1575299612384668, {"__complex__": [74080.546875, 3.1318340187381534e-15]}, 288080], [0.16252169358652926, {"__complex__": [74204.1484375, 1.901825712294662e-15]}, 306062], [0.16752062292264278, {"__complex__": [73567.3125, 1.5368352977954028e-15]}, 326672], [0.1725228620785395, {"__complex__": [73044.2578125, 7.371449277872766e-16]}, 345466], [0.1775209487576261, {"__complex__": [73156.2265625, -8.345355055131552e-16]}, 366180], [0.1825256448391732, {"__complex__": [73132.953125, -4.616295681218047e-15]}, 387732], [0.18752632321603607, {"__complex__": [72870.7890625, 1.2483810863441478e-15]}, 407982], [0.19252140078705848, {"__complex__": [73495.453125, 1.0018742757815307e-15]}, 430294], [0.19751872595109427, {"__complex__": [73193.78125, -1.7020384862455134e-15]}, 453134], [0.20251834237475713, {"__complex__": [72767.2734375, 1.5878836441858145e-15]}, 476546], [0.2075189401846281, {"__complex__": [72300.3359375, -2.4358089406500472e-16]}, 500336], [0.21252015430968035, {"__complex__": [72249.8125, -3.045287580319498e-15]}, 525038], [0.21752001193636755, {"__complex__": [72173.890625, 3.4437762949980925e-16]}, 549324], [0.22251920952356846, {"__complex__": [71793.1484375, 3.6667820705600207e-16]}, 575444], [0.22751862790843796, {"__complex__": [71820.7890625, -1.5250585752132526e-15]}, 601138], [0.23251697255054365, {"__complex__": [71683.21875, 3.012579085423918e-16]}, 627950], [0.23751700822531546, {"__complex__": [71585.421875, -2.441454944639089e-16]}, 655638], [0.24251727793025477, {"__complex__": [71789.8203125, -7.348741912743654e-16]}, 683166], [0.24751389003994526, {"__complex__": [71531.828125, 1.0234853784448258e-17]}, 710900], [0.2525134489582163, {"__complex__": [71677.109375, -1.599232297492246e-15]}, 741594], [0.2575160115814785, {"__complex__": [71429.0078125, 2.7859792431876714e-16]}, 770432], [0.2625147120015445, {"__complex__": [71399.8671875, 8.910196858425714e-16]}, 800256], [0.2675154267702453, {"__complex__": [71108.1953125, 7.344630097180327e-16]}, 832146], [0.2725162642594614, {"__complex__": [71326.15625, 3.5435022484386696e-16]}, 862396]]}, "attrs": {"poles": [0], "dk": 0.005, "kmin": 0.0, "kmax": null, "Nmesh": {"__dtype__": "<i8", "__shape__": [3], "__data__": [512, 512, 512]}, "BoxSize": {"__dtype__": "<f8", "__shape__": [3], "__data__": [2665.0, 5797.0, 2969.0]}, "BoxPad": {"__dtype__": "<f8", "__shape__": [3], "__data__": [0.1, 0.1, 0.1]}, "BoxCenter": {"__dtype__": "<f8", "__shape__": [3], "__data__": [2582.6659631740176, 44.45818371950327, 890.4509743382112]}, "mesh.resampler": "tsc", "mesh.interlaced": true, "alpha": 0.05022549715909091, "data.norm": 1.8468256717080809, "randoms.norm": 1.8466008642310257, "shotnoise": 70277.07935213404, "first.data.N": 141435, "first.data.W": 141435.0, "first.data.W2": 126035.19224826472, "first.data.num_per_cell": 0.0009390353578944856, "first.randoms.N": 2816000, "first.randoms.W": 2816000.0, "first.randoms.W2": 2508954.182162565, "first.randoms.num_per_cell": 0.0186931653481913, "first.data.ext": 1, "first.randoms.ext": 1, "second.data.N": 141435, "second.data.W": 141435.0, "second.data.W2": 132934.81282913685, "second.data.num_per_cell": 0.0009904415371204678, "second.randoms.N": 2816000, "second.randoms.W": 2816000.0, "second.randoms.W2": 2645625.888250053, "second.randoms.num_per_cell": 0.019711448909715212, "second.data.ext": 1, "second.randoms.ext": 1}}, "attrs": {"poles": [0], "dk": 0.005, "kmin": 0.0, "kmax": null, "Nmesh": {"__dtype__": "<i8", "__shape__": [3], "__data__": [512, 512, 512]}, "BoxSize": {"__dtype__": "<f8", "__shape__": [3], "__data__": [2665.0, 5797.0, 2969.0]}, "BoxPad": {"__dtype__": "<f8", "__shape__": [3], "__data__": [0.1, 0.1, 0.1]}, "BoxCenter": {"__dtype__": "<f8", "__shape__": [3], "__data__": [2582.6659631740176, 44.45818371950327, 890.4509743382112]}, "mesh.resampler": "tsc", "mesh.interlaced": true, "alpha": 0.05022549715909091, "data.norm": 1.8468256717080809, "randoms.norm": 1.8466008642310257, "shotnoise": 70277.07935213404, "first.data.N": 141435, "first.data.W": 141435.0,