{"poles": {"dims": ["k"], "edges": [{"__dtype__": "<f8", "__shape__": [56], "__data__": [0.0, 0.005, 0.01, 0.015, 0.02, 0.025, 0.03, 0.035, 0.04, 0.045, 0.05, 0.055, 0.06, 0.065, 0.07, 0.075, 0.08, 0.085, 0.09, 0.095, 0.1, 0.105, 0.11, 0.115, 0.12, 0.125, 0.13, 0.135, 0.14, 0.145, 0.15, 0.155, 0.16, 0.165, 0.17, 0.17500000000000002, 0.18, 0.185, 0.19, 0.195, 0.2, 0.20500000000000002, 0.21, 0.215, 0.22, 0.225, 0.23, 0.23500000000000001, 0.24, 0.245, 0.25, 0.255, 0.26, 0.265, 0.27, 0.275]}], "coords": [{"__dtype__": "<f8", "__shape__": [55], "__data__": [0.0025, 0.0075, 0.0125, 0.0175, 0.0225, 0.0275, 0.0325, 0.037500000000000006, 0.042499999999999996, 0.0475, 0.052500000000000005, 0.057499999999999996, 0.0625, 0.0675, 0.07250000000000001, 0.0775, 0.0825, 0.0875, 0.0925, 0.0975, 0.10250000000000001, 0.1075, 0.1125, 0.1175, 0.1225, 0.1275, 0.1325, 0.1375, 0.14250000000000002, 0.1475, 0.1525, 0.1575, 0.1625, 0.1675, 0.17250000000000001, 0.1775, 0.1825, 0.1875, 0.1925, 0.1975, 0.2025, 0.20750000000000002, 0.2125, 0.2175, 0.2225, 0.2275, 0.2325, 0.2375, 0.2425, 0.2475, 0.2525, 0.2575, 0.2625, 0.2675, 0.2725]}], "data": {"__dtype__": [["k", "<f8"], ["power_0", "<c8"], ["modes", "<i8"]], "__shape__": [55], "__data__": [[0.00381582870963149, {"__complex__": [70571.2578125, 2.8815673263314634e-13]}, 101], [0.008101265444645324, {"__complex__": [118641.09375, 4.850638662436124e-13]}, 690], [0.012881094428097399, {"__complex__": [111640.2265625, 1.2612710897398627e-13]}, 1846], [0.01776898906732117, {"__complex__": [104140.046875, 4.057979673859416e-14]}, 3586], [0.022691540015953332, {"__complex__": [115339.8203125, -1.983225324415916e-14]}, 5870], [0.027646924733755237, {"__complex__": [105287.90625, 0.0]}, 8810], [0.03262381701015117, {"__complex__": [103407.90625, 5.206409644229783e-14]}, 12298], [0.03761603546573974, {"__complex__": [100461.75, -1.7724623513153646e-14]}, 16420], [0.042615513382507485, {"__complex__": [100343.1328125, 6.91171049904747e-15]}, 21054], [0.04759756059586297, {"__complex__": [94561.3984375, 1.6686699832774328e-14]}, 26162], [0.05257971257242345, {"__complex__": [93039.3671875, -1.8180803271292817e-14]}, 32016], [0.05757077253850946, {"__complex__": [88340.3984375, -1.8174748679785843e-14]}, 38432], [0.06256656704432612, {"__complex__": [88706.53125, -2.080308048017115e-15]}, 45468], [0.06756224221830869, {"__complex__": [88046.6796875, -1.8844641626780852e-14]}, 52896], [0.07255395967994632, {"__complex__": [87242.109375, 8.101075623582858e-15]}, 61074], [0.077549843044251, {"__complex__": [85846.0546875, -2.710242003967165e-15]}, 69800], [0.08254670444516676, {"__complex__": [84050.1640625, 1.8403838481249662e-15]}, 79070], [0.0875450730828665, {"__complex__": [83227.90625, 3.2678168469090364e-16]}, 89062], [0.09254706284502398, {"__complex__": [81933.15625, -1.3213131218499374e-14]}, 99532], [0.09754654727165055, {"__complex__": [80442.6640625, 6.587199894976612e-15]}, 110456], [0.10254482204994865, {"__complex__": [80638.9765625, 4.2876816260342156e-15]}, 122180], [0.10754221436417905, {"__complex__": [79215.796875, -8.678255414665845e-16]}, 134146], [0.11253731368411114, {"__complex__": [78840.84375, 3.3648335125282614e-15]}, 147040], [0.11753494034207632, {"__complex__": [78164.859375, 6.03215445123392e-15]}, 160424], [0.12253330115342949, {"__complex__": [77414.90625, 4.841123212891282e-15]}, 174342], [0.12753356291363982, {"__complex__": [77777.6953125, 1.1544252272193854e-15]}, 189080], [0.13253370854762594, {"__complex__": [78088.0078125, -5.6370135813397886e-15]}, 203938], [0.13752961459817578, {"__complex__": [77303.3359375, 6.96156008205928e-15]}, 219484], [0.1425281107820362, {"__complex__": [77158.703125, 2.0028511201554454e-15]}, 236132], [0.1475274145760076, {"__complex__": [77020.6796875, -6.854058472042027e-15]}, 252650], [0.1525290822685407, {"__complex__": [75767.1484375, -3.333796743033206e-15]}, 270628], [0.1575299612384668, {"__complex__": [76499.328125, -2.209963487132449e-16]}, 288080], [0.16252169358652926, {"__complex__": [75855.890625, 1.901825712294662e-15]}, 306062], [0.16752062292264278, {"__complex__": [75909.4140625, 1.6036542329933871e-15]}, 326672], [0.1725228620785395, {"__complex__": [75874.9921875, 1.1794319691629373e-15]}, 345466], [0.1775209487576261, {"__complex__": [74929.796875, 1.788290368956761e-16]}, 366180], [0.1825256448391732, {"__complex__": [74995.7578125, -2.1580244855979995e-16]}, 387732], [0.18752632321603607, {"__complex__": [74537.4921875, 6.1527356263853185e-16]}, 407982], [0.19252140078705848, {"__complex__": [74966.3046875, 1.386560218007702e-15]}, 430294], [0.19751872595109427, {"__complex__": [74893.1328125, -8.991901656517864e-16]}, 453134], [0.20251834237475713, {"__complex__": [74497.734375, -1.2367170191439824e-15]}, 476546], [0.2075189401846281, {"__complex__": [74653.953125, -1.8613942886233723e-15]}, 500336], [0.21252015430968035, {"__complex__": [74619.546875, 5.266026067694851e-16]}, 525038], [0.21752001193636755, {"__complex__": [74106.1328125, -8.97368621298716e-16]}, 549324], [0.22251920952356846, {"__complex__": [74190.0703125, -8.850853068396587e-17]}, 575444], [0.22751862790843796, {"__complex__": [74051.8203125, -1.3071930190917372e-15]}, 601138], [0.23251697255054365, {"__complex__": [73942.5546875, 3.7077895825145615e-16]}, 627950], [0.23751700822531546, {"__complex__": [73394.7734375, -1.797798631427046e-15]}, 655638], [0.24251727793025477, {"__complex__": [73547.9765625, -4.260140349754242e-15]}, 683166], [0.24751389003994526, {"__complex__": [73451.6484375, -7.778488843093452e-16]}, 710900], [0.2525134489582163, {"__complex__": [73540.578125, 1.1282927784889325e-15]}, 741594], [0.2575160115814785, {"__complex__": [73803.1640625, -2.6254311360574337e-15]}, 770432], [0.2625147120015445, {"__complex__": [73523.4453125, -1.4547260150011594e-16]}, 800256], [0.2675154267702453, {"__complex__": [73490.3203125, -2.2208761302292815e-15]}, 832146], [0.2725162642594614, {"__complex__": [73632.7578125, -8.943125264250225e-16]}, 862396]]}, "attrs": {"poles": [0], "dk": 0.005, "kmin": 0.0, "kmax": null, "Nmesh": {"__dtype__": "<i8", "__shape__": [3], "__data__": [512, 512, 512]}, "BoxSize": {"__dtype__": "<f8", "__shape__": [3], "__data__": [2665.0, 5797.0, 2969.0]}, "BoxPad": {"__dtype__": "<f8", "__shape__": [3], "__data__": [0.1, 0.1, 0.1]}, "BoxCenter": {"__dtype__": "<f8", "__shape__": [3], "__data__": [2582.6659631740176, 44.45818371950327, 890.4509743382112]}, "mesh.resampler": "tsc", "mesh.interlaced": true, "alpha": 0.05006498579545455, "data.norm": 1.0380178453888815, "randoms.norm": 1.0394243671429053, "shotnoise": 72504.1834412276, "first.data.N": 140983, "first.data.W": 140983.0, "first.data.W2": 125611.66021917736, "first.data.num_per_cell": 0.0009358797983763915, "first.randoms.N": 2816000, "first.randoms.W": 2816000.0, "first.randoms.W2": 2508954.182162565, "first.randoms.num_per_cell": 0.0186931653481913, "first.data.ext": 1, "first.randoms.ext": 1, "second.data.N": 140983, "second.data.W": 140983.0, "second.data.W2": 75063.20873077333, "second.data.num_per_cell": 0.0005592644865123431, "second.randoms.N": 2816000, "second.randoms.W": 2816000.0, "second.randoms.W2": 1500023.1795866555, "second.randoms.num_per_cell": 0.011176043596764322, "second.data.ext": 1, "second.randoms.ext": 1}}, "attrs": {"poles": [0], "dk": 0.005, "kmin": 0.0, "kmax": null, "Nmesh": {"__dtype__": "<i8", "__shape__": [3], "__data__": [512, 512, 512]}, "BoxSize": {"__dtype__": "<f8", "__shape__": [3], "__data__": [2665.0, 5797.0, 2969.0]}, "BoxPad": {"__dtype__": "<f8", "__shape__": [3], "__data__": [0.1, 0.1, 0.1]}, "BoxCenter": {"__dtype__": "<f8", "__shape__": [3], "__data__": [2582.6659631740176, 44.45818371950327, 890.4509743382112]}, "mesh.resampler": "tsc", "mesh.interlaced": true, "alpha": 0.05006498579545455, "data.norm": 1.0380178453888815, "randoms.norm": 1.0394243671429053, "shotnoise": 72504.1834412276, "first.data.N": 140983, "first.data.W": 140983.0,