{"poles": {"dims": ["k"], "edges": [{"__dtype__": "<f8", "__shape__": [56], "__data__": [0.0, 0.005, 0.01, 0.015, 0.02, 0.025, 0.03, 0.035, 0.04, 0.045, 0.05, 0.055, 0.06, 0.065, 0.07, 0.075, 0.08, 0.085, 0.09, 0.095, 0.1, 0.105, 0.11, 0.115, 0.12, 0.125, 0.13, 0.135, 0.14, 0.145, 0.15, 0.155, 0.16, 0.165, 0.17, 0.17500000000000002, 0.18, 0.185, 0.19, 0.195, 0.2, 0.20500000000000002, 0.21, 0.215, 0.22, 0.225, 0.23, 0.23500000000000001, 0.24, 0.245, 0.25, 0.255, 0.26, 0.265, 0.27, 0.275]}], "coords": [{"__dtype__": "<f8", "__shape__": [55], "__data__": [0.0025, 0.0075, 0.0125, 0.0175, 0.0225, 0.0275, 0.0325, 0.037500000000000006, 0.042499999999999996, 0.0475, 0.052500000000000005, 0.057499999999999996, 0.0625, 0.0675, 0.07250000000000001, 0.0775, 0.0825, 0.0875, 0.0925, 0.0975, 0.10250000000000001, 0.1075, 0.1125, 0.1175, 0.1225, 0.1275, 0.1325, 0.1375, 0.14250000000000002, 0.1475, 0.1525, 0.1575, 0.1625, 0.1675, 0.17250000000000001, 0.1775, 0.1825, 0.1875, 0.1925, 0.1975, 0.2025, 0.20750000000000002, 0.2125, 0.2175, 0.2225, 0.2275, 0.2325, 0.2375, 0.2425, 0.2475, 0.2525, 0.2575, 0.2625, 0.2675, 0.2725]}], "data": {"__dtype__": [["k", "<f8"], ["power_0", "<c8"], ["modes", "<i8"]], "__shape__": [55], "__data__": [[0.00381582870963149, {"__complex__": [92435.8203125, 2.8815673263314634e-13]}, 101], [0.008101265444645324, {"__complex__": [105422.8671875, -3.374357271466316e-13]}, 690], [0.012881094428097399, {"__complex__": [112751.0234375, -2.87727469888005e-13]}, 1846], [0.01776898906732117, {"__complex__": [108453.4609375, 1.623191937306402e-14]}, 3586], [0.022691540015953332, {"__complex__": [112613.40625, -1.983225324415916e-14]}, 5870], [0.027646924733755237, {"__complex__": [107595.59375, 1.816924635376048e-14]}, 8810], [0.03262381701015117, {"__complex__": [100309.703125, -2.869441676997021e-14]}, 12298], [0.03761603546573974, {"__complex__": [100444.84375, -1.5065929393257536e-14]}, 16420], [0.042615513382507485, {"__complex__": [97971.375, 1.382342099809494e-15]}, 21054], [0.04759756059586297, {"__complex__": [91966.28125, 7.509014840045153e-15]}, 26162], [0.05257971257242345, {"__complex__": [91457.25, -7.726841220892858e-15]}, 32016], [0.05757077253850946, {"__complex__": [90308.2109375, -4.1650465018648435e-15]}, 38432], [0.06256656704432612, {"__complex__": [89525.90625, 9.28137453096731e-15]}, 45468], [0.06756224221830869, {"__complex__": [86132.671875, -4.401668120295648e-15]}, 52896], [0.07255395967994632, {"__complex__": [86833.84375, -4.765338751583966e-15]}, 61074], [0.077549843044251, {"__complex__": [85356.46875, 4.169603115604598e-15]}, 69800], [0.08254670444516676, {"__complex__": [83151.8515625, 5.1530748594532e-15]}, 79070], [0.0875450730828665, {"__complex__": [82424.6640625, 9.803450276029313e-16]}, 89062], [0.09254706284502398, {"__complex__": [81718.5546875, -1.0416990756318203e-14]}, 99532], [0.09754654727165055, {"__complex__": [81023.7421875, -7.904640212785113e-15]}, 110456], [0.10254482204994865, {"__complex__": [81352.8125, -7.443891558928453e-15]}, 122180], [0.10754221436417905, {"__complex__": [79981.6640625, -1.735651082933169e-15]}, 134146], [0.11253731368411114, {"__complex__": [79374.6640625, 2.3751765223405715e-15]}, 147040], [0.11753494034207632, {"__complex__": [78030.75, 7.166018165416944e-15]}, 160424], [0.12253330115342949, {"__complex__": [77988.546875, -3.1717703516517728e-15]}, 174342], [0.12753356291363982, {"__complex__": [78695.3046875, -6.926551363316312e-15]}, 189080], [0.13253370854762594, {"__complex__": [77257.234375, -4.780758562872257e-15]}, 203938], [0.13752961459817578, {"__complex__": [77145.5546875, 2.983525749453977e-15]}, 219484], [0.1425281107820362, {"__complex__": [77642.7734375, -5.1765999290137674e-15]}, 236132], [0.1475274145760076, {"__complex__": [76245.359375, -2.879856540006576e-15]}, 252650], [0.1525290822685407, {"__complex__": [75787.375, -9.409910298405493e-16]}, 270628], [0.1575299612384668, {"__complex__": [76248.2734375, 2.7277264580643883e-15]}, 288080], [0.16252169358652926, {"__complex__": [75173.8203125, 4.754564280736655e-16]}, 306062], [0.16752062292264278, {"__complex__": [75227.15625, 6.236433069485884e-16]}, 326672], [0.1725228620785395, {"__complex__": [75670.640625, 2.2746186766666723e-15]}, 345466], [0.1775209487576261, {"__complex__": [74932.6015625, 4.2918968854962266e-15]}, 366180], [0.1825256448391732, {"__complex__": [75661.6953125, -4.503703297308677e-16]}, 387732], [0.18752632321603607, {"__complex__": [75003.0078125, 5.706885011521441e-16]}, 407982], [0.19252140078705848, {"__complex__": [74667.765625, -1.1160118595449292e-15]}, 430294], [0.19751872595109427, {"__complex__": [74223.1328125, 2.569114721191133e-16]}, 453134], [0.20251834237475713, {"__complex__": [74244.921875, -2.9925498267157876e-15]}, 476546], [0.2075189401846281, {"__complex__": [73904.984375, -1.6868885608300414e-15]}, 500336], [0.21252015430968035, {"__complex__": [73928.5234375, 2.134126403903285e-15]}, 525038], [0.21752001193636755, {"__complex__": [74171.1796875, -1.4834728573930923e-15]}, 549324], [0.22251920952356846, {"__complex__": [73645.8359375, 2.275933589438166e-16]}, 575444], [0.22751862790843796, {"__complex__": [73559.8828125, -2.130240640257756e-15]}, 601138], [0.23251697255054365, {"__complex__": [73682.8828125, 6.720368403240683e-16]}, 627950], [0.23751700822531546, {"__complex__": [73951.703125, 9.987770468703361e-17]}, 655638], [0.24251727793025477, {"__complex__": [73668.375, 8.733287674644549e-16]}, 683166], [0.24751389003994526, {"__complex__": [73677.1171875, 1.514758336937285e-15]}, 710900], [0.2525134489582163, {"__complex__": [73557.59375, 2.658846374068379e-15]}, 741594], [0.2575160115814785, {"__complex__": [73079.6328125, 1.4165996062073653e-15]}, 770432], [0.2625147120015445, {"__complex__": [73390.875, -8.910196858425714e-16]}, 800256], [0.2675154267702453, {"__complex__": [73531.9453125, -1.7487213571746744e-16]}, 832146], [0.2725162642594614, {"__complex__": [73139.015625, 6.074575131781836e-16]}, 862396]]}, "attrs": {"poles": [0], "dk": 0.005, "kmin": 0.0, "kmax": null, "Nmesh": {"__dtype__": "<i8", "__shape__": [3], "__data__": [512, 512, 512]}, "BoxSize": {"__dtype__": "<f8", "__shape__": [3], "__data__": [2665.0, 5797.0, 2969.0]}, "BoxPad": {"__dtype__": "<f8", "__shape__": [3], "__data__": [0.1, 0.1, 0.1]}, "BoxCenter": {"__dtype__": "<f8", "__shape__": [3], "__data__": [2582.6659631740176, 44.45818371950327, 890.4509743382112]}, "mesh.resampler": "tsc", "mesh.interlaced": true, "alpha": 0.050239701704545454, "data.norm": 1.0402246340070835, "randoms.norm": 1.0430517320637418, "shotnoise": 72324.24858266818, "first.data.N": 141475, "first.data.W": 141475.0, "first.data.W2": 126020.52715325731, "first.data.num_per_cell": 0.0009389260944221713, "first.randoms.N": 2816000, "first.randoms.W": 2816000.0, "first.randoms.W2": 2508954.182162565, "first.randoms.num_per_cell": 0.0186931653481913, "first.data.ext": 1, "first.randoms.ext": 1, "second.data.N": 141475, "second.data.W": 141475.0, "second.data.W2": 75153.89463293855, "second.data.num_per_cell": 0.0005599401491354298, "second.randoms.N": 2816000, "second.randoms.W": 2816000.0, "second.randoms.W2": 1500023.1795866555, "second.randoms.num_per_cell": 0.011176043596764322, "second.data.ext": 1, "second.randoms.ext": 1}}, "attrs": {"poles": [0], "dk": 0.005, "kmin": 0.0, "kmax": null, "Nmesh": {"__dtype__": "<i8", "__shape__": [3], "__data__": [512, 512, 512]}, "BoxSize": {"__dtype__": "<f8", "__shape__": [3], "__data__": [2665.0, 5797.0, 2969.0]}, "BoxPad": {"__dtype__": "<f8", "__shape__": [3], "__data__": [0.1, 0.1, 0.1]}, "BoxCenter": {"__dtype__": "<f8", "__shape__": [3], "__data__": [2582.6659631740176, 44.45818371950327, 890.4509743382112]}, "mesh.resampler": "tsc", "mesh.interlaced": true, "alpha": 0.050239701704545454, "data.norm": 1.0402246340070835, "randoms.norm": 1.0430517320637418, "shotnoise": 72324.24858266818, "first.data.N": 141475, "first.data.W": 141475.0,