{"poles": {"dims": ["k"], "edges": [{"__dtype__": "<f8", "__shape__": [46], "__data__": [0.0, 0.005, 0.01, 0.015, 0.02, 0.025, 0.03, 0.035, 0.04, 0.045, 0.05, 0.055, 0.06, 0.065, 0.07, 0.075, 0.08, 0.085, 0.09, 0.095, 0.1, 0.105, 0.11, 0.115, 0.12, 0.125, 0.13, 0.135, 0.14, 0.145, 0.15, 0.155, 0.16, 0.165, 0.17, 0.17500000000000002, 0.18, 0.185, 0.19, 0.195, 0.2, 0.20500000000000002, 0.21, 0.215, 0.22, 0.225]}], "coords": [{"__dtype__": "<f8", "__shape__": [45], "__data__": [0.0025, 0.0075, 0.0125, 0.0175, 0.0225, 0.0275, 0.0325, 0.037500000000000006, 0.042499999999999996, 0.0475, 0.052500000000000005, 0.057499999999999996, 0.0625, 0.0675, 0.07250000000000001, 0.0775, 0.0825, 0.0875, 0.0925, 0.0975, 0.10250000000000001, 0.1075, 0.1125, 0.1175, 0.1225, 0.1275, 0.1325, 0.1375, 0.14250000000000002, 0.1475, 0.1525, 0.1575, 0.1625, 0.1675, 0.17250000000000001, 0.1775, 0.1825, 0.1875, 0.1925, 0.1975, 0.2025, 0.20750000000000002, 0.2125, 0.2175, 0.2225]}], "data": {"__dtype__": [["k", "<f8"], ["power_0", "<c8"], ["modes", "<i8"]], "__shape__": [45], "__data__": [[0.0038124604949970986, {"__complex__": [84224.5234375, 3.4854888072977097e-13]}, 167], [0.008045304719267473, {"__complex__": [86689.2109375, -2.8915544546433136e-13]}, 1082], [0.012809912756659051, {"__complex__": [105350.46875, 5.60814415739852e-14]}, 2984], [0.017715433309244185, {"__complex__": [99138.1953125, -1.6040692537265533e-13]}, 5806], [0.022669091647761614, {"__complex__": [99755.8828125, -7.200166298685501e-14]}, 9600], [0.02765002119246127, {"__complex__": [100056.46875, 3.037132855323102e-14]}, 14374], [0.03263290233536856, {"__complex__": [95482.765625, -1.602794367496982e-14]}, 19974], [0.03761272013936665, {"__complex__": [91311.578125, 2.4096201854044257e-14]}, 26572], [0.04260175757545894, {"__complex__": [88942.6171875, -1.6585560710740375e-14]}, 34218], [0.047587548630681535, {"__complex__": [84150.296875, -5.823506519402662e-15]}, 42480], [0.052570104151228036, {"__complex__": [83817.3125, -1.9559026249879813e-15]}, 52080], [0.05756944955461065, {"__complex__": [81647.6796875, -1.046131006121739e-15]}, 62596], [0.06257077522949148, {"__complex__": [80912.4140625, 3.942112777042991e-16]}, 73828], [0.06756176768890902, {"__complex__": [78221.5703125, 8.126346004531243e-15]}, 85954], [0.07255121859525904, {"__complex__": [79054.09375, 1.8899640746595494e-15]}, 99132], [0.07755262400137602, {"__complex__": [76094.4453125, 3.580247331783949e-15]}, 113806], [0.08255332089930578, {"__complex__": [74971.3046875, -3.626476272462721e-15]}, 128406], [0.08755113966916353, {"__complex__": [74756.4609375, 2.3620627582511804e-15]}, 144776], [0.0925464539210429, {"__complex__": [72791.1015625, 1.8037700284167314e-16]}, 161350], [0.0975407696852722, {"__complex__": [72624.0390625, -2.4316955368999436e-16]}, 179528], [0.10253936843338714, {"__complex__": [71977.7734375, 1.2282418192319927e-15]}, 198450], [0.10753330829635703, {"__complex__": [71015.0, 4.0076144171893174e-15]}, 217864], [0.11253145908249744, {"__complex__": [70956.1328125, -6.992429774305489e-15]}, 239326], [0.11753431416740862, {"__complex__": [70216.0546875, 3.347448161285867e-15]}, 260830], [0.12253334462183928, {"__complex__": [71116.5859375, 2.0546588315830706e-15]}, 283296], [0.12753220666506468, {"__complex__": [70090.3046875, -6.870100534909194e-16]}, 307132], [0.13253184583720862, {"__complex__": [69335.1875, 4.345978245112519e-15]}, 331488], [0.1375304034136141, {"__complex__": [68861.9765625, 4.585430727062386e-17]}, 357020], [0.1425296880354727, {"__complex__": [68887.5078125, 1.4418055067726403e-15]}, 383528], [0.1475269696696561, {"__complex__": [68323.5390625, -6.292885168442423e-16]}, 410458], [0.15252572158497293, {"__complex__": [68201.4453125, 7.614747845268539e-16]}, 439534], [0.15752614553798203, {"__complex__": [67963.65625, 3.107909361384719e-15]}, 468222], [0.16252439198132457, {"__complex__": [67518.21875, -3.932452948614707e-15]}, 498638], [0.1675237007706474, {"__complex__": [67650.6640625, 1.592834340004279e-15]}, 529880], [0.1725250298734758, {"__complex__": [67643.7109375, 6.892317679720083e-16]}, 562140], [0.1775249124979596, {"__complex__": [66860.9609375, 5.259227569501951e-16]}, 594890], [0.18252291001219376, {"__complex__": [66798.25, -1.3888330721029813e-16]}, 628668], [0.18752197500191278, {"__complex__": [66724.3671875, 6.794163501792254e-16]}, 663966], [0.19252241149897908, {"__complex__": [66491.3671875, 9.978997854347767e-16]}, 699962], [0.19752275891621854, {"__complex__": [66403.875, -3.260165227719574e-16]}, 736486], [0.202520204709918, {"__complex__": [66749.0078125, 1.6735676971850466e-15]}, 773868], [0.2075192312193462, {"__complex__": [66184.546875, -1.9323210159781848e-15]}, 813326], [0.21252078094835136, {"__complex__": [66321.2890625, 2.217967630846647e-15]}, 852920], [0.217518623332359, {"__complex__": [66113.1015625, -1.6426657118077232e-15]}, 892516], [0.22251541035688588, {"__complex__": [66232.796875, -2.924173092048684e-15]}, 934323]]}, "attrs": {"poles": [0], "dk": 0.005, "kmin": 0.0, "kmax": null, "Nmesh": {"__dtype__": "<i8", "__shape__": [3], "__data__": [512, 512, 512]}, "BoxSize": {"__dtype__": "<f8", "__shape__": [3], "__data__": [3432.0, 7192.0, 3020.0]}, "BoxPad": {"__dtype__": "<f8", "__shape__": [3], "__data__": [0.1, 0.1, 0.1]}, "BoxCenter": {"__dtype__": "<f8", "__shape__": [3], "__data__": [-1750.1629678974402, 35.39290098772153, 1912.171961766124]}, "mesh.resampler": "tsc", "mesh.interlaced": true, "alpha": 0.04991058645178294, "data.norm": 3.1953467168249015, "randoms.norm": 3.2008769997392617, "shotnoise": 64234.902753626055, "first.data.N": 239942, "first.data.W": 239942.0, "first.data.W2": 206680.4790781788, "first.data.num_per_cell": 0.0015398895671828, "first.randoms.N": 4807437, "first.randoms.W": 4807437.0, "first.randoms.W2": 4143938.155815553, "first.randoms.num_per_cell": 0.03087474521857167, "first.data.ext": 1, "first.randoms.ext": 1, "second.data.N": 239942, "second.data.W": 239942.0, "second.data.W2": 216855.7834560275, "second.data.num_per_cell": 0.0016157014925481938, "second.randoms.N": 4807437, "second.randoms.W": 4807437.0, "second.randoms.W2": 4354665.513585001, "second.randoms.num_per_cell": 0.03244478638160975, "second.data.ext": 1, "second.randoms.ext": 1}}, "attrs": {"poles": [0], "dk": 0.005, "kmin": 0.0, "kmax": null, "Nmesh": {"__dtype__": "<i8", "__shape__": [3], "__data__": [512, 512, 512]}, "BoxSize": {"__dtype__": "<f8", "__shape__": [3], "__data__": [3432.0, 7192.0, 3020.0]}, "BoxPad": {"__dtype__": "<f8", "__shape__": [3], "__data__": [0.1, 0.1, 0.1]}, "BoxCenter": {"__dtype__": "<f8", "__shape__": [3], "__data__": [-1750.1629678974402, 35.39290098772153, 1912.171961766124]}, "mesh.resampler": "tsc", "mesh.interlaced": true, "alpha": 0.04991058645178294, "data.norm": 3.1953467168249015, "randoms.norm": 3.2008769997392617, "shotnoise": 64234.902753626055, "first.data.N": 239942, "first.data.W": 239942.0, "first.data.W2": 206680.4790781788, "first.data.num_per_cell": 0.0015398895671828, "first.randoms.N": 4807437, "first.randoms.W": 4807437.0, "first.randoms.W2": 4143938.155815553, "first.randoms.num_per_cell": 0.03087474521857167, "first.data.ext": 1, "first.randoms.ext": 1, "second.data.N": 239942, "second.data.W": 239942.0, "second.data.W2": 216855.7834560275, "second.data.num_per_cell": 0.0016157014925481938, "second.randoms.N": 4807437, "second.randoms.W": 4807437.0, "second.randoms.W2": 4354665.513585001, "second.randoms.num_per_cell": 0.03244478638160975, "second.data.ext": 1, "second.randoms.ext": 1, "p": 1.0, "zmin": 0.8, "zmax": 2.2, "P0_FKP": 30000.0, "z-weighted": true, "hashkeys": ["Nmesh", "P0_FKP", "dk", "kmin", "mesh.window", "mesh.interlaced", "poles", "p", "BoxPad", "zmin", "zmax", "z-weighted"]}}