{"poles": {"dims": ["k"], "edges": [{"__dtype__": "<f8", "__shape__": [46], "__data__": [0.0, 0.005, 0.01, 0.015, 0.02, 0.025, 0.03, 0.035, 0.04, 0.045, 0.05, 0.055, 0.06, 0.065, 0.07, 0.075, 0.08, 0.085, 0.09, 0.095, 0.1, 0.105, 0.11, 0.115, 0.12, 0.125, 0.13, 0.135, 0.14, 0.145, 0.15, 0.155, 0.16, 0.165, 0.17, 0.17500000000000002, 0.18, 0.185, 0.19, 0.195, 0.2, 0.20500000000000002, 0.21, 0.215, 0.22, 0.225]}], "coords": [{"__dtype__": "<f8", "__shape__": [45], "__data__": [0.0025, 0.0075, 0.0125, 0.0175, 0.0225, 0.0275, 0.0325, 0.037500000000000006, 0.042499999999999996, 0.0475, 0.052500000000000005, 0.057499999999999996, 0.0625, 0.0675, 0.07250000000000001, 0.0775, 0.0825, 0.0875, 0.0925, 0.0975, 0.10250000000000001, 0.1075, 0.1125, 0.1175, 0.1225, 0.1275, 0.1325, 0.1375, 0.14250000000000002, 0.1475, 0.1525, 0.1575, 0.1625, 0.1675, 0.17250000000000001, 0.1775, 0.1825, 0.1875, 0.1925, 0.1975, 0.2025, 0.20750000000000002, 0.2125, 0.2175, 0.2225]}], "data": {"__dtype__": [["k", "<f8"], ["power_0", "<c8"], ["modes", "<i8"]], "__shape__": [45], "__data__": [[0.0038124604949970986, {"__complex__": [-58441.00390625, 1.7427444036488549e-13]}, 167], [0.008045304719267473, {"__complex__": [-103447.75, -9.414362600037793e-14]}, 1082], [0.012809912756659051, {"__complex__": [-139670.296875, 0.0]}, 2984], [0.017715433309244185, {"__complex__": [-140213.984375, 1.1027975949963464e-13]}, 5806], [0.022669091647761614, {"__complex__": [-134946.484375, 8.488617252687403e-14]}, 9600], [0.02765002119246127, {"__complex__": [-129539.3046875, 3.239608288661128e-14]}, 14374], [0.03263290233536856, {"__complex__": [-125060.5390625, -7.285428635156119e-15]}, 19974], [0.03761272013936665, {"__complex__": [-118596.0078125, -1.4786305182644052e-14]}, 26572], [0.04260175757545894, {"__complex__": [-116215.25, -3.402166066162021e-15]}, 34218], [0.047587548630681535, {"__complex__": [-111276.3359375, 2.740473668645855e-15]}, 42480], [0.052570104151228036, {"__complex__": [-109725.953125, -1.6764879279740005e-14]}, 52080], [0.05756944955461065, {"__complex__": [-106251.3828125, -1.3483466865813268e-14]}, 62596], [0.06257077522949148, {"__complex__": [-104817.2265625, -2.049898675826091e-14]}, 73828], [0.06756176768890902, {"__complex__": [-103470.65625, 0.0]}, 85954], [0.07255121859525904, {"__complex__": [-102154.421875, -1.4092158294237364e-14]}, 99132], [0.07755262400137602, {"__complex__": [-100034.34375, -2.5061731322487645e-14]}, 113806], [0.08255332089930578, {"__complex__": [-97908.3671875, -4.533095022941046e-15]}, 128406], [0.08755113966916353, {"__complex__": [-95782.7890625, -2.412319552352383e-15]}, 144776], [0.0925464539210429, {"__complex__": [-94093.203125, -3.607540003893904e-15]}, 161350], [0.0975407696852722, {"__complex__": [-94213.9609375, 1.844035830677053e-15]}, 179528], [0.10253936843338714, {"__complex__": [-91443.3046875, -3.3730819193686238e-15]}, 198450], [0.10753330829635703, {"__complex__": [-91542.4609375, -9.48468784929676e-15]}, 217864], [0.11253145908249744, {"__complex__": [-89663.3984375, 2.675364363572785e-15]}, 239326], [0.11753431416740862, {"__complex__": [-89583.5, 6.918059434503614e-15]}, 260830], [0.12253334462183928, {"__complex__": [-89301.3828125, -6.677640990886743e-15]}, 283296], [0.12753220666506468, {"__complex__": [-88726.03125, -6.7753403121218955e-15]}, 307132], [0.13253184583720862, {"__complex__": [-88022.1328125, -1.492558132785342e-15]}, 331488], [0.1375304034136141, {"__complex__": [-88709.90625, 1.4673378326599635e-15]}, 357020], [0.1425296880354727, {"__complex__": [-87885.765625, -7.588449722187559e-17]}, 383528], [0.1475269696696561, {"__complex__": [-86841.8125, -1.4181148687406644e-16]}, 410458], [0.15252572158497293, {"__complex__": [-86696.1328125, -2.747930734955245e-15]}, 439534], [0.15752614553798203, {"__complex__": [-86704.78125, 2.983592876815047e-15]}, 468222], [0.16252439198132457, {"__complex__": [-86420.75, 2.6264993504830397e-16]}, 498638], [0.1675237007706474, {"__complex__": [-85851.640625, 2.3617889548509805e-15]}, 529880], [0.1725250298734758, {"__complex__": [-86128.3515625, -5.1773277553085855e-17]}, 562140], [0.1775249124979596, {"__complex__": [-85439.8046875, 2.1526139567682942e-15]}, 594890], [0.18252291001219376, {"__complex__": [-85245.4921875, -3.888732496009229e-15]}, 628668], [0.18752197500191278, {"__complex__": [-84296.15625, -4.3833315510534866e-15]}, 663966], [0.19252241149897908, {"__complex__": [-84604.3125, -6.236873526618456e-16]}, 699962], [0.19752275891621854, {"__complex__": [-84444.9765625, 3.1613723869495158e-15]}, 736486], [0.202520204709918, {"__complex__": [-84171.7421875, 6.01732205729455e-16]}, 773868], [0.2075192312193462, {"__complex__": [-84430.890625, 8.588092992595361e-16]}, 813326], [0.21252078094835136, {"__complex__": [-83489.671875, -1.0833918795923373e-15]}, 852920], [0.217518623332359, {"__complex__": [-83276.34375, 4.663051052873537e-15]}, 892516], [0.22251541035688588, {"__complex__": [-83331.8203125, 2.3673730195557545e-15]}, 934323]]}, "attrs": {"poles": [0], "dk": 0.005, "kmin": 0.0, "kmax": null, "Nmesh": {"__dtype__": "<i8", "__shape__": [3], "__data__": [512, 512, 512]}, "BoxSize": {"__dtype__": "<f8", "__shape__": [3], "__data__": [3432.0, 7192.0, 3020.0]}, "BoxPad": {"__dtype__": "<f8", "__shape__": [3], "__data__": [0.1, 0.1, 0.1]}, "BoxCenter": {"__dtype__": "<f8", "__shape__": [3], "__data__": [-1750.1629678974402, 35.39290098772153, 1912.171961766124]}, "mesh.resampler": "tsc", "mesh.interlaced": true, "alpha": 0.05004288147717796, "data.norm": -1.488568141996361, "randoms.norm": -1.4873594177755443, "shotnoise": 54355.77193418446, "first.data.N": 240578, "first.data.W": 240578.0, "first.data.W2": 207350.38804318153, "first.data.num_per_cell": 0.0015448807779191549, "first.randoms.N": 4807437, "first.randoms.W": 4807437.0, "first.randoms.W2": 4143938.155815553, "first.randoms.num_per_cell": 0.03087474521857167, "first.data.ext": 1, "first.randoms.ext": 1, "second.data.N": 240578, "second.data.W": 240578.0, "second.data.W2": -98014.77330268397, "second.data.num_per_cell": -0.0007302669681808648, "second.randoms.N": 4807437, "second.randoms.W": 4807437.0, "second.randoms.W2": -1956847.5447547096, "second.randoms.num_per_cell": -0.014579650348087472, "second.data.ext": 1, "second.randoms.ext": 1}}, "attrs": {"poles": [0], "dk": 0.005, "kmin": 0.0, "kmax": null, "Nmesh": {"__dtype__": "<i8", "__shape__": [3], "__data__": [512, 512, 512]}, "BoxSize": {"__dtype__": "<f8", "__shape__": [3], "__data__": [3432.0, 7192.0, 3020.0]}, "BoxPad": {"__dtype__": "<f8", "__shape__": [3], "__data__": [0.1, 0.1, 0.1]}, "BoxCenter": {"__dtype__": "<f8", "__shape__": [3], "__data__": [-1750.1629678974402, 35.39290098772153, 1912.171961766124]}, "mesh.resampler": "tsc", "mesh.interlaced": true, "alpha": 0.05004288147717796, "data.norm": -1.488568141996361, "randoms.norm": -1.4873594177755443, "shotnoise": 54355.77193418446, "first.data.N": 240578, "first.data.W": 240578.0, "first.data.W2": 207350.38804318153, "first.data.num_per_cell": 0.0015448807779191549, "first.randoms.N": 4807437, "first.randoms.W": 4807437.0, "first.randoms.W2": 4143938.155815553, "first.randoms.num_per_cell": 0.03087474521857167, "first.data.ext": 1, "first.randoms.ext": 1, "second.data.N": 240578, "second.data.W": 240578.0, "second.data.W2": -98014.77330268397, "second.data.num_per_cell": -0.0007302669681808648, "second.randoms.N": 4807437, "second.randoms.W": 4807437.0, "second.randoms.W2": -1956847.5447547096, "second.randoms.num_per_cell": -0.014579650348087472, "second.data.ext": 1, "second.randoms.ext": 1, "p": 3.0, "zmin": 0.8, "zmax": 2.2, "P0_FKP": 30000.0, "z-weighted": true, "hashkeys": ["Nmesh", "P0_FKP", "dk", "kmin", "mesh.window", "mesh.interlaced", "poles", "p", "BoxPad", "zmin", "zmax", "z-weighted"]}}