{"poles": {"dims": ["k"], "edges": [{"__dtype__": "<f8", "__shape__": [56], "__data__": [0.0, 0.005, 0.01, 0.015, 0.02, 0.025, 0.03, 0.035, 0.04, 0.045, 0.05, 0.055, 0.06, 0.065, 0.07, 0.075, 0.08, 0.085, 0.09, 0.095, 0.1, 0.105, 0.11, 0.115, 0.12, 0.125, 0.13, 0.135, 0.14, 0.145, 0.15, 0.155, 0.16, 0.165, 0.17, 0.17500000000000002, 0.18, 0.185, 0.19, 0.195, 0.2, 0.20500000000000002, 0.21, 0.215, 0.22, 0.225, 0.23, 0.23500000000000001, 0.24, 0.245, 0.25, 0.255, 0.26, 0.265, 0.27, 0.275]}], "coords": [{"__dtype__": "<f8", "__shape__": [55], "__data__": [0.0025, 0.0075, 0.0125, 0.0175, 0.0225, 0.0275, 0.0325, 0.037500000000000006, 0.042499999999999996, 0.0475, 0.052500000000000005, 0.057499999999999996, 0.0625, 0.0675, 0.07250000000000001, 0.0775, 0.0825, 0.0875, 0.0925, 0.0975, 0.10250000000000001, 0.1075, 0.1125, 0.1175, 0.1225, 0.1275, 0.1325, 0.1375, 0.14250000000000002, 0.1475, 0.1525, 0.1575, 0.1625, 0.1675, 0.17250000000000001, 0.1775, 0.1825, 0.1875, 0.1925, 0.1975, 0.2025, 0.20750000000000002, 0.2125, 0.2175, 0.2225, 0.2275, 0.2325, 0.2375, 0.2425, 0.2475, 0.2525, 0.2575, 0.2625, 0.2675, 0.2725]}], "data": {"__dtype__": [["k", "<f8"], ["power_0", "<c8"], ["modes", "<i8"]], "__shape__": [55], "__data__": [[0.00381582870963149, {"__complex__": [64494.171875, 4.3223511250224667e-13]}, 101], [0.008101265444645324, {"__complex__": [98435.8359375, 1.4762812554445365e-13]}, 690], [0.012881094428097399, {"__complex__": [100422.21875, -1.1824415958091444e-13]}, 1846], [0.01776898906732117, {"__complex__": [117426.8359375, -4.463777573482722e-14]}, 3586], [0.022691540015953332, {"__complex__": [109065.3125, -4.958062972226611e-14]}, 5870], [0.027646924733755237, {"__complex__": [105326.078125, -4.17066825953577e-14]}, 8810], [0.03262381701015117, {"__complex__": [104637.21875, -3.786479864462816e-14]}, 12298], [0.03761603546573974, {"__complex__": [99228.8046875, 9.748542847531211e-15]}, 16420], [0.042615513382507485, {"__complex__": [91797.8515625, 2.626449947286391e-14]}, 21054], [0.04759756059586297, {"__complex__": [94771.671875, 2.669872074887846e-14]}, 26162], [0.05257971257242345, {"__complex__": [92518.203125, 2.5339495448748958e-14]}, 32016], [0.05757077253850946, {"__complex__": [90330.890625, 1.6660186007459374e-14]}, 38432], [0.06256656704432612, {"__complex__": [88376.4140625, -1.2001777542169738e-14]}, 45468], [0.06756224221830869, {"__complex__": [86855.0703125, -8.665784019187828e-15]}, 52896], [0.07255395967994632, {"__complex__": [86765.6796875, 2.3826695346106607e-16]}, 61074], [0.077549843044251, {"__complex__": [85234.4921875, 4.169603327362835e-16]}, 69800], [0.08254670444516676, {"__complex__": [84287.875, -1.4539032548418e-14]}, 79070], [0.0875450730828665, {"__complex__": [82359.03125, -3.594598611009279e-15]}, 89062], [0.09254706284502398, {"__complex__": [79868.2578125, -7.017762412175497e-15]}, 99532], [0.09754654727165055, {"__complex__": [81888.8203125, -1.4491840107761726e-15]}, 110456], [0.10254482204994865, {"__complex__": [80739.6015625, -1.6674317905151365e-15]}, 122180], [0.10754221436417905, {"__complex__": [79277.375, -2.603476465581076e-15]}, 134146], [0.11253731368411114, {"__complex__": [78829.0, -4.9977675569258615e-15]}, 147040], [0.11753494034207632, {"__complex__": [78591.5625, -8.163818424480418e-16]}, 160424], [0.12253330115342949, {"__complex__": [79323.2421875, -1.1685469181643617e-14]}, 174342], [0.12753356291363982, {"__complex__": [78174.609375, -4.309854407494491e-15]}, 189080], [0.13253370854762594, {"__complex__": [77898.140625, 8.562552302257683e-16]}, 203938], [0.13752961459817578, {"__complex__": [77359.7578125, -4.607889726249495e-15]}, 219484], [0.1425281107820362, {"__complex__": [76002.34375, -5.053347317825847e-15]}, 236132], [0.1475274145760076, {"__complex__": [77030.8046875, -2.6494680252763794e-15]}, 252650], [0.1525290822685407, {"__complex__": [76558.9765625, -2.6885458373583973e-16]}, 270628], [0.1575299612384668, {"__complex__": [75760.9375, 1.4901468417427457e-15]}, 288080], [0.16252169358652926, {"__complex__": [76296.09375, -2.020689845782858e-15]}, 306062], [0.16752062292264278, {"__complex__": [76599.875, -1.7484285749425e-15]}, 326672], [0.1725228620785395, {"__complex__": [75970.9453125, -3.2223765468437178e-15]}, 345466], [0.1775209487576261, {"__complex__": [75346.6328125, 1.4306322951654089e-15]}, 366180], [0.1825256448391732, {"__complex__": [74693.265625, 1.013333255129342e-15]}, 387732], [0.18752632321603607, {"__complex__": [75066.4375, -2.3005880715547787e-15]}, 407982], [0.19252140078705848, {"__complex__": [74599.859375, 2.722392479837291e-15]}, 430294], [0.19751872595109427, {"__complex__": [74552.3125, 2.304174832569927e-15]}, 453134], [0.20251834237475713, {"__complex__": [74077.0390625, 9.160866730044967e-16]}, 476546], [0.2075189401846281, {"__complex__": [74664.8046875, 7.852757221304301e-16]}, 500336], [0.21252015430968035, {"__complex__": [74149.875, 7.760459746811144e-16]}, 525038], [0.21752001193636755, {"__complex__": [73667.7265625, 4.635852613178964e-16]}, 549324], [0.22251920952356846, {"__complex__": [73579.8125, -2.781696697545913e-16]}, 575444], [0.22751862790843796, {"__complex__": [73600.515625, 1.857908748045421e-15]}, 601138], [0.23251697255054365, {"__complex__": [73852.390625, -2.36950923664873e-15]}, 627950], [0.23751700822531546, {"__complex__": [73615.328125, 1.7090184612473624e-15]}, 655638], [0.24251727793025477, {"__complex__": [73799.484375, 4.419895422287613e-15]}, 683166], [0.24751389003994526, {"__complex__": [73400.8046875, -1.3919401477721876e-15]}, 710900], [0.2525134489582163, {"__complex__": [73284.796875, 1.2558388938073667e-15]}, 741594], [0.2575160115814785, {"__complex__": [73365.4765625, -1.0010636652510083e-15]}, 770432], [0.2625147120015445, {"__complex__": [73000.5234375, -8.182833784750685e-16]}, 800256], [0.2675154267702453, {"__complex__": [73207.375, -3.086493192104578e-15]}, 832146], [0.2725162642594614, {"__complex__": [73566.109375, 1.5102069112743325e-15]}, 862396]]}, "attrs": {"poles": [0], "dk": 0.005, "kmin": 0.0, "kmax": null, "Nmesh": {"__dtype__": "<i8", "__shape__": [3], "__data__": [512, 512, 512]}, "BoxSize": {"__dtype__": "<f8", "__shape__": [3], "__data__": [2665.0, 5797.0, 2969.0]}, "BoxPad": {"__dtype__": "<f8", "__shape__": [3], "__data__": [0.1, 0.1, 0.1]}, "BoxCenter": {"__dtype__": "<f8", "__shape__": [3], "__data__": [2582.6659631740176, 44.45818371950327, 890.4509743382112]}, "mesh.resampler": "tsc", "mesh.interlaced": true, "alpha": 0.049923295454545456, "data.norm": 1.0344067297052293, "randoms.norm": 1.036482662664422, "shotnoise": 72383.33247439345, "first.data.N": 140584, "first.data.W": 140584.0, "first.data.W2": 125245.64293962617, "first.data.num_per_cell": 0.0009331527571352286, "first.randoms.N": 2816000, "first.randoms.W": 2816000.0, "first.randoms.W2": 2508954.182162565, "first.randoms.num_per_cell": 0.0186931653481913, "first.data.ext": 1, "first.randoms.ext": 1, "second.data.N": 140584, "second.data.W": 140584.0, "second.data.W2": 74753.19333036046, "second.data.num_per_cell": 0.0005569546917852794, "second.randoms.N": 2816000, "second.randoms.W": 2816000.0, "second.randoms.W2": 1500023.1795866555, "second.randoms.num_per_cell": 0.011176043596764322, "second.data.ext": 1, "second.randoms.ext": 1}}, "attrs": {"poles": [0], "dk": 0.005, "kmin": 0.0, "kmax": null, "Nmesh": {"__dtype__": "<i8", "__shape__": [3], "__data__": [512, 512, 512]}, "BoxSize": {"__dtype__": "<f8", "__shape__": [3], "__data__": [2665.0, 5797.0, 2969.0]}, "BoxPad": {"__dtype__": "<f8", "__shape__": [3], "__data__": [0.1, 0.1, 0.1]}, "BoxCenter": {"__dtype__": "<f8", "__shape__": [3], "__data__": [2582.6659631740176, 44.45818371950327, 890.4509743382112]}, "mesh.resampler": "tsc", "mesh.interlaced": true, "alpha": 0.049923295454545456, "data.norm": 1.0344067297052293, "randoms.norm": 1.036482662664422, "shotnoise": 72383.33247439345, "first.data.N": 140584, "first.data.W": 140584.0,