{"poles": {"dims": ["k"], "edges": [{"__dtype__": "<f8", "__shape__": [56], "__data__": [0.0, 0.005, 0.01, 0.015, 0.02, 0.025, 0.03, 0.035, 0.04, 0.045, 0.05, 0.055, 0.06, 0.065, 0.07, 0.075, 0.08, 0.085, 0.09, 0.095, 0.1, 0.105, 0.11, 0.115, 0.12, 0.125, 0.13, 0.135, 0.14, 0.145, 0.15, 0.155, 0.16, 0.165, 0.17, 0.17500000000000002, 0.18, 0.185, 0.19, 0.195, 0.2, 0.20500000000000002, 0.21, 0.215, 0.22, 0.225, 0.23, 0.23500000000000001, 0.24, 0.245, 0.25, 0.255, 0.26, 0.265, 0.27, 0.275]}], "coords": [{"__dtype__": "<f8", "__shape__": [55], "__data__": [0.0025, 0.0075, 0.0125, 0.0175, 0.0225, 0.0275, 0.0325, 0.037500000000000006, 0.042499999999999996, 0.0475, 0.052500000000000005, 0.057499999999999996, 0.0625, 0.0675, 0.07250000000000001, 0.0775, 0.0825, 0.0875, 0.0925, 0.0975, 0.10250000000000001, 0.1075, 0.1125, 0.1175, 0.1225, 0.1275, 0.1325, 0.1375, 0.14250000000000002, 0.1475, 0.1525, 0.1575, 0.1625, 0.1675, 0.17250000000000001, 0.1775, 0.1825, 0.1875, 0.1925, 0.1975, 0.2025, 0.20750000000000002, 0.2125, 0.2175, 0.2225, 0.2275, 0.2325, 0.2375, 0.2425, 0.2475, 0.2525, 0.2575, 0.2625, 0.2675, 0.2725]}], "data": {"__dtype__": [["k", "<f8"], ["power_0", "<c8"], ["modes", "<i8"]], "__shape__": [55], "__data__": [[0.00381582870963149, {"__complex__": [98049.3125, 1.6569012871794908e-12]}, 101], [0.008101265444645324, {"__complex__": [101706.0625, 1.3181082202280703e-13]}, 690], [0.012881094428097399, {"__complex__": [112091.203125, 7.882944649687321e-14]}, 1846], [0.01776898906732117, {"__complex__": [107163.6875, 2.028989836929708e-14]}, 3586], [0.022691540015953332, {"__complex__": [111664.25, -1.1899351946495496e-13]}, 5870], [0.027646924733755237, {"__complex__": [110287.109375, 1.982099617629015e-14]}, 8810], [0.03262381701015117, {"__complex__": [103178.1640625, 3.0765148051727434e-14]}, 12298], [0.03761603546573974, {"__complex__": [99825.25, 1.683839157516631e-14]}, 16420], [0.042615513382507485, {"__complex__": [94041.5703125, -4.838197137574992e-15]}, 21054], [0.04759756059586297, {"__complex__": [93708.5390625, 1.1124466555182885e-14]}, 26162], [0.05257971257242345, {"__complex__": [89159.96875, -2.3180525356744468e-14]}, 32016], [0.05757077253850946, {"__complex__": [90704.34375, -6.0582494187564565e-15]}, 38432], [0.06256656704432612, {"__complex__": [90350.3125, 8.801303361517885e-15]}, 45468], [0.06756224221830869, {"__complex__": [89650.78125, 2.6134905125999898e-15]}, 52896], [0.07255395967994632, {"__complex__": [86736.328125, 3.812271255377057e-15]}, 61074], [0.077549843044251, {"__complex__": [86670.8828125, -3.75264310050567e-15]}, 69800], [0.08254670444516676, {"__complex__": [85650.6953125, 8.649803895604928e-15]}, 79070], [0.0875450730828665, {"__complex__": [82257.390625, -2.240497013177717e-14]}, 89062], [0.09254706284502398, {"__complex__": [81845.4921875, -3.5088812060877486e-15]}, 99532], [0.09754654727165055, {"__complex__": [80839.2265625, 4.084063799360228e-15]}, 110456], [0.10254482204994865, {"__complex__": [80006.7890625, 2.7989032718968776e-15]}, 122180], [0.10754221436417905, {"__complex__": [80197.7265625, -8.678255414665845e-16]}, 134146], [0.11253731368411114, {"__complex__": [79720.859375, -5.9379415176096656e-15]}, 147040], [0.11753494034207632, {"__complex__": [78839.234375, 3.2655273697921672e-15]}, 160424], [0.12253330115342949, {"__complex__": [78959.0, -4.006446782271527e-15]}, 174342], [0.12753356291363982, {"__complex__": [78189.703125, -2.5012548354405324e-15]}, 189080], [0.13253370854762594, {"__complex__": [77740.7421875, -2.9968934116693076e-15]}, 203938], [0.13752961459817578, {"__complex__": [77609.4140625, -5.569248404460603e-15]}, 219484], [0.1425281107820362, {"__complex__": [77466.734375, 5.669609526732502e-15]}, 236132], [0.1475274145760076, {"__complex__": [76788.6796875, -5.183741687308542e-15]}, 252650], [0.1525290822685407, {"__complex__": [76985.8125, -4.462986105896807e-15]}, 270628], [0.1575299612384668, {"__complex__": [76347.7734375, -2.803496519811601e-15]}, 288080], [0.16252169358652926, {"__complex__": [76563.8203125, -4.7545643469111036e-17]}, 306062], [0.16752062292264278, {"__complex__": [76114.515625, 3.4745842067787115e-15]}, 326672], [0.1725228620785395, {"__complex__": [74955.7578125, -1.6006576421842382e-15]}, 345466], [0.1775209487576261, {"__complex__": [74678.609375, 9.736247740785341e-16]}, 366180], [0.1825256448391732, {"__complex__": [75081.078125, -5.06666627564671e-16]}, 387732], [0.18752632321603607, {"__complex__": [75286.375, 1.4267212528803601e-16]}, 407982], [0.19252140078705848, {"__complex__": [75274.109375, 1.2851045174097132e-15]}, 430294], [0.19751872595109427, {"__complex__": [74509.4140625, -6.67969801039915e-15]}, 453134], [0.20251834237475713, {"__complex__": [75011.421875, -7.328693701673329e-16]}, 476546], [0.2075189401846281, {"__complex__": [74236.6015625, -8.434442804150207e-16]}, 500336], [0.21252015430968035, {"__complex__": [74111.8359375, -1.940114936702786e-16]}, 525038], [0.21752001193636755, {"__complex__": [73941.9609375, -4.172267457740186e-15]}, 549324], [0.22251920952356846, {"__complex__": [74039.3515625, 1.8713232088310872e-15]}, 575444], [0.22751862790843796, {"__complex__": [73860.4375, -7.625292876066263e-16]}, 601138], [0.23251697255054365, {"__complex__": [73844.03125, -5.56168450612074e-16]}, 627950], [0.23751700822531546, {"__complex__": [73488.7421875, 1.7756036682914638e-16]}, 655638], [0.24251727793025477, {"__complex__": [73393.4375, 2.3963290526158795e-15]}, 683166], [0.24751389003994526, {"__complex__": [73713.8046875, -9.109019843343532e-16]}, 710900], [0.2525134489582163, {"__complex__": [73608.96875, -6.671643891741064e-16]}, 741594], [0.2575160115814785, {"__complex__": [73674.546875, -3.3526190856706176e-15]}, 770432], [0.2625147120015445, {"__complex__": [73918.46875, 1.891143779796838e-15]}, 800256], [0.2675154267702453, {"__complex__": [73665.2109375, -7.344630097180327e-16]}, 832146], [0.2725162642594614, {"__complex__": [73336.25, 8.099433861972843e-16]}, 862396]]}, "attrs": {"poles": [0], "dk": 0.005, "kmin": 0.0, "kmax": null, "Nmesh": {"__dtype__": "<i8", "__shape__": [3], "__data__": [512, 512, 512]}, "BoxSize": {"__dtype__": "<f8", "__shape__": [3], "__data__": [2665.0, 5797.0, 2969.0]}, "BoxPad": {"__dtype__": "<f8", "__shape__": [3], "__data__": [0.1, 0.1, 0.1]}, "BoxCenter": {"__dtype__": "<f8", "__shape__": [3], "__data__": [2582.6659631740176, 44.45818371950327, 890.4509743382112]}, "mesh.resampler": "tsc", "mesh.interlaced": true, "alpha": 0.05010973011363636, "data.norm": 1.0401563780202587, "randoms.norm": 1.0403533264519003, "shotnoise": 72480.37519744, "first.data.N": 141109, "first.data.W": 141109.0, "first.data.W2": 125722.16714629249, "first.data.num_per_cell": 0.0009367031391433812, "first.randoms.N": 2816000, "first.randoms.W": 2816000.0, "first.randoms.W2": 2508954.182162565, "first.randoms.num_per_cell": 0.0186931653481913, "first.data.ext": 1, "first.randoms.ext": 1, "second.data.N": 141109, "second.data.W": 141109.0, "second.data.W2": 75146.46380912453, "second.data.num_per_cell": 0.0005598847851837019, "second.randoms.N": 2816000, "second.randoms.W": 2816000.0, "second.randoms.W2": 1500023.1795866555, "second.randoms.num_per_cell": 0.011176043596764322, "second.data.ext": 1, "second.randoms.ext": 1}}, "attrs": {"poles": [0], "dk": 0.005, "kmin": 0.0, "kmax": null, "Nmesh": {"__dtype__": "<i8", "__shape__": [3], "__data__": [512, 512, 512]}, "BoxSize": {"__dtype__": "<f8", "__shape__": [3], "__data__": [2665.0, 5797.0, 2969.0]}, "BoxPad": {"__dtype__": "<f8", "__shape__": [3], "__data__": [0.1, 0.1, 0.1]}, "BoxCenter": {"__dtype__": "<f8", "__shape__": [3], "__data__": [2582.6659631740176, 44.45818371950327, 890.4509743382112]}, "mesh.resampler": "tsc", "mesh.interlaced": true, "alpha": 0.05010973011363636, "data.norm": 1.0401563780202587, "randoms.norm": 1.0403533264519003, "shotnoise": 72480.37519744, "first.data.N": 141109, "first.data.W": 141109.0,