{"poles": {"dims": ["k"], "edges": [{"__dtype__": "<f8", "__shape__": [46], "__data__": [0.0, 0.005, 0.01, 0.015, 0.02, 0.025, 0.03, 0.035, 0.04, 0.045, 0.05, 0.055, 0.06, 0.065, 0.07, 0.075, 0.08, 0.085, 0.09, 0.095, 0.1, 0.105, 0.11, 0.115, 0.12, 0.125, 0.13, 0.135, 0.14, 0.145, 0.15, 0.155, 0.16, 0.165, 0.17, 0.17500000000000002, 0.18, 0.185, 0.19, 0.195, 0.2, 0.20500000000000002, 0.21, 0.215, 0.22, 0.225]}], "coords": [{"__dtype__": "<f8", "__shape__": [45], "__data__": [0.0025, 0.0075, 0.0125, 0.0175, 0.0225, 0.0275, 0.0325, 0.037500000000000006, 0.042499999999999996, 0.0475, 0.052500000000000005, 0.057499999999999996, 0.0625, 0.0675, 0.07250000000000001, 0.0775, 0.0825, 0.0875, 0.0925, 0.0975, 0.10250000000000001, 0.1075, 0.1125, 0.1175, 0.1225, 0.1275, 0.1325, 0.1375, 0.14250000000000002, 0.1475, 0.1525, 0.1575, 0.1625, 0.1675, 0.17250000000000001, 0.1775, 0.1825, 0.1875, 0.1925, 0.1975, 0.2025, 0.20750000000000002, 0.2125, 0.2175, 0.2225]}], "data": {"__dtype__": [["k", "<f8"], ["power_0", "<c8"], ["modes", "<i8"]], "__shape__": [45], "__data__": [[0.0038124604949970986, {"__complex__": [-110603.984375, -1.045646642189313e-12]}, 167], [0.008045304719267473, {"__complex__": [-144482.96875, 7.262508736755047e-13]}, 1082], [0.012809912756659051, {"__complex__": [-132674.203125, 2.096958267834917e-13]}, 2984], [0.017715433309244185, {"__complex__": [-133269.140625, 1.0025432496977779e-13]}, 5806], [0.022669091647761614, {"__complex__": [-133007.34375, 1.2126596317277132e-14]}, 9600], [0.02765002119246127, {"__complex__": [-132492.9375, 4.8594124329916916e-14]}, 14374], [0.03263290233536856, {"__complex__": [-122680.4375, -5.3912173255407994e-14]}, 19974], [0.03761272013936665, {"__complex__": [-117080.2109375, -3.340609852544446e-14]}, 26572], [0.04260175757545894, {"__complex__": [-111337.7421875, -8.165199067008619e-14]}, 34218], [0.047587548630681535, {"__complex__": [-110762.0, -7.193743247846471e-15]}, 42480], [0.052570104151228036, {"__complex__": [-110212.2265625, 3.3529758982996484e-15]}, 52080], [0.05756944955461065, {"__complex__": [-104847.1875, -4.649471314784037e-16]}, 62596], [0.06257077522949148, {"__complex__": [-104941.8125, 1.6556873398882767e-14]}, 73828], [0.06756176768890902, {"__complex__": [-102770.2578125, 2.0315865011328108e-14]}, 85954], [0.07255121859525904, {"__complex__": [-101522.6875, 3.1707357009067016e-14]}, 99132], [0.07755262400137602, {"__complex__": [-100224.7578125, -9.39814903417463e-15]}, 113806], [0.08255332089930578, {"__complex__": [-99288.4375, -7.252952544925442e-15]}, 128406], [0.08755113966916353, {"__complex__": [-96276.9921875, 2.215690298064659e-14]}, 144776], [0.0925464539210429, {"__complex__": [-93873.4140625, -2.5703723004200096e-15]}, 161350], [0.0975407696852722, {"__complex__": [-93612.3984375, 1.6008663511024417e-14]}, 179528], [0.10253936843338714, {"__complex__": [-92698.890625, -4.912967276927971e-15]}, 198450], [0.10753330829635703, {"__complex__": [-91883.890625, 1.843502665788404e-14]}, 217864], [0.11253145908249744, {"__complex__": [-90777.1328125, -3.6482242668999486e-15]}, 239326], [0.11753431416740862, {"__complex__": [-90462.8125, -2.901121725663869e-15]}, 260830], [0.12253334462183928, {"__complex__": [-89675.0234375, -2.2087582651276246e-15]}, 283296], [0.12753220666506468, {"__complex__": [-89444.0546875, 2.0373401841852724e-15]}, 307132], [0.13253184583720862, {"__complex__": [-88423.0, 2.238837252117572e-15]}, 331488], [0.1375304034136141, {"__complex__": [-88775.7421875, 3.5053069388085722e-15]}, 357020], [0.1425296880354727, {"__complex__": [-88084.109375, 0.0]}, 383528], [0.1475269696696561, {"__complex__": [-87158.625, -5.707912356607342e-15]}, 410458], [0.15252572158497293, {"__complex__": [-87844.3984375, 8.210684228056406e-15]}, 439534], [0.15752614553798203, {"__complex__": [-86296.8984375, 5.22128769324501e-15]}, 468222], [0.16252439198132457, {"__complex__": [-86184.9296875, -5.836665149768478e-17]}, 498638], [0.1675237007706474, {"__complex__": [-85528.6640625, 2.801191531403885e-15]}, 529880], [0.1725250298734758, {"__complex__": [-86181.015625, -4.659594946690502e-16]}, 562140], [0.1775249124979596, {"__complex__": [-85085.609375, -5.675073312758766e-15]}, 594890], [0.18252291001219376, {"__complex__": [-85414.5625, 5.509037914437978e-15]}, 628668], [0.18752197500191278, {"__complex__": [-84526.859375, 2.5313738447372376e-15]}, 663966], [0.19252241149897908, {"__complex__": [-85103.9921875, 4.365811521572479e-15]}, 699962], [0.19752275891621854, {"__complex__": [-85002.265625, 7.854034123472287e-16]}, 736486], [0.202520204709918, {"__complex__": [-84917.0, -3.7608262858090935e-16]}, 773868], [0.2075192312193462, {"__complex__": [-83193.53125, -3.1489673776787398e-15]}, 813326], [0.21252078094835136, {"__complex__": [-83895.3671875, -3.3269514462699705e-15]}, 852920], [0.217518623332359, {"__complex__": [-83731.953125, -2.7228306076292584e-15]}, 892516], [0.22251541035688588, {"__complex__": [-84017.4140625, -1.5652696644391376e-15]}, 934323]]}, "attrs": {"poles": [0], "dk": 0.005, "kmin": 0.0, "kmax": null, "Nmesh": {"__dtype__": "<i8", "__shape__": [3], "__data__": [512, 512, 512]}, "BoxSize": {"__dtype__": "<f8", "__shape__": [3], "__data__": [3432.0, 7192.0, 3020.0]}, "BoxPad": {"__dtype__": "<f8", "__shape__": [3], "__data__": [0.1, 0.1, 0.1]}, "BoxCenter": {"__dtype__": "<f8", "__shape__": [3], "__data__": [-1750.1629678974402, 35.39290098772153, 1912.171961766124]}, "mesh.resampler": "tsc", "mesh.interlaced": true, "alpha": 0.049800756619379515, "data.norm": -1.4864387060817392, "randoms.norm": -1.4801630558376664, "shotnoise": 54533.969003991064, "first.data.N": 239414, "first.data.W": 239414.0, "first.data.W2": 206228.5216775753, "first.data.num_per_cell": 0.0015365222221432277, "first.randoms.N": 4807437, "first.randoms.W": 4807437.0, "first.randoms.W2": 4143938.155815553, "first.randoms.num_per_cell": 0.03087474521857167, "first.data.ext": 1, "first.randoms.ext": 1, "second.data.N": 239414, "second.data.W": 239414.0, "second.data.W2": -97884.06248291777, "second.data.num_per_cell": -0.0007292930966833068, "second.randoms.N": 4807437, "second.randoms.W": 4807437.0, "second.randoms.W2": -1956847.5447547096, "second.randoms.num_per_cell": -0.014579650348087472, "second.data.ext": 1, "second.randoms.ext": 1}}, "attrs": {"poles": [0], "dk": 0.005, "kmin": 0.0, "kmax": null, "Nmesh": {"__dtype__": "<i8", "__shape__": [3], "__data__": [512, 512, 512]}, "BoxSize": {"__dtype__": "<f8", "__shape__": [3], "__data__": [3432.0, 7192.0, 3020.0]}, "BoxPad": {"__dtype__": "<f8", "__shape__": [3], "__data__": [0.1, 0.1, 0.1]}, "BoxCenter": {"__dtype__": "<f8", "__shape__": [3], "__data__": [-1750.1629678974402, 35.39290098772153, 1912.171961766124]}, "mesh.resampler": "tsc", "mesh.interlaced": true, "alpha": 0.049800756619379515, "data.norm": -1.4864387060817392, "randoms.norm": -1.4801630558376664, "shotnoise": 54533.969003991064, "first.data.N": 239414, "first.data.W": 239414.0, "first.data.W2": 206228.5216775753, "first.data.num_per_cell": 0.0015365222221432277, "first.randoms.N": 4807437, "first.randoms.W": 4807437.0, "first.randoms.W2": 4143938.155815553, "first.randoms.num_per_cell": 0.03087474521857167, "first.data.ext": 1, "first.randoms.ext": 1, "second.data.N": 239414, "second.data.W": 239414.0, "second.data.W2": -97884.06248291777, "second.data.num_per_cell": -0.0007292930966833068, "second.randoms.N": 4807437, "second.randoms.W": 4807437.0, "second.randoms.W2": -1956847.5447547096, "second.randoms.num_per_cell": -0.014579650348087472, "second.data.ext": 1, "second.randoms.ext": 1, "p": 3.0, "zmin": 0.8, "zmax": 2.2, "P0_FKP": 30000.0, "z-weighted": true, "hashkeys": ["Nmesh", "P0_FKP", "dk", "kmin", "mesh.window", "mesh.interlaced", "poles", "p", "BoxPad", "zmin", "zmax", "z-weighted"]}}