{"poles": {"dims": ["k"], "edges": [{"__dtype__": "<f8", "__shape__": [46], "__data__": [0.0, 0.005, 0.01, 0.015, 0.02, 0.025, 0.03, 0.035, 0.04, 0.045, 0.05, 0.055, 0.06, 0.065, 0.07, 0.075, 0.08, 0.085, 0.09, 0.095, 0.1, 0.105, 0.11, 0.115, 0.12, 0.125, 0.13, 0.135, 0.14, 0.145, 0.15, 0.155, 0.16, 0.165, 0.17, 0.17500000000000002, 0.18, 0.185, 0.19, 0.195, 0.2, 0.20500000000000002, 0.21, 0.215, 0.22, 0.225]}], "coords": [{"__dtype__": "<f8", "__shape__": [45], "__data__": [0.0025, 0.0075, 0.0125, 0.0175, 0.0225, 0.0275, 0.0325, 0.037500000000000006, 0.042499999999999996, 0.0475, 0.052500000000000005, 0.057499999999999996, 0.0625, 0.0675, 0.07250000000000001, 0.0775, 0.0825, 0.0875, 0.0925, 0.0975, 0.10250000000000001, 0.1075, 0.1125, 0.1175, 0.1225, 0.1275, 0.1325, 0.1375, 0.14250000000000002, 0.1475, 0.1525, 0.1575, 0.1625, 0.1675, 0.17250000000000001, 0.1775, 0.1825, 0.1875, 0.1925, 0.1975, 0.2025, 0.20750000000000002, 0.2125, 0.2175, 0.2225]}], "data": {"__dtype__": [["k", "<f8"], ["power_0", "<c8"], ["modes", "<i8"]], "__shape__": [45], "__data__": [[0.0038124604949970986, {"__complex__": [96594.109375, 3.049802706385496e-13]}, 167], [0.008045304719267473, {"__complex__": [124304.328125, 6.321072137938089e-13]}, 1082], [0.012809912756659051, {"__complex__": [104713.7421875, -1.9506589404730615e-14]}, 2984], [0.017715433309244185, {"__complex__": [112066.9921875, 4.010173134316383e-14]}, 5806], [0.022669091647761614, {"__complex__": [107642.7265625, 2.1221543131718507e-14]}, 9600], [0.02765002119246127, {"__complex__": [103689.4609375, -8.09902072165282e-15]}, 14374], [0.03263290233536856, {"__complex__": [99128.25, 4.881237083910646e-14]}, 19974], [0.03761272013936665, {"__complex__": [92256.1640625, 1.0952818928311827e-15]}, 26572], [0.04260175757545894, {"__complex__": [92057.90625, 2.5516247084401934e-15]}, 34218], [0.047587548630681535, {"__complex__": [88068.796875, -1.635720232222651e-14]}, 42480], [0.052570104151228036, {"__complex__": [87411.40625, 3.911805249975963e-15]}, 52080], [0.05756944955461065, {"__complex__": [83791.4921875, -1.1333085899652173e-15]}, 62596], [0.06257077522949148, {"__complex__": [83504.0546875, -4.139218349720692e-15]}, 73828], [0.06756176768890902, {"__complex__": [82779.0078125, -2.3701841101494547e-15]}, 85954], [0.07255121859525904, {"__complex__": [80204.765625, 1.541329866371771e-15]}, 99132], [0.07755262400137602, {"__complex__": [80492.0703125, -9.589948210135578e-16]}, 113806], [0.08255332089930578, {"__complex__": [77909.96875, -3.0598391828368533e-15]}, 128406], [0.08755113966916353, {"__complex__": [77383.0625, -3.266682722732222e-15]}, 144776], [0.0925464539210429, {"__complex__": [76642.46875, 3.607540056833463e-16]}, 161350], [0.0975407696852722, {"__complex__": [74907.15625, -1.0699460997634462e-14]}, 179528], [0.10253936843338714, {"__complex__": [75263.078125, 9.679278422335385e-15]}, 198450], [0.10753330829635703, {"__complex__": [74209.9296875, -1.5362522214903366e-15]}, 217864], [0.11253145908249744, {"__complex__": [73481.7265625, 3.040186800850692e-16]}, 239326], [0.11753431416740862, {"__complex__": [73318.984375, -4.184310148667774e-15]}, 260830], [0.12253334462183928, {"__complex__": [73423.7109375, -2.8765221948097094e-15]}, 283296], [0.12753220666506468, {"__complex__": [72792.8828125, -4.69062028124077e-15]}, 307132], [0.13253184583720862, {"__complex__": [72705.6953125, -1.5803557447462103e-15]}, 331488], [0.1375304034136141, {"__complex__": [71653.75, -8.151876848110908e-17]}, 357020], [0.1425296880354727, {"__complex__": [71796.2734375, 2.807726390591952e-15]}, 383528], [0.1475269696696561, {"__complex__": [70769.3359375, 1.5599263688496207e-15]}, 410458], [0.15252572158497293, {"__complex__": [70066.59375, 1.953348397135536e-15]}, 439534], [0.15752614553798203, {"__complex__": [70429.8203125, 6.215818405132083e-16]}, 468222], [0.16252439198132457, {"__complex__": [69908.21875, 1.7509995316956537e-15]}, 498638], [0.1675237007706474, {"__complex__": [69749.90625, 4.874622518922242e-15]}, 529880], [0.1725250298734758, {"__complex__": [70011.3125, -7.37769191069403e-16]}, 562140], [0.1775249124979596, {"__complex__": [69740.75, 1.0273839435375148e-15]}, 594890], [0.18252291001219376, {"__complex__": [69537.6875, 9.80863411766651e-16]}, 628668], [0.18752197500191278, {"__complex__": [68903.4375, 2.4327489282489727e-15]}, 663966], [0.19252241149897908, {"__complex__": [68872.2421875, 1.9204373554864438e-15]}, 699962], [0.19752275891621854, {"__complex__": [68812.65625, -2.7662007591714875e-16]}, 736486], [0.202520204709918, {"__complex__": [68501.5703125, 1.3915057257493646e-15]}, 773868], [0.2075192312193462, {"__complex__": [68304.0078125, -1.878645385143627e-15]}, 813326], [0.21252078094835136, {"__complex__": [68199.15625, -1.2284128140082197e-15]}, 852920], [0.217518623332359, {"__complex__": [68250.4375, -1.3400157575560782e-15]}, 892516], [0.22251541035688588, {"__complex__": [68082.015625, -1.0123634553442951e-16]}, 934323]]}, "attrs": {"poles": [0], "dk": 0.005, "kmin": 0.0, "kmax": null, "Nmesh": {"__dtype__": "<i8", "__shape__": [3], "__data__": [512, 512, 512]}, "BoxSize": {"__dtype__": "<f8", "__shape__": [3], "__data__": [3432.0, 7192.0, 3020.0]}, "BoxPad": {"__dtype__": "<f8", "__shape__": [3], "__data__": [0.1, 0.1, 0.1]}, "BoxCenter": {"__dtype__": "<f8", "__shape__": [3], "__data__": [-1750.1629678974402, 35.39290098772153, 1912.171961766124]}, "mesh.resampler": "tsc", "mesh.interlaced": true, "alpha": 0.049797636453686234, "data.norm": 1.788610720956495, "randoms.norm": 1.7915221339955425, "shotnoise": 66712.91169140884, "first.data.N": 239399, "first.data.W": 239399.0, "first.data.W2": 206253.75449059828, "first.data.num_per_cell": 0.0015367102212503424, "first.randoms.N": 4807437, "first.randoms.W": 4807437.0, "first.randoms.W2": 4143938.155815553, "first.randoms.num_per_cell": 0.03087474521857167, "first.data.ext": 1, "first.randoms.ext": 1, "second.data.N": 239399, "second.data.W": 239399.0, "second.data.W2": 122256.81083534873, "second.data.num_per_cell": 0.0009108842226516361, "second.randoms.N": 4807437, "second.randoms.W": 4807437.0, "second.randoms.W2": 2461211.5208428167, "second.randoms.num_per_cell": 0.018337454802116876, "second.data.ext": 1, "second.randoms.ext": 1}}, "attrs": {"poles": [0], "dk": 0.005, "kmin": 0.0, "kmax": null, "Nmesh": {"__dtype__": "<i8", "__shape__": [3], "__data__": [512, 512, 512]}, "BoxSize": {"__dtype__": "<f8", "__shape__": [3], "__data__": [3432.0, 7192.0, 3020.0]}, "BoxPad": {"__dtype__": "<f8", "__shape__": [3], "__data__": [0.1, 0.1, 0.1]}, "BoxCenter": {"__dtype__": "<f8", "__shape__": [3], "__data__": [-1750.1629678974402, 35.39290098772153, 1912.171961766124]}, "mesh.resampler": "tsc", "mesh.interlaced": true, "alpha": 0.049797636453686234, "data.norm": 1.788610720956495, "randoms.norm": 1.7915221339955425, "shotnoise": 66712.91169140884, "first.data.N": 239399, "first.data.W": 239399.0, "first.data.W2": 206253.75449059828, "first.data.num_per_cell": 0.0015367102212503424, "first.randoms.N": 4807437, "first.randoms.W": 4807437.0, "first.randoms.W2": 4143938.155815553, "first.randoms.num_per_cell": 0.03087474521857167, "first.data.ext": 1, "first.randoms.ext": 1, "second.data.N": 239399, "second.data.W": 239399.0, "second.data.W2": 122256.81083534873, "second.data.num_per_cell": 0.0009108842226516361, "second.randoms.N": 4807437, "second.randoms.W": 4807437.0, "second.randoms.W2": 2461211.5208428167, "second.randoms.num_per_cell": 0.018337454802116876, "second.data.ext": 1, "second.randoms.ext": 1, "p": 1.6, "zmin": 0.8, "zmax": 2.2, "P0_FKP": 30000.0, "z-weighted": true, "hashkeys": ["Nmesh", "P0_FKP", "dk", "kmin", "mesh.window", "mesh.interlaced", "poles", "p", "BoxPad", "zmin", "zmax", "z-weighted"]}}