{"poles": {"dims": ["k"], "edges": [{"__dtype__": "<f8", "__shape__": [56], "__data__": [0.0, 0.005, 0.01, 0.015, 0.02, 0.025, 0.03, 0.035, 0.04, 0.045, 0.05, 0.055, 0.06, 0.065, 0.07, 0.075, 0.08, 0.085, 0.09, 0.095, 0.1, 0.105, 0.11, 0.115, 0.12, 0.125, 0.13, 0.135, 0.14, 0.145, 0.15, 0.155, 0.16, 0.165, 0.17, 0.17500000000000002, 0.18, 0.185, 0.19, 0.195, 0.2, 0.20500000000000002, 0.21, 0.215, 0.22, 0.225, 0.23, 0.23500000000000001, 0.24, 0.245, 0.25, 0.255, 0.26, 0.265, 0.27, 0.275]}], "coords": [{"__dtype__": "<f8", "__shape__": [55], "__data__": [0.0025, 0.0075, 0.0125, 0.0175, 0.0225, 0.0275, 0.0325, 0.037500000000000006, 0.042499999999999996, 0.0475, 0.052500000000000005, 0.057499999999999996, 0.0625, 0.0675, 0.07250000000000001, 0.0775, 0.0825, 0.0875, 0.0925, 0.0975, 0.10250000000000001, 0.1075, 0.1125, 0.1175, 0.1225, 0.1275, 0.1325, 0.1375, 0.14250000000000002, 0.1475, 0.1525, 0.1575, 0.1625, 0.1675, 0.17250000000000001, 0.1775, 0.1825, 0.1875, 0.1925, 0.1975, 0.2025, 0.20750000000000002, 0.2125, 0.2175, 0.2225, 0.2275, 0.2325, 0.2375, 0.2425, 0.2475, 0.2525, 0.2575, 0.2625, 0.2675, 0.2725]}], "data": {"__dtype__": [["k", "<f8"], ["power_0", "<c8"], ["modes", "<i8"]], "__shape__": [55], "__data__": [[0.00381582870963149, {"__complex__": [63656.70703125, -2.8815673263314634e-13]}, 101], [0.008101265444645324, {"__complex__": [116141.640625, 1.5817299455888473e-13]}, 690], [0.012881094428097399, {"__complex__": [122727.578125, -1.340100583670581e-13]}, 1846], [0.01776898906732117, {"__complex__": [131526.671875, -1.1362343222331636e-13]}, 3586], [0.022691540015953332, {"__complex__": [113881.3671875, 4.462256641122632e-14]}, 5870], [0.027646924733755237, {"__complex__": [110435.7265625, -1.3213997733204415e-14]}, 8810], [0.03262381701015117, {"__complex__": [105354.5703125, 3.4906610615241876e-14]}, 12298], [0.03761603546573974, {"__complex__": [103879.5546875, 9.305426878537543e-15]}, 16420], [0.042615513382507485, {"__complex__": [96739.3984375, 4.4234947193903806e-14]}, 21054], [0.04759756059586297, {"__complex__": [93561.3203125, -1.1124466555182885e-14]}, 26162], [0.05257971257242345, {"__complex__": [89994.765625, -2.136244367436247e-14]}, 32016], [0.05757077253850946, {"__complex__": [90385.515625, -6.0582494187564565e-15]}, 38432], [0.06256656704432612, {"__complex__": [89326.8984375, 1.2801895875574464e-14]}, 45468], [0.06756224221830869, {"__complex__": [89946.4453125, 5.502085468006915e-15]}, 52896], [0.07255395967994632, {"__complex__": [88606.0390625, 8.101075623582858e-15]}, 61074], [0.077549843044251, {"__complex__": [85405.6015625, -2.501761996417701e-15]}, 69800], [0.08254670444516676, {"__complex__": [85228.3984375, 6.625382022656468e-15]}, 79070], [0.0875450730828665, {"__complex__": [82297.0703125, -1.7972993055046394e-15]}, 89062], [0.09254706284502398, {"__complex__": [82528.7578125, -9.320465948516043e-15]}, 99532], [0.09754654727165055, {"__complex__": [80375.6640625, -8.2998717152046e-15]}, 110456], [0.10254482204994865, {"__complex__": [80626.3984375, 5.002295371545409e-15]}, 122180], [0.10754221436417905, {"__complex__": [80080.8359375, 1.4102164717959753e-15]}, 134146], [0.11253731368411114, {"__complex__": [79444.90625, -4.9482847391802125e-15]}, 147040], [0.11753494034207632, {"__complex__": [78321.984375, -3.2655273697921672e-15]}, 160424], [0.12253330115342949, {"__complex__": [78257.1953125, 2.462295343273334e-15]}, 174342], [0.12753356291363982, {"__complex__": [77686.2890625, 1.9240420894819417e-16]}, 189080], [0.13253370854762594, {"__complex__": [76615.2734375, -4.852113041865433e-15]}, 203938], [0.13752961459817578, {"__complex__": [77197.921875, -4.110635646432069e-15]}, 219484], [0.1425281107820362, {"__complex__": [76350.5078125, 7.395142906989837e-16]}, 236132], [0.1475274145760076, {"__complex__": [77512.4453125, 6.7388645323142836e-15]}, 252650], [0.1525290822685407, {"__complex__": [76824.6796875, 4.140360573650064e-15]}, 270628], [0.1575299612384668, {"__complex__": [76078.4453125, 3.182347463822374e-15]}, 288080], [0.16252169358652926, {"__complex__": [75895.90625, 4.041379691565716e-15]}, 306062], [0.16752062292264278, {"__complex__": [75696.828125, 4.565959901294513e-15]}, 326672], [0.1725228620785395, {"__complex__": [75579.546875, 3.66466348234026e-15]}, 345466], [0.1775209487576261, {"__complex__": [75006.9140625, 7.947957636526376e-17]}, 366180], [0.1825256448391732, {"__complex__": [74553.328125, 1.3417282464171895e-15]}, 387732], [0.18752632321603607, {"__complex__": [75234.5, 8.4711579766445365e-16]}, 407982], [0.19252140078705848, {"__complex__": [75741.96875, 4.176589866870025e-15]}, 430294], [0.19751872595109427, {"__complex__": [74814.015625, 4.865261110789188e-15]}, 453134], [0.20251834237475713, {"__complex__": [75050.4453125, -6.107244530812944e-17]}, 476546], [0.2075189401846281, {"__complex__": [74434.8203125, 3.868210158246678e-15]}, 500336], [0.21252015430968035, {"__complex__": [74682.625, -3.956448544977474e-15]}, 525038], [0.21752001193636755, {"__complex__": [74495.734375, 4.4769092099673e-15]}, 549324], [0.22251920952356846, {"__complex__": [74203.578125, -6.195597081703162e-16]}, 575444], [0.22751862790843796, {"__complex__": [74410.6796875, -3.591755121405346e-15]}, 601138], [0.23251697255054365, {"__complex__": [74238.421875, -2.6881473612962734e-15]}, 627950], [0.23751700822531546, {"__complex__": [73981.5234375, -1.370544095524544e-15]}, 655638], [0.24251727793025477, {"__complex__": [73735.6484375, -9.90482635553026e-16]}, 683166], [0.24751389003994526, {"__complex__": [73705.8203125, -2.74294086386297e-15]}, 710900], [0.2525134489582163, {"__complex__": [73522.109375, 4.758452161964552e-16]}, 741594], [0.2575160115814785, {"__complex__": [73725.140625, 1.7849154720575447e-15]}, 770432], [0.2625147120015445, {"__complex__": [73911.09375, 1.7456711650618321e-15]}, 800256], [0.2675154267702453, {"__complex__": [73544.1796875, 2.8679032110549233e-15]}, 832146], [0.2725162642594614, {"__complex__": [73504.6953125, -1.0630507010013805e-15]}, 862396]]}, "attrs": {"poles": [0], "dk": 0.005, "kmin": 0.0, "kmax": null, "Nmesh": {"__dtype__": "<i8", "__shape__": [3], "__data__": [512, 512, 512]}, "BoxSize": {"__dtype__": "<f8", "__shape__": [3], "__data__": [2665.0, 5797.0, 2969.0]}, "BoxPad": {"__dtype__": "<f8", "__shape__": [3], "__data__": [0.1, 0.1, 0.1]}, "BoxCenter": {"__dtype__": "<f8", "__shape__": [3], "__data__": [2582.6659631740176, 44.45818371950327, 890.4509743382112]}, "mesh.resampler": "tsc", "mesh.interlaced": true, "alpha": 0.049859375, "data.norm": 1.0353759130651239, "randoms.norm": 1.0351555779372865, "shotnoise": 72486.24091438534, "first.data.N": 140404, "first.data.W": 140404.0, "first.data.W2": 125097.35326922534, "first.data.num_per_cell": 0.0009320479129942159, "first.randoms.N": 2816000, "first.randoms.W": 2816000.0, "first.randoms.W2": 2508954.182162565, "first.randoms.num_per_cell": 0.0186931653481913, "first.data.ext": 1, "first.randoms.ext": 1, "second.data.N": 140404, "second.data.W": 140404.0, "second.data.W2": 74796.2770709194, "second.data.num_per_cell": 0.0005572756906667307, "second.randoms.N": 2816000, "second.randoms.W": 2816000.0, "second.randoms.W2": 1500023.1795866555, "second.randoms.num_per_cell": 0.011176043596764322, "second.data.ext": 1, "second.randoms.ext": 1}}, "attrs": {"poles": [0], "dk": 0.005, "kmin": 0.0, "kmax": null, "Nmesh": {"__dtype__": "<i8", "__shape__": [3], "__data__": [512, 512, 512]}, "BoxSize": {"__dtype__": "<f8", "__shape__": [3], "__data__": [2665.0, 5797.0, 2969.0]}, "BoxPad": {"__dtype__": "<f8", "__shape__": [3], "__data__": [0.1, 0.1, 0.1]}, "BoxCenter": {"__dtype__": "<f8", "__shape__": [3], "__data__": [2582.6659631740176, 44.45818371950327, 890.4509743382112]}, "mesh.resampler": "tsc", "mesh.interlaced": true, "alpha": 0.049859375, "data.norm": 1.0353759130651239, "randoms.norm": 1.0351555779372865, "shotnoise": 72486.24091438534, "first.data.N": 140404, "first.data.W": 140404.0,