{"poles": {"dims": ["k"], "edges": [{"__dtype__": "<f8", "__shape__": [56], "__data__": [0.0, 0.005, 0.01, 0.015, 0.02, 0.025, 0.03, 0.035, 0.04, 0.045, 0.05, 0.055, 0.06, 0.065, 0.07, 0.075, 0.08, 0.085, 0.09, 0.095, 0.1, 0.105, 0.11, 0.115, 0.12, 0.125, 0.13, 0.135, 0.14, 0.145, 0.15, 0.155, 0.16, 0.165, 0.17, 0.17500000000000002, 0.18, 0.185, 0.19, 0.195, 0.2, 0.20500000000000002, 0.21, 0.215, 0.22, 0.225, 0.23, 0.23500000000000001, 0.24, 0.245, 0.25, 0.255, 0.26, 0.265, 0.27, 0.275]}], "coords": [{"__dtype__": "<f8", "__shape__": [55], "__data__": [0.0025, 0.0075, 0.0125, 0.0175, 0.0225, 0.0275, 0.0325, 0.037500000000000006, 0.042499999999999996, 0.0475, 0.052500000000000005, 0.057499999999999996, 0.0625, 0.0675, 0.07250000000000001, 0.0775, 0.0825, 0.0875, 0.0925, 0.0975, 0.10250000000000001, 0.1075, 0.1125, 0.1175, 0.1225, 0.1275, 0.1325, 0.1375, 0.14250000000000002, 0.1475, 0.1525, 0.1575, 0.1625, 0.1675, 0.17250000000000001, 0.1775, 0.1825, 0.1875, 0.1925, 0.1975, 0.2025, 0.20750000000000002, 0.2125, 0.2175, 0.2225, 0.2275, 0.2325, 0.2375, 0.2425, 0.2475, 0.2525, 0.2575, 0.2625, 0.2675, 0.2725]}], "data": {"__dtype__": [["k", "<f8"], ["power_0", "<c8"], ["modes", "<i8"]], "__shape__": [55], "__data__": [[0.00381582870963149, {"__complex__": [79347.2890625, -1.4407836631657317e-13]}, 101], [0.008101265444645324, {"__complex__": [111832.1796875, 4.217946589332895e-14]}, 690], [0.012881094428097399, {"__complex__": [96076.6015625, 3.1531778598749283e-13]}, 1846], [0.01776898906732117, {"__complex__": [110441.71875, -2.840585805582909e-14]}, 3586], [0.022691540015953332, {"__complex__": [108242.1484375, 5.2059661377786004e-14]}, 5870], [0.027646924733755237, {"__complex__": [105096.703125, -1.816924635376048e-14]}, 8810], [0.03262381701015117, {"__complex__": [103926.0234375, 5.443064889868593e-14]}, 12298], [0.03761603546573974, {"__complex__": [98435.71875, 3.367678315033262e-14]}, 16420], [0.042615513382507485, {"__complex__": [98488.7109375, -7.60288133719398e-15]}, 21054], [0.04759756059586297, {"__complex__": [95091.5078125, -3.7962244703012085e-14]}, 26162], [0.05257971257242345, {"__complex__": [90201.046875, -4.317941031041928e-15]}, 32016], [0.05757077253850946, {"__complex__": [89332.03125, 2.650484041296611e-15]}, 38432], [0.06256656704432612, {"__complex__": [88703.390625, 9.601421694922611e-15]}, 45468], [0.06756224221830869, {"__complex__": [87645.7265625, 0.0]}, 52896], [0.07255395967994632, {"__complex__": [86824.7890625, -2.382669375791983e-15]}, 61074], [0.077549843044251, {"__complex__": [85733.8203125, -2.2411617222830747e-15]}, 69800], [0.08254670444516676, {"__complex__": [84913.3984375, -1.0674226192069862e-14]}, 79070], [0.0875450730828665, {"__complex__": [82485.234375, -1.0416166593260525e-14]}, 89062], [0.09254706284502398, {"__complex__": [82778.3046875, 5.811584530670058e-15]}, 99532], [0.09754654727165055, {"__complex__": [80930.84375, 1.9761600531962784e-15]}, 110456], [0.10254482204994865, {"__complex__": [79328.9453125, 6.0742155662957265e-15]}, 122180], [0.10754221436417905, {"__complex__": [79989.90625, -5.0442357844122324e-15]}, 134146], [0.11253731368411114, {"__complex__": [78701.015625, -1.5834510148937143e-15]}, 147040], [0.11753494034207632, {"__complex__": [78028.6953125, -3.2655273697921672e-15]}, 160424], [0.12253330115342949, {"__complex__": [78869.84375, 8.012893564543055e-15]}, 174342], [0.12753356291363982, {"__complex__": [78883.65625, -2.1549272037472457e-15]}, 189080], [0.13253370854762594, {"__complex__": [78397.4921875, -2.6757976209253057e-15]}, 203938], [0.13752961459817578, {"__complex__": [77222.6328125, 3.613381143098169e-15]}, 219484], [0.1425281107820362, {"__complex__": [77047.1796875, 3.620538571502468e-15]}, 236132], [0.1475274145760076, {"__complex__": [76411.6640625, -4.535774082274093e-16]}, 252650], [0.1525290822685407, {"__complex__": [76422.4765625, 3.2262548989509584e-15]}, 270628], [0.1575299612384668, {"__complex__": [76413.8515625, 4.546210481096331e-15]}, 288080], [0.16252169358652926, {"__complex__": [76073.0703125, -1.9731441923875794e-15]}, 306062], [0.16752062292264278, {"__complex__": [75815.453125, 8.686460516946779e-16]}, 326672], [0.1725228620785395, {"__complex__": [75662.875, -1.1794319691629373e-15]}, 345466], [0.1775209487576261, {"__complex__": [74948.0390625, 2.304907727827539e-15]}, 366180], [0.1825256448391732, {"__complex__": [75153.328125, -3.0024687942863722e-15]}, 387732], [0.18752632321603607, {"__complex__": [75385.8125, 2.924778720605971e-15]}, 407982], [0.19252140078705848, {"__complex__": [75642.1796875, 1.3527416864347452e-15]}, 430294], [0.19751872595109427, {"__complex__": [75086.484375, -2.7617983583676925e-15]}, 453134], [0.20251834237475713, {"__complex__": [75139.6328125, -1.5115431057486262e-15]}, 476546], [0.2075189401846281, {"__complex__": [75016.828125, -1.454214327691679e-15]}, 500336], [0.21252015430968035, {"__complex__": [74709.4609375, 7.760459746811144e-16]}, 525038], [0.21752001193636755, {"__complex__": [74339.7890625, -3.2848327329677504e-15]}, 549324], [0.22251920952356846, {"__complex__": [74606.828125, -2.680544181803482e-15]}, 575444], [0.22751862790843796, {"__complex__": [74344.9453125, 3.873164559834287e-16]}, 601138], [0.23251697255054365, {"__complex__": [74424.140625, 6.488631835574932e-16]}, 627950], [0.23751700822531546, {"__complex__": [73755.1328125, 7.102414673165855e-16]}, 655638], [0.24251727793025477, {"__complex__": [73837.046875, 4.260140296814683e-17]}, 683166], [0.24751389003994526, {"__complex__": [74052.015625, -1.6426940874114562e-15]}, 710900], [0.2525134489582163, {"__complex__": [74065.8515625, -1.5697986172592083e-16]}, 741594], [0.2575160115814785, {"__complex__": [74028.0390625, 1.2418856141881282e-15]}, 770432], [0.2625147120015445, {"__complex__": [73582.8515625, 7.455470711075656e-16]}, 800256], [0.2675154267702453, {"__complex__": [73914.625, -3.147698575263312e-16]}, 832146], [0.2725162642594614, {"__complex__": [73659.390625, -3.712240475954587e-16]}, 862396]]}, "attrs": {"poles": [0], "dk": 0.005, "kmin": 0.0, "kmax": null, "Nmesh": {"__dtype__": "<i8", "__shape__": [3], "__data__": [512, 512, 512]}, "BoxSize": {"__dtype__": "<f8", "__shape__": [3], "__data__": [2665.0, 5797.0, 2969.0]}, "BoxPad": {"__dtype__": "<f8", "__shape__": [3], "__data__": [0.1, 0.1, 0.1]}, "BoxCenter": {"__dtype__": "<f8", "__shape__": [3], "__data__": [2582.6659631740176, 44.45818371950327, 890.4509743382112]}, "mesh.resampler": "tsc", "mesh.interlaced": true, "alpha": 0.05000461647727273, "data.norm": 1.0393601447579381, "randoms.norm": 1.0381710093450554, "shotnoise": 72694.26108824162, "first.data.N": 140813, "first.data.W": 140813.0, "first.data.W2": 125508.17323703562, "first.data.num_per_cell": 0.0009351087602752121, "first.randoms.N": 2816000, "first.randoms.W": 2816000.0, "first.randoms.W2": 2508954.182162565, "first.randoms.num_per_cell": 0.0186931653481913, "first.data.ext": 1, "first.randoms.ext": 1, "second.data.N": 140813, "second.data.W": 140813.0, "second.data.W2": 75165.95003045209, "second.data.num_per_cell": 0.0005600299688462324, "second.randoms.N": 2816000, "second.randoms.W": 2816000.0, "second.randoms.W2": 1500023.1795866555, "second.randoms.num_per_cell": 0.011176043596764322, "second.data.ext": 1, "second.randoms.ext": 1}}, "attrs": {"poles": [0], "dk": 0.005, "kmin": 0.0, "kmax": null, "Nmesh": {"__dtype__": "<i8", "__shape__": [3], "__data__": [512, 512, 512]}, "BoxSize": {"__dtype__": "<f8", "__shape__": [3], "__data__": [2665.0, 5797.0, 2969.0]}, "BoxPad": {"__dtype__": "<f8", "__shape__": [3], "__data__": [0.1, 0.1, 0.1]}, "BoxCenter": {"__dtype__": "<f8", "__shape__": [3], "__data__": [2582.6659631740176, 44.45818371950327, 890.4509743382112]}, "mesh.resampler": "tsc", "mesh.interlaced": true, "alpha": 0.05000461647727273, "data.norm": 1.0393601447579381, "randoms.norm": 1.0381710093450554, "shotnoise": 72694.26108824162, "first.data.N": 140813, "first.data.W": 140813.0,