{"poles": {"dims": ["k"], "edges": [{"__dtype__": "<f8", "__shape__": [46], "__data__": [0.0, 0.005, 0.01, 0.015, 0.02, 0.025, 0.03, 0.035, 0.04, 0.045, 0.05, 0.055, 0.06, 0.065, 0.07, 0.075, 0.08, 0.085, 0.09, 0.095, 0.1, 0.105, 0.11, 0.115, 0.12, 0.125, 0.13, 0.135, 0.14, 0.145, 0.15, 0.155, 0.16, 0.165, 0.17, 0.17500000000000002, 0.18, 0.185, 0.19, 0.195, 0.2, 0.20500000000000002, 0.21, 0.215, 0.22, 0.225]}], "coords": [{"__dtype__": "<f8", "__shape__": [45], "__data__": [0.0025, 0.0075, 0.0125, 0.0175, 0.0225, 0.0275, 0.0325, 0.037500000000000006, 0.042499999999999996, 0.0475, 0.052500000000000005, 0.057499999999999996, 0.0625, 0.0675, 0.07250000000000001, 0.0775, 0.0825, 0.0875, 0.0925, 0.0975, 0.10250000000000001, 0.1075, 0.1125, 0.1175, 0.1225, 0.1275, 0.1325, 0.1375, 0.14250000000000002, 0.1475, 0.1525, 0.1575, 0.1625, 0.1675, 0.17250000000000001, 0.1775, 0.1825, 0.1875, 0.1925, 0.1975, 0.2025, 0.20750000000000002, 0.2125, 0.2175, 0.2225]}], "data": {"__dtype__": [["k", "<f8"], ["power_0", "<c8"], ["modes", "<i8"]], "__shape__": [45], "__data__": [[0.0038124604949970986, {"__complex__": [98526.4453125, -7.842349274318761e-13]}, 167], [0.008045304719267473, {"__complex__": [99649.9296875, 2.2863452125466976e-13]}, 1082], [0.012809912756659051, {"__complex__": [103139.890625, 1.2679282266041952e-13]}, 2984], [0.017715433309244185, {"__complex__": [106015.9921875, 2.5063581242444448e-14]}, 5806], [0.022669091647761614, {"__complex__": [98325.8125, -4.8506385269108526e-14]}, 9600], [0.02765002119246127, {"__complex__": [101439.078125, -2.2272306137512306e-14]}, 14374], [0.03263290233536856, {"__complex__": [95665.625, -2.0399199500810775e-14]}, 19974], [0.03761272013936665, {"__complex__": [90062.1796875, -2.7382046791383976e-15]}, 26572], [0.04260175757545894, {"__complex__": [87347.828125, 9.568592391952929e-15]}, 34218], [0.047587548630681535, {"__complex__": [85945.1953125, 5.994786322216375e-15]}, 42480], [0.052570104151228036, {"__complex__": [84131.484375, -6.147122233164746e-15]}, 52080], [0.05756944955461065, {"__complex__": [82308.703125, -1.2786045983307205e-15]}, 62596], [0.06257077522949148, {"__complex__": [80510.7578125, -9.904558693118928e-15]}, 73828], [0.06756176768890902, {"__complex__": [80575.0703125, 1.1935570058880553e-14]}, 85954], [0.07255121859525904, {"__complex__": [78535.8671875, 5.871732975529296e-16]}, 99132], [0.07755262400137602, {"__complex__": [76674.6171875, 1.099647394762213e-14]}, 113806], [0.08255332089930578, {"__complex__": [75979.5859375, 7.932916184267712e-16]}, 128406], [0.08755113966916353, {"__complex__": [75099.2265625, 3.5179658462052878e-15]}, 144776], [0.0925464539210429, {"__complex__": [73689.8046875, 5.7720640909335406e-15]}, 161350], [0.0975407696852722, {"__complex__": [71933.8984375, 5.67395660569693e-16]}, 179528], [0.10253936843338714, {"__complex__": [72013.9453125, 3.1164343244823598e-15]}, 198450], [0.10753330829635703, {"__complex__": [71317.9609375, 1.8368233451311828e-15]}, 217864], [0.11253145908249744, {"__complex__": [70599.7265625, 4.560280121866699e-15]}, 239326], [0.11753431416740862, {"__complex__": [69929.4765625, 3.0684941654918977e-15]}, 260830], [0.12253334462183928, {"__complex__": [70130.8359375, -2.3564367654155174e-15]}, 283296], [0.12753220666506468, {"__complex__": [69753.421875, -4.501100470940883e-15]}, 307132], [0.13253184583720862, {"__complex__": [70024.3671875, 3.950889361865526e-16]}, 331488], [0.1375304034136141, {"__complex__": [69314.359375, -4.641475006124602e-15]}, 357020], [0.1425296880354727, {"__complex__": [68819.3046875, -1.8212279862645734e-15]}, 383528], [0.1475269696696561, {"__complex__": [68475.765625, -3.394612649854881e-15]}, 410458], [0.15252572158497293, {"__complex__": [68231.59375, 1.4898418834119546e-16]}, 439534], [0.15752614553798203, {"__complex__": [67677.8359375, -2.3484140928555983e-15]}, 468222], [0.16252439198132457, {"__complex__": [67715.8046875, 1.0943747205446734e-15]}, 498638], [0.1675237007706474, {"__complex__": [67643.3984375, 1.071043833287264e-15]}, 529880], [0.1725250298734758, {"__complex__": [67158.671875, 4.128918852598553e-15]}, 562140], [0.1775249124979596, {"__complex__": [67104.234375, 1.0396146890142831e-16]}, 594890], [0.18252291001219376, {"__complex__": [66830.9921875, -4.6294436839673525e-17]}, 628668], [0.18752197500191278, {"__complex__": [66776.90625, 6.465414133095099e-16]}, 663966], [0.19252241149897908, {"__complex__": [66323.53125, -1.325335617788977e-15]}, 699962], [0.19752275891621854, {"__complex__": [66167.6953125, -5.112531521553755e-16]}, 736486], [0.202520204709918, {"__complex__": [66500.171875, -1.722928542186291e-15]}, 773868], [0.2075192312193462, {"__complex__": [65907.9453125, 1.941266954450611e-15]}, 813326], [0.21252078094835136, {"__complex__": [66328.2578125, -2.124130568092737e-15]}, 852920], [0.217518623332359, {"__complex__": [66385.390625, -8.478274641588249e-16]}, 892516], [0.22251541035688588, {"__complex__": [65875.4765625, -9.189145983780236e-16]}, 934323]]}, "attrs": {"poles": [0], "dk": 0.005, "kmin": 0.0, "kmax": null, "Nmesh": {"__dtype__": "<i8", "__shape__": [3], "__data__": [512, 512, 512]}, "BoxSize": {"__dtype__": "<f8", "__shape__": [3], "__data__": [3432.0, 7192.0, 3020.0]}, "BoxPad": {"__dtype__": "<f8", "__shape__": [3], "__data__": [0.1, 0.1, 0.1]}, "BoxCenter": {"__dtype__": "<f8", "__shape__": [3], "__data__": [-1750.1629678974402, 35.39290098772153, 1912.171961766124]}, "mesh.resampler": "tsc", "mesh.interlaced": true, "alpha": 0.04975520220025764, "data.norm": 3.1837230279420035, "randoms.norm": 3.1909118618359127, "shotnoise": 64224.79484517513, "first.data.N": 239195, "first.data.W": 239195.0, "first.data.W2": 206055.44870405603, "first.data.num_per_cell": 0.001535232728004873, "first.randoms.N": 4807437, "first.randoms.W": 4807437.0, "first.randoms.W2": 4143938.155815553, "first.randoms.num_per_cell": 0.03087474521857167, "first.data.ext": 1, "first.randoms.ext": 1, "second.data.N": 239195, "second.data.W": 239195.0, "second.data.W2": 216128.57929840684, "second.data.num_per_cell": 0.001610283399361423, "second.randoms.N": 4807437, "second.randoms.W": 4807437.0, "second.randoms.W2": 4354665.513585001, "second.randoms.num_per_cell": 0.03244478638160975, "second.data.ext": 1, "second.randoms.ext": 1}}, "attrs": {"poles": [0], "dk": 0.005, "kmin": 0.0, "kmax": null, "Nmesh": {"__dtype__": "<i8", "__shape__": [3], "__data__": [512, 512, 512]}, "BoxSize": {"__dtype__": "<f8", "__shape__": [3], "__data__": [3432.0, 7192.0, 3020.0]}, "BoxPad": {"__dtype__": "<f8", "__shape__": [3], "__data__": [0.1, 0.1, 0.1]}, "BoxCenter": {"__dtype__": "<f8", "__shape__": [3], "__data__": [-1750.1629678974402, 35.39290098772153, 1912.171961766124]}, "mesh.resampler": "tsc", "mesh.interlaced": true, "alpha": 0.04975520220025764, "data.norm": 3.1837230279420035, "randoms.norm": 3.1909118618359127, "shotnoise": 64224.79484517513, "first.data.N": 239195, "first.data.W": 239195.0, "first.data.W2": 206055.44870405603, "first.data.num_per_cell": 0.001535232728004873, "first.randoms.N": 4807437, "first.randoms.W": 4807437.0, "first.randoms.W2": 4143938.155815553, "first.randoms.num_per_cell": 0.03087474521857167, "first.data.ext": 1, "first.randoms.ext": 1, "second.data.N": 239195, "second.data.W": 239195.0, "second.data.W2": 216128.57929840684, "second.data.num_per_cell": 0.001610283399361423, "second.randoms.N": 4807437, "second.randoms.W": 4807437.0, "second.randoms.W2": 4354665.513585001, "second.randoms.num_per_cell": 0.03244478638160975, "second.data.ext": 1, "second.randoms.ext": 1, "p": 1.0, "zmin": 0.8, "zmax": 2.2, "P0_FKP": 30000.0, "z-weighted": true, "hashkeys": ["Nmesh", "P0_FKP", "dk", "kmin", "mesh.window", "mesh.interlaced", "poles", "p", "BoxPad", "zmin", "zmax", "z-weighted"]}}