{"poles": {"dims": ["k"], "edges": [{"__dtype__": "<f8", "__shape__": [56], "__data__": [0.0, 0.005, 0.01, 0.015, 0.02, 0.025, 0.03, 0.035, 0.04, 0.045, 0.05, 0.055, 0.06, 0.065, 0.07, 0.075, 0.08, 0.085, 0.09, 0.095, 0.1, 0.105, 0.11, 0.115, 0.12, 0.125, 0.13, 0.135, 0.14, 0.145, 0.15, 0.155, 0.16, 0.165, 0.17, 0.17500000000000002, 0.18, 0.185, 0.19, 0.195, 0.2, 0.20500000000000002, 0.21, 0.215, 0.22, 0.225, 0.23, 0.23500000000000001, 0.24, 0.245, 0.25, 0.255, 0.26, 0.265, 0.27, 0.275]}], "coords": [{"__dtype__": "<f8", "__shape__": [55], "__data__": [0.0025, 0.0075, 0.0125, 0.0175, 0.0225, 0.0275, 0.0325, 0.037500000000000006, 0.042499999999999996, 0.0475, 0.052500000000000005, 0.057499999999999996, 0.0625, 0.0675, 0.07250000000000001, 0.0775, 0.0825, 0.0875, 0.0925, 0.0975, 0.10250000000000001, 0.1075, 0.1125, 0.1175, 0.1225, 0.1275, 0.1325, 0.1375, 0.14250000000000002, 0.1475, 0.1525, 0.1575, 0.1625, 0.1675, 0.17250000000000001, 0.1775, 0.1825, 0.1875, 0.1925, 0.1975, 0.2025, 0.20750000000000002, 0.2125, 0.2175, 0.2225, 0.2275, 0.2325, 0.2375, 0.2425, 0.2475, 0.2525, 0.2575, 0.2625, 0.2675, 0.2725]}], "data": {"__dtype__": [["k", "<f8"], ["power_0", "<c8"], ["modes", "<i8"]], "__shape__": [55], "__data__": [[0.00381582870963149, {"__complex__": [-69178.0625, 1.4407836631657317e-13]}, 101], [0.008101265444645324, {"__complex__": [-90200.3203125, -1.265383875155915e-13]}, 690], [0.012881094428097399, {"__complex__": [-84064.84375, -1.8524919554070707e-13]}, 1846], [0.01776898906732117, {"__complex__": [-81413.25, 0.0]}, 3586], [0.022691540015953332, {"__complex__": [-77215.8359375, 2.974837986623874e-14]}, 5870], [0.027646924733755237, {"__complex__": [-72807.6171875, 1.1562247910674745e-14]}, 8810], [0.03262381701015117, {"__complex__": [-72751.484375, -2.2482224618764445e-14]}, 12298], [0.03761603546573974, {"__complex__": [-73226.0546875, 3.367678315033262e-14]}, 16420], [0.042615513382507485, {"__complex__": [-66966.6796875, 1.6588105197713927e-14]}, 21054], [0.04759756059586297, {"__complex__": [-66461.203125, -5.284121867821755e-15]}, 26162], [0.05257971257242345, {"__complex__": [-61351.48828125, 1.7271764124167713e-14]}, 32016], [0.05757077253850946, {"__complex__": [-63545.0234375, -2.4232997675025826e-14]}, 38432], [0.06256656704432612, {"__complex__": [-61264.20703125, -1.088161204480971e-14]}, 45468], [0.06756224221830869, {"__complex__": [-59798.12890625, -2.283365350638257e-14]}, 52896], [0.07255395967994632, {"__complex__": [-60315.75, -9.351977268219798e-15]}, 61074], [0.077549843044251, {"__complex__": [-60415.6015625, 5.837444446549732e-15]}, 69800], [0.08254670444516676, {"__complex__": [-60290.65625, -9.56999592554653e-15]}, 79070], [0.0875450730828665, {"__complex__": [-58290.40234375, -5.269354695419323e-15]}, 89062], [0.09254706284502398, {"__complex__": [-57929.69140625, 1.1403863760966505e-14]}, 99532], [0.09754654727165055, {"__complex__": [-56616.953125, 3.5241519395773227e-15]}, 110456], [0.10254482204994865, {"__complex__": [-56656.27734375, 6.1933181395585745e-15]}, 122180], [0.10754221436417905, {"__complex__": [-56258.0234375, 9.546080797313752e-15]}, 134146], [0.11253731368411114, {"__complex__": [-55912.33203125, 5.937941305851429e-16]}, 147040], [0.11753494034207632, {"__complex__": [-55736.86328125, 3.945845386543745e-15]}, 160424], [0.12253330115342949, {"__complex__": [-54977.41796875, -2.0032233911357637e-15]}, 174342], [0.12753356291363982, {"__complex__": [-54958.49609375, -3.2323908056208685e-15]}, 189080], [0.13253370854762594, {"__complex__": [-54425.6640625, -1.141673675594064e-15]}, 203938], [0.13752961459817578, {"__complex__": [-54043.6796875, -4.70734071161957e-15]}, 219484], [0.1425281107820362, {"__complex__": [-54175.421875, -1.7255332743782163e-15]}, 236132], [0.1475274145760076, {"__complex__": [-53988.109375, 4.607770294603932e-15]}, 252650], [0.1525290822685407, {"__complex__": [-53881.87890625, 4.4898713551591325e-15]}, 270628], [0.1575299612384668, {"__complex__": [-53799.1328125, -2.7561401782800338e-15]}, 288080], [0.16252169358652926, {"__complex__": [-52979.5390625, -5.9907514807721295e-15]}, 306062], [0.16752062292264278, {"__complex__": [-52975.2890625, -2.984578823165651e-15]}, 326672], [0.1725228620785395, {"__complex__": [-53017.0625, 3.2644991247337597e-16]}, 345466], [0.1775209487576261, {"__complex__": [-52661.921875, -1.2716732218442202e-15]}, 366180], [0.1825256448391732, {"__complex__": [-52977.02734375, -1.501234344203627e-16]}, 387732], [0.18752632321603607, {"__complex__": [-53125.8671875, 1.070040946277715e-15]}, 407982], [0.19252140078705848, {"__complex__": [-52655.44140625, 2.0291124237729993e-16]}, 430294], [0.19751872595109427, {"__complex__": [-52378.12109375, -9.634180270641198e-16]}, 453134], [0.20251834237475713, {"__complex__": [-52350.46484375, -6.107244530812944e-17]}, 476546], [0.2075189401846281, {"__complex__": [-52329.34375, -1.1633714303896077e-16]}, 500336], [0.21252015430968035, {"__complex__": [-52379.45703125, 3.2981953129853974e-15]}, 525038], [0.21752001193636755, {"__complex__": [-52297.69921875, 1.0066423301207435e-15]}, 549324], [0.22251920952356846, {"__complex__": [-51560.7734375, -9.103734357752665e-16]}, 575444], [0.22751862790843796, {"__complex__": [-51792.38671875, -1.3071930190917372e-15]}, 601138], [0.23251697255054365, {"__complex__": [-52000.31640625, 1.529463146538975e-15]}, 627950], [0.23751700822531546, {"__complex__": [-51776.953125, 1.9531639557112714e-15]}, 655638], [0.24251727793025477, {"__complex__": [-51278.63671875, 1.4058463111837351e-15]}, 683166], [0.24751389003994526, {"__complex__": [-51619.2734375, 2.456364842093133e-16]}, 710900], [0.2525134489582163, {"__complex__": [-51468.3671875, -9.61501615020957e-16]}, 741594], [0.2575160115814785, {"__complex__": [-51211.390625, 6.79967768627888e-16]}, 770432], [0.2625147120015445, {"__complex__": [-51342.6640625, -5.455222523167123e-16]}, 800256], [0.2675154267702453, {"__complex__": [-51661.0546875, -1.7487213571746744e-16]}, 832146], [0.2725162642594614, {"__complex__": [-51153.4765625, -8.099433861972843e-16]}, 862396]]}, "attrs": {"poles": [0], "dk": 0.005, "kmin": 0.0, "kmax": null, "Nmesh": {"__dtype__": "<i8", "__shape__": [3], "__data__": [512, 512, 512]}, "BoxSize": {"__dtype__": "<f8", "__shape__": [3], "__data__": [2665.0, 5797.0, 2969.0]}, "BoxPad": {"__dtype__": "<f8", "__shape__": [3], "__data__": [0.1, 0.1, 0.1]}, "BoxCenter": {"__dtype__": "<f8", "__shape__": [3], "__data__": [2582.6659631740176, 44.45818371950327, 890.4509743382112]}, "mesh.resampler": "tsc", "mesh.interlaced": true, "alpha": 0.04999431818181818, "data.norm": -0.8298466979943077, "randoms.norm": -0.8290455686068343, "shotnoise": 60812.08569225633, "first.data.N": 140784, "first.data.W": 140784.0, "first.data.W2": 125433.62761758266, "first.data.num_per_cell": 0.0009345533521293302, "first.randoms.N": 2816000, "first.randoms.W": 2816000.0, "first.randoms.W2": 2508954.182162565, "first.randoms.num_per_cell": 0.0186931653481913, "first.data.ext": 1, "first.randoms.ext": 1, "second.data.N": 140784, "second.data.W": 140784.0, "second.data.W2": -58749.414619457835, "second.data.num_per_cell": -0.00043771724864436563, "second.randoms.N": 2816000, "second.randoms.W": 2816000.0, "second.randoms.W2": -1173049.6557325185, "second.randoms.num_per_cell": -0.008739901004228879, "second.data.ext": 1, "second.randoms.ext": 1}}, "attrs": {"poles": [0], "dk": 0.005, "kmin": 0.0, "kmax": null, "Nmesh": {"__dtype__": "<i8", "__shape__": [3], "__data__": [512, 512, 512]}, "BoxSize": {"__dtype__": "<f8", "__shape__": [3], "__data__": [2665.0, 5797.0, 2969.0]}, "BoxPad": {"__dtype__": "<f8", "__shape__": [3], "__data__": [0.1, 0.1, 0.1]}, "BoxCenter": {"__dtype__": "<f8", "__shape__": [3], "__data__": [2582.6659631740176, 44.45818371950327, 890.4509743382112]}, "mesh.resampler": "tsc", "mesh.interlaced": true, "alpha": 0.04999431818181818, "data.norm": -0.8298466979943077, "randoms.norm": -0.8290455686068343,