{"poles": {"dims": ["k"], "edges": [{"__dtype__": "<f8", "__shape__": [46], "__data__": [0.0, 0.005, 0.01, 0.015, 0.02, 0.025, 0.03, 0.035, 0.04, 0.045, 0.05, 0.055, 0.06, 0.065, 0.07, 0.075, 0.08, 0.085, 0.09, 0.095, 0.1, 0.105, 0.11, 0.115, 0.12, 0.125, 0.13, 0.135, 0.14, 0.145, 0.15, 0.155, 0.16, 0.165, 0.17, 0.17500000000000002, 0.18, 0.185, 0.19, 0.195, 0.2, 0.20500000000000002, 0.21, 0.215, 0.22, 0.225]}], "coords": [{"__dtype__": "<f8", "__shape__": [45], "__data__": [0.0025, 0.0075, 0.0125, 0.0175, 0.0225, 0.0275, 0.0325, 0.037500000000000006, 0.042499999999999996, 0.0475, 0.052500000000000005, 0.057499999999999996, 0.0625, 0.0675, 0.07250000000000001, 0.0775, 0.0825, 0.0875, 0.0925, 0.0975, 0.10250000000000001, 0.1075, 0.1125, 0.1175, 0.1225, 0.1275, 0.1325, 0.1375, 0.14250000000000002, 0.1475, 0.1525, 0.1575, 0.1625, 0.1675, 0.17250000000000001, 0.1775, 0.1825, 0.1875, 0.1925, 0.1975, 0.2025, 0.20750000000000002, 0.2125, 0.2175, 0.2225]}], "data": {"__dtype__": [["k", "<f8"], ["power_0", "<c8"], ["modes", "<i8"]], "__shape__": [45], "__data__": [[0.0038124604949970986, {"__complex__": [88859.875, 6.970977614595419e-13]}, 167], [0.008045304719267473, {"__complex__": [103950.078125, 4.236463339423596e-13]}, 1082], [0.012809912756659051, {"__complex__": [104513.5859375, 1.4142276217286864e-13]}, 2984], [0.017715433309244185, {"__complex__": [107840.453125, -2.5063582089477395e-15]}, 5806], [0.022669091647761614, {"__complex__": [105466.3984375, -4.926429679778452e-14]}, 9600], [0.02765002119246127, {"__complex__": [97204.6875, -5.0618878663297173e-14]}, 14374], [0.03263290233536856, {"__complex__": [90523.390625, -4.3712570963903765e-15]}, 19974], [0.03761272013936665, {"__complex__": [87378.390625, 6.571691568745333e-15]}, 26572], [0.04260175757545894, {"__complex__": [87405.9296875, 2.5516247084401934e-15]}, 34218], [0.047587548630681535, {"__complex__": [84521.984375, 1.5158245820112888e-14]}, 42480], [0.052570104151228036, {"__complex__": [82988.4765625, 3.632390680016924e-15]}, 52080], [0.05756944955461065, {"__complex__": [80448.203125, 7.43915410365446e-15]}, 62596], [0.06257077522949148, {"__complex__": [80814.453125, -1.7246743829697005e-15]}, 73828], [0.06756176768890902, {"__complex__": [78858.8125, -4.4017706112822654e-15]}, 85954], [0.07255121859525904, {"__complex__": [79353.953125, -6.0185261146290716e-15]}, 99132], [0.07755262400137602, {"__complex__": [78234.5625, 7.671958568108463e-16]}, 113806], [0.08255332089930578, {"__complex__": [75789.5546875, 2.606529595839454e-15]}, 128406], [0.08755113966916353, {"__complex__": [74807.3671875, 2.4625761346953488e-15]}, 144776], [0.0925464539210429, {"__complex__": [73589.78125, -1.9841471503724128e-15]}, 161350], [0.0975407696852722, {"__complex__": [73458.84375, -8.855425378715646e-15]}, 179528], [0.10253936843338714, {"__complex__": [71797.46875, 4.582991933918784e-16]}, 198450], [0.10753330829635703, {"__complex__": [71556.8359375, 5.343486171930072e-16]}, 217864], [0.11253145908249744, {"__complex__": [71333.8359375, -3.2986027358330268e-15]}, 239326], [0.11753431416740862, {"__complex__": [70834.15625, -4.0308853768657085e-15]}, 260830], [0.12253334462183928, {"__complex__": [70254.7890625, 5.3035879554990794e-15]}, 283296], [0.12753220666506468, {"__complex__": [69870.1875, 5.211800606598406e-16]}, 307132], [0.13253184583720862, {"__complex__": [69604.3515625, 1.163317379099661e-15]}, 331488], [0.1375304034136141, {"__complex__": [69208.2890625, 1.589615932442068e-15]}, 357020], [0.1425296880354727, {"__complex__": [69150.03125, -1.2046664570901822e-15]}, 383528], [0.1475269696696561, {"__complex__": [68702.921875, -7.090574740750016e-16]}, 410458], [0.15252572158497293, {"__complex__": [68442.421875, -1.953348397135536e-15]}, 439534], [0.15752614553798203, {"__complex__": [67595.6875, 8.546750373231062e-17]}, 468222], [0.16252439198132457, {"__complex__": [67743.1171875, 1.3716163333566496e-15]}, 498638], [0.1675237007706474, {"__complex__": [67178.0234375, -3.734921900699689e-15]}, 529880], [0.1725250298734758, {"__complex__": [67380.4140625, -1.2813885838701086e-15]}, 562140], [0.1775249124979596, {"__complex__": [67005.6796875, 2.9537288244354653e-15]}, 594890], [0.18252291001219376, {"__complex__": [67209.3984375, -8.115993356091664e-16]}, 628668], [0.18752197500191278, {"__complex__": [67013.0078125, 7.958485991362951e-16]}, 663966], [0.19252241149897908, {"__complex__": [66376.140625, 8.523727488329099e-16]}, 699962], [0.19752275891621854, {"__complex__": [66749.703125, -3.0625794403003393e-16]}, 736486], [0.202520204709918, {"__complex__": [66452.4609375, -1.974433800049774e-16]}, 773868], [0.2075192312193462, {"__complex__": [66368.1015625, -1.408983985918161e-16]}, 813326], [0.21252078094835136, {"__complex__": [65891.7890625, -1.2625354304092408e-15]}, 852920], [0.217518623332359, {"__complex__": [65928.265625, -2.3396777950376174e-15]}, 892516], [0.22251541035688588, {"__complex__": [66187.4453125, -1.0123634553442951e-16]}, 934323]]}, "attrs": {"poles": [0], "dk": 0.005, "kmin": 0.0, "kmax": null, "Nmesh": {"__dtype__": "<i8", "__shape__": [3], "__data__": [512, 512, 512]}, "BoxSize": {"__dtype__": "<f8", "__shape__": [3], "__data__": [3432.0, 7192.0, 3020.0]}, "BoxPad": {"__dtype__": "<f8", "__shape__": [3], "__data__": [0.1, 0.1, 0.1]}, "BoxCenter": {"__dtype__": "<f8", "__shape__": [3], "__data__": [-1750.1629678974402, 35.39290098772153, 1912.171961766124]}, "mesh.resampler": "tsc", "mesh.interlaced": true, "alpha": 0.04994719639591741, "data.norm": 3.198402711117073, "randoms.norm": 3.2032248769427274, "shotnoise": 64263.279955627506, "first.data.N": 240118, "first.data.W": 240118.0, "first.data.W2": 206868.13152511828, "first.data.num_per_cell": 0.0015412876868629328, "first.randoms.N": 4807437, "first.randoms.W": 4807437.0, "first.randoms.W2": 4143938.155815553, "first.randoms.num_per_cell": 0.03087474521857167, "first.data.ext": 1, "first.randoms.ext": 1, "second.data.N": 240118, "second.data.W": 240118.0, "second.data.W2": 217073.4370084405, "second.data.num_per_cell": 0.0016173231378826536, "second.randoms.N": 4807437, "second.randoms.W": 4807437.0, "second.randoms.W2": 4354665.513585001, "second.randoms.num_per_cell": 0.03244478638160975, "second.data.ext": 1, "second.randoms.ext": 1}}, "attrs": {"poles": [0], "dk": 0.005, "kmin": 0.0, "kmax": null, "Nmesh": {"__dtype__": "<i8", "__shape__": [3], "__data__": [512, 512, 512]}, "BoxSize": {"__dtype__": "<f8", "__shape__": [3], "__data__": [3432.0, 7192.0, 3020.0]}, "BoxPad": {"__dtype__": "<f8", "__shape__": [3], "__data__": [0.1, 0.1, 0.1]}, "BoxCenter": {"__dtype__": "<f8", "__shape__": [3], "__data__": [-1750.1629678974402, 35.39290098772153, 1912.171961766124]}, "mesh.resampler": "tsc", "mesh.interlaced": true, "alpha": 0.04994719639591741, "data.norm": 3.198402711117073, "randoms.norm": 3.2032248769427274, "shotnoise": 64263.279955627506, "first.data.N": 240118, "first.data.W": 240118.0, "first.data.W2": 206868.13152511828, "first.data.num_per_cell": 0.0015412876868629328, "first.randoms.N": 4807437, "first.randoms.W": 4807437.0, "first.randoms.W2": 4143938.155815553, "first.randoms.num_per_cell": 0.03087474521857167, "first.data.ext": 1, "first.randoms.ext": 1, "second.data.N": 240118, "second.data.W": 240118.0, "second.data.W2": 217073.4370084405, "second.data.num_per_cell": 0.0016173231378826536, "second.randoms.N": 4807437, "second.randoms.W": 4807437.0, "second.randoms.W2": 4354665.513585001, "second.randoms.num_per_cell": 0.03244478638160975, "second.data.ext": 1, "second.randoms.ext": 1, "p": 1.0, "zmin": 0.8, "zmax": 2.2, "P0_FKP": 30000.0, "z-weighted": true, "hashkeys": ["Nmesh", "P0_FKP", "dk", "kmin", "mesh.window", "mesh.interlaced", "poles", "p", "BoxPad", "zmin", "zmax", "z-weighted"]}}