{"poles": {"dims": ["k"], "edges": [{"__dtype__": "<f8", "__shape__": [56], "__data__": [0.0, 0.005, 0.01, 0.015, 0.02, 0.025, 0.03, 0.035, 0.04, 0.045, 0.05, 0.055, 0.06, 0.065, 0.07, 0.075, 0.08, 0.085, 0.09, 0.095, 0.1, 0.105, 0.11, 0.115, 0.12, 0.125, 0.13, 0.135, 0.14, 0.145, 0.15, 0.155, 0.16, 0.165, 0.17, 0.17500000000000002, 0.18, 0.185, 0.19, 0.195, 0.2, 0.20500000000000002, 0.21, 0.215, 0.22, 0.225, 0.23, 0.23500000000000001, 0.24, 0.245, 0.25, 0.255, 0.26, 0.265, 0.27, 0.275]}], "coords": [{"__dtype__": "<f8", "__shape__": [55], "__data__": [0.0025, 0.0075, 0.0125, 0.0175, 0.0225, 0.0275, 0.0325, 0.037500000000000006, 0.042499999999999996, 0.0475, 0.052500000000000005, 0.057499999999999996, 0.0625, 0.0675, 0.07250000000000001, 0.0775, 0.0825, 0.0875, 0.0925, 0.0975, 0.10250000000000001, 0.1075, 0.1125, 0.1175, 0.1225, 0.1275, 0.1325, 0.1375, 0.14250000000000002, 0.1475, 0.1525, 0.1575, 0.1625, 0.1675, 0.17250000000000001, 0.1775, 0.1825, 0.1875, 0.1925, 0.1975, 0.2025, 0.20750000000000002, 0.2125, 0.2175, 0.2225, 0.2275, 0.2325, 0.2375, 0.2425, 0.2475, 0.2525, 0.2575, 0.2625, 0.2675, 0.2725]}], "data": {"__dtype__": [["k", "<f8"], ["power_0", "<c8"], ["modes", "<i8"]], "__shape__": [55], "__data__": [[0.00381582870963149, {"__complex__": [126275.3515625, -2.6654498920530845e-12]}, 101], [0.008101265444645324, {"__complex__": [111092.9921875, 6.854162826501128e-14]}, 690], [0.012881094428097399, {"__complex__": [103248.234375, -2.45356632146837e-13]}, 1846], [0.01776898906732117, {"__complex__": [102783.40625, -1.0195673922101453e-13]}, 3586], [0.022691540015953332, {"__complex__": [109406.53125, 3.687559291124312e-14]}, 5870], [0.027646924733755237, {"__complex__": [100614.3359375, 6.606998866602208e-15]}, 8810], [0.03262381701015117, {"__complex__": [99419.25, -1.6565848559991873e-14]}, 12298], [0.03761603546573974, {"__complex__": [98371.65625, 1.207489935540736e-14]}, 16420], [0.042615513382507485, {"__complex__": [93962.1171875, 1.3132249736431956e-14]}, 21054], [0.04759756059586297, {"__complex__": [88915.1640625, -1.2236913888327532e-14]}, 26162], [0.05257971257242345, {"__complex__": [87552.8125, -1.9544363686046368e-14]}, 32016], [0.05757077253850946, {"__complex__": [85998.4765625, 1.2779120006655743e-14]}, 38432], [0.06256656704432612, {"__complex__": [87467.8203125, -1.2001777542169738e-14]}, 45468], [0.06756224221830869, {"__complex__": [85226.9921875, -8.940888461994763e-15]}, 52896], [0.07255395967994632, {"__complex__": [84563.7578125, -5.122739221480235e-15]}, 61074], [0.077549843044251, {"__complex__": [82555.0546875, 1.0007047985670803e-14]}, 69800], [0.08254670444516676, {"__complex__": [82290.7578125, -2.5765374297266e-15]}, 79070], [0.0875450730828665, {"__complex__": [80891.0703125, 2.9410351886879123e-15]}, 89062], [0.09254706284502398, {"__complex__": [79716.5390625, 4.166796471933871e-15]}, 99532], [0.09754654727165055, {"__complex__": [79058.40625, 3.6229600269404314e-16]}, 110456], [0.10254482204994865, {"__complex__": [77930.4765625, -5.955113310670234e-16]}, 122180], [0.10754221436417905, {"__complex__": [77855.40625, 6.807006215338524e-15]}, 134146], [0.11253731368411114, {"__complex__": [77544.0546875, 5.294664463399755e-15]}, 147040], [0.11753494034207632, {"__complex__": [76766.84375, -3.651041074966043e-15]}, 160424], [0.12253330115342949, {"__complex__": [76756.28125, 3.756043937788896e-15]}, 174342], [0.12753356291363982, {"__complex__": [75360.3828125, 3.0496068130757845e-15]}, 189080], [0.13253370854762594, {"__complex__": [75147.890625, 1.9979290116989507e-15]}, 203938], [0.13752961459817578, {"__complex__": [75207.5703125, 2.3205200802926525e-16]}, 219484], [0.1425281107820362, {"__complex__": [74277.9921875, 1.9720379673584653e-15]}, 236132], [0.1475274145760076, {"__complex__": [74223.6796875, 7.343634304071711e-16]}, 252650], [0.1525290822685407, {"__complex__": [74158.4453125, 3.22625479307184e-16]}, 270628], [0.1575299612384668, {"__complex__": [74342.1640625, -1.1112958977319725e-15]}, 288080], [0.16252169358652926, {"__complex__": [73096.8203125, 1.3075052566119188e-15]}, 306062], [0.16752062292264278, {"__complex__": [73215.4765625, -1.3920609558462898e-15]}, 326672], [0.1725228620785395, {"__complex__": [73129.953125, -2.4641702507020814e-15]}, 345466], [0.1775209487576261, {"__complex__": [72264.859375, -2.185688316957529e-16]}, 366180], [0.1825256448391732, {"__complex__": [73132.453125, -1.1141974090927921e-15]}, 387732], [0.18752632321603607, {"__complex__": [72491.203125, -9.987048902511419e-16]}, 407982], [0.19252140078705848, {"__complex__": [72609.8984375, 1.8262011284561402e-15]}, 430294], [0.19751872595109427, {"__complex__": [72634.234375, -4.817090135320599e-16]}, 453134], [0.20251834237475713, {"__complex__": [72445.53125, 8.26386572104536e-16]}, 476546], [0.2075189401846281, {"__complex__": [72630.375, 5.526014360525086e-16]}, 500336], [0.21252015430968035, {"__complex__": [72315.9375, 7.691169804747782e-16]}, 525038], [0.21752001193636755, {"__complex__": [72169.6171875, 7.547747539140724e-16]}, 549324], [0.22251920952356846, {"__complex__": [71807.3203125, 2.275933589438166e-16]}, 575444], [0.22751862790843796, {"__complex__": [71830.0625, -4.72041932384165e-16]}, 601138], [0.23251697255054365, {"__complex__": [71691.328125, 5.2140791252265205e-16]}, 627950], [0.23751700822531546, {"__complex__": [71593.96875, 7.768265684815685e-16]}, 655638], [0.24251727793025477, {"__complex__": [71681.671875, -2.1513709359181985e-15]}, 683166], [0.24751389003994526, {"__complex__": [71311.984375, 7.983186001500478e-16]}, 710900], [0.2525134489582163, {"__complex__": [70909.296875, 2.0946999848239127e-15]}, 741594], [0.2575160115814785, {"__complex__": [71382.609375, 1.019951652941832e-15]}, 770432], [0.2625147120015445, {"__complex__": [71098.765625, 9.273877865867636e-16]}, 800256], [0.2675154267702453, {"__complex__": [71198.4765625, -2.0766067257958504e-15]}, 832146], [0.2725162642594614, {"__complex__": [71161.703125, -2.7926172286370666e-15]}, 862396]]}, "attrs": {"poles": [0], "dk": 0.005, "kmin": 0.0, "kmax": null, "Nmesh": {"__dtype__": "<i8", "__shape__": [3], "__data__": [512, 512, 512]}, "BoxSize": {"__dtype__": "<f8", "__shape__": [3], "__data__": [2665.0, 5797.0, 2969.0]}, "BoxPad": {"__dtype__": "<f8", "__shape__": [3], "__data__": [0.1, 0.1, 0.1]}, "BoxCenter": {"__dtype__": "<f8", "__shape__": [3], "__data__": [2582.6659631740176, 44.45818371950327, 890.4509743382112]}, "mesh.resampler": "tsc", "mesh.interlaced": true, "alpha": 0.04976775568181818, "data.norm": 1.829942658806209, "randoms.norm": 1.8297714477924232, "shotnoise": 70261.86051165883, "first.data.N": 140146, "first.data.W": 140146.0, "first.data.W2": 124891.23014113403, "first.data.num_per_cell": 0.0009305121760154816, "first.randoms.N": 2816000, "first.randoms.W": 2816000.0, "first.randoms.W2": 2508954.182162565, "first.randoms.num_per_cell": 0.0186931653481913, "first.data.ext": 1, "first.randoms.ext": 1, "second.data.N": 140146, "second.data.W": 140146.0, "second.data.W2": 131732.12919649482, "second.data.num_per_cell": 0.0009814808457828672, "second.randoms.N": 2816000, "second.randoms.W": 2816000.0, "second.randoms.W2": 2645625.888250053, "second.randoms.num_per_cell": 0.019711448909715212, "second.data.ext": 1, "second.randoms.ext": 1}}, "attrs": {"poles": [0], "dk": 0.005, "kmin": 0.0, "kmax": null, "Nmesh": {"__dtype__": "<i8", "__shape__": [3], "__data__": [512, 512, 512]}, "BoxSize": {"__dtype__": "<f8", "__shape__": [3], "__data__": [2665.0, 5797.0, 2969.0]}, "BoxPad": {"__dtype__": "<f8", "__shape__": [3], "__data__": [0.1, 0.1, 0.1]}, "BoxCenter": {"__dtype__": "<f8", "__shape__": [3], "__data__": [2582.6659631740176, 44.45818371950327, 890.4509743382112]}, "mesh.resampler": "tsc", "mesh.interlaced": true, "alpha": 0.04976775568181818, "data.norm": 1.829942658806209, "randoms.norm": 1.8297714477924232, "shotnoise": 70261.86051165883, "first.data.N": 140146, "first.data.W": 140146.0,