{"poles": {"dims": ["k"], "edges": [{"__dtype__": "<f8", "__shape__": [46], "__data__": [0.0, 0.005, 0.01, 0.015, 0.02, 0.025, 0.03, 0.035, 0.04, 0.045, 0.05, 0.055, 0.06, 0.065, 0.07, 0.075, 0.08, 0.085, 0.09, 0.095, 0.1, 0.105, 0.11, 0.115, 0.12, 0.125, 0.13, 0.135, 0.14, 0.145, 0.15, 0.155, 0.16, 0.165, 0.17, 0.17500000000000002, 0.18, 0.185, 0.19, 0.195, 0.2, 0.20500000000000002, 0.21, 0.215, 0.22, 0.225]}], "coords": [{"__dtype__": "<f8", "__shape__": [45], "__data__": [0.0025, 0.0075, 0.0125, 0.0175, 0.0225, 0.0275, 0.0325, 0.037500000000000006, 0.042499999999999996, 0.0475, 0.052500000000000005, 0.057499999999999996, 0.0625, 0.0675, 0.07250000000000001, 0.0775, 0.0825, 0.0875, 0.0925, 0.0975, 0.10250000000000001, 0.1075, 0.1125, 0.1175, 0.1225, 0.1275, 0.1325, 0.1375, 0.14250000000000002, 0.1475, 0.1525, 0.1575, 0.1625, 0.1675, 0.17250000000000001, 0.1775, 0.1825, 0.1875, 0.1925, 0.1975, 0.2025, 0.20750000000000002, 0.2125, 0.2175, 0.2225]}], "data": {"__dtype__": [["k", "<f8"], ["power_0", "<c8"], ["modes", "<i8"]], "__shape__": [45], "__data__": [[0.0038124604949970986, {"__complex__": [-213836.453125, 0.0]}, 167], [0.008045304719267473, {"__complex__": [-128027.046875, 1.3449090203055541e-13]}, 1082], [0.012809912756659051, {"__complex__": [-135381.75, -1.6092936174199463e-13]}, 2984], [0.017715433309244185, {"__complex__": [-145661.703125, 1.2782426484468645e-13]}, 5806], [0.022669091647761614, {"__complex__": [-136006.46875, 1.2126596317277132e-14]}, 9600], [0.02765002119246127, {"__complex__": [-133390.46875, 7.289118310674358e-14]}, 14374], [0.03263290233536856, {"__complex__": [-118045.7265625, 7.285428635156119e-14]}, 19974], [0.03761272013936665, {"__complex__": [-119368.2265625, -7.00980411411957e-14]}, 26572], [0.04260175757545894, {"__complex__": [-111754.8671875, -1.0631769512621687e-14]}, 34218], [0.047587548630681535, {"__complex__": [-108598.3359375, -2.192378934916684e-14]}, 42480], [0.052570104151228036, {"__complex__": [-107490.7421875, -1.1735415326411414e-14]}, 52080], [0.05756944955461065, {"__complex__": [-104816.3515625, 5.928075701356521e-15]}, 62596], [0.06257077522949148, {"__complex__": [-104190.1953125, 9.756729420966424e-15]}, 73828], [0.06756176768890902, {"__complex__": [-102163.1484375, -1.4221105507929675e-14]}, 85954], [0.07255121859525904, {"__complex__": [-100118.421875, 1.0569118720678023e-14]}, 99132], [0.07755262400137602, {"__complex__": [-99344.9375, 8.183422472649027e-15]}, 113806], [0.08255332089930578, {"__complex__": [-98804.9765625, -1.2352683810459408e-14]}, 128406], [0.08755113966916353, {"__complex__": [-95340.828125, 1.0453384373929932e-14]}, 144776], [0.0925464539210429, {"__complex__": [-94525.1796875, 4.329048174079274e-15]}, 161350], [0.0975407696852722, {"__complex__": [-93752.890625, 9.888895359858301e-15]}, 179528], [0.10253936843338714, {"__complex__": [-91634.6796875, 5.572917751188108e-15]}, 198450], [0.10753330829635703, {"__complex__": [-91360.3359375, 1.2557192292277433e-14]}, 217864], [0.11253145908249744, {"__complex__": [-91376.9765625, 7.296448216162542e-16]}, 239326], [0.11753431416740862, {"__complex__": [-90155.5625, -7.754922057160232e-15]}, 260830], [0.12253334462183928, {"__complex__": [-90677.453125, -3.081988247374606e-15]}, 283296], [0.12753220666506468, {"__complex__": [-88681.7421875, -1.3266400485277487e-15]}, 307132], [0.13253184583720862, {"__complex__": [-89228.390625, 1.316963120621842e-15]}, 331488], [0.1375304034136141, {"__complex__": [-88329.140625, -3.5868258131688e-15]}, 357020], [0.1425296880354727, {"__complex__": [-88391.9609375, -5.691337721774588e-16]}, 383528], [0.1475269696696561, {"__complex__": [-87824.1328125, 2.5526068431425348e-15]}, 410458], [0.15252572158497293, {"__complex__": [-86480.6015625, 3.0872834738443662e-15]}, 439534], [0.15752614553798203, {"__complex__": [-87256.078125, 8.080563873732148e-15]}, 468222], [0.16252439198132457, {"__complex__": [-86522.0390625, 3.5019990633913074e-15]}, 498638], [0.1675237007706474, {"__complex__": [-86262.765625, -1.205610877650547e-14]}, 529880], [0.1725250298734758, {"__complex__": [-85777.1640625, -4.5560483452622164e-15]}, 562140], [0.1775249124979596, {"__complex__": [-86747.203125, -4.40307419498809e-15]}, 594890], [0.18252291001219376, {"__complex__": [-85609.6953125, 1.168934478089378e-15]}, 628668], [0.18752197500191278, {"__complex__": [-85026.6875, -4.5148312985323485e-15]}, 663966], [0.19252241149897908, {"__complex__": [-85126.40625, 1.6839559210084102e-15]}, 699962], [0.19752275891621854, {"__complex__": [-84809.578125, -9.088945162493605e-16]}, 736486], [0.202520204709918, {"__complex__": [-84512.265625, 3.1967023429377295e-16]}, 773868], [0.2075192312193462, {"__complex__": [-84044.0078125, 7.872418444196849e-16]}, 813326], [0.21252078094835136, {"__complex__": [-83515.328125, -1.3649031737331856e-15]}, 852920], [0.217518623332359, {"__complex__": [-83595.171875, -2.2500036874612255e-15]}, 892516], [0.22251541035688588, {"__complex__": [-83619.7578125, -2.242774473014647e-15]}, 934323]]}, "attrs": {"poles": [0], "dk": 0.005, "kmin": 0.0, "kmax": null, "Nmesh": {"__dtype__": "<i8", "__shape__": [3], "__data__": [512, 512, 512]}, "BoxSize": {"__dtype__": "<f8", "__shape__": [3], "__data__": [3432.0, 7192.0, 3020.0]}, "BoxPad": {"__dtype__": "<f8", "__shape__": [3], "__data__": [0.1, 0.1, 0.1]}, "BoxCenter": {"__dtype__": "<f8", "__shape__": [3], "__data__": [-1750.1629678974402, 35.39290098772153, 1912.171961766124]}, "mesh.resampler": "tsc", "mesh.interlaced": true, "alpha": 0.05001937622895526, "data.norm": -1.4909910566062115, "randoms.norm": -1.4866608018829495, "shotnoise": 54444.373272285884, "first.data.N": 240465, "first.data.W": 240465.0, "first.data.W2": 207198.39542677268, "first.data.num_per_cell": 0.0015437483446804634, "first.randoms.N": 4807437, "first.randoms.W": 4807437.0, "first.randoms.W2": 4143938.155815553, "first.randoms.num_per_cell": 0.03087474521857167, "first.data.ext": 1, "first.randoms.ext": 1, "second.data.N": 240465, "second.data.W": 240465.0, "second.data.W2": -98174.85695844164, "second.data.num_per_cell": -0.0007314596843603376, "second.randoms.N": 4807437, "second.randoms.W": 4807437.0, "second.randoms.W2": -1956847.5447547096, "second.randoms.num_per_cell": -0.014579650348087472, "second.data.ext": 1, "second.randoms.ext": 1}}, "attrs": {"poles": [0], "dk": 0.005, "kmin": 0.0, "kmax": null, "Nmesh": {"__dtype__": "<i8", "__shape__": [3], "__data__": [512, 512, 512]}, "BoxSize": {"__dtype__": "<f8", "__shape__": [3], "__data__": [3432.0, 7192.0, 3020.0]}, "BoxPad": {"__dtype__": "<f8", "__shape__": [3], "__data__": [0.1, 0.1, 0.1]}, "BoxCenter": {"__dtype__": "<f8", "__shape__": [3], "__data__": [-1750.1629678974402, 35.39290098772153, 1912.171961766124]}, "mesh.resampler": "tsc", "mesh.interlaced": true, "alpha": 0.05001937622895526, "data.norm": -1.4909910566062115, "randoms.norm": -1.4866608018829495, "shotnoise": 54444.373272285884, "first.data.N": 240465, "first.data.W": 240465.0, "first.data.W2": 207198.39542677268, "first.data.num_per_cell": 0.0015437483446804634, "first.randoms.N": 4807437, "first.randoms.W": 4807437.0, "first.randoms.W2": 4143938.155815553, "first.randoms.num_per_cell": 0.03087474521857167, "first.data.ext": 1, "first.randoms.ext": 1, "second.data.N": 240465, "second.data.W": 240465.0, "second.data.W2": -98174.85695844164, "second.data.num_per_cell": -0.0007314596843603376, "second.randoms.N": 4807437, "second.randoms.W": 4807437.0, "second.randoms.W2": -1956847.5447547096, "second.randoms.num_per_cell": -0.014579650348087472, "second.data.ext": 1, "second.randoms.ext": 1, "p": 3.0, "zmin": 0.8, "zmax": 2.2, "P0_FKP": 30000.0, "z-weighted": true, "hashkeys": ["Nmesh", "P0_FKP", "dk", "kmin", "mesh.window", "mesh.interlaced", "poles", "p", "BoxPad", "zmin", "zmax", "z-weighted"]}}