{"poles": {"dims": ["k"], "edges": [{"__dtype__": "<f8", "__shape__": [56], "__data__": [0.0, 0.005, 0.01, 0.015, 0.02, 0.025, 0.03, 0.035, 0.04, 0.045, 0.05, 0.055, 0.06, 0.065, 0.07, 0.075, 0.08, 0.085, 0.09, 0.095, 0.1, 0.105, 0.11, 0.115, 0.12, 0.125, 0.13, 0.135, 0.14, 0.145, 0.15, 0.155, 0.16, 0.165, 0.17, 0.17500000000000002, 0.18, 0.185, 0.19, 0.195, 0.2, 0.20500000000000002, 0.21, 0.215, 0.22, 0.225, 0.23, 0.23500000000000001, 0.24, 0.245, 0.25, 0.255, 0.26, 0.265, 0.27, 0.275]}], "coords": [{"__dtype__": "<f8", "__shape__": [55], "__data__": [0.0025, 0.0075, 0.0125, 0.0175, 0.0225, 0.0275, 0.0325, 0.037500000000000006, 0.042499999999999996, 0.0475, 0.052500000000000005, 0.057499999999999996, 0.0625, 0.0675, 0.07250000000000001, 0.0775, 0.0825, 0.0875, 0.0925, 0.0975, 0.10250000000000001, 0.1075, 0.1125, 0.1175, 0.1225, 0.1275, 0.1325, 0.1375, 0.14250000000000002, 0.1475, 0.1525, 0.1575, 0.1625, 0.1675, 0.17250000000000001, 0.1775, 0.1825, 0.1875, 0.1925, 0.1975, 0.2025, 0.20750000000000002, 0.2125, 0.2175, 0.2225, 0.2275, 0.2325, 0.2375, 0.2425, 0.2475, 0.2525, 0.2575, 0.2625, 0.2675, 0.2725]}], "data": {"__dtype__": [["k", "<f8"], ["power_0", "<c8"], ["modes", "<i8"]], "__shape__": [55], "__data__": [[0.00381582870963149, {"__complex__": [106924.890625, 6.483526823058972e-13]}, 101], [0.008101265444645324, {"__complex__": [104731.171875, -2.003524570640819e-13]}, 690], [0.012881094428097399, {"__complex__": [105540.4140625, 1.0247827434729795e-13]}, 1846], [0.01776898906732117, {"__complex__": [114167.09375, -7.101464513957273e-15]}, 3586], [0.022691540015953332, {"__complex__": [110067.5234375, -6.197578799986558e-14]}, 5870], [0.027646924733755237, {"__complex__": [101946.5390625, 2.312449582134949e-14]}, 8810], [0.03262381701015117, {"__complex__": [102147.953125, -1.3607662224671482e-14]}, 12298], [0.03761603546573974, {"__complex__": [95975.703125, 1.838929534906178e-14]}, 16420], [0.042615513382507485, {"__complex__": [91576.1328125, 7.948467391541945e-15]}, 21054], [0.04759756059586297, {"__complex__": [89878.875, 6.744208039662037e-15]}, 26162], [0.05257971257242345, {"__complex__": [90444.7578125, -2.4089564503869572e-14]}, 32016], [0.05757077253850946, {"__complex__": [89339.8203125, -2.1961153666536122e-14]}, 38432], [0.06256656704432612, {"__complex__": [87722.125, -1.2721884296343876e-14]}, 45468], [0.06756224221830869, {"__complex__": [84707.7109375, 9.215992904801698e-15]}, 52896], [0.07255395967994632, {"__complex__": [83898.3359375, -9.768944483098778e-15]}, 61074], [0.077549843044251, {"__complex__": [83557.1875, -1.0424008318407087e-16]}, 69800], [0.08254670444516676, {"__complex__": [82004.21875, 5.705189992714866e-15]}, 79070], [0.0875450730828665, {"__complex__": [80215.171875, -5.882070377375825e-15]}, 89062], [0.09254706284502398, {"__complex__": [80639.0859375, 6.4329488425344996e-15]}, 99532], [0.09754654727165055, {"__complex__": [78584.8203125, 3.952320106392557e-15]}, 110456], [0.10254482204994865, {"__complex__": [77152.375, -2.3820453772076527e-16]}, 122180], [0.10754221436417905, {"__complex__": [77081.5625, 7.810429820259701e-15]}, 134146], [0.11253731368411114, {"__complex__": [77537.515625, 8.93165326177085e-15]}, 147040], [0.11753494034207632, {"__complex__": [76026.6875, -4.69419560731113e-15]}, 160424], [0.12253330115342949, {"__complex__": [76254.28125, -6.510476074130791e-15]}, 174342], [0.12753356291363982, {"__complex__": [76353.4609375, -5.425798716161877e-15]}, 189080], [0.13253370854762594, {"__complex__": [75940.3203125, -2.854184241924719e-15]}, 203938], [0.13752961459817578, {"__complex__": [75328.546875, 2.8509246473854477e-15]}, 219484], [0.1425281107820362, {"__complex__": [74991.3203125, 1.2402270177982858e-15]}, 236132], [0.1475274145760076, {"__complex__": [74647.125, 5.759712868254915e-16]}, 252650], [0.1525290822685407, {"__complex__": [73886.6171875, 3.4816666727671784e-15]}, 270628], [0.1575299612384668, {"__complex__": [74102.8203125, -4.0410761361332433e-16]}, 288080], [0.16252169358652926, {"__complex__": [74019.40625, -2.7635906800840826e-15]}, 306062], [0.16752062292264278, {"__complex__": [73670.6953125, 1.6036542329933871e-15]}, 326672], [0.1725228620785395, {"__complex__": [73235.4140625, -4.212256796387458e-17]}, 345466], [0.1775209487576261, {"__complex__": [72911.5, -3.2189227700012884e-15]}, 366180], [0.1825256448391732, {"__complex__": [72786.1875, 6.004937376814508e-16]}, 387732], [0.18752632321603607, {"__complex__": [72659.65625, -1.9617418583681157e-15]}, 407982], [0.19252140078705848, {"__complex__": [72275.484375, -9.80737733253102e-16]}, 430294], [0.19751872595109427, {"__complex__": [72002.6015625, -4.014241669143084e-17]}, 453134], [0.20251834237475713, {"__complex__": [72240.2734375, -9.924272776161341e-17]}, 476546], [0.2075189401846281, {"__complex__": [72228.0859375, 2.5885013465900934e-15]}, 500336], [0.21252015430968035, {"__complex__": [72115.46875, -1.995546731534798e-15]}, 525038], [0.21752001193636755, {"__complex__": [71775.625, 2.2980584076578037e-15]}, 549324], [0.22251920952356846, {"__complex__": [71551.15625, 5.247291287088362e-16]}, 575444], [0.22751862790843796, {"__complex__": [71560.6875, 3.5100555643295575e-16]}, 601138], [0.23251697255054365, {"__complex__": [71319.671875, 1.1876513651248562e-16]}, 627950], [0.23751700822531546, {"__complex__": [71249.4453125, -1.0875572699895787e-15]}, 655638], [0.24251727793025477, {"__complex__": [71763.796875, 1.778608676490526e-15]}, 683166], [0.24751389003994526, {"__complex__": [71660.4609375, -1.9957965003751196e-16]}, 710900], [0.2525134489582163, {"__complex__": [71312.125, 0.0]}, 741594], [0.2575160115814785, {"__complex__": [71331.796875, -9.56204707720192e-17]}, 770432], [0.2625147120015445, {"__complex__": [70964.3125, 1.318345478391761e-15]}, 800256], [0.2675154267702453, {"__complex__": [71005.7734375, -2.360773997621933e-15]}, 832146], [0.2725162642594614, {"__complex__": [71009.8984375, 1.7464403768570574e-15]}, 862396]]}, "attrs": {"poles": [0], "dk": 0.005, "kmin": 0.0, "kmax": null, "Nmesh": {"__dtype__": "<i8", "__shape__": [3], "__data__": [512, 512, 512]}, "BoxSize": {"__dtype__": "<f8", "__shape__": [3], "__data__": [2665.0, 5797.0, 2969.0]}, "BoxPad": {"__dtype__": "<f8", "__shape__": [3], "__data__": [0.1, 0.1, 0.1]}, "BoxCenter": {"__dtype__": "<f8", "__shape__": [3], "__data__": [2582.6659631740176, 44.45818371950327, 890.4509743382112]}, "mesh.resampler": "tsc", "mesh.interlaced": true, "alpha": 0.04981711647727273, "data.norm": 1.8295183597852853, "randoms.norm": 1.8315862568575632, "shotnoise": 70175.60351543437, "first.data.N": 140285, "first.data.W": 140285.0, "first.data.W2": 124987.03280863105, "first.data.num_per_cell": 0.0009312259615110684, "first.randoms.N": 2816000, "first.randoms.W": 2816000.0, "first.randoms.W2": 2508954.182162565, "first.randoms.num_per_cell": 0.0186931653481913, "first.data.ext": 1, "first.randoms.ext": 1, "second.data.N": 140285, "second.data.W": 140285.0, "second.data.W2": 131715.47321605682, "second.data.num_per_cell": 0.0009813567490581931, "second.randoms.N": 2816000, "second.randoms.W": 2816000.0, "second.randoms.W2": 2645625.888250053, "second.randoms.num_per_cell": 0.019711448909715212, "second.data.ext": 1, "second.randoms.ext": 1}}, "attrs": {"poles": [0], "dk": 0.005, "kmin": 0.0, "kmax": null, "Nmesh": {"__dtype__": "<i8", "__shape__": [3], "__data__": [512, 512, 512]}, "BoxSize": {"__dtype__": "<f8", "__shape__": [3], "__data__": [2665.0, 5797.0, 2969.0]}, "BoxPad": {"__dtype__": "<f8", "__shape__": [3], "__data__": [0.1, 0.1, 0.1]}, "BoxCenter": {"__dtype__": "<f8", "__shape__": [3], "__data__": [2582.6659631740176, 44.45818371950327, 890.4509743382112]}, "mesh.resampler": "tsc", "mesh.interlaced": true, "alpha": 0.04981711647727273, "data.norm": 1.8295183597852853, "randoms.norm": 1.8315862568575632, "shotnoise": 70175.60351543437, "first.data.N": 140285, "first.data.W": 140285.0, "first.data.W2": 124987.03280863105,