{"poles": {"dims": ["k"], "edges": [{"__dtype__": "<f8", "__shape__": [46], "__data__": [0.0, 0.005, 0.01, 0.015, 0.02, 0.025, 0.03, 0.035, 0.04, 0.045, 0.05, 0.055, 0.06, 0.065, 0.07, 0.075, 0.08, 0.085, 0.09, 0.095, 0.1, 0.105, 0.11, 0.115, 0.12, 0.125, 0.13, 0.135, 0.14, 0.145, 0.15, 0.155, 0.16, 0.165, 0.17, 0.17500000000000002, 0.18, 0.185, 0.19, 0.195, 0.2, 0.20500000000000002, 0.21, 0.215, 0.22, 0.225]}], "coords": [{"__dtype__": "<f8", "__shape__": [45], "__data__": [0.0025, 0.0075, 0.0125, 0.0175, 0.0225, 0.0275, 0.0325, 0.037500000000000006, 0.042499999999999996, 0.0475, 0.052500000000000005, 0.057499999999999996, 0.0625, 0.0675, 0.07250000000000001, 0.0775, 0.0825, 0.0875, 0.0925, 0.0975, 0.10250000000000001, 0.1075, 0.1125, 0.1175, 0.1225, 0.1275, 0.1325, 0.1375, 0.14250000000000002, 0.1475, 0.1525, 0.1575, 0.1625, 0.1675, 0.17250000000000001, 0.1775, 0.1825, 0.1875, 0.1925, 0.1975, 0.2025, 0.20750000000000002, 0.2125, 0.2175, 0.2225]}], "data": {"__dtype__": [["k", "<f8"], ["power_0", "<c8"], ["modes", "<i8"]], "__shape__": [45], "__data__": [[0.0038124604949970986, {"__complex__": [-94498.5703125, 6.970977614595419e-13]}, 167], [0.008045304719267473, {"__complex__": [-132624.34375, 1.0759272026919162e-13]}, 1082], [0.012809912756659051, {"__complex__": [-149426.890625, 1.7068265475029404e-13]}, 2984], [0.017715433309244185, {"__complex__": [-141142.671875, 2.205595189992693e-13]}, 5806], [0.022669091647761614, {"__complex__": [-140731.546875, -1.364242106869501e-13]}, 9600], [0.02765002119246127, {"__complex__": [-125779.8671875, -3.037132855323102e-14]}, 14374], [0.03263290233536856, {"__complex__": [-127545.078125, 3.205588734993964e-14]}, 19974], [0.03761272013936665, {"__complex__": [-120129.90625, -2.8477329001852514e-14]}, 26572], [0.04260175757545894, {"__complex__": [-117268.78125, -2.5516247084401934e-15]}, 34218], [0.047587548630681535, {"__complex__": [-108300.59375, -1.2845970387951895e-14]}, 42480], [0.052570104151228036, {"__complex__": [-109005.4140625, 1.704429342618257e-14]}, 52080], [0.05756944955461065, {"__complex__": [-107492.2265625, -1.883035895722425e-14]}, 62596], [0.06257077522949148, {"__complex__": [-103459.1484375, -9.461070876661416e-15]}, 73828], [0.06756176768890902, {"__complex__": [-102803.1875, 1.2189519006796865e-14]}, 85954], [0.07255121859525904, {"__complex__": [-100532.953125, 1.4092158294237364e-14]}, 99132], [0.07755262400137602, {"__complex__": [-99585.1171875, 1.4960319631327976e-14]}, 113806], [0.08255332089930578, {"__complex__": [-98034.2265625, -6.572987952671106e-15]}, 128406], [0.08755113966916353, {"__complex__": [-96533.7578125, -8.443118539112459e-15]}, 144776], [0.0925464539210429, {"__complex__": [-93247.4296875, -1.2626390648903373e-14]}, 161350], [0.0975407696852722, {"__complex__": [-92512.8515625, -1.2361119199822876e-15]}, 179528], [0.10253936843338714, {"__complex__": [-91713.734375, 1.3199015837949855e-15]}, 198450], [0.10753330829635703, {"__complex__": [-92026.4140625, -2.671743085965036e-16]}, 217864], [0.11253145908249744, {"__complex__": [-90845.171875, 4.3778690355766436e-15]}, 239326], [0.11753431416740862, {"__complex__": [-90723.7109375, 3.347448161285867e-15]}, 260830], [0.12253334462183928, {"__complex__": [-89705.234375, 4.5716155402833296e-15]}, 283296], [0.12753220666506468, {"__complex__": [-89883.5, 3.7904001764646814e-16]}, 307132], [0.13253184583720862, {"__complex__": [-89039.1015625, -6.848208015475341e-15]}, 331488], [0.1375304034136141, {"__complex__": [-89204.5234375, -4.524291809520232e-15]}, 357020], [0.1425296880354727, {"__complex__": [-88154.0078125, 5.55853979042494e-15]}, 383528], [0.1475269696696561, {"__complex__": [-87829.0703125, 5.672459792600013e-15]}, 410458], [0.15252572158497293, {"__complex__": [-87077.203125, 1.8540255254987335e-15]}, 439534], [0.15752614553798203, {"__complex__": [-87068.75, -5.034812966390502e-15]}, 468222], [0.16252439198132457, {"__complex__": [-85923.953125, -3.5019990633913074e-15]}, 498638], [0.1675237007706474, {"__complex__": [-85247.5625, 6.151636071740664e-15]}, 529880], [0.1725250298734758, {"__complex__": [-85704.921875, -4.1418622042468684e-16]}, 562140], [0.1775249124979596, {"__complex__": [-85484.0234375, 1.5410759682458314e-15]}, 594890], [0.18252291001219376, {"__complex__": [-85204.140625, 5.601626662385872e-15]}, 628668], [0.18752197500191278, {"__complex__": [-85427.7890625, -1.44649933984985e-15]}, 663966], [0.19252241149897908, {"__complex__": [-85164.96875, 4.573707394025692e-16]}, 699962], [0.19752275891621854, {"__complex__": [-84861.1640625, 2.9440279678487986e-15]}, 736486], [0.202520204709918, {"__complex__": [-85012.6953125, 3.497568445802457e-15]}, 773868], [0.2075192312193462, {"__complex__": [-83978.3515625, -2.504860389999198e-16]}, 813326], [0.21252078094835136, {"__complex__": [-85157.5703125, 2.7298063474663712e-15]}, 852920], [0.217518623332359, {"__complex__": [-84481.9296875, -8.67392739394273e-15]}, 892516], [0.22251541035688588, {"__complex__": [-83718.7734375, 7.475914910048823e-16]}, 934323]]}, "attrs": {"poles": [0], "dk": 0.005, "kmin": 0.0, "kmax": null, "Nmesh": {"__dtype__": "<i8", "__shape__": [3], "__data__": [512, 512, 512]}, "BoxSize": {"__dtype__": "<f8", "__shape__": [3], "__data__": [3432.0, 7192.0, 3020.0]}, "BoxPad": {"__dtype__": "<f8", "__shape__": [3], "__data__": [0.1, 0.1, 0.1]}, "BoxCenter": {"__dtype__": "<f8", "__shape__": [3], "__data__": [-1750.1629678974402, 35.39290098772153, 1912.171961766124]}, "mesh.resampler": "tsc", "mesh.interlaced": true, "alpha": 0.05002998479231241, "data.norm": -1.4938982688195497, "randoms.norm": -1.4869761064008464, "shotnoise": 54559.084144334316, "first.data.N": 240516, "first.data.W": 240516.0, "first.data.W2": 207201.1296812161, "first.data.num_per_cell": 0.0015437687164635665, "first.randoms.N": 4807437, "first.randoms.W": 4807437.0, "first.randoms.W2": 4143938.155815553, "first.randoms.num_per_cell": 0.03087474521857167, "first.data.ext": 1, "first.randoms.ext": 1, "second.data.N": 240516, "second.data.W": 240516.0, "second.data.W2": -98386.76609253451, "second.data.num_per_cell": -0.0007330385304431208, "second.randoms.N": 4807437, "second.randoms.W": 4807437.0, "second.randoms.W2": -1956847.5447547096, "second.randoms.num_per_cell": -0.014579650348087472, "second.data.ext": 1, "second.randoms.ext": 1}}, "attrs": {"poles": [0], "dk": 0.005, "kmin": 0.0, "kmax": null, "Nmesh": {"__dtype__": "<i8", "__shape__": [3], "__data__": [512, 512, 512]}, "BoxSize": {"__dtype__": "<f8", "__shape__": [3], "__data__": [3432.0, 7192.0, 3020.0]}, "BoxPad": {"__dtype__": "<f8", "__shape__": [3], "__data__": [0.1, 0.1, 0.1]}, "BoxCenter": {"__dtype__": "<f8", "__shape__": [3], "__data__": [-1750.1629678974402, 35.39290098772153, 1912.171961766124]}, "mesh.resampler": "tsc", "mesh.interlaced": true, "alpha": 0.05002998479231241, "data.norm": -1.4938982688195497, "randoms.norm": -1.4869761064008464, "shotnoise": 54559.084144334316, "first.data.N": 240516, "first.data.W": 240516.0, "first.data.W2": 207201.1296812161, "first.data.num_per_cell": 0.0015437687164635665, "first.randoms.N": 4807437, "first.randoms.W": 4807437.0, "first.randoms.W2": 4143938.155815553, "first.randoms.num_per_cell": 0.03087474521857167, "first.data.ext": 1, "first.randoms.ext": 1, "second.data.N": 240516, "second.data.W": 240516.0, "second.data.W2": -98386.76609253451, "second.data.num_per_cell": -0.0007330385304431208, "second.randoms.N": 4807437, "second.randoms.W": 4807437.0, "second.randoms.W2": -1956847.5447547096, "second.randoms.num_per_cell": -0.014579650348087472, "second.data.ext": 1, "second.randoms.ext": 1, "p": 3.0, "zmin": 0.8, "zmax": 2.2, "P0_FKP": 30000.0, "z-weighted": true, "hashkeys": ["Nmesh", "P0_FKP", "dk", "kmin", "mesh.window", "mesh.interlaced", "poles", "p", "BoxPad", "zmin", "zmax", "z-weighted"]}}