{"poles": {"dims": ["k"], "edges": [{"__dtype__": "<f8", "__shape__": [56], "__data__": [0.0, 0.005, 0.01, 0.015, 0.02, 0.025, 0.03, 0.035, 0.04, 0.045, 0.05, 0.055, 0.06, 0.065, 0.07, 0.075, 0.08, 0.085, 0.09, 0.095, 0.1, 0.105, 0.11, 0.115, 0.12, 0.125, 0.13, 0.135, 0.14, 0.145, 0.15, 0.155, 0.16, 0.165, 0.17, 0.17500000000000002, 0.18, 0.185, 0.19, 0.195, 0.2, 0.20500000000000002, 0.21, 0.215, 0.22, 0.225, 0.23, 0.23500000000000001, 0.24, 0.245, 0.25, 0.255, 0.26, 0.265, 0.27, 0.275]}], "coords": [{"__dtype__": "<f8", "__shape__": [55], "__data__": [0.0025, 0.0075, 0.0125, 0.0175, 0.0225, 0.0275, 0.0325, 0.037500000000000006, 0.042499999999999996, 0.0475, 0.052500000000000005, 0.057499999999999996, 0.0625, 0.0675, 0.07250000000000001, 0.0775, 0.0825, 0.0875, 0.0925, 0.0975, 0.10250000000000001, 0.1075, 0.1125, 0.1175, 0.1225, 0.1275, 0.1325, 0.1375, 0.14250000000000002, 0.1475, 0.1525, 0.1575, 0.1625, 0.1675, 0.17250000000000001, 0.1775, 0.1825, 0.1875, 0.1925, 0.1975, 0.2025, 0.20750000000000002, 0.2125, 0.2175, 0.2225, 0.2275, 0.2325, 0.2375, 0.2425, 0.2475, 0.2525, 0.2575, 0.2625, 0.2675, 0.2725]}], "data": {"__dtype__": [["k", "<f8"], ["power_0", "<c8"], ["modes", "<i8"]], "__shape__": [55], "__data__": [[0.00381582870963149, {"__complex__": [-45618.4921875, -5.763134652662927e-13]}, 101], [0.008101265444645324, {"__complex__": [-78302.84375, 4.2179465215702594e-13]}, 690], [0.012881094428097399, {"__complex__": [-68362.890625, -7.882944310874142e-15]}, 1846], [0.01776898906732117, {"__complex__": [-80001.0234375, 1.0550747423085025e-13]}, 3586], [0.022691540015953332, {"__complex__": [-83878.6640625, 9.420319613349243e-14]}, 5870], [0.027646924733755237, {"__complex__": [-79369.7109375, -7.92839847051606e-14]}, 8810], [0.03262381701015117, {"__complex__": [-70797.1640625, -1.419929949173556e-14]}, 12298], [0.03761603546573974, {"__complex__": [-73629.5390625, 4.7856480605602825e-14]}, 16420], [0.042615513382507485, {"__complex__": [-67730.6484375, 1.6588105197713927e-14]}, 21054], [0.04759756059586297, {"__complex__": [-68473.0390625, -2.0024040138142372e-14]}, 26162], [0.05257971257242345, {"__complex__": [-65329.86328125, -9.090402059162882e-16]}, 32016], [0.05757077253850946, {"__complex__": [-65223.19140625, 8.046112502668474e-15]}, 38432], [0.06256656704432612, {"__complex__": [-64068.3359375, 1.1521706372720313e-14]}, 45468], [0.06756224221830869, {"__complex__": [-62009.75390625, -1.0453962050399959e-14]}, 52896], [0.07255395967994632, {"__complex__": [-60825.15625, -7.148008339134186e-16]}, 61074], [0.077549843044251, {"__complex__": [-61450.8515625, 2.0848016636814174e-16]}, 69800], [0.08254670444516676, {"__complex__": [-60288.484375, 0.0]}, 79070], [0.0875450730828665, {"__complex__": [-59752.51171875, 6.8624152990996376e-15]}, 89062], [0.09254706284502398, {"__complex__": [-58406.0234375, 1.1696270334028767e-15]}, 99532], [0.09754654727165055, {"__complex__": [-58101.12890625, 7.904640106905995e-16]}, 110456], [0.10254482204994865, {"__complex__": [-57888.2421875, 1.0719204065085539e-15]}, 122180], [0.10754221436417905, {"__complex__": [-56984.9140625, -7.810429820259701e-15]}, 134146], [0.11253731368411114, {"__complex__": [-56100.484375, -4.354490502715951e-15]}, 147040], [0.11753494034207632, {"__complex__": [-55345.88671875, 3.2655273697921672e-15]}, 160424], [0.12253330115342949, {"__complex__": [-55226.33203125, 1.0850792751023863e-15]}, 174342], [0.12753356291363982, {"__complex__": [-55362.8828125, 5.194913628366353e-15]}, 189080], [0.13253370854762594, {"__complex__": [-54948.6171875, 1.3200601907143589e-15]}, 203938], [0.13752961459817578, {"__complex__": [-55293.32421875, -3.315028610504419e-15]}, 219484], [0.1425281107820362, {"__complex__": [-54566.75, 2.095290366788149e-15]}, 236132], [0.1475274145760076, {"__complex__": [-53872.13671875, -1.4975254516253964e-15]}, 252650], [0.1525290822685407, {"__complex__": [-53261.40625, -9.141055688199873e-16]}, 270628], [0.1575299612384668, {"__complex__": [-53115.44140625, -3.056063745232704e-15]}, 288080], [0.16252169358652926, {"__complex__": [-53410.40234375, 7.131846950500574e-16]}, 306062], [0.16752062292264278, {"__complex__": [-53508.76953125, 8.0182711649669355e-16]}, 326672], [0.1725228620785395, {"__complex__": [-53089.203125, -3.243437809318959e-15]}, 345466], [0.1775209487576261, {"__complex__": [-52854.015625, -1.112714042643913e-15]}, 366180], [0.1825256448391732, {"__complex__": [-53043.83203125, 2.514567652272528e-15]}, 387732], [0.18752632321603607, {"__complex__": [-52897.7734375, -7.846967221714226e-16]}, 407982], [0.19252140078705848, {"__complex__": [-52692.3828125, -6.087337271318998e-16]}, 430294], [0.19751872595109427, {"__complex__": [-52357.375, 2.569114668251574e-15]}, 453134], [0.20251834237475713, {"__complex__": [-52252.76171875, 2.045926980688063e-15]}, 476546], [0.2075189401846281, {"__complex__": [-52548.484375, -3.490114291168823e-16]}, 500336], [0.21252015430968035, {"__complex__": [-52116.3125, -1.0532052135389701e-15]}, 525038], [0.21752001193636755, {"__complex__": [-51709.48828125, 1.6424163664838752e-15]}, 549324], [0.22251920952356846, {"__complex__": [-51983.7890625, -3.666781911741343e-15]}, 575444], [0.22751862790843796, {"__complex__": [-51869.3046875, 2.5417641861429693e-15]}, 601138], [0.23251697255054365, {"__complex__": [-51888.84765625, -1.0659894818118793e-15]}, 627950], [0.23751700822531546, {"__complex__": [-51697.171875, 1.1541423182150025e-15]}, 655638], [0.24251727793025477, {"__complex__": [-52009.13671875, -2.2152730072831943e-15]}, 683166], [0.24751389003994526, {"__complex__": [-51786.32421875, -2.906698590588591e-15]}, 710900], [0.2525134489582163, {"__complex__": [-51707.921875, 5.98485740200866e-16]}, 741594], [0.2575160115814785, {"__complex__": [-51711.91015625, 2.5687671729849627e-15]}, 770432], [0.2625147120015445, {"__complex__": [-51690.234375, 5.455222523167123e-16]}, 800256], [0.2675154267702453, {"__complex__": [-51670.41015625, -5.246164203872921e-16]}, 832146], [0.2725162642594614, {"__complex__": [-51273.9453125, 1.7548773544073023e-15]}, 862396]]}, "attrs": {"poles": [0], "dk": 0.005, "kmin": 0.0, "kmax": null, "Nmesh": {"__dtype__": "<i8", "__shape__": [3], "__data__": [512, 512, 512]}, "BoxSize": {"__dtype__": "<f8", "__shape__": [3], "__data__": [2665.0, 5797.0, 2969.0]}, "BoxPad": {"__dtype__": "<f8", "__shape__": [3], "__data__": [0.1, 0.1, 0.1]}, "BoxCenter": {"__dtype__": "<f8", "__shape__": [3], "__data__": [2582.6659631740176, 44.45818371950327, 890.4509743382112]}, "mesh.resampler": "tsc", "mesh.interlaced": true, "alpha": 0.05003941761363637, "data.norm": -0.8311768715767491, "randoms.norm": -0.829793443274503, "shotnoise": 60815.69613170257, "first.data.N": 140911, "first.data.W": 140911.0, "first.data.W2": 125518.57767474632, "first.data.num_per_cell": 0.0009351862793769414, "first.randoms.N": 2816000, "first.randoms.W": 2816000.0, "first.randoms.W2": 2508954.182162565, "first.randoms.num_per_cell": 0.0186931653481913, "first.data.ext": 1, "first.randoms.ext": 1, "second.data.N": 140911, "second.data.W": 140911.0, "second.data.W2": -58797.791693046485, "second.data.num_per_cell": -0.0004380776859301812, "second.randoms.N": 2816000, "second.randoms.W": 2816000.0, "second.randoms.W2": -1173049.6557325185, "second.randoms.num_per_cell": -0.008739901004228879, "second.data.ext": 1, "second.randoms.ext": 1}}, "attrs": {"poles": [0], "dk": 0.005, "kmin": 0.0, "kmax": null, "Nmesh": {"__dtype__": "<i8", "__shape__": [3], "__data__": [512, 512, 512]}, "BoxSize": {"__dtype__": "<f8", "__shape__": [3], "__data__": [2665.0, 5797.0, 2969.0]}, "BoxPad": {"__dtype__": "<f8", "__shape__": [3], "__data__": [0.1, 0.1, 0.1]}, "BoxCenter": {"__dtype__": "<f8", "__shape__": [3], "__data__": [2582.6659631740176, 44.45818371950327, 890.4509743382112]}, "mesh.resampler": "tsc", "mesh.interlaced": true, "alpha": 0.05003941761363637, "data.norm": -0.8311768715767491, "randoms.norm": -0.829793443274503,