{"poles": {"dims": ["k"], "edges": [{"__dtype__": "<f8", "__shape__": [57], "__data__": [0.0, 0.005, 0.01, 0.015, 0.02, 0.025, 0.03, 0.035, 0.04, 0.045, 0.05, 0.055, 0.06, 0.065, 0.07, 0.075, 0.08, 0.085, 0.09, 0.095, 0.1, 0.105, 0.11, 0.115, 0.12, 0.125, 0.13, 0.135, 0.14, 0.145, 0.15, 0.155, 0.16, 0.165, 0.17, 0.17500000000000002, 0.18, 0.185, 0.19, 0.195, 0.2, 0.20500000000000002, 0.21, 0.215, 0.22, 0.225, 0.23, 0.23500000000000001, 0.24, 0.245, 0.25, 0.255, 0.26, 0.265, 0.27, 0.275, 0.28]}], "coords": [{"__dtype__": "<f8", "__shape__": [56], "__data__": [0.0025, 0.0075, 0.0125, 0.0175, 0.0225, 0.0275, 0.0325, 0.037500000000000006, 0.042499999999999996, 0.0475, 0.052500000000000005, 0.057499999999999996, 0.0625, 0.0675, 0.07250000000000001, 0.0775, 0.0825, 0.0875, 0.0925, 0.0975, 0.10250000000000001, 0.1075, 0.1125, 0.1175, 0.1225, 0.1275, 0.1325, 0.1375, 0.14250000000000002, 0.1475, 0.1525, 0.1575, 0.1625, 0.1675, 0.17250000000000001, 0.1775, 0.1825, 0.1875, 0.1925, 0.1975, 0.2025, 0.20750000000000002, 0.2125, 0.2175, 0.2225, 0.2275, 0.2325, 0.2375, 0.2425, 0.2475, 0.2525, 0.2575, 0.2625, 0.2675, 0.2725, 0.2775]}], "data": {"__dtype__": [["k", "<f8"], ["power_0", "<c8"], ["modes", "<i8"]], "__shape__": [56], "__data__": [[0.003818606252304617, {"__complex__": [84039.65625, -2.5934107292235886e-12]}, 101], [0.008106606227860613, {"__complex__": [109208.421875, 2.003524570640819e-13]}, 690], [0.012889637814732603, {"__complex__": [115054.9609375, -3.232007218280375e-13]}, 1846], [0.017776066715536307, {"__complex__": [121623.515625, 1.626821134672208e-14]}, 3578], [0.022688851916721646, {"__complex__": [108027.1015625, 4.9818263968585356e-15]}, 5842], [0.027649408968077268, {"__complex__": [103660.3984375, -3.379948434307188e-14]}, 8826], [0.032629887926748896, {"__complex__": [99189.234375, -3.561408472004066e-15]}, 12258], [0.03761021456008756, {"__complex__": [100805.9765625, -2.227515809744571e-15]}, 16332], [0.042611767316194815, {"__complex__": [99684.09375, 1.7949985099100126e-14]}, 21078], [0.047601347706363914, {"__complex__": [93705.8671875, -2.1732583519785444e-14]}, 26114], [0.052580201944702865, {"__complex__": [92214.8046875, -1.8240054072986202e-15]}, 31912], [0.05757205980533388, {"__complex__": [90565.3359375, -2.386926309274999e-14]}, 38408], [0.0625702082356262, {"__complex__": [86655.59375, -1.4514067099330626e-14]}, 45368], [0.06756432692762657, {"__complex__": [88352.75, -1.488940772704974e-14]}, 52776], [0.07255258605093201, {"__complex__": [85508.9375, -9.082100712763316e-15]}, 60886], [0.07754776362858021, {"__complex__": [87306.5078125, 0.0]}, 69700], [0.08254643260035938, {"__complex__": [83727.6484375, -5.531505039847425e-15]}, 78922], [0.08754772236280538, {"__complex__": [82998.2734375, -1.1776040720627625e-14]}, 88972], [0.09254940105740712, {"__complex__": [81692.8671875, 7.331826135391394e-16]}, 99238], [0.09754438794946667, {"__complex__": [80125.328125, 8.422470522836359e-16]}, 110144], [0.10254464122748139, {"__complex__": [79997.90625, 5.2437615949180345e-15]}, 122104], [0.10754497330285667, {"__complex__": [79748.8828125, -7.445853287234294e-15]}, 133874], [0.112536233999819, {"__complex__": [79444.484375, -3.4264805704294294e-15]}, 146518], [0.11753202478838543, {"__complex__": [79038.234375, -6.9939298696550765e-15]}, 160210], [0.1225336160212085, {"__complex__": [77671.015625, -2.173200033760126e-15]}, 174098], [0.127534756454501, {"__complex__": [77370.5703125, 7.94537487425152e-15]}, 188644], [0.13253322050703462, {"__complex__": [78042.84375, 4.2910392646371316e-16]}, 203474], [0.13752652393544834, {"__complex__": [77351.359375, -1.3297799996632204e-15]}, 218862], [0.1425274928527908, {"__complex__": [76635.6796875, 1.6646543694810896e-15]}, 236026], [0.1475320900348592, {"__complex__": [76570.6640625, -4.123613461733426e-15]}, 252318], [0.15252987966582254, {"__complex__": [76467.7109375, 2.6862798654058145e-15]}, 269502], [0.15752851538568188, {"__complex__": [76076.4375, -2.2497072259296865e-15]}, 287842], [0.1625264520644514, {"__complex__": [76085.2421875, -3.3302624980607876e-16]}, 305872], [0.1675254662407814, {"__complex__": [75825.5390625, -4.469398462944878e-16]}, 325590], [0.17252610456578316, {"__complex__": [75536.171875, 2.8150386142673615e-15]}, 345054], [0.17752466796770838, {"__complex__": [75263.8984375, -1.75310843197608e-15]}, 365228], [0.18252535803514944, {"__complex__": [75704.7734375, 1.5433986384663211e-15]}, 386568], [0.18752716493616137, {"__complex__": [75315.5859375, -2.417836701454324e-15]}, 407758], [0.1925226295919303, {"__complex__": [75192.1171875, -4.563356122014653e-15]}, 428902], [0.1975190660113006, {"__complex__": [74860.78125, -3.4162973285793014e-15]}, 452578], [0.20251907453920737, {"__complex__": [75054.46875, 2.0513594264952783e-15]}, 475284], [0.2075179792872523, {"__complex__": [74607.4609375, -5.566290565408791e-15]}, 499330], [0.2125199009051493, {"__complex__": [74256.2421875, -5.830694758630418e-16]}, 524106], [0.21752103516797394, {"__complex__": [74291.2265625, -1.85746553805577e-15]}, 548400], [0.22252026272625533, {"__complex__": [73853.6171875, -1.3814306923582483e-15]}, 574100], [0.22751835707805168, {"__complex__": [74129.5703125, -1.5527735991265317e-15]}, 599780], [0.23251763346942042, {"__complex__": [73876.921875, 1.2530951423329732e-15]}, 627090], [0.2375198287522575, {"__complex__": [74076.484375, -1.0895547854374412e-15]}, 654436], [0.24251852417443226, {"__complex__": [73603.8515625, 8.009405376987143e-16]}, 681320], [0.2475167426893821, {"__complex__": [73968.4609375, 7.783591157809475e-16]}, 710434], [0.25251638004144983, {"__complex__": [74043.0703125, -7.875265533690808e-16]}, 739120], [0.257515021617126, {"__complex__": [73803.4140625, 1.5332669597468572e-15]}, 768754], [0.26251584996476757, {"__complex__": [73940.875, 4.3688294470239865e-16]}, 799404], [0.26751723554185614, {"__complex__": [73300.8203125, -5.260260949697601e-16]}, 829916], [0.27251665792197405, {"__complex__": [73301.1171875, 1.1833271560500046e-15]}, 860822], [0.27751170862781277, {"__complex__": [73401.0, -9.636954303543456e-16]}, 890907]]}, "attrs": {"poles": [0], "dk": 0.005, "kmin": 0.0, "kmax": null, "Nmesh": {"__dtype__": "<i8", "__shape__": [3], "__data__": [512, 512, 512]}, "BoxSize": {"__dtype__": "<f8", "__shape__": [3], "__data__": [2666.0, 5789.0, 2966.0]}, "BoxPad": {"__dtype__": "<f8", "__shape__": [3], "__data__": [0.1, 0.1, 0.1]}, "BoxCenter": {"__dtype__": "<f8", "__shape__": [3], "__data__": [2582.892851754615, 43.16040237628613, 890.3186141846089]}, "mesh.resampler": "tsc", "mesh.interlaced": true, "alpha": 0.05016518437033693, "data.norm": 1.0417633891614295, "randoms.norm": 1.0413788093617062, "shotnoise": 72546.90433116374, "first.data.N": 141232, "first.data.W": 141232.0, "first.data.W2": 125842.98895092048, "first.data.num_per_cell": 0.0009376033317366278, "first.randoms.N": 2815339, "first.randoms.W": 2815339.0, "first.randoms.W2": 2508424.5404536775, "first.randoms.num_per_cell": 0.01868921920995174, "first.data.ext": 1, "first.randoms.ext": 1, "second.data.N": 141232, "second.data.W": 141232.0, "second.data.W2": 75276.57007539512, "second.data.num_per_cell": 0.0005608541524067158, "second.randoms.N": 2815339, "second.randoms.W": 2815339.0, "second.randoms.W2": 1499870.4898437583, "second.randoms.num_per_cell": 0.011174905969528543, "second.data.ext": 1, "second.randoms.ext": 1}}, "attrs": {"poles": [0], "dk": 0.005, "kmin": 0.0, "kmax": null, "Nmesh": {"__dtype__": "<i8", "__shape__": [3], "__data__": [512, 512, 512]}, "BoxSize": {"__dtype__": "<f8", "__shape__": [3], "__data__": [2666.0, 5789.0, 2966.0]}, "BoxPad": {"__dtype__": "<f8", "__shape__": [3], "__data__": [0.1, 0.1, 0.1]}, "BoxCenter": {"__dtype__": "<f8", "__shape__": [3], "__data__": [2582.892851754615, 43.16040237628613, 890.3186141846089]}, "mesh.resampler": "tsc", "mesh.interlaced": true, "alpha": 0.05016518437033693, "data.norm": 1.0417633891614295,