{"poles": {"dims": ["k"], "edges": [{"__dtype__": "<f8", "__shape__": [57], "__data__": [0.0, 0.005, 0.01, 0.015, 0.02, 0.025, 0.03, 0.035, 0.04, 0.045, 0.05, 0.055, 0.06, 0.065, 0.07, 0.075, 0.08, 0.085, 0.09, 0.095, 0.1, 0.105, 0.11, 0.115, 0.12, 0.125, 0.13, 0.135, 0.14, 0.145, 0.15, 0.155, 0.16, 0.165, 0.17, 0.17500000000000002, 0.18, 0.185, 0.19, 0.195, 0.2, 0.20500000000000002, 0.21, 0.215, 0.22, 0.225, 0.23, 0.23500000000000001, 0.24, 0.245, 0.25, 0.255, 0.26, 0.265, 0.27, 0.275, 0.28]}], "coords": [{"__dtype__": "<f8", "__shape__": [56], "__data__": [0.0025, 0.0075, 0.0125, 0.0175, 0.0225, 0.0275, 0.0325, 0.037500000000000006, 0.042499999999999996, 0.0475, 0.052500000000000005, 0.057499999999999996, 0.0625, 0.0675, 0.07250000000000001, 0.0775, 0.0825, 0.0875, 0.0925, 0.0975, 0.10250000000000001, 0.1075, 0.1125, 0.1175, 0.1225, 0.1275, 0.1325, 0.1375, 0.14250000000000002, 0.1475, 0.1525, 0.1575, 0.1625, 0.1675, 0.17250000000000001, 0.1775, 0.1825, 0.1875, 0.1925, 0.1975, 0.2025, 0.20750000000000002, 0.2125, 0.2175, 0.2225, 0.2275, 0.2325, 0.2375, 0.2425, 0.2475, 0.2525, 0.2575, 0.2625, 0.2675, 0.2725, 0.2775]}], "data": {"__dtype__": [["k", "<f8"], ["power_0", "<c8"], ["modes", "<i8"]], "__shape__": [56], "__data__": [[0.003815315076589005, {"__complex__": [-38037.62890625, -5.763134652662927e-13]}, 101], [0.008100391055947348, {"__complex__": [-63862.1796875, 2.1089732607851297e-13]}, 690], [0.01288429775792607, {"__complex__": [-76980.6796875, 1.573180062781898e-14]}, 1850], [0.01777010396427845, {"__complex__": [-79119.6015625, -1.0562529312568153e-13]}, 3582], [0.02268274761336624, {"__complex__": [-78936.53125, -1.2429036419116094e-15]}, 5854], [0.02764237102490781, {"__complex__": [-68775.96875, 9.879100270856252e-15]}, 8838], [0.0326289514482424, {"__complex__": [-70886.1171875, 3.7803320993316444e-14]}, 12318], [0.03761817081712306, {"__complex__": [-71644.8671875, 3.550113499410667e-15]}, 16396], [0.0426190348090754, {"__complex__": [-66944.734375, 3.860290315486556e-14]}, 21110], [0.04759944389198613, {"__complex__": [-65736.4140625, 1.8952160600973524e-14]}, 26106], [0.05257940229887769, {"__complex__": [-63835.01171875, 1.2251378669967793e-14]}, 32070], [0.057573330822707346, {"__complex__": [-63395.62890625, -1.778962820965773e-14]}, 38446], [0.06256701948574078, {"__complex__": [-60820.40625, -2.8176564542941457e-14]}, 45448], [0.06756475368729042, {"__complex__": [-61692.828125, -8.512139865852423e-15]}, 52996], [0.07255571298285615, {"__complex__": [-62853.2734375, -7.156914255299855e-15]}, 60998], [0.07754937659452694, {"__complex__": [-60200.01171875, 8.331566946937028e-16]}, 69864], [0.08254666447968059, {"__complex__": [-59091.89453125, -9.93857553628066e-15]}, 79066], [0.08754702456286788, {"__complex__": [-58425.52734375, -3.0996927182798785e-15]}, 89198], [0.09254740828382503, {"__complex__": [-58270.6328125, -3.2210049887438762e-15]}, 99392], [0.09754411601551434, {"__complex__": [-56036.34765625, -8.555923740049827e-16]}, 110552], [0.10254502852152152, {"__complex__": [-56703.85546875, -8.092595976747895e-15]}, 122276], [0.10754272681873767, {"__complex__": [-55585.08984375, -7.593586315268166e-16]}, 134144], [0.11253590993852193, {"__complex__": [-55022.8203125, 4.8495168858820985e-15]}, 147034], [0.1175349067133481, {"__complex__": [-55157.2421875, -3.125800603054861e-15]}, 160612], [0.12253535167053539, {"__complex__": [-55017.70703125, -2.836858394746869e-15]}, 174406], [0.1275340341459209, {"__complex__": [-55154.34765625, -1.2317256657440497e-15]}, 189028], [0.13253426201100044, {"__complex__": [-54928.50390625, -3.564444238087026e-15]}, 204126], [0.13753018527517, {"__complex__": [-54840.82421875, -3.1831237695185326e-15]}, 219436], [0.1425276651006417, {"__complex__": [-53662.890625, -9.855349043498768e-16]}, 236248], [0.14752787997188446, {"__complex__": [-53149.953125, 2.5329904071170724e-15]}, 252778], [0.152529333368278, {"__complex__": [-53535.40234375, -5.914144973989503e-15]}, 270658], [0.15753058547554286, {"__complex__": [-52695.6171875, -8.076825493819441e-16]}, 288270], [0.16252295484005383, {"__complex__": [-53001.1328125, 7.605265840819619e-16]}, 306144], [0.16752066173225053, {"__complex__": [-53068.90234375, 1.3141457831601557e-15]}, 326662], [0.17252339264100913, {"__complex__": [-52531.296875, 1.7045035638802602e-15]}, 345762], [0.17752347235320926, {"__complex__": [-52932.61328125, 8.339980101685631e-16]}, 366416], [0.18252574128185536, {"__complex__": [-52333.1875, 6.198091064337234e-16]}, 387388], [0.1875253917190743, {"__complex__": [-52064.2734375, -1.5855640444597586e-15]}, 408410], [0.1925232065940861, {"__complex__": [-52194.1953125, 2.095191475691557e-15]}, 430614], [0.19752089154737798, {"__complex__": [-51967.12890625, -3.2110248759824116e-16]}, 453186], [0.20251826402564826, {"__complex__": [-52085.359375, -1.3746030774077866e-15]}, 476382], [0.20751932415458987, {"__complex__": [-52030.8515625, 1.161987325614235e-15]}, 500932], [0.21252133266351905, {"__complex__": [-51933.03125, 6.653140457008294e-16]}, 524934], [0.21752128998981057, {"__complex__": [-51477.71484375, 3.4142898604943087e-15]}, 549806], [0.22251980261366425, {"__complex__": [-51618.5703125, 3.7948187767735926e-16]}, 575202], [0.22751897267731908, {"__complex__": [-51958.52734375, 2.5151637517091584e-15]}, 601710], [0.2325196909235158, {"__complex__": [-51516.62890625, 8.394739193538846e-16]}, 628378], [0.23752044239911901, {"__complex__": [-51566.4140625, 4.881242293163271e-16]}, 655862], [0.24251700196181417, {"__complex__": [-51729.33984375, -3.838452620260214e-16]}, 682396], [0.24751339298735195, {"__complex__": [-51525.5546875, -1.3079455019862542e-15]}, 712050], [0.2525163989416474, {"__complex__": [-51500.078125, 3.7264425715020813e-16]}, 741958], [0.2575171872909586, {"__complex__": [-51146.28515625, 1.5118323145605543e-16]}, 770028], [0.2625149701495532, {"__complex__": [-51169.734375, 2.997839918048305e-16]}, 800932], [0.26751592081659287, {"__complex__": [-51081.73046875, 1.976226121766164e-15]}, 832074], [0.27251626683767105, {"__complex__": [-51073.87109375, 6.071576105752964e-16]}, 862822], [0.277511935457997, {"__complex__": [-50833.24609375, 8.472379821670951e-16]}, 893137]]}, "attrs": {"poles": [0], "dk": 0.005, "kmin": 0.0, "kmax": null, "Nmesh": {"__dtype__": "<i8", "__shape__": [3], "__data__": [512, 512, 512]}, "BoxSize": {"__dtype__": "<f8", "__shape__": [3], "__data__": [2665.0, 5795.0, 2971.0]}, "BoxPad": {"__dtype__": "<f8", "__shape__": [3], "__data__": [0.1, 0.1, 0.1]}, "BoxCenter": {"__dtype__": "<f8", "__shape__": [3], "__data__": [2583.1102386120765, 43.248748641381326, 889.6312967671211]}, "mesh.resampler": "tsc", "mesh.interlaced": true, "alpha": 0.04984591433050043, "data.norm": -0.8266308088457892, "randoms.norm": -0.8262640441733988, "shotnoise": 60712.908869521525, "first.data.N": 140235, "first.data.W": 140235.0, "first.data.W2": 124926.44809921145, "first.data.num_per_cell": 0.0009307745702505965, "first.randoms.N": 2813370, "first.randoms.W": 2813370.0, "first.randoms.W2": 2506397.141919362, "first.randoms.num_per_cell": 0.018674113913769736, "first.data.ext": 1, "first.randoms.ext": 1, "second.data.N": 140235, "second.data.W": 140235.0, "second.data.W2": -58458.159702785975, "second.data.num_per_cell": -0.0004355472304134516, "second.randoms.N": 2813370, "second.randoms.W": 2813370.0, "second.randoms.W2": -1172227.2754151658, "second.randoms.num_per_cell": -0.008733773793393119, "second.data.ext": 1, "second.randoms.ext": 1}}, "attrs": {"poles": [0], "dk": 0.005, "kmin": 0.0, "kmax": null, "Nmesh": {"__dtype__": "<i8", "__shape__": [3], "__data__": [512, 512, 512]}, "BoxSize": {"__dtype__": "<f8", "__shape__": [3], "__data__": [2665.0, 5795.0, 2971.0]}, "BoxPad": {"__dtype__": "<f8", "__shape__": [3], "__data__": [0.1, 0.1, 0.1]}, "BoxCenter": {"__dtype__": "<f8", "__shape__": [3], "__data__": [2583.1102386120765, 43.248748641381326, 889.6312967671211]},