{"poles": {"dims": ["k"], "edges": [{"__dtype__": "<f8", "__shape__": [46], "__data__": [0.0, 0.005, 0.01, 0.015, 0.02, 0.025, 0.03, 0.035, 0.04, 0.045, 0.05, 0.055, 0.06, 0.065, 0.07, 0.075, 0.08, 0.085, 0.09, 0.095, 0.1, 0.105, 0.11, 0.115, 0.12, 0.125, 0.13, 0.135, 0.14, 0.145, 0.15, 0.155, 0.16, 0.165, 0.17, 0.17500000000000002, 0.18, 0.185, 0.19, 0.195, 0.2, 0.20500000000000002, 0.21, 0.215, 0.22, 0.225]}], "coords": [{"__dtype__": "<f8", "__shape__": [45], "__data__": [0.0025, 0.0075, 0.0125, 0.0175, 0.0225, 0.0275, 0.0325, 0.037500000000000006, 0.042499999999999996, 0.0475, 0.052500000000000005, 0.057499999999999996, 0.0625, 0.0675, 0.07250000000000001, 0.0775, 0.0825, 0.0875, 0.0925, 0.0975, 0.10250000000000001, 0.1075, 0.1125, 0.1175, 0.1225, 0.1275, 0.1325, 0.1375, 0.14250000000000002, 0.1475, 0.1525, 0.1575, 0.1625, 0.1675, 0.17250000000000001, 0.1775, 0.1825, 0.1875, 0.1925, 0.1975, 0.2025, 0.20750000000000002, 0.2125, 0.2175, 0.2225]}], "data": {"__dtype__": [["k", "<f8"], ["power_0", "<c8"], ["modes", "<i8"]], "__shape__": [45], "__data__": [[0.003813195460392214, {"__complex__": [84386.15625, 0.0]}, 167], [0.00807565510226265, {"__complex__": [113368.765625, -2.4518253638299015e-13]}, 1098], [0.012827844209334107, {"__complex__": [108658.703125, 9.805872747906813e-14]}, 2968], [0.01772560081224247, {"__complex__": [101636.3828125, -3.249311220478515e-14]}, 5822], [0.022669130354148, {"__complex__": [98156.7578125, 8.385953132535214e-15]}, 9544], [0.027648059807151622, {"__complex__": [102959.171875, 1.2118180197913213e-14]}, 14410], [0.03263961399950193, {"__complex__": [95246.0078125, -3.71482460407007e-14]}, 19978], [0.03762005229834329, {"__complex__": [93796.8515625, 1.6436650624547175e-14]}, 26560], [0.04259972644701294, {"__complex__": [91294.84375, 3.586950072902162e-14]}, 34078], [0.04758612828808716, {"__complex__": [88323.875, 1.60624704319658e-14]}, 42580], [0.05257087813136108, {"__complex__": [85609.6796875, -1.890477418977233e-14]}, 51958], [0.05757191920909159, {"__complex__": [84918.6796875, 5.571710729238271e-15]}, 62682], [0.0625759170214352, {"__complex__": [85678.3125, -1.825402926958295e-14]}, 73740], [0.06756667076005897, {"__complex__": [82280.1796875, -5.18453662772954e-15]}, 85958], [0.07255598764553971, {"__complex__": [82515.25, -2.645375204426894e-14]}, 99016], [0.07755448910617443, {"__complex__": [79125.34375, 7.040547386698401e-16]}, 113678], [0.08255659484839563, {"__complex__": [78821.8125, -2.1524155393004e-15]}, 128454], [0.08755068208756421, {"__complex__": [77501.390625, -2.0161709514790357e-16]}, 144352], [0.09254212087215793, {"__complex__": [76776.2734375, 5.412383831859737e-16]}, 161318], [0.09754126075198792, {"__complex__": [74871.421875, -2.3492259739355415e-15]}, 179636], [0.10254364411906562, {"__complex__": [74482.8671875, -2.0903076954759256e-15]}, 198406], [0.10753478687349009, {"__complex__": [74111.671875, -1.7401313578285522e-15]}, 217426], [0.11253083166208447, {"__complex__": [73301.6171875, 5.291738388083465e-15]}, 239244], [0.11753438445563896, {"__complex__": [72850.078125, -5.638762280859395e-15]}, 260650], [0.12253270929162882, {"__complex__": [72647.6484375, 1.4138555370956166e-15]}, 283040], [0.12753340277620526, {"__complex__": [72266.421875, -1.8946202147706063e-15]}, 307226], [0.13253254682281457, {"__complex__": [72381.65625, 3.5184611487211947e-15]}, 330870], [0.13753037093144982, {"__complex__": [71905.71875, 4.9713638458940505e-15]}, 357112], [0.14253049385852848, {"__complex__": [71351.140625, -2.5072611460695126e-15]}, 383058], [0.14752876210788024, {"__complex__": [71256.375, -2.0202131779917904e-15]}, 410580], [0.1525294095778384, {"__complex__": [70548.046875, 5.633007856653105e-16]}, 439166], [0.15752803767379436, {"__complex__": [70320.484375, -7.4284466542891e-16]}, 467698], [0.1625245164040838, {"__complex__": [70317.21875, 2.2489652250678917e-15]}, 498228], [0.167525696375731, {"__complex__": [69917.765625, -7.688645646564964e-16]}, 529942], [0.17252641279948458, {"__complex__": [69677.71875, 1.918737783877778e-15]}, 561224], [0.17752403706771872, {"__complex__": [69591.515625, -2.8390638567832825e-15]}, 594570], [0.18252341316769835, {"__complex__": [69549.1875, -1.0419595806147484e-16]}, 628466], [0.18752201812057714, {"__complex__": [69606.8046875, -2.5727736388254756e-15]}, 663180], [0.192524030872397, {"__complex__": [69249.0, 2.374096978849296e-15]}, 700290], [0.19752368992390884, {"__complex__": [69258.0546875, 5.840501282577254e-16]}, 735008], [0.2025208845061262, {"__complex__": [68908.4375, -1.8041475668831904e-15]}, 774318], [0.2075205724635769, {"__complex__": [69061.109375, -1.6937087642422146e-15]}, 811920], [0.2125199393327957, {"__complex__": [68661.9765625, 1.8433152173971765e-15]}, 852598], [0.21751800468437274, {"__complex__": [68637.9296875, -2.7741866916773195e-16]}, 891730], [0.22251621698708587, {"__complex__": [68257.2421875, 1.627589901775136e-15]}, 934311]]}, "attrs": {"poles": [0], "dk": 0.005, "kmin": 0.0, "kmax": null, "Nmesh": {"__dtype__": "<i8", "__shape__": [3], "__data__": [512, 512, 512]}, "BoxSize": {"__dtype__": "<f8", "__shape__": [3], "__data__": [3426.0, 7195.0, 3022.0]}, "BoxPad": {"__dtype__": "<f8", "__shape__": [3], "__data__": [0.1, 0.1, 0.1]}, "BoxCenter": {"__dtype__": "<f8", "__shape__": [3], "__data__": [-1753.1028735313503, 32.745086738257214, 1911.946469550868]}, "mesh.resampler": "tsc", "mesh.interlaced": true, "alpha": 0.049918274047770404, "data.norm": 1.7927515118032287, "randoms.norm": 1.792082986707336, "shotnoise": 66911.12883355956, "first.data.N": 239892, "first.data.W": 239892.0, "first.data.W2": 206720.59560419485, "first.data.num_per_cell": 0.0015401884585931514, "first.randoms.N": 4805695, "first.randoms.W": 4805695.0, "first.randoms.W2": 4140952.8802552978, "first.randoms.num_per_cell": 0.03085250318240596, "first.data.ext": 1, "first.randoms.ext": 1, "second.data.N": 239892, "second.data.W": 239892.0, "second.data.W2": 122600.32709686969, "second.data.num_per_cell": 0.000913443618244452, "second.randoms.N": 4805695, "second.randoms.W": 4805695.0, "second.randoms.W2": 2455077.1201631874, "second.randoms.num_per_cell": 0.018291749955439474, "second.data.ext": 1, "second.randoms.ext": 1}}, "attrs": {"poles": [0], "dk": 0.005, "kmin": 0.0, "kmax": null, "Nmesh": {"__dtype__": "<i8", "__shape__": [3], "__data__": [512, 512, 512]}, "BoxSize": {"__dtype__": "<f8", "__shape__": [3], "__data__": [3426.0, 7195.0, 3022.0]}, "BoxPad": {"__dtype__": "<f8", "__shape__": [3], "__data__": [0.1, 0.1, 0.1]}, "BoxCenter": {"__dtype__": "<f8", "__shape__": [3], "__data__": [-1753.1028735313503, 32.745086738257214, 1911.946469550868]}, "mesh.resampler": "tsc", "mesh.interlaced": true, "alpha": 0.049918274047770404, "data.norm": 1.7927515118032287, "randoms.norm": 1.792082986707336, "shotnoise": 66911.12883355956, "first.data.N": 239892, "first.data.W": 239892.0, "first.data.W2": 206720.59560419485, "first.data.num_per_cell": 0.0015401884585931514, "first.randoms.N": 4805695, "first.randoms.W": 4805695.0, "first.randoms.W2": 4140952.8802552978, "first.randoms.num_per_cell": 0.03085250318240596, "first.data.ext": 1, "first.randoms.ext": 1, "second.data.N": 239892, "second.data.W": 239892.0, "second.data.W2": 122600.32709686969, "second.data.num_per_cell": 0.000913443618244452, "second.randoms.N": 4805695, "second.randoms.W": 4805695.0, "second.randoms.W2": 2455077.1201631874, "second.randoms.num_per_cell": 0.018291749955439474, "second.data.ext": 1, "second.randoms.ext": 1, "p": 1.6, "zmin": 0.8, "zmax": 2.2, "P0_FKP": 30000.0, "z-weighted": true, "hashkeys": ["Nmesh", "P0_FKP", "dk", "kmin", "mesh.window", "mesh.interlaced", "poles", "p", "BoxPad", "zmin", "zmax", "z-weighted"]}}