{"poles": {"dims": ["k"], "edges": [{"__dtype__": "<f8", "__shape__": [46], "__data__": [0.0, 0.005, 0.01, 0.015, 0.02, 0.025, 0.03, 0.035, 0.04, 0.045, 0.05, 0.055, 0.06, 0.065, 0.07, 0.075, 0.08, 0.085, 0.09, 0.095, 0.1, 0.105, 0.11, 0.115, 0.12, 0.125, 0.13, 0.135, 0.14, 0.145, 0.15, 0.155, 0.16, 0.165, 0.17, 0.17500000000000002, 0.18, 0.185, 0.19, 0.195, 0.2, 0.20500000000000002, 0.21, 0.215, 0.22, 0.225]}], "coords": [{"__dtype__": "<f8", "__shape__": [45], "__data__": [0.0025, 0.0075, 0.0125, 0.0175, 0.0225, 0.0275, 0.0325, 0.037500000000000006, 0.042499999999999996, 0.0475, 0.052500000000000005, 0.057499999999999996, 0.0625, 0.0675, 0.07250000000000001, 0.0775, 0.0825, 0.0875, 0.0925, 0.0975, 0.10250000000000001, 0.1075, 0.1125, 0.1175, 0.1225, 0.1275, 0.1325, 0.1375, 0.14250000000000002, 0.1475, 0.1525, 0.1575, 0.1625, 0.1675, 0.17250000000000001, 0.1775, 0.1825, 0.1875, 0.1925, 0.1975, 0.2025, 0.20750000000000002, 0.2125, 0.2175, 0.2225]}], "data": {"__dtype__": [["k", "<f8"], ["power_0", "<c8"], ["modes", "<i8"]], "__shape__": [45], "__data__": [[0.003815478588933455, {"__complex__": [95436.6015625, 4.356860738071594e-13]}, 167], [0.008051721772217649, {"__complex__": [97474.140625, -2.0173634626956954e-14]}, 1082], [0.012817141502194101, {"__complex__": [108514.15625, 1.3062540957752e-13]}, 2980], [0.017719770795654982, {"__complex__": [101552.4453125, 8.796494755476322e-14]}, 5790], [0.02266598054650286, {"__complex__": [97202.609375, 1.8273648246707255e-14]}, 9556], [0.027648401337041453, {"__complex__": [98406.921875, 2.861559188389873e-14]}, 14366], [0.03263510444836927, {"__complex__": [93291.125, -2.3369532288594792e-14]}, 19926], [0.03761428170401301, {"__complex__": [88311.5859375, -1.0293058612948348e-15]}, 26508], [0.04260364387471684, {"__complex__": [87188.2734375, 5.433635464989874e-15]}, 34146], [0.047590931004073356, {"__complex__": [85002.65625, 1.7158658755929662e-16]}, 42404], [0.05257489304634276, {"__complex__": [81046.4921875, 1.959967112585381e-15]}, 51972], [0.0575738498976691, {"__complex__": [80783.1796875, 6.220036946846764e-15]}, 62436], [0.06257045193587385, {"__complex__": [79529.3828125, -2.250734676894706e-15]}, 73544], [0.06756207701242613, {"__complex__": [79172.8515625, -2.244986076039928e-15]}, 85886], [0.07255541929699688, {"__complex__": [77541.1484375, -2.8688364296045607e-15]}, 98912], [0.07755331109672031, {"__complex__": [76608.5078125, 1.861186977309532e-15]}, 113370], [0.08255338305866591, {"__complex__": [74119.6328125, -2.439426300730415e-15]}, 128254], [0.08755001771082382, {"__complex__": [72960.3046875, -1.7660336253555887e-15]}, 144198], [0.0925435873672384, {"__complex__": [72988.328125, 7.045969879868486e-15]}, 161092], [0.09754065168501097, {"__complex__": [72013.453125, -8.935529496295722e-16]}, 179140], [0.10254187207356177, {"__complex__": [70644.9921875, 3.5985779717954795e-15]}, 198146], [0.10753660241685804, {"__complex__": [69297.875, -2.402659988621895e-15]}, 217280], [0.11253404940926612, {"__complex__": [69942.0390625, 7.923290184217759e-16]}, 238758], [0.11753651849525229, {"__complex__": [69016.265625, -4.809810945930132e-15]}, 260190], [0.12253343915737062, {"__complex__": [69247.1953125, -2.0254931578685e-15]}, 282436], [0.12753112547094522, {"__complex__": [69255.8203125, -1.6383548435017908e-15]}, 306430], [0.13252917094775546, {"__complex__": [68306.84375, -2.9063845531233966e-15]}, 330454], [0.13753049744237386, {"__complex__": [67811.8828125, 3.0182572766649556e-15]}, 356776], [0.14253210173024838, {"__complex__": [67426.1953125, -2.4356707684005264e-15]}, 382368], [0.14752725852549964, {"__complex__": [67340.7578125, 4.887105349345047e-16]}, 409422], [0.15252745547978097, {"__complex__": [67123.03125, 3.9385165927863046e-16]}, 438754], [0.15752901476236858, {"__complex__": [66841.015625, -4.005049177908558e-15]}, 467118], [0.16252620464102258, {"__complex__": [66449.2421875, 2.1948413020459996e-16]}, 497254], [0.16752618750153778, {"__complex__": [66079.0234375, -3.046733677318698e-15]}, 528968], [0.17252702535738462, {"__complex__": [65763.453125, -1.512697399897497e-15]}, 560356], [0.17752462489439066, {"__complex__": [65873.171875, -6.498142427385821e-16]}, 593440], [0.18252346857955337, {"__complex__": [65770.5234375, -6.088502471017065e-16]}, 627392], [0.18752265772279733, {"__complex__": [65637.5703125, -1.9406882191893996e-15]}, 662196], [0.19252253337606665, {"__complex__": [65669.4296875, 1.416995170593733e-15]}, 698330], [0.19752045567716045, {"__complex__": [65349.22265625, 9.144286060102464e-16]}, 734018], [0.2025181517990713, {"__complex__": [65101.92578125, -1.5064484143291284e-15]}, 772780], [0.2075190156902249, {"__complex__": [64913.02734375, -1.0315418165173494e-15]}, 811150], [0.21252038069090295, {"__complex__": [65038.78125, 1.0258688662926729e-16]}, 851098], [0.21751916940053348, {"__complex__": [64567.8125, -2.6553217640957355e-16]}, 890546], [0.22251616706786514, {"__complex__": [64782.01953125, -2.3361687492953797e-15]}, 932009]]}, "attrs": {"poles": [0], "dk": 0.005, "kmin": 0.0, "kmax": null, "Nmesh": {"__dtype__": "<i8", "__shape__": [3], "__data__": [512, 512, 512]}, "BoxSize": {"__dtype__": "<f8", "__shape__": [3], "__data__": [3428.0, 7188.0, 3018.0]}, "BoxPad": {"__dtype__": "<f8", "__shape__": [3], "__data__": [0.1, 0.1, 0.1]}, "BoxCenter": {"__dtype__": "<f8", "__shape__": [3], "__data__": [-1749.7586795709758, 34.60858489915745, 1913.2555324988957]}, "mesh.resampler": "tsc", "mesh.interlaced": true, "alpha": 0.049840647855171116, "data.norm": 5.522542801836774, "randoms.norm": 5.521722558870417, "shotnoise": 62998.69308767549, "first.data.N": 239504, "first.data.W": 239504.0, "first.data.W2": 206267.23852860607, "first.data.num_per_cell": 0.0015368106851622915, "first.randoms.N": 4805395, "first.randoms.W": 4805395.0, "first.randoms.W2": 4138242.867503723, "first.randoms.num_per_cell": 0.030832312013981664, "first.data.ext": 1, "first.randoms.ext": 1, "second.data.N": 239504, "second.data.W": 239504.0, "second.data.W2": 373354.2342655659, "second.data.num_per_cell": 0.0027817058135983785, "second.randoms.N": 4805395, "second.randoms.W": 4805395.0, "second.randoms.W2": 7489625.233598769, "second.randoms.num_per_cell": 0.05580205644368208, "second.data.ext": 1, "second.randoms.ext": 1}}, "attrs": {"poles": [0], "dk": 0.005, "kmin": 0.0, "kmax": null, "Nmesh": {"__dtype__": "<i8", "__shape__": [3], "__data__": [512, 512, 512]}, "BoxSize": {"__dtype__": "<f8", "__shape__": [3], "__data__": [3428.0, 7188.0, 3018.0]}, "BoxPad": {"__dtype__": "<f8", "__shape__": [3], "__data__": [0.1, 0.1, 0.1]}, "BoxCenter": {"__dtype__": "<f8", "__shape__": [3], "__data__": [-1749.7586795709758, 34.60858489915745, 1913.2555324988957]}, "mesh.resampler": "tsc", "mesh.interlaced": true, "alpha": 0.049840647855171116, "data.norm": 5.522542801836774, "randoms.norm": 5.521722558870417, "shotnoise": 62998.69308767549, "first.data.N": 239504, "first.data.W": 239504.0, "first.data.W2": 206267.23852860607, "first.data.num_per_cell": 0.0015368106851622915, "first.randoms.N": 4805395, "first.randoms.W": 4805395.0, "first.randoms.W2": 4138242.867503723, "first.randoms.num_per_cell": 0.030832312013981664, "first.data.ext": 1, "first.randoms.ext": 1, "second.data.N": 239504, "second.data.W": 239504.0, "second.data.W2": 373354.2342655659, "second.data.num_per_cell": 0.0027817058135983785, "second.randoms.N": 4805395, "second.randoms.W": 4805395.0, "second.randoms.W2": 7489625.233598769, "second.randoms.num_per_cell": 0.05580205644368208, "second.data.ext": 1, "second.randoms.ext": 1, "p": 0.0, "zmin": 0.8, "zmax": 2.2, "P0_FKP": 30000.0, "z-weighted": true, "hashkeys": ["Nmesh", "P0_FKP", "dk", "kmin", "mesh.window", "mesh.interlaced", "poles", "p", "BoxPad", "zmin", "zmax", "z-weighted"]}}