{"poles": {"dims": ["k"], "edges": [{"__dtype__": "<f8", "__shape__": [46], "__data__": [0.0, 0.005, 0.01, 0.015, 0.02, 0.025, 0.03, 0.035, 0.04, 0.045, 0.05, 0.055, 0.06, 0.065, 0.07, 0.075, 0.08, 0.085, 0.09, 0.095, 0.1, 0.105, 0.11, 0.115, 0.12, 0.125, 0.13, 0.135, 0.14, 0.145, 0.15, 0.155, 0.16, 0.165, 0.17, 0.17500000000000002, 0.18, 0.185, 0.19, 0.195, 0.2, 0.20500000000000002, 0.21, 0.215, 0.22, 0.225]}], "coords": [{"__dtype__": "<f8", "__shape__": [45], "__data__": [0.0025, 0.0075, 0.0125, 0.0175, 0.0225, 0.0275, 0.0325, 0.037500000000000006, 0.042499999999999996, 0.0475, 0.052500000000000005, 0.057499999999999996, 0.0625, 0.0675, 0.07250000000000001, 0.0775, 0.0825, 0.0875, 0.0925, 0.0975, 0.10250000000000001, 0.1075, 0.1125, 0.1175, 0.1225, 0.1275, 0.1325, 0.1375, 0.14250000000000002, 0.1475, 0.1525, 0.1575, 0.1625, 0.1675, 0.17250000000000001, 0.1775, 0.1825, 0.1875, 0.1925, 0.1975, 0.2025, 0.20750000000000002, 0.2125, 0.2175, 0.2225]}], "data": {"__dtype__": [["k", "<f8"], ["power_0", "<c8"], ["modes", "<i8"]], "__shape__": [45], "__data__": [[0.003813071645595062, {"__complex__": [-89502.1875, -2.9626652693626188e-12]}, 167], [0.008061426058382747, {"__complex__": [-126021.0390625, -3.4043471167088946e-13]}, 1090], [0.012820010795873117, {"__complex__": [-137302.21875, -5.867707578502412e-14]}, 2976], [0.01772213423370261, {"__complex__": [-136098.609375, 9.761346597561907e-14]}, 5814], [0.022666531484356416, {"__complex__": [-134284.59375, 3.046883390392125e-15]}, 9552], [0.027645587410839268, {"__complex__": [-137455.984375, 2.0213800929315753e-14]}, 14398], [0.032636052392057364, {"__complex__": [-116857.0390625, 4.069918095031197e-14]}, 19978], [0.0376167655237913, {"__complex__": [-115592.4609375, 1.31513012014816e-14]}, 26556], [0.0425977357972258, {"__complex__": [-114883.953125, 3.585266849029378e-14]}, 34094], [0.047586228948932226, {"__complex__": [-109275.484375, -3.962865327772694e-14]}, 42596], [0.05257109460321233, {"__complex__": [-108740.296875, 3.3613663949169127e-15]}, 51950], [0.057569847331777946, {"__complex__": [-104606.8125, -1.579760322935938e-14]}, 62638], [0.06257172060795012, {"__complex__": [-103430.7578125, -8.29056451718017e-15]}, 73720], [0.06756356473072209, {"__complex__": [-102710.65625, -1.8611615663211142e-15]}, 86006], [0.07255482617202166, {"__complex__": [-100400.71875, 1.4252754046970885e-14]}, 99036], [0.07755380701454326, {"__complex__": [-99698.140625, 1.3760101050122944e-14]}, 113686], [0.08255458081361514, {"__complex__": [-97845.1796875, 6.347519640573273e-15]}, 128382], [0.08754837628168904, {"__complex__": [-96032.015625, 2.0152775170081396e-15]}, 144416], [0.09254131531269194, {"__complex__": [-94773.984375, 9.83079059374255e-15]}, 161346], [0.09754143260978876, {"__complex__": [-91685.2890625, -2.146037381207575e-15]}, 179692], [0.10254305144137096, {"__complex__": [-91211.703125, 1.4675926836979687e-15]}, 198310], [0.10753296267284677, {"__complex__": [-90586.9921875, -1.2381475519127765e-15]}, 217430], [0.11253004921067489, {"__complex__": [-90324.890625, 7.295533738216863e-15]}, 239356], [0.11753485940836134, {"__complex__": [-90802.875, -5.3868690819060695e-15]}, 260682], [0.12253333267933342, {"__complex__": [-89915.46875, -2.364860931592435e-15]}, 283056], [0.12753323803731823, {"__complex__": [-88543.125, 0.0]}, 307158], [0.13253265428659664, {"__complex__": [-88592.5703125, 2.6378253456581322e-15]}, 330998], [0.13753131865519921, {"__complex__": [-88499.34375, 2.4446866400306604e-16]}, 357148], [0.14253160277284715, {"__complex__": [-87696.0859375, 3.342683177441088e-15]}, 383096], [0.14752891996291434, {"__complex__": [-86944.7890625, -5.176472450555206e-15]}, 410430], [0.15252809496480424, {"__complex__": [-86666.34375, -6.213612016653383e-17]}, 439114], [0.15752619760112982, {"__complex__": [-85773.421875, 5.289591583078649e-16]}, 467678], [0.16252331821507535, {"__complex__": [-85633.890625, -1.051076090346928e-15]}, 498412], [0.16752474032242545, {"__complex__": [-85620.3125, -3.295755858097305e-15]}, 529842], [0.17252702821907767, {"__complex__": [-85649.171875, 1.4507150228283347e-15]}, 561728], [0.17752471319407312, {"__complex__": [-84570.1015625, 1.249099793799893e-15]}, 594146], [0.18252276613701557, {"__complex__": [-84930.359375, 1.192157580404249e-15]}, 628628], [0.18752211280823006, {"__complex__": [-84771.2109375, -3.466402927299419e-15]}, 663282], [0.19252299704041537, {"__complex__": [-83991.3125, -2.7339233511065007e-15]}, 699938], [0.19752265142770262, {"__complex__": [-84339.890625, -3.957411250861588e-16]}, 735426], [0.2025205127739805, {"__complex__": [-84228.5859375, 1.879674741932778e-15]}, 774172], [0.2075202715952657, {"__complex__": [-84532.4921875, 7.525481160539776e-15]}, 812148], [0.2125201726334743, {"__complex__": [-83379.6484375, 2.1844956416282356e-15]}, 852666], [0.2175189460801194, {"__complex__": [-83668.359375, 2.496051512045549e-15]}, 891986], [0.2225167832067542, {"__complex__": [-82651.3203125, -6.231676450091459e-16]}, 934061]]}, "attrs": {"poles": [0], "dk": 0.005, "kmin": 0.0, "kmax": null, "Nmesh": {"__dtype__": "<i8", "__shape__": [3], "__data__": [512, 512, 512]}, "BoxSize": {"__dtype__": "<f8", "__shape__": [3], "__data__": [3426.0, 7193.0, 3023.0]}, "BoxPad": {"__dtype__": "<f8", "__shape__": [3], "__data__": [0.1, 0.1, 0.1]}, "BoxCenter": {"__dtype__": "<f8", "__shape__": [3], "__data__": [-1747.6817216914578, 37.2162213049387, 1910.0794442891386]}, "mesh.resampler": "tsc", "mesh.interlaced": true, "alpha": 0.049923131643276726, "data.norm": -1.4871728543377283, "randoms.norm": -1.488288108109629, "shotnoise": 54247.7855758204, "first.data.N": 239944, "first.data.W": 239944.0, "first.data.W2": 206728.478593529, "first.data.num_per_cell": 0.0015402471914405301, "first.randoms.N": 4806269, "first.randoms.W": 4806269.0, "first.randoms.W2": 4140643.1695420966, "first.randoms.num_per_cell": 0.030850195657775525, "first.data.ext": 1, "first.randoms.ext": 1, "second.data.N": 239944, "second.data.W": 239944.0, "second.data.W2": -97885.13294337479, "second.data.num_per_cell": -0.0007293010722352176, "second.randoms.N": 4806269, "second.randoms.W": 4806269.0, "second.randoms.W2": -1962513.2966874496, "second.randoms.num_per_cell": -0.014621863489504528, "second.data.ext": 1, "second.randoms.ext": 1}}, "attrs": {"poles": [0], "dk": 0.005, "kmin": 0.0, "kmax": null, "Nmesh": {"__dtype__": "<i8", "__shape__": [3], "__data__": [512, 512, 512]}, "BoxSize": {"__dtype__": "<f8", "__shape__": [3], "__data__": [3426.0, 7193.0, 3023.0]}, "BoxPad": {"__dtype__": "<f8", "__shape__": [3], "__data__": [0.1, 0.1, 0.1]}, "BoxCenter": {"__dtype__": "<f8", "__shape__": [3], "__data__": [-1747.6817216914578, 37.2162213049387, 1910.0794442891386]}, "mesh.resampler": "tsc", "mesh.interlaced": true, "alpha": 0.049923131643276726, "data.norm": -1.4871728543377283, "randoms.norm": -1.488288108109629, "shotnoise": 54247.7855758204, "first.data.N": 239944, "first.data.W": 239944.0, "first.data.W2": 206728.478593529, "first.data.num_per_cell": 0.0015402471914405301, "first.randoms.N": 4806269, "first.randoms.W": 4806269.0, "first.randoms.W2": 4140643.1695420966, "first.randoms.num_per_cell": 0.030850195657775525, "first.data.ext": 1, "first.randoms.ext": 1, "second.data.N": 239944, "second.data.W": 239944.0, "second.data.W2": -97885.13294337479, "second.data.num_per_cell": -0.0007293010722352176, "second.randoms.N": 4806269, "second.randoms.W": 4806269.0, "second.randoms.W2": -1962513.2966874496, "second.randoms.num_per_cell": -0.014621863489504528, "second.data.ext": 1, "second.randoms.ext": 1, "p": 3.0, "zmin": 0.8, "zmax": 2.2, "P0_FKP": 30000.0, "z-weighted": true, "hashkeys": ["Nmesh", "P0_FKP", "dk", "kmin", "mesh.window", "mesh.interlaced", "poles", "p", "BoxPad", "zmin", "zmax", "z-weighted"]}}