{"poles": {"dims": ["k"], "edges": [{"__dtype__": "<f8", "__shape__": [46], "__data__": [0.0, 0.005, 0.01, 0.015, 0.02, 0.025, 0.03, 0.035, 0.04, 0.045, 0.05, 0.055, 0.06, 0.065, 0.07, 0.075, 0.08, 0.085, 0.09, 0.095, 0.1, 0.105, 0.11, 0.115, 0.12, 0.125, 0.13, 0.135, 0.14, 0.145, 0.15, 0.155, 0.16, 0.165, 0.17, 0.17500000000000002, 0.18, 0.185, 0.19, 0.195, 0.2, 0.20500000000000002, 0.21, 0.215, 0.22, 0.225]}], "coords": [{"__dtype__": "<f8", "__shape__": [45], "__data__": [0.0025, 0.0075, 0.0125, 0.0175, 0.0225, 0.0275, 0.0325, 0.037500000000000006, 0.042499999999999996, 0.0475, 0.052500000000000005, 0.057499999999999996, 0.0625, 0.0675, 0.07250000000000001, 0.0775, 0.0825, 0.0875, 0.0925, 0.0975, 0.10250000000000001, 0.1075, 0.1125, 0.1175, 0.1225, 0.1275, 0.1325, 0.1375, 0.14250000000000002, 0.1475, 0.1525, 0.1575, 0.1625, 0.1675, 0.17250000000000001, 0.1775, 0.1825, 0.1875, 0.1925, 0.1975, 0.2025, 0.20750000000000002, 0.2125, 0.2175, 0.2225]}], "data": {"__dtype__": [["k", "<f8"], ["power_0", "<c8"], ["modes", "<i8"]], "__shape__": [45], "__data__": [[0.003819112763596105, {"__complex__": [84093.9296875, 6.970977614595419e-13]}, 167], [0.008060453020614084, {"__complex__": [88568.375, 9.414362600037793e-14]}, 1082], [0.01283043384797795, {"__complex__": [112149.7578125, 7.813109154878456e-14]}, 2980], [0.017730278359754065, {"__complex__": [108929.6171875, 5.0439914154069496e-15]}, 5770], [0.022665985417126, {"__complex__": [103992.0625, 4.0592183748414806e-14]}, 9500], [0.02764934329940177, {"__complex__": [98882.65625, -2.0270115067781008e-14]}, 14358], [0.0326393871209901, {"__complex__": [97047.8828125, 6.597180907710583e-15]}, 19852], [0.037614515360604395, {"__complex__": [93939.140625, -1.1021673177802945e-15]}, 26406], [0.04260488910721827, {"__complex__": [90418.3359375, -7.047449222910866e-15]}, 34070], [0.04759230410924256, {"__complex__": [88346.8828125, -8.267350732227719e-15]}, 42244], [0.05257963479755198, {"__complex__": [85679.8125, -7.286326490080208e-15]}, 51926], [0.057580050395808005, {"__complex__": [85413.9375, -8.193909799327219e-16]}, 62158], [0.0625711838575769, {"__complex__": [86218.75, -1.370349045012615e-14]}, 73272], [0.06756335216306106, {"__complex__": [82481.453125, 1.3586588468460269e-15]}, 85684], [0.07255709929881529, {"__complex__": [83004.390625, 9.597914555004505e-16]}, 98550], [0.07755171404930386, {"__complex__": [80676.046875, -4.026807336741153e-15]}, 112930], [0.08254727212912841, {"__complex__": [78804.0859375, 5.470387801054764e-15]}, 127686], [0.08754528486545468, {"__complex__": [77556.0546875, 1.8192421175197357e-15]}, 143980], [0.0925431980459935, {"__complex__": [76543.3515625, -5.4370549369979395e-15]}, 160586], [0.09754049539700294, {"__complex__": [75193.7578125, -5.1340140770411366e-15]}, 178568], [0.10253772081418654, {"__complex__": [74600.4609375, 4.647807000921801e-15]}, 197248], [0.10753657935361681, {"__complex__": [74266.828125, 5.895912166283381e-15]}, 217196], [0.11253934180629521, {"__complex__": [73558.8515625, -2.84436924764841e-15]}, 237896], [0.11753926568121707, {"__complex__": [74084.0859375, 1.5433832859941521e-15]}, 259286], [0.12253339215096307, {"__complex__": [73225.8125, -2.0688847499322066e-15]}, 281348], [0.12753181734061048, {"__complex__": [72567.75, 3.1411325346748743e-15]}, 305758], [0.1325322095292295, {"__complex__": [72616.6171875, 3.887177767034544e-15]}, 329434], [0.13753060195219105, {"__complex__": [71568.5390625, -1.228846283118977e-15]}, 355258], [0.14253038684050418, {"__complex__": [71039.9375, 2.938531994570539e-15]}, 381312], [0.14752897587767147, {"__complex__": [71375.0859375, -1.6742553820590987e-15]}, 408504], [0.1525291395030526, {"__complex__": [71039.09375, -3.596140210973282e-15]}, 437026], [0.1575265355142028, {"__complex__": [70391.65625, -1.2510781186575443e-16]}, 465260], [0.16252463198982645, {"__complex__": [70402.265625, -2.2431772371810663e-15]}, 496270], [0.16752620003897228, {"__complex__": [70236.453125, -1.2702970050631687e-15]}, 526954], [0.17252374043550925, {"__complex__": [69612.4453125, -1.3553589123626426e-15]}, 558302], [0.17752148558130623, {"__complex__": [69497.5625, -1.8685047066990985e-15]}, 591888], [0.1825215549329068, {"__complex__": [69688.1015625, -2.9790216517569523e-15]}, 625254], [0.18752058869108837, {"__complex__": [69333.859375, -4.848287946954751e-16]}, 660320], [0.1925203533091176, {"__complex__": [69389.7421875, -1.2128687006349192e-15]}, 695880], [0.19752153818091725, {"__complex__": [68578.765625, 1.5288754115526989e-15]}, 732890], [0.20252200769886977, {"__complex__": [68881.7734375, 7.086953145504912e-16]}, 770002], [0.2075205827387161, {"__complex__": [68876.890625, 1.0442398991878754e-15]}, 808254], [0.2125194863099849, {"__complex__": [68791.453125, 1.166772320612393e-15]}, 848092], [0.21751973328330054, {"__complex__": [68547.734375, -2.7616588096896324e-15]}, 888530], [0.22251846731065741, {"__complex__": [68199.609375, 1.8798151905833444e-16]}, 928937]]}, "attrs": {"poles": [0], "dk": 0.005, "kmin": 0.0, "kmax": null, "Nmesh": {"__dtype__": "<i8", "__shape__": [3], "__data__": [512, 512, 512]}, "BoxSize": {"__dtype__": "<f8", "__shape__": [3], "__data__": [3417.0, 7179.0, 3022.0]}, "BoxPad": {"__dtype__": "<f8", "__shape__": [3], "__data__": [0.1, 0.1, 0.1]}, "BoxCenter": {"__dtype__": "<f8", "__shape__": [3], "__data__": [-1748.9911133314795, 40.18948428178669, 1911.4760390735687]}, "mesh.resampler": "tsc", "mesh.interlaced": true, "alpha": 0.04990174496041196, "data.norm": 1.7975790314529236, "randoms.norm": 1.797707103147611, "shotnoise": 66922.4271199332, "first.data.N": 239897, "first.data.W": 239897.0, "first.data.W2": 206816.62748336873, "first.data.num_per_cell": 0.0015409039518488104, "first.randoms.N": 4807387, "first.randoms.W": 4807387.0, "first.randoms.W2": 4144352.6099391696, "first.randoms.num_per_cell": 0.030877833142423403, "first.data.ext": 1, "first.randoms.ext": 1, "second.data.N": 239897, "second.data.W": 239897.0, "second.data.W2": 122961.78053007886, "second.data.num_per_cell": 0.0009161366561806117, "second.randoms.N": 4807387, "second.randoms.W": 4807387.0, "second.randoms.W2": 2463994.231560925, "second.randoms.num_per_cell": 0.018358187612600066, "second.data.ext": 1, "second.randoms.ext": 1}}, "attrs": {"poles": [0], "dk": 0.005, "kmin": 0.0, "kmax": null, "Nmesh": {"__dtype__": "<i8", "__shape__": [3], "__data__": [512, 512, 512]}, "BoxSize": {"__dtype__": "<f8", "__shape__": [3], "__data__": [3417.0, 7179.0, 3022.0]}, "BoxPad": {"__dtype__": "<f8", "__shape__": [3], "__data__": [0.1, 0.1, 0.1]}, "BoxCenter": {"__dtype__": "<f8", "__shape__": [3], "__data__": [-1748.9911133314795, 40.18948428178669, 1911.4760390735687]}, "mesh.resampler": "tsc", "mesh.interlaced": true, "alpha": 0.04990174496041196, "data.norm": 1.7975790314529236, "randoms.norm": 1.797707103147611, "shotnoise": 66922.4271199332, "first.data.N": 239897, "first.data.W": 239897.0, "first.data.W2": 206816.62748336873, "first.data.num_per_cell": 0.0015409039518488104, "first.randoms.N": 4807387, "first.randoms.W": 4807387.0, "first.randoms.W2": 4144352.6099391696, "first.randoms.num_per_cell": 0.030877833142423403, "first.data.ext": 1, "first.randoms.ext": 1, "second.data.N": 239897, "second.data.W": 239897.0, "second.data.W2": 122961.78053007886, "second.data.num_per_cell": 0.0009161366561806117, "second.randoms.N": 4807387, "second.randoms.W": 4807387.0, "second.randoms.W2": 2463994.231560925, "second.randoms.num_per_cell": 0.018358187612600066, "second.data.ext": 1, "second.randoms.ext": 1, "p": 1.6, "zmin": 0.8, "zmax": 2.2, "P0_FKP": 30000.0, "z-weighted": true, "hashkeys": ["Nmesh", "P0_FKP", "dk", "kmin", "mesh.window", "mesh.interlaced", "poles", "p", "BoxPad", "zmin", "zmax", "z-weighted"]}}