{"poles": {"dims": ["k"], "edges": [{"__dtype__": "<f8", "__shape__": [46], "__data__": [0.0, 0.005, 0.01, 0.015, 0.02, 0.025, 0.03, 0.035, 0.04, 0.045, 0.05, 0.055, 0.06, 0.065, 0.07, 0.075, 0.08, 0.085, 0.09, 0.095, 0.1, 0.105, 0.11, 0.115, 0.12, 0.125, 0.13, 0.135, 0.14, 0.145, 0.15, 0.155, 0.16, 0.165, 0.17, 0.17500000000000002, 0.18, 0.185, 0.19, 0.195, 0.2, 0.20500000000000002, 0.21, 0.215, 0.22, 0.225]}], "coords": [{"__dtype__": "<f8", "__shape__": [45], "__data__": [0.0025, 0.0075, 0.0125, 0.0175, 0.0225, 0.0275, 0.0325, 0.037500000000000006, 0.042499999999999996, 0.0475, 0.052500000000000005, 0.057499999999999996, 0.0625, 0.0675, 0.07250000000000001, 0.0775, 0.0825, 0.0875, 0.0925, 0.0975, 0.10250000000000001, 0.1075, 0.1125, 0.1175, 0.1225, 0.1275, 0.1325, 0.1375, 0.14250000000000002, 0.1475, 0.1525, 0.1575, 0.1625, 0.1675, 0.17250000000000001, 0.1775, 0.1825, 0.1875, 0.1925, 0.1975, 0.2025, 0.20750000000000002, 0.2125, 0.2175, 0.2225]}], "data": {"__dtype__": [["k", "<f8"], ["power_0", "<c8"], ["modes", "<i8"]], "__shape__": [45], "__data__": [[0.0038136972662166924, {"__complex__": [67370.2109375, 4.356860738071594e-13]}, 167], [0.008048254031643623, {"__complex__": [86783.5234375, -7.060772458248113e-14]}, 1082], [0.01281154357874773, {"__complex__": [109015.7265625, 1.953277288719614e-14]}, 2980], [0.017718271163597657, {"__complex__": [109928.03125, -1.0025432835790958e-14]}, 5806], [0.02267323850703606, {"__complex__": [99486.125, 3.2617409207597037e-14]}, 9592], [0.027649785584811744, {"__complex__": [97721.296875, -1.928346906796257e-14]}, 14338], [0.0326297197833806, {"__complex__": [95882.6875, -2.9176771540245436e-14]}, 19950], [0.03761299790622485, {"__complex__": [93235.6015625, 1.642675558565735e-14]}, 26576], [0.042601663247423274, {"__complex__": [90307.0, 1.7901131626834287e-14]}, 34142], [0.047587916893848566, {"__complex__": [85495.3359375, -2.2264252548249812e-14]}, 42484], [0.05257263455762521, {"__complex__": [83652.765625, 7.552897075943556e-15]}, 52020], [0.05756985067870641, {"__complex__": [81838.0234375, 4.6575072222337574e-15]}, 62488], [0.06257018771936067, {"__complex__": [82847.75, -3.5509798023574714e-15]}, 73764], [0.06756449929008668, {"__complex__": [80352.3046875, 6.771324528918963e-15]}, 85962], [0.07255242189163663, {"__complex__": [78828.078125, 5.887173327366558e-16]}, 98872], [0.07755291511585798, {"__complex__": [77157.3671875, -3.452381355648808e-15]}, 113806], [0.08255270753274958, {"__complex__": [76240.203125, 1.1927985725870838e-15]}, 128098], [0.08754741424940617, {"__complex__": [73955.1640625, 2.0125181218940015e-16]}, 144614], [0.09254268970484462, {"__complex__": [73676.90625, 5.824305694988397e-15]}, 161152], [0.0975390455456689, {"__complex__": [73187.8046875, 9.729383597539029e-16]}, 179480], [0.10254038986690067, {"__complex__": [71977.40625, -2.7518472564846714e-16]}, 198302], [0.10753454210755617, {"__complex__": [71398.109375, 2.708571019720469e-15]}, 217588], [0.11253320891783178, {"__complex__": [70901.5234375, -3.6505428607743796e-16]}, 239174], [0.11753622437921064, {"__complex__": [70105.3046875, 1.229094040256049e-15]}, 260470], [0.12253290925088203, {"__complex__": [70176.015625, 6.019949129980459e-15]}, 282822], [0.12753020963674266, {"__complex__": [69889.1328125, 2.0040496717758103e-15]}, 306788], [0.13252969962330752, {"__complex__": [69630.203125, 2.285424911249506e-15]}, 331098], [0.137529645462605, {"__complex__": [68977.359375, 2.854499973455808e-16]}, 356852], [0.14252998104218073, {"__complex__": [68604.3359375, -3.8178548965653574e-15]}, 383060], [0.14752540837171663, {"__complex__": [68829.484375, -3.334868769107075e-16]}, 409766], [0.15252497052190267, {"__complex__": [68060.8828125, 2.2517879623646167e-15]}, 439442], [0.15752724899327647, {"__complex__": [67821.203125, 1.2134997401806237e-15]}, 467676], [0.16252501422602816, {"__complex__": [67626.890625, 4.2364249624783385e-16]}, 498068], [0.1675239543908069, {"__complex__": [67617.1484375, 1.6221584088799861e-15]}, 529272], [0.17252476217535678, {"__complex__": [67673.7890625, -3.4860193633248814e-15]}, 561452], [0.17752345462720184, {"__complex__": [67378.734375, 1.5921775718328018e-15]}, 594076], [0.1825214508201709, {"__complex__": [67034.5546875, 4.02529961809504e-15]}, 628126], [0.18752160440551158, {"__complex__": [66810.3515625, 1.6232016358336482e-15]}, 663406], [0.1925223593938192, {"__complex__": [66779.890625, -4.475040231769183e-16]}, 699136], [0.19752161009139144, {"__complex__": [67164.2265625, -1.4048466005477382e-15]}, 735444], [0.20251980657182583, {"__complex__": [66578.9140625, -1.081712742653524e-15]}, 773528], [0.20751938380752838, {"__complex__": [66116.9921875, 2.289163926436923e-15]}, 812090], [0.212519761179961, {"__complex__": [66328.3671875, -3.9282693470090997e-16]}, 852014], [0.21751828877276727, {"__complex__": [65985.890625, 7.343073144744155e-16]}, 891774], [0.2225150849251815, {"__complex__": [65580.1640625, 1.3625535043375022e-15]}, 933155]]}, "attrs": {"poles": [0], "dk": 0.005, "kmin": 0.0, "kmax": null, "Nmesh": {"__dtype__": "<i8", "__shape__": [3], "__data__": [512, 512, 512]}, "BoxSize": {"__dtype__": "<f8", "__shape__": [3], "__data__": [3431.0, 7184.0, 3021.0]}, "BoxPad": {"__dtype__": "<f8", "__shape__": [3], "__data__": [0.1, 0.1, 0.1]}, "BoxCenter": {"__dtype__": "<f8", "__shape__": [3], "__data__": [-1748.86565983013, 35.885936965839164, 1911.235395437255]}, "mesh.resampler": "tsc", "mesh.interlaced": true, "alpha": 0.04990246735943691, "data.norm": 3.1973656291264705, "randoms.norm": 3.1977780396108884, "shotnoise": 64373.916794827004, "first.data.N": 239861, "first.data.W": 239861.0, "first.data.W2": 206702.1253534884, "first.data.num_per_cell": 0.0015400508445016176, "first.randoms.N": 4806596, "first.randoms.W": 4806596.0, "first.randoms.W2": 4142330.889569249, "first.randoms.num_per_cell": 0.030862770151862867, "first.data.ext": 1, "first.randoms.ext": 1, "second.data.N": 239861, "second.data.W": 239861.0, "second.data.W2": 217048.0241303742, "second.data.num_per_cell": 0.0016171337971864208, "second.randoms.N": 4806596, "second.randoms.W": 4806596.0, "second.randoms.W2": 4350101.1698201, "second.randoms.num_per_cell": 0.032410779370517284, "second.data.ext": 1, "second.randoms.ext": 1}}, "attrs": {"poles": [0], "dk": 0.005, "kmin": 0.0, "kmax": null, "Nmesh": {"__dtype__": "<i8", "__shape__": [3], "__data__": [512, 512, 512]}, "BoxSize": {"__dtype__": "<f8", "__shape__": [3], "__data__": [3431.0, 7184.0, 3021.0]}, "BoxPad": {"__dtype__": "<f8", "__shape__": [3], "__data__": [0.1, 0.1, 0.1]}, "BoxCenter": {"__dtype__": "<f8", "__shape__": [3], "__data__": [-1748.86565983013, 35.885936965839164, 1911.235395437255]}, "mesh.resampler": "tsc", "mesh.interlaced": true, "alpha": 0.04990246735943691, "data.norm": 3.1973656291264705, "randoms.norm": 3.1977780396108884, "shotnoise": 64373.916794827004, "first.data.N": 239861, "first.data.W": 239861.0, "first.data.W2": 206702.1253534884, "first.data.num_per_cell": 0.0015400508445016176, "first.randoms.N": 4806596, "first.randoms.W": 4806596.0, "first.randoms.W2": 4142330.889569249, "first.randoms.num_per_cell": 0.030862770151862867, "first.data.ext": 1, "first.randoms.ext": 1, "second.data.N": 239861, "second.data.W": 239861.0, "second.data.W2": 217048.0241303742, "second.data.num_per_cell": 0.0016171337971864208, "second.randoms.N": 4806596, "second.randoms.W": 4806596.0, "second.randoms.W2": 4350101.1698201, "second.randoms.num_per_cell": 0.032410779370517284, "second.data.ext": 1, "second.randoms.ext": 1, "p": 1.0, "zmin": 0.8, "zmax": 2.2, "P0_FKP": 30000.0, "z-weighted": true, "hashkeys": ["Nmesh", "P0_FKP", "dk", "kmin", "mesh.window", "mesh.interlaced", "poles", "p", "BoxPad", "zmin", "zmax", "z-weighted"]}}