{"poles": {"dims": ["k"], "edges": [{"__dtype__": "<f8", "__shape__": [57], "__data__": [0.0, 0.005, 0.01, 0.015, 0.02, 0.025, 0.03, 0.035, 0.04, 0.045, 0.05, 0.055, 0.06, 0.065, 0.07, 0.075, 0.08, 0.085, 0.09, 0.095, 0.1, 0.105, 0.11, 0.115, 0.12, 0.125, 0.13, 0.135, 0.14, 0.145, 0.15, 0.155, 0.16, 0.165, 0.17, 0.17500000000000002, 0.18, 0.185, 0.19, 0.195, 0.2, 0.20500000000000002, 0.21, 0.215, 0.22, 0.225, 0.23, 0.23500000000000001, 0.24, 0.245, 0.25, 0.255, 0.26, 0.265, 0.27, 0.275, 0.28]}], "coords": [{"__dtype__": "<f8", "__shape__": [56], "__data__": [0.0025, 0.0075, 0.0125, 0.0175, 0.0225, 0.0275, 0.0325, 0.037500000000000006, 0.042499999999999996, 0.0475, 0.052500000000000005, 0.057499999999999996, 0.0625, 0.0675, 0.07250000000000001, 0.0775, 0.0825, 0.0875, 0.0925, 0.0975, 0.10250000000000001, 0.1075, 0.1125, 0.1175, 0.1225, 0.1275, 0.1325, 0.1375, 0.14250000000000002, 0.1475, 0.1525, 0.1575, 0.1625, 0.1675, 0.17250000000000001, 0.1775, 0.1825, 0.1875, 0.1925, 0.1975, 0.2025, 0.20750000000000002, 0.2125, 0.2175, 0.2225, 0.2275, 0.2325, 0.2375, 0.2425, 0.2475, 0.2525, 0.2575, 0.2625, 0.2675, 0.2725, 0.2775]}], "data": {"__dtype__": [["k", "<f8"], ["power_0", "<c8"], ["modes", "<i8"]], "__shape__": [56], "__data__": [[0.0038193339758921955, {"__complex__": [-81044.65625, -5.763134652662927e-13]}, 101], [0.008109191410184593, {"__complex__": [-75157.609375, -2.952562510889073e-13]}, 690], [0.012893651745362073, {"__complex__": [-88616.0859375, 1.5765888621748284e-14]}, 1846], [0.01778113000790997, {"__complex__": [-80576.8515625, -1.626821134672208e-14]}, 3578], [0.022692448799008974, {"__complex__": [-75124.015625, -4.988657802281436e-14]}, 5834], [0.027638897355751462, {"__complex__": [-73441.5, 4.6438754127938256e-14]}, 8774], [0.032623537616740785, {"__complex__": [-76045.234375, 9.463121543426718e-15]}, 12302], [0.03761224305626515, {"__complex__": [-71489.2890625, -1.2495511353058375e-14]}, 16304], [0.0426096190757307, {"__complex__": [-67886.1953125, 1.1929500220780528e-14]}, 21042], [0.04760089554083531, {"__complex__": [-66741.84375, -6.684900910277659e-15]}, 26122], [0.052577134676630534, {"__complex__": [-64563.18359375, 4.573772509683513e-15]}, 31816], [0.05756246306390272, {"__complex__": [-65357.33203125, 7.591775252947818e-16]}, 38336], [0.06255719407837981, {"__complex__": [-62722.5, -1.0284947637203678e-14]}, 45276], [0.06755819321854148, {"__complex__": [-62300.7109375, -8.253127990252135e-16]}, 52896], [0.07256126642387288, {"__complex__": [-60554.94140625, -1.3715619961930832e-14]}, 61006], [0.0775565173729119, {"__complex__": [-60205.25, 1.0889017653867555e-14]}, 69492], [0.08254819516369619, {"__complex__": [-60072.5234375, -6.647070724787388e-15]}, 78812], [0.08754424425335239, {"__complex__": [-58359.26953125, 8.19807720142771e-16]}, 88752], [0.09254151146983787, {"__complex__": [-57674.24609375, -3.964539403689647e-15]}, 99104], [0.09754190723805424, {"__complex__": [-56286.53125, 8.443541208553139e-15]}, 110300], [0.10254691994614924, {"__complex__": [-56896.30078125, 5.1306361096474865e-15]}, 121960], [0.10754533439247678, {"__complex__": [-56812.23046875, -7.128917275294258e-15]}, 133702], [0.11253797060773413, {"__complex__": [-56898.4921875, -3.376314408853583e-15]}, 146540], [0.11753505124979763, {"__complex__": [-55386.47265625, -6.13908939620946e-16]}, 160000], [0.12253105545248325, {"__complex__": [-54976.67578125, 5.53100825502386e-15]}, 173644], [0.12752858880777446, {"__complex__": [-55024.58203125, 3.55131882729461e-15]}, 188490], [0.13252832867507452, {"__complex__": [-55417.5703125, -3.72138800826846e-15]}, 203338], [0.13752731777470834, {"__complex__": [-54942.60546875, -4.369058198859304e-15]}, 219096], [0.14252938967613685, {"__complex__": [-54438.73046875, -3.954391948981541e-15]}, 235516], [0.1475319020529745, {"__complex__": [-53996.1328125, 6.3761929763872516e-15]}, 252186], [0.15253053676069891, {"__complex__": [-53536.3203125, 2.1075791207869144e-15]}, 269278], [0.15752698107105742, {"__complex__": [-53611.8984375, 6.887857204219841e-15]}, 287326], [0.1625231509015115, {"__complex__": [-53210.85546875, -1.2259507009887882e-15]}, 305650], [0.16752380401080935, {"__complex__": [-53155.22265625, 4.024189210840749e-16]}, 325450], [0.17252358583778013, {"__complex__": [-52567.03125, -3.379843306930522e-16]}, 344440], [0.17752261267299208, {"__complex__": [-52679.125, -5.976015304481612e-17]}, 365258], [0.18252568001345132, {"__complex__": [-52629.13671875, -3.277916708953419e-15]}, 386226], [0.187525162230564, {"__complex__": [-52625.08984375, -1.6087680885333165e-15]}, 407042], [0.19252210479165838, {"__complex__": [-52614.3125, -4.0098895476856425e-15]}, 429130], [0.19751954106582895, {"__complex__": [-52285.078125, -6.442178431165138e-16]}, 451770], [0.2025197685475459, {"__complex__": [-52600.23828125, -2.632922083684714e-15]}, 475314], [0.20751988400147878, {"__complex__": [-51837.84375, -1.896794548346208e-15]}, 498670], [0.2125204640849622, {"__complex__": [-52125.76171875, 4.168966133593373e-17]}, 523580], [0.2175211123623221, {"__complex__": [-52120.484375, 3.32009916148492e-15]}, 547872], [0.22251931088438098, {"__complex__": [-52173.74609375, 3.5526889030867937e-15]}, 573444], [0.22751811382599435, {"__complex__": [-51619.09375, -1.7474588280970123e-15]}, 599578], [0.23251701561527768, {"__complex__": [-51839.6171875, -1.3713310950116617e-15]}, 626080], [0.23751908578455946, {"__complex__": [-51566.96484375, -1.5568112993069746e-15]}, 654308], [0.24252066838146072, {"__complex__": [-51787.55078125, 1.6024926331853462e-15]}, 681060], [0.247517971944781, {"__complex__": [-51524.37109375, -4.513952395970454e-16]}, 709228], [0.252516366920368, {"__complex__": [-51289.43359375, -4.949557088546107e-16]}, 738686], [0.2575147888544748, {"__complex__": [-51560.72265625, 4.738395480564754e-16]}, 767766], [0.2625133996167095, {"__complex__": [-51512.6796875, 1.0572551956971482e-15]}, 798304], [0.26751441378264107, {"__complex__": [-51171.34375, -6.491331223698713e-16]}, 829446], [0.2725151894515848, {"__complex__": [-51592.56640625, -6.089941368236213e-16]}, 860220], [0.27751217411084145, {"__complex__": [-51330.29296875, -5.719790617264044e-16]}, 890447]]}, "attrs": {"poles": [0], "dk": 0.005, "kmin": 0.0, "kmax": null, "Nmesh": {"__dtype__": "<i8", "__shape__": [3], "__data__": [512, 512, 512]}, "BoxSize": {"__dtype__": "<f8", "__shape__": [3], "__data__": [2660.0, 5795.0, 2967.0]}, "BoxPad": {"__dtype__": "<f8", "__shape__": [3], "__data__": [0.1, 0.1, 0.1]}, "BoxCenter": {"__dtype__": "<f8", "__shape__": [3], "__data__": [2584.981856146662, 46.1081149305528, 892.7008945415711]}, "mesh.resampler": "tsc", "mesh.interlaced": true, "alpha": 0.04993419326488864, "data.norm": -0.8280252903808284, "randoms.norm": -0.8281560901766566, "shotnoise": 60714.92605165879, "first.data.N": 140454, "first.data.W": 140454.0, "first.data.W2": 125125.15587798154, "first.data.num_per_cell": 0.0009322550585715587, "first.randoms.N": 2812782, "first.randoms.W": 2812782.0, "first.randoms.W2": 2505778.0283009275, "first.randoms.num_per_cell": 0.018669501157856937, "first.data.ext": 1, "first.randoms.ext": 1, "second.data.N": 140454, "second.data.W": 140454.0, "second.data.W2": -58590.13877073176, "second.data.num_per_cell": -0.0004365305510962886, "second.randoms.N": 2812782, "second.randoms.W": 2812782.0, "second.randoms.W2": -1173504.583856746, "second.randoms.num_per_cell": -0.008743290482884244, "second.data.ext": 1, "second.randoms.ext": 1}}, "attrs": {"poles": [0], "dk": 0.005, "kmin": 0.0, "kmax": null, "Nmesh": {"__dtype__": "<i8", "__shape__": [3], "__data__": [512, 512, 512]}, "BoxSize": {"__dtype__": "<f8", "__shape__": [3], "__data__": [2660.0, 5795.0, 2967.0]}, "BoxPad": {"__dtype__": "<f8", "__shape__": [3], "__data__": [0.1, 0.1, 0.1]}, "BoxCenter": {"__dtype__": "<f8", "__shape__": [3], "__data__": [2584.981856146662, 46.1081149305528, 892.7008945415711]}, "mesh.resampler": "tsc",