{"poles": {"dims": ["k"], "edges": [{"__dtype__": "<f8", "__shape__": [57], "__data__": [0.0, 0.005, 0.01, 0.015, 0.02, 0.025, 0.03, 0.035, 0.04, 0.045, 0.05, 0.055, 0.06, 0.065, 0.07, 0.075, 0.08, 0.085, 0.09, 0.095, 0.1, 0.105, 0.11, 0.115, 0.12, 0.125, 0.13, 0.135, 0.14, 0.145, 0.15, 0.155, 0.16, 0.165, 0.17, 0.17500000000000002, 0.18, 0.185, 0.19, 0.195, 0.2, 0.20500000000000002, 0.21, 0.215, 0.22, 0.225, 0.23, 0.23500000000000001, 0.24, 0.245, 0.25, 0.255, 0.26, 0.265, 0.27, 0.275, 0.28]}], "coords": [{"__dtype__": "<f8", "__shape__": [56], "__data__": [0.0025, 0.0075, 0.0125, 0.0175, 0.0225, 0.0275, 0.0325, 0.037500000000000006, 0.042499999999999996, 0.0475, 0.052500000000000005, 0.057499999999999996, 0.0625, 0.0675, 0.07250000000000001, 0.0775, 0.0825, 0.0875, 0.0925, 0.0975, 0.10250000000000001, 0.1075, 0.1125, 0.1175, 0.1225, 0.1275, 0.1325, 0.1375, 0.14250000000000002, 0.1475, 0.1525, 0.1575, 0.1625, 0.1675, 0.17250000000000001, 0.1775, 0.1825, 0.1875, 0.1925, 0.1975, 0.2025, 0.20750000000000002, 0.2125, 0.2175, 0.2225, 0.2275, 0.2325, 0.2375, 0.2425, 0.2475, 0.2525, 0.2575, 0.2625, 0.2675, 0.2725, 0.2775]}], "data": {"__dtype__": [["k", "<f8"], ["power_0", "<c8"], ["modes", "<i8"]], "__shape__": [56], "__data__": [[0.003816397754704498, {"__complex__": [-45025.3203125, 5.763134652662927e-13]}, 101], [0.008102812405441178, {"__complex__": [-78195.2890625, -4.2179465215702594e-13]}, 690], [0.012888154094044, {"__complex__": [-72930.484375, 6.292720251127593e-14]}, 1850], [0.017775378870888994, {"__complex__": [-76462.4375, -1.46250402738822e-13]}, 3582], [0.02268474966357085, {"__complex__": [-70938.359375, -4.9818263968585356e-15]}, 5842], [0.027642775220042756, {"__complex__": [-75700.8984375, 2.1414410839742416e-14]}, 8834], [0.032626725049945904, {"__complex__": [-73082.296875, 3.670540027521721e-14]}, 12290], [0.03761244190931574, {"__complex__": [-67842.671875, 2.2220736230584622e-15]}, 16372], [0.04261469401927975, {"__complex__": [-69180.8828125, -2.1377564906536854e-14]}, 21102], [0.04759686090708571, {"__complex__": [-66562.5625, 8.926870913750651e-15]}, 26082], [0.052574966267764756, {"__complex__": [-64818.125, -5.227960618803479e-15]}, 32010], [0.0575706219805462, {"__complex__": [-65476.0078125, -2.2700715920475744e-15]}, 38462], [0.06256552088150849, {"__complex__": [-65006.62109375, -2.566022786235859e-15]}, 45368], [0.06756205894130239, {"__complex__": [-63133.83984375, -6.869295324213711e-15]}, 52960], [0.07255388736161136, {"__complex__": [-63493.703125, 1.3848506725860823e-14]}, 60946], [0.0775435163504596, {"__complex__": [-61404.33203125, -6.056684525386404e-15]}, 69676], [0.08254049588206716, {"__complex__": [-58935.5, -1.2142847491403153e-14]}, 79094], [0.0875459884717862, {"__complex__": [-60061.2890625, -1.3380921669086873e-14]}, 89176], [0.09254861931518121, {"__complex__": [-58281.5234375, -7.251785333524125e-15]}, 99330], [0.09754288975737435, {"__complex__": [-57825.0390625, 6.858884865775482e-15]}, 110324], [0.10254406206035538, {"__complex__": [-57299.6328125, -4.997223761773724e-15]}, 122304], [0.10754382803340601, {"__complex__": [-56475.44140625, 5.6473490773621855e-15]}, 133992], [0.11253793840980351, {"__complex__": [-56369.6484375, -7.523336473117329e-15]}, 147002], [0.11753637146804095, {"__complex__": [-55995.84375, 7.510297247927296e-15]}, 160336], [0.12253499104693832, {"__complex__": [-55445.296875, 3.256620183077078e-15]}, 174268], [0.12753248604990047, {"__complex__": [-55329.0546875, -1.696153195448872e-15]}, 188746], [0.1325304294638626, {"__complex__": [-54986.04296875, -1.1420993096500592e-15]}, 203862], [0.13752832905253207, {"__complex__": [-54614.421875, 8.619231511923205e-16]}, 219480], [0.142527907190785, {"__complex__": [-54462.8828125, 2.3433829289071445e-15]}, 235972], [0.14752850421114438, {"__complex__": [-54152.8203125, -3.4556638730172146e-16]}, 252662], [0.15253058192389155, {"__complex__": [-53791.10546875, -1.6146429237670151e-16]}, 270374], [0.15752821923428587, {"__complex__": [-53129.546875, 3.7941193393173974e-15]}, 287654], [0.16252218923480327, {"__complex__": [-53017.0703125, -2.374535900734651e-16]}, 306416], [0.1675213568669519, {"__complex__": [-52935.8359375, 8.034947655511597e-16]}, 325994], [0.17252185924799396, {"__complex__": [-52725.4765625, 2.2741710197540484e-15]}, 345534], [0.1775231975527802, {"__complex__": [-52894.91015625, 2.3844263338828253e-16]}, 366174], [0.18252642360531296, {"__complex__": [-52746.6640625, -1.3204168974642713e-15]}, 387102], [0.18752567259670594, {"__complex__": [-52705.30078125, 6.064278916912368e-16]}, 407934], [0.19252269960416651, {"__complex__": [-53070.8125, 1.8942257091754226e-15]}, 430206], [0.19752019481048236, {"__complex__": [-52578.30078125, 2.1212049162929207e-15]}, 452774], [0.20251889429743228, {"__complex__": [-52134.96875, -1.7112566399313635e-15]}, 476204], [0.2075197448185076, {"__complex__": [-51817.22265625, 2.3856075213277714e-15]}, 500190], [0.21251990823358188, {"__complex__": [-51541.15625, -1.1100239718825518e-15]}, 524382], [0.21751993687965554, {"__complex__": [-51926.05859375, -5.827101750747283e-16]}, 549402], [0.22251833573434368, {"__complex__": [-51547.05078125, -1.3169749790831035e-15]}, 574574], [0.22751735225246883, {"__complex__": [-51992.01171875, -9.379071946378332e-16]}, 601218], [0.23251728445246006, {"__complex__": [-52034.375, -3.4782018315568754e-16]}, 627562], [0.23751695794785735, {"__complex__": [-51789.39453125, 8.439420710902102e-16]}, 655226], [0.24251739848291487, {"__complex__": [-51484.54296875, -1.022861846390361e-15]}, 682880], [0.24751580506497076, {"__complex__": [-51593.72265625, -3.0500722576803007e-15]}, 710880], [0.25251596147245653, {"__complex__": [-51669.56640625, 8.640999729272048e-16]}, 740984], [0.257515546163434, {"__complex__": [-51697.90625, 2.8373090162748084e-15]}, 769316], [0.2625160530314326, {"__complex__": [-51482.3515625, 1.9073543492809499e-16]}, 801084], [0.26751834911443634, {"__complex__": [-51380.10546875, 1.589329105910304e-15]}, 830908], [0.27251602427629895, {"__complex__": [-51283.38671875, 1.8578350826487894e-16]}, 861600], [0.27751164988517407, {"__complex__": [-51561.83984375, -6.193115804563299e-16]}, 892883]]}, "attrs": {"poles": [0], "dk": 0.005, "kmin": 0.0, "kmax": null, "Nmesh": {"__dtype__": "<i8", "__shape__": [3], "__data__": [512, 512, 512]}, "BoxSize": {"__dtype__": "<f8", "__shape__": [3], "__data__": [2664.0, 5792.0, 2971.0]}, "BoxPad": {"__dtype__": "<f8", "__shape__": [3], "__data__": [0.1, 0.1, 0.1]}, "BoxCenter": {"__dtype__": "<f8", "__shape__": [3], "__data__": [2583.867273082841, 44.33015677406661, 890.6785401155805]}, "mesh.resampler": "tsc", "mesh.interlaced": true, "alpha": 0.05000236538050436, "data.norm": -0.8293932727395893, "randoms.norm": -0.8291339583733912, "shotnoise": 60720.034672637965, "first.data.N": 140576, "first.data.W": 140576.0, "first.data.W2": 125239.03674455994, "first.data.num_per_cell": 0.0009331035371464486, "first.randoms.N": 2811387, "first.randoms.W": 2811387.0, "first.randoms.W2": 2504808.821498948, "first.randoms.num_per_cell": 0.018662280004463704, "first.data.ext": 1, "first.randoms.ext": 1, "second.data.N": 140576, "second.data.W": 140576.0, "second.data.W2": -58680.40624615493, "second.data.num_per_cell": -0.00043720309619720975, "second.randoms.N": 2811387, "second.randoms.W": 2811387.0, "second.randoms.W2": -1173282.2860331358, "second.randoms.num_per_cell": -0.008741634235032915, "second.data.ext": 1, "second.randoms.ext": 1}}, "attrs": {"poles": [0], "dk": 0.005, "kmin": 0.0, "kmax": null, "Nmesh": {"__dtype__": "<i8", "__shape__": [3], "__data__": [512, 512, 512]}, "BoxSize": {"__dtype__": "<f8", "__shape__": [3], "__data__": [2664.0, 5792.0, 2971.0]}, "BoxPad": {"__dtype__": "<f8", "__shape__": [3], "__data__": [0.1, 0.1, 0.1]}, "BoxCenter": {"__dtype__": "<f8", "__shape__": [3], "__data__": [2583.867273082841, 44.33015677406661, 890.6785401155805]}, "mesh.resampler": "tsc",