{"poles": {"dims": ["k"], "edges": [{"__dtype__": "<f8", "__shape__": [46], "__data__": [0.0, 0.005, 0.01, 0.015, 0.02, 0.025, 0.03, 0.035, 0.04, 0.045, 0.05, 0.055, 0.06, 0.065, 0.07, 0.075, 0.08, 0.085, 0.09, 0.095, 0.1, 0.105, 0.11, 0.115, 0.12, 0.125, 0.13, 0.135, 0.14, 0.145, 0.15, 0.155, 0.16, 0.165, 0.17, 0.17500000000000002, 0.18, 0.185, 0.19, 0.195, 0.2, 0.20500000000000002, 0.21, 0.215, 0.22, 0.225]}], "coords": [{"__dtype__": "<f8", "__shape__": [45], "__data__": [0.0025, 0.0075, 0.0125, 0.0175, 0.0225, 0.0275, 0.0325, 0.037500000000000006, 0.042499999999999996, 0.0475, 0.052500000000000005, 0.057499999999999996, 0.0625, 0.0675, 0.07250000000000001, 0.0775, 0.0825, 0.0875, 0.0925, 0.0975, 0.10250000000000001, 0.1075, 0.1125, 0.1175, 0.1225, 0.1275, 0.1325, 0.1375, 0.14250000000000002, 0.1475, 0.1525, 0.1575, 0.1625, 0.1675, 0.17250000000000001, 0.1775, 0.1825, 0.1875, 0.1925, 0.1975, 0.2025, 0.20750000000000002, 0.2125, 0.2175, 0.2225]}], "data": {"__dtype__": [["k", "<f8"], ["power_0", "<c8"], ["modes", "<i8"]], "__shape__": [45], "__data__": [[0.00381425239848085, {"__complex__": [115641.7265625, 4.356860738071594e-13]}, 167], [0.008049279863228663, {"__complex__": [110203.1875, 1.3449090203055541e-13]}, 1082], [0.012816072348087215, {"__complex__": [106313.3125, 8.168383910890295e-14]}, 2984], [0.01772401383360118, {"__complex__": [106153.53125, 5.513987974981732e-14]}, 5806], [0.022666605740646516, {"__complex__": [108581.296875, 9.910671729899262e-15]}, 9544], [0.027643910232783224, {"__complex__": [99399.0390625, -9.61758731872096e-15]}, 14374], [0.03263613258536552, {"__complex__": [94477.78125, 2.9124217804549516e-15]}, 19986], [0.037618770137655785, {"__complex__": [91532.6875, 3.017020905023496e-14]}, 26528], [0.04260285383878917, {"__complex__": [85904.2890625, 7.356559920967693e-15]}, 34122], [0.04758683296231813, {"__complex__": [83887.8359375, 1.131510826062141e-14]}, 42440], [0.05257216933898567, {"__complex__": [82739.375, 2.796186784295474e-16]}, 52042], [0.057573418876661564, {"__complex__": [81990.328125, 2.560563447132568e-15]}, 62514], [0.06257206535930063, {"__complex__": [80594.3515625, -3.655167819485066e-15]}, 73652], [0.06756419243357246, {"__complex__": [79922.9453125, -9.396524424981796e-15]}, 85950], [0.07255543581132513, {"__complex__": [79217.0703125, -3.492965615827518e-16]}, 98944], [0.07755493461694343, {"__complex__": [78261.625, -4.1625205437370127e-16]}, 113618], [0.08255636732803909, {"__complex__": [76562.0625, -3.3459717828588026e-15]}, 128298], [0.08755135632933958, {"__complex__": [75636.3359375, -1.6886835295243916e-15]}, 144340], [0.09254466146039991, {"__complex__": [73899.03125, 5.776790111262746e-15]}, 161218], [0.09754046597222074, {"__complex__": [73406.609375, -2.0296237140357857e-15]}, 179244], [0.10254040162367992, {"__complex__": [71984.6953125, 3.907701798862989e-15]}, 198298], [0.10753437319806997, {"__complex__": [71605.5, 1.8739187295397112e-15]}, 217434], [0.11253347667478227, {"__complex__": [71715.71875, -5.171818428026517e-15]}, 239164], [0.11753603165801976, {"__complex__": [70503.109375, 2.7328524897029345e-15]}, 260250], [0.12253266664041716, {"__complex__": [70449.625, 1.6720780838681815e-15]}, 282844], [0.12753163237262705, {"__complex__": [70463.7109375, 5.455912855019136e-16]}, 306726], [0.13253022205321302, {"__complex__": [70274.0078125, 1.3196781788551472e-15]}, 330806], [0.13752977976937636, {"__complex__": [69412.5859375, -7.952178242883867e-16]}, 356836], [0.1425289457594398, {"__complex__": [68879.125, 2.072824935444597e-15]}, 382608], [0.1475267987102823, {"__complex__": [68526.4921875, -2.269735955242225e-15]}, 410322], [0.1525288923407563, {"__complex__": [68498.6015625, -3.4475513620253273e-15]}, 438978], [0.1575285856792427, {"__complex__": [68081.9375, 3.191332418749933e-16]}, 467382], [0.16252651316559974, {"__complex__": [67705.5703125, -3.5060914501364073e-16]}, 498056], [0.1675261700034985, {"__complex__": [67997.890625, 2.0905474057999985e-15]}, 529022], [0.17252640751187737, {"__complex__": [67542.5, 3.215365655139294e-15]}, 561192], [0.17752485676649182, {"__complex__": [67433.453125, -3.497903447333096e-15]}, 593866], [0.18252395286262169, {"__complex__": [67216.296875, 1.8937852520428504e-15]}, 628170], [0.18752377499012976, {"__complex__": [67062.2734375, -1.1417055452087044e-15]}, 662780], [0.19252378793601171, {"__complex__": [67055.0234375, -2.966295087603575e-16]}, 699070], [0.19752191828108331, {"__complex__": [66864.8828125, -2.287756792953297e-15]}, 734670], [0.2025190269013313, {"__complex__": [66935.0546875, 6.585496405840565e-16]}, 773392], [0.20752033864965738, {"__complex__": [66539.3515625, -2.32934431071847e-16]}, 812138], [0.21252156745749456, {"__complex__": [66143.7734375, -2.7125377808915794e-16]}, 851644], [0.2175182841410743, {"__complex__": [66291.953125, 7.840348188627025e-16]}, 890894], [0.22251561028027397, {"__complex__": [66063.9453125, -2.182619675408304e-15]}, 933405]]}, "attrs": {"poles": [0], "dk": 0.005, "kmin": 0.0, "kmax": null, "Nmesh": {"__dtype__": "<i8", "__shape__": [3], "__data__": [512, 512, 512]}, "BoxSize": {"__dtype__": "<f8", "__shape__": [3], "__data__": [3427.0, 7192.0, 3020.0]}, "BoxPad": {"__dtype__": "<f8", "__shape__": [3], "__data__": [0.1, 0.1, 0.1]}, "BoxCenter": {"__dtype__": "<f8", "__shape__": [3], "__data__": [-1752.6979131362486, 36.96554914111448, 1912.2706864026063]}, "mesh.resampler": "tsc", "mesh.interlaced": true, "alpha": 0.0499923226506324, "data.norm": 3.208094305035071, "randoms.norm": 3.20765144123632, "shotnoise": 64446.10578795232, "first.data.N": 240606, "first.data.W": 240606.0, "first.data.W2": 207399.05090879518, "first.data.num_per_cell": 0.0015452433445214866, "first.randoms.N": 4812859, "first.randoms.W": 4812859.0, "first.randoms.W2": 4148534.2896033255, "first.randoms.num_per_cell": 0.030908989083791714, "first.data.ext": 1, "first.randoms.ext": 1, "second.data.N": 240606, "second.data.W": 240606.0, "second.data.W2": 217860.48185899854, "second.data.num_per_cell": 0.0016231870789751301, "second.randoms.N": 4812859, "second.randoms.W": 4812859.0, "second.randoms.W2": 4357334.589545727, "second.randoms.num_per_cell": 0.032464672547174445, "second.data.ext": 1, "second.randoms.ext": 1}}, "attrs": {"poles": [0], "dk": 0.005, "kmin": 0.0, "kmax": null, "Nmesh": {"__dtype__": "<i8", "__shape__": [3], "__data__": [512, 512, 512]}, "BoxSize": {"__dtype__": "<f8", "__shape__": [3], "__data__": [3427.0, 7192.0, 3020.0]}, "BoxPad": {"__dtype__": "<f8", "__shape__": [3], "__data__": [0.1, 0.1, 0.1]}, "BoxCenter": {"__dtype__": "<f8", "__shape__": [3], "__data__": [-1752.6979131362486, 36.96554914111448, 1912.2706864026063]}, "mesh.resampler": "tsc", "mesh.interlaced": true, "alpha": 0.0499923226506324, "data.norm": 3.208094305035071, "randoms.norm": 3.20765144123632, "shotnoise": 64446.10578795232, "first.data.N": 240606, "first.data.W": 240606.0, "first.data.W2": 207399.05090879518, "first.data.num_per_cell": 0.0015452433445214866, "first.randoms.N": 4812859, "first.randoms.W": 4812859.0, "first.randoms.W2": 4148534.2896033255, "first.randoms.num_per_cell": 0.030908989083791714, "first.data.ext": 1, "first.randoms.ext": 1, "second.data.N": 240606, "second.data.W": 240606.0, "second.data.W2": 217860.48185899854, "second.data.num_per_cell": 0.0016231870789751301, "second.randoms.N": 4812859, "second.randoms.W": 4812859.0, "second.randoms.W2": 4357334.589545727, "second.randoms.num_per_cell": 0.032464672547174445, "second.data.ext": 1, "second.randoms.ext": 1, "p": 1.0, "zmin": 0.8, "zmax": 2.2, "P0_FKP": 30000.0, "z-weighted": true, "hashkeys": ["Nmesh", "P0_FKP", "dk", "kmin", "mesh.window", "mesh.interlaced", "poles", "p", "BoxPad", "zmin", "zmax", "z-weighted"]}}