{"poles": {"dims": ["k"], "edges": [{"__dtype__": "<f8", "__shape__": [57], "__data__": [0.0, 0.005, 0.01, 0.015, 0.02, 0.025, 0.03, 0.035, 0.04, 0.045, 0.05, 0.055, 0.06, 0.065, 0.07, 0.075, 0.08, 0.085, 0.09, 0.095, 0.1, 0.105, 0.11, 0.115, 0.12, 0.125, 0.13, 0.135, 0.14, 0.145, 0.15, 0.155, 0.16, 0.165, 0.17, 0.17500000000000002, 0.18, 0.185, 0.19, 0.195, 0.2, 0.20500000000000002, 0.21, 0.215, 0.22, 0.225, 0.23, 0.23500000000000001, 0.24, 0.245, 0.25, 0.255, 0.26, 0.265, 0.27, 0.275, 0.28]}], "coords": [{"__dtype__": "<f8", "__shape__": [56], "__data__": [0.0025, 0.0075, 0.0125, 0.0175, 0.0225, 0.0275, 0.0325, 0.037500000000000006, 0.042499999999999996, 0.0475, 0.052500000000000005, 0.057499999999999996, 0.0625, 0.0675, 0.07250000000000001, 0.0775, 0.0825, 0.0875, 0.0925, 0.0975, 0.10250000000000001, 0.1075, 0.1125, 0.1175, 0.1225, 0.1275, 0.1325, 0.1375, 0.14250000000000002, 0.1475, 0.1525, 0.1575, 0.1625, 0.1675, 0.17250000000000001, 0.1775, 0.1825, 0.1875, 0.1925, 0.1975, 0.2025, 0.20750000000000002, 0.2125, 0.2175, 0.2225, 0.2275, 0.2325, 0.2375, 0.2425, 0.2475, 0.2525, 0.2575, 0.2625, 0.2675, 0.2725, 0.2775]}], "data": {"__dtype__": [["k", "<f8"], ["power_0", "<c8"], ["modes", "<i8"]], "__shape__": [56], "__data__": [[0.003814053858344232, {"__complex__": [-49890.6015625, -7.20391845135393e-13]}, 101], [0.008097275896479275, {"__complex__": [-86817.6171875, 8.43589317866579e-14]}, 690], [0.012879382348576452, {"__complex__": [-89291.8671875, -3.146360125563796e-14]}, 1850], [0.017768489499750153, {"__complex__": [-77154.859375, 1.6213833525574248e-14]}, 3590], [0.022684176044803907, {"__complex__": [-78541.0546875, -3.971863528177966e-14]}, 5862], [0.02764531155261234, {"__complex__": [-78830.40625, 5.094978394260333e-14]}, 8854], [0.0326320576857681, {"__complex__": [-75505.46875, 9.264601076326012e-14]}, 12330], [0.03761462558850623, {"__complex__": [-69327.5078125, -6.220286059236552e-14]}, 16376], [0.04261371133523363, {"__complex__": [-66298.328125, 1.926130390979882e-14]}, 21154], [0.047597843360246694, {"__complex__": [-63921.01953125, -2.2265955084473793e-15]}, 26142], [0.05257615094170873, {"__complex__": [-64359.484375, 1.9962720034958845e-14]}, 32074], [0.057572556947280175, {"__complex__": [-64843.546875, 1.1511994292947095e-14]}, 38554], [0.06256879087337831, {"__complex__": [-62738.7265625, -1.0239715230787351e-14]}, 45476], [0.06756707248113185, {"__complex__": [-59949.46875, -1.3155264468641802e-14]}, 53096], [0.0725567145530308, {"__complex__": [-61566.77734375, 1.9085104963143928e-15]}, 60998], [0.07754523171764255, {"__complex__": [-60870.125, -5.727296705605256e-15]}, 69872], [0.08254364109670187, {"__complex__": [-59207.734375, 2.57068527909402e-15]}, 79250], [0.0875466051072765, {"__complex__": [-59558.87890625, -2.281732906390661e-15]}, 89286], [0.0925465000045998, {"__complex__": [-57790.30078125, -6.728059356522634e-15]}, 99492], [0.09754297679899852, {"__complex__": [-57010.3125, -1.5646938090899468e-14]}, 110672], [0.10254336710412498, {"__complex__": [-56323.53515625, -3.3290870280882354e-15]}, 122392], [0.10753835324758507, {"__complex__": [-56112.1171875, -6.2912660649637464e-15]}, 134156], [0.11253268089325905, {"__complex__": [-55806.19921875, 3.1101008473775026e-15]}, 147386], [0.11753509236563155, {"__complex__": [-55092.87890625, -6.786936193169807e-16]}, 160808], [0.12253520655572356, {"__complex__": [-55138.37109375, -5.334951891470012e-15]}, 174570], [0.1275342661988829, {"__complex__": [-55103.44921875, -9.455285641631669e-15]}, 189300], [0.13253348708621404, {"__complex__": [-54796.171875, 2.315890357021638e-15]}, 204214], [0.13753165439125908, {"__complex__": [-54613.703125, -1.9842077132281415e-15]}, 220016], [0.14252983524042953, {"__complex__": [-53574.29296875, 6.775322947946477e-15]}, 236256], [0.14752821872947977, {"__complex__": [-53971.33203125, 2.5292283102818424e-15]}, 253154], [0.1525304723405547, {"__complex__": [-53853.90625, 7.25012557246398e-16]}, 270962], [0.15752884960310595, {"__complex__": [-53835.0703125, 7.446236463763808e-16]}, 288254], [0.16252233238655797, {"__complex__": [-52821.64453125, -3.745142200241259e-15]}, 306958], [0.16752255444787498, {"__complex__": [-52851.8046875, 1.1128856726948504e-15]}, 326896], [0.1725251849427658, {"__complex__": [-52542.19921875, -9.455026449549809e-16]}, 346290], [0.17752545509302098, {"__complex__": [-52924.60546875, 0.0]}, 366736], [0.1825252528159928, {"__complex__": [-53099.80078125, 3.4546211225195854e-15]}, 387532], [0.18752273702983738, {"__complex__": [-52269.7578125, -4.69864422435011e-15]}, 408810], [0.1925216507668297, {"__complex__": [-52322.70703125, 4.3859725997830255e-16]}, 431318], [0.19752019575108798, {"__complex__": [-52283.4296875, -3.3282950522825526e-15]}, 453614], [0.20251810944819476, {"__complex__": [-52400.27734375, -3.9650993983469007e-16]}, 477100], [0.20751966941451785, {"__complex__": [-52091.875, 6.964999459341606e-16]}, 501430], [0.21252087754226026, {"__complex__": [-52324.8671875, 2.2156368873433788e-16]}, 525426], [0.21752016181661046, {"__complex__": [-51845.1171875, 1.533522763696928e-15]}, 550374], [0.22251856348602983, {"__complex__": [-51955.96875, -1.2129670623359191e-15]}, 575854], [0.22751878102878786, {"__complex__": [-51679.0390625, 1.859370303395908e-15]}, 602622], [0.23251959091547286, {"__complex__": [-51431.1953125, 1.4346939240266116e-15]}, 628858], [0.23751915956512107, {"__complex__": [-51776.88671875, -1.950545988629545e-15]}, 656518], [0.24251717022197425, {"__complex__": [-51771.37890625, 1.404916798403242e-15]}, 683618], [0.24751415009852673, {"__complex__": [-51787.51953125, 6.126330962441442e-16]}, 712592], [0.2525170254111891, {"__complex__": [-51509.74609375, -1.2533916038645122e-15]}, 743042], [0.25751868817531376, {"__complex__": [-51561.5, -2.048103220087796e-15]}, 770900], [0.26251740889495895, {"__complex__": [-51275.78515625, 3.6282007786037713e-16]}, 802156], [0.2675177460650931, {"__complex__": [-51164.4765625, 6.729536476103527e-16]}, 832522], [0.2725159217438838, {"__complex__": [-51432.81640625, 4.297173636059825e-16]}, 863530], [0.2775105116127045, {"__complex__": [-51367.84375, 1.2778017169758418e-15]}, 893977]]}, "attrs": {"poles": [0], "dk": 0.005, "kmin": 0.0, "kmax": null, "Nmesh": {"__dtype__": "<i8", "__shape__": [3], "__data__": [512, 512, 512]}, "BoxSize": {"__dtype__": "<f8", "__shape__": [3], "__data__": [2668.0, 5795.0, 2971.0]}, "BoxPad": {"__dtype__": "<f8", "__shape__": [3], "__data__": [0.1, 0.1, 0.1]}, "BoxCenter": {"__dtype__": "<f8", "__shape__": [3], "__data__": [2581.8752466643, 45.64945389972718, 889.5199708956887]}, "mesh.resampler": "tsc", "mesh.interlaced": true, "alpha": 0.05005407267580723, "data.norm": -0.8300330395118424, "randoms.norm": -0.8298163263444644, "shotnoise": 60658.75867990311, "first.data.N": 140935, "first.data.W": 140935.0, "first.data.W2": 125593.95092163561, "first.data.num_per_cell": 0.0009357478538277418, "first.randoms.N": 2815655, "first.randoms.W": 2815655.0, "first.randoms.W2": 2509271.6316903834, "first.randoms.num_per_cell": 0.018695530531483765, "first.data.ext": 1, "first.randoms.ext": 1, "second.data.N": 140935, "second.data.W": 140935.0, "second.data.W2": -58699.469999619985, "second.data.num_per_cell": -0.000437345132228881, "second.randoms.N": 2815655, "second.randoms.W": 2815655.0, "second.randoms.W2": -1172397.4887897882, "second.randoms.num_per_cell": -0.008735041981859417, "second.data.ext": 1, "second.randoms.ext": 1}}, "attrs": {"poles": [0], "dk": 0.005, "kmin": 0.0, "kmax": null, "Nmesh": {"__dtype__": "<i8", "__shape__": [3], "__data__": [512, 512, 512]}, "BoxSize": {"__dtype__": "<f8", "__shape__": [3], "__data__": [2668.0, 5795.0, 2971.0]}, "BoxPad": {"__dtype__": "<f8", "__shape__": [3], "__data__": [0.1, 0.1, 0.1]}, "BoxCenter": {"__dtype__": "<f8", "__shape__": [3], "__data__": [2581.8752466643, 45.64945389972718, 889.5199708956887]}, "mesh.resampler": "tsc", "mesh.interlaced": true,