{"poles": {"dims": ["k"], "edges": [{"__dtype__": "<f8", "__shape__": [46], "__data__": [0.0, 0.005, 0.01, 0.015, 0.02, 0.025, 0.03, 0.035, 0.04, 0.045, 0.05, 0.055, 0.06, 0.065, 0.07, 0.075, 0.08, 0.085, 0.09, 0.095, 0.1, 0.105, 0.11, 0.115, 0.12, 0.125, 0.13, 0.135, 0.14, 0.145, 0.15, 0.155, 0.16, 0.165, 0.17, 0.17500000000000002, 0.18, 0.185, 0.19, 0.195, 0.2, 0.20500000000000002, 0.21, 0.215, 0.22, 0.225]}], "coords": [{"__dtype__": "<f8", "__shape__": [45], "__data__": [0.0025, 0.0075, 0.0125, 0.0175, 0.0225, 0.0275, 0.0325, 0.037500000000000006, 0.042499999999999996, 0.0475, 0.052500000000000005, 0.057499999999999996, 0.0625, 0.0675, 0.07250000000000001, 0.0775, 0.0825, 0.0875, 0.0925, 0.0975, 0.10250000000000001, 0.1075, 0.1125, 0.1175, 0.1225, 0.1275, 0.1325, 0.1375, 0.14250000000000002, 0.1475, 0.1525, 0.1575, 0.1625, 0.1675, 0.17250000000000001, 0.1775, 0.1825, 0.1875, 0.1925, 0.1975, 0.2025, 0.20750000000000002, 0.2125, 0.2175, 0.2225]}], "data": {"__dtype__": [["k", "<f8"], ["power_0", "<c8"], ["modes", "<i8"]], "__shape__": [45], "__data__": [[0.0038136971924515174, {"__complex__": [63727.90625, -8.713722018244274e-14]}, 167], [0.008048452847825537, {"__complex__": [91385.890625, 1.6811362415006248e-13]}, 1082], [0.012811833061107742, {"__complex__": [108174.59375, 5.371512289869054e-14]}, 2980], [0.017718610033308706, {"__complex__": [106515.3203125, 6.077918116714764e-14]}, 5806], [0.02267560625371169, {"__complex__": [106577.921875, -6.063298328045155e-14]}, 9600], [0.027660313913400777, {"__complex__": [98779.71875, -2.529536047939492e-16]}, 14382], [0.03263514797603452, {"__complex__": [93669.3984375, -3.3671433290237765e-14]}, 19880], [0.03761057075217742, {"__complex__": [91978.9140625, 1.6425519976345543e-15]}, 26578], [0.042595919459099685, {"__complex__": [88699.1328125, -9.39329045318918e-15]}, 34082], [0.047585388642890254, {"__complex__": [82943.0625, -1.4353696657361074e-14]}, 42580], [0.05257497408928139, {"__complex__": [82256.53125, 3.3578759838995146e-15]}, 52004], [0.05757252667700567, {"__complex__": [81552.0625, 1.3034345433223567e-14]}, 62520], [0.06257203911996402, {"__complex__": [79576.9609375, 1.1845592713509044e-15]}, 73708], [0.06756309714455985, {"__complex__": [79685.7578125, -1.2916552584655411e-15]}, 85904], [0.07255128103816198, {"__complex__": [79573.171875, 6.619455015487174e-16]}, 98926], [0.07755093822359065, {"__complex__": [77640.4453125, -5.375850453811712e-15]}, 113690], [0.08255207617036651, {"__complex__": [76044.640625, -3.6872750268672136e-15]}, 128262], [0.08754856107237823, {"__complex__": [75068.6953125, 4.958706209046756e-15]}, 144530], [0.09254525941472459, {"__complex__": [73575.7265625, -1.9845653728901196e-15]}, 161316], [0.09754132365755076, {"__complex__": [72908.8046875, 2.2725701274837378e-15]}, 179292], [0.10253999778691499, {"__complex__": [72493.96875, -2.2017664581342936e-16]}, 198276], [0.10753414291439771, {"__complex__": [72374.390625, -1.1370251587795323e-15]}, 217570], [0.11253361908684911, {"__complex__": [71060.90625, -3.101871922294927e-15]}, 239258], [0.11753816526562427, {"__complex__": [70623.3671875, -8.658063737390078e-16]}, 260514], [0.12253546335698465, {"__complex__": [71327.9453125, -5.659781509324629e-16]}, 282822], [0.12753299180304806, {"__complex__": [70785.8125, -2.1343099982946024e-15]}, 306814], [0.1325316825208912, {"__complex__": [70186.6015625, 1.7587946964998962e-16]}, 330952], [0.1375299697957912, {"__complex__": [69792.28125, 1.7132665432360796e-15]}, 356734], [0.14253072226346641, {"__complex__": [68900.234375, -3.417671798354899e-16]}, 383206], [0.14752841274368705, {"__complex__": [68436.96875, -8.075602060606251e-16]}, 409946], [0.15252606618093445, {"__complex__": [68881.8046875, 2.6481807469547897e-15]}, 438918], [0.15752672680089708, {"__complex__": [67857.90625, -1.5629862753715768e-15]}, 467844], [0.16252632899653954, {"__complex__": [67668.3125, -2.3074911783166644e-15]}, 498204], [0.16752486966776386, {"__complex__": [66727.609375, 5.22654639141892e-16]}, 529004], [0.17252376648110368, {"__complex__": [67036.578125, 9.074626599915863e-17]}, 561254], [0.17752237647982305, {"__complex__": [67133.6875, -2.473707629929928e-15]}, 594146], [0.18252129679219947, {"__complex__": [66857.1796875, -2.6509084048031853e-15]}, 628194], [0.18752248032256194, {"__complex__": [66956.171875, -2.0614325540622633e-15]}, 663558], [0.19252152818572094, {"__complex__": [66760.9921875, -6.667315023985002e-16]}, 698424], [0.1975202508284586, {"__complex__": [66893.171875, -5.932228598017791e-16]}, 735908], [0.2025201700742597, {"__complex__": [66493.9765625, 1.627428012603092e-15]}, 773454], [0.2075181852121371, {"__complex__": [66132.7578125, 2.1516210223958753e-15]}, 811588], [0.21251935073860376, {"__complex__": [66453.125, 2.3636481921702037e-15]}, 852682], [0.21752003769165018, {"__complex__": [66033.78125, 4.4876953672223056e-17]}, 891722], [0.22251698753751623, {"__complex__": [65708.3359375, -1.1148622240772683e-15]}, 933265]]}, "attrs": {"poles": [0], "dk": 0.005, "kmin": 0.0, "kmax": null, "Nmesh": {"__dtype__": "<i8", "__shape__": [3], "__data__": [512, 512, 512]}, "BoxSize": {"__dtype__": "<f8", "__shape__": [3], "__data__": [3433.0, 7177.0, 3022.0]}, "BoxPad": {"__dtype__": "<f8", "__shape__": [3], "__data__": [0.1, 0.1, 0.1]}, "BoxCenter": {"__dtype__": "<f8", "__shape__": [3], "__data__": [-1752.877380178277, 34.23852489787805, 1912.135580440985]}, "mesh.resampler": "tsc", "mesh.interlaced": true, "alpha": 0.04996275689267891, "data.norm": 3.198914419458948, "randoms.norm": 3.199705026726682, "shotnoise": 64371.30587048948, "first.data.N": 240201, "first.data.W": 240201.0, "first.data.W2": 206955.32854802054, "first.data.num_per_cell": 0.0015419373553098778, "first.randoms.N": 4807601, "first.randoms.W": 4807601.0, "first.randoms.W2": 4142569.6661338503, "first.randoms.num_per_cell": 0.030864549175902086, "first.data.ext": 1, "first.randoms.ext": 1, "second.data.N": 240201, "second.data.W": 240201.0, "second.data.W2": 217172.06977298856, "second.data.num_per_cell": 0.0016180580092444163, "second.randoms.N": 4807601, "second.randoms.W": 4807601.0, "second.randoms.W2": 4348010.425920427, "second.randoms.num_per_cell": 0.03239520211458524, "second.data.ext": 1, "second.randoms.ext": 1}}, "attrs": {"poles": [0], "dk": 0.005, "kmin": 0.0, "kmax": null, "Nmesh": {"__dtype__": "<i8", "__shape__": [3], "__data__": [512, 512, 512]}, "BoxSize": {"__dtype__": "<f8", "__shape__": [3], "__data__": [3433.0, 7177.0, 3022.0]}, "BoxPad": {"__dtype__": "<f8", "__shape__": [3], "__data__": [0.1, 0.1, 0.1]}, "BoxCenter": {"__dtype__": "<f8", "__shape__": [3], "__data__": [-1752.877380178277, 34.23852489787805, 1912.135580440985]}, "mesh.resampler": "tsc", "mesh.interlaced": true, "alpha": 0.04996275689267891, "data.norm": 3.198914419458948, "randoms.norm": 3.199705026726682, "shotnoise": 64371.30587048948, "first.data.N": 240201, "first.data.W": 240201.0, "first.data.W2": 206955.32854802054, "first.data.num_per_cell": 0.0015419373553098778, "first.randoms.N": 4807601, "first.randoms.W": 4807601.0, "first.randoms.W2": 4142569.6661338503, "first.randoms.num_per_cell": 0.030864549175902086, "first.data.ext": 1, "first.randoms.ext": 1, "second.data.N": 240201, "second.data.W": 240201.0, "second.data.W2": 217172.06977298856, "second.data.num_per_cell": 0.0016180580092444163, "second.randoms.N": 4807601, "second.randoms.W": 4807601.0, "second.randoms.W2": 4348010.425920427, "second.randoms.num_per_cell": 0.03239520211458524, "second.data.ext": 1, "second.randoms.ext": 1, "p": 1.0, "zmin": 0.8, "zmax": 2.2, "P0_FKP": 30000.0, "z-weighted": true, "hashkeys": ["Nmesh", "P0_FKP", "dk", "kmin", "mesh.window", "mesh.interlaced", "poles", "p", "BoxPad", "zmin", "zmax", "z-weighted"]}}