{"poles": {"dims": ["k"], "edges": [{"__dtype__": "<f8", "__shape__": [57], "__data__": [0.0, 0.005, 0.01, 0.015, 0.02, 0.025, 0.03, 0.035, 0.04, 0.045, 0.05, 0.055, 0.06, 0.065, 0.07, 0.075, 0.08, 0.085, 0.09, 0.095, 0.1, 0.105, 0.11, 0.115, 0.12, 0.125, 0.13, 0.135, 0.14, 0.145, 0.15, 0.155, 0.16, 0.165, 0.17, 0.17500000000000002, 0.18, 0.185, 0.19, 0.195, 0.2, 0.20500000000000002, 0.21, 0.215, 0.22, 0.225, 0.23, 0.23500000000000001, 0.24, 0.245, 0.25, 0.255, 0.26, 0.265, 0.27, 0.275, 0.28]}], "coords": [{"__dtype__": "<f8", "__shape__": [56], "__data__": [0.0025, 0.0075, 0.0125, 0.0175, 0.0225, 0.0275, 0.0325, 0.037500000000000006, 0.042499999999999996, 0.0475, 0.052500000000000005, 0.057499999999999996, 0.0625, 0.0675, 0.07250000000000001, 0.0775, 0.0825, 0.0875, 0.0925, 0.0975, 0.10250000000000001, 0.1075, 0.1125, 0.1175, 0.1225, 0.1275, 0.1325, 0.1375, 0.14250000000000002, 0.1475, 0.1525, 0.1575, 0.1625, 0.1675, 0.17250000000000001, 0.1775, 0.1825, 0.1875, 0.1925, 0.1975, 0.2025, 0.20750000000000002, 0.2125, 0.2175, 0.2225, 0.2275, 0.2325, 0.2375, 0.2425, 0.2475, 0.2525, 0.2575, 0.2625, 0.2675, 0.2725, 0.2775]}], "data": {"__dtype__": [["k", "<f8"], ["power_0", "<c8"], ["modes", "<i8"]], "__shape__": [56], "__data__": [[0.0038197765193451107, {"__complex__": [100366.875, -5.042743024367968e-13]}, 101], [0.008109891701914165, {"__complex__": [109528.515625, -1.0544866473332238e-14]}, 690], [0.012894854388365856, {"__complex__": [118726.640625, 1.5371741152094692e-13]}, 1846], [0.017782876771714973, {"__complex__": [106913.8046875, 3.253642269344416e-14]}, 3578], [0.02269141930171903, {"__complex__": [108080.2265625, -4.995508096539061e-15]}, 5826], [0.02763834006975049, {"__complex__": [110762.7734375, -1.1272843688245673e-13]}, 8778], [0.032621898014127335, {"__complex__": [103063.921875, 6.603201194383193e-14]}, 12286], [0.037614438767864515, {"__complex__": [101399.9453125, -1.7815762564212315e-15]}, 16336], [0.04261352226454916, {"__complex__": [96776.65625, 1.1079787261281115e-14]}, 21014], [0.047603110357579005, {"__complex__": [93081.1875, 1.2251899595230355e-14]}, 26130], [0.05257986747625858, {"__complex__": [91310.3671875, -7.321718067715335e-15]}, 31800], [0.0575687030589946, {"__complex__": [89300.0625, -9.095894644309353e-15]}, 38396], [0.06256811617495932, {"__complex__": [90568.5859375, -1.445809855030785e-15]}, 45292], [0.0675623801741551, {"__complex__": [89153.2109375, 1.6556335744719497e-15]}, 52736], [0.07255745079459432, {"__complex__": [87534.390625, 1.2890898709540157e-14]}, 60958], [0.07755221309214062, {"__complex__": [85822.8046875, 2.9325023905355093e-15]}, 69472], [0.08254549889499004, {"__complex__": [84642.09375, -1.393861578485563e-14]}, 78822], [0.0875444793042816, {"__complex__": [83472.4296875, 1.327550079550455e-14]}, 88788], [0.09254419415660926, {"__complex__": [82274.390625, -4.771649147041011e-15]}, 99114], [0.09754287588356157, {"__complex__": [80860.015625, -7.100009628991245e-16]}, 110164], [0.10254690887180501, {"__complex__": [79841.046875, 4.741922102240647e-15]}, 121984], [0.1075436618006408, {"__complex__": [78997.1640625, 3.5423358311307412e-15]}, 133510], [0.11253554602414143, {"__complex__": [79668.2421875, -6.154204699153213e-15]}, 146602], [0.11753713954504258, {"__complex__": [78592.9296875, -3.5102466231987225e-15]}, 160122], [0.1225349145419374, {"__complex__": [77992.46875, -5.030738843793327e-16]}, 173556], [0.12753243181292026, {"__complex__": [78462.2109375, 2.7791161587325435e-15]}, 188502], [0.1325312388504509, {"__complex__": [78490.5625, 1.0744283651862555e-15]}, 203158], [0.1375272312366147, {"__complex__": [76917.421875, 3.1244118925378376e-15]}, 218902], [0.14252801236312412, {"__complex__": [77131.96875, 8.652363205655057e-16]}, 235458], [0.14753029042815072, {"__complex__": [75937.7734375, 6.436959120023275e-15]}, 252066], [0.1525295683445674, {"__complex__": [76698.84375, 3.998640103113158e-15]}, 269302], [0.1575270377177641, {"__complex__": [75776.484375, -1.8236879817016367e-15]}, 287258], [0.16252580868859712, {"__complex__": [75895.65625, -1.784209225250547e-17]}, 305848], [0.16752442302425788, {"__complex__": [75073.09375, -4.300820377595551e-15]}, 324818], [0.17252216688232347, {"__complex__": [75799.7890625, 2.9558352894961683e-16]}, 344618], [0.1775242500506424, {"__complex__": [75538.5859375, -2.4100357397683486e-15]}, 365302], [0.18252588888897742, {"__complex__": [75408.6796875, -1.5088539349597714e-16]}, 385774], [0.18752505871572106, {"__complex__": [74869.15625, 2.7338983636345567e-15]}, 407192], [0.19252245922882688, {"__complex__": [75107.40625, -3.122029400615448e-15]}, 428816], [0.1975198292171744, {"__complex__": [74709.59375, 3.929415911982327e-15]}, 451806], [0.20251951456486192, {"__complex__": [75241.9609375, -3.0641287826748756e-17]}, 474912], [0.2075161905654028, {"__complex__": [74502.6484375, 4.674338084533056e-16]}, 498104], [0.21251708940609274, {"__complex__": [74673.703125, -1.4930126718406623e-15]}, 523884], [0.21751984903836655, {"__complex__": [74201.140625, -1.009671319940125e-15]}, 547676], [0.22251933463968862, {"__complex__": [73656.25, -9.894153740394856e-16]}, 573596], [0.2275189536013486, {"__complex__": [74103.703125, -1.9911910763617795e-15]}, 599268], [0.2325177556819493, {"__complex__": [73827.5703125, -7.206081976789125e-16]}, 626012], [0.23751857016968567, {"__complex__": [73754.4140625, 6.232979822039047e-16]}, 653706], [0.24251874706344653, {"__complex__": [73788.8828125, -2.77843720888576e-16]}, 680868], [0.2475176596994391, {"__complex__": [73518.609375, -1.8460962647910288e-16]}, 709428], [0.2525159105324668, {"__complex__": [74080.453125, 1.459059991424684e-15]}, 738038], [0.25751556330186837, {"__complex__": [74100.125, 4.488608005518303e-15]}, 768346], [0.26251506605287095, {"__complex__": [73644.1796875, -3.557970100573365e-16]}, 797540], [0.26751479306495385, {"__complex__": [74013.703125, 2.2984207260009918e-15]}, 829396], [0.2725162904423489, {"__complex__": [73570.859375, -1.3198524558840448e-15]}, 859982], [0.2775132242609591, {"__complex__": [73912.9140625, 3.505485451002206e-15]}, 890429]]}, "attrs": {"poles": [0], "dk": 0.005, "kmin": 0.0, "kmax": null, "Nmesh": {"__dtype__": "<i8", "__shape__": [3], "__data__": [512, 512, 512]}, "BoxSize": {"__dtype__": "<f8", "__shape__": [3], "__data__": [2662.0, 5787.0, 2968.0]}, "BoxPad": {"__dtype__": "<f8", "__shape__": [3], "__data__": [0.1, 0.1, 0.1]}, "BoxCenter": {"__dtype__": "<f8", "__shape__": [3], "__data__": [2584.2272357028514, 43.29790913558577, 890.470302260533]}, "mesh.resampler": "tsc", "mesh.interlaced": true, "alpha": 0.05012989310506155, "data.norm": 1.0391633225147605, "randoms.norm": 1.0386813268273876, "shotnoise": 72569.29310026068, "first.data.N": 141116, "first.data.W": 141116.0, "first.data.W2": 125725.28386306287, "first.data.num_per_cell": 0.0009367263604928767, "first.randoms.N": 2815007, "first.randoms.W": 2815007.0, "first.randoms.W2": 2507758.3701144108, "first.randoms.num_per_cell": 0.018684255854147753, "first.data.ext": 1, "first.randoms.ext": 1, "second.data.N": 141116, "second.data.W": 141116.0, "second.data.W2": 75100.49733224176, "second.data.num_per_cell": 0.0005595423082429302, "second.randoms.N": 2815007, "second.randoms.W": 2815007.0, "second.randoms.W2": 1497309.117570965, "second.randoms.num_per_cell": 0.011155822258971371, "second.data.ext": 1, "second.randoms.ext": 1}}, "attrs": {"poles": [0], "dk": 0.005, "kmin": 0.0, "kmax": null, "Nmesh": {"__dtype__": "<i8", "__shape__": [3], "__data__": [512, 512, 512]}, "BoxSize": {"__dtype__": "<f8", "__shape__": [3], "__data__": [2662.0, 5787.0, 2968.0]}, "BoxPad": {"__dtype__": "<f8", "__shape__": [3], "__data__": [0.1, 0.1, 0.1]}, "BoxCenter": {"__dtype__": "<f8", "__shape__": [3], "__data__": [2584.2272357028514, 43.29790913558577, 890.470302260533]}, "mesh.resampler": "tsc", "mesh.interlaced": true, "alpha": 0.05012989310506155, "data.norm": 1.0391633225147605,