{"poles": {"dims": ["k"], "edges": [{"__dtype__": "<f8", "__shape__": [56], "__data__": [0.0, 0.005, 0.01, 0.015, 0.02, 0.025, 0.03, 0.035, 0.04, 0.045, 0.05, 0.055, 0.06, 0.065, 0.07, 0.075, 0.08, 0.085, 0.09, 0.095, 0.1, 0.105, 0.11, 0.115, 0.12, 0.125, 0.13, 0.135, 0.14, 0.145, 0.15, 0.155, 0.16, 0.165, 0.17, 0.17500000000000002, 0.18, 0.185, 0.19, 0.195, 0.2, 0.20500000000000002, 0.21, 0.215, 0.22, 0.225, 0.23, 0.23500000000000001, 0.24, 0.245, 0.25, 0.255, 0.26, 0.265, 0.27, 0.275]}], "coords": [{"__dtype__": "<f8", "__shape__": [55], "__data__": [0.0025, 0.0075, 0.0125, 0.0175, 0.0225, 0.0275, 0.0325, 0.037500000000000006, 0.042499999999999996, 0.0475, 0.052500000000000005, 0.057499999999999996, 0.0625, 0.0675, 0.07250000000000001, 0.0775, 0.0825, 0.0875, 0.0925, 0.0975, 0.10250000000000001, 0.1075, 0.1125, 0.1175, 0.1225, 0.1275, 0.1325, 0.1375, 0.14250000000000002, 0.1475, 0.1525, 0.1575, 0.1625, 0.1675, 0.17250000000000001, 0.1775, 0.1825, 0.1875, 0.1925, 0.1975, 0.2025, 0.20750000000000002, 0.2125, 0.2175, 0.2225, 0.2275, 0.2325, 0.2375, 0.2425, 0.2475, 0.2525, 0.2575, 0.2625, 0.2675, 0.2725]}], "data": {"__dtype__": [["k", "<f8"], ["power_0", "<c8"], ["modes", "<i8"]], "__shape__": [55], "__data__": [[0.003815809709747587, {"__complex__": [125617.46875, -2.161175535406179e-12]}, 101], [0.008101386731265666, {"__complex__": [109494.0546875, -1.8453515354243527e-13]}, 690], [0.012881262134068745, {"__complex__": [105386.359375, 6.306355448699313e-14]}, 1846], [0.01776914578965352, {"__complex__": [105804.9140625, 2.4347879059596032e-14]}, 3586], [0.02269178461015457, {"__complex__": [106682.65625, -2.1691526138766133e-14]}, 5870], [0.02764289912602987, {"__complex__": [107082.6953125, 1.985705945105245e-14]}, 8794], [0.032618399115813504, {"__complex__": [104240.296875, -1.4194682315140077e-14]}, 12302], [0.03761274781960867, {"__complex__": [94810.375, -4.442233459875898e-14]}, 16420], [0.04261490479666383, {"__complex__": [90619.3671875, -4.4892000815484334e-15]}, 21070], [0.04759700903413817, {"__complex__": [92805.1640625, 8.349733156677672e-16]}, 26142], [0.05257775529449441, {"__complex__": [91370.6953125, 9.99944162980446e-15]}, 32016], [0.057567505572037644, {"__complex__": [88986.9609375, 2.8418749473769827e-15]}, 38404], [0.06256325287906556, {"__complex__": [87679.140625, 9.278110065988592e-15]}, 45484], [0.0675617033836994, {"__complex__": [85088.328125, 4.536475954950011e-15]}, 52928], [0.07255278824609555, {"__complex__": [85325.0546875, -5.008197920638351e-15]}, 61018], [0.07754870471135644, {"__complex__": [84709.5078125, -9.739191603793523e-15]}, 69852], [0.08254530387937438, {"__complex__": [82757.0390625, 9.348460387422798e-15]}, 78998], [0.08754358260238435, {"__complex__": [80575.0390625, 4.2861222383783204e-15]}, 89122], [0.0925470131139389, {"__complex__": [81304.359375, -3.2169915348815485e-15]}, 99516], [0.0975460869394385, {"__complex__": [79629.4296875, -6.390046623756069e-15]}, 110448], [0.1025444077917124, {"__complex__": [78151.078125, -3.4539657307766473e-15]}, 122180], [0.10754240434833183, {"__complex__": [77333.296875, 1.2472760259853361e-15]}, 134170], [0.11253814158318806, {"__complex__": [77391.703125, 3.2162099352294696e-15]}, 147048], [0.11753513596038578, {"__complex__": [77661.59375, 2.4046303990154453e-15]}, 160368], [0.1225322885023381, {"__complex__": [76454.9609375, -4.257777551347876e-15]}, 174304], [0.12753247808181634, {"__complex__": [76305.0078125, 3.607311728514619e-15]}, 189094], [0.1325329624292975, {"__complex__": [75683.46875, 1.3914147755866532e-15]}, 203938], [0.13752986387472255, {"__complex__": [75077.234375, 1.0604805912811741e-15]}, 219552], [0.14252850205313364, {"__complex__": [75133.0859375, 2.5274014719728517e-15]}, 236064], [0.14752758006454533, {"__complex__": [74331.71875, -1.612515468171088e-15]}, 252682], [0.1525300252149188, {"__complex__": [74640.34375, 7.795630672363511e-16]}, 270668], [0.15753053672503764, {"__complex__": [74507.96875, -1.5158876436142119e-15]}, 287988], [0.16252356906925067, {"__complex__": [74386.84375, -1.0392460046891009e-15]}, 306302], [0.167521278901844, {"__complex__": [73423.1171875, 3.5681326430558446e-16]}, 326264], [0.1725211010183983, {"__complex__": [73538.78125, 2.653291743758522e-15]}, 345522], [0.1775213308030402, {"__complex__": [73967.1640625, -2.3829294678463493e-16]}, 366404], [0.18252566709202653, {"__complex__": [73219.859375, 1.6057032056927953e-15]}, 387428], [0.18752505998240285, {"__complex__": [72793.1484375, -1.1322601749347533e-15]}, 408054], [0.1925212868626288, {"__complex__": [72397.75, 1.3862380278503901e-15]}, 430394], [0.19751945975051538, {"__complex__": [72387.5625, -1.1078818255589457e-15]}, 453154], [0.20251827472953443, {"__complex__": [72648.734375, 1.2983017142444088e-15]}, 476358], [0.20751854199830733, {"__complex__": [72044.109375, 1.0105173999753136e-15]}, 500416], [0.21251902299825287, {"__complex__": [72291.5546875, 3.0122031086744555e-15]}, 524766], [0.21751972090625368, {"__complex__": [72197.328125, 1.932342403560103e-15]}, 549742], [0.22251970420434775, {"__complex__": [71796.6875, -4.8070379718190585e-16]}, 575170], [0.22751814186953073, {"__complex__": [71769.2421875, -7.564573319242339e-17]}, 601154], [0.23251736303360157, {"__complex__": [71950.578125, -1.0497967529592188e-15]}, 628106], [0.2375171338187248, {"__complex__": [71781.375, 3.108557976864079e-16]}, 655374], [0.2425163568244874, {"__complex__": [71583.4765625, 8.09493029367141e-16]}, 683110], [0.24751375592051508, {"__complex__": [71487.9296875, 8.185234726109457e-17]}, 711130], [0.252514421522755, {"__complex__": [71643.7421875, -7.848463823052906e-16]}, 741644], [0.25751633170818955, {"__complex__": [71319.34375, 4.242006644902948e-15]}, 770132], [0.26251506751538756, {"__complex__": [71440.546875, -2.817545778851675e-16]}, 800536], [0.2675160285052511, {"__complex__": [71565.7109375, 5.31335032785354e-16]}, 831894], [0.27251604067069024, {"__complex__": [71295.5546875, 7.509442062287924e-16]}, 862328]]}, "attrs": {"poles": [0], "dk": 0.005, "kmin": 0.0, "kmax": null, "Nmesh": {"__dtype__": "<i8", "__shape__": [3], "__data__": [512, 512, 512]}, "BoxSize": {"__dtype__": "<f8", "__shape__": [3], "__data__": [2664.0, 5799.0, 2969.0]}, "BoxPad": {"__dtype__": "<f8", "__shape__": [3], "__data__": [0.1, 0.1, 0.1]}, "BoxCenter": {"__dtype__": "<f8", "__shape__": [3], "__data__": [2583.541741812053, 43.78943209691988, 888.7221617780145]}, "mesh.resampler": "tsc", "mesh.interlaced": true, "alpha": 0.05031068805995329, "data.norm": 1.8482494169265156, "randoms.norm": 1.848648992500323, "shotnoise": 70215.43817213744, "first.data.N": 141651, "first.data.W": 141651.0, "first.data.W2": 126194.34401727229, "first.data.num_per_cell": 0.0009402211309766195, "first.randoms.N": 2815525, "first.randoms.W": 2815525.0, "first.randoms.W2": 2508448.401619483, "first.randoms.num_per_cell": 0.01868939698949071, "first.data.ext": 1, "first.randoms.ext": 1, "second.data.N": 141651, "second.data.W": 141651.0, "second.data.W2": 132995.74096393585, "second.data.num_per_cell": 0.000990895487099408, "second.randoms.N": 2815525, "second.randoms.W": 2815525.0, "second.randoms.W2": 2644172.1904093027, "second.randoms.num_per_cell": 0.01970061801678913, "second.data.ext": 1, "second.randoms.ext": 1}}, "attrs": {"poles": [0], "dk": 0.005, "kmin": 0.0, "kmax": null, "Nmesh": {"__dtype__": "<i8", "__shape__": [3], "__data__": [512, 512, 512]}, "BoxSize": {"__dtype__": "<f8", "__shape__": [3], "__data__": [2664.0, 5799.0, 2969.0]}, "BoxPad": {"__dtype__": "<f8", "__shape__": [3], "__data__": [0.1, 0.1, 0.1]}, "BoxCenter": {"__dtype__": "<f8", "__shape__": [3], "__data__": [2583.541741812053, 43.78943209691988, 888.7221617780145]}, "mesh.resampler": "tsc", "mesh.interlaced": true, "alpha": 0.05031068805995329, "data.norm": 1.8482494169265156, "randoms.norm": 1.848648992500323, "shotnoise": 70215.43817213744, "first.data.N": 141651, "first.data.W": 141651.0,