{"poles": {"dims": ["k"], "edges": [{"__dtype__": "<f8", "__shape__": [46], "__data__": [0.0, 0.005, 0.01, 0.015, 0.02, 0.025, 0.03, 0.035, 0.04, 0.045, 0.05, 0.055, 0.06, 0.065, 0.07, 0.075, 0.08, 0.085, 0.09, 0.095, 0.1, 0.105, 0.11, 0.115, 0.12, 0.125, 0.13, 0.135, 0.14, 0.145, 0.15, 0.155, 0.16, 0.165, 0.17, 0.17500000000000002, 0.18, 0.185, 0.19, 0.195, 0.2, 0.20500000000000002, 0.21, 0.215, 0.22, 0.225]}], "coords": [{"__dtype__": "<f8", "__shape__": [45], "__data__": [0.0025, 0.0075, 0.0125, 0.0175, 0.0225, 0.0275, 0.0325, 0.037500000000000006, 0.042499999999999996, 0.0475, 0.052500000000000005, 0.057499999999999996, 0.0625, 0.0675, 0.07250000000000001, 0.0775, 0.0825, 0.0875, 0.0925, 0.0975, 0.10250000000000001, 0.1075, 0.1125, 0.1175, 0.1225, 0.1275, 0.1325, 0.1375, 0.14250000000000002, 0.1475, 0.1525, 0.1575, 0.1625, 0.1675, 0.17250000000000001, 0.1775, 0.1825, 0.1875, 0.1925, 0.1975, 0.2025, 0.20750000000000002, 0.2125, 0.2175, 0.2225]}], "data": {"__dtype__": [["k", "<f8"], ["power_0", "<c8"], ["modes", "<i8"]], "__shape__": [45], "__data__": [[0.0038140770926132763, {"__complex__": [75334.0546875, -7.842349274318761e-13]}, 167], [0.008049282233550626, {"__complex__": [98680.6171875, -1.2104180776174173e-13]}, 1082], [0.012813101114907055, {"__complex__": [101898.90625, -3.41823500114944e-14]}, 2980], [0.017720394595164765, {"__complex__": [98143.6015625, -1.0025432835790958e-14]}, 5806], [0.022676033049572168, {"__complex__": [98997.9609375, -3.7927218196577225e-14]}, 9592], [0.027653784132991768, {"__complex__": [99980.21875, -5.580500390131929e-15]}, 14342], [0.032632082640308924, {"__complex__": [93260.2890625, -1.2048705708546468e-14]}, 19928], [0.037615815416439664, {"__complex__": [86045.1015625, 1.0806961337102294e-14]}, 26594], [0.04260203958564226, {"__complex__": [89407.4296875, -9.50226293591934e-15]}, 34074], [0.04758778026853516, {"__complex__": [85685.2578125, -9.924871390227033e-15]}, 42520], [0.05257354224823348, {"__complex__": [84180.2578125, -1.400084157801801e-15]}, 51968], [0.057571528842454645, {"__complex__": [82169.2109375, 2.792895267202003e-15]}, 62524], [0.06257204007794352, {"__complex__": [82194.84375, -1.0392391225464044e-14]}, 73688], [0.06756454710134147, {"__complex__": [80509.484375, 3.387002058823801e-15]}, 85928], [0.07255352471015247, {"__complex__": [79138.1640625, 9.050613957015032e-15]}, 98882], [0.07755204073932123, {"__complex__": [77512.0625, -3.969984978507545e-15]}, 113630], [0.08255168389643046, {"__complex__": [76330.6484375, 4.910127598972301e-15]}, 128178], [0.08754843054262285, {"__complex__": [74297.4375, 5.889384930391839e-15]}, 144546], [0.09254424273699825, {"__complex__": [74317.3046875, -1.8963327036317177e-15]}, 161148], [0.09753970410168514, {"__complex__": [72761.5234375, 1.978220884356948e-15]}, 179304], [0.10254005424501653, {"__complex__": [71818.4296875, -2.733915304293502e-15]}, 198272], [0.10753447366370876, {"__complex__": [71359.28125, -3.077957852853333e-15]}, 217478], [0.11253298412979805, {"__complex__": [71568.59375, -1.2171733220728656e-15]}, 239110], [0.11753762664097549, {"__complex__": [71966.375, 5.585761947042036e-16]}, 260518], [0.12253493951682061, {"__complex__": [70502.2421875, 3.269179352344254e-15]}, 282654], [0.12753162925156533, {"__complex__": [69837.9140625, 4.033077921649676e-15]}, 306692], [0.13253063814546057, {"__complex__": [69648.375, -4.397597862286295e-17]}, 330906], [0.1375294957777278, {"__complex__": [69423.984375, 8.581197085613527e-16]}, 356646], [0.1425297849400578, {"__complex__": [68750.5, 0.0]}, 382990], [0.14752642222967904, {"__complex__": [68627.2421875, -1.3939432748133257e-15]}, 409746], [0.15252521890795034, {"__complex__": [68175.171875, 1.6572954001749034e-16]}, 439026], [0.1575267172503055, {"__complex__": [67959.296875, -4.131131726173255e-15]}, 467612], [0.16252545600784898, {"__complex__": [67928.7265625, 4.3833182102845673e-16]}, 497976], [0.167524106850309, {"__complex__": [67709.515625, -1.430628695275383e-15]}, 528928], [0.17252336670462176, {"__complex__": [67393.8828125, 2.8433157504202623e-15]}, 561054], [0.17752280438014387, {"__complex__": [67180.375, 1.1387548000578256e-15]}, 594214], [0.1825221277068057, {"__complex__": [67297.921875, 4.577531747782546e-16]}, 627850], [0.18752320007450013, {"__complex__": [67005.7421875, 1.1843556658062081e-15]}, 663486], [0.19252298854834493, {"__complex__": [66785.5546875, -5.991229736749973e-16]}, 698300], [0.19752131641163231, {"__complex__": [66722.4609375, -1.6322678529845846e-15]}, 735500], [0.20252028299245958, {"__complex__": [66728.8671875, 1.9104065795668215e-15]}, 773144], [0.20751912736570463, {"__complex__": [66237.109375, 4.482135191493622e-16]}, 811662], [0.21251936268873856, {"__complex__": [66225.578125, 7.5168557181587675e-16]}, 851798], [0.2175188345490541, {"__complex__": [65875.1640625, -1.958381334559223e-16]}, 891670], [0.2225173144782455, {"__complex__": [65881.2734375, -1.044676015276593e-15]}, 933283]]}, "attrs": {"poles": [0], "dk": 0.005, "kmin": 0.0, "kmax": null, "Nmesh": {"__dtype__": "<i8", "__shape__": [3], "__data__": [512, 512, 512]}, "BoxSize": {"__dtype__": "<f8", "__shape__": [3], "__data__": [3431.0, 7179.0, 3022.0]}, "BoxPad": {"__dtype__": "<f8", "__shape__": [3], "__data__": [0.1, 0.1, 0.1]}, "BoxCenter": {"__dtype__": "<f8", "__shape__": [3], "__data__": [-1749.6602432381433, 36.336819502645994, 1911.0344959697545]}, "mesh.resampler": "tsc", "mesh.interlaced": true, "alpha": 0.049862967553045486, "data.norm": 3.1937686653351967, "randoms.norm": 3.193054428119969, "shotnoise": 64436.558302431484, "first.data.N": 239795, "first.data.W": 239795.0, "first.data.W2": 206632.1078736222, "first.data.num_per_cell": 0.001539529173624681, "first.randoms.N": 4809080, "first.randoms.W": 4809080.0, "first.randoms.W2": 4143773.0268649845, "first.randoms.num_per_cell": 0.030873514912016575, "first.data.ext": 1, "first.randoms.ext": 1, "second.data.N": 239795, "second.data.W": 239795.0, "second.data.W2": 216893.18725395203, "second.data.num_per_cell": 0.0016159801725592615, "second.randoms.N": 4809080, "second.randoms.W": 4809080.0, "second.randoms.W2": 4348679.222291887, "second.randoms.num_per_cell": 0.032400185035853735, "second.data.ext": 1, "second.randoms.ext": 1}}, "attrs": {"poles": [0], "dk": 0.005, "kmin": 0.0, "kmax": null, "Nmesh": {"__dtype__": "<i8", "__shape__": [3], "__data__": [512, 512, 512]}, "BoxSize": {"__dtype__": "<f8", "__shape__": [3], "__data__": [3431.0, 7179.0, 3022.0]}, "BoxPad": {"__dtype__": "<f8", "__shape__": [3], "__data__": [0.1, 0.1, 0.1]}, "BoxCenter": {"__dtype__": "<f8", "__shape__": [3], "__data__": [-1749.6602432381433, 36.336819502645994, 1911.0344959697545]}, "mesh.resampler": "tsc", "mesh.interlaced": true, "alpha": 0.049862967553045486, "data.norm": 3.1937686653351967, "randoms.norm": 3.193054428119969, "shotnoise": 64436.558302431484, "first.data.N": 239795, "first.data.W": 239795.0, "first.data.W2": 206632.1078736222, "first.data.num_per_cell": 0.001539529173624681, "first.randoms.N": 4809080, "first.randoms.W": 4809080.0, "first.randoms.W2": 4143773.0268649845, "first.randoms.num_per_cell": 0.030873514912016575, "first.data.ext": 1, "first.randoms.ext": 1, "second.data.N": 239795, "second.data.W": 239795.0, "second.data.W2": 216893.18725395203, "second.data.num_per_cell": 0.0016159801725592615, "second.randoms.N": 4809080, "second.randoms.W": 4809080.0, "second.randoms.W2": 4348679.222291887, "second.randoms.num_per_cell": 0.032400185035853735, "second.data.ext": 1, "second.randoms.ext": 1, "p": 1.0, "zmin": 0.8, "zmax": 2.2, "P0_FKP": 30000.0, "z-weighted": true, "hashkeys": ["Nmesh", "P0_FKP", "dk", "kmin", "mesh.window", "mesh.interlaced", "poles", "p", "BoxPad", "zmin", "zmax", "z-weighted"]}}