{"poles": {"dims": ["k"], "edges": [{"__dtype__": "<f8", "__shape__": [46], "__data__": [0.0, 0.005, 0.01, 0.015, 0.02, 0.025, 0.03, 0.035, 0.04, 0.045, 0.05, 0.055, 0.06, 0.065, 0.07, 0.075, 0.08, 0.085, 0.09, 0.095, 0.1, 0.105, 0.11, 0.115, 0.12, 0.125, 0.13, 0.135, 0.14, 0.145, 0.15, 0.155, 0.16, 0.165, 0.17, 0.17500000000000002, 0.18, 0.185, 0.19, 0.195, 0.2, 0.20500000000000002, 0.21, 0.215, 0.22, 0.225]}], "coords": [{"__dtype__": "<f8", "__shape__": [45], "__data__": [0.0025, 0.0075, 0.0125, 0.0175, 0.0225, 0.0275, 0.0325, 0.037500000000000006, 0.042499999999999996, 0.0475, 0.052500000000000005, 0.057499999999999996, 0.0625, 0.0675, 0.07250000000000001, 0.0775, 0.0825, 0.0875, 0.0925, 0.0975, 0.10250000000000001, 0.1075, 0.1125, 0.1175, 0.1225, 0.1275, 0.1325, 0.1375, 0.14250000000000002, 0.1475, 0.1525, 0.1575, 0.1625, 0.1675, 0.17250000000000001, 0.1775, 0.1825, 0.1875, 0.1925, 0.1975, 0.2025, 0.20750000000000002, 0.2125, 0.2175, 0.2225]}], "data": {"__dtype__": [["k", "<f8"], ["power_0", "<c8"], ["modes", "<i8"]], "__shape__": [45], "__data__": [[0.0038144810732448275, {"__complex__": [-86635.0234375, -1.045646642189313e-12]}, 167], [0.00805035055689618, {"__complex__": [-107969.6484375, 3.2277815403131127e-13]}, 1082], [0.012814702224809906, {"__complex__": [-141875.515625, 9.766386104784891e-14]}, 2980], [0.017722599348368298, {"__complex__": [-132303.25, 6.516531427967417e-14]}, 5806], [0.02267702401532101, {"__complex__": [-135921.984375, 6.073420202358255e-15]}, 9584], [0.02765706178375954, {"__complex__": [-127518.546875, -2.4324136726084494e-14]}, 14358], [0.03263630560546032, {"__complex__": [-117647.375, 0.0]}, 19912], [0.037614031288137846, {"__complex__": [-114291.828125, 4.386740604556301e-14]}, 26538], [0.04259941379431477, {"__complex__": [-113156.5, -3.030404025590114e-14]}, 34094], [0.047590020617542916, {"__complex__": [-108025.4609375, 8.209053689632942e-15]}, 42544], [0.052577103717609895, {"__complex__": [-108691.265625, -1.680877273882496e-15]}, 51944], [0.05757357535114048, {"__complex__": [-102974.8046875, -1.4905931645784777e-14]}, 62480], [0.06257094116765652, {"__complex__": [-104623.171875, 7.31589810433475e-15]}, 73596], [0.0675634867379055, {"__complex__": [-102005.609375, 3.385741038523576e-15]}, 85960], [0.0725556209635668, {"__complex__": [-99583.21875, -3.2959505486202315e-14]}, 98898], [0.07755435345591923, {"__complex__": [-99125.7578125, -1.0508278038142641e-14]}, 113554], [0.08255319725122706, {"__complex__": [-96015.1484375, -9.369355843198614e-15]}, 128134], [0.08754778534805391, {"__complex__": [-95938.4375, 4.2333135457652774e-15]}, 144374], [0.09254471465042705, {"__complex__": [-94841.9921875, 8.707184448550776e-15]}, 161276], [0.0975420419011188, {"__complex__": [-93551.9140625, 8.446438908265696e-15]}, 179176], [0.10254221913346341, {"__complex__": [-91870.3125, -1.8202004505962592e-14]}, 198268], [0.10753643233936919, {"__complex__": [-92139.90625, 1.4631064372203073e-14]}, 217318], [0.11253328310759081, {"__complex__": [-91426.953125, 6.820506226451863e-15]}, 238958], [0.11753664061748599, {"__complex__": [-91376.4609375, -1.3414685249397377e-15]}, 260346], [0.12253391236301422, {"__complex__": [-90244.65625, 5.3550799353956156e-15]}, 282610], [0.12753132476755868, {"__complex__": [-88676.1875, 3.7969772284814334e-15]}, 306600], [0.132530595234709, {"__complex__": [-87873.6796875, 3.1675339163660804e-15]}, 330774], [0.1375288759833391, {"__complex__": [-87472.0703125, -1.1267831963703359e-14]}, 356442], [0.14253041807964492, {"__complex__": [-87655.46875, -1.1091572877709212e-14]}, 383098], [0.1475276951771564, {"__complex__": [-86665.890625, 1.9902290586919355e-15]}, 409454], [0.15252656559415947, {"__complex__": [-87157.1484375, 6.629241951797106e-15]}, 439022], [0.1575288611236748, {"__complex__": [-85495.96875, 9.588702648186641e-15]}, 467424], [0.16252638812764228, {"__complex__": [-85519.5078125, 2.5734690528751714e-15]}, 497604], [0.16752516987235094, {"__complex__": [-85680.359375, -2.255923177213112e-15]}, 528944], [0.1725238559159914, {"__complex__": [-85208.296875, -1.505802022311255e-15]}, 560506], [0.17752133165764905, {"__complex__": [-84729.6796875, 3.4305181117911946e-16]}, 593866], [0.1825212394174992, {"__complex__": [-84618.015625, -4.838215348783358e-15]}, 627858], [0.1875228639428655, {"__complex__": [-84282.7421875, 5.266644931141938e-16]}, 663128], [0.19252255618616967, {"__complex__": [-84223.8828125, -1.0005413635599076e-15]}, 698114], [0.19752136523987876, {"__complex__": [-84185.7265625, 3.245739197836649e-15]}, 735276], [0.20252053289727742, {"__complex__": [-83753.65625, -1.129713517439274e-16]}, 772864], [0.20752023157503588, {"__complex__": [-83393.71875, 1.6136879735283247e-15]}, 811602], [0.21252093695822843, {"__complex__": [-83617.0546875, -3.9479993913286125e-15]}, 851442], [0.21751884972297303, {"__complex__": [-83485.78125, 1.0209795671279945e-16]}, 890806], [0.22251714219437643, {"__complex__": [-83004.453125, -1.7149007874286883e-15]}, 933413]]}, "attrs": {"poles": [0], "dk": 0.005, "kmin": 0.0, "kmax": null, "Nmesh": {"__dtype__": "<i8", "__shape__": [3], "__data__": [512, 512, 512]}, "BoxSize": {"__dtype__": "<f8", "__shape__": [3], "__data__": [3430.0, 7176.0, 3023.0]}, "BoxPad": {"__dtype__": "<f8", "__shape__": [3], "__data__": [0.1, 0.1, 0.1]}, "BoxCenter": {"__dtype__": "<f8", "__shape__": [3], "__data__": [-1750.0079966169385, 31.671260498023912, 1911.062455857134]}, "mesh.resampler": "tsc", "mesh.interlaced": true, "alpha": 0.049811538913445155, "data.norm": -1.4836325499521754, "randoms.norm": -1.4830719384027495, "shotnoise": 54311.363959526956, "first.data.N": 239528, "first.data.W": 239528.0, "first.data.W2": 206418.84389157657, "first.data.num_per_cell": 0.001537940233138029, "first.randoms.N": 4808685, "first.randoms.W": 4808685.0, "first.randoms.W2": 4144224.765438186, "first.randoms.num_per_cell": 0.03087688062666495, "first.data.ext": 1, "first.randoms.ext": 1, "second.data.N": 239528, "second.data.W": 239528.0, "second.data.W2": -97688.89143825351, "second.data.num_per_cell": -0.0007278389590848499, "second.randoms.N": 4808685, "second.randoms.W": 4808685.0, "second.randoms.W2": -1960558.0358043474, "second.randoms.num_per_cell": -0.014607295660706962, "second.data.ext": 1, "second.randoms.ext": 1}}, "attrs": {"poles": [0], "dk": 0.005, "kmin": 0.0, "kmax": null, "Nmesh": {"__dtype__": "<i8", "__shape__": [3], "__data__": [512, 512, 512]}, "BoxSize": {"__dtype__": "<f8", "__shape__": [3], "__data__": [3430.0, 7176.0, 3023.0]}, "BoxPad": {"__dtype__": "<f8", "__shape__": [3], "__data__": [0.1, 0.1, 0.1]}, "BoxCenter": {"__dtype__": "<f8", "__shape__": [3], "__data__": [-1750.0079966169385, 31.671260498023912, 1911.062455857134]}, "mesh.resampler": "tsc", "mesh.interlaced": true, "alpha": 0.049811538913445155, "data.norm": -1.4836325499521754, "randoms.norm": -1.4830719384027495, "shotnoise": 54311.363959526956, "first.data.N": 239528, "first.data.W": 239528.0, "first.data.W2": 206418.84389157657, "first.data.num_per_cell": 0.001537940233138029, "first.randoms.N": 4808685, "first.randoms.W": 4808685.0, "first.randoms.W2": 4144224.765438186, "first.randoms.num_per_cell": 0.03087688062666495, "first.data.ext": 1, "first.randoms.ext": 1, "second.data.N": 239528, "second.data.W": 239528.0, "second.data.W2": -97688.89143825351, "second.data.num_per_cell": -0.0007278389590848499, "second.randoms.N": 4808685, "second.randoms.W": 4808685.0, "second.randoms.W2": -1960558.0358043474, "second.randoms.num_per_cell": -0.014607295660706962, "second.data.ext": 1, "second.randoms.ext": 1, "p": 3.0, "zmin": 0.8, "zmax": 2.2, "P0_FKP": 30000.0, "z-weighted": true, "hashkeys": ["Nmesh", "P0_FKP", "dk", "kmin", "mesh.window", "mesh.interlaced", "poles", "p", "BoxPad", "zmin", "zmax", "z-weighted"]}}