{"poles": {"dims": ["k"], "edges": [{"__dtype__": "<f8", "__shape__": [46], "__data__": [0.0, 0.005, 0.01, 0.015, 0.02, 0.025, 0.03, 0.035, 0.04, 0.045, 0.05, 0.055, 0.06, 0.065, 0.07, 0.075, 0.08, 0.085, 0.09, 0.095, 0.1, 0.105, 0.11, 0.115, 0.12, 0.125, 0.13, 0.135, 0.14, 0.145, 0.15, 0.155, 0.16, 0.165, 0.17, 0.17500000000000002, 0.18, 0.185, 0.19, 0.195, 0.2, 0.20500000000000002, 0.21, 0.215, 0.22, 0.225]}], "coords": [{"__dtype__": "<f8", "__shape__": [45], "__data__": [0.0025, 0.0075, 0.0125, 0.0175, 0.0225, 0.0275, 0.0325, 0.037500000000000006, 0.042499999999999996, 0.0475, 0.052500000000000005, 0.057499999999999996, 0.0625, 0.0675, 0.07250000000000001, 0.0775, 0.0825, 0.0875, 0.0925, 0.0975, 0.10250000000000001, 0.1075, 0.1125, 0.1175, 0.1225, 0.1275, 0.1325, 0.1375, 0.14250000000000002, 0.1475, 0.1525, 0.1575, 0.1625, 0.1675, 0.17250000000000001, 0.1775, 0.1825, 0.1875, 0.1925, 0.1975, 0.2025, 0.20750000000000002, 0.2125, 0.2175, 0.2225]}], "data": {"__dtype__": [["k", "<f8"], ["power_0", "<c8"], ["modes", "<i8"]], "__shape__": [45], "__data__": [[0.0038178001273826223, {"__complex__": [-84765.3984375, -1.3070583027366411e-13]}, 167], [0.00805717665828955, {"__complex__": [-120311.3359375, -5.379636081222217e-13]}, 1082], [0.012825435390066696, {"__complex__": [-154099.953125, -3.613562899427991e-13]}, 2980], [0.017721838012409764, {"__complex__": [-150362.234375, 1.2113977898055295e-13]}, 5766], [0.02266465876367758, {"__complex__": [-131690.046875, 2.4405728021761712e-14]}, 9540], [0.02764919438281575, {"__complex__": [-129425.5078125, 1.2172242075771719e-14]}, 14346], [0.03263857895830414, {"__complex__": [-122321.5546875, -2.3397713074749943e-14]}, 19902], [0.03761178629942131, {"__complex__": [-123516.46875, 8.824690788224523e-15]}, 26384], [0.04260541086256983, {"__complex__": [-112613.578125, -6.806719494685878e-14]}, 34206], [0.04759667305736796, {"__complex__": [-108481.78125, -4.132110303337218e-14]}, 42260], [0.05258077427318247, {"__complex__": [-106593.53125, 1.2320267012535038e-14]}, 51970], [0.0575783597211913, {"__complex__": [-107003.6640625, -1.357323795866212e-14]}, 62182], [0.06257022591421962, {"__complex__": [-103014.6953125, 2.774662417144233e-14]}, 73424], [0.06756338435008401, {"__complex__": [-103873.265625, -1.9856017600527326e-14]}, 85746], [0.07255804937902863, {"__complex__": [-101011.7421875, -2.0631816770983434e-14]}, 98744], [0.07755432502878787, {"__complex__": [-100504.546875, 7.07890675602247e-15]}, 113062], [0.08254952050076564, {"__complex__": [-97716.828125, 4.097912788047836e-15]}, 127838], [0.0875476567592511, {"__complex__": [-96861.3359375, -7.671440183944743e-15]}, 144164], [0.09254192915455191, {"__complex__": [-94912.9453125, 2.9005572629078186e-14]}, 160542], [0.09753763242713347, {"__complex__": [-93371.421875, -1.3177840437784971e-14]}, 178892], [0.10253815983260967, {"__complex__": [-90689.515625, 1.472850958355405e-15]}, 197602], [0.10753789303956596, {"__complex__": [-92030.5234375, -2.275598270270172e-15]}, 217422], [0.11253932618264934, {"__complex__": [-90394.1953125, -6.708134600504371e-15]}, 238080], [0.11753688790301427, {"__complex__": [-90127.8828125, 3.589880213976599e-15]}, 259430], [0.1225328409444526, {"__complex__": [-89751.34375, 3.921236538327166e-15]}, 282040], [0.1275347168076527, {"__complex__": [-89865.875, -7.889690081266075e-15]}, 306174], [0.13253214745781636, {"__complex__": [-89132.4921875, -7.686851101387088e-15]}, 329398], [0.13752966396485136, {"__complex__": [-88224.703125, 6.69407385357995e-15]}, 355968], [0.14253055177429677, {"__complex__": [-87361.09375, 5.872043624862702e-15]}, 381638], [0.14752810542777853, {"__complex__": [-86442.5546875, -2.846758092317904e-16]}, 408940], [0.15252910465240668, {"__complex__": [-86311.1484375, -3.1915157484434546e-15]}, 437718], [0.15752734312484443, {"__complex__": [-86375.390625, -1.5620951173017265e-16]}, 465782], [0.1625251557474778, {"__complex__": [-85252.4609375, 1.6402068810409624e-15]}, 496832], [0.16752630070990138, {"__complex__": [-85065.1171875, -4.192920238576614e-15]}, 527530], [0.17252425368278126, {"__complex__": [-85529.390625, 1.4576173884363916e-15]}, 559068], [0.17752023785078486, {"__complex__": [-85842.640625, -1.2780663088927404e-15]}, 592066], [0.1825207810659199, {"__complex__": [-84362.7578125, -5.155131878965607e-15]}, 626662], [0.187520313797775, {"__complex__": [-85073.7421875, -1.7625438760826806e-16]}, 660496], [0.19251797303335122, {"__complex__": [-84988.2421875, 6.683832695852053e-16]}, 696698], [0.1975179741289187, {"__complex__": [-84896.7578125, -5.436660219644519e-15]}, 733396], [0.2025190875668099, {"__complex__": [-84360.4609375, 3.772672570972037e-16]}, 771438], [0.20752067566796553, {"__complex__": [-84020.078125, 9.34674705152874e-16]}, 809586], [0.21251898912201478, {"__complex__": [-83904.40625, -1.372071401807562e-15]}, 848464], [0.21751779286493442, {"__complex__": [-83669.71875, -3.598210518315049e-16]}, 889726], [0.22251848025658413, {"__complex__": [-83825.890625, 2.6585666943771075e-16]}, 930511]]}, "attrs": {"poles": [0], "dk": 0.005, "kmin": 0.0, "kmax": null, "Nmesh": {"__dtype__": "<i8", "__shape__": [3], "__data__": [512, 512, 512]}, "BoxSize": {"__dtype__": "<f8", "__shape__": [3], "__data__": [3419.0, 7188.0, 3020.0]}, "BoxPad": {"__dtype__": "<f8", "__shape__": [3], "__data__": [0.1, 0.1, 0.1]}, "BoxCenter": {"__dtype__": "<f8", "__shape__": [3], "__data__": [-1748.0107195992202, 39.02669445546394, 1912.9344359407683]}, "mesh.resampler": "tsc", "mesh.interlaced": true, "alpha": 0.049840464918922064, "data.norm": -1.4887255342832928, "randoms.norm": -1.488637322703175, "shotnoise": 54333.979052328505, "first.data.N": 239619, "first.data.W": 239619.0, "first.data.W2": 206402.35667047615, "first.data.num_per_cell": 0.001537817393768401, "first.randoms.N": 4807720, "first.randoms.W": 4807720.0, "first.randoms.W2": 4141233.3878991506, "first.randoms.num_per_cell": 0.03085459312721454, "first.data.ext": 1, "first.randoms.ext": 1, "second.data.N": 239619, "second.data.W": 239619.0, "second.data.W2": -98064.71121937409, "second.data.num_per_cell": -0.000730639034654007, "second.randoms.N": 4807720, "second.randoms.W": 4807720.0, "second.randoms.W2": -1967395.533837408, "second.randoms.num_per_cell": -0.01465823899088359, "second.data.ext": 1, "second.randoms.ext": 1}}, "attrs": {"poles": [0], "dk": 0.005, "kmin": 0.0, "kmax": null, "Nmesh": {"__dtype__": "<i8", "__shape__": [3], "__data__": [512, 512, 512]}, "BoxSize": {"__dtype__": "<f8", "__shape__": [3], "__data__": [3419.0, 7188.0, 3020.0]}, "BoxPad": {"__dtype__": "<f8", "__shape__": [3], "__data__": [0.1, 0.1, 0.1]}, "BoxCenter": {"__dtype__": "<f8", "__shape__": [3], "__data__": [-1748.0107195992202, 39.02669445546394, 1912.9344359407683]}, "mesh.resampler": "tsc", "mesh.interlaced": true, "alpha": 0.049840464918922064, "data.norm": -1.4887255342832928, "randoms.norm": -1.488637322703175, "shotnoise": 54333.979052328505, "first.data.N": 239619, "first.data.W": 239619.0, "first.data.W2": 206402.35667047615, "first.data.num_per_cell": 0.001537817393768401, "first.randoms.N": 4807720, "first.randoms.W": 4807720.0, "first.randoms.W2": 4141233.3878991506, "first.randoms.num_per_cell": 0.03085459312721454, "first.data.ext": 1, "first.randoms.ext": 1, "second.data.N": 239619, "second.data.W": 239619.0, "second.data.W2": -98064.71121937409, "second.data.num_per_cell": -0.000730639034654007, "second.randoms.N": 4807720, "second.randoms.W": 4807720.0, "second.randoms.W2": -1967395.533837408, "second.randoms.num_per_cell": -0.01465823899088359, "second.data.ext": 1, "second.randoms.ext": 1, "p": 3.0, "zmin": 0.8, "zmax": 2.2, "P0_FKP": 30000.0, "z-weighted": true, "hashkeys": ["Nmesh", "P0_FKP", "dk", "kmin", "mesh.window", "mesh.interlaced", "poles", "p", "BoxPad", "zmin", "zmax", "z-weighted"]}}