{"poles": {"dims": ["k"], "edges": [{"__dtype__": "<f8", "__shape__": [57], "__data__": [0.0, 0.005, 0.01, 0.015, 0.02, 0.025, 0.03, 0.035, 0.04, 0.045, 0.05, 0.055, 0.06, 0.065, 0.07, 0.075, 0.08, 0.085, 0.09, 0.095, 0.1, 0.105, 0.11, 0.115, 0.12, 0.125, 0.13, 0.135, 0.14, 0.145, 0.15, 0.155, 0.16, 0.165, 0.17, 0.17500000000000002, 0.18, 0.185, 0.19, 0.195, 0.2, 0.20500000000000002, 0.21, 0.215, 0.22, 0.225, 0.23, 0.23500000000000001, 0.24, 0.245, 0.25, 0.255, 0.26, 0.265, 0.27, 0.275, 0.28]}], "coords": [{"__dtype__": "<f8", "__shape__": [56], "__data__": [0.0025, 0.0075, 0.0125, 0.0175, 0.0225, 0.0275, 0.0325, 0.037500000000000006, 0.042499999999999996, 0.0475, 0.052500000000000005, 0.057499999999999996, 0.0625, 0.0675, 0.07250000000000001, 0.0775, 0.0825, 0.0875, 0.0925, 0.0975, 0.10250000000000001, 0.1075, 0.1125, 0.1175, 0.1225, 0.1275, 0.1325, 0.1375, 0.14250000000000002, 0.1475, 0.1525, 0.1575, 0.1625, 0.1675, 0.17250000000000001, 0.1775, 0.1825, 0.1875, 0.1925, 0.1975, 0.2025, 0.20750000000000002, 0.2125, 0.2175, 0.2225, 0.2275, 0.2325, 0.2375, 0.2425, 0.2475, 0.2525, 0.2575, 0.2625, 0.2675, 0.2725, 0.2775]}], "data": {"__dtype__": [["k", "<f8"], ["power_0", "<c8"], ["modes", "<i8"]], "__shape__": [56], "__data__": [[0.003818912909851183, {"__complex__": [108761.734375, -2.8815673263314634e-13]}, 101], [0.008107927489726535, {"__complex__": [105512.578125, -4.007049141281638e-13]}, 690], [0.01289172475433121, {"__complex__": [101910.4375, -1.2218564105371393e-13]}, 1846], [0.01777862578155356, {"__complex__": [108931.71875, 1.3421274996320426e-13]}, 3578], [0.02268913659035629, {"__complex__": [106941.9453125, 4.7392248952267055e-14]}, 5834], [0.027643723816103773, {"__complex__": [107187.796875, 1.8177499842798525e-14]}, 8806], [0.03262409454703369, {"__complex__": [95895.671875, 8.307242595911608e-15]}, 12262], [0.037608493442808394, {"__complex__": [99217.6484375, 1.7820126901473042e-15]}, 16332], [0.04261019204707596, {"__complex__": [94161.578125, 8.637996997474032e-16]}, 21058], [0.047601242044740304, {"__complex__": [90294.25, 7.519362194528811e-15]}, 26126], [0.05257747338671124, {"__complex__": [90435.984375, 1.6455237915541723e-14]}, 31836], [0.057567848562797494, {"__complex__": [87692.0, 9.656339923090791e-15]}, 38428], [0.06256739000813469, {"__complex__": [88210.328125, -1.2843702457235621e-15]}, 45320], [0.06756106469425076, {"__complex__": [86251.3359375, 5.515849965158034e-16]}, 52764], [0.07255158483399929, {"__complex__": [83646.671875, -1.9715128069311676e-15]}, 60894], [0.07754739283680377, {"__complex__": [83364.5703125, 2.1939450988361572e-14]}, 69644], [0.08254589283857657, {"__complex__": [82745.84375, 7.561640150025115e-15]}, 78902], [0.08754832076174944, {"__complex__": [81779.3125, -4.7848768370618074e-15]}, 88956], [0.09254749405049217, {"__complex__": [80614.6796875, 1.5055731116572595e-15]}, 99070], [0.097543705279217, {"__complex__": [78055.1875, -2.7713408197932226e-15]}, 110268], [0.10254604048009004, {"__complex__": [78282.15625, 1.1781792074339482e-15]}, 121968], [0.10754235552653336, {"__complex__": [77449.40625, 5.660445053759684e-15]}, 133682], [0.11253583720538114, {"__complex__": [77295.453125, -6.248522241346453e-15]}, 146718], [0.1175364715797173, {"__complex__": [75832.4609375, -4.088382132144008e-16]}, 160170], [0.12253416149259486, {"__complex__": [75947.6484375, 1.4971882266332707e-15]}, 173736], [0.12753181763244648, {"__complex__": [75765.78125, 8.101972843232237e-16]}, 188590], [0.13252999678595076, {"__complex__": [75436.2890625, 7.873715992792925e-16]}, 203298], [0.13752661782074727, {"__complex__": [75976.7265625, -4.23372139212938e-15]}, 219118], [0.14252678042041875, {"__complex__": [74939.7734375, 5.1132092537906765e-15]}, 235502], [0.14752769116001335, {"__complex__": [75493.6953125, -1.485572228552862e-15]}, 252234], [0.1525294909192783, {"__complex__": [74545.59375, 2.1577412589562613e-16]}, 269762], [0.1575298541596403, {"__complex__": [73051.2109375, 3.5427546889231585e-15]}, 287526], [0.16252494648355054, {"__complex__": [72758.4375, 2.738204732077957e-16]}, 305578], [0.16752161267632792, {"__complex__": [73799.296875, -3.578882338189449e-15]}, 325284], [0.17252286701402872, {"__complex__": [73713.171875, -1.7288268561144963e-15]}, 345106], [0.17752673791615095, {"__complex__": [73503.8046875, -1.552318954192093e-15]}, 365598], [0.18252886853301928, {"__complex__": [72782.921875, -1.7525525666044445e-15]}, 386102], [0.18752691129529855, {"__complex__": [73020.5078125, 1.3543651309572764e-15]}, 407282], [0.1925222375784782, {"__complex__": [73288.65625, 8.141349287367722e-16]}, 428978], [0.19751851915706647, {"__complex__": [72716.8125, -1.2231475513289685e-15]}, 452090], [0.20251761724236111, {"__complex__": [72251.171875, 1.883408039647801e-15]}, 475172], [0.20751604256882447, {"__complex__": [72713.328125, 3.3545217863679467e-16]}, 498870], [0.21251668178182045, {"__complex__": [72030.75, -2.444682140168128e-15]}, 523818], [0.21751850149864005, {"__complex__": [72070.921875, -2.468225632695298e-15]}, 548300], [0.2225186353838987, {"__complex__": [72216.75, -9.254814330598494e-16]}, 573912], [0.22751851529734246, {"__complex__": [72099.8828125, -7.156504608990739e-16]}, 599848], [0.2325177301656348, {"__complex__": [71299.90625, 1.788720555814848e-15]}, 626424], [0.23751880264527345, {"__complex__": [71401.375, -1.0536694934731839e-15]}, 654282], [0.24251959643456888, {"__complex__": [71876.3671875, 2.039429390949675e-15]}, 681420], [0.24751689835313392, {"__complex__": [71559.0625, -3.7947533964179765e-16]}, 709428], [0.2525145451762738, {"__complex__": [71512.4140625, 1.979276287409227e-15]}, 738890], [0.25751429152620214, {"__complex__": [71473.6953125, 1.3442195820733012e-15]}, 768614], [0.26251585522932475, {"__complex__": [71375.265625, 2.9366297703292427e-15]}, 799044], [0.26751652772793866, {"__complex__": [71194.640625, -4.0355119237631706e-16]}, 829372], [0.2725150414805754, {"__complex__": [70717.109375, -1.065727325114704e-15]}, 860230], [0.27751113244188913, {"__complex__": [71283.2421875, -2.3353064697550748e-15]}, 891071]]}, "attrs": {"poles": [0], "dk": 0.005, "kmin": 0.0, "kmax": null, "Nmesh": {"__dtype__": "<i8", "__shape__": [3], "__data__": [512, 512, 512]}, "BoxSize": {"__dtype__": "<f8", "__shape__": [3], "__data__": [2663.0, 5789.0, 2968.0]}, "BoxPad": {"__dtype__": "<f8", "__shape__": [3], "__data__": [0.1, 0.1, 0.1]}, "BoxCenter": {"__dtype__": "<f8", "__shape__": [3], "__data__": [2583.7071059621485, 39.5611025536482, 890.969066441487]}, "mesh.resampler": "tsc", "mesh.interlaced": true, "alpha": 0.0501466839067459, "data.norm": 1.8434322017385063, "randoms.norm": 1.8440114210993408, "shotnoise": 70176.57245491432, "first.data.N": 141209, "first.data.W": 141209.0, "first.data.W2": 125795.77576493802, "first.data.num_per_cell": 0.000937251566089228, "first.randoms.N": 2815919, "first.randoms.W": 2815919.0, "first.randoms.W2": 2508807.2061787765, "first.randoms.num_per_cell": 0.01869207029177827, "first.data.ext": 1, "first.randoms.ext": 1, "second.data.N": 141209, "second.data.W": 141209.0, "second.data.W2": 132616.3849823773, "second.data.num_per_cell": 0.0009880690647838808, "second.randoms.N": 2815919, "second.randoms.W": 2815919.0, "second.randoms.W2": 2645509.272372484, "second.randoms.num_per_cell": 0.019710580053720506, "second.data.ext": 1, "second.randoms.ext": 1}}, "attrs": {"poles": [0], "dk": 0.005, "kmin": 0.0, "kmax": null, "Nmesh": {"__dtype__": "<i8", "__shape__": [3], "__data__": [512, 512, 512]}, "BoxSize": {"__dtype__": "<f8", "__shape__": [3], "__data__": [2663.0, 5789.0, 2968.0]}, "BoxPad": {"__dtype__": "<f8", "__shape__": [3], "__data__": [0.1, 0.1, 0.1]}, "BoxCenter": {"__dtype__": "<f8", "__shape__": [3], "__data__": [2583.7071059621485, 39.5611025536482, 890.969066441487]}, "mesh.resampler": "tsc", "mesh.interlaced": true, "alpha": 0.0501466839067459, "data.norm": 1.8434322017385063, "randoms.norm": 1.8440114210993408,