{"poles": {"dims": ["k"], "edges": [{"__dtype__": "<f8", "__shape__": [46], "__data__": [0.0, 0.005, 0.01, 0.015, 0.02, 0.025, 0.03, 0.035, 0.04, 0.045, 0.05, 0.055, 0.06, 0.065, 0.07, 0.075, 0.08, 0.085, 0.09, 0.095, 0.1, 0.105, 0.11, 0.115, 0.12, 0.125, 0.13, 0.135, 0.14, 0.145, 0.15, 0.155, 0.16, 0.165, 0.17, 0.17500000000000002, 0.18, 0.185, 0.19, 0.195, 0.2, 0.20500000000000002, 0.21, 0.215, 0.22, 0.225]}], "coords": [{"__dtype__": "<f8", "__shape__": [45], "__data__": [0.0025, 0.0075, 0.0125, 0.0175, 0.0225, 0.0275, 0.0325, 0.037500000000000006, 0.042499999999999996, 0.0475, 0.052500000000000005, 0.057499999999999996, 0.0625, 0.0675, 0.07250000000000001, 0.0775, 0.0825, 0.0875, 0.0925, 0.0975, 0.10250000000000001, 0.1075, 0.1125, 0.1175, 0.1225, 0.1275, 0.1325, 0.1375, 0.14250000000000002, 0.1475, 0.1525, 0.1575, 0.1625, 0.1675, 0.17250000000000001, 0.1775, 0.1825, 0.1875, 0.1925, 0.1975, 0.2025, 0.20750000000000002, 0.2125, 0.2175, 0.2225]}], "data": {"__dtype__": [["k", "<f8"], ["power_0", "<c8"], ["modes", "<i8"]], "__shape__": [45], "__data__": [[0.0038175671005558063, {"__complex__": [111399.1484375, -8.713722018244274e-14]}, 167], [0.008056195617580267, {"__complex__": [104983.671875, -4.841672310469669e-13]}, 1082], [0.012824158872030384, {"__complex__": [101238.59375, -2.9299157636728315e-14]}, 2980], [0.01771846332138119, {"__complex__": [107292.4921875, 8.081591494103757e-14]}, 5762], [0.02266192452407276, {"__complex__": [106425.4296875, -3.657791842852365e-14]}, 9548], [0.027649104017692598, {"__complex__": [100451.109375, -3.1427432948790204e-14]}, 14354], [0.03263818142778375, {"__complex__": [99864.953125, -3.655892879687915e-15]}, 19902], [0.03761087817860833, {"__complex__": [92091.96875, 4.74183341789107e-14]}, 26392], [0.04260215124401965, {"__complex__": [88703.34375, 2.7245993818297148e-14]}, 34182], [0.04759471558161988, {"__complex__": [88039.0703125, 4.4696837648173365e-14]}, 42324], [0.05257827167082529, {"__complex__": [86654.75, -2.5792320956417002e-14]}, 51906], [0.057576235078418546, {"__complex__": [85502.1171875, 1.168002953605635e-14]}, 62294], [0.06257220137311575, {"__complex__": [84263.4375, -2.2285468605996164e-16]}, 73460], [0.06756501131898406, {"__complex__": [81594.453125, 1.6629984200692075e-14]}, 85754], [0.07255843271514842, {"__complex__": [80673.0625, -1.8418280128302552e-16]}, 98760], [0.07755522056087355, {"__complex__": [80742.828125, -2.5725097351228467e-16]}, 113134], [0.08255304002861148, {"__complex__": [79733.1875, -5.912362393152007e-15]}, 127986], [0.08754814976488094, {"__complex__": [78058.78125, -3.033039060385727e-15]}, 143934], [0.0925415790339951, {"__complex__": [76714.875, 0.0]}, 160832], [0.09754029297536068, {"__complex__": [75139.2890625, -2.9278197806448508e-15]}, 178928], [0.1025396673972687, {"__complex__": [74841.984375, 2.2093660112672796e-15]}, 197594], [0.1075371741009785, {"__complex__": [73743.8671875, 7.363313526414388e-16]}, 217390], [0.11253460568286607, {"__complex__": [73647.578125, -3.425937834068476e-15]}, 237864], [0.11753466935701484, {"__complex__": [72606.3984375, 3.8614089071967e-15]}, 260030], [0.12253530580869972, {"__complex__": [72640.6015625, -2.1148339579801475e-15]}, 282116], [0.12753400953136057, {"__complex__": [72660.046875, 5.708387118574278e-15]}, 305906], [0.13253122146310944, {"__complex__": [72000.5546875, -1.8528816075034666e-15]}, 329854], [0.13753092811230885, {"__complex__": [71593.921875, 1.6350283333596864e-15]}, 356004], [0.14253081336656093, {"__complex__": [71490.5, -1.5630905663032075e-15]}, 381698], [0.14752579966336135, {"__complex__": [71813.625, 6.40840246299778e-16]}, 408736], [0.1525261991190146, {"__complex__": [71090.7265625, 1.1959659464142228e-15]}, 438030], [0.15752744918931033, {"__complex__": [70571.8984375, 2.0284764079087298e-15]}, 466298], [0.16252463316817223, {"__complex__": [69937.4375, 7.620645312163797e-16]}, 496480], [0.16752684499079357, {"__complex__": [69840.4921875, 3.359511181004189e-15]}, 528450], [0.17252512212341134, {"__complex__": [69511.1875, -1.2179830855704407e-15]}, 558548], [0.17752184521336514, {"__complex__": [69828.34375, -1.3984771245426227e-15]}, 593116], [0.18252328080344, {"__complex__": [69733.046875, -1.1268918918732923e-15]}, 626296], [0.18752229047128233, {"__complex__": [69624.3125, 1.2986492095110199e-15]}, 661120], [0.19252090519077059, {"__complex__": [68902.953125, 1.441027718768824e-15]}, 696782], [0.19751904282604352, {"__complex__": [69441.53125, 1.339491232403491e-15]}, 733304], [0.2025199053696705, {"__complex__": [68840.4375, -2.224515830803633e-15]}, 771910], [0.20752043957954597, {"__complex__": [69191.3359375, 0.0]}, 809318], [0.2125194283611164, {"__complex__": [68822.6171875, -8.565936198881964e-16]}, 849406], [0.2175183175626921, {"__complex__": [68225.4609375, -1.946930640252427e-15]}, 889440], [0.22251654804220997, {"__complex__": [68351.0078125, -1.1573231386901792e-15]}, 930459]]}, "attrs": {"poles": [0], "dk": 0.005, "kmin": 0.0, "kmax": null, "Nmesh": {"__dtype__": "<i8", "__shape__": [3], "__data__": [512, 512, 512]}, "BoxSize": {"__dtype__": "<f8", "__shape__": [3], "__data__": [3423.0, 7189.0, 3017.0]}, "BoxPad": {"__dtype__": "<f8", "__shape__": [3], "__data__": [0.1, 0.1, 0.1]}, "BoxCenter": {"__dtype__": "<f8", "__shape__": [3], "__data__": [-1747.8249713386724, 39.03690306414137, 1914.1372909303996]}, "mesh.resampler": "tsc", "mesh.interlaced": true, "alpha": 0.05002128020994533, "data.norm": 1.791489122882231, "randoms.norm": 1.7915883092685911, "shotnoise": 66857.56552627643, "first.data.N": 240584, "first.data.W": 240584.0, "first.data.W2": 207218.2921352712, "first.data.num_per_cell": 0.001543896586710745, "first.randoms.N": 4809633, "first.randoms.W": 4809633.0, "first.randoms.W2": 4142730.4442941425, "first.randoms.num_per_cell": 0.030865747066543568, "first.data.ext": 1, "first.randoms.ext": 1, "second.data.N": 240584, "second.data.W": 240584.0, "second.data.W2": 122503.16760558021, "second.data.num_per_cell": 0.0009127197236238436, "second.randoms.N": 4809633, "second.randoms.W": 4809633.0, "second.randoms.W2": 2449301.671788649, "second.randoms.num_per_cell": 0.018248719511841604, "second.data.ext": 1, "second.randoms.ext": 1}}, "attrs": {"poles": [0], "dk": 0.005, "kmin": 0.0, "kmax": null, "Nmesh": {"__dtype__": "<i8", "__shape__": [3], "__data__": [512, 512, 512]}, "BoxSize": {"__dtype__": "<f8", "__shape__": [3], "__data__": [3423.0, 7189.0, 3017.0]}, "BoxPad": {"__dtype__": "<f8", "__shape__": [3], "__data__": [0.1, 0.1, 0.1]}, "BoxCenter": {"__dtype__": "<f8", "__shape__": [3], "__data__": [-1747.8249713386724, 39.03690306414137, 1914.1372909303996]}, "mesh.resampler": "tsc", "mesh.interlaced": true, "alpha": 0.05002128020994533, "data.norm": 1.791489122882231, "randoms.norm": 1.7915883092685911, "shotnoise": 66857.56552627643, "first.data.N": 240584, "first.data.W": 240584.0, "first.data.W2": 207218.2921352712, "first.data.num_per_cell": 0.001543896586710745, "first.randoms.N": 4809633, "first.randoms.W": 4809633.0, "first.randoms.W2": 4142730.4442941425, "first.randoms.num_per_cell": 0.030865747066543568, "first.data.ext": 1, "first.randoms.ext": 1, "second.data.N": 240584, "second.data.W": 240584.0, "second.data.W2": 122503.16760558021, "second.data.num_per_cell": 0.0009127197236238436, "second.randoms.N": 4809633, "second.randoms.W": 4809633.0, "second.randoms.W2": 2449301.671788649, "second.randoms.num_per_cell": 0.018248719511841604, "second.data.ext": 1, "second.randoms.ext": 1, "p": 1.6, "zmin": 0.8, "zmax": 2.2, "P0_FKP": 30000.0, "z-weighted": true, "hashkeys": ["Nmesh", "P0_FKP", "dk", "kmin", "mesh.window", "mesh.interlaced", "poles", "p", "BoxPad", "zmin", "zmax", "z-weighted"]}}