{"poles": {"dims": ["k"], "edges": [{"__dtype__": "<f8", "__shape__": [46], "__data__": [0.0, 0.005, 0.01, 0.015, 0.02, 0.025, 0.03, 0.035, 0.04, 0.045, 0.05, 0.055, 0.06, 0.065, 0.07, 0.075, 0.08, 0.085, 0.09, 0.095, 0.1, 0.105, 0.11, 0.115, 0.12, 0.125, 0.13, 0.135, 0.14, 0.145, 0.15, 0.155, 0.16, 0.165, 0.17, 0.17500000000000002, 0.18, 0.185, 0.19, 0.195, 0.2, 0.20500000000000002, 0.21, 0.215, 0.22, 0.225]}], "coords": [{"__dtype__": "<f8", "__shape__": [45], "__data__": [0.0025, 0.0075, 0.0125, 0.0175, 0.0225, 0.0275, 0.0325, 0.037500000000000006, 0.042499999999999996, 0.0475, 0.052500000000000005, 0.057499999999999996, 0.0625, 0.0675, 0.07250000000000001, 0.0775, 0.0825, 0.0875, 0.0925, 0.0975, 0.10250000000000001, 0.1075, 0.1125, 0.1175, 0.1225, 0.1275, 0.1325, 0.1375, 0.14250000000000002, 0.1475, 0.1525, 0.1575, 0.1625, 0.1675, 0.17250000000000001, 0.1775, 0.1825, 0.1875, 0.1925, 0.1975, 0.2025, 0.20750000000000002, 0.2125, 0.2175, 0.2225]}], "data": {"__dtype__": [["k", "<f8"], ["power_0", "<c8"], ["modes", "<i8"]], "__shape__": [45], "__data__": [[0.003813004822914466, {"__complex__": [-81171.859375, 3.4854888072977097e-13]}, 167], [0.008046704574660795, {"__complex__": [-139156.03125, -1.6138907701565564e-13]}, 1082], [0.012809120659812176, {"__complex__": [-130199.609375, 1.2696301529644544e-13]}, 2980], [0.01771492181749254, {"__complex__": [-134695.578125, 7.519074203326745e-14]}, 5806], [0.02267374854259733, {"__complex__": [-131935.1875, 5.298762324095277e-14]}, 9612], [0.027653486020352912, {"__complex__": [-127729.75, 9.532264842911087e-14]}, 14350], [0.03263012143804617, {"__complex__": [-119305.671875, 9.926073499385776e-14]}, 19938], [0.037611411226602325, {"__complex__": [-118544.0234375, -1.7508696180173686e-14]}, 26596], [0.042599156984344994, {"__complex__": [-115673.8125, 2.2165903552744115e-14]}, 34138], [0.04758581803876799, {"__complex__": [-110667.078125, -1.2317054216566103e-14]}, 42532], [0.05257130488356564, {"__complex__": [-107393.4140625, 1.0627552135577308e-14]}, 52032], [0.05756860827760753, {"__complex__": [-105868.328125, -4.653634587598911e-15]}, 62540], [0.06256938758238573, {"__complex__": [-103649.5, 1.3606186693277365e-14]}, 73796], [0.06756282134141386, {"__complex__": [-101732.15625, -2.0308304395240916e-14]}, 85986], [0.0725529948764121, {"__complex__": [-103268.546875, 9.403879212062805e-15]}, 99036], [0.07755239190564855, {"__complex__": [-99891.84375, -9.981614974396546e-15]}, 113714], [0.08255197470042987, {"__complex__": [-95502.65625, 1.723757448628474e-14]}, 128318], [0.08754938168115695, {"__complex__": [-96626.8515625, -1.7297608793454336e-14]}, 144698], [0.09254559371076614, {"__complex__": [-93969.15625, 3.4278855863306874e-15]}, 161316], [0.09754144683807683, {"__complex__": [-92300.296875, 7.458529135289955e-15]}, 179496], [0.10253969378003146, {"__complex__": [-91922.0, -4.6972440788882984e-15]}, 198270], [0.1075332810232059, {"__complex__": [-91243.46875, -4.275966313340741e-15]}, 217804], [0.11253162409823521, {"__complex__": [-90007.8828125, -8.882838753020584e-15]}, 239178], [0.11753472808198312, {"__complex__": [-89465.2578125, 4.0181701417780005e-15]}, 260750], [0.12253255905620056, {"__complex__": [-90076.8359375, -7.096940087469514e-15]}, 282962], [0.12753062099930917, {"__complex__": [-88783.21875, 3.222406828271582e-15]}, 307078], [0.13253131990801895, {"__complex__": [-88963.203125, 1.0540538134971768e-14]}, 331336], [0.137530914139967, {"__complex__": [-87869.984375, 3.1796594047642625e-15]}, 356972], [0.1425306133950671, {"__complex__": [-87086.0390625, 5.657112402628712e-15]}, 383276], [0.1475261365877978, {"__complex__": [-87287.6015625, 1.3486548583433616e-15]}, 410018], [0.15252418725683312, {"__complex__": [-86634.5703125, -3.609615234614677e-15]}, 439426], [0.15752605586740465, {"__complex__": [-85938.4453125, -1.7097079460664274e-15]}, 468124], [0.16252564613960602, {"__complex__": [-85588.5, -3.940713213916331e-15]}, 498516], [0.16752469634347283, {"__complex__": [-85749.125, 2.1163823342077283e-15]}, 529440], [0.17252581537624456, {"__complex__": [-85007.0703125, -3.728630987000431e-15]}, 561996], [0.17752385223192507, {"__complex__": [-85203.671875, 6.736680034343315e-15]}, 594028], [0.18252077354151405, {"__complex__": [-85047.7578125, 4.629811944776061e-17]}, 628618], [0.18752189534506292, {"__complex__": [-84870.90625, -2.3672415176906932e-15]}, 663898], [0.19252310230058134, {"__complex__": [-85558.8828125, -3.245065806643582e-15]}, 699554], [0.19752279238313333, {"__complex__": [-84616.640625, -2.1353992826647714e-15]}, 735978], [0.20252080386642027, {"__complex__": [-83749.0234375, -3.554256125797451e-15]}, 773808], [0.20751881436715544, {"__complex__": [-83898.546875, -1.3257776631083254e-15]}, 812234], [0.2125193727699206, {"__complex__": [-83382.9765625, 2.729979142187611e-15]}, 852866], [0.21751874928100717, {"__complex__": [-84091.921875, 5.512818222481574e-15]}, 892202], [0.22251558310260067, {"__complex__": [-83308.109375, 2.9609150519599708e-15]}, 933787]]}, "attrs": {"poles": [0], "dk": 0.005, "kmin": 0.0, "kmax": null, "Nmesh": {"__dtype__": "<i8", "__shape__": [3], "__data__": [512, 512, 512]}, "BoxSize": {"__dtype__": "<f8", "__shape__": [3], "__data__": [3432.0, 7186.0, 3021.0]}, "BoxPad": {"__dtype__": "<f8", "__shape__": [3], "__data__": [0.1, 0.1, 0.1]}, "BoxCenter": {"__dtype__": "<f8", "__shape__": [3], "__data__": [-1750.8060780814762, 36.50262446089482, 1912.6012906270319]}, "mesh.resampler": "tsc", "mesh.interlaced": true, "alpha": 0.04974161725155973, "data.norm": -1.4830435368975459, "randoms.norm": -1.4823884087672283, "shotnoise": 54353.32144044048, "first.data.N": 239128, "first.data.W": 239128.0, "first.data.W2": 206045.45300808843, "first.data.num_per_cell": 0.001535158254266444, "first.randoms.N": 4807403, "first.randoms.W": 4807403.0, "first.randoms.W2": 4142605.55380282, "first.randoms.num_per_cell": 0.03086481655987218, "first.data.ext": 1, "first.randoms.ext": 1, "second.data.N": 239128, "second.data.W": 239128.0, "second.data.W2": -97694.17531812584, "second.data.num_per_cell": -0.0007278783270577031, "second.randoms.N": 4807403, "second.randoms.W": 4807403.0, "second.randoms.W2": -1963087.2544301082, "second.randoms.num_per_cell": -0.014626139807925435, "second.data.ext": 1, "second.randoms.ext": 1}}, "attrs": {"poles": [0], "dk": 0.005, "kmin": 0.0, "kmax": null, "Nmesh": {"__dtype__": "<i8", "__shape__": [3], "__data__": [512, 512, 512]}, "BoxSize": {"__dtype__": "<f8", "__shape__": [3], "__data__": [3432.0, 7186.0, 3021.0]}, "BoxPad": {"__dtype__": "<f8", "__shape__": [3], "__data__": [0.1, 0.1, 0.1]}, "BoxCenter": {"__dtype__": "<f8", "__shape__": [3], "__data__": [-1750.8060780814762, 36.50262446089482, 1912.6012906270319]}, "mesh.resampler": "tsc", "mesh.interlaced": true, "alpha": 0.04974161725155973, "data.norm": -1.4830435368975459, "randoms.norm": -1.4823884087672283, "shotnoise": 54353.32144044048, "first.data.N": 239128, "first.data.W": 239128.0, "first.data.W2": 206045.45300808843, "first.data.num_per_cell": 0.001535158254266444, "first.randoms.N": 4807403, "first.randoms.W": 4807403.0, "first.randoms.W2": 4142605.55380282, "first.randoms.num_per_cell": 0.03086481655987218, "first.data.ext": 1, "first.randoms.ext": 1, "second.data.N": 239128, "second.data.W": 239128.0, "second.data.W2": -97694.17531812584, "second.data.num_per_cell": -0.0007278783270577031, "second.randoms.N": 4807403, "second.randoms.W": 4807403.0, "second.randoms.W2": -1963087.2544301082, "second.randoms.num_per_cell": -0.014626139807925435, "second.data.ext": 1, "second.randoms.ext": 1, "p": 3.0, "zmin": 0.8, "zmax": 2.2, "P0_FKP": 30000.0, "z-weighted": true, "hashkeys": ["Nmesh", "P0_FKP", "dk", "kmin", "mesh.window", "mesh.interlaced", "poles", "p", "BoxPad", "zmin", "zmax", "z-weighted"]}}