{"poles": {"dims": ["k"], "edges": [{"__dtype__": "<f8", "__shape__": [46], "__data__": [0.0, 0.005, 0.01, 0.015, 0.02, 0.025, 0.03, 0.035, 0.04, 0.045, 0.05, 0.055, 0.06, 0.065, 0.07, 0.075, 0.08, 0.085, 0.09, 0.095, 0.1, 0.105, 0.11, 0.115, 0.12, 0.125, 0.13, 0.135, 0.14, 0.145, 0.15, 0.155, 0.16, 0.165, 0.17, 0.17500000000000002, 0.18, 0.185, 0.19, 0.195, 0.2, 0.20500000000000002, 0.21, 0.215, 0.22, 0.225]}], "coords": [{"__dtype__": "<f8", "__shape__": [45], "__data__": [0.0025, 0.0075, 0.0125, 0.0175, 0.0225, 0.0275, 0.0325, 0.037500000000000006, 0.042499999999999996, 0.0475, 0.052500000000000005, 0.057499999999999996, 0.0625, 0.0675, 0.07250000000000001, 0.0775, 0.0825, 0.0875, 0.0925, 0.0975, 0.10250000000000001, 0.1075, 0.1125, 0.1175, 0.1225, 0.1275, 0.1325, 0.1375, 0.14250000000000002, 0.1475, 0.1525, 0.1575, 0.1625, 0.1675, 0.17250000000000001, 0.1775, 0.1825, 0.1875, 0.1925, 0.1975, 0.2025, 0.20750000000000002, 0.2125, 0.2175, 0.2225]}], "data": {"__dtype__": [["k", "<f8"], ["power_0", "<c8"], ["modes", "<i8"]], "__shape__": [45], "__data__": [[0.0038134629405001496, {"__complex__": [87190.4296875, -8.713722018244274e-14]}, 167], [0.008047568544484464, {"__complex__": [83918.6953125, 2.4208361552348345e-13]}, 1082], [0.012810546098557068, {"__complex__": [110996.703125, -1.953277288719614e-14]}, 2980], [0.017716895533799442, {"__complex__": [110388.6640625, 4.8873984015689736e-14]}, 5806], [0.022671366525931557, {"__complex__": [108339.9765625, -5.1581016611819755e-14]}, 9592], [0.02765155449792578, {"__complex__": [102858.4296875, 3.140992647183635e-14]}, 14362], [0.0326307697046405, {"__complex__": [98909.7421875, 2.920605177516612e-14]}, 19930], [0.03761147479437674, {"__complex__": [93841.8671875, 1.313744967169515e-14]}, 26584], [0.04260173778812906, {"__complex__": [91634.1171875, -1.2351622478176498e-14]}, 34166], [0.047587181983619296, {"__complex__": [90639.0234375, -3.426882911079375e-15]}, 42464], [0.05257190863715292, {"__complex__": [87706.078125, 0.0]}, 52060], [0.05757050805831228, {"__complex__": [86421.09375, 4.2486156194739e-15]}, 62508], [0.06256982625401102, {"__complex__": [84153.421875, -1.5489578004024458e-14]}, 73748], [0.06756353759466473, {"__complex__": [83217.2109375, 8.968666907499968e-15]}, 85994], [0.0725540447649735, {"__complex__": [81453.2734375, 1.0511415448179271e-14]}, 98984], [0.07755289158752793, {"__complex__": [81320.5390625, 4.992563810014405e-15]}, 113674], [0.08255166317790996, {"__complex__": [78891.3671875, -9.134520193737096e-15]}, 128242], [0.08754898675328895, {"__complex__": [78764.828125, 1.2371853860121667e-14]}, 144674], [0.0925441189168362, {"__complex__": [76859.9296875, 7.76497040901351e-15]}, 161168], [0.09753894106055513, {"__complex__": [74947.6875, 1.905677382864064e-15]}, 179448], [0.10253857339287628, {"__complex__": [75757.4140625, -8.072899919625391e-15]}, 198282], [0.10753429505668487, {"__complex__": [73925.375, 4.4089424392466676e-15]}, 217836], [0.11253328743398495, {"__complex__": [73337.21875, -3.2870826642338946e-15]}, 239058], [0.11753546888635558, {"__complex__": [73329.2109375, 2.9033926209954576e-15]}, 260626], [0.12253272559505994, {"__complex__": [73044.5390625, -3.7299413469698336e-15]}, 282850], [0.12753120692328596, {"__complex__": [72257.8203125, -2.4644823823431446e-15]}, 307042], [0.13253094504553037, {"__complex__": [71973.703125, -4.395764830048877e-17]}, 331044], [0.1375297091874442, {"__complex__": [72126.921875, 1.0702575749539753e-15]}, 356912], [0.1425307504864896, {"__complex__": [71240.2734375, -2.0691689294860104e-15]}, 383284], [0.14752654543539037, {"__complex__": [70895.359375, 7.101994068367984e-17]}, 409798], [0.1525238480721709, {"__complex__": [70839.21875, 2.2031790708622974e-15]}, 439230], [0.15752597615165306, {"__complex__": [70436.0078125, 4.8732092444497485e-15]}, 468072], [0.16252571018580697, {"__complex__": [70466.1875, -1.7522998331488075e-15]}, 498268], [0.16752412310561776, {"__complex__": [69874.6875, -5.155670909557416e-16]}, 529220], [0.17252499096743293, {"__complex__": [69458.3046875, 3.445080143401713e-15]}, 561788], [0.1775237720438436, {"__complex__": [69493.03125, -3.037671271816024e-15]}, 594020], [0.18252124388494498, {"__complex__": [69536.7578125, -2.4084829166177947e-15]}, 628362], [0.18752118665905823, {"__complex__": [69233.953125, 1.9302822076741437e-15]}, 663410], [0.1925221476256709, {"__complex__": [68808.8984375, -1.3521803153489524e-15]}, 699518], [0.19752266664875404, {"__complex__": [68754.796875, -2.076658183047396e-15]}, 735774], [0.20251986520246115, {"__complex__": [69019.78125, 6.963106870100085e-16]}, 773248], [0.20751834757862697, {"__complex__": [68757.2265625, -1.0388774394779268e-15]}, 812426], [0.21251953648768795, {"__complex__": [68941.7890625, -3.636672855081768e-15]}, 852306], [0.2175184328524024, {"__complex__": [68492.109375, -2.8323767434229466e-15]}, 892034], [0.2225152757010518, {"__complex__": [68372.6953125, 1.3096588378803129e-15]}, 933343]]}, "attrs": {"poles": [0], "dk": 0.005, "kmin": 0.0, "kmax": null, "Nmesh": {"__dtype__": "<i8", "__shape__": [3], "__data__": [512, 512, 512]}, "BoxSize": {"__dtype__": "<f8", "__shape__": [3], "__data__": [3432.0, 7186.0, 3020.0]}, "BoxPad": {"__dtype__": "<f8", "__shape__": [3], "__data__": [0.1, 0.1, 0.1]}, "BoxCenter": {"__dtype__": "<f8", "__shape__": [3], "__data__": [-1752.9624317348157, 32.718105504484356, 1912.1419060299127]}, "mesh.resampler": "tsc", "mesh.interlaced": true, "alpha": 0.04997759048388325, "data.norm": 1.798039409950597, "randoms.norm": 1.7989693263303685, "shotnoise": 66855.1868038992, "first.data.N": 240192, "first.data.W": 240192.0, "first.data.W2": 207020.1561770563, "first.data.num_per_cell": 0.0015424203587849163, "first.randoms.N": 4805994, "first.randoms.W": 4805994.0, "first.randoms.W2": 4142570.3396513816, "first.randoms.num_per_cell": 0.030864554193998736, "first.data.ext": 1, "first.randoms.ext": 1, "second.data.N": 240192, "second.data.W": 240192.0, "second.data.W2": 122963.22670535516, "second.data.num_per_cell": 0.0009161474310260651, "second.randoms.N": 4805994, "second.randoms.W": 4805994.0, "second.randoms.W2": 2461624.3710151073, "second.randoms.num_per_cell": 0.01834053077559998, "second.data.ext": 1, "second.randoms.ext": 1}}, "attrs": {"poles": [0], "dk": 0.005, "kmin": 0.0, "kmax": null, "Nmesh": {"__dtype__": "<i8", "__shape__": [3], "__data__": [512, 512, 512]}, "BoxSize": {"__dtype__": "<f8", "__shape__": [3], "__data__": [3432.0, 7186.0, 3020.0]}, "BoxPad": {"__dtype__": "<f8", "__shape__": [3], "__data__": [0.1, 0.1, 0.1]}, "BoxCenter": {"__dtype__": "<f8", "__shape__": [3], "__data__": [-1752.9624317348157, 32.718105504484356, 1912.1419060299127]}, "mesh.resampler": "tsc", "mesh.interlaced": true, "alpha": 0.04997759048388325, "data.norm": 1.798039409950597, "randoms.norm": 1.7989693263303685, "shotnoise": 66855.1868038992, "first.data.N": 240192, "first.data.W": 240192.0, "first.data.W2": 207020.1561770563, "first.data.num_per_cell": 0.0015424203587849163, "first.randoms.N": 4805994, "first.randoms.W": 4805994.0, "first.randoms.W2": 4142570.3396513816, "first.randoms.num_per_cell": 0.030864554193998736, "first.data.ext": 1, "first.randoms.ext": 1, "second.data.N": 240192, "second.data.W": 240192.0, "second.data.W2": 122963.22670535516, "second.data.num_per_cell": 0.0009161474310260651, "second.randoms.N": 4805994, "second.randoms.W": 4805994.0, "second.randoms.W2": 2461624.3710151073, "second.randoms.num_per_cell": 0.01834053077559998, "second.data.ext": 1, "second.randoms.ext": 1, "p": 1.6, "zmin": 0.8, "zmax": 2.2, "P0_FKP": 30000.0, "z-weighted": true, "hashkeys": ["Nmesh", "P0_FKP", "dk", "kmin", "mesh.window", "mesh.interlaced", "poles", "p", "BoxPad", "zmin", "zmax", "z-weighted"]}}