{"poles": {"dims": ["k"], "edges": [{"__dtype__": "<f8", "__shape__": [57], "__data__": [0.0, 0.005, 0.01, 0.015, 0.02, 0.025, 0.03, 0.035, 0.04, 0.045, 0.05, 0.055, 0.06, 0.065, 0.07, 0.075, 0.08, 0.085, 0.09, 0.095, 0.1, 0.105, 0.11, 0.115, 0.12, 0.125, 0.13, 0.135, 0.14, 0.145, 0.15, 0.155, 0.16, 0.165, 0.17, 0.17500000000000002, 0.18, 0.185, 0.19, 0.195, 0.2, 0.20500000000000002, 0.21, 0.215, 0.22, 0.225, 0.23, 0.23500000000000001, 0.24, 0.245, 0.25, 0.255, 0.26, 0.265, 0.27, 0.275, 0.28]}], "coords": [{"__dtype__": "<f8", "__shape__": [56], "__data__": [0.0025, 0.0075, 0.0125, 0.0175, 0.0225, 0.0275, 0.0325, 0.037500000000000006, 0.042499999999999996, 0.0475, 0.052500000000000005, 0.057499999999999996, 0.0625, 0.0675, 0.07250000000000001, 0.0775, 0.0825, 0.0875, 0.0925, 0.0975, 0.10250000000000001, 0.1075, 0.1125, 0.1175, 0.1225, 0.1275, 0.1325, 0.1375, 0.14250000000000002, 0.1475, 0.1525, 0.1575, 0.1625, 0.1675, 0.17250000000000001, 0.1775, 0.1825, 0.1875, 0.1925, 0.1975, 0.2025, 0.20750000000000002, 0.2125, 0.2175, 0.2225, 0.2275, 0.2325, 0.2375, 0.2425, 0.2475, 0.2525, 0.2575, 0.2625, 0.2675, 0.2725, 0.2775]}], "data": {"__dtype__": [["k", "<f8"], ["power_0", "<c8"], ["modes", "<i8"]], "__shape__": [56], "__data__": [[0.0038167110900916693, {"__complex__": [-41695.25, 5.763134652662927e-13]}, 101], [0.00810414797029408, {"__complex__": [-65256.28515625, 8.43589317866579e-14]}, 690], [0.012890238798150305, {"__complex__": [-76487.703125, 6.292720251127593e-14]}, 1850], [0.017777979600722128, {"__complex__": [-74345.1015625, -6.093767119597429e-14]}, 3582], [0.022685051702729678, {"__complex__": [-79773.0078125, 2.494328901140718e-14]}, 5834], [0.027644572082204926, {"__complex__": [-76951.578125, 8.22885986103859e-15]}, 8842], [0.03263313560259667, {"__complex__": [-74152.21875, -3.54982487293389e-15]}, 12298], [0.037618821290868534, {"__complex__": [-68972.7578125, 4.24727358047227e-14]}, 16360], [0.04261557703948637, {"__complex__": [-68921.0546875, -2.2109072724181035e-14]}, 21062], [0.047593512783822046, {"__complex__": [-67039.4453125, -1.3402638746821526e-14]}, 26058], [0.05257089034721071, {"__complex__": [-66413.71875, -5.458674182427185e-15]}, 31990], [0.05756908735179078, {"__complex__": [-64109.796875, -8.319269616729671e-15]}, 38482], [0.06256279603827138, {"__complex__": [-63652.11328125, 6.748900602189826e-15]}, 45280], [0.06756081248109362, {"__complex__": [-63678.984375, 9.878355728895616e-15]}, 53032], [0.0725569492080187, {"__complex__": [-62468.41796875, 1.6242576741606375e-14]}, 60922], [0.0775492289327578, {"__complex__": [-61471.67578125, -3.130611114920555e-15]}, 69724], [0.08254389371758901, {"__complex__": [-60941.796875, -8.297047707358455e-15]}, 78924], [0.08754547017988294, {"__complex__": [-59631.11328125, 1.4038371702086716e-14]}, 89146], [0.09254594668580066, {"__complex__": [-59122.2109375, 5.281895441719897e-15]}, 99182], [0.09754142908470552, {"__complex__": [-58448.56640625, -7.9066443986174355e-16]}, 110428], [0.10254754972213206, {"__complex__": [-57810.23828125, 2.1784927191310444e-15]}, 122324], [0.1075472231274276, {"__complex__": [-56316.80859375, -7.94941606844287e-15]}, 133860], [0.11253820388521688, {"__complex__": [-56885.19140625, 4.2609145378680324e-15]}, 146854], [0.11753868815052006, {"__complex__": [-56368.21484375, 7.979813539820985e-15]}, 160476], [0.1225381879903023, {"__complex__": [-56159.50390625, -1.6721726074511392e-16]}, 174048], [0.1275304229019742, {"__complex__": [-55626.83203125, 7.723208825977676e-16]}, 188418], [0.1325231497951612, {"__complex__": [-54728.34765625, -8.577862952174897e-16]}, 203574], [0.13752511124452557, {"__complex__": [-55181.8203125, 1.4559327457834212e-15]}, 219888], [0.14252971311137902, {"__complex__": [-54699.75, 8.022276042620672e-16]}, 235812], [0.14753012437752017, {"__complex__": [-54554.62109375, -6.913407211919939e-16]}, 252586], [0.15252878234724349, {"__complex__": [-53915.58203125, -4.313819421660148e-16]}, 269866], [0.15752726684879065, {"__complex__": [-54068.78515625, -2.42536978897073e-15]}, 287994], [0.16252490441780582, {"__complex__": [-53854.50390625, 4.276509261459931e-15]}, 306248], [0.16752295311235327, {"__complex__": [-53655.6015625, -3.5066039580090554e-15]}, 325764], [0.1725237955259963, {"__complex__": [-53692.54296875, -4.970146659548846e-15]}, 345488], [0.17752479097898174, {"__complex__": [-53298.29296875, -3.2614592823047416e-15]}, 365866], [0.18252704051885696, {"__complex__": [-53124.24609375, -1.6547635657560011e-15]}, 386934], [0.18752504855353408, {"__complex__": [-52842.97265625, -3.92771972850545e-15]}, 407542], [0.19252134359255077, {"__complex__": [-52824.16796875, 1.6578174371682081e-15]}, 430110], [0.19751877061315867, {"__complex__": [-52829.3125, -3.6987180184681456e-15]}, 452446], [0.2025176207648861, {"__complex__": [-52496.78515625, 1.803309851298356e-15]}, 476104], [0.20751974005475518, {"__complex__": [-52933.734375, -1.694904880642856e-15]}, 500116], [0.21252013837247538, {"__complex__": [-52834.80078125, -1.6662371564221527e-16]}, 524004], [0.21751952153515702, {"__complex__": [-52590.546875, -2.5108332957663208e-15]}, 549138], [0.22251879951950873, {"__complex__": [-52251.67578125, -2.178074073096864e-15]}, 574574], [0.22751721340170683, {"__complex__": [-52068.328125, -4.3618088673802284e-16]}, 600518], [0.23251683013556876, {"__complex__": [-52339.8671875, 2.040336986752658e-15]}, 627626], [0.23751921822645575, {"__complex__": [-51977.66015625, -1.5988333449740893e-15]}, 655314], [0.24252001954404734, {"__complex__": [-52049.33203125, -2.04754671944145e-15]}, 682272], [0.2475179170880416, {"__complex__": [-51665.03515625, -2.6614963695834233e-16]}, 710784], [0.2525158739727061, {"__complex__": [-51965.98828125, -1.5343190805464655e-15]}, 739774], [0.2575140632893712, {"__complex__": [-51713.2734375, 3.8774140182515435e-15]}, 769364], [0.2625152386811298, {"__complex__": [-51975.0859375, 2.7265958808380406e-16]}, 800554], [0.2675163961940331, {"__complex__": [-51818.0625, 4.556652385632727e-16]}, 830324], [0.2725149802568665, {"__complex__": [-51608.92578125, -3.7153077940148315e-16]}, 861684], [0.27751261720817555, {"__complex__": [-51990.953125, 1.9397533065738676e-15]}, 892731]]}, "attrs": {"poles": [0], "dk": 0.005, "kmin": 0.0, "kmax": null, "Nmesh": {"__dtype__": "<i8", "__shape__": [3], "__data__": [512, 512, 512]}, "BoxSize": {"__dtype__": "<f8", "__shape__": [3], "__data__": [2661.0, 5792.0, 2973.0]}, "BoxPad": {"__dtype__": "<f8", "__shape__": [3], "__data__": [0.1, 0.1, 0.1]}, "BoxCenter": {"__dtype__": "<f8", "__shape__": [3], "__data__": [2584.766260531955, 48.46354978237673, 888.8412754695257]}, "mesh.resampler": "tsc", "mesh.interlaced": true, "alpha": 0.050326344982319506, "data.norm": -0.8364363620977331, "randoms.norm": -0.8365320246598186, "shotnoise": 60726.10265204658, "first.data.N": 141852, "first.data.W": 141852.0, "first.data.W2": 126362.52348816239, "first.data.num_per_cell": 0.0009414741656792342, "first.randoms.N": 2818643, "first.randoms.W": 2818643.0, "first.randoms.W2": 2510882.437315221, "first.randoms.num_per_cell": 0.018707531968617595, "first.data.ext": 1, "first.randoms.ext": 1, "second.data.N": 141852, "second.data.W": 141852.0, "second.data.W2": -59176.727015800425, "second.data.num_per_cell": -0.00044090097409338076, "second.randoms.N": 2818643, "second.randoms.W": 2818643.0, "second.randoms.W2": -1176086.4178295282, "second.randoms.num_per_cell": -0.008762526644986333, "second.data.ext": 1, "second.randoms.ext": 1}}, "attrs": {"poles": [0], "dk": 0.005, "kmin": 0.0, "kmax": null, "Nmesh": {"__dtype__": "<i8", "__shape__": [3], "__data__": [512, 512, 512]}, "BoxSize": {"__dtype__": "<f8", "__shape__": [3], "__data__": [2661.0, 5792.0, 2973.0]}, "BoxPad": {"__dtype__": "<f8", "__shape__": [3], "__data__": [0.1, 0.1, 0.1]}, "BoxCenter": {"__dtype__": "<f8", "__shape__": [3], "__data__": [2584.766260531955, 48.46354978237673, 888.8412754695257]},