{"poles": {"dims": ["k"], "edges": [{"__dtype__": "<f8", "__shape__": [46], "__data__": [0.0, 0.005, 0.01, 0.015, 0.02, 0.025, 0.03, 0.035, 0.04, 0.045, 0.05, 0.055, 0.06, 0.065, 0.07, 0.075, 0.08, 0.085, 0.09, 0.095, 0.1, 0.105, 0.11, 0.115, 0.12, 0.125, 0.13, 0.135, 0.14, 0.145, 0.15, 0.155, 0.16, 0.165, 0.17, 0.17500000000000002, 0.18, 0.185, 0.19, 0.195, 0.2, 0.20500000000000002, 0.21, 0.215, 0.22, 0.225]}], "coords": [{"__dtype__": "<f8", "__shape__": [45], "__data__": [0.0025, 0.0075, 0.0125, 0.0175, 0.0225, 0.0275, 0.0325, 0.037500000000000006, 0.042499999999999996, 0.0475, 0.052500000000000005, 0.057499999999999996, 0.0625, 0.0675, 0.07250000000000001, 0.0775, 0.0825, 0.0875, 0.0925, 0.0975, 0.10250000000000001, 0.1075, 0.1125, 0.1175, 0.1225, 0.1275, 0.1325, 0.1375, 0.14250000000000002, 0.1475, 0.1525, 0.1575, 0.1625, 0.1675, 0.17250000000000001, 0.1775, 0.1825, 0.1875, 0.1925, 0.1975, 0.2025, 0.20750000000000002, 0.2125, 0.2175, 0.2225]}], "data": {"__dtype__": [["k", "<f8"], ["power_0", "<c8"], ["modes", "<i8"]], "__shape__": [45], "__data__": [[0.0038138198919914494, {"__complex__": [134804.28125, -1.3941955229190839e-12]}, 167], [0.008062778828996746, {"__complex__": [110433.6015625, 2.1360609678625075e-13]}, 1090], [0.012822259643645242, {"__complex__": [107047.3203125, -7.823610330545336e-14]}, 2976], [0.017725261182073185, {"__complex__": [105948.7890625, -2.0023274420358055e-14]}, 5814], [0.022668458519574084, {"__complex__": [103251.359375, 0.0]}, 9544], [0.02764570802590269, {"__complex__": [103435.3984375, -1.4414345910450377e-14]}, 14386], [0.03263766753420405, {"__complex__": [97289.46875, 4.6598748487279226e-14]}, 19986], [0.0376207121188888, {"__complex__": [98135.8203125, -4.6310516727855744e-14]}, 26552], [0.04260114354724771, {"__complex__": [89721.15625, -5.125417539659453e-15]}, 34070], [0.047586359082664856, {"__complex__": [90398.6875, -2.1381762801823447e-15]}, 42536], [0.052572379071879026, {"__complex__": [87429.8203125, 1.3436154146478484e-14]}, 51986], [0.057572418160836254, {"__complex__": [85303.8046875, 9.185347252770037e-15]}, 62578], [0.06257262264591999, {"__complex__": [83321.7109375, 4.4442675247954345e-15]}, 73672], [0.06756570775085653, {"__complex__": [82864.8515625, -1.3533833138922903e-15]}, 86018], [0.07255747184868425, {"__complex__": [81565.5078125, 5.881938240236053e-15]}, 98960], [0.07755628290986735, {"__complex__": [81115.71875, -1.0242958731700624e-15]}, 113654], [0.08255756121606588, {"__complex__": [78269.609375, -7.710584964569153e-15]}, 128334], [0.08755059224065323, {"__complex__": [77482.25, 4.740103098986419e-15]}, 144288], [0.09254352247496402, {"__complex__": [75955.984375, -9.222460848386932e-15]}, 161338], [0.09754148684715784, {"__complex__": [75759.390625, 1.2980033468887385e-15]}, 179376], [0.10254129177458546, {"__complex__": [74850.2734375, 6.0178582291501616e-15]}, 198286], [0.10753379708619078, {"__complex__": [73816.625, 2.141384840986544e-15]}, 217458], [0.1125322783069198, {"__complex__": [73517.2890625, 7.223763789563058e-15]}, 239216], [0.11753578263776794, {"__complex__": [72819.1328125, 6.984025539872612e-17]}, 260450], [0.12253265237848278, {"__complex__": [72626.2890625, 1.9551004847869315e-15]}, 282836], [0.1275314243598425, {"__complex__": [72351.4453125, -7.112233902606901e-16]}, 306906], [0.13253088411847241, {"__complex__": [72254.2890625, -2.0227483476029226e-15]}, 330930], [0.13753179006839542, {"__complex__": [72180.59375, 1.3853534078161014e-15]}, 357140], [0.14253097672442294, {"__complex__": [71467.890625, -6.8089548146336824e-15]}, 382554], [0.14752671583032245, {"__complex__": [71344.5234375, -1.7733089700105682e-17]}, 410304], [0.15252848479836748, {"__complex__": [70662.703125, -2.3523521607856203e-15]}, 439214], [0.15752868301467535, {"__complex__": [70391.25, 1.6963756474766447e-15]}, 467514], [0.1625256566831572, {"__complex__": [70221.375, 1.16869709710591e-15]}, 498056], [0.16752602883539544, {"__complex__": [70223.921875, -2.1986975518872729e-16]}, 529474], [0.1725268941122944, {"__complex__": [70278.9375, 2.0354034433513754e-15]}, 561228], [0.17752472616593773, {"__complex__": [69605.8671875, 2.890463298330331e-15]}, 594066], [0.18252305448646017, {"__complex__": [69468.0078125, 7.87654402404557e-16]}, 628150], [0.18752264313624695, {"__complex__": [68894.71875, 1.788421553184467e-15]}, 663144], [0.19252390955035992, {"__complex__": [69349.484375, -3.5367142852180513e-15]}, 699470], [0.19752232707340472, {"__complex__": [68968.4375, 1.3466477078957241e-15]}, 734810], [0.20251952482317284, {"__complex__": [69274.40625, 3.7613123371370297e-17]}, 773768], [0.2075200748406764, {"__complex__": [68822.71875, -1.4515894784672564e-15]}, 812010], [0.2125207054291373, {"__complex__": [68690.515625, 1.2295718727174188e-15]}, 852116], [0.21751837142856978, {"__complex__": [68658.1328125, -2.938824220937342e-16]}, 891290], [0.22251655591960393, {"__complex__": [68649.8828125, -4.4253528555667724e-15]}, 933879]]}, "attrs": {"poles": [0], "dk": 0.005, "kmin": 0.0, "kmax": null, "Nmesh": {"__dtype__": "<i8", "__shape__": [3], "__data__": [512, 512, 512]}, "BoxSize": {"__dtype__": "<f8", "__shape__": [3], "__data__": [3426.0, 7194.0, 3021.0]}, "BoxPad": {"__dtype__": "<f8", "__shape__": [3], "__data__": [0.1, 0.1, 0.1]}, "BoxCenter": {"__dtype__": "<f8", "__shape__": [3], "__data__": [-1749.48448083275, 32.169077713524985, 1911.7231053177534]}, "mesh.resampler": "tsc", "mesh.interlaced": true, "alpha": 0.050018023237905905, "data.norm": 1.791674042204769, "randoms.norm": 1.7913377712651068, "shotnoise": 66900.81666048929, "first.data.N": 240332, "first.data.W": 240332.0, "first.data.W2": 207053.5909537803, "first.data.num_per_cell": 0.0015426694672836386, "first.randoms.N": 4804908, "first.randoms.W": 4804908.0, "first.randoms.W2": 4139595.7520041866, "first.randoms.num_per_cell": 0.030842391788990696, "first.data.ext": 1, "first.randoms.ext": 1, "second.data.N": 240332, "second.data.W": 240332.0, "second.data.W2": 122527.67711904261, "second.data.num_per_cell": 0.0009129023337292866, "second.randoms.N": 4804908, "second.randoms.W": 4804908.0, "second.randoms.W2": 2449304.195061312, "second.randoms.num_per_cell": 0.018248738311687947, "second.data.ext": 1, "second.randoms.ext": 1}}, "attrs": {"poles": [0], "dk": 0.005, "kmin": 0.0, "kmax": null, "Nmesh": {"__dtype__": "<i8", "__shape__": [3], "__data__": [512, 512, 512]}, "BoxSize": {"__dtype__": "<f8", "__shape__": [3], "__data__": [3426.0, 7194.0, 3021.0]}, "BoxPad": {"__dtype__": "<f8", "__shape__": [3], "__data__": [0.1, 0.1, 0.1]}, "BoxCenter": {"__dtype__": "<f8", "__shape__": [3], "__data__": [-1749.48448083275, 32.169077713524985, 1911.7231053177534]}, "mesh.resampler": "tsc", "mesh.interlaced": true, "alpha": 0.050018023237905905, "data.norm": 1.791674042204769, "randoms.norm": 1.7913377712651068, "shotnoise": 66900.81666048929, "first.data.N": 240332, "first.data.W": 240332.0, "first.data.W2": 207053.5909537803, "first.data.num_per_cell": 0.0015426694672836386, "first.randoms.N": 4804908, "first.randoms.W": 4804908.0, "first.randoms.W2": 4139595.7520041866, "first.randoms.num_per_cell": 0.030842391788990696, "first.data.ext": 1, "first.randoms.ext": 1, "second.data.N": 240332, "second.data.W": 240332.0, "second.data.W2": 122527.67711904261, "second.data.num_per_cell": 0.0009129023337292866, "second.randoms.N": 4804908, "second.randoms.W": 4804908.0, "second.randoms.W2": 2449304.195061312, "second.randoms.num_per_cell": 0.018248738311687947, "second.data.ext": 1, "second.randoms.ext": 1, "p": 1.6, "zmin": 0.8, "zmax": 2.2, "P0_FKP": 30000.0, "z-weighted": true, "hashkeys": ["Nmesh", "P0_FKP", "dk", "kmin", "mesh.window", "mesh.interlaced", "poles", "p", "BoxPad", "zmin", "zmax", "z-weighted"]}}