{"poles": {"dims": ["k"], "edges": [{"__dtype__": "<f8", "__shape__": [57], "__data__": [0.0, 0.005, 0.01, 0.015, 0.02, 0.025, 0.03, 0.035, 0.04, 0.045, 0.05, 0.055, 0.06, 0.065, 0.07, 0.075, 0.08, 0.085, 0.09, 0.095, 0.1, 0.105, 0.11, 0.115, 0.12, 0.125, 0.13, 0.135, 0.14, 0.145, 0.15, 0.155, 0.16, 0.165, 0.17, 0.17500000000000002, 0.18, 0.185, 0.19, 0.195, 0.2, 0.20500000000000002, 0.21, 0.215, 0.22, 0.225, 0.23, 0.23500000000000001, 0.24, 0.245, 0.25, 0.255, 0.26, 0.265, 0.27, 0.275, 0.28]}], "coords": [{"__dtype__": "<f8", "__shape__": [56], "__data__": [0.0025, 0.0075, 0.0125, 0.0175, 0.0225, 0.0275, 0.0325, 0.037500000000000006, 0.042499999999999996, 0.0475, 0.052500000000000005, 0.057499999999999996, 0.0625, 0.0675, 0.07250000000000001, 0.0775, 0.0825, 0.0875, 0.0925, 0.0975, 0.10250000000000001, 0.1075, 0.1125, 0.1175, 0.1225, 0.1275, 0.1325, 0.1375, 0.14250000000000002, 0.1475, 0.1525, 0.1575, 0.1625, 0.1675, 0.17250000000000001, 0.1775, 0.1825, 0.1875, 0.1925, 0.1975, 0.2025, 0.20750000000000002, 0.2125, 0.2175, 0.2225, 0.2275, 0.2325, 0.2375, 0.2425, 0.2475, 0.2525, 0.2575, 0.2625, 0.2675, 0.2725, 0.2775]}], "data": {"__dtype__": [["k", "<f8"], ["power_0", "<c8"], ["modes", "<i8"]], "__shape__": [56], "__data__": [[0.0038180499850086467, {"__complex__": [93514.4765625, 2.8815673263314634e-13]}, 101], [0.008105964837616431, {"__complex__": [131320.171875, -2.1089732607851297e-13]}, 690], [0.012888597606110197, {"__complex__": [118376.875, -5.912208233155606e-15]}, 1846], [0.01777934285324559, {"__complex__": [114445.390625, -6.086969849602303e-14]}, 3586], [0.022693691027904757, {"__complex__": [109696.9140625, -6.725465995748026e-14]}, 5842], [0.027648274519463986, {"__complex__": [104529.3359375, -4.622800555439781e-14]}, 8814], [0.032626064063726715, {"__complex__": [99370.5, -2.3734977877424082e-14]}, 12262], [0.03760914785243696, {"__complex__": [98504.0625, -4.005604408005483e-15]}, 16348], [0.042612176775598046, {"__complex__": [96237.703125, -1.8636832257567376e-14]}, 21082], [0.04759947604680712, {"__complex__": [93630.484375, -8.921398233878441e-15]}, 26098], [0.05257653354928178, {"__complex__": [92276.234375, 5.471330548725058e-15]}, 31916], [0.05756989289594728, {"__complex__": [88811.9765625, -2.612076306391254e-14]}, 38440], [0.06256819224115963, {"__complex__": [89192.890625, 2.566928052698237e-15]}, 45352], [0.06756292492693824, {"__complex__": [89366.8359375, 4.407333923679832e-15]}, 52828], [0.07255321184598773, {"__complex__": [86919.859375, 1.552905100991593e-15]}, 60910], [0.07754598681649226, {"__complex__": [85356.8359375, 5.223678655496872e-16]}, 69644], [0.0825448496309458, {"__complex__": [83051.171875, 6.8139014870456475e-15]}, 79018], [0.08754839014432542, {"__complex__": [81781.3828125, 9.64720890791939e-15]}, 88996], [0.09254878152236731, {"__complex__": [81807.2265625, -3.5201278978031544e-15]}, 99214], [0.09754201176425553, {"__complex__": [79961.3203125, 7.66279705975096e-15]}, 110144], [0.10254278249984691, {"__complex__": [80446.59375, -1.7269263259390944e-15]}, 122184], [0.10754348691716963, {"__complex__": [80464.9609375, -4.783023952489689e-15]}, 133866], [0.11253802835780936, {"__complex__": [79462.2265625, -5.898005184696046e-15]}, 146802], [0.11753600999428962, {"__complex__": [78572.7421875, -2.3170393572145885e-15]}, 160150], [0.12253367405762752, {"__complex__": [77110.4453125, -2.7599727906081227e-15]}, 173992], [0.12753318089350157, {"__complex__": [77357.9140625, -3.700933433141689e-15]}, 188734], [0.13253097848400575, {"__complex__": [77454.2109375, -5.7231856311957575e-15]}, 203410], [0.13752625358722778, {"__complex__": [77341.8671875, -1.0621641751429605e-15]}, 219204], [0.1425272517221479, {"__complex__": [76753.3828125, 2.7768475927415597e-15]}, 235820], [0.147528215917187, {"__complex__": [76076.125, 2.018904088571809e-15]}, 252274], [0.1525276206654333, {"__complex__": [76463.234375, -1.3212247551377151e-15]}, 269842], [0.1575286002791845, {"__complex__": [75931.734375, 6.696984470544952e-16]}, 287910], [0.16252489845300494, {"__complex__": [75460.203125, -1.4278249103408529e-15]}, 305750], [0.16752290748861018, {"__complex__": [75235.7734375, 4.132138001314593e-15]}, 325752], [0.17252334522616491, {"__complex__": [75707.0390625, 6.284485142704502e-15]}, 345014], [0.1775237073796684, {"__complex__": [75408.7265625, -3.581255565688978e-16]}, 365702], [0.18252757699131975, {"__complex__": [75138.4375, -2.614801296085866e-15]}, 386782], [0.18752679382928095, {"__complex__": [75490.8984375, -2.3041801265258474e-15]}, 407346], [0.19252215757463684, {"__complex__": [75133.1015625, -6.775928073577951e-17]}, 429518], [0.19751863817659543, {"__complex__": [75024.59375, 4.601553919804033e-15]}, 452222], [0.20251728846086486, {"__complex__": [74578.9609375, 3.365439352843785e-15]}, 475632], [0.20751757776439775, {"__complex__": [74393.03125, -2.5000825418415324e-15]}, 499478], [0.21251862594516532, {"__complex__": [74269.2421875, -1.9090479387194256e-15]}, 524054], [0.21751985098795068, {"__complex__": [74265.328125, -9.082814761537852e-16]}, 548732], [0.22251841059166813, {"__complex__": [74165.4609375, 2.281961393528183e-15]}, 573924], [0.22751667918805962, {"__complex__": [73665.4375, 6.302678457499459e-16]}, 600300], [0.23251735346600402, {"__complex__": [73489.0390625, 5.33618474792474e-16]}, 627216], [0.2375191259581901, {"__complex__": [74008.1484375, -1.3894281656879866e-15]}, 654582], [0.24251877528536914, {"__complex__": [73275.328125, 2.3478956557523194e-16]}, 681764], [0.24751726463486404, {"__complex__": [73666.328125, 1.035698948343355e-15]}, 710420], [0.25251641628397276, {"__complex__": [73548.21875, -2.105847150168016e-15]}, 739396], [0.2575150759414574, {"__complex__": [73451.890625, -7.570369142183926e-16]}, 768888], [0.26251747645018236, {"__complex__": [73320.96875, 1.009291849179755e-15]}, 800196], [0.2675188998637432, {"__complex__": [73171.4375, -7.893206220909246e-16]}, 829620], [0.2725158016348348, {"__complex__": [72910.5234375, -1.3694949393402512e-15]}, 860686], [0.2775106612487386, {"__complex__": [73117.6953125, -1.0243861880580634e-15]}, 891395]]}, "attrs": {"poles": [0], "dk": 0.005, "kmin": 0.0, "kmax": null, "Nmesh": {"__dtype__": "<i8", "__shape__": [3], "__data__": [512, 512, 512]}, "BoxSize": {"__dtype__": "<f8", "__shape__": [3], "__data__": [2664.0, 5791.0, 2968.0]}, "BoxPad": {"__dtype__": "<f8", "__shape__": [3], "__data__": [0.1, 0.1, 0.1]}, "BoxCenter": {"__dtype__": "<f8", "__shape__": [3], "__data__": [2583.2259600452016, 43.910629800080414, 889.0087133366584]}, "mesh.resampler": "tsc", "mesh.interlaced": true, "alpha": 0.0499396563522576, "data.norm": 1.0349612283015124, "randoms.norm": 1.0351709439201833, "shotnoise": 72482.28579344974, "first.data.N": 140483, "first.data.W": 140483.0, "first.data.W2": 125168.19479414454, "first.data.num_per_cell": 0.0009325757234852354, "first.randoms.N": 2813055, "first.randoms.W": 2813055.0, "first.randoms.W2": 2506333.2278964957, "first.randoms.num_per_cell": 0.018673637717191098, "first.data.ext": 1, "first.randoms.ext": 1, "second.data.N": 140483, "second.data.W": 140483.0, "second.data.W2": 74782.10254419164, "second.data.num_per_cell": 0.0005571700822129223, "second.randoms.N": 2813055, "second.randoms.W": 2813055.0, "second.randoms.W2": 1497541.3617115696, "second.randoms.num_per_cell": 0.011157552612659109, "second.data.ext": 1, "second.randoms.ext": 1}}, "attrs": {"poles": [0], "dk": 0.005, "kmin": 0.0, "kmax": null, "Nmesh": {"__dtype__": "<i8", "__shape__": [3], "__data__": [512, 512, 512]}, "BoxSize": {"__dtype__": "<f8", "__shape__": [3], "__data__": [2664.0, 5791.0, 2968.0]}, "BoxPad": {"__dtype__": "<f8", "__shape__": [3], "__data__": [0.1, 0.1, 0.1]}, "BoxCenter": {"__dtype__": "<f8", "__shape__": [3], "__data__": [2583.2259600452016, 43.910629800080414, 889.0087133366584]}, "mesh.resampler": "tsc", "mesh.interlaced": true, "alpha": 0.0499396563522576, "data.norm": 1.0349612283015124,