{"poles": {"dims": ["k"], "edges": [{"__dtype__": "<f8", "__shape__": [46], "__data__": [0.0, 0.005, 0.01, 0.015, 0.02, 0.025, 0.03, 0.035, 0.04, 0.045, 0.05, 0.055, 0.06, 0.065, 0.07, 0.075, 0.08, 0.085, 0.09, 0.095, 0.1, 0.105, 0.11, 0.115, 0.12, 0.125, 0.13, 0.135, 0.14, 0.145, 0.15, 0.155, 0.16, 0.165, 0.17, 0.17500000000000002, 0.18, 0.185, 0.19, 0.195, 0.2, 0.20500000000000002, 0.21, 0.215, 0.22, 0.225]}], "coords": [{"__dtype__": "<f8", "__shape__": [45], "__data__": [0.0025, 0.0075, 0.0125, 0.0175, 0.0225, 0.0275, 0.0325, 0.037500000000000006, 0.042499999999999996, 0.0475, 0.052500000000000005, 0.057499999999999996, 0.0625, 0.0675, 0.07250000000000001, 0.0775, 0.0825, 0.0875, 0.0925, 0.0975, 0.10250000000000001, 0.1075, 0.1125, 0.1175, 0.1225, 0.1275, 0.1325, 0.1375, 0.14250000000000002, 0.1475, 0.1525, 0.1575, 0.1625, 0.1675, 0.17250000000000001, 0.1775, 0.1825, 0.1875, 0.1925, 0.1975, 0.2025, 0.20750000000000002, 0.2125, 0.2175, 0.2225]}], "data": {"__dtype__": [["k", "<f8"], ["power_0", "<c8"], ["modes", "<i8"]], "__shape__": [45], "__data__": [[0.00381275621804459, {"__complex__": [-81594.328125, -4.356860738071594e-13]}, 167], [0.008060893086387355, {"__complex__": [-135208.40625, -3.2040914517937613e-13]}, 1090], [0.012819144220640486, {"__complex__": [-132601.703125, 3.911805165272668e-14]}, 2976], [0.017720894205294203, {"__complex__": [-135239.859375, 6.006982834327185e-14]}, 5814], [0.02266986333657485, {"__complex__": [-126999.8125, -6.385086144707064e-14]}, 9572], [0.02764735150397766, {"__complex__": [-129451.359375, 5.667737329809186e-14]}, 14378], [0.0326314734267704, {"__complex__": [-120677.1328125, -1.6040793164779667e-14]}, 19958], [0.03761401479522254, {"__complex__": [-119917.6640625, 1.641440266891283e-15]}, 26596], [0.04259856776755641, {"__complex__": [-114773.6953125, 1.6000023774962423e-14]}, 34106], [0.047587414767721, {"__complex__": [-113950.3203125, -1.912568715867983e-14]}, 42608], [0.05257305960447773, {"__complex__": [-109973.59375, 1.8477556182165678e-14]}, 51978], [0.05757162681960106, {"__complex__": [-107680.484375, 2.7878122224855298e-15]}, 62638], [0.06257127681745428, {"__complex__": [-103872.3359375, 8.590385381387986e-15]}, 73688], [0.06755955124189791, {"__complex__": [-102082.34375, 1.3545170674921902e-15]}, 85946], [0.07255193422920818, {"__complex__": [-101331.796875, 1.0272630295842943e-15]}, 99160], [0.07755520865796464, {"__complex__": [-99168.7109375, -1.713705200423639e-14]}, 113786], [0.08255574296704431, {"__complex__": [-97037.140625, -1.1340156507179378e-15]}, 128322], [0.08754743106291207, {"__complex__": [-96535.3359375, 5.239503560292187e-15]}, 144422], [0.09254235956007546, {"__complex__": [-94026.0859375, -4.324384834188165e-15]}, 161524], [0.09754196007615963, {"__complex__": [-93486.6328125, -4.822218284541513e-15]}, 179552], [0.10254247600697784, {"__complex__": [-90842.2109375, 2.0531803355736383e-15]}, 198450], [0.10753335761292585, {"__complex__": [-90609.421875, -3.48000648819056e-15]}, 217442], [0.11253003843838996, {"__complex__": [-89493.28125, -1.64105634920794e-15]}, 239420], [0.11753434644351377, {"__complex__": [-88763.5390625, 2.568070488385846e-15]}, 260658], [0.12253311631244472, {"__complex__": [-88266.0625, 3.0828150574102446e-16]}, 283220], [0.12753384756435154, {"__complex__": [-88817.9765625, -8.904831116463095e-15]}, 307222], [0.13253286652814153, {"__complex__": [-87890.3359375, 1.5826378632643502e-15]}, 331010], [0.13753001632364623, {"__complex__": [-88014.0234375, -1.9561874398164956e-15]}, 357068], [0.14252958809208216, {"__complex__": [-87320.8203125, 9.873222497477018e-16]}, 383208], [0.14752701975776128, {"__complex__": [-86669.734375, -6.806819021057181e-15]}, 410466], [0.15252711048731454, {"__complex__": [-86657.5, 7.285726790753552e-15]}, 439410], [0.15752707005565847, {"__complex__": [-85967.75, -5.349420061242062e-15]}, 467888], [0.1625247208815326, {"__complex__": [-85211.0, -5.838023049462045e-17]}, 498522], [0.16752508638759905, {"__complex__": [-84997.6171875, -6.153238658076869e-15]}, 529742], [0.17252662515833334, {"__complex__": [-85776.2421875, 3.2631793944623783e-15]}, 561888], [0.17752382690217283, {"__complex__": [-85223.765625, -7.054381340551195e-15]}, 594092], [0.1825226202780035, {"__complex__": [-84701.7890625, -1.8504647048675949e-16]}, 629114], [0.18752332358156373, {"__complex__": [-84430.640625, 3.948209296680854e-16]}, 663426], [0.192522722102735, {"__complex__": [-84836.6875, -4.03486134952012e-15]}, 699670], [0.19752248871933928, {"__complex__": [-84528.75, -1.1862684514895655e-16]}, 736018], [0.20252022711749867, {"__complex__": [-83614.3515625, 1.9556800670810903e-15]}, 773848], [0.20751964258640443, {"__complex__": [-83855.65625, -5.908978073011252e-16]}, 812684], [0.21252168122521664, {"__complex__": [-83048.5625, -6.822260114048271e-17]}, 853202], [0.2175197074390014, {"__complex__": [-83418.078125, -7.18185895208002e-16]}, 891530], [0.22251572425010416, {"__complex__": [-83457.1015625, 6.230102556996342e-16]}, 934297]]}, "attrs": {"poles": [0], "dk": 0.005, "kmin": 0.0, "kmax": null, "Nmesh": {"__dtype__": "<i8", "__shape__": [3], "__data__": [512, 512, 512]}, "BoxSize": {"__dtype__": "<f8", "__shape__": [3], "__data__": [3427.0, 7190.0, 3024.0]}, "BoxPad": {"__dtype__": "<f8", "__shape__": [3], "__data__": [0.1, 0.1, 0.1]}, "BoxCenter": {"__dtype__": "<f8", "__shape__": [3], "__data__": [-1749.8991800464983, 38.18144663473072, 1910.92226595055]}, "mesh.resampler": "tsc", "mesh.interlaced": true, "alpha": 0.04972764927376954, "data.norm": -1.4796293685882393, "randoms.norm": -1.4799951123900894, "shotnoise": 54301.82029417188, "first.data.N": 238997, "first.data.W": 238997.0, "first.data.W2": 205991.49222181088, "first.data.num_per_cell": 0.0015347562150792098, "first.randoms.N": 4806119, "first.randoms.W": 4806119.0, "first.randoms.W2": 4142254.6451621717, "first.randoms.num_per_cell": 0.030862202086762873, "first.data.ext": 1, "first.randoms.ext": 1, "second.data.N": 238997, "second.data.W": 238997.0, "second.data.W2": -97466.1302478666, "second.data.num_per_cell": -0.0007261792588820055, "second.randoms.N": 4806119, "second.randoms.W": 4806119.0, "second.randoms.W2": -1960524.0487624805, "second.randoms.num_per_cell": -0.014607042437512282, "second.data.ext": 1, "second.randoms.ext": 1}}, "attrs": {"poles": [0], "dk": 0.005, "kmin": 0.0, "kmax": null, "Nmesh": {"__dtype__": "<i8", "__shape__": [3], "__data__": [512, 512, 512]}, "BoxSize": {"__dtype__": "<f8", "__shape__": [3], "__data__": [3427.0, 7190.0, 3024.0]}, "BoxPad": {"__dtype__": "<f8", "__shape__": [3], "__data__": [0.1, 0.1, 0.1]}, "BoxCenter": {"__dtype__": "<f8", "__shape__": [3], "__data__": [-1749.8991800464983, 38.18144663473072, 1910.92226595055]}, "mesh.resampler": "tsc", "mesh.interlaced": true, "alpha": 0.04972764927376954, "data.norm": -1.4796293685882393, "randoms.norm": -1.4799951123900894, "shotnoise": 54301.82029417188, "first.data.N": 238997, "first.data.W": 238997.0, "first.data.W2": 205991.49222181088, "first.data.num_per_cell": 0.0015347562150792098, "first.randoms.N": 4806119, "first.randoms.W": 4806119.0, "first.randoms.W2": 4142254.6451621717, "first.randoms.num_per_cell": 0.030862202086762873, "first.data.ext": 1, "first.randoms.ext": 1, "second.data.N": 238997, "second.data.W": 238997.0, "second.data.W2": -97466.1302478666, "second.data.num_per_cell": -0.0007261792588820055, "second.randoms.N": 4806119, "second.randoms.W": 4806119.0, "second.randoms.W2": -1960524.0487624805, "second.randoms.num_per_cell": -0.014607042437512282, "second.data.ext": 1, "second.randoms.ext": 1, "p": 3.0, "zmin": 0.8, "zmax": 2.2, "P0_FKP": 30000.0, "z-weighted": true, "hashkeys": ["Nmesh", "P0_FKP", "dk", "kmin", "mesh.window", "mesh.interlaced", "poles", "p", "BoxPad", "zmin", "zmax", "z-weighted"]}}