{"poles": {"dims": ["k"], "edges": [{"__dtype__": "<f8", "__shape__": [57], "__data__": [0.0, 0.005, 0.01, 0.015, 0.02, 0.025, 0.03, 0.035, 0.04, 0.045, 0.05, 0.055, 0.06, 0.065, 0.07, 0.075, 0.08, 0.085, 0.09, 0.095, 0.1, 0.105, 0.11, 0.115, 0.12, 0.125, 0.13, 0.135, 0.14, 0.145, 0.15, 0.155, 0.16, 0.165, 0.17, 0.17500000000000002, 0.18, 0.185, 0.19, 0.195, 0.2, 0.20500000000000002, 0.21, 0.215, 0.22, 0.225, 0.23, 0.23500000000000001, 0.24, 0.245, 0.25, 0.255, 0.26, 0.265, 0.27, 0.275, 0.28]}], "coords": [{"__dtype__": "<f8", "__shape__": [56], "__data__": [0.0025, 0.0075, 0.0125, 0.0175, 0.0225, 0.0275, 0.0325, 0.037500000000000006, 0.042499999999999996, 0.0475, 0.052500000000000005, 0.057499999999999996, 0.0625, 0.0675, 0.07250000000000001, 0.0775, 0.0825, 0.0875, 0.0925, 0.0975, 0.10250000000000001, 0.1075, 0.1125, 0.1175, 0.1225, 0.1275, 0.1325, 0.1375, 0.14250000000000002, 0.1475, 0.1525, 0.1575, 0.1625, 0.1675, 0.17250000000000001, 0.1775, 0.1825, 0.1875, 0.1925, 0.1975, 0.2025, 0.20750000000000002, 0.2125, 0.2175, 0.2225, 0.2275, 0.2325, 0.2375, 0.2425, 0.2475, 0.2525, 0.2575, 0.2625, 0.2675, 0.2725, 0.2775]}], "data": {"__dtype__": [["k", "<f8"], ["power_0", "<c8"], ["modes", "<i8"]], "__shape__": [56], "__data__": [[0.0038170308417389016, {"__complex__": [119981.203125, -1.4407836631657317e-13]}, 101], [0.008103194337611613, {"__complex__": [126387.40625, -2.7416651306004514e-13]}, 690], [0.012884253612708748, {"__complex__": [121289.046875, 2.601371537885172e-13]}, 1846], [0.017778591226528088, {"__complex__": [113901.7890625, 1.2956630668532754e-13]}, 3594], [0.022696180031214125, {"__complex__": [110841.484375, -8.955024764258079e-14]}, 5850], [0.027656876950780854, {"__complex__": [109154.28125, 2.3030388766843643e-14]}, 8846], [0.03263031842172855, {"__complex__": [103446.609375, 2.6159677451575297e-14]}, 12238], [0.03760773278978998, {"__complex__": [98970.8984375, 2.310956432455529e-14]}, 16372], [0.042611432603901704, {"__complex__": [94836.0234375, -1.2415133008561625e-14]}, 21098], [0.047598625261076555, {"__complex__": [93576.5078125, -6.6838772709609025e-15]}, 26126], [0.05257608847002316, {"__complex__": [92628.953125, 7.28780032740843e-15]}, 31948], [0.0575722400254091, {"__complex__": [90448.0234375, -3.0222046619573974e-15]}, 38520], [0.06257183899165647, {"__complex__": [89698.6171875, 5.7715156371001934e-15]}, 45384], [0.06756395817798543, {"__complex__": [88312.109375, -1.2116498837512913e-14]}, 52844], [0.07255223715926992, {"__complex__": [87381.0234375, -9.78689226421815e-15]}, 60962], [0.07754513565557876, {"__complex__": [85997.484375, 2.191553543661232e-15]}, 69720], [0.08254309768082231, {"__complex__": [84898.4296875, 6.4423212620958684e-15]}, 79058], [0.08754846965730219, {"__complex__": [82324.796875, 1.6643067471595364e-14]}, 89184], [0.09255035825109541, {"__complex__": [81468.890625, 3.2250936167802727e-15]}, 99266], [0.09754308894103834, {"__complex__": [81130.4375, -3.2987367787969298e-15]}, 110284], [0.10254495333868428, {"__complex__": [80417.71875, -6.869609996953616e-15]}, 122332], [0.10754411536433005, {"__complex__": [80550.5859375, -2.282329429343765e-15]}, 133894], [0.11253593927999243, {"__complex__": [79404.421875, 3.616034897321917e-15]}, 146886], [0.11753521934535839, {"__complex__": [78888.2265625, 6.348765520159565e-16]}, 160446], [0.12253836261879712, {"__complex__": [78475.8671875, -3.253968758193935e-15]}, 174410], [0.12753940742861694, {"__complex__": [79010.5078125, 2.3121278366699345e-16]}, 188812], [0.13253449275583742, {"__complex__": [77609.2421875, 1.608665385788462e-15]}, 203534], [0.13752735856051732, {"__complex__": [77069.0078125, -3.7159813969661355e-15]}, 219298], [0.14252637303565893, {"__complex__": [76696.6796875, 4.8095720826390066e-15]}, 235998], [0.14752778213249573, {"__complex__": [76546.25, -1.3824844013446327e-15]}, 252622], [0.15252859394943336, {"__complex__": [76723.03125, -1.939177959444445e-15]}, 270150], [0.15752737725990107, {"__complex__": [75912.4921875, -1.3142165104112515e-15]}, 287890], [0.16252318086295436, {"__complex__": [76218.0703125, 2.755594689062002e-15]}, 306290], [0.16752171662883417, {"__complex__": [75914.234375, 1.6744713754606485e-15]}, 325892], [0.17252332556413205, {"__complex__": [75364.3828125, -3.5359212506211844e-15]}, 345698], [0.17752590600663323, {"__complex__": [75242.4140625, -1.5305753007987199e-15]}, 366038], [0.18252663981435202, {"__complex__": [74708.6796875, 3.0102791262743265e-16]}, 386726], [0.18752558778492195, {"__complex__": [75423.28125, -1.1053514205081418e-15]}, 408114], [0.19252242297195934, {"__complex__": [75044.515625, 1.4727768429725202e-15]}, 429806], [0.19751904423608965, {"__complex__": [74485.140625, -9.720986324658187e-16]}, 452830], [0.20251887067174668, {"__complex__": [74852.828125, -3.239504400070147e-15]}, 476154], [0.20751948554117577, {"__complex__": [74849.203125, 2.4445849431374306e-15]}, 500028], [0.21251881443550635, {"__complex__": [73958.515625, 4.997128047050685e-16]}, 524170], [0.21751867610241057, {"__complex__": [73865.1015625, 1.9071556671152595e-15]}, 549372], [0.22251844081965122, {"__complex__": [74025.375, -1.2155380190890727e-15]}, 574636], [0.22751792056011322, {"__complex__": [73862.8203125, -1.840102209670004e-15]}, 601024], [0.23251787931156814, {"__complex__": [73697.9609375, -2.249316108466292e-15]}, 627540], [0.23751817389856275, {"__complex__": [73915.2890625, -1.3105470578046274e-15]}, 655118], [0.2425175620472347, {"__complex__": [73881.8125, -1.9830203847943277e-15]}, 682458], [0.24751678874549032, {"__complex__": [73654.796875, 5.728101598663385e-16]}, 711324], [0.2525169460385465, {"__complex__": [73549.109375, -9.534621076812111e-16]}, 740216], [0.25751725192586483, {"__complex__": [73274.515625, -4.53539079986546e-16]}, 770046], [0.26251676654270495, {"__complex__": [73675.5703125, -1.1828044308424303e-15]}, 799688], [0.26751687050898615, {"__complex__": [73812.75, -1.3172584174830785e-15]}, 831296], [0.27251696736999614, {"__complex__": [73940.1328125, -1.3594239293556343e-15]}, 861710], [0.27751167981091424, {"__complex__": [73851.75, -1.0928595903602722e-15]}, 892135]]}, "attrs": {"poles": [0], "dk": 0.005, "kmin": 0.0, "kmax": null, "Nmesh": {"__dtype__": "<i8", "__shape__": [3], "__data__": [512, 512, 512]}, "BoxSize": {"__dtype__": "<f8", "__shape__": [3], "__data__": [2668.0, 5788.0, 2968.0]}, "BoxPad": {"__dtype__": "<f8", "__shape__": [3], "__data__": [0.1, 0.1, 0.1]}, "BoxCenter": {"__dtype__": "<f8", "__shape__": [3], "__data__": [2581.610409955758, 41.78867098931846, 887.7034066890656]}, "mesh.resampler": "tsc", "mesh.interlaced": true, "alpha": 0.0500157706745018, "data.norm": 1.034718699508334, "randoms.norm": 1.034654033126451, "shotnoise": 72550.9161805585, "first.data.N": 140812, "first.data.W": 140812.0, "first.data.W2": 125420.5258303668, "first.data.num_per_cell": 0.0009344557362077146, "first.randoms.N": 2815352, "first.randoms.W": 2815352.0, "first.randoms.W2": 2507659.537328478, "first.randoms.num_per_cell": 0.018683519492510542, "first.data.ext": 1, "first.randoms.ext": 1, "second.data.N": 140812, "second.data.W": 140812.0, "second.data.W2": 74794.9940502081, "second.data.num_per_cell": 0.0005572661314175136, "second.randoms.N": 2815352, "second.randoms.W": 2815352.0, "second.randoms.W2": 1495384.226595439, "second.randoms.num_per_cell": 0.011141480703617923, "second.data.ext": 1, "second.randoms.ext": 1}}, "attrs": {"poles": [0], "dk": 0.005, "kmin": 0.0, "kmax": null, "Nmesh": {"__dtype__": "<i8", "__shape__": [3], "__data__": [512, 512, 512]}, "BoxSize": {"__dtype__": "<f8", "__shape__": [3], "__data__": [2668.0, 5788.0, 2968.0]}, "BoxPad": {"__dtype__": "<f8", "__shape__": [3], "__data__": [0.1, 0.1, 0.1]}, "BoxCenter": {"__dtype__": "<f8", "__shape__": [3], "__data__": [2581.610409955758, 41.78867098931846, 887.7034066890656]}, "mesh.resampler": "tsc", "mesh.interlaced": true, "alpha": 0.0500157706745018, "data.norm": 1.034718699508334,