{"poles": {"dims": ["k"], "edges": [{"__dtype__": "<f8", "__shape__": [46], "__data__": [0.0, 0.005, 0.01, 0.015, 0.02, 0.025, 0.03, 0.035, 0.04, 0.045, 0.05, 0.055, 0.06, 0.065, 0.07, 0.075, 0.08, 0.085, 0.09, 0.095, 0.1, 0.105, 0.11, 0.115, 0.12, 0.125, 0.13, 0.135, 0.14, 0.145, 0.15, 0.155, 0.16, 0.165, 0.17, 0.17500000000000002, 0.18, 0.185, 0.19, 0.195, 0.2, 0.20500000000000002, 0.21, 0.215, 0.22, 0.225]}], "coords": [{"__dtype__": "<f8", "__shape__": [45], "__data__": [0.0025, 0.0075, 0.0125, 0.0175, 0.0225, 0.0275, 0.0325, 0.037500000000000006, 0.042499999999999996, 0.0475, 0.052500000000000005, 0.057499999999999996, 0.0625, 0.0675, 0.07250000000000001, 0.0775, 0.0825, 0.0875, 0.0925, 0.0975, 0.10250000000000001, 0.1075, 0.1125, 0.1175, 0.1225, 0.1275, 0.1325, 0.1375, 0.14250000000000002, 0.1475, 0.1525, 0.1575, 0.1625, 0.1675, 0.17250000000000001, 0.1775, 0.1825, 0.1875, 0.1925, 0.1975, 0.2025, 0.20750000000000002, 0.2125, 0.2175, 0.2225]}], "data": {"__dtype__": [["k", "<f8"], ["power_0", "<c8"], ["modes", "<i8"]], "__shape__": [45], "__data__": [[0.0038163421321609696, {"__complex__": [80143.109375, -1.0892151845178985e-13]}, 167], [0.008053756606559387, {"__complex__": [108604.015625, -2.488081626578903e-13]}, 1082], [0.012823082093008652, {"__complex__": [105784.21875, 7.314970603257507e-15]}, 2984], [0.01772117723367997, {"__complex__": [97412.9765625, -2.268223789673139e-14]}, 5774], [0.022662415779932048, {"__complex__": [101541.640625, -3.83085558175629e-14]}, 9544], [0.027647981685278454, {"__complex__": [99307.3984375, -2.7334193665028844e-14]}, 14374], [0.032639444808790774, {"__complex__": [91345.96875, -1.4603025887583061e-15]}, 19930], [0.03761203417138318, {"__complex__": [87377.8125, -4.752736595394717e-15]}, 26408], [0.04260462560215609, {"__complex__": [85898.640625, -4.355461202473505e-15]}, 34246], [0.04759705645225983, {"__complex__": [84858.0, -5.328231108550022e-15]}, 42332], [0.052578585437291415, {"__complex__": [83978.8984375, 5.811467640123337e-15]}, 51958], [0.057575656018715976, {"__complex__": [82493.296875, 1.0040312663575374e-14]}, 62322], [0.06256997106218792, {"__complex__": [79753.8671875, -5.938910946817798e-15]}, 73508], [0.06755986728163688, {"__complex__": [79312.2109375, -5.176382665062797e-15]}, 85742], [0.07255554138891668, {"__complex__": [76476.3984375, -7.716301272292817e-16]}, 99008], [0.07755541810658893, {"__complex__": [75658.0078125, 2.442329717915366e-15]}, 113206], [0.08255242329003351, {"__complex__": [75116.0390625, -5.566567121666069e-15]}, 128094], [0.087550342279668, {"__complex__": [73698.9765625, -1.286271305294556e-15]}, 144244], [0.09254215115946857, {"__complex__": [72271.5859375, -9.417425809988243e-15]}, 160702], [0.09753827381375738, {"__complex__": [71962.5625, -3.8573181615779353e-16]}, 179196], [0.10253771255388244, {"__complex__": [71543.4921875, -1.5091529905297114e-15]}, 197670], [0.1075359381290121, {"__complex__": [70439.1328125, 0.0]}, 217746], [0.11253601930518708, {"__complex__": [70629.7109375, 6.415433895251175e-15]}, 238168], [0.11753583051536605, {"__complex__": [69428.3203125, 1.9016408473539236e-15]}, 260178], [0.12253522499807443, {"__complex__": [68966.203125, 3.736731639531057e-16]}, 282336], [0.1275329749053939, {"__complex__": [68742.484375, -1.847998886079019e-15]}, 306118], [0.1325295947249835, {"__complex__": [68291.59375, -2.0607096114417817e-15]}, 330130], [0.1375287413065991, {"__complex__": [68295.859375, 3.9822046993211093e-16]}, 356288], [0.14252861247865017, {"__complex__": [68116.953125, 3.0469950928620443e-16]}, 382066], [0.14752706417960754, {"__complex__": [68182.8671875, 1.5985962816279765e-15]}, 409632], [0.1525283585251088, {"__complex__": [67250.3359375, -1.370127355314495e-15]}, 438110], [0.15752678021786778, {"__complex__": [66473.875, 1.185268449685993e-15]}, 466538], [0.1625254710350851, {"__complex__": [66623.7265625, 1.3529903435443235e-16]}, 497436], [0.16752755164762767, {"__complex__": [66319.3984375, -9.638525549660612e-16]}, 528418], [0.172528024365317, {"__complex__": [66349.7421875, -1.688784114686878e-16]}, 560092], [0.17752442651146283, {"__complex__": [66000.5390625, 7.029192910040457e-16]}, 592598], [0.18252431445712028, {"__complex__": [65763.3359375, -5.332903024649722e-16]}, 627602], [0.1875234995694219, {"__complex__": [65874.3828125, 1.0167377981817123e-15]}, 661052], [0.1925208843940274, {"__complex__": [65660.3828125, 4.613958929074809e-16]}, 697798], [0.1975201226833814, {"__complex__": [65554.140625, -8.848141107127496e-16]}, 733916], [0.20251934740798866, {"__complex__": [65068.77734375, 1.425056594910989e-15]}, 772242], [0.20751989262553974, {"__complex__": [65142.5078125, -1.840523608561263e-15]}, 810406], [0.2125193031137353, {"__complex__": [64919.72265625, -1.943053770452844e-15]}, 850024], [0.2175182124460396, {"__complex__": [64548.1484375, 1.2338752236059443e-15]}, 890422], [0.2225171944085551, {"__complex__": [64882.69921875, 6.054255870168389e-16]}, 931389]]}, "attrs": {"poles": [0], "dk": 0.005, "kmin": 0.0, "kmax": null, "Nmesh": {"__dtype__": "<i8", "__shape__": [3], "__data__": [512, 512, 512]}, "BoxSize": {"__dtype__": "<f8", "__shape__": [3], "__data__": [3422.0, 7193.0, 3019.0]}, "BoxPad": {"__dtype__": "<f8", "__shape__": [3], "__data__": [0.1, 0.1, 0.1]}, "BoxCenter": {"__dtype__": "<f8", "__shape__": [3], "__data__": [-1747.1899168512766, 36.06581476764063, 1913.3798661902724]}, "mesh.resampler": "tsc", "mesh.interlaced": true, "alpha": 0.0499854701866327, "data.norm": 5.5468402473754645, "randoms.norm": 5.547352133807333, "shotnoise": 63017.78777946652, "first.data.N": 240298, "first.data.W": 240298.0, "first.data.W2": 207039.86443649294, "first.data.num_per_cell": 0.001542567196760274, "first.randoms.N": 4807357, "first.randoms.W": 4807357.0, "first.randoms.W2": 4142242.5523527465, "first.randoms.num_per_cell": 0.030862111988311607, "first.data.ext": 1, "first.randoms.ext": 1, "second.data.N": 240298, "second.data.W": 240298.0, "second.data.W2": 375004.183447659, "second.data.num_per_cell": 0.002793998892960392, "second.randoms.N": 4807357, "second.randoms.W": 4807357.0, "second.randoms.W2": 7503269.528395176, "second.randoms.num_per_cell": 0.0559037143617509, "second.data.ext": 1, "second.randoms.ext": 1}}, "attrs": {"poles": [0], "dk": 0.005, "kmin": 0.0, "kmax": null, "Nmesh": {"__dtype__": "<i8", "__shape__": [3], "__data__": [512, 512, 512]}, "BoxSize": {"__dtype__": "<f8", "__shape__": [3], "__data__": [3422.0, 7193.0, 3019.0]}, "BoxPad": {"__dtype__": "<f8", "__shape__": [3], "__data__": [0.1, 0.1, 0.1]}, "BoxCenter": {"__dtype__": "<f8", "__shape__": [3], "__data__": [-1747.1899168512766, 36.06581476764063, 1913.3798661902724]}, "mesh.resampler": "tsc", "mesh.interlaced": true, "alpha": 0.0499854701866327, "data.norm": 5.5468402473754645, "randoms.norm": 5.547352133807333, "shotnoise": 63017.78777946652, "first.data.N": 240298, "first.data.W": 240298.0, "first.data.W2": 207039.86443649294, "first.data.num_per_cell": 0.001542567196760274, "first.randoms.N": 4807357, "first.randoms.W": 4807357.0, "first.randoms.W2": 4142242.5523527465, "first.randoms.num_per_cell": 0.030862111988311607, "first.data.ext": 1, "first.randoms.ext": 1, "second.data.N": 240298, "second.data.W": 240298.0, "second.data.W2": 375004.183447659, "second.data.num_per_cell": 0.002793998892960392, "second.randoms.N": 4807357, "second.randoms.W": 4807357.0, "second.randoms.W2": 7503269.528395176, "second.randoms.num_per_cell": 0.0559037143617509, "second.data.ext": 1, "second.randoms.ext": 1, "p": 0.0, "zmin": 0.8, "zmax": 2.2, "P0_FKP": 30000.0, "z-weighted": true, "hashkeys": ["Nmesh", "P0_FKP", "dk", "kmin", "mesh.window", "mesh.interlaced", "poles", "p", "BoxPad", "zmin", "zmax", "z-weighted"]}}