{"poles": {"dims": ["k"], "edges": [{"__dtype__": "<f8", "__shape__": [46], "__data__": [0.0, 0.005, 0.01, 0.015, 0.02, 0.025, 0.03, 0.035, 0.04, 0.045, 0.05, 0.055, 0.06, 0.065, 0.07, 0.075, 0.08, 0.085, 0.09, 0.095, 0.1, 0.105, 0.11, 0.115, 0.12, 0.125, 0.13, 0.135, 0.14, 0.145, 0.15, 0.155, 0.16, 0.165, 0.17, 0.17500000000000002, 0.18, 0.185, 0.19, 0.195, 0.2, 0.20500000000000002, 0.21, 0.215, 0.22, 0.225]}], "coords": [{"__dtype__": "<f8", "__shape__": [45], "__data__": [0.0025, 0.0075, 0.0125, 0.0175, 0.0225, 0.0275, 0.0325, 0.037500000000000006, 0.042499999999999996, 0.0475, 0.052500000000000005, 0.057499999999999996, 0.0625, 0.0675, 0.07250000000000001, 0.0775, 0.0825, 0.0875, 0.0925, 0.0975, 0.10250000000000001, 0.1075, 0.1125, 0.1175, 0.1225, 0.1275, 0.1325, 0.1375, 0.14250000000000002, 0.1475, 0.1525, 0.1575, 0.1625, 0.1675, 0.17250000000000001, 0.1775, 0.1825, 0.1875, 0.1925, 0.1975, 0.2025, 0.20750000000000002, 0.2125, 0.2175, 0.2225]}], "data": {"__dtype__": [["k", "<f8"], ["power_0", "<c8"], ["modes", "<i8"]], "__shape__": [45], "__data__": [[0.003814128185892016, {"__complex__": [-95385.0859375, -2.6141166054732823e-13]}, 167], [0.008049169939166918, {"__complex__": [-133805.546875, -7.598735551374303e-13]}, 1082], [0.01281290843649681, {"__complex__": [-136081.921875, -3.906554577439228e-14]}, 2980], [0.017721799020345885, {"__complex__": [-130498.046875, -1.5027795969972148e-14]}, 5810], [0.02266819903752992, {"__complex__": [-133913.78125, -2.4375067123137e-14]}, 9552], [0.027645522103997622, {"__complex__": [-127554.3984375, -6.48101974106037e-14]}, 14370], [0.03263561492012534, {"__complex__": [-124966.515625, 5.681496533004385e-14]}, 19978], [0.03761771402938261, {"__complex__": [-114308.21875, 8.77546546849484e-15]}, 26532], [0.04260235760544902, {"__complex__": [-113780.8671875, -6.822675901346255e-15]}, 34126], [0.04758695645932023, {"__complex__": [-113769.65625, 4.148091104546475e-14]}, 42448], [0.05257199804800539, {"__complex__": [-107778.890625, 4.194924911452881e-14]}, 52034], [0.05757350037092389, {"__complex__": [-107055.3203125, -3.071693493636972e-14]}, 62534], [0.06257273030803985, {"__complex__": [-105012.796875, -1.9361460473613958e-14]}, 73656], [0.06756505897070433, {"__complex__": [-103428.03125, -1.4049844763357276e-14]}, 85966], [0.07255570949156853, {"__complex__": [-99307.2109375, 4.486972808413628e-15]}, 98916], [0.07755426279046936, {"__complex__": [-99883.7578125, -1.332006573995844e-14]}, 113618], [0.08255578400291767, {"__complex__": [-97690.5078125, 1.3609460475618503e-15]}, 128310], [0.08755063623670382, {"__complex__": [-97641.25, -2.8229911948508954e-15]}, 144334], [0.09254376619653967, {"__complex__": [-95627.7265625, 6.498808618798837e-15]}, 161220], [0.0975412932422613, {"__complex__": [-94716.9140625, -1.7035914152751857e-15]}, 179380], [0.10254215163083986, {"__complex__": [-92669.53125, -7.339739540701117e-15]}, 198262], [0.10753525800108281, {"__complex__": [-91815.4296875, 5.354250372502898e-16]}, 217426], [0.11253339654003883, {"__complex__": [-91861.453125, -1.3205999201083493e-14]}, 239116], [0.11753595648103608, {"__complex__": [-91167.3203125, -4.0247765752501104e-15]}, 260322], [0.12253210022502807, {"__complex__": [-89586.8359375, 7.411317212875895e-15]}, 282740], [0.12752999253720376, {"__complex__": [-89401.3203125, 1.233478494549274e-15]}, 306734], [0.1325295933702557, {"__complex__": [-89737.890625, 5.1006587666112095e-15]}, 330942], [0.13753005434195426, {"__complex__": [-88344.109375, 1.14176166114146e-15]}, 356864], [0.1425288773593504, {"__complex__": [-89120.171875, 3.4994463178465197e-15]}, 382568], [0.14752581169535034, {"__complex__": [-87479.0625, -2.2701562953423e-15]}, 410246], [0.15252796448594066, {"__complex__": [-87350.7578125, -4.0513119999052195e-15]}, 439110], [0.15752839562804946, {"__complex__": [-86679.7421875, -5.074649349416345e-15]}, 467414], [0.16252663501917083, {"__complex__": [-86332.4140625, 5.075631484118687e-15]}, 498144], [0.1675265242284464, {"__complex__": [-86468.453125, 5.191866744975961e-16]}, 529034], [0.17252646151759538, {"__complex__": [-86371.546875, 2.126365888040541e-15]}, 561172], [0.17752370362362604, {"__complex__": [-85591.0078125, 1.3236412342571132e-15]}, 593668], [0.18252251573444706, {"__complex__": [-84765.25, -3.8560480356735274e-15]}, 628336], [0.18752302190387438, {"__complex__": [-85363.2890625, -9.922918132250665e-15]}, 662856], [0.19252388159130146, {"__complex__": [-84784.59375, -5.93072405574523e-16]}, 699290], [0.19752232478684156, {"__complex__": [-85143.5546875, -4.041042995969182e-15]}, 734610], [0.20252005853890528, {"__complex__": [-84725.125, 8.275143435342459e-16]}, 773744], [0.20752070365416736, {"__complex__": [-84725.8828125, -2.1514461100922673e-15]}, 811654], [0.21252116518123296, {"__complex__": [-84593.40625, 1.844660940992127e-15]}, 851976], [0.21751882689741694, {"__complex__": [-83806.8828125, 2.4376394847281822e-15]}, 890974], [0.22251593346784054, {"__complex__": [-83809.4453125, -8.730778339538308e-16]}, 933373]]}, "attrs": {"poles": [0], "dk": 0.005, "kmin": 0.0, "kmax": null, "Nmesh": {"__dtype__": "<i8", "__shape__": [3], "__data__": [512, 512, 512]}, "BoxSize": {"__dtype__": "<f8", "__shape__": [3], "__data__": [3427.0, 7190.0, 3021.0]}, "BoxPad": {"__dtype__": "<f8", "__shape__": [3], "__data__": [0.1, 0.1, 0.1]}, "BoxCenter": {"__dtype__": "<f8", "__shape__": [3], "__data__": [-1750.8690501767137, 36.91052229714319, 1911.7865195861252]}, "mesh.resampler": "tsc", "mesh.interlaced": true, "alpha": 0.04998988509341371, "data.norm": -1.4941517369457549, "randoms.norm": -1.4943761773137052, "shotnoise": 54324.64892421827, "first.data.N": 240438, "first.data.W": 240438.0, "first.data.W2": 207094.3607411247, "first.data.num_per_cell": 0.0015429732258701674, "first.randoms.N": 4809733, "first.randoms.W": 4809733.0, "first.randoms.W2": 4142613.9916254105, "first.randoms.num_per_cell": 0.030864879426549453, "first.data.ext": 1, "first.randoms.ext": 1, "second.data.N": 240438, "second.data.W": 240438.0, "second.data.W2": -98410.04705194882, "second.data.num_per_cell": -0.0007332119871076108, "second.randoms.N": 4809733, "second.randoms.W": 4809733.0, "second.randoms.W2": -1968965.8749138704, "second.randoms.num_per_cell": -0.014669938943638432, "second.data.ext": 1, "second.randoms.ext": 1}}, "attrs": {"poles": [0], "dk": 0.005, "kmin": 0.0, "kmax": null, "Nmesh": {"__dtype__": "<i8", "__shape__": [3], "__data__": [512, 512, 512]}, "BoxSize": {"__dtype__": "<f8", "__shape__": [3], "__data__": [3427.0, 7190.0, 3021.0]}, "BoxPad": {"__dtype__": "<f8", "__shape__": [3], "__data__": [0.1, 0.1, 0.1]}, "BoxCenter": {"__dtype__": "<f8", "__shape__": [3], "__data__": [-1750.8690501767137, 36.91052229714319, 1911.7865195861252]}, "mesh.resampler": "tsc", "mesh.interlaced": true, "alpha": 0.04998988509341371, "data.norm": -1.4941517369457549, "randoms.norm": -1.4943761773137052, "shotnoise": 54324.64892421827, "first.data.N": 240438, "first.data.W": 240438.0, "first.data.W2": 207094.3607411247, "first.data.num_per_cell": 0.0015429732258701674, "first.randoms.N": 4809733, "first.randoms.W": 4809733.0, "first.randoms.W2": 4142613.9916254105, "first.randoms.num_per_cell": 0.030864879426549453, "first.data.ext": 1, "first.randoms.ext": 1, "second.data.N": 240438, "second.data.W": 240438.0, "second.data.W2": -98410.04705194882, "second.data.num_per_cell": -0.0007332119871076108, "second.randoms.N": 4809733, "second.randoms.W": 4809733.0, "second.randoms.W2": -1968965.8749138704, "second.randoms.num_per_cell": -0.014669938943638432, "second.data.ext": 1, "second.randoms.ext": 1, "p": 3.0, "zmin": 0.8, "zmax": 2.2, "P0_FKP": 30000.0, "z-weighted": true, "hashkeys": ["Nmesh", "P0_FKP", "dk", "kmin", "mesh.window", "mesh.interlaced", "poles", "p", "BoxPad", "zmin", "zmax", "z-weighted"]}}