{"poles": {"dims": ["k"], "edges": [{"__dtype__": "<f8", "__shape__": [46], "__data__": [0.0, 0.005, 0.01, 0.015, 0.02, 0.025, 0.03, 0.035, 0.04, 0.045, 0.05, 0.055, 0.06, 0.065, 0.07, 0.075, 0.08, 0.085, 0.09, 0.095, 0.1, 0.105, 0.11, 0.115, 0.12, 0.125, 0.13, 0.135, 0.14, 0.145, 0.15, 0.155, 0.16, 0.165, 0.17, 0.17500000000000002, 0.18, 0.185, 0.19, 0.195, 0.2, 0.20500000000000002, 0.21, 0.215, 0.22, 0.225]}], "coords": [{"__dtype__": "<f8", "__shape__": [45], "__data__": [0.0025, 0.0075, 0.0125, 0.0175, 0.0225, 0.0275, 0.0325, 0.037500000000000006, 0.042499999999999996, 0.0475, 0.052500000000000005, 0.057499999999999996, 0.0625, 0.0675, 0.07250000000000001, 0.0775, 0.0825, 0.0875, 0.0925, 0.0975, 0.10250000000000001, 0.1075, 0.1125, 0.1175, 0.1225, 0.1275, 0.1325, 0.1375, 0.14250000000000002, 0.1475, 0.1525, 0.1575, 0.1625, 0.1675, 0.17250000000000001, 0.1775, 0.1825, 0.1875, 0.1925, 0.1975, 0.2025, 0.20750000000000002, 0.2125, 0.2175, 0.2225]}], "data": {"__dtype__": [["k", "<f8"], ["power_0", "<c8"], ["modes", "<i8"]], "__shape__": [45], "__data__": [[0.0038142110936494012, {"__complex__": [85108.359375, 1.7427444036488549e-13]}, 167], [0.008049115881971191, {"__complex__": [111912.2578125, 1.3449090033648952e-14]}, 1082], [0.012813088256856063, {"__complex__": [106390.0625, 1.1719663054691326e-13]}, 2980], [0.01771405638465258, {"__complex__": [107057.625, -1.2440756432842426e-13]}, 5790], [0.022669283253313913, {"__complex__": [116152.9140625, -1.818989362888275e-14]}, 9600], [0.02765613482072661, {"__complex__": [99105.34375, 2.4297062164958458e-14]}, 14374], [0.03263222382476118, {"__complex__": [98541.625, -3.513540776682242e-14]}, 19880], [0.037609245536945, {"__complex__": [96243.953125, 2.737998638373978e-15]}, 26574], [0.04260069163096885, {"__complex__": [92832.84375, 1.6192467966512705e-14]}, 34150], [0.04758767504355012, {"__complex__": [89601.3203125, -2.416179947361142e-14]}, 42460], [0.05257179871573864, {"__complex__": [86747.109375, -5.59775169841042e-16]}, 51992], [0.05757074022954643, {"__complex__": [85256.3984375, 4.654825621801869e-16]}, 62524], [0.06257105592131523, {"__complex__": [84293.3046875, 4.7400374539330065e-15]}, 73680], [0.06756335668181211, {"__complex__": [81449.9375, -4.318628398278625e-15]}, 85924], [0.07255384740448943, {"__complex__": [81505.1953125, 4.6692602278933844e-15]}, 98950], [0.07755282481599034, {"__complex__": [80764.015625, -1.7936540992161305e-15]}, 113582], [0.08255286291514338, {"__complex__": [78991.828125, 3.2617182626283646e-15]}, 128266], [0.08755040610096242, {"__complex__": [77961.6640625, -2.0140781183548275e-15]}, 144502], [0.09254437124397852, {"__complex__": [77076.296875, -6.142335226463338e-15]}, 161100], [0.09753936871739445, {"__complex__": [75562.1640625, 6.978324134634863e-15]}, 179336], [0.10253997740965097, {"__complex__": [74394.8984375, 4.037141985730602e-15]}, 198248], [0.10753728294801755, {"__complex__": [74382.390625, -5.479336704142506e-15]}, 217774], [0.11253685694431169, {"__complex__": [73524.3203125, 5.968442327007346e-15]}, 238938], [0.11753720694334317, {"__complex__": [73644.28125, -3.354341262471063e-16]}, 260294], [0.12253318545844724, {"__complex__": [73471.578125, -2.135915549246123e-15]}, 282738], [0.12753244568880415, {"__complex__": [73108.3828125, 7.681413149865715e-15]}, 306898], [0.13253125984397932, {"__complex__": [72166.546875, 9.460038767015186e-16]}, 330724], [0.1375293850229343, {"__complex__": [71760.3828125, 5.384672725473839e-15]}, 356726], [0.14253120158632912, {"__complex__": [72130.3984375, -3.3421074067951917e-15]}, 383162], [0.14752680110906627, {"__complex__": [71933.8359375, -7.819215245988623e-16]}, 409430], [0.15252534242444812, {"__complex__": [71359.0625, -3.89202004263576e-16]}, 439322], [0.15752728602973265, {"__complex__": [70581.4140625, -1.899028809502828e-15]}, 467432], [0.1625256208592379, {"__complex__": [69781.4296875, -3.4913704939691604e-15]}, 498072], [0.16752438000115188, {"__complex__": [70033.9609375, -1.4307153043942398e-15]}, 528896], [0.17252332456389163, {"__complex__": [69968.734375, -1.608055310308202e-15]}, 561062], [0.1775219899731193, {"__complex__": [69513.9375, -2.4620581740481028e-15]}, 594002], [0.1825214646612584, {"__complex__": [69824.25, 2.7799745736850265e-16]}, 628146], [0.18752213750593705, {"__complex__": [69434.9453125, 1.0973004120491591e-16]}, 663078], [0.19252158148042198, {"__complex__": [68821.078125, -4.1657596506668724e-16]}, 698644], [0.19752101548849743, {"__complex__": [68518.0703125, 2.5720864833470155e-16]}, 735492], [0.20252083179579541, {"__complex__": [68612.5546875, -1.0913024261658636e-15]}, 773398], [0.20752021539991666, {"__complex__": [68728.84375, -2.541283071428929e-15]}, 811690], [0.21252113224418198, {"__complex__": [68483.15625, 1.4346891594662833e-15]}, 852004], [0.21752105916416162, {"__complex__": [68360.6875, -3.7534462465583444e-16]}, 891698], [0.2225165643883985, {"__complex__": [68423.2734375, 1.7853870576509286e-15]}, 932221]]}, "attrs": {"poles": [0], "dk": 0.005, "kmin": 0.0, "kmax": null, "Nmesh": {"__dtype__": "<i8", "__shape__": [3], "__data__": [512, 512, 512]}, "BoxSize": {"__dtype__": "<f8", "__shape__": [3], "__data__": [3434.0, 7180.0, 3019.0]}, "BoxPad": {"__dtype__": "<f8", "__shape__": [3], "__data__": [0.1, 0.1, 0.1]}, "BoxCenter": {"__dtype__": "<f8", "__shape__": [3], "__data__": [-1751.0265481462593, 38.906132469757495, 1912.950225453434]}, "mesh.resampler": "tsc", "mesh.interlaced": true, "alpha": 0.04979750791117865, "data.norm": 1.7904615652493758, "randoms.norm": 1.789914235382716, "shotnoise": 66851.53787690366, "first.data.N": 239603, "first.data.W": 239603.0, "first.data.W2": 206444.1138140579, "first.data.num_per_cell": 0.0015381285087321542, "first.randoms.N": 4811546, "first.randoms.W": 4811546.0, "first.randoms.W2": 4145492.3495132593, "first.randoms.num_per_cell": 0.030886324863979662, "first.data.ext": 1, "first.randoms.ext": 1, "second.data.N": 239603, "second.data.W": 239603.0, "second.data.W2": 122405.11027762709, "second.data.num_per_cell": 0.0009119891395988098, "second.randoms.N": 4811546, "second.randoms.W": 4811546.0, "second.randoms.W2": 2457268.838020566, "second.randoms.num_per_cell": 0.01830807952598159, "second.data.ext": 1, "second.randoms.ext": 1}}, "attrs": {"poles": [0], "dk": 0.005, "kmin": 0.0, "kmax": null, "Nmesh": {"__dtype__": "<i8", "__shape__": [3], "__data__": [512, 512, 512]}, "BoxSize": {"__dtype__": "<f8", "__shape__": [3], "__data__": [3434.0, 7180.0, 3019.0]}, "BoxPad": {"__dtype__": "<f8", "__shape__": [3], "__data__": [0.1, 0.1, 0.1]}, "BoxCenter": {"__dtype__": "<f8", "__shape__": [3], "__data__": [-1751.0265481462593, 38.906132469757495, 1912.950225453434]}, "mesh.resampler": "tsc", "mesh.interlaced": true, "alpha": 0.04979750791117865, "data.norm": 1.7904615652493758, "randoms.norm": 1.789914235382716, "shotnoise": 66851.53787690366, "first.data.N": 239603, "first.data.W": 239603.0, "first.data.W2": 206444.1138140579, "first.data.num_per_cell": 0.0015381285087321542, "first.randoms.N": 4811546, "first.randoms.W": 4811546.0, "first.randoms.W2": 4145492.3495132593, "first.randoms.num_per_cell": 0.030886324863979662, "first.data.ext": 1, "first.randoms.ext": 1, "second.data.N": 239603, "second.data.W": 239603.0, "second.data.W2": 122405.11027762709, "second.data.num_per_cell": 0.0009119891395988098, "second.randoms.N": 4811546, "second.randoms.W": 4811546.0, "second.randoms.W2": 2457268.838020566, "second.randoms.num_per_cell": 0.01830807952598159, "second.data.ext": 1, "second.randoms.ext": 1, "p": 1.6, "zmin": 0.8, "zmax": 2.2, "P0_FKP": 30000.0, "z-weighted": true, "hashkeys": ["Nmesh", "P0_FKP", "dk", "kmin", "mesh.window", "mesh.interlaced", "poles", "p", "BoxPad", "zmin", "zmax", "z-weighted"]}}