{"poles": {"dims": ["k"], "edges": [{"__dtype__": "<f8", "__shape__": [46], "__data__": [0.0, 0.005, 0.01, 0.015, 0.02, 0.025, 0.03, 0.035, 0.04, 0.045, 0.05, 0.055, 0.06, 0.065, 0.07, 0.075, 0.08, 0.085, 0.09, 0.095, 0.1, 0.105, 0.11, 0.115, 0.12, 0.125, 0.13, 0.135, 0.14, 0.145, 0.15, 0.155, 0.16, 0.165, 0.17, 0.17500000000000002, 0.18, 0.185, 0.19, 0.195, 0.2, 0.20500000000000002, 0.21, 0.215, 0.22, 0.225]}], "coords": [{"__dtype__": "<f8", "__shape__": [45], "__data__": [0.0025, 0.0075, 0.0125, 0.0175, 0.0225, 0.0275, 0.0325, 0.037500000000000006, 0.042499999999999996, 0.0475, 0.052500000000000005, 0.057499999999999996, 0.0625, 0.0675, 0.07250000000000001, 0.0775, 0.0825, 0.0875, 0.0925, 0.0975, 0.10250000000000001, 0.1075, 0.1125, 0.1175, 0.1225, 0.1275, 0.1325, 0.1375, 0.14250000000000002, 0.1475, 0.1525, 0.1575, 0.1625, 0.1675, 0.17250000000000001, 0.1775, 0.1825, 0.1875, 0.1925, 0.1975, 0.2025, 0.20750000000000002, 0.2125, 0.2175, 0.2225]}], "data": {"__dtype__": [["k", "<f8"], ["power_0", "<c8"], ["modes", "<i8"]], "__shape__": [45], "__data__": [[0.0038111759827022585, {"__complex__": [59380.80078125, 8.713722018244274e-14]}, 167], [0.008042475118668513, {"__complex__": [90163.6875, 8.405681207503124e-14]}, 1082], [0.012802614996772375, {"__complex__": [100871.3671875, 7.813109154878456e-14]}, 2980], [0.017709044683230465, {"__complex__": [108300.8046875, 6.444991702868677e-14]}, 5814], [0.02266801039840891, {"__complex__": [105011.5625, 1.0588711439780962e-14]}, 9620], [0.02764816581983752, {"__complex__": [98563.8828125, 8.455705618115247e-14]}, 14370], [0.03263099714151251, {"__complex__": [94832.7578125, -2.036249925727214e-14]}, 20010], [0.03761024004742545, {"__complex__": [90087.2109375, -1.0952818928311827e-15]}, 26572], [0.04259653629307248, {"__complex__": [90341.359375, -1.694776555151347e-14]}, 34238], [0.04758603762969571, {"__complex__": [85230.5390625, -1.3411352174749931e-14]}, 42588], [0.05257089026022211, {"__complex__": [83686.0390625, 1.9829302181370925e-14]}, 52104], [0.057567716963496114, {"__complex__": [82863.296875, 1.0686272694645713e-14]}, 62640], [0.06257099105943163, {"__complex__": [81945.140625, 6.19640599816779e-15]}, 73976], [0.06756261269339586, {"__complex__": [80575.734375, 3.3847174521463785e-16]}, 85986], [0.07254939236901087, {"__complex__": [78899.9921875, -2.0538219630311834e-15]}, 99194], [0.07755259498765303, {"__complex__": [77363.8671875, -2.0415861485916214e-15]}, 114044], [0.08255324788272812, {"__complex__": [77296.4453125, 3.3997153880873775e-15]}, 128410], [0.08754874926296734, {"__complex__": [74699.5546875, -9.689762996156499e-15]}, 144922], [0.09254669851318205, {"__complex__": [73580.8828125, -3.3752492781573005e-17]}, 161676], [0.09754208195067977, {"__complex__": [72499.390625, 8.100598532275317e-16]}, 179640], [0.10254171988577937, {"__complex__": [72715.03125, -1.7565760789830208e-15]}, 198822], [0.10753708199080922, {"__complex__": [72289.78125, -1.5349276737190677e-15]}, 218052], [0.1125332710737178, {"__complex__": [71463.6015625, 2.7800053315689237e-15]}, 239478], [0.11753424781570426, {"__complex__": [70584.34375, -4.125672175311727e-15]}, 261010], [0.12253334747885088, {"__complex__": [70585.4609375, -4.565363166583172e-15]}, 283684], [0.127533369709551, {"__complex__": [70476.6796875, -9.464660125835846e-17]}, 307500], [0.1325327326615693, {"__complex__": [69612.8359375, 1.842192263467354e-15]}, 331768], [0.13752970831148695, {"__complex__": [69394.9296875, -6.517704123907067e-16]}, 357228], [0.14252960668943612, {"__complex__": [68742.8671875, -9.374379383850543e-16]}, 384196], [0.14752901076281907, {"__complex__": [68598.3359375, -1.8945962860898464e-15]}, 410920], [0.1525262737435057, {"__complex__": [68529.421875, 1.737287232949909e-15]}, 439752], [0.15752648518678058, {"__complex__": [68301.5703125, -8.223665007973079e-16]}, 468922], [0.16252686629645927, {"__complex__": [68013.2578125, -1.7449020591457252e-15]}, 499338], [0.16752464857866745, {"__complex__": [67959.59375, 1.1463584030670907e-15]}, 529976], [0.17252449977976456, {"__complex__": [67298.328125, -8.790011353539801e-16]}, 562872], [0.17752499671025565, {"__complex__": [67493.3359375, 3.1157749093329223e-15]}, 595476], [0.1825237663321455, {"__complex__": [67318.7734375, 1.3637552323314192e-15]}, 629558], [0.18752229035838436, {"__complex__": [66942.15625, -2.8039808108991935e-15]}, 664286], [0.19252063932528968, {"__complex__": [66901.78125, 3.0330079319249156e-15]}, 700486], [0.19752097917530528, {"__complex__": [66343.8515625, 1.3813223780201182e-15]}, 737434], [0.20252004572218915, {"__complex__": [66518.7109375, -7.558407448781919e-16]}, 774918], [0.20751837526599357, {"__complex__": [66788.578125, 1.5200419167040206e-15]}, 813736], [0.21251923611360135, {"__complex__": [66251.2421875, 1.056425103408839e-15]}, 854030], [0.21751979096193436, {"__complex__": [65918.9296875, 1.3671502462631329e-15]}, 894094], [0.22251643659433415, {"__complex__": [65659.6328125, 5.137909687444678e-16]}, 934647]]}, "attrs": {"poles": [0], "dk": 0.005, "kmin": 0.0, "kmax": null, "Nmesh": {"__dtype__": "<i8", "__shape__": [3], "__data__": [512, 512, 512]}, "BoxSize": {"__dtype__": "<f8", "__shape__": [3], "__data__": [3437.0, 7189.0, 3020.0]}, "BoxPad": {"__dtype__": "<f8", "__shape__": [3], "__data__": [0.1, 0.1, 0.1]}, "BoxCenter": {"__dtype__": "<f8", "__shape__": [3], "__data__": [-1751.3886748577959, 36.14076517264061, 1912.3081124954642]}, "mesh.resampler": "tsc", "mesh.interlaced": true, "alpha": 0.04998489681152136, "data.norm": 3.200538198044489, "randoms.norm": 3.200738856711916, "shotnoise": 64369.6059867556, "first.data.N": 240274, "first.data.W": 240274.0, "first.data.W2": 207017.954104249, "first.data.num_per_cell": 0.001542403952063985, "first.randoms.N": 4806932, "first.randoms.W": 4806932.0, "first.randoms.W2": 4141613.2382457773, "first.randoms.num_per_cell": 0.030857423232836852, "first.data.ext": 1, "first.randoms.ext": 1, "second.data.N": 240274, "second.data.W": 240274.0, "second.data.W2": 217262.5826895237, "second.data.num_per_cell": 0.001618732383024124, "second.randoms.N": 4806932, "second.randoms.W": 4806932.0, "second.randoms.W2": 4346675.769963264, "second.randoms.num_per_cell": 0.03238525815280724, "second.data.ext": 1, "second.randoms.ext": 1}}, "attrs": {"poles": [0], "dk": 0.005, "kmin": 0.0, "kmax": null, "Nmesh": {"__dtype__": "<i8", "__shape__": [3], "__data__": [512, 512, 512]}, "BoxSize": {"__dtype__": "<f8", "__shape__": [3], "__data__": [3437.0, 7189.0, 3020.0]}, "BoxPad": {"__dtype__": "<f8", "__shape__": [3], "__data__": [0.1, 0.1, 0.1]}, "BoxCenter": {"__dtype__": "<f8", "__shape__": [3], "__data__": [-1751.3886748577959, 36.14076517264061, 1912.3081124954642]}, "mesh.resampler": "tsc", "mesh.interlaced": true, "alpha": 0.04998489681152136, "data.norm": 3.200538198044489, "randoms.norm": 3.200738856711916, "shotnoise": 64369.6059867556, "first.data.N": 240274, "first.data.W": 240274.0, "first.data.W2": 207017.954104249, "first.data.num_per_cell": 0.001542403952063985, "first.randoms.N": 4806932, "first.randoms.W": 4806932.0, "first.randoms.W2": 4141613.2382457773, "first.randoms.num_per_cell": 0.030857423232836852, "first.data.ext": 1, "first.randoms.ext": 1, "second.data.N": 240274, "second.data.W": 240274.0, "second.data.W2": 217262.5826895237, "second.data.num_per_cell": 0.001618732383024124, "second.randoms.N": 4806932, "second.randoms.W": 4806932.0, "second.randoms.W2": 4346675.769963264, "second.randoms.num_per_cell": 0.03238525815280724, "second.data.ext": 1, "second.randoms.ext": 1, "p": 1.0, "zmin": 0.8, "zmax": 2.2, "P0_FKP": 30000.0, "z-weighted": true, "hashkeys": ["Nmesh", "P0_FKP", "dk", "kmin", "mesh.window", "mesh.interlaced", "poles", "p", "BoxPad", "zmin", "zmax", "z-weighted"]}}