{"poles": {"dims": ["k"], "edges": [{"__dtype__": "<f8", "__shape__": [57], "__data__": [0.0, 0.005, 0.01, 0.015, 0.02, 0.025, 0.03, 0.035, 0.04, 0.045, 0.05, 0.055, 0.06, 0.065, 0.07, 0.075, 0.08, 0.085, 0.09, 0.095, 0.1, 0.105, 0.11, 0.115, 0.12, 0.125, 0.13, 0.135, 0.14, 0.145, 0.15, 0.155, 0.16, 0.165, 0.17, 0.17500000000000002, 0.18, 0.185, 0.19, 0.195, 0.2, 0.20500000000000002, 0.21, 0.215, 0.22, 0.225, 0.23, 0.23500000000000001, 0.24, 0.245, 0.25, 0.255, 0.26, 0.265, 0.27, 0.275, 0.28]}], "coords": [{"__dtype__": "<f8", "__shape__": [56], "__data__": [0.0025, 0.0075, 0.0125, 0.0175, 0.0225, 0.0275, 0.0325, 0.037500000000000006, 0.042499999999999996, 0.0475, 0.052500000000000005, 0.057499999999999996, 0.0625, 0.0675, 0.07250000000000001, 0.0775, 0.0825, 0.0875, 0.0925, 0.0975, 0.10250000000000001, 0.1075, 0.1125, 0.1175, 0.1225, 0.1275, 0.1325, 0.1375, 0.14250000000000002, 0.1475, 0.1525, 0.1575, 0.1625, 0.1675, 0.17250000000000001, 0.1775, 0.1825, 0.1875, 0.1925, 0.1975, 0.2025, 0.20750000000000002, 0.2125, 0.2175, 0.2225, 0.2275, 0.2325, 0.2375, 0.2425, 0.2475, 0.2525, 0.2575, 0.2625, 0.2675, 0.2725, 0.2775]}], "data": {"__dtype__": [["k", "<f8"], ["power_0", "<c8"], ["modes", "<i8"]], "__shape__": [56], "__data__": [[0.003818545722508715, {"__complex__": [107665.7421875, 8.644702250044933e-13]}, 101], [0.008106962540440082, {"__complex__": [117983.515625, 1.0544866303925648e-13]}, 690], [0.012890128806040069, {"__complex__": [118209.7421875, -2.2466391540101188e-13]}, 1846], [0.017781489765474584, {"__complex__": [111545.328125, 2.0289899216330027e-15]}, 3586], [0.022694872761148923, {"__complex__": [103287.3515625, 8.537223391332643e-14]}, 5838], [0.02764274254367962, {"__complex__": [103430.1328125, 2.3177111813967033e-14]}, 8790], [0.03262404896032612, {"__complex__": [102271.515625, 2.368090456462079e-15]}, 12290], [0.03761132052446861, {"__complex__": [96969.8984375, 3.5640253802946085e-15]}, 16332], [0.04261029401137258, {"__complex__": [96967.0703125, 2.764684199618988e-15]}, 21054], [0.04760123467122768, {"__complex__": [92746.5546875, 4.452510002405166e-15]}, 26146], [0.05258152324051219, {"__complex__": [92354.1640625, -1.8251493252938872e-14]}, 31892], [0.057570200540616505, {"__complex__": [90873.359375, 9.290231107463801e-15]}, 38376], [0.06256647123186973, {"__complex__": [87624.8515625, 4.732773722893827e-15]}, 45352], [0.06756000029107687, {"__complex__": [88726.078125, 3.3095099790948204e-15]}, 52764], [0.07255545551016553, {"__complex__": [86343.0546875, -6.674097005035431e-15]}, 61050], [0.07755044815017066, {"__complex__": [85423.140625, 9.418850731163762e-16]}, 69524], [0.08254507865459755, {"__complex__": [85074.828125, 4.6989216276403355e-15]}, 78970], [0.08754593887580935, {"__complex__": [82446.140625, 5.893717080400571e-15]}, 88886], [0.09254562429976548, {"__complex__": [82115.7421875, 5.573198542610123e-15]}, 99220], [0.09754252371342904, {"__complex__": [81239.453125, 3.9610701684959304e-16]}, 110212], [0.10254369171102178, {"__complex__": [79475.9921875, 9.538174380025843e-16]}, 122052], [0.1075444161276378, {"__complex__": [79755.0546875, -2.173257632000539e-15]}, 133918], [0.11253624495400298, {"__complex__": [79641.8046875, 2.8808986022899356e-15]}, 146484], [0.11753357166916796, {"__complex__": [79506.0390625, 3.3584972825663256e-15]}, 160316], [0.12253263004401162, {"__complex__": [78810.4765625, -3.1818811721849105e-15]}, 173788], [0.12753038681845535, {"__complex__": [77669.234375, -3.0082195127235185e-15]}, 188658], [0.132531580377993, {"__complex__": [78005.8828125, 2.3048024839838425e-15]}, 203618], [0.137529079008475, {"__complex__": [76799.0546875, -4.475974085593531e-15]}, 219044], [0.14252816175702315, {"__complex__": [76152.875, -9.263071578345243e-17]}, 235644], [0.1475294905005704, {"__complex__": [76262.21875, 1.095750725567488e-15]}, 252326], [0.1525292801339875, {"__complex__": [77455.5859375, -4.856934353401204e-15]}, 269650], [0.1575273549534851, {"__complex__": [76145.7265625, -1.6699002562816723e-15]}, 287570], [0.16252403000539986, {"__complex__": [75582.78125, 2.473343194004372e-15]}, 305942], [0.16752320642559596, {"__complex__": [76042.0, -1.419600855697724e-15]}, 325460], [0.17252374524188357, {"__complex__": [74796.8125, 2.361488681671179e-15]}, 345082], [0.17752419808631598, {"__complex__": [74997.7421875, 2.7081481385215524e-15]}, 365390], [0.18252525703451042, {"__complex__": [75100.3203125, -2.6363394381104114e-15]}, 386382], [0.18752552043019635, {"__complex__": [74789.4765625, -3.3021096639928964e-15]}, 407634], [0.19252162746553617, {"__complex__": [74773.390625, -2.8150511080033335e-15]}, 429054], [0.1975164144768154, {"__complex__": [75324.71875, 6.325575981525229e-15]}, 452046], [0.20251746580204394, {"__complex__": [75057.6640625, -3.45514649470512e-15]}, 475918], [0.2075197309503082, {"__complex__": [74234.3515625, 6.704232425595489e-16]}, 499228], [0.21251937328893716, {"__complex__": [73983.84375, -1.6256794189626039e-15]}, 523650], [0.21752055799842457, {"__complex__": [74671.578125, -7.491173149802425e-16]}, 548768], [0.22252032615508646, {"__complex__": [74233.5, 1.2934630385332186e-15]}, 573768], [0.22751888835906334, {"__complex__": [73665.3671875, 5.758846777066348e-16]}, 600134], [0.23251732652932117, {"__complex__": [74050.96875, -2.7877410717179604e-16]}, 626396], [0.23751858914142823, {"__complex__": [73734.53125, -5.055927486062302e-16]}, 654788], [0.2425186234663222, {"__complex__": [73311.453125, -7.263183114741497e-16]}, 681196], [0.24751615469397853, {"__complex__": [73165.96875, 4.589501064481078e-15]}, 710236], [0.25251603678632134, {"__complex__": [73109.359375, 2.0915391490323353e-16]}, 739236], [0.2575147436578422, {"__complex__": [73308.5234375, -9.467591124531142e-16]}, 768512], [0.2625151017566263, {"__complex__": [73395.2265625, 2.3847839935448034e-15]}, 799360], [0.2675165944272648, {"__complex__": [73077.078125, -1.0696868865057627e-15]}, 829838], [0.27251580025851324, {"__complex__": [73126.625, 4.1423476600047635e-16]}, 860676], [0.2775120974370026, {"__complex__": [73310.9765625, -2.2045313589625888e-16]}, 891123]]}, "attrs": {"poles": [0], "dk": 0.005, "kmin": 0.0, "kmax": null, "Nmesh": {"__dtype__": "<i8", "__shape__": [3], "__data__": [512, 512, 512]}, "BoxSize": {"__dtype__": "<f8", "__shape__": [3], "__data__": [2663.0, 5795.0, 2966.0]}, "BoxPad": {"__dtype__": "<f8", "__shape__": [3], "__data__": [0.1, 0.1, 0.1]}, "BoxCenter": {"__dtype__": "<f8", "__shape__": [3], "__data__": [2583.9796893770044, 46.35497193087076, 889.9840544258703]}, "mesh.resampler": "tsc", "mesh.interlaced": true, "alpha": 0.05013661964175136, "data.norm": 1.0366795500845836, "randoms.norm": 1.0365845759614007, "shotnoise": 72484.00752622884, "first.data.N": 141122, "first.data.W": 141122.0, "first.data.W2": 125681.01521616931, "first.data.num_per_cell": 0.0009363965333712795, "first.randoms.N": 2814749, "first.randoms.W": 2814749.0, "first.randoms.W2": 2506831.2496666703, "first.randoms.num_per_cell": 0.018677348268528807, "first.data.ext": 1, "first.randoms.ext": 1, "second.data.N": 141122, "second.data.W": 141122.0, "second.data.W2": 74892.73499793565, "second.data.num_per_cell": 0.0005579943582261775, "second.randoms.N": 2814749, "second.randoms.W": 2814749.0, "second.randoms.W2": 1493668.5495059113, "second.randoms.num_per_cell": 0.011128697913184101, "second.data.ext": 1, "second.randoms.ext": 1}}, "attrs": {"poles": [0], "dk": 0.005, "kmin": 0.0, "kmax": null, "Nmesh": {"__dtype__": "<i8", "__shape__": [3], "__data__": [512, 512, 512]}, "BoxSize": {"__dtype__": "<f8", "__shape__": [3], "__data__": [2663.0, 5795.0, 2966.0]}, "BoxPad": {"__dtype__": "<f8", "__shape__": [3], "__data__": [0.1, 0.1, 0.1]}, "BoxCenter": {"__dtype__": "<f8", "__shape__": [3], "__data__": [2583.9796893770044, 46.35497193087076, 889.9840544258703]}, "mesh.resampler": "tsc", "mesh.interlaced": true, "alpha": 0.05013661964175136, "data.norm": 1.0366795500845836,