{"poles": {"dims": ["k"], "edges": [{"__dtype__": "<f8", "__shape__": [57], "__data__": [0.0, 0.005, 0.01, 0.015, 0.02, 0.025, 0.03, 0.035, 0.04, 0.045, 0.05, 0.055, 0.06, 0.065, 0.07, 0.075, 0.08, 0.085, 0.09, 0.095, 0.1, 0.105, 0.11, 0.115, 0.12, 0.125, 0.13, 0.135, 0.14, 0.145, 0.15, 0.155, 0.16, 0.165, 0.17, 0.17500000000000002, 0.18, 0.185, 0.19, 0.195, 0.2, 0.20500000000000002, 0.21, 0.215, 0.22, 0.225, 0.23, 0.23500000000000001, 0.24, 0.245, 0.25, 0.255, 0.26, 0.265, 0.27, 0.275, 0.28]}], "coords": [{"__dtype__": "<f8", "__shape__": [56], "__data__": [0.0025, 0.0075, 0.0125, 0.0175, 0.0225, 0.0275, 0.0325, 0.037500000000000006, 0.042499999999999996, 0.0475, 0.052500000000000005, 0.057499999999999996, 0.0625, 0.0675, 0.07250000000000001, 0.0775, 0.0825, 0.0875, 0.0925, 0.0975, 0.10250000000000001, 0.1075, 0.1125, 0.1175, 0.1225, 0.1275, 0.1325, 0.1375, 0.14250000000000002, 0.1475, 0.1525, 0.1575, 0.1625, 0.1675, 0.17250000000000001, 0.1775, 0.1825, 0.1875, 0.1925, 0.1975, 0.2025, 0.20750000000000002, 0.2125, 0.2175, 0.2225, 0.2275, 0.2325, 0.2375, 0.2425, 0.2475, 0.2525, 0.2575, 0.2625, 0.2675, 0.2725, 0.2775]}], "data": {"__dtype__": [["k", "<f8"], ["power_0", "<c8"], ["modes", "<i8"]], "__shape__": [56], "__data__": [[0.0038190398565647555, {"__complex__": [69074.9296875, 1.0805877812556167e-13]}, 101], [0.008108775574522999, {"__complex__": [91882.4296875, 1.0544866473332238e-14]}, 690], [0.012893028441264049, {"__complex__": [98481.140625, 1.1036122374036977e-13]}, 1846], [0.017780158268797044, {"__complex__": [109002.21875, -6.1005794667790166e-15]}, 3578], [0.022694405111651297, {"__complex__": [107368.71875, -1.743639344779606e-14]}, 5842], [0.027639992155869767, {"__complex__": [103378.5859375, -1.1620284067121768e-14]}, 8766], [0.03262022796559202, {"__complex__": [100791.390625, -2.92955831576909e-14]}, 12294], [0.037615410359678914, {"__complex__": [95741.4921875, 3.7367353135364656e-14]}, 16356], [0.04261195360478245, {"__complex__": [93915.765625, 2.7731138715100627e-15]}, 20990], [0.04759758929347141, {"__complex__": [91732.6640625, 1.7960171517323806e-14]}, 26130], [0.052574206700912736, {"__complex__": [87814.0, 1.3265608297713567e-14]}, 31812], [0.0575619383849745, {"__complex__": [87836.6171875, 1.6112348602339579e-15]}, 38384], [0.06255788477548453, {"__complex__": [87622.7109375, 7.073401041865317e-15]}, 45260], [0.06755757510005998, {"__complex__": [84262.453125, -1.0453171768660171e-14]}, 52900], [0.07255749920067764, {"__complex__": [82770.65625, 7.163490619102337e-15]}, 60942], [0.0775523012061291, {"__complex__": [83127.6484375, -1.2004200056398885e-14]}, 69552], [0.082546714046844, {"__complex__": [82504.203125, 8.628456971268225e-15]}, 78844], [0.08754623232207596, {"__complex__": [80348.921875, -1.9650145819180695e-15]}, 88866], [0.09254481721392548, {"__complex__": [78785.3203125, -1.432014907045212e-14]}, 99078], [0.09754227698290165, {"__complex__": [79031.25, 5.807882996690557e-15]}, 110244], [0.1025473004098669, {"__complex__": [78079.2265625, -1.0312812480069503e-14]}, 122056], [0.10754368744163541, {"__complex__": [77397.953125, 7.465035195357815e-15]}, 133530], [0.11253755971136144, {"__complex__": [76678.046875, -2.9730955974997244e-15]}, 146836], [0.11753938365505315, {"__complex__": [76431.3125, -3.0459696536002745e-15]}, 160044], [0.12253369625278746, {"__complex__": [76470.4375, 4.779201716315204e-15]}, 173556], [0.12752837871729822, {"__complex__": [76173.6015625, 6.177648982946436e-16]}, 188446], [0.13252726209427712, {"__complex__": [75422.109375, -7.155670810933285e-16]}, 203362], [0.13752558566406844, {"__complex__": [75244.3359375, 1.2288897994366423e-15]}, 219068], [0.14252687412649687, {"__complex__": [75065.0234375, -4.386456679112381e-15]}, 235540], [0.14752795442956168, {"__complex__": [74379.5078125, 1.9339435075886504e-15]}, 252070], [0.15252810583245963, {"__complex__": [74687.921875, -1.9699612543300346e-15]}, 269622], [0.15752925341530719, {"__complex__": [73612.5625, -5.312875460007486e-16]}, 287594], [0.16252495555979132, {"__complex__": [74328.4375, 3.037505676874836e-16]}, 305410], [0.16752408613068298, {"__complex__": [73391.953125, 3.3516784555826917e-15]}, 325626], [0.1725231890410579, {"__complex__": [73341.1484375, 2.3248301545051968e-15]}, 344264], [0.17752197881984583, {"__complex__": [72690.3515625, -2.4882350920082865e-15]}, 365518], [0.18252578157792548, {"__complex__": [72858.1953125, 5.275190964184142e-16]}, 386198], [0.18752619496537273, {"__complex__": [72555.4609375, 1.4915092942384043e-15]}, 407334], [0.19252345466579757, {"__complex__": [72455.890625, 5.935680786673444e-16]}, 429030], [0.19752113083471576, {"__complex__": [72562.171875, -1.3801255204656479e-15]}, 452070], [0.20252124059779392, {"__complex__": [72062.0859375, -9.9535561609858e-16]}, 475144], [0.20751890951461702, {"__complex__": [72240.4609375, 1.2843599754490767e-15]}, 498524], [0.2125185634731864, {"__complex__": [72015.9609375, -1.2504415204581235e-16]}, 523684], [0.21751893261124405, {"__complex__": [72127.9609375, -1.0956967272171005e-15]}, 547840], [0.22251788821292, {"__complex__": [71702.921875, 1.7751681080681179e-16]}, 573824], [0.22751819538074755, {"__complex__": [71794.28125, -5.823542094786447e-16]}, 599714], [0.23251723764991983, {"__complex__": [71559.8828125, -1.783670333625081e-15]}, 626158], [0.23751842893738928, {"__complex__": [71726.5625, 1.223339774868436e-16]}, 654238], [0.24251970410722168, {"__complex__": [71767.9296875, -5.340356385189968e-16]}, 681224], [0.24751740382761114, {"__complex__": [71841.7890625, 1.2308140465345672e-16]}, 709380], [0.25251594093366553, {"__complex__": [71659.28125, 2.1666300756443071e-16]}, 738802], [0.25751444506760435, {"__complex__": [71947.09375, -3.2688626679010994e-16]}, 767914], [0.2625146467555784, {"__complex__": [71606.2109375, -6.466497805871993e-16]}, 798876], [0.26751604299805354, {"__complex__": [71309.8671875, 4.298925406073865e-16]}, 829328], [0.27251623994133073, {"__complex__": [71165.8515625, -1.3467605750359457e-15]}, 860358], [0.2775126309686264, {"__complex__": [71199.4609375, 1.884293189077682e-15]}, 890529]]}, "attrs": {"poles": [0], "dk": 0.005, "kmin": 0.0, "kmax": null, "Nmesh": {"__dtype__": "<i8", "__shape__": [3], "__data__": [512, 512, 512]}, "BoxSize": {"__dtype__": "<f8", "__shape__": [3], "__data__": [2660.0, 5792.0, 2969.0]}, "BoxPad": {"__dtype__": "<f8", "__shape__": [3], "__data__": [0.1, 0.1, 0.1]}, "BoxCenter": {"__dtype__": "<f8", "__shape__": [3], "__data__": [2584.4234915069082, 45.83075714349616, 891.5097645963657]}, "mesh.resampler": "tsc", "mesh.interlaced": true, "alpha": 0.049839958548678134, "data.norm": 1.8363703478987294, "randoms.norm": 1.8359708174313911, "shotnoise": 70332.22325500964, "first.data.N": 140341, "first.data.W": 140341.0, "first.data.W2": 125134.53628758197, "first.data.num_per_cell": 0.0009323249480693189, "first.randoms.N": 2815833, "first.randoms.W": 2815833.0, "first.randoms.W2": 2510634.4465236613, "first.randoms.num_per_cell": 0.018705684293237785, "first.data.ext": 1, "first.randoms.ext": 1, "second.data.N": 140341, "second.data.W": 140341.0, "second.data.W2": 132225.15306428075, "second.data.num_per_cell": 0.0009851541598460134, "second.randoms.N": 2815833, "second.randoms.W": 2815833.0, "second.randoms.W2": 2652418.2283180654, "second.randoms.num_per_cell": 0.019762055786833654, "second.data.ext": 1, "second.randoms.ext": 1}}, "attrs": {"poles": [0], "dk": 0.005, "kmin": 0.0, "kmax": null, "Nmesh": {"__dtype__": "<i8", "__shape__": [3], "__data__": [512, 512, 512]}, "BoxSize": {"__dtype__": "<f8", "__shape__": [3], "__data__": [2660.0, 5792.0, 2969.0]}, "BoxPad": {"__dtype__": "<f8", "__shape__": [3], "__data__": [0.1, 0.1, 0.1]}, "BoxCenter": {"__dtype__": "<f8", "__shape__": [3], "__data__": [2584.4234915069082, 45.83075714349616, 891.5097645963657]}, "mesh.resampler": "tsc", "mesh.interlaced": true, "alpha": 0.049839958548678134, "data.norm": 1.8363703478987294,