{"poles": {"dims": ["k"], "edges": [{"__dtype__": "<f8", "__shape__": [57], "__data__": [0.0, 0.005, 0.01, 0.015, 0.02, 0.025, 0.03, 0.035, 0.04, 0.045, 0.05, 0.055, 0.06, 0.065, 0.07, 0.075, 0.08, 0.085, 0.09, 0.095, 0.1, 0.105, 0.11, 0.115, 0.12, 0.125, 0.13, 0.135, 0.14, 0.145, 0.15, 0.155, 0.16, 0.165, 0.17, 0.17500000000000002, 0.18, 0.185, 0.19, 0.195, 0.2, 0.20500000000000002, 0.21, 0.215, 0.22, 0.225, 0.23, 0.23500000000000001, 0.24, 0.245, 0.25, 0.255, 0.26, 0.265, 0.27, 0.275, 0.28]}], "coords": [{"__dtype__": "<f8", "__shape__": [56], "__data__": [0.0025, 0.0075, 0.0125, 0.0175, 0.0225, 0.0275, 0.0325, 0.037500000000000006, 0.042499999999999996, 0.0475, 0.052500000000000005, 0.057499999999999996, 0.0625, 0.0675, 0.07250000000000001, 0.0775, 0.0825, 0.0875, 0.0925, 0.0975, 0.10250000000000001, 0.1075, 0.1125, 0.1175, 0.1225, 0.1275, 0.1325, 0.1375, 0.14250000000000002, 0.1475, 0.1525, 0.1575, 0.1625, 0.1675, 0.17250000000000001, 0.1775, 0.1825, 0.1875, 0.1925, 0.1975, 0.2025, 0.20750000000000002, 0.2125, 0.2175, 0.2225, 0.2275, 0.2325, 0.2375, 0.2425, 0.2475, 0.2525, 0.2575, 0.2625, 0.2675, 0.2725, 0.2775]}], "data": {"__dtype__": [["k", "<f8"], ["power_0", "<c8"], ["modes", "<i8"]], "__shape__": [56], "__data__": [[0.0038147155459965706, {"__complex__": [-86892.9609375, 0.0]}, 101], [0.008098657412526886, {"__complex__": [-63186.46875, 6.326919375779574e-14]}, 690], [0.01288159793749742, {"__complex__": [-78445.1171875, -6.292720251127593e-14]}, 1850], [0.01777155709848623, {"__complex__": [-68938.2578125, 8.106916762787124e-15]}, 3590], [0.02268491619035364, {"__complex__": [-75320.765625, -6.960260140595129e-14]}, 5854], [0.027647727768037186, {"__complex__": [-74381.0, -4.2693499695831486e-14]}, 8862], [0.03263460008716244, {"__complex__": [-72071.9375, -4.72694994786498e-15]}, 12314], [0.03761216703565015, {"__complex__": [-71990.1875, 1.424214919447126e-14]}, 16348], [0.04260929072091431, {"__complex__": [-68135.75, -2.822006137884886e-14]}, 21142], [0.04759532757622482, {"__complex__": [-66640.640625, 1.3220411466681025e-14]}, 26142], [0.05257593270698031, {"__complex__": [-66437.59375, 1.633720895653952e-14]}, 32066], [0.0575741494963205, {"__complex__": [-63793.5234375, -4.529309209183293e-15]}, 38554], [0.06256783181197424, {"__complex__": [-63663.046875, 0.0]}, 45388], [0.06756535658548814, {"__complex__": [-62274.2578125, 2.7396482350387557e-15]}, 53116], [0.07255777331913117, {"__complex__": [-61241.578125, 1.1334754342800027e-14]}, 60982], [0.07754397455581367, {"__complex__": [-58896.0625, 1.335114676692499e-14]}, 69756], [0.08254010945651041, {"__complex__": [-58295.39453125, -3.674076559483097e-15]}, 79214], [0.0875439403899576, {"__complex__": [-58681.97265625, 7.826064354400121e-15]}, 89252], [0.09254734485565252, {"__complex__": [-58040.1875, -5.7004427965619796e-15]}, 99558], [0.09754243186014853, {"__complex__": [-56218.55078125, 4.0518617242879876e-15]}, 110436], [0.10254224881428173, {"__complex__": [-55660.4609375, 4.514800805346247e-15]}, 122480], [0.1075394615652639, {"__complex__": [-56376.80859375, -6.947679753152624e-15]}, 134048], [0.11253350842879659, {"__complex__": [-55443.1484375, 4.543214102045419e-15]}, 147338], [0.11753500577864044, {"__complex__": [-55572.2421875, -3.714072184703024e-15]}, 160640], [0.12253678257951668, {"__complex__": [-55470.1328125, -3.207175905330529e-15]}, 174686], [0.12753548952811317, {"__complex__": [-55451.06640625, -8.77864607721178e-15]}, 188972], [0.13253172896669949, {"__complex__": [-54869.94921875, -8.55567227714361e-16]}, 204102], [0.13753024431234787, {"__complex__": [-54983.00390625, -3.771434526440506e-15]}, 219932], [0.14252966024761468, {"__complex__": [-53969.58984375, -3.3883499000011193e-16]}, 236208], [0.14752801002319554, {"__complex__": [-53654.83984375, 3.5668434589101235e-15]}, 252946], [0.152529860489026, {"__complex__": [-53479.91796875, 3.0087031685364007e-15]}, 270850], [0.15752752044436655, {"__complex__": [-53740.796875, 8.084565786770569e-16]}, 287994], [0.16252229524577366, {"__complex__": [-53115.83984375, 7.582528829537354e-16]}, 307062], [0.16752313416832773, {"__complex__": [-52783.2109375, -2.1391224159844277e-15]}, 326532], [0.17252375887379165, {"__complex__": [-52724.8359375, 1.0933637867221254e-15]}, 346042], [0.17752521363884594, {"__complex__": [-52518.53515625, -1.963933556119136e-15]}, 366774], [0.1825247049952549, {"__complex__": [-52450.0078125, 6.767388260933954e-16]}, 387054], [0.18752263597771665, {"__complex__": [-53051.11328125, -1.423344211928996e-15]}, 408950], [0.19252223648193786, {"__complex__": [-52858.1875, -3.1663967746343915e-15]}, 430850], [0.19751894659567626, {"__complex__": [-52214.42578125, 3.852209758812604e-16]}, 453306], [0.20251875175274858, {"__complex__": [-52360.13671875, -9.146970095754076e-16]}, 477270], [0.20752055100352057, {"__complex__": [-52130.546875, -2.615160490995061e-16]}, 500800], [0.212520333863403, {"__complex__": [-51916.67578125, 2.3272160345593753e-15]}, 525246], [0.2175203242332858, {"__complex__": [-51920.72265625, 4.959599590578093e-17]}, 550142], [0.2225190541121248, {"__complex__": [-51921.20703125, 2.427063643107002e-15]}, 575586], [0.22751846038804696, {"__complex__": [-51858.14453125, -5.559018469919257e-16]}, 602074], [0.2325190681122936, {"__complex__": [-51699.53125, -1.388696117463322e-15]}, 628730], [0.23751881640915826, {"__complex__": [-51633.13671875, -6.211050668430225e-16]}, 656014], [0.24251692272679176, {"__complex__": [-51738.546875, -1.7246197493446026e-15]}, 683458], [0.2475148100035258, {"__complex__": [-51483.609375, 5.720349659009232e-16]}, 712288], [0.2525174449792105, {"__complex__": [-51078.00390625, -1.7638542095823034e-15]}, 742506], [0.2575175525572497, {"__complex__": [-51712.9921875, 1.0202483262316078e-15]}, 770208], [0.2625162372094681, {"__complex__": [-51306.8984375, -1.0705381546177533e-15]}, 801992], [0.26751786128838473, {"__complex__": [-51124.7421875, -8.130518912345891e-16]}, 832252], [0.2725162484553317, {"__complex__": [-51193.2421875, 4.01317730607041e-15]}, 862996], [0.27751133009330164, {"__complex__": [-51393.8828125, 1.0215257577951857e-15]}, 893891]]}, "attrs": {"poles": [0], "dk": 0.005, "kmin": 0.0, "kmax": null, "Nmesh": {"__dtype__": "<i8", "__shape__": [3], "__data__": [512, 512, 512]}, "BoxSize": {"__dtype__": "<f8", "__shape__": [3], "__data__": [2668.0, 5792.0, 2971.0]}, "BoxPad": {"__dtype__": "<f8", "__shape__": [3], "__data__": [0.1, 0.1, 0.1]}, "BoxCenter": {"__dtype__": "<f8", "__shape__": [3], "__data__": [2581.609993716005, 48.47397104245624, 890.801033564232]}, "mesh.resampler": "tsc", "mesh.interlaced": true, "alpha": 0.04996971876435519, "data.norm": -0.8291593881678849, "randoms.norm": -0.8291389528527972, "shotnoise": 60709.11124538096, "first.data.N": 140761, "first.data.W": 140761.0, "first.data.W2": 125430.27777484873, "first.data.num_per_cell": 0.000934528393856054, "first.randoms.N": 2816926, "first.randoms.W": 2816926.0, "first.randoms.W2": 2510123.720274719, "first.randoms.num_per_cell": 0.018701879086157076, "first.data.ext": 1, "first.randoms.ext": 1, "second.data.N": 140761, "second.data.W": 140761.0, "second.data.W2": -58662.1420435315, "second.data.num_per_cell": -0.00043706701728352533, "second.randoms.N": 2816926, "second.randoms.W": 2816926.0, "second.randoms.W2": -1173962.580578376, "second.randoms.num_per_cell": -0.008746702824371875, "second.data.ext": 1, "second.randoms.ext": 1}}, "attrs": {"poles": [0], "dk": 0.005, "kmin": 0.0, "kmax": null, "Nmesh": {"__dtype__": "<i8", "__shape__": [3], "__data__": [512, 512, 512]}, "BoxSize": {"__dtype__": "<f8", "__shape__": [3], "__data__": [2668.0, 5792.0, 2971.0]}, "BoxPad": {"__dtype__": "<f8", "__shape__": [3], "__data__": [0.1, 0.1, 0.1]}, "BoxCenter": {"__dtype__": "<f8", "__shape__": [3], "__data__": [2581.609993716005, 48.47397104245624, 890.801033564232]}, "mesh.resampler": "tsc", "mesh.interlaced": true, "alpha": 0.04996971876435519,