{"poles": {"dims": ["k"], "edges": [{"__dtype__": "<f8", "__shape__": [46], "__data__": [0.0, 0.005, 0.01, 0.015, 0.02, 0.025, 0.03, 0.035, 0.04, 0.045, 0.05, 0.055, 0.06, 0.065, 0.07, 0.075, 0.08, 0.085, 0.09, 0.095, 0.1, 0.105, 0.11, 0.115, 0.12, 0.125, 0.13, 0.135, 0.14, 0.145, 0.15, 0.155, 0.16, 0.165, 0.17, 0.17500000000000002, 0.18, 0.185, 0.19, 0.195, 0.2, 0.20500000000000002, 0.21, 0.215, 0.22, 0.225]}], "coords": [{"__dtype__": "<f8", "__shape__": [45], "__data__": [0.0025, 0.0075, 0.0125, 0.0175, 0.0225, 0.0275, 0.0325, 0.037500000000000006, 0.042499999999999996, 0.0475, 0.052500000000000005, 0.057499999999999996, 0.0625, 0.0675, 0.07250000000000001, 0.0775, 0.0825, 0.0875, 0.0925, 0.0975, 0.10250000000000001, 0.1075, 0.1125, 0.1175, 0.1225, 0.1275, 0.1325, 0.1375, 0.14250000000000002, 0.1475, 0.1525, 0.1575, 0.1625, 0.1675, 0.17250000000000001, 0.1775, 0.1825, 0.1875, 0.1925, 0.1975, 0.2025, 0.20750000000000002, 0.2125, 0.2175, 0.2225]}], "data": {"__dtype__": [["k", "<f8"], ["power_0", "<c8"], ["modes", "<i8"]], "__shape__": [45], "__data__": [[0.0038145958604529403, {"__complex__": [93239.140625, -6.535291513683206e-14]}, 167], [0.008064139885455434, {"__complex__": [91399.78125, -1.0680304839312538e-13]}, 1090], [0.01282457308406233, {"__complex__": [102544.328125, 5.867707578502412e-14]}, 2976], [0.01772533449867749, {"__complex__": [106993.125, -2.5063581242444448e-14]}, 5806], [0.022667305820914297, {"__complex__": [99952.7734375, 1.6778938332598532e-14]}, 9540], [0.027646516631214542, {"__complex__": [96580.4375, -1.2770605631469943e-14]}, 14386], [0.03264191668012044, {"__complex__": [95096.6953125, -2.4740729552400788e-14]}, 19998], [0.03762133629154962, {"__complex__": [94328.078125, 1.9780582540310752e-14]}, 26484], [0.04260420889589274, {"__complex__": [91769.984375, -2.7913970776765468e-14]}, 34146], [0.047592124994631044, {"__complex__": [85348.7734375, 4.796732333708052e-15]}, 42472], [0.05257438735732972, {"__complex__": [82469.90625, 2.5214131607940006e-15]}, 51942], [0.057572860610700924, {"__complex__": [81820.359375, -1.4544932979928572e-14]}, 62530], [0.06257218128829246, {"__complex__": [80391.8984375, 6.423683149124485e-15]}, 73624], [0.06756566233844268, {"__complex__": [81042.515625, 1.5230519541612072e-15]}, 85990], [0.07255633578835562, {"__complex__": [78820.578125, 1.987403356779895e-15]}, 98848], [0.07755394033753464, {"__complex__": [77657.3046875, 3.5871815670066465e-15]}, 113586], [0.08255588906819827, {"__complex__": [77252.2109375, 2.254277603954834e-15]}, 128298], [0.08755210328650054, {"__complex__": [75081.5703125, 5.985673200615985e-16]}, 144348], [0.09254534658668394, {"__complex__": [73834.4453125, -1.9866588148192586e-15]}, 161146], [0.0975428273825855, {"__complex__": [72684.7265625, 1.926852571270711e-15]}, 179364], [0.1025419310834044, {"__complex__": [72442.46875, -1.616536545329941e-15]}, 198042], [0.10753621880034972, {"__complex__": [72267.9921875, -1.3705894117872221e-15]}, 217654], [0.11253285648706586, {"__complex__": [71759.140625, 3.659386043562392e-15]}, 238596], [0.11753340403564805, {"__complex__": [70669.78125, 2.960453842520191e-15]}, 260518], [0.12253270602214976, {"__complex__": [71524.890625, 6.247042051271126e-15]}, 282732], [0.12753208288595688, {"__complex__": [70287.53125, -4.0323154331784697e-16]}, 306750], [0.13253154830089736, {"__complex__": [69300.9140625, 2.0237266706570013e-15]}, 330770], [0.13753105821869271, {"__complex__": [69640.2109375, 1.937720639258694e-15]}, 356716], [0.14252964093163525, {"__complex__": [69491.5078125, 3.8044421298455856e-16]}, 382498], [0.1475267191501719, {"__complex__": [68730.1796875, 1.703040737980352e-15]}, 410144], [0.1525284359715612, {"__complex__": [68744.1875, 3.601622631724385e-15]}, 438886], [0.15752794705505047, {"__complex__": [67879.5234375, 2.335820830512295e-15]}, 467242], [0.16252541094838224, {"__complex__": [67636.328125, -1.7974492303363034e-15]}, 497896], [0.16752560291542604, {"__complex__": [67461.015625, -2.702500969862208e-15]}, 529038], [0.17252575051067207, {"__complex__": [67880.328125, 3.839582985728325e-15]}, 560916], [0.1775246468603387, {"__complex__": [67315.5390625, -3.5522949798267613e-16]}, 593990], [0.18252379227388857, {"__complex__": [66898.1796875, 1.3676045735602164e-15]}, 627786], [0.18752292904138995, {"__complex__": [67065.7578125, -1.4932068541438203e-15]}, 662688], [0.19252371631373308, {"__complex__": [66960.4609375, -9.367301629482845e-17]}, 699066], [0.19752279099901524, {"__complex__": [66807.7265625, -1.069615100463483e-15]}, 734660], [0.202520260622894, {"__complex__": [66768.3984375, -7.43437588491988e-16]}, 773166], [0.20752015134100343, {"__complex__": [66581.03125, 1.2125430164667e-15]}, 811578], [0.21252020288863616, {"__complex__": [66307.6953125, -2.3756637780434796e-15]}, 851432], [0.21751818037953527, {"__complex__": [66390.140625, 1.514494380295097e-15]}, 891182], [0.22251485864259674, {"__complex__": [66132.3984375, 4.21401511767195e-16]}, 932369]]}, "attrs": {"poles": [0], "dk": 0.005, "kmin": 0.0, "kmax": null, "Nmesh": {"__dtype__": "<i8", "__shape__": [3], "__data__": [512, 512, 512]}, "BoxSize": {"__dtype__": "<f8", "__shape__": [3], "__data__": [3425.0, 7197.0, 3019.0]}, "BoxPad": {"__dtype__": "<f8", "__shape__": [3], "__data__": [0.1, 0.1, 0.1]}, "BoxCenter": {"__dtype__": "<f8", "__shape__": [3], "__data__": [-1748.0648969498166, 36.90098547175671, 1913.3602008089097]}, "mesh.resampler": "tsc", "mesh.interlaced": true, "alpha": 0.049914161590805306, "data.norm": 3.1952788895777697, "randoms.norm": 3.194663305036402, "shotnoise": 64408.88748224814, "first.data.N": 240039, "first.data.W": 240039.0, "first.data.W2": 206798.24779245452, "first.data.num_per_cell": 0.0015407670124803075, "first.randoms.N": 4809036, "first.randoms.W": 4809036.0, "first.randoms.W2": 4142644.2022325387, "first.randoms.num_per_cell": 0.030865104513112744, "first.data.ext": 1, "first.randoms.ext": 1, "second.data.N": 240039, "second.data.W": 240039.0, "second.data.W2": 216956.2487720251, "second.data.num_per_cell": 0.0016164500174822294, "second.randoms.N": 4809036, "second.randoms.W": 4809036.0, "second.randoms.W2": 4345250.815525413, "second.randoms.num_per_cell": 0.03237464141492108, "second.data.ext": 1, "second.randoms.ext": 1}}, "attrs": {"poles": [0], "dk": 0.005, "kmin": 0.0, "kmax": null, "Nmesh": {"__dtype__": "<i8", "__shape__": [3], "__data__": [512, 512, 512]}, "BoxSize": {"__dtype__": "<f8", "__shape__": [3], "__data__": [3425.0, 7197.0, 3019.0]}, "BoxPad": {"__dtype__": "<f8", "__shape__": [3], "__data__": [0.1, 0.1, 0.1]}, "BoxCenter": {"__dtype__": "<f8", "__shape__": [3], "__data__": [-1748.0648969498166, 36.90098547175671, 1913.3602008089097]}, "mesh.resampler": "tsc", "mesh.interlaced": true, "alpha": 0.049914161590805306, "data.norm": 3.1952788895777697, "randoms.norm": 3.194663305036402, "shotnoise": 64408.88748224814, "first.data.N": 240039, "first.data.W": 240039.0, "first.data.W2": 206798.24779245452, "first.data.num_per_cell": 0.0015407670124803075, "first.randoms.N": 4809036, "first.randoms.W": 4809036.0, "first.randoms.W2": 4142644.2022325387, "first.randoms.num_per_cell": 0.030865104513112744, "first.data.ext": 1, "first.randoms.ext": 1, "second.data.N": 240039, "second.data.W": 240039.0, "second.data.W2": 216956.2487720251, "second.data.num_per_cell": 0.0016164500174822294, "second.randoms.N": 4809036, "second.randoms.W": 4809036.0, "second.randoms.W2": 4345250.815525413, "second.randoms.num_per_cell": 0.03237464141492108, "second.data.ext": 1, "second.randoms.ext": 1, "p": 1.0, "zmin": 0.8, "zmax": 2.2, "P0_FKP": 30000.0, "z-weighted": true, "hashkeys": ["Nmesh", "P0_FKP", "dk", "kmin", "mesh.window", "mesh.interlaced", "poles", "p", "BoxPad", "zmin", "zmax", "z-weighted"]}}