{"poles": {"dims": ["k"], "edges": [{"__dtype__": "<f8", "__shape__": [46], "__data__": [0.0, 0.005, 0.01, 0.015, 0.02, 0.025, 0.03, 0.035, 0.04, 0.045, 0.05, 0.055, 0.06, 0.065, 0.07, 0.075, 0.08, 0.085, 0.09, 0.095, 0.1, 0.105, 0.11, 0.115, 0.12, 0.125, 0.13, 0.135, 0.14, 0.145, 0.15, 0.155, 0.16, 0.165, 0.17, 0.17500000000000002, 0.18, 0.185, 0.19, 0.195, 0.2, 0.20500000000000002, 0.21, 0.215, 0.22, 0.225]}], "coords": [{"__dtype__": "<f8", "__shape__": [45], "__data__": [0.0025, 0.0075, 0.0125, 0.0175, 0.0225, 0.0275, 0.0325, 0.037500000000000006, 0.042499999999999996, 0.0475, 0.052500000000000005, 0.057499999999999996, 0.0625, 0.0675, 0.07250000000000001, 0.0775, 0.0825, 0.0875, 0.0925, 0.0975, 0.10250000000000001, 0.1075, 0.1125, 0.1175, 0.1225, 0.1275, 0.1325, 0.1375, 0.14250000000000002, 0.1475, 0.1525, 0.1575, 0.1625, 0.1675, 0.17250000000000001, 0.1775, 0.1825, 0.1875, 0.1925, 0.1975, 0.2025, 0.20750000000000002, 0.2125, 0.2175, 0.2225]}], "data": {"__dtype__": [["k", "<f8"], ["power_0", "<c8"], ["modes", "<i8"]], "__shape__": [45], "__data__": [[0.0038147532217958943, {"__complex__": [82143.7265625, 5.228233210946565e-13]}, 167], [0.00805041087716137, {"__complex__": [113359.859375, 4.572690425093395e-13]}, 1082], [0.012814928154525155, {"__complex__": [108943.1171875, 9.76638644359807e-15]}, 2980], [0.017724588809855564, {"__complex__": [108182.7890625, 7.263434238834535e-14]}, 5810], [0.022667808569753898, {"__complex__": [105125.6640625, 1.2207982630981114e-14]}, 9536], [0.027645615895118738, {"__complex__": [104031.2421875, -6.072575710509842e-15]}, 14378], [0.03263778168762337, {"__complex__": [97197.8984375, -2.9147551444664004e-15]}, 19970], [0.037620957846316305, {"__complex__": [94766.5234375, 5.1548087358962297e-14]}, 26536], [0.0426058765899781, {"__complex__": [88454.046875, 1.1093349952832551e-14]}, 34106], [0.04758993510789845, {"__complex__": [86252.3671875, 1.1916275495375047e-14]}, 42436], [0.052575112517209054, {"__complex__": [84368.3046875, -2.2731247223059525e-15]}, 52014], [0.05757582937545638, {"__complex__": [84007.46875, 4.657060200595844e-16]}, 62494], [0.06257230921128754, {"__complex__": [84326.53125, -5.934712522135614e-16]}, 73560], [0.06756390768880223, {"__complex__": [83819.4453125, 1.2188383982647544e-14]}, 85962], [0.07255616432515997, {"__complex__": [80927.9375, 2.133668794353531e-15]}, 98892], [0.07755285320957905, {"__complex__": [79699.1875, 2.436991081007059e-15]}, 113454], [0.08255281412107171, {"__complex__": [78293.7109375, -6.806427480077312e-16]}, 128278], [0.08755017341399249, {"__complex__": [77948.5234375, 7.963323502403839e-15]}, 144362], [0.09254524323051562, {"__complex__": [76516.09375, -1.6703300196232855e-15]}, 161172], [0.0975414363814008, {"__complex__": [75831.171875, -9.745674158697097e-16]}, 179180], [0.10254189166894469, {"__complex__": [74618.015625, -1.7616086193600138e-15]}, 198254], [0.10753604295815603, {"__complex__": [74474.09375, 1.87481531391438e-15]}, 217330], [0.11253476013090076, {"__complex__": [73560.453125, -1.010482015173942e-14]}, 239056], [0.1175359712869116, {"__complex__": [73630.1875, -3.092067939446932e-15]}, 260018], [0.12253320563159815, {"__complex__": [73406.015625, 3.3946924827101595e-15]}, 282920], [0.12753248408877796, {"__complex__": [72243.140625, -9.972074418795147e-16]}, 306446], [0.13252927341840387, {"__complex__": [72322.2578125, 1.2765223795881326e-15]}, 330590], [0.1375295843625685, {"__complex__": [71950.96875, 1.8553625670059744e-15]}, 356864], [0.1425307555231342, {"__complex__": [71695.9375, 1.3312694012218487e-15]}, 382580], [0.14752758411975844, {"__complex__": [71082.9296875, 2.6983363206187954e-15]}, 409862], [0.1525281741603287, {"__complex__": [70656.53125, 1.5585392465193733e-15]}, 438834], [0.15752790123567345, {"__complex__": [70262.96875, 2.8035612648925066e-16]}, 467146], [0.16252570048731466, {"__complex__": [69709.109375, 8.184231918509247e-16]}, 497852], [0.16752644840950895, {"__complex__": [70006.578125, 2.3380944787009623e-15]}, 529026], [0.1725272214350969, {"__complex__": [69776.6171875, 1.5048838385964313e-15]}, 560848], [0.17752417316584698, {"__complex__": [69592.5546875, 9.809309891139741e-17]}, 593392], [0.1825224487077395, {"__complex__": [69580.28125, -8.806589376504344e-16]}, 627908], [0.18752306471037275, {"__complex__": [69686.578125, 2.1958392789114326e-17]}, 662704], [0.19252295504938355, {"__complex__": [69154.7421875, 7.70795746836677e-16]}, 698526], [0.19752110504952225, {"__complex__": [68998.2890625, -1.7827936545246727e-15]}, 734618], [0.20251930955687977, {"__complex__": [69036.484375, -1.9057207933026107e-15]}, 773136], [0.20752051315890166, {"__complex__": [68727.125, 4.6970462966951145e-15]}, 811702], [0.2125212960435824, {"__complex__": [68513.71875, -3.675442823627018e-15]}, 851234], [0.2175184034910957, {"__complex__": [68711.8828125, -1.568375946014956e-15]}, 890720], [0.22251537528527596, {"__complex__": [68382.9375, 9.049009676612933e-16]}, 932711]]}, "attrs": {"poles": [0], "dk": 0.005, "kmin": 0.0, "kmax": null, "Nmesh": {"__dtype__": "<i8", "__shape__": [3], "__data__": [512, 512, 512]}, "BoxSize": {"__dtype__": "<f8", "__shape__": [3], "__data__": [3427.0, 7189.0, 3020.0]}, "BoxPad": {"__dtype__": "<f8", "__shape__": [3], "__data__": [0.1, 0.1, 0.1]}, "BoxCenter": {"__dtype__": "<f8", "__shape__": [3], "__data__": [-1750.7242651770619, 36.032072299041374, 1911.3738679110547]}, "mesh.resampler": "tsc", "mesh.interlaced": true, "alpha": 0.05000657040059483, "data.norm": 1.792702821445721, "randoms.norm": 1.7922688068364758, "shotnoise": 66919.34206748747, "first.data.N": 240504, "first.data.W": 240504.0, "first.data.W2": 207193.44015521868, "first.data.num_per_cell": 0.0015437114250303706, "first.randoms.N": 4809448, "first.randoms.W": 4809448.0, "first.randoms.W2": 4143183.7975598173, "first.randoms.num_per_cell": 0.030869124811588357, "first.data.ext": 1, "first.randoms.ext": 1, "second.data.N": 240504, "second.data.W": 240504.0, "second.data.W2": 122627.57402525106, "second.data.num_per_cell": 0.000913646623680376, "second.randoms.N": 4809448, "second.randoms.W": 4809448.0, "second.randoms.W2": 2451475.660045673, "second.randoms.num_per_cell": 0.018264916986567327, "second.data.ext": 1, "second.randoms.ext": 1}}, "attrs": {"poles": [0], "dk": 0.005, "kmin": 0.0, "kmax": null, "Nmesh": {"__dtype__": "<i8", "__shape__": [3], "__data__": [512, 512, 512]}, "BoxSize": {"__dtype__": "<f8", "__shape__": [3], "__data__": [3427.0, 7189.0, 3020.0]}, "BoxPad": {"__dtype__": "<f8", "__shape__": [3], "__data__": [0.1, 0.1, 0.1]}, "BoxCenter": {"__dtype__": "<f8", "__shape__": [3], "__data__": [-1750.7242651770619, 36.032072299041374, 1911.3738679110547]}, "mesh.resampler": "tsc", "mesh.interlaced": true, "alpha": 0.05000657040059483, "data.norm": 1.792702821445721, "randoms.norm": 1.7922688068364758, "shotnoise": 66919.34206748747, "first.data.N": 240504, "first.data.W": 240504.0, "first.data.W2": 207193.44015521868, "first.data.num_per_cell": 0.0015437114250303706, "first.randoms.N": 4809448, "first.randoms.W": 4809448.0, "first.randoms.W2": 4143183.7975598173, "first.randoms.num_per_cell": 0.030869124811588357, "first.data.ext": 1, "first.randoms.ext": 1, "second.data.N": 240504, "second.data.W": 240504.0, "second.data.W2": 122627.57402525106, "second.data.num_per_cell": 0.000913646623680376, "second.randoms.N": 4809448, "second.randoms.W": 4809448.0, "second.randoms.W2": 2451475.660045673, "second.randoms.num_per_cell": 0.018264916986567327, "second.data.ext": 1, "second.randoms.ext": 1, "p": 1.6, "zmin": 0.8, "zmax": 2.2, "P0_FKP": 30000.0, "z-weighted": true, "hashkeys": ["Nmesh", "P0_FKP", "dk", "kmin", "mesh.window", "mesh.interlaced", "poles", "p", "BoxPad", "zmin", "zmax", "z-weighted"]}}