{"poles": {"dims": ["k"], "edges": [{"__dtype__": "<f8", "__shape__": [57], "__data__": [0.0, 0.005, 0.01, 0.015, 0.02, 0.025, 0.03, 0.035, 0.04, 0.045, 0.05, 0.055, 0.06, 0.065, 0.07, 0.075, 0.08, 0.085, 0.09, 0.095, 0.1, 0.105, 0.11, 0.115, 0.12, 0.125, 0.13, 0.135, 0.14, 0.145, 0.15, 0.155, 0.16, 0.165, 0.17, 0.17500000000000002, 0.18, 0.185, 0.19, 0.195, 0.2, 0.20500000000000002, 0.21, 0.215, 0.22, 0.225, 0.23, 0.23500000000000001, 0.24, 0.245, 0.25, 0.255, 0.26, 0.265, 0.27, 0.275, 0.28]}], "coords": [{"__dtype__": "<f8", "__shape__": [56], "__data__": [0.0025, 0.0075, 0.0125, 0.0175, 0.0225, 0.0275, 0.0325, 0.037500000000000006, 0.042499999999999996, 0.0475, 0.052500000000000005, 0.057499999999999996, 0.0625, 0.0675, 0.07250000000000001, 0.0775, 0.0825, 0.0875, 0.0925, 0.0975, 0.10250000000000001, 0.1075, 0.1125, 0.1175, 0.1225, 0.1275, 0.1325, 0.1375, 0.14250000000000002, 0.1475, 0.1525, 0.1575, 0.1625, 0.1675, 0.17250000000000001, 0.1775, 0.1825, 0.1875, 0.1925, 0.1975, 0.2025, 0.20750000000000002, 0.2125, 0.2175, 0.2225, 0.2275, 0.2325, 0.2375, 0.2425, 0.2475, 0.2525, 0.2575, 0.2625, 0.2675, 0.2725, 0.2775]}], "data": {"__dtype__": [["k", "<f8"], ["power_0", "<c8"], ["modes", "<i8"]], "__shape__": [56], "__data__": [[0.0038167302104410578, {"__complex__": [125258.5390625, 1.8009796128384825e-13]}, 101], [0.008104026555021114, {"__complex__": [95154.640625, 4.217946589332895e-14]}, 690], [0.01289007101381247, {"__complex__": [103855.6171875, -3.028371553092518e-13]}, 1850], [0.017777822870898078, {"__complex__": [107356.3671875, -4.062511046017342e-15]}, 3582], [0.022684797761170678, {"__complex__": [108456.3515625, 1.995463256437846e-14]}, 5834], [0.02764432930113915, {"__complex__": [109701.875, -2.633235020007077e-14]}, 8842], [0.03263279838348241, {"__complex__": [100868.296875, -9.46619966115704e-15]}, 12298], [0.0376190187995875, {"__complex__": [99392.421875, -8.892639771253263e-15]}, 16364], [0.04261702947702113, {"__complex__": [94197.6640625, -3.66042476006561e-14]}, 21070], [0.04759750818108298, {"__complex__": [93329.15625, 1.1019105820939817e-14]}, 26082], [0.05257355764893709, {"__complex__": [92378.359375, -7.285520114714422e-15]}, 31958], [0.05756850163308642, {"__complex__": [89537.328125, -1.134681736251835e-15]}, 38474], [0.0625627823936704, {"__complex__": [90003.2421875, -8.352092990468723e-15]}, 45300], [0.06756148605256657, {"__complex__": [89317.9296875, -1.1251197930685179e-14]}, 53028], [0.07255526647358113, {"__complex__": [90031.5, -1.1713438209561954e-14]}, 60874], [0.07754740684714907, {"__complex__": [85925.859375, 4.588667160544506e-15]}, 69768], [0.08254366731450463, {"__complex__": [84004.59375, 1.1246823852545558e-14]}, 78926], [0.08754606945871916, {"__complex__": [84014.7265625, 7.506034131103765e-15]}, 89180], [0.09254711937101587, {"__complex__": [82359.640625, 9.170326817516377e-15]}, 99178], [0.09754347604950638, {"__complex__": [82277.9921875, 3.687897172566972e-15]}, 110484], [0.10254723209278181, {"__complex__": [80456.703125, -7.980896894960524e-15]}, 122164], [0.10754454284192891, {"__complex__": [80492.53125, -6.955151430780354e-15]}, 133904], [0.11253764626525302, {"__complex__": [78464.1328125, -8.418496138368724e-15]}, 146928], [0.11753940226727348, {"__complex__": [78326.09375, -3.626871466272174e-16]}, 160490], [0.12253920707291399, {"__complex__": [78472.25, -7.440313691759251e-15]}, 174068], [0.1275314511112383, {"__complex__": [78111.7109375, 1.9887262104852695e-15]}, 188418], [0.13252377736271265, {"__complex__": [77401.46875, 2.4663293376846326e-15]}, 203558], [0.1375239667662719, {"__complex__": [77690.7578125, 1.0594383172395777e-15]}, 219768], [0.1425285659204195, {"__complex__": [77975.4609375, 8.634833858811629e-16]}, 235936], [0.14752867298211514, {"__complex__": [77621.734375, -2.0175926698112225e-15]}, 252438], [0.15252769747759526, {"__complex__": [77476.953125, 1.7242755363306621e-15]}, 270062], [0.15752808468251114, {"__complex__": [76560.8046875, 3.0314173628686496e-16]}, 288022], [0.16252470717694822, {"__complex__": [76811.59375, 4.7536636729554865e-15]}, 306120], [0.16752131213654167, {"__complex__": [75961.40625, 3.4401269064844066e-15]}, 325714], [0.17252290585251456, {"__complex__": [75710.828125, 2.1049099082118793e-15]}, 345666], [0.17752524692706007, {"__complex__": [75106.53125, -5.567919198008124e-16]}, 365894], [0.18252704251588087, {"__complex__": [75307.625, -3.554642372821399e-15]}, 386862], [0.1875262827275716, {"__complex__": [75016.1875, 3.2558252426560796e-15]}, 407842], [0.19252237725623617, {"__complex__": [74685.875, 2.3022931488776016e-15]}, 429802], [0.19751983245373408, {"__complex__": [75477.4921875, 1.2533727573814358e-15]}, 452798], [0.20251904536799453, {"__complex__": [74668.359375, 1.162049264898503e-15]}, 475860], [0.20751900125221479, {"__complex__": [74266.828125, 3.783740221098217e-15]}, 499968], [0.212518389830108, {"__complex__": [74049.953125, -3.4715393880311283e-16]}, 523972], [0.21751839877335483, {"__complex__": [74763.234375, -1.0596196219949595e-16]}, 549326], [0.2225189809839627, {"__complex__": [74426.40625, -2.2029097143850705e-15]}, 574702], [0.22751821514573167, {"__complex__": [73939.5390625, 2.1562915620670356e-15]}, 600624], [0.23251725015927704, {"__complex__": [73844.6328125, 1.066883207450351e-15]}, 627424], [0.2375192995796042, {"__complex__": [73683.875, -2.0147288514165557e-15]}, 655466], [0.24252049191432629, {"__complex__": [73505.0546875, 5.545439472983587e-16]}, 682272], [0.24751759174163618, {"__complex__": [73576.3203125, -1.822583450738417e-15]}, 710596], [0.25251581851131255, {"__complex__": [73729.7890625, -4.522367138905833e-16]}, 740086], [0.2575145240118109, {"__complex__": [73752.0859375, 5.76955539110201e-16]}, 769268], [0.2625154195300496, {"__complex__": [73361.3046875, 1.7948924613850163e-16]}, 800606], [0.26751598015054334, {"__complex__": [72978.8203125, 1.752972403778707e-17]}, 830128], [0.272514180396105, {"__complex__": [73661.5859375, -1.7392134917510837e-15]}, 861796], [0.2775114460499046, {"__complex__": [73425.5859375, -2.9182442849343777e-15]}, 892589]]}, "attrs": {"poles": [0], "dk": 0.005, "kmin": 0.0, "kmax": null, "Nmesh": {"__dtype__": "<i8", "__shape__": [3], "__data__": [512, 512, 512]}, "BoxSize": {"__dtype__": "<f8", "__shape__": [3], "__data__": [2662.0, 5790.0, 2973.0]}, "BoxPad": {"__dtype__": "<f8", "__shape__": [3], "__data__": [0.1, 0.1, 0.1]}, "BoxCenter": {"__dtype__": "<f8", "__shape__": [3], "__data__": [2584.3900112819856, 48.22045329951925, 889.8561021411383]}, "mesh.resampler": "tsc", "mesh.interlaced": true, "alpha": 0.05013120402394549, "data.norm": 1.0410044030094712, "randoms.norm": 1.0405642971571964, "shotnoise": 72570.37183136404, "first.data.N": 141047, "first.data.W": 141047.0, "first.data.W2": 125706.10668262038, "first.data.num_per_cell": 0.0009365834793643681, "first.randoms.N": 2813557, "first.randoms.W": 2813557.0, "first.randoms.W2": 2507275.936612567, "first.randoms.num_per_cell": 0.01868066144445961, "first.data.ext": 1, "first.randoms.ext": 1, "second.data.N": 141047, "second.data.W": 141047.0, "second.data.W2": 75227.38090984033, "second.data.num_per_cell": 0.0005604876645642544, "second.randoms.N": 2813557, "second.randoms.W": 2813557.0, "second.randoms.W2": 1499729.4184968974, "second.randoms.num_per_cell": 0.01117385490608884, "second.data.ext": 1, "second.randoms.ext": 1}}, "attrs": {"poles": [0], "dk": 0.005, "kmin": 0.0, "kmax": null, "Nmesh": {"__dtype__": "<i8", "__shape__": [3], "__data__": [512, 512, 512]}, "BoxSize": {"__dtype__": "<f8", "__shape__": [3], "__data__": [2662.0, 5790.0, 2973.0]}, "BoxPad": {"__dtype__": "<f8", "__shape__": [3], "__data__": [0.1, 0.1, 0.1]}, "BoxCenter": {"__dtype__": "<f8", "__shape__": [3], "__data__": [2584.3900112819856, 48.22045329951925, 889.8561021411383]}, "mesh.resampler": "tsc", "mesh.interlaced": true, "alpha": 0.05013120402394549, "data.norm": 1.0410044030094712,