{"poles": {"dims": ["k"], "edges": [{"__dtype__": "<f8", "__shape__": [46], "__data__": [0.0, 0.005, 0.01, 0.015, 0.02, 0.025, 0.03, 0.035, 0.04, 0.045, 0.05, 0.055, 0.06, 0.065, 0.07, 0.075, 0.08, 0.085, 0.09, 0.095, 0.1, 0.105, 0.11, 0.115, 0.12, 0.125, 0.13, 0.135, 0.14, 0.145, 0.15, 0.155, 0.16, 0.165, 0.17, 0.17500000000000002, 0.18, 0.185, 0.19, 0.195, 0.2, 0.20500000000000002, 0.21, 0.215, 0.22, 0.225]}], "coords": [{"__dtype__": "<f8", "__shape__": [45], "__data__": [0.0025, 0.0075, 0.0125, 0.0175, 0.0225, 0.0275, 0.0325, 0.037500000000000006, 0.042499999999999996, 0.0475, 0.052500000000000005, 0.057499999999999996, 0.0625, 0.0675, 0.07250000000000001, 0.0775, 0.0825, 0.0875, 0.0925, 0.0975, 0.10250000000000001, 0.1075, 0.1125, 0.1175, 0.1225, 0.1275, 0.1325, 0.1375, 0.14250000000000002, 0.1475, 0.1525, 0.1575, 0.1625, 0.1675, 0.17250000000000001, 0.1775, 0.1825, 0.1875, 0.1925, 0.1975, 0.2025, 0.20750000000000002, 0.2125, 0.2175, 0.2225]}], "data": {"__dtype__": [["k", "<f8"], ["power_0", "<c8"], ["modes", "<i8"]], "__shape__": [45], "__data__": [[0.0038118550085914655, {"__complex__": [84354.6484375, -1.7427444036488549e-13]}, 167], [0.008044292705940162, {"__complex__": [95651.6171875, -2.6898180067297904e-14]}, 1082], [0.012805274791317205, {"__complex__": [106050.6953125, 9.033907248569978e-14]}, 2980], [0.017711178488536868, {"__complex__": [103744.3515625, -5.6354233616846133e-14]}, 5810], [0.022669997110435196, {"__complex__": [100995.90625, -2.865816375982773e-14]}, 9616], [0.027651229000451732, {"__complex__": [97878.6171875, -1.1645582400157412e-14]}, 14370], [0.03262972671811145, {"__complex__": [93660.484375, -2.460803337088393e-14]}, 19958], [0.03760950305689181, {"__complex__": [91052.0234375, -1.0804523576280096e-14]}, 26600], [0.042598189180221985, {"__complex__": [86853.9140625, -1.4893182317620942e-15]}, 34198], [0.04758652669125401, {"__complex__": [84567.7734375, -1.7265099668938716e-14]}, 42564], [0.05257214424763255, {"__complex__": [82541.53125, -6.913919560973909e-15]}, 52092], [0.05756762639187734, {"__complex__": [79181.3828125, 6.166065701513615e-15]}, 62540], [0.06256784570414675, {"__complex__": [79915.046875, -7.285803023718805e-15]}, 73900], [0.06755954183233819, {"__complex__": [80078.046875, 5.163615760965306e-15]}, 85954], [0.07254979543172936, {"__complex__": [77412.2734375, -7.58951092212157e-15]}, 99224], [0.07755301719604307, {"__complex__": [75958.1875, 9.008851844583606e-15]}, 113878], [0.08255379159450231, {"__complex__": [75053.921875, 3.34253282909295e-15]}, 128430], [0.08754933685799673, {"__complex__": [73434.9296875, 3.9713182083665234e-15]}, 144738], [0.09254628287025632, {"__complex__": [72039.984375, 3.331812356596026e-15]}, 161600], [0.09754230573695459, {"__complex__": [71937.796875, -3.8500990585871645e-16]}, 179532], [0.10254043245114335, {"__complex__": [71542.96875, -3.1144255858479462e-15]}, 198578], [0.10753496012910864, {"__complex__": [70091.9140625, 4.214719478507151e-15]}, 217948], [0.11253322095048206, {"__complex__": [69468.8984375, -2.7345685784540717e-15]}, 239466], [0.11753521599684164, {"__complex__": [69491.515625, -7.811551186002747e-16]}, 260802], [0.12253134450176076, {"__complex__": [68560.890625, -1.2010643436028649e-15]}, 283208], [0.1275309230191488, {"__complex__": [68617.78125, 1.9399273718445284e-15]}, 307552], [0.1325311962249632, {"__complex__": [68409.1640625, 2.5799867596460564e-15]}, 331368], [0.13752805194615347, {"__complex__": [68014.9609375, -2.309538456950178e-15]}, 357176], [0.14252935981911258, {"__complex__": [67778.8671875, 2.1223753040677893e-15]}, 383960], [0.1475284614937347, {"__complex__": [66973.0546875, -7.685995492231242e-16]}, 410610], [0.15252635246823382, {"__complex__": [66981.625, 1.588890025206271e-15]}, 439610], [0.15752611606216377, {"__complex__": [66284.5234375, -2.0194682125146803e-15]}, 468378], [0.16252421214211984, {"__complex__": [66213.7265625, 1.7867477102015742e-16]}, 498842], [0.16752371253768536, {"__complex__": [65766.5859375, -1.5234876467334511e-15]}, 530120], [0.1725249207786037, {"__complex__": [66196.578125, -9.284057084311265e-16]}, 562308], [0.1775231177089293, {"__complex__": [65733.78125, 3.608790489221847e-16]}, 594772], [0.1825216263115049, {"__complex__": [65711.40625, 7.398801030530791e-16]}, 629374], [0.18752251846961576, {"__complex__": [65557.578125, 1.803210960201764e-15]}, 664262], [0.19252096161124363, {"__complex__": [65285.87109375, -6.720743744715436e-16]}, 699638], [0.19752097960631398, {"__complex__": [65516.7734375, -1.7171681887493697e-15]}, 737270], [0.20252025466600854, {"__complex__": [65133.65234375, 2.605517391467485e-15]}, 774226], [0.20751820200289292, {"__complex__": [64731.2109375, 1.6552168607316802e-16]}, 813218], [0.21252017336277265, {"__complex__": [64899.26171875, 3.6640533009808817e-16]}, 853880], [0.2175195092477816, {"__complex__": [64956.19921875, 4.482728643952292e-16]}, 892710], [0.2225154125842862, {"__complex__": [64883.0625, -4.126082774532909e-16]}, 934605]]}, "attrs": {"poles": [0], "dk": 0.005, "kmin": 0.0, "kmax": null, "Nmesh": {"__dtype__": "<i8", "__shape__": [3], "__data__": [512, 512, 512]}, "BoxSize": {"__dtype__": "<f8", "__shape__": [3], "__data__": [3433.0, 7188.0, 3022.0]}, "BoxPad": {"__dtype__": "<f8", "__shape__": [3], "__data__": [0.1, 0.1, 0.1]}, "BoxCenter": {"__dtype__": "<f8", "__shape__": [3], "__data__": [-1754.2178677415036, 37.27683920451659, 1911.9806354558261]}, "mesh.resampler": "tsc", "mesh.interlaced": true, "alpha": 0.049992159609552715, "data.norm": 5.55113798266072, "randoms.norm": 5.552573412807933, "shotnoise": 62986.72020405793, "first.data.N": 240384, "first.data.W": 240384.0, "first.data.W2": 207119.88125826142, "first.data.num_per_cell": 0.0015431633685399698, "first.randoms.N": 4808434, "first.randoms.W": 4808434.0, "first.randoms.W2": 4143554.523963264, "first.randoms.num_per_cell": 0.030871886938536645, "first.data.ext": 1, "first.randoms.ext": 1, "second.data.N": 240384, "second.data.W": 240384.0, "second.data.W2": 375204.5461819768, "second.data.num_per_cell": 0.0027954917116610467, "second.randoms.N": 4808434, "second.randoms.W": 4808434.0, "second.randoms.W2": 7507566.373876929, "second.randoms.num_per_cell": 0.05593572835532523, "second.data.ext": 1, "second.randoms.ext": 1}}, "attrs": {"poles": [0], "dk": 0.005, "kmin": 0.0, "kmax": null, "Nmesh": {"__dtype__": "<i8", "__shape__": [3], "__data__": [512, 512, 512]}, "BoxSize": {"__dtype__": "<f8", "__shape__": [3], "__data__": [3433.0, 7188.0, 3022.0]}, "BoxPad": {"__dtype__": "<f8", "__shape__": [3], "__data__": [0.1, 0.1, 0.1]}, "BoxCenter": {"__dtype__": "<f8", "__shape__": [3], "__data__": [-1754.2178677415036, 37.27683920451659, 1911.9806354558261]}, "mesh.resampler": "tsc", "mesh.interlaced": true, "alpha": 0.049992159609552715, "data.norm": 5.55113798266072, "randoms.norm": 5.552573412807933, "shotnoise": 62986.72020405793, "first.data.N": 240384, "first.data.W": 240384.0, "first.data.W2": 207119.88125826142, "first.data.num_per_cell": 0.0015431633685399698, "first.randoms.N": 4808434, "first.randoms.W": 4808434.0, "first.randoms.W2": 4143554.523963264, "first.randoms.num_per_cell": 0.030871886938536645, "first.data.ext": 1, "first.randoms.ext": 1, "second.data.N": 240384, "second.data.W": 240384.0, "second.data.W2": 375204.5461819768, "second.data.num_per_cell": 0.0027954917116610467, "second.randoms.N": 4808434, "second.randoms.W": 4808434.0, "second.randoms.W2": 7507566.373876929, "second.randoms.num_per_cell": 0.05593572835532523, "second.data.ext": 1, "second.randoms.ext": 1, "p": 0.0, "zmin": 0.8, "zmax": 2.2, "P0_FKP": 30000.0, "z-weighted": true, "hashkeys": ["Nmesh", "P0_FKP", "dk", "kmin", "mesh.window", "mesh.interlaced", "poles", "p", "BoxPad", "zmin", "zmax", "z-weighted"]}}