{"poles": {"dims": ["k"], "edges": [{"__dtype__": "<f8", "__shape__": [46], "__data__": [0.0, 0.005, 0.01, 0.015, 0.02, 0.025, 0.03, 0.035, 0.04, 0.045, 0.05, 0.055, 0.06, 0.065, 0.07, 0.075, 0.08, 0.085, 0.09, 0.095, 0.1, 0.105, 0.11, 0.115, 0.12, 0.125, 0.13, 0.135, 0.14, 0.145, 0.15, 0.155, 0.16, 0.165, 0.17, 0.17500000000000002, 0.18, 0.185, 0.19, 0.195, 0.2, 0.20500000000000002, 0.21, 0.215, 0.22, 0.225]}], "coords": [{"__dtype__": "<f8", "__shape__": [45], "__data__": [0.0025, 0.0075, 0.0125, 0.0175, 0.0225, 0.0275, 0.0325, 0.037500000000000006, 0.042499999999999996, 0.0475, 0.052500000000000005, 0.057499999999999996, 0.0625, 0.0675, 0.07250000000000001, 0.0775, 0.0825, 0.0875, 0.0925, 0.0975, 0.10250000000000001, 0.1075, 0.1125, 0.1175, 0.1225, 0.1275, 0.1325, 0.1375, 0.14250000000000002, 0.1475, 0.1525, 0.1575, 0.1625, 0.1675, 0.17250000000000001, 0.1775, 0.1825, 0.1875, 0.1925, 0.1975, 0.2025, 0.20750000000000002, 0.2125, 0.2175, 0.2225]}], "data": {"__dtype__": [["k", "<f8"], ["power_0", "<c8"], ["modes", "<i8"]], "__shape__": [45], "__data__": [[0.00381390647238449, {"__complex__": [57223.07421875, 3.4854888072977097e-13]}, 167], [0.008063311531317702, {"__complex__": [106043.609375, -1.0680304839312538e-13]}, 1090], [0.01282005909876306, {"__complex__": [98969.0625, -1.2730478292626718e-13]}, 2972], [0.01772277954832951, {"__complex__": [111823.9375, 1.163852814036609e-13]}, 5814], [0.02266872591889269, {"__complex__": [105547.9765625, -1.5240799345218187e-15]}, 9548], [0.027645919476335868, {"__complex__": [102012.4609375, 4.0483838070065614e-15]}, 14378], [0.032635678982440755, {"__complex__": [100466.2421875, 2.6961485615709796e-14]}, 19970], [0.037619789261897046, {"__complex__": [97869.1015625, -8.763573972948337e-15]}, 26568], [0.04260293806052465, {"__complex__": [92533.59375, 9.821411397917604e-15]}, 34078], [0.04758780255705242, {"__complex__": [88627.8359375, 6.589300960202276e-15]}, 42512], [0.05257325025525005, {"__complex__": [86235.84375, 2.79898352826863e-15]}, 51990], [0.057571793455569224, {"__complex__": [83191.328125, 8.14672635839601e-16]}, 62518], [0.06257159750553841, {"__complex__": [82378.46875, 5.528843238810678e-15]}, 73696], [0.06756447926960311, {"__complex__": [82295.9453125, -5.5868628781152296e-15]}, 85954], [0.07255405705645328, {"__complex__": [81880.078125, 3.384303200095612e-15]}, 98896], [0.07755262263324578, {"__complex__": [80634.90625, 7.682218678198554e-15]}, 113654], [0.082553357539654, {"__complex__": [78702.2890625, 4.141868292296177e-15]}, 128238], [0.08754953796479167, {"__complex__": [77620.8671875, 5.790314262815082e-15]}, 144506], [0.092544642178828, {"__complex__": [76018.203125, 3.9723812347153276e-15]}, 161184], [0.09754119755013069, {"__complex__": [75559.03125, 6.0029974596070585e-15]}, 179384], [0.10254194955012445, {"__complex__": [74541.65625, -2.953828139048531e-15]}, 198290], [0.10753409847851698, {"__complex__": [74903.5546875, -2.9459215100023856e-15]}, 217346], [0.11253262767245138, {"__complex__": [73888.8515625, 2.7976030763228422e-15]}, 239272], [0.11753655927750746, {"__complex__": [73768.265625, -3.9266503494095415e-15]}, 260342], [0.12253334187423302, {"__complex__": [72511.234375, -1.189747877548429e-15]}, 282844], [0.12753157042728208, {"__complex__": [72541.3359375, -2.205885129370538e-15]}, 306754], [0.13253025617453762, {"__complex__": [72494.3984375, -7.037347719740148e-16]}, 330850], [0.1375303438447636, {"__complex__": [72696.3515625, 3.006240420242259e-15]}, 356992], [0.14253119516879575, {"__complex__": [71213.59375, 4.333415899471791e-15]}, 382820], [0.14752714362205652, {"__complex__": [71147.25, -5.813055826899439e-16]}, 409918], [0.15252675877375507, {"__complex__": [71119.8203125, 1.2593379869124742e-15]}, 439098], [0.157527661694531, {"__complex__": [70774.9609375, 1.2818551931449273e-15]}, 467570], [0.16252533178123657, {"__complex__": [70053.1171875, 1.928675597931439e-15]}, 497972], [0.1675258900803243, {"__complex__": [70198.3515625, -6.596840294586669e-16]}, 529414], [0.17252689975159405, {"__complex__": [70112.9609375, 5.835081595203807e-17]}, 561120], [0.1775239643016151, {"__complex__": [70290.375, -1.188537573345921e-15]}, 593812], [0.1825223004163423, {"__complex__": [69745.28125, 1.9459449056600598e-15]}, 628158], [0.18752155682451357, {"__complex__": [69340.90625, -1.053789772151694e-15]}, 662838], [0.19252201696327373, {"__complex__": [69130.1796875, 8.739963882455689e-16]}, 699294], [0.19752168358340347, {"__complex__": [69017.96875, 4.949105977327245e-17]}, 735078], [0.20251983012825187, {"__complex__": [69054.390625, -1.2698301840301132e-15]}, 773532], [0.20751951478932745, {"__complex__": [68698.515625, 2.2231444844620285e-15]}, 811660], [0.21252005027642404, {"__complex__": [69226.5625, 2.288187297448739e-15]}, 852184], [0.21751807697750156, {"__complex__": [69170.1328125, -2.204815909093307e-16]}, 891008], [0.22251556810662698, {"__complex__": [68948.8046875, 7.013624709167719e-17]}, 933663]]}, "attrs": {"poles": [0], "dk": 0.005, "kmin": 0.0, "kmax": null, "Nmesh": {"__dtype__": "<i8", "__shape__": [3], "__data__": [512, 512, 512]}, "BoxSize": {"__dtype__": "<f8", "__shape__": [3], "__data__": [3426.0, 7188.0, 3023.0]}, "BoxPad": {"__dtype__": "<f8", "__shape__": [3], "__data__": [0.1, 0.1, 0.1]}, "BoxCenter": {"__dtype__": "<f8", "__shape__": [3], "__data__": [-1752.3816735160665, 34.811805870128865, 1911.317538884952]}, "mesh.resampler": "tsc", "mesh.interlaced": true, "alpha": 0.049963493248851236, "data.norm": 1.7973672565810248, "randoms.norm": 1.7974957031741368, "shotnoise": 66944.79690876465, "first.data.N": 240191, "first.data.W": 240191.0, "first.data.W2": 207051.2864559674, "first.data.num_per_cell": 0.0015426522974369482, "first.randoms.N": 4807330, "first.randoms.W": 4807330.0, "first.randoms.W2": 4144091.4529392407, "first.randoms.num_per_cell": 0.030875887371146982, "first.data.ext": 1, "first.randoms.ext": 1, "second.data.N": 240191, "second.data.W": 240191.0, "second.data.W2": 122969.64575399607, "second.data.num_per_cell": 0.0009161952566653197, "second.randoms.N": 4807330, "second.randoms.W": 4807330.0, "second.randoms.W2": 2461279.693545604, "second.randoms.num_per_cell": 0.018337962728333504, "second.data.ext": 1, "second.randoms.ext": 1}}, "attrs": {"poles": [0], "dk": 0.005, "kmin": 0.0, "kmax": null, "Nmesh": {"__dtype__": "<i8", "__shape__": [3], "__data__": [512, 512, 512]}, "BoxSize": {"__dtype__": "<f8", "__shape__": [3], "__data__": [3426.0, 7188.0, 3023.0]}, "BoxPad": {"__dtype__": "<f8", "__shape__": [3], "__data__": [0.1, 0.1, 0.1]}, "BoxCenter": {"__dtype__": "<f8", "__shape__": [3], "__data__": [-1752.3816735160665, 34.811805870128865, 1911.317538884952]}, "mesh.resampler": "tsc", "mesh.interlaced": true, "alpha": 0.049963493248851236, "data.norm": 1.7973672565810248, "randoms.norm": 1.7974957031741368, "shotnoise": 66944.79690876465, "first.data.N": 240191, "first.data.W": 240191.0, "first.data.W2": 207051.2864559674, "first.data.num_per_cell": 0.0015426522974369482, "first.randoms.N": 4807330, "first.randoms.W": 4807330.0, "first.randoms.W2": 4144091.4529392407, "first.randoms.num_per_cell": 0.030875887371146982, "first.data.ext": 1, "first.randoms.ext": 1, "second.data.N": 240191, "second.data.W": 240191.0, "second.data.W2": 122969.64575399607, "second.data.num_per_cell": 0.0009161952566653197, "second.randoms.N": 4807330, "second.randoms.W": 4807330.0, "second.randoms.W2": 2461279.693545604, "second.randoms.num_per_cell": 0.018337962728333504, "second.data.ext": 1, "second.randoms.ext": 1, "p": 1.6, "zmin": 0.8, "zmax": 2.2, "P0_FKP": 30000.0, "z-weighted": true, "hashkeys": ["Nmesh", "P0_FKP", "dk", "kmin", "mesh.window", "mesh.interlaced", "poles", "p", "BoxPad", "zmin", "zmax", "z-weighted"]}}