{"poles": {"dims": ["k"], "edges": [{"__dtype__": "<f8", "__shape__": [57], "__data__": [0.0, 0.005, 0.01, 0.015, 0.02, 0.025, 0.03, 0.035, 0.04, 0.045, 0.05, 0.055, 0.06, 0.065, 0.07, 0.075, 0.08, 0.085, 0.09, 0.095, 0.1, 0.105, 0.11, 0.115, 0.12, 0.125, 0.13, 0.135, 0.14, 0.145, 0.15, 0.155, 0.16, 0.165, 0.17, 0.17500000000000002, 0.18, 0.185, 0.19, 0.195, 0.2, 0.20500000000000002, 0.21, 0.215, 0.22, 0.225, 0.23, 0.23500000000000001, 0.24, 0.245, 0.25, 0.255, 0.26, 0.265, 0.27, 0.275, 0.28]}], "coords": [{"__dtype__": "<f8", "__shape__": [56], "__data__": [0.0025, 0.0075, 0.0125, 0.0175, 0.0225, 0.0275, 0.0325, 0.037500000000000006, 0.042499999999999996, 0.0475, 0.052500000000000005, 0.057499999999999996, 0.0625, 0.0675, 0.07250000000000001, 0.0775, 0.0825, 0.0875, 0.0925, 0.0975, 0.10250000000000001, 0.1075, 0.1125, 0.1175, 0.1225, 0.1275, 0.1325, 0.1375, 0.14250000000000002, 0.1475, 0.1525, 0.1575, 0.1625, 0.1675, 0.17250000000000001, 0.1775, 0.1825, 0.1875, 0.1925, 0.1975, 0.2025, 0.20750000000000002, 0.2125, 0.2175, 0.2225, 0.2275, 0.2325, 0.2375, 0.2425, 0.2475, 0.2525, 0.2575, 0.2625, 0.2675, 0.2725, 0.2775]}], "data": {"__dtype__": [["k", "<f8"], ["power_0", "<c8"], ["modes", "<i8"]], "__shape__": [56], "__data__": [[0.00381706702970741, {"__complex__": [132445.28125, -3.241763411529486e-13]}, 101], [0.008103170720007762, {"__complex__": [115477.0625, 2.1089732946664476e-14]}, 690], [0.012884193120850242, {"__complex__": [108631.7421875, 7.094649710380138e-14]}, 1846], [0.017773604155624557, {"__complex__": [109585.0234375, -7.101464513957273e-15]}, 3586], [0.02269401460838045, {"__complex__": [108954.46875, -6.826640354352584e-14]}, 5862], [0.027656877443793856, {"__complex__": [100550.328125, 3.2930337059630665e-14]}, 8838], [0.032630956657449375, {"__complex__": [97401.4296875, -1.4848893082391383e-15]}, 12250], [0.0376088976697648, {"__complex__": [94753.1484375, 2.55107587344202e-14]}, 16364], [0.042612233052522173, {"__complex__": [93870.515625, -2.292481627436376e-14]}, 21106], [0.04759856412105082, {"__complex__": [89146.984375, 8.56896561221782e-15]}, 26110], [0.052575231862960536, {"__complex__": [87129.28125, 3.10223191129751e-15]}, 31956], [0.057570615257210904, {"__complex__": [85402.625, -1.0395305018802599e-14]}, 38496], [0.0625703010937602, {"__complex__": [85408.15625, 5.007348346592255e-15]}, 45408], [0.06756245591656852, {"__complex__": [83908.7109375, -5.2348982421579655e-15]}, 52816], [0.0725517078159202, {"__complex__": [82491.4765625, -7.826335404943242e-15]}, 61010], [0.07754759041163327, {"__complex__": [81048.8671875, 6.988490647584283e-15]}, 69756], [0.0825440235645722, {"__complex__": [80179.953125, -9.310050831396605e-15]}, 78982], [0.08754799185312433, {"__complex__": [79433.7109375, -1.2233160844156925e-16]}, 89216], [0.09255237842512698, {"__complex__": [78389.6875, 2.160798412621139e-15]}, 99334], [0.09754414113799151, {"__complex__": [78085.390625, -2.6414802928255345e-15]}, 110180], [0.10254446794738534, {"__complex__": [77136.046875, -2.52695233275257e-15]}, 122372], [0.10754459057638319, {"__complex__": [76910.2109375, 7.539162436703828e-15]}, 133906], [0.11253608146457943, {"__complex__": [75327.4453125, 9.909103871913894e-16]}, 146854], [0.11753297104777852, {"__complex__": [74686.765625, 4.991925147172175e-16]}, 160330], [0.12253392388369665, {"__complex__": [74843.2109375, 7.046828771277002e-15]}, 174366], [0.12753845200745678, {"__complex__": [74781.390625, 8.416971690821903e-16]}, 189096], [0.13253622328182943, {"__complex__": [74629.34375, 3.513426596640952e-15]}, 203466], [0.13752703255123475, {"__complex__": [74105.9609375, 3.717642428575701e-15]}, 219200], [0.14252554903522058, {"__complex__": [74033.03125, -4.901025382921106e-15]}, 236048], [0.14752849124623074, {"__complex__": [73201.9921875, -7.485257154061446e-16]}, 252730], [0.1525296015382349, {"__complex__": [72646.3984375, 6.19615612344835e-16]}, 270082], [0.15752877638945803, {"__complex__": [72746.9453125, 7.641910603700208e-16]}, 288014], [0.162524028005072, {"__complex__": [72429.5390625, 8.319020271405823e-16]}, 306116], [0.16752137668426395, {"__complex__": [72686.015625, 2.7458802799481792e-15]}, 325922], [0.1725228270660947, {"__complex__": [72537.1875, -1.578773698958976e-15]}, 345646], [0.1775253779067395, {"__complex__": [71744.3125, -2.484333605313674e-16]}, 366092], [0.18252612759537307, {"__complex__": [71662.640625, 2.9636880790106037e-16]}, 386668], [0.18752464131220803, {"__complex__": [71953.890625, 1.4975728854704426e-15]}, 408114], [0.19252143038351205, {"__complex__": [71499.9453125, 3.047181175412644e-16]}, 429798], [0.19751711256312418, {"__complex__": [71083.390625, -1.6958063354569715e-15]}, 452654], [0.2025177596347637, {"__complex__": [70812.2265625, 4.122874637245183e-16]}, 476490], [0.20751978017709657, {"__complex__": [71022.984375, -1.0187155407042123e-16]}, 499960], [0.21252031961706241, {"__complex__": [71063.8359375, 7.135365843000824e-16]}, 524510], [0.21752044990192962, {"__complex__": [71023.734375, 2.98131986390109e-16]}, 549116], [0.22251968272611697, {"__complex__": [70390.1953125, -2.810149328337573e-15]}, 574796], [0.22751812906463373, {"__complex__": [70346.453125, -8.479685480841019e-16]}, 600632], [0.23251641491946407, {"__complex__": [70260.546875, 0.0]}, 627534], [0.23751728851973924, {"__complex__": [70057.3984375, 1.4768219546912515e-15]}, 655260], [0.24251726961202744, {"__complex__": [70432.6015625, 5.953481184059993e-16]}, 682486], [0.24751615092498405, {"__complex__": [70604.2734375, 1.1918307315657273e-15]}, 711216], [0.2525151577659066, {"__complex__": [70160.0234375, 1.47492007455709e-16]}, 739968], [0.2575154377155488, {"__complex__": [69938.1953125, -3.5893804645377187e-16]}, 770290], [0.26251699750605223, {"__complex__": [70327.5625, 1.7176191279146642e-15]}, 800088], [0.26751810375170126, {"__complex__": [70192.3828125, 1.0438065359562364e-15]}, 831244], [0.2725173922568832, {"__complex__": [69970.28125, 8.71998766918588e-16]}, 861518], [0.27751183466836565, {"__complex__": [70126.8203125, -1.3660010343119456e-16]}, 892183]]}, "attrs": {"poles": [0], "dk": 0.005, "kmin": 0.0, "kmax": null, "Nmesh": {"__dtype__": "<i8", "__shape__": [3], "__data__": [512, 512, 512]}, "BoxSize": {"__dtype__": "<f8", "__shape__": [3], "__data__": [2668.0, 5790.0, 2967.0]}, "BoxPad": {"__dtype__": "<f8", "__shape__": [3], "__data__": [0.1, 0.1, 0.1]}, "BoxCenter": {"__dtype__": "<f8", "__shape__": [3], "__data__": [2581.872501024246, 42.17641708729229, 889.073568550995]}, "mesh.resampler": "tsc", "mesh.interlaced": true, "alpha": 0.05004368673415024, "data.norm": 3.174699864300035, "randoms.norm": 3.1749505459607095, "shotnoise": 68988.08341769836, "first.data.N": 140898, "first.data.W": 140898.0, "first.data.W2": 125547.46089869266, "first.data.num_per_cell": 0.0009354014761648525, "first.randoms.N": 2815500, "first.randoms.W": 2815500.0, "first.randoms.W2": 2508931.3380320994, "first.randoms.num_per_cell": 0.018692995146156098, "first.data.ext": 1, "first.randoms.ext": 1, "second.data.N": 140898, "second.data.W": 140898.0, "second.data.W2": 227968.62026441097, "second.data.num_per_cell": 0.0016984985788495166, "second.randoms.N": 2815500, "second.randoms.W": 2815500.0, "second.randoms.W2": 4556153.895765066, "second.randoms.num_per_cell": 0.03394599181238611, "second.data.ext": 1, "second.randoms.ext": 1}}, "attrs": {"poles": [0], "dk": 0.005, "kmin": 0.0, "kmax": null, "Nmesh": {"__dtype__": "<i8", "__shape__": [3], "__data__": [512, 512, 512]}, "BoxSize": {"__dtype__": "<f8", "__shape__": [3], "__data__": [2668.0, 5790.0, 2967.0]}, "BoxPad": {"__dtype__": "<f8", "__shape__": [3], "__data__": [0.1, 0.1, 0.1]}, "BoxCenter": {"__dtype__": "<f8", "__shape__": [3], "__data__": [2581.872501024246, 42.17641708729229, 889.073568550995]}, "mesh.resampler": "tsc", "mesh.interlaced": true, "alpha": 0.05004368673415024, "data.norm": 3.174699864300035, "randoms.norm": 3.1749505459607095,