{"poles": {"dims": ["k"], "edges": [{"__dtype__": "<f8", "__shape__": [46], "__data__": [0.0, 0.005, 0.01, 0.015, 0.02, 0.025, 0.03, 0.035, 0.04, 0.045, 0.05, 0.055, 0.06, 0.065, 0.07, 0.075, 0.08, 0.085, 0.09, 0.095, 0.1, 0.105, 0.11, 0.115, 0.12, 0.125, 0.13, 0.135, 0.14, 0.145, 0.15, 0.155, 0.16, 0.165, 0.17, 0.17500000000000002, 0.18, 0.185, 0.19, 0.195, 0.2, 0.20500000000000002, 0.21, 0.215, 0.22, 0.225]}], "coords": [{"__dtype__": "<f8", "__shape__": [45], "__data__": [0.0025, 0.0075, 0.0125, 0.0175, 0.0225, 0.0275, 0.0325, 0.037500000000000006, 0.042499999999999996, 0.0475, 0.052500000000000005, 0.057499999999999996, 0.0625, 0.0675, 0.07250000000000001, 0.0775, 0.0825, 0.0875, 0.0925, 0.0975, 0.10250000000000001, 0.1075, 0.1125, 0.1175, 0.1225, 0.1275, 0.1325, 0.1375, 0.14250000000000002, 0.1475, 0.1525, 0.1575, 0.1625, 0.1675, 0.17250000000000001, 0.1775, 0.1825, 0.1875, 0.1925, 0.1975, 0.2025, 0.20750000000000002, 0.2125, 0.2175, 0.2225]}], "data": {"__dtype__": [["k", "<f8"], ["power_0", "<c8"], ["modes", "<i8"]], "__shape__": [45], "__data__": [[0.003812236359775011, {"__complex__": [75859.703125, 0.0]}, 167], [0.008045125355029875, {"__complex__": [100418.546875, -1.2104180776174173e-13]}, 1082], [0.012806547986144732, {"__complex__": [122264.796875, -5.859831527345663e-14]}, 2980], [0.017712965950038316, {"__complex__": [106318.375, -1.4401637028109773e-14]}, 5810], [0.022670428193072044, {"__complex__": [103366.8828125, -1.0147567871708271e-13]}, 9608], [0.02764731018065663, {"__complex__": [107122.890625, -3.347366464958104e-14]}, 14346], [0.032628782501549686, {"__complex__": [95792.609375, 0.0]}, 19990], [0.03761332067468865, {"__complex__": [92305.25, -3.2823869253325536e-15]}, 26600], [0.04259972620282003, {"__complex__": [92318.765625, 1.9596817048338037e-14]}, 34158], [0.047587369280438795, {"__complex__": [89633.234375, -7.861096790065612e-15]}, 42576], [0.05257079435436644, {"__complex__": [84488.8046875, -1.3990073883434276e-14]}, 52008], [0.05756706372064971, {"__complex__": [84246.40625, -3.71910186634382e-15]}, 62604], [0.06256884804097126, {"__complex__": [83742.6328125, 1.261339462239365e-14]}, 73836], [0.0675608853661707, {"__complex__": [82276.734375, 4.822997978369461e-15]}, 85990], [0.07255066992662158, {"__complex__": [82085.8671875, -1.2626263593961285e-14]}, 99116], [0.07755176693908437, {"__complex__": [79143.9765625, 8.56521410329443e-15]}, 113830], [0.08255323731522013, {"__complex__": [78509.8828125, 2.266053479504037e-15]}, 128434], [0.08754912434047521, {"__complex__": [78874.390625, -3.520640829192276e-16]}, 144666], [0.09254473181757573, {"__complex__": [76513.578125, 2.2527300747602003e-15]}, 161492], [0.09754147676067827, {"__complex__": [75424.0, -6.746151556759512e-15]}, 179576], [0.10253958579537914, {"__complex__": [74659.265625, -2.200279465325609e-15]}, 198410], [0.10753203993472842, {"__complex__": [74191.859375, 0.0]}, 217808], [0.11252998896306153, {"__complex__": [73015.6796875, 1.8235330276118484e-16]}, 239402], [0.11753328769661914, {"__complex__": [72506.3828125, -2.3432497329761888e-15]}, 260826], [0.12253194866881457, {"__complex__": [72903.8046875, -4.314783292214564e-15]}, 283296], [0.12753268796399134, {"__complex__": [72554.015625, -1.7513836611372335e-15]}, 307426], [0.13253249329808178, {"__complex__": [71971.7734375, -1.1751358180544635e-15]}, 331250], [0.13752982172013414, {"__complex__": [71756.03125, 3.2593629286998464e-16]}, 357172], [0.14252944651345797, {"__complex__": [72419.2109375, 7.778972710664571e-16]}, 383488], [0.14752651661506827, {"__complex__": [71472.921875, -7.79834011900354e-16]}, 410526], [0.1525261108543892, {"__complex__": [71080.875, 2.8461914272761906e-15]}, 439698], [0.15752606214683365, {"__complex__": [70419.1171875, -1.0570865302615261e-15]}, 468046], [0.16252344317029424, {"__complex__": [69940.40625, 6.2730561271472e-16]}, 498746], [0.167523426409508, {"__complex__": [69762.7109375, 1.7297951206523264e-15]}, 529988], [0.17252515813588426, {"__complex__": [69353.46875, -3.6236654465668166e-16]}, 562212], [0.17752436452050382, {"__complex__": [69615.59375, 2.4955367277718554e-15]}, 594780], [0.18252219425044028, {"__complex__": [69535.140625, -2.140565971884786e-15]}, 628830], [0.1875219076421252, {"__complex__": [69212.3359375, 1.0298781379298235e-15]}, 664098], [0.1925213830490349, {"__complex__": [69068.6171875, -7.903246737707762e-16]}, 699678], [0.1975208971897299, {"__complex__": [69058.890625, 3.1014564526342988e-15]}, 736638], [0.2025194537595041, {"__complex__": [69016.6328125, -4.886977235611775e-16]}, 774200], [0.2075179699763772, {"__complex__": [68707.3828125, 1.790114798515808e-16]}, 812904], [0.21251973625429268, {"__complex__": [68665.3359375, 9.546509184226826e-16]}, 853618], [0.2175184440324606, {"__complex__": [68662.5546875, 3.653342463483733e-15]}, 892232], [0.22251475115434557, {"__complex__": [68752.3203125, -2.0863562867769843e-15]}, 934623]]}, "attrs": {"poles": [0], "dk": 0.005, "kmin": 0.0, "kmax": null, "Nmesh": {"__dtype__": "<i8", "__shape__": [3], "__data__": [512, 512, 512]}, "BoxSize": {"__dtype__": "<f8", "__shape__": [3], "__data__": [3431.0, 7190.0, 3022.0]}, "BoxPad": {"__dtype__": "<f8", "__shape__": [3], "__data__": [0.1, 0.1, 0.1]}, "BoxCenter": {"__dtype__": "<f8", "__shape__": [3], "__data__": [-1751.8669115889938, 34.85773820599161, 1912.0645753941521]}, "mesh.resampler": "tsc", "mesh.interlaced": true, "alpha": 0.04978360245496666, "data.norm": 1.7878075160981068, "randoms.norm": 1.7879621174284797, "shotnoise": 66861.03938319859, "first.data.N": 239362, "first.data.W": 239362.0, "first.data.W2": 206246.90225246194, "first.data.num_per_cell": 0.0015366591680978383, "first.randoms.N": 4808049, "first.randoms.W": 4808049.0, "first.randoms.W2": 4142967.438694523, "first.randoms.num_per_cell": 0.030867512812424624, "first.data.ext": 1, "first.randoms.ext": 1, "second.data.N": 239362, "second.data.W": 239362.0, "second.data.W2": 122258.2651180463, "second.data.num_per_cell": 0.000910895057902085, "second.randoms.N": 4808049, "second.randoms.W": 4808049.0, "second.randoms.W2": 2456174.6451357547, "second.randoms.num_per_cell": 0.018299927153704723, "second.data.ext": 1, "second.randoms.ext": 1}}, "attrs": {"poles": [0], "dk": 0.005, "kmin": 0.0, "kmax": null, "Nmesh": {"__dtype__": "<i8", "__shape__": [3], "__data__": [512, 512, 512]}, "BoxSize": {"__dtype__": "<f8", "__shape__": [3], "__data__": [3431.0, 7190.0, 3022.0]}, "BoxPad": {"__dtype__": "<f8", "__shape__": [3], "__data__": [0.1, 0.1, 0.1]}, "BoxCenter": {"__dtype__": "<f8", "__shape__": [3], "__data__": [-1751.8669115889938, 34.85773820599161, 1912.0645753941521]}, "mesh.resampler": "tsc", "mesh.interlaced": true, "alpha": 0.04978360245496666, "data.norm": 1.7878075160981068, "randoms.norm": 1.7879621174284797, "shotnoise": 66861.03938319859, "first.data.N": 239362, "first.data.W": 239362.0, "first.data.W2": 206246.90225246194, "first.data.num_per_cell": 0.0015366591680978383, "first.randoms.N": 4808049, "first.randoms.W": 4808049.0, "first.randoms.W2": 4142967.438694523, "first.randoms.num_per_cell": 0.030867512812424624, "first.data.ext": 1, "first.randoms.ext": 1, "second.data.N": 239362, "second.data.W": 239362.0, "second.data.W2": 122258.2651180463, "second.data.num_per_cell": 0.000910895057902085, "second.randoms.N": 4808049, "second.randoms.W": 4808049.0, "second.randoms.W2": 2456174.6451357547, "second.randoms.num_per_cell": 0.018299927153704723, "second.data.ext": 1, "second.randoms.ext": 1, "p": 1.6, "zmin": 0.8, "zmax": 2.2, "P0_FKP": 30000.0, "z-weighted": true, "hashkeys": ["Nmesh", "P0_FKP", "dk", "kmin", "mesh.window", "mesh.interlaced", "poles", "p", "BoxPad", "zmin", "zmax", "z-weighted"]}}