{"poles": {"dims": ["k"], "edges": [{"__dtype__": "<f8", "__shape__": [56], "__data__": [0.0, 0.005, 0.01, 0.015, 0.02, 0.025, 0.03, 0.035, 0.04, 0.045, 0.05, 0.055, 0.06, 0.065, 0.07, 0.075, 0.08, 0.085, 0.09, 0.095, 0.1, 0.105, 0.11, 0.115, 0.12, 0.125, 0.13, 0.135, 0.14, 0.145, 0.15, 0.155, 0.16, 0.165, 0.17, 0.17500000000000002, 0.18, 0.185, 0.19, 0.195, 0.2, 0.20500000000000002, 0.21, 0.215, 0.22, 0.225, 0.23, 0.23500000000000001, 0.24, 0.245, 0.25, 0.255, 0.26, 0.265, 0.27, 0.275]}], "coords": [{"__dtype__": "<f8", "__shape__": [55], "__data__": [0.0025, 0.0075, 0.0125, 0.0175, 0.0225, 0.0275, 0.0325, 0.037500000000000006, 0.042499999999999996, 0.0475, 0.052500000000000005, 0.057499999999999996, 0.0625, 0.0675, 0.07250000000000001, 0.0775, 0.0825, 0.0875, 0.0925, 0.0975, 0.10250000000000001, 0.1075, 0.1125, 0.1175, 0.1225, 0.1275, 0.1325, 0.1375, 0.14250000000000002, 0.1475, 0.1525, 0.1575, 0.1625, 0.1675, 0.17250000000000001, 0.1775, 0.1825, 0.1875, 0.1925, 0.1975, 0.2025, 0.20750000000000002, 0.2125, 0.2175, 0.2225, 0.2275, 0.2325, 0.2375, 0.2425, 0.2475, 0.2525, 0.2575, 0.2625, 0.2675, 0.2725]}], "data": {"__dtype__": [["k", "<f8"], ["power_0", "<c8"], ["modes", "<i8"]], "__shape__": [55], "__data__": [[0.003815341879001816, {"__complex__": [109463.2890625, 0.0]}, 101], [0.008099469726110354, {"__complex__": [78321.359375, -1.898075880496508e-13]}, 690], [0.012878222287502586, {"__complex__": [108493.3515625, 1.497759436006746e-13]}, 1846], [0.0177653989238657, {"__complex__": [110300.2734375, 6.467405295795857e-15]}, 3586], [0.022689852770889325, {"__complex__": [110018.8515625, 2.4756574997745074e-15]}, 5878], [0.027648730405315458, {"__complex__": [103114.75, -8.412464924971094e-14]}, 8822], [0.03262595738402333, {"__complex__": [102430.75, 5.914450964641699e-16]}, 12302], [0.037613735805946714, {"__complex__": [98440.0234375, 2.1285102790014575e-14]}, 16408], [0.04261079255199762, {"__complex__": [93103.765625, 3.453886744954316e-15]}, 21066], [0.04759649179023302, {"__complex__": [94251.5546875, -1.1104093718735525e-14]}, 26210], [0.05257999251998316, {"__complex__": [91156.171875, 9.089266611497088e-15]}, 32020], [0.05757168451612861, {"__complex__": [87185.5703125, 2.8362620412003547e-14]}, 38480], [0.0625686226319488, {"__complex__": [86918.984375, 2.5586908690444256e-15]}, 45498], [0.06756466750391166, {"__complex__": [88896.9609375, 1.0994609416346986e-15]}, 52942], [0.07255404866954501, {"__complex__": [86918.046875, -1.191881130026089e-15]}, 61046], [0.07755018786408319, {"__complex__": [85802.796875, -5.827092856901337e-15]}, 69924], [0.08254512515584582, {"__complex__": [84500.234375, 9.489017881723124e-15]}, 78978], [0.08754402526091051, {"__complex__": [82308.0234375, 1.3691625212601012e-14]}, 89278], [0.09255053885543216, {"__complex__": [81464.2890625, 3.1409743512719746e-15]}, 99608], [0.09754779176258559, {"__complex__": [80661.5703125, 4.3817573403210144e-15]}, 110424], [0.10254455023162633, {"__complex__": [80189.4609375, 1.3326801345955007e-14]}, 122296], [0.1075418533430106, {"__complex__": [80042.5859375, -4.71725396171776e-15]}, 134190], [0.112534295977839, {"__complex__": [79247.8984375, -3.563831409749687e-15]}, 146996], [0.11753201297839959, {"__complex__": [78632.5546875, -1.8114718607780984e-15]}, 160664], [0.12253326281831939, {"__complex__": [78163.6953125, -3.335491444202425e-15]}, 174510], [0.12753502420158955, {"__complex__": [78117.5234375, 2.2300253566090488e-15]}, 189238], [0.13253366965501678, {"__complex__": [76764.46875, -5.708536196372994e-16]}, 203932], [0.13752664200527392, {"__complex__": [77186.21875, 2.229275520692492e-15]}, 219492], [0.14252699234238764, {"__complex__": [76836.0390625, -3.1987640211313464e-15]}, 236560], [0.14752942479711204, {"__complex__": [76711.4453125, -6.330772952173108e-16]}, 252846], [0.1525293502126276, {"__complex__": [76003.78125, -1.2369138484251006e-15]}, 270588], [0.1575302490348774, {"__complex__": [76143.6015625, 3.329449769947897e-15]}, 288464], [0.16252477440453597, {"__complex__": [75461.15625, 1.3060117257676727e-15]}, 306412], [0.16752133410887823, {"__complex__": [75209.34375, -2.674705795456295e-15]}, 326434], [0.17252224400185068, {"__complex__": [75866.75, 2.5237598655743687e-15]}, 345958], [0.17752400164238477, {"__complex__": [74893.6015625, -8.730974745302952e-16]}, 366674], [0.1825268612831029, {"__complex__": [74964.7421875, 9.765831425259382e-16]}, 387422], [0.1875250523939159, {"__complex__": [74597.8125, -3.919179889391673e-16]}, 408430], [0.19252228105228858, {"__complex__": [74456.640625, -1.3513410115773418e-16]}, 430740], [0.19751885434675567, {"__complex__": [74922.9765625, 2.2081155788788954e-15]}, 453076], [0.2025164346719705, {"__complex__": [74459.453125, -6.103632597037395e-16]}, 476828], [0.20751889686585798, {"__complex__": [74028.7421875, -3.485279850622369e-16]}, 501030], [0.2125202099663727, {"__complex__": [74237.546875, 2.965717305254429e-15]}, 525018], [0.21752124538503298, {"__complex__": [74127.0625, 2.3534380570240003e-15]}, 550310], [0.2225208358792456, {"__complex__": [74301.40625, 4.806502752875512e-16]}, 575234], [0.22751782707158227, {"__complex__": [73904.953125, -3.023978137190711e-15]}, 601522], [0.232516681735914, {"__complex__": [73809.71875, -4.3993430148554346e-16]}, 628472], [0.23751771655210052, {"__complex__": [73921.6484375, -1.0312799774575294e-15]}, 656140], [0.24251722224955496, {"__complex__": [73767.6640625, 2.2999034571751604e-15]}, 683336], [0.24751563558796633, {"__complex__": [73255.75, -2.1352459697013184e-15]}, 712178], [0.2525163942233603, {"__complex__": [73434.0078125, 1.0989005234609715e-15]}, 741566], [0.2575173166507609, {"__complex__": [73263.640625, 1.6681222282462671e-15]}, 770942], [0.26251638493103313, {"__complex__": [73276.5390625, 8.903143191557454e-16]}, 800890], [0.2675165563618372, {"__complex__": [73676.2890625, -5.463283629847024e-16]}, 832370], [0.27251690278702795, {"__complex__": [73642.921875, 1.7534540214185598e-15]}, 863096]]}, "attrs": {"poles": [0], "dk": 0.005, "kmin": 0.0, "kmax": null, "Nmesh": {"__dtype__": "<i8", "__shape__": [3], "__data__": [512, 512, 512]}, "BoxSize": {"__dtype__": "<f8", "__shape__": [3], "__data__": [2668.0, 5800.0, 2966.0]}, "BoxPad": {"__dtype__": "<f8", "__shape__": [3], "__data__": [0.1, 0.1, 0.1]}, "BoxCenter": {"__dtype__": "<f8", "__shape__": [3], "__data__": [2581.9336550765, 44.69381069460951, 889.0956836009277]}, "mesh.resampler": "tsc", "mesh.interlaced": true, "alpha": 0.050031194884891585, "data.norm": 1.0360051312591294, "randoms.norm": 1.036901351891378, "shotnoise": 72393.49546485845, "first.data.N": 140816, "first.data.W": 140816.0, "first.data.W2": 125408.9117105152, "first.data.num_per_cell": 0.000934369204271698, "first.randoms.N": 2814564, "first.randoms.W": 2814564.0, "first.randoms.W2": 2506926.588057027, "first.randoms.num_per_cell": 0.01867805859489014, "first.data.ext": 1, "first.randoms.ext": 1, "second.data.N": 140816, "second.data.W": 140816.0, "second.data.W2": 74832.92759173946, "second.data.num_per_cell": 0.0005575487583260198, "second.randoms.N": 2814564, "second.randoms.W": 2814564.0, "second.randoms.W2": 1497083.7984784495, "second.randoms.num_per_cell": 0.011154143500912558, "second.data.ext": 1, "second.randoms.ext": 1}}, "attrs": {"poles": [0], "dk": 0.005, "kmin": 0.0, "kmax": null, "Nmesh": {"__dtype__": "<i8", "__shape__": [3], "__data__": [512, 512, 512]}, "BoxSize": {"__dtype__": "<f8", "__shape__": [3], "__data__": [2668.0, 5800.0, 2966.0]}, "BoxPad": {"__dtype__": "<f8", "__shape__": [3], "__data__": [0.1, 0.1, 0.1]}, "BoxCenter": {"__dtype__": "<f8", "__shape__": [3], "__data__": [2581.9336550765, 44.69381069460951, 889.0956836009277]}, "mesh.resampler": "tsc", "mesh.interlaced": true, "alpha": 0.050031194884891585, "data.norm": 1.0360051312591294, "randoms.norm": 1.036901351891378, "shotnoise": 72393.49546485845, "first.data.N": 140816, "first.data.W": 140816.0,