{"poles": {"dims": ["k"], "edges": [{"__dtype__": "<f8", "__shape__": [57], "__data__": [0.0, 0.005, 0.01, 0.015, 0.02, 0.025, 0.03, 0.035, 0.04, 0.045, 0.05, 0.055, 0.06, 0.065, 0.07, 0.075, 0.08, 0.085, 0.09, 0.095, 0.1, 0.105, 0.11, 0.115, 0.12, 0.125, 0.13, 0.135, 0.14, 0.145, 0.15, 0.155, 0.16, 0.165, 0.17, 0.17500000000000002, 0.18, 0.185, 0.19, 0.195, 0.2, 0.20500000000000002, 0.21, 0.215, 0.22, 0.225, 0.23, 0.23500000000000001, 0.24, 0.245, 0.25, 0.255, 0.26, 0.265, 0.27, 0.275, 0.28]}], "coords": [{"__dtype__": "<f8", "__shape__": [56], "__data__": [0.0025, 0.0075, 0.0125, 0.0175, 0.0225, 0.0275, 0.0325, 0.037500000000000006, 0.042499999999999996, 0.0475, 0.052500000000000005, 0.057499999999999996, 0.0625, 0.0675, 0.07250000000000001, 0.0775, 0.0825, 0.0875, 0.0925, 0.0975, 0.10250000000000001, 0.1075, 0.1125, 0.1175, 0.1225, 0.1275, 0.1325, 0.1375, 0.14250000000000002, 0.1475, 0.1525, 0.1575, 0.1625, 0.1675, 0.17250000000000001, 0.1775, 0.1825, 0.1875, 0.1925, 0.1975, 0.2025, 0.20750000000000002, 0.2125, 0.2175, 0.2225, 0.2275, 0.2325, 0.2375, 0.2425, 0.2475, 0.2525, 0.2575, 0.2625, 0.2675, 0.2725, 0.2775]}], "data": {"__dtype__": [["k", "<f8"], ["power_0", "<c8"], ["modes", "<i8"]], "__shape__": [56], "__data__": [[0.0038198528494953034, {"__complex__": [80585.3828125, -2.7374890548825803e-12]}, 101], [0.008100071991192523, {"__complex__": [96740.8984375, 4.242541037989371e-14]}, 686], [0.012881269468467241, {"__complex__": [113390.1484375, 2.844022489300463e-13]}, 1842], [0.017773735064533995, {"__complex__": [110951.046875, 0.0]}, 3578], [0.022690648913576788, {"__complex__": [104290.15625, -3.4920606987662306e-14]}, 5834], [0.027632827874488196, {"__complex__": [111046.3203125, 9.98302020205604e-15]}, 8746], [0.032616760377166196, {"__complex__": [104059.515625, -2.3650114916988095e-15]}, 12306], [0.037611855434165856, {"__complex__": [96185.8671875, -3.426216762018007e-14]}, 16312], [0.04260815628788409, {"__complex__": [92920.390625, -5.5441148193331995e-15]}, 20998], [0.04759470742866149, {"__complex__": [93570.7578125, -1.0042729248573891e-14]}, 26082], [0.05257215118347927, {"__complex__": [91821.25, -1.509155213991198e-14]}, 31820], [0.05755966068000393, {"__complex__": [90572.109375, -2.5451036135375193e-14]}, 38308], [0.0625569190344858, {"__complex__": [90039.8671875, 8.032986033084874e-15]}, 45288], [0.06756123667168466, {"__complex__": [88704.828125, -3.43958374660698e-16]}, 52884], [0.0725589987162173, {"__complex__": [87040.328125, 5.263591059729731e-15]}, 60822], [0.07755532087391818, {"__complex__": [87477.3828125, 5.225479659300971e-15]}, 69620], [0.08255042103763703, {"__complex__": [83603.84375, -7.397272665456589e-16]}, 78688], [0.08754387234744306, {"__complex__": [83242.8828125, 1.2799384422885855e-14]}, 88680], [0.09254125682671027, {"__complex__": [81384.796875, -2.0566832403270084e-15]}, 99056], [0.09754293062350597, {"__complex__": [82092.796875, 3.761378551290703e-15]}, 110260], [0.10254574208865609, {"__complex__": [80377.328125, 2.8686913752123434e-15]}, 121744], [0.1075400221183397, {"__complex__": [80132.84375, -2.5065833079534723e-15]}, 133526], [0.11253740717031083, {"__complex__": [80053.515625, 7.137373205206698e-15]}, 146796], [0.11753971076450205, {"__complex__": [78769.2578125, -6.9180399527458275e-15]}, 159864], [0.1225332555979107, {"__complex__": [78147.0859375, -6.713221562748225e-16]}, 173412], [0.12752806129773836, {"__complex__": [78100.3828125, -5.872942750336212e-15]}, 188312], [0.1325311164774617, {"__complex__": [78349.1484375, -3.790082803807257e-15]}, 203492], [0.13752932817617905, {"__complex__": [77869.2265625, -4.12710747264085e-15]}, 218608], [0.14252646244193612, {"__complex__": [77574.2421875, -3.169886973893553e-15]}, 235272], [0.14752600271965466, {"__complex__": [76464.8203125, 2.225098801229581e-15]}, 251786], [0.15252705543997028, {"__complex__": [75999.9375, 2.9150687584151213e-15]}, 269566], [0.15752708090304787, {"__complex__": [76188.4375, -1.3211939443142588e-15]}, 287058], [0.16252335334581403, {"__complex__": [75492.4453125, -1.4288904513187192e-16]}, 305522], [0.16752561103917976, {"__complex__": [75847.8828125, 3.219826130639535e-15]}, 325402], [0.17252303006998837, {"__complex__": [75783.8828125, 1.6087978405655888e-15]}, 343718], [0.17751959236237436, {"__complex__": [75740.546875, 1.0361830276727109e-15]}, 365138], [0.18252177537478664, {"__complex__": [75378.0546875, -1.6600921441480595e-15]}, 385692], [0.18752335715006874, {"__complex__": [74439.578125, 6.787107187946034e-16]}, 407370], [0.19252376418142306, {"__complex__": [74871.59375, 1.1877009165522706e-15]}, 428826], [0.19752280183498405, {"__complex__": [74732.78125, 2.2224139185450216e-15]}, 451798], [0.2025231814057504, {"__complex__": [74371.25, 4.122659702634817e-15]}, 474750], [0.20752136241121005, {"__complex__": [74826.4921875, 4.088978496278434e-16]}, 498234], [0.21251950442124942, {"__complex__": [74203.4140625, 4.974916196195717e-16]}, 522854], [0.21751702179489443, {"__complex__": [73578.1953125, -8.643301541306212e-16]}, 547172], [0.2225152115944782, {"__complex__": [74008.921875, -1.3704710389328433e-15]}, 573382], [0.2275180191355488, {"__complex__": [73509.2109375, -1.2919777662602082e-15]}, 599770], [0.2325178345411022, {"__complex__": [73716.53125, 5.585272256119404e-16]}, 625298], [0.2375180151021699, {"__complex__": [73798.9296875, -7.122533823245513e-16]}, 653786], [0.24252016353141995, {"__complex__": [73946.2890625, -6.839571349907781e-16]}, 680834], [0.24751776060388436, {"__complex__": [73697.4609375, -1.2423844107149425e-15]}, 708630], [0.2525160882937453, {"__complex__": [73284.1015625, 6.454632462467736e-16]}, 738346], [0.2575158477225275, {"__complex__": [73491.265625, -5.687955942732675e-16]}, 767512], [0.2625151349642106, {"__complex__": [73465.3046875, 2.6109938829879577e-15]}, 797682], [0.26751601337001046, {"__complex__": [72869.5625, 8.776852167308613e-17]}, 828994], [0.2725159859893832, {"__complex__": [73225.921875, -2.5063931490568138e-15]}, 859276], [0.27751200925449293, {"__complex__": [73146.0546875, 2.828862827241262e-15]}, 889927]]}, "attrs": {"poles": [0], "dk": 0.005, "kmin": 0.0, "kmax": null, "Nmesh": {"__dtype__": "<i8", "__shape__": [3], "__data__": [512, 512, 512]}, "BoxSize": {"__dtype__": "<f8", "__shape__": [3], "__data__": [2656.0, 5796.0, 2969.0]}, "BoxPad": {"__dtype__": "<f8", "__shape__": [3], "__data__": [0.1, 0.1, 0.1]}, "BoxCenter": {"__dtype__": "<f8", "__shape__": [3], "__data__": [2587.0835453635473, 45.93592170358147, 892.66797903784]}, "mesh.resampler": "tsc", "mesh.interlaced": true, "alpha": 0.050016373657519916, "data.norm": 1.0375510826058272, "randoms.norm": 1.0378111071813416, "shotnoise": 72470.7299825539, "first.data.N": 140821, "first.data.W": 140821.0, "first.data.W2": 125450.90695191133, "first.data.num_per_cell": 0.0009346820932024071, "first.randoms.N": 2815498, "first.randoms.W": 2815498.0, "first.randoms.W2": 2508239.4717410193, "first.randoms.num_per_cell": 0.01868784034059211, "first.data.ext": 1, "first.randoms.ext": 1, "second.data.N": 140821, "second.data.W": 140821.0, "second.data.W2": 74964.68373979685, "second.data.num_per_cell": 0.0005585304181262616, "second.randoms.N": 2815498, "second.randoms.W": 2815498.0, "second.randoms.W2": 1499099.2475651316, "second.randoms.num_per_cell": 0.01116915976677188, "second.data.ext": 1, "second.randoms.ext": 1}}, "attrs": {"poles": [0], "dk": 0.005, "kmin": 0.0, "kmax": null, "Nmesh": {"__dtype__": "<i8", "__shape__": [3], "__data__": [512, 512, 512]}, "BoxSize": {"__dtype__": "<f8", "__shape__": [3], "__data__": [2656.0, 5796.0, 2969.0]}, "BoxPad": {"__dtype__": "<f8", "__shape__": [3], "__data__": [0.1, 0.1, 0.1]}, "BoxCenter": {"__dtype__": "<f8", "__shape__": [3], "__data__": [2587.0835453635473, 45.93592170358147, 892.66797903784]}, "mesh.resampler": "tsc", "mesh.interlaced": true, "alpha": 0.050016373657519916, "data.norm": 1.0375510826058272,