{"poles": {"dims": ["k"], "edges": [{"__dtype__": "<f8", "__shape__": [56], "__data__": [0.0, 0.005, 0.01, 0.015, 0.02, 0.025, 0.03, 0.035, 0.04, 0.045, 0.05, 0.055, 0.06, 0.065, 0.07, 0.075, 0.08, 0.085, 0.09, 0.095, 0.1, 0.105, 0.11, 0.115, 0.12, 0.125, 0.13, 0.135, 0.14, 0.145, 0.15, 0.155, 0.16, 0.165, 0.17, 0.17500000000000002, 0.18, 0.185, 0.19, 0.195, 0.2, 0.20500000000000002, 0.21, 0.215, 0.22, 0.225, 0.23, 0.23500000000000001, 0.24, 0.245, 0.25, 0.255, 0.26, 0.265, 0.27, 0.275]}], "coords": [{"__dtype__": "<f8", "__shape__": [55], "__data__": [0.0025, 0.0075, 0.0125, 0.0175, 0.0225, 0.0275, 0.0325, 0.037500000000000006, 0.042499999999999996, 0.0475, 0.052500000000000005, 0.057499999999999996, 0.0625, 0.0675, 0.07250000000000001, 0.0775, 0.0825, 0.0875, 0.0925, 0.0975, 0.10250000000000001, 0.1075, 0.1125, 0.1175, 0.1225, 0.1275, 0.1325, 0.1375, 0.14250000000000002, 0.1475, 0.1525, 0.1575, 0.1625, 0.1675, 0.17250000000000001, 0.1775, 0.1825, 0.1875, 0.1925, 0.1975, 0.2025, 0.20750000000000002, 0.2125, 0.2175, 0.2225, 0.2275, 0.2325, 0.2375, 0.2425, 0.2475, 0.2525, 0.2575, 0.2625, 0.2675, 0.2725]}], "data": {"__dtype__": [["k", "<f8"], ["power_0", "<c8"], ["modes", "<i8"]], "__shape__": [55], "__data__": [[0.0038150033950062495, {"__complex__": [121081.625, 0.0]}, 101], [0.008098183090863485, {"__complex__": [112892.546875, -1.687178635733158e-13]}, 690], [0.012876213184590028, {"__complex__": [115596.34375, -1.4189299420760276e-13]}, 1846], [0.017767836136922274, {"__complex__": [116402.2421875, 2.429368080943302e-14]}, 3594], [0.022696408880767946, {"__complex__": [109499.734375, 4.6973563954571043e-14]}, 5886], [0.027654779009231616, {"__complex__": [109242.9765625, 9.068155162319722e-15]}, 8826], [0.03262241410634235, {"__complex__": [105987.6171875, -2.1354513751910276e-14]}, 12266], [0.03760602709632009, {"__complex__": [96343.4609375, 5.3154442991782715e-15]}, 16426], [0.04260833457972159, {"__complex__": [93275.6953125, -4.1387698457751206e-15]}, 21096], [0.0475977433909395, {"__complex__": [92284.046875, 1.3035374578254481e-14]}, 26234], [0.0525790833806077, {"__complex__": [89855.140625, -8.641280203056708e-15]}, 31996], [0.057568656738992446, {"__complex__": [90089.0, -2.26783097814385e-15]}, 38500], [0.06256480409836336, {"__complex__": [91604.625, -2.718967713873305e-15]}, 45492], [0.06756046481028538, {"__complex__": [90491.0078125, 1.0988382665393483e-15]}, 52972], [0.07255539455108419, {"__complex__": [87639.7265625, -8.085718916249138e-15]}, 61190], [0.07755423974281833, {"__complex__": [85436.28125, 1.8732620672473523e-15]}, 69914], [0.08254314653492065, {"__complex__": [84527.0859375, -3.6896336959879616e-16]}, 78880], [0.08754067545501222, {"__complex__": [82831.3046875, 1.2696585963308232e-14]}, 89398], [0.09255058740401796, {"__complex__": [82891.625, -1.4596873252012443e-15]}, 99692], [0.09755144390464661, {"__complex__": [81275.0546875, -8.947574940080388e-15]}, 110592], [0.10254687845466899, {"__complex__": [79645.9921875, 4.794023098826259e-15]}, 122176], [0.10753947391474587, {"__complex__": [79599.1484375, 3.47026730336303e-15]}, 134186], [0.11253224755887613, {"__complex__": [79243.90625, 1.978129907724457e-16]}, 147128], [0.11752986564636213, {"__complex__": [79106.765625, -2.717444536875905e-15]}, 160650], [0.1225306493646946, {"__complex__": [77625.0546875, -1.6664851782570206e-16]}, 174642], [0.12753331435393345, {"__complex__": [78001.984375, 2.1523090249072827e-15]}, 189310], [0.13253177888500142, {"__complex__": [78140.0625, 4.137106273066713e-15]}, 204010], [0.13752634565201716, {"__complex__": [78359.6171875, -6.092879513772001e-15]}, 219728], [0.14252735317544626, {"__complex__": [76727.234375, 1.1379255548024637e-15]}, 236580], [0.14753006371326258, {"__complex__": [77276.1171875, 1.0637281156009471e-15]}, 253082], [0.15252983223576225, {"__complex__": [76727.1640625, 4.9480213119336165e-15]}, 270568], [0.15753152002804802, {"__complex__": [75897.3515625, -8.061500550221243e-15]}, 288818], [0.1625262666249658, {"__complex__": [76128.8671875, 1.2824753271414358e-15]}, 306362], [0.1675218620829991, {"__complex__": [75955.7734375, 6.637794019949059e-15]}, 326650], [0.17252382501572558, {"__complex__": [75762.2890625, 4.329350988357917e-15]}, 346206], [0.1775244875749955, {"__complex__": [75109.6328125, 3.9696207014006666e-16]}, 366582], [0.18252481218642874, {"__complex__": [75378.171875, -1.8028295836172627e-15]}, 387442], [0.18752346173967743, {"__complex__": [74885.8359375, -1.4237480348865995e-16]}, 408834], [0.19252092425051656, {"__complex__": [74783.8671875, -5.067740419302947e-16]}, 430722], [0.19751794719446258, {"__complex__": [74559.8359375, -1.1229716116351626e-15]}, 453544], [0.20251957360673364, {"__complex__": [74439.203125, -2.437680354067887e-16]}, 477566], [0.20752241279458025, {"__complex__": [74173.1484375, 1.176761168401126e-15]}, 500826], [0.21252245340959938, {"__complex__": [74065.7109375, -1.9386527460775883e-16]}, 525434], [0.2175210034394458, {"__complex__": [74173.8515625, -2.6465631257837708e-15]}, 549842], [0.22251762083143695, {"__complex__": [73749.625, -7.5855225616103055e-16]}, 575514], [0.22751611506047828, {"__complex__": [73601.9296875, 4.253772779573258e-15]}, 602086], [0.23251631883467902, {"__complex__": [73186.953125, -2.864012682849066e-16]}, 628768], [0.23751689374077234, {"__complex__": [73780.578125, 8.869360076549604e-17]}, 656278], [0.24251883356121093, {"__complex__": [73835.0, -1.126779871766018e-15]}, 684474], [0.24751737496238344, {"__complex__": [73725.3203125, -7.156263733996363e-17]}, 711708], [0.25251419025024174, {"__complex__": [73667.0078125, -1.7662186755847841e-16]}, 741512], [0.2575161373387587, {"__complex__": [73407.8984375, 2.0358023958695322e-15]}, 771984], [0.2625183441656308, {"__complex__": [73579.6953125, 5.991161974114193e-16]}, 801536], [0.26751748999686464, {"__complex__": [73490.09375, -1.661437126589181e-16]}, 832070], [0.2725153253739283, {"__complex__": [73244.6875, 7.121558676564986e-16]}, 863320]]}, "attrs": {"poles": [0], "dk": 0.005, "kmin": 0.0, "kmax": null, "Nmesh": {"__dtype__": "<i8", "__shape__": [3], "__data__": [512, 512, 512]}, "BoxSize": {"__dtype__": "<f8", "__shape__": [3], "__data__": [2671.0, 5798.0, 2965.0]}, "BoxPad": {"__dtype__": "<f8", "__shape__": [3], "__data__": [0.1, 0.1, 0.1]}, "BoxCenter": {"__dtype__": "<f8", "__shape__": [3], "__data__": [2579.697784152441, 46.703260842831014, 887.8200716331536]}, "mesh.resampler": "tsc", "mesh.interlaced": true, "alpha": 0.04985512516695497, "data.norm": 1.0329945513686052, "randoms.norm": 1.0329254632802405, "shotnoise": 72495.80423177459, "first.data.N": 140386, "first.data.W": 140386.0, "first.data.W2": 125052.75401975818, "first.data.num_per_cell": 0.0009317156226914986, "first.randoms.N": 2815879, "first.randoms.W": 2815879.0, "first.randoms.W2": 2508300.6937085674, "first.randoms.num_per_cell": 0.01868829647979563, "first.data.ext": 1, "first.randoms.ext": 1, "second.data.N": 140386, "second.data.W": 140386.0, "second.data.W2": 74646.94292702708, "second.data.num_per_cell": 0.0005561630645917883, "second.randoms.N": 2815879, "second.randoms.W": 2815879.0, "second.randoms.W2": 1497147.4654727671, "second.randoms.num_per_cell": 0.011154617856985086, "second.data.ext": 1, "second.randoms.ext": 1}}, "attrs": {"poles": [0], "dk": 0.005, "kmin": 0.0, "kmax": null, "Nmesh": {"__dtype__": "<i8", "__shape__": [3], "__data__": [512, 512, 512]}, "BoxSize": {"__dtype__": "<f8", "__shape__": [3], "__data__": [2671.0, 5798.0, 2965.0]}, "BoxPad": {"__dtype__": "<f8", "__shape__": [3], "__data__": [0.1, 0.1, 0.1]}, "BoxCenter": {"__dtype__": "<f8", "__shape__": [3], "__data__": [2579.697784152441, 46.703260842831014, 887.8200716331536]}, "mesh.resampler": "tsc", "mesh.interlaced": true, "alpha": 0.04985512516695497, "data.norm": 1.0329945513686052, "randoms.norm": 1.0329254632802405, "shotnoise": 72495.80423177459, "first.data.N": 140386, "first.data.W": 140386.0,