{"poles": {"dims": ["k"], "edges": [{"__dtype__": "<f8", "__shape__": [46], "__data__": [0.0, 0.005, 0.01, 0.015, 0.02, 0.025, 0.03, 0.035, 0.04, 0.045, 0.05, 0.055, 0.06, 0.065, 0.07, 0.075, 0.08, 0.085, 0.09, 0.095, 0.1, 0.105, 0.11, 0.115, 0.12, 0.125, 0.13, 0.135, 0.14, 0.145, 0.15, 0.155, 0.16, 0.165, 0.17, 0.17500000000000002, 0.18, 0.185, 0.19, 0.195, 0.2, 0.20500000000000002, 0.21, 0.215, 0.22, 0.225]}], "coords": [{"__dtype__": "<f8", "__shape__": [45], "__data__": [0.0025, 0.0075, 0.0125, 0.0175, 0.0225, 0.0275, 0.0325, 0.037500000000000006, 0.042499999999999996, 0.0475, 0.052500000000000005, 0.057499999999999996, 0.0625, 0.0675, 0.07250000000000001, 0.0775, 0.0825, 0.0875, 0.0925, 0.0975, 0.10250000000000001, 0.1075, 0.1125, 0.1175, 0.1225, 0.1275, 0.1325, 0.1375, 0.14250000000000002, 0.1475, 0.1525, 0.1575, 0.1625, 0.1675, 0.17250000000000001, 0.1775, 0.1825, 0.1875, 0.1925, 0.1975, 0.2025, 0.20750000000000002, 0.2125, 0.2175, 0.2225]}], "data": {"__dtype__": [["k", "<f8"], ["power_0", "<c8"], ["modes", "<i8"]], "__shape__": [45], "__data__": [[0.0038155926679856113, {"__complex__": [86227.6015625, 4.792547110034351e-13]}, 167], [0.008052405343422893, {"__complex__": [107097.6015625, 5.0434086567392386e-15]}, 1082], [0.012820830462041157, {"__complex__": [100469.3828125, 1.4142276217286864e-13]}, 2984], [0.017721203761937056, {"__complex__": [110254.4453125, -1.6988140223977294e-14]}, 5782], [0.02266273393665382, {"__complex__": [105226.1875, 3.049437533541276e-14]}, 9544], [0.027644583499039452, {"__complex__": [95601.8125, 8.610000970380501e-15]}, 14366], [0.03263848381359101, {"__complex__": [96610.46875, 1.4573776145848476e-14]}, 19970], [0.03761413333318517, {"__complex__": [94852.421875, 6.884895553519767e-15]}, 26420], [0.042605044736495436, {"__complex__": [88640.875, 2.0818797600023926e-14]}, 34250], [0.047595209673091214, {"__complex__": [86959.6640625, 1.5212677851369344e-14]}, 42328], [0.05257491032786367, {"__complex__": [85457.3046875, 1.6800363819241093e-15]}, 51970], [0.057572944781163794, {"__complex__": [83187.46875, 1.6330021246707357e-15]}, 62378], [0.06256961406186122, {"__complex__": [81269.5859375, 4.4745459880444604e-15]}, 73580], [0.06756127505763372, {"__complex__": [80590.234375, -3.4762890723432976e-15]}, 85814], [0.07255549193862154, {"__complex__": [78238.78125, -3.0875183137289925e-15]}, 98976], [0.07755607614275523, {"__complex__": [78083.7265625, -2.0212774748900155e-15]}, 113390], [0.08255399055821809, {"__complex__": [76138.9375, 5.680879908900651e-17]}, 128078], [0.08754873686542643, {"__complex__": [75320.609375, -3.732916126680591e-15]}, 144236], [0.09254249541123538, {"__complex__": [73927.453125, 2.6666428888313812e-15]}, 160982], [0.09753994221450903, {"__complex__": [72859.8046875, -8.121032143336643e-16]}, 179188], [0.10253916093035244, {"__complex__": [72320.9921875, 2.904823471401607e-15]}, 197878], [0.10753712933645419, {"__complex__": [71392.1015625, 4.578007674419784e-15]}, 217738], [0.11253567312140497, {"__complex__": [70299.890625, -1.2061453766160882e-15]}, 238280], [0.11753428987275495, {"__complex__": [70983.7265625, 3.914841863091869e-15]}, 260198], [0.12253327938291218, {"__complex__": [70874.8359375, -9.52835832695835e-16]}, 282536], [0.12753183082822106, {"__complex__": [69768.234375, -1.7101904372090072e-15]}, 306322], [0.13252884728676292, {"__complex__": [69595.59375, -1.1565644089276761e-15]}, 330278], [0.13752754441982434, {"__complex__": [70264.0859375, 2.0820643708332467e-15]}, 356448], [0.14252784475278427, {"__complex__": [68544.4765625, 2.511982507717508e-15]}, 382338], [0.14752616155958181, {"__complex__": [68632.1171875, 5.327301489890411e-16]}, 409736], [0.1525262504873308, {"__complex__": [67867.4375, 3.735585551013863e-15]}, 438242], [0.15752615170391207, {"__complex__": [68070.03125, 2.453263113319406e-16]}, 467118], [0.16252658136627476, {"__complex__": [68291.671875, 9.063590290008731e-16]}, 497716], [0.1675276265834454, {"__complex__": [67720.9375, 7.641510910028223e-16]}, 528450], [0.17252706439396703, {"__complex__": [67220.4296875, 4.037813259341301e-15]}, 560408], [0.1775241388069385, {"__complex__": [67225.140625, 1.0183234438589724e-15]}, 593038], [0.18252459526960965, {"__complex__": [66957.75, 7.70554448325828e-16]}, 627926], [0.18752516299723945, {"__complex__": [66664.015625, 5.27730907594787e-16]}, 661788], [0.19252243298010008, {"__complex__": [66943.21875, 6.074090734815125e-16]}, 697758], [0.19751965758872744, {"__complex__": [66668.15625, -2.0838147644187477e-15]}, 734120], [0.20251834942309646, {"__complex__": [66774.5859375, -1.0216951643846365e-15]}, 772678], [0.2075188556751958, {"__complex__": [66311.8125, 1.7455119228677483e-15]}, 810750], [0.21251915648373118, {"__complex__": [65914.0, -1.5050213755712417e-15]}, 850864], [0.21751884907499194, {"__complex__": [65751.8828125, -2.940619136692133e-16]}, 890746], [0.22251698872734396, {"__complex__": [66158.8125, -1.8741821567863073e-15]}, 931729]]}, "attrs": {"poles": [0], "dk": 0.005, "kmin": 0.0, "kmax": null, "Nmesh": {"__dtype__": "<i8", "__shape__": [3], "__data__": [512, 512, 512]}, "BoxSize": {"__dtype__": "<f8", "__shape__": [3], "__data__": [3422.0, 7192.0, 3021.0]}, "BoxPad": {"__dtype__": "<f8", "__shape__": [3], "__data__": [0.1, 0.1, 0.1]}, "BoxCenter": {"__dtype__": "<f8", "__shape__": [3], "__data__": [-1752.3178139158483, 39.19150139850558, 1912.0506611036603]}, "mesh.resampler": "tsc", "mesh.interlaced": true, "alpha": 0.04996482156119062, "data.norm": 3.196037456669904, "randoms.norm": 3.196751419580014, "shotnoise": 64346.518949760946, "first.data.N": 240248, "first.data.W": 240248.0, "first.data.W2": 206934.43284670752, "first.data.num_per_cell": 0.001541781670203116, "first.randoms.N": 4808343, "first.randoms.W": 4808343.0, "first.randoms.W2": 4142034.0846652733, "first.randoms.num_per_cell": 0.030860558783004234, "first.data.ext": 1, "first.randoms.ext": 1, "second.data.N": 240248, "second.data.W": 240248.0, "second.data.W2": 216950.7063216865, "second.data.num_per_cell": 0.0016164087230092772, "second.randoms.N": 4808343, "second.randoms.W": 4808343.0, "second.randoms.W2": 4343447.655993491, "second.randoms.num_per_cell": 0.03236120682949939, "second.data.ext": 1, "second.randoms.ext": 1}}, "attrs": {"poles": [0], "dk": 0.005, "kmin": 0.0, "kmax": null, "Nmesh": {"__dtype__": "<i8", "__shape__": [3], "__data__": [512, 512, 512]}, "BoxSize": {"__dtype__": "<f8", "__shape__": [3], "__data__": [3422.0, 7192.0, 3021.0]}, "BoxPad": {"__dtype__": "<f8", "__shape__": [3], "__data__": [0.1, 0.1, 0.1]}, "BoxCenter": {"__dtype__": "<f8", "__shape__": [3], "__data__": [-1752.3178139158483, 39.19150139850558, 1912.0506611036603]}, "mesh.resampler": "tsc", "mesh.interlaced": true, "alpha": 0.04996482156119062, "data.norm": 3.196037456669904, "randoms.norm": 3.196751419580014, "shotnoise": 64346.518949760946, "first.data.N": 240248, "first.data.W": 240248.0, "first.data.W2": 206934.43284670752, "first.data.num_per_cell": 0.001541781670203116, "first.randoms.N": 4808343, "first.randoms.W": 4808343.0, "first.randoms.W2": 4142034.0846652733, "first.randoms.num_per_cell": 0.030860558783004234, "first.data.ext": 1, "first.randoms.ext": 1, "second.data.N": 240248, "second.data.W": 240248.0, "second.data.W2": 216950.7063216865, "second.data.num_per_cell": 0.0016164087230092772, "second.randoms.N": 4808343, "second.randoms.W": 4808343.0, "second.randoms.W2": 4343447.655993491, "second.randoms.num_per_cell": 0.03236120682949939, "second.data.ext": 1, "second.randoms.ext": 1, "p": 1.0, "zmin": 0.8, "zmax": 2.2, "P0_FKP": 30000.0, "z-weighted": true, "hashkeys": ["Nmesh", "P0_FKP", "dk", "kmin", "mesh.window", "mesh.interlaced", "poles", "p", "BoxPad", "zmin", "zmax", "z-weighted"]}}