{"poles": {"dims": ["k"], "edges": [{"__dtype__": "<f8", "__shape__": [46], "__data__": [0.0, 0.005, 0.01, 0.015, 0.02, 0.025, 0.03, 0.035, 0.04, 0.045, 0.05, 0.055, 0.06, 0.065, 0.07, 0.075, 0.08, 0.085, 0.09, 0.095, 0.1, 0.105, 0.11, 0.115, 0.12, 0.125, 0.13, 0.135, 0.14, 0.145, 0.15, 0.155, 0.16, 0.165, 0.17, 0.17500000000000002, 0.18, 0.185, 0.19, 0.195, 0.2, 0.20500000000000002, 0.21, 0.215, 0.22, 0.225]}], "coords": [{"__dtype__": "<f8", "__shape__": [45], "__data__": [0.0025, 0.0075, 0.0125, 0.0175, 0.0225, 0.0275, 0.0325, 0.037500000000000006, 0.042499999999999996, 0.0475, 0.052500000000000005, 0.057499999999999996, 0.0625, 0.0675, 0.07250000000000001, 0.0775, 0.0825, 0.0875, 0.0925, 0.0975, 0.10250000000000001, 0.1075, 0.1125, 0.1175, 0.1225, 0.1275, 0.1325, 0.1375, 0.14250000000000002, 0.1475, 0.1525, 0.1575, 0.1625, 0.1675, 0.17250000000000001, 0.1775, 0.1825, 0.1875, 0.1925, 0.1975, 0.2025, 0.20750000000000002, 0.2125, 0.2175, 0.2225]}], "data": {"__dtype__": [["k", "<f8"], ["power_0", "<c8"], ["modes", "<i8"]], "__shape__": [45], "__data__": [[0.0038203892758839515, {"__complex__": [104767.8984375, 1.7427444036488549e-13]}, 167], [0.008062980374942238, {"__complex__": [100898.9765625, -1.8828725200075586e-13]}, 1082], [0.012834524998598058, {"__complex__": [101877.4296875, 7.324789239775489e-14]}, 2980], [0.017726479587766034, {"__complex__": [105536.0546875, -4.052047393910026e-14]}, 5746], [0.02266248714674814, {"__complex__": [111081.6015625, 1.5304916351193548e-14]}, 9508], [0.027648664400120093, {"__complex__": [107757.59375, 3.0456079281801496e-14]}, 14334], [0.03263588138459932, {"__complex__": [98571.15625, 2.5880676657210992e-14]}, 19820], [0.03760884661554392, {"__complex__": [96446.75, -1.0488066137955259e-14]}, 26362], [0.042601467937005644, {"__complex__": [92420.3828125, 1.2813544272665105e-14]}, 34070], [0.047593663425179164, {"__complex__": [87070.2109375, -6.889458943523099e-16]}, 42244], [0.05258129425387636, {"__complex__": [86280.609375, -4.491158421722485e-15]}, 51842], [0.05757916348281643, {"__complex__": [85017.1328125, 1.0314189755641738e-14]}, 62078], [0.06257025868438337, {"__complex__": [83779.1484375, 1.1924541689907302e-14]}, 73220], [0.06756308666360414, {"__complex__": [83521.78125, -1.2749926380853913e-16]}, 85600], [0.0725585731061646, {"__complex__": [83651.921875, 7.679890184626552e-15]}, 98530], [0.07755152081910899, {"__complex__": [80150.9453125, 1.286662867450248e-14]}, 112674], [0.08254326192878662, {"__complex__": [77796.359375, 1.3679293259921937e-14]}, 127522], [0.0875420026850717, {"__complex__": [77478.3984375, -4.651888005661672e-15]}, 143896], [0.09254500728853524, {"__complex__": [76246.1328125, -1.0414018094189815e-15]}, 160694], [0.09754519787961369, {"__complex__": [75912.5, 2.080616791526389e-15]}, 178348], [0.10254034804942677, {"__complex__": [75133.4375, -2.751847203545112e-15]}, 196980], [0.10753587245606426, {"__complex__": [74373.359375, 2.147884124790826e-15]}, 216800], [0.11254005839200452, {"__complex__": [74429.703125, -3.3630070977357443e-15]}, 237988], [0.11753988182644877, {"__complex__": [72946.328125, 2.9248498713735404e-15]}, 258714], [0.12253230374347288, {"__complex__": [72951.7578125, -4.346511875869289e-15]}, 281228], [0.12753303366721438, {"__complex__": [72864.3828125, 2.76208762011918e-15]}, 305570], [0.13253455744030715, {"__complex__": [72404.0234375, 7.072576878807638e-16]}, 329202], [0.13753343151887876, {"__complex__": [72091.3828125, 6.7449326763484134e-15]}, 354902], [0.14253254452452532, {"__complex__": [71536.921875, -2.2921937103496926e-16]}, 380908], [0.1475295909499508, {"__complex__": [70696.296875, -5.707696574964029e-16]}, 407924], [0.15252800722070914, {"__complex__": [70608.25, 6.000927205204851e-16]}, 436490], [0.15752542496493127, {"__complex__": [70545.5625, 2.7541596034911164e-15]}, 464958], [0.1625250926564262, {"__complex__": [70487.15625, -2.4355307962059926e-15]}, 495912], [0.16752662261643445, {"__complex__": [70030.390625, 4.4234609545395207e-16]}, 526354], [0.17252272230317742, {"__complex__": [70013.5390625, -1.0178755751881117e-15]}, 557558], [0.17752220957724343, {"__complex__": [70234.6015625, 1.1308836405163466e-15]}, 591916], [0.18252339442165022, {"__complex__": [69460.3125, -1.4799663527496963e-15]}, 624370], [0.18752240334344839, {"__complex__": [69352.8984375, 3.252231175981761e-16]}, 659980], [0.19252290158115837, {"__complex__": [69300.0625, 1.0152713723917783e-15]}, 695152], [0.19752227547976933, {"__complex__": [69146.734375, 2.276924723865572e-15]}, 731774], [0.20252130188028858, {"__complex__": [69162.625, -2.374110319618215e-15]}, 769242], [0.20752134965213728, {"__complex__": [69230.5625, 5.763192056085762e-16]}, 807992], [0.21251966399134, {"__complex__": [68498.8203125, -1.7189425904249694e-16]}, 846562], [0.21751880942947469, {"__complex__": [68461.21875, -1.2126350254205954e-15]}, 888018], [0.22251942294421548, {"__complex__": [68464.609375, -3.887143885716654e-15]}, 928413]]}, "attrs": {"poles": [0], "dk": 0.005, "kmin": 0.0, "kmax": null, "Nmesh": {"__dtype__": "<i8", "__shape__": [3], "__data__": [512, 512, 512]}, "BoxSize": {"__dtype__": "<f8", "__shape__": [3], "__data__": [3416.0, 7179.0, 3020.0]}, "BoxPad": {"__dtype__": "<f8", "__shape__": [3], "__data__": [0.1, 0.1, 0.1]}, "BoxCenter": {"__dtype__": "<f8", "__shape__": [3], "__data__": [-1749.398820730531, 33.21513880867883, 1911.9294279157334]}, "mesh.resampler": "tsc", "mesh.interlaced": true, "alpha": 0.049895063794220144, "data.norm": 1.789905437111527, "randoms.norm": 1.7891633878916724, "shotnoise": 66943.32762421088, "first.data.N": 239737, "first.data.W": 239737.0, "first.data.W2": 206568.66656166085, "first.data.num_per_cell": 0.0015390564990167383, "first.randoms.N": 4804824, "first.randoms.W": 4804824.0, "first.randoms.W2": 4139789.5803411654, "first.randoms.num_per_cell": 0.030843835922637324, "first.data.ext": 1, "first.randoms.ext": 1, "second.data.N": 239737, "second.data.W": 239737.0, "second.data.W2": 122444.07977977853, "second.data.num_per_cell": 0.0009122794850154112, "second.randoms.N": 4804824, "second.randoms.W": 4804824.0, "second.randoms.W2": 2452925.137850314, "second.randoms.num_per_cell": 0.018275716437774255, "second.data.ext": 1, "second.randoms.ext": 1}}, "attrs": {"poles": [0], "dk": 0.005, "kmin": 0.0, "kmax": null, "Nmesh": {"__dtype__": "<i8", "__shape__": [3], "__data__": [512, 512, 512]}, "BoxSize": {"__dtype__": "<f8", "__shape__": [3], "__data__": [3416.0, 7179.0, 3020.0]}, "BoxPad": {"__dtype__": "<f8", "__shape__": [3], "__data__": [0.1, 0.1, 0.1]}, "BoxCenter": {"__dtype__": "<f8", "__shape__": [3], "__data__": [-1749.398820730531, 33.21513880867883, 1911.9294279157334]}, "mesh.resampler": "tsc", "mesh.interlaced": true, "alpha": 0.049895063794220144, "data.norm": 1.789905437111527, "randoms.norm": 1.7891633878916724, "shotnoise": 66943.32762421088, "first.data.N": 239737, "first.data.W": 239737.0, "first.data.W2": 206568.66656166085, "first.data.num_per_cell": 0.0015390564990167383, "first.randoms.N": 4804824, "first.randoms.W": 4804824.0, "first.randoms.W2": 4139789.5803411654, "first.randoms.num_per_cell": 0.030843835922637324, "first.data.ext": 1, "first.randoms.ext": 1, "second.data.N": 239737, "second.data.W": 239737.0, "second.data.W2": 122444.07977977853, "second.data.num_per_cell": 0.0009122794850154112, "second.randoms.N": 4804824, "second.randoms.W": 4804824.0, "second.randoms.W2": 2452925.137850314, "second.randoms.num_per_cell": 0.018275716437774255, "second.data.ext": 1, "second.randoms.ext": 1, "p": 1.6, "zmin": 0.8, "zmax": 2.2, "P0_FKP": 30000.0, "z-weighted": true, "hashkeys": ["Nmesh", "P0_FKP", "dk", "kmin", "mesh.window", "mesh.interlaced", "poles", "p", "BoxPad", "zmin", "zmax", "z-weighted"]}}