{"poles": {"dims": ["k"], "edges": [{"__dtype__": "<f8", "__shape__": [57], "__data__": [0.0, 0.005, 0.01, 0.015, 0.02, 0.025, 0.03, 0.035, 0.04, 0.045, 0.05, 0.055, 0.06, 0.065, 0.07, 0.075, 0.08, 0.085, 0.09, 0.095, 0.1, 0.105, 0.11, 0.115, 0.12, 0.125, 0.13, 0.135, 0.14, 0.145, 0.15, 0.155, 0.16, 0.165, 0.17, 0.17500000000000002, 0.18, 0.185, 0.19, 0.195, 0.2, 0.20500000000000002, 0.21, 0.215, 0.22, 0.225, 0.23, 0.23500000000000001, 0.24, 0.245, 0.25, 0.255, 0.26, 0.265, 0.27, 0.275, 0.28]}], "coords": [{"__dtype__": "<f8", "__shape__": [56], "__data__": [0.0025, 0.0075, 0.0125, 0.0175, 0.0225, 0.0275, 0.0325, 0.037500000000000006, 0.042499999999999996, 0.0475, 0.052500000000000005, 0.057499999999999996, 0.0625, 0.0675, 0.07250000000000001, 0.0775, 0.0825, 0.0875, 0.0925, 0.0975, 0.10250000000000001, 0.1075, 0.1125, 0.1175, 0.1225, 0.1275, 0.1325, 0.1375, 0.14250000000000002, 0.1475, 0.1525, 0.1575, 0.1625, 0.1675, 0.17250000000000001, 0.1775, 0.1825, 0.1875, 0.1925, 0.1975, 0.2025, 0.20750000000000002, 0.2125, 0.2175, 0.2225, 0.2275, 0.2325, 0.2375, 0.2425, 0.2475, 0.2525, 0.2575, 0.2625, 0.2675, 0.2725, 0.2775]}], "data": {"__dtype__": [["k", "<f8"], ["power_0", "<c8"], ["modes", "<i8"]], "__shape__": [56], "__data__": [[0.0038204481577429434, {"__complex__": [101326.7421875, 0.0]}, 101], [0.008099221094245905, {"__complex__": [105505.9921875, -9.015399239859292e-14]}, 686], [0.012880012365490398, {"__complex__": [121167.3125, -7.900062846738151e-14]}, 1842], [0.01777552170003894, {"__complex__": [117960.6796875, -1.7062547663822258e-13]}, 3582], [0.02269415750777493, {"__complex__": [110549.1640625, -3.4896680000968266e-14]}, 5838], [0.02764355172173002, {"__complex__": [102613.9296875, 4.9755806300153665e-14]}, 8774], [0.03262417578641635, {"__complex__": [100161.828125, -8.889017858370804e-15]}, 12278], [0.03760862888317375, {"__complex__": [96211.6484375, 4.1543716844437764e-14]}, 16288], [0.04260805222374624, {"__complex__": [90167.4765625, 1.2616268605183684e-14]}, 21050], [0.04760230203436338, {"__complex__": [90770.9296875, 3.063912987796673e-15]}, 26122], [0.05258291292953719, {"__complex__": [86973.5234375, -8.224518817183911e-15]}, 31848], [0.05756825856511423, {"__complex__": [85816.28125, 7.127701783014948e-15]}, 38280], [0.0625716854122811, {"__complex__": [86140.8828125, 9.600577414832436e-16]}, 45472], [0.06757080494762344, {"__complex__": [87663.03125, 8.845476976750144e-15]}, 52644], [0.07255841208161952, {"__complex__": [84464.4140625, 7.171964019069314e-16]}, 60870], [0.07755061144801707, {"__complex__": [81871.984375, 8.391669757896233e-15]}, 69472], [0.0825431941181619, {"__complex__": [82357.6640625, -1.1084358698097447e-14]}, 78770], [0.08754555008333154, {"__complex__": [79714.234375, 1.8820801037447432e-15]}, 88916], [0.09254975230250302, {"__complex__": [79287.8515625, -3.816703355273565e-15]}, 99130], [0.09754451987016892, {"__complex__": [78585.53125, -3.242287326818351e-15]}, 109960], [0.10254632696307854, {"__complex__": [78499.015625, -4.769555705111872e-16]}, 122040], [0.10754514083011853, {"__complex__": [78013.5234375, 4.195802691696121e-15]}, 133526], [0.11253669153882563, {"__complex__": [76446.84375, 2.632293585237851e-15]}, 146498], [0.11753406057126978, {"__complex__": [76433.5859375, 4.3225311555226585e-16]}, 159910], [0.12252960953061298, {"__complex__": [76835.890625, -3.102646533925191e-15]}, 173536], [0.12753043929413688, {"__complex__": [76261.4921875, -3.085288075978872e-15]}, 188662], [0.13253255356773525, {"__complex__": [76515.6484375, 1.2532531139776361e-15]}, 203198], [0.13752947106158792, {"__complex__": [75400.453125, 4.770236719601464e-15]}, 218878], [0.14252565213239052, {"__complex__": [75006.2109375, -7.277877548189583e-16]}, 234938], [0.1475264449999885, {"__complex__": [74809.625, 7.496409930998825e-16]}, 252354], [0.15252813289536526, {"__complex__": [74660.46875, -2.0951583619972753e-16]}, 269138], [0.15752555218286848, {"__complex__": [74369.2734375, 2.5833420689083675e-15]}, 287282], [0.16252657623442482, {"__complex__": [72989.796875, -1.3375183867902173e-15]}, 305994], [0.1675232762903133, {"__complex__": [73460.6796875, -1.974357990600995e-15]}, 324300], [0.1725210494168736, {"__complex__": [73663.59375, 2.636109468665232e-15]}, 345014], [0.17752318810258172, {"__complex__": [72988.421875, 1.0371772325945506e-15]}, 364788], [0.18252446507416986, {"__complex__": [73015.859375, -1.884767752521271e-17]}, 386040], [0.18752659771284372, {"__complex__": [72831.8671875, 9.278963239924714e-16]}, 407260], [0.19252373469018674, {"__complex__": [72971.65625, 7.470077794251057e-16]}, 428566], [0.19751978840039625, {"__complex__": [72463.328125, 5.155545972197696e-16]}, 451612], [0.20251760794574353, {"__complex__": [72394.609375, -3.0431983735550953e-15]}, 474592], [0.20751616789614089, {"__complex__": [71863.0078125, -9.266151866597493e-16]}, 498614], [0.21251958192760984, {"__complex__": [72154.1953125, -1.8061793871654167e-15]}, 523688], [0.21752074453124232, {"__complex__": [72011.234375, -1.1929564383526283e-15]}, 547394], [0.22252013540119306, {"__complex__": [72380.9296875, 0.0]}, 573596], [0.2275202349851209, {"__complex__": [71760.7421875, 3.6430548248228556e-16]}, 599164], [0.23251848576178127, {"__complex__": [71899.5546875, -2.069603245629715e-15]}, 625782], [0.237518584844744, {"__complex__": [71624.078125, 1.4920564775223306e-15]}, 653446], [0.24251737617441463, {"__complex__": [71669.015625, 9.087810138344284e-16]}, 680534], [0.24751583802364766, {"__complex__": [71315.578125, 4.741332143792885e-15]}, 709360], [0.25251614235203135, {"__complex__": [71174.2421875, 3.1531179979389634e-16]}, 738414], [0.25751653030807037, {"__complex__": [71209.34375, 5.033365175325408e-16]}, 767946], [0.26251686633000526, {"__complex__": [70994.6171875, 6.383266760288009e-17]}, 797894], [0.2675162910348305, {"__complex__": [70787.25, 1.7650244914780536e-15]}, 828582], [0.2725159636929154, {"__complex__": [70695.421875, 1.565333430138198e-16]}, 859914], [0.2775127323370422, {"__complex__": [71308.109375, -9.644987352256979e-16]}, 890165]]}, "attrs": {"poles": [0], "dk": 0.005, "kmin": 0.0, "kmax": null, "Nmesh": {"__dtype__": "<i8", "__shape__": [3], "__data__": [512, 512, 512]}, "BoxSize": {"__dtype__": "<f8", "__shape__": [3], "__data__": [2666.0, 5785.0, 2964.0]}, "BoxPad": {"__dtype__": "<f8", "__shape__": [3], "__data__": [0.1, 0.1, 0.1]}, "BoxCenter": {"__dtype__": "<f8", "__shape__": [3], "__data__": [2581.9195692340304, 44.05727415894739, 887.565504146573]}, "mesh.resampler": "tsc", "mesh.interlaced": true, "alpha": 0.05034839808623452, "data.norm": 1.8484256380257962, "randoms.norm": 1.848808160264514, "shotnoise": 70216.29959823846, "first.data.N": 141761, "first.data.W": 141761.0, "first.data.W2": 126269.58541180173, "first.data.num_per_cell": 0.000940781723050786, "first.randoms.N": 2815601, "first.randoms.W": 2815601.0, "first.randoms.W2": 2508058.021908115, "first.randoms.num_per_cell": 0.01868648843398776, "first.data.ext": 1, "first.randoms.ext": 1, "second.data.N": 141761, "second.data.W": 141761.0, "second.data.W2": 133016.89034503698, "second.data.num_per_cell": 0.000991053062267877, "second.randoms.N": 2815601, "second.randoms.W": 2815601.0, "second.randoms.W2": 2642638.822292179, "second.randoms.num_per_cell": 0.019689193534047744, "second.data.ext": 1, "second.randoms.ext": 1}}, "attrs": {"poles": [0], "dk": 0.005, "kmin": 0.0, "kmax": null, "Nmesh": {"__dtype__": "<i8", "__shape__": [3], "__data__": [512, 512, 512]}, "BoxSize": {"__dtype__": "<f8", "__shape__": [3], "__data__": [2666.0, 5785.0, 2964.0]}, "BoxPad": {"__dtype__": "<f8", "__shape__": [3], "__data__": [0.1, 0.1, 0.1]}, "BoxCenter": {"__dtype__": "<f8", "__shape__": [3], "__data__": [2581.9195692340304, 44.05727415894739, 887.565504146573]}, "mesh.resampler": "tsc", "mesh.interlaced": true, "alpha": 0.05034839808623452, "data.norm": 1.8484256380257962, "randoms.norm": 1.848808160264514,