{"poles": {"dims": ["k"], "edges": [{"__dtype__": "<f8", "__shape__": [57], "__data__": [0.0, 0.005, 0.01, 0.015, 0.02, 0.025, 0.03, 0.035, 0.04, 0.045, 0.05, 0.055, 0.06, 0.065, 0.07, 0.075, 0.08, 0.085, 0.09, 0.095, 0.1, 0.105, 0.11, 0.115, 0.12, 0.125, 0.13, 0.135, 0.14, 0.145, 0.15, 0.155, 0.16, 0.165, 0.17, 0.17500000000000002, 0.18, 0.185, 0.19, 0.195, 0.2, 0.20500000000000002, 0.21, 0.215, 0.22, 0.225, 0.23, 0.23500000000000001, 0.24, 0.245, 0.25, 0.255, 0.26, 0.265, 0.27, 0.275, 0.28]}], "coords": [{"__dtype__": "<f8", "__shape__": [56], "__data__": [0.0025, 0.0075, 0.0125, 0.0175, 0.0225, 0.0275, 0.0325, 0.037500000000000006, 0.042499999999999996, 0.0475, 0.052500000000000005, 0.057499999999999996, 0.0625, 0.0675, 0.07250000000000001, 0.0775, 0.0825, 0.0875, 0.0925, 0.0975, 0.10250000000000001, 0.1075, 0.1125, 0.1175, 0.1225, 0.1275, 0.1325, 0.1375, 0.14250000000000002, 0.1475, 0.1525, 0.1575, 0.1625, 0.1675, 0.17250000000000001, 0.1775, 0.1825, 0.1875, 0.1925, 0.1975, 0.2025, 0.20750000000000002, 0.2125, 0.2175, 0.2225, 0.2275, 0.2325, 0.2375, 0.2425, 0.2475, 0.2525, 0.2575, 0.2625, 0.2675, 0.2725, 0.2775]}], "data": {"__dtype__": [["k", "<f8"], ["power_0", "<c8"], ["modes", "<i8"]], "__shape__": [56], "__data__": [[0.0038202908480231496, {"__complex__": [-67956.5, 2.8815673263314634e-13]}, 101], [0.00811099065604915, {"__complex__": [-71734.5859375, 1.0544866473332238e-14]}, 690], [0.01289649841613999, {"__complex__": [-78795.5234375, 0.0]}, 1846], [0.01778517212707409, {"__complex__": [-73277.4296875, -4.880463573423213e-14]}, 3578], [0.02269755826949926, {"__complex__": [-83817.6953125, 7.732420118696653e-14]}, 5834], [0.02764396679981977, {"__complex__": [-73672.390625, 8.29641666781275e-15]}, 8770], [0.03262542516551355, {"__complex__": [-71846.09375, 4.146857485762094e-14]}, 12282], [0.03761098807872762, {"__complex__": [-68576.7734375, 4.467066263603731e-15]}, 16288], [0.042605616128832687, {"__complex__": [-67249.453125, 2.7710017101527894e-14]}, 21006], [0.04759706829232456, {"__complex__": [-67481.1328125, 2.0054702730832978e-14]}, 26122], [0.05257600231903555, {"__complex__": [-63953.28515625, 2.1504843465323074e-14]}, 31804], [0.0575634567068462, {"__complex__": [-63292.64453125, 4.556016158010221e-15]}, 38328], [0.0625574442929435, {"__complex__": [-63303.4375, 5.1492975160249196e-15]}, 45216], [0.06755635562637312, {"__complex__": [-61277.4765625, 9.362040866666126e-15]}, 52848], [0.07256057489185318, {"__complex__": [-61205.38671875, 1.717659489034601e-14]}, 60998], [0.07755826328240667, {"__complex__": [-61462.390625, 4.1888070465847475e-15]}, 69480], [0.08254990483439971, {"__complex__": [-58335.3359375, 7.393514486148741e-16]}, 78728], [0.08754456003206501, {"__complex__": [-58836.1015625, -3.281893475701219e-16]}, 88680], [0.09254266443790188, {"__complex__": [-58888.5625, 7.636950696398442e-15]}, 99084], [0.09754300404694685, {"__complex__": [-56808.80078125, -8.122552143960491e-15]}, 110180], [0.10254728467991706, {"__complex__": [-55746.4375, 3.103975528619433e-15]}, 121892], [0.1075457680958153, {"__complex__": [-55561.2890625, 3.703054403641614e-15]}, 133610], [0.1125388824143094, {"__complex__": [-56007.96875, -1.5896348848042628e-15]}, 146468], [0.11753554888098648, {"__complex__": [-56055.79296875, 4.301556449226715e-15]}, 159844], [0.12252898031734052, {"__complex__": [-55140.390625, -8.05633110814415e-15]}, 173402], [0.1275261191819555, {"__complex__": [-53979.4609375, 4.942381343054324e-15]}, 188436], [0.1325277671851076, {"__complex__": [-54586.77734375, 2.004415801767261e-15]}, 203278], [0.13752807298976039, {"__complex__": [-55140.62109375, -1.196113330147045e-15]}, 218988], [0.14252994322102303, {"__complex__": [-54793.625, -1.4843086671537955e-15]}, 235292], [0.14753033524765133, {"__complex__": [-53968.83984375, 3.928671793538164e-15]}, 251874], [0.15252889366019784, {"__complex__": [-54395.31640625, 2.5944830932636033e-15]}, 269222], [0.15752725079476512, {"__complex__": [-53456.6484375, 1.418660966763627e-15]}, 287210], [0.16252438418143708, {"__complex__": [-53102.54296875, -1.1193853800156063e-15]}, 305498], [0.16752375007438353, {"__complex__": [-53180.890625, 4.007348872360353e-15]}, 325002], [0.17252367151089046, {"__complex__": [-53536.0859375, 1.5208058345433256e-15]}, 344468], [0.17752409289165116, {"__complex__": [-53188.08203125, -1.3955496727977934e-15]}, 364958], [0.18252546651707316, {"__complex__": [-52386.59765625, 1.1317108740684589e-15]}, 385750], [0.18752506175948833, {"__complex__": [-52874.57421875, -4.862341388220002e-15]}, 407018], [0.19252235364416, {"__complex__": [-52583.01171875, 6.959325397386186e-16]}, 428654], [0.19752001878464043, {"__complex__": [-52443.1640625, 1.8041454493008223e-15]}, 451686], [0.2025200039476059, {"__complex__": [-52116.859375, -1.195468314557711e-15]}, 474730], [0.20751789505592885, {"__complex__": [-52535.6640625, 4.849100145672049e-15]}, 498158], [0.21251829257978289, {"__complex__": [-52630.28515625, 3.698235209688211e-15]}, 523332], [0.21752020963354995, {"__complex__": [-52013.76953125, -4.317610688192499e-15]}, 547684], [0.2225189828299818, {"__complex__": [-51659.76171875, -4.063475393027791e-15]}, 572984], [0.2275182269628567, {"__complex__": [-51769.6015625, 2.6707444341202233e-15]}, 599350], [0.23251727609772485, {"__complex__": [-51437.171875, -2.047167036922843e-15]}, 625532], [0.23751789147711294, {"__complex__": [-51783.6875, 3.3174953822050603e-15]}, 653576], [0.2425189683328913, {"__complex__": [-51775.72265625, 8.122778619394763e-16]}, 680768], [0.2475179150450509, {"__complex__": [-51583.671875, -1.2314008286087776e-15]}, 709042], [0.25251674152419396, {"__complex__": [-51416.58984375, 1.4985712196779002e-15]}, 738000], [0.2575141018654593, {"__complex__": [-51633.48046875, -4.372376873946647e-15]}, 767138], [0.2625125385163117, {"__complex__": [-51696.75390625, 8.7551384777057495e-16]}, 797808], [0.26751412987475515, {"__complex__": [-51646.234375, -2.4674162927141967e-15]}, 828986], [0.27251522023433106, {"__complex__": [-51295.828125, 1.184888052483337e-16]}, 859688], [0.2775115847861094, {"__complex__": [-51208.7265625, -3.067191005302547e-16]}, 889571]]}, "attrs": {"poles": [0], "dk": 0.005, "kmin": 0.0, "kmax": null, "Nmesh": {"__dtype__": "<i8", "__shape__": [3], "__data__": [512, 512, 512]}, "BoxSize": {"__dtype__": "<f8", "__shape__": [3], "__data__": [2660.0, 5795.0, 2965.0]}, "BoxPad": {"__dtype__": "<f8", "__shape__": [3], "__data__": [0.1, 0.1, 0.1]}, "BoxCenter": {"__dtype__": "<f8", "__shape__": [3], "__data__": [2584.9160215858083, 43.78428916381358, 888.7700422879237]}, "mesh.resampler": "tsc", "mesh.interlaced": true, "alpha": 0.04997507468729901, "data.norm": -0.8303194203676425, "randoms.norm": -0.8301903987863364, "shotnoise": 60720.15954880465, "first.data.N": 140951, "first.data.W": 140951.0, "first.data.W2": 125578.2218328967, "first.data.num_per_cell": 0.0009356306629843764, "first.randoms.N": 2820426, "first.randoms.W": 2820426.0, "first.randoms.W2": 2512926.4178160047, "first.randoms.num_per_cell": 0.018722760810077226, "first.data.ext": 1, "first.randoms.ext": 1, "second.data.N": 140951, "second.data.W": 140951.0, "second.data.W2": -58735.592670285354, "second.data.num_per_cell": -0.0004376142670980495, "second.randoms.N": 2820426, "second.randoms.W": 2820426.0, "second.randoms.W2": -1175074.2883354947, "second.randoms.num_per_cell": -0.008754985692616513, "second.data.ext": 1, "second.randoms.ext": 1}}, "attrs": {"poles": [0], "dk": 0.005, "kmin": 0.0, "kmax": null, "Nmesh": {"__dtype__": "<i8", "__shape__": [3], "__data__": [512, 512, 512]}, "BoxSize": {"__dtype__": "<f8", "__shape__": [3], "__data__": [2660.0, 5795.0, 2965.0]}, "BoxPad": {"__dtype__": "<f8", "__shape__": [3], "__data__": [0.1, 0.1, 0.1]}, "BoxCenter": {"__dtype__": "<f8", "__shape__": [3], "__data__": [2584.9160215858083, 43.78428916381358, 888.7700422879237]}, "mesh.resampler": "tsc", "mesh.interlaced": true,