{"poles": {"dims": ["k"], "edges": [{"__dtype__": "<f8", "__shape__": [46], "__data__": [0.0, 0.005, 0.01, 0.015, 0.02, 0.025, 0.03, 0.035, 0.04, 0.045, 0.05, 0.055, 0.06, 0.065, 0.07, 0.075, 0.08, 0.085, 0.09, 0.095, 0.1, 0.105, 0.11, 0.115, 0.12, 0.125, 0.13, 0.135, 0.14, 0.145, 0.15, 0.155, 0.16, 0.165, 0.17, 0.17500000000000002, 0.18, 0.185, 0.19, 0.195, 0.2, 0.20500000000000002, 0.21, 0.215, 0.22, 0.225]}], "coords": [{"__dtype__": "<f8", "__shape__": [45], "__data__": [0.0025, 0.0075, 0.0125, 0.0175, 0.0225, 0.0275, 0.0325, 0.037500000000000006, 0.042499999999999996, 0.0475, 0.052500000000000005, 0.057499999999999996, 0.0625, 0.0675, 0.07250000000000001, 0.0775, 0.0825, 0.0875, 0.0925, 0.0975, 0.10250000000000001, 0.1075, 0.1125, 0.1175, 0.1225, 0.1275, 0.1325, 0.1375, 0.14250000000000002, 0.1475, 0.1525, 0.1575, 0.1625, 0.1675, 0.17250000000000001, 0.1775, 0.1825, 0.1875, 0.1925, 0.1975, 0.2025, 0.20750000000000002, 0.2125, 0.2175, 0.2225]}], "data": {"__dtype__": [["k", "<f8"], ["power_0", "<c8"], ["modes", "<i8"]], "__shape__": [45], "__data__": [[0.0038136971924515174, {"__complex__": [67496.9921875, 1.2199210825541984e-12]}, 167], [0.008048452847825537, {"__complex__": [94929.703125, 2.1518544053838323e-13]}, 1082], [0.012811833061107742, {"__complex__": [112020.46875, -8.301428392355065e-14]}, 2980], [0.017718610033308706, {"__complex__": [109005.640625, 7.519074203326745e-14]}, 5806], [0.02267560625371169, {"__complex__": [110947.1328125, -8.337034946952204e-14]}, 9600], [0.027660313913400777, {"__complex__": [101891.96875, 7.588608154406387e-14]}, 14382], [0.03263514797603452, {"__complex__": [96391.484375, -2.7815531995767362e-14]}, 19880], [0.03761057075217742, {"__complex__": [94908.875, 5.475173325448514e-16]}, 26578], [0.042595919459099685, {"__complex__": [91498.8671875, 9.82025858607639e-15]}, 34082], [0.047585388642890254, {"__complex__": [85692.984375, -1.913826390388066e-14]}, 42580], [0.05257497408928139, {"__complex__": [85164.5, 1.007362816345678e-14]}, 52004], [0.05757252667700567, {"__complex__": [84294.515625, 9.775758863159439e-15]}, 62520], [0.06257203911996402, {"__complex__": [82333.734375, -9.476474170807235e-15]}, 73708], [0.06756309714455985, {"__complex__": [82244.4609375, -1.651624779290832e-15]}, 85904], [0.07255128103816198, {"__complex__": [82170.3046875, 1.3974404620943019e-15]}, 98926], [0.07755093822359065, {"__complex__": [79904.1015625, 4.351879100139566e-15]}, 113690], [0.08255207617036651, {"__complex__": [78414.59375, -6.0130945158548034e-15]}, 128262], [0.08754856107237823, {"__complex__": [77707.3359375, -3.926691430507483e-15]}, 144530], [0.09254525941472459, {"__complex__": [76225.03125, -6.314526013211823e-15]}, 161316], [0.09754132365755076, {"__complex__": [75433.328125, -9.090280509934951e-15]}, 179292], [0.10253999778691499, {"__complex__": [75020.2109375, -5.137455148389357e-15]}, 198276], [0.10753414291439771, {"__complex__": [74891.6484375, 0.0]}, 217570], [0.11253361908684911, {"__complex__": [73537.515625, -1.064367837234361e-15]}, 239258], [0.11753816526562427, {"__complex__": [73125.7578125, -1.2637980388962417e-15]}, 260514], [0.12253546335698465, {"__complex__": [73834.0546875, 2.9585219721257406e-16]}, 282822], [0.12753299180304806, {"__complex__": [73302.9375, 4.742911224964804e-16]}, 306814], [0.1325316825208912, {"__complex__": [72736.859375, -4.836685183764143e-15]}, 330952], [0.1375299697957912, {"__complex__": [72332.4921875, 9.79009468403348e-16]}, 356734], [0.14253072226346641, {"__complex__": [71303.2265625, 1.4809911567367556e-15]}, 383206], [0.14752841274368705, {"__complex__": [70764.8046875, -3.4432236589395683e-15]}, 409946], [0.15252606618093445, {"__complex__": [71214.578125, 6.3490032187803885e-15]}, 438918], [0.15752672680089708, {"__complex__": [70238.3125, 7.30948775898993e-16]}, 467844], [0.16252632899653954, {"__complex__": [69850.390625, -3.7971373177084645e-15]}, 498204], [0.16752486966776386, {"__complex__": [69063.5, 1.822414255907203e-15]}, 529004], [0.17252376648110368, {"__complex__": [69429.7265625, 5.185500762981752e-16]}, 561254], [0.17752237647982305, {"__complex__": [69570.75, -1.6899586317473646e-15]}, 594146], [0.18252129679219947, {"__complex__": [69314.6640625, -1.967550386803912e-15]}, 628194], [0.18752248032256194, {"__complex__": [69414.171875, -1.666690107290697e-15]}, 663558], [0.19252152818572094, {"__complex__": [69254.1328125, 2.416901788838792e-15]}, 698424], [0.1975202508284586, {"__complex__": [69332.3984375, -1.146897539538018e-15]}, 735908], [0.2025201700742597, {"__complex__": [68924.046875, -2.3141461044250047e-15]}, 773454], [0.2075181852121371, {"__complex__": [68541.6328125, -4.392892858962093e-16]}, 811588], [0.21251935073860376, {"__complex__": [68906.9296875, -5.11981547550455e-16]}, 852682], [0.21752003769165018, {"__complex__": [68495.0, -1.7461214689524162e-15]}, 891722], [0.22251698753751623, {"__complex__": [68065.265625, 2.8066463177050843e-16]}, 933265]]}, "attrs": {"poles": [0], "dk": 0.005, "kmin": 0.0, "kmax": null, "Nmesh": {"__dtype__": "<i8", "__shape__": [3], "__data__": [512, 512, 512]}, "BoxSize": {"__dtype__": "<f8", "__shape__": [3], "__data__": [3433.0, 7177.0, 3022.0]}, "BoxPad": {"__dtype__": "<f8", "__shape__": [3], "__data__": [0.1, 0.1, 0.1]}, "BoxCenter": {"__dtype__": "<f8", "__shape__": [3], "__data__": [-1752.877380178277, 34.23852489787805, 1912.135580440985]}, "mesh.resampler": "tsc", "mesh.interlaced": true, "alpha": 0.04996275689267891, "data.norm": 1.7922201719022564, "randoms.norm": 1.7930243547338856, "shotnoise": 66870.62788865568, "first.data.N": 240201, "first.data.W": 240201.0, "first.data.W2": 206955.32854802054, "first.data.num_per_cell": 0.0015419373553098778, "first.randoms.N": 4807601, "first.randoms.W": 4807601.0, "first.randoms.W2": 4142569.6661338503, "first.randoms.num_per_cell": 0.030864549175902086, "first.data.ext": 1, "first.randoms.ext": 1, "second.data.N": 240201, "second.data.W": 240201.0, "second.data.W2": 122583.12232212457, "second.data.num_per_cell": 0.0009133154326835616, "second.randoms.N": 4807601, "second.randoms.W": 4807601.0, "second.randoms.W2": 2454728.1127326405, "second.randoms.num_per_cell": 0.01828914964744926, "second.data.ext": 1, "second.randoms.ext": 1}}, "attrs": {"poles": [0], "dk": 0.005, "kmin": 0.0, "kmax": null, "Nmesh": {"__dtype__": "<i8", "__shape__": [3], "__data__": [512, 512, 512]}, "BoxSize": {"__dtype__": "<f8", "__shape__": [3], "__data__": [3433.0, 7177.0, 3022.0]}, "BoxPad": {"__dtype__": "<f8", "__shape__": [3], "__data__": [0.1, 0.1, 0.1]}, "BoxCenter": {"__dtype__": "<f8", "__shape__": [3], "__data__": [-1752.877380178277, 34.23852489787805, 1912.135580440985]}, "mesh.resampler": "tsc", "mesh.interlaced": true, "alpha": 0.04996275689267891, "data.norm": 1.7922201719022564, "randoms.norm": 1.7930243547338856, "shotnoise": 66870.62788865568, "first.data.N": 240201, "first.data.W": 240201.0, "first.data.W2": 206955.32854802054, "first.data.num_per_cell": 0.0015419373553098778, "first.randoms.N": 4807601, "first.randoms.W": 4807601.0, "first.randoms.W2": 4142569.6661338503, "first.randoms.num_per_cell": 0.030864549175902086, "first.data.ext": 1, "first.randoms.ext": 1, "second.data.N": 240201, "second.data.W": 240201.0, "second.data.W2": 122583.12232212457, "second.data.num_per_cell": 0.0009133154326835616, "second.randoms.N": 4807601, "second.randoms.W": 4807601.0, "second.randoms.W2": 2454728.1127326405, "second.randoms.num_per_cell": 0.01828914964744926, "second.data.ext": 1, "second.randoms.ext": 1, "p": 1.6, "zmin": 0.8, "zmax": 2.2, "P0_FKP": 30000.0, "z-weighted": true, "hashkeys": ["Nmesh", "P0_FKP", "dk", "kmin", "mesh.window", "mesh.interlaced", "poles", "p", "BoxPad", "zmin", "zmax", "z-weighted"]}}