{"poles": {"dims": ["k"], "edges": [{"__dtype__": "<f8", "__shape__": [46], "__data__": [0.0, 0.005, 0.01, 0.015, 0.02, 0.025, 0.03, 0.035, 0.04, 0.045, 0.05, 0.055, 0.06, 0.065, 0.07, 0.075, 0.08, 0.085, 0.09, 0.095, 0.1, 0.105, 0.11, 0.115, 0.12, 0.125, 0.13, 0.135, 0.14, 0.145, 0.15, 0.155, 0.16, 0.165, 0.17, 0.17500000000000002, 0.18, 0.185, 0.19, 0.195, 0.2, 0.20500000000000002, 0.21, 0.215, 0.22, 0.225]}], "coords": [{"__dtype__": "<f8", "__shape__": [45], "__data__": [0.0025, 0.0075, 0.0125, 0.0175, 0.0225, 0.0275, 0.0325, 0.037500000000000006, 0.042499999999999996, 0.0475, 0.052500000000000005, 0.057499999999999996, 0.0625, 0.0675, 0.07250000000000001, 0.0775, 0.0825, 0.0875, 0.0925, 0.0975, 0.10250000000000001, 0.1075, 0.1125, 0.1175, 0.1225, 0.1275, 0.1325, 0.1375, 0.14250000000000002, 0.1475, 0.1525, 0.1575, 0.1625, 0.1675, 0.17250000000000001, 0.1775, 0.1825, 0.1875, 0.1925, 0.1975, 0.2025, 0.20750000000000002, 0.2125, 0.2175, 0.2225]}], "data": {"__dtype__": [["k", "<f8"], ["power_0", "<c8"], ["modes", "<i8"]], "__shape__": [45], "__data__": [[0.0038146258401635844, {"__complex__": [73769.0390625, 6.970977614595419e-13]}, 167], [0.008065157788790219, {"__complex__": [93999.59375, -3.33759522840385e-13]}, 1090], [0.012825758345904367, {"__complex__": [95806.1796875, 3.4228296466685265e-14]}, 2976], [0.017719056303921652, {"__complex__": [102415.6171875, 3.0180258249121183e-14]}, 5786], [0.022667227770824784, {"__complex__": [107927.9453125, 4.5607757208441374e-14]}, 9572], [0.027649941748858185, {"__complex__": [102587.4296875, 3.4440003881522005e-14]}, 14366], [0.03263558962457508, {"__complex__": [96186.6328125, -2.628017127645401e-14]}, 19934], [0.03761104653191247, {"__complex__": [91434.3828125, 2.0607886396157606e-14]}, 26480], [0.042600336908767265, {"__complex__": [93368.6796875, 1.5322285608809945e-14]}, 34190], [0.04759304489426721, {"__complex__": [89125.2578125, 7.538432294303295e-15]}, 42468], [0.0525771082432968, {"__complex__": [85812.296875, 1.2880278610447483e-14]}, 51970], [0.057575378357020646, {"__complex__": [84928.6171875, -7.455113051413678e-15]}, 62462], [0.06257165198313094, {"__complex__": [83894.0390625, 4.5489569854278034e-15]}, 73576], [0.06756108937791147, {"__complex__": [82436.390625, -1.3729180959416373e-14]}, 85854], [0.07255480920506509, {"__complex__": [82122.2109375, -1.1242390482099629e-14]}, 99020], [0.07755609805142069, {"__complex__": [80686.4375, 8.813088130913034e-15]}, 113518], [0.08255265700477474, {"__complex__": [80038.84375, 1.068539432147941e-14]}, 128014], [0.08754519176151995, {"__complex__": [77626.75, 3.427632958754169e-15]}, 144346], [0.09253976904080932, {"__complex__": [76722.0546875, 2.8909414484290562e-15]}, 161076], [0.09753798677170665, {"__complex__": [75564.2265625, -1.3794053307022449e-15]}, 179340], [0.10253997665207176, {"__complex__": [74937.5390625, -2.716909635569714e-15]}, 198174], [0.10753786219440867, {"__complex__": [74102.4296875, 6.685064599394716e-16]}, 217678], [0.1125366978693191, {"__complex__": [73935.1953125, 4.237368292483784e-15]}, 238676], [0.11753409886874092, {"__complex__": [72588.2578125, 1.5673101668090732e-15]}, 259970], [0.12253194102454264, {"__complex__": [72962.5, -1.2856502977953206e-16]}, 282968], [0.1275331632597212, {"__complex__": [73172.6875, -5.12608627217131e-15]}, 306590], [0.13253076718941165, {"__complex__": [72049.5, -1.541264538955714e-15]}, 330454], [0.13752904728495918, {"__complex__": [72119.0390625, -2.8558124510075786e-15]}, 356688], [0.1425283883990883, {"__complex__": [72032.453125, 2.207107397913426e-15]}, 382406], [0.1475253724766222, {"__complex__": [71117.7109375, 2.8398967019286703e-15]}, 409928], [0.1525269445038946, {"__complex__": [70630.140625, -5.040106498794368e-15]}, 438858], [0.15752641804142642, {"__complex__": [70643.53125, 6.388815884883709e-16]}, 466932], [0.1625242347336382, {"__complex__": [70813.3359375, -2.2206226556198156e-15]}, 498034], [0.16752654591650326, {"__complex__": [70248.2734375, 5.91471936820686e-16]}, 528962], [0.17252558065934182, {"__complex__": [69583.5625, -3.297410748718003e-15]}, 560468], [0.17752116161017195, {"__complex__": [69494.3125, 3.580736069794515e-15]}, 593336], [0.18252162237011604, {"__complex__": [69948.421875, -4.516423085198476e-16]}, 628290], [0.1875228741139129, {"__complex__": [69248.0625, -1.7574830395112933e-15]}, 662398], [0.1925211115532297, {"__complex__": [69240.9375, 9.58703865196176e-16]}, 698222], [0.19752043765511237, {"__complex__": [69112.9921875, 2.197301297483063e-15]}, 735112], [0.2025205021347987, {"__complex__": [69044.5078125, -2.1082584412106123e-15]}, 773062], [0.2075206955027989, {"__complex__": [68424.6953125, -1.2018666955621515e-15]}, 811220], [0.2125186876162481, {"__complex__": [68504.65625, -1.851599834896034e-15]}, 850748], [0.2175180260671351, {"__complex__": [68463.5703125, -5.874866997434137e-16]}, 891712], [0.22251752351080917, {"__complex__": [68288.9375, 7.685934082342567e-16]}, 932459]]}, "attrs": {"poles": [0], "dk": 0.005, "kmin": 0.0, "kmax": null, "Nmesh": {"__dtype__": "<i8", "__shape__": [3], "__data__": [512, 512, 512]}, "BoxSize": {"__dtype__": "<f8", "__shape__": [3], "__data__": [3421.0, 7189.0, 3025.0]}, "BoxPad": {"__dtype__": "<f8", "__shape__": [3], "__data__": [0.1, 0.1, 0.1]}, "BoxCenter": {"__dtype__": "<f8", "__shape__": [3], "__data__": [-1749.8273359020727, 38.28195123467867, 1911.2251117718909]}, "mesh.resampler": "tsc", "mesh.interlaced": true, "alpha": 0.04982944897557181, "data.norm": 1.7855488598605727, "randoms.norm": 1.7859038012206838, "shotnoise": 66840.9249055271, "first.data.N": 239811, "first.data.W": 239811.0, "first.data.W2": 206546.3651460434, "first.data.num_per_cell": 0.001538890340522255, "first.randoms.N": 4812636, "first.randoms.W": 4812636.0, "first.randoms.W2": 4145204.2748492365, "first.randoms.num_per_cell": 0.03088417854047743, "first.data.ext": 1, "first.randoms.ext": 1, "second.data.N": 239811, "second.data.W": 239811.0, "second.data.W2": 122101.0719790892, "second.data.num_per_cell": 0.0009097238777510017, "second.randoms.N": 4812636, "second.randoms.W": 4812636.0, "second.randoms.W2": 2450860.712230905, "second.randoms.num_per_cell": 0.018260335268310494, "second.data.ext": 1, "second.randoms.ext": 1}}, "attrs": {"poles": [0], "dk": 0.005, "kmin": 0.0, "kmax": null, "Nmesh": {"__dtype__": "<i8", "__shape__": [3], "__data__": [512, 512, 512]}, "BoxSize": {"__dtype__": "<f8", "__shape__": [3], "__data__": [3421.0, 7189.0, 3025.0]}, "BoxPad": {"__dtype__": "<f8", "__shape__": [3], "__data__": [0.1, 0.1, 0.1]}, "BoxCenter": {"__dtype__": "<f8", "__shape__": [3], "__data__": [-1749.8273359020727, 38.28195123467867, 1911.2251117718909]}, "mesh.resampler": "tsc", "mesh.interlaced": true, "alpha": 0.04982944897557181, "data.norm": 1.7855488598605727, "randoms.norm": 1.7859038012206838, "shotnoise": 66840.9249055271, "first.data.N": 239811, "first.data.W": 239811.0, "first.data.W2": 206546.3651460434, "first.data.num_per_cell": 0.001538890340522255, "first.randoms.N": 4812636, "first.randoms.W": 4812636.0, "first.randoms.W2": 4145204.2748492365, "first.randoms.num_per_cell": 0.03088417854047743, "first.data.ext": 1, "first.randoms.ext": 1, "second.data.N": 239811, "second.data.W": 239811.0, "second.data.W2": 122101.0719790892, "second.data.num_per_cell": 0.0009097238777510017, "second.randoms.N": 4812636, "second.randoms.W": 4812636.0, "second.randoms.W2": 2450860.712230905, "second.randoms.num_per_cell": 0.018260335268310494, "second.data.ext": 1, "second.randoms.ext": 1, "p": 1.6, "zmin": 0.8, "zmax": 2.2, "P0_FKP": 30000.0, "z-weighted": true, "hashkeys": ["Nmesh", "P0_FKP", "dk", "kmin", "mesh.window", "mesh.interlaced", "poles", "p", "BoxPad", "zmin", "zmax", "z-weighted"]}}