{"poles": {"dims": ["k"], "edges": [{"__dtype__": "<f8", "__shape__": [57], "__data__": [0.0, 0.005, 0.01, 0.015, 0.02, 0.025, 0.03, 0.035, 0.04, 0.045, 0.05, 0.055, 0.06, 0.065, 0.07, 0.075, 0.08, 0.085, 0.09, 0.095, 0.1, 0.105, 0.11, 0.115, 0.12, 0.125, 0.13, 0.135, 0.14, 0.145, 0.15, 0.155, 0.16, 0.165, 0.17, 0.17500000000000002, 0.18, 0.185, 0.19, 0.195, 0.2, 0.20500000000000002, 0.21, 0.215, 0.22, 0.225, 0.23, 0.23500000000000001, 0.24, 0.245, 0.25, 0.255, 0.26, 0.265, 0.27, 0.275, 0.28]}], "coords": [{"__dtype__": "<f8", "__shape__": [56], "__data__": [0.0025, 0.0075, 0.0125, 0.0175, 0.0225, 0.0275, 0.0325, 0.037500000000000006, 0.042499999999999996, 0.0475, 0.052500000000000005, 0.057499999999999996, 0.0625, 0.0675, 0.07250000000000001, 0.0775, 0.0825, 0.0875, 0.0925, 0.0975, 0.10250000000000001, 0.1075, 0.1125, 0.1175, 0.1225, 0.1275, 0.1325, 0.1375, 0.14250000000000002, 0.1475, 0.1525, 0.1575, 0.1625, 0.1675, 0.17250000000000001, 0.1775, 0.1825, 0.1875, 0.1925, 0.1975, 0.2025, 0.20750000000000002, 0.2125, 0.2175, 0.2225, 0.2275, 0.2325, 0.2375, 0.2425, 0.2475, 0.2525, 0.2575, 0.2625, 0.2675, 0.2725, 0.2775]}], "data": {"__dtype__": [["k", "<f8"], ["power_0", "<c8"], ["modes", "<i8"]], "__shape__": [56], "__data__": [[0.003816819261620565, {"__complex__": [121344.7578125, 1.7289404500089867e-12]}, 101], [0.00810385348455568, {"__complex__": [112457.4140625, 2.425319331218062e-13]}, 690], [0.01288979681939321, {"__complex__": [119570.6171875, 1.8091570721991829e-13]}, 1850], [0.017777582267360106, {"__complex__": [108147.8203125, 9.7500268492548e-14]}, 3582], [0.022687603670394536, {"__complex__": [107230.1171875, -7.970922234973657e-14]}, 5842], [0.027646227020848024, {"__complex__": [106144.390625, 8.236311209875585e-15]}, 8834], [0.03262925020049292, {"__complex__": [100400.6484375, -7.10889849861885e-15]}, 12282], [0.037615872155142144, {"__complex__": [98248.9453125, -4.530816165499753e-14]}, 16380], [0.04261820319147655, {"__complex__": [98319.0234375, -6.211099055187337e-15]}, 21086], [0.04760051189207506, {"__complex__": [96852.921875, -1.1712924907595918e-14]}, 26090], [0.05257606947534805, {"__complex__": [92357.1015625, 1.5711368499065313e-14]}, 31954], [0.057568738760353025, {"__complex__": [91150.8046875, -1.2489289896060792e-14]}, 38450], [0.06256305214701907, {"__complex__": [90821.2734375, 0.0]}, 45332], [0.06755974174796996, {"__complex__": [87326.4140625, -7.694191488907993e-15]}, 52956], [0.0725524723161662, {"__complex__": [86859.4453125, 8.121288370803188e-15]}, 60922], [0.07754430809441167, {"__complex__": [85933.3515625, -2.2963084375887764e-15]}, 69708], [0.08254312746026955, {"__complex__": [83757.15625, 4.04904915138663e-15]}, 79066], [0.08754821098992945, {"__complex__": [82562.9140625, 7.836249078557907e-15]}, 89136], [0.09255007463976683, {"__complex__": [82662.234375, 5.276787833047953e-15]}, 99278], [0.09754422713375921, {"__complex__": [81151.34375, 7.256168093751456e-16]}, 110300], [0.10254376396065906, {"__complex__": [80221.6015625, 2.441916365837106e-15]}, 122164], [0.10754188046135565, {"__complex__": [80242.046875, -3.0418791197397467e-15]}, 133948], [0.11253776768054004, {"__complex__": [79147.2890625, -6.135956221337566e-15]}, 147038], [0.1175373105006632, {"__complex__": [78330.171875, -1.9977418174176075e-15]}, 160252], [0.12253477616648681, {"__complex__": [78744.6171875, -5.514874394961034e-15]}, 174152], [0.12753140872402033, {"__complex__": [77745.609375, 2.314015026076417e-15]}, 188658], [0.13252878392064954, {"__complex__": [77568.1171875, 4.570908267772372e-15]}, 203750], [0.1375276947611193, {"__complex__": [78711.9375, 1.3258424081892311e-16]}, 219512], [0.14252821043824762, {"__complex__": [77743.3828125, -2.8690198122376413e-15]}, 235852], [0.1475292364063351, {"__complex__": [76647.203125, -8.351716272565432e-16]}, 252646], [0.15253030844441395, {"__complex__": [77071.453125, -2.4245468964624725e-15]}, 270086], [0.1575279740843188, {"__complex__": [76443.421875, -2.275775564853944e-16]}, 287742], [0.16252300289246482, {"__complex__": [76344.8046875, 2.18588562269468e-15]}, 306232], [0.16752162817827126, {"__complex__": [76057.4453125, 5.61537061898802e-15]}, 325874], [0.17252206736657513, {"__complex__": [75837.7265625, -6.109116605975274e-16]}, 345390], [0.1775236376639547, {"__complex__": [75488.8671875, 9.937497475097042e-16]}, 366086], [0.1825269493561908, {"__complex__": [74979.5234375, 1.3915344189904528e-15]}, 386926], [0.18752548551767093, {"__complex__": [74996.9296875, -4.640028485608928e-16]}, 407702], [0.19252249183448084, {"__complex__": [75329.4375, 8.796336572073423e-16]}, 430122], [0.1975200072463833, {"__complex__": [74926.9140625, 1.1898014523823428e-15]}, 452530], [0.202519238691964, {"__complex__": [74754.6171875, 4.58380032098782e-16]}, 476196], [0.20751954680948403, {"__complex__": [74571.4609375, 5.023203426936316e-16]}, 499722], [0.2125185237910245, {"__complex__": [74309.46875, 2.220759451440797e-16]}, 524214], [0.21751887671498338, {"__complex__": [74492.984375, 1.3247849404941434e-15]}, 549218], [0.22251757443856152, {"__complex__": [73849.6640625, -3.5467143561933355e-16]}, 574410], [0.22751711804892724, {"__complex__": [74135.453125, 3.1353015598659757e-15]}, 601050], [0.23251885704325873, {"__complex__": [74222.5625, -1.4836545459602783e-15]}, 627722], [0.23751880275551843, {"__complex__": [74239.2734375, 3.6898025731818204e-15]}, 654674], [0.2425193233342884, {"__complex__": [73907.96875, -1.502117217232462e-15]}, 682976], [0.24751695004758412, {"__complex__": [73950.9453125, 8.300038792453447e-16]}, 710060], [0.2525151995377928, {"__complex__": [73825.28125, -7.858466620415489e-17]}, 740700], [0.25751480922397835, {"__complex__": [73707.7421875, 1.0596532518499435e-15]}, 769032], [0.26251633291806115, {"__complex__": [74089.5546875, 9.082594532971566e-16]}, 801088], [0.2675186503323871, {"__complex__": [73683.6640625, 2.6639277247189576e-15]}, 830312], [0.2725153445222605, {"__complex__": [73365.03125, 2.737240755644422e-15]}, 861236], [0.27751209060375653, {"__complex__": [73356.609375, 8.881396150032291e-16]}, 892967]]}, "attrs": {"poles": [0], "dk": 0.005, "kmin": 0.0, "kmax": null, "Nmesh": {"__dtype__": "<i8", "__shape__": [3], "__data__": [512, 512, 512]}, "BoxSize": {"__dtype__": "<f8", "__shape__": [3], "__data__": [2663.0, 5792.0, 2971.0]}, "BoxPad": {"__dtype__": "<f8", "__shape__": [3], "__data__": [0.1, 0.1, 0.1]}, "BoxCenter": {"__dtype__": "<f8", "__shape__": [3], "__data__": [2583.5336128855433, 46.85570351032243, 888.9150685466709]}, "mesh.resampler": "tsc", "mesh.interlaced": true, "alpha": 0.05032793601241605, "data.norm": 1.04424237171053, "randoms.norm": 1.0441404744493825, "shotnoise": 72576.64587791824, "first.data.N": 141644, "first.data.W": 141644.0, "first.data.W2": 126206.72129607249, "first.data.num_per_cell": 0.000940313348889891, "first.randoms.N": 2814421, "first.randoms.W": 2814421.0, "first.randoms.W2": 2507608.506572237, "first.randoms.num_per_cell": 0.018683139283748245, "first.data.ext": 1, "first.randoms.ext": 1, "second.data.N": 141644, "second.data.W": 141644.0, "second.data.W2": 75478.70865391043, "second.data.num_per_cell": 0.0005623602021776917, "second.randoms.N": 2814421, "second.randoms.W": 2814421.0, "second.randoms.W2": 1499602.7841646022, "second.randoms.num_per_cell": 0.011172911406789736, "second.data.ext": 1, "second.randoms.ext": 1}}, "attrs": {"poles": [0], "dk": 0.005, "kmin": 0.0, "kmax": null, "Nmesh": {"__dtype__": "<i8", "__shape__": [3], "__data__": [512, 512, 512]}, "BoxSize": {"__dtype__": "<f8", "__shape__": [3], "__data__": [2663.0, 5792.0, 2971.0]}, "BoxPad": {"__dtype__": "<f8", "__shape__": [3], "__data__": [0.1, 0.1, 0.1]}, "BoxCenter": {"__dtype__": "<f8", "__shape__": [3], "__data__": [2583.5336128855433, 46.85570351032243, 888.9150685466709]}, "mesh.resampler": "tsc", "mesh.interlaced": true, "alpha": 0.05032793601241605, "data.norm": 1.04424237171053, "randoms.norm": 1.0441404744493825,