{"poles": {"dims": ["k"], "edges": [{"__dtype__": "<f8", "__shape__": [46], "__data__": [0.0, 0.005, 0.01, 0.015, 0.02, 0.025, 0.03, 0.035, 0.04, 0.045, 0.05, 0.055, 0.06, 0.065, 0.07, 0.075, 0.08, 0.085, 0.09, 0.095, 0.1, 0.105, 0.11, 0.115, 0.12, 0.125, 0.13, 0.135, 0.14, 0.145, 0.15, 0.155, 0.16, 0.165, 0.17, 0.17500000000000002, 0.18, 0.185, 0.19, 0.195, 0.2, 0.20500000000000002, 0.21, 0.215, 0.22, 0.225]}], "coords": [{"__dtype__": "<f8", "__shape__": [45], "__data__": [0.0025, 0.0075, 0.0125, 0.0175, 0.0225, 0.0275, 0.0325, 0.037500000000000006, 0.042499999999999996, 0.0475, 0.052500000000000005, 0.057499999999999996, 0.0625, 0.0675, 0.07250000000000001, 0.0775, 0.0825, 0.0875, 0.0925, 0.0975, 0.10250000000000001, 0.1075, 0.1125, 0.1175, 0.1225, 0.1275, 0.1325, 0.1375, 0.14250000000000002, 0.1475, 0.1525, 0.1575, 0.1625, 0.1675, 0.17250000000000001, 0.1775, 0.1825, 0.1875, 0.1925, 0.1975, 0.2025, 0.20750000000000002, 0.2125, 0.2175, 0.2225]}], "data": {"__dtype__": [["k", "<f8"], ["power_0", "<c8"], ["modes", "<i8"]], "__shape__": [45], "__data__": [[0.0038155649834539615, {"__complex__": [-124676.28125, -1.7427442952286376e-12]}, 167], [0.008052258396237752, {"__complex__": [-131353.078125, -5.379636013459581e-14]}, 1082], [0.012817860450967587, {"__complex__": [-135525.328125, -7.813109154878456e-14]}, 2980], [0.017727027728521767, {"__complex__": [-137467.140625, 4.010173134316383e-14]}, 5806], [0.02267086691683985, {"__complex__": [-138667.25, -1.9532772209569782e-13]}, 9536], [0.02765115175631651, {"__complex__": [-127375.859375, -4.8567093814504136e-14]}, 14382], [0.032637149510851754, {"__complex__": [-123026.9375, -2.3397713074749943e-14]}, 19902], [0.037615277430522856, {"__complex__": [-118307.078125, -9.21840796514091e-14]}, 26520], [0.04260378358728696, {"__complex__": [-111569.6953125, 4.009731999557453e-14]}, 34114], [0.04759065581924516, {"__complex__": [-110329.59375, 1.440919595013107e-14]}, 42416], [0.052576144579914434, {"__complex__": [-108197.3984375, 7.839264515850132e-15]}, 51976], [0.05757664811521495, {"__complex__": [-106630.5390625, -1.67756162693794e-14]}, 62456], [0.06257315176685353, {"__complex__": [-105010.0859375, 1.5837095717008637e-15]}, 73508], [0.0675651185479715, {"__complex__": [-104063.4453125, 1.422640115791591e-14]}, 85922], [0.07255742451944291, {"__complex__": [-101446.6015625, -4.712407662710045e-15]}, 98816], [0.0775535325110584, {"__complex__": [-101189.9609375, 1.1039543031891169e-14]}, 113362], [0.08255357845003301, {"__complex__": [-99893.765625, 9.0794833809563e-15]}, 128218], [0.08755168966812298, {"__complex__": [-95527.8125, 2.218864003463079e-15]}, 144282], [0.09254471220165227, {"__complex__": [-92652.1015625, -2.6224555093137293e-15]}, 160920], [0.09753966337926073, {"__complex__": [-95028.6171875, 3.899749430037692e-15]}, 179112], [0.10254006289849772, {"__complex__": [-91891.1328125, -8.229640825415958e-15]}, 198042], [0.10753654894539935, {"__complex__": [-91494.8671875, 9.368990136723637e-16]}, 217448], [0.11253657560919016, {"__complex__": [-91378.296875, -4.510180664135449e-15]}, 238758], [0.11753931176193375, {"__complex__": [-89457.2734375, 4.474861825454668e-16]}, 260154], [0.12253561976778361, {"__complex__": [-89564.40625, 2.9894911907432523e-15]}, 282326], [0.12753411496591188, {"__complex__": [-90201.5546875, 1.89863726852296e-15]}, 306576], [0.13253214793325288, {"__complex__": [-89961.6171875, -5.2001660796722766e-15]}, 330206], [0.13753111489010605, {"__complex__": [-88728.5390625, 1.0915731590716298e-15]}, 356608], [0.14253202272065124, {"__complex__": [-88320.234375, 2.5502163044071463e-15]}, 382312], [0.14752742514069336, {"__complex__": [-87751.328125, 7.731417739906873e-15]}, 409374], [0.15252704003744272, {"__complex__": [-86624.3984375, 5.043462443331389e-15]}, 438566], [0.15752840840162352, {"__complex__": [-86178.40625, -3.1154280493410217e-15]}, 467092], [0.1625256695591124, {"__complex__": [-85234.328125, 7.49356326502134e-15]}, 497132], [0.16752580790389246, {"__complex__": [-84962.8984375, -6.465243667714464e-15]}, 528936], [0.1725257463574681, {"__complex__": [-86035.625, 2.286745859130749e-15]}, 559996], [0.17752231205731508, {"__complex__": [-86606.0859375, -2.9430310100698803e-15]}, 593344], [0.18252262466622768, {"__complex__": [-86108.4609375, 3.779441105374428e-15]}, 627596], [0.18752407530198756, {"__complex__": [-85347.953125, 2.5704042759137685e-15]}, 662376], [0.19252264632170496, {"__complex__": [-84821.234375, 1.4602565313417992e-15]}, 697572], [0.19751974609096976, {"__complex__": [-84956.0, 2.853814088526769e-15]}, 734272], [0.20251888290488243, {"__complex__": [-84614.1953125, -1.3747480259208855e-15]}, 772716], [0.20752066209595155, {"__complex__": [-84664.1640625, 4.4127477347622075e-15]}, 811234], [0.21252216764197976, {"__complex__": [-83897.890625, -7.696584727560901e-17]}, 850814], [0.21751994858345253, {"__complex__": [-83874.3984375, -4.168460468158752e-15]}, 890194], [0.2225162285522336, {"__complex__": [-83848.4375, -2.514236250631915e-15]}, 931837]]}, "attrs": {"poles": [0], "dk": 0.005, "kmin": 0.0, "kmax": null, "Nmesh": {"__dtype__": "<i8", "__shape__": [3], "__data__": [512, 512, 512]}, "BoxSize": {"__dtype__": "<f8", "__shape__": [3], "__data__": [3428.0, 7182.0, 3020.0]}, "BoxPad": {"__dtype__": "<f8", "__shape__": [3], "__data__": [0.1, 0.1, 0.1]}, "BoxCenter": {"__dtype__": "<f8", "__shape__": [3], "__data__": [-1751.7417478949635, 37.150680094086965, 1911.9428064835033]}, "mesh.resampler": "tsc", "mesh.interlaced": true, "alpha": 0.04993115298356496, "data.norm": -1.4924052932314418, "randoms.norm": -1.4919851548730625, "shotnoise": 54319.07224736588, "first.data.N": 239912, "first.data.W": 239912.0, "first.data.W2": 206602.7275676478, "first.data.num_per_cell": 0.0015393102732870563, "first.randoms.N": 4804856, "first.randoms.W": 4804856.0, "first.randoms.W2": 4138011.1992867477, "first.randoms.num_per_cell": 0.030830585951259343, "first.data.ext": 1, "first.randoms.ext": 1, "second.data.N": 239912, "second.data.W": 239912.0, "second.data.W2": -98264.05968522887, "second.data.num_per_cell": -0.0007321242964657312, "second.randoms.N": 4804856, "second.randoms.W": 4804856.0, "second.randoms.W2": -1967521.7715704257, "second.randoms.num_per_cell": -0.01465917953528781, "second.data.ext": 1, "second.randoms.ext": 1}}, "attrs": {"poles": [0], "dk": 0.005, "kmin": 0.0, "kmax": null, "Nmesh": {"__dtype__": "<i8", "__shape__": [3], "__data__": [512, 512, 512]}, "BoxSize": {"__dtype__": "<f8", "__shape__": [3], "__data__": [3428.0, 7182.0, 3020.0]}, "BoxPad": {"__dtype__": "<f8", "__shape__": [3], "__data__": [0.1, 0.1, 0.1]}, "BoxCenter": {"__dtype__": "<f8", "__shape__": [3], "__data__": [-1751.7417478949635, 37.150680094086965, 1911.9428064835033]}, "mesh.resampler": "tsc", "mesh.interlaced": true, "alpha": 0.04993115298356496, "data.norm": -1.4924052932314418, "randoms.norm": -1.4919851548730625, "shotnoise": 54319.07224736588, "first.data.N": 239912, "first.data.W": 239912.0, "first.data.W2": 206602.7275676478, "first.data.num_per_cell": 0.0015393102732870563, "first.randoms.N": 4804856, "first.randoms.W": 4804856.0, "first.randoms.W2": 4138011.1992867477, "first.randoms.num_per_cell": 0.030830585951259343, "first.data.ext": 1, "first.randoms.ext": 1, "second.data.N": 239912, "second.data.W": 239912.0, "second.data.W2": -98264.05968522887, "second.data.num_per_cell": -0.0007321242964657312, "second.randoms.N": 4804856, "second.randoms.W": 4804856.0, "second.randoms.W2": -1967521.7715704257, "second.randoms.num_per_cell": -0.01465917953528781, "second.data.ext": 1, "second.randoms.ext": 1, "p": 3.0, "zmin": 0.8, "zmax": 2.2, "P0_FKP": 30000.0, "z-weighted": true, "hashkeys": ["Nmesh", "P0_FKP", "dk", "kmin", "mesh.window", "mesh.interlaced", "poles", "p", "BoxPad", "zmin", "zmax", "z-weighted"]}}