{"poles": {"dims": ["k"], "edges": [{"__dtype__": "<f8", "__shape__": [46], "__data__": [0.0, 0.005, 0.01, 0.015, 0.02, 0.025, 0.03, 0.035, 0.04, 0.045, 0.05, 0.055, 0.06, 0.065, 0.07, 0.075, 0.08, 0.085, 0.09, 0.095, 0.1, 0.105, 0.11, 0.115, 0.12, 0.125, 0.13, 0.135, 0.14, 0.145, 0.15, 0.155, 0.16, 0.165, 0.17, 0.17500000000000002, 0.18, 0.185, 0.19, 0.195, 0.2, 0.20500000000000002, 0.21, 0.215, 0.22, 0.225]}], "coords": [{"__dtype__": "<f8", "__shape__": [45], "__data__": [0.0025, 0.0075, 0.0125, 0.0175, 0.0225, 0.0275, 0.0325, 0.037500000000000006, 0.042499999999999996, 0.0475, 0.052500000000000005, 0.057499999999999996, 0.0625, 0.0675, 0.07250000000000001, 0.0775, 0.0825, 0.0875, 0.0925, 0.0975, 0.10250000000000001, 0.1075, 0.1125, 0.1175, 0.1225, 0.1275, 0.1325, 0.1375, 0.14250000000000002, 0.1475, 0.1525, 0.1575, 0.1625, 0.1675, 0.17250000000000001, 0.1775, 0.1825, 0.1875, 0.1925, 0.1975, 0.2025, 0.20750000000000002, 0.2125, 0.2175, 0.2225]}], "data": {"__dtype__": [["k", "<f8"], ["power_0", "<c8"], ["modes", "<i8"]], "__shape__": [45], "__data__": [[0.0038142162094639705, {"__complex__": [-67458.375, 2.6141166054732823e-13]}, 167], [0.008049709500795109, {"__complex__": [-112947.5, 2.1518544053838323e-13]}, 1082], [0.012813632303744712, {"__complex__": [-126127.8203125, 1.9532772209569782e-13]}, 2980], [0.017721194342649967, {"__complex__": [-123722.484375, -4.010173134316383e-14]}, 5806], [0.022671401241598728, {"__complex__": [-133034.03125, 2.433430620364923e-14]}, 9568], [0.027648606880495086, {"__complex__": [-131794.34375, -4.257910281410711e-14]}, 14354], [0.032634614517332454, {"__complex__": [-121714.5625, 6.998216025774773e-14]}, 19962], [0.03761468363569472, {"__complex__": [-122009.5703125, 1.2622343525481392e-14]}, 26516], [0.042600055477184, {"__complex__": [-114147.8359375, 3.868829762847595e-14]}, 34134], [0.04758987527529957, {"__complex__": [-107465.1328125, -1.0954673718708077e-14]}, 42508], [0.052574167747640524, {"__complex__": [-107114.5234375, -2.801138634196329e-14]}, 51950], [0.05757217173024344, {"__complex__": [-106545.921875, 1.9550892616003804e-14]}, 62522], [0.06257188448477603, {"__complex__": [-109311.9609375, 1.1064292487576993e-14]}, 73652], [0.06756553519017477, {"__complex__": [-103292.875, 8.800264899124551e-15]}, 85986], [0.07255582724183825, {"__complex__": [-98846.6796875, 4.71088215637204e-15]}, 98848], [0.077553338022778, {"__complex__": [-98996.7734375, -8.197828809015928e-15]}, 113606], [0.08255499322052254, {"__complex__": [-95811.359375, 5.076460729374049e-15]}, 128278], [0.08755040572320273, {"__complex__": [-94884.34375, -4.63712888007224e-15]}, 144354], [0.09254431392417614, {"__complex__": [-95405.75, -2.7986536089356744e-15]}, 161188], [0.0975413785173167, {"__complex__": [-93364.5859375, -8.439467827109793e-15]}, 179324], [0.10254193259559324, {"__complex__": [-92400.34375, 4.110835122691147e-15]}, 198234], [0.10753373542448559, {"__complex__": [-92146.3515625, 3.2150342534986807e-15]}, 217258], [0.11253181390645714, {"__complex__": [-91657.5078125, -7.604470371003029e-15]}, 239200], [0.11753563918503475, {"__complex__": [-90464.546875, 8.946009411435626e-16]}, 260262], [0.12253232871686916, {"__complex__": [-89404.2109375, -1.0035519304126862e-14]}, 282758], [0.12753133196809327, {"__complex__": [-88865.65625, 8.301230991326707e-16]}, 306772], [0.13252867075155816, {"__complex__": [-88202.796875, -4.2271102999760606e-15]}, 330482], [0.1375274587873599, {"__complex__": [-87601.1640625, 7.989823775191637e-15]}, 356976], [0.14253048457003578, {"__complex__": [-87438.6953125, -1.520004541375223e-15]}, 382944], [0.14752845049924776, {"__complex__": [-87750.2578125, 7.242054619026068e-15]}, 409910], [0.15252823423608058, {"__complex__": [-86458.0, -5.702446876515183e-15]}, 438922], [0.15752813386855638, {"__complex__": [-86933.9609375, -7.846847154793953e-15]}, 467332], [0.16252572818438565, {"__complex__": [-86156.609375, 2.0749122363848682e-15]}, 497942], [0.16752707286518986, {"__complex__": [-86053.7109375, -8.054494740714502e-15]}, 529358], [0.17252732769996887, {"__complex__": [-85149.1171875, -7.266562776201042e-16]}, 560724], [0.17752304325893678, {"__complex__": [-84922.5390625, 1.4709106176314822e-15]}, 593588], [0.1825229112244153, {"__complex__": [-85588.0546875, -2.593470253616924e-15]}, 628430], [0.18752331307731154, {"__complex__": [-85283.4765625, 3.5142020553041633e-16]}, 662542], [0.19252227368504404, {"__complex__": [-84336.2421875, 4.616892839445861e-15]}, 698832], [0.19752091941132893, {"__complex__": [-84343.46875, 1.2277490578149275e-15]}, 734856], [0.20251953652906962, {"__complex__": [-84128.5078125, 2.2575810324491257e-16]}, 773496], [0.20751958212365937, {"__complex__": [-84112.8046875, -3.873872573499073e-15]}, 811388], [0.21251998565518493, {"__complex__": [-83877.765625, -2.5278686106432625e-15]}, 851976], [0.21751780800515136, {"__complex__": [-82950.734375, 6.535281381051574e-17]}, 890668], [0.22251527634032509, {"__complex__": [-83545.1953125, 1.2002401805451864e-15]}, 933561]]}, "attrs": {"poles": [0], "dk": 0.005, "kmin": 0.0, "kmax": null, "Nmesh": {"__dtype__": "<i8", "__shape__": [3], "__data__": [512, 512, 512]}, "BoxSize": {"__dtype__": "<f8", "__shape__": [3], "__data__": [3427.0, 7184.0, 3023.0]}, "BoxPad": {"__dtype__": "<f8", "__shape__": [3], "__data__": [0.1, 0.1, 0.1]}, "BoxCenter": {"__dtype__": "<f8", "__shape__": [3], "__data__": [-1752.657022296373, 40.330381370048826, 1911.8991681505481]}, "mesh.resampler": "tsc", "mesh.interlaced": true, "alpha": 0.04980983841619552, "data.norm": -1.4866500985106317, "randoms.norm": -1.4861197898159186, "shotnoise": 54312.289680547634, "first.data.N": 239552, "first.data.W": 239552.0, "first.data.W2": 206376.17427903516, "first.data.num_per_cell": 0.0015376223197507497, "first.randoms.N": 4809331, "first.randoms.W": 4809331.0, "first.randoms.W2": 4143444.6076825615, "first.randoms.num_per_cell": 0.030871067998428356, "first.data.ext": 1, "first.randoms.ext": 1, "second.data.N": 239552, "second.data.W": 239552.0, "second.data.W2": -97884.06959835693, "second.data.num_per_cell": -0.0007292931496974597, "second.randoms.N": 4809331, "second.randoms.W": 4809331.0, "second.randoms.W2": -1964355.8675481007, "second.randoms.num_per_cell": -0.014635591712207352, "second.data.ext": 1, "second.randoms.ext": 1}}, "attrs": {"poles": [0], "dk": 0.005, "kmin": 0.0, "kmax": null, "Nmesh": {"__dtype__": "<i8", "__shape__": [3], "__data__": [512, 512, 512]}, "BoxSize": {"__dtype__": "<f8", "__shape__": [3], "__data__": [3427.0, 7184.0, 3023.0]}, "BoxPad": {"__dtype__": "<f8", "__shape__": [3], "__data__": [0.1, 0.1, 0.1]}, "BoxCenter": {"__dtype__": "<f8", "__shape__": [3], "__data__": [-1752.657022296373, 40.330381370048826, 1911.8991681505481]}, "mesh.resampler": "tsc", "mesh.interlaced": true, "alpha": 0.04980983841619552, "data.norm": -1.4866500985106317, "randoms.norm": -1.4861197898159186, "shotnoise": 54312.289680547634, "first.data.N": 239552, "first.data.W": 239552.0, "first.data.W2": 206376.17427903516, "first.data.num_per_cell": 0.0015376223197507497, "first.randoms.N": 4809331, "first.randoms.W": 4809331.0, "first.randoms.W2": 4143444.6076825615, "first.randoms.num_per_cell": 0.030871067998428356, "first.data.ext": 1, "first.randoms.ext": 1, "second.data.N": 239552, "second.data.W": 239552.0, "second.data.W2": -97884.06959835693, "second.data.num_per_cell": -0.0007292931496974597, "second.randoms.N": 4809331, "second.randoms.W": 4809331.0, "second.randoms.W2": -1964355.8675481007, "second.randoms.num_per_cell": -0.014635591712207352, "second.data.ext": 1, "second.randoms.ext": 1, "p": 3.0, "zmin": 0.8, "zmax": 2.2, "P0_FKP": 30000.0, "z-weighted": true, "hashkeys": ["Nmesh", "P0_FKP", "dk", "kmin", "mesh.window", "mesh.interlaced", "poles", "p", "BoxPad", "zmin", "zmax", "z-weighted"]}}