{"poles": {"dims": ["k"], "edges": [{"__dtype__": "<f8", "__shape__": [57], "__data__": [0.0, 0.005, 0.01, 0.015, 0.02, 0.025, 0.03, 0.035, 0.04, 0.045, 0.05, 0.055, 0.06, 0.065, 0.07, 0.075, 0.08, 0.085, 0.09, 0.095, 0.1, 0.105, 0.11, 0.115, 0.12, 0.125, 0.13, 0.135, 0.14, 0.145, 0.15, 0.155, 0.16, 0.165, 0.17, 0.17500000000000002, 0.18, 0.185, 0.19, 0.195, 0.2, 0.20500000000000002, 0.21, 0.215, 0.22, 0.225, 0.23, 0.23500000000000001, 0.24, 0.245, 0.25, 0.255, 0.26, 0.265, 0.27, 0.275, 0.28]}], "coords": [{"__dtype__": "<f8", "__shape__": [56], "__data__": [0.0025, 0.0075, 0.0125, 0.0175, 0.0225, 0.0275, 0.0325, 0.037500000000000006, 0.042499999999999996, 0.0475, 0.052500000000000005, 0.057499999999999996, 0.0625, 0.0675, 0.07250000000000001, 0.0775, 0.0825, 0.0875, 0.0925, 0.0975, 0.10250000000000001, 0.1075, 0.1125, 0.1175, 0.1225, 0.1275, 0.1325, 0.1375, 0.14250000000000002, 0.1475, 0.1525, 0.1575, 0.1625, 0.1675, 0.17250000000000001, 0.1775, 0.1825, 0.1875, 0.1925, 0.1975, 0.2025, 0.20750000000000002, 0.2125, 0.2175, 0.2225, 0.2275, 0.2325, 0.2375, 0.2425, 0.2475, 0.2525, 0.2575, 0.2625, 0.2675, 0.2725, 0.2775]}], "data": {"__dtype__": [["k", "<f8"], ["power_0", "<c8"], ["modes", "<i8"]], "__shape__": [56], "__data__": [[0.003812738281663227, {"__complex__": [94033.1953125, 0.0]}, 101], [0.008094307458438699, {"__complex__": [136893.375, -2.1089732607851297e-13]}, 690], [0.012874687094527685, {"__complex__": [119181.671875, -6.292720251127593e-14]}, 1850], [0.017767040380388704, {"__complex__": [112604.9765625, -1.0111114284163877e-13]}, 3598], [0.022689069849740465, {"__complex__": [108378.203125, 4.951314999549015e-15]}, 5878], [0.027650997211301095, {"__complex__": [106585.1015625, 2.6272922368491408e-14]}, 8862], [0.03263171546654154, {"__complex__": [101447.3828125, -4.723881147497078e-15]}, 12322], [0.03761067781566679, {"__complex__": [98098.65625, -3.240268974359986e-14]}, 16392], [0.04261044881797945, {"__complex__": [95162.3359375, 1.3742482764820055e-15]}, 21178], [0.04759537582378862, {"__complex__": [93592.3515625, 1.5569492174466112e-14]}, 26170], [0.05257629295917884, {"__complex__": [90368.5078125, -2.524330299912697e-14]}, 32138], [0.057569659651237594, {"__complex__": [90170.4140625, -8.217045445490286e-15]}, 38518], [0.06256380164110666, {"__complex__": [89483.5078125, 1.1179039193908585e-14]}, 45560], [0.06756259367962766, {"__complex__": [86597.9140625, 1.2055359999380098e-14]}, 53112], [0.07255361536080271, {"__complex__": [85660.1015625, 1.4283855402728168e-15]}, 61126], [0.0775459991109622, {"__complex__": [86517.3046875, -1.0396601826244845e-14]}, 69984], [0.08254229714812916, {"__complex__": [82840.53125, -3.673149111345413e-16]}, 79234], [0.0875439079511212, {"__complex__": [81986.6015625, -1.9524473658378942e-15]}, 89438], [0.09255026488146512, {"__complex__": [82858.65625, 2.6248043316764655e-15]}, 99792], [0.0975518389603222, {"__complex__": [82455.015625, -4.069914961009292e-15]}, 110840], [0.10254598548431744, {"__complex__": [79929.734375, 1.1610190610764049e-15]}, 122204], [0.10753523025201815, {"__complex__": [79429.2734375, -6.174879079329796e-15]}, 134328], [0.11253001861509201, {"__complex__": [77923.7265625, 6.6083202379999244e-15]}, 147538], [0.11753347211821245, {"__complex__": [78784.3046875, 6.054111239292646e-15]}, 161044], [0.1225345694836845, {"__complex__": [77987.46875, -3.6638338135684245e-15]}, 174758], [0.1275332736566742, {"__complex__": [78049.5703125, 3.302435983435826e-15]}, 189476], [0.13253078387057493, {"__complex__": [78212.015625, -1.7805822632576285e-15]}, 204314], [0.1375279042250613, {"__complex__": [77449.640625, -6.60633884264784e-17]}, 220272], [0.14252894063765564, {"__complex__": [76832.484375, 3.0733441702687574e-16]}, 236744], [0.14752815796352428, {"__complex__": [77158.34375, -1.809868215650709e-15]}, 253270], [0.15252863790598795, {"__complex__": [76761.8046875, -1.2876187229554008e-15]}, 271234], [0.15752857422405825, {"__complex__": [75800.8203125, -4.0318111838770574e-16]}, 288742], [0.16252277510407345, {"__complex__": [75942.40625, 1.7763684861032752e-15]}, 307198], [0.1675220451258493, {"__complex__": [75649.71875, -1.734255490273449e-15]}, 327244], [0.17252677994514, {"__complex__": [75379.609375, 3.3551985127532437e-15]}, 346970], [0.17752772920231413, {"__complex__": [75579.421875, -4.005579844050013e-15]}, 366924], [0.18252551663307243, {"__complex__": [75140.765625, 1.4256725996218797e-15]}, 387868], [0.18752242651496964, {"__complex__": [75071.0234375, -1.7067776355854012e-15]}, 409246], [0.1925201026744625, {"__complex__": [75136.5078125, 2.7648699115926734e-15]}, 431578], [0.19751866431849133, {"__complex__": [75035.0, 3.331233197818341e-15]}, 454306], [0.20251817548103299, {"__complex__": [74589.0234375, -1.0204410262271081e-15]}, 477724], [0.20752041289198098, {"__complex__": [75015.8046875, 2.376996584385984e-15]}, 502002], [0.21252176666686917, {"__complex__": [74265.8359375, -3.0154995491469324e-15]}, 526002], [0.21752014908695114, {"__complex__": [74092.734375, 2.2325939840215974e-15]}, 550766], [0.2225185438345157, {"__complex__": [74233.046875, -1.211191893036711e-15]}, 576698], [0.22751925836102743, {"__complex__": [73703.0859375, -3.618739050006026e-15]}, 603190], [0.2325189321579897, {"__complex__": [74230.9375, 1.0636655410419687e-15]}, 629322], [0.2375169625278351, {"__complex__": [73713.4765625, -1.9628326250459424e-15]}, 657042], [0.24251624796354854, {"__complex__": [73563.4921875, 2.204449408524942e-15]}, 684870], [0.24751599901808743, {"__complex__": [73743.1171875, 1.0705154964864142e-15]}, 713652], [0.25251692911721735, {"__complex__": [73300.53125, -2.7320901600504056e-15]}, 743018], [0.25751779276369136, {"__complex__": [73447.6875, -1.7522802455119022e-15]}, 772324], [0.2625176591778219, {"__complex__": [73365.28125, 2.6283616582966967e-15]}, 802792], [0.2675165109706133, {"__complex__": [73415.7734375, 4.890566537725765e-16]}, 833142], [0.27251384599783957, {"__complex__": [73598.203125, -3.1984673478415706e-16]}, 864434], [0.2775095098547115, {"__complex__": [73383.4296875, 3.301288147913178e-16]}, 895365]]}, "attrs": {"poles": [0], "dk": 0.005, "kmin": 0.0, "kmax": null, "Nmesh": {"__dtype__": "<i8", "__shape__": [3], "__data__": [512, 512, 512]}, "BoxSize": {"__dtype__": "<f8", "__shape__": [3], "__data__": [2670.0, 5795.0, 2972.0]}, "BoxPad": {"__dtype__": "<f8", "__shape__": [3], "__data__": [0.1, 0.1, 0.1]}, "BoxCenter": {"__dtype__": "<f8", "__shape__": [3], "__data__": [2580.8042576228404, 45.1678444422505, 889.2968267321949]}, "mesh.resampler": "tsc", "mesh.interlaced": true, "alpha": 0.04999603865843039, "data.norm": 1.039889963525015, "randoms.norm": 1.0403894661450963, "shotnoise": 72536.63792109849, "first.data.N": 140724, "first.data.W": 140724.0, "first.data.W2": 125436.73203933336, "first.data.num_per_cell": 0.0009345764818737907, "first.randoms.N": 2814703, "first.randoms.W": 2814703.0, "first.randoms.W2": 2509135.974456701, "first.randoms.num_per_cell": 0.018694519806330658, "first.data.ext": 1, "first.randoms.ext": 1, "second.data.N": 140724, "second.data.W": 140724.0, "second.data.W2": 75168.28951523075, "second.data.num_per_cell": 0.000560047399366131, "second.randoms.N": 2814703, "second.randoms.W": 2814703.0, "second.randoms.W2": 1504282.4896204881, "second.randoms.num_per_cell": 0.011207777929458679, "second.data.ext": 1, "second.randoms.ext": 1}}, "attrs": {"poles": [0], "dk": 0.005, "kmin": 0.0, "kmax": null, "Nmesh": {"__dtype__": "<i8", "__shape__": [3], "__data__": [512, 512, 512]}, "BoxSize": {"__dtype__": "<f8", "__shape__": [3], "__data__": [2670.0, 5795.0, 2972.0]}, "BoxPad": {"__dtype__": "<f8", "__shape__": [3], "__data__": [0.1, 0.1, 0.1]}, "BoxCenter": {"__dtype__": "<f8", "__shape__": [3], "__data__": [2580.8042576228404, 45.1678444422505, 889.2968267321949]}, "mesh.resampler": "tsc", "mesh.interlaced": true, "alpha": 0.04999603865843039, "data.norm": 1.039889963525015,