{"poles": {"dims": ["k"], "edges": [{"__dtype__": "<f8", "__shape__": [46], "__data__": [0.0, 0.005, 0.01, 0.015, 0.02, 0.025, 0.03, 0.035, 0.04, 0.045, 0.05, 0.055, 0.06, 0.065, 0.07, 0.075, 0.08, 0.085, 0.09, 0.095, 0.1, 0.105, 0.11, 0.115, 0.12, 0.125, 0.13, 0.135, 0.14, 0.145, 0.15, 0.155, 0.16, 0.165, 0.17, 0.17500000000000002, 0.18, 0.185, 0.19, 0.195, 0.2, 0.20500000000000002, 0.21, 0.215, 0.22, 0.225]}], "coords": [{"__dtype__": "<f8", "__shape__": [45], "__data__": [0.0025, 0.0075, 0.0125, 0.0175, 0.0225, 0.0275, 0.0325, 0.037500000000000006, 0.042499999999999996, 0.0475, 0.052500000000000005, 0.057499999999999996, 0.0625, 0.0675, 0.07250000000000001, 0.0775, 0.0825, 0.0875, 0.0925, 0.0975, 0.10250000000000001, 0.1075, 0.1125, 0.1175, 0.1225, 0.1275, 0.1325, 0.1375, 0.14250000000000002, 0.1475, 0.1525, 0.1575, 0.1625, 0.1675, 0.17250000000000001, 0.1775, 0.1825, 0.1875, 0.1925, 0.1975, 0.2025, 0.20750000000000002, 0.2125, 0.2175, 0.2225]}], "data": {"__dtype__": [["k", "<f8"], ["power_0", "<c8"], ["modes", "<i8"]], "__shape__": [45], "__data__": [[0.0038130491110020506, {"__complex__": [70190.0, 8.278035375230974e-13]}, 167], [0.00804697505373648, {"__complex__": [85095.015625, -5.0434086567392386e-14]}, 1082], [0.01280948367107831, {"__complex__": [102180.8515625, -1.0376785151630652e-13]}, 2980], [0.017715404563171538, {"__complex__": [105402.421875, -2.381040277324529e-14]}, 5806], [0.0226734649760465, {"__complex__": [99181.3671875, 1.9310670684030695e-14]}, 9608], [0.027656130212283747, {"__complex__": [98296.859375, 1.0632923171495848e-14]}, 14370], [0.032631758133266235, {"__complex__": [92193.0703125, 4.0290019991074885e-14]}, 19910], [0.03760988229944279, {"__complex__": [89367.7421875, 4.377832613159912e-15]}, 26592], [0.04259830909176559, {"__complex__": [86629.171875, -1.3159463210961342e-14]}, 34142], [0.047585573039590864, {"__complex__": [84671.59375, 2.0530354929396578e-15]}, 42528], [0.052571654120126134, {"__complex__": [82140.9921875, 3.914811793422242e-15]}, 52040], [0.05757008475482989, {"__complex__": [81343.2109375, 1.1166580186287422e-14]}, 62552], [0.06257055027781011, {"__complex__": [80467.5390625, -6.904308701637888e-15]}, 73768], [0.06756336867501585, {"__complex__": [77910.3046875, 9.138736723748528e-15]}, 85986], [0.07255290079338043, {"__complex__": [76933.7890625, 7.386497453455449e-15]}, 98996], [0.07755163603414439, {"__complex__": [77341.46875, 8.99848310251803e-16]}, 113706], [0.08255195217961755, {"__complex__": [75701.125, 2.607910683059952e-15]}, 128338], [0.08755006894449653, {"__complex__": [73940.3359375, -1.433086784888315e-15]}, 144698], [0.09254618407009048, {"__complex__": [72870.375, 3.1578894404099653e-16]}, 161284], [0.0975408421338036, {"__complex__": [71898.953125, 3.3051151486479914e-15]}, 179416], [0.10254047603614605, {"__complex__": [70396.5, 5.4726434497933026e-15]}, 198430], [0.10753484360763794, {"__complex__": [69627.3203125, 1.5877466366065961e-15]}, 217672], [0.11253355712145029, {"__complex__": [69420.2734375, -1.216054365079763e-16]}, 239330], [0.11753722572697566, {"__complex__": [69460.2109375, 8.375299655050461e-17]}, 260622], [0.12253218307241938, {"__complex__": [69468.75, 3.3614936616172377e-16]}, 282738], [0.12753044059539212, {"__complex__": [68671.234375, -7.103531168469455e-16]}, 307282], [0.13253108696273336, {"__complex__": [68420.984375, -3.796704060355944e-15]}, 331056], [0.13752914652360973, {"__complex__": [68144.484375, -8.229314717731265e-16]}, 356976], [0.14253096824299505, {"__complex__": [67901.7890625, -2.885449710315533e-15]}, 383520], [0.14752856935683129, {"__complex__": [67625.1953125, 6.565371432409395e-16]}, 410046], [0.15252556577743318, {"__complex__": [66998.6640625, -1.2798525954993813e-15]}, 439166], [0.157524808035247, {"__complex__": [66754.125, 1.458071927491712e-16]}, 467824], [0.16252372397169074, {"__complex__": [66365.984375, -2.1962478002549154e-15]}, 498592], [0.16752420251185388, {"__complex__": [66032.6875, 1.5800812001921815e-16]}, 529552], [0.1725251870695049, {"__complex__": [65986.671875, 9.066645961365951e-17]}, 561748], [0.17752431799907828, {"__complex__": [65833.90625, -1.93086327227596e-15]}, 594440], [0.18252185156509781, {"__complex__": [65815.8359375, -1.6214039672217786e-16]}, 628242], [0.18752125457509702, {"__complex__": [65797.359375, -3.1351586230561265e-15]}, 663738], [0.19252163584874257, {"__complex__": [65305.625, 1.6399266190145396e-15]}, 699344], [0.19752200851115934, {"__complex__": [65563.03125, 7.312997122369523e-16]}, 736252], [0.20252093110445804, {"__complex__": [64883.58984375, 2.3511117339739256e-16]}, 773672], [0.207518670364764, {"__complex__": [65055.125, 5.084304148586505e-16]}, 812128], [0.21252010710930191, {"__complex__": [65164.765625, 1.4498017095529577e-16]}, 853160], [0.21751938866222983, {"__complex__": [65099.29296875, 3.289335771873591e-15]}, 891706], [0.22251497602028536, {"__complex__": [65011.95703125, 7.928935658811209e-16]}, 933705]]}, "attrs": {"poles": [0], "dk": 0.005, "kmin": 0.0, "kmax": null, "Nmesh": {"__dtype__": "<i8", "__shape__": [3], "__data__": [512, 512, 512]}, "BoxSize": {"__dtype__": "<f8", "__shape__": [3], "__data__": [3432.0, 7183.0, 3022.0]}, "BoxPad": {"__dtype__": "<f8", "__shape__": [3], "__data__": [0.1, 0.1, 0.1]}, "BoxCenter": {"__dtype__": "<f8", "__shape__": [3], "__data__": [-1750.0236936766103, 39.247228686394465, 1911.3161693487714]}, "mesh.resampler": "tsc", "mesh.interlaced": true, "alpha": 0.04995881686957483, "data.norm": 5.544693578820986, "randoms.norm": 5.54421992759754, "shotnoise": 63062.27572224752, "first.data.N": 240313, "first.data.W": 240313.0, "first.data.W2": 207062.02861295888, "first.data.num_per_cell": 0.001542732332743398, "first.randoms.N": 4810222, "first.randoms.W": 4810222.0, "first.randoms.W2": 4144546.7042638822, "first.randoms.num_per_cell": 0.03087927925783308, "first.data.ext": 1, "first.randoms.ext": 1, "second.data.N": 240313, "second.data.W": 240313.0, "second.data.W2": 374997.07157093287, "second.data.num_per_cell": 0.0027939459053496485, "second.randoms.N": 4810222, "second.randoms.W": 4810222.0, "second.randoms.W2": 7505534.38385874, "second.randoms.num_per_cell": 0.05592058884992257, "second.data.ext": 1, "second.randoms.ext": 1}}, "attrs": {"poles": [0], "dk": 0.005, "kmin": 0.0, "kmax": null, "Nmesh": {"__dtype__": "<i8", "__shape__": [3], "__data__": [512, 512, 512]}, "BoxSize": {"__dtype__": "<f8", "__shape__": [3], "__data__": [3432.0, 7183.0, 3022.0]}, "BoxPad": {"__dtype__": "<f8", "__shape__": [3], "__data__": [0.1, 0.1, 0.1]}, "BoxCenter": {"__dtype__": "<f8", "__shape__": [3], "__data__": [-1750.0236936766103, 39.247228686394465, 1911.3161693487714]}, "mesh.resampler": "tsc", "mesh.interlaced": true, "alpha": 0.04995881686957483, "data.norm": 5.544693578820986, "randoms.norm": 5.54421992759754, "shotnoise": 63062.27572224752, "first.data.N": 240313, "first.data.W": 240313.0, "first.data.W2": 207062.02861295888, "first.data.num_per_cell": 0.001542732332743398, "first.randoms.N": 4810222, "first.randoms.W": 4810222.0, "first.randoms.W2": 4144546.7042638822, "first.randoms.num_per_cell": 0.03087927925783308, "first.data.ext": 1, "first.randoms.ext": 1, "second.data.N": 240313, "second.data.W": 240313.0, "second.data.W2": 374997.07157093287, "second.data.num_per_cell": 0.0027939459053496485, "second.randoms.N": 4810222, "second.randoms.W": 4810222.0, "second.randoms.W2": 7505534.38385874, "second.randoms.num_per_cell": 0.05592058884992257, "second.data.ext": 1, "second.randoms.ext": 1, "p": 0.0, "zmin": 0.8, "zmax": 2.2, "P0_FKP": 30000.0, "z-weighted": true, "hashkeys": ["Nmesh", "P0_FKP", "dk", "kmin", "mesh.window", "mesh.interlaced", "poles", "p", "BoxPad", "zmin", "zmax", "z-weighted"]}}