{"poles": {"dims": ["k"], "edges": [{"__dtype__": "<f8", "__shape__": [57], "__data__": [0.0, 0.005, 0.01, 0.015, 0.02, 0.025, 0.03, 0.035, 0.04, 0.045, 0.05, 0.055, 0.06, 0.065, 0.07, 0.075, 0.08, 0.085, 0.09, 0.095, 0.1, 0.105, 0.11, 0.115, 0.12, 0.125, 0.13, 0.135, 0.14, 0.145, 0.15, 0.155, 0.16, 0.165, 0.17, 0.17500000000000002, 0.18, 0.185, 0.19, 0.195, 0.2, 0.20500000000000002, 0.21, 0.215, 0.22, 0.225, 0.23, 0.23500000000000001, 0.24, 0.245, 0.25, 0.255, 0.26, 0.265, 0.27, 0.275, 0.28]}], "coords": [{"__dtype__": "<f8", "__shape__": [56], "__data__": [0.0025, 0.0075, 0.0125, 0.0175, 0.0225, 0.0275, 0.0325, 0.037500000000000006, 0.042499999999999996, 0.0475, 0.052500000000000005, 0.057499999999999996, 0.0625, 0.0675, 0.07250000000000001, 0.0775, 0.0825, 0.0875, 0.0925, 0.0975, 0.10250000000000001, 0.1075, 0.1125, 0.1175, 0.1225, 0.1275, 0.1325, 0.1375, 0.14250000000000002, 0.1475, 0.1525, 0.1575, 0.1625, 0.1675, 0.17250000000000001, 0.1775, 0.1825, 0.1875, 0.1925, 0.1975, 0.2025, 0.20750000000000002, 0.2125, 0.2175, 0.2225, 0.2275, 0.2325, 0.2375, 0.2425, 0.2475, 0.2525, 0.2575, 0.2625, 0.2675, 0.2725, 0.2775]}], "data": {"__dtype__": [["k", "<f8"], ["power_0", "<c8"], ["modes", "<i8"]], "__shape__": [56], "__data__": [[0.0038196482610916146, {"__complex__": [80816.6875, 1.4407836631657317e-13]}, 101], [0.008109264379857175, {"__complex__": [88127.375, -2.214421815404169e-13]}, 690], [0.01289382834868181, {"__complex__": [103205.25, -7.094649710380138e-14]}, 1846], [0.017781641699901436, {"__complex__": [104023.375, -9.760927146846426e-14]}, 3578], [0.02269610006804746, {"__complex__": [107324.703125, 4.9818263968585356e-15]}, 5842], [0.027645305626688443, {"__complex__": [102492.46875, 3.232653809350991e-14]}, 8778], [0.032623780396188524, {"__complex__": [100928.3671875, -2.067370255022516e-14]}, 12274], [0.03761116658133275, {"__complex__": [95223.3828125, -5.3486577315895335e-15]}, 16324], [0.042609436283664696, {"__complex__": [94237.8984375, -5.537785365634842e-15]}, 21022], [0.04760219756537591, {"__complex__": [90841.96875, 1.2516938745525067e-14]}, 26158], [0.0525818256136928, {"__complex__": [89591.828125, 1.0289694833356565e-15]}, 31820], [0.05756902525796392, {"__complex__": [88788.609375, 7.585443681667092e-16]}, 38368], [0.06256748854583181, {"__complex__": [86712.25, 4.1738348922090805e-15]}, 45324], [0.06756395670287475, {"__complex__": [86511.890625, -1.3787534329702143e-15]}, 52772], [0.0725578614033641, {"__complex__": [83386.1796875, 4.299787844432848e-15]}, 60918], [0.07755024834692421, {"__complex__": [83887.515625, 2.094403443883035e-16]}, 69480], [0.0825445777885858, {"__complex__": [81136.1640625, 1.3837178930740717e-15]}, 78874], [0.08754634421193891, {"__complex__": [80655.4609375, 8.351123984777064e-15]}, 88868], [0.09254671507477587, {"__complex__": [79280.4609375, -2.3860172735160057e-15]}, 99106], [0.09754380902550532, {"__complex__": [78192.296875, 1.1888819981180983e-15]}, 110160], [0.10254659420855647, {"__complex__": [78525.6171875, 1.7297577453235288e-15]}, 121984], [0.10754416312988027, {"__complex__": [77923.6328125, 2.967889309489426e-15]}, 133610], [0.11253596954764122, {"__complex__": [77933.28125, 5.957632704292723e-16]}, 146554], [0.11753512562120898, {"__complex__": [76712.71875, 2.886022304587877e-15]}, 160090], [0.12253282075508115, {"__complex__": [75727.0, 1.3408505085255973e-15]}, 173644], [0.12753132471500925, {"__complex__": [75385.4765625, -1.6207727688573965e-15]}, 188546], [0.1325300554464529, {"__complex__": [75316.234375, -2.1484338227038146e-16]}, 203198], [0.13752708994097906, {"__complex__": [75305.6796875, 2.192273945182872e-15]}, 219048], [0.14252725808844893, {"__complex__": [74420.859375, 4.946854524048774e-16]}, 235332], [0.14752881530143816, {"__complex__": [74675.4140625, -1.4134346675999496e-15]}, 252238], [0.15252908438297497, {"__complex__": [73994.703125, 1.4587898937936284e-15]}, 269334], [0.15752828337351843, {"__complex__": [73838.28125, 8.72999536345769e-16]}, 287538], [0.1625264272397079, {"__complex__": [73719.203125, 1.9996611940760857e-15]}, 305642], [0.1675229490916921, {"__complex__": [73521.875, 2.889026730451788e-15]}, 324884], [0.1725216731621811, {"__complex__": [72916.296875, -8.439954076961076e-17]}, 344834], [0.17752368975515617, {"__complex__": [72384.8828125, 3.824879764313411e-15]}, 365236], [0.18252523731739206, {"__complex__": [72627.671875, 9.52004999253697e-16]}, 385960], [0.18752457892659122, {"__complex__": [72434.7734375, 2.5282228821734516e-15]}, 407222], [0.1925211703579051, {"__complex__": [72491.8046875, 3.1389532247807074e-16]}, 428822], [0.19751867573008058, {"__complex__": [72689.0859375, 0.0]}, 452002], [0.20251904222738923, {"__complex__": [72838.0, -1.914564452546656e-16]}, 475040], [0.2075172228529347, {"__complex__": [72598.09375, 2.390151641331554e-15]}, 498478], [0.2125182203157761, {"__complex__": [72030.9609375, -1.4724890635286906e-15]}, 523774], [0.217520034669903, {"__complex__": [72245.1875, -9.031197632523359e-16]}, 547840], [0.22251984949192613, {"__complex__": [72108.1796875, 1.0715901695382431e-15]}, 573744], [0.22751910614527093, {"__complex__": [71510.046875, -4.613581470017689e-16]}, 599288], [0.23251741066018006, {"__complex__": [71815.5078125, 1.6732589536757724e-15]}, 626166], [0.23751919419282877, {"__complex__": [72054.6953125, -2.2249274888159988e-15]}, 654040], [0.24251929056229257, {"__complex__": [71670.2578125, -1.5389080932964525e-15]}, 680832], [0.24751690742122862, {"__complex__": [71643.1171875, 9.025461101888079e-16]}, 709420], [0.25251542589649634, {"__complex__": [71154.2890625, 3.38963844887213e-15]}, 738406], [0.25751554272919636, {"__complex__": [71379.40625, -5.491388712432514e-16]}, 768486], [0.26251744249213427, {"__complex__": [71499.6875, -2.464829454093282e-15]}, 798492], [0.2675173448306683, {"__complex__": [71717.5078125, -5.749822699804537e-16]}, 828852], [0.2725159516036161, {"__complex__": [71648.4375, 1.797867664612247e-16]}, 859986], [0.2775122925629255, {"__complex__": [71335.3828125, -8.558834886410421e-16]}, 890491]]}, "attrs": {"poles": [0], "dk": 0.005, "kmin": 0.0, "kmax": null, "Nmesh": {"__dtype__": "<i8", "__shape__": [3], "__data__": [512, 512, 512]}, "BoxSize": {"__dtype__": "<f8", "__shape__": [3], "__data__": [2663.0, 5790.0, 2966.0]}, "BoxPad": {"__dtype__": "<f8", "__shape__": [3], "__data__": [0.1, 0.1, 0.1]}, "BoxCenter": {"__dtype__": "<f8", "__shape__": [3], "__data__": [2584.0005500382085, 45.40132906031977, 890.8615957000094]}, "mesh.resampler": "tsc", "mesh.interlaced": true, "alpha": 0.04978054608745329, "data.norm": 1.8301615126298598, "randoms.norm": 1.8304218057788857, "shotnoise": 70264.60484848166, "first.data.N": 140118, "first.data.W": 140118.0, "first.data.W2": 124873.37021309095, "first.data.num_per_cell": 0.0009303791091821414, "first.randoms.N": 2814714, "first.randoms.W": 2814714.0, "first.randoms.W2": 2508450.7281604917, "first.randoms.num_per_cell": 0.018689414323572007, "first.data.ext": 1, "first.randoms.ext": 1, "second.data.N": 140118, "second.data.W": 140118.0, "second.data.W2": 131771.50824910402, "second.data.num_per_cell": 0.0009817742425881626, "second.randoms.N": 2814714, "second.randoms.W": 2814714.0, "second.randoms.W2": 2647202.3005253673, "second.randoms.num_per_cell": 0.019723194096426422, "second.data.ext": 1, "second.randoms.ext": 1}}, "attrs": {"poles": [0], "dk": 0.005, "kmin": 0.0, "kmax": null, "Nmesh": {"__dtype__": "<i8", "__shape__": [3], "__data__": [512, 512, 512]}, "BoxSize": {"__dtype__": "<f8", "__shape__": [3], "__data__": [2663.0, 5790.0, 2966.0]}, "BoxPad": {"__dtype__": "<f8", "__shape__": [3], "__data__": [0.1, 0.1, 0.1]}, "BoxCenter": {"__dtype__": "<f8", "__shape__": [3], "__data__": [2584.0005500382085, 45.40132906031977, 890.8615957000094]}, "mesh.resampler": "tsc", "mesh.interlaced": true, "alpha": 0.04978054608745329, "data.norm": 1.8301615126298598, "randoms.norm": 1.8304218057788857,