{"poles": {"dims": ["k"], "edges": [{"__dtype__": "<f8", "__shape__": [46], "__data__": [0.0, 0.005, 0.01, 0.015, 0.02, 0.025, 0.03, 0.035, 0.04, 0.045, 0.05, 0.055, 0.06, 0.065, 0.07, 0.075, 0.08, 0.085, 0.09, 0.095, 0.1, 0.105, 0.11, 0.115, 0.12, 0.125, 0.13, 0.135, 0.14, 0.145, 0.15, 0.155, 0.16, 0.165, 0.17, 0.17500000000000002, 0.18, 0.185, 0.19, 0.195, 0.2, 0.20500000000000002, 0.21, 0.215, 0.22, 0.225]}], "coords": [{"__dtype__": "<f8", "__shape__": [45], "__data__": [0.0025, 0.0075, 0.0125, 0.0175, 0.0225, 0.0275, 0.0325, 0.037500000000000006, 0.042499999999999996, 0.0475, 0.052500000000000005, 0.057499999999999996, 0.0625, 0.0675, 0.07250000000000001, 0.0775, 0.0825, 0.0875, 0.0925, 0.0975, 0.10250000000000001, 0.1075, 0.1125, 0.1175, 0.1225, 0.1275, 0.1325, 0.1375, 0.14250000000000002, 0.1475, 0.1525, 0.1575, 0.1625, 0.1675, 0.17250000000000001, 0.1775, 0.1825, 0.1875, 0.1925, 0.1975, 0.2025, 0.20750000000000002, 0.2125, 0.2175, 0.2225]}], "data": {"__dtype__": [["k", "<f8"], ["power_0", "<c8"], ["modes", "<i8"]], "__shape__": [45], "__data__": [[0.0038138375251564847, {"__complex__": [-70223.484375, 1.045646642189313e-12]}, 167], [0.008048683999768241, {"__complex__": [-90165.6171875, 1.3449090203055541e-13]}, 1082], [0.01281207898162587, {"__complex__": [-139100.8125, 1.2696301529644544e-13]}, 2980], [0.017720646491802286, {"__complex__": [-135362.4375, 1.0143761644456489e-13]}, 5810], [0.022668737536123536, {"__complex__": [-128252.2890625, 3.9576337134772724e-14]}, 9560], [0.027646509648269493, {"__complex__": [-131464.96875, -5.4683606818053954e-14]}, 14370], [0.03263553507097819, {"__complex__": [-129036.375, -7.283970044420947e-15]}, 19978], [0.03761825107500902, {"__complex__": [-119161.890625, 5.4813602658534966e-15]}, 26548], [0.04260201058154277, {"__complex__": [-112499.2890625, 3.8822172879855385e-14]}, 34110], [0.04758739090189626, {"__complex__": [-112161.953125, -6.84924944248399e-15]}, 42492], [0.05257341898161217, {"__complex__": [-109598.96875, 1.6780990058155019e-15]}, 52030], [0.05757335271475156, {"__complex__": [-104953.0, -7.447482131591864e-15]}, 62526], [0.06257197094973063, {"__complex__": [-103252.7265625, -9.481104899929874e-15]}, 73672], [0.06756432011725844, {"__complex__": [-103815.3046875, 2.691100584018523e-14]}, 85978], [0.07255541561241921, {"__complex__": [-99850.921875, -1.7647241124191335e-15]}, 98952], [0.07755421135665462, {"__complex__": [-98952.1796875, 1.7416095150248057e-14]}, 113634], [0.08255466748059741, {"__complex__": [-99883.125, -1.3839304559921852e-14]}, 128282], [0.08754974728778427, {"__complex__": [-96170.875, 4.836331123992191e-15]}, 144426], [0.09254454805475291, {"__complex__": [-95495.46875, -3.6090165411396455e-16]}, 161284], [0.09754236737197511, {"__complex__": [-94134.484375, 5.191087157027131e-15]}, 179408], [0.10254283093764513, {"__complex__": [-93079.15625, 4.109756849749293e-15]}, 198286], [0.10753483674030748, {"__complex__": [-92130.0625, -4.685831262836112e-16]}, 217386], [0.11253268878995841, {"__complex__": [-91264.1484375, 1.581597706805122e-15]}, 239220], [0.11753543888599761, {"__complex__": [-90578.546875, 1.0285540560266756e-14]}, 260322], [0.122532016920717, {"__complex__": [-90691.0703125, -1.3168781420414086e-14]}, 282888], [0.1275307853597669, {"__complex__": [-90142.28125, -3.794328979971843e-15]}, 306814], [0.13252976320692042, {"__complex__": [-89527.859375, -6.464625333662969e-15]}, 330898], [0.1375299473046612, {"__complex__": [-89738.8515625, -4.239070828707765e-15]}, 357012], [0.1425299848519816, {"__complex__": [-88259.7421875, -2.053078268103494e-15]}, 382744], [0.14752677263071104, {"__complex__": [-88166.2109375, -1.7737326254505382e-15]}, 410206], [0.15252683910523746, {"__complex__": [-87188.8203125, -1.4586325574236759e-15]}, 438962], [0.15752761980368818, {"__complex__": [-87134.515625, 4.541776687133929e-15]}, 467786], [0.16252595329592925, {"__complex__": [-86022.6640625, 7.013421685958174e-16]}, 497968], [0.16752642716562427, {"__complex__": [-85491.703125, 3.5175707053353936e-15]}, 529526], [0.17252740885539458, {"__complex__": [-85642.6484375, 1.3356044099667778e-15]}, 561112], [0.1775240522636178, {"__complex__": [-85935.15625, 1.0782245550976124e-15]}, 593832], [0.18252281226641526, {"__complex__": [-85833.3125, -3.1494243519537835e-15]}, 628388], [0.18752291591744458, {"__complex__": [-85028.796875, -3.073006521760158e-15]}, 662956], [0.19252286859441553, {"__complex__": [-84739.375, 1.0031583989053919e-14]}, 699194], [0.19752136090933237, {"__complex__": [-84902.0625, -2.0591080838967607e-15]}, 734978], [0.2025195752881345, {"__complex__": [-84761.796875, -3.4978394963455783e-15]}, 773808], [0.20751986245228074, {"__complex__": [-84813.078125, 9.32180722518802e-16]}, 811752], [0.21252040213955647, {"__complex__": [-84184.46875, 4.4394955529288406e-16]}, 852236], [0.2175181246009701, {"__complex__": [-84750.375, -9.14561484303847e-16]}, 891036], [0.2225155775512377, {"__complex__": [-84894.4609375, 9.038428117519358e-16]}, 933803]]}, "attrs": {"poles": [0], "dk": 0.005, "kmin": 0.0, "kmax": null, "Nmesh": {"__dtype__": "<i8", "__shape__": [3], "__data__": [512, 512, 512]}, "BoxSize": {"__dtype__": "<f8", "__shape__": [3], "__data__": [3427.0, 7189.0, 3022.0]}, "BoxPad": {"__dtype__": "<f8", "__shape__": [3], "__data__": [0.1, 0.1, 0.1]}, "BoxCenter": {"__dtype__": "<f8", "__shape__": [3], "__data__": [-1752.0666301511753, 34.90330069666152, 1911.4976416192048]}, "mesh.resampler": "tsc", "mesh.interlaced": true, "alpha": 0.04997896382214145, "data.norm": -1.4956919545415834, "randoms.norm": -1.4953738738438367, "shotnoise": 54328.14528326875, "first.data.N": 240318, "first.data.W": 240318.0, "first.data.W2": 206949.4409473883, "first.data.num_per_cell": 0.0015418934892668448, "first.randoms.N": 4808383, "first.randoms.W": 4808383.0, "first.randoms.W2": 4140792.8733929335, "first.randoms.num_per_cell": 0.030851311038381856, "first.data.ext": 1, "first.randoms.ext": 1, "second.data.N": 240318, "second.data.W": 240318.0, "second.data.W2": -98497.54909928086, "second.data.num_per_cell": -0.0007338639281636541, "second.randoms.N": 4808383, "second.randoms.W": 4808383.0, "second.randoms.W2": -1970234.9050930417, "second.randoms.num_per_cell": -0.014679393955268277, "second.data.ext": 1, "second.randoms.ext": 1}}, "attrs": {"poles": [0], "dk": 0.005, "kmin": 0.0, "kmax": null, "Nmesh": {"__dtype__": "<i8", "__shape__": [3], "__data__": [512, 512, 512]}, "BoxSize": {"__dtype__": "<f8", "__shape__": [3], "__data__": [3427.0, 7189.0, 3022.0]}, "BoxPad": {"__dtype__": "<f8", "__shape__": [3], "__data__": [0.1, 0.1, 0.1]}, "BoxCenter": {"__dtype__": "<f8", "__shape__": [3], "__data__": [-1752.0666301511753, 34.90330069666152, 1911.4976416192048]}, "mesh.resampler": "tsc", "mesh.interlaced": true, "alpha": 0.04997896382214145, "data.norm": -1.4956919545415834, "randoms.norm": -1.4953738738438367, "shotnoise": 54328.14528326875, "first.data.N": 240318, "first.data.W": 240318.0, "first.data.W2": 206949.4409473883, "first.data.num_per_cell": 0.0015418934892668448, "first.randoms.N": 4808383, "first.randoms.W": 4808383.0, "first.randoms.W2": 4140792.8733929335, "first.randoms.num_per_cell": 0.030851311038381856, "first.data.ext": 1, "first.randoms.ext": 1, "second.data.N": 240318, "second.data.W": 240318.0, "second.data.W2": -98497.54909928086, "second.data.num_per_cell": -0.0007338639281636541, "second.randoms.N": 4808383, "second.randoms.W": 4808383.0, "second.randoms.W2": -1970234.9050930417, "second.randoms.num_per_cell": -0.014679393955268277, "second.data.ext": 1, "second.randoms.ext": 1, "p": 3.0, "zmin": 0.8, "zmax": 2.2, "P0_FKP": 30000.0, "z-weighted": true, "hashkeys": ["Nmesh", "P0_FKP", "dk", "kmin", "mesh.window", "mesh.interlaced", "poles", "p", "BoxPad", "zmin", "zmax", "z-weighted"]}}