{"poles": {"dims": ["k"], "edges": [{"__dtype__": "<f8", "__shape__": [57], "__data__": [0.0, 0.005, 0.01, 0.015, 0.02, 0.025, 0.03, 0.035, 0.04, 0.045, 0.05, 0.055, 0.06, 0.065, 0.07, 0.075, 0.08, 0.085, 0.09, 0.095, 0.1, 0.105, 0.11, 0.115, 0.12, 0.125, 0.13, 0.135, 0.14, 0.145, 0.15, 0.155, 0.16, 0.165, 0.17, 0.17500000000000002, 0.18, 0.185, 0.19, 0.195, 0.2, 0.20500000000000002, 0.21, 0.215, 0.22, 0.225, 0.23, 0.23500000000000001, 0.24, 0.245, 0.25, 0.255, 0.26, 0.265, 0.27, 0.275, 0.28]}], "coords": [{"__dtype__": "<f8", "__shape__": [56], "__data__": [0.0025, 0.0075, 0.0125, 0.0175, 0.0225, 0.0275, 0.0325, 0.037500000000000006, 0.042499999999999996, 0.0475, 0.052500000000000005, 0.057499999999999996, 0.0625, 0.0675, 0.07250000000000001, 0.0775, 0.0825, 0.0875, 0.0925, 0.0975, 0.10250000000000001, 0.1075, 0.1125, 0.1175, 0.1225, 0.1275, 0.1325, 0.1375, 0.14250000000000002, 0.1475, 0.1525, 0.1575, 0.1625, 0.1675, 0.17250000000000001, 0.1775, 0.1825, 0.1875, 0.1925, 0.1975, 0.2025, 0.20750000000000002, 0.2125, 0.2175, 0.2225, 0.2275, 0.2325, 0.2375, 0.2425, 0.2475, 0.2525, 0.2575, 0.2625, 0.2675, 0.2725, 0.2775]}], "data": {"__dtype__": [["k", "<f8"], ["power_0", "<c8"], ["modes", "<i8"]], "__shape__": [56], "__data__": [[0.0038197019138639667, {"__complex__": [-63601.30859375, -7.203918315828658e-14]}, 101], [0.00811015778903148, {"__complex__": [-81861.09375, 1.687178635733158e-13]}, 690], [0.012895249950940404, {"__complex__": [-78679.0546875, 1.5765888621748284e-14]}, 1846], [0.0177832259409418, {"__complex__": [-83680.421875, 2.0335263759886126e-14]}, 3578], [0.022695144535115213, {"__complex__": [-76850.375, 9.04194288073399e-15]}, 5834], [0.02764242018200744, {"__complex__": [-81269.6015625, -5.970696620493168e-14]}, 8774], [0.03262117964931168, {"__complex__": [-76658.171875, -1.8975603084821734e-14]}, 12270], [0.0376122196786126, {"__complex__": [-70911.953125, 2.2264252548249812e-14]}, 16340], [0.04261162824207693, {"__complex__": [-67583.125, 1.6972385411158364e-14]}, 21006], [0.04759971980216423, {"__complex__": [-67844.34375, -9.194554500906692e-15]}, 26114], [0.052577634431222556, {"__complex__": [-64420.92578125, -1.0975674206569353e-14]}, 31820], [0.05756566812189357, {"__complex__": [-63461.2109375, 8.632041614701005e-15]}, 38352], [0.06256204006370192, {"__complex__": [-62283.5703125, 1.2858456712385607e-15]}, 45268], [0.06755970873673983, {"__complex__": [-62556.05859375, -2.7556271410117937e-16]}, 52808], [0.07255689282086897, {"__complex__": [-62327.515625, 5.852489022242389e-15]}, 60918], [0.07755262496739651, {"__complex__": [-60264.2265625, -7.115645963076678e-15]}, 69532], [0.08254570942152217, {"__complex__": [-59064.875, 6.7452109266715864e-15]}, 78744], [0.08754515182249901, {"__complex__": [-58262.35546875, -1.5063755906714882e-14]}, 88874], [0.09254655411210164, {"__complex__": [-58562.90234375, -5.287226243573442e-15]}, 99082], [0.09754488019879169, {"__complex__": [-56758.75, -5.283152544492741e-16]}, 110176], [0.10254857486433203, {"__complex__": [-56889.71484375, 6.443758253490885e-15]}, 121948], [0.10754357896146258, {"__complex__": [-56522.59375, -1.9629088580111953e-15]}, 133442], [0.11253667840833836, {"__complex__": [-56121.77734375, -4.56203983281462e-15]}, 146730], [0.11753868152484313, {"__complex__": [-55981.25390625, 1.6371109756187479e-15]}, 159998], [0.1225344755529383, {"__complex__": [-54594.8046875, 7.505223520573243e-15]}, 173532], [0.12753065749485729, {"__complex__": [-55257.94921875, 1.390325173579129e-15]}, 188398], [0.13252984340475452, {"__complex__": [-54801.54296875, -5.011828303850283e-15]}, 203246], [0.13752713236836048, {"__complex__": [-53449.49609375, 8.908386113742721e-15]}, 218890], [0.14252612932968087, {"__complex__": [-53607.609375, 2.47403712574641e-16]}, 235274], [0.1475282425784905, {"__complex__": [-53318.68359375, 2.308124282505178e-16]}, 252186], [0.1525290909073458, {"__complex__": [-53255.8984375, -1.4454113260291019e-15]}, 269310], [0.15752735805616513, {"__complex__": [-53871.36328125, -5.6729849530273106e-15]}, 287294], [0.16252478565863968, {"__complex__": [-53198.90625, 2.285596223663088e-15]}, 305606], [0.16752370698405766, {"__complex__": [-53081.671875, -2.4397788781947097e-15]}, 325062], [0.17252003534470578, {"__complex__": [-52993.25, 2.706483295263724e-15]}, 344108], [0.17752125598294366, {"__complex__": [-53173.42578125, -4.776000037653701e-16]}, 365626], [0.18252624444563598, {"__complex__": [-53283.66796875, -1.0181808246864784e-15]}, 385886], [0.18752487282342853, {"__complex__": [-52485.76171875, 1.001257212279456e-15]}, 406942], [0.1925212641656924, {"__complex__": [-52515.890625, -2.5789355917585138e-15]}, 428838], [0.19752072696968617, {"__complex__": [-52188.546875, -2.38187676471159e-15]}, 452098], [0.20252139788162507, {"__complex__": [-51632.6953125, 1.3333789367769855e-15]}, 474740], [0.2075190849964588, {"__complex__": [-52066.140625, 3.328220725141431e-15]}, 498440], [0.21251838303194923, {"__complex__": [-52138.88671875, -3.556951384635614e-15]}, 523152], [0.2175181512022268, {"__complex__": [-52028.59765625, 4.755944732682442e-15]}, 547692], [0.22251850942522333, {"__complex__": [-51772.3984375, -2.079946576706874e-15]}, 573696], [0.22751899166851963, {"__complex__": [-51723.21484375, -8.498702429298062e-16]}, 599288], [0.23251779068239972, {"__complex__": [-51681.66796875, -2.3249733030732828e-15]}, 625896], [0.23751983264157092, {"__complex__": [-51344.17578125, 6.229587455085293e-16]}, 654062], [0.24252035481357131, {"__complex__": [-51430.75390625, 1.6037548181558735e-15]}, 680524], [0.24751856236904288, {"__complex__": [-51317.37109375, 5.127438242634246e-16]}, 709512], [0.25251524697424804, {"__complex__": [-51535.8203125, -2.0721127924941928e-15]}, 737388], [0.25751340153717833, {"__complex__": [-51254.359375, -1.3066840581695558e-15]}, 768420], [0.26251477241356186, {"__complex__": [-51608.10546875, -1.1854252566603535e-15]}, 797920], [0.26751581124731005, {"__complex__": [-51332.7265625, -8.115200850890389e-16]}, 829340], [0.27251629660474475, {"__complex__": [-51303.73046875, 2.0569286681234753e-15]}, 859562], [0.2775122587038854, {"__complex__": [-51175.0, 3.2687746823537034e-15]}, 890359]]}, "attrs": {"poles": [0], "dk": 0.005, "kmin": 0.0, "kmax": null, "Nmesh": {"__dtype__": "<i8", "__shape__": [3], "__data__": [512, 512, 512]}, "BoxSize": {"__dtype__": "<f8", "__shape__": [3], "__data__": [2660.0, 5789.0, 2969.0]}, "BoxPad": {"__dtype__": "<f8", "__shape__": [3], "__data__": [0.1, 0.1, 0.1]}, "BoxCenter": {"__dtype__": "<f8", "__shape__": [3], "__data__": [2585.0345871173668, 46.52016104966356, 887.399004636932]}, "mesh.resampler": "tsc", "mesh.interlaced": true, "alpha": 0.049914952376524796, "data.norm": -0.8286063027402927, "randoms.norm": -0.8293384057200506, "shotnoise": 60668.53691905956, "first.data.N": 140652, "first.data.W": 140652.0, "first.data.W2": 125321.29888805587, "first.data.num_per_cell": 0.0009337164378766408, "first.randoms.N": 2817833, "first.randoms.W": 2817833.0, "first.randoms.W2": 2510453.622087315, "first.randoms.num_per_cell": 0.018704337046200895, "first.data.ext": 1, "first.randoms.ext": 1, "second.data.N": 140652, "second.data.W": 140652.0, "second.data.W2": -58628.720906555245, "second.data.num_per_cell": -0.0004368180104088429, "second.randoms.N": 2817833, "second.randoms.W": 2817833.0, "second.randoms.W2": -1175666.365179572, "second.randoms.num_per_cell": -0.008759397008862883, "second.data.ext": 1, "second.randoms.ext": 1}}, "attrs": {"poles": [0], "dk": 0.005, "kmin": 0.0, "kmax": null, "Nmesh": {"__dtype__": "<i8", "__shape__": [3], "__data__": [512, 512, 512]}, "BoxSize": {"__dtype__": "<f8", "__shape__": [3], "__data__": [2660.0, 5789.0, 2969.0]}, "BoxPad": {"__dtype__": "<f8", "__shape__": [3], "__data__": [0.1, 0.1, 0.1]}, "BoxCenter": {"__dtype__": "<f8", "__shape__": [3], "__data__": [2585.0345871173668, 46.52016104966356, 887.399004636932]}, "mesh.resampler": "tsc",