{"poles": {"dims": ["k"], "edges": [{"__dtype__": "<f8", "__shape__": [46], "__data__": [0.0, 0.005, 0.01, 0.015, 0.02, 0.025, 0.03, 0.035, 0.04, 0.045, 0.05, 0.055, 0.06, 0.065, 0.07, 0.075, 0.08, 0.085, 0.09, 0.095, 0.1, 0.105, 0.11, 0.115, 0.12, 0.125, 0.13, 0.135, 0.14, 0.145, 0.15, 0.155, 0.16, 0.165, 0.17, 0.17500000000000002, 0.18, 0.185, 0.19, 0.195, 0.2, 0.20500000000000002, 0.21, 0.215, 0.22, 0.225]}], "coords": [{"__dtype__": "<f8", "__shape__": [45], "__data__": [0.0025, 0.0075, 0.0125, 0.0175, 0.0225, 0.0275, 0.0325, 0.037500000000000006, 0.042499999999999996, 0.0475, 0.052500000000000005, 0.057499999999999996, 0.0625, 0.0675, 0.07250000000000001, 0.0775, 0.0825, 0.0875, 0.0925, 0.0975, 0.10250000000000001, 0.1075, 0.1125, 0.1175, 0.1225, 0.1275, 0.1325, 0.1375, 0.14250000000000002, 0.1475, 0.1525, 0.1575, 0.1625, 0.1675, 0.17250000000000001, 0.1775, 0.1825, 0.1875, 0.1925, 0.1975, 0.2025, 0.20750000000000002, 0.2125, 0.2175, 0.2225]}], "data": {"__dtype__": [["k", "<f8"], ["power_0", "<c8"], ["modes", "<i8"]], "__shape__": [45], "__data__": [[0.003812564306693957, {"__complex__": [75079.859375, -8.713722018244274e-14]}, 167], [0.008060479195414187, {"__complex__": [99527.203125, -2.0025571912524187e-13]}, 1090], [0.01281850140760434, {"__complex__": [104238.859375, 1.7603122735507237e-13]}, 2976], [0.017719996148951343, {"__complex__": [108076.015625, 1.138823735834238e-13]}, 5814], [0.02267256751645515, {"__complex__": [107528.6484375, -1.403892566163422e-14]}, 9588], [0.027650210689853436, {"__complex__": [97945.8828125, -3.670890445052e-15]}, 14370], [0.032630874091038715, {"__complex__": [90233.5234375, -3.829451539942921e-14]}, 19950], [0.037614257831117846, {"__complex__": [88471.9296875, -2.2412791634012115e-14]}, 26620], [0.042599060675948555, {"__complex__": [86813.3046875, -1.1203958903216807e-15]}, 34094], [0.04758661309952144, {"__complex__": [85613.3203125, -1.0202254351662082e-14]}, 42612], [0.05257355401429242, {"__complex__": [83265.484375, -6.784664027288797e-15]}, 52012], [0.05757056493504517, {"__complex__": [80788.3203125, 4.650362922840141e-15]}, 62584], [0.06257045929946367, {"__complex__": [79897.2578125, -1.0430437404355865e-14]}, 73768], [0.06755997245003172, {"__complex__": [77909.9140625, -4.487882098282506e-15]}, 85926], [0.07255165159743819, {"__complex__": [77755.7734375, 3.667909087601012e-17]}, 99184], [0.0775548729787202, {"__complex__": [76081.0078125, -4.891561483801434e-15]}, 113790], [0.08255418917272983, {"__complex__": [74347.171875, 3.573040351952236e-15]}, 128290], [0.08754601030026099, {"__complex__": [72783.75, 8.950554801988829e-15]}, 144494], [0.09254240223496354, {"__complex__": [72052.84375, 3.759916995940216e-15]}, 161584], [0.09754270064636036, {"__complex__": [70961.015625, 3.696803724007351e-15]}, 179596], [0.10254335140571232, {"__complex__": [70209.828125, 1.9795731724572396e-15]}, 198478], [0.10753569048036735, {"__complex__": [70715.921875, 3.811712637148343e-15]}, 217608], [0.11253129598007164, {"__complex__": [70236.0859375, 4.926749773529219e-15]}, 239246], [0.11753421198893674, {"__complex__": [69744.25, -1.6287437724075331e-15]}, 260774], [0.1225328056189643, {"__complex__": [68506.359375, 7.194759793262295e-16]}, 283160], [0.12753276599044694, {"__complex__": [68566.59375, -2.427071478161764e-15]}, 307278], [0.13253248913296792, {"__complex__": [68843.0625, -5.712871946271752e-16]}, 331138], [0.13752991494863748, {"__complex__": [68384.171875, 2.5470619537115713e-16]}, 357076], [0.1425304281465322, {"__complex__": [67954.1171875, -1.707704051401681e-16]}, 383460], [0.14752718400188933, {"__complex__": [67153.796875, -1.4100486533933005e-15]}, 410226], [0.15252554385729686, {"__complex__": [66955.28125, -1.8625058076084068e-15]}, 439486], [0.15752611929381488, {"__complex__": [66575.8046875, 1.2436365371692212e-16]}, 468044], [0.1625242599157373, {"__complex__": [66566.9609375, -2.91857841296229e-17]}, 498596], [0.16752426924848537, {"__complex__": [66217.1875, -3.5023353884109266e-16]}, 529752], [0.17252580911034873, {"__complex__": [65723.2890625, 6.149258026741248e-16]}, 562032], [0.17752325230528915, {"__complex__": [66108.8828125, -2.02054150913797e-16]}, 594164], [0.18252191087414585, {"__complex__": [65502.79296875, 4.741212923905559e-16]}, 629194], [0.18752283875513662, {"__complex__": [65408.72265625, -9.593912324328728e-16]}, 663594], [0.19252245948327706, {"__complex__": [65326.71875, -1.3984987238827777e-15]}, 699762], [0.1975228158908768, {"__complex__": [65135.046875, -2.0405385805941046e-15]}, 736318], [0.20252108398729138, {"__complex__": [64989.265625, 6.815863427109725e-16]}, 773940], [0.20752106595499842, {"__complex__": [65118.87890625, -6.8459765071758e-16]}, 813048], [0.21252248493398143, {"__complex__": [65076.42578125, -6.056984904445324e-16]}, 852888], [0.2175200749156474, {"__complex__": [64764.87109375, -1.7945952057600893e-16]}, 891962], [0.22251648598805399, {"__complex__": [64165.7578125, -1.9702109172912378e-15]}, 934325]]}, "attrs": {"poles": [0], "dk": 0.005, "kmin": 0.0, "kmax": null, "Nmesh": {"__dtype__": "<i8", "__shape__": [3], "__data__": [512, 512, 512]}, "BoxSize": {"__dtype__": "<f8", "__shape__": [3], "__data__": [3428.0, 7189.0, 3024.0]}, "BoxPad": {"__dtype__": "<f8", "__shape__": [3], "__data__": [0.1, 0.1, 0.1]}, "BoxCenter": {"__dtype__": "<f8", "__shape__": [3], "__data__": [-1751.0750340311183, 35.850457360116934, 1911.467816770827]}, "mesh.resampler": "tsc", "mesh.interlaced": true, "alpha": 0.04976537144496677, "data.norm": 5.5207032293483715, "randoms.norm": 5.520563983905115, "shotnoise": 62952.26783714031, "first.data.N": 239358, "first.data.W": 239358.0, "first.data.W2": 206120.76505359536, "first.data.num_per_cell": 0.0015357193727314126, "first.randoms.N": 4809730, "first.randoms.W": 4809730.0, "first.randoms.W2": 4141811.130963682, "first.randoms.num_per_cell": 0.030858897648481147, "first.data.ext": 1, "first.randoms.ext": 1, "second.data.N": 239358, "second.data.W": 239358.0, "second.data.W2": 373106.39083248377, "second.data.num_per_cell": 0.002779859236124782, "second.randoms.N": 4809730, "second.randoms.W": 4809730.0, "second.randoms.W2": 7497016.407351732, "second.randoms.num_per_cell": 0.0558571249794344, "second.data.ext": 1, "second.randoms.ext": 1}}, "attrs": {"poles": [0], "dk": 0.005, "kmin": 0.0, "kmax": null, "Nmesh": {"__dtype__": "<i8", "__shape__": [3], "__data__": [512, 512, 512]}, "BoxSize": {"__dtype__": "<f8", "__shape__": [3], "__data__": [3428.0, 7189.0, 3024.0]}, "BoxPad": {"__dtype__": "<f8", "__shape__": [3], "__data__": [0.1, 0.1, 0.1]}, "BoxCenter": {"__dtype__": "<f8", "__shape__": [3], "__data__": [-1751.0750340311183, 35.850457360116934, 1911.467816770827]}, "mesh.resampler": "tsc", "mesh.interlaced": true, "alpha": 0.04976537144496677, "data.norm": 5.5207032293483715, "randoms.norm": 5.520563983905115, "shotnoise": 62952.26783714031, "first.data.N": 239358, "first.data.W": 239358.0, "first.data.W2": 206120.76505359536, "first.data.num_per_cell": 0.0015357193727314126, "first.randoms.N": 4809730, "first.randoms.W": 4809730.0, "first.randoms.W2": 4141811.130963682, "first.randoms.num_per_cell": 0.030858897648481147, "first.data.ext": 1, "first.randoms.ext": 1, "second.data.N": 239358, "second.data.W": 239358.0, "second.data.W2": 373106.39083248377, "second.data.num_per_cell": 0.002779859236124782, "second.randoms.N": 4809730, "second.randoms.W": 4809730.0, "second.randoms.W2": 7497016.407351732, "second.randoms.num_per_cell": 0.0558571249794344, "second.data.ext": 1, "second.randoms.ext": 1, "p": 0.0, "zmin": 0.8, "zmax": 2.2, "P0_FKP": 30000.0, "z-weighted": true, "hashkeys": ["Nmesh", "P0_FKP", "dk", "kmin", "mesh.window", "mesh.interlaced", "poles", "p", "BoxPad", "zmin", "zmax", "z-weighted"]}}