{"poles": {"dims": ["k"], "edges": [{"__dtype__": "<f8", "__shape__": [57], "__data__": [0.0, 0.005, 0.01, 0.015, 0.02, 0.025, 0.03, 0.035, 0.04, 0.045, 0.05, 0.055, 0.06, 0.065, 0.07, 0.075, 0.08, 0.085, 0.09, 0.095, 0.1, 0.105, 0.11, 0.115, 0.12, 0.125, 0.13, 0.135, 0.14, 0.145, 0.15, 0.155, 0.16, 0.165, 0.17, 0.17500000000000002, 0.18, 0.185, 0.19, 0.195, 0.2, 0.20500000000000002, 0.21, 0.215, 0.22, 0.225, 0.23, 0.23500000000000001, 0.24, 0.245, 0.25, 0.255, 0.26, 0.265, 0.27, 0.275, 0.28]}], "coords": [{"__dtype__": "<f8", "__shape__": [56], "__data__": [0.0025, 0.0075, 0.0125, 0.0175, 0.0225, 0.0275, 0.0325, 0.037500000000000006, 0.042499999999999996, 0.0475, 0.052500000000000005, 0.057499999999999996, 0.0625, 0.0675, 0.07250000000000001, 0.0775, 0.0825, 0.0875, 0.0925, 0.0975, 0.10250000000000001, 0.1075, 0.1125, 0.1175, 0.1225, 0.1275, 0.1325, 0.1375, 0.14250000000000002, 0.1475, 0.1525, 0.1575, 0.1625, 0.1675, 0.17250000000000001, 0.1775, 0.1825, 0.1875, 0.1925, 0.1975, 0.2025, 0.20750000000000002, 0.2125, 0.2175, 0.2225, 0.2275, 0.2325, 0.2375, 0.2425, 0.2475, 0.2525, 0.2575, 0.2625, 0.2675, 0.2725, 0.2775]}], "data": {"__dtype__": [["k", "<f8"], ["power_0", "<c8"], ["modes", "<i8"]], "__shape__": [56], "__data__": [[0.0038155295877252294, {"__complex__": [80391.84375, -5.763134652662927e-13]}, 101], [0.008099739370955358, {"__complex__": [110154.3515625, 8.43589317866579e-14]}, 690], [0.012878755013883256, {"__complex__": [117141.859375, 3.153177724349657e-14]}, 1846], [0.017771123328594703, {"__complex__": [114509.609375, -8.097894167832971e-15]}, 3594], [0.022688156297602912, {"__complex__": [111493.84375, 6.960260140595129e-14]}, 5854], [0.02764847794781743, {"__complex__": [114918.2265625, 1.3154273440093515e-14]}, 8850], [0.03262602630545458, {"__complex__": [101125.7421875, 1.7789627362624783e-15]}, 12270], [0.03760525632217998, {"__complex__": [98162.2578125, -6.21876724445883e-15]}, 16380], [0.04261067385459921, {"__complex__": [95878.421875, 4.0766005073586756e-14]}, 21150], [0.0475968906522863, {"__complex__": [93049.4453125, 2.8972341832491505e-14]}, 26118], [0.05257605723599764, {"__complex__": [88554.984375, 1.7706373341272105e-14]}, 32052], [0.057573167502914704, {"__complex__": [90563.171875, 1.209007395065742e-14]}, 38516], [0.06257102114859137, {"__complex__": [88294.0625, -6.400948043666351e-16]}, 45468], [0.0675662712397985, {"__complex__": [87984.21875, -1.889484357549872e-14]}, 52948], [0.07255392105613541, {"__complex__": [87546.640625, -1.2168349959379085e-14]}, 60990], [0.07754428557884764, {"__complex__": [85412.2734375, -1.7096353765186714e-14]}, 69796], [0.08254241357836847, {"__complex__": [83360.8125, 1.4519935343589203e-14]}, 79174], [0.08754652383927172, {"__complex__": [83244.609375, -2.935300563876764e-15]}, 89236], [0.09255033616472771, {"__complex__": [81752.2734375, 2.0470531109914375e-15]}, 99522], [0.0975451776876404, {"__complex__": [81615.4140625, -6.130314134875905e-15]}, 110380], [0.10254267252621557, {"__complex__": [81309.6328125, -3.0630727311129965e-15]}, 122332], [0.10753983026843031, {"__complex__": [79100.2109375, 1.7362722757208616e-15]}, 134098], [0.11253616554632505, {"__complex__": [78866.984375, 4.446138620575919e-15]}, 147282], [0.11753636920704379, {"__complex__": [78696.96875, -9.792065094427031e-15]}, 160498], [0.12253577216147124, {"__complex__": [79345.671875, -2.000973883386093e-15]}, 174538], [0.12753889593241735, {"__complex__": [79228.75, 1.0955220266717293e-15]}, 189284], [0.13253466084416995, {"__complex__": [78347.828125, -1.965489767401479e-15]}, 203602], [0.13752684937274143, {"__complex__": [77801.6328125, -7.153031456269641e-15]}, 219712], [0.14252597208022894, {"__complex__": [76919.515625, -3.6970076471894023e-16]}, 236168], [0.1475262819216855, {"__complex__": [77074.8671875, 1.2655740552283972e-15]}, 252962], [0.15252725736198408, {"__complex__": [76576.671875, 2.6899969106761624e-16]}, 270482], [0.15752639044514183, {"__complex__": [76008.703125, -5.047735618671169e-16]}, 288286], [0.1625215282976019, {"__complex__": [76146.484375, 1.2579292652420719e-15]}, 306556], [0.167521153785621, {"__complex__": [75613.1484375, 2.807202712472312e-15]}, 326578], [0.17252443801030917, {"__complex__": [75231.1015625, -3.2376273750590314e-15]}, 346086], [0.17752687056487323, {"__complex__": [75238.8984375, -4.3273117565374025e-15]}, 366546], [0.18252745503813714, {"__complex__": [74939.015625, -6.014150977698266e-16]}, 387138], [0.18752390687770315, {"__complex__": [75189.390625, 2.1740021739611757e-15]}, 408310], [0.19251992138512916, {"__complex__": [75222.921875, -4.427965105176105e-15]}, 430514], [0.19751764955275314, {"__complex__": [74934.0234375, 5.455997558313861e-16]}, 453414], [0.20251972793006703, {"__complex__": [74818.53125, -2.1041028975713827e-15]}, 477202], [0.20752150236009492, {"__complex__": [74717.734375, -1.962797023192378e-16]}, 500436], [0.21252059605683615, {"__complex__": [74317.9765625, -7.760577802028168e-16]}, 525030], [0.21751914476664896, {"__complex__": [74056.5, -2.435874691582578e-15]}, 549608], [0.22251704222558427, {"__complex__": [74199.5, 5.563896320904258e-16]}, 575392], [0.2275179077951554, {"__complex__": [74148.3203125, -1.981864820096036e-15]}, 602088], [0.23251857345687368, {"__complex__": [74141.8203125, 5.559400164141114e-16]}, 628208], [0.23751807367875272, {"__complex__": [73588.5390625, -5.768776120790536e-16]}, 655858], [0.2425186059644861, {"__complex__": [73694.828125, -1.362104470996339e-15]}, 683738], [0.24751595489950193, {"__complex__": [73495.3046875, 1.0229155668080626e-16]}, 711296], [0.25251529310711446, {"__complex__": [73565.2578125, -6.86560967210197e-16]}, 741838], [0.25751690917633197, {"__complex__": [73586.515625, -1.7582780858114099e-15]}, 770724], [0.2625170621105268, {"__complex__": [73542.8671875, -1.732262739385915e-15]}, 801200], [0.2675175068525342, {"__complex__": [73585.421875, 1.784086015043946e-15]}, 831964], [0.2725160317474908, {"__complex__": [73351.78125, 2.344792179973139e-15]}, 862642], [0.2775103823659096, {"__complex__": [73577.6484375, 2.883751621014525e-15]}, 893173]]}, "attrs": {"poles": [0], "dk": 0.005, "kmin": 0.0, "kmax": null, "Nmesh": {"__dtype__": "<i8", "__shape__": [3], "__data__": [512, 512, 512]}, "BoxSize": {"__dtype__": "<f8", "__shape__": [3], "__data__": [2670.0, 5791.0, 2968.0]}, "BoxPad": {"__dtype__": "<f8", "__shape__": [3], "__data__": [0.1, 0.1, 0.1]}, "BoxCenter": {"__dtype__": "<f8", "__shape__": [3], "__data__": [2580.7015962242303, 46.3595894404134, 889.9957203534747]}, "mesh.resampler": "tsc", "mesh.interlaced": true, "alpha": 0.04996408936526621, "data.norm": 1.0373027276966105, "randoms.norm": 1.0372150802730853, "shotnoise": 72478.92553282512, "first.data.N": 140665, "first.data.W": 140665.0, "first.data.W2": 125321.88028749627, "first.data.num_per_cell": 0.0009337207696400305, "first.randoms.N": 2815322, "first.randoms.W": 2815322.0, "first.randoms.W2": 2508195.9132290995, "first.randoms.num_per_cell": 0.01868751580438837, "first.data.ext": 1, "first.randoms.ext": 1, "second.data.N": 140665, "second.data.W": 140665.0, "second.data.W2": 74938.08952200132, "second.data.num_per_cell": 0.0005583322757631639, "second.randoms.N": 2815322, "second.randoms.W": 2815322.0, "second.randoms.W2": 1499786.7860622942, "second.randoms.num_per_cell": 0.011174282327758477, "second.data.ext": 1, "second.randoms.ext": 1}}, "attrs": {"poles": [0], "dk": 0.005, "kmin": 0.0, "kmax": null, "Nmesh": {"__dtype__": "<i8", "__shape__": [3], "__data__": [512, 512, 512]}, "BoxSize": {"__dtype__": "<f8", "__shape__": [3], "__data__": [2670.0, 5791.0, 2968.0]}, "BoxPad": {"__dtype__": "<f8", "__shape__": [3], "__data__": [0.1, 0.1, 0.1]}, "BoxCenter": {"__dtype__": "<f8", "__shape__": [3], "__data__": [2580.7015962242303, 46.3595894404134, 889.9957203534747]}, "mesh.resampler": "tsc", "mesh.interlaced": true, "alpha": 0.04996408936526621, "data.norm": 1.0373027276966105,