{"poles": {"dims": ["k"], "edges": [{"__dtype__": "<f8", "__shape__": [46], "__data__": [0.0, 0.005, 0.01, 0.015, 0.02, 0.025, 0.03, 0.035, 0.04, 0.045, 0.05, 0.055, 0.06, 0.065, 0.07, 0.075, 0.08, 0.085, 0.09, 0.095, 0.1, 0.105, 0.11, 0.115, 0.12, 0.125, 0.13, 0.135, 0.14, 0.145, 0.15, 0.155, 0.16, 0.165, 0.17, 0.17500000000000002, 0.18, 0.185, 0.19, 0.195, 0.2, 0.20500000000000002, 0.21, 0.215, 0.22, 0.225]}], "coords": [{"__dtype__": "<f8", "__shape__": [45], "__data__": [0.0025, 0.0075, 0.0125, 0.0175, 0.0225, 0.0275, 0.0325, 0.037500000000000006, 0.042499999999999996, 0.0475, 0.052500000000000005, 0.057499999999999996, 0.0625, 0.0675, 0.07250000000000001, 0.0775, 0.0825, 0.0875, 0.0925, 0.0975, 0.10250000000000001, 0.1075, 0.1125, 0.1175, 0.1225, 0.1275, 0.1325, 0.1375, 0.14250000000000002, 0.1475, 0.1525, 0.1575, 0.1625, 0.1675, 0.17250000000000001, 0.1775, 0.1825, 0.1875, 0.1925, 0.1975, 0.2025, 0.20750000000000002, 0.2125, 0.2175, 0.2225]}], "data": {"__dtype__": [["k", "<f8"], ["power_0", "<c8"], ["modes", "<i8"]], "__shape__": [45], "__data__": [[0.0038137692967414225, {"__complex__": [92820.6796875, -6.970977614595419e-13]}, 167], [0.008048373790236828, {"__complex__": [90803.0078125, 2.6898180067297904e-14]}, 1082], [0.01281167312464108, {"__complex__": [98827.8671875, -7.813109154878456e-14]}, 2980], [0.017720081671357808, {"__complex__": [109983.125, -1.0018530364303783e-14]}, 5810], [0.022667920725301577, {"__complex__": [106129.0625, 3.0443338212208897e-15]}, 9560], [0.02764562546619341, {"__complex__": [105008.4453125, 6.075956219002334e-15]}, 14370], [0.0326353959571374, {"__complex__": [97270.84375, 2.3299374243639613e-14]}, 19986], [0.037617790131670006, {"__complex__": [94737.21875, 1.0966025230750706e-15]}, 26540], [0.042602008302187015, {"__complex__": [90833.890625, -8.527345377805058e-16]}, 34130], [0.047585379740535914, {"__complex__": [87535.0625, -2.485660747123344e-15]}, 42444], [0.052569883030986926, {"__complex__": [86040.2578125, 8.177903205964718e-15]}, 52048], [0.057571144648440695, {"__complex__": [83486.4296875, 5.118997876952212e-15]}, 62540], [0.06257227012713101, {"__complex__": [82409.65625, 1.0953011840065564e-14]}, 73736], [0.06756423552602656, {"__complex__": [81166.6953125, -7.494962563450204e-15]}, 85914], [0.0725540596136079, {"__complex__": [82519.8125, 7.938370758810674e-15]}, 98988], [0.07755504382596935, {"__complex__": [81723.0390625, 4.735035300862996e-15]}, 113710], [0.08255670603415775, {"__complex__": [79133.390625, -2.9489922161944192e-15]}, 128298], [0.08754942547149165, {"__complex__": [78387.84375, 2.0924441243271377e-15]}, 144306], [0.09254297447540791, {"__complex__": [76438.8046875, 5.4109747925519796e-15]}, 161360], [0.09754098897510692, {"__complex__": [75514.0625, -3.2451531569162675e-16]}, 179368], [0.10254134555381972, {"__complex__": [74707.640625, 2.7879761233608235e-15]}, 198342], [0.10753490898584235, {"__complex__": [73884.71875, 0.0]}, 217496], [0.11253232241642994, {"__complex__": [74061.359375, -2.1908752820287182e-15]}, 239114], [0.11753517000142708, {"__complex__": [73820.6640625, -5.691106799417343e-15]}, 260490], [0.12253137124281788, {"__complex__": [73236.015625, -2.367638140868245e-15]}, 282724], [0.12753044010476586, {"__complex__": [72900.6328125, -3.885995309040177e-15]}, 307066], [0.1325310413661586, {"__complex__": [72312.46875, 1.6269931670637953e-15]}, 330930], [0.1375299644154823, {"__complex__": [72045.9375, 2.6096824642273713e-15]}, 356872], [0.1425288295949825, {"__complex__": [71512.0546875, -1.2545410275739363e-15]}, 382780], [0.1475263449817513, {"__complex__": [71255.1953125, 3.546116668569929e-16]}, 410362], [0.15252743160529078, {"__complex__": [70797.484375, -7.954365705470151e-16]}, 439062], [0.15752812784935127, {"__complex__": [70950.2578125, -3.4842219594108078e-15]}, 467770], [0.16252569159366195, {"__complex__": [69861.859375, 2.7179521213695473e-15]}, 497922], [0.16752471744205363, {"__complex__": [69962.203125, 2.831347174875559e-15]}, 529376], [0.1725255667023273, {"__complex__": [70053.8984375, -2.3202222952721334e-15]}, 561324], [0.17752306202106752, {"__complex__": [69642.515625, 5.635566425549405e-16]}, 593896], [0.18252294800440322, {"__complex__": [69448.625, 6.017625930364377e-16]}, 628736], [0.18752344568622226, {"__complex__": [69034.203125, 3.644411348087883e-15]}, 662828], [0.19252326701201805, {"__complex__": [68752.21875, 4.161030824541029e-17]}, 699438], [0.197522389315142, {"__complex__": [69071.6484375, -1.0690301183342854e-15]}, 735062], [0.20252061201876473, {"__complex__": [68690.140625, 1.4666843467411568e-15]}, 773888], [0.2075205727520228, {"__complex__": [68622.796875, 3.674879970233568e-15]}, 811766], [0.21252086920497396, {"__complex__": [68264.7578125, -3.2440488377112847e-16]}, 852288], [0.21751859671803397, {"__complex__": [68942.8515625, -7.837902380991829e-16]}, 891172], [0.22251502618399882, {"__complex__": [68827.4375, -1.9953883363736614e-15]}, 933475]]}, "attrs": {"poles": [0], "dk": 0.005, "kmin": 0.0, "kmax": null, "Nmesh": {"__dtype__": "<i8", "__shape__": [3], "__data__": [512, 512, 512]}, "BoxSize": {"__dtype__": "<f8", "__shape__": [3], "__data__": [3428.0, 7190.0, 3021.0]}, "BoxPad": {"__dtype__": "<f8", "__shape__": [3], "__data__": [0.1, 0.1, 0.1]}, "BoxCenter": {"__dtype__": "<f8", "__shape__": [3], "__data__": [-1751.2835318624361, 34.81375966040491, 1912.3737014488959]}, "mesh.resampler": "tsc", "mesh.interlaced": true, "alpha": 0.04983910353194118, "data.norm": 1.7938973813572505, "randoms.norm": 1.7936666234197753, "shotnoise": 66946.40618605219, "first.data.N": 239552, "first.data.W": 239552.0, "first.data.W2": 206521.26107474067, "first.data.num_per_cell": 0.0015387033006157031, "first.randoms.N": 4806507, "first.randoms.W": 4806507.0, "first.randoms.W2": 4143680.054026731, "first.randoms.num_per_cell": 0.03087282221039184, "first.data.ext": 1, "first.randoms.ext": 1, "second.data.N": 239552, "second.data.W": 239552.0, "second.data.W2": 122728.8205117867, "second.data.num_per_cell": 0.0009144009687884651, "second.randoms.N": 4806507, "second.randoms.W": 4806507.0, "second.randoms.W2": 2462124.5775139597, "second.randoms.num_per_cell": 0.018344257604434786, "second.data.ext": 1, "second.randoms.ext": 1}}, "attrs": {"poles": [0], "dk": 0.005, "kmin": 0.0, "kmax": null, "Nmesh": {"__dtype__": "<i8", "__shape__": [3], "__data__": [512, 512, 512]}, "BoxSize": {"__dtype__": "<f8", "__shape__": [3], "__data__": [3428.0, 7190.0, 3021.0]}, "BoxPad": {"__dtype__": "<f8", "__shape__": [3], "__data__": [0.1, 0.1, 0.1]}, "BoxCenter": {"__dtype__": "<f8", "__shape__": [3], "__data__": [-1751.2835318624361, 34.81375966040491, 1912.3737014488959]}, "mesh.resampler": "tsc", "mesh.interlaced": true, "alpha": 0.04983910353194118, "data.norm": 1.7938973813572505, "randoms.norm": 1.7936666234197753, "shotnoise": 66946.40618605219, "first.data.N": 239552, "first.data.W": 239552.0, "first.data.W2": 206521.26107474067, "first.data.num_per_cell": 0.0015387033006157031, "first.randoms.N": 4806507, "first.randoms.W": 4806507.0, "first.randoms.W2": 4143680.054026731, "first.randoms.num_per_cell": 0.03087282221039184, "first.data.ext": 1, "first.randoms.ext": 1, "second.data.N": 239552, "second.data.W": 239552.0, "second.data.W2": 122728.8205117867, "second.data.num_per_cell": 0.0009144009687884651, "second.randoms.N": 4806507, "second.randoms.W": 4806507.0, "second.randoms.W2": 2462124.5775139597, "second.randoms.num_per_cell": 0.018344257604434786, "second.data.ext": 1, "second.randoms.ext": 1, "p": 1.6, "zmin": 0.8, "zmax": 2.2, "P0_FKP": 30000.0, "z-weighted": true, "hashkeys": ["Nmesh", "P0_FKP", "dk", "kmin", "mesh.window", "mesh.interlaced", "poles", "p", "BoxPad", "zmin", "zmax", "z-weighted"]}}