{"poles": {"dims": ["k"], "edges": [{"__dtype__": "<f8", "__shape__": [46], "__data__": [0.0, 0.005, 0.01, 0.015, 0.02, 0.025, 0.03, 0.035, 0.04, 0.045, 0.05, 0.055, 0.06, 0.065, 0.07, 0.075, 0.08, 0.085, 0.09, 0.095, 0.1, 0.105, 0.11, 0.115, 0.12, 0.125, 0.13, 0.135, 0.14, 0.145, 0.15, 0.155, 0.16, 0.165, 0.17, 0.17500000000000002, 0.18, 0.185, 0.19, 0.195, 0.2, 0.20500000000000002, 0.21, 0.215, 0.22, 0.225]}], "coords": [{"__dtype__": "<f8", "__shape__": [45], "__data__": [0.0025, 0.0075, 0.0125, 0.0175, 0.0225, 0.0275, 0.0325, 0.037500000000000006, 0.042499999999999996, 0.0475, 0.052500000000000005, 0.057499999999999996, 0.0625, 0.0675, 0.07250000000000001, 0.0775, 0.0825, 0.0875, 0.0925, 0.0975, 0.10250000000000001, 0.1075, 0.1125, 0.1175, 0.1225, 0.1275, 0.1325, 0.1375, 0.14250000000000002, 0.1475, 0.1525, 0.1575, 0.1625, 0.1675, 0.17250000000000001, 0.1775, 0.1825, 0.1875, 0.1925, 0.1975, 0.2025, 0.20750000000000002, 0.2125, 0.2175, 0.2225]}], "data": {"__dtype__": [["k", "<f8"], ["power_0", "<c8"], ["modes", "<i8"]], "__shape__": [45], "__data__": [[0.0038139649193807894, {"__complex__": [63935.19921875, 3.4854888072977097e-13]}, 167], [0.0080487021573209, {"__complex__": [113929.6796875, 2.6898180067297904e-14]}, 1082], [0.012812333176820267, {"__complex__": [106416.96875, 5.859831527345663e-14]}, 2980], [0.01771935010471943, {"__complex__": [107469.8984375, -1.6291328569918544e-14]}, 5806], [0.022670633920514223, {"__complex__": [101167.859375, 7.598117623898622e-15]}, 9576], [0.02765244170907869, {"__complex__": [100966.2421875, -2.4669837976913286e-14]}, 14378], [0.03263199141194072, {"__complex__": [96374.2734375, 9.139731987461552e-15]}, 19902], [0.03761180334992029, {"__complex__": [94358.5703125, 3.5301585466678345e-14]}, 26588], [0.04260273830722815, {"__complex__": [89147.515625, 3.0684059893620885e-14]}, 34146], [0.04758680594774695, {"__complex__": [87013.2578125, 0.0]}, 42432], [0.052572687781784276, {"__complex__": [83189.7734375, 4.470977861754152e-15]}, 52076], [0.05757339347878311, {"__complex__": [82253.4921875, 2.7939678226714636e-15]}, 62500], [0.06257102338865918, {"__complex__": [81808.359375, -4.7413245204963594e-15]}, 73660], [0.06756274290665064, {"__complex__": [79275.9609375, 5.650349691577834e-15]}, 85954], [0.07255284937898897, {"__complex__": [78253.1875, 7.722541258136121e-16]}, 98928], [0.07755251666903937, {"__complex__": [77775.234375, 6.272929072205112e-15]}, 113670], [0.08255133796110323, {"__complex__": [75542.4765625, -5.677865662748508e-16]}, 128146], [0.08754885434347791, {"__complex__": [75715.0546875, -2.200400485157948e-16]}, 144666], [0.09254474520345915, {"__complex__": [73786.1640625, -3.6132281477720715e-16]}, 161096], [0.09753838719056639, {"__complex__": [72882.6640625, -1.5420666791567637e-15]}, 179296], [0.10253766124095005, {"__complex__": [72782.8515625, 5.872265971011356e-15]}, 198246], [0.10753419261502833, {"__complex__": [71806.0390625, -1.921232295907442e-15]}, 217760], [0.11253433476265982, {"__complex__": [70983.7421875, -7.91347984862266e-15]}, 239054], [0.1175375263617797, {"__complex__": [71093.40625, -1.1729379793145754e-15]}, 260534], [0.12253375665654695, {"__complex__": [70252.1796875, 1.9308636957924338e-15]}, 282618], [0.1275318888487694, {"__complex__": [70080.640625, 1.4457396571752813e-15]}, 306994], [0.1325319737905959, {"__complex__": [69914.46875, -5.277531951492116e-16]}, 330880], [0.137530797431037, {"__complex__": [68719.4296875, -1.7129304829142564e-15]}, 356804], [0.14253185266245, {"__complex__": [68933.5, 4.439454789468254e-16]}, 383100], [0.1475268527621616, {"__complex__": [69091.28125, 2.0164898329138974e-15]}, 409534], [0.1525247828761491, {"__complex__": [68668.375, -1.6564501870249968e-17]}, 439250], [0.1575264619910683, {"__complex__": [68380.140625, -4.045656466795521e-16]}, 467600], [0.16252568270964873, {"__complex__": [68086.8984375, 2.533675868529638e-15]}, 498240], [0.16752495010986443, {"__complex__": [67797.3515625, -3.3285099868929184e-15]}, 529000], [0.17252434786893386, {"__complex__": [66792.875, 2.696566021759034e-15]}, 561232], [0.17752319536668612, {"__complex__": [67160.234375, 1.3471546571146558e-15]}, 594108], [0.18252212710013674, {"__complex__": [67249.703125, 1.4363932838770406e-15]}, 628114], [0.1875215175296695, {"__complex__": [67354.21875, 2.348534583292345e-15]}, 662990], [0.19252147034304404, {"__complex__": [67195.875, -1.0407784990489207e-16]}, 699088], [0.19752131615791613, {"__complex__": [66550.7890625, -1.147689832981056e-15]}, 735400], [0.20251939769499622, {"__complex__": [66497.296875, 2.3241842918829154e-15]}, 773244], [0.2075186931980178, {"__complex__": [66167.1640625, 4.318862602888541e-15]}, 812022], [0.21252030462667912, {"__complex__": [66125.828125, -5.549799045683986e-16]}, 852170], [0.2175192276679839, {"__complex__": [66096.84375, 3.583041693476941e-15]}, 891462], [0.22251528919789293, {"__complex__": [66375.4609375, -2.0278218896685186e-16]}, 932897]]}, "attrs": {"poles": [0], "dk": 0.005, "kmin": 0.0, "kmax": null, "Nmesh": {"__dtype__": "<i8", "__shape__": [3], "__data__": [512, 512, 512]}, "BoxSize": {"__dtype__": "<f8", "__shape__": [3], "__data__": [3432.0, 7183.0, 3020.0]}, "BoxPad": {"__dtype__": "<f8", "__shape__": [3], "__data__": [0.1, 0.1, 0.1]}, "BoxCenter": {"__dtype__": "<f8", "__shape__": [3], "__data__": [-1749.160381303203, 38.52303668539139, 1912.9212778899637]}, "mesh.resampler": "tsc", "mesh.interlaced": true, "alpha": 0.04979208493891293, "data.norm": 3.189819726519275, "randoms.norm": 3.189123982269521, "shotnoise": 64373.87660240137, "first.data.N": 239399, "first.data.W": 239399.0, "first.data.W2": 206263.30027386476, "first.data.num_per_cell": 0.0015367813428779301, "first.randoms.N": 4807973, "first.randoms.W": 4807973.0, "first.randoms.W2": 4142174.787588142, "first.randoms.num_per_cell": 0.03086160710147129, "first.data.ext": 1, "first.randoms.ext": 1, "second.data.N": 239399, "second.data.W": 239399.0, "second.data.W2": 216521.46392565966, "second.data.num_per_cell": 0.0016132106179420624, "second.randoms.N": 4807973, "second.randoms.W": 4807973.0, "second.randoms.W2": 4347337.205551773, "second.randoms.num_per_cell": 0.0323901862319691, "second.data.ext": 1, "second.randoms.ext": 1}}, "attrs": {"poles": [0], "dk": 0.005, "kmin": 0.0, "kmax": null, "Nmesh": {"__dtype__": "<i8", "__shape__": [3], "__data__": [512, 512, 512]}, "BoxSize": {"__dtype__": "<f8", "__shape__": [3], "__data__": [3432.0, 7183.0, 3020.0]}, "BoxPad": {"__dtype__": "<f8", "__shape__": [3], "__data__": [0.1, 0.1, 0.1]}, "BoxCenter": {"__dtype__": "<f8", "__shape__": [3], "__data__": [-1749.160381303203, 38.52303668539139, 1912.9212778899637]}, "mesh.resampler": "tsc", "mesh.interlaced": true, "alpha": 0.04979208493891293, "data.norm": 3.189819726519275, "randoms.norm": 3.189123982269521, "shotnoise": 64373.87660240137, "first.data.N": 239399, "first.data.W": 239399.0, "first.data.W2": 206263.30027386476, "first.data.num_per_cell": 0.0015367813428779301, "first.randoms.N": 4807973, "first.randoms.W": 4807973.0, "first.randoms.W2": 4142174.787588142, "first.randoms.num_per_cell": 0.03086160710147129, "first.data.ext": 1, "first.randoms.ext": 1, "second.data.N": 239399, "second.data.W": 239399.0, "second.data.W2": 216521.46392565966, "second.data.num_per_cell": 0.0016132106179420624, "second.randoms.N": 4807973, "second.randoms.W": 4807973.0, "second.randoms.W2": 4347337.205551773, "second.randoms.num_per_cell": 0.0323901862319691, "second.data.ext": 1, "second.randoms.ext": 1, "p": 1.0, "zmin": 0.8, "zmax": 2.2, "P0_FKP": 30000.0, "z-weighted": true, "hashkeys": ["Nmesh", "P0_FKP", "dk", "kmin", "mesh.window", "mesh.interlaced", "poles", "p", "BoxPad", "zmin", "zmax", "z-weighted"]}}