{"poles": {"dims": ["k"], "edges": [{"__dtype__": "<f8", "__shape__": [57], "__data__": [0.0, 0.005, 0.01, 0.015, 0.02, 0.025, 0.03, 0.035, 0.04, 0.045, 0.05, 0.055, 0.06, 0.065, 0.07, 0.075, 0.08, 0.085, 0.09, 0.095, 0.1, 0.105, 0.11, 0.115, 0.12, 0.125, 0.13, 0.135, 0.14, 0.145, 0.15, 0.155, 0.16, 0.165, 0.17, 0.17500000000000002, 0.18, 0.185, 0.19, 0.195, 0.2, 0.20500000000000002, 0.21, 0.215, 0.22, 0.225, 0.23, 0.23500000000000001, 0.24, 0.245, 0.25, 0.255, 0.26, 0.265, 0.27, 0.275, 0.28]}], "coords": [{"__dtype__": "<f8", "__shape__": [56], "__data__": [0.0025, 0.0075, 0.0125, 0.0175, 0.0225, 0.0275, 0.0325, 0.037500000000000006, 0.042499999999999996, 0.0475, 0.052500000000000005, 0.057499999999999996, 0.0625, 0.0675, 0.07250000000000001, 0.0775, 0.0825, 0.0875, 0.0925, 0.0975, 0.10250000000000001, 0.1075, 0.1125, 0.1175, 0.1225, 0.1275, 0.1325, 0.1375, 0.14250000000000002, 0.1475, 0.1525, 0.1575, 0.1625, 0.1675, 0.17250000000000001, 0.1775, 0.1825, 0.1875, 0.1925, 0.1975, 0.2025, 0.20750000000000002, 0.2125, 0.2175, 0.2225, 0.2275, 0.2325, 0.2375, 0.2425, 0.2475, 0.2525, 0.2575, 0.2625, 0.2675, 0.2725, 0.2775]}], "data": {"__dtype__": [["k", "<f8"], ["power_0", "<c8"], ["modes", "<i8"]], "__shape__": [56], "__data__": [[0.0038184772969819163, {"__complex__": [-55598.4609375, -1.2967053646117943e-12]}, 101], [0.008095747357330452, {"__complex__": [-66528.5078125, 2.9697785571859703e-13]}, 686], [0.012883736652794924, {"__complex__": [-69710.8125, 1.8878160753382778e-13]}, 1850], [0.017773812799743022, {"__complex__": [-77754.625, -1.1400492908649612e-13]}, 3574], [0.02268741127230835, {"__complex__": [-84583.7421875, -2.4269786009990975e-14]}, 5846], [0.0276436612074983, {"__complex__": [-78321.1796875, -1.157275704845133e-14]}, 8802], [0.032621388060293736, {"__complex__": [-73304.6328125, 2.1361479750868495e-14]}, 12262], [0.03760824648801215, {"__complex__": [-70567.4296875, 1.0676386973118308e-14]}, 16356], [0.04261078497359496, {"__complex__": [-68690.09375, 2.5573329058233875e-14]}, 21054], [0.047599849847956184, {"__complex__": [-64388.8828125, -2.004856343603128e-14]}, 26130], [0.05257616186879226, {"__complex__": [-64337.765625, -9.822497294155984e-15]}, 31852], [0.05756516644504078, {"__complex__": [-63926.51171875, -1.1363949027393041e-14]}, 38416], [0.06256992304570015, {"__complex__": [-62075.34765625, 7.683165661033584e-15]}, 45456], [0.06756684959770778, {"__complex__": [-61066.046875, -1.2969129825515617e-14]}, 52736], [0.0725527812417093, {"__complex__": [-61071.65625, 8.605226245656829e-15]}, 60878], [0.07754609111350033, {"__complex__": [-60872.3671875, -7.522097263915496e-15]}, 69644], [0.08254398108110392, {"__complex__": [-60470.80859375, 6.452114657032023e-16]}, 78938], [0.08754497235784645, {"__complex__": [-57974.6875, -1.6036430945101307e-14]}, 88928], [0.09254931460375425, {"__complex__": [-57091.140625, 1.317975642631166e-15]}, 99370], [0.09754770638488773, {"__complex__": [-57515.16015625, 2.9064724327916742e-15]}, 110148], [0.10254725225710545, {"__complex__": [-57197.90234375, -3.576463635608564e-15]}, 122064], [0.10754197500041178, {"__complex__": [-57545.6328125, 2.2872492084596548e-15]}, 133606], [0.1125335566053456, {"__complex__": [-56169.3046875, 1.8834993074478678e-15]}, 146794], [0.11753390753130967, {"__complex__": [-56706.80078125, 2.1803072754623e-15]}, 160182], [0.12253297194316666, {"__complex__": [-55472.3984375, 4.120329091480447e-15]}, 173938], [0.1275330366067717, {"__complex__": [-54505.6484375, 2.1590835944194225e-15]}, 188716], [0.13252973809504817, {"__complex__": [-54692.6328125, -2.828659751092158e-15]}, 203206], [0.13752656794068333, {"__complex__": [-53832.796875, 1.9234703687123246e-15]}, 219398], [0.14252641829018836, {"__complex__": [-54043.0703125, -1.2365140488739966e-15]}, 235370], [0.14752538161578818, {"__complex__": [-53738.8046875, -8.072800499133207e-16]}, 252362], [0.15252760480208327, {"__complex__": [-54297.89453125, -1.4828534645504126e-15]}, 269870], [0.15752681859671805, {"__complex__": [-53566.23828125, 8.857872456900263e-16]}, 287494], [0.16252435884896982, {"__complex__": [-52934.66015625, 3.3633488755299614e-15]}, 306108], [0.16752301567057656, {"__complex__": [-52635.33984375, 3.5790366040649676e-16]}, 325270], [0.17252173673157514, {"__complex__": [-52860.47265625, -4.72336064575099e-15]}, 345054], [0.17752321165605617, {"__complex__": [-53149.953125, -3.908503939064039e-15]}, 365566], [0.1825271591078092, {"__complex__": [-52848.17578125, 1.3546956855649424e-15]}, 386706], [0.18752761432181875, {"__complex__": [-52789.3671875, -1.4289559110836742e-15]}, 407344], [0.19252284688885665, {"__complex__": [-52720.86328125, 5.42425341042873e-16]}, 429240], [0.1975202473921046, {"__complex__": [-52590.96484375, 3.023754520492636e-15]}, 452378], [0.2025190705505771, {"__complex__": [-52340.9921875, 2.0822746467624026e-15]}, 475216], [0.20751582397181345, {"__complex__": [-52490.12890625, -1.1229364597678516e-15]}, 498914], [0.21251737977523663, {"__complex__": [-52360.96875, -2.0535835232565313e-15]}, 524372], [0.21751976599483144, {"__complex__": [-52034.3671875, 1.220865009294355e-15]}, 548290], [0.22251881968362838, {"__complex__": [-51898.58984375, 0.0]}, 574124], [0.22751824816625668, {"__complex__": [-51353.25, 2.9103829721509105e-16]}, 600000], [0.2325180883298531, {"__complex__": [-52133.390625, -4.271017946862882e-15]}, 626912], [0.23751847301341703, {"__complex__": [-51551.76171875, -5.784068241862029e-16]}, 654124], [0.2425172392078265, {"__complex__": [-51617.6171875, 1.1743164195571133e-15]}, 681550], [0.24751612270099754, {"__complex__": [-51657.0390625, -1.5571127371570787e-15]}, 710254], [0.25251612623919895, {"__complex__": [-51495.328125, -3.483617177886468e-15]}, 739372], [0.25751649562918844, {"__complex__": [-51417.5078125, 1.968229495469373e-15]}, 768914], [0.26251710176347803, {"__complex__": [-51320.734375, -2.3764011202240644e-15]}, 799118], [0.267515771647416, {"__complex__": [-51501.49609375, -1.5881121313233364e-15]}, 829254], [0.2725137628262563, {"__complex__": [-51250.578125, -1.5383324285296747e-15]}, 860818], [0.27751279703284343, {"__complex__": [-51249.5546875, -1.7285871457904233e-15]}, 892349]]}, "attrs": {"poles": [0], "dk": 0.005, "kmin": 0.0, "kmax": null, "Nmesh": {"__dtype__": "<i8", "__shape__": [3], "__data__": [512, 512, 512]}, "BoxSize": {"__dtype__": "<f8", "__shape__": [3], "__data__": [2665.0, 5785.0, 2969.0]}, "BoxPad": {"__dtype__": "<f8", "__shape__": [3], "__data__": [0.1, 0.1, 0.1]}, "BoxCenter": {"__dtype__": "<f8", "__shape__": [3], "__data__": [2583.4649431960333, 44.54748006071827, 888.1300281918925]}, "mesh.resampler": "tsc", "mesh.interlaced": true, "alpha": 0.050103662382191744, "data.norm": -0.830631913459403, "randoms.norm": -0.8308703964546825, "shotnoise": 60665.12431847617, "first.data.N": 141013, "first.data.W": 141013.0, "first.data.W2": 125643.45184724453, "first.data.num_per_cell": 0.0009361166644636134, "first.randoms.N": 2814425, "first.randoms.W": 2814425.0, "first.randoms.W2": 2507585.659991323, "first.randoms.num_per_cell": 0.018682969063455783, "first.data.ext": 1, "first.randoms.ext": 1, "second.data.N": 141013, "second.data.W": 141013.0, "second.data.W2": -58740.39659039091, "second.data.num_per_cell": -0.0004376500590919771, "second.randoms.N": 2814425, "second.randoms.W": 2814425.0, "second.randoms.W2": -1172798.6008763253, "second.randoms.num_per_cell": -0.008738030499788562, "second.data.ext": 1, "second.randoms.ext": 1}}, "attrs": {"poles": [0], "dk": 0.005, "kmin": 0.0, "kmax": null, "Nmesh": {"__dtype__": "<i8", "__shape__": [3], "__data__": [512, 512, 512]}, "BoxSize": {"__dtype__": "<f8", "__shape__": [3], "__data__": [2665.0, 5785.0, 2969.0]}, "BoxPad": {"__dtype__": "<f8", "__shape__": [3], "__data__": [0.1, 0.1, 0.1]}, "BoxCenter": {"__dtype__": "<f8", "__shape__": [3], "__data__": [2583.4649431960333, 44.54748006071827, 888.1300281918925]}, "mesh.resampler": "tsc",