{"poles": {"dims": ["k"], "edges": [{"__dtype__": "<f8", "__shape__": [57], "__data__": [0.0, 0.005, 0.01, 0.015, 0.02, 0.025, 0.03, 0.035, 0.04, 0.045, 0.05, 0.055, 0.06, 0.065, 0.07, 0.075, 0.08, 0.085, 0.09, 0.095, 0.1, 0.105, 0.11, 0.115, 0.12, 0.125, 0.13, 0.135, 0.14, 0.145, 0.15, 0.155, 0.16, 0.165, 0.17, 0.17500000000000002, 0.18, 0.185, 0.19, 0.195, 0.2, 0.20500000000000002, 0.21, 0.215, 0.22, 0.225, 0.23, 0.23500000000000001, 0.24, 0.245, 0.25, 0.255, 0.26, 0.265, 0.27, 0.275, 0.28]}], "coords": [{"__dtype__": "<f8", "__shape__": [56], "__data__": [0.0025, 0.0075, 0.0125, 0.0175, 0.0225, 0.0275, 0.0325, 0.037500000000000006, 0.042499999999999996, 0.0475, 0.052500000000000005, 0.057499999999999996, 0.0625, 0.0675, 0.07250000000000001, 0.0775, 0.0825, 0.0875, 0.0925, 0.0975, 0.10250000000000001, 0.1075, 0.1125, 0.1175, 0.1225, 0.1275, 0.1325, 0.1375, 0.14250000000000002, 0.1475, 0.1525, 0.1575, 0.1625, 0.1675, 0.17250000000000001, 0.1775, 0.1825, 0.1875, 0.1925, 0.1975, 0.2025, 0.20750000000000002, 0.2125, 0.2175, 0.2225, 0.2275, 0.2325, 0.2375, 0.2425, 0.2475, 0.2525, 0.2575, 0.2625, 0.2675, 0.2725, 0.2775]}], "data": {"__dtype__": [["k", "<f8"], ["power_0", "<c8"], ["modes", "<i8"]], "__shape__": [56], "__data__": [[0.0038232155455786756, {"__complex__": [95140.78125, -4.3223511250224667e-13]}, 101], [0.008117059483800195, {"__complex__": [113380.5078125, -5.272433151962824e-14]}, 690], [0.0128738339497718, {"__complex__": [108586.6640625, -4.8026124364278916e-14]}, 1818], [0.017774426939068624, {"__complex__": [102819.3984375, 6.463926616184779e-14]}, 3602], [0.022703320249558515, {"__complex__": [108340.0234375, 9.010473573864419e-14]}, 5814], [0.027639257308351265, {"__complex__": [104362.546875, -2.33471028561515e-14]}, 8726], [0.03261916286266931, {"__complex__": [105803.25, -4.74544745336712e-15]}, 12266], [0.037612938081602494, {"__complex__": [96896.5546875, 3.8873021961744955e-14]}, 16284], [0.042604827482172036, {"__complex__": [93598.3828125, -2.4366903843107838e-15]}, 20902], [0.047595416354838646, {"__complex__": [91692.53125, 1.8946355037153043e-14]}, 26114], [0.052583240770048265, {"__complex__": [92070.5234375, -3.6617801821878064e-15]}, 31792], [0.057566083924203044, {"__complex__": [92376.0390625, 1.2596086351149456e-14]}, 38124], [0.06255769233387819, {"__complex__": [88440.296875, -1.6016764534131957e-14]}, 45200], [0.06756224887467274, {"__complex__": [88548.796875, 1.0480909556583907e-14]}, 52760], [0.07256351352592387, {"__complex__": [87253.6796875, -6.704406808503505e-15]}, 60774], [0.07755901794459555, {"__complex__": [84915.5, -1.1958063865827838e-14]}, 69364], [0.08254790508676332, {"__complex__": [84362.5546875, -1.669989321796076e-14]}, 78424], [0.08754125014864986, {"__complex__": [83063.2890625, 7.148597238790765e-15]}, 88550], [0.0925439110549046, {"__complex__": [82989.0703125, -4.705645798692114e-15]}, 98958], [0.09754483164482186, {"__complex__": [80760.5078125, 3.4438013354095957e-15]}, 109864], [0.10254837304736499, {"__complex__": [80345.546875, -1.572992529687376e-14]}, 121652], [0.10754589897253022, {"__complex__": [79623.1015625, -3.0580887892513522e-15]}, 133238], [0.11253820247399048, {"__complex__": [80260.78125, 5.7746483884556134e-15]}, 146158], [0.11753575771537059, {"__complex__": [79260.546875, -8.050744925857008e-15]}, 159514], [0.1225313836324064, {"__complex__": [78502.9296875, 2.017107108174209e-15]}, 173142], [0.12752964575934977, {"__complex__": [78474.875, -1.5483726276908352e-15]}, 187964], [0.13253071155062993, {"__complex__": [78403.0234375, 2.869492721320005e-16]}, 202850], [0.13752932449137398, {"__complex__": [77543.546875, -4.599003927116324e-15]}, 218326], [0.1425279236328441, {"__complex__": [76403.390625, 4.558676264981073e-15]}, 234622], [0.14752749986692043, {"__complex__": [76683.9140625, 1.1288991482000482e-15]}, 251362], [0.15252790275949885, {"__complex__": [76182.1328125, -4.79219350766019e-15]}, 268738], [0.15752667730030556, {"__complex__": [75281.234375, 6.095681075245045e-16]}, 286470], [0.1625272703252806, {"__complex__": [74974.4375, -1.858786485937013e-15]}, 305320], [0.16752584010303806, {"__complex__": [75459.5546875, 1.4386293449786735e-15]}, 323684], [0.172522484740696, {"__complex__": [75426.7109375, 7.829617339976498e-16]}, 343836], [0.17752139807532058, {"__complex__": [75047.4921875, 3.600414339225127e-15]}, 363756], [0.182521591978942, {"__complex__": [75051.8046875, -2.3997720297882314e-15]}, 385056], [0.1875245385760115, {"__complex__": [74967.625, 1.7723270801536881e-15]}, 406426], [0.19252284596084077, {"__complex__": [74954.34375, -3.803352421958943e-15]}, 427564], [0.19752207892513152, {"__complex__": [74687.671875, 2.7746940114731656e-15]}, 451028], [0.20252102447615644, {"__complex__": [74109.390625, 1.7222366221475026e-15]}, 473168], [0.2075174092530849, {"__complex__": [74227.9453125, 6.584921482227616e-16]}, 497224], [0.2125173822833595, {"__complex__": [74425.40625, 8.923894439974e-16]}, 521814], [0.21751770700622278, {"__complex__": [73559.4375, 5.818380276005879e-15]}, 546474], [0.2225180161401469, {"__complex__": [73881.390625, 3.0275147115037346e-15]}, 571980], [0.22751928982624955, {"__complex__": [73733.7265625, -4.865462069355924e-16]}, 598172], [0.23251968647251506, {"__complex__": [73461.4765625, 3.3097643007372335e-15]}, 624326], [0.23751803045110637, {"__complex__": [73514.9453125, -2.0108836130035968e-16]}, 651292], [0.24251746607258493, {"__complex__": [73575.1328125, -1.327557596967862e-15]}, 679608], [0.24751957743010086, {"__complex__": [73447.9375, -1.6444003294045816e-15]}, 707950], [0.2525171797386732, {"__complex__": [73493.3046875, 2.423624371703794e-16]}, 735514], [0.25751381043523613, {"__complex__": [73657.53125, 5.699213539997277e-17]}, 765996], [0.26251393856355126, {"__complex__": [73601.078125, 1.5083398918399064e-16]}, 795930], [0.26751377760967515, {"__complex__": [73631.109375, 9.330024503567571e-16]}, 826634], [0.27251546136865457, {"__complex__": [73219.0859375, -8.137081300104744e-16]}, 858406], [0.2775142961891227, {"__complex__": [73175.2734375, -3.8507404213469136e-16]}, 888063]]}, "attrs": {"poles": [0], "dk": 0.005, "kmin": 0.0, "kmax": null, "Nmesh": {"__dtype__": "<i8", "__shape__": [3], "__data__": [512, 512, 512]}, "BoxSize": {"__dtype__": "<f8", "__shape__": [3], "__data__": [2659.0, 5788.0, 2963.0]}, "BoxPad": {"__dtype__": "<f8", "__shape__": [3], "__data__": [0.1, 0.1, 0.1]}, "BoxCenter": {"__dtype__": "<f8", "__shape__": [3], "__data__": [2585.3497396777734, 47.04322205802441, 888.6927282639955]}, "mesh.resampler": "tsc", "mesh.interlaced": true, "alpha": 0.0498923240885179, "data.norm": 1.031663222922409, "randoms.norm": 1.031601019516268, "shotnoise": 72493.32677005934, "first.data.N": 140536, "first.data.W": 140536.0, "first.data.W2": 125145.46756235133, "first.data.num_per_cell": 0.0009324063924130152, "first.randoms.N": 2816786, "first.randoms.W": 2816786.0, "first.randoms.W2": 2508327.563020164, "first.randoms.num_per_cell": 0.018688496671767266, "first.data.ext": 1, "first.randoms.ext": 1, "second.data.N": 140536, "second.data.W": 140536.0, "second.data.W2": 74554.0654131342, "second.data.num_per_cell": 0.0005554710731888875, "second.randoms.N": 2816786, "second.randoms.W": 2816786.0, "second.randoms.W2": 1494285.2226896572, "second.randoms.num_per_cell": 0.011133292486441562, "second.data.ext": 1, "second.randoms.ext": 1}}, "attrs": {"poles": [0], "dk": 0.005, "kmin": 0.0, "kmax": null, "Nmesh": {"__dtype__": "<i8", "__shape__": [3], "__data__": [512, 512, 512]}, "BoxSize": {"__dtype__": "<f8", "__shape__": [3], "__data__": [2659.0, 5788.0, 2963.0]}, "BoxPad": {"__dtype__": "<f8", "__shape__": [3], "__data__": [0.1, 0.1, 0.1]}, "BoxCenter": {"__dtype__": "<f8", "__shape__": [3], "__data__": [2585.3497396777734, 47.04322205802441, 888.6927282639955]}, "mesh.resampler": "tsc", "mesh.interlaced": true, "alpha": 0.0498923240885179, "data.norm": 1.031663222922409,