{"poles": {"dims": ["k"], "edges": [{"__dtype__": "<f8", "__shape__": [46], "__data__": [0.0, 0.005, 0.01, 0.015, 0.02, 0.025, 0.03, 0.035, 0.04, 0.045, 0.05, 0.055, 0.06, 0.065, 0.07, 0.075, 0.08, 0.085, 0.09, 0.095, 0.1, 0.105, 0.11, 0.115, 0.12, 0.125, 0.13, 0.135, 0.14, 0.145, 0.15, 0.155, 0.16, 0.165, 0.17, 0.17500000000000002, 0.18, 0.185, 0.19, 0.195, 0.2, 0.20500000000000002, 0.21, 0.215, 0.22, 0.225]}], "coords": [{"__dtype__": "<f8", "__shape__": [45], "__data__": [0.0025, 0.0075, 0.0125, 0.0175, 0.0225, 0.0275, 0.0325, 0.037500000000000006, 0.042499999999999996, 0.0475, 0.052500000000000005, 0.057499999999999996, 0.0625, 0.0675, 0.07250000000000001, 0.0775, 0.0825, 0.0875, 0.0925, 0.0975, 0.10250000000000001, 0.1075, 0.1125, 0.1175, 0.1225, 0.1275, 0.1325, 0.1375, 0.14250000000000002, 0.1475, 0.1525, 0.1575, 0.1625, 0.1675, 0.17250000000000001, 0.1775, 0.1825, 0.1875, 0.1925, 0.1975, 0.2025, 0.20750000000000002, 0.2125, 0.2175, 0.2225]}], "data": {"__dtype__": [["k", "<f8"], ["power_0", "<c8"], ["modes", "<i8"]], "__shape__": [45], "__data__": [[0.0038186651497397897, {"__complex__": [90799.34375, 1.2253670571716474e-13]}, 167], [0.008059413258418085, {"__complex__": [95769.1328125, 1.3449090033648952e-14]}, 1082], [0.012828754790335585, {"__complex__": [101044.546875, 5.798791622661087e-14]}, 2980], [0.0177279861696927, {"__complex__": [112837.640625, -9.142234631007509e-14]}, 5770], [0.022660131784138372, {"__complex__": [105399.171875, -5.3680126885441784e-14]}, 9488], [0.027642900644270194, {"__complex__": [103426.390625, -9.622943108046449e-15]}, 14366], [0.03263530857694434, {"__complex__": [94035.3515625, 2.5642787453974622e-15]}, 19862], [0.03761164891968443, {"__complex__": [91314.8046875, -6.059625423779271e-15]}, 26416], [0.042604057432156534, {"__complex__": [87508.03125, 1.9415640089052132e-14]}, 34102], [0.04758972003899488, {"__complex__": [84838.1484375, 1.0687769401863511e-14]}, 42208], [0.052577822158601316, {"__complex__": [82363.5390625, 6.924820451488598e-15]}, 52010], [0.057578653939739, {"__complex__": [83239.765625, -1.2650987638658691e-14]}, 62114], [0.06256689221583135, {"__complex__": [81043.90625, -1.191477730584959e-15]}, 73280], [0.06756204951814268, {"__complex__": [79811.03125, 3.30625165510497e-15]}, 85826], [0.07255815259232223, {"__complex__": [78867.9765625, -5.3154442991782715e-15]}, 98556], [0.0775502185529216, {"__complex__": [77717.40625, -3.157799813736234e-15]}, 112902], [0.0825460864992916, {"__complex__": [76681.953125, 5.0095002337947545e-15]}, 127814], [0.08754396757589036, {"__complex__": [75160.5234375, -1.5669614009930413e-15]}, 143944], [0.0925431848293145, {"__complex__": [73590.5859375, -3.3707193327204947e-15]}, 160814], [0.09753977284688896, {"__complex__": [72485.234375, 8.563980082169399e-16]}, 178416], [0.10253569418832206, {"__complex__": [72350.9140625, -1.4463769435889718e-15]}, 197446], [0.10753615702548525, {"__complex__": [71614.9765625, -2.8128443754174993e-15]}, 217282], [0.11253967020689311, {"__complex__": [71200.953125, 7.641142980091759e-16]}, 238052], [0.1175377193593325, {"__complex__": [71355.5234375, -7.30038586057609e-16]}, 259130], [0.12253016815890792, {"__complex__": [70313.921875, 5.039968855940439e-15]}, 281512], [0.1275305769490846, {"__complex__": [70549.046875, -3.91093619417208e-15]}, 306038], [0.1325303206120112, {"__complex__": [69607.0859375, 5.744723561462066e-16]}, 329302], [0.13752887863375376, {"__complex__": [69351.6640625, -9.001251841464367e-16]}, 355664], [0.14252913123850822, {"__complex__": [68852.71875, 1.9084880499412905e-15]}, 381242], [0.1475281225020727, {"__complex__": [68599.078125, 6.049479133741467e-16]}, 408932], [0.15252857298525377, {"__complex__": [68364.5703125, 1.9648100234613075e-15]}, 436970], [0.15752475831449683, {"__complex__": [68331.8828125, -8.597798931379711e-16]}, 465442], [0.1625250414921702, {"__complex__": [68147.703125, -2.5333707249103896e-15]}, 496864], [0.16752747156675804, {"__complex__": [68070.0546875, 2.043567782171723e-15]}, 526942], [0.17252462113031866, {"__complex__": [67543.34375, -6.772258170985074e-16]}, 558676], [0.17752240967871805, {"__complex__": [67097.046875, 2.2000458959904037e-15]}, 591986], [0.18252257749878342, {"__complex__": [66811.5, -5.582094294380425e-16]}, 625654], [0.18752146730268676, {"__complex__": [66860.7421875, 1.597518326323477e-15]}, 660408], [0.19252046434219788, {"__complex__": [66925.9375, -3.1618511723229513e-16]}, 696104], [0.19752000119584318, {"__complex__": [66366.640625, 1.6086222929872704e-15]}, 732742], [0.20252147078361313, {"__complex__": [66321.65625, -3.8689553354820253e-16]}, 771046], [0.20752072894521165, {"__complex__": [66388.609375, 3.601941433749908e-17]}, 808004], [0.21251914141702985, {"__complex__": [66016.1015625, -1.0285856715314319e-15]}, 848850], [0.2175193676599629, {"__complex__": [66484.140625, 2.0884435877172557e-15]}, 888398], [0.22251699557100565, {"__complex__": [65985.1640625, -3.5935834420219945e-15]}, 929341]]}, "attrs": {"poles": [0], "dk": 0.005, "kmin": 0.0, "kmax": null, "Nmesh": {"__dtype__": "<i8", "__shape__": [3], "__data__": [512, 512, 512]}, "BoxSize": {"__dtype__": "<f8", "__shape__": [3], "__data__": [3415.0, 7186.0, 3022.0]}, "BoxPad": {"__dtype__": "<f8", "__shape__": [3], "__data__": [0.1, 0.1, 0.1]}, "BoxCenter": {"__dtype__": "<f8", "__shape__": [3], "__data__": [-1749.5109985705242, 38.6742179306807, 1910.4117728095946]}, "mesh.resampler": "tsc", "mesh.interlaced": true, "alpha": 0.04980876760862746, "data.norm": 3.193180068988444, "randoms.norm": 3.1927957000061395, "shotnoise": 64452.990371582295, "first.data.N": 239612, "first.data.W": 239612.0, "first.data.W2": 206535.91545632549, "first.data.num_per_cell": 0.0015388124842667988, "first.randoms.N": 4810639, "first.randoms.W": 4810639.0, "first.randoms.W2": 4146396.8809769093, "first.randoms.num_per_cell": 0.03089306414855204, "first.data.ext": 1, "first.randoms.ext": 1, "second.data.N": 239612, "second.data.W": 239612.0, "second.data.W2": 216889.40341076255, "second.data.num_per_cell": 0.0016159519807306122, "second.randoms.N": 4810639, "second.randoms.W": 4810639.0, "second.randoms.W2": 4353683.809611976, "second.randoms.num_per_cell": 0.0324374721170364, "second.data.ext": 1, "second.randoms.ext": 1}}, "attrs": {"poles": [0], "dk": 0.005, "kmin": 0.0, "kmax": null, "Nmesh": {"__dtype__": "<i8", "__shape__": [3], "__data__": [512, 512, 512]}, "BoxSize": {"__dtype__": "<f8", "__shape__": [3], "__data__": [3415.0, 7186.0, 3022.0]}, "BoxPad": {"__dtype__": "<f8", "__shape__": [3], "__data__": [0.1, 0.1, 0.1]}, "BoxCenter": {"__dtype__": "<f8", "__shape__": [3], "__data__": [-1749.5109985705242, 38.6742179306807, 1910.4117728095946]}, "mesh.resampler": "tsc", "mesh.interlaced": true, "alpha": 0.04980876760862746, "data.norm": 3.193180068988444, "randoms.norm": 3.1927957000061395, "shotnoise": 64452.990371582295, "first.data.N": 239612, "first.data.W": 239612.0, "first.data.W2": 206535.91545632549, "first.data.num_per_cell": 0.0015388124842667988, "first.randoms.N": 4810639, "first.randoms.W": 4810639.0, "first.randoms.W2": 4146396.8809769093, "first.randoms.num_per_cell": 0.03089306414855204, "first.data.ext": 1, "first.randoms.ext": 1, "second.data.N": 239612, "second.data.W": 239612.0, "second.data.W2": 216889.40341076255, "second.data.num_per_cell": 0.0016159519807306122, "second.randoms.N": 4810639, "second.randoms.W": 4810639.0, "second.randoms.W2": 4353683.809611976, "second.randoms.num_per_cell": 0.0324374721170364, "second.data.ext": 1, "second.randoms.ext": 1, "p": 1.0, "zmin": 0.8, "zmax": 2.2, "P0_FKP": 30000.0, "z-weighted": true, "hashkeys": ["Nmesh", "P0_FKP", "dk", "kmin", "mesh.window", "mesh.interlaced", "poles", "p", "BoxPad", "zmin", "zmax", "z-weighted"]}}