{"poles": {"dims": ["k"], "edges": [{"__dtype__": "<f8", "__shape__": [57], "__data__": [0.0, 0.005, 0.01, 0.015, 0.02, 0.025, 0.03, 0.035, 0.04, 0.045, 0.05, 0.055, 0.06, 0.065, 0.07, 0.075, 0.08, 0.085, 0.09, 0.095, 0.1, 0.105, 0.11, 0.115, 0.12, 0.125, 0.13, 0.135, 0.14, 0.145, 0.15, 0.155, 0.16, 0.165, 0.17, 0.17500000000000002, 0.18, 0.185, 0.19, 0.195, 0.2, 0.20500000000000002, 0.21, 0.215, 0.22, 0.225, 0.23, 0.23500000000000001, 0.24, 0.245, 0.25, 0.255, 0.26, 0.265, 0.27, 0.275, 0.28]}], "coords": [{"__dtype__": "<f8", "__shape__": [56], "__data__": [0.0025, 0.0075, 0.0125, 0.0175, 0.0225, 0.0275, 0.0325, 0.037500000000000006, 0.042499999999999996, 0.0475, 0.052500000000000005, 0.057499999999999996, 0.0625, 0.0675, 0.07250000000000001, 0.0775, 0.0825, 0.0875, 0.0925, 0.0975, 0.10250000000000001, 0.1075, 0.1125, 0.1175, 0.1225, 0.1275, 0.1325, 0.1375, 0.14250000000000002, 0.1475, 0.1525, 0.1575, 0.1625, 0.1675, 0.17250000000000001, 0.1775, 0.1825, 0.1875, 0.1925, 0.1975, 0.2025, 0.20750000000000002, 0.2125, 0.2175, 0.2225, 0.2275, 0.2325, 0.2375, 0.2425, 0.2475, 0.2525, 0.2575, 0.2625, 0.2675, 0.2725, 0.2775]}], "data": {"__dtype__": [["k", "<f8"], ["power_0", "<c8"], ["modes", "<i8"]], "__shape__": [56], "__data__": [[0.0038134715949411147, {"__complex__": [80101.1875, 1.0085486048735937e-12]}, 101], [0.008095640645527492, {"__complex__": [97263.2421875, 2.899838301342189e-13]}, 690], [0.012876801596322835, {"__complex__": [100983.5859375, -2.949712617716059e-15]}, 1850], [0.017765071095880464, {"__complex__": [110275.703125, -9.322954192501898e-14]}, 3590], [0.02268916733245553, {"__complex__": [106911.390625, 5.068200294665835e-14]}, 5886], [0.027649204107051083, {"__complex__": [103896.5078125, -2.799078480662017e-14]}, 8838], [0.03262438491766603, {"__complex__": [95562.4609375, -3.7248931153074927e-14]}, 12306], [0.037609432145387596, {"__complex__": [96347.859375, -1.3290229851424355e-14]}, 16424], [0.04261298179883066, {"__complex__": [93184.34375, 2.1668966263248962e-14]}, 21154], [0.047599384410163835, {"__complex__": [91119.328125, -1.8332947329278634e-14]}, 26194], [0.052577850847735225, {"__complex__": [89554.6328125, 9.0779256873663e-15]}, 32060], [0.05757058868780683, {"__complex__": [88086.375, -3.774228464617025e-15]}, 38556], [0.06256789786084732, {"__complex__": [86053.875, 1.2941426765942718e-14]}, 45540], [0.06756379254396762, {"__complex__": [83545.453125, -4.390380135724063e-15]}, 53032], [0.07255281987750473, {"__complex__": [83836.7734375, 6.310767304508382e-15]}, 61106], [0.07754549757637055, {"__complex__": [82661.0703125, -8.842165289684616e-16]}, 69944], [0.08254181020891191, {"__complex__": [82422.6796875, -3.927462654005958e-15]}, 79198], [0.08754195357689293, {"__complex__": [81195.625, -8.552284145354593e-16]}, 89330], [0.09254800863210813, {"__complex__": [79737.2421875, -4.812141133568029e-15]}, 99792], [0.097549718824143, {"__complex__": [77572.0234375, -2.3656522721234073e-15]}, 110724], [0.10254395661228853, {"__complex__": [77487.0234375, -1.1907887751614861e-15]}, 122204], [0.10753503800742392, {"__complex__": [76458.671875, 6.447339085275403e-15]}, 134294], [0.11253130069285876, {"__complex__": [77236.5859375, -1.9237602657385224e-15]}, 147504], [0.11753414646970223, {"__complex__": [76222.75, 2.3289649458372187e-15]}, 160892], [0.12253388330675224, {"__complex__": [77164.6328125, -8.331662767539186e-16]}, 174658], [0.12753262591846834, {"__complex__": [76541.1796875, 7.145796947867142e-15]}, 189388], [0.13253200714438879, {"__complex__": [76796.0625, -2.5189322012914928e-15]}, 204362], [0.1375301665913355, {"__complex__": [75378.1484375, -1.8842436376502675e-15]}, 220104], [0.14252963703510585, {"__complex__": [74774.703125, -5.382808405956932e-15]}, 236548], [0.14752758566244814, {"__complex__": [74621.6015625, -3.7371276274338983e-16]}, 253102], [0.1525287335183721, {"__complex__": [74400.796875, 3.581664841421179e-15]}, 271198], [0.15752979477542128, {"__complex__": [73802.046875, 1.3360001861113823e-15]}, 288642], [0.16252356007968033, {"__complex__": [73847.296875, -6.874039767509519e-16]}, 306956], [0.16752172351153502, {"__complex__": [73584.9296875, 2.269467657556182e-15]}, 327014], [0.17252574270652676, {"__complex__": [72881.234375, -2.9794904844932576e-15]}, 346766], [0.17752539259418756, {"__complex__": [73448.96875, -1.8657522731369957e-15]}, 366576], [0.1825238251744694, {"__complex__": [72870.5078125, -7.502611535661706e-17]}, 387916], [0.1875219476391869, {"__complex__": [72913.546875, -1.5655254683892084e-15]}, 408990], [0.19252132496700458, {"__complex__": [72707.9140625, 4.5337586732552195e-15]}, 431702], [0.1975213648615195, {"__complex__": [72453.515625, 1.410299163387451e-15]}, 454006], [0.20252080994105176, {"__complex__": [72323.8359375, 1.2797339050076473e-15]}, 477584], [0.20752108044068562, {"__complex__": [72359.9375, 7.257639019403922e-17]}, 501262], [0.21252056793365082, {"__complex__": [72088.7421875, -3.4590623280202765e-16]}, 525862], [0.21751958212266548, {"__complex__": [71805.9375, -2.0254901932531847e-15]}, 550504], [0.22251798600090855, {"__complex__": [71724.7265625, 2.007185175988309e-15]}, 576368], [0.22751836916697202, {"__complex__": [71836.4765625, 2.148358039724815e-15]}, 602842], [0.2325191543307602, {"__complex__": [71401.4765625, -1.9654064140655134e-16]}, 629342], [0.23751819970307197, {"__complex__": [71501.921875, -2.653857561767288e-15]}, 656626], [0.2425171894484402, {"__complex__": [71894.9921875, 1.1691188136345241e-16]}, 684580], [0.24751486035531783, {"__complex__": [71660.359375, 3.461192615882621e-15]}, 712630], [0.25251479156183265, {"__complex__": [71631.8515625, 1.390563613353781e-15]}, 742998], [0.25751744169985613, {"__complex__": [71338.046875, -4.0048412577897865e-17]}, 772136], [0.26251827585095094, {"__complex__": [71592.5859375, -1.8133950490848393e-15]}, 802468], [0.2675180827172772, {"__complex__": [71586.34375, -9.43343663851548e-16]}, 832998], [0.27251515083884414, {"__complex__": [71210.578125, 1.3310500196885098e-15]}, 863680], [0.2775092440814806, {"__complex__": [71034.6796875, 4.26995211471744e-16]}, 894595]]}, "attrs": {"poles": [0], "dk": 0.005, "kmin": 0.0, "kmax": null, "Nmesh": {"__dtype__": "<i8", "__shape__": [3], "__data__": [512, 512, 512]}, "BoxSize": {"__dtype__": "<f8", "__shape__": [3], "__data__": [2670.0, 5796.0, 2970.0]}, "BoxPad": {"__dtype__": "<f8", "__shape__": [3], "__data__": [0.1, 0.1, 0.1]}, "BoxCenter": {"__dtype__": "<f8", "__shape__": [3], "__data__": [2580.780744876276, 45.415682259783125, 891.2967558010788]}, "mesh.resampler": "tsc", "mesh.interlaced": true, "alpha": 0.04984447113977014, "data.norm": 1.829751873084952, "randoms.norm": 1.8292665112280262, "shotnoise": 70213.07965774373, "first.data.N": 140452, "first.data.W": 140452.0, "first.data.W2": 125086.57863163683, "first.data.num_per_cell": 0.0009319676356884601, "first.randoms.N": 2817805, "first.randoms.W": 2817805.0, "first.randoms.W2": 2509416.6848576153, "first.randoms.num_per_cell": 0.018696611261797065, "first.data.ext": 1, "first.randoms.ext": 1, "second.data.N": 140452, "second.data.W": 140452.0, "second.data.W2": 131685.67969155312, "second.data.num_per_cell": 0.0009811347700026118, "second.randoms.N": 2817805, "second.randoms.W": 2817805.0, "second.randoms.W2": 2641275.527252406, "second.randoms.num_per_cell": 0.01967903619447653, "second.data.ext": 1, "second.randoms.ext": 1}}, "attrs": {"poles": [0], "dk": 0.005, "kmin": 0.0, "kmax": null, "Nmesh": {"__dtype__": "<i8", "__shape__": [3], "__data__": [512, 512, 512]}, "BoxSize": {"__dtype__": "<f8", "__shape__": [3], "__data__": [2670.0, 5796.0, 2970.0]}, "BoxPad": {"__dtype__": "<f8", "__shape__": [3], "__data__": [0.1, 0.1, 0.1]}, "BoxCenter": {"__dtype__": "<f8", "__shape__": [3], "__data__": [2580.780744876276, 45.415682259783125, 891.2967558010788]}, "mesh.resampler": "tsc", "mesh.interlaced": true, "alpha": 0.04984447113977014, "data.norm": 1.829751873084952,