{"poles": {"dims": ["k"], "edges": [{"__dtype__": "<f8", "__shape__": [46], "__data__": [0.0, 0.005, 0.01, 0.015, 0.02, 0.025, 0.03, 0.035, 0.04, 0.045, 0.05, 0.055, 0.06, 0.065, 0.07, 0.075, 0.08, 0.085, 0.09, 0.095, 0.1, 0.105, 0.11, 0.115, 0.12, 0.125, 0.13, 0.135, 0.14, 0.145, 0.15, 0.155, 0.16, 0.165, 0.17, 0.17500000000000002, 0.18, 0.185, 0.19, 0.195, 0.2, 0.20500000000000002, 0.21, 0.215, 0.22, 0.225]}], "coords": [{"__dtype__": "<f8", "__shape__": [45], "__data__": [0.0025, 0.0075, 0.0125, 0.0175, 0.0225, 0.0275, 0.0325, 0.037500000000000006, 0.042499999999999996, 0.0475, 0.052500000000000005, 0.057499999999999996, 0.0625, 0.0675, 0.07250000000000001, 0.0775, 0.0825, 0.0875, 0.0925, 0.0975, 0.10250000000000001, 0.1075, 0.1125, 0.1175, 0.1225, 0.1275, 0.1325, 0.1375, 0.14250000000000002, 0.1475, 0.1525, 0.1575, 0.1625, 0.1675, 0.17250000000000001, 0.1775, 0.1825, 0.1875, 0.1925, 0.1975, 0.2025, 0.20750000000000002, 0.2125, 0.2175, 0.2225]}], "data": {"__dtype__": [["k", "<f8"], ["power_0", "<c8"], ["modes", "<i8"]], "__shape__": [45], "__data__": [[0.00381405472136646, {"__complex__": [135526.859375, 9.585094220068702e-13]}, 167], [0.008049245982029121, {"__complex__": [97082.125, -4.4381997534558015e-13]}, 1082], [0.012813063692436124, {"__complex__": [105623.8359375, -1.2696301529644544e-13]}, 2980], [0.01772032174482284, {"__complex__": [101838.4765625, 1.503814840665349e-14]}, 5806], [0.022677840800812577, {"__complex__": [104024.078125, -8.7917818641578e-14]}, 9600], [0.02766168884012886, {"__complex__": [100535.9375, 1.0123775902066024e-14]}, 14374], [0.032636292450190486, {"__complex__": [95476.8125, 1.6835716645118882e-14]}, 19880], [0.03761271795382571, {"__complex__": [95380.875, 3.066096977547873e-14]}, 26578], [0.04259832269523586, {"__complex__": [90882.125, -8.541360067312973e-16]}, 34074], [0.04758610544533549, {"__complex__": [89723.0703125, 1.8470369954641172e-14]}, 42544], [0.052573737678547804, {"__complex__": [86272.734375, -1.3158766102845752e-14]}, 51976], [0.057572207304928485, {"__complex__": [85955.0390625, -2.7925380310564983e-15]}, 62532], [0.06257139843243298, {"__complex__": [84869.296875, 4.001361619972686e-15]}, 73644], [0.06756332343721423, {"__complex__": [83529.0390625, -1.2189802762834195e-14]}, 85952], [0.0725543878731785, {"__complex__": [82151.53125, 2.941623029553307e-15]}, 98938], [0.07755210647987858, {"__complex__": [80006.90625, -3.3963270445401235e-15]}, 113542], [0.08255152812134757, {"__complex__": [78202.921875, -4.538184420404623e-16]}, 128262], [0.08755032840548067, {"__complex__": [77616.171875, -7.246669254522709e-15]}, 144582], [0.09254531190431955, {"__complex__": [77032.3515625, 5.059273160324838e-15]}, 161072], [0.09753938114016296, {"__complex__": [76287.6875, -2.5971650113328472e-15]}, 179296], [0.10254020382687198, {"__complex__": [74810.8828125, 6.236954524144037e-16]}, 198320], [0.10753534495349676, {"__complex__": [73991.09375, 4.817318622458121e-15]}, 217494], [0.11253402989671824, {"__complex__": [73777.703125, 2.1298751455410157e-15]}, 239130], [0.11753759347573814, {"__complex__": [72741.0546875, -1.145608884787889e-15]}, 260398], [0.12253421467539807, {"__complex__": [73111.3671875, 5.0959653570504734e-15]}, 282702], [0.12753175096628344, {"__complex__": [72551.2109375, -6.285668447731816e-16]}, 306750], [0.13253106613451943, {"__complex__": [72708.1171875, 8.795355072645792e-16]}, 330900], [0.1375302569214695, {"__complex__": [72699.109375, -7.292071702803197e-16]}, 356710], [0.14253116269399474, {"__complex__": [71349.40625, -4.368940461279636e-15]}, 383038], [0.14752764050991218, {"__complex__": [71359.578125, -1.3408417205587695e-15]}, 409694], [0.15252582183630398, {"__complex__": [70555.1796875, 1.3507695819753003e-15]}, 439002], [0.1575272724081335, {"__complex__": [70095.8984375, 1.182475358542422e-15]}, 467640], [0.16252590760717553, {"__complex__": [69906.6015625, -5.84479997478457e-17]}, 497944], [0.16752461100210908, {"__complex__": [69844.2578125, -2.530787062663027e-15]}, 528996], [0.1725236340821189, {"__complex__": [69504.2421875, -9.07941498304581e-16]}, 560958], [0.17752309525965373, {"__complex__": [69890.0859375, 2.864733402008061e-15]}, 594322], [0.18252279601053892, {"__complex__": [69897.8828125, 7.880207441542445e-16]}, 627858], [0.1875232275130556, {"__complex__": [69200.28125, -2.797019258863947e-15]}, 663338], [0.19252248147032103, {"__complex__": [69016.609375, -1.2086307830415691e-15]}, 698320], [0.19752054367425878, {"__complex__": [69164.8671875, -4.239480369137762e-15]}, 735408], [0.20251965322536392, {"__complex__": [68924.53125, -4.177691433217929e-15]}, 773280], [0.20751869637577072, {"__complex__": [69110.546875, 1.6495151378565767e-15]}, 811618], [0.212519566356889, {"__complex__": [68964.7890625, 4.0988136075872407e-16]}, 852066], [0.2175196083657329, {"__complex__": [68702.0078125, -1.175091984099443e-15]}, 891622], [0.22251711733371862, {"__complex__": [68581.46875, -1.5596490449687337e-17]}, 933025]]}, "attrs": {"poles": [0], "dk": 0.005, "kmin": 0.0, "kmax": null, "Nmesh": {"__dtype__": "<i8", "__shape__": [3], "__data__": [512, 512, 512]}, "BoxSize": {"__dtype__": "<f8", "__shape__": [3], "__data__": [3432.0, 7177.0, 3022.0]}, "BoxPad": {"__dtype__": "<f8", "__shape__": [3], "__data__": [0.1, 0.1, 0.1]}, "BoxCenter": {"__dtype__": "<f8", "__shape__": [3], "__data__": [-1751.1214830832025, 38.44379174616893, 1911.7823673180337]}, "mesh.resampler": "tsc", "mesh.interlaced": true, "alpha": 0.049738852364259366, "data.norm": 1.7852128788831076, "randoms.norm": 1.7849735890816838, "shotnoise": 66872.68823053439, "first.data.N": 239221, "first.data.W": 239221.0, "first.data.W2": 206096.42157091858, "first.data.num_per_cell": 0.0015355379996517195, "first.randoms.N": 4809540, "first.randoms.W": 4809540.0, "first.randoms.W2": 4143524.2734064707, "first.randoms.num_per_cell": 0.030871661554325153, "first.data.ext": 1, "first.randoms.ext": 1, "second.data.N": 239221, "second.data.W": 239221.0, "second.data.W2": 122085.9516227703, "second.data.num_per_cell": 0.0009096112223175935, "second.randoms.N": 4809540, "second.randoms.W": 4809540.0, "second.randoms.W2": 2454171.8072437258, "second.randoms.num_per_cell": 0.018285004848567588, "second.data.ext": 1, "second.randoms.ext": 1}}, "attrs": {"poles": [0], "dk": 0.005, "kmin": 0.0, "kmax": null, "Nmesh": {"__dtype__": "<i8", "__shape__": [3], "__data__": [512, 512, 512]}, "BoxSize": {"__dtype__": "<f8", "__shape__": [3], "__data__": [3432.0, 7177.0, 3022.0]}, "BoxPad": {"__dtype__": "<f8", "__shape__": [3], "__data__": [0.1, 0.1, 0.1]}, "BoxCenter": {"__dtype__": "<f8", "__shape__": [3], "__data__": [-1751.1214830832025, 38.44379174616893, 1911.7823673180337]}, "mesh.resampler": "tsc", "mesh.interlaced": true, "alpha": 0.049738852364259366, "data.norm": 1.7852128788831076, "randoms.norm": 1.7849735890816838, "shotnoise": 66872.68823053439, "first.data.N": 239221, "first.data.W": 239221.0, "first.data.W2": 206096.42157091858, "first.data.num_per_cell": 0.0015355379996517195, "first.randoms.N": 4809540, "first.randoms.W": 4809540.0, "first.randoms.W2": 4143524.2734064707, "first.randoms.num_per_cell": 0.030871661554325153, "first.data.ext": 1, "first.randoms.ext": 1, "second.data.N": 239221, "second.data.W": 239221.0, "second.data.W2": 122085.9516227703, "second.data.num_per_cell": 0.0009096112223175935, "second.randoms.N": 4809540, "second.randoms.W": 4809540.0, "second.randoms.W2": 2454171.8072437258, "second.randoms.num_per_cell": 0.018285004848567588, "second.data.ext": 1, "second.randoms.ext": 1, "p": 1.6, "zmin": 0.8, "zmax": 2.2, "P0_FKP": 30000.0, "z-weighted": true, "hashkeys": ["Nmesh", "P0_FKP", "dk", "kmin", "mesh.window", "mesh.interlaced", "poles", "p", "BoxPad", "zmin", "zmax", "z-weighted"]}}