{"poles": {"dims": ["k"], "edges": [{"__dtype__": "<f8", "__shape__": [57], "__data__": [0.0, 0.005, 0.01, 0.015, 0.02, 0.025, 0.03, 0.035, 0.04, 0.045, 0.05, 0.055, 0.06, 0.065, 0.07, 0.075, 0.08, 0.085, 0.09, 0.095, 0.1, 0.105, 0.11, 0.115, 0.12, 0.125, 0.13, 0.135, 0.14, 0.145, 0.15, 0.155, 0.16, 0.165, 0.17, 0.17500000000000002, 0.18, 0.185, 0.19, 0.195, 0.2, 0.20500000000000002, 0.21, 0.215, 0.22, 0.225, 0.23, 0.23500000000000001, 0.24, 0.245, 0.25, 0.255, 0.26, 0.265, 0.27, 0.275, 0.28]}], "coords": [{"__dtype__": "<f8", "__shape__": [56], "__data__": [0.0025, 0.0075, 0.0125, 0.0175, 0.0225, 0.0275, 0.0325, 0.037500000000000006, 0.042499999999999996, 0.0475, 0.052500000000000005, 0.057499999999999996, 0.0625, 0.0675, 0.07250000000000001, 0.0775, 0.0825, 0.0875, 0.0925, 0.0975, 0.10250000000000001, 0.1075, 0.1125, 0.1175, 0.1225, 0.1275, 0.1325, 0.1375, 0.14250000000000002, 0.1475, 0.1525, 0.1575, 0.1625, 0.1675, 0.17250000000000001, 0.1775, 0.1825, 0.1875, 0.1925, 0.1975, 0.2025, 0.20750000000000002, 0.2125, 0.2175, 0.2225, 0.2275, 0.2325, 0.2375, 0.2425, 0.2475, 0.2525, 0.2575, 0.2625, 0.2675, 0.2725, 0.2775]}], "data": {"__dtype__": [["k", "<f8"], ["power_0", "<c8"], ["modes", "<i8"]], "__shape__": [56], "__data__": [[0.003817923507958322, {"__complex__": [105152.6328125, -8.644702250044933e-13]}, 101], [0.00810615896312371, {"__complex__": [94942.1640625, 6.326919375779574e-14]}, 690], [0.01289349419904026, {"__complex__": [110643.2578125, 6.292720251127593e-14]}, 1850], [0.0177777433077804, {"__complex__": [116314.5, -5.5984564721741834e-14]}, 3574], [0.02268408467277388, {"__complex__": [100569.296875, 6.609972036950365e-14]}, 5834], [0.02764519960530024, {"__complex__": [101664.71875, 2.470893532369265e-14]}, 8834], [0.03262667860695804, {"__complex__": [97252.71875, -1.1875236749080576e-15]}, 12254], [0.037613832096311986, {"__complex__": [94273.34375, -2.7533531010703882e-14]}, 16384], [0.042616918496414205, {"__complex__": [90904.21875, -7.258675099517092e-15]}, 21050], [0.04760331077697597, {"__complex__": [90816.84375, -4.176784049173183e-16]}, 26130], [0.05257831853505707, {"__complex__": [89755.9921875, 4.225162124197376e-15]}, 31858], [0.057569358082616456, {"__complex__": [88629.1796875, 3.480052482079596e-14]}, 38470], [0.06256827706081136, {"__complex__": [85979.171875, -6.581816577080337e-15]}, 45324], [0.06756365091622923, {"__complex__": [85905.9375, 1.4589351387682588e-14]}, 52864], [0.07255381942210978, {"__complex__": [83516.4453125, -4.064113208837074e-15]}, 60870], [0.0775471553291221, {"__complex__": [82863.6484375, -5.846490758426408e-15]}, 69692], [0.08254608325598241, {"__complex__": [81023.7265625, 5.804844265992282e-15]}, 78966], [0.0875494324053353, {"__complex__": [80677.046875, 1.3074496700747553e-15]}, 89040], [0.09254976869987104, {"__complex__": [79198.875, 1.24741599817987e-15]}, 99158], [0.09754614025248923, {"__complex__": [78304.4609375, -1.1869425044271228e-15]}, 110340], [0.102547899492895, {"__complex__": [77776.15625, -1.0732203903243524e-15]}, 122032], [0.10754231147226077, {"__complex__": [77334.1015625, -4.027564160679524e-15]}, 133684], [0.11253671669951011, {"__complex__": [76995.8828125, 1.6831493338843873e-15]}, 146976], [0.11753895129685, {"__complex__": [75749.0859375, 1.8165596965246793e-16]}, 160214], [0.1225360479932493, {"__complex__": [76569.953125, -7.155280328744601e-15]}, 173884], [0.12753200317210478, {"__complex__": [76186.4453125, 3.781241473903817e-15]}, 188574], [0.1325275755916881, {"__complex__": [75517.1171875, 1.3596577104490765e-15]}, 203350], [0.1375272811495674, {"__complex__": [74364.8359375, -1.3625233287887562e-15]}, 219610], [0.142529428036179, {"__complex__": [75282.6171875, 1.2975899948104784e-15]}, 235506], [0.14752932669506447, {"__complex__": [74535.625, -8.78996423733211e-16]}, 252466], [0.15253193960671696, {"__complex__": [73811.8203125, -3.557319420451196e-15]}, 269986], [0.15752773686766208, {"__complex__": [73856.453125, -2.07775911412059e-15]}, 287150], [0.16252245934335338, {"__complex__": [73186.0234375, 9.027183755144557e-16]}, 306282], [0.16752300788598173, {"__complex__": [73615.8203125, -5.029278241354906e-16]}, 325512], [0.17252219007955327, {"__complex__": [73386.3359375, -1.2653032164435126e-15]}, 345022], [0.1775254812993765, {"__complex__": [73177.09375, -2.206148556617134e-15]}, 366082], [0.18252842014319337, {"__complex__": [73142.28125, -2.957537931599268e-15]}, 386242], [0.18752599494122102, {"__complex__": [72558.96875, -2.588609978565579e-16]}, 407560], [0.19252279913149098, {"__complex__": [72555.5703125, -3.0491817613549404e-16]}, 429516], [0.19752020852018795, {"__complex__": [72371.8203125, 1.560239029886276e-15]}, 452346], [0.2025198631051859, {"__complex__": [72679.5234375, -9.17800829461723e-17]}, 475656], [0.20751813794283147, {"__complex__": [72560.5078125, -4.778622345779282e-15]}, 499034], [0.21251672474809732, {"__complex__": [71952.3359375, 3.888495062086202e-16]}, 523922], [0.21751665627457717, {"__complex__": [71831.875, 9.220013981960551e-16]}, 548458], [0.2225164327699015, {"__complex__": [72238.46875, -9.309606774374007e-16]}, 574442], [0.22751764873526883, {"__complex__": [71769.0625, 1.1331115489258622e-15]}, 600384], [0.23251882878818408, {"__complex__": [71656.203125, 3.0974652333868365e-15]}, 627184], [0.23751881222619226, {"__complex__": [71259.6015625, 6.006587502874877e-16]}, 654118], [0.24251811158710695, {"__complex__": [71473.203125, -8.534246711091711e-17]}, 682048], [0.24751733941916657, {"__complex__": [71358.1328125, -2.2742489467851958e-15]}, 710240], [0.2525158073738906, {"__complex__": [71124.96875, -5.904802994674676e-17]}, 739326], [0.2575148798034389, {"__complex__": [71123.703125, 1.6085904763121891e-16]}, 768942], [0.26251753270758393, {"__complex__": [71212.7265625, -7.024371704383804e-16]}, 800168], [0.26751867362769016, {"__complex__": [71165.640625, 1.0526000349679365e-16]}, 829484], [0.2725152134858752, {"__complex__": [71099.4140625, -8.455106702294068e-17]}, 860540], [0.2775126670259358, {"__complex__": [71061.578125, -9.945323000738488e-16]}, 892547]]}, "attrs": {"poles": [0], "dk": 0.005, "kmin": 0.0, "kmax": null, "Nmesh": {"__dtype__": "<i8", "__shape__": [3], "__data__": [512, 512, 512]}, "BoxSize": {"__dtype__": "<f8", "__shape__": [3], "__data__": [2663.0, 5787.0, 2971.0]}, "BoxPad": {"__dtype__": "<f8", "__shape__": [3], "__data__": [0.1, 0.1, 0.1]}, "BoxCenter": {"__dtype__": "<f8", "__shape__": [3], "__data__": [2583.4897578260125, 46.35063590809045, 890.9904168365626]}, "mesh.resampler": "tsc", "mesh.interlaced": true, "alpha": 0.05003239078056099, "data.norm": 1.8377272734754904, "randoms.norm": 1.8377175818009253, "shotnoise": 70182.91681817654, "first.data.N": 140872, "first.data.W": 140872.0, "first.data.W2": 125477.14231465118, "first.data.num_per_cell": 0.0009348775618869899, "first.randoms.N": 2815616, "first.randoms.W": 2815616.0, "first.randoms.W2": 2508071.093528773, "first.randoms.num_per_cell": 0.018686585825151005, "first.data.ext": 1, "first.randoms.ext": 1, "second.data.N": 140872, "second.data.W": 140872.0, "second.data.W2": 132209.9030956924, "second.data.num_per_cell": 0.0009850405387259453, "second.randoms.N": 2815616, "second.randoms.W": 2815616.0, "second.randoms.W2": 2642804.201343417, "second.randoms.num_per_cell": 0.019690425703998038, "second.data.ext": 1, "second.randoms.ext": 1}}, "attrs": {"poles": [0], "dk": 0.005, "kmin": 0.0, "kmax": null, "Nmesh": {"__dtype__": "<i8", "__shape__": [3], "__data__": [512, 512, 512]}, "BoxSize": {"__dtype__": "<f8", "__shape__": [3], "__data__": [2663.0, 5787.0, 2971.0]}, "BoxPad": {"__dtype__": "<f8", "__shape__": [3], "__data__": [0.1, 0.1, 0.1]}, "BoxCenter": {"__dtype__": "<f8", "__shape__": [3], "__data__": [2583.4897578260125, 46.35063590809045, 890.9904168365626]}, "mesh.resampler": "tsc", "mesh.interlaced": true, "alpha": 0.05003239078056099, "data.norm": 1.8377272734754904, "randoms.norm": 1.8377175818009253,