{"poles": {"dims": ["k"], "edges": [{"__dtype__": "<f8", "__shape__": [46], "__data__": [0.0, 0.005, 0.01, 0.015, 0.02, 0.025, 0.03, 0.035, 0.04, 0.045, 0.05, 0.055, 0.06, 0.065, 0.07, 0.075, 0.08, 0.085, 0.09, 0.095, 0.1, 0.105, 0.11, 0.115, 0.12, 0.125, 0.13, 0.135, 0.14, 0.145, 0.15, 0.155, 0.16, 0.165, 0.17, 0.17500000000000002, 0.18, 0.185, 0.19, 0.195, 0.2, 0.20500000000000002, 0.21, 0.215, 0.22, 0.225]}], "coords": [{"__dtype__": "<f8", "__shape__": [45], "__data__": [0.0025, 0.0075, 0.0125, 0.0175, 0.0225, 0.0275, 0.0325, 0.037500000000000006, 0.042499999999999996, 0.0475, 0.052500000000000005, 0.057499999999999996, 0.0625, 0.0675, 0.07250000000000001, 0.0775, 0.0825, 0.0875, 0.0925, 0.0975, 0.10250000000000001, 0.1075, 0.1125, 0.1175, 0.1225, 0.1275, 0.1325, 0.1375, 0.14250000000000002, 0.1475, 0.1525, 0.1575, 0.1625, 0.1675, 0.17250000000000001, 0.1775, 0.1825, 0.1875, 0.1925, 0.1975, 0.2025, 0.20750000000000002, 0.2125, 0.2175, 0.2225]}], "data": {"__dtype__": [["k", "<f8"], ["power_0", "<c8"], ["modes", "<i8"]], "__shape__": [45], "__data__": [[0.0038168342788585828, {"__complex__": [87778.8125, 1.045646642189313e-12]}, 167], [0.00805506747260273, {"__complex__": [106792.2421875, -1.950117991351627e-13]}, 1082], [0.012822209648054965, {"__complex__": [95723.625, 8.301428392355065e-14]}, 2980], [0.017720501658607068, {"__complex__": [97710.828125, 6.930683782956082e-14]}, 5774], [0.02266195912696502, {"__complex__": [98606.515625, -2.670496253466678e-15]}, 9536], [0.027650106614966106, {"__complex__": [93099.21875, 9.609564222644567e-15]}, 14386], [0.032639886972598585, {"__complex__": [91884.8828125, -1.6278538372415004e-14]}, 19890], [0.03761266187770657, {"__complex__": [89185.3046875, 3.303249558581664e-15]}, 26432], [0.04260386005847787, {"__complex__": [88764.0234375, -1.0645458200324027e-15]}, 34174], [0.047594036470399635, {"__complex__": [83454.859375, -1.203262711738345e-15]}, 42328], [0.05257721604626335, {"__complex__": [83723.9296875, -1.180252320572353e-14]}, 51938], [0.057576182375472414, {"__complex__": [80248.671875, 7.645509964330447e-15]}, 62334], [0.0625695291417203, {"__complex__": [78949.4296875, -1.0309258329822824e-14]}, 73400], [0.06756300283821329, {"__complex__": [77795.3125, -4.00210700896627e-15]}, 85902], [0.07255888855408277, {"__complex__": [77287.21875, 9.723276701747562e-15]}, 98776], [0.07755553893713511, {"__complex__": [75976.1484375, 5.784056595159004e-16]}, 113214], [0.08255236787343746, {"__complex__": [74498.734375, -7.391838949099953e-16]}, 127962], [0.08755036350846879, {"__complex__": [73569.1328125, -4.186396814333335e-15]}, 144254], [0.0925447152172073, {"__complex__": [72999.21875, 1.267683061387942e-15]}, 160708], [0.09753833237303151, {"__complex__": [71205.25, 1.789823392712173e-15]}, 178868], [0.10253817822609679, {"__complex__": [70618.7578125, 4.7071204830532835e-15]}, 197854], [0.10753854669087555, {"__complex__": [70509.9765625, 1.856230987535147e-15]}, 217546], [0.11253889313634213, {"__complex__": [69700.453125, 3.986064628461747e-15]}, 238208], [0.11753787180037746, {"__complex__": [69539.3515625, -5.600466041959676e-17]}, 259834], [0.12253215415589361, {"__complex__": [68793.5859375, -5.85677807944993e-16]}, 281850], [0.1275316540214556, {"__complex__": [67899.359375, -5.2437467718414576e-15]}, 306540], [0.132530702576992, {"__complex__": [67766.171875, 2.1848397487630577e-15]}, 329690], [0.13752905381378516, {"__complex__": [67634.1015625, -7.555469303246131e-16]}, 356312], [0.14253172047421425, {"__complex__": [66719.9609375, -2.5146584965561212e-15]}, 382112], [0.14752872316201493, {"__complex__": [67176.875, 2.5794329059776705e-16]}, 409010], [0.15252733091583284, {"__complex__": [66990.9453125, -1.5785439412720334e-15]}, 437882], [0.15752731486008162, {"__complex__": [66480.3203125, -3.5202172597790897e-15]}, 466604], [0.16252585414869433, {"__complex__": [66425.59375, -8.840636924610415e-16]}, 496894], [0.16752597394579832, {"__complex__": [66281.0546875, -3.2896169868120795e-15]}, 528066], [0.17252483333435997, {"__complex__": [66463.640625, 1.1898168048545118e-15]}, 559540], [0.1775220985519362, {"__complex__": [65854.203125, -3.4951531313533613e-15]}, 592772], [0.1825221207471658, {"__complex__": [65411.69140625, -2.19963677907688e-15]}, 626828], [0.1875229416014627, {"__complex__": [65700.78125, 1.0776851009893298e-15]}, 661644], [0.19252131777947887, {"__complex__": [65511.015625, -1.879466451237092e-16]}, 696832], [0.1975183512338637, {"__complex__": [65136.4453125, -2.0979011340898236e-15]}, 733526], [0.2025180727878538, {"__complex__": [65027.46875, -1.9837848320292248e-15]}, 772054], [0.20751968349223512, {"__complex__": [64956.29296875, -2.3798711495111693e-16]}, 810182], [0.2125198129593548, {"__complex__": [65109.32421875, -3.896216561493813e-16]}, 849686], [0.2175185816858741, {"__complex__": [64983.75390625, 1.8140999922551916e-15]}, 889892], [0.22251717953683822, {"__complex__": [64703.27734375, -1.283610457169875e-15]}, 931027]]}, "attrs": {"poles": [0], "dk": 0.005, "kmin": 0.0, "kmax": null, "Nmesh": {"__dtype__": "<i8", "__shape__": [3], "__data__": [512, 512, 512]}, "BoxSize": {"__dtype__": "<f8", "__shape__": [3], "__data__": [3424.0, 7183.0, 3020.0]}, "BoxPad": {"__dtype__": "<f8", "__shape__": [3], "__data__": [0.1, 0.1, 0.1]}, "BoxCenter": {"__dtype__": "<f8", "__shape__": [3], "__data__": [-1751.6339207269891, 39.54385481229815, 1913.0294841329885]}, "mesh.resampler": "tsc", "mesh.interlaced": true, "alpha": 0.049566872830569535, "data.norm": 5.503978730731662, "randoms.norm": 5.5051430339066485, "shotnoise": 62995.575161582645, "first.data.N": 238389, "first.data.W": 238389.0, "first.data.W2": 205418.41317102243, "first.data.num_per_cell": 0.0015304864434229019, "first.randoms.N": 4809442, "first.randoms.W": 4809442.0, "first.randoms.W2": 4144882.307310513, "first.randoms.num_per_cell": 0.030881779695380578, "first.data.ext": 1, "first.randoms.ext": 1, "second.data.N": 238389, "second.data.W": 238389.0, "second.data.W2": 372125.55365663767, "second.data.num_per_cell": 0.0027725514296936815, "second.randoms.N": 4809442, "second.randoms.W": 4809442.0, "second.randoms.W2": 7509955.638612509, "second.randoms.num_per_cell": 0.055953529764805054, "second.data.ext": 1, "second.randoms.ext": 1}}, "attrs": {"poles": [0], "dk": 0.005, "kmin": 0.0, "kmax": null, "Nmesh": {"__dtype__": "<i8", "__shape__": [3], "__data__": [512, 512, 512]}, "BoxSize": {"__dtype__": "<f8", "__shape__": [3], "__data__": [3424.0, 7183.0, 3020.0]}, "BoxPad": {"__dtype__": "<f8", "__shape__": [3], "__data__": [0.1, 0.1, 0.1]}, "BoxCenter": {"__dtype__": "<f8", "__shape__": [3], "__data__": [-1751.6339207269891, 39.54385481229815, 1913.0294841329885]}, "mesh.resampler": "tsc", "mesh.interlaced": true, "alpha": 0.049566872830569535, "data.norm": 5.503978730731662, "randoms.norm": 5.5051430339066485, "shotnoise": 62995.575161582645, "first.data.N": 238389, "first.data.W": 238389.0, "first.data.W2": 205418.41317102243, "first.data.num_per_cell": 0.0015304864434229019, "first.randoms.N": 4809442, "first.randoms.W": 4809442.0, "first.randoms.W2": 4144882.307310513, "first.randoms.num_per_cell": 0.030881779695380578, "first.data.ext": 1, "first.randoms.ext": 1, "second.data.N": 238389, "second.data.W": 238389.0, "second.data.W2": 372125.55365663767, "second.data.num_per_cell": 0.0027725514296936815, "second.randoms.N": 4809442, "second.randoms.W": 4809442.0, "second.randoms.W2": 7509955.638612509, "second.randoms.num_per_cell": 0.055953529764805054, "second.data.ext": 1, "second.randoms.ext": 1, "p": 0.0, "zmin": 0.8, "zmax": 2.2, "P0_FKP": 30000.0, "z-weighted": true, "hashkeys": ["Nmesh", "P0_FKP", "dk", "kmin", "mesh.window", "mesh.interlaced", "poles", "p", "BoxPad", "zmin", "zmax", "z-weighted"]}}