{"poles": {"dims": ["k"], "edges": [{"__dtype__": "<f8", "__shape__": [56], "__data__": [0.0, 0.005, 0.01, 0.015, 0.02, 0.025, 0.03, 0.035, 0.04, 0.045, 0.05, 0.055, 0.06, 0.065, 0.07, 0.075, 0.08, 0.085, 0.09, 0.095, 0.1, 0.105, 0.11, 0.115, 0.12, 0.125, 0.13, 0.135, 0.14, 0.145, 0.15, 0.155, 0.16, 0.165, 0.17, 0.17500000000000002, 0.18, 0.185, 0.19, 0.195, 0.2, 0.20500000000000002, 0.21, 0.215, 0.22, 0.225, 0.23, 0.23500000000000001, 0.24, 0.245, 0.25, 0.255, 0.26, 0.265, 0.27, 0.275]}], "coords": [{"__dtype__": "<f8", "__shape__": [55], "__data__": [0.0025, 0.0075, 0.0125, 0.0175, 0.0225, 0.0275, 0.0325, 0.037500000000000006, 0.042499999999999996, 0.0475, 0.052500000000000005, 0.057499999999999996, 0.0625, 0.0675, 0.07250000000000001, 0.0775, 0.0825, 0.0875, 0.0925, 0.0975, 0.10250000000000001, 0.1075, 0.1125, 0.1175, 0.1225, 0.1275, 0.1325, 0.1375, 0.14250000000000002, 0.1475, 0.1525, 0.1575, 0.1625, 0.1675, 0.17250000000000001, 0.1775, 0.1825, 0.1875, 0.1925, 0.1975, 0.2025, 0.20750000000000002, 0.2125, 0.2175, 0.2225, 0.2275, 0.2325, 0.2375, 0.2425, 0.2475, 0.2525, 0.2575, 0.2625, 0.2675, 0.2725]}], "data": {"__dtype__": [["k", "<f8"], ["power_0", "<c8"], ["modes", "<i8"]], "__shape__": [55], "__data__": [[0.0038155340624014718, {"__complex__": [-92232.65625, -2.8815673263314634e-13]}, 101], [0.008101071351136305, {"__complex__": [-76074.8515625, 7.381406277222682e-14]}, 690], [0.012885323225496806, {"__complex__": [-83526.6640625, 1.8878160753382778e-13]}, 1850], [0.01777140696152351, {"__complex__": [-88121.2265625, -6.500017673627748e-14]}, 3582], [0.02269079790100353, {"__complex__": [-82943.4921875, 1.983225324415916e-14]}, 5870], [0.027642742318228383, {"__complex__": [-69736.0703125, 3.308005182712376e-14]}, 8798], [0.0326169974652817, {"__complex__": [-69075.6328125, 2.3673198682383143e-14]}, 12294], [0.037616220515650854, {"__complex__": [-69518.3359375, -2.0328841556080043e-14]}, 16464], [0.04262111913811094, {"__complex__": [-66288.015625, 2.2113272313533522e-14]}, 21058], [0.04759917622671363, {"__complex__": [-64809.6875, 1.0581185552044608e-14]}, 26130], [0.052578870804995924, {"__complex__": [-63271.5546875, -1.4539193484677977e-14]}, 32028], [0.057568814345485414, {"__complex__": [-64185.00390625, -1.4018456263430873e-14]}, 38408], [0.06256411058150857, {"__complex__": [-63548.42578125, 2.5353718825999252e-14]}, 45486], [0.06756289077025, {"__complex__": [-62493.8515625, -3.710119928971136e-15]}, 52950], [0.07255316170851195, {"__complex__": [-61259.2734375, 0.0]}, 60994], [0.07754893481949275, {"__complex__": [-60800.35546875, 1.1763624064653824e-14]}, 69892], [0.08254606812792781, {"__complex__": [-61136.8515625, 1.8421545705012013e-15]}, 78994], [0.0875446930341511, {"__complex__": [-58489.39453125, 8.772014656267726e-15]}, 89166], [0.09254716117833586, {"__complex__": [-57378.66796875, 6.144987286621191e-15]}, 99460], [0.0975445185716976, {"__complex__": [-56883.05859375, -7.113918015864279e-15]}, 110460], [0.10254143689707444, {"__complex__": [-55263.53515625, -5.362235246217546e-16]}, 122120], [0.10754037236470787, {"__complex__": [-55444.22265625, 6.717835668849275e-15]}, 134302], [0.11253783009858033, {"__complex__": [-55797.5546875, 3.0925096671289252e-15]}, 147048], [0.11753541111240981, {"__complex__": [-55529.39453125, 2.1767467724685165e-15]}, 160444], [0.12253243088269303, {"__complex__": [-54689.53125, -1.8371100657838283e-15]}, 174264], [0.12753081040134293, {"__complex__": [-55668.94140625, 1.3855741657779795e-15]}, 189044], [0.13253317127127823, {"__complex__": [-54426.78125, -1.6213296930202162e-15]}, 204188], [0.13753156653892626, {"__complex__": [-53473.33984375, 1.690664633708901e-15]}, 219484], [0.1425303330266623, {"__complex__": [-53569.53515625, 1.2628448091932254e-15]}, 236224], [0.1475294123090085, {"__complex__": [-53561.09765625, -2.0163464725875746e-15]}, 252594], [0.1525311553164556, {"__complex__": [-52797.93359375, 1.0748622578134865e-15]}, 270768], [0.1575313815026019, {"__complex__": [-53162.25390625, 5.913029431597969e-15]}, 287936], [0.1625234149550047, {"__complex__": [-53043.08984375, -1.3301828697087582e-15]}, 306314], [0.16751917175489017, {"__complex__": [-52943.35546875, 4.685701560916064e-15]}, 326088], [0.1725203193133062, {"__complex__": [-52386.56640625, 9.464318400981189e-16]}, 345950], [0.1775233316968477, {"__complex__": [-52031.02734375, -5.3209466252036354e-15]}, 366468], [0.18252757426122462, {"__complex__": [-52198.640625, -5.257791848656355e-16]}, 387476], [0.18752593347588362, {"__complex__": [-52211.28125, -7.847659671148606e-16]}, 407946], [0.19252230993033093, {"__complex__": [-52152.88671875, 1.3515919450879659e-16]}, 430660], [0.1975211658309866, {"__complex__": [-51955.85546875, 8.349438283332909e-16]}, 453144], [0.20251881510708078, {"__complex__": [-51848.9140625, -3.6664088466676367e-16]}, 476278], [0.20751864071321174, {"__complex__": [-51357.93359375, 1.7443181093379322e-16]}, 500548], [0.21251908782220208, {"__complex__": [-51546.0703125, -1.9966266985425472e-15]}, 524754], [0.21751986089293338, {"__complex__": [-51462.10546875, 2.6462164246105477e-16]}, 549914], [0.22251915778715609, {"__complex__": [-51538.8671875, 1.0123036336423953e-16]}, 575002], [0.2275174442742539, {"__complex__": [-51320.41796875, 3.435741816916471e-15]}, 601434], [0.23251842200860104, {"__complex__": [-51331.98828125, 3.5834342932479935e-15]}, 628422], [0.2375177749067327, {"__complex__": [-51330.83203125, 4.842212497261451e-15]}, 655138], [0.24251580183442303, {"__complex__": [-51483.60546875, 2.0447356288477497e-15]}, 683210], [0.24751401454716065, {"__complex__": [-51322.41015625, 2.914760279603643e-16]}, 711430], [0.252514793967533, {"__complex__": [-51439.12890625, -1.736613100603013e-15]}, 741584], [0.2575162184643588, {"__complex__": [-51159.3046875, 1.4004325001013593e-15]}, 770234], [0.2625153926469053, {"__complex__": [-51261.77734375, -3.6344079419203693e-16]}, 800786], [0.267517122586476, {"__complex__": [-51231.51953125, -2.6231073011666415e-15]}, 832138], [0.27251633608995446, {"__complex__": [-50848.5703125, -1.198552679156019e-15]}, 862028]]}, "attrs": {"poles": [0], "dk": 0.005, "kmin": 0.0, "kmax": null, "Nmesh": {"__dtype__": "<i8", "__shape__": [3], "__data__": [512, 512, 512]}, "BoxSize": {"__dtype__": "<f8", "__shape__": [3], "__data__": [2663.0, 5800.0, 2970.0]}, "BoxPad": {"__dtype__": "<f8", "__shape__": [3], "__data__": [0.1, 0.1, 0.1]}, "BoxCenter": {"__dtype__": "<f8", "__shape__": [3], "__data__": [2584.19229470663, 45.53122988352652, 889.8587524111316]}, "mesh.resampler": "tsc", "mesh.interlaced": true, "alpha": 0.04982838066996351, "data.norm": -0.8254235819318357, "randoms.norm": -0.8261673450621888, "shotnoise": 60622.37951584614, "first.data.N": 140308, "first.data.W": 140308.0, "first.data.W2": 125022.57706167012, "first.data.num_per_cell": 0.0009314907868330935, "first.randoms.N": 2815825, "first.randoms.W": 2815825.0, "first.randoms.W2": 2508791.651863356, "first.randoms.num_per_cell": 0.0186919544030976, "first.data.ext": 1, "first.randoms.ext": 1, "second.data.N": 140308, "second.data.W": 140308.0, "second.data.W2": -58371.000541292626, "second.data.num_per_cell": -0.0004348978440559851, "second.randoms.N": 2815825, "second.randoms.W": 2815825.0, "second.randoms.W2": -1172654.9728521556, "second.randoms.num_per_cell": -0.008736960387618509, "second.data.ext": 1, "second.randoms.ext": 1}}, "attrs": {"poles": [0], "dk": 0.005, "kmin": 0.0, "kmax": null, "Nmesh": {"__dtype__": "<i8", "__shape__": [3], "__data__": [512, 512, 512]}, "BoxSize": {"__dtype__": "<f8", "__shape__": [3], "__data__": [2663.0, 5800.0, 2970.0]}, "BoxPad": {"__dtype__": "<f8", "__shape__": [3], "__data__": [0.1, 0.1, 0.1]}, "BoxCenter": {"__dtype__": "<f8", "__shape__": [3], "__data__": [2584.19229470663, 45.53122988352652, 889.8587524111316]}, "mesh.resampler": "tsc", "mesh.interlaced": true, "alpha": 0.04982838066996351, "data.norm": -0.8254235819318357,