{"poles": {"dims": ["k"], "edges": [{"__dtype__": "<f8", "__shape__": [46], "__data__": [0.0, 0.005, 0.01, 0.015, 0.02, 0.025, 0.03, 0.035, 0.04, 0.045, 0.05, 0.055, 0.06, 0.065, 0.07, 0.075, 0.08, 0.085, 0.09, 0.095, 0.1, 0.105, 0.11, 0.115, 0.12, 0.125, 0.13, 0.135, 0.14, 0.145, 0.15, 0.155, 0.16, 0.165, 0.17, 0.17500000000000002, 0.18, 0.185, 0.19, 0.195, 0.2, 0.20500000000000002, 0.21, 0.215, 0.22, 0.225]}], "coords": [{"__dtype__": "<f8", "__shape__": [45], "__data__": [0.0025, 0.0075, 0.0125, 0.0175, 0.0225, 0.0275, 0.0325, 0.037500000000000006, 0.042499999999999996, 0.0475, 0.052500000000000005, 0.057499999999999996, 0.0625, 0.0675, 0.07250000000000001, 0.0775, 0.0825, 0.0875, 0.0925, 0.0975, 0.10250000000000001, 0.1075, 0.1125, 0.1175, 0.1225, 0.1275, 0.1325, 0.1375, 0.14250000000000002, 0.1475, 0.1525, 0.1575, 0.1625, 0.1675, 0.17250000000000001, 0.1775, 0.1825, 0.1875, 0.1925, 0.1975, 0.2025, 0.20750000000000002, 0.2125, 0.2175, 0.2225]}], "data": {"__dtype__": [["k", "<f8"], ["power_0", "<c8"], ["modes", "<i8"]], "__shape__": [45], "__data__": [[0.0038130657995617905, {"__complex__": [88519.2109375, 3.8122532474565984e-13]}, 167], [0.008061611819848073, {"__complex__": [104340.296875, 4.4723776006401483e-13]}, 1090], [0.012820286074312997, {"__complex__": [101645.96875, 6.356683435919733e-14]}, 2976], [0.017720880933503144, {"__complex__": [101607.8671875, -5.2597283353803675e-14]}, 5810], [0.022674605872385952, {"__complex__": [99469.21875, 4.646084135907086e-14]}, 9592], [0.02765404905014922, {"__complex__": [95635.296875, -4.493676142454904e-14]}, 14370], [0.03263447860891085, {"__complex__": [92305.8359375, 6.567407276098121e-15]}, 19942], [0.03761619400945591, {"__complex__": [89406.6875, -1.2308950652359721e-14]}, 26600], [0.04260086924799674, {"__complex__": [88904.28125, -4.0547662002641226e-15]}, 34094], [0.047588808188297485, {"__complex__": [85457.9609375, 6.4915097358923465e-15]}, 42592], [0.05257553529598116, {"__complex__": [83935.0703125, 9.235579694674007e-15]}, 51996], [0.0575714213848656, {"__complex__": [80168.09375, -2.5016484940027688e-15]}, 62532], [0.06257104075014469, {"__complex__": [79456.5546875, 7.39827544658702e-15]}, 73760], [0.06756182085192068, {"__complex__": [80067.703125, -6.775107907456993e-16]}, 85914], [0.07255073023428854, {"__complex__": [77958.2421875, -3.5455376156713625e-15]}, 99016], [0.07755195562674988, {"__complex__": [76366.5546875, 2.558038706614599e-16]}, 113774], [0.08255282727123546, {"__complex__": [75003.2265625, -4.537901193762885e-16]}, 128270], [0.08754675671269314, {"__complex__": [73912.0078125, 2.7691273109438103e-15]}, 144514], [0.09254226848084404, {"__complex__": [72865.1015625, 2.705152182987114e-15]}, 161380], [0.09754096750121571, {"__complex__": [71504.921875, 7.69968365053799e-15]}, 179544], [0.10254284827895126, {"__complex__": [71584.4375, 1.0082175599397303e-16]}, 198458], [0.1075353111326152, {"__complex__": [70222.6953125, 1.48473567763833e-15]}, 217460], [0.11253199975695813, {"__complex__": [70075.40625, 7.221047460780332e-16]}, 239306], [0.11753540022769808, {"__complex__": [69788.1171875, -1.7871694267301884e-15]}, 260558], [0.12253266451602741, {"__complex__": [69779.828125, 9.383854506156766e-16]}, 283010], [0.12753197118604262, {"__complex__": [68507.3984375, 5.9231176998788865e-16]}, 307100], [0.13253128846466128, {"__complex__": [68245.2265625, -1.777827288596684e-15]}, 330990], [0.13752942518843414, {"__complex__": [67723.7109375, -1.3068331359682725e-15]}, 357024], [0.1425303862488795, {"__complex__": [67333.78125, -2.183159447153942e-15]}, 383268], [0.147526539550038, {"__complex__": [66902.2109375, 9.627569178487878e-16]}, 409990], [0.15252496114423705, {"__complex__": [66608.5859375, 1.627032659974961e-15]}, 439366], [0.1575265931736865, {"__complex__": [66105.6484375, 3.6925666799167276e-17]}, 467978], [0.16252585039957576, {"__complex__": [66481.7421875, -3.649028101166893e-15]}, 498486], [0.16752577027940324, {"__complex__": [66506.71875, 2.0236341323075138e-15]}, 529436], [0.17252668544146757, {"__complex__": [65822.640625, -1.0879587636065773e-15]}, 561768], [0.17752334667822198, {"__complex__": [66244.7421875, 9.190281007929557e-18]}, 593776], [0.18252135528882096, {"__complex__": [65946.6953125, -1.7411800904963714e-15]}, 628902], [0.18752244261936127, {"__complex__": [65887.40625, 8.774274672519898e-17]}, 663390], [0.19252178923893226, {"__complex__": [65311.49609375, -1.1523028802909213e-15]}, 699306], [0.19752168354394442, {"__complex__": [65226.0703125, 8.600259032695893e-16]}, 736034], [0.20252027562256084, {"__complex__": [65416.23828125, -8.040760948507721e-16]}, 773676], [0.20752080555215058, {"__complex__": [64878.16796875, 1.387489201392603e-16]}, 812816], [0.21252189084007841, {"__complex__": [64531.59765625, -8.622178657184058e-16]}, 852304], [0.21751897201027126, {"__complex__": [64343.78515625, 1.1148943054501456e-15]}, 891634], [0.22251540826279945, {"__complex__": [64637.83203125, -2.722924416528167e-15]}, 933903]]}, "attrs": {"poles": [0], "dk": 0.005, "kmin": 0.0, "kmax": null, "Nmesh": {"__dtype__": "<i8", "__shape__": [3], "__data__": [512, 512, 512]}, "BoxSize": {"__dtype__": "<f8", "__shape__": [3], "__data__": [3428.0, 7186.0, 3024.0]}, "BoxPad": {"__dtype__": "<f8", "__shape__": [3], "__data__": [0.1, 0.1, 0.1]}, "BoxCenter": {"__dtype__": "<f8", "__shape__": [3], "__data__": [-1753.0225805263822, 38.500822506275426, 1910.7975708304514]}, "mesh.resampler": "tsc", "mesh.interlaced": true, "alpha": 0.0500915605699513, "data.norm": 5.563174209919824, "randoms.norm": 5.562522036441909, "shotnoise": 63028.80966448781, "first.data.N": 241019, "first.data.W": 241019.0, "first.data.W2": 207644.07630104388, "first.data.num_per_cell": 0.0015470689259547284, "first.randoms.N": 4811569, "first.randoms.W": 4811569.0, "first.randoms.W2": 4144999.9234583145, "first.randoms.num_per_cell": 0.03088265600396927, "first.data.ext": 1, "first.randoms.ext": 1, "second.data.N": 241019, "second.data.W": 241019.0, "second.data.W2": 376087.6452149749, "second.data.num_per_cell": 0.0028020713121814644, "second.randoms.N": 4811569, "second.randoms.W": 4811569.0, "second.randoms.W2": 7506827.817266464, "second.randoms.num_per_cell": 0.05593022567977357, "second.data.ext": 1, "second.randoms.ext": 1}}, "attrs": {"poles": [0], "dk": 0.005, "kmin": 0.0, "kmax": null, "Nmesh": {"__dtype__": "<i8", "__shape__": [3], "__data__": [512, 512, 512]}, "BoxSize": {"__dtype__": "<f8", "__shape__": [3], "__data__": [3428.0, 7186.0, 3024.0]}, "BoxPad": {"__dtype__": "<f8", "__shape__": [3], "__data__": [0.1, 0.1, 0.1]}, "BoxCenter": {"__dtype__": "<f8", "__shape__": [3], "__data__": [-1753.0225805263822, 38.500822506275426, 1910.7975708304514]}, "mesh.resampler": "tsc", "mesh.interlaced": true, "alpha": 0.0500915605699513, "data.norm": 5.563174209919824, "randoms.norm": 5.562522036441909, "shotnoise": 63028.80966448781, "first.data.N": 241019, "first.data.W": 241019.0, "first.data.W2": 207644.07630104388, "first.data.num_per_cell": 0.0015470689259547284, "first.randoms.N": 4811569, "first.randoms.W": 4811569.0, "first.randoms.W2": 4144999.9234583145, "first.randoms.num_per_cell": 0.03088265600396927, "first.data.ext": 1, "first.randoms.ext": 1, "second.data.N": 241019, "second.data.W": 241019.0, "second.data.W2": 376087.6452149749, "second.data.num_per_cell": 0.0028020713121814644, "second.randoms.N": 4811569, "second.randoms.W": 4811569.0, "second.randoms.W2": 7506827.817266464, "second.randoms.num_per_cell": 0.05593022567977357, "second.data.ext": 1, "second.randoms.ext": 1, "p": 0.0, "zmin": 0.8, "zmax": 2.2, "P0_FKP": 30000.0, "z-weighted": true, "hashkeys": ["Nmesh", "P0_FKP", "dk", "kmin", "mesh.window", "mesh.interlaced", "poles", "p", "BoxPad", "zmin", "zmax", "z-weighted"]}}