{"poles": {"dims": ["k"], "edges": [{"__dtype__": "<f8", "__shape__": [46], "__data__": [0.0, 0.005, 0.01, 0.015, 0.02, 0.025, 0.03, 0.035, 0.04, 0.045, 0.05, 0.055, 0.06, 0.065, 0.07, 0.075, 0.08, 0.085, 0.09, 0.095, 0.1, 0.105, 0.11, 0.115, 0.12, 0.125, 0.13, 0.135, 0.14, 0.145, 0.15, 0.155, 0.16, 0.165, 0.17, 0.17500000000000002, 0.18, 0.185, 0.19, 0.195, 0.2, 0.20500000000000002, 0.21, 0.215, 0.22, 0.225]}], "coords": [{"__dtype__": "<f8", "__shape__": [45], "__data__": [0.0025, 0.0075, 0.0125, 0.0175, 0.0225, 0.0275, 0.0325, 0.037500000000000006, 0.042499999999999996, 0.0475, 0.052500000000000005, 0.057499999999999996, 0.0625, 0.0675, 0.07250000000000001, 0.0775, 0.0825, 0.0875, 0.0925, 0.0975, 0.10250000000000001, 0.1075, 0.1125, 0.1175, 0.1225, 0.1275, 0.1325, 0.1375, 0.14250000000000002, 0.1475, 0.1525, 0.1575, 0.1625, 0.1675, 0.17250000000000001, 0.1775, 0.1825, 0.1875, 0.1925, 0.1975, 0.2025, 0.20750000000000002, 0.2125, 0.2175, 0.2225]}], "data": {"__dtype__": [["k", "<f8"], ["power_0", "<c8"], ["modes", "<i8"]], "__shape__": [45], "__data__": [[0.0038129153450657694, {"__complex__": [81522.765625, 1.7427444036488549e-13]}, 167], [0.008046360427673108, {"__complex__": [113034.8515625, 6.724545101527771e-14]}, 1082], [0.012808680963716781, {"__complex__": [106424.7734375, -1.367294000459776e-13]}, 2980], [0.01771429092311798, {"__complex__": [107693.4375, -1.1278611643803296e-13]}, 5806], [0.022669891910409672, {"__complex__": [107491.9296875, -5.608550733213202e-14]}, 9600], [0.027654182729575538, {"__complex__": [100984.296875, 4.0461323934327595e-15]}, 14386], [0.03262925342166701, {"__complex__": [97296.3046875, 3.21912669318334e-14]}, 19890], [0.037605853748925985, {"__complex__": [91605.4140625, 2.407083660540578e-14]}, 26600], [0.04260025240365344, {"__complex__": [93369.6640625, -1.80740076632371e-14]}, 34218], [0.047588302721117665, {"__complex__": [87122.2265625, 1.2330970120856544e-14]}, 42484], [0.05257209354642642, {"__complex__": [84854.515625, 6.1490115401535966e-15]}, 52064], [0.057569438746062185, {"__complex__": [85151.03125, -3.4908957320022244e-15]}, 62528], [0.0625690684635597, {"__complex__": [84029.796875, 1.9720180356144252e-16]}, 73792], [0.0675619661177957, {"__complex__": [82575.6953125, 1.129649386457255e-14]}, 85986], [0.07255096427376025, {"__complex__": [82103.40625, 6.944671092123976e-15]}, 99008], [0.07755166197943768, {"__complex__": [80519.8359375, 8.054990254988646e-15]}, 113814], [0.082553185247022, {"__complex__": [79979.8203125, -4.421971923557807e-15]}, 128342], [0.08755002469599299, {"__complex__": [77373.9453125, 6.9403080254126694e-15]}, 144674], [0.09254541945896352, {"__complex__": [76388.171875, -3.2472289170326326e-15]}, 161328], [0.09754003447177764, {"__complex__": [75928.75, -4.663139567816525e-15]}, 179436], [0.10253963777114344, {"__complex__": [74357.796875, -3.5927757961067876e-15]}, 198466], [0.10753523104569682, {"__complex__": [74174.078125, -3.2567247916460637e-15]}, 217828], [0.11253441218498128, {"__complex__": [73788.296875, -1.033749925531723e-15]}, 239306], [0.11753699259698877, {"__complex__": [73137.46875, 1.5353302261272503e-15]}, 260646], [0.12253292164778526, {"__complex__": [72285.0078125, 7.933527424418274e-15]}, 282930], [0.12753199585450944, {"__complex__": [72735.8203125, 3.433149896097873e-15]}, 307302], [0.1325319661219784, {"__complex__": [72113.953125, 2.592999938572961e-15]}, 331108], [0.1375311342849111, {"__complex__": [71625.71875, 2.118301287349733e-15]}, 357220], [0.14253275500847803, {"__complex__": [70866.71875, 1.5181649446324643e-16]}, 383408], [0.1475277930123842, {"__complex__": [70860.59375, -2.0767657562316974e-15]}, 409910], [0.1525242839142772, {"__complex__": [70803.796875, -5.563950213375527e-15]}, 439386], [0.1575264289752992, {"__complex__": [70592.5625, 4.536597927694416e-15]}, 468320], [0.16252544004005598, {"__complex__": [70449.7109375, -2.0734216701559375e-15]}, 498300], [0.1675239816258273, {"__complex__": [70195.9609375, -1.1401308050806402e-15]}, 529680], [0.17252480531725872, {"__complex__": [70115.328125, -2.61611419715411e-15]}, 561804], [0.1775229512358141, {"__complex__": [69406.6171875, -4.260186513049867e-15]}, 594348], [0.1825207263342755, {"__complex__": [69533.390625, -2.9629475075169075e-15]}, 628646], [0.187521271799004, {"__complex__": [69123.0546875, -9.206438161398433e-16]}, 663862], [0.19252204371917367, {"__complex__": [69066.984375, -1.9967980109561294e-15]}, 699612], [0.1975214022348571, {"__complex__": [68746.359375, -1.186336134716007e-15]}, 735976], [0.20251960279018133, {"__complex__": [68414.7265625, 1.9929236822553882e-15]}, 773990], [0.20751864338521736, {"__complex__": [68862.4453125, -2.399698549680057e-15]}, 812584], [0.21251903428587096, {"__complex__": [68762.7578125, 2.8160835882264773e-16]}, 852626], [0.21751772940017583, {"__complex__": [68564.5703125, 3.913672587047744e-16]}, 892374], [0.22251441300071273, {"__complex__": [68453.3671875, 6.389452218385334e-16]}, 933771]]}, "attrs": {"poles": [0], "dk": 0.005, "kmin": 0.0, "kmax": null, "Nmesh": {"__dtype__": "<i8", "__shape__": [3], "__data__": [512, 512, 512]}, "BoxSize": {"__dtype__": "<f8", "__shape__": [3], "__data__": [3434.0, 7185.0, 3020.0]}, "BoxPad": {"__dtype__": "<f8", "__shape__": [3], "__data__": [0.1, 0.1, 0.1]}, "BoxCenter": {"__dtype__": "<f8", "__shape__": [3], "__data__": [-1752.096146730737, 35.542220805863735, 1912.195495837264]}, "mesh.resampler": "tsc", "mesh.interlaced": true, "alpha": 0.049869632544474546, "data.norm": 1.796682382794144, "randoms.norm": 1.796953528604348, "shotnoise": 66939.5428216495, "first.data.N": 239828, "first.data.W": 239828.0, "first.data.W2": 206772.94837182816, "first.data.num_per_cell": 0.0015405785171078753, "first.randoms.N": 4809099, "first.randoms.W": 4809099.0, "first.randoms.W2": 4146337.922815919, "first.randoms.num_per_cell": 0.030892624876021735, "first.data.ext": 1, "first.randoms.ext": 1, "second.data.N": 239828, "second.data.W": 239828.0, "second.data.W2": 122932.72099306136, "second.data.num_per_cell": 0.0009159201457579535, "second.randoms.N": 4809099, "second.randoms.W": 4809099.0, "second.randoms.W2": 2465344.8549897145, "second.randoms.num_per_cell": 0.018368250541312355, "second.data.ext": 1, "second.randoms.ext": 1}}, "attrs": {"poles": [0], "dk": 0.005, "kmin": 0.0, "kmax": null, "Nmesh": {"__dtype__": "<i8", "__shape__": [3], "__data__": [512, 512, 512]}, "BoxSize": {"__dtype__": "<f8", "__shape__": [3], "__data__": [3434.0, 7185.0, 3020.0]}, "BoxPad": {"__dtype__": "<f8", "__shape__": [3], "__data__": [0.1, 0.1, 0.1]}, "BoxCenter": {"__dtype__": "<f8", "__shape__": [3], "__data__": [-1752.096146730737, 35.542220805863735, 1912.195495837264]}, "mesh.resampler": "tsc", "mesh.interlaced": true, "alpha": 0.049869632544474546, "data.norm": 1.796682382794144, "randoms.norm": 1.796953528604348, "shotnoise": 66939.5428216495, "first.data.N": 239828, "first.data.W": 239828.0, "first.data.W2": 206772.94837182816, "first.data.num_per_cell": 0.0015405785171078753, "first.randoms.N": 4809099, "first.randoms.W": 4809099.0, "first.randoms.W2": 4146337.922815919, "first.randoms.num_per_cell": 0.030892624876021735, "first.data.ext": 1, "first.randoms.ext": 1, "second.data.N": 239828, "second.data.W": 239828.0, "second.data.W2": 122932.72099306136, "second.data.num_per_cell": 0.0009159201457579535, "second.randoms.N": 4809099, "second.randoms.W": 4809099.0, "second.randoms.W2": 2465344.8549897145, "second.randoms.num_per_cell": 0.018368250541312355, "second.data.ext": 1, "second.randoms.ext": 1, "p": 1.6, "zmin": 0.8, "zmax": 2.2, "P0_FKP": 30000.0, "z-weighted": true, "hashkeys": ["Nmesh", "P0_FKP", "dk", "kmin", "mesh.window", "mesh.interlaced", "poles", "p", "BoxPad", "zmin", "zmax", "z-weighted"]}}