{"poles": {"dims": ["k"], "edges": [{"__dtype__": "<f8", "__shape__": [57], "__data__": [0.0, 0.005, 0.01, 0.015, 0.02, 0.025, 0.03, 0.035, 0.04, 0.045, 0.05, 0.055, 0.06, 0.065, 0.07, 0.075, 0.08, 0.085, 0.09, 0.095, 0.1, 0.105, 0.11, 0.115, 0.12, 0.125, 0.13, 0.135, 0.14, 0.145, 0.15, 0.155, 0.16, 0.165, 0.17, 0.17500000000000002, 0.18, 0.185, 0.19, 0.195, 0.2, 0.20500000000000002, 0.21, 0.215, 0.22, 0.225, 0.23, 0.23500000000000001, 0.24, 0.245, 0.25, 0.255, 0.26, 0.265, 0.27, 0.275, 0.28]}], "coords": [{"__dtype__": "<f8", "__shape__": [56], "__data__": [0.0025, 0.0075, 0.0125, 0.0175, 0.0225, 0.0275, 0.0325, 0.037500000000000006, 0.042499999999999996, 0.0475, 0.052500000000000005, 0.057499999999999996, 0.0625, 0.0675, 0.07250000000000001, 0.0775, 0.0825, 0.0875, 0.0925, 0.0975, 0.10250000000000001, 0.1075, 0.1125, 0.1175, 0.1225, 0.1275, 0.1325, 0.1375, 0.14250000000000002, 0.1475, 0.1525, 0.1575, 0.1625, 0.1675, 0.17250000000000001, 0.1775, 0.1825, 0.1875, 0.1925, 0.1975, 0.2025, 0.20750000000000002, 0.2125, 0.2175, 0.2225, 0.2275, 0.2325, 0.2375, 0.2425, 0.2475, 0.2525, 0.2575, 0.2625, 0.2675, 0.2725, 0.2775]}], "data": {"__dtype__": [["k", "<f8"], ["power_0", "<c8"], ["modes", "<i8"]], "__shape__": [56], "__data__": [[0.0038204001754894618, {"__complex__": [102601.4765625, -5.402938838515448e-13]}, 101], [0.008111516495215243, {"__complex__": [96887.34375, 9.556284664416145e-14]}, 690], [0.012879013247321682, {"__complex__": [111201.796875, 6.957883112035249e-15]}, 1830], [0.017771388389916074, {"__complex__": [109710.6953125, -1.469378546788136e-14]}, 3590], [0.022693984356306356, {"__complex__": [107017.0, -8.42413653076449e-15]}, 5830], [0.027639312503801885, {"__complex__": [100464.90625, 2.98943710768957e-14]}, 8762], [0.03262091384250675, {"__complex__": [99124.203125, 1.42177969972377e-14]}, 12282], [0.03761441154968534, {"__complex__": [95125.2734375, -3.041303984368561e-14]}, 16328], [0.04261366055127625, {"__complex__": [91250.7890625, 6.062720482168538e-15]}, 21002], [0.047601000877447106, {"__complex__": [88650.828125, -2.2310333258162814e-15]}, 26090], [0.052578383828316706, {"__complex__": [87454.3046875, -1.8526108110702294e-14]}, 31812], [0.05756714372090155, {"__complex__": [86141.5234375, 1.6037625261556936e-14]}, 38336], [0.06256300367316413, {"__complex__": [86231.265625, -1.0454886163345414e-14]}, 45236], [0.06756131822382437, {"__complex__": [84241.9140625, 1.7911574696040985e-15]}, 52808], [0.07255843443414126, {"__complex__": [84577.765625, -7.232681352431752e-15]}, 60862], [0.07755401727577896, {"__complex__": [83980.15625, -6.383887847196583e-15]}, 69524], [0.08254844935727726, {"__complex__": [81567.2578125, 3.6969451785095423e-16]}, 78724], [0.08754534493009586, {"__complex__": [79424.6875, 2.747160782006191e-15]}, 88726], [0.09254501516640577, {"__complex__": [78326.3203125, 3.378359146388255e-15]}, 99070], [0.09754449246745357, {"__complex__": [77671.5078125, 1.9821177123703507e-16]}, 110124], [0.10254757062244513, {"__complex__": [76899.09375, -3.2394516722691804e-15]}, 121848], [0.10754332098728223, {"__complex__": [75753.171875, 5.997237317928374e-16]}, 133454], [0.11253790020129788, {"__complex__": [76374.890625, 3.1070195532736282e-15]}, 146654], [0.11753732704830812, {"__complex__": [75715.625, -3.6434894586039154e-16]}, 159758], [0.12253383908553192, {"__complex__": [74383.453125, -3.4567209171958288e-15]}, 173652], [0.12753256481051847, {"__complex__": [74323.9375, -2.3525495194623306e-15]}, 188274], [0.13253113734959424, {"__complex__": [73840.03125, 4.71004147617189e-15]}, 203138], [0.13752832375943347, {"__complex__": [74136.4609375, -1.9621427167104038e-15]}, 218782], [0.14252812371634796, {"__complex__": [73673.4453125, 5.258312244523324e-16]}, 235230], [0.14752955098505013, {"__complex__": [73092.1171875, 1.6859476131047602e-15]}, 251926], [0.15252863738413988, {"__complex__": [72535.28125, 4.1905658046206026e-16]}, 269122], [0.1575271125324695, {"__complex__": [72723.8359375, -5.446417192163941e-15]}, 287222], [0.16252605594490682, {"__complex__": [72301.2578125, 4.821842519550288e-16]}, 305564], [0.16752461816441333, {"__complex__": [72272.890625, -2.487039716761474e-15]}, 324736], [0.1725218515321948, {"__complex__": [71558.9296875, -1.6486499995800748e-15]}, 344236], [0.17752345172685616, {"__complex__": [71542.8984375, -3.591218102516787e-15]}, 365194], [0.18252560121241132, {"__complex__": [71553.203125, 1.3565110889291452e-16]}, 385518], [0.18752379234020006, {"__complex__": [71403.75, 1.8510109352394555e-15]}, 406838], [0.19252105049413268, {"__complex__": [71816.1875, -1.2900212260311692e-15]}, 428654], [0.19752123008466102, {"__complex__": [70863.6171875, -3.9442279771309628e-16]}, 451954], [0.20252180609430334, {"__complex__": [70927.3125, 1.5337049551899265e-16]}, 474404], [0.2075183988338384, {"__complex__": [71512.8125, -1.7895387896418955e-15]}, 498064], [0.2125176445478176, {"__complex__": [71074.9296875, -1.085166413616835e-15]}, 522984], [0.21751853586551656, {"__complex__": [70533.0625, 5.6805216404337425e-16]}, 547568], [0.2225178350999918, {"__complex__": [70940.2265625, 1.2698183255688516e-15]}, 572992], [0.22751794374031695, {"__complex__": [70557.0390625, -2.440260204666987e-15]}, 599308], [0.2325181023061086, {"__complex__": [70453.9609375, 1.2968190889493586e-15]}, 625584], [0.23751943678804033, {"__complex__": [70008.21875, 1.6310510901558538e-15]}, 653522], [0.24252000297549248, {"__complex__": [70303.9375, -6.416074993313128e-16]}, 680412], [0.24751935223704588, {"__complex__": [70445.3671875, 1.1284880195832746e-15]}, 709228], [0.25251592477033236, {"__complex__": [70264.7421875, 2.2708982432645354e-16]}, 736920], [0.2575131320470878, {"__complex__": [70399.375, 5.685645130973447e-17]}, 767824], [0.26251347665133423, {"__complex__": [70034.578125, 1.0219554152576804e-15]}, 797400], [0.26751456535136425, {"__complex__": [69966.140625, 4.541922482679975e-16]}, 829012], [0.2725171084358119, {"__complex__": [70027.515625, 1.4048373890644368e-15]}, 859750], [0.277514278858225, {"__complex__": [69830.8046875, -5.397309292376571e-16]}, 889727]]}, "attrs": {"poles": [0], "dk": 0.005, "kmin": 0.0, "kmax": null, "Nmesh": {"__dtype__": "<i8", "__shape__": [3], "__data__": [512, 512, 512]}, "BoxSize": {"__dtype__": "<f8", "__shape__": [3], "__data__": [2660.0, 5788.0, 2968.0]}, "BoxPad": {"__dtype__": "<f8", "__shape__": [3], "__data__": [0.1, 0.1, 0.1]}, "BoxCenter": {"__dtype__": "<f8", "__shape__": [3], "__data__": [2585.2349304278123, 45.75876333000906, 889.1978353979293]}, "mesh.resampler": "tsc", "mesh.interlaced": true, "alpha": 0.0499815738589741, "data.norm": 3.169004035745479, "randoms.norm": 3.168277455118346, "shotnoise": 68987.49863010742, "first.data.N": 140645, "first.data.W": 140645.0, "first.data.W2": 125308.53149347608, "first.data.num_per_cell": 0.0009336213133743113, "first.randoms.N": 2813937, "first.randoms.W": 2813937.0, "first.randoms.W2": 2506974.636663165, "first.randoms.num_per_cell": 0.01867841658490274, "first.data.ext": 1, "first.randoms.ext": 1, "second.data.N": 140645, "second.data.W": 140645.0, "second.data.W2": 227521.25537276268, "second.data.num_per_cell": 0.001695165450668057, "second.randoms.N": 2813937, "second.randoms.W": 2813937.0, "second.randoms.W2": 4551290.217332244, "second.randoms.num_per_cell": 0.03390975458422485, "second.data.ext": 1, "second.randoms.ext": 1}}, "attrs": {"poles": [0], "dk": 0.005, "kmin": 0.0, "kmax": null, "Nmesh": {"__dtype__": "<i8", "__shape__": [3], "__data__": [512, 512, 512]}, "BoxSize": {"__dtype__": "<f8", "__shape__": [3], "__data__": [2660.0, 5788.0, 2968.0]}, "BoxPad": {"__dtype__": "<f8", "__shape__": [3], "__data__": [0.1, 0.1, 0.1]}, "BoxCenter": {"__dtype__": "<f8", "__shape__": [3], "__data__": [2585.2349304278123, 45.75876333000906, 889.1978353979293]}, "mesh.resampler": "tsc", "mesh.interlaced": true, "alpha": 0.0499815738589741, "data.norm": 3.169004035745479, "randoms.norm": 3.168277455118346,