{"poles": {"dims": ["k"], "edges": [{"__dtype__": "<f8", "__shape__": [57], "__data__": [0.0, 0.005, 0.01, 0.015, 0.02, 0.025, 0.03, 0.035, 0.04, 0.045, 0.05, 0.055, 0.06, 0.065, 0.07, 0.075, 0.08, 0.085, 0.09, 0.095, 0.1, 0.105, 0.11, 0.115, 0.12, 0.125, 0.13, 0.135, 0.14, 0.145, 0.15, 0.155, 0.16, 0.165, 0.17, 0.17500000000000002, 0.18, 0.185, 0.19, 0.195, 0.2, 0.20500000000000002, 0.21, 0.215, 0.22, 0.225, 0.23, 0.23500000000000001, 0.24, 0.245, 0.25, 0.255, 0.26, 0.265, 0.27, 0.275, 0.28]}], "coords": [{"__dtype__": "<f8", "__shape__": [56], "__data__": [0.0025, 0.0075, 0.0125, 0.0175, 0.0225, 0.0275, 0.0325, 0.037500000000000006, 0.042499999999999996, 0.0475, 0.052500000000000005, 0.057499999999999996, 0.0625, 0.0675, 0.07250000000000001, 0.0775, 0.0825, 0.0875, 0.0925, 0.0975, 0.10250000000000001, 0.1075, 0.1125, 0.1175, 0.1225, 0.1275, 0.1325, 0.1375, 0.14250000000000002, 0.1475, 0.1525, 0.1575, 0.1625, 0.1675, 0.17250000000000001, 0.1775, 0.1825, 0.1875, 0.1925, 0.1975, 0.2025, 0.20750000000000002, 0.2125, 0.2175, 0.2225, 0.2275, 0.2325, 0.2375, 0.2425, 0.2475, 0.2525, 0.2575, 0.2625, 0.2675, 0.2725, 0.2775]}], "data": {"__dtype__": [["k", "<f8"], ["power_0", "<c8"], ["modes", "<i8"]], "__shape__": [56], "__data__": [[0.003817245100348947, {"__complex__": [64849.92578125, -5.763134652662927e-13]}, 101], [0.008103863584010296, {"__complex__": [102028.2421875, -4.74518970124127e-13]}, 690], [0.012885252350492803, {"__complex__": [112990.96875, -9.45953317304897e-14]}, 1846], [0.01777491900272918, {"__complex__": [108361.0390625, 9.130454435590275e-15]}, 3586], [0.022692670380428593, {"__complex__": [105645.0078125, -1.988645827058575e-14]}, 5854], [0.027648044729992445, {"__complex__": [103562.0390625, 2.8892503895015104e-14]}, 8814], [0.03262584336111919, {"__complex__": [100031.3984375, 4.1778385628408674e-14]}, 12278], [0.037609970221209654, {"__complex__": [98086.0546875, -1.645540562806528e-14]}, 16360], [0.042610910351382224, {"__complex__": [92711.6875, 1.9672213145039037e-14]}, 21082], [0.04759912060476492, {"__complex__": [90724.9296875, 1.3359573050684276e-14]}, 26142], [0.052579911162498445, {"__complex__": [90171.9296875, 1.8210380391261516e-15]}, 31964], [0.05757132269963534, {"__complex__": [88568.4375, -5.1132444056579875e-15]}, 38420], [0.06256874341673117, {"__complex__": [86659.03125, -1.3133497415963261e-14]}, 45428], [0.06756308466694828, {"__complex__": [85838.4609375, 5.7859401846754605e-15]}, 52816], [0.07255129326142344, {"__complex__": [84808.3671875, -3.700165597775003e-15]}, 60958], [0.07754820496481608, {"__complex__": [82545.8203125, -1.2298920088198335e-14]}, 69808], [0.08254576994296361, {"__complex__": [81519.421875, 4.620643501336303e-15]}, 78930], [0.08754464374915365, {"__complex__": [81006.21875, 3.4724452368286576e-15]}, 89052], [0.09254940112331393, {"__complex__": [79829.375, 7.315313757480263e-16]}, 99462], [0.09754564585708815, {"__complex__": [79254.6171875, -2.839488220289857e-15]}, 110184], [0.10254504541021486, {"__complex__": [76950.6171875, 2.0380250103231275e-15]}, 122276], [0.10754549933972263, {"__complex__": [76630.5625, 2.172478785205539e-15]}, 133966], [0.1125370444691374, {"__complex__": [76531.078125, -2.628024115667216e-15]}, 146736], [0.11753301008974616, {"__complex__": [76510.828125, 3.1767983921662335e-16]}, 160324], [0.1225326747424128, {"__complex__": [76058.7734375, 2.6105198092352914e-16]}, 174198], [0.12753369197928333, {"__complex__": [76264.65625, 2.272436931552782e-15]}, 188908], [0.13253298049802098, {"__complex__": [75035.484375, -7.145130015300297e-16]}, 203662], [0.13752615733872317, {"__complex__": [75106.3828125, 5.1141850357459134e-15]}, 219096], [0.1425248204192873, {"__complex__": [74522.015625, -1.610529811184487e-15]}, 236052], [0.14752720222043933, {"__complex__": [74907.328125, 3.5148718466072046e-15]}, 252546], [0.15252812250334008, {"__complex__": [74724.21875, 4.040372992907904e-15]}, 270122], [0.15752893334024737, {"__complex__": [73256.9375, 8.462589708987467e-16]}, 288026], [0.16252346208353133, {"__complex__": [73058.078125, -4.2817102555143096e-16]}, 305876], [0.1675210224644356, {"__complex__": [73099.828125, 3.570605979261827e-15]}, 326038], [0.17252213878660813, {"__complex__": [73141.4765625, -2.5284373932673437e-15]}, 345318], [0.17752277197765312, {"__complex__": [73024.421875, -1.39913855139531e-15]}, 365972], [0.1825252209310634, {"__complex__": [72670.046875, 5.172231991863014e-17]}, 386852], [0.1875256565297661, {"__complex__": [72643.2734375, -3.1560329030082615e-15]}, 408058], [0.19252243038586161, {"__complex__": [73035.6171875, 1.4732430287308653e-15]}, 429670], [0.19751768955992802, {"__complex__": [72592.6796875, 1.0612305330768494e-15]}, 452506], [0.20251781345420333, {"__complex__": [72465.1875, -1.1532458397194522e-15]}, 476338], [0.2075197667131553, {"__complex__": [72150.5859375, 8.733734219826429e-17]}, 499852], [0.2125207825876456, {"__complex__": [72307.0703125, -2.413841882316836e-15]}, 524482], [0.21752022863364, {"__complex__": [71841.7578125, -1.1601797043652351e-17]}, 548748], [0.22251872251987576, {"__complex__": [71738.2265625, 2.7851234752131486e-16]}, 574736], [0.22751766640081889, {"__complex__": [71572.46875, 1.1903627175890172e-15]}, 600542], [0.23251693451466843, {"__complex__": [71793.3515625, -2.956405713246585e-16]}, 627576], [0.2375183857523103, {"__complex__": [71273.6015625, 7.663766171321737e-16]}, 655084], [0.2425183505855959, {"__complex__": [71355.3359375, -1.887349919226086e-15]}, 682356], [0.2475161148272931, {"__complex__": [70931.9453125, -1.3411469700571363e-15]}, 710698], [0.25251534425459454, {"__complex__": [71323.828125, 1.7987850012941235e-15]}, 740222], [0.257513699952764, {"__complex__": [71144.8359375, -2.74353098112941e-16]}, 769092], [0.2625140945795516, {"__complex__": [71459.40625, 1.9995086222664616e-16]}, 800552], [0.2675172924206959, {"__complex__": [70781.1484375, -4.202618024668847e-16]}, 831020], [0.27251655401760005, {"__complex__": [71098.15625, -9.460639101616553e-16]}, 861366], [0.27751093736447785, {"__complex__": [71145.5078125, 1.5603453325211563e-15]}, 891807]]}, "attrs": {"poles": [0], "dk": 0.005, "kmin": 0.0, "kmax": null, "Nmesh": {"__dtype__": "<i8", "__shape__": [3], "__data__": [512, 512, 512]}, "BoxSize": {"__dtype__": "<f8", "__shape__": [3], "__data__": [2666.0, 5793.0, 2967.0]}, "BoxPad": {"__dtype__": "<f8", "__shape__": [3], "__data__": [0.1, 0.1, 0.1]}, "BoxCenter": {"__dtype__": "<f8", "__shape__": [3], "__data__": [2582.2533947073716, 43.66231350092312, 889.5609870329126]}, "mesh.resampler": "tsc", "mesh.interlaced": true, "alpha": 0.04994331723919273, "data.norm": 1.83522428407041, "randoms.norm": 1.835450039922877, "shotnoise": 70183.9478680957, "first.data.N": 140668, "first.data.W": 140668.0, "first.data.W2": 125298.72053984273, "first.data.num_per_cell": 0.0009335482160735334, "first.randoms.N": 2816553, "first.randoms.W": 2816553.0, "first.randoms.W2": 2508826.6327473465, "first.randoms.num_per_cell": 0.018692215030993123, "first.data.ext": 1, "first.randoms.ext": 1, "second.data.N": 140668, "second.data.W": 140668.0, "second.data.W2": 132043.9273429215, "second.data.num_per_cell": 0.0009838039230027906, "second.randoms.N": 2816553, "second.randoms.W": 2816553.0, "second.randoms.W2": 2644096.6119332314, "second.randoms.num_per_cell": 0.019700054913261766, "second.data.ext": 1, "second.randoms.ext": 1}}, "attrs": {"poles": [0], "dk": 0.005, "kmin": 0.0, "kmax": null, "Nmesh": {"__dtype__": "<i8", "__shape__": [3], "__data__": [512, 512, 512]}, "BoxSize": {"__dtype__": "<f8", "__shape__": [3], "__data__": [2666.0, 5793.0, 2967.0]}, "BoxPad": {"__dtype__": "<f8", "__shape__": [3], "__data__": [0.1, 0.1, 0.1]}, "BoxCenter": {"__dtype__": "<f8", "__shape__": [3], "__data__": [2582.2533947073716, 43.66231350092312, 889.5609870329126]}, "mesh.resampler": "tsc", "mesh.interlaced": true, "alpha": 0.04994331723919273, "data.norm": 1.83522428407041,