{"poles": {"dims": ["k"], "edges": [{"__dtype__": "<f8", "__shape__": [46], "__data__": [0.0, 0.005, 0.01, 0.015, 0.02, 0.025, 0.03, 0.035, 0.04, 0.045, 0.05, 0.055, 0.06, 0.065, 0.07, 0.075, 0.08, 0.085, 0.09, 0.095, 0.1, 0.105, 0.11, 0.115, 0.12, 0.125, 0.13, 0.135, 0.14, 0.145, 0.15, 0.155, 0.16, 0.165, 0.17, 0.17500000000000002, 0.18, 0.185, 0.19, 0.195, 0.2, 0.20500000000000002, 0.21, 0.215, 0.22, 0.225]}], "coords": [{"__dtype__": "<f8", "__shape__": [45], "__data__": [0.0025, 0.0075, 0.0125, 0.0175, 0.0225, 0.0275, 0.0325, 0.037500000000000006, 0.042499999999999996, 0.0475, 0.052500000000000005, 0.057499999999999996, 0.0625, 0.0675, 0.07250000000000001, 0.0775, 0.0825, 0.0875, 0.0925, 0.0975, 0.10250000000000001, 0.1075, 0.1125, 0.1175, 0.1225, 0.1275, 0.1325, 0.1375, 0.14250000000000002, 0.1475, 0.1525, 0.1575, 0.1625, 0.1675, 0.17250000000000001, 0.1775, 0.1825, 0.1875, 0.1925, 0.1975, 0.2025, 0.20750000000000002, 0.2125, 0.2175, 0.2225]}], "data": {"__dtype__": [["k", "<f8"], ["power_0", "<c8"], ["modes", "<i8"]], "__shape__": [45], "__data__": [[0.0038163156131615613, {"__complex__": [73628.8203125, 6.970977614595419e-13]}, 167], [0.008053711109335334, {"__complex__": [92638.7890625, 2.0173634626956954e-13]}, 1082], [0.01282303576204882, {"__complex__": [102681.4375, -1.121628831479704e-13]}, 2984], [0.017721095981597938, {"__complex__": [112557.453125, 5.922584471462766e-14]}, 5774], [0.02266228247893776, {"__complex__": [108686.671875, 2.7444936446618766e-14]}, 9544], [0.027647201904821075, {"__complex__": [108009.578125, 4.0506373381627315e-15]}, 14370], [0.03263876542911, {"__complex__": [100421.859375, -2.82876859482588e-15]}, 19934], [0.03761260377123264, {"__complex__": [95757.9375, 1.0053469626345075e-14]}, 26416], [0.042604994115874366, {"__complex__": [90321.953125, -1.3919482157610102e-14]}, 34238], [0.04759546570376286, {"__complex__": [89259.9140625, 1.0318555363451887e-14]}, 42308], [0.05257681937666091, {"__complex__": [86595.2890625, 6.159659167817057e-15]}, 51974], [0.057574556315366676, {"__complex__": [84571.6953125, -1.8213829085906262e-14]}, 62318], [0.06257071175475785, {"__complex__": [81750.203125, 4.747512096176052e-15]}, 73564], [0.06756245216904497, {"__complex__": [82954.8203125, -7.127135965006182e-15]}, 85754], [0.07255644709234772, {"__complex__": [82190.46875, -1.7648668374707459e-15]}, 98944], [0.077555661734599, {"__complex__": [80007.8203125, -3.196281579321181e-15]}, 113250], [0.08255313233317445, {"__complex__": [78636.9453125, -3.522145742041751e-15]}, 128078], [0.08755008712638017, {"__complex__": [77095.3671875, 1.5135961018545338e-15]}, 144212], [0.09254208579227095, {"__complex__": [76145.9140625, -8.418837492646467e-15]}, 160750], [0.09753868001807099, {"__complex__": [75091.0859375, -3.309320667231109e-15]}, 179188], [0.10253915129695482, {"__complex__": [75595.2734375, -9.124103382551763e-15]}, 197766], [0.10753724658388426, {"__complex__": [73965.8671875, -3.8777651134081804e-15]}, 217654], [0.11253574225865337, {"__complex__": [73697.9140625, -3.8193522919974254e-16]}, 238128], [0.11753504198772467, {"__complex__": [73521.3828125, -3.2860245083245372e-15]}, 260170], [0.12253547583507297, {"__complex__": [73012.953125, -2.060739892869646e-15]}, 282460], [0.12753424437662347, {"__complex__": [71856.8984375, -1.5211028254704566e-15]}, 306134], [0.1325297486248178, {"__complex__": [71868.6328125, -5.203696089479959e-15]}, 329982], [0.13752852171595176, {"__complex__": [71738.0234375, 1.0207572209793402e-16]}, 356400], [0.1425295816302023, {"__complex__": [71242.921875, 1.2376085213209676e-15]}, 382138], [0.1475266257630518, {"__complex__": [71000.15625, 2.577277948280737e-15]}, 409352], [0.15252720718325138, {"__complex__": [70515.921875, -1.2616941149343804e-15]}, 438278], [0.15752744194121718, {"__complex__": [70518.5, -4.3652441153769366e-16]}, 466702], [0.16252620110172503, {"__complex__": [70133.2734375, 0.0]}, 497308], [0.16752733430234784, {"__complex__": [69783.65625, 1.6214727357091838e-15]}, 528374], [0.17252774891778194, {"__complex__": [69469.1328125, 2.00043114702514e-15]}, 560128], [0.17752402242733364, {"__complex__": [70019.7890625, 1.1112550283922675e-15]}, 592550], [0.18252360840818307, {"__complex__": [69150.078125, -2.4810382765719403e-15]}, 627582], [0.18752412909245217, {"__complex__": [69365.9375, -1.0230165357823532e-15]}, 661440], [0.1925224431602148, {"__complex__": [68772.1953125, -1.1262865809533607e-15]}, 697694], [0.19752091030084612, {"__complex__": [69063.75, 2.8555253068384594e-15]}, 733832], [0.2025192549906649, {"__complex__": [68846.8515625, -1.5643369752850922e-15]}, 772090], [0.20751932757018057, {"__complex__": [68686.8828125, 1.0414361142533453e-15]}, 810430], [0.21251847818930336, {"__complex__": [68384.9609375, 6.84860482394135e-17]}, 849920], [0.21751753779756203, {"__complex__": [68563.390625, -3.823457172478497e-15]}, 890594], [0.22251659212539698, {"__complex__": [68512.2109375, -1.984446576519267e-15]}, 931289]]}, "attrs": {"poles": [0], "dk": 0.005, "kmin": 0.0, "kmax": null, "Nmesh": {"__dtype__": "<i8", "__shape__": [3], "__data__": [512, 512, 512]}, "BoxSize": {"__dtype__": "<f8", "__shape__": [3], "__data__": [3423.0, 7191.0, 3019.0]}, "BoxPad": {"__dtype__": "<f8", "__shape__": [3], "__data__": [0.1, 0.1, 0.1]}, "BoxCenter": {"__dtype__": "<f8", "__shape__": [3], "__data__": [-1752.4081228429477, 36.775627735971284, 1912.853716190923]}, "mesh.resampler": "tsc", "mesh.interlaced": true, "alpha": 0.049910918676500104, "data.norm": 1.7888294986141198, "randoms.norm": 1.7881469722229704, "shotnoise": 66866.27743753855, "first.data.N": 239942, "first.data.W": 239942.0, "first.data.W2": 206681.45311118054, "first.data.num_per_cell": 0.0015398968242941837, "first.randoms.N": 4807405, "first.randoms.W": 4807405.0, "first.randoms.W2": 4140875.7099283934, "first.randoms.num_per_cell": 0.03085192821866567, "first.data.ext": 1, "first.randoms.ext": 1, "second.data.N": 239942, "second.data.W": 239942.0, "second.data.W2": 122307.03947968848, "second.data.num_per_cell": 0.0009112584552145636, "second.randoms.N": 4807405, "second.randoms.W": 4807405.0, "second.randoms.W2": 2449667.0005180435, "second.randoms.num_per_cell": 0.01825144142298433, "second.data.ext": 1, "second.randoms.ext": 1}}, "attrs": {"poles": [0], "dk": 0.005, "kmin": 0.0, "kmax": null, "Nmesh": {"__dtype__": "<i8", "__shape__": [3], "__data__": [512, 512, 512]}, "BoxSize": {"__dtype__": "<f8", "__shape__": [3], "__data__": [3423.0, 7191.0, 3019.0]}, "BoxPad": {"__dtype__": "<f8", "__shape__": [3], "__data__": [0.1, 0.1, 0.1]}, "BoxCenter": {"__dtype__": "<f8", "__shape__": [3], "__data__": [-1752.4081228429477, 36.775627735971284, 1912.853716190923]}, "mesh.resampler": "tsc", "mesh.interlaced": true, "alpha": 0.049910918676500104, "data.norm": 1.7888294986141198, "randoms.norm": 1.7881469722229704, "shotnoise": 66866.27743753855, "first.data.N": 239942, "first.data.W": 239942.0, "first.data.W2": 206681.45311118054, "first.data.num_per_cell": 0.0015398968242941837, "first.randoms.N": 4807405, "first.randoms.W": 4807405.0, "first.randoms.W2": 4140875.7099283934, "first.randoms.num_per_cell": 0.03085192821866567, "first.data.ext": 1, "first.randoms.ext": 1, "second.data.N": 239942, "second.data.W": 239942.0, "second.data.W2": 122307.03947968848, "second.data.num_per_cell": 0.0009112584552145636, "second.randoms.N": 4807405, "second.randoms.W": 4807405.0, "second.randoms.W2": 2449667.0005180435, "second.randoms.num_per_cell": 0.01825144142298433, "second.data.ext": 1, "second.randoms.ext": 1, "p": 1.6, "zmin": 0.8, "zmax": 2.2, "P0_FKP": 30000.0, "z-weighted": true, "hashkeys": ["Nmesh", "P0_FKP", "dk", "kmin", "mesh.window", "mesh.interlaced", "poles", "p", "BoxPad", "zmin", "zmax", "z-weighted"]}}