{"poles": {"dims": ["k"], "edges": [{"__dtype__": "<f8", "__shape__": [57], "__data__": [0.0, 0.005, 0.01, 0.015, 0.02, 0.025, 0.03, 0.035, 0.04, 0.045, 0.05, 0.055, 0.06, 0.065, 0.07, 0.075, 0.08, 0.085, 0.09, 0.095, 0.1, 0.105, 0.11, 0.115, 0.12, 0.125, 0.13, 0.135, 0.14, 0.145, 0.15, 0.155, 0.16, 0.165, 0.17, 0.17500000000000002, 0.18, 0.185, 0.19, 0.195, 0.2, 0.20500000000000002, 0.21, 0.215, 0.22, 0.225, 0.23, 0.23500000000000001, 0.24, 0.245, 0.25, 0.255, 0.26, 0.265, 0.27, 0.275, 0.28]}], "coords": [{"__dtype__": "<f8", "__shape__": [56], "__data__": [0.0025, 0.0075, 0.0125, 0.0175, 0.0225, 0.0275, 0.0325, 0.037500000000000006, 0.042499999999999996, 0.0475, 0.052500000000000005, 0.057499999999999996, 0.0625, 0.0675, 0.07250000000000001, 0.0775, 0.0825, 0.0875, 0.0925, 0.0975, 0.10250000000000001, 0.1075, 0.1125, 0.1175, 0.1225, 0.1275, 0.1325, 0.1375, 0.14250000000000002, 0.1475, 0.1525, 0.1575, 0.1625, 0.1675, 0.17250000000000001, 0.1775, 0.1825, 0.1875, 0.1925, 0.1975, 0.2025, 0.20750000000000002, 0.2125, 0.2175, 0.2225, 0.2275, 0.2325, 0.2375, 0.2425, 0.2475, 0.2525, 0.2575, 0.2625, 0.2675, 0.2725, 0.2775]}], "data": {"__dtype__": [["k", "<f8"], ["power_0", "<c8"], ["modes", "<i8"]], "__shape__": [56], "__data__": [[0.0038136862557593652, {"__complex__": [89270.9296875, -1.440783690270786e-12]}, 101], [0.008097126136694522, {"__complex__": [116546.0, 1.3708325653002257e-13]}, 690], [0.012879123855651663, {"__complex__": [104434.4453125, -1.651839065920993e-13]}, 1850], [0.017767885213882097, {"__complex__": [112397.828125, 1.6213833525574248e-14]}, 3590], [0.02268042109311735, {"__complex__": [107038.1640625, 1.1931873945911914e-13]}, 5854], [0.027646399006891788, {"__complex__": [106621.859375, 6.638348318309742e-14]}, 8878], [0.03263519494194683, {"__complex__": [102411.6171875, 1.1813537175136678e-14]}, 12318], [0.03761416021840427, {"__complex__": [100729.7265625, -5.0663276742260455e-14]}, 16372], [0.042613778587204686, {"__complex__": [97441.921875, -2.750054881828722e-15]}, 21166], [0.04759408072740501, {"__complex__": [91959.859375, 1.4501717358959658e-14]}, 26090], [0.05257517752763741, {"__complex__": [91807.9921875, 7.917993687198577e-15]}, 32162], [0.05757451556446511, {"__complex__": [90831.640625, 1.0579364431208011e-14]}, 38514], [0.06257128648665419, {"__complex__": [89750.9296875, -1.7574776396762546e-15]}, 45540], [0.06756673247172827, {"__complex__": [88554.4609375, -9.338009694919575e-15]}, 52984], [0.0725541804777607, {"__complex__": [89058.1796875, -3.8125207065800235e-15]}, 61070], [0.07754642008109779, {"__complex__": [87056.671875, 0.0]}, 69904], [0.08254260856875062, {"__complex__": [85966.734375, -8.272102587061816e-16]}, 79162], [0.08754416278254674, {"__complex__": [83747.1953125, 0.0]}, 89340], [0.09254623915643483, {"__complex__": [82509.96875, -5.263639340607725e-15]}, 99526], [0.09754401110986746, {"__complex__": [81263.828125, -2.0371629425410594e-15]}, 110720], [0.10254405994094463, {"__complex__": [79372.609375, 7.790741386433722e-15]}, 122344], [0.10754133128647349, {"__complex__": [78809.5546875, 2.4640948647697758e-15]}, 134352], [0.11253753319012635, {"__complex__": [78644.125, -1.5801197401912816e-15]}, 147350], [0.11753752190306078, {"__complex__": [78469.90625, -2.7159230539443996e-15]}, 160740], [0.12253608960390774, {"__complex__": [78874.5, -3.00104810827559e-15]}, 174562], [0.12753359915791623, {"__complex__": [78528.0078125, 1.0765981459597658e-15]}, 189232], [0.13253235985450054, {"__complex__": [78080.6640625, 3.063321123524779e-15]}, 204266], [0.13752931230646484, {"__complex__": [77407.8046875, -6.882215541274654e-15]}, 219900], [0.14252924043574797, {"__complex__": [77148.40625, -6.766501523317297e-15]}, 236564], [0.14752904021723293, {"__complex__": [77443.0, 3.450910694694138e-15]}, 253010], [0.15252939598102594, {"__complex__": [77269.171875, 3.2355610381842046e-15]}, 270974], [0.15752926913536994, {"__complex__": [75718.375, -6.053838706441867e-16]}, 288450], [0.16252210875554426, {"__complex__": [75850.875, -1.4233000603366204e-15]}, 306722], [0.1675192059704995, {"__complex__": [75402.015625, 4.452959406323244e-17]}, 326792], [0.1725224151228505, {"__complex__": [74913.0234375, 2.3938076472901403e-15]}, 346502], [0.1775242945122001, {"__complex__": [74958.640625, -1.3488909687774087e-15]}, 366794], [0.18252442668339477, {"__complex__": [74847.625, -2.7595003579817916e-15]}, 387594], [0.18752244478117341, {"__complex__": [74817.2890625, -2.313318976752011e-15]}, 408882], [0.19252121306831202, {"__complex__": [74571.484375, -1.248361604586361e-15]}, 431302], [0.1975202801439457, {"__complex__": [74486.796875, 8.016524291862122e-17]}, 453810], [0.20251931233315773, {"__complex__": [73801.3515625, -1.128348576784333e-15]}, 477176], [0.20751961862553697, {"__complex__": [74590.8984375, -5.516289892895014e-16]}, 501218], [0.2125197190498041, {"__complex__": [74856.5390625, -1.028107839070062e-15]}, 525470], [0.21751851469800573, {"__complex__": [73889.765625, 2.459282023563477e-15]}, 550294], [0.22251978603709288, {"__complex__": [74079.0625, -4.276873062110777e-15]}, 576718], [0.2275205365384581, {"__complex__": [74148.609375, 1.9339184936469268e-16]}, 601966], [0.23251910173735332, {"__complex__": [73771.3671875, 1.4110062241401715e-15]}, 629102], [0.23751812241253642, {"__complex__": [73592.25, 2.217448214361523e-16]}, 656246], [0.2425151084851885, {"__complex__": [73578.53125, 2.1284687267414387e-16]}, 683680], [0.24751309889434628, {"__complex__": [73645.421875, 3.2657725858303973e-16]}, 712942], [0.25251497708552645, {"__complex__": [73934.1328125, 3.919802723305701e-16]}, 742482], [0.25751667109437787, {"__complex__": [73789.640625, -2.866711012181663e-15]}, 771578], [0.262515955032571, {"__complex__": [73433.90625, -1.6696842628801225e-15]}, 801814], [0.26751558877018666, {"__complex__": [73356.0390625, -1.3980531580827423e-16]}, 832696], [0.2725152664610681, {"__complex__": [72806.3828125, 7.15792735964433e-17]}, 864016], [0.2775105282536183, {"__complex__": [73194.21875, 7.813379718377633e-16]}, 893969]]}, "attrs": {"poles": [0], "dk": 0.005, "kmin": 0.0, "kmax": null, "Nmesh": {"__dtype__": "<i8", "__shape__": [3], "__data__": [512, 512, 512]}, "BoxSize": {"__dtype__": "<f8", "__shape__": [3], "__data__": [2666.0, 5794.0, 2974.0]}, "BoxPad": {"__dtype__": "<f8", "__shape__": [3], "__data__": [0.1, 0.1, 0.1]}, "BoxCenter": {"__dtype__": "<f8", "__shape__": [3], "__data__": [2582.007172132339, 42.96527670218916, 890.7217210634709]}, "mesh.resampler": "tsc", "mesh.interlaced": true, "alpha": 0.05006330205981992, "data.norm": 1.0377277012171189, "randoms.norm": 1.0380063014406569, "shotnoise": 72519.27336888999, "first.data.N": 141011, "first.data.W": 141011.0, "first.data.W2": 125628.80731402399, "first.data.num_per_cell": 0.0009360075541885494, "first.randoms.N": 2816654, "first.randoms.W": 2816654.0, "first.randoms.W2": 2509420.7162804273, "first.randoms.num_per_cell": 0.018696641298237646, "first.data.ext": 1, "first.randoms.ext": 1, "second.data.N": 141011, "second.data.W": 141011.0, "second.data.W2": 74998.6179279147, "second.data.num_per_cell": 0.0005587832475298249, "second.randoms.N": 2816654, "second.randoms.W": 2816654.0, "second.randoms.W2": 1498348.8784307963, "second.randoms.num_per_cell": 0.01116356908105907, "second.data.ext": 1, "second.randoms.ext": 1}}, "attrs": {"poles": [0], "dk": 0.005, "kmin": 0.0, "kmax": null, "Nmesh": {"__dtype__": "<i8", "__shape__": [3], "__data__": [512, 512, 512]}, "BoxSize": {"__dtype__": "<f8", "__shape__": [3], "__data__": [2666.0, 5794.0, 2974.0]}, "BoxPad": {"__dtype__": "<f8", "__shape__": [3], "__data__": [0.1, 0.1, 0.1]}, "BoxCenter": {"__dtype__": "<f8", "__shape__": [3], "__data__": [2582.007172132339, 42.96527670218916, 890.7217210634709]}, "mesh.resampler": "tsc", "mesh.interlaced": true, "alpha": 0.05006330205981992, "data.norm": 1.0377277012171189, "randoms.norm": 1.0380063014406569, "shotnoise": 72519.27336888999,