{"poles": {"dims": ["k"], "edges": [{"__dtype__": "<f8", "__shape__": [46], "__data__": [0.0, 0.005, 0.01, 0.015, 0.02, 0.025, 0.03, 0.035, 0.04, 0.045, 0.05, 0.055, 0.06, 0.065, 0.07, 0.075, 0.08, 0.085, 0.09, 0.095, 0.1, 0.105, 0.11, 0.115, 0.12, 0.125, 0.13, 0.135, 0.14, 0.145, 0.15, 0.155, 0.16, 0.165, 0.17, 0.17500000000000002, 0.18, 0.185, 0.19, 0.195, 0.2, 0.20500000000000002, 0.21, 0.215, 0.22, 0.225]}], "coords": [{"__dtype__": "<f8", "__shape__": [45], "__data__": [0.0025, 0.0075, 0.0125, 0.0175, 0.0225, 0.0275, 0.0325, 0.037500000000000006, 0.042499999999999996, 0.0475, 0.052500000000000005, 0.057499999999999996, 0.0625, 0.0675, 0.07250000000000001, 0.0775, 0.0825, 0.0875, 0.0925, 0.0975, 0.10250000000000001, 0.1075, 0.1125, 0.1175, 0.1225, 0.1275, 0.1325, 0.1375, 0.14250000000000002, 0.1475, 0.1525, 0.1575, 0.1625, 0.1675, 0.17250000000000001, 0.1775, 0.1825, 0.1875, 0.1925, 0.1975, 0.2025, 0.20750000000000002, 0.2125, 0.2175, 0.2225]}], "data": {"__dtype__": [["k", "<f8"], ["power_0", "<c8"], ["modes", "<i8"]], "__shape__": [45], "__data__": [[0.003812503314190625, {"__complex__": [107939.1328125, 5.228233210946565e-13]}, 167], [0.00804557202234073, {"__complex__": [89716.96875, 2.3872134195628003e-13]}, 1082], [0.012807335252278321, {"__complex__": [96827.109375, -3.6623946198877447e-14]}, 2980], [0.017714042389858853, {"__complex__": [109066.3203125, -5.979810017379267e-14]}, 5810], [0.022671710449108973, {"__complex__": [102397.6640625, -9.844655676056156e-15]}, 9608], [0.027650300316091135, {"__complex__": [97849.75, -9.630987379946523e-15]}, 14354], [0.03262989718568129, {"__complex__": [94320.6171875, -5.557365209836983e-14]}, 19966], [0.03761183413503866, {"__complex__": [89326.390625, 1.1491810344846972e-14]}, 26592], [0.04259987036684774, {"__complex__": [87082.5625, -3.065891995574638e-14]}, 34174], [0.04758627154433021, {"__complex__": [82969.0546875, 8.555119164629053e-15]}, 42524], [0.05256991084086999, {"__complex__": [81470.6875, 5.45235446960772e-15]}, 52044], [0.05756791516798602, {"__complex__": [80168.046875, -3.6038007769482495e-15]}, 62588], [0.06256959617307763, {"__complex__": [79805.2265625, -9.855282339654172e-16]}, 73828], [0.06756168925088056, {"__complex__": [79528.1640625, 4.146857316355505e-15]}, 85974], [0.07255183086066114, {"__complex__": [76678.6640625, 2.7527080007777593e-15]}, 99120], [0.07755325433552829, {"__complex__": [76071.28125, 2.3974870525338946e-16]}, 113806], [0.0825546996655963, {"__complex__": [74845.6015625, 5.325557449052014e-15]}, 128426], [0.087550850952366, {"__complex__": [73321.0, 2.766600188145677e-16]}, 144646], [0.09254525610192368, {"__complex__": [72858.953125, 8.114853037986423e-16]}, 161392], [0.09754090858289018, {"__complex__": [71721.859375, 7.172863038663706e-15]}, 179544], [0.10253901969074944, {"__complex__": [70824.3515625, 2.714280021784963e-15]}, 198366], [0.10753238779000777, {"__complex__": [69932.15625, -5.894749190046801e-15]}, 217856], [0.11253126227190066, {"__complex__": [69669.921875, -3.282908062353352e-15]}, 239362], [0.11753425642867334, {"__complex__": [70234.9765625, -1.4649129890902113e-15]}, 260758], [0.12253208310820234, {"__complex__": [69252.0390625, -3.3401882418949503e-15]}, 283180], [0.12753144583161466, {"__complex__": [68419.109375, -3.208658001229987e-15]}, 307260], [0.13253129018575527, {"__complex__": [68291.390625, -1.0980522199642963e-15]}, 331312], [0.13753054943697143, {"__complex__": [68241.125, 1.2220285149265272e-15]}, 357240], [0.14253055821951446, {"__complex__": [67836.0859375, -9.39491993282146e-16]}, 383356], [0.14752742856064743, {"__complex__": [66955.8359375, 1.1078050631981007e-15]}, 410494], [0.15252625997626107, {"__complex__": [67301.5859375, 3.725282930457731e-16]}, 439454], [0.15752591268567845, {"__complex__": [66712.671875, 1.0414609958461708e-15]}, 468082], [0.16252353979375153, {"__complex__": [66237.5390625, 1.4082875660168404e-15]}, 498570], [0.16752308166710814, {"__complex__": [66149.46875, 5.712061123982993e-15]}, 529896], [0.17252571192822466, {"__complex__": [65900.140625, 7.245990463494603e-16]}, 562316], [0.17752401656976693, {"__complex__": [65856.625, -1.689679957907718e-15]}, 594244], [0.18252094313320924, {"__complex__": [65744.578125, 5.032454614907109e-16]}, 628926], [0.1875215676345831, {"__complex__": [65562.15625, 1.5149250965487758e-15]}, 663994], [0.19252194282802443, {"__complex__": [65047.6015625, 1.4348334727046718e-15]}, 699790], [0.19752196244408296, {"__complex__": [65214.1796875, -9.583742635005756e-16]}, 736422], [0.20252019290930498, {"__complex__": [65574.2421875, 1.3371327750409797e-15]}, 774048], [0.20751806157916144, {"__complex__": [65074.8671875, -1.0744627758997377e-15]}, 812606], [0.2125194101200562, {"__complex__": [64910.921875, 2.4084331004925843e-16]}, 853442], [0.21751881618951716, {"__complex__": [64685.09765625, -4.0767971037057333e-16]}, 892362], [0.22251573930230775, {"__complex__": [64508.12890625, -1.5729191131066728e-15]}, 934405]]}, "attrs": {"poles": [0], "dk": 0.005, "kmin": 0.0, "kmax": null, "Nmesh": {"__dtype__": "<i8", "__shape__": [3], "__data__": [512, 512, 512]}, "BoxSize": {"__dtype__": "<f8", "__shape__": [3], "__data__": [3432.0, 7189.0, 3021.0]}, "BoxPad": {"__dtype__": "<f8", "__shape__": [3], "__data__": [0.1, 0.1, 0.1]}, "BoxCenter": {"__dtype__": "<f8", "__shape__": [3], "__data__": [-1749.6399466913629, 38.024353261017495, 1912.355852788633]}, "mesh.resampler": "tsc", "mesh.interlaced": true, "alpha": 0.04985960253006468, "data.norm": 5.535045503056421, "randoms.norm": 5.535531868229508, "shotnoise": 62993.183394575586, "first.data.N": 239856, "first.data.W": 239856.0, "first.data.W2": 206621.8548045348, "first.data.num_per_cell": 0.0015394527823070795, "first.randoms.N": 4810628, "first.randoms.W": 4810628.0, "first.randoms.W2": 4144383.715085672, "first.randoms.num_per_cell": 0.0308780648938244, "first.data.ext": 1, "first.randoms.ext": 1, "second.data.N": 239856, "second.data.W": 239856.0, "second.data.W2": 374167.70200818777, "second.data.num_per_cell": 0.0027877666205777807, "second.randoms.N": 4810628, "second.randoms.W": 4810628.0, "second.randoms.W2": 7505579.360650241, "second.randoms.num_per_cell": 0.05592092395313264, "second.data.ext": 1, "second.randoms.ext": 1}}, "attrs": {"poles": [0], "dk": 0.005, "kmin": 0.0, "kmax": null, "Nmesh": {"__dtype__": "<i8", "__shape__": [3], "__data__": [512, 512, 512]}, "BoxSize": {"__dtype__": "<f8", "__shape__": [3], "__data__": [3432.0, 7189.0, 3021.0]}, "BoxPad": {"__dtype__": "<f8", "__shape__": [3], "__data__": [0.1, 0.1, 0.1]}, "BoxCenter": {"__dtype__": "<f8", "__shape__": [3], "__data__": [-1749.6399466913629, 38.024353261017495, 1912.355852788633]}, "mesh.resampler": "tsc", "mesh.interlaced": true, "alpha": 0.04985960253006468, "data.norm": 5.535045503056421, "randoms.norm": 5.535531868229508, "shotnoise": 62993.183394575586, "first.data.N": 239856, "first.data.W": 239856.0, "first.data.W2": 206621.8548045348, "first.data.num_per_cell": 0.0015394527823070795, "first.randoms.N": 4810628, "first.randoms.W": 4810628.0, "first.randoms.W2": 4144383.715085672, "first.randoms.num_per_cell": 0.0308780648938244, "first.data.ext": 1, "first.randoms.ext": 1, "second.data.N": 239856, "second.data.W": 239856.0, "second.data.W2": 374167.70200818777, "second.data.num_per_cell": 0.0027877666205777807, "second.randoms.N": 4810628, "second.randoms.W": 4810628.0, "second.randoms.W2": 7505579.360650241, "second.randoms.num_per_cell": 0.05592092395313264, "second.data.ext": 1, "second.randoms.ext": 1, "p": 0.0, "zmin": 0.8, "zmax": 2.2, "P0_FKP": 30000.0, "z-weighted": true, "hashkeys": ["Nmesh", "P0_FKP", "dk", "kmin", "mesh.window", "mesh.interlaced", "poles", "p", "BoxPad", "zmin", "zmax", "z-weighted"]}}