{"poles": {"dims": ["k"], "edges": [{"__dtype__": "<f8", "__shape__": [46], "__data__": [0.0, 0.005, 0.01, 0.015, 0.02, 0.025, 0.03, 0.035, 0.04, 0.045, 0.05, 0.055, 0.06, 0.065, 0.07, 0.075, 0.08, 0.085, 0.09, 0.095, 0.1, 0.105, 0.11, 0.115, 0.12, 0.125, 0.13, 0.135, 0.14, 0.145, 0.15, 0.155, 0.16, 0.165, 0.17, 0.17500000000000002, 0.18, 0.185, 0.19, 0.195, 0.2, 0.20500000000000002, 0.21, 0.215, 0.22, 0.225]}], "coords": [{"__dtype__": "<f8", "__shape__": [45], "__data__": [0.0025, 0.0075, 0.0125, 0.0175, 0.0225, 0.0275, 0.0325, 0.037500000000000006, 0.042499999999999996, 0.0475, 0.052500000000000005, 0.057499999999999996, 0.0625, 0.0675, 0.07250000000000001, 0.0775, 0.0825, 0.0875, 0.0925, 0.0975, 0.10250000000000001, 0.1075, 0.1125, 0.1175, 0.1225, 0.1275, 0.1325, 0.1375, 0.14250000000000002, 0.1475, 0.1525, 0.1575, 0.1625, 0.1675, 0.17250000000000001, 0.1775, 0.1825, 0.1875, 0.1925, 0.1975, 0.2025, 0.20750000000000002, 0.2125, 0.2175, 0.2225]}], "data": {"__dtype__": [["k", "<f8"], ["power_0", "<c8"], ["modes", "<i8"]], "__shape__": [45], "__data__": [[0.0038146612621437325, {"__complex__": [90431.1484375, -1.7427444036488549e-13]}, 167], [0.008050061137648787, {"__complex__": [90342.078125, -3.093290597624976e-13]}, 1082], [0.012814479827860197, {"__complex__": [106984.7578125, -4.8831930523924455e-14]}, 2980], [0.01771923036426978, {"__complex__": [103367.078125, 4.768651158627499e-14]}, 5798], [0.022663516177208975, {"__complex__": [101594.640625, 2.857649961931705e-14]}, 9548], [0.027645921727918812, {"__complex__": [95311.546875, 3.43921261912114e-14]}, 14386], [0.03263429587028524, {"__complex__": [94992.8984375, 2.628017127645401e-14]}, 19934], [0.03761499307581989, {"__complex__": [93010.4375, 3.597684690849305e-14]}, 26544], [0.04260471015633523, {"__complex__": [86295.2578125, -3.4085414713977674e-15]}, 34154], [0.047587506499835036, {"__complex__": [84221.1875, 5.1519715990394014e-15]}, 42368], [0.05257191979234372, {"__complex__": [81050.609375, 3.2838787621109053e-15]}, 52068], [0.057572763719290716, {"__complex__": [81893.09375, -3.4955916826618022e-15]}, 62444], [0.06257027357266204, {"__complex__": [80319.1171875, 1.9759810910163913e-16]}, 73644], [0.06756190887096225, {"__complex__": [79714.90625, 3.219375297353359e-15]}, 85882], [0.07255385906887611, {"__complex__": [78419.03125, 4.043178789545684e-15]}, 98976], [0.07755362304978908, {"__complex__": [76736.4375, 6.02494789491868e-15]}, 113518], [0.08255362756243463, {"__complex__": [76922.03125, 5.191034217467928e-15]}, 128250], [0.08755040724729561, {"__complex__": [74454.5234375, -5.0392404076058e-16]}, 144386], [0.09254521352523419, {"__complex__": [74782.2109375, 3.272943990278326e-15]}, 161172], [0.09753960641886336, {"__complex__": [72754.6171875, -8.125385363289938e-16]}, 179092], [0.10254014931477741, {"__complex__": [72615.6953125, 1.3937632803120341e-15]}, 198374], [0.10753693121160533, {"__complex__": [71388.5078125, 2.224930453431314e-15]}, 217468], [0.1125338731922117, {"__complex__": [71215.96875, 3.595111489458841e-15]}, 238814], [0.11753592487051188, {"__complex__": [70658.6328125, -1.5088275181197289e-15]}, 260402], [0.12253317080363953, {"__complex__": [70916.546875, 5.84478398703769e-15]}, 282584], [0.1275313784558879, {"__complex__": [70877.46875, 6.64206708940972e-16]}, 306722], [0.13253013103707012, {"__complex__": [69607.296875, 2.640633471636517e-15]}, 330646], [0.1375291602563112, {"__complex__": [69222.7734375, 3.671635569347788e-16]}, 356700], [0.14252997429183872, {"__complex__": [69127.890625, -3.345547631110465e-15]}, 382768], [0.14752685174998645, {"__complex__": [68791.375, -1.7933760606511943e-15]}, 409770], [0.15252742326470098, {"__complex__": [68580.984375, -3.9776537501141896e-16]}, 439010], [0.15752788379075772, {"__complex__": [68240.828125, -4.613641291719589e-16]}, 467202], [0.16252594662242734, {"__complex__": [67808.328125, -2.958941888709342e-15]}, 497942], [0.16752632592204295, {"__complex__": [67434.296875, -2.5445221254192293e-15]}, 529000], [0.1725268453213447, {"__complex__": [67318.5, 9.339259280275011e-16]}, 560932], [0.17752373415593783, {"__complex__": [67400.8515625, 1.9740837636843213e-15]}, 593404], [0.18252252277671843, {"__complex__": [67138.234375, -2.316549613352398e-16]}, 628172], [0.1875239833476513, {"__complex__": [66989.5, 1.5148914269891224e-15]}, 662808], [0.19252383094348247, {"__complex__": [66610.8671875, -7.472994763963164e-16]}, 698582], [0.19752263883907786, {"__complex__": [66464.5390625, 2.920608248011046e-16]}, 734918], [0.20252066650549228, {"__complex__": [66307.9765625, -4.424093052876409e-16]}, 772972], [0.20752100662453918, {"__complex__": [66344.4296875, 1.304057091362765e-15]}, 811814], [0.21252106608641666, {"__complex__": [65877.4609375, 4.616669963901615e-16]}, 851050], [0.2175187851895363, {"__complex__": [66306.1171875, -2.6530696093681047e-15]}, 891302], [0.2225156101471422, {"__complex__": [65670.4375, 1.4983807431438864e-15]}, 932329]]}, "attrs": {"poles": [0], "dk": 0.005, "kmin": 0.0, "kmax": null, "Nmesh": {"__dtype__": "<i8", "__shape__": [3], "__data__": [512, 512, 512]}, "BoxSize": {"__dtype__": "<f8", "__shape__": [3], "__data__": [3429.0, 7188.0, 3019.0]}, "BoxPad": {"__dtype__": "<f8", "__shape__": [3], "__data__": [0.1, 0.1, 0.1]}, "BoxCenter": {"__dtype__": "<f8", "__shape__": [3], "__data__": [-1753.980762958683, 35.068085961508814, 1913.2441001266318]}, "mesh.resampler": "tsc", "mesh.interlaced": true, "alpha": 0.04992942469677602, "data.norm": 3.192326355497195, "randoms.norm": 3.1930812953094634, "shotnoise": 64313.871404360354, "first.data.N": 239830, "first.data.W": 239830.0, "first.data.W2": 206561.99886462267, "first.data.num_per_cell": 0.0015390068208025595, "first.randoms.N": 4803380, "first.randoms.W": 4803380.0, "first.randoms.W2": 4137305.851472782, "first.randoms.num_per_cell": 0.030825330700522527, "first.data.ext": 1, "first.randoms.ext": 1, "second.data.N": 239830, "second.data.W": 239830.0, "second.data.W2": 216639.13966923952, "second.data.num_per_cell": 0.0016140873705539072, "second.randoms.N": 4803380, "second.randoms.W": 4803380.0, "second.randoms.W2": 4339962.470795959, "second.randoms.num_per_cell": 0.03233524017628997, "second.data.ext": 1, "second.randoms.ext": 1}}, "attrs": {"poles": [0], "dk": 0.005, "kmin": 0.0, "kmax": null, "Nmesh": {"__dtype__": "<i8", "__shape__": [3], "__data__": [512, 512, 512]}, "BoxSize": {"__dtype__": "<f8", "__shape__": [3], "__data__": [3429.0, 7188.0, 3019.0]}, "BoxPad": {"__dtype__": "<f8", "__shape__": [3], "__data__": [0.1, 0.1, 0.1]}, "BoxCenter": {"__dtype__": "<f8", "__shape__": [3], "__data__": [-1753.980762958683, 35.068085961508814, 1913.2441001266318]}, "mesh.resampler": "tsc", "mesh.interlaced": true, "alpha": 0.04992942469677602, "data.norm": 3.192326355497195, "randoms.norm": 3.1930812953094634, "shotnoise": 64313.871404360354, "first.data.N": 239830, "first.data.W": 239830.0, "first.data.W2": 206561.99886462267, "first.data.num_per_cell": 0.0015390068208025595, "first.randoms.N": 4803380, "first.randoms.W": 4803380.0, "first.randoms.W2": 4137305.851472782, "first.randoms.num_per_cell": 0.030825330700522527, "first.data.ext": 1, "first.randoms.ext": 1, "second.data.N": 239830, "second.data.W": 239830.0, "second.data.W2": 216639.13966923952, "second.data.num_per_cell": 0.0016140873705539072, "second.randoms.N": 4803380, "second.randoms.W": 4803380.0, "second.randoms.W2": 4339962.470795959, "second.randoms.num_per_cell": 0.03233524017628997, "second.data.ext": 1, "second.randoms.ext": 1, "p": 1.0, "zmin": 0.8, "zmax": 2.2, "P0_FKP": 30000.0, "z-weighted": true, "hashkeys": ["Nmesh", "P0_FKP", "dk", "kmin", "mesh.window", "mesh.interlaced", "poles", "p", "BoxPad", "zmin", "zmax", "z-weighted"]}}