{"poles": {"dims": ["k"], "edges": [{"__dtype__": "<f8", "__shape__": [46], "__data__": [0.0, 0.005, 0.01, 0.015, 0.02, 0.025, 0.03, 0.035, 0.04, 0.045, 0.05, 0.055, 0.06, 0.065, 0.07, 0.075, 0.08, 0.085, 0.09, 0.095, 0.1, 0.105, 0.11, 0.115, 0.12, 0.125, 0.13, 0.135, 0.14, 0.145, 0.15, 0.155, 0.16, 0.165, 0.17, 0.17500000000000002, 0.18, 0.185, 0.19, 0.195, 0.2, 0.20500000000000002, 0.21, 0.215, 0.22, 0.225]}], "coords": [{"__dtype__": "<f8", "__shape__": [45], "__data__": [0.0025, 0.0075, 0.0125, 0.0175, 0.0225, 0.0275, 0.0325, 0.037500000000000006, 0.042499999999999996, 0.0475, 0.052500000000000005, 0.057499999999999996, 0.0625, 0.0675, 0.07250000000000001, 0.0775, 0.0825, 0.0875, 0.0925, 0.0975, 0.10250000000000001, 0.1075, 0.1125, 0.1175, 0.1225, 0.1275, 0.1325, 0.1375, 0.14250000000000002, 0.1475, 0.1525, 0.1575, 0.1625, 0.1675, 0.17250000000000001, 0.1775, 0.1825, 0.1875, 0.1925, 0.1975, 0.2025, 0.20750000000000002, 0.2125, 0.2175, 0.2225]}], "data": {"__dtype__": [["k", "<f8"], ["power_0", "<c8"], ["modes", "<i8"]], "__shape__": [45], "__data__": [[0.003815275665524218, {"__complex__": [137674.25, 6.535291513683206e-13]}, 167], [0.008051874293215633, {"__complex__": [98754.265625, -9.414362600037793e-14]}, 1082], [0.012817029079016207, {"__complex__": [102025.4296875, 5.859831527345663e-14]}, 2980], [0.017716509347552655, {"__complex__": [104537.3984375, -1.0067045870423667e-14]}, 5782], [0.022662039791280744, {"__complex__": [96417.1484375, 2.4007957961599304e-14]}, 9556], [0.027646750934552478, {"__complex__": [95473.5546875, -1.0123775902066024e-15]}, 14374], [0.03263789903848774, {"__complex__": [95269.3984375, -2.9176771540245436e-14]}, 19950], [0.03761333180694884, {"__complex__": [93380.5, -8.253128202010372e-15]}, 26448], [0.04260193967352645, {"__complex__": [85634.0234375, 1.0850747011244711e-14]}, 34198], [0.04759162857994536, {"__complex__": [83596.015625, 4.12040998312691e-15]}, 42380], [0.05257530150010622, {"__complex__": [82349.328125, -7.554930802049914e-15]}, 52006], [0.05757159727276514, {"__complex__": [79365.9140625, 4.407230162143793e-15]}, 62322], [0.06256797428997786, {"__complex__": [78312.8671875, -3.1612262737661144e-15]}, 73652], [0.0675617289426077, {"__complex__": [79909.4375, 2.3310052364489174e-15]}, 85838], [0.07255558649662346, {"__complex__": [77867.6484375, -2.7567127725523777e-15]}, 98976], [0.07755524320952903, {"__complex__": [76844.8046875, 9.68895746782366e-15]}, 113394], [0.08255376250834365, {"__complex__": [75684.703125, 7.38099480979273e-16]}, 128150], [0.0875496546725024, {"__complex__": [74163.078125, 5.3957243878531395e-15]}, 144286], [0.09254163787356122, {"__complex__": [72042.765625, -7.123093923781885e-16]}, 160880], [0.0975383369905323, {"__complex__": [71795.03125, 2.1100552098499755e-15]}, 179308], [0.10253908625033156, {"__complex__": [70742.53125, 2.223860650818932e-15]}, 197942], [0.10753580505862456, {"__complex__": [70142.6953125, -4.0952041884407533e-16]}, 217646], [0.1125356257994511, {"__complex__": [70081.6875, 2.6836398754674596e-15]}, 238588], [0.11753454851990484, {"__complex__": [69730.0703125, 1.392151588371646e-15]}, 260014], [0.12253156667658016, {"__complex__": [69385.6015625, 2.6389402527749557e-15]}, 282608], [0.12753096921502458, {"__complex__": [68622.2109375, 1.756823941999211e-15]}, 306474], [0.1325292978650216, {"__complex__": [69155.0234375, -2.2296259805744184e-15]}, 330410], [0.13752837702975454, {"__complex__": [68302.375, -1.7142756771136147e-15]}, 356524], [0.14252840390093935, {"__complex__": [67730.7890625, 4.983056712214422e-16]}, 382374], [0.1475260663774893, {"__complex__": [66762.234375, 5.340255164752771e-15]}, 409764], [0.15252672708309914, {"__complex__": [66144.7890625, -4.2726742668516783e-16]}, 438498], [0.15752698799525197, {"__complex__": [66413.1328125, 6.698026850465667e-16]}, 467102], [0.16252582934193138, {"__complex__": [66081.78125, 1.1459150871983214e-15]}, 497640], [0.16752695002089135, {"__complex__": [66048.0234375, 6.020386728376834e-16]}, 528742], [0.1725255221778136, {"__complex__": [65896.53125, -1.5587885918432213e-15]}, 560124], [0.177522361139111, {"__complex__": [65407.9375, 2.0112951916066235e-15]}, 593504], [0.1825234912914413, {"__complex__": [65688.9375, -7.358980952889183e-16]}, 627836], [0.18752350707786758, {"__complex__": [65112.00390625, -2.264133467570848e-15]}, 661996], [0.19252117302900476, {"__complex__": [65132.48828125, -1.449107354294446e-15]}, 697918], [0.19752001186183624, {"__complex__": [65202.74609375, 4.803076504603869e-16]}, 734704], [0.2025195062646969, {"__complex__": [65098.51171875, -6.120913127952566e-16]}, 772658], [0.20751945919313455, {"__complex__": [65188.03515625, -1.67894910925719e-15]}, 810932], [0.21251889941020302, {"__complex__": [65128.8359375, -2.9420200762473323e-15]}, 850752], [0.21751752031101598, {"__complex__": [64908.86328125, 7.749147621800563e-16]}, 890816], [0.2225163170076431, {"__complex__": [64820.8515625, -4.214295432637932e-16]}, 932307]]}, "attrs": {"poles": [0], "dk": 0.005, "kmin": 0.0, "kmax": null, "Nmesh": {"__dtype__": "<i8", "__shape__": [3], "__data__": [512, 512, 512]}, "BoxSize": {"__dtype__": "<f8", "__shape__": [3], "__data__": [3423.0, 7189.0, 3022.0]}, "BoxPad": {"__dtype__": "<f8", "__shape__": [3], "__data__": [0.1, 0.1, 0.1]}, "BoxCenter": {"__dtype__": "<f8", "__shape__": [3], "__data__": [-1751.1484223241957, 34.81169948707998, 1911.0681694588582]}, "mesh.resampler": "tsc", "mesh.interlaced": true, "alpha": 0.04979400533260557, "data.norm": 5.522128582031175, "randoms.norm": 5.522544378369654, "shotnoise": 63026.270657874855, "first.data.N": 239380, "first.data.W": 239380.0, "first.data.W2": 206238.10484950652, "first.data.num_per_cell": 0.0015365936223380753, "first.randoms.N": 4807406, "first.randoms.W": 4807406.0, "first.randoms.W2": 4141952.654206977, "first.randoms.num_per_cell": 0.030859952078811655, "first.data.ext": 1, "first.randoms.ext": 1, "second.data.N": 239380, "second.data.W": 239380.0, "second.data.W2": 373433.82066327333, "second.data.num_per_cell": 0.002782298778468917, "second.randoms.N": 4807406, "second.randoms.W": 4807406.0, "second.randoms.W2": 7500168.657910705, "second.randoms.num_per_cell": 0.055880611076285724, "second.data.ext": 1, "second.randoms.ext": 1}}, "attrs": {"poles": [0], "dk": 0.005, "kmin": 0.0, "kmax": null, "Nmesh": {"__dtype__": "<i8", "__shape__": [3], "__data__": [512, 512, 512]}, "BoxSize": {"__dtype__": "<f8", "__shape__": [3], "__data__": [3423.0, 7189.0, 3022.0]}, "BoxPad": {"__dtype__": "<f8", "__shape__": [3], "__data__": [0.1, 0.1, 0.1]}, "BoxCenter": {"__dtype__": "<f8", "__shape__": [3], "__data__": [-1751.1484223241957, 34.81169948707998, 1911.0681694588582]}, "mesh.resampler": "tsc", "mesh.interlaced": true, "alpha": 0.04979400533260557, "data.norm": 5.522128582031175, "randoms.norm": 5.522544378369654, "shotnoise": 63026.270657874855, "first.data.N": 239380, "first.data.W": 239380.0, "first.data.W2": 206238.10484950652, "first.data.num_per_cell": 0.0015365936223380753, "first.randoms.N": 4807406, "first.randoms.W": 4807406.0, "first.randoms.W2": 4141952.654206977, "first.randoms.num_per_cell": 0.030859952078811655, "first.data.ext": 1, "first.randoms.ext": 1, "second.data.N": 239380, "second.data.W": 239380.0, "second.data.W2": 373433.82066327333, "second.data.num_per_cell": 0.002782298778468917, "second.randoms.N": 4807406, "second.randoms.W": 4807406.0, "second.randoms.W2": 7500168.657910705, "second.randoms.num_per_cell": 0.055880611076285724, "second.data.ext": 1, "second.randoms.ext": 1, "p": 0.0, "zmin": 0.8, "zmax": 2.2, "P0_FKP": 30000.0, "z-weighted": true, "hashkeys": ["Nmesh", "P0_FKP", "dk", "kmin", "mesh.window", "mesh.interlaced", "poles", "p", "BoxPad", "zmin", "zmax", "z-weighted"]}}