{"poles": {"dims": ["k"], "edges": [{"__dtype__": "<f8", "__shape__": [46], "__data__": [0.0, 0.005, 0.01, 0.015, 0.02, 0.025, 0.03, 0.035, 0.04, 0.045, 0.05, 0.055, 0.06, 0.065, 0.07, 0.075, 0.08, 0.085, 0.09, 0.095, 0.1, 0.105, 0.11, 0.115, 0.12, 0.125, 0.13, 0.135, 0.14, 0.145, 0.15, 0.155, 0.16, 0.165, 0.17, 0.17500000000000002, 0.18, 0.185, 0.19, 0.195, 0.2, 0.20500000000000002, 0.21, 0.215, 0.22, 0.225]}], "coords": [{"__dtype__": "<f8", "__shape__": [45], "__data__": [0.0025, 0.0075, 0.0125, 0.0175, 0.0225, 0.0275, 0.0325, 0.037500000000000006, 0.042499999999999996, 0.0475, 0.052500000000000005, 0.057499999999999996, 0.0625, 0.0675, 0.07250000000000001, 0.0775, 0.0825, 0.0875, 0.0925, 0.0975, 0.10250000000000001, 0.1075, 0.1125, 0.1175, 0.1225, 0.1275, 0.1325, 0.1375, 0.14250000000000002, 0.1475, 0.1525, 0.1575, 0.1625, 0.1675, 0.17250000000000001, 0.1775, 0.1825, 0.1875, 0.1925, 0.1975, 0.2025, 0.20750000000000002, 0.2125, 0.2175, 0.2225]}], "data": {"__dtype__": [["k", "<f8"], ["power_0", "<c8"], ["modes", "<i8"]], "__shape__": [45], "__data__": [[0.0038145030103346046, {"__complex__": [-96395.53125, -6.970977614595419e-13]}, 167], [0.008064779513563958, {"__complex__": [-112303.7265625, -1.3350380371514314e-13]}, 1090], [0.01282231252312545, {"__complex__": [-133463.828125, 3.917069983259622e-14]}, 2972], [0.01772274338117151, {"__complex__": [-143566.234375, -4.010173134316383e-14]}, 5806], [0.022671579827448312, {"__complex__": [-143482.546875, -4.338175462305707e-14]}, 9560], [0.02765084376467167, {"__complex__": [-136608.359375, -8.101274676325463e-15]}, 14370], [0.03263762240481199, {"__complex__": [-122391.2265625, 4.806013443117707e-14]}, 19946], [0.037616497875967804, {"__complex__": [-112687.46875, 1.536633132206717e-14]}, 26516], [0.04260100552242683, {"__complex__": [-114930.1875, 6.825876415337455e-15]}, 34110], [0.047589284515238896, {"__complex__": [-109489.8359375, -2.6029598601865454e-14]}, 42488], [0.05257368384040313, {"__complex__": [-108370.6328125, 4.425798987820091e-14]}, 51950], [0.05757026940251479, {"__complex__": [-107090.78125, 7.457023110709737e-15]}, 62446], [0.06256888764932911, {"__complex__": [-104569.671875, -1.5805273747971477e-15]}, 73656], [0.06756294274890466, {"__complex__": [-101105.046875, 5.841898569302869e-15]}, 85938], [0.07255502386062382, {"__complex__": [-101645.9453125, 8.82790284303963e-16]}, 98904], [0.07755585228633188, {"__complex__": [-99953.8671875, -1.0244039757499558e-15]}, 113642], [0.08255393513124903, {"__complex__": [-97483.2109375, -1.1596238495815113e-14]}, 127998], [0.08754726829311671, {"__complex__": [-96111.09375, -2.820724322925806e-15]}, 144450], [0.09254227908684085, {"__complex__": [-94345.4609375, 1.3191885938116342e-14]}, 161052], [0.09753903357686589, {"__complex__": [-95082.171875, 4.544227576966809e-15]}, 179328], [0.1025389892496705, {"__complex__": [-90461.984375, 3.526490385786455e-15]}, 198070], [0.10753339345799835, {"__complex__": [-91846.859375, -8.16147839008451e-15]}, 217526], [0.1125346416167016, {"__complex__": [-90204.8046875, 9.981572622749183e-15]}, 239092], [0.11753602327463854, {"__complex__": [-90320.125, 1.0004057112334049e-14]}, 260010], [0.12253238906688527, {"__complex__": [-89385.140625, -1.337690863874102e-15]}, 282838], [0.12753165911485917, {"__complex__": [-88515.3046875, -1.1581989707576401e-14]}, 306568], [0.13252871526567883, {"__complex__": [-89250.5546875, -1.9374724586051486e-15]}, 330474], [0.13752714267726582, {"__complex__": [-89153.5234375, 0.0]}, 356752], [0.14252900402877813, {"__complex__": [-88908.734375, -5.702161002895485e-15]}, 382800], [0.14752658135831692, {"__complex__": [-87332.7578125, -1.5626217335669022e-15]}, 409750], [0.15252675401077462, {"__complex__": [-86874.203125, -9.018151419311511e-15]}, 438906], [0.15752752288501473, {"__complex__": [-85913.4453125, 9.966083778275691e-16]}, 467246], [0.16252403501100804, {"__complex__": [-86183.0234375, 8.77368373469029e-16]}, 497576], [0.16752451925147357, {"__complex__": [-86128.265625, -2.8597759299260183e-15]}, 529202], [0.17252500954494074, {"__complex__": [-85172.2265625, -1.868824673394924e-15]}, 560640], [0.1775221878609466, {"__complex__": [-84998.2265625, -8.824036667031006e-16]}, 593684], [0.18252172454586865, {"__complex__": [-84758.3125, -5.562180549790476e-16]}, 627894], [0.18752118554169903, {"__complex__": [-85087.203125, 4.393176747348321e-17]}, 662478], [0.19252031326500377, {"__complex__": [-84851.328125, -1.5415561300478062e-15]}, 698542], [0.19751965996883597, {"__complex__": [-84533.4140625, -2.5343215193936825e-15]}, 734968], [0.20251902575947028, {"__complex__": [-84060.875, -3.1807671121010343e-15]}, 773170], [0.2075190278655979, {"__complex__": [-84402.1015625, -4.215315789702018e-15]}, 811256], [0.2125186365456298, {"__complex__": [-83309.8359375, -9.57124466386902e-16]}, 851412], [0.21751782256464683, {"__complex__": [-83844.4140625, -4.6207235459498185e-15]}, 891244], [0.2225166722394595, {"__complex__": [-83206.59375, -2.5892283126170744e-15]}, 932949]]}, "attrs": {"poles": [0], "dk": 0.005, "kmin": 0.0, "kmax": null, "Nmesh": {"__dtype__": "<i8", "__shape__": [3], "__data__": [512, 512, 512]}, "BoxSize": {"__dtype__": "<f8", "__shape__": [3], "__data__": [3424.0, 7186.0, 3024.0]}, "BoxPad": {"__dtype__": "<f8", "__shape__": [3], "__data__": [0.1, 0.1, 0.1]}, "BoxCenter": {"__dtype__": "<f8", "__shape__": [3], "__data__": [-1751.1416229720137, 35.65948920697838, 1910.8526563562377]}, "mesh.resampler": "tsc", "mesh.interlaced": true, "alpha": 0.050009464477009644, "data.norm": -1.490391032744274, "randoms.norm": -1.4901267623173653, "shotnoise": 54316.69176911939, "first.data.N": 240418, "first.data.W": 240418.0, "first.data.W2": 207162.7809324213, "first.data.num_per_cell": 0.0015434829960198797, "first.randoms.N": 4807450, "first.randoms.W": 4807450.0, "first.randoms.W2": 4142597.528344209, "first.randoms.num_per_cell": 0.03086475676554597, "first.data.ext": 1, "first.randoms.ext": 1, "second.data.N": 240418, "second.data.W": 240418.0, "second.data.W2": -98137.69423068126, "second.data.num_per_cell": -0.0007311828004619573, "second.randoms.N": 4807450, "second.randoms.W": 4807450.0, "second.randoms.W2": -1961933.2940070396, "second.randoms.num_per_cell": -0.014617542132787702, "second.data.ext": 1, "second.randoms.ext": 1}}, "attrs": {"poles": [0], "dk": 0.005, "kmin": 0.0, "kmax": null, "Nmesh": {"__dtype__": "<i8", "__shape__": [3], "__data__": [512, 512, 512]}, "BoxSize": {"__dtype__": "<f8", "__shape__": [3], "__data__": [3424.0, 7186.0, 3024.0]}, "BoxPad": {"__dtype__": "<f8", "__shape__": [3], "__data__": [0.1, 0.1, 0.1]}, "BoxCenter": {"__dtype__": "<f8", "__shape__": [3], "__data__": [-1751.1416229720137, 35.65948920697838, 1910.8526563562377]}, "mesh.resampler": "tsc", "mesh.interlaced": true, "alpha": 0.050009464477009644, "data.norm": -1.490391032744274, "randoms.norm": -1.4901267623173653, "shotnoise": 54316.69176911939, "first.data.N": 240418, "first.data.W": 240418.0, "first.data.W2": 207162.7809324213, "first.data.num_per_cell": 0.0015434829960198797, "first.randoms.N": 4807450, "first.randoms.W": 4807450.0, "first.randoms.W2": 4142597.528344209, "first.randoms.num_per_cell": 0.03086475676554597, "first.data.ext": 1, "first.randoms.ext": 1, "second.data.N": 240418, "second.data.W": 240418.0, "second.data.W2": -98137.69423068126, "second.data.num_per_cell": -0.0007311828004619573, "second.randoms.N": 4807450, "second.randoms.W": 4807450.0, "second.randoms.W2": -1961933.2940070396, "second.randoms.num_per_cell": -0.014617542132787702, "second.data.ext": 1, "second.randoms.ext": 1, "p": 3.0, "zmin": 0.8, "zmax": 2.2, "P0_FKP": 30000.0, "z-weighted": true, "hashkeys": ["Nmesh", "P0_FKP", "dk", "kmin", "mesh.window", "mesh.interlaced", "poles", "p", "BoxPad", "zmin", "zmax", "z-weighted"]}}