{"poles": {"dims": ["k"], "edges": [{"__dtype__": "<f8", "__shape__": [46], "__data__": [0.0, 0.005, 0.01, 0.015, 0.02, 0.025, 0.03, 0.035, 0.04, 0.045, 0.05, 0.055, 0.06, 0.065, 0.07, 0.075, 0.08, 0.085, 0.09, 0.095, 0.1, 0.105, 0.11, 0.115, 0.12, 0.125, 0.13, 0.135, 0.14, 0.145, 0.15, 0.155, 0.16, 0.165, 0.17, 0.17500000000000002, 0.18, 0.185, 0.19, 0.195, 0.2, 0.20500000000000002, 0.21, 0.215, 0.22, 0.225]}], "coords": [{"__dtype__": "<f8", "__shape__": [45], "__data__": [0.0025, 0.0075, 0.0125, 0.0175, 0.0225, 0.0275, 0.0325, 0.037500000000000006, 0.042499999999999996, 0.0475, 0.052500000000000005, 0.057499999999999996, 0.0625, 0.0675, 0.07250000000000001, 0.0775, 0.0825, 0.0875, 0.0925, 0.0975, 0.10250000000000001, 0.1075, 0.1125, 0.1175, 0.1225, 0.1275, 0.1325, 0.1375, 0.14250000000000002, 0.1475, 0.1525, 0.1575, 0.1625, 0.1675, 0.17250000000000001, 0.1775, 0.1825, 0.1875, 0.1925, 0.1975, 0.2025, 0.20750000000000002, 0.2125, 0.2175, 0.2225]}], "data": {"__dtype__": [["k", "<f8"], ["power_0", "<c8"], ["modes", "<i8"]], "__shape__": [45], "__data__": [[0.00381275621804459, {"__complex__": [73634.0859375, 2.178430369035797e-13]}, 167], [0.008060893086387355, {"__complex__": [89414.0078125, 1.268286148846387e-13]}, 1090], [0.012819144220640486, {"__complex__": [102918.1640625, -2.0353610832336833e-13]}, 2976], [0.017720894205294203, {"__complex__": [103031.21875, 7.821592020438618e-15]}, 5814], [0.02266986333657485, {"__complex__": [98345.3203125, 4.636788796343917e-14]}, 9572], [0.02764735150397766, {"__complex__": [99296.0390625, -2.0241919035032807e-14]}, 14378], [0.0326314734267704, {"__complex__": [93415.546875, 4.557043079579648e-16]}, 19958], [0.03761401479522254, {"__complex__": [90742.84375, -1.2037228412111172e-14]}, 26596], [0.04259856776755641, {"__complex__": [85618.84375, 4.266673091359941e-15]}, 34106], [0.047587414767721, {"__complex__": [83791.1015625, -9.477460964190786e-15]}, 42608], [0.05257305960447773, {"__complex__": [80332.875, -3.639518462268069e-15]}, 51978], [0.05757162681960106, {"__complex__": [79961.984375, -9.72830299525657e-15]}, 62638], [0.06257127681745428, {"__complex__": [79459.6015625, -5.1344833332939155e-15]}, 73688], [0.06755955124189791, {"__complex__": [79155.5859375, -4.4021805752287365e-15]}, 85946], [0.07255193422920818, {"__complex__": [77992.4921875, -8.584984699316293e-15]}, 99160], [0.07755520865796464, {"__complex__": [75597.3203125, 3.181225145167262e-15]}, 113786], [0.08255574296704431, {"__complex__": [74798.03125, 5.5566767414574544e-15]}, 128322], [0.08754743106291207, {"__complex__": [73439.53125, -1.2091162387994642e-15]}, 144422], [0.09254235956007546, {"__complex__": [71914.1484375, -2.973014494095025e-15]}, 161524], [0.09754196007615963, {"__complex__": [71357.015625, 0.0]}, 179552], [0.10254247600697784, {"__complex__": [70297.140625, -3.217260256084065e-15]}, 198450], [0.10753335761292585, {"__complex__": [70024.3203125, 1.1711560602215687e-16]}, 217442], [0.11253003843838996, {"__complex__": [69537.5546875, -2.2792449588663385e-16]}, 239420], [0.11753434644351377, {"__complex__": [68994.28125, 5.024485623060222e-16]}, 260658], [0.12253311631244472, {"__complex__": [69370.6484375, 4.765518322568784e-15]}, 283220], [0.12753384756435154, {"__complex__": [68420.2734375, -1.184153052878247e-17]}, 307222], [0.13253286652814153, {"__complex__": [68000.0703125, 3.18725686678466e-16]}, 331010], [0.13753001632364623, {"__complex__": [67838.5234375, -1.895056648496679e-15]}, 357068], [0.14252958809208216, {"__complex__": [67536.7265625, 1.6803466077410412e-15]}, 383208], [0.14752701975776128, {"__complex__": [67346.8359375, 3.8864455070516425e-15]}, 410466], [0.15252711048731454, {"__complex__": [67070.8515625, 1.332956902611016e-15]}, 439410], [0.15752707005565847, {"__complex__": [66666.109375, 2.3831354556712097e-15]}, 467888], [0.1625247208815326, {"__complex__": [66408.265625, -1.9703328900356424e-15]}, 498522], [0.16752508638759905, {"__complex__": [66316.046875, 7.34817598885577e-16]}, 529742], [0.17252662515833334, {"__complex__": [66324.109375, 1.0820611908322008e-15]}, 561888], [0.17752382690217283, {"__complex__": [65869.46875, -1.9381178977109564e-15]}, 594092], [0.1825226202780035, {"__complex__": [65730.4609375, 2.3015153608737854e-15]}, 629114], [0.18752332358156373, {"__complex__": [65303.296875, 1.2612335142995313e-16]}, 663426], [0.192522722102735, {"__complex__": [65283.70703125, -8.631275791037569e-16]}, 699670], [0.19752248871933928, {"__complex__": [65294.7734375, 2.884115209907134e-15]}, 736018], [0.20252022711749867, {"__complex__": [65351.453125, 1.6148465028419318e-15]}, 773848], [0.20751964258640443, {"__complex__": [64911.6953125, -8.684407520840871e-16]}, 812684], [0.21252168122521664, {"__complex__": [65211.8828125, -1.1747079605369816e-15]}, 853202], [0.2175197074390014, {"__complex__": [65018.484375, 1.2568252636744443e-15]}, 891530], [0.22251572425010416, {"__complex__": [65060.53125, -1.859296214482803e-16]}, 934297]]}, "attrs": {"poles": [0], "dk": 0.005, "kmin": 0.0, "kmax": null, "Nmesh": {"__dtype__": "<i8", "__shape__": [3], "__data__": [512, 512, 512]}, "BoxSize": {"__dtype__": "<f8", "__shape__": [3], "__data__": [3427.0, 7190.0, 3024.0]}, "BoxPad": {"__dtype__": "<f8", "__shape__": [3], "__data__": [0.1, 0.1, 0.1]}, "BoxCenter": {"__dtype__": "<f8", "__shape__": [3], "__data__": [-1753.318185781353, 41.644292306506486, 1910.6762691764286]}, "mesh.resampler": "tsc", "mesh.interlaced": true, "alpha": 0.049817490627110356, "data.norm": 5.530290055002084, "randoms.norm": 5.529891276494179, "shotnoise": 62986.38445730302, "first.data.N": 239603, "first.data.W": 239603.0, "first.data.W2": 206415.125839453, "first.data.num_per_cell": 0.0015379125314910187, "first.randoms.N": 4809616, "first.randoms.W": 4809616.0, "first.randoms.W2": 4143514.2531992802, "first.randoms.num_per_cell": 0.030871586897963883, "first.data.ext": 1, "first.randoms.ext": 1, "second.data.N": 239603, "second.data.W": 239603.0, "second.data.W2": 373799.9965416789, "second.data.num_per_cell": 0.002785027001363627, "second.randoms.N": 4809616, "second.randoms.W": 4809616.0, "second.randoms.W2": 7503407.829226017, "second.randoms.num_per_cell": 0.0559047447832377, "second.data.ext": 1, "second.randoms.ext": 1}}, "attrs": {"poles": [0], "dk": 0.005, "kmin": 0.0, "kmax": null, "Nmesh": {"__dtype__": "<i8", "__shape__": [3], "__data__": [512, 512, 512]}, "BoxSize": {"__dtype__": "<f8", "__shape__": [3], "__data__": [3427.0, 7190.0, 3024.0]}, "BoxPad": {"__dtype__": "<f8", "__shape__": [3], "__data__": [0.1, 0.1, 0.1]}, "BoxCenter": {"__dtype__": "<f8", "__shape__": [3], "__data__": [-1753.318185781353, 41.644292306506486, 1910.6762691764286]}, "mesh.resampler": "tsc", "mesh.interlaced": true, "alpha": 0.049817490627110356, "data.norm": 5.530290055002084, "randoms.norm": 5.529891276494179, "shotnoise": 62986.38445730302, "first.data.N": 239603, "first.data.W": 239603.0, "first.data.W2": 206415.125839453, "first.data.num_per_cell": 0.0015379125314910187, "first.randoms.N": 4809616, "first.randoms.W": 4809616.0, "first.randoms.W2": 4143514.2531992802, "first.randoms.num_per_cell": 0.030871586897963883, "first.data.ext": 1, "first.randoms.ext": 1, "second.data.N": 239603, "second.data.W": 239603.0, "second.data.W2": 373799.9965416789, "second.data.num_per_cell": 0.002785027001363627, "second.randoms.N": 4809616, "second.randoms.W": 4809616.0, "second.randoms.W2": 7503407.829226017, "second.randoms.num_per_cell": 0.0559047447832377, "second.data.ext": 1, "second.randoms.ext": 1, "p": 0.0, "zmin": 0.8, "zmax": 2.2, "P0_FKP": 30000.0, "z-weighted": true, "hashkeys": ["Nmesh", "P0_FKP", "dk", "kmin", "mesh.window", "mesh.interlaced", "poles", "p", "BoxPad", "zmin", "zmax", "z-weighted"]}}