{"poles": {"dims": ["k"], "edges": [{"__dtype__": "<f8", "__shape__": [57], "__data__": [0.0, 0.005, 0.01, 0.015, 0.02, 0.025, 0.03, 0.035, 0.04, 0.045, 0.05, 0.055, 0.06, 0.065, 0.07, 0.075, 0.08, 0.085, 0.09, 0.095, 0.1, 0.105, 0.11, 0.115, 0.12, 0.125, 0.13, 0.135, 0.14, 0.145, 0.15, 0.155, 0.16, 0.165, 0.17, 0.17500000000000002, 0.18, 0.185, 0.19, 0.195, 0.2, 0.20500000000000002, 0.21, 0.215, 0.22, 0.225, 0.23, 0.23500000000000001, 0.24, 0.245, 0.25, 0.255, 0.26, 0.265, 0.27, 0.275, 0.28]}], "coords": [{"__dtype__": "<f8", "__shape__": [56], "__data__": [0.0025, 0.0075, 0.0125, 0.0175, 0.0225, 0.0275, 0.0325, 0.037500000000000006, 0.042499999999999996, 0.0475, 0.052500000000000005, 0.057499999999999996, 0.0625, 0.0675, 0.07250000000000001, 0.0775, 0.0825, 0.0875, 0.0925, 0.0975, 0.10250000000000001, 0.1075, 0.1125, 0.1175, 0.1225, 0.1275, 0.1325, 0.1375, 0.14250000000000002, 0.1475, 0.1525, 0.1575, 0.1625, 0.1675, 0.17250000000000001, 0.1775, 0.1825, 0.1875, 0.1925, 0.1975, 0.2025, 0.20750000000000002, 0.2125, 0.2175, 0.2225, 0.2275, 0.2325, 0.2375, 0.2425, 0.2475, 0.2525, 0.2575, 0.2625, 0.2675, 0.2725, 0.2775]}], "data": {"__dtype__": [["k", "<f8"], ["power_0", "<c8"], ["modes", "<i8"]], "__shape__": [56], "__data__": [[0.0038170754878313466, {"__complex__": [76896.984375, 1.0085486048735937e-12]}, 101], [0.008104289456727323, {"__complex__": [94877.9296875, -4.217946589332895e-14]}, 690], [0.012890484216280924, {"__complex__": [96861.6640625, -9.439080376691389e-14]}, 1850], [0.01777856800260228, {"__complex__": [112651.671875, 3.250008836813874e-14]}, 3582], [0.02268884977891713, {"__complex__": [107030.2734375, 2.864550231133217e-14]}, 5842], [0.027645564420107033, {"__complex__": [104844.9765625, -3.462386424118481e-14]}, 8826], [0.03262470018450136, {"__complex__": [105049.1796875, -5.931809676697902e-14]}, 12266], [0.03761062033916146, {"__complex__": [97349.1171875, 2.8428651712439704e-14]}, 16380], [0.0426139481873658, {"__complex__": [97994.734375, -1.656921805705605e-14]}, 21078], [0.04760066508720561, {"__complex__": [91544.8515625, -1.002428171801564e-14]}, 26130], [0.05257756081412659, {"__complex__": [89989.4921875, 4.558870659042468e-15]}, 31920], [0.057567149116944806, {"__complex__": [88607.15625, -9.845679738889387e-15]}, 38428], [0.06256355501946351, {"__complex__": [89166.015625, 1.6034814382721472e-15]}, 45376], [0.06755879702300949, {"__complex__": [89161.171875, 4.40433288594771e-15]}, 52864], [0.07255100412650377, {"__complex__": [87893.125, -1.909011304544457e-15]}, 60982], [0.07754623240183367, {"__complex__": [84445.2109375, 4.383358656107799e-15]}, 69716], [0.08254411606255035, {"__complex__": [83645.0625, -3.315206699181579e-15]}, 79010], [0.08754741910866035, {"__complex__": [81982.96875, 2.286393493424691e-15]}, 89104], [0.09254966381578994, {"__complex__": [81396.4375, -3.51729181973751e-15]}, 99294], [0.0975455043538827, {"__complex__": [80758.5546875, 7.122946540049063e-15]}, 110320], [0.10254519627531296, {"__complex__": [80413.9375, 2.979019745932821e-15]}, 122120], [0.10754296937158744, {"__complex__": [78941.1328125, 5.323527111077446e-15]}, 133942], [0.11253763585758779, {"__complex__": [78937.609375, 1.4856573553640611e-15]}, 146924], [0.11753655053112758, {"__complex__": [78246.6875, 1.1530404554055667e-14]}, 160280], [0.12253386176889036, {"__complex__": [78065.6640625, 3.511481808994056e-15]}, 174052], [0.12753018169348673, {"__complex__": [77755.6875, -7.94427966065072e-15]}, 188670], [0.13252797321067272, {"__complex__": [77243.84375, -1.8930877204107865e-15]}, 203702], [0.13752578756411185, {"__complex__": [76837.7578125, -3.3828088222184185e-15]}, 219388], [0.14252645856372506, {"__complex__": [76295.6015625, -4.318002440930604e-16]}, 235904], [0.1475294126848495, {"__complex__": [76654.5078125, 2.8793095684808865e-16]}, 252698], [0.15253061006705468, {"__complex__": [76699.375, 9.163742406900896e-16]}, 269958], [0.1575277840444899, {"__complex__": [76228.1328125, -1.49195949224987e-15]}, 287730], [0.16252270946095704, {"__complex__": [76609.578125, -1.6637062219757568e-15]}, 306134], [0.16752094968048045, {"__complex__": [75772.53125, 4.46640843664107e-16]}, 325808], [0.17252034647097375, {"__complex__": [75168.9296875, 4.847799844218896e-16]}, 345202], [0.1775219261031936, {"__complex__": [75054.078125, 3.9743910850804844e-16]}, 366142], [0.18252622538232557, {"__complex__": [74863.203125, -2.012312478176276e-15]}, 386882], [0.1875257160860814, {"__complex__": [74586.2265625, -4.103875688238269e-16]}, 407778], [0.19252185688880297, {"__complex__": [75095.5625, -4.740588766502551e-16]}, 429750], [0.19751875563232787, {"__complex__": [74689.125, 2.6522793276283164e-16]}, 452642], [0.20251914209459834, {"__complex__": [74616.0234375, -5.8220864686665905e-15]}, 476142], [0.20751955016132712, {"__complex__": [73720.71875, 8.155074926882386e-16]}, 499632], [0.21251847448581923, {"__complex__": [74228.65625, 1.4437360007385513e-15]}, 524126], [0.21751817843165755, {"__complex__": [74214.234375, -1.1132693786199566e-15]}, 548996], [0.22251673811468858, {"__complex__": [74234.7578125, 3.749475197282939e-15]}, 574396], [0.2275162092133875, {"__complex__": [73899.53125, -1.6226650404615626e-15]}, 600850], [0.2325189293693001, {"__complex__": [74174.2890625, 4.414502363512445e-15]}, 627962], [0.23751974784934649, {"__complex__": [73899.8984375, 1.6676705479271438e-15]}, 654442], [0.24251922637593676, {"__complex__": [73605.15625, -3.2078499317983065e-15]}, 682720], [0.2475168118282318, {"__complex__": [73735.84375, 5.943036738424755e-16]}, 710084], [0.25251541634019303, {"__complex__": [73351.3671875, 1.965072894842532e-16]}, 740528], [0.25751508694933145, {"__complex__": [74028.7578125, -2.15726353237401e-15]}, 768992], [0.2625165380426047, {"__complex__": [73120.3203125, 1.1266073946821333e-15]}, 800828], [0.26751881124446253, {"__complex__": [73467.953125, -2.8041749932023515e-15]}, 830300], [0.2725157649980278, {"__complex__": [73570.1484375, 1.149165364375173e-15]}, 861086], [0.277510587602895, {"__complex__": [73624.40625, -1.2723641889709428e-15]}, 892079]]}, "attrs": {"poles": [0], "dk": 0.005, "kmin": 0.0, "kmax": null, "Nmesh": {"__dtype__": "<i8", "__shape__": [3], "__data__": [512, 512, 512]}, "BoxSize": {"__dtype__": "<f8", "__shape__": [3], "__data__": [2663.0, 5793.0, 2970.0]}, "BoxPad": {"__dtype__": "<f8", "__shape__": [3], "__data__": [0.1, 0.1, 0.1]}, "BoxCenter": {"__dtype__": "<f8", "__shape__": [3], "__data__": [2584.200322531804, 45.232049750275564, 890.3018226071911]}, "mesh.resampler": "tsc", "mesh.interlaced": true, "alpha": 0.04985497283914146, "data.norm": 1.0320563888372902, "randoms.norm": 1.0324153510847098, "shotnoise": 72431.72867283385, "first.data.N": 140410, "first.data.W": 140410.0, "first.data.W2": 125040.1603745974, "first.data.num_per_cell": 0.0009316217927232191, "first.randoms.N": 2816369, "first.randoms.W": 2816369.0, "first.randoms.W2": 2508149.0620922307, "first.randoms.num_per_cell": 0.01868716673621707, "first.data.ext": 1, "first.randoms.ext": 1, "second.data.N": 140410, "second.data.W": 140410.0, "second.data.W2": 74557.26673764936, "second.data.num_per_cell": 0.0005554949249152047, "second.randoms.N": 2816369, "second.randoms.W": 2816369.0, "second.randoms.W2": 1495999.266645379, "second.randoms.num_per_cell": 0.011146063109080336, "second.data.ext": 1, "second.randoms.ext": 1}}, "attrs": {"poles": [0], "dk": 0.005, "kmin": 0.0, "kmax": null, "Nmesh": {"__dtype__": "<i8", "__shape__": [3], "__data__": [512, 512, 512]}, "BoxSize": {"__dtype__": "<f8", "__shape__": [3], "__data__": [2663.0, 5793.0, 2970.0]}, "BoxPad": {"__dtype__": "<f8", "__shape__": [3], "__data__": [0.1, 0.1, 0.1]}, "BoxCenter": {"__dtype__": "<f8", "__shape__": [3], "__data__": [2584.200322531804, 45.232049750275564, 890.3018226071911]}, "mesh.resampler": "tsc", "mesh.interlaced": true, "alpha": 0.04985497283914146, "data.norm": 1.0320563888372902, "randoms.norm": 1.0324153510847098,