{"poles": {"dims": ["k"], "edges": [{"__dtype__": "<f8", "__shape__": [46], "__data__": [0.0, 0.005, 0.01, 0.015, 0.02, 0.025, 0.03, 0.035, 0.04, 0.045, 0.05, 0.055, 0.06, 0.065, 0.07, 0.075, 0.08, 0.085, 0.09, 0.095, 0.1, 0.105, 0.11, 0.115, 0.12, 0.125, 0.13, 0.135, 0.14, 0.145, 0.15, 0.155, 0.16, 0.165, 0.17, 0.17500000000000002, 0.18, 0.185, 0.19, 0.195, 0.2, 0.20500000000000002, 0.21, 0.215, 0.22, 0.225]}], "coords": [{"__dtype__": "<f8", "__shape__": [45], "__data__": [0.0025, 0.0075, 0.0125, 0.0175, 0.0225, 0.0275, 0.0325, 0.037500000000000006, 0.042499999999999996, 0.0475, 0.052500000000000005, 0.057499999999999996, 0.0625, 0.0675, 0.07250000000000001, 0.0775, 0.0825, 0.0875, 0.0925, 0.0975, 0.10250000000000001, 0.1075, 0.1125, 0.1175, 0.1225, 0.1275, 0.1325, 0.1375, 0.14250000000000002, 0.1475, 0.1525, 0.1575, 0.1625, 0.1675, 0.17250000000000001, 0.1775, 0.1825, 0.1875, 0.1925, 0.1975, 0.2025, 0.20750000000000002, 0.2125, 0.2175, 0.2225]}], "data": {"__dtype__": [["k", "<f8"], ["power_0", "<c8"], ["modes", "<i8"]], "__shape__": [45], "__data__": [[0.003814329161046377, {"__complex__": [79691.546875, -3.049802706385496e-13]}, 167], [0.008078065847341992, {"__complex__": [94090.7421875, -6.626555163288415e-15]}, 1098], [0.012831687456740114, {"__complex__": [102214.0234375, 3.4320555295300204e-14]}, 2968], [0.01772151322641141, {"__complex__": [104928.1015625, 2.7607980124569852e-14]}, 5798], [0.022664512540116064, {"__complex__": [102301.8984375, -5.639095757730729e-14]}, 9548], [0.027646129284506167, {"__complex__": [97113.7890625, -1.3146274907972592e-14]}, 14390], [0.03263941456783733, {"__complex__": [97664.96875, 8.012366710049863e-15]}, 19978], [0.03761665655797373, {"__complex__": [90275.9375, -2.4729464014202306e-14]}, 26480], [0.04260323265224758, {"__complex__": [87858.4375, -8.085816325038072e-15]}, 34194], [0.04759119744757451, {"__complex__": [85374.46875, 9.604318547602221e-15]}, 42424], [0.05257332564478569, {"__complex__": [85341.265625, 6.261039694240977e-15]}, 52004], [0.057574133075249494, {"__complex__": [82149.90625, -1.3964476336010014e-15]}, 62524], [0.06257423377318991, {"__complex__": [80453.125, 1.3825860452983032e-15]}, 73676], [0.06756500136542093, {"__complex__": [79813.953125, -1.2370907724319584e-14]}, 85870], [0.07255570556841558, {"__complex__": [79571.1796875, 7.497652740090684e-15]}, 98984], [0.07755579176540332, {"__complex__": [78182.0625, -6.725965914593495e-15]}, 113586], [0.08255666087108009, {"__complex__": [76225.1484375, -2.836188391685591e-15]}, 128270], [0.0875508703576789, {"__complex__": [73938.3515625, -5.911866878877863e-15]}, 144304], [0.0925421068025135, {"__complex__": [73743.1171875, 2.3489191362503986e-15]}, 161074], [0.09754048527647455, {"__complex__": [72956.9140625, -6.485244233181506e-16]}, 179508], [0.10253954320324962, {"__complex__": [72127.9296875, 2.1320947953792956e-15]}, 197930], [0.10753539985395547, {"__complex__": [71436.3125, -4.674262804479868e-15]}, 217924], [0.11253390672082286, {"__complex__": [72025.828125, 3.584080155870275e-15]}, 238534], [0.11753365743813884, {"__complex__": [70694.515625, 2.3875099573273046e-15]}, 260562], [0.12253280827501328, {"__complex__": [70466.9453125, -4.9925574572673e-15]}, 282728], [0.12753293483182787, {"__complex__": [69913.4140625, 7.0407445336168745e-15]}, 306922], [0.1325304328141768, {"__complex__": [70225.8046875, -1.0571102471840493e-15]}, 330378], [0.13752827392747424, {"__complex__": [69228.65625, -1.3351091074508708e-15]}, 356956], [0.1425296166111788, {"__complex__": [69118.5703125, -1.6016247420517658e-15]}, 382736], [0.14752787855467056, {"__complex__": [68535.265625, -3.645517996633471e-15]}, 410150], [0.15252924974136803, {"__complex__": [68509.59375, -1.1603287292243926e-15]}, 438942], [0.15752706504254607, {"__complex__": [68100.15625, 1.1063038031782109e-15]}, 466954], [0.16252412736469207, {"__complex__": [67975.3515625, 1.8254807269345004e-15]}, 498222], [0.16752774807270518, {"__complex__": [66965.6015625, 1.3191737707350572e-15]}, 529492], [0.1725275231513443, {"__complex__": [67727.515625, -2.0638914907081425e-15]}, 560532], [0.17752433541773852, {"__complex__": [67295.375, -1.800488384551052e-15]}, 594042], [0.18252272204481218, {"__complex__": [66802.0078125, -1.4085460169448714e-15]}, 627618], [0.18752127420581424, {"__complex__": [66684.0859375, -2.963721166235106e-16]}, 662852], [0.19252181159158813, {"__complex__": [66426.5625, 2.2589352263735485e-15]}, 698950], [0.19752110988540386, {"__complex__": [66851.3984375, 1.6829982179126412e-16]}, 734946], [0.20251977010717326, {"__complex__": [66594.6796875, 1.448801787158724e-15]}, 773396], [0.20751889608980462, {"__complex__": [66343.5546875, -6.727031905557615e-16]}, 811200], [0.21251816014408356, {"__complex__": [66145.9609375, -1.3026613928239267e-15]}, 851782], [0.21751818520819113, {"__complex__": [66190.09375, -8.3233258457558355e-16]}, 891648], [0.22251754368667162, {"__complex__": [65940.890625, 7.797927587488448e-18]}, 933063]]}, "attrs": {"poles": [0], "dk": 0.005, "kmin": 0.0, "kmax": null, "Nmesh": {"__dtype__": "<i8", "__shape__": [3], "__data__": [512, 512, 512]}, "BoxSize": {"__dtype__": "<f8", "__shape__": [3], "__data__": [3421.0, 7199.0, 3022.0]}, "BoxPad": {"__dtype__": "<f8", "__shape__": [3], "__data__": [0.1, 0.1, 0.1]}, "BoxCenter": {"__dtype__": "<f8", "__shape__": [3], "__data__": [-1747.5987013738234, 36.18709008954397, 1912.5353182605154]}, "mesh.resampler": "tsc", "mesh.interlaced": true, "alpha": 0.049951660957778636, "data.norm": 3.197329457012002, "randoms.norm": 3.196948200508746, "shotnoise": 64338.106281035914, "first.data.N": 240153, "first.data.W": 240153.0, "first.data.W2": 206856.94591514615, "first.data.num_per_cell": 0.0015412043475743096, "first.randoms.N": 4807708, "first.randoms.W": 4807708.0, "first.randoms.W2": 4141099.102395249, "first.randoms.num_per_cell": 0.030853592622244724, "first.data.ext": 1, "first.randoms.ext": 1, "second.data.N": 240153, "second.data.W": 240153.0, "second.data.W2": 216974.233877033, "second.data.num_per_cell": 0.0016165840169566348, "second.randoms.N": 4807708, "second.randoms.W": 4807708.0, "second.randoms.W2": 4343318.470272839, "second.randoms.num_per_cell": 0.0323602443208757, "second.data.ext": 1, "second.randoms.ext": 1}}, "attrs": {"poles": [0], "dk": 0.005, "kmin": 0.0, "kmax": null, "Nmesh": {"__dtype__": "<i8", "__shape__": [3], "__data__": [512, 512, 512]}, "BoxSize": {"__dtype__": "<f8", "__shape__": [3], "__data__": [3421.0, 7199.0, 3022.0]}, "BoxPad": {"__dtype__": "<f8", "__shape__": [3], "__data__": [0.1, 0.1, 0.1]}, "BoxCenter": {"__dtype__": "<f8", "__shape__": [3], "__data__": [-1747.5987013738234, 36.18709008954397, 1912.5353182605154]}, "mesh.resampler": "tsc", "mesh.interlaced": true, "alpha": 0.049951660957778636, "data.norm": 3.197329457012002, "randoms.norm": 3.196948200508746, "shotnoise": 64338.106281035914, "first.data.N": 240153, "first.data.W": 240153.0, "first.data.W2": 206856.94591514615, "first.data.num_per_cell": 0.0015412043475743096, "first.randoms.N": 4807708, "first.randoms.W": 4807708.0, "first.randoms.W2": 4141099.102395249, "first.randoms.num_per_cell": 0.030853592622244724, "first.data.ext": 1, "first.randoms.ext": 1, "second.data.N": 240153, "second.data.W": 240153.0, "second.data.W2": 216974.233877033, "second.data.num_per_cell": 0.0016165840169566348, "second.randoms.N": 4807708, "second.randoms.W": 4807708.0, "second.randoms.W2": 4343318.470272839, "second.randoms.num_per_cell": 0.0323602443208757, "second.data.ext": 1, "second.randoms.ext": 1, "p": 1.0, "zmin": 0.8, "zmax": 2.2, "P0_FKP": 30000.0, "z-weighted": true, "hashkeys": ["Nmesh", "P0_FKP", "dk", "kmin", "mesh.window", "mesh.interlaced", "poles", "p", "BoxPad", "zmin", "zmax", "z-weighted"]}}