{"poles": {"dims": ["k"], "edges": [{"__dtype__": "<f8", "__shape__": [57], "__data__": [0.0, 0.005, 0.01, 0.015, 0.02, 0.025, 0.03, 0.035, 0.04, 0.045, 0.05, 0.055, 0.06, 0.065, 0.07, 0.075, 0.08, 0.085, 0.09, 0.095, 0.1, 0.105, 0.11, 0.115, 0.12, 0.125, 0.13, 0.135, 0.14, 0.145, 0.15, 0.155, 0.16, 0.165, 0.17, 0.17500000000000002, 0.18, 0.185, 0.19, 0.195, 0.2, 0.20500000000000002, 0.21, 0.215, 0.22, 0.225, 0.23, 0.23500000000000001, 0.24, 0.245, 0.25, 0.255, 0.26, 0.265, 0.27, 0.275, 0.28]}], "coords": [{"__dtype__": "<f8", "__shape__": [56], "__data__": [0.0025, 0.0075, 0.0125, 0.0175, 0.0225, 0.0275, 0.0325, 0.037500000000000006, 0.042499999999999996, 0.0475, 0.052500000000000005, 0.057499999999999996, 0.0625, 0.0675, 0.07250000000000001, 0.0775, 0.0825, 0.0875, 0.0925, 0.0975, 0.10250000000000001, 0.1075, 0.1125, 0.1175, 0.1225, 0.1275, 0.1325, 0.1375, 0.14250000000000002, 0.1475, 0.1525, 0.1575, 0.1625, 0.1675, 0.17250000000000001, 0.1775, 0.1825, 0.1875, 0.1925, 0.1975, 0.2025, 0.20750000000000002, 0.2125, 0.2175, 0.2225, 0.2275, 0.2325, 0.2375, 0.2425, 0.2475, 0.2525, 0.2575, 0.2625, 0.2675, 0.2725, 0.2775]}], "data": {"__dtype__": [["k", "<f8"], ["power_0", "<c8"], ["modes", "<i8"]], "__shape__": [56], "__data__": [[0.003817847133027952, {"__complex__": [-82436.8359375, 5.763134652662927e-13]}, 101], [0.008105603248042367, {"__complex__": [-80962.5234375, 5.905125021778146e-13]}, 690], [0.012887966679488945, {"__complex__": [-91275.6953125, 2.049565486945959e-13]}, 1846], [0.01777844728674079, {"__complex__": [-86231.9140625, -1.5420322896191052e-13]}, 3586], [0.022694178730327138, {"__complex__": [-76423.171875, 1.7424462141701035e-14]}, 5846], [0.027642612442318863, {"__complex__": [-72752.5703125, -4.9665238149301447e-14]}, 8790], [0.03262174234941347, {"__complex__": [-71331.6171875, -3.315326596695263e-14]}, 12290], [0.03761088830745366, {"__complex__": [-73525.53125, 2.2687321788480812e-14]}, 16356], [0.04260837645154823, {"__complex__": [-69696.8515625, -4.323926377605464e-16]}, 21034], [0.04759617662837386, {"__complex__": [-66787.703125, 1.7804591893703925e-14]}, 26154], [0.0525766697416198, {"__complex__": [-63707.23046875, 3.1928098030286223e-15]}, 31904], [0.057566855781093045, {"__complex__": [-62963.19140625, 7.19791742621054e-15]}, 38412], [0.06256697426546193, {"__complex__": [-62104.76171875, -7.689254980891395e-15]}, 45420], [0.06756067765526783, {"__complex__": [-62051.43359375, 1.738019789394342e-14]}, 52748], [0.07255182284592979, {"__complex__": [-61084.4375, 5.484809384014716e-15]}, 61022], [0.0775471261473341, {"__complex__": [-60427.5390625, -1.468444100040725e-14]}, 69616], [0.08254407571691416, {"__complex__": [-59071.5859375, -7.366753115454951e-15]}, 79014], [0.08754444820321734, {"__complex__": [-57922.16015625, 5.442278165667183e-15]}, 88906], [0.09254733322041615, {"__complex__": [-56236.68359375, 3.805570377731328e-15]}, 99420], [0.0975455632594864, {"__complex__": [-56800.44921875, -7.594256000692089e-16]}, 110180], [0.10254283097021365, {"__complex__": [-56136.078125, -9.540049922729301e-15]}, 122028], [0.10754152871367678, {"__complex__": [-55398.83984375, -2.82439112855447e-15]}, 133958], [0.11253795792239249, {"__complex__": [-55443.62890625, -1.5855213751750407e-15]}, 146848], [0.11753640691753434, {"__complex__": [-55003.35546875, -7.267599862165837e-16]}, 160184], [0.12253068912282822, {"__complex__": [-54509.69921875, -3.433398500267892e-15]}, 173772], [0.1275281165351966, {"__complex__": [-54732.55078125, -4.46968740705901e-15]}, 188830], [0.13252979656663544, {"__complex__": [-53910.73828125, 5.573092239975243e-15]}, 203666], [0.13752695425404401, {"__complex__": [-54467.5703125, -7.170786113877038e-15]}, 219168], [0.14252735655565776, {"__complex__": [-53732.54296875, 9.871059387087967e-16]}, 235872], [0.14752915244363118, {"__complex__": [-53559.93359375, 2.306331749030551e-16]}, 252382], [0.15252875093578108, {"__complex__": [-53607.078125, 1.617850187552014e-15]}, 269838], [0.15752890434278738, {"__complex__": [-53258.45703125, 4.2962383528673785e-15]}, 287906], [0.16252619613855376, {"__complex__": [-52939.2421875, 2.068749224660646e-15]}, 305986], [0.16752398929997978, {"__complex__": [-52438.58203125, 2.547604266556051e-15]}, 325584], [0.1725219667368568, {"__complex__": [-52584.5859375, 2.0038614451730626e-16]}, 344942], [0.1775233804752039, {"__complex__": [-52371.47265625, -1.2721943588650184e-15]}, 366030], [0.18252665912002755, {"__complex__": [-51730.8984375, 4.593859048994701e-15]}, 386458], [0.18752671050848835, {"__complex__": [-51914.96484375, -7.624864065636716e-16]}, 407938], [0.19252395314294443, {"__complex__": [-51943.89453125, 4.4058302284402185e-16]}, 429374], [0.1975183573566225, {"__complex__": [-52071.98828125, -1.6092480385770545e-15]}, 452134], [0.20251796083853768, {"__complex__": [-51599.27734375, -1.5436730771412315e-15]}, 476054], [0.2075182789768979, {"__complex__": [-51620.27734375, 2.7037494964264608e-15]}, 499192], [0.21251794526311912, {"__complex__": [-51277.90234375, -1.1659076058523647e-15]}, 524210], [0.2175197409150631, {"__complex__": [-51455.1953125, 5.090455407728584e-15]}, 548864], [0.2225180166072946, {"__complex__": [-51582.8828125, 6.212352452191036e-16]}, 573892], [0.22751783523551541, {"__complex__": [-51153.76953125, 1.9373557268771051e-16]}, 600898], [0.23251977084428413, {"__complex__": [-51284.46484375, -1.8563603188782808e-16]}, 627116], [0.23752114515375208, {"__complex__": [-51091.8671875, 1.2445359802800869e-15]}, 654788], [0.24251904880753086, {"__complex__": [-51194.38671875, -1.110660411263295e-15]}, 681306], [0.24751527960697448, {"__complex__": [-51263.51953125, -3.215689221725145e-15]}, 710470], [0.2525157671287689, {"__complex__": [-51090.3515625, 1.5634997890958497e-15]}, 739928], [0.2575155704766573, {"__complex__": [-50891.5859375, -3.44444635099893e-15]}, 768904], [0.2625159446325102, {"__complex__": [-50993.75, 1.637508048782553e-16]}, 799796], [0.2675174097558065, {"__complex__": [-51040.32421875, -5.345857864182384e-16]}, 830238], [0.27251595685384217, {"__complex__": [-50954.8671875, -2.493201881452749e-15]}, 860904], [0.2775120354920969, {"__complex__": [-50982.015625, 7.343822768902475e-16]}, 891683]]}, "attrs": {"poles": [0], "dk": 0.005, "kmin": 0.0, "kmax": null, "Nmesh": {"__dtype__": "<i8", "__shape__": [3], "__data__": [512, 512, 512]}, "BoxSize": {"__dtype__": "<f8", "__shape__": [3], "__data__": [2663.0, 5796.0, 2967.0]}, "BoxPad": {"__dtype__": "<f8", "__shape__": [3], "__data__": [0.1, 0.1, 0.1]}, "BoxCenter": {"__dtype__": "<f8", "__shape__": [3], "__data__": [2583.4445491647753, 45.701019156912935, 888.4682087760048]}, "mesh.resampler": "tsc", "mesh.interlaced": true, "alpha": 0.04988695975397667, "data.norm": -0.8241754779956941, "randoms.norm": -0.8243161293741008, "shotnoise": 60690.0236298935, "first.data.N": 140384, "first.data.W": 140384.0, "first.data.W2": 125118.17196661001, "first.data.num_per_cell": 0.0009322030243770034, "first.randoms.N": 2814042, "first.randoms.W": 2814042.0, "first.randoms.W2": 2507938.556743262, "first.randoms.num_per_cell": 0.018685598349148496, "first.data.ext": 1, "first.randoms.ext": 1, "second.data.N": 140384, "second.data.W": 140384.0, "second.data.W2": -58291.21397674376, "second.data.num_per_cell": -0.00043430338782626213, "second.randoms.N": 2814042, "second.randoms.W": 2814042.0, "second.randoms.W2": -1168572.3417123498, "second.randoms.num_per_cell": -0.008706542415263875, "second.data.ext": 1, "second.randoms.ext": 1}}, "attrs": {"poles": [0], "dk": 0.005, "kmin": 0.0, "kmax": null, "Nmesh": {"__dtype__": "<i8", "__shape__": [3], "__data__": [512, 512, 512]}, "BoxSize": {"__dtype__": "<f8", "__shape__": [3], "__data__": [2663.0, 5796.0, 2967.0]}, "BoxPad": {"__dtype__": "<f8", "__shape__": [3], "__data__": [0.1, 0.1, 0.1]}, "BoxCenter": {"__dtype__": "<f8", "__shape__": [3], "__data__": [2583.4445491647753, 45.701019156912935, 888.4682087760048]},