{"poles": {"dims": ["k"], "edges": [{"__dtype__": "<f8", "__shape__": [46], "__data__": [0.0, 0.005, 0.01, 0.015, 0.02, 0.025, 0.03, 0.035, 0.04, 0.045, 0.05, 0.055, 0.06, 0.065, 0.07, 0.075, 0.08, 0.085, 0.09, 0.095, 0.1, 0.105, 0.11, 0.115, 0.12, 0.125, 0.13, 0.135, 0.14, 0.145, 0.15, 0.155, 0.16, 0.165, 0.17, 0.17500000000000002, 0.18, 0.185, 0.19, 0.195, 0.2, 0.20500000000000002, 0.21, 0.215, 0.22, 0.225]}], "coords": [{"__dtype__": "<f8", "__shape__": [45], "__data__": [0.0025, 0.0075, 0.0125, 0.0175, 0.0225, 0.0275, 0.0325, 0.037500000000000006, 0.042499999999999996, 0.0475, 0.052500000000000005, 0.057499999999999996, 0.0625, 0.0675, 0.07250000000000001, 0.0775, 0.0825, 0.0875, 0.0925, 0.0975, 0.10250000000000001, 0.1075, 0.1125, 0.1175, 0.1225, 0.1275, 0.1325, 0.1375, 0.14250000000000002, 0.1475, 0.1525, 0.1575, 0.1625, 0.1675, 0.17250000000000001, 0.1775, 0.1825, 0.1875, 0.1925, 0.1975, 0.2025, 0.20750000000000002, 0.2125, 0.2175, 0.2225]}], "data": {"__dtype__": [["k", "<f8"], ["power_0", "<c8"], ["modes", "<i8"]], "__shape__": [45], "__data__": [[0.0038180041500361726, {"__complex__": [-115488.84375, -1.3941955229190839e-12]}, 167], [0.00805800717231356, {"__complex__": [-136000.84375, 5.379636013459581e-14]}, 1082], [0.012826657646343363, {"__complex__": [-150220.828125, 0.0]}, 2980], [0.01772661850785203, {"__complex__": [-139133.1875, -1.764173930638574e-13]}, 5774], [0.0226641956443844, {"__complex__": [-137000.96875, -6.425362222535827e-14]}, 9512], [0.027648065406414703, {"__complex__": [-130363.7890625, 6.888000776304401e-14]}, 14366], [0.03264143470184226, {"__complex__": [-123979.953125, 0.0]}, 19900], [0.037615556824225474, {"__complex__": [-121538.0703125, 1.2682609072645588e-14]}, 26390], [0.04260567600283553, {"__complex__": [-114976.8671875, -2.1308373749690966e-15]}, 34146], [0.04759446283696981, {"__complex__": [-111193.5546875, 3.237126143312494e-14]}, 42256], [0.052578910675085876, {"__complex__": [-110370.609375, 3.865868874477173e-14]}, 51946], [0.057579485900991524, {"__complex__": [-105003.609375, -9.351229338127372e-15]}, 62246], [0.06257082854240599, {"__complex__": [-105675.2890625, 6.352467583534659e-15]}, 73304], [0.0675648985529962, {"__complex__": [-102253.890625, -1.2202864010880856e-14]}, 85860], [0.07255940682305877, {"__complex__": [-99500.7109375, -1.771491270392985e-15]}, 98574], [0.07755360309846557, {"__complex__": [-100657.9609375, 1.9816030869153345e-14]}, 113090], [0.08254967325347662, {"__complex__": [-98445.71875, -1.822149769869423e-15]}, 127778], [0.08754764861207, {"__complex__": [-96406.3046875, 8.682165636387726e-15]}, 144142], [0.09254295039729185, {"__complex__": [-94330.6640625, -9.064354525485391e-15]}, 160540], [0.09753961855048117, {"__complex__": [-93182.203125, -4.5556087351625914e-15]}, 178880], [0.10253973751976699, {"__complex__": [-92174.671875, -1.0463490324023623e-14]}, 197484], [0.10753726799796097, {"__complex__": [-92350.3671875, 9.244160138429693e-15]}, 217236], [0.1125379597634391, {"__complex__": [-91107.21875, -4.156432600307741e-15]}, 238072], [0.1175372767639487, {"__complex__": [-89181.96875, 5.299865245695897e-15]}, 259470], [0.12253369219159206, {"__complex__": [-89551.3515625, -2.8909107434847182e-15]}, 281886], [0.12753301733164177, {"__complex__": [-88684.203125, -4.1866157723502006e-15]}, 305872], [0.13253170932634714, {"__complex__": [-89067.71875, 7.239363595352641e-15]}, 329658], [0.1375299412933015, {"__complex__": [-87887.171875, -6.7517364684972336e-15]}, 355622], [0.14252950573331455, {"__complex__": [-88355.6484375, 3.58496699936605e-15]}, 381560], [0.14752741290182678, {"__complex__": [-87093.984375, -2.847398660984265e-15]}, 408848], [0.15252867799093114, {"__complex__": [-86640.1796875, -1.1970918649593606e-15]}, 437618], [0.15752706841564343, {"__complex__": [-86557.59375, 2.500221667003119e-15]}, 465620], [0.16252511375181222, {"__complex__": [-86242.6796875, 8.084560175177294e-15]}, 496790], [0.16752702004807096, {"__complex__": [-85779.7578125, 1.4346811126532844e-15]}, 527434], [0.1725257558440819, {"__complex__": [-85712.796875, 1.1973843030844001e-15]}, 559042], [0.17752309181753528, {"__complex__": [-84818.2109375, 1.474622157187673e-16]}, 592094], [0.182522480582348, {"__complex__": [-84983.578125, 3.2077866160854993e-15]}, 626028], [0.1875224391717056, {"__complex__": [-84744.625, 7.045738110478294e-16]}, 660912], [0.19252076902461743, {"__complex__": [-84995.546875, 4.5465590351541265e-15]}, 696140], [0.1975203341361395, {"__complex__": [-84499.7421875, 1.4285686052685422e-15]}, 733418], [0.20252126400214132, {"__complex__": [-84140.46875, 1.4344858715589423e-15]}, 770970], [0.20752079390420733, {"__complex__": [-83877.796875, -1.4210538348396204e-15]}, 808978], [0.21251866176110948, {"__complex__": [-83324.1640625, -3.5845282362993725e-15]}, 848466], [0.21751786532862585, {"__complex__": [-83725.1328125, -1.308978643953888e-16]}, 889360], [0.22251798140530643, {"__complex__": [-82888.7578125, 5.522097468418745e-15]}, 930231]]}, "attrs": {"poles": [0], "dk": 0.005, "kmin": 0.0, "kmax": null, "Nmesh": {"__dtype__": "<i8", "__shape__": [3], "__data__": [512, 512, 512]}, "BoxSize": {"__dtype__": "<f8", "__shape__": [3], "__data__": [3421.0, 7177.0, 3022.0]}, "BoxPad": {"__dtype__": "<f8", "__shape__": [3], "__data__": [0.1, 0.1, 0.1]}, "BoxCenter": {"__dtype__": "<f8", "__shape__": [3], "__data__": [-1754.430273647298, 39.45351826239357, 1912.1568678664678]}, "mesh.resampler": "tsc", "mesh.interlaced": true, "alpha": 0.04993610621481658, "data.norm": -1.487734631842069, "randoms.norm": -1.4868193262997753, "shotnoise": 54338.67261996319, "first.data.N": 240209, "first.data.W": 240209.0, "first.data.W2": 207004.9182284598, "first.data.num_per_cell": 0.0015423068272207663, "first.randoms.N": 4810327, "first.randoms.W": 4810327.0, "first.randoms.W2": 4145803.017195399, "first.randoms.num_per_cell": 0.030888639518584303, "first.data.ext": 1, "first.randoms.ext": 1, "second.data.N": 240209, "second.data.W": 240209.0, "second.data.W2": -97966.2138637615, "second.data.num_per_cell": -0.0007299051721674316, "second.randoms.N": 4810327, "second.randoms.W": 4810327.0, "second.randoms.W2": -1960533.178023239, "second.randoms.num_per_cell": -0.014607110455805353, "second.data.ext": 1, "second.randoms.ext": 1}}, "attrs": {"poles": [0], "dk": 0.005, "kmin": 0.0, "kmax": null, "Nmesh": {"__dtype__": "<i8", "__shape__": [3], "__data__": [512, 512, 512]}, "BoxSize": {"__dtype__": "<f8", "__shape__": [3], "__data__": [3421.0, 7177.0, 3022.0]}, "BoxPad": {"__dtype__": "<f8", "__shape__": [3], "__data__": [0.1, 0.1, 0.1]}, "BoxCenter": {"__dtype__": "<f8", "__shape__": [3], "__data__": [-1754.430273647298, 39.45351826239357, 1912.1568678664678]}, "mesh.resampler": "tsc", "mesh.interlaced": true, "alpha": 0.04993610621481658, "data.norm": -1.487734631842069, "randoms.norm": -1.4868193262997753, "shotnoise": 54338.67261996319, "first.data.N": 240209, "first.data.W": 240209.0, "first.data.W2": 207004.9182284598, "first.data.num_per_cell": 0.0015423068272207663, "first.randoms.N": 4810327, "first.randoms.W": 4810327.0, "first.randoms.W2": 4145803.017195399, "first.randoms.num_per_cell": 0.030888639518584303, "first.data.ext": 1, "first.randoms.ext": 1, "second.data.N": 240209, "second.data.W": 240209.0, "second.data.W2": -97966.2138637615, "second.data.num_per_cell": -0.0007299051721674316, "second.randoms.N": 4810327, "second.randoms.W": 4810327.0, "second.randoms.W2": -1960533.178023239, "second.randoms.num_per_cell": -0.014607110455805353, "second.data.ext": 1, "second.randoms.ext": 1, "p": 3.0, "zmin": 0.8, "zmax": 2.2, "P0_FKP": 30000.0, "z-weighted": true, "hashkeys": ["Nmesh", "P0_FKP", "dk", "kmin", "mesh.window", "mesh.interlaced", "poles", "p", "BoxPad", "zmin", "zmax", "z-weighted"]}}