{"poles": {"dims": ["k"], "edges": [{"__dtype__": "<f8", "__shape__": [57], "__data__": [0.0, 0.005, 0.01, 0.015, 0.02, 0.025, 0.03, 0.035, 0.04, 0.045, 0.05, 0.055, 0.06, 0.065, 0.07, 0.075, 0.08, 0.085, 0.09, 0.095, 0.1, 0.105, 0.11, 0.115, 0.12, 0.125, 0.13, 0.135, 0.14, 0.145, 0.15, 0.155, 0.16, 0.165, 0.17, 0.17500000000000002, 0.18, 0.185, 0.19, 0.195, 0.2, 0.20500000000000002, 0.21, 0.215, 0.22, 0.225, 0.23, 0.23500000000000001, 0.24, 0.245, 0.25, 0.255, 0.26, 0.265, 0.27, 0.275, 0.28]}], "coords": [{"__dtype__": "<f8", "__shape__": [56], "__data__": [0.0025, 0.0075, 0.0125, 0.0175, 0.0225, 0.0275, 0.0325, 0.037500000000000006, 0.042499999999999996, 0.0475, 0.052500000000000005, 0.057499999999999996, 0.0625, 0.0675, 0.07250000000000001, 0.0775, 0.0825, 0.0875, 0.0925, 0.0975, 0.10250000000000001, 0.1075, 0.1125, 0.1175, 0.1225, 0.1275, 0.1325, 0.1375, 0.14250000000000002, 0.1475, 0.1525, 0.1575, 0.1625, 0.1675, 0.17250000000000001, 0.1775, 0.1825, 0.1875, 0.1925, 0.1975, 0.2025, 0.20750000000000002, 0.2125, 0.2175, 0.2225, 0.2275, 0.2325, 0.2375, 0.2425, 0.2475, 0.2525, 0.2575, 0.2625, 0.2675, 0.2725, 0.2775]}], "data": {"__dtype__": [["k", "<f8"], ["power_0", "<c8"], ["modes", "<i8"]], "__shape__": [56], "__data__": [[0.0038188975903619593, {"__complex__": [92256.875, 2.8815673263314634e-13]}, 101], [0.00809807169439842, {"__complex__": [102056.1171875, -3.0758422610126235e-13]}, 686], [0.012873472687280329, {"__complex__": [99189.828125, 7.917255074468572e-15]}, 1838], [0.017766327503048605, {"__complex__": [105255.8203125, -1.2187534239194858e-13]}, 3582], [0.022691400006467306, {"__complex__": [111115.9140625, 2.4875068554318846e-15]}, 5850], [0.027643041802383264, {"__complex__": [108997.328125, -4.9755806300153665e-14]}, 8774], [0.03261970831071587, {"__complex__": [104277.90625, -1.3045727014935823e-14]}, 12270], [0.037610417142912356, {"__complex__": [95629.546875, -1.4464682113890385e-15]}, 16348], [0.04261103884629446, {"__complex__": [93122.421875, 2.5439201391036156e-14]}, 21022], [0.047597966995082584, {"__complex__": [93556.421875, -1.1881759749807382e-14]}, 26102], [0.052576311143238984, {"__complex__": [88416.3515625, 1.3018067154043234e-14]}, 31858], [0.05756396493569814, {"__complex__": [87024.5546875, 1.5182758530089954e-15]}, 38338], [0.06255765163986535, {"__complex__": [87505.515625, 1.6476353599883826e-15]}, 45264], [0.06755609049378139, {"__complex__": [85453.03125, 6.8828114289530475e-15]}, 52856], [0.07255690085806348, {"__complex__": [84032.2734375, 7.276195976031047e-15]}, 60998], [0.07755119956229185, {"__complex__": [82931.0703125, 9.217498082348969e-15]}, 69464], [0.08254300808113779, {"__complex__": [81524.9765625, 3.362901642133811e-15]}, 78836], [0.08754555933073445, {"__complex__": [80273.890625, -1.3087137608694139e-15]}, 88954], [0.09254527427897093, {"__complex__": [79375.0859375, -4.923635656898639e-15]}, 99010], [0.09754228225919793, {"__complex__": [79158.8828125, -3.694719175924158e-15]}, 110280], [0.10254467709916143, {"__complex__": [77958.1640625, 7.164666300833126e-16]}, 121864], [0.10753868915318011, {"__complex__": [78124.7109375, -4.140257235630499e-15]}, 133560], [0.11253536220152806, {"__complex__": [76726.234375, -4.803233311578229e-15]}, 146936], [0.11753927905751989, {"__complex__": [76555.1875, 2.227844246769869e-15]}, 160030], [0.12253572759156649, {"__complex__": [76261.0703125, 2.76473989203527e-15]}, 173692], [0.12752899487384448, {"__complex__": [75773.9765625, -2.1458097411030004e-15]}, 188188], [0.13252813801573024, {"__complex__": [75632.03125, 3.573723325205519e-16]}, 203596], [0.1375278726043392, {"__complex__": [74384.1875, -8.308771172744046e-16]}, 218924], [0.14252799194252985, {"__complex__": [74946.015625, 1.1119839002433798e-15]}, 235556], [0.14753035003023302, {"__complex__": [74667.3671875, 5.194103441352304e-16]}, 252146], [0.15253104827314412, {"__complex__": [74208.640625, -2.374994410256912e-15]}, 269594], [0.1575271960105852, {"__complex__": [73629.125, -1.4197287576727595e-15]}, 286994], [0.16252398993020664, {"__complex__": [73502.5625, 4.706741859325861e-15]}, 306080], [0.1675251400977292, {"__complex__": [73472.921875, -4.195344446871656e-15]}, 325180], [0.1725221624012936, {"__complex__": [73471.46875, -1.9439291790038313e-15]}, 344348], [0.17752233467152267, {"__complex__": [72745.828125, 2.209238532808718e-15]}, 365570], [0.18252361412283746, {"__complex__": [72556.671875, 6.979752126304816e-16]}, 385702], [0.18752153042285066, {"__complex__": [72724.4765625, -2.6437372121134936e-15]}, 407318], [0.1925212396783583, {"__complex__": [72771.2421875, 6.608868691833272e-16]}, 429366], [0.1975223579260994, {"__complex__": [72227.2421875, 2.895852333699e-15]}, 452258], [0.20252236913900243, {"__complex__": [72468.59375, -2.206377043754656e-15]}, 474868], [0.20751967221986653, {"__complex__": [71964.796875, 2.1886177274660487e-16]}, 498668], [0.21251789085361916, {"__complex__": [71438.1171875, 4.728784303591378e-16]}, 523142], [0.21751618605928394, {"__complex__": [71919.390625, -3.944825135358777e-15]}, 547796], [0.22251627939289534, {"__complex__": [72172.4609375, 1.5716837155531024e-15]}, 574046], [0.22751759785923767, {"__complex__": [71276.9609375, -4.853939178725264e-17]}, 599592], [0.2325180219033947, {"__complex__": [71265.6640625, 9.05842338903048e-16]}, 626516], [0.23751802127003172, {"__complex__": [71704.7421875, 8.573390088817802e-16]}, 653474], [0.2425183290622412, {"__complex__": [71519.0078125, 2.3911598222970233e-15]}, 681600], [0.24751827125587125, {"__complex__": [71358.5546875, 1.4049497268090664e-15]}, 709496], [0.2525163580997305, {"__complex__": [71108.8984375, -5.911503819380846e-16]}, 738488], [0.25751284867270274, {"__complex__": [71346.984375, -2.3702843247350267e-16]}, 767414], [0.26251404149756447, {"__complex__": [70995.125, -1.8745667097443608e-15]}, 799570], [0.26751728020229837, {"__complex__": [71124.6328125, 1.3932008504350573e-15]}, 829068], [0.27251737493745454, {"__complex__": [71172.296875, 6.342096723886714e-16]}, 860436], [0.2775130636395288, {"__complex__": [71184.0, 2.0311507026814484e-15]}, 890173]]}, "attrs": {"poles": [0], "dk": 0.005, "kmin": 0.0, "kmax": null, "Nmesh": {"__dtype__": "<i8", "__shape__": [3], "__data__": [512, 512, 512]}, "BoxSize": {"__dtype__": "<f8", "__shape__": [3], "__data__": [2658.0, 5790.0, 2972.0]}, "BoxPad": {"__dtype__": "<f8", "__shape__": [3], "__data__": [0.1, 0.1, 0.1]}, "BoxCenter": {"__dtype__": "<f8", "__shape__": [3], "__data__": [2585.7935571074295, 44.081537445212916, 891.5541795344748]}, "mesh.resampler": "tsc", "mesh.interlaced": true, "alpha": 0.050126711061126095, "data.norm": 1.8455480997473643, "randoms.norm": 1.8459009607571488, "shotnoise": 70202.46131827826, "first.data.N": 141110, "first.data.W": 141110.0, "first.data.W2": 125752.21877748934, "first.data.num_per_cell": 0.0009369270412436823, "first.randoms.N": 2815066, "first.randoms.W": 2815066.0, "first.randoms.W2": 2508735.0465497416, "first.randoms.num_per_cell": 0.018691532660646302, "first.data.ext": 1, "first.randoms.ext": 1, "second.data.N": 141110, "second.data.W": 141110.0, "second.data.W2": 132775.0535634458, "second.data.num_per_cell": 0.0009892512378353313, "second.randoms.N": 2815066, "second.randoms.W": 2815066.0, "second.randoms.W2": 2649319.262118548, "second.randoms.num_per_cell": 0.01973896668939701, "second.data.ext": 1, "second.randoms.ext": 1}}, "attrs": {"poles": [0], "dk": 0.005, "kmin": 0.0, "kmax": null, "Nmesh": {"__dtype__": "<i8", "__shape__": [3], "__data__": [512, 512, 512]}, "BoxSize": {"__dtype__": "<f8", "__shape__": [3], "__data__": [2658.0, 5790.0, 2972.0]}, "BoxPad": {"__dtype__": "<f8", "__shape__": [3], "__data__": [0.1, 0.1, 0.1]}, "BoxCenter": {"__dtype__": "<f8", "__shape__": [3], "__data__": [2585.7935571074295, 44.081537445212916, 891.5541795344748]}, "mesh.resampler": "tsc", "mesh.interlaced": true, "alpha": 0.050126711061126095, "data.norm": 1.8455480997473643,