{"poles": {"dims": ["k"], "edges": [{"__dtype__": "<f8", "__shape__": [57], "__data__": [0.0, 0.005, 0.01, 0.015, 0.02, 0.025, 0.03, 0.035, 0.04, 0.045, 0.05, 0.055, 0.06, 0.065, 0.07, 0.075, 0.08, 0.085, 0.09, 0.095, 0.1, 0.105, 0.11, 0.115, 0.12, 0.125, 0.13, 0.135, 0.14, 0.145, 0.15, 0.155, 0.16, 0.165, 0.17, 0.17500000000000002, 0.18, 0.185, 0.19, 0.195, 0.2, 0.20500000000000002, 0.21, 0.215, 0.22, 0.225, 0.23, 0.23500000000000001, 0.24, 0.245, 0.25, 0.255, 0.26, 0.265, 0.27, 0.275, 0.28]}], "coords": [{"__dtype__": "<f8", "__shape__": [56], "__data__": [0.0025, 0.0075, 0.0125, 0.0175, 0.0225, 0.0275, 0.0325, 0.037500000000000006, 0.042499999999999996, 0.0475, 0.052500000000000005, 0.057499999999999996, 0.0625, 0.0675, 0.07250000000000001, 0.0775, 0.0825, 0.0875, 0.0925, 0.0975, 0.10250000000000001, 0.1075, 0.1125, 0.1175, 0.1225, 0.1275, 0.1325, 0.1375, 0.14250000000000002, 0.1475, 0.1525, 0.1575, 0.1625, 0.1675, 0.17250000000000001, 0.1775, 0.1825, 0.1875, 0.1925, 0.1975, 0.2025, 0.20750000000000002, 0.2125, 0.2175, 0.2225, 0.2275, 0.2325, 0.2375, 0.2425, 0.2475, 0.2525, 0.2575, 0.2625, 0.2675, 0.2725, 0.2775]}], "data": {"__dtype__": [["k", "<f8"], ["power_0", "<c8"], ["modes", "<i8"]], "__shape__": [56], "__data__": [[0.003814376554599301, {"__complex__": [-32663.396484375, -1.440783690270786e-12]}, 101], [0.008097370049801314, {"__complex__": [-59048.578125, -1.3181082202280703e-13]}, 690], [0.01287960185511836, {"__complex__": [-81760.3203125, 6.292720251127593e-14]}, 1850], [0.01776900888065, {"__complex__": [-84029.3828125, -1.621383284794789e-13]}, 3590], [0.0226862659638805, {"__complex__": [-74233.2578125, 2.9768664611259585e-14]}, 5866], [0.02764937360263515, {"__complex__": [-77922.84375, -9.856795352256205e-15]}, 8858], [0.03262384901296057, {"__complex__": [-76578.4296875, -4.9827201013211836e-14]}, 12266], [0.03760528532753275, {"__complex__": [-69006.703125, -3.5444928005309243e-15]}, 16422], [0.0426081109059669, {"__complex__": [-69473.59375, -9.820268750471758e-15]}, 21116], [0.04759417648809696, {"__complex__": [-67211.90625, 8.89005886186298e-15]}, 26190], [0.05257426904821245, {"__complex__": [-64854.3203125, -1.817172180754883e-15]}, 32032], [0.057568686797865594, {"__complex__": [-64597.53125, -5.6613424851673e-15]}, 38556], [0.06256828296841957, {"__complex__": [-63564.94921875, 1.53447268997145e-14]}, 45520], [0.06756465190188087, {"__complex__": [-62900.65234375, 2.7458516925862094e-15]}, 52996], [0.07255249943937485, {"__complex__": [-62210.41796875, -4.052661323390196e-15]}, 61042], [0.07754376016610842, {"__complex__": [-60377.17578125, -1.3744331837743911e-14]}, 69878], [0.08254001239445125, {"__complex__": [-59092.47265625, -2.022120696189007e-15]}, 79160], [0.08754440012645506, {"__complex__": [-58510.34375, 1.9531897902161626e-15]}, 89404], [0.0925519807486883, {"__complex__": [-58385.70703125, -9.929260714959705e-15]}, 99658], [0.09754866860447199, {"__complex__": [-57325.12890625, -3.2259755898366013e-15]}, 110516], [0.10254663880492808, {"__complex__": [-55534.1640625, -1.4261922543350202e-15]}, 122440], [0.10753877703580007, {"__complex__": [-55938.3359375, 4.236839743924697e-15]}, 133950], [0.11253232948418504, {"__complex__": [-55263.29296875, 1.6768743020528906e-15]}, 147526], [0.1175351667969693, {"__complex__": [-55587.63671875, 5.3437089415952e-15]}, 160668], [0.12253476555819885, {"__complex__": [-55162.3515625, -6.998356040320954e-15]}, 174664], [0.1275360752399846, {"__complex__": [-54959.8203125, 1.5371200067447986e-15]}, 189340], [0.1325334060389141, {"__complex__": [-54793.390625, -5.207456068732821e-15]}, 203994], [0.13752776725307161, {"__complex__": [-54845.375, 7.677294875676165e-15]}, 219872], [0.14252785908183885, {"__complex__": [-53881.08203125, 6.767874775483033e-16]}, 236516], [0.14752701104533933, {"__complex__": [-53870.484375, -1.7547955098487738e-15]}, 252926], [0.152527704692418, {"__complex__": [-53802.47265625, -1.0203729459539726e-15]}, 270966], [0.1575285988254247, {"__complex__": [-53456.24609375, 3.5309897189231515e-16]}, 288484], [0.16252327554262283, {"__complex__": [-53638.3125, -2.0867719681958493e-15]}, 306830], [0.16752367781642946, {"__complex__": [-53096.25390625, 6.675231076272686e-16]}, 326998], [0.17252586273230291, {"__complex__": [-52931.49609375, -2.1022096465853714e-16]}, 346110], [0.17752668988242162, {"__complex__": [-52713.48828125, 3.24212257891011e-15]}, 366926], [0.18252572802294242, {"__complex__": [-52469.95703125, -3.7584562479180066e-17]}, 387178], [0.18752382108991553, {"__complex__": [-52925.52734375, 4.694051611710097e-15]}, 409210], [0.19252321602829056, {"__complex__": [-52127.625, -2.633928570584289e-15]}, 430934], [0.1975197582977646, {"__complex__": [-51719.078125, -4.491490141000454e-16]}, 453584], [0.20252004200975873, {"__complex__": [-51899.75390625, 9.75133339757594e-16]}, 477536], [0.2075222176223192, {"__complex__": [-51699.5078125, -2.3234922659650086e-15]}, 501036], [0.21252153315158387, {"__complex__": [-51965.63671875, -8.03235626408859e-16]}, 525382], [0.21751844025147554, {"__complex__": [-51717.9140625, 6.616768862253194e-16]}, 549812], [0.22251515287879012, {"__complex__": [-51479.25, -1.288620868811121e-15]}, 575924], [0.22751687488366332, {"__complex__": [-51621.3828125, 3.1383322437512516e-15]}, 602788], [0.23251793837637902, {"__complex__": [-51152.5390625, -5.3240632829330576e-15]}, 628644], [0.23751788877523144, {"__complex__": [-51413.98046875, -2.880707437541652e-16]}, 656696], [0.2425189230357186, {"__complex__": [-51491.98828125, 2.9245057642387183e-15]}, 684180], [0.24751612182078436, {"__complex__": [-51180.93359375, 8.175095477033027e-17]}, 712012], [0.2525153749054785, {"__complex__": [-51650.8125, 1.1245752567625518e-15]}, 742428], [0.25751672556564636, {"__complex__": [-51326.6875, 1.8865514847941803e-16]}, 771350], [0.26251895554881133, {"__complex__": [-51240.9453125, 4.804539224624658e-16]}, 802628], [0.26751979025362693, {"__complex__": [-51478.4296875, -3.847362877469737e-16]}, 832108], [0.2725153143204293, {"__complex__": [-51380.33203125, 7.925824400916825e-16]}, 862926], [0.2775092492662143, {"__complex__": [-50905.9765625, 1.1389721698879147e-15]}, 894345]]}, "attrs": {"poles": [0], "dk": 0.005, "kmin": 0.0, "kmax": null, "Nmesh": {"__dtype__": "<i8", "__shape__": [3], "__data__": [512, 512, 512]}, "BoxSize": {"__dtype__": "<f8", "__shape__": [3], "__data__": [2671.0, 5790.0, 2970.0]}, "BoxPad": {"__dtype__": "<f8", "__shape__": [3], "__data__": [0.1, 0.1, 0.1]}, "BoxCenter": {"__dtype__": "<f8", "__shape__": [3], "__data__": [2579.9879594247536, 41.939232073380936, 889.2808252294948]}, "mesh.resampler": "tsc", "mesh.interlaced": true, "alpha": 0.04986930119611364, "data.norm": -0.8281406138908641, "randoms.norm": -0.8276713341189277, "shotnoise": 60692.36306703109, "first.data.N": 140242, "first.data.W": 140242.0, "first.data.W2": 124913.626538059, "first.data.num_per_cell": 0.0009306790421758518, "first.randoms.N": 2812191, "first.randoms.W": 2812191.0, "first.randoms.W2": 2504954.1026908658, "first.randoms.num_per_cell": 0.018663362433693303, "first.data.ext": 1, "first.randoms.ext": 1, "second.data.N": 140242, "second.data.W": 140242.0, "second.data.W2": -58567.878767096256, "second.data.num_per_cell": -0.0004363647011451144, "second.randoms.N": 2812191, "second.randoms.W": 2812191.0, "second.randoms.W2": -1173654.906414631, "second.randoms.num_per_cell": -0.008744410473217301, "second.data.ext": 1, "second.randoms.ext": 1}}, "attrs": {"poles": [0], "dk": 0.005, "kmin": 0.0, "kmax": null, "Nmesh": {"__dtype__": "<i8", "__shape__": [3], "__data__": [512, 512, 512]}, "BoxSize": {"__dtype__": "<f8", "__shape__": [3], "__data__": [2671.0, 5790.0, 2970.0]}, "BoxPad": {"__dtype__": "<f8", "__shape__": [3], "__data__": [0.1, 0.1, 0.1]}, "BoxCenter": {"__dtype__": "<f8", "__shape__": [3], "__data__": [2579.9879594247536, 41.939232073380936, 889.2808252294948]}, "mesh.resampler": "tsc",