{"poles": {"dims": ["k"], "edges": [{"__dtype__": "<f8", "__shape__": [57], "__data__": [0.0, 0.005, 0.01, 0.015, 0.02, 0.025, 0.03, 0.035, 0.04, 0.045, 0.05, 0.055, 0.06, 0.065, 0.07, 0.075, 0.08, 0.085, 0.09, 0.095, 0.1, 0.105, 0.11, 0.115, 0.12, 0.125, 0.13, 0.135, 0.14, 0.145, 0.15, 0.155, 0.16, 0.165, 0.17, 0.17500000000000002, 0.18, 0.185, 0.19, 0.195, 0.2, 0.20500000000000002, 0.21, 0.215, 0.22, 0.225, 0.23, 0.23500000000000001, 0.24, 0.245, 0.25, 0.255, 0.26, 0.265, 0.27, 0.275, 0.28]}], "coords": [{"__dtype__": "<f8", "__shape__": [56], "__data__": [0.0025, 0.0075, 0.0125, 0.0175, 0.0225, 0.0275, 0.0325, 0.037500000000000006, 0.042499999999999996, 0.0475, 0.052500000000000005, 0.057499999999999996, 0.0625, 0.0675, 0.07250000000000001, 0.0775, 0.0825, 0.0875, 0.0925, 0.0975, 0.10250000000000001, 0.1075, 0.1125, 0.1175, 0.1225, 0.1275, 0.1325, 0.1375, 0.14250000000000002, 0.1475, 0.1525, 0.1575, 0.1625, 0.1675, 0.17250000000000001, 0.1775, 0.1825, 0.1875, 0.1925, 0.1975, 0.2025, 0.20750000000000002, 0.2125, 0.2175, 0.2225, 0.2275, 0.2325, 0.2375, 0.2425, 0.2475, 0.2525, 0.2575, 0.2625, 0.2675, 0.2725, 0.2775]}], "data": {"__dtype__": [["k", "<f8"], ["power_0", "<c8"], ["modes", "<i8"]], "__shape__": [56], "__data__": [[0.0038166263729060997, {"__complex__": [114252.8046875, -7.20391845135393e-13]}, 101], [0.008092000059700842, {"__complex__": [106769.4296875, 1.4848892785929851e-13]}, 686], [0.012882398067850834, {"__complex__": [107925.0078125, -5.886697379553496e-14]}, 1854], [0.0177736676462463, {"__complex__": [105341.25, 1.8810119951982555e-14]}, 3578], [0.02268059552897209, {"__complex__": [104048.28125, 8.474907516216323e-14]}, 5838], [0.027642716139010655, {"__complex__": [103750.078125, -5.757597191710911e-15]}, 8846], [0.0326303865428871, {"__complex__": [100888.5859375, 1.094885460236044e-14]}, 12294], [0.0376111803919228, {"__complex__": [96892.640625, -1.5588792243685775e-15]}, 16336], [0.04261251951898889, {"__complex__": [94792.9140625, 6.888154512784328e-15]}, 21126], [0.04759980688912297, {"__complex__": [90485.6875, -2.7178219324055543e-14]}, 26102], [0.0525748185682025, {"__complex__": [88384.9609375, -1.0476869209425504e-14]}, 31946], [0.05756864048863426, {"__complex__": [87792.0, 8.411183702935077e-15]}, 38494], [0.06256737188486106, {"__complex__": [87496.4921875, 1.2263390444192807e-14]}, 45388], [0.06756600529580939, {"__complex__": [84603.796875, 8.240664959224472e-15]}, 52976], [0.0725537698012873, {"__complex__": [82359.171875, -7.176680404398744e-16]}, 60830], [0.07754296986831781, {"__complex__": [81444.234375, -3.911020116608307e-17]}, 69764], [0.08254076986064383, {"__complex__": [81428.8046875, -7.919660648038774e-15]}, 79010], [0.08754666668590545, {"__complex__": [79705.5234375, 1.1411988077480095e-15]}, 89260], [0.0925518860032333, {"__complex__": [78548.3671875, 6.409664012693597e-16]}, 99326], [0.09754605977079228, {"__complex__": [77583.25, 1.995156884620824e-15]}, 110316], [0.10254741955749858, {"__complex__": [76880.609375, -1.4278249103408529e-15]}, 122300], [0.10754432981663509, {"__complex__": [75295.953125, 9.106636504388195e-16]}, 133828], [0.11253656556696405, {"__complex__": [75081.0625, 7.794184363606074e-16]}, 147028], [0.11753753552961518, {"__complex__": [75773.7109375, 2.040929062782789e-15]}, 160426], [0.12253655326982589, {"__complex__": [75102.1640625, 3.425552857593949e-15]}, 174170], [0.12753387673156863, {"__complex__": [75644.6484375, -5.298850513459976e-17]}, 188804], [0.13253060375728118, {"__complex__": [74151.2890625, 1.1387551176951808e-15]}, 203662], [0.1375285812756359, {"__complex__": [73349.7421875, 3.4742619107422813e-15]}, 219634], [0.14252908035816633, {"__complex__": [73409.296875, -2.1594955435993638e-16]}, 235850], [0.1475279504815133, {"__complex__": [73140.875, 3.2410701404731465e-15]}, 252554], [0.15252954182173487, {"__complex__": [72939.7265625, -1.6819445883355956e-16]}, 270370], [0.15752575826419332, {"__complex__": [72659.1328125, 1.6961690773166331e-15]}, 287406], [0.16252009304187598, {"__complex__": [72274.9765625, -1.850905691395759e-15]}, 306620], [0.1675219825568703, {"__complex__": [72645.78125, 7.376217014574624e-16]}, 326054], [0.17252349657343094, {"__complex__": [71473.7734375, 3.684786020551707e-15]}, 345554], [0.1775263363368709, {"__complex__": [72129.78125, -1.0925279107869732e-16]}, 366286], [0.1825278871450695, {"__complex__": [72039.75, 1.1478350991315101e-15]}, 386670], [0.18752691360961696, {"__complex__": [71440.125, 2.2724001385591357e-16]}, 408240], [0.19252335054663758, {"__complex__": [71084.6171875, -7.238570984272248e-16]}, 429708], [0.19751964653821327, {"__complex__": [70939.4765625, -1.824712044534867e-15]}, 452950], [0.20251828320426463, {"__complex__": [70940.1796875, 1.5977909650533744e-15]}, 475868], [0.20751790758139285, {"__complex__": [71095.46875, -1.4073180309295895e-15]}, 500206], [0.2125194430839932, {"__complex__": [70987.0703125, 5.826226130438059e-16]}, 524508], [0.21751870310683505, {"__complex__": [70519.21875, 6.925456784990223e-16]}, 548944], [0.22251727880114852, {"__complex__": [70429.953125, 2.7714704158341525e-15]}, 574942], [0.2275165270049326, {"__complex__": [70779.75, 9.08374332140628e-16]}, 600740], [0.2325186836537724, {"__complex__": [69963.7578125, 1.6266819883347977e-15]}, 628440], [0.23752115788277134, {"__complex__": [70227.71875, -5.554742541722399e-16]}, 654932], [0.24251711924956926, {"__complex__": [70109.1015625, 2.6678673808357557e-16]}, 681814], [0.24751522310523033, {"__complex__": [70468.84375, 1.4721167925483723e-15]}, 711722], [0.2525173131296455, {"__complex__": [69932.3515625, 6.410911798104021e-16]}, 740544], [0.2575168179382132, {"__complex__": [70174.3125, -1.890993775555835e-17]}, 769538], [0.26251635376750276, {"__complex__": [70089.3671875, 1.8090125006157455e-15]}, 800390], [0.2675173870922788, {"__complex__": [70266.453125, -2.998865886705667e-16]}, 830986], [0.27251682618456335, {"__complex__": [69984.96875, 1.705260387818632e-15]}, 861888], [0.2775122903940971, {"__complex__": [70030.9921875, -1.4673362180034078e-16]}, 892551]]}, "attrs": {"poles": [0], "dk": 0.005, "kmin": 0.0, "kmax": null, "Nmesh": {"__dtype__": "<i8", "__shape__": [3], "__data__": [512, 512, 512]}, "BoxSize": {"__dtype__": "<f8", "__shape__": [3], "__data__": [2666.0, 5785.0, 2972.0]}, "BoxPad": {"__dtype__": "<f8", "__shape__": [3], "__data__": [0.1, 0.1, 0.1]}, "BoxCenter": {"__dtype__": "<f8", "__shape__": [3], "__data__": [2582.3193627619016, 42.507390005197976, 890.2297305542152]}, "mesh.resampler": "tsc", "mesh.interlaced": true, "alpha": 0.04984889753797093, "data.norm": 3.160522925636224, "randoms.norm": 3.160539631974118, "shotnoise": 68998.76098630791, "first.data.N": 140373, "first.data.W": 140373.0, "first.data.W2": 125068.56157031507, "first.data.num_per_cell": 0.0009318333981209626, "first.randoms.N": 2815970, "first.randoms.W": 2815970.0, "first.randoms.W2": 2508942.277109487, "first.randoms.num_per_cell": 0.01869307664863383, "first.data.ext": 1, "first.randoms.ext": 1, "second.data.N": 140373, "second.data.W": 140373.0, "second.data.W2": 227013.60304188728, "second.data.num_per_cell": 0.0016913831460616535, "second.randoms.N": 2815970, "second.randoms.W": 2815970.0, "second.randoms.W2": 4554079.197216868, "second.randoms.num_per_cell": 0.03393053410363844, "second.data.ext": 1, "second.randoms.ext": 1}}, "attrs": {"poles": [0], "dk": 0.005, "kmin": 0.0, "kmax": null, "Nmesh": {"__dtype__": "<i8", "__shape__": [3], "__data__": [512, 512, 512]}, "BoxSize": {"__dtype__": "<f8", "__shape__": [3], "__data__": [2666.0, 5785.0, 2972.0]}, "BoxPad": {"__dtype__": "<f8", "__shape__": [3], "__data__": [0.1, 0.1, 0.1]}, "BoxCenter": {"__dtype__": "<f8", "__shape__": [3], "__data__": [2582.3193627619016, 42.507390005197976, 890.2297305542152]}, "mesh.resampler": "tsc", "mesh.interlaced": true, "alpha": 0.04984889753797093, "data.norm": 3.160522925636224, "randoms.norm": 3.160539631974118,