{"poles": {"dims": ["k"], "edges": [{"__dtype__": "<f8", "__shape__": [46], "__data__": [0.0, 0.005, 0.01, 0.015, 0.02, 0.025, 0.03, 0.035, 0.04, 0.045, 0.05, 0.055, 0.06, 0.065, 0.07, 0.075, 0.08, 0.085, 0.09, 0.095, 0.1, 0.105, 0.11, 0.115, 0.12, 0.125, 0.13, 0.135, 0.14, 0.145, 0.15, 0.155, 0.16, 0.165, 0.17, 0.17500000000000002, 0.18, 0.185, 0.19, 0.195, 0.2, 0.20500000000000002, 0.21, 0.215, 0.22, 0.225]}], "coords": [{"__dtype__": "<f8", "__shape__": [45], "__data__": [0.0025, 0.0075, 0.0125, 0.0175, 0.0225, 0.0275, 0.0325, 0.037500000000000006, 0.042499999999999996, 0.0475, 0.052500000000000005, 0.057499999999999996, 0.0625, 0.0675, 0.07250000000000001, 0.0775, 0.0825, 0.0875, 0.0925, 0.0975, 0.10250000000000001, 0.1075, 0.1125, 0.1175, 0.1225, 0.1275, 0.1325, 0.1375, 0.14250000000000002, 0.1475, 0.1525, 0.1575, 0.1625, 0.1675, 0.17250000000000001, 0.1775, 0.1825, 0.1875, 0.1925, 0.1975, 0.2025, 0.20750000000000002, 0.2125, 0.2175, 0.2225]}], "data": {"__dtype__": [["k", "<f8"], ["power_0", "<c8"], ["modes", "<i8"]], "__shape__": [45], "__data__": [[0.0038156387204474115, {"__complex__": [74379.6875, 0.0]}, 167], [0.008052381910474587, {"__complex__": [90877.6640625, -4.7071813000188964e-14]}, 1082], [0.012817995798770144, {"__complex__": [103109.0859375, 4.883193221799035e-15]}, 2980], [0.01772099725500245, {"__complex__": [104332.8515625, 9.047822983453829e-14]}, 5790], [0.022663818102552774, {"__complex__": [108340.234375, 4.5760738982012026e-15]}, 9540], [0.02764602930378973, {"__complex__": [99562.53125, -1.619804144330564e-14]}, 14374], [0.03263731668476279, {"__complex__": [91084.1015625, 2.1161646043886366e-14]}, 19942], [0.0376184559982214, {"__complex__": [86666.1640625, -1.78413027251544e-15]}, 26508], [0.042607243399218626, {"__complex__": [84115.8046875, -1.06566845632487e-15]}, 34138], [0.047592406265813465, {"__complex__": [84798.1875, -1.4082055732275462e-14]}, 42368], [0.05257488140688021, {"__complex__": [82327.8671875, 1.2285265917088596e-14]}, 51970], [0.05757304934354067, {"__complex__": [81060.5625, 1.1662805121073934e-14]}, 62386], [0.06256892152311333, {"__complex__": [78172.203125, 6.7769373927439435e-15]}, 73544], [0.06756161318438152, {"__complex__": [78607.15625, 2.139190178620208e-15]}, 85882], [0.07255545608327006, {"__complex__": [77003.5078125, 7.964470385014421e-15]}, 98892], [0.07755531988883167, {"__complex__": [76167.34375, -9.300356115798806e-16]}, 113438], [0.08255456537112663, {"__complex__": [74937.7265625, -5.751172446805987e-15]}, 128094], [0.0875509379727019, {"__complex__": [72990.484375, -2.470528291762409e-15]}, 144310], [0.0925438401723797, {"__complex__": [72138.53125, 1.2664536989441207e-15]}, 160864], [0.09753909917009447, {"__complex__": [71732.8515625, -1.8274770247725012e-16]}, 179164], [0.10254101893533508, {"__complex__": [70962.984375, 2.313932228605823e-15]}, 198098], [0.10753734913490876, {"__complex__": [70534.7890625, 4.434967526551056e-15]}, 217378], [0.11253624610921988, {"__complex__": [69589.8046875, -3.8865992964711284e-16]}, 238688], [0.11753642957422246, {"__complex__": [69693.5625, -1.4975022640984653e-15]}, 259942], [0.12253401559199377, {"__complex__": [69396.75, 1.621776291141656e-15]}, 282644], [0.12753375373643056, {"__complex__": [68501.4375, -1.1280885376695258e-15]}, 306366], [0.1325306805219063, {"__complex__": [68116.875, -6.609820280409953e-17]}, 330234], [0.13752914096627844, {"__complex__": [68437.71875, 7.143937419380343e-17]}, 356468], [0.14253010057422194, {"__complex__": [67611.1640625, 3.710087688779581e-16]}, 382420], [0.14752781650890334, {"__complex__": [67001.109375, 1.4677793485837198e-15]}, 409582], [0.1525277778141645, {"__complex__": [66964.3984375, -5.560095789949046e-16]}, 438382], [0.1575279337819236, {"__complex__": [66795.6484375, -2.784783338545267e-16]}, 467030], [0.1625259749112347, {"__complex__": [66004.4453125, -2.7797410572893803e-15]}, 497324], [0.1675266672074104, {"__complex__": [66187.0546875, 1.0182207411141178e-15]}, 528786], [0.172526105179688, {"__complex__": [66295.2734375, -9.809339272595099e-16]}, 560012], [0.17752333391597389, {"__complex__": [66143.9296875, 2.0842395514417958e-15]}, 593460], [0.1825232327005591, {"__complex__": [65647.75, 6.726946143471705e-16]}, 627336], [0.1875229977409493, {"__complex__": [65479.43359375, 7.911802829266214e-16]}, 662136], [0.1925216600472122, {"__complex__": [65709.0859375, -8.915668691264977e-16]}, 697754], [0.1975200991628001, {"__complex__": [65226.078125, -6.58793903710221e-16]}, 734450], [0.20251900865833447, {"__complex__": [65273.9609375, 2.804800103517425e-15]}, 772396], [0.20751952187900927, {"__complex__": [65060.84375, -8.970946061402792e-16]}, 811058], [0.21251985489554118, {"__complex__": [64682.5859375, -6.416052758698263e-16]}, 850518], [0.21751775212584215, {"__complex__": [64553.4140625, 6.414214167807129e-16]}, 890464], [0.22251533867428497, {"__complex__": [64588.80078125, -2.1706993807415944e-15]}, 931827]]}, "attrs": {"poles": [0], "dk": 0.005, "kmin": 0.0, "kmax": null, "Nmesh": {"__dtype__": "<i8", "__shape__": [3], "__data__": [512, 512, 512]}, "BoxSize": {"__dtype__": "<f8", "__shape__": [3], "__data__": [3425.0, 7188.0, 3020.0]}, "BoxPad": {"__dtype__": "<f8", "__shape__": [3], "__data__": [0.1, 0.1, 0.1]}, "BoxCenter": {"__dtype__": "<f8", "__shape__": [3], "__data__": [-1748.9246021870742, 39.09938216004275, 1912.6500090917825]}, "mesh.resampler": "tsc", "mesh.interlaced": true, "alpha": 0.05000323502127937, "data.norm": 5.547160459842971, "randoms.norm": 5.5477468283684646, "shotnoise": 63042.90898545756, "first.data.N": 240354, "first.data.W": 240354.0, "first.data.W2": 207100.42311093854, "first.data.num_per_cell": 0.0015430183940450739, "first.randoms.N": 4806769, "first.randoms.W": 4806769.0, "first.randoms.W2": 4142101.9775616336, "first.randoms.num_per_cell": 0.030861064624500525, "first.data.ext": 1, "first.randoms.ext": 1, "second.data.N": 240354, "second.data.W": 240354.0, "second.data.W2": 375113.7982596159, "second.data.num_per_cell": 0.0027948155869514935, "second.randoms.N": 4806769, "second.randoms.W": 4806769.0, "second.randoms.W2": 7503129.545496762, "second.randoms.num_per_cell": 0.055902671407884075, "second.data.ext": 1, "second.randoms.ext": 1}}, "attrs": {"poles": [0], "dk": 0.005, "kmin": 0.0, "kmax": null, "Nmesh": {"__dtype__": "<i8", "__shape__": [3], "__data__": [512, 512, 512]}, "BoxSize": {"__dtype__": "<f8", "__shape__": [3], "__data__": [3425.0, 7188.0, 3020.0]}, "BoxPad": {"__dtype__": "<f8", "__shape__": [3], "__data__": [0.1, 0.1, 0.1]}, "BoxCenter": {"__dtype__": "<f8", "__shape__": [3], "__data__": [-1748.9246021870742, 39.09938216004275, 1912.6500090917825]}, "mesh.resampler": "tsc", "mesh.interlaced": true, "alpha": 0.05000323502127937, "data.norm": 5.547160459842971, "randoms.norm": 5.5477468283684646, "shotnoise": 63042.90898545756, "first.data.N": 240354, "first.data.W": 240354.0, "first.data.W2": 207100.42311093854, "first.data.num_per_cell": 0.0015430183940450739, "first.randoms.N": 4806769, "first.randoms.W": 4806769.0, "first.randoms.W2": 4142101.9775616336, "first.randoms.num_per_cell": 0.030861064624500525, "first.data.ext": 1, "first.randoms.ext": 1, "second.data.N": 240354, "second.data.W": 240354.0, "second.data.W2": 375113.7982596159, "second.data.num_per_cell": 0.0027948155869514935, "second.randoms.N": 4806769, "second.randoms.W": 4806769.0, "second.randoms.W2": 7503129.545496762, "second.randoms.num_per_cell": 0.055902671407884075, "second.data.ext": 1, "second.randoms.ext": 1, "p": 0.0, "zmin": 0.8, "zmax": 2.2, "P0_FKP": 30000.0, "z-weighted": true, "hashkeys": ["Nmesh", "P0_FKP", "dk", "kmin", "mesh.window", "mesh.interlaced", "poles", "p", "BoxPad", "zmin", "zmax", "z-weighted"]}}