{"poles": {"dims": ["k"], "edges": [{"__dtype__": "<f8", "__shape__": [57], "__data__": [0.0, 0.005, 0.01, 0.015, 0.02, 0.025, 0.03, 0.035, 0.04, 0.045, 0.05, 0.055, 0.06, 0.065, 0.07, 0.075, 0.08, 0.085, 0.09, 0.095, 0.1, 0.105, 0.11, 0.115, 0.12, 0.125, 0.13, 0.135, 0.14, 0.145, 0.15, 0.155, 0.16, 0.165, 0.17, 0.17500000000000002, 0.18, 0.185, 0.19, 0.195, 0.2, 0.20500000000000002, 0.21, 0.215, 0.22, 0.225, 0.23, 0.23500000000000001, 0.24, 0.245, 0.25, 0.255, 0.26, 0.265, 0.27, 0.275, 0.28]}], "coords": [{"__dtype__": "<f8", "__shape__": [56], "__data__": [0.0025, 0.0075, 0.0125, 0.0175, 0.0225, 0.0275, 0.0325, 0.037500000000000006, 0.042499999999999996, 0.0475, 0.052500000000000005, 0.057499999999999996, 0.0625, 0.0675, 0.07250000000000001, 0.0775, 0.0825, 0.0875, 0.0925, 0.0975, 0.10250000000000001, 0.1075, 0.1125, 0.1175, 0.1225, 0.1275, 0.1325, 0.1375, 0.14250000000000002, 0.1475, 0.1525, 0.1575, 0.1625, 0.1675, 0.17250000000000001, 0.1775, 0.1825, 0.1875, 0.1925, 0.1975, 0.2025, 0.20750000000000002, 0.2125, 0.2175, 0.2225, 0.2275, 0.2325, 0.2375, 0.2425, 0.2475, 0.2525, 0.2575, 0.2625, 0.2675, 0.2725, 0.2775]}], "data": {"__dtype__": [["k", "<f8"], ["power_0", "<c8"], ["modes", "<i8"]], "__shape__": [56], "__data__": [[0.0038176499413941595, {"__complex__": [-43859.578125, -7.20391845135393e-13]}, 101], [0.00810480798371318, {"__complex__": [-82754.9296875, 3.374357271466316e-13]}, 690], [0.012886792732255993, {"__complex__": [-87263.8984375, -7.882944649687321e-14]}, 1846], [0.017776997061854514, {"__complex__": [-84906.4140625, 2.840585805582909e-14]}, 3586], [0.02269059290967275, {"__complex__": [-83680.09375, 9.714561918566442e-14]}, 5842], [0.02764885991396219, {"__complex__": [-75507.21875, -1.9776101736019777e-14]}, 8830], [0.032628179819300905, {"__complex__": [-73198.65625, -3.0855472257090844e-14]}, 12262], [0.03761014754553126, {"__complex__": [-70768.1796875, 1.8683676567682328e-14]}, 16356], [0.04261303863554945, {"__complex__": [-68726.9140625, -6.623916232141244e-14]}, 21090], [0.04760022463107189, {"__complex__": [-67350.46875, -2.229324436845196e-15]}, 26110], [0.05257781063545802, {"__complex__": [-66207.109375, -2.7339519384684706e-15]}, 31936], [0.05757020809486523, {"__complex__": [-64814.81640625, -6.814821364826366e-15]}, 38436], [0.06256802767202495, {"__complex__": [-63479.68359375, 6.412795387620478e-15]}, 45384], [0.06756275325950954, {"__complex__": [-61193.61328125, 1.2394688174313748e-14]}, 52832], [0.07254968512229747, {"__complex__": [-61418.32421875, 3.2273837821114116e-15]}, 60870], [0.07754420441825279, {"__complex__": [-60738.28125, -4.1710374600216547e-16]}, 69776], [0.08254374286736543, {"__complex__": [-58142.98828125, 3.870288353582767e-15]}, 78958], [0.08754608342128772, {"__complex__": [-58445.9140625, -1.50289208297261e-14]}, 89080], [0.09254900208343768, {"__complex__": [-58732.05078125, 1.3189313075539057e-15]}, 99298], [0.09754394979627112, {"__complex__": [-56422.890625, 5.281043326574959e-15]}, 110220], [0.10254611512400161, {"__complex__": [-55996.421875, -1.3209540645835963e-14]}, 122280], [0.10754625014036312, {"__complex__": [-55925.99609375, -6.223738057309792e-15]}, 133858], [0.11253694837585954, {"__complex__": [-56114.91015625, -8.332044567640161e-15]}, 146706], [0.11753461810718345, {"__complex__": [-55195.1328125, -4.537547451628288e-15]}, 160350], [0.12253653289248914, {"__complex__": [-54999.89453125, 5.846893522592827e-15]}, 174218], [0.12753710392781167, {"__complex__": [-54742.15234375, -4.086057291401591e-15]}, 188752], [0.13253341982562816, {"__complex__": [-54209.8046875, 6.151093970654421e-15]}, 203454], [0.13752586383293788, {"__complex__": [-54605.7578125, -3.4537668897922794e-15]}, 219094], [0.14252563619334047, {"__complex__": [-53880.4765625, -1.5415295543890861e-15]}, 235998], [0.14752775535003976, {"__complex__": [-53782.61328125, 1.3260356905198827e-15]}, 252402], [0.15252699397347563, {"__complex__": [-53788.64453125, -1.293973270004821e-15]}, 269902], [0.157527408468683, {"__complex__": [-54047.890625, 4.547441961122521e-16]}, 288002], [0.16252379311059265, {"__complex__": [-53221.18359375, 2.7591077582107392e-15]}, 305900], [0.1675217593981847, {"__complex__": [-52890.52734375, 1.6077194617446157e-15]}, 325846], [0.1725227507937971, {"__complex__": [-53011.4921875, 1.3487030333422367e-15]}, 345266], [0.17752427939560783, {"__complex__": [-52495.26953125, 3.9769980936734555e-16]}, 365902], [0.18252728336304264, {"__complex__": [-52180.0859375, 1.1663625684241587e-15]}, 386766], [0.18752689288762564, {"__complex__": [-51922.23046875, -3.2834548221208045e-15]}, 407734], [0.1925218891350679, {"__complex__": [-52359.28515625, 2.21971590684978e-15]}, 429402], [0.19751820702723724, {"__complex__": [-52164.1796875, -2.0252873288623173e-15]}, 452662], [0.20251869218814578, {"__complex__": [-51885.515625, -1.4447708632418592e-15]}, 475908], [0.20751920712707578, {"__complex__": [-51862.76953125, -4.659651062623258e-16]}, 499674], [0.21251930239197409, {"__complex__": [-52178.25, -1.0273364038133502e-15]}, 524094], [0.21751965692644284, {"__complex__": [-51772.02734375, -2.5448753381582343e-15]}, 548940], [0.2225192475453041, {"__complex__": [-51411.328125, 6.586961243443723e-16]}, 574392], [0.22751769553086357, {"__complex__": [-51880.87109375, -1.9633435976713735e-15]}, 600356], [0.23251723815950656, {"__complex__": [-51800.53515625, 9.277658809185942e-16]}, 627396], [0.23751846009181532, {"__complex__": [-51793.8671875, 2.044676124783205e-15]}, 654762], [0.24251749301336323, {"__complex__": [-51426.875, 8.348784479776748e-16]}, 681948], [0.24751670087409852, {"__complex__": [-51422.9140625, -9.261213664515e-16]}, 711002], [0.25251569758078235, {"__complex__": [-51429.60546875, -5.068083997042177e-16]}, 739356], [0.2575153722298549, {"__complex__": [-51464.44140625, 1.521656785017961e-15]}, 769838], [0.2625162988035364, {"__complex__": [-51212.359375, 1.2378102210415325e-15]}, 799420], [0.26751702273068856, {"__complex__": [-51346.84765625, 1.2698648065018322e-15]}, 830808], [0.27251626016282376, {"__complex__": [-51153.26953125, -9.296188713698314e-16]}, 860950], [0.277510952720903, {"__complex__": [-51258.15625, 1.957975023442337e-16]}, 891855]]}, "attrs": {"poles": [0], "dk": 0.005, "kmin": 0.0, "kmax": null, "Nmesh": {"__dtype__": "<i8", "__shape__": [3], "__data__": [512, 512, 512]}, "BoxSize": {"__dtype__": "<f8", "__shape__": [3], "__data__": [2666.0, 5789.0, 2968.0]}, "BoxPad": {"__dtype__": "<f8", "__shape__": [3], "__data__": [0.1, 0.1, 0.1]}, "BoxCenter": {"__dtype__": "<f8", "__shape__": [3], "__data__": [2582.394050615122, 45.45732024301424, 888.6226557437672]}, "mesh.resampler": "tsc", "mesh.interlaced": true, "alpha": 0.0498573102503121, "data.norm": -0.8266916695568199, "randoms.norm": -0.8258593489162341, "shotnoise": 60704.961091926525, "first.data.N": 140498, "first.data.W": 140498.0, "first.data.W2": 125201.70544351495, "first.data.num_per_cell": 0.0009328253972792249, "first.randoms.N": 2818002, "first.randoms.W": 2818002.0, "first.randoms.W2": 2511561.2708589993, "first.randoms.num_per_cell": 0.01871258967264741, "first.data.ext": 1, "first.randoms.ext": 1, "second.data.N": 140498, "second.data.W": 140498.0, "second.data.W2": -58455.60158627528, "second.data.num_per_cell": -0.00043552817096021237, "second.randoms.N": 2818002, "second.randoms.W": 2818002.0, "second.randoms.W2": -1171283.8485654322, "second.randoms.num_per_cell": -0.008726744715611877, "second.data.ext": 1, "second.randoms.ext": 1}}, "attrs": {"poles": [0], "dk": 0.005, "kmin": 0.0, "kmax": null, "Nmesh": {"__dtype__": "<i8", "__shape__": [3], "__data__": [512, 512, 512]}, "BoxSize": {"__dtype__": "<f8", "__shape__": [3], "__data__": [2666.0, 5789.0, 2968.0]}, "BoxPad": {"__dtype__": "<f8", "__shape__": [3], "__data__": [0.1, 0.1, 0.1]}, "BoxCenter": {"__dtype__": "<f8", "__shape__": [3], "__data__": [2582.394050615122, 45.45732024301424, 888.6226557437672]}, "mesh.resampler": "tsc",