{"poles": {"dims": ["k"], "edges": [{"__dtype__": "<f8", "__shape__": [46], "__data__": [0.0, 0.005, 0.01, 0.015, 0.02, 0.025, 0.03, 0.035, 0.04, 0.045, 0.05, 0.055, 0.06, 0.065, 0.07, 0.075, 0.08, 0.085, 0.09, 0.095, 0.1, 0.105, 0.11, 0.115, 0.12, 0.125, 0.13, 0.135, 0.14, 0.145, 0.15, 0.155, 0.16, 0.165, 0.17, 0.17500000000000002, 0.18, 0.185, 0.19, 0.195, 0.2, 0.20500000000000002, 0.21, 0.215, 0.22, 0.225]}], "coords": [{"__dtype__": "<f8", "__shape__": [45], "__data__": [0.0025, 0.0075, 0.0125, 0.0175, 0.0225, 0.0275, 0.0325, 0.037500000000000006, 0.042499999999999996, 0.0475, 0.052500000000000005, 0.057499999999999996, 0.0625, 0.0675, 0.07250000000000001, 0.0775, 0.0825, 0.0875, 0.0925, 0.0975, 0.10250000000000001, 0.1075, 0.1125, 0.1175, 0.1225, 0.1275, 0.1325, 0.1375, 0.14250000000000002, 0.1475, 0.1525, 0.1575, 0.1625, 0.1675, 0.17250000000000001, 0.1775, 0.1825, 0.1875, 0.1925, 0.1975, 0.2025, 0.20750000000000002, 0.2125, 0.2175, 0.2225]}], "data": {"__dtype__": [["k", "<f8"], ["power_0", "<c8"], ["modes", "<i8"]], "__shape__": [45], "__data__": [[0.003816474726641262, {"__complex__": [-108891.1640625, -2.1348617318395213e-12]}, 167], [0.008054269858075289, {"__complex__": [-131661.40625, -2.6898180067297904e-14]}, 1082], [0.012820972061026314, {"__complex__": [-149328.1875, -4.980856764362496e-13]}, 2980], [0.017721941013164006, {"__complex__": [-136806.890625, -1.2080455722134759e-13]}, 5782], [0.022663919926754494, {"__complex__": [-130808.578125, -1.0834584775578152e-13]}, 9536], [0.027648900291241483, {"__complex__": [-133532.203125, 2.833868664904593e-14]}, 14378], [0.03263765811742909, {"__complex__": [-120203.1640625, 1.1701208747869497e-14]}, 19898], [0.03761484781253764, {"__complex__": [-122187.984375, -7.693610424306177e-15]}, 26480], [0.0426045403408508, {"__complex__": [-111114.5, -2.729070360538502e-14]}, 34126], [0.047593512744827586, {"__complex__": [-111327.1875, 9.61338264717079e-15]}, 42384], [0.05257792434850926, {"__complex__": [-105501.0703125, -8.406652076667267e-15]}, 51930], [0.05757536161961042, {"__complex__": [-104260.015625, -1.027051250171657e-14]}, 62342], [0.06256871934130205, {"__complex__": [-102898.1875, -1.981793838735056e-14]}, 73428], [0.06756258292617863, {"__complex__": [-102552.046875, 7.789923152606675e-15]}, 85930], [0.07255926709078847, {"__complex__": [-101886.59375, -5.8895560310471846e-15]}, 98832], [0.07755731912099569, {"__complex__": [-100059.421875, -2.0038653150548404e-14]}, 113286], [0.08255355696693559, {"__complex__": [-99037.890625, 1.569638618029428e-14]}, 127938], [0.08755071207034025, {"__complex__": [-96727.9453125, -2.4199750361296674e-15]}, 144318], [0.09254612843987023, {"__complex__": [-95928.0390625, 4.52473650181754e-15]}, 160804], [0.09753933275588604, {"__complex__": [-94789.8515625, -1.4645319301430653e-15]}, 178852], [0.10253785539209723, {"__complex__": [-94063.3125, -6.6184511755655595e-15]}, 197882], [0.10753637866183255, {"__complex__": [-93615.2265625, 3.646777958142512e-15]}, 217474], [0.11253786929124522, {"__complex__": [-92225.0859375, -4.392809849733262e-15]}, 238512], [0.11753919252767592, {"__complex__": [-90348.0546875, -1.702070017046975e-14]}, 259906], [0.12253428798472021, {"__complex__": [-88821.859375, -2.2702056350114774e-15]}, 282038], [0.12753267511059613, {"__complex__": [-89434.9140625, -5.03414719849396e-15]}, 306408], [0.13253146171518634, {"__complex__": [-89754.8359375, -2.2049292526895616e-15]}, 329986], [0.13753012890868302, {"__complex__": [-88006.875, -4.901449852306799e-16]}, 356268], [0.142531796434922, {"__complex__": [-88433.875, 9.822393956136419e-15]}, 382228], [0.1475293889490636, {"__complex__": [-87696.5390625, -3.698199210787952e-15]}, 409226], [0.15252808194685616, {"__complex__": [-87767.7734375, 1.9272563942283145e-15]}, 437934], [0.15752764557417132, {"__complex__": [-87551.515625, -1.0600262639840906e-15]}, 466748], [0.1625258303613566, {"__complex__": [-86394.5078125, 8.316083078782101e-15]}, 496958], [0.1675261807132834, {"__complex__": [-86101.546875, -3.580403185846244e-15]}, 528362], [0.17252475076996562, {"__complex__": [-85645.9375, -3.3291958718219576e-15]}, 559488], [0.17752228694779099, {"__complex__": [-85988.78125, 3.924808899782211e-15]}, 593228], [0.18252252165342253, {"__complex__": [-85815.453125, 2.460980112864485e-15]}, 626784], [0.1875227521440215, {"__complex__": [-85306.2421875, -3.1657729348687387e-15]}, 661916], [0.1925215115837708, {"__complex__": [-85432.828125, 8.872405954088371e-16]}, 697056], [0.19751849542852457, {"__complex__": [-85334.625, 5.7913493370766265e-15]}, 733708], [0.20251770907732075, {"__complex__": [-85208.6953125, 1.8091895305017217e-15]}, 772160], [0.20751826084914884, {"__complex__": [-84767.3671875, -9.519390365629295e-16]}, 810190], [0.21251865311791074, {"__complex__": [-83628.78125, 2.2592155942790897e-15]}, 850230], [0.21751883772964203, {"__complex__": [-84178.0078125, -2.3045354568472206e-15]}, 890340], [0.22251695172522076, {"__complex__": [-84513.8828125, 8.753605348071219e-16]}, 930939]]}, "attrs": {"poles": [0], "dk": 0.005, "kmin": 0.0, "kmax": null, "Nmesh": {"__dtype__": "<i8", "__shape__": [3], "__data__": [512, 512, 512]}, "BoxSize": {"__dtype__": "<f8", "__shape__": [3], "__data__": [3425.0, 7183.0, 3020.0]}, "BoxPad": {"__dtype__": "<f8", "__shape__": [3], "__data__": [0.1, 0.1, 0.1]}, "BoxCenter": {"__dtype__": "<f8", "__shape__": [3], "__data__": [-1749.8404667003329, 39.44291109621827, 1912.6991749899325]}, "mesh.resampler": "tsc", "mesh.interlaced": true, "alpha": 0.04999912645663356, "data.norm": -1.4951332477511157, "randoms.norm": -1.4952320316691126, "shotnoise": 54316.50066245691, "first.data.N": 240396, "first.data.W": 240396.0, "first.data.W2": 207065.1770073935, "first.data.num_per_cell": 0.001542755790109884, "first.randoms.N": 4808004, "first.randoms.W": 4808004.0, "first.randoms.W2": 4141263.9411279676, "first.randoms.num_per_cell": 0.030854820766508338, "first.data.ext": 1, "first.randoms.ext": 1, "second.data.N": 240396, "second.data.W": 240396.0, "second.data.W2": -98489.36764215352, "second.data.num_per_cell": -0.0007338029715579265, "second.randoms.N": 4808004, "second.randoms.W": 4808004.0, "second.randoms.W2": -1969931.803448826, "second.randoms.num_per_cell": -0.014677135672038988, "second.data.ext": 1, "second.randoms.ext": 1}}, "attrs": {"poles": [0], "dk": 0.005, "kmin": 0.0, "kmax": null, "Nmesh": {"__dtype__": "<i8", "__shape__": [3], "__data__": [512, 512, 512]}, "BoxSize": {"__dtype__": "<f8", "__shape__": [3], "__data__": [3425.0, 7183.0, 3020.0]}, "BoxPad": {"__dtype__": "<f8", "__shape__": [3], "__data__": [0.1, 0.1, 0.1]}, "BoxCenter": {"__dtype__": "<f8", "__shape__": [3], "__data__": [-1749.8404667003329, 39.44291109621827, 1912.6991749899325]}, "mesh.resampler": "tsc", "mesh.interlaced": true, "alpha": 0.04999912645663356, "data.norm": -1.4951332477511157, "randoms.norm": -1.4952320316691126, "shotnoise": 54316.50066245691, "first.data.N": 240396, "first.data.W": 240396.0, "first.data.W2": 207065.1770073935, "first.data.num_per_cell": 0.001542755790109884, "first.randoms.N": 4808004, "first.randoms.W": 4808004.0, "first.randoms.W2": 4141263.9411279676, "first.randoms.num_per_cell": 0.030854820766508338, "first.data.ext": 1, "first.randoms.ext": 1, "second.data.N": 240396, "second.data.W": 240396.0, "second.data.W2": -98489.36764215352, "second.data.num_per_cell": -0.0007338029715579265, "second.randoms.N": 4808004, "second.randoms.W": 4808004.0, "second.randoms.W2": -1969931.803448826, "second.randoms.num_per_cell": -0.014677135672038988, "second.data.ext": 1, "second.randoms.ext": 1, "p": 3.0, "zmin": 0.8, "zmax": 2.2, "P0_FKP": 30000.0, "z-weighted": true, "hashkeys": ["Nmesh", "P0_FKP", "dk", "kmin", "mesh.window", "mesh.interlaced", "poles", "p", "BoxPad", "zmin", "zmax", "z-weighted"]}}