{"poles": {"dims": ["k"], "edges": [{"__dtype__": "<f8", "__shape__": [57], "__data__": [0.0, 0.005, 0.01, 0.015, 0.02, 0.025, 0.03, 0.035, 0.04, 0.045, 0.05, 0.055, 0.06, 0.065, 0.07, 0.075, 0.08, 0.085, 0.09, 0.095, 0.1, 0.105, 0.11, 0.115, 0.12, 0.125, 0.13, 0.135, 0.14, 0.145, 0.15, 0.155, 0.16, 0.165, 0.17, 0.17500000000000002, 0.18, 0.185, 0.19, 0.195, 0.2, 0.20500000000000002, 0.21, 0.215, 0.22, 0.225, 0.23, 0.23500000000000001, 0.24, 0.245, 0.25, 0.255, 0.26, 0.265, 0.27, 0.275, 0.28]}], "coords": [{"__dtype__": "<f8", "__shape__": [56], "__data__": [0.0025, 0.0075, 0.0125, 0.0175, 0.0225, 0.0275, 0.0325, 0.037500000000000006, 0.042499999999999996, 0.0475, 0.052500000000000005, 0.057499999999999996, 0.0625, 0.0675, 0.07250000000000001, 0.0775, 0.0825, 0.0875, 0.0925, 0.0975, 0.10250000000000001, 0.1075, 0.1125, 0.1175, 0.1225, 0.1275, 0.1325, 0.1375, 0.14250000000000002, 0.1475, 0.1525, 0.1575, 0.1625, 0.1675, 0.17250000000000001, 0.1775, 0.1825, 0.1875, 0.1925, 0.1975, 0.2025, 0.20750000000000002, 0.2125, 0.2175, 0.2225, 0.2275, 0.2325, 0.2375, 0.2425, 0.2475, 0.2525, 0.2575, 0.2625, 0.2675, 0.2725, 0.2775]}], "data": {"__dtype__": [["k", "<f8"], ["power_0", "<c8"], ["modes", "<i8"]], "__shape__": [56], "__data__": [[0.003815756022082291, {"__complex__": [63823.33203125, -6.843722637206451e-13]}, 101], [0.008101311667755217, {"__complex__": [102297.890625, 0.0]}, 690], [0.01288577417663479, {"__complex__": [110525.71875, -1.573180062781898e-14]}, 1850], [0.017772152536097832, {"__complex__": [111869.8203125, 6.500017673627748e-14]}, 3582], [0.02268534815621753, {"__complex__": [109991.0859375, 6.711679687498515e-14]}, 5854], [0.027645577435251773, {"__complex__": [105430.421875, -3.0254746326502727e-14]}, 8838], [0.032625751056956837, {"__complex__": [98663.28125, 3.6729310321252304e-14]}, 12282], [0.0376097701691239, {"__complex__": [95756.4609375, 1.709743457922741e-14]}, 16384], [0.042613470321658437, {"__complex__": [94499.625, -1.3264720607184845e-14]}, 21118], [0.04759945725288677, {"__complex__": [92324.9921875, 3.2300463031261634e-14]}, 26130], [0.05257844824953215, {"__complex__": [89739.8984375, 2.1593751431598675e-14]}, 32010], [0.057571054792100444, {"__complex__": [88004.3046875, -3.783452653412624e-16]}, 38462], [0.06256696890690555, {"__complex__": [87681.625, -5.604774236817869e-15]}, 45436], [0.06756390785542421, {"__complex__": [85562.5625, 4.808869892325733e-15]}, 52956], [0.07255310770085155, {"__complex__": [84527.34375, 6.207136635060081e-15]}, 60954], [0.07754531261528884, {"__complex__": [85357.15625, -1.980221152661889e-15]}, 69812], [0.08254252446578175, {"__complex__": [82591.4609375, 6.258888230554951e-15]}, 79050], [0.08754501097621285, {"__complex__": [81829.828125, 4.444714758191585e-15]}, 89216], [0.09254874440381995, {"__complex__": [78476.2578125, -2.9269496131102246e-16]}, 99434], [0.09754506489630997, {"__complex__": [78506.296875, 5.1395049681217126e-15]}, 110424], [0.10254528971762884, {"__complex__": [78284.8515625, -1.546860885638223e-15]}, 122296], [0.10754366258077053, {"__complex__": [78118.65625, 2.821989578390767e-15]}, 134072], [0.11253594632461165, {"__complex__": [76386.3359375, -5.8420747521558975e-15]}, 146962], [0.11753461511208357, {"__complex__": [76986.3046875, -9.403330969987695e-16]}, 160556], [0.12253573944869377, {"__complex__": [76050.2734375, 2.628446573349659e-15]}, 174394], [0.12753505737306273, {"__complex__": [75452.8671875, 2.348772387792287e-15]}, 188964], [0.1325335305158798, {"__complex__": [74524.859375, -1.944641745470709e-15]}, 203914], [0.13752823838545217, {"__complex__": [75592.875, 1.392870507585628e-15]}, 219396], [0.14252705027699972, {"__complex__": [74338.484375, 2.925905697942293e-15]}, 236240], [0.1475279003863786, {"__complex__": [72981.171875, 1.6917282953324156e-15]}, 252678], [0.15252947628866928, {"__complex__": [73464.1953125, 9.747347048767925e-16]}, 270590], [0.1575290894877808, {"__complex__": [73781.0390625, 2.6278123574304023e-15]}, 287958], [0.16252214496846476, {"__complex__": [73094.9765625, -3.0402788627441465e-15]}, 306328], [0.1675200224278201, {"__complex__": [73469.78125, -1.784055310099608e-15]}, 326266], [0.17252253762894612, {"__complex__": [73143.5546875, 5.889726602306938e-16]}, 345902], [0.17752324116358828, {"__complex__": [72565.0, 1.868147470553594e-15]}, 366106], [0.18252500715597736, {"__complex__": [72511.8046875, -2.0661689505450725e-15]}, 387362], [0.18752513602331178, {"__complex__": [72381.609375, 8.911503936142446e-17]}, 408234], [0.19252318376976843, {"__complex__": [72386.1484375, 4.2587211460511174e-15]}, 430538], [0.19752115951904636, {"__complex__": [72398.140625, -1.4916990296185892e-15]}, 453010], [0.20251831490982147, {"__complex__": [71998.0, 5.500583255074959e-16]}, 476194], [0.20751922079147408, {"__complex__": [71895.4375, -2.3248098257144627e-15]}, 500752], [0.21252125953515888, {"__complex__": [72272.0859375, 1.0537430794604766e-15]}, 524770], [0.2175207876766723, {"__complex__": [71995.5625, -2.863366926105903e-15]}, 549502], [0.22251895725889512, {"__complex__": [71848.4375, -9.11016227903114e-16]}, 575038], [0.22751808071834764, {"__complex__": [72008.1171875, 6.774657391808172e-16]}, 601438], [0.23251884683389917, {"__complex__": [71779.8046875, -1.1465788433916136e-15]}, 628234], [0.23751886036616743, {"__complex__": [71325.59375, -1.2656581232484121e-15]}, 655358], [0.24251669068905862, {"__complex__": [71265.9921875, 2.1738998947327948e-15]}, 682780], [0.2475143420063507, {"__complex__": [71622.703125, 7.618214857000769e-16]}, 711530], [0.252515946260725, {"__complex__": [70888.8125, 6.071000123348831e-16]}, 741558], [0.2575159603330501, {"__complex__": [71600.546875, -1.2903516747597168e-15]}, 769688], [0.26251508866279344, {"__complex__": [71620.125, -2.951666299208901e-16]}, 801136], [0.2675174292402489, {"__complex__": [71143.828125, 8.047813027189205e-16]}, 831764], [0.2725169529451662, {"__complex__": [71368.953125, 8.691146197331871e-16]}, 862284], [0.27751210168317136, {"__complex__": [71230.5546875, 1.1081399588496214e-15]}, 892965]]}, "attrs": {"poles": [0], "dk": 0.005, "kmin": 0.0, "kmax": null, "Nmesh": {"__dtype__": "<i8", "__shape__": [3], "__data__": [512, 512, 512]}, "BoxSize": {"__dtype__": "<f8", "__shape__": [3], "__data__": [2665.0, 5793.0, 2971.0]}, "BoxPad": {"__dtype__": "<f8", "__shape__": [3], "__data__": [0.1, 0.1, 0.1]}, "BoxCenter": {"__dtype__": "<f8", "__shape__": [3], "__data__": [2582.6374187708916, 41.20280344995558, 889.9317247245424]}, "mesh.resampler": "tsc", "mesh.interlaced": true, "alpha": 0.050080061977974266, "data.norm": 1.8416181482436829, "randoms.norm": 1.8417396008558866, "shotnoise": 70198.74197265792, "first.data.N": 141179, "first.data.W": 141179.0, "first.data.W2": 125750.10466765406, "first.data.num_per_cell": 0.0009369112898979638, "first.randoms.N": 2819066, "first.randoms.W": 2819066.0, "first.randoms.W2": 2510973.2891217857, "first.randoms.num_per_cell": 0.018708208867324782, "first.data.ext": 1, "first.randoms.ext": 1, "second.data.N": 141179, "second.data.W": 141179.0, "second.data.W2": 132515.49250465631, "second.data.num_per_cell": 0.0009873173572469973, "second.randoms.N": 2819066, "second.randoms.W": 2819066.0, "second.randoms.W2": 2646201.0653663278, "second.randoms.num_per_cell": 0.019715734313177524, "second.data.ext": 1, "second.randoms.ext": 1}}, "attrs": {"poles": [0], "dk": 0.005, "kmin": 0.0, "kmax": null, "Nmesh": {"__dtype__": "<i8", "__shape__": [3], "__data__": [512, 512, 512]}, "BoxSize": {"__dtype__": "<f8", "__shape__": [3], "__data__": [2665.0, 5793.0, 2971.0]}, "BoxPad": {"__dtype__": "<f8", "__shape__": [3], "__data__": [0.1, 0.1, 0.1]}, "BoxCenter": {"__dtype__": "<f8", "__shape__": [3], "__data__": [2582.6374187708916, 41.20280344995558, 889.9317247245424]}, "mesh.resampler": "tsc", "mesh.interlaced": true, "alpha": 0.050080061977974266, "data.norm": 1.8416181482436829, "randoms.norm": 1.8417396008558866,