{"poles": {"dims": ["k"], "edges": [{"__dtype__": "<f8", "__shape__": [57], "__data__": [0.0, 0.005, 0.01, 0.015, 0.02, 0.025, 0.03, 0.035, 0.04, 0.045, 0.05, 0.055, 0.06, 0.065, 0.07, 0.075, 0.08, 0.085, 0.09, 0.095, 0.1, 0.105, 0.11, 0.115, 0.12, 0.125, 0.13, 0.135, 0.14, 0.145, 0.15, 0.155, 0.16, 0.165, 0.17, 0.17500000000000002, 0.18, 0.185, 0.19, 0.195, 0.2, 0.20500000000000002, 0.21, 0.215, 0.22, 0.225, 0.23, 0.23500000000000001, 0.24, 0.245, 0.25, 0.255, 0.26, 0.265, 0.27, 0.275, 0.28]}], "coords": [{"__dtype__": "<f8", "__shape__": [56], "__data__": [0.0025, 0.0075, 0.0125, 0.0175, 0.0225, 0.0275, 0.0325, 0.037500000000000006, 0.042499999999999996, 0.0475, 0.052500000000000005, 0.057499999999999996, 0.0625, 0.0675, 0.07250000000000001, 0.0775, 0.0825, 0.0875, 0.0925, 0.0975, 0.10250000000000001, 0.1075, 0.1125, 0.1175, 0.1225, 0.1275, 0.1325, 0.1375, 0.14250000000000002, 0.1475, 0.1525, 0.1575, 0.1625, 0.1675, 0.17250000000000001, 0.1775, 0.1825, 0.1875, 0.1925, 0.1975, 0.2025, 0.20750000000000002, 0.2125, 0.2175, 0.2225, 0.2275, 0.2325, 0.2375, 0.2425, 0.2475, 0.2525, 0.2575, 0.2625, 0.2675, 0.2725, 0.2775]}], "data": {"__dtype__": [["k", "<f8"], ["power_0", "<c8"], ["modes", "<i8"]], "__shape__": [56], "__data__": [[0.003816684563396223, {"__complex__": [58738.6875, -2.8815673263314634e-13]}, 101], [0.008102112639926072, {"__complex__": [104712.6171875, -4.007049141281638e-13]}, 690], [0.012882497154262535, {"__complex__": [111748.5703125, 1.4583447568040225e-13]}, 1846], [0.01777633442108973, {"__complex__": [108449.828125, -6.478315334266377e-14]}, 3594], [0.02269479424363733, {"__complex__": [109335.9296875, -2.4858072414715715e-14]}, 5854], [0.027653288127528736, {"__complex__": [101697.8203125, 1.584772386291431e-14]}, 8838], [0.03263147617284097, {"__complex__": [101626.8828125, 3.5567658844201655e-14]}, 12274], [0.03760911322396456, {"__complex__": [97894.375, 2.336602557219316e-14]}, 16348], [0.04261004080288189, {"__complex__": [92926.0625, -3.2989531110116585e-14]}, 21118], [0.04760036952057982, {"__complex__": [91884.421875, -1.641360794025007e-14]}, 26154], [0.05258146990052851, {"__complex__": [89137.3125, -2.3990922434964125e-14]}, 31996], [0.05757506764862011, {"__complex__": [86623.3203125, 7.94401115120644e-15]}, 38468], [0.06256961105777735, {"__complex__": [86018.6796875, 1.9236689979384557e-15]}, 45388], [0.06756443625238923, {"__complex__": [85080.484375, -1.5670278930794007e-14]}, 52932], [0.07255548608181156, {"__complex__": [83784.1328125, -1.7896980318359793e-15]}, 60982], [0.0775484474085784, {"__complex__": [82779.2890625, 4.171515715999498e-15]}, 69768], [0.08254318413504522, {"__complex__": [79638.8359375, 3.8923395858151116e-15]}, 78978], [0.0875452290386658, {"__complex__": [81307.09375, -5.301273755608062e-16]}, 89212], [0.09255244430971264, {"__complex__": [80285.5859375, 1.0784449954221354e-15]}, 99514], [0.09754844215375925, {"__complex__": [79368.109375, -8.141108941768938e-15]}, 110264], [0.10254476236943859, {"__complex__": [78656.0078125, 5.5968904776612996e-15]}, 122200], [0.10754315873509401, {"__complex__": [77895.6796875, 1.6278523761096664e-15]}, 134090], [0.11253689511998151, {"__complex__": [77768.015625, -3.9625082716216906e-16]}, 146896], [0.11753216954107491, {"__complex__": [76795.84375, -1.3843146277854124e-15]}, 160308], [0.12253236119983009, {"__complex__": [76179.2421875, 7.089707061374672e-16]}, 174466], [0.12753688132415356, {"__complex__": [75230.4453125, 3.2317754361846883e-15]}, 189116], [0.1325360184936042, {"__complex__": [75304.953125, 1.3572815712737914e-15]}, 203706], [0.13752906688509192, {"__complex__": [75096.4296875, -2.1895949917289433e-15]}, 219316], [0.1425278703166115, {"__complex__": [75107.359375, 1.5097904887016386e-15]}, 236140], [0.14752892519001626, {"__complex__": [74761.0546875, 1.8070814772542425e-15]}, 252654], [0.15252971054622752, {"__complex__": [73665.890625, -1.9378868694745928e-15]}, 270330], [0.1575288697010069, {"__complex__": [73775.6015625, -3.284674126048377e-15]}, 287966], [0.1625219232783446, {"__complex__": [74267.1953125, -1.2358879856468573e-15]}, 306136], [0.1675206214990988, {"__complex__": [74180.265625, -2.0514373535264257e-15]}, 326302], [0.17252412628965852, {"__complex__": [73407.3515625, 2.4828168340029376e-15]}, 345802], [0.17752630691798726, {"__complex__": [73116.8203125, -4.1728143763263166e-16]}, 366168], [0.18252765924148873, {"__complex__": [72866.1328125, -1.8426428849952934e-15]}, 386968], [0.1875263242432084, {"__complex__": [73178.4140625, 7.130390583226889e-16]}, 408166], [0.1925217495037314, {"__complex__": [72621.6796875, 5.585874708303139e-16]}, 429846], [0.19751687599664786, {"__complex__": [72570.8984375, -8.676506291629765e-16]}, 452834], [0.20251816609309736, {"__complex__": [72293.9296875, 7.62995698358098e-18]}, 476802], [0.20752057250190445, {"__complex__": [72529.609375, 1.673135578033049e-16]}, 500100], [0.2125200577441718, {"__complex__": [72152.859375, -6.103223374244752e-16]}, 524546], [0.21752056668089395, {"__complex__": [72039.359375, -6.553318682965558e-16]}, 549584], [0.22251987631850553, {"__complex__": [72389.8359375, 1.6456631231800397e-16]}, 574768], [0.22751842705035372, {"__complex__": [71830.6484375, 2.4207277837219804e-16]}, 601138], [0.2325180144574921, {"__complex__": [71619.5390625, 9.271275357137197e-16]}, 627828], [0.23751782092092974, {"__complex__": [71760.90625, 1.9989626830621766e-16]}, 655176], [0.24251692904229818, {"__complex__": [71515.8046875, -2.7809789959417925e-15]}, 682862], [0.24751463677793217, {"__complex__": [71430.140625, 1.944184665316547e-16]}, 711060], [0.25251499644328157, {"__complex__": [71591.515625, 2.945532986577392e-16]}, 741050], [0.2575165459649147, {"__complex__": [71424.3515625, -1.0179448201315497e-15]}, 770164], [0.2625174365065116, {"__complex__": [71163.2578125, -1.0723566284763899e-15]}, 800632], [0.26751835065598445, {"__complex__": [71029.7578125, 1.851288550287918e-15]}, 831240], [0.2725176752953901, {"__complex__": [71409.734375, -4.0716685839079045e-16]}, 862214], [0.2775120866977765, {"__complex__": [71236.09375, -4.89380729901685e-17]}, 892061]]}, "attrs": {"poles": [0], "dk": 0.005, "kmin": 0.0, "kmax": null, "Nmesh": {"__dtype__": "<i8", "__shape__": [3], "__data__": [512, 512, 512]}, "BoxSize": {"__dtype__": "<f8", "__shape__": [3], "__data__": [2669.0, 5792.0, 2966.0]}, "BoxPad": {"__dtype__": "<f8", "__shape__": [3], "__data__": [0.1, 0.1, 0.1]}, "BoxCenter": {"__dtype__": "<f8", "__shape__": [3], "__data__": [2580.456007702402, 43.544664719831644, 890.0610064539956]}, "mesh.resampler": "tsc", "mesh.interlaced": true, "alpha": 0.04990904004226336, "data.norm": 1.8330355152030202, "randoms.norm": 1.8327886087735634, "shotnoise": 70221.64605598511, "first.data.N": 140575, "first.data.W": 140575.0, "first.data.W2": 125225.06504510914, "first.data.num_per_cell": 0.0009329994398736144, "first.randoms.N": 2816624, "first.randoms.W": 2816624.0, "first.randoms.W2": 2508835.1472157333, "first.randoms.num_per_cell": 0.01869227846872608, "first.data.ext": 1, "first.randoms.ext": 1, "second.data.N": 140575, "second.data.W": 140575.0, "second.data.W2": 131919.13599279523, "second.data.num_per_cell": 0.000982874154990876, "second.randoms.N": 2816624, "second.randoms.W": 2816624.0, "second.randoms.W2": 2642459.252110958, "second.randoms.num_per_cell": 0.019687855631939755, "second.data.ext": 1, "second.randoms.ext": 1}}, "attrs": {"poles": [0], "dk": 0.005, "kmin": 0.0, "kmax": null, "Nmesh": {"__dtype__": "<i8", "__shape__": [3], "__data__": [512, 512, 512]}, "BoxSize": {"__dtype__": "<f8", "__shape__": [3], "__data__": [2669.0, 5792.0, 2966.0]}, "BoxPad": {"__dtype__": "<f8", "__shape__": [3], "__data__": [0.1, 0.1, 0.1]}, "BoxCenter": {"__dtype__": "<f8", "__shape__": [3], "__data__": [2580.456007702402, 43.544664719831644, 890.0610064539956]}, "mesh.resampler": "tsc", "mesh.interlaced": true, "alpha": 0.04990904004226336,