{"poles": {"dims": ["k"], "edges": [{"__dtype__": "<f8", "__shape__": [57], "__data__": [0.0, 0.005, 0.01, 0.015, 0.02, 0.025, 0.03, 0.035, 0.04, 0.045, 0.05, 0.055, 0.06, 0.065, 0.07, 0.075, 0.08, 0.085, 0.09, 0.095, 0.1, 0.105, 0.11, 0.115, 0.12, 0.125, 0.13, 0.135, 0.14, 0.145, 0.15, 0.155, 0.16, 0.165, 0.17, 0.17500000000000002, 0.18, 0.185, 0.19, 0.195, 0.2, 0.20500000000000002, 0.21, 0.215, 0.22, 0.225, 0.23, 0.23500000000000001, 0.24, 0.245, 0.25, 0.255, 0.26, 0.265, 0.27, 0.275, 0.28]}], "coords": [{"__dtype__": "<f8", "__shape__": [56], "__data__": [0.0025, 0.0075, 0.0125, 0.0175, 0.0225, 0.0275, 0.0325, 0.037500000000000006, 0.042499999999999996, 0.0475, 0.052500000000000005, 0.057499999999999996, 0.0625, 0.0675, 0.07250000000000001, 0.0775, 0.0825, 0.0875, 0.0925, 0.0975, 0.10250000000000001, 0.1075, 0.1125, 0.1175, 0.1225, 0.1275, 0.1325, 0.1375, 0.14250000000000002, 0.1475, 0.1525, 0.1575, 0.1625, 0.1675, 0.17250000000000001, 0.1775, 0.1825, 0.1875, 0.1925, 0.1975, 0.2025, 0.20750000000000002, 0.2125, 0.2175, 0.2225, 0.2275, 0.2325, 0.2375, 0.2425, 0.2475, 0.2525, 0.2575, 0.2625, 0.2675, 0.2725, 0.2775]}], "data": {"__dtype__": [["k", "<f8"], ["power_0", "<c8"], ["modes", "<i8"]], "__shape__": [56], "__data__": [[0.0038166255661769284, {"__complex__": [-36041.0234375, -6.483526823058972e-13]}, 101], [0.008102249002625695, {"__complex__": [-67786.3671875, -4.2179465215702594e-13]}, 690], [0.012882711724714004, {"__complex__": [-80226.203125, 4.729766586524485e-14]}, 1846], [0.017771555423997932, {"__complex__": [-86409.2265625, 8.11595968653201e-15]}, 3586], [0.022691413936819702, {"__complex__": [-78414.484375, 6.8266404390558786e-15]}, 5862], [0.027653663500343345, {"__complex__": [-77797.0234375, 4.610246849535114e-14]}, 8838], [0.03263030548377249, {"__complex__": [-72570.9609375, 4.270902750382055e-14]}, 12266], [0.037607113828174304, {"__complex__": [-72043.78125, -3.738563888262998e-14]}, 16348], [0.04261095013603089, {"__complex__": [-68171.5234375, -2.7536976740733313e-14]}, 21138], [0.04759922883426585, {"__complex__": [-65875.96875, -3.3439865493886754e-15]}, 26110], [0.052576587449503914, {"__complex__": [-62843.2421875, 1.8196717749822304e-15]}, 31988], [0.05757282823427234, {"__complex__": [-65051.109375, -1.2849706650282233e-14]}, 38504], [0.062571457123503, {"__complex__": [-63867.8984375, -8.9715874771021e-15]}, 45416], [0.06756444046419534, {"__complex__": [-61314.9140625, -1.1010832214869274e-15]}, 52864], [0.07255434577361987, {"__complex__": [-61373.62109375, -3.815519626729777e-15]}, 61022], [0.07754629299245694, {"__complex__": [-60174.3359375, 7.51734795018024e-15]}, 69688], [0.08254168606775748, {"__complex__": [-58951.8125, -8.834289365582809e-15]}, 79066], [0.08754731924192101, {"__complex__": [-59126.66015625, -5.870337700506932e-15]}, 89240], [0.09255275209388167, {"__complex__": [-57012.8046875, 8.343484594625777e-15]}, 99414], [0.09754489959654378, {"__complex__": [-57126.546875, -4.22606167318736e-15]}, 110188], [0.10254400590549112, {"__complex__": [-56733.24609375, -8.917197797493007e-15]}, 122392], [0.10754368190078574, {"__complex__": [-55570.58984375, -9.777614712346873e-16]}, 133946], [0.11253553881752934, {"__complex__": [-55578.80859375, 0.0]}, 146928], [0.11753402814912443, {"__complex__": [-55087.671875, 4.443637332282677e-15]}, 160464], [0.12253501131734305, {"__complex__": [-55055.80859375, -7.511570761963493e-16]}, 174354], [0.1275376458060058, {"__complex__": [-55387.765625, -2.1547448799053492e-15]}, 189096], [0.13253524529539304, {"__complex__": [-55128.1484375, 1.3938478777276411e-15]}, 203582], [0.13752695488455066, {"__complex__": [-53612.265625, 3.0523296004847334e-15]}, 219304], [0.1425261251197718, {"__complex__": [-54022.00390625, 1.2015478935366287e-15]}, 236164], [0.1475281374569463, {"__complex__": [-54301.65625, -2.620254705958526e-15]}, 252690], [0.15252856244382013, {"__complex__": [-53644.78125, 1.7232035102567934e-15]}, 270230], [0.15752707138382555, {"__complex__": [-53839.14453125, 1.2633187241272142e-15]}, 287970], [0.16252256236500517, {"__complex__": [-53621.54296875, -1.8048357811528346e-15]}, 306384], [0.16752170157273225, {"__complex__": [-52893.60546875, -2.9228957663642247e-15]}, 326098], [0.17252250567495864, {"__complex__": [-52966.0078125, 4.2105017838254166e-16]}, 345610], [0.17752490809493512, {"__complex__": [-52695.20703125, 1.5888278741637662e-16]}, 366356], [0.18252628150130276, {"__complex__": [-52130.02734375, 1.8813173505757407e-15]}, 386748], [0.18752527429300234, {"__complex__": [-52340.97265625, 2.351715192009285e-15]}, 408394], [0.19252237128728994, {"__complex__": [-52560.26171875, -8.632394403923537e-16]}, 429862], [0.1975172837611055, {"__complex__": [-51916.12109375, -1.4623844898635388e-15]}, 452762], [0.20251752959044472, {"__complex__": [-52148.96484375, -3.663639578325707e-16]}, 476638], [0.20752021158786849, {"__complex__": [-52487.37890625, -1.3671362702195032e-15]}, 500272], [0.2125202516258793, {"__complex__": [-52083.1640625, 2.6359652083664026e-16]}, 524450], [0.21752029259967623, {"__complex__": [-51824.859375, -2.714257363653624e-15]}, 549532], [0.22251925501190165, {"__complex__": [-51786.06640625, 5.570595822121448e-16]}, 574700], [0.22751768524038854, {"__complex__": [-51677.875, -1.621909275314375e-15]}, 601130], [0.23251779330791106, {"__complex__": [-51545.64453125, 1.668606307575623e-15]}, 627912], [0.23751879410756704, {"__complex__": [-51502.40625, -3.1085675059847355e-16]}, 655372], [0.2425176351641834, {"__complex__": [-51457.21875, -2.8409300821243206e-15]}, 682538], [0.24751500985959374, {"__complex__": [-51200.5078125, 2.2813326833230835e-15]}, 711224], [0.25251533664543324, {"__complex__": [-51650.50390625, 1.5713920185818917e-15]}, 740842], [0.2575159826966226, {"__complex__": [-51187.640625, -8.692855086302957e-16]}, 770044], [0.26251647579533993, {"__complex__": [-51338.8359375, 7.634449302226082e-16]}, 800556], [0.2675178258648133, {"__complex__": [-51376.8125, -5.950959143459543e-16]}, 831404], [0.27251738236214534, {"__complex__": [-51259.328125, 5.908344386487587e-16]}, 862030], [0.27751154409466267, {"__complex__": [-50982.6484375, -2.381514022851928e-15]}, 892113]]}, "attrs": {"poles": [0], "dk": 0.005, "kmin": 0.0, "kmax": null, "Nmesh": {"__dtype__": "<i8", "__shape__": [3], "__data__": [512, 512, 512]}, "BoxSize": {"__dtype__": "<f8", "__shape__": [3], "__data__": [2668.0, 5792.0, 2967.0]}, "BoxPad": {"__dtype__": "<f8", "__shape__": [3], "__data__": [0.1, 0.1, 0.1]}, "BoxCenter": {"__dtype__": "<f8", "__shape__": [3], "__data__": [2581.1905448890598, 45.697388399428064, 890.7544945725932]}, "mesh.resampler": "tsc", "mesh.interlaced": true, "alpha": 0.04987846854395414, "data.norm": -0.8278019238415204, "randoms.norm": -0.8277892739619801, "shotnoise": 60714.511076619245, "first.data.N": 140547, "first.data.W": 140547.0, "first.data.W2": 125225.37060421686, "first.data.num_per_cell": 0.0009330017164663737, "first.randoms.N": 2817789, "first.randoms.W": 2817789.0, "first.randoms.W2": 2510631.498190264, "first.randoms.num_per_cell": 0.018705662326442184, "first.data.ext": 1, "first.randoms.ext": 1, "second.data.N": 140547, "second.data.W": 140547.0, "second.data.W2": -58559.68654938987, "second.data.num_per_cell": -0.00043630366436682547, "second.randoms.N": 2817789, "second.randoms.W": 2817789.0, "second.randoms.W2": -1174064.2080802287, "second.randoms.num_per_cell": -0.008747460008265292, "second.data.ext": 1, "second.randoms.ext": 1}}, "attrs": {"poles": [0], "dk": 0.005, "kmin": 0.0, "kmax": null, "Nmesh": {"__dtype__": "<i8", "__shape__": [3], "__data__": [512, 512, 512]}, "BoxSize": {"__dtype__": "<f8", "__shape__": [3], "__data__": [2668.0, 5792.0, 2967.0]}, "BoxPad": {"__dtype__": "<f8", "__shape__": [3], "__data__": [0.1, 0.1, 0.1]}, "BoxCenter": {"__dtype__": "<f8", "__shape__": [3], "__data__": [2581.1905448890598, 45.697388399428064, 890.7544945725932]}, "mesh.resampler": "tsc",