{"poles": {"dims": ["k"], "edges": [{"__dtype__": "<f8", "__shape__": [57], "__data__": [0.0, 0.005, 0.01, 0.015, 0.02, 0.025, 0.03, 0.035, 0.04, 0.045, 0.05, 0.055, 0.06, 0.065, 0.07, 0.075, 0.08, 0.085, 0.09, 0.095, 0.1, 0.105, 0.11, 0.115, 0.12, 0.125, 0.13, 0.135, 0.14, 0.145, 0.15, 0.155, 0.16, 0.165, 0.17, 0.17500000000000002, 0.18, 0.185, 0.19, 0.195, 0.2, 0.20500000000000002, 0.21, 0.215, 0.22, 0.225, 0.23, 0.23500000000000001, 0.24, 0.245, 0.25, 0.255, 0.26, 0.265, 0.27, 0.275, 0.28]}], "coords": [{"__dtype__": "<f8", "__shape__": [56], "__data__": [0.0025, 0.0075, 0.0125, 0.0175, 0.0225, 0.0275, 0.0325, 0.037500000000000006, 0.042499999999999996, 0.0475, 0.052500000000000005, 0.057499999999999996, 0.0625, 0.0675, 0.07250000000000001, 0.0775, 0.0825, 0.0875, 0.0925, 0.0975, 0.10250000000000001, 0.1075, 0.1125, 0.1175, 0.1225, 0.1275, 0.1325, 0.1375, 0.14250000000000002, 0.1475, 0.1525, 0.1575, 0.1625, 0.1675, 0.17250000000000001, 0.1775, 0.1825, 0.1875, 0.1925, 0.1975, 0.2025, 0.20750000000000002, 0.2125, 0.2175, 0.2225, 0.2275, 0.2325, 0.2375, 0.2425, 0.2475, 0.2525, 0.2575, 0.2625, 0.2675, 0.2725, 0.2775]}], "data": {"__dtype__": [["k", "<f8"], ["power_0", "<c8"], ["modes", "<i8"]], "__shape__": [56], "__data__": [[0.003816819261620565, {"__complex__": [112354.078125, 1.5848620159297777e-12]}, 101], [0.00810385348455568, {"__complex__": [105974.5234375, -1.0544866473332238e-14]}, 690], [0.01288979681939321, {"__complex__": [113515.9296875, 2.399099527979759e-13]}, 1850], [0.017777582267360106, {"__complex__": [105944.265625, -2.4375067123137e-14]}, 3582], [0.022687603670394536, {"__complex__": [104906.6796875, -3.9854611174868285e-14]}, 5842], [0.027646227020848024, {"__complex__": [104052.6796875, 8.565764335896967e-14]}, 8834], [0.03262925020049292, {"__complex__": [98741.171875, 8.29371463271101e-15]}, 12282], [0.037615872155142144, {"__complex__": [96180.0625, -8.88395344837917e-15]}, 16380], [0.04261820319147655, {"__complex__": [95122.1640625, -3.450610633272573e-15]}, 21086], [0.04760051189207506, {"__complex__": [94139.609375, -1.812714542815015e-14]}, 26090], [0.05257606947534805, {"__complex__": [89689.203125, -1.3662060162851811e-15]}, 31954], [0.057568738760353025, {"__complex__": [88744.8828125, -8.326193264040528e-15]}, 38450], [0.06256305214701907, {"__complex__": [88397.0546875, -1.4124332840738819e-14]}, 45332], [0.06755974174796996, {"__complex__": [85315.734375, -2.060944239568171e-15]}, 52956], [0.0725524723161662, {"__complex__": [84640.390625, 1.8511758949059333e-15]}, 60922], [0.07754430809441167, {"__complex__": [83256.1953125, -1.5656648053090317e-15]}, 69708], [0.08254312746026955, {"__complex__": [81406.3046875, -2.2085723413957023e-15]}, 79066], [0.08754821098992945, {"__complex__": [80397.8359375, 1.257064995174341e-14]}, 89136], [0.09255007463976683, {"__complex__": [80227.46875, 1.832218026996961e-15]}, 99278], [0.09754422713375921, {"__complex__": [78655.171875, 1.352285876830004e-15]}, 110300], [0.10254376396065906, {"__complex__": [77847.5078125, 6.402585252474275e-15]}, 122164], [0.10754188046135565, {"__complex__": [77639.109375, 1.2493432098931103e-15]}, 133948], [0.11253776768054004, {"__complex__": [76787.671875, -2.9937528252591255e-15]}, 147038], [0.1175373105006632, {"__complex__": [75990.5234375, -4.9376006891000204e-15]}, 160252], [0.12253477616648681, {"__complex__": [76465.4765625, -6.935372364429019e-15]}, 174152], [0.12753140872402033, {"__complex__": [75471.921875, -1.0798737282459166e-15]}, 188658], [0.13252878392064954, {"__complex__": [75399.8125, 1.7855111479777013e-15]}, 203750], [0.1375276947611193, {"__complex__": [76271.1953125, 1.3258424081892311e-16]}, 219512], [0.14252821043824762, {"__complex__": [75273.8828125, 1.604183099189829e-15]}, 235852], [0.1475292364063351, {"__complex__": [74320.7421875, -1.2815565081519017e-15]}, 252646], [0.15253030844441395, {"__complex__": [74791.5546875, -7.947126220749087e-16]}, 270086], [0.1575279740843188, {"__complex__": [74181.8671875, -4.930846660136851e-16]}, 287742], [0.16252300289246482, {"__complex__": [74058.34375, 1.3780582306787553e-15]}, 306232], [0.16752162817827126, {"__complex__": [73706.0078125, 2.9918874469510347e-15]}, 325874], [0.17252206736657513, {"__complex__": [73465.9609375, 1.2586886302792854e-15]}, 345390], [0.1775236376639547, {"__complex__": [73161.0078125, -2.1862494233455257e-15]}, 366086], [0.1825269493561908, {"__complex__": [72747.6484375, -3.4976406553612104e-15]}, 386926], [0.18752548551767093, {"__complex__": [72726.9296875, -1.5481634105528634e-15]}, 407702], [0.19252249183448084, {"__complex__": [73006.53125, 3.560824866303408e-15]}, 430122], [0.1975200072463833, {"__complex__": [72661.8125, -8.039199231511221e-16]}, 452530], [0.202519238691964, {"__complex__": [72543.78125, 1.3598606807190623e-15]}, 476196], [0.20751954680948403, {"__complex__": [72354.4765625, 2.657201912540844e-16]}, 499722], [0.2125185237910245, {"__complex__": [72079.296875, -7.356265682897641e-16]}, 524214], [0.21751887671498338, {"__complex__": [72182.15625, 2.3316216646762818e-15]}, 549218], [0.22251757443856152, {"__complex__": [71708.0546875, -6.333418209597603e-17]}, 574410], [0.22751711804892724, {"__complex__": [71868.6953125, 1.1621194627540066e-15]}, 601050], [0.23251885704325873, {"__complex__": [71971.421875, -1.1822872113490131e-15]}, 627722], [0.23751880275551843, {"__complex__": [71863.5625, 1.444802309340026e-15]}, 654674], [0.2425193233342884, {"__complex__": [71667.5703125, 4.687458095490433e-16]}, 682976], [0.24751695004758412, {"__complex__": [71618.328125, 9.632144215194235e-16]}, 710060], [0.2525151995377928, {"__complex__": [71525.6875, -9.724851971271218e-16]}, 740700], [0.25751480922397835, {"__complex__": [71430.3359375, -3.7844757103942296e-17]}, 769032], [0.26251633291806115, {"__complex__": [71747.2265625, -1.4713802974007347e-15]}, 801088], [0.2675186503323871, {"__complex__": [71441.546875, 2.1381525632598215e-15]}, 830312], [0.2725153445222605, {"__complex__": [71130.09375, 2.872413026224342e-15]}, 861236], [0.27751209060375653, {"__complex__": [71138.7421875, 4.929582463463074e-16]}, 892967]]}, "attrs": {"poles": [0], "dk": 0.005, "kmin": 0.0, "kmax": null, "Nmesh": {"__dtype__": "<i8", "__shape__": [3], "__data__": [512, 512, 512]}, "BoxSize": {"__dtype__": "<f8", "__shape__": [3], "__data__": [2663.0, 5792.0, 2971.0]}, "BoxPad": {"__dtype__": "<f8", "__shape__": [3], "__data__": [0.1, 0.1, 0.1]}, "BoxCenter": {"__dtype__": "<f8", "__shape__": [3], "__data__": [2583.5336128855433, 46.85570351032243, 888.9150685466709]}, "mesh.resampler": "tsc", "mesh.interlaced": true, "alpha": 0.05032793601241605, "data.norm": 1.8492208841836852, "randoms.norm": 1.849132083085405, "shotnoise": 70276.43016449336, "first.data.N": 141644, "first.data.W": 141644.0, "first.data.W2": 126206.72129607249, "first.data.num_per_cell": 0.000940313348889891, "first.randoms.N": 2814421, "first.randoms.W": 2814421.0, "first.randoms.W2": 2507608.506572237, "first.randoms.num_per_cell": 0.018683139283748245, "first.data.ext": 1, "first.randoms.ext": 1, "second.data.N": 141644, "second.data.W": 141644.0, "second.data.W2": 133103.67248043418, "second.data.num_per_cell": 0.000991699639562027, "second.randoms.N": 2814421, "second.randoms.W": 2814421.0, "second.randoms.W2": 2644562.9684346914, "second.randoms.num_per_cell": 0.019703529539962794, "second.data.ext": 1, "second.randoms.ext": 1}}, "attrs": {"poles": [0], "dk": 0.005, "kmin": 0.0, "kmax": null, "Nmesh": {"__dtype__": "<i8", "__shape__": [3], "__data__": [512, 512, 512]}, "BoxSize": {"__dtype__": "<f8", "__shape__": [3], "__data__": [2663.0, 5792.0, 2971.0]}, "BoxPad": {"__dtype__": "<f8", "__shape__": [3], "__data__": [0.1, 0.1, 0.1]}, "BoxCenter": {"__dtype__": "<f8", "__shape__": [3], "__data__": [2583.5336128855433, 46.85570351032243, 888.9150685466709]}, "mesh.resampler": "tsc", "mesh.interlaced": true, "alpha": 0.05032793601241605, "data.norm": 1.8492208841836852,