{"poles": {"dims": ["k"], "edges": [{"__dtype__": "<f8", "__shape__": [46], "__data__": [0.0, 0.005, 0.01, 0.015, 0.02, 0.025, 0.03, 0.035, 0.04, 0.045, 0.05, 0.055, 0.06, 0.065, 0.07, 0.075, 0.08, 0.085, 0.09, 0.095, 0.1, 0.105, 0.11, 0.115, 0.12, 0.125, 0.13, 0.135, 0.14, 0.145, 0.15, 0.155, 0.16, 0.165, 0.17, 0.17500000000000002, 0.18, 0.185, 0.19, 0.195, 0.2, 0.20500000000000002, 0.21, 0.215, 0.22, 0.225]}], "coords": [{"__dtype__": "<f8", "__shape__": [45], "__data__": [0.0025, 0.0075, 0.0125, 0.0175, 0.0225, 0.0275, 0.0325, 0.037500000000000006, 0.042499999999999996, 0.0475, 0.052500000000000005, 0.057499999999999996, 0.0625, 0.0675, 0.07250000000000001, 0.0775, 0.0825, 0.0875, 0.0925, 0.0975, 0.10250000000000001, 0.1075, 0.1125, 0.1175, 0.1225, 0.1275, 0.1325, 0.1375, 0.14250000000000002, 0.1475, 0.1525, 0.1575, 0.1625, 0.1675, 0.17250000000000001, 0.1775, 0.1825, 0.1875, 0.1925, 0.1975, 0.2025, 0.20750000000000002, 0.2125, 0.2175, 0.2225]}], "data": {"__dtype__": [["k", "<f8"], ["power_0", "<c8"], ["modes", "<i8"]], "__shape__": [45], "__data__": [[0.0038152793714299952, {"__complex__": [97542.171875, 1.0892151845178985e-13]}, 167], [0.008051584743020482, {"__complex__": [102432.90625, -2.353590683890766e-13]}, 1082], [0.012816758905985177, {"__complex__": [96246.6953125, 3.41823500114944e-14]}, 2980], [0.01772555779229048, {"__complex__": [103736.5234375, -3.5089014078235406e-14]}, 5806], [0.02266801816405051, {"__complex__": [112674.90625, 4.579914599693938e-14]}, 9532], [0.027646133818521913, {"__complex__": [102974.328125, 3.4927027497402494e-14]}, 14374], [0.03263709560724544, {"__complex__": [96546.3203125, 3.282386840629259e-14]}, 19950], [0.03761925147537624, {"__complex__": [93524.6796875, 1.5361696357779793e-14]}, 26524], [0.042606103979671225, {"__complex__": [93059.0390625, -1.706268992300575e-15]}, 34114], [0.04759096408307412, {"__complex__": [89379.296875, -6.777030989884615e-15]}, 42408], [0.0525761043915916, {"__complex__": [86613.4609375, 1.0073240222366938e-14]}, 52006], [0.05757446588150428, {"__complex__": [84548.28125, -1.4197644389356626e-14]}, 62394], [0.06257001248576162, {"__complex__": [84229.65625, -6.922702022087515e-15]}, 73572], [0.06756316294384057, {"__complex__": [82629.7109375, 3.387238433955644e-16]}, 85922], [0.07255549172586793, {"__complex__": [81652.25, 1.6929047817445045e-14]}, 98852], [0.07755375372143743, {"__complex__": [79622.5, 9.361856213483625e-15]}, 113470], [0.08255458597627638, {"__complex__": [78628.9921875, -3.859141823513374e-15]}, 128206], [0.08755213064872978, {"__complex__": [77185.703125, 8.115650519506263e-15]}, 144342], [0.09254427968228933, {"__complex__": [76421.15625, 1.1849209967710293e-14]}, 160880], [0.09753888902764196, {"__complex__": [75668.390625, 1.3804214526015948e-15]}, 179208], [0.10254023999497845, {"__complex__": [75617.5859375, -6.684152980185234e-15]}, 198114], [0.10753618225873669, {"__complex__": [74551.5703125, -5.554626074692152e-15]}, 217442], [0.11253610626832515, {"__complex__": [73607.28125, 1.45000080464721e-14]}, 238852], [0.11753656640114812, {"__complex__": [73593.6875, -1.0076495581741473e-15]}, 259946], [0.12253438215602365, {"__complex__": [72372.8046875, 5.1451464590133325e-17]}, 282828], [0.12753408418636553, {"__complex__": [72636.0546875, -1.1400227025007469e-15]}, 306350], [0.13253011077143156, {"__complex__": [71791.8671875, 5.638877053823748e-15]}, 330322], [0.13752997884301332, {"__complex__": [72270.40625, 8.157360327653196e-16]}, 356780], [0.14253094919905862, {"__complex__": [71503.1640625, 8.373581898703209e-16]}, 382324], [0.14752678670028332, {"__complex__": [71486.0859375, 1.021370221370246e-15]}, 409614], [0.152527257895175, {"__complex__": [70470.6640625, 9.951569868724489e-16]}, 438682], [0.157527748772444, {"__complex__": [70354.5546875, 4.985175882769334e-16]}, 467046], [0.16252557092817768, {"__complex__": [69763.46875, 1.403891041504117e-15]}, 497540], [0.16752632018465533, {"__complex__": [69735.3515625, 6.328283204703772e-16]}, 528886], [0.17252647094070858, {"__complex__": [70016.859375, -2.5967942226601867e-15]}, 560380], [0.17752427425229794, {"__complex__": [69652.9375, 1.4219281845994237e-15]}, 593568], [0.18252368398591506, {"__complex__": [69477.25, 1.3450890613936578e-15]}, 627476], [0.18752326345304018, {"__complex__": [69388.5625, 2.6639667941136497e-16]}, 662328], [0.19252255655222103, {"__complex__": [69252.234375, -1.6674924857197631e-16]}, 698146], [0.19752054041982678, {"__complex__": [69348.796875, -4.775719563869041e-15]}, 734342], [0.2025187919007513, {"__complex__": [69045.4375, 2.3727298676724275e-15]}, 772756], [0.20751942102775844, {"__complex__": [68892.015625, 8.072457980185161e-16]}, 811198], [0.2125201020269969, {"__complex__": [68986.5859375, -5.386571032187754e-16]}, 850978], [0.21751801106772334, {"__complex__": [68653.28125, -8.497392175207778e-16]}, 890508], [0.22251570040130988, {"__complex__": [68895.9765625, 1.498300486772134e-15]}, 932379]]}, "attrs": {"poles": [0], "dk": 0.005, "kmin": 0.0, "kmax": null, "Nmesh": {"__dtype__": "<i8", "__shape__": [3], "__data__": [512, 512, 512]}, "BoxSize": {"__dtype__": "<f8", "__shape__": [3], "__data__": [3426.0, 7188.0, 3020.0]}, "BoxPad": {"__dtype__": "<f8", "__shape__": [3], "__data__": [0.1, 0.1, 0.1]}, "BoxCenter": {"__dtype__": "<f8", "__shape__": [3], "__data__": [-1750.408447628176, 36.58076918624147, 1912.0851083613902]}, "mesh.resampler": "tsc", "mesh.interlaced": true, "alpha": 0.049772038133618246, "data.norm": 1.785527013922375, "randoms.norm": 1.784779572778983, "shotnoise": 66880.9220069918, "first.data.N": 239306, "first.data.W": 239306.0, "first.data.W2": 206157.85573524132, "first.data.num_per_cell": 0.0015359957198444107, "first.randoms.N": 4808041, "first.randoms.W": 4808041.0, "first.randoms.W2": 4141744.0108818393, "first.randoms.num_per_cell": 0.030858397564901704, "first.data.ext": 1, "first.randoms.ext": 1, "second.data.N": 239306, "second.data.W": 239306.0, "second.data.W2": 122094.96853831001, "second.data.num_per_cell": 0.0009096784035735578, "second.randoms.N": 4808041, "second.randoms.W": 4808041.0, "second.randoms.W2": 2451952.335954616, "second.randoms.num_per_cell": 0.018268468498845516, "second.data.ext": 1, "second.randoms.ext": 1}}, "attrs": {"poles": [0], "dk": 0.005, "kmin": 0.0, "kmax": null, "Nmesh": {"__dtype__": "<i8", "__shape__": [3], "__data__": [512, 512, 512]}, "BoxSize": {"__dtype__": "<f8", "__shape__": [3], "__data__": [3426.0, 7188.0, 3020.0]}, "BoxPad": {"__dtype__": "<f8", "__shape__": [3], "__data__": [0.1, 0.1, 0.1]}, "BoxCenter": {"__dtype__": "<f8", "__shape__": [3], "__data__": [-1750.408447628176, 36.58076918624147, 1912.0851083613902]}, "mesh.resampler": "tsc", "mesh.interlaced": true, "alpha": 0.049772038133618246, "data.norm": 1.785527013922375, "randoms.norm": 1.784779572778983, "shotnoise": 66880.9220069918, "first.data.N": 239306, "first.data.W": 239306.0, "first.data.W2": 206157.85573524132, "first.data.num_per_cell": 0.0015359957198444107, "first.randoms.N": 4808041, "first.randoms.W": 4808041.0, "first.randoms.W2": 4141744.0108818393, "first.randoms.num_per_cell": 0.030858397564901704, "first.data.ext": 1, "first.randoms.ext": 1, "second.data.N": 239306, "second.data.W": 239306.0, "second.data.W2": 122094.96853831001, "second.data.num_per_cell": 0.0009096784035735578, "second.randoms.N": 4808041, "second.randoms.W": 4808041.0, "second.randoms.W2": 2451952.335954616, "second.randoms.num_per_cell": 0.018268468498845516, "second.data.ext": 1, "second.randoms.ext": 1, "p": 1.6, "zmin": 0.8, "zmax": 2.2, "P0_FKP": 30000.0, "z-weighted": true, "hashkeys": ["Nmesh", "P0_FKP", "dk", "kmin", "mesh.window", "mesh.interlaced", "poles", "p", "BoxPad", "zmin", "zmax", "z-weighted"]}}