{"poles": {"dims": ["k"], "edges": [{"__dtype__": "<f8", "__shape__": [57], "__data__": [0.0, 0.005, 0.01, 0.015, 0.02, 0.025, 0.03, 0.035, 0.04, 0.045, 0.05, 0.055, 0.06, 0.065, 0.07, 0.075, 0.08, 0.085, 0.09, 0.095, 0.1, 0.105, 0.11, 0.115, 0.12, 0.125, 0.13, 0.135, 0.14, 0.145, 0.15, 0.155, 0.16, 0.165, 0.17, 0.17500000000000002, 0.18, 0.185, 0.19, 0.195, 0.2, 0.20500000000000002, 0.21, 0.215, 0.22, 0.225, 0.23, 0.23500000000000001, 0.24, 0.245, 0.25, 0.255, 0.26, 0.265, 0.27, 0.275, 0.28]}], "coords": [{"__dtype__": "<f8", "__shape__": [56], "__data__": [0.0025, 0.0075, 0.0125, 0.0175, 0.0225, 0.0275, 0.0325, 0.037500000000000006, 0.042499999999999996, 0.0475, 0.052500000000000005, 0.057499999999999996, 0.0625, 0.0675, 0.07250000000000001, 0.0775, 0.0825, 0.0875, 0.0925, 0.0975, 0.10250000000000001, 0.1075, 0.1125, 0.1175, 0.1225, 0.1275, 0.1325, 0.1375, 0.14250000000000002, 0.1475, 0.1525, 0.1575, 0.1625, 0.1675, 0.17250000000000001, 0.1775, 0.1825, 0.1875, 0.1925, 0.1975, 0.2025, 0.20750000000000002, 0.2125, 0.2175, 0.2225, 0.2275, 0.2325, 0.2375, 0.2425, 0.2475, 0.2525, 0.2575, 0.2625, 0.2675, 0.2725, 0.2775]}], "data": {"__dtype__": [["k", "<f8"], ["power_0", "<c8"], ["modes", "<i8"]], "__shape__": [56], "__data__": [[0.0038157919695032093, {"__complex__": [111404.8203125, 9.545192327514718e-13]}, 101], [0.008101287750118782, {"__complex__": [95673.3125, 4.217946589332895e-14]}, 690], [0.012885724029577111, {"__complex__": [114134.375, 2.0451340816164676e-13]}, 1850], [0.017772114903636425, {"__complex__": [109570.2578125, 3.859385684298888e-14]}, 3582], [0.02268528818940237, {"__complex__": [106300.2109375, -4.971614567646438e-15]}, 5854], [0.027643321091147997, {"__complex__": [105753.3046875, 6.715634992549013e-14]}, 8830], [0.03262474575702966, {"__complex__": [93406.7421875, 8.2856195388341e-15]}, 12294], [0.037614971320320566, {"__complex__": [96672.34375, -2.970321606949114e-14]}, 16412], [0.04261823797317947, {"__complex__": [94213.75, 2.1730603156754763e-14]}, 21094], [0.04760011991392413, {"__complex__": [90898.2890625, -4.456600748023931e-15]}, 26122], [0.05258079966824842, {"__complex__": [87048.015625, -1.436163843827453e-14]}, 32044], [0.057572469929275574, {"__complex__": [84808.6875, -2.6397506515472412e-15]}, 38416], [0.06256674881759938, {"__complex__": [84223.0625, 1.0883526339270505e-14]}, 45460], [0.06756483472009625, {"__complex__": [83101.34375, 4.12188863795502e-16]}, 52956], [0.0725555163187225, {"__complex__": [82211.8046875, 6.083776027171386e-15]}, 60994], [0.07754836565143162, {"__complex__": [81175.484375, 9.016767367475698e-15]}, 69800], [0.08254716337907124, {"__complex__": [80469.546875, -2.5747139795493984e-15]}, 79126], [0.08754784845012746, {"__complex__": [78572.1171875, 9.065341318868943e-15]}, 89090], [0.09254749661094816, {"__complex__": [77306.7265625, 3.2202274124982968e-15]}, 99416], [0.0975448809077052, {"__complex__": [77303.0625, 2.634212326621619e-15]}, 110484], [0.1025454917260662, {"__complex__": [75727.828125, -6.427524443540283e-15]}, 122256], [0.10754406117840841, {"__complex__": [76007.9609375, 2.8207694274302473e-15]}, 134130], [0.112538276415947, {"__complex__": [75731.5859375, -4.7016376387857065e-15]}, 147016], [0.1175353845127184, {"__complex__": [74425.9765625, 2.3245364458307364e-15]}, 160416], [0.12253537888820862, {"__complex__": [75144.1953125, -7.19396728806102e-16]}, 174466], [0.1275346697477818, {"__complex__": [74899.5390625, 8.859590345596414e-16]}, 188888], [0.13253302027323527, {"__complex__": [73935.265625, 3.4777184404417892e-15]}, 203986], [0.1375289788548651, {"__complex__": [73533.15625, -1.782250282889009e-15]}, 219432], [0.14252780304231252, {"__complex__": [72981.0546875, -1.6017382444666979e-15]}, 236212], [0.14752844715441632, {"__complex__": [72701.4921875, -5.326722860508318e-16]}, 252698], [0.1525296663585995, {"__complex__": [72213.734375, -2.797059069412468e-15]}, 270534], [0.15752867295434872, {"__complex__": [72168.1953125, -2.4509743244168066e-15]}, 287954], [0.16252153097545408, {"__complex__": [72222.34375, -3.0522944486174224e-15]}, 306314], [0.1675208748396146, {"__complex__": [72264.328125, -2.440414788179861e-15]}, 326468], [0.17252194582543193, {"__complex__": [72306.8359375, -4.2275634626028416e-15]}, 345506], [0.17752234526962904, {"__complex__": [71569.578125, -8.438068105164455e-17]}, 366468], [0.18252683805290237, {"__complex__": [71600.8046875, -3.0706502878591335e-15]}, 387416], [0.18752605637494166, {"__complex__": [71665.265625, -1.7117466484913501e-15]}, 408058], [0.19252262580468882, {"__complex__": [71460.2421875, 4.774915835481215e-16]}, 430470], [0.19751984317757126, {"__complex__": [71160.9375, 2.730841421727916e-15]}, 452942], [0.20251855664131738, {"__complex__": [71111.46875, -4.580241194422575e-16]}, 476566], [0.20752060605999192, {"__complex__": [70893.3359375, 1.0682667298905725e-15]}, 500608], [0.2125223146360093, {"__complex__": [71005.2890625, -3.160626997955932e-15]}, 524870], [0.21752171237509163, {"__complex__": [70663.6875, 3.161876371553132e-15]}, 549400], [0.22252038578357472, {"__complex__": [70596.7890625, -6.829937408923948e-16]}, 575264], [0.22752037712787362, {"__complex__": [70294.875, 1.4153817845874504e-15]}, 601454], [0.23251919416128514, {"__complex__": [70412.4375, 9.44616436733916e-16]}, 627758], [0.23751829547585424, {"__complex__": [70353.0078125, 5.604522668032534e-16]}, 655606], [0.24251704316148529, {"__complex__": [70102.015625, 8.445026480826149e-16]}, 682792], [0.24751432530032616, {"__complex__": [70205.5859375, -2.8533808311742483e-15]}, 711434], [0.25251510609338096, {"__complex__": [70067.0078125, -6.869499141516644e-16]}, 741418], [0.25751534154404787, {"__complex__": [70146.3671875, -5.268666692907916e-16]}, 769900], [0.26251338239246985, {"__complex__": [69927.0859375, -1.9733392217236847e-15]}, 800568], [0.26751570956271375, {"__complex__": [70247.046875, 1.8575968281625945e-15]}, 832334], [0.272516104396768, {"__complex__": [69902.875, -2.0109612488671685e-15]}, 862024], [0.277511490900657, {"__complex__": [69980.875, 1.3847872721699803e-15]}, 893215]]}, "attrs": {"poles": [0], "dk": 0.005, "kmin": 0.0, "kmax": null, "Nmesh": {"__dtype__": "<i8", "__shape__": [3], "__data__": [512, 512, 512]}, "BoxSize": {"__dtype__": "<f8", "__shape__": [3], "__data__": [2665.0, 5795.0, 2970.0]}, "BoxPad": {"__dtype__": "<f8", "__shape__": [3], "__data__": [0.1, 0.1, 0.1]}, "BoxCenter": {"__dtype__": "<f8", "__shape__": [3], "__data__": [2583.239703814265, 46.4721624581523, 889.9287574429981]}, "mesh.resampler": "tsc", "mesh.interlaced": true, "alpha": 0.050034740427200686, "data.norm": 3.169806153244605, "randoms.norm": 3.1695440750814194, "shotnoise": 69013.68611815655, "first.data.N": 140856, "first.data.W": 140856.0, "first.data.W2": 125480.22505471646, "first.data.num_per_cell": 0.0009349005300903056, "first.randoms.N": 2815164, "first.randoms.W": 2815164.0, "first.randoms.W2": 2507807.3464889685, "first.randoms.num_per_cell": 0.01868462075657374, "first.data.ext": 1, "first.randoms.ext": 1, "second.data.N": 140856, "second.data.W": 140856.0, "second.data.W2": 227694.78365206718, "second.data.num_per_cell": 0.0016964583370988606, "second.randoms.N": 2815164, "second.randoms.W": 2815164.0, "second.randoms.W2": 4550410.730904341, "second.randoms.num_per_cell": 0.033903201899709856, "second.data.ext": 1, "second.randoms.ext": 1}}, "attrs": {"poles": [0], "dk": 0.005, "kmin": 0.0, "kmax": null, "Nmesh": {"__dtype__": "<i8", "__shape__": [3], "__data__": [512, 512, 512]}, "BoxSize": {"__dtype__": "<f8", "__shape__": [3], "__data__": [2665.0, 5795.0, 2970.0]}, "BoxPad": {"__dtype__": "<f8", "__shape__": [3], "__data__": [0.1, 0.1, 0.1]}, "BoxCenter": {"__dtype__": "<f8", "__shape__": [3], "__data__": [2583.239703814265, 46.4721624581523, 889.9287574429981]}, "mesh.resampler": "tsc", "mesh.interlaced": true, "alpha": 0.050034740427200686, "data.norm": 3.169806153244605, "randoms.norm": 3.1695440750814194,